{
  "timestamp": "2026-04-19T13:15:02.848520",
  "input_pdb": "pipeline_output_globular80/esm_prediction/z2_globular_80_esm.pdb",
  "n_residues": 78,
  "z2_constant": 33.510321638291124,
  "optimal_contacts": 8,
  "contact_analysis": {
    "mean_contacts": 8.307692307692308,
    "z2_deviation": 0.3076923076923084,
    "contacts_per_residue": [
      8.0,
      8.0,
      10.0,
      7.0,
      8.0,
      9.0,
      9.0,
      8.0,
      6.0,
      9.0,
      7.0,
      7.0,
      7.0,
      7.0,
      10.0,
      6.0,
      9.0,
      10.0,
      9.0,
      10.0,
      9.0,
      8.0,
      9.0,
      9.0,
      9.0,
      8.0,
      8.0,
      9.0,
      9.0,
      7.0,
      7.0,
      8.0,
      7.0,
      6.0,
      5.0,
      9.0,
      8.0,
      8.0,
      7.0,
      7.0,
      9.0,
      8.0,
      10.0,
      10.0,
      11.0,
      10.0,
      8.0,
      8.0,
      8.0,
      8.0,
      10.0,
      8.0,
      10.0,
      9.0,
      10.0,
      9.0,
      7.0,
      6.0,
      8.0,
      6.0,
      8.0,
      8.0,
      9.0,
      8.0,
      10.0,
      7.0,
      9.0,
      10.0,
      8.0,
      10.0,
      9.0,
      8.0,
      8.0,
      10.0,
      7.0,
      8.0,
      8.0,
      9.0
    ]
  },
  "surface_analysis": {
    "n_surface_residues": 78,
    "surface_fraction": 1.0,
    "accessibility": [
      0.6292012767197943,
      0.6309693100016751,
      0.5379950736344159,
      0.6694099301151839,
      0.6086781445287808,
      0.5642262875275559,
      0.5764689133785899,
      0.6184187688222296,
      0.71167404413271,
      0.5732248958036207,
      0.6687194128091902,
      0.6738893830357595,
      0.6645450445090448,
      0.651177273720022,
      0.5298468824614251,
      0.7078994604435216,
      0.5688745043649708,
      0.512041370869925,
      0.5722763508656685,
      0.516960251615544,
      0.5779100282708719,
      0.6055396994416389,
      0.5674341883862917,
      0.5627175319821949,
      0.5736087903373868,
      0.6247559737839032,
      0.6290432959328106,
      0.5695314457529173,
      0.5656942950808445,
      0.6632580662274276,
      0.6639226991649185,
      0.6224612958732882,
      0.6698929887856122,
      0.716368914532636,
      0.7590967283438167,
      0.5759150432357356,
      0.6363636363636364,
      0.6304918097519137,
      0.6664572533398595,
      0.6776676403754864,
      0.5801076200266533,
      0.6287716421512679,
      0.5204790258146101,
      0.5353422992793451,
      0.478164957709623,
      0.5379585188485463,
      0.6057893172160104,
      0.6272722563975244,
      0.6321351648900952,
      0.6261453598600538,
      0.5341051957115643,
      0.6219533564279298,
      0.5304549631708233,
      0.5700361759636363,
      0.5215793236204492,
      0.5623546687215231,
      0.6640146759847626,
      0.7045244584367598,
      0.6203414687861288,
      0.7172488953741389,
      0.6273531975685112,
      0.6173733630510159,
      0.5731138411449108,
      0.6038342018496515,
      0.5177318739193285,
      0.6670385252505069,
      0.5695899594769189,
      0.5267222711785995,
      0.61813866619261,
      0.5183804510414537,
      0.5585796187167369,
      0.6182640281756937,
      0.6180049195488122,
      0.5287813056451548,
      0.6626509817659917,
      0.6210419470770466,
      0.6142662082928858,
      0.5585159409433833
    ]
  },
  "interface_prediction": {
    "n_interface_residues": 43,
    "n_hotspots": 16,
    "interface_fraction": 0.5512820512820513,
    "top_interface_residues": [
      {
        "residue_idx": 34,
        "residue": "Y35",
        "aa": "Y",
        "contacts": 5,
        "contact_deficiency": 3.0,
        "accessibility": 0.7590967283438167,
        "interface_propensity": 1.53,
        "hotspot_propensity": 1.67,
        "interface_score": 1.8448193456687634,
        "is_hotspot": true
      },
      {
        "residue_idx": 59,
        "residue": "R60",
        "aa": "R",
        "contacts": 6,
        "contact_deficiency": 2.0,
        "accessibility": 0.7172488953741389,
        "interface_propensity": 1.15,
        "hotspot_propensity": 1.95,
        "interface_score": 1.4784497790748277,
        "is_hotspot": true
      },
      {
        "residue_idx": 15,
        "residue": "M16",
        "aa": "M",
        "contacts": 6,
        "contact_deficiency": 2.0,
        "accessibility": 0.7078994604435216,
        "interface_propensity": 1.29,
        "hotspot_propensity": 1.38,
        "interface_score": 1.4045798920887043,
        "is_hotspot": true
      },
      {
        "residue_idx": 33,
        "residue": "I34",
        "aa": "I",
        "contacts": 6,
        "contact_deficiency": 2.0,
        "accessibility": 0.716368914532636,
        "interface_propensity": 1.15,
        "hotspot_propensity": 1.21,
        "interface_score": 1.3302737829065272,
        "is_hotspot": false
      },
      {
        "residue_idx": 8,
        "residue": "I9",
        "aa": "I",
        "contacts": 6,
        "contact_deficiency": 2.0,
        "accessibility": 0.71167404413271,
        "interface_propensity": 1.15,
        "hotspot_propensity": 1.21,
        "interface_score": 1.329334808826542,
        "is_hotspot": false
      },
      {
        "residue_idx": 57,
        "residue": "V58",
        "aa": "V",
        "contacts": 6,
        "contact_deficiency": 2.0,
        "accessibility": 0.7045244584367598,
        "interface_propensity": 1.04,
        "hotspot_propensity": 0.95,
        "interface_score": 1.2429048916873517,
        "is_hotspot": false
      },
      {
        "residue_idx": 56,
        "residue": "Y57",
        "aa": "Y",
        "contacts": 7,
        "contact_deficiency": 1.0,
        "accessibility": 0.6640146759847626,
        "interface_propensity": 1.53,
        "hotspot_propensity": 1.67,
        "interface_score": 1.2258029351969524,
        "is_hotspot": true
      },
      {
        "residue_idx": 10,
        "residue": "R11",
        "aa": "R",
        "contacts": 7,
        "contact_deficiency": 1.0,
        "accessibility": 0.6687194128091902,
        "interface_propensity": 1.15,
        "hotspot_propensity": 1.95,
        "interface_score": 1.168743882561838,
        "is_hotspot": true
      },
      {
        "residue_idx": 65,
        "residue": "F66",
        "aa": "F",
        "contacts": 7,
        "contact_deficiency": 1.0,
        "accessibility": 0.6670385252505069,
        "interface_propensity": 1.27,
        "hotspot_propensity": 1.43,
        "interface_score": 1.1004077050501013,
        "is_hotspot": true
      },
      {
        "residue_idx": 29,
        "residue": "M30",
        "aa": "M",
        "contacts": 7,
        "contact_deficiency": 1.0,
        "accessibility": 0.6632580662274276,
        "interface_propensity": 1.29,
        "hotspot_propensity": 1.38,
        "interface_score": 1.0956516132454857,
        "is_hotspot": true
      },
      {
        "residue_idx": 3,
        "residue": "L4",
        "aa": "L",
        "contacts": 7,
        "contact_deficiency": 1.0,
        "accessibility": 0.6694099301151839,
        "interface_propensity": 1.14,
        "hotspot_propensity": 1.18,
        "interface_score": 1.0118819860230368,
        "is_hotspot": false
      },
      {
        "residue_idx": 11,
        "residue": "Q12",
        "aa": "Q",
        "contacts": 7,
        "contact_deficiency": 1.0,
        "accessibility": 0.6738893830357595,
        "interface_propensity": 0.98,
        "hotspot_propensity": 1.08,
        "interface_score": 0.944777876607152,
        "is_hotspot": false
      },
      {
        "residue_idx": 12,
        "residue": "D13",
        "aa": "D",
        "contacts": 7,
        "contact_deficiency": 1.0,
        "accessibility": 0.6645450445090448,
        "interface_propensity": 0.79,
        "hotspot_propensity": 1.35,
        "interface_score": 0.939909008901809,
        "is_hotspot": true
      },
      {
        "residue_idx": 32,
        "residue": "V33",