{
  "timestamp": "2026-04-17T19:48:51.226473",
  "framework_constants": {
    "Z": 5.788810036466141,
    "Z_squared": 33.510321638291124,
    "orbifold_dims": 3,
    "fixed_points": 8,
    "compression_ratio": 2.6666666666666665
  },
  "orbifold_projection": {
    "test_points": [
      [
        0.5,
        1.0,
        0.3
      ],
      [
        4.0,
        5.0,
        3.5
      ],
      [
        3.141592653589793,
        3.141592653589793,
        3.141592653589793
      ],
      [
        9.42477796076938,
        6.283185307179586,
        3.141592653589793
      ]
    ],
    "projected_points": [
      [
        0.5,
        1.0,
        0.3
      ],
      [
        2.2831853071795862,
        1.2831853071795862,
        2.7831853071795862
      ],
      [
        3.141592653589793,
        3.141592653589793,
        3.141592653589793
      ],
      [
        3.141592653589793,
        0.0,
        3.141592653589793
      ]
    ]
  },
  "fixed_points": [
    [
      0.0,
      0.0,
      0.0
    ],
    [
      0.0,
      0.0,
      3.141592653589793
    ],
    [
      0.0,
      3.141592653589793,
      0.0
    ],
    [
      0.0,
      3.141592653589793,
      3.141592653589793
    ],
    [
      3.141592653589793,
      0.0,
      0.0
    ],
    [
      3.141592653589793,
      0.0,
      3.141592653589793
    ],
    [
      3.141592653589793,
      3.141592653589793,
      0.0
    ],
    [
      3.141592653589793,
      3.141592653589793,
      3.141592653589793
    ]
  ],
  "training_comparison": {
    "standard": {
      "final_loss": 0.3352987290820391,
      "epochs_to_converge": 50,
      "loss_history": [
        0.3352987290820391,
        0.3352987290820391,
        0.3352987290820391,
        0.3352987290820391,
        0.3352987290820391,
        0.3352987290820391,
        0.3352987290820391,
        0.3352987290820391,
        0.3352987290820391,
        0.3352987290820391,
        0.3352987290820391,
        0.3352987290820391,
        0.3352987290820391,
        0.3352987290820391,
        0.3352987290820391,
        0.3352987290820391,
        0.3352987290820391,
        0.3352987290820391,
        0.3352987290820391,
        0.3352987290820391,
        0.3352987290820391,
        0.3352987290820391,
        0.3352987290820391,
        0.3352987290820391,
        0.3352987290820391,
        0.3352987290820391,
        0.3352987290820391,
        0.3352987290820391,
        0.3352987290820391,
        0.3352987290820391,
        0.3352987290820391,
        0.3352987290820391,
        0.3352987290820391,
        0.3352987290820391,
        0.3352987290820391,
        0.3352987290820391,
        0.3352987290820391,
        0.3352987290820391,
        0.3352987290820391,
        0.3352987290820391,
        0.3352987290820391,
        0.3352987290820391,
        0.3352987290820391,
        0.3352987290820391,
        0.3352987290820391,
        0.3352987290820391,
        0.3352987290820391,
        0.3352987290820391,
        0.3352987290820391,
        0.3352987290820391
      ]
    },
    "orbifold": {
      "final_loss": 0.32533210146293645,
      "epochs_to_converge": 50,
      "loss_history": [
        0.32533210146293645,
        0.32533210146293645,
        0.32533210146293645,
        0.32533210146293645,
        0.32533210146293645,
        0.32533210146293645,
        0.32533210146293645,
        0.32533210146293645,
        0.32533210146293645,
        0.32533210146293645,
        0.32533210146293645,
        0.32533210146293645,
        0.32533210146293645,
        0.32533210146293645,
        0.32533210146293645,
        0.32533210146293645,
        0.32533210146293645,
        0.32533210146293645,
        0.32533210146293645,
        0.32533210146293645,
        0.32533210146293645,
        0.32533210146293645,
        0.32533210146293645,
        0.32533210146293645,
        0.32533210146293645,
        0.32533210146293645,
        0.32533210146293645,
        0.32533210146293645,
        0.32533210146293645,
        0.32533210146293645,
        0.32533210146293645,
        0.32533210146293645,
        0.32533210146293645,
        0.32533210146293645,
        0.32533210146293645,
        0.32533210146293645,
        0.32533210146293645,
        0.32533210146293645,
        0.32533210146293645,
        0.32533210146293645,
        0.32533210146293645,
        0.32533210146293645,
        0.32533210146293645,
        0.32533210146293645,
        0.32533210146293645,
        0.32533210146293645,
        0.32533210146293645,
        0.32533210146293645,
        0.32533210146293645,
        0.32533210146293645
      ]
    },
    "loss_improvement_percent": 2.9724620926505456,
    "theoretical_speedup": 33.510321638291124
  },
  "landscape_analysis": {
    "local_minima_euclidean": 50,
    "local_minima_orbifold": 50,
    "saddle_points_euclidean": 409,
    "saddle_points_orbifold": 72,
    "convergence_ratio": 1.0,
    "fixed_point_losses": [
      0.8488202393451152,
      0.9820974588615338,
      0.851714722797102,
      0.9347942817080915,
      0.9161269833281376,
      1.1175836420848901,
      0.8919703468358845,
      1.0041414403380258
    ],
    "global_minimum_fixed_point": 1
  },
  "attention_test": {
    "input_shape": [
      8,
      16
    ],
    "output_shape": [
      8,
      16
    ],
    "orbifold_scale": 0.08637353736783387,
    "standard_scale": 0.5,
    "correction_factor": 5.788810036466141
  },
  "summary": {
    "local_minima_reduction": 1.0,
    "convergence_speedup": 33.510321638291124,
    "loss_improvement_percent": 2.9724620926505456,
    "prior_art_components": [
      "Z2OrbifoldOptimizer",
      "Z2OrbifoldAutoencoder",
      "OrbifoldEncoder",
      "OrbifoldDecoder",
      "OrbifoldAttention",
      "OrbifoldLinear"
    ],
    "license": "AGPL-3.0-or-later"
  }
}