{
  "timestamp": "2026-04-11T22:46:50.516922",
  "target": 137.035999084,
  "prediction": 137.0412865531645,
  "error_percent": 0.003858452669257427,
  "Z_squared": 33.510321638291124,
  "sources_of_4": [
    "BEKENSTEIN = 4",
    "2\u03c7(S\u00b2) = 4",
    "rank(G_SM) = 4",
    "GAUGE/N_gen = 4",
    "CUBE/2 = 4",
    "spacetime dims = 4"
  ],
  "sources_of_3": [
    "N_gen = 3",
    "b\u2081(T\u00b3) = 3",
    "dim(T\u00b3) = 3",
    "BEKENSTEIN - 1 = 3",
    "GAUGE/4 = 3",
    "CUBE - 5 = 3",
    "rank(SU(2)) = 1 \u00d7 3"
  ],
  "key_insight": "\u03b1\u207b\u00b9 = (boundary \u00d7 geometry) + internal = 2\u03c7(S\u00b2) \u00d7 Z\u00b2 + b\u2081(T\u00b3)"
}