{
  "timestamp": "20260416_124541",
  "Z_constant": 5.788810036466141,
  "lambda_geometric": 0.22859251268594388,
  "lambda_experimental": 0.2265,
  "lambda_discrepancy_pct": 0.9238466604608723,
  "CKM": {
    "matrix_magnitude": [
      [
        0.9580875703849889,
        0.13440383605060893,
        0.25298975538284285
      ],
      [
        0.24257449305958703,
        0.8504165846061932,
        0.46685034855253393
      ],
      [
        0.15240020600600904,
        0.5086523778393441,
        0.847376501755688
      ]
    ],
    "comparison": {
      "V_ud": {
        "predicted": 0.9580875703849889,
        "pdg": 0.97373,
        "error_pct": 1.6064442520011764
      },
      "V_us": {
        "predicted": 0.13440383605060893,
        "pdg": 0.2243,
        "error_pct": 40.07853943352254
      },
      "V_ub": {
        "predicted": 0.25298975538284285,
        "pdg": 0.00382,
        "error_pct": 6522.768465519446
      },
      "V_cd": {
        "predicted": 0.24257449305958703,
        "pdg": 0.221,
        "error_pct": 9.762214054111778
      },
      "V_cs": {
        "predicted": 0.8504165846061932,
        "pdg": 0.975,
        "error_pct": 12.777786194236596
      },
      "V_cb": {
        "predicted": 0.46685034855253393,
        "pdg": 0.0408,
        "error_pct": 1044.2410503738577
      },
      "V_td": {
        "predicted": 0.15240020600600904,
        "pdg": 0.0086,
        "error_pct": 1672.095418674524
      },
      "V_ts": {
        "predicted": 0.5086523778393441,
        "pdg": 0.0415,
        "error_pct": 1125.6683803357691
      },
      "V_tb": {
        "predicted": 0.847376501755688,
        "pdg": 0.99914,
        "error_pct": 15.189412719369857
      }
    },
    "rms_error_pct": 2302.2230410962256,
    "unitarity_violation": 6.661338147750939e-16
  },
  "PMNS": {
    "matrix_magnitude": [
      [
        0.9897182974750117,
        0.13695959442927147,
        0.04122815951427323
      ],
      [
        0.0028691534869910392,
        0.3072003915703275,
        0.9516405242408001
      ],
      [
        0.1430016069889881,
        0.9417377495421996,
        0.3044348066265753
      ]
    ],
    "mixing_angles": {
      "theta_12": 7.878690326127909,
      "theta_23": 72.26025264419606,
      "theta_13": 2.3628692454698674
    },
    "comparison": {
      "theta_12": {
        "predicted": 7.878690326127909,
        "pdg": 33.44,
        "error_pct": 76.43932318741655
      },
      "theta_23": {
        "predicted": 72.26025264419606,
        "pdg": 49.2,
        "error_pct": 46.870432203650516
      },
      "theta_13": {
        "predicted": 2.3628692454698674,
        "pdg": 8.57,
        "error_pct": 72.42859690233527
      }
    },
    "rms_error_pct": 66.54749981165905,
    "unitarity_violation": 6.661338147750939e-16
  },
  "parameters": {
    "quantum_numbers": {
      "up_type": [
        2,
        1,
        -2
      ],
      "down_type": [
        1,
        -2,
        -1
      ],
      "leptons": [
        1,
        -2,
        -3
      ],
      "neutrinos": [
        3,
        2,
        1
      ]
    },
    "bulk_masses": {
      "up_type": [
        0.6727470747356677,
        0.5863735373678338,
        0.32725292526433225
      ],
      "down_type": [
        0.5863735373678338,
        0.32725292526433225,
        0.4136264626321661
      ],
      "leptons": [
        0.5863735373678338,
        0.32725292526433225,
        0.24087938789649838
      ]
    }
  }
}