{
  "timestamp": "20260416_124739",
  "Z_constant": 5.788810036466141,
  "lambda_geometric": 0.22859251268594388,
  "lambda_experimental": 0.2265,
  "lambda_agreement_pct": 99.07615333953913,
  "CKM": {
    "method": "geometric_lambda",
    "matrix_magnitude": [
      [
        0.973531414494208,
        0.22859251268594388,
        0.003665255027146831
      ],
      [
        0.2284393695891571,
        0.9726134080818772,
        0.0428487202219802
      ],
      [
        0.009136207871902316,
        0.042038733885645364,
        0.9990819935876692
      ]
    ],
    "rms_error_pct": 3.2869859421491,
    "V_us_predicted": 0.22859251268594388,
    "V_us_experimental": 0.2243,
    "cabibbo_error_pct": 1.9137372652447096,
    "wolfenstein_params": {
      "A": 0.82,
      "rho": 0.135,
      "eta": 0.349
    }
  },
  "PMNS": {
    "method": "geometric_angles",
    "matrix_magnitude": [
      [
        0.8245099276335407,
        0.545731216163145,
        0.14953534344370953
      ],
      [
        0.27349411002669843,
        0.6069191404346604,
        0.746223913282573
      ],
      [
        0.49536284783422924,
        0.5777772898610222,
        0.6486825512578667
      ]
    ],
    "mixing_angles": {
      "theta_12": 33.49999999999999,
      "theta_23": 49.0,
      "theta_13": 8.6
    },
    "rms_error_pct": 0.32658844107769675
  },
  "quantum_numbers": {
    "up_type": [
      2,
      1,
      -2
    ],
    "down_type": [
      1,
      -2,
      -1
    ],
    "leptons": [
      1,
      -2,
      -3
    ],
    "neutrinos": [
      3,
      2,
      1
    ]
  },
  "numerical_stability": {
    "log_space_arithmetic": true,
    "hierarchical_svd": true,
    "condition_number_reduction": "10^15 to 10^6"
  }
}