{
  "Z_squared": 33.510321638291124,
  "Z": 5.788810036466141,
  "GAUGE": 12,
  "BEKENSTEIN": 4,
  "N_gen": 3,
  "alpha_inv": 137.0412865531645,
  "sin2_theta_W": 0.23076923076923078,
  "omega_ratio": 2.1708037636748028,
  "mass_ratio": 1836.919036048705,
  "timestamp": "2026-04-11T07:06:46.060560"
}