{
  "kL_tree": 37,
  "delta_sqrt2": 1.4142135623730951,
  "delta_loop": 0.027777777777777776,
  "delta_total": 1.4419913401508728,
  "kL_stabilized": 38.44199134015087,
  "kL_exact": 38.44247961336007,
  "kL_difference": 0.0004882732091999742,
  "v_predicted_GeV": 246.34025198509167,
  "v_experimental_GeV": 246.22,
  "error_percent": 0.04883924339682809,
  "formula": "kL = GAUGE \u00d7 N_gen + 1 + \u221a2 + 1/(GAUGE \u00d7 N_gen)",
  "physical_interpretation": {
    "tree_level": "Topological Wilson line winding number",
    "sqrt2": "Higgs SU(2) doublet geometric backreaction",
    "one_loop": "Quantum correction (1/N expansion)"
  }
}