{
  "original_kL": 37,
  "original_v_GeV": 1041.799784627093,
  "original_error_pct": 323.11744969015234,
  "corrected_kL": 35.72923016897343,
  "correction_delta": 1.2707698310265663,
  "correction_formula": "(1 - 1/GAUGE) \u00d7 ln(GAUGE/N_gen)",
  "corrected_v_GeV": 3712.5523707326474,
  "corrected_error_pct": 1407.81917420707,
  "experimental_v_GeV": 246.22,
  "physical_interpretation": "Gauge running correction to Wilson line instanton action"
}