{
  "timestamp": "2026-04-16T12:59:00.848651",
  "description": "2-loop RG running of Higgs quartic coupling",
  "input_parameters": {
    "M_Z_GeV": 91.1876,
    "M_t_GeV": 172.76,
    "M_H_GeV": 125.25,
    "M_Pl_GeV": 2.435e+18,
    "v_EW_GeV": 246.22,
    "g1_MZ": 0.46142763587000973,
    "g2_MZ": 0.651748113741204,
    "g3_MZ": 1.2171996941475736,
    "y_t_MZ": 0.933351083931557,
    "lambda_H_MZ": 0.12938347743146458
  },
  "Z2_framework": {
    "Z2": 33.510321638291124,
    "Z": 5.788810036466141,
    "lambda_H_Pl_predicted": 0.007460387957432595,
    "formula": "1/(4*Z^2)"
  },
  "rg_running_results": {
    "lambda_H_Pl_1loop": -0.003947740083186541,
    "lambda_H_Pl_2loop": 0.010748728667453028,
    "lambda_min": 0.010364943789189125,
    "vacuum_stable": true
  },
  "boundary_condition_analysis": {
    "required_lambda_Pl": 0.010748726129531865,
    "lambda_MZ_from_Z2": 0.12725382998233714,
    "discrepancy_percent": -1.6459964528743887,
    "ratio_required_to_predicted": 1.4407730792100673
  },
  "couplings_at_Planck_scale": {
    "g1": 0.6069975742047252,
    "g2": 0.5098614929787484,
    "g3": 0.4959066375517652,
    "y_t": 0.358614400196461,
    "lambda_H_from_SM": 0.010748728667453028
  }
}