{
  "prediction_primary": {
    "value_rad": 4.1887902047863905,
    "value_deg": 239.99999999999997,
    "formula": "4\u03c0/3 = 2\u03c0(N_gen-1)/N_gen"
  },
  "prediction_with_gauge": {
    "value_rad": 4.45058959258554,
    "value_deg": 254.99999999999997,
    "formula": "4\u03c0/3 + \u03c0/GAUGE"
  },
  "allowed_range_deg": [
    225,
    260
  ],
  "jarlskog_invariant": -0.02880881078784787,
  "experimental_comparison": {
    "NH_best_fit_deg": 197,
    "NH_error_deg": 35,
    "IH_best_fit_deg": 286,
    "tension_sigma": 1.2285714285714278
  },
  "falsification_criterion": "\u03b4_CP outside [200\u00b0, 280\u00b0] at 3\u03c3",
  "physical_interpretation": "Holonomy of flavor connection on T\u00b3"
}