{
  "experimental_m_top_GeV": 172.69,
  "experimental_y_top": 0.9918793765177882,
  "predicted_y_top": 1.0,
  "predicted_m_top_GeV": 174.10383166375172,
  "predicted_m_top_pole_GeV": 185.50039576500524,
  "deviation_percent": 0.8120623482211764,
  "geometric_bound": "y \u2264 1 from Wilson line phase |sin(\u03b8)| \u2264 1",
  "topological_protection": "Z\u2082 symmetry of T\u00b3 fixes \u03b8 = \u03c0/2",
  "rg_stability": "Quasi-fixed point at y = 1"
}