{
  "timestamp": "2026-04-19T08:29:01.982273",
  "proteins": {
    "1UBQ": {
      "pdb_id": "1UBQ",
      "n_residues": 76,
      "conditions": {
        "standard": {
          "mean_deviation": 0.3203203269933869,
          "alignment_ratio": 0.7804687337409009,
          "pearson_r": 0.974086944158068,
          "p_value": 1.9119801857135855e-06
        },
        "screened_weak": {
          "mean_deviation": 0.2956683219117012,
          "alignment_ratio": 0.8455420532831391,
          "pearson_r": 0.9813522584732555,
          "p_value": 5.172867194720034e-07
        },
        "screened_strong": {
          "mean_deviation": 0.2504282725272945,
          "alignment_ratio": 0.9982898395497745,
          "pearson_r": 0.9860305907838298,
          "p_value": 1.6382919971967666e-07
        },
        "water_coupled": {
          "mean_deviation": 0.27119526500307145,
          "alignment_ratio": 0.9218450034412238,
          "pearson_r": 0.9854501914283459,
          "p_value": 1.926656105655079e-07
        },
        "randomized_30pct": {
          "mean_deviation": 0.2925081116810333,
          "alignment_ratio": 0.8546771525865018,
          "pearson_r": 0.9785606179368903,
          "p_value": 9.007614373097525e-07
        },
        "randomized_50pct": {
          "mean_deviation": 0.25311895292477005,
          "alignment_ratio": 0.9876779162969395,
          "pearson_r": 0.9772686702806941,
          "p_value": 1.1365310411381632e-06
        }
      },
      "verdict": "Z2_IS_INTRINSIC",
      "ratio_mean": 0.8980834498164133,
      "ratio_std": 0.07864585899714271
    },
    "1LYZ": {
      "pdb_id": "1LYZ",
      "n_residues": 129,
      "conditions": {
        "standard": {
          "mean_deviation": 0.1441338197726937,
          "alignment_ratio": 1.7344992340747132,
          "pearson_r": 0.9873723875371944,
          "p_value": 1.0956373729788858e-07
        },
        "screened_weak": {
          "mean_deviation": 0.1509845330414137,
          "alignment_ratio": 1.6557987428515424,
          "pearson_r": 0.9924031954507015,
          "p_value": 1.4439004308403438e-08
        },
        "screened_strong": {
          "mean_deviation": 0.16413925306763125,
          "alignment_ratio": 1.5230969760596573,
          "pearson_r": 0.9954413564637574,
          "p_value": 1.879069540049593e-09
        },
        "water_coupled": {
          "mean_deviation": 0.11608365038884516,
          "alignment_ratio": 2.153619387076264,
          "pearson_r": 0.9913098585062452,
          "p_value": 2.469160511098402e-08
        },
        "randomized_30pct": {
          "mean_deviation": 0.13802327565615763,
          "alignment_ratio": 1.8112887033836076,
          "pearson_r": 0.9883260570580401,
          "p_value": 8.012192111454835e-08
        },
        "randomized_50pct": {
          "mean_deviation": 0.131968009834289,
          "alignment_ratio": 1.8943985009239943,
          "pearson_r": 0.9909436924957129,
          "p_value": 2.911086580498271e-08
        }
      },
      "verdict": "Z2_IS_INTRINSIC",
      "ratio_mean": 1.795450257394963,
      "ratio_std": 0.19820890466779456
    },
    "5PTI": {
      "pdb_id": "5PTI",
      "n_residues": 58,
      "conditions": {
        "standard": {
          "mean_deviation": 0.16305933644909004,
          "alignment_ratio": 1.533184210387452,
          "pearson_r": 0.9726728504813001,
          "p_value": 2.360706415577437e-06
        },
        "screened_weak": {
          "mean_deviation": 0.15678909349637937,
          "alignment_ratio": 1.5944986633000278,
          "pearson_r": 0.9755505342357456,
          "p_value": 1.5179456245478489e-06
        },
        "screened_strong": {
          "mean_deviation": 0.1361844638946142,
          "alignment_ratio": 1.8357453768989502,
          "pearson_r": 0.9946353770713352,
          "p_value": 3.600280340342501e-09
        },
        "water_coupled": {
          "mean_deviation": 0.15154256575909497,
          "alignment_ratio": 1.6497015128899255,
          "pearson_r": 0.981826892761513,
          "p_value": 4.668659059414321e-07
        },
        "randomized_30pct": {
          "mean_deviation": 0.1522919220261339,
          "alignment_ratio": 1.6415841147313053,
          "pearson_r": 0.9672834697580923,
          "p_value": 4.818298325052495e-06
        },
        "randomized_50pct": {
          "mean_deviation": 0.16196470644932404,
          "alignment_ratio": 1.5435461557065873,
          "pearson_r": 0.9632079139239111,
          "p_value": 7.668157417132587e-06
        }
      },
      "verdict": "Z2_IS_INTRINSIC",
      "ratio_mean": 1.6330433389857077,
      "ratio_std": 0.10075203818066994
    },
    "1MBN": {
      "pdb_id": "1MBN",
      "n_residues": 153,
      "conditions": {
        "standard": {
          "mean_deviation": 0.14008558480297945,
          "alignment_ratio": 1.7846233097545867,
          "pearson_r": 0.9819349172825669,
          "p_value": 4.559234116324241e-07
        },
        "screened_weak": {
          "mean_deviation": 0.14925542444237355,
          "alignment_ratio": 1.674980999411001,
          "pearson_r": 0.986130685433803,
          "p_value": 1.5920312082540463e-07
        },
        "screened_strong": {
          "mean_deviation": 0.16903811413301867,
          "alignment_ratio": 1.4789563956166192,
          "pearson_r": 0.9914863788758257,
          "p_value": 2.2750528696078228e-08
        },
        "water_coupled": {
          "mean_deviation": 0.080890621012188,
          "alignment_ratio": 3.0905931598959024,
          "pearson_r": 0.9951508349294778,
          "p_value": 2.4050079833907397e-09
        },
        "randomized_30pct": {
          "mean_deviation": 0.13414215703295368,
          "alignment_ratio": 1.863694497909292,
          "pearson_r": 0.9729394562801845,
          "p_value": 2.270654525660929e-06
        },
        "randomized_50pct": {
          "mean_deviation": 0.12702958045939708,
          "alignment_ratio": 1.9680455457373442,
          "pearson_r": 0.9666356606163262,
          "p_value": 5.207306149689395e-06
        }
      },
      "verdict": "Z2_IS_INTRINSIC",
      "ratio_mean": 1.9768156513874573,
      "ratio_std": 0.5211013241922329
    }
  },
  "overall": "Z2_INTRINSIC_TO_TOPOLOGY",
  "conclusion": "\nCONCLUSION: Z\u00b2 resonance is INTRINSIC to protein topology.\n\nThe hydration shell hypothesis is REFUTED.\nZ\u00b2 appears in protein normal modes because of the GEOMETRY\nof protein contact networks, not water coupling.\n\nThis is actually MORE profound:\n- Z\u00b2 is built into the fabric of protein structure\n- It emerges from the ~8 contacts per residue (CUBE vertices!)\n- It's a property of 3D close-packed structures\n\nThe Z\u00b2 = CUBE \u00d7 SPHERE geometry manifests in proteins because\nproteins are approximately close-packed spheres (residues)\narranged in 3D space.\n        "
}