{
  "protein": "ubiquitin",
  "pdb_id": "1UBQ",
  "n_residues": 76,
  "n_angles": 73,
  "mean_angle": 109.1936941041802,
  "std_angle": 47.84247218441269,
  "mean_z2_deviation": 7.384541735027303,
  "random_expected": 7.773618363105049,
  "alignment_ratio": 1.0526879855295865,
  "verdict": "MARGINAL",
  "Z": 5.788810036466141,
  "Z2": 33.510321638291124,
  "theta_Z2_deg": 31.094473452420196,
  "method": "fallback_CA_analysis",
  "timestamp": "2026-04-18T22:39:46.318911"
}