{
  "target_length": 50,
  "Z": 5.788810036466141,
  "Z2": 33.510321638291124,
  "timestamp": "2026-04-18T22:50:39.180642",
  "license": "AGPL-3.0-or-later",
  "genetic_algorithm": {
    "sequence": "CPVTWSAGYVMWTYAIGWGAYCMNGRWDNRDWWCGPDWTVWGDLGGWSGF",
    "z2_score": 95.12240995340781,
    "pearson_r": 0.9684149137453442,
    "p_value": 4.191309017300181e-06,
    "generations": 150
  },
  "simulated_annealing": {
    "sequence": "RAIHWSGSYDWWGWGWGYGSWSRIGWYGNYCKWGGVNWHTYGKSGGWAGW",
    "z2_score": 95.17053259462432,
    "pearson_r": 0.9683163221083838,
    "p_value": 4.243378650875954e-06
  },
  "optimal_design": {
    "sequence": "RAIHWSGSYDWWGWGWGYGSWSRIGWYGNYCKWGGVNWHTYGKSGGWAGW",
    "z2_score": 95.17053259462432,
    "pearson_r": 0.9683163221083838,
    "p_value": 4.243378650875954e-06,
    "mean_deviation": 0.008243805821105626,
    "proximity_score": 0.9670247767155775,
    "frequencies": [
      0.5722999163314031,
      0.5880029309097976,
      0.6334898587040798,
      0.8679538113028633,
      0.927051795123261,
      0.964120648091208,
      1.0139423356928814,
      1.0622168153161944,
      1.1361995951768549,
      1.1466861193751112,
      1.20467828053588,
      1.247043740613258,
      1.313891393513547,
      1.3700051690959107,
      1.453246984960405,
      1.4764867065020737,
      1.5539149743555438,
      1.6136043670959155,
      1.6340748798909581,
      1.63429419108302
    ]
  }
}