{
  "timestamp": "2026-04-19T12:37:35.806241",
  "input_pdb": "pipeline_output_globular80/esm_prediction/z2_globular_80_esm.pdb",
  "n_residues": 78,
  "z2_constant": 33.510321638291124,
  "optimal_contacts": 8,
  "original_analysis": {
    "name": "Z\u00b2 Protein",
    "n_residues": 78,
    "physics_losses": {
      "z2_contact": 0.7507130976136559,
      "bond_length": 79.49653444515776,
      "steric_clash": 27.054390821181425,
      "radius_gyration": 0.053136387729267265,
      "secondary": 74.13433682556902,
      "compactness": 0.0
    },
    "contacts": {
      "mean": 8.128205128205128,
      "std": 1.2945544165501883,
      "z2_deviation": 0.12820512820512775,
      "per_residue": [
        8,
        8,
        9,
        7,
        7,
        9,
        9,
        8,
        6,
        9,
        7,
        7,
        7,
        7,
        10,
        6,
        9,
        10,
        9,
        10,
        9,
        8,
        9,
        9,
        9,
        8,
        8,
        9,
        9,
        7,
        7,
        7,
        7,
        5,
        5,
        9,
        8,
        8,
        7,
        7,
        9,
        8,
        9,
        10,
        10,
        10,
        7,
        8,
        7,
        8,
        10,
        8,
        10,
        9,
        10,
        8,
        6,
        5,
        7,
        6,
        8,
        8,
        9,
        8,
        10,
        6,
        9,
        9,
        8,
        10,
        9,
        8,
        8,
        10,
        7,
        8,
        8,
        9
      ]
    },
    "geometry": {
      "radius_of_gyration": 11.288588843856191,
      "expected_rg": 11.519102157418049
    },
    "z2_compliance": 0.5711958180715445
  },
  "refined_analysis": {
    "name": "Refined",
    "n_residues": 78,
    "physics_losses": {
      "z2_contact": 4.883237611568217,
      "bond_length": 47.336908197657706,
      "steric_clash": 0.004593213177271732,
      "radius_gyration": 1.0318015771128874,
      "secondary": 58.242504328826215,
      "compactness": 0.0
    },
    "contacts": {
      "mean": 9.076923076923077,
      "std": 1.7303418275695375,
      "z2_deviation": 1.0769230769230766,
      "per_residue": [
        8,
        9,
        9,
        9,
        8,
        10,
        10,
        8,
        6,
        8,
        8,
        6,
        7,
        8,
        12,
        10,
        11,
        11,
        9,
        12,
        10,
        10,
        8,
        9,
        10,
        11,
        10,
        8,
        9,
        10,
        7,
        8,
        6,
        6,
        6,
        7,
        8,
        8,
        8,
        8,
        11,
        10,
        13,
        11,
        11,
        10,
        9,
        7,
        10,
        9,
        10,
        11,
        9,
        10,
        15,
        8,
        7,
        6,
        7,
        6,
        8,
        10,
        12,
        10,
        10,
        10,
        10,
        10,
        8,
        10,
        8,
        9,
        9,
        10,
        9,
        9,
        10,
        10
      ]
    },
    "geometry": {
      "radius_of_gyration": 10.503325815346189,
      "expected_rg": 11.519102157418049
    },
    "z2_compliance": 0.16997443687021901
  },
  "refinement": {
    "n_iterations": 50,
    "initial_loss": 295.042304287701,
    "final_loss": 100.84156000002342,
    "improvement": 65.82132171063473
  },
  "physics_weights": {
    "z2_contact": 1.0,
    "bond_length": 2.0,
    "steric_clash": 5.0,
    "radius_gyration": 0.5
  },
  "output_files": {
    "visualization": "physics_nn/pinn_analysis.png",
    "refined_pdb": "physics_nn/refined_structure.pdb"
  },
  "_license": {
    "spdx": "CC-BY-SA-4.0",
    "type": "OpenMTA + CC BY-SA 4.0",
    "prior_art": true,
    "publication_date": "2026-04-19T14:12:54.008201",
    "sha256": "5c958ad87db3f7cc56c861f8fff7c1e92c07ec2a6e15e3a027bf4231139c75d2",
    "notice": "This data is published as PRIOR ART. No patents may be filed."
  }
}