{
  "timestamp": "2026-04-21T23:19:51.786761",
  "decoy_sequence": "WWWWWW",
  "z2_analysis": {
    "mean_distance": 1.8915539594215016,
    "std_distance": 1.2765255685923864,
    "min_distance": 0.009103465619133111,
    "n_contacts": 1260,
    "z2_fitness": 2.0305523982047346e-05,
    "deviation_from_ideal": 4.123598549470465,
    "ideal_distance": 6.015152508891966
  },
  "lj_analysis": {
    "total_lj_energy": 22330.327838853227,
    "repulsive_energy": 22473.871316867357,
    "attractive_energy": 143.5434780141223,
    "severe_clashes": 1,
    "moderate_clashes": 8,
    "min_distance": 1.4080661451353798,
    "mean_distance": 8.597171611249918
  },
  "clash_analysis": {
    "internal_clashes": 627,
    "severe_internal_clashes": 233,
    "clash_energy": 6270.0,
    "min_internal_distance": 0.009103465619133111
  },
  "binding_energy": {
    "lj_contribution": 22330.327838853227,
    "clash_contribution": 6270.0,
    "entropy_penalty": 12.0,
    "total_dG": 28612.327838853227,
    "binding_favorable": false
  },
  "verdict": "VERIFIED",
  "passes": [
    "PASS: Z\u00b2 fitness 0.0% < 50% (decoy correctly penalized)",
    "PASS: \u0394G = 28,612.3 kcal/mol is POSITIVE (correctly unfavorable)",
    "PASS: 628 steric clashes detected (correctly identifying problems)",
    "PASS: Mean distance 4.12 \u00c5 from ideal (correctly off-target)"
  ],
  "failures": []
}