galaxy,variant,R_arcsec,R_kpc,n_spaxels,Vlos_kms,eVlos_kms,Vrot_kms,sigma_obs_kms
Deep3a-15504,A,-1.35,-11.27006003521415,3,753.0661402713292,11.715857480775675,1321.168667142683,147.08453770835297
Deep3a-15504,A,-1.2000000000000002,-10.017831142412579,10,-613.7041628933505,3.214188221667666,-1076.6739699883342,95.53089001289294
Deep3a-15504,A,-1.0500000000000003,-8.765602249611007,16,-464.533708641768,1.8900377056572486,-814.9714186697685,61.34136918183246
Deep3a-15504,A,-0.9000000000000004,-7.513373356809436,19,-119.0029591001126,1.1891423990709766,-208.77712122826776,70.04216511625751
Deep3a-15504,A,-0.7500000000000004,-6.261144464007865,17,-115.3505755085866,0.9607980575571451,-202.3694307168186,72.99739723015895
Deep3a-15504,A,-0.6000000000000005,-5.008915571206293,18,-106.32824327477475,0.7363433177316383,-186.54077767504344,70.50784889488267
Deep3a-15504,A,-0.4500000000000006,-3.7566866784047215,18,-86.05783577451696,0.7071067811865476,-150.97865925353855,76.23030010296105
Deep3a-15504,A,-0.3000000000000007,-2.5044577856031505,16,-62.67478117213502,0.7815660767774143,-109.95575644234215,91.5228192493612
Deep3a-15504,A,-0.1500000000000008,-1.2522288928015788,19,-48.50727982916443,1.0060405138135284,-85.10049092835865,143.60100319958852
Deep3a-15504,A,-8.881784197001252e-16,-7.41468452740892e-15,20,103.43067125458289,1.4882037434064006,181.4573179904963,225.60406472770177
Deep3a-15504,A,0.14999999999999902,1.252228892801564,19,150.8145007616947,0.9080920477001933,264.58684344156967,172.07188980000265
Deep3a-15504,A,0.29999999999999893,2.5044577856031354,16,133.14883144927626,0.831504391016117,233.59444113908117,119.52153545891407
Deep3a-15504,A,0.44999999999999885,3.756686678404707,18,156.1747399130847,0.9384946572027189,273.9907717773416,120.75487072565436
Deep3a-15504,A,0.5999999999999988,5.008915571206279,18,196.57171990317278,0.9668810416453449,344.86266649679436,105.00150238034699
Deep3a-15504,A,0.7499999999999987,6.26114446400785,17,180.48779544795667,1.281984229392542,316.6452551718538,99.36924829886873
Deep3a-15504,A,0.8999999999999986,7.513373356809421,19,152.85582855566125,1.6753029264949362,268.1681202730899,95.71675882457873
Deep3a-15504,A,1.0499999999999985,8.765602249610993,12,119.22387008384305,5.119606238262003,209.16468435761942,160.2545876442139
Deep3a-15504,A,1.1999999999999984,10.017831142412565,1,109.75614654881949,12.36316399094473,192.55464306810438,55.768574725791424
Deep3a-15504,B,-1.35,-11.27006003521415,3,503.66373830043267,8.356412647273496,883.6205935095311,110.14791280949741
Deep3a-15504,B,-1.2000000000000002,-10.017831142412579,12,-425.7920257185687,4.584187556912775,-747.0035538922259,140.08038939355288
Deep3a-15504,B,-1.0500000000000003,-8.765602249611007,16,-375.9204482207517,2.5573780725256334,-659.5095582820206,75.89694599407227
Deep3a-15504,B,-0.9000000000000004,-7.513373356809436,18,-115.45622481731684,1.5128544735750138,-202.55478038125761,73.61553183326807
Deep3a-15504,B,-0.7500000000000004,-6.261144464007865,17,-115.79084162607276,1.081950705730621,-203.14182741416275,78.61031106447741
Deep3a-15504,B,-0.6000000000000005,-5.008915571206293,18,-103.08838063486598,0.9437550469726056,-180.85680813134385,76.51870260696204
Deep3a-15504,B,-0.4500000000000006,-3.7566866784047215,19,-87.93849635314405,0.8537450757865693,-154.2780637774457,73.93635607012139
Deep3a-15504,B,-0.3000000000000007,-2.5044577856031505,19,-54.56580713196284,1.0601672399537654,-95.72948619642605,90.08955276437447
Deep3a-15504,B,-0.1500000000000008,-1.2522288928015788,18,-43.85954397634078,1.5792284065211857,-76.94656837954524,144.1299754656519
Deep3a-15504,B,-8.881784197001252e-16,-7.41468452740892e-15,18,119.26956289954838,2.361733806732618,209.24484719219015,232.93751835344034
Deep3a-15504,B,0.14999999999999902,1.252228892801564,18,151.45624577644833,1.3248866541840751,265.71271188850585,175.95988294669777
Deep3a-15504,B,0.29999999999999893,2.5044577856031354,19,124.00143591199054,1.0675465471885437,217.54637879296587,120.20701674977437
Deep3a-15504,B,0.44999999999999885,3.756686678404707,19,157.32484967761135,1.4225798412168225,276.0085082063357,130.3892100548263
Deep3a-15504,B,0.5999999999999988,5.008915571206279,18,195.71795221889082,1.3190516963588568,343.3648284541944,103.87301054076725
Deep3a-15504,B,0.7499999999999987,6.26114446400785,17,194.49798163553783,1.861798363806643,341.2245291851541,125.80062912375361
Deep3a-15504,B,0.8999999999999986,7.513373356809421,17,146.60944858694035,2.3523715659259388,257.20955892445676,86.03722986512231
Deep3a-15504,B,1.0499999999999985,8.765602249610993,12,140.53453277539768,3.237020846147907,246.55181188666262,113.09617607780923
Deep3a-15504,B,1.1999999999999984,10.017831142412565,2,114.26391883253768,11.351042559243428,200.46301549568017,70.2516694824902
Deep3a-6004,A,-1.5,-12.518047866063586,1,1156.0129450695642,27.154656724224523,2627.3021478853734,182.05933473369961
Deep3a-6004,A,-1.35,-11.266243079457228,12,-738.0279344775319,2.4948273584319023,-1677.3362147216633,98.34102756422341
Deep3a-6004,A,-1.2000000000000002,-10.01443829285087,6,7.554299484221,2.9484683639172653,17.168862464138634,140.5135826522975
Deep3a-6004,A,-1.0500000000000003,-8.762633506244512,3,528.4598969258391,15.289536455935313,1201.0452202859979,260.7609161787405
Deep3a-6004,A,-0.9000000000000004,-7.5108287196381545,2,-25.36609364497544,5.976336995163093,-57.65021282948963,80.75830440373129
Deep3a-6004,A,-0.7500000000000004,-6.259023933031797,7,-116.97739271874505,2.4307549750158954,-265.85771072442054,57.34046677097628
Deep3a-6004,A,-0.6000000000000005,-5.007219146425439,11,-604.4641031606369,2.9140017523654698,-1373.7820526378111,96.49377052180172
Deep3a-6004,A,-0.4500000000000006,-3.7554143598190812,19,-128.04961727908272,2.3669078662258562,-291.0218574524607,116.92098989498977
Deep3a-6004,A,-0.3000000000000007,-2.503609573212723,13,12.042548017485691,2.7198694720456436,27.36942731246748,79.24489393306342
Deep3a-6004,A,-0.1500000000000008,-1.2518047866063653,15,847.027575972721,1.941139308152787,1925.0626726652752,104.81212766288951
Deep3a-6004,A,-8.881784197001252e-16,-7.41217331427392e-15,11,562.867206237089,2.7549898627544276,1279.2436505388387,130.43882839699825
Deep3a-6004,A,0.14999999999999902,1.2518047866063504,10,234.15675315773484,4.190124830561601,532.1744389948519,127.60481440457973
Deep3a-6004,A,0.29999999999999893,2.5036095732127084,12,138.57913402817718,3.198968678864349,314.9525773367663,88.87058840936913
Deep3a-6004,A,0.44999999999999885,3.755414359819066,19,139.66149423821503,1.335563505146971,317.41248690503414,65.02183444809546
Deep3a-6004,A,0.5999999999999988,5.007219146425424,14,135.64633358973413,1.730780496987533,308.2871217948503,66.13181789054146
Deep3a-6004,A,0.7499999999999987,6.259023933031782,4,-835.0034630819466,3.3544921486702455,-1897.7351433680606,58.05564385736744
Deep3a-6004,A,0.8999999999999986,7.51082871963814,6,1197.2690768709085,4.100813284708571,2721.0660837975192,65.68777543225879
Deep3a-6004,A,1.0499999999999985,8.762633506244498,1,336.04575016783514,28.81340258496697,763.7403412905344,142.24874318009316
Deep3a-6004,A,1.1999999999999984,10.014438292850855,1,324.55117897758254,19.477065616812183,737.6163158581421,115.09709446483788
Deep3a-6004,A,1.3499999999999983,11.266243079457213,4,670.3931894346747,5.59525879708884,1523.6208850788062,143.75899049514317
Deep3a-6004,A,1.4999999999999982,12.518047866063572,7,-175.2178189166189,3.8105044400453925,-398.22231571958844,82.04116090806352
Deep3a-6004,B,-1.5,-12.518047866063586,1,-1516.3366358112892,24.246628748953295,-3446.219626843839,146.1288269059759
Deep3a-6004,B,-1.35,-11.266243079457228,5,-462.2453091452631,4.106902638362063,-1050.557520784689,81.58980608705785
Deep3a-6004,B,-1.2000000000000002,-10.01443829285087,4,-670.3432488454804,8.327399335568444,-1523.507383739728,84.75935702025356
Deep3a-6004,B,-1.0500000000000003,-8.762633506244512,13,305.5657497114617,4.111172397401908,694.4676129805948,129.60364593493438
Deep3a-6004,B,-0.9000000000000004,-7.5108287196381545,10,100.17046142059463,2.4832969671962695,227.66013959226052,43.436197183236835
Deep3a-6004,B,-0.7500000000000004,-6.259023933031797,14,-146.8146272128155,2.360076931470509,-333.66960730185343,83.66000596778042
Deep3a-6004,B,-0.6000000000000005,-5.007219146425439,14,-60.80114287952547,2.1374829027195967,-138.18441563528515,56.5301025013107
Deep3a-6004,B,-0.4500000000000006,-3.7554143598190812,12,46.59883548493901,4.105335670030657,105.9064442839523,117.58631480723737
Deep3a-6004,B,-0.3000000000000007,-2.503609573212723,12,-218.51351392512976,3.1684614398455566,-496.6216225571131,144.76836062583382
Deep3a-6004,B,-0.1500000000000008,-1.2518047866063653,16,797.9648448773735,3.0756980576107527,1813.5564656303943,155.55378620293547
Deep3a-6004,B,-8.881784197001252e-16,-7.41217331427392e-15,9,738.3701644480417,4.045594157108317,1678.1140101091858,144.25895985892575
Deep3a-6004,B,0.14999999999999902,1.2518047866063504,9,36.33367643090167,3.1013611970861352,82.57653734295833,110.84512185349843
Deep3a-6004,B,0.29999999999999893,2.5036095732127084,12,149.84403590919902,6.215763947624558,340.55462706636143,119.45917011164221
Deep3a-6004,B,0.44999999999999885,3.755414359819066,17,134.73433211226344,2.3301613404814625,306.2143911642351,74.96876205815529
Deep3a-6004,B,0.5999999999999988,5.007219146425424,15,136.11493171970113,2.559218516826443,309.3521175447753,85.87949988530052
Deep3a-6004,B,0.7499999999999987,6.259023933031782,7,372.1808274970893,3.078510443706223,845.8655170388394,37.529971272769224
Deep3a-6004,B,0.8999999999999986,7.51082871963814,8,-90.04600023402733,3.790755049697881,-204.6500005318803,67.15931952622051
Deep3a-6004,B,1.0499999999999985,8.762633506244498,10,345.2803905753037,3.2611740278967694,784.7281603984176,57.909272613784005
Deep3a-6004,B,1.1999999999999984,10.014438292850855,13,-748.899836779434,3.1726028156680983,-1702.045083589623,71.68644338519601
Deep3a-6004,B,1.3499999999999983,11.266243079457213,11,-107.77775865294507,3.0186956690660622,-244.94945148396607,82.34817604405892
Deep3a-6004,B,1.4999999999999982,12.518047866063572,9,890.0662643047907,2.5425343198910677,2022.8778734199789,54.763820959940226
Deep3a-6397,A,-1.3500000000000003,-11.72414961798671,4,-543.1244441868201,4.720927212735624,-1086.2488883736403,91.5542225838753
Deep3a-6397,A,-1.2000000000000004,-10.421466327099298,7,-226.57284564685114,3.5469912570019195,-453.14569129370227,54.72435798172252
Deep3a-6397,A,-1.0500000000000005,-9.118783036211887,15,-113.54718075903494,2.135401435452314,-227.0943615180699,81.13470530085459
Deep3a-6397,A,-0.9000000000000006,-7.816099745324475,18,-130.2651656587326,1.285639667678062,-260.5303313174652,90.03293758673418
Deep3a-6397,A,-0.7500000000000007,-6.513416454437065,17,-121.1347047027457,1.113281894224541,-242.2694094054914,85.08195689784029
Deep3a-6397,A,-0.6000000000000008,-5.210733163549654,17,-144.25399891749518,1.5175533535533745,-288.50799783499036,98.9301764763409
Deep3a-6397,A,-0.45000000000000084,-3.9080498726622426,19,-152.93113629755578,1.7880503317463787,-305.86227259511156,108.88747708690545
Deep3a-6397,A,-0.30000000000000093,-2.6053665817748315,18,-131.8546152432673,1.3473210988323174,-263.7092304865346,112.89635194484107
Deep3a-6397,A,-0.15000000000000102,-1.3026832908874206,18,-80.83128823318457,1.3669372671352857,-161.66257646636913,144.1689757901678
Deep3a-6397,A,-1.1102230246251565e-15,-9.641793222251166e-15,18,25.17973450319446,1.089360650577209,50.35946900638892,173.53771853669122
Deep3a-6397,A,0.1499999999999988,1.3026832908874013,18,100.10398881807657,1.2075462523445528,200.20797763615315,137.5128835202465
Deep3a-6397,A,0.2999999999999987,2.6053665817748124,18,147.16228357257089,1.9397543758798443,294.32456714514177,98.4361317639499
Deep3a-6397,A,0.4499999999999986,3.9080498726622235,19,154.19591491067007,1.951230753979258,308.39182982134014,81.94468611011726
Deep3a-6397,A,0.5999999999999985,5.210733163549635,17,165.2674036043554,2.0326572677586863,330.5348072087108,65.02384134763307
Deep3a-6397,A,0.7499999999999984,6.513416454437046,17,168.19121596713967,2.2690942828119214,336.38243193427934,79.26495803409914
Deep3a-6397,A,0.8999999999999984,7.816099745324457,18,211.8344715871495,2.9958021115436684,423.668943174299,107.85795234030735
Deep3a-6397,A,1.0499999999999983,9.118783036211868,18,195.2806309117044,3.1413992111317106,390.5612618234088,98.7712315281513
Deep3a-6397,A,1.1999999999999982,10.421466327099278,5,189.58244550519663,5.121681118360808,379.16489101039326,98.45924513419801
Deep3a-6397,A,1.349999999999998,11.72414961798669,7,203.89201592650818,4.422725108377851,407.78403185301636,118.61078375230342
Deep3a-6397,A,1.499999999999998,13.0268329088741,7,545.3021709154552,4.284146309570565,1090.6043418309105,136.8623520517427
Deep3a-6397,B,-2.1000000000000005,-18.23756607242377,1,130.64327820369172,13.954641507211928,261.28655640738344,42.84427187285171
Deep3a-6397,B,-1.9500000000000004,-16.934882781536356,6,-675.0475265693842,5.792356596447229,-1350.0950531387684,131.56494905984624
Deep3a-6397,B,-1.6500000000000006,-14.329516199761535,11,-426.6179398929464,2.8070160113586753,-853.2358797858928,88.29284773895323
Deep3a-6397,B,-1.5000000000000007,-13.026832908874123,7,-259.53071526202115,4.523446890240668,-519.0614305240423,65.92983369905019
Deep3a-6397,B,-1.3500000000000008,-11.724149617986713,3,-623.2201790621613,5.034744025674241,-1246.4403581243225,68.48578940224765
Deep3a-6397,B,-1.2000000000000008,-10.421466327099301,3,-853.9427578020053,5.7159444286943915,-1707.8855156040106,59.55020434878372
Deep3a-6397,B,-1.050000000000001,-9.118783036211891,5,-828.4481098867443,3.2156078437745985,-1656.8962197734886,48.53253853466914
Deep3a-6397,B,-0.900000000000001,-7.81609974532448,11,-112.27608630289923,5.095925501997543,-224.55217260579846,99.1691529999929
Deep3a-6397,B,-0.7500000000000011,-6.513416454437069,17,-118.8069294277999,1.3756814114622502,-237.6138588555998,59.79211776957334
Deep3a-6397,B,-0.6000000000000012,-5.210733163549658,17,-123.16524941106323,1.32971278691581,-246.33049882212646,70.12445482854496
Deep3a-6397,B,-0.4500000000000013,-3.9080498726622466,18,-130.35625452639553,1.847199263939342,-260.71250905279106,85.75601552637815
Deep3a-6397,B,-0.3000000000000014,-2.6053665817748355,19,-122.62562023884931,1.551144739878848,-245.25124047769862,82.55770889627061
Deep3a-6397,B,-0.15000000000000147,-1.3026832908874246,18,-82.14746824653537,1.8383821889937786,-164.29493649307074,142.9514427063059
Deep3a-6397,B,-1.5543122344752192e-15,-1.3498510511151634e-14,16,23.708937883049625,1.599323660642584,47.41787576609925,175.4238085425313
Deep3a-6397,B,0.14999999999999836,1.3026832908873975,17,92.62167340395571,1.7883352236628138,185.24334680791142,135.28544941172154
Deep3a-6397,B,0.29999999999999827,2.6053665817748084,19,260.19158073294074,3.0206081770796924,520.3831614658815,107.47192733208693
Deep3a-6397,B,0.4499999999999982,3.9080498726622195,18,180.25126028561996,2.1711544698797223,360.5025205712399,72.03831570277625
Deep3a-6397,B,0.5999999999999981,5.210733163549631,17,139.54224083522186,2.3203267298022343,279.0844816704437,86.16389272784363
Deep3a-6397,B,0.749999999999998,6.513416454437041,18,154.99600681708404,2.1011555066777,309.9920136341681,77.93137822290845
Deep3a-6397,B,0.8999999999999979,7.816099745324452,18,206.2469780866949,2.3573898875409247,412.4939561733898,80.16955949289846
Deep3a-6397,B,1.0499999999999978,9.118783036211864,14,-196.53783872242826,2.6571454595070114,-393.0756774448565,73.16706340204117
Deep3a-6397,B,1.1999999999999977,10.421466327099274,5,15.217554357736923,3.21337972962029,30.435108715473845,34.643721533942106
Deep3a-6397,B,1.3499999999999976,11.724149617986686,4,-585.6368017275988,8.403561760126667,-1171.2736034551976,112.77559920464884
Deep3a-6397,B,1.4999999999999976,13.026832908874097,9,-606.6337711906323,2.159831289521662,-1213.2675423812645,50.064827184364205
Deep3a-6397,B,1.6499999999999975,14.329516199761509,3,-345.4632922579419,16.223020668918533,-690.9265845158837,192.41020461276253
Deep3a-6397,B,1.7999999999999974,15.632199490648919,3,309.5262366859588,8.969163239280745,619.0524733719176,119.01689079585354
GMASS-2303,A,-1.35,-11.206102406221488,6,1476.7867732628167,4.161973601655967,1893.31637597797,126.86944285742483
GMASS-2303,A,-1.2000000000000002,-9.960979916641325,6,609.1381384427237,3.9079577193439983,780.9463313368253,109.71577049821865
GMASS-2303,A,-1.0500000000000003,-8.71585742706116,3,-493.28404710031697,4.706090584136867,-632.4154450004063,42.07534532432289
GMASS-2303,A,-0.9000000000000004,-7.470734937480995,4,130.10312220353853,6.138456399141443,166.79887461992118,85.39630244448341
GMASS-2303,A,-0.7500000000000004,-6.22561244790083,8,262.7650248288376,3.443064762052614,336.87823696004824,113.96079553136784
GMASS-2303,A,-0.6000000000000005,-4.980489958320666,8,-779.5448588594694,2.839114512781961,-999.4164857172684,111.65121361768416
GMASS-2303,A,-0.4500000000000006,-3.735367468740501,18,57.06636321206311,1.7779514109876036,73.16200411802963,78.46478635515717
GMASS-2303,A,-0.3000000000000007,-2.4902449791603365,17,86.2187623734449,3.8165961331456004,110.53687483774988,167.38352185397216
GMASS-2303,A,-0.1500000000000008,-1.245122489580172,18,31.18731567834557,1.4741373007117753,39.98373804916098,123.4088516329608
GMASS-2303,A,-8.881784197001252e-16,-7.372606167522646e-15,17,6.950794406511827,1.0871640886042382,8.911274880143367,114.4744258256842
GMASS-2303,A,0.14999999999999902,1.2451224895801571,18,-3.8927287700692945,1.3382424034155402,-4.99067791034525,105.24415813938381
GMASS-2303,A,0.29999999999999893,2.490244979160322,17,-60.186974789684214,2.0004929511907488,-77.16278819190283,98.85729834089047
GMASS-2303,A,0.44999999999999885,3.7353674687404865,15,-24.404413810750068,1.9961813965795658,-31.28771001378214,68.44864397631804
GMASS-2303,A,0.5999999999999988,4.980489958320651,14,-402.1428149873144,2.146914955382809,-515.5677115221979,124.58518049767011
GMASS-2303,A,0.7499999999999987,6.225612447900816,12,268.1737311824585,2.02718842247102,343.81247587494676,89.95156357834581
GMASS-2303,A,0.8999999999999986,7.47073493748098,17,-783.1694488949739,1.699033274387075,-1004.0633960191973,67.26898645381075
GMASS-2303,A,1.0499999999999985,8.715857427061145,8,1089.124650138821,2.157384405836238,1396.3136540241294,83.40459433246096
GMASS-2303,A,1.1999999999999984,9.960979916641309,11,-567.0569942891998,1.8824977500298885,-726.9961465246151,87.75613825409505
GMASS-2303,A,1.3499999999999983,11.206102406221474,11,238.2952324447145,1.9459350447259969,305.5067082624545,131.85728631083
GMASS-2303,A,1.4999999999999982,12.451224895801639,3,643.1013502912639,2.7958908811504966,824.4889106298255,74.97683897968288
GMASS-2303,B,-1.35,-11.206102406221488,3,877.4362864237311,4.74903215537423,1124.9183159278602,88.09235995369626
GMASS-2303,B,-1.2000000000000002,-9.960979916641325,4,653.2694808794389,5.526371095720569,837.5249754864601,85.57874904699486
GMASS-2303,B,-1.0500000000000003,-8.71585742706116,8,45.190837059774616,3.224572123902646,57.93697058945463,48.93685795861437
GMASS-2303,B,-0.9000000000000004,-7.470734937480995,7,796.4033928798881,3.1209008391370725,1021.0299908716513,43.03085414456085
GMASS-2303,B,-0.7500000000000004,-6.22561244790083,10,112.78469651458136,2.4985925564221345,144.59576476228378,83.71102882339764
GMASS-2303,B,-0.6000000000000005,-4.980489958320666,7,-892.6222515933157,3.009557326530698,-1144.3875020427124,83.92977619799838
GMASS-2303,B,-0.4500000000000006,-3.735367468740501,10,181.94038699888327,3.0004459214474815,233.2569064088247,55.31246363623963
GMASS-2303,B,-0.3000000000000007,-2.4902449791603365,15,-46.931305661710304,3.5537796639985926,-60.168340591936285,136.3046203753064
GMASS-2303,B,-0.1500000000000008,-1.245122489580172,18,37.51269581756272,2.0490962515498663,48.09319976610605,116.04587277188008
GMASS-2303,B,-8.881784197001252e-16,-7.372606167522646e-15,19,7.056273720872774,1.4444395697473527,9.04650477034971,115.5294109790374
GMASS-2303,B,0.14999999999999902,1.2451224895801571,18,-0.25564710548650954,1.9149103626882171,-0.3277526993416789,105.41722966566182
GMASS-2303,B,0.29999999999999893,2.490244979160322,18,-45.38113145731416,2.351513803461734,-58.180937765787384,86.25144259357572
GMASS-2303,B,0.44999999999999885,3.7353674687404865,14,-32.070633234458,2.5751445991463537,-41.116196454433336,90.59909125417803
GMASS-2303,B,0.5999999999999988,4.980489958320651,15,-575.8653409972225,2.099773388210215,-738.2888987143878,128.62268849093482
GMASS-2303,B,0.7499999999999987,6.225612447900816,14,53.52494483360809,1.8037097950401104,68.6217241456514,90.1166513149244
GMASS-2303,B,0.8999999999999986,7.47073493748098,16,27.39163232494156,2.390666440288821,35.11747733966867,85.62968969913061
GMASS-2303,B,1.0499999999999985,8.715857427061145,14,578.1036889922191,1.5795780058486786,741.1585756310501,68.73415560485778
GMASS-2303,B,1.1999999999999984,9.960979916641309,11,-210.57465908417913,1.7267400968113558,-269.9675116463835,55.33633279107955
GMASS-2303,B,1.3499999999999983,11.206102406221474,6,-558.5002016775549,3.054676970968788,-716.0258995866087,122.0834460492374
GMASS-2363,A,-1.2000000000000002,-9.959871867947419,2,-16.66198403096313,4.74456995845229,-19.151705782716242,35.29873005403595
GMASS-2363,A,-1.0500000000000003,-8.714887884453992,5,-697.9596937794652,4.6016268776335085,-802.2525215855921,72.5107054311936
GMASS-2363,A,-0.9000000000000004,-7.469903900960565,4,700.3760371049824,4.734716116469015,805.0299277068764,61.58596139026447
GMASS-2363,A,-0.7500000000000004,-6.2249199174671395,3,840.9768845395569,11.070177224092156,966.6400971719045,148.27899732113738
GMASS-2363,A,-0.6000000000000005,-4.979935933973713,2,-776.888701548076,11.962173483472405,-892.975519020777,92.34508460421138
GMASS-2363,A,-0.4500000000000006,-3.7349519504802866,8,105.07333122897137,4.1322988872939375,120.7739439413464,67.41917217125288
GMASS-2363,A,-0.3000000000000007,-2.48996796698686,17,-51.898765693865705,1.3580179673684105,-59.65375367111,69.36413942853886
GMASS-2363,A,-0.1500000000000008,-1.2449839834934338,19,-20.46484333943583,0.8479001575048764,-23.52280843613314,79.28711683645547
GMASS-2363,A,-8.881784197001252e-16,-7.371786046741059e-15,18,5.355662470002909,0.9084297428187524,6.155933873566562,96.04479010788856
GMASS-2363,A,0.14999999999999902,1.2449839834934189,19,72.81352749762664,1.163565008892057,83.69370976738693,98.1308506023521
GMASS-2363,A,0.29999999999999893,2.4899679669868453,17,101.10290125686515,2.252000963808032,116.21023132973006,101.40363048836642
GMASS-2363,A,0.44999999999999885,3.7349519504802715,2,-808.7633095835947,18.107759057532903,-929.6129995213732,136.02790349941077
GMASS-2363,A,0.5999999999999988,4.979935933973698,5,-1292.8082634357681,8.77673794422135,-1485.9865096962853,141.39295635761408
GMASS-2363,A,0.7499999999999987,6.224919917467124,1,820.052071925368,11.196983789832887,942.5885884199631,57.53376319300937
GMASS-2363,A,0.8999999999999986,7.469903900960551,1,-804.3508711953426,5.480030843597618,-924.5412312590145,31.0378864303121
GMASS-2363,A,1.0499999999999985,8.714887884453978,7,375.239720080281,7.305076347742504,431.3100230807828,98.22424455350564
GMASS-2363,A,1.1999999999999984,9.959871867947404,9,-339.8504096435714,3.3551166410551403,-390.6326547627258,113.20368339827401
GMASS-2363,B,-1.35,-11.204855851440845,2,-657.3516301027317,13.940591174602341,-755.5765863249791,78.06355901678319
GMASS-2363,B,-1.2000000000000002,-9.959871867947419,5,547.3905971001016,5.402619306585887,629.1845943679328,65.74480105097824
GMASS-2363,B,-1.0500000000000003,-8.714887884453992,5,17.264948652775196,3.702961527595685,19.84476856640827,65.57175936496593
GMASS-2363,B,-0.9000000000000004,-7.469903900960565,4,74.11572613721789,7.051244176611325,85.19048981289413,84.1304273470148
GMASS-2363,B,-0.7500000000000004,-6.2249199174671395,7,-190.17904178815968,4.566623884193593,-218.59659975650538,74.25463570094958
GMASS-2363,B,-0.6000000000000005,-4.979935933973713,8,574.8327132336323,3.7335996586790072,660.7272565903819,66.9177176705454
GMASS-2363,B,-0.4500000000000006,-3.7349519504802866,5,274.6845057303269,6.136874770383628,315.72931693141027,89.8524417195443
GMASS-2363,B,-0.3000000000000007,-2.48996796698686,14,226.76334970462406,2.637511216743184,260.64752839611964,64.38021086295731
GMASS-2363,B,-0.1500000000000008,-1.2449839834934338,18,15.24134685695341,1.6913200683224823,17.518789490751047,93.33421996299278
GMASS-2363,B,-8.881784197001252e-16,-7.371786046741059e-15,18,1.1321840367182385,1.118194184619853,1.3013609617451019,90.13334160562357
GMASS-2363,B,0.14999999999999902,1.2449839834934189,18,27.251600521632117,1.5341303872990788,31.323678760496687,87.73823698102068
GMASS-2363,B,0.29999999999999893,2.4899679669868453,16,71.43837817956421,1.7428857151219015,82.11307836731518,58.51249172662503
GMASS-2363,B,0.44999999999999885,3.7349519504802715,9,-83.47838484234586,3.512898457245206,-95.95216648545501,56.928817576890665
GMASS-2363,B,0.5999999999999988,4.979935933973698,9,74.21842599985969,2.139696478474654,85.30853563202264,34.779521784838934
GMASS-2363,B,0.7499999999999987,6.224919917467124,8,415.18913526791044,3.7219170305455096,477.22889111254074,68.01949507766551
GMASS-2363,B,0.8999999999999986,7.469903900960551,4,-925.5047823809449,8.7924036752536,-1063.7986004378677,118.32562345588289
GMASS-2363,B,1.0499999999999985,8.714887884453978,14,129.0770757579623,3.844255692465025,148.36445489420953,88.12133441675113
GMASS-2363,B,1.1999999999999984,9.959871867947404,7,-520.5418263588002,4.188937370589182,-598.3239383434485,111.02876756865794
GMASS-2363,B,1.3499999999999983,11.20485585144083,7,897.0114772141796,3.459462064391517,1031.0476749588272,101.78167921123956
GMASS-2540,A,-1.6500000000000006,-14.338100753944117,7,-55.99175226864031,1.8186014105580448,-107.67644667046214,43.34505165083489
GMASS-2540,A,-1.5000000000000007,-13.034637049040107,4,-622.3360892910371,2.892177780233796,-1196.8001717135328,88.6590967532652
GMASS-2540,A,-1.3500000000000008,-11.731173344136097,6,149.48170765490696,2.8964773794526115,287.4648224132826,57.0608302383018
GMASS-2540,A,-1.2000000000000008,-10.42770963923209,9,-158.02530545481613,2.851405254687129,-303.8948181823387,64.78186323241889
GMASS-2540,A,-1.050000000000001,-9.12424593432808,7,172.88638194680402,4.505711443290402,332.47381143616155,84.39748286328405
GMASS-2540,A,-0.900000000000001,-7.82078222942407,6,218.52955320655207,5.790625468510961,420.2491407818309,83.910019698816
GMASS-2540,A,-0.7500000000000011,-6.517318524520061,5,-540.8262420751591,3.160813955624873,-1040.0504655291522,114.33297226341676
GMASS-2540,A,-0.4500000000000013,-3.910391114712042,2,-341.6820427039508,4.083182254698831,-657.0808513537515,32.18667557087525
GMASS-2540,A,-0.3000000000000014,-2.606927409808032,9,308.77341974883353,1.418522998114685,593.795037978526,31.761861936812636
GMASS-2540,A,-0.15000000000000147,-1.303463704904023,14,-276.1995067862383,1.3105517656319274,-531.1528976658429,60.217843232072866
GMASS-2540,A,-1.5543122344752192e-15,-1.3506597224844664e-14,18,10.685368567474077,1.81269939603191,20.548785706680917,115.69316687453572
GMASS-2540,A,0.14999999999999836,1.3034637049039959,13,-18.601749329699135,1.5669661445607534,-35.77259486480603,82.62005145797804
GMASS-2540,A,0.29999999999999827,2.6069274098080055,6,-200.83045800404682,2.9735083025488693,-386.21241923855155,45.48181522669301
GMASS-2540,A,0.4499999999999982,3.9103911147120147,3,-73.85167642970502,4.0755183972168,-142.02245467250967,43.76882221858465
GMASS-2540,A,0.5999999999999981,5.213854819616024,6,-95.12495151022387,2.5242164289713434,-182.9325990581228,47.84493663931513
GMASS-2540,A,0.749999999999998,6.517318524520033,9,-86.30783694860207,4.270972626645991,-165.97660951654245,84.05988905897851
GMASS-2540,A,1.0499999999999978,9.124245934328052,5,1476.923713184003,5.242997377095908,2840.237909969236,137.24609979197768
GMASS-2540,A,1.1999999999999977,10.427709639232061,8,1465.330179804489,7.490547910625138,2817.942653470171,235.58901309315215
GMASS-2540,A,1.3499999999999976,11.73117334413607,1,1420.3865380360462,3.758633649996827,2731.5125731462426,22.403585648898005
GMASS-2540,B,-1.8000000000000005,-15.641564458848126,5,-986.5973569269937,3.5281713903834984,-1897.3026094749878,42.116057282802295
GMASS-2540,B,-1.6500000000000006,-14.338100753944117,4,1354.0153673493485,5.68464627167072,2603.8757064410547,90.43607442988049
GMASS-2540,B,-1.5000000000000007,-13.034637049040107,9,-278.639100446827,3.433833995888719,-535.8444239362058,68.77170530076774
GMASS-2540,B,-1.3500000000000008,-11.731173344136097,7,152.17286027188658,1.9631631337342943,292.6401159074742,47.791331595637686
GMASS-2540,B,-1.2000000000000008,-10.42770963923209,9,-696.5450642054118,2.192421132271307,-1339.5097388565612,65.06347155069619
GMASS-2540,B,-1.050000000000001,-9.12424593432808,10,73.0032060844004,2.696013716387157,140.39078093153924,60.48782046700376
GMASS-2540,B,-0.900000000000001,-7.82078222942407,11,-52.9853621234924,3.1013667877809894,-101.8949271605623,88.45560348664192
GMASS-2540,B,-0.7500000000000011,-6.517318524520061,6,-824.486962093435,3.1077876813501466,-1585.5518501796826,33.98245607204296
GMASS-2540,B,-0.6000000000000012,-5.213854819616051,4,166.86213448428535,5.554684354407883,320.8887201620872,64.00340265468004
GMASS-2540,B,-0.4500000000000013,-3.910391114712042,4,762.1799498092113,6.399383155556042,1465.7306727100217,94.4144368971294
GMASS-2540,B,-0.3000000000000014,-2.606927409808032,11,418.3192706354958,1.9202070680812837,804.4601358374919,36.59814372989533
GMASS-2540,B,-0.15000000000000147,-1.303463704904023,12,-484.3699106325343,1.8815281605666767,-931.4805973702582,65.13464167124395
GMASS-2540,B,-1.5543122344752192e-15,-1.3506597224844664e-14,16,1.3875294851265427,2.798924558314351,2.668325932935659,127.1546673487717
GMASS-2540,B,0.14999999999999836,1.3034637049039959,10,107.50026137124713,1.979320237196468,206.73127186778294,70.4863540510472
GMASS-2540,B,0.29999999999999827,2.6069274098080055,5,405.0688102179726,4.189445531055289,778.9784811884089,62.66459729765721
GMASS-2540,B,0.4499999999999982,3.9103911147120147,2,-569.5458707185261,6.7190780109908665,-1095.2805206125502,46.03224575219296
GMASS-2540,B,0.5999999999999981,5.213854819616024,10,-23.217015870558264,2.383815325869297,-44.64810744338128,68.72359564958712
GMASS-2540,B,0.749999999999998,6.517318524520033,6,263.623894623555,3.6231600270730704,506.96902812222106,60.47610188206397
GMASS-2540,B,1.0499999999999978,9.124245934328052,1,-907.3813988481107,6.018232949745881,-1744.964228554059,27.03667182929384
GMASS-2540,B,1.1999999999999977,10.427709639232061,3,-491.253544906704,5.887363346407542,-944.7183555898154,98.45791283564883
GMASS-2540,B,1.3499999999999976,11.73117334413607,2,1139.752795289958,6.392884119773599,2191.8322986345343,51.62066035057158
GMASS-2540,B,1.4999999999999976,13.03463704904008,1,839.3820555794401,8.736588379876592,1614.1962607296925,24.583497062567314
K20-ID6,A,-1.35,-11.402240400274902,2,-804.1906551787614,6.0873742935555155,-1546.5204907283874,56.34432774819284
K20-ID6,A,-1.2000000000000002,-10.135324800244359,3,796.1737234261145,6.191596168876396,1531.1033142809895,86.40803084653959
K20-ID6,A,-1.0500000000000003,-8.868409200213815,4,1390.102428555081,3.9614541640992553,2673.273901067463,127.23482198561275
K20-ID6,A,-0.9000000000000004,-7.601493600183271,9,1296.2601093013077,3.3383307126929678,2492.807902502515,87.01644302346521
K20-ID6,A,-0.7500000000000004,-6.334578000152727,4,-543.2719344496833,4.6609215694934045,-1044.7537200955446,53.71061596721378
K20-ID6,A,-0.4500000000000006,-3.8007468000916393,5,16.921577320946763,5.27412098582492,32.54149484797454,55.47204809459356
K20-ID6,A,-0.3000000000000007,-2.5338312000610954,10,622.2920030984275,3.5172387190734957,1196.715390573899,69.72403910516907
K20-ID6,A,-0.1500000000000008,-1.2669156000305515,17,-16.586556136706836,2.537415765436582,-31.897223339820837,88.62201117758467
K20-ID6,A,-8.881784197001252e-16,-7.501647303523767e-15,15,6.986859887275504,4.659221209312198,13.436269013991353,202.2021253113031
K20-ID6,A,0.14999999999999902,1.2669156000305364,16,369.465135687454,3.027186539007625,710.5098763220269,106.47795435606204
K20-ID6,A,0.29999999999999893,2.5338312000610803,11,722.4016658850041,2.9694279995426758,1389.2339728557772,91.99552711179093
K20-ID6,A,0.44999999999999885,3.8007468000916242,4,40.24225871105396,5.553964299490367,77.38895905971914,56.69737446169766
K20-ID6,A,0.5999999999999988,5.067662400122168,2,-22.630528688826175,3.8129708330218333,-43.52024747851187,39.26171137017337
K20-ID6,A,0.7499999999999987,6.334578000152712,1,-900.6650501834093,8.111577104882787,-1732.0481734296334,25.413063243052406
K20-ID6,A,0.8999999999999986,7.601493600183256,2,-372.962817049543,6.834319577169065,-717.2361866337365,54.65844388319575
K20-ID6,A,1.0499999999999985,8.868409200213799,1,-1119.540416709514,9.97967952457202,-2152.9623398259882,65.68996625929152
K20-ID6,A,1.1999999999999984,10.135324800244344,7,260.92294425387075,5.220707323945978,501.77489279590526,115.61896076018031
K20-ID6,B,-1.35,-11.402240400274902,7,-530.1451537492349,3.0175996366599187,-1019.5099110562209,41.75210016715626
K20-ID6,B,-1.2000000000000002,-10.135324800244359,7,-277.0727861756281,2.5373382876559125,-532.8322811069771,48.441307146882714
K20-ID6,B,-1.0500000000000003,-8.868409200213815,8,439.6221506916776,2.9841626446374643,845.4272128686107,51.42585307258944
K20-ID6,B,-0.9000000000000004,-7.601493600183271,8,1072.0957502326078,3.137478292454177,2061.722596601169,72.21917529538025
K20-ID6,B,-0.7500000000000004,-6.334578000152727,6,-101.2543347469732,4.325596716038053,-194.71987451341,73.357636603804
K20-ID6,B,-0.6000000000000005,-5.067662400122183,5,-743.2227593158882,3.4452206601633066,-1429.274537145939,39.37940219805999
K20-ID6,B,-0.4500000000000006,-3.8007468000916393,7,308.8923390652044,2.865296966711305,594.0237289715469,84.10560477085777
K20-ID6,B,-0.3000000000000007,-2.5338312000610954,16,601.395483793632,2.4435391898086993,1156.5297765262153,63.790713991885426
K20-ID6,B,-0.1500000000000008,-1.2669156000305515,11,-9.783868801098329,2.842346505816808,-18.81513230980448,85.80888670969362
K20-ID6,B,-8.881784197001252e-16,-7.501647303523767e-15,12,-407.99913436016584,4.6748117507990905,-784.6137199233958,160.10654084695864
K20-ID6,B,0.14999999999999902,1.2669156000305364,16,346.5757196033403,3.0562359570431634,666.4917684679621,110.13462818578964
K20-ID6,B,0.29999999999999893,2.5338312000610803,14,695.5922305943479,3.3143316994134646,1337.677366527592,99.47149399271485
K20-ID6,B,0.44999999999999885,3.8007468000916242,9,161.79168334547788,3.038463071859924,311.1378525874575,55.00622938073681
K20-ID6,B,0.5999999999999988,5.067662400122168,5,191.24968117714425,3.147721364031371,367.7878484175851,45.109832577709014
K20-ID6,B,0.8999999999999986,7.601493600183256,6,71.54724599618044,4.160743721253709,137.59085768496237,49.9308178389581
K20-ID6,B,1.0499999999999985,8.868409200213799,4,576.4593201040517,3.1848190407968207,1108.5756155847148,34.88289115799205
K20-ID6,B,1.1999999999999984,10.135324800244344,4,1501.7857122934045,7.746697223905851,2888.0494467180856,133.1765618675436
K20-ID6,B,1.3499999999999983,11.402240400274888,2,-510.9855938123678,5.816553855505688,-982.6646034853227,52.00302445179643
K20-ID7,A,-2.25,-19.018958495572235,4,-767.2732980954178,2.945189647647607,-843.157470434525,145.91982824437866
K20-ID7,A,-2.1000000000000005,-17.751027929200756,8,-867.2490760870203,2.0146987262146974,-953.0209627329893,99.63492715215993
K20-ID7,A,-1.9500000000000004,-16.483097362829273,4,-527.2380541063164,4.41738279543405,-579.3824770399082,91.24390797653118
K20-ID7,A,-1.8000000000000005,-15.215166796457792,5,-455.1189389386362,2.7953020631876213,-500.1307021303694,42.07021642872867
K20-ID7,A,-1.6500000000000006,-13.94723623008631,1,1448.725701999712,11.416133832177191,1592.0062659337495,57.30570557388686
K20-ID7,A,-1.5000000000000007,-12.679305663714828,4,361.2412717705957,2.473264261943361,396.96843051713813,35.31412347458456
K20-ID7,A,-1.3500000000000008,-11.411375097343347,1,-1509.1221403753295,35.68926285006233,-1658.375978434428,316.52648310371717
K20-ID7,A,-1.2000000000000008,-10.143444530971866,1,-891.4474872691911,9.507995595788115,-979.6126233727375,49.879518384821125
K20-ID7,A,-1.050000000000001,-8.875513964600383,6,447.3856019124724,2.6111294246188663,491.63252957414545,33.366363535400694
K20-ID7,A,-0.900000000000001,-7.607583398228902,5,-556.4708752158175,2.5957062302230716,-611.5064562811181,40.82692551246036
K20-ID7,A,-0.7500000000000011,-6.339652831857421,15,-41.990497972053134,1.981288150409095,-46.143404364893556,65.84219371259634
K20-ID7,A,-0.6000000000000012,-5.071722265485939,14,-26.04002233457693,3.877082887760844,-28.615409158875746,74.2598430531979
K20-ID7,A,-0.4500000000000013,-3.803791699114458,14,-21.523230214540316,3.9239809650820954,-23.651901334659687,82.62720901366436
K20-ID7,A,-0.3000000000000014,-2.5358611327429763,8,409.6988324856468,3.7908627291176686,450.2184972369745,75.70222478111373
K20-ID7,A,-0.15000000000000147,-1.2679305663714946,12,280.8538104059271,2.6781202734690943,308.63056088563417,72.31345031610321
K20-ID7,A,-1.5543122344752192e-15,-1.3138399945175258e-14,6,-492.4211924133714,2.930292571379133,-541.1221894652433,49.03334837032756
K20-ID7,A,0.14999999999999836,1.2679305663714684,13,-77.18481421232651,3.1735200101112757,-84.81847715640276,91.90214186403111
K20-ID7,A,0.29999999999999827,2.53586113274295,14,1.7705214079296951,1.953983257308305,1.9456279208018628,108.45724041819328
K20-ID7,A,0.4499999999999982,3.8037916991144316,16,7.757852290697201,1.030380841216913,8.525112407359561,99.79207790528643
K20-ID7,A,0.5999999999999981,5.071722265485913,19,-8.837534755091431,0.8088319260701471,-9.711576653946628,98.88967677401892
K20-ID7,A,0.749999999999998,6.339652831857395,19,-15.438061085959276,0.797831531576562,-16.96490229226294,81.71062597535898
K20-ID7,A,0.8999999999999979,7.6075833982288765,18,-138.96486294140132,2.063681064707167,-152.7086405949465,123.369827958763
K20-ID7,A,1.0499999999999978,8.875513964600358,11,645.5999615210166,2.5293599846450876,709.4505071659522,145.48899568116255
K20-ID7,A,1.1999999999999977,10.14344453097184,3,1196.6910518076422,2.9259462372075467,1315.04511187653,22.964097513897286
K20-ID7,A,1.3499999999999976,11.41137509734332,5,-485.0224458543905,2.42471402782919,-532.9916987410885,28.028480344451083
K20-ID7,A,1.4999999999999976,12.679305663714802,10,-698.0189628900014,1.9882847948365732,-767.0538053736278,40.824263998471345
K20-ID7,A,1.6499999999999975,13.947236230086284,5,589.2913447650761,2.7512550181533495,647.5729063352485,44.08124082778026
K20-ID7,A,1.7999999999999974,15.215166796457765,4,-763.6613872758865,3.729535706525348,-839.1883376658093,41.83750882842572
K20-ID7,A,1.9499999999999973,16.48309736282925,4,-235.16274262933132,3.6079377159701336,-258.4205962959685,43.319520829831305
K20-ID7,A,2.099999999999997,17.751027929200728,6,-1030.8352640067276,5.137862175598191,-1132.7860044029974,96.26459469012316
K20-ID7,A,2.2499999999999973,19.01895849557221,5,-891.2430329680149,3.899218808487221,-979.3879483164998,135.34232391593576
K20-ID7,B,-1.9500000000000004,-16.483097362829273,2,-1087.2477611518216,16.012343764108646,-1194.7777595074963,146.95471466875563
K20-ID7,B,-1.8000000000000005,-15.215166796457792,3,-323.49171055182717,7.660448785660983,-355.4853962107991,120.91458477952592
K20-ID7,B,-1.6500000000000006,-13.94723623008631,6,-810.8289697414809,3.1653952961513285,-891.0208458697592,41.69879622763887
K20-ID7,B,-1.5000000000000007,-12.679305663714828,4,-912.9739049927318,4.377281451990144,-1003.2680274645404,47.464772681866535
K20-ID7,B,-1.3500000000000008,-11.411375097343347,9,211.6445556173726,2.9859697883968397,232.57643474436549,69.2057220413081
K20-ID7,B,-1.2000000000000008,-10.143444530971866,3,-219.88267735357238,6.8887781811608235,-241.62931577315643,72.16945654236814
K20-ID7,B,-1.050000000000001,-8.875513964600383,7,-920.7863927884871,6.172534695957682,-1011.8531788884474,150.0328748181009
K20-ID7,B,-0.900000000000001,-7.607583398228902,5,-281.9566351026961,5.466999356150422,-309.8424561568089,158.76768106945843
K20-ID7,B,-0.7500000000000011,-6.339652831857421,10,-548.0291625222145,3.8871411014641364,-602.2298489255104,99.70572012492357
K20-ID7,B,-0.6000000000000012,-5.071722265485939,10,-250.314150958552,3.821768215556401,-275.07049555884834,80.131828767507
K20-ID7,B,-0.4500000000000013,-3.803791699114458,11,8.107140189412105,2.826849775833447,8.908945263090224,52.22704249873703
K20-ID7,B,-0.3000000000000014,-2.5358611327429763,10,468.0590539037694,3.2679284943041305,514.3506086854609,58.05873800780559
K20-ID7,B,-0.15000000000000147,-1.2679305663714946,11,579.1757991581383,2.561478819008777,636.4569221518003,69.59739415591483
K20-ID7,B,-1.5543122344752192e-15,-1.3138399945175258e-14,13,-800.0318988035207,2.375375862624282,-879.1559327511216,57.10471078756752
K20-ID7,B,0.14999999999999836,1.2679305663714684,10,154.64820633844698,4.414147266250673,169.94308388840327,71.48967684147631
K20-ID7,B,0.29999999999999827,2.53586113274295,15,-3.7692389390438503,2.36714925419517,-4.142020812136099,92.07960728542692
K20-ID7,B,0.4499999999999982,3.8037916991144316,19,-10.065056409177718,0.9842198983982688,-11.060501548546942,85.33632032773416
K20-ID7,B,0.5999999999999981,5.071722265485913,18,-9.781287881405698,0.7616998964444016,-10.748668001544722,82.11149451980765
K20-ID7,B,0.749999999999998,6.339652831857395,17,-9.309716394821507,0.9517679738429704,-10.23045757672693,81.85877814033219
K20-ID7,B,0.8999999999999979,7.6075833982288765,19,90.16669345989614,2.5589989017541654,99.08427852735839,117.86775124581827
K20-ID7,B,1.0499999999999978,8.875513964600358,3,39.07921172748917,6.210104332491321,42.94418871152656,41.99907666814034
K20-ID7,B,1.1999999999999977,10.14344453097184,10,-1092.3371549057358,5.783007561201728,-1200.3704998964129,133.5150653835243
K20-ID7,B,1.3499999999999976,11.41137509734332,8,106.69334382066786,6.497700167363925,117.24543276996468,119.66265835860098
K20-ID7,B,1.4999999999999976,12.679305663714802,13,579.772206638028,2.7578060780131186,637.112314986844,92.37173681806658
K20-ID7,B,1.6499999999999975,13.947236230086284,8,367.43175290342975,4.813940464180448,403.771157036736,89.22869269386003
K20-ID7,B,1.7999999999999974,15.215166796457765,4,233.23741204065297,3.93118350126858,256.3048483963219,47.993542814256074
Q1623-BX455,A,-1.35,-11.246857273900844,5,1013.0162551964619,3.6995253818991705,1033.6900563229203,96.10953686282755
Q1623-BX455,A,-1.2000000000000002,-9.99720646568964,2,1177.0180953555687,6.239285587177208,1201.0388728118048,65.27478186582246
Q1623-BX455,A,-1.0500000000000003,-8.747555657478436,5,-1211.8576187598221,10.621872155728418,-1236.5894068977777,158.62038525164937
Q1623-BX455,A,-0.9000000000000004,-7.497904849267232,8,-33.104264606536084,4.937941898353447,-33.77986184340417,117.2572478962512
Q1623-BX455,A,-0.7500000000000004,-6.248254041056028,6,59.898364170925845,2.3579830033346845,61.12077976625086,70.403489931879
Q1623-BX455,A,-0.6000000000000005,-4.9986032328448236,5,-254.04303201530132,12.196207505946658,-259.22758368908296,155.78632437812573
Q1623-BX455,A,-0.4500000000000006,-3.7489524246336194,7,-798.18680595162,3.804764768564824,-814.4763326036939,93.22313892775219
Q1623-BX455,A,-0.3000000000000007,-2.4993016164224158,14,-92.53018601271602,1.94173333308781,-94.41855715583267,80.96250046703439
Q1623-BX455,A,-0.1500000000000008,-1.2496508082112114,19,-45.430341452571376,0.898952420388722,-46.357491278134056,103.65805498131623
Q1623-BX455,A,-8.881784197001252e-16,-7.399419200093415e-15,18,-6.454405867926335,0.8070178669546862,-6.586128436659525,112.60341106940885
Q1623-BX455,A,0.14999999999999902,1.2496508082111968,19,38.62550042255731,1.1382355161590019,39.41377594138501,111.88120455463618
Q1623-BX455,A,0.29999999999999893,2.4993016164224007,12,67.70689716111738,3.090289032328659,69.08867057256876,118.82723302722816
Q1623-BX455,A,0.44999999999999885,3.748952424633605,5,56.07150758258029,2.7675701196939717,57.21582406385744,127.76389691623407
Q1623-BX455,A,0.5999999999999988,4.998603232844809,1,-662.9818422146658,27.803712684825552,-676.5120838925161,154.01570949177986
Q1623-BX455,A,0.7499999999999987,6.248254041056013,8,1334.4199377431194,2.9919794317932866,1361.6529976970605,56.56268992109329
Q1623-BX455,A,0.8999999999999986,7.497904849267217,11,1191.295484730718,2.635097976424614,1215.6076374803245,83.596660608002
Q1623-BX455,A,1.0499999999999985,8.74755565747842,6,1008.6689115613971,3.6621658722370882,1029.2539913891808,54.748228522171694
Q1623-BX455,A,1.1999999999999984,9.997206465689626,11,1045.4438332550178,2.0908384682050944,1066.7794216887937,66.3701253369071
Q1623-BX455,A,1.3499999999999983,11.24685727390083,9,675.8583602249304,2.7977385414921345,689.6513879846228,78.12641652148204
Q1623-BX455,A,1.4999999999999982,12.496508082112033,1,689.8113957458982,3.5284566303127867,703.8891793325491,24.5150350868668
Q1623-BX455,B,-1.5,-12.496508082112047,4,771.6384150603733,4.868223869659165,787.3861378167074,48.023448966775966
Q1623-BX455,B,-1.35,-11.246857273900844,9,-680.9726444163472,3.394854673551783,-694.8700453228032,76.35151120454938
Q1623-BX455,B,-1.2000000000000002,-9.99720646568964,6,-914.6285258008984,5.034742510508319,-933.2944140825493,116.61317440238516
Q1623-BX455,B,-1.0500000000000003,-8.747555657478436,8,-1120.8834334390108,5.787600404491978,-1143.758605550011,136.84168237767435
Q1623-BX455,B,-0.9000000000000004,-7.497904849267232,12,344.667968329003,3.6970031558336522,351.70200849898265,114.5040571368628
Q1623-BX455,B,-0.7500000000000004,-6.248254041056028,4,457.43738504838603,2.783295083656179,466.7728418861082,29.851634229682485
Q1623-BX455,B,-0.6000000000000005,-4.9986032328448236,9,-271.68704310221534,5.3598957071737265,-277.23167663491364,97.76524558692351
Q1623-BX455,B,-0.4500000000000006,-3.7489524246336194,8,233.30637814662876,3.001610145219805,238.0677328026824,61.29848519904802
Q1623-BX455,B,-0.3000000000000007,-2.4993016164224158,15,-104.56066275445541,2.0114447612060524,-106.69455383107695,74.99336375698451
Q1623-BX455,B,-0.1500000000000008,-1.2496508082112114,19,-48.235708769440876,1.0573858402374374,-49.22011098922538,98.49363508939031
Q1623-BX455,B,-8.881784197001252e-16,-7.399419200093415e-15,16,-7.43458907457754,1.041263537704282,-7.586315382221979,113.58203678003728
Q1623-BX455,B,0.14999999999999902,1.2496508082111968,19,-31.09916834180602,1.4210714205423216,-31.733845246740838,108.89163748105655
Q1623-BX455,B,0.29999999999999893,2.4993016164224007,16,83.69324595341729,2.789254717875699,85.40127138103806,105.56770651530532
Q1623-BX455,B,0.44999999999999885,3.748952424633605,4,-6.514389079989224,4.208307920638966,-6.647335795907371,123.84226684258648
Q1623-BX455,B,0.5999999999999988,4.998603232844809,6,-619.6340315365406,6.805166314796117,-632.2796240168782,97.29527358023132
Q1623-BX455,B,0.7499999999999987,6.248254041056013,6,1359.8434435264544,3.4949457200223955,1387.5953505371983,51.786144079932946
Q1623-BX455,B,0.8999999999999986,7.497904849267217,12,843.114941673406,2.6792820784675966,860.3213690544959,78.41437285358803
Q1623-BX455,B,1.0499999999999985,8.74755565747842,8,1015.5962723183285,5.227578325397683,1036.3227268554372,129.77913370865974
Q1623-BX455,B,1.1999999999999984,9.997206465689626,7,-184.68877262349747,3.5720731708579745,-188.45793124846682,98.92733820115356
Q1623-BX455,B,1.3499999999999983,11.24685727390083,10,414.9594364086705,3.6223730974823347,423.42799633537805,96.8302813954612
Q1623-BX455,B,1.4999999999999982,12.496508082112033,6,-86.79733160242368,2.668849461092188,-88.56870571675886,106.22407252700755
Q1623-BX502,A,-1.05,-8.919009881645493,3,228.53881690088397,4.531854554342621,296.8036583128363,35.549449020573554
Q1623-BX502,A,-0.9000000000000001,-7.644865612838995,1,153.40589958927316,5.8714618637908425,199.22844102503007,26.328017785800338
Q1623-BX502,A,-0.7500000000000002,-6.370721344032496,3,-425.996631235533,5.7802543032956155,-553.242378227965,55.581876663816864
Q1623-BX502,A,-0.6000000000000003,-5.096577075225999,2,-1078.025801388931,6.641943379520363,-1400.0335082973131,44.35795225457108
Q1623-BX502,A,-0.4500000000000004,-3.8224328064195,8,41.66417817816757,6.991893557506504,54.10932230930853,134.55859117036258
Q1623-BX502,A,-0.3000000000000005,-2.548288537613002,18,20.10314653642435,1.1513247962780817,26.10798251483682,83.34776572522728
Q1623-BX502,A,-0.15000000000000058,-1.2741442688065039,18,11.348737642588862,0.7112928662419126,14.73862031505047,71.78998436986745
Q1623-BX502,A,-6.661338147750939e-16,-5.658337215692639e-15,19,0.3990832692256203,0.6882472016116853,0.5182899600332731,72.97021523280188
Q1623-BX502,A,0.14999999999999925,1.2741442688064926,18,-7.536728005815058,0.7071067811865476,-9.787958449110464,68.91245531701068
Q1623-BX502,A,0.29999999999999916,2.5482885376129905,18,-8.94396244485144,0.7944019481832405,-11.615535642664208,67.14850967858985
Q1623-BX502,A,0.44999999999999907,3.822432806419489,16,-21.377045606333418,2.1049071872804093,-27.7623968913421,116.82684566979444
Q1623-BX502,A,0.599999999999999,5.096577075225987,3,795.2937333631461,3.494067207698369,1032.8490043677223,31.457579569559524
Q1623-BX502,A,0.7499999999999989,6.370721344032485,8,-1068.2716488132799,2.3243486291809394,-1387.3657776795842,46.236443539571184
Q1623-BX502,A,0.8999999999999988,7.644865612838983,4,-1405.3932272977147,2.7282710560614336,-1825.1860094775516,33.89095074690959
Q1623-BX502,A,1.0499999999999987,8.919009881645481,3,-508.2541491906637,3.6220543587474876,-660.0703236242385,28.057660949019766
Q1623-BX502,A,1.1999999999999986,10.19315415045198,1,394.32672220037347,3.846432895513326,512.1126262342513,25.864967253464886
Q1623-BX502,B,-1.2000000000000002,-10.193154150451992,7,-660.8826758457986,2.2179766468413353,-858.2891894101281,46.934532732731576
Q1623-BX502,B,-1.0500000000000003,-8.919009881645495,4,-15.722363280124862,3.8051809186645236,-20.418653610551768,47.92393484832842
Q1623-BX502,B,-0.9000000000000004,-7.644865612838997,7,-284.7002974364702,3.1521289652381865,-369.7406460213898,44.67973693623652
Q1623-BX502,B,-0.7500000000000004,-6.370721344032498,5,74.44040966244643,5.23478871575415,96.67585670447588,73.83518462605647
Q1623-BX502,B,-0.6000000000000005,-5.0965770752260005,8,-324.74392267539275,5.445714870783294,-421.74535412388667,75.84841371109184
Q1623-BX502,B,-0.4500000000000006,-3.822432806419502,11,93.37064957483173,5.573994920295879,121.26058386341784,92.30794696328006
Q1623-BX502,B,-0.3000000000000007,-2.548288537613004,17,20.598962223710995,1.4971144677325574,26.75189899183246,65.9169142810362
Q1623-BX502,B,-0.1500000000000008,-1.2741442688065057,19,13.832748148891085,0.7509072879819567,17.964607985572837,66.79518543712693
Q1623-BX502,B,-8.881784197001252e-16,-7.544449620923518e-15,19,3.2359169292758865,0.6882472016116853,4.202489518540112,75.19924534799698
Q1623-BX502,B,0.14999999999999902,1.2741442688064906,19,-8.015445407127217,0.6948103388677149,-10.409669359905477,69.38458270770127
Q1623-BX502,B,0.29999999999999893,2.5482885376129887,17,-9.322586525301787,1.1149428788300277,-12.107255227664659,68.6607849360351
Q1623-BX502,B,0.44999999999999885,3.822432806419487,14,-45.588156676135085,3.3289561396191303,-59.205398280694915,123.0104332761499
Q1623-BX502,B,0.5999999999999988,5.096577075225985,2,46.31910372105323,4.6781279626105094,60.154680157211985,22.865302485365344
Q1623-BX502,B,0.7499999999999987,6.370721344032483,4,-437.9405009089305,3.5792084926773704,-568.7538972843254,41.423446066041194
Q1623-BX502,B,0.8999999999999986,7.644865612838982,6,-479.4963406803072,5.025709078711682,-622.7225203640353,79.7550738634532
Q1623-BX502,B,1.0499999999999985,8.91900988164548,2,-979.8571943302518,7.623415526097375,-1272.5418108185088,85.35169371296635
Q1623-BX502,B,1.1999999999999984,10.193154150451978,4,-190.80140854109476,5.194822815916084,-247.79403706635682,69.06252171443234
Q1623-BX543,A,-1.2000000000000002,-9.90035725047837,2,-988.4166674087589,5.890177275970347,-1098.2407415652876,41.80687480601469
Q1623-BX543,A,-1.0500000000000003,-8.662812594168575,7,-542.5539140202179,2.587418858819491,-602.8376822446866,89.32840048089989
Q1623-BX543,A,-0.9000000000000004,-7.42526793785878,7,64.24493339683957,3.6985356092179646,71.38325932982174,94.07895272848553
Q1623-BX543,A,-0.7500000000000004,-6.187723281548984,13,-819.1426486981536,2.3388994857299688,-910.1584985535039,95.57775512863093
Q1623-BX543,A,-0.6000000000000005,-4.950178625239189,19,-57.26929549354543,2.4088031752251755,-63.632550548383804,110.91240178183023
Q1623-BX543,A,-0.4500000000000006,-3.7126339689293935,18,-17.26743342068975,1.957681845512312,-19.18603713409972,122.63786389772801
Q1623-BX543,A,-0.3000000000000007,-2.4750893126195983,17,-26.161565263111548,1.4705570019827086,-29.06840584790172,141.95858847984667
Q1623-BX543,A,-0.1500000000000008,-1.2375446563098027,17,-40.86765007184553,0.9551233271662428,-45.408500079828364,158.89684986376517
Q1623-BX543,A,-8.881784197001252e-16,-7.327736380997129e-15,20,-44.45187673750375,0.7202944039378864,-49.39097415278194,152.57390123130182
Q1623-BX543,A,0.14999999999999902,1.237544656309788,17,-27.864641522637008,0.8295890835704788,-30.960712802930008,131.33756060947968
Q1623-BX543,A,0.29999999999999893,2.4750893126195836,17,-12.91168205942173,1.306367447948499,-14.346313399357477,145.39613364303491
Q1623-BX543,A,0.44999999999999885,3.712633968929379,18,6.595657101185965,2.2964468458027474,7.328507890206627,171.2406298156399
Q1623-BX543,A,0.5999999999999988,4.950178625239174,18,-1.0581248928041913,4.18962844944853,-1.1756943253379903,175.84721676406014
Q1623-BX543,A,0.7499999999999987,6.18772328154897,12,411.9770111185606,5.480805663026609,457.7522345761784,171.23783455522792
Q1623-BX543,A,0.8999999999999986,7.425267937858765,3,846.0837935451405,2.335785599040192,940.0931039390449,31.453873177799423
Q1623-BX543,A,1.0499999999999985,8.66281259416856,4,-119.75241043893287,5.833279819276135,-133.0582338210365,133.85915196347327
Q1623-BX543,A,1.1999999999999984,9.900357250478356,7,-877.2700881754745,3.0840321293338873,-974.7445424171939,95.28117090363891
Q1623-BX543,A,1.3499999999999983,11.137901906788152,4,-1326.1697536283448,3.5690076249072855,-1473.5219484759386,83.4727659406674
Q1623-BX543,B,-1.0500000000000003,-8.662812594168575,9,437.83000501299483,4.439681448376724,486.477783347772,106.69535465787176
Q1623-BX543,B,-0.9000000000000004,-7.42526793785878,13,-754.2551817768353,2.465305661493659,-838.0613130853726,75.2084906278029
Q1623-BX543,B,-0.7500000000000004,-6.187723281548984,13,-773.2166330752516,2.1093711347096806,-859.1295923058351,57.62215457106121
Q1623-BX543,B,-0.6000000000000005,-4.950178625239189,15,-46.597770527897346,2.4955086813080296,-51.7753005865526,98.02076537472648
Q1623-BX543,B,-0.4500000000000006,-3.7126339689293935,19,-1.1526116209830375,2.9574508488622806,-1.2806795788700416,138.07920931338452
Q1623-BX543,B,-0.3000000000000007,-2.4750893126195983,18,-24.682069958794425,2.1946519852013218,-27.42452217643825,141.15851112683896
Q1623-BX543,B,-0.1500000000000008,-1.2375446563098027,18,-40.03528790021847,1.36120002004551,-44.483653222464966,156.09882437385335
Q1623-BX543,B,-8.881784197001252e-16,-7.327736380997129e-15,18,-48.02897591371105,1.0621749672517784,-53.365528793012274,154.96210512520963
Q1623-BX543,B,0.14999999999999902,1.237544656309788,18,-27.14544262512949,1.0912683926919409,-30.161602916810544,123.29594344167276
Q1623-BX543,B,0.29999999999999893,2.4750893126195836,18,-20.803262203198813,1.6521330251473763,-23.114735781332012,134.21837625957352
Q1623-BX543,B,0.44999999999999885,3.712633968929379,18,20.987314779875348,2.4658217574667747,23.31923864430594,135.3288019818842
Q1623-BX543,B,0.5999999999999988,4.950178625239174,17,36.52201093422344,3.7159598773377196,40.580012149137154,152.0081806792094
Q1623-BX543,B,0.7499999999999987,6.18772328154897,10,-205.09965004323598,4.763066461874471,-227.88850004804,140.20109891918963
Q1623-BX543,B,0.8999999999999986,7.425267937858765,7,841.1643382632163,6.135217353334098,934.6270425146848,114.25240858197124
Q1623-BX543,B,1.0499999999999985,8.66281259416856,10,95.00360240496607,4.388927236919855,105.55955822774008,91.1097934700108
Q1623-BX543,B,1.1999999999999984,9.900357250478356,9,700.59645041046,4.382623889415884,778.4405004560666,82.27828770774397
Q1623-BX543,B,1.3499999999999983,11.137901906788152,1,-156.4079385693,5.929852728866251,-173.78659841033334,31.290749582608615
Q1623-BX599,A,-1.0500000000000003,-8.802574694304258,11,1423.378225623753,6.316412632017384,1923.4840886807474,284.9803903579888
Q1623-BX599,A,-0.9000000000000004,-7.545064023689365,9,-544.161896285653,4.025890608105376,-735.3539138995311,217.64896438104122
Q1623-BX599,A,-0.7500000000000004,-6.287553353074473,3,319.5888135814278,2.6634615550674385,431.8767751100376,23.261369744745537
Q1623-BX599,A,-0.6000000000000005,-5.030042682459579,8,265.2656636156587,2.9134474875050125,358.4671129941334,121.03257391642931
Q1623-BX599,A,-0.4500000000000006,-3.7725320118446866,19,5.385541665256474,2.9447856215523256,7.277759007103343,164.7927943973442
Q1623-BX599,A,-0.3000000000000007,-2.5150213412297933,18,-6.706550377990524,1.509831097281273,-9.06290591620341,189.12552604521753
Q1623-BX599,A,-0.1500000000000008,-1.2575106706149004,17,14.756814204289347,0.8546434074423108,19.941640816607226,183.5514097049401
Q1623-BX599,A,-8.881784197001252e-16,-7.445958934551874e-15,18,27.675183943168467,0.7071067811865476,37.39889722049793,169.2851371238309
Q1623-BX599,A,0.14999999999999902,1.2575106706148855,17,31.42641809882566,0.7305199178600531,42.468132565980625,172.316568491528
Q1623-BX599,A,0.29999999999999893,2.5150213412297786,18,40.29094767951428,0.8288312735271055,54.44722659393822,164.91580255911288
Q1623-BX599,A,0.44999999999999885,3.7725320118446715,19,28.999371189807587,1.5447511391560116,39.188339445685926,142.24923020550233
Q1623-BX599,A,0.5999999999999988,5.030042682459564,14,33.362944193336716,3.041919152197965,45.08505972072529,129.69338607390554
Q1623-BX599,A,0.7499999999999987,6.287553353074458,2,1258.9780374266604,13.47570649142626,1701.3216721981898,128.65995211705004
Q1623-BX599,A,0.8999999999999986,7.545064023689351,6,1295.387009183932,7.112201788272625,1750.5229853836918,124.9093575477446
Q1623-BX599,A,1.0499999999999985,8.802574694304244,5,194.7023022985538,4.485239607493848,263.11121932237,120.24984777485415
Q1623-BX599,A,1.1999999999999984,10.060085364919136,6,955.485952856222,8.909809661726335,1291.197233589489,236.97133417362133
Q1623-BX599,A,1.3499999999999983,11.317596035534029,2,858.4250902253566,15.699121003955993,1160.0339057099413,163.8661232048097
Q1623-BX599,B,-1.35,-11.317596035534045,3,99.53325429425094,10.290535270095365,134.50439769493372,103.49873379317113
Q1623-BX599,B,-1.2000000000000002,-10.060085364919152,3,-1251.302266963149,10.322850624971998,-1690.9490094096607,96.283913840055
Q1623-BX599,B,-1.0500000000000003,-8.802574694304258,7,1103.2346622755872,9.032749988195592,1490.8576517237666,254.9319151176184
Q1623-BX599,B,-0.9000000000000004,-7.545064023689365,5,-321.21143592824603,5.809665680676667,-434.0695080111433,100.10724081246963
Q1623-BX599,B,-0.7500000000000004,-6.287553353074473,4,350.46626104342226,3.9824500009624293,473.60305546408415,70.69181790315444
Q1623-BX599,B,-0.6000000000000005,-5.030042682459579,10,-199.3088306052524,3.53251116667291,-269.3362575746654,108.0336376502988
Q1623-BX599,B,-0.4500000000000006,-3.7725320118446866,16,-24.78274714311186,4.888966598320526,-33.49019884204305,198.04641197333757
Q1623-BX599,B,-0.3000000000000007,-2.5150213412297933,19,-9.409895395507139,2.0285770800867873,-12.71607485879343,188.4056715887114
Q1623-BX599,B,-0.1500000000000008,-1.2575106706149004,18,11.409534967330208,1.140848110668438,15.418290496392173,189.77540986644752
Q1623-BX599,B,-8.881784197001252e-16,-7.445958934551874e-15,18,29.519646613207385,0.7640470586799305,39.89141434217214,164.2757110400902
Q1623-BX599,B,0.14999999999999902,1.2575106706148855,18,30.952049538438217,0.8299637582748586,41.82709397086246,174.492966318331
Q1623-BX599,B,0.29999999999999893,2.5150213412297786,19,46.38717437237149,1.2413764325821193,62.685370773474986,172.4035886021283
Q1623-BX599,B,0.44999999999999885,3.7725320118446715,17,-64.22709642251297,3.1389860462134918,-86.79337354393645,159.94026850403367
Q1623-BX599,B,0.5999999999999988,5.030042682459564,14,39.59837558706767,3.539797313638199,53.51131836090226,104.67389008948372
Q1623-BX599,B,0.7499999999999987,6.287553353074458,2,-259.64631521674465,8.402782247803211,-350.87339894154684,51.34265666923001
Q1623-BX599,B,0.8999999999999986,7.545064023689351,4,760.9868389499234,4.859913641322698,1028.3605931755721,67.26299225821532
Q1623-BX599,B,1.0499999999999985,8.802574694304244,5,-1057.1215796557626,4.85578924082472,-1428.54267521049,91.8438834332122
Q1623-BX599,B,1.1999999999999984,10.060085364919136,5,363.01181158469205,13.1768200823706,490.55650214147573,245.89378764855638
Q1623-BX599,B,1.3499999999999983,11.317596035534029,6,-1020.9859149785062,10.655368177522933,-1379.7106959169002,194.05393619447446
Q2343-BX389,A,-1.65,-13.999250597567794,2,2.700766344438028,12.332103339144222,2.7558840249367633,97.77422218965495
Q2343-BX389,A,-1.5,-12.72659145233436,3,431.6687935054734,4.673446286780318,440.4783607198708,60.1220717562801
Q2343-BX389,A,-1.35,-11.453932307100924,6,-1202.68319690674,5.942298833433909,-1227.2277519456532,157.88972176637162
Q2343-BX389,A,-1.2000000000000002,-10.18127316186749,4,-10.728253003334066,4.146875409676168,-10.947196942177618,72.57389742124782
Q2343-BX389,A,-1.0500000000000003,-8.908614016634054,5,1.925794300589878,7.442023008735485,1.9650962250917123,167.98727578863625
Q2343-BX389,A,-0.9000000000000004,-7.635954871400618,12,-298.32740886502876,4.760236623836589,-304.415723331662,152.83735544670967
Q2343-BX389,A,-0.7500000000000004,-6.363295726167183,16,-115.44733900818436,1.6602080822435397,-117.80340715120853,112.87912289261368
Q2343-BX389,A,-0.6000000000000005,-5.090636580933748,18,-112.75197204523448,1.0240633934257382,-115.05303269921886,88.23427602688115
Q2343-BX389,A,-0.4500000000000006,-3.817977435700313,18,-98.54981859149166,1.209013581995255,-100.56103937907312,92.22367215743934
Q2343-BX389,A,-0.3000000000000007,-2.545318290466878,18,-54.89328078691099,1.187526153415187,-56.01355182337856,103.21982426284953
Q2343-BX389,A,-0.1500000000000008,-1.2726591452334428,19,-41.61414427250521,0.9663832853911483,-42.4634125229645,114.13714103615693
Q2343-BX389,A,-8.881784197001252e-16,-7.535655922868969e-15,18,-21.45972317468119,1.1664548057853759,-21.89767670885836,130.88180092985357
Q2343-BX389,A,0.14999999999999902,1.2726591452334277,17,36.79825409666248,1.706263737541347,37.54923887414539,159.2803179855542
Q2343-BX389,A,0.29999999999999893,2.545318290466863,18,77.8016845397915,2.439549378674514,79.38947402019541,168.37498661043875
Q2343-BX389,A,0.44999999999999885,3.817977435700298,16,41.47808529488479,2.4215384416028822,42.324576831515095,98.27731665338698
Q2343-BX389,A,0.5999999999999988,5.090636580933733,18,38.6991045605359,1.6097748658733413,39.48888220462847,64.40774107458122
Q2343-BX389,A,0.7499999999999987,6.363295726167168,9,106.8061854572861,5.186748529166587,108.98590352784296,109.54886528759658
Q2343-BX389,A,0.8999999999999986,7.635954871400603,1,-300.09420324394887,31.15480276849542,-306.21857473872336,208.35832947071634
Q2343-BX389,A,1.0499999999999985,8.908614016634038,12,468.65063467205056,5.35669890565113,478.2149333388271,158.57188448613994
Q2343-BX389,A,1.1999999999999984,10.181273161867473,3,517.5272234860118,4.109702930219284,528.0890035571549,78.2165610267425
Q2343-BX389,A,1.3499999999999983,11.453932307100908,7,-720.1453890263247,2.9277883592526663,-734.8422337003313,132.38951607558053
Q2343-BX389,A,1.4999999999999982,12.726591452334345,4,-1202.5219574551913,2.8994970776294564,-1227.0632218930525,247.6141592551549
Q2343-BX389,B,-1.2000000000000002,-10.18127316186749,4,-1398.242620732299,3.8869602048317002,-1426.7781844207132,72.407256213471
Q2343-BX389,B,-1.0500000000000003,-8.908614016634054,9,-238.36221413611426,3.7646259917923217,-243.22674911848395,88.58847886361157
Q2343-BX389,B,-0.9000000000000004,-7.635954871400618,5,-198.20076230463513,4.96435707577616,-202.24567582105627,61.48909087547713
Q2343-BX389,B,-0.7500000000000004,-6.363295726167183,10,-124.7509731382284,1.9550885364152049,-127.29691136553919,55.938878865110475
Q2343-BX389,B,-0.6000000000000005,-5.090636580933748,12,-136.17859236579204,1.6189574359087453,-138.9577473120327,71.75634097572205
Q2343-BX389,B,-0.4500000000000006,-3.817977435700313,14,-123.42650710403363,2.28632683284503,-125.94541541227922,85.624261404482
Q2343-BX389,B,-0.3000000000000007,-2.545318290466878,17,-23.875548240468387,2.887301778015867,-24.362804327008558,136.18231715792444
Q2343-BX389,B,-0.1500000000000008,-1.2726591452334428,17,-38.435007053894736,1.8564419906925158,-39.21939495295381,126.68143919602535
Q2343-BX389,B,-8.881784197001252e-16,-7.535655922868969e-15,17,-27.078860776053506,1.5006029677386743,-27.6314905878097,121.04012442061152
Q2343-BX389,B,0.14999999999999902,1.2726591452334277,19,-23.41098987239328,2.233605881130937,-23.888765175911512,146.02091035208264
Q2343-BX389,B,0.29999999999999893,2.545318290466863,16,-85.60782492740086,4.1898706963743715,-87.354923395307,163.5217089801356
Q2343-BX389,B,0.44999999999999885,3.817977435700298,7,215.60838695220937,4.896857388105375,220.00855811449935,76.46452829797424
Q2343-BX389,B,0.5999999999999988,5.090636580933733,5,79.25725358253689,3.328857699153164,80.87474855360907,48.80986307526838
Q2343-BX389,B,0.8999999999999986,7.635954871400603,10,15.326755753351756,4.37244959675824,15.63954668709363,240.86106098614732
Q2343-BX389,B,1.0499999999999985,8.908614016634038,8,-77.73744086543486,5.819775414102098,-79.32391925044374,292.4191304171278
Q2343-BX513,A,-1.2000000000000002,-10.225897086021403,8,-117.505269910444,4.347193642324409,-150.64778193646666,169.262985681661
Q2343-BX513,A,-1.0500000000000003,-8.94765995026873,7,50.96720056059689,6.2080956872147155,65.34256482127806,179.57363611085916
Q2343-BX513,A,-0.9000000000000004,-7.669422814516055,11,1234.0090919594595,4.146849051836485,1582.0629384095635,123.50296421964764
Q2343-BX513,A,-0.7500000000000004,-6.39118567876338,2,549.6363644859637,4.654819935890358,704.6620057512355,25.14923017229863
Q2343-BX513,A,-0.6000000000000005,-5.112948543010706,7,-477.724931226388,8.967887062381713,-612.4678605466512,191.59994829460888
Q2343-BX513,A,-0.4500000000000006,-3.8347114072580313,8,-520.4177886896038,5.374955594761666,-667.2022931917996,114.7486742275009
Q2343-BX513,A,-0.3000000000000007,-2.5564742715053566,17,28.82406249098961,2.455293873067871,36.9539262704995,147.82701378385238
Q2343-BX513,A,-0.1500000000000008,-1.278237135752682,19,16.507921975258512,0.9751519886118076,21.164002532382707,114.46545413575605
Q2343-BX513,A,-8.881784197001252e-16,-7.568684261565504e-15,18,3.4871395415512114,0.8664884954912012,4.4706917199374505,116.42120625812451
Q2343-BX513,A,0.14999999999999902,1.278237135752667,19,-8.242859295763303,1.6640004132304607,-10.56776832790167,124.91950379032998
Q2343-BX513,A,0.29999999999999893,2.5564742715053415,16,4.456640867801945,3.638721452370883,5.7136421382076215,168.55691920926486
Q2343-BX513,A,0.44999999999999885,3.8347114072580157,4,-782.8070650972483,3.928611300289011,-1003.5988014067285,74.70487441397037
Q2343-BX513,A,0.5999999999999988,5.11294854301069,2,-129.88277336569269,5.247628093466176,-166.51637610986242,36.76861223287203
Q2343-BX513,A,0.7499999999999987,6.391185678763365,1,-1008.4931718732505,12.850474877496744,-1292.9399639400647,23.712832070470505
Q2343-BX513,A,0.8999999999999986,7.6694228145160395,2,-1272.0314392226906,8.180634813355063,-1630.809537464988,80.33330996760836
Q2343-BX513,A,1.0499999999999985,8.947659950268713,1,1423.3830680387164,28.065162471542028,1824.8500872291236,265.58511249467847
Q2343-BX513,B,-1.2000000000000002,-10.225897086021403,8,557.6239773588775,4.950394081369962,714.9025350754839,114.82612906190471
Q2343-BX513,B,-1.0500000000000003,-8.94765995026873,2,-117.50465975461726,5.047392632307625,-150.64699968540674,29.977362431210068
Q2343-BX513,B,-0.9000000000000004,-7.669422814516055,5,518.2299896489595,9.53543087355317,664.3974226268712,113.07745748811313
Q2343-BX513,B,-0.7500000000000004,-6.39118567876338,4,579.0451778319431,4.90373699400413,742.3656126050552,57.481038718276466
Q2343-BX513,B,-0.6000000000000005,-5.112948543010706,7,516.79989087845,3.4275042894998102,662.5639626646795,57.70040881854493
Q2343-BX513,B,-0.4500000000000006,-3.8347114072580313,13,-344.464001798121,3.2776607252911627,-441.62051512579615,77.29287889555947
Q2343-BX513,B,-0.3000000000000007,-2.5564742715053566,16,19.44873273142303,3.2329336452118227,24.934272732593627,147.72587045900266
Q2343-BX513,B,-0.1500000000000008,-1.278237135752682,18,1.850778867219268,1.4049683743689412,2.372793419511882,109.31018178528073
Q2343-BX513,B,-8.881784197001252e-16,-7.568684261565504e-15,18,1.9357128792262122,1.1551703850021053,2.481683178495144,116.27490334406997
Q2343-BX513,B,0.14999999999999902,1.278237135752667,18,-4.21735194207585,2.4608548518037954,-5.406861464199808,123.40434566330204
Q2343-BX513,B,0.29999999999999893,2.5564742715053415,14,-10.279615833311983,3.707277062519416,-13.178994658092286,150.56028342273467
Q2343-BX513,B,0.44999999999999885,3.8347114072580157,5,-458.91964416283247,4.845878989796304,-588.3585181574775,84.56713863341712
Q2343-BX513,B,0.5999999999999988,5.11294854301069,2,1204.2818608781026,23.25958603079759,1543.951103689875,166.77183004184496
Q2343-BX513,B,0.7499999999999987,6.391185678763365,1,-1239.0232488341674,29.641094887665425,-1588.4913446591888,137.8464172373012
Q2343-BX513,B,0.8999999999999986,7.6694228145160395,5,-331.34884821097404,7.365942133016607,-424.8062156550949,101.25946113708974
Q2343-BX513,B,1.0499999999999985,8.947659950268713,3,-414.1482428996343,8.16104923890403,-530.9592857687619,95.82796110559423
Q2343-BX513,B,1.1999999999999984,10.225897086021389,5,-894.4044246356002,3.8358807049385253,-1146.6723392764104,84.33418980911976
Q2343-BX513,B,1.3499999999999983,11.504134221774063,3,188.4744011912402,6.605450981809558,241.63384768107716,80.62225282926707
Q2343-BX610,A,-1.35,-11.422519141048639,2,16.741342554422005,5.834113420373686,19.466677388862795,49.18480176805902
Q2343-BX610,A,-1.2000000000000002,-10.15335034759879,12,256.33676256209014,3.2531163192435777,298.0660029791746,91.57342477638672
Q2343-BX610,A,-1.0500000000000003,-8.884181554148944,8,-1.0016824019302089,6.344755703696282,-1.164746978988615,100.47873604676039
Q2343-BX610,A,-0.9000000000000004,-7.615012760699095,3,1146.4338093018391,7.810763368561424,1333.0625689556268,113.32688522616161
Q2343-BX610,A,-0.7500000000000004,-6.345843967249247,9,-0.1309805840636914,2.4285677968973345,-0.15230300472522257,82.94390687424364
Q2343-BX610,A,-0.6000000000000005,-5.076675173799399,18,-62.5116010236303,1.5090164699580833,-72.68790816701197,104.7930398935032
Q2343-BX610,A,-0.4500000000000006,-3.807506380349551,20,-61.50995739917862,0.7861651322454385,-71.52320627811467,122.80662668605707
Q2343-BX610,A,-0.3000000000000007,-2.5383375868997033,18,-45.17541792287783,0.819618542647171,-52.52955572427654,137.57677787566092
Q2343-BX610,A,-0.1500000000000008,-1.2691687934498554,17,-21.220885467630026,1.1280782670004483,-24.67544821817445,147.82214564217503
Q2343-BX610,A,-8.881784197001252e-16,-7.514988888660008e-15,19,12.447582443545576,1.5191278374485508,14.473933073890205,154.07343159660996
Q2343-BX610,A,0.14999999999999902,1.2691687934498403,17,28.568778123995923,2.0627783010625973,33.21950944650689,160.17554469649028
Q2343-BX610,A,0.29999999999999893,2.5383375868996882,18,34.556684259363294,1.5503354600793942,40.182190999259646,129.60661543850327
Q2343-BX610,A,0.44999999999999885,3.8075063803495364,20,50.03752170316478,1.0689404388813677,58.18316477112184,105.06417681189251
Q2343-BX610,A,0.5999999999999988,5.0766751737993845,18,72.57217933778445,1.2620212313036212,84.3862550439354,85.71214967422173
Q2343-BX610,A,0.7499999999999987,6.345843967249232,11,66.63148800524145,1.7278931000197988,77.47847442469936,80.03591256562228
Q2343-BX610,A,0.8999999999999986,7.61501276069908,1,286.41876725200495,26.795932793558382,333.0450782000058,107.68448175654031
Q2343-BX610,A,1.0499999999999985,8.884181554148928,4,777.7494686856846,4.170264448670365,904.3598473089356,85.04653897027247
Q2343-BX610,A,1.1999999999999984,10.153350347598776,2,798.2033000460235,4.544446734930806,928.143372146539,37.7481833116695
Q2343-BX610,A,1.3499999999999983,11.422519141048623,3,-1154.951455249608,8.881907728749754,-1342.9668084297768,95.9265517479198
Q2343-BX610,B,-1.2000000000000002,-10.15335034759879,3,-738.4312366368855,10.737565697688314,-858.6409728335879,158.32796579172478
Q2343-BX610,B,-1.0500000000000003,-8.884181554148944,13,-903.2884666291576,2.976255378867493,-1050.335426312974,98.07771723680956
Q2343-BX610,B,-0.9000000000000004,-7.615012760699095,10,-58.93161986723282,3.5578047646829445,-68.52513938050328,103.9665004311544
Q2343-BX610,B,-0.7500000000000004,-6.345843967249247,17,91.05511686030187,3.4135855427238284,105.87804286081612,111.9670965449905
Q2343-BX610,B,-0.6000000000000005,-5.076675173799399,18,-80.56109592290484,1.6378570089099236,-93.67569293361028,115.55122604976034
Q2343-BX610,B,-0.4500000000000006,-3.807506380349551,18,-77.90623624602094,0.8832965639721978,-90.58864679769877,117.98337007178338
Q2343-BX610,B,-0.3000000000000007,-2.5383375868997033,18,-60.859667038548025,0.9603264827187734,-70.76705469598608,137.9496719860284
Q2343-BX610,B,-0.1500000000000008,-1.2691687934498554,18,-18.13629197713242,1.6246963303311213,-21.088711601316767,144.56906776139874
Q2343-BX610,B,-8.881784197001252e-16,-7.514988888660008e-15,17,64.82522986181564,2.1884605567945483,75.37817425792517,144.9631141902705
Q2343-BX610,B,0.14999999999999902,1.2691687934498403,18,208.50509274231908,2.8354722757898743,242.44778225851056,152.50817436434076
Q2343-BX610,B,0.29999999999999893,2.5383375868996882,18,55.12412417782676,2.002839510866614,64.09781881142646,127.92942976316843
Q2343-BX610,B,0.44999999999999885,3.8075063803495364,18,82.36067172438887,1.5169577593448744,95.76822293533588,112.69868552481368
Q2343-BX610,B,0.5999999999999988,5.0766751737993845,18,98.88714891106912,1.1808009805476885,114.98505687333619,89.23615798707971
Q2343-BX610,B,0.7499999999999987,6.345843967249232,18,90.61783135555919,1.5020124812780093,105.36957134367348,81.12841029540046
Q2343-BX610,B,0.8999999999999986,7.61501276069908,12,92.14164230416276,4.36736028856221,107.14144453972413,107.82932376402687
Q2343-BX610,B,1.0499999999999985,8.884181554148928,11,281.8177640007932,3.3934062047162477,327.695074419527,92.70352275621144
Q2343-BX610,B,1.1999999999999984,10.153350347598776,6,627.7162005597429,8.818251378914441,729.9025587903988,165.66257320765453
Q2346-BX482,A,-1.5000000000000007,-12.64793862618166,3,691.3207324962516,9.420384887006252,785.5917414730131,134.8645111268933
Q2346-BX482,A,-1.3500000000000008,-11.383144763563495,4,740.7244356801932,6.804070316273342,841.7323132729468,78.37928130554943
Q2346-BX482,A,-1.2000000000000008,-10.11835090094533,2,-1020.219460779869,15.669493702767955,-1159.3402963407602,180.39496280340873
Q2346-BX482,A,-1.050000000000001,-8.853557038327166,11,-321.7736347093028,2.7722124092888905,-365.65185762420776,97.16672358067329
Q2346-BX482,A,-0.900000000000001,-7.588763175709,16,-215.7595276154268,2.173487784060738,-245.18128138116683,100.76417251583675
Q2346-BX482,A,-0.7500000000000011,-6.323969313090836,18,-180.87559975078392,1.100570116292838,-205.54045426225446,93.93993229660923
Q2346-BX482,A,-0.6000000000000012,-5.059175450472671,19,-191.87328758791918,1.2148970397989178,-218.0378268044536,105.90654987320033
Q2346-BX482,A,-0.4500000000000013,-3.794381587854507,12,-156.13979883685676,1.5881697991922419,-177.4315895873372,106.79124908203171
Q2346-BX482,A,-0.3000000000000014,-2.5295877252363423,16,-130.41023662404533,1.5547467314329213,-148.1934507091424,103.10643498779426
Q2346-BX482,A,-0.15000000000000147,-1.2647938626181776,18,-77.59270148310424,1.693638034100354,-88.17352441261845,109.77008742100072
Q2346-BX482,A,-1.5543122344752192e-15,-1.3105897165043892e-14,19,-37.03427940268315,1.288383708888421,-42.084408412139936,98.02824497864383
Q2346-BX482,A,0.14999999999999836,1.2647938626181514,18,-5.45314049521584,1.0232086405551752,-6.196750562745273,108.27825546080501
Q2346-BX482,A,0.29999999999999827,2.529587725236316,16,15.275822803663637,0.7568167836704678,17.358889549617768,88.77353764094295
Q2346-BX482,A,0.4499999999999982,3.7943815878544807,18,38.57548256374726,0.7071067811865476,43.83577564062188,81.73217680994189
Q2346-BX482,A,0.5999999999999981,5.059175450472645,20,56.67536507768737,0.6858592615209291,64.40382395191746,83.06626643529506
Q2346-BX482,A,0.749999999999998,6.32396931309081,18,69.03631591579324,1.1275302695060994,78.45035899521959,103.20879667479707
Q2346-BX482,A,0.8999999999999979,7.588763175708975,15,94.87288530797348,3.1071557899602333,107.81009694087895,120.89729328601051
Q2346-BX482,A,1.0499999999999978,8.85355703832714,14,35.10850840346193,2.139323464357778,39.89603227666129,67.5087387015465
Q2346-BX482,A,1.1999999999999977,10.118350900945304,11,-582.2028934284758,4.072728331505441,-661.5941970778134,129.62830178631086
Q2346-BX482,A,1.3499999999999976,11.383144763563468,10,888.2354915756866,3.0874945263780242,1009.3585131541894,66.25169630948876
Q2346-BX482,A,1.6499999999999975,13.912732488799797,4,-893.8634481935171,6.2842443733973985,-1015.753918401724,106.95732213797557
Q2346-BX482,A,1.7999999999999974,15.177526351417962,4,474.1797460304547,3.7289314586779088,538.840620489153,70.58199814880318
Q2346-BX482,B,-1.3500000000000008,-11.383144763563495,5,-329.9853304374447,4.984343731752684,-374.9833300425508,118.94418146069006
Q2346-BX482,B,-1.2000000000000008,-10.11835090094533,14,-456.23979784452575,3.5147470428678056,-518.4543157324156,116.05157430170614
Q2346-BX482,B,-1.050000000000001,-8.853557038327166,12,-634.0842627858302,3.5616569275419847,-720.5502986202616,94.00304110787555
Q2346-BX482,B,-0.900000000000001,-7.588763175709,14,-370.73461806508635,2.3441603112832943,-421.2893387103254,89.60929784650526
Q2346-BX482,B,-0.7500000000000011,-6.323969313090836,16,-295.884494104492,1.6231647896186563,-336.23237966419543,83.84141735770882
Q2346-BX482,B,-0.6000000000000012,-5.059175450472671,17,-296.0113419763557,1.5839492256172052,-336.3765249731315,87.38494056090352
Q2346-BX482,B,-0.4500000000000013,-3.794381587854507,11,-267.7670927288346,2.3154641757602237,-304.2807871918575,73.07648094409879
Q2346-BX482,B,-0.3000000000000014,-2.5295877252363423,16,-242.75808111846925,2.5487602752569014,-275.86145581644234,98.70882470432358
Q2346-BX482,B,-0.15000000000000147,-1.2647938626181776,17,-99.08846607093015,2.3979577416500213,-112.600529626057,109.04698902326462
Q2346-BX482,B,-1.5543122344752192e-15,-1.3105897165043892e-14,18,-47.27347163500684,1.988613889656036,-53.71985413068959,101.7832367095004
Q2346-BX482,B,0.14999999999999836,1.2647938626181514,17,-1.1944184455151075,1.4067775487506742,-1.3572936880853494,94.31062334649887
Q2346-BX482,B,0.29999999999999827,2.529587725236316,18,22.717648221287202,0.8503965548896322,25.815509342371822,82.92746984268933
Q2346-BX482,B,0.4499999999999982,3.7943815878544807,20,47.03124743221528,0.6744655590720314,53.44459935479009,77.33672672801032
Q2346-BX482,B,0.5999999999999981,5.059175450472645,18,69.89091364504625,0.7071067811865476,79.42149277846165,75.18422711336682
Q2346-BX482,B,0.749999999999998,6.32396931309081,16,79.70925167072257,0.7909889716825668,90.57869508036656,74.61132384681179
Q2346-BX482,B,0.8999999999999979,7.588763175708975,18,84.634869621136,1.1280007046973501,96.17598820583638,73.21529723375833
Q2346-BX482,B,1.0499999999999978,8.85355703832714,14,562.8863322382607,3.0711994952988655,639.6435593616599,102.59663554087037
Q2346-BX482,B,1.1999999999999977,10.118350900945304,4,1007.0450406222019,5.550936023683967,1144.3693643434112,98.65382641032552
Q2346-BX482,B,1.3499999999999976,11.383144763563468,7,-993.4587114313499,3.4706292071919775,-1128.9303538992613,113.14345869874941
Q2346-BX482,B,1.4999999999999976,12.647938626181633,10,515.6327868713807,1.943727343106599,585.9463487174781,57.59149128910235
Q2346-BX482,B,1.6499999999999975,13.912732488799797,15,173.63958870135704,3.5583901022901196,197.31771443336027,111.83026009880258
Q2346-BX482,B,1.7999999999999974,15.177526351417962,11,-119.0780567722342,3.5470209023227426,-135.3159736048116,113.70262996148726
Q2346-BX482,B,1.9499999999999973,16.442320214036126,1,348.43748323960597,17.536436162079827,395.95168549955224,66.57920333763468
SA12-6339,A,-1.2000000000000002,-10.08723812243775,1,1254.5538897929823,22.50042678786267,1608.4024228115156,144.71351946422303
SA12-6339,A,-1.0500000000000003,-8.826333357133032,5,302.0806425785746,5.473739471309466,387.28287510073665,112.61363577295211
SA12-6339,A,-0.9000000000000004,-7.565428591828315,7,316.7346874894714,3.900918066487171,406.070112165989,84.80184002073042
SA12-6339,A,-0.7500000000000004,-6.304523826523597,1,-1446.8701270720687,4.770690554982369,-1854.961701374447,22.06205179550642
SA12-6339,A,-0.6000000000000005,-5.043619061218879,8,-28.930136415986222,6.511389533748131,-37.08991848203362,154.42456907780053
SA12-6339,A,-0.4500000000000006,-3.782714295914161,18,-41.28290069666946,3.667159364005412,-52.92679576496084,163.09964973381332
SA12-6339,A,-0.3000000000000007,-2.5218095306094432,18,-0.36656907724137433,1.7866864830863096,-0.4699603554376594,138.80708100394725
SA12-6339,A,-0.1500000000000008,-1.2609047653047254,17,-9.709311084011436,0.7650532593114377,-12.447834723091583,110.30332056830977
SA12-6339,A,-8.881784197001252e-16,-7.466056012271349e-15,17,-10.234181931088171,0.7276068751089989,-13.120746065497656,117.93165931198625
SA12-6339,A,0.14999999999999902,1.2609047653047105,17,6.3650914984959694,0.7345806466047181,8.160373716020473,109.41824709026419
SA12-6339,A,0.29999999999999893,2.521809530609428,18,15.124108445747376,1.288516168687276,19.389882622753046,105.14416717006773
SA12-6339,A,0.44999999999999885,3.7827142959141464,17,-9.876565284996607,2.607787307883425,-12.662263185893085,124.94053155281787
SA12-6339,A,0.5999999999999988,5.043619061218864,13,75.28107055435382,2.1312097255707902,96.51419301840232,75.21651194063178
SA12-6339,A,0.7499999999999987,6.304523826523582,12,88.57897070021684,2.6751670111456076,113.56278294899595,85.96030242491115
SA12-6339,A,0.8999999999999986,7.5654285918283,2,726.4491837321908,9.080046420276119,931.3451073489625,116.87242394272639
SA12-6339,A,1.0499999999999985,8.826333357133018,4,945.0040954802789,4.6959321142339725,1211.5437121542036,73.73910120690724
SA12-6339,A,1.1999999999999984,10.087238122437736,2,907.7343278024341,8.08706124317726,1163.7619587210693,61.00087328659022
SA12-6339,B,-1.2,-10.087238122437748,4,-42.59426000336799,4.981520212799219,-54.60802564534358,97.34133203305373
SA12-6339,B,-1.05,-8.82633335713303,6,-495.4367688532019,2.860044115142559,-635.1753446835921,36.029887296421606
SA12-6339,B,-0.9000000000000001,-7.565428591828313,9,63.09707310536333,4.5043169842819255,80.89368346841452,89.80160785113773
SA12-6339,B,-0.7500000000000002,-6.304523826523595,5,-397.05941469103857,8.095168447961312,-509.0505316551776,127.45009931521486
SA12-6339,B,-0.4500000000000004,-3.7827142959141593,12,35.890408678002785,3.691426080598807,46.013344458977926,124.58910235156412
SA12-6339,B,-0.3000000000000005,-2.5218095306094415,19,-7.308637009690018,2.8522342251895156,-9.370047448320536,140.36933569125273
SA12-6339,B,-0.15000000000000058,-1.2609047653047234,18,-9.565678986634131,0.9257514318627619,-12.263691008505296,116.37093749540529
SA12-6339,B,-6.661338147750939e-16,-5.5995420092035115e-15,19,-6.534440437578462,0.6882472016116853,-8.377487740485208,115.8980540440411
SA12-6339,B,0.14999999999999925,1.2609047653047123,18,17.244926082321882,0.8659911030815494,22.10887959272036,116.95013211830194
SA12-6339,B,0.29999999999999916,2.5218095306094304,17,22.289748289750044,2.129564414806533,28.576600371474413,116.8109740987926
SA12-6339,B,0.44999999999999907,3.782714295914148,5,-267.2865147635888,7.541955637114271,-342.6750189276779,96.5880563535915
SA12-6339,B,0.599999999999999,5.043619061218866,11,121.01561163401523,2.7075523830088586,155.14822004360926,74.1190139902136
SA12-6339,B,0.7499999999999989,6.3045238265235835,11,285.3894102364494,2.5088962631315392,365.88385927749925,65.78804197598255
SA12-6339,B,0.8999999999999988,7.565428591828302,7,658.4235766526938,5.745042111678864,844.1327905803766,108.66271874341969
SA12-6339,B,1.0499999999999987,8.82633335713302,6,-151.19844243032682,5.140948395821822,-193.84415696195745,93.49225005965928
SA12-6339,B,1.1999999999999986,10.087238122437737,1,-872.0627345386372,12.211016639686697,-1118.0291468444066,62.08804801332533
ZC400528,A,-1.5,-12.517840767774642,5,95.9056346088635,3.7900832945093943,157.222351817809,135.37902287811875
ZC400528,A,-1.35,-11.266056690997178,9,120.79861971738728,2.2746020586443927,198.0305241268644,98.68623005824296
ZC400528,A,-1.2000000000000002,-10.014272614219715,9,-897.9899435348682,3.1413703015233696,-1472.1146615325708,123.81024941740799
ZC400528,A,-1.0500000000000003,-8.762488537442252,5,566.6308788036166,2.812415321884034,928.9030800059289,52.29235281622762
ZC400528,A,-0.9000000000000004,-7.510704460664788,3,874.4764561853215,3.001225317001254,1433.5679609595434,30.22793488932587
ZC400528,A,-0.7500000000000004,-6.258920383887324,9,1203.6257743275817,4.766665555589002,1973.1570070943962,145.13496628943207
ZC400528,A,-0.6000000000000005,-5.007136307109861,12,1026.788929814312,3.665509021264296,1683.2605406792002,101.40775169036789
ZC400528,A,-0.4500000000000006,-3.755352230332398,11,929.1080308530761,3.6260655469834555,1523.1279194312724,79.8764242216714
ZC400528,A,-0.3000000000000007,-2.503568153554934,18,134.58814693154122,1.6821105603480497,220.63630644514953,129.06205908668036
ZC400528,A,-0.1500000000000008,-1.2517840767774708,17,56.23465873704788,1.1260795347995691,92.18796514270144,123.55263897755955
ZC400528,A,-8.881784197001252e-16,-7.412050687453256e-15,20,20.23235414943617,0.9150836983633147,33.16779368760028,172.3293392659166
ZC400528,A,0.14999999999999902,1.251784076777456,17,11.799097975218569,1.349697699609571,19.34278356593208,164.56209517384076
ZC400528,A,0.29999999999999893,2.5035681535549195,18,-85.11206498601365,2.138247711102758,-139.52797538690763,143.72725169444763
ZC400528,A,0.44999999999999885,3.7553522303323827,17,55.49464886420459,2.1292813645001702,90.9748342036141,134.70834223974646
ZC400528,A,0.5999999999999988,5.007136307109846,16,632.5541406480737,1.7752387942254988,1036.974001062416,101.1953855964945
ZC400528,A,0.7499999999999987,6.258920383887309,7,755.9596052507195,2.3284890709711674,1239.2780413946223,116.02616535821267
ZC400528,A,0.8999999999999986,7.5107044606647735,7,-66.63014461042921,4.050021363676515,-109.2297452629987,213.84416795561557
ZC400528,A,1.0499999999999985,8.762488537442236,8,773.8956627508418,3.0793674285424473,1268.6814143456422,126.06605628043779
ZC400528,A,1.1999999999999984,10.0142726142197,13,504.13649963073755,1.5471801523983324,826.4532780831763,82.67841072382274
ZC400528,A,1.3499999999999983,11.266056690997164,15,-321.9677995341174,1.6029830779326804,-527.8160648100285,99.27092656519649
ZC400528,A,1.4999999999999982,12.517840767774628,5,-1059.448730336723,3.117952763563313,-1736.8011972733163,179.41458652222087
ZC400528,B,-1.5,-12.517840767774642,1,-1066.3838183061673,10.81512346289877,-1748.1701939445365,70.35678793126674
ZC400528,B,-1.35,-11.266056690997178,5,-1429.4467141481616,6.496816332720045,-2343.355269095347,249.99977277582462
ZC400528,B,-1.2000000000000002,-10.014272614219715,8,-1379.7356094315896,2.8141072262607527,-2261.861654805885,120.76780715377097
ZC400528,B,-1.0500000000000003,-8.762488537442252,8,-46.94796110485222,3.016076513288491,-76.96387066369216,83.98761716365165
ZC400528,B,-0.9000000000000004,-7.510704460664788,5,373.1593369770786,2.5578130954054674,611.7366179952108,53.28621342052836
ZC400528,B,-0.7500000000000004,-6.258920383887324,6,91.52542755823376,3.836118221986143,150.0416845216947,53.55366686578052
ZC400528,B,-0.6000000000000005,-5.007136307109861,8,-478.341399938227,3.91163147040524,-784.1662294069296,67.16427027064097
ZC400528,B,-0.4500000000000006,-3.755352230332398,6,-896.9165802120139,3.8525734115442987,-1470.3550495278917,69.04162144156957
ZC400528,B,-0.3000000000000007,-2.503568153554934,17,311.47834268024343,2.1469086260605668,510.6202339020384,80.47119143507132
ZC400528,B,-0.1500000000000008,-1.2517840767774708,17,191.78682885508627,2.168354013272909,314.4046374673546,130.64582354555782
ZC400528,B,-8.881784197001252e-16,-7.412050687453256e-15,20,55.040421951631686,1.2147758898852026,90.23019992070769,161.2287162139781
ZC400528,B,0.14999999999999902,1.251784076777456,17,-2.028795132812035,1.778627098849784,-3.325893660347598,161.26819736067404
ZC400528,B,0.29999999999999893,2.5035681535549195,13,488.16859572013936,2.214753215692679,800.276386426458,107.81498968263372
ZC400528,B,0.44999999999999885,3.7553522303323827,8,744.7078202037139,4.219088626445174,1220.832492137236,127.06824077178248
ZC400528,B,0.5999999999999988,5.007136307109846,15,607.096471760269,2.496599143066422,995.2401176397852,116.03452400954399
ZC400528,B,0.7499999999999987,6.258920383887309,11,104.14852448444987,2.9784518037379235,170.73528604008175,168.18117112839795
ZC400528,B,0.8999999999999986,7.5107044606647735,7,41.69568254550824,3.401160811303744,68.35357794345613,119.21016760446716
ZC400528,B,1.0499999999999985,8.762488537442236,13,649.7923962999432,1.8938817225845894,1065.233436557284,112.41686879958526
ZC400528,B,1.1999999999999984,10.0142726142197,5,690.0368668328456,2.8394572791922874,1131.207978414501,97.24389085251991
ZC400528,B,1.3499999999999983,11.266056690997164,13,-721.269800184551,1.8101453170322106,-1182.409508499264,68.70500778312388
ZC400528,B,1.4999999999999982,12.517840767774628,3,-177.80670065697575,3.900216850150822,-291.48639451963237,77.05343632995975
ZC400569,A,-1.9500000000000004,-16.462895383710432,10,648.6513730193768,2.732766991995648,661.8891561422213,164.7545146887233
ZC400569,A,-1.8000000000000005,-15.19651881573271,8,657.2523995523472,2.529931613579958,670.6657138289257,67.24891720766061
ZC400569,A,-1.6500000000000006,-13.930142247754985,3,647.0685447875267,5.995984936641573,660.2740252933945,90.00884072410389
ZC400569,A,-1.5000000000000007,-12.66376567977726,10,367.5878351582356,4.565120482126054,375.0896277124853,97.07034538977956
ZC400569,A,-1.3500000000000008,-11.397389111799535,13,-1001.7671706292888,3.799833819127372,-1022.2113986013151,92.97636250706772
ZC400569,A,-1.2000000000000008,-10.13101254382181,1,-1546.6899046163974,15.596310065784266,-1578.2550047106097,64.82890625184722
ZC400569,A,-1.050000000000001,-8.864635975844086,13,-104.34053880237397,2.539415331040589,-106.46993755344283,85.53827004396847
ZC400569,A,-0.900000000000001,-7.598259407866361,18,-117.21229221239817,1.0042135690693437,-119.60437980856956,75.68602685032701
ZC400569,A,-0.7500000000000011,-6.331882839888636,18,-123.5247422720431,0.7698189553188746,-126.04565537963582,70.46300785398081
ZC400569,A,-0.6000000000000012,-5.065506271910912,18,-114.21598560447673,0.7585563683223148,-116.54692408620075,67.54772148254052
ZC400569,A,-0.4500000000000013,-3.799129703933187,18,-93.71345568249043,0.8879528913179374,-95.62597518621473,74.603436964374
ZC400569,A,-0.3000000000000014,-2.5327531359554625,18,-57.31462358023134,1.0600360305702747,-58.48430977574627,98.40252136883551
ZC400569,A,-0.15000000000000147,-1.2663765679777377,18,-14.198165794606293,1.091646329907274,-14.487924280210503,147.33609525208078
ZC400569,A,-1.5543122344752192e-15,-1.3122297287070117e-14,18,105.96535354768051,1.0863784217207404,108.12791178334746,150.93602687095174
ZC400569,A,0.14999999999999836,1.2663765679777115,18,210.76886015213412,0.9570028270326508,215.07026546136134,120.95560923992578
ZC400569,A,0.29999999999999827,2.5327531359554363,18,246.69413256980997,1.0224743924618644,251.72870670388772,102.8997473571021
ZC400569,A,0.4499999999999982,3.799129703933161,18,277.29182175865833,1.3427323079326006,282.9508385292432,87.8473976675998
ZC400569,A,0.5999999999999981,5.065506271910885,18,313.13096925603554,1.5292391556073301,319.5213972000363,80.5021555362061
ZC400569,A,0.749999999999998,6.3318828398886104,18,294.6166457714603,1.441767106285638,300.62923037904113,76.64887742601519
ZC400569,A,0.8999999999999979,7.598259407866335,17,279.39019276010407,1.4101397594706622,285.0920334286776,77.27364645669962
ZC400569,A,1.0499999999999978,8.86463597584406,3,262.45731881064904,2.92121814614215,267.8135906231113,34.32486345047589
ZC400569,A,1.1999999999999977,10.131012543821784,7,1.0384944885287049,10.0369272311168,1.0596882536007193,208.44546365547333
ZC400569,A,1.3499999999999976,11.397389111799509,2,696.1340695229047,5.093970921573037,710.3408872682702,122.37290414826208
ZC400569,B,-1.9500000000000004,-16.462895383710432,9,-763.1305643087259,4.36255245362947,-778.7046574578835,88.11300721538976
ZC400569,B,-1.8000000000000005,-15.19651881573271,9,-298.8048889530494,4.271654917362839,-304.9029479112749,83.77507599244662
ZC400569,B,-1.6500000000000006,-13.930142247754985,2,1428.0091101291302,12.949465398152443,1457.15215319299,109.2698844536121
ZC400569,B,-1.5000000000000007,-12.66376567977726,4,1254.0982249543997,7.080070224042577,1279.6920662799998,91.88286125017532
ZC400569,B,-1.3500000000000008,-11.397389111799535,4,-51.09257312531865,4.1002074346531465,-52.13527869930475,36.32732008562762
ZC400569,B,-1.050000000000001,-8.864635975844086,9,363.34719429848974,5.5664991036351426,370.7624431617242,118.01954400600218
ZC400569,B,-0.900000000000001,-7.598259407866361,16,67.90438543705193,2.564833537432852,69.29018922148155,87.81016492842679
ZC400569,B,-0.7500000000000011,-6.331882839888636,17,-149.09927968983578,1.7927746341923192,-152.1421221324855,69.35130612958068
ZC400569,B,-0.6000000000000012,-5.065506271910912,15,-32.54214555795646,1.75983884947326,-33.20627097750659,66.89274209437257
ZC400569,B,-0.4500000000000013,-3.799129703933187,19,-114.65527941335117,1.4053603372068948,-116.99518307484813,72.57920673625543
ZC400569,B,-0.3000000000000014,-2.5327531359554625,18,-93.78946577985234,1.341917156017899,-95.70353651005341,97.06170294334923
ZC400569,B,-0.15000000000000147,-1.2663765679777377,18,5.046351674671019,1.3681843849290205,5.149338443541856,132.95116589363707
ZC400569,B,-1.5543122344752192e-15,-1.3122297287070117e-14,18,82.16274564458176,1.557457034209329,83.83953637202221,148.84564146212168
ZC400569,B,0.14999999999999836,1.2663765679777115,18,204.73437291820508,1.355864740037367,208.91262542673988,118.96782133214876
ZC400569,B,0.29999999999999827,2.5327531359554363,18,255.38228609298838,1.3632822153318787,260.59416948264123,98.953116591609
ZC400569,B,0.4499999999999982,3.799129703933161,19,277.70501109041487,1.7743792062388124,283.3724602963417,92.89226210636748
ZC400569,B,0.5999999999999981,5.065506271910885,17,292.88307250269384,1.6187270345940854,298.8602780639733,70.25974372537367
ZC400569,B,0.749999999999998,6.3318828398886104,18,298.98034854771566,2.150037649877697,305.08198831399557,87.79144177910484
ZC400569,B,0.8999999999999979,7.598259407866335,16,367.42412662832066,2.6986815506033555,374.92257819216394,101.36894251096967
ZC400569,B,1.0499999999999978,8.86463597584406,4,-860.3493507732818,3.8902579513187447,-877.9075007890631,43.22520037509484
ZC400569,B,1.1999999999999977,10.131012543821784,9,-1207.5762614356938,5.409893507461195,-1232.2206749343816,123.26995254423277
ZC400569,B,1.3499999999999976,11.397389111799509,4,-314.7897062022531,5.958889695501826,-321.21398592066646,95.7846471872164
ZC400569,B,1.4999999999999976,12.663765679777233,1,660.2835030786181,36.1755489832224,673.7586766108348,306.4462437964043
ZC401925,A,-1.2000000000000002,-10.203248180850144,3,566.9233939542834,5.011206443106647,726.824864043953,79.29008805251141
ZC401925,A,-1.0500000000000003,-8.927842158243877,3,-928.9714007801339,3.517361758301122,-1190.988975359146,77.4064477641676
ZC401925,A,-0.7500000000000004,-6.377030113031343,9,137.9828357069892,4.426078214671725,176.90107141921692,155.93108835380443
ZC401925,A,-0.6000000000000005,-5.101624090425076,9,-649.7909172566348,3.9215764722932263,-833.0652785341471,109.25891358217586
ZC401925,A,-0.4500000000000006,-3.8262180678188087,9,63.564848288867324,3.6896141380290963,81.4933952421376,101.98384126187243
ZC401925,A,-0.3000000000000007,-2.550812045212542,14,67.79923192910854,2.6559448098830534,86.92209221680582,100.68851754187995
ZC401925,A,-0.1500000000000008,-1.2754060226062747,19,13.66666373558954,1.6910430887846042,17.521363763576332,122.9814068467202
ZC401925,A,-8.881784197001252e-16,-7.551920704229714e-15,17,16.165283804760314,1.2620292957219117,20.724722826615785,99.790618719482
ZC401925,A,0.14999999999999902,1.2754060226062596,19,3.0249245549656614,1.356872695458784,3.8781084038021296,103.72900392575711
ZC401925,A,0.29999999999999893,2.5508120452125267,17,-16.065366444426463,3.0211134350064976,-20.596623646700593,133.976195065157
ZC401925,A,0.44999999999999885,3.8262180678187936,17,-11.720562465570865,2.5581983819193175,-15.026362135347261,116.25694800196572
ZC401925,A,0.5999999999999988,5.1016240904250605,8,11.012146884886782,3.650535512413121,14.11813703190613,59.78165749921666
ZC401925,A,0.7499999999999987,6.377030113031328,7,-622.9574506317481,4.176972406630492,-798.6633982458309,62.22729551420779
ZC401925,A,0.8999999999999986,7.652436135637594,5,1015.9895071922323,3.5366260213186638,1302.5506502464516,88.09190137145364
ZC401925,A,1.0499999999999985,8.927842158243863,8,614.6228120525735,4.796566861270487,787.9779641699661,132.3016573860624
ZC401925,A,1.1999999999999984,10.203248180850128,3,225.82728721555068,7.767906403638326,289.52216309685986,111.44259115437553
ZC401925,B,-1.2,-10.203248180850142,6,-79.82115469909358,3.5829666202831274,-102.33481371678664,64.00336907369717
ZC401925,B,-1.05,-8.927842158243875,11,-808.9055856454859,3.6552313444879303,-1037.0584431352383,97.72342772997213
ZC401925,B,-0.9000000000000001,-7.652436135637608,5,-780.9808830007846,12.146000057984406,-1001.2575423086981,128.63313709188228
ZC401925,B,-0.7500000000000002,-6.377030113031341,2,-1233.8834179557846,12.256722149019474,-1581.9018178920314,140.25733837246486
ZC401925,B,-0.6000000000000003,-5.101624090425074,9,679.0171887992011,4.421167032146014,870.5348574348732,69.86152524112202
ZC401925,B,-0.4500000000000004,-3.826218067818807,5,588.790242804764,3.0144357122126877,754.8592856471333,54.746472103919565
ZC401925,B,-0.3000000000000005,-2.5508120452125396,15,-40.983783355959226,3.085757674207674,-52.54331199481952,121.77762659613053
ZC401925,B,-0.15000000000000058,-1.2754060226062727,18,-4.217130668491954,1.7885834188947445,-5.40657778011789,92.44188220153438
ZC401925,B,-6.661338147750939e-16,-5.663940528172285e-15,19,17.106913331591308,1.7772298128108548,21.931940168706806,112.25897774398302
ZC401925,B,0.14999999999999925,1.2754060226062613,18,27.05278745359118,1.5734621919651786,34.68306083793741,75.22815720291304
ZC401925,B,0.29999999999999916,2.5508120452125285,9,-83.37244794027401,6.874633003213493,-106.88775376958206,137.6162879654733
ZC401925,B,0.44999999999999907,3.8262180678187954,6,3.3927013734464713,6.526798404853386,4.349617145444194,125.05957875815538
ZC401925,B,0.599999999999999,5.101624090425062,4,1083.6591386447556,3.485686234848339,1389.3065880060967,59.270312184215186
ZC401925,B,0.7499999999999989,6.37703011303133,9,-771.4756618537085,2.2076996874198285,-989.0713613509083,44.07940473900093
ZC401925,B,0.8999999999999988,7.652436135637597,3,1334.9358290908158,6.581742748932962,1711.4561911420715,81.85685007560848
ZC401925,B,1.0499999999999987,8.927842158243864,4,-105.75169977012624,3.5455159235232316,-135.57910226939262,65.06287971782926
ZC403741,A,-1.65,-14.3052752594981,1,-485.0790968440428,6.382666435002418,-881.9619942618959,161.5843806913601
ZC403741,A,-1.5,-13.004795690452818,9,509.1408374503161,2.6446840864526497,925.7106135460292,103.51744034006441
ZC403741,A,-1.35,-11.704316121407537,14,483.09170426779383,3.4761400518059573,878.3485532141706,105.80920406549451
ZC403741,A,-1.2000000000000002,-10.403836552362256,6,-383.18532533300163,4.440656666872362,-696.7005915145484,54.26135526835151
ZC403741,A,-1.0500000000000003,-9.103356983316974,5,1122.8932036418323,3.633394964085369,2041.6240066215132,53.22395080698533
ZC403741,A,-0.9000000000000004,-7.802877414271694,9,-202.97962833408067,1.7528022603040618,-369.05386969832847,35.12297585798225
ZC403741,A,-0.7500000000000004,-6.502397845226413,8,-435.23989094397143,4.7181965048890815,-791.3452562617662,120.07218060752037
ZC403741,A,-0.6000000000000005,-5.201918276181132,1,481.0833723075155,11.641666262582726,874.697040559119,85.02143172279597
ZC403741,A,-0.4500000000000006,-3.901438707135851,4,-8.62458410210651,2.963877154947675,-15.681062003830018,68.5879856492919
ZC403741,A,-0.3000000000000007,-2.6009591380905697,16,-10.968256583717054,0.9064345754858661,-19.942284697667368,78.983144352442
ZC403741,A,-0.1500000000000008,-1.3004795690452888,18,-15.844066182833066,0.710735890249811,-28.80739305969648,87.25041084014862
ZC403741,A,-8.881784197001252e-16,-7.700385923246255e-15,21,-14.924076250746642,0.6546536707079771,-27.13468409226662,97.06725932800718
ZC403741,A,0.14999999999999902,1.3004795690452733,18,1.5742039221747208,0.7110876299164494,2.862188949408583,100.33824538716718
ZC403741,A,0.29999999999999893,2.6009591380905546,16,23.48802699407275,0.8444351771532734,42.705503625586815,84.97816769330467
ZC403741,A,0.44999999999999885,3.9014387071358354,16,36.80629607106887,1.3491375588144412,66.9205383110343,75.90424227735326
ZC403741,A,0.5999999999999988,5.201918276181116,7,-81.72557205684492,3.9555006722212145,-148.5919491942635,113.52538208613666
ZC403741,A,0.7499999999999987,6.5023978452263975,2,-606.2888849964019,5.938144387160208,-1102.343427266185,35.06600126631679
ZC403741,A,1.0499999999999985,9.10335698331696,4,-294.38875309807315,7.719389312648917,-535.252278360133,73.34800038330492
ZC403741,A,1.1999999999999984,10.403836552362241,11,1230.533388901614,2.4753450256064844,2237.3334343665706,125.51627853695294
ZC403741,A,1.3499999999999983,11.70431612140752,11,1382.4247094209102,1.2939783664251137,2513.4994716743818,42.01871252083137
ZC403741,A,1.4999999999999982,13.004795690452802,7,-418.3602859837999,1.3571921708184231,-760.6550654250906,26.40102541713235
ZC403741,B,-1.2,-10.403836552362254,3,-443.8176422670457,3.1921068771038845,-806.9411677582649,38.1888764749753
ZC403741,B,-1.05,-9.103356983316973,9,270.0812756662148,3.239897122283245,491.0568648476633,125.53940411767852
ZC403741,B,-0.9000000000000001,-7.802877414271692,3,-202.51891799799117,7.463475844611519,-368.2162145418021,134.76304607707758
ZC403741,B,-0.7500000000000002,-6.502397845226411,16,-182.14713715736116,2.3416107667073676,-331.17661301338387,57.417503151564475
ZC403741,B,-0.6000000000000003,-5.20191827618113,2,353.71976035531844,7.872863655773385,643.1268370096699,50.09029133857176
ZC403741,B,-0.4500000000000004,-3.9014387071358487,7,-115.26911195511636,3.35317479498208,-209.580203554757,70.68283165826618
ZC403741,B,-0.3000000000000005,-2.600959138090568,17,32.06066304889531,1.0326758375936584,58.2921146343551,86.3480087196419
ZC403741,B,-0.15000000000000058,-1.3004795690452868,18,17.988471037522796,0.7071067811865476,32.706310977314175,86.47477359607889
ZC403741,B,-6.661338147750939e-16,-5.7752894424346915e-15,19,-14.120415573411162,0.7195265772872207,-25.673482860747566,98.31217906006998
ZC403741,B,0.14999999999999925,1.3004795690452753,18,-58.04444049112579,0.8805655576090774,-105.53534634750143,94.53550692208529
ZC403741,B,0.29999999999999916,2.6009591380905563,18,-60.38014184834855,1.3496625975956311,-109.78207608790645,94.55998403551537
ZC403741,B,0.44999999999999907,3.901438707135837,9,341.35160489797653,2.5045426855927024,620.6392816326845,59.075636844736536
ZC403741,B,0.599999999999999,5.201918276181118,4,1346.3652558930485,3.840839187034321,2447.9368288964515,42.900568498236055
ZC403741,B,0.7499999999999989,6.502397845226399,1,1296.1057539118576,12.69405301411492,2356.5559162033774,42.663046253083735
ZC403741,B,0.8999999999999988,7.802877414271681,4,1286.3561587711947,4.124134119732006,2338.82937958399,40.63009651669245
ZC403741,B,1.0499999999999987,9.103356983316962,8,1076.177475648794,2.2583757364490116,1956.6863193614433,38.33319126343427
ZC404221,A,-1.2000000000000002,-10.14650932331038,4,-134.69279688186182,7.778730722648741,-172.68307292546388,121.70847627901308
ZC404221,A,-1.0500000000000003,-8.878195657896581,7,-1391.7109280531174,4.118397631490633,-1784.2447795552787,106.30655178865076
ZC404221,A,-0.9000000000000004,-7.609881992482786,5,199.3163108883857,4.787051689437201,255.53373190818678,81.5096830619537
ZC404221,A,-0.7500000000000004,-6.341568327068989,5,-526.5491990402866,5.61327453184729,-675.063075692675,126.07166426162352
ZC404221,A,-0.6000000000000005,-5.073254661655193,12,-54.56823916529292,4.74381313785232,-69.95928098114477,135.94976612855712
ZC404221,A,-0.4500000000000006,-3.8049409962413967,13,317.69003413494187,2.9200005531766915,407.29491555761774,92.07276873290402
ZC404221,A,-0.3000000000000007,-2.5366273308276,18,-20.3704648492169,1.2237771208517083,-26.115980575919103,86.8971065569675
ZC404221,A,-0.1500000000000008,-1.2683136654138039,17,-6.7278989557063085,0.7336197429902889,-8.625511481674755,93.11374625141109
ZC404221,A,-8.881784197001252e-16,-7.509925513541998e-15,19,-3.279267259756817,0.6882472016116853,-4.204188794560022,97.16644858103598
ZC404221,A,0.14999999999999902,1.268313665413789,17,1.9330085591429171,0.7652932867220051,2.478216101465278,97.46579826800043
ZC404221,A,0.29999999999999893,2.5366273308275855,18,9.503097135904278,1.4794386592659305,12.183457866543947,110.54398565882315
ZC404221,A,0.44999999999999885,3.8049409962413816,16,380.25128614565,2.1908100661383503,487.5016489046795,144.57918563457486
ZC404221,A,0.5999999999999988,5.073254661655178,3,-996.2642459797496,5.8456242662647036,-1277.2618538201918,60.86889030982481
ZC404221,A,0.7499999999999987,6.341568327068974,2,787.6243196349707,5.7491593520889115,1009.7747687627829,38.40203079748112
ZC404221,A,0.8999999999999986,7.609881992482771,11,1228.442210858796,2.2114169785819877,1574.9259113574308,61.530706786277534
ZC404221,A,1.0499999999999985,8.878195657896567,4,1382.7951777377257,8.917534388301714,1772.8143304329815,156.5203537214707
ZC404221,A,1.1999999999999984,10.146509323310363,1,368.0236765409299,13.20095278167338,471.8252263345255,57.69722284868571
ZC404221,A,1.3499999999999983,11.41482298872416,2,-669.799029693101,14.788415590250407,-858.7167047347449,151.5811872770489
ZC404221,B,-1.2000000000000002,-10.14650932331038,9,-792.4023415251885,2.709692230518474,-1015.9004378528057,78.59308490430787
ZC404221,B,-1.0500000000000003,-8.878195657896581,10,-1111.5836642466097,2.7419192079927055,-1425.1072618546277,59.96232180734771
ZC404221,B,-0.9000000000000004,-7.609881992482786,7,-1009.5311940502515,3.3059679435900433,-1294.2707616028865,83.9346529570151
ZC404221,B,-0.7500000000000004,-6.341568327068989,5,-800.8839297834254,4.63907571275291,-1026.7742689531094,68.65167927597669
ZC404221,B,-0.6000000000000005,-5.073254661655193,11,71.82605660617112,4.647392209962983,92.08468795662964,101.56980336714773
ZC404221,B,-0.4500000000000006,-3.8049409962413967,13,691.8349491136762,2.719257621675564,886.967883479072,77.20730803530108
ZC404221,B,-0.3000000000000007,-2.5366273308276,17,-24.35549109729245,1.7894684196689274,-31.22498858627237,87.03490132299926
ZC404221,B,-0.1500000000000008,-1.2683136654138039,19,-7.239811478420215,0.8467276259577527,-9.281809587718223,96.41190613354831
ZC404221,B,-8.881784197001252e-16,-7.509925513541998e-15,17,-5.338225392955438,0.7403295461437811,-6.843878708917228,97.49365643547436
ZC404221,B,0.14999999999999902,1.268313665413789,19,-2.819093507577336,0.9007265503581926,-3.614222445611969,98.56054224920943
ZC404221,B,0.29999999999999893,2.5366273308275855,16,12.388573749730702,1.9464331386902163,15.882786858629103,101.49059374022858
ZC404221,B,0.44999999999999885,3.8049409962413816,14,179.96239074974133,2.6612945899700735,230.72101378171965,106.17354758499116
ZC404221,B,0.5999999999999988,5.073254661655178,5,-849.0151306463843,3.6879759270806645,-1088.4809367261337,47.632688852383325
ZC404221,B,0.7499999999999987,6.341568327068974,4,476.18513464423194,6.78230419396736,610.4937623643999,118.59970184385539
ZC404221,B,0.8999999999999986,7.609881992482771,8,-100.35439796033097,5.662480454963209,-128.65948456452688,89.19994694186359
ZC404221,B,1.0499999999999985,8.878195657896567,13,398.53549673940984,2.7347163259523493,510.9429445377049,104.4332652063751
ZC405226,A,-1.35,-11.357068250698939,3,92.65062544405755,6.270039355131588,112.98856761470434,59.28882111532567
ZC405226,A,-1.2000000000000002,-10.095171778399058,3,-1456.9438946742755,6.335997470915877,-1776.7608471637507,72.47434066286024
ZC405226,A,-1.0500000000000003,-8.833275306099177,10,-803.2795297680315,2.579853094550101,-979.6091826439409,64.65337575293795
ZC405226,A,-0.9000000000000004,-7.5713788337992955,11,-10.582241172327322,1.6881558286781622,-12.905172161374784,55.02397973733932
ZC405226,A,-0.7500000000000004,-6.309482361499414,19,-77.94686133305372,1.641089231939481,-95.05714796713869,80.0208898977086
ZC405226,A,-0.6000000000000005,-5.047585889199532,18,-35.747086117731605,1.1970113785060086,-43.5940074606483,63.32735810834317
ZC405226,A,-0.4500000000000006,-3.7856894168996513,18,-18.69243513010644,1.4429306223849074,-22.79565259769078,75.3117304433167
ZC405226,A,-0.3000000000000007,-2.52379294459977,17,-27.288686524087275,1.8946001716994927,-33.278886004984486,94.0166019128418
ZC405226,A,-0.1500000000000008,-1.2618964722998889,17,-16.139579123107808,1.3903564750212694,-19.68241356476562,101.16780795629526
ZC405226,A,-8.881784197001252e-16,-7.471928097283148e-15,20,-3.861999674855441,0.9596269158668436,-4.709755701043221,104.31677040644931
ZC405226,A,0.14999999999999902,1.2618964722998738,17,26.349189700311705,1.086532856652263,32.13315817111184,108.03724436422702
ZC405226,A,0.29999999999999893,2.523792944599755,17,34.81290654384166,1.847531201149605,42.45476407785569,110.81101539343564
ZC405226,A,0.44999999999999885,3.7856894168996367,18,68.53702393585453,1.562718349820977,83.58173650713968,99.23613386460828
ZC405226,A,0.5999999999999988,5.047585889199518,18,88.06179618856555,1.1391817612968018,107.39243437629946,56.61624653400218
ZC405226,A,0.7499999999999987,6.309482361499399,13,97.86136048349746,2.1097636597006755,119.34312254085057,76.14766950293644
ZC405226,A,0.8999999999999986,7.5713788337992805,1,74.85902384388623,32.78431003147086,91.2914924925442,177.8455480818334
ZC405226,A,1.0499999999999985,8.833275306099162,1,1469.0443618021666,21.45040465611844,1791.5175143928861,157.20346903167396
ZC405226,A,1.1999999999999984,10.095171778399044,4,-125.98164309829306,6.361607952991407,-153.6361501198696,59.92913987653431
ZC405226,A,1.3499999999999983,11.357068250698925,1,-280.7133148367598,18.055855526031817,-342.3333107765364,107.21419942892747
ZC405226,B,-1.35,-11.357068250698939,2,-234.3392010648443,9.277860169320766,-285.77951349371256,92.60585269332913
ZC405226,B,-1.2000000000000002,-10.095171778399058,6,742.9195434722582,5.910563391066698,905.9994432588514,86.8260075431138
ZC405226,B,-1.0500000000000003,-8.833275306099177,10,-704.296096575252,2.5569848011383827,-858.8976787503074,94.80302820117598
ZC405226,B,-0.9000000000000004,-7.5713788337992955,9,103.09086204796286,2.1325716167506625,125.72056347312544,39.2046338332919
ZC405226,B,-0.7500000000000004,-6.309482361499414,18,-81.48665162650565,2.3247906887740126,-99.37396539817763,80.58916074302874
ZC405226,B,-0.6000000000000005,-5.047585889199532,18,-289.1063069640939,1.4989647764574006,-352.5686670293828,62.31565674406795
ZC405226,B,-0.4500000000000006,-3.7856894168996513,19,-14.290868691440368,1.6414425445679943,-17.427888648098012,71.96938973958538
ZC405226,B,-0.3000000000000007,-2.52379294459977,19,-48.31936588097465,2.484034861372977,-58.92605595240811,100.12067382409857
ZC405226,B,-0.1500000000000008,-1.2618964722998889,18,-9.798312083124491,1.9559647846912793,-11.949161076981088,99.81988359671126
ZC405226,B,-8.881784197001252e-16,-7.471928097283148e-15,18,-1.5672127145021957,1.4128617193129145,-1.9112350176856046,107.24959563281226
ZC405226,B,0.14999999999999902,1.2618964722998738,18,28.30030818362504,1.4706986544718579,34.5125709556403,107.52031348585302
ZC405226,B,0.29999999999999893,2.523792944599755,17,24.00540249605498,2.5129549599262173,29.27488109274998,106.1503505642365
ZC405226,B,0.44999999999999885,3.7856894168996367,19,78.91961468645772,1.7061981417041425,96.24343254446065,92.69214464704922
ZC405226,B,0.5999999999999988,5.047585889199518,18,91.38908380791554,1.4658686542187827,111.45010220477505,55.081212981485
ZC405226,B,0.7499999999999987,6.309482361499399,9,115.03136514330333,3.026991723270763,140.28215261378455,59.7116874562765
ZC405226,B,0.8999999999999986,7.5713788337992805,4,605.4723776112855,9.430916036146437,738.3809483064458,95.56560903811243
ZC405226,B,1.0499999999999985,8.833275306099162,8,761.116549743547,2.884282998709126,928.1909143213989,67.34671021923687
ZC405226,B,1.1999999999999984,10.095171778399044,5,770.1330773747702,3.8751646939983218,939.1866797253296,55.34592934173344
ZC405501,A,-1.35,-11.468726587569334,10,-435.96659984236686,1.6970127382008202,-449.45010293027514,50.45097716350223
ZC405501,A,-1.2000000000000002,-10.194423633394965,9,269.6622247496701,2.132237955507243,278.00229355636094,45.20955935759907
ZC405501,A,-1.0500000000000003,-8.920120679220595,14,30.48760280422664,1.8927470112250344,31.430518354872824,60.91792552011333
ZC405501,A,-0.9000000000000004,-7.645817725046226,12,45.37127749287935,2.584281829752425,46.77451287925707,91.11789032197488
ZC405501,A,-0.7500000000000004,-6.371514770871856,19,-47.429037365033835,1.071281981203618,-48.89591480931323,87.04546164124496
ZC405501,A,-0.6000000000000005,-5.097211816697486,17,-43.36814211226245,0.827265111150491,-44.70942485800252,69.41906470570711
ZC405501,A,-0.4500000000000006,-3.8229088625231165,19,-32.84527506133354,0.7788099069878863,-33.86110831065313,71.33444880742624
ZC405501,A,-0.3000000000000007,-2.5486059083487467,17,-3.652393876122239,1.1740230258659508,-3.765354511466226,83.20466597427209
ZC405501,A,-0.1500000000000008,-1.2743029541743771,19,-5.404024487532089,1.1787273312664992,-5.571159265496999,73.22349753751142
ZC405501,A,-8.881784197001252e-16,-7.545389227051956e-15,17,-9.87694950452193,1.5550853472353727,-10.182422169610238,79.28111248373087
ZC405501,A,0.14999999999999902,1.274302954174362,19,29.478634735695334,1.4651044749595115,30.390345088345704,84.25077260695384
ZC405501,A,0.29999999999999893,2.5486059083487316,17,32.70834300376442,1.8430195653103747,33.719941240994245,90.83535904327107
ZC405501,A,0.44999999999999885,3.8229088625231014,18,94.58141753634533,1.5147672134057906,97.50661601685086,74.92272855828246
ZC405501,A,0.5999999999999988,5.097211816697471,16,1.5789539730439244,1.2489819695258437,1.6277876010762107,56.81489673300697
ZC405501,A,0.7499999999999987,6.3715147708718405,14,93.30904462157119,1.880395343979528,96.19489136244452,54.981993300807
ZC405501,A,0.8999999999999986,7.645817725046211,5,89.35811241694786,4.604241173230527,92.12176537829677,76.9588814076629
ZC405501,A,1.0499999999999985,8.92012067922058,3,422.6204584977059,4.365632193282465,435.6911943275319,53.951454527865316
ZC405501,A,1.1999999999999984,10.19442363339495,6,235.64194814309278,4.579411686660027,242.9298434464874,69.20510400666872
ZC405501,A,1.3499999999999983,11.46872658756932,3,-1210.4200625753074,4.168413099377486,-1247.855734613719,53.02648630492192
ZC405501,B,-1.65,-14.017332495918074,2,1043.8452396245684,2.96625647670835,1076.1291130150191,62.95995146950014
ZC405501,B,-1.5,-12.743029541743704,11,-70.53018065775362,3.007701979739503,-72.71152645129239,98.3425556687013
ZC405501,B,-1.35,-11.468726587569334,15,180.44060954963612,1.6302104610680288,186.02124695838776,58.27360563200208
ZC405501,B,-1.2000000000000002,-10.194423633394965,15,46.665767204618554,1.7282441323592748,48.10903835527686,63.880530534517035
ZC405501,B,-1.0500000000000003,-8.920120679220595,12,-336.2937096280239,1.6793390041988632,-346.6945460082721,47.40967520600566
ZC405501,B,-0.9000000000000004,-7.645817725046226,8,213.09973867967008,2.611310370260098,219.69045224708256,50.77537009369972
ZC405501,B,-0.7500000000000004,-6.371514770871856,16,557.5473032602044,1.5313681205883376,574.7910342888706,70.83689942321092
ZC405501,B,-0.6000000000000005,-5.097211816697486,18,-36.691003424591024,1.199613497868343,-37.8257767263825,68.47560315989494
ZC405501,B,-0.4500000000000006,-3.8229088625231165,18,-27.132566416570953,1.1861492102526636,-27.97171795522779,72.18315769985533
ZC405501,B,-0.3000000000000007,-2.5486059083487467,17,3.9978777929892786,1.7307073832086004,4.121523497927091,86.94272460230371
ZC405501,B,-0.1500000000000008,-1.2743029541743771,18,-8.812213844839661,1.545588592230787,-9.084756541071815,72.87129270123248
ZC405501,B,-8.881784197001252e-16,-7.545389227051956e-15,19,-17.14596026824467,1.9729190206521126,-17.67624769922131,82.08807805211437
ZC405501,B,0.14999999999999902,1.274302954174362,17,30.152554690942125,2.1102499295552763,31.085107928806316,83.58864550540552
ZC405501,B,0.29999999999999893,2.5486059083487316,17,-130.77757530638448,2.200907132726695,-134.82224258390153,89.49412335754934
ZC405501,B,0.44999999999999885,3.8229088625231014,15,43.8803728650782,2.2248589667480974,45.23749779904969,71.13591062145179
ZC405501,B,0.5999999999999988,5.097211816697471,12,-181.99597471559107,2.1099201438548723,-187.6247162016403,58.95047385842505
ZC405501,B,0.7499999999999987,6.3715147708718405,7,-36.416328837792435,5.565406765279338,-37.54260704927055,104.25825045452866
ZC405501,B,0.8999999999999986,7.645817725046211,5,565.6933117036916,2.879322330633465,583.1889811378264,42.348127509318864
ZC405501,B,1.0499999999999985,8.92012067922058,8,7.492149524900272,2.858972474392249,7.72386548958791,54.369249455691644
ZC405501,B,1.1999999999999984,10.19442363339495,12,647.9143041844536,2.3580055516285645,667.9528909118079,61.27027443701079
ZC405501,B,1.3499999999999983,11.46872658756932,12,-187.87791914731397,1.5342259956461677,-193.68857644052989,54.06477461325854
ZC405501,B,1.4999999999999982,12.74302954174369,6,223.0737931669517,2.280548498049893,229.97298264634196,35.33010098431313
ZC406690,A,-1.35,-11.435520404285986,6,821.2782701237485,1.8921370945427065,1866.5415230085193,30.896925136657448
ZC406690,A,-1.2000000000000002,-10.164907026031988,14,470.9549615016336,1.8849741996717786,1070.3521852309855,51.537897638472884
ZC406690,A,-1.0500000000000003,-8.89429364777799,16,-41.537833422929076,1.2185597084162512,-94.40416687029335,59.06561721330951
ZC406690,A,-0.9000000000000004,-7.623680269523994,18,-29.26445656236822,0.7821703203646242,-66.51012855083687,47.11390288316412
ZC406690,A,-0.7500000000000004,-6.353066891269996,18,-43.14078781309146,0.8263383923530585,-98.04724502975331,55.03143880574479
ZC406690,A,-0.6000000000000005,-5.082453513015998,18,-61.67499178733828,0.7079647596449956,-140.17043588031427,65.46284082792141
ZC406690,A,-0.4500000000000006,-3.8118401347620003,18,-77.64659690453477,0.7071067811865476,-176.46953841939722,72.11787087768634
ZC406690,A,-0.3000000000000007,-2.541226756508003,18,-80.9957863541459,0.7272952202581623,-184.08133262305887,77.25488650597265
ZC406690,A,-0.1500000000000008,-1.2706133782540052,18,-68.90586335705949,1.1564196246847556,-156.60423490240794,91.7596353555201
ZC406690,A,-8.881784197001252e-16,-7.523542548983159e-15,18,-38.387287965004205,1.7383614240289456,-87.24383628410047,116.39414155793631
ZC406690,A,0.14999999999999902,1.2706133782539901,18,69.38707200913818,1.9013517935540938,157.6978909298595,153.72009469899388
ZC406690,A,0.29999999999999893,2.541226756507988,18,130.9107330830898,1.0743006936900363,297.52439337065863,112.46290113856934
ZC406690,A,0.44999999999999885,3.8118401347619857,18,137.60969168783802,0.7592909795185655,312.74929929054093,94.28030598200019
ZC406690,A,0.5999999999999988,5.082453513015984,18,143.19290323565502,0.7131676221233856,325.4384164446705,88.95903728908237
ZC406690,A,0.7499999999999987,6.353066891269981,18,127.18101753538416,0.7071067811865476,289.04776712587307,79.1488444643509
ZC406690,A,0.8999999999999986,7.6236802695239785,18,122.89169377635673,0.8525909916807164,279.2993040371744,80.03999231996751
ZC406690,A,1.0499999999999985,8.894293647777976,10,125.46739342099548,2.5002965827937103,285.1531668658988,76.48423834280408
ZC406690,A,1.1999999999999984,10.164907026031974,7,1188.058057039583,7.699831532572514,2700.131947817234,168.23575144503982
ZC406690,A,1.3499999999999983,11.435520404285972,4,-472.16745423390836,6.772753957202391,-1073.10785053161,109.98185527663966
ZC406690,B,-1.5,-12.706133782539984,3,-912.9937921519809,3.122025896288789,-2074.985891254502,37.61008673377754
ZC406690,B,-1.35,-11.435520404285986,6,798.8714701607189,6.4980422411533585,1815.6169776379975,156.20935828749182
ZC406690,B,-1.2000000000000002,-10.164907026031988,8,528.6440650582371,3.8352705122010313,1201.463784223266,78.3358839023818
ZC406690,B,-1.0500000000000003,-8.89429364777799,4,-792.533114647303,5.590546716157746,-1801.2116241984158,65.31214908499634
ZC406690,B,-0.9000000000000004,-7.623680269523994,11,-122.41905009243719,1.8849667677823743,-278.22511384644815,49.22552963147159
ZC406690,B,-0.7500000000000004,-6.353066891269996,18,-47.654239718427974,1.2185688227869242,-108.30509026915449,58.24712217836725
ZC406690,B,-0.6000000000000005,-5.082453513015998,17,-59.04019213881232,0.9412742819920847,-134.1822548609371,74.14731183952273
ZC406690,B,-0.4500000000000006,-3.8118401347620003,19,-70.05580210669591,0.7944861640074239,-159.21773206067252,73.27919965896744
ZC406690,B,-0.3000000000000007,-2.541226756508003,17,-81.60257868878233,0.953277116398491,-185.46040611086895,72.97952730962342
ZC406690,B,-0.1500000000000008,-1.2706133782540052,18,-71.39896922191099,1.876977383836935,-162.27038459525224,97.71535790086627
ZC406690,B,-8.881784197001252e-16,-7.523542548983159e-15,19,-45.96225155530523,2.497317372301201,-104.45966262569371,117.09784994340183
ZC406690,B,0.14999999999999902,1.2706133782539901,18,45.07837707401631,2.452498742774282,102.45085698640071,153.76090905436973
ZC406690,B,0.29999999999999893,2.541226756507988,17,90.47621540320291,1.4014108432976489,205.62776228000664,98.8257946787564
ZC406690,B,0.44999999999999885,3.8118401347619857,19,108.07957084884069,1.1495972165292228,245.63538829281975,93.91916883692973
ZC406690,B,0.5999999999999988,5.082453513015984,17,124.05767785482864,1.278869573453105,281.9492678518833,91.27783155992842
ZC406690,B,0.7499999999999987,6.353066891269981,18,112.11668277638846,1.1053602223661032,254.81064267361012,61.416897240790576
ZC406690,B,0.8999999999999986,7.6236802695239785,14,144.98296763857186,2.365340373964237,329.5067446331179,69.51949710013261
ZC406690,B,1.0499999999999985,8.894293647777976,5,265.26157177987,4.661748254872154,602.8672085906136,87.12028659544013
ZC406690,B,1.1999999999999984,10.164907026031974,11,-89.61897348316646,3.4573987831207664,-203.67948518901468,92.86499613900533
ZC406690,B,1.3499999999999983,11.435520404285972,3,-1172.087222532974,8.903986971396835,-2663.83459666585,84.86274886384774
ZC406690,B,1.4999999999999982,12.70613378253997,3,72.30571993592015,8.391172143551923,164.3311816725458,87.86859539477517
ZC407302,A,-1.35,-11.446237297442565,2,1480.2737196084374,19.98030589949775,1626.674417152129,294.95242721575346
ZC407302,A,-1.2000000000000002,-10.17443315328228,7,578.711809164174,6.1730105398988755,635.9470430375538,182.78156095306616
ZC407302,A,-1.0500000000000003,-8.902629009121997,14,-950.2298236136646,1.7820881556424955,-1044.2085973776534,59.99922641131984
ZC407302,A,-0.9000000000000004,-7.6308248649617125,9,-297.4013132992496,3.781451519687018,-326.81462999917534,140.32615329249398
ZC407302,A,-0.7500000000000004,-6.359020720801428,16,-163.10191203786175,1.1826228969475923,-179.23287037127665,70.92288335031668
ZC407302,A,-0.6000000000000005,-5.087216576641144,18,-143.70466494681284,0.7982046313389305,-157.91721422726684,82.94026172089283
ZC407302,A,-0.4500000000000006,-3.81541243248086,17,-109.18440281159975,0.7293648714952327,-119.9828602325272,90.63324628337917
ZC407302,A,-0.3000000000000007,-2.5436082883205757,17,-87.10279739215767,0.7276068751089989,-95.71735977160183,91.49409808346684
ZC407302,A,-0.1500000000000008,-1.2718041441602916,18,-72.13765237381538,0.7071067811865476,-79.27214546573119,103.63770596514676
ZC407302,A,-8.881784197001252e-16,-7.530593299522347e-15,19,-15.381938845068637,0.6886690700777519,-16.903229500075426,126.77668898491443
ZC407302,A,0.14999999999999902,1.2718041441602765,18,83.83286435563639,0.7261695546294902,92.12402676443558,128.37395280274507
ZC407302,A,0.29999999999999893,2.5436082883205606,17,152.64322088450828,0.7876929261061176,167.73980316978933,120.94292294867974
ZC407302,A,0.44999999999999885,3.8154124324808447,17,214.686242818249,1.0246794969295645,235.918948151922,96.41118469112925
ZC407302,A,0.5999999999999988,5.087216576641129,17,227.6196373813259,1.8576491505090709,250.13146964980868,95.54976094087279
ZC407302,A,0.7499999999999987,6.359020720801413,6,810.1439136344774,6.277893961193983,890.2680369609641,119.545107812462
ZC407302,A,0.8999999999999986,7.630824864961697,5,1480.0001267600376,10.492201231852988,1626.3737656703709,295.2203108992625
ZC407302,A,1.0499999999999985,8.90262900912198,14,703.0255817943345,4.174939164906218,772.5555843893785,175.82734765189508
ZC407302,A,1.1999999999999984,10.174433153282266,7,515.8230266873459,5.894440560113928,566.8384908652152,133.40644080877888
ZC407302,B,-1.35,-11.446237297442565,4,521.2862219617222,3.259498759498067,572.8420021557387,43.51249805185146
ZC407302,B,-1.2000000000000002,-10.17443315328228,11,-413.7686877354554,2.3146546218482853,-454.69086564335754,60.997526442112445
ZC407302,B,-1.0500000000000003,-8.902629009121997,13,-500.67527307838594,2.0978605187879404,-550.192607778446,69.66840517112952
ZC407302,B,-0.9000000000000004,-7.6308248649617125,12,-332.5389322596882,3.611127495960388,-365.42739808756943,107.78392135252314
ZC407302,B,-0.7500000000000004,-6.359020720801428,18,-124.77998462550416,1.4607780121819092,-137.12086222582874,73.76532661883127
ZC407302,B,-0.6000000000000005,-5.087216576641144,18,-146.70909245294854,0.8966973388174531,-161.21878291532806,79.65220080217799
ZC407302,B,-0.4500000000000006,-3.81541243248086,16,-119.22534978433339,0.8928668333087483,-131.01686789487187,95.38371317922531
ZC407302,B,-0.3000000000000007,-2.5436082883205757,18,-101.9686754615947,0.7071067811865476,-112.05348951823593,90.23423241680831
ZC407302,B,-0.1500000000000008,-1.2718041441602916,18,-79.35834312475811,0.7071067811865476,-87.20697046676715,103.01400759871859
ZC407302,B,-8.881784197001252e-16,-7.530593299522347e-15,17,-20.463911500832154,0.7508528763039665,-22.487814836079288,125.39241492578158
ZC407302,B,0.14999999999999902,1.2718041441602765,18,73.76184217659784,0.7713370088514401,81.05696942483279,120.29911802583234
ZC407302,B,0.29999999999999893,2.5436082883205606,18,141.39912307321868,0.9684330330766535,155.3836517288117,120.02018064935358
ZC407302,B,0.44999999999999885,3.8154124324808447,16,201.35989759666782,1.207107122067941,221.274612743591,95.24455684914031
ZC407302,B,0.5999999999999988,5.087216576641129,18,209.5856205565104,2.0021993245683363,230.31386874341803,99.29803601614131
ZC407302,B,0.7499999999999987,6.359020720801413,12,76.34770295676323,4.755712812045175,83.89857467776179,117.74626967355492
ZC407302,B,0.8999999999999986,7.630824864961697,3,593.5396803611021,8.134294253711225,652.2414069902221,68.05117990369853
ZC407302,B,1.0499999999999985,8.90262900912198,8,543.8807929779972,3.814593098808487,597.6712010747221,97.64884703599711
ZC407302,B,1.1999999999999984,10.174433153282266,6,-152.92551146279402,5.891025807085742,-168.05001259647693,61.3589430859308
ZC407302,B,1.3499999999999983,11.446237297442549,3,-781.4898842863859,5.512234354759457,-858.780092622402,98.70508994704312
ZC407376,A,-1.5,-12.726143268154761,3,-596.785951736039,5.128803794559193,-615.2432492124113,62.818500343533096
ZC407376,A,-1.35,-11.453528941339286,7,-1293.7672467422785,2.222998599285992,-1333.780666744617,36.868847909262776
ZC407376,A,-1.2000000000000002,-10.180914614523811,8,-1021.8340760483059,4.761852195195782,-1053.4371918023771,131.83370547511748
ZC407376,A,-1.0500000000000003,-8.908300287708334,5,-739.1987288779878,10.81213323486941,-762.0605452350391,143.96293800043728
ZC407376,A,-0.9000000000000004,-7.63568596089286,6,963.361568164522,4.247166518289484,993.1562558397135,62.66158794552812
ZC407376,A,-0.7500000000000004,-6.363071634077384,17,182.78973472639709,4.1033537855674105,188.443025491131,126.99194848153638
ZC407376,A,-0.6000000000000005,-5.090457307261909,18,8.711204428712373,4.023907944253431,8.98062312238389,132.01571259582718
ZC407376,A,-0.4500000000000006,-3.8178429804464336,15,15.097529266781429,2.7773918657409338,15.56446316163034,109.94370427327338
ZC407376,A,-0.3000000000000007,-2.545228653630958,16,10.691445004898638,2.3793383552330005,11.022108252472822,177.69581680970566
ZC407376,A,-0.1500000000000008,-1.2726143268154828,19,24.302400298613826,1.2028239381657948,25.054020926406007,167.12725845270293
ZC407376,A,-8.881784197001252e-16,-7.535390544524722e-15,21,40.571004306860054,0.9197026485355745,41.8257776359382,162.389001924449
ZC407376,A,0.14999999999999902,1.2726143268154677,19,26.370826940401876,1.2475018016697552,27.186419526187503,140.53673337145065
ZC407376,A,0.29999999999999893,2.545228653630943,16,-20.74444098074549,1.6779368910064172,-21.386021629634527,126.66919784835981
ZC407376,A,0.44999999999999885,3.8178429804464185,16,-26.56900706808601,1.899204690166232,-27.390728936171143,131.98351758666985
ZC407376,A,0.5999999999999988,5.090457307261894,19,-42.68092856093205,1.746237670206822,-44.00095727931139,90.2201078898966
ZC407376,A,0.7499999999999987,6.363071634077369,17,-54.940363349997114,1.9993867867343733,-56.63954984535785,76.5273132412279
ZC407376,A,0.8999999999999986,7.635685960892845,18,-31.462881186807827,4.582933227911698,-32.43595998639982,162.17778599358584
ZC407376,A,1.0499999999999985,8.90830028770832,8,137.50993159859004,4.27271412537877,141.76281608102067,126.67401961443252
ZC407376,A,1.1999999999999984,10.180914614523795,3,639.9046085272121,7.509087812637575,659.6954727084661,77.23413256325938
ZC407376,B,-1.7999999999999998,-15.271371921785711,1,1212.1380158537268,22.006893127627254,1249.6268204677597,152.00467048954653
ZC407376,B,-1.65,-13.998757594970236,6,630.9432376638849,3.302935453578506,650.4569460452423,65.72928276545805
ZC407376,B,-1.5,-12.726143268154761,7,-710.7964063182168,3.8734362930390884,-732.7798003280585,63.02148424388954
ZC407376,B,-1.35,-11.453528941339286,7,-723.3460352078503,2.90893599512604,-745.7175620699487,49.01439124728184
ZC407376,B,-1.2000000000000002,-10.180914614523811,5,406.8355776525714,8.528534100983924,419.4181212913107,121.07566416566851
ZC407376,B,-1.0500000000000003,-8.908300287708334,5,415.3840803617793,6.914797764387119,428.23101068224673,147.80452274779668
ZC407376,B,-0.9000000000000004,-7.63568596089286,12,754.9242459841854,2.6192527059595907,778.2724185403973,56.78420903478209
ZC407376,B,-0.7500000000000004,-6.363071634077384,15,360.3755176437805,3.9773278742811273,371.52115221008296,98.31593216429742
ZC407376,B,-0.6000000000000005,-5.090457307261909,11,19.45249687821396,4.34774414195189,20.054120493004085,95.30808675594557
ZC407376,B,-0.4500000000000006,-3.8178429804464336,18,13.944074550838938,2.657857062543974,14.37533458849375,104.78594269926171
ZC407376,B,-0.3000000000000007,-2.545228653630958,17,16.662040447580452,3.133882047904722,17.177361286165414,183.23609370897998
ZC407376,B,-0.1500000000000008,-1.2726143268154828,18,24.868112960969484,1.7591638105414815,25.63722985666957,166.9860225075589
ZC407376,B,-8.881784197001252e-16,-7.535390544524722e-15,17,47.442135610260316,1.3922049914203254,48.90941815490754,162.41347534397158
ZC407376,B,0.14999999999999902,1.2726143268154677,18,34.021593709447075,1.7476470106066524,35.07380794788358,135.86142772059432
ZC407376,B,0.29999999999999893,2.545228653630943,18,-16.25671942051864,2.3108077345055094,-16.75950455723571,124.09929145148774
ZC407376,B,0.44999999999999885,3.8178429804464185,19,-14.26742558301789,2.7065727667047956,-14.70868616805968,136.564319958507
ZC407376,B,0.5999999999999988,5.090457307261894,16,-47.968170224034495,2.3521398485294243,-49.451721880447934,82.85206316082898
ZC407376,B,0.7499999999999987,6.363071634077369,10,-33.19468753738306,2.948697430090456,-34.22132735812687,62.40263186639753
ZC407376,B,0.8999999999999986,7.635685960892845,14,-163.1437771620232,4.733227170668454,-168.1894609917765,119.49439486304333
ZC407376,B,1.0499999999999985,8.90830028770832,4,217.95728415985747,5.084607102596349,224.69823109263658,110.61508784341788
ZC409985,A,-1.5,-12.44461269963119,3,-586.2319212393439,6.204836573450042,-771.3577911043999,170.2257391373203
ZC409985,A,-1.35,-11.200151429668072,8,714.9436434049696,2.0594414844114755,940.7153202696969,39.47580768155965
ZC409985,A,-1.2000000000000002,-9.955690159704954,15,-30.098341313307323,1.6829093143777019,-39.60308067540437,46.95321873471208
ZC409985,A,-1.0500000000000003,-8.711228889741834,13,66.41019469485026,2.260076669043073,87.38183512480298,75.56711769217428
ZC409985,A,-0.9000000000000004,-7.466767619778717,12,516.540642565037,2.9504539868998063,679.658740217154,99.3293418280325
ZC409985,A,-0.7500000000000004,-6.222306349815598,10,-394.6823271910027,2.1482550646488976,-519.3188515671088,55.521596491985505
ZC409985,A,-0.6000000000000005,-4.9778450798524805,5,261.76838210627994,4.072152649977636,344.4320817187894,166.53071479806147
ZC409985,A,-0.4500000000000006,-3.733383809889362,14,34.4273738133082,1.9437691767036875,45.299176070142366,68.67952145412859
ZC409985,A,-0.3000000000000007,-2.488922539926244,18,1.5631277394366763,0.8995850501989461,2.056747025574574,83.88046282783344
ZC409985,A,-0.1500000000000008,-1.2444612699631257,18,-4.330084230251874,0.7369926690526181,-5.697479250331413,73.51369692749603
ZC409985,A,-8.881784197001252e-16,-7.36869096089236e-15,18,-10.32068415457264,0.7071067811865476,-13.579847571806106,76.03151519583525
ZC409985,A,0.14999999999999902,1.2444612699631108,18,-8.169224440923246,0.734383233391561,-10.748979527530587,81.0044807862314
ZC409985,A,0.29999999999999893,2.488922539926229,17,-14.57957628016352,1.2193741817133532,-19.18365300021516,83.77391947053086
ZC409985,A,0.44999999999999885,3.7333838098893475,7,-18.26123022182881,3.0858142357884755,-24.027934502406328,52.56982862235677
ZC409985,A,0.5999999999999988,4.977845079852465,7,-616.7460684511515,2.159080548170739,-811.5079848041466,76.80711690534328
ZC409985,A,0.7499999999999987,6.222306349815584,11,652.0768342563243,2.562679910769078,857.9958345477952,72.29705513969215
ZC409985,A,0.8999999999999986,7.466767619778702,8,-228.34010881858222,3.2488506410837346,-300.4475116033977,84.84340672453929
ZC409985,A,1.0499999999999985,8.71122888974182,10,-91.94463024463913,2.8998892640288005,-120.97977663768306,72.23689977035701
ZC409985,A,1.1999999999999984,9.955690159704938,7,667.317280200907,1.5989608569177542,878.0490528959302,44.286889220512776
ZC409985,A,1.3499999999999983,11.200151429668058,8,455.7636468069149,1.9377669619256876,599.689008956467,67.09525534884914
ZC409985,B,-1.2000000000000002,-9.955690159704954,2,-264.7067722943044,8.84923773786067,-348.298384597769,76.24144114073344
ZC409985,B,-1.0500000000000003,-8.711228889741834,13,769.3600880103633,3.1564886842014435,1012.3159052767937,58.92767963185359
ZC409985,B,-0.9000000000000004,-7.466767619778717,10,116.364615508953,3.307121971429051,153.1113361959908,79.61713633107172
ZC409985,B,-0.7500000000000004,-6.222306349815598,12,-59.64113314314158,2.2067119738980807,-78.47517518834418,64.59692621120087
ZC409985,B,-0.6000000000000005,-4.9778450798524805,13,51.758687502156135,2.1666450544873896,68.10353618704755,57.700901273981785
ZC409985,B,-0.4500000000000006,-3.733383809889362,12,126.50639106926918,2.279665322708224,166.45577772272262,67.27616494989779
ZC409985,B,-0.3000000000000007,-2.488922539926244,18,0.4288016163616447,1.1376518973390202,0.5642126531074273,63.963231217816855
ZC409985,B,-0.1500000000000008,-1.2444612699631257,18,-3.217107300218567,0.7833818800538929,-4.233035921340219,64.66086308414378
ZC409985,B,-8.881784197001252e-16,-7.36869096089236e-15,18,-8.796782624848236,0.7465628844381059,-11.574713980063468,79.50500669107154
ZC409985,B,0.14999999999999902,1.2444612699631108,18,-17.377498655325024,0.7507838719813308,-22.865129809638187,77.63382202681234
ZC409985,B,0.29999999999999893,2.488922539926229,18,-14.572605660148959,1.250999613294617,-19.174481131774947,69.7285993724812
ZC409985,B,0.44999999999999885,3.7333838098893475,18,4.551951281941558,1.7084588184121758,5.98940958150205,77.25629900653126
ZC409985,B,0.5999999999999988,4.977845079852465,12,-108.80734629261343,2.7203267166096428,-143.16756091133345,115.07572048573633
ZC409985,B,0.7499999999999987,6.222306349815584,15,31.13775371523852,1.9871027786845221,40.97072857268226,72.0229903643379
ZC409985,B,0.8999999999999986,7.466767619778702,12,-413.1448041778635,2.6235520954545013,-543.6115844445573,63.80536122755711
ZC409985,B,1.0499999999999985,8.71122888974182,10,-191.29020353081393,3.0990329927260682,-251.69763622475517,50.59444277338919
ZC409985,B,1.1999999999999984,9.955690159704938,6,-335.25163126092,3.1722430831882034,-441.120567448579,44.06938435996372
ZC410041,A,-1.35,-11.202840803461857,4,-697.2857898193802,6.205910603140475,-697.2857898193802,114.0484854130198
ZC410041,A,-1.2000000000000002,-9.958080714188318,11,336.2736547898534,1.9140520128635423,336.2736547898534,81.46932383205449
ZC410041,A,-1.0500000000000003,-8.713320624914779,9,544.953297833947,2.0653176345519504,544.953297833947,78.76637764281523
ZC410041,A,-0.9000000000000004,-7.468560535641241,14,-788.5675615489492,1.5336550831041698,-788.5675615489492,72.38360324269068
ZC410041,A,-0.7500000000000004,-6.223800446367702,11,-688.781257520111,2.339090300827978,-688.781257520111,75.43060273131256
ZC410041,A,-0.6000000000000005,-4.979040357094163,9,-970.7704616157223,2.245090042166394,-970.7704616157223,79.28320601556781
ZC410041,A,-0.4500000000000006,-3.734280267820624,19,-210.52551916649642,1.7578397455646477,-210.52551916649642,75.12361872959987
ZC410041,A,-0.3000000000000007,-2.4895201785470853,18,-59.468280196900984,2.0004119177306072,-59.468280196900984,86.69321715205011
ZC410041,A,-0.1500000000000008,-1.2447600892735462,18,-17.432170719280368,1.314404880312242,-17.432170719280368,64.99373376046121
ZC410041,A,-8.881784197001252e-16,-7.370460326645062e-15,18,19.929188515918497,1.7627933898153005,19.929188515918497,115.05012931751278
ZC410041,A,0.14999999999999902,1.2447600892735315,18,20.03139202054983,2.2205266598757327,20.03139202054983,113.58969404750621
ZC410041,A,0.29999999999999893,2.48952017854707,12,165.45403094912623,2.196167732711437,165.45403094912623,48.016895582675836
ZC410041,A,0.44999999999999885,3.7342802678206093,7,61.98522798612737,3.73606740489938,61.98522798612737,72.96497697058989
ZC410041,A,0.5999999999999988,4.979040357094148,10,175.48877599775548,4.59897107015653,175.48877599775548,87.98009578311864
ZC410041,A,0.7499999999999987,6.2238004463676875,6,-46.32997016639171,4.296686617959526,-46.32997016639171,66.14656472636823
ZC410041,A,0.8999999999999986,7.468560535641226,4,771.5597841027093,6.678174144722409,771.5597841027093,118.60699892656604
ZC410041,A,1.0499999999999985,8.713320624914765,13,563.2639985287351,3.628627444264809,563.2639985287351,84.38340868047057
ZC410041,A,1.1999999999999984,9.958080714188304,14,732.4218714608361,1.5082331922249868,732.4218714608361,68.72151888817417
ZC410041,A,1.3499999999999983,11.202840803461843,12,399.7094018213015,2.331548531057359,399.7094018213015,87.88721807569702
ZC410041,A,1.4999999999999982,12.447600892735382,2,90.5478584304622,10.133985288755795,90.5478584304622,125.36290704442551
ZC410041,B,-1.35,-11.202840803461857,9,-270.60929288101084,2.1083206017278235,-270.60929288101084,69.04182710022506
ZC410041,B,-1.2000000000000002,-9.958080714188318,14,535.2525648240829,1.7472955778354107,535.2525648240829,79.19411121554887
ZC410041,B,-1.0500000000000003,-8.713320624914779,7,265.57183697544434,2.3076053784403947,265.57183697544434,87.50565579671863
ZC410041,B,-0.9000000000000004,-7.468560535641241,16,-114.52312132807403,1.5576179627432327,-114.52312132807403,67.43592329263349
ZC410041,B,-0.7500000000000004,-6.223800446367702,10,-776.9470528114118,2.9231449269042895,-776.9470528114118,96.91938530966505
ZC410041,B,-0.6000000000000005,-4.979040357094163,11,-709.5940378894691,2.5187786514882697,-709.5940378894691,89.26937979850696
ZC410041,B,-0.4500000000000006,-3.734280267820624,17,-390.1375692486214,2.1180279514244287,-390.1375692486214,72.58705615494213
ZC410041,B,-0.3000000000000007,-2.4895201785470853,18,-45.875186053601624,2.3723935118747246,-45.875186053601624,88.10391688348312
ZC410041,B,-0.1500000000000008,-1.2447600892735462,17,197.09758840493816,1.5740612796153874,197.09758840493816,63.921792460137965
ZC410041,B,-8.881784197001252e-16,-7.370460326645062e-15,18,12.535212951375978,2.4164627955360416,12.535212951375978,120.26761687429826
ZC410041,B,0.14999999999999902,1.2447600892735315,16,7.919220998053951,2.467973907845694,7.919220998053951,97.23064284024093
ZC410041,B,0.29999999999999893,2.48952017854707,14,156.30963563498153,2.4115370713127673,156.30963563498153,55.080907611813096
ZC410041,B,0.44999999999999885,3.7342802678206093,12,250.8334890522281,2.852062379703656,250.8334890522281,56.17994798452417
ZC410041,B,0.5999999999999988,4.979040357094148,8,279.4650529633742,3.7887848954074004,279.4650529633742,63.35145166742476
ZC410041,B,0.7499999999999987,6.2238004463676875,5,-28.618170740024638,4.509961073369111,-28.618170740024638,92.63280664573394
ZC410041,B,0.8999999999999986,7.468560535641226,10,399.21883290625425,2.4274395971074867,399.21883290625425,95.62733879310692
ZC410041,B,1.0499999999999985,8.713320624914765,15,915.881922181398,2.2003798055258597,915.881922181398,77.3509555139061
ZC410041,B,1.1999999999999984,9.958080714188304,14,771.6311505865895,1.6459303198151463,771.6311505865895,51.21099051973188
ZC410041,B,1.3499999999999983,11.202840803461843,14,622.7926404786102,2.1377823176220425,622.7926404786102,80.1905766702965
ZC410041,B,1.4999999999999982,12.447600892735382,6,1073.0718220067472,5.036366031275231,1073.0718220067472,122.50152977716948
ZC410123,A,-1.5,-12.702838001309747,2,1054.6918950831816,6.264282931330394,1122.0126543438103,128.36982100794268
ZC410123,A,-1.35,-11.432554201178773,6,162.40273232504794,3.6143690744050225,172.76886417558293,69.43676194643346
ZC410123,A,-1.2000000000000002,-10.162270401047799,9,-1072.8429893860568,2.7020497492356217,-1141.322329134103,106.01534673979282
ZC410123,A,-1.0500000000000003,-8.891986600916825,8,-1151.4141562454788,4.492209406774784,-1224.9086768568925,99.81924812232474
ZC410123,A,-0.9000000000000004,-7.621702800785851,1,36.94388309874387,11.56364971847755,39.30200329653603,66.38741929252822
ZC410123,A,-0.7500000000000004,-6.351419000654877,6,-20.38778578997099,3.0472764544966546,-21.689133819118076,49.85541926386902
ZC410123,A,-0.6000000000000005,-5.081135200523903,13,-23.99840098199824,4.258456289959149,-25.53021381063643,140.7212208250026
ZC410123,A,-0.4500000000000006,-3.8108514003929295,15,43.93714041927404,2.7113286003127195,46.74163874390855,130.8276031476817
ZC410123,A,-0.3000000000000007,-2.5405676002619555,19,-4.435110146550824,1.3983426260985035,-4.718202283564707,77.76366378013562
ZC410123,A,-0.1500000000000008,-1.2702838001309815,17,19.815741243379527,1.4777750577685287,21.080575790829286,78.09529006965806
ZC410123,A,-8.881784197001252e-16,-7.521591054473326e-15,19,23.50105291765526,1.4561761575214291,25.001120125165173,84.68189489360168
ZC410123,A,0.14999999999999902,1.2702838001309664,17,4.486505183012621,1.453415894019374,4.772877854268747,93.5517632727033
ZC410123,A,0.29999999999999893,2.5405676002619404,19,-37.05164116849365,2.0345511491897237,-39.4166395409507,135.31991319129494
ZC410123,A,0.44999999999999885,3.8108514003929144,12,-88.04987207064758,2.784185433943602,-93.6700766709017,112.8166369903264
ZC410123,A,0.8999999999999986,7.621702800785836,8,994.5457085673166,1.4729505525980315,1058.0273495396987,34.62027692339297
ZC410123,A,1.0499999999999985,8.89198660091681,13,892.381255284728,1.6188810720144835,949.3417609412,74.16717967027493
ZC410123,A,1.1999999999999984,10.162270401047785,9,797.1212765993255,1.6127582062503678,848.0013580843888,97.3458137216202
ZC410123,A,1.3499999999999983,11.432554201178759,4,764.3540340301354,1.7111100151751586,813.1425893937611,91.45716906394998
ZC410123,A,1.4999999999999982,12.702838001309733,2,310.96586817074916,2.1213203435596424,330.8147533731374,179.22569373540955
ZC410123,B,-1.5,-12.702838001309747,7,809.9007521816415,3.0554089697988753,861.5965448740867,78.34849316269207
ZC410123,B,-1.35,-11.432554201178773,11,-89.15017213255544,2.5553356307194584,-94.84060865165473,81.92058247083773
ZC410123,B,-1.2000000000000002,-10.162270401047799,8,-1152.4741011562603,2.2846198805509887,-1226.0362778258088,97.54833824984277
ZC410123,B,-1.0500000000000003,-8.891986600916825,7,86.87812030875558,4.160843182025928,92.42353224335702,82.30661171194113
ZC410123,B,-0.9000000000000004,-7.621702800785851,3,-461.4232272830238,8.918431273928404,-490.8757737053445,69.59372758158297
ZC410123,B,-0.7500000000000004,-6.351419000654877,8,-250.4591911054596,4.6961906252254035,-266.44594798453153,84.36727065781366
ZC410123,B,-0.6000000000000005,-5.081135200523903,13,76.46593277671253,4.114490108539069,81.3467369965027,112.19267933763717
ZC410123,B,-0.4500000000000006,-3.8108514003929295,14,-151.88810265242097,3.1906182781618817,-161.58308792810743,107.47918980071115
ZC410123,B,-0.3000000000000007,-2.5405676002619555,16,-12.148054765794136,2.0042805131600465,-12.923462516802273,81.50255693568633
ZC410123,B,-0.1500000000000008,-1.2702838001309815,18,24.73029030182444,2.0229095007433355,26.308819470026002,84.5825651847895
ZC410123,B,-8.881784197001252e-16,-7.521591054473326e-15,21,25.73747147074483,1.8108113533119612,27.380288798664715,82.73262430968605
ZC410123,B,0.14999999999999902,1.2702838001309664,18,-6.205420115467193,1.7010206714490799,-6.601510761135312,87.67505673128075
ZC410123,B,0.29999999999999893,2.5405676002619404,15,-34.375081290102905,2.708266251316579,-36.56923541500309,157.40382005822585
ZC410123,B,0.44999999999999885,3.8108514003929144,14,-458.1005627033785,3.6196053659688117,-487.34102415253034,132.53915801869815
ZC410123,B,0.5999999999999988,5.081135200523888,2,-185.10940584176223,9.265404682581757,-196.92489983166195,92.20331109816962
ZC410123,B,0.7499999999999987,6.351419000654862,4,-522.2325734985545,3.4368447129670545,-555.5665675516537,42.82107911130132
ZC410123,B,0.8999999999999986,7.621702800785836,9,963.9973315129868,1.6584309181755346,1025.5290760776456,41.86650922508497
ZC410123,B,1.0499999999999985,8.89198660091681,12,700.9669493991067,1.4106872041886251,745.7095206373476,58.54812767713315
ZC410123,B,1.1999999999999984,10.162270401047785,9,701.1888287288724,1.517971662988291,745.9455624775239,105.46601503652099
ZC410123,B,1.3499999999999983,11.432554201178759,5,622.77652801801,1.4963711584486805,662.5282212957554,91.79605812980822
ZC410123,B,1.4999999999999982,12.702838001309733,1,858.6739472623336,3.0,913.4829226195039,66.81132692451833
ZC411737,A,-1.5,-12.45813920271737,2,-1200.4081687404057,4.352831060239944,-1538.9848317184687,67.58257066056561
ZC411737,A,-1.35,-11.212325282445633,4,162.86784966986102,2.006089830089479,208.80493547418078,30.188728928495514
ZC411737,A,-1.2000000000000002,-9.966511362173897,5,308.79775791372595,3.0298172081718286,395.8945614278538,52.03711435483783
ZC411737,A,-1.0500000000000003,-8.72069744190216,5,-861.5022431152453,2.389527000899198,-1104.4900552759555,95.43526072273023
ZC411737,A,-0.9000000000000004,-7.474883521630424,1,-959.0703802794955,3.9605969350094092,-1229.5774106147378,29.284060081428926
ZC411737,A,-0.7500000000000004,-6.229069601358688,6,1040.5418359238943,2.614309774142082,1334.0279947742233,43.04779702162086
ZC411737,A,-0.6000000000000005,-4.983255681086952,7,551.2449695498314,4.742690926510381,706.7243199356813,91.523731542949
ZC411737,A,-0.4500000000000006,-3.7374417608152157,11,753.3311217765039,2.276367170314024,965.8091304826972,57.61981422112369
ZC411737,A,-0.3000000000000007,-2.4916278405434795,18,50.165300292672484,1.652735428571573,64.31448755470831,83.19472117112028
ZC411737,A,-0.1500000000000008,-1.2458139202717435,19,20.789475756404485,1.0650798175667255,26.653174046672415,92.74865563323279
ZC411737,A,-8.881784197001252e-16,-7.376700259649127e-15,16,14.871070454956387,1.2350183674501098,19.06547494225178,94.37336122862803
ZC411737,A,0.14999999999999902,1.2458139202717289,19,-21.5453118976816,1.2187561900772175,-27.622194740617434,101.32445317847066
ZC411737,A,0.29999999999999893,2.491627840543465,18,-55.09991839637289,1.4451916905318183,-70.64092102099089,79.95102437561822
ZC411737,A,0.44999999999999885,3.737441760815201,8,-131.1645690549515,5.402523085094757,-168.15970391660449,103.364277360274
ZC411737,A,0.7499999999999987,6.229069601358674,6,-276.2973829863256,3.0766710625432094,-354.2274140850328,59.65197434307394
ZC411737,A,0.8999999999999986,7.47488352163041,5,-431.0538737830451,8.872006751595556,-552.6331715167245,116.88126878426775
ZC411737,A,1.0499999999999985,8.720697441902146,8,806.2072968014743,1.6917269906220531,1033.5990984634286,34.524079750505365
ZC411737,A,1.1999999999999984,9.966511362173883,6,-376.32914500971407,3.8659753304367372,-482.4732628329667,78.64283853059156
ZC411737,A,1.3499999999999983,11.212325282445619,2,1182.4819829120452,10.998288021484624,1516.0025421949297,74.82868797591895
ZC411737,A,1.4999999999999982,12.458139202717355,6,-327.350707451527,2.9486296613869802,-419.68039416862433,39.563437918706725
ZC411737,B,-1.2,-9.966511362173895,4,621.9218630518063,4.408459830042677,797.3357218612902,71.38840667778578
ZC411737,B,-1.05,-8.720697441902159,10,340.8122753228819,5.385717417114684,436.9388145165152,115.37230487026216
ZC411737,B,-0.9000000000000001,-7.474883521630423,8,-43.01440474616599,4.286507370581496,-55.146672751494854,69.00440698637414
ZC411737,B,-0.7500000000000002,-6.229069601358686,4,-228.49044636370203,2.5030770002434455,-292.9364696970539,91.36164460201408
ZC411737,B,-0.6000000000000003,-4.98325568108695,12,-89.16314384884572,3.0058775316630375,-114.31172288313553,90.50639787381549
ZC411737,B,-0.4500000000000004,-3.737441760815214,9,-786.0781819824765,2.6017042525838363,-1007.792541003175,67.88513430249684
ZC411737,B,-0.3000000000000005,-2.4916278405434777,15,-144.7728614879609,2.9235804364427356,-185.60623267687296,75.58292683598259
ZC411737,B,-0.15000000000000058,-1.2458139202717418,18,-34.96220082473521,2.4722595685726585,-44.82333439068617,108.53572819859106
ZC411737,B,-6.661338147750939e-16,-5.5325251947368455e-15,18,8.96584810953277,1.4542288402524295,11.49467706350355,90.02239810220924
ZC411737,B,0.14999999999999925,1.2458139202717307,18,39.5706691950958,1.5727880843777757,50.73162717319975,113.47351701524377
ZC411737,B,0.29999999999999916,2.4916278405434666,5,-226.79822283676214,9.924246543689556,-290.7669523548232,109.28944635081359
ZC411737,B,0.44999999999999907,3.737441760815203,3,327.4887274329886,7.697254112593381,419.85734286280587,79.53592806527966
ZC411737,B,0.599999999999999,4.9832556810869395,9,315.90191831165833,3.6547865697072686,405.00245937392094,55.029848907346064
ZC411737,B,0.7499999999999989,6.229069601358676,9,-386.28167981252363,3.5970482531050267,-495.2329228365687,60.137428897283584
ZC411737,B,0.8999999999999988,7.474883521630412,6,662.8873290966909,5.890049476095212,849.8555501239626,96.82497115145065
ZC411737,B,1.0499999999999987,8.720697441902148,10,716.5539899109846,2.694264699066207,918.6589614243392,75.65082897984459
ZC411737,B,1.1999999999999986,9.966511362173884,3,124.8875565109381,4.378590289791326,160.11225193710013,49.535644480726184
ZC412369,A,-1.2,-10.277216155310233,3,1486.4995790489875,13.072825980216571,1651.6661989433194,299.38450753571374
ZC412369,A,-1.05,-8.992564135896455,12,-359.2604694117592,5.124298067348302,-399.17829934639906,221.6754255575172
ZC412369,A,-0.9000000000000001,-7.707912116482676,1,1498.6814883488505,22.148088941375878,1665.201653720945,249.78898895199964
ZC412369,A,-0.7500000000000002,-6.423260097068898,5,-687.5625783028788,7.314730075170114,-763.958420336532,205.315769297536
ZC412369,A,-0.6000000000000003,-5.138608077655119,2,54.49048554649159,4.321267584983146,60.54498394054621,66.6367696223096
ZC412369,A,-0.4500000000000004,-3.8539560582413412,18,70.77158311541695,1.2961345775385962,78.63509235046327,70.86895461464776
ZC412369,A,-0.3000000000000005,-2.5693040388275628,18,41.90074898737543,1.2495176144401192,46.55638776375048,104.35987880008017
ZC412369,A,-0.15000000000000058,-1.284652019413784,18,-7.06588194006851,0.8169015435484138,-7.850979933409455,121.5976711160292
ZC412369,A,-6.661338147750939e-16,-5.705001002337525e-15,19,-37.11440094143815,0.7134730907153466,-41.23822326826461,140.47805655339232
ZC412369,A,0.14999999999999925,1.2846520194137727,18,-49.72966966349803,0.9201555926004038,-55.25518851499781,173.71920676079802
ZC412369,A,0.29999999999999916,2.569304038827551,18,-47.51541725994946,1.5771488757593846,-52.79490806661051,164.3237590786543
ZC412369,A,0.44999999999999907,3.8539560582413297,13,-50.69545635538581,3.097412948953329,-56.32828483931756,152.9212982098456
ZC412369,A,0.599999999999999,5.138608077655108,8,-500.15619667218346,3.7834372289264206,-555.7291074135371,86.15030673890544
ZC412369,A,0.7499999999999989,6.423260097068886,6,-479.7624137853652,3.8765694883905937,-533.0693486504058,133.64132429732817
ZC412369,A,0.8999999999999988,7.707912116482665,6,-578.2014492723304,4.048704539165701,-642.4460547470337,84.70876858108109
ZC412369,A,1.0499999999999987,8.992564135896444,6,-411.1529235037433,2.6908430418980673,-456.83658167082586,58.49562503456212
ZC412369,B,-1.2000000000000002,-10.277216155310235,1,-680.5003419069997,19.92517613623402,-756.1114910077774,170.16820483460535
ZC412369,B,-1.0500000000000003,-8.992564135896457,8,-739.8766258943556,3.5638999627824903,-822.0851398826173,107.44991581873809
ZC412369,B,-0.9000000000000004,-7.707912116482678,3,666.0667016667933,5.517812069234688,740.0741129631036,81.58422953738062
ZC412369,B,-0.7500000000000004,-6.4232600970688996,7,-241.22070985654048,8.728740604258888,-268.0230109517116,172.31836947839415
ZC412369,B,-0.6000000000000005,-5.138608077655121,7,-129.31657463013227,8.242061144979289,-143.6850829223692,160.21601081236008
ZC412369,B,-0.4500000000000006,-3.853956058241343,18,120.72269095249494,1.8812115397430387,134.13632328054993,79.43369996193692
ZC412369,B,-0.3000000000000007,-2.5693040388275645,18,23.584530470038878,1.4474251054426,26.205033855598753,109.55961507535099
ZC412369,B,-0.1500000000000008,-1.284652019413786,17,-4.9094151313892045,1.0535595546528913,-5.45490570154356,122.78003205522937
ZC412369,B,-8.881784197001252e-16,-7.6066680031167e-15,19,-36.767216148354414,0.8467875523895496,-40.85246238706046,137.41527192113887
ZC412369,B,0.14999999999999902,1.284652019413771,17,-46.57476531555773,1.241803193661897,-51.749739239508585,181.77694501569397
ZC412369,B,0.29999999999999893,2.5693040388275494,18,-40.89656683761316,1.9846830693691568,-45.44062981957018,189.2789795116145
ZC412369,B,0.44999999999999885,3.853956058241328,12,-36.9244887778297,4.381114772012225,-41.02720975314411,149.4163431269947
ZC412369,B,0.5999999999999988,5.138608077655106,9,313.4128757795999,3.6543217457184993,348.2365286439999,66.98945416640704
ZC412369,B,0.7499999999999987,6.4232600970688845,4,-400.92563467504726,4.878772856505507,-445.4729274167192,59.055455618065906
ZC412369,B,1.0499999999999985,8.992564135896442,6,798.2335527278838,8.796961573746405,886.9261696976486,182.3768686218531
ZC412369,B,1.1999999999999984,10.277216155310219,3,970.8104657497665,4.044558226015413,1078.6782952775184,50.56063498159847
ZC413507,A,-1.5,-12.419834964484366,2,-322.8089305798149,6.023306699060111,-419.232377376383,56.30979800136783
ZC413507,A,-1.35,-11.17785146803593,9,-340.1141118946969,2.3753827906477785,-441.7066388242817,50.028614735646656
ZC413507,A,-1.2000000000000002,-9.935867971587495,12,-313.54189307090115,2.4315645009672795,-407.19726372844303,115.07407977592389
ZC413507,A,-1.0500000000000003,-8.69388447513906,12,-1242.6842649977834,2.7083957903969984,-1613.8756688282901,107.62902790486896
ZC413507,A,-0.9000000000000004,-7.451900978690623,6,399.3787969611244,4.939983816459361,518.6737622871746,93.0367143815122
ZC413507,A,-0.7500000000000004,-6.209917482242187,1,204.7365394120967,3.8029900845990117,265.89160962609964,21.17489088992228
ZC413507,A,-0.6000000000000005,-4.967933985793751,7,-36.028883165742144,4.181382524692582,-46.79075735810668,76.59262608102654
ZC413507,A,-0.4500000000000006,-3.725950489345315,18,45.88314213853498,1.5270431856467397,59.58849628381166,54.2308556645513
ZC413507,A,-0.3000000000000007,-2.483966992896879,17,13.750687969740513,1.7407888960078715,17.85803632433833,100.59656506585537
ZC413507,A,-0.1500000000000008,-1.2419834964484433,18,-3.225384363021162,1.3296718466596122,-4.188810861066444,81.54989868322748
ZC413507,A,-8.881784197001252e-16,-7.35401959446139e-15,19,-22.170081862955676,0.865151853206303,-28.792314107734644,79.14125775269648
ZC413507,A,0.14999999999999902,1.2419834964484286,18,-35.460467448499536,1.0270625030806422,-46.05255512792147,100.48058090726224
ZC413507,A,0.29999999999999893,2.4839669928968644,17,-29.948681468702773,1.7617968986506949,-38.89439151779581,121.24100451583548
ZC413507,A,0.44999999999999885,3.7259504893453004,15,-663.2953028382492,2.0194489908387814,-861.4224712185054,60.377235882475546
ZC413507,A,0.5999999999999988,4.967933985793737,9,-725.5979396001949,2.483314044982038,-942.3349864937595,41.57205717230096
ZC413507,A,0.7499999999999987,6.209917482242172,13,-572.213652627549,3.2204502074683132,-743.1346138020117,88.27373201052758
ZC413507,A,0.8999999999999986,7.451900978690609,5,423.5702612140681,2.9705116497443775,550.0912483299586,49.1179330155651
ZC413507,A,1.0499999999999985,8.693884475139045,2,571.611539005968,2.873914082150644,742.3526480596987,22.845187085278916
ZC413507,A,1.3499999999999983,11.177851468035916,8,279.6210387534844,5.746021314313956,363.1442061733564,100.55583756129639
ZC413507,A,1.4999999999999982,12.419834964484352,9,1327.8782035459408,2.6279865418970174,1724.5171474622607,60.408927995654885
ZC413507,A,1.6499999999999981,13.661818460932787,2,289.86027994263657,6.343304320730958,376.4419220034241,48.426143732208466
ZC413507,B,-1.35,-11.17785146803593,3,-948.826483152932,3.0537521372219762,-1232.2421859128988,30.474003776585572
ZC413507,B,-1.2000000000000002,-9.935867971587495,11,741.9114535966033,2.8963521749066303,963.521368307277,71.00954319513178
ZC413507,B,-1.0500000000000003,-8.69388447513906,6,450.9755265109709,4.721596321657116,585.6825019622999,77.9869798000875
ZC413507,B,-0.9000000000000004,-7.451900978690623,3,-966.69873753882,7.036584059627645,-1255.4529058945714,97.3024835510944
ZC413507,B,-0.7500000000000004,-6.209917482242187,8,-522.2032871605867,4.597301139835791,-678.1860872215411,95.86930841613868
ZC413507,B,-0.6000000000000005,-4.967933985793751,12,-457.5829126934165,3.9421093721991807,-594.263522978463,76.83151170274748
ZC413507,B,-0.4500000000000006,-3.725950489345315,13,16.028503752683335,2.4287614962266972,20.816238639848486,79.2202577734334
ZC413507,B,-0.3000000000000007,-2.483966992896879,16,-76.01802148752333,5.067575499919063,-98.72470323054978,134.41049176423317
ZC413507,B,-0.1500000000000008,-1.2419834964484433,17,34.9418334989389,1.9279105085535522,45.37900454407649,78.85664809689914
ZC413507,B,-8.881784197001252e-16,-7.35401959446139e-15,19,-16.854119348824717,1.2142777496598538,-21.888466686785346,83.28745926572346
ZC413507,B,0.14999999999999902,1.2419834964484286,17,-32.8667235147471,1.1042991602061663,-42.68405651265857,82.57516836422002
ZC413507,B,0.29999999999999893,2.4839669928968644,18,-64.05977349989715,1.9444542480317761,-83.19451103882746,95.39515782835319
ZC413507,B,0.44999999999999885,3.7259504893453004,10,-464.6223518883282,2.7343866805300783,-603.4056518030236,67.76772208906424
ZC413507,B,0.5999999999999988,4.967933985793737,6,331.03147333478177,4.101819224178486,429.9110043308854,51.452578945881214
ZC413507,B,0.7499999999999987,6.209917482242172,15,-150.64702353858124,2.0780370574643374,-195.64548511504057,53.41231291297119
ZC413507,B,0.8999999999999986,7.451900978690609,11,-80.50249757795822,2.375443822903994,-104.54869815319249,82.83798169554798
ZC413507,B,1.0499999999999985,8.693884475139045,1,674.2427569014648,14.571970803463362,875.6399440278763,42.607725002019784
ZC413507,B,1.1999999999999984,9.93586797158748,2,852.4126480391918,7.687362835933584,1107.0294130379114,62.15341624619593
ZC413507,B,1.3499999999999983,11.177851468035916,3,1128.6877477355652,5.888628466997389,1465.8282438124222,51.213013022369864
ZC413597,A,-1.2,-9.961405933808821,2,-503.74604439206723,23.14274978183721,-645.8282620411118,237.51323312811343
ZC413597,A,-1.05,-8.716230192082719,6,62.69707888443132,6.232621651680039,80.38087036465554,140.8492234657277
ZC413597,A,-0.9000000000000001,-7.471054450356617,2,1206.2693155502006,6.444690008009878,1546.4991225002573,52.66641276017047
ZC413597,A,-0.7500000000000002,-6.225878708630516,6,-1210.1902283230088,3.177121900243217,-1551.5259337474472,51.757259485754105
ZC413597,A,-0.6000000000000003,-4.980702966904413,4,-319.31750503456476,2.1589026995098677,-409.38141671098043,26.014522732192287
ZC413597,A,-0.4500000000000004,-3.7355272251783114,18,-60.66596996102974,1.7685239994236226,-77.77688456542273,76.9790573205037
ZC413597,A,-0.3000000000000005,-2.4903514834522094,18,-26.37052826355721,1.543716320242956,-33.80836956866309,89.17028318845146
ZC413597,A,-0.15000000000000058,-1.2451757417261076,18,-12.860802625227084,0.9511319107176552,-16.488208493880876,100.21485480431494
ZC413597,A,-6.661338147750939e-16,-5.5296911126761064e-15,19,-7.643765634536547,0.7403737922005864,-9.799699531457112,96.17756592842265
ZC413597,A,0.14999999999999925,1.2451757417260965,18,-9.774662357810836,1.020970711635537,-12.53161840744979,90.77018150701248
ZC413597,A,0.29999999999999916,2.4903514834521983,18,-4.64014364856891,2.0063749453095547,-5.9489021135498845,92.32719906920006
ZC413597,A,0.44999999999999907,3.7355272251783003,18,-3.544093017123042,2.4475064062245693,-4.543708996311592,73.3501342239388
ZC413597,A,0.599999999999999,4.980702966904403,5,42.27594675022786,6.523511828498081,54.199931731061355,90.38972356596636
ZC413597,A,0.7499999999999989,6.225878708630504,3,-1405.7972295676218,3.68145617835784,-1802.30414047131,21.710175854180306
ZC413597,A,0.8999999999999988,7.471054450356607,7,544.9796393477156,3.0051321573217447,698.6918453175841,55.06167945305948
ZC413597,A,1.0499999999999987,8.716230192082708,6,-601.99432627276,3.406189748418822,-771.7875977855897,75.15300765632433
ZC413597,B,-1.35,-11.206581675534926,3,1446.5212338711472,7.860633535337856,1854.5144023989064,66.35106412692976
ZC413597,B,-1.2000000000000002,-9.961405933808823,9,352.60257897426845,3.3967876887703623,452.05458842854927,60.38011281742255
ZC413597,B,-1.0500000000000003,-8.71623019208272,7,627.6973928296687,5.038152022964188,804.740247217524,92.85622280855979
ZC413597,B,-0.9000000000000004,-7.471054450356619,5,-722.1482264820263,5.4979077152057565,-925.8310595923414,60.62214334632914
ZC413597,B,-0.7500000000000004,-6.225878708630518,6,639.903698872888,4.278443748772563,820.3893575293436,48.253377440139296
ZC413597,B,-0.6000000000000005,-4.980702966904415,13,-415.78085751224376,2.0348575926578603,-533.0523814259535,39.404388673246565
ZC413597,B,-0.4500000000000006,-3.735527225178313,16,-20.651108234689026,1.6057634469350728,-26.47577978806285,45.032464182449175
ZC413597,B,-0.3000000000000007,-2.490351483452211,15,-9.883199042776669,2.1790660802648643,-12.67076800355983,95.05623310080415
ZC413597,B,-0.1500000000000008,-1.2451757417261093,18,-15.251292799611614,1.392299140163011,-19.552939486681556,103.93654412145735
ZC413597,B,-8.881784197001252e-16,-7.372921483568141e-15,19,-6.628749405105747,0.9787589848743508,-8.498396673212497,91.95877452120276
ZC413597,B,0.14999999999999902,1.2451757417260947,18,-14.615990013227707,1.3736053619422002,-18.738448734907315,90.47959343287715
ZC413597,B,0.29999999999999893,2.4903514834521965,15,-12.651017471484815,2.7189979140004175,-16.219253168570276,99.19208288332167
ZC413597,B,0.44999999999999885,3.7355272251782985,17,156.0546945491512,2.6876556695091867,200.0701212168605,82.69140447637291
ZC413597,B,0.5999999999999988,4.980702966904401,13,10.177228624583565,3.509001237832092,13.047729005876365,64.05369174508739
ZC413597,B,0.7499999999999987,6.2258787086305025,8,-491.1615752638898,4.108719137940982,-629.6943272613971,60.64078853778006
ZC413597,B,0.8999999999999986,7.471054450356605,11,1051.768452066726,2.3377081026578628,1348.4210923932385,63.994971438518704
ZC413597,B,1.0499999999999985,8.716230192082707,16,656.364073556843,1.8958049143859375,841.4924019959525,60.014880799204896
ZC413597,B,1.1999999999999984,9.961405933808809,10,94.89413598112746,2.9112585952449024,121.65914869375315,64.62120243064285
ZC415876,A,-1.35,-11.220723454492921,5,-497.8757003461561,3.5574772512814494,-777.9307817908689,69.9165395652626
ZC415876,A,-1.2000000000000002,-9.973976403993708,15,-410.7445745877241,1.2991505814503213,-641.788397793319,44.60761092190954
ZC415876,A,-1.0500000000000003,-8.727229353494495,6,-866.1361590520733,3.00337004721898,-1353.3377485188644,59.84317520140462
ZC415876,A,-0.9000000000000004,-7.4804823029952825,11,-213.49526276041743,3.7410326717324427,-333.58634806315223,93.61520806949147
ZC415876,A,-0.7500000000000004,-6.2337352524960705,4,877.0228700741303,4.213249298881212,1370.3482344908286,45.6739858312321
ZC415876,A,-0.6000000000000005,-4.986988201996858,6,-804.9569503062902,2.6589068928925994,-1257.7452348535785,86.19078778541467
ZC415876,A,-0.4500000000000006,-3.7402411514976452,14,43.65626884670554,2.2278334546990215,68.2129200729774,91.30893922276823
ZC415876,A,-0.3000000000000007,-2.4934941009984324,17,90.93579552190201,1.1366415956638212,142.08718050297188,115.12600699141484
ZC415876,A,-0.1500000000000008,-1.24674705049922,17,52.57568564144995,0.7851935060467126,82.14950881476555,123.14469896735602
ZC415876,A,-8.881784197001252e-16,-7.382225500521223e-15,20,2.290931998418815,0.6761717385283906,3.579581247529398,103.65134682969097
ZC415876,A,0.14999999999999902,1.246747050499205,17,-14.905680892629219,0.7276068751089989,-23.290126394733154,77.98293094847678
ZC415876,A,0.29999999999999893,2.4934941009984177,17,-6.352906373758845,0.7735267698441176,-9.926416208998196,75.06368277933124
ZC415876,A,0.44999999999999885,3.74024115149763,18,12.610360878054232,0.831921332242579,19.703688871959738,47.01750234590959
ZC415876,A,0.5999999999999988,4.986988201996843,16,-119.78264566225684,1.1691996414999763,-187.1603838472763,42.500584161200265
ZC415876,A,0.7499999999999987,6.233735252496055,9,-447.4634313420365,2.163074635378338,-699.161611471932,58.79984825483292
ZC415876,A,0.8999999999999986,7.480482302995268,11,418.0415071705862,2.015114526168786,653.1898549540409,72.44637979498125
ZC415876,A,1.0499999999999985,8.727229353494481,16,207.353916014862,0.9779738275026457,323.9904937732219,66.01940151940917
ZC415876,A,1.1999999999999984,9.973976403993694,5,-658.8587688285563,1.4523258890697126,-1029.4668262946193,68.50645086596532
ZC415876,B,-1.2,-9.973976403993706,5,-659.8278793705765,3.890476968454025,-1030.9810615165259,72.70064483275776
ZC415876,B,-1.05,-8.727229353494494,9,67.00235498010838,1.940627028772406,104.69117965641934,95.44930676310463
ZC415876,B,-0.9000000000000001,-7.480482302995281,15,246.80714893958634,2.5794148644959667,385.63617021810364,92.23814910181757
ZC415876,B,-0.7500000000000002,-6.233735252496069,9,613.9980973556126,6.4125074115528555,959.3720271181446,131.66438818657235
ZC415876,B,-0.6000000000000003,-4.986988201996856,7,-652.2576993538138,3.1799201528280925,-1019.1526552403341,70.23198674734815
ZC415876,B,-0.4500000000000004,-3.740241151497643,12,-115.83495502955861,2.1764128335909794,-180.99211723368532,65.12344668333255
ZC415876,B,-0.3000000000000005,-2.4934941009984306,17,130.45698398749735,2.1596848739149275,203.8390374804646,135.37314042982044
ZC415876,B,-0.15000000000000058,-1.2467470504992182,18,35.02566530429291,1.1178128325763121,54.727602037957666,126.29101306407637
ZC415876,B,-6.661338147750939e-16,-5.536669125390917e-15,18,0.755976181175467,0.7213899194176655,1.1812127830866672,99.57982892884694
ZC415876,B,0.14999999999999925,1.246747050499207,18,-15.179323023357217,0.7819283275385863,-23.717692223995652,91.3495969436454
ZC415876,B,0.29999999999999916,2.4934941009984195,18,-2.3354133521941915,1.0375724635939518,-3.6490833628034243,80.70490950266387
ZC415876,B,0.44999999999999907,3.7402411514976324,17,5.555505089695405,1.3431295191533124,8.68047670264907,101.47583896834142
ZC415876,B,0.599999999999999,4.986988201996844,12,-80.43343087869697,3.1720240230877934,-125.677235747964,146.22137095087606
ZC415876,B,0.7499999999999989,6.233735252496057,13,-824.1386519666733,2.7453567267407575,-1287.7166436979269,82.88154713152146
ZC415876,B,0.8999999999999988,7.48048230299527,5,-100.16208263188018,3.9505453735942573,-156.5032541123128,76.12803501349333
ZC415876,B,1.0499999999999987,8.727229353494483,9,-333.7190943257273,2.0591380855593244,-521.436084883949,128.95901066242132
