{
  "timestamp": "2026-04-21T07:54:08.924820",
  "complexes": [
    {
      "name": "synthetic_complex",
      "analysis": {
        "peptide_surface": {
          "n_points": 10,
          "kappa1_mean": -0.4880855572173225,
          "kappa2_mean": 0.009747733317980335,
          "K_mean": -0.013008080309658296,
          "K_std": 0.5964039184367381,
          "H_mean": -0.23916891194967108,
          "H_std": 0.402214679973764,
          "surface_type": "saddle"
        },
        "receptor_surface": {
          "n_points": 14,
          "kappa1_mean": -0.5207821855762242,
          "kappa2_mean": 1.7567671478560374,
          "K_mean": -0.6704454121507427,
          "K_std": 1.8502424708752219,
          "H_mean": 0.6179924811399067,
          "H_std": 2.9533294091508377,
          "surface_type": "saddle"
        },
        "n_interface_peptide": 10,
        "n_interface_receptor": 14,
        "geometric_complementarity": 0.5940170040209902
      }
    }
  ],
  "summary": {
    "n_complexes_analyzed": 1,
    "method": "Discrete differential geometry on point clouds",
    "note": "For production, use trimesh with proper molecular surfaces"
  }
}