{
  "timestamp": "2026-04-21T08:03:59.553386",
  "z2_value": 33.510321638291124,
  "r_natural": 9.14277949677072,
  "analyses": [
    {
      "pdb_id": "1UBQ",
      "analysis": {
        "n_residues": 76,
        "n_modes_computed": 20,
        "lowest_nonzero_freq": 4.501728676194677e-08,
        "binding_site": [
          40,
          41,
          42,
          43,
          44,
          45,
          46,
          47,
          48,
          49
        ],
        "active_site": [
          0,
          1,
          2,
          3,
          4,
          5,
          6,
          7,
          8,
          9
        ],
        "binding_site_response": 0.20821800414164288,
        "active_site_response": 0.0881215629542073,
        "allosteric_coupling": 0.42321575457282373,
        "pathway_residues": [
          8,
          9,
          10,
          42,
          43,
          44,
          45,
          46,
          47,
          48,
          49,
          51,
          66,
          67,
          68,
          72,
          73,
          74,
          75
        ],
        "bfactors_mean": 66.91268431966266,
        "bfactors_std": 196.44965127323198,
        "interpretation": "Allosteric coupling = 0.42. Strong communication between sites. Pathway involves 19 residues."
      }
    }
  ]
}