{
  "timestamp": "2026-04-21T07:58:45.577617",
  "z2_value": 33.510321638291124,
  "r_natural": 9.14277949677072,
  "expected_contacts": 8,
  "proteins": [
    {
      "pdb_id": "1UBQ",
      "n_residues": 76,
      "sequence": "MQIFVKTLTGKTITLEVEPSDTIENVKAKIQDKEGIPPDQQRLIFAGKQLEDGRTLSDYNIQKESTLHLVLRLRGG",
      "mean_frustration": 0.40527027796764636,
      "std_frustration": 0.19948097975132897,
      "n_frustrated_regions": 4,
      "frustrated_regions": [
        {
          "start": 8,
          "end": 8,
          "length": 1,
          "mean_frustration": 1.0,
          "max_frustration": 1.0
        },
        {
          "start": 46,
          "end": 46,
          "length": 1,
          "mean_frustration": 1.0,
          "max_frustration": 1.0
        },
        {
          "start": 72,
          "end": 72,
          "length": 1,
          "mean_frustration": 0.8125,
          "max_frustration": 0.8125
        },
        {
          "start": 74,
          "end": 75,
          "length": 2,
          "mean_frustration": 1.0,
          "max_frustration": 1.0
        }
      ],
      "frustration_profile": [
        0.375,
        0.1736111111111111,
        0.5416666666666667,
        0.475,
        0.5,
        0.325,
        0.3125,
        0.3875,
        1.0,
        0.4375,
        0.47916666666666663,
        0.375,
        0.25,
        0.375,
        0.22916666666666666,
        0.4875,
        0.25,
        0.20535714285714285,
        0.22916666666666666,
        0.2875,
        0.2767857142857143,
        0.225,
        0.425,
        0.0625,
        0.20833333333333331,
        0.25,
        0.375,
        0.41964285714285715,
        0.20535714285714285,
        0.4602272727272727,
        0.29166666666666663,
        0.5,
        0.625,
        0.6458333333333333,
        0.625,
        0.3125,
        0.29166666666666663,
        0.29166666666666663,
        0.3875,
        0.4583333333333333,
        0.3958333333333333,
        0.325,
        0.45833333333333337,
        0.25,
        0.3125,
        0.625,
        1.0,
        0.6458333333333333,
        0.625,
        0.2847222222222222,
        0.29166666666666663,
        0.29166666666666663,
        0.375,
        0.125,
        0.27840909090909094,
        0.5416666666666667,
        0.13392857142857142,
        0.3125,
        0.375,
        0.625,
        0.25,
        0.375,
        0.375,
        0.625,
        0.5416666666666667,
        0.3958333333333333,
        0.225,
        0.3958333333333333,
        0.25,
        0.3125,
        0.3125,
        0.25,
        0.8125,
        0.375,
        1.0,
        1.0
      ],
      "n_contacts_per_residue": 6.552631578947368
    },
    {
      "pdb_id": "1L2Y",
      "n_residues": 760,
      "sequence": "NLYIQWLKDGGPSSGRPPPSNLYIQWLKDGGPSSGRPPPSNLYIQWLKDGGPSSGRPPPSNLYIQWLKDGGPSSGRPPPSNLYIQWLKDGGPSSGRPPPSNLYIQWLKDGGPSSGRPPPSNLYIQWLKDGGPSSGRPPPSNLYIQWLKDGGPSSGRPPPSNLYIQWLKDGGPSSGRPPPSNLYIQWLKDGGPSSGRPPPSNLYIQWLKDGGPSSGRPPPSNLYIQWLKDGGPSSGRPPPSNLYIQWLKDGGPSSGRPPPSNLYIQWLKDGGPSSGRPPPSNLYIQWLKDGGPSSGRPPPSNLYIQWLKDGGPSSGRPPPSNLYIQWLKDGGPSSGRPPPSNLYIQWLKDGGPSSGRPPPSNLYIQWLKDGGPSSGRPPPSNLYIQWLKDGGPSSGRPPPSNLYIQWLKDGGPSSGRPPPSNLYIQWLKDGGPSSGRPPPSNLYIQWLKDGGPSSGRPPPSNLYIQWLKDGGPSSGRPPPSNLYIQWLKDGGPSSGRPPPSNLYIQWLKDGGPSSGRPPPSNLYIQWLKDGGPSSGRPPPSNLYIQWLKDGGPSSGRPPPSNLYIQWLKDGGPSSGRPPPSNLYIQWLKDGGPSSGRPPPSNLYIQWLKDGGPSSGRPPPSNLYIQWLKDGGPSSGRPPPSNLYIQWLKDGGPSSGRPPPSNLYIQWLKDGGPSSGRPPPSNLYIQWLKDGGPSSGRPPPSNLYIQWLKDGGPSSGRPPPSNLYIQWLKDGGPSSGRPPPSNLYIQWLKDGGPSSGRPPPS",
      "mean_frustration": 23.982290488844434,
      "std_frustration": 5.9810985132440315,
      "n_frustrated_regions": 1,
      "frustrated_regions": [
        {
          "start": 0,
          "end": 759,
          "length": 760,
          "mean_frustration": 23.982290488844434,
          "max_frustration": 37.71680327868852
        }
      ],
      "frustration_profile": [
        13.603419282511211,
        22.53323002754821,
        27.749444444444446,
        22.408760387811633,
        23.023395721925134,
        37.46740924092409,
        30.32251026694045,
        20.984649122807017,
        25.776998806682577,
        23.298684210526314,
        36.80956375838926,
        27.604816258351892,
        18.0625,
        25.233728710462287,
        18.375,
        23.625,
        21.5625,
        24.959975369458128,
        18.934677419354838,
        13.078703703703704,
        15.396825396825397,
        22.659075342465755,
        27.687221603563476,
        21.527557636887607,
        22.712906504065042,
        37.46740924092409,
        30.447980572597135,
        21.295569164265128,
        27.70611111111111,
        23.111571618037136,
        36.99926961602671,
        27.480005592841163,
        18.0625,
        25.420893719806763,
        18.0625,
        23.375,
        21.0,
        24.89645061728395,
        19.9940749235474,
        14.639263485477178,
        15.70646887159533,
        23.099462365591396,
        27.687221603563476,
        22.975,
        22.899193548387096,
        37.46740924092409,
        30.887096774193548,
        21.295569164265128,
        27.95759911894273,
        23.984814578005114,
        36.493337563451774,
        27.604816258351892,
        18.0625,
        25.233728710462287,
        18.125,
        21.75,
        21.625,
        25.466787439613526,
        18.68545751633987,
        15.13679718875502,
        14.09767316017316,
        23.099462365591396,
        27.687221603563476,
        22.849184782608695,
        24.63875,
        37.34271523178808,
        31.01355421686747,
        21.04682944606414,
        24.893981481481482,
        22.862097855227884,
        37.12572795341098,
        27.480005592841163,
        20.55654761904762,
        28.041666666666668,
        20.4375,
        23.3125,
        21.875,
        24.769385856079403,
        18.00021186440678,
        12.775177725118484,
        15.830357142857142,
        23.099462365591396,
        27.687221603563476,
        21.14974340175953,
        23.023395721925134,
        37.6544540229885,
        30.698909736308316,
        21.295569164265128,
        27.33445945945946,
        23.672927461139896,
        36.80956375838926,
        27.542410714285715,
        18.0625,
        25.233728710462287,
        17.875,
        22.625,
        21.6875,
        25.404509685230025,
        19.68245341614907,
        14.701446280991735,
        "...truncated"
      ],
      "n_contacts_per_residue": 389.94473684210527
    },
    {
      "pdb_id": "1CRN",
      "n_residues": 46,
      "sequence": "TTCCPSIVARSNFNVCRLPGTPEAICATYTGCIIIPGATCPGDYAN",
      "mean_frustration": 0.502494606842433,
      "std_frustration": 0.1810105441983345,
      "n_frustrated_regions": 3,
      "frustrated_regions": [
        {
          "start": 18,
          "end": 19,
          "length": 2,
          "mean_frustration": 0.9375,
          "max_frustration": 0.9375
        },
        {
          "start": 37,
          "end": 37,
          "length": 1,
          "mean_frustration": 0.875,
          "max_frustration": 0.875
        },
        {
          "start": 40,
          "end": 40,
          "length": 1,
          "mean_frustration": 0.875,
          "max_frustration": 0.875
        }
      ],