{
  "receptor": "Dopamine D2 Receptor",
  "pdb_id": "6CM4",
  "extraction_date": "2026-04-20T15:26:31.452214",
  "pocket_data": {
    "center": [
      12.589504761904768,
      5.81137142857143,
      -7.517228571428571
    ],
    "max_radius": 12.11970072619814,
    "mean_radius": 7.2094593655741255,
    "volume_estimate_A3": 1569.6278811080451,
    "n_pocket_atoms": 105,
    "n_residues": 12,
    "residues": {
      "D114": {
        "resname": "ASP",
        "n_atoms": 8,
        "center": [
          5.514749999999999,
          9.262500000000001,
          -7.721
        ]
      },
      "V115": {
        "resname": "VAL",
        "n_atoms": 7,
        "center": [
          8.208,
          12.359142857142858,
          -6.638714285714285
        ]
      },
      "C118": {
        "resname": "CYS",
        "n_atoms": 6,
        "center": [
          7.874,
          8.89,
          -2.2961666666666667
        ]
      },
      "T119": {
        "resname": "THR",
        "n_atoms": 7,
        "center": [
          9.915714285714287,
          12.554857142857143,
          -0.979
        ]
      },
      "W386": {
        "resname": "TRP",
        "n_atoms": 14,
        "center": [
          12.181642857142856,
          2.737642857142857,
          -3.5096428571428566
        ]
      },
      "F389": {
        "resname": "PHE",
        "n_atoms": 11,
        "center": [
          14.356272727272728,
          2.2815454545454545,
          -8.857363636363637
        ]
      },
      "F390": {
        "resname": "PHE",
        "n_atoms": 11,
        "center": [
          17.159727272727274,
          4.800818181818181,
          -6.920818181818182
        ]
      },
      "H393": {
        "resname": "HIS",
        "n_atoms": 10,
        "center": [
          18.0852,
          4.8269,
          -12.5321
        ]
      },
      "Y408": {
        "resname": "TYR",
        "n_atoms": 12,
        "center": [
          13.81516666666667,
          -0.39725000000000005,
          -14.647916666666667
        ]
      },
      "T412": {
        "resname": "THR",
        "n_atoms": 7,
        "center": [
          9.414,
          0.04057142857142858,
          -9.654428571428571
        ]
      },
      "S193": {
        "resname": "SER",
        "n_atoms": 6,
        "center": [
          14.789333333333333,
          11.9835,
          -8.245
        ]
      },
      "S197": {
        "resname": "SER",
        "n_atoms": 6,
        "center": [
          14.197166666666666,
          12.739333333333333,
          -3.2663333333333338
        ]
      }
    },
    "asp_amine_site": [
      5.514749999999999,
      9.262500000000001,
      -7.721
    ],
    "aromatic_cage_center": [
      14.2291875,
      2.322208333333333,
      -8.301458333333334
    ],
    "pocket_residue_list": [
      "D114",
      "V115",
      "C118",
      "T119",
      "W386",
      "F389",
      "F390",
      "H393",
      "Y408",
      "T412",
      "S193",
      "S197"
    ]
  }
}