{
  "alpha_inv_predicted": 137.0412865531645,
  "alpha_inv_measured": 137.035999084,
  "error_percent": 0.003858452669257427,
  "Z_squared": 33.510321638291124,
  "BEKENSTEIN": 4,
  "N_gen": 3,
  "key_identity": "alpha_inv = BEKENSTEIN \u00d7 Z\u00b2 + N_gen",
  "equivalent_forms": [
    "4Z\u00b2 + 3",
    "BEKENSTEIN \u00d7 Z\u00b2 + N_gen",
    "(GAUGE/N_gen) \u00d7 Z\u00b2 + N_gen",
    "(GAUGE \u00d7 Z\u00b2 + N_gen\u00b2) / N_gen",
    "128\u03c0/3 + 3"
  ]
}