{
  "discovery_date": "April 16, 2026",
  "key_insight": "Z\u00b2 = D \u00d7 C_F where C_F = 8\u03c0/3 is the Friedmann coefficient",
  "D": 4,
  "C_F": 8.377580409572781,
  "N_gen": 3,
  "Z_squared": 33.510321638291124,
  "predictions": {
    "alpha_inv": {
      "formula": "D\u00b2 \u00d7 C_F + N_gen",
      "predicted": 137.0412865531645,
      "measured": 137.035999084,
      "error_percent": 0.003858452669257427
    },
    "alpha_s": {
      "formula": "1/C_F = 3/(8\u03c0)",
      "predicted": 0.11936620731892152,
      "measured": 0.1179,
      "error_percent": 1.2436024757603996
    },
    "sin2_theta_W": {
      "formula": "N_gen/(N_gen \u00d7 D + 1)",
      "predicted": 0.23076923076923078,
      "measured": 0.23121,
      "error_percent": 0.1906358854587677
    },
    "Omega_m": {
      "formula": "8/(8 + N_gen \u00d7 \u221a(D \u00d7 C_F))",
      "predicted": 0.31537744828492636,
      "measured": 0.315,
      "error_percent": 0.11982485235757546
    }
  }
}