birth,death,persistence
8.22115707397461,8.791533470153809,0.5703763961791992
8.214160919189453,8.848748207092285,0.634587287902832
8.069976806640625,8.455011367797852,0.38503456115722656
7.958793640136719,8.262033462524414,0.3032398223876953
6.4654059410095215,6.592953205108643,0.1275472640991211
6.233073711395264,6.392402172088623,0.15932846069335938
