birth,death,persistence
9.033978462219238,9.201979637145996,0.1680011749267578
6.986710548400879,7.231230735778809,0.2445201873779297
