birth,death,persistence
8.621689796447754,9.332052230834961,0.710362434387207
8.17315673828125,9.079166412353516,0.9060096740722656
