birth,death,persistence
10.682151794433594,12.94758129119873,2.2654294967651367
9.678448677062988,9.884583473205566,0.20613479614257812
8.336895942687988,8.50366497039795,0.16676902770996094
5.668262958526611,6.686722755432129,1.0184597969055176
