birth,death,persistence
10.55390739440918,10.9951810836792,0.44127368927001953
10.374818801879883,11.04152774810791,0.6667089462280273
9.518563270568848,11.088418960571289,1.5698556900024414
