birth,death,persistence
10.555414199829102,11.013861656188965,0.4584474563598633
9.751068115234375,10.141905784606934,0.3908376693725586
8.712613105773926,9.274166107177734,0.5615530014038086
8.146865844726562,8.4900541305542,0.3431882858276367
7.84429407119751,8.060745239257812,0.21645116806030273
5.63390588760376,6.367438316345215,0.7335324287414551
