birth,death,persistence
9.31953239440918,10.003820419311523,0.6842880249023438
9.080167770385742,9.566997528076172,0.4868297576904297
8.571309089660645,9.590085983276367,1.0187768936157227
