{
  "n_random_constants": 1000,
  "constant_range": [
    0.027175355702638626,
    7.378065586090088
  ],
  "random_score_stats": {
    "min": -0.19329661430686196,
    "max": 0.7728169684923146,
    "mean": 0.16064298895636886,
    "std": 0.3028211554661265,
    "p95": 0.7360802586432682,
    "p99": 0.7709086643330254
  },
  "z2_analysis": {
    "z2_claimed": {
      "value": 9.14,
      "score": {
        "constant": 9.14,
        "fraction_matching": 0.08064992614475627,
        "mean_deviation": 0.3382138597424142,
        "composite_score": -0.25756393359765795,
        "n_radii": 3385
      },
      "peak_alignment": {
        "constant": 9.14,
        "peak_alignment_score": 0.708396663385968,
        "n_peaks": 4,
        "peaks": [
          5.465791444389188,
          6.790831794544142,
          8.115872144699097,
          12.75351337024144
        ]
      },
      "rank_percentile": 0.0,
      "n_random_better": 1000,
      "is_significant": false
    },
    "z2_sqrt": {
      "value": 5.788810036466141,
      "score": {
        "constant": 5.788810036466141,
        "fraction_matching": 0.6765140324963073,
        "mean_deviation": 0.1142768042236648,
        "composite_score": 0.5622372282726424,
        "n_radii": 3385
      },
      "peak_alignment": {
        "constant": 5.788810036466141,
        "peak_alignment_score": 0.7914944640917779,
        "n_peaks": 4,
        "peaks": [
          5.465791444389188,
          6.790831794544142,
          8.115872144699097,
          12.75351337024144
        ]
      },
      "rank_percentile": 81.4,
      "n_random_better": 186,
      "is_significant": false
    },
    "z2_value": {
      "value": 33.510321638291124,
      "score": {
        "constant": 33.510321638291124,
        "fraction_matching": 0.0,
        "mean_deviation": 1.0,
        "composite_score": -1.0,
        "n_radii": 3385
      },
      "peak_alignment": {
        "constant": 33.510321638291124,
        "peak_alignment_score": NaN,
        "n_peaks": 4,
        "peaks": [
          5.465791444389188,
          6.790831794544142,
          8.115872144699097,
          12.75351337024144
        ]
      },
      "rank_percentile": 0.0,
      "n_random_better": 1000,
      "is_significant": false
    },
    "z2_half": {
      "value": 4.57,
      "score": {
        "constant": 4.57,
        "fraction_matching": 0.09571639586410635,
        "mean_deviation": 0.19590124436866085,
        "composite_score": -0.1001848485045545,
        "n_radii": 3385
      },
      "peak_alignment": {
        "constant": 4.57,
        "peak_alignment_score": 0.7211576737421885,
        "n_peaks": 4,
        "peaks": [
          5.465791444389188,
          6.790831794544142,
          8.115872144699097,
          12.75351337024144
        ]
      },
      "rank_percentile": 16.600000000000005,
      "n_random_better": 834,
      "is_significant": false
    },
    "z2_double": {
      "value": 18.28,
      "score": {
        "constant": 18.28,
        "fraction_matching": 0.0,
        "mean_deviation": 0.44126095473045557,
        "composite_score": -0.44126095473045557,
        "n_radii": 3385
      },
      "peak_alignment": {
        "constant": 18.28,
        "peak_alignment_score": 0.6976757861182405,
        "n_peaks": 4,
        "peaks": [
          5.465791444389188,
          6.790831794544142,
          8.115872144699097,
          12.75351337024144
        ]
      },
      "rank_percentile": 0.0,
      "n_random_better": 1000,
      "is_significant": false
    }
  },
  "best_z2_variant": {
    "name": "z2_sqrt",
    "value": 5.788810036466141,
    "percentile": 81.4,
    "is_significant": false
  },
  "best_random_constant": {
    "value": 2.7809115647402645,
    "composite_score": 0.7728169684923146
  },
  "timestamp": "2026-04-21T15:03:20.746633",
  "random_seed": 42,
  "n_death_radii": 3385,
  "death_radii_stats": {
    "min": 0.05435071140527725,
    "max": 14.756131172180176,
    "mean": 5.850681293508151,
    "median": 5.5042266845703125,
    "std": 1.670497477081585
  },
  "verdict": "================================================================================\nBLINDED ANALYSIS VERDICT\n================================================================================\n\nRESULT: Z\u00b2 = 5.7888 \u00c5 ranks in the 81.4th percentile\n\nThis means Z\u00b2 performs NO BETTER than 18.6% of random constants.\n\nINTERPRETATION:\nZ\u00b2 is NOT statistically special. A random constant has equal or better\nexplanatory power 18.6% of the time.\n\nVERDICT: Z\u00b2 shows NO SIGNIFICANT correlation with death radii.\n\nThe Z\u00b2 framework appears to be numerological coincidence, not physics.\n\n\nFor comparison:\n  Best random constant: 2.7809 \u00c5\n  Best Z\u00b2 variant: 5.7888 \u00c5 (z2_sqrt)\n\nThe best random constant explains the data better Z\u00b2.\n\n================================================================================"
}