{
  "timestamp": "2026-04-21T15:42:56.196768",
  "random_seed": 42,
  "sqrt_z2_value": 5.788810036466141,
  "n_samples": 14372,
  "raw_mean": 6.107968187617486,
  "raw_median": 5.596387624740601,
  "raw_std": 1.1092405475121603,
  "bootstrap": {
    "mean": 6.107946720123325,
    "std": 0.009273784883079662,
    "ci_95_lower": 6.089943342907015,
    "ci_95_upper": 6.126216102991385,
    "ci_99_lower": 6.084488055387845,
    "ci_99_upper": 6.1321597751586046
  },
  "hypothesis_tests": {
    "sqrt_z2": {
      "value": 5.788810036466141,
      "in_95_ci": "False",
      "distance": 0.3191366836571836,
      "z_score": 34.412776194481225,
      "percentile": 0.0
    },
    "alpha_helix": {
      "value": 5.4,
      "in_95_ci": "False",
      "distance": 0.7079467201233243,
      "z_score": 76.33848844337518,
      "percentile": 0.0
    },
    "beta_sheet": {
      "value": 4.7,
      "in_95_ci": "False",
      "distance": 1.4079467201233244,
      "z_score": 151.82007539253703,
      "percentile": 0.0
    }
  },
  "verdict": "NOT VALIDATED",
  "sqrt_z2_in_95_ci": false
}