{
  "timestamp": "2026-04-21T15:57:43.998715",
  "n_samples": 24830,
  "n_sources": 25,
  "raw_mean": 6.037642248106301,
  "raw_std": 1.290536487330248,
  "bootstrap": {
    "mean": 6.037553175893518,
    "std": 0.008205786034243018,
    "ci_95_lower": 6.021210639703849,
    "ci_95_upper": 6.053690784176705,
    "ci_99_lower": 6.016228613349664,
    "ci_99_upper": 6.058892300925472
  },
  "sqrt_z2": {
    "value": 5.788810036466141,
    "in_95_ci": false,
    "z_score": 30.313139824675414,
    "percentile": 0.0
  },
  "verdict": "NOT VALIDATED"
}