{
  "name": "equilibrated",
  "sequence_length": 78,
  "n_steps": 50000,
  "timestep_fs": 2.0,
  "simulation_time_ns": 0.1,
  "initial_energy_kJ": 1.3202812579637708e+16,
  "final_energy_kJ": -6423.950603485107,
  "mean_potential_kJ": -6020.347411436439,
  "std_potential_kJ": 338.14630790139927,
  "mean_kinetic_kJ": 4081.4876025390627,
  "temperature_K": 252.72455123154057,
  "mean_rmsf_nm": 0.38653090870082357,
  "max_rmsf_nm": 0.8372432272439095,
  "mean_rmsd_nm": 0.8892523097561563,
  "final_rmsd_nm": 1.1043535201224142,
  "radius_of_gyration_nm": 1.4296323271773508,
  "holographic_entropy": 3879.0,
  "z2_binding_correction": 5953.940198072058,
  "z2_stability_score": 0.7292686256084832,
  "manifold_dimension": 7.825156536820222,
  "effective_degrees_of_freedom": 3879,
  "elapsed_seconds": 29.807270050048828,
  "steps_per_second": 2531.7216091320606,
  "ns_per_day": 437.48149405802013,
  "platform": "OpenCL"
}