{
  "name": "production_final",
  "sequence_length": 58,
  "n_steps": 50000,
  "timestep_fs": 2.0,
  "simulation_time_ns": 0.1,
  "initial_energy_kJ": 42558.41004943848,
  "final_energy_kJ": 42214.388721466064,
  "mean_potential_kJ": 42226.367342739104,
  "std_potential_kJ": 77.31101404185966,
  "mean_kinetic_kJ": 2939.7362841796876,
  "temperature_K": 249.4452767822141,
  "mean_rmsf_nm": 0.1508482299831881,
  "max_rmsf_nm": 0.3528187305722383,
  "mean_rmsd_nm": 0.5740500345833877,
  "final_rmsd_nm": 0.7249293164903994,
  "radius_of_gyration_nm": 0.9735282781228122,
  "holographic_entropy": 2829.0,
  "z2_binding_correction": -41099.63386945173,
  "z2_stability_score": 0.892745591633922,
  "manifold_dimension": 7.725011744503375,
  "effective_degrees_of_freedom": 2829,
  "elapsed_seconds": 16.177381992340088,
  "steps_per_second": 3584.4308667923765,
  "ns_per_day": 619.3896537817227,
  "platform": "OpenCL"
}