{
  "name": "refined_structure",
  "sequence_length": 78,
  "n_steps": 50000,
  "timestep_fs": 2.0,
  "simulation_time_ns": 0.1,
  "initial_energy_kJ": 35265004394178.3,
  "final_energy_kJ": 78419.64763641357,
  "mean_potential_kJ": 78811.87807601929,
  "std_potential_kJ": 525.8307092139536,
  "mean_kinetic_kJ": 4014.94015625,
  "temperature_K": 254.09796228433865,
  "mean_rmsf_nm": 0.16129504772512585,
  "max_rmsf_nm": 0.41562550372125007,
  "mean_rmsd_nm": 0.5808337646306527,
  "final_rmsd_nm": 0.571281991041911,
  "radius_of_gyration_nm": 1.1001276377056255,
  "holographic_entropy": 3795.0,
  "z2_binding_correction": -76499.60821425436,
  "z2_stability_score": 0.8871353637850491,
  "manifold_dimension": 7.711128983182629,
  "effective_degrees_of_freedom": 3795,
  "elapsed_seconds": 27.132253170013428,
  "steps_per_second": 3031.754772900367,
  "ns_per_day": 523.8872247571834,
  "platform": "OpenCL"
}