{
  "timestamp": "2026-04-17T23:36:26.980882",
  "test": "ALS Motor Neuron Survival",
  "z_constants": {
    "Z": 5.788810036466141,
    "Z_squared": 33.510321638291124,
    "sqrt_Z": 2.4059946044133476
  },
  "mouse_results": {
    "Standard": {
      "z2_scale": "none",
      "best_k": 0.060000000000000005,
      "predictions": [
        100.0,
        87.37873989039845,
        73.99307885995465,
        60.671272701627004,
        48.226118485094034,
        37.26871641572039,
        28.113220663887756,
        20.792046155129263
      ],
      "experimental": [
        100,
        95,
        85,
        70,
        50,
        30,
        15,
        5
      ],
      "rmse": 9.640975336781443,
      "r2": 0.921624532958585,
      "mae": 8.238096662207909
    },
    "Z\u00b2 scaled": {
      "z2_scale": "Z_squared",
      "best_k": 0.060000000000000005,
      "predictions": [
        100.0,
        87.37873989039805,
        73.99307885995422,
        60.671272701626606,
        48.22611848509375,
        37.268716415720476,
        28.113220663887844,
        20.792046155129338
      ],
      "experimental": [
        100,
        95,
        85,
        70,
        50,
        30,
        15,
        5
      ],
      "rmse": 9.640975336781636,
      "r2": 0.9216245329585819,
      "mae": 8.238096662208129
    },
    "\u221aZ scaled": {
      "z2_scale": "sqrt_Z",
      "best_k": 0.13,
      "predictions": [
        100.0,
        86.28175255188904,
        71.74506418517208,
        57.449335280877634,
        44.38644047969397,
        33.22742467519209,
        24.23021691794274,
        17.308140335181324
      ],
      "experimental": [
        100,
        95,
        85,
        70,
        50,
        30,
        15,
        5
      ],
      "rmse": 9.27251240426762,
      "r2": 0.9275008284270487,
      "mae": 8.112898678835428
    },
    "1/Z\u00b2 scaled": {
      "z2_scale": "1_over_Z2",
      "best_k": 0.06999999999999999,
      "predictions": [
        100.0,
        85.60817221534019,
        70.30245212758,
        55.31295802491943,
        41.7873372920379,
        30.465690972520555,
        21.57580874953636,
        14.942389193601867
      ],
      "experimental": [
        100,
        95,
        85,
        70,
        50,
        30,
        15,
        5
      ],
      "rmse": 9.55046206343398,
      "r2": 0.9230892642950479,
      "mae": 7.996621156972658
    },
    "Z\u00b2 threshold": {
      "z2_scale": "threshold",
      "best_k": 0.5,
      "predictions": [
        100.0,
        90.48374294442756,
        81.87307598667805,
        74.08182279263823,
        67.03200596443267,
        60.65306742016962,
        54.88116518425455,
        49.65853259624627
      ],
      "experimental": [
        100,
        95,
        85,
        70,
        50,
        30,
        15,
        5
      ],
      "rmse": 24.651133717410747,
      "r2": 0.4875966114962508,
      "mae": 17.993721878329467
    }
  },
  "human_results": {
    "Standard": {
      "z2_scale": "none",
      "best_k": 0.04,
      "predictions": [
        100.0,
        73.99307879303426,
        48.22611842830458,
        28.11322062818105,
        15.140602709783225,
        7.772377033787792,
        3.8865833427564005
      ],
      "experimental": [
        100,
        80,
        55,
        35,
        20,
        10,
        5
      ],
      "rmse": 4.769127605256696,
      "r2": 0.9798100665281548,
      "mae": 3.981145580593242
    },
    "Z\u00b2 scaled": {
      "z2_scale": "Z_squared",
      "best_k": 0.04,
      "predictions": [
        100.0,
        73.99307879303433,
        48.2261184283046,
        28.113220628181015,
        15.140602709783211,
        7.772377033787783,
        3.886583342756393
      ],
      "experimental": [
        100,
        80,
        55,
        35,
        20,
        10,
        5
      ],
      "rmse": 4.769127605256689,
      "r2": 0.9798100665281549,
      "mae": 3.981145580593238
    },
    "\u221aZ scaled": {
      "z2_scale": "sqrt_Z",
      "best_k": 0.06999999999999999,
      "predictions": [
        100.0,
        77.36723179818328,
        54.29450198338454,
        34.80533710735344,
        20.792046135952795,
        11.840829941597582,
        6.547925594821338
      ],
      "experimental": [
        100,
        80,
        55,
        35,
        20,
        10,
        5
      ],
      "rmse": 1.408096744859224,
      "r2": 0.9982399622155567,
      "mae": 1.1019615404929215
    },
    "1/Z\u00b2 scaled": {
      "z2_scale": "1_over_Z2",
      "best_k": 0.04,
      "predictions": [
        100.0,
        74.69893868771214,
        49.28211406180125,
        29.04740444697899,
        15.765359777088571,
        8.130470001308325,
        4.075779735921056
      ],
      "experimental": [
        100,
        80,
        55,
        35,
        20,
        10,
        5
      ],
      "rmse": 4.114614506969953,
      "r2": 0.9849715113313875,
      "mae": 3.4285618984556656
    },
    "Z\u00b2 threshold": {
      "z2_scale": "threshold",
      "best_k": 0.5,
      "predictions": [
        100.0,
        74.08182287135035,
        54.88116524285891,
        40.65696726616762,
        30.1194220121749,
        22.313016512108362,
        16.529888964195532
      ],
      "experimental": [
        100,
        80,
        55,
        35,
        20,
        10,
        5
      ],
      "rmse": 8.053319084085674,
      "r2": 0.9424285966442966,
      "mae": 6.52232952006245
    }
  },
  "best_mouse_model": "\u221aZ scaled",
  "best_human_model": "\u221aZ scaled",
  "z2_improves_mouse": true,
  "z2_improves_human": true
}