{
  "timestamp": "2026-04-18T07:15:14.831785",
  "test": "ALS \u221aZ Validation on Independent Datasets",
  "z_constants": {
    "Z": 5.788810036466141,
    "sqrt_Z": 2.4059946044133476,
    "Z_squared": 33.510321638291124
  },
  "validation_datasets": 6,
  "sqrt_z_wins": 3,
  "standard_wins": 3,
  "average_improvement_percent": 6.762863337747587,
  "conclusion": "PARTIAL",
  "detailed_results": {
    "Original SOD1 Mouse (Saxena)": {
      "dataset": "Original SOD1 Mouse (Saxena)",
      "n_points": 8,
      "standard": {
        "best_k": 0.060000000000000005,
        "predictions": [
          100.0,
          87.37873989039845,
          73.99307879303414,
          60.671272540936855,
          48.22611823651916,
          37.26871612393415,
          28.113220350968156,
          20.792045854007277
        ],
        "experimental": [
          100,
          95,
          85,
          70,
          50,
          30,
          15,
          5
        ],
        "rmse": 9.640975229128154,
        "r2": 0.921624534708901,
        "mae": 8.238096608502621
      },
      "sqrt_Z": {
        "best_k": 0.13,
        "predictions": [
          100.0,
          86.28175255188904,
          71.74506410755905,
          57.44933509919131,
          44.38644020954234,
          33.22742436372551,
          24.23021660698752,
          17.30814005650681
        ],
        "experimental": [
          100,
          95,
          85,
          70,
          50,
          30,
          15,
          5
        ],
        "rmse": 9.272512370837742,
        "r2": 0.9275008289498065,
        "mae": 8.112898632379762
      },
      "z_improves": true,
      "improvement_percent": 3.8218421843589025
    },
    "Original Human (Kuo)": {
      "dataset": "Original Human (Kuo)",
      "n_points": 7,
      "standard": {
        "best_k": 0.04,
        "predictions": [
          100.0,
          73.99307879303426,
          48.22611823651917,
          28.113220350968156,
          15.140602464421834,
          7.7723768649743885,
          3.8865832420105524
        ],
        "experimental": [
          100,
          80,
          55,
          35,
          20,
          10,
          5
        ],
        "rmse": 4.769127751697644,
        "r2": 0.9798100652882497,
        "mae": 3.9811457211530916
      },
      "sqrt_Z": {
        "best_k": 0.06999999999999999,
        "predictions": [
          100.0,
          77.36723179818328,
          54.29450182002937,
          34.805336828874054,
          20.792045854007362,
          11.84082971905005,
          6.54792544215966
        ],
        "experimental": [
          100,
          80,
          55,
          35,
          20,
          10,
          5
        ],
        "rmse": 1.4080966738577714,
        "r2": 0.9982399623930519,
        "mae": 1.1019615097329098
      },
      "z_improves": true,
      "improvement_percent": 70.47475456373468
    },
    "TDP-43 A315T Mouse": {
      "dataset": "TDP-43 A315T Mouse",
      "n_points": 6,
      "standard": {
        "best_k": 0.02,
        "predictions": [
          100.0,
          95.92335841560609,
          91.70808625565829,
          87.3787398903986,
          82.9628940370167,
          78.49049504884886
        ],
        "experimental": [
          100,
          95,
          90,
          85,
          80,
          78
        ],
        "rmse": 1.7534670111024444,
        "r2": 0.9501408666104129,
        "mae": 1.4105956079214224
      },
      "sqrt_Z": {
        "best_k": 0.04,
        "predictions": [
          100.0,
          95.92335841560607,
          91.70808625565829,
          87.37873989039859,
          82.96289403701635,
          78.49049504884866
        ],
        "experimental": [
          100,
          95,
          90,
          85,
          80,
          78
        ],
        "rmse": 1.7534670111023347,
        "r2": 0.9501408666104191,
        "mae": 1.4105956079213275
      },
      "z_improves": true,
      "improvement_percent": 6.25560869628228e-12
    },
    "SOD1 Low-Copy Mouse": {
      "dataset": "SOD1 Low-Copy Mouse",
      "n_points": 8,
      "standard": {
        "best_k": 0.02,
        "predictions": [
          100.0,
          91.70808625565829,
          82.9628940370167,
          73.99307879303426,
          65.05198216504722,
          56.38973940027872,
          48.22611823651917,
          40.73012552137705
        ],
        "experimental": [
          100,
          95,
          88,
          78,
          65,
          50,
          35,
          20
        ],
        "rmse": 9.339193819789331,
        "r2": 0.8828836909756029,
        "mae": 6.591738279689115
      },
      "sqrt_Z": {
        "best_k": 0.05,
        "predictions": [
          100.0,
          89.5560129757142,
          78.49049504884877,
          67.2705593094794,
          56.38973940027882,
          46.28423397376609,
          37.2687161239342,
          29.50964305805894
        ],
        "experimental": [
          100,
          95,
          88,
          78,
          65,
          50,
          35,
          20
        ],
        "rmse": 7.234573807138485,
        "r2": 0.9297211731754235,
        "mae": 6.223414809238233
      },
      "z_improves": true,
      "improvement_percent": 22.535349980543838
    },
    "Human ALSFRS-R Decline": {
      "dataset": "Human ALSFRS-R Decline",
      "n_points": 9,
      "standard": {
        "best_k": 0.02,
        "predictions": [
          100.0,
          93.83159366268494,
          87.3787398903986,
          80.73182000904642,
          73.99307879303426,
          60.671272540936904,
          48.22611823651917,
          37.268716123934254,
          28.113220350968156
        ],
        "experimental": [
          100,
          94,
          88,
          81,
          75,
          63,
          50,
          38,
          25
        ],
        "rmse": 1.5017279230308653,
        "r2": 0.996252151679531,
        "mae": 1.1124312327126233
      },
      "sqrt_Z": {
        "best_k": 0.04,
        "predictions": [
          100.0,
          93.83159366268609,
          87.37873989039859,
          80.73182000904642,
          73.99307879303417,
          60.671272540936904,
          48.22611823651915,
          37.26871612393415,
          28.113220350968202
        ],
        "experimental": [
          100,
          94,
          88,
          81,
          75,
          63,
          50,
          38,
          25
        ],
        "rmse": 1.5017279230308773,
        "r2": 0.996252151679531,
        "mae": 1.1124312327125259
      },
      "z_improves": false,
      "improvement_percent": -7.984408148815682e-13
    },
    "Bulbar-Onset ALS": {
      "dataset": "Bulbar-Onset ALS",
      "n_points": 8,
      "standard": {
        "best_k": 0.05,
        "predictions": [
          100.0,
          84.07336048700988,
          67.27055930947937,
          51.21704199654847,
          37.26871612393413,
          26.114810414312345,
          17.77279656169912,
          7.772376864974388
        ],
        "experimental": [
          100,
          85,
          68,
          50,
          35,
          22,
          12,
          5
        ],
        "rmse": 2.8714527453522303,
        "r2": 0.9922038882561997,
        "mae": 2.2252277706224
      },
      "sqrt_Z": {
        "best_k": 0.11,
        "predictions": [
          100.0,
          82.40630203162688,
          63.94905202977784,
          46.76564775087067,
          32.45790087290204,
          21.61117806095362,
          13.958735960504807,
          5.508901154144432
        ],
        "experimental": [
          100,
          85,
          68,
          50,
          35,
          22,
          12,
          5
        ],
        "rmse": 2.353390121186299,
        "r2": 0.9947632413314251,
        "mae": 1.9096945460647743
      },
      "z_improves": true,