{
  "timestamp": "2026-04-17T23:40:42.174154",
  "test": "Alzheimer's Amyloid-\u03b2 Accumulation",
  "z_constants": {
    "Z": 5.788810036466141,
    "Z_squared": 33.510321638291124,
    "sqrt_Z": 2.4059946044133476
  },
  "amyloid_results": {
    "Standard": {
      "z2_scale": "none",
      "best_params": {
        "steepness": 0.20625,
        "t_half": -7.083333333333333
      },
      "predictions": [
        6.512754683962351,
        16.34454411084719,
        35.39862998097729,
        60.579904384889566,
        81.16760210901968,
        92.3592316649553,
        97.13473306904065
      ],
      "experimental": [
        5,
        15,
        35,
        60,
        80,
        92,
        98
      ],
      "rmse": 0.9879596212915336,
      "r2": 0.999183502689637,
      "mae": 0.8897048379443903
    },
    "Z\u00b2 scaled": {
      "z2_scale": "Z_squared",
      "best_params": {
        "steepness": 0.05,
        "t_half": -15.0
      },
      "predictions": [
        0.6518648347083753,
        7.493283803903039,
        50.0,
        92.50671619609696,
        99.34813516529164,
        99.94687903106347,
        99.99569496218342
      ],
      "experimental": [
        5,
        15,
        35,
        60,
        80,
        92,
        98
      ],
      "rmse": 16.028678246945905,
      "r2": 0.7850824946930189,
      "mae": 12.66461095943201
    },
    "\u221aZ scaled": {
      "z2_scale": "sqrt_Z",
      "best_params": {
        "steepness": 0.05,
        "t_half": -15.0
      },
      "predictions": [
        0.3275565493133411,
        1.9579703495956777,
        10.822592253229194,
        42.44587796086528,
        81.75744761936436,
        96.45827267174647,
        99.39941176408232
      ],
      "experimental": [
        5,
        15,
        35,
        60,
        80,
        92,
        98
      ],
      "rmse": 12.589926141597955,
      "r2": 0.8674063477824759,
      "mae": 9.580162134598522
    },
    "1/Z\u00b2 scaled": {
      "z2_scale": "1_over_Z2",
      "best_params": {
        "steepness": 0.05,
        "t_half": -15.0
      },
      "predictions": [
        18.89978994858112,
        32.5575055914373,
        50.0,
        67.44249440856271,
        81.10021005141888,
        89.88764096869872,
        94.84887396370159
      ],
      "experimental": [
        5,
        15,
        35,
        60,
        80,
        92,
        98
      ],
      "rmse": 10.673485201058588,
      "r2": 0.9047008838001295,
      "mae": 8.609069295371386
    },
    "Z\u00b2 threshold": {
      "z2_scale": "threshold",
      "best_params": {
        "steepness": 0.05,
        "t_half": -15.0
      },
      "predictions": [
        5.0,
        5.0,
        50.0,
        67.91786991753929,
        81.75744761936436,
        90.46505351008906,
        95.25741268224333
      ],
      "experimental": [
        5,
        15,
        35,
        60,
        80,
        92,
        98
      ],
      "rmse": 7.565515109346891,
      "r2": 0.9521200845974793,
      "mae": 5.5646930492244655
    }
  },
  "cognitive_results": {
    "Standard": {
      "z2_scale": "none",
      "best_k_decline": 0.07448979591836735,
      "predictions": [
        100.0,
        100.0,
        68.90448060083213,
        59.36718392665063,
        51.14997597613705,
        44.07013891027599,
        37.97024546946227,
        32.714658420898346
      ],
      "experimental": [
        100,
        98,
        85,
        70,
        55,
        40,
        28,
        18
      ],
      "rmse": 9.509457169556118,
      "r2": 0.8960203801254792,
      "mae": 7.6666752871271
    },
    "Z\u00b2 scaled": {
      "z2_scale": "Z_squared",
      "best_k_decline": 0.25,
      "predictions": [
        100.0,
        100.0,
        68.86518743337369,
        59.319793074290914,
        51.09748454226063,
        44.01486908891705,
        37.913974010055966,
        32.65872317673562
      ],
      "experimental": [
        100,
        98,
        85,
        70,
        55,
        40,
        28,
        18
      ],
      "rmse": 9.50600364953245,
      "r2": 0.8960958903227605,
      "mae": 7.663137653222925
    },
    "\u221aZ scaled": {
      "z2_scale": "sqrt_Z",
      "best_k_decline": 0.07448979591836735,
      "predictions": [
        100.0,
        100.0,
        68.90448060083213,
        59.36718392665063,
        51.14997597613704,
        44.070138910275986,
        37.97024546946227,
        32.71465842089834
      ],
      "experimental": [
        100,
        98,
        85,
        70,
        55,
        40,
        28,
        18
      ],
      "rmse": 9.509457169556116,
      "r2": 0.8960203801254794,
      "mae": 7.666675287127099
    },
    "1/Z\u00b2 scaled": {
      "z2_scale": "1_over_Z2",
      "best_k_decline": 0.08673469387755103,
      "predictions": [
        102.98415518297304,
        102.98415518297304,
        68.64076024433056,
        58.47096956837537,
        49.876414808077,
        42.61310193553062,
        36.47483004642737,
        31.287337445499976
      ],
      "experimental": [
        100,
        98,
        85,
        70,
        55,
        40,
        28,
        18
      ],
      "rmse": 9.458764194991362,
      "r2": 0.8971260135434272,
      "mae": 8.16942939657764
    },
    "Z\u00b2 threshold": {
      "z2_scale": "threshold",
      "best_k_decline": 0.05,
      "predictions": [
        298.4155182973038,
        298.4155182973038,
        298.4155182973038,
        298.4155182973038,
        298.4155182973038,
        298.4155182973038,
        298.4155182973038,
        298.4155182973038
      ],
      "experimental": [
        100,
        98,
        85,
        70,
        55,
        40,
        28,
        18
      ],
      "rmse": 238.49581768016694,
      "r2": -64.4030959981964,
      "mae": 236.66551829730378
    }
  },
  "best_amyloid_model": "Standard",
  "best_cognitive_model": "1/Z\u00b2 scaled",
  "z2_improves_amyloid": false,
  "z2_improves_cognition": true
}