{
  "timestamp": "2026-04-17T23:34:47.294723",
  "test": "MS Myelin Conduction Velocity",
  "experimental_data_source": "Waxman & Ritchie (1993), Felts et al. (1997)",
  "z_constants": {
    "Z": 5.788810036466141,
    "Z_squared": 33.510321638291124,
    "sqrt_Z": 2.4059946044133476
  },
  "results": {
    "Standard (cable theory)": {
      "model": "Standard (cable theory)",
      "predictions": [
        60.0,
        53.837127098281954,
        46.85328777743206,
        38.59369628009462,
        27.90814003233966,
        6.900000000000002
      ],
      "experimental": [
        50.0,
        42.0,
        32.0,
        20.0,
        8.0,
        1.0
      ],
      "mse": 206.26788610729045,
      "rmse": 14.362029317171388,
      "mae": 13.515375198024715,
      "r2": 0.33156504637118944,
      "percent_errors": [
        20.0,
        28.183635948290366,
        46.41652430447518,
        92.9684814004731,
        248.85175040424573,
        590.0000000000002
      ],
      "mean_percent_error": 171.0700653429141
    },
    "Z\u00b2 scaled (\u00f7Z\u00b2)": {
      "model": "Z\u00b2 scaled (\u00f7Z\u00b2)",
      "predictions": [
        17.90493109783823,
        14.323944878270584,
        10.742958658702937,
        7.161972439135292,
        3.580986219567646,
        0.0
      ],
      "experimental": [
        50.0,
        42.0,
        32.0,
        20.0,
        8.0,
        1.0
      ],
      "mse": 405.5436526610503,
      "rmse": 20.138114426655,
      "mae": 16.54753445108088,
      "r2": -0.31421113473740303,
      "percent_errors": [
        64.19013780432354,
        65.89536933745099,
        66.42825419155332,
        64.19013780432354,
        55.237672255404426,
        100.0
      ],
      "mean_percent_error": 69.32359523217598
    },
    "\u221aZ scaled": {
      "model": "\u221aZ scaled",
      "predictions": [
        60.0,
        60.1293033216577,
        57.80517764339586,
        52.12552930282361,
        40.95511669062664,
        10.932163144778782
      ],
      "experimental": [
        50.0,
        42.0,
        32.0,
        20.0,
        8.0,
        1.0
      ],
      "mse": 551.8860076582974,
      "rmse": 23.492254205552463,
      "mae": 21.491215017213765,
      "r2": -0.7884504704022604,
      "percent_errors": [
        20.0,
        43.165007908708816,
        80.64118013561206,
        160.62764651411806,
        411.93895863283296,
        993.2163144778782
      ],
      "mean_percent_error": 284.93151794485834
    },
    "1/Z\u00b2 scaled": {
      "model": "1/Z\u00b2 scaled",
      "predictions": [
        60.0,
        43.391018362359,
        28.67124259270064,
        16.128495984743836,
        6.247885772265081,
        0.20590670762513955
      ],
      "experimental": [
        50.0,
        42.0,
        32.0,
        20.0,
        8.0,
        1.0
      ],
      "mse": 21.95076495420679,
      "rmse": 4.685164346552508,
      "mae": 3.5229145508373834,
      "r2": 0.9288660060895271,
      "percent_errors": [
        20.0,
        3.31194848180714,
        10.4023668978105,
        19.35752007628082,
        21.901427846686484,
        79.40932923748605
      ],
      "mean_percent_error": 25.73043209001183
    }
  },
  "best_model": "1/Z\u00b2 scaled",
  "z2_improves": true,
  "conclusion": "Z\u00b2 improves MS predictions"
}