{
  "timestamp": "2026-04-18T00:10:31.698198",
  "test": "MS 1/Z\u00b2 Validation on Independent Datasets",
  "z_constants": {
    "Z": 5.788810036466141,
    "Z_squared": 33.510321638291124,
    "1_over_Z2": 0.02984155182973038
  },
  "datasets_tested": 6,
  "z2_wins": 6,
  "standard_wins": 0,
  "average_improvement_percent": 64.37746880337711,
  "conclusion": "VALIDATED",
  "detailed_results": {
    "Original (Waxman & Ritchie 1993)": {
      "dataset": "Original (Waxman & Ritchie 1993)",
      "n_points": 6,
      "standard": {
        "rmse": 14.362029317171388,
        "r2": 0.33156504637118955,
        "mae": 13.515375198024714,
        "predictions": [
          60.0,
          53.83712709828195,
          46.85328777743205,
          38.59369628009462,
          27.90814003233966,
          6.9
        ]
      },
      "1_over_Z2": {
        "rmse": 4.685164346552508,
        "r2": 0.9288660060895271,
        "mae": 3.522914550837383,
        "predictions": [
          60.0,
          43.39101836235899,
          28.671242592700636,
          16.128495984743836,
          6.247885772265081,
          0.20590670762513952
        ]
      },
      "experimental": [
        50.0,
        42.0,
        32.0,
        20.0,
        8.0,
        1.0
      ],
      "myelin_percent": [
        100,
        80,
        60,
        40,
        20,
        0
      ],
      "z2_improves": true,
      "improvement_percent": 67.3781173740477
    },
    "Felts Remyelination (1997)": {
      "dataset": "Felts Remyelination (1997)",
      "n_points": 6,
      "standard": {
        "rmse": 15.776238741951657,
        "r2": -0.4486709002991158,
        "mae": 15.551521393607777,
        "predictions": [
          27.90814003233966,
          36.22749636292651,
          44.934206491070256,
          52.18058714004754,
          55.44328700583755,
          57.61541132942514
        ]
      },
      "1_over_Z2": {
        "rmse": 4.372180473145106,
        "r2": 0.8887349013369363,
        "mae": 4.015997973929748,
        "predictions": [
          6.247885772265081,
          13.382328788768442,
          25.31722147345763,
          39.52472777894703,
          47.37497101338121,
          53.143725085741394
        ]
      },
      "experimental": [
        10.0,
        17.5,
        27.5,
        37.5,
        42.5,
        46.0
      ],
      "myelin_percent": [
        20,
        35,
        55,
        75,
        85,
        92
      ],
      "z2_improves": true,
      "improvement_percent": 72.28629368089653
    },
    "G-ratio Derived (Chomiak 2009)": {
      "dataset": "G-ratio Derived (Chomiak 2009)",
      "n_points": 6,
      "standard": {
        "rmse": 9.898609225529105,
        "r2": 0.683337337906647,
        "mae": 8.33677389638253,
        "predictions": [
          60.0,
          56.22885341920471,
          52.18058714004755,
          45.90400037858542,
          37.42981265392399,
          22.577389786533505
        ]
      },
      "1_over_Z2": {
        "rmse": 5.792588071915761,
        "r2": 0.8915589309328832,
        "mae": 5.040385640303803,
        "predictions": [
          60.0,
          49.40999127225856,
          39.52472777894704,
          26.976985025444666,
          14.734282054152228,
          3.4117000273746965
        ]
      },
      "experimental": [
        60.0,
        52.62499999999999,
        45.25,
        34.925000000000004,
        23.125000000000004,
        8.375000000000007
      ],
      "myelin_percent": [
        100.0,
        87.49999999999999,
        75.00000000000001,
        57.49999999999999,
        37.50000000000001,
        12.50000000000001
      ],
      "z2_improves": true,
      "improvement_percent": 41.48078846292538
    },
    "Smith Segmental (1997)": {
      "dataset": "Smith Segmental (1997)",
      "n_points": 7,
      "standard": {
        "rmse": 16.112223888439555,
        "r2": 0.23803742712097353,
        "mae": 14.995542220013679,
        "predictions": [
          60.0,
          57.003401682397836,
          50.46860620636082,
          42.927377690478096,
          33.690472618180365,
          20.47893734267863,
          6.9
        ]
      },
      "1_over_Z2": {
        "rmse": 4.551527964724142,
        "r2": 0.93919530780379,
        "mae": 2.8377576473901835,
        "predictions": [
          60.0,
          51.473168510735675,
          35.77984280281698,
          22.104198628371453,
          10.810904974816589,
          2.5979046773842733,
          0.20590670762513952
        ]
      },
      "experimental": [
        50.0,
        45.0,
        35.0,
        22.0,
        10.0,
        3.0,
        1.5
      ],
      "myelin_percent": [
        100,
        90,
        70,
        50,
        30,
        10,
        0
      ],
      "z2_improves": true,
      "improvement_percent": 71.75108789302611
    },
    "Small Axons (2 \u03bcm)": {
      "dataset": "Small Axons (2 \u03bcm)",
      "n_points": 4,
      "standard": {
        "rmse": 2.2905112918856565,
        "r2": 0.7337844993908055,
        "mae": 1.8221880197806208,
        "predictions": [
          12.0,
          9.37065755548641,
          6.7380945236360725,
          1.3800000000000001
        ]
      },
      "1_over_Z2": {
        "rmse": 0.7631007247241857,
        "r2": 0.9704517206101952,
        "mae": 0.5655972862428819,
        "predictions": [
          12.0,
          5.734248518540127,
          2.1621809949633173,
          0.0411813415250279
        ]
      },
      "experimental": [
        12.0,
        7.0,
        3.0,
        0.2
      ],
      "myelin_percent": [
        100,
        60,
        30,
        0
      ],
      "z2_improves": true,
      "improvement_percent": 66.68426270468349
    },
    "Large Axons (20 \u03bcm)": {
      "dataset": "Large Axons (20 \u03bcm)",
      "n_points": 4,
      "standard": {
        "rmse": 22.905112918856567,
        "r2": 0.7337844993908056,
        "mae": 18.221880197806207,
        "predictions": [
          120.0,
          93.7065755548641,
          67.38094523636073,
          13.8
        ]
      },
      "1_over_Z2": {
        "rmse": 7.631007247241854,
        "r2": 0.9704517206101952,
        "mae": 5.6559728624288175,
        "predictions": [
          120.0,
          57.34248518540127,
          21.621809949633178,
          0.41181341525027904
        ]
      },
      "experimental": [
        120.0,
        70.0,
        30.0,
        2.0
      ],
      "myelin_percent": [
        100,
        60,
        30,
        0
      ],
      "z2_improves": true,
      "improvement_percent": 66.6842627046835
    }
  }
}