{
  "timestamp": "2026-04-17T23:39:10.733893",
  "test": "Parkinson's \u03b1-Synuclein Aggregation",
  "z_constants": {
    "Z": 5.788810036466141,
    "Z_squared": 33.510321638291124,
    "sqrt_Z": 2.4059946044133476
  },
  "aggregation_results": {
    "Standard": {
      "z2_scale": "none",
      "best_k_nuc": 6.15848211066026e-05,
      "best_k_elong": 1000000.0,
      "predictions": [
        0.0,
        0.0,
        0.0,
        0.0,
        6.994535314318458e-101,
        100.0,
        100.0,
        100.0,
        100.0,
        100.0,
        100.0
      ],
      "experimental": [
        0,
        2,
        8,
        22,
        45,
        68,
        82,
        92,
        96,
        98,
        99
      ],
      "rmse": 19.0930734703833,
      "r2": 0.76356892467009,
      "mae": 12.909090909090908
    },
    "Z\u00b2 scaled": {
      "z2_scale": "Z_squared",
      "best_k_nuc": 1.1288378916846888e-07,
      "best_k_elong": 379269.0190732246,
      "predictions": [
        0.0,
        0.0,
        0.0,
        0.0,
        3.492488065855229e-215,
        69.41352940933466,
        100.0,
        100.0,
        100.0,
        100.0,
        100.0
      ],
      "experimental": [
        0,
        2,
        8,
        22,
        45,
        68,
        82,
        92,
        96,
        98,
        99
      ],
      "rmse": 16.481389133286765,
      "r2": 0.8238265347421203,
      "mae": 10.128502673575879
    },
    "\u221aZ scaled": {
      "z2_scale": "sqrt_Z",
      "best_k_nuc": 8.858667904100823e-06,
      "best_k_elong": 1000000.0,
      "predictions": [
        0.0,
        0.0,
        0.0,
        0.0,
        9.500640981705736e-187,
        100.0,
        100.0,
        100.0,
        100.0,
        100.0,
        100.0
      ],
      "experimental": [
        0,
        2,
        8,
        22,
        45,
        68,
        82,
        92,
        96,
        98,
        99
      ],
      "rmse": 19.0930734703833,
      "r2": 0.76356892467009,
      "mae": 12.909090909090908
    },
    "1/Z\u00b2 scaled": {
      "z2_scale": "1_over_Z2",
      "best_k_nuc": 9.999999999999999e-05,
      "best_k_elong": 1000000.0,
      "predictions": [
        0.0,
        21.754753366786524,
        36.211780443514876,
        46.291343332808346,
        53.68450230648997,
        59.32579836969485,
        63.76577637803228,
        67.34791705191076,
        70.29696719619874,
        72.7658958726621,
        74.86230542461101
      ],
      "experimental": [
        0,
        2,
        8,
        22,
        45,
        68,
        82,
        92,
        96,
        98,
        99
      ],
      "rmse": 20.773962860306693,
      "r2": 0.7201072999180471,
      "mae": 18.87070174149909
    },
    "Z\u00b2 threshold": {
      "z2_scale": "threshold",
      "best_k_nuc": 6.15848211066026e-05,
      "best_k_elong": 1000000.0,
      "predictions": [
        0.0,
        0.0,
        0.0,
        0.0,
        7.820414821700064e-98,
        100.0,
        100.0,
        100.0,
        100.0,
        100.0,
        100.0
      ],
      "experimental": [
        0,
        2,
        8,
        22,
        45,
        68,
        82,
        92,
        96,
        98,
        99
      ],
      "rmse": 19.0930734703833,
      "r2": 0.76356892467009,
      "mae": 12.909090909090908
    }
  },
  "neuron_loss_results": {
    "Standard": {
      "z2_scale": "none",
      "best_k_loss": 0.13163265306122449,
      "predictions": [
        70.0,
        53.797658070217345,
        41.34554305485744,
        31.775619828466713,
        24.420770435729576,
        18.76828939589503,
        14.4241430783321,
        9.718248882598218
      ],
      "experimental": [
        70,
        55,
        42,
        32,
        24,
        18,
        14,
        10
      ],
      "rmse": 0.6073388540406331,
      "r2": 0.9990574890824389,
      "mae": 0.4970166342271245
    },
    "Z\u00b2 scaled": {
      "z2_scale": "Z_squared",
      "best_k_loss": 0.13163265306122449,
      "predictions": [
        70.0,
        53.797658070217345,
        41.34554305485744,
        31.775619828466713,
        24.420770435729576,
        18.768289395895035,
        14.4241430783321,
        9.71824888259822
      ],
      "experimental": [
        70,
        55,
        42,
        32,
        24,
        18,
        14,
        10
      ],
      "rmse": 0.6073388540406336,
      "r2": 0.9990574890824389,
      "mae": 0.4970166342271247
    },
    "\u221aZ scaled": {
      "z2_scale": "sqrt_Z",
      "best_k_loss": 0.13163265306122449,
      "predictions": [
        70.0,
        53.797658070217345,
        41.34554305485744,
        31.775619828466713,
        24.420770435729576,
        18.76828939589503,
        14.4241430783321,
        9.718248882598218
      ],
      "experimental": [
        70,
        55,
        42,
        32,
        24,
        18,
        14,
        10
      ],
      "rmse": 0.6073388540406331,
      "r2": 0.9990574890824389,
      "mae": 0.4970166342271245
    },
    "1/Z\u00b2 scaled": {
      "z2_scale": "1_over_Z2",
      "best_k_loss": 0.13163265306122449,
      "predictions": [
        70.0,
        53.85488762110416,
        41.35744336542897,
        31.777476247934683,
        24.42102787857112,
        18.768322866633778,
        14.424147255891038,
        9.718249057763119
      ],
      "experimental": [
        70,
        55,
        42,
        32,
        24,
        18,
        14,
        10
      ],
      "rmse": 0.5916657839547881,
      "r2": 0.9991055065439461,
      "mae": 0.48818021360812525
    },
    "Z\u00b2 threshold": {
      "z2_scale": "threshold",
      "best_k_loss": 0.05,
      "predictions": [
        208.89086280811267,
        208.89086280811267,
        208.89086280811267,
        208.89086280811267,
        208.89086280811267,
        208.89086280811267,
        208.89086280811267,
        208.89086280811267
      ],
      "experimental": [
        70,
        55,
        42,
        32,
        24,
        18,
        14,
        10
      ],
      "rmse": 176.87565661695868,
      "r2": -78.93930873300347,
      "mae": 175.76586280811267
    }
  },
  "best_aggregation_model": "Z\u00b2 scaled",
  "best_neuron_model": "1/Z\u00b2 scaled",
  "z2_improves_aggregation": true,
  "z2_improves_neuron_loss": true
}