{
  "timestamp": "2026-04-19T11:43:28.065923",
  "input_pdb": "pipeline_output_globular80/esm_prediction/z2_globular_80_esm.pdb",
  "n_residues": 78,
  "z2_constant": 33.510321638291124,
  "surface_analysis": {
    "total_sasa": 4693.998370172543,
    "mean_exposure": 0.4983277591973243
  },
  "z2_contact_analysis": {
    "mean_contacts": 8.307692307692308,
    "n_underpacked": 6,
    "underpacked_residues": [
      8,
      15,
      33,
      34,
      57,
      59
    ]
  },
  "electrostatics": {
    "net_charge": -5.0,
    "n_positive_patches": 2,
    "n_negative_patches": 2
  },
  "n_pockets_detected": 54,
  "n_binding_sites_scored": 54,
  "top_binding_sites": [
    {
      "pocket_id": 23,
      "centroid": [
        7.640019417475718,
        6.140805825242719,
        2.9154466019417495
      ],
      "residues": [
        33,
        34,
        36,
        37,
        6,
        9,
        11,
        12,
        22,
        55,
        56,
        57,
        58,
        59,
        30,
        31
      ],
      "residue_names": [
        "ILE34",
        "TYR35",
        "LYS37",
        "ASN38",
        "ALA7",
        "TYR10",
        "GLN12",
        "ASP13",
        "ARG23",
        "ILE56"
      ],
      "n_residues": 16,
      "volume": 103.0,
      "scores": {
        "geometric": 0.206,
        "z2_binding_readiness": 0.0703125,
        "flexibility": 0.3407973903052996,
        "exposure": 0.4735054347826087,
        "electrostatic": 0.5
      },
      "composite_z2_score": 0.2617790432784512,
      "binding_verdict": "MEDIUM",
      "rank": 1,
      "druggability": {
        "score": 0.46499999999999997,
        "volume_score": 0.5,
        "hydrophobicity_score": 0.4125,
        "verdict": "MODERATE"
      }
    },
    {
      "pocket_id": 31,
      "centroid": [
        -0.9212380952380913,
        10.134333333333345,
        -0.9458571428571416
      ],
      "residues": [
        2,
        3,
        4,
        9,
        10,
        11,
        15,
        21,
        26,
        28,
        33,
        34,
        35,
        40,
        56,
        57,
        58,
        59,
        63
      ],
      "residue_names": [
        "ALA3",
        "LEU4",
        "GLU5",
        "TYR10",
        "ARG11",
        "GLN12",
        "MET16",
        "LYS22",
        "ALA27",
        "GLU29"
      ],
      "n_residues": 19,
      "volume": 84.0,
      "scores": {
        "geometric": 0.168,
        "z2_binding_readiness": 0.05921052631578947,
        "flexibility": 0.3016754099757606,
        "exposure": 0.4902745995423341,
        "electrostatic": 0.5
      },
      "composite_z2_score": 0.2436394298212391,
      "binding_verdict": "MEDIUM",
      "rank": 2,
      "druggability": {
        "score": 0.2863157894736842,
        "volume_score": 0.2,
        "hydrophobicity_score": 0.41578947368421054,
        "verdict": "CHALLENGING"
      }
    },
    {
      "pocket_id": 42,
      "centroid": [
        2.7622352941176493,
        7.698058823529404,
        6.1528823529411785
      ],
      "residues": [
        34,
        35,
        36,
        41,
        10,
        11,
        9,
        47,
        16,
        22,
        57,
        58,
        59
      ],
      "residue_names": [
        "TYR35",
        "GLU36",
        "LYS37",
        "GLU42",
        "ARG11",
        "GLN12",
        "TYR10",
        "GLN48",
        "GLU17",
        "ARG23"
      ],
      "n_residues": 13,
      "volume": 68.0,
      "scores": {
        "geometric": 0.136,
        "z2_binding_readiness": 0.04807692307692308,
        "flexibility": 0.34086955807277197,
        "exposure": 0.4673913043478261,
        "electrostatic": 0.5
      },
      "composite_z2_score": 0.23670568418980525,
      "binding_verdict": "MEDIUM",
      "rank": 3,
      "druggability": {
        "score": 0.18092307692307694,
        "volume_score": 0.2,
        "hydrophobicity_score": 0.15230769230769237,
        "verdict": "CHALLENGING"
      }
    },
    {
      "pocket_id": 32,
      "centroid": [
        4.8763809523809485,
        0.7295714285714305,
        8.81604761904762
      ],
      "residues": [
        36,
        37,
        38,
        70,
        6,
        11,
        12,
        13,
        47,
        22,
        55,
        58,
        59
      ],
      "residue_names": [
        "LYS37",
        "ASN38",
        "PRO39",
        "GLN71",
        "ALA7",
        "GLN12",
        "ASP13",
        "PRO14",
        "GLN48",
        "ARG23"
      ],
      "n_residues": 13,
      "volume": 84.0,
      "scores": {
        "geometric": 0.168,
        "z2_binding_readiness": 0.019230769230769232,
        "flexibility": 0.31758469237058695,
        "exposure": 0.4899665551839465,
        "electrostatic": 0.5
      },
      "composite_z2_score": 0.23478115252094012,
      "binding_verdict": "MEDIUM",
      "rank": 4,
      "druggability": {
        "score": 0.20246153846153847,
        "volume_score": 0.2,
        "hydrophobicity_score": 0.20615384615384613,
        "verdict": "CHALLENGING"
      }
    },
    {
      "pocket_id": 52,
      "centroid": [
        4.6240000000000006,
        12.700999999999997,
        -0.8030000000000008
      ],
      "residues": [
        9,
        10,
        33,
        34,
        57
      ],
      "residue_names": [
        "TYR10",
        "ARG11",
        "ILE34",
        "TYR35",
        "VAL58"
      ],
      "n_residues": 5,
      "volume": 20.0,
      "scores": {
        "geometric": 0.04,
        "z2_binding_readiness": 0.175,
        "flexibility": 0.38643983500630996,
        "exposure": 0.41521739130434787,
        "electrostatic": 0.25
      },
      "composite_z2_score": 0.22707057569691416,
      "binding_verdict": "MEDIUM",
      "rank": 5,
      "druggability": {
        "score": 0.33,
        "volume_score": 0.2,
        "hydrophobicity_score": 0.525,
        "verdict": "CHALLENGING"
      }
    },
    {
      "pocket_id": 37,
      "centroid": [
        6.200315789473679,
        5.47205263157894,
        -5.38194736842105
      ],
      "residues": [
        32,
        33,
        34,
        6,
        7,
        8,
        9,
        55,
        56,
        24,
        58,
        57,
        30,
        31
      ],
      "residue_names": [
        "VAL33",
        "ILE34",
        "TYR35",
        "ALA7",
        "LEU8",
        "ILE9",
        "TYR10",
        "ILE56",
        "TYR57",
        "GLY25"
      ],
      "n_residues": 14,
      "volume": 76.0,
      "scores": {
        "geometric": 0.152,
        "z2_binding_readiness": 0.07142857142857142,
        "flexibility": 0.3495815772716025,
        "exposure": 0.47903726708074534,
        "electrostatic": 0.25
      },
      "composite_z2_score": 0.2262004769450037,
      "binding_verdict": "MEDIUM",
      "rank": 6,
      "druggability": {
        "score": 0.3995714285714286,
        "volume_score": 0.2,
        "hydrophobicity_score": 0.6989285714285715,
        "verdict": "CHALLENGING"
      }
    },
    {
      "pocket_id": 30,
      "centroid": [
        -1.4889213483146018,
        1.2279662921348333,
        8.3093595505618
      ],
      "residues": [
        64,
        35,
        36,
        70,
        71,
        41,
        10,
        11,
        47,
        16,
        48,
        22,
        23,
        58,
        59
      ],
      "residue_names": [
        "GLU65",
        "GLU36",
        "LYS37",
        "GLN71",
        "ASP72",
        "GLU42",
        "ARG11",
        "GLN12",
        "GLN48",
        "GLU17"
      ],
      "n_residues": 15,
      "volume": 89.0,
      "scores": {
        "geometric": 0.178,
        "z2_binding_readiness": -0.025,
        "flexibility": 0.31289842754050606,
        "exposure": 0.5065217391304349,
        "electrostatic": 0.5
      },
      "composite_z2_score": 0.2255579463776664,
      "binding_verdict": "MEDIUM",
      "rank": 7,