01 52 17.93 +01 04 57.65 67795  51 1 1
01 52 50.47 +01 12 45.11 68206  48 1 1
07 56 35.16 +54 04 28.60 30795  42 1 1
07 58 18.82 +53 57 37.69 30630  42 1 1
07 58 44.16 +54 00 46.55 31295  39 1 1
07 58 48.15 +53 59 04.92 30576  45 1 1
07 58 52.58 +54 01 11.75 30360  45 1 1
07 58 53.12 +53 58 17.87 30093  42 1 1
07 58 59.96 +53 58 47.75 30189  51 1 1
07 59 08.58 +53 54 32.44 30492  51 1 1
07 59 27.05 +53 57 37.37 30075  15 1 1
07 59 37.72 +54 16 52.97 31184  51 1 1
07 59 41.10 +54 00 34.45 31211  48 1 1
07 59 42.03 +53 56 43.01 30420  42 1 1
07 59 54.41 +54 01 01.20 30129  57 1 1
07 59 55.49 +53 58 37.06 30201  42 1 1
07 59 56.83 +54 03 03.71 31208  48 1 1
07 59 58.88 +53 56 18.96 31310  45 1 1
08 00 01.80 +54 03 09.29 31094  51 1 1
08 00 05.69 +53 56 50.42 30480  42 1 1
08 00 17.06 +54 05 04.52 30507  42 1 1
08 00 28.39 +54 06 31.93 30552  27 1 1
08 00 32.25 +53 58 18.52 31118  42 1 1
08 00 36.23 +54 03 12.85 31106  39 1 1
08 00 46.97 +54 03 17.60 31055  45 1 1
08 00 51.63 +54 04 46.85 30828  48 1 1
08 01 00.14 +54 04 12.22 31190  39 1 1
08 01 04.12 +54 07 59.41 30648  51 1 1
08 01 07.81 +53 59 45.49 30201  45 1 1
08 01 19.73 +53 54 13.39 31244  51 1 1
08 01 29.78 +53 50 45.42 30078  45 1 1
08 01 34.70 +53 57 17.28 30204  39 1 1
08 01 34.90 +53 58 20.86 31115  45 1 1
08 02 55.39 +54 20 27.89 30755  09 1 1
08 03 24.06 +53 43 32.99 30820  05 1 1
08 04 07.20 +53 36 56.02 30752  09 1 1
08 12 58.70 +46 52 43.03 38474  08 1 1
08 14 02.83 +46 48 44.64 38554  10 1 1
08 15 06.18 +46 57 46.80 38329  08 1 1
08 15 27.00 +47 08 07.55 38457  09 1 1
08 15 44.01 +46 39 05.51 38292  11 1 1
08 15 49.91 +47 41 32.32 37713  05 1 1
08 15 52.15 +46 41 42.65 38281  08 1 1
08 16 53.02 +47 02 10.97 38443  12 1 2
08 17 09.62 +47 01 59.34 37966  11 1 2
08 17 12.66 +46 47 57.12 38193  10 1 2
08 17 49.07 +45 51 04.50 38301  04 1 1
08 18 33.27 +46 57 15.37 37709  07 1 2
08 18 35.24 +47 28 25.75 38861  09 1 1
08 18 36.76 +47 04 02.03 38538  08 1 2
08 18 38.07 +47 31 54.95 38860  08 1 1
08 18 44.63 +47 17 23.35 37906  09 1 2
08 19 02.80 +47 46 24.56 37494  05 1 1
08 19 10.89 +47 00 56.77 37927  33 1 2
08 19 24.06 +47 46 37.38 38006  12 1 2
08 19 36.64 +47 35 12.55 38454  08 1 2
08 19 41.96 +46 54 54.79 38176  42 1 2
08 19 56.44 +47 35 29.29 37946  07 1 2
08 20 10.73 +46 58 07.50 37999  45 1 2
08 20 39.50 +46 53 21.73 38466  39 1 2
08 20 42.37 +47 08 26.63 38403  36 1 2
08 20 50.48 +47 20 47.58 38666  09 1 2
08 20 51.57 +47 13 50.66 38337  39 1 2
08 21 26.78 +47 03 33.19 38475  42 1 2
08 21 33.61 +47 02 37.28 38447  11 1 2
08 21 36.31 +47 07 16.36 37789  45 1 2
08 21 38.71 +47 03 34.16 37129  42 1 1
08 21 43.48 +47 11 45.71 38343  45 1 2
08 21 45.29 +47 09 51.55 37390  39 1 2
08 21 51.89 +47 20 07.55 38583  45 1 2
08 21 58.78 +46 59 49.16 38550  45 1 2
08 22 04.97 +47 05 10.28 38556  51 1 2
08 22 09.55 +47 05 52.87 38098  04 1 2
08 22 11.51 +47 13 17.22 37501  42 1 2
08 22 16.58 +48 15 19.19 38099  14 1 2
08 22 17.43 +47 42 59.15 37913  06 1 2
08 22 18.72 +47 03 33.95 36470  15 1 1
08 22 19.92 +47 11 22.13 36251  51 1 1
08 22 20.54 +46 59 13.67 37105  48 1 1
08 22 20.97 +48 10 57.22 38257  07 1 2
08 22 21.76 +47 07 32.95 38544  60 1 2
08 22 23.50 +47 00 29.45 38370  42 1 2
08 22 23.71 +47 08 44.20 39561  45 1 1
08 22 25.63 +47 04 15.42 36374  48 1 1
08 22 28.00 +47 07 39.07 38898  42 1 2
08 22 33.82 +44 16 01.88 43637  10 1 1
08 22 40.87 +47 09 28.91 37630  36 1 2
08 22 43.19 +46 57 41.18 38223  69 1 2
08 22 44.47 +47 00 21.13 38748  12 1 2
08 22 54.48 +47 06 54.86 37234  48 1 2
08 22 59.20 +46 56 54.42 37477  45 1 2
08 23 03.70 +45 51 35.75 37994  08 1 2
08 23 06.87 +47 09 49.97 38610  39 1 2
08 23 07.17 +44 20 26.38 43863  06 1 1
08 23 14.73 +45 52 45.84 38102  07 1 2
08 23 15.66 +44 22 55.99 43823  06 1 1
08 23 16.15 +45 50 52.19 38655  05 1 1
08 23 17.04 +48 49 34.97 37870  11 1 1
08 23 18.38 +47 04 55.81 37879  45 1 2
08 23 23.25 +47 12 36.43 38733  45 1 2
08 23 32.67 +47 26 22.99 38505  45 1 2
08 23 37.31 +47 03 36.79 37309  42 1 2
08 23 48.26 +44 19 27.77 43811  05 1 1
08 23 51.19 +46 59 42.68 37249  54 1 2
08 23 56.92 +45 54 03.56 38324  06 1 2
08 24 03.38 +46 57 14.80 37441  45 1 2
08 24 06.98 +46 40 08.44 38083  33 1 2
08 24 07.94 +47 20 37.32 38664  33 1 2
08 24 21.44 +47 13 21.11 38352  39 1 2
08 24 24.58 +47 14 06.14 38391  39 1 2
08 24 29.83 +45 51 40.72 37585  03 1 1
08 24 33.19 +45 39 01.04 43833  07 1 1
08 24 35.66 +47 21 17.28 37627  27 1 2
08 24 45.81 +47 12 21.78 37795  45 1 2
08 24 51.56 +46 49 53.58 38191  18 1 2
08 24 53.32 +47 14 19.28 38092  39 1 2
08 24 54.66 +46 35 06.90 37926  02 1 2
08 24 55.58 +47 09 26.53 37426  45 1 2
08 24 56.17 +46 53 43.33 38652  42 1 2
08 24 57.47 +46 58 19.24 38472  45 1 2
08 24 58.14 +47 05 31.52 38862  36 1 2
08 24 59.92 +44 18 07.24 43523  07 1 1
08 25 00.05 +47 31 07.10 37594  48 1 2
08 25 00.67 +47 02 47.62 36871  48 1 1
08 25 02.33 +44 26 15.86 43886  05 1 1
08 25 03.32 +47 09 25.06 37729  45 1 2
08 25 04.67 +47 10 46.09 39198  42 1 1
08 25 04.79 +47 02 01.14 38101  36 1 2
08 25 06.44 +47 06 12.78 37990  45 1 2
08 25 07.83 +47 00 31.90 38883  42 1 2
08 25 09.70 +45 37 56.82 37648  07 1 1
08 25 10.58 +47 54 57.06 38135  03 1 2
08 25 12.18 +47 19 33.92 38967  45 1 2
08 25 12.58 +47 08 09.42 37435  48 1 2
08 25 14.85 +47 04 00.66 36464  48 1 1
08 25 15.53 +47 30 30.20 37867  45 1 2
08 25 21.43 +46 17 55.57 38434  08 1 2
08 25 22.52 +47 10 47.03 39285  45 1 1
08 25 23.66 +47 13 51.31 37978  45 1 2
08 25 24.39 +48 00 07.92 38508  09 1 2
08 25 26.80 +47 29 09.38 37837  45 1 2
08 25 27.11 +44 37 07.86 43644  48 1 1
08 25 27.26 +47 09 22.97 38179  42 1 2
08 25 28.31 +45 41 18.92 37794  06 1 1
08 25 28.85 +48 38 07.91 37950  08 1 2
08 25 29.05 +47 08 00.53 38679  72 1 2
08 25 29.93 +47 15 23.00 37602  05 1 2
08 25 30.48 +46 32 44.56 37736  03 1 2
08 25 33.58 +47 18 18.68 37480  39 1 2
08 25 33.99 +47 17 49.13 37552  42 1 2
08 25 34.06 +44 15 24.55 43535  07 1 1
08 25 34.50 +47 08 01.03 37558  30 1 2
08 25 35.46 +46 56 44.66 39201  42 1 1
08 25 36.22 +46 43 40.04 38685  51 1 2
08 25 37.84 +45 27 03.42 43408  02 1 1
08 25 41.81 +47 06 31.39 39857  42 1 1
08 25 42.34 +47 14 16.91 37774  45 1 2
08 25 42.77 +47 25 36.19 37426  57 1 2
08 25 44.38 +48 29 31.67 38223  06 1 2
08 25 45.67 +47 07 45.91 39219  39 1 1
08 25 48.27 +46 39 55.73 37735  48 1 2
08 25 49.17 +47 20 51.72 38646  45 1 2
08 25 49.55 +47 10 27.80 39672  06 1 1
08 25 50.63 +47 09 32.44 36853  30 1 1
08 25 51.03 +46 45 07.02 38202  33 1 2
08 25 51.60 +46 33 42.70 37989  05 1 2
08 25 52.31 +46 06 34.06 37901  08 1 2
08 25 52.88 +46 33 09.58 38320  08 1 2
08 25 53.37 +47 16 09.66 37456  45 1 2
08 25 55.76 +47 01 57.29 39240  60 1 1
08 25 57.54 +44 26 44.84 43967  54 1 1
08 25 58.13 +47 14 48.01 37537  45 1 2
08 25 58.32 +47 46 27.01 37798  07 1 2
08 25 58.95 +46 43 12.29 37912  42 1 2
08 25 59.16 +47 58 53.62 38402  06 1 2
08 26 00.59 +47 02 34.51 38241  45 1 2
08 26 03.81 +47 19 10.31 38430  51 1 2
08 26 04.14 +43 49 00.77 43199  01 1 1
08 26 06.23 +47 04 49.55 37441  51 1 2
08 26 06.80 +47 59 32.17 38658  07 1 1
08 26 07.78 +46 30 14.44 37729  03 1 2
08 26 09.39 +44 37 25.79 43008  51 1 1
08 26 10.29 +47 37 32.56 37999  45 1 2
08 26 14.15 +47 16 00.34 38182  39 1 2
08 26 15.42 +47 09 23.00 38607  33 1 2
08 26 17.25 +47 04 34.36 38191  48 1 2
08 26 19.46 +47 06 49.10 38271  45 1 2
08 26 21.26 +47 11 12.12 38544  45 1 2
08 26 24.16 +44 59 37.57 42960  42 1 1
08 26 26.89 +46 11 00.71 37798  04 1 2
08 26 35.48 +46 13 30.29 37690  05 1 1
08 26 37.05 +47 10 25.64 38394  39 1 2
08 26 40.81 +46 32 03.59 38646  08 1 1
08 26 48.09 +46 37 59.84 38097  07 1 2
08 26 48.21 +46 39 19.87 38745  42 1 1
08 26 48.31 +47 38 05.68 38425  03 1 2
08 26 48.82 +44 44 56.08 43044  45 1 1
08 26 49.06 +47 07 05.56 37390  48 1 1
08 26 51.78 +47 28 57.58 38370  48 1 2
08 26 53.67 +47 09 56.45 37474  48 1 1
08 26 59.10 +44 56 07.84 43272  42 1 1
08 27 03.61 +47 14 25.80 37441  39 1 1
08 27 11.95 +46 37 32.63 38408  06 1 2
08 27 15.67 +46 35 27.71 38719  08 1 1
08 27 18.31 +46 35 10.93 37434  05 1 1
08 27 18.84 +48 38 51.68 37892  02 1 1
08 27 19.10 +46 44 01.07 37777  39 1 2
08 27 22.68 +43 51 47.38 43674  09 1 1
08 27 27.88 +46 59 30.66 37504  48 1 1
08 27 28.87 +44 49 10.38 43104  51 1 1
08 27 31.00 +47 13 12.86 38661  51 1 1
08 27 32.12 +44 18 42.98 43800  42 1 1
08 27 32.96 +47 30 26.86 38065  45 1 2
08 27 34.16 +46 35 22.60 37985  08 1 2
08 27 39.39 +45 04 42.85 43410  45 1 1
08 27 39.78 +44 53 14.21 42936  42 1 1
08 27 43.39 +44 46 08.76 42687  45 1 1
08 27 44.56 +44 48 07.52 42789  48 1 1
08 27 47.13 +46 30 40.25 38262  08 1 2
08 27 52.00 +47 07 38.32 38274  42 1 2
08 27 56.56 +47 56 54.74 38598  04 1 2
08 28 02.68 +45 02 27.31 42906  51 1 1
08 28 03.64 +44 40 34.46 43509  42 1 1
08 28 05.58 +44 46 02.28 43994  60 1 1
08 28 05.88 +44 46 00.26 43446  60 1 1
08 28 06.75 +44 01 45.73 43901  07 1 1
08 28 11.97 +44 51 15.77 43533 321 1 1
08 28 12.29 +44 48 20.16 43638  42 1 1
08 28 14.79 +47 31 56.82 37663  04 1 1
08 28 18.11 +45 01 32.77 42879  45 1 1
08 28 19.47 +44 37 19.74 43956  45 1 1
08 28 21.09 +47 36 14.69 38011  04 1 2
08 28 26.30 +46 57 04.00 37837  08 1 2
08 28 27.24 +46 13 34.18 38325  05 1 2
08 28 27.98 +46 37 57.72 38245  02 1 2
08 28 36.37 +44 45 40.10 43521  42 1 1
08 28 36.39 +44 53 37.50 42804  39 1 1
08 28 38.34 +44 47 24.07 43764  45 1 1
08 28 44.04 +44 40 21.90 42783  42 1 1
08 28 46.09 +46 47 01.64 38141  04 1 2
08 28 47.66 +47 18 10.26 37896  06 1 2
08 28 52.66 +45 08 31.74 43632  45 1 1
08 28 57.42 +46 32 12.80 38603  03 1 2
08 28 58.04 +45 01 42.06 42552  51 1 1
08 29 06.74 +44 28 14.16 44204  48 1 1
08 29 07.77 +47 17 37.82 38869  09 1 1
08 29 09.61 +45 00 49.10 43797  45 1 1
08 29 16.17 +44 56 10.10 42888  27 1 1
08 29 17.93 +45 01 22.12 42702  48 1 1
08 29 18.51 +46 23 59.57 38467  04 1 2
08 29 22.74 +44 30 11.09 44204  39 1 1
08 29 24.08 +47 40 34.03 37992  03 1 2
08 29 25.60 +46 41 05.53 38238  10 1 2
08 29 25.87 +46 19 20.86 38580  15 1 1
08 29 30.66 +47 03 20.95 38183  06 1 2
08 29 32.33 +47 25 52.00 37784  05 1 2
08 29 35.41 +44 52 36.05 44288  51 1 1
08 29 35.70 +47 02 55.32 38395  10 1 2
08 29 38.41 +46 31 46.96 38587  09 1 2
08 29 40.68 +46 38 56.72 38197  07 1 2
08 29 46.76 +46 38 43.08 37742  06 1 2
08 29 51.63 +46 49 09.66 38005  09 1 2
08 29 52.21 +47 25 37.92 37936  03 1 2
08 30 00.39 +44 41 29.08 42723  45 1 1
08 30 00.48 +44 40 26.51 42726  42 1 1
08 30 11.41 +46 26 43.55 38051  08 1 2
08 30 13.32 +45 00 19.91 43785  51 1 1
08 30 16.04 +46 40 02.57 38557  08 1 1
08 30 19.50 +45 00 02.84 43251  57 1 1
08 30 20.31 +45 56 39.19 38162  02 1 1
08 30 21.19 +45 08 51.83 43860  07 1 1
08 30 28.38 +44 22 51.74 43755  07 1 1
08 30 35.32 +44 25 20.39 43762  07 1 1
08 30 41.33 +44 59 38.29 43470  45 1 1
08 30 43.82 +47 24 45.97 37725  08 1 1
08 30 44.08 +46 32 27.02 37985  10 1 2
08 30 45.41 +44 18 33.59 43364  11 1 1
08 30 50.08 +46 12 54.22 38685  06 1 1
08 31 13.17 +47 14 16.73 38019  07 1 2
08 31 29.45 +46 22 38.96 38241  07 1 1
08 31 41.93 +46 07 32.02 37997  06 1 1
08 31 56.52 +47 01 26.04 37955  09 1 2
08 32 45.48 +44 12 43.74 43636  10 1 1
08 32 48.79 +47 33 20.99 37785  07 1 1
08 32 54.66 +44 06 13.39 43446  10 1 1
08 33 00.10 +44 10 38.57 43642  08 1 1
08 33 55.65 +44 19 31.58 43864  06 1 1
08 36 46.86 +15 12 59.04 83774 363 1 1
08 37 22.43 +14 55 30.47 83306  48 1 1
08 37 24.71 +14 58 19.81 83354  54 1 1
08 37 30.06 +15 05 07.94 83567  51 1 1
08 39 28.39 +14 56 02.08 83732  45 1 1
08 42 19.72 +36 16 40.87 84472  48 1 1
08 42 39.74 +36 21 09.36 82614  51 1 1
08 42 57.56 +36 21 59.26 84619  57 1 1
08 43 09.99 +36 09 04.39 83348  51 1 1
09 08 11.07 +10 54 08.32 48689  45 1 1
09 08 28.92 +10 57 55.94 48407  57 1 1
09 08 37.47 +10 59 53.20 48758  57 1 1
09 08 44.24 +11 04 05.09 53642  45 1 1
09 08 52.19 +11 01 35.36 49127  57 1 1
09 08 59.22 +10 58 15.56 50101  48 1 1
09 09 00.20 +10 51 25.99 48800  36 1 1
09 09 00.43 +10 59 34.87 48677 336 1 1
09 09 03.41 +11 02 51.40 49079  51 1 1
09 09 08.23 +11 02 42.07 47964  42 1 1
09 09 08.52 +10 54 23.40 50242  42 1 1
09 09 10.09 +10 45 50.22 52092  45 1 1
09 09 11.68 +11 04 43.61 52284  45 1 1
09 09 11.77 +11 00 04.14 53045  57 1 1
09 09 17.61 +11 04 12.65 49322  51 1 1
09 09 18.29 +10 43 58.87 49226  45 1 1
09 09 19.06 +10 59 08.52 54038  57 1 1
09 09 19.70 +11 01 42.92 47241  45 1 1
09 09 23.34 +10 44 39.70 52479  51 1 1
09 09 23.36 +10 56 01.54 50239  57 1 1
09 09 23.95 +11 03 01.15 49364  51 1 1
09 09 25.28 +11 01 33.89 49768  51 1 1
09 09 26.19 +10 57 45.97 49010  30 1 1
09 09 29.75 +10 49 34.14 49490  48 1 1
09 09 30.60 +10 57 04.14 48755  48 1 1
09 09 35.50 +10 52 10.52 49619 222 1 1
09 09 48.61 +10 56 34.37 49259 291 1 1
09 10 03.62 +11 02 33.61 48824  54 1 1
09 10 04.49 +10 57 02.81 48629  39 1 1
09 10 10.93 +10 57 02.95 49499  51 1 1
09 10 11.79 +11 01 26.29 48665  36 1 1
09 10 13.29 +10 48 54.72 49855  60 1 1
09 10 13.66 +10 53 18.31 49139  33 1 1
09 10 18.91 +10 51 56.63 48662  48 1 1
09 10 19.15 +10 39 20.12 48686  51 1 1
09 10 28.44 +11 01 18.30 48995  36 1 1
09 10 28.52 +10 45 21.56 52697  48 1 1
09 10 45.83 +10 58 20.86 52772  57 1 1
09 10 52.28 +11 20 49.92 49493  04 1 1
09 11 13.74 +11 08 48.95 48912  10 1 1
09 15 13.02 +51 37 17.26 65319  39 1 1
09 16 16.57 +51 45 29.30 66017  42 1 1
09 17 53.50 +51 44 01.32 67450  57 1 1
09 17 55.41 +51 42 58.72 66506  54 1 1
09 18 04.57 +51 43 44.62 67579  48 1 1
09 19 56.76 +52 06 50.36 65358  39 1 1
09 20 04.38 +51 20 14.28 65777  57 1 1
09 20 22.45 +51 33 45.68 64755  30 1 1
09 22 09.99 +14 22 19.78 41620  48 1 1
09 22 12.06 +14 02 14.14 41215  45 1 1
09 22 14.52 +14 08 25.84 41446  39 1 1
09 22 36.59 +14 06 56.63 41290  57 1 1
09 22 42.73 +14 15 36.97 41266  45 1 1
09 22 43.74 +14 23 35.30 41647  48 1 1
09 22 50.96 +14 26 43.08 41383  48 1 1
09 22 51.68 +14 06 12.02 39776  45 1 1
09 23 03.09 +14 15 23.29 41764  42 1 1
09 23 25.78 +14 25 42.85 42663  45 1 1
09 23 27.43 +14 12 54.43 41314  45 1 1
09 23 32.75 +14 13 14.56 42202  60 1 1
09 23 40.22 +14 07 42.38 41284  27 1 1
09 23 47.57 +14 06 09.40 42448  48 1 1
09 23 49.04 +14 10 49.08 41833  42 1 1
09 23 49.92 +13 46 00.88 41827  51 1 1
09 23 50.62 +14 13 44.36 41000  48 1 1
09 23 51.07 +14 03 24.19 42475  42 1 1
09 23 52.29 +14 06 13.10 42954  48 1 1
09 23 52.75 +14 16 58.58 42388  51 1 1
09 23 53.09 +14 15 02.12 41656  45 1 1
09 23 53.80 +14 11 04.42 41704  48 1 1
09 24 02.78 +14 14 35.84 42070  48 1 1
09 24 02.96 +14 09 27.54 42085  54 1 1
09 24 03.09 +14 07 21.83 42259  57 1 1
09 24 03.59 +14 11 11.94 41323  42 1 1
09 24 05.31 +14 10 21.58 40559 399 1 1
09 24 09.97 +14 07 08.80 41455  39 1 1
09 24 11.39 +14 11 32.14 42154  54 1 1
09 24 11.76 +14 10 35.04 41060  39 1 1
09 24 12.04 +14 05 00.60 42127  42 1 1
09 24 15.09 +14 28 49.04 41440  36 1 1
09 24 15.41 +14 07 42.17 41914  57 1 1
09 24 15.86 +14 10 10.88 42430  45 1 1
09 24 19.50 +14 14 06.25 42361  42 1 1
09 24 19.86 +14 07 24.46 41812  45 1 1
09 24 22.28 +14 15 12.96 40073  39 1 1
09 24 22.90 +14 09 24.84 41764  48 1 1
09 24 24.52 +14 07 47.28 40835  42 1 1
09 24 24.76 +14 12 02.63 42160  42 1 1
09 24 26.53 +14 16 30.04 41863  48 1 1
09 24 28.90 +14 14 09.38 41497  54 1 1
09 24 29.40 +14 23 33.29 40490  51 1 1
09 24 31.21 +14 09 45.25 40484  57 1 1
09 24 31.27 +14 00 03.85 40076  48 1 1
09 24 31.40 +14 02 37.97 39956  48 1 1
09 24 31.71 +14 15 00.43 41371  45 1 1
09 24 34.05 +14 04 18.80 42271  36 1 1
09 24 35.58 +14 14 17.20 41893  54 1 1
09 24 37.87 +14 07 39.14 41659  36 1 1
09 24 38.12 +14 10 30.29 41443  48 1 1
09 24 42.46 +14 05 11.40 42708  45 1 1
09 24 43.78 +14 03 03.02 41827  48 1 1
09 24 45.14 +14 07 47.50 42792  45 1 1
09 24 49.53 +14 07 26.00 42313  42 1 1
09 24 54.58 +14 33 26.96 41263  45 1 1
09 24 57.69 +14 32 55.50 41374  48 1 1
09 25 00.74 +14 13 50.02 40109  45 1 1
09 25 04.98 +14 00 25.13 42097  48 1 1
09 25 08.35 +14 31 05.48 41677  48 1 1
09 25 10.15 +14 26 18.17 41668  51 1 1
09 25 10.76 +14 23 02.54 40355  48 1 1
09 25 11.50 +14 03 30.28 40385  42 1 1
09 25 22.88 +14 04 35.72 40823  42 1 1
09 25 25.86 +14 23 49.06 41503  51 1 1
09 25 33.73 +13 57 05.54 41929  54 1 1
09 52 44.61 +51 53 42.58 64149  39 1 1
09 52 49.17 +51 53 05.10 64494  54 1 1
09 53 01.35 +51 52 25.28 62851  54 1 1
09 53 06.05 +51 49 18.34 65196  60 1 1
09 54 09.19 +51 46 34.86 64893  48 1 1
10 15 35.12 +38 38 41.78 61265  51 1 1
10 15 42.42 +38 38 37.03 61733  60 1 1
10 16 11.14 +38 49 24.38 62021  36 1 1
10 16 33.80 +38 46 08.54 60702  57 1 1
10 16 38.46 +38 49 38.10 61125  45 1 1
10 16 40.94 +38 54 49.57 60099  54 1 1
10 16 58.73 +38 50 02.18 60699  48 1 1
10 17 03.40 +38 45 09.36 60207  51 1 1
10 17 03.64 +39 02 49.42 61634  63 1 1
10 17 03.69 +39 16 18.23 62198  48 1 1
10 17 07.36 +39 03 38.12 61595  60 1 1
10 17 22.02 +39 04 39.68 59098  57 1 1
10 17 22.18 +39 00 06.70 59485  51 1 1
10 17 43.25 +39 32 55.46 61068  57 1 1
10 17 52.15 +38 38 15.36 61829  48 1 1
10 17 56.19 +39 09 21.02 60078  57 1 1
10 19 03.75 +38 45 35.24 61886  54 1 1
10 19 31.77 +50 11 29.51 46831  51 1 1
10 19 32.69 +49 58 51.78 46468  48 1 1
10 21 09.57 +50 04 55.74 45862  51 1 1
10 21 32.41 +50 00 15.84 47337  39 1 1
10 21 40.37 +50 07 57.76 47727  48 1 1
10 21 41.96 +50 34 46.27 46642  45 1 1
10 21 43.25 +50 05 28.64 47736  60 1 1
10 21 55.95 +50 03 24.66 46474  15 1 1
10 22 04.85 +50 04 32.56 47976  51 1 1
10 22 21.24 +50 03 41.26 45415  48 1 1
10 22 23.58 +49 07 40.51 42534  45 1 1
10 22 24.87 +50 11 20.36 46510  57 1 1
10 22 25.98 +50 07 11.42 45703  51 1 1
10 22 27.91 +50 10 09.30 48539  42 1 1
10 22 29.00 +50 06 13.82 47571  51 1 1
10 22 30.22 +50 04 45.52 46732  51 1 1
10 22 32.86 +50 08 55.97 48207  51 1 1
10 22 49.31 +50 07 38.89 47757  45 1 1
10 22 53.53 +50 06 54.32 48545  54 1 1
10 22 56.44 +50 05 12.16 48758  33 1 1
10 23 07.99 +50 18 43.81 46147  54 1 1
10 23 10.11 +50 17 47.29 46995  42 1 1
10 23 12.00 +50 08 25.30 46006  36 1 1
10 23 15.45 +49 02 48.19 42897  51 1 1
10 23 17.20 +50 05 16.30 45008  51 1 1
10 23 18.29 +50 10 16.75 47127  51 1 1
10 23 19.90 +50 21 59.15 45871  42 1 1
10 23 21.51 +50 00 22.61 47028  54 1 1
10 23 21.73 +50 18 29.41 45568  57 1 1
10 23 22.34 +49 02 09.46 43194  54 1 1
10 23 26.23 +49 05 52.69 43320  39 1 1
10 23 26.25 +48 54 39.31 41971  45 1 1
10 23 26.68 +49 12 16.34 43035  72 1 1
10 23 32.62 +49 09 03.42 40769  51 1 1
10 23 37.79 +49 01 31.58 43170  54 1 1
10 23 39.60 +49 12 50.51 41953  42 1 1
10 23 39.63 +04 11 10.64 86913 246 1 1
10 23 39.93 +49 08 38.44 42603  57 1 1
10 23 40.70 +49 08 41.46 42701  10 1 1
10 23 47.89 +49 11 28.18 43158  51 1 1
10 23 47.95 +50 09 30.35 46795  33 1 1
10 23 48.61 +48 56 29.29 42711  48 1 1
10 23 50.91 +48 54 34.24 41542  45 1 1
10 23 50.95 +49 00 45.83 41911  48 1 1
10 23 55.00 +49 18 21.56 43182  45 1 1
10 23 57.82 +50 16 19.85 46762  48 1 1
10 23 58.59 +50 17 31.81 47094  51 1 1
10 24 00.86 +49 08 01.14 41857  51 1 1
10 24 05.53 +50 07 01.63 46843  45 1 1
10 24 13.23 +50 13 49.66 46998  48 1 1
10 24 14.04 +50 00 36.22 47202  48 1 1
10 24 14.36 +49 05 30.95 42121  48 1 1
10 24 21.37 +50 09 30.31 46504  42 1 1
10 24 26.36 +49 58 27.98 46881  48 1 1
10 24 29.21 +50 24 36.04 46264  30 1 1
10 24 30.13 +50 14 08.27 46528  42 1 1
10 24 31.81 +49 20 12.98 43074  48 1 1
10 24 33.24 +49 04 48.61 43152  45 1 1
10 24 35.57 +49 03 23.72 43071  48 1 1
10 24 37.14 +50 13 28.88 46519  48 1 1
10 24 38.04 +50 17 23.42 46357  30 1 1
10 24 47.08 +49 16 07.07 42540  48 1 1
10 24 48.86 +12 28 44.22 43026  39 1 1
10 24 58.17 +50 09 58.39 46276  63 1 1
10 25 00.39 +12 29 55.50 42663  57 1 1
10 25 04.94 +50 09 15.84 47028  33 1 1
10 25 10.22 +12 46 31.62 42567  48 1 1
10 25 10.97 +49 15 42.66 42292  39 1 1
10 25 11.03 +49 53 47.44 46393  51 1 1
10 25 11.10 +50 09 17.89 46270  54 1 1
10 25 28.98 +50 04 06.20 46810  51 1 1
10 25 38.86 +12 59 26.38 42172  48 1 1
10 25 50.22 +12 52 52.82 42292  45 1 1
10 25 51.94 +12 45 21.74 43059  48 1 1
10 25 52.24 +12 22 30.29 42720  51 1 1
10 25 56.00 +12 34 43.97 42852  51 1 1
10 25 57.99 +12 41 08.41 42651  75 1 1
10 26 09.66 +12 44 33.14 42939  33 1 1
10 26 10.97 +12 50 49.34 41587  33 1 1
10 26 24.81 +12 34 45.01 42250  60 1 1
10 26 29.61 +12 30 59.76 42403  51 1 1
10 26 43.92 +12 26 37.21 42328  48 1 1
10 26 59.96 +12 35 30.77 42358  57 1 1
10 27 04.83 +12 35 59.82 42834  45 1 1
10 27 11.20 +12 36 25.02 42828  48 1 1
10 28 15.84 +34 23 58.60 36725  06 1 1
10 28 45.38 +36 35 38.76 36504  08 1 1
10 29 13.06 +34 31 09.41 36582  03 1 1
10 29 16.37 +35 11 06.36 36919  45 1 1
10 29 20.03 +34 32 11.36 36661  05 1 1
10 29 20.93 +35 10 44.83 36719  42 1 1
10 29 34.14 +35 44 12.95 36718  04 1 1
10 30 00.45 +34 27 54.43 36665  07 1 1
10 30 25.86 +35 12 54.68 36844  45 1 1
10 30 37.62 +33 56 55.36 36623  05 1 1
10 30 48.93 +34 57 24.62 35834  51 1 1
10 30 56.74 +35 02 48.66 36491  42 1 1
10 30 57.13 +34 56 34.98 36593  45 1 1
10 31 02.45 +35 04 12.79 36257  45 1 1
10 31 11.03 +34 55 25.75 36425  48 1 1
10 31 18.83 +34 02 33.43 36653  09 1 1
10 31 20.69 +35 02 33.47 36410  42 1 1
10 31 22.33 +34 35 27.74 36823  45 1 1
10 31 24.88 +34 58 29.68 37849  42 1 1
10 31 27.51 +35 04 54.48 37711  48 1 1
10 31 31.76 +35 13 03.50 36317  39 1 1
10 31 32.29 +35 06 44.28 37999  42 1 1
10 31 33.34 +34 53 22.88 36557  48 1 1
10 31 33.96 +34 56 12.16 35169  39 1 1
10 31 35.49 +35 03 13.75 35531  54 1 1
10 31 38.79 +35 07 58.40 36491  45 1 1
10 31 39.00 +35 10 57.58 36317  39 1 1
10 31 39.57 +34 58 14.81 37024  54 1 1
10 31 39.69 +35 06 06.62 37141  48 1 1
10 31 39.97 +34 38 41.21 37243  42 1 1
10 31 40.81 +35 00 01.80 36656  57 1 1
10 31 41.78 +35 02 41.39 35849  48 1 1
10 31 44.86 +35 01 06.53 36119  51 1 1
10 31 44.88 +35 07 05.27 38304  45 1 1
10 31 47.21 +35 03 00.65 36437  48 1 1
10 31 48.08 +35 05 54.31 36671 354 1 1
10 31 49.25 +34 42 06.05 36479  48 1 1
10 31 49.27 +35 04 38.57 36916  39 1 1
10 31 50.48 +35 03 40.50 37234  42 1 1
10 31 50.84 +34 16 34.79 36690  07 1 1
10 31 52.57 +35 08 16.55 37933  45 1 1
10 31 55.04 +35 00 40.00 37135  48 1 1
10 31 56.62 +34 32 53.16 36551 321 1 1
10 31 59.29 +34 50 20.36 37852  45 1 1
10 31 59.68 +35 15 45.58 36515  42 1 1
10 32 01.62 +35 02 52.91 36221  45 1 1
10 32 05.32 +35 14 55.72 36611  39 1 1
10 32 12.85 +35 04 45.59 36239  45 1 1
10 32 23.89 +35 17 42.54 36614  45 1 1
10 32 24.14 +33 56 54.71 36524  07 1 1
10 32 35.09 +35 24 45.04 36599  39 1 1
10 32 41.10 +35 06 16.06 36910  51 1 1
10 33 00.01 +36 05 54.64 36659  07 1 1
10 33 09.63 +35 34 17.62 36543  04 1 1
10 33 24.70 +34 53 21.88 36946  45 1 1
10 33 40.33 +34 18 56.88 36406  06 1 1
10 34 03.41 +36 18 14.26 36577  12 1 1
10 34 11.25 +35 42 45.65 36728  07 1 1
10 34 22.73 +34 10 39.76 36409  10 1 1
10 34 32.49 +35 44 00.02 36752  06 1 1
10 34 37.37 +40 59 10.93 41644  09 1 1
10 35 15.64 +36 03 52.38 36612  06 1 1
10 35 21.88 +34 16 05.27 36724  10 1 1
10 35 25.64 +34 18 31.90 36510  06 1 1
10 35 26.03 +33 29 42.47 36762  04 1 1
10 35 26.12 +35 27 14.98 36622  08 1 1
10 35 28.68 +34 54 20.16 36626  04 1 1
10 35 29.69 +36 08 14.28 36504  10 1 1
10 35 30.16 +36 01 43.79 36734  08 1 1
10 35 37.23 +35 46 04.55 36633  09 1 1
10 35 38.89 +36 06 46.40 36726  10 1 1
10 35 46.94 +36 04 34.21 36498  07 1 1
10 35 49.48 +36 05 17.41 36731  09 1 1
10 35 53.86 +36 03 13.07 36576  08 1 1
10 35 56.25 +36 08 12.70 36505  07 1 1
10 36 04.84 +36 06 20.38 36699  09 1 1
10 36 06.41 +36 06 58.75 36711  06 1 1
10 36 14.54 +39 48 03.31 42159  09 1 1
10 36 26.81 +39 57 09.47 42086  09 1 1
10 36 30.99 +39 58 53.08 41137  10 1 1
10 36 32.14 +33 48 36.32 36590  06 1 1
10 36 35.30 +34 57 55.37 36469  12 1 1
10 36 44.41 +39 58 12.76 41885  07 1 1
10 36 49.16 +36 16 11.46 36650  08 1 1
10 36 55.69 +33 53 15.68 36737  07 1 1
10 37 03.54 +40 46 54.59 41591  03 1 1
10 37 07.56 +40 21 47.05 41776  04 1 1
10 37 14.55 +40 28 58.80 41586  09 1 1
10 37 22.06 +36 10 19.42 36427  10 1 1
10 37 28.66 +40 02 31.24 41532  09 1 1
10 37 41.38 +40 00 46.66 41378  06 1 1
10 37 45.03 +35 17 31.02 36489  09 1 1
10 37 56.22 +35 55 51.49 36420  07 1 1
10 38 01.64 +36 17 02.44 36658  08 1 1
10 38 08.28 +39 59 08.84 41539  42 1 1
10 38 10.33 +34 34 05.30 36604  06 1 1
10 38 11.47 +40 02 25.30 42687  27 1 1
10 38 11.52 +40 02 59.35 42744  42 1 1
10 38 15.99 +40 07 12.25 42289  45 1 1
10 38 18.61 +40 05 29.08 42001  51 1 1
10 38 22.52 +39 54 26.42 41773  42 1 1
10 38 44.60 +40 00 12.38 41755  48 1 1
10 38 50.70 +39 58 40.73 41467  45 1 1
10 39 36.84 +35 16 34.00 36469  07 1 1
10 39 43.42 +40 04 35.26 41479  42 1 1
10 39 46.98 +34 25 46.20 36650  10 1 1
10 39 50.53 +35 46 33.38 36598  07 1 1
10 40 06.84 +39 53 56.90 42561  39 1 1
10 40 25.31 +40 35 52.40 41492  07 1 1
10 40 27.22 +40 04 59.38 42469  45 1 1
10 40 28.83 +40 00 03.71 44060  51 1 1
10 40 32.92 +40 28 36.59 41326  42 1 1
10 40 33.96 +40 03 49.46 41048  51 1 1
10 40 35.98 +40 02 10.82 39893  39 1 1
10 40 43.44 +39 57 05.29 40661  48 1 1
10 40 44.50 +39 57 11.27 41404 297 1 1
10 40 45.35 +39 54 48.56 40199  48 1 1
10 40 47.01 +39 55 51.82 41548  57 1 1
10 40 53.62 +40 01 41.99 41188  45 1 1
10 41 00.42 +40 36 53.17 41681  07 1 1
10 41 04.84 +40 17 56.04 40538  42 1 1
10 41 12.63 +40 46 35.98 41586  10 1 1
10 41 14.48 +39 59 01.64 41998  15 1 1
10 41 20.49 +39 47 29.36 42972  54 1 1
10 41 24.37 +40 29 52.55 41638  08 1 1
10 41 26.58 +39 58 45.55 40448  51 1 1
10 41 38.11 +40 16 34.18 40598  48 1 1
10 41 42.43 +40 00 45.79 41506  42 1 1
10 41 49.63 +39 45 52.81 41617  45 1 1
10 42 17.50 +39 45 43.45 42385  45 1 1
10 42 19.58 +39 42 49.64 40943  36 1 1
10 42 48.06 +40 00 32.44 41671  54 1 1
10 42 50.00 +39 34 53.54 41474  07 1 1
10 43 01.86 +39 30 51.80 41542  09 1 1
10 43 12.49 +39 30 59.87 41427  11 1 1
10 43 25.84 +39 35 24.61 41348  07 1 1
10 43 35.40 +39 35 59.82 41553  08 1 1
10 43 39.98 +39 23 25.30 41193  09 1 1
10 43 47.67 +39 34 27.59 41464  08 1 1
10 43 48.48 +39 56 38.94 41496  07 1 1
10 44 21.83 +39 59 17.27 41405  02 1 1
10 44 41.50 +39 30 45.32 40897  06 1 1
10 54 30.92 +56 44 17.81 41048  02 1 1
10 54 52.93 +56 33 12.17 40910  10 1 1
10 55 29.04 +56 40 24.42 41248  45 1 1
10 55 58.33 +56 45 05.33 40985  48 1 1
10 55 58.74 +56 51 11.92 40748  42 1 1
10 56 02.14 +56 29 37.93 41212  57 1 1
10 56 13.23 +56 56 24.00 40382  39 1 1
10 56 18.23 +56 22 13.01 39848  57 1 1
10 56 35.59 +56 26 47.36 40004  45 1 1
10 56 36.41 +56 35 49.20 41188  36 1 1
10 56 44.54 +56 41 27.71 40508  51 1 1
10 56 45.22 +57 00 33.84 40193  45 1 1
10 56 48.12 +56 30 00.29 41197  42 1 1
10 56 54.88 +56 57 00.76 40685  48 1 1
10 57 02.76 +57 02 20.90 40016  33 1 1
10 57 02.79 +56 45 03.13 40787  57 1 1
10 57 11.85 +56 56 44.88 41713  42 1 1
10 57 13.17 +56 31 33.42 40490  51 1 1
10 57 13.67 +56 54 18.94 41122  48 1 1
10 57 14.09 +56 47 02.26 40706  45 1 1
10 57 37.42 +56 38 50.46 40265  54 1 1
10 57 41.31 +56 43 56.93 41131  42 1 1
10 57 47.70 +56 28 01.60 40688  42 1 1
10 58 04.73 +56 48 03.02 39800  48 1 1
10 58 08.46 +57 09 06.95 40982  48 1 1
10 58 09.03 +57 11 31.96 40784  45 1 1
10 58 12.04 +56 43 15.49 40430  54 1 1
10 58 18.25 +56 50 33.58 41671  42 1 1
10 58 23.68 +56 47 41.71 40499  54 1 1
10 58 24.19 +56 47 52.55 39303  42 1 1
10 58 25.48 +56 49 21.72 40838  45 1 1
10 58 28.28 +56 20 37.90 41800  45 1 1
10 58 29.11 +56 45 06.48 41476  42 1 1
10 58 30.06 +56 46 34.25 38820  57 1 1
10 58 32.05 +56 47 14.21 41425  51 1 1
10 58 32.54 +56 47 59.24 41185  51 1 1
10 58 36.97 +56 50 04.42 40256  51 1 1
10 58 36.97 +56 51 50.51 41455  54 1 1
10 58 41.58 +56 53 15.61 39483  54 1 1
10 58 44.85 +56 48 09.72 41737  45 1 1
10 58 46.98 +56 46 32.23 40388  54 1 1
10 58 48.47 +56 25 05.88 39312  27 1 1
10 58 49.07 +56 21 16.38 40031  45 1 1
10 58 51.01 +56 43 08.51 41659  45 1 1
10 58 52.70 +56 46 00.52 42163  54 1 1
10 58 54.95 +56 10 39.29 40073  08 1 1
10 58 59.30 +56 15 52.70 40445  27 1 1
10 59 07.55 +56 42 17.86 40937  60 1 1
10 59 27.44 +57 06 41.08 40826  48 1 1
10 59 27.98 +57 02 53.34 39549  54 1 1
10 59 28.54 +57 02 51.97 39881  36 1 1
10 59 33.98 +56 18 45.18 41494  15 1 1
10 59 34.16 +57 09 08.89 39758  48 1 1
10 59 40.74 +57 26 52.12 40963  07 1 1
10 59 50.97 +57 04 59.38 40070  39 1 1
10 59 58.50 +57 05 36.82 39821  51 1 1
10 59 58.64 +56 52 27.30 40142  36 1 1
11 00 07.86 +56 24 29.84 41455  45 1 1
11 00 41.28 +56 48 16.16 39761  30 1 1
11 00 42.25 +56 54 22.18 40073  48 1 1
11 01 08.37 +56 48 13.86 40970  54 1 1
11 01 37.05 +56 42 02.99 39836  45 1 1
11 10 18.82 +13 22 33.17 50700  08 1 1
11 11 31.78 +13 28 00.05 49514 252 1 1
11 11 42.32 +13 30 36.50 49355  48 1 1
11 11 45.73 +13 35 11.04 49634  54 1 1
11 11 46.91 +13 34 03.11 49316  42 1 1
11 11 53.14 +13 29 22.85 49837  48 1 1
11 11 57.19 +13 27 08.32 50578  42 1 1
11 11 59.46 +13 31 30.32 49747  57 1 1
11 12 00.56 +13 34 12.72 49559  51 1 1
11 12 14.26 +12 48 41.04 50402  09 1 1
11 12 15.81 +13 37 08.44 50134  48 1 1
11 12 19.62 +13 29 13.02 49097  45 1 1
11 12 21.85 +13 27 51.16 49652  45 1 1
11 12 22.52 +13 22 07.39 50950  48 1 1
11 12 27.34 +14 00 59.11 50019  09 1 1
11 12 30.47 +13 37 23.99 50644  51 1 1
11 12 31.89 +13 33 42.08 50050  48 1 1
11 12 32.15 +13 56 54.67 49577  42 1 1
11 12 33.53 +13 27 57.64 50374  51 1 1
11 12 34.50 +13 12 17.50 50011  48 1 1
11 12 35.98 +12 54 09.00 50502  08 1 1
11 12 36.20 +13 15 18.50 50368  48 1 1
11 12 46.25 +13 38 57.12 50608  45 1 1
11 12 46.88 +13 27 27.61 50689  54 1 1
11 12 54.50 +13 26 09.02 50392  54 1 1
11 12 58.46 +13 28 46.78 49610  48 1 1
11 13 01.44 +17 31 52.68 51582  45 1 1
11 13 07.78 +13 23 32.21 50323  42 1 1
11 13 11.43 +13 36 36.43 49807  42 1 1
11 13 13.24 +13 26 53.41 48671  45 1 1
11 13 14.54 +13 24 43.06 49484  48 1 1
11 13 19.13 +13 26 54.46 49268  48 1 1
11 13 20.50 +17 35 41.06 51106  60 1 1
11 13 31.46 +13 27 14.51 49679  45 1 1
11 13 31.67 +17 38 42.32 50707  42 1 1
11 13 38.89 +13 42 29.38 50593  45 1 1
11 13 46.69 +17 38 20.18 51001  42 1 1
11 13 48.50 +13 31 39.47 50851  45 1 1
11 13 53.15 +12 54 29.77 49525  14 1 1
11 13 56.78 +13 57 36.61 50329  08 1 1
11 14 07.16 +17 27 41.36 51438  54 1 1
11 14 37.03 +13 41 36.38 50200  48 1 1
11 15 01.35 +13 36 44.21 49873  10 1 1
11 15 03.06 +13 20 13.13 50620  36 1 1
11 15 08.71 +13 41 40.99 50340  07 1 1
11 19 24.00 +19 49 43.54 30902  02 1 1
11 21 12.98 +19 46 11.28 30552  42 1 1
11 21 25.41 +19 51 14.87 31184  39 1 1
11 21 27.01 +19 28 14.59 31319  42 1 1
11 21 32.48 +19 29 52.19 30998  54 1 1
11 21 36.62 +19 27 33.88 31217  33 1 1
11 21 48.19 +19 38 38.33 31487  45 1 1
11 21 58.25 +19 49 29.57 30576  39 1 1
11 22 08.19 +19 39 21.78 30219  51 1 1
11 22 13.30 +19 39 47.45 31547  45 1 1
11 22 16.14 +19 32 17.95 31112  57 1 1
11 22 17.78 +19 37 55.42 31334  42 1 1
11 22 27.22 +19 44 41.78 31043  45 1 1
11 22 36.86 +19 38 21.88 31058  42 1 1
11 22 38.27 +19 52 24.42 30309  39 1 1
11 22 42.04 +21 33 29.95 57335  54 1 1
11 22 45.20 +19 34 24.92 30537  42 1 1
11 22 52.11 +19 47 58.81 30444  45 1 1
11 22 54.33 +19 40 10.92 31220  48 1 1
11 22 54.54 +19 33 03.38 31091  45 1 1
11 22 54.89 +19 08 17.30 31283  51 1 1
11 22 56.39 +19 39 09.97 32467  48 1 1
11 22 59.40 +19 56 49.67 30426  48 1 1
11 22 59.45 +19 28 52.57 31547  39 1 1
11 22 59.62 +19 37 25.43 31922  42 1 1
11 23 00.70 +19 46 25.64 31205  45 1 1
11 23 01.63 +19 41 12.80 31358  45 1 1
11 23 05.28 +19 38 49.24 30510  54 1 1
11 23 09.85 +19 45 08.32 30702  45 1 1
11 23 13.76 +19 40 38.39 30909  42 1 1
11 23 13.85 +19 42 22.36 31319  48 1 1
11 23 17.80 +19 29 59.50 30429  42 1 1
11 23 23.46 +19 36 44.68 30630  42 1 1
11 23 24.73 +19 40 59.70 31901  42 1 1
11 23 26.09 +19 34 59.92 31154  45 1 1
11 23 27.29 +19 39 35.89 30453  45 1 1
11 23 27.81 +19 32 17.88 31925  42 1 1
11 23 28.49 +19 36 16.99 31262  42 1 1
11 23 29.82 +19 41 44.27 31040  45 1 1
11 23 31.01 +20 59 55.21 57647  51 1 1
11 23 31.73 +19 18 21.46 31169  51 1 1
11 23 32.22 +19 25 30.14 31265  15 1 1
11 23 34.78 +20 57 20.77 58560  10 1 1
11 23 36.54 +21 52 14.77 58828 291 1 1
11 23 36.81 +19 35 30.55 31568  39 1 1
11 23 37.24 +19 33 35.68 29230  39 1 1
11 23 40.56 +19 41 39.05 30258  45 1 1
11 23 40.69 +19 35 21.05 30123  54 1 1
11 23 48.05 +19 26 17.16 30513  45 1 1
11 23 48.40 +20 59 27.96 57266  33 1 1
11 23 50.35 +19 34 08.33 31685  51 1 1
11 23 58.07 +21 28 41.99 59218  51 1 1
11 23 58.76 +19 23 15.61 30588  45 1 1
11 24 02.20 +19 35 28.90 30144  39 1 1
11 24 03.80 +19 38 50.93 31043  45 1 1
11 24 12.94 +19 48 23.36 30672  39 1 1
11 24 13.27 +19 35 50.93 30873  48 1 1
11 24 22.39 +21 24 24.95 55815  48 1 1
11 24 34.54 +19 32 53.92 30621  45 1 1
11 24 36.78 +19 12 27.79 31274  15 1 1
11 24 38.29 +19 27 34.34 31202  45 1 1
11 24 41.55 +19 36 46.30 31184  42 1 1
11 24 41.70 +19 20 15.58 31418  48 1 1
11 24 50.39 +18 58 21.65 30866  03 1 1
11 24 55.26 +19 33 59.76 31547  51 1 1
11 24 55.43 +19 37 37.81 30675  45 1 1
11 25 01.73 +19 32 35.38 31070  48 1 1
11 25 02.50 +19 21 17.42 30189  48 1 1
11 25 05.17 +19 29 46.03 30570  54 1 1
11 25 08.10 +21 19 02.82 56880  48 1 1
11 25 17.61 +19 32 38.94 31511  45 1 1
11 25 21.00 +19 30 52.56 31298  51 1 1
11 25 35.58 +19 40 01.20 30940  07 1 1
11 25 38.18 +21 35 20.94 57293  45 1 1
11 26 19.44 +19 13 29.46 30874  04 1 1
11 26 32.10 +19 41 27.06 30900  03 1 1
11 27 25.70 +19 11 13.13 30885  09 1 1
11 28 51.49 +66 33 42.44 35360  48 1 1
11 29 59.74 +66 32 14.21 33897  54 1 1
11 30 06.97 +66 44 18.28 33577  15 1 1
11 30 13.56 +66 26 37.00 35067  42 1 1
11 30 27.88 +65 55 08.65 35212  05 1 1
11 30 53.27 +66 30 43.45 35241  42 1 1
11 31 03.17 +66 33 58.21 35471  36 1 1
11 31 04.53 +66 37 27.16 33865  45 1 1
11 31 04.96 +66 11 07.84 35004  54 1 1
11 31 07.85 +66 15 22.86 34563  42 1 1
11 31 10.21 +66 24 08.57 34719  51 1 2
11 31 20.59 +66 23 37.14 34284  42 1 1
11 31 35.95 +66 26 19.82 34101  39 1 1
11 31 41.15 +66 22 32.20 35456  54 1 1
11 31 45.69 +66 28 41.38 35711  42 1 1
11 31 47.34 +66 32 33.22 35935  06 1 1
11 31 57.07 +66 32 28.03 34947  42 1 1
11 32 07.05 +66 00 17.60 34896  39 1 2
11 32 08.59 +66 24 25.63 34704  45 1 2
11 32 09.65 +66 21 27.58 33628  42 1 1
11 32 15.16 +67 31 09.70 34746  07 1 1
11 32 23.55 +66 20 11.98 34002  45 1 1
11 32 31.01 +66 12 16.70 34521  42 1 1
11 32 34.00 +66 27 06.19 35813  45 1 1
11 32 35.80 +66 24 01.48 33097  42 1 1
11 32 36.70 +66 17 27.53 34152  45 1 1
11 32 41.38 +66 19 27.66 35867  39 1 1
11 32 42.00 +66 39 26.64 34215  48 1 1
11 32 42.35 +66 25 02.75 34872  45 1 2
11 32 48.77 +66 17 42.86 33841  21 1 1
11 32 53.08 +67 29 16.73 34660  08 1 1
11 33 02.52 +66 21 40.97 34638  63 1 2
11 33 05.49 +66 20 13.27 35513  48 1 1
11 33 15.94 +66 23 08.95 34362  45 1 1
11 33 17.94 +66 21 45.61 34536  48 1 1
11 33 19.15 +66 22 53.72 34122  51 1 1
11 33 20.67 +65 55 27.55 34002  12 1 1
11 33 22.13 +66 22 27.91 35393  51 1 1
11 33 24.69 +66 24 08.86 33760  42 1 1
11 33 38.41 +67 40 00.66 34653  07 1 1
11 33 44.89 +66 19 26.47 34947  48 1 1
11 33 45.11 +66 35 45.82 33598  45 1 1
11 33 46.36 +65 59 54.28 35052  39 1 1
11 33 49.27 +66 28 36.98 34023  54 1 1
11 33 50.48 +66 22 27.01 32842  48 1 1
11 33 50.61 +66 22 21.61 33933  51 1 1
11 33 56.38 +66 07 45.05 34389  45 1 1
11 34 10.86 +66 51 05.11 33523  45 1 1
11 34 17.49 +66 19 47.71 35025  51 1 1
11 34 20.82 +46 47 40.74 34739  10 1 1
11 34 20.93 +66 20 38.11 35432  45 1 1
11 34 21.91 +66 16 26.29 34998  42 1 1
11 34 32.50 +66 12 45.11 34245  48 1 1
11 34 33.99 +66 15 32.69 33706  54 1 1
11 34 51.54 +66 21 42.52 34947  39 1 1
11 35 02.18 +66 12 26.93 34407  45 1 1
11 35 02.20 +66 23 34.94 34779  39 1 2
11 35 08.92 +66 17 31.60 35969  42 1 1
11 35 11.43 +66 14 44.81 34899  45 1 2
11 35 16.39 +66 22 09.70 33535  48 1 1
11 35 16.73 +66 48 56.92 34227  45 1 1
11 35 35.93 +66 26 19.75 34401  45 1 1
11 35 37.86 +66 30 35.93 34551  24 1 1
11 35 45.37 +66 45 11.95 34608  60 1 1
11 35 48.03 +66 32 25.62 33909  39 1 1
11 35 59.46 +66 22 55.74 34515  45 1 1
11 36 33.66 +45 26 26.41 34760  09 1 1
11 36 53.12 +46 32 32.24 34741  07 1 1
11 36 56.40 +44 51 45.47 34696  04 1 1
11 37 01.00 +46 32 07.26 34516  03 1 1
11 37 02.73 +46 32 20.72 34525  07 1 1
11 37 05.85 +46 58 23.56 34641  03 1 1
11 37 07.68 +66 09 43.70 34374  30 1 1
11 37 15.72 +66 15 58.10 34074  39 1 1
11 37 29.83 +47 51 42.52 34767  07 1 1
11 37 31.01 +66 06 21.02 33661  27 1 1
11 37 33.10 +46 36 00.29 34541  10 1 1
11 38 05.29 +45 51 09.76 35506  10 1 1
11 38 15.53 +46 29 40.67 35080  06 1 1
11 38 29.26 +45 39 54.61 34925  10 1 1
11 38 34.34 +45 25 58.87 34808  07 1 1
11 38 37.41 +45 41 38.80 34788  08 1 1
11 38 51.96 +45 21 24.01 34670  08 1 1
11 39 00.21 +45 23 22.70 34834  08 1 1
11 39 00.26 +45 15 58.79 35127  09 1 1
11 39 15.22 +46 39 38.99 35604  09 1 1
11 39 15.35 +46 38 39.88 35680  12 1 1
11 39 44.26 +46 58 05.38 34351  08 1 1
11 39 44.30 +46 57 56.27 34384  04 1 1
11 39 50.40 +46 58 51.38 34227  10 1 1
11 39 58.10 +46 54 35.89 34740  08 1 1
11 40 00.89 +45 47 57.12 34879  03 1 1
11 40 03.40 +45 45 57.74 34866  10 1 1
11 40 08.57 +45 03 27.25 34699  08 1 1
11 40 09.46 +67 21 41.94 33703  18 1 1
11 40 13.30 +45 50 54.67 35109  04 1 1
11 40 23.07 +66 56 11.40 34807  04 1 1
11 40 23.07 +46 41 02.51 34340  02 1 1
11 40 26.74 +46 43 27.01 34274  07 1 1
11 40 27.75 +45 11 39.44 34649  09 1 1
11 40 31.56 +46 19 07.93 35274  10 1 1
11 40 32.34 +67 30 18.00 35450  45 1 1
11 40 34.49 +47 29 06.22 35103  07 1 1
11 40 36.46 +46 56 32.93 34743  04 1 1
11 40 37.33 +46 24 07.99 34743  33 1 1
11 40 37.56 +45 38 36.60 34634  11 1 1
11 40 40.74 +45 40 47.24 34841  13 1 1
11 40 43.31 +46 55 30.65 34692  18 1 1
11 40 44.43 +67 16 48.43 34116  45 1 1
11 40 47.91 +46 22 04.87 34431 456 1 1
11 40 55.80 +67 11 52.19 35546  45 1 1
11 41 01.22 +67 45 38.02 34197  42 1 1
11 41 05.83 +46 59 54.64 34484  10 1 1
11 41 06.82 +45 52 30.86 34228  02 1 1
11 41 09.28 +67 32 20.80 35813  42 1 1
11 41 17.90 +68 22 22.33 34762  03 1 1
11 41 21.44 +45 52 39.94 35329  11 1 1
11 41 31.06 +46 44 05.35 35501  42 1 1
11 41 32.06 +67 44 49.09 34128  45 1 1
11 41 34.36 +47 02 45.71 34995  02 1 1
11 41 39.71 +67 46 16.82 34923  48 1 1
11 41 39.81 +45 58 08.36 35227  12 1 1
11 41 42.02 +46 19 30.54 34980  45 1 1
11 41 43.00 +46 24 16.42 35085  51 1 1
11 41 43.14 +46 20 41.60 35235  48 1 1
11 41 44.02 +46 33 56.05 34263  45 1 1
11 41 47.86 +67 14 13.27 36092  48 1 1
11 41 49.01 +46 09 38.56 34914  45 1 1
11 41 52.73 +46 01 52.72 34971  45 1 1
11 41 53.01 +46 01 36.70 35163  51 1 1
11 41 53.01 +46 34 56.96 34239  57 1 1
11 41 55.76 +46 00 01.01 35669  51 1 1
11 41 57.38 +45 55 23.56 34817  12 1 1
11 42 00.91 +67 33 38.56 35399  48 1 1
11 42 02.66 +46 33 23.72 34995  42 1 1
11 42 06.97 +47 18 21.17 34773  10 1 1
11 42 09.38 +67 27 33.05 35280  45 1 1
11 42 09.55 +45 33 58.32 34452  08 1 1
11 42 10.63 +67 35 06.76 35480  45 1 1
11 42 12.04 +47 17 46.14 34787  07 1 1
11 42 20.71 +46 57 03.96 35110  04 1 1
11 42 21.29 +46 17 04.74 34095  30 1 1
11 42 25.30 +46 30 27.40 34512  48 1 1
11 42 26.98 +46 59 44.34 35313  08 1 1
11 42 29.05 +67 28 58.08 33799  42 1 1
11 42 32.24 +45 44 07.51 34241  09 1 1
11 42 35.53 +45 25 16.32 34450  06 1 1
11 42 36.16 +45 40 10.13 34426  12 1 1
11 42 36.71 +45 48 42.70 34365  10 1 1
11 42 39.58 +46 57 58.54 35576  04 1 1
11 42 40.90 +67 08 36.56 34965  42 1 1
11 42 41.23 +46 24 36.32 34557 402 1 1
11 42 45.15 +46 51 11.23 34593  51 1 1
11 42 46.46 +47 02 33.50 34504  10 1 1
11 42 48.04 +67 29 36.24 33709  45 1 1
11 42 53.44 +67 26 25.51 33912  45 1 1
11 42 56.92 +67 02 07.84 35750  57 1 1
11 42 57.73 +46 39 18.58 35166  39 1 1
11 42 58.84 +47 28 39.43 34834  08 1 1
11 43 00.55 +67 30 05.22 35889  05 1 1
11 43 02.64 +67 20 47.08 35286  45 1 1
11 43 04.09 +46 05 01.82 35058  42 1 1
11 43 13.76 +46 33 47.84 35055  39 1 1
11 43 14.82 +46 14 57.70 34965  42 1 1
11 43 17.58 +46 38 51.97 34023  48 1 1
11 43 19.03 +67 08 21.52 35864  48 1 1
11 43 27.39 +46 28 34.36 34530  45 1 1
11 43 28.77 +67 13 59.56 35169  39 1 1
11 43 31.73 +67 46 48.00 35618  48 1 1
11 43 33.09 +46 23 38.40 33978  39 1 1
11 43 33.85 +46 16 24.46 34089  42 1 1
11 43 34.70 +46 39 27.68 34107  42 1 1
11 43 34.79 +67 21 07.81 35531  30 1 1
11 43 36.59 +46 06 19.12 35049  39 1 1
11 43 38.41 +46 24 03.20 34665  48 1 1
11 43 39.60 +46 21 20.48 34737  24 1 1
11 43 40.00 +67 25 33.96 34779  42 1 1
11 43 43.88 +67 24 10.73 35016  42 1 1
11 43 43.99 +46 19 31.58 33805  42 1 1
11 43 45.70 +67 23 03.80 34878  48 1 1
11 43 55.88 +67 27 29.34 34203  45 1 1
11 43 57.69 +45 17 51.61 35090  10 1 1
11 43 59.34 +67 30 38.70 34083  39 1 1
11 43 59.95 +46 21 00.07 34290  51 1 1
11 44 05.91 +46 16 39.50 34542  63 1 1
11 44 09.45 +46 22 37.63 33972 318 1 1
11 44 09.75 +47 01 53.58 34664  03 1 1
11 44 11.06 +46 34 28.13 34365  42 1 1
11 44 16.49 +47 11 42.14 34931  10 1 1
11 44 17.54 +67 14 38.51 35148  48 1 1
11 44 18.88 +46 25 08.90 34869  48 1 1
11 44 22.91 +46 37 36.05 34260  30 1 1
11 44 25.00 +67 47 09.60 35735  45 1 1
11 44 27.58 +67 22 03.22 35054  14 1 1
11 44 29.64 +67 25 20.46 35327  51 1 1
11 44 31.09 +46 26 54.64 35211  48 1 1
11 44 34.65 +67 17 10.86 35426  18 1 1
11 44 36.80 +67 24 21.13 34818  51 1 1
11 44 44.72 +67 24 51.95 35903  51 1 1
11 44 50.13 +66 59 04.85 35513  42 1 1
11 44 57.93 +67 24 53.32 36125  51 1 1
11 44 59.48 +46 50 46.64 34443  39 1 1
11 45 07.68 +67 19 57.97 35085  45 1 1
11 45 07.87 +67 20 57.70 34614  51 1 1
11 45 09.39 +67 24 41.29 34035  42 1 1
11 45 12.91 +47 19 27.84 35058  11 1 1
11 45 19.86 +67 27 57.20 35001  48 1 1
11 45 27.64 +67 23 25.94 35708  54 1 1
11 45 31.06 +67 35 31.63 34386  45 1 1
11 45 45.82 +67 29 11.36 34665  48 1 1
11 45 47.01 +67 38 17.05 35792  57 1 1
11 45 47.61 +67 26 56.47 35220  45 1 1
11 45 47.77 +67 32 58.02 34887  51 1 1
11 45 50.63 +67 42 16.34 34008  39 1 1
11 45 55.36 +67 29 01.75 33577  39 1 1
11 45 56.02 +67 23 36.53 35471  39 1 1
11 46 06.01 +67 31 08.54 34953  42 1 1
11 46 06.21 +67 39 46.69 33859  39 1 1
11 46 07.25 +66 41 04.09 34851  02 1 1
11 46 07.65 +67 26 58.42 34653  48 1 1
11 46 20.89 +67 39 56.30 33745  48 1 1
11 46 25.30 +67 41 22.96 34071  39 1 1
11 46 29.94 +67 38 32.50 33811  45 1 1
11 46 33.74 +67 19 17.36 34128  42 1 1
11 46 39.38 +67 37 50.92 34380  42 1 1
11 46 41.30 +46 33 29.23 34651  15 1 1
11 46 42.94 +67 32 11.83 34326  36 1 1
11 46 45.05 +67 01 59.74 34698  12 1 1
11 46 56.68 +67 19 31.69 35205  51 1 1
11 47 00.32 +45 55 17.94 34536  08 1 1
11 47 00.60 +67 22 20.10 34800  36 1 1
11 47 09.01 +67 37 27.37 34914  42 1 1
11 47 15.54 +45 54 31.00 34577  07 1 1
11 47 17.24 +67 35 29.11 33730  42 1 1
11 47 27.63 +47 10 09.80 34833  04 1 1
11 47 29.24 +67 27 00.43 35019  42 1 1
11 47 50.67 +67 15 25.24 34533  45 1 1
11 47 56.02 +46 36 35.28 34735  02 1 1
11 47 56.97 +67 31 49.62 34740  42 1 1
11 48 31.26 +45 26 33.11 34534  10 1 1
11 49 20.25 +46 32 30.01 34427  07 1 1
11 49 40.52 +44 53 51.83 34785  03 1 1
11 49 44.05 +46 35 29.69 34413  12 1 1
11 49 50.15 +23 03 55.84 42366  07 1 1
11 50 38.17 +46 36 33.34 34134  05 1 1
11 53 28.52 +67 53 59.28 34684  07 1 1
11 54 20.58 +03 10 25.28 39731  09 1 1
11 54 28.59 +23 42 30.06 43098  45 1 1
11 54 36.28 +04 03 09.58 39964  07 1 1
11 54 38.40 +04 00 35.03 40237  11 1 1
11 54 38.98 +04 00 40.36 40252  09 1 1
11 54 39.13 +23 40 16.00 43614  51 1 1
11 54 42.71 +23 34 37.20 42133  48 1 1
11 54 47.61 +23 29 37.57 41296  42 1 1
11 54 51.10 +23 34 56.89 41497 339 1 1
11 54 54.02 +33 40 54.70 63742  51 1 1
11 54 57.94 +24 31 50.30 42352  07 1 1
11 54 58.42 +23 25 19.74 39770  51 1 1
11 55 07.97 +04 14 18.85 39935  09 1 1
11 55 13.08 +23 33 26.17 41713  42 1 1
11 55 17.50 +23 23 28.79 41719  54 1 1
11 55 26.22 +23 20 49.49 40772  33 1 1
11 55 26.75 +23 42 49.57 43101  48 1 1
11 55 27.49 +23 36 25.45 41218  45 1 1
11 55 28.78 +23 46 43.68 43110  48 1 1
11 55 35.55 +23 31 07.39 41134  48 1 1
11 55 35.64 +23 26 34.87 43938  51 1 1
11 55 41.18 +23 45 46.26 41836  42 1 1
11 55 45.10 +33 12 23.51 64079  06 1 1
11 55 45.66 +23 31 34.75 42061  42 1 1
11 55 55.12 +02 55 03.11 39816  05 1 1
11 55 58.64 +23 48 39.67 41650  45 1 1
11 56 00.28 +02 32 32.53 39892  07 1 1
11 56 01.54 +02 21 44.75 39753  02 1 1
11 56 03.10 +02 20 58.85 39757  03 1 1
11 56 03.90 +23 40 35.90 42055  48 1 1
11 56 05.32 +67 16 41.52 34770  04 1 1
11 56 05.87 +02 33 59.87 40088  05 1 1
11 56 14.87 +02 24 33.12 39847  08 1 1
11 56 17.99 +03 30 53.64 39842  02 1 1
11 56 18.37 +02 24 49.25 39806  07 1 1
11 56 20.55 +02 34 24.42 39770  08 1 1
11 56 23.13 +23 41 41.42 42508  48 1 1
11 56 26.19 +23 48 02.81 41749  45 1 1
11 56 33.21 +33 17 14.50 64278  48 1 1
11 56 44.35 +24 07 26.33 42310  09 1 1
11 56 45.03 +23 47 58.78 41875  63 1 1
11 56 46.30 +33 06 39.92 64015  10 1 1
11 56 59.61 +02 48 33.08 39718  07 1 1
11 57 00.10 +02 36 07.60 39825  01 1 1
11 57 14.05 +02 23 01.36 39771  03 1 1
11 57 24.83 +24 37 38.60 42290  08 1 1
11 57 33.00 +24 36 53.86 42308  06 1 1
11 57 34.84 +33 37 16.82 65037  51 1 1
11 57 54.10 +67 09 27.86 34827  07 1 1
11 58 15.76 +67 24 32.83 34838  06 1 1
11 58 21.78 +68 00 14.08 34793  07 1 1
11 58 31.36 +04 16 59.34 40089  07 1 1
11 58 32.76 +02 52 12.22 39803  02 1 1
11 58 32.92 +02 52 49.76 39855  16 1 1
11 58 33.98 +02 02 55.18 39687  02 1 1
11 58 36.63 +03 43 13.37 39839  04 1 1
11 58 39.25 +04 39 16.60 40112  12 1 1
11 58 39.64 +04 13 07.61 39992  04 1 1
11 58 43.54 +33 30 51.88 64758  48 1 1
11 58 55.88 +67 31 24.24 34822  06 1 1
11 58 56.12 +67 53 32.60 34766  02 1 1
11 59 03.06 +33 25 53.36 65103  51 1 1
11 59 06.84 +67 53 06.07 34751  08 1 1
11 59 11.09 +66 35 00.78 34629  06 1 1
11 59 13.59 +03 08 11.29 40463  45 1 1
11 59 15.66 +23 46 35.94 42361  10 1 1
11 59 22.38 +03 35 38.00 38871  48 1 1
11 59 25.14 +03 08 43.04 40715  45 1 1
11 59 26.52 +02 41 34.30 40193  03 1 1
11 59 27.49 +03 06 42.37 38301  12 1 1
11 59 27.74 +02 55 51.28 40184  51 1 1
11 59 33.81 +03 09 22.82 38427  45 1 1
11 59 35.26 +03 18 08.42 39947  45 1 1
11 59 39.73 +03 05 48.05 38511  45 1 1
11 59 40.79 +33 28 56.53 63577  60 1 1
11 59 41.82 +04 13 27.08 40035  12 1 1
11 59 46.27 +03 33 12.31 40718  48 1 1
11 59 53.66 +03 18 41.08 40595  45 1 1
12 00 03.36 +03 20 29.87 38493  48 1 1
12 00 04.89 +02 23 22.31 39709  07 1 1
12 00 09.37 +03 20 56.83 37876  51 1 1
12 00 10.55 +03 22 06.42 37996  51 1 1
12 00 10.70 +03 15 50.51 38670  45 1 1
12 00 11.56 +03 14 03.01 39075  42 1 1
12 00 14.25 +03 20 45.10 42142  36 1 1
12 00 17.91 +03 13 49.33 39252  36 1 1
12 00 22.30 +03 19 39.86 40019  54 1 1
12 00 26.52 +03 35 13.78 40607  39 1 1
12 00 28.34 +03 22 32.56 39827  51 1 1
12 00 29.17 +03 18 58.28 38400  45 1 1
12 00 30.80 +03 19 55.06 42325  42 1 1
12 00 32.47 +03 25 54.19 42897  51 1 1
12 00 33.25 +03 24 58.57 42885  45 1 1
12 00 34.42 +03 27 24.48 42013  42 1 1
12 00 34.97 +24 06 18.40 42277  07 1 1
12 00 35.52 +03 21 44.14 42160  51 1 1
12 00 35.66 +03 26 30.77 42525  45 1 1
12 00 38.21 +03 23 06.54 39668  48 1 1
12 00 39.40 +03 04 22.26 39465  45 1 1
12 00 43.35 +03 17 36.02 41761  45 1 1
12 00 43.40 +03 06 30.71 39090  45 1 1
12 00 45.48 +03 28 51.49 40808  39 1 1
12 00 46.73 +03 04 29.50 40601  48 1 1
12 00 47.90 +03 15 24.37 41479  45 1 1
12 00 48.32 +03 25 41.16 41057  42 1 1
12 00 49.13 +03 13 45.12 40310  36 1 1
12 00 51.75 +03 18 55.98 40712  57 1 1
12 00 52.86 +03 02 32.93 40889  42 1 1
12 00 53.06 +03 35 32.35 40832  33 1 1
12 00 55.19 +03 21 59.22 37225  42 1 1
12 00 55.28 +03 26 55.61 39591  60 1 1
12 00 57.94 +02 51 56.12 40001  45 1 1
12 00 58.96 +03 21 37.15 40808  39 1 1
12 01 00.37 +03 33 10.04 39971  30 1 1
12 01 02.22 +03 24 12.02 39369  48 1 1
12 01 02.75 +03 26 02.18 39899  48 1 1
12 01 02.84 +03 03 24.34 40304  42 1 1
12 01 03.00 +03 38 35.74 40445  48 1 1
12 01 09.48 +03 27 18.79 40652  42 1 1
12 01 09.85 +68 16 58.51 34715  06 1 1
12 01 17.51 +04 06 44.24 39975  09 1 1
12 01 23.34 +03 16 08.94 39971  42 1 1
12 01 23.88 +04 27 21.13 39746  11 1 1
12 01 28.22 +03 42 36.58 40016  27 1 1
12 01 37.14 +03 26 32.78 41239  48 1 1
12 01 43.73 +03 19 16.39 39956  45 1 1
12 01 44.80 +02 38 54.60 40122  03 1 1
12 01 49.00 +03 38 16.69 39962  45 1 1
12 02 01.77 +03 53 23.78 40115  03 1 1
12 02 16.39 +03 33 10.26 39824  48 1 1
12 02 31.07 +03 17 33.22 39746  45 1 1
12 02 32.90 +04 24 36.11 40170  03 1 1
12 02 34.23 +03 10 56.03 40121  09 1 1
12 02 49.37 +04 18 50.04 39904  12 1 1
12 02 55.96 +04 10 14.70 39702  06 1 1
12 02 59.77 +03 54 17.46 39845  13 1 1
12 03 01.92 +66 59 52.19 34837  05 1 1
12 03 11.61 +67 08 32.14 34896  05 1 1
12 03 24.50 +02 50 36.49 39806  08 1 1
12 03 34.72 +04 23 13.09 40072  07 1 1
12 03 48.39 +04 10 10.78 39767  08 1 1
12 03 48.70 +04 20 43.37 40130  07 1 1
12 03 53.05 +67 08 12.05 34715  10 1 1
12 03 53.45 +03 58 49.19 40055  09 1 1
12 03 56.91 +03 35 05.71 39958  08 1 1
12 04 00.43 +04 08 36.78 39712  08 1 1
12 04 03.45 +03 50 43.44 39930  10 1 1
12 04 18.57 +03 45 24.23 39930  08 1 1
12 04 20.48 +04 19 15.82 40017  07 1 1
12 04 21.84 +04 04 00.19 40093  05 1 1
12 04 56.26 +03 48 17.60 39705  16 1 1
12 05 03.04 +03 34 07.64 40119  07 1 1
12 05 07.39 +03 33 59.54 40140  10 1 1
12 05 21.96 +03 41 17.70 40001  07 1 1
12 05 24.54 +03 32 22.85 40008  06 1 1
12 05 39.50 +03 35 31.67 40209  06 1 1
12 05 54.07 +03 30 48.17 39979  02 1 1
12 06 05.73 +03 37 57.25 39778  07 1 1
12 06 15.67 +03 36 24.19 40051  14 1 1
12 06 24.44 +03 53 01.21 40215  09 1 1
12 06 45.12 +03 28 44.26 39684  09 1 1
12 06 47.25 +03 30 19.98 39939  10 1 1
12 06 51.90 +03 27 04.79 40035  08 1 1
12 06 55.05 +03 32 25.19 40005  05 1 1
12 07 00.88 +03 29 33.97 39969  06 1 1
12 29 45.25 +10 41 43.73 49340  42 1 1
12 29 51.67 +10 06 08.68 50116  36 1 1
12 30 11.14 +10 41 32.39 50311  51 1 1
12 30 11.57 +10 35 33.04 49541  42 1 1
12 30 14.17 +10 38 58.81 50107  42 1 1
12 30 18.25 +11 01 08.58 49996  60 1 1
12 30 29.78 +10 45 11.59 50362  45 1 1
12 30 41.73 +10 35 48.84 49499  45 1 1
12 30 47.70 +10 33 40.64 50146  54 1 1
12 30 50.07 +10 30 41.83 50578  42 1 1
12 30 55.08 +10 32 17.23 51243  48 1 1
12 31 01.76 +10 36 53.71 47571  39 1 1
12 31 03.31 +10 35 38.83 47982  48 1 1
12 31 09.89 +10 39 22.39 48944  45 1 1
12 31 17.03 +10 28 44.76 50602  45 1 1
12 31 32.70 +10 28 48.14 50623  45 1 1
12 32 15.15 +10 21 19.26 49732  42 1 1
13 05 31.25 +46 24 33.95 68287  45 1 1
13 05 50.50 +46 02 05.60 67702  11 1 1
13 05 51.52 +46 05 22.70 67591 411 1 1
13 06 19.76 +46 28 50.56 67699  45 1 1
13 06 43.44 +46 28 12.54 69264  60 1 1
13 06 54.48 +46 33 22.75 67138  60 1 1
13 06 58.36 +46 29 40.70 67393  48 1 1
13 07 00.22 +46 31 52.00 67168  54 1 1
13 07 13.21 +46 29 04.52 67489  51 1 1
13 07 36.13 +46 23 20.18 68059  48 1 1
13 10 21.57 -01 06 37.94 55653  30 1 1
13 10 59.29 -00 59 36.53 54409  27 1 1
13 11 02.87 -01 31 46.88 55995  57 1 1
13 11 14.65 -01 14 28.79 56520  51 1 1
13 11 27.42 -01 24 30.46 52326  51 1 1
13 11 28.36 -01 13 28.42 55288  45 1 1
13 11 40.14 -01 19 51.56 56496  12 1 1
13 11 43.42 -01 19 19.60 54784  57 1 1
13 11 43.83 -01 15 00.18 54334  33 1 1
13 11 48.09 -01 33 09.36 54094  51 1 1
13 11 59.95 -01 47 09.35 55566  45 1 1
13 12 12.54 -01 34 44.47 56229  54 1 1
13 32 01.40 +50 28 01.13 83348  51 1 1
13 32 22.98 +50 24 10.01 81870  45 1 1
13 32 32.96 +50 25 02.46 81795  57 1 1
13 32 40.97 +50 33 46.30 83591  45 1 1
13 32 42.59 +50 30 11.45 83024  54 1 1
13 32 52.09 +50 31 34.00 83789  57 1 1
13 33 02.07 +50 29 28.00 83573  45 1 1
13 33 59.65 +40 40 27.95 69153  48 1 1
13 34 25.56 +41 07 28.99 69495  48 1 1
13 34 54.38 +40 56 54.78 71395  54 1 1
13 35 03.83 +40 58 39.18 71084  51 1 1
13 35 08.77 +40 59 12.44 71725  48 1 1
13 35 18.38 +40 59 50.14 72373  54 1 1
13 35 19.16 +41 05 07.51 66635  48 1 1
13 35 19.67 +41 02 30.12 67036  48 1 1
13 35 37.47 +40 58 21.18 68832  51 1 1
13 36 07.28 +40 58 44.87 69944  45 1 1
13 36 26.89 +41 05 30.66 69828  48 1 1
13 36 27.32 +41 11 10.61 70103  60 1 1
13 36 45.36 +41 06 34.67 69303  48 1 1
13 36 48.63 +41 12 17.39 69321  51 1 1
13 36 53.12 +41 05 30.08 70124 351 1 1
13 36 58.20 +41 15 18.11 69819  45 1 1
13 37 55.42 +41 09 00.40 69288 327 1 1
14 00 20.49 +02 50 53.34 75560  48 1 1
14 00 31.80 +02 54 43.13 75098  39 1 1
14 00 49.31 +02 51 21.67 76276  45 1 1
14 00 53.60 +02 56 44.20 76552  48 1 1
14 01 02.07 +02 52 42.49 75512  39 1 1
14 02 33.33 +02 43 13.22 74723  48 1 1
14 18 38.28 +62 07 18.44 41604  07 1 1
14 19 12.53 +62 13 55.38 41584  08 1 1
14 21 18.74 +63 04 44.36 41782  45 1 1
14 21 35.05 +37 18 10.08 49861  51 1 1
14 21 40.44 +37 22 23.45 50302  45 1 1
14 21 40.51 +37 17 30.84 48929  57 1 1
14 21 41.89 +37 15 36.86 47187  54 1 1
14 21 47.09 +37 17 54.10 48674  30 1 1
14 21 52.08 +62 55 37.81 41131  45 1 1
14 21 53.55 +37 00 09.29 48261  45 1 1
14 21 55.17 +37 05 38.62 48243  57 1 1
14 21 57.32 +37 04 13.87 48830  48 1 1
14 21 57.36 +37 11 27.49 50107  48 1 1
14 22 14.92 +62 48 35.10 40781  45 1 1
14 22 18.38 +63 02 55.72 40838  45 1 1
14 22 18.76 +62 56 12.12 41596  45 1 1
14 22 23.36 +62 50 45.85 40811  48 1 1
14 22 25.05 +37 18 24.88 47811  48 1 1
14 22 33.66 +37 11 55.10 50182  57 1 1
14 22 49.84 +63 03 17.71 40976  30 1 1
14 22 59.86 +63 04 15.24 41398  48 1 1
14 23 01.01 +37 18 19.15 49598  36 1 1
14 23 04.00 +62 44 42.18 42163  54 1 1
14 23 34.71 +63 21 46.26 41914  45 1 1
14 23 53.83 +62 46 44.90 41320  42 1 1
14 24 04.77 +62 55 06.02 42109  30 1 1
14 24 06.26 +62 54 52.70 42169  42 1 1
14 24 16.92 +37 53 47.65 48794  48 1 1
14 24 26.45 +37 48 02.74 48326  57 1 1
14 24 26.80 +63 14 36.53 41770  42 1 1
14 24 42.85 +63 19 46.27 41977  51 1 1
14 24 50.57 +63 08 39.91 42205  48 1 1
14 24 50.83 +38 04 45.66 48174  33 1 1
14 24 56.55 +37 56 59.14 48998  51 1 1
14 25 02.60 +63 28 47.21 42112  45 1 1
14 25 04.42 +37 55 53.44 48279  42 1 1
14 25 05.78 +37 58 12.04 48677  48 1 1
14 25 07.96 +37 46 36.66 49241  45 1 1
14 25 21.22 +63 09 21.28 40637  54 1 1
14 25 26.28 +38 00 49.50 49187  39 1 1
14 25 27.97 +37 38 16.84 50239  39 1 1
14 25 29.47 +37 47 00.10 49505  36 1 1
14 25 32.87 +63 13 10.34 42271  54 1 1
14 25 39.45 +37 49 43.14 50152  45 1 1
14 25 45.20 +63 05 01.00 41653  54 1 1
14 25 45.33 +38 01 34.39 49448  48 1 1
14 25 46.29 +63 13 29.32 42061  45 1 1
14 25 47.40 +37 36 28.91 49948  48 1 1
14 25 48.37 +63 18 07.20 40772  39 1 1
14 25 49.82 +37 53 04.06 50095  42 1 1
14 25 56.67 +37 48 59.22 50980  54 1 1
14 25 59.47 +37 50 54.10 49942  54 1 1
14 26 03.32 +37 49 58.66 50638  22 1 1
14 26 03.92 +63 14 59.35 41671  39 1 1
14 26 04.10 +37 38 06.94 48887  39 1 1
14 26 06.58 +37 51 28.26 49226  60 1 1
14 26 10.30 +63 16 11.21 42400  51 1 1
14 26 19.25 +37 48 43.45 49966  51 1 1
14 26 22.97 +37 54 01.91 51264  45 1 1
14 26 32.62 +37 50 12.66 50299  42 1 1
14 26 36.79 +38 08 27.89 50500  45 1 1
14 26 50.11 +37 51 18.11 49484  48 1 1
14 27 26.17 +63 14 02.76 41875  48 1 1
14 27 28.49 +38 10 42.56 51166  42 1 1
14 27 37.69 +38 40 21.97 49778  10 1 1
14 28 25.91 +63 34 35.72 41410  45 1 1
14 28 38.89 +63 32 07.26 41431  30 1 1
14 29 55.28 +31 31 04.48 38974  08 1 1
14 30 20.70 +64 35 58.16 41602  07 1 1
14 31 15.66 +31 59 53.34 38964  48 1 1
14 31 18.78 +31 26 57.01 39848  42 1 1
14 31 38.39 +32 04 34.54 39048  42 1 1
14 31 49.62 +64 15 25.02 41584  06 1 1
14 32 16.38 +31 40 38.35 38808 279 1 1
14 32 18.56 +31 47 01.57 39162  45 1 1
14 32 24.04 +31 15 59.80 39516  42 1 1
14 32 29.80 +31 45 02.48 39018  45 1 1
14 32 34.83 +31 43 47.10 39558  51 1 1
14 32 37.29 +31 38 59.96 39540  42 1 1
14 32 39.81 +31 36 41.98 39492  54 1 1
14 32 42.62 +31 30 04.68 39165  45 1 1
14 32 43.59 +31 36 14.72 39525  54 1 1
14 32 45.75 +31 34 40.91 40601  48 1 1
14 32 46.83 +31 07 02.39 39486  48 1 1
14 32 51.62 +31 29 45.28 39198  39 1 1
14 33 03.61 +31 33 53.96 39621  48 1 1
14 33 30.42 +31 57 43.24 39785  51 1 1
14 33 37.23 +31 40 52.00 39644  39 1 1
14 33 41.28 +31 39 46.04 39270  42 1 1
14 50 14.37 +14 33 51.59 43191  45 1 1
14 50 30.97 +14 31 36.16 43179  42 1 1
14 50 35.66 +14 32 52.08 43833  45 1 1
14 50 43.02 +14 37 18.95 43185  42 1 1
14 50 57.18 +14 39 11.92 43737  42 1 1
14 50 57.51 +14 37 16.07 43716  45 1 1
14 51 03.75 +14 36 25.06 44198  57 1 1
14 51 14.51 +14 38 12.08 43434  48 1 1
14 59 38.03 +21 38 18.71 45233  48 1 1
14 59 50.32 +21 43 13.19 46726  45 1 1
15 00 09.03 +21 39 25.92 45068  30 1 1
15 00 15.73 +21 24 06.23 44774  48 1 1
15 00 45.78 +21 05 10.43 46540  30 1 1
15 00 50.29 +21 26 10.18 45421  48 1 1
15 01 10.88 +21 09 25.78 45038  30 1 1
15 04 07.51 -02 48 16.56 65001 306 1 1
15 08 27.41 +33 24 25.52 33844  27 1 1
15 08 51.60 +33 30 57.96 35324  60 1 1
15 09 03.61 +33 49 47.86 33583  39 1 1
15 09 05.25 +33 47 10.93 33367  42 1 1
15 09 07.53 +33 22 12.47 33106  30 1 1
15 09 10.01 +33 22 19.42 33250  45 1 1
15 09 10.92 +33 37 39.32 34947  39 1 1
15 09 20.69 +33 33 52.38 32707  54 1 1
15 09 28.33 +33 25 09.37 35076  48 1 1
15 09 29.14 +33 14 34.22 33451  42 1 1
15 09 29.74 +33 29 09.67 34563  45 1 1
15 09 30.84 +33 24 14.29 35241  48 1 1
15 09 35.26 +33 25 54.26 33427  42 1 1
15 09 37.04 +33 27 37.19 35843  45 1 1
15 09 40.19 +33 30 40.36 35762  45 1 1
15 09 43.27 +33 26 44.70 33622  42 1 1
15 09 43.40 +33 16 52.72 34122  48 1 1
15 09 44.60 +33 38 01.50 32429  45 1 1
15 09 45.76 +33 15 27.68 33682  51 1 1
15 09 47.32 +33 27 46.94 35810  45 1 1
15 09 50.04 +33 40 06.06 34938  39 1 1
15 09 50.20 +33 41 29.26 33397  45 1 1
15 09 50.38 +33 34 15.92 32378  39 1 1
15 09 51.42 +33 09 55.94 33469  45 1 1
15 09 53.69 +33 26 16.73 31847  45 1 1
15 09 55.30 +33 29 10.97 35205  42 1 1
15 09 56.24 +33 27 07.88 35711  48 1 1
15 09 57.23 +33 22 00.73 33640  48 1 1
15 09 57.29 +33 10 30.36 33250  51 1 1
15 09 57.38 +33 27 15.01 35133  54 1 1
15 09 58.60 +33 28 25.00 32539  45 1 1
15 09 58.74 +33 25 48.04 35372  48 1 1
15 09 59.75 +33 27 46.12 33043  51 1 1
15 10 00.02 +33 24 02.74 35064  42 1 1
15 10 00.78 +33 15 05.29 33085  54 1 1
15 10 00.80 +33 30 50.18 32695  48 1 1
15 10 01.53 +33 23 59.42 33274  54 1 1
15 10 02.18 +33 32 16.69 32689  45 1 1
15 10 04.13 +33 28 23.45 32710  48 1 1
15 10 04.97 +33 32 33.14 35387  45 1 1
15 10 11.42 +33 29 54.17 32542  48 1 1
15 10 12.01 +33 33 22.36 35378  39 1 1
15 10 12.71 +33 29 32.96 34263  51 1 1
15 10 12.79 +33 34 59.09 33885  42 1 1
15 10 14.58 +33 31 48.94 33733  39 1 1
15 10 15.06 +33 23 14.46 33217  48 1 1
15 10 17.80 +33 43 55.49 34077  45 1 1
15 10 18.43 +33 26 54.13 35486  42 1 1
15 10 19.20 +33 30 45.40 33930  42 1 1
15 10 20.11 +33 29 09.53 32557  57 1 1
15 10 20.33 +33 29 24.90 33079  57 1 1
15 10 21.27 +33 26 00.56 34968  45 1 1
15 10 21.32 +33 37 57.40 35840  42 1 1
15 10 21.55 +33 48 11.48 33739  45 1 1
15 10 23.34 +33 24 37.55 32530  39 1 1
15 10 23.68 +33 38 51.90 35750  48 1 1
15 10 24.17 +33 21 54.54 34449  42 1 1
15 10 24.33 +33 58 18.95 33736  42 1 1
15 10 25.66 +34 01 43.82 34050  39 1 1
15 10 26.55 +33 58 24.85 33682  42 1 1
15 10 27.55 +33 16 00.16 34824  45 1 1
15 10 27.64 +33 15 24.19 33307  36 1 1
15 10 27.85 +33 34 50.95 34206  42 1 1
15 10 29.82 +33 49 31.91 34149  39 1 1
15 10 37.54 +33 36 35.06 32641  48 1 1
15 10 40.80 +33 01 34.93 33802  27 1 1
15 10 41.12 +33 35 04.74 34233  51 1 1
15 10 41.34 +33 44 47.22 33805  30 1 1
15 10 43.52 +33 30 37.62 35888  48 1 1
15 10 46.19 +33 56 26.99 34194  45 1 1
15 10 47.98 +33 47 00.96 34041  39 1 1
15 10 51.64 +33 49 47.64 34428  51 1 1
15 10 52.10 +33 36 56.81 34893  39 1 1
15 10 53.53 +33 38 48.62 33430  51 1 1
15 10 58.04 +33 30 37.44 34080  42 1 1
15 11 00.35 +33 40 19.70 33358  39 1 1
15 11 03.16 +33 45 08.75 32845  39 1 1
15 11 04.25 +33 47 45.85 34017  60 1 1
15 11 08.17 +33 24 14.00 35100  45 1 1
15 11 21.90 +33 16 37.45 33700  48 1 1
15 11 32.11 +33 40 40.94 33454  48 1 1
15 12 03.11 +33 49 58.01 33924  45 1 1
15 12 40.74 +33 32 00.64 34017  57 1 1
15 14 09.22 +06 48 01.37 30262  06 1 1
15 14 18.83 -00 05 02.47 35900  42 1 1
15 15 01.66 +07 22 06.49 30483  03 1 1
15 15 08.26 +00 08 52.37 36314  42 1 1
15 15 13.09 +04 19 57.65 30746  08 1 1
15 15 25.52 +08 01 39.04 30699  06 1 1
15 15 31.63 +07 13 49.84 31152  07 1 1
15 15 45.07 +06 17 07.62 30434  06 1 1
15 15 58.99 +07 45 09.22 30464  10 1 1
15 15 59.04 -00 03 23.90 36281  45 1 1
15 16 02.71 +00 15 18.36 35301  39 1 1
15 16 03.33 +00 08 27.53 36647  48 1 1
15 16 03.56 +06 38 32.78 31106  06 1 1
15 16 04.15 +00 10 24.89 36500  39 1 1
15 16 04.21 +00 02 56.44 35450  48 1 1
15 16 05.61 +06 54 30.85 30682  15 1 1
15 16 07.37 +00 20 07.12 36137  51 1 1
15 16 08.06 +00 02 01.10 36416  39 1 1
15 16 09.53 +00 14 54.17 35624  48 1 1
15 16 10.44 +00 21 00.97 36299  42 1 1
15 16 12.12 +00 17 39.95 36068  39 1 1
15 16 14.17 +07 26 37.25 30742  08 1 1
15 16 14.81 +00 00 22.50 35852  42 1 1
15 16 15.11 +00 04 29.57 36017  51 1 1
15 16 15.30 -00 03 25.45 36281  36 1 1
15 16 15.63 +00 05 29.04 34704  45 1 1
15 16 16.10 +07 15 50.54 30941  07 1 1
15 16 17.09 +07 31 55.02 30730  06 1 1
15 16 19.00 +00 05 06.65 34359  51 1 1
15 16 19.92 +00 03 34.52 35169  51 1 1
15 16 23.49 +00 06 09.07 34584  48 1 1
15 16 23.79 +00 01 56.50 33787  45 1 1
15 16 24.59 -00 09 23.72 36416  42 1 1
15 16 25.45 +00 03 37.62 34983  42 1 1
15 16 26.18 +00 07 07.46 35022  33 1 1
15 16 26.35 -00 02 28.86 34266  27 1 1
15 16 26.38 +00 17 51.07 36014  48 1 1
15 16 27.53 -00 05 12.16 33583  27 1 1
15 16 28.12 +07 33 46.94 30785  08 1 1
15 16 28.26 +06 49 11.46 30717  03 1 1
15 16 29.26 +00 08 35.59 36029  48 1 1
15 16 29.72 +07 37 37.88 30736  08 1 1
15 16 31.54 +00 06 48.20 37729  39 1 1
15 16 33.56 +07 31 02.68 30692  04 1 1
15 16 34.77 +30 06 53.68 33993  04 1 1
15 16 38.00 +00 07 18.73 36167  48 1 1
15 16 40.19 -00 04 04.84 35609  12 1 1
15 16 40.29 +29 30 34.27 34113  06 1 1
15 16 46.09 +07 10 47.17 31112  06 1 1
15 16 48.29 +06 31 45.26 30838  07 1 1
15 16 48.96 +06 13 24.49 30699  33 1 1
15 16 49.46 -00 01 35.04 36410  42 1 1
15 16 54.16 +06 31 46.52 31020  03 1 1
15 16 54.29 +07 21 11.88 30582  03 1 1
15 16 55.04 +06 35 07.51 30915  05 1 1
15 16 55.69 +05 47 31.16 30909  02 1 1
15 17 03.98 +08 06 51.88 30747  05 1 1
15 17 07.72 +28 53 54.89 34382  09 1 1
15 17 09.57 +00 07 44.76 35660  48 1 1
15 17 09.75 +00 12 24.05 36260  42 1 1
15 17 09.77 +07 07 46.20 30796  07 1 1
15 17 11.22 +05 36 00.54 30787  07 1 1
15 17 11.90 +00 15 56.45 35594  48 1 1
15 17 13.25 +00 09 19.66 35543  45 1 1
15 17 14.50 +29 55 08.08 33820  09 1 1
15 17 16.26 -00 16 24.06 35666  45 1 1
15 17 19.04 +06 17 02.36 30768  84 1 1
15 17 22.77 +06 56 35.88 30665  02 1 1
15 17 22.86 -00 03 00.86 35807  48 1 1
15 17 31.51 +29 03 08.06 34270  06 1 1
15 17 38.54 +04 44 47.26 30489  04 1 1
15 17 39.22 +28 55 58.33 34185  05 1 1
15 17 39.27 +04 37 59.77 30533  08 1 1
15 17 40.63 +06 20 40.52 30804  42 1 1
15 17 45.99 +04 47 07.80 30570  07 1 1
15 17 45.99 +07 09 13.79 30334  03 1 1
15 17 46.86 +05 06 44.96 30791  03 1 1
15 17 48.81 +04 59 49.49 30382  03 1 1
15 17 49.13 +28 31 58.58 34267  07 1 1
15 17 51.46 +28 49 26.15 33944  08 1 1
15 17 59.55 +28 49 24.35 34092  06 1 1
15 18 01.32 +29 15 04.82 33930  09 1 1
15 18 03.04 +05 04 33.13 30416  07 1 1
15 18 04.29 +29 17 35.92 34435  08 1 1
15 18 10.44 +06 22 34.86 29778  45 1 1
15 18 11.61 +28 35 32.89 33844  07 1 1
15 18 12.09 +07 03 53.24 30502  07 1 1
15 18 12.65 +06 23 28.21 29796  48 1 1
15 18 15.79 +06 12 19.94 29407  27 1 1
15 18 17.42 +28 58 23.30 33985  04 1 1
15 18 17.67 +05 18 34.06 30806  05 1 1
15 18 17.70 +06 15 08.93 28954  42 1 1
15 18 18.87 +06 28 37.09 31679  42 1 1
15 18 21.52 +05 17 04.96 30862  04 1 1
15 18 22.94 +06 19 45.48 29338  60 1 1
15 18 23.26 +05 12 17.46 30360  05 1 1
15 18 24.14 +05 22 21.43 30336  06 1 1
15 18 24.30 +05 39 06.55 30337  08 1 1
15 18 24.59 +06 12 50.11 29592 276 1 1
15 18 25.42 +06 48 12.13 30693  08 1 1
15 18 26.62 +05 59 30.05 31328  54 1 1
15 18 27.46 +05 11 42.58 30358  06 1 1
15 18 27.86 +05 38 15.79 30622  05 1 1
15 18 27.96 +05 40 45.48 30376  07 1 1
15 18 30.60 +06 19 58.91 31286  48 1 1
15 18 31.46 +30 06 34.06 33920  10 1 1
15 18 33.21 +06 08 41.35 29769  42 1 1
15 18 34.47 +06 17 26.48 30312  42 1 1
15 18 34.53 +05 34 08.26 30656  04 1 1
15 18 34.84 +06 13 03.90 30645  42 1 1
15 18 36.15 +06 25 51.96 31763  42 1 1
15 18 36.26 +05 51 23.40 31172  48 1 1
15 18 36.39 +04 49 29.78 30476  03 1 1
15 18 36.47 +05 41 56.98 30102  45 1 1
15 18 36.94 +06 04 32.45 30762  42 1 1
15 18 36.99 +05 56 31.20 30567  51 1 1
15 18 38.29 +05 12 01.76 30429  06 1 1
15 18 40.58 +06 14 18.10 30930  54 1 1
15 18 41.81 +06 20 49.02 30183  39 1 1
15 18 42.92 +04 16 08.80 30560  08 1 1
15 18 43.56 +28 40 11.93 34008  06 1 1
15 18 44.89 +28 53 51.18 34000  03 1 1
15 18 45.72 +06 13 56.10 30618  60 1 1
15 18 46.12 +06 00 40.28 31160  48 1 1
15 18 46.44 +08 04 12.97 30764  06 1 1
15 18 47.42 +06 17 01.25 31295  42 1 1
15 18 48.77 +28 54 53.50 34087  10 1 1
15 18 48.84 +06 10 37.42 29853  39 1 1
15 18 49.06 +04 34 42.85 30280  08 1 1
15 18 49.75 +04 37 22.22 30416  10 1 1
15 18 52.74 +06 21 01.44 32129  42 1 1
15 18 53.54 +06 15 35.35 31172  39 1 1
15 18 54.00 +04 55 30.43 30732  10 1 1
15 18 54.54 +06 16 56.46 31526  36 1 1
15 18 57.67 +06 11 51.94 30834  45 1 1
15 18 58.73 +06 09 16.13 30444  39 1 1
15 18 58.89 +06 15 51.26 31388  42 1 1
15 18 59.47 +06 04 56.57 30246  51 1 1
15 19 00.52 +07 05 27.74 31086  03 1 1
15 19 01.17 +05 43 20.35 29916  33 1 1
15 19 01.43 +06 50 11.36 31114  04 1 1
15 19 02.07 +04 41 36.24 30346  03 1 1
15 19 02.82 +29 00 59.98 34266  12 1 1
15 19 03.69 +06 52 03.32 30856  12 1 1
15 19 04.50 +06 34 26.44 30345  45 1 1
15 19 04.95 +06 37 50.48 30408  45 1 1
15 19 05.04 +05 58 50.92 30495  39 1 1
15 19 06.60 +30 08 46.43 33831  09 1 1
15 19 07.72 +04 39 53.78 30462  03 1 1
15 19 09.69 +05 11 40.92 30500  05 1 1
15 19 11.70 +07 13 51.10 30924  05 1 1
15 19 12.75 +05 57 35.03 30582  45 1 1
15 19 13.39 +05 56 40.60 30651  45 1 1
15 19 13.77 +06 52 51.85 30764  12 1 1
15 19 16.32 +06 00 05.76 29853  57 1 1
15 19 17.14 +05 58 03.25 30309  45 1 1
15 19 17.50 +06 01 14.09 30363  27 1 1
15 19 18.07 +05 50 34.48 30450  42 1 1
15 19 19.69 +04 52 30.18 30341  06 1 1
15 19 20.56 +05 36 24.30 30709  09 1 1
15 19 23.37 +30 38 03.98 33827  03 1 1
15 19 24.72 +06 13 47.78 29446  42 1 1
15 19 24.95 +04 21 39.71 30516  03 1 1
15 19 25.02 +30 33 26.21 33916  06 1 1
15 19 25.12 +06 47 47.15 31296  05 1 1
15 19 25.40 +29 53 04.63 34418  11 1 1
15 19 26.34 +29 51 49.61 35041  05 1 1
15 19 28.50 +05 30 47.02 30914  06 1 1
15 19 29.21 +06 37 47.39 31232  42 1 1
15 19 29.48 +07 04 47.93 30955  07 1 1
15 19 30.32 +04 42 17.42 30567  07 1 1
15 19 30.63 +07 09 25.02 31039  07 1 1
15 19 32.69 +05 30 51.84 30844  07 1 1
15 19 32.85 +05 13 56.14 30572  02 1 1
15 19 33.57 +04 38 16.51 30733  07 1 1
15 19 33.73 +04 20 16.73 30613  05 1 1
15 19 34.43 +05 44 18.92 30951  39 1 1
15 19 35.27 +05 37 59.02 31051  10 1 1
15 19 40.81 +30 14 27.20 34923  14 1 1
15 19 41.36 +06 08 39.59 29853  48 1 1
15 19 42.77 +30 11 39.59 34141  05 1 1
15 19 44.62 +30 13 52.57 34881  10 1 1
15 19 44.99 +04 33 18.54 30198  07 1 1
15 19 47.40 +28 53 57.08 33969  14 1 1
15 19 51.18 +04 19 16.82 30723  07 1 1
15 19 56.05 +04 32 58.34 30819  07 1 1
15 20 00.88 +04 12 06.70 30627  06 1 1
15 20 01.09 +29 45 18.47 35136  10 1 1
15 20 02.07 +05 02 48.01 30633  06 1 1
15 20 02.50 +04 39 18.47 31018  02 1 1
15 20 02.93 +06 33 09.50 31220  39 1 1
15 20 04.70 +05 18 34.63 30743  05 1 1
15 20 05.86 +05 16 44.80 30441  11 1 1
15 20 12.32 +05 17 26.52 30676  05 1 1
15 20 14.27 +29 43 59.34 34440  08 1 1
15 20 14.66 +05 04 17.44 30817  03 1 1
15 20 17.24 +05 09 23.26 30173  07 1 1
15 20 17.99 +05 13 35.36 30447  06 1 1
15 20 20.97 +29 43 39.18 35000  10 1 1
15 20 22.95 +05 11 13.81 30427  08 1 1
15 20 24.00 +04 42 54.14 30474  02 1 1
15 20 25.54 +05 13 56.17 30647  10 1 1
15 20 38.68 +05 05 28.43 30885  07 1 1
15 20 41.22 +05 52 32.66 30821  04 1 1
15 20 41.58 +06 10 29.42 31106  54 1 1
15 20 42.04 +31 09 44.89 34112  05 1 1
15 20 42.81 +05 04 08.47 30784  03 1 1
15 20 43.43 +30 06 27.54 34718  09 1 1
15 20 43.79 +06 08 12.70 30531  42 1 1
15 20 44.47 +04 47 17.16 30908  02 1 1
15 20 46.96 +29 38 02.76 34926  11 1 1
15 20 48.18 +31 09 19.12 34055  07 1 1
15 20 48.50 +05 03 35.53 30722  06 1 1
15 20 52.80 +29 02 57.52 33628  06 1 1
15 20 56.09 +31 30 20.48 34229  11 1 1
15 20 56.91 +30 14 46.07 34820  07 1 1
15 20 57.42 +04 45 52.88 30793  04 1 1
15 20 58.32 +05 04 23.30 30608  07 1 1
15 20 58.59 +29 07 43.86 33522  08 1 1
15 20 59.51 +05 54 23.51 30991  02 1 1
15 21 00.10 +05 25 53.51 30442  03 1 1
15 21 03.47 +29 16 28.52 34709  10 1 1
15 21 03.84 +29 17 56.51 34490  07 1 1
15 21 04.66 +05 26 19.57 30332  02 1 1
15 21 04.89 +29 25 24.28 33728  07 1 1
15 21 05.71 +29 06 44.68 35178  11 1 1
15 21 09.51 +05 28 40.15 30490  02 1 1
15 21 10.55 +29 46 17.00 34916  10 1 1
15 21 10.95 +29 26 45.02 33223  08 1 1
15 21 12.60 +04 42 14.29 30666  03 1 1
15 21 12.90 +29 24 53.21 33719  07 1 1
15 21 15.91 +04 30 01.80 30710  09 1 1
15 21 16.17 +05 01 54.59 30655  08 1 1
15 21 19.14 +29 30 29.56 34364  10 1 1
15 21 20.52 +29 06 26.39 33597  09 1 1
15 21 29.42 +29 20 50.75 34377  10 1 1
15 21 29.59 +29 27 27.25 34533  10 1 1
15 21 30.75 +29 53 06.36 35042  08 1 1
15 21 31.39 +28 59 52.55 34194  07 1 1
15 21 32.53 +29 19 18.08 33984  06 1 1
15 21 33.27 +29 02 41.39 33314  08 1 1
15 21 33.42 +29 08 33.47 34901  12 1 1
15 21 34.33 +29 04 25.43 33614  08 1 1
15 21 36.97 +29 24 18.83 33730  09 1 1
15 21 37.88 +29 40 33.56 33860  05 1 1
15 21 39.99 +30 30 20.59 34502  07 1 1
15 21 40.83 +29 31 44.76 34073  08 1 1
15 21 41.49 +29 15 22.97 34144  09 1 1
15 21 43.43 +29 28 10.78 33844  08 1 1
15 21 43.63 +29 57 21.31 35082  48 1 1
15 21 45.01 +29 17 59.53 33846  07 1 1
15 21 45.46 +29 07 52.61 33865  07 1 1
15 21 45.52 +29 42 56.23 34788  09 1 1
15 21 47.60 +29 40 06.06 34209  13 1 1
15 21 50.80 +04 24 12.24 30624  06 1 1
15 21 52.14 +29 04 24.31 33743  07 1 1
15 21 55.04 +29 44 43.30 34353  45 1 1
15 21 55.19 +29 47 27.82 33981  45 1 1
15 21 58.02 +31 32 23.64 33794  03 1 1
15 22 00.78 +29 12 47.16 33810  09 1 1
15 22 00.86 +28 53 59.21 33703  05 1 1
15 22 02.65 +05 16 54.48 30395  04 1 1
15 22 04.51 +05 56 02.26 30796  07 1 1
15 22 04.59 +29 28 22.91 34139  10 1 1
15 22 05.23 +29 08 47.83 33477  09 1 1
15 22 05.51 +30 16 44.15 33279  30 1 1
15 22 06.30 +29 03 58.97 34883  02 1 1
15 22 06.90 +06 15 32.69 30872  07 1 1
15 22 07.47 +06 02 04.06 31063  06 1 1
15 22 07.62 +29 16 31.15 33644  07 1 1
15 22 07.96 +29 58 03.61 34947  45 1 1
15 22 11.85 +31 13 33.53 34192  08 1 1
15 22 12.43 +31 02 16.91 34283  03 1 1
15 22 14.03 +29 50 32.57 34560  51 1 1
15 22 15.29 +29 48 40.50 35118  48 1 1
15 22 15.33 +29 29 01.57 34972  06 1 1
15 22 16.91 +29 25 20.86 34530  05 1 1
15 22 18.15 +31 02 32.17 33906  05 1 1
15 22 18.87 +30 20 55.10 34794  04 1 1
15 22 18.97 +29 53 33.47 34968  48 1 1
15 22 19.33 +29 48 25.67 34782  45 1 1
15 22 20.09 +29 19 10.81 33145  06 1 1
15 22 21.97 +29 04 21.22 34237  15 1 1
15 22 24.35 +28 51 09.83 34113  03 1 1
15 22 28.45 +30 03 47.63 33969  42 1 1
15 22 33.26 +29 02 11.33 33268  05 1 1
15 22 33.26 +29 54 28.30 33793  42 1 1
15 22 33.72 +30 02 41.82 34002  39 1 1
15 22 34.42 +29 01 07.50 33247  07 1 1
15 22 34.46 +05 57 41.36 31032  02 1 1
15 22 35.02 +05 58 54.23 30553  06 1 1
15 22 35.47 +29 59 24.76 32662  51 1 1
15 22 36.86 +29 10 35.47 33535  10 1 1
15 22 38.56 +29 52 17.62 34830  45 1 1
15 22 39.52 +29 12 43.99 33926  08 1 1
15 22 41.14 +29 51 59.76 32962  39 1 1
15 22 41.24 +06 57 53.42 30761  02 1 1
15 22 41.37 +30 50 04.16 33543  08 1 1
15 22 42.61 +30 01 16.18 33942  39 1 1
15 22 43.84 +29 58 08.22 33400  42 1 1
15 22 44.33 +31 30 48.92 34275  06 1 1
15 22 46.97 +05 53 30.62 30863  09 1 1
15 22 49.36 +29 25 42.85 32908  12 1 1
15 22 50.11 +29 26 07.19 35029  07 1 1
15 22 50.22 +04 49 58.84 30978  08 1 1
15 22 51.53 +30 28 45.55 34873  09 1 1
15 22 56.63 +29 45 54.36 34017  42 1 1
15 23 01.89 +30 06 13.25 35321  36 1 1
15 23 05.09 +05 58 02.93 30747  08 1 1
15 23 07.06 +05 47 26.45 30233  04 1 1
15 23 07.45 +29 56 01.61 33706  42 1 1
15 23 07.49 +29 59 38.58 33343  39 1 1
15 23 09.44 +31 22 30.32 34423  04 1 1
15 23 09.74 +29 34 47.89 33811  51 1 1
15 23 10.17 +29 16 30.61 33682  06 1 1
15 23 11.10 +31 38 47.65 34233  10 1 1
15 23 11.36 +31 01 02.39 34139  07 1 1
15 23 13.97 +29 53 36.60 33763  42 1 1
15 23 14.60 +30 57 33.62 33941  06 1 1
15 23 17.48 +29 56 16.30 34689  48 1 1
15 23 18.94 +30 51 35.82 34291  07 1 1
15 23 20.28 +29 02 22.06 33941  04 1 1
15 23 21.09 +29 57 48.10 34002  36 1 1
15 23 21.87 +30 56 07.37 33374  07 1 1
15 23 22.41 +30 03 19.48 33427  48 1 1
15 23 23.48 +29 59 19.43 33361  48 1 1
15 23 23.70 +29 04 30.47 33663  03 1 1
15 23 27.74 +30 01 14.41 33229  45 1 1
15 23 28.73 +29 41 11.54 33676  48 1 1
15 23 28.90 +31 37 34.14 34080  10 1 1
15 23 29.92 +29 52 06.53 34203  42 1 1
15 23 29.93 +29 47 21.52 32659  48 1 1
15 23 30.05 +30 21 10.62 32920  60 1 1
15 23 30.06 +31 37 45.91 34252  03 1 1
15 23 30.29 +05 11 34.62 30528  04 1 1
15 23 31.31 +30 37 41.99 33438  10 1 1
15 23 32.63 +30 54 11.95 33326  08 1 1
15 23 32.72 +29 59 16.22 35828  42 1 1
15 23 34.11 +29 25 07.68 32884  30 1 1
15 23 37.28 +31 33 15.08 34167  08 1 1
15 23 39.73 +30 52 01.31 34663  07 1 1
15 23 39.86 +29 33 49.43 31973  27 1 1
15 23 41.40 +29 59 56.80 32473  42 1 1
15 23 42.95 +29 54 50.04 34974  42 1 1
15 23 43.32 +29 55 36.70 33508  42 1 1
15 23 45.26 +29 46 40.80 32381  42 1 1
15 23 45.63 +29 59 52.30 32458  39 1 1
15 23 45.69 +29 44 35.30 33253  42 1 1
15 23 48.05 +29 49 20.35 32225  33 1 1
15 23 48.19 +29 56 57.01 33733  42 1 1
15 23 48.45 +29 55 38.10 35327  45 1 1
15 23 48.75 +29 37 29.89 32572  42 1 1
15 23 48.77 +31 37 04.22 34157  05 1 1
15 23 48.83 +29 37 57.43 32449  48 1 1
15 23 49.72 +29 58 35.90 35238  42 1 1
15 23 51.00 +06 37 03.25 30682  07 1 1
15 23 51.27 +29 59 45.24 34566  39 1 1
15 23 51.59 +29 54 55.62 33220  48 1 1
15 23 51.62 +29 49 19.63 34473  45 1 1
15 23 51.83 +30 17 32.78 34986  45 1 1
15 23 52.85 +29 50 07.69 35052  39 1 1
15 23 53.27 +29 33 04.00 34230  51 1 1
15 23 53.73 +29 50 19.39 34107  39 1 1
15 23 54.36 +29 54 28.22 33697  48 1 1
15 23 54.51 +05 05 12.66 30512  07 1 1
15 23 54.64 +29 38 41.10 32330  42 1 1
15 23 55.41 +29 44 41.21 33607  51 1 1
15 23 58.28 +29 54 20.81 33172  51 1 1
15 23 58.59 +29 59 36.31 33298  18 1 1
15 23 58.91 +05 43 02.32 30895  02 1 1
15 23 59.21 +29 37 16.18 36593  39 1 1
15 23 59.89 +29 11 55.32 33693  07 1 1
15 24 00.41 +30 41 25.40 34358  11 1 1
15 24 00.71 +31 23 25.91 34151  10 1 1
15 24 01.73 +29 46 42.92 34128  42 1 1
15 24 02.13 +29 54 21.96 33900  42 1 1
15 24 02.59 +29 54 23.22 32563  51 1 1
15 24 02.94 +29 57 38.20 34491  51 1 1
15 24 03.46 +29 50 16.33 32219  39 1 1
15 24 03.78 +29 56 08.56 33532  48 1 1
15 24 06.10 +29 59 13.06 34404  42 1 1
15 24 06.64 +29 37 41.88 36374  36 1 1
15 24 06.93 +29 49 35.26 35468 279 1 1
15 24 06.95 +31 38 06.68 34117  03 1 1
15 24 07.42 +29 53 20.33 34035  54 1 1
15 24 08.43 +29 52 55.49 34164  57 1 1
15 24 09.90 +29 56 10.75 35906  45 1 1
15 24 10.47 +29 51 49.10 33688  45 1 1
15 24 11.32 +29 49 39.11 34788  45 1 1
15 24 11.38 +29 12 20.48 33912  05 1 1
15 24 13.98 +29 52 09.01 35480  39 1 1
15 24 15.70 +29 45 10.66 33130  45 1 1
15 24 16.98 +29 52 40.69 35876  39 1 1
15 24 21.34 +29 46 42.78 36350  60 1 1
15 24 21.88 +29 44 39.26 33286  42 1 1
15 24 22.81 +30 22 57.83 33526  45 1 1
15 24 22.94 +29 49 07.07 35321  48 1 1
15 24 23.36 +29 43 04.15 32372  36 1 1
15 24 23.76 +29 54 51.30 34074  48 1 1
15 24 26.94 +30 13 50.77 34011  45 1 1
15 24 28.29 +29 49 56.96 36494  36 1 1
15 24 28.97 +29 52 29.64 33310  45 1 1
15 24 30.56 +29 32 40.74 33730  42 1 1
15 24 31.44 +31 05 55.21 33961  07 1 1
15 24 32.37 +29 34 35.04 33157  39 1 1
15 24 32.95 +29 49 21.83 32914  57 1 1
15 24 33.98 +29 29 26.84 33996  36 1 1
15 24 35.54 +29 51 33.52 35456  42 1 1
15 24 35.85 +29 53 07.58 36155  63 1 1
15 24 37.12 +29 44 47.40 33580  45 1 1
15 24 37.47 +30 24 16.34 34971  42 1 1
15 24 37.69 +31 28 51.78 33884  10 1 1
15 24 39.01 +29 50 47.76 33175  30 1 1
15 24 39.50 +29 42 30.10 35031  42 1 1
15 24 40.27 +29 49 48.83 33046  45 1 1
15 24 42.68 +29 36 42.98 35226  45 1 1
15 24 43.17 +29 46 17.76 32408  39 1 1
15 24 43.69 +29 48 55.01 35549  42 1 1
15 24 44.26 +29 49 11.24 32503  45 1 1
15 24 46.31 +30 40 15.06 34304  08 1 1
15 24 46.49 +29 37 24.67 34173  39 1 1
15 24 48.19 +29 34 57.29 33604  39 1 1
15 24 50.28 +29 41 17.52 33924  45 1 1
15 24 54.41 +29 30 06.80 34137  36 1 1
15 24 58.47 +30 11 57.34 34707  18 1 1
15 24 59.45 +29 33 59.15 33274  39 1 1
15 25 05.34 +30 07 05.99 32800  54 1 1
15 25 05.73 +29 40 12.43 33403  54 1 1
15 25 08.38 +30 12 47.56 34074  45 1 1
15 25 09.46 +31 44 30.34 33971  07 1 1
15 25 12.04 +29 49 28.96 34305  45 1 1
15 25 15.70 +29 38 55.61 33382  42 1 1
15 25 17.97 +30 20 19.10 34146  42 1 1
15 25 18.16 +30 38 31.06 33229  07 1 1
15 25 28.44 +29 33 47.12 32905  54 1 1
15 25 28.56 +29 30 02.16 33787  57 1 1
15 25 35.70 +31 19 45.88 33848  07 1 1
15 25 41.38 +29 48 15.80 35214  39 1 1
15 25 44.85 +29 41 51.25 33598  42 1 1
15 25 47.15 +28 52 58.73 34714  02 1 1
15 25 47.51 +29 44 56.62 34917  45 1 1
15 25 47.77 +29 34 13.94 34797  42 1 1
15 25 47.91 +29 40 54.01 35399  42 1 1
15 25 48.39 +30 24 49.79 33647  02 1 1
15 25 49.71 +29 34 20.24 34962  45 1 1
15 25 54.54 +29 40 44.72 35555  42 1 1
15 26 11.81 +29 39 04.68 34968  60 1 1
15 26 19.31 +29 39 22.86 34337  07 1 1
15 26 23.95 +06 03 46.73 30539  05 1 1
15 26 25.48 +29 31 55.34 34794  10 1 1
15 26 28.86 +29 30 47.74 34450  10 1 1
15 26 32.81 +31 18 31.18 34155  08 1 1
15 26 35.86 +31 11 45.46 34461  13 1 1
15 26 38.22 +29 51 45.47 34578  07 1 1
15 26 40.24 +30 02 53.45 34586  05 1 1
15 26 40.53 +29 37 22.12 33717  05 1 1
15 26 47.79 +29 41 15.90 34831  13 1 1
15 26 48.71 +29 53 41.24 33092  11 1 1
15 26 50.80 +29 59 49.74 34567  13 1 1
15 26 56.80 +29 42 38.63 35487  09 1 1
15 26 57.96 +29 38 46.61 34461  08 1 1
15 26 58.45 +29 37 36.73 34488  07 1 1
15 26 59.66 +30 24 33.05 33709  04 1 1
15 27 00.18 +29 41 32.96 34641  06 1 1
15 27 01.04 +31 22 06.74 34027  07 1 1
15 27 02.61 +30 31 12.40 33865  03 1 1
15 27 03.51 +29 37 53.90 34512  06 1 1
15 27 05.70 +29 39 25.20 34569  12 1 1
15 27 08.47 +29 23 03.84 34384  07 1 1
15 27 15.37 +29 33 00.14 33423  12 1 1
15 27 20.13 +29 45 50.15 34430  11 1 1
15 27 22.75 +30 18 02.12 33897  07 1 1
15 27 24.17 +29 39 02.99 33601  10 1 1
15 27 25.02 +29 36 31.97 33889  08 1 1
15 27 31.83 +29 06 04.18 34696  04 1 1
15 27 34.94 +29 32 59.75 33376  08 1 1
15 27 39.61 +29 36 39.96 34545  15 1 1
15 27 48.90 +29 25 13.94 34070  10 1 1
15 27 54.13 +29 30 20.05 33710  07 1 1
15 28 03.29 +29 27 02.34 34332  02 1 1
15 28 14.29 +29 50 51.36 34139  09 1 1
15 28 16.89 +29 30 25.63 33903  08 1 1
15 28 24.35 +29 33 11.09 34022  09 1 1
15 28 27.70 +29 35 53.84 34496  03 1 1
15 28 39.28 +29 51 02.99 34015  13 1 1
15 28 44.22 +29 32 36.31 34225  08 1 1
15 28 44.44 +29 27 21.10 34320  15 1 1
15 28 44.63 +31 23 30.52 34082  05 1 1
15 28 47.27 +30 13 29.64 33908  08 1 1
15 29 08.16 +30 37 52.36 34121  07 1 1
15 29 21.01 +30 36 47.09 34353  07 1 1
15 29 32.12 +30 41 03.77 34118  07 1 1
15 29 35.50 +29 50 38.04 34090  09 1 1
15 29 37.01 +29 14 00.13 33843  06 1 1
15 29 40.15 +29 11 20.62 34082  10 1 1
15 29 40.60 +30 46 30.50 34356  09 1 1
15 29 44.60 +29 31 20.46 33855  04 1 1
15 29 45.03 +29 09 18.25 34231  07 1 1
15 29 45.60 +30 42 35.64 34118  07 1 1
15 29 47.76 +30 36 53.39 33909  10 1 1
15 29 48.94 +29 12 04.75 34385  12 1 1
15 29 49.60 +30 43 54.37 34125  09 1 1
15 30 03.40 +30 45 14.40 34374  08 1 1
15 30 07.56 +29 30 54.76 33860  06 1 1
15 30 10.22 +29 30 25.20 34359  04 1 1
15 30 15.65 +29 47 09.13 34303  05 1 1
15 30 21.69 +29 43 11.60 34280  03 1 1
15 30 22.69 +30 44 53.66 34183  07 1 1
15 30 24.49 +31 02 34.19 33889  03 1 1
15 30 24.98 +30 47 38.65 34440  02 1 1
15 30 39.58 +29 35 17.66 33960  10 1 1
15 30 55.26 +29 37 54.26 34185  11 1 1
15 30 57.75 +29 26 06.68 34195  07 1 1
15 31 46.48 +29 19 32.66 34107  07 1 1
16 22 55.98 +41 13 53.47 54685  33 1 1
16 23 48.16 +41 10 10.38 54577  48 1 1
16 24 10.66 +41 16 33.17 56382  51 1 1
16 24 12.45 +41 14 58.60 54562  66 1 1
16 24 23.34 +41 15 36.58 53516  57 1 1
16 25 28.27 +41 19 42.46 54508  60 1 1
16 26 25.68 +41 35 25.73 54815  09 1 1
16 38 46.77 +46 51 43.70 67378  36 1 1
16 39 02.49 +47 06 10.80 67597  48 1 1
16 39 15.38 +47 06 01.01 68359  51 1 1
16 39 37.91 +47 02 30.98 68976  57 1 1
16 39 53.75 +46 52 26.62 67534  57 1 1
16 39 54.53 +46 40 16.39 67615 222 2 1
16 39 55.54 +46 41 01.39 68946 117 2 1
16 39 56.69 +46 41 40.42 67402  96 2 1
16 39 56.76 +46 43 35.40 68245  87 2 1
16 39 59.26 +46 41 42.00 69555 249 2 1
16 39 59.66 +46 44 24.00 67681  84 2 1
16 40 01.63 +46 41 50.60 69021 198 2 1
16 40 02.78 +46 44 15.29 67204 198 2 1
16 40 03.19 +46 41 53.70 68023 153 2 1
16 40 03.36 +46 43 58.80 66980 108 2 1
16 40 03.50 +46 41 38.00 68236  93 2 1
16 40 03.91 +46 40 45.80 67996  84 2 1
16 40 04.06 +46 44 05.71 67483 144 2 1
16 40 04.10 +46 46 45.19 69423 243 2 1
16 40 04.39 +46 42 08.60 64785  93 2 1
16 40 04.92 +46 42 00.22 67906 135 2 1
16 40 05.15 +47 10 01.60 67492  45 1 1
16 40 05.93 +46 42 04.00 67489 156 2 1
16 40 06.19 +46 44 19.50 67738 105 2 1
16 40 06.72 +46 40 40.19 68595  69 2 1
16 40 07.15 +46 41 06.50 65556 156 2 1
16 40 07.27 +46 45 30.49 68481 105 2 1
16 40 08.81 +46 43 40.58 69612  60 2 1
16 40 09.12 +46 45 48.71 68317  93 2 1
16 40 09.14 +46 41 52.51 65019 132 2 1
16 40 09.17 +46 42 11.30 70703 108 2 1
16 40 09.65 +46 43 03.22 67774  81 2 1
16 40 10.20 +46 45 32.11 70238 144 2 1
16 40 10.63 +46 43 22.51 70211  84 2 1
16 40 11.47 +46 42 31.21 70823  90 2 1
16 40 11.58 +46 43 18.01 67654  84 2 1
16 40 12.53 +46 41 59.60 66638  63 2 1
16 40 12.55 +46 45 34.99 66656 129 2 1
16 40 12.74 +46 41 10.61 70175  63 2 1
16 40 12.90 +46 42 42.98 67453 210 2 1
16 40 13.18 +46 44 40.49 67153  66 2 1
16 40 13.80 +46 44 50.60 67066 141 2 1
16 40 14.26 +46 43 04.91 67588  84 2 1
16 40 14.35 +46 43 52.90 66044  93 2 1
16 40 14.42 +46 46 14.70 65166 117 2 1
16 40 14.64 +46 43 04.40 67438 162 2 1
16 40 15.70 +46 45 48.60 69168 144 2 1
16 40 15.93 +46 42 31.72 68410  84 2 1
16 40 16.10 +46 44 12.41 69564  78 2 1
16 40 16.20 +46 40 20.78 68335 111 2 1
16 40 16.66 +46 46 06.71 69540 186 2 1
16 40 16.68 +46 43 09.41 67936 255 2 1
16 40 16.97 +46 39 50.69 64662 186 2 1
16 40 17.18 +46 42 11.30 66800 147 2 1
16 40 17.95 +46 44 38.40 67744 108 2 1
16 40 18.19 +46 42 36.00 69246  96 2 1
16 40 19.13 +46 42 41.51 68556 168 2 1
16 40 19.25 +46 40 08.80 68589  51 2 1
16 40 19.39 +46 41 05.50 66974  90 2 1
16 40 19.81 +46 42 41.18 67258  72 2 1
16 40 19.97 +46 38 41.32 68679 105 2 1
16 40 20.57 +46 41 48.70 70232  51 2 1
16 40 20.70 +46 45 51.70 67345 141 2 1
16 40 21.50 +46 42 39.31 65490  99 2 1
16 40 21.86 +46 43 58.40 66947  75 2 1
16 40 21.89 +46 44 44.30 64698  60 2 1
16 40 21.96 +46 46 17.90 64878 108 2 1
16 40 22.08 +46 43 07.61 67528  96 2 1
16 40 22.20 +46 45 56.41 65624 123 2 1
16 40 22.80 +46 39 51.98 64953 174 2 1
16 40 22.90 +46 42 17.89 65517  84 2 1
16 40 23.40 +46 44 53.02 68326 180 2 1
16 40 23.60 +46 40 32.02 69603  75 2 1
16 40 23.66 +46 42 09.90 68577  84 2 1
16 40 23.70 +46 43 05.02 69672  84 2 1
16 40 23.80 +46 43 19.99 66377  60 2 1
16 40 23.88 +46 42 52.81 70109  42 1 1
16 40 24.55 +46 42 22.10 66053  78 2 1
16 40 24.79 +46 40 37.99 69885 150 2 1
16 40 25.39 +46 44 10.50 67633 153 2 1
16 40 25.54 +46 43 42.82 66347  69 2 1
16 40 25.87 +46 40 34.10 68026 144 2 1
16 40 26.64 +46 44 13.88 67489 111 2 1
16 40 26.95 +46 45 43.70 70934 234 2 1
16 40 27.65 +46 46 23.09 67813  93 2 1
16 40 28.30 +46 41 46.39 66767 105 2 1
16 40 28.55 +46 46 01.88 64437  45 1 1
16 40 29.35 +46 46 22.40 67825 111 2 1
16 40 30.70 +46 41 46.61 67255  72 2 1
16 40 31.87 +46 40 45.59 69096 141 2 1
16 40 32.99 +46 46 45.19 66722  45 1 1
16 40 33.00 +46 45 01.12 67759  81 2 1
16 40 33.29 +46 43 49.12 67462 114 2 1
16 40 33.74 +46 40 31.19 70574 174 2 1
16 40 34.25 +46 39 03.89 65714  96 2 1
16 40 35.11 +46 44 45.10 68703 159 2 1
16 40 35.62 +46 41 28.79 66629  93 2 1
16 40 36.14 +46 33 44.60 69798  42 1 1
16 40 36.41 +46 44 18.31 70142  78 2 1
16 40 37.94 +46 42 46.80 65550 135 2 1
16 40 38.45 +46 43 47.89 65813  78 2 1
16 40 38.57 +46 42 35.39 67300 171 2 1
16 40 39.36 +46 42 52.31 66992  84 2 1
16 40 39.72 +46 39 06.98 67564 102 2 1
16 40 39.86 +46 44 45.31 64911  81 2 1
16 40 41.11 +46 40 10.88 66389 234 2 1
16 40 41.74 +46 40 23.41 67195 153 2 1
16 40 42.74 +46 41 30.01 68625 201 2 1
16 40 42.82 +46 38 43.12 66854  21 2 1
16 40 43.46 +46 44 44.92 65828 156 2 1
16 40 44.42 +46 40 19.20 67996 147 2 1
16 40 45.62 +46 43 26.51 65783 153 2 1
16 40 48.00 +46 41 56.51 66938 195 2 1
16 40 56.72 +46 39 10.12 68044  48 1 1
16 41 08.17 +46 40 35.11 67165  48 1 1
16 41 09.14 +46 44 08.30 67375  42 1 1
16 41 14.25 +46 50 12.30 67516  45 1 1
17 14 14.45 +56 32 40.78 34228  08 1 1
17 14 18.41 +56 32 26.63 33861  06 1 1
17 16 27.33 +56 37 32.88 34104  42 1 1
17 16 30.67 +56 38 12.26 34557  48 1 1
17 16 46.85 +56 35 21.44 35001  45 1 1
17 16 56.37 +56 38 57.95 33978  36 1 1
17 17 11.29 +56 41 49.02 33232  45 1 1
17 17 13.00 +56 45 18.65 32899  57 1 1
17 17 13.27 +56 45 31.00 33064  48 1 1
17 17 24.56 +56 39 27.86 33736  51 1 1
17 17 26.19 +56 37 48.04 33996  48 1 1
17 17 35.04 +56 32 26.74 34542  42 1 1
17 17 35.18 +56 46 30.04 32995  39 1 1
17 17 47.52 +56 36 52.52 33691  45 1 1
17 17 52.95 +56 40 31.98 35271  42 1 1
17 17 53.38 +56 36 27.72 34281  42 1 1
17 18 03.71 +56 48 54.50 34116  51 1 1
17 18 07.64 +56 35 55.75 33094  57 1 1
17 18 11.93 +56 39 56.16 34152  45 1 1
17 18 14.93 +56 34 19.85 33939  54 1 1
17 18 26.36 +56 28 55.92 34164  48 1 1
17 18 42.42 +56 48 31.36 33975  42 1 1
17 18 50.81 +56 32 38.26 33667  42 1 1
17 18 52.46 +26 38 41.75 47540 144 1 1
17 18 57.62 +26 39 18.25 48487  23 1 1
17 18 58.39 +26 39 05.44 48277  44 1 1
17 19 01.10 +27 41 17.95 49295  51 1 1
17 19 02.24 +56 27 32.98 33046  39 1 1
17 19 02.36 +27 55 43.21 47715  30 1 1
17 19 03.27 +26 38 28.64 47652  65 1 1
17 19 03.68 +26 38 09.28 47452  81 1 1
17 19 09.03 +26 29 40.60 48404  45 1 1
17 19 09.38 +26 36 21.49 47676  25 1 1
17 19 12.18 +26 33 58.64 47392  27 1 1
17 19 12.76 +26 36 17.17 46666  31 1 1
17 19 12.98 +27 44 56.22 47406  51 1 1
17 19 16.83 +26 33 48.82 47381  28 1 1
17 19 17.78 +26 34 02.14 47506  54 1 1
17 19 17.88 +26 35 32.03 47797  21 1 1
17 19 18.08 +26 35 21.37 47707  27 1 1
17 19 19.03 +26 42 41.22 49363  51 1 1
17 19 20.58 +26 35 09.67 48881  40 1 1
17 19 20.65 +26 31 34.46 48961  21 1 1
17 19 21.12 +26 38 00.28 47050  32 1 1
17 19 21.31 +27 20 15.79 48545  36 1 1
17 19 21.72 +26 32 07.73 48358  41 1 1
17 19 22.18 +26 24 47.88 48457  33 1 1
17 19 23.06 +26 51 24.01 48436  80 1 1
17 19 23.19 +56 48 40.54 33349  36 1 1
17 19 24.22 +26 34 28.34 47979  46 1 1
17 19 24.52 +26 32 11.58 47248  19 1 1
17 19 25.59 +26 25 24.35 48713  25 1 1
17 19 25.81 +26 38 11.44 49313  18 1 1
17 19 26.65 +56 37 10.92 33721  45 1 1
17 19 29.58 +26 34 33.82 47622  35 1 1
17 19 32.29 +26 43 01.20 49446 174 1 1
17 19 32.42 +26 40 00.98 46793  28 1 1
17 19 32.43 +26 40 25.75 49682  40 1 1
17 19 32.98 +56 43 21.29 33082  39 1 1
17 19 33.66 +26 43 23.77 49345  23 1 1
17 19 34.01 +26 34 15.74 48106  26 1 1
17 19 34.14 +27 24 42.91 47997  42 1 1
17 19 34.54 +26 37 20.50 47022  35 1 1
17 19 34.93 +26 35 12.05 48264  22 1 1
17 19 36.69 +26 39 52.02 46619  50 1 1
17 19 37.27 +26 29 52.40 47571  25 1 1
17 19 37.44 +26 27 27.22 46536  30 1 1
17 19 37.54 +26 30 47.27 46910  59 1 1
17 19 37.90 +27 19 23.88 49010  42 1 1
17 19 38.45 +26 42 02.09 48857  78 1 1
17 19 38.45 +26 43 56.50 49387  16 1 1
17 19 39.31 +26 46 02.10 46718  58 1 1
17 19 39.57 +26 22 06.82 48427  18 1 1
17 19 39.82 +26 23 15.25 48265  30 1 1
17 19 41.33 +26 32 16.91 47627  48 1 1
17 19 42.28 +26 43 14.02 49057 167 1 1
17 19 42.38 +27 26 01.25 47961  51 1 1
17 19 42.70 +26 53 40.13 48941  26 1 1
17 19 42.75 +26 50 11.80 48127  60 1 1
17 19 42.80 +26 33 24.52 47770  26 1 1
17 19 43.99 +26 34 27.12 47483  39 1 1
17 19 45.04 +56 42 03.28 33397  51 1 1
17 19 46.20 +26 41 31.99 48188  41 1 1
17 19 46.23 +26 32 17.66 47435  46 1 1
17 19 46.58 +26 34 44.98 46979  30 1 1
17 19 47.18 +26 30 36.61 49244  34 1 1
17 19 48.42 +26 29 01.97 48695  31 1 1
17 19 48.54 +26 34 12.83 47012  11 1 1
17 19 48.79 +26 41 07.69 48919  80 1 1
17 19 48.79 +26 21 29.05 47721  40 1 1
17 19 49.21 +26 42 47.12 47738  67 1 1
17 19 49.40 +26 34 28.13 49121  34 1 1
17 19 49.45 +26 28 23.59 48395  35 1 1
17 19 49.73 +26 33 29.48 48306  23 1 1
17 19 49.88 +26 31 21.00 49396 111 1 1
17 19 50.30 +26 36 13.00 47118 134 1 1
17 19 50.42 +26 45 19.19 48005  25 1 1
17 19 50.53 +26 25 38.75 47253  55 1 1
17 19 50.70 +26 26 40.49 49412  36 1 1
17 19 50.95 +26 42 46.01 46937 124 1 1
17 19 51.35 +26 34 51.42 48245  25 1 1
17 19 51.64 +26 35 07.69 48545  87 1 1
17 19 51.70 +26 38 33.72 46773  41 1 1
17 19 53.11 +26 26 52.40 48839  23 1 1
17 19 53.19 +26 32 29.00 47278 164 1 1
17 19 54.09 +26 27 58.39 46720  59 1 1
17 19 54.55 +26 28 43.72 47822  48 1 1
17 19 55.45 +26 27 40.46 47222  23 1 1
17 19 55.55 +26 36 55.01 45737  99 1 1
17 19 55.66 +26 32 03.59 48845  86 1 1
17 19 55.92 +26 48 32.62 49286  38 1 1
17 19 55.98 +26 37 41.23 49174  34 1 1
17 19 56.18 +26 37 24.78 46521  27 1 1
17 19 56.29 +26 27 12.53 47074  43 1 1
17 19 56.62 +26 38 00.35 49340  53 1 1
17 19 57.06 +26 37 06.71 47449  78 1 1
17 19 57.08 +26 26 34.80 48649  33 1 1
17 19 57.62 +26 34 04.19 49105  29 1 1
17 19 57.72 +26 28 01.60 48328  46 1 1
17 19 58.04 +26 36 06.91 49571 119 1 1
17 19 58.15 +26 36 17.60 48084  30 1 1
17 19 58.29 +26 38 39.37 47561  25 1 1
17 19 58.51 +26 20 25.80 47314  28 1 1
17 19 58.65 +26 31 36.01 47951 158 1 1
17 19 58.73 +26 36 15.34 46169  36 1 1
17 19 58.85 +26 37 51.92 46914  24 1 1
17 19 59.16 +26 32 16.98 46884 179 1 1
17 19 59.39 +26 34 45.01 49581 254 1 1
17 19 59.53 +26 33 22.14 48396  58 1 1
17 19 59.81 +26 44 30.08 48264  17 1 1
17 19 59.93 +26 36 03.31 47325  40 1 1
17 20 00.06 +26 35 56.00 46884 135 1 1
17 20 00.25 +26 38 30.98 47166 187 1 1
17 20 00.30 +26 35 56.51 47035  32 1 1
17 20 00.81 +26 30 06.95 48414  34 1 1
17 20 01.16 +26 34 50.99 50215  55 1 1
17 20 01.18 +26 36 04.82 46975  28 1 1
17 20 01.32 +26 45 54.61 48733  31 1 1
17 20 01.87 +26 27 13.68 49863  28 1 1
17 20 01.98 +26 33 58.00 47571  99 1 1
17 20 02.01 +26 30 54.00 46961  97 1 1
17 20 02.05 +26 27 12.67 49731  63 1 1
17 20 02.50 +26 40 11.06 47725  58 1 1
17 20 02.78 +26 36 43.38 49940  28 1 1
17 20 03.02 +26 30 25.02 49473 236 1 1
17 20 03.24 +26 53 15.22 48728  45 1 1
17 20 03.31 +26 38 39.73 48247  44 1 1
17 20 03.64 +26 36 20.88 47084  17 1 1
17 20 03.71 +26 53 49.52 49026  26 1 1
17 20 03.77 +26 29 26.02 48125 166 1 1
17 20 03.84 +26 36 31.18 47379  26 1 1
17 20 03.87 +26 31 09.37 49128  43 1 1
17 20 03.94 +26 34 29.24 49402  46 1 1
17 20 04.04 +26 38 19.00 48908 119 1 1
17 20 04.22 +26 32 07.22 48110  27 1 1
17 20 04.35 +26 40 38.42 47422  23 1 1
17 20 04.49 +26 39 16.99 47499 107 1 1
17 20 04.59 +26 28 09.30 49569  30 1 1
17 20 04.59 +26 35 47.00 48979 236 1 1
17 20 04.61 +26 53 20.04 48432  19 1 1
17 20 04.70 +26 39 19.48 48294  34 1 1
17 20 04.71 +26 38 54.71 48094  54 1 1
17 20 04.80 +26 36 56.02 46077  74 1 1
17 20 04.87 +26 34 18.01 50258  91 1 1
17 20 05.77 +26 38 02.51 49043  40 1 1
17 20 05.93 +26 43 02.89 48631  75 1 1
17 20 06.42 +26 34 28.02 50645 139 1 1
17 20 06.53 +26 28 50.59 48877  29 1 1
17 20 06.88 +26 34 01.31 47029  94 1 1
17 20 07.12 +26 24 28.55 48162  23 1 1
17 20 07.33 +27 44 34.19 46837  54 1 1
17 20 07.36 +26 45 41.00 48192  31 1 1
17 20 07.44 +26 42 22.90 47005  36 1 1
17 20 07.44 +26 38 50.46 47466  49 1 1
17 20 07.47 +26 47 21.98 47596 234 1 1
17 20 07.47 +26 54 29.63 49005  39 1 1
17 20 07.65 +26 40 08.00 47438  78 1 1
17 20 07.69 +26 33 28.98 48371 151 1 1
17 20 07.76 +26 37 45.01 50067 151 1 1
17 20 07.76 +26 34 23.02 48591 193 1 1
17 20 07.78 +26 38 19.00 49415 138 1 1
17 20 07.79 +26 40 02.60 46088  57 1 1
17 20 07.80 +26 38 02.94 49068  20 1 1
17 20 08.09 +26 35 46.00 47912  87 1 1
17 20 08.26 +26 28 26.15 49863  31 1 1
17 20 08.33 +26 41 21.98 47292  89 1 1
17 20 08.38 +26 26 00.10 48918  16 1 1
17 20 08.39 +26 43 49.48 48803  38 1 1
17 20 08.39 +26 37 41.99 48497  93 1 1
17 20 08.45 +26 38 39.01 48011 125 1 1
17 20 08.48 +26 44 51.97 46669  39 1 1
17 20 08.50 +26 37 14.63 48416  27 1 1
17 20 08.51 +26 31 08.76 49549  44 1 1
17 20 08.57 +26 34 14.56 48370  41 1 1
17 20 08.70 +26 36 21.24 48287  26 1 1
17 20 08.97 +26 34 46.99 47026 176 1 1
17 20 09.10 +26 37 20.32 47258  26 1 1
17 20 09.16 +26 36 34.99 48690 117 1 1
17 20 09.30 +26 41 19.00 46292  47 1 1
17 20 09.31 +26 28 05.56 49572  31 1 1
17 20 09.39 +26 22 33.13 48206  28 1 1
17 20 09.39 +26 37 10.34 49336  29 1 1
17 20 09.40 +26 37 30.00 48058 114 1 1
17 20 09.41 +26 38 15.00 48742 115 1 1
17 20 09.46 +26 37 48.54 48921  52 1 1
17 20 09.52 +26 25 58.62 49020  48 1 1
17 20 09.56 +26 35 44.02 49114 112 1 1
17 20 09.60 +27 39 44.53 47229  45 1 1
17 20 09.78 +26 49 24.38 47858  54 1 1
17 20 09.84 +26 37 05.59 46194  52 1 1
17 20 09.96 +26 35 35.02 48281 113 1 1
17 20 09.96 +26 36 10.22 47210  26 1 1
17 20 10.00 +26 38 38.00 47329  96 1 1
17 20 10.01 +26 40 04.51 47125 154 1 1
17 20 10.04 +26 37 32.05 48001  33 1 1
17 20 10.06 +26 38 05.39 46464  65 1 1
17 20 10.07 +26 51 07.42 47677  53 1 1
17 20 10.22 +26 37 03.22 47974  97 1 1
17 20 10.28 +26 40 01.99 45817  75 1 1
17 20 10.54 +26 35 11.00 46567 189 1 1
17 20 10.59 +26 31 45.01 47661 118 1 1
17 20 10.62 +26 33 06.95 46539  28 1 1
17 20 10.65 +26 31 54.88 47802  65 1 1
17 20 10.66 +26 42 58.00 48504 132 1 1
17 20 10.67 +26 41 20.40 48446  66 1 1
17 20 10.91 +26 37 17.15 47042  55 1 1
17 20 10.93 +26 48 52.31 48443  26 1 1
17 20 10.99 +26 37 59.99 49038 149 1 1
17 20 11.02 +26 36 33.16 47507  17 1 1
17 20 11.06 +26 37 50.45 47620  27 1 1
17 20 11.06 +26 36 25.74 48926  17 1 1
17 20 11.44 +26 41 02.00 47946  45 1 1
17 20 11.51 +26 37 57.29 49924  77 1 1
17 20 11.53 +26 44 31.42 47765  10 1 1
17 20 11.70 +26 38 06.04 49521  32 1 1
17 20 11.72 +26 43 15.02 47858  60 1 1
17 20 11.76 +26 39 10.01 48019  82 1 1
17 20 11.83 +26 38 15.00 47047  17 1 1
17 20 11.89 +26 38 07.19 50155 168 1 1
17 20 12.02 +26 37 54.01 47194  77 1 1
17 20 12.02 +26 34 13.01 49672 220 1 1
17 20 12.17 +26 33 40.00 46521 130 1 1
17 20 12.23 +26 41 16.55 47173  22 1 1
17 20 12.33 +26 51 59.04 48106  61 1 1
17 20 12.37 +26 37 22.01 48722 105 1 1
17 20 12.39 +26 40 44.00 47236 137 1 1
17 20 12.43 +26 34 21.50 49165  17 1 1
17 20 12.45 +26 46 23.99 48643 211 1 1
17 20 12.48 +26 33 33.01 47282 162 1 1
17 20 12.62 +26 41 28.54 48790 328 1 1
17 20 12.79 +26 39 56.92 47058  46 1 1
17 20 12.89 +26 27 21.96 47698  24 1 1
17 20 12.89 +26 20 51.32 48205  17 1 1
17 20 12.97 +26 30 19.48 48868  26 1 1
17 20 13.20 +26 37 31.98 45829 121 1 1
17 20 13.38 +26 40 55.20 47385  17 1 1
17 20 13.50 +26 36 05.76 48029  40 1 1
17 20 13.55 +26 38 30.98 47779 159 1 1
17 20 13.62 +26 35 56.00 49175  86 1 1
17 20 13.70 +27 34 03.22 48108  57 1 1
17 20 13.86 +26 38 27.56 48812  29 1 1
17 20 13.89 +26 38 10.39 47279  37 1 1
17 20 14.27 +26 41 24.76 49082  44 1 1
17 20 14.33 +26 39 05.29 46924  76 1 1
17 20 14.42 +26 43 12.79 47115  33 1 1
17 20 14.45 +27 38 39.88 50173  72 1 1
17 20 14.72 +26 36 00.50 48162  68 1 1
17 20 14.73 +26 41 22.99 49164  51 1 1
17 20 14.96 +26 36 53.14 48363  23 1 1
17 20 15.02 +26 40 53.00 48919  81 1 1
17 20 15.22 +26 44 11.00 47273 214 1 1
17 20 15.44 +26 41 19.25 49071  16 1 1
17 20 15.58 +26 39 46.01 48775  84 1 1
17 20 15.60 +26 43 46.99 49712  59 1 1
17 20 15.82 +27 39 21.78 46222  54 1 1
17 20 15.84 +26 40 06.89 46300  26 1 1
17 20 15.86 +26 34 10.31 48498  33 1 1
17 20 16.19 +26 32 26.02 48697 178 1 1
17 20 16.36 +26 32 52.01 48414  53 1 1
17 20 16.39 +26 45 37.01 48283 133 1 1
17 20 16.50 +26 49 48.29 49029  30 1 1
17 20 16.75 +26 38 33.32 48794  37 1 1
17 20 16.82 +26 37 17.65 48153  40 1 1
17 20 16.87 +26 30 02.48 48753  32 1 1
17 20 16.99 +26 38 47.54 47742  54 1 1
17 20 17.15 +26 46 39.29 48957  51 1 1
17 20 17.33 +26 31 41.05 47462  47 1 1
17 20 17.40 +26 48 41.40 48308  52 1 1
17 20 17.46 +26 39 59.00 48812 120 1 1
17 20 17.53 +26 33 49.00 48584 111 1 1
17 20 17.54 +27 41 38.40 46597  51 1 1
17 20 17.59 +27 19 14.66 48887  45 1 1
17 20 17.59 +26 33 58.00 45701  97 1 1
17 20 17.67 +26 40 17.00 48768  78 1 1
17 20 17.94 +26 44 24.07 48022  24 1 1
17 20 18.44 +26 43 21.11 47443  40 1 1
17 20 18.61 +26 31 48.00 48406 187 1 1
17 20 18.70 +26 37 18.01 47527  67 1 1
17 20 18.97 +26 37 04.33 49122  26 1 1
17 20 19.19 +26 40 13.04 46658  24 1 1
17 20 19.59 +26 46 34.36 48240  26 1 1
17 20 19.70 +26 30 07.49 47447 170 1 1
17 20 20.14 +26 40 03.68 45880 183 1 1
17 20 20.18 +26 32 57.01 48678  83 1 1
17 20 20.20 +26 44 20.76 48767  16 1 1
17 20 20.21 +26 31 19.42 49047  36 1 1
17 20 20.24 +26 33 04.54 48828 128 1 1
17 20 20.59 +26 39 08.06 49134  17 1 1
17 20 20.72 +26 37 38.10 45788  61 1 1
17 20 20.82 +26 44 47.26 48872  21 1 1
17 20 21.50 +26 31 41.23 47973  28 1 1
17 20 21.80 +27 34 36.59 49750  54 1 1
17 20 22.08 +26 30 20.99 47050  60 1 1
17 20 22.08 +26 36 49.21 48498  17 1 1
17 20 22.32 +26 39 13.86 49187  38 1 1
17 20 22.75 +26 49 35.44 46654  45 1 1
17 20 22.82 +26 34 02.32 49338  48 1 1
17 20 23.34 +26 27 30.38 48937  37 1 1
17 20 23.39 +26 35 13.99 47986 107 1 1
17 20 23.79 +27 47 43.76 46998  45 1 1
17 20 23.95 +26 37 00.08 47955  21 1 1
17 20 24.05 +26 44 55.61 48279  48 1 1
17 20 24.11 +26 36 13.00 47741 116 1 1
17 20 24.33 +26 41 44.99 47862 188 1 1
17 20 24.59 +26 44 45.64 49440  34 1 1
17 20 25.16 +26 41 52.26 48576  35 1 1
17 20 25.41 +26 48 28.80 46876  38 1 1
17 20 25.77 +26 31 45.55 47768  17 1 1
17 20 25.88 +26 25 37.13 48380  28 1 1
17 20 26.02 +26 37 48.00 48717 110 1 1
17 20 26.14 +27 47 37.54 48347  39 1 1
17 20 26.16 +26 48 47.66 47786  17 1 1
17 20 26.32 +26 25 28.96 46977  39 1 1
17 20 26.33 +26 35 49.99 47903 113 1 1
17 20 26.37 +26 36 28.01 50206 125 1 1
17 20 26.43 +26 40 27.01 47652  62 1 1
17 20 26.55 +26 49 49.69 48403  48 1 1
17 20 27.49 +26 31 58.69 47833  20 1 1
17 20 27.92 +26 39 26.32 47200  24 1 1
17 20 28.06 +26 44 56.00 48778  58 1 1
17 20 28.18 +27 32 06.90 49367  51 1 1
17 20 28.33 +26 27 12.78 49463  27 1 1
17 20 28.53 +27 43 16.36 46474  45 1 1
17 20 28.53 +26 40 16.14 47489  20 1 1
17 20 28.59 +26 24 46.87 48541  30 1 1
17 20 28.63 +26 46 59.99 47512  19 1 1
17 20 28.84 +26 41 32.06 47641  16 1 1
17 20 29.65 +26 43 32.99 48069  90 1 1
17 20 29.77 +26 31 04.58 46791  94 1 1
17 20 30.83 +26 46 52.36 48076  52 1 1
17 20 31.34 +26 47 17.23 47704  16 1 1
17 20 31.53 +26 39 38.92 47804  65 1 1
17 20 31.75 +26 41 54.13 47876  30 1 1
17 20 31.80 +26 40 20.32 47559  43 1 1
17 20 31.83 +26 40 52.72 47991  16 1 1
17 20 31.87 +26 44 47.11 47256  34 1 1
17 20 31.95 +26 32 02.00 47681  72 1 1
17 20 32.72 +26 23 46.21 47161  16 1 1
17 20 32.76 +26 47 03.44 47756  33 1 1
17 20 33.22 +26 48 42.84 48210  17 1 1
17 20 33.39 +26 36 07.42 48457 178 1 1
17 20 33.97 +26 38 24.86 48434  35 1 1
17 20 34.20 +26 37 17.18 47073  23 1 1
17 20 35.36 +26 25 52.39 46753  34 1 1
17 20 35.37 +26 34 39.00 47793 140 1 1
17 20 36.02 +26 46 11.82 46278  22 1 1
17 20 36.70 +26 35 04.09 48262  61 1 1
17 20 37.03 +26 27 42.80 47132  28 1 1
17 20 37.21 +26 37 43.36 48165  33 1 1
17 20 37.71 +27 41 38.08 49481  36 1 1
17 20 38.67 +26 37 50.02 47810 127 1 1
17 20 38.70 +27 37 26.00 48147  51 1 1
17 20 39.12 +26 45 06.41 48665  44 1 1
17 20 39.46 +26 42 13.75 47444  42 1 1
17 20 39.80 +26 39 03.35 48730  52 1 1
17 20 39.90 +26 39 24.98 46896 128 1 1
17 20 39.92 +26 39 58.00 47588 115 1 1
17 20 40.01 +26 48 36.76 48447  39 1 1
17 20 40.08 +26 29 57.66 49525  74 1 1
17 20 40.23 +26 41 52.40 48153  58 1 1
17 20 40.43 +26 28 57.22 46436  61 1 1
17 20 40.93 +26 28 12.29 46831  28 1 1
17 20 40.93 +26 26 17.23 47960  34 1 1
17 20 40.94 +26 42 11.99 49084 171 1 1
17 20 40.96 +26 39 11.99 47203 115 1 1
17 20 41.62 +26 45 06.08 48224  28 1 1
17 20 41.63 +26 27 17.24 47519  34 1 1
17 20 41.73 +26 37 46.42 47988  26 1 1
17 20 43.58 +26 35 03.37 47390  16 1 1
17 20 45.22 +26 37 47.64 46327  23 1 1
17 20 46.00 +27 37 24.13 48329  51 1 1
17 20 46.10 +26 49 39.65 48058  16 1 1
17 20 46.11 +26 49 34.68 48725  23 1 1
17 20 46.37 +26 43 14.38 48510  30 1 1
17 20 47.53 +26 34 19.99 47856  66 1 1
17 20 47.63 +26 50 03.84 49008  74 1 1
17 20 47.83 +26 31 52.72 46360  16 1 1
17 20 48.30 +26 44 20.90 46342  41 1 1
17 20 48.62 +26 49 27.48 48293  17 1 1
17 20 49.47 +26 37 53.72 47645  39 1 1
17 20 50.07 +26 35 34.76 47775 102 1 1
17 20 50.58 +26 52 26.26 47740  36 1 1
17 20 50.89 +26 32 37.36 46598  56 1 1
17 20 51.86 +26 40 27.70 47303  23 1 1
17 20 54.22 +26 34 29.93 49379  65 1 1
17 20 54.72 +26 46 06.56 47944  30 1 1
17 20 55.28 +26 39 37.44 47048  23 1 1
17 20 56.13 +26 39 12.20 47083  60 1 1
17 20 56.30 +26 44 38.18 48879  63 1 1
17 20 57.76 +27 42 37.51 48186  42 1 1
17 20 58.03 +26 41 17.59 48180  60 1 1
17 20 58.14 +26 45 37.66 47824  18 1 1
17 21 01.00 +26 50 56.04 48524  32 1 1
17 21 02.80 +26 41 51.29 48937  46 1 1
17 21 04.66 +26 39 51.73 48345  37 1 1
17 21 05.25 +26 46 51.24 47672  59 1 1
17 21 07.39 +26 40 08.33 48812  21 1 1
17 21 07.71 +26 33 52.31 48548  37 1 1
17 21 09.54 +26 35 39.41 48428  56 1 1
17 21 09.98 +27 51 22.54 47541  48 1 1
17 21 11.52 +26 43 10.52 48372  46 1 1
17 21 12.01 +26 45 13.79 48299  55 1 1
17 21 13.87 +26 45 30.24 48762  29 1 1
17 21 16.52 +27 37 23.52 48177  42 1 1
17 21 17.96 +26 36 24.70 48779  73 1 1
17 21 18.47 +26 44 43.15 48873  47 1 1
17 21 23.66 +26 44 37.36 48594  34 1 1
17 21 24.17 +26 44 20.58 48139  26 1 1
17 21 27.15 +26 38 56.11 49000  30 1 1
17 21 38.73 +28 01 00.41 48458  45 1 1
17 23 06.25 +31 42 59.15 67216  51 1 1
21 26 53.82 +00 35 53.05 70470  06 1 1
21 27 12.09 -00 08 58.96 68926  02 1 1
21 28 22.80 +00 04 08.47 70061  51 1 1
21 29 27.16 +00 51 30.64 69426  14 1 1
21 29 39.96 +00 05 21.16 70130  39 1 1
21 29 40.70 -00 41 22.92 69074  16 1 1
21 29 59.28 -00 25 18.59 70298  45 1 1
21 30 03.98 -00 21 08.03 70949  54 1 1
21 31 26.36 +00 22 16.68 70004 348 1 1
21 31 27.53 -00 15 27.76 70253  11 1 1
21 31 54.89 +00 41 24.72 69985  12 1 1
21 31 58.02 +00 22 05.70 69958  07 1 1
21 32 05.77 +00 22 56.28 69123  20 1 1
21 32 05.94 +00 16 55.92 69739  18 1 1
21 32 08.00 +00 22 59.52 69733  13 1 1
21 32 10.03 +00 01 54.59 70025  04 1 1
21 32 45.25 +00 01 46.42 70217  09 1 1
21 54 44.06 +12 48 47.88 58019  57 1 1
21 54 53.19 +12 40 02.46 57173  63 1 1
21 55 01.66 +12 14 28.25 57398  63 1 1
21 55 15.86 +12 55 50.81 57596  51 1 1
21 55 18.88 +12 40 43.54 56508  54 1 1
21 55 21.16 +12 35 43.33 57671  54 1 1
21 55 31.17 +12 30 04.97 56034  45 1 1
21 55 31.76 +12 31 02.71 59722  30 1 1
21 55 33.78 +12 36 06.59 55818  42 1 1
21 55 34.68 +12 35 46.75 58139  48 1 1
21 55 40.14 +12 31 21.47 57440  48 1 1
21 55 43.82 +12 32 51.43 56499  54 1 1
21 55 48.82 +12 23 36.06 56966  45 1 1
21 56 05.08 +12 32 06.22 55800  45 1 1
21 57 24.53 +12 17 26.52 57539  51 1 1
23 36 56.95 +00 18 14.11 81109  33 1 1
23 37 23.60 +00 16 21.43 84155  48 1 1
23 37 38.08 +00 16 02.39 83354  87 1 1
23 37 39.73 +00 16 16.97 83087  54 1 1
23 37 41.62 +00 16 24.46 83429  54 1 1
23 37 54.62 +00 13 29.17 83309  57 1 1
23 38 11.53 +00 20 45.74 83573 246 1 1
23 39 02.91 +00 10 05.88 82746  48 1 1
23 41 15.24 -09 01 21.61 74429 123 1 1
