{
  "event": "GW170817",
  "chirp_mass_solar": 1.1848446629484057,
  "energy_gw_joules": 3.0056954234502203e+46,
  "gold_produced_kg": 9.94235e+25,
  "gold_earth_masses": 16.648275284661754
}