{
  "framework": "Z\u00b2 = 32\u03c0/3",
  "radion_decay_constant_GeV": 45.88585006720222,
  "radion_mass_GeV": 172.74707473566772,
  "radion_frequency_Hz": 4.174850090981255e+25,
  "bec_parameters": {
    "N_atoms": 1000000.0,
    "trap_frequency_Hz": 100.0,
    "healing_length_m": 7.03875469902043e-18,
    "speed_of_sound_m_s": 73447209.543478
  },
  "cascade_analysis": {
    "initial_freq_Hz": 1000000000.0,
    "target_freq_Hz": 4.174850090981255e+25,
    "stages_required": 35,
    "theoretical_efficiency": 1.0000000000000019e-35
  },
  "efficiency_formula": "\u03b7 = (\u210f\u03c9_s/\u039b_\u03c6)\u00b2 \u00d7 Q\u00b2 \u00d7 L(\u0394\u03c9)"
}