{
  "framework": "Z\u00b2 = 32\u03c0/3",
  "M_Pl_GeV": 1.22e+19,
  "M_KK_GeV": 1000.0,
  "critical_field_T": 1e+30,
  "laboratory_10T_probability": 1.7865345508171242e-86,
  "magnetar_probability": 1.7865345508171252e-66,
  "conclusion": "B ~ 10^30 T required for P ~ 1, confirming impossibility"
}