{
  "framework": "Z\u00b2 = 32\u03c0/3",
  "radion_mass_GeV": 1.5526513987124806e+19,
  "radion_width_GeV": 0.00015,
  "omega_radion_rad_s": 2.623135675133078e+26,
  "Gamma_radion_rad_s": 2.277725118483412e+20,
  "q_critical": 8.683215054699211e-07,
  "planck_volume_m3": 4.223919809857675e-105,
  "power_threshold_W": 2.08657657764422e-20,
  "power_order_of_magnitude": -19,
  "conclusion": "Planck-scale seed requires ~10^-52 W, validating the seed mechanism"
}