{
  "framework": "Z\u00b2 = 32\u03c0/3",
  "radion_mass_GeV": 170.0,
  "phonon_frequency_Hz": 1000000000.0,
  "phonons_required": 4.108460398260358e+16,
  "log10_efficiency": 1.116654253736328e+18,
  "conclusion": "Multi-phonon up-scattering is suppressed by \u03b7 ~ 10^-35 or worse"
}