{
  "timestamp": "2026-04-19T11:30:10.311073",
  "input_pdb": "pipeline_output_globular80/esm_prediction/z2_globular_80_esm.pdb",
  "n_residues": 78,
  "sequence": "GNALEMALIYRQDPSMEFLIYKRNGNALEMALVIYEKNPSMEFLIYRQDGSALEMIYVKRNPNMEFLIYEQDGSALEM",
  "wildtype_z2": {
    "mean_contacts": 9.051282051282051,
    "std_contacts": 1.0965848605304154,
    "z2_deviation": 0.1314102564102564,
    "contact_variance": 0.12115242163099649,
    "alignment_score": 0.7983632416413617,
    "contacts_per_residue": [
      9,
      9,
      11,
      9,
      9,
      9,
      10,
      10,
      8,
      11,
      9,
      8,
      8,
      8,
      10,
      6,
      9,
      10,
      9,
      10,
      9,
      8,
      9,
      9,
      9,
      8,
      9,
      11,
      10,
      7,
      8,
      9,
      8,
      8,
      7,
      10,
      8,
      9,
      8,
      7,
      9,
      8,
      10,
      10,
      11,
      10,
      8,
      9,
      9,
      8,
      10,
      9,
      12,
      10,
      10,
      10,
      9,
      8,
      10,
      7,
      9,
      9,
      9,
      8,
      10,
      8,
      10,
      10,
      8,
      10,
      10,
      9,
      9,
      11,
      8,
      10,
      9,
      9
    ],
    "residue_z2_deviation": [
      0.125,
      0.125,
      0.375,
      0.125,
      0.125,
      0.125,
      0.25,
      0.25,
      0.0,
      0.375,
      0.125,
      0.0,
      0.0,
      0.0,
      0.25,
      0.25,
      0.125,
      0.25,
      0.125,
      0.25,
      0.125,
      0.0,
      0.125,
      0.125,
      0.125,
      0.0,
      0.125,
      0.375,
      0.25,
      0.125,
      0.0,
      0.125,
      0.0,
      0.0,
      0.125,
      0.25,
      0.0,
      0.125,
      0.0,
      0.125,
      0.125,
      0.0,
      0.25,
      0.25,
      0.375,
      0.25,
      0.0,
      0.125,
      0.125,
      0.0,
      0.25,
      0.125,
      0.5,
      0.25,
      0.25,
      0.25,
      0.125,
      0.0,
      0.25,
      0.125,
      0.125,
      0.125,
      0.125,
      0.0,
      0.25,
      0.0,
      0.25,
      0.25,
      0.0,
      0.25,
      0.25,
      0.125,
      0.125,
      0.375,
      0.0,
      0.25,
      0.125,
      0.125
    ]
  },
  "mode_alignment": {
    "mode_alignment": 0.9448958096434817,
    "frequencies_normalized": [
      0.999999999942567,
      1.009703678492994,
      1.032944684500897,
      1.048756746177399,
      1.0578217422624476,
      1.2110858675527523,
      1.231046910040767,
      1.243624029335167,
      1.2541027916307244,
      1.2601082182054957
    ]
  },
  "n_mutations_analyzed": 1482,
  "pathogenic_count": 996,
  "benign_count": 76,
  "mean_disruption_score": 0.4212589321862349,
  "max_disruption_score": 1.00915,
  "position_sensitivity": [
    0.4799065789473684,
    0.3270203947368421,
    0.3489657894736842,
    0.4153427631578947,
    0.40138026315789477,
    0.3267460526315789,
    0.3358342105263158,
    0.44629013157894737,
    0.5104677631578948,
    0.34902828947368425,
    0.47192105263157896,
    0.38272697368421044,
    0.5290618421052632,
    0.45606184210526307,
    0.2775605263157895,
    0.34589078947368423,
    0.40138026315789477,
    0.41960197368421054,
    0.4153427631578947,
    0.4928690789473683,
    0.3153835526315789,
    0.49834605263157894,
    0.47192105263157896,
    0.3270203947368421,
    0.4799065789473684,
    0.4338690789473684,
    0.39401842105263146,
    0.48102697368421043,
    0.41411710526315787,
    0.3713118421052631,
    0.5365184210526316,
    0.4153427631578947,
    0.48370723684210526,
    0.5104677631578948,
    0.41487697368421045,
    0.41411710526315787,
    0.49834605263157894,
    0.3270203947368421,
    0.45606184210526307,
    0.4693763157894737,
    0.3267460526315789,
    0.4717881578947368,
    0.41960197368421054,
    0.44629013157894737,
    0.5322638157894737,
    0.3293703947368422,
    0.5454868421052631,
    0.3178256578947368,
    0.4148381578947368,
    0.6870513157894736,
    0.2775605263157895,
    0.39401842105263146,
    0.5157638157894736,
    0.41411710526315787,
    0.3478776315789474,
    0.4928690789473683,
    0.3153835526315789,
    0.48370723684210526,
    0.4528855263157894,
    0.5138289473684211,
    0.3270203947368421,
    0.3378381578947368,
    0.3270203947368421,
    0.39673289473684203,
    0.41411710526315787,
    0.4975559210526316,
    0.44629013157894737,
    0.4928690789473683,
    0.43453486842105254,
    0.41411710526315787,
    0.33374671052631577,
    0.4148381578947368,
    0.4799065789473684,
    0.28524473684210516,
    0.5365184210526316,
    0.44629013157894737,
    0.40138026315789477,
    0.3267460526315789
  ],
  "most_sensitive_positions": [
    50,
    47,
    31,
    75,
    45,
    13,
    53,
    60,
    9,
    34
  ],
  "output_files": {
    "csv": "mutation_z2_analysis/mutation_z2_scores.csv",
    "heatmap": "mutation_z2_analysis/mutation_sensitivity_heatmap.png"
  },
  "_license": {
    "spdx": "CC-BY-SA-4.0",
    "type": "OpenMTA + CC BY-SA 4.0",
    "prior_art": true,
    "publication_date": "2026-04-19T14:12:54.027059",
    "sha256": "5de5647882717ea40259486ab628cebab7074d2f3350c0afe9e855d09bf8bcda",
    "notice": "This data is published as PRIOR ART. No patents may be filed."
  }
}