{
  "timestamp": "2026-04-21T20:52:45.813174",
  "hypothesis": "\u221a(Z\u00b2) + thermal_expansion = empirical_H1",
  "constants": {
    "z2": 33.510321638291124,
    "sqrt_z2_A": 5.788810036466141,
    "empirical_h1_A": 6.04,
    "predicted_delta_A": 0.25118996353385903,
    "temperature_vacuum_K": 0,
    "temperature_heated_K": 310
  },
  "crystal": {
    "n_ca": 76,
    "mean_h1_A": 6.044401122302544,
    "deviation_from_z2": 0.2555910858364028
  }
}