{
  "cat3_mean_ratio": 0.6186938140964876,
  "cat3_median_ratio": 0.5,
  "cat3_std": 0.2259645474723935,
  "cat3_n": 325,
  "one_over_phi": 0.6180339887498948,
  "deviation_pct": 0.10676198374258508,
  "t_stat": 0.05256070640958244,
  "p_value": 2.9917774843221822e-33,
  "ci_95": [
    0.5945786009836784,
    0.6440461951345201
  ],
  "phi_in_ci": true,
  "vmax_at_phi": 107.66040195505198
}