{
  "eye_rmw_mean": 0.5811648462876231,
  "eye_rmw_median": 0.5,
  "one_over_phi": 0.6180339887498948,
  "eye_total_mean": 0.3516508523910159,
  "linear_slope": 0.15788272309003476,
  "linear_intercept": 7.61970850417998,
  "one_over_z": 0.17274707473566775,
  "z_squared": 33.510321638291124,
  "ts_threshold": 34,
  "findings": {
    "golden_ratio_deviation": -5.965552564001758,
    "one_third_deviation": 5.495255717304776,
    "linear_slope_deviation": -8.604690799180224,
    "ts_z2_deviation": 1.4612762210832877
  }
}