{
  "z2_prediction": 0.17274707473566775,
  "results": {
    "all": {
      "n": 1647,
      "mean": 0.5811648462876231,
      "std": 0.25702053590914975,
      "median": 0.5,
      "min": 0.027777777777777776,
      "max": 2.5,
      "p10": 0.3,
      "p90": 0.9402777777777784,
      "deviation_pct": 236.42528950310947,
      "t_stat": 64.4886976059804,
      "p_value": 0.0
    },
    "cat3_plus": {
      "n": 771,
      "mean": 0.6389861040402305,
      "std": 0.23253917814356237,
      "median": 0.6,
      "min": 0.10714285714285714,
      "max": 1.5,
      "p10": 0.38235294117647056,
      "p90": 1.0,
      "deviation_pct": 269.8969172230484,
      "t_stat": 55.672366395493135,
      "p_value": 3.64917410061526e-272
    },
    "cat4_plus": {
      "n": 147,
      "mean": 0.676302390919738,
      "std": 0.2704408480788114,
      "median": 0.6666666666666666,
      "min": 0.21428571428571427,
      "max": 1.5,
      "p10": 0.4,
      "p90": 1.0,
      "deviation_pct": 291.4986068242227,
      "t_stat": 22.575301725818985,
      "p_value": 1.7941539281808907e-49
    },
    "cat5": null
  },
  "n_observations": 1647,
  "n_storms": 176,
  "data_source": "NOAA Extended Best Track (EBTRK) 1851-2021",
  "verdict": "Z\u00b2 prediction NOT supported by flight reconnaissance data"
}