{
  "eye_prediction": {
    "model": "golden_transition",
    "description": "Eye radius from RMW and Vmax",
    "mae": 4.243762370927833,
    "rmse": 6.786343837541596,
    "r": 0.42637569351771415
  },
  "rmw_prediction": {
    "model": "inverse",
    "equation": "RMW = 1053.9 / Vmax + 17.7",
    "mae": 18.756498625815908
  },
  "pressure_wind": {
    "model": "sqrt",
    "k": 13.17579086660509,
    "equation": "Vmax = 13.2 \u00d7 sqrt(1013.25 - Pmin)",
    "mae": 8.015764740748516,
    "r": 0.913189165255028
  },
  "equilibrium": {
    "optimal_intensity": 107.5,
    "golden_ratio": 0.6180339887498948
  },
  "constants": {
    "phi": 1.618033988749895,
    "one_over_phi": 0.6180339887498948,
    "z_squared": 33.510321638291124
  }
}