{
  "6h_prediction": {
    "linear_mae": 3.25786964750143,
    "gb_mae": 3.194566147145777,
    "skill_vs_persistence": 0.08870797276157316
  },
  "24h_prediction": {
    "mae": 3.2005919657177553
  },
  "baselines": {
    "persistence_mae": 3.5055350553505535,
    "climatology_mae": 3.5055350553505535
  },
  "features": [
    "vmax",
    "abs_lat",
    "dv_prev_12h",
    "dv_prev_24h",
    "has_eye"
  ]
}