{
  "models": {
    "Constant (1/2)": {
      "mae": 3.96842744383728,
      "rmse": 6.666894349481804,
      "bias": -0.3047965998785671,
      "r": 0.35400278477482283,
      "r_squared": 0.12531797162832953,
      "mape": 50.892628096371126
    },
    "Constant (1/\u03c6)": {
      "mae": 4.676185077122027,
      "rmse": 7.981878669563617,
      "bias": 2.2189234449469004,
      "r": 0.35400278477482283,
      "r_squared": 0.12531797162832953,
      "mape": 66.00205451122292
    },
    "Constant (1/Z)": {
      "mae": 7.641313843471915,
      "rmse": 8.936859973683255,
      "bias": -7.3018893522668264,
      "r": 0.35400278477482283,
      "r_squared": 0.12531797162832953,
      "mape": 69.05146599325391
    },
    "Linear Atlantic": {
      "mae": 3.7651281117182758,
      "rmse": 5.149389654296806,
      "bias": 0.0027990285367337736,
      "r": 0.35400278477482294,
      "r_squared": 0.1253179716283296,
      "mape": 49.06437533294718
    },
    "Intensity-Dependent": {
      "mae": 4.005471159684275,
      "rmse": 6.248044369329097,
      "bias": 1.1352811171827557,
      "r": 0.45102181658660234,
      "r_squared": 0.20342067903707875,
      "mape": 51.056531395007596
    },
    "Golden Transition": {
      "mae": 4.243762370927833,
      "rmse": 6.786343837541596,
      "bias": 1.616562005753863,
      "r": 0.4263756935177143,
      "r_squared": 0.18179623202271186,
      "mape": 55.92101348307168
    },
    "Z\u00b2 Revised": {
      "mae": 3.7458429540154325,
      "rmse": 5.700004484388669,
      "bias": -0.4742205404804787,
      "r": 0.45754710425171796,
      "r_squared": 0.20934935260913246,
      "mape": 43.38693421698527
    }
  },
  "best_model": "Golden Transition",
  "physical_constants": {
    "phi": 1.618033988749895,
    "one_over_phi": 0.6180339887498948,
    "z_squared": 33.510321638291124,
    "one_over_z": 0.17274707473566775
  },
  "key_relationships": {
    "golden_ratio_intensity": 93,
    "ts_threshold": 34,
    "z_squared_value": 33.510321638291124
  }
}