{
  "atlantic_test": {
    "n_samples": 1347,
    "ml_error_nm": 16.644473270745806,
    "persist_error_nm": 18.879939410563686,
    "improvement_pct": 11.840430687860653
  },
  "pacific_test": {
    "n_samples": 15272,
    "ml_error_nm": 9.263911041554302,
    "persist_error_nm": 7.768608699895873,
    "improvement_pct": -19.248006939498328
  },
  "transfer_success": 