{
  "timestamp": "2026-04-21T13:05:06.278627",
  "framework": {
    "Z2": 33.510321638291124,
    "r_natural_angstrom": 9.14277949677072,
    "macrocycle_diameter_6xZ2": 54.856676980624314,
    "targets": [
      "TNF-\u03b1",
      "IL-6R"
    ]
  },
  "interfaces": [
    {
      "target": "TNF_ALPHA",
      "pdb": "synthetic_model",
      "diameter": 56.25380180678317,
      "total_area": 5300.735935043146,
      "curvature": 0.0003009165215102258,
      "z2_ratio": 1.025468637603629,
      "n_frustrated_nodes": 13
    },
    {
      "target": "IL6R",
      "pdb": "synthetic_model",
      "diameter": 49.45512018768028,
      "total_area": 4566.116836206505,
      "curvature": 0.0005702016332430916,
      "z2_ratio": 0.9015332847293704,
      "n_frustrated_nodes": 9
    }
  ],
  "top_candidates": [
    {
      "name": "ZIM-AI1-001",
      "sequence": "c[GFfYyWwTFfFfYyAWwFfFfAYyWwFfFfYyWwFfFfY]",
      "ring_size": 39,
      "cyclization_type": "head-to-tail",
      "diameter": 47.173525132437774,
      "z2_deviation": 0.14005864501964405,
      "molecular_weight": 5925.830000000004,
      "charge": 0,
      "anchoring_residues": [
        "G",
        "T",
        "A",
        "A"
      ],
      "dampening_coefficient": 9.894884424883863,
      "normal_mode_frequencies": [
        0.0010623224143153193,
        0.0010623224143763567,
        0.001308947159970632,
        0.0013089472172179415,
        0.0014641536375904812
      ],
      "binding_energy_estimate": -35.6,
      "oral_score": 0.6,
      "target": "IL6R",
      "complementarity": 0.8574621695285501
    },
    {
      "name": "ZIM-AI1-000",
      "sequence": "c[GFfYyWwTFfFfYyAWwFfFfAYyWwFfFfYyWwFfF]",
      "ring_size": 37,
      "cyclization_type": "head-to-tail",
      "diameter": 44.75436999744097,
      "z2_deviation": 0.18415820168530328,
      "molecular_weight": 5615.460000000003,
      "charge": 0,
      "anchoring_residues": [
        "G",
        "T",
        "A",
        "A"
      ],
      "dampening_coefficient": 9.880646237561992,
      "normal_mode_frequencies": [
        0.0012079550220538764,
        0.001211307730326129,
        0.0013995431065790581,
        0.001399543107942637,
        0.0036419830563799386
      ],
      "binding_energy_estimate": -33.6,
      "oral_score": 0.6,
      "target": "IL6R",
      "complementarity": 0.8431472458628944
    },
    {
      "name": "ZIM-AI4-007",
      "sequence": "c[GAaVvLlTFfAaVvALlFfAaAVvLlFfAaVvLlFfAaV]",
      "ring_size": 39,
      "cyclization_type": "head-to-tail",
      "diameter": 47.173525132437774,
      "z2_deviation": 0.14005864501964405,
      "molecular_weight": 4003.93,
      "charge": 0,
      "anchoring_residues": [
        "G",
        "T",
        "A",
        "A"
      ],
      "dampening_coefficient": 9.894884424883863,
      "normal_mode_frequencies": [
        0.0010623224143153193,
        0.0010623224143763567,
        0.001308947159970632,
        0.0013089472172179415,
        0.0014641536375904812
      ],
      "binding_energy_estimate": -16.70000000000001,
      "oral_score": 0.6,
      "target": "IL6R",
      "complementarity": 0.8116920547458036
    }
  ]
}