{
  "timestamp": "2026-04-21T13:00:44.285926",
  "framework": {
    "Z2": 33.510321638291124,
    "r_natural_angstrom": 9.14277949677072,
    "target": "GLP-1R oral agonist",
    "pdb_structure": "6X18"
  },
  "binding_pocket": {
    "center": [
      0.29243705352212185,
      1.4089187564394383,
      -9.295545184184045
    ],
    "volume_angstrom3": 46100.73492266271,
    "surface_area_angstrom2": 9506.659157347956,
    "gaussian_curvature": -0.0002586038713690522,
    "mean_curvature": -0.0381709243848561,
    "principal_curvatures": [
      0.0032491593881573758,
      -0.07959100815786957
    ],
    "z2_match": 0.026776384535005224
  },
  "top_candidates": [
    {
      "name": "ZIM-GLP2-006",
      "sequence": "c[HGPGAGPG]",
      "ring_size": 8,
      "cyclization_type": "head-to-tail",
      "intramolecular_distance": 9.676620539987237,
      "z2_deviation": 0.058389359975822765,
      "estimated_mw": 648.795,
      "estimated_logp": -0.38750000000000007,
      "charge": 0,
      "rotatable_bonds": 12,
      "polar_surface_area": 335,
      "gaussian_curvature_match": 0,
      "energy_minimized": -602,
      "oral_score": 0.6699999999999999,
      "geometric_complementarity": 0.6661738925957542,
      "modifications": []
    },
    {
      "name": "ZIM-GLP2-007",
      "sequence": "c[FGPGTGPG]",
      "ring_size": 8,
      "cyclization_type": "head-to-tail",
      "intramolecular_distance": 9.676620539987237,
      "z2_deviation": 0.058389359975822765,
      "estimated_mw": 688.795,
      "estimated_logp": -0.16875,
      "charge": 0,
      "rotatable_bonds": 12,
      "polar_surface_area": 320,
      "gaussian_curvature_match": 0,
      "energy_minimized": -602,
      "oral_score": 0.6699999999999999,
      "geometric_complementarity": 0.6661738925957542,
      "modifications": []
    },
    {
      "name": "ZIM-GLP2-010",
      "sequence": "c[WGPGLGPG]",
      "ring_size": 8,
      "cyclization_type": "head-to-tail",
      "intramolecular_distance": 9.676620539987237,
      "z2_deviation": 0.058389359975822765,
      "estimated_mw": 739.895,
      "estimated_logp": -0.11875000000000002,
      "charge": 0,
      "rotatable_bonds": 12,
      "polar_surface_area": 300,
      "gaussian_curvature_match": 0,
      "energy_minimized": -602,
      "oral_score": 0.6699999999999999,
      "geometric_complementarity": 0.6661738925957542,
      "modifications": []
    }
  ],
  "full_library_size": 32
}