{
  "timestamp": "2026-04-21T13:12:20.369832",
  "framework": {
    "Z2": 33.510321638291124,
    "r_natural_angstrom": 9.14277949677072,
    "target": "CFTR \u0394F508",
    "disease": "Cystic Fibrosis"
  },
  "persistent_homology": {
    "wild_type": {
      "betti_0": 1,
      "betti_1": 9,
      "betti_2": 3,
      "total_persistence": 38
    },
    "mutant": {
      "betti_0": 1,
      "betti_1": 9,
      "betti_2": 3,
      "total_persistence": 38
    }
  },
  "topological_void": {
    "center": [
      0.0,
      21.0,
      2.6699810234546812
    ],
    "volume": 246.87,
    "betti_change": {
      "delta_betti_0": 0,
      "delta_betti_1": 0,
      "delta_betti_2": 0
    },
    "z2_match": 0.6169286761822581
  },
  "top_candidates": [
    {
      "name": "ZIM-CF2-003",
      "sequence": "Ac-FF-NH2",
      "length": 2,
      "molecular_weight": 312.385,
      "charge": 0,
      "volume": 379.8,
      "volume_match": 0.6499999999999999,
      "hydrophobicity": 2.8,
      "rmsf_wt": 0.32216828567062733,
      "rmsf_mutant": 0.30320649220484996,
      "rmsf_restored": 0.3130666248070542,
      "stability_restoration": 1,
      "betti_restoration": 0.7949999999999999,
      "z2_deviation": 0.2343684978433048,
      "composite_score": 0.7968447253235043
    },
    {
      "name": "ZIM-CF2-004",
      "sequence": "Ac-FY-NH2",
      "length": 2,
      "molecular_weight": 328.385,
      "charge": 0,
      "volume": 383.5,
      "volume_match": 0.643728813559322,
      "hydrophobicity": 0.7499999999999999,
      "rmsf_wt": 0.32216828567062733,
      "rmsf_mutant": 0.30320649220484996,
      "rmsf_restored": 0.3129714944533954,
      "stability_restoration": 1,
      "betti_restoration": 0.7931186440677965,
      "z2_deviation": 0.2343684978433048,
      "composite_score": 0.7740870982048602
    },
    {
      "name": "ZIM-CF2-006",
      "sequence": "Ac-YF-NH2",
      "length": 2,
      "molecular_weight": 328.385,
      "charge": 0,
      "volume": 383.5,
      "volume_match": 0.643728813559322,
      "hydrophobicity": 0.7499999999999999,
      "rmsf_wt": 0.32216828567062733,
      "rmsf_mutant": 0.30320649220484996,
      "rmsf_restored": 0.3129714944533954,
      "stability_restoration": 1,
      "betti_restoration": 0.7931186440677965,
      "z2_deviation": 0.2343684978433048,
      "composite_score": 0.7740870982048602
    }
  ]
}