{
  "timestamp": "2026-04-21T13:08:42.605564",
  "framework": {
    "Z2": 33.510321638291124,
    "r_natural_angstrom": 9.14277949677072,
    "target": "PD-1/PD-L1 checkpoint",
    "pdb_structure": "4ZQK",
    "pmf_target_kcal_mol": 50.0
  },
  "hydrophobic_cleft": {
    "center": [
      -4.0,
      15.75,
      0.0
    ],
    "volume": 5600.0,
    "depth": 9.805778731713813,
    "width": 20.4757967761893,
    "z2_match": 0.9274838428316828
  },
  "top_candidates": [
    {
      "name": "ZIM-PD6-013",
      "sequence": "Ac-WFFLY-NH2",
      "length": 5,
      "molecular_weight": 774.94,
      "charge": 0,
      "hydrophobicity_score": 1.44,
      "volume": 967.9,
      "wedge_depth": 10.0,
      "z2_deviation": 0.09375928879527887,
      "pmf_barrier": 20.691357142857143,
      "smd_work": 20.691357142857143,
      "binding_score": 0.5336784313726088,
      "oral_score": 0.4
    },
    {
      "name": "ZIM-PD6-011",
      "sequence": "Ac-FFYLI-NH2",
      "length": 5,
      "molecular_weight": 701.9399999999999,
      "charge": 0,
      "hydrophobicity_score": 2.52,
      "volume": 906.8,
      "wedge_depth": 10.0,
      "z2_deviation": 0.09375928879527887,
      "pmf_barrier": 17.647714285714287,
      "smd_work": 17.647714285714287,
      "binding_score": 0.5300459349440374,
      "oral_score": 0.5
    },
    {
      "name": "ZIM-PD6-010",
      "sequence": "Ac-IYFFV-NH2",
      "length": 5,
      "molecular_weight": 687.84,
      "charge": 0,
      "hydrophobicity_score": 2.6,
      "volume": 880.0999999999999,
      "wedge_depth": 10.0,
      "z2_deviation": 0.09375928879527887,
      "pmf_barrier": 17.628642857142857,
      "smd_work": 17.628642857142857,
      "binding_score": 0.5300159242297517,
      "oral_score": 0.5
    }
  ]
}