{
  "timestamp": "2026-04-19T11:47:49.680428",
  "input_pdb": "pipeline_output_globular80/esm_prediction/z2_globular_80_esm.pdb",
  "sequence": "GNALEMALIYRQDPSMEFLIYKRNGNALEMALVIYEKNPSMEFLIYRQDGSALEMIYVKRNPNMEFLIYEQDGSALEM",
  "n_residues": 78,
  "z2_constant": 33.510321638291124,
  "summary": {
    "n_ordered": 65,
    "n_morf": 13,
    "n_disordered": 0,
    "disorder_fraction": 0.0,
    "morf_fraction": 0.16666666666666666,
    "is_globally_disordered": false
  },
  "idr_regions": [
    {
      "start_idx": 0,
      "end_idx": 8,
      "start_res": 1,
      "end_res": 9,
      "length": 9,
      "type": "MORF",
      "mean_score": 0.45483023499662706,
      "max_score": 0.4991525479325319
    }
  ],
  "morfs": [
    {
      "start_idx": 0,
      "end_idx": 8,
      "start_res": 1,
      "end_res": 9,
      "length": 9,
      "mean_score": 0.45483023499662706,
      "in_idr_context": false,
      "binding_potential": "MEDIUM"
    },
    {
      "start_idx": 30,
      "end_idx": 33,
      "start_res": 31,
      "end_res": 34,
      "length": 4,
      "mean_score": 0.3859312279842499,
      "in_idr_context": false,
      "binding_potential": "MEDIUM"
    }
  ],
  "per_residue": {
    "composite_disorder": [
      0.44418924871961574,
      0.4734966131416596,
      0.4918177128792983,
      0.4991525479325319,
      0.4955011183013604,
      0.4808634239857859,
      0.450939279620787,
      0.40843010670447427,
      0.3597230499611418,
      0.32044865858162275,
      0.2909752049755788,
      0.2631813976668402,
      0.25326098569478295,
      0.24142259575091649,
      0.24240908984740536,
      0.23867185408724712,
      0.2440261576394373,
      0.25944486154397056,
      0.28229653217692996,
      0.3028759593836088,
      0.3024220054079871,
      0.2825122434619655,
      0.2610890614746679,
      0.21338226950390796,
      0.1655351760095744,
      0.14079064115761314,
      0.1430996191773243,
      0.18414735639582716,
      0.23449661727142102,
      0.3008992466827025,
      0.37153035206210056,
      0.4031990499749465,
      0.41058977884118036,
      0.37280660698092144,
      0.3280418667168913,
      0.2852942959402441,
      0.24292909335514837,
      0.22495668317334297,
      0.20406772144328453,
      0.21694798524338235,
      0.25679510079432216,
      0.2805119352535257,
      0.3109899377378074,
      0.31429611038834726,
      0.32769844176185514,
      0.3270815736582355,
      0.3041484159269913,
      0.2802143760629865,
      0.24200987315972636,
      0.20946217696823446,
      0.20048895450777207,
      0.20371709370920466,
      0.22154376509494617,
      0.2578700742320916,
      0.29364711804531474,
      0.3164063282192156,
      0.318021219690603,
      0.31244928506417596,
      0.283259961312666,
      0.2546191281563176,
      0.2286345373733834,
      0.2020509374870418,
      0.19745893764547096,
      0.225641009780307,
      0.2494004889461132,
      0.2835427163013103,
      0.308732417180815,
      0.326779401994039,
      0.325527745194941,
      0.3093515360260507,
      0.28725477555596973,
      0.24843132671178764,
      0.21104038740729372,
      0.19005184573080613,
      0.1731582963099068,
      0.16035973914459473,
      0.15165617423486988,
      0.14704760158073227
    ],
    "classification": [
      "MORF",
      "MORF",
      "MORF",
      "MORF",
      "MORF",
      "MORF",
      "MORF",
      "MORF",
      "MORF",
      "ORDERED",
      "ORDERED",
      "ORDERED",
      "ORDERED",
      "ORDERED",
      "ORDERED",
      "ORDERED",
      "ORDERED",
      "ORDERED",
      "ORDERED",
      "ORDERED",
      "ORDERED",
      "ORDERED",
      "ORDERED",
      "ORDERED",
      "ORDERED",
      "ORDERED",
      "ORDERED",
      "ORDERED",
      "ORDERED",
      "ORDERED",
      "MORF",
      "MORF",
      "MORF",
      "MORF",
      "ORDERED",
      "ORDERED",
      "ORDERED",
      "ORDERED",
      "ORDERED",
      "ORDERED",
      "ORDERED",
      "ORDERED",
      "ORDERED",
      "ORDERED",
      "ORDERED",
      "ORDERED",
      "ORDERED",
      "ORDERED",
      "ORDERED",
      "ORDERED",
      "ORDERED",
      "ORDERED",
      "ORDERED",
      "ORDERED",
      "ORDERED",
      "ORDERED",
      "ORDERED",
      "ORDERED",
      "ORDERED",
      "ORDERED",
      "ORDERED",
      "ORDERED",
      "ORDERED",
      "ORDERED",
      "ORDERED",
      "ORDERED",
      "ORDERED",
      "ORDERED",
      "ORDERED",
      "ORDERED",
      "ORDERED",
      "ORDERED",
      "ORDERED",
      "ORDERED",
      "ORDERED",
      "ORDERED",
      "ORDERED",
      "ORDERED"
    ],
    "sequence_propensity": [
      0.9140422939419611,
      0.9429484250752789,
      0.8959379276005675,
      0.9698767682889484,
      0.9999999996805111,
      0.8942644147454806,
      0.9300167348314261,
      0.7477559711592443,
      0.6219382319631721,
      0.43648258011309704,
      0.2396166133419755,
      0.26593640642652266,
      0.29225619951106985,
      0.19960444235217265,
      0.32542218154824487,
      0.21451392051567336,
      0.33774532166297505,
      0.19443176625463157,
      0.35600182553664944,
      0.43572189245169396,
      0.6500836754350868,
      0.5731020841010933,
      0.40924996183486617,
      0.27080480745950253,
      0.0,
      0.005629088694382922,
      0.1376844667139606,
      0.02677620568138905,
      0.2829758100419521,
      0.438916780629587,
      0.5186368475446316,
      0.7512551344016987,
      0.5426745776449695,
      0.46569298631097605,
      0.35539327540752697,
      0.15852730863640546,
      0.18484710172095262,
      0.19625741664199908,
      0.2750646583633599,
      0.23931233827741435,
      0.37517115460400746,
      0.37517115460400746,
      0.37517115460400746,
      0.5458694658228624,
      0.6255895327379071,
      0.6369998476589536,
      0.4043815608018864,
      0.24311577658442984,
      0.344591510615603,
      0.22181652206514316,
      0.11653734972695455,
      0.2962117753503661,
      0.18530351431779452,
      0.26182869305494605,
      0.42339875233696395,
      0.426593640514857,
      0.4976418680899062,
      0.36102236410190996,
      0.13525026619747077,
      0.21801308375812778,
      0.24691921489144544,
      0.1697854860251714,
      0.15228966981290018,
      0.30823064040053505,
      0.28997413652686077,
      0.26989198226581895,
      0.4910999542018396,
      0.5822303360379307,
      0.6114407422358096,
      0.4793853642162319,
      0.42248592714328026,
      0.3919062831548757,
      0.21223185753146423,
      0.1816522135430597,
      0.1816522135430597,
      0.04016430852208367,
      0.11668948725923523,
      0.136771641520277
    ],