{
  "timestamp": "2026-04-19T12:42:02.865751",
  "sequence": "GNALEMALIYRQDPSMEFLIYKRNGNALEMALVIYEKNPSMEFLIYRQDGSALEMIYVKRNPNMEFLIYEQDGSALEM",
  "n_residues": 78,
  "z2_constant": 33.510321638291124,
  "optimal_contacts": 8,
  "final_losses": {
    "z2_contact": 0.02059953287243843,
    "bond_length": 0.0008751790737733245,
    "steric_clash": 0.0019905855879187584,
    "radius_gyr": 0.014700443483889103
  },
  "mean_contacts": 6.897435897435898,
  "z2_deviation": -1.1025641025641022,
  "training_epochs": 200,
  "device": "mps"
}