{
  "mu_tau_relation": {
    "ratio": 0.0005627905406165933,
    "error_percent": 99.99104291035356
  },
  "koide": {
    "value": 0.6666605114773855,
    "angle_rad": 1.047208212264353
  },
  "bulk_mass_diffs": {
    "tau_mu": 0.07328923529284513,
    "mu_e": 0.13844596808313167
  },
  "additional_relations": [
    {
      "formula": "m_\u03bc\u00b2/m_\u03c4",
      "value": 6.282820432278853,
      "target": "2\u03c0",
      "target_value": 6.283185307179586,
      "error": 0.005807164406189277
    }
  ]
}