{
  "timestamp": "2026-04-19T09:14:42.166633",
  "trajectory_file": "production_md_test/production_trajectory.dcd",
  "topology_file": "production_md_test/equilibrated.pdb",
  "status": "success",
  "n_frames": 20,
  "n_atoms": 7867,
  "rmsd": {
    "times_ps": [
      1.0000000029814058,
      2.0000000059628116,
      3.0000000089442174,
      4.000000011925623,
      5.0000000149070285,
      6.000000017888435,
      7.000000020869841,
      8.000000023851246,
      9.000000026832652,
      10.000000029814057,
      11.000000032795464,
      12.00000003577687,
      13.000000038758275,
      14.000000041739682,
      15.000000044721087,
      16.000000047702493,
      17.000000050683898,
      18.000000053665303,
      19.00000005664671,
      20.000000059628114
    ],
    "values_A": [
      1.7709287469582735e-07,
      0.2279065160866617,
      0.20493704677037572,
      0.26752356750807926,
      0.25517125306870864,
      0.22912749503060045,
      0.24113083250132805,
      0.3118692868755697,
      0.26185489246088556,
      0.27846642685684164,
      0.22598634855605312,
      0.26611319711405196,
      0.31904721623243176,
      0.3463753047045147,
      0.2987529400623609,
      0.2818707246930325,
      0.30659298185753125,
      0.28507647091526533,
      0.36154963151317354,
      0.3817981362826486
    ],
    "mean_A": 0.2675575223091494,
    "std_A": 0.07648921185248121,
    "final_A": 0.3817981362826486
  },
  "rg": {
    "times_ps": [
      1.0000000029814058,
      2.0000000059628116,
      3.0000000089442174,
      4.000000011925623,
      5.0000000149070285,
      6.000000017888435,
      7.000000020869841,
      8.000000023851246,
      9.000000026832652,
      10.000000029814057,
      11.000000032795464,
      12.00000003577687,
      13.000000038758275,
      14.000000041739682,
      15.000000044721087,
      16.000000047702493,
      17.000000050683898,
      18.000000053665303,
      19.00000005664671,
      20.000000059628114
    ],
    "values_A": [
      9.639147152325004,
      9.619880136012553,
      9.630963902156907,
      9.634458731819834,
      9.628766468528674,
      9.64913380275503,
      9.65187637599154,
      9.636701225084675,
      9.644063020677486,
      9.622454188060857,
      9.597864171009249,
      9.609405989734075,
      9.609263959083261,
      9.636432226807738,
      9.617792769416749,
      9.628125894780075,
      9.629666499638578,
      9.614792248489165,
      9.613963924496552,
      9.596998030699355
    ],
    "mean_A": 9.625587535878367,
    "std_A": 0.015201466702987694,
    "initial_A": 9.639147152325004,
    "final_A": 9.596998030699355
  },
  "hbonds": {
    "times_ps": [
      1.0000000029814058,
      2.0000000059628116,
      3.0000000089442174,
      4.000000011925623,
      5.0000000149070285,
      6.000000017888435,
      7.000000020869841,
      8.000000023851246,
      9.000000026832652,
      10.000000029814057,
      11.000000032795464,
      12.00000003577687,
      13.000000038758275,
      14.000000041739682,
      15.000000044721087,
      16.000000047702493,
      17.000000050683898,
      18.000000053665303,
      19.00000005664671,
      20.000000059628114
    ],
    "counts": [
      4,
      5,
      3,
      1,
      6,
      4,
      2,
      2,
      3,
      3,
      3,
      5,
      7,
      7,
      6,
      6,
      4,
      5,
      6,
      4
    ],
    "mean": 4.3,
    "std": 1.6763054614240211,
    "initial": 4,
    "final": 4
  },
  "figure_path": "trajectory_analysis_test/trajectory_analysis.png",
  "stability": {
    "rmsd_plateau": "True",
    "rg_stable": "True",
    "hbonds_maintained": "False",
    "overall_stable": "False"
  },
  "_license": {
    "spdx": "CC-BY-SA-4.0",
    "type": "OpenMTA + CC BY-SA 4.0",
    "prior_art": true,
    "publication_date": "2026-04-19T14:12:54.021785",
    "sha256": "ccf00d8302fd0fbce69ee3f3b9eb1105af2f62395caa2ec9f037b6c11cd6b966",
    "notice": "This data is published as PRIOR ART. No patents may be filed."
  }
}