{
  "timestamp": "2026-04-19T11:23:34.887490",
  "input_pdb": "pipeline_output_globular80/esm_prediction/z2_globular_80_esm.pdb",
  "n_residues": 78,
  "z2_constant": 33.510321638291124,
  "spectroscopy": {
    "z2_resonance_wavenumber": 10.307004000000001,
    "z2_resonance_thz": 0.309,
    "n_modes_analyzed": 228,
    "wavenumber_range": [
      87.05805223617723,
      223.73330776883543
    ],
    "top_ir_peaks_cm-1": [
      183.78439219609805,
      134.5072536268134,
      139.7073536768384,
      205.82291145572788,
      153.82191095547773
    ],
    "top_raman_peaks_cm-1": [
      184.27963981990996,
      178.831915957979,
      134.0120060030015,
      137.97398699349674,
      205.57528764382192
    ],
    "spectrogram_path": "spectroscopy/z2_spectrogram.png"
  }
}