{
  "timestamp": "2026-04-21T23:28:27.971893",
  "hypothesis": "Dielectric Shielding: Water expands geometry, lipid preserves vacuum packing",
  "vacuum_baseline": 5.788810036466141,
  "water_dielectric": 80.0,
  "lipid_dielectric": 2.0,
  "transmembrane": {
    "group": "Transmembrane",
    "structures_processed": 32,
    "structures_failed": 0,
    "n_contacts": 2128539,
    "mean_distance": 4.7983328246044605,
    "std_distance": 1.3175496918300957,
    "median_distance": 4.554629622702595,
    "expansion_multiplier": 0.8288979590585545
  },
  "globular": {
    "group": "Globular",
    "structures_processed": 32,
    "structures_failed": 0,
    "n_contacts": 205431,
    "mean_distance": 4.760623725358927,
    "std_distance": 1.2176369229294535,
    "median_distance": 4.524353102930849,
    "expansion_multiplier": 0.8223838224729716
  },
  "statistical_tests": {
    "t_test": {
      "t_statistic": 12.468437216928088,
      "p_value": 1.1127260106453993e-35
    },
    "cohens_d": -0.029725503095771953
  },
  "verdict": "SUPPORTED"
}