{
  "timestamp": "2026-04-21T23:27:12.487174",
  "hypothesis": "Kinetic Energy Expansion: Higher temperature \u2192 Larger packing distances",
  "vacuum_baseline_angstrom": 5.788810036466141,
  "mesophile_baseline_angstrom": 6.015152508891966,
  "hyperthermophile": {
    "group": "Hyperthermophile",
    "structures_processed": 23,
    "structures_failed": 1,
    "n_contacts": 459405,
    "mean_distance": 4.832729712823863,
    "std_distance": 1.2945161498607172,
    "median_distance": 4.57542369622749,
    "min_distance": 3.0000348331311097,
    "max_distance": 7.999955687377274,
    "expansion_multiplier": 0.8348399208784659
  },
  "psychrophile": {
    "group": "Psychrophile",
    "structures_processed": 24,
    "structures_failed": 0,
    "n_contacts": 497110,
    "mean_distance": 4.7114237801255765,
    "std_distance": 1.2665361551799783,
    "median_distance": 4.451798849903263,
    "min_distance": 3.0000149999625108,
    "max_distance": 7.999567675818488,
    "expansion_multiplier": 0.8138846758567552
  },
  "statistical_tests": {
    "t_test": {
      "t_statistic": 46.305494456599384,
      "p_value": 0.0,
      "significant": 