{
  "timestamp": "2026-04-22T07:42:59.555060",
  "method": "Pure side-chain analysis (backbone excluded)",
  "structures_analyzed": 94,
  "total_contacts": 1585246,
  "distance_range": [
    2.5,
    8.0
  ],
  "statistics": {
    "mean": 6.185043458547238,
    "median": 6.299853490358721,
    "std": 1.1722287504388778,
    "peak": 7.972500093337784
  },
  "z2_prediction": {
    "vacuum_distance": 5.788810036466141,
    "expansion_multiplier": 1.0391,
    "predicted_peak": 6.015152508891966
  },
  "validation": {
    "observed_peak": 7.972500093337784,
    "predicted_peak": 6.015152508891966,
    "error_angstrom": 1.9573475844458175,
    "error_percent": 32.54028192223466,
    "verdict": "NOT CONFIRMED"
  }
}