{
  "timestamp": "2026-04-21T23:29:27.605463",
  "hypothesis": "Universal Geometric Law: Mean packing = \u221aZ\u00b2 \u00d7 1.0391",
  "vacuum_baseline": 5.788810036466141,
  "predicted_multiplier": 1.0391,
  "predicted_biological_peak": 6.015152508891966,
  "structures_analyzed": 112,
  "total_contacts": 1812949,
  "empirical": {
    "mean": 4.836890774138389,
    "std": 1.2669659028608207,
    "median": 4.5910174253644485,
    "observed_multiplier": 0.8355587320483462
  },
  "gaussian_fit": {
    "amplitude": 0.31778601015065155,
    "mean": 3.768415663581366,
    "sigma": 1.9251336984897163,
    "r_squared": 0.8966099609905535,
    "bin_centers": [
      3.02500278072783,
      3.075002675519473,
      3.125002570311116,
      3.175002465102759,
      3.2250023598944018,
      3.2750022546860444,
      3.3250021494776876,
      3.3750020442693307,
      3.425001939060974,
      3.4750018338526165,
      3.525001728644259,
      3.5750016234359023,
      3.6250015182275455,
      3.675001413019188,
      3.725001307810831,
      3.775001202602474,
      3.825001097394117,
      3.87500099218576,
      3.925000886977403,
      3.9750007817690456,
      4.025000676560689,
      4.075000571352332,
      4.125000466143975,
      4.175000360935618,
      4.22500025572726,
      4.2750001505189035,
      4.325000045310546,
      4.374999940102189,
      4.424999834893832,
      4.474999729685475,
      4.524999624477118,
      4.574999519268761,
      4.6249994140604045,
      4.674999308852047,
      4.72499920364369,
      4.774999098435332,
      4.824998993226975,
      4.874998888018618,
      4.9249987828102615,
      4.974998677601905,
      5.024998572393548,
      5.074998467185191,
      5.124998361976834,
      5.174998256768476,
      5.2249981515601185,
      5.274998046351762,
      5.324997941143405,
      5.374997835935048,
      5.424997730726691,
      5.474997625518334,
      5.524997520309977,
      5.57499741510162,
      5.624997309893263,
      5.674997204684905,
      5.724997099476548,
      5.774996994268191,
      5.824996889059834,
      5.874996783851477,
      5.9249966786431205,
      5.974996573434764,
      6.024996468226407,
      6.074996363018049,
      6.124996257809691,
      6.174996152601334,
      6.2249960473929775,
      6.274995942184621,
      6.324995836976264,
      6.374995731767907,
      6.42499562655955,
      6.474995521351193,
      6.524995416142835,
      6.574995310934478,
      6.624995205726121,
      6.674995100517764,
      6.724994995309407,
      6.77499489010105,
      6.824994784892693,
      6.874994679684336,
      6.9249945744759795,
      6.974994469267622,
      7.024994364059264,
      7.074994258850907,
      7.12499415364255,
      7.174994048434193,
      7.2249939432258365,
      7.27499383801748,
      7.324993732809123,
      7.374993627600766,
      7.424993522392409,
      7.474993417184051,
      7.5249933119756935,
      7.574993206767337,
      7.62499310155898,
      7.674992996350623,
      7.724992891142266,
      7.774992785933909,
      7.824992680725552,
      7.8749925755171954,
      7.924992470308838,
      7.97499236510048
    ],
    "histogram": [
      0.3368110657548784,
      0.3296514449866485,
      0.3051278132951486,
      0.2942394532054042,
      0.2751544856722078,
      0.2911174614066216,
      0.2849396684478973,
      0.2720876527391281,
      0.2664393848911564,
      0.2748014689317094,
      0.2678073247605876,
      0.25907016043325026,
      0.2807696582007627,
      0.2850389544061625,
      0.29814470089716755,
      0.3142621214555442,
      0.311857194910899,
      0.31843213170268414,
      0.3325638330957572,
      0.3279304883767189,
      0.33442820275651425,
      0.3340420906965942,
      0.34504076851774695,
      0.3475229174743823,
      0.35042427381034724,
      0.35801413373106244,
      0.3491335563529062,
      0.3513288792078743,
      0.3465852167574273,
      0.3428895727553349,
      0.3416760777098717,
      0.33548725297800946,
      0.32650738964158765,
      0.3268714381552208,
      0.3202634060440167,
      0.3070694053678951,
      0.3062751177017683,
      0.300527563895529,
      0.28734459499254256,
      0.27685337873585625,
      0.2656561289981732,
      0.24272107263891893,
      0.2343479568252271,
      0.22606309519665152,
      0.21705013654080604,
      0.21102678840604855,
      0.19985160221464662,
      0.19040840440631493,
      0.18719815842240775,
      0.1851021215256986,
      0.17402622129256184,
      0.17387177646859692,
      0.16362325922100016,
      0.1590892004602269,
      0.14777060121799468,
      0.14066613931546473,
      0.13526057047658327,
      0.13078167058151005,
      0.1223423641289706,
      0.12421776556286825,
      0.12749420218562113,
      0.11633004776735752,
      0.12106267844466612,
      0.11591084038801569,
      0.11725671671116578,
      0.11036185849830674,
      0.10827685337473818,
      0.1031250153180899,
      0.106622087403652,
      0.10367660397512046,
      0.09888881443210933,
      0.10085247005113336,
      0.10160263062469063,
      0.10055461217633607,
      0.0991535769874831,
      0.10324636482263623,
      0.0973002390998666,
      0.10042223089864918,
      0.0962742841977949,
      0.09320745126471348,
      0.09682587285482362,
      0.09568960022134274,
      0.09450920049530126,
      0.09429959680563035,
      0.09402380247711599,
      0.09301991112132371,
      0.0906039528035379,
      0.09301991112132371,
      0.09275514856594994,
      0.08634568837127925,
      0.08813283562004924,
      0.08715100781053813,
      0.08502187559440726,
      0.08328988721133705,
      0.07924122646874625,
      0.07846900234890603,
      0.07311859237572742,
      0.07736582503484858,
      0.07699074474807178,
      0.07294208400547693
    ]
  },
  "statistical_test": {
    "t_statistic": -1252.1879507187184,
    "p_value": 0.0,
    "95_ci": [
      4.835046520562137,
      4.838735027714642
    ],
    "ci_contains_predicted": "False"
  },
  "validation": {
    "multiplier_error_percent": 19.588227114970046,
    "peak_error_percent": 19.588227114970046,
    "verdict": "NOT CONFIRMED"
  }
}