programme,mous,file,size_bytes,type,cls,url
2018.1.00164.S,uid://A001/X133d/X7a8_001_of,member.uid___A001_X133d_X7a8.J0238p1636_bp.spw25.mfs.I.mask.fits.gz,2039,product,MASK,https://almascience.nrao.edu/dataPortal/member.uid___A001_X133d_X7a8.J0238p1636_bp.spw25.mfs.I.mask.fits.gz
2018.1.00164.S,uid://A001/X133d/X7a8_001_of,member.uid___A001_X133d_X7a8.J0238p1636_bp.spw25.mfs.I.pb.fits.gz,98251,product,SCIENCE,https://almascience.nrao.edu/dataPortal/member.uid___A001_X133d_X7a8.J0238p1636_bp.spw25.mfs.I.pb.fits.gz
2018.1.00164.S,uid://A001/X133d/X7a8_001_of,member.uid___A001_X133d_X7a8.J0238p1636_bp.spw25.mfs.I.pbcor.fits,368640,product,SCIENCE,https://almascience.nrao.edu/dataPortal/member.uid___A001_X133d_X7a8.J0238p1636_bp.spw25.mfs.I.pbcor.fits
2018.1.00164.S,uid://A001/X133d/X7a8_001_of,member.uid___A001_X133d_X7a8.J0238p1636_bp.spw27.mfs.I.mask.fits.gz,2042,product,MASK,https://almascience.nrao.edu/dataPortal/member.uid___A001_X133d_X7a8.J0238p1636_bp.spw27.mfs.I.mask.fits.gz
2018.1.00164.S,uid://A001/X133d/X7a8_001_of,member.uid___A001_X133d_X7a8.J0238p1636_bp.spw27.mfs.I.pb.fits.gz,102106,product,SCIENCE,https://almascience.nrao.edu/dataPortal/member.uid___A001_X133d_X7a8.J0238p1636_bp.spw27.mfs.I.pb.fits.gz
2018.1.00164.S,uid://A001/X133d/X7a8_001_of,member.uid___A001_X133d_X7a8.J0238p1636_bp.spw27.mfs.I.pbcor.fits,368640,product,SCIENCE,https://almascience.nrao.edu/dataPortal/member.uid___A001_X133d_X7a8.J0238p1636_bp.spw27.mfs.I.pbcor.fits
2018.1.00164.S,uid://A001/X133d/X7a8_001_of,member.uid___A001_X133d_X7a8.J0238p1636_bp.spw29.mfs.I.mask.fits.gz,2058,product,MASK,https://almascience.nrao.edu/dataPortal/member.uid___A001_X133d_X7a8.J0238p1636_bp.spw29.mfs.I.mask.fits.gz
2018.1.00164.S,uid://A001/X133d/X7a8_001_of,member.uid___A001_X133d_X7a8.J0238p1636_bp.spw29.mfs.I.pb.fits.gz,125812,product,SCIENCE,https://almascience.nrao.edu/dataPortal/member.uid___A001_X133d_X7a8.J0238p1636_bp.spw29.mfs.I.pb.fits.gz
2018.1.00164.S,uid://A001/X133d/X7a8_001_of,member.uid___A001_X133d_X7a8.J0238p1636_bp.spw29.mfs.I.pbcor.fits,368640,product,SCIENCE,https://almascience.nrao.edu/dataPortal/member.uid___A001_X133d_X7a8.J0238p1636_bp.spw29.mfs.I.pbcor.fits
2018.1.00164.S,uid://A001/X133d/X7a8_001_of,member.uid___A001_X133d_X7a8.J0238p1636_bp.spw31.mfs.I.mask.fits.gz,2066,product,MASK,https://almascience.nrao.edu/dataPortal/member.uid___A001_X133d_X7a8.J0238p1636_bp.spw31.mfs.I.mask.fits.gz
2018.1.00164.S,uid://A001/X133d/X7a8_001_of,member.uid___A001_X133d_X7a8.J0238p1636_bp.spw31.mfs.I.pb.fits.gz,130933,product,SCIENCE,https://almascience.nrao.edu/dataPortal/member.uid___A001_X133d_X7a8.J0238p1636_bp.spw31.mfs.I.pb.fits.gz
2018.1.00164.S,uid://A001/X133d/X7a8_001_of,member.uid___A001_X133d_X7a8.J0238p1636_bp.spw31.mfs.I.pbcor.fits,368640,product,SCIENCE,https://almascience.nrao.edu/dataPortal/member.uid___A001_X133d_X7a8.J0238p1636_bp.spw31.mfs.I.pbcor.fits
2018.1.00164.S,uid://A001/X133d/X7a8_001_of,member.uid___A001_X133d_X7a8.J0342-3007_ph.spw25.mfs.I.mask.fits.gz,2015,product,MASK,https://almascience.nrao.edu/dataPortal/member.uid___A001_X133d_X7a8.J0342-3007_ph.spw25.mfs.I.mask.fits.gz
2018.1.00164.S,uid://A001/X133d/X7a8_001_of,member.uid___A001_X133d_X7a8.J0342-3007_ph.spw25.mfs.I.pb.fits.gz,98621,product,SCIENCE,https://almascience.nrao.edu/dataPortal/member.uid___A001_X133d_X7a8.J0342-3007_ph.spw25.mfs.I.pb.fits.gz
2018.1.00164.S,uid://A001/X133d/X7a8_001_of,member.uid___A001_X133d_X7a8.J0342-3007_ph.spw25.mfs.I.pbcor.fits,368640,product,SCIENCE,https://almascience.nrao.edu/dataPortal/member.uid___A001_X133d_X7a8.J0342-3007_ph.spw25.mfs.I.pbcor.fits
2018.1.00164.S,uid://A001/X133d/X7a8_001_of,member.uid___A001_X133d_X7a8.J0342-3007_ph.spw27.mfs.I.mask.fits.gz,2015,product,MASK,https://almascience.nrao.edu/dataPortal/member.uid___A001_X133d_X7a8.J0342-3007_ph.spw27.mfs.I.mask.fits.gz
2018.1.00164.S,uid://A001/X133d/X7a8_001_of,member.uid___A001_X133d_X7a8.J0342-3007_ph.spw27.mfs.I.pb.fits.gz,102443,product,SCIENCE,https://almascience.nrao.edu/dataPortal/member.uid___A001_X133d_X7a8.J0342-3007_ph.spw27.mfs.I.pb.fits.gz
2018.1.00164.S,uid://A001/X133d/X7a8_001_of,member.uid___A001_X133d_X7a8.J0342-3007_ph.spw27.mfs.I.pbcor.fits,368640,product,SCIENCE,https://almascience.nrao.edu/dataPortal/member.uid___A001_X133d_X7a8.J0342-3007_ph.spw27.mfs.I.pbcor.fits
2018.1.00164.S,uid://A001/X133d/X7a8_001_of,member.uid___A001_X133d_X7a8.J0342-3007_ph.spw29.mfs.I.mask.fits.gz,2051,product,MASK,https://almascience.nrao.edu/dataPortal/member.uid___A001_X133d_X7a8.J0342-3007_ph.spw29.mfs.I.mask.fits.gz
2018.1.00164.S,uid://A001/X133d/X7a8_001_of,member.uid___A001_X133d_X7a8.J0342-3007_ph.spw29.mfs.I.pb.fits.gz,126072,product,SCIENCE,https://almascience.nrao.edu/dataPortal/member.uid___A001_X133d_X7a8.J0342-3007_ph.spw29.mfs.I.pb.fits.gz
2018.1.00164.S,uid://A001/X133d/X7a8_001_of,member.uid___A001_X133d_X7a8.J0342-3007_ph.spw29.mfs.I.pbcor.fits,368640,product,SCIENCE,https://almascience.nrao.edu/dataPortal/member.uid___A001_X133d_X7a8.J0342-3007_ph.spw29.mfs.I.pbcor.fits
2018.1.00164.S,uid://A001/X133d/X7a8_001_of,member.uid___A001_X133d_X7a8.J0342-3007_ph.spw31.mfs.I.mask.fits.gz,2042,product,MASK,https://almascience.nrao.edu/dataPortal/member.uid___A001_X133d_X7a8.J0342-3007_ph.spw31.mfs.I.mask.fits.gz
2018.1.00164.S,uid://A001/X133d/X7a8_001_of,member.uid___A001_X133d_X7a8.J0342-3007_ph.spw31.mfs.I.pb.fits.gz,131099,product,SCIENCE,https://almascience.nrao.edu/dataPortal/member.uid___A001_X133d_X7a8.J0342-3007_ph.spw31.mfs.I.pb.fits.gz
2018.1.00164.S,uid://A001/X133d/X7a8_001_of,member.uid___A001_X133d_X7a8.J0342-3007_ph.spw31.mfs.I.pbcor.fits,368640,product,SCIENCE,https://almascience.nrao.edu/dataPortal/member.uid___A001_X133d_X7a8.J0342-3007_ph.spw31.mfs.I.pbcor.fits
2018.1.00164.S,uid://A001/X133d/X7a8_001_of,member.uid___A001_X133d_X7a8.J0348-2749_ph.spw25.mfs.I.mask.fits.gz,2016,product,MASK,https://almascience.nrao.edu/dataPortal/member.uid___A001_X133d_X7a8.J0348-2749_ph.spw25.mfs.I.mask.fits.gz
2018.1.00164.S,uid://A001/X133d/X7a8_001_of,member.uid___A001_X133d_X7a8.J0348-2749_ph.spw25.mfs.I.pb.fits.gz,98665,product,SCIENCE,https://almascience.nrao.edu/dataPortal/member.uid___A001_X133d_X7a8.J0348-2749_ph.spw25.mfs.I.pb.fits.gz
2018.1.00164.S,uid://A001/X133d/X7a8_001_of,member.uid___A001_X133d_X7a8.J0348-2749_ph.spw25.mfs.I.pbcor.fits,368640,product,SCIENCE,https://almascience.nrao.edu/dataPortal/member.uid___A001_X133d_X7a8.J0348-2749_ph.spw25.mfs.I.pbcor.fits
2018.1.00164.S,uid://A001/X133d/X7a8_001_of,member.uid___A001_X133d_X7a8.J0348-2749_ph.spw27.mfs.I.mask.fits.gz,2021,product,MASK,https://almascience.nrao.edu/dataPortal/member.uid___A001_X133d_X7a8.J0348-2749_ph.spw27.mfs.I.mask.fits.gz
2018.1.00164.S,uid://A001/X133d/X7a8_001_of,member.uid___A001_X133d_X7a8.J0348-2749_ph.spw27.mfs.I.pb.fits.gz,102569,product,SCIENCE,https://almascience.nrao.edu/dataPortal/member.uid___A001_X133d_X7a8.J0348-2749_ph.spw27.mfs.I.pb.fits.gz
2018.1.00164.S,uid://A001/X133d/X7a8_001_of,member.uid___A001_X133d_X7a8.J0348-2749_ph.spw27.mfs.I.pbcor.fits,368640,product,SCIENCE,https://almascience.nrao.edu/dataPortal/member.uid___A001_X133d_X7a8.J0348-2749_ph.spw27.mfs.I.pbcor.fits
2018.1.00164.S,uid://A001/X133d/X7a8_001_of,member.uid___A001_X133d_X7a8.J0348-2749_ph.spw29.mfs.I.mask.fits.gz,2047,product,MASK,https://almascience.nrao.edu/dataPortal/member.uid___A001_X133d_X7a8.J0348-2749_ph.spw29.mfs.I.mask.fits.gz
2018.1.00164.S,uid://A001/X133d/X7a8_001_of,member.uid___A001_X133d_X7a8.J0348-2749_ph.spw29.mfs.I.pb.fits.gz,126314,product,SCIENCE,https://almascience.nrao.edu/dataPortal/member.uid___A001_X133d_X7a8.J0348-2749_ph.spw29.mfs.I.pb.fits.gz
2018.1.00164.S,uid://A001/X133d/X7a8_001_of,member.uid___A001_X133d_X7a8.J0348-2749_ph.spw29.mfs.I.pbcor.fits,368640,product,SCIENCE,https://almascience.nrao.edu/dataPortal/member.uid___A001_X133d_X7a8.J0348-2749_ph.spw29.mfs.I.pbcor.fits
2018.1.00164.S,uid://A001/X133d/X7a8_001_of,member.uid___A001_X133d_X7a8.J0348-2749_ph.spw31.mfs.I.mask.fits.gz,2091,product,MASK,https://almascience.nrao.edu/dataPortal/member.uid___A001_X133d_X7a8.J0348-2749_ph.spw31.mfs.I.mask.fits.gz
2018.1.00164.S,uid://A001/X133d/X7a8_001_of,member.uid___A001_X133d_X7a8.J0348-2749_ph.spw31.mfs.I.pb.fits.gz,131266,product,SCIENCE,https://almascience.nrao.edu/dataPortal/member.uid___A001_X133d_X7a8.J0348-2749_ph.spw31.mfs.I.pb.fits.gz
2018.1.00164.S,uid://A001/X133d/X7a8_001_of,member.uid___A001_X133d_X7a8.J0348-2749_ph.spw31.mfs.I.pbcor.fits,368640,product,SCIENCE,https://almascience.nrao.edu/dataPortal/member.uid___A001_X133d_X7a8.J0348-2749_ph.spw31.mfs.I.pbcor.fits
2018.1.00164.S,uid://A001/X133d/X7a8_001_of,member.uid___A001_X133d_X7a8.J0522-3627_bp.spw25.mfs.I.mask.fits.gz,2197,product,MASK,https://almascience.nrao.edu/dataPortal/member.uid___A001_X133d_X7a8.J0522-3627_bp.spw25.mfs.I.mask.fits.gz
2018.1.00164.S,uid://A001/X133d/X7a8_001_of,member.uid___A001_X133d_X7a8.J0522-3627_bp.spw25.mfs.I.pb.fits.gz,98945,product,SCIENCE,https://almascience.nrao.edu/dataPortal/member.uid___A001_X133d_X7a8.J0522-3627_bp.spw25.mfs.I.pb.fits.gz
2018.1.00164.S,uid://A001/X133d/X7a8_001_of,member.uid___A001_X133d_X7a8.J0522-3627_bp.spw25.mfs.I.pbcor.fits,368640,product,SCIENCE,https://almascience.nrao.edu/dataPortal/member.uid___A001_X133d_X7a8.J0522-3627_bp.spw25.mfs.I.pbcor.fits
2018.1.00164.S,uid://A001/X133d/X7a8_001_of,member.uid___A001_X133d_X7a8.J0522-3627_bp.spw27.mfs.I.mask.fits.gz,2195,product,MASK,https://almascience.nrao.edu/dataPortal/member.uid___A001_X133d_X7a8.J0522-3627_bp.spw27.mfs.I.mask.fits.gz
2018.1.00164.S,uid://A001/X133d/X7a8_001_of,member.uid___A001_X133d_X7a8.J0522-3627_bp.spw27.mfs.I.pb.fits.gz,102636,product,SCIENCE,https://almascience.nrao.edu/dataPortal/member.uid___A001_X133d_X7a8.J0522-3627_bp.spw27.mfs.I.pb.fits.gz
2018.1.00164.S,uid://A001/X133d/X7a8_001_of,member.uid___A001_X133d_X7a8.J0522-3627_bp.spw27.mfs.I.pbcor.fits,368640,product,SCIENCE,https://almascience.nrao.edu/dataPortal/member.uid___A001_X133d_X7a8.J0522-3627_bp.spw27.mfs.I.pbcor.fits
2018.1.00164.S,uid://A001/X133d/X7a8_001_of,member.uid___A001_X133d_X7a8.J0522-3627_bp.spw29.mfs.I.mask.fits.gz,2296,product,MASK,https://almascience.nrao.edu/dataPortal/member.uid___A001_X133d_X7a8.J0522-3627_bp.spw29.mfs.I.mask.fits.gz
2018.1.00164.S,uid://A001/X133d/X7a8_001_of,member.uid___A001_X133d_X7a8.J0522-3627_bp.spw29.mfs.I.pb.fits.gz,126215,product,SCIENCE,https://almascience.nrao.edu/dataPortal/member.uid___A001_X133d_X7a8.J0522-3627_bp.spw29.mfs.I.pb.fits.gz
2018.1.00164.S,uid://A001/X133d/X7a8_001_of,member.uid___A001_X133d_X7a8.J0522-3627_bp.spw29.mfs.I.pbcor.fits,368640,product,SCIENCE,https://almascience.nrao.edu/dataPortal/member.uid___A001_X133d_X7a8.J0522-3627_bp.spw29.mfs.I.pbcor.fits
2018.1.00164.S,uid://A001/X133d/X7a8_001_of,member.uid___A001_X133d_X7a8.J0522-3627_bp.spw31.mfs.I.mask.fits.gz,2302,product,MASK,https://almascience.nrao.edu/dataPortal/member.uid___A001_X133d_X7a8.J0522-3627_bp.spw31.mfs.I.mask.fits.gz
2018.1.00164.S,uid://A001/X133d/X7a8_001_of,member.uid___A001_X133d_X7a8.J0522-3627_bp.spw31.mfs.I.pb.fits.gz,131645,product,SCIENCE,https://almascience.nrao.edu/dataPortal/member.uid___A001_X133d_X7a8.J0522-3627_bp.spw31.mfs.I.pb.fits.gz
2018.1.00164.S,uid://A001/X133d/X7a8_001_of,member.uid___A001_X133d_X7a8.J0522-3627_bp.spw31.mfs.I.pbcor.fits,368640,product,SCIENCE,https://almascience.nrao.edu/dataPortal/member.uid___A001_X133d_X7a8.J0522-3627_bp.spw31.mfs.I.pbcor.fits
2018.1.00164.S,uid://A001/X133d/X7a8_001_of,member.uid___A001_X133d_X7a8.cdfs_18283_sci.spw25.cube.I.mask.fits.gz,266699,product,MASK,https://almascience.nrao.edu/dataPortal/member.uid___A001_X133d_X7a8.cdfs_18283_sci.spw25.cube.I.mask.fits.gz
2018.1.00164.S,uid://A001/X133d/X7a8_001_of,member.uid___A001_X133d_X7a8.cdfs_18283_sci.spw25.cube.I.pb.fits.gz,71684951,product,SCIENCE,https://almascience.nrao.edu/dataPortal/member.uid___A001_X133d_X7a8.cdfs_18283_sci.spw25.cube.I.pb.fits.gz
2018.1.00164.S,uid://A001/X133d/X7a8_001_of,member.uid___A001_X133d_X7a8.cdfs_18283_sci.spw25.cube.I.pbcor.fits,273205440,product,SCIENCE,https://almascience.nrao.edu/dataPortal/member.uid___A001_X133d_X7a8.cdfs_18283_sci.spw25.cube.I.pbcor.fits
2018.1.00164.S,uid://A001/X133d/X7a8_001_of,member.uid___A001_X133d_X7a8.cdfs_18283_sci.spw25.mfs.I.mask.fits.gz,2131,product,MASK,https://almascience.nrao.edu/dataPortal/member.uid___A001_X133d_X7a8.cdfs_18283_sci.spw25.mfs.I.mask.fits.gz
2018.1.00164.S,uid://A001/X133d/X7a8_001_of,member.uid___A001_X133d_X7a8.cdfs_18283_sci.spw25.mfs.I.pb.fits.gz,151880,product,SCIENCE,https://almascience.nrao.edu/dataPortal/member.uid___A001_X133d_X7a8.cdfs_18283_sci.spw25.mfs.I.pb.fits.gz
2018.1.00164.S,uid://A001/X133d/X7a8_001_of,member.uid___A001_X133d_X7a8.cdfs_18283_sci.spw25.mfs.I.pbcor.fits,581760,product,SCIENCE,https://almascience.nrao.edu/dataPortal/member.uid___A001_X133d_X7a8.cdfs_18283_sci.spw25.mfs.I.pbcor.fits
2018.1.00164.S,uid://A001/X133d/X7a8_001_of,member.uid___A001_X133d_X7a8.cdfs_18283_sci.spw25_27_29_31.cont.I.alpha.error.fits,581760,product,SCIENCE,https://almascience.nrao.edu/dataPortal/member.uid___A001_X133d_X7a8.cdfs_18283_sci.spw25_27_29_31.cont.I.alpha.error.fits
2018.1.00164.S,uid://A001/X133d/X7a8_001_of,member.uid___A001_X133d_X7a8.cdfs_18283_sci.spw25_27_29_31.cont.I.alpha.fits,581760,product,SCIENCE,https://almascience.nrao.edu/dataPortal/member.uid___A001_X133d_X7a8.cdfs_18283_sci.spw25_27_29_31.cont.I.alpha.fits
2018.1.00164.S,uid://A001/X133d/X7a8_001_of,member.uid___A001_X133d_X7a8.cdfs_18283_sci.spw25_27_29_31.cont.I.mask.fits.gz,2255,product,MASK,https://almascience.nrao.edu/dataPortal/member.uid___A001_X133d_X7a8.cdfs_18283_sci.spw25_27_29_31.cont.I.mask.fits.gz
2018.1.00164.S,uid://A001/X133d/X7a8_001_of,member.uid___A001_X133d_X7a8.cdfs_18283_sci.spw25_27_29_31.cont.I.pb.tt0.fits,584640,product,SCIENCE,https://almascience.nrao.edu/dataPortal/member.uid___A001_X133d_X7a8.cdfs_18283_sci.spw25_27_29_31.cont.I.pb.tt0.fits
2018.1.00164.S,uid://A001/X133d/X7a8_001_of,member.uid___A001_X133d_X7a8.cdfs_18283_sci.spw25_27_29_31.cont.I.tt0.pbcor.fits,581760,product,SCIENCE,https://almascience.nrao.edu/dataPortal/member.uid___A001_X133d_X7a8.cdfs_18283_sci.spw25_27_29_31.cont.I.tt0.pbcor.fits
2018.1.00164.S,uid://A001/X133d/X7a8_001_of,member.uid___A001_X133d_X7a8.cdfs_18283_sci.spw25_27_29_31.cont.I.tt1.pbcor.fits,581760,product,SCIENCE,https://almascience.nrao.edu/dataPortal/member.uid___A001_X133d_X7a8.cdfs_18283_sci.spw25_27_29_31.cont.I.tt1.pbcor.fits
2018.1.00164.S,uid://A001/X133d/X7a8_001_of,member.uid___A001_X133d_X7a8.cdfs_18283_sci.spw27.cube.I.mask.fits.gz,266705,product,MASK,https://almascience.nrao.edu/dataPortal/member.uid___A001_X133d_X7a8.cdfs_18283_sci.spw27.cube.I.mask.fits.gz
2018.1.00164.S,uid://A001/X133d/X7a8_001_of,member.uid___A001_X133d_X7a8.cdfs_18283_sci.spw27.cube.I.pb.fits.gz,74322291,product,SCIENCE,https://almascience.nrao.edu/dataPortal/member.uid___A001_X133d_X7a8.cdfs_18283_sci.spw27.cube.I.pb.fits.gz
2018.1.00164.S,uid://A001/X133d/X7a8_001_of,member.uid___A001_X133d_X7a8.cdfs_18283_sci.spw27.cube.I.pbcor.fits,273205440,product,SCIENCE,https://almascience.nrao.edu/dataPortal/member.uid___A001_X133d_X7a8.cdfs_18283_sci.spw27.cube.I.pbcor.fits
2018.1.00164.S,uid://A001/X133d/X7a8_001_of,member.uid___A001_X133d_X7a8.cdfs_18283_sci.spw27.mfs.I.mask.fits.gz,2128,product,MASK,https://almascience.nrao.edu/dataPortal/member.uid___A001_X133d_X7a8.cdfs_18283_sci.spw27.mfs.I.mask.fits.gz
2018.1.00164.S,uid://A001/X133d/X7a8_001_of,member.uid___A001_X133d_X7a8.cdfs_18283_sci.spw27.mfs.I.pb.fits.gz,156928,product,SCIENCE,https://almascience.nrao.edu/dataPortal/member.uid___A001_X133d_X7a8.cdfs_18283_sci.spw27.mfs.I.pb.fits.gz
2018.1.00164.S,uid://A001/X133d/X7a8_001_of,member.uid___A001_X133d_X7a8.cdfs_18283_sci.spw27.mfs.I.pbcor.fits,581760,product,SCIENCE,https://almascience.nrao.edu/dataPortal/member.uid___A001_X133d_X7a8.cdfs_18283_sci.spw27.mfs.I.pbcor.fits
2018.1.00164.S,uid://A001/X133d/X7a8_001_of,member.uid___A001_X133d_X7a8.cdfs_18283_sci.spw29.cube.I.mask.fits.gz,266703,product,MASK,https://almascience.nrao.edu/dataPortal/member.uid___A001_X133d_X7a8.cdfs_18283_sci.spw29.cube.I.mask.fits.gz
2018.1.00164.S,uid://A001/X133d/X7a8_001_of,member.uid___A001_X133d_X7a8.cdfs_18283_sci.spw29.cube.I.pb.fits.gz,90867719,product,SCIENCE,https://almascience.nrao.edu/dataPortal/member.uid___A001_X133d_X7a8.cdfs_18283_sci.spw29.cube.I.pb.fits.gz
2018.1.00164.S,uid://A001/X133d/X7a8_001_of,member.uid___A001_X133d_X7a8.cdfs_18283_sci.spw29.cube.I.pbcor.fits,273205440,product,SCIENCE,https://almascience.nrao.edu/dataPortal/member.uid___A001_X133d_X7a8.cdfs_18283_sci.spw29.cube.I.pbcor.fits
2018.1.00164.S,uid://A001/X133d/X7a8_001_of,member.uid___A001_X133d_X7a8.cdfs_18283_sci.spw29.mfs.I.mask.fits.gz,2131,product,MASK,https://almascience.nrao.edu/dataPortal/member.uid___A001_X133d_X7a8.cdfs_18283_sci.spw29.mfs.I.mask.fits.gz
2018.1.00164.S,uid://A001/X133d/X7a8_001_of,member.uid___A001_X133d_X7a8.cdfs_18283_sci.spw29.mfs.I.pb.fits.gz,191195,product,SCIENCE,https://almascience.nrao.edu/dataPortal/member.uid___A001_X133d_X7a8.cdfs_18283_sci.spw29.mfs.I.pb.fits.gz
2018.1.00164.S,uid://A001/X133d/X7a8_001_of,member.uid___A001_X133d_X7a8.cdfs_18283_sci.spw29.mfs.I.pbcor.fits,581760,product,SCIENCE,https://almascience.nrao.edu/dataPortal/member.uid___A001_X133d_X7a8.cdfs_18283_sci.spw29.mfs.I.pbcor.fits
2018.1.00164.S,uid://A001/X133d/X7a8_001_of,member.uid___A001_X133d_X7a8.cdfs_18283_sci.spw31.cube.I.mask.fits.gz,266702,product,MASK,https://almascience.nrao.edu/dataPortal/member.uid___A001_X133d_X7a8.cdfs_18283_sci.spw31.cube.I.mask.fits.gz
2018.1.00164.S,uid://A001/X133d/X7a8_001_of,member.uid___A001_X133d_X7a8.cdfs_18283_sci.spw31.cube.I.pb.fits.gz,94492761,product,SCIENCE,https://almascience.nrao.edu/dataPortal/member.uid___A001_X133d_X7a8.cdfs_18283_sci.spw31.cube.I.pb.fits.gz
2018.1.00164.S,uid://A001/X133d/X7a8_001_of,member.uid___A001_X133d_X7a8.cdfs_18283_sci.spw31.cube.I.pbcor.fits,273205440,product,SCIENCE,https://almascience.nrao.edu/dataPortal/member.uid___A001_X133d_X7a8.cdfs_18283_sci.spw31.cube.I.pbcor.fits
2018.1.00164.S,uid://A001/X133d/X7a8_001_of,member.uid___A001_X133d_X7a8.cdfs_18283_sci.spw31.mfs.I.mask.fits.gz,2127,product,MASK,https://almascience.nrao.edu/dataPortal/member.uid___A001_X133d_X7a8.cdfs_18283_sci.spw31.mfs.I.mask.fits.gz
2018.1.00164.S,uid://A001/X133d/X7a8_001_of,member.uid___A001_X133d_X7a8.cdfs_18283_sci.spw31.mfs.I.pb.fits.gz,198794,product,SCIENCE,https://almascience.nrao.edu/dataPortal/member.uid___A001_X133d_X7a8.cdfs_18283_sci.spw31.mfs.I.pb.fits.gz
2018.1.00164.S,uid://A001/X133d/X7a8_001_of,member.uid___A001_X133d_X7a8.cdfs_18283_sci.spw31.mfs.I.pbcor.fits,581760,product,SCIENCE,https://almascience.nrao.edu/dataPortal/member.uid___A001_X133d_X7a8.cdfs_18283_sci.spw31.mfs.I.pbcor.fits
2018.1.00164.S,uid://A001/X133d/X7a8_001_of,member.uid___A001_X133d_X7a8.cdfs_21129_sci.spw25.cube.I.mask.fits.gz,266699,product,MASK,https://almascience.nrao.edu/dataPortal/member.uid___A001_X133d_X7a8.cdfs_21129_sci.spw25.cube.I.mask.fits.gz
2018.1.00164.S,uid://A001/X133d/X7a8_001_of,member.uid___A001_X133d_X7a8.cdfs_21129_sci.spw25.cube.I.pb.fits.gz,71685003,product,SCIENCE,https://almascience.nrao.edu/dataPortal/member.uid___A001_X133d_X7a8.cdfs_21129_sci.spw25.cube.I.pb.fits.gz
2018.1.00164.S,uid://A001/X133d/X7a8_001_of,member.uid___A001_X133d_X7a8.cdfs_21129_sci.spw25.cube.I.pbcor.fits,273205440,product,SCIENCE,https://almascience.nrao.edu/dataPortal/member.uid___A001_X133d_X7a8.cdfs_21129_sci.spw25.cube.I.pbcor.fits
2018.1.00164.S,uid://A001/X133d/X7a8_001_of,member.uid___A001_X133d_X7a8.cdfs_21129_sci.spw25.mfs.I.mask.fits.gz,2122,product,MASK,https://almascience.nrao.edu/dataPortal/member.uid___A001_X133d_X7a8.cdfs_21129_sci.spw25.mfs.I.mask.fits.gz
2018.1.00164.S,uid://A001/X133d/X7a8_001_of,member.uid___A001_X133d_X7a8.cdfs_21129_sci.spw25.mfs.I.pb.fits.gz,151281,product,SCIENCE,https://almascience.nrao.edu/dataPortal/member.uid___A001_X133d_X7a8.cdfs_21129_sci.spw25.mfs.I.pb.fits.gz
2018.1.00164.S,uid://A001/X133d/X7a8_001_of,member.uid___A001_X133d_X7a8.cdfs_21129_sci.spw25.mfs.I.pbcor.fits,581760,product,SCIENCE,https://almascience.nrao.edu/dataPortal/member.uid___A001_X133d_X7a8.cdfs_21129_sci.spw25.mfs.I.pbcor.fits
2018.1.00164.S,uid://A001/X133d/X7a8_001_of,member.uid___A001_X133d_X7a8.cdfs_21129_sci.spw25_27_29_31.cont.I.alpha.error.fits,581760,product,SCIENCE,https://almascience.nrao.edu/dataPortal/member.uid___A001_X133d_X7a8.cdfs_21129_sci.spw25_27_29_31.cont.I.alpha.error.fits
2018.1.00164.S,uid://A001/X133d/X7a8_001_of,member.uid___A001_X133d_X7a8.cdfs_21129_sci.spw25_27_29_31.cont.I.alpha.fits,581760,product,SCIENCE,https://almascience.nrao.edu/dataPortal/member.uid___A001_X133d_X7a8.cdfs_21129_sci.spw25_27_29_31.cont.I.alpha.fits
2018.1.00164.S,uid://A001/X133d/X7a8_001_of,member.uid___A001_X133d_X7a8.cdfs_21129_sci.spw25_27_29_31.cont.I.mask.fits.gz,2244,product,MASK,https://almascience.nrao.edu/dataPortal/member.uid___A001_X133d_X7a8.cdfs_21129_sci.spw25_27_29_31.cont.I.mask.fits.gz
2018.1.00164.S,uid://A001/X133d/X7a8_001_of,member.uid___A001_X133d_X7a8.cdfs_21129_sci.spw25_27_29_31.cont.I.pb.tt0.fits,584640,product,SCIENCE,https://almascience.nrao.edu/dataPortal/member.uid___A001_X133d_X7a8.cdfs_21129_sci.spw25_27_29_31.cont.I.pb.tt0.fits
2018.1.00164.S,uid://A001/X133d/X7a8_001_of,member.uid___A001_X133d_X7a8.cdfs_21129_sci.spw25_27_29_31.cont.I.tt0.pbcor.fits,581760,product,SCIENCE,https://almascience.nrao.edu/dataPortal/member.uid___A001_X133d_X7a8.cdfs_21129_sci.spw25_27_29_31.cont.I.tt0.pbcor.fits
2018.1.00164.S,uid://A001/X133d/X7a8_001_of,member.uid___A001_X133d_X7a8.cdfs_21129_sci.spw25_27_29_31.cont.I.tt1.pbcor.fits,581760,product,SCIENCE,https://almascience.nrao.edu/dataPortal/member.uid___A001_X133d_X7a8.cdfs_21129_sci.spw25_27_29_31.cont.I.tt1.pbcor.fits
2018.1.00164.S,uid://A001/X133d/X7a8_001_of,member.uid___A001_X133d_X7a8.cdfs_21129_sci.spw27.cube.I.mask.fits.gz,266701,product,MASK,https://almascience.nrao.edu/dataPortal/member.uid___A001_X133d_X7a8.cdfs_21129_sci.spw27.cube.I.mask.fits.gz
2018.1.00164.S,uid://A001/X133d/X7a8_001_of,member.uid___A001_X133d_X7a8.cdfs_21129_sci.spw27.cube.I.pb.fits.gz,74320907,product,SCIENCE,https://almascience.nrao.edu/dataPortal/member.uid___A001_X133d_X7a8.cdfs_21129_sci.spw27.cube.I.pb.fits.gz
2018.1.00164.S,uid://A001/X133d/X7a8_001_of,member.uid___A001_X133d_X7a8.cdfs_21129_sci.spw27.cube.I.pbcor.fits,273205440,product,SCIENCE,https://almascience.nrao.edu/dataPortal/member.uid___A001_X133d_X7a8.cdfs_21129_sci.spw27.cube.I.pbcor.fits
2018.1.00164.S,uid://A001/X133d/X7a8_001_of,member.uid___A001_X133d_X7a8.cdfs_21129_sci.spw27.mfs.I.mask.fits.gz,2124,product,MASK,https://almascience.nrao.edu/dataPortal/member.uid___A001_X133d_X7a8.cdfs_21129_sci.spw27.mfs.I.mask.fits.gz
2018.1.00164.S,uid://A001/X133d/X7a8_001_of,member.uid___A001_X133d_X7a8.cdfs_21129_sci.spw27.mfs.I.pb.fits.gz,157156,product,SCIENCE,https://almascience.nrao.edu/dataPortal/member.uid___A001_X133d_X7a8.cdfs_21129_sci.spw27.mfs.I.pb.fits.gz
2018.1.00164.S,uid://A001/X133d/X7a8_001_of,member.uid___A001_X133d_X7a8.cdfs_21129_sci.spw27.mfs.I.pbcor.fits,581760,product,SCIENCE,https://almascience.nrao.edu/dataPortal/member.uid___A001_X133d_X7a8.cdfs_21129_sci.spw27.mfs.I.pbcor.fits
2018.1.00164.S,uid://A001/X133d/X7a8_001_of,member.uid___A001_X133d_X7a8.cdfs_21129_sci.spw29.cube.I.mask.fits.gz,266695,product,MASK,https://almascience.nrao.edu/dataPortal/member.uid___A001_X133d_X7a8.cdfs_21129_sci.spw29.cube.I.mask.fits.gz
2018.1.00164.S,uid://A001/X133d/X7a8_001_of,member.uid___A001_X133d_X7a8.cdfs_21129_sci.spw29.cube.I.pb.fits.gz,90867545,product,SCIENCE,https://almascience.nrao.edu/dataPortal/member.uid___A001_X133d_X7a8.cdfs_21129_sci.spw29.cube.I.pb.fits.gz
2018.1.00164.S,uid://A001/X133d/X7a8_001_of,member.uid___A001_X133d_X7a8.cdfs_21129_sci.spw29.cube.I.pbcor.fits,273205440,product,SCIENCE,https://almascience.nrao.edu/dataPortal/member.uid___A001_X133d_X7a8.cdfs_21129_sci.spw29.cube.I.pbcor.fits
2018.1.00164.S,uid://A001/X133d/X7a8_001_of,member.uid___A001_X133d_X7a8.cdfs_21129_sci.spw29.mfs.I.mask.fits.gz,2124,product,MASK,https://almascience.nrao.edu/dataPortal/member.uid___A001_X133d_X7a8.cdfs_21129_sci.spw29.mfs.I.mask.fits.gz
2018.1.00164.S,uid://A001/X133d/X7a8_001_of,member.uid___A001_X133d_X7a8.cdfs_21129_sci.spw29.mfs.I.pb.fits.gz,191253,product,SCIENCE,https://almascience.nrao.edu/dataPortal/member.uid___A001_X133d_X7a8.cdfs_21129_sci.spw29.mfs.I.pb.fits.gz
2018.1.00164.S,uid://A001/X133d/X7a8_001_of,member.uid___A001_X133d_X7a8.cdfs_21129_sci.spw29.mfs.I.pbcor.fits,581760,product,SCIENCE,https://almascience.nrao.edu/dataPortal/member.uid___A001_X133d_X7a8.cdfs_21129_sci.spw29.mfs.I.pbcor.fits
2018.1.00164.S,uid://A001/X133d/X7a8_001_of,member.uid___A001_X133d_X7a8.cdfs_21129_sci.spw31.cube.I.mask.fits.gz,266698,product,MASK,https://almascience.nrao.edu/dataPortal/member.uid___A001_X133d_X7a8.cdfs_21129_sci.spw31.cube.I.mask.fits.gz
2018.1.00164.S,uid://A001/X133d/X7a8_001_of,member.uid___A001_X133d_X7a8.cdfs_21129_sci.spw31.cube.I.pb.fits.gz,94492155,product,SCIENCE,https://almascience.nrao.edu/dataPortal/member.uid___A001_X133d_X7a8.cdfs_21129_sci.spw31.cube.I.pb.fits.gz
2018.1.00164.S,uid://A001/X133d/X7a8_001_of,member.uid___A001_X133d_X7a8.cdfs_21129_sci.spw31.cube.I.pbcor.fits,273205440,product,SCIENCE,https://almascience.nrao.edu/dataPortal/member.uid___A001_X133d_X7a8.cdfs_21129_sci.spw31.cube.I.pbcor.fits
2018.1.00164.S,uid://A001/X133d/X7a8_001_of,member.uid___A001_X133d_X7a8.cdfs_21129_sci.spw31.mfs.I.mask.fits.gz,2125,product,MASK,https://almascience.nrao.edu/dataPortal/member.uid___A001_X133d_X7a8.cdfs_21129_sci.spw31.mfs.I.mask.fits.gz
2018.1.00164.S,uid://A001/X133d/X7a8_001_of,member.uid___A001_X133d_X7a8.cdfs_21129_sci.spw31.mfs.I.pb.fits.gz,199077,product,SCIENCE,https://almascience.nrao.edu/dataPortal/member.uid___A001_X133d_X7a8.cdfs_21129_sci.spw31.mfs.I.pb.fits.gz
2018.1.00164.S,uid://A001/X133d/X7a8_001_of,member.uid___A001_X133d_X7a8.cdfs_21129_sci.spw31.mfs.I.pbcor.fits,581760,product,SCIENCE,https://almascience.nrao.edu/dataPortal/member.uid___A001_X133d_X7a8.cdfs_21129_sci.spw31.mfs.I.pbcor.fits
2018.1.00164.S,uid://A001/X133d/X7a8_001_of,member.uid___A001_X133d_X7a8.cdfs_22632_sci.spw25.cube.I.mask.fits.gz,266701,product,MASK,https://almascience.nrao.edu/dataPortal/member.uid___A001_X133d_X7a8.cdfs_22632_sci.spw25.cube.I.mask.fits.gz
2018.1.00164.S,uid://A001/X133d/X7a8_001_of,member.uid___A001_X133d_X7a8.cdfs_22632_sci.spw25.cube.I.pb.fits.gz,71685423,product,SCIENCE,https://almascience.nrao.edu/dataPortal/member.uid___A001_X133d_X7a8.cdfs_22632_sci.spw25.cube.I.pb.fits.gz
2018.1.00164.S,uid://A001/X133d/X7a8_001_of,member.uid___A001_X133d_X7a8.cdfs_22632_sci.spw25.cube.I.pbcor.fits,273205440,product,SCIENCE,https://almascience.nrao.edu/dataPortal/member.uid___A001_X133d_X7a8.cdfs_22632_sci.spw25.cube.I.pbcor.fits
2018.1.00164.S,uid://A001/X133d/X7a8_001_of,member.uid___A001_X133d_X7a8.cdfs_22632_sci.spw25.mfs.I.mask.fits.gz,2127,product,MASK,https://almascience.nrao.edu/dataPortal/member.uid___A001_X133d_X7a8.cdfs_22632_sci.spw25.mfs.I.mask.fits.gz
2018.1.00164.S,uid://A001/X133d/X7a8_001_of,member.uid___A001_X133d_X7a8.cdfs_22632_sci.spw25.mfs.I.pb.fits.gz,151394,product,SCIENCE,https://almascience.nrao.edu/dataPortal/member.uid___A001_X133d_X7a8.cdfs_22632_sci.spw25.mfs.I.pb.fits.gz
2018.1.00164.S,uid://A001/X133d/X7a8_001_of,member.uid___A001_X133d_X7a8.cdfs_22632_sci.spw25.mfs.I.pbcor.fits,581760,product,SCIENCE,https://almascience.nrao.edu/dataPortal/member.uid___A001_X133d_X7a8.cdfs_22632_sci.spw25.mfs.I.pbcor.fits
2018.1.00164.S,uid://A001/X133d/X7a8_001_of,member.uid___A001_X133d_X7a8.cdfs_22632_sci.spw25_27_29_31.cont.I.alpha.error.fits,581760,product,SCIENCE,https://almascience.nrao.edu/dataPortal/member.uid___A001_X133d_X7a8.cdfs_22632_sci.spw25_27_29_31.cont.I.alpha.error.fits
2018.1.00164.S,uid://A001/X133d/X7a8_001_of,member.uid___A001_X133d_X7a8.cdfs_22632_sci.spw25_27_29_31.cont.I.alpha.fits,581760,product,SCIENCE,https://almascience.nrao.edu/dataPortal/member.uid___A001_X133d_X7a8.cdfs_22632_sci.spw25_27_29_31.cont.I.alpha.fits
2018.1.00164.S,uid://A001/X133d/X7a8_001_of,member.uid___A001_X133d_X7a8.cdfs_22632_sci.spw25_27_29_31.cont.I.mask.fits.gz,2252,product,MASK,https://almascience.nrao.edu/dataPortal/member.uid___A001_X133d_X7a8.cdfs_22632_sci.spw25_27_29_31.cont.I.mask.fits.gz
2018.1.00164.S,uid://A001/X133d/X7a8_001_of,member.uid___A001_X133d_X7a8.cdfs_22632_sci.spw25_27_29_31.cont.I.pb.tt0.fits,584640,product,SCIENCE,https://almascience.nrao.edu/dataPortal/member.uid___A001_X133d_X7a8.cdfs_22632_sci.spw25_27_29_31.cont.I.pb.tt0.fits
2018.1.00164.S,uid://A001/X133d/X7a8_001_of,member.uid___A001_X133d_X7a8.cdfs_22632_sci.spw25_27_29_31.cont.I.tt0.pbcor.fits,581760,product,SCIENCE,https://almascience.nrao.edu/dataPortal/member.uid___A001_X133d_X7a8.cdfs_22632_sci.spw25_27_29_31.cont.I.tt0.pbcor.fits
2018.1.00164.S,uid://A001/X133d/X7a8_001_of,member.uid___A001_X133d_X7a8.cdfs_22632_sci.spw25_27_29_31.cont.I.tt1.pbcor.fits,581760,product,SCIENCE,https://almascience.nrao.edu/dataPortal/member.uid___A001_X133d_X7a8.cdfs_22632_sci.spw25_27_29_31.cont.I.tt1.pbcor.fits
2018.1.00164.S,uid://A001/X133d/X7a8_001_of,member.uid___A001_X133d_X7a8.cdfs_22632_sci.spw27.cube.I.mask.fits.gz,266703,product,MASK,https://almascience.nrao.edu/dataPortal/member.uid___A001_X133d_X7a8.cdfs_22632_sci.spw27.cube.I.mask.fits.gz
2018.1.00164.S,uid://A001/X133d/X7a8_001_of,member.uid___A001_X133d_X7a8.cdfs_22632_sci.spw27.cube.I.pb.fits.gz,74321287,product,SCIENCE,https://almascience.nrao.edu/dataPortal/member.uid___A001_X133d_X7a8.cdfs_22632_sci.spw27.cube.I.pb.fits.gz
2018.1.00164.S,uid://A001/X133d/X7a8_001_of,member.uid___A001_X133d_X7a8.cdfs_22632_sci.spw27.cube.I.pbcor.fits,273205440,product,SCIENCE,https://almascience.nrao.edu/dataPortal/member.uid___A001_X133d_X7a8.cdfs_22632_sci.spw27.cube.I.pbcor.fits
2018.1.00164.S,uid://A001/X133d/X7a8_001_of,member.uid___A001_X133d_X7a8.cdfs_22632_sci.spw27.mfs.I.mask.fits.gz,2124,product,MASK,https://almascience.nrao.edu/dataPortal/member.uid___A001_X133d_X7a8.cdfs_22632_sci.spw27.mfs.I.mask.fits.gz
2018.1.00164.S,uid://A001/X133d/X7a8_001_of,member.uid___A001_X133d_X7a8.cdfs_22632_sci.spw27.mfs.I.pb.fits.gz,156906,product,SCIENCE,https://almascience.nrao.edu/dataPortal/member.uid___A001_X133d_X7a8.cdfs_22632_sci.spw27.mfs.I.pb.fits.gz
2018.1.00164.S,uid://A001/X133d/X7a8_001_of,member.uid___A001_X133d_X7a8.cdfs_22632_sci.spw27.mfs.I.pbcor.fits,581760,product,SCIENCE,https://almascience.nrao.edu/dataPortal/member.uid___A001_X133d_X7a8.cdfs_22632_sci.spw27.mfs.I.pbcor.fits
2018.1.00164.S,uid://A001/X133d/X7a8_001_of,member.uid___A001_X133d_X7a8.cdfs_22632_sci.spw29.cube.I.mask.fits.gz,266702,product,MASK,https://almascience.nrao.edu/dataPortal/member.uid___A001_X133d_X7a8.cdfs_22632_sci.spw29.cube.I.mask.fits.gz
2018.1.00164.S,uid://A001/X133d/X7a8_001_of,member.uid___A001_X133d_X7a8.cdfs_22632_sci.spw29.cube.I.pb.fits.gz,90866299,product,SCIENCE,https://almascience.nrao.edu/dataPortal/member.uid___A001_X133d_X7a8.cdfs_22632_sci.spw29.cube.I.pb.fits.gz
2018.1.00164.S,uid://A001/X133d/X7a8_001_of,member.uid___A001_X133d_X7a8.cdfs_22632_sci.spw29.cube.I.pbcor.fits,273205440,product,SCIENCE,https://almascience.nrao.edu/dataPortal/member.uid___A001_X133d_X7a8.cdfs_22632_sci.spw29.cube.I.pbcor.fits
2018.1.00164.S,uid://A001/X133d/X7a8_001_of,member.uid___A001_X133d_X7a8.cdfs_22632_sci.spw29.mfs.I.mask.fits.gz,2125,product,MASK,https://almascience.nrao.edu/dataPortal/member.uid___A001_X133d_X7a8.cdfs_22632_sci.spw29.mfs.I.mask.fits.gz
2018.1.00164.S,uid://A001/X133d/X7a8_001_of,member.uid___A001_X133d_X7a8.cdfs_22632_sci.spw29.mfs.I.pb.fits.gz,191759,product,SCIENCE,https://almascience.nrao.edu/dataPortal/member.uid___A001_X133d_X7a8.cdfs_22632_sci.spw29.mfs.I.pb.fits.gz
2018.1.00164.S,uid://A001/X133d/X7a8_001_of,member.uid___A001_X133d_X7a8.cdfs_22632_sci.spw29.mfs.I.pbcor.fits,581760,product,SCIENCE,https://almascience.nrao.edu/dataPortal/member.uid___A001_X133d_X7a8.cdfs_22632_sci.spw29.mfs.I.pbcor.fits
2018.1.00164.S,uid://A001/X133d/X7a8_001_of,member.uid___A001_X133d_X7a8.cdfs_22632_sci.spw31.cube.I.mask.fits.gz,266700,product,MASK,https://almascience.nrao.edu/dataPortal/member.uid___A001_X133d_X7a8.cdfs_22632_sci.spw31.cube.I.mask.fits.gz
2018.1.00164.S,uid://A001/X133d/X7a8_001_of,member.uid___A001_X133d_X7a8.cdfs_22632_sci.spw31.cube.I.pb.fits.gz,94492714,product,SCIENCE,https://almascience.nrao.edu/dataPortal/member.uid___A001_X133d_X7a8.cdfs_22632_sci.spw31.cube.I.pb.fits.gz
2018.1.00164.S,uid://A001/X133d/X7a8_001_of,member.uid___A001_X133d_X7a8.cdfs_22632_sci.spw31.cube.I.pbcor.fits,273205440,product,SCIENCE,https://almascience.nrao.edu/dataPortal/member.uid___A001_X133d_X7a8.cdfs_22632_sci.spw31.cube.I.pbcor.fits
2018.1.00164.S,uid://A001/X133d/X7a8_001_of,member.uid___A001_X133d_X7a8.cdfs_22632_sci.spw31.mfs.I.mask.fits.gz,2127,product,MASK,https://almascience.nrao.edu/dataPortal/member.uid___A001_X133d_X7a8.cdfs_22632_sci.spw31.mfs.I.mask.fits.gz
2018.1.00164.S,uid://A001/X133d/X7a8_001_of,member.uid___A001_X133d_X7a8.cdfs_22632_sci.spw31.mfs.I.pb.fits.gz,198868,product,SCIENCE,https://almascience.nrao.edu/dataPortal/member.uid___A001_X133d_X7a8.cdfs_22632_sci.spw31.mfs.I.pb.fits.gz
2018.1.00164.S,uid://A001/X133d/X7a8_001_of,member.uid___A001_X133d_X7a8.cdfs_22632_sci.spw31.mfs.I.pbcor.fits,581760,product,SCIENCE,https://almascience.nrao.edu/dataPortal/member.uid___A001_X133d_X7a8.cdfs_22632_sci.spw31.mfs.I.pbcor.fits
2018.1.00164.S,uid://A001/X133d/X7a8_001_of,member.uid___A001_X133d_X7a8.cdfs_23826_sci.spw25.cube.I.mask.fits.gz,266696,product,MASK,https://almascience.nrao.edu/dataPortal/member.uid___A001_X133d_X7a8.cdfs_23826_sci.spw25.cube.I.mask.fits.gz
2018.1.00164.S,uid://A001/X133d/X7a8_001_of,member.uid___A001_X133d_X7a8.cdfs_23826_sci.spw25.cube.I.pb.fits.gz,71684713,product,SCIENCE,https://almascience.nrao.edu/dataPortal/member.uid___A001_X133d_X7a8.cdfs_23826_sci.spw25.cube.I.pb.fits.gz
2018.1.00164.S,uid://A001/X133d/X7a8_001_of,member.uid___A001_X133d_X7a8.cdfs_23826_sci.spw25.cube.I.pbcor.fits,273205440,product,SCIENCE,https://almascience.nrao.edu/dataPortal/member.uid___A001_X133d_X7a8.cdfs_23826_sci.spw25.cube.I.pbcor.fits
2018.1.00164.S,uid://A001/X133d/X7a8_001_of,member.uid___A001_X133d_X7a8.cdfs_23826_sci.spw25.mfs.I.mask.fits.gz,2124,product,MASK,https://almascience.nrao.edu/dataPortal/member.uid___A001_X133d_X7a8.cdfs_23826_sci.spw25.mfs.I.mask.fits.gz
2018.1.00164.S,uid://A001/X133d/X7a8_001_of,member.uid___A001_X133d_X7a8.cdfs_23826_sci.spw25.mfs.I.pb.fits.gz,151980,product,SCIENCE,https://almascience.nrao.edu/dataPortal/member.uid___A001_X133d_X7a8.cdfs_23826_sci.spw25.mfs.I.pb.fits.gz
2018.1.00164.S,uid://A001/X133d/X7a8_001_of,member.uid___A001_X133d_X7a8.cdfs_23826_sci.spw25.mfs.I.pbcor.fits,581760,product,SCIENCE,https://almascience.nrao.edu/dataPortal/member.uid___A001_X133d_X7a8.cdfs_23826_sci.spw25.mfs.I.pbcor.fits
2018.1.00164.S,uid://A001/X133d/X7a8_001_of,member.uid___A001_X133d_X7a8.cdfs_23826_sci.spw25_27_29_31.cont.I.alpha.error.fits,581760,product,SCIENCE,https://almascience.nrao.edu/dataPortal/member.uid___A001_X133d_X7a8.cdfs_23826_sci.spw25_27_29_31.cont.I.alpha.error.fits
2018.1.00164.S,uid://A001/X133d/X7a8_001_of,member.uid___A001_X133d_X7a8.cdfs_23826_sci.spw25_27_29_31.cont.I.alpha.fits,581760,product,SCIENCE,https://almascience.nrao.edu/dataPortal/member.uid___A001_X133d_X7a8.cdfs_23826_sci.spw25_27_29_31.cont.I.alpha.fits
2018.1.00164.S,uid://A001/X133d/X7a8_001_of,member.uid___A001_X133d_X7a8.cdfs_23826_sci.spw25_27_29_31.cont.I.mask.fits.gz,2248,product,MASK,https://almascience.nrao.edu/dataPortal/member.uid___A001_X133d_X7a8.cdfs_23826_sci.spw25_27_29_31.cont.I.mask.fits.gz
2018.1.00164.S,uid://A001/X133d/X7a8_001_of,member.uid___A001_X133d_X7a8.cdfs_23826_sci.spw25_27_29_31.cont.I.pb.tt0.fits,584640,product,SCIENCE,https://almascience.nrao.edu/dataPortal/member.uid___A001_X133d_X7a8.cdfs_23826_sci.spw25_27_29_31.cont.I.pb.tt0.fits
2018.1.00164.S,uid://A001/X133d/X7a8_001_of,member.uid___A001_X133d_X7a8.cdfs_23826_sci.spw25_27_29_31.cont.I.tt0.pbcor.fits,581760,product,SCIENCE,https://almascience.nrao.edu/dataPortal/member.uid___A001_X133d_X7a8.cdfs_23826_sci.spw25_27_29_31.cont.I.tt0.pbcor.fits
2018.1.00164.S,uid://A001/X133d/X7a8_001_of,member.uid___A001_X133d_X7a8.cdfs_23826_sci.spw25_27_29_31.cont.I.tt1.pbcor.fits,581760,product,SCIENCE,https://almascience.nrao.edu/dataPortal/member.uid___A001_X133d_X7a8.cdfs_23826_sci.spw25_27_29_31.cont.I.tt1.pbcor.fits
2018.1.00164.S,uid://A001/X133d/X7a8_001_of,member.uid___A001_X133d_X7a8.cdfs_23826_sci.spw27.cube.I.mask.fits.gz,266700,product,MASK,https://almascience.nrao.edu/dataPortal/member.uid___A001_X133d_X7a8.cdfs_23826_sci.spw27.cube.I.mask.fits.gz
2018.1.00164.S,uid://A001/X133d/X7a8_001_of,member.uid___A001_X133d_X7a8.cdfs_23826_sci.spw27.cube.I.pb.fits.gz,74321483,product,SCIENCE,https://almascience.nrao.edu/dataPortal/member.uid___A001_X133d_X7a8.cdfs_23826_sci.spw27.cube.I.pb.fits.gz
2018.1.00164.S,uid://A001/X133d/X7a8_001_of,member.uid___A001_X133d_X7a8.cdfs_23826_sci.spw27.cube.I.pbcor.fits,273205440,product,SCIENCE,https://almascience.nrao.edu/dataPortal/member.uid___A001_X133d_X7a8.cdfs_23826_sci.spw27.cube.I.pbcor.fits
2018.1.00164.S,uid://A001/X133d/X7a8_001_of,member.uid___A001_X133d_X7a8.cdfs_23826_sci.spw27.mfs.I.mask.fits.gz,2122,product,MASK,https://almascience.nrao.edu/dataPortal/member.uid___A001_X133d_X7a8.cdfs_23826_sci.spw27.mfs.I.mask.fits.gz
2018.1.00164.S,uid://A001/X133d/X7a8_001_of,member.uid___A001_X133d_X7a8.cdfs_23826_sci.spw27.mfs.I.pb.fits.gz,156946,product,SCIENCE,https://almascience.nrao.edu/dataPortal/member.uid___A001_X133d_X7a8.cdfs_23826_sci.spw27.mfs.I.pb.fits.gz
2018.1.00164.S,uid://A001/X133d/X7a8_001_of,member.uid___A001_X133d_X7a8.cdfs_23826_sci.spw27.mfs.I.pbcor.fits,581760,product,SCIENCE,https://almascience.nrao.edu/dataPortal/member.uid___A001_X133d_X7a8.cdfs_23826_sci.spw27.mfs.I.pbcor.fits
2018.1.00164.S,uid://A001/X133d/X7a8_001_of,member.uid___A001_X133d_X7a8.cdfs_23826_sci.spw29.cube.I.mask.fits.gz,266694,product,MASK,https://almascience.nrao.edu/dataPortal/member.uid___A001_X133d_X7a8.cdfs_23826_sci.spw29.cube.I.mask.fits.gz
2018.1.00164.S,uid://A001/X133d/X7a8_001_of,member.uid___A001_X133d_X7a8.cdfs_23826_sci.spw29.cube.I.pb.fits.gz,90867679,product,SCIENCE,https://almascience.nrao.edu/dataPortal/member.uid___A001_X133d_X7a8.cdfs_23826_sci.spw29.cube.I.pb.fits.gz
2018.1.00164.S,uid://A001/X133d/X7a8_001_of,member.uid___A001_X133d_X7a8.cdfs_23826_sci.spw29.cube.I.pbcor.fits,273205440,product,SCIENCE,https://almascience.nrao.edu/dataPortal/member.uid___A001_X133d_X7a8.cdfs_23826_sci.spw29.cube.I.pbcor.fits
2018.1.00164.S,uid://A001/X133d/X7a8_001_of,member.uid___A001_X133d_X7a8.cdfs_23826_sci.spw29.mfs.I.mask.fits.gz,2122,product,MASK,https://almascience.nrao.edu/dataPortal/member.uid___A001_X133d_X7a8.cdfs_23826_sci.spw29.mfs.I.mask.fits.gz
2018.1.00164.S,uid://A001/X133d/X7a8_001_of,member.uid___A001_X133d_X7a8.cdfs_23826_sci.spw29.mfs.I.pb.fits.gz,191174,product,SCIENCE,https://almascience.nrao.edu/dataPortal/member.uid___A001_X133d_X7a8.cdfs_23826_sci.spw29.mfs.I.pb.fits.gz
2018.1.00164.S,uid://A001/X133d/X7a8_001_of,member.uid___A001_X133d_X7a8.cdfs_23826_sci.spw29.mfs.I.pbcor.fits,581760,product,SCIENCE,https://almascience.nrao.edu/dataPortal/member.uid___A001_X133d_X7a8.cdfs_23826_sci.spw29.mfs.I.pbcor.fits
2018.1.00164.S,uid://A001/X133d/X7a8_001_of,member.uid___A001_X133d_X7a8.cdfs_23826_sci.spw31.cube.I.mask.fits.gz,266697,product,MASK,https://almascience.nrao.edu/dataPortal/member.uid___A001_X133d_X7a8.cdfs_23826_sci.spw31.cube.I.mask.fits.gz
2018.1.00164.S,uid://A001/X133d/X7a8_001_of,member.uid___A001_X133d_X7a8.cdfs_23826_sci.spw31.cube.I.pb.fits.gz,94491532,product,SCIENCE,https://almascience.nrao.edu/dataPortal/member.uid___A001_X133d_X7a8.cdfs_23826_sci.spw31.cube.I.pb.fits.gz
2018.1.00164.S,uid://A001/X133d/X7a8_001_of,member.uid___A001_X133d_X7a8.cdfs_23826_sci.spw31.cube.I.pbcor.fits,273205440,product,SCIENCE,https://almascience.nrao.edu/dataPortal/member.uid___A001_X133d_X7a8.cdfs_23826_sci.spw31.cube.I.pbcor.fits
2018.1.00164.S,uid://A001/X133d/X7a8_001_of,member.uid___A001_X133d_X7a8.cdfs_23826_sci.spw31.mfs.I.mask.fits.gz,2125,product,MASK,https://almascience.nrao.edu/dataPortal/member.uid___A001_X133d_X7a8.cdfs_23826_sci.spw31.mfs.I.mask.fits.gz
2018.1.00164.S,uid://A001/X133d/X7a8_001_of,member.uid___A001_X133d_X7a8.cdfs_23826_sci.spw31.mfs.I.pb.fits.gz,198949,product,SCIENCE,https://almascience.nrao.edu/dataPortal/member.uid___A001_X133d_X7a8.cdfs_23826_sci.spw31.mfs.I.pb.fits.gz
2018.1.00164.S,uid://A001/X133d/X7a8_001_of,member.uid___A001_X133d_X7a8.cdfs_23826_sci.spw31.mfs.I.pbcor.fits,581760,product,SCIENCE,https://almascience.nrao.edu/dataPortal/member.uid___A001_X133d_X7a8.cdfs_23826_sci.spw31.mfs.I.pbcor.fits
2018.1.00164.S,uid://A001/X133d/X7a8_001_of,member.uid___A001_X133d_X7a8.cdfs_31127_sci.spw25.cube.I.mask.fits.gz,266700,product,MASK,https://almascience.nrao.edu/dataPortal/member.uid___A001_X133d_X7a8.cdfs_31127_sci.spw25.cube.I.mask.fits.gz
2018.1.00164.S,uid://A001/X133d/X7a8_001_of,member.uid___A001_X133d_X7a8.cdfs_31127_sci.spw25.cube.I.pb.fits.gz,71684781,product,SCIENCE,https://almascience.nrao.edu/dataPortal/member.uid___A001_X133d_X7a8.cdfs_31127_sci.spw25.cube.I.pb.fits.gz
2018.1.00164.S,uid://A001/X133d/X7a8_001_of,member.uid___A001_X133d_X7a8.cdfs_31127_sci.spw25.cube.I.pbcor.fits,273205440,product,SCIENCE,https://almascience.nrao.edu/dataPortal/member.uid___A001_X133d_X7a8.cdfs_31127_sci.spw25.cube.I.pbcor.fits
2018.1.00164.S,uid://A001/X133d/X7a8_001_of,member.uid___A001_X133d_X7a8.cdfs_31127_sci.spw25.mfs.I.mask.fits.gz,2128,product,MASK,https://almascience.nrao.edu/dataPortal/member.uid___A001_X133d_X7a8.cdfs_31127_sci.spw25.mfs.I.mask.fits.gz
2018.1.00164.S,uid://A001/X133d/X7a8_001_of,member.uid___A001_X133d_X7a8.cdfs_31127_sci.spw25.mfs.I.pb.fits.gz,151462,product,SCIENCE,https://almascience.nrao.edu/dataPortal/member.uid___A001_X133d_X7a8.cdfs_31127_sci.spw25.mfs.I.pb.fits.gz
2018.1.00164.S,uid://A001/X133d/X7a8_001_of,member.uid___A001_X133d_X7a8.cdfs_31127_sci.spw25.mfs.I.pbcor.fits,581760,product,SCIENCE,https://almascience.nrao.edu/dataPortal/member.uid___A001_X133d_X7a8.cdfs_31127_sci.spw25.mfs.I.pbcor.fits
2018.1.00164.S,uid://A001/X133d/X7a8_001_of,member.uid___A001_X133d_X7a8.cdfs_31127_sci.spw25_27_29_31.cont.I.alpha.error.fits,581760,product,SCIENCE,https://almascience.nrao.edu/dataPortal/member.uid___A001_X133d_X7a8.cdfs_31127_sci.spw25_27_29_31.cont.I.alpha.error.fits
2018.1.00164.S,uid://A001/X133d/X7a8_001_of,member.uid___A001_X133d_X7a8.cdfs_31127_sci.spw25_27_29_31.cont.I.alpha.fits,581760,product,SCIENCE,https://almascience.nrao.edu/dataPortal/member.uid___A001_X133d_X7a8.cdfs_31127_sci.spw25_27_29_31.cont.I.alpha.fits
2018.1.00164.S,uid://A001/X133d/X7a8_001_of,member.uid___A001_X133d_X7a8.cdfs_31127_sci.spw25_27_29_31.cont.I.mask.fits.gz,2320,product,MASK,https://almascience.nrao.edu/dataPortal/member.uid___A001_X133d_X7a8.cdfs_31127_sci.spw25_27_29_31.cont.I.mask.fits.gz
2018.1.00164.S,uid://A001/X133d/X7a8_001_of,member.uid___A001_X133d_X7a8.cdfs_31127_sci.spw25_27_29_31.cont.I.pb.tt0.fits,584640,product,SCIENCE,https://almascience.nrao.edu/dataPortal/member.uid___A001_X133d_X7a8.cdfs_31127_sci.spw25_27_29_31.cont.I.pb.tt0.fits
2018.1.00164.S,uid://A001/X133d/X7a8_001_of,member.uid___A001_X133d_X7a8.cdfs_31127_sci.spw25_27_29_31.cont.I.tt0.pbcor.fits,581760,product,SCIENCE,https://almascience.nrao.edu/dataPortal/member.uid___A001_X133d_X7a8.cdfs_31127_sci.spw25_27_29_31.cont.I.tt0.pbcor.fits
2018.1.00164.S,uid://A001/X133d/X7a8_001_of,member.uid___A001_X133d_X7a8.cdfs_31127_sci.spw25_27_29_31.cont.I.tt1.pbcor.fits,581760,product,SCIENCE,https://almascience.nrao.edu/dataPortal/member.uid___A001_X133d_X7a8.cdfs_31127_sci.spw25_27_29_31.cont.I.tt1.pbcor.fits
2018.1.00164.S,uid://A001/X133d/X7a8_001_of,member.uid___A001_X133d_X7a8.cdfs_31127_sci.spw27.cube.I.mask.fits.gz,266703,product,MASK,https://almascience.nrao.edu/dataPortal/member.uid___A001_X133d_X7a8.cdfs_31127_sci.spw27.cube.I.mask.fits.gz
2018.1.00164.S,uid://A001/X133d/X7a8_001_of,member.uid___A001_X133d_X7a8.cdfs_31127_sci.spw27.cube.I.pb.fits.gz,74321653,product,SCIENCE,https://almascience.nrao.edu/dataPortal/member.uid___A001_X133d_X7a8.cdfs_31127_sci.spw27.cube.I.pb.fits.gz
2018.1.00164.S,uid://A001/X133d/X7a8_001_of,member.uid___A001_X133d_X7a8.cdfs_31127_sci.spw27.cube.I.pbcor.fits,273205440,product,SCIENCE,https://almascience.nrao.edu/dataPortal/member.uid___A001_X133d_X7a8.cdfs_31127_sci.spw27.cube.I.pbcor.fits
2018.1.00164.S,uid://A001/X133d/X7a8_001_of,member.uid___A001_X133d_X7a8.cdfs_31127_sci.spw27.mfs.I.mask.fits.gz,2126,product,MASK,https://almascience.nrao.edu/dataPortal/member.uid___A001_X133d_X7a8.cdfs_31127_sci.spw27.mfs.I.mask.fits.gz
2018.1.00164.S,uid://A001/X133d/X7a8_001_of,member.uid___A001_X133d_X7a8.cdfs_31127_sci.spw27.mfs.I.pb.fits.gz,157264,product,SCIENCE,https://almascience.nrao.edu/dataPortal/member.uid___A001_X133d_X7a8.cdfs_31127_sci.spw27.mfs.I.pb.fits.gz
2018.1.00164.S,uid://A001/X133d/X7a8_001_of,member.uid___A001_X133d_X7a8.cdfs_31127_sci.spw27.mfs.I.pbcor.fits,581760,product,SCIENCE,https://almascience.nrao.edu/dataPortal/member.uid___A001_X133d_X7a8.cdfs_31127_sci.spw27.mfs.I.pbcor.fits
2018.1.00164.S,uid://A001/X133d/X7a8_001_of,member.uid___A001_X133d_X7a8.cdfs_31127_sci.spw29.cube.I.mask.fits.gz,266698,product,MASK,https://almascience.nrao.edu/dataPortal/member.uid___A001_X133d_X7a8.cdfs_31127_sci.spw29.cube.I.mask.fits.gz
2018.1.00164.S,uid://A001/X133d/X7a8_001_of,member.uid___A001_X133d_X7a8.cdfs_31127_sci.spw29.cube.I.pb.fits.gz,90867844,product,SCIENCE,https://almascience.nrao.edu/dataPortal/member.uid___A001_X133d_X7a8.cdfs_31127_sci.spw29.cube.I.pb.fits.gz
2018.1.00164.S,uid://A001/X133d/X7a8_001_of,member.uid___A001_X133d_X7a8.cdfs_31127_sci.spw29.cube.I.pbcor.fits,273205440,product,SCIENCE,https://almascience.nrao.edu/dataPortal/member.uid___A001_X133d_X7a8.cdfs_31127_sci.spw29.cube.I.pbcor.fits
2018.1.00164.S,uid://A001/X133d/X7a8_001_of,member.uid___A001_X133d_X7a8.cdfs_31127_sci.spw29.mfs.I.mask.fits.gz,2128,product,MASK,https://almascience.nrao.edu/dataPortal/member.uid___A001_X133d_X7a8.cdfs_31127_sci.spw29.mfs.I.mask.fits.gz
2018.1.00164.S,uid://A001/X133d/X7a8_001_of,member.uid___A001_X133d_X7a8.cdfs_31127_sci.spw29.mfs.I.pb.fits.gz,192077,product,SCIENCE,https://almascience.nrao.edu/dataPortal/member.uid___A001_X133d_X7a8.cdfs_31127_sci.spw29.mfs.I.pb.fits.gz
2018.1.00164.S,uid://A001/X133d/X7a8_001_of,member.uid___A001_X133d_X7a8.cdfs_31127_sci.spw29.mfs.I.pbcor.fits,581760,product,SCIENCE,https://almascience.nrao.edu/dataPortal/member.uid___A001_X133d_X7a8.cdfs_31127_sci.spw29.mfs.I.pbcor.fits
2018.1.00164.S,uid://A001/X133d/X7a8_001_of,member.uid___A001_X133d_X7a8.cdfs_31127_sci.spw31.cube.I.mask.fits.gz,266698,product,MASK,https://almascience.nrao.edu/dataPortal/member.uid___A001_X133d_X7a8.cdfs_31127_sci.spw31.cube.I.mask.fits.gz
2018.1.00164.S,uid://A001/X133d/X7a8_001_of,member.uid___A001_X133d_X7a8.cdfs_31127_sci.spw31.cube.I.pb.fits.gz,94492416,product,SCIENCE,https://almascience.nrao.edu/dataPortal/member.uid___A001_X133d_X7a8.cdfs_31127_sci.spw31.cube.I.pb.fits.gz
2018.1.00164.S,uid://A001/X133d/X7a8_001_of,member.uid___A001_X133d_X7a8.cdfs_31127_sci.spw31.cube.I.pbcor.fits,273205440,product,SCIENCE,https://almascience.nrao.edu/dataPortal/member.uid___A001_X133d_X7a8.cdfs_31127_sci.spw31.cube.I.pbcor.fits
2018.1.00164.S,uid://A001/X133d/X7a8_001_of,member.uid___A001_X133d_X7a8.cdfs_31127_sci.spw31.mfs.I.mask.fits.gz,2122,product,MASK,https://almascience.nrao.edu/dataPortal/member.uid___A001_X133d_X7a8.cdfs_31127_sci.spw31.mfs.I.mask.fits.gz
2018.1.00164.S,uid://A001/X133d/X7a8_001_of,member.uid___A001_X133d_X7a8.cdfs_31127_sci.spw31.mfs.I.pb.fits.gz,199039,product,SCIENCE,https://almascience.nrao.edu/dataPortal/member.uid___A001_X133d_X7a8.cdfs_31127_sci.spw31.mfs.I.pb.fits.gz
2018.1.00164.S,uid://A001/X133d/X7a8_001_of,member.uid___A001_X133d_X7a8.cdfs_31127_sci.spw31.mfs.I.pbcor.fits,581760,product,SCIENCE,https://almascience.nrao.edu/dataPortal/member.uid___A001_X133d_X7a8.cdfs_31127_sci.spw31.mfs.I.pbcor.fits
2018.1.00164.S,uid://A001/X133d/X7a8_001_of,member.uid___A001_X133d_X7a8.cdfs_41057_sci.spw25.cube.I.mask.fits.gz,266701,product,MASK,https://almascience.nrao.edu/dataPortal/member.uid___A001_X133d_X7a8.cdfs_41057_sci.spw25.cube.I.mask.fits.gz
2018.1.00164.S,uid://A001/X133d/X7a8_001_of,member.uid___A001_X133d_X7a8.cdfs_41057_sci.spw25.cube.I.pb.fits.gz,71684023,product,SCIENCE,https://almascience.nrao.edu/dataPortal/member.uid___A001_X133d_X7a8.cdfs_41057_sci.spw25.cube.I.pb.fits.gz
2018.1.00164.S,uid://A001/X133d/X7a8_001_of,member.uid___A001_X133d_X7a8.cdfs_41057_sci.spw25.cube.I.pbcor.fits,273205440,product,SCIENCE,https://almascience.nrao.edu/dataPortal/member.uid___A001_X133d_X7a8.cdfs_41057_sci.spw25.cube.I.pbcor.fits
2018.1.00164.S,uid://A001/X133d/X7a8_001_of,member.uid___A001_X133d_X7a8.cdfs_41057_sci.spw25.mfs.I.mask.fits.gz,2132,product,MASK,https://almascience.nrao.edu/dataPortal/member.uid___A001_X133d_X7a8.cdfs_41057_sci.spw25.mfs.I.mask.fits.gz
2018.1.00164.S,uid://A001/X133d/X7a8_001_of,member.uid___A001_X133d_X7a8.cdfs_41057_sci.spw25.mfs.I.pb.fits.gz,151603,product,SCIENCE,https://almascience.nrao.edu/dataPortal/member.uid___A001_X133d_X7a8.cdfs_41057_sci.spw25.mfs.I.pb.fits.gz
2018.1.00164.S,uid://A001/X133d/X7a8_001_of,member.uid___A001_X133d_X7a8.cdfs_41057_sci.spw25.mfs.I.pbcor.fits,581760,product,SCIENCE,https://almascience.nrao.edu/dataPortal/member.uid___A001_X133d_X7a8.cdfs_41057_sci.spw25.mfs.I.pbcor.fits
2018.1.00164.S,uid://A001/X133d/X7a8_001_of,member.uid___A001_X133d_X7a8.cdfs_41057_sci.spw25_27_29_31.cont.I.alpha.error.fits,581760,product,SCIENCE,https://almascience.nrao.edu/dataPortal/member.uid___A001_X133d_X7a8.cdfs_41057_sci.spw25_27_29_31.cont.I.alpha.error.fits
2018.1.00164.S,uid://A001/X133d/X7a8_001_of,member.uid___A001_X133d_X7a8.cdfs_41057_sci.spw25_27_29_31.cont.I.alpha.fits,581760,product,SCIENCE,https://almascience.nrao.edu/dataPortal/member.uid___A001_X133d_X7a8.cdfs_41057_sci.spw25_27_29_31.cont.I.alpha.fits
2018.1.00164.S,uid://A001/X133d/X7a8_001_of,member.uid___A001_X133d_X7a8.cdfs_41057_sci.spw25_27_29_31.cont.I.mask.fits.gz,2247,product,MASK,https://almascience.nrao.edu/dataPortal/member.uid___A001_X133d_X7a8.cdfs_41057_sci.spw25_27_29_31.cont.I.mask.fits.gz
2018.1.00164.S,uid://A001/X133d/X7a8_001_of,member.uid___A001_X133d_X7a8.cdfs_41057_sci.spw25_27_29_31.cont.I.pb.tt0.fits,584640,product,SCIENCE,https://almascience.nrao.edu/dataPortal/member.uid___A001_X133d_X7a8.cdfs_41057_sci.spw25_27_29_31.cont.I.pb.tt0.fits
2018.1.00164.S,uid://A001/X133d/X7a8_001_of,member.uid___A001_X133d_X7a8.cdfs_41057_sci.spw25_27_29_31.cont.I.tt0.pbcor.fits,581760,product,SCIENCE,https://almascience.nrao.edu/dataPortal/member.uid___A001_X133d_X7a8.cdfs_41057_sci.spw25_27_29_31.cont.I.tt0.pbcor.fits
2018.1.00164.S,uid://A001/X133d/X7a8_001_of,member.uid___A001_X133d_X7a8.cdfs_41057_sci.spw25_27_29_31.cont.I.tt1.pbcor.fits,581760,product,SCIENCE,https://almascience.nrao.edu/dataPortal/member.uid___A001_X133d_X7a8.cdfs_41057_sci.spw25_27_29_31.cont.I.tt1.pbcor.fits
2018.1.00164.S,uid://A001/X133d/X7a8_001_of,member.uid___A001_X133d_X7a8.cdfs_41057_sci.spw27.cube.I.mask.fits.gz,266704,product,MASK,https://almascience.nrao.edu/dataPortal/member.uid___A001_X133d_X7a8.cdfs_41057_sci.spw27.cube.I.mask.fits.gz
2018.1.00164.S,uid://A001/X133d/X7a8_001_of,member.uid___A001_X133d_X7a8.cdfs_41057_sci.spw27.cube.I.pb.fits.gz,74322096,product,SCIENCE,https://almascience.nrao.edu/dataPortal/member.uid___A001_X133d_X7a8.cdfs_41057_sci.spw27.cube.I.pb.fits.gz
2018.1.00164.S,uid://A001/X133d/X7a8_001_of,member.uid___A001_X133d_X7a8.cdfs_41057_sci.spw27.cube.I.pbcor.fits,273205440,product,SCIENCE,https://almascience.nrao.edu/dataPortal/member.uid___A001_X133d_X7a8.cdfs_41057_sci.spw27.cube.I.pbcor.fits
2018.1.00164.S,uid://A001/X133d/X7a8_001_of,member.uid___A001_X133d_X7a8.cdfs_41057_sci.spw27.mfs.I.mask.fits.gz,2127,product,MASK,https://almascience.nrao.edu/dataPortal/member.uid___A001_X133d_X7a8.cdfs_41057_sci.spw27.mfs.I.mask.fits.gz
2018.1.00164.S,uid://A001/X133d/X7a8_001_of,member.uid___A001_X133d_X7a8.cdfs_41057_sci.spw27.mfs.I.pb.fits.gz,156884,product,SCIENCE,https://almascience.nrao.edu/dataPortal/member.uid___A001_X133d_X7a8.cdfs_41057_sci.spw27.mfs.I.pb.fits.gz
2018.1.00164.S,uid://A001/X133d/X7a8_001_of,member.uid___A001_X133d_X7a8.cdfs_41057_sci.spw27.mfs.I.pbcor.fits,581760,product,SCIENCE,https://almascience.nrao.edu/dataPortal/member.uid___A001_X133d_X7a8.cdfs_41057_sci.spw27.mfs.I.pbcor.fits
2018.1.00164.S,uid://A001/X133d/X7a8_001_of,member.uid___A001_X133d_X7a8.cdfs_41057_sci.spw29.cube.I.mask.fits.gz,266700,product,MASK,https://almascience.nrao.edu/dataPortal/member.uid___A001_X133d_X7a8.cdfs_41057_sci.spw29.cube.I.mask.fits.gz
2018.1.00164.S,uid://A001/X133d/X7a8_001_of,member.uid___A001_X133d_X7a8.cdfs_41057_sci.spw29.cube.I.pb.fits.gz,90867126,product,SCIENCE,https://almascience.nrao.edu/dataPortal/member.uid___A001_X133d_X7a8.cdfs_41057_sci.spw29.cube.I.pb.fits.gz
2018.1.00164.S,uid://A001/X133d/X7a8_001_of,member.uid___A001_X133d_X7a8.cdfs_41057_sci.spw29.cube.I.pbcor.fits,273205440,product,SCIENCE,https://almascience.nrao.edu/dataPortal/member.uid___A001_X133d_X7a8.cdfs_41057_sci.spw29.cube.I.pbcor.fits
2018.1.00164.S,uid://A001/X133d/X7a8_001_of,member.uid___A001_X133d_X7a8.cdfs_41057_sci.spw29.mfs.I.mask.fits.gz,2133,product,MASK,https://almascience.nrao.edu/dataPortal/member.uid___A001_X133d_X7a8.cdfs_41057_sci.spw29.mfs.I.mask.fits.gz
2018.1.00164.S,uid://A001/X133d/X7a8_001_of,member.uid___A001_X133d_X7a8.cdfs_41057_sci.spw29.mfs.I.pb.fits.gz,191785,product,SCIENCE,https://almascience.nrao.edu/dataPortal/member.uid___A001_X133d_X7a8.cdfs_41057_sci.spw29.mfs.I.pb.fits.gz
2018.1.00164.S,uid://A001/X133d/X7a8_001_of,member.uid___A001_X133d_X7a8.cdfs_41057_sci.spw29.mfs.I.pbcor.fits,581760,product,SCIENCE,https://almascience.nrao.edu/dataPortal/member.uid___A001_X133d_X7a8.cdfs_41057_sci.spw29.mfs.I.pbcor.fits
2018.1.00164.S,uid://A001/X133d/X7a8_001_of,member.uid___A001_X133d_X7a8.cdfs_41057_sci.spw29.repBW.I.mask.fits.gz,24631,product,MASK,https://almascience.nrao.edu/dataPortal/member.uid___A001_X133d_X7a8.cdfs_41057_sci.spw29.repBW.I.mask.fits.gz
2018.1.00164.S,uid://A001/X133d/X7a8_001_of,member.uid___A001_X133d_X7a8.cdfs_41057_sci.spw29.repBW.I.pb.fits.gz,8049847,product,SCIENCE,https://almascience.nrao.edu/dataPortal/member.uid___A001_X133d_X7a8.cdfs_41057_sci.spw29.repBW.I.pb.fits.gz
2018.1.00164.S,uid://A001/X133d/X7a8_001_of,member.uid___A001_X133d_X7a8.cdfs_41057_sci.spw29.repBW.I.pbcor.fits,23765760,product,SCIENCE,https://almascience.nrao.edu/dataPortal/member.uid___A001_X133d_X7a8.cdfs_41057_sci.spw29.repBW.I.pbcor.fits
2018.1.00164.S,uid://A001/X133d/X7a8_001_of,member.uid___A001_X133d_X7a8.cdfs_41057_sci.spw31.cube.I.mask.fits.gz,266699,product,MASK,https://almascience.nrao.edu/dataPortal/member.uid___A001_X133d_X7a8.cdfs_41057_sci.spw31.cube.I.mask.fits.gz
2018.1.00164.S,uid://A001/X133d/X7a8_001_of,member.uid___A001_X133d_X7a8.cdfs_41057_sci.spw31.cube.I.pb.fits.gz,94492307,product,SCIENCE,https://almascience.nrao.edu/dataPortal/member.uid___A001_X133d_X7a8.cdfs_41057_sci.spw31.cube.I.pb.fits.gz
2018.1.00164.S,uid://A001/X133d/X7a8_001_of,member.uid___A001_X133d_X7a8.cdfs_41057_sci.spw31.cube.I.pbcor.fits,273205440,product,SCIENCE,https://almascience.nrao.edu/dataPortal/member.uid___A001_X133d_X7a8.cdfs_41057_sci.spw31.cube.I.pbcor.fits
2018.1.00164.S,uid://A001/X133d/X7a8_001_of,member.uid___A001_X133d_X7a8.cdfs_41057_sci.spw31.mfs.I.mask.fits.gz,2130,product,MASK,https://almascience.nrao.edu/dataPortal/member.uid___A001_X133d_X7a8.cdfs_41057_sci.spw31.mfs.I.mask.fits.gz
2018.1.00164.S,uid://A001/X133d/X7a8_001_of,member.uid___A001_X133d_X7a8.cdfs_41057_sci.spw31.mfs.I.pb.fits.gz,198728,product,SCIENCE,https://almascience.nrao.edu/dataPortal/member.uid___A001_X133d_X7a8.cdfs_41057_sci.spw31.mfs.I.pb.fits.gz
2018.1.00164.S,uid://A001/X133d/X7a8_001_of,member.uid___A001_X133d_X7a8.cdfs_41057_sci.spw31.mfs.I.pbcor.fits,581760,product,SCIENCE,https://almascience.nrao.edu/dataPortal/member.uid___A001_X133d_X7a8.cdfs_41057_sci.spw31.mfs.I.pbcor.fits
2018.1.00164.S,uid://A001/X133d/X7ac_001_of,member.uid___A001_X133d_X7ac.J0342-3007_ph.spw25.mfs.I.mask.fits,357120,product,MASK,https://almascience.nrao.edu/dataPortal/member.uid___A001_X133d_X7ac.J0342-3007_ph.spw25.mfs.I.mask.fits
2018.1.00164.S,uid://A001/X133d/X7ac_001_of,member.uid___A001_X133d_X7ac.J0342-3007_ph.spw25.mfs.I.pb.fits.gz,109171,product,SCIENCE,https://almascience.nrao.edu/dataPortal/member.uid___A001_X133d_X7ac.J0342-3007_ph.spw25.mfs.I.pb.fits.gz
2018.1.00164.S,uid://A001/X133d/X7ac_001_of,member.uid___A001_X133d_X7ac.J0342-3007_ph.spw25.mfs.I.pbcor.fits,357120,product,SCIENCE,https://almascience.nrao.edu/dataPortal/member.uid___A001_X133d_X7ac.J0342-3007_ph.spw25.mfs.I.pbcor.fits
2018.1.00164.S,uid://A001/X133d/X7ac_001_of,member.uid___A001_X133d_X7ac.J0342-3007_ph.spw27.mfs.I.mask.fits,357120,product,MASK,https://almascience.nrao.edu/dataPortal/member.uid___A001_X133d_X7ac.J0342-3007_ph.spw27.mfs.I.mask.fits
2018.1.00164.S,uid://A001/X133d/X7ac_001_of,member.uid___A001_X133d_X7ac.J0342-3007_ph.spw27.mfs.I.pb.fits.gz,110967,product,SCIENCE,https://almascience.nrao.edu/dataPortal/member.uid___A001_X133d_X7ac.J0342-3007_ph.spw27.mfs.I.pb.fits.gz
2018.1.00164.S,uid://A001/X133d/X7ac_001_of,member.uid___A001_X133d_X7ac.J0342-3007_ph.spw27.mfs.I.pbcor.fits,357120,product,SCIENCE,https://almascience.nrao.edu/dataPortal/member.uid___A001_X133d_X7ac.J0342-3007_ph.spw27.mfs.I.pbcor.fits
2018.1.00164.S,uid://A001/X133d/X7ac_001_of,member.uid___A001_X133d_X7ac.J0342-3007_ph.spw29.mfs.I.mask.fits,357120,product,MASK,https://almascience.nrao.edu/dataPortal/member.uid___A001_X133d_X7ac.J0342-3007_ph.spw29.mfs.I.mask.fits
2018.1.00164.S,uid://A001/X133d/X7ac_001_of,member.uid___A001_X133d_X7ac.J0342-3007_ph.spw29.mfs.I.pb.fits.gz,122400,product,SCIENCE,https://almascience.nrao.edu/dataPortal/member.uid___A001_X133d_X7ac.J0342-3007_ph.spw29.mfs.I.pb.fits.gz
2018.1.00164.S,uid://A001/X133d/X7ac_001_of,member.uid___A001_X133d_X7ac.J0342-3007_ph.spw29.mfs.I.pbcor.fits,357120,product,SCIENCE,https://almascience.nrao.edu/dataPortal/member.uid___A001_X133d_X7ac.J0342-3007_ph.spw29.mfs.I.pbcor.fits
2018.1.00164.S,uid://A001/X133d/X7ac_001_of,member.uid___A001_X133d_X7ac.J0342-3007_ph.spw31.mfs.I.mask.fits,357120,product,MASK,https://almascience.nrao.edu/dataPortal/member.uid___A001_X133d_X7ac.J0342-3007_ph.spw31.mfs.I.mask.fits
2018.1.00164.S,uid://A001/X133d/X7ac_001_of,member.uid___A001_X133d_X7ac.J0342-3007_ph.spw31.mfs.I.pb.fits.gz,124750,product,SCIENCE,https://almascience.nrao.edu/dataPortal/member.uid___A001_X133d_X7ac.J0342-3007_ph.spw31.mfs.I.pb.fits.gz
2018.1.00164.S,uid://A001/X133d/X7ac_001_of,member.uid___A001_X133d_X7ac.J0342-3007_ph.spw31.mfs.I.pbcor.fits,357120,product,SCIENCE,https://almascience.nrao.edu/dataPortal/member.uid___A001_X133d_X7ac.J0342-3007_ph.spw31.mfs.I.pbcor.fits
2018.1.00164.S,uid://A001/X133d/X7ac_001_of,member.uid___A001_X133d_X7ac.J0348-2749_ph.spw25.mfs.I.mask.fits,357120,product,MASK,https://almascience.nrao.edu/dataPortal/member.uid___A001_X133d_X7ac.J0348-2749_ph.spw25.mfs.I.mask.fits
2018.1.00164.S,uid://A001/X133d/X7ac_001_of,member.uid___A001_X133d_X7ac.J0348-2749_ph.spw25.mfs.I.pb.fits.gz,109157,product,SCIENCE,https://almascience.nrao.edu/dataPortal/member.uid___A001_X133d_X7ac.J0348-2749_ph.spw25.mfs.I.pb.fits.gz
2018.1.00164.S,uid://A001/X133d/X7ac_001_of,member.uid___A001_X133d_X7ac.J0348-2749_ph.spw25.mfs.I.pbcor.fits,357120,product,SCIENCE,https://almascience.nrao.edu/dataPortal/member.uid___A001_X133d_X7ac.J0348-2749_ph.spw25.mfs.I.pbcor.fits
2018.1.00164.S,uid://A001/X133d/X7ac_001_of,member.uid___A001_X133d_X7ac.J0348-2749_ph.spw27.mfs.I.mask.fits,357120,product,MASK,https://almascience.nrao.edu/dataPortal/member.uid___A001_X133d_X7ac.J0348-2749_ph.spw27.mfs.I.mask.fits
2018.1.00164.S,uid://A001/X133d/X7ac_001_of,member.uid___A001_X133d_X7ac.J0348-2749_ph.spw27.mfs.I.pb.fits.gz,110995,product,SCIENCE,https://almascience.nrao.edu/dataPortal/member.uid___A001_X133d_X7ac.J0348-2749_ph.spw27.mfs.I.pb.fits.gz
2018.1.00164.S,uid://A001/X133d/X7ac_001_of,member.uid___A001_X133d_X7ac.J0348-2749_ph.spw27.mfs.I.pbcor.fits,357120,product,SCIENCE,https://almascience.nrao.edu/dataPortal/member.uid___A001_X133d_X7ac.J0348-2749_ph.spw27.mfs.I.pbcor.fits
2018.1.00164.S,uid://A001/X133d/X7ac_001_of,member.uid___A001_X133d_X7ac.J0348-2749_ph.spw29.mfs.I.mask.fits,357120,product,MASK,https://almascience.nrao.edu/dataPortal/member.uid___A001_X133d_X7ac.J0348-2749_ph.spw29.mfs.I.mask.fits
2018.1.00164.S,uid://A001/X133d/X7ac_001_of,member.uid___A001_X133d_X7ac.J0348-2749_ph.spw29.mfs.I.pb.fits.gz,122615,product,SCIENCE,https://almascience.nrao.edu/dataPortal/member.uid___A001_X133d_X7ac.J0348-2749_ph.spw29.mfs.I.pb.fits.gz
2018.1.00164.S,uid://A001/X133d/X7ac_001_of,member.uid___A001_X133d_X7ac.J0348-2749_ph.spw29.mfs.I.pbcor.fits,357120,product,SCIENCE,https://almascience.nrao.edu/dataPortal/member.uid___A001_X133d_X7ac.J0348-2749_ph.spw29.mfs.I.pbcor.fits
2018.1.00164.S,uid://A001/X133d/X7ac_001_of,member.uid___A001_X133d_X7ac.J0348-2749_ph.spw31.mfs.I.mask.fits,357120,product,MASK,https://almascience.nrao.edu/dataPortal/member.uid___A001_X133d_X7ac.J0348-2749_ph.spw31.mfs.I.mask.fits
2018.1.00164.S,uid://A001/X133d/X7ac_001_of,member.uid___A001_X133d_X7ac.J0348-2749_ph.spw31.mfs.I.pb.fits.gz,124572,product,SCIENCE,https://almascience.nrao.edu/dataPortal/member.uid___A001_X133d_X7ac.J0348-2749_ph.spw31.mfs.I.pb.fits.gz
2018.1.00164.S,uid://A001/X133d/X7ac_001_of,member.uid___A001_X133d_X7ac.J0348-2749_ph.spw31.mfs.I.pbcor.fits,357120,product,SCIENCE,https://almascience.nrao.edu/dataPortal/member.uid___A001_X133d_X7ac.J0348-2749_ph.spw31.mfs.I.pbcor.fits
2018.1.00164.S,uid://A001/X133d/X7ac_001_of,member.uid___A001_X133d_X7ac.J0519-4546_bp.spw25.mfs.I.mask.fits,357120,product,MASK,https://almascience.nrao.edu/dataPortal/member.uid___A001_X133d_X7ac.J0519-4546_bp.spw25.mfs.I.mask.fits
2018.1.00164.S,uid://A001/X133d/X7ac_001_of,member.uid___A001_X133d_X7ac.J0519-4546_bp.spw25.mfs.I.pb.fits.gz,108973,product,SCIENCE,https://almascience.nrao.edu/dataPortal/member.uid___A001_X133d_X7ac.J0519-4546_bp.spw25.mfs.I.pb.fits.gz
2018.1.00164.S,uid://A001/X133d/X7ac_001_of,member.uid___A001_X133d_X7ac.J0519-4546_bp.spw25.mfs.I.pbcor.fits,357120,product,SCIENCE,https://almascience.nrao.edu/dataPortal/member.uid___A001_X133d_X7ac.J0519-4546_bp.spw25.mfs.I.pbcor.fits
2018.1.00164.S,uid://A001/X133d/X7ac_001_of,member.uid___A001_X133d_X7ac.J0519-4546_bp.spw27.mfs.I.mask.fits,357120,product,MASK,https://almascience.nrao.edu/dataPortal/member.uid___A001_X133d_X7ac.J0519-4546_bp.spw27.mfs.I.mask.fits
2018.1.00164.S,uid://A001/X133d/X7ac_001_of,member.uid___A001_X133d_X7ac.J0519-4546_bp.spw27.mfs.I.pb.fits.gz,110757,product,SCIENCE,https://almascience.nrao.edu/dataPortal/member.uid___A001_X133d_X7ac.J0519-4546_bp.spw27.mfs.I.pb.fits.gz
2018.1.00164.S,uid://A001/X133d/X7ac_001_of,member.uid___A001_X133d_X7ac.J0519-4546_bp.spw27.mfs.I.pbcor.fits,357120,product,SCIENCE,https://almascience.nrao.edu/dataPortal/member.uid___A001_X133d_X7ac.J0519-4546_bp.spw27.mfs.I.pbcor.fits
2018.1.00164.S,uid://A001/X133d/X7ac_001_of,member.uid___A001_X133d_X7ac.J0519-4546_bp.spw29.mfs.I.mask.fits,357120,product,MASK,https://almascience.nrao.edu/dataPortal/member.uid___A001_X133d_X7ac.J0519-4546_bp.spw29.mfs.I.mask.fits
2018.1.00164.S,uid://A001/X133d/X7ac_001_of,member.uid___A001_X133d_X7ac.J0519-4546_bp.spw29.mfs.I.pb.fits.gz,122246,product,SCIENCE,https://almascience.nrao.edu/dataPortal/member.uid___A001_X133d_X7ac.J0519-4546_bp.spw29.mfs.I.pb.fits.gz
2018.1.00164.S,uid://A001/X133d/X7ac_001_of,member.uid___A001_X133d_X7ac.J0519-4546_bp.spw29.mfs.I.pbcor.fits,357120,product,SCIENCE,https://almascience.nrao.edu/dataPortal/member.uid___A001_X133d_X7ac.J0519-4546_bp.spw29.mfs.I.pbcor.fits
2018.1.00164.S,uid://A001/X133d/X7ac_001_of,member.uid___A001_X133d_X7ac.J0519-4546_bp.spw31.mfs.I.mask.fits,357120,product,MASK,https://almascience.nrao.edu/dataPortal/member.uid___A001_X133d_X7ac.J0519-4546_bp.spw31.mfs.I.mask.fits
2018.1.00164.S,uid://A001/X133d/X7ac_001_of,member.uid___A001_X133d_X7ac.J0519-4546_bp.spw31.mfs.I.pb.fits.gz,124386,product,SCIENCE,https://almascience.nrao.edu/dataPortal/member.uid___A001_X133d_X7ac.J0519-4546_bp.spw31.mfs.I.pb.fits.gz
2018.1.00164.S,uid://A001/X133d/X7ac_001_of,member.uid___A001_X133d_X7ac.J0519-4546_bp.spw31.mfs.I.pbcor.fits,357120,product,SCIENCE,https://almascience.nrao.edu/dataPortal/member.uid___A001_X133d_X7ac.J0519-4546_bp.spw31.mfs.I.pbcor.fits
2018.1.00164.S,uid://A001/X133d/X7ac_001_of,member.uid___A001_X133d_X7ac.cdfs_18283_sci.spw25.cube.I.mask.fits,69410880,product,MASK,https://almascience.nrao.edu/dataPortal/member.uid___A001_X133d_X7ac.cdfs_18283_sci.spw25.cube.I.mask.fits
2018.1.00164.S,uid://A001/X133d/X7ac_001_of,member.uid___A001_X133d_X7ac.cdfs_18283_sci.spw25.cube.I.pb.fits.gz,19908793,product,SCIENCE,https://almascience.nrao.edu/dataPortal/member.uid___A001_X133d_X7ac.cdfs_18283_sci.spw25.cube.I.pb.fits.gz
2018.1.00164.S,uid://A001/X133d/X7ac_001_of,member.uid___A001_X133d_X7ac.cdfs_18283_sci.spw25.cube.I.pbcor.fits,69410880,product,SCIENCE,https://almascience.nrao.edu/dataPortal/member.uid___A001_X133d_X7ac.cdfs_18283_sci.spw25.cube.I.pbcor.fits
2018.1.00164.S,uid://A001/X133d/X7ac_001_of,member.uid___A001_X133d_X7ac.cdfs_18283_sci.spw25.mfs.I.mask.fits,305280,product,MASK,https://almascience.nrao.edu/dataPortal/member.uid___A001_X133d_X7ac.cdfs_18283_sci.spw25.mfs.I.mask.fits
2018.1.00164.S,uid://A001/X133d/X7ac_001_of,member.uid___A001_X133d_X7ac.cdfs_18283_sci.spw25.mfs.I.pb.fits.gz,85651,product,SCIENCE,https://almascience.nrao.edu/dataPortal/member.uid___A001_X133d_X7ac.cdfs_18283_sci.spw25.mfs.I.pb.fits.gz
2018.1.00164.S,uid://A001/X133d/X7ac_001_of,member.uid___A001_X133d_X7ac.cdfs_18283_sci.spw25.mfs.I.pbcor.fits,305280,product,SCIENCE,https://almascience.nrao.edu/dataPortal/member.uid___A001_X133d_X7ac.cdfs_18283_sci.spw25.mfs.I.pbcor.fits
2018.1.00164.S,uid://A001/X133d/X7ac_001_of,member.uid___A001_X133d_X7ac.cdfs_18283_sci.spw25_27_29_31.cont.I.mask.fits,305280,product,MASK,https://almascience.nrao.edu/dataPortal/member.uid___A001_X133d_X7ac.cdfs_18283_sci.spw25_27_29_31.cont.I.mask.fits
2018.1.00164.S,uid://A001/X133d/X7ac_001_of,member.uid___A001_X133d_X7ac.cdfs_18283_sci.spw25_27_29_31.cont.I.pb.fits.gz,91457,product,SCIENCE,https://almascience.nrao.edu/dataPortal/member.uid___A001_X133d_X7ac.cdfs_18283_sci.spw25_27_29_31.cont.I.pb.fits.gz
2018.1.00164.S,uid://A001/X133d/X7ac_001_of,member.uid___A001_X133d_X7ac.cdfs_18283_sci.spw25_27_29_31.cont.I.pbcor.fits,305280,product,SCIENCE,https://almascience.nrao.edu/dataPortal/member.uid___A001_X133d_X7ac.cdfs_18283_sci.spw25_27_29_31.cont.I.pbcor.fits
2018.1.00164.S,uid://A001/X133d/X7ac_001_of,member.uid___A001_X133d_X7ac.cdfs_18283_sci.spw27.cube.I.mask.fits,69410880,product,MASK,https://almascience.nrao.edu/dataPortal/member.uid___A001_X133d_X7ac.cdfs_18283_sci.spw27.cube.I.mask.fits
2018.1.00164.S,uid://A001/X133d/X7ac_001_of,member.uid___A001_X133d_X7ac.cdfs_18283_sci.spw27.cube.I.pb.fits.gz,20205456,product,SCIENCE,https://almascience.nrao.edu/dataPortal/member.uid___A001_X133d_X7ac.cdfs_18283_sci.spw27.cube.I.pb.fits.gz
2018.1.00164.S,uid://A001/X133d/X7ac_001_of,member.uid___A001_X133d_X7ac.cdfs_18283_sci.spw27.cube.I.pbcor.fits,69410880,product,SCIENCE,https://almascience.nrao.edu/dataPortal/member.uid___A001_X133d_X7ac.cdfs_18283_sci.spw27.cube.I.pbcor.fits
2018.1.00164.S,uid://A001/X133d/X7ac_001_of,member.uid___A001_X133d_X7ac.cdfs_18283_sci.spw27.mfs.I.mask.fits,305280,product,MASK,https://almascience.nrao.edu/dataPortal/member.uid___A001_X133d_X7ac.cdfs_18283_sci.spw27.mfs.I.mask.fits
2018.1.00164.S,uid://A001/X133d/X7ac_001_of,member.uid___A001_X133d_X7ac.cdfs_18283_sci.spw27.mfs.I.pb.fits.gz,86714,product,SCIENCE,https://almascience.nrao.edu/dataPortal/member.uid___A001_X133d_X7ac.cdfs_18283_sci.spw27.mfs.I.pb.fits.gz
2018.1.00164.S,uid://A001/X133d/X7ac_001_of,member.uid___A001_X133d_X7ac.cdfs_18283_sci.spw27.mfs.I.pbcor.fits,305280,product,SCIENCE,https://almascience.nrao.edu/dataPortal/member.uid___A001_X133d_X7ac.cdfs_18283_sci.spw27.mfs.I.pbcor.fits
2018.1.00164.S,uid://A001/X133d/X7ac_001_of,member.uid___A001_X133d_X7ac.cdfs_18283_sci.spw29.cube.I.mask.fits,69410880,product,MASK,https://almascience.nrao.edu/dataPortal/member.uid___A001_X133d_X7ac.cdfs_18283_sci.spw29.cube.I.mask.fits
2018.1.00164.S,uid://A001/X133d/X7ac_001_of,member.uid___A001_X133d_X7ac.cdfs_18283_sci.spw29.cube.I.pb.fits.gz,22394907,product,SCIENCE,https://almascience.nrao.edu/dataPortal/member.uid___A001_X133d_X7ac.cdfs_18283_sci.spw29.cube.I.pb.fits.gz
2018.1.00164.S,uid://A001/X133d/X7ac_001_of,member.uid___A001_X133d_X7ac.cdfs_18283_sci.spw29.cube.I.pbcor.fits,69410880,product,SCIENCE,https://almascience.nrao.edu/dataPortal/member.uid___A001_X133d_X7ac.cdfs_18283_sci.spw29.cube.I.pbcor.fits
2018.1.00164.S,uid://A001/X133d/X7ac_001_of,member.uid___A001_X133d_X7ac.cdfs_18283_sci.spw29.mfs.I.mask.fits,305280,product,MASK,https://almascience.nrao.edu/dataPortal/member.uid___A001_X133d_X7ac.cdfs_18283_sci.spw29.mfs.I.mask.fits
2018.1.00164.S,uid://A001/X133d/X7ac_001_of,member.uid___A001_X133d_X7ac.cdfs_18283_sci.spw29.mfs.I.pb.fits.gz,95888,product,SCIENCE,https://almascience.nrao.edu/dataPortal/member.uid___A001_X133d_X7ac.cdfs_18283_sci.spw29.mfs.I.pb.fits.gz
2018.1.00164.S,uid://A001/X133d/X7ac_001_of,member.uid___A001_X133d_X7ac.cdfs_18283_sci.spw29.mfs.I.pbcor.fits,305280,product,SCIENCE,https://almascience.nrao.edu/dataPortal/member.uid___A001_X133d_X7ac.cdfs_18283_sci.spw29.mfs.I.pbcor.fits
2018.1.00164.S,uid://A001/X133d/X7ac_001_of,member.uid___A001_X133d_X7ac.cdfs_18283_sci.spw31.cube.I.mask.fits,69410880,product,MASK,https://almascience.nrao.edu/dataPortal/member.uid___A001_X133d_X7ac.cdfs_18283_sci.spw31.cube.I.mask.fits
2018.1.00164.S,uid://A001/X133d/X7ac_001_of,member.uid___A001_X133d_X7ac.cdfs_18283_sci.spw31.cube.I.pb.fits.gz,22747360,product,SCIENCE,https://almascience.nrao.edu/dataPortal/member.uid___A001_X133d_X7ac.cdfs_18283_sci.spw31.cube.I.pb.fits.gz
2018.1.00164.S,uid://A001/X133d/X7ac_001_of,member.uid___A001_X133d_X7ac.cdfs_18283_sci.spw31.cube.I.pbcor.fits,69410880,product,SCIENCE,https://almascience.nrao.edu/dataPortal/member.uid___A001_X133d_X7ac.cdfs_18283_sci.spw31.cube.I.pbcor.fits
2018.1.00164.S,uid://A001/X133d/X7ac_001_of,member.uid___A001_X133d_X7ac.cdfs_18283_sci.spw31.mfs.I.mask.fits,305280,product,MASK,https://almascience.nrao.edu/dataPortal/member.uid___A001_X133d_X7ac.cdfs_18283_sci.spw31.mfs.I.mask.fits
2018.1.00164.S,uid://A001/X133d/X7ac_001_of,member.uid___A001_X133d_X7ac.cdfs_18283_sci.spw31.mfs.I.pb.fits.gz,97659,product,SCIENCE,https://almascience.nrao.edu/dataPortal/member.uid___A001_X133d_X7ac.cdfs_18283_sci.spw31.mfs.I.pb.fits.gz
2018.1.00164.S,uid://A001/X133d/X7ac_001_of,member.uid___A001_X133d_X7ac.cdfs_18283_sci.spw31.mfs.I.pbcor.fits,305280,product,SCIENCE,https://almascience.nrao.edu/dataPortal/member.uid___A001_X133d_X7ac.cdfs_18283_sci.spw31.mfs.I.pbcor.fits
2018.1.00164.S,uid://A001/X133d/X7ac_001_of,member.uid___A001_X133d_X7ac.cdfs_21129_sci.spw25.cube.I.mask.fits,69410880,product,MASK,https://almascience.nrao.edu/dataPortal/member.uid___A001_X133d_X7ac.cdfs_21129_sci.spw25.cube.I.mask.fits
2018.1.00164.S,uid://A001/X133d/X7ac_001_of,member.uid___A001_X133d_X7ac.cdfs_21129_sci.spw25.cube.I.pb.fits.gz,19684989,product,SCIENCE,https://almascience.nrao.edu/dataPortal/member.uid___A001_X133d_X7ac.cdfs_21129_sci.spw25.cube.I.pb.fits.gz
2018.1.00164.S,uid://A001/X133d/X7ac_001_of,member.uid___A001_X133d_X7ac.cdfs_21129_sci.spw25.cube.I.pbcor.fits,69410880,product,SCIENCE,https://almascience.nrao.edu/dataPortal/member.uid___A001_X133d_X7ac.cdfs_21129_sci.spw25.cube.I.pbcor.fits
2018.1.00164.S,uid://A001/X133d/X7ac_001_of,member.uid___A001_X133d_X7ac.cdfs_21129_sci.spw25.mfs.I.mask.fits,305280,product,MASK,https://almascience.nrao.edu/dataPortal/member.uid___A001_X133d_X7ac.cdfs_21129_sci.spw25.mfs.I.mask.fits
2018.1.00164.S,uid://A001/X133d/X7ac_001_of,member.uid___A001_X133d_X7ac.cdfs_21129_sci.spw25.mfs.I.pb.fits.gz,84635,product,SCIENCE,https://almascience.nrao.edu/dataPortal/member.uid___A001_X133d_X7ac.cdfs_21129_sci.spw25.mfs.I.pb.fits.gz
2018.1.00164.S,uid://A001/X133d/X7ac_001_of,member.uid___A001_X133d_X7ac.cdfs_21129_sci.spw25.mfs.I.pbcor.fits,305280,product,SCIENCE,https://almascience.nrao.edu/dataPortal/member.uid___A001_X133d_X7ac.cdfs_21129_sci.spw25.mfs.I.pbcor.fits
2018.1.00164.S,uid://A001/X133d/X7ac_001_of,member.uid___A001_X133d_X7ac.cdfs_21129_sci.spw25_27_29_31.cont.I.mask.fits,305280,product,MASK,https://almascience.nrao.edu/dataPortal/member.uid___A001_X133d_X7ac.cdfs_21129_sci.spw25_27_29_31.cont.I.mask.fits
2018.1.00164.S,uid://A001/X133d/X7ac_001_of,member.uid___A001_X133d_X7ac.cdfs_21129_sci.spw25_27_29_31.cont.I.pb.fits.gz,90689,product,SCIENCE,https://almascience.nrao.edu/dataPortal/member.uid___A001_X133d_X7ac.cdfs_21129_sci.spw25_27_29_31.cont.I.pb.fits.gz
2018.1.00164.S,uid://A001/X133d/X7ac_001_of,member.uid___A001_X133d_X7ac.cdfs_21129_sci.spw25_27_29_31.cont.I.pbcor.fits,305280,product,SCIENCE,https://almascience.nrao.edu/dataPortal/member.uid___A001_X133d_X7ac.cdfs_21129_sci.spw25_27_29_31.cont.I.pbcor.fits
2018.1.00164.S,uid://A001/X133d/X7ac_001_of,member.uid___A001_X133d_X7ac.cdfs_21129_sci.spw27.cube.I.mask.fits,69410880,product,MASK,https://almascience.nrao.edu/dataPortal/member.uid___A001_X133d_X7ac.cdfs_21129_sci.spw27.cube.I.mask.fits
2018.1.00164.S,uid://A001/X133d/X7ac_001_of,member.uid___A001_X133d_X7ac.cdfs_21129_sci.spw27.cube.I.pb.fits.gz,19981852,product,SCIENCE,https://almascience.nrao.edu/dataPortal/member.uid___A001_X133d_X7ac.cdfs_21129_sci.spw27.cube.I.pb.fits.gz
2018.1.00164.S,uid://A001/X133d/X7ac_001_of,member.uid___A001_X133d_X7ac.cdfs_21129_sci.spw27.cube.I.pbcor.fits,69410880,product,SCIENCE,https://almascience.nrao.edu/dataPortal/member.uid___A001_X133d_X7ac.cdfs_21129_sci.spw27.cube.I.pbcor.fits
2018.1.00164.S,uid://A001/X133d/X7ac_001_of,member.uid___A001_X133d_X7ac.cdfs_21129_sci.spw27.mfs.I.mask.fits,305280,product,MASK,https://almascience.nrao.edu/dataPortal/member.uid___A001_X133d_X7ac.cdfs_21129_sci.spw27.mfs.I.mask.fits
2018.1.00164.S,uid://A001/X133d/X7ac_001_of,member.uid___A001_X133d_X7ac.cdfs_21129_sci.spw27.mfs.I.pb.fits.gz,85837,product,SCIENCE,https://almascience.nrao.edu/dataPortal/member.uid___A001_X133d_X7ac.cdfs_21129_sci.spw27.mfs.I.pb.fits.gz
2018.1.00164.S,uid://A001/X133d/X7ac_001_of,member.uid___A001_X133d_X7ac.cdfs_21129_sci.spw27.mfs.I.pbcor.fits,305280,product,SCIENCE,https://almascience.nrao.edu/dataPortal/member.uid___A001_X133d_X7ac.cdfs_21129_sci.spw27.mfs.I.pbcor.fits
2018.1.00164.S,uid://A001/X133d/X7ac_001_of,member.uid___A001_X133d_X7ac.cdfs_21129_sci.spw29.cube.I.mask.fits,69410880,product,MASK,https://almascience.nrao.edu/dataPortal/member.uid___A001_X133d_X7ac.cdfs_21129_sci.spw29.cube.I.mask.fits
2018.1.00164.S,uid://A001/X133d/X7ac_001_of,member.uid___A001_X133d_X7ac.cdfs_21129_sci.spw29.cube.I.pb.fits.gz,22185658,product,SCIENCE,https://almascience.nrao.edu/dataPortal/member.uid___A001_X133d_X7ac.cdfs_21129_sci.spw29.cube.I.pb.fits.gz
2018.1.00164.S,uid://A001/X133d/X7ac_001_of,member.uid___A001_X133d_X7ac.cdfs_21129_sci.spw29.cube.I.pbcor.fits,69410880,product,SCIENCE,https://almascience.nrao.edu/dataPortal/member.uid___A001_X133d_X7ac.cdfs_21129_sci.spw29.cube.I.pbcor.fits
2018.1.00164.S,uid://A001/X133d/X7ac_001_of,member.uid___A001_X133d_X7ac.cdfs_21129_sci.spw29.mfs.I.mask.fits,305280,product,MASK,https://almascience.nrao.edu/dataPortal/member.uid___A001_X133d_X7ac.cdfs_21129_sci.spw29.mfs.I.mask.fits
2018.1.00164.S,uid://A001/X133d/X7ac_001_of,member.uid___A001_X133d_X7ac.cdfs_21129_sci.spw29.mfs.I.pb.fits.gz,95065,product,SCIENCE,https://almascience.nrao.edu/dataPortal/member.uid___A001_X133d_X7ac.cdfs_21129_sci.spw29.mfs.I.pb.fits.gz
2018.1.00164.S,uid://A001/X133d/X7ac_001_of,member.uid___A001_X133d_X7ac.cdfs_21129_sci.spw29.mfs.I.pbcor.fits,305280,product,SCIENCE,https://almascience.nrao.edu/dataPortal/member.uid___A001_X133d_X7ac.cdfs_21129_sci.spw29.mfs.I.pbcor.fits
2018.1.00164.S,uid://A001/X133d/X7ac_001_of,member.uid___A001_X133d_X7ac.cdfs_21129_sci.spw31.cube.I.mask.fits,69410880,product,MASK,https://almascience.nrao.edu/dataPortal/member.uid___A001_X133d_X7ac.cdfs_21129_sci.spw31.cube.I.mask.fits
2018.1.00164.S,uid://A001/X133d/X7ac_001_of,member.uid___A001_X133d_X7ac.cdfs_21129_sci.spw31.cube.I.pb.fits.gz,22533929,product,SCIENCE,https://almascience.nrao.edu/dataPortal/member.uid___A001_X133d_X7ac.cdfs_21129_sci.spw31.cube.I.pb.fits.gz
2018.1.00164.S,uid://A001/X133d/X7ac_001_of,member.uid___A001_X133d_X7ac.cdfs_21129_sci.spw31.cube.I.pbcor.fits,69410880,product,SCIENCE,https://almascience.nrao.edu/dataPortal/member.uid___A001_X133d_X7ac.cdfs_21129_sci.spw31.cube.I.pbcor.fits
2018.1.00164.S,uid://A001/X133d/X7ac_001_of,member.uid___A001_X133d_X7ac.cdfs_21129_sci.spw31.mfs.I.mask.fits,305280,product,MASK,https://almascience.nrao.edu/dataPortal/member.uid___A001_X133d_X7ac.cdfs_21129_sci.spw31.mfs.I.mask.fits
2018.1.00164.S,uid://A001/X133d/X7ac_001_of,member.uid___A001_X133d_X7ac.cdfs_21129_sci.spw31.mfs.I.pb.fits.gz,96521,product,SCIENCE,https://almascience.nrao.edu/dataPortal/member.uid___A001_X133d_X7ac.cdfs_21129_sci.spw31.mfs.I.pb.fits.gz
2018.1.00164.S,uid://A001/X133d/X7ac_001_of,member.uid___A001_X133d_X7ac.cdfs_21129_sci.spw31.mfs.I.pbcor.fits,305280,product,SCIENCE,https://almascience.nrao.edu/dataPortal/member.uid___A001_X133d_X7ac.cdfs_21129_sci.spw31.mfs.I.pbcor.fits
2018.1.00164.S,uid://A001/X133d/X7ac_001_of,member.uid___A001_X133d_X7ac.cdfs_22632_sci.spw25.cube.I.mask.fits,69410880,product,MASK,https://almascience.nrao.edu/dataPortal/member.uid___A001_X133d_X7ac.cdfs_22632_sci.spw25.cube.I.mask.fits
2018.1.00164.S,uid://A001/X133d/X7ac_001_of,member.uid___A001_X133d_X7ac.cdfs_22632_sci.spw25.cube.I.pb.fits.gz,19711084,product,SCIENCE,https://almascience.nrao.edu/dataPortal/member.uid___A001_X133d_X7ac.cdfs_22632_sci.spw25.cube.I.pb.fits.gz
2018.1.00164.S,uid://A001/X133d/X7ac_001_of,member.uid___A001_X133d_X7ac.cdfs_22632_sci.spw25.cube.I.pbcor.fits,69410880,product,SCIENCE,https://almascience.nrao.edu/dataPortal/member.uid___A001_X133d_X7ac.cdfs_22632_sci.spw25.cube.I.pbcor.fits
2018.1.00164.S,uid://A001/X133d/X7ac_001_of,member.uid___A001_X133d_X7ac.cdfs_22632_sci.spw25.mfs.I.mask.fits,305280,product,MASK,https://almascience.nrao.edu/dataPortal/member.uid___A001_X133d_X7ac.cdfs_22632_sci.spw25.mfs.I.mask.fits
2018.1.00164.S,uid://A001/X133d/X7ac_001_of,member.uid___A001_X133d_X7ac.cdfs_22632_sci.spw25.mfs.I.pb.fits.gz,84713,product,SCIENCE,https://almascience.nrao.edu/dataPortal/member.uid___A001_X133d_X7ac.cdfs_22632_sci.spw25.mfs.I.pb.fits.gz
2018.1.00164.S,uid://A001/X133d/X7ac_001_of,member.uid___A001_X133d_X7ac.cdfs_22632_sci.spw25.mfs.I.pbcor.fits,305280,product,SCIENCE,https://almascience.nrao.edu/dataPortal/member.uid___A001_X133d_X7ac.cdfs_22632_sci.spw25.mfs.I.pbcor.fits
2018.1.00164.S,uid://A001/X133d/X7ac_001_of,member.uid___A001_X133d_X7ac.cdfs_22632_sci.spw25_27_29_31.cont.I.mask.fits,305280,product,MASK,https://almascience.nrao.edu/dataPortal/member.uid___A001_X133d_X7ac.cdfs_22632_sci.spw25_27_29_31.cont.I.mask.fits
2018.1.00164.S,uid://A001/X133d/X7ac_001_of,member.uid___A001_X133d_X7ac.cdfs_22632_sci.spw25_27_29_31.cont.I.pb.fits.gz,90482,product,SCIENCE,https://almascience.nrao.edu/dataPortal/member.uid___A001_X133d_X7ac.cdfs_22632_sci.spw25_27_29_31.cont.I.pb.fits.gz
2018.1.00164.S,uid://A001/X133d/X7ac_001_of,member.uid___A001_X133d_X7ac.cdfs_22632_sci.spw25_27_29_31.cont.I.pbcor.fits,305280,product,SCIENCE,https://almascience.nrao.edu/dataPortal/member.uid___A001_X133d_X7ac.cdfs_22632_sci.spw25_27_29_31.cont.I.pbcor.fits
2018.1.00164.S,uid://A001/X133d/X7ac_001_of,member.uid___A001_X133d_X7ac.cdfs_22632_sci.spw27.cube.I.mask.fits,69410880,product,MASK,https://almascience.nrao.edu/dataPortal/member.uid___A001_X133d_X7ac.cdfs_22632_sci.spw27.cube.I.mask.fits
2018.1.00164.S,uid://A001/X133d/X7ac_001_of,member.uid___A001_X133d_X7ac.cdfs_22632_sci.spw27.cube.I.pb.fits.gz,20006293,product,SCIENCE,https://almascience.nrao.edu/dataPortal/member.uid___A001_X133d_X7ac.cdfs_22632_sci.spw27.cube.I.pb.fits.gz
2018.1.00164.S,uid://A001/X133d/X7ac_001_of,member.uid___A001_X133d_X7ac.cdfs_22632_sci.spw27.cube.I.pbcor.fits,69410880,product,SCIENCE,https://almascience.nrao.edu/dataPortal/member.uid___A001_X133d_X7ac.cdfs_22632_sci.spw27.cube.I.pbcor.fits
2018.1.00164.S,uid://A001/X133d/X7ac_001_of,member.uid___A001_X133d_X7ac.cdfs_22632_sci.spw27.mfs.I.mask.fits,305280,product,MASK,https://almascience.nrao.edu/dataPortal/member.uid___A001_X133d_X7ac.cdfs_22632_sci.spw27.mfs.I.mask.fits
2018.1.00164.S,uid://A001/X133d/X7ac_001_of,member.uid___A001_X133d_X7ac.cdfs_22632_sci.spw27.mfs.I.pb.fits.gz,86059,product,SCIENCE,https://almascience.nrao.edu/dataPortal/member.uid___A001_X133d_X7ac.cdfs_22632_sci.spw27.mfs.I.pb.fits.gz
2018.1.00164.S,uid://A001/X133d/X7ac_001_of,member.uid___A001_X133d_X7ac.cdfs_22632_sci.spw27.mfs.I.pbcor.fits,305280,product,SCIENCE,https://almascience.nrao.edu/dataPortal/member.uid___A001_X133d_X7ac.cdfs_22632_sci.spw27.mfs.I.pbcor.fits
2018.1.00164.S,uid://A001/X133d/X7ac_001_of,member.uid___A001_X133d_X7ac.cdfs_22632_sci.spw29.cube.I.mask.fits,69410880,product,MASK,https://almascience.nrao.edu/dataPortal/member.uid___A001_X133d_X7ac.cdfs_22632_sci.spw29.cube.I.mask.fits
2018.1.00164.S,uid://A001/X133d/X7ac_001_of,member.uid___A001_X133d_X7ac.cdfs_22632_sci.spw29.cube.I.pb.fits.gz,22202153,product,SCIENCE,https://almascience.nrao.edu/dataPortal/member.uid___A001_X133d_X7ac.cdfs_22632_sci.spw29.cube.I.pb.fits.gz
2018.1.00164.S,uid://A001/X133d/X7ac_001_of,member.uid___A001_X133d_X7ac.cdfs_22632_sci.spw29.cube.I.pbcor.fits,69410880,product,SCIENCE,https://almascience.nrao.edu/dataPortal/member.uid___A001_X133d_X7ac.cdfs_22632_sci.spw29.cube.I.pbcor.fits
2018.1.00164.S,uid://A001/X133d/X7ac_001_of,member.uid___A001_X133d_X7ac.cdfs_22632_sci.spw29.mfs.I.mask.fits,305280,product,MASK,https://almascience.nrao.edu/dataPortal/member.uid___A001_X133d_X7ac.cdfs_22632_sci.spw29.mfs.I.mask.fits
2018.1.00164.S,uid://A001/X133d/X7ac_001_of,member.uid___A001_X133d_X7ac.cdfs_22632_sci.spw29.mfs.I.pb.fits.gz,95313,product,SCIENCE,https://almascience.nrao.edu/dataPortal/member.uid___A001_X133d_X7ac.cdfs_22632_sci.spw29.mfs.I.pb.fits.gz
2018.1.00164.S,uid://A001/X133d/X7ac_001_of,member.uid___A001_X133d_X7ac.cdfs_22632_sci.spw29.mfs.I.pbcor.fits,305280,product,SCIENCE,https://almascience.nrao.edu/dataPortal/member.uid___A001_X133d_X7ac.cdfs_22632_sci.spw29.mfs.I.pbcor.fits
2018.1.00164.S,uid://A001/X133d/X7ac_001_of,member.uid___A001_X133d_X7ac.cdfs_22632_sci.spw31.cube.I.mask.fits,69410880,product,MASK,https://almascience.nrao.edu/dataPortal/member.uid___A001_X133d_X7ac.cdfs_22632_sci.spw31.cube.I.mask.fits
2018.1.00164.S,uid://A001/X133d/X7ac_001_of,member.uid___A001_X133d_X7ac.cdfs_22632_sci.spw31.cube.I.pb.fits.gz,22556580,product,SCIENCE,https://almascience.nrao.edu/dataPortal/member.uid___A001_X133d_X7ac.cdfs_22632_sci.spw31.cube.I.pb.fits.gz
2018.1.00164.S,uid://A001/X133d/X7ac_001_of,member.uid___A001_X133d_X7ac.cdfs_22632_sci.spw31.cube.I.pbcor.fits,69410880,product,SCIENCE,https://almascience.nrao.edu/dataPortal/member.uid___A001_X133d_X7ac.cdfs_22632_sci.spw31.cube.I.pbcor.fits
2018.1.00164.S,uid://A001/X133d/X7ac_001_of,member.uid___A001_X133d_X7ac.cdfs_22632_sci.spw31.mfs.I.mask.fits,305280,product,MASK,https://almascience.nrao.edu/dataPortal/member.uid___A001_X133d_X7ac.cdfs_22632_sci.spw31.mfs.I.mask.fits
2018.1.00164.S,uid://A001/X133d/X7ac_001_of,member.uid___A001_X133d_X7ac.cdfs_22632_sci.spw31.mfs.I.pb.fits.gz,97004,product,SCIENCE,https://almascience.nrao.edu/dataPortal/member.uid___A001_X133d_X7ac.cdfs_22632_sci.spw31.mfs.I.pb.fits.gz
2018.1.00164.S,uid://A001/X133d/X7ac_001_of,member.uid___A001_X133d_X7ac.cdfs_22632_sci.spw31.mfs.I.pbcor.fits,305280,product,SCIENCE,https://almascience.nrao.edu/dataPortal/member.uid___A001_X133d_X7ac.cdfs_22632_sci.spw31.mfs.I.pbcor.fits
2018.1.00164.S,uid://A001/X133d/X7ac_001_of,member.uid___A001_X133d_X7ac.cdfs_23826_sci.spw25.cube.I.mask.fits,69410880,product,MASK,https://almascience.nrao.edu/dataPortal/member.uid___A001_X133d_X7ac.cdfs_23826_sci.spw25.cube.I.mask.fits
2018.1.00164.S,uid://A001/X133d/X7ac_001_of,member.uid___A001_X133d_X7ac.cdfs_23826_sci.spw25.cube.I.pb.fits.gz,19949773,product,SCIENCE,https://almascience.nrao.edu/dataPortal/member.uid___A001_X133d_X7ac.cdfs_23826_sci.spw25.cube.I.pb.fits.gz
2018.1.00164.S,uid://A001/X133d/X7ac_001_of,member.uid___A001_X133d_X7ac.cdfs_23826_sci.spw25.cube.I.pbcor.fits,69410880,product,SCIENCE,https://almascience.nrao.edu/dataPortal/member.uid___A001_X133d_X7ac.cdfs_23826_sci.spw25.cube.I.pbcor.fits
2018.1.00164.S,uid://A001/X133d/X7ac_001_of,member.uid___A001_X133d_X7ac.cdfs_23826_sci.spw25.mfs.I.mask.fits,305280,product,MASK,https://almascience.nrao.edu/dataPortal/member.uid___A001_X133d_X7ac.cdfs_23826_sci.spw25.mfs.I.mask.fits
2018.1.00164.S,uid://A001/X133d/X7ac_001_of,member.uid___A001_X133d_X7ac.cdfs_23826_sci.spw25.mfs.I.pb.fits.gz,85940,product,SCIENCE,https://almascience.nrao.edu/dataPortal/member.uid___A001_X133d_X7ac.cdfs_23826_sci.spw25.mfs.I.pb.fits.gz
2018.1.00164.S,uid://A001/X133d/X7ac_001_of,member.uid___A001_X133d_X7ac.cdfs_23826_sci.spw25.mfs.I.pbcor.fits,305280,product,SCIENCE,https://almascience.nrao.edu/dataPortal/member.uid___A001_X133d_X7ac.cdfs_23826_sci.spw25.mfs.I.pbcor.fits
2018.1.00164.S,uid://A001/X133d/X7ac_001_of,member.uid___A001_X133d_X7ac.cdfs_23826_sci.spw25_27_29_31.cont.I.mask.fits,305280,product,MASK,https://almascience.nrao.edu/dataPortal/member.uid___A001_X133d_X7ac.cdfs_23826_sci.spw25_27_29_31.cont.I.mask.fits
2018.1.00164.S,uid://A001/X133d/X7ac_001_of,member.uid___A001_X133d_X7ac.cdfs_23826_sci.spw25_27_29_31.cont.I.pb.fits.gz,91441,product,SCIENCE,https://almascience.nrao.edu/dataPortal/member.uid___A001_X133d_X7ac.cdfs_23826_sci.spw25_27_29_31.cont.I.pb.fits.gz
2018.1.00164.S,uid://A001/X133d/X7ac_001_of,member.uid___A001_X133d_X7ac.cdfs_23826_sci.spw25_27_29_31.cont.I.pbcor.fits,305280,product,SCIENCE,https://almascience.nrao.edu/dataPortal/member.uid___A001_X133d_X7ac.cdfs_23826_sci.spw25_27_29_31.cont.I.pbcor.fits
2018.1.00164.S,uid://A001/X133d/X7ac_001_of,member.uid___A001_X133d_X7ac.cdfs_23826_sci.spw27.cube.I.mask.fits,69410880,product,MASK,https://almascience.nrao.edu/dataPortal/member.uid___A001_X133d_X7ac.cdfs_23826_sci.spw27.cube.I.mask.fits
2018.1.00164.S,uid://A001/X133d/X7ac_001_of,member.uid___A001_X133d_X7ac.cdfs_23826_sci.spw27.cube.I.pb.fits.gz,20244614,product,SCIENCE,https://almascience.nrao.edu/dataPortal/member.uid___A001_X133d_X7ac.cdfs_23826_sci.spw27.cube.I.pb.fits.gz
2018.1.00164.S,uid://A001/X133d/X7ac_001_of,member.uid___A001_X133d_X7ac.cdfs_23826_sci.spw27.cube.I.pbcor.fits,69410880,product,SCIENCE,https://almascience.nrao.edu/dataPortal/member.uid___A001_X133d_X7ac.cdfs_23826_sci.spw27.cube.I.pbcor.fits
2018.1.00164.S,uid://A001/X133d/X7ac_001_of,member.uid___A001_X133d_X7ac.cdfs_23826_sci.spw27.mfs.I.mask.fits,305280,product,MASK,https://almascience.nrao.edu/dataPortal/member.uid___A001_X133d_X7ac.cdfs_23826_sci.spw27.mfs.I.mask.fits
2018.1.00164.S,uid://A001/X133d/X7ac_001_of,member.uid___A001_X133d_X7ac.cdfs_23826_sci.spw27.mfs.I.pb.fits.gz,86968,product,SCIENCE,https://almascience.nrao.edu/dataPortal/member.uid___A001_X133d_X7ac.cdfs_23826_sci.spw27.mfs.I.pb.fits.gz
2018.1.00164.S,uid://A001/X133d/X7ac_001_of,member.uid___A001_X133d_X7ac.cdfs_23826_sci.spw27.mfs.I.pbcor.fits,305280,product,SCIENCE,https://almascience.nrao.edu/dataPortal/member.uid___A001_X133d_X7ac.cdfs_23826_sci.spw27.mfs.I.pbcor.fits
2018.1.00164.S,uid://A001/X133d/X7ac_001_of,member.uid___A001_X133d_X7ac.cdfs_23826_sci.spw29.cube.I.mask.fits,69410880,product,MASK,https://almascience.nrao.edu/dataPortal/member.uid___A001_X133d_X7ac.cdfs_23826_sci.spw29.cube.I.mask.fits
2018.1.00164.S,uid://A001/X133d/X7ac_001_of,member.uid___A001_X133d_X7ac.cdfs_23826_sci.spw29.cube.I.pb.fits.gz,22434318,product,SCIENCE,https://almascience.nrao.edu/dataPortal/member.uid___A001_X133d_X7ac.cdfs_23826_sci.spw29.cube.I.pb.fits.gz
2018.1.00164.S,uid://A001/X133d/X7ac_001_of,member.uid___A001_X133d_X7ac.cdfs_23826_sci.spw29.cube.I.pbcor.fits,69410880,product,SCIENCE,https://almascience.nrao.edu/dataPortal/member.uid___A001_X133d_X7ac.cdfs_23826_sci.spw29.cube.I.pbcor.fits
2018.1.00164.S,uid://A001/X133d/X7ac_001_of,member.uid___A001_X133d_X7ac.cdfs_23826_sci.spw29.mfs.I.mask.fits,305280,product,MASK,https://almascience.nrao.edu/dataPortal/member.uid___A001_X133d_X7ac.cdfs_23826_sci.spw29.mfs.I.mask.fits
2018.1.00164.S,uid://A001/X133d/X7ac_001_of,member.uid___A001_X133d_X7ac.cdfs_23826_sci.spw29.mfs.I.pb.fits.gz,96128,product,SCIENCE,https://almascience.nrao.edu/dataPortal/member.uid___A001_X133d_X7ac.cdfs_23826_sci.spw29.mfs.I.pb.fits.gz
2018.1.00164.S,uid://A001/X133d/X7ac_001_of,member.uid___A001_X133d_X7ac.cdfs_23826_sci.spw29.mfs.I.pbcor.fits,305280,product,SCIENCE,https://almascience.nrao.edu/dataPortal/member.uid___A001_X133d_X7ac.cdfs_23826_sci.spw29.mfs.I.pbcor.fits
2018.1.00164.S,uid://A001/X133d/X7ac_001_of,member.uid___A001_X133d_X7ac.cdfs_23826_sci.spw31.cube.I.mask.fits,69410880,product,MASK,https://almascience.nrao.edu/dataPortal/member.uid___A001_X133d_X7ac.cdfs_23826_sci.spw31.cube.I.mask.fits
2018.1.00164.S,uid://A001/X133d/X7ac_001_of,member.uid___A001_X133d_X7ac.cdfs_23826_sci.spw31.cube.I.pb.fits.gz,22785255,product,SCIENCE,https://almascience.nrao.edu/dataPortal/member.uid___A001_X133d_X7ac.cdfs_23826_sci.spw31.cube.I.pb.fits.gz
2018.1.00164.S,uid://A001/X133d/X7ac_001_of,member.uid___A001_X133d_X7ac.cdfs_23826_sci.spw31.cube.I.pbcor.fits,69410880,product,SCIENCE,https://almascience.nrao.edu/dataPortal/member.uid___A001_X133d_X7ac.cdfs_23826_sci.spw31.cube.I.pbcor.fits
2018.1.00164.S,uid://A001/X133d/X7ac_001_of,member.uid___A001_X133d_X7ac.cdfs_23826_sci.spw31.mfs.I.mask.fits,305280,product,MASK,https://almascience.nrao.edu/dataPortal/member.uid___A001_X133d_X7ac.cdfs_23826_sci.spw31.mfs.I.mask.fits
2018.1.00164.S,uid://A001/X133d/X7ac_001_of,member.uid___A001_X133d_X7ac.cdfs_23826_sci.spw31.mfs.I.pb.fits.gz,97597,product,SCIENCE,https://almascience.nrao.edu/dataPortal/member.uid___A001_X133d_X7ac.cdfs_23826_sci.spw31.mfs.I.pb.fits.gz
2018.1.00164.S,uid://A001/X133d/X7ac_001_of,member.uid___A001_X133d_X7ac.cdfs_23826_sci.spw31.mfs.I.pbcor.fits,305280,product,SCIENCE,https://almascience.nrao.edu/dataPortal/member.uid___A001_X133d_X7ac.cdfs_23826_sci.spw31.mfs.I.pbcor.fits
2018.1.00164.S,uid://A001/X133d/X7ac_001_of,member.uid___A001_X133d_X7ac.cdfs_31127_sci.spw25.cube.I.mask.fits,69410880,product,MASK,https://almascience.nrao.edu/dataPortal/member.uid___A001_X133d_X7ac.cdfs_31127_sci.spw25.cube.I.mask.fits
2018.1.00164.S,uid://A001/X133d/X7ac_001_of,member.uid___A001_X133d_X7ac.cdfs_31127_sci.spw25.cube.I.pb.fits.gz,20115753,product,SCIENCE,https://almascience.nrao.edu/dataPortal/member.uid___A001_X133d_X7ac.cdfs_31127_sci.spw25.cube.I.pb.fits.gz
2018.1.00164.S,uid://A001/X133d/X7ac_001_of,member.uid___A001_X133d_X7ac.cdfs_31127_sci.spw25.cube.I.pbcor.fits,69410880,product,SCIENCE,https://almascience.nrao.edu/dataPortal/member.uid___A001_X133d_X7ac.cdfs_31127_sci.spw25.cube.I.pbcor.fits
2018.1.00164.S,uid://A001/X133d/X7ac_001_of,member.uid___A001_X133d_X7ac.cdfs_31127_sci.spw25.mfs.I.mask.fits,305280,product,MASK,https://almascience.nrao.edu/dataPortal/member.uid___A001_X133d_X7ac.cdfs_31127_sci.spw25.mfs.I.mask.fits
2018.1.00164.S,uid://A001/X133d/X7ac_001_of,member.uid___A001_X133d_X7ac.cdfs_31127_sci.spw25.mfs.I.pb.fits.gz,86472,product,SCIENCE,https://almascience.nrao.edu/dataPortal/member.uid___A001_X133d_X7ac.cdfs_31127_sci.spw25.mfs.I.pb.fits.gz
2018.1.00164.S,uid://A001/X133d/X7ac_001_of,member.uid___A001_X133d_X7ac.cdfs_31127_sci.spw25.mfs.I.pbcor.fits,305280,product,SCIENCE,https://almascience.nrao.edu/dataPortal/member.uid___A001_X133d_X7ac.cdfs_31127_sci.spw25.mfs.I.pbcor.fits
2018.1.00164.S,uid://A001/X133d/X7ac_001_of,member.uid___A001_X133d_X7ac.cdfs_31127_sci.spw25_27_29_31.cont.I.mask.fits,305280,product,MASK,https://almascience.nrao.edu/dataPortal/member.uid___A001_X133d_X7ac.cdfs_31127_sci.spw25_27_29_31.cont.I.mask.fits
2018.1.00164.S,uid://A001/X133d/X7ac_001_of,member.uid___A001_X133d_X7ac.cdfs_31127_sci.spw25_27_29_31.cont.I.pb.fits.gz,92133,product,SCIENCE,https://almascience.nrao.edu/dataPortal/member.uid___A001_X133d_X7ac.cdfs_31127_sci.spw25_27_29_31.cont.I.pb.fits.gz
2018.1.00164.S,uid://A001/X133d/X7ac_001_of,member.uid___A001_X133d_X7ac.cdfs_31127_sci.spw25_27_29_31.cont.I.pbcor.fits,305280,product,SCIENCE,https://almascience.nrao.edu/dataPortal/member.uid___A001_X133d_X7ac.cdfs_31127_sci.spw25_27_29_31.cont.I.pbcor.fits
2018.1.00164.S,uid://A001/X133d/X7ac_001_of,member.uid___A001_X133d_X7ac.cdfs_31127_sci.spw27.cube.I.mask.fits,69410880,product,MASK,https://almascience.nrao.edu/dataPortal/member.uid___A001_X133d_X7ac.cdfs_31127_sci.spw27.cube.I.mask.fits
2018.1.00164.S,uid://A001/X133d/X7ac_001_of,member.uid___A001_X133d_X7ac.cdfs_31127_sci.spw27.cube.I.pb.fits.gz,20410359,product,SCIENCE,https://almascience.nrao.edu/dataPortal/member.uid___A001_X133d_X7ac.cdfs_31127_sci.spw27.cube.I.pb.fits.gz
2018.1.00164.S,uid://A001/X133d/X7ac_001_of,member.uid___A001_X133d_X7ac.cdfs_31127_sci.spw27.cube.I.pbcor.fits,69410880,product,SCIENCE,https://almascience.nrao.edu/dataPortal/member.uid___A001_X133d_X7ac.cdfs_31127_sci.spw27.cube.I.pbcor.fits
2018.1.00164.S,uid://A001/X133d/X7ac_001_of,member.uid___A001_X133d_X7ac.cdfs_31127_sci.spw27.mfs.I.mask.fits,305280,product,MASK,https://almascience.nrao.edu/dataPortal/member.uid___A001_X133d_X7ac.cdfs_31127_sci.spw27.mfs.I.mask.fits
2018.1.00164.S,uid://A001/X133d/X7ac_001_of,member.uid___A001_X133d_X7ac.cdfs_31127_sci.spw27.mfs.I.pb.fits.gz,87824,product,SCIENCE,https://almascience.nrao.edu/dataPortal/member.uid___A001_X133d_X7ac.cdfs_31127_sci.spw27.mfs.I.pb.fits.gz
2018.1.00164.S,uid://A001/X133d/X7ac_001_of,member.uid___A001_X133d_X7ac.cdfs_31127_sci.spw27.mfs.I.pbcor.fits,305280,product,SCIENCE,https://almascience.nrao.edu/dataPortal/member.uid___A001_X133d_X7ac.cdfs_31127_sci.spw27.mfs.I.pbcor.fits
2018.1.00164.S,uid://A001/X133d/X7ac_001_of,member.uid___A001_X133d_X7ac.cdfs_31127_sci.spw29.cube.I.mask.fits,69410880,product,MASK,https://almascience.nrao.edu/dataPortal/member.uid___A001_X133d_X7ac.cdfs_31127_sci.spw29.cube.I.mask.fits
2018.1.00164.S,uid://A001/X133d/X7ac_001_of,member.uid___A001_X133d_X7ac.cdfs_31127_sci.spw29.cube.I.pb.fits.gz,22586369,product,SCIENCE,https://almascience.nrao.edu/dataPortal/member.uid___A001_X133d_X7ac.cdfs_31127_sci.spw29.cube.I.pb.fits.gz
2018.1.00164.S,uid://A001/X133d/X7ac_001_of,member.uid___A001_X133d_X7ac.cdfs_31127_sci.spw29.cube.I.pbcor.fits,69410880,product,SCIENCE,https://almascience.nrao.edu/dataPortal/member.uid___A001_X133d_X7ac.cdfs_31127_sci.spw29.cube.I.pbcor.fits
2018.1.00164.S,uid://A001/X133d/X7ac_001_of,member.uid___A001_X133d_X7ac.cdfs_31127_sci.spw29.mfs.I.mask.fits,305280,product,MASK,https://almascience.nrao.edu/dataPortal/member.uid___A001_X133d_X7ac.cdfs_31127_sci.spw29.mfs.I.mask.fits
2018.1.00164.S,uid://A001/X133d/X7ac_001_of,member.uid___A001_X133d_X7ac.cdfs_31127_sci.spw29.mfs.I.pb.fits.gz,96725,product,SCIENCE,https://almascience.nrao.edu/dataPortal/member.uid___A001_X133d_X7ac.cdfs_31127_sci.spw29.mfs.I.pb.fits.gz
2018.1.00164.S,uid://A001/X133d/X7ac_001_of,member.uid___A001_X133d_X7ac.cdfs_31127_sci.spw29.mfs.I.pbcor.fits,305280,product,SCIENCE,https://almascience.nrao.edu/dataPortal/member.uid___A001_X133d_X7ac.cdfs_31127_sci.spw29.mfs.I.pbcor.fits
2018.1.00164.S,uid://A001/X133d/X7ac_001_of,member.uid___A001_X133d_X7ac.cdfs_31127_sci.spw31.cube.I.mask.fits,69410880,product,MASK,https://almascience.nrao.edu/dataPortal/member.uid___A001_X133d_X7ac.cdfs_31127_sci.spw31.cube.I.mask.fits
2018.1.00164.S,uid://A001/X133d/X7ac_001_of,member.uid___A001_X133d_X7ac.cdfs_31127_sci.spw31.cube.I.pb.fits.gz,22939679,product,SCIENCE,https://almascience.nrao.edu/dataPortal/member.uid___A001_X133d_X7ac.cdfs_31127_sci.spw31.cube.I.pb.fits.gz
2018.1.00164.S,uid://A001/X133d/X7ac_001_of,member.uid___A001_X133d_X7ac.cdfs_31127_sci.spw31.cube.I.pbcor.fits,69410880,product,SCIENCE,https://almascience.nrao.edu/dataPortal/member.uid___A001_X133d_X7ac.cdfs_31127_sci.spw31.cube.I.pbcor.fits
2018.1.00164.S,uid://A001/X133d/X7ac_001_of,member.uid___A001_X133d_X7ac.cdfs_31127_sci.spw31.mfs.I.mask.fits,305280,product,MASK,https://almascience.nrao.edu/dataPortal/member.uid___A001_X133d_X7ac.cdfs_31127_sci.spw31.mfs.I.mask.fits
2018.1.00164.S,uid://A001/X133d/X7ac_001_of,member.uid___A001_X133d_X7ac.cdfs_31127_sci.spw31.mfs.I.pb.fits.gz,98456,product,SCIENCE,https://almascience.nrao.edu/dataPortal/member.uid___A001_X133d_X7ac.cdfs_31127_sci.spw31.mfs.I.pb.fits.gz
2018.1.00164.S,uid://A001/X133d/X7ac_001_of,member.uid___A001_X133d_X7ac.cdfs_31127_sci.spw31.mfs.I.pbcor.fits,305280,product,SCIENCE,https://almascience.nrao.edu/dataPortal/member.uid___A001_X133d_X7ac.cdfs_31127_sci.spw31.mfs.I.pbcor.fits
2018.1.00164.S,uid://A001/X133d/X7ac_001_of,member.uid___A001_X133d_X7ac.cdfs_41057_sci.spw25.cube.I.mask.fits,69410880,product,MASK,https://almascience.nrao.edu/dataPortal/member.uid___A001_X133d_X7ac.cdfs_41057_sci.spw25.cube.I.mask.fits
2018.1.00164.S,uid://A001/X133d/X7ac_001_of,member.uid___A001_X133d_X7ac.cdfs_41057_sci.spw25.cube.I.pb.fits.gz,20234396,product,SCIENCE,https://almascience.nrao.edu/dataPortal/member.uid___A001_X133d_X7ac.cdfs_41057_sci.spw25.cube.I.pb.fits.gz
2018.1.00164.S,uid://A001/X133d/X7ac_001_of,member.uid___A001_X133d_X7ac.cdfs_41057_sci.spw25.cube.I.pbcor.fits,69410880,product,SCIENCE,https://almascience.nrao.edu/dataPortal/member.uid___A001_X133d_X7ac.cdfs_41057_sci.spw25.cube.I.pbcor.fits
2018.1.00164.S,uid://A001/X133d/X7ac_001_of,member.uid___A001_X133d_X7ac.cdfs_41057_sci.spw25.mfs.I.mask.fits,305280,product,MASK,https://almascience.nrao.edu/dataPortal/member.uid___A001_X133d_X7ac.cdfs_41057_sci.spw25.mfs.I.mask.fits
2018.1.00164.S,uid://A001/X133d/X7ac_001_of,member.uid___A001_X133d_X7ac.cdfs_41057_sci.spw25.mfs.I.pb.fits.gz,87026,product,SCIENCE,https://almascience.nrao.edu/dataPortal/member.uid___A001_X133d_X7ac.cdfs_41057_sci.spw25.mfs.I.pb.fits.gz
2018.1.00164.S,uid://A001/X133d/X7ac_001_of,member.uid___A001_X133d_X7ac.cdfs_41057_sci.spw25.mfs.I.pbcor.fits,305280,product,SCIENCE,https://almascience.nrao.edu/dataPortal/member.uid___A001_X133d_X7ac.cdfs_41057_sci.spw25.mfs.I.pbcor.fits
2018.1.00164.S,uid://A001/X133d/X7ac_001_of,member.uid___A001_X133d_X7ac.cdfs_41057_sci.spw25_27_29_31.cont.I.mask.fits,305280,product,MASK,https://almascience.nrao.edu/dataPortal/member.uid___A001_X133d_X7ac.cdfs_41057_sci.spw25_27_29_31.cont.I.mask.fits
2018.1.00164.S,uid://A001/X133d/X7ac_001_of,member.uid___A001_X133d_X7ac.cdfs_41057_sci.spw25_27_29_31.cont.I.pb.fits.gz,92874,product,SCIENCE,https://almascience.nrao.edu/dataPortal/member.uid___A001_X133d_X7ac.cdfs_41057_sci.spw25_27_29_31.cont.I.pb.fits.gz
2018.1.00164.S,uid://A001/X133d/X7ac_001_of,member.uid___A001_X133d_X7ac.cdfs_41057_sci.spw25_27_29_31.cont.I.pbcor.fits,305280,product,SCIENCE,https://almascience.nrao.edu/dataPortal/member.uid___A001_X133d_X7ac.cdfs_41057_sci.spw25_27_29_31.cont.I.pbcor.fits
2018.1.00164.S,uid://A001/X133d/X7ac_001_of,member.uid___A001_X133d_X7ac.cdfs_41057_sci.spw27.cube.I.mask.fits,69410880,product,MASK,https://almascience.nrao.edu/dataPortal/member.uid___A001_X133d_X7ac.cdfs_41057_sci.spw27.cube.I.mask.fits
2018.1.00164.S,uid://A001/X133d/X7ac_001_of,member.uid___A001_X133d_X7ac.cdfs_41057_sci.spw27.cube.I.pb.fits.gz,20533746,product,SCIENCE,https://almascience.nrao.edu/dataPortal/member.uid___A001_X133d_X7ac.cdfs_41057_sci.spw27.cube.I.pb.fits.gz
2018.1.00164.S,uid://A001/X133d/X7ac_001_of,member.uid___A001_X133d_X7ac.cdfs_41057_sci.spw27.cube.I.pbcor.fits,69410880,product,SCIENCE,https://almascience.nrao.edu/dataPortal/member.uid___A001_X133d_X7ac.cdfs_41057_sci.spw27.cube.I.pbcor.fits
2018.1.00164.S,uid://A001/X133d/X7ac_001_of,member.uid___A001_X133d_X7ac.cdfs_41057_sci.spw27.mfs.I.mask.fits,305280,product,MASK,https://almascience.nrao.edu/dataPortal/member.uid___A001_X133d_X7ac.cdfs_41057_sci.spw27.mfs.I.mask.fits
2018.1.00164.S,uid://A001/X133d/X7ac_001_of,member.uid___A001_X133d_X7ac.cdfs_41057_sci.spw27.mfs.I.pb.fits.gz,88164,product,SCIENCE,https://almascience.nrao.edu/dataPortal/member.uid___A001_X133d_X7ac.cdfs_41057_sci.spw27.mfs.I.pb.fits.gz
2018.1.00164.S,uid://A001/X133d/X7ac_001_of,member.uid___A001_X133d_X7ac.cdfs_41057_sci.spw27.mfs.I.pbcor.fits,305280,product,SCIENCE,https://almascience.nrao.edu/dataPortal/member.uid___A001_X133d_X7ac.cdfs_41057_sci.spw27.mfs.I.pbcor.fits
2018.1.00164.S,uid://A001/X133d/X7ac_001_of,member.uid___A001_X133d_X7ac.cdfs_41057_sci.spw29.cube.I.mask.fits,69410880,product,MASK,https://almascience.nrao.edu/dataPortal/member.uid___A001_X133d_X7ac.cdfs_41057_sci.spw29.cube.I.mask.fits
2018.1.00164.S,uid://A001/X133d/X7ac_001_of,member.uid___A001_X133d_X7ac.cdfs_41057_sci.spw29.cube.I.pb.fits.gz,22709636,product,SCIENCE,https://almascience.nrao.edu/dataPortal/member.uid___A001_X133d_X7ac.cdfs_41057_sci.spw29.cube.I.pb.fits.gz
2018.1.00164.S,uid://A001/X133d/X7ac_001_of,member.uid___A001_X133d_X7ac.cdfs_41057_sci.spw29.cube.I.pbcor.fits,69410880,product,SCIENCE,https://almascience.nrao.edu/dataPortal/member.uid___A001_X133d_X7ac.cdfs_41057_sci.spw29.cube.I.pbcor.fits
2018.1.00164.S,uid://A001/X133d/X7ac_001_of,member.uid___A001_X133d_X7ac.cdfs_41057_sci.spw29.mfs.I.mask.fits,305280,product,MASK,https://almascience.nrao.edu/dataPortal/member.uid___A001_X133d_X7ac.cdfs_41057_sci.spw29.mfs.I.mask.fits
2018.1.00164.S,uid://A001/X133d/X7ac_001_of,member.uid___A001_X133d_X7ac.cdfs_41057_sci.spw29.mfs.I.pb.fits.gz,97249,product,SCIENCE,https://almascience.nrao.edu/dataPortal/member.uid___A001_X133d_X7ac.cdfs_41057_sci.spw29.mfs.I.pb.fits.gz
2018.1.00164.S,uid://A001/X133d/X7ac_001_of,member.uid___A001_X133d_X7ac.cdfs_41057_sci.spw29.mfs.I.pbcor.fits,305280,product,SCIENCE,https://almascience.nrao.edu/dataPortal/member.uid___A001_X133d_X7ac.cdfs_41057_sci.spw29.mfs.I.pbcor.fits
2018.1.00164.S,uid://A001/X133d/X7ac_001_of,member.uid___A001_X133d_X7ac.cdfs_41057_sci.spw29.repBW.I.mask.fits,5509440,product,MASK,https://almascience.nrao.edu/dataPortal/member.uid___A001_X133d_X7ac.cdfs_41057_sci.spw29.repBW.I.mask.fits
2018.1.00164.S,uid://A001/X133d/X7ac_001_of,member.uid___A001_X133d_X7ac.cdfs_41057_sci.spw29.repBW.I.pb.fits.gz,1849262,product,SCIENCE,https://almascience.nrao.edu/dataPortal/member.uid___A001_X133d_X7ac.cdfs_41057_sci.spw29.repBW.I.pb.fits.gz
2018.1.00164.S,uid://A001/X133d/X7ac_001_of,member.uid___A001_X133d_X7ac.cdfs_41057_sci.spw29.repBW.I.pbcor.fits,5509440,product,SCIENCE,https://almascience.nrao.edu/dataPortal/member.uid___A001_X133d_X7ac.cdfs_41057_sci.spw29.repBW.I.pbcor.fits
2018.1.00164.S,uid://A001/X133d/X7ac_001_of,member.uid___A001_X133d_X7ac.cdfs_41057_sci.spw31.cube.I.mask.fits,69410880,product,MASK,https://almascience.nrao.edu/dataPortal/member.uid___A001_X133d_X7ac.cdfs_41057_sci.spw31.cube.I.mask.fits
2018.1.00164.S,uid://A001/X133d/X7ac_001_of,member.uid___A001_X133d_X7ac.cdfs_41057_sci.spw31.cube.I.pb.fits.gz,23060548,product,SCIENCE,https://almascience.nrao.edu/dataPortal/member.uid___A001_X133d_X7ac.cdfs_41057_sci.spw31.cube.I.pb.fits.gz
2018.1.00164.S,uid://A001/X133d/X7ac_001_of,member.uid___A001_X133d_X7ac.cdfs_41057_sci.spw31.cube.I.pbcor.fits,69410880,product,SCIENCE,https://almascience.nrao.edu/dataPortal/member.uid___A001_X133d_X7ac.cdfs_41057_sci.spw31.cube.I.pbcor.fits
2018.1.00164.S,uid://A001/X133d/X7ac_001_of,member.uid___A001_X133d_X7ac.cdfs_41057_sci.spw31.mfs.I.mask.fits,305280,product,MASK,https://almascience.nrao.edu/dataPortal/member.uid___A001_X133d_X7ac.cdfs_41057_sci.spw31.mfs.I.mask.fits
2018.1.00164.S,uid://A001/X133d/X7ac_001_of,member.uid___A001_X133d_X7ac.cdfs_41057_sci.spw31.mfs.I.pb.fits.gz,98894,product,SCIENCE,https://almascience.nrao.edu/dataPortal/member.uid___A001_X133d_X7ac.cdfs_41057_sci.spw31.mfs.I.pb.fits.gz
2018.1.00164.S,uid://A001/X133d/X7ac_001_of,member.uid___A001_X133d_X7ac.cdfs_41057_sci.spw31.mfs.I.pbcor.fits,305280,product,SCIENCE,https://almascience.nrao.edu/dataPortal/member.uid___A001_X133d_X7ac.cdfs_41057_sci.spw31.mfs.I.pbcor.fits
2019.1.01238.S,uid://A001/X1465/X137f_001_of,member.uid___A001_X1465_X137f.CDFS_31127_sci.spw23.cube.I.pb.fits.gz,8275685627,product,SCIENCE,https://almascience.nrao.edu/dataPortal/member.uid___A001_X1465_X137f.CDFS_31127_sci.spw23.cube.I.pb.fits.gz
2019.1.01238.S,uid://A001/X1465/X137f_001_of,member.uid___A001_X1465_X137f.CDFS_31127_sci.spw23.cube.I.pbcor.fits,28792958400,product,SCIENCE,https://almascience.nrao.edu/dataPortal/member.uid___A001_X1465_X137f.CDFS_31127_sci.spw23.cube.I.pbcor.fits
2019.1.01238.S,uid://A001/X1465/X137f_001_of,member.uid___A001_X1465_X137f.CDFS_31127_sci.spw23.mfs.I.mask.fits.gz,39920,product,MASK,https://almascience.nrao.edu/dataPortal/member.uid___A001_X1465_X137f.CDFS_31127_sci.spw23.mfs.I.mask.fits.gz
2019.1.01238.S,uid://A001/X1465/X137f_001_of,member.uid___A001_X1465_X137f.CDFS_31127_sci.spw23.mfs.I.pb.fits.gz,10872611,product,SCIENCE,https://almascience.nrao.edu/dataPortal/member.uid___A001_X1465_X137f.CDFS_31127_sci.spw23.mfs.I.pb.fits.gz
2019.1.01238.S,uid://A001/X1465/X137f_001_of,member.uid___A001_X1465_X137f.CDFS_31127_sci.spw23.mfs.I.pbcor.fits,39352320,product,SCIENCE,https://almascience.nrao.edu/dataPortal/member.uid___A001_X1465_X137f.CDFS_31127_sci.spw23.mfs.I.pbcor.fits
2019.1.01238.S,uid://A001/X1465/X137f_001_of,member.uid___A001_X1465_X137f.CDFS_31127_sci.spw23.repBW.I.pb.fits.gz,1367972800,product,SCIENCE,https://almascience.nrao.edu/dataPortal/member.uid___A001_X1465_X137f.CDFS_31127_sci.spw23.repBW.I.pb.fits.gz
2019.1.01238.S,uid://A001/X1465/X137f_001_of,member.uid___A001_X1465_X137f.CDFS_31127_sci.spw23.repBW.I.pbcor.fits,4758678720,product,SCIENCE,https://almascience.nrao.edu/dataPortal/member.uid___A001_X1465_X137f.CDFS_31127_sci.spw23.repBW.I.pbcor.fits
2019.1.01238.S,uid://A001/X1465/X137f_001_of,member.uid___A001_X1465_X137f.CDFS_31127_sci.spw23_25_27_29.cont.I.alpha.error.fits,39349440,product,SCIENCE,https://almascience.nrao.edu/dataPortal/member.uid___A001_X1465_X137f.CDFS_31127_sci.spw23_25_27_29.cont.I.alpha.error.fits
2019.1.01238.S,uid://A001/X1465/X137f_001_of,member.uid___A001_X1465_X137f.CDFS_31127_sci.spw23_25_27_29.cont.I.alpha.fits,39349440,product,SCIENCE,https://almascience.nrao.edu/dataPortal/member.uid___A001_X1465_X137f.CDFS_31127_sci.spw23_25_27_29.cont.I.alpha.fits
2019.1.01238.S,uid://A001/X1465/X137f_001_of,member.uid___A001_X1465_X137f.CDFS_31127_sci.spw23_25_27_29.cont.I.mask.fits.gz,39954,product,MASK,https://almascience.nrao.edu/dataPortal/member.uid___A001_X1465_X137f.CDFS_31127_sci.spw23_25_27_29.cont.I.mask.fits.gz
2019.1.01238.S,uid://A001/X1465/X137f_001_of,member.uid___A001_X1465_X137f.CDFS_31127_sci.spw23_25_27_29.cont.I.pb.tt0.fits,39352320,product,SCIENCE,https://almascience.nrao.edu/dataPortal/member.uid___A001_X1465_X137f.CDFS_31127_sci.spw23_25_27_29.cont.I.pb.tt0.fits
2019.1.01238.S,uid://A001/X1465/X137f_001_of,member.uid___A001_X1465_X137f.CDFS_31127_sci.spw23_25_27_29.cont.I.tt0.pbcor.fits,39352320,product,SCIENCE,https://almascience.nrao.edu/dataPortal/member.uid___A001_X1465_X137f.CDFS_31127_sci.spw23_25_27_29.cont.I.tt0.pbcor.fits
2019.1.01238.S,uid://A001/X1465/X137f_001_of,member.uid___A001_X1465_X137f.CDFS_31127_sci.spw23_25_27_29.cont.I.tt1.pbcor.fits,39349440,product,SCIENCE,https://almascience.nrao.edu/dataPortal/member.uid___A001_X1465_X137f.CDFS_31127_sci.spw23_25_27_29.cont.I.tt1.pbcor.fits
2019.1.01238.S,uid://A001/X1465/X137f_001_of,member.uid___A001_X1465_X137f.CDFS_31127_sci.spw25.mfs.I.mask.fits.gz,39919,product,MASK,https://almascience.nrao.edu/dataPortal/member.uid___A001_X1465_X137f.CDFS_31127_sci.spw25.mfs.I.mask.fits.gz
2019.1.01238.S,uid://A001/X1465/X137f_001_of,member.uid___A001_X1465_X137f.CDFS_31127_sci.spw25.mfs.I.pb.fits.gz,10913443,product,SCIENCE,https://almascience.nrao.edu/dataPortal/member.uid___A001_X1465_X137f.CDFS_31127_sci.spw25.mfs.I.pb.fits.gz
2019.1.01238.S,uid://A001/X1465/X137f_001_of,member.uid___A001_X1465_X137f.CDFS_31127_sci.spw25.mfs.I.pbcor.fits,39352320,product,SCIENCE,https://almascience.nrao.edu/dataPortal/member.uid___A001_X1465_X137f.CDFS_31127_sci.spw25.mfs.I.pbcor.fits
2019.1.01238.S,uid://A001/X1465/X137f_001_of,member.uid___A001_X1465_X137f.CDFS_31127_sci.spw27.mfs.I.mask.fits.gz,39916,product,MASK,https://almascience.nrao.edu/dataPortal/member.uid___A001_X1465_X137f.CDFS_31127_sci.spw27.mfs.I.mask.fits.gz
2019.1.01238.S,uid://A001/X1465/X137f_001_of,member.uid___A001_X1465_X137f.CDFS_31127_sci.spw27.mfs.I.pb.fits.gz,11456645,product,SCIENCE,https://almascience.nrao.edu/dataPortal/member.uid___A001_X1465_X137f.CDFS_31127_sci.spw27.mfs.I.pb.fits.gz
2019.1.01238.S,uid://A001/X1465/X137f_001_of,member.uid___A001_X1465_X137f.CDFS_31127_sci.spw27.mfs.I.pbcor.fits,39352320,product,SCIENCE,https://almascience.nrao.edu/dataPortal/member.uid___A001_X1465_X137f.CDFS_31127_sci.spw27.mfs.I.pbcor.fits
2019.1.01238.S,uid://A001/X1465/X137f_001_of,member.uid___A001_X1465_X137f.CDFS_31127_sci.spw29.mfs.I.mask.fits.gz,39914,product,MASK,https://almascience.nrao.edu/dataPortal/member.uid___A001_X1465_X137f.CDFS_31127_sci.spw29.mfs.I.mask.fits.gz
2019.1.01238.S,uid://A001/X1465/X137f_001_of,member.uid___A001_X1465_X137f.CDFS_31127_sci.spw29.mfs.I.pb.fits.gz,11585273,product,SCIENCE,https://almascience.nrao.edu/dataPortal/member.uid___A001_X1465_X137f.CDFS_31127_sci.spw29.mfs.I.pb.fits.gz
2019.1.01238.S,uid://A001/X1465/X137f_001_of,member.uid___A001_X1465_X137f.CDFS_31127_sci.spw29.mfs.I.pbcor.fits,39352320,product,SCIENCE,https://almascience.nrao.edu/dataPortal/member.uid___A001_X1465_X137f.CDFS_31127_sci.spw29.mfs.I.pbcor.fits
2019.1.01238.S,uid://A001/X1465/X137f_001_of,member.uid___A001_X1465_X137f.J0334-4008_bp.spw23.mfs.I.mask.fits.gz,2177,product,MASK,https://almascience.nrao.edu/dataPortal/member.uid___A001_X1465_X137f.J0334-4008_bp.spw23.mfs.I.mask.fits.gz
2019.1.01238.S,uid://A001/X1465/X137f_001_of,member.uid___A001_X1465_X137f.J0334-4008_bp.spw23.mfs.I.pb.fits.gz,44020,product,SCIENCE,https://almascience.nrao.edu/dataPortal/member.uid___A001_X1465_X137f.J0334-4008_bp.spw23.mfs.I.pb.fits.gz
2019.1.01238.S,uid://A001/X1465/X137f_001_of,member.uid___A001_X1465_X137f.J0334-4008_bp.spw23.mfs.I.pbcor.fits,371520,product,SCIENCE,https://almascience.nrao.edu/dataPortal/member.uid___A001_X1465_X137f.J0334-4008_bp.spw23.mfs.I.pbcor.fits
2019.1.01238.S,uid://A001/X1465/X137f_001_of,member.uid___A001_X1465_X137f.J0334-4008_bp.spw25.mfs.I.mask.fits.gz,2164,product,MASK,https://almascience.nrao.edu/dataPortal/member.uid___A001_X1465_X137f.J0334-4008_bp.spw25.mfs.I.mask.fits.gz
2019.1.01238.S,uid://A001/X1465/X137f_001_of,member.uid___A001_X1465_X137f.J0334-4008_bp.spw25.mfs.I.pb.fits.gz,43770,product,SCIENCE,https://almascience.nrao.edu/dataPortal/member.uid___A001_X1465_X137f.J0334-4008_bp.spw25.mfs.I.pb.fits.gz
2019.1.01238.S,uid://A001/X1465/X137f_001_of,member.uid___A001_X1465_X137f.J0334-4008_bp.spw25.mfs.I.pbcor.fits,371520,product,SCIENCE,https://almascience.nrao.edu/dataPortal/member.uid___A001_X1465_X137f.J0334-4008_bp.spw25.mfs.I.pbcor.fits
2019.1.01238.S,uid://A001/X1465/X137f_001_of,member.uid___A001_X1465_X137f.J0334-4008_bp.spw27.mfs.I.mask.fits.gz,2128,product,MASK,https://almascience.nrao.edu/dataPortal/member.uid___A001_X1465_X137f.J0334-4008_bp.spw27.mfs.I.mask.fits.gz
2019.1.01238.S,uid://A001/X1465/X137f_001_of,member.uid___A001_X1465_X137f.J0334-4008_bp.spw27.mfs.I.pb.fits.gz,44066,product,SCIENCE,https://almascience.nrao.edu/dataPortal/member.uid___A001_X1465_X137f.J0334-4008_bp.spw27.mfs.I.pb.fits.gz
2019.1.01238.S,uid://A001/X1465/X137f_001_of,member.uid___A001_X1465_X137f.J0334-4008_bp.spw27.mfs.I.pbcor.fits,371520,product,SCIENCE,https://almascience.nrao.edu/dataPortal/member.uid___A001_X1465_X137f.J0334-4008_bp.spw27.mfs.I.pbcor.fits
2019.1.01238.S,uid://A001/X1465/X137f_001_of,member.uid___A001_X1465_X137f.J0334-4008_bp.spw29.mfs.I.mask.fits.gz,2142,product,MASK,https://almascience.nrao.edu/dataPortal/member.uid___A001_X1465_X137f.J0334-4008_bp.spw29.mfs.I.mask.fits.gz
2019.1.01238.S,uid://A001/X1465/X137f_001_of,member.uid___A001_X1465_X137f.J0334-4008_bp.spw29.mfs.I.pb.fits.gz,44963,product,SCIENCE,https://almascience.nrao.edu/dataPortal/member.uid___A001_X1465_X137f.J0334-4008_bp.spw29.mfs.I.pb.fits.gz
2019.1.01238.S,uid://A001/X1465/X137f_001_of,member.uid___A001_X1465_X137f.J0334-4008_bp.spw29.mfs.I.pbcor.fits,371520,product,SCIENCE,https://almascience.nrao.edu/dataPortal/member.uid___A001_X1465_X137f.J0334-4008_bp.spw29.mfs.I.pbcor.fits
2019.1.01238.S,uid://A001/X1465/X137f_001_of,member.uid___A001_X1465_X137f.J0342-3007_ph.spw23.mfs.I.mask.fits.gz,2301,product,MASK,https://almascience.nrao.edu/dataPortal/member.uid___A001_X1465_X137f.J0342-3007_ph.spw23.mfs.I.mask.fits.gz
2019.1.01238.S,uid://A001/X1465/X137f_001_of,member.uid___A001_X1465_X137f.J0342-3007_ph.spw23.mfs.I.pb.fits.gz,44043,product,SCIENCE,https://almascience.nrao.edu/dataPortal/member.uid___A001_X1465_X137f.J0342-3007_ph.spw23.mfs.I.pb.fits.gz
2019.1.01238.S,uid://A001/X1465/X137f_001_of,member.uid___A001_X1465_X137f.J0342-3007_ph.spw23.mfs.I.pbcor.fits,371520,product,SCIENCE,https://almascience.nrao.edu/dataPortal/member.uid___A001_X1465_X137f.J0342-3007_ph.spw23.mfs.I.pbcor.fits
2019.1.01238.S,uid://A001/X1465/X137f_001_of,member.uid___A001_X1465_X137f.J0342-3007_ph.spw25.mfs.I.mask.fits.gz,2282,product,MASK,https://almascience.nrao.edu/dataPortal/member.uid___A001_X1465_X137f.J0342-3007_ph.spw25.mfs.I.mask.fits.gz
2019.1.01238.S,uid://A001/X1465/X137f_001_of,member.uid___A001_X1465_X137f.J0342-3007_ph.spw25.mfs.I.pb.fits.gz,43766,product,SCIENCE,https://almascience.nrao.edu/dataPortal/member.uid___A001_X1465_X137f.J0342-3007_ph.spw25.mfs.I.pb.fits.gz
2019.1.01238.S,uid://A001/X1465/X137f_001_of,member.uid___A001_X1465_X137f.J0342-3007_ph.spw25.mfs.I.pbcor.fits,371520,product,SCIENCE,https://almascience.nrao.edu/dataPortal/member.uid___A001_X1465_X137f.J0342-3007_ph.spw25.mfs.I.pbcor.fits
2019.1.01238.S,uid://A001/X1465/X137f_001_of,member.uid___A001_X1465_X137f.J0342-3007_ph.spw27.mfs.I.mask.fits.gz,2233,product,MASK,https://almascience.nrao.edu/dataPortal/member.uid___A001_X1465_X137f.J0342-3007_ph.spw27.mfs.I.mask.fits.gz
2019.1.01238.S,uid://A001/X1465/X137f_001_of,member.uid___A001_X1465_X137f.J0342-3007_ph.spw27.mfs.I.pb.fits.gz,44046,product,SCIENCE,https://almascience.nrao.edu/dataPortal/member.uid___A001_X1465_X137f.J0342-3007_ph.spw27.mfs.I.pb.fits.gz
2019.1.01238.S,uid://A001/X1465/X137f_001_of,member.uid___A001_X1465_X137f.J0342-3007_ph.spw27.mfs.I.pbcor.fits,371520,product,SCIENCE,https://almascience.nrao.edu/dataPortal/member.uid___A001_X1465_X137f.J0342-3007_ph.spw27.mfs.I.pbcor.fits
2019.1.01238.S,uid://A001/X1465/X137f_001_of,member.uid___A001_X1465_X137f.J0342-3007_ph.spw29.mfs.I.mask.fits.gz,2238,product,MASK,https://almascience.nrao.edu/dataPortal/member.uid___A001_X1465_X137f.J0342-3007_ph.spw29.mfs.I.mask.fits.gz
2019.1.01238.S,uid://A001/X1465/X137f_001_of,member.uid___A001_X1465_X137f.J0342-3007_ph.spw29.mfs.I.pb.fits.gz,44837,product,SCIENCE,https://almascience.nrao.edu/dataPortal/member.uid___A001_X1465_X137f.J0342-3007_ph.spw29.mfs.I.pb.fits.gz
2019.1.01238.S,uid://A001/X1465/X137f_001_of,member.uid___A001_X1465_X137f.J0342-3007_ph.spw29.mfs.I.pbcor.fits,371520,product,SCIENCE,https://almascience.nrao.edu/dataPortal/member.uid___A001_X1465_X137f.J0342-3007_ph.spw29.mfs.I.pbcor.fits
2019.1.01238.S,uid://A001/X1465/X137f_001_of,uid___A002_Xef0d38_X1488.J0348-2749_chk.spw23.mfs.I.mask.fits.gz,2125,product,MASK,https://almascience.nrao.edu/dataPortal/uid___A002_Xef0d38_X1488.J0348-2749_chk.spw23.mfs.I.mask.fits.gz
2019.1.01238.S,uid://A001/X1465/X137f_001_of,uid___A002_Xef0d38_X1488.J0348-2749_chk.spw23.mfs.I.pb.fits.gz,40522,product,SCIENCE,https://almascience.nrao.edu/dataPortal/uid___A002_Xef0d38_X1488.J0348-2749_chk.spw23.mfs.I.pb.fits.gz
2019.1.01238.S,uid://A001/X1465/X137f_001_of,uid___A002_Xef0d38_X1488.J0348-2749_chk.spw23.mfs.I.pbcor.fits,371520,product,SCIENCE,https://almascience.nrao.edu/dataPortal/uid___A002_Xef0d38_X1488.J0348-2749_chk.spw23.mfs.I.pbcor.fits
2019.1.01238.S,uid://A001/X1465/X137f_001_of,uid___A002_Xef0d38_X1488.J0348-2749_chk.spw25.mfs.I.mask.fits.gz,2178,product,MASK,https://almascience.nrao.edu/dataPortal/uid___A002_Xef0d38_X1488.J0348-2749_chk.spw25.mfs.I.mask.fits.gz
2019.1.01238.S,uid://A001/X1465/X137f_001_of,uid___A002_Xef0d38_X1488.J0348-2749_chk.spw25.mfs.I.pb.fits.gz,41038,product,SCIENCE,https://almascience.nrao.edu/dataPortal/uid___A002_Xef0d38_X1488.J0348-2749_chk.spw25.mfs.I.pb.fits.gz
2019.1.01238.S,uid://A001/X1465/X137f_001_of,uid___A002_Xef0d38_X1488.J0348-2749_chk.spw25.mfs.I.pbcor.fits,371520,product,SCIENCE,https://almascience.nrao.edu/dataPortal/uid___A002_Xef0d38_X1488.J0348-2749_chk.spw25.mfs.I.pbcor.fits
2019.1.01238.S,uid://A001/X1465/X137f_001_of,uid___A002_Xef0d38_X1488.J0348-2749_chk.spw27.mfs.I.mask.fits.gz,2167,product,MASK,https://almascience.nrao.edu/dataPortal/uid___A002_Xef0d38_X1488.J0348-2749_chk.spw27.mfs.I.mask.fits.gz
2019.1.01238.S,uid://A001/X1465/X137f_001_of,uid___A002_Xef0d38_X1488.J0348-2749_chk.spw27.mfs.I.pb.fits.gz,41506,product,SCIENCE,https://almascience.nrao.edu/dataPortal/uid___A002_Xef0d38_X1488.J0348-2749_chk.spw27.mfs.I.pb.fits.gz
2019.1.01238.S,uid://A001/X1465/X137f_001_of,uid___A002_Xef0d38_X1488.J0348-2749_chk.spw27.mfs.I.pbcor.fits,371520,product,SCIENCE,https://almascience.nrao.edu/dataPortal/uid___A002_Xef0d38_X1488.J0348-2749_chk.spw27.mfs.I.pbcor.fits
2019.1.01238.S,uid://A001/X1465/X137f_001_of,uid___A002_Xef0d38_X1488.J0348-2749_chk.spw29.mfs.I.mask.fits.gz,2206,product,MASK,https://almascience.nrao.edu/dataPortal/uid___A002_Xef0d38_X1488.J0348-2749_chk.spw29.mfs.I.mask.fits.gz
2019.1.01238.S,uid://A001/X1465/X137f_001_of,uid___A002_Xef0d38_X1488.J0348-2749_chk.spw29.mfs.I.pb.fits.gz,42143,product,SCIENCE,https://almascience.nrao.edu/dataPortal/uid___A002_Xef0d38_X1488.J0348-2749_chk.spw29.mfs.I.pb.fits.gz
2019.1.01238.S,uid://A001/X1465/X137f_001_of,uid___A002_Xef0d38_X1488.J0348-2749_chk.spw29.mfs.I.pbcor.fits,371520,product,SCIENCE,https://almascience.nrao.edu/dataPortal/uid___A002_Xef0d38_X1488.J0348-2749_chk.spw29.mfs.I.pbcor.fits
2019.1.01238.S,uid://A001/X1465/X137f_001_of,uid___A002_Xef0d38_Xf81.J0348-2749_chk.spw23.mfs.I.mask.fits.gz,2197,product,MASK,https://almascience.nrao.edu/dataPortal/uid___A002_Xef0d38_Xf81.J0348-2749_chk.spw23.mfs.I.mask.fits.gz
2019.1.01238.S,uid://A001/X1465/X137f_001_of,uid___A002_Xef0d38_Xf81.J0348-2749_chk.spw23.mfs.I.pb.fits.gz,40525,product,SCIENCE,https://almascience.nrao.edu/dataPortal/uid___A002_Xef0d38_Xf81.J0348-2749_chk.spw23.mfs.I.pb.fits.gz
2019.1.01238.S,uid://A001/X1465/X137f_001_of,uid___A002_Xef0d38_Xf81.J0348-2749_chk.spw23.mfs.I.pbcor.fits,371520,product,SCIENCE,https://almascience.nrao.edu/dataPortal/uid___A002_Xef0d38_Xf81.J0348-2749_chk.spw23.mfs.I.pbcor.fits
2019.1.01238.S,uid://A001/X1465/X137f_001_of,uid___A002_Xef0d38_Xf81.J0348-2749_chk.spw25.mfs.I.mask.fits.gz,2210,product,MASK,https://almascience.nrao.edu/dataPortal/uid___A002_Xef0d38_Xf81.J0348-2749_chk.spw25.mfs.I.mask.fits.gz
2019.1.01238.S,uid://A001/X1465/X137f_001_of,uid___A002_Xef0d38_Xf81.J0348-2749_chk.spw25.mfs.I.pb.fits.gz,41042,product,SCIENCE,https://almascience.nrao.edu/dataPortal/uid___A002_Xef0d38_Xf81.J0348-2749_chk.spw25.mfs.I.pb.fits.gz
2019.1.01238.S,uid://A001/X1465/X137f_001_of,uid___A002_Xef0d38_Xf81.J0348-2749_chk.spw25.mfs.I.pbcor.fits,371520,product,SCIENCE,https://almascience.nrao.edu/dataPortal/uid___A002_Xef0d38_Xf81.J0348-2749_chk.spw25.mfs.I.pbcor.fits
2019.1.01238.S,uid://A001/X1465/X137f_001_of,uid___A002_Xef0d38_Xf81.J0348-2749_chk.spw27.mfs.I.mask.fits.gz,2197,product,MASK,https://almascience.nrao.edu/dataPortal/uid___A002_Xef0d38_Xf81.J0348-2749_chk.spw27.mfs.I.mask.fits.gz
2019.1.01238.S,uid://A001/X1465/X137f_001_of,uid___A002_Xef0d38_Xf81.J0348-2749_chk.spw27.mfs.I.pb.fits.gz,41500,product,SCIENCE,https://almascience.nrao.edu/dataPortal/uid___A002_Xef0d38_Xf81.J0348-2749_chk.spw27.mfs.I.pb.fits.gz
2019.1.01238.S,uid://A001/X1465/X137f_001_of,uid___A002_Xef0d38_Xf81.J0348-2749_chk.spw27.mfs.I.pbcor.fits,371520,product,SCIENCE,https://almascience.nrao.edu/dataPortal/uid___A002_Xef0d38_Xf81.J0348-2749_chk.spw27.mfs.I.pbcor.fits
2019.1.01238.S,uid://A001/X1465/X137f_001_of,uid___A002_Xef0d38_Xf81.J0348-2749_chk.spw29.mfs.I.mask.fits.gz,2199,product,MASK,https://almascience.nrao.edu/dataPortal/uid___A002_Xef0d38_Xf81.J0348-2749_chk.spw29.mfs.I.mask.fits.gz
2019.1.01238.S,uid://A001/X1465/X137f_001_of,uid___A002_Xef0d38_Xf81.J0348-2749_chk.spw29.mfs.I.pb.fits.gz,42145,product,SCIENCE,https://almascience.nrao.edu/dataPortal/uid___A002_Xef0d38_Xf81.J0348-2749_chk.spw29.mfs.I.pb.fits.gz
2019.1.01238.S,uid://A001/X1465/X137f_001_of,uid___A002_Xef0d38_Xf81.J0348-2749_chk.spw29.mfs.I.pbcor.fits,371520,product,SCIENCE,https://almascience.nrao.edu/dataPortal/uid___A002_Xef0d38_Xf81.J0348-2749_chk.spw29.mfs.I.pbcor.fits
2019.1.01238.S,uid://A001/X1465/X137f_001_of,uid___A002_Xef1a98_X1c62.J0348-2749_chk.spw23.mfs.I.mask.fits.gz,2219,product,MASK,https://almascience.nrao.edu/dataPortal/uid___A002_Xef1a98_X1c62.J0348-2749_chk.spw23.mfs.I.mask.fits.gz
2019.1.01238.S,uid://A001/X1465/X137f_001_of,uid___A002_Xef1a98_X1c62.J0348-2749_chk.spw23.mfs.I.pb.fits.gz,40525,product,SCIENCE,https://almascience.nrao.edu/dataPortal/uid___A002_Xef1a98_X1c62.J0348-2749_chk.spw23.mfs.I.pb.fits.gz
2019.1.01238.S,uid://A001/X1465/X137f_001_of,uid___A002_Xef1a98_X1c62.J0348-2749_chk.spw23.mfs.I.pbcor.fits,371520,product,SCIENCE,https://almascience.nrao.edu/dataPortal/uid___A002_Xef1a98_X1c62.J0348-2749_chk.spw23.mfs.I.pbcor.fits
2019.1.01238.S,uid://A001/X1465/X137f_001_of,uid___A002_Xef1a98_X1c62.J0348-2749_chk.spw25.mfs.I.mask.fits.gz,2283,product,MASK,https://almascience.nrao.edu/dataPortal/uid___A002_Xef1a98_X1c62.J0348-2749_chk.spw25.mfs.I.mask.fits.gz
2019.1.01238.S,uid://A001/X1465/X137f_001_of,uid___A002_Xef1a98_X1c62.J0348-2749_chk.spw25.mfs.I.pb.fits.gz,41045,product,SCIENCE,https://almascience.nrao.edu/dataPortal/uid___A002_Xef1a98_X1c62.J0348-2749_chk.spw25.mfs.I.pb.fits.gz
2019.1.01238.S,uid://A001/X1465/X137f_001_of,uid___A002_Xef1a98_X1c62.J0348-2749_chk.spw25.mfs.I.pbcor.fits,371520,product,SCIENCE,https://almascience.nrao.edu/dataPortal/uid___A002_Xef1a98_X1c62.J0348-2749_chk.spw25.mfs.I.pbcor.fits
2019.1.01238.S,uid://A001/X1465/X137f_001_of,uid___A002_Xef1a98_X1c62.J0348-2749_chk.spw27.mfs.I.mask.fits.gz,2191,product,MASK,https://almascience.nrao.edu/dataPortal/uid___A002_Xef1a98_X1c62.J0348-2749_chk.spw27.mfs.I.mask.fits.gz
2019.1.01238.S,uid://A001/X1465/X137f_001_of,uid___A002_Xef1a98_X1c62.J0348-2749_chk.spw27.mfs.I.pb.fits.gz,41502,product,SCIENCE,https://almascience.nrao.edu/dataPortal/uid___A002_Xef1a98_X1c62.J0348-2749_chk.spw27.mfs.I.pb.fits.gz
2019.1.01238.S,uid://A001/X1465/X137f_001_of,uid___A002_Xef1a98_X1c62.J0348-2749_chk.spw27.mfs.I.pbcor.fits,371520,product,SCIENCE,https://almascience.nrao.edu/dataPortal/uid___A002_Xef1a98_X1c62.J0348-2749_chk.spw27.mfs.I.pbcor.fits
2019.1.01238.S,uid://A001/X1465/X137f_001_of,uid___A002_Xef1a98_X1c62.J0348-2749_chk.spw29.mfs.I.mask.fits.gz,2164,product,MASK,https://almascience.nrao.edu/dataPortal/uid___A002_Xef1a98_X1c62.J0348-2749_chk.spw29.mfs.I.mask.fits.gz
2019.1.01238.S,uid://A001/X1465/X137f_001_of,uid___A002_Xef1a98_X1c62.J0348-2749_chk.spw29.mfs.I.pb.fits.gz,42153,product,SCIENCE,https://almascience.nrao.edu/dataPortal/uid___A002_Xef1a98_X1c62.J0348-2749_chk.spw29.mfs.I.pb.fits.gz
2019.1.01238.S,uid://A001/X1465/X137f_001_of,uid___A002_Xef1a98_X1c62.J0348-2749_chk.spw29.mfs.I.pbcor.fits,371520,product,SCIENCE,https://almascience.nrao.edu/dataPortal/uid___A002_Xef1a98_X1c62.J0348-2749_chk.spw29.mfs.I.pbcor.fits
