{
  "timestamp": "2026-04-22T09:52:59.490062",
  "method": "Empirical Allosteric Voronoi Analysis (NO FORCING)",
  "warning": "This analysis uses NATIVE volumes only. No mathematical forcing applied.",
  "constants": {
    "Z2_volume_cubic_angstrom": 33.510321638291124,
    "Z2_distance_angstrom": 5.788810036466141,
    "expansion_multiplier": 1.0391,
    "biological_distance": 6.015152508891966
  },
  "pairs_analyzed": [
    {
      "pair_name": "hemoglobin",
      "pair_info": {
        "name": "Hemoglobin (T-state vs R-state)",
        "apo_pdb": "2HHB",
        "holo_pdb": "1HHO",
        "description": "Classic allosteric transition: O2 binding shifts quaternary structure"
      },
      "apo_pdb": "2HHB",
      "holo_pdb": "1HHO",
      "apo_n_atoms": 231,
      "holo_n_atoms": 131,
      "apo_statistics": {
        "mean": 121.51859105932789,
        "std": 108.02918121900551,
        "median": 90.88238357650359,
        "min": 10.03646013226996,
        "max": 724.9796378402298,
        "deviation_from_z2": 88.00826942103677,
        "z2_pvalue": 3.1194394493795897e-27
      },
      "holo_statistics": {
        "mean": 112.04936889863366,
        "std": 105.74946160613501,
        "median": 83.72818828043025,
        "min": 9.766118577285999,
        "max": 684.8808322494061,
        "deviation_from_z2": 78.53904726034253,
        "z2_pvalue": 4.596938869469622e-14
      },
      "comparison": {
        "delta_mean": -9.46922216069423,
        "z2_improvement": 9.469222160694244,
        "holo_closer_to_z2": true,
        "t_statistic": 0.8053119607727549,
        "p_value": 0.42117124646288495,
        "significant": false
      },
      "z2_target": 33.510321638291124
    },
    {
      "pair_name": "pkA",
      "pair_info": {
        "name": "Protein Kinase A (Inactive vs Active)",
        "apo_pdb": "1J3H",
        "holo_pdb": "1ATP",
        "description": "Kinase activation loop rearrangement upon ATP binding"
      },
      "apo_pdb": "1J3H",
      "holo_pdb": "1ATP",
      "apo_n_atoms": 798,
      "holo_n_atoms": 472,
      "apo_statistics": {
        "mean": 225.51797496882367,
        "std": 511.2356641163064,
        "median": 59.77618980696475,
        "min": 8.809354653412864,
        "max": 5885.0534994969985,
        "deviation_from_z2": 192.00765333053255,
        "z2_pvalue": 1.1595167916478486e-24
      },
      "holo_statistics": {
        "mean": 105.98659060352878,
        "std": 137.96892698113845,
        "median": 58.91387834083888,
        "min": 8.809555447426892,
        "max": 1068.061604107085,
        "deviation_from_z2": 72.47626896523767,
        "z2_pvalue": 9.347081723979224e-27
      },
      "comparison": {
        "delta_mean": -119.53138436529488,
        "z2_improvement": 119.53138436529488,
        "holo_closer_to_z2": true,
        "t_statistic": 4.9697106027287425,
        "p_value": 7.622628257201445e-07,
        "significant": true
      },
      "z2_target": 33.510321638291124
    },
    {
      "pair_name": "adenylate_kinase",
      "pair_info": {
        "name": "Adenylate Kinase (Open vs Closed)",
        "apo_pdb": "4AKE",
        "holo_pdb": "1AKE",
        "description": "Large-scale lid domain closure upon substrate binding"
      },
      "apo_pdb": "4AKE",
      "holo_pdb": "1AKE",
      "apo_n_atoms": 191,
      "holo_n_atoms": 174,
      "apo_statistics": {
        "mean": 166.69949331904513,
        "std": 172.72679552209533,
        "median": 102.5300300903507,
        "min": 15.485370173194653,
        "max": 1077.3380291097403,
        "deviation_from_z2": 133.18917168075401,
        "z2_pvalue": 5.257692459548388e-21
      },
      "holo_statistics": {
        "mean": 242.54955627805018,
        "std": 260.2003584590392,
        "median": 149.35614005922122,
        "min": 7.281631491216278,
        "max": 1578.9423071354422,
        "deviation_from_z2": 209.03923463975906,
        "z2_pvalue": 1.878840354067856e-20
      },
      "comparison": {
        "delta_mean": 75.85006295900504,
        "z2_improvement": -75.85006295900504,
        "holo_closer_to_z2": false,
        "t_statistic": -3.2983494533230346,
        "p_value": 0.0010687220110193831,
        "significant": true
      },
      "z2_target": 33.510321638291124
    }
  ],
  "verdict": "TREND_TOWARD_Z2"
}