{
  "timestamp": "2026-04-18T09:14:51.108328",
  "test": "Therapeutic Protein Folding Z\u00b2 Validation",
  "applications": [
    "Mutation stability prediction (\u0394\u0394G)",
    "Drug timing optimization",
    "Therapeutic window prediction"
  ],
  "diseases_covered": [
    "Alzheimer's",
    "Parkinson's",
    "ALS",
    "Cystic Fibrosis"
  ],
  "z_constants": {
    "Z": 5.788810036466141,
    "Z_squared": 33.510321638291124,
    "sqrt_Z": 2.4059946044133476
  },
  "detailed_results": {
    "ddg_prediction": {
      "Standard": {
        "z2_scale": "none",
        "n_mutations": 22,
        "rmse": 0.513218097522168,
        "loocv_rmse": 0.5644483452609359,
        "mae": 0.36818181818181817,
        "correlation": 0.7987550959936274,
        "r2": 0.6380097033757891,
        "calibration_slope": 3.7902813299232743,
        "calibration_intercept": -1.3753196930946303,
        "predictions": [
          1.8464194373401526,
          3.7415601023017904,
          2.983503836317135,
          3.362531969309462,
          2.604475703324808,
          3.5520460358056254,
          3.173017902813299,
          3.362531969309462,
          2.22544757033248,
          3.1730179028133,
          1.846419437340153,
          2.0359335038363167,
          2.983503836317135,
          2.7939897698209717,
          3.362531969309462,
          3.9310741687979536,
          2.414961636828644,
          2.414961636828644,
          2.22544757033248,
          2.4149616368286435,
          3.9310741687979536,
          4.120588235294116
        ],
        "experimentals": [
          1.2,
          3.8,
          2.9,
          3.1,
          2.5,
          4.2,
          2.8,
          1.8,
          2.4,
          3.5,
          2.1,
          1.9,
          3.2,
          2.8,
          3.5,
          4.8,
          2.3,
          2.1,
          2.8,
          3.2,
          3.5,
          4.1
        ]
      },
      "\u221aZ scaled": {
        "z2_scale": "sqrt_Z",
        "n_mutations": 22,
        "rmse": 0.6973644618091926,
        "loocv_rmse": 0.7583066499447334,
        "mae": 0.5725896328891363,
        "correlation": 0.5758790231471376,
        "r2": 0.3316366493009012,
        "calibration_slope": -1.4262825665035561,
        "calibration_intercept": 1.669896666084857,
        "predictions": [
          1.8757196072048572,
          2.9987299607802322,
          3.1172907060027955,
          3.0580103333915143,
          3.1765710786140766,
          3.454193812075408,
          2.3779444113812636,
          1.6385981167597319,
          3.2358514512253578,
          3.513474184686689,
          3.2951318238366394,
          2.8396679725414637,
          3.1172907060027955,
          2.7211072273189014,
          3.0580103333915143,
          3.3949134394641267,
          2.496505156603826,
          2.780387599930182,
          3.2358514512253578,
          3.632034929909252,
          2.5432661094850575,
          2.9394495881689515
        ],
        "experimentals": [
          1.2,
          3.8,
          2.9,
          3.1,
          2.5,
          4.2,
          2.8,
          1.8,
          2.4,
          3.5,
          2.1,
          1.9,
          3.2,
          2.8,
          3.5,
          4.8,
          2.3,
          2.1,
          2.8,
          3.2,
          3.5,
          4.1
        ]
      },
      "1/Z\u00b2 scaled": {
        "z2_scale": "1_over_Z2",
        "n_mutations": 22,
        "rmse": 0.47982896707103556,
        "loocv_rmse": 0.5261312410528655,
        "mae": 0.3441200267957952,
        "correlation": 0.8267880867710617,
        "r2": 0.6835785404265522,
        "calibration_slope": 3.749956801202274,
        "calibration_intercept": -1.4951422698346344,
        "predictions": [
          1.7306769369105852,
          3.771890813152159,
          2.9995185468632366,
          3.3857046800076978,
          2.6133324137187763,
          3.611882709735709,
          3.137470008175832,
          3.2754214694884256,
          2.227146280574316,
          3.2256965765912495,
          1.840960147429857,
          2.000968250846305,
          2.9995185468632366,
          2.7733405171352254,
          3.3857046800076978,
          3.99806884288017,
          2.3650977418869106,
          2.387154383990765,
          2.227146280574316,
          2.453324310302328,
          3.9318989165686054,
          4.158076946296618
        ],
        "experimentals": [
          1.2,
          3.8,
          2.9,
          3.1,
          2.5,
          4.2,
          2.8,
          1.8,
          2.4,
          3.5,
          2.1,
          1.9,
          3.2,
          2.8,
          3.5,
          4.8,
          2.3,
          2.1,
          2.8,
          3.2,
          3.5,
          4.1
        ]
      },
      "Z\u00b2 scaled": {
        "z2_scale": "Z_squared",
        "n_mutations": 22,
        "rmse": 0.6406656322940101,
        "loocv_rmse": 0.69613591226639,
        "mae": 0.5335007569787923,
        "correlation": 0.6602274702362053,
        "r2": 0.43590031245449945,
        "calibration_slope": -1.05371170636533,
        "calibration_intercept": 1.4656534228751785,
        "predictions": [
          1.6328866695563153,
          3.0839536542821078,
          3.1468424392802974,
          3.115398046781203,
          3.178286831779392,
          3.5821625346980355,
          2.326975769420117,
          1.5071090995599368,
          3.209731224278487,
          3.6136069271971296,
          3.241175616777581,
          2.742966736361654,
          3.1468424392802974,
          2.6800779513634647,
          3.115398046781203,
          3.5507181421989404,
          2.389864554418306,
          2.7115223438625593,
          3.209731224278487,
          3.676495712195319,
          2.585744773866181,
          3.0525092617830136
        ],
        "experimentals": [
          1.2,
          3.8,
          2.9,
          3.1,
          2.5,
          4.2,
          2.8,
          1.8,
          2.4,
          3.5,
          2.1,
          1.9,
          3.2,
          2.8,
          3.5,
          4.8,
          2.3,
          2.1,
          2.8,
          3.2,
          3.5,
          4.1
        ]
      }
    },
    "drug_timing": {
      "Standard": {
        "z2_scale": "none",
        "timing_results": {
          "primary_nucleation": {
            "optimal_time": 0.0,
            "improvement_percent": NaN
          },
          "secondary_nucleation": {
            "optimal_time": 0.0,
            "improvement_percent": NaN
          },
          "elongation": {
            "optimal_time": 0.0,
            "improvement_percent": NaN
          }
        }
      },
      "\u221aZ scaled": {
        "z2_scale": "sqrt_Z",
        "timing_results": {
          "primary_nucleation": {
            "optimal_time": 0.0,
            "improvement_percent": NaN
          },
          "secondary_nucleation": {
            "optimal_time": 0.0,
            "improvement_percent": NaN
          },
          "elongation": {
            "optimal_time": 0.0,
            "improvement_percent": NaN
          }
        }
      },
      "1/Z\u00b2 scaled": {
        "z2_scale": "1_over_Z2",
        "timing_results": {
          "primary_nucleation": {
            "optimal_time": 0.0,
            "improvement_percent": NaN
          },
          "secondary_nucleation": {
            "optimal_time": 0.0,
            "improvement_percent": NaN
          },
          "elongation": {
            "optimal_time": 0.0,
            "improvement_percent": NaN
          }
        }
      },
      "Z\u00b2 scaled": {
        "z2_scale": "Z_squared",
        "timing_results": {
          "primary_nucleation": {
            "optimal_time": 0.0,
            "improvement_percent": NaN
          },
          "secondary_nucleation": {
            "optimal_time": 0.0,
            "improvement_percent": NaN
          },