{
  "fibril_parameters": {
    "n_strands": 10,
    "strand_length": 6,
    "n_bonds": 60
  },
  "z2_derivation": {
    "f_base_thz": 0.7593000886836149,
    "z2_factor": 1.8426354638471225,
    "f_beta_resonance_thz": 1.0397437876826627,
    "f_helix_resonance_thz": 0.12194075633175816,
    "selectivity_ratio": 0.11727962001440238,
    "theta_beta_deg": 132.0,
    "theta_helix_deg": 5.0
  },
  "selectivity_proof": {
    "omega_beta": 12651837149349.557,
    "omega_helix": 38833992270870.67,
    "frequency_ratio": 3.0694350403385617,
    "power_absorption_ratio": 1.4964080530036216e-05,
    "selectivity_dB": 48.24949963287502,
    "helix_absorbs_fraction": 0.0014964080530036217,
    "proof": "At \u03b2-sheet resonance, \u03b1-helix absorbs < 0.0% of energy"
  },
  "resonance_frequency_thz": 1.0397437876826627,
  "breaking_amplitude": null,
  "amplitude_sweep": [
    {
      "amplitude": 0.01,
      "max_displacement_nm": 0.00087,
      "broken": 