{
  "overall_q3": 0.5150891632373114,
  "total_residues": 1458,
  "total_correct": 751,
  "z2_constants": {
    "Z": 5.788810036466141,
    "Z_squared": 33.510321638291124,
    "theta_Z2_deg": 31.094473452420196
  },
  "z2_angles": {
    "H": {
      "phi": -57.0,
      "psi": -47.0
    },
    "E": {
      "phi": -129.0,
      "psi": 135.0
    },
    "C": {
      "phi": -70.0,
      "psi": 145.0
    }
  },
  "per_protein": {
    "p53_dbd_core": {
      "name": "p53 DNA-binding domain core",
      "pdb_id": "1TUP",
      "difficulty": "VERY HARD - flexible loops, zinc coordination",
      "length": 234,
      "q3": 0.4796380090497738,
      "h_f1": 0.053333333333333344,
      "e_f1": 0.12307692307692307,
      "c_f1": 0.6622516556291391
    },
    "p53_hotspot_r175h": {
      "name": "p53 R175H mutation region",
      "pdb_id": "2PCX",
      "difficulty": "HARD - mutation disrupts zinc coordination",
      "length": 64,
      "q3": 0.5625,
      "h_f1": 0.30303030303030304,
      "e_f1": 0.5384615384615384,
      "c_f1": 0.6956521739130436
    },
    "p53_hotspot_r248w": {
      "name": "p53 R248 region (DNA contact)",
      "pdb_id": "2AHI",
      "difficulty": "HARD - critical DNA contact loop",
      "length": 57,
      "q3": 0.7719298245614035,
      "h_f1": 0.7499999999999999,
      "e_f1": 0.5714285714285714,
      "c_f1": 0.8311688311688312
    },
    "kras_full": {
      "name": "KRAS GTPase (full)",
      "pdb_id": "4OBE",
      "difficulty": "VERY HARD - conformational switch, nucleotide binding",
      "length": 189,
      "q3": 0.384180790960452,
      "h_f1": 0.3636363636363636,
      "e_f1": 0.18181818181818185,
      "c_f1": 0.46706586826347307
    },
    "kras_g12d": {
      "name": "KRAS G12 mutation region (switch I)",
      "pdb_id": "4DSO",
      "difficulty": "HARD - critical switch region",
      "length": 55,
      "q3": 0.32727272727272727,
      "h_f1": 0.380952380952381,
      "e_f1": 0.35294117647058826,
      "c_f1": 0.23529411764705882
    },
    "bcl2": {
      "name": "BCL-2 anti-apoptotic protein",
      "pdb_id": "1G5M",
      "difficulty": "MEDIUM - mostly helical but flexible BH3 groove",
      "length": 239,
      "q3": 0.7358490566037735,
      "h_f1": 0.6956521739130435,
      "e_f1": 0,
      "c_f1": 0.7965367965367965
    },
    "bclxl_bh3_groove": {
      "name": "BCL-XL BH3 binding groove",
      "pdb_id": "1MAZ",
      "difficulty": "MEDIUM - helical bundle",
      "length": 232,
      "q3": 0.6192893401015228,
      "h_f1": 0.6861924686192469,
      "e_f1": 0,
      "c_f1": 0.5161290322580645
    },
    "brca1_brct": {
      "name": "BRCA1 BRCT tandem repeats",
      "pdb_id": "1JNX",
      "difficulty": "HARD - tandem repeat domain, phosphopeptide binding",
      "length": 205,
      "q3": 0.46596858638743455,
      "h_f1": 0.23076923076923078,
      "e_f1": 0.0821917808219178,
      "c_f1": 0.6666666666666666
    },
    "egfr_kinase": {
      "name": "EGFR kinase domain",
      "pdb_id": "1M14",
      "difficulty": "VERY HARD - kinase fold, activation loop",
      "length": 311,
      "q3": 0.39436619718309857,
      "h_f1": 0.27027027027027023,
      "e_f1": 0.2608695652173913,
      "c_f1": 0.5154639175257731
    }
  }
}