{
  "overall_q3": 0.35526315789473684,
  "per_protein": {
    "lysozyme": {
      "q3": 0.3884297520661157
    },
    "insulin_b": {
      "q3": 0.20689655172413793
    },
    "myoglobin_frag": {
      "q3": 0.2653061224489796
    },
    "sh3_domain": {
      "q3": 0.5522388059701493
    },
    "alpha_syn_nterm": {
      "q3": 0.1
    },
    "abeta42_fibril": {
      "q3": 0.6829268292682927
    },
    "prion_helix": {
      "q3": 0.26
    }
  },
  "mean_f1": {
    "H": 0.0830026455026455,
    "E": 0.23316921856120038,
    "C": 0.4714704475140432
  }
}