{
  "overall_q3": 0.5372807017543859,
  "per_protein": {
    "lysozyme": {
      "q3": 0.5289256198347108
    },
    "insulin_b": {
      "q3": 0.4482758620689655
    },
    "myoglobin_frag": {
      "q3": 0.7857142857142857
    },
    "sh3_domain": {
      "q3": 0.29850746268656714
    },
    "alpha_syn_nterm": {
      "q3": 0.86
    },
    "abeta42_fibril": {
      "q3": 0.36585365853658536
    },
    "prion_helix": {
      "q3": 0.26
    }
  },
  "mean_f1": {
    "H": 0.5062317034560095,
    "E": 0.19945902624724504,
    "C": 0.3839002267573696
  }
}