{
  "overall_q3": 0.5043859649122807,
  "per_protein": {
    "lysozyme": {
      "q3": 0.5371900826446281
    },
    "insulin_b": {
      "q3": 0.41379310344827586
    },
    "myoglobin_frag": {
      "q3": 0.5510204081632653
    },
    "sh3_domain": {
      "q3": 0.40298507462686567
    },
    "alpha_syn_nterm": {
      "q3": 0.68
    },
    "abeta42_fibril": {
      "q3": 0.6097560975609756
    },
    "prion_helix": {
      "q3": 0.28
    }
  },
  "mean_f1": {
    "H": 0.3846739133769609,
    "E": 0.2703796444767081,
    "C": 0.407217090551973
  }
}