{
  "overall_q3": 0.5021929824561403,
  "total_residues": 456,
  "total_correct": 229,
  "per_protein": {
    "lysozyme": {
      "q3": 0.5371900826446281,
      "n_residues": 121,
      "n_correct": 65,
      "per_class": {
        "H": {
          "precision": 0.75,
          "recall": 0.42857142857142855,
          "f1": 0.5454545454545454,
          "count_actual": 28,
          "count_predicted": 16
        },
        "E": {
          "precision": 0.40625,
          "recall": 0.3611111111111111,
          "f1": 0.38235294117647056,
          "count_actual": 36,
          "count_predicted": 32
        },
        "C": {
          "precision": 0.547945205479452,
          "recall": 0.7017543859649122,
          "f1": 0.6153846153846154,
          "count_actual": 57,
          "count_predicted": 73
        }
      },
      "predicted": "EEECCHHHHHHHHHHCCCCCCCCCCEEEEEEHHHHCCCCEECCCCCCCCCCCCEEEEEEEECCCCCCCCCCCCCCCCCCCCCCCCCCCEEEECCEEECCCCCCCCCHHEEEECCCCCCCEE",
      "actual": "CEEECHHHHHHHHHHCCCCCCCCEEEECCHHHHCCCCEECCCCCCCCCCEEEEEEEECCEEEEEECCCCCCCCCHHHHHCCCCCCHHHHHHHHHCCCEEEECCEEECCCEEEECCEECCCC"
    },
    "insulin_b": {
      "q3": 0.3103448275862069,
      "n_residues": 29,
      "n_correct": 9,
      "per_class": {
        "H": {
          "precision": 1.0,
          "recall": 0.26666666666666666,
          "f1": 0.4210526315789474,
          "count_actual": 15,
          "count_predicted": 4
        },
        "E": {
          "precision": 0.0,
          "recall": 0,
          "f1": 0,
          "count_actual": 0,
          "count_predicted": 15
        },
        "C": {
          "precision": 0.5,
          "recall": 0.35714285714285715,
          "f1": 0.41666666666666663,
          "count_actual": 14,
          "count_predicted": 10
        }
      },
      "predicted": "EEEEECCCCCHHHHEEEEECCCCEEEEEC",
      "actual": "CCCCHHHHHHHHHHHHHHHCCCCCCCCCC"
    },
    "myoglobin_frag": {
      "q3": 0.5816326530612245,
      "n_residues": 98,
      "n_correct": 57,
      "per_class": {
        "H": {
          "precision": 0.8095238095238095,
          "recall": 0.6623376623376623,
          "f1": 0.7285714285714286,
          "count_actual": 77,
          "count_predicted": 63
        },
        "E": {
          "precision": 0.0,
          "recall": 0,
          "f1": 0,
          "count_actual": 0,
          "count_predicted": 21
        },
        "C": {
          "precision": 0.42857142857142855,
          "recall": 0.2857142857142857,
          "f1": 0.34285714285714286,
          "count_actual": 21,
          "count_predicted": 14
        }
      },
      "predicted": "HCHHHHHCCEEEEEHHHHHHHCCCCCEEEEEEECCCCHHHHHHHHHHHHHHHHHHHHHHHHHCCEEEEEEEEEHHHHHHHHHHHHHHHHHHHHHHHHH",
      "actual": "CCHHHHHHHHHHHHHHHCCCCCCHHHHHHHHHHHCCCCHHHHHHHHHHCCCCCHHHHHHHHHHHHHHHHHCCCCHHHHHHHHHHHHHHHHHHHHHHHH"
    },
    "sh3_domain": {
      "q3": 0.34328358208955223,
      "n_residues": 67,
      "n_correct": 23,
      "per_class": {
        "H": {
          "precision": 0.0,
          "recall": 0,
          "f1": 0,
          "count_actual": 0,
          "count_predicted": 29
        },
        "E": {
          "precision": 0.5,
          "recall": 0.22580645161290322,
          "f1": 0.3111111111111111,
          "count_actual": 31,
          "count_predicted": 14
        },
        "C": {
          "precision": 0.6666666666666666,
          "recall": 0.4444444444444444,
          "f1": 0.5333333333333333,
          "count_actual": 36,
          "count_predicted": 24
        }
      },
      "predicted": "HHHHHHCCCCEECCCHHHHHHHHHHHEECEEEECEEEHHEEECHHCCCHHHHHCHHHCCCCCCCCCC",
      "actual": "CCEEEEEECCCCCCCEEEEEECCCCEEECCCCCCCEEEEEEEECCCCCCCCCCEEEEEEEECCCCCC"
    },
    "alpha_syn_nterm": {
      "q3": 0.6,
      "n_residues": 50,
      "n_correct": 30,
      "per_class": {
        "H": {
          "precision": 1.0,
          "recall": 0.6122448979591837,
          "f1": 0.759493670886076,
          "count_actual": 49,
          "count_predicted": 30
        },
        "E": {
          "precision": 0.0,
          "recall": 0,
          "f1": 0,
          "count_actual": 0,
          "count_predicted": 9
        },
        "C": {
          "precision": 0.0,
          "recall": 0.0,
          "f1": 0,
          "count_actual": 1,
          "count_predicted": 11
        }
      },
      "predicted": "EHHHHCHHHHHHHHHHHHHHHHHHHHHHHHHHCCCEEEEEECCCCCCCEE",
      "actual": "CHHHHHHHHHHHHHHHHHHHHHHHHHHHHHHHHHHHHHHHHHHHHHHHHH"
    },
    "abeta42_fibril": {
      "q3": 0.6585365853658537,
      "n_residues": 41,
      "n_correct": 27,
      "per_class": {
        "H": {
          "precision": 0.0,
          "recall": 0,
          "f1": 0,
          "count_actual": 0,
          "count_predicted": 12
        },
        "E": {
          "precision": 0.8666666666666667,
          "recall": 0.8125,
          "f1": 0.8387096774193549,
          "count_actual": 16,
          "count_predicted": 15
        },
        "C": {
          "precision": 1.0,
          "recall": 0.56,
          "f1": 0.717948717948718,
          "count_actual": 25,
          "count_predicted": 14
        }
      },
      "predicted": "HHHHHCCCCCCCHHEEEEHHHHHCCCCCCCEEEEEEEEEEE",
      "actual": "CCCCCCCCCCCCCCCCEEEEECCCCCCCCCEEEEEEEEEEE"
    },
    "prion_helix": {
      "q3": 0.36,
      "n_residues": 50,
      "n_correct": 18,
      "per_class": {
        "H": {
          "precision": 1.0,
          "recall": 0.1111111111111111,
          "f1": 0.19999999999999998,
          "count_actual": 27,
          "count_predicted": 3
        },
        "E": {
          "precision": 0.0,
          "recall": 0,
          "f1": 0,
          "count_actual": 0,
          "count_predicted": 22
        },
        "C": {
          "precision": 0.6,
          "recall": 0.6521739130434783,
          "f1": 0.6250000000000001,
          "count_actual": 23,
          "count_predicted": 25
        }
      },
      "predicted": "CCCCEEEEEECCCCCCCCCCCCEEEEEEEEEEEEEEEECCCCCCCCHHHC",
      "actual": "HHHHHHHCCCCCCCCCCCCCCCHHHHHHHHHHHCCCCCCCCHHHHHHHHH"
    }
  },
  "mean_f1": {
    "helix": 0.3792246109272854,
    "sheet": 0.2188819613867052,
    "coil": 0.46445578231292517
  },
  "z2_angles": {
    "alpha_helix_phi": -57.006534662770356,
    "alpha_helix_psi": -46.91445029360757,
    "beta_sheet_phi": -129.0412865531645,
    "beta_sheet_psi": 135.0412865531645
  }
}