{
  "overall_q3": 0.4956140350877193,
  "per_protein": {
    "lysozyme": {
      "q3": 0.49586776859504134
    },
    "insulin_b": {
      "q3": 0.3793103448275862
    },
    "myoglobin_frag": {
      "q3": 0.5612244897959183
    },
    "sh3_domain": {
      "q3": 0.47761194029850745
    },
    "alpha_syn_nterm": {
      "q3": 0.46
    },
    "abeta42_fibril": {
      "q3": 0.6585365853658537
    },
    "prion_helix": {
      "q3": 0.38
    }
  },
  "mean_f1": {
    "H": 0.2543068043068043,
    "E": 0.1736797444344614,
    "C": 0.49506905821864083
  }
}