{
  "overall_q3": 0.5482456140350878,
  "per_protein": {
    "lysozyme": {
      "q3": 0.5206611570247934
    },
    "insulin_b": {
      "q3": 0.7931034482758621
    },
    "myoglobin_frag": {
      "q3": 0.6326530612244898
    },
    "sh3_domain": {
      "q3": 0.31343283582089554
    },
    "alpha_syn_nterm": {
      "q3": 0.84
    },
    "abeta42_fibril": {
      "q3": 0.34146341463414637
    },
    "prion_helix": {
      "q3": 0.5
    }
  },
  "mean_f1": {
    "H": 0.46269401096987306,
    "E": 0.08407382091592619,
    "C": 0.5194657937851038
  }
}