{
  "overall_q3": 0.5482456140350878,
  "per_protein": {
    "lysozyme": {
      "q3": 0.5537190082644629
    },
    "insulin_b": {
      "q3": 0.9655172413793104
    },
    "myoglobin_frag": {
      "q3": 0.6122448979591837
    },
    "sh3_domain": {
      "q3": 0.23880597014925373
    },
    "alpha_syn_nterm": {
      "q3": 0.8
    },
    "abeta42_fibril": {
      "q3": 0.36585365853658536
    },
    "prion_helix": {
      "q3": 0.48
    }
  },
  "mean_f1": {
    "H": 0.48118627175484985,
    "E": 0.08407382091592619
  }
}