{
  "framework": "Z\u00b2 Geometric Protein Analysis",
  "timestamp": "2026-04-18T21:39:30.991055",
  "Z2": 33.510321638291124,
  "theta_Z2_deg": 31.094473452420196,
  "proteins": {
    "villin": {
      "name": "villin (all-helix)",
      "sequence": "LSDEDFKAVFGMTRSAFANLPLWKQQNLKKEKGLF",
      "length": 35,
      "codon": {
        "mean_z2_distance": 4.9107077725171004,
        "n_clusters": 7,
        "periodicities": {
          "x": 11.666666666666666,
          "y": 7.0,
          "z": 8.75
        }
      },
      "local": {
        "mean_phi": -96.18960834705314,
        "mean_psi": 79.41919867526705,
        "quantization_error": 0.10427408259532807
      },
      "contact": {
        "n_contacts": 291,
        "top_contacts": [
          [
            0,
            5,
            1.0
          ],
          [
            5,
            9,
            1.0
          ],
          [
            5,
            16,
            1.0
          ],
          [
            7,
            11,
            1.0
          ],
          [
            7,
            15,
            1.0
          ],
          [
            7,
            17,
            1.0
          ],
          [
            9,
            16,
            1.0
          ],
          [
            11,
            15,
            1.0
          ],
          [
            11,
            17,
            1.0
          ],
          [
            16,
            21,
            1.0
          ],
          [
            16,
            34,
            1.0
          ],
          [
            19,
            27,
            1.0
          ],
          [
            19,
            33,
            1.0
          ],
          [
            21,
            27,
            1.0
          ],
          [
            21,
            33,
            1.0
          ],
          [
            23,
            28,
            1.0
          ],
          [
            23,
            29,
            1.0
          ],
          [
            27,
            33,
            1.0
          ],
          [
            27,
            34,
            1.0
          ],
          [
            0,
            9,
            0.9855202973133824
          ]
        ]
      },
      "topology": {
        "contact_order": 0.3326460481099656,
        "folding_rate": 0.00757918251874967,
        "nucleation_sites": [
          8,
          11,
          15,
          18,
          20,
          23,
          27
        ]
      },
      "thermo": {
        "funnel_depth": 1.2443927112997566,
        "cooperativity": 0.19113204830887445,
        "high_curvature_positions": [
          1,
          2,
          4,
          5,
          6,
          7,
          8,
          9,
          10,
          11,
          12,
          13,
          14,
          15,
          16,
          17,
          18,
          19,
          20,
          21,
          22,
          23,
          26,
          27,
          28,
          31,
          33
        ]
      },
      "summary": {
        "z2_clustering": "strong",
        "backbone_type": "extended",
        "folding_type": "slow",
        "cooperativity_type": "multi-state"
      }
    },
    "gb1": {
      "name": "gb1 (alpha/beta)",
      "sequence": "MTYKLILNGKTLKGETTTEAVDAATAEKVFKQYANDNGVDGEWTYDDATKTFTVTE",
      "length": 56,
      "codon": {
        "mean_z2_distance": 4.358796737680504,
        "n_clusters": 6,
        "periodicities": {
          "x": 14.0,
          "y": 2.24,
          "z": 4.666666666666667
        }
      },
      "local": {
        "mean_phi": -74.24827955365971,
        "mean_psi": -1.8652279156033882,
        "quantization_error": 0.1868069636345331
      },
      "contact": {
        "n_contacts": 695,
        "top_contacts": [
          [
            3,
            9,
            1.0
          ],
          [
            4,
            11,
            1.0
          ],
          [
            5,
            11,
            1.0
          ],
          [
            6,
            11,
            1.0
          ],
          [
            8,
            13,
            1.0
          ],
          [
            10,
            15,
            1.0
          ],
          [
            10,
            16,
            1.0
          ],
          [
            14,
            18,
            1.0
          ],
          [
            19,
            23,
            1.0
          ],
          [
            19,
            25,
            1.0
          ],
          [
            19,
            33,
            1.0
          ],
          [
            20,
            28,
            1.0
          ],
          [
            20,
            38,
            1.0
          ],
          [
            22,
            33,
            1.0
          ],
          [
            23,
            33,
            1.0
          ],
          [
            25,
            33,
            1.0
          ],
          [
            28,
            38,
            1.0
          ],
          [
            33,
            47,
            1.0
          ],
          [
            35,
            39,
            1.0
          ],
          [
            38,
            53,
            1.0
          ]
        ]
      },
      "topology": {
        "contact_order": 0.25572970195272354,
        "folding_rate": 0.051439816376965514,
        "nucleation_sites": [
          7,
          10,
          15,
          19,
          21,
          24,
          28,
          33,
          36,
          39,
          41,
          43,
          45,
          47
        ]
      },
      "thermo": {
        "funnel_depth": 1.5219191433162493,
        "cooperativity": 0.1906105265500466,
        "high_curvature_positions": [
          1,
          2,
          3,
          4,
          5,
          6,
          7,
          8,
          9,
          10,
          11,
          12,
          13,
          14,
          15,
          17,
          18,
          19,
          20,
          21,
          22,
          23,
          24,
          25,
          26,
          27,
          28,
          29,
          30,
          31,
          33,
          34,
          36,
          37,
          38,
          39,
          40,
          41,
          42,
          44,
          45,
          46,
          47,
          49,
          51,
          52,
          53,
          54
        ]
      },
      "summary": {
        "z2_clustering": "strong",
        "backbone_type": "helical",
        "folding_type": "slow",
        "cooperativity_type": "multi-state"
      }
    },
    "ww": {
      "name": "ww (all-beta)",
      "sequence": "KLPPGWEKRMSRSSGRVYYFNHITNASQWERPS",
      "length": 33,
      "codon": {
        "mean_z2_distance": 4.795848800330449,
        "n_clusters": 6,
        "periodicities": {
          "x": 2.5384615384615388,
          "y": 8.25,
          "z": 11.0
        }
      },
      "local": {
        "mean_phi": -78.2970329870986,
        "mean_psi": 36.31685787160379,
        "quantization_error": 0.1814420820901694
      },
      "contact": {
        "n_contacts": 263,