{
  "framework": "Z\u00b2 Geodesic Folding Funnel",
  "timestamp": "2026-04-18T21:36:23.454341",
  "sequence": "NLYIQWLKDGGPSSGRPPPS",
  "Z2": 33.510321638291124,
  "theta_Z2_deg": 31.094473452420196,
  "metrics": {
    "depth": 1496.994869713234,
    "max_barrier": 187194.69557705606,
    "barrier_position": 0.43333333333333335,
    "slope": 51.62051274873281,
    "geodesic_advantage": 0.6793721592057944,
    "roughness": 2883069829.8116307,
    "z2_compliance": 0.5759330741247366,
    "path_length": 6087.561918917081,
    "estimated_folding_rate": 0.0
  },
  "geodesic_energies": [
    1521.458764064775,
    19185.633792273642,
    46471.615716973945,
    66418.35363585578,
    63817.96855900564,
    74794.12681980141,
    69528.93844947522,
    71617.41580404568,
    56528.872136189966,
    59101.32219172948,
    61558.997247895684,
    132422.26480141093,
    152982.7965337187,
    188716.15434112083,
    159868.33030569146,
    149225.83362062383,
    74923.79823619797,
    72258.01486038399,
    22837.617806720496,
    30440.287009247546,
    15776.892501223492,
    11992.635133126974,
    3166.1544949156664,
    2886.4992286119154,
    3689.1744584546805,
    3652.5749682141245,
    2238.9969451654056,
    3643.0653080477887,
    528.2670714608507,
    24.463894351540997
  ],
  "levinthal": {
    "random_conformations": 3486784401.0,
    "geodesic_states": 30,
    "reduction_factor": 116226146.7
  }
}