{
  "framework": "Z\u00b2 Geodesic Folding Funnel",
  "timestamp": "2026-04-18T21:39:26.491347",
  "sequence": "NLYIQWLKDGGPSSGRPPPS",
  "Z2": 33.510321638291124,
  "theta_Z2_deg": 31.094473452420196,
  "metrics": {
    "depth": 1495.860827220815,
    "max_barrier": 44590.45465469144,
    "barrier_position": 0.6,
    "slope": 51.581407835200466,
    "geodesic_advantage": 0.6196151078809956,
    "roughness": 203640813.71592474,
    "z2_compliance": 0.55793250952785,
    "path_length": 2929.177791486713,
    "estimated_folding_rate": 0.0
  },
  "geodesic_energies": [
    1520.324721572356,
    7117.073321696747,
    17724.375690610326,
    27430.02120366882,
    27810.577690406637,
    33307.001843162296,
    18752.75777251622,
    13927.893572399866,
    10774.863188906245,
    15713.69449013889,
    8615.69765518988,
    23687.626360614264,
    24608.371078705746,
    33482.9610498238,
    35852.249769506365,
    31509.030029948255,
    45442.2602858929,
    36597.40413133779,
    46110.779376263796,
    35550.21310370893,
    23523.69921224803,
    16593.7591191627,
    3962.8843748980244,
    3455.9220873842514,
    341.5239634117074,
    3310.7197607311173,
    1170.9410008641926,
    2584.3157658920263,
    275.9779670193121,
    24.463894351540997
  ],
  "levinthal": {
    "random_conformations": 3486784401.0,
    "geodesic_states": 30,
    "reduction_factor": 116226146.7
  }
}