{
  "z2_constants": {
    "Z": 5.788810036466141,
    "Z_squared": 33.510321638291124,
    "one_over_Z2": 0.029841551829730376,
    "sqrt_Z": 2.4059946044133476
  },
  "mutations_analyzed": [
    "L858R",
    "T790M",
    "C797S"
  ],
  "simulations": {
    "L858R": {
      "final_rmsd": 1.6416845716712969,
      "conformational_change": 1.5410424734423138,
      "target_reached": "True",
      "z2_contribution": -4.623524959550745e-08
    },
    "T790M": {
      "final_rmsd": 1.6416845716712969,
      "conformational_change": 1.5410424734423138,
      "target_reached": "True",
      "z2_contribution": -4.623524959550745e-08
    },
    "C797S": {
      "final_rmsd": 1.6416845716712969,
      "conformational_change": 1.5410424734423138,
      "target_reached": "True",
      "z2_contribution": -4.623524959550745e-08
    }
  },
  "binding_affinities": [
    {
      "drug": "Osimertinib",
      "target": "EGFR_L858R",
      "delta_g_standard": -1.5500000000000007,
      "delta_g_z2": -6.4702816802298315,
      "improvement": 4.920281680229831,
      "kd_standard_nM": 80753310.88449414,
      "kd_z2_nM": 27420.6111586229,
      "z2_contact_correction": -0.3730193978716301,
      "z2_entropy_reduction": -4.528878894497905,
      "z2_thermal_term": -0.01838338786029673
    },
    {
      "drug": "Osimertinib",
      "target": "EGFR_T790M",
      "delta_g_standard": -1.6700000000000008,
      "delta_g_z2": -6.207082282389187,
      "improvement": 4.5370822823891865,
      "kd_standard_nM": 66458937.80941779,
      "kd_z2_nM": 42038.569660037014,
      "z2_contact_correction": -0.35213031159081787,
      "z2_entropy_reduction": -4.166568582938071,
      "z2_thermal_term": -0.01838338786029673
    },
    {
      "drug": "Gefitinib",
      "target": "EGFR_L858R",
      "delta_g_standard": -0.5800000000000001,
      "delta_g_z2": -4.888180643681702,
      "improvement": 4.308180643681702,
      "kd_standard_nM": 390001653.9731428,
      "kd_z2_nM": 357725.4844690733,
      "z2_contact_correction": -0.30438382866324964,
      "z2_entropy_reduction": -3.985413427158155,
      "z2_thermal_term": -0.01838338786029673
    },
    {
      "drug": "Erlotinib",
      "target": "EGFR_L858R",
      "delta_g_standard": -0.2350000000000012,
      "delta_g_z2": -4.440666445059851,
      "improvement": 4.20566644505985,
      "kd_standard_nM": 682828132.918863,
      "kd_z2_nM": 739730.0780100125,
      "z2_contact_correction": -0.2924472079313567,
      "z2_entropy_reduction": -3.8948358492681967,
      "z2_thermal_term": -0.01838338786029673
    },
    {
      "drug": "Vemurafenib",
      "target": "BRAF_V600E",
      "delta_g_standard": 0.9800000000000004,
      "delta_g_z2": -4.444953130190928,
      "improvement": 5.424953130190929,
      "kd_standard_nM": 4908589226.890896,
      "kd_z2_nM": 734599.987855634,
      "z2_contact_correction": -0.33422538049297934,
      "z2_entropy_reduction": -5.0723443618376525,
      "z2_thermal_term": -0.01838338786029673
    },
    {
      "drug": "Sotorasib",
      "target": "KRAS_G12C",
      "delta_g_standard": -0.7999999999999998,
      "delta_g_z2": -4.724981245841059,
      "improvement": 3.9249812458410593,
      "kd_standard_nM": 272868700.45056677,
      "kd_z2_nM": 466245.76125002606,
      "z2_contact_correction": -0.2834947423824392,
      "z2_entropy_reduction": -3.6231031155983233,
      "z2_thermal_term": -0.01838338786029673
    }
  ]
}