{
  "z2_constants": {
    "Z_squared": 33.510321638291124,
    "one_over_Z2": 0.029841551829730376,
    "sqrt_Z": 2.4059946044133476,
    "theta_z2_deg": 31.094473452420196
  },
  "mutation_rankings": [
    {
      "mutation": "Y220C",
      "druggability_score": 9.039548104642897,
      "DC50_nM": 39.254667889343125,
      "Dmax": 15.007858470588971,
      "pocket_volume": 180,
      "z2_enhancement": 0.05968310365946075
    },
    {
      "mutation": "R175H",
      "druggability_score": 9.039548104642897,
      "DC50_nM": 90.65477229144642,
      "Dmax": 12.023703287615934,
      "pocket_volume": 120,
      "z2_enhancement": 0.029841551829730376
    },
    {
      "mutation": "R248Q",
      "druggability_score": 9.039548104642897,
      "DC50_nM": 124.13415932379877,
      "Dmax": 10.531625696129415,
      "pocket_volume": 100,
      "z2_enhancement": 0.014920775914865188
    },
    {
      "mutation": "G245S",
      "druggability_score": 9.039548104642897,
      "DC50_nM": 111.02896743112134,
      "Dmax": 11.426872251021328,
      "pocket_volume": 130,
      "z2_enhancement": 0.023873241463784303
    }
  ],
  "protac_designs": {
    "Y220C_VHL": {
      "mutation": "Y220C",
      "warhead": "PhiKan083-like",
      "e3_ligase": "VHL",
      "e3_ligand": "VH032",
      "linker": {
        "composition": [
          "piperazine",
          "piperazine",
          "phenyl",
          "phenyl",
          "phenyl"
        ],
        "length_A": 21.6,
        "properties": {
          "logP": 2.9,
          "HBA": 4,
          "HBD": 0,
          "flexibility": 0.18,
          "n_rotatable": 10
        },
        "z2_dihedrals_deg": [
          31.094473452420196,
          148.9055265475798,
          31.094473452420196,
          148.9055265475798,
          31.094473452420196,
          148.9055265475798,
          31.094473452420196,
          148.9055265475798,
          31.094473452420196,
          148.9055265475798
        ]
      },
      "predicted_properties": {
        "MW": 1110,
        "DC50_nM": 39.254667889343125,
        "Dmax_percent": 15.007858470588971,
        "Hook_concentration_uM": 43.425475958450974,
        "linker_score": 9.039548104642897
      },
      "z2_corrections": {
        "cooperativity_enhancement": 1.0298415518297304,
        "binding_enhancement": 0.05968310365946075,
        "theta_z2_deg": 31.094473452420196,
        "optimal_linker_length": 24.74483970415338
      },
      "synthesis_recommendations": [
        "Protect piperazine NH during synthesis",
        "Target linker length: 24.7 \u00c5",
        "Z\u00b2 optimal dihedral angle: 31.1\u00b0"
      ]
    },
    "R175H_VHL": {
      "mutation": "R175H",
      "warhead": "Zinc-site binder",
      "e3_ligase": "VHL",
      "e3_ligand": "VH032",
      "linker": {
        "composition": [
          "piperazine",
          "piperazine",
          "phenyl",
          "phenyl",
          "phenyl"
        ],
        "length_A": 21.6,
        "properties": {
          "logP": 2.9,
          "HBA": 4,
          "HBD": 0,
          "flexibility": 0.18,
          "n_rotatable": 10
        },
        "z2_dihedrals_deg": [
          31.094473452420196,
          148.9055265475798,
          31.094473452420196,
          148.9055265475798,
          31.094473452420196,
          148.9055265475798,
          31.094473452420196,
          148.9055265475798,
          31.094473452420196,
          148.9055265475798
        ]
      },
      "predicted_properties": {
        "MW": 1110,
        "DC50_nM": 90.65477229144642,
        "Dmax_percent": 12.023703287615934,
        "Hook_concentration_uM": 100.28684093719716,
        "linker_score": 9.039548104642897
      },
      "z2_corrections": {
        "cooperativity_enhancement": 1.0298415518297304,
        "binding_enhancement": 0.029841551829730376,
        "theta_z2_deg": 31.094473452420196,
        "optimal_linker_length": 24.74483970415338
      },
      "synthesis_recommendations": [
        "Protect piperazine NH during synthesis",
        "Target linker length: 24.7 \u00c5",
        "Z\u00b2 optimal dihedral angle: 31.1\u00b0"
      ]
    },
    "R248Q_VHL": {
      "mutation": "R248Q",
      "warhead": "DNA-contact stabilizer",
      "e3_ligase": "VHL",
      "e3_ligand": "VH032",
      "linker": {
        "composition": [
          "piperazine",
          "piperazine",
          "phenyl",
          "phenyl",
          "phenyl"
        ],
        "length_A": 21.6,
        "properties": {
          "logP": 2.9,
          "HBA": 4,
          "HBD": 0,
          "flexibility": 0.18,
          "n_rotatable": 10
        },
        "z2_dihedrals_deg": [
          31.094473452420196,
          148.9055265475798,
          31.094473452420196,
          148.9055265475798,
          31.094473452420196,
          148.9055265475798,
          31.094473452420196,
          148.9055265475798,
          31.094473452420196,
          148.9055265475798
        ]
      },
      "predicted_properties": {
        "MW": 1110,
        "DC50_nM": 124.13415932379877,
        "Dmax_percent": 10.531625696129415,
        "Hook_concentration_uM": 137.32341250558855,
        "linker_score": 9.039548104642897
      },
      "z2_corrections": {
        "cooperativity_enhancement": 1.0298415518297304,
        "binding_enhancement": 0.014920775914865188,
        "theta_z2_deg": 31.094473452420196,
        "optimal_linker_length": 24.74483970415338
      },
      "synthesis_recommendations": [
        "Protect piperazine NH during synthesis",
        "Target linker length: 24.7 \u00c5",
        "Z\u00b2 optimal dihedral angle: 31.1\u00b0"
      ]
    },
    "G245S_VHL": {
      "mutation": "G245S",
      "warhead": "L3 loop binder",
      "e3_ligase": "VHL",
      "e3_ligand": "VH032",
      "linker": {
        "composition": [
          "piperazine",
          "piperazine",
          "phenyl",
          "phenyl",
          "phenyl"
        ],
        "length_A": 21.6,
        "properties": {
          "logP": 2.9,
          "HBA": 4,
          "HBD": 0,
          "flexibility": 0.18,
          "n_rotatable": 10
        },
        "z2_dihedrals_deg": [
          31.094473452420196,
          148.9055265475798,
          31.094473452420196,
          148.9055265475798,
          31.094473452420196,
          148.9055265475798,
          31.094473452420196,
          148.9055265475798,
          31.094473452420196,
          148.9055265475798
        ]
      },
      "predicted_properties": {
        "MW": 1110,
        "DC50_nM": 111.02896743112134,
        "Dmax_percent": 11.426872251021328,
        "Hook_concentration_uM": 122.82579410589626,
        "linker_score": 9.039548104642897
      },
      "z2_corrections": {
        "cooperativity_enhancement": 1.0298415518297304,
        "binding_enhancement": 0.023873241463784303,
        "theta_z2_deg": 31.094473452420196,
        "optimal_linker_length": 24.74483970415338
      },
      "synthesis_recommendations": [
        "Protect piperazine NH during synthesis",
        "Target linker length: 24.7 \u00c5",
        "Z\u00b2 optimal dihedral angle: 31.1\u00b0"
      ]
    }
  },
  "ternary_complexes": {
    "Y220C_VHL": {
      "end_to_end_distance": 21.599999999999998,
      "orientation_angle_deg": 0.0,
      "z2_optimal_angle_deg": 31.094473452420196,
      "angular_deviation_deg": 31.094473452420196,
      "ubiquitination_efficiency": 0.4403221668769088,
      "complex_stability": 3.980313409024414,
      "predicted_half_life_hours": 6.4032216687690875
    },
    "R175H_VHL": {
      "end_to_end_distance": 21.599999999999998,
      "orientation_angle_deg": 0.0,
      "z2_optimal_angle_deg": 31.094473452420196,
      "angular_deviation_deg": 31.094473452420196,
      "ubiquitination_efficiency": 0.4403221668769088,
      "complex_stability": 3.980313409024414,
      "predicted_half_life_hours": 6.4032216687690875
    },
    "R248Q_VHL": {
      "end_to_end_distance": 21.599999999999998,