{
  "target": "p53 Y220C",
  "library_size": 5000,
  "z2_parameters": {
    "theta_z2_degrees": 31.094473452420196,
    "tolerance_degrees": 2.0,
    "Z_squared": 33.510321638291124,
    "one_over_Z2": 0.029841551829730376
  },
  "timing": {
    "generation_seconds": 0.27991485595703125,
    "filtering_seconds": 0.0599360466003418,
    "total_seconds": 0.3404397964477539,
    "throughput_per_second": 83422.252277338
  },
  "filter_results": {
    "passed": 169,
    "failed": 4831,
    "pass_rate_percent": 3.38,
    "rejection_rate_percent": 96.61999999999999
  },
  "score_distribution": {
    "mean": 0.41609490185290327,
    "std": 0.06231602274669972,
    "min": 0.20696854801745723,
    "max": 0.5844179385287196
  },
  "top_candidates": [
    {
      "rank": 1,
      "name": "PROTAC_0567",
      "smiles": "CC1=CC=C(C=C1)C2=CN=C(N2)NCOCCOCCOCCOCCC1=CC2=C(C=...",
      "z2_score": 0.6486629398327713,
      "dihedral_score": 0.5351125927485137,
      "molecular_weight": 582.37,
      "linker_length": 22.5,
      "n_rotatable_bonds": 15,
      "logP": 9.5,
      "predicted_dc50_nM": 7.7081635052081525,
      "dihedrals": [
        30.0,
        148.9055265475798,
        79.04489995282505,
        30.0,
        11.523161136260685,
        110.3531560391689,
        148.9055265475798,
        130.4876587567135,
        112.06801169539192,
        94.31425307144299,
        142.79743652608937,
        29.98911885898152,
        168.62042865899022,
        30.0,
        5.965813093701637
      ]
    },
    {
      "rank": 2,
      "name": "PROTAC_0644",
      "smiles": "CC1=CC=C(C=C1)C2=CN=C(N2)NCOCCOCCOCCOCCC1=CC2=C(C=...",
      "z2_score": 0.6486629398327713,
      "dihedral_score": 0.5351125927485137,
      "molecular_weight": 582.37,
      "linker_length": 22.5,
      "n_rotatable_bonds": 15,
      "logP": 9.5,
      "predicted_dc50_nM": 7.7081635052081525,
      "dihedrals": [
        30.0,
        148.9055265475798,
        79.04489995282505,
        30.0,
        11.523161136260685,
        110.3531560391689,
        148.9055265475798,
        130.4876587567135,
        112.06801169539192,
        94.31425307144299,
        142.79743652608937,
        29.98911885898152,
        168.62042865899022,
        30.0,
        5.965813093701637
      ]
    },
    {
      "rank": 3,
      "name": "PROTAC_0839",
      "smiles": "CC1=CC=C(C=C1)C2=CN=C(N2)NCOCCOCCOCCOCCC1=CC2=C(C=...",
      "z2_score": 0.6486629398327713,
      "dihedral_score": 0.5351125927485137,
      "molecular_weight": 582.37,
      "linker_length": 22.5,
      "n_rotatable_bonds": 15,
      "logP": 9.5,
      "predicted_dc50_nM": 7.7081635052081525,
      "dihedrals": [
        30.0,
        148.9055265475798,
        79.04489995282505,
        30.0,
        11.523161136260685,
        110.3531560391689,
        148.9055265475798,
        130.4876587567135,
        112.06801169539192,
        94.31425307144299,
        142.79743652608937,
        29.98911885898152,
        168.62042865899022,
        30.0,
        5.965813093701637
      ]
    },
    {
      "rank": 4,
      "name": "PROTAC_1750",
      "smiles": "CC1=CC=C(C=C1)C2=CN=C(N2)NCOCCOCCOCCOCCC1=CC2=C(C=...",
      "z2_score": 0.6486629398327713,
      "dihedral_score": 0.5351125927485137,
      "molecular_weight": 582.37,
      "linker_length": 22.5,
      "n_rotatable_bonds": 15,
      "logP": 9.5,
      "predicted_dc50_nM": 7.7081635052081525,
      "dihedrals": [
        30.0,
        148.9055265475798,
        79.04489995282505,
        30.0,
        11.523161136260685,
        110.3531560391689,
        148.9055265475798,
        130.4876587567135,
        112.06801169539192,
        94.31425307144299,
        142.79743652608937,
        29.98911885898152,
        168.62042865899022,
        30.0,
        5.965813093701637
      ]
    },
    {
      "rank": 5,
      "name": "PROTAC_1879",
      "smiles": "CC1=CC=C(C=C1)C2=CN=C(N2)NCOCCOCCOCCOCCC1=CC2=C(C=...",
      "z2_score": 0.6486629398327713,
      "dihedral_score": 0.5351125927485137,
      "molecular_weight": 582.37,
      "linker_length": 22.5,
      "n_rotatable_bonds": 15,
      "logP": 9.5,
      "predicted_dc50_nM": 7.7081635052081525,
      "dihedrals": [
        30.0,
        148.9055265475798,
        79.04489995282505,
        30.0,
        11.523161136260685,
        110.3531560391689,
        148.9055265475798,
        130.4876587567135,
        112.06801169539192,
        94.31425307144299,
        142.79743652608937,
        29.98911885898152,
        168.62042865899022,
        30.0,
        5.965813093701637
      ]
    }
  ]
}