{
  "framework": "Z\u00b2 Quantum Hydrogen Zipper",
  "timestamp": "2026-04-18T21:52:30.288069",
  "Z2": 33.510321638291124,
  "theta_Z2_deg": 31.094473452420196,
  "n_residues": 10,
  "helix_type": "alpha",
  "n_hbonds": 6,
  "formation_times_ps": [
    0.0,
    17.475299999999997,
    5.042,
    9.3727,
    11.057599999999999,
    2.7806
  ],
  "total_cascade_time_ps": 2.7806,
  "cascade_acceleration": [
    1.0,
    1.0,
    1.0,
    1.0,
    1.0,
    1.0,
    1.0,
    1.0,
    1.0,
    1.0
  ],
  "barrier_with_0_neighbors_eV": 0.3430320221796517,
  "barrier_with_2_neighbors_eV": 0.205819213307791
}