{
  "sequence": "MDVFMKGLSKAKEGVVAAAEKTKQGVAEAAGKTKEGVLYVGSKTKEGVVHGVTTVA",
  "n_residues": 56,
  "rg_initial": 61.42027352592953,
  "rg_final": 18.406669880939692,
  "sasa_initial": 5587.247149189481,
  "sasa_final": 596.2674823245691,
  "core_indices": [
    3,
    4,
    10,
    14,
    15,
    16,
    17,
    18,
    25,
    26,
    28,
    29,
    47,
    48,
    51,
    54
  ],
  "surface_indices": [
    0,
    1,
    2,
    5,
    6,
    7,
    8,
    9,
    11,
    12,
    13,
    19,
    20,
    21,
    22,
    23,
    24,
    27,
    30,
    31,
    32,
    33,
    34,
    35,
    36,
    37,
    38,
    39,
    40,
    41,
    42,
    43,
    44,
    45,
    46,
    49,
    50,
    52,
    53,
    55
  ],
  "core_hydrophobicity": 2.9187499999999997,
  "surface_hydrophobicity": -1.2125,
  "coords_final": [
    [
      -5.578736633693992,
      0.0,
      0.0
    ],
    [
      -11.46259599634484,
      0.0,
      0.0
    ],
    [
      -19.941679313775868,
      0.0,
      0.0
    ],
    [
      -5.986741972966956,
      0.0,
      0.0
    ],
    [
      15.006790633795045,
      0.0,
      0.0
    ],
    [
      15.49525345742572,
      0.0,
      0.0
    ],
    [
      12.679241270120295,
      0.0,
      0.0
    ],
    [
      -14.915785392353007,
      0.0,
      0.0
    ],
    [
      9.507378938903999,
      0.0,
      0.0
    ],
    [
      -13.58834937644406,
      0.0,
      0.0
    ],
    [
      -10.788432499914938,
      0.0,
      0.0
    ],
    [
      18.964605576493152,
      0.0,
      0.0
    ],
    [
      17.1600513950681,
      0.0,
      0.0
    ],
    [
      6.750823402188612,
      0.0,
      0.0
    ],
    [
      3.399153345216625,
      0.0,
      0.0
    ],
    [
      2.9242406416642943,
      0.0,
      0.0
    ],
    [
      10.573583292093302,
      0.0,
      0.0
    ],
    [
      1.8868432834240267,
      0.0,
      0.0
    ],
    [
      -8.846570452975172,
      0.0,
      0.0
    ],
    [
      -19.250745112892513,
      0.0,
      0.0
    ],
    [
      8.136832252426034,
      0.0,
      0.0
    ],
    [
      -11.785834053643562,
      0.0,
      0.0
    ],
    [
      -18.15506802473582,
      0.0,
      0.0
    ],
    [
      0.48225370618793645,
      0.0,
      0.0
    ],
    [
      15.929766387120237,
      0.0,
      0.0
    ],
    [
      -8.212218899163894,
      0.0,
      0.0
    ],
    [
      16.844797933643317,
      0.0,
      0.0
    ],
    [
      9.106548585999663,
      0.0,
      0.0
    ],
    [
      6.4060794526677585,
      0.0,
      0.0
    ],
    [
      17.807545762016115,
      0.0,
      0.0
    ],
    [
      14.32396684549792,
      0.0,
      0.0
    ],
    [
      5.792692771653948,
      0.0,
      0.0
    ],
    [
      -22.790269148373767,
      0.0,
      0.0
    ],
    [
      -13.714790647521117,
      0.0,
      0.0
    ],
    [
      18.734054318456234,
      0.0,
      0.0
    ],
    [
      -41.163170293593076,
      0.0,
      0.0
    ],
    [
      50.05993129998016,
      0.0,
      0.0
    ],
    [
      -53.44791204639816,
      0.0,
      0.0
    ],
    [
      44.53212320879562,
      0.0,
      0.0
    ],
    [
      -31.735683803699636,
      0.0,
      0.0
    ],
    [
      8.733897966953332,
      0.0,
      0.0
    ],
    [
      17.159708284207007,
      0.0,
      0.0
    ],
    [
      -4.734794622335336,
      0.0,
      0.0
    ],
    [
      -0.25406740312769666,
      0.0,
      0.0
    ],
    [
      32.58397491951403,
      0.0,
      0.0
    ],
    [
      1.2827985144770455,
      0.0,
      0.0
    ],
    [
      -19.49124508790721,
      0.0,
      0.0
    ],
    [
      0.4041938654683593,
      0.0,
      0.0
    ],
    [
      -1.941717202884117,
      0.0,
      0.0
    ],
    [
      -7.091095202202472,
      0.0,
      0.0
    ],
    [
      0.41297866090901103,
      0.0,
      0.0
    ],
    [
      -14.531867128904807,
      0.0,
      0.0
    ],
    [
      13.427263213479385,
      0.0,
      0.0
    ],
    [
      -8.524924834441581,
      0.0,
      0.0
    ],
    [
      -5.2239157415043405,
      0.0,
      0.0
    ],
    [
      -23.35116229404834,
      0.0,
      0.0
    ]
  ],
  "framework": "Z\u00b2 Implicit Solvation",
  "timestamp": "2026-04-18T21:38:49.908998"
}