{
  "z2_constants": {
    "Z_squared": 33.510321638291124,
    "one_over_Z2": 0.029841551829730376,
    "sqrt_Z": 2.4059946044133476
  },
  "tumor_parameters": {
    "radius_mm": 5.0,
    "necrotic_fraction": 0.3
  },
  "grid": {
    "nx": 80,
    "ny": 80,
    "dx_mm": 0.15
  },
  "simulations": {
    "vegf_standard": {
      "vegf_max_final": 3.3152606259137434e-08,
      "hypoxic_fraction_final": 0.8724226804123711
    },
    "vegf_z2": {
      "vegf_max_final": 3.315226151092918e-08,
      "hypoxic_fraction_final": 0.8724226804123711
    },
    "angiogenesis": {
      "times": [
        0,
        20,
        40,
        60,
        80,
        100,
        120,
        140,
        160,
        180
      ],
      "vessel_density": [
        0.33109375,
        0.331875,
        0.331875,
        0.331875,
        0.331875,
        0.331875,
        0.331875,
        0.331875,
        0.331875,
        0.331875
      ],
      "tumor_perfusion": [
        0.19314185228604924,
        0.19460726846424384,
        0.19460726846424384,
        0.19460726846424384,
        0.19460726846424384,
        0.19460726846424384,
        0.19460726846424384,
        0.19460726846424384,
        0.19460726846424384,
        0.19460726846424384
      ],
      "n_tip_cells": [
        3,
        0,
        0,
        0,
        0,
        0,
        0,
        0,
        0,
        0
      ],
      "branch_points": [
        2119,
        2122,
        2122,
        2122,
        2122,
        2122,
        2122,
        2122,
        2122,
        2122
      ]
    },
    "therapy": {
      "cycles": [
        1,
        2,
        3,
        4
      ],
      "tumor_perfusion": [
        0.19284876905041032,
        0.19284876905041032,
        0.19284876905041032,
        0.19284876905041032
      ],
      "vegf_levels": [
        5.646183000850444e-09,
        7.528714740548547e-09,
        1.1080359229597971e-08,
        1.7063982415853778e-08
      ],
      "hypoxic_fraction": [
        0.8724226804123711,
        0.8724226804123711,
        0.8724226804123711,
        0.8724226804123711
      ]
    }
  },
  "z2_timing": {
    "tumor_doubling_days": 30.0,
    "z2_shift_days": 0.8952465548919113,
    "improvement": "Start 0.9 days earlier"
  },
  "metric_analysis": {
    "max_perturbation": 0.029753930116633145,
    "oscillation_wavelength_mm": 0.8637353736783387,
    "D_eff_variation_percent": 6.123230680824743
  }
}