{
  "gauge_higgs_unification": {
    "SO10_adjoint": 45,
    "eaten_generators": 2,
    "effective_count": 43,
    "hierarchy_exponent": "43/2"
  },
  "hierarchy_formula": {
    "formula": "M_Pl/v = 2 \u00d7 Z^(43/2)",
    "Z": 5.788810036466141,
    "Z_power": 2.4869663562654904e+16,
    "predicted": 4.973932712530981e+16,
    "observed": 4.959349593495935e+16,
    "ratio": 1.0029405305595256
  },
  "derivations": [
    "Gauge-Higgs: 45 adjoint - 2 eaten = 43",
    "Orbifold: Z\u2082 projection removes 2 of 45",
    "Dimensional: volume \u00d7 warp factor counting"
  ],
  "Z_squared": 33.510321638291124
}