{
  "name": "production_final",
  "sequence_length": 58,
  "n_steps": 25000,
  "timestep_fs": 2.0,
  "simulation_time_ns": 0.05,
  "initial_energy_kJ": 45288.129943847656,
  "final_energy_kJ": 44807.99475479126,
  "mean_potential_kJ": 44800.00034114838,
  "std_potential_kJ": 106.9657118130348,
  "mean_kinetic_kJ": 2956.487275390625,
  "temperature_K": 250.86664769275302,
  "mean_rmsf_nm": 0.11055066454100312,
  "max_rmsf_nm": 0.3661082193896111,
  "mean_rmsd_nm": 0.23417019248162646,
  "final_rmsd_nm": 0.2634187078728606,
  "radius_of_gyration_nm": 0.9673054837624799,
  "holographic_entropy": 2829.0,
  "z2_binding_correction": -43574.654062172944,
  "z2_stability_score": 0.9257755207467554,
  "manifold_dimension": 7.721462298007502,
  "effective_degrees_of_freedom": 2829,
  "elapsed_seconds": 8.534379959106445,
  "steps_per_second": 3580.8486259092383,
  "ns_per_day": 618.7706425571164,
  "platform": "OpenCL"
}