{
  "name": "refined_structure",
  "sequence_length": 78,
  "n_steps": 25000,
  "timestep_fs": 2.0,
  "simulation_time_ns": 0.05,
  "initial_energy_kJ": 16467721615813.164,
  "final_energy_kJ": 76406.1247253418,
  "mean_potential_kJ": 76580.14537231445,
  "std_potential_kJ": 696.4843534249427,
  "mean_kinetic_kJ": 4061.781611328125,
  "temperature_K": 257.06246930625696,
  "mean_rmsf_nm": 0.1004311603029228,
  "max_rmsf_nm": 0.3374450709318222,
  "mean_rmsd_nm": 0.542772607688824,
  "final_rmsd_nm": 0.5857316071541073,
  "radius_of_gyration_nm": 1.09627164400333,
  "holographic_entropy": 3795.0,
  "z2_binding_correction": -74302.80564363529,
  "z2_stability_score": 0.9365869323103516,
  "manifold_dimension": 7.709093276429443,
  "effective_degrees_of_freedom": 3795,
  "elapsed_seconds": 19.16432213783264,
  "steps_per_second": 3068.284289746888,
  "ns_per_day": 530.1995252682623,
  "platform": "OpenCL"
}