{
  "name": "equilibrated",
  "sequence_length": 58,
  "n_steps": 10000,
  "timestep_fs": 2.0,
  "simulation_time_ns": 0.02,
  "initial_energy_kJ": 4.320922849633056e+17,
  "final_energy_kJ": 8704.339693069458,
  "mean_potential_kJ": 9102.74637708664,
  "std_potential_kJ": 676.865202970488,
  "mean_kinetic_kJ": 3194.3516845703125,
  "temperature_K": 271.05014296196276,
  "mean_rmsf_nm": 0.24071799362118115,
  "max_rmsf_nm": 0.7562237269856982,
  "mean_rmsd_nm": 1.204679847807601,
  "final_rmsd_nm": 1.2485453111458666,
  "radius_of_gyration_nm": 1.1500097143141443,
  "holographic_entropy": 2829.0,
  "z2_binding_correction": -8975.750663581875,
  "z2_stability_score": 0.8173886105012309,
  "manifold_dimension": 7.802935557027807,
  "effective_degrees_of_freedom": 2829,
  "elapsed_seconds": 13.959455966949463,
  "steps_per_second": 3438.1865986839275,
  "ns_per_day": 594.1186442525826,
  "platform": "OpenCL"
}