{
  "name": "production_final",
  "sequence_length": 58,
  "n_steps": 10000,
  "timestep_fs": 2.0,
  "simulation_time_ns": 0.02,
  "initial_energy_kJ": 42558.41004943848,
  "final_energy_kJ": 42287.531187057495,
  "mean_potential_kJ": 42227.19842777252,
  "std_potential_kJ": 75.86414035725666,
  "mean_kinetic_kJ": 2924.396875,
  "temperature_K": 248.14368276199727,
  "mean_rmsf_nm": 0.11472754485604372,
  "max_rmsf_nm": 0.30048710521242933,
  "mean_rmsd_nm": 0.573193533199744,
  "final_rmsd_nm": 0.5916074491150516,
  "radius_of_gyration_nm": 0.9712509210746217,
  "holographic_entropy": 2829.0,
  "z2_binding_correction": -41090.2140486187,
  "z2_stability_score": 0.9219027973334726,
  "manifold_dimension": 7.723720665897021,
  "effective_degrees_of_freedom": 2829,
  "elapsed_seconds": 5.906726121902466,
  "steps_per_second": 3529.709771841084,
  "ns_per_day": 609.9338485741393,
  "platform": "OpenCL"
}