{
  "name": "refined_structure",
  "sequence_length": 78,
  "n_steps": 10000,
  "timestep_fs": 2.0,
  "simulation_time_ns": 0.02,
  "initial_energy_kJ": 43553348065487.55,
  "final_energy_kJ": 54396.15125274658,
  "mean_potential_kJ": 54731.88712120056,
  "std_potential_kJ": 948.25602159438,
  "mean_kinetic_kJ": 4233.077807617187,
  "temperature_K": 267.903481308977,
  "mean_rmsf_nm": 0.12345423822069347,
  "max_rmsf_nm": 0.515477571944874,
  "mean_rmsd_nm": 0.7247208046197782,
  "final_rmsd_nm": 0.7408303402517746,
  "radius_of_gyration_nm": 1.1843351673682554,
  "holographic_entropy": 3795.0,
  "z2_binding_correction": -53524.35605518314,
  "z2_stability_score": 0.9101931958092355,
  "manifold_dimension": 7.750746726863153,
  "effective_degrees_of_freedom": 3795,
  "elapsed_seconds": 14.221382856369019,
  "steps_per_second": 2995.142850246714,
  "ns_per_day": 517.5606845226322,
  "platform": "OpenCL"
}