{
  "name": "equilibrated",
  "sequence_length": 58,
  "n_steps": 50000,
  "timestep_fs": 2.0,
  "simulation_time_ns": 0.1,
  "initial_energy_kJ": 46066.57944583893,
  "final_energy_kJ": 44934.59250450134,
  "mean_potential_kJ": 45046.16476961136,
  "std_potential_kJ": 107.09054612285054,
  "mean_kinetic_kJ": 2915.2097607421874,
  "temperature_K": 247.36412907508915,
  "mean_rmsf_nm": 0.1839043722890764,
  "max_rmsf_nm": 0.5587103435216714,
  "mean_rmsd_nm": 0.33632258611653176,
  "final_rmsd_nm": 0.613778896180152,
  "radius_of_gyration_nm": 0.9654988054064549,
  "holographic_entropy": 2829.0,
  "z2_binding_correction": -43805.17244647369,
  "z2_stability_score": 0.8685919543814975,
  "manifold_dimension": 7.7204189018593175,
  "effective_degrees_of_freedom": 2829,
  "elapsed_seconds": 16.462558031082153,
  "steps_per_second": 3569.5275266793483,
  "ns_per_day": 616.8143566101915,
  "platform": "OpenCL"
}