{
  "name": "production_final",
  "sequence_length": 58,
  "n_steps": 50000,
  "timestep_fs": 2.0,
  "simulation_time_ns": 0.1,
  "initial_energy_kJ": 42558.41004943848,
  "final_energy_kJ": 42236.1777305603,
  "mean_potential_kJ": 42224.64623199463,
  "std_potential_kJ": 89.07371489927216,
  "mean_kinetic_kJ": 2945.1066943359374,
  "temperature_K": 249.9009718916935,
  "mean_rmsf_nm": 0.2028400416390784,
  "max_rmsf_nm": 0.4222387460631385,
  "mean_rmsd_nm": 0.5769962045615542,
  "final_rmsd_nm": 0.8048165245130073,
  "radius_of_gyration_nm": 0.9676505755381969,
  "holographic_entropy": 2829.0,
  "z2_binding_correction": -41071.327158481145,
  "z2_stability_score": 0.8547112217519992,
  "manifold_dimension": 7.721660931549108,
  "effective_degrees_of_freedom": 2829,
  "elapsed_seconds": 16.165865182876587,
  "steps_per_second": 3585.7475003876584,
  "ns_per_day": 619.6171680669875,
  "platform": "OpenCL"
}