{
  "name": "refined_structure",
  "sequence_length": 78,
  "n_steps": 50000,
  "timestep_fs": 2.0,
  "simulation_time_ns": 0.1,
  "initial_energy_kJ": 18116763304159.492,
  "final_energy_kJ": 30521.809719085693,
  "mean_potential_kJ": 31465.833330783844,
  "std_potential_kJ": 1808.2211624777913,
  "mean_kinetic_kJ": 4087.036982421875,
  "temperature_K": 258.66083393484723,
  "mean_rmsf_nm": 0.17885142828846154,
  "max_rmsf_nm": 0.48038221542698695,
  "mean_rmsd_nm": 0.7530841298024522,
  "final_rmsd_nm": 0.7789346065778133,
  "radius_of_gyration_nm": 1.1215737211276005,
  "holographic_entropy": 3795.0,
  "z2_binding_correction": -30608.81680005437,
  "z2_stability_score": 0.8720344091923162,
  "manifold_dimension": 7.722070612350446,
  "effective_degrees_of_freedom": 3795,
  "elapsed_seconds": 28.691710233688354,
  "steps_per_second": 3038.469876624027,
  "ns_per_day": 525.047594680632,
  "platform": "OpenCL"
}