{
  "Z": 5.788810036466141,
  "Z_squared": 8.377580409572781,
  "results": [
    {
      "name": "Z2_therapeutic_A",
      "n_residues": 58,
      "z2_stability": 0.8733707902567015,
      "holographic_entropy": 2829.0,
      "manifold_dimension": 7.720980421153636,
      "z2_correction": -42582.83105609253,
      "mean_rmsf": 0.17729737379866492,
      "mean_rmsd": 0.3888127345971586,
      "rg": 0.9664698371179623
    },
    {
      "name": "Z2_therapeutic_B",
      "n_residues": 58,
      "z2_stability": 0.8547112217519992,
      "holographic_entropy": 2829.0,
      "manifold_dimension": 7.721660931549108,
      "z2_correction": -41071.327158481145,
      "mean_rmsf": 0.2028400416390784,
      "mean_rmsd": 0.5769962045615542,
      "rg": 0.9676505755381969
    },
    {
      "name": "Z2_therapeutic_C",
      "n_residues": 58,
      "z2_stability": 0.8685919543814975,
      "holographic_entropy": 2829.0,
      "manifold_dimension": 7.7204189018593175,
      "z2_correction": -43805.17244647369,
      "mean_rmsf": 0.1839043722890764,
      "mean_rmsd": 0.33632258611653176,
      "rg": 0.9654988054064549
    },
    {
      "name": "PINN_refined",
      "n_residues": 78,
      "z2_stability": 0.8720344091923162,
      "holographic_entropy": 3795.0,
      "manifold_dimension": 7.722070612350446,
      "z2_correction": -30608.81680005437,
      "mean_rmsf": 0.17885142828846154,
      "mean_rmsd": 0.7530841298024522,
      "rg": 1.1215737211276005
    }
  ]
}