proposal_id,obs_id,target_name,band_list,s_ra,s_dec,s_fov,s_resolution,t_exptime,cont_sensitivity_bandwidth,sensitivity_10kms,is_mosaic,data_rights,obs_release_date,frequency,bandwidth,calib_level,pi_name,scientific_category,member_ous_uid,frequency_support,obs_title,pub_title,science_keyword
2021.1.00024.S,uid://A001/X1590/X35bf.source.cdfs33.spw.29,cdfs33,4,53.072708333314736,-27.834277777779047,0.010698521136261687,0.8066634080471957,96.768,0.041493161944375176,1.5705950693006754,F,Public,2023-05-31T16:54:07.000,156.31201305946314,1.875E9,2,"Bauer, Franz",Galaxy evolution,uid://A001/X1590/X35bf,"[143.25..145.12GHz,3904.30kHz,1.7mJy/beam@10km/s,83.7uJy/beam@native, XX YY] U [145.13..147.00GHz,3904.30kHz,1.6mJy/beam@10km/s,82.5uJy/beam@native, XX YY] U [155.38..157.25GHz,3904.30kHz,1.6mJy/beam@10km/s,82.8uJy/beam@native, XX YY] U [157.25..159.12GHz,3904.30kHz,1.6mJy/beam@10km/s,82.9uJy/beam@native, XX YY]",A Legacy Survey of SMGs in the CDF-S,2 mm Observations and the Search for High-redshift Dusty Star-forming Galaxies A Deep ALMA Survey of the Redshift Distribution of Dusty Star-forming Galaxies A Redshift-based Red Selection of Dusty Star-forming Galaxies Active galactic nuclei-heated dust revealed in ''little red dots'' Dust Properties of 870 μm-selected Galaxies in GOODS-S The Physical Properties and Morphologies of Faint Dusty Star-forming Galaxies Identified with JWST,Sub-mm Galaxies (SMG);null
2021.1.00024.S,uid://A001/X1590/X35bf.source.cdfs33.spw.31,cdfs33,4,53.072708333314736,-27.834277777779047,0.010698521136261687,0.8066634080471957,96.768,0.041493161944375176,1.5622678399788201,F,Public,2023-05-31T16:54:07.000,158.18761321621298,1.875E9,2,"Bauer, Franz",Galaxy evolution,uid://A001/X1590/X35bf,"[143.25..145.12GHz,3904.30kHz,1.7mJy/beam@10km/s,83.7uJy/beam@native, XX YY] U [145.13..147.00GHz,3904.30kHz,1.6mJy/beam@10km/s,82.5uJy/beam@native, XX YY] U [155.38..157.25GHz,3904.30kHz,1.6mJy/beam@10km/s,82.8uJy/beam@native, XX YY] U [157.25..159.12GHz,3904.30kHz,1.6mJy/beam@10km/s,82.9uJy/beam@native, XX YY]",A Legacy Survey of SMGs in the CDF-S,2 mm Observations and the Search for High-redshift Dusty Star-forming Galaxies A Deep ALMA Survey of the Redshift Distribution of Dusty Star-forming Galaxies A Redshift-based Red Selection of Dusty Star-forming Galaxies Active galactic nuclei-heated dust revealed in ''little red dots'' Dust Properties of 870 μm-selected Galaxies in GOODS-S The Physical Properties and Morphologies of Faint Dusty Star-forming Galaxies Identified with JWST,Sub-mm Galaxies (SMG);null
2021.1.00024.S,uid://A001/X1590/X35bf.source.cdfs33.spw.25,cdfs33,4,53.072708333314736,-27.834277777779047,0.010698521136261687,0.8066634080471957,96.768,0.041493161944375176,1.6529870934382374,F,Public,2023-05-31T16:54:07.000,144.18801204642224,1.875E9,2,"Bauer, Franz",Galaxy evolution,uid://A001/X1590/X35bf,"[143.25..145.12GHz,3904.30kHz,1.7mJy/beam@10km/s,83.7uJy/beam@native, XX YY] U [145.13..147.00GHz,3904.30kHz,1.6mJy/beam@10km/s,82.5uJy/beam@native, XX YY] U [155.38..157.25GHz,3904.30kHz,1.6mJy/beam@10km/s,82.8uJy/beam@native, XX YY] U [157.25..159.12GHz,3904.30kHz,1.6mJy/beam@10km/s,82.9uJy/beam@native, XX YY]",A Legacy Survey of SMGs in the CDF-S,2 mm Observations and the Search for High-redshift Dusty Star-forming Galaxies A Deep ALMA Survey of the Redshift Distribution of Dusty Star-forming Galaxies A Redshift-based Red Selection of Dusty Star-forming Galaxies Active galactic nuclei-heated dust revealed in ''little red dots'' Dust Properties of 870 μm-selected Galaxies in GOODS-S The Physical Properties and Morphologies of Faint Dusty Star-forming Galaxies Identified with JWST,Sub-mm Galaxies (SMG);null
2021.1.00024.S,uid://A001/X1590/X35bf.source.cdfs33.spw.27,cdfs33,4,53.072708333314736,-27.834277777779047,0.010698521136261687,0.8066634080471957,96.768,0.041493161944375176,1.6192490224957816,F,Public,2023-05-31T16:54:07.000,146.0620122029022,1.875E9,2,"Bauer, Franz",Galaxy evolution,uid://A001/X1590/X35bf,"[143.25..145.12GHz,3904.30kHz,1.7mJy/beam@10km/s,83.7uJy/beam@native, XX YY] U [145.13..147.00GHz,3904.30kHz,1.6mJy/beam@10km/s,82.5uJy/beam@native, XX YY] U [155.38..157.25GHz,3904.30kHz,1.6mJy/beam@10km/s,82.8uJy/beam@native, XX YY] U [157.25..159.12GHz,3904.30kHz,1.6mJy/beam@10km/s,82.9uJy/beam@native, XX YY]",A Legacy Survey of SMGs in the CDF-S,2 mm Observations and the Search for High-redshift Dusty Star-forming Galaxies A Deep ALMA Survey of the Redshift Distribution of Dusty Star-forming Galaxies A Redshift-based Red Selection of Dusty Star-forming Galaxies Active galactic nuclei-heated dust revealed in ''little red dots'' Dust Properties of 870 μm-selected Galaxies in GOODS-S The Physical Properties and Morphologies of Faint Dusty Star-forming Galaxies Identified with JWST,Sub-mm Galaxies (SMG);null
2017.1.00755.S,uid://A001/X1284/Xe9e.source.GOODS-S.spw.6,GOODS-S,6,53.05443094692772,-27.826289313411397,0.12133770763781192,0.9937526258904545,68.921,0.1741012656985636,7.21971196240305,T,Public,2020-06-19T15:28:06.000,258.03248039522225,2.0E9,2,"Elbaz, David",Active galaxies,uid://A001/X1284/Xe9e,"[255.01..256.99GHz,31250.00kHz,5.4mJy/beam@10km/s,351.9uJy/beam@native, XX YY] U [255.04..257.02GHz,31250.00kHz,7.5mJy/beam@10km/s,493.1uJy/beam@native, XX YY] U [257.01..258.99GHz,31250.00kHz,5.1mJy/beam@10km/s,334.2uJy/beam@native, XX YY] U [257.04..259.02GHz,31250.00kHz,7.2mJy/beam@10km/s,473.6uJy/beam@native, XX YY] U [271.01..273.03GHz,31250.00kHz,7.3mJy/beam@10km/s,493.1uJy/beam@native, XX YY] U [273.01..275.03GHz,31250.00kHz,8.2mJy/beam@10km/s,552.1uJy/beam@native, XX YY]",Towards a census of star-formation since z~6 with ALMA-1.1mm,"A dual AGN at z = 5.4 associated with a Lyman-alpha nebula in the centre of a cosmic filament A<SUP>3</SUP>COSMOS and A<SUP>3</SUP>GOODSS: Continuum source catalogues and multi-band number counts A<SUP>3</SUP>COSMOS: Measuring the cosmic dust-attenuated star formation rate density at 4 < z < 5 A<SUP>3</SUP>COSMOS: The dust content of massive quiescent galaxies and its evolution with cosmic time Active galactic nuclei-heated dust revealed in ''little red dots'' An optimal ALMA image of the Hubble Ultra Deep Field in the era of JWST: obscured star formation and the cosmic far-infrared background Dust emission from the bulk of galaxies in the Epoch of Reionisation GOODS-ALMA 2.0: Last gigayear star formation histories of the so-called starbursts within the main sequence GOODS-ALMA 2.0: Source catalog, number counts, and prevailing compact sizes in 1.1 mm galaxies GOODS-ALMA 2.0: Starbursts in the main sequence reveal compact star formation regulating galaxy evolution prequenching JWST+ALMA Reveal the Buildup of Stellar Mass in the Cores of Dusty Star-forming Galaxies at Cosmic Noon Measuring the gas reservoirs in 10<SUP>8</SUP> < M<SUB>⋆</SUB> < 10<SUP>11</SUP> M<SUB>⊙</SUB> galaxies at 1 ≤ z ≤ 3 The IR Compactness of Dusty Galaxies Sets Star Formation and Dust Properties at z   0-2 The Physical Properties and Morphologies of Faint Dusty Star-forming Galaxies Identified with JWST The evolution of dust attenuation in z ≈ 2-12 galaxies observed by JWST The gas mass reservoir of quiescent galaxies at cosmic noon The hidden side of cosmic star formation at z > 3. Bridging optically dark and Lyman-break galaxies with GOODS-ALMA The role of stellar mass in the cosmic history of star formation as seen by Herschel and ALMA",Starburst galaxies;Sub-mm Galaxies (SMG)
2017.1.00755.S,uid://A001/X1284/Xe9e.source.GOODS-S.spw.17,GOODS-S,6,53.05443094692772,-27.826289313411397,0.12133770763781192,0.9937526258904545,68.921,0.1741012656985636,7.321551741175727,T,Public,2020-06-19T15:28:06.000,272.0158687852985,2.0E9,2,"Elbaz, David",Active galaxies,uid://A001/X1284/Xe9e,"[255.01..256.99GHz,31250.00kHz,5.4mJy/beam@10km/s,351.9uJy/beam@native, XX YY] U [255.04..257.02GHz,31250.00kHz,7.5mJy/beam@10km/s,493.1uJy/beam@native, XX YY] U [257.01..258.99GHz,31250.00kHz,5.1mJy/beam@10km/s,334.2uJy/beam@native, XX YY] U [257.04..259.02GHz,31250.00kHz,7.2mJy/beam@10km/s,473.6uJy/beam@native, XX YY] U [271.01..273.03GHz,31250.00kHz,7.3mJy/beam@10km/s,493.1uJy/beam@native, XX YY] U [273.01..275.03GHz,31250.00kHz,8.2mJy/beam@10km/s,552.1uJy/beam@native, XX YY]",Towards a census of star-formation since z~6 with ALMA-1.1mm,"A dual AGN at z = 5.4 associated with a Lyman-alpha nebula in the centre of a cosmic filament A<SUP>3</SUP>COSMOS and A<SUP>3</SUP>GOODSS: Continuum source catalogues and multi-band number counts A<SUP>3</SUP>COSMOS: Measuring the cosmic dust-attenuated star formation rate density at 4 < z < 5 A<SUP>3</SUP>COSMOS: The dust content of massive quiescent galaxies and its evolution with cosmic time Active galactic nuclei-heated dust revealed in ''little red dots'' An optimal ALMA image of the Hubble Ultra Deep Field in the era of JWST: obscured star formation and the cosmic far-infrared background Dust emission from the bulk of galaxies in the Epoch of Reionisation GOODS-ALMA 2.0: Last gigayear star formation histories of the so-called starbursts within the main sequence GOODS-ALMA 2.0: Source catalog, number counts, and prevailing compact sizes in 1.1 mm galaxies GOODS-ALMA 2.0: Starbursts in the main sequence reveal compact star formation regulating galaxy evolution prequenching JWST+ALMA Reveal the Buildup of Stellar Mass in the Cores of Dusty Star-forming Galaxies at Cosmic Noon Measuring the gas reservoirs in 10<SUP>8</SUP> < M<SUB>⋆</SUB> < 10<SUP>11</SUP> M<SUB>⊙</SUB> galaxies at 1 ≤ z ≤ 3 The IR Compactness of Dusty Galaxies Sets Star Formation and Dust Properties at z   0-2 The Physical Properties and Morphologies of Faint Dusty Star-forming Galaxies Identified with JWST The evolution of dust attenuation in z ≈ 2-12 galaxies observed by JWST The gas mass reservoir of quiescent galaxies at cosmic noon The hidden side of cosmic star formation at z > 3. Bridging optically dark and Lyman-break galaxies with GOODS-ALMA The role of stellar mass in the cosmic history of star formation as seen by Herschel and ALMA",Starburst galaxies;Sub-mm Galaxies (SMG)
2017.1.00755.S,uid://A001/X1284/Xe9e.source.GOODS-S.spw.5,GOODS-S,6,53.05443094692772,-27.826289313411397,0.12133770763781192,0.9937526258904545,68.921,0.1741012656985636,7.545861957785445,T,Public,2020-06-19T15:28:06.000,256.03222861192387,2.0E9,2,"Elbaz, David",Active galaxies,uid://A001/X1284/Xe9e,"[255.01..256.99GHz,31250.00kHz,5.4mJy/beam@10km/s,351.9uJy/beam@native, XX YY] U [255.04..257.02GHz,31250.00kHz,7.5mJy/beam@10km/s,493.1uJy/beam@native, XX YY] U [257.01..258.99GHz,31250.00kHz,5.1mJy/beam@10km/s,334.2uJy/beam@native, XX YY] U [257.04..259.02GHz,31250.00kHz,7.2mJy/beam@10km/s,473.6uJy/beam@native, XX YY] U [271.01..273.03GHz,31250.00kHz,7.3mJy/beam@10km/s,493.1uJy/beam@native, XX YY] U [273.01..275.03GHz,31250.00kHz,8.2mJy/beam@10km/s,552.1uJy/beam@native, XX YY]",Towards a census of star-formation since z~6 with ALMA-1.1mm,"A dual AGN at z = 5.4 associated with a Lyman-alpha nebula in the centre of a cosmic filament A<SUP>3</SUP>COSMOS and A<SUP>3</SUP>GOODSS: Continuum source catalogues and multi-band number counts A<SUP>3</SUP>COSMOS: Measuring the cosmic dust-attenuated star formation rate density at 4 < z < 5 A<SUP>3</SUP>COSMOS: The dust content of massive quiescent galaxies and its evolution with cosmic time Active galactic nuclei-heated dust revealed in ''little red dots'' An optimal ALMA image of the Hubble Ultra Deep Field in the era of JWST: obscured star formation and the cosmic far-infrared background Dust emission from the bulk of galaxies in the Epoch of Reionisation GOODS-ALMA 2.0: Last gigayear star formation histories of the so-called starbursts within the main sequence GOODS-ALMA 2.0: Source catalog, number counts, and prevailing compact sizes in 1.1 mm galaxies GOODS-ALMA 2.0: Starbursts in the main sequence reveal compact star formation regulating galaxy evolution prequenching JWST+ALMA Reveal the Buildup of Stellar Mass in the Cores of Dusty Star-forming Galaxies at Cosmic Noon Measuring the gas reservoirs in 10<SUP>8</SUP> < M<SUB>⋆</SUB> < 10<SUP>11</SUP> M<SUB>⊙</SUB> galaxies at 1 ≤ z ≤ 3 The IR Compactness of Dusty Galaxies Sets Star Formation and Dust Properties at z   0-2 The Physical Properties and Morphologies of Faint Dusty Star-forming Galaxies Identified with JWST The evolution of dust attenuation in z ≈ 2-12 galaxies observed by JWST The gas mass reservoir of quiescent galaxies at cosmic noon The hidden side of cosmic star formation at z > 3. Bridging optically dark and Lyman-break galaxies with GOODS-ALMA The role of stellar mass in the cosmic history of star formation as seen by Herschel and ALMA",Starburst galaxies;Sub-mm Galaxies (SMG)
2017.1.00755.S,uid://A001/X1284/Xe9e.source.GOODS-S.spw.7,GOODS-S,6,53.05443094692772,-27.826289313411397,0.12133770763781192,0.9937526258904545,68.921,0.1741012656985636,5.094655024411564,T,Public,2020-06-19T15:28:06.000,257.99746328478693,2.0E9,2,"Elbaz, David",Active galaxies,uid://A001/X1284/Xe9e,"[255.01..256.99GHz,31250.00kHz,5.4mJy/beam@10km/s,351.9uJy/beam@native, XX YY] U [255.04..257.02GHz,31250.00kHz,7.5mJy/beam@10km/s,493.1uJy/beam@native, XX YY] U [257.01..258.99GHz,31250.00kHz,5.1mJy/beam@10km/s,334.2uJy/beam@native, XX YY] U [257.04..259.02GHz,31250.00kHz,7.2mJy/beam@10km/s,473.6uJy/beam@native, XX YY] U [271.01..273.03GHz,31250.00kHz,7.3mJy/beam@10km/s,493.1uJy/beam@native, XX YY] U [273.01..275.03GHz,31250.00kHz,8.2mJy/beam@10km/s,552.1uJy/beam@native, XX YY]",Towards a census of star-formation since z~6 with ALMA-1.1mm,"A dual AGN at z = 5.4 associated with a Lyman-alpha nebula in the centre of a cosmic filament A<SUP>3</SUP>COSMOS and A<SUP>3</SUP>GOODSS: Continuum source catalogues and multi-band number counts A<SUP>3</SUP>COSMOS: Measuring the cosmic dust-attenuated star formation rate density at 4 < z < 5 A<SUP>3</SUP>COSMOS: The dust content of massive quiescent galaxies and its evolution with cosmic time Active galactic nuclei-heated dust revealed in ''little red dots'' An optimal ALMA image of the Hubble Ultra Deep Field in the era of JWST: obscured star formation and the cosmic far-infrared background Dust emission from the bulk of galaxies in the Epoch of Reionisation GOODS-ALMA 2.0: Last gigayear star formation histories of the so-called starbursts within the main sequence GOODS-ALMA 2.0: Source catalog, number counts, and prevailing compact sizes in 1.1 mm galaxies GOODS-ALMA 2.0: Starbursts in the main sequence reveal compact star formation regulating galaxy evolution prequenching JWST+ALMA Reveal the Buildup of Stellar Mass in the Cores of Dusty Star-forming Galaxies at Cosmic Noon Measuring the gas reservoirs in 10<SUP>8</SUP> < M<SUB>⋆</SUB> < 10<SUP>11</SUP> M<SUB>⊙</SUB> galaxies at 1 ≤ z ≤ 3 The IR Compactness of Dusty Galaxies Sets Star Formation and Dust Properties at z   0-2 The Physical Properties and Morphologies of Faint Dusty Star-forming Galaxies Identified with JWST The evolution of dust attenuation in z ≈ 2-12 galaxies observed by JWST The gas mass reservoir of quiescent galaxies at cosmic noon The hidden side of cosmic star formation at z > 3. Bridging optically dark and Lyman-break galaxies with GOODS-ALMA The role of stellar mass in the cosmic history of star formation as seen by Herschel and ALMA",Starburst galaxies;Sub-mm Galaxies (SMG)
2017.1.00755.S,uid://A001/X1284/Xe9e.source.GOODS-S.spw.19,GOODS-S,6,53.05443094692772,-27.826289313411397,0.12133770763781192,0.9937526258904545,68.921,0.1741012656985636,8.166365815603472,T,Public,2020-06-19T15:28:06.000,274.0159849701421,2.0E9,2,"Elbaz, David",Active galaxies,uid://A001/X1284/Xe9e,"[255.01..256.99GHz,31250.00kHz,5.4mJy/beam@10km/s,351.9uJy/beam@native, XX YY] U [255.04..257.02GHz,31250.00kHz,7.5mJy/beam@10km/s,493.1uJy/beam@native, XX YY] U [257.01..258.99GHz,31250.00kHz,5.1mJy/beam@10km/s,334.2uJy/beam@native, XX YY] U [257.04..259.02GHz,31250.00kHz,7.2mJy/beam@10km/s,473.6uJy/beam@native, XX YY] U [271.01..273.03GHz,31250.00kHz,7.3mJy/beam@10km/s,493.1uJy/beam@native, XX YY] U [273.01..275.03GHz,31250.00kHz,8.2mJy/beam@10km/s,552.1uJy/beam@native, XX YY]",Towards a census of star-formation since z~6 with ALMA-1.1mm,"A dual AGN at z = 5.4 associated with a Lyman-alpha nebula in the centre of a cosmic filament A<SUP>3</SUP>COSMOS and A<SUP>3</SUP>GOODSS: Continuum source catalogues and multi-band number counts A<SUP>3</SUP>COSMOS: Measuring the cosmic dust-attenuated star formation rate density at 4 < z < 5 A<SUP>3</SUP>COSMOS: The dust content of massive quiescent galaxies and its evolution with cosmic time Active galactic nuclei-heated dust revealed in ''little red dots'' An optimal ALMA image of the Hubble Ultra Deep Field in the era of JWST: obscured star formation and the cosmic far-infrared background Dust emission from the bulk of galaxies in the Epoch of Reionisation GOODS-ALMA 2.0: Last gigayear star formation histories of the so-called starbursts within the main sequence GOODS-ALMA 2.0: Source catalog, number counts, and prevailing compact sizes in 1.1 mm galaxies GOODS-ALMA 2.0: Starbursts in the main sequence reveal compact star formation regulating galaxy evolution prequenching JWST+ALMA Reveal the Buildup of Stellar Mass in the Cores of Dusty Star-forming Galaxies at Cosmic Noon Measuring the gas reservoirs in 10<SUP>8</SUP> < M<SUB>⋆</SUB> < 10<SUP>11</SUP> M<SUB>⊙</SUB> galaxies at 1 ≤ z ≤ 3 The IR Compactness of Dusty Galaxies Sets Star Formation and Dust Properties at z   0-2 The Physical Properties and Morphologies of Faint Dusty Star-forming Galaxies Identified with JWST The evolution of dust attenuation in z ≈ 2-12 galaxies observed by JWST The gas mass reservoir of quiescent galaxies at cosmic noon The hidden side of cosmic star formation at z > 3. Bridging optically dark and Lyman-break galaxies with GOODS-ALMA The role of stellar mass in the cosmic history of star formation as seen by Herschel and ALMA",Starburst galaxies;Sub-mm Galaxies (SMG)
2019.1.01238.S,uid://A001/X1465/X137f.source.CDFS_31127.spw.23,CDFS_31127,3,53.070583000022644,-27.834461000005376,0.017162746165541566,0.1101651351688669,6205.248,0.010582552578490596,0.5394861931388183,F,Public,2022-08-25T13:14:50.000,87.84808632820977,1.875E9,2,"Molina, Juan",Galaxy evolution,uid://A001/X1465/X137f,"[86.91..88.78GHz,1938.48kHz,539.5uJy/beam@10km/s,21.3uJy/beam@native, XX YY] U [87.91..89.78GHz,1938.48kHz,529.8uJy/beam@10km/s,21.1uJy/beam@native, XX YY] U [97.95..99.83GHz,1938.48kHz,503.8uJy/beam@10km/s,21.1uJy/beam@native, XX YY] U [99.70..101.58GHz,1938.48kHz,499.6uJy/beam@10km/s,21.1uJy/beam@native, XX YY]",The kpc-scale view to the molecular gas content in `typical' star-forming galaxies at z~1.5,,Galaxy structure & evolution;null
2019.1.01238.S,uid://A001/X1465/X137f.source.CDFS_31127.spw.25,CDFS_31127,3,53.070583000022644,-27.834461000005376,0.017162746165541566,0.1101651351688669,6205.248,0.010582552578490596,0.5297954350503644,F,Public,2022-08-25T13:14:50.000,88.84807426926236,1.875E9,2,"Molina, Juan",Galaxy evolution,uid://A001/X1465/X137f,"[86.91..88.78GHz,1938.48kHz,539.5uJy/beam@10km/s,21.3uJy/beam@native, XX YY] U [87.91..89.78GHz,1938.48kHz,529.8uJy/beam@10km/s,21.1uJy/beam@native, XX YY] U [97.95..99.83GHz,1938.48kHz,503.8uJy/beam@10km/s,21.1uJy/beam@native, XX YY] U [99.70..101.58GHz,1938.48kHz,499.6uJy/beam@10km/s,21.1uJy/beam@native, XX YY]",The kpc-scale view to the molecular gas content in `typical' star-forming galaxies at z~1.5,,Galaxy structure & evolution;null
2019.1.01238.S,uid://A001/X1465/X137f.source.CDFS_31127.spw.27,CDFS_31127,3,53.070583000022644,-27.834461000005376,0.017162746165541566,0.1101651351688669,6205.248,0.010582552578490596,0.5038283776172343,F,Public,2022-08-25T13:14:50.000,98.88995434080891,1.875E9,2,"Molina, Juan",Galaxy evolution,uid://A001/X1465/X137f,"[86.91..88.78GHz,1938.48kHz,539.5uJy/beam@10km/s,21.3uJy/beam@native, XX YY] U [87.91..89.78GHz,1938.48kHz,529.8uJy/beam@10km/s,21.1uJy/beam@native, XX YY] U [97.95..99.83GHz,1938.48kHz,503.8uJy/beam@10km/s,21.1uJy/beam@native, XX YY] U [99.70..101.58GHz,1938.48kHz,499.6uJy/beam@10km/s,21.1uJy/beam@native, XX YY]",The kpc-scale view to the molecular gas content in `typical' star-forming galaxies at z~1.5,,Galaxy structure & evolution;null
2019.1.01238.S,uid://A001/X1465/X137f.source.CDFS_31127.spw.29,CDFS_31127,3,53.070583000022644,-27.834461000005376,0.017162746165541566,0.1101651351688669,6205.248,0.010582552578490596,0.4996202930245391,F,Public,2022-08-25T13:14:50.000,100.63993323765094,1.875E9,2,"Molina, Juan",Galaxy evolution,uid://A001/X1465/X137f,"[86.91..88.78GHz,1938.48kHz,539.5uJy/beam@10km/s,21.3uJy/beam@native, XX YY] U [87.91..89.78GHz,1938.48kHz,529.8uJy/beam@10km/s,21.1uJy/beam@native, XX YY] U [97.95..99.83GHz,1938.48kHz,503.8uJy/beam@10km/s,21.1uJy/beam@native, XX YY] U [99.70..101.58GHz,1938.48kHz,499.6uJy/beam@10km/s,21.1uJy/beam@native, XX YY]",The kpc-scale view to the molecular gas content in `typical' star-forming galaxies at z~1.5,,Galaxy structure & evolution;null
2024.1.00638.S,uid://A001/X3788/X722e.source.gs_22514.spw.25,gs_22514,6,53.07316666661003,-27.833138888907005,0.007118403328417516,0.9421653993173192,302.4,0.035477015562975604,1.158822847779047,F,Public,2025-10-24T14:52:47.000,218.8403799385424,1.875E9,2,"Fudamoto, Yoshinobu",Galaxy evolution,uid://A001/X3788/X722e,"[217.91..219.77GHz,7812.01kHz,1.2mJy/beam@10km/s,72.3uJy/beam@native, XX YY] U [219.78..221.65GHz,7812.01kHz,1.2mJy/beam@10km/s,72.4uJy/beam@native, XX YY] U [232.78..234.65GHz,7812.01kHz,1.1mJy/beam@10km/s,69.6uJy/beam@native, XX YY] U [234.68..236.55GHz,7812.01kHz,1.1mJy/beam@10km/s,69.7uJy/beam@native, XX YY]",Toward the Representative [CII] 158um Lines in the Reionization Era,Active galactic nuclei-heated dust revealed in ''little red dots'',Lyman Break Galaxies (LBG);Galaxy structure & evolution
2024.1.00638.S,uid://A001/X3788/X722e.source.gs_22514.spw.27,gs_22514,6,53.07316666661003,-27.833138888907005,0.007118403328417516,0.9421653993173192,302.4,0.035477015562975604,1.1549348426144086,F,Public,2025-10-24T14:52:47.000,220.71545308336266,1.875E9,2,"Fudamoto, Yoshinobu",Galaxy evolution,uid://A001/X3788/X722e,"[217.91..219.77GHz,7812.01kHz,1.2mJy/beam@10km/s,72.3uJy/beam@native, XX YY] U [219.78..221.65GHz,7812.01kHz,1.2mJy/beam@10km/s,72.4uJy/beam@native, XX YY] U [232.78..234.65GHz,7812.01kHz,1.1mJy/beam@10km/s,69.6uJy/beam@native, XX YY] U [234.68..236.55GHz,7812.01kHz,1.1mJy/beam@10km/s,69.7uJy/beam@native, XX YY]",Toward the Representative [CII] 158um Lines in the Reionization Era,Active galactic nuclei-heated dust revealed in ''little red dots'',Lyman Break Galaxies (LBG);Galaxy structure & evolution
2024.1.00638.S,uid://A001/X3788/X722e.source.gs_22514.spw.29,gs_22514,6,53.07316666661003,-27.833138888907005,0.007118403328417516,0.9421653993173192,302.4,0.035477015562975604,1.0795798104020224,F,Public,2025-10-24T14:52:47.000,233.71596022078336,1.875E9,2,"Fudamoto, Yoshinobu",Galaxy evolution,uid://A001/X3788/X722e,"[217.91..219.77GHz,7812.01kHz,1.2mJy/beam@10km/s,72.3uJy/beam@native, XX YY] U [219.78..221.65GHz,7812.01kHz,1.2mJy/beam@10km/s,72.4uJy/beam@native, XX YY] U [232.78..234.65GHz,7812.01kHz,1.1mJy/beam@10km/s,69.6uJy/beam@native, XX YY] U [234.68..236.55GHz,7812.01kHz,1.1mJy/beam@10km/s,69.7uJy/beam@native, XX YY]",Toward the Representative [CII] 158um Lines in the Reionization Era,Active galactic nuclei-heated dust revealed in ''little red dots'',Lyman Break Galaxies (LBG);Galaxy structure & evolution
2024.1.00638.S,uid://A001/X3788/X722e.source.gs_22514.spw.31,gs_22514,6,53.07316666661003,-27.833138888907005,0.007118403328417516,0.9421653993173192,302.4,0.035477015562975604,1.0762792132875783,F,Public,2025-10-24T14:52:47.000,235.61153416532028,1.875E9,2,"Fudamoto, Yoshinobu",Galaxy evolution,uid://A001/X3788/X722e,"[217.91..219.77GHz,7812.01kHz,1.2mJy/beam@10km/s,72.3uJy/beam@native, XX YY] U [219.78..221.65GHz,7812.01kHz,1.2mJy/beam@10km/s,72.4uJy/beam@native, XX YY] U [232.78..234.65GHz,7812.01kHz,1.1mJy/beam@10km/s,69.6uJy/beam@native, XX YY] U [234.68..236.55GHz,7812.01kHz,1.1mJy/beam@10km/s,69.7uJy/beam@native, XX YY]",Toward the Representative [CII] 158um Lines in the Reionization Era,Active galactic nuclei-heated dust revealed in ''little red dots'',Lyman Break Galaxies (LBG);Galaxy structure & evolution
2015.1.00870.S,uid://A001/X2d6/Xc3.source.08433.spw.21,08433,7,53.07104166666157,-27.832488888905743,0.004708887529028199,0.3403917740450978,225.792,0.13081498253897755,3.388476439037514,F,Public,2018-06-29T00:00:00.000,348.5136374696708,2.0E9,2,"Wiklind, Tommy",Active galaxies,uid://A001/X2d6/Xc3,"[335.50..337.52GHz,31250.00kHz,3.6mJy/beam@10km/s,266.4uJy/beam@native, XX YY] U [337.44..339.46GHz,31250.00kHz,3.2mJy/beam@10km/s,239uJy/beam@native, XX YY] U [347.50..349.52GHz,31250.00kHz,3.4mJy/beam@10km/s,258.3uJy/beam@native, XX YY] U [349.50..351.52GHz,31250.00kHz,3.8mJy/beam@10km/s,290.4uJy/beam@native, XX YY]",Evolution of the interstellar gas fraction over cosmic time,A<SUP>3</SUP>COSMOS and A<SUP>3</SUP>GOODSS: Continuum source catalogues and multi-band number counts A<SUP>3</SUP>COSMOS: Measuring the cosmic dust-attenuated star formation rate density at 4 < z < 5 A<SUP>3</SUP>COSMOS: The dust content of massive quiescent galaxies and its evolution with cosmic time Active galactic nuclei-heated dust revealed in ''little red dots'' An optimal ALMA image of the Hubble Ultra Deep Field in the era of JWST: obscured star formation and the cosmic far-infrared background Dust emission from the bulk of galaxies in the Epoch of Reionisation Evolution of the Gas Mass Fraction of Progenitors to Today’s Massive Galaxies: ALMA Observations in the CANDELS GOODS-S Field In situ spheroid formation in distant submillimetre-bright galaxies Passive galaxies in the early Universe: ALMA confirmation of z ̃ 3-5 candidates in the CANDELS GOODS-South field The emergence of passive galaxies in the early Universe,Starburst galaxies;Galaxy structure & evolution
2015.1.00870.S,uid://A001/X2d6/Xc3.source.08433.spw.23,08433,7,53.07104166666157,-27.832488888905743,0.004708887529028199,0.3403917740450978,225.792,0.13081498253897755,3.797813771761891,F,Public,2018-06-29T00:00:00.000,350.5137465886492,2.0E9,2,"Wiklind, Tommy",Active galaxies,uid://A001/X2d6/Xc3,"[335.50..337.52GHz,31250.00kHz,3.6mJy/beam@10km/s,266.4uJy/beam@native, XX YY] U [337.44..339.46GHz,31250.00kHz,3.2mJy/beam@10km/s,239uJy/beam@native, XX YY] U [347.50..349.52GHz,31250.00kHz,3.4mJy/beam@10km/s,258.3uJy/beam@native, XX YY] U [349.50..351.52GHz,31250.00kHz,3.8mJy/beam@10km/s,290.4uJy/beam@native, XX YY]",Evolution of the interstellar gas fraction over cosmic time,A<SUP>3</SUP>COSMOS and A<SUP>3</SUP>GOODSS: Continuum source catalogues and multi-band number counts A<SUP>3</SUP>COSMOS: Measuring the cosmic dust-attenuated star formation rate density at 4 < z < 5 A<SUP>3</SUP>COSMOS: The dust content of massive quiescent galaxies and its evolution with cosmic time Active galactic nuclei-heated dust revealed in ''little red dots'' An optimal ALMA image of the Hubble Ultra Deep Field in the era of JWST: obscured star formation and the cosmic far-infrared background Dust emission from the bulk of galaxies in the Epoch of Reionisation Evolution of the Gas Mass Fraction of Progenitors to Today’s Massive Galaxies: ALMA Observations in the CANDELS GOODS-S Field In situ spheroid formation in distant submillimetre-bright galaxies Passive galaxies in the early Universe: ALMA confirmation of z ̃ 3-5 candidates in the CANDELS GOODS-South field The emergence of passive galaxies in the early Universe,Starburst galaxies;Galaxy structure & evolution
2015.1.00870.S,uid://A001/X2d6/Xc3.source.08433.spw.17,08433,7,53.07104166666157,-27.832488888905743,0.004708887529028199,0.3403917740450978,225.792,0.13081498253897755,3.5557852319964143,F,Public,2018-06-29T00:00:00.000,336.5129827558006,2.0E9,2,"Wiklind, Tommy",Active galaxies,uid://A001/X2d6/Xc3,"[335.50..337.52GHz,31250.00kHz,3.6mJy/beam@10km/s,266.4uJy/beam@native, XX YY] U [337.44..339.46GHz,31250.00kHz,3.2mJy/beam@10km/s,239uJy/beam@native, XX YY] U [347.50..349.52GHz,31250.00kHz,3.4mJy/beam@10km/s,258.3uJy/beam@native, XX YY] U [349.50..351.52GHz,31250.00kHz,3.8mJy/beam@10km/s,290.4uJy/beam@native, XX YY]",Evolution of the interstellar gas fraction over cosmic time,A<SUP>3</SUP>COSMOS and A<SUP>3</SUP>GOODSS: Continuum source catalogues and multi-band number counts A<SUP>3</SUP>COSMOS: Measuring the cosmic dust-attenuated star formation rate density at 4 < z < 5 A<SUP>3</SUP>COSMOS: The dust content of massive quiescent galaxies and its evolution with cosmic time Active galactic nuclei-heated dust revealed in ''little red dots'' An optimal ALMA image of the Hubble Ultra Deep Field in the era of JWST: obscured star formation and the cosmic far-infrared background Dust emission from the bulk of galaxies in the Epoch of Reionisation Evolution of the Gas Mass Fraction of Progenitors to Today’s Massive Galaxies: ALMA Observations in the CANDELS GOODS-S Field In situ spheroid formation in distant submillimetre-bright galaxies Passive galaxies in the early Universe: ALMA confirmation of z ̃ 3-5 candidates in the CANDELS GOODS-South field The emergence of passive galaxies in the early Universe,Starburst galaxies;Galaxy structure & evolution
2015.1.00870.S,uid://A001/X2d6/Xc3.source.08433.spw.19,08433,7,53.07104166666157,-27.832488888905743,0.004708887529028199,0.3403917740450978,225.792,0.13081498253897755,3.181621824106605,F,Public,2018-06-29T00:00:00.000,338.4505884648109,2.0E9,2,"Wiklind, Tommy",Active galaxies,uid://A001/X2d6/Xc3,"[335.50..337.52GHz,31250.00kHz,3.6mJy/beam@10km/s,266.4uJy/beam@native, XX YY] U [337.44..339.46GHz,31250.00kHz,3.2mJy/beam@10km/s,239uJy/beam@native, XX YY] U [347.50..349.52GHz,31250.00kHz,3.4mJy/beam@10km/s,258.3uJy/beam@native, XX YY] U [349.50..351.52GHz,31250.00kHz,3.8mJy/beam@10km/s,290.4uJy/beam@native, XX YY]",Evolution of the interstellar gas fraction over cosmic time,A<SUP>3</SUP>COSMOS and A<SUP>3</SUP>GOODSS: Continuum source catalogues and multi-band number counts A<SUP>3</SUP>COSMOS: Measuring the cosmic dust-attenuated star formation rate density at 4 < z < 5 A<SUP>3</SUP>COSMOS: The dust content of massive quiescent galaxies and its evolution with cosmic time Active galactic nuclei-heated dust revealed in ''little red dots'' An optimal ALMA image of the Hubble Ultra Deep Field in the era of JWST: obscured star formation and the cosmic far-infrared background Dust emission from the bulk of galaxies in the Epoch of Reionisation Evolution of the Gas Mass Fraction of Progenitors to Today’s Massive Galaxies: ALMA Observations in the CANDELS GOODS-S Field In situ spheroid formation in distant submillimetre-bright galaxies Passive galaxies in the early Universe: ALMA confirmation of z ̃ 3-5 candidates in the CANDELS GOODS-South field The emergence of passive galaxies in the early Universe,Starburst galaxies;Galaxy structure & evolution
2015.1.00870.S,uid://A001/X2d6/Xc7.source.8178.spw.17,8178,6,53.07424999997982,-27.833744444461512,0.006941606014957588,0.5399806623443291,393.12,0.06335835075747148,2.0259332552333653,F,Public,2018-06-29T00:00:00.000,224.0128642933672,2.0E9,2,"Wiklind, Tommy",Active galaxies,uid://A001/X2d6/Xc7,"[223.02..225.01GHz,31250.00kHz,2mJy/beam@10km/s,123.8uJy/beam@native, XX YY] U [225.02..227.01GHz,31250.00kHz,1.9mJy/beam@10km/s,118.3uJy/beam@native, XX YY] U [239.02..241.01GHz,31250.00kHz,2mJy/beam@10km/s,129.2uJy/beam@native, XX YY] U [241.02..243.01GHz,31250.00kHz,2.2mJy/beam@10km/s,137.9uJy/beam@native, XX YY]",Evolution of the interstellar gas fraction over cosmic time,A<SUP>3</SUP>COSMOS and A<SUP>3</SUP>GOODSS: Continuum source catalogues and multi-band number counts A<SUP>3</SUP>COSMOS: Measuring the cosmic dust-attenuated star formation rate density at 4 < z < 5 A<SUP>3</SUP>COSMOS: The dust content of massive quiescent galaxies and its evolution with cosmic time Active galactic nuclei-heated dust revealed in ''little red dots'' An optimal ALMA image of the Hubble Ultra Deep Field in the era of JWST: obscured star formation and the cosmic far-infrared background Dust emission from the bulk of galaxies in the Epoch of Reionisation Evolution of the Gas Mass Fraction of Progenitors to Today’s Massive Galaxies: ALMA Observations in the CANDELS GOODS-S Field In situ spheroid formation in distant submillimetre-bright galaxies Passive galaxies in the early Universe: ALMA confirmation of z ̃ 3-5 candidates in the CANDELS GOODS-South field The emergence of passive galaxies in the early Universe,Starburst galaxies;Galaxy structure & evolution
2015.1.00870.S,uid://A001/X2d6/Xc7.source.8178.spw.19,8178,6,53.07424999997982,-27.833744444461512,0.006941606014957588,0.5399806623443291,393.12,0.06335835075747148,1.9275804285667995,F,Public,2018-06-29T00:00:00.000,226.01297914736404,2.0E9,2,"Wiklind, Tommy",Active galaxies,uid://A001/X2d6/Xc7,"[223.02..225.01GHz,31250.00kHz,2mJy/beam@10km/s,123.8uJy/beam@native, XX YY] U [225.02..227.01GHz,31250.00kHz,1.9mJy/beam@10km/s,118.3uJy/beam@native, XX YY] U [239.02..241.01GHz,31250.00kHz,2mJy/beam@10km/s,129.2uJy/beam@native, XX YY] U [241.02..243.01GHz,31250.00kHz,2.2mJy/beam@10km/s,137.9uJy/beam@native, XX YY]",Evolution of the interstellar gas fraction over cosmic time,A<SUP>3</SUP>COSMOS and A<SUP>3</SUP>GOODSS: Continuum source catalogues and multi-band number counts A<SUP>3</SUP>COSMOS: Measuring the cosmic dust-attenuated star formation rate density at 4 < z < 5 A<SUP>3</SUP>COSMOS: The dust content of massive quiescent galaxies and its evolution with cosmic time Active galactic nuclei-heated dust revealed in ''little red dots'' An optimal ALMA image of the Hubble Ultra Deep Field in the era of JWST: obscured star formation and the cosmic far-infrared background Dust emission from the bulk of galaxies in the Epoch of Reionisation Evolution of the Gas Mass Fraction of Progenitors to Today’s Massive Galaxies: ALMA Observations in the CANDELS GOODS-S Field In situ spheroid formation in distant submillimetre-bright galaxies Passive galaxies in the early Universe: ALMA confirmation of z ̃ 3-5 candidates in the CANDELS GOODS-South field The emergence of passive galaxies in the early Universe,Starburst galaxies;Galaxy structure & evolution
2015.1.00870.S,uid://A001/X2d6/Xc7.source.8178.spw.21,8178,6,53.07424999997982,-27.833744444461512,0.006941606014957588,0.5399806623443291,393.12,0.06335835075747148,2.041749022655133,F,Public,2018-06-29T00:00:00.000,240.01378312554164,2.0E9,2,"Wiklind, Tommy",Active galaxies,uid://A001/X2d6/Xc7,"[223.02..225.01GHz,31250.00kHz,2mJy/beam@10km/s,123.8uJy/beam@native, XX YY] U [225.02..227.01GHz,31250.00kHz,1.9mJy/beam@10km/s,118.3uJy/beam@native, XX YY] U [239.02..241.01GHz,31250.00kHz,2mJy/beam@10km/s,129.2uJy/beam@native, XX YY] U [241.02..243.01GHz,31250.00kHz,2.2mJy/beam@10km/s,137.9uJy/beam@native, XX YY]",Evolution of the interstellar gas fraction over cosmic time,A<SUP>3</SUP>COSMOS and A<SUP>3</SUP>GOODSS: Continuum source catalogues and multi-band number counts A<SUP>3</SUP>COSMOS: Measuring the cosmic dust-attenuated star formation rate density at 4 < z < 5 A<SUP>3</SUP>COSMOS: The dust content of massive quiescent galaxies and its evolution with cosmic time Active galactic nuclei-heated dust revealed in ''little red dots'' An optimal ALMA image of the Hubble Ultra Deep Field in the era of JWST: obscured star formation and the cosmic far-infrared background Dust emission from the bulk of galaxies in the Epoch of Reionisation Evolution of the Gas Mass Fraction of Progenitors to Today’s Massive Galaxies: ALMA Observations in the CANDELS GOODS-S Field In situ spheroid formation in distant submillimetre-bright galaxies Passive galaxies in the early Universe: ALMA confirmation of z ̃ 3-5 candidates in the CANDELS GOODS-South field The emergence of passive galaxies in the early Universe,Starburst galaxies;Galaxy structure & evolution
2015.1.00870.S,uid://A001/X2d6/Xc7.source.8178.spw.23,8178,6,53.07424999997982,-27.833744444461512,0.006941606014957588,0.5399806623443291,393.12,0.06335835075747148,2.17079167084766,F,Public,2018-06-29T00:00:00.000,242.01389797933848,2.0E9,2,"Wiklind, Tommy",Active galaxies,uid://A001/X2d6/Xc7,"[223.02..225.01GHz,31250.00kHz,2mJy/beam@10km/s,123.8uJy/beam@native, XX YY] U [225.02..227.01GHz,31250.00kHz,1.9mJy/beam@10km/s,118.3uJy/beam@native, XX YY] U [239.02..241.01GHz,31250.00kHz,2mJy/beam@10km/s,129.2uJy/beam@native, XX YY] U [241.02..243.01GHz,31250.00kHz,2.2mJy/beam@10km/s,137.9uJy/beam@native, XX YY]",Evolution of the interstellar gas fraction over cosmic time,A<SUP>3</SUP>COSMOS and A<SUP>3</SUP>GOODSS: Continuum source catalogues and multi-band number counts A<SUP>3</SUP>COSMOS: Measuring the cosmic dust-attenuated star formation rate density at 4 < z < 5 A<SUP>3</SUP>COSMOS: The dust content of massive quiescent galaxies and its evolution with cosmic time Active galactic nuclei-heated dust revealed in ''little red dots'' An optimal ALMA image of the Hubble Ultra Deep Field in the era of JWST: obscured star formation and the cosmic far-infrared background Dust emission from the bulk of galaxies in the Epoch of Reionisation Evolution of the Gas Mass Fraction of Progenitors to Today’s Massive Galaxies: ALMA Observations in the CANDELS GOODS-S Field In situ spheroid formation in distant submillimetre-bright galaxies Passive galaxies in the early Universe: ALMA confirmation of z ̃ 3-5 candidates in the CANDELS GOODS-South field The emergence of passive galaxies in the early Universe,Starburst galaxies;Galaxy structure & evolution
2017.1.00138.S,uid://A001/X1288/X647.source.CANDELS_-_GOODS_South.spw.29,CANDELS_-_GOODS_South,3,53.11983108977685,-27.807152863263294,0.15227789470062306,0.5382906046197884,231.142,0.10149617629131517,4.750271387991314,T,Public,2020-01-02T21:46:11.000,100.88751866947152,1.875E9,2,"Decarli, Roberto",Galaxy evolution,uid://A001/X1288/X647,"[87.95..89.82GHz,1128.91kHz,5mJy/beam@10km/s,200.7uJy/beam@native, XX YY] U [89.83..91.70GHz,1128.91kHz,5mJy/beam@10km/s,200.8uJy/beam@native, XX YY] U [99.95..101.82GHz,1128.91kHz,4.8mJy/beam@10km/s,201.2uJy/beam@native, XX YY] U [101.83..103.70GHz,1128.91kHz,4.9mJy/beam@10km/s,209.6uJy/beam@native, XX YY]",Wide ASPECS: Bridging the gap between targeted observations and molecular deep fields,A dual AGN at z = 5.4 associated with a Lyman-alpha nebula in the centre of a cosmic filament A<SUP>3</SUP>COSMOS and A<SUP>3</SUP>GOODSS: Continuum source catalogues and multi-band number counts A<SUP>3</SUP>COSMOS: Measuring the cosmic dust-attenuated star formation rate density at 4 < z < 5 A<SUP>3</SUP>COSMOS: The dust content of massive quiescent galaxies and its evolution with cosmic time Colour jumps across the spiral arms of Hubble Ultra Deep Field galaxies,Galaxy structure & evolution;null
2017.1.00138.S,uid://A001/X1288/X647.source.CANDELS_-_GOODS_South.spw.31,CANDELS_-_GOODS_South,3,53.11983108977685,-27.807152863263294,0.15227789470062306,0.5382906046197884,231.142,0.10149617629131517,4.901342506356317,T,Public,2020-01-02T21:46:11.000,102.76251901468098,1.875E9,2,"Decarli, Roberto",Galaxy evolution,uid://A001/X1288/X647,"[87.95..89.82GHz,1128.91kHz,5mJy/beam@10km/s,200.7uJy/beam@native, XX YY] U [89.83..91.70GHz,1128.91kHz,5mJy/beam@10km/s,200.8uJy/beam@native, XX YY] U [99.95..101.82GHz,1128.91kHz,4.8mJy/beam@10km/s,201.2uJy/beam@native, XX YY] U [101.83..103.70GHz,1128.91kHz,4.9mJy/beam@10km/s,209.6uJy/beam@native, XX YY]",Wide ASPECS: Bridging the gap between targeted observations and molecular deep fields,A dual AGN at z = 5.4 associated with a Lyman-alpha nebula in the centre of a cosmic filament A<SUP>3</SUP>COSMOS and A<SUP>3</SUP>GOODSS: Continuum source catalogues and multi-band number counts A<SUP>3</SUP>COSMOS: Measuring the cosmic dust-attenuated star formation rate density at 4 < z < 5 A<SUP>3</SUP>COSMOS: The dust content of massive quiescent galaxies and its evolution with cosmic time Colour jumps across the spiral arms of Hubble Ultra Deep Field galaxies,Galaxy structure & evolution;null
2017.1.00138.S,uid://A001/X1288/X647.source.CANDELS_-_GOODS_South.spw.27,CANDELS_-_GOODS_South,3,53.11983108977685,-27.807152863263294,0.15227789470062306,0.5382906046197884,231.142,0.10149617629131517,4.997567256375858,T,Public,2020-01-02T21:46:11.000,90.7624271263577,1.875E9,2,"Decarli, Roberto",Galaxy evolution,uid://A001/X1288/X647,"[87.95..89.82GHz,1128.91kHz,5mJy/beam@10km/s,200.7uJy/beam@native, XX YY] U [89.83..91.70GHz,1128.91kHz,5mJy/beam@10km/s,200.8uJy/beam@native, XX YY] U [99.95..101.82GHz,1128.91kHz,4.8mJy/beam@10km/s,201.2uJy/beam@native, XX YY] U [101.83..103.70GHz,1128.91kHz,4.9mJy/beam@10km/s,209.6uJy/beam@native, XX YY]",Wide ASPECS: Bridging the gap between targeted observations and molecular deep fields,A dual AGN at z = 5.4 associated with a Lyman-alpha nebula in the centre of a cosmic filament A<SUP>3</SUP>COSMOS and A<SUP>3</SUP>GOODSS: Continuum source catalogues and multi-band number counts A<SUP>3</SUP>COSMOS: Measuring the cosmic dust-attenuated star formation rate density at 4 < z < 5 A<SUP>3</SUP>COSMOS: The dust content of massive quiescent galaxies and its evolution with cosmic time Colour jumps across the spiral arms of Hubble Ultra Deep Field galaxies,Galaxy structure & evolution;null
2017.1.00138.S,uid://A001/X1288/X647.source.CANDELS_-_GOODS_South.spw.25,CANDELS_-_GOODS_South,3,53.11983108977685,-27.807152863263294,0.15227789470062306,0.5382906046197884,231.142,0.10149617629131517,5.048129503132714,T,Public,2020-01-02T21:46:11.000,88.88759516685445,1.875E9,2,"Decarli, Roberto",Galaxy evolution,uid://A001/X1288/X647,"[87.95..89.82GHz,1128.91kHz,5mJy/beam@10km/s,200.7uJy/beam@native, XX YY] U [89.83..91.70GHz,1128.91kHz,5mJy/beam@10km/s,200.8uJy/beam@native, XX YY] U [99.95..101.82GHz,1128.91kHz,4.8mJy/beam@10km/s,201.2uJy/beam@native, XX YY] U [101.83..103.70GHz,1128.91kHz,4.9mJy/beam@10km/s,209.6uJy/beam@native, XX YY]",Wide ASPECS: Bridging the gap between targeted observations and molecular deep fields,A dual AGN at z = 5.4 associated with a Lyman-alpha nebula in the centre of a cosmic filament A<SUP>3</SUP>COSMOS and A<SUP>3</SUP>GOODSS: Continuum source catalogues and multi-band number counts A<SUP>3</SUP>COSMOS: Measuring the cosmic dust-attenuated star formation rate density at 4 < z < 5 A<SUP>3</SUP>COSMOS: The dust content of massive quiescent galaxies and its evolution with cosmic time Colour jumps across the spiral arms of Hubble Ultra Deep Field galaxies,Galaxy structure & evolution;null
2017.1.00138.S,uid://A001/X1288/X64b.source.CANDELS_-_GOODS_South.spw.29,CANDELS_-_GOODS_South,3,53.11983108979202,-27.807152863261656,0.15164221725638916,0.9950415964308414,305.004,0.12161782073531942,5.586725839175248,T,Public,2020-07-09T00:00:00.000,104.63751386514355,1.875E9,2,"Decarli, Roberto",Galaxy evolution,uid://A001/X1288/X64b,"[91.70..93.57GHz,1128.91kHz,6mJy/beam@10km/s,243.5uJy/beam@native, XX YY] U [93.58..95.45GHz,1128.91kHz,5.9mJy/beam@10km/s,242.4uJy/beam@native, XX YY] U [103.70..105.57GHz,1128.91kHz,5.6mJy/beam@10km/s,241uJy/beam@native, XX YY] U [105.58..107.45GHz,1128.91kHz,5.7mJy/beam@10km/s,246.1uJy/beam@native, XX YY]",Wide ASPECS: Bridging the gap between targeted observations and molecular deep fields,A dual AGN at z = 5.4 associated with a Lyman-alpha nebula in the centre of a cosmic filament A<SUP>3</SUP>COSMOS and A<SUP>3</SUP>GOODSS: Continuum source catalogues and multi-band number counts A<SUP>3</SUP>COSMOS: Measuring the cosmic dust-attenuated star formation rate density at 4 < z < 5 A<SUP>3</SUP>COSMOS: The dust content of massive quiescent galaxies and its evolution with cosmic time Colour jumps across the spiral arms of Hubble Ultra Deep Field galaxies,Galaxy structure & evolution;null
2017.1.00138.S,uid://A001/X1288/X64b.source.CANDELS_-_GOODS_South.spw.27,CANDELS_-_GOODS_South,3,53.11983108979202,-27.807152863261656,0.15164221725638916,0.9950415964308414,305.004,0.12161782073531942,5.911436914531872,T,Public,2020-07-09T00:00:00.000,94.51251253247732,1.875E9,2,"Decarli, Roberto",Galaxy evolution,uid://A001/X1288/X64b,"[91.70..93.57GHz,1128.91kHz,6mJy/beam@10km/s,243.5uJy/beam@native, XX YY] U [93.58..95.45GHz,1128.91kHz,5.9mJy/beam@10km/s,242.4uJy/beam@native, XX YY] U [103.70..105.57GHz,1128.91kHz,5.6mJy/beam@10km/s,241uJy/beam@native, XX YY] U [105.58..107.45GHz,1128.91kHz,5.7mJy/beam@10km/s,246.1uJy/beam@native, XX YY]",Wide ASPECS: Bridging the gap between targeted observations and molecular deep fields,A dual AGN at z = 5.4 associated with a Lyman-alpha nebula in the centre of a cosmic filament A<SUP>3</SUP>COSMOS and A<SUP>3</SUP>GOODSS: Continuum source catalogues and multi-band number counts A<SUP>3</SUP>COSMOS: Measuring the cosmic dust-attenuated star formation rate density at 4 < z < 5 A<SUP>3</SUP>COSMOS: The dust content of massive quiescent galaxies and its evolution with cosmic time Colour jumps across the spiral arms of Hubble Ultra Deep Field galaxies,Galaxy structure & evolution;null
2017.1.00138.S,uid://A001/X1288/X64b.source.CANDELS_-_GOODS_South.spw.31,CANDELS_-_GOODS_South,3,53.11983108979202,-27.807152863261656,0.15164221725638916,0.9950415964308414,305.004,0.12161782073531942,5.653110827119093,T,Public,2020-07-09T00:00:00.000,106.51251411190765,1.875E9,2,"Decarli, Roberto",Galaxy evolution,uid://A001/X1288/X64b,"[91.70..93.57GHz,1128.91kHz,6mJy/beam@10km/s,243.5uJy/beam@native, XX YY] U [93.58..95.45GHz,1128.91kHz,5.9mJy/beam@10km/s,242.4uJy/beam@native, XX YY] U [103.70..105.57GHz,1128.91kHz,5.6mJy/beam@10km/s,241uJy/beam@native, XX YY] U [105.58..107.45GHz,1128.91kHz,5.7mJy/beam@10km/s,246.1uJy/beam@native, XX YY]",Wide ASPECS: Bridging the gap between targeted observations and molecular deep fields,A dual AGN at z = 5.4 associated with a Lyman-alpha nebula in the centre of a cosmic filament A<SUP>3</SUP>COSMOS and A<SUP>3</SUP>GOODSS: Continuum source catalogues and multi-band number counts A<SUP>3</SUP>COSMOS: Measuring the cosmic dust-attenuated star formation rate density at 4 < z < 5 A<SUP>3</SUP>COSMOS: The dust content of massive quiescent galaxies and its evolution with cosmic time Colour jumps across the spiral arms of Hubble Ultra Deep Field galaxies,Galaxy structure & evolution;null
2017.1.00138.S,uid://A001/X1288/X64b.source.CANDELS_-_GOODS_South.spw.25,CANDELS_-_GOODS_South,3,53.11983108979202,-27.807152863261656,0.15164221725638916,0.9950415964308414,305.004,0.12161782073531942,5.998362047376231,T,Public,2020-07-09T00:00:00.000,92.63751228573321,1.875E9,2,"Decarli, Roberto",Galaxy evolution,uid://A001/X1288/X64b,"[91.70..93.57GHz,1128.91kHz,6mJy/beam@10km/s,243.5uJy/beam@native, XX YY] U [93.58..95.45GHz,1128.91kHz,5.9mJy/beam@10km/s,242.4uJy/beam@native, XX YY] U [103.70..105.57GHz,1128.91kHz,5.6mJy/beam@10km/s,241uJy/beam@native, XX YY] U [105.58..107.45GHz,1128.91kHz,5.7mJy/beam@10km/s,246.1uJy/beam@native, XX YY]",Wide ASPECS: Bridging the gap between targeted observations and molecular deep fields,A dual AGN at z = 5.4 associated with a Lyman-alpha nebula in the centre of a cosmic filament A<SUP>3</SUP>COSMOS and A<SUP>3</SUP>GOODSS: Continuum source catalogues and multi-band number counts A<SUP>3</SUP>COSMOS: Measuring the cosmic dust-attenuated star formation rate density at 4 < z < 5 A<SUP>3</SUP>COSMOS: The dust content of massive quiescent galaxies and its evolution with cosmic time Colour jumps across the spiral arms of Hubble Ultra Deep Field galaxies,Galaxy structure & evolution;null
2017.1.00138.S,uid://A001/X1288/X643.source.CANDELS_-_GOODS_South.spw.31,CANDELS_-_GOODS_South,3,53.11983108977827,-27.80715286326232,0.1529643849791638,0.5790171888021639,245.739,0.1022600779927523,5.03476580487952,T,Public,2019-10-26T09:07:43.000,99.01805519298264,1.875E9,2,"Decarli, Roberto",Galaxy evolution,uid://A001/X1288/X643,"[84.21..86.08GHz,1128.91kHz,5.2mJy/beam@10km/s,202.2uJy/beam@native, XX YY] U [86.08..87.95GHz,1128.91kHz,5.1mJy/beam@10km/s,202.3uJy/beam@native, XX YY] U [96.21..98.08GHz,1128.91kHz,4.9mJy/beam@10km/s,202.7uJy/beam@native, XX YY] U [98.08..99.96GHz,1128.91kHz,5mJy/beam@10km/s,211.3uJy/beam@native, XX YY]",Wide ASPECS: Bridging the gap between targeted observations and molecular deep fields,A dual AGN at z = 5.4 associated with a Lyman-alpha nebula in the centre of a cosmic filament A<SUP>3</SUP>COSMOS and A<SUP>3</SUP>GOODSS: Continuum source catalogues and multi-band number counts A<SUP>3</SUP>COSMOS: Measuring the cosmic dust-attenuated star formation rate density at 4 < z < 5 A<SUP>3</SUP>COSMOS: The dust content of massive quiescent galaxies and its evolution with cosmic time Colour jumps across the spiral arms of Hubble Ultra Deep Field galaxies,Galaxy structure & evolution;null
2017.1.00138.S,uid://A001/X1288/X643.source.CANDELS_-_GOODS_South.spw.25,CANDELS_-_GOODS_South,3,53.11983108977827,-27.80715286326232,0.1529643849791638,0.5790171888021639,245.739,0.1022600779927523,5.195710150411847,T,Public,2019-10-26T09:07:43.000,85.14227666217258,1.875E9,2,"Decarli, Roberto",Galaxy evolution,uid://A001/X1288/X643,"[84.21..86.08GHz,1128.91kHz,5.2mJy/beam@10km/s,202.2uJy/beam@native, XX YY] U [86.08..87.95GHz,1128.91kHz,5.1mJy/beam@10km/s,202.3uJy/beam@native, XX YY] U [96.21..98.08GHz,1128.91kHz,4.9mJy/beam@10km/s,202.7uJy/beam@native, XX YY] U [98.08..99.96GHz,1128.91kHz,5mJy/beam@10km/s,211.3uJy/beam@native, XX YY]",Wide ASPECS: Bridging the gap between targeted observations and molecular deep fields,A dual AGN at z = 5.4 associated with a Lyman-alpha nebula in the centre of a cosmic filament A<SUP>3</SUP>COSMOS and A<SUP>3</SUP>GOODSS: Continuum source catalogues and multi-band number counts A<SUP>3</SUP>COSMOS: Measuring the cosmic dust-attenuated star formation rate density at 4 < z < 5 A<SUP>3</SUP>COSMOS: The dust content of massive quiescent galaxies and its evolution with cosmic time Colour jumps across the spiral arms of Hubble Ultra Deep Field galaxies,Galaxy structure & evolution;null
2017.1.00138.S,uid://A001/X1288/X643.source.CANDELS_-_GOODS_South.spw.27,CANDELS_-_GOODS_South,3,53.11983108977827,-27.80715286326232,0.1529643849791638,0.5790171888021639,245.739,0.1022600779927523,5.141247314972888,T,Public,2019-10-26T09:07:43.000,87.01738186901584,1.875E9,2,"Decarli, Roberto",Galaxy evolution,uid://A001/X1288/X643,"[84.21..86.08GHz,1128.91kHz,5.2mJy/beam@10km/s,202.2uJy/beam@native, XX YY] U [86.08..87.95GHz,1128.91kHz,5.1mJy/beam@10km/s,202.3uJy/beam@native, XX YY] U [96.21..98.08GHz,1128.91kHz,4.9mJy/beam@10km/s,202.7uJy/beam@native, XX YY] U [98.08..99.96GHz,1128.91kHz,5mJy/beam@10km/s,211.3uJy/beam@native, XX YY]",Wide ASPECS: Bridging the gap between targeted observations and molecular deep fields,A dual AGN at z = 5.4 associated with a Lyman-alpha nebula in the centre of a cosmic filament A<SUP>3</SUP>COSMOS and A<SUP>3</SUP>GOODSS: Continuum source catalogues and multi-band number counts A<SUP>3</SUP>COSMOS: Measuring the cosmic dust-attenuated star formation rate density at 4 < z < 5 A<SUP>3</SUP>COSMOS: The dust content of massive quiescent galaxies and its evolution with cosmic time Colour jumps across the spiral arms of Hubble Ultra Deep Field galaxies,Galaxy structure & evolution;null
2017.1.00138.S,uid://A001/X1288/X643.source.CANDELS_-_GOODS_South.spw.29,CANDELS_-_GOODS_South,3,53.11983108977827,-27.80715286326232,0.1529643849791638,0.5790171888021639,245.739,0.1022600779927523,4.875904110915852,T,Public,2019-10-26T09:07:43.000,97.14296021784918,1.875E9,2,"Decarli, Roberto",Galaxy evolution,uid://A001/X1288/X643,"[84.21..86.08GHz,1128.91kHz,5.2mJy/beam@10km/s,202.2uJy/beam@native, XX YY] U [86.08..87.95GHz,1128.91kHz,5.1mJy/beam@10km/s,202.3uJy/beam@native, XX YY] U [96.21..98.08GHz,1128.91kHz,4.9mJy/beam@10km/s,202.7uJy/beam@native, XX YY] U [98.08..99.96GHz,1128.91kHz,5mJy/beam@10km/s,211.3uJy/beam@native, XX YY]",Wide ASPECS: Bridging the gap between targeted observations and molecular deep fields,A dual AGN at z = 5.4 associated with a Lyman-alpha nebula in the centre of a cosmic filament A<SUP>3</SUP>COSMOS and A<SUP>3</SUP>GOODSS: Continuum source catalogues and multi-band number counts A<SUP>3</SUP>COSMOS: Measuring the cosmic dust-attenuated star formation rate density at 4 < z < 5 A<SUP>3</SUP>COSMOS: The dust content of massive quiescent galaxies and its evolution with cosmic time Colour jumps across the spiral arms of Hubble Ultra Deep Field galaxies,Galaxy structure & evolution;null
2015.1.00543.S,uid://A001/X2fb/X20d.source.GOODS-S.spw.19,GOODS-S,6,53.05443096910737,-27.826289306512724,0.121385052618525,0.1561689453477715,68.93,0.17627564765891826,4.834433604830717,T,Public,2017-11-03T17:13:17.000,257.89777051415786,2.0E9,2,"Elbaz, David",Galaxy evolution,uid://A001/X2fb/X20d,"[254.90..256.89GHz,31250.00kHz,5.1mJy/beam@10km/s,335.6uJy/beam@native, XX YY] U [256.90..258.89GHz,31250.00kHz,4.8mJy/beam@10km/s,317.1uJy/beam@native, XX YY] U [270.90..272.89GHz,31250.00kHz,5.4mJy/beam@10km/s,360.5uJy/beam@native, XX YY] U [272.90..274.89GHz,31250.00kHz,6.2mJy/beam@10km/s,420.4uJy/beam@native, XX YY]",Towards a census of star-formation since z~6 with ALMA-1.1mm,"A dual AGN at z = 5.4 associated with a Lyman-alpha nebula in the centre of a cosmic filament A<SUP>3</SUP>COSMOS and A<SUP>3</SUP>GOODSS: Continuum source catalogues and multi-band number counts A<SUP>3</SUP>COSMOS: Measuring the cosmic dust-attenuated star formation rate density at 4 < z < 5 A<SUP>3</SUP>COSMOS: The dust content of massive quiescent galaxies and its evolution with cosmic time ALMA 26 arcmin<SUP>2</SUP> Survey of GOODS-S at 1 mm (ASAGAO): Near-infrared-dark Faint ALMA Sources ALMA twenty-six arcmin<SUP>2</SUP> survey of GOODS-S at one millimeter (ASAGAO): Millimeter properties of stellar mass selected galaxies ALMA twenty-six arcmin<SUP>2</SUP> survey of GOODS-S at one millimeter (ASAGAO): Source catalog and number counts Active galactic nuclei-heated dust revealed in ''little red dots'' An Analysis of ALMA Deep Fields and the Perceived Dearth of High-z Galaxies An optimal ALMA image of the Hubble Ultra Deep Field in the era of JWST: obscured star formation and the cosmic far-infrared background Carbonaceous dust grains seen in the first billion years of cosmic time Colour jumps across the spiral arms of Hubble Ultra Deep Field galaxies Dust emission from the bulk of galaxies in the Epoch of Reionisation GOODS-ALMA 2.0: Last gigayear star formation histories of the so-called starbursts within the main sequence GOODS-ALMA 2.0: Source catalog, number counts, and prevailing compact sizes in 1.1 mm galaxies GOODS-ALMA 2.0: Starbursts in the main sequence reveal compact star formation regulating galaxy evolution prequenching GOODS-ALMA: 1.1 mm galaxy survey. I. Source catalog and optically dark galaxies GOODS-ALMA: Optically dark ALMA galaxies shed light on a cluster in formation at z = 3.5 GOODS-ALMA: The slow downfall of star formation in z = 2-3 massive galaxies GOODS-ALMA: Using IRAC and VLA to probe fainter millimeter galaxies JWST+ALMA Reveal the Buildup of Stellar Mass in the Cores of Dusty Star-forming Galaxies at Cosmic Noon Measuring the gas reservoirs in 10<SUP>8</SUP> < M<SUB>⋆</SUB> < 10<SUP>11</SUP> M<SUB>⊙</SUB> galaxies at 1 ≤ z ≤ 3 Passive galaxies in the early Universe: ALMA confirmation of z ̃ 3-5 candidates in the CANDELS GOODS-South field The Galaxies Missed by Hubble and ALMA: The Contribution of Extremely Red Galaxies to the Cosmic Census at 3 < z < 8 The IR Compactness of Dusty Galaxies Sets Star Formation and Dust Properties at z   0-2 The Physical Properties and Morphologies of Faint Dusty Star-forming Galaxies Identified with JWST The emergence of passive galaxies in the early Universe The evolution of dust attenuation in z ≈ 2-12 galaxies observed by JWST The gas mass reservoir of quiescent galaxies at cosmic noon The hidden side of cosmic star formation at z > 3. Bridging optically dark and Lyman-break galaxies with GOODS-ALMA The role of stellar mass in the cosmic history of star formation as seen by Herschel and ALMA Unveiling the nature of 11 dusty star-forming galaxies at the peak of cosmic star formation history",Sub-mm Galaxies (SMG);null
2015.1.00543.S,uid://A001/X2fb/X20d.source.GOODS-S.spw.21,GOODS-S,6,53.05443096910737,-27.826289306512724,0.121385052618525,0.1561689453477715,68.93,0.17627564765891826,5.352713568723159,T,Public,2017-11-03T17:13:17.000,271.8976493228057,2.0E9,2,"Elbaz, David",Galaxy evolution,uid://A001/X2fb/X20d,"[254.90..256.89GHz,31250.00kHz,5.1mJy/beam@10km/s,335.6uJy/beam@native, XX YY] U [256.90..258.89GHz,31250.00kHz,4.8mJy/beam@10km/s,317.1uJy/beam@native, XX YY] U [270.90..272.89GHz,31250.00kHz,5.4mJy/beam@10km/s,360.5uJy/beam@native, XX YY] U [272.90..274.89GHz,31250.00kHz,6.2mJy/beam@10km/s,420.4uJy/beam@native, XX YY]",Towards a census of star-formation since z~6 with ALMA-1.1mm,"A dual AGN at z = 5.4 associated with a Lyman-alpha nebula in the centre of a cosmic filament A<SUP>3</SUP>COSMOS and A<SUP>3</SUP>GOODSS: Continuum source catalogues and multi-band number counts A<SUP>3</SUP>COSMOS: Measuring the cosmic dust-attenuated star formation rate density at 4 < z < 5 A<SUP>3</SUP>COSMOS: The dust content of massive quiescent galaxies and its evolution with cosmic time ALMA 26 arcmin<SUP>2</SUP> Survey of GOODS-S at 1 mm (ASAGAO): Near-infrared-dark Faint ALMA Sources ALMA twenty-six arcmin<SUP>2</SUP> survey of GOODS-S at one millimeter (ASAGAO): Millimeter properties of stellar mass selected galaxies ALMA twenty-six arcmin<SUP>2</SUP> survey of GOODS-S at one millimeter (ASAGAO): Source catalog and number counts Active galactic nuclei-heated dust revealed in ''little red dots'' An Analysis of ALMA Deep Fields and the Perceived Dearth of High-z Galaxies An optimal ALMA image of the Hubble Ultra Deep Field in the era of JWST: obscured star formation and the cosmic far-infrared background Carbonaceous dust grains seen in the first billion years of cosmic time Colour jumps across the spiral arms of Hubble Ultra Deep Field galaxies Dust emission from the bulk of galaxies in the Epoch of Reionisation GOODS-ALMA 2.0: Last gigayear star formation histories of the so-called starbursts within the main sequence GOODS-ALMA 2.0: Source catalog, number counts, and prevailing compact sizes in 1.1 mm galaxies GOODS-ALMA 2.0: Starbursts in the main sequence reveal compact star formation regulating galaxy evolution prequenching GOODS-ALMA: 1.1 mm galaxy survey. I. Source catalog and optically dark galaxies GOODS-ALMA: Optically dark ALMA galaxies shed light on a cluster in formation at z = 3.5 GOODS-ALMA: The slow downfall of star formation in z = 2-3 massive galaxies GOODS-ALMA: Using IRAC and VLA to probe fainter millimeter galaxies JWST+ALMA Reveal the Buildup of Stellar Mass in the Cores of Dusty Star-forming Galaxies at Cosmic Noon Measuring the gas reservoirs in 10<SUP>8</SUP> < M<SUB>⋆</SUB> < 10<SUP>11</SUP> M<SUB>⊙</SUB> galaxies at 1 ≤ z ≤ 3 Passive galaxies in the early Universe: ALMA confirmation of z ̃ 3-5 candidates in the CANDELS GOODS-South field The Galaxies Missed by Hubble and ALMA: The Contribution of Extremely Red Galaxies to the Cosmic Census at 3 < z < 8 The IR Compactness of Dusty Galaxies Sets Star Formation and Dust Properties at z   0-2 The Physical Properties and Morphologies of Faint Dusty Star-forming Galaxies Identified with JWST The emergence of passive galaxies in the early Universe The evolution of dust attenuation in z ≈ 2-12 galaxies observed by JWST The gas mass reservoir of quiescent galaxies at cosmic noon The hidden side of cosmic star formation at z > 3. Bridging optically dark and Lyman-break galaxies with GOODS-ALMA The role of stellar mass in the cosmic history of star formation as seen by Herschel and ALMA Unveiling the nature of 11 dusty star-forming galaxies at the peak of cosmic star formation history",Sub-mm Galaxies (SMG);null
2015.1.00543.S,uid://A001/X2fb/X20d.source.GOODS-S.spw.23,GOODS-S,6,53.05443096910737,-27.826289306512724,0.121385052618525,0.1561689453477715,68.93,0.17627564765891826,6.2194250095654535,T,Public,2017-11-03T17:13:17.000,273.8976320095269,2.0E9,2,"Elbaz, David",Galaxy evolution,uid://A001/X2fb/X20d,"[254.90..256.89GHz,31250.00kHz,5.1mJy/beam@10km/s,335.6uJy/beam@native, XX YY] U [256.90..258.89GHz,31250.00kHz,4.8mJy/beam@10km/s,317.1uJy/beam@native, XX YY] U [270.90..272.89GHz,31250.00kHz,5.4mJy/beam@10km/s,360.5uJy/beam@native, XX YY] U [272.90..274.89GHz,31250.00kHz,6.2mJy/beam@10km/s,420.4uJy/beam@native, XX YY]",Towards a census of star-formation since z~6 with ALMA-1.1mm,"A dual AGN at z = 5.4 associated with a Lyman-alpha nebula in the centre of a cosmic filament A<SUP>3</SUP>COSMOS and A<SUP>3</SUP>GOODSS: Continuum source catalogues and multi-band number counts A<SUP>3</SUP>COSMOS: Measuring the cosmic dust-attenuated star formation rate density at 4 < z < 5 A<SUP>3</SUP>COSMOS: The dust content of massive quiescent galaxies and its evolution with cosmic time ALMA 26 arcmin<SUP>2</SUP> Survey of GOODS-S at 1 mm (ASAGAO): Near-infrared-dark Faint ALMA Sources ALMA twenty-six arcmin<SUP>2</SUP> survey of GOODS-S at one millimeter (ASAGAO): Millimeter properties of stellar mass selected galaxies ALMA twenty-six arcmin<SUP>2</SUP> survey of GOODS-S at one millimeter (ASAGAO): Source catalog and number counts Active galactic nuclei-heated dust revealed in ''little red dots'' An Analysis of ALMA Deep Fields and the Perceived Dearth of High-z Galaxies An optimal ALMA image of the Hubble Ultra Deep Field in the era of JWST: obscured star formation and the cosmic far-infrared background Carbonaceous dust grains seen in the first billion years of cosmic time Colour jumps across the spiral arms of Hubble Ultra Deep Field galaxies Dust emission from the bulk of galaxies in the Epoch of Reionisation GOODS-ALMA 2.0: Last gigayear star formation histories of the so-called starbursts within the main sequence GOODS-ALMA 2.0: Source catalog, number counts, and prevailing compact sizes in 1.1 mm galaxies GOODS-ALMA 2.0: Starbursts in the main sequence reveal compact star formation regulating galaxy evolution prequenching GOODS-ALMA: 1.1 mm galaxy survey. I. Source catalog and optically dark galaxies GOODS-ALMA: Optically dark ALMA galaxies shed light on a cluster in formation at z = 3.5 GOODS-ALMA: The slow downfall of star formation in z = 2-3 massive galaxies GOODS-ALMA: Using IRAC and VLA to probe fainter millimeter galaxies JWST+ALMA Reveal the Buildup of Stellar Mass in the Cores of Dusty Star-forming Galaxies at Cosmic Noon Measuring the gas reservoirs in 10<SUP>8</SUP> < M<SUB>⋆</SUB> < 10<SUP>11</SUP> M<SUB>⊙</SUB> galaxies at 1 ≤ z ≤ 3 Passive galaxies in the early Universe: ALMA confirmation of z ̃ 3-5 candidates in the CANDELS GOODS-South field The Galaxies Missed by Hubble and ALMA: The Contribution of Extremely Red Galaxies to the Cosmic Census at 3 < z < 8 The IR Compactness of Dusty Galaxies Sets Star Formation and Dust Properties at z   0-2 The Physical Properties and Morphologies of Faint Dusty Star-forming Galaxies Identified with JWST The emergence of passive galaxies in the early Universe The evolution of dust attenuation in z ≈ 2-12 galaxies observed by JWST The gas mass reservoir of quiescent galaxies at cosmic noon The hidden side of cosmic star formation at z > 3. Bridging optically dark and Lyman-break galaxies with GOODS-ALMA The role of stellar mass in the cosmic history of star formation as seen by Herschel and ALMA Unveiling the nature of 11 dusty star-forming galaxies at the peak of cosmic star formation history",Sub-mm Galaxies (SMG);null
2015.1.00543.S,uid://A001/X2fb/X20d.source.GOODS-S.spw.17,GOODS-S,6,53.05443096910737,-27.826289306512724,0.121385052618525,0.1561689453477715,68.93,0.17627564765891826,5.137046529133555,T,Public,2017-11-03T17:13:17.000,255.8977878272367,2.0E9,2,"Elbaz, David",Galaxy evolution,uid://A001/X2fb/X20d,"[254.90..256.89GHz,31250.00kHz,5.1mJy/beam@10km/s,335.6uJy/beam@native, XX YY] U [256.90..258.89GHz,31250.00kHz,4.8mJy/beam@10km/s,317.1uJy/beam@native, XX YY] U [270.90..272.89GHz,31250.00kHz,5.4mJy/beam@10km/s,360.5uJy/beam@native, XX YY] U [272.90..274.89GHz,31250.00kHz,6.2mJy/beam@10km/s,420.4uJy/beam@native, XX YY]",Towards a census of star-formation since z~6 with ALMA-1.1mm,"A dual AGN at z = 5.4 associated with a Lyman-alpha nebula in the centre of a cosmic filament A<SUP>3</SUP>COSMOS and A<SUP>3</SUP>GOODSS: Continuum source catalogues and multi-band number counts A<SUP>3</SUP>COSMOS: Measuring the cosmic dust-attenuated star formation rate density at 4 < z < 5 A<SUP>3</SUP>COSMOS: The dust content of massive quiescent galaxies and its evolution with cosmic time ALMA 26 arcmin<SUP>2</SUP> Survey of GOODS-S at 1 mm (ASAGAO): Near-infrared-dark Faint ALMA Sources ALMA twenty-six arcmin<SUP>2</SUP> survey of GOODS-S at one millimeter (ASAGAO): Millimeter properties of stellar mass selected galaxies ALMA twenty-six arcmin<SUP>2</SUP> survey of GOODS-S at one millimeter (ASAGAO): Source catalog and number counts Active galactic nuclei-heated dust revealed in ''little red dots'' An Analysis of ALMA Deep Fields and the Perceived Dearth of High-z Galaxies An optimal ALMA image of the Hubble Ultra Deep Field in the era of JWST: obscured star formation and the cosmic far-infrared background Carbonaceous dust grains seen in the first billion years of cosmic time Colour jumps across the spiral arms of Hubble Ultra Deep Field galaxies Dust emission from the bulk of galaxies in the Epoch of Reionisation GOODS-ALMA 2.0: Last gigayear star formation histories of the so-called starbursts within the main sequence GOODS-ALMA 2.0: Source catalog, number counts, and prevailing compact sizes in 1.1 mm galaxies GOODS-ALMA 2.0: Starbursts in the main sequence reveal compact star formation regulating galaxy evolution prequenching GOODS-ALMA: 1.1 mm galaxy survey. I. Source catalog and optically dark galaxies GOODS-ALMA: Optically dark ALMA galaxies shed light on a cluster in formation at z = 3.5 GOODS-ALMA: The slow downfall of star formation in z = 2-3 massive galaxies GOODS-ALMA: Using IRAC and VLA to probe fainter millimeter galaxies JWST+ALMA Reveal the Buildup of Stellar Mass in the Cores of Dusty Star-forming Galaxies at Cosmic Noon Measuring the gas reservoirs in 10<SUP>8</SUP> < M<SUB>⋆</SUB> < 10<SUP>11</SUP> M<SUB>⊙</SUB> galaxies at 1 ≤ z ≤ 3 Passive galaxies in the early Universe: ALMA confirmation of z ̃ 3-5 candidates in the CANDELS GOODS-South field The Galaxies Missed by Hubble and ALMA: The Contribution of Extremely Red Galaxies to the Cosmic Census at 3 < z < 8 The IR Compactness of Dusty Galaxies Sets Star Formation and Dust Properties at z   0-2 The Physical Properties and Morphologies of Faint Dusty Star-forming Galaxies Identified with JWST The emergence of passive galaxies in the early Universe The evolution of dust attenuation in z ≈ 2-12 galaxies observed by JWST The gas mass reservoir of quiescent galaxies at cosmic noon The hidden side of cosmic star formation at z > 3. Bridging optically dark and Lyman-break galaxies with GOODS-ALMA The role of stellar mass in the cosmic history of star formation as seen by Herschel and ALMA Unveiling the nature of 11 dusty star-forming galaxies at the peak of cosmic star formation history",Sub-mm Galaxies (SMG);null
2021.1.00024.S,uid://A001/X1590/X35c3.source.cdfs33.spw.25,cdfs33,4,53.0727083333213,-27.834277777778325,0.010439584492669858,1.0689265687408978,96.768,0.04843982428997608,1.8867104707363356,F,Public,2023-05-30T23:22:59.000,147.9379775710521,1.875E9,2,"Bauer, Franz",Galaxy evolution,uid://A001/X1590/X35c3,"[147.00..148.87GHz,3904.30kHz,1.9mJy/beam@10km/s,96.8uJy/beam@native, XX YY] U [148.88..150.75GHz,3904.30kHz,1.9mJy/beam@10km/s,96.9uJy/beam@native, XX YY] U [159.13..161.00GHz,3904.30kHz,1.8mJy/beam@10km/s,96.9uJy/beam@native, XX YY] U [161.00..162.87GHz,3904.30kHz,1.8mJy/beam@10km/s,97uJy/beam@native, XX YY]",A Legacy Survey of SMGs in the CDF-S,2 mm Observations and the Search for High-redshift Dusty Star-forming Galaxies A Deep ALMA Survey of the Redshift Distribution of Dusty Star-forming Galaxies A Redshift-based Red Selection of Dusty Star-forming Galaxies Active galactic nuclei-heated dust revealed in ''little red dots'' Dust Properties of 870 μm-selected Galaxies in GOODS-S The Physical Properties and Morphologies of Faint Dusty Star-forming Galaxies Identified with JWST,Sub-mm Galaxies (SMG);null
2021.1.00024.S,uid://A001/X1590/X35c3.source.cdfs33.spw.27,cdfs33,4,53.0727083333213,-27.834277777778325,0.010439584492669858,1.0689265687408978,96.768,0.04843982428997608,1.8760220643193009,F,Public,2023-05-30T23:22:59.000,149.81197728687624,1.875E9,2,"Bauer, Franz",Galaxy evolution,uid://A001/X1590/X35c3,"[147.00..148.87GHz,3904.30kHz,1.9mJy/beam@10km/s,96.8uJy/beam@native, XX YY] U [148.88..150.75GHz,3904.30kHz,1.9mJy/beam@10km/s,96.9uJy/beam@native, XX YY] U [159.13..161.00GHz,3904.30kHz,1.8mJy/beam@10km/s,96.9uJy/beam@native, XX YY] U [161.00..162.87GHz,3904.30kHz,1.8mJy/beam@10km/s,97uJy/beam@native, XX YY]",A Legacy Survey of SMGs in the CDF-S,2 mm Observations and the Search for High-redshift Dusty Star-forming Galaxies A Deep ALMA Survey of the Redshift Distribution of Dusty Star-forming Galaxies A Redshift-based Red Selection of Dusty Star-forming Galaxies Active galactic nuclei-heated dust revealed in ''little red dots'' Dust Properties of 870 μm-selected Galaxies in GOODS-S The Physical Properties and Morphologies of Faint Dusty Star-forming Galaxies Identified with JWST,Sub-mm Galaxies (SMG);null
2021.1.00024.S,uid://A001/X1590/X35c3.source.cdfs33.spw.29,cdfs33,4,53.0727083333213,-27.834277777778325,0.010439584492669858,1.0689265687408978,96.768,0.04843982428997608,1.8160225711557045,F,Public,2023-05-30T23:22:59.000,160.06197573308538,1.875E9,2,"Bauer, Franz",Galaxy evolution,uid://A001/X1590/X35c3,"[147.00..148.87GHz,3904.30kHz,1.9mJy/beam@10km/s,96.8uJy/beam@native, XX YY] U [148.88..150.75GHz,3904.30kHz,1.9mJy/beam@10km/s,96.9uJy/beam@native, XX YY] U [159.13..161.00GHz,3904.30kHz,1.8mJy/beam@10km/s,96.9uJy/beam@native, XX YY] U [161.00..162.87GHz,3904.30kHz,1.8mJy/beam@10km/s,97uJy/beam@native, XX YY]",A Legacy Survey of SMGs in the CDF-S,2 mm Observations and the Search for High-redshift Dusty Star-forming Galaxies A Deep ALMA Survey of the Redshift Distribution of Dusty Star-forming Galaxies A Redshift-based Red Selection of Dusty Star-forming Galaxies Active galactic nuclei-heated dust revealed in ''little red dots'' Dust Properties of 870 μm-selected Galaxies in GOODS-S The Physical Properties and Morphologies of Faint Dusty Star-forming Galaxies Identified with JWST,Sub-mm Galaxies (SMG);null
2021.1.00024.S,uid://A001/X1590/X35c3.source.cdfs33.spw.31,cdfs33,4,53.0727083333213,-27.834277777778325,0.010439584492669858,1.0689265687408978,96.768,0.04843982428997608,1.8066729514470543,F,Public,2023-05-30T23:22:59.000,161.937575448714,1.875E9,2,"Bauer, Franz",Galaxy evolution,uid://A001/X1590/X35c3,"[147.00..148.87GHz,3904.30kHz,1.9mJy/beam@10km/s,96.8uJy/beam@native, XX YY] U [148.88..150.75GHz,3904.30kHz,1.9mJy/beam@10km/s,96.9uJy/beam@native, XX YY] U [159.13..161.00GHz,3904.30kHz,1.8mJy/beam@10km/s,96.9uJy/beam@native, XX YY] U [161.00..162.87GHz,3904.30kHz,1.8mJy/beam@10km/s,97uJy/beam@native, XX YY]",A Legacy Survey of SMGs in the CDF-S,2 mm Observations and the Search for High-redshift Dusty Star-forming Galaxies A Deep ALMA Survey of the Redshift Distribution of Dusty Star-forming Galaxies A Redshift-based Red Selection of Dusty Star-forming Galaxies Active galactic nuclei-heated dust revealed in ''little red dots'' Dust Properties of 870 μm-selected Galaxies in GOODS-S The Physical Properties and Morphologies of Faint Dusty Star-forming Galaxies Identified with JWST,Sub-mm Galaxies (SMG);null
2021.1.00024.S,uid://A001/X1590/X35b3.source.cdfs33.spw.25,cdfs33,3,53.07270833328875,-27.83427777778632,0.016250088702207795,0.56352437976538,120.96,0.039161525562571395,1.9790903424733437,F,Public,2022-12-23T00:06:44.000,92.5375067121683,1.875E9,2,"Bauer, Franz",Galaxy evolution,uid://A001/X1590/X35b3,"[91.60..93.47GHz,3904.30kHz,2mJy/beam@10km/s,80.3uJy/beam@native, XX YY] U [93.48..95.35GHz,3904.30kHz,1.9mJy/beam@10km/s,77.6uJy/beam@native, XX YY] U [103.73..105.60GHz,3904.30kHz,1.8mJy/beam@10km/s,77.7uJy/beam@native, XX YY] U [105.60..107.47GHz,3904.30kHz,1.8mJy/beam@10km/s,77.8uJy/beam@native, XX YY]",A Legacy Survey of SMGs in the CDF-S,2 mm Observations and the Search for High-redshift Dusty Star-forming Galaxies A Deep ALMA Survey of the Redshift Distribution of Dusty Star-forming Galaxies A Redshift-based Red Selection of Dusty Star-forming Galaxies Active galactic nuclei-heated dust revealed in ''little red dots'' Dust Properties of 870 μm-selected Galaxies in GOODS-S The Physical Properties and Morphologies of Faint Dusty Star-forming Galaxies Identified with JWST,Sub-mm Galaxies (SMG);null
2021.1.00024.S,uid://A001/X1590/X35b3.source.cdfs33.spw.27,cdfs33,3,53.07270833328875,-27.83427777778632,0.016250088702207795,0.56352437976538,120.96,0.039161525562571395,1.8927071650510545,F,Public,2022-12-23T00:06:44.000,94.4125068481737,1.875E9,2,"Bauer, Franz",Galaxy evolution,uid://A001/X1590/X35b3,"[91.60..93.47GHz,3904.30kHz,2mJy/beam@10km/s,80.3uJy/beam@native, XX YY] U [93.48..95.35GHz,3904.30kHz,1.9mJy/beam@10km/s,77.6uJy/beam@native, XX YY] U [103.73..105.60GHz,3904.30kHz,1.8mJy/beam@10km/s,77.7uJy/beam@native, XX YY] U [105.60..107.47GHz,3904.30kHz,1.8mJy/beam@10km/s,77.8uJy/beam@native, XX YY]",A Legacy Survey of SMGs in the CDF-S,2 mm Observations and the Search for High-redshift Dusty Star-forming Galaxies A Deep ALMA Survey of the Redshift Distribution of Dusty Star-forming Galaxies A Redshift-based Red Selection of Dusty Star-forming Galaxies Active galactic nuclei-heated dust revealed in ''little red dots'' Dust Properties of 870 μm-selected Galaxies in GOODS-S The Physical Properties and Morphologies of Faint Dusty Star-forming Galaxies Identified with JWST,Sub-mm Galaxies (SMG);null
2021.1.00024.S,uid://A001/X1590/X35b3.source.cdfs33.spw.29,cdfs33,3,53.07270833328875,-27.83427777778632,0.016250088702207795,0.56352437976538,120.96,0.039161525562571395,1.8016763107251046,F,Public,2022-12-23T00:06:44.000,104.66200759187082,1.875E9,2,"Bauer, Franz",Galaxy evolution,uid://A001/X1590/X35b3,"[91.60..93.47GHz,3904.30kHz,2mJy/beam@10km/s,80.3uJy/beam@native, XX YY] U [93.48..95.35GHz,3904.30kHz,1.9mJy/beam@10km/s,77.6uJy/beam@native, XX YY] U [103.73..105.60GHz,3904.30kHz,1.8mJy/beam@10km/s,77.7uJy/beam@native, XX YY] U [105.60..107.47GHz,3904.30kHz,1.8mJy/beam@10km/s,77.8uJy/beam@native, XX YY]",A Legacy Survey of SMGs in the CDF-S,2 mm Observations and the Search for High-redshift Dusty Star-forming Galaxies A Deep ALMA Survey of the Redshift Distribution of Dusty Star-forming Galaxies A Redshift-based Red Selection of Dusty Star-forming Galaxies Active galactic nuclei-heated dust revealed in ''little red dots'' Dust Properties of 870 μm-selected Galaxies in GOODS-S The Physical Properties and Morphologies of Faint Dusty Star-forming Galaxies Identified with JWST,Sub-mm Galaxies (SMG);null
2021.1.00024.S,uid://A001/X1590/X35b3.source.cdfs33.spw.31,cdfs33,3,53.07270833328875,-27.83427777778632,0.016250088702207795,0.56352437976538,120.96,0.039161525562571395,1.786531525480352,F,Public,2022-12-23T00:06:44.000,106.53660772778132,1.875E9,2,"Bauer, Franz",Galaxy evolution,uid://A001/X1590/X35b3,"[91.60..93.47GHz,3904.30kHz,2mJy/beam@10km/s,80.3uJy/beam@native, XX YY] U [93.48..95.35GHz,3904.30kHz,1.9mJy/beam@10km/s,77.6uJy/beam@native, XX YY] U [103.73..105.60GHz,3904.30kHz,1.8mJy/beam@10km/s,77.7uJy/beam@native, XX YY] U [105.60..107.47GHz,3904.30kHz,1.8mJy/beam@10km/s,77.8uJy/beam@native, XX YY]",A Legacy Survey of SMGs in the CDF-S,2 mm Observations and the Search for High-redshift Dusty Star-forming Galaxies A Deep ALMA Survey of the Redshift Distribution of Dusty Star-forming Galaxies A Redshift-based Red Selection of Dusty Star-forming Galaxies Active galactic nuclei-heated dust revealed in ''little red dots'' Dust Properties of 870 μm-selected Galaxies in GOODS-S The Physical Properties and Morphologies of Faint Dusty Star-forming Galaxies Identified with JWST,Sub-mm Galaxies (SMG);null
2021.1.00547.S,uid://A001/X158f/X74d.source.CANDELS_-_GOODS_South.spw.27,CANDELS_-_GOODS_South,3,53.11983108972448,-27.807152863260836,0.1505044227141715,0.9110376441989292,155.783,0.1325094293281656,6.547613516708141,T,Public,2023-04-15T00:00:00.000,102.01251483466999,1.875E9,2,"Boogaard, Leindert",Galaxy evolution,uid://A001/X158f/X74d,"[99.20..101.07GHz,1128.91kHz,6.6mJy/beam@10km/s,278.8uJy/beam@native, XX YY] U [101.08..102.95GHz,1128.91kHz,6.5mJy/beam@10km/s,278.9uJy/beam@native, XX YY] U [111.20..113.07GHz,1128.91kHz,5.7mJy/beam@10km/s,253uJy/beam@native, XX YY] U [113.08..114.95GHz,1128.91kHz,5.6mJy/beam@10km/s,253.1uJy/beam@native, XX YY]",Wide ASPECS: Advancing Molecular Deep Fields to Large Areas,A dual AGN at z = 5.4 associated with a Lyman-alpha nebula in the centre of a cosmic filament,Galaxy structure & evolution;null
2021.1.00547.S,uid://A001/X158f/X74d.source.CANDELS_-_GOODS_South.spw.29,CANDELS_-_GOODS_South,3,53.11983108972448,-27.807152863260836,0.1505044227141715,0.9110376441989292,155.783,0.1325094293281656,5.664063198654753,T,Public,2023-04-15T00:00:00.000,112.13751624997671,1.875E9,2,"Boogaard, Leindert",Galaxy evolution,uid://A001/X158f/X74d,"[99.20..101.07GHz,1128.91kHz,6.6mJy/beam@10km/s,278.8uJy/beam@native, XX YY] U [101.08..102.95GHz,1128.91kHz,6.5mJy/beam@10km/s,278.9uJy/beam@native, XX YY] U [111.20..113.07GHz,1128.91kHz,5.7mJy/beam@10km/s,253uJy/beam@native, XX YY] U [113.08..114.95GHz,1128.91kHz,5.6mJy/beam@10km/s,253.1uJy/beam@native, XX YY]",Wide ASPECS: Advancing Molecular Deep Fields to Large Areas,A dual AGN at z = 5.4 associated with a Lyman-alpha nebula in the centre of a cosmic filament,Galaxy structure & evolution;null
2021.1.00547.S,uid://A001/X158f/X74d.source.CANDELS_-_GOODS_South.spw.31,CANDELS_-_GOODS_South,3,53.11983108972448,-27.807152863260836,0.1505044227141715,0.9110376441989292,155.783,0.1325094293281656,5.6199120454019535,T,Public,2023-04-15T00:00:00.000,114.01251651204831,1.875E9,2,"Boogaard, Leindert",Galaxy evolution,uid://A001/X158f/X74d,"[99.20..101.07GHz,1128.91kHz,6.6mJy/beam@10km/s,278.8uJy/beam@native, XX YY] U [101.08..102.95GHz,1128.91kHz,6.5mJy/beam@10km/s,278.9uJy/beam@native, XX YY] U [111.20..113.07GHz,1128.91kHz,5.7mJy/beam@10km/s,253uJy/beam@native, XX YY] U [113.08..114.95GHz,1128.91kHz,5.6mJy/beam@10km/s,253.1uJy/beam@native, XX YY]",Wide ASPECS: Advancing Molecular Deep Fields to Large Areas,A dual AGN at z = 5.4 associated with a Lyman-alpha nebula in the centre of a cosmic filament,Galaxy structure & evolution;null
2021.1.00547.S,uid://A001/X158f/X74d.source.CANDELS_-_GOODS_South.spw.25,CANDELS_-_GOODS_South,3,53.11983108972448,-27.807152863260836,0.1505044227141715,0.9110376441989292,155.783,0.1325094293281656,6.60587867643851,T,Public,2023-04-15T00:00:00.000,100.13751457259836,1.875E9,2,"Boogaard, Leindert",Galaxy evolution,uid://A001/X158f/X74d,"[99.20..101.07GHz,1128.91kHz,6.6mJy/beam@10km/s,278.8uJy/beam@native, XX YY] U [101.08..102.95GHz,1128.91kHz,6.5mJy/beam@10km/s,278.9uJy/beam@native, XX YY] U [111.20..113.07GHz,1128.91kHz,5.7mJy/beam@10km/s,253uJy/beam@native, XX YY] U [113.08..114.95GHz,1128.91kHz,5.6mJy/beam@10km/s,253.1uJy/beam@native, XX YY]",Wide ASPECS: Advancing Molecular Deep Fields to Large Areas,A dual AGN at z = 5.4 associated with a Lyman-alpha nebula in the centre of a cosmic filament,Galaxy structure & evolution;null
2021.1.00547.S,uid://A001/X158f/X749.source.CANDELS_-_GOODS_South.spw.25,CANDELS_-_GOODS_South,3,53.11983108974666,-27.80715286325496,0.1510526721330238,0.8744705597837223,164.608,0.11634799601415129,5.809739295384521,T,Public,2023-01-11T22:43:48.000,96.38751519896982,1.875E9,2,"Boogaard, Leindert",Galaxy evolution,uid://A001/X158f/X749,"[95.45..97.32GHz,1128.91kHz,5.8mJy/beam@10km/s,240.6uJy/beam@native, XX YY] U [97.33..99.20GHz,1128.91kHz,5.6mJy/beam@10km/s,236.2uJy/beam@native, XX YY] U [107.45..109.32GHz,1128.91kHz,5.2mJy/beam@10km/s,227.4uJy/beam@native, XX YY] U [109.33..111.20GHz,1128.91kHz,5.1mJy/beam@10km/s,227.5uJy/beam@native, XX YY]",Wide ASPECS: Advancing Molecular Deep Fields to Large Areas,A dual AGN at z = 5.4 associated with a Lyman-alpha nebula in the centre of a cosmic filament,Galaxy structure & evolution;null
2021.1.00547.S,uid://A001/X158f/X749.source.CANDELS_-_GOODS_South.spw.27,CANDELS_-_GOODS_South,3,53.11983108974666,-27.80715286325496,0.1510526721330238,0.8744705597837223,164.608,0.11634799601415129,5.649422327671591,T,Public,2023-01-11T22:43:48.000,98.26251548841161,1.875E9,2,"Boogaard, Leindert",Galaxy evolution,uid://A001/X158f/X749,"[95.45..97.32GHz,1128.91kHz,5.8mJy/beam@10km/s,240.6uJy/beam@native, XX YY] U [97.33..99.20GHz,1128.91kHz,5.6mJy/beam@10km/s,236.2uJy/beam@native, XX YY] U [107.45..109.32GHz,1128.91kHz,5.2mJy/beam@10km/s,227.4uJy/beam@native, XX YY] U [109.33..111.20GHz,1128.91kHz,5.1mJy/beam@10km/s,227.5uJy/beam@native, XX YY]",Wide ASPECS: Advancing Molecular Deep Fields to Large Areas,A dual AGN at z = 5.4 associated with a Lyman-alpha nebula in the centre of a cosmic filament,Galaxy structure & evolution;null
2021.1.00547.S,uid://A001/X158f/X749.source.CANDELS_-_GOODS_South.spw.29,CANDELS_-_GOODS_South,3,53.11983108974666,-27.80715286325496,0.1510526721330238,0.8744705597837223,164.608,0.11634799601415129,5.177808590969314,T,Public,2023-01-11T22:43:48.000,108.3875170515754,1.875E9,2,"Boogaard, Leindert",Galaxy evolution,uid://A001/X158f/X749,"[95.45..97.32GHz,1128.91kHz,5.8mJy/beam@10km/s,240.6uJy/beam@native, XX YY] U [97.33..99.20GHz,1128.91kHz,5.6mJy/beam@10km/s,236.2uJy/beam@native, XX YY] U [107.45..109.32GHz,1128.91kHz,5.2mJy/beam@10km/s,227.4uJy/beam@native, XX YY] U [109.33..111.20GHz,1128.91kHz,5.1mJy/beam@10km/s,227.5uJy/beam@native, XX YY]",Wide ASPECS: Advancing Molecular Deep Fields to Large Areas,A dual AGN at z = 5.4 associated with a Lyman-alpha nebula in the centre of a cosmic filament,Galaxy structure & evolution;null
2021.1.00547.S,uid://A001/X158f/X749.source.CANDELS_-_GOODS_South.spw.31,CANDELS_-_GOODS_South,3,53.11983108974666,-27.80715286325496,0.1510526721330238,0.8744705597837223,164.608,0.11634799601415129,5.1359075189077,T,Public,2023-01-11T22:43:48.000,110.2625173410372,1.875E9,2,"Boogaard, Leindert",Galaxy evolution,uid://A001/X158f/X749,"[95.45..97.32GHz,1128.91kHz,5.8mJy/beam@10km/s,240.6uJy/beam@native, XX YY] U [97.33..99.20GHz,1128.91kHz,5.6mJy/beam@10km/s,236.2uJy/beam@native, XX YY] U [107.45..109.32GHz,1128.91kHz,5.2mJy/beam@10km/s,227.4uJy/beam@native, XX YY] U [109.33..111.20GHz,1128.91kHz,5.1mJy/beam@10km/s,227.5uJy/beam@native, XX YY]",Wide ASPECS: Advancing Molecular Deep Fields to Large Areas,A dual AGN at z = 5.4 associated with a Lyman-alpha nebula in the centre of a cosmic filament,Galaxy structure & evolution;null
2021.1.00547.S,uid://A001/X158f/X745.source.CANDELS_-_GOODS_South.spw.25,CANDELS_-_GOODS_South,3,53.119831089733786,-27.807152863262,0.1516422162493856,0.6013472432313909,130.716,0.1467184152326913,7.324411841281779,T,Public,2023-02-10T19:05:03.000,92.63751328210213,1.875E9,2,"Boogaard, Leindert",Galaxy evolution,uid://A001/X158f/X745,"[91.70..93.57GHz,1128.91kHz,7.3mJy/beam@10km/s,297.3uJy/beam@native, XX YY] U [93.58..95.45GHz,1128.91kHz,7.1mJy/beam@10km/s,290.6uJy/beam@native, XX YY] U [103.70..105.57GHz,1128.91kHz,6.7mJy/beam@10km/s,287.5uJy/beam@native, XX YY] U [105.58..107.45GHz,1128.91kHz,6.9mJy/beam@10km/s,298.8uJy/beam@native, XX YY]",Wide ASPECS: Advancing Molecular Deep Fields to Large Areas,A dual AGN at z = 5.4 associated with a Lyman-alpha nebula in the centre of a cosmic filament,Galaxy structure & evolution;null
2021.1.00547.S,uid://A001/X158f/X745.source.CANDELS_-_GOODS_South.spw.29,CANDELS_-_GOODS_South,3,53.119831089733786,-27.807152863262,0.1516422162493856,0.6013472432313909,130.716,0.1467184152326913,6.663073372631821,T,Public,2023-02-10T19:05:03.000,104.63751498393975,1.875E9,2,"Boogaard, Leindert",Galaxy evolution,uid://A001/X158f/X745,"[91.70..93.57GHz,1128.91kHz,7.3mJy/beam@10km/s,297.3uJy/beam@native, XX YY] U [93.58..95.45GHz,1128.91kHz,7.1mJy/beam@10km/s,290.6uJy/beam@native, XX YY] U [103.70..105.57GHz,1128.91kHz,6.7mJy/beam@10km/s,287.5uJy/beam@native, XX YY] U [105.58..107.45GHz,1128.91kHz,6.9mJy/beam@10km/s,298.8uJy/beam@native, XX YY]",Wide ASPECS: Advancing Molecular Deep Fields to Large Areas,A dual AGN at z = 5.4 associated with a Lyman-alpha nebula in the centre of a cosmic filament,Galaxy structure & evolution;null
2021.1.00547.S,uid://A001/X158f/X745.source.CANDELS_-_GOODS_South.spw.31,CANDELS_-_GOODS_South,3,53.119831089733786,-27.807152863262,0.1516422162493856,0.6013472432313909,130.716,0.1467184152326913,6.864221730683009,T,Public,2023-02-10T19:05:03.000,106.51251524983313,1.875E9,2,"Boogaard, Leindert",Galaxy evolution,uid://A001/X158f/X745,"[91.70..93.57GHz,1128.91kHz,7.3mJy/beam@10km/s,297.3uJy/beam@native, XX YY] U [93.58..95.45GHz,1128.91kHz,7.1mJy/beam@10km/s,290.6uJy/beam@native, XX YY] U [103.70..105.57GHz,1128.91kHz,6.7mJy/beam@10km/s,287.5uJy/beam@native, XX YY] U [105.58..107.45GHz,1128.91kHz,6.9mJy/beam@10km/s,298.8uJy/beam@native, XX YY]",Wide ASPECS: Advancing Molecular Deep Fields to Large Areas,A dual AGN at z = 5.4 associated with a Lyman-alpha nebula in the centre of a cosmic filament,Galaxy structure & evolution;null
2021.1.00547.S,uid://A001/X158f/X745.source.CANDELS_-_GOODS_South.spw.27,CANDELS_-_GOODS_South,3,53.119831089733786,-27.807152863262,0.1516422162493856,0.6013472432313909,130.716,0.1467184152326913,7.086386469069402,T,Public,2023-02-10T19:05:03.000,94.51251354797552,1.875E9,2,"Boogaard, Leindert",Galaxy evolution,uid://A001/X158f/X745,"[91.70..93.57GHz,1128.91kHz,7.3mJy/beam@10km/s,297.3uJy/beam@native, XX YY] U [93.58..95.45GHz,1128.91kHz,7.1mJy/beam@10km/s,290.6uJy/beam@native, XX YY] U [103.70..105.57GHz,1128.91kHz,6.7mJy/beam@10km/s,287.5uJy/beam@native, XX YY] U [105.58..107.45GHz,1128.91kHz,6.9mJy/beam@10km/s,298.8uJy/beam@native, XX YY]",Wide ASPECS: Advancing Molecular Deep Fields to Large Areas,A dual AGN at z = 5.4 associated with a Lyman-alpha nebula in the centre of a cosmic filament,Galaxy structure & evolution;null
2021.1.00024.S,uid://A001/X1590/X35bb.source.cdfs33.spw.27,cdfs33,4,53.07270833334196,-27.834277777778013,0.010970631157986292,0.8380678839249459,96.768,0.042017406341023716,1.6625056486567007,F,Public,2023-06-15T06:13:37.000,142.31202520151868,1.875E9,2,"Bauer, Franz",Galaxy evolution,uid://A001/X1590/X35bb,"[139.50..141.37GHz,3904.30kHz,1.7mJy/beam@10km/s,84.6uJy/beam@native, XX YY] U [141.38..143.25GHz,3904.30kHz,1.7mJy/beam@10km/s,83.7uJy/beam@native, XX YY] U [151.63..153.50GHz,3904.30kHz,1.6mJy/beam@10km/s,83.9uJy/beam@native, XX YY] U [153.50..155.37GHz,3904.30kHz,1.6mJy/beam@10km/s,84uJy/beam@native, XX YY]",A Legacy Survey of SMGs in the CDF-S,2 mm Observations and the Search for High-redshift Dusty Star-forming Galaxies A Deep ALMA Survey of the Redshift Distribution of Dusty Star-forming Galaxies A Redshift-based Red Selection of Dusty Star-forming Galaxies Active galactic nuclei-heated dust revealed in ''little red dots'' Dust Properties of 870 μm-selected Galaxies in GOODS-S The Physical Properties and Morphologies of Faint Dusty Star-forming Galaxies Identified with JWST,Sub-mm Galaxies (SMG);null
2021.1.00024.S,uid://A001/X1590/X35bb.source.cdfs33.spw.29,cdfs33,4,53.07270833334196,-27.834277777778013,0.010970631157986292,0.8380678839249459,96.768,0.042017406341023716,1.6110245766373692,F,Public,2023-06-15T06:13:37.000,152.56202701695395,1.875E9,2,"Bauer, Franz",Galaxy evolution,uid://A001/X1590/X35bb,"[139.50..141.37GHz,3904.30kHz,1.7mJy/beam@10km/s,84.6uJy/beam@native, XX YY] U [141.38..143.25GHz,3904.30kHz,1.7mJy/beam@10km/s,83.7uJy/beam@native, XX YY] U [151.63..153.50GHz,3904.30kHz,1.6mJy/beam@10km/s,83.9uJy/beam@native, XX YY] U [153.50..155.37GHz,3904.30kHz,1.6mJy/beam@10km/s,84uJy/beam@native, XX YY]",A Legacy Survey of SMGs in the CDF-S,2 mm Observations and the Search for High-redshift Dusty Star-forming Galaxies A Deep ALMA Survey of the Redshift Distribution of Dusty Star-forming Galaxies A Redshift-based Red Selection of Dusty Star-forming Galaxies Active galactic nuclei-heated dust revealed in ''little red dots'' Dust Properties of 870 μm-selected Galaxies in GOODS-S The Physical Properties and Morphologies of Faint Dusty Star-forming Galaxies Identified with JWST,Sub-mm Galaxies (SMG);null
2021.1.00024.S,uid://A001/X1590/X35bb.source.cdfs33.spw.31,cdfs33,4,53.07270833334196,-27.834277777778013,0.010970631157986292,0.8380678839249459,96.768,0.042017406341023716,1.6022247766088706,F,Public,2023-06-15T06:13:37.000,154.4376273490147,1.875E9,2,"Bauer, Franz",Galaxy evolution,uid://A001/X1590/X35bb,"[139.50..141.37GHz,3904.30kHz,1.7mJy/beam@10km/s,84.6uJy/beam@native, XX YY] U [141.38..143.25GHz,3904.30kHz,1.7mJy/beam@10km/s,83.7uJy/beam@native, XX YY] U [151.63..153.50GHz,3904.30kHz,1.6mJy/beam@10km/s,83.9uJy/beam@native, XX YY] U [153.50..155.37GHz,3904.30kHz,1.6mJy/beam@10km/s,84uJy/beam@native, XX YY]",A Legacy Survey of SMGs in the CDF-S,2 mm Observations and the Search for High-redshift Dusty Star-forming Galaxies A Deep ALMA Survey of the Redshift Distribution of Dusty Star-forming Galaxies A Redshift-based Red Selection of Dusty Star-forming Galaxies Active galactic nuclei-heated dust revealed in ''little red dots'' Dust Properties of 870 μm-selected Galaxies in GOODS-S The Physical Properties and Morphologies of Faint Dusty Star-forming Galaxies Identified with JWST,Sub-mm Galaxies (SMG);null
2021.1.00024.S,uid://A001/X1590/X35bb.source.cdfs33.spw.25,cdfs33,4,53.07270833334196,-27.834277777778013,0.010970631157986292,0.8380678839249459,96.768,0.042017406341023716,1.692222778956419,F,Public,2023-06-15T06:13:37.000,140.4380248697442,1.875E9,2,"Bauer, Franz",Galaxy evolution,uid://A001/X1590/X35bb,"[139.50..141.37GHz,3904.30kHz,1.7mJy/beam@10km/s,84.6uJy/beam@native, XX YY] U [141.38..143.25GHz,3904.30kHz,1.7mJy/beam@10km/s,83.7uJy/beam@native, XX YY] U [151.63..153.50GHz,3904.30kHz,1.6mJy/beam@10km/s,83.9uJy/beam@native, XX YY] U [153.50..155.37GHz,3904.30kHz,1.6mJy/beam@10km/s,84uJy/beam@native, XX YY]",A Legacy Survey of SMGs in the CDF-S,2 mm Observations and the Search for High-redshift Dusty Star-forming Galaxies A Deep ALMA Survey of the Redshift Distribution of Dusty Star-forming Galaxies A Redshift-based Red Selection of Dusty Star-forming Galaxies Active galactic nuclei-heated dust revealed in ''little red dots'' Dust Properties of 870 μm-selected Galaxies in GOODS-S The Physical Properties and Morphologies of Faint Dusty Star-forming Galaxies Identified with JWST,Sub-mm Galaxies (SMG);null
2021.1.00024.S,uid://A001/X1590/X35b7.source.cdfs33.spw.25,cdfs33,3,53.0727083332955,-27.834277777783537,0.015660102517547334,0.9455283201653691,120.96,0.04087344340048815,2.0857130724052455,F,Public,2023-01-14T18:58:15.000,96.28751293238949,1.875E9,2,"Bauer, Franz",Galaxy evolution,uid://A001/X1590/X35b7,"[95.35..97.22GHz,3904.30kHz,2.1mJy/beam@10km/s,86.3uJy/beam@native, XX YY] U [97.23..99.10GHz,3904.30kHz,2.1mJy/beam@10km/s,86.4uJy/beam@native, XX YY] U [107.48..109.35GHz,3904.30kHz,1.8mJy/beam@10km/s,77.8uJy/beam@native, XX YY] U [109.35..111.22GHz,3904.30kHz,1.8mJy/beam@10km/s,77.8uJy/beam@native, XX YY]",A Legacy Survey of SMGs in the CDF-S,2 mm Observations and the Search for High-redshift Dusty Star-forming Galaxies A Deep ALMA Survey of the Redshift Distribution of Dusty Star-forming Galaxies A Redshift-based Red Selection of Dusty Star-forming Galaxies Active galactic nuclei-heated dust revealed in ''little red dots'' Dust Properties of 870 μm-selected Galaxies in GOODS-S The Physical Properties and Morphologies of Faint Dusty Star-forming Galaxies Identified with JWST,Sub-mm Galaxies (SMG);null
2021.1.00024.S,uid://A001/X1590/X35b7.source.cdfs33.spw.27,cdfs33,3,53.0727083332955,-27.834277777783537,0.015660102517547334,0.9455283201653691,120.96,0.04087344340048815,2.0665246702767983,F,Public,2023-01-14T18:58:15.000,98.16251318422132,1.875E9,2,"Bauer, Franz",Galaxy evolution,uid://A001/X1590/X35b7,"[95.35..97.22GHz,3904.30kHz,2.1mJy/beam@10km/s,86.3uJy/beam@native, XX YY] U [97.23..99.10GHz,3904.30kHz,2.1mJy/beam@10km/s,86.4uJy/beam@native, XX YY] U [107.48..109.35GHz,3904.30kHz,1.8mJy/beam@10km/s,77.8uJy/beam@native, XX YY] U [109.35..111.22GHz,3904.30kHz,1.8mJy/beam@10km/s,77.8uJy/beam@native, XX YY]",A Legacy Survey of SMGs in the CDF-S,2 mm Observations and the Search for High-redshift Dusty Star-forming Galaxies A Deep ALMA Survey of the Redshift Distribution of Dusty Star-forming Galaxies A Redshift-based Red Selection of Dusty Star-forming Galaxies Active galactic nuclei-heated dust revealed in ''little red dots'' Dust Properties of 870 μm-selected Galaxies in GOODS-S The Physical Properties and Morphologies of Faint Dusty Star-forming Galaxies Identified with JWST,Sub-mm Galaxies (SMG);null
2021.1.00024.S,uid://A001/X1590/X35b7.source.cdfs33.spw.29,cdfs33,3,53.0727083332955,-27.834277777783537,0.015660102517547334,0.9455283201653691,120.96,0.04087344340048815,1.7715108970318894,F,Public,2023-01-14T18:58:15.000,108.41201456100256,1.875E9,2,"Bauer, Franz",Galaxy evolution,uid://A001/X1590/X35b7,"[95.35..97.22GHz,3904.30kHz,2.1mJy/beam@10km/s,86.3uJy/beam@native, XX YY] U [97.23..99.10GHz,3904.30kHz,2.1mJy/beam@10km/s,86.4uJy/beam@native, XX YY] U [107.48..109.35GHz,3904.30kHz,1.8mJy/beam@10km/s,77.8uJy/beam@native, XX YY] U [109.35..111.22GHz,3904.30kHz,1.8mJy/beam@10km/s,77.8uJy/beam@native, XX YY]",A Legacy Survey of SMGs in the CDF-S,2 mm Observations and the Search for High-redshift Dusty Star-forming Galaxies A Deep ALMA Survey of the Redshift Distribution of Dusty Star-forming Galaxies A Redshift-based Red Selection of Dusty Star-forming Galaxies Active galactic nuclei-heated dust revealed in ''little red dots'' Dust Properties of 870 μm-selected Galaxies in GOODS-S The Physical Properties and Morphologies of Faint Dusty Star-forming Galaxies Identified with JWST,Sub-mm Galaxies (SMG);null
2021.1.00024.S,uid://A001/X1590/X35b7.source.cdfs33.spw.31,cdfs33,3,53.0727083332955,-27.834277777783537,0.015660102517547334,0.9455283201653691,120.96,0.04087344340048815,1.7571816326574832,F,Public,2023-01-14T18:58:15.000,110.28661481280389,1.875E9,2,"Bauer, Franz",Galaxy evolution,uid://A001/X1590/X35b7,"[95.35..97.22GHz,3904.30kHz,2.1mJy/beam@10km/s,86.3uJy/beam@native, XX YY] U [97.23..99.10GHz,3904.30kHz,2.1mJy/beam@10km/s,86.4uJy/beam@native, XX YY] U [107.48..109.35GHz,3904.30kHz,1.8mJy/beam@10km/s,77.8uJy/beam@native, XX YY] U [109.35..111.22GHz,3904.30kHz,1.8mJy/beam@10km/s,77.8uJy/beam@native, XX YY]",A Legacy Survey of SMGs in the CDF-S,2 mm Observations and the Search for High-redshift Dusty Star-forming Galaxies A Deep ALMA Survey of the Redshift Distribution of Dusty Star-forming Galaxies A Redshift-based Red Selection of Dusty Star-forming Galaxies Active galactic nuclei-heated dust revealed in ''little red dots'' Dust Properties of 870 μm-selected Galaxies in GOODS-S The Physical Properties and Morphologies of Faint Dusty Star-forming Galaxies Identified with JWST,Sub-mm Galaxies (SMG);null
2021.1.00024.S,uid://A001/X1590/X35e7.source.cdfs33.spw.25,cdfs33,6,53.07270833336245,-27.834277777780933,0.006690737873296544,0.8982360689021416,60.48,0.1002495738395964,3.072815160296467,F,Public,2023-04-27T20:41:59.000,232.93801844959296,1.875E9,2,"Bauer, Franz",Galaxy evolution,uid://A001/X1590/X35e7,"[232.00..233.87GHz,3904.30kHz,3.1mJy/beam@10km/s,197.8uJy/beam@native, XX YY] U [233.88..235.75GHz,3904.30kHz,3.1mJy/beam@10km/s,198uJy/beam@native, XX YY] U [247.75..249.62GHz,3904.30kHz,3.1mJy/beam@10km/s,203.1uJy/beam@native, XX YY] U [249.63..251.50GHz,3904.30kHz,3mJy/beam@10km/s,203.3uJy/beam@native, XX YY]",A Legacy Survey of SMGs in the CDF-S,2 mm Observations and the Search for High-redshift Dusty Star-forming Galaxies A Deep ALMA Survey of the Redshift Distribution of Dusty Star-forming Galaxies A Redshift-based Red Selection of Dusty Star-forming Galaxies Active galactic nuclei-heated dust revealed in ''little red dots'' Dust Properties of 870 μm-selected Galaxies in GOODS-S The Physical Properties and Morphologies of Faint Dusty Star-forming Galaxies Identified with JWST,Sub-mm Galaxies (SMG);null
2021.1.00024.S,uid://A001/X1590/X35e7.source.cdfs33.spw.27,cdfs33,6,53.07270833336245,-27.834277777780933,0.006690737873296544,0.8982360689021416,60.48,0.1002495738395964,3.0634765374408937,F,Public,2023-04-27T20:41:59.000,234.81195241390765,1.875E9,2,"Bauer, Franz",Galaxy evolution,uid://A001/X1590/X35e7,"[232.00..233.87GHz,3904.30kHz,3.1mJy/beam@10km/s,197.8uJy/beam@native, XX YY] U [233.88..235.75GHz,3904.30kHz,3.1mJy/beam@10km/s,198uJy/beam@native, XX YY] U [247.75..249.62GHz,3904.30kHz,3.1mJy/beam@10km/s,203.1uJy/beam@native, XX YY] U [249.63..251.50GHz,3904.30kHz,3mJy/beam@10km/s,203.3uJy/beam@native, XX YY]",A Legacy Survey of SMGs in the CDF-S,2 mm Observations and the Search for High-redshift Dusty Star-forming Galaxies A Deep ALMA Survey of the Redshift Distribution of Dusty Star-forming Galaxies A Redshift-based Red Selection of Dusty Star-forming Galaxies Active galactic nuclei-heated dust revealed in ''little red dots'' Dust Properties of 870 μm-selected Galaxies in GOODS-S The Physical Properties and Morphologies of Faint Dusty Star-forming Galaxies Identified with JWST,Sub-mm Galaxies (SMG);null
2021.1.00024.S,uid://A001/X1590/X35e7.source.cdfs33.spw.29,cdfs33,6,53.07270833336245,-27.834277777780933,0.006690737873296544,0.8982360689021416,60.48,0.1002495738395964,3.0533912348914325,F,Public,2023-04-27T20:41:59.000,248.68801969726368,1.875E9,2,"Bauer, Franz",Galaxy evolution,uid://A001/X1590/X35e7,"[232.00..233.87GHz,3904.30kHz,3.1mJy/beam@10km/s,197.8uJy/beam@native, XX YY] U [233.88..235.75GHz,3904.30kHz,3.1mJy/beam@10km/s,198uJy/beam@native, XX YY] U [247.75..249.62GHz,3904.30kHz,3.1mJy/beam@10km/s,203.1uJy/beam@native, XX YY] U [249.63..251.50GHz,3904.30kHz,3mJy/beam@10km/s,203.3uJy/beam@native, XX YY]",A Legacy Survey of SMGs in the CDF-S,2 mm Observations and the Search for High-redshift Dusty Star-forming Galaxies A Deep ALMA Survey of the Redshift Distribution of Dusty Star-forming Galaxies A Redshift-based Red Selection of Dusty Star-forming Galaxies Active galactic nuclei-heated dust revealed in ''little red dots'' Dust Properties of 870 μm-selected Galaxies in GOODS-S The Physical Properties and Morphologies of Faint Dusty Star-forming Galaxies Identified with JWST,Sub-mm Galaxies (SMG);null
2021.1.00024.S,uid://A001/X1590/X35e7.source.cdfs33.spw.31,cdfs33,6,53.07270833336245,-27.834277777780933,0.006690737873296544,0.8982360689021416,60.48,0.1002495738395964,3.0450783165413067,F,Public,2023-04-27T20:41:59.000,250.5620198457001,1.875E9,2,"Bauer, Franz",Galaxy evolution,uid://A001/X1590/X35e7,"[232.00..233.87GHz,3904.30kHz,3.1mJy/beam@10km/s,197.8uJy/beam@native, XX YY] U [233.88..235.75GHz,3904.30kHz,3.1mJy/beam@10km/s,198uJy/beam@native, XX YY] U [247.75..249.62GHz,3904.30kHz,3.1mJy/beam@10km/s,203.1uJy/beam@native, XX YY] U [249.63..251.50GHz,3904.30kHz,3mJy/beam@10km/s,203.3uJy/beam@native, XX YY]",A Legacy Survey of SMGs in the CDF-S,2 mm Observations and the Search for High-redshift Dusty Star-forming Galaxies A Deep ALMA Survey of the Redshift Distribution of Dusty Star-forming Galaxies A Redshift-based Red Selection of Dusty Star-forming Galaxies Active galactic nuclei-heated dust revealed in ''little red dots'' Dust Properties of 870 μm-selected Galaxies in GOODS-S The Physical Properties and Morphologies of Faint Dusty Star-forming Galaxies Identified with JWST,Sub-mm Galaxies (SMG);null
2021.1.00024.S,uid://A001/X1590/X35af.source.cdfs33.spw.25,cdfs33,3,53.07270833327479,-27.834277777802157,0.016886233991402197,0.617992739397491,120.96,0.04700027596891761,2.397397919279292,F,Public,2022-12-22T02:35:06.000,88.78750505484939,1.875E9,2,"Bauer, Franz",Galaxy evolution,uid://A001/X1590/X35af,"[87.85..89.72GHz,3904.30kHz,2.4mJy/beam@10km/s,95.3uJy/beam@native, XX YY] U [89.73..91.60GHz,3904.30kHz,2.4mJy/beam@10km/s,95.3uJy/beam@native, XX YY] U [99.98..101.85GHz,3904.30kHz,2.2mJy/beam@10km/s,92.7uJy/beam@native, XX YY] U [101.85..103.72GHz,3904.30kHz,2.2mJy/beam@10km/s,92.8uJy/beam@native, XX YY]",A Legacy Survey of SMGs in the CDF-S,2 mm Observations and the Search for High-redshift Dusty Star-forming Galaxies A Deep ALMA Survey of the Redshift Distribution of Dusty Star-forming Galaxies A Redshift-based Red Selection of Dusty Star-forming Galaxies Active galactic nuclei-heated dust revealed in ''little red dots'' Dust Properties of 870 μm-selected Galaxies in GOODS-S The Physical Properties and Morphologies of Faint Dusty Star-forming Galaxies Identified with JWST,Sub-mm Galaxies (SMG);null
2021.1.00024.S,uid://A001/X1590/X35af.source.cdfs33.spw.27,cdfs33,3,53.07270833327479,-27.834277777802157,0.016886233991402197,0.617992739397491,120.96,0.04700027596891761,2.3733547630033076,F,Public,2022-12-22T02:35:06.000,90.66250516159735,1.875E9,2,"Bauer, Franz",Galaxy evolution,uid://A001/X1590/X35af,"[87.85..89.72GHz,3904.30kHz,2.4mJy/beam@10km/s,95.3uJy/beam@native, XX YY] U [89.73..91.60GHz,3904.30kHz,2.4mJy/beam@10km/s,95.3uJy/beam@native, XX YY] U [99.98..101.85GHz,3904.30kHz,2.2mJy/beam@10km/s,92.7uJy/beam@native, XX YY] U [101.85..103.72GHz,3904.30kHz,2.2mJy/beam@10km/s,92.8uJy/beam@native, XX YY]",A Legacy Survey of SMGs in the CDF-S,2 mm Observations and the Search for High-redshift Dusty Star-forming Galaxies A Deep ALMA Survey of the Redshift Distribution of Dusty Star-forming Galaxies A Redshift-based Red Selection of Dusty Star-forming Galaxies Active galactic nuclei-heated dust revealed in ''little red dots'' Dust Properties of 870 μm-selected Galaxies in GOODS-S The Physical Properties and Morphologies of Faint Dusty Star-forming Galaxies Identified with JWST,Sub-mm Galaxies (SMG);null
2021.1.00024.S,uid://A001/X1590/X35af.source.cdfs33.spw.29,cdfs33,3,53.07270833327479,-27.834277777802157,0.016886233991402197,0.617992739397491,120.96,0.04700027596891761,2.188683630663307,F,Public,2022-12-22T02:35:06.000,100.91200574534047,1.875E9,2,"Bauer, Franz",Galaxy evolution,uid://A001/X1590/X35af,"[87.85..89.72GHz,3904.30kHz,2.4mJy/beam@10km/s,95.3uJy/beam@native, XX YY] U [89.73..91.60GHz,3904.30kHz,2.4mJy/beam@10km/s,95.3uJy/beam@native, XX YY] U [99.98..101.85GHz,3904.30kHz,2.2mJy/beam@10km/s,92.7uJy/beam@native, XX YY] U [101.85..103.72GHz,3904.30kHz,2.2mJy/beam@10km/s,92.8uJy/beam@native, XX YY]",A Legacy Survey of SMGs in the CDF-S,2 mm Observations and the Search for High-redshift Dusty Star-forming Galaxies A Deep ALMA Survey of the Redshift Distribution of Dusty Star-forming Galaxies A Redshift-based Red Selection of Dusty Star-forming Galaxies Active galactic nuclei-heated dust revealed in ''little red dots'' Dust Properties of 870 μm-selected Galaxies in GOODS-S The Physical Properties and Morphologies of Faint Dusty Star-forming Galaxies Identified with JWST,Sub-mm Galaxies (SMG);null
2021.1.00024.S,uid://A001/X1590/X35af.source.cdfs33.spw.31,cdfs33,3,53.07270833327479,-27.834277777802157,0.016886233991402197,0.617992739397491,120.96,0.04700027596891761,2.169538956810587,F,Public,2022-12-22T02:35:06.000,102.78700585206843,1.875E9,2,"Bauer, Franz",Galaxy evolution,uid://A001/X1590/X35af,"[87.85..89.72GHz,3904.30kHz,2.4mJy/beam@10km/s,95.3uJy/beam@native, XX YY] U [89.73..91.60GHz,3904.30kHz,2.4mJy/beam@10km/s,95.3uJy/beam@native, XX YY] U [99.98..101.85GHz,3904.30kHz,2.2mJy/beam@10km/s,92.7uJy/beam@native, XX YY] U [101.85..103.72GHz,3904.30kHz,2.2mJy/beam@10km/s,92.8uJy/beam@native, XX YY]",A Legacy Survey of SMGs in the CDF-S,2 mm Observations and the Search for High-redshift Dusty Star-forming Galaxies A Deep ALMA Survey of the Redshift Distribution of Dusty Star-forming Galaxies A Redshift-based Red Selection of Dusty Star-forming Galaxies Active galactic nuclei-heated dust revealed in ''little red dots'' Dust Properties of 870 μm-selected Galaxies in GOODS-S The Physical Properties and Morphologies of Faint Dusty Star-forming Galaxies Identified with JWST,Sub-mm Galaxies (SMG);null
2021.1.00024.S,uid://A001/X1590/X35ab.source.cdfs33.spw.25,cdfs33,3,53.07270833338466,-27.834277777790174,0.017574208992262943,0.6663118027378114,120.96,0.04285110805221995,2.2009061031441357,F,Public,2022-12-22T21:36:01.000,85.03750527516742,1.875E9,2,"Bauer, Franz",Galaxy evolution,uid://A001/X1590/X35ab,"[84.10..85.97GHz,3904.30kHz,2.2mJy/beam@10km/s,85.6uJy/beam@native, XX YY] U [85.98..87.85GHz,3904.30kHz,2.2mJy/beam@10km/s,85.6uJy/beam@native, XX YY] U [96.23..98.10GHz,3904.30kHz,2.1mJy/beam@10km/s,85.8uJy/beam@native, XX YY] U [98.10..99.97GHz,3904.30kHz,2mJy/beam@10km/s,85.8uJy/beam@native, XX YY]",A Legacy Survey of SMGs in the CDF-S,2 mm Observations and the Search for High-redshift Dusty Star-forming Galaxies A Deep ALMA Survey of the Redshift Distribution of Dusty Star-forming Galaxies A Redshift-based Red Selection of Dusty Star-forming Galaxies Active galactic nuclei-heated dust revealed in ''little red dots'' Dust Properties of 870 μm-selected Galaxies in GOODS-S The Physical Properties and Morphologies of Faint Dusty Star-forming Galaxies Identified with JWST,Sub-mm Galaxies (SMG);null
2021.1.00024.S,uid://A001/X1590/X35ab.source.cdfs33.spw.27,cdfs33,3,53.07270833338466,-27.834277777790174,0.017574208992262943,0.6663118027378114,120.96,0.04285110805221995,2.1778070355803303,F,Public,2022-12-22T21:36:01.000,86.91250539148368,1.875E9,2,"Bauer, Franz",Galaxy evolution,uid://A001/X1590/X35ab,"[84.10..85.97GHz,3904.30kHz,2.2mJy/beam@10km/s,85.6uJy/beam@native, XX YY] U [85.98..87.85GHz,3904.30kHz,2.2mJy/beam@10km/s,85.6uJy/beam@native, XX YY] U [96.23..98.10GHz,3904.30kHz,2.1mJy/beam@10km/s,85.8uJy/beam@native, XX YY] U [98.10..99.97GHz,3904.30kHz,2mJy/beam@10km/s,85.8uJy/beam@native, XX YY]",A Legacy Survey of SMGs in the CDF-S,2 mm Observations and the Search for High-redshift Dusty Star-forming Galaxies A Deep ALMA Survey of the Redshift Distribution of Dusty Star-forming Galaxies A Redshift-based Red Selection of Dusty Star-forming Galaxies Active galactic nuclei-heated dust revealed in ''little red dots'' Dust Properties of 870 μm-selected Galaxies in GOODS-S The Physical Properties and Morphologies of Faint Dusty Star-forming Galaxies Identified with JWST,Sub-mm Galaxies (SMG);null
2021.1.00024.S,uid://A001/X1590/X35ab.source.cdfs33.spw.29,cdfs33,3,53.07270833338466,-27.834277777790174,0.017574208992262943,0.6663118027378114,120.96,0.04285110805221995,2.062938099337641,F,Public,2022-12-22T21:36:01.000,97.16250602753246,1.875E9,2,"Bauer, Franz",Galaxy evolution,uid://A001/X1590/X35ab,"[84.10..85.97GHz,3904.30kHz,2.2mJy/beam@10km/s,85.6uJy/beam@native, XX YY] U [85.98..87.85GHz,3904.30kHz,2.2mJy/beam@10km/s,85.6uJy/beam@native, XX YY] U [96.23..98.10GHz,3904.30kHz,2.1mJy/beam@10km/s,85.8uJy/beam@native, XX YY] U [98.10..99.97GHz,3904.30kHz,2mJy/beam@10km/s,85.8uJy/beam@native, XX YY]",A Legacy Survey of SMGs in the CDF-S,2 mm Observations and the Search for High-redshift Dusty Star-forming Galaxies A Deep ALMA Survey of the Redshift Distribution of Dusty Star-forming Galaxies A Redshift-based Red Selection of Dusty Star-forming Galaxies Active galactic nuclei-heated dust revealed in ''little red dots'' Dust Properties of 870 μm-selected Galaxies in GOODS-S The Physical Properties and Morphologies of Faint Dusty Star-forming Galaxies Identified with JWST,Sub-mm Galaxies (SMG);null
2021.1.00024.S,uid://A001/X1590/X35ab.source.cdfs33.spw.31,cdfs33,3,53.07270833338466,-27.834277777790174,0.017574208992262943,0.6663118027378114,120.96,0.04285110805221995,2.044142803717375,F,Public,2022-12-22T21:36:01.000,99.03746614385034,1.875E9,2,"Bauer, Franz",Galaxy evolution,uid://A001/X1590/X35ab,"[84.10..85.97GHz,3904.30kHz,2.2mJy/beam@10km/s,85.6uJy/beam@native, XX YY] U [85.98..87.85GHz,3904.30kHz,2.2mJy/beam@10km/s,85.6uJy/beam@native, XX YY] U [96.23..98.10GHz,3904.30kHz,2.1mJy/beam@10km/s,85.8uJy/beam@native, XX YY] U [98.10..99.97GHz,3904.30kHz,2mJy/beam@10km/s,85.8uJy/beam@native, XX YY]",A Legacy Survey of SMGs in the CDF-S,2 mm Observations and the Search for High-redshift Dusty Star-forming Galaxies A Deep ALMA Survey of the Redshift Distribution of Dusty Star-forming Galaxies A Redshift-based Red Selection of Dusty Star-forming Galaxies Active galactic nuclei-heated dust revealed in ''little red dots'' Dust Properties of 870 μm-selected Galaxies in GOODS-S The Physical Properties and Morphologies of Faint Dusty Star-forming Galaxies Identified with JWST,Sub-mm Galaxies (SMG);null
2018.1.00164.S,uid://A001/X133d/X7ac.source.cdfs_31127.spw.27,cdfs_31127,6,53.07058333339074,-27.834461111131322,0.00711636118982137,0.9987542746613368,816.48,0.06464108304193733,2.0141908552201326,F,Public,2020-07-23T09:57:54.000,233.35400353909648,1.875E9,2,"Ibar, Edo",Active galaxies,uid://A001/X133d/X7ac,"[218.42..220.29GHz,7812.01kHz,2.1mJy/beam@10km/s,129.1uJy/beam@native, XX YY] U [220.29..222.16GHz,7812.01kHz,2mJy/beam@10km/s,128.3uJy/beam@native, XX YY] U [232.42..234.29GHz,7812.01kHz,2mJy/beam@10km/s,129.8uJy/beam@native, XX YY] U [234.30..236.16GHz,7812.01kHz,2mJy/beam@10km/s,129.9uJy/beam@native, XX YY]",A survey for the molecular gas content in star-forming galaxies at z~1.5: exploiting the VLT/KMOS and ALMA synergy,A<SUP>3</SUP>COSMOS and A<SUP>3</SUP>GOODSS: Continuum source catalogues and multi-band number counts A<SUP>3</SUP>COSMOS: Dissecting the gas content of star-forming galaxies across the main sequence at 1.2 ≤ z < 1.6 A<SUP>3</SUP>COSMOS: Measuring the cosmic dust-attenuated star formation rate density at 4 < z < 5 A<SUP>3</SUP>COSMOS: The dust content of massive quiescent galaxies and its evolution with cosmic time ALMACAL. XI. Over-densities as signposts for proto-clusters? A cautionary tale Active galactic nuclei-heated dust revealed in ''little red dots'' Cosmic Evolution of Gas and Star Formation Dust emission from the bulk of galaxies in the Epoch of Reionisation KASHz+SUPER: Evidence of cold molecular gas depletion in AGN hosts at cosmic noon,Starburst galaxies;Galaxy structure & evolution
2018.1.00164.S,uid://A001/X133d/X7ac.source.cdfs_31127.spw.29,cdfs_31127,6,53.07058333339074,-27.834461111131322,0.00711636118982137,0.9987542746613368,816.48,0.06464108304193733,2.0458604113284093,F,Public,2020-07-23T09:57:54.000,221.22832788608673,1.875E9,2,"Ibar, Edo",Active galaxies,uid://A001/X133d/X7ac,"[218.42..220.29GHz,7812.01kHz,2.1mJy/beam@10km/s,129.1uJy/beam@native, XX YY] U [220.29..222.16GHz,7812.01kHz,2mJy/beam@10km/s,128.3uJy/beam@native, XX YY] U [232.42..234.29GHz,7812.01kHz,2mJy/beam@10km/s,129.8uJy/beam@native, XX YY] U [234.30..236.16GHz,7812.01kHz,2mJy/beam@10km/s,129.9uJy/beam@native, XX YY]",A survey for the molecular gas content in star-forming galaxies at z~1.5: exploiting the VLT/KMOS and ALMA synergy,A<SUP>3</SUP>COSMOS and A<SUP>3</SUP>GOODSS: Continuum source catalogues and multi-band number counts A<SUP>3</SUP>COSMOS: Dissecting the gas content of star-forming galaxies across the main sequence at 1.2 ≤ z < 1.6 A<SUP>3</SUP>COSMOS: Measuring the cosmic dust-attenuated star formation rate density at 4 < z < 5 A<SUP>3</SUP>COSMOS: The dust content of massive quiescent galaxies and its evolution with cosmic time ALMACAL. XI. Over-densities as signposts for proto-clusters? A cautionary tale Active galactic nuclei-heated dust revealed in ''little red dots'' Cosmic Evolution of Gas and Star Formation Dust emission from the bulk of galaxies in the Epoch of Reionisation KASHz+SUPER: Evidence of cold molecular gas depletion in AGN hosts at cosmic noon,Starburst galaxies;Galaxy structure & evolution
2018.1.00164.S,uid://A001/X133d/X7ac.source.cdfs_31127.spw.31,cdfs_31127,6,53.07058333339074,-27.834461111131322,0.00711636118982137,0.9987542746613368,816.48,0.06464108304193733,2.066971218544317,F,Public,2020-07-23T09:57:54.000,219.35322340369345,1.875E9,2,"Ibar, Edo",Active galaxies,uid://A001/X133d/X7ac,"[218.42..220.29GHz,7812.01kHz,2.1mJy/beam@10km/s,129.1uJy/beam@native, XX YY] U [220.29..222.16GHz,7812.01kHz,2mJy/beam@10km/s,128.3uJy/beam@native, XX YY] U [232.42..234.29GHz,7812.01kHz,2mJy/beam@10km/s,129.8uJy/beam@native, XX YY] U [234.30..236.16GHz,7812.01kHz,2mJy/beam@10km/s,129.9uJy/beam@native, XX YY]",A survey for the molecular gas content in star-forming galaxies at z~1.5: exploiting the VLT/KMOS and ALMA synergy,A<SUP>3</SUP>COSMOS and A<SUP>3</SUP>GOODSS: Continuum source catalogues and multi-band number counts A<SUP>3</SUP>COSMOS: Dissecting the gas content of star-forming galaxies across the main sequence at 1.2 ≤ z < 1.6 A<SUP>3</SUP>COSMOS: Measuring the cosmic dust-attenuated star formation rate density at 4 < z < 5 A<SUP>3</SUP>COSMOS: The dust content of massive quiescent galaxies and its evolution with cosmic time ALMACAL. XI. Over-densities as signposts for proto-clusters? A cautionary tale Active galactic nuclei-heated dust revealed in ''little red dots'' Cosmic Evolution of Gas and Star Formation Dust emission from the bulk of galaxies in the Epoch of Reionisation KASHz+SUPER: Evidence of cold molecular gas depletion in AGN hosts at cosmic noon,Starburst galaxies;Galaxy structure & evolution
2018.1.00164.S,uid://A001/X133d/X7ac.source.cdfs_31127.spw.25,cdfs_31127,6,53.07058333339074,-27.834461111131322,0.00711636118982137,0.9987542746613368,816.48,0.06464108304193733,2.00808344803726,F,Public,2020-07-23T09:57:54.000,235.22910802148974,1.875E9,2,"Ibar, Edo",Active galaxies,uid://A001/X133d/X7ac,"[218.42..220.29GHz,7812.01kHz,2.1mJy/beam@10km/s,129.1uJy/beam@native, XX YY] U [220.29..222.16GHz,7812.01kHz,2mJy/beam@10km/s,128.3uJy/beam@native, XX YY] U [232.42..234.29GHz,7812.01kHz,2mJy/beam@10km/s,129.8uJy/beam@native, XX YY] U [234.30..236.16GHz,7812.01kHz,2mJy/beam@10km/s,129.9uJy/beam@native, XX YY]",A survey for the molecular gas content in star-forming galaxies at z~1.5: exploiting the VLT/KMOS and ALMA synergy,A<SUP>3</SUP>COSMOS and A<SUP>3</SUP>GOODSS: Continuum source catalogues and multi-band number counts A<SUP>3</SUP>COSMOS: Dissecting the gas content of star-forming galaxies across the main sequence at 1.2 ≤ z < 1.6 A<SUP>3</SUP>COSMOS: Measuring the cosmic dust-attenuated star formation rate density at 4 < z < 5 A<SUP>3</SUP>COSMOS: The dust content of massive quiescent galaxies and its evolution with cosmic time ALMACAL. XI. Over-densities as signposts for proto-clusters? A cautionary tale Active galactic nuclei-heated dust revealed in ''little red dots'' Cosmic Evolution of Gas and Star Formation Dust emission from the bulk of galaxies in the Epoch of Reionisation KASHz+SUPER: Evidence of cold molecular gas depletion in AGN hosts at cosmic noon,Starburst galaxies;Galaxy structure & evolution
2021.1.00024.S,uid://A001/X1590/X35e3.source.cdfs33.spw.25,cdfs33,6,53.072708333392,-27.834277777801752,0.006796159368601395,0.7439310508363571,60.48,0.08678309942294801,2.8013698606246336,F,Public,2023-09-27T17:25:23.000,229.18801122975037,1.875E9,2,"Bauer, Franz",Galaxy evolution,uid://A001/X1590/X35e3,"[228.25..230.12GHz,3904.30kHz,2.8mJy/beam@10km/s,178.9uJy/beam@native, XX YY] U [230.13..232.00GHz,3904.30kHz,2.8mJy/beam@10km/s,179uJy/beam@native, XX YY] U [244.00..245.87GHz,3904.30kHz,2.6mJy/beam@10km/s,168.5uJy/beam@native, XX YY] U [245.88..247.75GHz,3904.30kHz,2.5mJy/beam@10km/s,168.7uJy/beam@native, XX YY]",A Legacy Survey of SMGs in the CDF-S,2 mm Observations and the Search for High-redshift Dusty Star-forming Galaxies A Deep ALMA Survey of the Redshift Distribution of Dusty Star-forming Galaxies A Redshift-based Red Selection of Dusty Star-forming Galaxies Active galactic nuclei-heated dust revealed in ''little red dots'' Dust Properties of 870 μm-selected Galaxies in GOODS-S The Physical Properties and Morphologies of Faint Dusty Star-forming Galaxies Identified with JWST,Sub-mm Galaxies (SMG);null
2021.1.00024.S,uid://A001/X1590/X35e3.source.cdfs33.spw.27,cdfs33,6,53.072708333392,-27.834277777801752,0.006796159368601395,0.7439310508363571,60.48,0.08678309942294801,2.7926304558116595,F,Public,2023-09-27T17:25:23.000,231.0620113215565,1.875E9,2,"Bauer, Franz",Galaxy evolution,uid://A001/X1590/X35e3,"[228.25..230.12GHz,3904.30kHz,2.8mJy/beam@10km/s,178.9uJy/beam@native, XX YY] U [230.13..232.00GHz,3904.30kHz,2.8mJy/beam@10km/s,179uJy/beam@native, XX YY] U [244.00..245.87GHz,3904.30kHz,2.6mJy/beam@10km/s,168.5uJy/beam@native, XX YY] U [245.88..247.75GHz,3904.30kHz,2.5mJy/beam@10km/s,168.7uJy/beam@native, XX YY]",A Legacy Survey of SMGs in the CDF-S,2 mm Observations and the Search for High-redshift Dusty Star-forming Galaxies A Deep ALMA Survey of the Redshift Distribution of Dusty Star-forming Galaxies A Redshift-based Red Selection of Dusty Star-forming Galaxies Active galactic nuclei-heated dust revealed in ''little red dots'' Dust Properties of 870 μm-selected Galaxies in GOODS-S The Physical Properties and Morphologies of Faint Dusty Star-forming Galaxies Identified with JWST,Sub-mm Galaxies (SMG);null
2021.1.00024.S,uid://A001/X1590/X35e3.source.cdfs33.spw.29,cdfs33,6,53.072708333392,-27.834277777801752,0.006796159368601395,0.7439310508363571,60.48,0.08678309942294801,2.5532886413118194,F,Public,2023-09-27T17:25:23.000,244.93801200167263,1.875E9,2,"Bauer, Franz",Galaxy evolution,uid://A001/X1590/X35e3,"[228.25..230.12GHz,3904.30kHz,2.8mJy/beam@10km/s,178.9uJy/beam@native, XX YY] U [230.13..232.00GHz,3904.30kHz,2.8mJy/beam@10km/s,179uJy/beam@native, XX YY] U [244.00..245.87GHz,3904.30kHz,2.6mJy/beam@10km/s,168.5uJy/beam@native, XX YY] U [245.88..247.75GHz,3904.30kHz,2.5mJy/beam@10km/s,168.7uJy/beam@native, XX YY]",A Legacy Survey of SMGs in the CDF-S,2 mm Observations and the Search for High-redshift Dusty Star-forming Galaxies A Deep ALMA Survey of the Redshift Distribution of Dusty Star-forming Galaxies A Redshift-based Red Selection of Dusty Star-forming Galaxies Active galactic nuclei-heated dust revealed in ''little red dots'' Dust Properties of 870 μm-selected Galaxies in GOODS-S The Physical Properties and Morphologies of Faint Dusty Star-forming Galaxies Identified with JWST,Sub-mm Galaxies (SMG);null
2021.1.00024.S,uid://A001/X1590/X35e3.source.cdfs33.spw.31,cdfs33,6,53.072708333392,-27.834277777801752,0.006796159368601395,0.7439310508363571,60.48,0.08678309942294801,2.5461521901277244,F,Public,2023-09-27T17:25:23.000,246.81201209347884,1.875E9,2,"Bauer, Franz",Galaxy evolution,uid://A001/X1590/X35e3,"[228.25..230.12GHz,3904.30kHz,2.8mJy/beam@10km/s,178.9uJy/beam@native, XX YY] U [230.13..232.00GHz,3904.30kHz,2.8mJy/beam@10km/s,179uJy/beam@native, XX YY] U [244.00..245.87GHz,3904.30kHz,2.6mJy/beam@10km/s,168.5uJy/beam@native, XX YY] U [245.88..247.75GHz,3904.30kHz,2.5mJy/beam@10km/s,168.7uJy/beam@native, XX YY]",A Legacy Survey of SMGs in the CDF-S,2 mm Observations and the Search for High-redshift Dusty Star-forming Galaxies A Deep ALMA Survey of the Redshift Distribution of Dusty Star-forming Galaxies A Redshift-based Red Selection of Dusty Star-forming Galaxies Active galactic nuclei-heated dust revealed in ''little red dots'' Dust Properties of 870 μm-selected Galaxies in GOODS-S The Physical Properties and Morphologies of Faint Dusty Star-forming Galaxies Identified with JWST,Sub-mm Galaxies (SMG);null
2018.1.00164.S,uid://A001/X133d/X7a8.source.cdfs_31127.spw.29,cdfs_31127,3,53.07058333336423,-27.83446111112505,0.01738152129888955,2.480901527709229,2721.6,0.02135022685975857,1.0670479698107278,F,Public,2020-03-04T10:37:54.000,87.99529449970788,1.875E9,2,"Ibar, Edo",Active galaxies,uid://A001/X133d/X7a8,"[85.18..87.06GHz,3904.30kHz,1.1mJy/beam@10km/s,44uJy/beam@native, XX YY] U [87.06..88.93GHz,3904.30kHz,1.1mJy/beam@10km/s,42.2uJy/beam@native, XX YY] U [97.18..99.06GHz,3904.30kHz,1mJy/beam@10km/s,42.3uJy/beam@native, XX YY] U [99.06..100.93GHz,3904.30kHz,1mJy/beam@10km/s,42.3uJy/beam@native, XX YY]",A survey for the molecular gas content in star-forming galaxies at z~1.5: exploiting the VLT/KMOS and ALMA synergy,A<SUP>3</SUP>COSMOS and A<SUP>3</SUP>GOODSS: Continuum source catalogues and multi-band number counts A<SUP>3</SUP>COSMOS: Dissecting the gas content of star-forming galaxies across the main sequence at 1.2 ≤ z < 1.6 A<SUP>3</SUP>COSMOS: Measuring the cosmic dust-attenuated star formation rate density at 4 < z < 5 A<SUP>3</SUP>COSMOS: The dust content of massive quiescent galaxies and its evolution with cosmic time ALMACAL. XI. Over-densities as signposts for proto-clusters? A cautionary tale Active galactic nuclei-heated dust revealed in ''little red dots'' Cosmic Evolution of Gas and Star Formation Dust emission from the bulk of galaxies in the Epoch of Reionisation KASHz+SUPER: Evidence of cold molecular gas depletion in AGN hosts at cosmic noon,Starburst galaxies;Galaxy structure & evolution
2018.1.00164.S,uid://A001/X133d/X7a8.source.cdfs_31127.spw.31,cdfs_31127,3,53.07058333336423,-27.83446111112505,0.01738152129888955,2.480901527709229,2721.6,0.02135022685975857,1.1249566903128594,F,Public,2020-03-04T10:37:54.000,86.12029460890069,1.875E9,2,"Ibar, Edo",Active galaxies,uid://A001/X133d/X7a8,"[85.18..87.06GHz,3904.30kHz,1.1mJy/beam@10km/s,44uJy/beam@native, XX YY] U [87.06..88.93GHz,3904.30kHz,1.1mJy/beam@10km/s,42.2uJy/beam@native, XX YY] U [97.18..99.06GHz,3904.30kHz,1mJy/beam@10km/s,42.3uJy/beam@native, XX YY] U [99.06..100.93GHz,3904.30kHz,1mJy/beam@10km/s,42.3uJy/beam@native, XX YY]",A survey for the molecular gas content in star-forming galaxies at z~1.5: exploiting the VLT/KMOS and ALMA synergy,A<SUP>3</SUP>COSMOS and A<SUP>3</SUP>GOODSS: Continuum source catalogues and multi-band number counts A<SUP>3</SUP>COSMOS: Dissecting the gas content of star-forming galaxies across the main sequence at 1.2 ≤ z < 1.6 A<SUP>3</SUP>COSMOS: Measuring the cosmic dust-attenuated star formation rate density at 4 < z < 5 A<SUP>3</SUP>COSMOS: The dust content of massive quiescent galaxies and its evolution with cosmic time ALMACAL. XI. Over-densities as signposts for proto-clusters? A cautionary tale Active galactic nuclei-heated dust revealed in ''little red dots'' Cosmic Evolution of Gas and Star Formation Dust emission from the bulk of galaxies in the Epoch of Reionisation KASHz+SUPER: Evidence of cold molecular gas depletion in AGN hosts at cosmic noon,Starburst galaxies;Galaxy structure & evolution
2018.1.00164.S,uid://A001/X133d/X7a8.source.cdfs_31127.spw.25,cdfs_31127,3,53.07058333336423,-27.83446111112505,0.01738152129888955,2.480901527709229,2721.6,0.02135022685975857,1.00345929107924,F,Public,2020-03-04T10:37:54.000,99.99529380106173,1.875E9,2,"Ibar, Edo",Active galaxies,uid://A001/X133d/X7a8,"[85.18..87.06GHz,3904.30kHz,1.1mJy/beam@10km/s,44uJy/beam@native, XX YY] U [87.06..88.93GHz,3904.30kHz,1.1mJy/beam@10km/s,42.2uJy/beam@native, XX YY] U [97.18..99.06GHz,3904.30kHz,1mJy/beam@10km/s,42.3uJy/beam@native, XX YY] U [99.06..100.93GHz,3904.30kHz,1mJy/beam@10km/s,42.3uJy/beam@native, XX YY]",A survey for the molecular gas content in star-forming galaxies at z~1.5: exploiting the VLT/KMOS and ALMA synergy,A<SUP>3</SUP>COSMOS and A<SUP>3</SUP>GOODSS: Continuum source catalogues and multi-band number counts A<SUP>3</SUP>COSMOS: Dissecting the gas content of star-forming galaxies across the main sequence at 1.2 ≤ z < 1.6 A<SUP>3</SUP>COSMOS: Measuring the cosmic dust-attenuated star formation rate density at 4 < z < 5 A<SUP>3</SUP>COSMOS: The dust content of massive quiescent galaxies and its evolution with cosmic time ALMACAL. XI. Over-densities as signposts for proto-clusters? A cautionary tale Active galactic nuclei-heated dust revealed in ''little red dots'' Cosmic Evolution of Gas and Star Formation Dust emission from the bulk of galaxies in the Epoch of Reionisation KASHz+SUPER: Evidence of cold molecular gas depletion in AGN hosts at cosmic noon,Starburst galaxies;Galaxy structure & evolution
2018.1.00164.S,uid://A001/X133d/X7a8.source.cdfs_31127.spw.27,cdfs_31127,3,53.07058333336423,-27.83446111112505,0.01738152129888955,2.480901527709229,2721.6,0.02135022685975857,1.0125884280203954,F,Public,2020-03-04T10:37:54.000,98.12029391025459,1.875E9,2,"Ibar, Edo",Active galaxies,uid://A001/X133d/X7a8,"[85.18..87.06GHz,3904.30kHz,1.1mJy/beam@10km/s,44uJy/beam@native, XX YY] U [87.06..88.93GHz,3904.30kHz,1.1mJy/beam@10km/s,42.2uJy/beam@native, XX YY] U [97.18..99.06GHz,3904.30kHz,1mJy/beam@10km/s,42.3uJy/beam@native, XX YY] U [99.06..100.93GHz,3904.30kHz,1mJy/beam@10km/s,42.3uJy/beam@native, XX YY]",A survey for the molecular gas content in star-forming galaxies at z~1.5: exploiting the VLT/KMOS and ALMA synergy,A<SUP>3</SUP>COSMOS and A<SUP>3</SUP>GOODSS: Continuum source catalogues and multi-band number counts A<SUP>3</SUP>COSMOS: Dissecting the gas content of star-forming galaxies across the main sequence at 1.2 ≤ z < 1.6 A<SUP>3</SUP>COSMOS: Measuring the cosmic dust-attenuated star formation rate density at 4 < z < 5 A<SUP>3</SUP>COSMOS: The dust content of massive quiescent galaxies and its evolution with cosmic time ALMACAL. XI. Over-densities as signposts for proto-clusters? A cautionary tale Active galactic nuclei-heated dust revealed in ''little red dots'' Cosmic Evolution of Gas and Star Formation Dust emission from the bulk of galaxies in the Epoch of Reionisation KASHz+SUPER: Evidence of cold molecular gas depletion in AGN hosts at cosmic noon,Starburst galaxies;Galaxy structure & evolution
