{
  "z_squared": 33.510321638291124,
  "tasks": {
    "xor": {
      "standard": {
        "final_loss": 0.06228944527778467,
        "epochs_to_threshold": 100,
        "time": 0.11537623405456543
      },
      "orbifold": {
        "final_loss": 0.08716308476300673,
        "epochs_to_threshold": 100,
        "time": 0.1460878849029541
      }
    },
    "spiral": {
      "standard": {
        "final_loss": NaN,
        "epochs_to_threshold": 200,
        "time": 0.25069499015808105
      },
      "orbifold": {
        "final_loss": 0.20092018679679693,
        "epochs_to_threshold": 200,
        "time": 0.32102298736572266
      }
    },
    "regression": {
      "standard": {
        "final_loss": 0.02126110073675417,
        "epochs_to_threshold": 113,
        "time": 0.2711920738220215
      },
      "orbifold": {
        "final_loss": 0.02698603105254511,
        "epochs_to_threshold": 120,
        "time": 0.34653735160827637
      }
    },
    "autoencoder": {
      "standard": {
        "final_loss": NaN,
        "epochs_to_threshold": 200,
        "time": 0.38868188858032227
      },
      "orbifold": {
        "final_loss": NaN,
        "epochs_to_threshold": 200,
        "time": 0.5081119537353516
      }
    }
  },
  "summary": {
    "orbifold_wins": 0,
    "standard_wins": 2,
    "claimed_speedup": 33.510321638291124,
    "actual_speedup": "See per-task results"
  }
}