ID,FILE,Z,OBSBAND,cat_SN,quality,x0,y0,PA,Va,rt,sig0,dv,Ftot,nii,eVa,ert,esig0,chi2r,nfit,edge,inc_deg,rd,rhalf,noise_scale,V22,eV22,Vre,eVre,rmax,sig_int,status,secs,badchi,catalog_HAFIT_SIG,notes
COS4_01966,COS4_01966_K.fits,2.30595,K,5.596849648458626,lowSN,0.2801381409580371,-0.0626947292669389,113.14235175140796,126.0821996682737,0.0200000000078723,47.5866733068806,1.4019409716364597,0.0040564023199941,0.1634773346042599,20.795872016589698,0.060559199690766,8.37590174629203,1.190300268910396,29532.0,True,67.49694007522857,0.1964285714285714,0.33,0.8989590104057359,122.37003897239056,11.417198725681695,121.22351106727544,9.651566548800355,0.877123745819398,107.09001271960848,ok,40.448280811309814,False,101.9,
COS4_02672,COS4_02672_K.fits,2.3075,K,23.82346645260553,highSN,-0.0673093801179496,0.2314659519545522,354.36715759219015,222.4837707386656,0.1920297184039939,31.791956487101498,11.502542989887326,0.0145370111536835,0.161686035476418,9.146142351296875,0.0239098172247724,3.2867119661695336,1.2040851796094445,29853.0,False,62.76331399515308,0.2988095238095238,0.502,0.8990379978896189,182.22957016501647,3.3753872229083983,170.73573158890832,2.400683587844064,1.4452173913043478,132.2094657209733,ok,34.446489095687866,False,128.4,
COS4_02887,COS4_02887_K.fits,2.17316,K,8.038581912367796,lowSN,-0.3999999999991663,-0.2890728548952594,14.98982881197412,183.8045087755333,2.999999982459304,24.78258401700699,11.211633098252006,0.0039244627436709,0.1793989002677861,962.257962148551,16.84403181121941,3.9266064570876944,1.182137463011251,28569.0,True,63.26701068694164,0.4482142857142857,0.753,0.9028069844873736,37.15955714928441,7.012365993394828,28.775936162122065,6.978284131021873,1.2957190635451503,54.61605103933977,ok,30.947014808654785,False,35.3,
COS4_03179,COS4_03179_K.fits,2.1707,K,13.5648238173467,highSN,-0.0507592295010471,-0.379852609827885,333.9314753419041,799.9999999999656,1.12592997976182,44.30286576847257,-12.613818498143637,0.007109381117552,0.0648090613620805,709.6636090541695,1.1095537280628558,6.2505576920423875,1.2165017076042044,28747.0,True,39.7883605205057,0.1761904761904761,0.296,0.9013934150276934,168.8606882975991,12.494839188079784,130.92808803502135,11.59017521829304,0.8272909698996656,113.98308218349256,ok,38.07126212120056,False,109.7,
COS4_03206,COS4_03206_K.fits,2.1026,K,14.934837784153608,highSN,-0.0291465394349943,-0.183682482675407,323.9123423273302,409.236719586609,0.0200000000000647,94.96703924609426,75.69691301667055,0.0050114526678113,0.842314212740214,26.157325012912867,0.0384653960482433,11.247345629991925,1.2923209630904222,29232.0,True,59.426516691253326,0.4422619047619048,0.743,0.8695445943739495,403.8821897301291,17.20492663789062,402.2255408333929,14.883023778907123,1.2259531772575252,308.70570341931045,ok,48.313955783843994,False,366.2,
COS4_03324,COS4_03324_K.fits,2.30684,K,16.22112729575681,highSN,-0.0115472853988725,-0.0812042868680999,73.08420961251852,67.67937238417696,0.0200000000108341,43.30946998883274,7.897193164489572,0.0120495893729006,0.1670226196698222,12.093049232889674,0.0985762089004363,2.825909722210002,1.2630873963601443,29532.0,True,48.11826961117465,0.3416666666666667,0.574,0.8883866983827713,66.53322968162847,7.0023031213895575,66.17872419001758,5.725198326430714,1.3455518394648829,77.51624814725847,ok,30.672770261764526,False,54.4,
COS4_04453,COS4_04453_K.fits,2.438,K,11.446735615254076,highSN,-0.0287551499749318,0.1042852657674999,335.94530807145776,59.998108507491935,0.3312826634836111,101.8135347112562,-6.895819776641761,0.0085060601553122,0.3499157663844383,146.61869464109176,1.6140125448187983,5.365353682805819,1.2359271931201832,34435.0,False,62.330899632711834,0.2214285714285714,0.372,0.8709854149439563,37.18699123340563,14.20746706995642,32.20798748587165,18.761088796172885,0.9468896321070236,156.16744957593295,ok,45.99783706665039,False,86.5,
COS4_04519,COS4_04519_K.fits,2.2285,K,32.42954476722466,highSN,0.0878495755891964,-0.0998588334535012,105.71060060326192,464.5333435863823,0.7929638900304814,83.83317854125545,6.313686731266097,0.0150110844850437,0.2653202062460424,216.17419946347655,0.4393203113701333,2.1931582782268086,1.6628739235090997,30240.0,False,53.281852674631466,0.1720238095238095,0.289,0.8700737083312605,131.68704665493323,6.177385247582709,103.35631624963077,6.458182051699465,0.9468896321070236,138.5111659619472,ok,27.53155398368835,False,121.7,
COS4_04717,COS4_04717_K.fits,2.43912,K,5.072964072964073,lowSN,-0.1296810917897601,0.2141031537295006,54.12987205366731,678.0925675137032,2.9999999388286955,61.88014634552438,25.610061420158964,0.0043216400885823,0.4325042043476003,4741.234821206139,21.849620008922702,6.500895307624194,1.2787300767299004,32592.0,True,56.91678317232996,0.2958333333333333,0.497,0.8678951894406183,92.22302952708318,17.24697976009549,70.87247307656358,16.54132100916663,0.9070234113712377,123.68413641841552,ok,35.411853075027466,False,48.9,
COS4_04930,COS4_04930_K.fits,2.2271,K,14.483094615066795,highSN,-0.0268862169205065,0.0358140088589803,300.6664965249337,291.7222698454236,0.3433330095098979,45.2744628488866,-26.06746397100775,0.0071580787458009,0.2509950502724344,38.69960710486213,0.0914719452874597,7.401990995446595,1.2767285239473147,29211.0,False,62.76331399515308,0.2732142857142857,0.459,0.8901113057636797,195.3402127143541,8.094226897967937,172.45139480510946,6.636668449092157,1.1362541806020068,144.6178305679285,ok,54.94429302215576,False,133.5,
COS4_05094,COS4_05094_K.fits,2.17149,K,8.498077776134851,lowSN,-0.0040015863976533,-0.1032630797846383,206.4480365644871,238.2379237964491,0.0200208526927896,10.0000000001734,-46.56310974733292,0.008439992398595,0.2127185461336915,8.398161635479337,0.0195063926203403,19.993115465941532,1.1710551186965807,28569.0,True,66.99502078263927,0.356547619047619,0.599,0.9278671247931614,234.3676732010159,5.045601268599274,233.17052457166207,4.203247804423159,1.5349163879598662,176.74402629532753,ok,56.250251054763794,False,130.2,
COS4_05389,COS4_05389_K.fits,2.30193,K,18.02441192813484,highSN,-0.2930980302879485,0.3999999999999228,110.29088938374552,634.9131478107703,0.0523159090890288,18.147625978177132,-4.118641989489159,0.0060167935958522,0.2069077465969848,13.397979064499587,0.0047586039196784,7.627516321740679,1.2609709263311764,31248.0,True,49.33996585465228,0.1541666666666666,0.259,0.873912802308946,573.0537436392566,9.049113101737726,554.3523358990922,8.32672195633672,0.7973913043478261,303.6637593942867,ok,61.912046909332275,False,578.9,
COS4_05415,COS4_05415_K.fits,2.30301,K,11.289131449207735,highSN,0.1977824066789158,-0.3999999999999999,86.71802259466683,498.2923186141618,0.02,50.929564662152515,-143.76784589501423,0.0068289006120366,0.1719215809925553,21.335032971059892,0.0132308547957628,7.738014777465116,1.2152377004401818,29532.0,True,60.30243528197452,0.1982142857142857,0.333,0.8978317447496836,483.7533887581921,12.751939004984704,479.26276089061497,10.686706260363296,0.936923076923077,309.71077104198264,ok,59.10072898864746,False,179.3,
COS4_05433,COS4_05433_K.fits,2.19248,K,23.102631515473117,highSN,0.0224879026835673,0.0741209684236421,247.99682795058456,168.95354413159282,0.0200000000003144,34.62190567489513,8.022311501464614,0.010010956038119,0.2323053105016706,9.313523083955166,0.0319503571705203,2.581175108388908,1.2582751373855616,28569.0,True,33.18902692363796,0.5029761904761905,0.845,0.8715162199929216,167.0097062912706,6.540231660793185,166.4082402614484,5.773148387292417,1.4950501672240804,102.64710371411162,ok,34.99379205703735,False,85.9,
COS4_05473,COS4_05473_K.fits,2.2472,K,2.4923688302712663,lowSN,0.0962566424099251,0.0988067456839245,299.48802626683766,145.4466745037624,0.0225618310825046,10.220240537395744,167.38963853352905,0.0006249731507773,0.4629099973167193,90.42509842807397,0.1505323666674273,161.02409700328752,1.1984410226271458,32123.0,False,78.54846713305493,0.1553571428571428,0.261,0.8776541464191829,139.34323385011268,59.42987590234488,137.46232604741363,53.605437200744205,0.6179933110367893,140.7982126698759,ok,93.07707285881042,False,48.3,
COS4_05706,COS4_05706_K.fits,2.4369,K,21.011755607115237,highSN,-0.0080768709559676,-0.1992228754498453,37.42590499016308,227.42151006061897,0.0200000000583292,46.899798730239816,12.65709592650087,0.0159156688724675,0.2309381570554592,7.135566560664514,0.0127385769853991,3.917184288186271,1.2854769558809618,30816.0,True,74.08036104990113,0.2863095238095238,0.481,0.8835695240526945,222.8259621691176,4.676635994723829,221.4049745290932,4.082548590717375,1.4551839464882943,180.2345187652312,ok,52.10070180892944,False,220.0,
COS4_06079,COS4_06079_K.fits,2.44101,K,12.863532602985702,highSN,0.0332032341146347,-0.0943547379955678,119.37624365405306,256.70971512892146,0.0200000005996903,22.042588127427287,-20.3836801036048,0.010979150620229,0.2208764070042645,10.471204436576263,0.0233323962501907,5.6542367191494405,1.2916854552062846,31137.0,True,48.2003550920026,0.3833333333333333,0.644,0.8887308449870756,252.83471455614009,6.4901713430449455,251.6359891734652,5.481986169442531,1.3156521739130436,158.52449877359695,ok,37.74097394943237,False,199.4,
COS4_06279,COS4_06279_K.fits,2.22135,K,10.006553948056476,highSN,-0.1295546203125296,0.0799479100618627,169.88660087174836,29.069054966531727,0.0200000432239159,117.42353395945494,29.97339219377223,0.0057297335734396,0.1442268929814331,109.37537209040586,1.6141392589624546,6.105916014593896,1.3542965743441309,28890.0,True,59.7189932075975,0.1702380952380952,0.286,0.8619208958258849,28.081752499310532,30.75955782693739,27.777034186085093,18.43963175066242,0.7575250836120402,135.34953604944988,ok,29.896373987197876,False,150.0,
COS4_06750,COS4_06750_K.fits,2.12699,K,16.69586386601911,highSN,-0.0726154872417005,-0.0557875939928533,112.61302754673476,48.84622825911977,0.1110544972283727,95.06665132964804,18.013596101559234,0.0126548257287158,0.1696019473495676,40.88416644963598,0.4241037022446111,2.6679377656331784,1.4050964147711749,29232.0,False,62.4030155226388,0.2136904761904761,0.359,0.8213781458897326,41.63266107914639,10.396444262356674,39.51706578598922,6.877344340095797,1.0764548494983277,123.3728324758223,ok,26.261103868484497,False,88.0,
COS4_06963,COS4_06963_K.fits,2.30093,K,22.701969872537656,highSN,-0.1819821000187249,-0.1980417245042024,140.0763140891426,799.9999880479162,1.6022180625553897,71.39589045197678,48.26330766987459,0.0036177784378927,0.1893106629476051,6358.86749833363,13.394565367299691,4.5117319242891405,1.172743986363984,31434.0,True,29.4890166773418,0.1523809523809524,0.256,0.9200573799817808,105.04643536495854,28.29043324579705,80.69246371625047,27.18072586445737,0.6478929765886288,105.74119898338064,ok,30.12419319152832,False,232.9,
COS4_08515,COS4_08515_K.fits,2.45389,K,12.772176020267665,highSN,-0.0733026914032544,-0.0470615430568918,121.49572731315376,95.2436959451782,0.0200000809280972,46.43655175822379,11.559708958978243,0.0117455227473863,7.387993678995856e-05,10.946931583191814,0.0763845950577669,3.2138811212695693,1.5061254675592248,31234.0,True,84.3563889447739,0.3303571428571429,0.555,0.8877032194652952,93.57555730024328,5.251497347323264,93.05962246295732,4.0518520360202315,1.8837458193979937,83.7943054196153,ok,47.477713108062744,False,87.9,
COS4_08775,COS4_08775_K.fits,2.16241,K,30.45027137197426,highSN,0.0786237249223202,-0.2296244132747107,229.88658793216587,97.17950241396754,0.0200000000000321,51.967280968236494,23.680822462021116,0.0105331180742776,0.2070434481364838,6.139663573377855,0.0212525797956847,2.1536817954033967,1.325202070152366,29904.0,True,58.91338864600862,0.2547619047619047,0.428,0.8716180056148141,94.97280194250416,3.9760981558531543,94.2906509564298,3.3946668605924124,1.2159866220735789,108.58447887462911,ok,39.337300062179565,False,84.0,
COS4_09044,COS4_09044_K.fits,2.19825,K,19.669666352620126,highSN,-0.0272312720665645,-0.0946546275444935,147.93959874591388,234.5659441809578,0.1155695314323624,34.90827248540095,-3.315719748342657,0.0056188900828565,0.1032164000621623,21.154259954838754,0.022330045325776,5.638513887972958,1.153914361621463,33300.0,False,59.133507744922696,0.1101190476190476,0.185,0.9066399999584592,168.09729277442918,4.783369131841275,151.18289034920593,2.8134316187605792,0.6678260869565218,115.6416985993571,ok,22.615657806396484,False,129.2,
COS4_10056,COS4_10056_K.fits,2.56218,K,17.498680903217767,highSN,0.0180780985557441,-0.050770271027428,316.72196888669697,139.84154378950282,0.0200000000000001,37.47497993595571,-4.903610260977044,0.0074443356787986,0.4114102613360595,12.02962804147523,0.0347950765621922,4.407647059789661,1.0944517889415704,41900.0,True,48.364245352782135,0.3244047619047619,0.545,0.9364964115723916,137.34739257238007,8.056153744799284,136.57600394846455,6.968714444923758,1.0166555183946488,132.57139280476977,ok,65.21212697029114,False,84.5,
COS4_10347,COS4_10347_K.fits,2.06329,K,14.608155850524367,highSN,-0.1257827749515492,-0.1167397567167544,125.6489008859943,319.7958258539278,0.1247984937102123,51.621838488063226,41.64395222993507,0.0172308951654774,0.4285436959838157,18.06799751843292,0.0269342427027435,3.5875979762977934,1.1651969490786709,25160.0,False,35.12018200416906,0.2958333333333333,0.497,0.9205890078262544,281.2255636714888,8.803195832989864,269.7096146696757,6.6883608256876075,1.1362541806020068,163.4901443762117,ok,17.733531713485718,False,111.0,
COS4_11363,COS4_11363_K.fits,2.09625,K,31.36099181843829,highSN,0.0979881170336657,-0.3999999999999908,16.455676360918723,428.5843813599616,0.0200000000000999,249.99999999999628,-16.429699133684814,0.015204256071833,0.7642523933264534,61.64168148586893,0.0425947083547736,6.384763277684072,1.1480741027305197,30450.0,True,38.64052765825003,0.1547619047619047,0.26,0.9635005058185449,412.57550166421737,27.945905541417915,407.63753232257386,19.538513900790495,0.817324414715719,309.0355482427376,ok,37.50232815742493,False,377.4,
COS4_12148,COS4_12148_K.fits,2.46018,K,12.19000926567293,highSN,0.0293846854327555,-0.0904343408566295,213.70760821035452,332.62401646731456,0.446798406792105,90.89863375235264,29.54930655932408,0.0106795623138623,0.1850622984240243,3673.652997182705,5.682705364453737,4.895272222352592,1.2521391464051044,31137.0,False,50.6218141359756,0.0636904761904761,0.107,0.8878309231161023,64.35085725919657,63.44763554980487,49.774027222483475,62.902618511733955,0.4186622073578595,119.93854222003894,ok,32.43213224411011,False,140.7,
COS4_12577,COS4_12577_K.fits,2.5367,K,5.019669107050211,lowSN,-0.2700993205800739,-0.0020135452509803,328.07645170007766,133.24313195389317,0.0200000000706327,88.18860053329419,-5.873813741222709,0.0032799153734118,0.3376491007621413,87.80284809079781,0.1966601981766335,23.00316168576543,1.243386115421744,33264.0,True,62.907308959926574,0.1976190476190476,0.332,0.8752252887952202,129.34373544208668,51.56852598948933,128.1393472559209,42.09297432873924,0.6678260869565218,148.35534712174814,ok,50.72187113761902,False,159.8,
COS4_12995,COS4_12995_K.fits,2.44423,K,0.1577591317433535,lowSN,-0.064563526005105,-0.0154823670868246,154.44680820439146,557.9072619946737,2.903089647378496,213.2438167151104,-52.36020912691631,0.0020067646177748,0.8752323322398974,1224824.5500374872,6435.632355264077,27.050445122946208,1.1705933630196184,38897.0,False,40.35246955086911,0.0982142857142857,0.165,0.920841378619406,26.38633193333256,318.6083649311199,20.165019652887143,303.8314344039001,0.3488963210702341,261.3169590495977,ok,41.41127395629883,False,56.0,
COS4_13174,COS4_13174_K.fits,2.09714,K,10.05322662601626,highSN,-0.2775631859621934,-0.2003064546378034,114.2174544377392,242.60836364860884,0.0200016257597817,108.5121544743564,-26.5956782847826,0.0071332094406603,0.3541246441375495,15.438091885195515,0.047031173024007,6.525024112107971,1.1230498616024251,33321.0,True,78.89322859533019,0.4482142857142857,0.753,0.937081476600543,239.47592004297147,9.217748857263691,238.50675611715195,7.783364947701918,1.853846153846154,222.56734036820168,ok,58.59687805175781,False,255.1,
COS4_13701,COS4_13701_K.fits,2.16639,K,40.83312753292806,highSN,-0.2539442070688392,-0.1376859646687545,134.5656969693843,128.3893836150991,0.0200000000001346,51.02341764352361,4.649640381432779,0.021891920886382,0.1992709537032646,3.703790422735051,0.011063908024603,1.208603178261241,1.3059895688530403,29726.0,True,52.43000772282157,0.2863095238095238,0.481,0.8882786784491437,125.79499595453603,2.3871214207972207,124.99278631900349,2.0336663420601147,1.425284280936455,112.15044229600986,ok,27.17817997932434,False,98.8,
COS4_14180,COS4_14180_K.fits,2.21895,K,21.218561642177622,highSN,0.0645648801796768,-0.1609772438535852,191.57412613783987,117.19710070730343,0.0200000000946691,35.936650831182284,19.18339949256681,0.0069377151192933,0.1247806144408699,5.106517060666785,0.0138064745375959,2.819429439303552,1.2316975180934615,30394.0,True,61.75323855539553,0.2863095238095238,0.481,0.8814629136029105,114.82887753492228,3.763813039923301,114.09660013596756,3.418424419621525,1.1860869565217391,98.8687686049744,ok,32.634594202041626,False,99.2,
COS4_14596,COS4_14596_K.fits,2.44557,K,22.203583173472182,highSN,0.0057218709882974,-0.1440470763883959,154.00838898097712,420.9031222946084,0.0200000007285456,249.99999997551345,123.85413654805966,0.0112733008524947,0.5781065209818915,165.54688123564543,0.0585135480024051,26.510651593120027,1.3037334887037568,32398.0,True,64.41579241190023,0.0970238095238095,0.163,0.8636124939081943,395.8694156215224,85.37936014374364,388.1886957928612,62.37870141496715,0.5482274247491639,322.1719793895022,ok,46.41195297241211,False,285.7,
COS4_15813,COS4_15813_K.fits,2.35916,K,14.189839414334632,highSN,-0.0038896507053915,-0.031170263350894,327.7484561256609,170.3756423782011,0.1445427756503144,10.000000000003622,-5.507078592038205,0.0120797588588916,0.2122283478039972,26.870155167484747,0.0615664994043359,22.53586220396211,1.2869112220384924,31730.0,True,58.986796866963275,0.1785714285714285,0.3,0.8755679791443554,132.13589969091717,7.63371059431683,121.67623089475484,5.255092910110245,0.9468896321070236,122.93336986418008,ok,22.657371282577515,False,99.5,
COS4_15820,COS4_15820_K.fits,2.09069,K,31.809148960493868,highSN,-0.3999999999999997,-0.1304587660637185,150.5751867982697,799.9999999892026,1.500187841412539,53.54425192495474,11.471287546406728,0.0159254552976146,0.1326494527647353,378.6662057805838,0.796880661652144,2.157512369579611,1.2570026133677352,28390.0,True,30.805062659911144,0.2892857142857143,0.486,0.8855837630302325,204.3399041625345,7.335988328652199,159.55751730651647,6.903373541055792,1.166153846153846,117.14143878591334,ok,34.47250699996948,False,83.5,
COS4_16342,COS4_16342_K.fits,2.46853,K,18.19121090232335,highSN,-0.3579792847561556,0.0843125676199809,98.97048211769814,291.1280475684139,0.049801652628679,10.000000000000137,5.972631683320958,0.0115242247385876,0.2085110224724197,37.36803398219566,0.0615250674655517,19.437047017836857,1.186981322541601,34692.0,True,16.813066416230882,0.3654761904761905,0.614,0.9005299907154107,279.6631098325456,23.60456187316902,276.1280955178116,19.904036390236435,1.1462207357859533,104.29053873393796,ok,41.04852509498596,False,87.8,
COS4_16609,COS4_16609_K.fits,2.55316,K,9.429836219764042,lowSN,0.1483367955354131,0.3652685143339519,318.82366514965264,123.30235527955249,0.0200000000003013,64.5778354863692,21.700533439242243,0.0075150192516007,0.2414755441886244,52.447250290030134,0.1366687588206363,9.378617263489458,1.3624377653702653,36700.0,True,44.57766706089438,0.1970238095238095,0.331,0.8002116836880642,119.68299199312042,28.20253040228962,118.56511073053902,21.667593766103604,0.7276254180602006,115.19550400807177,ok,57.57051706314087,False,228.6,
COS4_17600,COS4_17600_K.fits,2.46703,K,8.740327620490485,lowSN,-0.3999999983031949,0.3999999999999999,246.1977284238052,575.6115273883387,1.5181307384870133,121.70588975256337,66.64588139967884,0.0075831127824788,0.1731349735045617,7130.739924756661,19.88481266067344,6.263789717228491,1.2563876299228791,35793.0,True,52.50777688108841,0.1452380952380952,0.244,0.8926252619954645,76.01698944239901,32.33968389541155,58.39717991462962,32.03226755108455,0.6777926421404683,150.02982766874945,ok,59.723384141922,False,157.2,
COS4_18209,COS4_18209_K.fits,2.08685,K,8.400522762624076,lowSN,-0.0812734242452049,-0.2446393215195599,135.23266076963017,146.01957669774214,0.02,33.214001988682185,-7.292073721184189,0.0044376711210702,0.0394144806380704,17.746355157588926,0.039945003106791,6.422094834065548,1.2321915453433776,25143.0,True,45.69424212774856,0.2345238095238095,0.394,0.8988804681816749,142.41798727658602,11.069514097539882,141.30489498344812,9.29895302160517,0.8472240802675586,89.95904000914568,ok,40.249820947647095,False,95.2,
COS4_18604,COS4_18604_K.fits,2.00523,K,12.717139908160256,highSN,-0.1053434466298672,-0.017793938539405,293.85725820146536,799.9975941227387,2.762413577359609,77.75903718509284,12.77426844062324,0.0099810791865275,0.1578078712817606,9062.905838629702,32.28206938123634,6.294721904283502,3.106176121167193,26158.0,True,67.49694007522857,0.2011904761904762,0.338,0.9327367548697147,80.91598246895789,19.11426748983916,62.00738790238184,18.185705025442843,0.9468896321070236,119.63909543804743,ok,28.129135847091675,True,108.6,
COS4_19499,COS4_19499_K.fits,2.53037,K,1.611823638640584,lowSN,0.1928396241612011,0.0837596328672204,15.96129595946741,296.76769473342296,0.0211551678076089,10.013418312767294,-7.406567289743688,0.0018071528654384,0.5506037755538103,96.62846766421764,0.0592399820755837,23.4083904647102,1.3399326379029768,33066.0,False,46.28743975896853,0.0732142857142857,0.123,0.8788496998322515,272.0950361115059,29.857753670170588,264.5881686896672,24.595527211120647,0.3488963210702341,166.9795498801283,ok,87.9850709438324,False,23.5,
COS4_19563,COS4_19563_K.fits,2.01017,K,7.330078125,lowSN,-0.1105025714102094,0.0911469847230728,185.245630235362,40.653207546583864,0.0200000000087259,33.75562311925406,-13.32501014822873,0.0055705610253958,0.1034640208146471,48.98263373635814,0.4107413458532593,11.54218228919867,1.188725142172589,23698.0,True,57.36306154312327,0.1720238095238095,0.289,0.9094467824655842,39.286769689605094,21.961655026740992,38.865011138973706,15.656743747976233,0.7475585284280937,63.94282445603317,ok,15.300709009170532,False,54.0,
COS4_19680,COS4_19680_K.fits,2.16603,K,33.19792752226832,highSN,-0.0544602889859666,-0.0330398176663093,91.46851102739916,134.06971947011135,0.0200000000000362,49.73380023905547,13.026397693403403,0.012763271095604,0.3775065763917554,9.528618207359822,0.0203248455254431,1.6083752184508953,1.2269328115117506,29726.0,True,35.329186604346795,0.1726190476190476,0.29,0.8945701918283283,129.578871112977,5.129088093127101,128.19271934805172,3.9972581454815774,0.897056856187291,119.91022211105404,ok,29.78039002418518,False,77.8,
COS4_19753,COS4_19753_K.fits,2.46886,K,29.405974599010197,highSN,0.2876267938459853,-0.0712685397331145,178.1878760841252,123.51018638450236,0.2756672192772181,79.39993201464559,15.67414581750604,0.0268571676435039,0.1259473173358436,33.638728999122705,0.1895943316974795,1.9739812982009288,1.200252992937158,31164.0,False,46.37174342853337,0.2988095238095238,0.502,0.8937039663202508,92.28909738053352,7.699708334886574,84.02417689426038,5.179840553165175,1.2957190635451503,107.49691073823271,ok,23.92720103263855,False,98.4,
COS4_20746,COS4_20746_K.fits,2.00698,K,6.910496569047911,lowSN,-0.0388113126843871,-0.1223749874320963,277.46908756860597,258.05257076202366,0.0965162290802069,95.79324094995002,-2.336708282955604,0.0095180449066804,0.1861389488600079,150.89671026081896,0.150799819830794,10.038473332941118,1.1005103097102862,25515.0,False,38.83372498113134,0.1,0.168,0.9555916459024024,190.13442959791632,30.38666102471073,172.38649677762174,27.793909543888876,0.528294314381271,136.47734752690647,ok,24.11581587791443,False,98.4,
COS4_21492,COS4_21492_K.fits,2.47159,K,78.58690026886131,highSN,-0.0845392270951552,-0.0666071367817111,337.9047390621464,799.9999999999999,0.02,249.99999999999997,-248.5869318255958,0.041233087184832,0.3598787954560689,838.5091954064884,0.0740403110904306,6.853131519658793,1.266545990015727,32732.0,True,35.12018200416906,0.0279761904761904,0.047,0.8802042215844126,639.9852829569522,128.5618457184374,595.0995474091286,71.50381753844883,0.2392642140468227,316.3484693286467,ok,61.55720400810242,False,429.1,
COS4_21541,COS4_21541_K.fits,2.58285,K,1.212454598094436,lowSN,-0.1098249434420158,-0.1015174429106801,4.240374666482137,306.29044084464596,0.0200002336438836,10.04655910685103,30.187072438090052,0.0017227564390085,1.9142271732065368e-10,241.25744791214763,0.0970147637379389,23.257996038543915,1.4509174022875528,33835.0,True,82.00658203468696,0.0517857142857142,0.087,0.8345192248950154,272.4050035443223,158.4758967872027,262.2300311711847,165.54353624808925,0.3488963210702341,147.69672138425716,ok,62.00388312339783,False,0.0,
COS4_21570,COS4_21570_K.fits,2.17125,K,41.88129652774004,highSN,-0.0722206439674027,-0.1767417808419792,357.31447700771673,372.81836360338366,2.999999999957379,84.51741416213461,8.489399740879264,0.0137548074592596,0.1126208245261498,5125.223935826304,42.11732485457553,1.0410413176630564,1.1510963672295602,31680.0,True,69.58414610624537,0.1595238095238095,0.268,0.9325359175897108,27.639797721832863,5.021202924414906,21.146555975319693,4.781694962380726,1.0166555183946488,107.31768446201458,ok,30.07785487174988,False,93.9,
COS4_22564,COS4_22564_K.fits,2.46914,K,8.366399136710056,lowSN,0.1991451536499058,0.3463560422388242,333.144680791507,259.8174818273394,0.3432723469335376,45.52724746567888,43.61850127282657,0.0101513642532234,0.0534474420513233,61.8043450235903,0.1636125502071393,9.09798991580388,1.2941094196614722,28033.0,False,49.09723298076658,0.2952380952380952,0.496,0.8683541230927289,179.39997651742263,14.561566237679711,159.68271082250507,10.558667174785,1.036588628762542,108.13875423200732,ok,44.24077486991882,False,79.2,
COS4_22995,COS4_22995_K.fits,2.46786,K,13.837090318942634,highSN,-0.0475794230487673,-0.0718026070647388,106.82593832992768,136.23144484049843,0.0200000000006822,56.9634218903234,-9.015583533155548,0.0068473645677571,0.6623366844632688,41.61334372430821,0.0394769400266945,5.231520627302382,1.1900072014302805,33950.0,True,52.66311460733632,0.0886904761904762,0.149,0.9104232494847816,127.37266897914868,22.03349097805498,124.6593203531696,16.3642280450773,0.4983946488294314,153.3210170191616,ok,37.76390194892883,False,119.5,
COS4_23734,COS4_23734_K.fits,2.06025,K,12.899968997655446,highSN,-0.1367608059893633,-0.0464162397735408,305.1221057809504,549.7284640261169,0.0235180054386234,97.2411215637575,-16.58070747525743,0.0086141348840938,0.9257590628211568,86.0351052342797,0.0445870919162843,12.531134458955668,1.2024910567229392,24486.0,False,22.81782111890691,0.2226190476190476,0.374,0.9440156325188888,532.9361572431188,54.668593067889965,527.7505848070613,45.86670793397455,0.6877591973244147,226.2144014714624,ok,30.96164894104004,False,222.2,
COS4_24701,COS4_24701_K.fits,2.51321,K,9.803376038959035,lowSN,-0.1468972259196333,-0.153137658945281,112.96859674569622,522.4571083874855,0.8132740635528426,81.14809880447471,3.5052525375216694,0.0068447251270095,0.4802261835342595,706.1961424935656,1.3930415572244883,10.641501055840797,1.1972582447226554,31779.0,False,39.21781420595064,0.2321428571428571,0.39,0.9059956093415642,186.50394159484676,31.490942265748263,148.7245424302928,33.183769169242154,0.7375919732441472,160.96800456631502,ok,33.132792234420776,False,185.2,
COS4_24763,COS4_24763_K.fits,2.46428,K,6.296504480749702,lowSN,0.0372038506298618,0.0363961153597363,64.9634138730031,161.32732713438452,0.1430358877887607,35.07853464000217,31.27005080071357,0.0065917092188729,0.2491032948987652,21.47687865351097,0.0888606588820211,7.552837921717619,1.8778966234411412,38897.0,False,79.59910511534703,0.3607142857142857,0.606,0.7880542259266532,143.01224337371147,9.326509918364456,137.52147699791692,6.825748844003553,1.5548494983277592,126.12891677401164,ok,35.9434928894043,False,134.6,
COS4_25229,COS4_25229_K.fits,2.18076,K,23.41201383496859,highSN,-0.1335967366593713,-0.0641129933713126,51.983247458540816,68.66718170712139,0.1052358516223667,74.58332618158558,13.135384412814606,0.0109245000854463,0.1093373672434865,98.2374453370065,0.4059127479394488,1.8734879489606924,1.4559337632393794,31150.0,False,49.90335788729417,0.088095238095238,0.148,0.7929588225714213,46.92155231053955,7.567997539020156,41.64676330416745,20.891561209753604,0.5980602006688963,93.49926434320372,ok,50.868529081344604,False,79.3,
COS4_27120,COS4_27120_K.fits,2.47796,K,17.600284140840117,highSN,-0.143697146004155,0.0585477127606004,189.95842070998847,71.18140667588628,0.1089269042194533,75.01337127043871,25.52898111618255,0.0080307361350645,0.0194059599004297,69.1392947396129,0.4636235054770374,5.341969905721756,1.162889946198082,34006.0,False,57.9557155262896,0.2077380952380952,0.349,0.916565126490388,60.57873792231149,19.03580709797596,57.47207182737131,12.330151884217084,0.8472240802675586,88.0150044385047,ok,47.18969106674194,False,146.4,
GS4_01529,GS4_01529_K.fits,2.12224,K,10.278910075319656,highSN,-0.0613878652276825,0.2196340805624296,104.95602061364706,551.6414617221724,0.0200000000001284,77.37602779453857,-36.73562112819263,0.0175534104671494,0.4391465215477769,24.89101386223354,0.0189381633807426,6.490167040979954,2.3295496540071867,30189.0,True,35.22481532423566,0.2744047619047619,0.461,0.8276894401904457,540.0110823553769,14.676578916007276,536.4151805882158,12.002307321114314,1.2159866220735789,264.07843431794083,ok,45.39704990386963,False,326.8,
GS4_05828,GS4_05828_K.fits,2.38047,K,11.676039235775134,highSN,0.037301093952802,-0.098074283907655,331.30704121559484,114.84826815357133,0.0214677034707818,45.20901858577961,17.672111570473643,0.0057404706240683,0.1031606125108506,37.27931861647377,0.0559069699926862,5.395981339398934,1.2807098977819693,32775.0,False,35.53715257901148,0.1154761904761904,0.194,0.8700600996222047,108.68452554628853,20.391344259417572,106.79030854447323,15.721117790907355,0.5781270903010034,79.06273560771653,ok,50.04056978225708,False,68.0,
GS4_05979,GS4_05979_K.fits,2.39283,K,13.845166082988433,highSN,-0.0046464652495758,0.0253761281385878,347.918793322625,424.8353007615197,0.3937638746771026,10.000000000000064,-9.22615132812778,0.0066018954541375,0.2497947459638154,135.3702179164137,0.1592149539432705,58.26745524815568,1.174938668828566,37056.0,True,54.88742841807309,0.125,0.21,0.9123388027067164,164.88325135471416,13.732056319511882,132.50919215073648,11.920790253370084,0.6777926421404683,132.54310991351238,ok,24.09679913520813,False,103.2,
GS4_06654,GS4_06654_K.fits,2.52374,K,9.957399965800274,lowSN,-0.1422001154324529,0.0375725489940544,301.32860463070193,134.80370961015748,0.4954866681864134,62.0197656489419,15.834195027611756,0.0055488481774955,0.2204117635851495,69.03911616540007,0.5989149450193717,6.250207664310195,1.1738112394573914,39996.0,False,85.0,0.5125000000000001,0.861,0.8972788591540932,99.27038474912952,16.042631982113658,89.9897359771171,10.252515690841998,1.9933779264214049,114.7692536754448,ok,60.0185329914093,False,63.4,
GS4_08603,GS4_08603_K.fits,2.58282,K,8.561420582365429,lowSN,0.1261065212456674,-0.1469435676122102,137.52803163557806,373.7971417807251,2.9999404104982927,99.43758041487466,-3.791871085843768,0.0103201630354242,0.1249318049697306,13440.020503553496,112.1323438094557,7.936650553988881,1.0996128226309478,36764.0,True,57.58561829229905,0.2470238095238095,0.415,0.9378594646573184,42.64621209122975,35.60873779899515,32.71176137655713,35.584730518407305,0.8870903010033445,122.68517982281656,ok,46.10918188095093,False,142.4,
GS4_10500,GS4_10500_K.fits,2.52547,K,10.948019515209246,highSN,0.0135062519456273,-0.1248650005491871,282.24381602279993,209.67267125394213,0.020002781360576,52.609257950197446,-29.015720042795547,0.0090637046452001,0.1421511629840618,18.346646440770417,0.0385448719685537,5.852208574885594,1.1637588802931969,39996.0,True,59.426516691253326,0.2619047619047619,0.44,0.8831715362095085,205.04063565751176,9.834708903269744,203.60864956239317,7.594788687742712,1.056521739130435,149.3944939873211,ok,61.77225375175476,False,158.1,
GS4_11016,GS4_11016_K.fits,2.03606,K,15.113150249122484,highSN,0.0364657228094159,-0.0821652516676194,239.03367079017204,335.1111653433597,0.0200000072618588,53.75846839145255,121.08832065549277,0.0103962952781873,0.5458859497519045,11.87632141812712,0.0214083586255329,6.8904697054802915,1.2244599373140854,26052.0,True,56.39407757814073,0.455952380952381,0.766,0.8612082321059532,330.8581253522385,8.044778295353433,329.5422355154096,7.071106470793551,1.425284280936455,233.2136452752372,ok,43.2591438293457,False,311.2,
GS4_11678,GS4_11678_K.fits,1.99577,K,18.99188763142632,highSN,-0.2069692511851051,0.0024780618532533,290.94872546111964,92.82378328375891,0.2081559218612603,67.42034949901466,12.60870523923314,0.0196095038788019,0.0743051156972438,402.5919970617715,1.4902317803497307,2.32817870312549,1.1954436537484112,24048.0,False,42.46014210363326,0.0791666666666666,0.133,0.8975886309620513,41.17213859441824,31.17830211700534,33.598397441766046,46.542163630514416,0.4884280936454849,87.50845422023406,ok,33.17041206359863,False,84.9,
GS4_14070,GS4_14070_K.fits,2.30645,K,20.46977991811636,highSN,-0.1634159069192531,-0.1304369206099928,34.06027851340406,168.91107922807373,0.2581634433345526,55.315055485650085,10.482999078696553,0.0114424076061801,0.1911835464059847,43.55715090459431,0.1617653752007031,2.85728178997273,1.191904127337067,32271.0,False,39.12207633664214,0.2476190476190476,0.416,0.9279738224925722,121.3225599912084,8.513154114817027,109.18576192574812,7.135819306645725,1.0963879598662207,98.10590176399492,ok,40.71104097366333,False,76.4,
GS4_15000,GS4_15000_K.fits,2.03549,K,9.407216440825394,lowSN,-0.0692761681416364,0.1231025492009472,202.02788221044793,799.9999999669141,2.6770093343714887,87.66488461186186,29.00567669017,0.0064539673759907,0.1619042151787903,2435.2876023555027,8.67401376528196,6.801095730644442,1.1805430290904348,27054.0,True,71.62242359379135,0.3291666666666667,0.553,0.8981986995818169,134.55096838890202,14.9192608497348,103.7478667363887,15.11447132377944,1.1761204013377926,145.96819507406303,ok,23.359193801879883,False,136.7,
GS4_15819,GS4_15819_K.fits,2.04211,K,22.312836397987653,highSN,-0.0830376853527273,-0.0369130742533985,204.61073057787223,248.505885257352,0.0748655169349574,15.517568163642755,43.087202668942936,0.0086987058699452,0.2326697610483958,10.939377198188303,0.0238132319506741,10.38535215925818,1.981493307166652,26372.0,False,61.463882223252014,0.3363095238095238,0.565,0.9348971163265574,232.5521959471898,6.002378944829868,227.66445201426967,4.849435931208776,1.3455518394648829,162.13935624625972,ok,34.62814211845398,False,147.6,
GS4_17817,GS4_17817_K.fits,2.56853,K,21.59668835864064,highSN,-0.0021258667881207,-0.0478371898830094,88.67317700606041,48.073332369821195,0.0200000014815061,94.7757343008691,22.56270137870888,0.0144366541091594,0.2498078983139338,43.54402274808311,0.3950846130632001,4.690819346113505,1.1373826611241975,40400.0,True,63.48265050958859,0.1946428571428571,0.327,0.9133058663477708,46.64497219371664,16.013640903809172,46.2038302349423,10.030597920099911,0.9269565217391303,124.51369319102037,ok,36.95524287223816,False,96.2,
GS4_18936,GS4_18936_K.fits,2.0357,K,13.836443184619176,highSN,-0.0463239630824466,-0.0684525578808429,159.08348072948812,192.41646715284227,0.0350799845871161,39.85412945533372,2.7380517930598214,0.0072355448735257,0.0146811502998594,118.3501348683754,0.1394691286773363,8.591248888014873,1.1385964011751797,26720.0,False,23.72751187734601,0.0928571428571428,0.156,0.886594368625174,171.58458372045385,31.4845815664754,165.3212648263562,22.287952224046347,0.4784615384615385,79.94591411010104,ok,34.66707897186279,False,79.0,
GS4_19348,GS4_19348_K.fits,2.58466,K,1.6071662153654318,lowSN,-0.1425084432404925,-0.3790324013840946,307.8287710412681,541.7669326970312,2.838148223339859,10.000000143552787,-21.391831118911245,0.001981284600922,0.6183768975333213,15948.08576535576,85.92128740382144,40.7632845963711,0.9533379358805874,33400.0,True,45.0094896136554,0.2261904761904762,0.38,0.9227350522062816,59.863548148627025,44.04249100475346,45.90562931092698,38.468325962942494,0.428628762541806,77.90278170780411,ok,50.65656113624573,False,60.4,
GS4_20410,GS4_20410_K.fits,2.00832,K,6.439973231905929,lowSN,0.0254665323661681,0.0031252934809401,328.5597484830907,95.79178436657456,0.0200000060609329,56.05616182607289,-24.845950478667135,0.0075550627528227,0.3834014971966942,91.78972107842782,0.2758160907340474,28.488892134809685,10.185308641388067,27054.0,True,58.25107036371317,0.194047619047619,0.326,0.8733578937266712,92.93688973603346,54.91506047262733,92.05518155734708,45.34591100689835,0.8073578595317726,135.53096511253196,ok,26.50914192199707,True,88.1,
GS4_20422,GS4_20422_K.fits,2.00022,K,3.472323692560151,lowSN,-0.2753095904236469,-0.2000484141820625,218.75235929360676,56.90827268858449,0.0200000000000279,63.11467866851569,-6.8862301327945925,0.0068236390497045,0.1021046212696725,58.16275048431348,0.406506674768427,8.526992473740991,1.0768077315836078,27413.0,True,65.8488353381012,0.1726190476190476,0.29,0.9395322153516844,55.00205237335699,20.859019943991832,54.413675647144146,13.794190627628264,0.8073578595317726,81.96600136193203,ok,22.847440242767338,False,58.8,
GS4_20623,GS4_20623_K.fits,2.57531,K,19.37572611396871,highSN,-0.3985290120589513,-0.0987263604114982,264.9804744224442,330.03140429088256,2.9997016964748635,56.30570950679736,-2.1891853364202576,0.0129441003409119,0.1092331435489196,2265.709177768478,21.648078513102504,2.5893989673765416,1.2624095208329609,36600.0,True,79.96142653929019,0.2970238095238095,0.499,0.8494323502945367,45.064950722324454,8.557188251200376,34.63371924296362,8.911690657889245,1.4651505016722408,79.77521657338944,ok,58.3140070438385,False,89.1,
GS4_21149,GS4_21149_K.fits,2.03436,K,6.41930819393252,lowSN,0.0588378791159033,-0.3999999999999786,212.0596144616575,799.9999931223373,2.5420735994526407,58.44916541155926,-13.840517419050755,0.0046876355236029,1.8095401691709827e-15,1130.8702319846554,4.001462209188339,11.892292059058684,1.2735651146158675,26386.0,True,78.37790616981185,0.4398809523809524,0.739,0.8605959456006754,185.25557124673492,19.739733594684697,144.0848602274494,18.76406956515457,1.4651505016722408,134.98973076050643,ok,31.848451852798465,False,77.9,
GS4_22027,GS4_22027_K.fits,1.99731,K,8.142658461110532,lowSN,0.0383871837035349,-0.2235574455092356,21.59211907803649,733.8667391309427,2.9985506817640597,49.94847264944586,-13.075066572917308,0.0031276302229733,0.1416276417814024,26337.162489507384,109.35653629871756,6.572592948319615,1.33303018339952,30561.0,True,66.49345482116692,0.1410714285714285,0.237,0.8789964715236196,48.184127899236834,19.765566016244858,36.84956520463503,18.0052406261624,0.6478929765886288,83.12790761340177,ok,31.173546075820923,False,60.6,
GS4_24110,GS4_24110_K.fits,1.9972,K,24.32347426538704,highSN,-0.0160995624370789,-0.0059476753104094,22.130222072066545,154.5830132451052,0.0200000000001028,81.7766876907226,26.897070093307494,0.0256350710328387,0.2187893743647237,12.875308323626772,0.0449867443205957,2.2797976182476263,1.1873211530999213,28182.0,True,41.09508882502555,0.3404761904761905,0.572,0.9315827070925868,151.95601800775907,7.3897297487901294,151.14348429352134,5.947764903002438,1.32561872909699,117.99034948131649,ok,23.87024307250977,False,107.8,
GS4_25151,GS4_25151_K.fits,2.22298,K,20.65297684674752,highSN,0.1819588102889163,-0.0143991637659222,324.49897816782186,267.4487285393799,0.0200000000000819,61.943999656091584,18.92208725239662,0.0173094317628671,0.2504462908288962,14.53398936424708,0.0246350340641995,2.816770522465918,1.276141422680282,30060.0,True,29.853059383158072,0.3863095238095238,0.649,0.8590124453043534,263.4427150211149,9.928545235670503,262.20345021266456,8.627149595252957,1.405351170568562,142.52238048850634,ok,24.12044095993042,False,123.8,
GS4_27159,GS4_27159_K.fits,2.61845,K,7.497273843385163,lowSN,0.0488557345275753,0.1393382290952051,192.39116178506217,70.8081880593987,0.0200000000000254,58.90779772608467,6.021572367241728,0.0088049243710706,0.0885952063057123,39.917960859378255,0.2336110557451232,8.748752827453691,1.18520764612914,32544.0,True,69.07874423552975,0.2255952380952381,0.379,0.8979427832446424,68.99264700127227,19.785381971914745,68.4316118466474,14.801054395845668,0.897056856187291,81.07901762157807,ok,45.620553970336914,False,71.9,
GS4_27404,GS4_27404_K.fits,2.03507,K,12.705917441380842,highSN,0.03679997950938,-0.087214766781624,141.31005417998398,258.01746310208125,0.0739639035109737,15.945006142416242,-31.755847442294986,0.0095805649915012,0.3423097958382238,8.875192257703612,0.0228235466596095,7.207235413452488,1.2851730792266751,24747.0,False,46.875328840080755,0.4982142857142857,0.837,0.875535661033221,246.94989315457065,5.587109065552087,243.5398507101704,4.72284445137776,1.5548494983277592,158.48066031089112,ok,31.761853218078613,False,225.7,
GS4_27882,GS4_27882_K.fits,2.30821,K,17.556909275989312,highSN,-0.1160771104121677,-0.1558552306134469,166.00194941906437,533.8888124208653,2.9972053750112053,124.48216847941696,20.369699875698647,0.0035406814764736,0.8597521624051501,16825.73239514593,96.89150039037152,5.68946466020226,1.326291187285292,35805.0,True,49.742808131368065,0.1970238095238095,0.331,0.8279153859755614,48.815217295127106,24.80212898875981,37.38403045229746,23.977880949785092,0.7575250836120402,194.99014224933237,ok,50.13320183753967,False,138.6,
GS4_28870,GS4_28870_K.fits,2.47093,K,13.494834360815664,highSN,0.1350055793646297,-0.0127248219272693,292.48954580298926,5.949299360268489,0.0203125139748934,74.32289857917782,-0.1330857059987428,0.0085295191593284,0.1091481364648468,187.487147700595,6.317465809489844,2.618996341216545,1.3585226606608047,29391.0,True,56.61837126703406,0.069047619047619,0.116,0.9207327506895656,5.445834021364076,21.35257665446455,5.2927450779630565,36.05807356625387,0.4585284280936455,95.84564477501084,ok,29.10786819458008,False,85.0,
GS4_29606,GS4_29606_K.fits,2.54192,K,8.737149189107848,lowSN,-0.093964705907785,-0.2143799061998635,253.0714044533471,799.9957461867286,0.2651631464515672,43.71480910921423,31.138662063065283,0.008848605181354,0.4125579906467735,197.82691060362225,0.0877486184598435,15.94300525828798,1.1067137842334271,31482.0,True,41.37087903210308,0.1071428571428571,0.18,0.9625162351099608,370.0886480934852,26.110775649226028,303.7293546007049,21.960806149333088,0.5581939799331104,194.81607912114617,ok,41.10629916191101,False,160.9,
GS4_29773,GS4_29773_K.fits,2.22649,K,9.905608293283551,lowSN,-0.3999999999995,0.3999999999994414,217.9815918020322,220.6363832385993,0.1003682777176885,83.78543133549861,-19.14178087093647,0.0074882648901122,0.1172875844386478,45.99078627668165,0.1281107653453581,9.048246994172162,1.181590536476355,28620.0,True,47.04235460071695,0.4178571428571428,0.702,0.9310341721604808,205.36120087706763,25.660534509844588,200.68912311060743,20.404811312559744,1.166153846153846,143.16444362948835,ok,37.417383909225464,False,139.9,
GS4_29868,GS4_29868_K.fits,2.22394,K,26.608185330454074,highSN,-0.2077440966624522,0.2076438846170414,234.72354710517132,189.5429936701273,0.0868571250299898,47.194559272274965,-16.178236485697465,0.0164840840854813,0.1616587102265665,4.679644865708009,0.0137320469943632,1.8562332406912407,1.2278097527309837,27270.0,False,64.98924590680745,0.4113095238095238,0.691,0.9494069683743676,177.99588224565804,2.9143498805408616,174.4545828875344,2.4760410367581653,1.873779264214047,136.62231384529596,ok,41.19698190689087,False,149.7,
GS4_30274,GS4_30274_K.fits,2.22453,K,67.6899774209734,highSN,0.0922486754384677,-0.0177256542405279,89.28531535501637,537.4959568684468,2.999999999871718,226.45127402894457,-26.060615681500053,0.0261928492468193,0.5775839260312337,3181.6056695115585,18.42692102135438,1.8723976752214824,1.4451958647394092,33488.0,True,66.13531676132563,0.2553571428571428,0.429,0.8805827807553035,63.34375616642468,8.303313609264494,48.602317035453595,8.300574782581856,1.3953846153846154,259.68631709265185,ok,29.30872130393982,False,248.4,
GS4_30443,GS4_30443_K.fits,2.22646,K,30.00216005204945,highSN,0.1494495417664459,-0.0937787419191946,16.014752934101022,799.9999999156332,2.0237547350771163,73.8401971633315,23.936567036664226,0.0183565740849423,0.110995859526023,734.5491530284058,1.9838969988122344,2.610739532942747,1.1899419166655456,30060.0,True,64.98924590680745,0.2321428571428571,0.39,0.93279410216058,125.89710615069292,5.678842188166628,96.95835205157232,5.303019330589402,1.2558528428093645,126.00260344498304,ok,36.44178295135498,False,118.1,
GS4_30469,GS4_30469_K.fits,2.48424,K,5.443769507803121,lowSN,-0.1519726308527864,0.1267578423662044,337.37211302051844,799.9999999750779,2.500488785808029,102.3219186919698,-33.6004912031369,0.0049966734546325,0.25333808278015,15041.193055164027,48.53762832440588,9.600087858309166,1.1610352726427853,29694.0,True,55.2660240736667,0.1916666666666666,0.322,0.9354982173994608,85.08394305284553,34.219543881272756,65.22551537691788,32.636186389552314,0.7076923076923077,137.3179001542219,ok,34.69170928001404,False,110.1,
GS4_30548,GS4_30548_K.fits,2.11266,K,25.93791969619784,highSN,0.0983693407925379,-0.1578214661553676,141.59053067600487,213.94501983656417,0.020000000000112,43.45813966769234,11.78323804296872,0.0061988264076706,0.2754713656018771,22.1526118581753,0.0318557070447379,4.40156797973833,1.1869131730432714,27984.0,True,32.523489606136266,0.2083333333333333,0.35,0.9234653122802184,208.00544398977868,12.724000916311654,206.17052424095684,10.06337224057532,0.8472240802675586,119.99013179109171,ok,25.591602325439453,False,149.0,
GS4_33639,GS4_33639_K.fits,2.23481,K,27.509102012329883,highSN,-0.0733182892224648,0.0409569109205902,92.08761565184577,267.48984892149457,0.1401780294508776,32.5170164709962,-2.567014672579643,0.0083805632767474,0.2910622033189496,14.58744417567471,0.025253803213314,2.9905629163882588,1.3302878351984393,37947.0,False,33.40831860176952,0.2767857142857143,0.465,0.8691947312428222,228.95976031279963,6.521393331623962,217.63015766176423,4.7392884929773995,1.1561872909698998,131.7747541748435,ok,28.775696992874146,False,100.8,
GS4_33971,GS4_33971_K.fits,2.67543,K,3.499590568729581,lowSN,-0.0719987884095609,-0.0531962184544152,346.19730593545904,324.1237605485405,0.0200000009620843,10.005527560667954,88.1584591701317,0.008906195054207,0.3762374586886153,35.21917585880102,0.0294871202734895,17.52791619580408,1.1493183414457224,29832.0,True,23.276827203548464,0.2267857142857142,0.381,0.9177994911454584,315.85671794021243,24.46925039085335,313.3020079758962,21.651906541986897,0.7575250836120402,131.2171493585033,ok,67.06564712524414,False,53.6,
GS4_34568,GS4_34568_K.fits,2.5726,K,24.098900051730244,highSN,-0.0354020259742586,0.1108657088428548,18.13053514676147,339.82287363028394,0.1867273321468207,31.13238190516974,8.431449625652986,0.0160898658721203,0.1517548985557626,18.245798187597305,0.0295867480133441,4.078300722663783,1.1045621808823665,37067.0,False,32.41141410073676,0.3077380952380952,0.517,0.9588883077869969,281.60296874005064,7.497421718212764,264.8411884526381,5.434504024221816,1.1561872909698998,121.88876109781646,ok,27.761560916900635,False,125.5,
GS4_35056,GS4_35056_K.fits,2.22695,K,12.633007348077165,highSN,-0.1134729504052801,-0.11789905338722,162.89848083871232,191.35026442279263,0.0200026861283432,72.0454581612924,-0.4870127077138886,0.0067376373244359,0.2789847380884032,8.255204244699277,0.0096478411221874,3.88264934950382,1.119682137519335,36309.0,True,68.43062494525373,0.1678571428571428,0.282,0.922176394364229,184.7583613958447,6.118693704343684,182.7240225260074,5.709514239908364,0.916989966555184,167.60324484425544,ok,63.74229574203491,False,133.1,
GS4_35593,GS4_35593_K.fits,2.40967,K,9.7394476657091,lowSN,-0.101879395838529,-0.3078589486517116,167.18832143183153,12.404629073091735,0.0200001419738852,45.87773045323764,3.2261468786482466,0.0050427776392095,0.0097682271178043,31.406620294685656,1.4824550466845607,4.59077160758781,1.421120803378504,33060.0,True,55.71860132343338,0.3053571428571429,0.513,0.8099974269573784,12.16959114131673,15.609434662129292,12.09690623640384,12.035592255326469,0.9867558528428094,56.59253044010771,ok,49.930912017822266,False,66.3,
GS4_35937,GS4_35937_K.fits,2.32913,K,22.303305004721437,highSN,-0.1873442542079063,0.0161513874258624,52.98099501733105,71.41264764128823,1.5183450910209104,39.84201414906244,6.291877065851738,0.008982747235828,0.0862209308650812,122.73535389540456,3.1561839298299152,1.4605171503691274,1.5175307406626264,31584.0,False,72.06384847846851,0.3761904761904762,0.632,0.8063993431068687,22.688515086818377,3.2090229738128704,17.93184421693443,3.695113368712444,1.6644816053511706,55.896533924694786,ok,29.679320812225345,False,43.9,
GS4_35951,GS4_35951_K.fits,2.18634,K,7.457152399313831,lowSN,-0.0801432856071347,-0.1565978887332565,46.03016659206141,214.6401324867908,0.0200000000001105,34.31324662147099,18.97325961763091,0.0042059559831046,0.2779868794590298,11.68196360235602,0.0385704226934392,5.863063860310072,1.1627671026419892,38181.0,True,62.54719003453515,0.5255952380952381,0.883,0.9255931658336962,212.27691527715228,7.770705482546969,211.54566380765365,6.75953237367538,1.5349163879598662,164.28774699151384,ok,41.75204586982727,False,160.4,
GS4_36705,GS4_36705_K.fits,2.30551,K,15.511840489601807,highSN,-0.0789808133529477,-0.0922983688450651,359.151608607437,67.50377390608799,0.0200000000221674,75.28657493665729,30.62763714326298,0.0063282160468407,0.1232926199004146,56.40691660260324,0.1950112673311162,7.552782442468751,1.3072588623213277,31188.0,True,52.97299953142239,0.1196428571428571,0.201,0.8686668952505101,64.24469409230569,24.298052627133757,63.2417591632757,16.3893028426291,0.6279598662207359,103.84957081327008,ok,42.431801080703735,False,80.4,
GS4_37124,GS4_37124_K.fits,2.43241,K,24.831268288604633,highSN,0.0187676354993867,-0.0682223809313457,239.3896240171485,799.9999999933405,0.9572446318048208,96.09832494860576,-1.8726277270040923,0.0126649397108036,0.2807581529718365,276.20616233000953,0.3944541015396323,6.756864235007263,1.1838814168049845,34435.0,True,68.43062494525373,0.2184523809523809,0.367,0.9415613814375232,236.9728401486256,10.900294362768395,186.45713347812415,10.327689670827166,1.1063545150501672,203.23573980568983,ok,35.45920181274414,False,178.4,
GS4_37745,GS4_37745_K.fits,2.43108,K,20.4061718882144,highSN,-0.0526057799970719,-0.0802403487519834,225.11994807132703,394.6114273208852,0.0200000880541201,70.06479746343611,49.287381604961475,0.0070474337379361,0.6155119050074145,140.897516027857,0.0435102339199129,5.4958166405636675,1.422746500597614,34144.0,True,28.997272586117877,0.0470238095238095,0.079,0.8304513689557406,346.6362856558257,23.262945885296087,332.3205835622697,13.57882928600213,0.3289632107023411,183.7728974087131,ok,55.45605516433716,False,157.7,
GS4_37988,GS4_37988_K.fits,2.20066,K,10.839660954114215,highSN,-0.0821848199950581,0.1157820685727681,238.88102332446115,737.9696250771633,0.9450860585909552,70.46633520739287,30.26644294395856,0.0042511396866921,0.2411894244133883,636.6110782011677,0.9305208599594366,12.597592184715214,1.292089970723186,30510.0,False,69.7287932503627,0.1732142857142857,0.291,0.8780437761605124,180.06422783972974,19.300554458788383,140.3293699804033,17.265268720119092,0.8372575250836121,160.25196734726998,ok,23.990604162216187,False,153.4,
GS4_38046,GS4_38046_K.fits,2.575811,K,3.4427208440902457,lowSN,-0.1939283714801188,-0.1937040976024989,222.9856876448754,518.7568378349205,0.02,51.55476629898431,-238.31054904412755,0.0054039417700603,0.845383092474772,120.48723076200852,0.0580195366286043,10.267638770940362,1.1227513299261926,31800.0,True,66.3501915336099,0.0726190476190476,0.122,0.9747085169999576,477.62791968018246,25.287479905736447,465.0946697726089,52.37232243082844,0.4186622073578595,317.4067357795653,ok,51.06759405136109,False,42.5,
GS4_38116,GS4_38116_K.fits,2.19651,K,18.717688542116026,highSN,-0.0015184997317081,-0.0764817895849652,290.5090721489529,799.993521128008,1.8481327025036585,91.44255354133112,8.543359842934095,0.0082970731194325,0.2922345657395576,10985.345031200704,26.053456257316952,5.009623229128907,1.9374313062866573,31320.0,True,68.14307006288514,0.1136904761904762,0.191,0.9177644535403152,68.50929947215901,17.974298742860864,52.44785432820269,16.441854518910155,0.6877591973244147,139.78491739435955,ok,28.894356966018677,False,113.1,
GS4_38560,GS4_38560_K.fits,2.41663,K,10.65193424164826,highSN,-0.3323007546912692,-0.0331277862264057,264.12962635812937,799.9999999983618,2.0651452204877128,56.04370691288954,-8.024743360189253,0.0060483258191376,0.2450389317812866,1224.453626998325,3.358684076663548,3.7822085734630457,1.107965678169009,37440.0,True,50.701246709594045,0.2589285714285714,0.435,0.9469089503471966,137.07387502743467,9.329687183701076,105.73188376358551,8.645710487256226,0.95685618729097,117.5915709206972,ok,27.645639896392822,False,103.3,
GS4_38807,GS4_38807_K.fits,2.31762,K,13.065430645477733,highSN,-0.1447041083711558,0.0392519010628675,248.02933775977823,37.60497539623245,0.1668514962708908,72.23323190825151,-2.1624411700266024,0.007442488943648,0.0782192723176751,51.58163542274187,0.6791904221330037,2.330505107196063,1.5202494635094337,31248.0,False,67.71219997744367,0.1839285714285714,0.309,0.8029166873995951,28.241987877710542,7.453953751359597,25.75196007307627,8.217137381368051,0.9668227424749164,86.02582751914194,ok,19.83133578300476,False,73.4,
GS4_39671,GS4_39671_K.fits,2.22714,K,21.402593564118668,highSN,-0.2302470547150704,-0.2940223463036014,305.2952619780358,265.14063816232414,0.7027045465424978,41.25353236366339,4.50563373098792,0.0090628030913619,0.1107310973480951,71.46562138833458,0.2770725821799084,2.893308616743311,1.695272683726881,30576.0,False,42.09946144623378,0.3142857142857143,0.528,0.8051870289952466,131.2051173987149,7.049416175509676,108.7682450620112,6.532875993601305,1.2458862876254182,84.7757756147573,ok,22.822299242019653,False,84.5,
GS4_39732,GS4_39732_K.fits,2.25646,K,31.63535074427311,highSN,0.0862984004941462,0.0508801882646985,89.80220624059668,47.29328323154565,2.99999477294397,83.09603094805487,6.669426543695147,0.0114353630177521,0.0830361778161152,6904.383650135016,449.2199611824716,1.8196091642472965,1.3285594281239308,30849.0,True,55.114746729800935,0.1898809523809524,0.319,0.874530044842402,4.165619123948305,9.20187095203121,3.189487528120352,9.073919947896863,0.9767892976588628,100.93201163356116,ok,41.64735221862793,False,91.1,
GS4_40218,GS4_40218_K.fits,2.45051,K,11.031689580893726,highSN,-0.0315726347060591,-0.0845680655036888,153.6261305186182,133.32093179014336,0.0200000002443048,51.58581168922897,-1.906418068196456,0.0072535996021161,0.1281388786218532,33.4269880027329,0.0304002899901866,9.310925074292452,1.286638821426075,32064.0,True,49.9835090067751,0.1136904761904762,0.191,0.913455590261782,126.54859356896507,23.10832313474674,124.46579451204744,20.289098606319968,0.5880936454849499,102.8442226912315,ok,57.26804089546203,False,83.0,
GS4_40477,GS4_40477_K.fits,2.06059,K,5.725485625032783,lowSN,0.0100155389503327,-0.073129803939069,340.4551921767231,371.93832410037766,0.3282281599456349,75.46212238994093,36.628045468118074,0.0126378397614122,0.3708368648570312,178.88279233368152,0.258284080969776,7.784403551962642,1.2857843629946877,21696.0,False,39.026149828773576,0.1696428571428571,0.285,0.8748229772478728,201.1341903369573,18.528604691825443,169.3052146152608,19.589368089362033,0.7176588628762542,135.04329832681975,ok,21.448148012161255,False,70.4,
GS4_40679,GS4_40679_K.fits,2.40796,K,16.76385208383522,highSN,-0.0802156942119891,-0.0850873014998044,336.0279341533221,189.247849921007,0.0200000005785285,76.6001145512202,-3.4331817866937087,0.0093496889460215,0.371077368138936,10.43865925655314,0.0188154875032393,4.164837713460113,1.1844534156509536,41515.0,True,58.1034716794574,0.2952380952380952,0.496,0.9356927660895532,185.53926003505168,7.449395442473666,184.3924590234242,6.664249320618971,1.166153846153846,172.28660047869678,ok,45.01615595817566,False,126.8,
GS4_40768,GS4_40768_K.fits,2.30328,K,49.00989337475681,highSN,-0.2126243646856944,-0.0244436302795898,273.43190715545,215.7418742857132,2.9999999946799405,80.01822008908988,9.567994057214984,0.0298335464429136,0.0767660532687748,1154.585018225982,16.70224143475694,0.7787186859348031,1.3045037604403569,31527.0,True,76.96938100856731,0.2422619047619047,0.407,0.8733092992528025,24.148673361752223,3.0249968315990317,18.5201405788382,3.0292012317833636,1.5648160535117055,99.22352638082738,ok,21.626416206359863,False,84.7,
GS4_41181,GS4_41181_K.fits,2.30027,K,7.469362615704079,lowSN,-0.0274046727752441,-0.1764531436879874,202.47465778766883,168.06966362534035,0.020000000007122,228.01346136716765,78.12405684847212,0.0036905263416814,0.8079937086838443,147.02429900097812,0.4105065808722052,16.225040599143885,1.218495762464551,39060.0,True,52.74068402344738,0.2369047619047619,0.398,0.9504559113276176,163.9658281402091,66.48041667144433,162.69747542682447,47.05624214843005,0.7674916387959867,281.6676023108686,ok,30.197649240493774,False,146.3,
GS4_41438,GS4_41438_K.fits,2.01848,K,28.18785327965516,highSN,-0.0778741471398316,-0.0488186597179973,121.53142580706508,799.9999982117555,1.420919601491606,21.789722218776173,19.861131929992226,0.0115120385630924,0.3424113740820628,400.2391664349391,0.7620437858766151,5.453906065715753,1.3317387248802637,28476.0,True,48.446051289673186,0.1904761904761905,0.32,0.8762735072796313,146.0575271541002,4.98542538415522,112.81450452243726,4.322016994878179,0.9468896321070236,129.8597893002055,ok,48.58225107192993,False,74.6,
GS4_41748,GS4_41748_K.fits,2.30132,K,15.844077066500931,highSN,-0.1183043289773169,-0.0725323823406912,335.25623573640615,366.73315594997894,0.0200000000002084,40.08913090065846,64.77132936833542,0.0040852524361151,0.3908855635316449,25.52161791185027,0.0144480664710271,4.735317685048704,1.160689450420887,39100.0,True,34.38020336899014,0.1011904761904762,0.17,0.9388778615589032,345.81450747266433,10.404682560693209,339.39182674505173,7.097059496004462,0.5581939799331104,175.50386915635156,ok,52.89295506477356,False,138.8,
GS4_41886,GS4_41886_K.fits,2.14135,K,16.118010779353902,highSN,-0.0211009054406095,-0.0295001636332802,80.58779015506252,292.58635325143587,0.0388210565898637,73.30463917486782,28.82763617514624,0.0045628051039956,0.8540650213888558,18.931117932147306,0.008665823774004,4.297371286823717,1.2567375473857731,35464.0,False,58.32481150605879,0.1,0.168,0.86812417824477,260.0528468586771,10.31318987071229,250.28682887743025,8.058867993125785,0.5781270903010034,220.3335837569403,ok,33.71479797363281,False,197.7,
GS4_42089,GS4_42089_K.fits,2.25673,K,16.368992352373905,highSN,-0.0472078342707994,-0.118613280285122,214.13590638805744,159.39467943823644,0.0344913054645251,67.4960511222419,23.11623088550211,0.0070739815602025,0.1177724366801294,25.68664402349312,0.0310090119644921,5.695211126229254,1.1863694211630127,30728.0,False,60.229610864790175,0.1369047619047619,0.23,0.900824318162324,147.82464663287016,14.090596381290943,144.290001553744,10.85309029451657,0.7475585284280937,129.02364564489966,ok,28.576921939849857,False,128.6,
GS4_42127,GS4_42127_K.fits,2.44184,K,15.540933311803649,highSN,-0.1757144859146451,-0.0460445291220214,250.58219314776153,132.57981227503586,0.0200000000901391,78.18732886808006,16.950972095945147,0.0071459190699086,0.2627310303147423,31.49050290886298,0.0745257067991119,8.597421767398538,1.3487083164653475,32883.0,True,58.47217909023787,0.2404761904761905,0.404,0.8603631890511413,129.39058112733653,20.126656445003405,128.40485773948876,16.974172570977636,0.916989966555184,137.97977190477502,ok,30.791468143463135,False,210.9,
GS4_42235,GS4_42235_K.fits,2.43251,K,25.881064753634135,highSN,-0.0746703281004974,-0.0402757874853285,308.26119882487194,194.8831408771728,0.0200000000001479,54.43234613420498,1.8297490221877295,0.0182143106490317,0.0967558663250977,6.78164545782823,0.0133182166013762,2.488699109523877,1.192621740656303,29088.0,True,68.64647943721609,0.225,0.378,0.9248626837487784,189.8730796827562,3.786998371722031,188.32489319137724,3.0836421922907027,1.2558528428093645,146.7739457147562,ok,23.918581008911133,False,145.6,
GS4_42363,GS4_42363_K.fits,2.14079,K,26.695460122699387,highSN,-0.0565201788137808,-0.1184221428516235,213.09118351152105,236.88284570819556,2.999999755271126,67.17871218240323,11.701844302000657,0.0095460880647587,0.2195899192547115,6476.722401436444,83.4687856978649,1.1851556524964586,1.1385272106144548,26664.0,True,71.62242359379135,0.1476190476190476,0.248,0.9455107146064642,16.261839150411948,4.879838244170111,12.438208218175886,4.636356313100498,0.897056856187291,102.3734577226874,ok,16.96242594718933,False,74.0,
GS4_42789,GS4_42789_K.fits,2.25398,K,38.82741273100616,highSN,-0.178567564741426,-0.041560569803043,229.01903834396984,799.9999995412226,2.2634098770510085,85.0456324788787,11.181747699235888,0.0172597233009957,0.2478358254503465,1127.0711145477144,3.3702043609280956,1.8333951198629,1.2665508906548113,30849.0,True,47.706415204026655,0.2482142857142857,0.417,0.8911386151402186,120.56890998554768,6.16287804866116,92.78976210702938,5.990352033160366,1.206020066889632,140.96314807087384,ok,33.618165016174316,False,107.5,
GS4_42930,GS4_42930_K.fits,2.45186,K,11.89276959935742,highSN,0.0263054315584978,-0.1207915861558272,230.14823488124415,174.39595430755188,0.0226937207697042,20.276821188135436,-5.947745445299066,0.0083458544196835,0.1607209402036582,7.827641537422132,0.0155827742734135,6.693404572266138,1.17465756219608,29391.0,False,60.15675688283979,0.1714285714285714,0.288,0.922839305675451,167.7233862701366,4.113125335089154,165.66557118783302,3.562093392353715,0.8870903010033445,122.5969907776583,ok,90.3881311416626,False,138.5,
GS4_43631,GS4_43631_K.fits,2.14085,K,11.426469876602953,highSN,-0.02538064011723,-0.1257415977995964,347.18140984208554,143.17234405259708,0.1062716779271407,64.1475315334466,3.4698550775117174,0.0049751513882897,0.1253550978381846,41.887389249075625,0.0981862494146218,3.894998730167913,1.104177629570248,31680.0,False,53.89656835382737,0.1375,0.231,0.937253047123291,112.37922896018355,9.2658692040094,103.87182062140307,7.081492665673921,0.6977257525083612,107.90771974283436,ok,28.592348098754883,False,80.4,
GS4_44133,GS4_44133_K.fits,2.14049,K,22.564656512278525,highSN,-0.0394383858788458,0.0144926222867055,98.23195197146144,247.45490441840485,0.3175353814825257,84.8273314583974,7.47614938054883,0.0128895945030935,0.1852848380675462,185.82548212516295,0.4775730799989262,12.814968244012642,12.72394299466812,28160.0,False,53.74325519931257,0.2345238095238095,0.394,0.9449420390921678,160.54430310319157,28.191902576867612,140.59207749022275,25.45649771079931,1.036588628762542,135.5643102532765,ok,25.00526213645935,True,114.8,
GS4_45068,GS4_45068_K.fits,2.45255,K,20.932013525023876,highSN,-0.0592214146075488,-0.0999615772916631,249.84666005462825,799.9999995943645,0.1882870144003579,181.77528084026133,2.802168665156531,0.0071840419229616,1.0948151242199151,1062.653863957482,0.412602694555752,8.169957680371551,1.17717543509239,37636.0,True,20.887414356570243,0.081547619047619,0.137,0.9146742075382004,387.6994407091765,75.97244890031735,320.3565072561262,117.9141077709386,0.4385953177257525,262.3218023698198,ok,27.99035096168518,False,218.0,
GS4_45188,GS4_45188_K.fits,2.40602,K,11.746200023088468,highSN,-0.043350313582722,-0.0329305600829943,240.24340185110353,354.1831381064423,0.1652132858096077,56.64634604684624,-7.963496309539518,0.0060718231741577,0.544309961816435,387.96915106189505,0.3249838571028934,6.801653780848491,1.314211795311403,32544.0,False,21.872730160237293,0.0863095238095238,0.145,0.8591899616407646,192.73007644651068,37.29088283317619,162.42018715301518,53.00637261902358,0.4585284280936455,117.93056719249992,ok,35.16770696640015,False,69.1,
GS4_46072,GS4_46072_K.fits,2.49713,K,3.4675090596986458,lowSN,0.0056750877786205,-0.0343515884750142,248.09755851966975,321.4861067374166,0.0917763204966626,10.002574172608965,68.87757244016525,0.0034706519560884,0.0268457993952506,43.72923838900821,0.0620254901858326,52.642353165922195,1.20537653197229,31164.0,True,53.281852674631466,0.2327380952380952,0.391,0.9121360199248196,285.18704940781953,20.596556232295768,274.30102574721076,17.219079531980533,0.7674916387959867,155.04417553309827,ok,103.08912396430968,False,109.2,
GS4_46432,GS4_46432_K.fits,2.43526,K,23.807376243463217,highSN,-0.0636097822624083,-0.0598636630616891,179.2026631966598,335.32883186564015,2.999997840648851,76.44230232494131,10.565310615972122,0.0178319624939282,0.0417588687931023,9053.105132811072,82.98048471090898,1.948993728759078,1.2499973631353345,32204.0,True,52.27426668064064,0.1791666666666666,0.301,0.9037520851438884,27.888771649343205,11.264517229560802,21.347428779998843,10.90655818188749,0.916989966555184,89.87262329320043,ok,33.18871784210205,False,102.2,
GS4_46938,GS4_46938_K.fits,2.33228,K,27.129076362163257,highSN,0.0009650097034369,-0.0872639096182962,18.852294489224057,799.9999968197151,0.4713901401758832,30.32485465470998,11.2731449758163,0.0194045493066416,0.0747953236542928,198.78909693482709,0.1283146515037133,4.083348046787069,1.89338756689686,31062.0,True,59.79203167296683,0.0863095238095238,0.145,0.8984872623208222,195.02310389227785,5.446791914821691,151.98169754182626,4.441439037495991,0.6379264214046823,131.4457951657975,ok,36.39707899093628,False,134.5,
U4_04047,U4_04047_K.fits,2.15745,K,4.030172001454073,lowSN,0.0394943652339204,0.0183424140871088,322.96327768832555,54.232703278859354,0.0847935571127017,125.83961704908772,28.352170523295385,0.0045965468070592,0.2289300200153342,109.96214266062502,1.313300001168353,11.360367388057112,1.2143698309744957,28302.0,False,78.72022171327353,0.2964285714285714,0.498,0.8824430775476726,49.76862456754544,38.25414638111779,48.40993133838565,24.54111246234561,1.2458862876254182,150.84293741591387,ok,30.34035706520081,False,115.7,
U4_05163,U4_05163_K.fits,2.15887,K,7.96728497510495,lowSN,-0.0321260716800427,-0.0528420268946115,267.465415530516,173.8602949085734,0.1770148089071158,24.45546346891692,13.477259867674263,0.0073489228369706,0.2318696760926595,17.379115043623894,0.0426171735273838,5.091248559121294,1.2436800861741653,28248.0,False,55.34158340091517,0.2011904761904762,0.338,0.8790176377550772,131.75181823052583,5.409548502291099,120.46275470807656,3.968580064602609,0.996722408026756,98.29126743709053,ok,17.66584610939026,False,72.9,
U4_06828,U4_06828_K.fits,2.39077,K,5.414726479014143,lowSN,-0.1037784660667166,-0.0679511573003029,336.3332742759439,272.48653316829143,0.0783226768698605,10.00001727216538,15.90044111031811,0.0049348772166889,0.3167139263852483,16.89386097677463,0.0233276078335986,16.158438879737663,1.428073825908751,28880.0,True,53.66650817888356,0.1982142857142857,0.333,0.8344337635371923,241.65827314179757,7.269530383183751,232.41410129584528,5.405717468253837,0.9070234113712377,159.815532407609,ok,43.70875310897827,False,136.4,
U4_06973,U4_06973_K.fits,2.38015,K,7.474763232736008,lowSN,0.2324852841152872,0.0833797667473529,77.79888634702456,318.309903806064,0.020000000082728,23.36138082033319,-122.5483283251551,0.0054642550822093,0.40843633808834,19.817852450780624,0.034995159471523,11.763368959574272,1.2475900749399107,30210.0,True,73.47690630649481,0.3708333333333333,0.623,0.8727673982391271,313.34315897485106,11.8434295227764,311.8067638720975,9.738702938475669,1.405351170568562,234.38702071641492,ok,124.58479404449464,False,136.1,
U4_09733,U4_09733_K.fits,2.28891,K,24.12696518944715,highSN,0.0535830028687416,0.0945803204673956,311.33578317914186,5.000000047147823,2.999999999679191,52.6764171912469,13.066780326013642,0.0098071825032939,0.1299409527495334,1155.7195257286382,725.6236669795697,1.4187894468884616,1.2200991862664776,29532.0,True,70.23604224488676,0.2869047619047619,0.482,0.900073761439046,0.6600863105527837,4.0256785345091535,0.5070842708854518,4.093554909734652,1.405351170568562,75.09314325795128,ok,22.389008045196533,False,61.8,
U4_09825,U4_09825_K.fits,2.31277,K,25.463316494360903,highSN,-0.0330781710158429,-0.0652143346818894,357.17653356931027,255.7515285724184,0.070575058010524,33.031633759300746,-19.359961026500823,0.0085897538801906,0.2480225132405009,9.387582103885071,0.0102890541318899,3.4903791779084328,1.1730228753792404,31527.0,False,61.24661668183263,0.1375,0.231,0.9351983370391984,218.43301624091075,3.442899886685856,207.4743185199753,2.4486606865760447,0.8372575250836121,154.28566785934004,ok,27.55542826652527,False,156.6,
U4_09947,U4_09947_K.fits,2.30216,K,12.476342752724662,highSN,-0.0840273422524459,-0.0372314342376613,206.21632965572397,19.23137028354881,0.020000024893287,136.6269276713369,36.84183765183698,0.0062142277598555,0.3902955529558697,129.67951016748,2.15774820056082,6.1698066367621305,1.4074897094666152,27968.0,True,48.2003550920026,0.1369047619047619,0.23,0.8245723180366669,18.419582435983475,41.53429154682194,18.169425366677032,23.26677276964768,0.6678260869565218,166.27459250428174,ok,39.707298040390015,False,105.6,
U4_11296,U4_11296_K.fits,2.38837,K,10.337743310808404,highSN,0.0109516121146647,-0.1603758486814938,47.60604555526322,206.33147183999617,2.999999999998345,96.58908668234642,5.630594421721016,0.0075314320548764,0.023354380571857,7369.161885511851,110.87894133793836,4.392258534383875,1.2088207292810995,30495.0,True,71.91648336275492,0.2291666666666666,0.385,0.8970393058650109,21.870520357411245,16.458559221881487,16.7655468386466,16.206940312504983,1.0465551839464884,105.41426719500272,ok,21.722207069396973,False,124.4,
U4_11582,U4_11582_K.fits,2.18449,K,8.238774927613067,lowSN,-0.0970076413853244,-0.067172385561361,247.17120031797324,799.9999999999836,1.9034257604985672,76.07663464608875,11.101028474770333,0.0085143256049255,0.3295600521084673,2206.0362659998227,5.539498921306241,3.750037533776379,1.7756892411219594,28890.0,True,48.85371183037769,0.1964285714285714,0.33,0.8891263845133848,113.70020669763036,12.098669263952797,87.4283858345209,11.414162198012296,0.936923076923077,139.2855618878565,ok,19.498310327529907,False,97.1,
U4_12708,U4_12708_K.fits,2.48456,K,11.280187248201733,highSN,-0.3641119426505561,0.3636928442745981,21.41571637517301,65.52047728652775,0.0200000000001935,65.40453177826008,30.85664058639935,0.0075856344544965,0.2307283821976051,31.494618974933324,0.3151414821584662,7.033933267759786,1.5413184881000233,29488.0,True,56.31921879751832,0.4470238095238095,0.751,0.9213334358157216,64.67232473157061,19.46870234820128,64.40991071817383,16.307701688696877,1.1860869565217391,103.3750266237001,ok,46.8520131111145,False,70.1,
U4_13704,U4_13704_K.fits,2.22504,K,11.91614960017916,highSN,0.0450340291742146,0.069288051627066,100.59556675073816,466.0677588570151,0.7517538546733926,42.27283086951813,17.644546160848968,0.0090023463011168,0.1545939703716117,87.9520849758534,0.2015765937235413,4.182305968790683,1.274344673561142,29211.0,False,38.930033207553585,0.3333333333333333,0.56,0.8765204780134193,229.3538026535539,8.783049296649404,189.96577686528565,7.485837284863099,1.2359197324414717,121.84496564561027,ok,34.428120136260986,False,98.5,
U4_13952,U4_13952_K.fits,2.18195,K,23.520183376994524,highSN,-0.0450843262189981,-0.1843138679989576,196.43172897513332,244.14179254355827,0.0200000000019157,54.578908011261696,11.943137571971333,0.0101935755316942,0.4519467699597046,11.950123964820198,0.0135653131590318,2.3855171854710355,1.1595792389823496,28890.0,True,28.371841915120015,0.2410714285714286,0.405,0.9180550933785404,238.28340516731996,8.113074270388081,236.47268962886665,7.023799295920246,1.0664882943143814,151.79700416563264,ok,29.601683855056763,False,104.7,
U4_14078,U4_14078_K.fits,2.53986,K,3.26530344048151,lowSN,-0.2414614985484439,-0.2641917841771793,40.64729533813513,55.8473568180348,2.489704526386326,185.45591238447847,-94.47173250540966,0.0088485656837673,0.1082608802459651,15798.573746177688,745.646868974364,18.944793332181643,1.2988806116408709,32100.0,False,48.527765195691664,0.2779761904761905,0.467,0.8806861736163254,8.563497517712952,77.67812645797576,6.592262839626463,80.36873544727624,0.7874247491638796,195.0958128401676,ok,53.070476055145264,False,31.3,
U4_14602,U4_14602_K.fits,2.16039,K,25.02860200767641,highSN,-0.0365352278788178,-0.021540294798597,356.59078412780065,799.9999539618029,1.5426220999928018,87.67590388069111,-0.5393520548506365,0.0115546764296714,0.1766870971787629,11456.014818730562,22.597114076644992,2.893151350240372,1.2893676055149774,28569.0,True,56.91678317232996,0.0839285714285714,0.141,0.8777712393440165,60.6710918519577,13.729889440885676,46.422077352630296,12.58935419270873,0.5581939799331104,117.48201921583464,ok,21.23944401741028,False,96.6,
U4_15075,U4_15075_K.fits,2.31424,K,8.880693208027074,lowSN,0.0669592457572751,0.0701006134641971,294.2099375809622,341.4782643289627,0.4816009151301964,43.09555411444859,6.631879652935673,0.0040039362661176,0.1847039876784396,320.39120764158065,0.5616872610118436,7.778079091645989,1.3126969250322162,29853.0,False,47.125713666586606,0.1178571428571428,0.198,0.8756737675241927,107.36556332164362,16.85791249688389,84.7965453306441,16.165598340531737,0.5880936454849499,93.18531726851432,ok,23.98570489883423,False,71.0,
U4_16442,U4_16442_K.fits,2.21777,K,19.87730086416474,highSN,-0.1553238713039499,-0.0616774574738281,89.57346336131765,258.58968493776285,0.0200000000004761,78.42917258162694,-53.87765634893548,0.007854142532724,0.4338913098941392,14.18085756716453,0.019649343908166,5.871000642530715,1.158086926350879,28890.0,True,62.69129057081534,0.3023809523809524,0.508,0.90446677525805,253.6418704607398,10.013429869734772,252.11179793638985,8.923482205070037,1.2159866220735789,211.0367514896425,ok,35.68026399612427,False,247.5,
U4_18191,U4_18191_K.fits,2.2241,K,13.519460159498328,highSN,-0.0016046560408881,0.0574170309239134,131.8050291704333,146.38673592369167,0.0200195769478094,48.3946911947643,-37.2838061329055,0.0080754627012232,0.1786427769383729,8.504310354221518,0.0181346791365259,5.2369680558453595,1.2541497223079583,29029.0,True,73.77791414312357,0.2380952380952381,0.4,0.8933129201013069,142.8267192646946,6.631154065846454,141.72642892748772,6.307853424717483,1.206020066889632,128.48930810189043,ok,97.58253502845764,False,126.2,
U4_18807,U4_18807_K.fits,2.17996,K,15.321367141985242,highSN,-0.0255270583065187,-0.0552224075196068,249.13461221602444,263.7326011767559,0.0373678150082912,26.43256819665083,-1.8326063215230104,0.0061340101287763,0.5381371822222306,24.561829385946353,0.0236054230720349,4.262737732547794,1.298133810218632,28569.0,False,24.461412330294984,0.1345238095238095,0.226,0.884042742491699,242.64497430368803,10.279571567078811,236.22063473175024,6.761326889892833,0.7076923076923077,142.8877290821993,ok,28.947354793548584,False,78.5,
U4_20547,U4_20547_K.fits,2.18934,K,24.341815991567536,highSN,-0.034161766314927,-0.0781571049542537,92.11011986295448,264.97596883092797,0.1446738552965858,52.219803614205595,47.17848615803509,0.0086268484931332,0.3827717353502792,15.421775093451304,0.0226395888665267,3.6040732737718626,1.1747541796769676,28391.0,False,53.66650817888356,0.194047619047619,0.326,0.9241895024534484,209.8579704902696,5.051003988037842,194.51908792656445,3.3652848677300105,1.0066889632107023,151.41856859461208,ok,44.156718015670776,False,129.6,
U4_20682,U4_20682_K.fits,2.2982,K,15.141146125378487,highSN,-0.0199904631745611,-0.0579736964014474,22.907602921099407,6.054321339972769,0.0200000000000727,81.07022718195783,13.299857031963056,0.0062420096959781,0.2028093234801166,50.794791398787,3.8211243062557463,3.370137737860818,1.266334495743324,29532.0,True,66.20693961749129,0.1952380952380952,0.328,0.8824847321539421,5.874982329509564,17.023004513333262,5.819593626202344,9.87908256090145,0.916989966555184,103.72034244615293,ok,27.19831609725952,False,77.1,
U4_20704,U4_20704_K.fits,2.19054,K,13.634245764255784,highSN,-0.0012011219783331,-0.0423786130091568,353.1366632958547,318.88701486339306,0.0921944805408652,58.76836574528689,36.70461640886977,0.0051357815692579,0.4545707826496858,15.170108109602864,0.034356703139828,6.591409492095483,1.2839321688838832,31410.0,False,65.70559431904962,0.4988095238095238,0.838,0.8539340780251201,301.87147267536096,8.905944148869596,296.6418935268257,7.2986348769281,1.614648829431438,224.4829118629764,ok,33.827434062957764,False,233.6,
U4_22227,U4_22227_K.fits,2.28899,K,15.892456012573312,highSN,-0.0669609405925849,-0.0895249033793084,304.2636939331623,414.1648548386613,0.0200090002027781,46.52415995756342,-15.448223412043744,0.0074774900126388,0.4901703293461619,23.520446512279086,0.0153504511416123,4.386342078146553,1.3137913733982978,31004.0,True,20.549040177277732,0.1785714285714285,0.3,0.8502807901271848,400.74743553051087,14.565929326755374,396.6052491541666,12.47221229220266,0.7973913043478261,164.2013700334992,ok,44.777162075042725,False,120.7,
U4_22581,U4_22581_K.fits,2.16643,K,21.333007257092156,highSN,0.1312820905759435,-0.2224623835324358,190.43625245457116,174.16741597994078,0.0397529494845122,27.02169332951672,-1.8581285961452412,0.0053893750008565,0.1039154108490332,9.005110546909988,0.0173104376191514,6.309360582410883,1.2539220745319508,27056.0,False,66.3501915336099,0.2738095238095238,0.46,0.8955981981877487,166.8608067423391,5.911823812921932,164.609110876137,5.07757223255683,1.1860869565217391,125.36455547855272,ok,27.746251106262207,False,193.1,
U4_22669,U4_22669_K.fits,2.46649,K,11.275797600706284,highSN,-0.0125278897512236,-0.1873713612742331,137.7588817473185,31.46498181936956,0.0777819620486435,128.00221917122968,1.8080981569506305,0.0076637081486125,0.3805763314596004,145.3435488160794,2.1114541531631135,6.760276546842683,1.2302645723469616,32883.0,False,56.2443123167515,0.1845238095238095,0.31,0.9037735833283036,27.67288426582759,33.654603119806595,26.540613884052117,22.38261453589191,0.7973913043478261,166.20929478916474,ok,37.60450100898743,False,98.1,
U4_23163,U4_23163_K.fits,2.1507,K,23.0855930346078,highSN,-0.1876806741473199,0.0118331115581464,5.1349497933333055,749.5041054700139,2.9999966917263254,57.36704257961904,8.374363250776565,0.0116996552834482,0.0715376601620399,2323.805255249325,9.639425154225718,2.7338923067611947,2.972891105076653,26752.0,True,78.6341916448464,0.2434523809523809,0.409,0.8284302539321893,84.29821901251853,6.645439503886951,64.65280649070185,6.229375132278623,1.4452173913043478,100.67712903443132,ok,43.19230508804321,False,73.5,
U4_23956,U4_23956_K.fits,2.21438,K,6.2590897504229135,lowSN,-0.0721570529684487,-0.2244208920874728,63.638317885294896,179.11224252266177,0.0200000022398274,38.39683070097254,-47.4153422723165,0.0048791760684875,0.2880805001600939,30.27773461810837,0.0789277979068893,14.48442084813404,1.853578633541944,26010.0,True,72.43330987873978,0.2779761904761905,0.467,0.8358110270132966,175.38446145764283,18.252605028246258,174.23186684935257,15.717604481105274,1.1362541806020068,150.32958897999802,ok,30.832070112228394,False,194.0,
U4_24247,U4_24247_K.fits,2.19054,K,32.442053131276246,highSN,-0.3604301591070382,-0.142082984972801,273.81119948244105,740.6090122454891,2.9999997343477,75.78928907035683,15.261895228465056,0.0128484326171834,0.1770305404548124,829.7432069525597,3.552672568814941,1.589677053226901,1.1720959935538495,28890.0,True,81.69585712340066,0.3261904761904762,0.548,0.9161066488620856,110.7023711068022,4.06459809564309,85.18566541598072,4.120213724107293,1.8438795986622072,124.95998907384173,ok,42.34672999382019,False,104.8,
U4_24609,U4_24609_K.fits,2.29784,K,17.099983697424193,highSN,-0.0712499274953853,-0.1253107556371374,141.2425938576328,234.98761389185523,0.13815134660561,42.36893998843093,7.67857199645258,0.0097271722088088,0.1658895788131538,9.415687730001626,0.0185298931603385,3.7061873813502473,1.3825797498110035,27968.0,False,68.14307006288514,0.2553571428571428,0.429,0.8282590938084985,198.91511128015335,4.005269565221544,188.3812838575766,2.977826480588216,1.32561872909699,144.61991865644993,ok,26.3272168636322,False,148.1,
U4_25808,U4_25808_K.fits,2.02802,K,39.93857813357173,highSN,-0.233013110766538,-0.1000556282525761,283.55712483621926,380.44764051811035,0.4195025876493063,76.32380904230067,0.3881223763682138,0.0112828151724688,0.2486122700462647,26.034952065438727,0.0542078299552358,3.416117493965631,1.1650618339249448,25840.0,False,78.89322859533019,0.2869047619047619,0.482,0.9322156910555576,238.37641951731396,4.420100408309057,206.98774765616335,4.070714938294435,1.5947157190635453,184.5210198817213,ok,36.46772217750549,False,211.0,
U4_26012,U4_26012_K.fits,2.31941,K,20.694415173867228,highSN,-0.0210371563538753,0.1186539413747896,182.3652318801244,799.9999999999999,0.9557634318708126,128.18359190272653,-25.687932261393065,0.0059558527590392,0.6396585777213132,908.4899932461232,1.2972920799912522,9.35069023800269,1.226606154926542,30039.0,True,45.0094896136554,0.2166666666666666,0.364,0.8985443517268008,235.6155561211856,28.09419390327826,185.32625989929124,28.93764514077356,0.8472240802675586,218.86821626729588,ok,64.82397818565369,False,204.9,
U4_26264,U4_26264_K.fits,2.17614,K,17.094800405382582,highSN,-0.0552643041528695,-0.0444731865540606,72.8860763070396,46.30446318011937,0.0200000000000742,66.16673683915737,16.360525927469205,0.0091514058606315,0.0890881069169224,41.65462265909901,0.236116684765127,3.9794235341512527,1.4949185733547288,26789.0,True,57.80779917540529,0.0988095238095238,0.166,0.8581246468404666,43.59994098014871,11.61502116901194,42.76989311473514,10.424449455959868,0.6080267558528428,85.9477324197104,ok,19.33049988746643,False,76.5,
U4_26663,U4_26663_K.fits,2.46714,K,5.360665864334934,lowSN,0.0604838402405432,0.065283478128653,125.7388194922111,303.28067073502126,0.0200000000000275,23.009005499855387,3.4995410790804735,0.0059824138490012,0.4243143370135124,15.931433553785164,0.0164544961038493,9.201914516931764,1.144052641873542,34047.0,True,39.7883605205057,0.2297619047619047,0.386,0.9185977174761704,295.645343265088,10.27668153703316,293.2857499511987,8.815066836310516,0.8870903010033445,172.58244587437355,ok,69.62066197395325,False,145.5,
U4_26977,U4_26977_K.fits,2.15595,K,18.530264588619065,highSN,-0.0622803646184071,-0.0658793863492789,296.59898257170033,408.99076733973254,0.0200000000006963,58.35656461423074,21.571824423262974,0.008565790299471,0.5115009389076381,39.38664726986222,0.0187569215524762,6.020295750368974,1.2431657263388838,28569.0,True,33.95120110696804,0.0791666666666666,0.133,0.8818815944907086,379.2220268270587,11.552754716746213,370.1283272329639,8.340440237776464,0.5083612040133779,190.29936937251367,ok,44.87965703010559,False,179.6,
U4_27046,U4_27046_K.fits,2.53104,K,12.987559596407584,highSN,-0.0913873352902215,-0.0554139129196244,118.35518375203183,83.9523630602544,0.6779196469183124,85.43579136342575,48.97700859574974,0.0085311972931499,0.3214371982082615,495.1422068487471,5.522934258573585,5.989682928091662,1.3033215741159394,31779.0,False,51.33396098229401,0.2232142857142857,0.375,0.8749684447070856,33.505220416024564,22.517500681729675,27.00443528288107,30.372285054799487,0.8472240802675586,122.52959840428848,ok,27.459341049194336,False,140.2,
U4_27174,U4_27174_K.fits,2.3181,K,3.8180147708399583,lowSN,0.3700670850755768,-0.1180760973423143,97.69674825508966,799.9999999305403,2.2312262906958695,32.98159573842683,-3.858770690961462,0.0025583791814853,4.999999999999983e-13,3058.1949811057457,8.92327843959808,13.562392571887406,1.3497288364565403,27993.0,True,70.09094903071025,0.2482142857142857,0.417,0.8533905257430142,122.24242924627995,18.909993908982972,94.09813274410794,16.416000706563707,0.916989966555184,93.8594277910659,ok,31.46230912208557,False,38.0,
U4_27569,U4_27569_K.fits,2.15732,K,3.9741989544510874,lowSN,0.0794167954069546,-0.1256343119637921,98.41479675136792,257.19620434220695,0.072289363287073,51.869544028014715,39.2550672217237,0.0052056140716724,0.5579759064021711,71.47007928753668,0.1114960304045776,7.718029761392851,1.3912082050823218,27145.0,False,24.749298556754844,0.231547619047619,0.389,0.8653453161285348,234.1146053856432,33.16876673427224,227.11166230485037,23.90019804771855,0.8372575250836121,127.61022371069268,ok,25.63839221000671,False,57.8,
U4_28473,U4_28473_K.fits,2.52455,K,7.019106328520702,lowSN,-0.0477754535165364,-0.0315705000831987,27.030651476311245,455.42945500552395,0.0413655066828773,10.00011513000056,-164.6364285946241,0.0046341176991219,0.88828950643973,20.500835446267597,0.0183764653336643,20.822889429517197,1.3079511980956384,30096.0,True,52.97299953142239,0.2279761904761905,0.383,0.8499059563144222,431.5708208351122,11.017832414240022,424.2362048615843,9.119781457081569,0.8571906354515051,281.5694212241726,ok,48.67144823074341,False,221.5,
U4_31872,U4_31872_K.fits,2.15361,K,10.028313888544124,highSN,-0.0329338400545451,-0.110999160873818,85.22888220130432,299.26126429380236,0.211526610910234,21.20503502183609,-115.1706989518952,0.0065354204005013,0.2463971662572214,21.121996955311783,0.0340379882347224,12.25565025679954,1.284167048461302,31061.0,False,59.133507744922696,0.2172619047619047,0.365,0.8625256739802653,219.88517304061097,5.923593113965171,199.1970674829252,4.388731292163019,1.036588628762542,149.861002620049,ok,29.89308214187622,False,152.8,
U4_32147,U4_32147_K.fits,2.52873,K,8.690999562119341,lowSN,-0.2184183528277761,0.0466085822620713,125.45423808823898,507.11748467729495,0.3562408610306551,10.000000000000057,-95.40503957713344,0.0087960517734558,0.4017710714963245,41.45757827816004,0.0687120758819784,52.37653320062982,1.3800168331730351,31779.0,True,60.666125748797135,0.3345238095238095,0.562,0.8528777764201464,361.577587452448,11.376153675807444,324.7252730895157,10.437148777112796,1.2558528428093645,225.86366828358257,ok,40.791046142578125,False,300.4,
U4_32351,U4_32351_K.fits,2.17972,K,8.772756171550016,lowSN,-0.0719052473481785,0.0121842213154989,257.41068833449054,379.0250933134579,0.1025065816285353,40.20242694389904,-17.015696106568658,0.0068051915473764,0.6525971962170668,14.824420285615302,0.0170785994281904,5.775743738878561,1.2469004735435925,28569.0,False,46.540028556064904,0.2416666666666667,0.406,0.8832917174397037,333.0668037514651,6.7121881629551785,319.35028454842325,5.107156863526475,1.0664882943143814,212.781669201623,ok,28.065136909484863,False,142.9,
U4_33537,U4_33537_K.fits,2.47947,K,4.553210811476419,lowSN,-0.2321213803749564,0.038590799829647,20.528344630154415,320.4680439510951,0.1546034436644489,180.90543205174572,-20.438083656258065,0.004457281191739,0.5637792345864254,226.1826783847374,0.3753922358947706,33.203229775648744,1.1856929769838402,29792.0,False,75.69653077607788,0.2613095238095238,0.439,0.9162347935465668,266.86981790475596,79.08320492031086,251.3864248374942,54.87322035029458,0.9269565217391303,268.9138457994842,ok,36.07435393333435,False,193.9,
U4_34138,U4_34138_K.fits,2.51841,K,15.11973309044828,highSN,-0.1459858914488492,-0.0172672832000457,10.176813897545166,353.0902269466189,0.0200000000002722,44.503446285107785,13.365195961041367,0.0128497513981527,0.4577816806980077,20.562690354785353,0.0320642297058699,5.96181896581626,1.3411997656495966,33264.0,True,33.40831860176952,0.4261904761904762,0.716,0.8546990660134046,348.2961661211298,13.720080204680071,346.81297039329223,11.88373956488942,1.206020066889632,177.9064702404365,ok,34.543055057525635,False,203.7,
U4_34216,U4_34216_K.fits,2.185,K,8.532873506335509,lowSN,-0.0743039407373515,-0.0895443829770186,147.1488557825167,279.24822484973464,0.1274233700076638,31.200163846377343,32.87089043041802,0.0083140936141183,0.2671607206822626,9.69927125817105,0.0214950297092077,4.850160750819025,1.2496555044198097,28890.0,False,63.33890498946935,0.3369047619047619,0.566,0.9090782702182604,248.98152799476097,4.401728431788837,239.8821290941868,3.346769226582051,1.475117056856187,174.355155094956,ok,34.35873007774353,False,244.7,
U4_34817,U4_34817_K.fits,2.17884,K,7.22169275570244,lowSN,0.0018879340017483,-0.0443280457948872,84.02611129671021,342.6790676688655,0.0752740949557454,27.135491567090742,-34.798772796753354,0.0079090381913039,0.3797219138089647,9.961586435059605,0.0190825593306442,4.660926259139342,1.18443460797881,28569.0,False,47.87144474175942,0.4345238095238095,0.73,0.900621501231531,325.53626649816476,5.810169755061822,320.2630644186744,4.787921811061725,1.5349163879598662,193.9869557280768,ok,27.645046949386597,False,187.4,
U4_35544,U4_35544_K.fits,2.47829,K,5.520577975706269,lowSN,-0.0813273240397451,-0.1771860505797631,307.8790210973066,139.90061270572647,0.0200000154933051,75.11960530821653,14.27950739553615,0.0028658990856572,4.999999999999983e-13,204.8472950186296,0.569348579236602,21.75869184050028,1.2319316371267186,29792.0,True,28.997272586117877,0.2184523809523809,0.367,0.913252218730306,136.19636440653684,105.03102438027015,135.0518086338947,80.14259485365427,0.5681605351170569,94.87023461651592,ok,29.36115002632141,False,140.7,
U4_36074,U4_36074_K.fits,2.32062,K,5.105337433983745,lowSN,-0.0705570907717336,-0.1323180708497197,167.40152503771262,191.5252090517323,0.0269513255703262,40.041996116832166,11.71512166711315,0.0111790320367329,0.1058347218174765,7.0821706339784996,0.0077452517683574,2.658417584303431,1.3460384113393644,29853.0,False,66.99502078263927,0.1607142857142857,0.27,0.8938417976870136,182.24901117957057,4.410750546315144,179.3944998759535,3.690556854822773,0.9668227424749164,138.5032004156669,ok,39.595420837402344,False,137.9,
U4_36247,U4_36247_K.fits,2.17905,K,18.15638419696536,highSN,-0.1517259610882463,-0.0318380525714081,313.45090893897293,261.923057727972,0.192033366847584,45.99702816582611,13.558333958234964,0.0069806402127527,0.4264919386359662,54.694974374325355,0.0992141977928118,4.163966174114074,1.2056330514617613,28747.0,False,27.344343807164982,0.2154761904761905,0.362,0.9147559146203224,197.7445618672197,14.652748270370015,180.59592586442432,9.893951886832506,0.916989966555184,109.70799323990842,ok,20.656265020370483,False,105.7,
U4_36568,U4_36568_K.fits,2.17721,K,19.407565954294924,highSN,-0.2146393068585071,-0.0104113737973106,189.23320905994865,799.9999999979855,0.6228454914519994,103.00522030453324,-17.736272317839525,0.0151269932597107,0.282672858607831,112.75724651081627,0.1207966407091351,3.071485304296101,1.2217554036269531,37350.0,True,34.05888502652313,0.2369047619047619,0.398,0.9113108346776532,354.8643037664143,9.204897890702302,289.5883630571125,8.799553807413034,1.1163210702341138,187.7763893262884,ok,23.834595203399655,False,160.7,
U4_36677,U4_36677_K.fits,2.24889,K,25.053244141432867,highSN,-0.0866766839431636,-0.2174584726245936,134.41231203618202,82.58478618966551,2.999152955544009,115.82220625183456,37.051541431336034,0.0138896839549114,0.1868019400027606,42330.49270020705,1556.2093954634995,2.0985403125135926,1.456477900553289,30667.0,True,57.9557155262896,0.1130952380952381,0.19,0.8735191363501377,4.351662376352093,16.574691938107502,3.326252160195505,15.55517871005268,0.7176588628762542,140.89326737344973,ok,22.803463220596313,False,130.7,
U4_37486,U4_37486_K.fits,2.30026,K,0.7171338333991315,lowSN,-0.1307901507316196,-0.0070748078023063,233.15839991025507,799.941606525965,0.1899536976419353,29.943393187593877,63.6789347517435,0.0019751978197104,0.8836485026523434,272.74192580834506,0.0906677020116842,11.660467675296346,1.3123668979687535,29853.0,True,48.527765195691664,0.0821428571428571,0.138,0.881389690124224,387.2794555796242,33.645506629009525,319.9600782800401,28.81084064695095,0.428628762541806,244.56546168866728,ok,47.161370277404785,False,44.7,
U4_38480,U4_38480_K.fits,2.52958,K,7.073782892723156,lowSN,-0.0715331174985368,-0.1492340880954945,125.44403425679428,744.920906618138,2.9999991990314387,41.26535265058159,8.721780327201087,0.0062056396357849,0.4574501315959611,3718.879005912256,15.777496150020047,7.494075587363607,1.256292243443387,31779.0,True,39.21781420595064,0.3785714285714286,0.636,0.8935287955753308,128.42164533416832,22.043728862283725,99.0702550298258,20.258385674878017,0.916989966555184,101.3065347149824,ok,24.94239902496338,False,142.7,
U3_10584,U3_10584_K.fits,2.24554,K,30.624160186796484,highSN,-0.1757833353508722,0.1273220551935974,241.0161812319483,758.494075046974,2.999999999999551,78.37872546523478,-39.08658937380458,0.013314963769756905,0.0842561170451085,897.9243447453251,3.753175005002098,1.9477325178029976,1.3447187829634517,29211.0,True,80.51873175702532,0.33392857142857146,0.561,0.853914559545498,115.96418556797222,4.533439840983806,89.2661380712545,4.562488965122921,1.8239464882943144,124.22203776069492,ok,82.77647304534912,False,101.2,position outside cube: cube centre used
GS4_41226,GS4_41249_K.fits,2.45124,K,,lowSN,-0.12233425340946319,-0.10058030992790792,254.81831353868944,22.04362799919543,0.020001173293443957,41.53567024364668,-35.41844799636045,0.002761595289789289,9.646196996795423e-11,55.12669197853886,1.1496799576648922,8.627699923900725,1.5222777013328845,32592.0,True,72.99803680526178,0.21000357142857143,0.352806,0.8010727845891416,21.436474906211245,23.14261704171222,21.24890078213464,17.18877543345048,0.8671571906354515,54.79093554822397,ok,88.14331388473511,False,,SPEC_RES missing: 3870 used
GS4_27688,GS4_27882_K.fits,2.30848,K,,lowSN,0.2096241734092937,0.39999075405807955,172.06964760776293,38.605859305097574,0.03265260319352656,106.66547359455859,6.295767223680216,0.002650368392041055,0.8309187154429667,92.20670400508021,1.2419434624992998,6.0572976080909555,1.3320552513654882,35805.0,True,79.65302365866671,0.18844642857142857,0.31659,0.8279153859755614,36.67413578534917,19.064854983054797,36.07993067640304,16.833582345086644,0.936923076923077,163.37314303523888,ok,102.65384435653687,False,,SPEC_RES missing: 3870 used
GS4_40386,GS4_40477_K.fits,2.30622,K,,lowSN,-0.07098523373435135,-0.003568757577271609,48.44596031533934,296.5527285264436,0.5206441119510995,10.000000072866605,0.3083481211689079,0.0023938553847286637,5.948871973188993e-13,153.31402650672828,0.35424701192305447,49.67082668986466,1.3447004375894926,31527.0,True,70.32316556096121,0.17170714285714286,0.288468,0.8635230741305073,118.49895637883327,15.574138787380084,95.5198866731779,14.097921702427984,0.7874247491638796,82.1855205763593,ok,56.54140520095825,False,,SPEC_RES missing: 3870 used
GS4_19017,GS4_18936_K.fits,2.03745,K,,lowSN,-0.2289822725851557,0.13020093359131496,216.6444699389846,134.75102289496448,0.020000000000000004,16.34454237494853,-97.91078981936995,0.0021829455182423253,0.5010704474363613,87.12572806892078,0.08756629502809833,18.876228042176955,1.2087658207070604,26386.0,True,46.598827644653916,0.07072857142857143,0.118824,0.8861391328951778,123.7849791142052,34.537896590148954,120.44607509947483,20.90285124761973,0.3588628762541806,98.53373213623085,ok,84.84138107299805,False,,SPEC_RES missing: 3870 used
COS4_11337,COS4_11363_K.fits,2.096,K,,lowSN,-0.029883957219573574,-0.04923309741926698,262.01557738134966,782.1149305289207,0.020000000000002186,233.93359665020103,-5.565483805354753,0.015328107755734762,0.6535627717388641,453.6877078496363,0.10490876816936337,10.969107161477892,1.1038829459823063,30450.0,True,46.875328840080755,0.04890714285714286,0.082164,0.9636226227542658,690.6073261008436,72.59715760774955,663.2279789436205,215.62923982786901,0.3787959866220736,312.340727992313,ok,108.1946291923523,False,,SPEC_RES missing: 3870 used
COS4_06949,COS4_06963_K.fits,2.29831,K,,lowSN,0.008528145962864477,0.04324160493789567,345.51671546745786,21.95590770976053,0.910527544476673,78.73245707837287,51.899216987255784,0.002130430078169798,0.29778226305102923,29804.230535301667,1303.1827983467622,5.8874953018195795,1.1967671542135265,31096.0,False,69.43961321156603,0.06845357142857143,0.115002,0.9208069739335791,2.2910956486304848,106.76211931276184,1.7561042545341066,99.78225715946098,0.41866220735785953,112.42392297179343,ok,82.70473337173462,False,,SPEC_RES missing: 3870 used
COS4_17669,COS4_17600_K.fits,2.46856,K,,lowSN,0.05220678812978203,-0.3102317548036221,238.21469657177178,719.7492348563673,2.999998613046783,124.15298738793254,-69.58610185045069,0.009259854443097699,0.19099392684944405,8750.323945906675,37.702882873036366,5.793191841600496,1.2512827047662476,36162.0,True,63.94945950606605,0.2399107142857143,0.40305,0.8926453679960269,79.79775774807392,19.713812978824247,61.193659369851254,19.480067344850166,1.0166555183946488,155.60615344219775,ok,98.53690385818481,False,,SPEC_RES missing: 3870 used
COS4_16816,COS4_16609_K.fits,2.55421,K,,lowSN,-0.1764619263219153,-0.13673562739365794,310.6427659671421,171.83297449826125,0.4329535342802781,65.11663823759125,-60.03447730107403,0.0062207120150747025,0.22946473120461156,711.8877911081082,2.5990404392507083,8.078542475416516,1.358358897294535,36333.0,False,85.0,0.10726785714285715,0.18021,0.801236126227546,54.592109380166136,50.28544632805327,43.14676537112766,54.30434678818761,0.7276254180602006,115.46492760969552,ok,157.58373880386353,False,,SPEC_RES missing: 3870 used
COS4_02865,COS4_02887_K.fits,2.17418,K,,lowSN,0.3999999997682619,0.3999999999998414,51.09169233421192,26.294619017468385,0.020000000000711393,33.75202287408162,-72.79514119417368,0.004071441672128941,0.213917240312644,19.572447759874148,0.5214105214394205,4.777528577360982,1.1873551202660944,28569.0,True,61.65923809365971,0.5051785714285715,0.8487,0.9031799527515008,25.99341377489183,12.597842831982573,25.900214004584896,10.751659125813273,1.2957190635451505,63.38230533595172,ok,83.12648510932922,False,,SPEC_RES missing: 3870 used
COS4_01928,COS4_01966_K.fits,2.45561,K,,lowSN,0.016621887932726665,0.004209420260589079,260.6559134763919,295.78894336938095,0.5055012272888507,10.000000000006358,58.12406273033588,0.005872626230812151,4.999999999999983e-13,71.71489798938308,0.18601208766088104,31.720375875475305,1.241070444481791,31137.0,True,64.79575511931607,0.25999285714285714,0.436788,0.8846453529751166,159.4985693727266,11.296060283421562,134.1872274112119,9.700050691566455,1.056521739130435,95.64223482597201,ok,83.56248307228088,False,,SPEC_RES missing: 3870 used
COS4_05758,COS4_05706_K.fits,2.10203,K,,lowSN,-0.17437783353813435,-0.17413300842893747,95.28880506356106,486.8778982587717,2.999999999211151,69.9559977384837,-114.89293573356494,0.005892324345793635,0.22840384686074952,2310.746489431385,14.907413305296169,3.5782504178268417,1.183648288602871,27927.0,True,71.68116638883414,0.303725,0.510258,0.9058020796798397,67.92823128807727,8.973056633738189,52.219462985231395,8.93931842673123,1.2757859531772575,110.25846221983149,ok,44.64294791221619,False,,SPEC_RES missing: 3870 used
GS4_43481,GS4_43631_K.fits,2.14393,K,,lowSN,-0.05514511873493277,-0.1722399868114729,183.5281014776898,799.9999968187071,1.7611446745530839,10.000000000008116,103.8031686340491,0.0022346454023468893,0.019302080485461743,3004.1526307921904,7.1438247428336945,46.42048823155914,1.2040298496849675,31680.0,True,85.0,0.17757857142857142,0.298332,0.936687559055649,111.17629227627485,25.315374634190466,85.46171789789692,22.96091541278152,1.0864214046822742,99.27639657232473,ok,75.97678589820862,False,,SPEC_RES missing: 3870 used
GS4_44322,GS4_44133_K.fits,2.14211,K,,lowSN,0.39999999999870456,0.39999999999863634,108.71703317267469,158.61035950736277,0.0200000000005,64.30050557583255,-97.54421537918824,0.011770549368373691,0.18314667616530916,48.50406762783265,0.14432186132992328,13.363894608361484,12.931081030364576,28160.0,True,65.64113445897031,0.2785571428571429,0.467976,0.9450214240303847,155.31615488913354,25.564327615475555,154.29761344419185,19.392435094891344,1.2558528428093645,137.19506286005065,ok,65.35213303565979,True,,SPEC_RES missing: 3870 used
COS4_18086,COS4_17997_H.fits,2.08506,H,,lowSN,,,,,,,,,,,,,,,,,,,,,,,,,,too few usable channels/pixels,,,,
COS4_10314,COS4_10344_H.fits,2.19309,H,,lowSN,,,,,,,,,,,,,,,,,,,,,,,,,,too few usable channels/pixels,,,,
COS4_05438,COS4_05389_K.fits,2.29702,K,,lowSN,-0.29251210735464656,0.04755773673025106,128.4158368885095,799.9999999564026,0.9330190018888965,10.000000003323004,18.45458342234205,0.001948910711810312,0.1329830005024088,1628.9918614684946,2.042478692132824,43.40329191113009,1.261221898543029,30912.0,True,37.26544687423793,0.1272,0.213696,0.8753854054417093,148.4048238831582,30.653907090595993,114.66984197863418,25.28179698011783,0.5382608695652175,87.57448143876807,ok,50.476722240448,False,,SPEC_RES missing: 3870 used
COS4_05803,COS4_05706_K.fits,2.09813,K,,lowSN,-0.39999999999922997,-0.15040757461818866,95.35631436570475,247.19942543940493,0.04973342356588489,38.37597293903103,88.9519807224418,0.009686454085788394,0.17260206301019151,11.342460210397826,0.023291993128642295,3.651891116439286,1.1615513243784414,27927.0,True,84.89153673555948,0.4856714285714286,0.815928,0.907942737891193,239.87965677238066,8.455029355117327,237.61894872609722,7.708014224249506,2.5216053511705687,181.6744757288082,ok,59.935428857803345,False,,SPEC_RES missing: 3870 used
COS4_18057,COS4_17997_H.fits,2.08506,H,,lowSN,,,,,,,,,,,,,,,,,,,,,,,,,,too few usable channels/pixels,,,,
