{
  "timestamp": "2026-04-19T11:38:15.832614",
  "input_pdb": "pipeline_output_globular80/esm_prediction/z2_globular_80_esm.pdb",
  "n_residues": 78,
  "n_conformations": 100,
  "n_clusters": 5,
  "z2_alignment": {
    "pearson_r": 0.9448958096434817,
    "alignment_ratio": 0.36344765305161153,
    "frequencies_normalized": [
      0.999999999942567,
      1.009703678492994,
      1.032944684500897,
      1.048756746177399,
      1.0578217422624476,
      1.2110858675527523,
      1.231046910040767,
      1.243624029335167,
      1.2541027916307244,
      1.2601082182054957
    ],
    "z2_harmonics": [
      1,
      2,
      3,
      4,
      5,
      6,
      7,
      8,
      9,
      10
    ]
  },
  "ensemble_statistics": {
    "mean_rmsd": 0.41178048347232354,
    "max_rmsd": 1.517294769983945,
    "mean_rmsf": 0.31233698677402644,
    "max_rmsf": 0.4879681481975983
  },
  "cluster_statistics": {
    "1": {
      "n_members": 2,
      "centroid_idx": 13,
      "member_indices": [
        13,
        99
      ]
    },
    "2": {
      "n_members": 4,
      "centroid_idx": 56,
      "member_indices": [
        3,
        56,
        62,
        70
      ]
    },
    "3": {
      "n_members": 58,
      "centroid_idx": 47,
      "member_indices": [
        0,
        1,
        2,
        4,
        6,
        7,
        8,
        9,
        10,
        11,
        19,
        20,
        21,
        22,
        23,
        24,
        27,
        28,
        30,
        32,
        33,
        36,
        38,
        39,
        41,
        44,
        47,
        49,
        50,
        55,
        57,
        60,
        61,
        63,
        64,
        67,
        68,
        69,
        71,
        72,
        74,
        76,
        77,
        78,
        80,
        81,
        82,
        86,
        87,
        88,
        89,
        90,
        91,
        93,
        94,
        95,
        96,
        98
      ]
    },
    "4": {
      "n_members": 8,
      "centroid_idx": 53,
      "member_indices": [
        5,
        16,
        34,
        35,
        37,
        53,
        59,
        92
      ]
    },
    "5": {
      "n_members": 28,
      "centroid_idx": 73,
      "member_indices": [
        12,
        14,
        15,
        17,
        18,
        25,
        26,
        29,
        31,
        40,
        42,
        43,
        45,
        46,
        48,
        51,
        52,
        54,
        58,
        65,
        66,
        73,
        75,
        79,
        83,
        84,
        85,
        97
      ]
    }
  },
  "flexibility_profile": [
    0.20625960551886657,
    0.14960142893431158,
    0.18369564204075098,
    0.21115940186141074,
    0.2225441084842939,
    0.3249801626574788,
    0.20178201274562688,
    0.3786328625312878,
    0.4275479350503916,
    0.4495584425788691,
    0.26063506763754146,
    0.34474562694924493,
    0.29964109448251564,
    0.37569383529402606,
    0.2425833930036163,
    0.3326832806553533,
    0.34543348421608017,
    0.3844437686257402,
    0.25350497191180466,
    0.3448920052772514,
    0.26385591477751097,
    0.18325586605522845,
    0.3868344859402864,
    0.2921191739303234,
    0.22268749280477235,
    0.19162373182334594,
    0.21788408192341718,
    0.2183194976100714,
    0.22916948645492063,
    0.3405768206174653,
    0.20587640529286236,
    0.35676463173418205,
    0.41673159801334164,
    0.4527621364837609,
    0.39573183322045397,
    0.23682948112815605,
    0.3423668027505386,
    0.27770853485252445,
    0.27146067536192503,
    0.2669936635734146,
    0.29636699411924267,
    0.3427137257285707,
    0.3094062441137061,
    0.3088086020504504,
    0.38876458429519095,
    0.3266809325004816,
    0.4251489105869929,
    0.319020121663554,
    0.2919938154443753,
    0.19976738651403467,
    0.21988659858766155,
    0.34664644658947336,
    0.31646578577729256,
    0.4723728050930035,
    0.4879681481975983,
    0.3419207073394921,
    0.3896303473816959,
    0.37351169511092436,
    0.2810039815147735,
    0.35291950650704274,
    0.2411714793110116,
    0.25204151226470317,
    0.40071767851612333,
    0.3177458094323702,
    0.24491064680948973,
    0.3307646030778128,
    0.34137681194186875,
    0.3547698529805514,
    0.38732638867122127,
    0.4116729087031208,
    0.33350361541607987,
    0.3184468774715353,
    0.16673533541123356,
    0.22472907664090497,
    0.277035178120852,
    0.32748064889284195,
    0.47050451486056505,
    0.46078424593125966
  ],
  "hinge_regions": [
    [
      10,
      11
    ],
    [
      14,
      15
    ],
    [
      35,
      36
    ],
    [
      41,
      42
    ],
    [
      42,
      43
    ],
    [
      44,
      45
    ],
    [
      53,
      54
    ],
    [
      54,
      55
    ],
    [
      55,
      56
    ],
    [
      58,
      59
    ],
    [
      64,
      65
    ],
    [
      67,
      68
    ],
    [
      76,
      77
    ],
    [
      16,
      17
    ],
    [
      41,
      42
    ],
    [
      54,
      55
    ],
    [
      59,
      60
    ],
    [
      62,
      63
    ],
    [
      64,
      65
    ],
    [
      69,
      70
    ],
    [
      27,
      28
    ],
    [
      28,
      29
    ],
    [
      29,
      30
    ],
    [
      49,
      50
    ],
    [
      54,
      55
    ],
    [
      72,
      73
    ]
  ],
  "domain_analysis": {
    "n_domains": 78,
    "domain_map": [
      1,
      2,
      3,
      4,
      5,
      6,
      7,
      8,
      9,
      10,
      11,
      12,
      13,
      14,
      15,
      16,
      17,
      18,
      19,
      20,
      21,
      22,
      23,
      24,
      25,
      26,
      27,
      28,
      29,
      30,
      31,
      32,
      33,
      34,
      35,
      36,
      37,
      38,
      39,
      40,
      41,
      42,
      43,
      44,
      45,
      46,
      47,
      48,
      49,
      50,
      51,
      52,
      53,
      54,
      55,
      56,
      57,
      58,
      59,
      60,
      61,
      62,
      63,
      64,
      65,
      66,
      67,
      68,
      69,
      70,
      71,
      72,
      73,
      74,
      75,
      76,
      77,
      78
    ]
  },
  "output_files": {
    "ensemble_pdb": "conformational_ensemble/z2_ensemble.pdb",
    "analysis_plot": "conformational_ensemble/ensemble_analysis.png",
    "centroids_dir": "conformational_ensemble/cluster_centroids"
  },
  "_license": {
    "spdx": "CC-BY-SA-4.0",
    "type": "OpenMTA + CC BY-SA 4.0",
    "prior_art": true,
    "publication_date": "2026-04-19T14:12:54.038166",
    "sha256": "35205a596075309e57349d75553544f9c7c0c5af08c19be94f24ffd360c3bf6d",
    "notice": "This data is published as PRIOR ART. No patents may be filed."
  }
}