{
  "sequence": "MPLNVSFTNRNYDLDYDSVQPYFYCDEEENFYQQQQQSELQPPAPSEDIWKKFELLPTPP",
  "sequence_hash": "6a2341385b7407ee",
  "n_frames_analyzed": 100,
  "n_microstates": 10,
  "pockets_found": 0,
  "druggable_pockets": 0,
  "top_pockets": [],
  "pca_variance_explained": [
    0.9719263804517105,
    0.004646316612010392,
    0.004057832324442194,
    0.0037115186108577745,
    0.00271687321811878
  ],
  "microstate_populations": [
    0.16,
    0.11,
    0.15,
    0.02,
    0.09,
    0.09,
    0.11,
    0.08,
    0.1,
    0.09
  ],
  "output_files": {},
  "timestamp": "20260420_113458"
}