{
  "timestamp": "2026-04-19T12:19:48.927316",
  "input_pdb": "pipeline_output_globular80/esm_prediction/z2_globular_80_esm.pdb",
  "sequence": "GNALEMALIYRQDPSMEFLIYKRNGNALEMALVIYEKNPSMEFLIYRQDGSALEMIYVKRNPNMEFLIYEQDGSALEM",
  "n_residues": 78,
  "z2_constant": 33.510321638291124,
  "hydrophobicity": {
    "mean": -0.2371794871794873,
    "max": 0.7105263157894739,
    "min": -1.0473684210526315,
    "profile": [
      0.2789473684210526,
      0.06315789473684212,
      -0.09999999999999999,
      -0.2631578947368421,
      -0.3263157894736842,
      -0.3473684210526316,
      -0.22631578947368425,
      -0.38947368421052636,
      -0.22105263157894742,
      -4.674623261579606e-17,
      0.25789473684210523,
      0.3736842105263158,
      0.07368421052631575,
      -0.3631578947368422,
      -0.3631578947368422,
      -0.48421052631578954,
      -0.7631578947368421,
      -0.868421052631579,
      -0.9052631578947368,
      -1.0210526315789472,
      -0.6842105263157894,
      -0.40526315789473677,
      -0.021052631578947295,
      0.2842105263157896,
      0.5631578947368423,
      0.3947368421052633,
      0.3947368421052633,
      0.042105263157894916,
      -0.3421052631578945,
      -0.663157894736842,
      -0.6368421052631577,
      -0.33157894736842086,
      -0.27894736842105244,
      0.052631578947368605,
      0.273684210526316,
      0.6947368421052633,
      0.5315789473684213,
      0.09473684210526329,
      0.09473684210526329,
      -0.1894736842105262,
      -0.30526315789473674,
      -0.5473684210526315,
      -0.6736842105263158,
      -0.7105263157894737,
      -0.8263157894736842,
      -0.5421052631578946,
      -0.09999999999999992,
      0.01578947368421061,
      0.3210526315789475,
      0.1578947368421054,
      -0.17894736842105252,
      -0.17894736842105252,
      -0.4105263157894736,
      -0.7947368421052631,
      -0.9315789473684211,
      -1.0473684210526315,
      -0.663157894736842,
      -0.27894736842105256,
      0.14210526315789485,
      0.09473684210526327,
      -0.04736842105263148,
      -0.32631578947368406,
      -0.7105263157894735,
      -0.5473684210526314,
      -0.6894736842105262,
      -0.8315789473684209,
      -0.563157894736842,
      -0.9684210526315788,
      -0.663157894736842,
      -0.32631578947368406,
      -0.04210526315789459,
      0.14210526315789487,
      0.42631578947368437,
      0.42631578947368437,
      0.7105263157894739,
      0.6631578947368423,
      0.5631578947368423,
      0.42631578947368437
    ]
  },
  "transmembrane_regions": [],
  "amphipathic_helices": [
    {
      "start": 44,
      "end": 55,
      "length": 12,
      "hydrophobic_moment": 1.351003274534733,
      "mean_hydrophobicity": -0.08333333333333333,
      "moment_angle": 15.272693850946785,
      "helix_propensity": 1.0733333333333333,
      "type": "amphipathic_helix"
    },
    {
      "start": 19,
      "end": 31,
      "length": 13,
      "hydrophobic_moment": 1.1534796816789528,
      "mean_hydrophobicity": -0.23076923076923078,
      "moment_angle": 39.99121932153271,
      "helix_propensity": 1.0799999999999998,
      "type": "amphipathic_helix"
    },
    {
      "start": 7,
      "end": 20,
      "length": 14,
      "hydrophobic_moment": 1.004935952764761,
      "mean_hydrophobicity": 0.09285714285714283,
      "moment_angle": 51.951090285334814,
      "helix_propensity": 1.035,
      "type": "amphipathic_helix"
    },
    {
      "start": 32,
      "end": 43,
      "length": 12,
      "hydrophobic_moment": 0.9787048866578419,
      "mean_hydrophobicity": -0.07500000000000018,
      "moment_angle": 26.407236142121892,
      "helix_propensity": 1.0675,
      "type": "amphipathic_helix"
    },
    {
      "start": 67,
      "end": 77,
      "length": 11,
      "hydrophobic_moment": 0.9763925549114254,
      "mean_hydrophobicity": -0.4090909090909091,
      "moment_angle": 12.853919083180495,
      "helix_propensity": 1.1209090909090909,
      "type": "amphipathic_helix"
    },
    {
      "start": 51,
      "end": 66,
      "length": 16,
      "hydrophobic_moment": 0.6247637514787309,
      "mean_hydrophobicity": -0.03749999999999998,
      "moment_angle": 25.991152787423015,
      "helix_propensity": 1.1106250000000002,
      "type": "amphipathic_helix"
    },
    {
      "start": 0,
      "end": 12,
      "length": 13,
      "hydrophobic_moment": 0.5176705393040045,
      "mean_hydrophobicity": -0.20000000000000012,
      "moment_angle": -101.03746851861412,
      "helix_propensity": 1.1023076923076922,
      "type": "amphipathic_helix"
    }
  ],
  "topology": {
    "n_terminus": "outside",
    "c_terminus": "outside",
    "n_tm_helices": 0,
    "topology_string": "o"
  },
  "contact_analysis": {
    "protein_contacts": [
      8,
      8,
      9,
      7,
      7,
      9,
      9,
      8,
      6,
      9,
      7,
      7,
      7,
      7,
      10,
      6,
      9,
      10,
      9,
      10,
      9,
      8,
      9,
      9,
      9,
      8,
      8,
      9,
      9,
      7,
      7,
      7,
      7,
      5,
      5,
      9,
      8,
      8,
      7,
      7,
      9,
      8,
      9,
      10,
      10,
      10,
      7,
      8,
      7,
      8,
      10,
      8,
      10,
      9,
      10,
      8,
      6,
      5,
      7,
      6,
      8,
      8,
      9,
      8,
      10,
      6,
      9,
      9,
      8,
      10,
      9,
      8,
      8,
      10,
      7,
      8,
      8,
      9
    ],
    "potential_lipid_contacts": [
      0,
      0,
      0,
      0,
      0,
      0,
      0,
      0,
      0,
      0,
      0,
      0,
      0,
      0,
      0,
      0,
      0,
      0,
      0,
      0,
      0,
      0,
      0,
      0,
      0,
      0,
      0,
      0,
      0,
      0,
      0,
      0,
      0,
      3,
      0,
      0,
      0,
      0,
      0,
      0,
      0,
      0,
      0,
      0,
      0,
      0,
      0,
      0,
      0,
      0,
      0,
      0,
      0,
      0,
      0,
      0,
      0,
      3,
      0,
      0,
      0,
      0,
      0,
      0,
      0,
      0,
      0,
      0,
      0,
      0,
      0,
      0,
      0,
      0,
      0,
      0,
      0,
      0
    ],
    "total_contacts": [
      8,
      8,
      9,
      7,
      7,
      9,
      9,
      8,
      6,
      9,
      7,
      7,
      7,
      7,
      10,
      6,
      9,
      10,
      9,
      10,
      9,
      8,
      9,
      9,
      9,
      8,
      8,
      9,
      9,
      7,
      7,
      7,
      7,
      8,
      5,
      9,
      8,
      8,
      7,
      7,
      9,
      8,
      9,
      10,
      10,
      10,
      7,
      8,
      7,
      8,
      10,
      8,
      10,
      9,
      10,
      8,
      6,
      8,
      7,
      6,
      8,
      8,
      9,
      8,
      10,
      6,
      9,
      9,
      8,
      10,
      9,
      8,
      8,
      10,
      7,
      8,
      8,
      9
    ],
    "mean_protein_contacts": 8.128205128205128,
    "lipid_contact_residues": 2
  },
  "embedding": {
    "is_membrane_protein": false,
    "embedding_type": "soluble",
    "tilt_angle": 0,
    "penetration_depth": 0
  },
  "classification": {
    "predicted_class": "peripheral",
    "confidence": 0.5454545454545455,
    "class_probabilities": {
      "integral_alpha": 0.0,
      "peripheral": 0.5454545454545455,
      "lipid_anchored": 0.0,
      "soluble": 0.45454545454545453
    },
    "evidence": {
      "n_tm_helices": 0,
      "n_amphipathic_helices": 7,
      "mean_hydrophobicity": -0.2371794871794873,
      "max_hydrophobicity": 0.7105263157894739,
      "lipid_contact_residues": 2
    }
  },
  "output_files": {
    "visualization": "membrane_context/membrane_context.png"
  }
}