script	how	lines	via
ai_slop/ErgonFlow/action_deriver.py	library		SymPy
ai_slop/OlympusFlow/flows/ergon/action_deriver.py	library		SymPy
ai_slop/OlympusFlow/flows/truth/05_assessor/turing_eval.py	library		SymPy
ai_slop/OlympusFlow/formula_generator.py	library		SymPy
ai_slop/OlympusFlow/symbolic_engine.py	library		SymPy
ai_slop/OlympusFlow/sympy_verifier.py	library		SymPy
ai_slop/TruthFlow/05_assessor/turing_eval.py	library		SymPy
ai_slop/gemini_push_for_toe/scripts/path3_entropic_action_derivation.py	library		SymPy
ai_slop/research/ALPHA_NUMBER_THEORY_SEARCH.py	library		SymPy
ai_slop/research/RH_ALGEBRAIC_POSITIVITY.py	library		SymPy
ai_slop/research/RH_APPROXIMATE_MARTINGALE.py	library		SymPy
ai_slop/research/RH_BERRY_KEATING.py	library		SymPy
ai_slop/research/RH_CONTRADICTION_ANALYSIS.py	library		SymPy
ai_slop/research/RH_DECAY_RATE_ANALYSIS.py	library		SymPy
ai_slop/research/RH_DEEPER_ANALYSIS.py	library		SymPy
ai_slop/research/RH_DEVIATION_FROM_POISSON.py	library		SymPy
ai_slop/research/RH_FIRST_PRINCIPLES.py	library		SymPy
ai_slop/research/RH_FRESH_LOOK.py	library		SymPy
ai_slop/research/RH_GENERATING_FUNCTION.py	library		SymPy
ai_slop/research/RH_HARPER_COMPARISON.py	library		SymPy
ai_slop/research/RH_HARPER_DEEP_DIVE.py	library		SymPy
ai_slop/research/RH_HARPER_MARTINGALE_DEEP.py	library		SymPy
ai_slop/research/RH_INTERLEVEL_CORRELATION.py	library		SymPy
ai_slop/research/RH_LOGICAL_GAP_ANALYSIS.py	library		SymPy
ai_slop/research/RH_NEW_APPROACHES_TEST.py	library		SymPy
ai_slop/research/RH_NOVEL_APPROACHES.py	library		SymPy
ai_slop/research/RH_OPERATOR_CONSTRUCTION.py	library		SymPy
ai_slop/research/RH_PROOF_ATTEMPTS.py	library		SymPy
ai_slop/research/RH_PROOF_REQUIREMENTS.py	library		SymPy
ai_slop/research/RH_SPECTRAL_OPERATOR.py	library		SymPy
ai_slop/research/RH_TESTABLE_HYPOTHESES.py	library		SymPy
ai_slop/research/RH_TEST_AND_REFINE.py	library		SymPy
ai_slop/research/RH_WHY_14_MATCHES.py	library		SymPy
ai_slop/research/computational_math/aps_boundary_piece4.py	library		SymPy
ai_slop/research/computational_math/aps_index_piece2.py	library		SymPy
ai_slop/research/computational_math/audit_prompt1_bulk_calculus.py	library		SymPy
ai_slop/research/computational_math/audit_prompt2_topological_boundary.py	library		SymPy
ai_slop/research/computational_math/audit_prompt3_holographic_flow.py	library		SymPy
ai_slop/research/computational_math/audit_prompt4_self_referential.py	library		SymPy
ai_slop/research/computational_math/betti_additive_derivation.py	library		SymPy
ai_slop/research/computational_math/gap_analysis_derivations.py	library		SymPy
ai_slop/research/computational_math/higgs_vev_factor_derivation.py	library		SymPy
ai_slop/research/computational_math/kk_reduction_piece1.py	library		SymPy
ai_slop/research/computational_math/rank_multiplier_derivation.py	library		SymPy
ai_slop/research/computational_math/strong_coupling_reciprocity.py	library		SymPy
ai_slop/research/exact_yukawa_matrices.py	library		SymPy
ai_slop/research/foundations/Z2_EXACT_IDENTITIES.py	library		SymPy
ai_slop/research/geometric_closure/Z2_NECESSITY_DERIVATION.py	library		SymPy
ai_slop/research/geometric_leptogenesis.py	library		SymPy
ai_slop/research/holographic_qcd_proton_mass.py	library		SymPy
ai_slop/research/loop_corrections_alpha.py	library		SymPy
ai_slop/research/offensive_campaign/Parity-Odd-4PCF/.ipynb_checkpoints/BOSS Odd-Parity 4PCF - CS Plots-checkpoint.ipynb	library		SymPy
ai_slop/research/offensive_campaign/Parity-Odd-4PCF/.ipynb_checkpoints/Chern-Simons Trispectrum 2-checkpoint.ipynb	library		SymPy
ai_slop/research/offensive_campaign/Parity-Odd-4PCF/.ipynb_checkpoints/Chern-Simons Trispectrum-checkpoint.ipynb	library		SymPy
ai_slop/research/offensive_campaign/Parity-Odd-4PCF/.ipynb_checkpoints/Nseries Odd-Parity 4PCF-checkpoint.ipynb	library		SymPy
ai_slop/research/offensive_campaign/Parity-Odd-4PCF/BOSS Odd-Parity 4PCF (CS template).ipynb	library		SymPy
ai_slop/research/offensive_campaign/Parity-Odd-4PCF/BOSS Odd-Parity 4PCF (collider template).ipynb	library		SymPy
ai_slop/research/offensive_campaign/Parity-Odd-4PCF/BOSS Odd-Parity 4PCF (ghost template).ipynb	library		SymPy
ai_slop/research/offensive_campaign/Parity-Odd-4PCF/Nseries Odd-Parity 4PCF.ipynb	library		SymPy
ai_slop/research/offensive_campaign/Parity-Odd-4PCF/compute_general_4pcf.py	library		SymPy
ai_slop/research/proof_attempt/RH_PROOF_DEVELOPMENT.py	library		SymPy
ai_slop/research/proof_attempt/algebraic_pairing_proof.py	library		SymPy
ai_slop/research/proof_attempt/alternating_sum_bound.py	library		SymPy
ai_slop/research/proof_attempt/alternative_approaches.py	library		SymPy
ai_slop/research/proof_attempt/alternative_attack_dynamical.py	library		SymPy
ai_slop/research/proof_attempt/alternative_attack_fourier.py	library		SymPy
ai_slop/research/proof_attempt/alternative_attack_offdiagonal.py	library		SymPy
ai_slop/research/proof_attempt/alternative_attack_sieve.py	library		SymPy
ai_slop/research/proof_attempt/circularity_breaking_attempt.py	library		SymPy
ai_slop/research/proof_attempt/circularity_breaking_final.py	library		SymPy
ai_slop/research/proof_attempt/combinatorial_approach.py	library		SymPy
ai_slop/research/proof_attempt/completion_stabilization.py	library		SymPy
ai_slop/research/proof_attempt/connes_approach.py	library		SymPy
ai_slop/research/proof_attempt/direction_A_correlations.py	library		SymPy
ai_slop/research/proof_attempt/direction_B_unconditional.py	library		SymPy
ai_slop/research/proof_attempt/direction_C_obstruction.py	library		SymPy
ai_slop/research/proof_attempt/dream_theorem_attempt.py	library		SymPy
ai_slop/research/proof_attempt/explicit_formula_analysis.py	library		SymPy
ai_slop/research/proof_attempt/extra_cancellation_investigation.py	library		SymPy
ai_slop/research/proof_attempt/final_attack.py	library		SymPy
ai_slop/research/proof_attempt/generating_function_attack.py	library		SymPy
ai_slop/research/proof_attempt/generating_function_structure.py	library		SymPy
ai_slop/research/proof_attempt/hilbert_polya_exploration.py	library		SymPy
ai_slop/research/proof_attempt/information_theoretic_approach.py	library		SymPy
ai_slop/research/proof_attempt/large_deviation_concentration.py	library		SymPy
ai_slop/research/proof_attempt/mertens_constant_connection.py	library		SymPy
ai_slop/research/proof_attempt/mertens_correlations.py	library		SymPy
ai_slop/research/proof_attempt/missing_mathematics.py	library		SymPy
ai_slop/research/proof_attempt/ms_ml_cancellation.py	library		SymPy
ai_slop/research/proof_attempt/new_approaches.py	library		SymPy
ai_slop/research/proof_attempt/new_identity_exploration.py	library		SymPy
ai_slop/research/proof_attempt/nilpotent_growth_analysis.py	library		SymPy
ai_slop/research/proof_attempt/operator_eigenvalue_mystery.py	library		SymPy
ai_slop/research/proof_attempt/orthogonality_forces_variance.py	library		SymPy
ai_slop/research/proof_attempt/paired_difference_cancellation.py	library		SymPy
ai_slop/research/proof_attempt/precise_constant_search.py	library		SymPy
ai_slop/research/proof_attempt/probabilistic_approach.py	library		SymPy
ai_slop/research/proof_attempt/quantum_mechanics_analogy.py	library		SymPy
ai_slop/research/proof_attempt/radical_approach.py	library		SymPy
ai_slop/research/proof_attempt/radical_approach_thermodynamic.py	library		SymPy
ai_slop/research/proof_attempt/random_multiplicative_comparison.py	library		SymPy
ai_slop/research/proof_attempt/ratio_analysis_fast.py	library		SymPy
ai_slop/research/proof_attempt/ratio_minus_one.py	library		SymPy
ai_slop/research/proof_attempt/recursive_mertens_proof.py	library		SymPy
ai_slop/research/proof_attempt/root_near_minus_one.py	library		SymPy
ai_slop/research/proof_attempt/spectral_operator_approach.py	library		SymPy
ai_slop/research/proof_attempt/structured_randomness.py	library		SymPy
ai_slop/research/proof_attempt/susy_index_theory.py	library		SymPy
ai_slop/research/proof_attempt/symmetry_bijection.py	library		SymPy
ai_slop/research/proof_attempt/variance_bound_approach.py	library		SymPy
ai_slop/research/proof_attempt/variance_bound_proof.py	library		SymPy
ai_slop/research/proof_attempt/variance_constant_derivation.py	library		SymPy
ai_slop/research/proof_attempt/variance_from_convolution.py	library		SymPy
ai_slop/research/proof_attempt/variance_identity_light.py	library		SymPy
ai_slop/research/proof_attempt/variance_one_third.py	library		SymPy
ai_slop/research/proof_attempt/variance_proof_attempt.py	library		SymPy
ai_slop/research/proof_attempt/variance_to_mertens.py	library		SymPy
ai_slop/research/proof_attempt/why_minus_one_special.py	library		SymPy
ai_slop/research/proof_attempt/why_ratio_minus_one.py	library		SymPy
ai_slop/research/proofs/alpha_ir_fixed_point_rg.py	library		SymPy
ai_slop/research/proofs/holographic_qcd_two_fifths_derivation.py	library		SymPy
ai_slop/research/proofs/type_iib_calabi_yau_embedding.py	library		SymPy
ai_slop/research/proofs/weinberg_angle_plus_one_derivation.py	library		SymPy
ai_slop/research/radion_stabilization_goldberger_wise.py	library		SymPy
ai_slop/research/rigorous_proofs/task4_unified_metric.py	library		SymPy
ai_slop/research/string_theory_embedding.py	library		SymPy
ai_slop/research/weinberg_angle_group_theory.py	library		SymPy
ai_slop/research/z2_testible_predictions/kaluza_klein_reduction_rigorous.py	library		SymPy
campaign_fresh_gravity/CFG0_parameter_reduction.py	library		SymPy
campaign_fresh_gravity/CFG2_A_principle.py	library		SymPy
campaign_fresh_gravity/CFG3_principle.py	library		SymPy
campaign_fresh_gravity/CFG5_1_principle.py	library		SymPy
campaign_fresh_gravity/CFG6_a0z_branches.py	library		SymPy
deepseek_push/DE01_aqual_anisotropy.py	library		SymPy
deepseek_push/DE02_framework_decline.py	library		SymPy
deepseek_push/DE03_dsph_ellipticity.py	library		SymPy
deepseek_push/G081_equilibrium_stability.py	library		SymPy
deepseek_push/G091_virial_triad.py	library		SymPy
deepseek_push/G11_condensation_break.py	library		SymPy
deepseek_push/G154_static_charge.py	library		SymPy
deepseek_push/G155_sourced_eq.py	library		SymPy
deepseek_push/G237_eRASS3_zlaw/G237_eRASS3_zlaw.py	library		SymPy
deepseek_push/LR3_m05_moments_lean.py	library		SymPy
deepseek_push/LR5_ed2_bound.py	library		SymPy
deepseek_push/M05B_r4_bug_audit.py	library		SymPy
deepseek_push/PD01_polarization_count.py	library		SymPy
deepseek_push/PD02_polarization_count.py	library		SymPy
deepseek_push/PD03_two_halves.py	library		SymPy
deepseek_push/PD08_particle_free_derivation.py	library		SymPy
deepseek_push/PD10_zero_mode_measured.py	library		SymPy
deepseek_push/PD14_instrument_gate.py	library		SymPy
deepseek_push/Q01_r6_lean.py	library		SymPy
deepseek_push/R01_r8_moment.py	library		SymPy
deepseek_push/S01_r10_moment.py	library		SymPy
deepseek_push/U03_moments.py	library		SymPy
deepseek_push/V01_chord2d_route.py	library		SymPy
deepseek_push/V04_inverse_moments.py	library		SymPy
deepseek_push/W01_chord_finish.py	library		SymPy
deepseek_push/X01_ladder_closure.py	library		SymPy
deepseek_push/X02_atom_exact.py	library		SymPy
deepseek_push/X03_ladder_lean.py	library		SymPy
deepseek_push/astra_spawn_ideas/results/AS002/AS002-r1-20260927T200245-8f9004/checks_AS002.py	library		SymPy
deepseek_push/astra_spawn_ideas/results/AS003/AS003-20260927-r01/as003_verify.py	library		SymPy
deepseek_push/astra_spawn_ideas/results/AS004/as004_natunits_r1_20260927T202317Z/as004_check.py	library		SymPy
deepseek_push/astra_spawn_ideas/results/AS005/AS005-r1-20260927T201915Z-dsv4f-hermes/as005_horizon_z.py	library		SymPy
deepseek_push/astra_spawn_ideas/results/AS008/AS008-r1-20260927T200612-8f9004/as008_probe.py	library		SymPy
deepseek_push/astra_spawn_ideas/results/AS009/AS009-r1-20260927T200659-f6ecd3b0/AS009_audit.py	library		SymPy
deepseek_push/astra_spawn_ideas/results/AS010/AS010-20260927T200531Z-dsv4f-01/compute_as010.py	library		SymPy
deepseek_push/astra_spawn_ideas/results/AS013/AS013-20260927T224342Z-dsv4f-01/compute_as013.py	library		SymPy
deepseek_push/astra_spawn_ideas/results/AS014/AS014-r1-20260927T225402Z-dsv4f-hermes/compute_AS014_gbare_audit.py	library		SymPy
deepseek_push/astra_spawn_ideas/results/AS018/run_20260927T224352-as018/compute_AS018_gauge_audit.py	library		SymPy
deepseek_push/astra_spawn_ideas/results/AS022/AS022_r01_20260927T200914/audit_AS022_scale_identity.py	library		SymPy
deepseek_push/astra_spawn_ideas/results/AS023/AS023-20260928T0008Z-dsv4f-01/compute_AS023_footing_sensitivity.py	library		SymPy
deepseek_push/astra_spawn_ideas/results/AS026/AS026-r1-20260928T000625Z-dsv4f-hermes/compute_as026.py	library		SymPy
deepseek_push/astra_spawn_ideas/results/AS027/run_20260928T001814Z/compute_AS027_effective_aqual.py	library		SymPy
deepseek_push/astra_spawn_ideas/results/AS029/AS029_r1_dsv4flash_20260928T001410Z/AS029_analysis.py	library		SymPy
deepseek_push/astra_spawn_ideas/results/AS030/AS030_20260928T002346Z/compute_as030.py	library		SymPy
deepseek_push/astra_spawn_ideas/results/AS031/AS031-r1-20260928T021426Z-dsv4f-hermes/compute_as031.py	library		SymPy
deepseek_push/astra_spawn_ideas/results/AS033/AS033-20260927-r01/as033_splice.py	library		SymPy
deepseek_push/astra_spawn_ideas/results/AS037/AS037-r1-20260928T022137Z-dsv4f-hermes/compute_as037.py	library		SymPy
deepseek_push/astra_spawn_ideas/results/AS042/AS042-r1-20260928T033112Z-dsv4f-hermes/t2_sympy.py	library		SymPy
deepseek_push/astra_spawn_ideas/results/AS045/AS045-newtonian-tail-r2-20260928T082400Z-dsv4f-hermes/sympy_series_check.py	library		SymPy
deepseek_push/astra_spawn_ideas/results/AS049/AS049_sa0-03c728e7_20260928T0616Z/AS049_scale_derivatives.py	library		SymPy
deepseek_push/astra_spawn_ideas/results/AS051/AS051-r1-20260928T0551Z-dsv4f-hermes/compute_as051.py	library		SymPy
deepseek_push/astra_spawn_ideas/results/AS052/AS052-r1-20260928T0804Z-dsv4f-hermes/compute_as052.py	library		SymPy
deepseek_push/astra_spawn_ideas/results/AS053/run_20260928T0803/compute_AS053_slope_freedom.py	library		SymPy
deepseek_push/astra_spawn_ideas/results/AS054/run_20260928T0803/compute_AS054_channel_composition.py	library		SymPy
deepseek_push/astra_spawn_ideas/results/AS056/AS056_r01_20260928/as056_derive.py	library		SymPy
deepseek_push/astra_spawn_ideas/results/AS057/AS057-r1-20260928T080406Z-dsv4f-hermes/AS057_derive.py	library		SymPy
deepseek_push/astra_spawn_ideas/results/AS058/AS058-r1-20260928T0810Z-dsv4f-hermes/compute_as058.py	library		SymPy
deepseek_push/astra_spawn_ideas/results/AS059/AS059-r1-20260928T020000Z-dsv4f-hermes/compute_as059.py	library		SymPy
deepseek_push/astra_spawn_ideas/results/AS060/run_20260928T0846/PD08_particle_free_derivation.py	library		SymPy
deepseek_push/astra_spawn_ideas/results/AS060/run_20260928T0846/compute_AS060_or_quadratic.py	library		SymPy
deepseek_push/astra_spawn_ideas/results/AS061/AS061-r1-20260928T090150-7189aade/checks_AS061.py	library		SymPy
deepseek_push/astra_spawn_ideas/results/AS062/AS062_r1_dsv4flash_20260928T084948Z/AS062_gauss_flux_analysis.py	library		SymPy
deepseek_push/astra_spawn_ideas/results/AS063/AS063-r1-20260928T085116Z-dsv4f-hermes/compute_as063.py	library		SymPy
deepseek_push/astra_spawn_ideas/results/AS064/AS064-r1-20260928T085213Z-aa76d89c/AS064_channel_asymmetry.py	library		SymPy
deepseek_push/astra_spawn_ideas/results/AS065/AS065-r1-20260928T101510-4f0d2a3c/AS065_checks_coarse_graining.py	library		SymPy
deepseek_push/astra_spawn_ideas/results/AS066/AS066-r1-20260928T104243Z-dsv4f-hermes/PD01_polarization_count.py	library		SymPy
deepseek_push/astra_spawn_ideas/results/AS066/AS066-r1-20260928T104243Z-dsv4f-hermes/PD08_particle_free_derivation.py	library		SymPy
deepseek_push/astra_spawn_ideas/results/AS066/AS066-r1-20260928T104243Z-dsv4f-hermes/compute_as066.py	library		SymPy
deepseek_push/astra_spawn_ideas/results/AS066/AS066-r1-20260928T104243Z-dsv4f-hermes/k01_zero_mode_theorem_and_lambda_free_vacuum.py	library		SymPy
deepseek_push/astra_spawn_ideas/results/AS067/AS067-r1-20260928T103724Z-dsv4f-hermes/as067_audit.py	library		SymPy
deepseek_push/astra_spawn_ideas/results/AS068/run_20260928T1030/compute_AS068_boundary_zero_mode.py	library		SymPy
deepseek_push/astra_spawn_ideas/results/AS069/AS069-r1-20260928T114316Z-dsv4f-hermes/as069_audit.py	library		SymPy
deepseek_push/astra_spawn_ideas/results/AS070/run_20260928T115333_06b0/compute_AS070_prototype.py	library		SymPy
deepseek_push/astra_spawn_ideas/results/AS072/AS072-r1-20260928T112622Z-dsv4f-hermes/compute_AS072_normalization.py	library		SymPy
deepseek_push/astra_spawn_ideas/results/AS073/AS073-r1-20260928T1121Z-dsv4f-hermes/compute_as073.py	library		SymPy
deepseek_push/astra_spawn_ideas/results/AS074/AS074-20260928T112432Z-dsv4f-hermes/AS074_prototype.py	library		SymPy
deepseek_push/astra_spawn_ideas/results/AS075/AS075-r1-20260928T121520Z-dsv4f-hermes/AS075_work_order.py	library		SymPy
deepseek_push/astra_spawn_ideas/results/AS076/AS076_r001_deepseek-v4-flash-0731_20260928T120802Z/AS076_audit.py	library		SymPy
deepseek_push/astra_spawn_ideas/results/AS079/AS079_r001_deepseek-v4-flash-0731_20260928T130645Z/AS079_second_variation.py	library		SymPy
deepseek_push/astra_spawn_ideas/results/AS080/run_20260928T131319Z_as080_e004c2aa/as080_hydrostatic_slope.py	library		SymPy
deepseek_push/astra_spawn_ideas/results/AS081/run_20260928T132023Z_as081-9023b0b5/as081_derive.py	library		SymPy
deepseek_push/astra_spawn_ideas/results/AS083/AS083-r1-20260928T131537Z-039da761/AS083_checks.py	library		SymPy
deepseek_push/astra_spawn_ideas/results/AS084/run_20260928T1306/compute_AS084_virial_central.py	library		SymPy
deepseek_push/astra_spawn_ideas/results/AS085/run_20260928T132621/as085_virial_term.py	library		SymPy
deepseek_push/astra_spawn_ideas/results/AS087/AS087-r1-20260928T1336Z-dsv4f-hermes/AS087_boundary_pressure.py	library		SymPy
deepseek_push/astra_spawn_ideas/results/AS127/AS127-r1-20260928T151134Z-dsv4f-hermes/compute_as127.py	library		SymPy
deepseek_push/astra_spawn_ideas/results/AS132/AS132-r1-20260928T171600Z-dsv4f-hermes/compute_as132.py	library		SymPy
deepseek_push/astra_spawn_ideas/results/AS133/AS133-r1-20260928T160117Z-dsv4f-hermes/compute_as133.py	library		SymPy
deepseek_push/astra_spawn_ideas/results/AS137/AS137-r1-20260928T150706Z-dsv4f-hermes/ward_numeric.py	library		SymPy
deepseek_push/astra_spawn_ideas/results/AS137/AS137-r1-20260928T150706Z-dsv4f-hermes/ward_symbolic.py	library		SymPy
deepseek_push/astra_spawn_ideas/results/AS138/AS138-20260928T1502Z-dsv4f-01/AS138_ward_heat_check.py	library		SymPy
deepseek_push/astra_spawn_ideas/results/AS138/AS138.C01-20260928T1950Z-dsv4f-hermes/assemble_ward_reduce.py	library		SymPy
deepseek_push/astra_spawn_ideas/results/AS142/AS142_20260928T151335Z/compute_as142.py	library		SymPy
deepseek_push/astra_spawn_ideas/results/AS142/AS142_20260928T151335Z/compute_as142_v2.py	library		SymPy
deepseek_push/astra_spawn_ideas/results/AS147/AS147-r1-20260928T145834Z-dsv4f-hermes/compute_as147.py	library		SymPy
deepseek_push/astra_spawn_ideas/results/AS151/AS151-r1-20260928T151215Z-dsv4f-hermes/compute_as151.py	library		SymPy
deepseek_push/astra_spawn_ideas/results/AS156/AS156-20260928T153705Z-dsv4f-hermes/as156_spatial_difffeo_checks.py	library		SymPy
deepseek_push/astra_spawn_ideas/results/AS206/AS206-r1-20260928T170619Z-dsv4f-hermes/as206_derive.py	library		SymPy
deepseek_push/astra_spawn_ideas/results/AS215/AS215-r1-20260928T172030Z-dsv4f-hermes/compute_as215.py	library		SymPy
deepseek_push/astra_spawn_ideas/results/AS226/AS226-r1-20260928T171100Z-dsv4f-hermes/as226_derive.py	library		SymPy
deepseek_push/astra_spawn_ideas/results/AS651/AS651-r1-20260928T140734Z-dsv4f-hermes/compute_as651.py	library		SymPy
deepseek_push/astra_spawn_ideas/results/AS652/AS652-r1-20260928T140620Z-dsv4f-hermes/compute_as652.py	library		SymPy
deepseek_push/astra_spawn_ideas/results/AS653/AS653-r1-20260928T140712Z-dsv4f-hermes/compute_as653.py	library		SymPy
deepseek_push/astra_spawn_ideas/results/AS658/AS658-r1-20260928T143654Z-dsv4f-hermes/as658_derive.py	library		SymPy
deepseek_push/astra_spawn_ideas/results/AS669/AS669-r1-20260928T143344Z-dsv4f-hermes/AS669_flux_volume.py	library		SymPy
deepseek_push/g03_candidate_actions.py	library		SymPy
deepseek_push/lanes/G031_gr_fluid_action.py	library		SymPy
deepseek_push/lanes/G032_horn_a_fixed_congruence.py	library		SymPy
deepseek_push/navier_stokes_attempt/N01_rheology.py	library		SymPy
deepseek_push/navier_stokes_attempt/N02_dragcount.py	library		SymPy
deepseek_push/navier_stokes_attempt/N07_action_door.py	library		SymPy
deepseek_push/navier_stokes_attempt/N10_jeans_cusp.py	library		SymPy
deepseek_push/navier_stokes_attempt/N13_construction_audit.py	library		SymPy
deepseek_push/riemann_attemp/RH01_log_moment_zeros.py	library		SymPy
deepseek_push/riemann_attemp/RH02b_ladder_edge.py	library		SymPy
deepseek_push/riemann_attemp/RH02c_axis_values.py	library		SymPy
deepseek_push/riemann_attemp/RH03_positive_law.py	library		SymPy
deepseek_push/riemann_attemp/RH06_moment_sequence.py	library		SymPy
deepseek_push/yang_mills_gap/YM01_gap_derivation.py	library		SymPy
deepseek_push/yang_mills_gap/YM02_deep_face_kill.py	library		SymPy
deepseek_push/yang_mills_gap/YM03_selfinteraction.py	library		SymPy
deepseek_push/yang_mills_gap/YM04_vector_halo.py	library		SymPy
deepseek_push/yang_mills_gap/YM04b_vector_halo_physical.py	library		SymPy
deepseek_push/yang_mills_gap/YM05_lattice_gap.py	library		SymPy
deepseek_push/yang_mills_gap/YM07_uniform_gap.py	library		SymPy
fable_independent_2026/L101_verify_york_slip_lensing.py	library		SymPy
fable_independent_2026/L103_verify_fqtheta_ghost_reconcile_cuscuton.py	library		SymPy
fable_independent_2026/L104_cuscuton_kinetic_dissolves_ghost.py	library		SymPy
fable_independent_2026/L105_cuscuton_closes_positive_theorem.py	library		SymPy
fable_independent_2026/L106_sound_speed_closes_full_algebra.py	library		SymPy
fable_independent_2026/L108_verify_astra_cuscuton_branch.py	library		SymPy
fable_independent_2026/L109_verify_cam_kepler_and_compensator.py	library		SymPy
fable_independent_2026/L10_khronon_gate.py	library		SymPy
fable_independent_2026/L110_bbn_vs_darkmatter_tradeoff.py	library		SymPy
fable_independent_2026/L111_independent_cam_dirac_closure.py	library		SymPy
fable_independent_2026/L112_cam_ppn_gamma_cassini.py	library		SymPy
fable_independent_2026/L113_cam_gr_limit_full_ppn.py	library		SymPy
fable_independent_2026/L114_btfr_lift_kernel_discriminator.py	library		SymPy
fable_independent_2026/L115_correction_astra_cam_audit.py	library		SymPy
fable_independent_2026/L116_cam_khronometric_structure.py	library		SymPy
fable_independent_2026/L117_fleet_synthesis_cam_ghost.py	library		SymPy
fable_independent_2026/L118_gate_spec_and_transition_pathology.py	library		SymPy
fable_independent_2026/L119_health_passing_architecture.py	library		SymPy
fable_independent_2026/L11_galactic_limit.py	library		SymPy
fable_independent_2026/L120_raqual_causality_cuscuton_evasion.py	library		SymPy
fable_independent_2026/L123_cmb_pincer_tightness.py	library		SymPy
fable_independent_2026/L125_final_verdict_health_vs_cosmology.py	library		SymPy
fable_independent_2026/L126_twometric_cmb_dead.py	library		SymPy
fable_independent_2026/L128_cuscuton_dust_escape_and_clustering_wall.py	library		SymPy
fable_independent_2026/L12_constraint_first.py	library		SymPy
fable_independent_2026/L134_ppn_beta_exact_health_branch.py	library		SymPy
fable_independent_2026/L136_RETRACTION_cosmology_nogo.py	library		SymPy
fable_independent_2026/L137_aest_dust_stiff_correction.py	library		SymPy
fable_independent_2026/L138_velocity_lemma_is_particle_specific.py	library		SymPy
fable_independent_2026/L139_cuscuton_transplant_route2_open.py	library		SymPy
fable_independent_2026/L13_strong_coupling.py	library		SymPy
fable_independent_2026/L153a_identity_soundspeed_coupling.py	library		SymPy
fable_independent_2026/L155_disformal_gamma_cure.py	library		SymPy
fable_independent_2026/L157_soundspeed_growth_realizability.py	library		SymPy
fable_independent_2026/L15_sigma_one.py	library		SymPy
fable_independent_2026/L169_single_metric_action.py	library		SymPy
fable_independent_2026/L170_boosted_ppn_single_metric.py	library		SymPy
fable_independent_2026/L171_stiff_clock_version.py	library		SymPy
fable_independent_2026/L17_elliptic_nonlocal.py	library		SymPy
fable_independent_2026/L193_stress_degeneracy.py	library		SymPy
fable_independent_2026/L19_cherenkov_applicability.py	library		SymPy
fable_independent_2026/L200_coefficient_history.py	library		SymPy
fable_independent_2026/L201_friedmann_simultaneous.py	library		SymPy
fable_independent_2026/L204_boosted_metric_expansion.py	library		SymPy
fable_independent_2026/L205_does_the_family_give_mond.py	library		SymPy
fable_independent_2026/L206_cubic_restored.py	library		SymPy
fable_independent_2026/L207_the_missing_operator.py	library		SymPy
fable_independent_2026/L20_ghost_past.py	library		SymPy
fable_independent_2026/L210_sign_correction.py	library		SymPy
fable_independent_2026/L211_three_corrections.py	library		SymPy
fable_independent_2026/L212_decoupling_branch.py	library		SymPy
fable_independent_2026/L213_branch_solved_and_the_board.py	library		SymPy
fable_independent_2026/L214_force_law_on_the_branch.py	library		SymPy
fable_independent_2026/L215_solar_system_on_the_branch.py	library		SymPy
fable_independent_2026/L216_clock_alignment.py	library		SymPy
fable_independent_2026/L217_where_the_clock_rate_comes_from.py	library		SymPy
fable_independent_2026/L218_criticality_at_the_tightened_w.py	library		SymPy
fable_independent_2026/L219_the_uv_cutoff.py	library		SymPy
fable_independent_2026/L220_radiative_stability.py	library		SymPy
fable_independent_2026/L221_the_cutoff_step.py	library		SymPy
fable_independent_2026/L222_auditing_l221.py	library		SymPy
fable_independent_2026/L226_kappa_and_the_free_function.py	library		SymPy
fable_independent_2026/L227_nu_rar_as_a_fixed_shape.py	library		SymPy
fable_independent_2026/L229_the_principle.py	library		SymPy
fable_independent_2026/L230_one_number.py	library		SymPy
fable_independent_2026/L231_the_curve.py	library		SymPy
fable_independent_2026/L234_structural_search.py	library		SymPy
fable_independent_2026/L235_which_integer_does_the_maths_pick.py	library		SymPy
fable_independent_2026/L236_can_the_two_tracks_merge.py	library		SymPy
fable_independent_2026/L237_the_mandel_reading.py	library		SymPy
fable_independent_2026/L238_the_two_modes.py	library		SymPy
fable_independent_2026/L239_d_dimensional.py	library		SymPy
fable_independent_2026/L241_nonlocal_kernel_verdict.py	library		SymPy
fable_independent_2026/L247_self_acceleration_medium.py	library		SymPy
fable_independent_2026/L258_closure_audit.py	library		SymPy
fable_independent_2026/L25_universal_efe.py	library		SymPy
fable_independent_2026/L260_seesaw_identity_audit.py	library		SymPy
fable_independent_2026/L264_lensing_lock_second_order.py	library		SymPy
fable_independent_2026/L265_curvature_order_pincer.py	library		SymPy
fable_independent_2026/L268_magnitude_only_efe_action.py	library		SymPy
fable_independent_2026/L269_magnitude_only_pincer_status.py	library		SymPy
fable_independent_2026/L26_sigma_above_one.py	library		SymPy
fable_independent_2026/L270_boosted_khronon_alpha.py	library		SymPy
fable_independent_2026/L271_galactic_solar_consistency.py	library		SymPy
fable_independent_2026/L272_cuscuton_alpha1.py	library		SymPy
fable_independent_2026/L273_direction_blind_reconciliation.py	library		SymPy
fable_independent_2026/L274_candidate_lensing_A4.py	library		SymPy
fable_independent_2026/L278_clock_sourced_poisson_lensing.py	library		SymPy
fable_independent_2026/L27_foliation_scalar.py	library		SymPy
fable_independent_2026/L30_saturated_branch.py	library		SymPy
fable_independent_2026/L31_foliation_nogo.py	library		SymPy
fable_independent_2026/L32_kappa_necessary.py	library		SymPy
fable_independent_2026/L33_scalar_cone.py	library		SymPy
fable_independent_2026/L34_boost_vs_cubic.py	library		SymPy
fable_independent_2026/L35_transition_ghost.py	library		SymPy
fable_independent_2026/L36_record_audit.py	library		SymPy
fable_independent_2026/L39_nonlocal_modes.py	library		SymPy
fable_independent_2026/L3_flux_quantisation.py	library		SymPy
fable_independent_2026/L40_coefficient_rigidity.py	library		SymPy
fable_independent_2026/L43_assemble_theory.py	library		SymPy
fable_independent_2026/L44_collar_vs_theorem.py	library		SymPy
fable_independent_2026/L46_mode_floor.py	library		SymPy
fable_independent_2026/L47_xi_collision.py	library		SymPy
fable_independent_2026/L49_minimum_addition.py	library		SymPy
fable_independent_2026/L4_verify_ic7.py	library		SymPy
fable_independent_2026/L50_baryon_sourced.py	library		SymPy
fable_independent_2026/L51_second_combination.py	library		SymPy
fable_independent_2026/L52_marginal_sweep.py	library		SymPy
fable_independent_2026/L54_repair_constraints.py	library		SymPy
fable_independent_2026/L56_potential_trigger.py	library		SymPy
fable_independent_2026/L57_nonlocal_functional.py	library		SymPy
fable_independent_2026/L58_anisotropic_stress.py	library		SymPy
fable_independent_2026/L59_second_order_scalars.py	library		SymPy
fable_independent_2026/L60_anisotropic_health.py	library		SymPy
fable_independent_2026/L61_permitted_branches.py	library		SymPy
fable_independent_2026/L63_degeneracy_locus.py	library		SymPy
fable_independent_2026/L64_screened_solve.py	library		SymPy
fable_independent_2026/L65_memory_kernel.py	library		SymPy
fable_independent_2026/L66_lead_action_health.py	library		SymPy
fable_independent_2026/L67_emergent_mond.py	library		SymPy
fable_independent_2026/L68_dipolar_dm.py	library		SymPy
fable_independent_2026/L69_healthy_deepmond.py	library		SymPy
fable_independent_2026/L70_bimetric_branch.py	library		SymPy
fable_independent_2026/L71_lead_galactic_health.py	library		SymPy
fable_independent_2026/L72_lead_two_concerns.py	library		SymPy
fable_independent_2026/L74_galactic_curvature_bracket.py	library		SymPy
fable_independent_2026/L80_verify_fqtheta_dust.py	library		SymPy
fable_independent_2026/L81_noether_dust_first_principles.py	library		SymPy
fable_independent_2026/L82_final_gate_dust_clustering.py	library		SymPy
fable_independent_2026/L83_near_horizon_health.py	library		SymPy
fable_independent_2026/L84_stiff_bbn_bound.py	library		SymPy
fable_independent_2026/L86_fine_tuning_assessment.py	library		SymPy
fable_independent_2026/L87_stiff_free_dust.py	library		SymPy
fable_independent_2026/L88_gw_polarization.py	library		SymPy
fable_independent_2026/L89_external_field_effect.py	library		SymPy
fable_independent_2026/L8_verify_ic10.py	library		SymPy
fable_independent_2026/L91_ppn_preferred_frame.py	library		SymPy
fable_independent_2026/L93_linear_growth_sigma8.py	library		SymPy
fable_independent_2026/L94_verify_rmmg.py	library		SymPy
fable_independent_2026/L95_closure_forces_cuscuton.py	library		SymPy
fable_independent_2026/clock_swarm_2026/CK02_replacement_coupling.py	library		SymPy
fable_independent_2026/glm_moe_push/SW01_envscalar_response.py	library		SymPy
fable_independent_2026/glm_moe_push/SW01b_envscalar_orthogonality.py	library		SymPy
fable_independent_2026/glm_moe_push/SW02_helmholtz_kill.py	library		SymPy
fable_independent_2026/glm_moe_push/SW03_dSph_eta_sequence.py	library		SymPy
fable_independent_2026/glm_moe_push/SW04_conformal_efe.py	library		SymPy
fable_independent_2026/glm_moe_push/SW05_kepler_freeze.py	library		SymPy
fable_independent_2026/glm_moe_push/SW06_conformal_mu.py	library		SymPy
fable_independent_2026/glm_moe_push/SW07_eta_c_attack.py	library		SymPy
fable_independent_2026/glm_moe_push/SW09_chain.py	library		SymPy
fable_independent_2026/glm_moe_push/SW10_pair.py	library		SymPy
fable_independent_2026/glm_moe_push/SW13_epd_source.py	library		SymPy
fable_independent_2026/kappa_slot_2026/KS01_sds_adjudication.py	library		SymPy
fable_independent_2026/kappa_slot_2026/KS01_slot_adjudication.py	library		SymPy
fable_independent_2026/kappa_slot_2026/KS02_normalisation_table.py	library		SymPy
fable_independent_2026/kappa_slot_2026/KS06_number_field.py	library		SymPy
fable_independent_2026/kappa_slot_2026/KS08_emergent_gravity_forcing.py	library		SymPy
fable_independent_2026/kappa_slot_2026/L263_realmass_phantom_pincer.py	library		SymPy
fable_independent_2026/kappa_slot_2026/L264_sep_theorem.py	library		SymPy
fable_independent_2026/kappa_slot_2026/SW01_direction_blind_efe.py	library		SymPy
fable_independent_2026/kappa_slot_2026/SW03_covariant_action.py	library		SymPy
fable_independent_2026/kappa_slot_2026/SW04_ppn_full.py	library		SymPy
fable_independent_2026/kappa_slot_2026/SW05_quadrature_repair.py	library		SymPy
fable_independent_2026/kappa_slot_2026/SW06_lensing_trilemma_quadrature.py	library		SymPy
fable_independent_2026/parameter_space_scan.py	library		SymPy
fable_independent_2026/reviews/2026-09-10_twenty_recommendations/check_review_algebra.py	library		SymPy
full_pack/closure_manual_pack/scripts/01_constitutive_check.py	library		SymPy
full_pack/closure_manual_pack/scripts/02_c2_regulator.py	library		SymPy
full_pack/closure_manual_pack/scripts/03_auxiliary_hessian.py	library		SymPy
full_pack/closure_manual_pack/scripts/04_transport_solution.py	library		SymPy
full_pack/closure_manual_pack/scripts/05_active_normalization.py	library		SymPy
gemini38_flash_push/amplitude_law_infall_virialization.py	library		SymPy
gemini38_flash_push/constitutive_dark_fluid_adm_closure.py	library		SymPy
gemini38_flash_push/definitive_onefunction_unification.py	library		SymPy
gemini38_flash_push/first_principles_derivation_chain.py	library		SymPy
gemini38_flash_push/fried_chicken_action_and_dof.py	library		SymPy
gemini38_flash_push/grand_synthesis_derivation.py	library		SymPy
gemini38_flash_push/hydrodynamic_attractor_closure.py	library		SymPy
gemini38_flash_push/nonlocal_metric_closure.py	library		SymPy
gemini38_flash_push/radion_dark_dimension_closure.py	library		SymPy
gemini38_flash_push/swing_all_breakthroughs.py	library		SymPy
gemini38_flash_push/theory_completion_foundation.py	library		SymPy
gemini_38_flash_push/02_mukohyama_projectable_khronon_dust_closure.py	library		SymPy
gemini_38_flash_push/06_constrained_clock_mimetic_closure.py	library		SymPy
glm53_push/G001_clockmaker_dilemma.py	library		SymPy
glm53_push/G002_onefunction_construction.py	library		SymPy
glm53_push/G003_halo_is_the_phantom.py	library		SymPy
glm53_push/G007_bimetric_door.py	library		SymPy
glm53_push/G024_slab_limit.py	library		SymPy
glm53_push/G027_audit_response.py	library		SymPy
glm53_push/G030_third_operator.py	library		SymPy
glm53_push/G031_gr_fluid_action.py	library		SymPy
glm53_push/G032_horn_a_fixed_congruence.py	library		SymPy
glm53_push/G034_inside_invariant_operator.py	library		SymPy
glm53_push/G038_completion_cosmology.py	library		SymPy
glm53_push/G042_wang_vertical_response.py	library		SymPy
glm53_push/G043_mimetic_embedding.py	library		SymPy
glm53_push/G046_temperature_from_action.py	library		SymPy
glm53_push/G048_mimetic_dust.py	library		SymPy
glm53_push/G054_frozen_scalar_cosmology.py	library		SymPy
glm53_push/G056_constitutive_temperature.py	library		SymPy
grok_push/K003_gr_fluid_action.py	library		SymPy
grok_push/K004_kappa_roundabout.py	library		SymPy
grok_push/K005_branch_selection.py	library		SymPy
hunt_2026/eft01_positivity_causality_mu_family_2026.py	library		SymPy
hunt_2026/exact_exponential_mu_2026.py	library		SymPy
hunt_2026/f23_kernel_transcription_audit.py	library		SymPy
hunt_2026/f31_ppn_k4_alpha1.py	library		SymPy
hunt_2026/f31b_ppn_k4_split.py	library		SymPy
hunt_2026/f31c_ppn_k4_operators.py	library		SymPy
hunt_2026/f32_ppn_k4_spatial_gradient_operator.py	library		SymPy
hunt_2026/f33_ppn_k4_clock_host.py	library		SymPy
hunt_2026/f33b_ppn_k4_clock_host_healthy.py	library		SymPy
hunt_2026/f34_timedep_scalar_sector.py	library		SymPy
hunt_2026/f34b_timedep_small_c2.py	library		SymPy
hunt_2026/f35_measured_G.py	library		SymPy
hy4_push/H001_zimmerman_aest_action.py	library		SymPy
hy4_push/H002_cmb_perturbations.py	library		SymPy
hy4_push/H003_ppn_aether.py	library		SymPy
hy4_push/H007_gr_fluid_action.py	library		SymPy
hy4_push/H009_mimetic_horn_a.py	library		SymPy
hy4_push/H011_frozen_scalar_completion.py	library		SymPy
hy4_push/H013_g03_localised_filter.py	library		SymPy
hy4_push/H037_sigma_lambda_relation.py	library		SymPy
hy4_push/H038_phidot_attractor.py	library		SymPy
hy4_push/H046_is_n_two_forced_by_health.py	library		SymPy
kappa_closure/k01_zero_mode_theorem_and_lambda_free_vacuum.py	library		SymPy
kappa_closure/k04_four_form_promotion_consistency.py	library		SymPy
kappa_closure/k05_is_32pi_special.py	library		SymPy
nbody_2026/stage13_gamma_zero_sector_2026.py	library		SymPy
nbody_2026/stage17_a0z_from_the_action_2026.py	library		SymPy
nbody_2026/stage18_perturbation_matrix_with_mixing_2026.py	library		SymPy
nbody_2026/stage19_class_rerun_derived_law_2026.py	library		SymPy
nbody_2026/stage20_beta_equals_one_derivation_2026.py	library		SymPy
nbody_2026/stage22_covariant_svt_decomposition_2026.py	library		SymPy
nbody_2026/stage25_cosmic_dawn_own_terms_2026.py	library		SymPy
nbody_2026/stage29_radial_profile_own_terms_2026.py	library		SymPy
nbody_2026/stage34_q_route_clusters_2026.py	library		SymPy
nbody_2026/stage36_bump_slot_derivation_2026.py	library		SymPy
nbody_2026/stage3_wave_and_cap_endpoint_2026.py	library		SymPy
nbody_2026/stage40_derived_amplitude_sign_theorem_2026.py	library		SymPy
nbody_2026/stage42_amplitude_settled_charge_abundance_2026.py	library		SymPy
nbody_2026/stage43_kappa_reduction_one_factor_2026.py	library		SymPy
nbody_2026/stage46_factor_two_from_aether_candidate_2026.py	library		SymPy
nbody_2026/stage47_ds_entropy_mechanism_2026.py	library		SymPy
nbody_2026/stage48_kb_candidate_killed_2026.py	library		SymPy
nbody_2026/stage4_charge_suppression_2026.py	library		SymPy
nbody_2026/stage50_kb_settled_bbn_bound_2026.py	library		SymPy
nbody_2026/stage51_gated_proca_support_2026.py	library		SymPy
nbody_2026/stage52_open_doors_audit_cycle_2026.py	library		SymPy
nbody_2026/stage53_route_a_prime_closure_2026.py	library		SymPy
nbody_2026/stage54_ev_c3_referee_symbolic.py	library		SymPy
nbody_2026/stage54_ev_laneY_gate_counting_2026.py	library		SymPy
nbody_2026/stage54_ev_laneY_referee_2026.py	library		SymPy
nbody_2026/stage54_ev_lane_c3_pricing_2026.py	library		SymPy
nbody_2026/stage58_ev_q0pin_lane_2026.py	library		SymPy
nbody_2026/stage59_local_a0_verdict_2026.py	library		SymPy
nbody_2026/stage5_selfconsistent_solve_2026.py	library		SymPy
nbody_2026/stage65_kappa_programme_harvest_2026.py	library		SymPy
nbody_2026/stage66_kappa_rational_evidence_2026.py	library		SymPy
nbody_2026/stage68_health_matrix_tilted_2026.py	library		SymPy
nbody_2026/stage6_break_shift_symmetry_2026.py	library		SymPy
nbody_2026/stage70_ppn_preferred_frame_2026.py	library		SymPy
nbody_2026/stage71_ppn_alpha2_degeneracy_2026.py	library		SymPy
nbody_2026/stage72_alpha2_first_principles_2026.py	library		SymPy
nbody_2026/stage73_ppn_kb_confrontation_2026.py	library		SymPy
nbody_2026/stage74_ppn_fork_adjudicated_2026.py	library		SymPy
nbody_2026/stage75_the_closed_theory_2026.py	library		SymPy
nbody_2026/stage77_reaudit_lensing_source_2026.py	library		SymPy
nbody_2026/stage78_reaudit_stage7_warmdust_2026.py	library		SymPy
nbody_2026/stage7_the_claim_2026.py	library		SymPy
nbody_2026/stage9_construct_the_function_2026.py	library		SymPy
nbody_2026/svt_2026/adversarial_full_sqrtg_2026.py	library		SymPy
nbody_2026/svt_2026/adversarial_identities_numerics_2026.py	library		SymPy
nbody_2026/svt_2026/adversarial_vector_independent.py	library		SymPy
nbody_2026/svt_2026/adversarial_vector_omitted_aest_terms.py	library		SymPy
nbody_2026/svt_2026/adversarial_verify.py	library		SymPy
nbody_2026/svt_2026/aether_cross_check.py	library		SymPy
nbody_2026/svt_2026/omitted_terms_check.py	library		SymPy
nbody_2026/svt_2026/svt_scalar_master.py	library		SymPy
nbody_2026/svt_2026/svt_scalar_modes.py	library		SymPy
nbody_2026/svt_2026/svt_scalar_physical.py	library		SymPy
nbody_2026/svt_2026/svt_scalar_quasistatic_2026.py	library		SymPy
nbody_2026/svt_2026/svt_scalar_reduce.py	library		SymPy
nbody_2026/svt_2026/tensor_sector_v7.py	library		SymPy
nbody_2026/svt_2026/vector_explore.py	library		SymPy
nbody_2026/svt_2026/vector_sector_v7.py	library		SymPy
nbody_2026/svt_2026/verifier_followup.py	library		SymPy
nbody_2026/svt_2026/verifier_indep_reduce.py	library		SymPy
nbody_2026/svt_2026/verifier_indep_scalar.py	library		SymPy
openai_push/final_closure/gate_fork_S2prime_matter_mondlaw.py	library		SymPy
openai_push/final_closure/gate_lensing_weakfield_derivation.py	library		SymPy
openai_push/final_closure/gate_matter_conservation_derivation.py	library		SymPy
openai_push/final_closure/gate_spherical_efe_2026.py	library		SymPy
openai_push/final_closure/scripts/01_constitutive.py	library		SymPy
openai_push/final_closure/scripts/02_newtonian_limit.py	library		SymPy
openai_push/final_closure/scripts/03_dirac_matrix.py	library		SymPy
openai_push/final_closure/scripts/04_rank_and_ellipticity.py	library		SymPy
openai_push/final_closure/scripts/05_dof_count.py	library		SymPy
openai_push/final_closure/scripts/06_constraint_preservation.py	library		SymPy
openai_push/final_closure/scripts/07_tensor_sector.py	library		SymPy
openai_push/final_closure/scripts/08_matter_consistency.py	library		SymPy
openai_push/final_closure/scripts/09_legendre_check.py	library		SymPy
openai_push/final_closure/scripts/12_falsification.py	library		SymPy
openai_push/final_closure/scripts/13_kernel_swap_ellipticity.py	library		SymPy
openai_push/final_closure/scripts/14_flrw_perturbations.py	library		SymPy
openai_push/final_closure/scripts/ppn_mmg_gate_2026.py	library		SymPy
openai_push/repair_fork/dirac_closure_and_alpha3_theorem.py	library		SymPy
openai_push/repair_fork/gateD_dirac_fork_2026.py	library		SymPy
openai_push/repair_fork/gate_L_lensing_S2prime_2026.py	library		SymPy
opus_46_gemini_experiment/phase_07_linear_response/retarded_susceptibility_deSitter.py	library		SymPy
opus_48_extended_research/kappa_audit_2026/K_AUDIT_channelB_nogo.py	library		SymPy
opus_48_extended_research/kappa_audit_2026/K_AUDIT_degree2_circularity.py	library		SymPy
opus_48_extended_research/kappa_audit_2026/K_AUDIT_kappa_derivation_three_premises.py	library		SymPy
opus_48_extended_research/kappa_audit_2026/K_AUDIT_loophole1_closure.py	library		SymPy
opus_48_extended_research/kappa_audit_2026/K_AUDIT_loophole2_closure.py	library		SymPy
opus_48_extended_research/kappa_audit_2026/K_AUDIT_loophole3_closure.py	library		SymPy
opus_48_extended_research/kappa_audit_2026/K_AUDIT_slope_is_degree2_independent.py	library		SymPy
opus_48_extended_research/kappa_audit_2026/K_AUDIT_two_channel_dust_obstruction.py	library		SymPy
opus_48_extended_research/reviews/a0_law/route2_btfr_law.py	library		SymPy
opus_48_extended_research/reviews/a0_law/route3_form_is_forced.py	library		SymPy
opus_48_extended_research/reviews/a0_law/route4_cosmic_coincidence.py	library		SymPy
opus_48_extended_research/reviews/a0z_bothways.py	library		SymPy
opus_48_extended_research/reviews/aest_embedding/aether_identification_check.py	library		SymPy
opus_48_extended_research/reviews/aest_embedding/skeptic_adversarial.py	library		SymPy
opus_48_extended_research/reviews/aest_phi_cluster/aest_phi_setup_verify.py	library		SymPy
opus_48_extended_research/reviews/bullet_mond/bullet_amplitude_sympy_verify.py	library		SymPy
opus_48_extended_research/reviews/bullet_mond/route1_offset_collisionless_field.py	library		SymPy
opus_48_extended_research/reviews/bullet_mond/route3_energy_integral.py	library		SymPy
opus_48_extended_research/reviews/bullet_mond/route4_princeton_mass_budget.py	library		SymPy
opus_48_extended_research/reviews/cluster_doors3/routeC_multifield_core.py	library		SymPy
opus_48_extended_research/reviews/cluster_explain/qmode_clustering_and_timedomain_MI.py	library		SymPy
opus_48_extended_research/reviews/cluster_shape_a2029/a2029_core_residual_shape.py	library		SymPy
opus_48_extended_research/reviews/cluster_stack/cand_i_lensing_vs_dynamics_split.py	library		SymPy
opus_48_extended_research/reviews/cosmic_density_a0/cosmic_web_a0_route1.py	library		SymPy
opus_48_extended_research/reviews/cosmic_density_a0/cosmic_web_a0_route2_member_blade.py	library		SymPy
opus_48_extended_research/reviews/cosmic_density_a0/route3_distinct_from_routeE.py	library		SymPy
opus_48_extended_research/reviews/derivation_chain/gap1_mm_invariant_enumeration.py	library		SymPy
opus_48_extended_research/reviews/derivation_chain/gap1_so41_invariant_uniqueness.py	library		SymPy
opus_48_extended_research/reviews/derivation_chain/gap2_germ_fingerprint_FDR.py	library		SymPy
opus_48_extended_research/reviews/derivation_chain/gap2_mechanism_independence.py	library		SymPy
opus_48_extended_research/reviews/derivation_chain/gap3_conservative_kernel_dissolves_antimond.py	library		SymPy
opus_48_extended_research/reviews/derivation_chain/mi_ppn_alpha2_verify.py	library		SymPy
opus_48_extended_research/reviews/dm_illusion/adversarial_break_orthogonality.py	library		SymPy
opus_48_extended_research/reviews/dm_illusion/field_energy_structural_check.py	library		SymPy
opus_48_extended_research/reviews/dm_illusion/frame_to_field_induced_kinetic.py	library		SymPy
opus_48_extended_research/reviews/dm_illusion/one_field_both_roles.py	library		SymPy
opus_48_extended_research/reviews/door_runs/C_lyapunov_SKEPTIC.py	library		SymPy
opus_48_extended_research/reviews/door_runs/C_lyapunov_stability.py	library		SymPy
opus_48_extended_research/reviews/door_runs/D_mersini_forcing.py	library		SymPy
opus_48_extended_research/reviews/door_runs/D_mersini_forcing_SKEPTIC.py	library		SymPy
opus_48_extended_research/reviews/door_runs/D_mersini_forcing_premise.py	library		SymPy
opus_48_extended_research/reviews/door_runs/doorA_REAL_coefficients_RATIO_SCAN.py	library		SymPy
opus_48_extended_research/reviews/door_runs/doorA_REAL_coefficients_VERIFY.py	library		SymPy
opus_48_extended_research/reviews/door_runs/doorA_SKEPTIC_INDEPENDENT_Bk4_ST.py	library		SymPy
opus_48_extended_research/reviews/door_runs/doorA_positivity_SKEPTIC.py	library		SymPy
opus_48_extended_research/reviews/door_runs/doorA_positivity_gate.py	library		SymPy
opus_48_extended_research/reviews/door_runs/doorA_real_coefficients.py	library		SymPy
opus_48_extended_research/reviews/door_runs/doorA_real_coefficients_SKEPTIC.py	library		SymPy
opus_48_extended_research/reviews/door_runs/doorB_SKEPTIC_verify.py	library		SymPy
opus_48_extended_research/reviews/door_runs/doorB_quadratic_vs_dbi.py	library		SymPy
opus_48_extended_research/reviews/door_runs/doorF_aclm_window_SKEPTIC.py	library		SymPy
opus_48_extended_research/reviews/door_runs/door_E_amount_pin.py	library		SymPy
opus_48_extended_research/reviews/door_runs/door_E_amount_pin_SKEPTIC.py	library		SymPy
opus_48_extended_research/reviews/door_runs/door_L_lensing_headtohead.py	library		SymPy
opus_48_extended_research/reviews/door_runs/door_L_lensing_headtohead_SKEPTIC.py	library		SymPy
opus_48_extended_research/reviews/door_runs/door_S_seraille_VERIFY.py	library		SymPy
opus_48_extended_research/reviews/door_runs/door_S_seraille_coefficient.py	library		SymPy
opus_48_extended_research/reviews/evade_nogo/evade_k4_jeans_scale.py	library		SymPy
opus_48_extended_research/reviews/evade_nogo/routeB_k4_jeans_scale_evasion.py	library		SymPy
opus_48_extended_research/reviews/evade_nogo/routeC_scale_dependent_DM_clustering.py	library		SymPy
opus_48_extended_research/reviews/evade_nogo/routeD_adversarial_signcheck.py	library		SymPy
opus_48_extended_research/reviews/evade_nogo/routeD_scale_selective_clustering.py	library		SymPy
opus_48_extended_research/reviews/front_a0z/a0z_desi_hostage.py	library		SymPy
opus_48_extended_research/reviews/front_cassini/hees_rvarying_secular_integral.py	library		SymPy
opus_48_extended_research/reviews/front_cassini/stx_dipole_vs_latest_2026.py	library		SymPy
opus_48_extended_research/reviews/front_gaia/widebinary_MI_EFE_DR4_front_2026-06-20.py	library		SymPy
opus_48_extended_research/reviews/gap2_rep_door/so41_no_invariant_timelike_vector.py	library		SymPy
opus_48_extended_research/reviews/gc_consequences/pin_I0_thermal.py	library		SymPy
opus_48_extended_research/reviews/gc_consequences/pk_k4_signature.py	library		SymPy
opus_48_extended_research/reviews/ghost_condensate/adversarial_gate_and_eos.py	library		SymPy
opus_48_extended_research/reviews/ghost_condensate/condensate_postulate_and_eos.py	library		SymPy
opus_48_extended_research/reviews/ghost_condensate/expand_PX_around_condensate.py	library		SymPy
opus_48_extended_research/reviews/ghost_condensate/map_aest_to_ghost.py	library		SymPy
opus_48_extended_research/reviews/jy_tie/jy_tie_verify.py	library		SymPy
opus_48_extended_research/reviews/koide_dsunruh/attackA_modular_dS_bridge.py	library		SymPy
opus_48_extended_research/reviews/koide_dsunruh/bridge_final_verify.py	library		SymPy
opus_48_extended_research/reviews/koide_dsunruh/eja_singh_delta_structure_verify.py	library		SymPy
opus_48_extended_research/reviews/koide_dsunruh/eja_singh_tradeoff_massratios.py	library		SymPy
opus_48_extended_research/reviews/koide_dsunruh/koide_dsunruh_derivation.py	library		SymPy
opus_48_extended_research/reviews/koide_dsunruh/koide_geometry_crossfermion.py	library		SymPy
opus_48_extended_research/reviews/koide_dsunruh/koide_modified_check.py	library		SymPy
opus_48_extended_research/reviews/koide_dsunruh/koide_yukawaon_check.py	library		SymPy
opus_48_extended_research/reviews/koide_dsunruh/route1_alignments.py	library		SymPy
opus_48_extended_research/reviews/koide_dsunruh/route1_bothways.py	library		SymPy
opus_48_extended_research/reviews/koide_dsunruh/route1_continuity.py	library		SymPy
opus_48_extended_research/reviews/koide_dsunruh/route1_falsify.py	library		SymPy
opus_48_extended_research/reviews/koide_dsunruh/route1_geometry.py	library		SymPy
opus_48_extended_research/reviews/koide_dsunruh/route1_minimize.py	library		SymPy
opus_48_extended_research/reviews/koide_dsunruh/route1_s3_potential.py	library		SymPy
opus_48_extended_research/reviews/koide_dsunruh/route1_verdict.py	library		SymPy
opus_48_extended_research/reviews/koide_dsunruh/route2_entropy_extremum.py	library		SymPy
opus_48_extended_research/reviews/koide_dsunruh/route3_flavor_rg_fixedpoint.py	library		SymPy
opus_48_extended_research/reviews/koide_dsunruh/route4/r4a_potential_extremum.py	library		SymPy
opus_48_extended_research/reviews/koide_dsunruh/route4/r4b_rg_fixed_point.py	library		SymPy
opus_48_extended_research/reviews/koide_dsunruh/route4/r4c_triality_fixed_point.py	library		SymPy
opus_48_extended_research/reviews/koide_dsunruh/route4/r4e_marginal_stability.py	library		SymPy
opus_48_extended_research/reviews/koide_dsunruh/routeB_shared_root_verify.py	library		SymPy
opus_48_extended_research/reviews/koide_dsunruh/route_C_reconcile_Q.py	library		SymPy
opus_48_extended_research/reviews/koide_dsunruh/route_C_steelman_thermal.py	library		SymPy
opus_48_extended_research/reviews/koide_dsunruh/route_C_thermal_forcing.py	library		SymPy
opus_48_extended_research/reviews/koide_dsunruh/route_C_thermal_geometry.py	library		SymPy
opus_48_extended_research/reviews/koide_dsunruh/route_b_equipartition_steelman.py	library		SymPy
opus_48_extended_research/reviews/koide_dsunruh/route_b_force_r.py	library		SymPy
opus_48_extended_research/reviews/koide_dsunruh/route_b_geometry.py	library		SymPy
opus_48_extended_research/reviews/koide_dsunruh/route_gaugeQN_rule.py	library		SymPy
opus_48_extended_research/reviews/koide_dsunruh/taskb_default_perstate.py	library		SymPy
opus_48_extended_research/reviews/koide_dsunruh/taskb_q1_casimir.py	library		SymPy
opus_48_extended_research/reviews/koide_dsunruh/taskb_q2_index.py	library		SymPy
opus_48_extended_research/reviews/koide_dsunruh/taskb_q3_familygauge.py	library		SymPy
opus_48_extended_research/reviews/koide_dsunruh/taskb_reconcile.py	library		SymPy
opus_48_extended_research/reviews/koide_dsunruh/taskb_setup.py	library		SymPy
opus_48_extended_research/reviews/koide_dsunruh/taskb_sumino_irrep_audit.py	library		SymPy
opus_48_extended_research/reviews/koide_dsunruh/tradeoff_2param_escape.py	library		SymPy
opus_48_extended_research/reviews/mi_kernel/map_dsunruh_to_milgrom_kernel.py	library		SymPy
opus_48_extended_research/reviews/mi_kernel/unruh_response.py	library		SymPy
opus_48_extended_research/reviews/mi_kernel_bath/kernel_shape_from_wightman.py	library		SymPy
opus_48_extended_research/reviews/mi_kernel_bath/stress_test.py	library		SymPy
opus_48_extended_research/reviews/mi_kernel_bath/theta_finite_y.py	library		SymPy
opus_48_extended_research/reviews/mi_kernel_bath/theta_from_bath.py	library		SymPy
opus_48_extended_research/reviews/next_doors_2026_07/a1_dw_sign_theorem.py	library		SymPy
opus_48_extended_research/reviews/oda_door/oda_gap1_mapping.py	library		SymPy
opus_48_extended_research/reviews/positivity_skeptic/aps_adversarial.py	library		SymPy
opus_48_extended_research/reviews/positivity_skeptic/aps_eta_s3.py	library		SymPy
opus_48_extended_research/reviews/positivity_skeptic/aps_index_s4.py	library		SymPy
opus_48_extended_research/reviews/positivity_skeptic/aps_selfdual_mm.py	library		SymPy
opus_48_extended_research/reviews/positivity_skeptic/aps_verify.py	library		SymPy
opus_48_extended_research/reviews/positivity_skeptic/cs2_full_dispersion.py	library		SymPy
opus_48_extended_research/reviews/positivity_skeptic/cs2_skeptic_verify.py	library		SymPy
opus_48_extended_research/reviews/positivity_skeptic/doorA_runnable.py	library		SymPy
opus_48_extended_research/reviews/positivity_skeptic/f6_goldstone_normalization.py	library		SymPy
opus_48_extended_research/reviews/positivity_skeptic/mech5_casimir_verify.py	library		SymPy
opus_48_extended_research/reviews/positivity_skeptic/mech5_gates.py	library		SymPy
opus_48_extended_research/reviews/positivity_skeptic/mech5_zeta_casimir_s3.py	library		SymPy
opus_48_extended_research/reviews/rar_shape/deep_mond_asymptote_sympy.py	library		SymPy
opus_48_extended_research/reviews/route1_ADVERSARIAL_VERIFY.py	library		SymPy
opus_48_extended_research/reviews/route1_ADVERSARIAL_phi_eq.py	library		SymPy
opus_48_extended_research/reviews/route1_FINAL_phi_from_ij.py	library		SymPy
opus_48_extended_research/reviews/route1_G00_clean.py	library		SymPy
opus_48_extended_research/reviews/route1_dhost_pure_slip.py	library		SymPy
opus_48_extended_research/reviews/route1_khronometric_nondyn_multiplier_slip.py	library		SymPy
opus_48_extended_research/reviews/route1_multiplier_reach.py	library		SymPy
opus_48_extended_research/reviews/route1_reconcile_G00.py	library		SymPy
opus_48_extended_research/reviews/route2_aether_shear_absorbing.py	library		SymPy
opus_48_extended_research/reviews/route2_aether_shear_absorbing_ADVERSARIAL.py	library		SymPy
opus_48_extended_research/reviews/route2_aether_shear_absorbing_ADVERSARIAL_selfaudit.py	library		SymPy
opus_48_extended_research/reviews/route3_horava_nonprojectable_IR.py	library		SymPy
opus_48_extended_research/reviews/route3_nonlocal_slip/r3_part1_linearized_slip_source.py	library		SymPy
opus_48_extended_research/reviews/route3_nonlocal_slip/r3_part2_covariant_term_linearize.py	library		SymPy
opus_48_extended_research/reviews/route3_nonlocal_slip/r3_part3_variation_and_deltaPhi.py	library		SymPy
opus_48_extended_research/reviews/route3_nonlocal_slip/r3_part4_nonlocal_tensor_Gmunu.py	library		SymPy
opus_48_extended_research/reviews/route3_nonlocal_slip/r3_part5_frame_projected_slip_cT_ghost.py	library		SymPy
opus_48_extended_research/reviews/route3_nonlocal_slip/r3_part6_aether_locked_closeout.py	library		SymPy
opus_48_extended_research/reviews/route3_structure_8pi_4.py	library		SymPy
opus_48_extended_research/reviews/route4_khronometric_aether_slip.py	library		SymPy
opus_48_extended_research/reviews/routeC_finsler/c1_mi_law_and_variational_status.py	library		SymPy
opus_48_extended_research/reviews/routeC_finsler/c2_acceleration_finsler_construction.py	library		SymPy
opus_48_extended_research/reviews/routeC_finsler/c3_higher_order_lagrangian_and_ostrogradski.py	library		SymPy
opus_48_extended_research/reviews/routeC_finsler/c4_what_EL_actually_gives.py	library		SymPy
opus_48_extended_research/reviews/routeC_finsler/c5_literature_finsler_is_velocity_keyed_MG.py	library		SymPy
opus_48_extended_research/reviews/routeC_finsler/c6_limits_and_lensing_sector.py	library		SymPy
opus_48_extended_research/reviews/routeC_finsler/c7_consolidated_verification.py	library		SymPy
opus_48_extended_research/reviews/routeC_finsler/covariant_pureslip_ADVERSARIAL.py	library		SymPy
opus_48_extended_research/reviews/routeC_finsler/covariant_pureslip_lensing_partner.py	library		SymPy
opus_48_extended_research/reviews/routeD_backreaction_crux.py	library		SymPy
opus_48_extended_research/reviews/routeD_induced_inertia.py	library		SymPy
opus_48_extended_research/reviews/route_E_foundational_scale_enumeration.py	library		SymPy
opus_48_extended_research/reviews/route_b_lambda_effective.py	library		SymPy
opus_48_extended_research/reviews/route_f_adversarial_fifthforce.py	library		SymPy
opus_48_extended_research/reviews/route_f_metric_partner.py	library		SymPy
opus_48_extended_research/reviews/route_f_psi_only_lensing.py	library		SymPy
opus_48_extended_research/reviews/sigma_predict/mg_zero_theorem.py	library		SymPy
opus_48_extended_research/reviews/sme_sTX_dipole_perbody.py	library		SymPy
opus_48_extended_research/reviews/sme_sbar_absorbability_adversarial.py	library		SymPy
opus_48_extended_research/reviews/sme_sbar_component_derivation.py	library		SymPy
opus_48_extended_research/reviews/toe_law/agentD4_coefficient_dssyk.py	library		SymPy
opus_48_extended_research/reviews/toe_law/agentTT_part1.py	library		SymPy
opus_48_extended_research/reviews/toe_law/agentTT_part1_kms.py	library		SymPy
opus_48_extended_research/reviews/toe_law/agentTT_part2.py	library		SymPy
opus_48_extended_research/reviews/toe_law/agentTT_part2_modular_action_on_placement.py	library		SymPy
opus_48_extended_research/reviews/toe_law/agentTT_part3.py	library		SymPy
opus_48_extended_research/reviews/toe_law/agentTT_part3_modular_weight.py	library		SymPy
opus_48_extended_research/reviews/toe_law/agentTT_part4.py	library		SymPy
opus_48_extended_research/reviews/toe_law/agentTT_part4_premise_status.py	library		SymPy
opus_48_extended_research/reviews/toe_law/agentTT_part5.py	library		SymPy
opus_48_extended_research/reviews/toe_law/agentTT_part5_hostile.py	library		SymPy
opus_48_extended_research/reviews/toe_law/agentTT_verify_p1_repweight.py	library		SymPy
opus_48_extended_research/reviews/toe_law/agentTT_verify_p2_forcing.py	library		SymPy
opus_48_extended_research/reviews/toe_law/agentTT_verify_p3_steelman.py	library		SymPy
opus_48_extended_research/reviews/toe_law/agentTT_vp1_rep_from_scratch.py	library		SymPy
opus_48_extended_research/reviews/toe_law/agentTT_vp2_edge_survives.py	library		SymPy
opus_48_extended_research/reviews/toe_law/agentTT_vp3_circularity_forcing.py	library		SymPy
opus_48_extended_research/reviews/toe_law/agentVV2_p5_connes_theorem.py	library		SymPy
opus_48_extended_research/reviews/toe_law/agentVV2_verify_statematch_block.py	library		SymPy
opus_48_extended_research/reviews/toe_law/agentWW_modular_DL.py	library		SymPy
opus_48_extended_research/reviews/toe_law/agentWW_part2_boost_orbit.py	library		SymPy
opus_48_extended_research/reviews/toe_law/agentWW_part3_crossed_product.py	library		SymPy
opus_48_extended_research/reviews/toe_law/agentXX_part1_fixedpoint.py	library		SymPy
opus_48_extended_research/reviews/toe_law/agentXX_part2_rgflow.py	library		SymPy
opus_48_extended_research/reviews/toe_law/agentXX_part3_edge_dilatation.py	library		SymPy
opus_48_extended_research/reviews/toe_law/agentXX_part4_singlescale_nogo.py	library		SymPy
opus_48_extended_research/reviews/toe_law/agentXX_part5_hostile_both_ways.py	library		SymPy
opus_48_extended_research/reviews/toe_law/agentXX_routeRadiative.py	library		SymPy
opus_48_extended_research/reviews/toe_law/agentXX_routeRadiative_part2.py	library		SymPy
opus_48_extended_research/reviews/toe_law/agentXX_verify_block1_speed_and_eom.py	library		SymPy
opus_48_extended_research/reviews/toe_law/agentXX_verify_block2_nogo_and_luminal.py	library		SymPy
opus_48_extended_research/reviews/toe_law/agentXX_verify_block3_modular_label.py	library		SymPy
opus_48_extended_research/reviews/toe_law/agentYY_routeEntropy.py	library		SymPy
opus_48_extended_research/reviews/toe_law/agentYY_routeFreeEnergy.py	library		SymPy
opus_48_extended_research/reviews/toe_law/agentYY_verify_free-energy.py	library		SymPy
opus_48_extended_research/reviews/toe_law/agentZZ_action.py	library		SymPy
opus_48_extended_research/reviews/toe_law/agentZZ_decouple.py	library		SymPy
opus_48_extended_research/reviews/toe_law/agentZZ_final_check.py	library		SymPy
opus_48_extended_research/reviews/toe_law/agentZZ_gate.py	library		SymPy
opus_48_extended_research/reviews/toe_law/agentZZ_locked.py	library		SymPy
opus_48_extended_research/reviews/toe_law/agentZZ_pathology.py	library		SymPy
opus_48_extended_research/reviews/toe_law/agentZZ_resolvent.py	library		SymPy
opus_48_extended_research/reviews/toe_law/agentZZ_routeConstruct.py	library		SymPy
opus_48_extended_research/reviews/unified_law/route2_MI_cluster_mass_rederivation.py	library		SymPy
opus_48_extended_research/reviews/unitarity_anticirc/anticircularity_crux.py	library		SymPy
opus_48_extended_research/reviews/unitarity_anticirc/anticircularity_crux_b.py	library		SymPy
opus_48_extended_research/reviews/unitarity_anticirc/numbers_check.py	library		SymPy
opus_48_extended_research/reviews/unitarity_anticirc/unitarity_independent_check.py	library		SymPy
opus_48_extended_research/reviews/wb_reconciliation_derivation.py	library		SymPy
opus_48_extended_research/reviews/widebinary_MI_MG_DR4_forecast_2026-06-20.py	library		SymPy
opus_49_doorC/verify_doorC.py	library		SymPy
opus_49_doorH/sympy_derivation.py	library		SymPy
opus_49_doorJ/doorJ_drag.py	library		SymPy
prep_2026/a0_line/a0_cosmicweb_crosscorr_2026.py	library		SymPy
prep_2026/a0_line/averaging_floor.py	library		SymPy
prep_2026/a0_line/bayes_setup.py	library		SymPy
prep_2026/a0_line/cosmic_web_environment.py	library		SymPy
prep_2026/a0_line/estimator_theory.py	library		SymPy
prep_2026/a0_line/identity_uniqueness.py	library		SymPy
prep_2026/a0_line/verify_independent.py	library		SymPy
prep_2026/a0_line_crossz/crossz_estimator_landscape.py	library		SymPy
prep_2026/a0z_crossscale/a0z_drift_nuisance_dilution_2026.py	library		SymPy
prep_2026/a0z_crossscale/a0z_prediction_band_2026.py	library		SymPy
prep_2026/a0z_crossscale/cross_redshift_a0line_2026.py	library		SymPy
prep_2026/a0z_crossscale/footing_honesty_audit.py	library		SymPy
prep_2026/a0z_crossscale/highz_deepmond_target_list_2026.py	library		SymPy
prep_2026/a0z_crossscale/highz_systematics_floor.py	library		SymPy
prep_2026/a0z_crossscale/lensed_deepmond_floor_2026.py	library		SymPy
prep_2026/a0z_crossscale/model_comparison_a0z.py	library		SymPy
prep_2026/cluster_efe_channel/mg_efe_zero.py	library		SymPy
prep_2026/cluster_efe_sign/net_sign.py	library		SymPy
prep_2026/cluster_efe_sign/robustness.py	library		SymPy
prep_2026/cluster_efe_sign/setup_diagnose.py	library		SymPy
prep_2026/equation_book/eqbook_S1_algebraic.py	library		SymPy
prep_2026/equation_book/eqbook_S3_welds.py	library		SymPy
prep_2026/equation_book/eqbook_S5_efe.py	library		SymPy
prep_2026/equation_book/eqbook_S8_estimators.py	library		SymPy
prep_2026/equation_book/s2_thermal_identities.py	library		SymPy
prep_2026/equation_book/s4_kernel_spectral.py	library		SymPy
prep_2026/equation_book/s6_lensing_closed_form.py	library		SymPy
prep_2026/equation_book/s7_throttle_closed_form.py	library		SymPy
prep_2026/equation_book/verify_audit_2026_07_16.py	library		SymPy
prep_2026/gw170817_check/verify_independent.py	library		SymPy
prep_2026/kernel_fingerprint/fingerprint.py	library		SymPy
prep_2026/ladder_free_h0/verify_indep.py	library		SymPy
prep_2026/mi_closure_pin/ostro_nonlocal_verify.py	library		SymPy
prep_2026/mi_closure_pin/pullback_dsunruh.py	library		SymPy
prep_2026/mi_closure_pin/rider_b_lensing.py	library		SymPy
prep_2026/mi_covariant_pt/perturb_mi.py	library		SymPy
prep_2026/mi_eta_selection/q1a_maxentropy.py	library		SymPy
prep_2026/mi_eta_selection/q1b_feynman_vernon.py	library		SymPy
prep_2026/mi_eta_selection/q1c_fdt_split.py	library		SymPy
prep_2026/mi_eta_selection/q1d_passivity_analyticity.py	library		SymPy
prep_2026/mi_eta_selection/q2_massive_pole.py	library		SymPy
prep_2026/mi_field_theory/closure_map.py	library		SymPy
prep_2026/mi_field_theory/matter_coupling_Tmunu.py	library		SymPy
prep_2026/mi_field_theory/rederive_identity.py	library		SymPy
prep_2026/mi_field_theory/unification.py	library		SymPy
prep_2026/mi_field_theory/wellposed.py	library		SymPy
prep_2026/mi_fingerprint/rb1_circular_exactness.py	library		SymPy
prep_2026/mi_fingerprint/rb2_frequency_dependence.py	library		SymPy
prep_2026/mi_fingerprint/rb3_eccentric_offset.py	library		SymPy
prep_2026/mi_fingerprint/ring_by_ring.py	library		SymPy
prep_2026/mi_integrator/VERIFY_independent.py	library		SymPy
prep_2026/mi_kernel_argument/growth_derived.py	library		SymPy
prep_2026/mi_kernel_argument/kernel_argument.py	library		SymPy
prep_2026/mi_kernel_argument/verify_independent.py	library		SymPy
prep_2026/mi_lensing_completion/c1_frame_curvature.py	library		SymPy
prep_2026/mi_lensing_completion/c2_nonlocal.py	library		SymPy
prep_2026/mi_lensing_completion/c3_carrier.py	library		SymPy
prep_2026/mi_lensing_completion/nogo.py	library		SymPy
prep_2026/mi_lensing_completion/verify_adversarial.py	library		SymPy
prep_2026/mi_lensing_final/lensing_solve.py	library		SymPy
prep_2026/mi_lensing_final/total_stress.py	library		SymPy
prep_2026/mi_lensing_final/verify_independent.py	library		SymPy
prep_2026/oneloop_finite/finite_D1_selfenergy.py	library		SymPy
prep_2026/oneloop_finite/finite_D2_quasistatic_dnu.py	library		SymPy
prep_2026/oneloop_finite/finite_protection_theorem.py	library		SymPy
prep_2026/oneloop_finite/finite_scheme_independence.py	library		SymPy
prep_2026/planetary_doors/laneK_kernel_planets.py	library		SymPy
prep_2026/planetary_doors/vfy_kernel_planets.py	library		SymPy
prep_2026/sigma_spread/mg_zero.py	library		SymPy
prep_2026/sigma_spread/mi_spread.py	library		SymPy
prep_2026/sigma_spread/observable.py	library		SymPy
prep_2026/sigma_spread/rederive_mi_spread.py	library		SymPy
project_atomos/calibration/lepton_positive_controls.py	library		SymPy
project_atomos/engine/alphabet.py	library		SymPy
project_atomos/engine/expr_tree.py	library		SymPy
project_atomos/rg_flow_correspondence.py	library		SymPy
project_atomos/run_atomos.py	library		SymPy
project_atomos/targets/geometric_primitives.py	library		SymPy
qwen38_push/Q001_sound_speed_identity.py	library		SymPy
qwen38_push/Q002_omega_lambda_selector.py	library		SymPy
qwen38_push/Q007_virial_half.py	library		SymPy
qwen38_push/Q008_global_virial_dual.py	library		SymPy
qwen_36_experiment/retarded_susceptibility_deSitter.py	library		SymPy
qwen_38_experiment/runs/t001_route_catalog.py	library		SymPy
qwen_38_experiment/runs/t003_graviton_cancellation_toggles.py	library		SymPy
qwen_38_experiment/runs/t009_pifree_obstruction.py	library		SymPy
qwen_38_experiment/runs/t011_beta_brane_quantization.py	library		SymPy
qwen_38_experiment/runs/t012_beta_stability.py	library		SymPy
qwen_claude_field_theory/closure_2026/CGD_GAUSSLAW/scripts/cgd_candidate_enumeration.py	library		SymPy
qwen_claude_field_theory/closure_2026/CGD_GAUSSLAW/scripts/verify_tt_kills_R.py	library		SymPy
qwen_claude_field_theory/closure_2026/FC_AEST/scripts/fc7_groundstate_closure_2026.py	library		SymPy
qwen_claude_field_theory/closure_2026/FC_AEST/scripts/fc7_reduced_action_rank_2026.py	library		SymPy
qwen_claude_field_theory/closure_2026/FC_AEST/scripts/fc8_clean_lock_2026.py	library		SymPy
qwen_claude_field_theory/closure_2026/FC_AEST/scripts/fc_aest_kernel_bridge.py	library		SymPy
qwen_claude_field_theory/closure_2026/FC_AEST/scripts/fc_cassini_CORRECTED_2026.py	library		SymPy
qwen_claude_field_theory/closure_2026/FC_AEST/scripts/fc_flrw_quadratic_gate.py	library		SymPy
qwen_claude_field_theory/closure_2026/FC_AEST/scripts/fc_inverse_KQ_nogo_2026.py	library		SymPy
qwen_claude_field_theory/closure_2026/PAPER27_scale_erratum_audit.py	library		SymPy
qwen_claude_field_theory/closure_2026/TWO_CHANNEL/scripts/cmyg_conformal_lensing.py	library		SymPy
qwen_claude_field_theory/closure_2026/TWO_CHANNEL/scripts/hkt_unifying_theorem.py	library		SymPy
qwen_claude_field_theory/closure_2026/TWO_CHANNEL/scripts/two_channel_trilemma.py	library		SymPy
qwen_claude_field_theory/closure_2026/TWO_CHANNEL/scripts/ycg_lapse_vs_conformal.py	library		SymPy
qwen_claude_field_theory/closure_2026/TWO_CHANNEL/scripts/ycg_v2_source_check.py	library		SymPy
qwen_claude_field_theory/closure_2026/a0_promotion_2026/a0_from_condensate_action_2026.py	library		SymPy
qwen_claude_field_theory/closure_2026/a0_promotion_2026/graviton_bath_ctp_drift_2026.py	library		SymPy
qwen_claude_field_theory/closure_2026/a0bump_cluster/price_a0bump.py	library		SymPy
qwen_claude_field_theory/closure_2026/acceleration_locked_clock_2026/alc_aether_regularization.py	library		SymPy
qwen_claude_field_theory/closure_2026/acceleration_locked_clock_2026/alc_clock_dirac.py	library		SymPy
qwen_claude_field_theory/closure_2026/acceleration_locked_clock_2026/alc_degenerate_dirac.py	library		SymPy
qwen_claude_field_theory/closure_2026/acceleration_locked_clock_2026/alc_gate.py	library		SymPy
qwen_claude_field_theory/closure_2026/acceleration_locked_clock_2026/alc_mimetic_acceleration_nogo.py	library		SymPy
qwen_claude_field_theory/closure_2026/acceleration_locked_clock_2026/alc_ppn_stability.py	library		SymPy
qwen_claude_field_theory/closure_2026/acceleration_locked_clock_2026/test_alc_aether_regularization.py	library		SymPy
qwen_claude_field_theory/closure_2026/aest_j10/groundB_boosted_action.py	library		SymPy
qwen_claude_field_theory/closure_2026/aest_j10/groundB_restframe_selfcheck.py	library		SymPy
qwen_claude_field_theory/closure_2026/aest_j10/route2_v2_build.py	library		SymPy
qwen_claude_field_theory/closure_2026/aest_j10/route2_v2_extract.py	library		SymPy
qwen_claude_field_theory/closure_2026/aest_j10/skeptic2_projection_bookkeeping_2026.py	library		SymPy
qwen_claude_field_theory/closure_2026/aest_j10/t3x_greenfunction_PiK.py	library		SymPy
qwen_claude_field_theory/closure_2026/aest_j10/t3x_numeric_PiK_slope.py	library		SymPy
qwen_claude_field_theory/closure_2026/aest_j10/t3x_structural_deltaQ_projection.py	library		SymPy
qwen_claude_field_theory/closure_2026/aest_j10/wf2_alpha1_maxwell_direct.py	library		SymPy
qwen_claude_field_theory/closure_2026/aest_j10/wf2_alpha2_boosted_full_solve.py	library		SymPy
qwen_claude_field_theory/closure_2026/aest_j10/wf2_alpha_basis_literature.py	library		SymPy
qwen_claude_field_theory/closure_2026/aest_j10/wf2_ground_a_quadratic_action_selfcheck.py	library		SymPy
qwen_claude_field_theory/closure_2026/aest_j10/wf2_massive_vector_ppn_suppression.py	library		SymPy
qwen_claude_field_theory/closure_2026/aest_j10/wf2_maxwell_alpha2_pole_pathdep.py	library		SymPy
qwen_claude_field_theory/closure_2026/aest_j10/wf2_route3_pole_regularization_C0.py	library		SymPy
qwen_claude_field_theory/closure_2026/aest_j10/wf2_scalar_spin0_regularization.py	library		SymPy
qwen_claude_field_theory/closure_2026/aest_j10/wf2_target2_novel_projection_2026.py	library		SymPy
qwen_claude_field_theory/closure_2026/aest_j10/wf2_transverse_sector_scalar.py	library		SymPy
qwen_claude_field_theory/closure_2026/aest_j10/wf3_alpha2_c0_fit.py	library		SymPy
qwen_claude_field_theory/closure_2026/aest_j10/wf3_alpha2_closedform.py	library		SymPy
qwen_claude_field_theory/closure_2026/aest_j10/wf3_base_aest_eta_K_solve.py	library		SymPy
qwen_claude_field_theory/closure_2026/aest_j10/wf3_debug_qlimits.py	library		SymPy
qwen_claude_field_theory/closure_2026/aest_j10/wf3_eta_K_final.py	library		SymPy
qwen_claude_field_theory/closure_2026/aest_j10/wf3_eta_K_q0limit.py	library		SymPy
qwen_claude_field_theory/closure_2026/aest_j10/wf3_full10_diag.py	library		SymPy
qwen_claude_field_theory/closure_2026/aest_j10/wf3_full10_solve.py	library		SymPy
qwen_claude_field_theory/closure_2026/aest_j10/wf3_full10_w3zero_build.py	library		SymPy
qwen_claude_field_theory/closure_2026/aest_j10/wf3_heldout_and_JYinf.py	library		SymPy
qwen_claude_field_theory/closure_2026/aest_j10/wf3_pure_ea_control_build.py	library		SymPy
qwen_claude_field_theory/closure_2026/aest_j10/wf3_rank_diag.py	library		SymPy
qwen_claude_field_theory/closure_2026/aest_j10/wf3_symq_vs_numq.py	library		SymPy
qwen_claude_field_theory/closure_2026/aest_j10/wf3_unitary_diag.py	library		SymPy
qwen_claude_field_theory/closure_2026/aest_j10/wf3_unitary_gauge_build.py	library		SymPy
qwen_claude_field_theory/closure_2026/aest_j10/wf3_unitary_gauge_solve.py	library		SymPy
qwen_claude_field_theory/closure_2026/aest_j10/wf3_will_dictionary_certificate.py	library		SymPy
qwen_claude_field_theory/closure_2026/aest_j10/wf4_skeptic1_alpha1_anchor_lens.py	library		SymPy
qwen_claude_field_theory/closure_2026/aest_j10/wf_background_j10.py	library		SymPy
qwen_claude_field_theory/closure_2026/aest_j10/wf_cs2_KB_causality_check.py	library		SymPy
qwen_claude_field_theory/closure_2026/aest_j10/wf_dY_symbolic.py	library		SymPy
qwen_claude_field_theory/closure_2026/aest_j10/wf_friedmann_assembly.py	library		SymPy
qwen_claude_field_theory/closure_2026/aest_j10/wf_j10_scalar_dispersion.py	library		SymPy
qwen_claude_field_theory/closure_2026/aest_j10/wf_ppn_alpha12_maxwellpoint.py	library		SymPy
qwen_claude_field_theory/closure_2026/aest_j10/wf_verify_alpha2_maxwell_independent.py	library		SymPy
qwen_claude_field_theory/closure_2026/algebraic_connection_no_mond_2026/connection_checks.py	library		SymPy
qwen_claude_field_theory/closure_2026/algebraic_connection_no_mond_2026/metric_branch_checks.py	library		SymPy
qwen_claude_field_theory/closure_2026/algebraic_connection_no_mond_2026/run_audit.py	library		SymPy
qwen_claude_field_theory/closure_2026/algebraic_connection_no_mond_2026/spectral_escape_checks.py	library		SymPy
qwen_claude_field_theory/closure_2026/algebraic_connection_no_mond_2026/test_connection_checks.py	library		SymPy
qwen_claude_field_theory/closure_2026/algebraic_connection_no_mond_2026/test_metric_branch_checks.py	library		SymPy
qwen_claude_field_theory/closure_2026/algebraic_connection_no_mond_2026/test_spectral_escape_checks.py	library		SymPy
qwen_claude_field_theory/closure_2026/aqual_solar_gate_2026/orbital_prediction.py	library		SymPy
qwen_claude_field_theory/closure_2026/aqual_solar_gate_2026/test_orbital_prediction.py	library		SymPy
qwen_claude_field_theory/closure_2026/audit3_q2_parameterisation_2026.py	library		SymPy
qwen_claude_field_theory/closure_2026/baryon_coupled_pressure_2026.py	library		SymPy
qwen_claude_field_theory/closure_2026/bimetric_door/galileon_mond_scaling_nogo.py	library		SymPy
qwen_claude_field_theory/closure_2026/bimetric_door/price_bimetric.py	library		SymPy
qwen_claude_field_theory/closure_2026/bimetric_secondfield/bimond_5invariant_ghostfree_subspace.py	library		SymPy
qwen_claude_field_theory/closure_2026/bimetric_secondfield/bimond_bd_audit_steps123.py	library		SymPy
qwen_claude_field_theory/closure_2026/bimetric_secondfield/derivative_bimetric_tensor_cT.py	library		SymPy
qwen_claude_field_theory/closure_2026/bimetric_secondfield/derivative_bimetric_vector_ghost.py	library		SymPy
qwen_claude_field_theory/closure_2026/bimetric_secondfield/galileon_scaling_theorem.py	library		SymPy
qwen_claude_field_theory/closure_2026/bimetric_secondfield/ghost_analysis_a_nonzero_subfamily.py	library		SymPy
qwen_claude_field_theory/closure_2026/bimetric_secondfield/ghost_stuckelberg_helicity0.py	library		SymPy
qwen_claude_field_theory/closure_2026/bimetric_secondfield/ll_mmg_certification.py	library		SymPy
qwen_claude_field_theory/closure_2026/bimetric_secondfield/mb_mmg2_gate1_and_pincer.py	library		SymPy
qwen_claude_field_theory/closure_2026/bimetric_secondfield/metric_bundle_mmg_dof_parity.py	library		SymPy
qwen_claude_field_theory/closure_2026/bimetric_secondfield/metric_bundle_mmg_slip_origin.py	library		SymPy
qwen_claude_field_theory/closure_2026/bimetric_secondfield/mmg_slip_alpha3_survival.py	library		SymPy
qwen_claude_field_theory/closure_2026/bimetric_secondfield/mmg_slip_reconciliation.py	library		SymPy
qwen_claude_field_theory/closure_2026/bimetric_secondfield/phantom_vs_optical_metric.py	library		SymPy
qwen_claude_field_theory/closure_2026/bimetric_secondfield/rotated_single_metric_mmg_dirac_and_alpha3.py	library		SymPy
qwen_claude_field_theory/closure_2026/bimetric_secondfield/wf2_adjudicator_vecghost_indep.py	library		SymPy
qwen_claude_field_theory/closure_2026/bimetric_secondfield/wf2_coupledlens_alpha3.py	library		SymPy
qwen_claude_field_theory/closure_2026/bimetric_secondfield/wf2_indep_bdghost_reverify.py	library		SymPy
qwen_claude_field_theory/closure_2026/bimetric_secondfield/wf2_nonlinear_vector_background.py	library		SymPy
qwen_claude_field_theory/closure_2026/bimetric_secondfield/wf2_tensor_cT_gate.py	library		SymPy
qwen_claude_field_theory/closure_2026/bimetric_secondfield/wf2_vecghost_hel1.py	library		SymPy
qwen_claude_field_theory/closure_2026/bimetric_secondfield/wf_adjudicator_check.py	library		SymPy
qwen_claude_field_theory/closure_2026/bimetric_secondfield/wf_confirm_decomp.py	library		SymPy
qwen_claude_field_theory/closure_2026/bimetric_secondfield/wf_gaugeartifact_lapse.py	library		SymPy
qwen_claude_field_theory/closure_2026/bimetric_secondfield/wf_metricbundle_mmg_price.py	library		SymPy
qwen_claude_field_theory/closure_2026/bimetric_secondfield/wf_msmiss_check.py	library		SymPy
qwen_claude_field_theory/closure_2026/bimetric_secondfield/wf_msmiss_rank.py	library		SymPy
qwen_claude_field_theory/closure_2026/bimetric_secondfield/wf_slipdof_metricbundle.py	library		SymPy
qwen_claude_field_theory/closure_2026/bimetric_secondfield/wf_tunedsubspace_mond_nr.py	library		SymPy
qwen_claude_field_theory/closure_2026/bimetric_secondfield/wf_tunedsubspace_mond_nr_v2.py	library		SymPy
qwen_claude_field_theory/closure_2026/cT_gradient_coupling_2026.py	library		SymPy
qwen_claude_field_theory/closure_2026/cT_lensing_welding_2026.py	library		SymPy
qwen_claude_field_theory/closure_2026/cT_null_lensing_verdict_2026.py	library		SymPy
qwen_claude_field_theory/closure_2026/cT_null_vector_2026.py	library		SymPy
qwen_claude_field_theory/closure_2026/candidate_ccnl_2026/ccnl_action_dirac_audit_2026.py	library		SymPy
qwen_claude_field_theory/closure_2026/candidate_ccnl_2026/ccnl_inin_linear_scalar_2026.py	library		SymPy
qwen_claude_field_theory/closure_2026/candidate_ccnl_2026/ccnl_kernel_tensor_speed_2026.py	library		SymPy
qwen_claude_field_theory/closure_2026/candidate_ccnl_2026/ccnl_mond_gates_2026.py	library		SymPy
qwen_claude_field_theory/closure_2026/candidate_ccnl_2026/ccnl_projected_kernel_linear_2026.py	library		SymPy
qwen_claude_field_theory/closure_2026/caustics_2026.py	library		SymPy
qwen_claude_field_theory/closure_2026/cde_hpi_delta_2026/cde_hpi_delta_action_gate_2026.py	library		SymPy
qwen_claude_field_theory/closure_2026/cde_hpi_delta_2026/test_cde_hpi_delta_action_gate_2026.py	library		SymPy
qwen_claude_field_theory/closure_2026/cde_l4c_2026/cde_l4c_cuscuton_legendre_audit_2026.py	library		SymPy
qwen_claude_field_theory/closure_2026/cde_l4c_2026/cde_l4c_structural_gate.py	library		SymPy
qwen_claude_field_theory/closure_2026/cde_l4c_2026/gateA/cde_cmc_mond_dirac_preservation.py	library		SymPy
qwen_claude_field_theory/closure_2026/cde_l4c_2026/gateA/cde_l4c_covariant_dirac_rank.py	library		SymPy
qwen_claude_field_theory/closure_2026/cde_l4c_2026/gateA/cde_l4c_ppn_alpha3.py	library		SymPy
qwen_claude_field_theory/closure_2026/cde_l4c_2026/gateA/constraint_channel_ppn_invisibility_2026.py	library		SymPy
qwen_claude_field_theory/closure_2026/cde_l4c_2026/test_cde_l4c_cuscuton_legendre_audit_2026.py	library		SymPy
qwen_claude_field_theory/closure_2026/cde_l4c_2delta_2026/cde_l4c_2delta_action_gate_2026.py	library		SymPy
qwen_claude_field_theory/closure_2026/cde_l4c_2delta_2026/cde_l4c_2delta_flrw_gate_2026.py	library		SymPy
qwen_claude_field_theory/closure_2026/cde_l4c_2delta_2026/cde_l4c_2delta_full_flrw_adm_2026.py	library		SymPy
qwen_claude_field_theory/closure_2026/cde_l4c_2delta_2026/test_cde_l4c_2delta_action_gate_2026.py	library		SymPy
qwen_claude_field_theory/closure_2026/cde_l4c_2delta_2026/test_cde_l4c_2delta_flrw_gate_2026.py	library		SymPy
qwen_claude_field_theory/closure_2026/cde_l4c_2delta_2026/test_cde_l4c_2delta_full_flrw_adm_2026.py	library		SymPy
qwen_claude_field_theory/closure_2026/clock_constitutive_construction_2026/causal_support_gate.py	library		SymPy
qwen_claude_field_theory/closure_2026/clock_constitutive_construction_2026/construct.py	library		SymPy
qwen_claude_field_theory/closure_2026/clock_constitutive_construction_2026/general_sources_v3.py	library		SymPy
qwen_claude_field_theory/closure_2026/clock_constitutive_construction_2026/parameter_family_gate.py	library		SymPy
qwen_claude_field_theory/closure_2026/clock_constitutive_construction_2026/sector_rank_gate.py	library		SymPy
qwen_claude_field_theory/closure_2026/clock_constitutive_construction_2026/source_response_v2.py	library		SymPy
qwen_claude_field_theory/closure_2026/clock_constitutive_construction_2026/test_causal_support_gate.py	library		SymPy
qwen_claude_field_theory/closure_2026/clock_constitutive_construction_2026/test_construct.py	library		SymPy
qwen_claude_field_theory/closure_2026/clock_response_repair_2026/c003_action_audit_2026/gradient_transport.py	library		SymPy
qwen_claude_field_theory/closure_2026/clock_response_repair_2026/c003_action_audit_2026/medium_emission/audit.py	library		SymPy
qwen_claude_field_theory/closure_2026/clock_response_repair_2026/c003_action_audit_2026/recoil/recoil_audit.py	library		SymPy
qwen_claude_field_theory/closure_2026/clock_response_repair_2026/c003_action_audit_2026/test_gradient_transport.py	library		SymPy
qwen_claude_field_theory/closure_2026/clock_response_repair_2026/c003_action_audit_2026/test_trigger.py	library		SymPy
qwen_claude_field_theory/closure_2026/clock_response_repair_2026/c003_action_audit_2026/trigger.py	library		SymPy
qwen_claude_field_theory/closure_2026/clock_response_repair_2026/closure_front_2026/boosted/clock_lapse.py	library		SymPy
qwen_claude_field_theory/closure_2026/clock_response_repair_2026/closure_front_2026/boosted/derive_boosted.py	library		SymPy
qwen_claude_field_theory/closure_2026/clock_response_repair_2026/closure_front_2026/boosted/tensor_cone.py	library		SymPy
qwen_claude_field_theory/closure_2026/clock_response_repair_2026/closure_front_2026/boosted/test_boosted.py	library		SymPy
qwen_claude_field_theory/closure_2026/clock_response_repair_2026/closure_front_2026/critical_radial/derive_critical.py	library		SymPy
qwen_claude_field_theory/closure_2026/clock_response_repair_2026/closure_front_2026/disformal_cone/derive_cone.py	library		SymPy
qwen_claude_field_theory/closure_2026/clock_response_repair_2026/closure_front_2026/disformal_cone/test_cone.py	library		SymPy
qwen_claude_field_theory/closure_2026/clock_response_repair_2026/closure_front_2026/finite_wavelength/adm/derive_chi_adm.py	library		SymPy
qwen_claude_field_theory/closure_2026/clock_response_repair_2026/closure_front_2026/finite_wavelength/history/derive_history.py	library		SymPy
qwen_claude_field_theory/closure_2026/clock_response_repair_2026/closure_front_2026/finite_wavelength/probe.py	library		SymPy
qwen_claude_field_theory/closure_2026/clock_response_repair_2026/closure_front_2026/finite_wavelength/test_probe.py	library		SymPy
qwen_claude_field_theory/closure_2026/clock_response_repair_2026/closure_front_2026/health/audit_health.py	library		SymPy
qwen_claude_field_theory/closure_2026/clock_response_repair_2026/closure_front_2026/health/pressure/audit_pressure.py	library		SymPy
qwen_claude_field_theory/closure_2026/clock_response_repair_2026/closure_front_2026/health/turning/audit_turning.py	library		SymPy
qwen_claude_field_theory/closure_2026/clock_response_repair_2026/closure_front_2026/metric_response/derive_static_metric.py	library		SymPy
qwen_claude_field_theory/closure_2026/clock_response_repair_2026/closure_front_2026/nonlinear_clock/derive_nonlinear_clock.py	library		SymPy
qwen_claude_field_theory/closure_2026/clock_response_repair_2026/closure_front_2026/principal_gate/first_derivative_variation.py	library		SymPy
qwen_claude_field_theory/closure_2026/clock_response_repair_2026/closure_front_2026/principal_gate/principal_gate.py	library		SymPy
qwen_claude_field_theory/closure_2026/clock_response_repair_2026/closure_front_2026/principal_gate/test_principal.py	library		SymPy
qwen_claude_field_theory/closure_2026/clock_response_repair_2026/closure_front_2026/source_evolution/identity/derive_identity.py	library		SymPy
qwen_claude_field_theory/closure_2026/clock_response_repair_2026/closure_front_2026/source_evolution/numerics_audit/audit.py	library		SymPy
qwen_claude_field_theory/closure_2026/clock_response_repair_2026/closure_front_2026/source_evolution/paper25_audit/check_L217_charge.py	library		SymPy
qwen_claude_field_theory/closure_2026/clock_response_repair_2026/closure_front_2026/source_evolution/paper25_audit/check_clock_claims.py	library		SymPy
qwen_claude_field_theory/closure_2026/clock_response_repair_2026/closure_front_2026/spherical_branch/derive_spherical.py	library		SymPy
qwen_claude_field_theory/closure_2026/clock_response_repair_2026/constraint_length_2026/derive_length.py	library		SymPy
qwen_claude_field_theory/closure_2026/clock_response_repair_2026/constraint_length_2026/test_filter.py	library		SymPy
qwen_claude_field_theory/closure_2026/clock_response_repair_2026/constraint_length_2026/verify.py	library		SymPy
qwen_claude_field_theory/closure_2026/clock_response_repair_2026/convergence_repair_2026/cosmology_argument.py	library		SymPy
qwen_claude_field_theory/closure_2026/clock_response_repair_2026/cosmological_bridge_2026/background_evolve.py	library		SymPy
qwen_claude_field_theory/closure_2026/clock_response_repair_2026/cosmological_bridge_2026/branch_kinetic.py	library		SymPy
qwen_claude_field_theory/closure_2026/clock_response_repair_2026/cosmological_bridge_2026/derive.py	library		SymPy
qwen_claude_field_theory/closure_2026/clock_response_repair_2026/cosmological_bridge_2026/test_bridge.py	library		SymPy
qwen_claude_field_theory/closure_2026/clock_response_repair_2026/cosmological_bridge_2026/transfer_evolve.py	library		SymPy
qwen_claude_field_theory/closure_2026/clock_response_repair_2026/cosmological_bridge_2026/transfer_jets.py	library		SymPy
qwen_claude_field_theory/closure_2026/clock_response_repair_2026/cubic_background_completion/derive.py	library		SymPy
qwen_claude_field_theory/closure_2026/clock_response_repair_2026/cubic_background_completion/numerical.py	library		SymPy
qwen_claude_field_theory/closure_2026/clock_response_repair_2026/cubic_current_audit/derive.py	library		SymPy
qwen_claude_field_theory/closure_2026/clock_response_repair_2026/cubic_finite_wavelength/derive.py	library		SymPy
qwen_claude_field_theory/closure_2026/clock_response_repair_2026/cubic_finite_wavelength/numerical.py	library		SymPy
qwen_claude_field_theory/closure_2026/clock_response_repair_2026/cubic_finite_wavelength/point_certificate.py	library		SymPy
qwen_claude_field_theory/closure_2026/clock_response_repair_2026/cubic_finite_wavelength/tensor_gate.py	library		SymPy
qwen_claude_field_theory/closure_2026/clock_response_repair_2026/cubic_principal_audit/derive.py	library		SymPy
qwen_claude_field_theory/closure_2026/clock_response_repair_2026/cubic_radiation_background/derive.py	library		SymPy
qwen_claude_field_theory/closure_2026/clock_response_repair_2026/derive.py	library		SymPy
qwen_claude_field_theory/closure_2026/clock_response_repair_2026/dirac_operator/constraint_data.py	library		SymPy
qwen_claude_field_theory/closure_2026/clock_response_repair_2026/dirac_operator/derive.py	library		SymPy
qwen_claude_field_theory/closure_2026/clock_response_repair_2026/dirac_operator/ellipticity.py	library		SymPy
qwen_claude_field_theory/closure_2026/clock_response_repair_2026/dirac_operator/lapse_source.py	library		SymPy
qwen_claude_field_theory/closure_2026/clock_response_repair_2026/dirac_operator/sample_operator.py	library		SymPy
qwen_claude_field_theory/closure_2026/clock_response_repair_2026/finite_evolution/check_all_scales.py	library		SymPy
qwen_claude_field_theory/closure_2026/clock_response_repair_2026/finite_evolution/entropy_health.py	library		SymPy
qwen_claude_field_theory/closure_2026/clock_response_repair_2026/finite_evolution/entropy_quadratic.py	library		SymPy
qwen_claude_field_theory/closure_2026/clock_response_repair_2026/finite_evolution/evolve.py	library		SymPy
qwen_claude_field_theory/closure_2026/clock_response_repair_2026/finite_evolution/inverse_clock.py	library		SymPy
qwen_claude_field_theory/closure_2026/clock_response_repair_2026/finite_evolution/inverse_entropy_clock.py	library		SymPy
qwen_claude_field_theory/closure_2026/clock_response_repair_2026/finite_gradient_background_2026/background_audit.py	library		SymPy
qwen_claude_field_theory/closure_2026/clock_response_repair_2026/finite_gradient_metric_2026/cubic/cubic_debraiding.py	library		SymPy
qwen_claude_field_theory/closure_2026/clock_response_repair_2026/finite_gradient_metric_2026/metric_principal.py	library		SymPy
qwen_claude_field_theory/closure_2026/clock_response_repair_2026/finite_gradient_metric_2026/test_metric_principal.py	library		SymPy
qwen_claude_field_theory/closure_2026/clock_response_repair_2026/fresh_tangency_2026/balance.py	library		SymPy
qwen_claude_field_theory/closure_2026/clock_response_repair_2026/gradient_transport_2026/derive.py	library		SymPy
qwen_claude_field_theory/closure_2026/clock_response_repair_2026/halo_density_gap_2026/density_gap.py	library		SymPy
qwen_claude_field_theory/closure_2026/clock_response_repair_2026/halo_density_gap_2026/run_checks.py	library		SymPy
qwen_claude_field_theory/closure_2026/clock_response_repair_2026/halo_density_gap_2026/spectrum.py	library		SymPy
qwen_claude_field_theory/closure_2026/clock_response_repair_2026/halo_density_gap_2026/test_budget.py	library		SymPy
qwen_claude_field_theory/closure_2026/clock_response_repair_2026/inhomogeneous_charge_2026/constraints/plane_slice.py	library		SymPy
qwen_claude_field_theory/closure_2026/clock_response_repair_2026/inhomogeneous_charge_2026/current/current_audit.py	library		SymPy
qwen_claude_field_theory/closure_2026/clock_response_repair_2026/inhomogeneous_charge_2026/current/test_current_audit.py	library		SymPy
qwen_claude_field_theory/closure_2026/clock_response_repair_2026/inhomogeneous_charge_2026/tracking/tracking_audit.py	library		SymPy
qwen_claude_field_theory/closure_2026/clock_response_repair_2026/l192_principal_audit_2026/principal_audit.py	library		SymPy
qwen_claude_field_theory/closure_2026/clock_response_repair_2026/l192_principal_audit_2026/test_principal_audit.py	library		SymPy
qwen_claude_field_theory/closure_2026/clock_response_repair_2026/l192_stress_audit_2026/run_001/source_at_run.py	library		SymPy
qwen_claude_field_theory/closure_2026/clock_response_repair_2026/l192_stress_audit_2026/stress_audit.py	library		SymPy
qwen_claude_field_theory/closure_2026/clock_response_repair_2026/memory_transfer_2026/algebra.py	library		SymPy
qwen_claude_field_theory/closure_2026/clock_response_repair_2026/memory_transfer_2026/transfer.py	library		SymPy
qwen_claude_field_theory/closure_2026/clock_response_repair_2026/mixed_compatibility_2026/spline_obstruction.py	library		SymPy
qwen_claude_field_theory/closure_2026/clock_response_repair_2026/mond_braiding_completion/derive.py	library		SymPy
qwen_claude_field_theory/closure_2026/clock_response_repair_2026/nonlinear_clock_response_2026/action/adm_action.py	library		SymPy
qwen_claude_field_theory/closure_2026/clock_response_repair_2026/nonlinear_clock_response_2026/clock/clock_response.py	library		SymPy
qwen_claude_field_theory/closure_2026/clock_response_repair_2026/nonlinear_clock_response_2026/clock/test_clock_response.py	library		SymPy
qwen_claude_field_theory/closure_2026/clock_response_repair_2026/nonlinear_clock_response_2026/review/derive_audit.py	library		SymPy
qwen_claude_field_theory/closure_2026/clock_response_repair_2026/nonlinear_evolution_2026/center.py	library		SymPy
qwen_claude_field_theory/closure_2026/clock_response_repair_2026/nonlinear_evolution_2026/constitutive.py	library		SymPy
qwen_claude_field_theory/closure_2026/clock_response_repair_2026/nonlinear_evolution_2026/equations.py	library		SymPy
qwen_claude_field_theory/closure_2026/clock_response_repair_2026/nonlinear_evolution_2026/pressure_supported_baryons.py	library		SymPy
qwen_claude_field_theory/closure_2026/clock_response_repair_2026/nonlinear_evolution_2026/static_dust_gate.py	library		SymPy
qwen_claude_field_theory/closure_2026/clock_response_repair_2026/nonlinear_evolution_2026/test_equations.py	library		SymPy
qwen_claude_field_theory/closure_2026/clock_response_repair_2026/nonlinear_infall_2026/background.py	library		SymPy
qwen_claude_field_theory/closure_2026/clock_response_repair_2026/nonlinear_infall_2026/slice_action/derive.py	library		SymPy
qwen_claude_field_theory/closure_2026/clock_response_repair_2026/nonlinear_infall_2026/slice_action/test_slice.py	library		SymPy
qwen_claude_field_theory/closure_2026/clock_response_repair_2026/nonlinear_transport/derive.py	library		SymPy
qwen_claude_field_theory/closure_2026/clock_response_repair_2026/nonlinear_transport/repair.py	library		SymPy
qwen_claude_field_theory/closure_2026/clock_response_repair_2026/nonlinear_transport/stationary.py	library		SymPy
qwen_claude_field_theory/closure_2026/clock_response_repair_2026/origin_tangency_2026/center_chain.py	library		SymPy
qwen_claude_field_theory/closure_2026/clock_response_repair_2026/pressure_baryon_branch_2026/derive.py	library		SymPy
qwen_claude_field_theory/closure_2026/clock_response_repair_2026/spherical_baryon_bridge/action/derive.py	library		SymPy
qwen_claude_field_theory/closure_2026/clock_response_repair_2026/spherical_baryon_bridge/action/matter.py	library		SymPy
qwen_claude_field_theory/closure_2026/clock_response_repair_2026/spherical_baryon_bridge/response.py	library		SymPy
qwen_claude_field_theory/closure_2026/clock_response_repair_2026/spherical_baryon_bridge/source.py	library		SymPy
qwen_claude_field_theory/closure_2026/clock_response_repair_2026/variance_closure_2026/geometry/derive_geometry.py	library		SymPy
qwen_claude_field_theory/closure_2026/clock_response_repair_2026/variance_closure_2026/geometry/test_geometry.py	library		SymPy
qwen_claude_field_theory/closure_2026/clock_response_repair_2026/variance_closure_2026/vertices/test_vertices.py	library		SymPy
qwen_claude_field_theory/closure_2026/clock_response_repair_2026/variance_closure_2026/vertices/vertices.py	library		SymPy
qwen_claude_field_theory/closure_2026/closure_v2_corrections_2026.py	library		SymPy
qwen_claude_field_theory/closure_2026/cluster_measurement_audit_2026/cluster_audit.py	library		SymPy
qwen_claude_field_theory/closure_2026/cluster_phase_2026/itemA_reconstruct_lever_2026.py	library		SymPy
qwen_claude_field_theory/closure_2026/cluster_phase_2026/itemC_phase_pinning_conservative_audit_2026.py	library		SymPy
qwen_claude_field_theory/closure_2026/cluster_phase_2026/itemC_phase_pinning_dynamics_2026.py	library		SymPy
qwen_claude_field_theory/closure_2026/cluster_phase_2026/itemD_dbi_wall_core_2026.py	library		SymPy
qwen_claude_field_theory/closure_2026/collapse_2026.py	library		SymPy
qwen_claude_field_theory/closure_2026/condensate_pincer_2026/chatgpt_cmc_filter/cmc_branch_selective_exact_mond_gate.py	library		SymPy
qwen_claude_field_theory/closure_2026/condensate_pincer_2026/chatgpt_cmc_filter/cmc_theta_auxiliary_dirac_gate.py	library		SymPy
qwen_claude_field_theory/closure_2026/condensate_pincer_2026/cmc_filter_scalar_dof_gate_2026.py	library		SymPy
qwen_claude_field_theory/closure_2026/condensate_pincer_2026/condensate_mu_pincer_2026.py	library		SymPy
qwen_claude_field_theory/closure_2026/condensate_pincer_2026/dark_solid_first_gates_2026.py	library		SymPy
qwen_claude_field_theory/closure_2026/condensate_pincer_2026/elliptic_auxiliary_coupling_theorem_2026.py	library		SymPy
qwen_claude_field_theory/closure_2026/constraint_response_gate_2026/adaptive_endpoint.py	library		SymPy
qwen_claude_field_theory/closure_2026/constraint_response_gate_2026/causal_response.py	library		SymPy
qwen_claude_field_theory/closure_2026/constraint_response_gate_2026/legacy_constraint_audit.py	library		SymPy
qwen_claude_field_theory/closure_2026/constraint_response_gate_2026/research_gate.py	library		SymPy
qwen_claude_field_theory/closure_2026/constraint_response_gate_2026/spatial_kernel_gate.py	library		SymPy
qwen_claude_field_theory/closure_2026/constraint_response_gate_2026/test_adaptive_endpoint.py	library		SymPy
qwen_claude_field_theory/closure_2026/constraint_response_gate_2026/test_causal_response.py	library		SymPy
qwen_claude_field_theory/closure_2026/constraint_response_gate_2026/test_legacy_constraint_audit.py	library		SymPy
qwen_claude_field_theory/closure_2026/constraint_response_gate_2026/test_research_gate.py	library		SymPy
qwen_claude_field_theory/closure_2026/constraint_response_gate_2026/test_spatial_kernel_gate.py	library		SymPy
qwen_claude_field_theory/closure_2026/constraint_response_gate_2026/test_trace_hamiltonian.py	library		SymPy
qwen_claude_field_theory/closure_2026/constraint_response_gate_2026/trace_hamiltonian.py	library		SymPy
qwen_claude_field_theory/closure_2026/converged_calc/causal_residue.py	library		SymPy
qwen_claude_field_theory/closure_2026/converged_calc/nonlocal_psi_source.py	library		SymPy
qwen_claude_field_theory/closure_2026/converged_calc/terminal_settlement.py	library		SymPy
qwen_claude_field_theory/closure_2026/cuscuton_acceleration_mond_2026/clock_principal_gate.py	library		SymPy
qwen_claude_field_theory/closure_2026/cuscuton_acceleration_mond_2026/cuscuton_acceleration_mond_gate.py	library		SymPy
qwen_claude_field_theory/closure_2026/cuscuton_acceleration_mond_2026/eh_static_reduction_gate.py	library		SymPy
qwen_claude_field_theory/closure_2026/cuscuton_acceleration_mond_2026/kepler_prediction_gate.py	library		SymPy
qwen_claude_field_theory/closure_2026/cuscuton_acceleration_mond_2026/physical_action_audit.py	library		SymPy
qwen_claude_field_theory/closure_2026/cuscuton_acceleration_mond_2026/test_cuscuton_acceleration_mond.py	library		SymPy
qwen_claude_field_theory/closure_2026/cuscuton_acceleration_mond_2026/test_physical_action_audit.py	library		SymPy
qwen_claude_field_theory/closure_2026/cuscuton_fqtheta_candidate_2026/cuscuton_fqtheta_gate.py	library		SymPy
qwen_claude_field_theory/closure_2026/dark_sector_honesty_2026.py	library		SymPy
qwen_claude_field_theory/closure_2026/df2_fixed_a0_2026/study.py	library		SymPy
qwen_claude_field_theory/closure_2026/dhost_terminal/S_intersection.py	library		SymPy
qwen_claude_field_theory/closure_2026/dhost_terminal/cone_needs_frame.py	library		SymPy
qwen_claude_field_theory/closure_2026/dhost_terminal/definitive_alpha.py	library		SymPy
qwen_claude_field_theory/closure_2026/dhost_terminal/dhost_p7_degeneracy.py	library		SymPy
qwen_claude_field_theory/closure_2026/dhost_terminal/exceptional_branch.py	library		SymPy
qwen_claude_field_theory/closure_2026/dhost_terminal/frozen_action_exterior.py	library		SymPy
qwen_claude_field_theory/closure_2026/door01_joint_2026/tensor_principal.py	library		SymPy
qwen_claude_field_theory/closure_2026/door02_adm_2026/check_adm.py	library		SymPy
qwen_claude_field_theory/closure_2026/door02_adm_2026/homogeneous_generalK.py	library		SymPy
qwen_claude_field_theory/closure_2026/door03_tensor_2026/tensor_luminal_calibration.py	library		SymPy
qwen_claude_field_theory/closure_2026/door04_metric_curvature_2026/metric_curvature_gate.py	library		SymPy
qwen_claude_field_theory/closure_2026/door04_metric_curvature_2026/test_metric_curvature_gate.py	library		SymPy
qwen_claude_field_theory/closure_2026/door_a_2026/doorA_alpha1_generality_theorem.py	library		SymPy
qwen_claude_field_theory/closure_2026/door_a_2026/doorA_disformal_slip_vs_cT.py	library		SymPy
qwen_claude_field_theory/closure_2026/dw_intrinsic_elliptic_gate_2026/dw_intrinsic_elliptic_gate_2026.py	library		SymPy
qwen_claude_field_theory/closure_2026/dw_intrinsic_elliptic_gate_2026/test_dw_intrinsic_elliptic_gate_2026.py	library		SymPy
qwen_claude_field_theory/closure_2026/elliptic_corner/accel_scalar_lensing.py	library		SymPy
qwen_claude_field_theory/closure_2026/elliptic_corner/constrained_hamiltonian.py	library		SymPy
qwen_claude_field_theory/closure_2026/elliptic_corner/swing_elliptic_corner.py	library		SymPy
qwen_claude_field_theory/closure_2026/elliptic_corner/tandem_mond_kill.py	library		SymPy
qwen_claude_field_theory/closure_2026/elliptic_corner/york_tandem_covariant.py	library		SymPy
qwen_claude_field_theory/closure_2026/elliptic_curvature_clock_2026/compensator.py	library		SymPy
qwen_claude_field_theory/closure_2026/elliptic_double_multiplier_2026/dirac_double_multiplier_gate.py	library		SymPy
qwen_claude_field_theory/closure_2026/elliptic_double_multiplier_2026/elliptic_double_multiplier_gate.py	library		SymPy
qwen_claude_field_theory/closure_2026/elliptic_phantom_action_gate_2026/elliptic_phantom_action_gate_2026.py	library		SymPy
qwen_claude_field_theory/closure_2026/entrained_current_construction_2026/current_action.py	library		SymPy
qwen_claude_field_theory/closure_2026/entrained_current_construction_2026/density_repair.py	library		SymPy
qwen_claude_field_theory/closure_2026/entrained_current_construction_2026/test_current_action.py	library		SymPy
qwen_claude_field_theory/closure_2026/entrained_current_construction_2026/test_density_repair.py	library		SymPy
qwen_claude_field_theory/closure_2026/entrained_current_construction_2026/test_stationary_halo.py	library		SymPy
qwen_claude_field_theory/closure_2026/entrained_current_construction_2026/variation.py	library		SymPy
qwen_claude_field_theory/closure_2026/exact_exponential_aqual_efe_flyby_2026/symbolic_impulse_audit.py	library		SymPy
qwen_claude_field_theory/closure_2026/exact_exponential_aqual_efe_kepler_2026/symbolic_action_audit.py	library		SymPy
qwen_claude_field_theory/closure_2026/exact_exponential_qumond_bridge_2026.py	library		SymPy
qwen_claude_field_theory/closure_2026/exact_exponential_scale_lock_2026/exact_exponential_scale_lock.py	library		SymPy
qwen_claude_field_theory/closure_2026/exact_exponential_york_slip_gate_2026.py	library		SymPy
qwen_claude_field_theory/closure_2026/exact_mond_regular_center_no_go_2026/exact_mond_regular_center_no_go_2026.py	library		SymPy
qwen_claude_field_theory/closure_2026/exact_mond_regular_center_no_go_2026/test_exact_mond_regular_center_no_go_2026.py	library		SymPy
qwen_claude_field_theory/closure_2026/expansion_switch_gate_2026/adm_principal.py	library		SymPy
qwen_claude_field_theory/closure_2026/expansion_switch_gate_2026/cuscuton_screen.py	library		SymPy
qwen_claude_field_theory/closure_2026/expansion_switch_gate_2026/expansion_switch.py	library		SymPy
qwen_claude_field_theory/closure_2026/expansion_switch_gate_2026/test_cuscuton_screen.py	library		SymPy
qwen_claude_field_theory/closure_2026/expansion_switch_gate_2026/test_expansion_switch.py	library		SymPy
qwen_claude_field_theory/closure_2026/exponential_kernel_trilemma_2026/exponential_kernel_trilemma.py	library		SymPy
qwen_claude_field_theory/closure_2026/exponential_mond_kepler_spectrometer_2026/adm_weak_static_reduction_audit.py	library		SymPy
qwen_claude_field_theory/closure_2026/exponential_mond_kepler_spectrometer_2026/exact_finite_e_kepler_null_2026.py	library		SymPy
qwen_claude_field_theory/closure_2026/exponential_mond_kepler_spectrometer_2026/exponential_mond_kepler_spectrometer_2026.py	library		SymPy
qwen_claude_field_theory/closure_2026/exponential_mond_kepler_spectrometer_2026/finite_eccentricity_null_2026.py	library		SymPy
qwen_claude_field_theory/closure_2026/exponential_mond_kepler_spectrometer_2026/independent_metric_audit.py	library		SymPy
qwen_claude_field_theory/closure_2026/exponential_mond_kepler_spectrometer_2026/test_adm_weak_static_reduction_audit.py	library		SymPy
qwen_claude_field_theory/closure_2026/exponential_mond_kepler_spectrometer_2026/test_exponential_mond_kepler_spectrometer_2026.py	library		SymPy
qwen_claude_field_theory/closure_2026/exponential_mond_kepler_spectrometer_2026/test_finite_eccentricity_null_2026.py	library		SymPy
qwen_claude_field_theory/closure_2026/fc_kh_terminal/decisive_reduction.py	library		SymPy
qwen_claude_field_theory/closure_2026/fc_kh_terminal/phase2_symbolic.py	library		SymPy
qwen_claude_field_theory/closure_2026/fc_kh_terminal/phase5_numeric_dispersion.py	library		SymPy
qwen_claude_field_theory/closure_2026/field_equations_2026/fe_common_2026.py	library		SymPy
qwen_claude_field_theory/closure_2026/field_equations_2026/sector2_aether_scalar_equations_2026.py	library		SymPy
qwen_claude_field_theory/closure_2026/field_equations_2026/sector2_conserved_charge_dust_2026.py	library		SymPy
qwen_claude_field_theory/closure_2026/field_equations_2026/sector4_cosmology_dark_energy_a0_2026.py	library		SymPy
qwen_claude_field_theory/closure_2026/filtered_tidal_relation_2026/tidal_relation.py	library		SymPy
qwen_claude_field_theory/closure_2026/finite_interval_mond_2026/response_math.py	library		SymPy
qwen_claude_field_theory/closure_2026/finite_interval_mond_2026/test_response_math.py	library		SymPy
qwen_claude_field_theory/closure_2026/fm000004_audit/audit_decoupled_propagator.py	library		SymPy
qwen_claude_field_theory/closure_2026/fm000004_audit/audit_stiff_vector_archetype.py	library		SymPy
qwen_claude_field_theory/closure_2026/fqtheta_clock_dust_2026/fqtheta_actual_principal_gate.py	library		SymPy
qwen_claude_field_theory/closure_2026/fqtheta_clock_dust_2026/fqtheta_adm_scalar_dirac.py	library		SymPy
qwen_claude_field_theory/closure_2026/fqtheta_clock_dust_2026/fqtheta_gate.py	library		SymPy
qwen_claude_field_theory/closure_2026/fqtheta_clock_dust_2026/fqtheta_reduced_energy_gate.py	library		SymPy
qwen_claude_field_theory/closure_2026/fqtheta_clock_dust_2026/fqtheta_regulator_trilemma_gate.py	library		SymPy
qwen_claude_field_theory/closure_2026/fqtheta_clock_dust_2026/test_fqtheta_actual_principal_gate.py	library		SymPy
qwen_claude_field_theory/closure_2026/fqtheta_clock_dust_2026/test_fqtheta_gate.py	library		SymPy
qwen_claude_field_theory/closure_2026/frame_flip_2026.py	library		SymPy
qwen_claude_field_theory/closure_2026/frame_free_slip_lock_2026/frame_free_slip_lock_gate.py	library		SymPy
qwen_claude_field_theory/closure_2026/fried_chicken_2026/clock_current_localization_dof_gate_2026.py	library		SymPy
qwen_claude_field_theory/closure_2026/fried_chicken_2026/clock_current_nonlocal_mond_gate_2026.py	library		SymPy
qwen_claude_field_theory/closure_2026/fried_chicken_2026/dw_localized_dirac_count_2026.py	library		SymPy
qwen_claude_field_theory/closure_2026/fried_chicken_2026/dw_localized_noether_identity_2026.py	library		SymPy
qwen_claude_field_theory/closure_2026/fried_chicken_2026/dw_q0_branch_dirac_2026.py	library		SymPy
qwen_claude_field_theory/closure_2026/fried_chicken_2026/dw_tensor_toolkit_2026.py	library		SymPy
qwen_claude_field_theory/closure_2026/fried_chicken_2026/fc_ob_engine_2026.py	library		SymPy
qwen_claude_field_theory/closure_2026/fried_chicken_2026/fc_operator_basis_scalar_sector_2026.py	library		SymPy
qwen_claude_field_theory/closure_2026/fried_chicken_2026/test_dw_localized_repairs_2026.py	library		SymPy
qwen_claude_field_theory/closure_2026/fried_chicken_2026/test_dw_q0_branch_dirac_2026.py	library		SymPy
qwen_claude_field_theory/closure_2026/fried_chicken_final/FC_B_kernel_blindness_cert.py	library		SymPy
qwen_claude_field_theory/closure_2026/fried_chicken_final/fc_A_certificate.py	library		SymPy
qwen_claude_field_theory/closure_2026/fried_chicken_final/fc_C_laplacian_orthogonality_certificate.py	library		SymPy
qwen_claude_field_theory/closure_2026/fried_chicken_final/fc_aest_corner/fc_alpha2_scalar_retained.py	library		SymPy
qwen_claude_field_theory/closure_2026/fried_chicken_final/fc_aest_corner/fc_beta0_cassini_nogo_2026.py	library		SymPy
qwen_claude_field_theory/closure_2026/fried_chicken_final/fc_aest_corner/fc_constitutive_reconstruction_2026.py	library		SymPy
qwen_claude_field_theory/closure_2026/fried_chicken_final/fc_aest_corner/fc_maxwell_vs_c4_corner_2026.py	library		SymPy
qwen_claude_field_theory/closure_2026/fried_chicken_final/fc_aest_finitek/A_kernel_blindness_finitek.py	library		SymPy
qwen_claude_field_theory/closure_2026/fried_chicken_final/fc_aest_finitek/B_decoupling_dispersion.py	library		SymPy
qwen_claude_field_theory/closure_2026/fried_chicken_final/fc_aest_finitek/C_effective_kinetic_and_decider.py	library		SymPy
qwen_claude_field_theory/closure_2026/fried_chicken_final/fc_aest_finitek/aest_metric_scalar_dirac_audit.py	library		SymPy
qwen_claude_field_theory/closure_2026/fried_chicken_final/fc_aest_finitek/fc_finitek_mink_and_expansion.py	library		SymPy
qwen_claude_field_theory/closure_2026/fried_chicken_final/fc_aest_finitek/fc_fk_routeB_covariant.py	library		SymPy
qwen_claude_field_theory/closure_2026/fried_chicken_final/fc_aest_finitek/independent_decoupling_consistency.py	library		SymPy
qwen_claude_field_theory/closure_2026/fried_chicken_final/fc_aest_finitek/verify_aest_source_lagrangian.py	library		SymPy
qwen_claude_field_theory/closure_2026/fried_chicken_final/fc_aest_uv_FQ_gate_2026.py	library		SymPy
qwen_claude_field_theory/closure_2026/fried_chicken_final/fc_alpha2_aniso/debug_a1_heavy.py	library		SymPy
qwen_claude_field_theory/closure_2026/fried_chicken_final/fc_alpha2_aniso/debug_a1_trace.py	library		SymPy
qwen_claude_field_theory/closure_2026/fried_chicken_final/fc_alpha2_aniso/debug_opt4.py	library		SymPy
qwen_claude_field_theory/closure_2026/fried_chicken_final/fc_alpha2_aniso/debug_static.py	library		SymPy
qwen_claude_field_theory/closure_2026/fried_chicken_final/fc_alpha2_aniso/debug_static2.py	library		SymPy
qwen_claude_field_theory/closure_2026/fried_chicken_final/fc_alpha2_aniso/debug_w1.py	library		SymPy
qwen_claude_field_theory/closure_2026/fried_chicken_final/fc_alpha2_aniso/debug_w1b.py	library		SymPy
qwen_claude_field_theory/closure_2026/fried_chicken_final/fc_alpha2_aniso/debug_w1c.py	library		SymPy
qwen_claude_field_theory/closure_2026/fried_chicken_final/fc_alpha2_aniso/drive_methodB.py	library		SymPy
qwen_claude_field_theory/closure_2026/fried_chicken_final/fc_alpha2_aniso/fc_alpha2_aniso_numeric.py	library		SymPy
qwen_claude_field_theory/closure_2026/fried_chicken_final/fc_alpha2_aniso/fc_alpha2_aniso_numeric_full.py	library		SymPy
qwen_claude_field_theory/closure_2026/fried_chicken_final/fc_alpha2_aniso/fc_alpha2_anisotropic_solve_2026.py	library		SymPy
qwen_claude_field_theory/closure_2026/fried_chicken_final/fc_alpha2_aniso/fc_alpha2_fp_solve.py	library		SymPy
qwen_claude_field_theory/closure_2026/fried_chicken_final/fc_alpha2_aniso/fc_alpha2_methodB_2026.py	library		SymPy
qwen_claude_field_theory/closure_2026/fried_chicken_final/fc_alpha2_aniso/fc_alpha2_methodB_opt2.py	library		SymPy
qwen_claude_field_theory/closure_2026/fried_chicken_final/fc_alpha2_aniso/fc_alpha2_methodB_opt3.py	library		SymPy
qwen_claude_field_theory/closure_2026/fried_chicken_final/fc_alpha2_aniso/fc_alpha2_methodB_opt4.py	library		SymPy
qwen_claude_field_theory/closure_2026/fried_chicken_final/fc_alpha2_aniso/fc_alpha2_methodC_2026.py	library		SymPy
qwen_claude_field_theory/closure_2026/fried_chicken_final/fc_alpha2_aniso/fc_alpha2_restframe_2026.py	library		SymPy
qwen_claude_field_theory/closure_2026/fried_chicken_final/fc_alpha2_aniso/fc_alpha2_xiscan_2026.py	library		SymPy
qwen_claude_field_theory/closure_2026/fried_chicken_final/fc_alpha2_aniso/fc_aniso_grgate.py	library		SymPy
qwen_claude_field_theory/closure_2026/fried_chicken_final/fc_alpha2_aniso/fc_solveA_setupM.py	library		SymPy
qwen_claude_field_theory/closure_2026/fried_chicken_final/fc_alpha2_aniso/fc_solveB_final.py	library		SymPy
qwen_claude_field_theory/closure_2026/fried_chicken_final/fc_alpha2_aniso/fc_solveB_partA_fj.py	library		SymPy
qwen_claude_field_theory/closure_2026/fried_chicken_final/fc_alpha2_aniso/fc_solveB_setupM.py	library		SymPy
qwen_claude_field_theory/closure_2026/fried_chicken_final/fc_alpha2_aniso/prof_fp.py	library		SymPy
qwen_claude_field_theory/closure_2026/fried_chicken_final/fc_alpha2_preferred_frame_2026.py	library		SymPy
qwen_claude_field_theory/closure_2026/fried_chicken_final/fc_ctensor_map_2026.py	library		SymPy
qwen_claude_field_theory/closure_2026/fried_chicken_final/fc_disformal_lensing_vs_alpha2_2026.py	library		SymPy
qwen_claude_field_theory/closure_2026/fried_chicken_final/fc_final_4ac/fc4ac_alpha_ppn.py	library		SymPy
qwen_claude_field_theory/closure_2026/fried_chicken_final/fc_final_4ac/fc4ac_dof_diffeo_2026.py	library		SymPy
qwen_claude_field_theory/closure_2026/fried_chicken_final/fc_final_4ac/fc4ac_matter2.py	library		SymPy
qwen_claude_field_theory/closure_2026/fried_chicken_final/fc_final_4ac/fc4ac_matter_conservation.py	library		SymPy
qwen_claude_field_theory/closure_2026/fried_chicken_final/fc_final_4ac/fc4ac_setup_scaffold.py	library		SymPy
qwen_claude_field_theory/closure_2026/fried_chicken_final/fc_final_4ac/fc4ac_slip.py	library		SymPy
qwen_claude_field_theory/closure_2026/fried_chicken_final/fc_final_4ac/inverse_chain_A.py	library		SymPy
qwen_claude_field_theory/closure_2026/fried_chicken_final/fc_final_4ac/inverse_chain_B.py	library		SymPy
qwen_claude_field_theory/closure_2026/fried_chicken_final/fc_flrw_ir_sign_certificate.py	library		SymPy
qwen_claude_field_theory/closure_2026/fried_chicken_final/fc_isotropic_legendre/fc_iso_aest_contrast.py	library		SymPy
qwen_claude_field_theory/closure_2026/fried_chicken_final/fc_isotropic_legendre/fc_iso_construct.py	library		SymPy
qwen_claude_field_theory/closure_2026/fried_chicken_final/fc_isotropic_legendre/fc_iso_refute.py	library		SymPy
qwen_claude_field_theory/closure_2026/fried_chicken_final/fc_isotropic_legendre/fc_iso_setup.py	library		SymPy
qwen_claude_field_theory/closure_2026/fried_chicken_final/fc_isotropic_legendre/slip_lock_multiplier_candidate.py	library		SymPy
qwen_claude_field_theory/closure_2026/fried_chicken_final/fc_no_go_Hperp_unsources_Phi.py	library		SymPy
qwen_claude_field_theory/closure_2026/fried_chicken_final/fc_nonspherical_lensing_slip_2026.py	library		SymPy
qwen_claude_field_theory/closure_2026/g01_strict_aqual.py	library		SymPy
qwen_claude_field_theory/closure_2026/g03_clock_caustic_2026/clock_caustic.py	library		SymPy
qwen_claude_field_theory/closure_2026/g03_clock_caustic_2026/test_clock_caustic.py	library		SymPy
qwen_claude_field_theory/closure_2026/g03_clock_constraint_2026/constraint_gate.py	library		SymPy
qwen_claude_field_theory/closure_2026/g03_clock_constraint_2026/test_constraint_gate.py	library		SymPy
qwen_claude_field_theory/closure_2026/g03_covariant_action_2026/g03_action_gate.py	library		SymPy
qwen_claude_field_theory/closure_2026/g03_covariant_action_2026/g03_full_variation.py	library		SymPy
qwen_claude_field_theory/closure_2026/g03_covariant_action_2026/g03_matter_admissibility.py	library		SymPy
qwen_claude_field_theory/closure_2026/g03_covariant_action_2026/g03_retarded_screen.py	library		SymPy
qwen_claude_field_theory/closure_2026/g03_covariant_action_2026/handoff_reproduction/parent_action/onset_action_gate.py	library		SymPy
qwen_claude_field_theory/closure_2026/g03_covariant_action_2026/handoff_reproduction/parent_fixture/qwen_claude_field_theory/closure_2026/smoothed_onset_action_2026/onset_action_gate.py	library		SymPy
qwen_claude_field_theory/closure_2026/g03_covariant_action_2026/rmmg_lapse_variation_gate.py	library		SymPy
qwen_claude_field_theory/closure_2026/g03_covariant_action_2026/test_rmmg_lapse_variation_gate.py	library		SymPy
qwen_claude_field_theory/closure_2026/g03_flrw_scalar_2026/flrw_gate.py	library		SymPy
qwen_claude_field_theory/closure_2026/g03_flrw_scalar_2026/test_flrw_gate.py	library		SymPy
qwen_claude_field_theory/closure_2026/g03_global_kernel_bridge_2026/bridge_audit.py	library		SymPy
qwen_claude_field_theory/closure_2026/g03_global_kernel_bridge_2026/causal_screen.py	library		SymPy
qwen_claude_field_theory/closure_2026/g03_global_kernel_bridge_2026/escape_audit.py	library		SymPy
qwen_claude_field_theory/closure_2026/g03_global_kernel_bridge_2026/metric_causal_symbol.py	library		SymPy
qwen_claude_field_theory/closure_2026/g03_global_kernel_bridge_2026/metric_collar_control.py	library		SymPy
qwen_claude_field_theory/closure_2026/g03_global_kernel_bridge_2026/metric_constraint.py	library		SymPy
qwen_claude_field_theory/closure_2026/g03_global_kernel_bridge_2026/metric_control_evolution.py	library		SymPy
qwen_claude_field_theory/closure_2026/g03_global_kernel_bridge_2026/metric_global_evolution.py	library		SymPy
qwen_claude_field_theory/closure_2026/g03_global_kernel_bridge_2026/metric_initial_response.py	library		SymPy
qwen_claude_field_theory/closure_2026/g03_global_kernel_bridge_2026/metric_shared_data.py	library		SymPy
qwen_claude_field_theory/closure_2026/g03_global_kernel_bridge_2026/metric_static_background.py	library		SymPy
qwen_claude_field_theory/closure_2026/g03_global_kernel_bridge_2026/metric_wall_jets.py	library		SymPy
qwen_claude_field_theory/closure_2026/g03_global_kernel_bridge_2026/selective_screen.py	library		SymPy
qwen_claude_field_theory/closure_2026/g03_global_kernel_bridge_2026/test_bridge_audit.py	library		SymPy
qwen_claude_field_theory/closure_2026/g03_global_kernel_bridge_2026/test_escape_audit.py	library		SymPy
qwen_claude_field_theory/closure_2026/g03_global_kernel_bridge_2026/test_metric_control_evolution.py	library		SymPy
qwen_claude_field_theory/closure_2026/g03_global_kernel_bridge_2026/test_metric_shared_data.py	library		SymPy
qwen_claude_field_theory/closure_2026/g03_global_kernel_bridge_2026/zero_field_source_audit.py	library		SymPy
qwen_claude_field_theory/closure_2026/g03_nonlinear_lift_2026/nonlinear_lift.py	library		SymPy
qwen_claude_field_theory/closure_2026/g03_nonlinear_lift_2026/test_nonlinear_lift.py	library		SymPy
qwen_claude_field_theory/closure_2026/g03c_zero_field_limit_outside_J.py	library		SymPy
qwen_claude_field_theory/closure_2026/g03e_flrw_background.py	library		SymPy
qwen_claude_field_theory/closure_2026/g03pre_operator_mode_count.py	library		SymPy
qwen_claude_field_theory/closure_2026/g03t_flrw_linear_from_action.py	library		SymPy
qwen_claude_field_theory/closure_2026/g03u_bounded_boost_theorem.py	library		SymPy
qwen_claude_field_theory/closure_2026/g03v_fast_clock_branch.py	library		SymPy
qwen_claude_field_theory/closure_2026/g03v_k2_pincer_closure.py	library		SymPy
qwen_claude_field_theory/closure_2026/g03x_clock_condensate.py	library		SymPy
qwen_claude_field_theory/closure_2026/g03z_hybrid_integration_constant.py	library		SymPy
qwen_claude_field_theory/closure_2026/g04b_second_condensate_branch.py	library		SymPy
qwen_claude_field_theory/closure_2026/g04d_assess_two_doors.py	library		SymPy
qwen_claude_field_theory/closure_2026/g04f_cold_clock_dust_nogo.py	library		SymPy
qwen_claude_field_theory/closure_2026/gate1_constitutive_2026/constitutive_gate.py	library		SymPy
qwen_claude_field_theory/closure_2026/gate1_constitutive_2026/test_constitutive_gate.py	library		SymPy
qwen_claude_field_theory/closure_2026/gate_D2q_Hi_dof_resolution_2026.py	library		SymPy
qwen_claude_field_theory/closure_2026/gate_dirac_branch_proofs.py	library		SymPy
qwen_claude_field_theory/closure_2026/gea_exponential_no_go_pack/scripts/verify_no_go.py	library		SymPy
qwen_claude_field_theory/closure_2026/general_york_no_slip_no_go_2026.py	library		SymPy
qwen_claude_field_theory/closure_2026/generalized_aest_2026/gaest_setup_fj_anchors_stability_2026.py	library		SymPy
qwen_claude_field_theory/closure_2026/generalized_aest_2026/gaest_setup_quadratic_modes_2026.py	library		SymPy
qwen_claude_field_theory/closure_2026/generalized_aest_2026/gen_aest_alpha1_c2c4.py	library		SymPy
qwen_claude_field_theory/closure_2026/generalized_aest_2026/gen_aest_dispersion_health.py	library		SymPy
qwen_claude_field_theory/closure_2026/generalized_aest_2026/gen_aest_locus_numeric.py	library		SymPy
qwen_claude_field_theory/closure_2026/generalized_aest_2026/verify_closedform.py	library		SymPy
qwen_claude_field_theory/closure_2026/generalized_aest_2026/verify_noghost_signflip.py	library		SymPy
qwen_claude_field_theory/closure_2026/gw_clock_timing_2026/timing_audit.py	library		SymPy
qwen_claude_field_theory/closure_2026/hpi_delta_covariant_lift_2026/hpi_delta_covariant_lift_2026.py	library		SymPy
qwen_claude_field_theory/closure_2026/hpi_delta_covariant_lift_2026/test_hpi_delta_covariant_lift_2026.py	library		SymPy
qwen_claude_field_theory/closure_2026/hpi_delta_eccentric_kepler_2026/hpi_delta_eccentric_kepler_2026.py	library		SymPy
qwen_claude_field_theory/closure_2026/hpi_delta_eccentric_kepler_2026/test_hpi_delta_eccentric_kepler_2026.py	library		SymPy
qwen_claude_field_theory/closure_2026/hpi_delta_full_spherical_2026/hpi_delta_full_spherical_2026.py	library		SymPy
qwen_claude_field_theory/closure_2026/hpi_delta_full_spherical_2026/test_hpi_delta_full_spherical_2026.py	library		SymPy
qwen_claude_field_theory/closure_2026/hpi_delta_orbit_numeric_2026/hpi_delta_orbit_numeric_2026.py	library		SymPy
qwen_claude_field_theory/closure_2026/hpi_delta_orbit_numeric_2026/test_hpi_delta_orbit_numeric_2026.py	library		SymPy
qwen_claude_field_theory/closure_2026/hpi_delta_predictions_2026/hpi_delta_predictions_2026.py	library		SymPy
qwen_claude_field_theory/closure_2026/hpi_delta_predictions_2026/test_hpi_delta_predictions_2026.py	library		SymPy
qwen_claude_field_theory/closure_2026/integrable_clock_construction_2026/clock_locality_completion.py	library		SymPy
qwen_claude_field_theory/closure_2026/integrable_clock_construction_2026/curvature_operator_bridge.py	library		SymPy
qwen_claude_field_theory/closure_2026/integrable_clock_construction_2026/ic10_local_clock.py	library		SymPy
qwen_claude_field_theory/closure_2026/integrable_clock_construction_2026/ic10_transition.py	library		SymPy
qwen_claude_field_theory/closure_2026/integrable_clock_construction_2026/ic11_clock_pressure.py	library		SymPy
qwen_claude_field_theory/closure_2026/integrable_clock_construction_2026/ic11_matter_gate.py	library		SymPy
qwen_claude_field_theory/closure_2026/integrable_clock_construction_2026/ic11_transition_completion.py	library		SymPy
qwen_claude_field_theory/closure_2026/integrable_clock_construction_2026/ic12_combined_transition.py	library		SymPy
qwen_claude_field_theory/closure_2026/integrable_clock_construction_2026/ic14_matter_square.py	library		SymPy
qwen_claude_field_theory/closure_2026/integrable_clock_construction_2026/ic15_dust_response.py	library		SymPy
qwen_claude_field_theory/closure_2026/integrable_clock_construction_2026/ic16_radiation_history.py	library		SymPy
qwen_claude_field_theory/closure_2026/integrable_clock_construction_2026/ic17_dust_principal.py	library		SymPy
qwen_claude_field_theory/closure_2026/integrable_clock_construction_2026/ic17_pole_clock.py	library		SymPy
qwen_claude_field_theory/closure_2026/integrable_clock_construction_2026/ic17_transition_scope.py	library		SymPy
qwen_claude_field_theory/closure_2026/integrable_clock_construction_2026/ic18_pinned_clock.py	library		SymPy
qwen_claude_field_theory/closure_2026/integrable_clock_construction_2026/ic19_normalized_spatial.py	library		SymPy
qwen_claude_field_theory/closure_2026/integrable_clock_construction_2026/ic20_joint_completion.py	library		SymPy
qwen_claude_field_theory/closure_2026/integrable_clock_construction_2026/ic21_radiation.py	library		SymPy
qwen_claude_field_theory/closure_2026/integrable_clock_construction_2026/ic22_dust.py	library		SymPy
qwen_claude_field_theory/closure_2026/integrable_clock_construction_2026/ic23_mixture.py	library		SymPy
qwen_claude_field_theory/closure_2026/integrable_clock_construction_2026/ic25_coupled.py	library		SymPy
qwen_claude_field_theory/closure_2026/integrable_clock_construction_2026/ic26_three_functions.py	library		SymPy
qwen_claude_field_theory/closure_2026/integrable_clock_construction_2026/ic27_observables.py	library		SymPy
qwen_claude_field_theory/closure_2026/integrable_clock_construction_2026/ic28_constant_tensor.py	library		SymPy
qwen_claude_field_theory/closure_2026/integrable_clock_construction_2026/ic30_radial_bridge.py	library		SymPy
qwen_claude_field_theory/closure_2026/integrable_clock_construction_2026/ic31_pinned_tail.py	library		SymPy
qwen_claude_field_theory/closure_2026/integrable_clock_construction_2026/ic32_constraint_preservation.py	library		SymPy
qwen_claude_field_theory/closure_2026/integrable_clock_construction_2026/ic32_hermite_coefficients.py	library		SymPy
qwen_claude_field_theory/closure_2026/integrable_clock_construction_2026/ic33_full_metric_evolution.py	library		SymPy
qwen_claude_field_theory/closure_2026/integrable_clock_construction_2026/ic34_periodic_evolution.py	library		SymPy
qwen_claude_field_theory/closure_2026/integrable_clock_construction_2026/ic35_switch_collar.py	library		SymPy
qwen_claude_field_theory/closure_2026/integrable_clock_construction_2026/ic36_second_preservation.py	library		SymPy
qwen_claude_field_theory/closure_2026/integrable_clock_construction_2026/ic37_analytic_second_jet.py	library		SymPy
qwen_claude_field_theory/closure_2026/integrable_clock_construction_2026/ic37_interface_flatness.py	library		SymPy
qwen_claude_field_theory/closure_2026/integrable_clock_construction_2026/ic38_functional_compatibility.py	library		SymPy
qwen_claude_field_theory/closure_2026/integrable_clock_construction_2026/ic39_finite_order_activation.py	library		SymPy
qwen_claude_field_theory/closure_2026/integrable_clock_construction_2026/ic40_third_preservation.py	library		SymPy
qwen_claude_field_theory/closure_2026/integrable_clock_construction_2026/ic41_response_limit.py	library		SymPy
qwen_claude_field_theory/closure_2026/integrable_clock_construction_2026/ic42_fourth_preservation.py	library		SymPy
qwen_claude_field_theory/closure_2026/integrable_clock_construction_2026/ic43_radial_junction.py	library		SymPy
qwen_claude_field_theory/closure_2026/integrable_clock_construction_2026/ic43_weighted_multiplier.py	library		SymPy
qwen_claude_field_theory/closure_2026/integrable_clock_construction_2026/ic44_moving_interface.py	library		SymPy
qwen_claude_field_theory/closure_2026/integrable_clock_construction_2026/ic44_physical_limits.py	library		SymPy
qwen_claude_field_theory/closure_2026/integrable_clock_construction_2026/ic44_second_transmission.py	library		SymPy
qwen_claude_field_theory/closure_2026/integrable_clock_construction_2026/ic45_two_phase_acceleration.py	library		SymPy
qwen_claude_field_theory/closure_2026/integrable_clock_construction_2026/ic45_unpinned_angular.py	library		SymPy
qwen_claude_field_theory/closure_2026/integrable_clock_construction_2026/ic46_two_phase_evolution.py	library		SymPy
qwen_claude_field_theory/closure_2026/integrable_clock_construction_2026/ic6_dirac_flow.py	library		SymPy
qwen_claude_field_theory/closure_2026/integrable_clock_construction_2026/ic6_even_characteristics.py	library		SymPy
qwen_claude_field_theory/closure_2026/integrable_clock_construction_2026/ic6_odd_characteristics.py	library		SymPy
qwen_claude_field_theory/closure_2026/integrable_clock_construction_2026/ic6_strong_auxiliary.py	library		SymPy
qwen_claude_field_theory/closure_2026/integrable_clock_construction_2026/ic7_curvature_square.py	library		SymPy
qwen_claude_field_theory/closure_2026/integrable_clock_construction_2026/ic8_shear_integrability.py	library		SymPy
qwen_claude_field_theory/closure_2026/integrable_clock_construction_2026/ic9_lightcone_alignment.py	library		SymPy
qwen_claude_field_theory/closure_2026/integrable_clock_construction_2026/integrable_clock.py	library		SymPy
qwen_claude_field_theory/closure_2026/integrable_clock_construction_2026/ir_growth.py	library		SymPy
qwen_claude_field_theory/closure_2026/integrable_clock_construction_2026/local_clock_wave.py	library		SymPy
qwen_claude_field_theory/closure_2026/integrable_clock_construction_2026/nonlinear_auxiliary_symbol.py	library		SymPy
qwen_claude_field_theory/closure_2026/integrable_clock_construction_2026/nonlinear_hamiltonian.py	library		SymPy
qwen_claude_field_theory/closure_2026/integrable_clock_construction_2026/nonlinear_square_completion.py	library		SymPy
qwen_claude_field_theory/closure_2026/integrable_clock_construction_2026/quadratic_dirac.py	library		SymPy
qwen_claude_field_theory/closure_2026/integrable_clock_construction_2026/scalar_completion.py	library		SymPy
qwen_claude_field_theory/closure_2026/integrable_clock_construction_2026/tensor_balance_completion.py	library		SymPy
qwen_claude_field_theory/closure_2026/integrable_clock_construction_2026/test_clock_locality_completion.py	library		SymPy
qwen_claude_field_theory/closure_2026/integrable_clock_construction_2026/test_curvature_operator_bridge.py	library		SymPy
qwen_claude_field_theory/closure_2026/integrable_clock_construction_2026/test_ic10_local_clock.py	library		SymPy
qwen_claude_field_theory/closure_2026/integrable_clock_construction_2026/test_ic11_clock_pressure.py	library		SymPy
qwen_claude_field_theory/closure_2026/integrable_clock_construction_2026/test_ic17_transition_scope.py	library		SymPy
qwen_claude_field_theory/closure_2026/integrable_clock_construction_2026/test_ic27_observables.py	library		SymPy
qwen_claude_field_theory/closure_2026/integrable_clock_construction_2026/test_ic28_constant_tensor.py	library		SymPy
qwen_claude_field_theory/closure_2026/integrable_clock_construction_2026/test_ic30_radial_bridge.py	library		SymPy
qwen_claude_field_theory/closure_2026/integrable_clock_construction_2026/test_ic31_pinned_tail.py	library		SymPy
qwen_claude_field_theory/closure_2026/integrable_clock_construction_2026/test_ic32_constraint_preservation.py	library		SymPy
qwen_claude_field_theory/closure_2026/integrable_clock_construction_2026/test_ic33_full_metric_evolution.py	library		SymPy
qwen_claude_field_theory/closure_2026/integrable_clock_construction_2026/test_ic37_interface_flatness.py	library		SymPy
qwen_claude_field_theory/closure_2026/integrable_clock_construction_2026/test_ic38_functional_compatibility.py	library		SymPy
qwen_claude_field_theory/closure_2026/integrable_clock_construction_2026/test_ic39_finite_order_activation.py	library		SymPy
qwen_claude_field_theory/closure_2026/integrable_clock_construction_2026/test_ic40_third_preservation.py	library		SymPy
qwen_claude_field_theory/closure_2026/integrable_clock_construction_2026/test_ic44_moving_interface.py	library		SymPy
qwen_claude_field_theory/closure_2026/integrable_clock_construction_2026/test_ic44_second_transmission.py	library		SymPy
qwen_claude_field_theory/closure_2026/integrable_clock_construction_2026/test_ic6_even_characteristics.py	library		SymPy
qwen_claude_field_theory/closure_2026/integrable_clock_construction_2026/test_ic6_odd_characteristics.py	library		SymPy
qwen_claude_field_theory/closure_2026/integrable_clock_construction_2026/test_ic6_strong_auxiliary.py	library		SymPy
qwen_claude_field_theory/closure_2026/integrable_clock_construction_2026/test_ic7_curvature_square.py	library		SymPy
qwen_claude_field_theory/closure_2026/integrable_clock_construction_2026/test_ic8_shear_integrability.py	library		SymPy
qwen_claude_field_theory/closure_2026/integrable_clock_construction_2026/test_ic9_lightcone_alignment.py	library		SymPy
qwen_claude_field_theory/closure_2026/integrable_clock_construction_2026/test_ir_growth.py	library		SymPy
qwen_claude_field_theory/closure_2026/integrable_clock_construction_2026/test_local_clock_wave.py	library		SymPy
qwen_claude_field_theory/closure_2026/integrable_clock_construction_2026/test_nonlinear_auxiliary_symbol.py	library		SymPy
qwen_claude_field_theory/closure_2026/integrable_clock_construction_2026/test_nonlinear_hamiltonian.py	library		SymPy
qwen_claude_field_theory/closure_2026/integrable_clock_construction_2026/test_nonlinear_square_completion.py	library		SymPy
qwen_claude_field_theory/closure_2026/integrable_clock_construction_2026/test_quadratic_dirac.py	library		SymPy
qwen_claude_field_theory/closure_2026/integrable_clock_construction_2026/test_scalar_completion.py	library		SymPy
qwen_claude_field_theory/closure_2026/integrable_clock_construction_2026/test_tensor_balance_completion.py	library		SymPy
qwen_claude_field_theory/closure_2026/kepler_precession_prediction_2026.py	library		SymPy
qwen_claude_field_theory/closure_2026/kgb_healthy_matching_2026/constant_sector/sector.py	library		SymPy
qwen_claude_field_theory/closure_2026/kgb_healthy_matching_2026/dhost_kinetic/kinetic.py	library		SymPy
qwen_claude_field_theory/closure_2026/kgb_healthy_matching_2026/dhost_kinetic/test_kinetic.py	library		SymPy
qwen_claude_field_theory/closure_2026/kgb_healthy_matching_2026/pressure_target.py	library		SymPy
qwen_claude_field_theory/closure_2026/kgb_healthy_matching_2026/radial_action.py	library		SymPy
qwen_claude_field_theory/closure_2026/kgb_healthy_matching_2026/test_radial_action.py	library		SymPy
qwen_claude_field_theory/closure_2026/kgb_joint_action_2026/audit/test_independent_audit.py	library		SymPy
qwen_claude_field_theory/closure_2026/kgb_joint_action_2026/joint_static.py	library		SymPy
qwen_claude_field_theory/closure_2026/kgb_joint_action_2026/lensing/lensing.py	library		SymPy
qwen_claude_field_theory/closure_2026/kgb_joint_action_2026/lensing/test_lensing.py	library		SymPy
qwen_claude_field_theory/closure_2026/kgb_joint_action_2026/precision/precision_check.py	library		SymPy
qwen_claude_field_theory/closure_2026/kgb_joint_tangency_2026/derivatives/fast.py	library		SymPy
qwen_claude_field_theory/closure_2026/kgb_joint_tangency_2026/scaling/scaling_identities.py	library		SymPy
qwen_claude_field_theory/closure_2026/kgb_joint_tangency_2026/scaling/test_scaling.py	library		SymPy
qwen_claude_field_theory/closure_2026/kgb_joint_tangency_2026/zero_braiding/test_zero_gamma.py	library		SymPy
qwen_claude_field_theory/closure_2026/kgb_joint_tangency_2026/zero_braiding/zero_gamma.py	library		SymPy
qwen_claude_field_theory/closure_2026/kgb_logslip_joint_2026/constant_f/constant_f.py	library		SymPy
qwen_claude_field_theory/closure_2026/kgb_logslip_joint_2026/fast.py	library		SymPy
qwen_claude_field_theory/closure_2026/kgb_logslip_joint_2026/reference/test_logslip_reference.py	library		SymPy
qwen_claude_field_theory/closure_2026/kgb_mass_compatibility_2026/conformal_dictionary.py	library		SymPy
qwen_claude_field_theory/closure_2026/kgb_mass_compatibility_2026/extension/conformal_extension.py	library		SymPy
qwen_claude_field_theory/closure_2026/kgb_mass_compatibility_2026/extension/ef_principal.py	library		SymPy
qwen_claude_field_theory/closure_2026/kgb_mass_compatibility_2026/extension/test_extension.py	library		SymPy
qwen_claude_field_theory/closure_2026/kgb_mass_compatibility_2026/l119_scope.py	library		SymPy
qwen_claude_field_theory/closure_2026/kgb_mass_compatibility_2026/structure/test_conformal_inverse_structure.py	library		SymPy
qwen_claude_field_theory/closure_2026/kgb_mass_compatibility_2026/structure/test_derivative_curvature_variation.py	library		SymPy
qwen_claude_field_theory/closure_2026/kgb_mass_compatibility_2026/structure/test_structure.py	library		SymPy
qwen_claude_field_theory/closure_2026/kgb_mass_compatibility_2026/test_dictionary.py	library		SymPy
qwen_claude_field_theory/closure_2026/kgb_nonaffine_clock_2026/cosmology/cosmology_checks.py	library		SymPy
qwen_claude_field_theory/closure_2026/kgb_nonaffine_clock_2026/cosmology/test_cosmology.py	library		SymPy
qwen_claude_field_theory/closure_2026/kgb_nonaffine_clock_2026/dictionary/general_ef.py	library		SymPy
qwen_claude_field_theory/closure_2026/kgb_nonaffine_clock_2026/dictionary/test_general.py	library		SymPy
qwen_claude_field_theory/closure_2026/kgb_nonaffine_clock_2026/l123_review/test_power_law_counterclaim.py	library		SymPy
qwen_claude_field_theory/closure_2026/kgb_nonaffine_clock_2026/variation/test_nonaffine_variation.py	library		SymPy
qwen_claude_field_theory/closure_2026/kgb_pressure_freedom_2026/general_inverse/pressure_inverse.py	library		SymPy
qwen_claude_field_theory/closure_2026/kgb_pressure_freedom_2026/log_slip_geometry.py	library		SymPy
qwen_claude_field_theory/closure_2026/kgb_shared_pressure_2026/jet_window.py	library		SymPy
qwen_claude_field_theory/closure_2026/kgb_shared_pressure_2026/precision_check.py	library		SymPy
qwen_claude_field_theory/closure_2026/kgb_shared_pressure_2026/shared_pressure.py	library		SymPy
qwen_claude_field_theory/closure_2026/kgb_universal_clock_2026/health/test_common_interval.py	library		SymPy
qwen_claude_field_theory/closure_2026/kgb_universal_clock_2026/latest_review/test_cutoff_counterexample.py	library		SymPy
qwen_claude_field_theory/closure_2026/kgb_universal_clock_2026/structure/test_shared_preservation.py	library		SymPy
qwen_claude_field_theory/closure_2026/khronometric_exponential/door1_acceleration_dependent_1PN.py	library		SymPy
qwen_claude_field_theory/closure_2026/khronometric_exponential/gw170817_collapse.py	library		SymPy
qwen_claude_field_theory/closure_2026/khronometric_mond/wf_K2_backbone_no_pidot.py	library		SymPy
qwen_claude_field_theory/closure_2026/khronometric_mond/wf_adm_scalar_reduction.py	library		SymPy
qwen_claude_field_theory/closure_2026/khronometric_mond/wf_bonetti_barausse_highaccel.py	library		SymPy
qwen_claude_field_theory/closure_2026/khronometric_mond/wf_constitutive_hessian.py	library		SymPy
qwen_claude_field_theory/closure_2026/khronometric_mond/wf_decisive_v2_correct.py	library		SymPy
qwen_claude_field_theory/closure_2026/khronometric_mond/wf_flanagan_conditions.py	library		SymPy
qwen_claude_field_theory/closure_2026/khronometric_mond/wf_flanagan_map.py	library		SymPy
qwen_claude_field_theory/closure_2026/khronometric_mond/wf_flat_validation.py	library		SymPy
qwen_claude_field_theory/closure_2026/khronometric_mond/wf_hessian_constitutive.py	library		SymPy
qwen_claude_field_theory/closure_2026/khronometric_mond/wf_kinetic_coeff_adjudication.py	library		SymPy
qwen_claude_field_theory/closure_2026/khronometric_mond/wf_nogo_generality.py	library		SymPy
qwen_claude_field_theory/closure_2026/khronometric_mond/wf_speeds_and_stability.py	library		SymPy
qwen_claude_field_theory/closure_2026/khronometric_mond/wf_xcheck_exact_vs_closedform.py	library		SymPy
qwen_claude_field_theory/closure_2026/khronon_acceleration_mond_2026/khronon_acceleration_mond_gate.py	library		SymPy
qwen_claude_field_theory/closure_2026/lapse_braiding_gate_2026/anisotropic_primary.py	library		SymPy
qwen_claude_field_theory/closure_2026/lapse_braiding_gate_2026/braiding_gate.py	library		SymPy
qwen_claude_field_theory/closure_2026/lapse_braiding_gate_2026/conformal_action.py	library		SymPy
qwen_claude_field_theory/closure_2026/lapse_braiding_gate_2026/test_anisotropic_primary.py	library		SymPy
qwen_claude_field_theory/closure_2026/lapse_braiding_gate_2026/test_braiding_gate.py	library		SymPy
qwen_claude_field_theory/closure_2026/lapse_braiding_gate_2026/test_conformal_action.py	library		SymPy
qwen_claude_field_theory/closure_2026/lapse_braiding_gate_2026/test_transformed_lapse.py	library		SymPy
qwen_claude_field_theory/closure_2026/lapse_braiding_gate_2026/transformed_lapse.py	library		SymPy
qwen_claude_field_theory/closure_2026/linear_curvature_clock_2026/linear_clock.py	library		SymPy
qwen_claude_field_theory/closure_2026/linear_curvature_clock_2026/test_linear_clock.py	library		SymPy
qwen_claude_field_theory/closure_2026/local_FY_slip_audit_2026/derive_local_FY_slip.py	library		SymPy
qwen_claude_field_theory/closure_2026/local_first_gradient_slip_lock_2026/local_first_gradient_slip_lock.py	library		SymPy
qwen_claude_field_theory/closure_2026/local_selection_2026.py	library		SymPy
qwen_claude_field_theory/closure_2026/local_winding_clock_2026/action_variation.py	library		SymPy
qwen_claude_field_theory/closure_2026/local_winding_clock_2026/dirac_gate.py	library		SymPy
qwen_claude_field_theory/closure_2026/local_winding_clock_2026/flrw_winding_gate.py	library		SymPy
qwen_claude_field_theory/closure_2026/local_winding_clock_2026/run_local_winding.py	library		SymPy
qwen_claude_field_theory/closure_2026/local_winding_clock_2026/stability_causality_gate.py	library		SymPy
qwen_claude_field_theory/closure_2026/local_winding_clock_2026/test_action_variation.py	library		SymPy
qwen_claude_field_theory/closure_2026/local_winding_clock_2026/test_dirac_gate.py	library		SymPy
qwen_claude_field_theory/closure_2026/local_winding_clock_2026/test_flrw_winding_gate.py	library		SymPy
qwen_claude_field_theory/closure_2026/local_winding_clock_2026/test_local_winding.py	library		SymPy
qwen_claude_field_theory/closure_2026/local_winding_clock_2026/test_stability_causality_gate.py	library		SymPy
qwen_claude_field_theory/closure_2026/local_winding_clock_2026/test_weak_field_ward_gate.py	library		SymPy
qwen_claude_field_theory/closure_2026/local_winding_clock_2026/test_winding_no_go.py	library		SymPy
qwen_claude_field_theory/closure_2026/local_winding_clock_2026/weak_field_ward_gate.py	library		SymPy
qwen_claude_field_theory/closure_2026/local_winding_clock_2026/winding_calibration.py	library		SymPy
qwen_claude_field_theory/closure_2026/local_winding_clock_2026/winding_no_go.py	library		SymPy
qwen_claude_field_theory/closure_2026/localized_v4_action_2026/causal_response_gate.py	library		SymPy
qwen_claude_field_theory/closure_2026/localized_v4_action_2026/eliminate_localizers.py	library		SymPy
qwen_claude_field_theory/closure_2026/localized_v4_action_2026/flrw_ward_gate.py	library		SymPy
qwen_claude_field_theory/closure_2026/localized_v4_action_2026/localized_action.py	library		SymPy
qwen_claude_field_theory/closure_2026/localized_v4_action_2026/localized_dirac.py	library		SymPy
qwen_claude_field_theory/closure_2026/localized_v4_action_2026/physical_causality_gate.py	library		SymPy
qwen_claude_field_theory/closure_2026/localized_v4_action_2026/retarded_carrier_pincer.py	library		SymPy
qwen_claude_field_theory/closure_2026/mechA_aqual_conformal_2026.py	library		SymPy
qwen_claude_field_theory/closure_2026/mechA_double_count_2026.py	library		SymPy
qwen_claude_field_theory/closure_2026/mechC_cluster_cap_2026.py	library		SymPy
qwen_claude_field_theory/closure_2026/memory_clock_audit_2026/mimetic_clock_dirac.py	library		SymPy
qwen_claude_field_theory/closure_2026/mond_compiler_2026/adv_refute_curvature_carrier_2026.py	library		SymPy
qwen_claude_field_theory/closure_2026/mond_compiler_2026/adv_refute_ppn_2026.py	library		SymPy
qwen_claude_field_theory/closure_2026/mond_compiler_2026/adv_refute_static_carrier_2026.py	library		SymPy
qwen_claude_field_theory/closure_2026/mond_compiler_2026/constitutive_search.py	library		SymPy
qwen_claude_field_theory/closure_2026/mond_compiler_2026/dirac_Phi_Q_sf42_route_2026.py	library		SymPy
qwen_claude_field_theory/closure_2026/mond_compiler_2026/dirac_chi_Q_frozen_candidate_2026.py	library		SymPy
qwen_claude_field_theory/closure_2026/mond_compiler_2026/mc_basis.py	library		SymPy
qwen_claude_field_theory/closure_2026/mond_compiler_2026/mc_core.py	library		SymPy
qwen_claude_field_theory/closure_2026/mond_compiler_2026/mc_frame_theorem.py	library		SymPy
qwen_claude_field_theory/closure_2026/mond_compiler_2026/mc_reduce_hessian.py	library		SymPy
qwen_claude_field_theory/closure_2026/mond_compiler_2026/mc_reduce_static.py	library		SymPy
qwen_claude_field_theory/closure_2026/mond_compiler_2026/mc_selftest.py	library		SymPy
qwen_claude_field_theory/closure_2026/mond_compiler_2026/ppn_khronon_routeB_2026.py	library		SymPy
qwen_claude_field_theory/closure_2026/mond_compiler_2026/ppn_khronon_routeB_candidate_2026.py	library		SymPy
qwen_claude_field_theory/closure_2026/mond_compiler_2026/ppn_khronon_routeB_diag_2026.py	library		SymPy
qwen_claude_field_theory/closure_2026/mond_compiler_2026/ppn_khronon_routeB_gates_2026.py	library		SymPy
qwen_claude_field_theory/closure_2026/mond_compiler_2026/ppn_khronon_routeB_limit_2026.py	library		SymPy
qwen_claude_field_theory/closure_2026/mond_compiler_2026/ppn_khronon_routeB_num_2026.py	library		SymPy
qwen_claude_field_theory/closure_2026/mond_compiler_2026/ppn_khronon_routeB_solve_2026.py	library		SymPy
qwen_claude_field_theory/closure_2026/mond_compiler_2026/ppn_khronon_routeB_theorem_2026.py	library		SymPy
qwen_claude_field_theory/closure_2026/mond_compiler_2026/routeA_alpha12_ppn_2026.py	library		SymPy
qwen_claude_field_theory/closure_2026/mond_compiler_2026/s2a_candidates_2026.py	library		SymPy
qwen_claude_field_theory/closure_2026/mond_compiler_2026/s2a_ppn_exact_2026.py	library		SymPy
qwen_claude_field_theory/closure_2026/mond_compiler_2026/s2a_static_exact_2026.py	library		SymPy
qwen_claude_field_theory/closure_2026/mond_compiler_2026/s3_synthesis_verify_2026.py	library		SymPy
qwen_claude_field_theory/closure_2026/mond_compiler_2026/stage2b/s2b_degenerate_branch_2026.py	library		SymPy
qwen_claude_field_theory/closure_2026/mond_compiler_2026/stage2b/s2b_palatini_identity_2026.py	library		SymPy
qwen_claude_field_theory/closure_2026/mond_compiler_2026/stage2b/s2b_refute_2026.py	library		SymPy
qwen_claude_field_theory/closure_2026/mond_compiler_2026/synth_1pn_independent_checks_2026.py	library		SymPy
qwen_claude_field_theory/closure_2026/nonlocal_door/ctp_auxiliary_dirac_gate_2026.py	library		SymPy
qwen_claude_field_theory/closure_2026/nonlocal_door/ctp_matching_multiplier_no_go_2026.py	library		SymPy
qwen_claude_field_theory/closure_2026/nonlocal_door/dw_alpha2_boosted.py	library		SymPy
qwen_claude_field_theory/closure_2026/nonlocal_door/dw_alpha2_stress.py	library		SymPy
qwen_claude_field_theory/closure_2026/nonlocal_door/field_dependent_spin2_bianchi_gate_2026.py	library		SymPy
qwen_claude_field_theory/closure_2026/nonlocal_door/field_dependent_spin2_zero_field_gate_2026.py	library		SymPy
qwen_claude_field_theory/closure_2026/nonlocal_door/ghost_theorem_lensing.py	library		SymPy
qwen_claude_field_theory/closure_2026/nonlocal_door/legB_causal_closure_2026.py	library		SymPy
qwen_claude_field_theory/closure_2026/nonlocal_door/metric_only_elliptic_projector_gate_2026.py	library		SymPy
qwen_claude_field_theory/closure_2026/nonlocal_door/price_unlocalized_F+.py	library		SymPy
qwen_claude_field_theory/closure_2026/nonlocal_door/rank_changing_curvature_ostro_gate_2026.py	library		SymPy
qwen_claude_field_theory/closure_2026/nonlocal_door/ricci_polynomial_projector_gate_2026.py	library		SymPy
qwen_claude_field_theory/closure_2026/nonlocal_door/spectral_state_space_gate_2026.py	library		SymPy
qwen_claude_field_theory/closure_2026/nonlocal_door/spin2_no_slip_linearity_gate_2026.py	library		SymPy
qwen_claude_field_theory/closure_2026/nonlocal_door/tensor_nonlocal_localization_gate_2026.py	library		SymPy
qwen_claude_field_theory/closure_2026/nonlocal_door/test_metric_only_elliptic_projector_gate_2026.py	library		SymPy
qwen_claude_field_theory/closure_2026/nonlocal_door/test_ricci_polynomial_projector_gate_2026.py	library		SymPy
qwen_claude_field_theory/closure_2026/nonlocal_door/test_spectral_state_space_gate_2026.py	library		SymPy
qwen_claude_field_theory/closure_2026/nonlocal_door/test_vanishing_projector_dirac_chain_2026.py	library		SymPy
qwen_claude_field_theory/closure_2026/nonlocal_door/vanishing_projector_dirac_chain_2026.py	library		SymPy
qwen_claude_field_theory/closure_2026/nonlocal_door_2026/nonlocal_universal_claim_audit_2026.py	library		SymPy
qwen_claude_field_theory/closure_2026/normalized_acceleration_parent_2026/algebraic_compensator_gate.py	library		SymPy
qwen_claude_field_theory/closure_2026/normalized_acceleration_parent_2026/isotropic_stress_slip_gate.py	library		SymPy
qwen_claude_field_theory/closure_2026/normalized_acceleration_parent_2026/normalized_acceleration_action_gate.py	library		SymPy
qwen_claude_field_theory/closure_2026/one_shot_final/curvature_qumond_action_gate_2026.py	library		SymPy
qwen_claude_field_theory/closure_2026/one_shot_final/curvature_qumond_adm_dirac_gate_2026.py	library		SymPy
qwen_claude_field_theory/closure_2026/one_shot_final/curvature_qumond_clock_stueckelberg_gate_2026.py	library		SymPy
qwen_claude_field_theory/closure_2026/one_shot_final/curvature_qumond_full_tf_gate_2026.py	library		SymPy
qwen_claude_field_theory/closure_2026/one_shot_final/curvature_qumond_luminality_no_go_2026.py	library		SymPy
qwen_claude_field_theory/closure_2026/one_shot_final/fable_5_1_comparison_gate_2026.py	library		SymPy
qwen_claude_field_theory/closure_2026/one_shot_final/test_curvature_qumond_adm_dirac_gate_2026.py	library		SymPy
qwen_claude_field_theory/closure_2026/one_shot_final/test_curvature_qumond_clock_stueckelberg_gate_2026.py	library		SymPy
qwen_claude_field_theory/closure_2026/one_shot_final/test_curvature_qumond_full_tf_gate_2026.py	library		SymPy
qwen_claude_field_theory/closure_2026/one_shot_final/test_curvature_qumond_luminality_no_go_2026.py	library		SymPy
qwen_claude_field_theory/closure_2026/one_shot_final/test_fable_5_1_comparison_gate_2026.py	library		SymPy
qwen_claude_field_theory/closure_2026/phantom_noslip_ward_trilemma_2026.py	library		SymPy
qwen_claude_field_theory/closure_2026/positive_lambda_response_2026/constraint_hessian.py	library		SymPy
qwen_claude_field_theory/closure_2026/positive_lambda_response_2026/general_family.py	library		SymPy
qwen_claude_field_theory/closure_2026/positive_lambda_response_2026/infrared_domain.py	library		SymPy
qwen_claude_field_theory/closure_2026/positive_lambda_response_2026/localized_auxiliary.py	library		SymPy
qwen_claude_field_theory/closure_2026/positive_lambda_response_2026/physical_initial_data.py	library		SymPy
qwen_claude_field_theory/closure_2026/positive_lambda_response_2026/positive_lambda.py	library		SymPy
qwen_claude_field_theory/closure_2026/positive_lambda_response_2026/test_constraint_hessian.py	library		SymPy
qwen_claude_field_theory/closure_2026/positive_lambda_response_2026/test_general_family.py	library		SymPy
qwen_claude_field_theory/closure_2026/positive_lambda_response_2026/test_infrared_domain.py	library		SymPy
qwen_claude_field_theory/closure_2026/positive_lambda_response_2026/test_localized_auxiliary.py	library		SymPy
qwen_claude_field_theory/closure_2026/positive_lambda_response_2026/test_physical_initial_data.py	library		SymPy
qwen_claude_field_theory/closure_2026/positive_lambda_response_2026/test_positive_lambda.py	library		SymPy
qwen_claude_field_theory/closure_2026/refute_transverse_KB_lock_2026.py	library		SymPy
qwen_claude_field_theory/closure_2026/regular_center_universality_audit_2026/regular_center_universality_audit_2026.py	library		SymPy
qwen_claude_field_theory/closure_2026/rmmg_envelope_completion_2026/envelope_completion_gate.py	library		SymPy
qwen_claude_field_theory/closure_2026/rmmg_envelope_completion_2026/fourform_a0_promotion_gate.py	library		SymPy
qwen_claude_field_theory/closure_2026/rotated_mmg_constitutive_2026/action_angle_invariant.py	library		SymPy
qwen_claude_field_theory/closure_2026/rotated_mmg_constitutive_2026/auxiliary_relay_dirac.py	library		SymPy
qwen_claude_field_theory/closure_2026/rotated_mmg_constitutive_2026/clock_gradient_repair_gate.py	library		SymPy
qwen_claude_field_theory/closure_2026/rotated_mmg_constitutive_2026/covariant_clock_principal_gate.py	library		SymPy
qwen_claude_field_theory/closure_2026/rotated_mmg_constitutive_2026/flrw_clock_background_gate.py	library		SymPy
qwen_claude_field_theory/closure_2026/rotated_mmg_constitutive_2026/flrw_clock_evolving_gate.py	library		SymPy
qwen_claude_field_theory/closure_2026/rotated_mmg_constitutive_2026/flrw_clock_friedmann_gate.py	library		SymPy
qwen_claude_field_theory/closure_2026/rotated_mmg_constitutive_2026/flrw_minisuperspace_dirac_gate.py	library		SymPy
qwen_claude_field_theory/closure_2026/rotated_mmg_constitutive_2026/full_adm_dof_count.py	library		SymPy
qwen_claude_field_theory/closure_2026/rotated_mmg_constitutive_2026/hda_closure_gate.py	library		SymPy
qwen_claude_field_theory/closure_2026/rotated_mmg_constitutive_2026/matter_ward_gate.py	library		SymPy
qwen_claude_field_theory/closure_2026/rotated_mmg_constitutive_2026/rmmg_constitutive_action.py	library		SymPy
qwen_claude_field_theory/closure_2026/rotated_mmg_constitutive_2026/rmmg_lapse_constraint_variation_gate.py	library		SymPy
qwen_claude_field_theory/closure_2026/rotated_mmg_constitutive_2026/spatial_diffeo_gate.py	library		SymPy
qwen_claude_field_theory/closure_2026/rotated_mmg_constitutive_2026/spherical_prediction.py	library		SymPy
qwen_claude_field_theory/closure_2026/rotated_mmg_constitutive_2026/ward_covariance_gate.py	library		SymPy
qwen_claude_field_theory/closure_2026/route1B_monotone_escape_2026.py	library		SymPy
qwen_claude_field_theory/closure_2026/route1_interpolation_squeeze_2026.py	library		SymPy
qwen_claude_field_theory/closure_2026/route1_kernel_squeeze_verdict_2026.py	library		SymPy
qwen_claude_field_theory/closure_2026/route1_local_a0_double_count_2026.py	library		SymPy
qwen_claude_field_theory/closure_2026/route1_warm_condensate_window_2026.py	library		SymPy
qwen_claude_field_theory/closure_2026/route2_aest_embedding_2026.py	library		SymPy
qwen_claude_field_theory/closure_2026/route2_full_stack_2026.py	library		SymPy
qwen_claude_field_theory/closure_2026/route2_mechC_constrained_vector_2026.py	library		SymPy
qwen_claude_field_theory/closure_2026/route2_vainshtein_kmouflage_2026.py	library		SymPy
qwen_claude_field_theory/closure_2026/route3B_entropic_independent_2026.py	library		SymPy
qwen_claude_field_theory/closure_2026/route3_entropic_gravity_2026.py	library		SymPy
qwen_claude_field_theory/closure_2026/route3_multistream_independent_2026.py	library		SymPy
qwen_claude_field_theory/closure_2026/route4_kappa_derivability_2026.py	library		SymPy
qwen_claude_field_theory/closure_2026/route4_keep_it_smooth_2026.py	library		SymPy
qwen_claude_field_theory/closure_2026/route4_one_kinetic_function_2026.py	library		SymPy
qwen_claude_field_theory/closure_2026/route5_caustics_multistream_2026.py	library		SymPy
qwen_claude_field_theory/closure_2026/route5_double_count_theorem_2026.py	library		SymPy
qwen_claude_field_theory/closure_2026/route5_one_field_confrontation_2026.py	library		SymPy
qwen_claude_field_theory/closure_2026/route5b_multistream_completion_2026.py	library		SymPy
qwen_claude_field_theory/closure_2026/route6A_maxent_thermo_2026.py	library		SymPy
qwen_claude_field_theory/closure_2026/route6B_nonlocal_gravity_2026.py	library		SymPy
qwen_claude_field_theory/closure_2026/route6_bimond_twin_2026.py	library		SymPy
qwen_claude_field_theory/closure_2026/scalar_slip_gate_2026/scalar_slip_gate.py	library		SymPy
qwen_claude_field_theory/closure_2026/scale_split_door/pincer_confrontation.py	library		SymPy
qwen_claude_field_theory/closure_2026/scale_split_door/two_auxiliary_spectral_theorem.py	library		SymPy
qwen_claude_field_theory/closure_2026/screened_kernel_gate_2026/screened_kernel.py	library		SymPy
qwen_claude_field_theory/closure_2026/screened_kernel_gate_2026/test_screened_kernel.py	library		SymPy
qwen_claude_field_theory/closure_2026/sf12_adjudicate_sf11b_2026.py	library		SymPy
qwen_claude_field_theory/closure_2026/sf13a_shift_redefinition_2026.py	library		SymPy
qwen_claude_field_theory/closure_2026/sf13b_quasistatic_reduction_2026.py	library		SymPy
qwen_claude_field_theory/closure_2026/sf13c_normalisations_2026.py	library		SymPy
qwen_claude_field_theory/closure_2026/sf13d_sign_chain_2026.py	library		SymPy
qwen_claude_field_theory/closure_2026/sf13e_the_function_2026.py	library		SymPy
qwen_claude_field_theory/closure_2026/sf15_adjudicate_projectable_2026.py	library		SymPy
qwen_claude_field_theory/closure_2026/sf16_secondary_constraint_2026.py	library		SymPy
qwen_claude_field_theory/closure_2026/sf17_withdraw_sf16_theorem_2026.py	library		SymPy
qwen_claude_field_theory/closure_2026/sf18_step4_structure_2026.py	library		SymPy
qwen_claude_field_theory/closure_2026/sf19_the_bracket_2026.py	library		SymPy
qwen_claude_field_theory/closure_2026/sf21_weak_zero_test_2026.py	library		SymPy
qwen_claude_field_theory/closure_2026/sf22_finishing_2026.py	library		SymPy
qwen_claude_field_theory/closure_2026/sf23_lattice_artifact_2026.py	library		SymPy
qwen_claude_field_theory/closure_2026/sf24_continuum_dirac_2026.py	library		SymPy
qwen_claude_field_theory/closure_2026/sf25_lensing_2026.py	library		SymPy
qwen_claude_field_theory/closure_2026/sf26_two_piece_2026.py	library		SymPy
qwen_claude_field_theory/closure_2026/sf27_disformal_2026.py	library		SymPy
qwen_claude_field_theory/closure_2026/sf28_bills_2026.py	library		SymPy
qwen_claude_field_theory/closure_2026/sf29_explicit_coupling_2026.py	library		SymPy
qwen_claude_field_theory/closure_2026/sf30_dust_lensing_2026.py	library		SymPy
qwen_claude_field_theory/closure_2026/sf31_option1_2026.py	library		SymPy
qwen_claude_field_theory/closure_2026/sf32_a0Q_saturation_2026.py	library		SymPy
qwen_claude_field_theory/closure_2026/sf33_design_from_constraints_2026.py	library		SymPy
qwen_claude_field_theory/closure_2026/sf34_equation_of_state_2026.py	library		SymPy
qwen_claude_field_theory/closure_2026/sf35_integrate_ode_2026.py	library		SymPy
qwen_claude_field_theory/closure_2026/sf36_closed_form_2026.py	library		SymPy
qwen_claude_field_theory/closure_2026/sf37_kessence_theorem_2026.py	library		SymPy
qwen_claude_field_theory/closure_2026/sf37_radial_director_class_2026.py	library		SymPy
qwen_claude_field_theory/closure_2026/sf38_lensing_tolerance_2026.py	library		SymPy
qwen_claude_field_theory/closure_2026/sf39_khronon_carrier_2026.py	library		SymPy
qwen_claude_field_theory/closure_2026/sf39_mechanismB_promotion_static_2026.py	library		SymPy
qwen_claude_field_theory/closure_2026/sf39_mechanism_F_2026.py	library		SymPy
qwen_claude_field_theory/closure_2026/sf39_mechanism_c_two_field_2026.py	library		SymPy
qwen_claude_field_theory/closure_2026/sf40_general_F_hessian_nogo_2026.py	library		SymPy
qwen_claude_field_theory/closure_2026/sf41_isolated_zero_dirac_2026.py	library		SymPy
qwen_claude_field_theory/closure_2026/sf42_aux_legendre_dof_2026.py	library		SymPy
qwen_claude_field_theory/closure_2026/sf42_flrw_expansion_hessian_2026.py	library		SymPy
qwen_claude_field_theory/closure_2026/sf43_dw_localized_dof_ghost_2026.py	library		SymPy
qwen_claude_field_theory/closure_2026/sf44_dw_physical_phase_space_2026.py	library		SymPy
qwen_claude_field_theory/closure_2026/sf45_dw_gate1_nonlinear_reexcitation_2026.py	library		SymPy
qwen_claude_field_theory/closure_2026/sf45_dw_gate2_energy_positivity_2026.py	library		SymPy
qwen_claude_field_theory/closure_2026/sf45_dw_gate3_matter_coupling_2026.py	library		SymPy
qwen_claude_field_theory/closure_2026/sf45_dw_gate4_tensor_dof_2026.py	library		SymPy
qwen_claude_field_theory/closure_2026/sf46_dw_constraint_algebra_boundary_2026.py	library		SymPy
qwen_claude_field_theory/closure_2026/sf47_dw_ctp_schwinger_keldysh_2026.py	library		SymPy
qwen_claude_field_theory/closure_2026/sf48_dw_ctp_local_equivalence_2026.py	library		SymPy
qwen_claude_field_theory/closure_2026/sf49_dw_full_physical_hamiltonian_mixing_2026.py	library		SymPy
qwen_claude_field_theory/closure_2026/sf50_dw_final_end_to_end_certification_2026.py	library		SymPy
qwen_claude_field_theory/closure_2026/sf50_dw_full_dof_retarded_phasespace_2026.py	library		SymPy
qwen_claude_field_theory/closure_2026/sf51_dw_referee_audit_fixes_2026.py	library		SymPy
qwen_claude_field_theory/closure_2026/sf52_02_full_flrw_stress_2026.py	library		SymPy
qwen_claude_field_theory/closure_2026/sf52_dw_dynamical_z_infty_selection_2026.py	library		SymPy
qwen_claude_field_theory/closure_2026/sf52b_dw_critical_point_analysis_2026.py	library		SymPy
qwen_claude_field_theory/closure_2026/sf53_dw_structural_repair_theory_2026.py	library		SymPy
qwen_claude_field_theory/closure_2026/sf54_mmg_k0_zero_mode_sector_2026.py	library		SymPy
qwen_claude_field_theory/closure_2026/sf54_stabilized_dbi_mmg_complete_field_theory.py	library		SymPy
qwen_claude_field_theory/closure_2026/sf55_intrinsic_laplacian_dirac_rank.py	library		SymPy
qwen_claude_field_theory/closure_2026/sf55_mmg_y0_degenerate_branch_2026.py	library		SymPy
qwen_claude_field_theory/closure_2026/sf57_rotated_mmg_flrw_preservation_and_dirac.py	library		SymPy
qwen_claude_field_theory/closure_2026/sf58_full_nonlinear_adm_four_constraint_closure.py	library		SymPy
qwen_claude_field_theory/closure_2026/sf59_rotated_mmg_matter_lensing_phantom_gate.py	library		SymPy
qwen_claude_field_theory/closure_2026/sf60_rotated_mmg_complete_field_theory_master.py	library		SymPy
qwen_claude_field_theory/closure_2026/sf61_honest_canonical_adm_closure.py	library		SymPy
qwen_claude_field_theory/closure_2026/sf62_lapse_curvature_trilemma_proof.py	library		SymPy
qwen_claude_field_theory/closure_2026/slipless_exact_mond_center_nogo_2026/slipless_exact_mond_center_nogo_2026.py	library		SymPy
qwen_claude_field_theory/closure_2026/slipless_exact_mond_center_nogo_2026/test_slipless_exact_mond_center_nogo_2026.py	library		SymPy
qwen_claude_field_theory/closure_2026/smoothed_onset_action_2026/onset_action_gate.py	library		SymPy
qwen_claude_field_theory/closure_2026/solar_screening_2026/alpha1_solar_screening.py	library		SymPy
qwen_claude_field_theory/closure_2026/solar_screening_2026/alpha1_solar_screening_transverse.py	library		SymPy
qwen_claude_field_theory/closure_2026/solar_screening_2026/transverse_numeric.py	library		SymPy
qwen_claude_field_theory/closure_2026/supernova_reaudit_2026/q0_consistency.py	library		SymPy
qwen_claude_field_theory/closure_2026/supernova_reaudit_2026/test_q0_consistency.py	library		SymPy
qwen_claude_field_theory/closure_2026/t1_kessence_pt_theorem_2026.py	library		SymPy
qwen_claude_field_theory/closure_2026/temperature_law_2026.py	library		SymPy
qwen_claude_field_theory/closure_2026/tensor_compensated_branch_2026/ae_ppn_tuning_gate.py	library		SymPy
qwen_claude_field_theory/closure_2026/tensor_compensated_branch_2026/flrw_tensor_compensated_gate.py	library		SymPy
qwen_claude_field_theory/closure_2026/tensor_compensated_branch_2026/flrw_zero_mode_dirac_gate.py	library		SymPy
qwen_claude_field_theory/closure_2026/tensor_compensated_branch_2026/foliation_tf_order_gate.py	library		SymPy
qwen_claude_field_theory/closure_2026/tensor_compensated_branch_2026/full_tensor_multiplier_dirac_gate.py	library		SymPy
qwen_claude_field_theory/closure_2026/tensor_compensated_branch_2026/ir_operator_tradeoff_gate.py	library		SymPy
qwen_claude_field_theory/closure_2026/tensor_compensated_branch_2026/ir_regularity_gate.py	library		SymPy
qwen_claude_field_theory/closure_2026/tensor_compensated_branch_2026/linear_sector_stability_gate.py	library		SymPy
qwen_claude_field_theory/closure_2026/tensor_compensated_branch_2026/local_self_adjoint_no_go.py	library		SymPy
qwen_claude_field_theory/closure_2026/tensor_compensated_branch_2026/matter_ward_gate.py	library		SymPy
qwen_claude_field_theory/closure_2026/tensor_compensated_branch_2026/ppn_tuned_aether_dirac_gate.py	library		SymPy
qwen_claude_field_theory/closure_2026/tensor_compensated_branch_2026/regulator_tradeoff_gate.py	library		SymPy
qwen_claude_field_theory/closure_2026/tensor_compensated_branch_2026/tensor_compensated_branch_gate.py	library		SymPy
qwen_claude_field_theory/closure_2026/tensor_compensated_branch_2026/tensor_compensated_dirac_gate.py	library		SymPy
qwen_claude_field_theory/closure_2026/theory_discovery/khronometric_mond_gauntlet_2026.py	library		SymPy
qwen_claude_field_theory/closure_2026/ticking_kgb_inverse_2026/kgb_inverse.py	library		SymPy
qwen_claude_field_theory/closure_2026/ticking_kgb_inverse_2026/mond_profile.py	library		SymPy
qwen_claude_field_theory/closure_2026/ticking_kgb_inverse_2026/test_kgb.py	library		SymPy
qwen_claude_field_theory/closure_2026/trace_variance_mond_2026/test_trace_variance.py	library		SymPy
qwen_claude_field_theory/closure_2026/trace_variance_mond_2026/trace_variance.py	library		SymPy
qwen_claude_field_theory/closure_2026/trichotomy/exception_hunt_2026.py	library		SymPy
qwen_claude_field_theory/closure_2026/two_body_frequency_2026/binary_frequency.py	library		SymPy
qwen_claude_field_theory/closure_2026/two_kernel_orbit_shape_2026/orbit_shape.py	library		SymPy
qwen_claude_field_theory/closure_2026/two_kernel_orbit_shape_2026/test_orbit_shape.py	library		SymPy
qwen_claude_field_theory/closure_2026/two_sector_2026/two_sector_coupling_gate_2026.py	library		SymPy
qwen_claude_field_theory/closure_2026/user_action_calibrated_branch.py	library		SymPy
qwen_claude_field_theory/closure_2026/user_action_connection_gate.py	library		SymPy
qwen_claude_field_theory/closure_2026/user_action_curved_branch.py	library		SymPy
qwen_claude_field_theory/closure_2026/user_action_exact_planar.py	library		SymPy
qwen_claude_field_theory/closure_2026/user_action_kernel_calibration.py	library		SymPy
qwen_claude_field_theory/closure_2026/user_action_planar_quadratic.py	library		SymPy
qwen_claude_field_theory/closure_2026/user_action_response_gate.py	library		SymPy
qwen_claude_field_theory/closure_2026/user_action_shift_gate.py	library		SymPy
qwen_claude_field_theory/closure_2026/user_action_static_gate.py	library		SymPy
qwen_claude_field_theory/closure_2026/vcdm_flrw_gate_2026/test_vcdm_flrw.py	library		SymPy
qwen_claude_field_theory/closure_2026/vcdm_flrw_gate_2026/vcdm_flrw.py	library		SymPy
qwen_claude_field_theory/closure_2026/velocity_response_gate_2026/response_gate.py	library		SymPy
qwen_claude_field_theory/closure_2026/velocity_response_gate_2026/test_response.py	library		SymPy
qwen_claude_field_theory/closure_2026/virialisation_2026.py	library		SymPy
qwen_claude_field_theory/closure_2026_final/01_action/T01_action.py	library		SymPy
qwen_claude_field_theory/closure_2026_final/01_action/nonlocal_functional.py	library		SymPy
qwen_claude_field_theory/closure_2026_final/02_variation/auxiliary_hessian.py	library		SymPy
qwen_claude_field_theory/closure_2026_final/02_variation/first_variation.py	library		SymPy
qwen_claude_field_theory/closure_2026_final/10_causality/T02_causal_adjoint.py	library		SymPy
qwen_claude_field_theory/closure_2026_final/11_dof/T03_dof.py	library		SymPy
qwen_claude_field_theory/closure_manual_pack/gates/gate_spherical_efe_2026.py	library		SymPy
qwen_claude_field_theory/closure_manual_pack/scripts/01_constitutive_check.py	library		SymPy
qwen_claude_field_theory/closure_manual_pack/scripts/02_c2_regulator.py	library		SymPy
qwen_claude_field_theory/closure_manual_pack/scripts/03_auxiliary_hessian.py	library		SymPy
qwen_claude_field_theory/closure_manual_pack/scripts/04_transport_solution.py	library		SymPy
qwen_claude_field_theory/closure_manual_pack/scripts/05_active_normalization.py	library		SymPy
qwen_claude_field_theory/exponential_nonlocal_full_theory/scripts/verify.py	library		SymPy
qwen_claude_field_theory/fc8_closure_2026/alpha2_EA_degeneracy.py	library		SymPy
qwen_claude_field_theory/fc8_closure_2026/detC_factorization.py	library		SymPy
qwen_claude_field_theory/fc8_closure_2026/detC_legendre_regularity.py	library		SymPy
qwen_claude_field_theory/fc8_closure_2026/dirac_fc8.py	library		SymPy
qwen_claude_field_theory/fc8_closure_2026/fc8_symbolic_audit.py	library		SymPy
qwen_claude_field_theory/fc8_closure_2026/ppn_fc8.py	library		SymPy
qwen_claude_field_theory/fc8_closure_2026/y0_degenerate_dirac.py	library		SymPy
qwen_claude_field_theory/fc8_closure_2026/y0_physical_hessian.py	library		SymPy
qwen_claude_field_theory/fc8_closure_2026/y0_scalar_temporal.py	library		SymPy
qwen_claude_field_theory/fried_chicken_exact_exponential_v2/scripts/verify_crossing.py	library		SymPy
qwen_claude_field_theory/fried_chicken_exact_exponential_v2/scripts/verify_exact.py	library		SymPy
qwen_claude_field_theory/fried_chicken_exact_exponential_v2/scripts/verify_nonlocal_M_crossing_2026.py	library		SymPy
qwen_claude_field_theory/fried_chicken_exact_exponential_v2/scripts/verify_stability_and_crossing.py	library		SymPy
qwen_claude_field_theory/gates_2026/gate0_dhf_reproduction_2026.py	library		SymPy
qwen_claude_field_theory/gates_2026/gate3_nSS_2026.py	library		SymPy
qwen_claude_field_theory/gates_2026/gate4c_ZE_derivation_and_a0scan_2026.py	library		SymPy
qwen_claude_field_theory/gea_closure_attempt/scripts/step1_weakfield_K.py	library		SymPy
qwen_claude_field_theory/gea_closure_attempt/scripts/step2_weakfield_eq.py	library		SymPy
qwen_claude_field_theory/gea_closure_attempt/scripts/step2b_aeth00.py	library		SymPy
qwen_claude_field_theory/gea_closure_attempt/scripts/step2c_verify.py	library		SymPy
qwen_claude_field_theory/gea_closure_attempt/scripts/step3_core_algebra.py	library		SymPy
qwen_claude_field_theory/neda_flow/gate_templates.py	library		SymPy
qwen_claude_field_theory/runs/claude/i037_dust_vorticity.py	library		SymPy
qwen_claude_field_theory/theory_2026/closure_audit_2026.py	library		SymPy
qwen_claude_field_theory/theory_2026/derive_khronon_weyl_2026.py	library		SymPy
qwen_claude_field_theory/theory_2026/efe_linearization_2026.py	library		SymPy
qwen_claude_field_theory/theory_2026/exact/route_a_hessian.py	library		SymPy
qwen_claude_field_theory/theory_2026/first_principles/hostile_attack1_eh_quadratic_2026.py	library		SymPy
qwen_claude_field_theory/theory_2026/first_principles/hostile_attack2_weyl_slip_2026.py	library		SymPy
qwen_claude_field_theory/theory_2026/first_principles/hostile_attack3_dof_scalar_2026.py	library		SymPy
qwen_claude_field_theory/theory_2026/first_principles/s2_weakfield_geometry.py	library		SymPy
qwen_claude_field_theory/theory_2026/first_principles/s4_exact_variation_fast.py	library		SymPy
qwen_claude_field_theory/theory_2026/first_principles/s4_numeric_spotcheck.py	library		SymPy
qwen_claude_field_theory/theory_2026/first_principles/s7_efe_and_identities.py	library		SymPy
qwen_claude_field_theory/theory_2026/first_principles/sec10_canonical_analysis.py	library		SymPy
qwen_claude_field_theory/theory_2026/first_principles/sec11_alpha12_preferred_frame.py	library		SymPy
qwen_claude_field_theory/theory_2026/first_principles/sec11_ppn_statics_gamma.py	library		SymPy
qwen_claude_field_theory/theory_2026/first_principles/sec12_scalar_sector.py	library		SymPy
qwen_claude_field_theory/theory_2026/first_principles/sec12_tensor_sector.py	library		SymPy
qwen_claude_field_theory/theory_2026/first_principles/sec13_flrw_background.py	library		SymPy
qwen_claude_field_theory/theory_2026/first_principles/sec14_matter_coupling_static.py	library		SymPy
qwen_claude_field_theory/theory_2026/first_principles/sec15_eft_naturalness_2026.py	library		SymPy
qwen_claude_field_theory/theory_2026/first_principles/sec3_weyl_vs_rbar_2026.py	library		SymPy
qwen_claude_field_theory/theory_2026/first_principles/sec5_6_8_mond_sector_and_rescaling_2026.py	library		SymPy
qwen_claude_field_theory/theory_2026/first_principles/sec9_ellipticity_scan.py	library		SymPy
qwen_claude_field_theory/theory_2026/first_principles/sec9_energy_functional.py	library		SymPy
qwen_claude_field_theory/theory_2026/first_principles/sec9_second_variation_symbol.py	library		SymPy
qwen_claude_field_theory/theory_2026/gen2/Aeff_scaling_2026.py	library		SymPy
qwen_claude_field_theory/theory_2026/gen2/constraint_reduced_scalar_2026.py	library		SymPy
qwen_claude_field_theory/theory_2026/gen2/gen2_adm_core_2026.py	library		SymPy
qwen_claude_field_theory/theory_2026/gen2/gen2_constraint_reduced_quadratic_2026.py	library		SymPy
qwen_claude_field_theory/theory_2026/gen2/gen2_constraint_reduced_tensor_2026.py	library		SymPy
qwen_claude_field_theory/theory_2026/gen2/gen2_shared_corner_health_2026.py	library		SymPy
qwen_claude_field_theory/theory_2026/gen2/indirect_k4_criterion_2026.py	library		SymPy
qwen_claude_field_theory/theory_2026/gen2/referee_gen2_adm_independent_2026.py	library		SymPy
qwen_claude_field_theory/theory_2026/gen2/referee_gen2_scalar_independent_2026.py	library		SymPy
qwen_claude_field_theory/theory_2026/gen2/ya_tensor_exact_2026.py	library		SymPy
qwen_claude_field_theory/theory_2026/mu_positivity_2026.py	library		SymPy
qwen_claude_field_theory/theory_2026/route2/_probe.py	library		SymPy
qwen_claude_field_theory/theory_2026/route2/route2_khronon_source_derivation_2026.py	library		SymPy
qwen_claude_field_theory/theory_2026/route2/s1_geometry_checks_2026.py	library		SymPy
qwen_claude_field_theory/theory_2026/route2/s2_khronon_source_2026.py	library		SymPy
qwen_claude_field_theory/theory_2026/route2/s3_vacuum_eval_2026.py	library		SymPy
qwen_claude_field_theory/theory_2026/route2_J0_gate_2026.py	library		SymPy
qwen_claude_field_theory/theory_2026/route2_J0_isotropy_2026.py	library		SymPy
qwen_claude_field_theory/theory_2026/route2_K_kinetic_2026.py	library		SymPy
qwen_claude_field_theory/theory_2026/route2_khronon_K_2026.py	library		SymPy
qwen_claude_field_theory/theory_2026/scg/verify_lapse_kinetic_degeneracy.py	library		SymPy
qwen_claude_field_theory/theory_2026/york/cosmology_flrw_2026.py	library		SymPy
qwen_claude_field_theory/theory_2026/york/dof_deformed_cmc_2026.py	library		SymPy
qwen_claude_field_theory/theory_2026/york/eta0_cubic_quartic_2026.py	library		SymPy
qwen_claude_field_theory/theory_2026/york/eta0_direct_dirac_2026.py	library		SymPy
qwen_claude_field_theory/theory_2026/york/frozen_dirac_degeneracy_2026.py	library		SymPy
qwen_claude_field_theory/theory_2026/york/frozen_dirac_hamiltonian_2026.py	library		SymPy
qwen_claude_field_theory/theory_2026/york/frozen_dirac_sectors_2026.py	library		SymPy
qwen_claude_field_theory/theory_2026/york/gate2_cone_gw170817_2026.py	library		SymPy
qwen_claude_field_theory/theory_2026/york/gate2_dof_preservation_2026.py	library		SymPy
qwen_claude_field_theory/theory_2026/york/gate2_hostile_referee_2026.py	library		SymPy
qwen_claude_field_theory/theory_2026/york/gate2_lensing_2026.py	library		SymPy
qwen_claude_field_theory/theory_2026/york/lapse_fixing_verify.py	library		SymPy
qwen_claude_field_theory/theory_2026/york/modified_LY_verify.py	library		SymPy
qwen_claude_field_theory/theory_2026/york/ppn_lensing_cassini_2026.py	library		SymPy
qwen_claude_field_theory/theory_2026/york/qumond_causality_2026.py	library		SymPy
qwen_claude_field_theory/theory_2026/york/qumond_causality_source_dichotomy_2026.py	library		SymPy
qwen_claude_field_theory/theory_2026/york/qumond_coupled_dirac_2026.py	library		SymPy
qwen_claude_field_theory/theory_2026/york/referee_gateE_doublecount_2026.py	library		SymPy
qwen_claude_field_theory/theory_2026/york/referee_gateF_2026.py	library		SymPy
qwen_claude_field_theory/theory_2026/york/referee_gates_BC_robustness_2026.py	library		SymPy
qwen_claude_field_theory/theory_2026/york/skeptic1_efe_cone_vs_coefficient_2026.py	library		SymPy
qwen_claude_field_theory/theory_2026/york/stability_taskG_2026.py	library		SymPy
qwen_claude_field_theory/theory_2026/york/test1_cmc_constraint_vs_dynamics_2026.py	library		SymPy
qwen_claude_field_theory/theory_2026/york/test3_cmc_selection_datum_2026.py	library		SymPy
qwen_claude_field_theory/theory_2026/york/weak_field_lensing_2026.py	library		SymPy
qwen_claude_field_theory/theory_2026/york/weak_field_taskE_2026.py	library		SymPy
qwen_claude_field_theory/theory_2026/york/york_Lclosure_dirac_2026.py	library		SymPy
qwen_claude_field_theory/theory_2026/york/york_Lclosure_global_2026.py	library		SymPy
qwen_claude_field_theory/theory_2026/york/york_efield_dof_2026.py	library		SymPy
qwen_claude_field_theory/theory_2026/york/york_efield_dof_crosscheck_2026.py	library		SymPy
qwen_claude_field_theory/theory_2026/york/york_efield_dof_referee_2026.py	library		SymPy
qwen_claude_field_theory/theory_2026/york/york_outerfield_action_2026.py	library		SymPy
qwen_claude_field_theory/theory_2026/york/york_repair_F_kernel_2026.py	library		SymPy
qwen_claude_field_theory/theory_2026/york/york_step2_closure_2026.py	library		SymPy
real_research/HOLOGRAPHIC_INERTIA_LIMIT_2026-06-26.py	library		SymPy
real_research/aest_3d_nbody/aest_field.py	library		SymPy
real_research/aest_3d_nbody/nonlinear_pump.py	library		SymPy
real_research/aest_3d_nbody/phase_gate.py	library		SymPy
real_research/aest_3d_nbody/resonant_channel.py	library		SymPy
real_research/breakthrough_review_2026_09_26/occupied/check.py	library		SymPy
real_research/breakthrough_review_2026_09_26/static/check.py	library		SymPy
real_research/breakthrough_review_2026_09_26/transport/check.py	library		SymPy
real_research/breakthrough_review_2026_09_26/vacuum/check.py	library		SymPy
real_research/bs_khronon_2026/BSK1_moving_source_gate.py	library		SymPy
real_research/bs_khronon_2026/BSK2_frw_dust_sigma8.py	library		SymPy
real_research/bs_khronon_2026/BSX2_cubic_one_scale_khronon.py	library		SymPy
real_research/bs_khronon_2026/BSX3_jeans_mass_identity_and_budget.py	library		SymPy
real_research/chk_v0_2026/CV1_nr_assembly.py	library		SymPy
real_research/chk_v0_2026/CV2_covariant_action.py	library		SymPy
real_research/chk_v0_2026/CV3_gate_varied.py	library		SymPy
real_research/chk_v0_2026/CV4_khronon_K_profile.py	library		SymPy
real_research/clock_2026/L279_quasistatic_slip_from_action.py	library		SymPy
real_research/clock_2026/L280_alpha2_reconciliation.py	library		SymPy
real_research/clock_2026/L281_ellipticity_all_y.py	library		SymPy
real_research/clock_2026/L282_scalar_dispersion_from_action.py	library		SymPy
real_research/clock_2026/L283_frw_background_and_dust_fate.py	library		SymPy
real_research/clock_2026/L284_dust_perturbations.py	library		SymPy
real_research/clock_2026/L285_dust_dispersion_numeric.py	library		SymPy
real_research/clock_2026/L286_frw_growth_wall.py	library		SymPy
real_research/clock_2026/L287_dirac_count_clock_lapse.py	library		SymPy
real_research/clock_2026/L288_frw_growth_wall.py	library		SymPy
real_research/clock_2026/L289_carrier_requirements.py	library		SymPy
real_research/clock_2026/L290_ymod_carrier.py	library		SymPy
real_research/clock_2026/L291_frw_ymod_carrier.py	library		SymPy
real_research/clock_2026/L291_frw_ymod_carrier_build1_sympy.py	library		SymPy
real_research/clock_2026/L291b_frw_ymod_carrier.py	library		SymPy
real_research/clock_2026/L298_phantom_stress_tensor.py	library		SymPy
real_research/clock_2026/L300_exact_a1_arbiter.py	library		SymPy
real_research/clock_2026/L301_exact_growth_budget.py	library		SymPy
real_research/clock_2026/L303_phantom_trace_energy.py	library		SymPy
real_research/clock_2026/L304_phantom_active_mass.py	library		SymPy
real_research/clock_2026/clock_action_build.py	library		SymPy
real_research/closure_doors_2026_09_26/action_consistency/check.py	library		SymPy
real_research/closure_doors_2026_09_26/auxiliary/weighted_heat_check.py	library		SymPy
real_research/closure_doors_2026_09_26/causal_completion/check.py	library		SymPy
real_research/closure_doors_2026_09_26/environment_gate/check_gate_adm.py	library		SymPy
real_research/closure_doors_2026_09_26/response_inertia/archive/check_degenerate_run001.py	library		SymPy
real_research/closure_doors_2026_09_26/response_inertia/check.py	library		SymPy
real_research/closure_doors_2026_09_26/response_inertia/check_degenerate.py	library		SymPy
real_research/closure_doors_2026_09_26/response_inertia/check_rankone.py	library		SymPy
real_research/closure_doors_2026_09_26/transport/fisher_bridge_check.py	library		SymPy
real_research/closure_doors_2026_09_26/transport/transport_check.py	library		SymPy
real_research/closure_push_2026_09_26/covariant_clock/check_clock.py	library		SymPy
real_research/closure_push_2026_09_26/covariant_clock/check_mond_interface.py	library		SymPy
real_research/closure_push_2026_09_26/filtered_zero_field/check.py	library		SymPy
real_research/closure_push_2026_09_26/ic27_bridge/check.py	library		SymPy
real_research/closure_push_2026_09_26/lapse_kinetic/archive/check_lapse_run001.py	library		SymPy
real_research/closure_push_2026_09_26/lapse_kinetic/archive/check_lapse_run002.py	library		SymPy
real_research/closure_push_2026_09_26/lapse_kinetic/archive/check_lapse_run003.py	library		SymPy
real_research/closure_push_2026_09_26/lapse_kinetic/archive/check_spectral_reduction_run001.py	library		SymPy
real_research/closure_push_2026_09_26/lapse_kinetic/check_integrated.py	library		SymPy
real_research/closure_push_2026_09_26/lapse_kinetic/check_lapse.py	library		SymPy
real_research/closure_push_2026_09_26/lapse_kinetic/check_offshell.py	library		SymPy
real_research/closure_push_2026_09_26/lapse_kinetic/check_ppn_gyro.py	library		SymPy
real_research/closure_push_2026_09_26/lapse_kinetic/check_spectral_reduction.py	library		SymPy
real_research/closure_push_2026_09_26/newton_normalization/archive/check_run1.py	library		SymPy
real_research/closure_push_2026_09_26/newton_normalization/check.py	library		SymPy
real_research/closure_push_2026_09_26/spectral_lapse/check.py	library		SymPy
real_research/closure_resume_2026_09_26/dark_energy_homogeneous_check.py	library		SymPy
real_research/closure_resume_2026_09_26/gate_action_check.py	library		SymPy
real_research/closure_resume_2026_09_26/recipe_followup_check.py	library		SymPy
real_research/coefficient_membrane_stress_route.py	library		SymPy
real_research/common_action_2026_09_26/action/check_action.py	library		SymPy
real_research/common_action_2026_09_26/action/check_compensated.py	library		SymPy
real_research/common_action_2026_09_26/action/check_perspective.py	library		SymPy
real_research/common_action_2026_09_26/action/check_pq.py	library		SymPy
real_research/common_action_2026_09_26/action/check_revised.py	library		SymPy
real_research/common_action_2026_09_26/assembly/convex_gate_check.py	library		SymPy
real_research/common_action_2026_09_26/assembly/energy_check.py	library		SymPy
real_research/common_action_2026_09_26/assembly/projection_check.py	library		SymPy
real_research/common_action_2026_09_26/evolution/barrier_check.py	library		SymPy
real_research/common_action_2026_09_26/evolution/carrier_check.py	library		SymPy
real_research/common_action_2026_09_26/evolution/check.py	library		SymPy
real_research/common_action_2026_09_26/evolution/cp_check.py	library		SymPy
real_research/common_action_2026_09_26/evolution/development_sources/check_run001.py	library		SymPy
real_research/common_action_2026_09_26/evolution/development_sources/check_run002.py	library		SymPy
real_research/common_action_2026_09_26/evolution/frw_check.py	library		SymPy
real_research/common_action_2026_09_26/evolution/perspective_check.py	library		SymPy
real_research/common_action_2026_09_26/evolution/pq_check.py	library		SymPy
real_research/common_action_2026_09_26/evolution/snapshots/real_research/extra_crispy_2026/XC3_filter_foliation_vertices.py	library		SymPy
real_research/common_action_2026_09_26/evolution/snapshots/real_research/extra_crispy_2026/XC5_lapse_weighted_convexity.py	library		SymPy
real_research/common_action_2026_09_26/evolution/snapshots/real_research/g03_audit_2026/L340_filtered_khronon_completion.py	library		SymPy
real_research/common_action_2026_09_26/evolution/transition_check.py	library		SymPy
real_research/common_action_2026_09_26/transport/charge_transition_check.py	library		SymPy
real_research/common_action_2026_09_26/transport/check.py	library		SymPy
real_research/common_action_2026_09_26/transport/conversion_check.py	library		SymPy
real_research/common_action_2026_09_26/transport/homogeneous_frw_check.py	library		SymPy
real_research/common_action_2026_09_26/transport/homogeneous_frw_refined_check.py	library		SymPy
real_research/cq_gravity_2026/L313_cq_rectification_lensing.py	library		SymPy
real_research/cq_gravity_2026/L314_cq_homogeneous_noise_pincer.py	library		SymPy
real_research/cross_thread_review_2026_09_26/XR11_dark_channel_gate.py	library		SymPy
real_research/cross_thread_review_2026_09_26/XR11_swirl_flow.py	library		SymPy
real_research/cross_thread_review_2026_09_26/XR12_filament_trigger.py	library		SymPy
real_research/cross_thread_review_2026_09_26/XR15_smoothed_gate.py	library		SymPy
real_research/cross_thread_review_2026_09_26/XR18_frw_yield_crossing.py	library		SymPy
real_research/cross_thread_review_2026_09_26/XR18_nonlocal_dof.py	library		SymPy
real_research/cross_thread_review_2026_09_26/XR18_second_variation.py	library		SymPy
real_research/cross_thread_review_2026_09_26/XR18_state_separator.py	library		SymPy
real_research/cross_thread_review_2026_09_26/XR18_yield_surface.py	library		SymPy
real_research/cross_thread_review_2026_09_26/XR18b_ramp_lambda.py	library		SymPy
real_research/cross_thread_review_2026_09_26/XR18b_second_variation.py	library		SymPy
real_research/cross_thread_review_2026_09_26/XR18b_symbol_channel.py	library		SymPy
real_research/cross_thread_review_2026_09_26/XR18b_yield_surfaces.py	library		SymPy
real_research/cross_thread_review_2026_09_26/XR19_front_physics.py	library		SymPy
real_research/cross_thread_review_2026_09_26/XR20_a0_lambda_tie.py	library		SymPy
real_research/cross_thread_review_2026_09_26/XR20_evolving_de_a0z.py	library		SymPy
real_research/cross_thread_review_2026_09_26/XR25_cmc_compact_objects.py	library		SymPy
real_research/cross_thread_review_2026_09_26/XR25_common.py	library		SymPy
real_research/cross_thread_review_2026_09_26/XR25_lambda_regulator.py	library		SymPy
real_research/cross_thread_review_2026_09_26/XR25_ppn_preferred_frame.py	library		SymPy
real_research/cross_thread_review_2026_09_26/XR25_pulsar_radiation.py	library		SymPy
real_research/cross_thread_review_2026_09_26/XR26_linear_equations.py	library		SymPy
real_research/cross_thread_review_2026_09_26/XR30_one_clock.py	library		SymPy
real_research/cross_thread_review_2026_09_26/XR31_k04_f6_stability.py	library		SymPy
real_research/cross_thread_review_2026_09_26/XR36_gate_action.py	library		SymPy
real_research/cross_thread_review_2026_09_26/XR3_checks.py	library		SymPy
real_research/cross_thread_review_2026_09_26/XR8_condensate_completions.py	library		SymPy
real_research/cross_thread_review_2026_09_26/XR8_order_parameter_scan.py	library		SymPy
real_research/dark_energy_2026/DE7_gate_action_term_mond_normalised.py	library		SymPy
real_research/dark_energy_inverse_2026_09_26/gates_clock/check_inverse.py	library		SymPy
real_research/dark_energy_inverse_2026_09_26/reconstruction/check.py	library		SymPy
real_research/dark_energy_inverse_2026_09_26/scales/check.py	library		SymPy
real_research/dark_energy_inverse_2026_09_26/scales/source_snapshots/kappa_closure/k01_zero_mode_theorem_and_lambda_free_vacuum.py	library		SymPy
real_research/dark_energy_inverse_2026_09_26/scales/source_snapshots/real_research/closure_push_2026_09_26/newton_normalization/check.py	library		SymPy
real_research/dark_energy_inverse_2026_09_26/scales/source_snapshots/real_research/reviews/kappa_h0_convention_audit_2026.py	library		SymPy
real_research/dark_energy_inverse_2026_09_26/spectral_inverse/check.py	library		SymPy
real_research/dark_fluid_2026/FL1_order_parameter.py	library		SymPy
real_research/dark_fluid_2026/FL2_dark_slot_with_the_kick.py	library		SymPy
real_research/dark_fluid_2026/FL3_swirl_and_the_clock.py	library		SymPy
real_research/dark_fluid_kick_2026/FK1_kick_as_phase_change.py	library		SymPy
real_research/dark_sector_2026/L345_chk_universal_carrier_pincer.py	library		SymPy
real_research/derivation_chain_2026/FP0_core_postulates.py	library		SymPy
real_research/derivation_chain_2026/FP10_internal_splitting_dark_sector.py	library		SymPy
real_research/derivation_chain_2026/FP13_separator_from_state.py	library		SymPy
real_research/derivation_chain_2026/FP14_zero_knob_core.py	library		SymPy
real_research/derivation_chain_2026/FP15_zero_knob_dark_sector.py	library		SymPy
real_research/derivation_chain_2026/FP17_screening_without_xi.py	library		SymPy
real_research/derivation_chain_2026/FP19_hs_repair.py	library		SymPy
real_research/derivation_chain_2026/FP1_static_sector.py	library		SymPy
real_research/derivation_chain_2026/FP22_who_feels_mond.py	library		SymPy
real_research/derivation_chain_2026/FP25_constructive_dark_sector.py	library		SymPy
real_research/derivation_chain_2026/FP2_relativistic_consistency.py	library		SymPy
real_research/derivation_chain_2026/FP3_cosmology_linear.py	library		SymPy
real_research/derivation_chain_2026/FP4_kick_from_action.py	library		SymPy
real_research/derivation_chain_2026/FP5_dof_and_a0_field.py	library		SymPy
real_research/derivation_chain_2026/FP6_gate_survey.py	library		SymPy
real_research/derivation_chain_2026/FP7_aqual_type_repair.py	library		SymPy
real_research/derivation_chain_2026/FP8_current_coupling_kick.py	library		SymPy
real_research/derivation_chain_2026/FP9_web_galaxy_separator.py	library		SymPy
real_research/extra_crispy_2026/XC1_strong_coupling_chk.py	library		SymPy
real_research/extra_crispy_2026/XC2_wellposedness_scoping.py	library		SymPy
real_research/extra_crispy_2026/XC3_filter_foliation_vertices.py	library		SymPy
real_research/extra_crispy_2026/XC5_lapse_weighted_convexity.py	library		SymPy
real_research/g03_audit_2026/L316_smooth_shell_lemma_audit.py	library		SymPy
real_research/g03_audit_2026/L318_causality_criterion_decides_rung3.py	library		SymPy
real_research/g03_audit_2026/L330_moving_source_momentum_gate.py	library		SymPy
real_research/g03_audit_2026/L333_c2_channel_carries_the_phantom.py	library		SymPy
real_research/g03_audit_2026/L340_filtered_khronon_completion.py	library		SymPy
real_research/g03_audit_2026/L341_chk_frw_gate.py	library		SymPy
real_research/g03_audit_2026/L342_bound_region_switch.py	library		SymPy
real_research/g03_audit_2026/L350_chk_cosmological_G_gate.py	library		SymPy
real_research/g03_audit_2026/L351_switch_gw170817_gate.py	library		SymPy
real_research/g03_audit_2026/L352_switch_gauss_compensation.py	library		SymPy
real_research/g03_audit_2026/L353_kernel_invisible_dark_component.py	library		SymPy
real_research/g03_audit_2026/L359_vacuum_gated_switch.py	library		SymPy
real_research/g03_audit_2026/L361_bound_region_kernel.py	library		SymPy
real_research/generated_phantom_2026/GP1_generated_phantom_construction.py	library		SymPy
real_research/jacobson_mond_strain/jacobson_mond_step1_stresstensor.py	library		SymPy
real_research/jacobson_mond_strain/jacobson_mond_step2_balance.py	library		SymPy
real_research/jacobson_mond_strain/jacobson_mond_step3_freeenergy.py	library		SymPy
real_research/jacobson_mond_strain/jacobson_mond_step4_matching.py	library		SymPy
real_research/jacobson_mond_strain/jacobson_mond_step5_sqrtpi.py	library		SymPy
real_research/jacobson_mond_strain/jacobson_mond_step6_strain.py	library		SymPy
real_research/jacobson_mond_strain/jacobson_mond_step7_final.py	library		SymPy
real_research/khronon_momentum_2026/KM1_khronon_carries_phantom.py	library		SymPy
real_research/khronon_momentum_2026/KM2_phantom_lag_law.py	library		SymPy
real_research/khronon_momentum_2026/KM3_chk_one_pn.py	library		SymPy
real_research/mond_sector_gate_2026/MS1_gate_variation_reciprocity.py	library		SymPy
real_research/mond_sector_gate_2026/MS5_cap_as_action_term.py	library		SymPy
real_research/ns_audit_2026/NSA1_ns_window_witness_audit.py	library		SymPy
real_research/ns_audit_2026/NSA2_acceleration_criterion.py	library		SymPy
real_research/ns_audit_2026/NSA3_damped_route_wall.py	library		SymPy
real_research/ns_audit_2026/NSA5_beta3_threshold_optimality.py	library		SymPy
real_research/ns_audit_2026/NSA7_planar_dust_breakdown.py	library		SymPy
real_research/peer_review_2026_09_26/kernel/check.py	library		SymPy
real_research/peer_review_2026_09_26/xc1/independent_checks.py	library		SymPy
real_research/peer_review_2026_09_26/xc1/independent_checks_v2.py	library		SymPy
real_research/peer_review_2026_09_26/xc1/snapshots/L340_filtered_khronon_completion.py	library		SymPy
real_research/peer_review_2026_09_26/xc1/snapshots/XC1_strong_coupling_chk.py	library		SymPy
real_research/peer_review_2026_09_26/xc2/independent_checks.py	library		SymPy
real_research/peer_review_2026_09_26/xc2/run1/script_snapshot.py	library		SymPy
real_research/reviews/AUDIT_mi_auxfield_scope_omegac_2026.py	library		SymPy
real_research/reviews/AUDIT_mi_kernel_axis_gate_2026.py	library		SymPy
real_research/reviews/AUDIT_mi_llr_drift_sign_2026.py	library		SymPy
real_research/reviews/REDERIVE_dssyk_center_edge.py	library		SymPy
real_research/reviews/Z_boundary_geometry_2026.py	library		SymPy
real_research/reviews/Z_provenance_audit_2026.py	library		SymPy
real_research/reviews/aest_locality_theta_profile.py	library		SymPy
real_research/reviews/aest_radial_aether_eom.py	library		SymPy
real_research/reviews/alpha2_linearised_solve_2026.py	library		SymPy
real_research/reviews/alpha2_literature_forensics_2026.py	library		SymPy
real_research/reviews/alpha2_regulated_limit_2026.py	library		SymPy
real_research/reviews/alpha2_wellposedness_2026.py	library		SymPy
real_research/reviews/arrow_of_time_declining_a0.py	library		SymPy
real_research/reviews/attack6_machian_spectrum.py	library		SymPy
real_research/reviews/bhstar_phase_gravity_2026_09_21/verify.py	library		SymPy
real_research/reviews/bhstar_scattering_clock_2026_09_21/density_free/verify.py	library		SymPy
real_research/reviews/boundary_dof_kappa_2026.py	library		SymPy
real_research/reviews/branchB_q2_gate_2026/laneC_tensor_efe.py	library		SymPy
real_research/reviews/branchB_q2_gate_2026/vector_elastic_w_2026/diag_indicial.py	library		SymPy
real_research/reviews/branchB_q2_gate_2026/vector_elastic_w_2026/lane1_kappat.py	library		SymPy
real_research/reviews/branchB_q2_gate_2026/vector_elastic_w_2026/lane2_beta.py	library		SymPy
real_research/reviews/branchB_q2_gate_2026/vector_elastic_w_2026/reduce_and_locate.py	library		SymPy
real_research/reviews/branchB_q2_gate_2026/vector_elastic_w_2026/routeB_micro.py	library		SymPy
real_research/reviews/c14_dictionary_validity_2026.py	library		SymPy
real_research/reviews/c14_direct_newtonian_2026.py	library		SymPy
real_research/reviews/c14_ppn_sector_2026.py	library		SymPy
real_research/reviews/chase_e6_su3_family_DIRECT.py	library		SymPy
real_research/reviews/clausius_sign_calculation.py	library		SymPy
real_research/reviews/clean_slate_field_theory.py	library		SymPy
real_research/reviews/close_coefficient_Z.py	library		SymPy
real_research/reviews/close_covariant_eom.py	library		SymPy
real_research/reviews/close_mu_from_temperature.py	library		SymPy
real_research/reviews/coherence_audit_2026_09_19/check.py	library		SymPy
real_research/reviews/coherence_audit_2026_09_19/closure_resume/cosmology/canonical_density.py	library		SymPy
real_research/reviews/coherence_audit_2026_09_19/closure_resume/cosmology/canonical_evolve.py	library		SymPy
real_research/reviews/coherence_audit_2026_09_19/closure_resume/cosmology/constant_response.py	library		SymPy
real_research/reviews/coherence_audit_2026_09_19/closure_resume/cosmology/lorentz_evolve.py	library		SymPy
real_research/reviews/coherence_audit_2026_09_19/closure_resume/cosmology/lorentz_well.py	library		SymPy
real_research/reviews/coherence_audit_2026_09_19/closure_resume/cosmology/phase_precision.py	library		SymPy
real_research/reviews/coherence_audit_2026_09_19/closure_resume/dynamic_audit/audit_dynamics.py	library		SymPy
real_research/reviews/coherence_audit_2026_09_19/closure_resume/dynamic_audit/constraints_check.py	library		SymPy
real_research/reviews/coherence_audit_2026_09_19/closure_resume/dynamic_audit/high_precision.py	library		SymPy
real_research/reviews/coherence_audit_2026_09_19/closure_resume/dynamic_audit/lorentz_well/check_well.py	library		SymPy
real_research/reviews/coherence_audit_2026_09_19/closure_resume/dynamic_audit/lorentz_well/static_witness.py	library		SymPy
real_research/reviews/coherence_audit_2026_09_19/closure_resume/dynamic_audit/phase_coordinates.py	library		SymPy
real_research/reviews/coherence_audit_2026_09_19/closure_resume/dynamic_audit/physical_coordinates.py	library		SymPy
real_research/reviews/coherence_audit_2026_09_19/closure_resume/environment/check_environment.py	library		SymPy
real_research/reviews/coherence_audit_2026_09_19/closure_resume/normalization/environment_vacuum/check_environment_vacuum.py	library		SymPy
real_research/reviews/coherence_audit_2026_09_19/closure_resume/normalization/environment_vacuum/environment_source_snapshot.py	library		SymPy
real_research/reviews/coherence_audit_2026_09_19/closure_resume/normalization/exact_normalization_audit.py	library		SymPy
real_research/reviews/coherence_audit_2026_09_19/equilibrium_check.py	library		SymPy
real_research/reviews/coherence_audit_2026_09_19/frw_repair/action_build.py	library		SymPy
real_research/reviews/coherence_audit_2026_09_19/frw_repair/adm_unitary.py	library		SymPy
real_research/reviews/coherence_audit_2026_09_19/frw_repair/background_check.py	library		SymPy
real_research/reviews/coherence_audit_2026_09_19/frw_repair/build.py	library		SymPy
real_research/reviews/coherence_audit_2026_09_19/frw_repair/evolve_local.py	library		SymPy
real_research/reviews/coherence_audit_2026_09_19/frw_repair/general_kinetic.py	library		SymPy
real_research/reviews/coherence_audit_2026_09_19/frw_repair/kinetic_independent.py	library		SymPy
real_research/reviews/coherence_audit_2026_09_19/frw_repair/minkowski_control.py	library		SymPy
real_research/reviews/coherence_audit_2026_09_19/frw_repair/reduce_adm.py	library		SymPy
real_research/reviews/coherence_audit_2026_09_19/frw_repair/response_extended.py	library		SymPy
real_research/reviews/coherence_audit_2026_09_19/frw_repair/response_n4.py	library		SymPy
real_research/reviews/coherence_audit_2026_09_19/frw_repair/response_prototype.py	library		SymPy
real_research/reviews/coherence_audit_2026_09_19/geometric_linear_check.py	library		SymPy
real_research/reviews/coherence_audit_2026_09_19/independent_matrix_check.py	library		SymPy
real_research/reviews/coherence_audit_2026_09_20/carrier_action/check_L291_source.py	library		SymPy
real_research/reviews/coherence_audit_2026_09_20/carrier_action/check_carrier.py	library		SymPy
real_research/reviews/coherence_audit_2026_09_20/carrier_bounds/check_bounds.py	library		SymPy
real_research/reviews/coherence_audit_2026_09_20/cluster_equilibrium/check_cluster.py	library		SymPy
real_research/reviews/coherence_audit_2026_09_20/major_questions/check_advection.py	library		SymPy
real_research/reviews/coherence_audit_2026_09_20/no_particle/verify.py	library		SymPy
real_research/reviews/coherence_audit_2026_09_20/pd_normalization/check_pd_normalization.py	library		SymPy
real_research/reviews/curl_sector_cluster_pricing_2026.py	library		SymPy
real_research/reviews/dQ_partial.py	library		SymPy
real_research/reviews/dS4_boundary_measure_Z_2026.py	library		SymPy
real_research/reviews/derive_aest_from_horizon.py	library		SymPy
real_research/reviews/desitter_entropy_coefficient.py	library		SymPy
real_research/reviews/door2_e6su3_lit_sweep_2026-06.py	library		SymPy
real_research/reviews/door3_bimond_canitdecline.py	library		SymPy
real_research/reviews/door3_bimond_frw_symbolic.py	library		SymPy
real_research/reviews/door3_bimond_legendre_pin.py	library		SymPy
real_research/reviews/door_e6su3_exhaust.py	library		SymPy
real_research/reviews/door_nonlinear_passivity.py	library		SymPy
real_research/reviews/door_part2.py	library		SymPy
real_research/reviews/dsunruh_d_dimensional_derivation.py	library		SymPy
real_research/reviews/esc_bbn_2026.py	library		SymPy
real_research/reviews/esc_gw_amplitude_2026.py	library		SymPy
real_research/reviews/esc_s_window_2026.py	library		SymPy
real_research/reviews/eta_invariant_reality_check.py	library		SymPy
real_research/reviews/exceptional_geometry_to_SM_verify.py	library		SymPy
real_research/reviews/executioner_Z_convention_sweep_2026.py	library		SymPy
real_research/reviews/factor_of_four_second_quarter_test.py	library		SymPy
real_research/reviews/family_su3_koide.py	library		SymPy
real_research/reviews/family_su3_texture.py	library		SymPy
real_research/reviews/fc_final_Y0_dirac_route_a_2026.py	library		SymPy
real_research/reviews/feynman_period_side.py	library		SymPy
real_research/reviews/field_orbit_reciprocity_2026_09_20/verify.py	library		SymPy
real_research/reviews/framework_selfdualities.py	library		SymPy
real_research/reviews/freefall_clock_rigor_audit.py	library		SymPy
real_research/reviews/front2_fullmach_selfconsistency.py	library		SymPy
real_research/reviews/gamma_th_blind/audit_partA_udw.py	library		SymPy
real_research/reviews/gamma_th_blind/audit_partC_cancellation.py	library		SymPy
real_research/reviews/hopf_aether_check.py	library		SymPy
real_research/reviews/jwst_cap_attempt_audit_2026_09_22/3435a8a3125d4183bfbc5a9bd209e62c.py	library		SymPy
real_research/reviews/jwst_cap_attempt_audit_2026_09_22/verify.py	library		SymPy
real_research/reviews/jwst_martingale_audit_2026_09_22/boundary/verify.py	library		SymPy
real_research/reviews/jwst_martingale_audit_2026_09_22/generator/verify.py	library		SymPy
real_research/reviews/jwst_martingale_audit_2026_09_22/particular/verify.py	library		SymPy
real_research/reviews/jwst_martingale_audit_2026_09_22/verify.py	library		SymPy
real_research/reviews/jwst_opacity_cap_theorem_2026_09_22/qwen_audit_0942/candidate.py	library		SymPy
real_research/reviews/jwst_opacity_cap_theorem_2026_09_22/qwen_audit_0942/replay.py	library		SymPy
real_research/reviews/jwst_opacity_cap_theorem_2026_09_22/verify.py	library		SymPy
real_research/reviews/jwst_path_control_audit_2026_09_22/candidate.py	library		SymPy
real_research/reviews/jwst_radial_variance_audit_2026_09_22/analytic/verify.py	library		SymPy
real_research/reviews/jwst_radial_variance_audit_2026_09_22/analytic/verify_v2.py	library		SymPy
real_research/reviews/jwst_radial_variance_audit_2026_09_22/no_floor/verify.py	library		SymPy
real_research/reviews/jwst_radial_variance_audit_2026_09_22/verify.py	library		SymPy
real_research/reviews/kappa_h0_convention_audit_2026.py	library		SymPy
real_research/reviews/kappa_selection_2026_09_21/verify.py	library		SymPy
real_research/reviews/kappa_unit_response_2026_09_20/verify.py	library		SymPy
real_research/reviews/kb_small_limit_safety_2026.py	library		SymPy
real_research/reviews/kernel_2026_07/d1_kernel_inversion.py	library		SymPy
real_research/reviews/koide_anomaly_selector_construct.py	library		SymPy
real_research/reviews/koide_circularity_INDEP_verify.py	library		SymPy
real_research/reviews/koide_mechanism_audit.py	library		SymPy
real_research/reviews/koide_missing_ingredient.py	library		SymPy
real_research/reviews/koide_new_construction.py	library		SymPy
real_research/reviews/koide_quadrature_sqrt2.py	library		SymPy
real_research/reviews/koide_response_construct.py	library		SymPy
real_research/reviews/koide_transition_map.py	library		SymPy
real_research/reviews/koide_two_sqrt2.py	library		SymPy
real_research/reviews/koide_twoflavon_cone_construct.py	library		SymPy
real_research/reviews/labels_close/INDEP_cfactor_settle.py	library		SymPy
real_research/reviews/labels_close/INDEP_dQ_careful.py	library		SymPy
real_research/reviews/labels_close/INDEP_stability_final.py	library		SymPy
real_research/reviews/labels_close/INDEP_theta_two_metrics.py	library		SymPy
real_research/reviews/labels_close/INDEP_theta_with_tilt_exact.py	library		SymPy
real_research/reviews/labels_close/INDEP_tilt_energy.py	library		SymPy
real_research/reviews/labels_close/REDERIVE_dssyk_center_edge.py	library		SymPy
real_research/reviews/labels_close/aest_tilt_Q_robustness.py	library		SymPy
real_research/reviews/labels_close/aest_tilt_energy_functional.py	library		SymPy
real_research/reviews/labels_close/aest_tilt_eom_part1_symbolic.py	library		SymPy
real_research/reviews/labels_close/aest_tilt_eom_part4_source_check.py	library		SymPy
real_research/reviews/labels_close/aest_tilt_leading_and_sizing.py	library		SymPy
real_research/reviews/labels_close/approachB_deconfinement_decisive.py	library		SymPy
real_research/reviews/labels_close/spectral_placement_v_audit.py	library		SymPy
real_research/reviews/mass_fdr/attack5_fdr.py	library		SymPy
real_research/reviews/mi_2Z_is_the_friedmann_root_2026.py	library		SymPy
real_research/reviews/mi_N_count_and_kappa_iff_2026.py	library		SymPy
real_research/reviews/mi_PX_field_sector_2026.py	library		SymPy
real_research/reviews/mi_a0_bump_health_2026.py	library		SymPy
real_research/reviews/mi_a0_bump_response_2026.py	library		SymPy
real_research/reviews/mi_a0_footing_selection_2026.py	library		SymPy
real_research/reviews/mi_a0_from_one_line_2026.py	library		SymPy
real_research/reviews/mi_a0_profile_likelihood_sparc_2026.py	library		SymPy
real_research/reviews/mi_a0_sensitivity_survey_2026.py	library		SymPy
real_research/reviews/mi_a0z_r_blindness_2026.py	library		SymPy
real_research/reviews/mi_action_eom_vs_rar_2026.py	library		SymPy
real_research/reviews/mi_action_reformulation_nogo_2026.py	library		SymPy
real_research/reviews/mi_aest_entropy_discriminator_2026.py	library		SymPy
real_research/reviews/mi_aest_full_matrix_bump_2026.py	library		SymPy
real_research/reviews/mi_aest_jeans_nonlinear_verdict_2026.py	library		SymPy
real_research/reviews/mi_alpha1_and_screening_squeeze_2026.py	library		SymPy
real_research/reviews/mi_alpha1_exclusive_class_audit_2026.py	library		SymPy
real_research/reviews/mi_alpha1_solar_system_2026.py	library		SymPy
real_research/reviews/mi_alpha2_costs_the_kernel_derivation_2026.py	library		SymPy
real_research/reviews/mi_alpha2_migration_2026.py	library		SymPy
real_research/reviews/mi_auxfield_exact_circular_2026.py	library		SymPy
real_research/reviews/mi_boundedness_thread_closed_2026.py	library		SymPy
real_research/reviews/mi_cassini_q2_omegac_2026.py	library		SymPy
real_research/reviews/mi_cauchy_wellposed_2026/cauchy_compute.py	library		SymPy
real_research/reviews/mi_cauchy_wellposed_2026/causal_retarded.py	library		SymPy
real_research/reviews/mi_cauchy_wellposed_2026/setupB_sign_adversarial.py	library		SymPy
real_research/reviews/mi_cauchy_wellposed_2026/setupB_spectral_ghost.py	library		SymPy
real_research/reviews/mi_cauchy_wellposed_2026/setupC_spectral.py	library		SymPy
real_research/reviews/mi_channelA_friedmann_2026.py	library		SymPy
real_research/reviews/mi_clocks_atominterferometry_2026.py	library		SymPy
real_research/reviews/mi_closure_vs_action_gap_2026.py	library		SymPy
real_research/reviews/mi_com_eccentric_2026.py	library		SymPy
real_research/reviews/mi_condensate_vacuum_energy_a0_2026.py	library		SymPy
real_research/reviews/mi_cosmo_perturbations_2026.py	library		SymPy
real_research/reviews/mi_crossover_master_formula_2026.py	library		SymPy
real_research/reviews/mi_ctp_variational_2026.py	library		SymPy
real_research/reviews/mi_cubic_noise_ctp_2026.py	library		SymPy
real_research/reviews/mi_cubic_noise_drift_2026.py	library		SymPy
real_research/reviews/mi_darksector_frame_closes_2026.py	library		SymPy
real_research/reviews/mi_dbi_khronon_2026.py	library		SymPy
real_research/reviews/mi_dcac_branch_settled_2026.py	library		SymPy
real_research/reviews/mi_dcac_branch_verdict_withdrawn_2026.py	library		SymPy
real_research/reviews/mi_dcac_split_settled_2026.py	library		SymPy
real_research/reviews/mi_deser_levin_interpolation_2026.py	library		SymPy
real_research/reviews/mi_disformal_completion_2026.py	library		SymPy
real_research/reviews/mi_disformal_tail_freedom_2026.py	library		SymPy
real_research/reviews/mi_dragged_frame_consolidation_2026.py	library		SymPy
real_research/reviews/mi_drift_magnitude_audit_2026.py	library		SymPy
real_research/reviews/mi_drift_sign_forced_or_posited_2026.py	library		SymPy
real_research/reviews/mi_dwarf_efe_maths_audit_2026.py	library		SymPy
real_research/reviews/mi_efe_escape_and_ch23_withdrawn_2026.py	library		SymPy
real_research/reviews/mi_eigenvalue_a2_operator_nogo_2026.py	library		SymPy
real_research/reviews/mi_ephemeris_and_action_pincer_2026.py	library		SymPy
real_research/reviews/mi_ephemeris_omegac_edge_2026.py	library		SymPy
real_research/reviews/mi_eps_tot_mode_counting_verdict_2026.py	library		SymPy
real_research/reviews/mi_family4_variational_nogo_2026.py	library		SymPy
real_research/reviews/mi_finsler_null_cone_2026.py	library		SymPy
real_research/reviews/mi_form3_cpt_even_and_lambda_bound_2026.py	library		SymPy
real_research/reviews/mi_formal_completion_2026/A10_dirac_block.py	library		SymPy
real_research/reviews/mi_formal_completion_2026/A6b_higher_n.py	library		SymPy
real_research/reviews/mi_formal_completion_2026/constraint_structure.py	library		SymPy
real_research/reviews/mi_formal_completion_2026/crux_variation_check.py	library		SymPy
real_research/reviews/mi_formal_completion_2026/graviton_census_2loop/sib3_causalKL-loop-assemble_1_twomomentum_vertex_highn.py	library		SymPy
real_research/reviews/mi_formal_completion_2026/graviton_census_2loop/sib3_causalKL-loop-assemble_2_Sigma_perp_pstruct_and_analytic.py	library		SymPy
real_research/reviews/mi_formal_completion_2026/graviton_census_2loop/sib3_f2-alln-rigor_1_framesymbol_recursion.py	library		SymPy
real_research/reviews/mi_formal_completion_2026/graviton_census_2loop/sib3_verify_OUT_break3_job.py	library		SymPy
real_research/reviews/mi_formal_completion_2026/graviton_census_2loop/sib3_verify_causalKL-loop-assemble_highn-p2-hunt_1_mine.py	library		SymPy
real_research/reviews/mi_formal_completion_2026/graviton_census_2loop/sib3_verify_causalKL-loop-assemble_highn-p2-hunt_2_mine_independent.py	library		SymPy
real_research/reviews/mi_formal_completion_2026/graviton_census_2loop/sib3_verify_causalKL-loop-assemble_induction-loop-audit_1_offaxis_n4_and_sens.py	library		SymPy
real_research/reviews/mi_formal_completion_2026/graviton_census_2loop/sib3_verify_causalKL-loop-assemble_induction-loop-audit_2_qcontent_and_tadpole.py	library		SymPy
real_research/reviews/mi_formal_completion_2026/graviton_census_2loop/sib3_verify_causalKL-loop-assemble_induction-loop-audit_MINE_1_generalp.py	library		SymPy
real_research/reviews/mi_formal_completion_2026/graviton_census_2loop/sib3_verify_f2-alln-rigor_highn-p2-hunt_1_fullvector_offaxis.py	library		SymPy
real_research/reviews/mi_formal_completion_2026/graviton_census_2loop/sib3_verify_f2-alln-rigor_highn-p2-hunt_2_fullvector_symbol_highn.py	library		SymPy
real_research/reviews/mi_formal_completion_2026/graviton_census_2loop/sib3_verify_f2-alln-rigor_highn-p2-hunt_MINE.py	library		SymPy
real_research/reviews/mi_formal_completion_2026/graviton_census_2loop/sib3_verify_f2-alln-rigor_highn-p2-hunt_MINE2.py	library		SymPy
real_research/reviews/mi_formal_completion_2026/graviton_census_2loop/sib3_verify_f2-alln-rigor_induction-loop-audit_1_realtensor_highn.py	library		SymPy
real_research/reviews/mi_formal_completion_2026/graviton_census_2loop/sib3_verify_f2-alln-rigor_induction-loop-audit_3_n4_realtensor.py	library		SymPy
real_research/reviews/mi_formal_completion_2026/graviton_census_2loop/sib3_verify_f2-alln-rigor_induction-loop-audit_4_dx_sources.py	library		SymPy
real_research/reviews/mi_formal_completion_2026/graviton_census_2loop/sib3_verify_f2-alln-rigor_induction-loop-audit_5_pmomentum.py	library		SymPy
real_research/reviews/mi_formal_completion_2026/graviton_census_2loop/sib3_verify_f2-alln-rigor_induction-loop-audit_6_n45_ppoly.py	library		SymPy
real_research/reviews/mi_formal_completion_2026/graviton_census_2loop/sib3_verify_f2-alln-rigor_induction-loop-audit_7_uxflow_move.py	library		SymPy
real_research/reviews/mi_formal_completion_2026/graviton_census_2loop/sib3_verify_f2-alln-rigor_induction-loop-audit_8_indep_fulltensor_n4.py	library		SymPy
real_research/reviews/mi_formal_completion_2026/graviton_census_2loop/sib3_verify_f2-alln-rigor_induction-loop-audit_9_n4_pushcas.py	library		SymPy
real_research/reviews/mi_formal_completion_2026/graviton_census_2loop/sib3_verify_vertex-alln_highn-p2-hunt_1_frame_mom_along_y.py	library		SymPy
real_research/reviews/mi_formal_completion_2026/graviton_census_2loop/sib3_verify_vertex-alln_highn-p2-hunt_1_independent_CAS.py	library		SymPy
real_research/reviews/mi_formal_completion_2026/graviton_census_2loop/sib3_verify_vertex-alln_highn-p2-hunt_2_frameleg_ptrace.py	library		SymPy
real_research/reviews/mi_formal_completion_2026/graviton_census_2loop/sib3_verify_vertex-alln_highn-p2-hunt_2_sensitivity_and_n4.py	library		SymPy
real_research/reviews/mi_formal_completion_2026/graviton_census_2loop/sib3_verify_vertex-alln_highn-p2-hunt_3_gravitoninject_and_rationing.py	library		SymPy
real_research/reviews/mi_formal_completion_2026/graviton_census_2loop/sib3_verify_vertex-alln_induction-loop-audit_10_invariant.py	library		SymPy
real_research/reviews/mi_formal_completion_2026/graviton_census_2loop/sib3_verify_vertex-alln_induction-loop-audit_11_deepn.py	library		SymPy
real_research/reviews/mi_formal_completion_2026/graviton_census_2loop/sib3_verify_vertex-alln_induction-loop-audit_1_probe_coupling.py	library		SymPy
real_research/reviews/mi_formal_completion_2026/graviton_census_2loop/sib3_verify_vertex-alln_induction-loop-audit_1_rawmomenta_parity_strip.py	library		SymPy
real_research/reviews/mi_formal_completion_2026/graviton_census_2loop/sib3_verify_vertex-alln_induction-loop-audit_2_F2break_diagnose.py	library		SymPy
real_research/reviews/mi_formal_completion_2026/graviton_census_2loop/sib3_verify_vertex-alln_induction-loop-audit_2_pstruct_meaning.py	library		SymPy
real_research/reviews/mi_formal_completion_2026/graviton_census_2loop/sib3_verify_vertex-alln_induction-loop-audit_3_myown_n3_gradients.py	library		SymPy
real_research/reviews/mi_formal_completion_2026/graviton_census_2loop/sib3_verify_vertex-alln_induction-loop-audit_3_where_is_p.py	library		SymPy
real_research/reviews/mi_formal_completion_2026/graviton_census_2loop/sib3_verify_vertex-alln_induction-loop-audit_4_extractor_sanity_and_frameinject.py	library		SymPy
real_research/reviews/mi_formal_completion_2026/graviton_census_2loop/sib3_verify_vertex-alln_induction-loop-audit_4_mechanism.py	library		SymPy
real_research/reviews/mi_formal_completion_2026/graviton_census_2loop/sib3_verify_vertex-alln_induction-loop-audit_5_migration.py	library		SymPy
real_research/reviews/mi_formal_completion_2026/graviton_census_2loop/sib3_verify_vertex-alln_induction-loop-audit_6_migration_1grav.py	library		SymPy
real_research/reviews/mi_formal_completion_2026/graviton_census_2loop/sib3_verify_vertex-alln_induction-loop-audit_7_migration_clean.py	library		SymPy
real_research/reviews/mi_formal_completion_2026/graviton_census_2loop/sib3_verify_vertex-alln_induction-loop-audit_8_breakF2_p2on.py	library		SymPy
real_research/reviews/mi_formal_completion_2026/graviton_census_2loop/sib3_verify_vertex-alln_induction-loop-audit_9_reconcile_break.py	library		SymPy
real_research/reviews/mi_formal_completion_2026/graviton_census_2loop/sib3_vertex-alln_1_pstructure_n1to5.py	library		SymPy
real_research/reviews/mi_formal_completion_2026/mi_disformal_ghostfree.py	library		SymPy
real_research/reviews/mi_formal_completion_2026/mi_disformal_lensing.py	library		SymPy
real_research/reviews/mi_formal_completion_2026/mi_disformal_locality.py	library		SymPy
real_research/reviews/mi_formal_completion_2026/mi_disformal_ostrogradsky.py	library		SymPy
real_research/reviews/mi_formal_completion_2026/mi_lensing_doublecount_audit.py	library		SymPy
real_research/reviews/mi_formal_completion_2026/mi_lensing_from_stress_tensor.py	library		SymPy
real_research/reviews/mi_formal_completion_2026/mi_oneloop_desitter.py	library		SymPy
real_research/reviews/mi_formal_completion_2026/mi_oneloop_selection.py	library		SymPy
real_research/reviews/mi_formal_completion_2026/oneloop_laneA_divergences.py	library		SymPy
real_research/reviews/mi_formal_completion_2026/oneloop_laneB_mixing.py	library		SymPy
real_research/reviews/mi_formal_completion_2026/operator_definition.py	library		SymPy
real_research/reviews/mi_formal_completion_2026/principal_symbol_blockdiag.py	library		SymPy
real_research/reviews/mi_formal_completion_2026/stability.py	library		SymPy
real_research/reviews/mi_formal_completion_2026/transverse_mode_analysis.py	library		SymPy
real_research/reviews/mi_formal_completion_2026/twoloop_aether_resolution.py	library		SymPy
real_research/reviews/mi_formal_completion_2026/twoloop_graviton_TTloop.py	library		SymPy
real_research/reviews/mi_formal_completion_2026/twoloop_graviton_kperp_rationing_alln.py	library		SymPy
real_research/reviews/mi_formal_completion_2026/twoloop_graviton_qfree_diagnosis.py	library		SymPy
real_research/reviews/mi_formal_completion_2026/twoloop_graviton_seagull_vertex.py	library		SymPy
real_research/reviews/mi_formal_completion_2026/twoloop_laneA_finite.py	library		SymPy
real_research/reviews/mi_formal_completion_2026/twoloop_laneC_a0.py	library		SymPy
real_research/reviews/mi_formal_completion_2026/twoloop_ordering_fork.py	library		SymPy
real_research/reviews/mi_gate_herglotz_admissibility_2026.py	library		SymPy
real_research/reviews/mi_geometric_lock_embedding_2026.py	library		SymPy
real_research/reviews/mi_geometric_lock_entropy_2026.py	library		SymPy
real_research/reviews/mi_geometric_lock_price_2026.py	library		SymPy
real_research/reviews/mi_ghost_analysis_nonlocal_2026.py	library		SymPy
real_research/reviews/mi_ghost_rotframe_verdict_2026.py	library		SymPy
real_research/reviews/mi_goldstone_ward_2026.py	library		SymPy
real_research/reviews/mi_graviton_bath_ctp_2026.py	library		SymPy
real_research/reviews/mi_growth_amplification_founded_2026.py	library		SymPy
real_research/reviews/mi_growth_kernel_argument_audit_2026.py	library		SymPy
real_research/reviews/mi_gw_ppn_gauntlet_2026.py	library		SymPy
real_research/reviews/mi_hierarchy_falsifier_routeC_2026.py	library		SymPy
real_research/reviews/mi_ic_route_1mpc_confrontation_2026.py	library		SymPy
real_research/reviews/mi_index_multiplicity_half_2026.py	library		SymPy
real_research/reviews/mi_joint_overdetermination_2026.py	library		SymPy
real_research/reviews/mi_kappa_D_dependence_rigidity_2026.py	library		SymPy
real_research/reviews/mi_kappa_error_budget_unlock_2026.py	library		SymPy
real_research/reviews/mi_kappa_from_dimension_2026.py	library		SymPy
real_research/reviews/mi_kernel_axis_separation_omegac_2026.py	library		SymPy
real_research/reviews/mi_kernel_localisation_2026.py	library		SymPy
real_research/reviews/mi_khronon_covariantisation_2026.py	library		SymPy
real_research/reviews/mi_khronon_delta_sector_static_2026.py	library		SymPy
real_research/reviews/mi_khronon_spin0_health_2026.py	library		SymPy
real_research/reviews/mi_khronon_strong_coupling_scale_2026.py	library		SymPy
real_research/reviews/mi_kinetic_completion_2026/aether_ppn_corner.py	library		SymPy
real_research/reviews/mi_kinetic_completion_2026/kinetic_compute.py	library		SymPy
real_research/reviews/mi_kinetic_completion_2026/mi_backreaction.py	library		SymPy
real_research/reviews/mi_kinetic_completion_2026/refute_mond_vs_inert.py	library		SymPy
real_research/reviews/mi_kinetic_completion_2026/refute_wellposed.py	library		SymPy
real_research/reviews/mi_kms_dressing_and_superohmic_2026.py	library		SymPy
real_research/reviews/mi_koide_parameter_count_2026.py	library		SymPy
real_research/reviews/mi_lambda_inversion_z_test_2026.py	library		SymPy
real_research/reviews/mi_laneA_moment_window_alpha2_2026.py	library		SymPy
real_research/reviews/mi_law_is_nonvariational_2026.py	library		SymPy
real_research/reviews/mi_lensing_axis_2026.py	library		SymPy
real_research/reviews/mi_llr_drift_sign_2026.py	library		SymPy
real_research/reviews/mi_local_floor_target_2026.py	library		SymPy
real_research/reviews/mi_local_presentation_grading_2026.py	library		SymPy
real_research/reviews/mi_local_source_for_K_2026.py	library		SymPy
real_research/reviews/mi_loop_edge_alpha2_measure_2026.py	library		SymPy
real_research/reviews/mi_lorentz_mode_sum_2026.py	library		SymPy
real_research/reviews/mi_luo2602_composition_vs_alpha1_2026.py	library		SymPy
real_research/reviews/mi_machian_frame_routeA_2026.py	library		SymPy
real_research/reviews/mi_microscope_wep_2026.py	library		SymPy
real_research/reviews/mi_nariai_doors_2026.py	library		SymPy
real_research/reviews/mi_nariai_forcing_2026.py	library		SymPy
real_research/reviews/mi_noncircular_ctp_eom_2026.py	library		SymPy
real_research/reviews/mi_nonlocal_amplitude_nogo_2026.py	library		SymPy
real_research/reviews/mi_nonquadratic_u_escape_2026.py	library		SymPy
real_research/reviews/mi_nonuniform_pullback.py	library		SymPy
real_research/reviews/mi_number_field_local_presentation_2026.py	library		SymPy
real_research/reviews/mi_number_field_theorem_2026.py	library		SymPy
real_research/reviews/mi_offcircular_action_2026.py	library		SymPy
real_research/reviews/mi_offcircular_closure_collapse_2026.py	library		SymPy
real_research/reviews/mi_offcircular_completion.py	library		SymPy
real_research/reviews/mi_offcircular_completion_SPEC.py	library		SymPy
real_research/reviews/mi_omegac_drift_sign_energy_2026.py	library		SymPy
real_research/reviews/mi_omegac_edges_closure_2026.py	library		SymPy
real_research/reviews/mi_one_line_action_2026.py	library		SymPy
real_research/reviews/mi_optical_depth_lever_2026.py	library		SymPy
real_research/reviews/mi_orbital_q_selfaudit_2026.py	library		SymPy
real_research/reviews/mi_orbital_unruh_conformal_2026.py	library		SymPy
real_research/reviews/mi_orbital_unruh_gems_2026.py	library		SymPy
real_research/reviews/mi_particle_vs_mode_2026.py	library		SymPy
real_research/reviews/mi_pi_free_area_2026.py	library		SymPy
real_research/reviews/mi_point_particle_limit_2026.py	library		SymPy
real_research/reviews/mi_prereg_gext_argument_audit_2026.py	library		SymPy
real_research/reviews/mi_propagator_2026/K_formfactor_poles.py	library		SymPy
real_research/reviews/mi_propagator_2026/dispersion_setup.py	library		SymPy
real_research/reviews/mi_propagator_2026/ghost_test_v2.py	library		SymPy
real_research/reviews/mi_propagator_2026/propagator_compute.py	library		SymPy
real_research/reviews/mi_propagator_2026/refute_strongcoupling.py	library		SymPy
real_research/reviews/mi_propagator_2026/setupC_applicability.py	library		SymPy
real_research/reviews/mi_psi_search_r2Z_2026.py	library		SymPy
real_research/reviews/mi_pulsar_pta_precision_ledger_2026.py	library		SymPy
real_research/reviews/mi_q1_efe_order_count_2026.py	library		SymPy
real_research/reviews/mi_q2_dc_or_orbital_2026.py	library		SymPy
real_research/reviews/mi_quasistatic_efe_multipoles_2026.py	library		SymPy
real_research/reviews/mi_r_one_parameter_nogo_paper_2026.py	library		SymPy
real_research/reviews/mi_rapidity_kernel_solved_2026.py	library		SymPy
real_research/reviews/mi_realization_ladder_2026.py	library		SymPy
real_research/reviews/mi_relativistic_completion_aest_2026.py	library		SymPy
real_research/reviews/mi_response_kernel_arithmetic_2026.py	library		SymPy
real_research/reviews/mi_roundtrip_factor2_2026.py	library		SymPy
real_research/reviews/mi_routeA_admissibility_audit_2026.py	library		SymPy
real_research/reviews/mi_route_a_efe_dipole_resolve_2026.py	library		SymPy
real_research/reviews/mi_route_a_field_theory_2026.py	library		SymPy
real_research/reviews/mi_route_a_mi_vs_mg_separation_2026.py	library		SymPy
real_research/reviews/mi_route_a_wb_gamma_v_2026.py	library		SymPy
real_research/reviews/mi_route_d_dragged_frame_nogo_2026.py	library		SymPy
real_research/reviews/mi_scalar_condensate_proposal_audit_2026.py	library		SymPy
real_research/reviews/mi_scale_bridging_2026.py	library		SymPy
real_research/reviews/mi_shift_charge_clustering_2026.py	library		SymPy
real_research/reviews/mi_shift_charge_ic_route_2026.py	library		SymPy
real_research/reviews/mi_sign_from_perturbation_drift_2026.py	library		SymPy
real_research/reviews/mi_sme_bridge_alpha2_2026.py	library		SymPy
real_research/reviews/mi_sourced_kernel_evasion_2026.py	library		SymPy
real_research/reviews/mi_state_clause/gauntlet1_lehmann_ness.py	library		SymPy
real_research/reviews/mi_state_clause/gauntlet3_saturation.py	library		SymPy
real_research/reviews/mi_state_clause/gauntlet4_gates.py	library		SymPy
real_research/reviews/mi_state_clause/verify3_saturation_data.py	library		SymPy
real_research/reviews/mi_step3_joint_field_equations_2026.py	library		SymPy
real_research/reviews/mi_strongcoupling_framework_2026/adjudicate.py	library		SymPy
real_research/reviews/mi_strongcoupling_framework_2026/applicability.py	library		SymPy
real_research/reviews/mi_strongcoupling_framework_2026/constraint_analysis.py	library		SymPy
real_research/reviews/mi_strongcoupling_framework_2026/q0_passive_or_dynamical.py	library		SymPy
real_research/reviews/mi_strongcoupling_framework_2026/refute_passive.py	library		SymPy
real_research/reviews/mi_strongcoupling_framework_2026/window_compute.py	library		SymPy
real_research/reviews/mi_structural_theorems_v3_kernel_mixing_2026.py	library		SymPy
real_research/reviews/mi_structural_theorems_v3_numbers_2026.py	library		SymPy
real_research/reviews/mi_stx_alpha2_collapse_2026.py	library		SymPy
real_research/reviews/mi_stx_route_a_retirement_2026.py	library		SymPy
real_research/reviews/mi_synthesis_crosscheck_2026.py	library		SymPy
real_research/reviews/mi_theorem3_corrected_proof_2026.py	library		SymPy
real_research/reviews/mi_theorem8_redone_alpha2_2026.py	library		SymPy
real_research/reviews/mi_theta_efe_from_closure_2026.py	library		SymPy
real_research/reviews/mi_third_category_search_2026.py	library		SymPy
real_research/reviews/mi_three_corrections_priorart_2026.py	library		SymPy
real_research/reviews/mi_tree_backreaction_2026.py	library		SymPy
real_research/reviews/mi_two_function_restmass_fix_2026.py	library		SymPy
real_research/reviews/mi_twoloop_alpha2_transfer_2026.py	library		SymPy
real_research/reviews/mi_unimodality_axiom_2026.py	library		SymPy
real_research/reviews/mi_vector_drag_corner_2026.py	library		SymPy
real_research/reviews/mi_vertical_force_resolved_2026.py	library		SymPy
real_research/reviews/mi_virialisation_verdict_2026.py	library		SymPy
real_research/reviews/mi_wald_entropy_normalisation_2026.py	library		SymPy
real_research/reviews/mi_wightman_first_moment_2026.py	library		SymPy
real_research/reviews/mi_zeropoint_interference_audit_2026.py	library		SymPy
real_research/reviews/no_dm_roads_2026/woodard_q2_audit_localization.py	library		SymPy
real_research/reviews/no_dm_roads_2026/woodard_q2_lane1_reduction.py	library		SymPy
real_research/reviews/nonequil_a0z/door_neq_a0z.py	library		SymPy
real_research/reviews/nonequil_a0z/door_neq_part2.py	library		SymPy
real_research/reviews/nonequil_a0z/door_neq_part4.py	library		SymPy
real_research/reviews/nonlinear_external_field_tail_2026_09_21/verify.py	library		SymPy
real_research/reviews/nonlocal_MI/build1_galley_memory_kernel.py	library		SymPy
real_research/reviews/nonlocal_MI/build3_covariant_formfactor.py	library		SymPy
real_research/reviews/nonlocal_MI/build4_coarsegrain_to_field.py	library		SymPy
real_research/reviews/nonlocal_MI/build4b_maxwell_nonproduction.py	library		SymPy
real_research/reviews/nonlocal_MI/build5_coarsegrain_IF2_to_aest.py	library		SymPy
real_research/reviews/nonlocal_MI/build_part1_worldline_to_field.py	library		SymPy
real_research/reviews/nonlocal_MI/build_part2_aest_match.py	library		SymPy
real_research/reviews/nonlocal_MI/build_part3_truncation_cassini.py	library		SymPy
real_research/reviews/nonlocal_MI/match_build1_coarsegrain_to_aest.py	library		SymPy
real_research/reviews/nonlocal_MI/routeA_field_formfactor.py	library		SymPy
real_research/reviews/nonlocal_MI/routeE/routeE_galley_field_theory.py	library		SymPy
real_research/reviews/nonstationary_2026_07/laneA_nonlinear_boundary.py	library		SymPy
real_research/reviews/nonstationary_2026_07/laneA_symbolic_state_blindness.py	library		SymPy
real_research/reviews/nonstationary_2026_07/laneC_finite_time_response.py	library		SymPy
real_research/reviews/nonstationary_2026_07/verify_B_structured_adversarial.py	library		SymPy
real_research/reviews/nonstationary_2026_07/verify_C_luo_adversarial.py	library		SymPy
real_research/reviews/number_field_split_flavor.py	library		SymPy
real_research/reviews/open_doors_2026_07/kk_loop_effective_action.py	library		SymPy
real_research/reviews/open_doors_2026_07/mi_oneloop_tt_vertex_all_n.py	library		SymPy
real_research/reviews/opt1_cmb_2026.py	library		SymPy
real_research/reviews/opt1_construction_2026.py	library		SymPy
real_research/reviews/opt1_gates_2026.py	library		SymPy
real_research/reviews/opt1_legality_2026.py	library		SymPy
real_research/reviews/orbital_shape_law_2026_09_20/verify.py	library		SymPy
real_research/reviews/particle_free_validation_2026_09_20/precision_budget.py	library		SymPy
real_research/reviews/period_ring_obstruction_2026.py	library		SymPy
real_research/reviews/posit_algebra.py	library		SymPy
real_research/reviews/posit_horizon.py	library		SymPy
real_research/reviews/posit_symmetry.py	library		SymPy
real_research/reviews/ppn_alpha_independent_check_2026.py	library		SymPy
real_research/reviews/ppn_newtonian_lambda_diag_2026.py	library		SymPy
real_research/reviews/ppn_newtonian_radial_2026.py	library		SymPy
real_research/reviews/ppn_newtonian_screened_eft_2026.py	library		SymPy
real_research/reviews/ppn_newtonian_wkb_2026.py	library		SymPy
real_research/reviews/ppn_scalar_retained_2026.py	library		SymPy
real_research/reviews/ppn_verify_blind_rederive_2026.py	library		SymPy
real_research/reviews/ppn_verify_g0i_channel_2026.py	library		SymPy
real_research/reviews/ppn_verify_gradient_A_2026.py	library		SymPy
real_research/reviews/ppn_verify_transcription_2026.py	library		SymPy
real_research/reviews/project03_apparent_vs_event_theory.py	library		SymPy
real_research/reviews/project03d_aether_stiffness.py	library		SymPy
real_research/reviews/project05_modified_inertia_action.py	library		SymPy
real_research/reviews/project_aest_crosscoupling.py	library		SymPy
real_research/reviews/project_aest_darkenergy_construction.py	library		SymPy
real_research/reviews/project_cmb_boltzmann_aest.py	library		SymPy
real_research/reviews/project_entanglement_volume_coefficient.py	library		SymPy
real_research/reviews/project_heatkernel_longshot.py	library		SymPy
real_research/reviews/project_strained_horizon_cubic_O3.py	library		SymPy
real_research/reviews/project_symmetry_breaking.py	library		SymPy
real_research/reviews/pt_gates/pt_gates_verify_2026-07.py	library		SymPy
real_research/reviews/pt_gates/pu_g2_pt_spectrum.py	library		SymPy
real_research/reviews/pt_gates/pu_g4_effective_mu.py	library		SymPy
real_research/reviews/pt_worldline_g0_theorem.py	library		SymPy
real_research/reviews/pure_mi_lensing_2026/audit_kprime.py	library		SymPy
real_research/reviews/pure_mi_lensing_2026/lane1_theorem.py	library		SymPy
real_research/reviews/pure_mi_lensing_2026/lane1_variation.py	library		SymPy
real_research/reviews/pure_mi_lensing_2026/lane2_nonlocal.py	library		SymPy
real_research/reviews/pure_mi_lensing_2026/lane2_slip.py	library		SymPy
real_research/reviews/pure_mi_lensing_2026/lane3_connection.py	library		SymPy
real_research/reviews/pure_mi_lensing_2026/lane3_support_multipole.py	library		SymPy
real_research/reviews/pure_mi_lensing_2026/verify_audit.py	library		SymPy
real_research/reviews/rahman_susskind_confinement_approachB.py	library		SymPy
real_research/reviews/redteam_the_puzzle.py	library		SymPy
real_research/reviews/residual_doors_2026_07/D4_curve_family.py	library		SymPy
real_research/reviews/residual_doors_2026_07/D4_flat_ep_cap.py	library		SymPy
real_research/reviews/residual_doors_2026_07/D4_tail_kernel_kill_margin.py	library		SymPy
real_research/reviews/residual_doors_2026_07/verify_D4_flatcurve_EP_rederive.py	library		SymPy
real_research/reviews/route_B_disformal/B1_testparticle_law.py	library		SymPy
real_research/reviews/route_B_disformal/B2_acceleration_disformal.py	library		SymPy
real_research/reviews/route_B_disformal/B3_lensing_GW_cone.py	library		SymPy
real_research/reviews/route_B_disformal/B4_escapes_and_limits.py	library		SymPy
real_research/reviews/route_b_memory_time_2026.py	library		SymPy
real_research/reviews/s4_dirac_index_generations.py	library		SymPy
real_research/reviews/s4_dirac_index_hh_saddle.py	library		SymPy
real_research/reviews/s4_euler_homotopy_route.py	library		SymPy
real_research/reviews/s4_gravigut_dirac_index.py	library		SymPy
real_research/reviews/s4_index_density_verify.py	library		SymPy
real_research/reviews/s4_index_parity_check.py	library		SymPy
real_research/reviews/second_field_catalog_2026.py	library		SymPy
real_research/reviews/selfduality_constant_catalog.py	library		SymPy
real_research/reviews/shear_linearity_2026/action_source_audit_and_fix.py	library		SymPy
real_research/reviews/shear_linearity_2026/action_w_q2_computation.py	library		SymPy
real_research/reviews/shear_linearity_2026/adv_verify_lane1_fresh.py	library		SymPy
real_research/reviews/shear_linearity_2026/elastic_action_consequences.py	library		SymPy
real_research/reviews/shear_linearity_2026/lane1_theorem.py	library		SymPy
real_research/reviews/shear_linearity_2026/lane2_gates.py	library		SymPy
real_research/reviews/shear_linearity_2026/lane3_tail_falsifiers.py	library		SymPy
real_research/reviews/shear_linearity_2026/p6_pin_adversarial_recheck.py	library		SymPy
real_research/reviews/shear_linearity_2026/p6_pin_verlinde_coefficients.py	library		SymPy
real_research/reviews/shear_linearity_2026/verify_lane3_adversarial.py	library		SymPy
real_research/reviews/spectral_spine_closure_2026_09_22/i13/symbolic_identities.py	library		SymPy
real_research/reviews/spectral_spine_closure_2026_09_22/i14/verify.py	library		SymPy
real_research/reviews/strained_horizon_O_eps3.py	library		SymPy
real_research/reviews/strained_horizon_clausius_match.py	library		SymPy
real_research/reviews/strained_horizon_redteam.py	library		SymPy
real_research/reviews/strained_horizon_wald_theta.py	library		SymPy
real_research/reviews/theta_3H_coupling.py	library		SymPy
real_research/reviews/toe_law/agentAA_sign_reconciliation.py	library		SymPy
real_research/reviews/toe_law/agentB_door1_static_kernel.py	library		SymPy
real_research/reviews/toe_law/agentDD_vector_carrier.py	library		SymPy
real_research/reviews/toe_law/agentEE_sigma_khronon.py	library		SymPy
real_research/reviews/toe_law/agentFF_x_hostile_audit.py	library		SymPy
real_research/reviews/toe_law/agentF_nonpert_detector.py	library		SymPy
real_research/reviews/toe_law/agentHH_pump_profile.py	library		SymPy
real_research/reviews/toe_law/agentIF2_reactive_influence_functional.py	library		SymPy
real_research/reviews/toe_law/agentKK_nonlocal_slip.py	library		SymPy
real_research/reviews/toe_law/agentLL_generator_scoping.py	library		SymPy
real_research/reviews/toe_law/agentL_extended_coherence.py	library		SymPy
real_research/reviews/toe_law/agentN1_nonhuygens_commutator.py	library		SymPy
real_research/reviews/toe_law/agentN2_memory_langevin.py	library		SymPy
real_research/reviews/toe_law/agentN3_tail_scale.py	library		SymPy
real_research/reviews/toe_law/agentNN_routeHK.py	library		SymPy
real_research/reviews/toe_law/agentNN_verify_WKB-turning.py	library		SymPy
real_research/reviews/toe_law/agentNN_verify_WKB-turning_V5.py	library		SymPy
real_research/reviews/toe_law/agentNN_verify_WKB-turning_V6.py	library		SymPy
real_research/reviews/toe_law/agentNN_verify_heatkernel.py	library		SymPy
real_research/reviews/toe_law/agentOO_block1_spectral.py	library		SymPy
real_research/reviews/toe_law/agentOO_block2_signaudit.py	library		SymPy
real_research/reviews/toe_law/agentOO_block3_concrete.py	library		SymPy
real_research/reviews/toe_law/agentOO_block4_GHspectrum.py	library		SymPy
real_research/reviews/toe_law/agentOO_block5_peakedness.py	library		SymPy
real_research/reviews/toe_law/agentOO_c2_analytic.py	library		SymPy
real_research/reviews/toe_law/agentOO_c4_moments.py	library		SymPy
real_research/reviews/toe_law/agentOO_c5_forced.py	library		SymPy
real_research/reviews/toe_law/agentOO_c6_htl.py	library		SymPy
real_research/reviews/toe_law/agentOO_c7_fast.py	library		SymPy
real_research/reviews/toe_law/agentOO_verify_block2vs3.py	library		SymPy
real_research/reviews/toe_law/agentQQ_part1.py	library		SymPy
real_research/reviews/toe_law/agentQQ_part2_poles.py	library		SymPy
real_research/reviews/toe_law/agentQQ_part3_moments.py	library		SymPy
real_research/reviews/toe_law/agentQQ_part4_window.py	library		SymPy
real_research/reviews/toe_law/agentQQ_part5_boundary.py	library		SymPy
real_research/reviews/toe_law/agentQQ_part6_edgepin.py	library		SymPy
real_research/reviews/toe_law/agentQQ_part7_tension.py	library		SymPy
real_research/reviews/toe_law/agentQQ_part8_residue.py	library		SymPy
real_research/reviews/toe_law/agentQQ_part9_synth.py	library		SymPy
real_research/reviews/toe_law/agentQQ_referee_herglotz.py	library		SymPy
real_research/reviews/toe_law/agentQQ_referee_poles.py	library		SymPy
real_research/reviews/toe_law/agentQQ_referee_recompute.py	library		SymPy
real_research/reviews/toe_law/agentQ_jacobson_DL.py	library		SymPy
real_research/reviews/toe_law/agentRR_indep_verify.py	library		SymPy
real_research/reviews/toe_law/agentRR_indep_verify2.py	library		SymPy
real_research/reviews/toe_law/agentRR_part1_clamp.py	library		SymPy
real_research/reviews/toe_law/agentRR_part2_dispersion.py	library		SymPy
real_research/reviews/toe_law/agentRR_part4_foldcheck.py	library		SymPy
real_research/reviews/toe_law/agentRR_part6_verify_fold.py	library		SymPy
real_research/reviews/toe_law/agentSS_part1.py	library		SymPy
real_research/reviews/toe_law/agentSS_part2.py	library		SymPy
real_research/reviews/toe_law/agentSS_part3.py	library		SymPy
real_research/reviews/toe_law/agentSS_part3_verify_ceiling.py	library		SymPy
real_research/reviews/toe_law/agentSS_part4_heatkernel_kstructure.py	library		SymPy
real_research/reviews/toe_law/agentSS_part5_steelman_forcing.py	library		SymPy
real_research/reviews/toe_law/agentSS_part6.py	library		SymPy
real_research/reviews/toe_law/agentSS_part7.py	library		SymPy
real_research/reviews/toe_law/agentSS_part7_theorem_clean.py	library		SymPy
real_research/reviews/toe_law/agentSS_part8.py	library		SymPy
real_research/reviews/toe_law/agentSS_part9.py	library		SymPy
real_research/reviews/toe_law/agentSS_verify_p3_kstruct_edge.py	library		SymPy
real_research/reviews/toe_law/agentSS_verify_p4_active_theorem.py	library		SymPy
real_research/reviews/toe_law/agentSS_verify_p6_modular_action.py	library		SymPy
real_research/reviews/toe_law/agentS_edge_qnm.py	library		SymPy
real_research/reviews/toe_law/agentT4_16_42_check.py	library		SymPy
real_research/reviews/toe_law/agentT4_Zeff.py	library		SymPy
real_research/reviews/toe_law/agentT4_lambda_clifford.py	library		SymPy
real_research/reviews/toe_law/agentT4_lambda_map.py	library		SymPy
real_research/reviews/toe_law/agentT4b_lambda_majorana.py	library		SymPy
real_research/reviews/toe_law/agentT4b_robust_vs_convention.py	library		SymPy
real_research/reviews/toe_law/agentT_zgeometry.py	library		SymPy
real_research/reviews/toe_law/agentU_khronon_m22.py	library		SymPy
real_research/reviews/toe_law/agentV_exponent_extrapolation.py	library		SymPy
real_research/reviews/toe_law/agentV_kernel_inversion.py	library		SymPy
real_research/reviews/toe_law/agentX_sk_kernel.py	library		SymPy
real_research/reviews/toe_law/agentY_gates.py	library		SymPy
real_research/reviews/toe_law/agentY_quasistatic.py	library		SymPy
real_research/reviews/toe_law/agentZZ_galley_active_bath.py	library		SymPy
real_research/reviews/toe_law/agentZZ_inin_worldline_pillar1.py	library		SymPy
real_research/reviews/toe_law/agentZZ_kernel_to_mu_audit.py	library		SymPy
real_research/reviews/toe_law/agentZZ_stage1_worldline_inin.py	library		SymPy
real_research/reviews/toe_law/agentZZ_stage2_coarsegrain.py	library		SymPy
real_research/reviews/toe_law/agentZZ_stage3_aest_match.py	library		SymPy
real_research/reviews/toe_law/agentZZ_stage4_obstruction.py	library		SymPy
real_research/reviews/toe_law/agentZZ_stage5_verdict.py	library		SymPy
real_research/reviews/toe_law/agentZ_dirac_index_S4.py	library		SymPy
real_research/reviews/toe_law/mi_bath_tail_check.py	library		SymPy
real_research/reviews/toe_law/mi_coupling_family_scan.py	library		SymPy
real_research/reviews/toe_law/step1_laurent.py	library		SymPy
real_research/reviews/toe_law/step2_largeorder.py	library		SymPy
real_research/reviews/toe_law/step3_borel.py	library		SymPy
real_research/reviews/toe_law/step4_gevrey.py	library		SymPy
real_research/reviews/toe_law/step5_audit.py	library		SymPy
real_research/reviews/toe_law/step5b_check.py	library		SymPy
real_research/reviews/typeII_direct_variation_2026.py	library		SymPy
real_research/reviews/typeII_known_limits_2026.py	library		SymPy
real_research/reviews/typeII_legality_independent_2026.py	library		SymPy
real_research/reviews/unruh_gh_coincidence_Z_2026.py	library		SymPy
real_research/reviews/vein4_sme_fresh_channels.py	library		SymPy
real_research/reviews/verify_closure_covariant_eom_adversarial.py	library		SymPy
real_research/reviews/verify_closure_gapA_adversarial.py	library		SymPy
real_research/reviews/wald_entropy_aest_coefficient.py	library		SymPy
real_research/reviews/yang_mills_continuum_2026_09_22/blocking/checks.py	library		SymPy
real_research/reviews/yang_mills_continuum_2026_09_22/layer/checks.py	library		SymPy
real_research/reviews/ym_door_swings_2026_09_22/ym3_hardy/verify.py	library		SymPy
real_research/swarm_week_2026_09_20/followup_work/R01/exact_factorization.py	library		SymPy
real_research/swarm_week_2026_09_20/followup_work/R10/model_equivalence.py	library		SymPy
real_research/ym1_bdl_extension_2026/gauge_instance.py	library		SymPy
reviews/mi_action_programme_close_2026.py	library		SymPy
reviews/mi_atomos_germ_provenance_2026.py	library		SymPy
reviews/mi_bootstrap_circularity_2026.py	library		SymPy
reviews/mi_dissipative_identification_2026.py	library		SymPy
reviews/mi_dsunruh_freedom_audit_2026.py	library		SymPy
reviews/mi_dsunruh_kernel_package_2026.py	library		SymPy
reviews/mi_eq34_inversion_banked_2026.py	library		SymPy
reviews/mi_horizon_entropy_route_2026.py	library		SymPy
reviews/mi_kappa_linear_class_2026.py	library		SymPy
reviews/mi_kappa_spectral_reduction_2026.py	library		SymPy
reviews/mi_kernel_measure_from_desitter_2026.py	library		SymPy
reviews/mi_mechanism_audit_2026-07-30.py	library		SymPy
reviews/mi_memory_weight_w_2026.py	library		SymPy
reviews/mi_quadratic_z_escape_2026.py	library		SymPy
reviews/mi_spectral_weight_swing_2026.py	library		SymPy
reviews/mi_thermal_class_nogo_2026.py	library		SymPy
reviews/mi_three_classes_2026.py	library		SymPy
reviews/mi_vdep_ephemeris_verdict_2026.py	library		SymPy
reviews/z_numerology_steelman_2026.py	library		SymPy
superfluid_2026/sf01_ansatz_closure_2026.py	library		SymPy
superfluid_2026/sf02_R2_vector_sector_2026.py	library		SymPy
superfluid_2026/sf03_R1_competition_and_R3_2026.py	library		SymPy
superfluid_2026/sf04_saturation_and_gauge_2026.py	library		SymPy
superfluid_2026/sf07_bimond_host_2026.py	library		SymPy
superfluid_2026/sf08_soundspeed_turnover_2026.py	library		SymPy
superfluid_2026/sf09_two_gates_2026.py	library		SymPy
superfluid_2026/sf10_two_lapse_hessian_2026.py	library		SymPy
superfluid_2026/sfD_superfluid_phonon_2026.py	library		SymPy
theory_2026/khron_route3/route3_frozen_principal_symbol_2026.py	library		SymPy
theory_2026/routeB_khronon/routeB_flanagan_betalambda_kinetic.py	library		SymPy
trichotomy_2026/legA_local_invariants.py	library		SymPy
trichotomy_2026/legC_frame_congruence.py	library		SymPy
