script	how	lines	via
ai_slop/HermesFlow/analyze_glacier_data.py	library		SciPy
ai_slop/HermesFlow/autonomous_agent.py	library		SciPy
ai_slop/HermesFlow/mcp_server.py	library		SciPy
ai_slop/HermesFlow/scientific_method.py	library		SciPy
ai_slop/HermesFlow/scientific_validator.py	library		SciPy
ai_slop/HermesFlow/z2_autoresearch.py	library		SciPy
ai_slop/HermesFlow/z2_autoresearch_v2.py	library		SciPy
ai_slop/HermesFlow/z2_autoresearch_v3.py	library		SciPy
ai_slop/OlympusFlow/flows/hermes/analyze_glacier_data.py	library		SciPy
ai_slop/OlympusFlow/flows/hermes/autonomous_agent.py	library		SciPy
ai_slop/OlympusFlow/flows/hermes/mcp_server.py	library		SciPy
ai_slop/OlympusFlow/flows/hermes/scientific_method.py	library		SciPy
ai_slop/OlympusFlow/flows/hermes/scientific_validator.py	library		SciPy
ai_slop/OlympusFlow/flows/hermes/z2_autoresearch.py	library		SciPy
ai_slop/OlympusFlow/flows/hermes/z2_autoresearch_v2.py	library		SciPy
ai_slop/OlympusFlow/flows/hermes/z2_autoresearch_v3.py	library		SciPy
ai_slop/OlympusFlow/statistical_validator.py	library		SciPy
ai_slop/Z2Coordinates/geodesics.py	library		SciPy
ai_slop/analysis/alpha_verification.py	library		SciPy
ai_slop/analysis/desi_omega_m_tension.py	library		SciPy
ai_slop/curiosities_and_culture/ancient_cultures/telesterion/telesterion_advanced_acoustics.py	library		SciPy
ai_slop/curiosities_and_culture/ancient_cultures/telesterion/telesterion_deepdive_acoustics.py	library		SciPy
ai_slop/curiosities_and_culture/ancient_cultures/telesterion/telesterion_final_frontiers.py	library		SciPy
ai_slop/curiosities_and_culture/ancient_cultures/telesterion/telesterion_rigorous_wave_scattering.py	library		SciPy
ai_slop/curiosities_and_culture/ancient_cultures/telesterion/telesterion_ultimate_synthesis.py	library		SciPy
ai_slop/fun_folder/honest_zpe_computation.py	library		SciPy
ai_slop/fun_folder/zpe_dynamics_sim.py	library		SciPy
ai_slop/gemini_push_for_toe/scripts/path1_cft_conformal_test.py	library		SciPy
ai_slop/gemini_push_for_toe/scripts/path2_causal_set_a0.py	library		SciPy
ai_slop/gemini_push_for_toe/scripts/path4_dark_dimension_sm.py	library		SciPy
ai_slop/ligo_stuff/bayesian_polarization_test.py	library		SciPy
ai_slop/ligo_stuff/deep_sensitivity_convergence.py	library		SciPy
ai_slop/ligo_stuff/m4_optimized_analysis.py	library		SciPy
ai_slop/ligo_stuff/memory_polarization_audit.py	library		SciPy
ai_slop/ligo_stuff/mock_signal_injection.py	library		SciPy
ai_slop/ligo_stuff/multi_baseline_orf_analysis.py	library		SciPy
ai_slop/ligo_stuff/o4_chirality_projection.py	library		SciPy
ai_slop/ligo_stuff/octupole_fixed_point_search.py	library		SciPy
ai_slop/ligo_stuff/polarized_stochastic_search.py	library		SciPy
ai_slop/ligo_stuff/real_data_chirality_test.py	library		SciPy
ai_slop/ligo_stuff/resolved_merger_polarization.py	library		SciPy
ai_slop/ligo_stuff/sensitivity_convergence_test.py	library		SciPy
ai_slop/ligo_stuff/setup_verify.py	library		SciPy
ai_slop/ligo_stuff/standard_stochastic_search.py	library		SciPy
ai_slop/ligo_stuff/three_baseline_analysis.py	library		SciPy
ai_slop/ligo_stuff/topological_selection_rules.py	library		SciPy
ai_slop/meteorology/scripts/analyze_ebtrk_eye_rmw.py	library		SciPy
ai_slop/meteorology/scripts/analyze_hurricane.py	library		SciPy
ai_slop/meteorology/scripts/atmospheric_optics.py	library		SciPy
ai_slop/meteorology/scripts/build_hurricane_predictor.py	library		SciPy
ai_slop/meteorology/scripts/calibrate_expanded.py	library		SciPy
ai_slop/meteorology/scripts/calibrate_intensity_model.py	library		SciPy
ai_slop/meteorology/scripts/cat3_golden_ratio_analysis.py	library		SciPy
ai_slop/meteorology/scripts/comprehensive_z2_analysis.py	library		SciPy
ai_slop/meteorology/scripts/deep_z2_investigation.py	library		SciPy
ai_slop/meteorology/scripts/enhanced_track_model.py	library		SciPy
ai_slop/meteorology/scripts/extreme_weather_physics.py	library		SciPy
ai_slop/meteorology/scripts/forecast_bust_analysis.py	library		SciPy
ai_slop/meteorology/scripts/forecast_verification_analysis.py	library		SciPy
ai_slop/meteorology/scripts/golden_ratio_structure.py	library		SciPy
ai_slop/meteorology/scripts/helene_analysis.py	library		SciPy
ai_slop/meteorology/scripts/honest_z_framework_analysis.py	library		SciPy
ai_slop/meteorology/scripts/hurricane_track_predictor.py	library		SciPy
ai_slop/meteorology/scripts/intensity_prediction_test.py	library		SciPy
ai_slop/meteorology/scripts/intensity_predictor.py	library		SciPy
ai_slop/meteorology/scripts/prediction_model.py	library		SciPy
ai_slop/meteorology/scripts/rapid_intensification_test.py	library		SciPy
ai_slop/meteorology/scripts/scientific_method_demonstrations.py	library		SciPy
ai_slop/meteorology/scripts/universal_scaling.py	library		SciPy
ai_slop/meteorology/scripts/validate_eye_rmax_ratio.py	library		SciPy
ai_slop/meteorology/scripts/validate_pacific_golden_ratio.py	library		SciPy
ai_slop/meteorology/scripts/z2_advanced_research.py	library		SciPy
ai_slop/meteorology/scripts/z2_erc_dynamics.py	library		SciPy
ai_slop/meteorology/scripts/z2_grand_synthesis.py	library		SciPy
ai_slop/meteorology/scripts/z2_intensity_quantization.py	library		SciPy
ai_slop/meteorology/scripts/z2_number_32_investigation.py	library		SciPy
ai_slop/meteorology/scripts/z2_thermodynamic_connection.py	library		SciPy
ai_slop/meteorology/scripts/z_manifold_analysis.py	library		SciPy
ai_slop/meteorology/src/data/era5_loader.py	library		SciPy
ai_slop/papers/RH_COMPLETE_PROOF_ATTEMPT.py	library		SciPy
ai_slop/papers/RH_FINAL_ATTACK.py	library		SciPy
ai_slop/papers/RH_GAP_FIX_ATTEMPT.py	library		SciPy
ai_slop/research/GOLDBERGER_WISE_MODULUS_STABILIZATION.py	library		SciPy
ai_slop/research/HIGGS_VEV_CORRECTION_DERIVATION.py	library		SciPy
ai_slop/research/RH_ALGEBRAIC_POSITIVITY.py	library		SciPy
ai_slop/research/RH_ALTERNATIVE_APPROACHES.py	library		SciPy
ai_slop/research/RH_BERRY_KEATING.py	library		SciPy
ai_slop/research/RH_CLOSE_CIRCULARITY.py	library		SciPy
ai_slop/research/RH_COMPLETE_PROOF_VERIFICATION.py	library		SciPy
ai_slop/research/RH_CONTRADICTION_ANALYSIS.py	library		SciPy
ai_slop/research/RH_DECAY_RATE_ANALYSIS.py	library		SciPy
ai_slop/research/RH_DEEPER_ANALYSIS.py	library		SciPy
ai_slop/research/RH_FINAL_ASSESSMENT.py	library		SciPy
ai_slop/research/RH_FINAL_CLOSING_ATTACK.py	library		SciPy
ai_slop/research/RH_FIRST_PRINCIPLES_DERIVATION.py	library		SciPy
ai_slop/research/RH_FIX_CIRCULARITY_ATTEMPTS.py	library		SciPy
ai_slop/research/RH_FRESH_LOOK.py	library		SciPy
ai_slop/research/RH_HARPER_DEEP_DIVE.py	library		SciPy
ai_slop/research/RH_HILBERT_POLYA_CONSTRUCTION.py	library		SciPy
ai_slop/research/RH_HILBERT_POLYA_EXACT.py	library		SciPy
ai_slop/research/RH_INTERLEVEL_CORRELATION.py	library		SciPy
ai_slop/research/RH_INVERSE_PROBLEM_ATTACK.py	library		SciPy
ai_slop/research/RH_NEW_APPROACHES_TEST.py	library		SciPy
ai_slop/research/RH_NOVEL_APPROACHES.py	library		SciPy
ai_slop/research/RH_NYMAN_BEURLING_DEEP.py	library		SciPy
ai_slop/research/RH_OPERATOR_CONSTRUCTION.py	library		SciPy
ai_slop/research/RH_PROVE_CN_CONVERGENCE.py	library		SciPy
ai_slop/research/RH_PROVE_MERTENS_BOUND.py	library		SciPy
ai_slop/research/RH_RIGOROUS_CONSTRUCTION.py	library		SciPy
ai_slop/research/RH_RIGOROUS_DERIVATION.py	library		SciPy
ai_slop/research/RH_SPECTRAL_DETERMINANT_ATTACK.py	library		SciPy
ai_slop/research/RH_SPECTRAL_OPERATOR.py	library		SciPy
ai_slop/research/RH_STEP5_FINAL_ATTACK.py	library		SciPy
ai_slop/research/RH_SYSTEMATIC_ATTACK.py	library		SciPy
ai_slop/research/RH_UNIFIED_PROOF.py	library		SciPy
ai_slop/research/RH_WEAKNESS_DEMONSTRATION.py	library		SciPy
ai_slop/research/RH_WHY_14_MATCHES.py	library		SciPy
ai_slop/research/RH_Z2_SYNTHESIS.py	library		SciPy
ai_slop/research/RH_Z_SQUARED_FIRST_PRINCIPLES.py	library		SciPy
ai_slop/research/RIGOROUS_GEOMETRIC_PROOFS.py	library		SciPy
ai_slop/research/RIGOROUS_PROOF_6_Z2_INTEGRAL_ORIGIN.py	library		SciPy
ai_slop/research/abacus_audit/q4_density_coupled.py	library		SciPy
ai_slop/research/abacus_audit/q4_geometric_grid_search.py	library		SciPy
ai_slop/research/abacus_audit/q4_vertex_kinematics.py	library		SciPy
ai_slop/research/ads_cft_dictionary.py	library		SciPy
ai_slop/research/anomaly_vertex_derivation.py	library		SciPy
ai_slop/research/archived_physics_searches/derive_three_pi.py	library		SciPy
ai_slop/research/archived_physics_searches/search_cosmological_ratio.py	library		SciPy
ai_slop/research/cf4_audit/observer_coordinate_verification.py	library		SciPy
ai_slop/research/ckm_pmns_stable_algorithm.py	library		SciPy
ai_slop/research/cmb_audit/quadrupole_suppression_analysis.py	library		SciPy
ai_slop/research/cmb_audit/t3_low_l_suppression.py	library		SciPy
ai_slop/research/cmb_audit/topological_multipole_selection.py	library		SciPy
ai_slop/research/cmb_audit/vertex_contribution_refinement.py	library		SciPy
ai_slop/research/cmb_predictions/bao_z2_verification.py	library		SciPy
ai_slop/research/cmb_predictions/bmode_selection_forecast.py	library		SciPy
ai_slop/research/cmb_topology/kmin_cutoff_visualization.py	library		SciPy
ai_slop/research/coleman_weinberg_8d.py	library		SciPy
ai_slop/research/computational_math/adm_shear_evolution.py	library		SciPy
ai_slop/research/computational_math/aps_boundary_piece4.py	library		SciPy
ai_slop/research/computational_math/aps_index_piece2.py	library		SciPy
ai_slop/research/computational_math/audit_prompt3_holographic_flow.py	library		SciPy
ai_slop/research/computational_math/brillouin_continuum_limit.py	library		SciPy
ai_slop/research/computational_math/comprehensive_audit.py	library		SciPy
ai_slop/research/computational_math/coupled_dark_energy_dynamics.py	library		SciPy
ai_slop/research/computational_math/eta_invariant_T3Z2.py	library		SciPy
ai_slop/research/computational_math/flux_stabilization.py	library		SciPy
ai_slop/research/computational_math/hierarchy_warp_factor.py	library		SciPy
ai_slop/research/computational_math/higgs_vev_derivation.py	library		SciPy
ai_slop/research/computational_math/holographic_alpha_derivation.py	library		SciPy
ai_slop/research/computational_math/holographic_rg_piece3.py	library		SciPy
ai_slop/research/computational_math/kk_reduction_piece1.py	library		SciPy
ai_slop/research/computational_math/koide_mass_ratios.py	library		SciPy
ai_slop/research/computational_math/orbifold_resolution.py	library		SciPy
ai_slop/research/computational_math/spinorial_heat_kernel.py	library		SciPy
ai_slop/research/computational_math/strong_coupling_flow.py	library		SciPy
ai_slop/research/computational_math/threshold_corrections_T3Z2.py	library		SciPy
ai_slop/research/cosmic_age/cosmic_age_analysis.py	library		SciPy
ai_slop/research/cosmological_constant_casimir.py	library		SciPy
ai_slop/research/cosmological_constant_value.py	library		SciPy
ai_slop/research/cosmology/UNIVERSE_FATE_DERIVATION.py	library		SciPy
ai_slop/research/dark_energy/vertex_self_energy.py	library		SciPy
ai_slop/research/desi_audit/ai_slop/asymmetric_torus_test.py	library		SciPy
ai_slop/research/desi_audit/ai_slop/cleaned_pipeline_EFG.py	library		SciPy
ai_slop/research/desi_audit/bao_multipoles_cubic_anisotropy.py	library		SciPy
ai_slop/research/desi_audit/cmb_cold_spot_vertex_alignment.py	library		SciPy
ai_slop/research/desi_audit/kbc_void_vertex_alignment.py	library		SciPy
ai_slop/research/desi_audit/lyman_alpha_geometric_deficit.py	library		SciPy
ai_slop/research/desi_audit/redshift_vertex_scrub.py	library		SciPy
ai_slop/research/desi_audit/rsd_growth_deficit.py	library		SciPy
ai_slop/research/desi_audit/t3_geometric_deficit_map.py	library		SciPy
ai_slop/research/desi_audit/void_lattice_correlation.py	library		SciPy
ai_slop/research/digital_twin/cmb_circles_optimized.py	library		SciPy
ai_slop/research/digital_twin/ghost_miner.py	library		SciPy
ai_slop/research/digital_twin/z2_coordinate_transformer.py	library		SciPy
ai_slop/research/dynamical_framework/CMB_BOLTZMANN_ANALYSIS.py	library		SciPy
ai_slop/research/dynamical_framework/RG_RUNNING_ANALYSIS.py	library		SciPy
ai_slop/research/dynamics/Z2_MODULAR_FORMS.py	library		SciPy
ai_slop/research/dynamics/Z2_SYMPLECTIC_REDUCTION.py	library		SciPy
ai_slop/research/dynamics/Z2_THREE_BODY_RIGOROUS.py	library		SciPy
ai_slop/research/dynamics/Z2_WEYL_GROUPS.py	library		SciPy
ai_slop/research/euclid_audit/s8_power_truncation.py	library		SciPy
ai_slop/research/exact_yukawa_matrices.py	library		SciPy
ai_slop/research/expansion_history/geometric_deficit_fit.py	library		SciPy
ai_slop/research/experimental_tests/experimental_tests_analysis.py	library		SciPy
ai_slop/research/experiments/exp1_bec_parametric_resonance.py	library		SciPy
ai_slop/research/field_theory/bec_radion_coupling.py	library		SciPy
ai_slop/research/field_theory/gertsenshtein_kaluza_effect.py	library		SciPy
ai_slop/research/field_theory/localized_radion_configurations.py	library		SciPy
ai_slop/research/field_theory/verification_bec_limit.py	library		SciPy
ai_slop/research/field_theory/verification_gertsenshtein_limit.py	library		SciPy
ai_slop/research/field_theory/verification_planck_seed.py	library		SciPy
ai_slop/research/foundations/Z2_ACTION_PRINCIPLE_RIGOROUS.py	library		SciPy
ai_slop/research/foundations/Z2_ALPHA_DERIVATION_ATTEMPT.py	library		SciPy
ai_slop/research/foundations/Z2_CABIBBO_CORRECTION.py	library		SciPy
ai_slop/research/foundations/Z2_COEFFICIENT_FOUR.py	library		SciPy
ai_slop/research/foundations/Z2_DEEPER_CONNECTIONS.py	library		SciPy
ai_slop/research/foundations/Z2_DEEP_DERIVATION_ATTEMPT.py	library		SciPy
ai_slop/research/foundations/Z2_HONEST_ASSESSMENT.py	library		SciPy
ai_slop/research/foundations/Z2_INDEPENDENT_DERIVATIONS.py	library		SciPy
ai_slop/research/foundations/Z2_INFORMATION_DERIVATION.py	library		SciPy
ai_slop/research/foundations/Z2_INFORMATION_THEORETIC_FOUNDATION.py	library		SciPy
ai_slop/research/foundations/Z2_KALUZA_KLEIN_DERIVATION.py	library		SciPy
ai_slop/research/foundations/Z2_LEGITIMATE_PATHS.py	library		SciPy
ai_slop/research/foundations/Z2_MATHEMATICAL_NECESSITY.py	library		SciPy
ai_slop/research/foundations/Z2_RADIUS_DERIVATION.py	library		SciPy
ai_slop/research/foundations/Z2_RIGOROUS_ANALYSIS.py	library		SciPy
ai_slop/research/foundations/Z2_RUNNING_COUPLINGS.py	library		SciPy
ai_slop/research/foundations/Z2_THREE_BODY_PROBLEM.py	library		SciPy
ai_slop/research/foundations/Z2_UNIQUENESS_THEOREM.py	library		SciPy
ai_slop/research/foundations/Z2_WEINBERG_DERIVATION.py	library		SciPy
ai_slop/research/frb_analysis/birefringence_null_test.py	library		SciPy
ai_slop/research/frb_analysis/csiro_frb_z2_analysis.py	library		SciPy
ai_slop/research/frb_analysis/frb_z2_visualizations.py	library		SciPy
ai_slop/research/gaia_audit/stellar_stream_discontinuities.py	library		SciPy
ai_slop/research/gap_computations/baryogenesis_analysis.py	library		SciPy
ai_slop/research/gap_computations/dark_energy_w_analysis.py	library		SciPy
ai_slop/research/gap_computations/gw_polarization_analysis.py	library		SciPy
ai_slop/research/gap_computations/pbh_abundance_analysis.py	library		SciPy
ai_slop/research/gemini_prompts_analysis/CDE_TRACKING_CORRECT.py	library		SciPy
ai_slop/research/gemini_prompts_analysis/CDE_TRACKING_SIMULATION_FIXED.py	library		SciPy
ai_slop/research/geodesic_decoupling_formalism.py	library		SciPy
ai_slop/research/geometric_closure/ALPHA_DERIVATION_ATTEMPT.py	library		SciPy
ai_slop/research/geometric_closure/CONFINEMENT_QCD_DERIVATION.py	library		SciPy
ai_slop/research/geometric_closure/COSMOLOGICAL_CONSTANT_DERIVATION.py	library		SciPy
ai_slop/research/geometric_closure/CP_VIOLATION_DERIVATION.py	library		SciPy
ai_slop/research/geometric_closure/ELECTRON_MASS_DERIVATION.py	library		SciPy
ai_slop/research/geometric_closure/FIRST_PRINCIPLES_CLOSURE.py	library		SciPy
ai_slop/research/geometric_closure/LORENTZ_INVARIANCE_DERIVATION.py	library		SciPy
ai_slop/research/geometric_closure/MASS_RATIO_DERIVATION.py	library		SciPy
ai_slop/research/geometric_closure/MASS_SCALE_DERIVATION.py	library		SciPy
ai_slop/research/geometric_closure/MOND_DARK_MATTER_DERIVATION.py	library		SciPy
ai_slop/research/geometric_closure/NEUTRINO_MASS_DERIVATION.py	library		SciPy
ai_slop/research/geometric_closure/PLANCK_CONSTANT_DERIVATION.py	library		SciPy
ai_slop/research/geometric_closure/PLANCK_UNITS_DERIVATION.py	library		SciPy
ai_slop/research/geometric_closure/QFT_FROM_Z2_DERIVATION.py	library		SciPy
ai_slop/research/geometric_closure/QUARK_MASS_DERIVATION.py	library		SciPy
ai_slop/research/geometric_closure/REMAINING_GAPS_SYSTEMATIC.py	library		SciPy
ai_slop/research/geometric_closure/SPACETIME_DIMENSIONS_DERIVATION.py	library		SciPy
ai_slop/research/geometric_closure/SPEED_OF_LIGHT_DERIVATION.py	library		SciPy
ai_slop/research/geometric_closure/STRONG_COUPLING_DERIVATION.py	library		SciPy
ai_slop/research/geometric_closure/self_referential_alpha.py	library		SciPy
ai_slop/research/gn_z11_analysis/gn_z11_verification.py	library		SciPy
ai_slop/research/gn_z11_analysis/high_z_comprehensive_verification.py	library		SciPy
ai_slop/research/gravitational_waves/pta_chirality_predictions.py	library		SciPy
ai_slop/research/gravity_leaking_mechanism.py	library		SciPy
ai_slop/research/gw250114_ringdown/gw250114_ringdown_chirality_audit.py	library		SciPy
ai_slop/research/gwtc4_audit/gwtc4_deep_statistical_analysis.py	library		SciPy
ai_slop/research/gwtc4_audit/gwtc4_population_chirality_audit.py	library		SciPy
ai_slop/research/gwtc4_audit/gwtc4_redshift_bias_correlation.py	library		SciPy
ai_slop/research/higgs_quartic_rg_running.py	library		SciPy
ai_slop/research/higgs_sector/higgs_quartic_audit.py	library		SciPy
ai_slop/research/jwst_audit/high_z_volume_deficit.py	library		SciPy
ai_slop/research/localized_radion_excitations.py	library		SciPy
ai_slop/research/mathematics/Z2_MATHEMATICAL_CONSTANTS.py	library		SciPy
ai_slop/research/mond/Z2_HRM_MOND.py	library		SciPy
ai_slop/research/mond_acceleration_derivation.py	library		SciPy
ai_slop/research/mond_toolkit/JWST_HIGH_Z_PREDICTIONS.py	library		SciPy
ai_slop/research/mond_toolkit/Z2_MOND_RESEARCHER_TOOLKIT.py	library		SciPy
ai_slop/research/neutrino_mass_seesaw.py	library		SciPy
ai_slop/research/offensive_campaign/Parity-Odd-4PCF/.ipynb_checkpoints/BOSS Odd-Parity 4PCF - CS Plots-checkpoint.ipynb	library		SciPy
ai_slop/research/offensive_campaign/Parity-Odd-4PCF/.ipynb_checkpoints/BOSS Odd-Parity 4PCF - Internal-checkpoint.ipynb	library		SciPy
ai_slop/research/offensive_campaign/Parity-Odd-4PCF/.ipynb_checkpoints/BOSS Odd-Parity 4PCF - old-checkpoint.ipynb	library		SciPy
ai_slop/research/offensive_campaign/Parity-Odd-4PCF/.ipynb_checkpoints/Chern-Simons Trispectrum 2-checkpoint.ipynb	library		SciPy
ai_slop/research/offensive_campaign/Parity-Odd-4PCF/.ipynb_checkpoints/Chern-Simons Trispectrum-checkpoint.ipynb	library		SciPy
ai_slop/research/offensive_campaign/Parity-Odd-4PCF/.ipynb_checkpoints/Nseries Odd-Parity 4PCF-checkpoint.ipynb	library		SciPy
ai_slop/research/offensive_campaign/Parity-Odd-4PCF/BOSS Odd-Parity 4PCF (CS template).ipynb	library		SciPy
ai_slop/research/offensive_campaign/Parity-Odd-4PCF/BOSS Odd-Parity 4PCF (collider template).ipynb	library		SciPy
ai_slop/research/offensive_campaign/Parity-Odd-4PCF/BOSS Odd-Parity 4PCF (ghost template).ipynb	library		SciPy
ai_slop/research/offensive_campaign/Parity-Odd-4PCF/Nseries Odd-Parity 4PCF.ipynb	library		SciPy
ai_slop/research/offensive_campaign/Parity-Odd-4PCF/compute_collider_4pcf.py	library		SciPy
ai_slop/research/offensive_campaign/Parity-Odd-4PCF/compute_general_4pcf.py	library		SciPy
ai_slop/research/offensive_campaign/Parity-Odd-4PCF/compute_ghost_4pcf.py	library		SciPy
ai_slop/research/offensive_campaign/WORK_ORDER_AA_gaia_wide_binary.py	library		SciPy
ai_slop/research/offensive_campaign/WORK_ORDER_AA_real_gaia.py	library		SciPy
ai_slop/research/offensive_campaign/WORK_ORDER_AA_wide_binary_v2.py	library		SciPy
ai_slop/research/offensive_campaign/WORK_ORDER_CC_cmb_axis_evil.py	library		SciPy
ai_slop/research/offensive_campaign/WORK_ORDER_DD_sparc_rotation.py	library		SciPy
ai_slop/research/offensive_campaign/WORK_ORDER_EE_catwise_dipole.py	library		SciPy
ai_slop/research/offensive_campaign/WORK_ORDER_FF_pantheon_h0.py	library		SciPy
ai_slop/research/offensive_campaign/WORK_ORDER_GG_el_gordo.py	library		SciPy
ai_slop/research/offensive_campaign/WORK_ORDER_HH_universe_compiler.py	library		SciPy
ai_slop/research/offensive_campaign/WORK_ORDER_KK_multiscale_compiler.py	library		SciPy
ai_slop/research/offensive_campaign/WORK_ORDER_OO_cmb_matched_circles.py	library		SciPy
ai_slop/research/offensive_campaign/WORK_ORDER_PP_wmap_verification.py	library		SciPy
ai_slop/research/offensive_campaign/WORK_ORDER_QQ_monte_carlo_cmb.py	library		SciPy
ai_slop/research/offensive_campaign/WORK_ORDER_V_ghost_quasar_ingestion.py	library		SciPy
ai_slop/research/offensive_campaign/WORK_ORDER_W_ghost_coordinate_predictor.py	library		SciPy
ai_slop/research/offensive_campaign/WORK_ORDER_X_ghost_spectral_matcher.py	library		SciPy
ai_slop/research/offensive_campaign/WORK_ORDER_Y_void_catalog.py	library		SciPy
ai_slop/research/offensive_campaign/WORK_ORDER_Z_ksz_stacking.py	library		SciPy
ai_slop/research/offensive_campaign/chirality_axis_extraction.py	library		SciPy
ai_slop/research/offensive_campaign/cosmos_web_lensing.py	library		SciPy
ai_slop/research/offensive_campaign/directional_4pcf_extraction.py	library		SciPy
ai_slop/research/offensive_campaign/encore_build/analyze_desi_4pcf.py	library		SciPy
ai_slop/research/offensive_campaign/four_point_parity_violation.py	library		SciPy
ai_slop/research/offensive_campaign/ghost_quasar_real_search.py	library		SciPy
ai_slop/research/offensive_campaign/ghost_quasar_search.py	library		SciPy
ai_slop/research/offensive_campaign/ghost_spectral_matcher.py	library		SciPy
ai_slop/research/offensive_campaign/ksz_velocity_crossmatch.py	library		SciPy
ai_slop/research/offensive_campaign/proper_parity_odd_4pcf_analysis.py	library		SciPy
ai_slop/research/offensive_campaign/python_parity_odd_4pcf.py	library		SciPy
ai_slop/research/offensive_campaign/run_desi_chirality_test.py	library		SciPy
ai_slop/research/offensive_campaign/run_desi_full_sample.py	library		SciPy
ai_slop/research/offensive_campaign/topological_dark_matter_derivation.py	library		SciPy
ai_slop/research/offensive_campaign/void_catalog_fetcher.py	library		SciPy
ai_slop/research/offensive_campaign/z2_axis_test.py	library		SciPy
ai_slop/research/original/alpha_attractor_derivation.py	library		SciPy
ai_slop/research/original/coleman_weinberg_orbifold.py	library		SciPy
ai_slop/research/original/equilibrium_condition_proof.py	library		SciPy
ai_slop/research/original/horizon_vev_connection.py	library		SciPy
ai_slop/research/original/omega_ratio_complete_proof.py	library		SciPy
ai_slop/research/original/omega_ratio_derivation.py	library		SciPy
ai_slop/research/original/omega_ratio_physical_quantity.py	library		SciPy
ai_slop/research/proof_attempt/FINAL_SIEGE.py	library		SciPy
ai_slop/research/proof_attempt/HONESTY_REVIEW.py	library		SciPy
ai_slop/research/proof_attempt/RH_ADELIC_HAMILTONIAN.py	library		SciPy
ai_slop/research/proof_attempt/RH_ARAKELOV_CONTRADICTION.py	library		SciPy
ai_slop/research/proof_attempt/RH_BERRY_KEATING_MASTER.py	library		SciPy
ai_slop/research/proof_attempt/RH_CONCRETE_PROGRESS.py	library		SciPy
ai_slop/research/proof_attempt/RH_CONNES_Z2_ATTACK.py	library		SciPy
ai_slop/research/proof_attempt/RH_COUNTEREXAMPLE_ANALYSIS.py	library		SciPy
ai_slop/research/proof_attempt/RH_DETECTION_FILTER_1_HARDY_Z.py	library		SciPy
ai_slop/research/proof_attempt/RH_DETECTION_FILTER_2_S_FUNCTION.py	library		SciPy
ai_slop/research/proof_attempt/RH_DETECTION_FILTER_3_LI_MASKING.py	library		SciPy
ai_slop/research/proof_attempt/RH_FALSIFIABILITY_TESTS.py	library		SciPy
ai_slop/research/proof_attempt/RH_GRAM_GRID_RIGIDITY.py	library		SciPy
ai_slop/research/proof_attempt/RH_HARDY_LITTLEWOOD_BRIDGE.py	library		SciPy
ai_slop/research/proof_attempt/RH_ICOSAHEDRAL_SPECTRUM_TEST.py	library		SciPy
ai_slop/research/proof_attempt/RH_INVERSE_SPECTRAL.py	library		SciPy
ai_slop/research/proof_attempt/RH_KATZ_SARNAK_UNIVERSALITY.py	library		SciPy
ai_slop/research/proof_attempt/RH_LEHMER_PHENOMENON.py	library		SciPy
ai_slop/research/proof_attempt/RH_LI_CRITERION_STABILITY.py	library		SciPy
ai_slop/research/proof_attempt/RH_MONTGOMERY_PAIR_CORRELATION.py	library		SciPy
ai_slop/research/proof_attempt/RH_NYMAN_BEURLING_ATTACK.py	library		SciPy
ai_slop/research/proof_attempt/RH_OBSERVER_ANALYSIS.py	library		SciPy
ai_slop/research/proof_attempt/RH_ODLYZKO_FINITE_HEIGHT.py	library		SciPy
ai_slop/research/proof_attempt/RH_PHASE_STRUCTURE_ATTACK.py	library		SciPy
ai_slop/research/proof_attempt/RH_POISSON_SUMMATION_ATTACK.py	library		SciPy
ai_slop/research/proof_attempt/RH_PROOF_DEVELOPMENT.py	library		SciPy
ai_slop/research/proof_attempt/RH_RIGGED_HILBERT_SPACE.py	library		SciPy
ai_slop/research/proof_attempt/RH_SELBERG_SPECTRAL_GEOMETRY.py	library		SciPy
ai_slop/research/proof_attempt/RH_THERMODYNAMIC_ANALOGY.py	library		SciPy
ai_slop/research/proof_attempt/RH_TRACE_FORMULA_ATTACK.py	library		SciPy
ai_slop/research/proof_attempt/RH_TRACE_FORMULA_DEEP.py	library		SciPy
ai_slop/research/proof_attempt/RH_VON_NEUMANN_OBSERVER.py	library		SciPy
ai_slop/research/proof_attempt/Z2_RESONANCE_ENGINE.py	library		SciPy
ai_slop/research/proof_attempt/alternative_attack_fourier.py	library		SciPy
ai_slop/research/proof_attempt/arithmetic_corrected_simulation.py	library		SciPy
ai_slop/research/proof_attempt/arithmetic_corrections_deep.py	library		SciPy
ai_slop/research/proof_attempt/arithmetic_site_final_siege.py	library		SciPy
ai_slop/research/proof_attempt/berry_keating_simulation.py	library		SciPy
ai_slop/research/proof_attempt/connes_adelic_approach.py	library		SciPy
ai_slop/research/proof_attempt/connes_approach.py	library		SciPy
ai_slop/research/proof_attempt/deep_architecture_probe.py	library		SciPy
ai_slop/research/proof_attempt/deep_pattern_analysis.py	library		SciPy
ai_slop/research/proof_attempt/deep_technical_final.py	library		SciPy
ai_slop/research/proof_attempt/erdos_kac_deep.py	library		SciPy
ai_slop/research/proof_attempt/extreme_analytic_attack.py	library		SciPy
ai_slop/research/proof_attempt/final_proof_attempt.py	library		SciPy
ai_slop/research/proof_attempt/frobenius_analogue_search.py	library		SciPy
ai_slop/research/proof_attempt/function_field_rh.py	library		SciPy
ai_slop/research/proof_attempt/global_consistency_attack.py	library		SciPy
ai_slop/research/proof_attempt/hard_mathematics_attempt.py	library		SciPy
ai_slop/research/proof_attempt/hilbert_polya_exploration.py	library		SciPy
ai_slop/research/proof_attempt/holographic_quantum_graph.py	library		SciPy
ai_slop/research/proof_attempt/hybrid_approaches.py	library		SciPy
ai_slop/research/proof_attempt/l_function_families.py	library		SciPy
ai_slop/research/proof_attempt/li_orbit_analysis.py	library		SciPy
ai_slop/research/proof_attempt/mertens_constant_connection.py	library		SciPy
ai_slop/research/proof_attempt/meta_mathematical_attack.py	library		SciPy
ai_slop/research/proof_attempt/novel_approaches.py	library		SciPy
ai_slop/research/proof_attempt/operator_eigenvalue_mystery.py	library		SciPy
ai_slop/research/proof_attempt/physical_master_keys.py	library		SciPy
ai_slop/research/proof_attempt/precise_constant_search.py	library		SciPy
ai_slop/research/proof_attempt/probabilistic_approach.py	library		SciPy
ai_slop/research/proof_attempt/self_adjointness_deep.py	library		SciPy
ai_slop/research/proof_attempt/sierra_townsend_analysis.py	library		SciPy
ai_slop/research/proof_attempt/specific_architecture_hunt.py	library		SciPy
ai_slop/research/proof_attempt/spectral_deep_dive.py	library		SciPy
ai_slop/research/proof_attempt/spectral_deep_investigation.py	library		SciPy
ai_slop/research/proof_attempt/spectral_gue_analysis.py	library		SciPy
ai_slop/research/proof_attempt/spectral_operator_approach.py	library		SciPy
ai_slop/research/proof_attempt/spectral_rigidity_final.py	library		SciPy
ai_slop/research/proof_attempt/structural_necessity_attack.py	library		SciPy
ai_slop/research/proof_attempt/unfolding_investigation.py	library		SciPy
ai_slop/research/proof_attempt/variance_derivation.py	library		SciPy
ai_slop/research/proof_attempt/variance_identity_light.py	library		SciPy
ai_slop/research/proof_attempt/variance_one_third.py	library		SciPy
ai_slop/research/proof_attempt/variance_to_mertens.py	library		SciPy
ai_slop/research/proof_attempt/weil_positivity_analysis.py	library		SciPy
ai_slop/research/proof_attempt/z2_functional_analysis.py	library		SciPy
ai_slop/research/proofs/alpha_ir_fixed_point_rg.py	library		SciPy
ai_slop/research/proofs/analytic_yukawa_matrices.py	library		SciPy
ai_slop/research/proofs/cosmological_constant_cancellation.py	library		SciPy
ai_slop/research/proofs/geometric_leptogenesis.py	library		SciPy
ai_slop/research/proofs/lepton_mass_relations.py	library		SciPy
ai_slop/research/proofs/sparc_gaia_mond_validation.py	library		SciPy
ai_slop/research/pta_analysis/chiral_hd_audit.py	library		SciPy
ai_slop/research/quasars/m_sigma_z2_calculator.py	library		SciPy
ai_slop/research/radion_bubble_deep_analysis.py	library		SciPy
ai_slop/research/radion_stabilization_goldberger_wise.py	library		SciPy
ai_slop/research/rigorous_proofs/first_principles_resolutions.py	library		SciPy
ai_slop/research/rigorous_proofs/holographic_rg_flow.py	library		SciPy
ai_slop/research/rigorous_proofs/mond_gravitational_leakage.py	library		SciPy
ai_slop/research/rigorous_proofs/task1_dynamic_attractor.py	library		SciPy
ai_slop/research/rigorous_proofs/task4_unified_metric.py	library		SciPy
ai_slop/research/sparc_mond_z2_validation.py	library		SciPy
ai_slop/research/spectral_dimension/Z2_HARPER_SPECTRAL.py	library		SciPy
ai_slop/research/spectral_dimension/Z2_SPECTRAL_DIMENSION.py	library		SciPy
ai_slop/research/spectral_dimension/corrected_sparc_verification.py	library		SciPy
ai_slop/research/spectral_dimension/debug_test.py	library		SciPy
ai_slop/research/spectral_dimension/heat_kernel_calculation.py	library		SciPy
ai_slop/research/spectral_dimension/observational_verification.py	library		SciPy
ai_slop/research/spectral_dimension/spectral_dimension_analysis.py	library		SciPy
ai_slop/research/statistical_tests/z2_vs_random_constants.py	library		SciPy
ai_slop/research/structure_formation/structure_formation_verification.py	library		SciPy
ai_slop/research/telesterion_advanced_acoustics.py	library		SciPy
ai_slop/research/telesterion_deepdive_acoustics.py	library		SciPy
ai_slop/research/telesterion_final_frontiers.py	library		SciPy
ai_slop/research/telesterion_rigorous_wave_scattering.py	library		SciPy
ai_slop/research/telesterion_ultimate_synthesis.py	library		SciPy
ai_slop/research/theoretical/theta_function_calculation.py	library		SciPy
ai_slop/research/unsolved_problems/additional_problems.py	library		SciPy
ai_slop/research/unsolved_problems/baryon_acoustic_oscillations.py	library		SciPy
ai_slop/research/unsolved_problems/bullet_cluster.py	library		SciPy
ai_slop/research/yukawa_overlap_calculator.py	library		SciPy
ai_slop/research/yukawa_overlap_complete.py	library		SciPy
ai_slop/research/z2_catalog/desi_z2_reprocessor.py	library		SciPy
ai_slop/research/z2_catalog/native_extraction.py	library		SciPy
ai_slop/research/z2_deep_connections.py	library		SciPy
ai_slop/research/z2_flavor_simulator.py	library		SciPy
ai_slop/research/z2_testible_predictions/ALTERNATIVE_TESTS.py	library		SciPy
ai_slop/research/z2_testible_predictions/birefringence_in_t3z2.py	library		SciPy
ai_slop/research/z2_testible_predictions/cmb_matched_circles.py	library		SciPy
ai_slop/research/z2_testible_predictions/deep_investigation.py	library		SciPy
ai_slop/research/z2_testible_predictions/dust_eb_systematic.py	library		SciPy
ai_slop/research/z2_testible_predictions/gw_polarization_deep_analysis.py	library		SciPy
ai_slop/research/z2_testible_predictions/gw_polarization_test.py	library		SciPy
ai_slop/research/z2_testible_predictions/investigate_best_candidate.py	library		SciPy
ai_slop/research/z2_testible_predictions/low_ell_analysis.py	library		SciPy
ai_slop/research/z2_testible_predictions/planck_analysis_detailed.py	library		SciPy
ai_slop/research/z2_testible_predictions/verify_all_tests.py	library		SciPy
ai_slop/research/z_squared_8d_manifold.py	library		SciPy
ai_slop/research/z_squared_alternative_approaches.py	library		SciPy
ai_slop/research/z_squared_black_holes_quantum_gravity.py	library		SciPy
ai_slop/research/z_squared_complete_proof_structure.py	library		SciPy
ai_slop/research/z_squared_connes_approach.py	library		SciPy
ai_slop/research/z_squared_convergence_proof.py	library		SciPy
ai_slop/research/z_squared_convexity_proof.py	library		SciPy
ai_slop/research/z_squared_entropy_variational.py	library		SciPy
ai_slop/research/z_squared_higher_dimensions.py	library		SciPy
ai_slop/research/z_squared_hilbert_polya.py	library		SciPy
ai_slop/research/z_squared_riemann_advanced.py	library		SciPy
ai_slop/research/z_squared_riemann_complete_closure.py	library		SciPy
ai_slop/research/z_squared_riemann_deep_analysis.py	library		SciPy
ai_slop/research/z_squared_riemann_direct_proof.py	library		SciPy
ai_slop/research/z_squared_riemann_gap_closure.py	library		SciPy
ai_slop/research/z_squared_riemann_gap_closure_final.py	library		SciPy
ai_slop/research/z_squared_riemann_hypothesis.py	library		SciPy
ai_slop/research/z_squared_riemann_operator.py	library		SciPy
ai_slop/research/z_squared_riemann_operator_rigorous.py	library		SciPy
ai_slop/research/z_squared_riemann_proof_attempt.py	library		SciPy
ai_slop/research/z_squared_riemann_rigorous_bound.py	library		SciPy
ai_slop/research/z_squared_riemann_whats_missing.py	library		SciPy
ai_slop/research/z_squared_variational_gap_fix.py	library		SciPy
ai_slop/research/z_squared_variational_principle_proof.py	library		SciPy
ai_slop/scripts/64pi_analysis.py	library		SciPy
ai_slop/scripts/64pi_detailed_analysis.py	library		SciPy
ai_slop/website/public/research/ads_cft_dictionary.py	library		SciPy
ai_slop/website/public/research/gravity_leaking_mechanism.py	library		SciPy
ai_slop/website/public/research/mond_acceleration_derivation.py	library		SciPy
campaign_fresh_gravity/CFG0_parameter_reduction.py	library		SciPy
campaign_fresh_gravity/CFG12_budget_scale.py	library		SciPy
campaign_fresh_gravity/CFG20_lg_edge.py	library		SciPy
campaign_fresh_gravity/CFG22_soft_edge.py	library		SciPy
campaign_fresh_gravity/CFG23_lcdm_control.py	library		SciPy
campaign_fresh_gravity/CFG25_fg016_lcdm_control.py	library		SciPy
campaign_fresh_gravity/CFG26_constrained_infall.py	library		SciPy
campaign_fresh_gravity/CFG28_ufd_referee.py	library		SciPy
campaign_fresh_gravity/CFG2_B_galaxies.py	library		SciPy
campaign_fresh_gravity/CFG2_common.py	library		SciPy
campaign_fresh_gravity/CFG30_binary_galaxies_referee.py	library		SciPy
campaign_fresh_gravity/CFG34_groups_and_the_ladder_under_b.py	library		SciPy
campaign_fresh_gravity/CFG3_common.py	library		SciPy
campaign_fresh_gravity/CFG3_principle.py	library		SciPy
campaign_fresh_gravity/CFG3_solar_system.py	library		SciPy
campaign_fresh_gravity/CFG3_web_lensing.py	library		SciPy
campaign_fresh_gravity/CFG4_clusters.py	library		SciPy
campaign_fresh_gravity/CFG4_cosmology.py	library		SciPy
campaign_fresh_gravity/CFG4_galaxy_law.py	library		SciPy
campaign_fresh_gravity/CFG4_switch.py	library		SciPy
campaign_fresh_gravity/CFG4_target.py	library		SciPy
campaign_fresh_gravity/CFG5_1_principle.py	library		SciPy
campaign_fresh_gravity/CFG5_3_sparc.py	library		SciPy
campaign_fresh_gravity/CFG5_common.py	library		SciPy
campaign_fresh_gravity/CFG6_common.py	library		SciPy
campaign_fresh_gravity/CFG7_common.py	library		SciPy
campaign_fresh_gravity/CFG7_edge_fg016.py	library		SciPy
campaign_fresh_gravity/CFG7_groundstate_fg004.py	library		SciPy
campaign_fresh_gravity/CFG7_hierarchy_fg001.py	library		SciPy
campaign_fresh_gravity/CFG7_tdg_fg041.py	library		SciPy
campaign_fresh_gravity/CFG8_chae_kernel.py	library		SciPy
campaign_fresh_gravity/CFG9_local_virial.py	library		SciPy
deepseek_push/D04_residual_budget.py	library		SciPy
deepseek_push/D06_cosmic_noon.py	library		SciPy
deepseek_push/DE02_framework_decline.py	library		SciPy
deepseek_push/DE03_dsph_ellipticity.py	library		SciPy
deepseek_push/DE09_dsph_alignment.py	library		SciPy
deepseek_push/G01_dark_df.py	library		SciPy
deepseek_push/G05_21cm_epoch.py	library		SciPy
deepseek_push/G080_highz_law.py	library		SciPy
deepseek_push/G081_equilibrium_stability.py	library		SciPy
deepseek_push/G087_btfr_scatter.py	library		SciPy
deepseek_push/G08_formation_story.py	library		SciPy
deepseek_push/G093_freedust.py	library		SciPy
deepseek_push/G094_cluster_evidence_audit.py	library		SciPy
deepseek_push/G097_chi2_decomposition.py	library		SciPy
deepseek_push/G09_dust_closure.py	library		SciPy
deepseek_push/G100_wallaby_efe.py	library		SciPy
deepseek_push/G105_coherency_test.py	library		SciPy
deepseek_push/G106_share_function.py	library		SciPy
deepseek_push/G107_gas_fraction.py	library		SciPy
deepseek_push/G108_outer_decomposition.py	library		SciPy
deepseek_push/G113_tsz_prediction.py	library		SciPy
deepseek_push/G115_low_mass_floor.py	library		SciPy
deepseek_push/G122_coherency_decomp.py	library		SciPy
deepseek_push/G123_phantom_overdemand.py	library		SciPy
deepseek_push/G124_crossover_143.py	library		SciPy
deepseek_push/G126_zw1215_case.py	library		SciPy
deepseek_push/G129_tsz_proposal.py	library		SciPy
deepseek_push/G134_v4_partial.py	library		SciPy
deepseek_push/G138_cap_firing.py	library		SciPy
deepseek_push/G140_amp_mass.py	library		SciPy
deepseek_push/G141_tsz_dust.py	library		SciPy
deepseek_push/G142_inner_fgas.py	library		SciPy
deepseek_push/G143_group_amplitude.py	library		SciPy
deepseek_push/G160_cap_break.py	library		SciPy
deepseek_push/G164_galaxy_kink.py	library		SciPy
deepseek_push/G176_dust_seam.py	library		SciPy
deepseek_push/G177_tsz_amendment.py	library		SciPy
deepseek_push/G179_cluster_pie.py	library		SciPy
deepseek_push/G183_n_family.py	library		SciPy
deepseek_push/G185_amplitude_derivation.py	library		SciPy
deepseek_push/G191_kink_width.py	library		SciPy
deepseek_push/G194_dark_ages_phantom.py	library		SciPy
deepseek_push/G200_q_derivation.py	library		SciPy
deepseek_push/G206_wojtak_2d.py	library		SciPy
deepseek_push/G209_beta_profile.py	library		SciPy
deepseek_push/G210_bondi_0586.py	library		SciPy
deepseek_push/G212_mass_triangle.py	library		SciPy
deepseek_push/G213_freeze_map.py	library		SciPy
deepseek_push/G220_tsz_final.py	library		SciPy
deepseek_push/G223_line_scatter.py	library		SciPy
deepseek_push/G231_distribution_form.py	library		SciPy
deepseek_push/G236_bootstrap_fixedpoint.py	library		SciPy
deepseek_push/L03_2d_transfer.py	library		SciPy
deepseek_push/M03_cluster_audit.py	library		SciPy
deepseek_push/N01_KERNEL_REFERENCE.py	library		SciPy
deepseek_push/S01_running_a0.py	library		SciPy
deepseek_push/S07_dark_pspectrum.py	library		SciPy
deepseek_push/S09_one_scale.py	library		SciPy
deepseek_push/V01_master_charfun.py	library		SciPy
deepseek_push/V04_inverse_moments.py	library		SciPy
deepseek_push/Z06_tsz_pull.py	library		SciPy
deepseek_push/Z09_ufd_beta.py	library		SciPy
deepseek_push/astra_spawn_ideas/fresh_gravity_followups/results/FGF-011/fgf011_audit_001/audit_matter.py	library		SciPy
deepseek_push/astra_spawn_ideas/fresh_gravity_followups/results/FGF-015/fgf015_run_001/slab_modes.py	library		SciPy
deepseek_push/astra_spawn_ideas/fresh_gravity_followups/results/FGF-017/fgf017_run_001/compute.py	library		SciPy
deepseek_push/astra_spawn_ideas/fresh_gravity_followups/results/FGF-019/fgf019_run_001/project.py	library		SciPy
deepseek_push/astra_spawn_ideas/results/AS041/AS041-r1-20260928T033602Z-dsv4f-hermes/compute_as041.py	library		SciPy
deepseek_push/astra_spawn_ideas/results/AS043/AS043-efe-r1-20260928T072722Z-dsv4f-hermes/as043_efe.py	library		SciPy
deepseek_push/astra_spawn_ideas/results/AS045/AS045-heatdom-r1-20260928T051523Z-dsv4f-hermes/audit_heat_filter_domain.py	library		SciPy
deepseek_push/astra_spawn_ideas/results/AS056/AS056_r01_20260928/as056_controls.py	library		SciPy
deepseek_push/astra_spawn_ideas/results/AS061/AS061-r1-20260928T090150-7189aade/checks_AS061.py	library		SciPy
deepseek_push/astra_spawn_ideas/results/AS066/AS066-r1-20260928T104243Z-dsv4f-hermes/k01_zero_mode_theorem_and_lambda_free_vacuum.py	library		SciPy
deepseek_push/astra_spawn_ideas/results/AS073/AS073-r1-20260928T1121Z-dsv4f-hermes/compute_as073.py	library		SciPy
deepseek_push/astra_spawn_ideas/results/AS131/AS131-r1-20260928T153400Z-dsv4f-hermes/verify_heat_stress.py	library		SciPy
deepseek_push/astra_spawn_ideas/results/AS245/AS245-efe-r1-20260928T1711Z-dsv4f-hermes/as245_efe.py	library		SciPy
deepseek_push/g03_candidate1_gates.py	library		SciPy
deepseek_push/g03b_capped_equilibrium.py	library		SciPy
deepseek_push/lanes/G036_radial_scatter_function.py	library		SciPy
deepseek_push/lanes/G040_offset_decomposition.py	library		SciPy
deepseek_push/riemann_attemp/RH01_log_moment_zeros.py	library		SciPy
deepseek_push/riemann_attemp/RH10_rar_of_zeros.py	library		SciPy
fable_independent_2026/L135_ppn_solar_system_gate_pincer.py	library		SciPy
fable_independent_2026/L137_aest_dust_stiff_correction.py	library		SciPy
fable_independent_2026/L139_cuscuton_transplant_route2_open.py	library		SciPy
fable_independent_2026/L140_branch_adjudication_and_mondness.py	library		SciPy
fable_independent_2026/L141_acoustic_driving_third_peak.py	library		SciPy
fable_independent_2026/L142_growth_sigma8_pk.py	library		SciPy
fable_independent_2026/L143_a0z_prediction_and_tests.py	library		SciPy
fable_independent_2026/L144_verdict_and_lean_propositions.py	library		SciPy
fable_independent_2026/L145_cmb_third_peak_floor.py	library		SciPy
fable_independent_2026/L147_verify_cmb_profile.py	library		SciPy
fable_independent_2026/L148_galaxy_cdm_ceiling.py	library		SciPy
fable_independent_2026/L149_binding_constraint.py	library		SciPy
fable_independent_2026/L150_halo_robustness.py	library		SciPy
fable_independent_2026/L152_running_cs2_pk_lyman_alpha.py	library		SciPy
fable_independent_2026/L153a_identity_soundspeed_coupling.py	library		SciPy
fable_independent_2026/L153d_sparc_double_counting.py	library		SciPy
fable_independent_2026/L156_gdm_soundspeed_requirement.py	library		SciPy
fable_independent_2026/L158_gdm_loophole_verdict.py	library		SciPy
fable_independent_2026/L159_decay_lifetime_window_and_background_cost.py	library		SciPy
fable_independent_2026/L160_decay_two_body_kick_branch.py	library		SciPy
fable_independent_2026/L161_decay_structure_clusters_and_synthesis.py	library		SciPy
fable_independent_2026/L162_decay_evacuation_criterion_sensitivity.py	library		SciPy
fable_independent_2026/L163_decay_live_window_characterisation.py	library		SciPy
fable_independent_2026/L164_decay_lyman_alpha_redshift.py	library		SciPy
fable_independent_2026/L165_smooth_dust_third_peak_calibrated_sigma.py	library		SciPy
fable_independent_2026/L168_flux_power_two_body_decay.py	library		SciPy
fable_independent_2026/L169_single_metric_action.py	library		SciPy
fable_independent_2026/L172_mw_outer_curve_and_fgal_ledger.py	library		SciPy
fable_independent_2026/L173_internal_clock_fluid.py	library		SciPy
fable_independent_2026/L174_small_scale_shear.py	library		SciPy
fable_independent_2026/L177_time_dependent_coupling.py	library		SciPy
fable_independent_2026/L179_lensing_from_kernel_potential.py	library		SciPy
fable_independent_2026/L17_elliptic_nonlocal.py	library		SciPy
fable_independent_2026/L180_hubble_kernel_growth_prediction.py	library		SciPy
fable_independent_2026/L181_desi_dr1_fsigma8_check.py	library		SciPy
fable_independent_2026/L182_recombination_kernel_solver.py	library		SciPy
fable_independent_2026/L188_density_gated_depletion.py	library		SciPy
fable_independent_2026/L189_clock_frame_kicks.py	library		SciPy
fable_independent_2026/L190_c003_radial_kids_and_cluster_shape.py	library		SciPy
fable_independent_2026/L192_gradient_criticality.py	library		SciPy
fable_independent_2026/L194_tracking_dynamics.py	library		SciPy
fable_independent_2026/L199_trigger_sharpness.py	library		SciPy
fable_independent_2026/L204_boosted_metric_expansion.py	library		SciPy
fable_independent_2026/L207_the_missing_operator.py	library		SciPy
fable_independent_2026/L209_history_in_the_window.py	library		SciPy
fable_independent_2026/L21_binary_galaxies.py	library		SciPy
fable_independent_2026/L224_sector_perturbations.py	library		SciPy
fable_independent_2026/L225_flux_power.py	library		SciPy
fable_independent_2026/L22_curl_field.py	library		SciPy
fable_independent_2026/L231_the_curve.py	library		SciPy
fable_independent_2026/L233_predictions.py	library		SciPy
fable_independent_2026/L23_udg_verify.py	library		SciPy
fable_independent_2026/L243_onefunction_cassini_quadrupole.py	library		SciPy
fable_independent_2026/L247_self_acceleration_medium.py	library		SciPy
fable_independent_2026/L248_lensing_mass_budget.py	library		SciPy
fable_independent_2026/L24_lensing_vs_dynamics.py	library		SciPy
fable_independent_2026/L250_void_evacuation.py	library		SciPy
fable_independent_2026/L254_ksz_pairwise_velocity.py	library		SciPy
fable_independent_2026/L258_closure_audit.py	library		SciPy
fable_independent_2026/L261_wave32_audit.py	library		SciPy
fable_independent_2026/L262_paper30_ledger.py	library		SciPy
fable_independent_2026/L28_tightness.py	library		SciPy
fable_independent_2026/L30_saturated_branch.py	library		SciPy
fable_independent_2026/L32_kappa_necessary.py	library		SciPy
fable_independent_2026/L34_boost_vs_cubic.py	library		SciPy
fable_independent_2026/L38_supernova_reexam.py	library		SciPy
fable_independent_2026/L3_flux_quantisation.py	library		SciPy
fable_independent_2026/L40_coefficient_rigidity.py	library		SciPy
fable_independent_2026/L41_cluster_specification.py	library		SciPy
fable_independent_2026/L43_assemble_theory.py	library		SciPy
fable_independent_2026/L45_cgm_baryons.py	library		SciPy
fable_independent_2026/L47_xi_collision.py	library		SciPy
fable_independent_2026/L49_minimum_addition.py	library		SciPy
fable_independent_2026/L51_second_combination.py	library		SciPy
fable_independent_2026/L53_saturated_cores.py	library		SciPy
fable_independent_2026/L56_potential_trigger.py	library		SciPy
fable_independent_2026/L57_nonlocal_functional.py	library		SciPy
fable_independent_2026/L5_long_range_G.py	library		SciPy
fable_independent_2026/L61_permitted_branches.py	library		SciPy
fable_independent_2026/L62_group_channel.py	library		SciPy
fable_independent_2026/L64_screened_solve.py	library		SciPy
fable_independent_2026/L67_emergent_mond.py	library		SciPy
fable_independent_2026/L68_dipolar_dm.py	library		SciPy
fable_independent_2026/L70_bimetric_branch.py	library		SciPy
fable_independent_2026/L73_lead_completeness.py	library		SciPy
fable_independent_2026/L93_linear_growth_sigma8.py	library		SciPy
fable_independent_2026/clock_swarm_2026/CK01_clock_gw170817_gate.py	library		SciPy
fable_independent_2026/kappa_slot_2026/G111_relaxation_nbody.py	library		SciPy
fable_independent_2026/kappa_slot_2026/SW01_direction_blind_efe.py	library		SciPy
fable_independent_2026/kappa_slot_2026/SW02_mesoscopic_switch.py	library		SciPy
fable_independent_2026/kappa_slot_2026/SW04_ppn_full.py	library		SciPy
fable_independent_2026/kappa_slot_2026/SW05_quadrature_repair.py	library		SciPy
fable_independent_2026/kappa_slot_2026/SW06_lensing_trilemma_quadrature.py	library		SciPy
gemini38_flash_push/definitive_onefunction_unification.py	library		SciPy
gemini38_flash_push/kepler_grade_predictions.py	library		SciPy
gemini38_flash_push/swing_all_breakthroughs.py	library		SciPy
gext_vectors_2026/src/gext_estimator.py	library		SciPy
glm53_push/G005_derived_length_cassini.py	library		SciPy
glm53_push/G008_cluster_fluid_verdict.py	library		SciPy
glm53_push/G012_cluster_amplitude.py	library		SciPy
glm53_push/G013_ml_freedom_floor.py	library		SciPy
glm53_push/G016_capped_cluster_amplitude.py	library		SciPy
glm53_push/G022_forest_gate.py	library		SciPy
glm53_push/G024_desi_pointwise.py	library		SciPy
glm53_push/G036_radial_scatter_function.py	library		SciPy
glm53_push/G038_completion_cosmology.py	library		SciPy
glm53_push/G040_offset_decomposition.py	library		SciPy
glm53_push/G042_wang_vertical_response.py	library		SciPy
glm53_push/G044_corpus_extension.py	library		SciPy
glm53_push/G045_kernel_desi_observables.py	library		SciPy
glm53_push/G048_mimetic_dust.py	library		SciPy
glm53_push/G049_sag_decomposition.py	library		SciPy
glm53_push/G050_cluster_hydrostatic_split.py	library		SciPy
glm53_push/G051_master_table.py	library		SciPy
glm53_push/G054_frozen_scalar_cosmology.py	library		SciPy
glm53_push/G057_cluster_prediction_table.py	library		SciPy
glm53_push/G057_sag_parameter_sweep.py	library		SciPy
glm53_push/G062_mw_test.py	library		SciPy
hermes_push/H001_mondstate_gate_forest.py	library		SciPy
hermes_push/search/run_search.py	library		SciPy
hunt_2026/exact_mu_cassini_2026/exact_mu_qumond_cassini.py	library		SciPy
hunt_2026/f02_pressure_jeans.py	library		SciPy
hunt_2026/f12_disc_virial_coefficient.py	library		SciPy
hunt_2026/f16_curl_field_fork_on_discs.py	library		SciPy
hunt_2026/f17_curl_fork_two_template.py	library		SciPy
hunt_2026/f18_curl_fork_per_galaxy_templates.py	library		SciPy
hunt_2026/f22_cluster_threshold_hunt.py	library		SciPy
hunt_2026/f23_kernel_transcription_audit.py	library		SciPy
hunt_2026/f24_aqual_quadrupole_rar_kernel.py	library		SciPy
hunt_2026/f25_profiled_kernel_comparison_mu10.py	library		SciPy
hunt_2026/f26_matched_disc_forward_solve.py	library		SciPy
hunt_2026/f28_one_argument_pincer.py	library		SciPy
hunt_2026/f29_coherence_length_law.py	library		SciPy
hunt_2026/f30_ppn_screening_door.py	library		SciPy
hunt_2026/g02_vertical_vs_planar_frequency_split.py	library		SciPy
hunt_2026/g02v_adversarial_normalisation_budget_refutation.py	library		SciPy
hunt_2026/g04_solar_system_eccentricity_discriminant.py	library		SciPy
hunt_2026/g04_verify_cassini_q2_adversarial.py	library		SciPy
hunt_2026/g04v_adversarial_eccentricity_vacuity_refutation.py	library		SciPy
hunt_2026/g04v_adversarial_q2_discriminant_refutation.py	library		SciPy
hunt_2026/g04v_adversarial_sedna_absorption_refutation.py	library		SciPy
hunt_2026/g04v_sedna_absorption_adversarial.py	library		SciPy
hunt_2026/g04v_sedna_structural_vs_instrumental.py	library		SciPy
hunt_2026/g04v_solar_tail_margin_adversarial.py	library		SciPy
hunt_2026/g05_dsph_prescription_fixed_and_expanded.py	library		SciPy
hunt_2026/g05v_adversarial_matched_pair_refutation.py	library		SciPy
hunt_2026/g05v_adversarial_pressure_sample_composition.py	library		SciPy
hunt_2026/g05v_depth_confound_adversarial.py	library		SciPy
hunt_2026/g06v_adversarial_estimator_audit.py	library		SciPy
hunt_2026/h102_gas_dominated_a0.py	library		SciPy
hunt_2026/h103_deep_tail_error_budget.py	library		SciPy
hunt_2026/h106_h107_h108_li2020_halos.py	library		SciPy
hunt_2026/h109_halo_spin.py	library		SciPy
hunt_2026/h110_h122_phantom_profile.py	library		SciPy
hunt_2026/h111_h112_kids_ml_machine.py	library		SciPy
hunt_2026/h113_kids_two_halo.py	library		SciPy
hunt_2026/h116_diversity_residual_anatomy.py	library		SciPy
hunt_2026/h117_rar_intrinsic_scatter.py	library		SciPy
hunt_2026/h118_rar_residuals_morphology.py	library		SciPy
hunt_2026/h119_upsilon_colour.py	library		SciPy
hunt_2026/h120_diskmass_upsilon_localise.py	library		SciPy
hunt_2026/h121_gas_calibration_transfer.py	library		SciPy
hunt_2026/h123_h125_the_ladder.py	library		SciPy
hunt_2026/h124_stellar_mass_free_a0.py	library		SciPy
hunt_2026/h16_h27_h97.py	library		SciPy
hunt_2026/h17_diskmass_thickness.py	library		SciPy
hunt_2026/h28_chae_efe_wallaby.py	library		SciPy
hunt_2026/h31_almost_dark_btfr.py	library		SciPy
hunt_2026/h31b_almost_dark_selection_audit.py	library		SciPy
hunt_2026/h32_hi_velocity_function.py	library		SciPy
hunt_2026/h34_h35_h38_milky_way.py	library		SciPy
hunt_2026/h37_lmc_bound.py	library		SciPy
hunt_2026/h40_sednoid_perihelia.py	library		SciPy
hunt_2026/h47_dwarf_pairs.py	library		SciPy
hunt_2026/h48_h69_binary_galaxies.py	library		SciPy
hunt_2026/h48_h69b_relative_isolation.py	library		SciPy
hunt_2026/h50_gc_dispersions.py	library		SciPy
hunt_2026/h51_pn_profiles.py	library		SciPy
hunt_2026/h53_h54_slacs_lenses.py	library		SciPy
hunt_2026/h59_h60_cluster_T_Y_slopes.py	library		SciPy
hunt_2026/h59b_h60b_aperture_and_selection.py	library		SciPy
hunt_2026/h5_h95_h58.py	library		SciPy
hunt_2026/h62_phantom_ellipticity.py	library		SciPy
hunt_2026/h67_hff_cores.py	library		SciPy
hunt_2026/h73_h86_h87_cosmic_dawn.py	library		SciPy
hunt_2026/h76_h13_h36_h63.py	library		SciPy
hunt_2026/h89_h92_h19_h68.py	library		SciPy
hunt_2026/h93_outer_halo_globulars.py	library		SciPy
hunt_2026/h_kids_halo_bound_CORRECTION.py	library		SciPy
hunt_2026/k01_outer_shape_law.py	library		SciPy
hunt_2026/k01_uvlf_shape_a0.py	library		SciPy
hunt_2026/k02_deep_mond_bernoulli.py	library		SciPy
hunt_2026/k02_turnaround_lambda_weld.py	library		SciPy
hunt_2026/k02_upsilon_amplification_a0z.py	library		SciPy
hunt_2026/k03_deep_mond_rung_at_z1.py	library		SciPy
hunt_2026/k04_disc_curl_correction.py	library		SciPy
hunt_2026/k05_anisotropy_halving.py	library		SciPy
hunt_2026/k07_shape_marginalised_a0.py	library		SciPy
hunt_2026/k07b_calibration_lever_theorem.py	library		SciPy
hunt_2026/k07d_phantom_acceleration_ceiling.py	library		SciPy
hunt_2026/k07e_turnaround_radius_law.py	library		SciPy
hunt_2026/k_anomaly-mining_ionizing_budget.py	library		SciPy
hunt_2026/k_cross-scale_mwmass.py	library		SciPy
hunt_2026/k_dimensional_efe_break.py	library		SciPy
hunt_2026/k_dimensional_turnaround_groups.py	library		SciPy
hunt_2026/k_high-z_amplified_scatter.py	library		SciPy
hunt_2026/k_high-z_floor_census.py	library		SciPy
hunt_2026/k_high-z_gas_extent_calibration.py	library		SciPy
hunt_2026/k_ml-free_lever_conservation.py	library		SciPy
hunt_2026/k_ml-free_shape_a0_nuisance.py	library		SciPy
hunt_2026/u01_common_currency_disc_lensing.py	library		SciPy
hunt_2026/u02_measurement_method_organiser.py	library		SciPy
hunt_2026/u02_second_acceleration_scale.py	library		SciPy
hunt_2026/u03_efe_keepers_and_binaries.py	library		SciPy
hunt_2026/u11_kernel_modifications.py	library		SciPy
hunt_2026/u12_extra_variable_modifications.py	library		SciPy
hunt_2026/u13_mass_efe_and_domain.py	library		SciPy
hy4_push/D036_cluster_two_zone_test.py	library		SciPy
hy4_push/H002_cmb_perturbations.py	library		SciPy
hy4_push/H038_phidot_attractor.py	library		SciPy
hy4_push/H039_cluster_two_zone_test.py	library		SciPy
hy4_push/H062_exponent_gap.py	library		SciPy
kappa_closure/k01_zero_mode_theorem_and_lambda_free_vacuum.py	library		SciPy
kappa_closure/k02_global_constraint_average.py	library		SciPy
kappa_closure/k04_four_form_promotion_consistency.py	library		SciPy
kimik3_push/scripts/K005_formation_spherical_infall.py	library		SciPy
kimik3_push/scripts/K008_condensate_hydrostatic.py	library		SciPy
kimik3_push/scripts/K009_self_consistent_isothermal.py	library		SciPy
kimik3_push/scripts/K015_nonspherical_bvp.py	library		SciPy
nbody_2026/stage16_lognormal_forest_mock_2026.py	library		SciPy
nbody_2026/stage24_cosmic_dawn_confrontation_2026.py	library		SciPy
nbody_2026/stage26_collapse_acceleration_own_terms_2026.py	library		SciPy
nbody_2026/stage31_helmholtz_fit_xcop_2026.py	library		SciPy
nbody_2026/stage32_selfconsistent_qs_solve_2026.py	library		SciPy
nbody_2026/stage33_potential_depth_solve_2026.py	library		SciPy
nbody_2026/stage34_q_route_clusters_2026.py	library		SciPy
nbody_2026/stage35_constructed_mechanism_2026.py	library		SciPy
nbody_2026/stage38_second_field_mixing_2026.py	library		SciPy
nbody_2026/stage39_derived_beta_from_promotion_2026.py	library		SciPy
nbody_2026/stage40_derived_amplitude_sign_theorem_2026.py	library		SciPy
nbody_2026/stage44_cluster_caveats_verified_2026.py	library		SciPy
nbody_2026/stage54_ev_laneY_referee_2026.py	library		SciPy
nbody_2026/stage69_cs2_growth_class_2026.py	library		SciPy
nbody_2026/stage80_reaudit_massconserved_rar_2026.py	library		SciPy
nbody_2026/svt_2026/adversarial_identities_numerics_2026.py	library		SciPy
nbody_2026/svt_2026/svt_scalar_modes.py	library		SciPy
openai_push/final_closure/gate_spherical_efe_2026.py	library		SciPy
openai_push/final_closure/scripts/ppn_mmg_gate_2026.py	library		SciPy
opus_46_gemini_experiment/phase_07_linear_response/retarded_susceptibility_deSitter.py	library		SciPy
opus_48_extended_research/reviews/AUDIT_rar_footing_recheck.py	library		SciPy
opus_48_extended_research/reviews/HOSTILE_RECHECK_baryon_budget.py	library		SciPy
opus_48_extended_research/reviews/HOSTILE_density_a0_ell_recheck.py	library		SciPy
opus_48_extended_research/reviews/HOSTILE_galaxy_box_regrade.py	library		SciPy
opus_48_extended_research/reviews/HOSTILE_rDE_independent_check.py	library		SciPy
opus_48_extended_research/reviews/HOSTILE_rar_footing_independent.py	library		SciPy
opus_48_extended_research/reviews/a0_law/rar_empirical_law.py	library		SciPy
opus_48_extended_research/reviews/a0_law/route2_btfr_law.py	library		SciPy
opus_48_extended_research/reviews/a0_law/route4_cosmic_coincidence.py	library		SciPy
opus_48_extended_research/reviews/a0z_ciocan/ciocan_a0z_FINAL_RECONCILE.py	library		SciPy
opus_48_extended_research/reviews/a0z_ciocan/ciocan_a0z_SKEPTIC_AUDIT.py	library		SciPy
opus_48_extended_research/reviews/a0z_ciocan/ciocan_a0z_chi2.py	library		SciPy
opus_48_extended_research/reviews/a0z_desi.py	library		SciPy
opus_48_extended_research/reviews/a0z_pull2_direct_measurements_vs_desi_branch.py	library		SciPy
opus_48_extended_research/reviews/a0z_turnon_future.py	library		SciPy
opus_48_extended_research/reviews/aest_collapse/aest_collapse_solve.py	library		SciPy
opus_48_extended_research/reviews/aest_phi_cluster/aest_phi_cluster_ADVERSARIAL.py	library		SciPy
opus_48_extended_research/reviews/aest_phi_cluster/aest_phi_cluster_solve.py	library		SciPy
opus_48_extended_research/reviews/aest_phi_cluster/aest_phi_galaxy_cassini_veto.py	library		SciPy
opus_48_extended_research/reviews/aest_rigorous_collapse/aest_rig_core.py	library		SciPy
opus_48_extended_research/reviews/aest_rigorous_collapse/aest_rig_nonradial_vector.py	library		SciPy
opus_48_extended_research/reviews/aest_rigorous_collapse/aest_rig_selfconsistent.py	library		SciPy
opus_48_extended_research/reviews/aest_single_mu_gauntlet.py	library		SciPy
opus_48_extended_research/reviews/btfr_slope_odr_bothways.py	library		SciPy
opus_48_extended_research/reviews/bullet/mi_merger_velocity.py	library		SciPy
opus_48_extended_research/reviews/bullet_mond/route3_collision_velocity.py	library		SciPy
opus_48_extended_research/reviews/clash_cluster/clash_target_profile.py	library		SciPy
opus_48_extended_research/reviews/cluster_aest_massterm_BVP_implB.py	library		SciPy
opus_48_extended_research/reviews/cluster_aest_massterm_derivation.py	library		SciPy
opus_48_extended_research/reviews/cluster_aest_shooting_solver.py	library		SciPy
opus_48_extended_research/reviews/cluster_chi_out_cosmological_matching.py	library		SciPy
opus_48_extended_research/reviews/cluster_chi_out_rta_robustness.py	library		SciPy
opus_48_extended_research/reviews/cluster_density_a0_shape_reconcile.py	library		SciPy
opus_48_extended_research/reviews/cluster_doors3/routeA_circularity_and_baryonic_phi.py	library		SciPy
opus_48_extended_research/reviews/cluster_doors3/routeA_followup_shape_cassini_dwarf.py	library		SciPy
opus_48_extended_research/reviews/cluster_doors3/routeA_potential_depth_keyed.py	library		SciPy
opus_48_extended_research/reviews/cluster_doors3/routeC_multifield_core.py	library		SciPy
opus_48_extended_research/reviews/cluster_eta_equipment_forensic.py	library		SciPy
opus_48_extended_research/reviews/cluster_eta_independent_regrade.py	library		SciPy
opus_48_extended_research/reviews/cluster_explain/route1_qmode_clustering_profile.py	library		SciPy
opus_48_extended_research/reviews/cluster_explain/route1_qmode_profile_jeans_filter.py	library		SciPy
opus_48_extended_research/reviews/cluster_hunt2/aest_extended_and_galaxy_veto.py	library		SciPy
opus_48_extended_research/reviews/cluster_hunt2/aest_full_YQ_core.py	library		SciPy
opus_48_extended_research/reviews/cluster_hunt2/core_mass_oscillation_scan.py	library		SciPy
opus_48_extended_research/reviews/cluster_hunt2/galaxy_veto_sparc.py	library		SciPy
opus_48_extended_research/reviews/cluster_hunt2/oscillation_onset_scale.py	library		SciPy
opus_48_extended_research/reviews/cluster_routeB_turnaround_matching.py	library		SciPy
opus_48_extended_research/reviews/cluster_shape_a2029/a2029_core_residual_shape.py	library		SciPy
opus_48_extended_research/reviews/collective_efe/divergence_theorem_proof.py	library		SciPy
opus_48_extended_research/reviews/collective_efe/route3_longrange_horizon.py	library		SciPy
opus_48_extended_research/reviews/confront_li2026_dde_a0z.py	library		SciPy
opus_48_extended_research/reviews/cosmic_density_a0/cosmic_web_a0_route1.py	library		SciPy
opus_48_extended_research/reviews/cosmic_density_a0/route3_bothways_audit.py	library		SciPy
opus_48_extended_research/reviews/cosmic_density_a0/route3_distinct_from_routeE.py	library		SciPy
opus_48_extended_research/reviews/dark_sector_cmb/cmb_requirement.py	library		SciPy
opus_48_extended_research/reviews/density_a0_ell_1mpc_test.py	library		SciPy
opus_48_extended_research/reviews/density_a0_rDE_crossover.py	library		SciPy
opus_48_extended_research/reviews/derivation_chain/gap1_mm_invariant_enumeration.py	library		SciPy
opus_48_extended_research/reviews/derivation_chain/gap2_mechanism_independence.py	library		SciPy
opus_48_extended_research/reviews/door_runs/C_lyapunov_SKEPTIC.py	library		SciPy
opus_48_extended_research/reviews/door_runs/C_lyapunov_stability.py	library		SciPy
opus_48_extended_research/reviews/door_runs/door_L_lensing_headtohead.py	library		SciPy
opus_48_extended_research/reviews/door_runs/door_L_lensing_headtohead_SKEPTIC.py	library		SciPy
opus_48_extended_research/reviews/efe_clinch_framework_dsunruh.py	library		SciPy
opus_48_extended_research/reviews/ell_desitter_unruh_horizon.py	library		SciPy
opus_48_extended_research/reviews/front_cassini/hees_rvarying_adversarial.py	library		SciPy
opus_48_extended_research/reviews/front_cassini/hees_rvarying_secular_integral.py	library		SciPy
opus_48_extended_research/reviews/front_cassini/hees_secular_kernel_rpower.py	library		SciPy
opus_48_extended_research/reviews/galaxy_box_robustness.py	library		SciPy
opus_48_extended_research/reviews/galaxy_box_viability_scan.py	library		SciPy
opus_48_extended_research/reviews/mi_pressure_supported_cluster.py	library		SciPy
opus_48_extended_research/reviews/mi_vs_aqual_decompose.py	library		SciPy
opus_48_extended_research/reviews/mine2_rar_universality_INHAND.py	library		SciPy
opus_48_extended_research/reviews/mine2b_universality_proper.py	library		SciPy
opus_48_extended_research/reviews/muse_dark_iii_confront.py	library		SciPy
opus_48_extended_research/reviews/next_doors_2026_07/a1_dw_a0z_discriminant.py	library		SciPy
opus_48_extended_research/reviews/next_doors_2026_07/b3_mightee_forks_robustness.py	library		SciPy
opus_48_extended_research/reviews/next_doors_2026_07/b3_mightee_nushape_test.py	library		SciPy
opus_48_extended_research/reviews/next_doors_2026_07/eta_beta_powered_maraboli.py	library		SciPy
opus_48_extended_research/reviews/next_doors_2026_07/verify_independent_refit.py	library		SciPy
opus_48_extended_research/reviews/rc_diversity_renzo.py	library		SciPy
opus_48_extended_research/reviews/route3_highz_kinematics_a0z_forecast.py	library		SciPy
opus_48_extended_research/reviews/sigma_predict/observational_test_design.py	library		SciPy
opus_48_extended_research/reviews/sigma_spread/discriminator_robustness.py	library		SciPy
opus_48_extended_research/reviews/sigma_spread/feasibility.py	library		SciPy
opus_48_extended_research/reviews/sigma_spread/population_nonadiabatic.py	library		SciPy
opus_48_extended_research/reviews/solution_hunt/curvature_floor_unifier.py	library		SciPy
opus_48_extended_research/reviews/sparc_rar_footing_bothways.py	library		SciPy
opus_48_extended_research/reviews/unified_law/route2_MI_cluster_mass_rederivation.py	library		SciPy
opus_48_extended_research/reviews/xrism_eta/xrism_eta_correction.py	library		SciPy
opus_49_doorH/sympy_derivation.py	library		SciPy
opus_49_doorJ/doorJ_drag.py	library		SciPy
opus_49_doorL/dcore_verify.py	library		SciPy
predictions_2026/sweep3_a0z_cosmic_dawn_numbers_2026.py	library		SciPy
prep_2026/a0_line/a0_cosmicweb_crosscorr_2026.py	library		SciPy
prep_2026/a0_line/cosmic_web_environment.py	library		SciPy
prep_2026/a0_line/fullrange_family_bias.py	library		SciPy
prep_2026/a0_line/published_a0_transfer.py	library		SciPy
prep_2026/a0_line_trgb/est_robust.py	library		SciPy
prep_2026/a0z_crossscale/a0z_deepmond_ifu_forecast_2026.py	library		SciPy
prep_2026/a0z_crossscale/a0z_model_comparison_forecast_2026.py	library		SciPy
prep_2026/a0z_crossscale/a0z_prediction_band_2026.py	library		SciPy
prep_2026/a0z_crossscale/bao_killswitch_a0z.py	library		SciPy
prep_2026/a0z_crossscale/bao_killswitch_a0z_2026.py	library		SciPy
prep_2026/a0z_crossscale/bao_razor_desi_forecast.py	library		SciPy
prep_2026/a0z_crossscale/confront.py	library		SciPy
prep_2026/a0z_crossscale/desi_posterior_a0z.py	library		SciPy
prep_2026/a0z_crossscale/desi_posterior_a0z_fullband.py	library		SciPy
prep_2026/a0z_crossscale/discriminating_power_a0z.py	library		SciPy
prep_2026/a0z_crossscale/footing_honesty_audit.py	library		SciPy
prep_2026/a0z_crossscale/forecast_rubin_a0z.py	library		SciPy
prep_2026/a0z_crossscale/galaxy_a0z.py	library		SciPy
prep_2026/a0z_from_sne/crossscale.py	library		SciPy
prep_2026/a0z_from_sne/extract_a0z.py	library		SciPy
prep_2026/btfr_forecast_audit/btfr_forecast_check.py	library		SciPy
prep_2026/bulkflow_dipole/bulkflow.py	library		SciPy
prep_2026/bulkflow_dipole/verify_indep.py	library		SciPy
prep_2026/cluster_efe_sign/net_sign.py	library		SciPy
prep_2026/cluster_efe_sign/robustness.py	library		SciPy
prep_2026/cluster_kink_spec/adversarial_recheck_d2.py	library		SciPy
prep_2026/concordance_ledger/concordance.py	library		SciPy
prep_2026/e13_photon_a0/e13_fit.py	library		SciPy
prep_2026/gaia_dr4_prep/aqual_efe_referee_round1_2026.py	library		SciPy
prep_2026/gaia_dr4_prep/catalog_builder/build_catalog.py	library		SciPy
prep_2026/gaia_dr4_prep/catalog_builder/validate_dr3.py	library		SciPy
prep_2026/gaia_dr4_prep/stx_dipole_template.py	library		SciPy
prep_2026/jeanneau_refit/verify_refit.py	library		SciPy
prep_2026/kernel_fingerprint/fingerprint.py	library		SciPy
prep_2026/l1_bvp/l1_bvp.py	library		SciPy
prep_2026/l1_bvp/verify_l1_independent.py	library		SciPy
prep_2026/manga_anisotropy/verify_independent.py	library		SciPy
prep_2026/mi_closure_pin/pullback_nonstationary.py	library		SciPy
prep_2026/mi_closure_pin/rider_a_offcircular.py	library		SciPy
prep_2026/mi_covariant_pt/perturb_mi.py	library		SciPy
prep_2026/mi_covariant_pt/solve_growth.py	library		SciPy
prep_2026/mi_field_theory/closure_map.py	library		SciPy
prep_2026/mi_field_theory/matter_coupling_Tmunu.py	library		SciPy
prep_2026/mi_fingerprint/rb2_frequency_dependence.py	library		SciPy
prep_2026/mi_fingerprint/rb3_eccentric_offset.py	library		SciPy
prep_2026/mi_fingerprint/ring_by_ring.py	library		SciPy
prep_2026/mi_integrator/VERIFY_independent.py	library		SciPy
prep_2026/mi_integrator/applications.py	library		SciPy
prep_2026/mi_integrator/mi_integrator.py	library		SciPy
prep_2026/mi_kernel_argument/growth_derived.py	library		SciPy
prep_2026/mi_lensing_final/verify_independent.py	library		SciPy
prep_2026/mi_linear_cosmology/mi_growth.py	library		SciPy
prep_2026/oneloop_finite/finite_checks_sumrule_positivity.py	library		SciPy
prep_2026/planetary_doors/laneK_kernel_planets.py	library		SciPy
prep_2026/planetary_doors/vfy_kernel_planets.py	library		SciPy
prep_2026/rar_origin_2026/dark_charge_dwarf_capture_framework_native_2026.py	library		SciPy
prep_2026/rar_origin_2026/dark_charge_kids_lensing_gate_2026.py	library		SciPy
prep_2026/rar_origin_2026/mond_plus_cold_dwarf_pincer_2026.py	library		SciPy
prep_2026/rar_origin_2026/rar_origin_detector_2026.py	library		SciPy
prep_2026/rubin_prereg/a0z_gate_estimator.py	library		SciPy
prep_2026/rubin_prereg/significance_vs_z.py	library		SciPy
prep_2026/sigma_spread/mi_spread.py	library		SciPy
prep_2026/sne_lambda/evolving_a0.py	library		SciPy
prep_2026/sne_lambda/linkedin_card.py	library		SciPy
prep_2026/sne_lambda/side_by_side.py	library		SciPy
prep_2026/sne_lambda/sne_extract.py	library		SciPy
project_atomos/A05_derived_mass_prediction.py	library		SciPy
project_atomos/B01_line_profile.py	library		SciPy
project_atomos/B02_line_flux.py	library		SciPy
project_atomos/B07_decoupling.py	library		SciPy
project_atomos/sumino_step2_flavon_forcing.py	library		SciPy
qwen_36_experiment/01_verify_passivity/compute_spectral_density.py	library		SciPy
qwen_36_experiment/02_eos_loophole/deep_mond_velocity.py	library		SciPy
qwen_36_experiment/02_eos_loophole/eos_compare_monddirect.py	library		SciPy
qwen_36_experiment/02_eos_loophole/eos_deep_analysis.py	library		SciPy
qwen_36_experiment/02_eos_loophole/eos_modified_inertia.py	library		SciPy
qwen_36_experiment/02_eos_loophole/eos_modified_inertia_v2.py	library		SciPy
qwen_36_experiment/03_kubo_program/tn02_phase34_passivity_theorem.py	library		SciPy
qwen_36_experiment/03_kubo_program/tn03_alpha_vacua_passivity.py	library		SciPy
qwen_36_experiment/03_kubo_program/tn04_phase69_accelerated_worldline.py	library		SciPy
qwen_36_experiment/03_kubo_program/tn05_phase69_clean.py	library		SciPy
qwen_36_experiment/03_kubo_program/tn07_ds_unruh_at_mond.py	library		SciPy
qwen_36_experiment/03_kubo_program/tn08_ds_unruh_corrected.py	library		SciPy
qwen_36_experiment/03_kubo_program/tn09_ds_unruh_correct_final.py	library		SciPy
qwen_36_experiment/03_kubo_program/tn10_field_theory_mi_nu.py	library		SciPy
qwen_36_experiment/03_kubo_program/tn11_lagrangian_action.py	library		SciPy
qwen_36_experiment/03_kubo_program/tn12_normalization_check.py	library		SciPy
qwen_36_experiment/03_kubo_program/tn12_spectral_galactic_predictions.py	library		SciPy
qwen_36_experiment/field_theory_synthesis.py	library		SciPy
qwen_36_experiment/generate_all_figures.py	library		SciPy
qwen_36_experiment/produce_all_figures.py	library		SciPy
qwen_36_experiment/real_research/reviews/mi_superohmic_equilibrium_escape_2026.py	library		SciPy
qwen_36_experiment/retarded_susceptibility_deSitter.py	library		SciPy
qwen_36_experiment/tn14_mu_fixed_point.py	library		SciPy
qwen_36_experiment/tn15_ness_backreaction.py	library		SciPy
qwen_36_experiment/tn16_rho_ness_sign.py	library		SciPy
qwen_36_experiment/tn17_rho_to_nu_neSS.py	library		SciPy
qwen_36_experiment/tn18_action_neSS.py	library		SciPy
qwen_36_experiment/tn19_predictions_ness.py	library		SciPy
qwen_36_experiment/tn21_fixed_point_attractor.py	library		SciPy
qwen_36_experiment/tn22_strong_coupling_stability.py	library		SciPy
qwen_36_experiment/tn23_cosmological_applications.py	library		SciPy
qwen_claude_field_theory/closure_2026/FC_AEST/scripts/fc_cassini_CORRECTED_2026.py	library		SciPy
qwen_claude_field_theory/closure_2026/FC_AEST/scripts/fc_cassini_quadrupole_2026.py	library		SciPy
qwen_claude_field_theory/closure_2026/FC_AEST/scripts/fc_lensing_rar_mu10_2026.py	library		SciPy
qwen_claude_field_theory/closure_2026/aqual_solar_gate_2026/audit.py	library		SciPy
qwen_claude_field_theory/closure_2026/audit3_q2_parameterisation_2026.py	library		SciPy
qwen_claude_field_theory/closure_2026/bimetric_secondfield/wf2_coupledlens_alpha3.py	library		SciPy
qwen_claude_field_theory/closure_2026/candidate_ccnl_2026/ccnl_clock_fix_2026.py	library		SciPy
qwen_claude_field_theory/closure_2026/candidate_ccnl_2026/ccnl_mond_gates_2026.py	library		SciPy
qwen_claude_field_theory/closure_2026/clock_constitutive_construction_2026/operator_variation.py	library		SciPy
qwen_claude_field_theory/closure_2026/clock_response_repair_2026/c003_action_audit_2026/orbits/audit_orbits.py	library		SciPy
qwen_claude_field_theory/closure_2026/clock_response_repair_2026/c003_action_audit_2026/orbits/verify_results.py	library		SciPy
qwen_claude_field_theory/closure_2026/clock_response_repair_2026/closure_front_2026/source_evolution/evolve.py	library		SciPy
qwen_claude_field_theory/closure_2026/clock_response_repair_2026/closure_front_2026/source_evolution/numerics_audit/audit.py	library		SciPy
qwen_claude_field_theory/closure_2026/clock_response_repair_2026/cosmological_bridge_2026/background_evolve.py	library		SciPy
qwen_claude_field_theory/closure_2026/clock_response_repair_2026/cosmological_bridge_2026/branch_continuation.py	library		SciPy
qwen_claude_field_theory/closure_2026/clock_response_repair_2026/cosmological_bridge_2026/dark_energy_branches.py	library		SciPy
qwen_claude_field_theory/closure_2026/clock_response_repair_2026/cosmological_bridge_2026/integration_precision_probe.py	library		SciPy
qwen_claude_field_theory/closure_2026/clock_response_repair_2026/cosmological_bridge_2026/radiation_probe.py	library		SciPy
qwen_claude_field_theory/closure_2026/clock_response_repair_2026/cosmological_bridge_2026/test_transfer_precision.py	library		SciPy
qwen_claude_field_theory/closure_2026/clock_response_repair_2026/cosmological_bridge_2026/transfer_evolve.py	library		SciPy
qwen_claude_field_theory/closure_2026/clock_response_repair_2026/cosmological_bridge_2026/transfer_precision.py	library		SciPy
qwen_claude_field_theory/closure_2026/clock_response_repair_2026/cubic_background_completion/numerical.py	library		SciPy
qwen_claude_field_theory/closure_2026/clock_response_repair_2026/cubic_finite_wavelength/numerical.py	library		SciPy
qwen_claude_field_theory/closure_2026/clock_response_repair_2026/dirac_operator/constraint_data.py	library		SciPy
qwen_claude_field_theory/closure_2026/clock_response_repair_2026/finite_evolution/evolve.py	library		SciPy
qwen_claude_field_theory/closure_2026/clock_response_repair_2026/finite_gradient_metric_2026/cubic/cubic_debraiding.py	library		SciPy
qwen_claude_field_theory/closure_2026/clock_response_repair_2026/fixed_action_initial_data_2026/early_extension.py	library		SciPy
qwen_claude_field_theory/closure_2026/clock_response_repair_2026/fixed_action_initial_data_2026/endpoint_sensitivity.py	library		SciPy
qwen_claude_field_theory/closure_2026/clock_response_repair_2026/fixed_action_initial_data_2026/initial_data.py	library		SciPy
qwen_claude_field_theory/closure_2026/clock_response_repair_2026/gradient_transport_2026/scan.py	library		SciPy
qwen_claude_field_theory/closure_2026/clock_response_repair_2026/halo_density_gap_2026/density_gap.py	library		SciPy
qwen_claude_field_theory/closure_2026/clock_response_repair_2026/halo_density_gap_2026/spectrum.py	library		SciPy
qwen_claude_field_theory/closure_2026/clock_response_repair_2026/inhomogeneous_charge_2026/constraints/plane_slice.py	library		SciPy
qwen_claude_field_theory/closure_2026/clock_response_repair_2026/inhomogeneous_charge_2026/current/current_audit.py	library		SciPy
qwen_claude_field_theory/closure_2026/clock_response_repair_2026/inhomogeneous_charge_2026/tracking/tracking_audit.py	library		SciPy
qwen_claude_field_theory/closure_2026/clock_response_repair_2026/l192_principal_audit_2026/principal_audit.py	library		SciPy
qwen_claude_field_theory/closure_2026/clock_response_repair_2026/l192_stress_audit_2026/run_001/source_at_run.py	library		SciPy
qwen_claude_field_theory/closure_2026/clock_response_repair_2026/l192_stress_audit_2026/stress_audit.py	library		SciPy
qwen_claude_field_theory/closure_2026/clock_response_repair_2026/memory_transfer_2026/transfer.py	library		SciPy
qwen_claude_field_theory/closure_2026/clock_response_repair_2026/mixed_compatibility_2026/attribution.py	library		SciPy
qwen_claude_field_theory/closure_2026/clock_response_repair_2026/mixed_compatibility_2026/collocated_jet.py	library		SciPy
qwen_claude_field_theory/closure_2026/clock_response_repair_2026/mixed_compatibility_2026/integrated_jet.py	library		SciPy
qwen_claude_field_theory/closure_2026/clock_response_repair_2026/mixed_compatibility_2026/integrated_probe.py	library		SciPy
qwen_claude_field_theory/closure_2026/clock_response_repair_2026/mixed_compatibility_2026/origin_profiles.py	library		SciPy
qwen_claude_field_theory/closure_2026/clock_response_repair_2026/mixed_compatibility_2026/test_collocated_jet.py	library		SciPy
qwen_claude_field_theory/closure_2026/clock_response_repair_2026/nonlinear_clock_response_2026/clock/clock_response.py	library		SciPy
qwen_claude_field_theory/closure_2026/clock_response_repair_2026/nonlinear_clock_response_2026/review/derive_audit.py	library		SciPy
qwen_claude_field_theory/closure_2026/clock_response_repair_2026/nonlinear_evolution_2026/constitutive.py	library		SciPy
qwen_claude_field_theory/closure_2026/clock_response_repair_2026/nonlinear_evolution_2026/evolve.py	library		SciPy
qwen_claude_field_theory/closure_2026/clock_response_repair_2026/nonlinear_evolution_2026/project.py	library		SciPy
qwen_claude_field_theory/closure_2026/clock_response_repair_2026/nonlinear_infall_2026/initial.py	library		SciPy
qwen_claude_field_theory/closure_2026/clock_response_repair_2026/nonlinear_infall_2026/potentials.py	library		SciPy
qwen_claude_field_theory/closure_2026/clock_response_repair_2026/nonlinear_infall_2026/run_experiment.py	library		SciPy
qwen_claude_field_theory/closure_2026/clock_response_repair_2026/nonlinear_infall_2026/test_background.py	library		SciPy
qwen_claude_field_theory/closure_2026/clock_response_repair_2026/nonlinear_transport/stationary.py	library		SciPy
qwen_claude_field_theory/closure_2026/clock_response_repair_2026/origin_tangency_2026/tangent_linear.py	library		SciPy
qwen_claude_field_theory/closure_2026/clock_response_repair_2026/pressure_baryon_branch_2026/cases.py	library		SciPy
qwen_claude_field_theory/closure_2026/clock_response_repair_2026/pressure_baryon_branch_2026/solve.py	library		SciPy
qwen_claude_field_theory/closure_2026/clock_response_repair_2026/spherical_baryon_bridge/response.py	library		SciPy
qwen_claude_field_theory/closure_2026/clock_response_repair_2026/variance_closure_2026/evolution/test_variance_evolve.py	library		SciPy
qwen_claude_field_theory/closure_2026/clock_response_repair_2026/variance_closure_2026/evolution/variance_evolve.py	library		SciPy
qwen_claude_field_theory/closure_2026/cluster_measurement_audit_2026/cluster_audit.py	library		SciPy
qwen_claude_field_theory/closure_2026/cluster_pair_clock_target_2026/target.py	library		SciPy
qwen_claude_field_theory/closure_2026/cluster_phase_2026/itemA_reconstruct_lever_2026.py	library		SciPy
qwen_claude_field_theory/closure_2026/cluster_phase_2026/itemB_potential_depth_ordering_2026.py	library		SciPy
qwen_claude_field_theory/closure_2026/cluster_phase_2026/itemC_phase_pinning_dynamics_2026.py	library		SciPy
qwen_claude_field_theory/closure_2026/cluster_phase_2026/itemD_dbi_wall_core_2026.py	library		SciPy
qwen_claude_field_theory/closure_2026/condensate_pincer_2026/aest_boundary_condition_closure_2026.py	library		SciPy
qwen_claude_field_theory/closure_2026/condensate_pincer_2026/cmc_filter_no_dm_growth_gate_2026.py	library		SciPy
qwen_claude_field_theory/closure_2026/condensate_pincer_2026/condensate_mu_pincer_2026.py	library		SciPy
qwen_claude_field_theory/closure_2026/condensate_pincer_2026/dark_sector_debug_2026.py	library		SciPy
qwen_claude_field_theory/closure_2026/condensate_pincer_2026/dark_solid_first_gates_2026.py	library		SciPy
qwen_claude_field_theory/closure_2026/condensate_pincer_2026/mond_growth_framework_footing_2026.py	library		SciPy
qwen_claude_field_theory/closure_2026/condensate_pincer_2026/mond_sheet_nbody_forest_gate_2026.py	library		SciPy
qwen_claude_field_theory/closure_2026/condensate_pincer_2026/rising_a0_baryon_only_gate_2026.py	library		SciPy
qwen_claude_field_theory/closure_2026/condensate_pincer_2026/superfluid_route_gates_2026.py	library		SciPy
qwen_claude_field_theory/closure_2026/constraint_response_gate_2026/adaptive_endpoint.py	library		SciPy
qwen_claude_field_theory/closure_2026/df2_fixed_a0_2026/bridge/audit_solver.py	library		SciPy
qwen_claude_field_theory/closure_2026/df2_fixed_a0_2026/solver.py	library		SciPy
qwen_claude_field_theory/closure_2026/df2_fixed_a0_2026/stellar/profile.py	library		SciPy
qwen_claude_field_theory/closure_2026/df2_fixed_a0_2026/stellar/run_checks.py	library		SciPy
qwen_claude_field_theory/closure_2026/df2_fixed_a0_2026/stellar/test_profile.py	library		SciPy
qwen_claude_field_theory/closure_2026/door01_joint_2026/free_gradient_search.py	library		SciPy
qwen_claude_field_theory/closure_2026/door01_joint_2026/joint_constraint.py	library		SciPy
qwen_claude_field_theory/closure_2026/exact_exponential_aqual_efe_flyby_2026/independent_flyby_audit.py	library		SciPy
qwen_claude_field_theory/closure_2026/exact_exponential_aqual_efe_flyby_2026/test_exact_exponential_aqual_efe_flyby_2026.py	library		SciPy
qwen_claude_field_theory/closure_2026/exact_exponential_aqual_efe_kepler_2026/independent_orbit_audit.py	library		SciPy
qwen_claude_field_theory/closure_2026/exact_exponential_aqual_efe_kepler_2026/test_exact_exponential_aqual_efe_kepler_2026.py	library		SciPy
qwen_claude_field_theory/closure_2026/exact_exponential_aqual_q2_2026/exact_exponential_aqual_q2_2026.py	library		SciPy
qwen_claude_field_theory/closure_2026/exponential_mond_kepler_spectrometer_2026/exact_finite_e_kepler_null_2026.py	library		SciPy
qwen_claude_field_theory/closure_2026/exponential_mond_kepler_spectrometer_2026/exponential_mond_kepler_spectrometer_2026.py	library		SciPy
qwen_claude_field_theory/closure_2026/exponential_mond_kepler_spectrometer_2026/independent_finite_e_orbit_audit.py	library		SciPy
qwen_claude_field_theory/closure_2026/exponential_mond_kepler_spectrometer_2026/independent_orbit_audit.py	library		SciPy
qwen_claude_field_theory/closure_2026/fc_kh_terminal/phase3_background.py	library		SciPy
qwen_claude_field_theory/closure_2026/fc_kh_terminal/phase6_scan.py	library		SciPy
qwen_claude_field_theory/closure_2026/filtered_tidal_relation_2026/tidal_relation.py	library		SciPy
qwen_claude_field_theory/closure_2026/fried_chicken_final/fc_aest_corner/fc_beta0_cassini_nogo_2026.py	library		SciPy
qwen_claude_field_theory/closure_2026/fried_chicken_final/fc_nonspherical_lensing_slip_2026.py	library		SciPy
qwen_claude_field_theory/closure_2026/g01_strict_aqual.py	library		SciPy
qwen_claude_field_theory/closure_2026/g02_filtered_efe.py	library		SciPy
qwen_claude_field_theory/closure_2026/g02c_two_body_force.py	library		SciPy
qwen_claude_field_theory/closure_2026/g03_clock_caustic_2026/clock_caustic.py	library		SciPy
qwen_claude_field_theory/closure_2026/g03_clock_constraint_2026/constraint_gate.py	library		SciPy
qwen_claude_field_theory/closure_2026/g03_covariant_action_2026/g03_action_gate.py	library		SciPy
qwen_claude_field_theory/closure_2026/g03_covariant_action_2026/g03_full_variation.py	library		SciPy
qwen_claude_field_theory/closure_2026/g03_covariant_action_2026/handoff_reproduction/g02_filtered_efe.py	library		SciPy
qwen_claude_field_theory/closure_2026/g03_covariant_action_2026/handoff_reproduction/parent_action/onset_action_gate.py	library		SciPy
qwen_claude_field_theory/closure_2026/g03_covariant_action_2026/handoff_reproduction/parent_action/test_onset_action_gate.py	library		SciPy
qwen_claude_field_theory/closure_2026/g03_covariant_action_2026/handoff_reproduction/parent_fixture/hunt_2026/f29_coherence_length_law.py	library		SciPy
qwen_claude_field_theory/closure_2026/g03_covariant_action_2026/handoff_reproduction/parent_fixture/hunt_2026/f30_ppn_screening_door.py	library		SciPy
qwen_claude_field_theory/closure_2026/g03_covariant_action_2026/handoff_reproduction/parent_fixture/qwen_claude_field_theory/closure_2026/smoothed_onset_action_2026/onset_action_gate.py	library		SciPy
qwen_claude_field_theory/closure_2026/g03_covariant_action_2026/handoff_reproduction/parent_fixture/qwen_claude_field_theory/closure_2026/smoothed_onset_action_2026/test_onset_action_gate.py	library		SciPy
qwen_claude_field_theory/closure_2026/g03_flrw_scalar_2026/flrw_gate.py	library		SciPy
qwen_claude_field_theory/closure_2026/g03_global_kernel_bridge_2026/bridge_audit.py	library		SciPy
qwen_claude_field_theory/closure_2026/g03_global_kernel_bridge_2026/escape_audit.py	library		SciPy
qwen_claude_field_theory/closure_2026/g03_global_kernel_bridge_2026/metric_collar_control.py	library		SciPy
qwen_claude_field_theory/closure_2026/g03_global_kernel_bridge_2026/metric_control_evolution.py	library		SciPy
qwen_claude_field_theory/closure_2026/g03_global_kernel_bridge_2026/metric_global_evolution.py	library		SciPy
qwen_claude_field_theory/closure_2026/g03_global_kernel_bridge_2026/metric_initial_response.py	library		SciPy
qwen_claude_field_theory/closure_2026/g03_global_kernel_bridge_2026/metric_shared_data.py	library		SciPy
qwen_claude_field_theory/closure_2026/g03_global_kernel_bridge_2026/metric_static_background.py	library		SciPy
qwen_claude_field_theory/closure_2026/g03_global_kernel_bridge_2026/metric_wall_jets.py	library		SciPy
qwen_claude_field_theory/closure_2026/g03_nonlinear_lift_2026/nonlinear_lift.py	library		SciPy
qwen_claude_field_theory/closure_2026/g03c_zero_field_limit_outside_J.py	library		SciPy
qwen_claude_field_theory/closure_2026/g03d_exact_fourth_order_solar.py	library		SciPy
qwen_claude_field_theory/closure_2026/g03g_3d_pair_solver.py	library		SciPy
qwen_claude_field_theory/closure_2026/g03k_sign_flip_derivation.py	library		SciPy
qwen_claude_field_theory/closure_2026/g03m_dark_sector_jeans.py	library		SciPy
qwen_claude_field_theory/closure_2026/g03n_dark_sector_fractions.py	library		SciPy
qwen_claude_field_theory/closure_2026/g03o_dust_spherical_collapse.py	library		SciPy
qwen_claude_field_theory/closure_2026/g03s_dust_growth_law.py	library		SciPy
qwen_claude_field_theory/closure_2026/g03v_fast_clock_branch.py	library		SciPy
qwen_claude_field_theory/closure_2026/g03w_growth_phi_dynamical.py	library		SciPy
qwen_claude_field_theory/closure_2026/g03x_clock_condensate.py	library		SciPy
qwen_claude_field_theory/closure_2026/g03z_hybrid_integration_constant.py	library		SciPy
qwen_claude_field_theory/closure_2026/g04f_thermal_relic_completion.py	library		SciPy
qwen_claude_field_theory/closure_2026/g04h_pk_regeneration_causal_boost.py	library		SciPy
qwen_claude_field_theory/closure_2026/g04j_wave_dark_matter_door.py	library		SciPy
qwen_claude_field_theory/closure_2026/hpi_delta_eccentric_kepler_2026/hpi_delta_eccentric_kepler_2026.py	library		SciPy
qwen_claude_field_theory/closure_2026/hpi_delta_orbit_numeric_2026/hpi_delta_orbit_numeric_2026.py	library		SciPy
qwen_claude_field_theory/closure_2026/integrable_clock_construction_2026/ic24_potential.py	library		SciPy
qwen_claude_field_theory/closure_2026/integrable_clock_construction_2026/ic25_coupled.py	library		SciPy
qwen_claude_field_theory/closure_2026/integrable_clock_construction_2026/ic26_three_functions.py	library		SciPy
qwen_claude_field_theory/closure_2026/integrable_clock_construction_2026/ic28_constant_tensor.py	library		SciPy
qwen_claude_field_theory/closure_2026/integrable_clock_construction_2026/ic29_slow_clock.py	library		SciPy
qwen_claude_field_theory/closure_2026/integrable_clock_construction_2026/ic31_pinned_tail.py	library		SciPy
qwen_claude_field_theory/closure_2026/integrable_clock_construction_2026/ic32_constraint_preservation.py	library		SciPy
qwen_claude_field_theory/closure_2026/integrable_clock_construction_2026/ic32_hermite_coefficients.py	library		SciPy
qwen_claude_field_theory/closure_2026/integrable_clock_construction_2026/ic35_switch_collar.py	library		SciPy
qwen_claude_field_theory/closure_2026/integrable_clock_construction_2026/ic36_second_preservation.py	library		SciPy
qwen_claude_field_theory/closure_2026/integrable_clock_construction_2026/ic37_interface_flatness.py	library		SciPy
qwen_claude_field_theory/closure_2026/integrable_clock_construction_2026/ic37_local_taylor.py	library		SciPy
qwen_claude_field_theory/closure_2026/integrable_clock_construction_2026/ic41_free_initial_gradients.py	library		SciPy
qwen_claude_field_theory/closure_2026/integrable_clock_construction_2026/ic43_weighted_multiplier.py	library		SciPy
qwen_claude_field_theory/closure_2026/integrable_clock_construction_2026/ic46_centered_evolution.py	library		SciPy
qwen_claude_field_theory/closure_2026/integrable_clock_construction_2026/ic46_two_phase_evolution.py	library		SciPy
qwen_claude_field_theory/closure_2026/integrable_clock_construction_2026/ic47_jacobian_evolution.py	library		SciPy
qwen_claude_field_theory/closure_2026/integrable_clock_construction_2026/ir_growth.py	library		SciPy
qwen_claude_field_theory/closure_2026/integrable_clock_construction_2026/l49_kernel_scope_audit.py	library		SciPy
qwen_claude_field_theory/closure_2026/integrable_clock_construction_2026/local_clock_wave.py	library		SciPy
qwen_claude_field_theory/closure_2026/kgb_healthy_matching_2026/search.py	library		SciPy
qwen_claude_field_theory/closure_2026/kgb_joint_action_2026/joint_static.py	library		SciPy
qwen_claude_field_theory/closure_2026/kgb_joint_action_2026/test_joint.py	library		SciPy
qwen_claude_field_theory/closure_2026/kgb_joint_action_2026/third_mass.py	library		SciPy
qwen_claude_field_theory/closure_2026/kgb_joint_tangency_2026/clock_joint.py	library		SciPy
qwen_claude_field_theory/closure_2026/kgb_joint_tangency_2026/search.py	library		SciPy
qwen_claude_field_theory/closure_2026/kgb_logslip_joint_2026/joint.py	library		SciPy
qwen_claude_field_theory/closure_2026/kgb_mass_compatibility_2026/conformal_flow.py	library		SciPy
qwen_claude_field_theory/closure_2026/kgb_mass_compatibility_2026/triple_flow.py	library		SciPy
qwen_claude_field_theory/closure_2026/kgb_mass_compatibility_2026/triple_seed.py	library		SciPy
qwen_claude_field_theory/closure_2026/kgb_nonaffine_clock_2026/controlled_flow.py	library		SciPy
qwen_claude_field_theory/closure_2026/kgb_nonaffine_clock_2026/quadratic_flow.py	library		SciPy
qwen_claude_field_theory/closure_2026/kgb_pressure_freedom_2026/family_continuation.py	library		SciPy
qwen_claude_field_theory/closure_2026/kgb_shared_pressure_2026/regular_clock.py	library		SciPy
qwen_claude_field_theory/closure_2026/kgb_shared_pressure_2026/shared_pressure.py	library		SciPy
qwen_claude_field_theory/closure_2026/kgb_shared_pressure_2026/steered_profile.py	library		SciPy
qwen_claude_field_theory/closure_2026/kgb_universal_clock_2026/health_search/signed_search.py	library		SciPy
qwen_claude_field_theory/closure_2026/kgb_universal_clock_2026/reduced_match.py	library		SciPy
qwen_claude_field_theory/closure_2026/kgb_universal_clock_2026/universal_seed.py	library		SciPy
qwen_claude_field_theory/closure_2026/kgb_universal_clock_2026/w_match.py	library		SciPy
qwen_claude_field_theory/closure_2026/lapse_braiding_gate_2026/anisotropic_primary.py	library		SciPy
qwen_claude_field_theory/closure_2026/mond_compiler_2026/mc_screen.py	library		SciPy
qwen_claude_field_theory/closure_2026/n_window_2026.py	library		SciPy
qwen_claude_field_theory/closure_2026/positive_lambda_response_2026/positive_lambda.py	library		SciPy
qwen_claude_field_theory/closure_2026/q_eta_implicit_2026.py	library		SciPy
qwen_claude_field_theory/closure_2026/refute_transverse_KB_lock_2026.py	library		SciPy
qwen_claude_field_theory/closure_2026/route1B_monotone_escape_2026.py	library		SciPy
qwen_claude_field_theory/closure_2026/route1_bump_requirement_2026.py	library		SciPy
qwen_claude_field_theory/closure_2026/route1_interpolation_squeeze_2026.py	library		SciPy
qwen_claude_field_theory/closure_2026/route1_kernel_squeeze_verdict_2026.py	library		SciPy
qwen_claude_field_theory/closure_2026/route1_local_a0_double_count_2026.py	library		SciPy
qwen_claude_field_theory/closure_2026/route1_warm_condensate_window_2026.py	library		SciPy
qwen_claude_field_theory/closure_2026/route2_full_stack_2026.py	library		SciPy
qwen_claude_field_theory/closure_2026/route2_vainshtein_kmouflage_2026.py	library		SciPy
qwen_claude_field_theory/closure_2026/route3_multistream_independent_2026.py	library		SciPy
qwen_claude_field_theory/closure_2026/route5_one_field_confrontation_2026.py	library		SciPy
qwen_claude_field_theory/closure_2026/route5b_multistream_completion_2026.py	library		SciPy
qwen_claude_field_theory/closure_2026/route6B_nonlocal_gravity_2026.py	library		SciPy
qwen_claude_field_theory/closure_2026/route6_bimond_twin_2026.py	library		SciPy
qwen_claude_field_theory/closure_2026/sf39_mechanismB_promotion_static_2026.py	library		SciPy
qwen_claude_field_theory/closure_2026/sf39_mechanism_F_2026.py	library		SciPy
qwen_claude_field_theory/closure_2026/sf52_dw_dynamical_z_infty_selection_2026.py	library		SciPy
qwen_claude_field_theory/closure_2026/sf52b_dw_critical_point_analysis_2026.py	library		SciPy
qwen_claude_field_theory/closure_2026/sf53_dw_structural_repair_theory_2026.py	library		SciPy
qwen_claude_field_theory/closure_2026/sf56_cosmological_perturbations_and_caustic_regularization.py	library		SciPy
qwen_claude_field_theory/closure_2026/smoothed_onset_action_2026/onset_action_gate.py	library		SciPy
qwen_claude_field_theory/closure_2026/smoothed_onset_action_2026/test_onset_action_gate.py	library		SciPy
qwen_claude_field_theory/closure_2026/supernova_reaudit_2026/audit.py	library		SciPy
qwen_claude_field_theory/closure_2026/two_body_frequency_2026/binary_frequency.py	library		SciPy
qwen_claude_field_theory/closure_2026/two_kernel_orbit_shape_2026/test_orbit_shape.py	library		SciPy
qwen_claude_field_theory/closure_2026/two_sector_2026/two_sector_coupling_gate_2026.py	library		SciPy
qwen_claude_field_theory/closure_2026/user_action_calibrated_branch.py	library		SciPy
qwen_claude_field_theory/closure_2026/user_action_curved_branch.py	library		SciPy
qwen_claude_field_theory/closure_2026/user_action_kernel_calibration.py	library		SciPy
qwen_claude_field_theory/closure_2026/user_action_slip_shoot.py	library		SciPy
qwen_claude_field_theory/closure_2026/user_action_zero_flux.py	library		SciPy
qwen_claude_field_theory/closure_2026/vcdm_flrw_gate_2026/vcdm_flrw.py	library		SciPy
qwen_claude_field_theory/closure_manual_pack/gates/gate_spherical_efe_2026.py	library		SciPy
qwen_claude_field_theory/gates_2026/gate0_dhf_reproduction_2026.py	library		SciPy
qwen_claude_field_theory/gates_2026/gate2_dhf_faithful_2026.py	library		SciPy
qwen_claude_field_theory/gates_2026/gate2_sparc_alpha_2026.py	library		SciPy
qwen_claude_field_theory/gates_2026/gate2b_profile_curves_2026.py	library		SciPy
qwen_claude_field_theory/gates_2026/gate2d_multivariate_2026.py	library		SciPy
qwen_claude_field_theory/gates_2026/gate3_nSS_2026.py	library		SciPy
qwen_claude_field_theory/gates_2026/gate3_nSS_posterior_2026.py	library		SciPy
qwen_claude_field_theory/gates_2026/gate4b_joint_reconciliation_2026.py	library		SciPy
qwen_claude_field_theory/gates_2026/gate4c_ZE_derivation_and_a0scan_2026.py	library		SciPy
qwen_claude_field_theory/gates_2026/gate5_common_norm_2026.py	library		SciPy
qwen_claude_field_theory/gates_2026/gate5v_validation_2026.py	library		SciPy
qwen_claude_field_theory/gates_2026/gate6_exact_nuisance_2026.py	library		SciPy
qwen_claude_field_theory/gates_2026/gate6b_penalty_representation_2026.py	library		SciPy
qwen_claude_field_theory/gates_2026/route1_bulgecut_2026.py	library		SciPy
qwen_claude_field_theory/papers_2026/mnras_submission_2026/make_figures.py	library		SciPy
qwen_claude_field_theory/papers_2026/mnras_submission_2026_v2/paper_numbers.py	library		SciPy
qwen_claude_field_theory/runs/claude/i001_efe_factorisation.py	library		SciPy
qwen_claude_field_theory/runs/claude/i003_disc_correction.py	library		SciPy
qwen_claude_field_theory/runs/claude/i012_rar_s_requirement.py	library		SciPy
qwen_claude_field_theory/runs/i005_two_field_solver.py	library		SciPy
qwen_claude_field_theory/theory_2026/aqual_solver_2026.py	library		SciPy
qwen_claude_field_theory/theory_2026/dq2_dchi_2026.py	library		SciPy
qwen_claude_field_theory/theory_2026/linear_response_2026.py	library		SciPy
qwen_claude_field_theory/theory_2026/york/cassini_widebinary_lock_2026.py	library		SciPy
qwen_claude_field_theory/theory_2026/york/escreen_Q2_map_2026.py	library		SciPy
qwen_claude_field_theory/theory_2026/york/referee_gateF_2026.py	library		SciPy
qwen_claude_field_theory/theory_2026/york/york_Lclosure_dirac_2026.py	library		SciPy
qwen_claude_field_theory/theory_2026/york/york_Lclosure_global_2026.py	library		SciPy
qwen_claude_field_theory/theory_2026/york/york_Lclosure_hierarchy_2026.py	library		SciPy
qwen_claude_field_theory/theory_2026/york/york_Lclosure_local_2026.py	library		SciPy
qwen_claude_field_theory/theory_2026/york/york_outerfield_action_2026.py	library		SciPy
real_research/acceleration_trigger_2026/AT1_acceleration_trigger_highz.py	library		SciPy
real_research/acceleration_trigger_2026/AT3_acceleration_trigger_full_gates.py	library		SciPy
real_research/bhstar_audit_2026/L329_qso1_reextraction.py	library		SciPy
real_research/bhstar_audit_2026/qso1_refit/fit2.py	library		SciPy
real_research/bhstar_audit_2026/qso1_refit/model.py	library		SciPy
real_research/bhstar_audit_2026/qso1_refit/model2.py	library		SciPy
real_research/bhstar_audit_2026/qso1_refit/narrow_split.py	library		SciPy
real_research/bhstar_audit_2026/qso1_refit/psf_from_blr.py	library		SciPy
real_research/bhstar_audit_2026/qso1_refit/reextract.py	library		SciPy
real_research/bhstar_audit_2026/qso1_refit/vfield.py	library		SciPy
real_research/blind_kernel_2026/BK1_screened_kernel.py	library		SciPy
real_research/blind_kernel_2026/BK2_derive_lambda.py	library		SciPy
real_research/blind_kernel_2026/BK3_growth_under_screening.py	library		SciPy
real_research/breakthrough_review_2026_09_26/static/check.py	library		SciPy
real_research/breakthrough_review_2026_09_26/transport/check.py	library		SciPy
real_research/bridge1_linear_boltzmann.py	library		SciPy
real_research/bs_khronon_2026/BSX1_kids_external_field_gate.py	library		SciPy
real_research/bs_khronon_2026/BSX2_cubic_one_scale_khronon.py	library		SciPy
real_research/bs_khronon_2026/BSX3_jeans_mass_identity_and_budget.py	library		SciPy
real_research/chk_v0_2026/CV1_nr_assembly.py	library		SciPy
real_research/clock_2026/L286_frw_growth_wall.py	library		SciPy
real_research/clock_2026/L288_frw_growth_wall.py	library		SciPy
real_research/clock_2026/L291_frw_ymod_carrier.py	library		SciPy
real_research/clock_2026/L291_frw_ymod_carrier_build1_sympy.py	library		SciPy
real_research/clock_2026/L291b_frw_ymod_carrier.py	library		SciPy
real_research/clock_2026/L293_cluster_cusp_ymod.py	library		SciPy
real_research/clock_2026/L294_cluster_caustic_ymod.py	library		SciPy
real_research/clock_2026/L296_doublet_selfenergy.py	library		SciPy
real_research/clock_2026/L301_exact_growth_budget.py	library		SciPy
real_research/clock_2026/L306_s8_closure.py	library		SciPy
real_research/closure_doors_2026_09_26/auxiliary/lapse_variation.py	library		SciPy
real_research/closure_push_2026_09_26/covariant_clock/check_clock.py	library		SciPy
real_research/closure_push_2026_09_26/spectral_lapse/check.py	library		SciPy
real_research/cluster_outer_slope_2026/COS1_cluster_outer_slope.py	library		SciPy
real_research/clusters_framework_a0.py	library		SciPy
real_research/common_action_2026_09_26/action/check_action.py	library		SciPy
real_research/common_action_2026_09_26/action/check_revised.py	library		SciPy
real_research/common_action_2026_09_26/assembly/energy_check.py	library		SciPy
real_research/common_action_2026_09_26/evolution/snapshots/real_research/extra_crispy_2026/XC3_filter_foliation_vertices.py	library		SciPy
real_research/common_action_2026_09_26/evolution/snapshots/real_research/extra_crispy_2026/XC5_lapse_weighted_convexity.py	library		SciPy
real_research/common_action_2026_09_26/evolution/snapshots/real_research/g03_audit_2026/L340_filtered_khronon_completion.py	library		SciPy
real_research/common_action_2026_09_26/transport/check.py	library		SciPy
real_research/common_action_2026_09_26/transport/conversion_check.py	library		SciPy
real_research/common_action_2026_09_26/transport/homogeneous_frw_check.py	library		SciPy
real_research/common_action_2026_09_26/transport/homogeneous_frw_refined_check.py	library		SciPy
real_research/condensate_dust_2026/L383_wave_field_zoom_in.py	library		SciPy
real_research/cq_gravity_2026/L315_phantom_law_vs_sparc.py	library		SciPy
real_research/crispy_2026/crispy_fabric_prediction_2026.py	library		SciPy
real_research/cross_thread_review_2026_09_26/XR11_common.py	library		SciPy
real_research/cross_thread_review_2026_09_26/XR11_dark_channel_gate.py	library		SciPy
real_research/cross_thread_review_2026_09_26/XR11_swirl_flow.py	library		SciPy
real_research/cross_thread_review_2026_09_26/XR12_filament_trigger.py	library		SciPy
real_research/cross_thread_review_2026_09_26/XR12_forest_halo_model.py	library		SciPy
real_research/cross_thread_review_2026_09_26/XR12_spin_retention.py	library		SciPy
real_research/cross_thread_review_2026_09_26/XR12_stream_shells.py	library		SciPy
real_research/cross_thread_review_2026_09_26/XR13_door_cosmology.py	library		SciPy
real_research/cross_thread_review_2026_09_26/XR13_door_local_group.py	library		SciPy
real_research/cross_thread_review_2026_09_26/XR14_carrier_halos.py	library		SciPy
real_research/cross_thread_review_2026_09_26/XR15_smoothed_gate.py	library		SciPy
real_research/cross_thread_review_2026_09_26/XR15_switched_stiffness.py	library		SciPy
real_research/cross_thread_review_2026_09_26/XR16_fluid_conversion_surface.py	library		SciPy
real_research/cross_thread_review_2026_09_26/XR17_flagship_row_numbers.py	library		SciPy
real_research/cross_thread_review_2026_09_26/XR18_frw_yield_crossing.py	library		SciPy
real_research/cross_thread_review_2026_09_26/XR18_nonlocal_dof.py	library		SciPy
real_research/cross_thread_review_2026_09_26/XR18_second_variation.py	library		SciPy
real_research/cross_thread_review_2026_09_26/XR18_state_separator.py	library		SciPy
real_research/cross_thread_review_2026_09_26/XR18_yield_surface.py	library		SciPy
real_research/cross_thread_review_2026_09_26/XR18b_ramp_lambda.py	library		SciPy
real_research/cross_thread_review_2026_09_26/XR18b_second_variation.py	library		SciPy
real_research/cross_thread_review_2026_09_26/XR18b_yield_surfaces.py	library		SciPy
real_research/cross_thread_review_2026_09_26/XR19_common.py	library		SciPy
real_research/cross_thread_review_2026_09_26/XR19_front_physics.py	library		SciPy
real_research/cross_thread_review_2026_09_26/XR19_web_runaway.py	library		SciPy
real_research/cross_thread_review_2026_09_26/XR20_a0_lambda_tie.py	library		SciPy
real_research/cross_thread_review_2026_09_26/XR20_evolving_de_a0z.py	library		SciPy
real_research/cross_thread_review_2026_09_26/XR21_pm_core.py	library		SciPy
real_research/cross_thread_review_2026_09_26/XR21_s1_conversion.py	library		SciPy
real_research/cross_thread_review_2026_09_26/XR21_s1_separator_linear.py	library		SciPy
real_research/cross_thread_review_2026_09_26/XR21_s1_web_channel.py	library		SciPy
real_research/cross_thread_review_2026_09_26/XR21_s2a_cmb_lensing.py	library		SciPy
real_research/cross_thread_review_2026_09_26/XR22_common.py	library		SciPy
real_research/cross_thread_review_2026_09_26/XR22_force_law.py	library		SciPy
real_research/cross_thread_review_2026_09_26/XR23_collapse_threshold.py	library		SciPy
real_research/cross_thread_review_2026_09_26/XR23_common.py	library		SciPy
real_research/cross_thread_review_2026_09_26/XR23_mass_function_ceiling.py	library		SciPy
real_research/cross_thread_review_2026_09_26/XR24_common.py	library		SciPy
real_research/cross_thread_review_2026_09_26/XR25_cmc_compact_objects.py	library		SciPy
real_research/cross_thread_review_2026_09_26/XR25_common.py	library		SciPy
real_research/cross_thread_review_2026_09_26/XR25_lambda_regulator.py	library		SciPy
real_research/cross_thread_review_2026_09_26/XR25_ppn_preferred_frame.py	library		SciPy
real_research/cross_thread_review_2026_09_26/XR25_pulsar_radiation.py	library		SciPy
real_research/cross_thread_review_2026_09_26/XR26_bbn.py	library		SciPy
real_research/cross_thread_review_2026_09_26/XR26_cmb.py	library		SciPy
real_research/cross_thread_review_2026_09_26/XR26_linear_equations.py	library		SciPy
real_research/cross_thread_review_2026_09_26/XR27_efe_disfavouring.py	library		SciPy
real_research/cross_thread_review_2026_09_26/XR27_efe_favouring.py	library		SciPy
real_research/cross_thread_review_2026_09_26/XR28_common.py	library		SciPy
real_research/cross_thread_review_2026_09_26/XR28_controls.py	library		SciPy
real_research/cross_thread_review_2026_09_26/XR29_mw_outer_curve.py	library		SciPy
real_research/cross_thread_review_2026_09_26/XR2_de1_edge_check.py	library		SciPy
real_research/cross_thread_review_2026_09_26/XR30_one_clock.py	library		SciPy
real_research/cross_thread_review_2026_09_26/XR31_k04_f6_stability.py	library		SciPy
real_research/cross_thread_review_2026_09_26/XR32_common.py	library		SciPy
real_research/cross_thread_review_2026_09_26/XR32_consistency.py	library		SciPy
real_research/cross_thread_review_2026_09_26/XR32_survey_s8.py	library		SciPy
real_research/cross_thread_review_2026_09_26/XR33_common.py	library		SciPy
real_research/cross_thread_review_2026_09_26/XR33_jeans_lcdm.py	library		SciPy
real_research/cross_thread_review_2026_09_26/XR33_lensing_imf.py	library		SciPy
real_research/cross_thread_review_2026_09_26/XR34_kernel_argument.py	library		SciPy
real_research/cross_thread_review_2026_09_26/XR35_kids_rescore.py	library		SciPy
real_research/cross_thread_review_2026_09_26/XR36_web_lensing.py	library		SciPy
real_research/cross_thread_review_2026_09_26/XR3_checks.py	library		SciPy
real_research/cross_thread_review_2026_09_26/XR5_operator_identity.py	library		SciPy
real_research/cross_thread_review_2026_09_26/XR6_efe_udg_under_candidate.py	library		SciPy
real_research/cross_thread_review_2026_09_26/XR6_lg_zero_velocity_mond_sector.py	library		SciPy
real_research/cross_thread_review_2026_09_26/XR7_kick_escape_vs_cap.py	library		SciPy
real_research/cross_thread_review_2026_09_26/XR9_cosmic_shear.py	library		SciPy
real_research/dark_energy_2026/DE13_gate_gradient_repair.py	library		SciPy
real_research/dark_energy_2026/DE1_vacuum_gate_flagship.py	library		SciPy
real_research/dark_energy_2026/DE2_vacuum_gate_joint_window.py	library		SciPy
real_research/dark_energy_2026/DE4_flagship_matter_only_switch.py	library		SciPy
real_research/dark_energy_2026/DE6_flagship_window_matter_only.py	library		SciPy
real_research/dark_energy_2026/DE8_kids_sigma_axis_both_branches.py	library		SciPy
real_research/dark_energy_inverse_2026_09_26/scales/source_snapshots/kappa_closure/k01_zero_mode_theorem_and_lambda_free_vacuum.py	library		SciPy
real_research/dark_energy_inverse_2026_09_26/scales/source_snapshots/real_research/reviews/kappa_h0_convention_audit_2026.py	library		SciPy
real_research/dark_fluid_2026/FL3_swirl_and_the_clock.py	library		SciPy
real_research/dark_fluid_kick_2026/FK1_kick_as_phase_change.py	library		SciPy
real_research/dark_sector_2026/L319_lambda_triggered_kicked_decay.py	library		SciPy
real_research/dark_sector_2026/L323_rc100_framework_vs_lcdm_stress.py	library		SciPy
real_research/dark_sector_2026/L332_kmos3d_trend_replication.py	library		SciPy
real_research/dark_sector_2026/L345_chk_universal_carrier_pincer.py	library		SciPy
real_research/dark_sector_2026/L354_carrier_lagrangian_additive_window.py	library		SciPy
real_research/dark_sector_2026/L357_virialization_triggered_carrier.py	library		SciPy
real_research/dark_sector_2026/L367_triggered_carrier_cosmic_shear.py	library		SciPy
real_research/dark_sector_2026/L375_triggered_carrier_galaxy_retention.py	library		SciPy
real_research/dark_sector_2026/L376_triggered_carrier_inner_galaxies.py	library		SciPy
real_research/dark_sector_2026/L377_full_construction_pm.py	library		SciPy
real_research/dark_sector_2026/L379_clearing_by_environment.py	library		SciPy
real_research/dark_sector_2026/L395_two_switch_branches.py	library		SciPy
real_research/dark_sector_2026/L396_msc_cell_575.py	library		SciPy
real_research/derivation_chain_2026/FP10_internal_splitting_dark_sector.py	library		SciPy
real_research/derivation_chain_2026/FP11_local_group_flyby.py	library		SciPy
real_research/derivation_chain_2026/FP12_local_volume_groups_r0.py	library		SciPy
real_research/derivation_chain_2026/FP13_separator_from_state.py	library		SciPy
real_research/derivation_chain_2026/FP14_zero_knob_core.py	library		SciPy
real_research/derivation_chain_2026/FP15_zero_knob_dark_sector.py	library		SciPy
real_research/derivation_chain_2026/FP16_daughter_reaccretion.py	library		SciPy
real_research/derivation_chain_2026/FP17_screening_without_xi.py	library		SciPy
real_research/derivation_chain_2026/FP18_kids_vs_hubble_flow_data.py	library		SciPy
real_research/derivation_chain_2026/FP19_hs_repair.py	library		SciPy
real_research/derivation_chain_2026/FP1_static_sector.py	library		SciPy
real_research/derivation_chain_2026/FP20_esd_projection_fix.py	library		SciPy
real_research/derivation_chain_2026/FP21_isolated_spiral_lensing.py	library		SciPy
real_research/derivation_chain_2026/FP22_who_feels_mond.py	library		SciPy
real_research/derivation_chain_2026/FP23_galaxy_lensing_web_field.py	library		SciPy
real_research/derivation_chain_2026/FP24_transfer_function_fix.py	library		SciPy
real_research/derivation_chain_2026/FP25_constructive_dark_sector.py	library		SciPy
real_research/derivation_chain_2026/FP2_relativistic_consistency.py	library		SciPy
real_research/derivation_chain_2026/FP3_cosmology_linear.py	library		SciPy
real_research/derivation_chain_2026/FP5_dof_and_a0_field.py	library		SciPy
real_research/derivation_chain_2026/FP6_gate_survey.py	library		SciPy
real_research/derivation_chain_2026/FP7_aqual_type_repair.py	library		SciPy
real_research/derivation_chain_2026/FP9_web_galaxy_separator.py	library		SciPy
real_research/efe_clinch_framework.py	library		SciPy
real_research/extra_crispy_2026/XC1_strong_coupling_chk.py	library		SciPy
real_research/extra_crispy_2026/XC2_wellposedness_scoping.py	library		SciPy
real_research/extra_crispy_2026/XC3_filter_foliation_vertices.py	library		SciPy
real_research/extra_crispy_2026/XC4_nu_mono_splice.py	library		SciPy
real_research/extra_crispy_2026/XC5_lapse_weighted_convexity.py	library		SciPy
real_research/extra_crispy_2026/XC6_filter_variation_soft_leg.py	library		SciPy
real_research/g03_audit_2026/L316_smooth_shell_lemma_audit.py	library		SciPy
real_research/g03_audit_2026/L340_filtered_khronon_completion.py	library		SciPy
real_research/g03_audit_2026/L341_chk_frw_gate.py	library		SciPy
real_research/g03_audit_2026/L342_bound_region_switch.py	library		SciPy
real_research/g03_audit_2026/L346_switch_forest_gate.py	library		SciPy
real_research/g03_audit_2026/L347_switch_forest_flux_power.py	library		SciPy
real_research/g03_audit_2026/L350_chk_cosmological_G_gate.py	library		SciPy
real_research/g03_audit_2026/L351_switch_gw170817_gate.py	library		SciPy
real_research/g03_audit_2026/L352_switch_gauss_compensation.py	library		SciPy
real_research/g03_audit_2026/L353_kernel_invisible_dark_component.py	library		SciPy
real_research/g03_audit_2026/L355_kernel_invisible_kids.py	library		SciPy
real_research/g03_audit_2026/L359_vacuum_gated_switch.py	library		SciPy
real_research/g03_audit_2026/L361_bound_region_kernel.py	library		SciPy
real_research/g03_audit_2026/L362_forest_pincer_convergence.py	library		SciPy
real_research/g03_audit_2026/L363_region_kernel_lensing_power.py	library		SciPy
real_research/generated_phantom_2026/GP0_bound_baryon_census.py	library		SciPy
real_research/generated_phantom_2026/GP2_kids_bound_source_kernel.py	library		SciPy
real_research/generated_phantom_2026/GP3_lensing_power_and_growth.py	library		SciPy
real_research/generated_phantom_2026/GP4_generated_phantom_plus_kicked_carrier.py	library		SciPy
real_research/khronon_momentum_2026/KM2_phantom_lag_law.py	library		SciPy
real_research/merger_infall_2026/L370_boosted_infall_mergers.py	library		SciPy
real_research/merger_infall_2026/L371_harvey_slow_kick_carrier.py	library		SciPy
real_research/merger_infall_2026/L372_gated_slow_kick_carrier.py	library		SciPy
real_research/merger_infall_2026/L373_two_mode_carrier_pm.py	library		SciPy
real_research/merger_infall_2026/L392_l372_linear_gate_branches.py	library		SciPy
real_research/merger_infall_2026/L393_two_mode_carrier_pm_linear_gate_curvature.py	library		SciPy
real_research/merger_infall_2026/L394_two_mode_carrier_pm_mond_sector_cap.py	library		SciPy
real_research/mond_sector_gate_2026/MS1_gate_variation_reciprocity.py	library		SciPy
real_research/mond_sector_gate_2026/MS3_cosmic_shear_bound_mond_sector.py	library		SciPy
real_research/mond_sector_gate_2026/MS4_smooth_gate_shear.py	library		SciPy
real_research/ns_audit_2026/NSA7_planar_dust_breakdown.py	library		SciPy
real_research/paper34_audit_2026/P34_paper_numbers.py	library		SciPy
real_research/papers/make_figures.py	library		SciPy
real_research/peer_review_2026_09_26/kernel/check.py	library		SciPy
real_research/peer_review_2026_09_26/xc1/independent_checks.py	library		SciPy
real_research/peer_review_2026_09_26/xc1/independent_checks_v2.py	library		SciPy
real_research/peer_review_2026_09_26/xc1/snapshots/L340_filtered_khronon_completion.py	library		SciPy
real_research/peer_review_2026_09_26/xc1/snapshots/XC1_strong_coupling_chk.py	library		SciPy
real_research/peer_review_2026_09_26/xc2/independent_checks.py	library		SciPy
real_research/peer_review_2026_09_26/xc2/run1/script_snapshot.py	library		SciPy
real_research/predictions/VERIFY_lensing_adversarial.py	library		SciPy
real_research/predictions/a0_environmental_fork_test.py	library		SciPy
real_research/predictions/door5_efe_ultraprecision.py	library		SciPy
real_research/predictions/door6_wide_binaries_ultra.py	library		SciPy
real_research/predictions/fdt_vacuum_route.py	library		SciPy
real_research/predictions/highz_btfr_fork_test.py	library		SciPy
real_research/predictions/project_bigsparc_a0_environment.py	library		SciPy
real_research/predictions/project_sparc_groupcontrast_kt2017.py	library		SciPy
real_research/predictions/sparc_photometric_environmental_test.py	library		SciPy
real_research/predictions/verify_btfr_independent.py	library		SciPy
real_research/predictions/which_rho_synthesis.py	library		SciPy
real_research/rar_evolution_test.py	library		SciPy
real_research/reviews/AUDIT_mi_kernel_axis_gate_2026.py	library		SciPy
real_research/reviews/AUDIT_rule2_foreign_a0_bounds_2026.py	library		SciPy
real_research/reviews/a0_density_fork_decisive_tests.py	library		SciPy
real_research/reviews/a0z_desi_chains_propagation.py	library		SciPy
real_research/reviews/aest_cassini_quadrupole_full.py	library		SciPy
real_research/reviews/aest_quasistatic_cassini.py	library		SciPy
real_research/reviews/aest_radial_aether_eom.py	library		SciPy
real_research/reviews/alldoors_sweep_2026/a2_khronon_cassini_q2.py	library		SciPy
real_research/reviews/alldoors_sweep_2026/c5_bullet_i0_ledger.py	library		SciPy
real_research/reviews/alldoors_sweep_2026/d4_final.py	library		SciPy
real_research/reviews/alldoors_sweep_2026/refute_a2.py	library		SciPy
real_research/reviews/bhstar_phase_gravity_2026_09_21/verify.py	library		SciPy
real_research/reviews/bhstar_scattering_clock_2026_09_21/analyze.py	library		SciPy
real_research/reviews/bigwheel_a0z_2026/bigwheel_a0z_definitive.py	library		SciPy
real_research/reviews/branchB_q2_gate_2026/adv_verify_fresh.py	library		SciPy
real_research/reviews/branchB_q2_gate_2026/decider_q2_crosscheck.py	library		SciPy
real_research/reviews/branchB_q2_gate_2026/laneA_family_scan.py	library		SciPy
real_research/reviews/branchB_q2_gate_2026/laneB_q2_solve.py	library		SciPy
real_research/reviews/branchB_q2_gate_2026/laneC_tensor_efe.py	library		SciPy
real_research/reviews/branchB_q2_gate_2026/unit_tests_grid.py	library		SciPy
real_research/reviews/branchB_q2_gate_2026/vector_elastic_w_2026/adv_indep.py	library		SciPy
real_research/reviews/branchB_q2_gate_2026/vector_elastic_w_2026/adv_wh.py	library		SciPy
real_research/reviews/branchB_q2_gate_2026/vector_elastic_w_2026/audit_indep.py	library		SciPy
real_research/reviews/branchB_q2_gate_2026/vector_elastic_w_2026/diag_mu_dependence.py	library		SciPy
real_research/reviews/branchB_q2_gate_2026/vector_elastic_w_2026/diag_operators.py	library		SciPy
real_research/reviews/branchB_q2_gate_2026/vector_elastic_w_2026/diag_where_sourced.py	library		SciPy
real_research/reviews/branchB_q2_gate_2026/vector_elastic_w_2026/methodA_ode.py	library		SciPy
real_research/reviews/branchB_q2_gate_2026/vector_elastic_w_2026/methodB_fem.py	library		SciPy
real_research/reviews/branchB_q2_gate_2026/vector_elastic_w_2026/verify_shear.py	library		SciPy
real_research/reviews/branchB_q2_gate_2026/verify_Q2_corrected_vxi.py	library		SciPy
real_research/reviews/branchB_q2_gate_2026/verify_Q2_direct.py	library		SciPy
real_research/reviews/branchB_q2_gate_2026/verify_Q2_independent.py	library		SciPy
real_research/reviews/branchB_q2_gate_2026/verify_laneC_paper_anchor.py	library		SciPy
real_research/reviews/branchB_q2_gate_2026/verify_laneC_q2_arbiter.py	library		SciPy
real_research/reviews/branchB_q2_gate_2026/verify_passers_corrected.py	library		SciPy
real_research/reviews/btfr_honest.py	library		SciPy
real_research/reviews/cmb_class_mond/analyze_cmb_mond.py	library		SciPy
real_research/reviews/cmb_modinertia_oscillator.py	library		SciPy
real_research/reviews/cmb_third_peak_dm_mimic.py	library		SciPy
real_research/reviews/coherence_audit_2026_09_19/closure_resume/cosmology/canonical_evolve.py	library		SciPy
real_research/reviews/coherence_audit_2026_09_19/closure_resume/cosmology/lorentz_evolve.py	library		SciPy
real_research/reviews/coherence_audit_2026_09_19/closure_resume/cosmology/phase_precision.py	library		SciPy
real_research/reviews/coherence_audit_2026_09_19/closure_resume/dynamic_audit/audit_dynamics.py	library		SciPy
real_research/reviews/coherence_audit_2026_09_19/closure_resume/dynamic_audit/phase_coordinates.py	library		SciPy
real_research/reviews/coherence_audit_2026_09_19/closure_resume/dynamic_audit/physical_coordinates.py	library		SciPy
real_research/reviews/coherence_audit_2026_09_19/frw_repair/evolve_local.py	library		SciPy
real_research/reviews/coherence_audit_2026_09_20/cluster_equilibrium/check_cluster.py	library		SciPy
real_research/reviews/deep_a0eff_audit_2026_09_25/D01_deep_a0eff_ml_audit.py	library		SciPy
real_research/reviews/directional_efe_2026/debug_validate.py	library		SciPy
real_research/reviews/directional_efe_2026/laneA_predictions.py	library		SciPy
real_research/reviews/dm_varying_mass.py	library		SciPy
real_research/reviews/door2_dssyk_deepmond_sign_synthesis.py	library		SciPy
real_research/reviews/door2_dssyk_matter_chord_stageAB_verify.py	library		SciPy
real_research/reviews/door3_bimond_frw_integrate.py	library		SciPy
real_research/reviews/door_adversary_q1.py	library		SciPy
real_research/reviews/door_part3.py	library		SciPy
real_research/reviews/door_part3b.py	library		SciPy
real_research/reviews/door_part4.py	library		SciPy
real_research/reviews/dssyk_cv_elastic_attempt.py	library		SciPy
real_research/reviews/dw_nonlocal_signdoor_2026/confront_dw.py	library		SciPy
real_research/reviews/dw_nonlocal_signdoor_2026/refute_crossing.py	library		SciPy
real_research/reviews/dwarf_ecc_sigma_partial_corr_test.py	library		SciPy
real_research/reviews/dwarf_sigma_mi_final.py	library		SciPy
real_research/reviews/dwarf_sigma_mi_kernel.py	library		SciPy
real_research/reviews/dwarf_sigma_mi_reconcile.py	library		SciPy
real_research/reviews/dwarf_sigma_y_DR4_power_forecast.py	library		SciPy
real_research/reviews/dwarf_sigma_yeff_joint_pilot.py	library		SciPy
real_research/reviews/esc_bbn_2026.py	library		SciPy
real_research/reviews/esc_cmb_class_2026.py	library		SciPy
real_research/reviews/esc_s_window_2026.py	library		SciPy
real_research/reviews/eta_beta_first_crude_CLASHVLT.py	library		SciPy
real_research/reviews/field_orbit_reciprocity_2026_09_20/verify.py	library		SciPy
real_research/reviews/gamma_th_blind/FINAL_band_summary_FRESH.py	library		SciPy
real_research/reviews/gamma_th_blind/cosmo_desi.py	library		SciPy
real_research/reviews/horizon_at_sqrt8pi3.py	library		SciPy
real_research/reviews/inhand_2026_07/l6_dw_cusp_kill.py	library		SciPy
real_research/reviews/inhand_2026_07/l6_verify_spotcheck.py	library		SciPy
real_research/reviews/jwst_cap_attempt_audit_2026_09_22/246122c269c04e089fa5a96ea2fbc686.py	library		SciPy
real_research/reviews/jwst_collision_tail_audit_2026_09_22/verify.py	library		SciPy
real_research/reviews/jwst_path_control_audit_2026_09_22/candidate.py	library		SciPy
real_research/reviews/jwst_radial_integral_audit_2026_09_22/verify.py	library		SciPy
real_research/reviews/jwst_small_delay_leaf_2026_09_22/verify.py	library		SciPy
real_research/reviews/kappa_h0_convention_audit_2026.py	library		SciPy
real_research/reviews/kernel_2026_07/d2_band_ladder.py	library		SciPy
real_research/reviews/koide_new_construction.py	library		SciPy
real_research/reviews/koide_response_construct.py	library		SciPy
real_research/reviews/koide_twoflavon_cone_construct.py	library		SciPy
real_research/reviews/labels_close/INDEP_tilt_ODE_dimensionless.py	library		SciPy
real_research/reviews/labels_close/INDEP_tilt_sizing.py	library		SciPy
real_research/reviews/labels_close/aest_tilt_smalldphi_and_BC.py	library		SciPy
real_research/reviews/labels_close/approachB_deconfinement_decisive.py	library		SciPy
real_research/reviews/labels_close/freezing_exponent_discriminator.py	library		SciPy
real_research/reviews/labels_close/verify_chordnumber_energy_map.py	library		SciPy
real_research/reviews/lensing_rar/agentH_perclass_C.py	library		SciPy
real_research/reviews/lensing_rar/agentK_jackknife_stack.py	library		SciPy
real_research/reviews/lensing_rar/agentZ_second_variable.py	library		SciPy
real_research/reviews/lensing_rar/lr_a0z_zbin_confront.py	library		SciPy
real_research/reviews/lensing_rar/lr_battery.py	library		SciPy
real_research/reviews/lensing_rar/lr_esd_remeasure.py	library		SciPy
real_research/reviews/lensing_rar/lr_sersic_crosscheck.py	library		SciPy
real_research/reviews/lensing_source_fork_2026/verify_lane2_independent.py	library		SciPy
real_research/reviews/lyman_alpha_dust_ic_2026.py	library		SciPy
real_research/reviews/mass_fdr/attack5_neutrino_and_claims.py	library		SciPy
real_research/reviews/member_MI_anisotropy_robustness.py	library		SciPy
real_research/reviews/member_MI_genuine_dynamics.py	library		SciPy
real_research/reviews/member_MI_nonadiabatic_plunge.py	library		SciPy
real_research/reviews/member_sigma_efe_pilot_hff_granata.py	library		SciPy
real_research/reviews/member_sigma_efe_pilot_run.py	library		SciPy
real_research/reviews/member_sigma_efe_signtest.py	library		SciPy
real_research/reviews/member_sigma_efe_signtest_v2.py	library		SciPy
real_research/reviews/mi_algebraic_disc_escape_2026.py	library		SciPy
real_research/reviews/mi_alpha2_migration_2026.py	library		SciPy
real_research/reviews/mi_aqual_mcmillan2017_2026.py	library		SciPy
real_research/reviews/mi_aqual_mond_refit_2026.py	library		SciPy
real_research/reviews/mi_aqual_route_a_escape_c_2026.py	library		SciPy
real_research/reviews/mi_aqual_solve_framework_kernel_2026.py	library		SciPy
real_research/reviews/mi_bulge_ml_cannot_be_pinned_2026.py	library		SciPy
real_research/reviews/mi_closure_fixed_by_rar_universality_2026.py	library		SciPy
real_research/reviews/mi_cmb_no_dust_existence_2026.py	library		SciPy
real_research/reviews/mi_cosmo_perturbations_2026.py	library		SciPy
real_research/reviews/mi_ctp_variational_2026.py	library		SciPy
real_research/reviews/mi_cubic_rank4_signature_2026.py	library		SciPy
real_research/reviews/mi_disformal_completion_2026.py	library		SciPy
real_research/reviews/mi_disformal_tail_freedom_2026.py	library		SciPy
real_research/reviews/mi_distance_free_gbar_estimator_sparc_2026.py	library		SciPy
real_research/reviews/mi_drift_sign_forced_or_posited_2026.py	library		SciPy
real_research/reviews/mi_extremal_kernel_lp_2026.py	library		SciPy
real_research/reviews/mi_formal_completion_2026/mi_oneloop_desitter.py	library		SciPy
real_research/reviews/mi_formal_completion_2026/oneloop_laneA_divergences.py	library		SciPy
real_research/reviews/mi_formal_completion_2026/oneloop_laneC_positivity.py	library		SciPy
real_research/reviews/mi_formal_completion_2026/operator_definition.py	library		SciPy
real_research/reviews/mi_formal_completion_2026/twoloop_laneA_finite.py	library		SciPy
real_research/reviews/mi_formal_completion_2026/twoloop_laneC_a0.py	library		SciPy
real_research/reviews/mi_frft_disc_integral_2026.py	library		SciPy
real_research/reviews/mi_gate_herglotz_admissibility_2026.py	library		SciPy
real_research/reviews/mi_ghost_condensate_disruption_scout_2026.py	library		SciPy
real_research/reviews/mi_gw_ppn_gauntlet_2026.py	library		SciPy
real_research/reviews/mi_kernel_axis_separation_omegac_2026.py	library		SciPy
real_research/reviews/mi_kinetic_completion_2026/kinetic_compute.py	library		SciPy
real_research/reviews/mi_kinetic_completion_2026/refute_mond_vs_inert.py	library		SciPy
real_research/reviews/mi_lowz_anchor_sign_2026.py	library		SciPy
real_research/reviews/mi_nonlocal_kernel.py	library		SciPy
real_research/reviews/mi_omegac_drift_sign_energy_2026.py	library		SciPy
real_research/reviews/mi_propagator_2026/dispersion_setup.py	library		SciPy
real_research/reviews/mi_propagator_2026/propagator_compute.py	library		SciPy
real_research/reviews/mi_psi_search_r2Z_2026.py	library		SciPy
real_research/reviews/mi_routeA_box_clearance_verified_2026.py	library		SciPy
real_research/reviews/mi_route_a_cluster_eta_2026.py	library		SciPy
real_research/reviews/mi_route_a_cluster_residual_regimes_2026.py	library		SciPy
real_research/reviews/mi_route_a_efe_dipole_resolve_2026.py	library		SciPy
real_research/reviews/mi_route_a_field_theory_2026.py	library		SciPy
real_research/reviews/mi_route_a_kernel.py	library		SciPy
real_research/reviews/mi_route_a_mi_vs_mg_separation_2026.py	library		SciPy
real_research/reviews/mi_route_c_no_dm_today_2026.py	library		SciPy
real_research/reviews/mi_scale_bridging_2026.py	library		SciPy
real_research/reviews/mi_shape_systematic_mechanism_2026.py	library		SciPy
real_research/reviews/mi_shift_charge_clustering_2026.py	library		SciPy
real_research/reviews/mi_structural_theorems_v3_numbers_2026.py	library		SciPy
real_research/reviews/mi_stx_route_a_retirement_2026.py	library		SciPy
real_research/reviews/mi_synthesis_crosscheck_2026.py	library		SciPy
real_research/reviews/mi_tree_backreaction_2026.py	library		SciPy
real_research/reviews/mi_unimodality_axiom_2026.py	library		SciPy
real_research/reviews/modified_inertia_dynamics.py	library		SciPy
real_research/reviews/no_dm_roads_2026/lane1_road2_cassini.py	library		SciPy
real_research/reviews/no_dm_roads_2026/woodard_q2_lane2_q2.py	library		SciPy
real_research/reviews/nonlinear_external_field_tail_2026_09_21/verify.py	library		SciPy
real_research/reviews/open_doors_2026_07/sparc_footing_conflation_test.py	library		SciPy
real_research/reviews/opt1_cmb_2026.py	library		SciPy
real_research/reviews/orbital_shape_law_2026_09_20/verify.py	library		SciPy
real_research/reviews/precision_rar_test.py	library		SciPy
real_research/reviews/project01_deepmond_sign.py	library		SciPy
real_research/reviews/project01b_horizon_dos.py	library		SciPy
real_research/reviews/project04c_dssyk_calculation.py	library		SciPy
real_research/reviews/project04d_matter_coupling.py	library		SciPy
real_research/reviews/project04f_matter_element_schwarzian.py	library		SciPy
real_research/reviews/project07_mond_collapse_jwst.py	library		SciPy
real_research/reviews/project13_a0_universality.py	library		SciPy
real_research/reviews/project_a0_tracks_dark_energy.py	library		SciPy
real_research/reviews/project_cluster_erass1_a0z.py	library		SciPy
real_research/reviews/project_delta_q_prefactor.py	library		SciPy
real_research/reviews/project_dssyk_interpolation.py	library		SciPy
real_research/reviews/project_efe_sparc_test.py	library		SciPy
real_research/reviews/project_erass1_cluster_a0_fork.py	library		SciPy
real_research/reviews/project_event_horizon_a0z.py	library		SciPy
real_research/reviews/project_event_horizon_develop.py	library		SciPy
real_research/reviews/project_lcdm_fits_vs_mond_predicts.py	library		SciPy
real_research/reviews/project_literature_2026b.py	library		SciPy
real_research/reviews/project_manytemp_broadening.py	library		SciPy
real_research/reviews/project_prefactor_freezing_derivation.py	library		SciPy
real_research/reviews/project_rar_bounds_rho_uniformity.py	library		SciPy
real_research/reviews/project_revised_framework_predictions.py	library		SciPy
real_research/reviews/project_sparc_a0_vs_cosmicweb.py	library		SciPy
real_research/reviews/project_sparc_a0_vs_density_direct.py	library		SciPy
real_research/reviews/project_the_wall_2026_relitigation.py	library		SciPy
real_research/reviews/provable_consequences_with_data.py	library		SciPy
real_research/reviews/pt_gates/pu_g2_pt_spectrum.py	library		SciPy
real_research/reviews/pt_gates/pu_g3_constraint_chain.py	library		SciPy
real_research/reviews/pt_gates/pu_g4_effective_mu.py	library		SciPy
real_research/reviews/radion_casimir_attempt.py	library		SciPy
real_research/reviews/rahman_susskind_confinement_approachB.py	library		SciPy
real_research/reviews/rar_tightness_intrinsic.py	library		SciPy
real_research/reviews/redteam_rar_framework_a0.py	library		SciPy
real_research/reviews/residual_doors_2026_07/D4_flat_ep_cap.py	library		SciPy
real_research/reviews/shear_linearity_2026/adv_verify_lane1_fresh.py	library		SciPy
real_research/reviews/shear_linearity_2026/adv_verify_lane2_fresh.py	library		SciPy
real_research/reviews/shear_linearity_2026/lane2_gates.py	library		SciPy
real_research/reviews/shear_linearity_2026/lane3_tail_falsifiers.py	library		SciPy
real_research/reviews/shear_linearity_2026/verify_lane3_adversarial.py	library		SciPy
real_research/reviews/sparc_environment_a0_REAL.py	library		SciPy
real_research/reviews/sparc_rar_honest.py	library		SciPy
real_research/reviews/spectral_spine_closure_2026_09_22/i13/radial_bridge.py	library		SciPy
real_research/reviews/spectral_spine_closure_2026_09_22/i15/verify.py	library		SciPy
real_research/reviews/spontaneous_radiation_a0_route.py	library		SciPy
real_research/reviews/stx_inpop_recipe.py	library		SciPy
real_research/reviews/toe_law/agentA_f4_eccentric.py	library		SciPy
real_research/reviews/toe_law/agentBB_legal_mixture.py	library		SciPy
real_research/reviews/toe_law/agentCC_astar_hunt.py	library		SciPy
real_research/reviews/toe_law/agentDD_vector_carrier.py	library		SciPy
real_research/reviews/toe_law/agentD_dew_quadrupole.py	library		SciPy
real_research/reviews/toe_law/agentE_solar_reflex.py	library		SciPy
real_research/reviews/toe_law/agentFF_x_hostile_audit.py	library		SciPy
real_research/reviews/toe_law/agentH3_gauntlet.py	library		SciPy
real_research/reviews/toe_law/agentHH_independent_fit.py	library		SciPy
real_research/reviews/toe_law/agentHH_pump_profile.py	library		SciPy
real_research/reviews/toe_law/agentIF2_reactive_influence_functional.py	library		SciPy
real_research/reviews/toe_law/agentII_cmb_slip_audit.py	library		SciPy
real_research/reviews/toe_law/agentJJ_transient_fingerprint.py	library		SciPy
real_research/reviews/toe_law/agentJ_massbin_phase.py	library		SciPy
real_research/reviews/toe_law/agentKK_nonlocal_slip.py	library		SciPy
real_research/reviews/toe_law/agentOO_c10_cauchy.py	library		SciPy
real_research/reviews/toe_law/agentOO_c11_converge.py	library		SciPy
real_research/reviews/toe_law/agentOO_c12_scaling.py	library		SciPy
real_research/reviews/toe_law/agentOO_c13_deriv.py	library		SciPy
real_research/reviews/toe_law/agentOO_c9_pv.py	library		SciPy
real_research/reviews/toe_law/agentOO_verify_GHcoth_struct.py	library		SciPy
real_research/reviews/toe_law/agentOO_verify_block1_numeric.py	library		SciPy
real_research/reviews/toe_law/agentOO_verify_couplings.py	library		SciPy
real_research/reviews/toe_law/agentV_exponent_extrapolation.py	library		SciPy
real_research/reviews/toe_law/agentV_kernel_inversion.py	library		SciPy
real_research/reviews/toe_law/agentW_partner_uniqueness.py	library		SciPy
real_research/reviews/toe_law/agentX_sk_dynamics.py	library		SciPy
real_research/reviews/toe_law/agentX_sk_kernel.py	library		SciPy
real_research/reviews/toe_law/agentY_gates.py	library		SciPy
real_research/reviews/toe_law/mi_coupling_family_scan.py	library		SciPy
real_research/reviews/universality_selects_rho_lambda.py	library		SciPy
real_research/reviews/vein3_a0z_fresh_observables.py	library		SciPy
real_research/reviews/verify_VEIN1_theta_memory_kernel_P2_interacting_pair_inbound_outbound_KILL.py	library		SciPy
real_research/reviews/verify_VEIN_1_time_nonlocality_memory_kernel_theta_y__P4_MW_dwarf_sigma_tracks_eccentricity__ADVERSARIAL.py	library		SciPy
real_research/reviews/verify_lensing_independent.py	library		SciPy
real_research/reviews/vi__RAR_knee_vs_BTFR_zero.py	library		SciPy
real_research/reviews/widening_lensing_bao_LG_dsph.py	library		SciPy
real_research/reviews/yang_mills_continuum_2026_09_22/vacuum/verify.py	library		SciPy
real_research/reviews/ym_door_swings_2026_09_22/ym1_euclidean/verify.py	library		SciPy
real_research/reviews/ym_door_swings_2026_09_22/ym2_continuum/swing3_rg_bridge.py	library		SciPy
real_research/reviews/ym_door_swings_2026_09_22/ym2_continuum/swing4_vanishing_margin.py	library		SciPy
real_research/reviews/zz_universality_independent_density.py	library		SciPy
real_research/snia_hoststep_localSB.py	library		SciPy
real_research/swarm_week_2026_09_20/followup_work/R10/model_equivalence.py	library		SciPy
real_research/switch_audit_2026/BS1_per_bin_threshold.py	library		SciPy
real_research/switch_audit_2026/BS2_efe_vs_switch.py	library		SciPy
real_research/switch_audit_2026/BS3_isolated_field_two_halo.py	library		SciPy
real_research/tsz_score_2026/L317_tsz_original_window_score.py	library		SciPy
real_research/ym1_bdl_extension_2026/gauge_instance.py	library		SciPy
real_research/ym1_bdl_extension_2026/referee2/gap_kt_ed.py	library		SciPy
real_research/ym1_bdl_extension_2026/referee2/lemma4_identity.py	library		SciPy
real_research/ym1_bdl_extension_2026/referee2/setalg_test.py	library		SciPy
reviews/mi_dissipative_identification_2026.py	library		SciPy
reviews/mi_forced_weight_attempt_2026.py	library		SciPy
reviews/mi_spectral_kms_bootstrap_2026.py	library		SciPy
reviews/mi_spectral_weight_swing_2026.py	library		SciPy
reviews/mi_thermal_class_nogo_2026.py	library		SciPy
reviews/mi_three_classes_2026.py	library		SciPy
superfluid_2026/sfD_superfluid_phonon_2026.py	library		SciPy
