alpha,b,di,s,m,k,Dmed,n1,dflat,C,restore
0.15,-0.3,-15,0.75,1,0.0,1.7954210421125956,7,0.2304822101358079,5.998255331578165,True
0.15,-0.3,-15,0.75,1,3.36,1.8180789032229674,7,0.2359286267216337,6.081041606732015,True
0.15,-0.3,-15,0.75,2,0.0,2.6467420990327093,7,0.38657676165072985,6.081041606732015,True
0.15,-0.3,-15,0.75,2,3.36,3.1264720670248307,7,0.45586182403132575,6.162715880422031,True
0.15,-0.3,-15,1.0,1,0.0,2.393894722816797,7,0.3386930924435206,5.866693978066188,True
0.15,-0.3,-15,1.0,1,3.36,2.4241052042972924,7,0.3441395090293463,5.951310631472539,True
0.15,-0.3,-15,1.0,2,0.0,3.528989465376947,8,0.4864724154636537,5.951310631472539,True
0.15,-0.3,-15,1.0,2,3.36,4.168629422699776,8,0.5537649775005593,6.034740941604541,True
0.15,-0.3,-15,1.33,1,0.0,3.1838799813463403,7,0.43502621737408753,5.996000427726974,True
0.15,-0.3,-15,1.33,1,3.36,3.2240599217154,7,0.4404726339599133,6.07881741207137,True
0.15,-0.3,-15,1.33,2,0.0,4.693555988951335,8,0.5699744963181128,6.07881741207137,True
0.15,-0.3,-15,1.33,2,3.36,5.544277132190703,8,0.6342957644656776,6.160521173513006,True
0.15,-0.3,-15,1.5,1,0.0,3.590842084225191,7,0.4710166855763517,6.125268270358416,True
0.15,-0.3,-15,1.5,1,3.36,3.636157806445935,7,0.47646310216217747,6.206360558641399,True
0.15,-0.3,-15,1.5,2,0.0,5.293484198065419,8,0.5994197604081895,6.206360558641399,True
0.15,-0.3,-15,1.5,2,3.36,6.252944134049661,8,0.6627945167036028,6.286406873871558,True
0.15,-0.3,-15,2.0,1,0.0,4.787789445633594,8,0.5433715634139934,6.593936916685185,True
0.15,-0.3,-15,2.0,1,3.36,4.848210408594585,8,0.5488179799998191,6.669333104683235,True
0.15,-0.3,-15,2.0,2,0.0,7.057978930753894,8,0.6599724068267153,6.669333104683235,True
0.15,-0.3,-15,2.0,2,3.36,8.337258845399552,8,0.721328850051953,6.743886421139054,True
0.15,-0.3,-10,0.75,1,0.0,1.2499458382860003,6,0.06400565223067209,5.781699284349076,True
0.15,-0.3,-10,0.75,1,3.36,1.466539998923863,6,0.13340836991453187,5.867541786356756,True
0.15,-0.3,-10,0.75,2,0.0,2.134184934405157,7,0.27545307740494773,5.867541786356756,True
0.15,-0.3,-10,0.75,2,3.36,2.5040025539808375,7,0.3448557950888075,5.952146387198708,True
0.15,-0.3,-10,1.0,1,0.0,1.6665944510480002,7,0.16603999746174095,5.645093252030015,True
0.15,-0.3,-10,1.0,1,3.36,1.955386665231817,7,0.2354427151456007,5.732981582398011,True
0.15,-0.3,-10,1.0,2,0.0,2.845579912540209,7,0.36411880592119283,5.732981582398011,True
0.15,-0.3,-10,1.0,2,3.36,3.3386700719744495,8,0.43352152360505264,5.819542750432787,True
0.15,-0.3,-10,1.33,1,0.0,2.216570619893834,7,0.2527880261603771,5.779359888529075,True
0.15,-0.3,-10,1.33,1,3.36,2.60066426475831,7,0.32219074384423707,5.865236629594649,True
0.15,-0.3,-10,1.33,2,0.0,3.7846212836784745,8,0.4355065833088775,5.865236629594649,True
0.15,-0.3,-10,1.33,2,3.36,4.440431195726014,8,0.5030392674260501,5.949874008845801,True
0.15,-0.3,-10,1.5,1,0.0,2.4998916765720005,7,0.28356088454871226,5.913365452574051,True
0.15,-0.3,-10,1.5,1,3.36,2.933079997847726,7,0.35296360223257206,5.99732365107106,True
0.15,-0.3,-10,1.5,2,0.0,4.268369868810314,8,0.46400533554680257,5.99732365107106,True
0.15,-0.3,-10,1.5,2,3.36,5.008005107961675,8,0.5280892568583305,6.0801226118965985,True
0.15,-0.3,-10,2.0,1,0.0,3.3331889020960004,8,0.3500287988430191,6.39757638899767,True
0.15,-0.3,-10,2.0,1,3.36,3.910773330463634,8,0.4158986778142617,6.475259350254664,True
0.15,-0.3,-10,2.0,2,0.0,5.691159825080418,8,0.522539668895153,6.475259350254664,True
0.15,-0.3,-10,2.0,2,3.36,6.677340143948899,8,0.5791083178059971,6.552021341010762,True
0.15,-0.3,-5,0.75,1,0.0,1.0463044142417492,5,-0.01322748509963062,5.647781367027646,True
0.15,-0.3,-5,0.75,1,3.36,1.262898574879612,5,0.06848293050618659,5.735628506950626,True
0.15,-0.3,-5,0.75,2,0.0,1.7864831013305227,7,0.198219940074645,5.735628506950626,True
0.15,-0.3,-5,0.75,2,3.36,2.1563007209062035,7,0.27993035568046226,5.822150321809345,True
0.15,-0.3,-5,1.0,1,0.0,1.395072552322332,6,0.08880686013143818,5.507854898162882,True
0.15,-0.3,-5,1.0,1,3.36,1.6838647665061492,6,0.1705172757372555,5.597898318049092,True
0.15,-0.3,-5,1.0,2,0.0,2.3819774684406965,7,0.28688566859089004,5.597898318049092,True
0.15,-0.3,-5,1.0,2,3.36,2.8750676278749374,7,0.3685960841967073,5.686516119665612,True
0.15,-0.3,-5,1.33,1,0.0,1.8554464945886966,7,0.17555488883007445,5.645386477136959,True
0.15,-0.3,-5,1.33,1,3.36,2.2395401394531724,7,0.2572653044358917,5.733270312504098,True
0.15,-0.3,-5,1.33,2,0.0,3.1680300330261235,8,0.35640341241188755,5.733270312504098,True
0.15,-0.3,-5,1.33,2,3.36,3.8238399450736633,8,0.4381138280177048,5.819827186114794,True
0.15,-0.3,-5,1.5,1,0.0,2.0926088284834985,7,0.20632774721840957,5.782497620474941,True
0.15,-0.3,-5,1.5,1,3.36,2.525797149759224,7,0.2880381628242268,5.868328444352647,True
0.15,-0.3,-5,1.5,2,0.0,3.5729662026610454,8,0.381453401844168,5.868328444352647,True
0.15,-0.3,-5,1.5,2,3.36,4.312601441812407,8,0.46316381744998536,5.952921865000275,True
0.15,-0.3,-5,2.0,1,0.0,2.790145104644664,7,0.26926282280009917,6.276812201122677,True
0.15,-0.3,-5,2.0,1,3.36,3.3677295330122985,8,0.35097323840591654,6.355971319016669,True
0.15,-0.3,-5,2.0,2,0.0,4.763954936881393,8,0.4324724627918346,6.355971319016669,True
0.15,-0.3,-5,2.0,2,3.36,5.750135255749875,8,0.5141828783976519,6.434156619803601,True
0.15,-0.3,0,0.75,1,0.0,0.9012570956418406,4,-0.07803684569992234,5.602430748176367,False
0.15,-0.3,0,0.75,1,3.36,1.1178512562797034,5,0.01549847656322969,5.690977972906942,True
0.15,-0.3,0,0.75,2,0.0,1.5388261288041982,6,0.1334105794743533,5.690977972906942,True
0.15,-0.3,0,0.75,2,3.36,1.9086437483798786,6,0.22694590173750534,5.778168419846553,True
0.15,-0.3,0,1.0,1,0.0,1.2016761275224541,5,0.02399749953114655,5.461342462946651,True
0.15,-0.3,0,1.0,1,3.36,1.4904683417062712,5,0.11753282179429861,5.552140262780129,True
0.15,-0.3,0,1.0,2,0.0,2.0517681717389307,7,0.2220763079905984,5.552140262780129,True
0.15,-0.3,0,1.0,2,3.36,2.544858331173171,7,0.31561163025375044,5.641476889750076,True
0.15,-0.3,0,1.33,1,0.0,1.5982292496048598,6,0.11074552822978284,5.600016463780101,True
0.15,-0.3,0,1.33,1,3.36,1.9823228944693352,6,0.2042808504929348,5.688601268731021,True
0.15,-0.3,0,1.33,2,0.0,2.7288516684127755,8,0.29159405181159603,5.688601268731021,True
0.15,-0.3,0,1.33,2,3.36,3.384661580460315,8,0.385129374074748,5.7758275939131165,True
0.15,-0.3,0,1.5,1,0.0,1.8025141912836813,7,0.14151838661811783,5.738211798911373,True
0.15,-0.3,0,1.5,1,3.36,2.2357025125594068,7,0.23505370888126986,5.824695240883054,True
0.15,-0.3,0,1.5,2,0.0,3.0776522576083964,8,0.31664404124387646,5.824695240883054,True
0.15,-0.3,0,1.5,2,3.36,3.817287496759757,8,0.4101793635070283,5.909913252253851,True
0.15,-0.3,0,2.0,1,0.0,2.4033522550449082,7,0.20445346219980762,6.236037790659213,True
0.15,-0.3,0,2.0,1,3.36,2.9809366834125424,7,0.2979887844629596,6.315707982999993,True
0.15,-0.3,0,2.0,2,0.0,4.103536343477861,8,0.36766310219154297,6.315707982999993,True
0.15,-0.3,0,2.0,2,3.36,5.089716662346342,8,0.46119842445469494,6.394385609777522,True
0.15,-0.3,5,0.75,1,0.0,0.7956648646009956,4,-0.13215536198876704,5.647781367027646,False
0.15,-0.3,5,0.75,1,3.36,1.0122590252388584,5,-0.027593885062424956,5.735628506950626,True
0.15,-0.3,5,0.75,2,0.0,1.3585356379885176,5,0.07929206318550856,5.735628506950626,True
0.15,-0.3,5,0.75,2,3.36,1.7283532575641982,5,0.18385354011185068,5.822150321809345,True
0.15,-0.3,5,1.0,1,0.0,1.0608864861346605,5,-0.030121016757698238,5.507854898162882,True
0.15,-0.3,5,1.0,1,3.36,1.3496787003184776,5,0.07444046016864389,5.597898318049092,True
0.15,-0.3,5,1.0,2,0.0,1.8113808506513565,6,0.16795779170175362,5.597898318049092,True
0.15,-0.3,5,1.0,2,3.36,2.3044710100855976,6,0.27251926862809583,5.686516119665612,True
0.15,-0.3,5,1.33,1,0.0,1.410979026559095,5,0.056627011940938055,5.645386477136959,True
0.15,-0.3,5,1.33,1,3.36,1.7950726714235705,5,0.16118848886728018,5.733270312504098,True
0.15,-0.3,5,1.33,2,0.0,2.4091365313663022,8,0.23747553552275122,5.733270312504098,True
0.15,-0.3,5,1.33,2,3.36,3.0649464434138416,8,0.34203701244909335,5.819827186114794,True
0.15,-0.3,5,1.5,1,0.0,1.5913297292019912,5,0.08739987032927317,5.782497620474941,True
0.15,-0.3,5,1.5,1,3.36,2.0245180504777167,6,0.1919613472556152,5.868328444352647,True
0.15,-0.3,5,1.5,2,0.0,2.7170712759770352,8,0.2625255249550317,5.868328444352647,True
0.15,-0.3,5,1.5,2,3.36,3.4567065151283964,8,0.36708700188137366,5.952921865000275,True
0.15,-0.3,5,2.0,1,0.0,2.121772972269321,7,0.15033494591096278,6.276812201122677,True
0.15,-0.3,5,2.0,1,3.36,2.699357400636955,7,0.25489642283730496,6.355971319016669,True
0.15,-0.3,5,2.0,2,0.0,3.622761701302713,8,0.3135445859026982,6.355971319016669,True
0.15,-0.3,5,2.0,2,3.36,4.608942020171195,8,0.4181060628290404,6.434156619803601,True
0.15,-0.3,10,0.75,1,0.0,0.717865581706174,4,-0.17684241121780417,5.781699284349076,False
0.15,-0.3,10,0.75,1,3.36,0.9344597423440368,4,-0.06232494647658926,5.867541786356756,False
0.15,-0.3,10,0.75,2,0.0,1.2256994363101037,5,0.03460501395647138,5.867541786356756,True
0.15,-0.3,10,0.75,2,3.36,1.5955170558857845,5,0.14912247869768636,5.952146387198708,True
0.15,-0.3,10,1.0,1,0.0,0.9571541089415652,4,-0.07480806598673534,5.645093252030015,False
0.15,-0.3,10,1.0,1,3.36,1.2459463231253822,5,0.03970939875447958,5.732981582398011,True
0.15,-0.3,10,1.0,2,0.0,1.6342659150801382,5,0.12327074247271652,5.732981582398011,True
0.15,-0.3,10,1.0,2,3.36,2.127356074514379,5,0.2377882072139314,5.819542750432787,True
0.15,-0.3,10,1.33,1,0.0,1.2730149648922782,5,0.011939962711900884,5.779359888529075,True
0.15,-0.3,10,1.33,1,3.36,1.6571086097567538,5,0.12645742745311578,5.865236629594649,True
0.15,-0.3,10,1.33,2,0.0,2.1735736670565817,7,0.19278848629371406,5.865236629594649,True
0.15,-0.3,10,1.33,2,3.36,2.8293835791041215,8,0.30730595103492897,5.949874008845801,True
0.15,-0.3,10,1.5,1,0.0,1.435731163412348,5,0.04271282110023601,5.913365452574051,True
0.15,-0.3,10,1.5,1,3.36,1.8689194846880737,5,0.15723028584145093,5.99732365107106,True
0.15,-0.3,10,1.5,2,0.0,2.4513988726202074,8,0.21783847572599443,5.99732365107106,True
0.15,-0.3,10,1.5,2,3.36,3.191034111771569,8,0.3323559404672094,6.0801226118965985,True
0.15,-0.3,10,2.0,1,0.0,1.9143082178831303,6,0.10564789668192573,6.39757638899767,True
0.15,-0.3,10,2.0,1,3.36,2.4918926462507645,6,0.2201653614231406,6.475259350254664,True
0.15,-0.3,10,2.0,2,0.0,3.2685318301602764,8,0.2688575366736611,6.475259350254664,True
0.15,-0.3,10,2.0,2,3.36,4.254712149028758,8,0.383375001414876,6.552021341010762,True
0.15,-0.3,15,0.75,1,0.0,0.6604817467363681,4,-0.21302472283377105,5.998255331578165,False
0.15,-0.3,15,0.75,1,3.36,0.8770759073742308,4,-0.0898483612384786,6.081041606732015,False
0.15,-0.3,15,0.75,2,0.0,1.127721018110091,5,-0.0015772976594953872,6.081041606732015,True
0.15,-0.3,15,0.75,2,3.36,1.4975386376857713,5,0.12159906393579702,6.162715880422031,True
0.15,-0.3,15,1.0,1,0.0,0.8806423289818242,4,-0.11099037760270211,5.866693978066188,False
0.15,-0.3,15,1.0,1,3.36,1.169434543165641,5,0.012185983992590285,5.951310631472539,True
0.15,-0.3,15,1.0,2,0.0,1.5036280241467879,5,0.08708843085674975,5.951310631472539,True
0.15,-0.3,15,1.0,2,3.36,1.9967181835810281,5,0.2102647924520421,6.034740941604541,True
0.15,-0.3,15,1.33,1,0.0,1.1712542975458229,5,-0.02424234890406589,5.996000427726974,True
0.15,-0.3,15,1.33,1,3.36,1.5553479424102985,5,0.09893401269122656,6.07881741207137,True
0.15,-0.3,15,1.33,2,0.0,1.999825272115226,6,0.15660617467774732,6.07881741207137,True
0.15,-0.3,15,1.33,2,3.36,2.6556351841627657,7,0.27978253627303973,6.160521173513006,True
0.15,-0.3,15,1.5,1,0.0,1.3209634934727361,5,0.006530509484269129,6.125268270358416,True
0.15,-0.3,15,1.5,1,3.36,1.7541518147484616,5,0.12970687107956158,6.206360558641399,True
0.15,-0.3,15,1.5,2,0.0,2.255442036220182,7,0.1816561641100277,6.206360558641399,True
0.15,-0.3,15,1.5,2,3.36,2.9950772753715427,7,0.30483252570532005,6.286406873871558,True
0.15,-0.3,15,2.0,1,0.0,1.7612846579636483,5,0.06946558506595893,6.593936916685185,True
0.15,-0.3,15,2.0,1,3.36,2.338869086331282,5,0.1926419466612513,6.669333104683235,True
0.15,-0.3,15,2.0,2,0.0,3.0072560482935757,8,0.2326752250576943,6.669333104683235,True
0.15,-0.3,15,2.0,2,3.36,3.9934363671620563,8,0.35585158665298666,6.743886421139054,True
0.15,-0.2,-15,0.75,1,0.0,1.4463475326708481,7,0.14093130527490547,5.893137281856404,True
0.15,-0.2,-15,0.75,1,3.36,1.4646001546151832,7,0.1463777218607313,5.977379611736725,True
0.15,-0.2,-15,0.75,2,0.0,2.3499239137948353,7,0.33815817482809873,5.977379611736725,True
0.15,-0.2,-15,0.75,2,3.36,2.5445390448345906,7,0.37321512390225087,6.060451057702379,True
0.15,-0.2,-15,1.0,1,0.0,1.9284633768944668,7,0.2521190345574066,5.759175134711399,True
0.15,-0.2,-15,1.0,1,3.36,1.9528002061535799,7,0.2575654511432323,5.845348426935564,True
0.15,-0.2,-15,1.0,2,0.0,3.133231885059782,7,0.4401858490100077,5.845348426935564,True
0.15,-0.2,-15,1.0,2,3.36,3.3927187264461223,7,0.4755749305775353,5.930269659322253,True
0.15,-0.2,-15,1.33,1,0.0,2.5648562912696415,7,0.35318411722868565,5.890842140925359,True
0.15,-0.2,-15,1.33,1,3.36,2.597224274184262,7,0.35863053381451143,5.975116829761746,True
0.15,-0.2,-15,1.33,2,0.0,4.167198407129502,8,0.5269236947949425,5.975116829761746,True
0.15,-0.2,-15,1.33,2,3.36,4.5123159061733435,8,0.5628201971726233,6.058219303500168,True
0.15,-0.2,-15,1.5,1,0.0,2.8926950653416963,7,0.3918698086316112,6.022367589566381,True
0.15,-0.2,-15,1.5,1,3.36,2.9292003092303665,7,0.397316225217437,6.104826892210751,True
0.15,-0.2,-15,1.5,2,0.0,4.699847827589671,8,0.5576918472640732,6.104826892210751,True
0.15,-0.2,-15,1.5,2,3.36,5.089078089669181,8,0.593827077265714,6.186187144264193,True
0.15,-0.2,-15,2.0,1,0.0,3.8569267537889336,7,0.4712329909925811,6.498461668827764,True
0.15,-0.2,-15,2.0,1,3.36,3.9056004123071597,8,0.4766794075784069,6.574952780151635,True
0.15,-0.2,-15,2.0,2,0.0,6.266463770119564,8,0.6206191026018251,6.574952780151635,True
0.15,-0.2,-15,2.0,2,3.36,6.7854374528922445,8,0.6571468485094445,6.650564191196392,True
0.15,-0.2,-10,0.75,1,0.0,1.0088790926107845,5,-0.023105638827444385,5.672569665913556,True
0.15,-0.2,-10,0.75,1,3.36,1.1837005237127636,5,0.04629707885641543,5.760038768501704,True
0.15,-0.2,-10,0.75,2,0.0,1.7424611320255246,7,0.19648168106110217,5.760038768501704,True
0.15,-0.2,-10,0.75,2,3.36,2.04439973990368,7,0.26588439874496195,5.84619933073126,True
0.15,-0.2,-10,1.0,1,0.0,1.3451721234810459,7,0.08289616401470584,5.533270084146879,True
0.15,-0.2,-10,1.0,1,3.36,1.5782673649503511,7,0.1522988816985656,5.622906528132475,True
0.15,-0.2,-10,1.0,2,0.0,2.323281509367366,7,0.2908572870622397,5.622906528132475,True
0.15,-0.2,-10,1.0,2,3.36,2.7258663198715727,7,0.3602600047460993,5.711136298856368,True
0.15,-0.2,-10,1.33,1,0.0,1.7890789242297858,7,0.1757650022632486,5.670185245751571,True
0.15,-0.2,-10,1.33,1,3.36,2.0990955953839614,7,0.24516771994710845,5.757690571847258,True
0.15,-0.2,-10,1.33,2,0.0,3.0899644074585946,8,0.36664266847965526,5.757690571847258,True
0.15,-0.2,-10,1.33,2,3.36,3.6254022054291895,8,0.436045386163515,5.843885755312026,True
0.15,-0.2,-10,1.5,1,0.0,2.017758185221569,7,0.2098091967553774,5.806710856904821,True
0.15,-0.2,-10,1.5,1,3.36,2.367401047425527,7,0.2792119144392372,5.892188979971392,True
0.15,-0.2,-10,1.5,2,0.0,3.484922264051049,8,0.3950378961089141,5.892188979971392,True
0.15,-0.2,-10,1.5,2,3.36,4.08879947980736,8,0.46309392342511846,5.976444676870716,True
0.15,-0.2,-10,2.0,1,0.0,2.6903442469620917,7,0.27811792820052195,6.299125626073865,True
0.15,-0.2,-10,2.0,1,3.36,3.1565347299007023,7,0.3475206458843817,6.378007812245173,True
0.15,-0.2,-10,2.0,2,0.0,4.646563018734732,8,0.4583576673526443,6.378007812245173,True
0.15,-0.2,-10,2.0,2,3.36,5.451732639743145,8,0.5184460700488733,6.455926242845441,True
0.15,-0.2,-5,0.75,1,0.0,0.844512310615289,4,-0.10033877615774704,5.536012497253295,False
0.15,-0.2,-5,0.75,1,3.36,1.019333741717268,5,-0.018628360551929814,5.625605244748752,True
0.15,-0.2,-5,0.75,2,0.0,1.4585790185781056,6,0.11924854373079943,5.625605244748752,True
0.15,-0.2,-5,0.75,2,3.36,1.760517626456261,6,0.2009589593366167,5.71379334328296,True
0.15,-0.2,-5,1.0,1,0.0,1.1260164141537183,5,0.0056630266844030774,5.39318695941619,True
0.15,-0.2,-5,1.0,1,3.36,1.3591116556230238,5,0.08737344229022034,5.485113087185792,True
0.15,-0.2,-5,1.0,2,0.0,1.9447720247708074,7,0.2136241497319369,5.485113087185792,True
0.15,-0.2,-5,1.0,2,3.36,2.3473568352750145,7,0.29533456533775415,5.575523794157537,True
0.15,-0.2,-5,1.33,1,0.0,1.4976018308244412,6,0.0985318649329459,5.53356923479239,True
0.15,-0.2,-5,1.33,1,3.36,1.8076185019786166,6,0.18024228053876312,5.623200910179259,True
0.15,-0.2,-5,1.33,2,0.0,2.586546792945172,7,0.28940953114935253,5.623200910179259,True
0.15,-0.2,-5,1.33,2,3.36,3.121984590915767,7,0.3711199467551698,5.7114261333086365,True
0.15,-0.2,-5,1.5,1,0.0,1.689024621230578,7,0.13257605942507475,5.673383358349615,True
0.15,-0.2,-5,1.5,1,3.36,2.038667483434536,7,0.214286475030892,5.760840106338515,True
0.15,-0.2,-5,1.5,2,0.0,2.917158037156211,8,0.3164580684109558,5.760840106338515,True
0.15,-0.2,-5,1.5,2,3.36,3.521035252912522,8,0.3981684840167732,5.846988860156855,True
0.15,-0.2,-5,2.0,1,0.0,2.2520328283074367,7,0.20088479087021913,6.176436788971656,True
0.15,-0.2,-5,2.0,1,3.36,2.7182233112460477,7,0.2825952064760364,6.256865941360939,True
0.15,-0.2,-5,2.0,2,0.0,3.8895440495416147,8,0.3718102150347109,6.256865941360939,True
0.15,-0.2,-5,2.0,2,3.36,4.694713670550029,8,0.45352063064052817,6.3362742529157075,True
0.15,-0.2,0,0.75,1,0.0,0.7274390721657201,4,-0.16514813675803874,5.489738635683124,False
0.15,-0.2,0,0.75,1,3.36,0.9022605032676992,4,-0.07161281449488671,5.580074398080371,False
0.15,-0.2,0,0.75,2,0.0,1.2563788053981213,5,0.054439183130507794,5.580074398080371,True
0.15,-0.2,0,0.75,2,3.36,1.5583174132762765,5,0.1479745053936598,5.668970831474793,True
0.15,-0.2,0,1.0,1,0.0,0.9699187628876268,4,-0.05914633391588852,5.345676897978795,False
0.15,-0.2,0,1.0,1,3.36,1.2030140043569322,5,0.03438898834726348,5.438406154158054,True
0.15,-0.2,0,1.0,2,0.0,1.6751717405308284,6,0.14881478913164528,5.438406154158054,True
0.15,-0.2,0,1.0,2,3.36,2.0777565510350353,6,0.24235011139479726,5.529580589663578,True
0.15,-0.2,0,1.33,1,0.0,1.2899919546405398,5,0.03372250433265425,5.487274769373973,True
0.15,-0.2,0,1.33,1,3.36,1.6000086257947153,5,0.1272578265958063,5.577650436752754,True
0.15,-0.2,0,1.33,2,0.0,2.227978414906,7,0.2246001705490609,5.577650436752754,True
0.15,-0.2,0,1.33,2,3.36,2.763416212876595,7,0.3181354928122129,5.666584896973501,True
0.15,-0.2,0,1.5,1,0.0,1.4548781443314402,5,0.06776669882478306,5.6282390362497665,True
0.15,-0.2,0,1.5,1,3.36,1.8045210065353985,6,0.16130202108793512,5.71638650278003,True
0.15,-0.2,0,1.5,2,0.0,2.5127576107962426,7,0.2516487078106642,5.71638650278003,True
0.15,-0.2,0,1.5,2,3.36,3.116634826552553,8,0.34518403007381615,5.803195210327299,True
0.15,-0.2,0,2.0,1,0.0,1.9398375257752536,7,0.13607543026992755,6.134995299633884,True
0.15,-0.2,0,2.0,1,3.36,2.4060280087138644,7,0.22961075253307953,6.215960692164153,True
0.15,-0.2,0,2.0,2,0.0,3.350343481061657,8,0.30700085443441927,6.215960692164153,True
0.15,-0.2,0,2.0,2,3.36,4.155513102070071,8,0.40053617669757124,6.2958849518181195,True
0.15,-0.2,5,0.75,1,0.0,0.6422115439191234,4,-0.21926665304688348,5.536012497253295,False
0.15,-0.2,5,0.75,1,3.36,0.8170329750211025,4,-0.11470517612054137,5.625605244748752,False
0.15,-0.2,5,0.75,2,0.0,1.1091801406265098,5,0.00032066684166302123,5.625605244748752,True
0.15,-0.2,5,0.75,2,3.36,1.411118748504665,5,0.10488214376800509,5.71379334328296,True
0.15,-0.2,5,1.0,1,0.0,0.856282058558831,4,-0.11326485020473334,5.39318695941619,False
0.15,-0.2,5,1.0,1,3.36,1.0893773000281366,5,-0.008703373278391172,5.485113087185792,True
0.15,-0.2,5,1.0,2,0.0,1.4789068541686796,5,0.09469627284280047,5.485113087185792,True
0.15,-0.2,5,1.0,2,3.36,1.8814916646728868,5,0.1992577497691426,5.575523794157537,True
0.15,-0.2,5,1.33,1,0.0,1.138855137883242,5,-0.02039601195619048,5.53356923479239,True
0.15,-0.2,5,1.33,1,3.36,1.4488718090374173,5,0.08416546497015158,5.623200910179259,True
0.15,-0.2,5,1.33,2,0.0,1.9669461160443427,7,0.17048165426021616,5.623200910179259,True
0.15,-0.2,5,1.33,2,3.36,2.5023839140149375,7,0.2750431311865582,5.7114261333086365,True
0.15,-0.2,5,1.5,1,0.0,1.2844230878382468,5,0.013648182535938316,5.673383358349615,True
0.15,-0.2,5,1.5,1,3.36,1.634065950042205,5,0.11820965946228043,5.760840106338515,True
0.15,-0.2,5,1.5,2,0.0,2.2183602812530197,7,0.19753019152181941,5.760840106338515,True
0.15,-0.2,5,1.5,2,3.36,2.82223749700933,7,0.3020916684481615,5.846988860156855,True
0.15,-0.2,5,2.0,1,0.0,1.712564117117662,6,0.08195691398108274,6.176436788971656,True
0.15,-0.2,5,2.0,1,3.36,2.178754600056273,6,0.18651839090742492,6.256865941360939,True
0.15,-0.2,5,2.0,2,0.0,2.9578137083373592,8,0.2528823381455744,6.256865941360939,True
0.15,-0.2,5,2.0,2,3.36,3.7629833293457735,8,0.3574438150719166,6.3362742529157075,True
0.15,-0.2,10,0.75,1,0.0,0.579416767114772,4,-0.26395370227592063,5.672569665913556,False
0.15,-0.2,10,0.75,1,3.36,0.7542381982167511,4,-0.1494362375347057,5.760038768501704,False
0.15,-0.2,10,0.75,2,0.0,1.0007256601271182,5,-0.04436638238737408,5.760038768501704,True
0.15,-0.2,10,0.75,2,3.36,1.3026642680052736,5,0.07015108235384085,5.84619933073126,True
0.15,-0.2,10,1.0,1,0.0,0.7725556894863624,4,-0.15795189943377047,5.533270084146879,False
0.15,-0.2,10,1.0,1,3.36,1.0056509309556678,5,-0.04343443469255559,5.622906528132475,True
0.15,-0.2,10,1.0,2,0.0,1.3343008801694907,5,0.05000922361376334,5.622906528132475,True
0.15,-0.2,10,1.0,2,3.36,1.7368856906736976,5,0.1645266883549782,5.711136298856368,True
0.15,-0.2,10,1.33,1,0.0,1.0274990670168591,5,-0.06508306118522765,5.670185245751571,True
0.15,-0.2,10,1.33,1,3.36,1.3375157381710343,5,0.0494344035559872,5.757690571847258,True
0.15,-0.2,10,1.33,2,0.0,1.7746201706254212,5,0.12579460503117895,5.757690571847258,True
0.15,-0.2,10,1.33,2,3.36,2.3100579685960163,6,0.2403120697723939,5.843885755312026,True
0.15,-0.2,10,1.5,1,0.0,1.158833534229544,5,-0.031038866693098785,5.806710856904821,True
0.15,-0.2,10,1.5,1,3.36,1.5084763964335022,5,0.08347859804811611,5.892188979971392,True
0.15,-0.2,10,1.5,2,0.0,2.0014513202542363,6,0.1528431422927823,5.892188979971392,True
0.15,-0.2,10,1.5,2,3.36,2.605328536010547,6,0.2673606070339972,5.976444676870716,True
0.15,-0.2,10,2.0,1,0.0,1.5451113789727249,5,0.037269864752045606,6.299125626073865,True
0.15,-0.2,10,2.0,1,3.36,2.0113018619113356,5,0.1517873294932605,6.378007812245173,True
0.15,-0.2,10,2.0,2,0.0,2.6686017603389813,8,0.20819528891653732,6.378007812245173,True
0.15,-0.2,10,2.0,2,3.36,3.473771381347395,8,0.3227127536577522,6.455926242845441,True
0.15,-0.2,15,0.75,1,0.0,0.5331000791579149,4,-0.3001360138918875,5.893137281856404,False
0.15,-0.2,15,0.75,1,3.36,0.707921510259894,4,-0.176959652296595,5.977379611736725,False
0.15,-0.2,15,0.75,2,0.0,0.9207309123718356,4,-0.08054869400334091,5.977379611736725,False
0.15,-0.2,15,0.75,2,3.36,1.2226695202499909,5,0.042627667591951544,6.060451057702379,True
0.15,-0.2,15,1.0,1,0.0,0.7108001055438865,4,-0.19413421104973724,5.759175134711399,False
0.15,-0.2,15,1.0,1,3.36,0.9438953470131918,4,-0.07095784945444486,5.845348426935564,False
0.15,-0.2,15,1.0,2,0.0,1.2276412164957808,5,0.013826911997796593,5.845348426935564,True
0.15,-0.2,15,1.0,2,3.36,1.6302260269999875,5,0.13700327359308895,5.930269659322253,True
0.15,-0.2,15,1.33,1,0.0,0.9453641403733664,4,-0.10126537280119444,5.890842140925359,False
0.15,-0.2,15,1.33,1,3.36,1.2553808115275416,5,0.021910988794097974,5.975116829761746,True
0.15,-0.2,15,1.33,2,0.0,1.6327628179393872,5,0.08961229341521217,5.975116829761746,True
0.15,-0.2,15,1.33,2,3.36,2.1682006159099823,5,0.21278865501050465,6.058219303500168,True
0.15,-0.2,15,1.5,1,0.0,1.0662001583158298,5,-0.06722117830906565,6.022367589566381,True
0.15,-0.2,15,1.5,1,3.36,1.415843020519788,5,0.05595518328622681,6.104826892210751,True
0.15,-0.2,15,1.5,2,0.0,1.8414618247436711,5,0.11666083067681551,6.104826892210751,True
0.15,-0.2,15,1.5,2,3.36,2.4453390404999817,5,0.23983719227210795,6.186187144264193,True
0.15,-0.2,15,2.0,1,0.0,1.421600211087773,5,0.0010875531360788337,6.498461668827764,True
0.15,-0.2,15,2.0,1,3.36,1.8877906940263836,5,0.12426391473137119,6.574952780151635,True
0.15,-0.2,15,2.0,2,0.0,2.4552824329915617,8,0.17201297730057058,6.574952780151635,True
0.15,-0.2,15,2.0,2,3.36,3.260452053999975,8,0.29518933889586296,6.650564191196392,True
0.15,-0.1,-15,0.75,1,0.0,1.1619435830315523,6,0.0494423556071617,5.829156630491746,True
0.15,-0.1,-15,0.75,1,3.36,1.176607082959925,6,0.05488877219298756,5.914310359019544,True
0.15,-0.1,-15,0.75,2,0.0,2.0357910978401508,7,0.2821006755106203,5.914310359019544,True
0.15,-0.1,-15,0.75,2,3.36,2.0614823818691708,7,0.28754709209644613,5.998255331578165,True
0.15,-0.1,-15,1.0,1,0.0,1.549258110708739,7,0.16312686900922782,5.693689334015167,True
0.15,-0.1,-15,1.0,1,3.36,1.5688094439465692,7,0.16857328559505358,5.780838886552545,True
0.15,-0.1,-15,1.0,2,0.0,2.7143881304535364,7,0.38831304279305795,5.780838886552545,True
0.15,-0.1,-15,1.0,2,3.36,2.7486431758255625,7,0.3937594593788837,5.866693978066188,True
0.15,-0.1,-15,1.33,1,0.0,2.060513287242623,7,0.2682168810338326,5.826836288184357,True
0.15,-0.1,-15,1.33,1,3.36,2.086516560448937,7,0.27366329761965846,5.912023437817383,True
0.15,-0.1,-15,1.33,2,0.0,3.6101362135032034,7,0.48151035249491214,5.912023437817383,True
0.15,-0.1,-15,1.33,2,3.36,3.655695423847999,7,0.48695676908073804,5.996000427726974,True
0.15,-0.1,-15,1.5,1,0.0,2.3238871660631046,7,0.3092283566281373,5.9597744406864575,True
0.15,-0.1,-15,1.5,1,3.36,2.35321416591985,7,0.31467477321396314,6.043087901384488,True
0.15,-0.1,-15,1.5,2,0.0,4.0715821956803016,8,0.5152786105426341,6.043087901384488,True
0.15,-0.1,-15,1.5,2,3.36,4.1229647637383415,8,0.5211845263232346,6.125268270358416,True
0.15,-0.1,-15,2.0,1,0.0,3.098516221417478,7,0.39592115857017574,6.440497190529915,True
0.15,-0.1,-15,2.0,1,3.36,3.1376188878931384,7,0.40136757515600147,6.517668606275079,True
0.15,-0.1,-15,2.0,2,0.0,5.428776260907073,8,0.5811966387658631,6.517668606275079,True
0.15,-0.1,-15,2.0,2,3.36,5.497286351651125,8,0.5898412324192122,6.593936916685185,True
0.15,-0.1,-10,0.75,1,0.0,0.8117800611357632,4,-0.1125535008441809,5.606072298378128,False
0.15,-0.1,-10,0.75,1,3.36,0.952447612943734,4,-0.04315078316032112,5.694562899349047,False
0.15,-0.1,-10,0.75,2,0.0,1.4154011211097088,7,0.1139831310797808,5.694562899349047,True
0.15,-0.1,-10,0.75,2,3.36,1.6606658425099825,7,0.1833858487636406,5.781699284349076,True
0.15,-0.1,-10,1.0,1,0.0,1.082373414847684,5,-0.0031873499955600015,5.465078025437039,True
0.15,-0.1,-10,1.0,1,3.36,1.2699301505916452,6,0.0662153676882998,5.555814775900544,True
0.15,-0.1,-10,1.0,2,0.0,1.8872014948129452,7,0.2133807389571798,5.555814775900544,True
0.15,-0.1,-10,1.0,2,3.36,2.2142211233466433,7,0.2827834566410396,5.645093252030015,True
0.15,-0.1,-10,1.33,1,0.0,1.4395566417474155,7,0.09497350786462118,5.603659582909976,True
0.15,-0.1,-10,1.33,1,3.36,1.6890071002868832,7,0.16437622554848103,5.692187692016032,True
0.15,-0.1,-10,1.33,2,0.0,2.5099779881012148,7,0.29613226989998015,5.692187692016032,True
0.15,-0.1,-10,1.33,2,3.36,2.9449140940510334,7,0.36553498758384,5.779359888529075,True
0.15,-0.1,-10,1.5,1,0.0,1.6235601222715264,7,0.131999986273115,5.741767234545155,True
0.15,-0.1,-10,1.5,1,3.36,1.904895225887468,7,0.2014027039569748,5.828197918370336,True
0.15,-0.1,-10,1.5,2,0.0,2.8308022422194177,7,0.3253187474224023,5.828197918370336,True
0.15,-0.1,-10,1.5,2,3.36,3.321331685019965,7,0.39472146510626205,5.913365452574051,True
0.15,-0.1,-10,2.0,1,0.0,2.164746829695368,7,0.20684557688079,6.23930954938609,True
0.15,-0.1,-10,2.0,1,3.36,2.5398603011832903,7,0.2762482945646497,6.318938491001512,True
0.15,-0.1,-10,2.0,2,0.0,3.7744029896258904,8,0.39105205126241216,6.318938491001512,True
0.15,-0.1,-10,2.0,2,3.36,4.428442246693287,8,0.4547526903154846,6.39757638899767,True
0.15,-0.1,-5,0.75,1,0.0,0.6795246924654681,4,-0.18978663817448363,5.4678546405098105,False
0.15,-0.1,-5,0.75,1,3.36,0.8201922442734391,4,-0.10807622256866635,5.558546066170961,False
0.15,-0.1,-5,0.75,2,0.0,1.1848036895507108,5,0.03674999374947814,5.558546066170961,True
0.15,-0.1,-5,0.75,2,3.36,1.4300684109509845,5,0.11846040935529538,5.647781367027646,True
0.15,-0.1,-5,1.0,1,0.0,0.9060329232872906,4,-0.08042048732586274,5.323200689361322,False
0.15,-0.1,-5,1.0,1,3.36,1.093589659031252,5,0.001289928279954576,5.41631475998366,True
0.15,-0.1,-5,1.0,2,0.0,1.579738252734281,7,0.13614760162687706,5.41631475998366,True
0.15,-0.1,-5,1.0,2,3.36,1.906757881267979,7,0.21785801723269427,5.507854898162882,True
0.15,-0.1,-5,1.33,1,0.0,1.205023787972093,5,0.01774037053431851,5.4653809086138585,True
0.15,-0.1,-5,1.33,1,3.36,1.4544742465115608,5,0.09945078614013576,5.556112712701286,True
0.15,-0.1,-5,1.33,2,0.0,2.1010518761365917,7,0.2188991325696774,5.556112712701286,True
0.15,-0.1,-5,1.33,2,3.36,2.5359879820864104,7,0.30060954817549473,5.645386477136959,True
0.15,-0.1,-5,1.5,1,0.0,1.3590493849309362,6,0.054766848942812266,5.606895641154591,True
0.15,-0.1,-5,1.5,1,3.36,1.6403844885468781,6,0.13647726454862952,5.695373449634216,True
0.15,-0.1,-5,1.5,2,0.0,2.3696073791014216,7,0.2480856100920996,5.695373449634216,True
0.15,-0.1,-5,1.5,2,3.36,2.860136821901969,7,0.3297960256979168,5.782497620474941,True
0.15,-0.1,-5,2.0,1,0.0,1.8120658465745811,7,0.1296124395504872,6.115420787497987,True
0.15,-0.1,-5,2.0,1,3.36,2.187179318062504,7,0.21132285515630453,6.196641946099718,True
0.15,-0.1,-5,2.0,2,0.0,3.159476505468562,8,0.30811683530132206,6.196641946099718,True
0.15,-0.1,-5,2.0,2,3.36,3.813515762535958,8,0.3898272509071393,6.276812201122677,True
0.15,-0.1,0,0.75,1,0.0,0.5853233938539433,4,-0.2545959987747753,5.420999012000649,False
0.15,-0.1,0,0.75,1,3.36,0.7259909456619141,4,-0.16106067651162329,5.512461363865692,False
0.15,-0.1,0,0.75,2,0.0,1.020556462933446,5,-0.028059366850813526,5.512461363865692,True
0.15,-0.1,0,0.75,2,3.36,1.2658211843337195,5,0.06547595541233842,5.602430748176367,True
0.15,-0.1,0,1.0,1,0.0,0.7804311918052577,4,-0.14522984792615432,5.275060331179558,False
0.15,-0.1,0,1.0,1,3.36,0.9679879275492187,4,-0.05169452566300235,5.369009359051649,False
0.15,-0.1,0,1.0,2,0.0,1.360741950577928,5,0.0713382410265854,5.369009359051649,True
0.15,-0.1,0,1.0,2,3.36,1.687761579111626,5,0.1648735632897374,5.461342462946651,True
0.15,-0.1,0,1.33,1,0.0,1.0379734851009894,5,-0.04706899006597321,5.418503888953867,True
0.15,-0.1,0,1.33,1,3.36,1.287423943640457,5,0.04646633219717884,5.510007658307581,True
0.15,-0.1,0,1.33,2,0.0,1.8097867942686428,7,0.15408977196938584,5.510007658307581,True
0.15,-0.1,0,1.33,2,3.36,2.244722900218461,7,0.2476250942325378,5.600016463780101,True
0.15,-0.1,0,1.5,1,0.0,1.1706467877078865,5,-0.01004251165747938,5.561211617009885,True
0.15,-0.1,0,1.5,1,3.36,1.4519818913238283,5,0.08349281060567261,5.650404821706645,True
0.15,-0.1,0,1.5,2,0.0,2.041112925866892,7,0.1832762494918079,5.650404821706645,True
0.15,-0.1,0,1.5,2,3.36,2.531642368667439,7,0.27681157175495985,5.738211798911374,True
0.15,-0.1,0,2.0,1,0.0,1.5608623836105153,6,0.06480307895019566,6.073562984486935,True
0.15,-0.1,0,2.0,1,3.36,1.9359758550984374,6,0.1583384012133476,6.15533649173868,True
0.15,-0.1,0,2.0,2,0.0,2.721483901155856,8,0.24330747470103037,6.15533649173868,True
0.15,-0.1,0,2.0,2,3.36,3.375523158223252,8,0.3368427969641824,6.236037790659213,True
0.15,-0.1,5,0.75,1,0.0,0.516746288235239,4,-0.30871451506361997,5.4678546405098105,False
0.15,-0.1,5,0.75,1,3.36,0.6574138400432099,4,-0.20415303813727792,5.558546066170961,False
0.15,-0.1,5,0.75,2,0.0,0.9009869923069189,4,-0.08217788313965832,5.558546066170961,False
0.15,-0.1,5,0.75,2,3.36,1.1462517137071926,5,0.02238359378668378,5.647781367027646,True
0.15,-0.1,5,1.0,1,0.0,0.6889950509803184,4,-0.19934836421499919,5.323200689361322,False
0.15,-0.1,5,1.0,1,3.36,0.8765517867242797,4,-0.09478688728865703,5.41631475998366,False
0.15,-0.1,5,1.0,2,0.0,1.2013159897425585,5,0.017219724737740617,5.41631475998366,True
0.15,-0.1,5,1.0,2,3.36,1.5283356182762569,5,0.12178120166408277,5.507854898162882,True
0.15,-0.1,5,1.33,1,0.0,0.916363417803821,4,-0.10118750635481791,5.4653809086138585,False
0.15,-0.1,5,1.33,1,3.36,1.1658138763432886,5,0.0033739705715241652,5.556112712701286,True
0.15,-0.1,5,1.33,2,0.0,1.5977502663576018,5,0.09997125568054106,5.556112712701286,True
0.15,-0.1,5,1.33,2,3.36,2.03268637230742,6,0.20453273260688315,5.645386477136959,True
0.15,-0.1,5,1.5,1,0.0,1.033492576470478,5,-0.0641610279463241,5.606895641154591,True
0.15,-0.1,5,1.5,1,3.36,1.3148276800864198,5,0.04040044898001796,5.695373449634216,True
0.15,-0.1,5,1.5,2,0.0,1.8019739846138378,6,0.12915773320296312,5.695373449634216,True
0.15,-0.1,5,1.5,2,3.36,2.292503427414385,6,0.23371921012930522,5.782497620474941,True
0.15,-0.1,5,2.0,1,0.0,1.3779901019606369,5,0.010684562661350788,6.115420787497987,True
0.15,-0.1,5,2.0,1,3.36,1.7531035734485594,5,0.11524603958769294,6.196641946099718,True
0.15,-0.1,5,2.0,2,0.0,2.402631979485117,7,0.18918895841218564,6.196641946099718,True
0.15,-0.1,5,2.0,2,3.36,3.0566712365525137,8,0.29375043533852774,6.276812201122677,True
0.15,-0.1,10,0.75,1,0.0,0.46621937363605925,4,-0.3534015642926572,5.606072298378128,False
0.15,-0.1,10,0.75,1,3.36,0.6068869254440302,4,-0.23888409955144227,5.694562899349047,False
0.15,-0.1,10,0.75,2,0.0,0.8128894213098738,4,-0.12686493236869545,5.694562899349047,False
0.15,-0.1,10,0.75,2,3.36,1.0581541427101477,5,-0.012347467627480478,5.781699284349076,True
0.15,-0.1,10,1.0,1,0.0,0.6216258315147456,4,-0.24403541344403626,5.465078025437039,False
0.15,-0.1,10,1.0,1,3.36,0.8091825672587067,4,-0.12951794870282138,5.555814775900544,False
0.15,-0.1,10,1.0,2,0.0,1.0838525617464985,5,-0.027467324491296498,5.555814775900544,True
0.15,-0.1,10,1.0,2,3.36,1.4108721902801966,5,0.08705014024991836,5.645093252030015,True
0.15,-0.1,10,1.33,1,0.0,0.8267623559146092,4,-0.14587455558385506,5.603659582909976,False
0.15,-0.1,10,1.33,1,3.36,1.0762128144540768,5,-0.0313570908426402,5.692187692016032,True
0.15,-0.1,10,1.33,2,0.0,1.4415239071228418,5,0.055284206451503906,5.692187692016032,True
0.15,-0.1,10,1.33,2,3.36,1.87646001307266,5,0.16980167119271877,5.779359888529075,True
0.15,-0.1,10,1.5,1,0.0,0.9324387472721185,4,-0.10884807717536131,5.741767234545155,False
0.15,-0.1,10,1.5,1,3.36,1.2137738508880604,5,0.00566938756585364,5.828197918370336,True
0.15,-0.1,10,1.5,2,0.0,1.6257788426197477,5,0.08447068397392599,5.828197918370336,True
0.15,-0.1,10,1.5,2,3.36,2.1163082854202955,5,0.19898814871514095,5.913365452574051,True
0.15,-0.1,10,2.0,1,0.0,1.2432516630294912,5,-0.034002486567686285,6.23930954938609,True
0.15,-0.1,10,2.0,1,3.36,1.6183651345174135,5,0.0805149781735286,6.318938491001512,True
0.15,-0.1,10,2.0,2,0.0,2.167705123492997,7,0.14450190918314848,6.318938491001512,True
0.15,-0.1,10,2.0,2,3.36,2.8217443805603932,7,0.25901937392436336,6.39757638899767,True
0.15,-0.1,15,0.75,1,0.0,0.428951316386578,4,-0.389583875908624,5.829156630491746,False
0.15,-0.1,15,0.75,1,3.36,0.5696188681945489,4,-0.2664075143133316,5.914310359019544,False
0.15,-0.1,15,0.75,2,0.0,0.7479096902991182,4,-0.1630472439846623,5.914310359019544,False
0.15,-0.1,15,0.75,2,3.36,0.9931744116993919,4,-0.039870882389369824,5.998255331578165,False
0.15,-0.1,15,1.0,1,0.0,0.5719350885154373,4,-0.28021772506000303,5.693689334015167,False
0.15,-0.1,15,1.0,1,3.36,0.7594918242593983,4,-0.15704136346471068,5.780838886552545,False
0.15,-0.1,15,1.0,2,0.0,0.9972129203988245,4,-0.06364963610726326,5.780838886552545,False
0.15,-0.1,15,1.0,2,3.36,1.3242325489325224,5,0.0595267254880291,5.866693978066188,True
0.15,-0.1,15,1.33,1,0.0,0.7606736677255294,4,-0.18205686719982184,5.826836288184357,False
0.15,-0.1,15,1.33,1,3.36,1.010124126264997,5,-0.058880505604529426,5.912023437817383,True
0.15,-0.1,15,1.33,2,0.0,1.3262931841304355,5,0.019101894835537134,5.912023437817383,True
0.15,-0.1,15,1.33,2,3.36,1.7612292900802538,5,0.14227825643082959,5.996000427726974,True
0.15,-0.1,15,1.5,1,0.0,0.857902632773156,4,-0.14503038879132807,5.9597744406864575,False
0.15,-0.1,15,1.5,1,3.36,1.1392377363890978,5,-0.021854027196035665,6.043087901384488,True
0.15,-0.1,15,1.5,2,0.0,1.4958193805982365,5,0.04828837235795916,6.043087901384488,True
0.15,-0.1,15,1.5,2,3.36,1.9863488233987838,5,0.1714647339532516,6.125268270358416,True
0.15,-0.1,15,2.0,1,0.0,1.1438701770308746,5,-0.07018479818365307,6.440497190529915,True
0.15,-0.1,15,2.0,1,3.36,1.5189836485187966,5,0.0529915634116393,6.517668606275079,True
0.15,-0.1,15,2.0,2,0.0,1.994425840797649,6,0.10831959756718174,6.517668606275079,True
0.15,-0.1,15,2.0,2,3.36,2.648465097865045,6,0.23149595916247406,6.593936916685185,True
0.15,0.0,-15,0.75,1,0.0,0.9313803576547606,4,-0.04365161415753606,5.807673116042766,False
0.15,0.0,-15,0.75,1,3.36,0.9431341949384313,4,-0.03820519757171028,5.893137281856404,False
0.15,0.0,-15,0.75,2,0.0,1.6430986155149871,7,0.19386520985177327,5.893137281856404,True
0.15,0.0,-15,0.75,2,3.36,1.6638341975025843,7,0.19931162643759906,5.977379611736725,True
0.15,0.0,-15,1.0,1,0.0,1.2418404768730158,7,0.07210977572544328,5.671692713139356,True
0.15,0.0,-15,1.0,1,3.36,1.25751225991791,7,0.07755619231126902,5.759175134711399,True
0.15,0.0,-15,1.0,2,0.0,2.190798154019985,7,0.30336381827161424,5.759175134711399,True
0.15,0.0,-15,1.0,2,3.36,2.2184455966701138,7,0.3088102348574399,5.845348426935564,True
0.15,0.0,-15,1.33,1,0.0,1.651647834241111,7,0.18058637962106872,5.805344186979964,True
0.15,0.0,-15,1.33,1,3.36,1.6724913056908204,7,0.18603279620689447,5.890842140925359,True
0.15,0.0,-15,1.33,2,0.0,2.913761544846579,7,0.4017349384346354,5.890842140925359,True
0.15,0.0,-15,1.33,2,3.36,2.9505326435712513,7,0.4071813550204612,5.975116829761746,True
0.15,0.0,-15,1.5,1,0.0,1.8627607153095211,7,0.22357821089394658,5.938763455792761,True
0.15,0.0,-15,1.5,1,3.36,1.8862683898768626,7,0.22902462747977237,6.022367589566381,True
0.15,0.0,-15,1.5,2,0.0,3.2861972310299743,7,0.43888100558669496,6.022367589566381,True
0.15,0.0,-15,1.5,2,3.36,3.3276683950051686,7,0.44432742217252075,6.104826892210751,True
0.15,0.0,-15,2.0,1,0.0,2.4836809537460316,7,0.3167488773548621,6.421059418913964,True
0.15,0.0,-15,2.0,1,3.36,2.51502451983582,7,0.32219529394068785,6.498461668827764,True
0.15,0.0,-15,2.0,2,0.0,4.38159630803997,8,0.5140299986070851,6.498461668827764,True
0.15,0.0,-15,2.0,2,3.36,4.4368911933402275,8,0.5194764151929108,6.574952780151635,True
0.15,0.0,-10,0.75,1,0.0,0.6515354543823785,4,-0.20395401840791566,5.5837305284766945,False
0.15,0.0,-10,0.75,1,3.36,0.7644353661587721,4,-0.13455130072405588,5.672569665913556,False
0.15,0.0,-10,0.75,2,0.0,1.1448683419918626,6,0.028444714914160608,5.672569665913556,True
0.15,0.0,-10,0.75,2,3.36,1.3432543759936422,6,0.09784743259802046,5.760038768501704,True
0.15,0.0,-10,1.0,1,0.0,0.8687139391765046,4,-0.0917640344447248,5.442157460430082,False
0.15,0.0,-10,1.0,1,3.36,1.0192471548783626,5,-0.022361316760865092,5.533270084146879,True
0.15,0.0,-10,1.0,2,0.0,1.526491122655817,7,0.13218944442318029,5.533270084146879,True
0.15,0.0,-10,1.0,2,3.36,1.7910058346581896,7,0.2015921621070401,5.622906528132475,True
0.15,0.0,-10,1.33,1,0.0,1.1553895391047475,6,0.010910609005357695,5.581308155006208,True
0.15,0.0,-10,1.33,1,3.36,1.3555987159882184,6,0.08031332668921753,5.670185245751571,True
0.15,0.0,-10,1.33,2,0.0,2.0302331931322355,7,0.22156030109110966,5.670185245751571,True
0.15,0.0,-10,1.33,2,3.36,2.3820377600953906,7,0.29096301877496944,5.757690571847258,True
0.15,0.0,-10,1.5,1,0.0,1.303070908764757,7,0.050522722404029,5.719955504695497,True
0.15,0.0,-10,1.5,1,3.36,1.5288707323175441,7,0.11992544008788876,5.806710856904821,True
0.15,0.0,-10,1.5,2,0.0,2.289736683983725,7,0.25366234387663045,5.806710856904821,True
0.15,0.0,-10,1.5,2,3.36,2.6865087519872843,7,0.32306506156049025,5.892188979971392,True
0.15,0.0,-10,2.0,1,0.0,1.7374278783530093,7,0.1327099858913895,6.219243012864223,True
0.15,0.0,-10,2.0,1,3.36,2.038494309756725,7,0.2021127035752492,6.299125626073865,True
0.15,0.0,-10,2.0,2,0.0,3.052982245311634,7,0.3206872340361108,6.299125626073865,True
0.15,0.0,-10,2.0,2,3.36,3.5820116693163793,8,0.38809488363741096,6.378007812245173,True
0.15,0.0,-5,0.75,1,0.0,0.5453871688473156,4,-0.28118715573821845,5.444945763710109,False
0.15,0.0,-5,0.75,1,3.36,0.6582870806237093,4,-0.19947674013240116,5.536012497253295,False
0.15,0.0,-5,0.75,2,0.0,0.9583461644980743,4,-0.04878842241614205,5.536012497253295,False
0.15,0.0,-5,0.75,2,3.36,1.1567321984998538,5,0.03292199318967519,5.625605244748752,True
0.15,0.0,-5,1.0,1,0.0,0.7271828917964209,4,-0.16899717177502754,5.299666553587768,False
0.15,0.0,-5,1.0,1,3.36,0.8777161074982791,4,-0.0872867561692103,5.39318695941619,False
0.15,0.0,-5,1.0,2,0.0,1.2777948859974324,5,0.054956307092877556,5.39318695941619,True
0.15,0.0,-5,1.0,2,3.36,1.5423095979998052,6,0.13666672269869481,5.485113087185792,True
0.15,0.0,-5,1.33,1,0.0,0.9671532460892369,4,-0.06632252832494498,5.442461619179398,False
0.15,0.0,-5,1.33,1,3.36,1.1673624229727078,5,0.01538788728087228,5.53356923479239,True
0.15,0.0,-5,1.33,2,0.0,1.699467198376584,7,0.14432716376080695,5.53356923479239,True
0.15,0.0,-5,1.33,2,3.36,2.0512717653397394,7,0.2260375793666242,5.623200910179259,True
0.15,0.0,-5,1.5,1,0.0,1.0907743376946313,5,-0.026710414926273796,5.584557165147327,True
0.15,0.0,-5,1.5,1,3.36,1.3165741612474187,5,0.0550000006795435,5.673383358349615,True
0.15,0.0,-5,1.5,2,0.0,1.9166923289961486,7,0.17642920654632777,5.673383358349615,True
0.15,0.0,-5,1.5,2,3.36,2.3134643969997075,7,0.25813962215214503,5.760840106338515,True
0.15,0.0,-5,2.0,1,0.0,1.4543657835928419,6,0.05547684856108677,6.094946382714331,True
0.15,0.0,-5,2.0,1,3.36,1.7554322149965582,6,0.13718726416690402,6.176436788971656,True
0.15,0.0,-5,2.0,2,0.0,2.555589771994865,7,0.24145902862324845,6.176436788971656,True
0.15,0.0,-5,2.0,2,3.36,3.0846191959996103,7,0.3231694442290657,6.256865941360939,True
0.15,0.0,0,0.75,1,0.0,0.46978111637985376,4,-0.3459965163385101,5.39789128161285,False
0.15,0.0,0,0.75,1,3.36,0.5826810281562473,4,-0.2524611940753581,5.489738635683124,False
0.15,0.0,0,0.75,2,0.0,0.8254923415007881,4,-0.11359778301643374,5.489738635683124,False
0.15,0.0,0,0.75,2,3.36,1.0238783755025676,5,-0.020062460753281705,5.580074398080371,True
0.15,0.0,0,1.0,1,0.0,0.6263748218398051,4,-0.23380653237531918,5.251310455265828,False
0.15,0.0,0,1.0,1,3.36,0.7769080375416632,4,-0.14027121011216723,5.345676897978795,False
0.15,0.0,0,1.0,2,0.0,1.1006564553343843,5,-0.009853053507414083,5.345676897978795,True
0.15,0.0,0,1.0,2,3.36,1.3651711673367568,5,0.08368226875573792,5.438406154158054,True
0.15,0.0,0,1.33,1,0.0,0.8330785130469383,4,-0.1311318889252366,5.395385472290945,False
0.15,0.0,0,1.33,1,3.36,1.033287689930409,5,-0.03759656666208456,5.487274769373973,True
0.15,0.0,0,1.33,2,0.0,1.4638730855947302,5,0.0795178031605153,5.487274769373973,True
0.15,0.0,0,1.33,2,3.36,1.8156776525578855,6,0.17305312542366733,5.577650436752754,True
0.15,0.0,0,1.5,1,0.0,0.9395622327597075,4,-0.09151977552656543,5.538688892614,False
0.15,0.0,0,1.5,1,3.36,1.1653620563124947,5,0.0020155467365865626,5.6282390362497665,True
0.15,0.0,0,1.5,2,0.0,1.6509846830015762,6,0.11161984594603609,5.6282390362497665,True
0.15,0.0,0,1.5,2,3.36,2.047756751005135,6,0.2051551682091881,5.71638650278003,True
0.15,0.0,0,2.0,1,0.0,1.2527496436796102,5,-0.009332512039204863,6.052946995185886,True
0.15,0.0,0,2.0,1,3.36,1.5538160750833263,5,0.08420281022394711,6.134995299633884,True
0.15,0.0,0,2.0,2,0.0,2.2013129106687686,7,0.1766496680229568,6.134995299633884,True
0.15,0.0,0,2.0,2,3.36,2.7303423346735136,7,0.27018499028610876,6.215960692164153,True
0.15,0.0,5,0.75,1,0.0,0.4147410657447121,4,-0.40011503262735476,5.444945763710109,False
0.15,0.0,5,0.75,1,3.36,0.5276409775211056,4,-0.29555355570101277,5.536012497253295,False
0.15,0.0,5,0.75,2,0.0,0.7287767888935451,4,-0.1677162993052785,5.536012497253295,False
0.15,0.0,5,0.75,2,3.36,0.9271628228953246,4,-0.06315482237893638,5.625605244748752,False
0.15,0.0,5,1.0,1,0.0,0.552988087659616,4,-0.28792504866416396,5.299666553587768,False
0.15,0.0,5,1.0,1,3.36,0.7035213033614742,4,-0.18336357173782186,5.39318695941619,False
0.15,0.0,5,1.0,2,0.0,0.9717023851913935,4,-0.0639715697962589,5.39318695941619,False
0.15,0.0,5,1.0,2,3.36,1.2362170971937663,5,0.040589907130083265,5.485113087185792,True
0.15,0.0,5,1.33,1,0.0,0.7354741565872872,4,-0.18525040521408137,5.442461619179398,False
0.15,0.0,5,1.33,1,3.36,0.9356833334707579,4,-0.0806889282877393,5.53356923479239,False
0.15,0.0,5,1.33,2,0.0,1.2923641723045527,5,0.025399286871670534,5.53356923479239,True
0.15,0.0,5,1.33,2,3.36,1.644168739267708,5,0.12996076379801264,5.623200910179259,True
0.15,0.0,5,1.5,1,0.0,0.8294821314894242,4,-0.14563829181541013,5.584557165147327,False
0.15,0.0,5,1.5,1,3.36,1.0552819550422112,5,-0.04107681488906813,5.673383358349615,True
0.15,0.0,5,1.5,2,0.0,1.4575535777870903,5,0.05750132965719133,5.673383358349615,True
0.15,0.0,5,1.5,2,3.36,1.8543256457906492,5,0.16206280658353345,5.760840106338515,True
0.15,0.0,5,2.0,1,0.0,1.105976175319232,5,-0.06345102832804968,6.094946382714331,True
0.15,0.0,5,2.0,1,3.36,1.4070426067229485,5,0.04111044859829245,6.176436788971656,True
0.15,0.0,5,2.0,2,0.0,1.943404770382787,6,0.12253115173411197,6.176436788971656,True
0.15,0.0,5,2.0,2,3.36,2.4724341943875325,6,0.22709262866045413,6.256865941360939,True
0.15,0.0,10,0.75,1,0.0,0.37418811570568594,4,-0.4448020818563919,5.5837305284766945,False
0.15,0.0,10,0.75,1,3.36,0.4870880274820796,4,-0.33028461711517704,5.672569665913556,False
0.15,0.0,10,0.75,2,0.0,0.6575177524715444,4,-0.21240334853431564,5.672569665913556,False
0.15,0.0,10,0.75,2,3.36,0.855903786473324,4,-0.09788588379310066,5.760038768501704,False
0.15,0.0,10,1.0,1,0.0,0.4989174876075812,4,-0.3326120978932011,5.442157460430082,False
0.15,0.0,10,1.0,1,3.36,0.6494507033094394,4,-0.21809463315198618,5.533270084146879,False
0.15,0.0,10,1.0,2,0.0,0.876690336628726,4,-0.108658619025296,5.533270084146879,False
0.15,0.0,10,1.0,2,3.36,1.1412050486310985,5,0.005858845715918874,5.622906528132475,True
0.15,0.0,10,1.33,1,0.0,0.6635602585180811,4,-0.2299374544431185,5.581308155006208,False
0.15,0.0,10,1.33,1,3.36,0.8637694354015518,4,-0.11541998970190365,5.670185245751571,False
0.15,0.0,10,1.33,2,0.0,1.1659981477162047,5,-0.019287762357366664,5.670185245751571,True
0.15,0.0,10,1.33,2,3.36,1.51780271467936,5,0.09522970238384823,5.757690571847258,True
0.15,0.0,10,1.5,1,0.0,0.7483762314113719,4,-0.19032534104444732,5.719955504695497,False
0.15,0.0,10,1.5,1,3.36,0.9741760549641592,4,-0.0758078763032324,5.806710856904821,False
0.15,0.0,10,1.5,2,0.0,1.3150355049430889,5,0.01281428042815419,5.806710856904821,True
0.15,0.0,10,1.5,2,3.36,1.711807572946648,5,0.12733174516936918,5.892188979971392,True
0.15,0.0,10,2.0,1,0.0,0.9978349752151624,4,-0.10813807755708682,6.219243012864223,False
0.15,0.0,10,2.0,1,3.36,1.2989014066188789,5,0.00637938718412813,6.299125626073865,True
0.15,0.0,10,2.0,2,0.0,1.753380673257452,5,0.0778441025050749,6.299125626073865,True
0.15,0.0,10,2.0,2,3.36,2.282410097262197,6,0.19236156724628975,6.378007812245173,True
0.15,0.0,15,0.75,1,0.0,0.34427673727146196,3,-0.4809843934723588,5.807673116042766,False
0.15,0.0,15,0.75,1,3.36,0.45717664904785554,4,-0.35780803187706633,5.893137281856404,False
0.15,0.0,15,0.75,2,0.0,0.6049579262881125,4,-0.24858566015028247,5.893137281856404,False
0.15,0.0,15,0.75,2,3.36,0.8033439602898919,4,-0.12540929855499003,5.977379611736725,False
0.15,0.0,15,1.0,1,0.0,0.45903564969528265,4,-0.36879440950916786,5.671692713139356,False
0.15,0.0,15,1.0,1,3.36,0.6095688653971407,4,-0.2456180479138755,5.759175134711399,False
0.15,0.0,15,1.0,2,0.0,0.8066105683841501,4,-0.14484093064126277,5.759175134711399,False
0.15,0.0,15,1.0,2,3.36,1.0711252803865225,5,-0.0216645690459704,5.845348426935564,True
0.15,0.0,15,1.33,1,0.0,0.610517414094724,4,-0.2661197660590854,5.805344186979964,False
0.15,0.0,15,1.33,1,3.36,0.8107265909781949,4,-0.14294340446379286,5.890842140925359,False
0.15,0.0,15,1.33,2,0.0,1.072792055950919,5,-0.05547007397333341,5.890842140925359,True
0.15,0.0,15,1.33,2,3.36,1.4245966229140743,5,0.06770628762195904,5.975116829761746,True
0.15,0.0,15,1.5,1,0.0,0.6885534745429239,4,-0.22650765266041412,5.938763455792761,False
0.15,0.0,15,1.5,1,3.36,0.9143532980957111,4,-0.1033312910651217,6.022367589566381,False
0.15,0.0,15,1.5,2,0.0,1.209915852576225,5,-0.02336803118781261,6.022367589566381,True
0.15,0.0,15,1.5,2,3.36,1.6066879205797837,5,0.09980833040747979,6.104826892210751,True
0.15,0.0,15,2.0,1,0.0,0.9180712993905653,4,-0.14432038917305356,6.421059418913964,False
0.15,0.0,15,2.0,1,3.36,1.2191377307942814,5,-0.021144027577761182,6.498461668827764,True
0.15,0.0,15,2.0,2,0.0,1.6132211367683003,5,0.0416617908891081,6.498461668827764,True
0.15,0.0,15,2.0,2,3.36,2.142250560773045,5,0.1648381524844005,6.574952780151635,True
0.15,0.1,-15,0.75,1,0.0,0.7452192131287522,4,-0.13806550328859887,5.829156630491746,False
0.15,0.1,-15,0.75,1,3.36,0.754623733311931,4,-0.1326190867027731,5.914310359019544,False
0.15,0.1,-15,0.75,2,0.0,1.3220521083222343,7,0.1034727670305858,5.914310359019544,True
0.15,0.1,-15,0.75,2,3.36,1.3387361464104774,7,0.10891918361641163,5.998255331578165,True
0.15,0.1,-15,1.0,1,0.0,0.9936256175050046,4,-0.020588185933896906,5.693689334015167,False
0.15,0.1,-15,1.0,1,3.36,1.006164977749243,5,-0.015141769348071144,5.780838886552545,True
0.15,0.1,-15,1.0,2,0.0,1.7627361444296468,7,0.21574334594270608,5.780838886552545,True
0.15,0.1,-15,1.0,2,3.36,1.784981528547304,7,0.22118976252853187,5.866693978066188,True
0.15,0.1,-15,1.33,1,0.0,1.3215220712816558,7,0.09071252034092356,5.826836288184357,True
0.15,0.1,-15,1.33,1,3.36,1.3381994204064929,7,0.09615893692674934,5.912023437817383,True
0.15,0.1,-15,1.33,2,0.0,2.34443907209143,7,0.3185477772712413,5.912023437817383,True
0.15,0.1,-15,1.33,2,3.36,2.374025432967915,7,0.3239941938570672,5.996000427726974,True
0.15,0.1,-15,1.5,1,0.0,1.4904384262575043,7,0.13537188701608097,5.9597744406864575,True
0.15,0.1,-15,1.5,1,3.36,1.509247466623862,7,0.14081830360190675,6.043087901384488,True
0.15,0.1,-15,1.5,2,0.0,2.6441042166444686,7,0.3582348058864954,6.043087901384488,True
0.15,0.1,-15,1.5,2,3.36,2.677472292820955,7,0.36368122247232126,6.125268270358416,True
0.15,0.1,-15,2.0,1,0.0,1.987251235010009,7,0.2340875536621509,6.440497190529915,True
0.15,0.1,-15,2.0,1,3.36,2.012329955498486,7,0.23953397024797662,6.517668606275079,True
0.15,0.1,-15,2.0,2,0.0,3.5254722888592935,7,0.44066032676381917,6.517668606275079,True
0.15,0.1,-15,2.0,2,3.36,3.569963057094608,7,0.44610674334964495,6.593936916685185,True
0.15,0.1,-10,0.75,1,0.0,0.5218501288087056,3,-0.29697249068210757,5.606072298378128,False
0.15,0.1,-10,0.75,1,3.36,0.6122777994852808,4,-0.22756977299824774,5.694562899349047,False
0.15,0.1,-10,0.75,2,0.0,0.922815952010608,4,-0.05967833054642677,5.694562899349047,False
0.15,0.1,-10,0.75,2,3.36,1.0827241179700628,5,0.009724387137432976,5.781699284349076,True
0.15,0.1,-10,1.0,1,0.0,0.6958001717449408,4,-0.18243227895881098,5.465078025437039,False
0.15,0.1,-10,1.0,1,3.36,0.8163703993137077,4,-0.11302956127495122,5.555814775900544,False
0.15,0.1,-10,1.0,2,0.0,1.2304212693474772,6,0.04777848566558308,5.555814775900544,True
0.15,0.1,-10,1.0,2,3.36,1.443632157293417,6,0.11718120334944282,5.645093252030015,True
0.15,0.1,-10,1.33,1,0.0,0.9254142284207684,4,-0.0759511666159226,5.603659582909976,False
0.15,0.1,-10,1.33,1,3.36,1.085772631087228,5,-0.006548448932062766,5.692187692016032,True
0.15,0.1,-10,1.33,2,0.0,1.6364602882321435,7,0.1429245534469789,5.692187692016032,True
0.15,0.1,-10,1.33,2,3.36,1.9200307692002436,7,0.21232727113083869,5.779359888529075,True
0.15,0.1,-10,1.5,1,0.0,1.0437002576174113,5,-0.034128798432944196,5.741767234545155,True
0.15,0.1,-10,1.5,1,3.36,1.2245555989705617,5,0.03527391925091559,5.828197918370336,True
0.15,0.1,-10,1.5,2,0.0,1.845631904021216,7,0.17824555767731332,5.828197918370336,True
0.15,0.1,-10,1.5,2,3.36,2.1654482359401257,7,0.24764827536117306,5.913365452574051,True
0.15,0.1,-10,2.0,1,0.0,1.3916003434898816,7,0.05520241112519782,6.23930954938609,True
0.15,0.1,-10,2.0,1,3.36,1.6327407986274154,7,0.1246051288090576,6.318938491001512,True
0.15,0.1,-10,2.0,2,0.0,2.4608425386949544,7,0.24911816904526052,6.318938491001512,True
0.15,0.1,-10,2.0,2,3.36,2.887264314586834,7,0.3185208867291202,6.39757638899767,True
0.15,0.1,-5,0.75,1,0.0,0.43683020225412406,3,-0.37420562801241025,5.4678546405098105,False
0.15,0.1,-5,0.75,1,3.36,0.5272578729306994,4,-0.29249521240659293,5.558546066170961,False
0.15,0.1,-5,0.75,2,0.0,0.7724705939622277,4,-0.1369114678767295,5.558546066170961,False
0.15,0.1,-5,0.75,2,3.36,0.9323787599216828,4,-0.05520105227091224,5.647781367027646,False
0.15,0.1,-5,1.0,1,0.0,0.5824402696721653,4,-0.2596654162891137,5.323200689361322,False
0.15,0.1,-5,1.0,1,3.36,0.7030104972409323,4,-0.17795500068329645,5.41631475998366,False
0.15,0.1,-5,1.0,2,0.0,1.0299607919496367,5,-0.029454651664719722,5.41631475998366,True
0.15,0.1,-5,1.0,2,3.36,1.243171679895577,5,0.05225576394109759,5.507854898162882,True
0.15,0.1,-5,1.33,1,0.0,0.7746455586639776,4,-0.1531843039462253,5.4653809086138585,False
0.15,0.1,-5,1.33,1,3.36,0.9350039613304372,4,-0.07147388834040802,5.556112712701286,False
0.15,0.1,-5,1.33,2,0.0,1.369847853293016,6,0.06569141611667614,5.556112712701286,True
0.15,0.1,-5,1.33,2,3.36,1.6534183342611164,6,0.14740183172249346,5.645386477136959,True
0.15,0.1,-5,1.5,1,0.0,0.8736604045082481,4,-0.1113619357632469,5.606895641154591,False
0.15,0.1,-5,1.5,1,3.36,1.0545157458613987,5,-0.02965152015742959,5.695373449634216,True
0.15,0.1,-5,1.5,2,0.0,1.5449411879244555,7,0.10101242034701059,5.695373449634216,True
0.15,0.1,-5,1.5,2,3.36,1.8647575198433657,7,0.18272283595282784,5.782497620474941,True
0.15,0.1,-5,2.0,1,0.0,1.1648805393443307,5,-0.022030726205104934,6.115420787497987,True
0.15,0.1,-5,2.0,1,3.36,1.4060209944818647,5,0.059679689400712346,6.196641946099718,True
0.15,0.1,-5,2.0,2,0.0,2.0599215838992735,7,0.17188503171495773,6.196641946099718,True
0.15,0.1,-5,2.0,2,3.36,2.486343359791154,7,0.253595447320775,6.276812201122677,True
0.15,0.1,0,0.75,1,0.0,0.3762732088419021,3,-0.4390149886127019,5.420999012000649,False
0.15,0.1,0,0.75,1,3.36,0.4667008795184773,4,-0.3454796663495499,5.512461363865692,False
0.15,0.1,0,0.75,2,0.0,0.665384370463211,4,-0.20172082847702114,5.512461363865692,False
0.15,0.1,0,0.75,2,3.36,0.825292536422666,4,-0.10818550621386913,5.602430748176367,False
0.15,0.1,0,1.0,1,0.0,0.5016976117892027,4,-0.3244747768894054,5.275060331179558,False
0.15,0.1,0,1.0,1,3.36,0.6222678393579696,4,-0.23093945462625337,5.369009359051649,False
0.15,0.1,0,1.0,2,0.0,0.8871791606176146,4,-0.09426401226501128,5.369009359051649,False
0.15,0.1,0,1.0,2,3.36,1.1003900485635545,5,-0.0007286900018593223,5.461342462946651,True
0.15,0.1,0,1.33,1,0.0,0.6672578236796376,4,-0.21799366454651692,5.418503888953867,False
0.15,0.1,0,1.33,1,3.36,0.8276162263460971,4,-0.12445834228336491,5.510007658307581,False
0.15,0.1,0,1.33,2,0.0,1.1799482836214266,5,0.0008820555163845251,5.510007658307581,True
0.15,0.1,0,1.33,2,3.36,1.4635187645895267,5,0.09441737777953657,5.600016463780101,True
0.15,0.1,0,1.5,1,0.0,0.7525464176838041,4,-0.17617129636353854,5.561211617009885,False
0.15,0.1,0,1.5,1,3.36,0.9334017590369545,4,-0.08263597410038653,5.650404821706645,False
0.15,0.1,0,1.5,2,0.0,1.330768740926422,5,0.036203059746718946,5.650404821706645,True
0.15,0.1,0,1.5,2,3.36,1.650585072845332,5,0.12973838200987092,5.738211798911374,True
0.15,0.1,0,2.0,1,0.0,1.0033952235784054,5,-0.08684008680539658,6.073562984486935,True
0.15,0.1,0,2.0,1,3.36,1.2445356787159392,5,0.006695235457755411,6.15533649173868,True
0.15,0.1,0,2.0,2,0.0,1.7743583212352292,7,0.10707567111466615,6.15533649173868,True
0.15,0.1,0,2.0,2,3.36,2.200780097127109,7,0.20061099337781813,6.236037790659213,True
0.15,0.1,5,0.75,1,0.0,0.3321886431895018,2,-0.49313350490154667,5.4678546405098105,False
0.15,0.1,5,0.75,1,3.36,0.422616313866077,4,-0.38857202797520457,5.558546066170961,False
0.15,0.1,5,0.75,2,0.0,0.5874272364593087,4,-0.25583934476586595,5.558546066170961,False
0.15,0.1,5,0.75,2,3.36,0.7473354024187638,4,-0.1512778678395238,5.647781367027646,False
0.15,0.1,5,1.0,1,0.0,0.44291819091933565,4,-0.3785932931782502,5.323200689361322,False
0.15,0.1,5,1.0,1,3.36,0.5634884184881026,4,-0.2740318162519081,5.41631475998366,False
0.15,0.1,5,1.0,2,0.0,0.7832363152790782,4,-0.1483825285538561,5.41631475998366,False
0.15,0.1,5,1.0,2,3.36,0.9964472032250183,4,-0.04382105162751397,5.507854898162882,False
0.15,0.1,5,1.33,1,0.0,0.5890811939227147,4,-0.27211218083536165,5.4653809086138585,False
0.15,0.1,5,1.33,1,3.36,0.7494395965891743,4,-0.1675507039090196,5.556112712701286,False
0.15,0.1,5,1.33,2,0.0,1.0417042993211736,5,-0.053236460772460165,5.556112712701286,True
0.15,0.1,5,1.33,2,3.36,1.3252747802892735,5,0.05132501615388185,5.645386477136959,True
0.15,0.1,5,1.5,1,0.0,0.6643772863790036,4,-0.23028981265238332,5.606895641154591,False
0.15,0.1,5,1.5,1,3.36,0.845232627732154,4,-0.12572833572604125,5.695373449634216,False
0.15,0.1,5,1.5,2,0.0,1.1748544729186174,5,-0.017915456542125854,5.695373449634216,True
0.15,0.1,5,1.5,2,3.36,1.4946708048375277,5,0.0866460203842163,5.782497620474941,True
0.15,0.1,5,2.0,1,0.0,0.8858363818386713,4,-0.14095860309424138,6.115420787497987,False
0.15,0.1,5,2.0,1,3.36,1.1269768369762052,5,-0.03639712616789927,6.196641946099718,True
0.15,0.1,5,2.0,2,0.0,1.5664726305581564,5,0.052957154825821307,6.196641946099718,True
0.15,0.1,5,2.0,2,3.36,1.9928944064500367,5,0.15751863175216346,6.276812201122677,True
0.15,0.1,10,0.75,1,0.0,0.299707583165685,2,-0.5378205541305837,5.606072298378128,False
0.15,0.1,10,0.75,1,3.36,0.3901352538422603,3,-0.42330308938936884,5.694562899349047,False
0.15,0.1,10,0.75,2,0.0,0.5299892122575752,4,-0.30052639399490305,5.694562899349047,False
0.15,0.1,10,0.75,2,3.36,0.6898973782170303,4,-0.18600892925368812,5.781699284349076,False
0.15,0.1,10,1.0,1,0.0,0.39961011088758,4,-0.4232803424072873,5.465078025437039,False
0.15,0.1,10,1.0,1,3.36,0.5201803384563469,4,-0.30876287766607236,5.555814775900544,False
0.15,0.1,10,1.0,2,0.0,0.7066522830101002,4,-0.19306957778289324,5.555814775900544,False
0.15,0.1,10,1.0,2,3.36,0.9198631709560402,4,-0.07855211304167836,5.645093252030015,False
0.15,0.1,10,1.33,1,0.0,0.5314814474804798,4,-0.3167992300643988,5.603659582909976,False
0.15,0.1,10,1.33,1,3.36,0.6918398501469393,4,-0.20228176532318395,5.692187692016032,False
0.15,0.1,10,1.33,2,0.0,0.9398475364034327,4,-0.09792351000149738,5.692187692016032,False
0.15,0.1,10,1.33,2,3.36,1.2234180173715328,5,0.01659395473971753,5.779359888529075,True
0.15,0.1,10,1.5,1,0.0,0.59941516633137,4,-0.27497686188142045,5.741767234545155,False
0.15,0.1,10,1.5,1,3.36,0.7802705076845206,4,-0.16045939714020552,5.828197918370336,False
0.15,0.1,10,1.5,2,0.0,1.0599784245151505,5,-0.06260250577116296,5.828197918370336,True
0.15,0.1,10,1.5,2,3.36,1.3797947564340607,5,0.05191495897005198,5.913365452574051,True
0.15,0.1,10,2.0,1,0.0,0.79922022177516,4,-0.18564565232327845,6.23930954938609,False
0.15,0.1,10,2.0,1,3.36,1.0403606769126938,5,-0.07112818758206357,6.318938491001512,True
0.15,0.1,10,2.0,2,0.0,1.4133045660202004,5,0.008270105596784177,6.318938491001512,True
0.15,0.1,10,2.0,2,3.36,1.8397263419120804,5,0.12278757033799909,6.39757638899767,True
0.15,0.1,15,0.75,1,0.0,0.27574993575946294,2,-0.5740028657465506,5.829156630491746,False
0.15,0.1,15,0.75,1,3.36,0.36617760643603814,3,-0.4508265041512582,5.914310359019544,False
0.15,0.1,15,0.75,2,0.0,0.48762360194417503,4,-0.3367087056108699,5.914310359019544,False
0.15,0.1,15,0.75,2,3.36,0.6475317679036301,4,-0.2135323440155774,5.998255331578165,False
0.15,0.1,15,1.0,1,0.0,0.36766658101261723,4,-0.45946265402325404,5.693689334015167,False
0.15,0.1,15,1.0,1,3.36,0.4882368085813841,4,-0.3362862924279617,5.780838886552545,False
0.15,0.1,15,1.0,2,0.0,0.6501648025922334,4,-0.22925188939886,5.780838886552545,False
0.15,0.1,15,1.0,2,3.36,0.8633756905381732,4,-0.10607552780356766,5.866693978066188,False
0.15,0.1,15,1.33,1,0.0,0.4889965527467794,4,-0.3529815416803656,5.826836288184357,False
0.15,0.1,15,1.33,1,3.36,0.649354955413239,4,-0.2298051800850732,5.912023437817383,False
0.15,0.1,15,1.33,2,0.0,0.8647191874476698,4,-0.13410582161746415,5.912023437817383,False
0.15,0.1,15,1.33,2,3.36,1.14828966841577,5,-0.010929460022171683,5.996000427726974,True
0.15,0.1,15,1.5,1,0.0,0.5514998715189259,4,-0.31115917349738725,5.9597744406864575,False
0.15,0.1,15,1.5,1,3.36,0.7323552128720763,4,-0.18798281190209482,6.043087901384488,False
0.15,0.1,15,1.5,2,0.0,0.9752472038883501,4,-0.0987848173871298,6.043087901384488,False
0.15,0.1,15,1.5,2,3.36,1.2950635358072602,5,0.024391544208162683,6.125268270358416,True
0.15,0.1,15,2.0,1,0.0,0.7353331620252345,4,-0.22182796393924525,6.440497190529915,False
0.15,0.1,15,2.0,1,3.36,0.9764736171627681,4,-0.09865160234395288,6.517668606275079,False
0.15,0.1,15,2.0,2,0.0,1.3003296051844668,5,-0.027912206019182553,6.517668606275079,True
0.15,0.1,15,2.0,2,3.36,1.7267513810763464,5,0.09526415557610976,6.593936916685185,True
0.15,0.2,-15,0.75,1,0.0,0.5953990947985055,3,-0.23355863503203347,5.893137281856404,False
0.15,0.2,-15,0.75,1,3.36,0.6029129144980407,4,-0.22811221844620766,5.977379611736725,False
0.15,0.2,-15,0.75,2,0.0,1.0610518551001917,5,0.011285363332480805,5.977379611736725,True
0.15,0.2,-15,0.75,2,3.36,1.0744421212271134,6,0.016731779918306607,6.060451057702379,True
0.15,0.2,-15,1.0,1,0.0,0.7938654597313419,4,-0.1146714022534184,5.759175134711399,False
0.15,0.2,-15,1.0,1,3.36,0.8038838859973888,4,-0.10922498566759267,5.845348426935564,False
0.15,0.2,-15,1.0,2,0.0,1.4147358068002565,7,0.12587251839024396,5.845348426935564,True
0.15,0.2,-15,1.0,2,3.36,1.432589494969485,7,0.1313189349760697,5.930269659322253,True
0.15,0.2,-15,1.33,1,0.0,1.0558410614426845,5,-0.001032810792751037,5.890842140925359,True
0.15,0.2,-15,1.33,1,3.36,1.069165568376527,6,0.004413605793074794,5.975116829761746,True
0.15,0.2,-15,1.33,2,0.0,1.8815986230443413,7,0.23243011746556275,5.975116829761746,True
0.15,0.2,-15,1.33,2,3.36,1.9053440283094158,7,0.23787653405138853,6.058219303500168,True
0.15,0.2,-15,1.5,1,0.0,1.190798189597011,6,0.04501785544144167,6.022367589566381,True
0.15,0.2,-15,1.5,1,3.36,1.2058258289960815,6,0.050464272027267484,6.104826892210751,True
0.15,0.2,-15,1.5,2,0.0,2.1221037102003835,7,0.2742971752204188,6.104826892210751,True
0.15,0.2,-15,1.5,2,3.36,2.1488842424542267,7,0.2797435918062446,6.186187144264193,True
0.15,0.2,-15,2.0,1,0.0,1.5877309194626839,7,0.14842303354817538,6.498461668827764,True
0.15,0.2,-15,2.0,1,3.36,1.6077677719947776,7,0.1538694501340011,6.574952780151635,True
0.15,0.2,-15,2.0,2,0.0,2.829471613600513,7,0.36377435827377763,6.574952780151635,True
0.15,0.2,-15,2.0,2,3.36,2.86517898993897,7,0.36922077485960336,6.650564191196392,True
0.15,0.2,-10,0.75,1,0.0,0.41728525415416784,3,-0.3913222125635004,5.672569665913556,False
0.15,0.2,-10,0.75,1,3.36,0.4895936267265472,3,-0.32191949487964067,5.760038768501704,False
0.15,0.2,-10,0.75,2,0.0,0.7417095587997572,4,-0.1499739515706513,5.760038768501704,False
0.15,0.2,-10,0.75,2,3.36,0.8702350951906824,4,-0.08057123388679151,5.84619933073126,False
0.15,0.2,-10,1.0,1,0.0,0.5563803388722238,4,-0.2748393977832555,5.533270084146879,False
0.15,0.2,-10,1.0,1,3.36,0.652791502302063,4,-0.20543668009939578,5.622906528132475,False
0.15,0.2,-10,1.0,2,0.0,0.9889460783996762,4,-0.039383329512192304,5.622906528132475,False
0.15,0.2,-10,1.0,2,3.36,1.1603134602542433,5,0.03001938817166753,5.711136298856368,True
0.15,0.2,-10,1.33,1,0.0,0.7399858507000552,4,-0.16517831565349148,5.670185245751571,False
0.15,0.2,-10,1.33,1,3.36,0.868212698061741,4,-0.09577559796963166,5.757690571847258,False
0.15,0.2,-10,1.33,2,0.0,1.3152982842715684,7,0.06072675155232702,5.757690571847258,True
0.15,0.2,-10,1.33,2,3.36,1.5432169021381426,7,0.1301294692361869,5.843885755312026,True
0.15,0.2,-10,1.5,1,0.0,0.8345705083083357,4,-0.12148885655702726,5.806710856904821,False
0.15,0.2,-10,1.5,1,3.36,0.9791872534530944,4,-0.0520861388731675,5.892188979971392,False
0.15,0.2,-10,1.5,2,0.0,1.4834191175995144,7,0.09886507982340345,5.892188979971392,True
0.15,0.2,-10,1.5,2,3.36,1.7404701903813649,7,0.16826779750726323,5.976444676870716,True
0.15,0.2,-10,2.0,1,0.0,1.1127606777444476,6,-0.02600844803883614,6.299125626073865,True
0.15,0.2,-10,2.0,1,3.36,1.305583004604126,6,0.04339426964502359,6.378007812245173,True
0.15,0.2,-10,2.0,2,0.0,1.9778921567993524,7,0.17666325268947092,6.378007812245173,True
0.15,0.2,-10,2.0,2,3.36,2.3206269205084866,7,0.24606597037333072,6.455926242845441,True
0.15,0.2,-5,0.75,1,0.0,0.34930105773078773,3,-0.46855534989380315,5.536012497253295,False
0.15,0.2,-5,0.75,1,3.36,0.42160943030316717,3,-0.3868449342879859,5.625605244748752,False
0.15,0.2,-5,0.75,2,0.0,0.6208700902765973,4,-0.22720708890095404,5.625605244748752,False
0.15,0.2,-5,0.75,2,3.36,0.7493956266675227,4,-0.14549667329513677,5.71379334328296,False
0.15,0.2,-5,1.0,1,0.0,0.4657347436410503,4,-0.3520725351135583,5.39318695941619,False
0.15,0.2,-5,1.0,1,3.36,0.5621459070708895,4,-0.270362119507741,5.485113087185792,False
0.15,0.2,-5,1.0,2,0.0,0.8278267870354631,4,-0.11661646684249505,5.485113087185792,False
0.15,0.2,-5,1.0,2,3.36,0.9991941688900302,4,-0.034906051236677775,5.575523794157537,False
0.15,0.2,-5,1.33,1,0.0,0.6194272090425949,4,-0.24241145298379418,5.53356923479239,False
0.15,0.2,-5,1.33,1,3.36,0.7476540564042806,4,-0.16070103737797695,5.623200910179259,False
0.15,0.2,-5,1.33,2,0.0,1.1010096267571652,5,-0.01650638577797569,5.623200910179259,True
0.15,0.2,-5,1.33,2,3.36,1.3289282446237394,5,0.0652040298278416,5.7114261333086365,True
0.15,0.2,-5,1.5,1,0.0,0.6986021154615755,4,-0.19872199388732997,5.673383358349615,False
0.15,0.2,-5,1.5,1,3.36,0.8432188606063343,4,-0.11701157828151272,5.760840106338515,False
0.15,0.2,-5,1.5,2,0.0,1.2417401805531947,5,0.0216319424931007,5.760840106338515,True
0.15,0.2,-5,1.5,2,3.36,1.4987912533350454,5,0.10334235809891798,5.846988860156855,True
0.15,0.2,-5,2.0,1,0.0,0.9314694872821006,4,-0.1032415853691389,6.176436788971656,False
0.15,0.2,-5,2.0,1,3.36,1.124291814141779,5,-0.02153116976332166,6.256865941360939,True
0.15,0.2,-5,2.0,2,0.0,1.6556535740709262,7,0.09943011535916814,6.256865941360939,True
0.15,0.2,-5,2.0,2,3.36,1.9983883377800604,7,0.18114053096498545,6.3362742529157075,True
0.15,0.2,0,0.75,1,0.0,0.3008780738282689,2,-0.5333647104940948,5.489738635683124,False
0.15,0.2,0,0.75,1,3.36,0.3731864464006483,2,-0.4398293882309428,5.580074398080371,False
0.15,0.2,0,0.75,2,0.0,0.5347999747655524,4,-0.29201644950124567,5.580074398080371,False
0.15,0.2,0,0.75,2,3.36,0.6633255111564776,4,-0.19848112723809372,5.668970831474793,False
0.15,0.2,0,1.0,1,0.0,0.40117076510435856,4,-0.41688189571384987,5.345676897978795,False
0.15,0.2,0,1.0,1,3.36,0.49758192853419775,4,-0.3233465734506979,5.438406154158054,False
0.15,0.2,0,1.0,2,0.0,0.7130666330207366,4,-0.18142582744278668,5.438406154158054,False
0.15,0.2,0,1.0,2,3.36,0.8844340148753036,4,-0.08789050517963465,5.529580589663578,False
0.15,0.2,0,1.33,1,0.0,0.5335571175887951,4,-0.3072208135840859,5.487274769373973,False
0.15,0.2,0,1.33,1,3.36,0.6617839649504809,4,-0.2136854913209338,5.577650436752754,False
0.15,0.2,0,1.33,2,0.0,0.9483786219175789,4,-0.08131574637826734,5.577650436752754,False
0.15,0.2,0,1.33,2,3.36,1.176297239784153,5,0.012219575884884669,5.666584896973501,True
0.15,0.2,0,1.5,1,0.0,0.6017561476565378,4,-0.26353135448762166,5.6282390362497665,False
0.15,0.2,0,1.5,1,3.36,0.7463728928012966,4,-0.16999603222446966,5.71638650278003,False
0.15,0.2,0,1.5,2,0.0,1.0695999495311048,5,-0.04317741810719096,5.71638650278003,True
0.15,0.2,0,1.5,2,3.36,1.3266510223129553,5,0.050357904155961045,5.803195210327299,True
0.15,0.2,0,2.0,1,0.0,0.8023415302087171,4,-0.16805094596943054,6.134995299633884,False
0.15,0.2,0,2.0,1,3.36,0.9951638570683955,4,-0.07451562370627854,6.215960692164153,False
0.15,0.2,0,2.0,2,0.0,1.4261332660414732,5,0.034620754758876535,6.215960692164153,True
0.15,0.2,0,2.0,2,3.36,1.7688680297506072,5,0.12815607702202853,6.2958849518181195,True
0.15,0.2,5,0.75,1,0.0,0.26562688164300974,2,-0.5874832267829396,5.536012497253295,False
0.15,0.2,5,0.75,1,3.36,0.33793525421538917,2,-0.48292174985659747,5.625605244748752,False
0.15,0.2,5,0.75,2,0.0,0.47214224616718165,4,-0.3461349657900904,5.625605244748752,False
0.15,0.2,5,0.75,2,3.36,0.6006677825581069,4,-0.24157348886374833,5.71379334328296,False
0.15,0.2,5,1.0,1,0.0,0.35416917552401295,4,-0.4710004120026947,5.39318695941619,False
0.15,0.2,5,1.0,1,3.36,0.4505803389538522,4,-0.3664389350763526,5.485113087185792,False
0.15,0.2,5,1.0,2,0.0,0.6295229948895754,4,-0.2355443437316315,5.485113087185792,False
0.15,0.2,5,1.0,2,3.36,0.8008903767441425,4,-0.13098286680528934,5.575523794157537,False
0.15,0.2,5,1.33,1,0.0,0.47104500344693573,4,-0.3613393298729306,5.53356923479239,False
0.15,0.2,5,1.33,1,3.36,0.5992718508086216,4,-0.25677785294658845,5.623200910179259,False
0.15,0.2,5,1.33,2,0.0,0.8372655832031349,4,-0.13543426266711203,5.623200910179259,False
0.15,0.2,5,1.33,2,3.36,1.0651842010697088,5,-0.030872785740770015,5.7114261333086365,True
0.15,0.2,5,1.5,1,0.0,0.5312537632860195,4,-0.3176498707764664,5.673383358349615,False
0.15,0.2,5,1.5,1,3.36,0.6758705084307783,4,-0.2130883938501243,5.760840106338515,False
0.15,0.2,5,1.5,2,0.0,0.9442844923343633,4,-0.09729593439603569,5.760840106338515,False
0.15,0.2,5,1.5,2,3.36,1.2013355651162139,5,0.00726554253030641,5.846988860156855,True
0.15,0.2,5,2.0,1,0.0,0.7083383510480259,4,-0.22216946225827533,6.176436788971656,False
0.15,0.2,5,2.0,1,3.36,0.9011606779077044,4,-0.11760798533193323,6.256865941360939,False
0.15,0.2,5,2.0,2,0.0,1.2590459897791508,5,-0.019497761529968294,6.256865941360939,True
0.15,0.2,5,2.0,2,3.36,1.601780753488285,5,0.08506371539637388,6.3362742529157075,True
0.15,0.2,10,0.75,1,0.0,0.23965416143275256,2,-0.6321702760119767,5.672569665913556,False
0.15,0.2,10,0.75,1,3.36,0.311962534005132,2,-0.5176528112707618,5.760038768501704,False
0.15,0.2,10,0.75,2,0.0,0.4259766684090418,4,-0.39082201501912756,5.760038768501704,False
0.15,0.2,10,0.75,2,3.36,0.5545022047999671,4,-0.2763045502779126,5.84619933073126,False
0.15,0.2,10,1.0,1,0.0,0.31953888191033675,4,-0.5156874612317318,5.533270084146879,False
0.15,0.2,10,1.0,1,3.36,0.415950045340176,4,-0.40116999649051693,5.622906528132475,False
0.15,0.2,10,1.0,2,0.0,0.5679688912120557,4,-0.28023139296066857,5.622906528132475,False
0.15,0.2,10,1.0,2,3.36,0.7393362730666228,4,-0.1657139282194537,5.711136298856368,False
0.15,0.2,10,1.33,1,0.0,0.42498671294074647,4,-0.40602637910196776,5.670185245751571,False
0.15,0.2,10,1.33,1,3.36,0.5532135603024323,4,-0.2915089143607528,5.757690571847258,False
0.15,0.2,10,1.33,2,0.0,0.7553986253120336,4,-0.18012131189614922,5.757690571847258,False
0.15,0.2,10,1.33,2,3.36,0.9833172431786076,4,-0.06560384715493434,5.843885755312026,False
0.15,0.2,10,1.5,1,0.0,0.4793083228655051,4,-0.36233692000550355,5.806710856904821,False
0.15,0.2,10,1.5,1,3.36,0.623925068010264,4,-0.2478194552642886,5.892188979971392,False
0.15,0.2,10,1.5,2,0.0,0.8519533368180836,4,-0.14198298362507283,5.892188979971392,False
0.15,0.2,10,1.5,2,3.36,1.1090044095999343,5,-0.02746551888385789,5.976444676870716,True
0.15,0.2,10,2.0,1,0.0,0.6390777638206735,4,-0.26685651148731243,6.299125626073865,False
0.15,0.2,10,2.0,1,3.36,0.831900090680352,4,-0.15233904674609755,6.378007812245173,False
0.15,0.2,10,2.0,2,0.0,1.1359377824241115,5,-0.06418481075900535,6.378007812245173,True
0.15,0.2,10,2.0,2,3.36,1.4786725461332455,5,0.05033265398220953,6.455926242845441,True
0.15,0.2,15,0.75,1,0.0,0.22049698883673702,2,-0.6683525876279435,5.893137281856404,False
0.15,0.2,15,0.75,1,3.36,0.2928053614091164,2,-0.5451762260326511,5.977379611736725,False
0.15,0.2,15,0.75,2,0.0,0.3919254818583857,4,-0.4270043266350944,5.977379611736725,False
0.15,0.2,15,0.75,2,3.36,0.520451018249311,4,-0.303827965039802,6.060451057702379,False
0.15,0.2,15,1.0,1,0.0,0.29399598511564934,3,-0.5518697728476986,5.759175134711399,False
0.15,0.2,15,1.0,1,3.36,0.3904071485454885,4,-0.42869341125240623,5.845348426935564,False
0.15,0.2,15,1.0,2,0.0,0.5225673091445143,4,-0.31641370457663537,5.845348426935564,False
0.15,0.2,15,1.0,2,3.36,0.6939346909990812,4,-0.193237342981343,5.930269659322253,False
0.15,0.2,15,1.33,1,0.0,0.39101466020381237,4,-0.4422086907179345,5.890842140925359,False
0.15,0.2,15,1.33,1,3.36,0.5192415075654981,4,-0.31903232912264207,5.975116829761746,False
0.15,0.2,15,1.33,2,0.0,0.6950145211622035,4,-0.21630362351211604,5.975116829761746,False
0.15,0.2,15,1.33,2,3.36,0.9229331390287776,4,-0.09312726191682355,6.058219303500168,False
0.15,0.2,15,1.5,1,0.0,0.44099397767347404,4,-0.39851923162147035,6.022367589566381,False
0.15,0.2,15,1.5,1,3.36,0.5856107228182328,4,-0.27534287002617797,6.104826892210751,False
0.15,0.2,15,1.5,2,0.0,0.7838509637167714,4,-0.1781652952410397,6.104826892210751,False
0.15,0.2,15,1.5,2,3.36,1.040902036498622,5,-0.05498893364574725,6.186187144264193,True
0.15,0.2,15,2.0,1,0.0,0.5879919702312987,4,-0.3030388231032793,6.498461668827764,False
0.15,0.2,15,2.0,1,3.36,0.780814297090977,4,-0.17986246150798685,6.574952780151635,False
0.15,0.2,15,2.0,2,0.0,1.0451346182890286,5,-0.10036712237497217,6.574952780151635,True
0.15,0.2,15,2.0,2,3.36,1.3878693819981625,5,0.0228092392203202,6.650564191196392,True
0.15,0.3,-15,0.75,1,0.0,0.4751422638342179,3,-0.3299300997696762,5.998255331578165,False
0.15,0.3,-15,0.75,1,3.36,0.48113846593339565,3,-0.32448368318385035,6.081041606732015,False
0.15,0.3,-15,0.75,2,0.0,0.8498356244261798,4,-0.08238402075922245,6.081041606732015,False
0.15,0.3,-15,0.75,2,3.36,0.8605603831837342,4,-0.07693760417339666,6.162715880422031,False
0.15,0.3,-15,1.0,1,0.0,0.6335230184456249,3,-0.20988956032700337,5.866693978066188,False
0.15,0.3,-15,1.0,1,3.36,0.6415179545778618,4,-0.2044431437411776,5.951310631472539,False
0.15,0.3,-15,1.0,2,0.0,1.1331141659015738,5,0.034124420897192975,5.951310631472539,True
0.15,0.3,-15,1.0,2,3.36,1.1474138442449795,6,0.039570837483018706,6.034740941604541,True
0.15,0.3,-15,1.33,1,0.0,0.8425856145326809,4,-0.09432703336661377,5.996000427726974,False
0.15,0.3,-15,1.33,1,3.36,0.8532188795885561,4,-0.08888061678078793,6.07881741207137,False
0.15,0.3,-15,1.33,2,0.0,1.507041840649093,7,0.14382765513459234,6.07881741207137,True
0.15,0.3,-15,1.33,2,3.36,1.526060412845823,7,0.14927407172041818,6.160521173513006,True
0.15,0.3,-15,1.5,1,0.0,0.9502845276684359,4,-0.047124190421930945,6.125268270358416,False
0.15,0.3,-15,1.5,1,3.36,0.9622769318667913,4,-0.04167777383610514,6.206360558641399,False
0.15,0.3,-15,1.5,2,0.0,1.6996712488523595,7,0.18754198795290475,6.206360558641399,True
0.15,0.3,-15,1.5,2,3.36,1.7211207663674684,7,0.19298840453873056,6.286406873871558,True
0.15,0.3,-15,2.0,1,0.0,1.2670460368912497,7,0.06020751286863568,6.593936916685185,True
0.15,0.3,-15,2.0,1,3.36,1.2830359091557235,7,0.06565392945446143,6.669333104683235,True
0.15,0.3,-15,2.0,2,0.0,2.2662283318031475,7,0.2831050169113377,6.669333104683235,True
0.15,0.3,-15,2.0,2,3.36,2.294827688489959,7,0.28855143349716345,6.743886421139054,True
0.15,0.3,-10,0.75,1,0.0,0.3332270241530212,3,-0.48676102046386494,5.781699284349076,False
0.15,0.3,-10,0.75,1,3.36,0.3909695481788999,3,-0.41735830278000513,5.867541786356756,False
0.15,0.3,-10,0.75,2,0.0,0.5947621286467408,4,-0.2420784496752457,5.867541786356756,False
0.15,0.3,-10,0.75,2,3.36,0.6978241974881217,4,-0.17267573199138592,5.952146387198708,False
0.15,0.3,-10,1.0,1,0.0,0.44430269887069485,3,-0.3686815066591028,5.645093252030015,False
0.15,0.3,-10,1.0,1,3.36,0.5212927309051998,4,-0.29927878897524296,5.732981582398011,False
0.15,0.3,-10,1.0,2,0.0,0.7930161715289877,4,-0.12886716144126878,5.732981582398011,False
0.15,0.3,-10,1.0,2,3.36,0.9304322633174956,4,-0.059464443757409016,5.819542750432787,False
0.15,0.3,-10,1.33,1,0.0,0.5909225894980225,4,-0.256384164402895,5.779359888529075,False
0.15,0.3,-10,1.33,1,3.36,0.6933193321039137,4,-0.18698144671903522,5.865236629594649,False
0.15,0.3,-10,1.33,2,0.0,1.0547115081335527,5,-0.024543915986342542,5.865236629594649,True
0.15,0.3,-10,1.33,2,3.36,1.2374749102122682,5,0.04485880169751728,5.949874008845801,True
0.15,0.3,-10,1.5,1,0.0,0.6664540483060424,4,-0.21113287930486285,5.913365452574051,False
0.15,0.3,-10,1.5,1,3.36,0.7819390963577998,4,-0.14173016162100302,5.99732365107106,False
0.15,0.3,-10,1.5,2,0.0,1.1895242572934817,6,0.016022143184743633,5.99732365107106,True
0.15,0.3,-10,1.5,2,3.36,1.3956483949762435,6,0.0854248608686034,6.0801226118965985,True
0.15,0.3,-10,2.0,1,0.0,0.8886053977413897,4,-0.11042907897880269,6.39757638899767,False
0.15,0.3,-10,2.0,1,3.36,1.0425854618103996,5,-0.04102636129494286,6.475259350254664,True
0.15,0.3,-10,2.0,2,0.0,1.5860323430579755,7,0.10127396752349838,6.475259350254664,True
0.15,0.3,-10,2.0,2,3.36,1.8608645266349912,7,0.17067668520735815,6.552021341010762,True
0.15,0.3,-5,0.75,1,0.0,0.27893761124405764,2,-0.5639941577941676,5.647781367027646,False
0.15,0.3,-5,0.75,1,3.36,0.33668013526993634,2,-0.4822837421883504,5.735628506950626,False
0.15,0.3,-5,0.75,2,0.0,0.49786336460805514,4,-0.31931158700554846,5.735628506950626,False
0.15,0.3,-5,0.75,2,3.36,0.6009254334494362,4,-0.23760117139973114,5.822150321809345,False
0.15,0.3,-5,1.0,1,0.0,0.37191681499207674,3,-0.44591464398940556,5.507854898162882,False
0.15,0.3,-5,1.0,1,3.36,0.4489068470265817,4,-0.3642042283835883,5.597898318049092,False
0.15,0.3,-5,1.0,2,0.0,0.6638178194774068,4,-0.2061002987715715,5.597898318049092,False
0.15,0.3,-5,1.0,2,3.36,0.8012339112659148,4,-0.12438988316575424,5.686516119665612,False
0.15,0.3,-5,1.33,1,0.0,0.4946493639394607,4,-0.33361730173319776,5.645386477136959,False
0.15,0.3,-5,1.33,1,3.36,0.597046106545352,4,-0.2519068861273805,5.733270312504098,False
0.15,0.3,-5,1.33,2,0.0,0.8828776999049504,4,-0.10177705331664522,5.733270312504098,False
0.15,0.3,-5,1.33,2,3.36,1.0656411019836658,5,-0.020066637710827968,5.819827186114794,True
0.15,0.3,-5,1.5,1,0.0,0.5578752224881153,4,-0.28836601663516553,5.782497620474941,False
0.15,0.3,-5,1.5,1,3.36,0.6733602705398727,4,-0.20665560102934827,5.868328444352647,False
0.15,0.3,-5,1.5,2,0.0,0.9957267292161103,4,-0.06121099414555907,5.868328444352647,False
0.15,0.3,-5,1.5,2,3.36,1.2018508668988723,5,0.020499421460258217,5.952921865000275,True
0.15,0.3,-5,2.0,1,0.0,0.7438336299841535,4,-0.18766221630910543,6.276812201122677,False
0.15,0.3,-5,2.0,1,3.36,0.8978136940531634,4,-0.10595180070328816,6.355971319016669,False
0.15,0.3,-5,2.0,2,0.0,1.3276356389548136,6,0.024040830193195653,6.355971319016669,True
0.15,0.3,-5,2.0,2,3.36,1.6024678225318296,6,0.10575124579901293,6.434156619803601,True
0.15,0.3,0,0.75,1,0.0,0.24026898668613222,2,-0.6288035183944594,5.602430748176367,False
0.15,0.3,0,0.75,1,3.36,0.29801151071201093,2,-0.5352681961313073,5.690977972906942,False
0.15,0.3,0,0.75,2,0.0,0.4288454525333365,4,-0.38412094760584015,5.690977972906942,False
0.15,0.3,0,0.75,2,3.36,0.5319075213747175,4,-0.29058562534268806,5.778168419846553,False
0.15,0.3,0,1.0,1,0.0,0.32035864891484295,3,-0.5107240045896971,5.461342462946651,False
0.15,0.3,0,1.0,1,3.36,0.39734868094934783,4,-0.41718868232654516,5.552140262780129,False
0.15,0.3,0,1.0,2,0.0,0.5717939367111154,4,-0.2709096593718631,5.552140262780129,False
0.15,0.3,0,1.0,2,3.36,0.7092100284996233,4,-0.17737433710871112,5.641476889750076,False
0.15,0.3,0,1.33,1,0.0,0.4260770030567399,4,-0.39842666233348933,5.600016463780101,False
0.15,0.3,0,1.33,1,3.36,0.5284737456626312,4,-0.3048913400703373,5.688601268731021,False
0.15,0.3,0,1.33,2,0.0,0.7604859358257828,4,-0.16658641391693688,5.688601268731021,False
0.15,0.3,0,1.33,2,3.36,0.9432493379044983,4,-0.07305109165378483,5.7758275939131165,False
0.15,0.3,0,1.5,1,0.0,0.48053797337226445,4,-0.3531753772354572,5.738211798911373,False
0.15,0.3,0,1.5,1,3.36,0.5960230214240219,4,-0.2596400549723052,5.824695240883054,False
0.15,0.3,0,1.5,2,0.0,0.857690905066673,4,-0.12602035474585077,5.824695240883054,False
0.15,0.3,0,1.5,2,3.36,1.063815042749435,5,-0.03248503248269869,5.909913252253851,True
0.15,0.3,0,2.0,1,0.0,0.6407172978296859,4,-0.25247157690939703,6.236037790659213,False
0.15,0.3,0,2.0,1,3.36,0.7946973618986957,4,-0.15893625464624503,6.315707982999993,False
0.15,0.3,0,2.0,2,0.0,1.143587873422231,5,-0.040768530407095945,6.315707982999993,True
0.15,0.3,0,2.0,2,3.36,1.4184200569992467,5,0.05276679185605604,6.394385609777522,True
0.15,0.3,5,0.75,1,0.0,0.21211881901833274,2,-0.682922034683304,5.647781367027646,False
0.15,0.3,5,0.75,1,3.36,0.26986134304421144,2,-0.5783605577569619,5.735628506950626,False
0.15,0.3,5,0.75,2,0.0,0.37860146741112544,4,-0.4382394638946848,5.735628506950626,False
0.15,0.3,5,0.75,2,3.36,0.48166353625250635,4,-0.3336779869683428,5.822150321809345,False
0.15,0.3,5,1.0,1,0.0,0.28282509202444356,2,-0.564842520878542,5.507854898162882,False
0.15,0.3,5,1.0,1,3.36,0.35981512405894855,3,-0.4602810439521998,5.597898318049092,False
0.15,0.3,5,1.0,2,0.0,0.5048019565481672,4,-0.3250281756607079,5.597898318049092,False
0.15,0.3,5,1.0,2,3.36,0.6422180483366752,4,-0.22046669873436578,5.686516119665612,False
0.15,0.3,5,1.33,1,0.0,0.37615737239250896,4,-0.4525451786223341,5.645386477136959,False
0.15,0.3,5,1.33,1,3.36,0.47855411499840017,4,-0.347983701695992,5.733270312504098,False
0.15,0.3,5,1.33,2,0.0,0.6713866022090619,4,-0.22070493020578158,5.733270312504098,False
0.15,0.3,5,1.33,2,3.36,0.8541500042877772,4,-0.11614345327943956,5.819827186114794,False
0.15,0.3,5,1.5,1,0.0,0.4242376380366655,4,-0.40729389352430195,5.782497620474941,False
0.15,0.3,5,1.5,1,3.36,0.5397226860884229,4,-0.30273241659795985,5.868328444352647,False
0.15,0.3,5,1.5,2,0.0,0.7572029348222509,4,-0.18013887103469545,5.868328444352647,False
0.15,0.3,5,1.5,2,3.36,0.9633270725050127,4,-0.07557739410835342,5.952921865000275,False
0.15,0.3,5,2.0,1,0.0,0.5656501840488871,4,-0.3065900931982419,6.276812201122677,False
0.15,0.3,5,2.0,1,3.36,0.7196302481178971,4,-0.20202861627189966,6.355971319016669,False
0.15,0.3,5,2.0,2,0.0,1.0096039130963343,5,-0.09488704669594078,6.355971319016669,True
0.15,0.3,5,2.0,2,3.36,1.2844360966733503,5,0.009674430230401362,6.434156619803601,True
0.15,0.3,10,0.75,1,0.0,0.1913780615181277,2,-0.7276090839123412,5.781699284349076,False
0.15,0.3,10,0.75,1,3.36,0.2491205855440064,2,-0.6130916191711263,5.867541786356756,False
0.15,0.3,10,0.75,2,0.0,0.3415822097085956,3,-0.48292651312372203,5.867541786356756,False
0.15,0.3,10,0.75,2,3.36,0.4446442785499766,4,-0.36840904838250704,5.952146387198708,False
0.15,0.3,10,1.0,1,0.0,0.2551707486908369,2,-0.6095295701075791,5.645093252030015,False
0.15,0.3,10,1.0,1,3.36,0.3321607807253418,3,-0.4950121053663642,5.732981582398011,False
0.15,0.3,10,1.0,2,0.0,0.4554429462781275,4,-0.36971522488974506,5.732981582398011,False
0.15,0.3,10,1.0,2,3.36,0.5928590380666354,4,-0.2551977601485302,5.819542750432787,False
0.15,0.3,10,1.33,1,0.0,0.3393770957588121,4,-0.4972322278513713,5.779359888529075,False
0.15,0.3,10,1.33,1,3.36,0.4417738383647033,4,-0.3827147631101564,5.865236629594649,False
0.15,0.3,10,1.33,2,0.0,0.605739118549909,4,-0.2653919794348188,5.865236629594649,False
0.15,0.3,10,1.33,2,3.36,0.7885025206286245,4,-0.15087451469360388,5.949874008845801,False
0.15,0.3,10,1.5,1,0.0,0.3827561230362554,4,-0.45198094275333905,5.913365452574051,False
0.15,0.3,10,1.5,1,3.36,0.4982411710880128,4,-0.3374634780121242,5.99732365107106,False
0.15,0.3,10,1.5,2,0.0,0.6831644194171912,4,-0.22482592026373266,5.99732365107106,False
0.15,0.3,10,1.5,2,3.36,0.8892885570999532,4,-0.1103084555225177,6.0801226118965985,False
0.15,0.3,10,2.0,1,0.0,0.5103414973816738,4,-0.3512771424272789,6.39757638899767,False
0.15,0.3,10,2.0,1,3.36,0.6643215614506836,4,-0.23675967768606407,6.475259350254664,False
0.15,0.3,10,2.0,2,0.0,0.910885892556255,4,-0.13957409592497788,6.475259350254664,False
0.15,0.3,10,2.0,2,3.36,1.1857180761332708,5,-0.025056631183763,6.552021341010762,True
0.15,0.3,15,0.75,1,0.0,0.17607992301022443,2,-0.763791395528308,5.998255331578165,False
0.15,0.3,15,0.75,1,3.36,0.2338224470361031,2,-0.6406150339330157,6.081041606732015,False
0.15,0.3,15,0.75,2,0.0,0.31427724113223254,3,-0.5191088247396888,6.081041606732015,False
0.15,0.3,15,0.75,2,3.36,0.4173393099736135,3,-0.3959324631443964,6.162715880422031,False
0.15,0.3,15,1.0,1,0.0,0.23477323068029923,2,-0.6457118817235459,5.866693978066188,False
0.15,0.3,15,1.0,1,3.36,0.3117632627148041,3,-0.5225355201282535,5.951310631472539,False
0.15,0.3,15,1.0,2,0.0,0.41903632150964343,4,-0.40589753650571186,5.951310631472539,False
0.15,0.3,15,1.0,2,3.36,0.5564524132981513,4,-0.2827211749104194,6.034740941604541,False
0.15,0.3,15,1.33,1,0.0,0.3122483968047971,4,-0.5334145394673381,5.996000427726974,False
0.15,0.3,15,1.33,1,3.36,0.4146451394106883,4,-0.41023817787204564,6.07881741207137,False
0.15,0.3,15,1.33,2,0.0,0.5573183076078253,4,-0.3015742910507856,6.07881741207137,False
0.15,0.3,15,1.33,2,3.36,0.7400817096865407,4,-0.1783979294554931,6.160521173513006,False
0.15,0.3,15,1.5,1,0.0,0.35215984602044886,4,-0.4881632543693059,6.125268270358416,False
0.15,0.3,15,1.5,1,3.36,0.4676448940722062,4,-0.36498689277401347,6.206360558641399,False
0.15,0.3,15,1.5,2,0.0,0.6285544822644651,4,-0.2610082318796995,6.206360558641399,False
0.15,0.3,15,1.5,2,3.36,0.834678619947227,4,-0.137831870284407,6.286406873871558,False
0.15,0.3,15,2.0,1,0.0,0.46954646136059847,4,-0.3874594540432457,6.593936916685185,False
0.15,0.3,15,2.0,1,3.36,0.6235265254296082,4,-0.26428309244795334,6.669333104683235,False
0.15,0.3,15,2.0,2,0.0,0.8380726430192869,4,-0.17575640754094468,6.669333104683235,False
0.15,0.3,15,2.0,2,3.36,1.1129048265963026,5,-0.052580045945652285,6.743886421139054,True
0.3,-0.3,-15,0.75,1,0.0,1.4452795802998561,7,0.13938805138845053,4.350772484303712,True
0.3,-0.3,-15,0.75,1,3.36,1.6608904518795353,7,0.20045300309940212,4.464215632132289,True
0.3,-0.3,-15,0.75,2,0.0,2.331177208429698,7,0.31953922561237524,4.464215632132289,True
0.3,-0.3,-15,0.75,2,3.36,2.435492397570388,7,0.35320124019003274,4.574846577774417,True
0.3,-0.3,-15,1.0,1,0.0,1.9270394403998088,7,0.24973381056033495,4.16752353558399,True
0.3,-0.3,-15,1.0,1,3.36,2.2145206025060475,7,0.3112638524680354,4.2858199238473,True
0.3,-0.3,-15,1.0,2,0.0,3.108236277906263,8,0.41189020320659514,4.2858199238473,True
0.3,-0.3,-15,1.0,2,3.36,3.247323196760518,8,0.4549050500967994,4.4009376750468165,True
0.3,-0.3,-15,1.33,1,0.0,2.562962455731738,7,0.34945310984746697,4.347663201844235,True
0.3,-0.3,-15,1.33,1,3.36,2.9453124013330347,7,0.41172581988586343,4.461185416082867,True
0.3,-0.3,-15,1.33,2,0.0,4.133954249615326,8,0.5147495534509658,4.461185416082867,True
0.3,-0.3,-15,1.33,2,3.36,4.318939851691484,8,0.5411489766025297,4.5718896877189055,True
0.3,-0.3,-15,1.5,1,0.0,2.8905591605997123,7,0.3873679571131531,4.524275143183489,True
0.3,-0.3,-15,1.5,1,3.36,3.3217809037590706,7,0.4500656327168589,4.633472301765489,True
0.3,-0.3,-15,1.5,2,0.0,4.662354416859396,8,0.5544682915045848,4.633472301765489,True
0.3,-0.3,-15,1.5,2,3.36,4.870984795140776,8,0.5682784866886466,4.740154593600084,True
0.3,-0.3,-15,2.0,1,0.0,3.8540788807996176,8,0.4645486284599279,5.141026964390687,True
0.3,-0.3,-15,2.0,1,3.36,4.429041205012095,8,0.5271122662563236,5.23738085769902,True
0.3,-0.3,-15,2.0,2,0.0,6.216472555812526,8,0.6332472035842218,5.23738085769902,True
0.3,-0.3,-15,2.0,2,3.36,6.494646393521036,8,0.6342436991324687,5.331993834260513,True
0.3,-0.3,-10,0.75,1,0.0,1.1604020571694142,6,0.0339156356041705,4.046998987152212,True
0.3,-0.3,-10,0.75,1,3.36,1.3614798174023743,6,0.10331835328803032,4.168716925147476,True
0.3,-0.3,-10,0.75,2,0.0,1.748766845151633,7,0.2129213485000656,4.168716925147476,True
0.3,-0.3,-10,0.75,2,3.36,1.8062791108464638,7,0.23847922869354393,4.286980382741566,True
0.3,-0.3,-10,1.0,1,0.0,1.547202742892552,7,0.13740570785771677,3.8493157848484203,True
0.3,-0.3,-10,1.0,1,3.36,1.8153064232031653,7,0.20680842554157655,3.9770883836650164,True
0.3,-0.3,-10,1.0,2,0.0,2.3316891268688438,7,0.3133037004356743,3.9770883836650164,True
0.3,-0.3,-10,1.0,2,3.36,2.408372147795286,7,0.3507839009214549,4.100881857781715,True
0.3,-0.3,-10,1.33,1,0.0,2.0577796480470885,7,0.22638453284815324,4.0436561313379755,True
0.3,-0.3,-10,1.33,1,3.36,2.4143575428602033,7,0.2957872505320131,4.165471751015389,True
0.3,-0.3,-10,1.33,2,0.0,3.101146538735555,8,0.3929525017559051,4.165471751015389,True
0.3,-0.3,-10,1.33,2,3.36,3.2031349565677307,8,0.45364325116582566,4.283824798997644,True
0.3,-0.3,-10,1.5,1,0.0,2.3208041143388285,7,0.2582729011059482,4.232971197996121,True
0.3,-0.3,-10,1.5,1,3.36,2.7229596348047487,7,0.327675618789808,4.3494879196366,True
0.3,-0.3,-10,1.5,2,0.0,3.497533690303266,8,0.4272573152320307,4.3494879196366,True
0.3,-0.3,-10,1.5,2,3.36,3.6125582216929275,8,0.48861527191276516,4.462963719667091,True
0.3,-0.3,-10,2.0,1,0.0,3.094405485785104,8,0.32832308509952357,4.886628473746378,True
0.3,-0.3,-10,2.0,1,3.36,3.6306128464063305,8,0.392381727826254,4.987899140963945,True
0.3,-0.3,-10,2.0,2,0.0,4.6633782537376876,8,0.4883311352898899,4.987899140963945,True
0.3,-0.3,-10,2.0,2,3.36,4.816744295590572,8,0.5422509680646392,5.087154198609362,True
0.3,-0.3,-5,0.75,1,0.0,0.971349123715998,4,-0.043317501726132156,3.853256876606213,False
0.3,-0.3,-5,0.75,1,3.36,1.172426883948958,5,0.03839291387968507,3.98090298263008,True
0.3,-0.3,-5,0.75,2,0.0,1.5141942553506214,7,0.1502103476616005,3.98090298263008,True
0.3,-0.3,-5,0.75,2,3.36,1.569300019836743,7,0.17797934472933263,4.104581410705977,True
0.3,-0.3,-5,1.0,1,0.0,1.2951321649546637,6,0.060172570527414045,3.6450815857241454,True
0.3,-0.3,-5,1.0,1,3.36,1.563235845265277,6,0.1418829861332313,3.7797645120543226,True
0.3,-0.3,-5,1.0,2,0.0,2.018925673800828,7,0.2424606866368889,3.7797645120543226,True
0.3,-0.3,-5,1.0,2,3.36,2.0924000264489906,7,0.2902840169572436,3.909810707257482,True
0.3,-0.3,-5,1.33,1,0.0,1.7225257793896978,7,0.14915139551785056,3.8497457920763085,True
0.3,-0.3,-5,1.33,1,3.36,2.0791036742028126,7,0.23086181112366783,3.977504577446674,True
0.3,-0.3,-5,1.33,2,0.0,2.6851711461550947,8,0.3157193644256025,3.977504577446674,True
0.3,-0.3,-5,1.33,2,3.36,2.782892035177151,8,0.39314336720161436,4.101285489161812,True
0.3,-0.3,-5,1.5,1,0.0,1.942698247431996,7,0.1810397637756455,4.048139439071579,True
0.3,-0.3,-5,1.5,1,3.36,2.344853767897916,7,0.2627501793814627,4.169824087196815,True
0.3,-0.3,-5,1.5,2,0.0,3.0283885107012427,8,0.3419794168986026,4.169824087196815,True
0.3,-0.3,-5,1.5,2,3.36,3.138600039673486,8,0.4236898325044199,4.288057009668453,True
0.3,-0.3,-5,2.0,1,0.0,2.5902643299093273,7,0.2457458728120915,4.727422722322482,True
0.3,-0.3,-5,2.0,1,3.36,3.126471690530554,8,0.32745628841790875,4.832031208046043,True
0.3,-0.3,-5,2.0,2,0.0,4.037851347601656,8,0.3956151130504767,4.832031208046043,True
0.3,-0.3,-5,2.0,2,3.36,4.184800052897981,8,0.47732552865629396,4.934422518951017,True
0.3,-0.3,0,0.75,1,0.0,0.836692723626661,4,-0.10812686232642385,3.7864738841672225,False
0.3,-0.3,0,0.75,1,3.36,1.0377704838596211,5,-0.014591540063271787,3.9162972915089598,True
0.3,-0.3,0,0.75,2,0.0,1.342882023461501,5,0.08540098706130883,3.9162972915089598,True
0.3,-0.3,0,0.75,2,3.36,1.3979877879476232,5,0.12777674216104784,4.041953052112358,True
0.3,-0.3,0,1.0,1,0.0,1.1155902981688812,5,-0.004636790072877574,3.574411236127231,True
0.3,-0.3,0,1.0,1,3.36,1.3836939784794944,5,0.08889853219027441,3.711659424698419,True
0.3,-0.3,0,1.0,2,0.0,1.7905093646153345,7,0.17765132603659728,3.711659424698419,True
0.3,-0.3,0,1.0,2,3.36,1.863983717263497,7,0.24008141438895872,3.8440103648341792,True
0.3,-0.3,0,1.33,1,0.0,1.4837350965646077,6,0.08434203491755889,3.7829008157730746,True
0.3,-0.3,0,1.33,1,3.36,1.8403129913777225,6,0.17787735718071096,3.912842775013659,True
0.3,-0.3,0,1.33,2,0.0,2.3813774549383893,8,0.2509100038253108,3.912842775013659,True
0.3,-0.3,0,1.33,2,3.36,2.4790983439604455,8,0.3429407646333295,4.038606019652894,True
0.3,-0.3,0,1.5,1,0.0,1.673385447253322,6,0.11623040317535381,3.9846240520950156,True
0.3,-0.3,0,1.5,1,3.36,2.0755409677192422,6,0.20976572543850586,4.108190457675264,True
0.3,-0.3,0,1.5,2,0.0,2.685764046923002,8,0.277170056298311,4.108190457675264,True
0.3,-0.3,0,1.5,2,3.36,2.7959755758952465,8,0.37070537856146296,4.228147210840003,True
0.3,-0.3,0,2.0,1,0.0,2.2311805963377624,7,0.18093651221179988,4.673148993333965,True
0.3,-0.3,0,2.0,1,3.36,2.7673879569589888,7,0.2744718344749518,4.778945648770056,True
0.3,-0.3,0,2.0,2,0.0,3.581018729230669,8,0.33080575245018506,4.778945648770056,True
0.3,-0.3,0,2.0,2,3.36,3.727967434526994,8,0.42434107471333704,4.8824503595938635,True
0.3,-0.3,5,0.75,1,0.0,0.738664922446952,4,-0.16224537861526858,3.853256876606213,False
0.3,-0.3,5,0.75,1,3.36,0.939742682679912,4,-0.057683901688926495,3.98090298263008,False
0.3,-0.3,5,0.75,2,0.0,1.2003793994198901,5,0.0312824707724641,3.98090298263008,True
0.3,-0.3,5,0.75,2,3.36,1.2716196181700068,5,0.08663058395330558,4.104581410705977,True
0.3,-0.3,5,1.0,1,0.0,0.9848865632626024,4,-0.058755306361722395,3.6450815857241454,False
0.3,-0.3,5,1.0,1,3.36,1.2529902435732156,5,0.04580617056461971,3.7797645120543226,True
0.3,-0.3,5,1.0,2,0.0,1.6005058658931866,5,0.12353280974775249,3.7797645120543226,True
0.3,-0.3,5,1.0,2,3.36,1.6954928242266754,6,0.19893525618121652,3.909810707257482,True
0.3,-0.3,5,1.33,1,0.0,1.3098991291392577,5,0.030223518628714183,3.8497457920763085,True
0.3,-0.3,5,1.33,1,3.36,1.6664770239523723,5,0.13478499555505624,3.977504577446674,True
0.3,-0.3,5,1.33,2,0.0,2.128672801637936,7,0.19679148753646608,3.977504577446674,True
0.3,-0.3,5,1.33,2,3.36,2.255005456221473,8,0.3013529644628081,4.101285489161812,True
0.3,-0.3,5,1.5,1,0.0,1.477329844893904,5,0.06211188688650908,4.048139439071579,True
0.3,-0.3,5,1.5,1,3.36,1.879485365359824,5,0.1666733638128512,4.169824087196815,True
0.3,-0.3,5,1.5,2,0.0,2.4007587988397803,8,0.22305154000946625,4.169824087196815,True
0.3,-0.3,5,1.5,2,3.36,2.5432392363400136,8,0.3276130169358083,4.288057009668453,True
0.3,-0.3,5,2.0,1,0.0,1.9697731265252048,7,0.12681799592295503,4.727422722322482,True
0.3,-0.3,5,2.0,1,3.36,2.5059804871464313,7,0.23137947284929714,4.832031208046043,True
0.3,-0.3,5,2.0,2,0.0,3.201011731786373,8,0.2766872361613403,4.832031208046043,True
0.3,-0.3,5,2.0,2,3.36,3.3909856484533507,8,0.3812487130876824,4.934422518951017,True
0.3,-0.3,10,0.75,1,0.0,0.6664390346106828,3,-0.2069324278443057,4.046998987152212,False
0.3,-0.3,10,0.75,1,3.36,0.8675167948436429,4,-0.09241496310309077,4.168716925147476,False
0.3,-0.3,10,0.75,2,0.0,1.0830075502514391,5,-0.013404578456573002,4.168716925147476,True
0.3,-0.3,10,0.75,2,3.36,1.1785385819596104,5,0.05361716913640241,4.286980382741566,True
0.3,-0.3,10,1.0,1,0.0,0.8885853794809101,4,-0.10344235559075951,3.8493157848484203,False
0.3,-0.3,10,1.0,1,3.36,1.1566890597915234,5,0.01107510915045539,3.9770883836650164,True
0.3,-0.3,10,1.0,2,0.0,1.4440100670019185,5,0.07884576051871536,3.9770883836650164,True
0.3,-0.3,10,1.0,2,3.36,1.5713847759461468,5,0.16592184136431334,4.100881857781715,True
0.3,-0.3,10,1.33,1,0.0,1.1818185547096072,5,-0.014463530600322974,4.0436561313379755,True
0.3,-0.3,10,1.33,1,3.36,1.5383964495227218,5,0.1000539341408919,4.165471751015389,True
0.3,-0.3,10,1.33,2,0.0,1.9205333891125496,6,0.15210443830742892,4.165471751015389,True
0.3,-0.3,10,1.33,2,3.36,2.0899417520083703,7,0.2666219030486438,4.283824798997644,True
0.3,-0.3,10,1.5,1,0.0,1.3328780692213655,5,0.01742483765747195,4.232971197996121,True
0.3,-0.3,10,1.5,1,3.36,1.7350335896872857,5,0.13194230239868687,4.3494879196366,True
0.3,-0.3,10,1.5,2,0.0,2.1660151005028783,8,0.1783644907804291,4.3494879196366,True
0.3,-0.3,10,1.5,2,3.36,2.3570771639192207,8,0.292881955521644,4.462963719667091,True
0.3,-0.3,10,2.0,1,0.0,1.7771707589618202,5,0.08213094669391793,4.886628473746378,True
0.3,-0.3,10,2.0,1,3.36,2.3133781195830467,6,0.1966484114351328,4.987899140963945,True
0.3,-0.3,10,2.0,2,0.0,2.888020134003837,8,0.23200018693230312,4.987899140963945,True
0.3,-0.3,10,2.0,2,3.36,3.1427695518922936,8,0.346517651673518,5.087154198609362,True
0.3,-0.3,15,0.75,1,0.0,0.613166070208847,3,-0.24311473946027257,4.350772484303712,False
0.3,-0.3,15,0.75,1,3.36,0.8142438304418069,3,-0.1199383778649801,4.464215632132289,False
0.3,-0.3,15,0.75,2,0.0,0.9964354563686606,4,-0.04958689007253984,4.464215632132289,False
0.3,-0.3,15,0.75,2,3.36,1.1111599347624024,5,0.028049938092052563,4.574846577774417,True
0.3,-0.3,15,1.0,1,0.0,0.8175547602784625,4,-0.13962466720672626,4.16752353558399,False
0.3,-0.3,15,1.0,1,3.36,1.0856584405890755,5,-0.016448305611433955,4.2858199238473,True
0.3,-0.3,15,1.0,2,0.0,1.3285806084915475,5,0.04266344890274863,4.2858199238473,True
0.3,-0.3,15,1.0,2,3.36,1.4815465796832028,5,0.1403546103199635,4.4009376750468165,True
0.3,-0.3,15,1.33,1,0.0,1.087347831170352,5,-0.050645842216289816,4.347663201844235,True
0.3,-0.3,15,1.33,1,3.36,1.4439257259834666,5,0.07253051937900264,4.461185416082867,True
0.3,-0.3,15,1.33,2,0.0,1.767012209293756,5,0.11592212669146212,4.461185416082867,True
0.3,-0.3,15,1.33,2,3.36,1.9704569509786551,5,0.23909848828675456,4.5718896877189055,True
0.3,-0.3,15,1.5,1,0.0,1.226332140417694,5,-0.018757473958494905,4.524275143183489,True
0.3,-0.3,15,1.5,1,3.36,1.6284876608836139,5,0.10441888763679753,4.633472301765489,True
0.3,-0.3,15,1.5,2,0.0,1.9928709127373212,7,0.1421821791644623,4.633472301765489,True
0.3,-0.3,15,1.5,2,3.36,2.2223198695248048,7,0.26535854075975474,4.740154593600084,True
0.3,-0.3,15,2.0,1,0.0,1.635109520556925,5,0.04594863507795116,5.141026964390687,True
0.3,-0.3,15,2.0,1,3.36,2.171316881178151,5,0.16912499667324346,5.23738085769902,True
0.3,-0.3,15,2.0,2,0.0,2.657161216983095,8,0.19581787531633643,5.23738085769902,True
0.3,-0.3,15,2.0,2,3.36,2.9630931593664056,8,0.31899423691162876,5.331993834260513,True
0.3,-0.2,-15,0.75,1,0.0,1.233313700004899,7,0.073060404668537,4.204666599169819,True
0.3,-0.2,-15,0.75,1,3.36,1.3886593722284943,7,0.12419766904604972,4.321946460817659,True
0.3,-0.2,-15,0.75,2,0.0,1.9811782718341766,7,0.27265116746353574,4.321946460817659,True
0.3,-0.2,-15,0.75,2,3.36,2.033756799621554,7,0.2913379528684241,4.43612682530316,True
0.3,-0.2,-15,1.0,1,0.0,1.644418266673199,7,0.18516648729588342,4.014754341133026,True
0.3,-0.2,-15,1.0,1,3.36,1.8515458296379945,7,0.23603723452456343,4.137420986514,True
0.3,-0.2,-15,1.0,2,0.0,2.6415710291122347,7,0.37805934091606747,4.137420986514,True
0.3,-0.2,-15,1.0,2,3.36,2.711675732828738,7,0.402124911390801,4.256554054589989,True
0.3,-0.2,-15,1.33,1,0.0,2.1870762946753475,7,0.28770607478121557,4.201449192441873,True
0.3,-0.2,-15,1.33,1,3.36,2.4625559534185335,7,0.338148191462538,4.31881642544233,True
0.3,-0.2,-15,1.33,2,0.0,3.513289468719264,8,0.47000411184222146,4.31881642544233,True
0.3,-0.2,-15,1.33,2,3.36,3.6065287246622133,8,0.4812939688951804,4.4330774092802026,True
0.3,-0.2,-15,1.5,1,0.0,2.466627400009798,7,0.3272402658078342,4.3839554709449295,True
0.3,-0.2,-15,1.5,1,3.36,2.7773187444569887,7,0.3774353057198347,4.496561527570592,True
0.3,-0.2,-15,1.5,2,0.0,3.962356543668353,8,0.5035329968503657,4.496561527570592,True
0.3,-0.2,-15,1.5,2,3.36,4.067513599243108,8,0.5093789566564906,4.606415696746005,True
0.3,-0.2,-15,2.0,1,0.0,3.288836533346398,7,0.40918130029917943,5.017983484288497,True
0.3,-0.2,-15,2.0,1,3.36,3.703091659275989,7,0.45860626007967786,5.116654986276886,True
0.3,-0.2,-15,2.0,2,0.0,5.2831420582244695,8,0.5709008071131377,5.116654986276886,True
0.3,-0.2,-15,2.0,2,3.36,5.423351465657476,8,0.5755376463008254,5.213459336044746,True
0.3,-0.2,-10,0.75,1,0.0,0.949726546374661,4,-0.04786936295372307,3.889498785449229,False
0.3,-0.2,-10,0.75,1,3.36,1.1142978564640575,5,0.021533354730136744,4.015993127734537,True
0.3,-0.2,-10,0.75,2,0.0,1.518112169120291,7,0.15611524515053435,4.015993127734537,True
0.3,-0.2,-10,0.75,2,3.36,1.7211441854620109,7,0.21885618892550832,4.138623056284666,True
0.3,-0.2,-10,1.0,1,0.0,1.266302061832881,7,0.059130211651409394,3.6833723693760874,True
0.3,-0.2,-10,1.0,1,3.36,1.4857304752854097,7,0.12853292933526922,3.816704339018574,True
0.3,-0.2,-10,1.0,2,0.0,2.024149558827055,7,0.25305897893105966,3.816704339018574,True
0.3,-0.2,-10,1.0,2,3.36,2.2948589139493474,7,0.32246169661491947,3.9455331720165794,True
0.3,-0.2,-10,1.33,1,0.0,1.6841817422377268,7,0.1535587716321783,3.8860204462286614,True
0.3,-0.2,-10,1.33,1,3.36,1.976021532129589,7,0.22296148931603815,4.012624441498009,True
0.3,-0.2,-10,1.33,2,0.0,2.692118913239977,7,0.3322280364354391,4.012624441498009,True
0.3,-0.2,-10,1.33,2,3.36,3.0521623555526247,8,0.40163075411929894,4.135354266384828,True
0.3,-0.2,-10,1.5,1,0.0,1.899453092749322,7,0.18847641904481285,4.082651731787162,True
0.3,-0.2,-10,1.5,1,3.36,2.228595712928115,7,0.2578791367286727,4.203337383920629,True
0.3,-0.2,-10,1.5,2,0.0,3.036224338240582,8,0.3640588852363838,4.203337383920629,True
0.3,-0.2,-10,1.5,2,3.36,3.4422883709240217,8,0.4297157418806091,4.320653325952536,True
0.3,-0.2,-10,2.0,1,0.0,2.532604123665762,7,0.2598170789228778,4.757009337853864,True
0.3,-0.2,-10,2.0,1,3.36,2.9714609505708194,7,0.32790516391951563,4.860981160262695,True
0.3,-0.2,-10,2.0,2,0.0,4.04829911765411,8,0.4295559627252794,4.860981160262695,True
0.3,-0.2,-10,2.0,2,3.36,4.589717827898695,8,0.4873387023566006,4.962775215585415,True
0.3,-0.2,-5,0.75,1,0.0,0.794996908951674,4,-0.1251025002840258,3.687490821292043,False
0.3,-0.2,-5,0.75,1,3.36,0.9595682190410705,4,-0.043392084678208556,3.8206790701540303,False
0.3,-0.2,-5,0.75,2,0.0,1.3169158744859415,6,0.07888210782023165,3.8206790701540303,True
0.3,-0.2,-5,0.75,2,3.36,1.497329462156326,6,0.158356304961297,3.949378249435355,True
0.3,-0.2,-5,1.0,1,0.0,1.0599958786022317,5,-0.018102925678893357,3.469383196850018,True
0.3,-0.2,-5,1.0,1,3.36,1.2794242920547605,5,0.06360748992692397,3.610625952184088,True
0.3,-0.2,-5,1.0,2,0.0,1.7558878326479217,7,0.17582584160075693,3.610625952184088,True
0.3,-0.2,-5,1.0,2,3.36,1.996439282875101,7,0.25753625720657425,3.746547713106728,True
0.3,-0.2,-5,1.33,1,0.0,1.4097945185409642,6,0.07632563430187563,3.683821746991736,True
0.3,-0.2,-5,1.33,1,3.36,1.7016343084328265,6,0.15803604990769293,3.8171380199842453,True
0.3,-0.2,-5,1.33,2,0.0,2.3353308174217338,7,0.2549948991051364,3.8171380199842453,True
0.3,-0.2,-5,1.33,2,3.36,2.655264246223878,7,0.33670531471095366,3.9459526940409773,True
0.3,-0.2,-5,1.5,1,0.0,1.589993817903348,7,0.11124328171451014,3.890685404677016,True
0.3,-0.2,-5,1.5,1,3.36,1.919136438082141,7,0.19295369732032738,4.017142382112782,True
0.3,-0.2,-5,1.5,2,0.0,2.633831748971883,8,0.2830798868664466,4.017142382112782,True
0.3,-0.2,-5,1.5,2,3.36,2.994658924312652,8,0.36479030247226385,4.139738266867455,True
0.3,-0.2,-5,2.0,1,0.0,2.1199917572044633,7,0.1812693089053531,4.593313139285292,True
0.3,-0.2,-5,2.0,1,3.36,2.558848584109521,7,0.2629797245111704,4.700906890753198,True
0.3,-0.2,-5,2.0,2,0.0,3.5117756652958434,8,0.34070284734243805,4.700906890753198,True
0.3,-0.2,-5,2.0,2,3.36,3.992878565750202,8,0.4224132629482553,4.806092549621876,True
0.3,-0.2,0,0.75,1,0.0,0.684787902500887,4,-0.18991186088431747,3.617649026022344,False
0.3,-0.2,0,0.75,1,3.36,0.8493592125902834,4,-0.09637653862116545,3.7533164635400005,False
0.3,-0.2,0,0.75,2,0.0,1.1343541708212703,5,0.014072747219939959,3.7533164635400005,True
0.3,-0.2,0,0.75,2,3.36,1.3338738776327108,5,0.10760806948309196,3.8842482510107943,True
0.3,-0.2,0,1.0,1,0.0,0.9130505366678492,4,-0.08291228627918491,3.395057537797055,False
0.3,-0.2,0,1.0,1,3.36,1.1324789501203776,5,0.010623035983967029,3.539267676363657,True
0.3,-0.2,0,1.0,2,0.0,1.5124722277616938,6,0.11101648100046531,3.539267676363657,True
0.3,-0.2,0,1.0,2,3.36,1.7784985035102807,6,0.20455180326361727,3.677827576838343,True
0.3,-0.2,0,1.33,1,0.0,1.2143572137682357,5,0.011516273701583965,3.613909044507982,True
0.3,-0.2,0,1.33,1,3.36,1.5061970036600978,5,0.10505159596473597,3.749711799855636,True
0.3,-0.2,0,1.33,2,0.0,2.011588062923051,7,0.19018553850484476,3.749711799855636,True
0.3,-0.2,0,1.33,2,3.36,2.365403009668668,7,0.28372086076799674,3.8807652057263904,True
0.3,-0.2,0,1.5,1,0.0,1.369575805001774,5,0.046433921114218485,3.8245560312975027,True
0.3,-0.2,0,1.5,1,3.36,1.6987184251805667,5,0.1399692433773705,3.953128993156447,True
0.3,-0.2,0,1.5,2,0.0,2.2687083416425406,7,0.21827052626615487,3.953128993156447,True
0.3,-0.2,0,1.5,2,3.36,2.6677477552654216,8,0.3118058485293068,4.077649915887103,True
0.3,-0.2,0,2.0,1,0.0,1.8261010733356984,7,0.11645994830506151,4.537435565812285,True
0.3,-0.2,0,2.0,1,3.36,2.264957900240755,7,0.2099952705682135,4.6463234405170555,True
0.3,-0.2,0,2.0,2,0.0,3.0249444555233875,8,0.2758934867421464,4.6463234405170555,True
0.3,-0.2,0,2.0,2,3.36,3.5569970070205614,8,0.3694288090052984,4.752717276874173,True
0.3,-0.2,5,0.75,1,0.0,0.604557430236639,3,-0.2440303771731622,3.687490821292043,False
0.3,-0.2,5,0.75,1,3.36,0.7691287403260354,4,-0.13946890024682013,3.8206790701540303,False
0.3,-0.2,5,0.75,2,0.0,1.0014520408222785,5,-0.04004576906890474,3.8206790701540303,True
0.3,-0.2,5,0.75,2,3.36,1.2133011501140545,5,0.06451570785743732,3.949378249435355,True
0.3,-0.2,5,1.0,1,0.0,0.8060765736488518,4,-0.13703080256802974,3.469383196850018,False
0.3,-0.2,5,1.0,1,3.36,1.0255049871013804,5,-0.03246932564168763,3.610625952184088,True
0.3,-0.2,5,1.0,2,0.0,1.3352693877630375,5,0.056897964711620466,3.610625952184088,True
0.3,-0.2,5,1.0,2,3.36,1.617734866818739,5,0.1614594416379626,3.746547713106728,True
0.3,-0.2,5,1.33,1,0.0,1.0720818429529697,5,-0.042602242587260794,3.683821746991736,True
0.3,-0.2,5,1.33,1,3.36,1.363921632844832,5,0.06195923433908136,3.8171380199842453,True
0.3,-0.2,5,1.33,2,0.0,1.7759082857248385,6,0.13606702221599998,3.8171380199842453,True
0.3,-0.2,5,1.33,2,3.36,2.151587372868918,6,0.24062849914234208,3.9459526940409773,True
0.3,-0.2,5,1.5,1,0.0,1.209114860473278,5,-0.007684595174626246,3.890685404677016,True
0.3,-0.2,5,1.5,1,3.36,1.5382574806520708,5,0.0968768817517158,4.017142382112782,True
0.3,-0.2,5,1.5,2,0.0,2.002904081644557,7,0.1641520099773102,4.017142382112782,True
0.3,-0.2,5,1.5,2,3.36,2.426602300228109,7,0.26871348690365227,4.139738266867455,True
0.3,-0.2,5,2.0,1,0.0,1.6121531472977035,5,0.0623414320162167,4.593313139285292,True
0.3,-0.2,5,2.0,1,3.36,2.0510099742027608,6,0.16690290894255883,4.700906890753198,True
0.3,-0.2,5,2.0,2,0.0,2.670538775526075,8,0.22177497045330155,4.700906890753198,True
0.3,-0.2,5,2.0,2,3.36,3.235469733637478,8,0.32633644737964373,4.806092549621876,True
0.3,-0.2,10,0.75,1,0.0,0.5454444335043614,3,-0.2887174264021994,3.889498785449229,False
0.3,-0.2,10,0.75,1,3.36,0.710015743593758,3,-0.17419996166098445,4.015993127734537,False
0.3,-0.2,10,0.75,2,0.0,0.9035311018744466,4,-0.08473281829794192,4.015993127734537,False
0.3,-0.2,10,0.75,2,3.36,1.1244889560631262,5,0.029784646443273055,4.138623056284666,True
0.3,-0.2,10,1.0,1,0.0,0.7272592446724818,4,-0.18171785179706687,3.6833723693760874,False
0.3,-0.2,10,1.0,1,3.36,0.9466876581250104,4,-0.06720038705585196,3.816704339018574,False
0.3,-0.2,10,1.0,2,0.0,1.2047081358325953,5,0.012210915482583351,3.816704339018574,True
0.3,-0.2,10,1.0,2,3.36,1.499318608084168,5,0.1267283802237983,3.9455331720165794,True
0.3,-0.2,10,1.33,1,0.0,0.967254795414398,4,-0.08728929181629794,3.8860204462286614,False
0.3,-0.2,10,1.33,1,3.36,1.25909458530626,5,0.02722817292491693,4.012624441498009,True
0.3,-0.2,10,1.33,2,0.0,1.6022618206573505,5,0.09137997298696283,4.012624441498009,True
0.3,-0.2,10,1.33,2,3.36,1.9940937487519386,5,0.2058974377281777,4.135354266384828,True
0.3,-0.2,10,1.5,1,0.0,1.090888867008723,5,-0.05237164440366343,4.082651731787162,True
0.3,-0.2,10,1.5,1,3.36,1.420031487187516,5,0.06214582033755148,4.203337383920629,True
0.3,-0.2,10,1.5,2,0.0,1.8070622037488933,6,0.11946496074827298,4.203337383920629,True
0.3,-0.2,10,1.5,2,3.36,2.2489779121262523,6,0.23398242548948797,4.320653325952536,True
0.3,-0.2,10,2.0,1,0.0,1.4545184893449636,5,0.017654382787179568,4.757009337853864,True
0.3,-0.2,10,2.0,1,3.36,1.8933753162500209,5,0.1321718475283945,4.860981160262695,True
0.3,-0.2,10,2.0,2,0.0,2.4094162716651906,8,0.17708792122426445,4.860981160262695,True
0.3,-0.2,10,2.0,2,3.36,2.998637216168336,8,0.29160538596547936,4.962775215585415,True
0.3,-0.2,15,0.75,1,0.0,0.5018433831753814,3,-0.32489973801816613,4.204666599169819,False
0.3,-0.2,15,0.75,1,3.36,0.6664146932647778,3,-0.20172337642287375,4.321946460817659,False
0.3,-0.2,15,0.75,2,0.0,0.8313057703342144,4,-0.12091512991390876,4.321946460817659,False
0.3,-0.2,15,0.75,2,3.36,1.0602003991948787,5,0.002261231681383667,4.43612682530316,True
0.3,-0.2,15,1.0,1,0.0,0.6691245109005084,4,-0.21790016341303362,4.014754341133026,False
0.3,-0.2,15,1.0,1,3.36,0.8885529243530368,4,-0.09472380181774126,4.137420986514,False
0.3,-0.2,15,1.0,2,0.0,1.1084076937789527,5,-0.023971396133383352,4.137420986514,True
0.3,-0.2,15,1.0,2,3.36,1.413600532259838,5,0.099204965461909,4.256554054589989,True
0.3,-0.2,15,1.33,1,0.0,0.8899355994976734,4,-0.12347160343226474,4.201449192441873,False
0.3,-0.2,15,1.33,1,3.36,1.1817753893895355,5,-0.00029524183697229867,4.31881642544233,True
0.3,-0.2,15,1.33,2,0.0,1.4741822327260055,5,0.055197661370996035,4.31881642544233,True
0.3,-0.2,15,1.33,2,3.36,1.8800887079055801,5,0.17837402296628851,4.4330774092802026,True
0.3,-0.2,15,1.5,1,0.0,1.0036867663507627,5,-0.08855395601963019,4.3839554709449295,True
0.3,-0.2,15,1.5,1,3.36,1.3328293865295555,5,0.03462240557566221,4.496561527570592,True
0.3,-0.2,15,1.5,2,0.0,1.6626115406684288,5,0.08328264913230615,4.496561527570592,True
0.3,-0.2,15,1.5,2,3.36,2.1204007983897575,5,0.20645901072759856,4.606415696746005,True
0.3,-0.2,15,2.0,1,0.0,1.3382490218010168,5,-0.018527928828787177,5.017983484288497,True
0.3,-0.2,15,2.0,1,3.36,1.7771058487060736,5,0.10464843276650518,5.116654986276886,True
0.3,-0.2,15,2.0,2,0.0,2.2168153875579053,7,0.1409056096082977,5.116654986276886,True
0.3,-0.2,15,2.0,2,3.36,2.827201064519676,8,0.2640819712035901,5.213459336044746,True
0.3,-0.1,-15,0.75,1,0.0,1.0953191425874953,5,0.02342993070967658,4.114513484019015,True
0.3,-0.1,-15,0.75,1,3.36,1.1270905172203298,6,0.03684099894587834,4.23429111070251,True
0.3,-0.1,-15,0.75,2,0.0,1.63184228122733,7,0.1896378616071564,4.23429111070251,True
0.3,-0.1,-15,0.75,2,3.36,1.8346949543776971,7,0.22941912401982764,4.350772484303712,True
0.3,-0.1,-15,1.0,1,0.0,1.4604255234499939,7,0.1368578326884011,3.920236270895732,True
0.3,-0.1,-15,1.0,1,3.36,1.5027873562937752,7,0.15096183586028236,4.0457696943408035,True
0.3,-0.1,-15,1.0,2,0.0,2.175789708303107,7,0.29828754075749125,4.0457696943408035,True
0.3,-0.1,-15,1.0,2,3.36,2.446259939170262,7,0.3337496676650873,4.16752353558399,True
0.3,-0.1,-15,1.33,1,0.0,1.942365946188486,7,0.24153183137996903,4.111225524909874,True
0.3,-0.1,-15,1.33,1,3.36,1.9987071838707215,7,0.2567604337715907,4.2310962310813105,True
0.3,-0.1,-15,1.33,2,0.0,2.8938003120431293,7,0.395313583042955,4.2310962310813105,True
0.3,-0.1,-15,1.33,2,3.36,3.2535257190964457,7,0.4330361218262582,4.347663201844235,True
0.3,-0.1,-15,1.5,1,0.0,2.1906382851749906,7,0.28230150749306343,4.297565074693806,True
0.3,-0.1,-15,1.5,1,3.36,2.2541810344406596,7,0.2981845043070237,4.4123764086065895,True
0.3,-0.1,-15,1.5,2,0.0,3.26368456245466,8,0.431696070703509,4.4123764086065895,True
0.3,-0.1,-15,1.5,2,3.36,3.6693899087553943,8,0.4707037701412026,4.524275143183489,True
0.3,-0.1,-15,2.0,1,0.0,2.9208510468999878,7,0.3682113310017364,4.942687350884348,True
0.3,-0.1,-15,2.0,1,3.36,3.0055747125875505,7,0.38621733553939475,5.04283236372102,True
0.3,-0.1,-15,2.0,2,0.0,4.351579416606214,8,0.504964768158735,5.04283236372102,True
0.3,-0.1,-15,2.0,2,3.36,4.892519878340524,8,0.547215649309557,5.141026964390687,True
0.3,-0.1,-10,0.75,1,0.0,0.7730386587754234,4,-0.1328058845824729,3.79185980780026,False
0.3,-0.1,-10,0.75,1,3.36,0.9069929904828515,4,-0.06340316689861303,3.9215049154643458,False
0.3,-0.1,-10,0.75,2,0.0,1.3016611238077267,7,0.08035319156008633,3.9215049154643458,True
0.3,-0.1,-10,0.75,2,3.36,1.527216655823957,7,0.14975590924394613,4.046998987152212,True
0.3,-0.1,-10,1.0,1,0.0,1.0307182117005644,5,-0.02276466123469495,3.5801162008352763,True
0.3,-0.1,-10,1.0,1,3.36,1.2093239873104684,5,0.04663805644916485,3.717153751391407,True
0.3,-0.1,-10,1.0,2,0.0,1.7355481650769686,7,0.18155611099310348,3.717153751391407,True
0.3,-0.1,-10,1.0,2,3.36,2.0362888744319423,7,0.2509588286769633,3.8493157848484203,True
0.3,-0.1,-10,1.33,1,0.0,1.3708552215617467,7,0.0764693111364235,3.788291819343806,True
0.3,-0.1,-10,1.33,1,3.36,1.6084009031229183,7,0.1458720288202833,3.918054990490461,True
0.3,-0.1,-10,1.33,2,0.0,2.308279059552366,7,0.2670378279261706,3.918054990490461,True
0.3,-0.1,-10,1.33,2,3.36,2.7082642029944806,7,0.3364405456100304,4.0436561313379755,True
0.3,-0.1,-10,1.5,1,0.0,1.5460773175508469,7,0.11410701107673182,3.989742493327698,True
0.3,-0.1,-10,1.5,1,3.36,1.813985980965703,7,0.18350972876059163,4.113155134816181,True
0.3,-0.1,-10,1.5,2,0.0,2.6033222476154534,7,0.2972518803339924,4.113155134816181,True
0.3,-0.1,-10,1.5,2,3.36,3.054433311647914,7,0.3666545980178523,4.232971197996121,True
0.3,-0.1,-10,2.0,1,0.0,2.061436423401129,7,0.19053887270947187,4.677514066299412,True
0.3,-0.1,-10,2.0,1,3.36,2.418647974620937,7,0.25994159039333165,4.783214174634966,True
0.3,-0.1,-10,2.0,2,0.0,3.4710963301539373,8,0.36691922433974256,4.783214174634966,True
0.3,-0.1,-10,2.0,2,3.36,4.072577748863885,8,0.4286344628125134,4.886628473746378,True
0.3,-0.1,-5,0.75,1,0.0,0.6470950470664935,4,-0.21003902191277554,3.584353296916065,False
0.3,-0.1,-5,0.75,1,3.36,0.7810493787739216,4,-0.12832860630695828,3.721234816175011,False
0.3,-0.1,-5,0.75,2,0.0,1.0895942351825938,5,0.0031200542297836337,3.721234816175011,True
0.3,-0.1,-5,0.75,2,3.36,1.3151497671988241,5,0.08483046983560089,3.853256876606213,True
0.3,-0.1,-5,1.0,1,0.0,0.8627933960886577,4,-0.09999779856499769,3.359556483612867,False
0.3,-0.1,-5,1.0,1,3.36,1.0413991716985618,5,-0.01828738295918041,3.5052274914169623,True
0.3,-0.1,-5,1.0,2,0.0,1.4527923135767913,6,0.10432297366280072,3.5052274914169623,True
0.3,-0.1,-5,1.0,2,3.36,1.7535330229317652,6,0.186033389268618,3.6450815857241454,True
0.3,-0.1,-5,1.33,1,0.0,1.1475152167979112,5,-0.000763826193879262,3.5805785375563604,True
0.3,-0.1,-5,1.33,1,3.36,1.385060898359083,5,0.08094658941193805,3.7175990455681536,True
0.3,-0.1,-5,1.33,2,0.0,1.9322137770571308,7,0.1898046905958679,3.7175990455681536,True
0.3,-0.1,-5,1.33,2,3.36,2.3321989204992457,7,0.2715151062016852,3.8497457920763085,True
0.3,-0.1,-5,1.5,1,0.0,1.294190094132987,6,0.03687387374642914,3.7930769723493296,True
0.3,-0.1,-5,1.5,1,3.36,1.562098757547843,6,0.11858428935224641,3.9226818527847445,True
0.3,-0.1,-5,1.5,2,0.0,2.1791884703651876,7,0.22001874300368976,3.9226818527847445,True
0.3,-0.1,-5,1.5,2,3.36,2.6302995343976483,7,0.301729158609507,4.048139439071579,True
0.3,-0.1,-5,2.0,1,0.0,1.7255867921773154,7,0.1133057353791691,4.510934004785583,True
0.3,-0.1,-5,2.0,1,3.36,2.0827983433971236,7,0.1950161509849864,4.620446471449583,True
0.3,-0.1,-5,2.0,2,0.0,2.9055846271535826,8,0.28199860779835084,4.620446471449583,True
0.3,-0.1,-5,2.0,2,3.36,3.5070660458635303,8,0.3637090234041681,4.727422722322482,True
0.3,-0.1,0,0.75,1,0.0,0.5573894124741976,3,-0.27484838251306726,3.5124613130225955,False
0.3,-0.1,0,0.75,1,3.36,0.6913437441816256,4,-0.18131306024991523,3.6520384000555652,False
0.3,-0.1,0,0.75,2,0.0,0.9385457257584163,4,-0.06168930637050804,3.6520384000555652,False
0.3,-0.1,0,0.75,2,3.36,1.1641012577746466,5,0.03184601589264396,3.7864738841672225,True
0.3,-0.1,0,1.0,1,0.0,0.7431858832989301,4,-0.16480715916528926,3.282745144684948,False
0.3,-0.1,0,1.0,1,3.36,0.921791658908834,4,-0.07127183690213731,3.4316782606987792,False
0.3,-0.1,0,1.0,2,0.0,1.2513943010112216,5,0.03951361306250913,3.4316782606987792,True
0.3,-0.1,0,1.0,2,3.36,1.5521350103661953,5,0.13304893532566114,3.574411236127231,True
0.3,-0.1,0,1.33,1,0.0,0.988437224787574,4,-0.06557318679417086,3.508609209070824,False
0.3,-0.1,0,1.33,1,3.36,1.2259829063487455,5,0.027962135468981124,3.6483336719626664,True
0.3,-0.1,0,1.33,2,0.0,1.6643544203449232,6,0.12499532999557626,3.6483336719626664,True
0.3,-0.1,0,1.33,2,3.36,2.064339563787038,6,0.2185306522587283,3.7829008157730746,True
0.3,-0.1,0,1.5,1,0.0,1.1147788249483952,5,-0.027935486853862553,3.7252152738511772,True
0.3,-0.1,0,1.5,1,3.36,1.3826874883632512,5,0.06559983540928946,3.857101092340477,True
0.3,-0.1,0,1.5,2,0.0,1.8770914515168327,7,0.15520938240339807,3.857101092340477,True
0.3,-0.1,0,1.5,2,3.36,2.328202515549293,7,0.24874470466655005,3.9846240520950156,True
0.3,-0.1,0,2.0,1,0.0,1.4863717665978602,6,0.04849637477887753,4.454023070651774,True
0.3,-0.1,0,2.0,1,3.36,1.843583317817668,6,0.14203169704202948,4.564901040975395,True
0.3,-0.1,0,2.0,2,0.0,2.5027886020224432,8,0.21718924719805927,4.564901040975395,True
0.3,-0.1,0,2.0,2,3.36,3.1042700207323906,8,0.31072456946121124,4.673148993333965,True
0.3,-0.1,5,0.75,1,0.0,0.4920850815498664,3,-0.328966898801912,3.584353296916065,False
0.3,-0.1,5,0.75,1,3.36,0.6260394132572944,3,-0.2244054218755699,3.721234816175011,False
0.3,-0.1,5,0.75,2,0.0,0.8285847195195662,4,-0.11580782265935277,3.721234816175011,False
0.3,-0.1,5,0.75,2,3.36,1.0541402515357965,5,-0.011246345733010709,3.853256876606213,True
0.3,-0.1,5,1.0,1,0.0,0.6561134420664884,4,-0.2189256754541341,3.359556483612867,False
0.3,-0.1,5,1.0,1,3.36,0.8347192176763925,4,-0.11436419852779195,3.5052274914169623,False
0.3,-0.1,5,1.0,2,0.0,1.104779626026088,5,-0.014604903226335668,3.5052274914169623,True
0.3,-0.1,5,1.0,2,3.36,1.4055203353810617,5,0.08995657370000643,3.6450815857241454,True
0.3,-0.1,5,1.33,1,0.0,0.872630877948427,4,-0.11969170308301563,3.5805785375563604,False
0.3,-0.1,5,1.33,1,3.36,1.1101765595095987,5,-0.015130226156673483,3.7175990455681536,True
0.3,-0.1,5,1.33,2,0.0,1.4693569026146958,5,0.07087681370673148,3.7175990455681536,True
0.3,-0.1,5,1.33,2,3.36,1.8693420460568104,5,0.1754382906330736,3.8497457920763085,True
0.3,-0.1,5,1.5,1,0.0,0.9841701630997328,4,-0.08205400314270728,3.7930769723493296,False
0.3,-0.1,5,1.5,1,3.36,1.2520788265145888,5,0.022507473783634782,3.9226818527847445,True
0.3,-0.1,5,1.5,2,0.0,1.6571694390391325,6,0.10109086611455331,3.9226818527847445,True
0.3,-0.1,5,1.5,2,3.36,2.108280503071593,6,0.20565234304089539,4.048139439071579,True
0.3,-0.1,5,2.0,1,0.0,1.3122268841329767,5,-0.005622141509967302,4.510934004785583,True
0.3,-0.1,5,2.0,1,3.36,1.669438435352785,5,0.09893933541637484,4.620446471449583,True
0.3,-0.1,5,2.0,2,0.0,2.209559252052176,7,0.16307073090921442,4.620446471449583,True
0.3,-0.1,5,2.0,2,3.36,2.8110406707621234,8,0.2676322078355565,4.727422722322482,True
0.3,-0.1,10,0.75,1,0.0,0.44396951409042135,3,-0.37365394803094915,3.79185980780026,False
0.3,-0.1,10,0.75,1,3.36,0.5779238457978494,3,-0.2591364832897342,3.9215049154643458,False
0.3,-0.1,10,0.75,2,0.0,0.7475665674505343,4,-0.16049487188838996,3.9215049154643458,False
0.3,-0.1,10,0.75,2,3.36,0.9731220994667646,4,-0.04597740714717502,4.046998987152212,False
0.3,-0.1,10,1.0,1,0.0,0.5919593521205616,4,-0.26361272468317126,3.5801162008352763,False
0.3,-0.1,10,1.0,1,3.36,0.7705651277304657,4,-0.1490952599419563,3.717153751391407,False
0.3,-0.1,10,1.0,2,0.0,0.9967554232673789,4,-0.05929195245537279,3.717153751391407,False
0.3,-0.1,10,1.0,2,3.36,1.2974961326223526,5,0.05522551228584214,3.8493157848484203,True
0.3,-0.1,10,1.33,1,0.0,0.7873059383203447,4,-0.16437875231205276,3.788291819343806,False
0.3,-0.1,10,1.33,1,3.36,1.0248516198815163,5,-0.049861287570837874,3.918054990490461,True
0.3,-0.1,10,1.33,2,0.0,1.3256847129456126,5,0.026189764477694333,3.918054990490461,True
0.3,-0.1,10,1.33,2,3.36,1.7256698563877273,5,0.1407072292189092,4.0436561313379755,True
0.3,-0.1,10,1.5,1,0.0,0.8879390281808427,4,-0.12674105237174443,3.989742493327698,False
0.3,-0.1,10,1.5,1,3.36,1.1558476915956988,5,-0.012223587630529525,4.113155134816181,True
0.3,-0.1,10,1.5,2,0.0,1.4951331349010686,5,0.056403816885516156,4.113155134816181,True
0.3,-0.1,10,1.5,2,3.36,1.9462441989335293,5,0.17092128162673106,4.232971197996121,True
0.3,-0.1,10,2.0,1,0.0,1.1839187042411232,5,-0.05030919073900447,4.677514066299412,True
0.3,-0.1,10,2.0,1,3.36,1.5411302554609314,5,0.06420827400221049,4.783214174634966,True
0.3,-0.1,10,2.0,2,0.0,1.9935108465347577,6,0.11838368168017732,4.783214174634966,True
0.3,-0.1,10,2.0,2,3.36,2.5949922652447053,6,0.23290114642139226,4.886628473746378,True
0.3,-0.1,15,0.75,1,0.0,0.4084800380973832,3,-0.40983625964691595,4.114513484019015,False
0.3,-0.1,15,0.75,1,3.36,0.5424343698048112,3,-0.2866598980516235,4.23429111070251,False
0.3,-0.1,15,0.75,2,0.0,0.6878085324802992,3,-0.1966771835043568,4.23429111070251,False
0.3,-0.1,15,0.75,2,3.36,0.9133640644965295,4,-0.07350082190906429,4.350772484303712,False
0.3,-0.1,15,1.0,1,0.0,0.5446400507965109,4,-0.299795036299138,3.920236270895732,False
0.3,-0.1,15,1.0,1,3.36,0.7232458264064148,4,-0.1766186747038456,4.0457696943408035,False
0.3,-0.1,15,1.0,2,0.0,0.9170780433070655,4,-0.09547426407133956,4.0457696943408035,False
0.3,-0.1,15,1.0,2,3.36,1.217818752662039,5,0.0277020975239528,4.16752353558399,True
0.3,-0.1,15,1.33,1,0.0,0.7243712675593572,4,-0.2005610639280196,4.111225524909874,False
0.3,-0.1,15,1.33,1,3.36,0.9619169491205288,4,-0.07738470233272712,4.2310962310813105,False
0.3,-0.1,15,1.33,2,0.0,1.219713797598396,5,-0.009992547138272426,4.2310962310813105,True
0.3,-0.1,15,1.33,2,3.36,1.6196989410405105,5,0.11318381445701999,4.347663201844235,True
0.3,-0.1,15,1.5,1,0.0,0.8169600761947664,4,-0.16292336398771123,4.297565074693806,False
0.3,-0.1,15,1.5,1,3.36,1.0848687396096224,5,-0.03974700239241881,4.4123764086065895,True
0.3,-0.1,15,1.5,2,0.0,1.3756170649605983,5,0.0202215052695493,4.4123764086065895,True
0.3,-0.1,15,1.5,2,3.36,1.826728128993059,5,0.14339786686484182,4.524275143183489,True
0.3,-0.1,15,2.0,1,0.0,1.0892801015930218,5,-0.08649150235497118,4.942687350884348,True
0.3,-0.1,15,2.0,1,3.36,1.4464916528128295,5,0.036684859240321194,5.04283236372102,True
0.3,-0.1,15,2.0,2,0.0,1.834156086614131,5,0.08220137006421058,5.04283236372102,True
0.3,-0.1,15,2.0,2,3.36,2.435637505324078,6,0.2053777316595029,5.141026964390687,True
0.3,0.0,-15,0.75,1,0.0,0.8996970827596181,3,-0.058271389055193704,4.084020226464886,False
0.3,0.0,-15,0.75,1,3.36,0.911051083333538,4,-0.05282497246936789,4.204666599169819,False
0.3,0.0,-15,0.75,2,0.0,1.3262323431600758,7,0.10364933784646237,4.204666599169819,True
0.3,0.0,-15,0.75,2,3.36,1.5665136609228922,7,0.17433286083175104,4.321946460817659,True
0.3,0.0,-15,1.0,1,0.0,1.199596110346159,7,0.05777944124960467,3.8882196979654426,True
0.3,0.0,-15,1.0,1,3.36,1.2147347777780522,7,0.06322585783543047,4.014754341133026,True
0.3,0.0,-15,1.0,2,0.0,1.768309790880101,7,0.21509326645450685,4.014754341133026,True
0.3,0.0,-15,1.0,2,3.36,2.0886848812305243,7,0.28465283436302097,4.137420986514,True
0.3,0.0,-15,1.33,1,0.0,1.5954628267603914,7,0.1667307661799539,4.080707698018871,True
0.3,0.0,-15,1.33,1,3.36,1.6155972544448094,7,0.17217718276577973,4.201449192441873,True
0.3,0.0,-15,1.33,2,0.0,2.351852021870532,7,0.31656900665684584,4.201449192441873,True
0.3,0.0,-15,1.33,2,3.36,2.7779508920365976,7,0.3843310105069472,4.31881642544233,True
0.3,0.0,-15,1.5,1,0.0,1.7993941655192363,7,0.21000188812314613,4.268379736062384,True
0.3,0.0,-15,1.5,1,3.36,1.822102166667076,7,0.21544830470897192,4.3839554709449295,True
0.3,0.0,-15,1.5,2,0.0,2.6524646863201515,7,0.35549059780946657,4.3839554709449295,True
0.3,0.0,-15,1.5,2,3.36,3.1330273218457845,7,0.42222235699625155,4.496561527570592,True
0.3,0.0,-15,2.0,1,0.0,2.399192220692318,7,0.30409550689346365,4.917332432182324,True
0.3,0.0,-15,2.0,1,3.36,2.4294695555561043,7,0.3095419234792895,5.017983484288497,True
0.3,0.0,-15,2.0,2,0.0,3.536619581760202,8,0.43555169706052266,5.017983484288497,True
0.3,0.0,-15,2.0,2,3.36,4.177369762461049,8,0.4993388066165909,5.116654986276886,True
0.3,0.0,-10,0.75,1,0.0,0.6263421331191555,3,-0.22042921350124758,3.7587498988375145,False
0.3,0.0,-10,0.75,1,3.36,0.7348764747199883,4,-0.15102649581738778,3.889498785449229,False
0.3,0.0,-10,0.75,2,0.0,1.0692917170894467,5,0.0006511961760129956,3.889498785449229,True
0.3,0.0,-10,0.75,2,3.36,1.2545816191363983,6,0.07005391385987282,4.015993127734537,True
0.3,0.0,-10,1.0,1,0.0,0.8351228441588741,4,-0.10778743359467366,3.5450291975501713,False
0.3,0.0,-10,1.0,1,3.36,0.9798352996266511,4,-0.038384715910813855,3.6833723693760874,False
0.3,0.0,-10,1.0,2,0.0,1.4257222894525958,7,0.10564409058847761,3.6833723693760874,True
0.3,0.0,-10,1.0,2,3.36,1.6727754921818645,7,0.17504680827233737,3.816704339018574,True
0.3,0.0,-10,1.33,1,0.0,1.1107133827312994,6,-0.004384545276859539,3.755150450848435,True
0.3,0.0,-10,1.33,1,3.36,1.3031809485034422,6,0.06501817240700025,3.8860204462286614,True
0.3,0.0,-10,1.33,2,0.0,1.8962106449719505,7,0.19694414878452254,3.8860204462286614,True
0.3,0.0,-10,1.33,2,3.36,2.224791404601878,7,0.26634686646838246,4.012624441498009,True
0.3,0.0,-10,1.5,1,0.0,1.252684266238311,6,0.0356483300343593,3.9582881606907696,True
0.3,0.0,-10,1.5,1,3.36,1.4697529494399766,6,0.1050510477182191,4.082651731787162,True
0.3,0.0,-10,1.5,2,0.0,2.1385834341788934,7,0.23011446418972753,4.082651731787162,True
0.3,0.0,-10,1.5,2,3.36,2.5091632382727966,7,0.2995171818735874,4.203337383920629,True
0.3,0.0,-10,2.0,1,0.0,1.6702456883177481,7,0.11918293170777072,4.650713691513256,True
0.3,0.0,-10,2.0,1,3.36,1.9596705992533021,7,0.18858564939163053,4.757009337853864,True
0.3,0.0,-10,2.0,2,0.0,2.8514445789051917,7,0.300549625459791,4.757009337853864,True
0.3,0.0,-10,2.0,2,3.36,3.345550984363729,8,0.36626100619882596,4.860981160262695,True
0.3,0.0,-5,0.75,1,0.0,0.5242983484842935,3,-0.29766235083155035,3.5493081800701765,False
0.3,0.0,-5,0.75,1,3.36,0.6328326900851263,4,-0.21595193522573303,3.687490821292043,False
0.3,0.0,-5,0.75,2,0.0,0.8950824983240865,4,-0.07658194115428973,3.687490821292043,False
0.3,0.0,-5,0.75,2,3.36,1.0803724003710382,5,0.005128474451527563,3.8206790701540303,True
0.3,0.0,-5,1.0,1,0.0,0.6990644646457247,4,-0.18502057092497634,3.3221408408713278,False
0.3,0.0,-5,1.0,1,3.36,0.8437769201135017,4,-0.10331015531915913,3.469383196850018,False
0.3,0.0,-5,1.0,2,0.0,1.193443331098782,5,0.028410953258174804,3.469383196850018,True
0.3,0.0,-5,1.0,2,3.36,1.4404965338280509,5,0.11012136886399208,3.610625952184088,True
0.3,0.0,-5,1.33,1,0.0,0.9297557379788112,4,-0.08161768260716229,3.545496109659302,False
0.3,0.0,-5,1.33,1,3.36,1.1222233037509541,5,9.273299865499018e-05,3.683821746991736,True
0.3,0.0,-5,1.33,2,0.0,1.5872796303613788,7,0.11971101145421985,3.683821746991736,True
0.3,0.0,-5,1.33,2,3.36,1.9158603899913063,7,0.20142142706003718,3.8171380199842453,True
0.3,0.0,-5,1.5,1,0.0,1.048596696968587,5,-0.041584807295943466,3.7599777816054654,True
0.3,0.0,-5,1.5,1,3.36,1.2656653801702527,5,0.04012560830987384,3.890685404677016,True
0.3,0.0,-5,1.5,2,0.0,1.790164996648173,7,0.1528813268594248,3.890685404677016,True
0.3,0.0,-5,1.5,2,3.36,2.1607448007420764,7,0.23459174246524211,4.017142382112782,True
0.3,0.0,-5,2.0,1,0.0,1.3981289292914494,6,0.041949794377467986,4.483137918415058,True
0.3,0.0,-5,2.0,1,3.36,1.6875538402270034,6,0.12366020998328522,4.593313139285292,True
0.3,0.0,-5,2.0,2,0.0,2.386886662197564,7,0.2196251511846634,4.593313139285292,True
0.3,0.0,-5,2.0,2,3.36,2.8809930676561017,7,0.3013355667904807,4.700906890753198,True
0.3,0.0,0,0.75,1,0.0,0.4516158016471775,2,-0.362471711431842,3.476691599132775,False
0.3,0.0,0,0.75,1,3.36,0.5601501432480103,3,-0.26893638916868995,3.617649026022344,False
0.3,0.0,0,0.75,2,0.0,0.7709988047637355,4,-0.14139130175458137,3.617649026022344,False
0.3,0.0,0,0.75,2,3.36,0.956288706810687,4,-0.04785597949142936,3.7533164635400005,False
0.3,0.0,0,1.0,1,0.0,0.6021544021962367,4,-0.24982993152526797,3.2444438175059527,False
0.3,0.0,0,1.0,1,3.36,0.7468668576640136,4,-0.15629460926211602,3.395057537797055,False
0.3,0.0,0,1.0,2,0.0,1.0279984063516474,5,-0.03639840734211677,3.395057537797055,True
0.3,0.0,0,1.0,2,3.36,1.275051609080916,5,0.05713691492103522,3.539267676363657,True
0.3,0.0,0,1.33,1,0.0,0.8008653549209925,4,-0.14642704320745392,3.4727998188747637,False
0.3,0.0,0,1.33,1,3.36,0.9933329206931354,4,-0.0528917209443019,3.613909044507982,False
0.3,0.0,0,1.33,2,0.0,1.36723788044769,5,0.05490165085392827,3.613909044507982,True
0.3,0.0,0,1.33,2,3.36,1.695818640077617,5,0.14843697311708026,3.749711799855636,True
0.3,0.0,0,1.5,1,0.0,0.903231603294355,4,-0.10639416789623507,3.6915076644284652,False
0.3,0.0,0,1.5,1,3.36,1.1203002864960205,5,-0.012858845633083045,3.8245560312975027,True
0.3,0.0,0,1.5,2,0.0,1.541997609527471,6,0.08807196625913323,3.8245560312975027,True
0.3,0.0,0,1.5,2,3.36,1.912577413621374,6,0.1816072885222852,3.953128993156447,True
0.3,0.0,0,2.0,1,0.0,1.2043088043924735,5,-0.02285956622282362,4.4258695771450665,True
0.3,0.0,0,2.0,1,3.36,1.4937337153280272,5,0.07067575604032833,4.537435565812285,True
0.3,0.0,0,2.0,2,0.0,2.055996812703295,7,0.1548157905843718,4.537435565812285,True
0.3,0.0,0,2.0,2,3.36,2.550103218161832,7,0.2483511128475238,4.6463234405170555,True
0.3,0.0,5,0.75,1,0.0,0.39870401842813463,2,-0.41659022772068677,3.5493081800701765,False
0.3,0.0,5,0.75,1,3.36,0.5072383600289674,3,-0.31202875079434467,3.687490821292043,False
0.3,0.0,5,0.75,2,0.0,0.6806677723441242,4,-0.1955098180434261,3.687490821292043,False
0.3,0.0,5,0.75,2,3.36,0.8659576743910757,4,-0.09094834111708404,3.8206790701540303,False
0.3,0.0,5,1.0,1,0.0,0.5316053579041795,4,-0.3039484478141128,3.3221408408713278,False
0.3,0.0,5,1.0,1,3.36,0.6763178133719565,4,-0.1993869708877707,3.469383196850018,False
0.3,0.0,5,1.0,2,0.0,0.9075570297921656,4,-0.09051692363096159,3.469383196850018,False
0.3,0.0,5,1.0,2,3.36,1.1546102325214345,5,0.014044553295380562,3.610625952184088,True
0.3,0.0,5,1.33,1,0.0,0.7070351260125568,4,-0.20054555949629865,3.545496109659302,False
0.3,0.0,5,1.33,1,3.36,0.8995026917846997,4,-0.09598408256995658,3.683821746991736,False
0.3,0.0,5,1.33,2,0.0,1.2070508496235792,5,0.000783134565083457,3.683821746991736,True
0.3,0.0,5,1.33,2,3.36,1.5356316092535065,5,0.10534461149142559,3.8171380199842453,True
0.3,0.0,5,1.5,1,0.0,0.7974080368562693,4,-0.16051268418507986,3.7599777816054654,False
0.3,0.0,5,1.5,1,3.36,1.0144767200579348,5,-0.05595120725873775,3.890685404677016,True
0.3,0.0,5,1.5,2,0.0,1.3613355446882485,5,0.03395344997028847,3.890685404677016,True
0.3,0.0,5,1.5,2,3.36,1.7319153487821515,5,0.13851492689663053,4.017142382112782,True
0.3,0.0,5,2.0,1,0.0,1.063210715808359,5,-0.07697808251166843,4.483137918415058,True
0.3,0.0,5,2.0,1,3.36,1.352635626743913,5,0.027583394414673668,4.593313139285292,True
0.3,0.0,5,2.0,2,0.0,1.8151140595843311,6,0.10069727429552702,4.593313139285292,True
0.3,0.0,5,2.0,2,3.36,2.309220465042869,6,0.20525875122186918,4.700906890753198,True
0.3,0.0,10,0.75,1,0.0,0.35971915419569456,2,-0.4612772769497239,3.7587498988375145,False
0.3,0.0,10,0.75,1,3.36,0.46825349579652736,3,-0.346759812208509,3.889498785449229,False
0.3,0.0,10,0.75,2,0.0,0.6141127855224499,3,-0.24019686727246325,3.889498785449229,False
0.3,0.0,10,0.75,2,3.36,0.7994026875694015,3,-0.12567940253124835,4.015993127734537,False
0.3,0.0,10,1.0,1,0.0,0.47962553892759274,4,-0.34863549704314994,3.5450291975501713,False
0.3,0.0,10,1.0,1,3.36,0.6243379943953697,4,-0.23411803230193504,3.6833723693760874,False
0.3,0.0,10,1.0,2,0.0,0.8188170473632665,4,-0.1352039728599987,3.6833723693760874,False
0.3,0.0,10,1.0,2,3.36,1.0658702500925352,5,-0.020686508118783833,3.816704339018574,True
0.3,0.0,10,1.33,1,0.0,0.6379019667736966,4,-0.2452326087253358,3.755150450848435,False
0.3,0.0,10,1.33,1,3.36,0.8303695325458395,4,-0.13071514398412093,3.8860204462286614,False
0.3,0.0,10,1.33,2,0.0,1.0890266729931435,5,-0.04390391466395369,3.8860204462286614,True
0.3,0.0,10,1.33,2,3.36,1.4176074326230708,5,0.07061355007726124,4.012624441498009,True
0.3,0.0,10,1.5,1,0.0,0.7194383083913891,4,-0.20519973341411699,3.9582881606907696,False
0.3,0.0,10,1.5,1,3.36,0.9365069915930547,4,-0.09068226867290205,4.082651731787162,False
0.3,0.0,10,1.5,2,0.0,1.2282255710448997,5,-0.0107335992587487,4.082651731787162,True
0.3,0.0,10,1.5,2,3.36,1.598805375138803,5,0.10378386548246622,4.203337383920629,True
0.3,0.0,10,2.0,1,0.0,0.9592510778551855,4,-0.12166513174070559,4.650713691513256,False
0.3,0.0,10,2.0,1,3.36,1.2486759887907395,5,-0.0071476669994906955,4.757009337853864,True
0.3,0.0,10,2.0,2,0.0,1.637634094726533,5,0.05601022506648992,4.757009337853864,True
0.3,0.0,10,2.0,2,3.36,2.1317405001850704,5,0.17052768980770475,4.860981160262695,True
0.3,0.0,15,0.75,1,0.0,0.3309643773880599,2,-0.49745958856569067,4.084020226464886,False
0.3,0.0,15,0.75,1,3.36,0.43949871898889264,3,-0.37428322697039823,4.204666599169819,False
0.3,0.0,15,0.75,2,0.0,0.5650226109336199,3,-0.2763791788884301,4.204666599169819,False
0.3,0.0,15,0.75,2,3.36,0.7503125129805714,3,-0.15320281729313767,4.321946460817659,False
0.3,0.0,15,1.0,1,0.0,0.4412858365174132,3,-0.3848178086591167,3.8882196979654426,False
0.3,0.0,15,1.0,1,3.36,0.5859982919851902,3,-0.2616414470638243,4.014754341133026,False
0.3,0.0,15,1.0,2,0.0,0.7533634812448267,4,-0.1713862844759655,4.014754341133026,False
0.3,0.0,15,1.0,2,3.36,1.0004166839740953,5,-0.04820992288067308,4.137420986514,True
0.3,0.0,15,1.33,1,0.0,0.5869101625681579,4,-0.28141492034130267,4.080707698018871,False
0.3,0.0,15,1.33,1,3.36,0.7793777283403007,4,-0.15823855874601017,4.201449192441873,False
0.3,0.0,15,1.33,2,0.0,1.0019734300556187,5,-0.08008622627992043,4.201449192441873,True
0.3,0.0,15,1.33,2,3.36,1.3305541896855457,5,0.043090135315371966,4.31881642544233,True
0.3,0.0,15,1.5,1,0.0,0.6619287547761198,4,-0.24138204503008379,4.268379736062384,False
0.3,0.0,15,1.5,1,3.36,0.8789974379777853,4,-0.11820568343479133,4.3839554709449295,False
0.3,0.0,15,1.5,2,0.0,1.1300452218672399,5,-0.04691591087471551,4.3839554709449295,True
0.3,0.0,15,1.5,2,3.36,1.5006250259611429,5,0.0762604507205769,4.496561527570592,True
0.3,0.0,15,2.0,1,0.0,0.8825716730348264,4,-0.15784744335667233,4.917332432182324,False
0.3,0.0,15,2.0,1,3.36,1.1719965839703803,5,-0.03467108176137994,5.017983484288497,True
0.3,0.0,15,2.0,2,0.0,1.5067269624896533,5,0.019827913450523094,5.017983484288497,True
0.3,0.0,15,2.0,2,3.36,2.0008333679481907,5,0.1430042750458155,5.116654986276886,True
0.3,0.1,-15,0.75,1,0.0,0.7247968031247527,3,-0.14986457325512956,4.114513484019015,False
0.3,0.1,-15,0.75,1,3.36,0.7339435965025994,4,-0.14441815666930377,4.23429111070251,False
0.3,0.1,-15,0.75,2,0.0,1.1763855653231956,7,0.053319333552570236,4.23429111070251,True
0.3,0.1,-15,0.75,2,3.36,1.275002846432588,7,0.08853228004345055,4.350772484303712,True
0.3,0.1,-15,1.0,1,0.0,0.9663957374996718,4,-0.03219667545046286,3.920236270895732,False
0.3,0.1,-15,1.0,1,3.36,0.9785914620034674,4,-0.026750258864637118,4.0457696943408035,False
0.3,0.1,-15,1.0,2,0.0,1.5685140870975944,7,0.16596839628519022,4.0457696943408035,True
0.3,0.1,-15,1.0,2,3.36,1.7000037952434515,7,0.20135605172751647,4.16752353558399,True
0.3,0.1,-15,1.33,1,0.0,1.2853063308745634,7,0.07941913256906638,4.111225524909874,True
0.3,0.1,-15,1.33,1,3.36,1.3015266444646116,7,0.08486554915489218,4.2310962310813105,True
0.3,0.1,-15,1.33,2,0.0,2.086123735839797,7,0.2693830373614747,4.2310962310813105,True
0.3,0.1,-15,1.33,2,3.36,2.261005047673791,7,0.30505276143202087,4.347663201844235,True
0.3,0.1,-15,1.5,1,0.0,1.4495936062495054,7,0.12426545100092383,4.297565074693806,True
0.3,0.1,-15,1.5,1,3.36,1.4678871930051989,7,0.12971186758674963,4.4123764086065895,True
0.3,0.1,-15,1.5,2,0.0,2.352771130646391,7,0.30942271129747606,4.4123764086065895,True
0.3,0.1,-15,1.5,2,3.36,2.550005692865176,7,0.3452556815522311,4.524275143183489,True
0.3,0.1,-15,2.0,1,0.0,1.9327914749993436,7,0.22360792983889133,4.942687350884348,True
0.3,0.1,-15,2.0,1,3.36,1.9571829240069347,7,0.22905434642471711,5.04283236372102,True
0.3,0.1,-15,2.0,2,0.0,3.137028174195189,7,0.3929791566055657,5.04283236372102,True
0.3,0.1,-15,2.0,2,3.36,3.400007590486903,7,0.42933703670139245,5.141026964390687,True
0.3,0.1,-10,0.75,1,0.0,0.5055625534579632,3,-0.3103156900063012,3.79185980780026,False
0.3,0.1,-10,0.75,1,3.36,0.5931678668740371,3,-0.24091297232244138,3.9215049154643458,False
0.3,0.1,-10,0.75,2,0.0,0.8730762681220672,4,-0.08248999558624961,3.9215049154643458,False
0.3,0.1,-10,0.75,2,3.36,1.0243654005584344,5,-0.013087277902389826,4.046998987152212,True
0.3,0.1,-10,1.0,1,0.0,0.6740834046106176,4,-0.19547583036528474,3.5801162008352763,False
0.3,0.1,-10,1.0,1,3.36,0.7908904891653826,4,-0.12607311268142493,3.717153751391407,False
0.3,0.1,-10,1.0,2,0.0,1.164101690829423,6,0.0258175448270105,3.717153751391407,True
0.3,0.1,-10,1.0,2,3.36,1.3658205340779126,6,0.09522026251087023,3.8493157848484203,True
0.3,0.1,-10,1.33,1,0.0,0.8965309281321188,4,-0.08850618358109488,3.788291819343806,False
0.3,0.1,-10,1.33,1,3.36,1.051884350589956,5,-0.019103465897235036,3.918054990490461,True
0.3,0.1,-10,1.33,2,0.0,1.548255248803131,7,0.1223031690651074,3.918054990490461,True
0.3,0.1,-10,1.33,2,3.36,1.816541310323622,7,0.19170588674896727,4.0436561313379755,True
0.3,0.1,-10,1.5,1,0.0,1.0111251069159264,5,-0.046398188539113976,3.989742493327698,True
0.3,0.1,-10,1.5,1,3.36,1.1863357337480742,5,0.0230045291447459,4.113155134816181,True
0.3,0.1,-10,1.5,2,0.0,1.7461525362441344,7,0.1583798359268196,4.113155134816181,True
0.3,0.1,-10,1.5,2,3.36,2.048730801116869,7,0.2277825536106794,4.232971197996121,True
0.3,0.1,-10,2.0,1,0.0,1.348166809221235,7,0.04386701057374405,4.677514066299412,True
0.3,0.1,-10,2.0,1,3.36,1.5817809783307653,7,0.11326972825760383,4.783214174634966,True
0.3,0.1,-10,2.0,2,0.0,2.328203381658846,7,0.2309327054043649,4.783214174634966,True
0.3,0.1,-10,2.0,2,3.36,2.731641068155825,7,0.30033542308822464,4.886628473746378,True
0.3,0.1,-5,0.75,1,0.0,0.42319620191204077,2,-0.38754882733660395,3.584353296916065,False
0.3,0.1,-5,0.75,1,3.36,0.5108015153281147,2,-0.30583841173078663,3.721234816175011,False
0.3,0.1,-5,0.75,2,0.0,0.7308345092444022,4,-0.1597231329165523,3.721234816175011,False
0.3,0.1,-5,0.75,2,3.36,0.8821236416807695,4,-0.07801271731073506,3.853256876606213,False
0.3,0.1,-5,1.0,1,0.0,0.5642616025493876,4,-0.27270896769558745,3.359556483612867,False
0.3,0.1,-5,1.0,1,3.36,0.6810686871041528,4,-0.19099855208977018,3.5052274914169623,False
0.3,0.1,-5,1.0,2,0.0,0.9744460123258696,4,-0.05141559250329227,3.5052274914169623,False
0.3,0.1,-5,1.0,2,3.36,1.1761648555743593,5,0.030294823102525,3.6450815857241454,True
0.3,0.1,-5,1.33,1,0.0,0.7504679313906834,4,-0.16573932091139762,3.5805785375563604,False
0.3,0.1,-5,1.33,1,3.36,0.9058213538485206,4,-0.08402890530558033,3.7175990455681536,False
0.3,0.1,-5,1.33,2,0.0,1.2960131963934054,6,0.04507003173480473,3.7175990455681536,True
0.3,0.1,-5,1.33,2,3.36,1.5642992579138963,6,0.12678044734062194,3.8497457920763085,True
0.3,0.1,-5,1.5,1,0.0,0.8463924038240815,4,-0.12363132586941666,3.7930769723493296,False
0.3,0.1,-5,1.5,1,3.36,1.0216030306562294,5,-0.04192091026359936,3.9226818527847445,True
0.3,0.1,-5,1.5,2,0.0,1.4616690184888044,6,0.0811466985965169,3.9226818527847445,True
0.3,0.1,-5,1.5,2,3.36,1.764247283361539,6,0.16285711420233417,4.048139439071579,True
0.3,0.1,-5,2.0,1,0.0,1.1285232050987752,5,-0.03336612675655869,4.510934004785583,True
0.3,0.1,-5,2.0,1,3.36,1.3621373742083056,5,0.04834428884925861,4.620446471449583,True
0.3,0.1,-5,2.0,2,0.0,1.9488920246517392,7,0.1536995680740621,4.620446471449583,True
0.3,0.1,-5,2.0,2,3.36,2.3523297111487187,7,0.23540998367987936,4.727422722322482,True
0.3,0.1,0,0.75,1,0.0,0.3645292656997041,2,-0.4523581879368956,3.5124613130225955,False
0.3,0.1,0,0.75,1,3.36,0.4521345791157779,2,-0.35882286567374355,3.6520384000555652,False
0.3,0.1,0,0.75,2,0.0,0.6295202220605884,4,-0.22453249351684398,3.6520384000555652,False
0.3,0.1,0,0.75,2,3.36,0.7808093544969557,4,-0.13099717125369198,3.7864738841672225,False
0.3,0.1,0,1.0,1,0.0,0.4860390209329388,4,-0.337518328295879,3.282745144684948,False
0.3,0.1,0,1.0,1,3.36,0.6028461054877038,4,-0.24398300603272713,3.4316782606987792,False
0.3,0.1,0,1.0,2,0.0,0.8393602960807847,4,-0.11622495310358391,3.4316782606987792,False
0.3,0.1,0,1.0,2,3.36,1.0410791393292742,5,-0.02268963084043194,3.574411236127231,True
0.3,0.1,0,1.33,1,0.0,0.6464318978408067,4,-0.23054868151168925,3.508609209070824,False
0.3,0.1,0,1.33,1,3.36,0.8017853202986438,4,-0.13701335924853725,3.6483336719626664,False
0.3,0.1,0,1.33,2,0.0,1.1163491937874426,5,-0.01973932886548692,3.6483336719626664,True
0.3,0.1,0,1.33,2,3.36,1.3846352553079335,5,0.07379599339766509,3.7829008157730746,True
0.3,0.1,0,1.5,1,0.0,0.7290585313994082,4,-0.18844068646970832,3.7252152738511772,False
0.3,0.1,0,1.5,1,3.36,0.9042691582315558,4,-0.0949053642065563,3.857101092340477,False
0.3,0.1,0,1.5,2,0.0,1.2590404441211769,5,0.016337337996225235,3.857101092340477,True
0.3,0.1,0,1.5,2,3.36,1.5616187089939113,5,0.10987266025937724,3.9846240520950156,True
0.3,0.1,0,2.0,1,0.0,0.9720780418658777,4,-0.09817548735685026,4.454023070651774,False
0.3,0.1,0,2.0,1,3.36,1.2056922109754076,5,-0.004640165093698342,4.564901040975395,True
0.3,0.1,0,2.0,2,0.0,1.6787205921615693,6,0.08889020747377047,4.564901040975395,True
0.3,0.1,0,2.0,2,3.36,2.0821582786585484,6,0.18242552973692244,4.673148993333965,True
0.3,0.1,5,0.75,1,0.0,0.3218206328012295,2,-0.5064767042257403,3.584353296916065,False
0.3,0.1,5,0.75,1,3.36,0.4094259462173033,2,-0.40191522729939827,3.721234816175011,False
0.3,0.1,5,0.75,2,0.0,0.555764969476012,3,-0.27865100980568874,3.721234816175011,False
0.3,0.1,5,0.75,2,3.36,0.7070541019123792,3,-0.17408953287934664,3.853256876606213,False
0.3,0.1,5,1.0,1,0.0,0.42909417706830594,3,-0.39163684458472386,3.359556483612867,False
0.3,0.1,5,1.0,1,3.36,0.5459012616230711,4,-0.28707536765838176,3.5052274914169623,False
0.3,0.1,5,1.0,2,0.0,0.7410199593013492,4,-0.1703434693924287,3.5052274914169623,False
0.3,0.1,5,1.0,2,3.36,0.942738802549839,4,-0.06578199246608657,3.6450815857241454,False
0.3,0.1,5,1.33,1,0.0,0.5706952555008453,4,-0.284667197800534,3.5805785375563604,False
0.3,0.1,5,1.33,1,3.36,0.7260486779586824,4,-0.18010572087419188,3.7175990455681536,False
0.3,0.1,5,1.33,2,0.0,0.9855565458707937,4,-0.07385784515433168,3.7175990455681536,False
0.3,0.1,5,1.33,2,3.36,1.2538426073912847,5,0.030703631772010423,3.8497457920763085,True
0.3,0.1,5,1.5,1,0.0,0.643641265602459,4,-0.24255920275855308,3.7930769723493296,False
0.3,0.1,5,1.5,1,3.36,0.8188518924346067,4,-0.137997725832211,3.9226818527847445,False
0.3,0.1,5,1.5,2,0.0,1.111529938952024,5,-0.03778117829261951,3.9226818527847445,True
0.3,0.1,5,1.5,2,3.36,1.4141082038247583,5,0.06678029863372255,4.048139439071579,True
0.3,0.1,5,2.0,1,0.0,0.8581883541366119,4,-0.15229400364569512,4.510934004785583,False
0.3,0.1,5,2.0,1,3.36,1.0918025232461421,5,-0.04773252671935298,4.620446471449583,True
0.3,0.1,5,2.0,2,0.0,1.4820399186026985,5,0.03477169118492568,4.620446471449583,True
0.3,0.1,5,2.0,2,3.36,1.885477605099678,5,0.13933316811126784,4.727422722322482,True
0.3,0.1,10,0.75,1,0.0,0.29035334604947766,2,-0.5511637534547775,3.79185980780026,False
0.3,0.1,10,0.75,1,3.36,0.3779586594655515,2,-0.43664628871356254,3.9215049154643458,False
0.3,0.1,10,0.75,2,0.0,0.5014228488081867,3,-0.3233380590347259,3.9215049154643458,False
0.3,0.1,10,0.75,2,3.36,0.652711981244554,3,-0.20882059429351094,4.046998987152212,False
0.3,0.1,10,1.0,1,0.0,0.3871377947326368,3,-0.43632389381376097,3.5801162008352763,False
0.3,0.1,10,1.0,1,3.36,0.5039448792874018,3,-0.32180642907254614,3.717153751391407,False
0.3,0.1,10,1.0,2,0.0,0.6685637984109156,4,-0.2150305186214658,3.717153751391407,False
0.3,0.1,10,1.0,2,3.36,0.8702826416594053,4,-0.10051305388025092,3.8493157848484203,False
0.3,0.1,10,1.33,1,0.0,0.5148932669944054,4,-0.3293542470295712,3.788291819343806,False
0.3,0.1,10,1.33,1,3.36,0.6702466894522425,4,-0.2148367822883563,3.918054990490461,False
0.3,0.1,10,1.33,2,0.0,0.8891898518865169,4,-0.11854489438336885,3.918054990490461,False
0.3,0.1,10,1.33,2,3.36,1.1574759134070078,5,-0.004027429642153982,4.0436561313379755,True
0.3,0.1,10,1.5,1,0.0,0.5807066920989553,4,-0.2872462519875902,3.989742493327698,False
0.3,0.1,10,1.5,1,3.36,0.755917318931103,4,-0.17272878724637525,4.113155134816181,False
0.3,0.1,10,1.5,2,0.0,1.0028456976163733,5,-0.08246822752165667,4.113155134816181,True
0.3,0.1,10,1.5,2,3.36,1.305423962489108,5,0.03204923721955827,4.232971197996121,True
0.3,0.1,10,2.0,1,0.0,0.7742755894652736,4,-0.19698105287473222,4.677514066299412,False
0.3,0.1,10,2.0,1,3.36,1.0078897585748037,5,-0.08246358813351737,4.783214174634966,True
0.3,0.1,10,2.0,2,0.0,1.3371275968218312,5,-0.009915358044111422,4.783214174634966,True
0.3,0.1,10,2.0,2,3.36,1.7405652833188106,5,0.10460210669710346,4.886628473746378,True
0.3,0.1,15,0.75,1,0.0,0.267143445871461,2,-0.5873460650707444,4.114513484019015,False
0.3,0.1,15,0.75,1,3.36,0.3547487592875348,2,-0.46416970347545183,4.23429111070251,False
0.3,0.1,15,0.75,2,0.0,0.46134074048686025,3,-0.35952037065069264,4.23429111070251,False
0.3,0.1,15,0.75,2,3.36,0.6126298729232275,3,-0.23634400905540023,4.350772484303712,False
0.3,0.1,15,1.0,1,0.0,0.356191261161948,3,-0.4725062054297277,3.920236270895732,False
0.3,0.1,15,1.0,1,3.36,0.47299834571671295,3,-0.3493298438344354,4.0457696943408035,False
0.3,0.1,15,1.0,2,0.0,0.6151209873158138,4,-0.25121283023743257,4.0457696943408035,False
0.3,0.1,15,1.0,2,3.36,0.8168398305643032,4,-0.12803646864214024,4.16752353558399,False
0.3,0.1,15,1.33,1,0.0,0.4737343773453894,4,-0.36553655864553797,4.111225524909874,False
0.3,0.1,15,1.33,1,3.36,0.6290877998032265,4,-0.24236019705024553,4.2310962310813105,False
0.3,0.1,15,1.33,2,0.0,0.8181109131300315,4,-0.1547272059993356,4.2310962310813105,False
0.3,0.1,15,1.33,2,3.36,1.0863969746505224,5,-0.03155084440404319,4.347663201844235,True
0.3,0.1,15,1.5,1,0.0,0.534286891742922,4,-0.323428563603557,4.297565074693806,False
0.3,0.1,15,1.5,1,3.36,0.7094975185750696,4,-0.2002522020082646,4.4123764086065895,False
0.3,0.1,15,1.5,2,0.0,0.9226814809737205,4,-0.11865053913762345,4.4123764086065895,False
0.3,0.1,15,1.5,2,3.36,1.225259745846455,5,0.004525822457668971,4.524275143183489,True
0.3,0.1,15,2.0,1,0.0,0.712382522323896,4,-0.23316336449069897,4.942687350884348,False
0.3,0.1,15,2.0,1,3.36,0.9459966914334259,4,-0.10998700289540665,5.04283236372102,False
0.3,0.1,15,2.0,2,0.0,1.2302419746316275,5,-0.04609766966007818,5.04283236372102,True
0.3,0.1,15,2.0,2,3.36,1.6336796611286064,5,0.07707869193521413,5.141026964390687,True
0.3,0.2,-15,0.75,1,0.0,0.5822905468136818,3,-0.24305223951398358,4.204666599169819,False
0.3,0.2,-15,0.75,1,3.36,0.589638939210856,3,-0.23760582292815782,4.321946460817659,False
0.3,0.2,-15,0.75,2,0.0,1.0201260596305928,5,-0.005271125154012129,4.321946460817659,True
0.3,0.2,-15,0.75,2,3.36,1.0329998502524202,5,0.00017529143181364837,4.43612682530316,True
0.3,0.2,-15,1.0,1,0.0,0.7763873957515769,3,-0.12404028274936313,4.014754341133026,False
0.3,0.2,-15,1.0,1,3.36,0.7861852522811426,4,-0.11859386616353736,4.137420986514,False
0.3,0.2,-15,1.0,2,0.0,1.3601680795074578,7,0.10968487365398728,4.137420986514,True
0.3,0.2,-15,1.0,2,3.36,1.3773331336698944,7,0.11513129023981304,4.256554054589989,True
0.3,0.2,-15,1.33,1,0.0,1.0325952363495972,5,-0.010194127284548155,4.201449192441873,True
0.3,0.2,-15,1.33,1,3.36,1.0456263855339196,6,-0.004747710698722329,4.31881642544233,True
0.3,0.2,-15,1.33,2,0.0,1.809023545744919,7,0.21684406399366601,4.31881642544233,True
0.3,0.2,-15,1.33,2,3.36,1.83185306778096,7,0.2222904805794918,4.4330774092802026,True
0.3,0.2,-15,1.5,1,0.0,1.1645810936273635,6,0.03598053046897784,4.3839554709449295,True
0.3,0.2,-15,1.5,1,3.36,1.179277878421712,6,0.0414269470548036,4.496561527570592,True
0.3,0.2,-15,1.5,2,0.0,2.0402521192611855,7,0.25906299669246635,4.496561527570592,True
0.3,0.2,-15,1.5,2,3.36,2.0659997005048405,7,0.26450941327829214,4.606415696746005,True
0.3,0.2,-15,2.0,1,0.0,1.5527747915031538,7,0.13980640083253731,5.017983484288497,True
0.3,0.2,-15,2.0,1,3.36,1.572370504562285,7,0.14525281741836307,5.116654986276886,True
0.3,0.2,-15,2.0,2,0.0,2.7203361590149155,7,0.34969161109422187,5.116654986276886,True
0.3,0.2,-15,2.0,2,3.36,2.754666267339789,7,0.35513802768004765,5.213459336044746,True
0.3,0.2,-10,0.75,1,0.0,0.4068053940540433,2,-0.40208924503410337,3.889498785449229,False
0.3,0.2,-10,0.75,1,3.36,0.4772977867395652,2,-0.33268652735024357,4.015993127734537,False
0.3,0.2,-10,0.75,2,0.0,0.7092338187588357,3,-0.1685870421553099,4.015993127734537,False
0.3,0.2,-10,0.75,2,3.36,0.8321318667900235,4,-0.09918432447145012,4.138623056284666,False
0.3,0.2,-10,1.0,1,0.0,0.5424071920720578,3,-0.2854091639634977,3.6833723693760874,False
0.3,0.2,-10,1.0,1,3.36,0.6363970489860868,4,-0.21600644627963794,3.816704339018574,False
0.3,0.2,-10,1.0,2,0.0,0.9456450916784476,4,-0.0574235485991429,3.816704339018574,False
0.3,0.2,-10,1.0,2,3.36,1.1095091557200312,5,0.011979169084716863,3.9455331720165794,True
0.3,0.2,-10,1.33,1,0.0,0.7214015654558346,4,-0.17542347561626453,3.8860204462286614,False
0.3,0.2,-10,1.33,1,3.36,0.846408075151493,4,-0.1060207579324047,4.012624441498009,False
0.3,0.2,-10,1.33,2,0.0,1.257707971932334,6,0.04360271492081427,4.012624441498009,True
0.3,0.2,-10,1.33,2,3.36,1.4756471771076403,6,0.1130054326046741,4.135354266384828,True
0.3,0.2,-10,1.5,1,0.0,0.8136107881080866,4,-0.13154238482110836,4.082651731787162,False
0.3,0.2,-10,1.5,1,3.36,0.9545955734791304,4,-0.06213966713724854,4.203337383920629,False
0.3,0.2,-10,1.5,2,0.0,1.4184676375176715,7,0.08226612336622212,4.203337383920629,True
0.3,0.2,-10,1.5,2,3.36,1.664263733580047,7,0.15166884105008194,4.320653325952536,True
0.3,0.2,-10,2.0,1,0.0,1.0848143841441156,5,-0.03542497827731635,4.757009337853864,True
0.3,0.2,-10,2.0,1,3.36,1.2727940979721737,6,0.03397773940654339,4.860981160262695,True
0.3,0.2,-10,2.0,2,0.0,1.8912901833568951,7,0.16156411729659834,4.860981160262695,True
0.3,0.2,-10,2.0,2,3.36,2.2190183114400623,7,0.23096683498045814,4.962775215585415,True
0.3,0.2,-5,0.75,1,0.0,0.34052857851806256,2,-0.47932238236440605,3.687490821292043,False
0.3,0.2,-5,0.75,1,3.36,0.41102097120358444,2,-0.39761196675858884,3.8206790701540303,False
0.3,0.2,-5,0.75,2,0.0,0.5936853042484457,3,-0.2458201794856126,3.8206790701540303,False
0.3,0.2,-5,0.75,2,3.36,0.7165833522796334,4,-0.1641097638797954,3.949378249435355,False
0.3,0.2,-5,1.0,1,0.0,0.45403810469075007,3,-0.36264230129380043,3.469383196850018,False
0.3,0.2,-5,1.0,1,3.36,0.5480279616047793,4,-0.2809318856879831,3.610625952184088,False
0.3,0.2,-5,1.0,2,0.0,0.7915804056645942,4,-0.1346566859294456,3.610625952184088,False
0.3,0.2,-5,1.0,2,3.36,0.9554444697061779,4,-0.052946270323628364,3.746547713106728,False
0.3,0.2,-5,1.33,1,0.0,0.6038706792386958,4,-0.2526566129465672,3.683821746991736,False
0.3,0.2,-5,1.33,1,3.36,0.7288771889343542,4,-0.17094619734074995,3.8171380199842453,False
0.3,0.2,-5,1.33,2,0.0,1.0528019395339094,5,-0.03363042240948837,3.8171380199842453,True
0.3,0.2,-5,1.33,2,3.36,1.2707411447092156,5,0.048079993196328885,3.9459526940409773,True
0.3,0.2,-5,1.5,1,0.0,0.6810571570361251,4,-0.20877552215141107,3.890685404677016,False
0.3,0.2,-5,1.5,1,3.36,0.8220419424071689,4,-0.1270651065455938,4.017142382112782,False
0.3,0.2,-5,1.5,2,0.0,1.1873706084968914,5,0.0050329860359194095,4.017142382112782,True
0.3,0.2,-5,1.5,2,3.36,1.4331667045592669,5,0.08674340164173662,4.139738266867455,True
0.3,0.2,-5,2.0,1,0.0,0.9080762093815001,4,-0.1126581156076191,4.593313139285292,False
0.3,0.2,-5,2.0,1,3.36,1.0960559232095586,5,-0.030947700001801796,4.700906890753198,True
0.3,0.2,-5,2.0,2,0.0,1.5831608113291884,7,0.08433097996629565,4.700906890753198,True
0.3,0.2,-5,2.0,2,3.36,1.9108889394123558,7,0.16604139557211287,4.806092549621876,True
0.3,0.2,0,0.75,1,0.0,0.2933217077944233,2,-0.5441317429646978,3.617649026022344,False
0.3,0.2,0,0.75,1,3.36,0.3638141004799451,2,-0.45059642070154576,3.7533164635400005,False
0.3,0.2,0,0.75,2,0.0,0.5113837672375241,2,-0.3106295400859043,3.7533164635400005,False
0.3,0.2,0,0.75,2,3.36,0.6342818152687119,3,-0.2170942178227523,3.8842482510107943,False
0.3,0.2,0,1.0,1,0.0,0.3910956103925644,2,-0.427451661894092,3.395057537797055,False
0.3,0.2,0,1.0,1,3.36,0.4850854673065935,3,-0.33391633963094003,3.539267676363657,False
0.3,0.2,0,1.0,2,0.0,0.6818450229833655,4,-0.19946604652973726,3.539267676363657,False
0.3,0.2,0,1.0,2,3.36,0.8457090870249492,4,-0.10593072426658523,3.677827576838343,False
0.3,0.2,0,1.33,1,0.0,0.520157161822109,4,-0.3174659735468589,3.613909044507982,False
0.3,0.2,0,1.33,1,3.36,0.6451636715177673,4,-0.2239306512837069,3.749711799855636,False
0.3,0.2,0,1.33,2,0.0,0.9068538805678753,4,-0.09843978300978005,3.749711799855636,False
0.3,0.2,0,1.33,2,3.36,1.1247930857431814,5,-0.0049044607466280435,3.8807652057263904,True
0.3,0.2,0,1.5,1,0.0,0.5866434155888466,4,-0.27358488275170273,3.8245560312975027,False
0.3,0.2,0,1.5,1,3.36,0.7276282009598902,4,-0.18004956048855073,3.953128993156447,False
0.3,0.2,0,1.5,2,0.0,1.0227675344750482,5,-0.059776374564372285,3.953128993156447,True
0.3,0.2,0,1.5,2,3.36,1.2685636305374237,5,0.03375894769877974,4.077649915887103,True
0.3,0.2,0,2.0,1,0.0,0.7821912207851288,4,-0.1774674762079107,4.537435565812285,False
0.3,0.2,0,2.0,1,3.36,0.970170934613187,4,-0.08393215394475871,4.6463234405170555,False
0.3,0.2,0,2.0,2,0.0,1.363690045966731,5,0.019521619366003967,4.6463234405170555,True
0.3,0.2,0,2.0,2,3.36,1.6914181740498984,5,0.11305694162915603,4.752717276874173,True
0.3,0.2,5,0.75,1,0.0,0.2589558274163425,2,-0.5982502592535426,3.687490821292043,False
0.3,0.2,5,0.75,1,3.36,0.32944822010186436,2,-0.49368878232720037,3.8206790701540303,False
0.3,0.2,5,0.75,2,0.0,0.45146950618837584,2,-0.36474805637474905,3.8206790701540303,False
0.3,0.2,5,0.75,2,3.36,0.5743675542195636,3,-0.26018657944840695,3.949378249435355,False
0.3,0.2,5,1.0,1,0.0,0.3452744365551233,2,-0.48157017818293685,3.469383196850018,False
0.3,0.2,5,1.0,1,3.36,0.43926429346915247,3,-0.37700870125659475,3.610625952184088,False
0.3,0.2,5,1.0,2,0.0,0.601959341584501,4,-0.2535845628185821,3.610625952184088,False
0.3,0.2,5,1.0,2,3.36,0.7658234056260849,4,-0.1490230858922399,3.746547713106728,False
0.3,0.2,5,1.33,1,0.0,0.4592150006183126,4,-0.3715844898357037,3.683821746991736,False
0.3,0.2,5,1.33,1,3.36,0.584221510313971,4,-0.2670230129093616,3.8171380199842453,False
0.3,0.2,5,1.33,2,0.0,0.8006059243073859,4,-0.1525582992986248,3.8171380199842453,False
0.3,0.2,5,1.33,2,3.36,1.018545129482692,5,-0.04799682237228271,3.9459526940409773,True
0.3,0.2,5,1.5,1,0.0,0.517911654832685,4,-0.3277033990405475,3.890685404677016,False
0.3,0.2,5,1.5,1,3.36,0.6588964402037287,4,-0.22314192211420536,4.017142382112782,False
0.3,0.2,5,1.5,2,0.0,0.9029390123767517,4,-0.11389489085321705,4.017142382112782,False
0.3,0.2,5,1.5,2,3.36,1.1487351084391273,5,-0.009333413926874916,4.139738266867455,True
0.3,0.2,5,2.0,1,0.0,0.6905488731102466,4,-0.23158599249675554,4.593313139285292,False
0.3,0.2,5,2.0,1,3.36,0.8785285869383049,4,-0.12702451557041342,4.700906890753198,False
0.3,0.2,5,2.0,2,0.0,1.203918683169002,5,-0.034596896922840834,4.700906890753198,True
0.3,0.2,5,2.0,2,3.36,1.5316468112521697,5,0.06996458000350134,4.806092549621876,True
0.3,0.2,10,0.75,1,0.0,0.23363539594984864,2,-0.6429373084825797,3.889498785449229,False
0.3,0.2,10,0.75,1,3.36,0.30412778863537054,2,-0.5284198437413647,4.015993127734537,False
0.3,0.2,10,0.75,2,0.0,0.4073252874437809,2,-0.4094351056037862,4.015993127734537,False
0.3,0.2,10,0.75,2,3.36,0.5302233354749687,3,-0.2949176408625713,4.138623056284666,False
0.3,0.2,10,1.0,1,0.0,0.31151386126646485,2,-0.5262572274119739,3.6833723693760874,False
0.3,0.2,10,1.0,1,3.36,0.40550371818049397,3,-0.41173976267075907,3.816704339018574,False
0.3,0.2,10,1.0,2,0.0,0.5431003832583745,4,-0.2982716120476192,3.816704339018574,False
0.3,0.2,10,1.0,2,3.36,0.7069644472999582,4,-0.18375414730640427,3.9455331720165794,False
0.3,0.2,10,1.33,1,0.0,0.4143134354843969,4,-0.4162715390647408,3.8860204462286614,False
0.3,0.2,10,1.33,1,3.36,0.5393199451800553,4,-0.30175407432352586,4.012624441498009,False
0.3,0.2,10,1.33,2,0.0,0.7223235097336375,4,-0.19724534852766198,4.012624441498009,False
0.3,0.2,10,1.33,2,3.36,0.9402627149089436,4,-0.08272788378644705,4.135354266384828,False
0.3,0.2,10,1.5,1,0.0,0.4672707918996973,4,-0.3723904482695846,4.082651731787162,False
0.3,0.2,10,1.5,1,3.36,0.6082555772707411,4,-0.2578729835283697,4.203337383920629,False
0.3,0.2,10,1.5,2,0.0,0.8146505748875618,4,-0.15858194008225418,4.203337383920629,False
0.3,0.2,10,1.5,2,3.36,1.0604466709499374,5,-0.044064475341039265,4.320653325952536,True
0.3,0.2,10,2.0,1,0.0,0.6230277225329297,4,-0.27627304172579265,4.757009337853864,False
0.3,0.2,10,2.0,1,3.36,0.8110074363609879,4,-0.16175557698457776,4.860981160262695,False
0.3,0.2,10,2.0,2,0.0,1.086200766516749,5,-0.07928394615187793,4.860981160262695,True
0.3,0.2,10,2.0,2,3.36,1.4139288945999164,5,0.03523351858933699,4.962775215585415,True
0.3,0.2,15,0.75,1,0.0,0.21495934385047544,2,-0.6791196200985464,4.204666599169819,False
0.3,0.2,15,0.75,1,3.36,0.28545173653599726,2,-0.5559432585032541,4.321946460817659,False
0.3,0.2,15,0.75,2,0.0,0.374765031499835,2,-0.445617417219753,4.321946460817659,False
0.3,0.2,15,0.75,2,3.36,0.49766307953102273,3,-0.32244105562446057,4.43612682530316,False
0.3,0.2,15,1.0,1,0.0,0.2866124584673006,2,-0.5624395390279407,4.014754341133026,False
0.3,0.2,15,1.0,1,3.36,0.38060231538132966,3,-0.43926317743264837,4.137420986514,False
0.3,0.2,15,1.0,2,0.0,0.4996867086664467,4,-0.33445392366358595,4.137420986514,False
0.3,0.2,15,1.0,2,3.36,0.6635507727080302,4,-0.2112775620682936,4.256554054589989,False
0.3,0.2,15,1.33,1,0.0,0.38119456976150856,3,-0.45245385068070765,4.201449192441873,False
0.3,0.2,15,1.33,1,3.36,0.506201079457167,4,-0.3292774890854151,4.31881642544233,False
0.3,0.2,15,1.33,2,0.0,0.6645833225263735,4,-0.23342766014362873,4.31881642544233,False
0.3,0.2,15,1.33,2,3.36,0.8825225277016796,4,-0.11025129854833629,4.4330774092802026,False
0.3,0.2,15,1.5,1,0.0,0.4299186877009509,4,-0.4085727598855514,4.3839554709449295,False
0.3,0.2,15,1.5,1,3.36,0.5709034730719945,4,-0.28539639829025903,4.496561527570592,False
0.3,0.2,15,1.5,2,0.0,0.74953006299967,4,-0.19476425169822098,4.496561527570592,False
0.3,0.2,15,1.5,2,3.36,0.9953261590620455,4,-0.07158789010292854,4.606415696746005,False
0.3,0.2,15,2.0,1,0.0,0.5732249169346012,4,-0.3124553533417594,5.017983484288497,False
0.3,0.2,15,2.0,1,3.36,0.7612046307626593,4,-0.18927899174646706,5.116654986276886,False
0.3,0.2,15,2.0,2,0.0,0.9993734173328934,4,-0.11546625776784467,5.116654986276886,False
0.3,0.2,15,2.0,2,3.36,1.3271015454160604,5,0.007710103827447648,5.213459336044746,True
0.3,0.3,-15,0.75,1,0.0,0.4667569156134268,2,-0.3375497060608501,4.350772484303712,False
0.3,0.3,-15,0.75,1,3.36,0.47264729626410174,2,-0.3321032894750243,4.464215632132289,False
0.3,0.3,-15,0.75,2,0.0,0.8233785889076928,3,-0.09577414681668087,4.464215632132289,False
0.3,0.3,-15,0.75,2,3.36,0.8337694650705191,4,-0.09032773023085505,4.574846577774417,False
0.3,0.3,-15,1.0,1,0.0,0.6223425541512366,3,-0.21742794684647343,4.16752353558399,False
0.3,0.3,-15,1.0,1,3.36,0.6301963950188031,3,-0.2119815302606477,4.2858199238473,False
0.3,0.3,-15,1.0,2,0.0,1.097838118543591,5,0.020978179847968677,4.2858199238473,True
0.3,0.3,-15,1.0,2,3.36,1.111692620094026,6,0.026424596433794443,4.4009376750468165,True
0.3,0.3,-15,1.33,1,0.0,0.8277155970211447,4,-0.10172954040480309,4.347663201844235,False
0.3,0.3,-15,1.33,1,3.36,0.8381612053750083,4,-0.09628312381897727,4.461185416082867,False
0.3,0.3,-15,1.33,2,0.0,1.4601246976629763,7,0.1310828274261895,4.461185416082867,True
0.3,0.3,-15,1.33,2,3.36,1.478551184725055,7,0.13652924401201533,4.5718896877189055,True
0.3,0.3,-15,1.5,1,0.0,0.9335138312268536,4,-0.05444508113586524,4.524275143183489,False
0.3,0.3,-15,1.5,1,3.36,0.9452945925282035,4,-0.048998664550039414,4.633472301765489,False
0.3,0.3,-15,1.5,2,0.0,1.6467571778153856,7,0.17503419390395597,4.633472301765489,True
0.3,0.3,-15,1.5,2,3.36,1.6675389301410382,7,0.18048061048978178,4.740154593600084,True
0.3,0.3,-15,2.0,1,0.0,1.2446851083024733,7,0.053166226511352103,5.141026964390687,True
0.3,0.3,-15,2.0,1,3.36,1.2603927900376062,7,0.058612643097177834,5.23738085769902,True
0.3,0.3,-15,2.0,2,0.0,2.195676237087182,7,0.27138547562396675,5.23738085769902,True
0.3,0.3,-15,2.0,2,3.36,2.223385240188052,7,0.2768318922097925,5.331993834260513,True
0.3,0.3,-10,0.75,1,0.0,0.3265100676518096,2,-0.49542310697126724,4.046998987152212,False
0.3,0.3,-10,0.75,1,3.36,0.38308865840085454,2,-0.42602038928740743,4.168716925147476,False
0.3,0.3,-10,0.75,2,0.0,0.573697116290126,3,-0.25719097044804423,4.168716925147476,False
0.3,0.3,-10,0.75,2,3.36,0.6731089800342496,4,-0.1877882527641844,4.286980382741566,False
0.3,0.3,-10,1.0,1,0.0,0.4353467568690794,3,-0.377214514028221,3.8493157848484203,False
0.3,0.3,-10,1.0,1,3.36,0.5107848778678059,3,-0.30781179634436123,3.9770883836650164,False
0.3,0.3,-10,1.0,2,0.0,0.7649294883868346,4,-0.14359778854692146,3.9770883836650164,False
0.3,0.3,-10,1.0,2,3.36,0.897478640045666,4,-0.07419507086306167,4.100881857781715,False
0.3,0.3,-10,1.33,1,0.0,0.5790111866358739,4,-0.26470317415670475,4.0436561313379755,False
0.3,0.3,-10,1.33,1,3.36,0.67934388756418,4,-0.19530045647284489,4.165471751015389,False
0.3,0.3,-10,1.33,2,0.0,1.0173562195544892,5,-0.03865590264959387,4.165471751015389,True
0.3,0.3,-10,1.33,2,3.36,1.193646591260735,5,0.03074681503426599,4.283824798997644,True
0.3,0.3,-10,1.5,1,0.0,0.6530201353036192,4,-0.21932456096115585,4.232971197996121,False
0.3,0.3,-10,1.5,1,3.36,0.7661773168017091,4,-0.14992184327729605,4.3494879196366,False
0.3,0.3,-10,1.5,2,0.0,1.147394232580252,6,0.002269440513066545,4.3494879196366,True
0.3,0.3,-10,1.5,2,3.36,1.3462179600684991,6,0.07167215819692632,4.462963719667091,True
0.3,0.3,-10,2.0,1,0.0,0.8706935137381588,4,-0.11819173720439297,4.886628473746378,False
0.3,0.3,-10,2.0,1,3.36,1.0215697557356118,5,-0.04878901952053322,4.987899140963945,True
0.3,0.3,-10,2.0,2,0.0,1.5298589767736692,7,0.08868313623354356,4.987899140963945,True
0.3,0.3,-10,2.0,2,3.36,1.794957280091332,7,0.15808585391740332,5.087154198609362,True
0.3,0.3,-5,0.75,1,0.0,0.27331498262910525,2,-0.5726562443015699,3.853256876606213,False
0.3,0.3,-5,0.75,1,3.36,0.3298935733781502,2,-0.4909458286957527,3.98090298263008,False
0.3,0.3,-5,0.75,2,0.0,0.48023026824525095,2,-0.3344241077783469,3.98090298263008,False
0.3,0.3,-5,0.75,2,3.36,0.5796421319893745,4,-0.2527136921725297,4.104581410705977,False
0.3,0.3,-5,1.0,1,0.0,0.36441997683880695,2,-0.4544476513585237,3.6450815857241454,False
0.3,0.3,-5,1.0,1,3.36,0.4398580978375335,2,-0.3727372357527065,3.7797645120543226,False
0.3,0.3,-5,1.0,2,0.0,0.6403070243270013,4,-0.22083092587722414,3.7797645120543226,False
0.3,0.3,-5,1.0,2,3.36,0.7728561759858327,4,-0.13912051027140693,3.909810707257482,False
0.3,0.3,-5,1.33,1,0.0,0.4846785691956118,4,-0.3419363114870074,3.8497457920763085,False
0.3,0.3,-5,1.33,1,3.36,0.5850112701239178,4,-0.26022589588119016,3.977504577446674,False
0.3,0.3,-5,1.33,2,0.0,0.851608342354911,4,-0.11588903997989654,3.977504577446674,False
0.3,0.3,-5,1.33,2,3.36,1.0278987140611568,5,-0.034178624374079244,4.101285489161812,True
0.3,0.3,-5,1.5,1,0.0,0.5466299652582105,4,-0.2965576982914586,4.048139439071579,False
0.3,0.3,-5,1.5,1,3.36,0.6597871467563003,4,-0.21484728268564135,4.169824087196815,False
0.3,0.3,-5,1.5,2,0.0,0.9604605364905019,4,-0.07496369681723616,4.169824087196815,False
0.3,0.3,-5,1.5,2,3.36,1.159284263978749,5,0.006746718788581067,4.288057009668453,True
0.3,0.3,-5,2.0,1,0.0,0.7288399536776139,4,-0.19542487453469568,4.727422722322482,False
0.3,0.3,-5,2.0,1,3.36,0.879716195675067,4,-0.11371445892887846,4.832031208046043,False
0.3,0.3,-5,2.0,2,0.0,1.2806140486540025,5,0.01144999890324086,4.832031208046043,True
0.3,0.3,-5,2.0,2,3.36,1.5457123519716653,6,0.09316041450905806,4.934422518951017,True
0.3,0.3,0,0.75,1,0.0,0.23542581306819713,2,-0.6374656049018617,3.7864738841672225,False
0.3,0.3,0,0.75,1,3.36,0.292004403817242,2,-0.5439302826387097,3.9162972915089598,False
0.3,0.3,0,0.75,2,0.0,0.4136568009336676,2,-0.3992334683786386,3.9162972915089598,False
0.3,0.3,0,0.75,2,3.36,0.5130686646777912,3,-0.3056981461154865,4.041953052112358,False
0.3,0.3,0,1.0,1,0.0,0.3139010840909295,2,-0.5192570119588152,3.574411236127231,False
0.3,0.3,0,1.0,1,3.36,0.38933920508965597,2,-0.42572168969566343,3.711659424698419,False
0.3,0.3,0,1.0,2,0.0,0.5515424012448902,4,-0.28564028647751577,3.711659424698419,False
0.3,0.3,0,1.0,2,3.36,0.6840915529037216,4,-0.1921049642143638,3.8440103648341792,False
0.3,0.3,0,1.33,1,0.0,0.417488441840935,3,-0.40674567208729906,3.7829008157730746,False
0.3,0.3,0,1.33,1,3.36,0.517821142769241,4,-0.3132103498241471,3.912842775013659,False
0.3,0.3,0,1.33,2,0.0,0.7335513936557033,4,-0.1806984005801882,3.912842775013659,False
0.3,0.3,0,1.33,2,3.36,0.909841765361949,4,-0.08716307831703615,4.038606019652894,False
0.3,0.3,0,1.5,1,0.0,0.47085162613639425,4,-0.36136705889175025,3.9846240520950156,False
0.3,0.3,0,1.5,1,3.36,0.584008807634484,4,-0.26783173662859827,4.108190457675264,False
0.3,0.3,0,1.5,2,0.0,0.8273136018673352,4,-0.13977305741752785,4.108190457675264,False
0.3,0.3,0,1.5,2,3.36,1.0261373293555824,5,-0.046237735154375785,4.228147210840003,True
0.3,0.3,0,2.0,1,0.0,0.627802168181859,4,-0.26023423513498734,4.673148993333965,False
0.3,0.3,0,2.0,1,3.36,0.7786784101793119,4,-0.16669891287183536,4.778945648770056,False
0.3,0.3,0,2.0,2,0.0,1.1030848024897804,5,-0.05335936169705078,4.778945648770056,True
0.3,0.3,0,2.0,2,3.36,1.3681831058074432,5,0.04017596056610122,4.8824503595938635,True
0.3,0.3,5,0.75,1,0.0,0.20784307672505392,2,-0.6915841211907063,3.853256876606213,False
0.3,0.3,5,0.75,1,3.36,0.26442166747409884,2,-0.5870226442643642,3.98090298263008,False
0.3,0.3,5,0.75,2,0.0,0.3651923342381813,2,-0.45335198466748333,3.98090298263008,False
0.3,0.3,5,0.75,2,3.36,0.46460419798230485,3,-0.3487905077411413,4.104581410705977,False
0.3,0.3,5,1.0,1,0.0,0.27712410230007184,2,-0.5733755282476601,3.6450815857241454,False
0.3,0.3,5,1.0,1,3.36,0.3525622232987984,2,-0.4688140513213181,3.7797645120543226,False
0.3,0.3,5,1.0,2,0.0,0.486923112317575,4,-0.3397588027663606,3.7797645120543226,False
0.3,0.3,5,1.0,2,3.36,0.6194722639764065,4,-0.23519732584001846,3.909810707257482,False
0.3,0.3,5,1.33,1,0.0,0.3685750560590945,3,-0.4608641883761438,3.8497457920763085,False
0.3,0.3,5,1.33,1,3.36,0.46890775698740056,4,-0.3563027114498017,3.977504577446674,False
0.3,0.3,5,1.33,2,0.0,0.6476077393823744,4,-0.23481691686903292,3.977504577446674,False
0.3,0.3,5,1.33,2,3.36,0.82389811108862,4,-0.13025543994269087,4.101285489161812,False
0.3,0.3,5,1.5,1,0.0,0.41568615345010784,4,-0.41548557518059503,4.048139439071579,False
0.3,0.3,5,1.5,1,3.36,0.5288433349481977,4,-0.31092409825425293,4.169824087196815,False
0.3,0.3,5,1.5,2,0.0,0.7303846684763626,4,-0.19389157370637256,4.169824087196815,False
0.3,0.3,5,1.5,2,3.36,0.9292083959646097,4,-0.08933009678003052,4.288057009668453,False
0.3,0.3,5,2.0,1,0.0,0.5542482046001437,4,-0.3143527514238321,4.727422722322482,False
0.3,0.3,5,2.0,1,3.36,0.7051244465975968,4,-0.20979127449749005,4.832031208046043,False
0.3,0.3,5,2.0,2,0.0,0.97384622463515,4,-0.1074778779858956,4.832031208046043,False
0.3,0.3,5,2.0,2,3.36,1.238944527952813,5,-0.0029164010595534445,4.934422518951017,True
0.3,0.3,10,0.75,1,0.0,0.18752039685911384,2,-0.7362711704197435,4.046998987152212,False
0.3,0.3,10,0.75,1,3.36,0.2440989876081588,2,-0.6217537056785286,4.168716925147476,False
0.3,0.3,10,0.75,2,0.0,0.32948420763054953,2,-0.4980390338965205,4.168716925147476,False
0.3,0.3,10,0.75,2,3.36,0.42889607137467317,3,-0.38352156915530555,4.286980382741566,False
0.3,0.3,10,1.0,1,0.0,0.25002719581215177,2,-0.6180625774766972,3.8493157848484203,False
0.3,0.3,10,1.0,1,3.36,0.3254653168108783,2,-0.5035451127354824,3.9770883836650164,False
0.3,0.3,10,1.0,2,0.0,0.4393122768407327,3,-0.3844458519953977,3.9770883836650164,False
0.3,0.3,10,1.0,2,3.36,0.5718614284995641,4,-0.26992838725418283,4.100881857781715,False
0.3,0.3,10,1.33,1,0.0,0.33253617043016087,2,-0.505551237605181,4.0436561313379755,False
0.3,0.3,10,1.33,1,3.36,0.4328688713584669,3,-0.39103377286396607,4.165471751015389,False
0.3,0.3,10,1.33,2,0.0,0.584285328198174,4,-0.27950396609807016,4.165471751015389,False
0.3,0.3,10,1.33,2,3.36,0.7605756999044198,4,-0.16498650135685522,4.283824798997644,False
0.3,0.3,10,1.5,1,0.0,0.3750407937182277,4,-0.46017262440963214,4.232971197996121,False
0.3,0.3,10,1.5,1,3.36,0.4881979752163176,4,-0.3456551596684172,4.3494879196366,False
0.3,0.3,10,1.5,2,0.0,0.6589684152610991,4,-0.23857862293540977,4.3494879196366,False
0.3,0.3,10,1.5,2,3.36,0.8577921427493463,4,-0.1240611581941948,4.462963719667091,False
0.3,0.3,10,2.0,1,0.0,0.5000543916243035,4,-0.3590398006528692,4.886628473746378,False
0.3,0.3,10,2.0,1,3.36,0.6509306336217566,4,-0.24452233591165437,4.987899140963945,False
0.3,0.3,10,2.0,2,0.0,0.8786245536814654,4,-0.15216492721493274,4.987899140963945,False
0.3,0.3,10,2.0,2,3.36,1.1437228569991282,5,-0.03764746247371786,5.087154198609362,True
0.3,0.3,15,0.75,1,0.0,0.17253062749134346,2,-0.7724534820357103,4.350772484303712,False
0.3,0.3,15,0.75,1,3.36,0.22910921824038835,2,-0.649277120440418,4.464215632132289,False
0.3,0.3,15,0.75,2,0.0,0.3031463139110991,2,-0.5342213455124873,4.464215632132289,False
0.3,0.3,15,0.75,2,3.36,0.40255817765522267,3,-0.41104498391719485,4.574846577774417,False
0.3,0.3,15,1.0,1,0.0,0.2300408366551246,2,-0.654244889092664,4.16752353558399,False
0.3,0.3,15,1.0,1,3.36,0.3054789576538511,2,-0.5310685274973717,4.2858199238473,False
0.3,0.3,15,1.0,2,0.0,0.4041950852147988,3,-0.4206281636113645,4.2858199238473,False
0.3,0.3,15,1.0,2,3.36,0.5367442368736302,3,-0.29745180201607213,4.4009376750468165,False
0.3,0.3,15,1.33,1,0.0,0.3059543127513148,2,-0.5417335492211478,4.347663201844235,False
0.3,0.3,15,1.33,1,3.36,0.40628701367962083,3,-0.4185571876258553,4.461185416082867,False
0.3,0.3,15,1.33,2,0.0,0.537579463335682,4,-0.3156862777140369,4.461185416082867,False
0.3,0.3,15,1.33,2,3.36,0.7138698350419277,4,-0.19250991611874443,4.5718896877189055,False
0.3,0.3,15,1.5,1,0.0,0.3450612549826869,3,-0.496354936025599,4.524275143183489,False
0.3,0.3,15,1.5,1,3.36,0.4582184364807767,4,-0.37317857443030655,4.633472301765489,False
0.3,0.3,15,1.5,2,0.0,0.6062926278221982,4,-0.2747609345513765,4.633472301765489,False
0.3,0.3,15,1.5,2,3.36,0.8051163553104453,4,-0.15158457295608407,4.740154593600084,False
0.3,0.3,15,2.0,1,0.0,0.4600816733102492,4,-0.39522211226883597,5.141026964390687,False
0.3,0.3,15,2.0,1,3.36,0.6109579153077022,4,-0.27204575067354364,5.23738085769902,False
0.3,0.3,15,2.0,2,0.0,0.8083901704295976,4,-0.1883472388308995,5.23738085769902,False
0.3,0.3,15,2.0,2,3.36,1.0734884737472603,5,-0.06517087723560712,5.331993834260513,True
0.46,-0.3,-15,0.75,1,0.0,1.332676965752789,7,0.1056466415197897,3.525665784922802,True
0.46,-0.3,-15,0.75,1,3.36,1.3770274962145417,7,0.11933335734293722,3.6647399944573578,True
0.46,-0.3,-15,0.75,2,0.0,2.0736730224385966,7,0.2735924071377801,3.6647399944573578,True
0.46,-0.3,-15,0.75,2,3.36,2.2397689594306174,7,0.31931490351701003,3.79872600051324,True
0.46,-0.3,-15,1.0,1,0.0,1.7769026210037184,7,0.22232545717586136,3.296869793675131,True
0.46,-0.3,-15,1.0,1,3.36,1.8360366616193893,7,0.2337009188336369,3.4451923656666112,True
0.46,-0.3,-15,1.0,2,0.0,2.7648973632514613,8,0.3689473140364789,3.4451923656666112,True
0.46,-0.3,-15,1.0,2,3.36,2.986358612574157,8,0.42267479783140643,3.5873876897329486,True
0.46,-0.3,-15,1.33,1,0.0,2.363280485934939,7,0.33010903406341646,3.5218281237833704,True
0.46,-0.3,-15,1.33,1,3.36,2.4419287599537802,7,0.3436845239254688,3.6610481195241746,True
0.46,-0.3,-15,1.33,2,0.0,3.6773134931244393,8,0.4459791229814113,3.6610481195241746,True
0.46,-0.3,-15,1.33,2,3.36,3.9718569547236244,8,0.5029493148206806,3.7951644672492777,True
0.46,-0.3,-15,1.5,1,0.0,2.665353931505578,7,0.3686249709304517,3.7376682019715184,True
0.46,-0.3,-15,1.5,1,3.36,2.7540549924290834,7,0.38200239130014196,3.869129564647455,True
0.46,-0.3,-15,1.5,2,0.0,4.147346044877193,8,0.473411358944949,3.869129564647455,True
0.46,-0.3,-15,1.5,2,3.36,4.479537918861235,8,0.5303815507842182,3.996268708186301,True
0.46,-0.3,-15,2.0,1,0.0,3.553805242007437,8,0.44749472109864186,4.464443556076518,True
0.46,-0.3,-15,2.0,1,3.36,3.6720733232387786,8,0.4485347680575801,4.575068990233169,True
0.46,-0.3,-15,2.0,2,0.0,5.529794726502923,8,0.529602196796942,4.575068990233169,True
0.46,-0.3,-15,2.0,2,3.36,5.972717225148314,8,0.5865723886362113,4.683081919568902,True
0.46,-0.3,-10,0.75,1,0.0,1.0108364627333644,6,-0.010811653594477982,3.143135189394826,True
0.46,-0.3,-10,0.75,1,3.36,1.1376746418792723,6,0.044540339234649506,3.298378210395535,True
0.46,-0.3,-10,0.75,2,0.0,1.4317393504113036,7,0.12497564339778895,3.298378210395535,True
0.46,-0.3,-10,0.75,2,3.36,1.447505660606127,7,0.1426110138273044,3.4466358697738944,True
0.46,-0.3,-10,1.0,1,0.0,1.3477819503111528,7,0.10304741474032066,2.8841515265818187,True
0.46,-0.3,-10,1.0,1,3.36,1.516899522505696,7,0.16121915489072114,3.0525939835301115,True
0.46,-0.3,-10,1.0,2,0.0,1.9089858005484053,7,0.22833553771218545,3.0525939835301115,True
0.46,-0.3,-10,1.0,2,3.36,1.9300075474748364,7,0.25471979444796267,3.212215750581557,True
0.46,-0.3,-10,1.33,1,0.0,1.7925499939138274,7,0.1998909990428448,3.1388298656200257,True
0.46,-0.3,-10,1.33,1,3.36,2.0174763649325698,7,0.26929371672670466,3.2942757816109185,True
0.46,-0.3,-10,1.33,2,0.0,2.538951114729376,8,0.31711416634907275,3.2942757816109185,True
0.46,-0.3,-10,1.33,2,3.36,2.5669100381415255,8,0.35726372399669104,3.4427101134583245,True
0.46,-0.3,-10,1.5,1,0.0,2.0216729254667287,7,0.23293645884040065,3.3792222744095626,True
0.46,-0.3,-10,1.5,1,3.36,2.2753492837585445,7,0.3023391765242604,3.524080472955426,True
0.46,-0.3,-10,1.5,2,0.0,2.8634787008226072,8,0.3488954742850285,3.524080472955426,True
0.46,-0.3,-10,1.5,2,3.36,2.895011321212254,8,0.3968004197016366,3.6632148694644897,True
0.46,-0.3,-10,2.0,1,0.0,2.6955639006223056,8,0.30645954073105736,4.168961004522576,True
0.46,-0.3,-10,2.0,1,3.36,3.033799045011392,8,0.3688715532816986,4.287217729160706,True
0.46,-0.3,-10,2.0,2,0.0,3.8179716010968106,8,0.43463190249653516,4.287217729160706,True
0.46,-0.3,-10,2.0,2,3.36,3.8600150949496728,8,0.46361713376331065,4.402298928654196,True
0.46,-0.3,-5,0.75,1,0.0,0.9023936142922266,2,-0.073265234814511,2.889409381502402,False
0.46,-0.3,-5,0.75,1,3.36,0.9897333262504756,4,-0.015959544729561837,3.057562194610944,False
0.46,-0.3,-5,0.75,2,0.0,1.1217259512609894,7,0.017797066458369884,3.057562194610944,True
0.46,-0.3,-5,0.75,2,3.36,1.1531164336622304,7,0.02978346055394284,3.2169374525958836,True
0.46,-0.3,-5,1.0,1,0.0,1.2031914857229686,5,0.03158262777749378,2.6053248901790114,True
0.46,-0.3,-5,1.0,1,3.36,1.319644435000634,5,0.10071927092650983,2.7906482729620867,True
0.46,-0.3,-5,1.0,2,0.0,1.49563460168132,7,0.12678924636388098,2.7906482729620867,True
0.46,-0.3,-5,1.0,2,3.36,1.5374885782163081,7,0.14231363240418893,2.9644085048093958,True
0.46,-0.3,-5,1.33,1,0.0,1.6002446760115436,7,0.12265786171254207,2.8847254081472413,True
0.46,-0.3,-5,1.33,1,3.36,1.755127098550838,7,0.20436827731835938,3.0531362040384424,True
0.46,-0.3,-5,1.33,2,0.0,1.9891940202361558,8,0.2354509091305418,3.0531362040384424,True
0.46,-0.3,-5,1.33,2,3.36,2.04485980902769,8,0.2509752951708498,3.2127310314450956,True
0.46,-0.3,-5,1.5,1,0.0,1.8047872285844533,7,0.15570332151009791,3.1446034622775225,True
0.46,-0.3,-5,1.5,1,3.36,1.9794666525009512,7,0.23741373711591518,3.299777406881831,True
0.46,-0.3,-5,1.5,2,0.0,2.243451902521979,8,0.27855156621019905,3.299777406881831,True
0.46,-0.3,-5,1.5,2,3.36,2.3062328673244608,8,0.29407595225050703,3.44797490347128,True
0.46,-0.3,-5,2.0,1,0.0,2.4063829714459373,7,0.22223569826753609,3.981158576637199,True
0.46,-0.3,-5,2.0,1,3.36,2.639288870001268,7,0.3039461138733534,4.1048293036777945,True
0.46,-0.3,-5,2.0,2,0.0,2.99126920336264,8,0.36027331884616726,4.1048293036777945,True
0.46,-0.3,-5,2.0,2,3.36,3.0749771564326163,8,0.38760597183321266,4.224881490921601,True
0.46,-0.3,0,0.75,1,0.0,0.7772963937384716,2,-0.1380745954148027,2.7997290033646896,False
0.46,-0.3,0,0.75,1,3.36,0.8816893429765504,3,-0.06616214729784668,2.972958541971522,False
0.46,-0.3,0,0.75,2,0.0,0.9362451651266686,4,-0.04122875772870288,2.972958541971522,False
0.46,-0.3,0,0.75,2,3.36,0.9746644042477288,4,-0.023763240226857954,3.1366355370494414,False
0.46,-0.3,0,1.0,1,0.0,1.0363951916512955,5,-0.033226732822797825,2.5054966976137933,True
0.46,-0.3,0,1.0,1,3.36,1.1755857906354004,5,0.050516668358224937,2.6976867315820092,True
0.46,-0.3,0,1.0,2,0.0,1.2483268868355581,7,0.07464551233405924,2.6976867315820092,True
0.46,-0.3,0,1.0,2,3.36,1.2995525389969715,7,0.09211102983590405,2.877066857365957,True
0.46,-0.3,0,1.33,1,0.0,1.378405604896219,5,0.0578485011122505,2.7948947384074443,True
0.46,-0.3,0,1.33,1,3.36,1.5635291015450778,5,0.15138382337540246,2.968406407279437,True
0.46,-0.3,0,1.33,2,0.0,1.6602747594912874,8,0.18330717510071998,2.968406407279437,True
0.46,-0.3,0,1.33,2,3.36,1.7284048768659677,8,0.20077269260256497,3.132321279622768,True
0.46,-0.3,0,1.5,1,0.0,1.5545927874769432,6,0.09089396090980627,3.0624054031651533,True
0.46,-0.3,0,1.5,1,3.36,1.7633786859531009,6,0.18442928317295826,3.2215410680814123,True
0.46,-0.3,0,1.5,2,0.0,1.872490330253337,8,0.22640783218037724,3.2215410680814123,True
0.46,-0.3,0,1.5,2,3.36,1.9493288084954576,8,0.24387334968222218,3.373177560303508,True
0.46,-0.3,0,2.0,1,0.0,2.072790383302591,7,0.15742633766724445,3.916557101677349,True
0.46,-0.3,0,2.0,1,3.36,2.3511715812708007,7,0.2509616599303965,4.042204785843893,True
0.46,-0.3,0,2.0,2,0.0,2.4966537736711163,8,0.2954639582458756,4.042204785843893,True
0.46,-0.3,0,2.0,2,3.36,2.599105077993943,8,0.33740336926492775,4.1640628634422985,True
0.46,-0.3,5,0.75,1,0.0,0.6862275291583856,2,-0.19219311170364745,2.889409381502402,False
0.46,-0.3,5,0.75,1,3.36,0.8019908867060941,3,-0.10730830550558888,3.057562194610944,False
0.46,-0.3,5,0.75,2,0.0,0.8481424234761166,4,-0.0841495588462036,3.057562194610944,False
0.46,-0.3,5,0.75,2,3.36,0.8865616625971767,4,-0.06490939843460017,3.2169374525958836,False
0.46,-0.3,5,1.0,1,0.0,0.9149700388778473,4,-0.08734524911164263,2.6053248901790114,False
0.46,-0.3,5,1.0,1,3.36,1.069321182274792,5,0.009370510150482746,2.7906482729620867,True
0.46,-0.3,5,1.0,2,0.0,1.130856564634822,5,0.03172471121655848,2.7906482729620867,True
0.46,-0.3,5,1.0,2,3.36,1.1820822167962355,5,0.050964871628161865,2.9644085048093958,True
0.46,-0.3,5,1.33,1,0.0,1.2169101517075336,5,0.003729984823405738,2.8847254081472413,True
0.46,-0.3,5,1.33,1,3.36,1.4221971724254692,5,0.10829146174974778,3.0531362040384424,True
0.46,-0.3,5,1.33,2,0.0,1.504039230964309,7,0.14038637398321924,3.0531362040384424,True
0.46,-0.3,5,1.33,2,3.36,1.5721693483389891,8,0.15962653439482277,3.2127310314450956,True
0.46,-0.3,5,1.5,1,0.0,1.3724550583167712,5,0.03677544462096151,3.1446034622775225,True
0.46,-0.3,5,1.5,1,3.36,1.6039817734121882,5,0.1413369215473036,3.299777406881831,True
0.46,-0.3,5,1.5,2,0.0,1.6962848469522331,8,0.18348703106287653,3.299777406881831,True
0.46,-0.3,5,1.5,2,3.36,1.7731233251943535,8,0.20272719147447998,3.44797490347128,True
0.46,-0.3,5,2.0,1,0.0,1.8299400777556947,6,0.10330782137839967,3.981158576637199,True
0.46,-0.3,5,2.0,1,3.36,2.138642364549584,6,0.20786929830474182,4.1048293036777945,True
0.46,-0.3,5,2.0,2,0.0,2.261713129269644,8,0.24134544195703078,4.1048293036777945,True
0.46,-0.3,5,2.0,2,3.36,2.364164433592471,8,0.2962572110571856,4.224881490921601,True
0.46,-0.3,10,0.75,1,0.0,0.6191289150980798,2,-0.23688016093268457,3.143135189394826,False
0.46,-0.3,10,0.75,1,3.36,0.7432861123386404,3,-0.14032172032249202,3.298378210395535,False
0.46,-0.3,10,0.75,2,0.0,0.7832471693924189,3,-0.11871951165463124,3.298378210395535,False
0.46,-0.3,10,0.75,2,3.36,0.8216664085134792,4,-0.09792281325150333,3.4466358697738944,False
0.46,-0.3,10,1.0,1,0.0,0.825505220130773,3,-0.13203229834067973,2.8841515265818187,False
0.46,-0.3,10,1.0,1,3.36,0.9910481497848537,4,-0.02364290466642041,3.0525939835301115,False
0.46,-0.3,10,1.0,2,0.0,1.044329559189892,5,-0.0028452415918690903,3.0525939835301115,True
0.46,-0.3,10,1.0,2,3.36,1.0955552113513054,5,0.017951456811258693,3.212215750581557,True
0.46,-0.3,10,1.33,1,0.0,1.0979219427739249,5,-0.04095706440563144,3.1388298656200257,True
0.46,-0.3,10,1.33,1,3.36,1.3180940392138514,5,0.07356040033558349,3.2942757816109185,True
0.46,-0.3,10,1.33,2,0.0,1.3889583137225523,5,0.10581642117479167,3.2942757816109185,True
0.46,-0.3,10,1.33,2,3.36,1.457088431097232,6,0.12661311957791951,3.4427101134583245,True
0.46,-0.3,10,1.5,1,0.0,1.2382578301961595,5,-0.00791160460807562,3.3792222744095626,True
0.46,-0.3,10,1.5,1,3.36,1.4865722246772808,5,0.10660586013313932,3.524080472955426,True
0.46,-0.3,10,1.5,2,0.0,1.5664943387848378,7,0.14046755487600063,3.524080472955426,True
0.46,-0.3,10,1.5,2,3.36,1.6433328170269583,7,0.1697137766575768,3.6632148694644897,True
0.46,-0.3,10,2.0,1,0.0,1.651010440261546,5,0.058620772149362566,4.168961004522576,True
0.46,-0.3,10,2.0,1,3.36,1.9820962995697073,5,0.17313823689057745,4.287217729160706,True
0.46,-0.3,10,2.0,2,0.0,2.088659118379784,8,0.19665839272799363,4.287217729160706,True
0.46,-0.3,10,2.0,2,3.36,2.191110422702611,8,0.2632437962402824,4.402298928654196,True
0.46,-0.3,15,0.75,1,0.0,0.569637767459294,2,-0.27306247254865135,3.525665784922802,False
0.46,-0.3,15,0.75,1,3.36,0.7007914384293852,3,-0.16588895136684195,3.6647399944573578,False
0.46,-0.3,15,0.75,2,0.0,0.7362713877756876,3,-0.1455804219999635,3.6647399944573578,False
0.46,-0.3,15,0.75,2,3.36,0.7746906268967478,4,-0.12349004429585327,3.79872600051324,False
0.46,-0.3,15,1.0,1,0.0,0.7595170232790586,3,-0.16821460995664653,3.296869793675131,False
0.46,-0.3,15,1.0,1,3.36,0.9343885845725135,4,-0.04921013571077028,3.4451923656666112,False
0.46,-0.3,15,1.0,2,0.0,0.9816951837009168,4,-0.029706151937201365,3.4451923656666112,False
0.46,-0.3,15,1.0,2,3.36,1.0329208358623305,5,-0.007615774233091151,3.5873876897329486,True
0.46,-0.3,15,1.33,1,0.0,1.010157640961145,5,-0.07713937602159819,3.5218281237833704,True
0.46,-0.3,15,1.33,1,3.36,1.2427368174814393,5,0.04603698557369422,3.6610481195241746,True
0.46,-0.3,15,1.33,2,0.0,1.3056545943222158,5,0.07685300729649618,3.6610481195241746,True
0.46,-0.3,15,1.33,2,3.36,1.3737847116968958,5,0.10104588853356966,3.7951644672492777,True
0.46,-0.3,15,1.5,1,0.0,1.139275534918588,5,-0.04409391622404242,3.7376682019715184,True
0.46,-0.3,15,1.5,1,3.36,1.4015828768587704,5,0.07908244537125002,3.869129564647455,True
0.46,-0.3,15,1.5,2,0.0,1.4725427755513751,6,0.1042852432600338,3.869129564647455,True
0.46,-0.3,15,1.5,2,3.36,1.5493812537934957,6,0.14414654561322687,3.996268708186301,True
0.46,-0.3,15,2.0,1,0.0,1.5190340465581171,5,0.022438460533395765,4.464443556076518,True
0.46,-0.3,15,2.0,1,3.36,1.868777169145027,5,0.1456148221286882,4.575068990233169,True
0.46,-0.3,15,2.0,2,0.0,1.9633903674018336,8,0.16047608111202688,4.575068990233169,True
0.46,-0.3,15,2.0,2,3.36,2.065841671724661,8,0.23767656519593253,4.683081919568902,True
0.46,-0.2,-15,0.75,1,0.0,1.124147042212977,6,0.03458367921763325,3.3436984354117993,True
0.46,-0.2,-15,0.75,1,3.36,1.2598502234148592,7,0.07625403889356633,3.490031407734795,True
0.46,-0.2,-15,0.75,2,0.0,1.7622828120784335,7,0.20893503541015032,3.490031407734795,True
0.46,-0.2,-15,0.75,2,3.36,1.8678713668232467,7,0.24526304624088285,3.630470937354452,True
0.46,-0.2,-15,1.0,1,0.0,1.4988627229506364,7,0.14792192178663094,3.101507768239103,True
0.46,-0.2,-15,1.0,1,3.36,1.6798002978864786,7,0.18420579497625122,3.2587344838828924,True
0.46,-0.2,-15,1.0,2,0.0,2.349710416104578,7,0.3081732160568601,3.2587344838828924,True
0.46,-0.2,-15,1.0,2,3.36,2.490495155764329,7,0.3518458959669341,3.4087168313674137,True
0.46,-0.2,-15,1.33,1,0.0,1.9934874215243403,7,0.2524506925922535,3.339651678464611,True
0.46,-0.2,-15,1.33,1,3.36,2.23413439618901,7,0.28013047199067764,3.486154519448542,True
0.46,-0.2,-15,1.33,2,0.0,3.125114853419085,8,0.3906849172312673,3.486154519448542,True
0.46,-0.2,-15,1.33,2,3.36,3.312358557166554,8,0.445622030440895,3.6267441781123044,True
0.46,-0.2,-15,1.5,1,0.0,2.248294084425954,7,0.29313603405576993,3.5665338338545176,True
0.46,-0.2,-15,1.5,1,3.36,2.5197004468297184,7,0.31837803813827087,3.7040739177328796,True
0.46,-0.2,-15,1.5,2,0.0,3.524565624156867,8,0.41979242931977767,3.7040739177328796,True
0.46,-0.2,-15,1.5,2,3.36,3.7357427336464935,8,0.4767626211590469,3.8366865376297037,True
0.46,-0.2,-15,2.0,1,0.0,2.9977254459012728,7,0.3787731771280379,4.3221818871252,True
0.46,-0.2,-15,2.0,1,3.36,3.359600595772957,7,0.40809175956014143,4.436356192348981,True
0.46,-0.2,-15,2.0,2,0.0,4.699420832209156,8,0.49713785283388034,4.436356192348981,True
0.46,-0.2,-15,2.0,2,3.36,4.980990311528658,8,0.5366294037239738,4.547664924485219,True
0.46,-0.2,-10,0.75,1,0.0,0.8938260029149269,3,-0.07281189356617501,2.937566819463355,False
0.46,-0.2,-10,0.75,1,3.36,1.0487107082579414,5,-0.003409175882315211,3.103111151540024,True
0.46,-0.2,-10,0.75,2,0.0,1.1940092865950054,7,0.059536992145180975,3.103111151540024,True
0.46,-0.2,-10,0.75,2,3.36,1.3718723855540698,7,0.11001156580354639,3.2602605446209436,True
0.46,-0.2,-10,1.0,1,0.0,1.191768003886569,6,0.03513986251650992,2.6586331127638196,True
0.46,-0.2,-10,1.0,1,3.36,1.3982809443439217,6,0.10454258020036969,2.840480598117902,True
0.46,-0.2,-10,1.0,2,0.0,1.5920123821266738,7,0.1756838333298851,2.840480598117902,True
0.46,-0.2,-10,1.0,2,3.36,1.8291631807387603,7,0.2156934586160071,3.0113668040084782,True
0.46,-0.2,-10,1.33,1,0.0,1.5850514451691322,7,0.13106453953093633,2.9329597551463658,True
0.46,-0.2,-10,1.33,1,3.36,1.8597136559774106,7,0.20046725721479614,3.098750219896439,True
0.46,-0.2,-10,1.33,2,0.0,2.117376468228474,7,0.28479277690608645,3.098750219896439,True
0.46,-0.2,-10,1.33,2,3.36,2.4327870303825447,8,0.30806395098646033,3.2561100910915513,True
0.46,-0.2,-10,1.5,1,0.0,1.7876520058298537,7,0.16682435402674034,3.1889094028939957,True
0.46,-0.2,-10,1.5,1,3.36,2.097421416515883,7,0.23622707171060014,3.3420268071734163,True
0.46,-0.2,-10,1.5,2,0.0,2.3880185731900108,8,0.32769668869930557,3.3420268071734163,True
0.46,-0.2,-10,1.5,2,3.36,2.7437447711081395,8,0.3418300403224299,3.4884299018133844,True
0.46,-0.2,-10,2.0,1,0.0,2.383536007773138,7,0.2414165099787921,4.016246488604738,True
0.46,-0.2,-10,2.0,1,3.36,2.7965618886878434,7,0.30806022553449525,4.138868910370307,True
0.46,-0.2,-10,2.0,2,0.0,3.1840247642533477,8,0.3875634712642325,4.138868910370307,True
0.46,-0.2,-10,2.0,2,3.36,3.6583263614775205,8,0.4360315505487401,4.257961467325637,True
0.46,-0.2,-5,0.75,1,0.0,0.7482036931267098,2,-0.15004503089647775,2.6643360474823914,False
0.46,-0.2,-5,0.75,1,3.36,0.9030883984697244,3,-0.06833461529066047,2.845819139354097,False
0.46,-0.2,-5,0.75,2,0.0,1.0214524609066464,5,-0.0030133245584493696,2.845819139354097,True
0.46,-0.2,-5,0.75,2,3.36,1.0586259731859262,5,0.012511061481858606,3.016402919689956,True
0.46,-0.2,-5,1.0,1,0.0,0.9976049241689463,4,-0.04209327481379279,2.3532355987844222,False
0.46,-0.2,-5,1.0,1,3.36,1.204117864626299,5,0.039617140792024476,2.556896122916666,True
0.46,-0.2,-5,1.0,2,0.0,1.3619366145421952,7,0.11313351662625468,2.556896122916666,True
0.46,-0.2,-5,1.0,2,3.36,1.4115012975812349,7,0.12865790266656266,2.745490444963573,True
0.46,-0.2,-5,1.33,1,0.0,1.3268145491446948,6,0.05383140220063361,2.65925566285197,True
0.46,-0.2,-5,1.33,1,3.36,1.6014767599529731,6,0.13554181780645086,2.841063301021339,True
0.46,-0.2,-5,1.33,2,0.0,1.8113756973411146,7,0.22135603928049252,2.841063301021339,True
0.46,-0.2,-5,1.33,2,3.36,1.8772967257830373,7,0.23776684624276406,3.0119164464523696,True
0.46,-0.2,-5,1.5,1,0.0,1.4964073862534195,7,0.08959121669643756,2.93913778767988,True
0.46,-0.2,-5,1.5,1,3.36,1.8061767969394489,7,0.17130163230225487,3.1045983532443904,True
0.46,-0.2,-5,1.5,2,0.0,2.042904921813293,7,0.25046355136900283,3.1045983532443904,True
0.46,-0.2,-5,1.5,2,3.36,2.1172519463718524,8,0.2811307905501231,3.261676092895765,True
0.46,-0.2,-5,2.0,1,0.0,1.9952098483378926,7,0.16142437052033276,3.820945382013714,True
0.46,-0.2,-5,2.0,1,3.36,2.408235729252598,7,0.24313478612615003,3.949635883512799,True
0.46,-0.2,-5,2.0,2,0.0,2.7238732290843903,8,0.31033033393392984,3.949635883512799,True
0.46,-0.2,-5,2.0,2,3.36,2.8230025951624698,8,0.37553166658452886,4.0742635668709415,True
0.46,-0.2,0,0.75,1,0.0,0.6444815468971868,2,-0.2148543914967694,2.566803945041662,False
0.46,-0.2,0,0.75,1,3.36,0.7993662522402014,3,-0.12131906923361739,2.754720038820903,False
0.46,-0.2,0,0.75,2,0.0,0.9058878295997917,4,-0.05515705858827116,2.754720038820903,False
0.46,-0.2,0,0.75,2,3.36,0.9430613418790716,4,-0.037691541086426264,2.9306112830400144,False
0.46,-0.2,0,1.0,1,0.0,0.8593087291962491,4,-0.10690263541408443,2.242211787890168,False
0.46,-0.2,0,1.0,1,3.36,1.0658216696536018,5,-0.013367313150932422,2.4550995299078253,True
0.46,-0.2,0,1.0,2,0.0,1.207850439466389,5,0.06098978259643288,2.4550995299078253,True
0.46,-0.2,0,1.0,2,3.36,1.2574151225054289,5,0.07845530009827782,2.6509458126777363,True
0.46,-0.2,0,1.33,1,0.0,1.142880609831008,5,-0.010977958399658032,2.5615301284149705,True
0.46,-0.2,0,1.33,1,3.36,1.4175428206392864,5,0.08255736386349401,2.7498066475258978,True
0.46,-0.2,0,1.33,2,0.0,1.6064410844902928,7,0.1565466786802009,2.7498066475258978,True
0.46,-0.2,0,1.33,2,3.36,1.672362112932216,7,0.18756424367447921,2.9259932670424273,True
0.46,-0.2,0,1.5,1,0.0,1.2889630937943737,5,0.0247818560961459,2.851022071702555,True
0.46,-0.2,0,1.5,1,3.36,1.5987325044804028,5,0.11831717835929793,3.021312107898674,True
0.46,-0.2,0,1.5,2,0.0,1.8117756591995835,7,0.1856541907687112,3.021312107898674,True
0.46,-0.2,0,1.5,2,3.36,1.8861226837581433,7,0.23092818798183823,3.1825032369716655,True
0.46,-0.2,0,2.0,1,0.0,1.7186174583924982,7,0.09661500992004113,3.7535875546867525,True
0.46,-0.2,0,2.0,1,3.36,2.1316433393072036,7,0.1901503321831931,3.8845102047361486,True
0.46,-0.2,0,2.0,2,0.0,2.415700878932778,8,0.2455209733336382,3.8845102047361486,True
0.46,-0.2,0,2.0,2,3.36,2.5148302450108577,8,0.32532906401624406,4.011161867925461,True
0.46,-0.2,5,0.75,1,0.0,0.5689734097289965,2,-0.26897290778561417,2.6643360474823914,False
0.46,-0.2,5,0.75,1,3.36,0.723858115072011,3,-0.16441143085927204,2.845819139354097,False
0.46,-0.2,5,0.75,2,0.0,0.8206417803934263,3,-0.09807785970577192,2.845819139354097,False
0.46,-0.2,5,0.75,2,3.36,0.8578152926727061,4,-0.0788376992941685,3.016402919689956,False
0.46,-0.2,5,1.0,1,0.0,0.7586312129719951,3,-0.16102115170292924,2.3532355987844222,False
0.46,-0.2,5,1.0,1,3.36,0.9651441534293479,4,-0.056459674776587115,2.556896122916666,False
0.46,-0.2,5,1.0,2,0.0,1.0941890405245682,5,0.018068981478932104,2.556896122916666,True
0.46,-0.2,5,1.0,2,3.36,1.1437537235636082,5,0.03730914189053561,2.745490444963573,True
0.46,-0.2,5,1.33,1,0.0,1.0089795132527508,5,-0.06509647468850274,2.65925566285197,True
0.46,-0.2,5,1.33,1,3.36,1.283641724061029,5,0.03946500223783926,2.841063301021339,True
0.46,-0.2,5,1.33,2,0.0,1.4552714238976718,5,0.10242816239135615,2.841063301021339,True
0.46,-0.2,5,1.33,2,3.36,1.5211924523395948,6,0.14641808546673696,3.0119164464523696,True
0.46,-0.2,5,1.5,1,0.0,1.137946819457993,5,-0.029336660192698823,2.93913778767988,True
0.46,-0.2,5,1.5,1,3.36,1.447716230144022,5,0.07522481673364327,3.1045983532443904,True
0.46,-0.2,5,1.5,2,0.0,1.6412835607868526,6,0.13153567447986642,3.1045983532443904,True
0.46,-0.2,5,1.5,2,3.36,1.7156305853454121,7,0.18978202977409597,3.261676092895765,True
0.46,-0.2,5,2.0,1,0.0,1.5172624259439902,5,0.042496493631196286,3.820945382013714,True
0.46,-0.2,5,2.0,1,3.36,1.9302883068586958,5,0.14705797055753844,3.949635883512799,True
0.46,-0.2,5,2.0,2,0.0,2.1883780810491364,8,0.19140245704479336,3.949635883512799,True
0.46,-0.2,5,2.0,2,3.36,2.2875074471272163,8,0.2841829058085018,4.0742635668709415,True
0.46,-0.2,10,0.75,1,0.0,0.5133397815112474,2,-0.3136599570146513,2.937566819463355,False
0.46,-0.2,10,0.75,1,3.36,0.6682244868542621,3,-0.1991424922734363,3.103111151540024,False
0.46,-0.2,10,0.75,2,0.0,0.7578507262305413,3,-0.13264781251419952,3.103111151540024,False
0.46,-0.2,10,0.75,2,3.36,0.7950242385098212,4,-0.11185111411107164,3.2602605446209436,False
0.46,-0.2,10,1.0,1,0.0,0.6844530420149965,3,-0.20570820093196632,2.6586331127638196,False
0.46,-0.2,10,1.0,1,3.36,0.8909659824723491,3,-0.09119073619075146,2.840480598117902,False
0.46,-0.2,10,1.0,2,0.0,1.0104676349740551,5,-0.024770588012088188,2.840480598117902,True
0.46,-0.2,10,1.0,2,3.36,1.0600323180130948,5,0.004295727073632412,3.0113668040084782,True
0.46,-0.2,10,1.33,1,0.0,0.9103225458799425,4,-0.10978352391753998,2.9329597551463658,False
0.46,-0.2,10,1.33,1,3.36,1.184984756688221,5,0.0047339408236749675,3.098750219896439,True
0.46,-0.2,10,1.33,2,0.0,1.3439219545154895,5,0.05774111316231896,3.098750219896439,True
0.46,-0.2,10,1.33,2,3.36,1.4098429829574122,5,0.11340467064983371,3.2561100910915513,True
0.46,-0.2,10,1.5,1,0.0,1.0266795630224947,5,-0.07402370942173597,3.1889094028939957,True
0.46,-0.2,10,1.5,1,3.36,1.3364489737085241,5,0.040493755319479005,3.3420268071734163,True
0.46,-0.2,10,1.5,2,0.0,1.5157014524610826,5,0.08684862525082926,3.3420268071734163,True
0.46,-0.2,10,1.5,2,3.36,1.5900484770196424,5,0.15676861495719283,3.4884299018133844,True
0.46,-0.2,10,2.0,1,0.0,1.368906084029993,5,-0.0021905555978407876,4.016246488604738,True
0.46,-0.2,10,2.0,1,3.36,1.7819319649446983,5,0.11232690914337412,4.138868910370307,True
0.46,-0.2,10,2.0,2,0.0,2.0209352699481102,8,0.14671540781575632,4.138868910370307,True
0.46,-0.2,10,2.0,2,3.36,2.1200646360261897,8,0.2511694909915986,4.257961467325637,True
0.46,-0.2,15,0.75,1,0.0,0.4723050724287124,2,-0.3498422686306181,3.3436984354117993,False
0.46,-0.2,15,0.75,1,3.36,0.6271897777717269,3,-0.22666590703532566,3.490031407734795,False
0.46,-0.2,15,0.75,2,0.0,0.7123981135628144,3,-0.16019108027476484,3.490031407734795,False
0.46,-0.2,15,0.75,2,3.36,0.7495716258420942,4,-0.13741834515542156,3.630470937354452,False
0.46,-0.2,15,1.0,1,0.0,0.6297400965716164,3,-0.24189051254793317,3.101507768239103,False
0.46,-0.2,15,1.0,1,3.36,0.836253037028969,3,-0.11871415095264076,3.2587344838828924,False
0.46,-0.2,15,1.0,2,0.0,0.9498641514170858,4,-0.06095289962805498,3.2587344838828924,False
0.46,-0.2,15,1.0,2,3.36,0.9994288344561257,4,-0.021271503970717445,3.4087168313674137,False
0.46,-0.2,15,1.33,1,0.0,0.8375543284402475,4,-0.14596583553350675,3.339651678464611,False
0.46,-0.2,15,1.33,1,3.36,1.1122165392485257,5,-0.02278947393821433,3.486154519448542,True
0.46,-0.2,15,1.33,2,0.0,1.2633193213847207,5,0.02155880154635216,3.486154519448542,True
0.46,-0.2,15,1.33,2,3.36,1.3292403498266436,5,0.08783743960548392,3.6267441781123044,True
0.46,-0.2,15,1.5,1,0.0,0.9446101448574248,4,-0.11020602103770277,3.5665338338545176,False
0.46,-0.2,15,1.5,1,3.36,1.2543795555434538,5,0.012970340557589652,3.7040739177328796,True
0.46,-0.2,15,1.5,2,0.0,1.4247962271256287,5,0.050666313634862487,3.7040739177328796,True
0.46,-0.2,15,1.5,2,3.36,1.4991432516841885,5,0.13120138391284292,3.8366865376297037,True
0.46,-0.2,15,2.0,1,0.0,1.259480193143233,5,-0.0383728672138076,4.3221818871252,True
0.46,-0.2,15,2.0,1,3.36,1.672506074057938,5,0.08480349438148477,4.436356192348981,True
0.46,-0.2,15,2.0,2,0.0,1.8997283028341716,7,0.11053309619978952,4.436356192348981,True
0.46,-0.2,15,2.0,2,3.36,1.9988576689122515,7,0.22560225994724872,4.547664924485219,True
0.46,-0.1,-15,0.75,1,0.0,0.9148100807889542,4,-0.05204159956480631,3.2296004748227474,False
0.46,-0.1,-15,0.75,1,3.36,1.0677691430349179,6,0.015355773900867715,3.380875511901513,True
0.46,-0.1,-15,0.75,2,0.0,1.4820996231165233,7,0.1392399577655435,3.380875511901513,True
0.46,-0.1,-15,0.75,2,3.36,1.5449267568932943,7,0.16706526174364747,3.525665784922802,True
0.46,-0.1,-15,1.0,1,0.0,1.2197467743852721,7,0.06330219565461359,2.9781454693227296,True
0.46,-0.1,-15,1.0,1,3.36,1.423692190713224,7,0.1308759446699146,3.1415522336016477,True
0.46,-0.1,-15,1.0,2,0.0,1.9761328308220305,7,0.24210168301216473,3.1415522336016477,True
0.46,-0.1,-15,1.0,2,3.36,2.059902342524392,7,0.2765335915938807,3.296869793675131,True
0.46,-0.1,-15,1.33,1,0.0,1.6222632099324072,7,0.17109507116931555,3.2254105682023635,True
0.46,-0.1,-15,1.33,1,3.36,1.893510613648582,7,0.2389574294863792,3.3768733072876,True
0.46,-0.1,-15,1.33,2,0.0,2.6282566649932986,7,0.34329753108624256,3.3768733072876,True
0.46,-0.1,-15,1.33,2,3.36,2.7396701155574386,7,0.3748566350017005,3.5218281237833704,True
0.46,-0.1,-15,1.5,1,0.0,1.8296201615779084,7,0.2136853743930098,3.4597924197889394,True
0.46,-0.1,-15,1.5,1,3.36,2.1355382860698358,7,0.28126084443298405,3.6014113328012125,True
0.46,-0.1,-15,1.5,2,0.0,2.9641992462330466,7,0.38697165545131246,3.6014113328012125,True
0.46,-0.1,-15,1.5,2,3.36,3.0898535137865886,8,0.41197535064018953,3.7376682019715184,True
0.46,-0.1,-15,2.0,1,0.0,2.4394935487705443,7,0.30553320444867205,4.234531410367994,True
0.46,-0.1,-15,2.0,1,3.36,2.847384381426448,7,0.3706213045464395,4.351006350879432,True
0.46,-0.1,-15,2.0,2,0.0,3.952265661644061,8,0.48240113736323037,4.351006350879432,True
0.46,-0.1,-15,2.0,2,3.36,4.119804685048784,8,0.4870546556227795,4.464443556076518,True
0.46,-0.1,-10,0.75,1,0.0,0.7355928528797612,2,-0.15341396704970978,2.8070088740173325,False
0.46,-0.1,-10,0.75,1,3.36,0.8630584691173245,4,-0.08401124936585001,2.9798152323276774,False
0.46,-0.1,-10,0.75,2,0.0,1.1253244525541044,6,0.028075543770006338,2.9798152323276774,True
0.46,-0.1,-10,0.75,2,3.36,1.169140643891513,6,0.05608912383571864,3.1431351893948265,True
0.46,-0.1,-10,1.0,1,0.0,0.9807904705063482,4,-0.04271571042761904,2.5136288565108886,False
0.46,-0.1,-10,1.0,1,3.36,1.150744625489766,5,0.026687007256240763,2.705241214436198,True
0.46,-0.1,-10,1.0,2,0.0,1.5004326034054738,7,0.13661479634022394,2.705241214436198,True
0.46,-0.1,-10,1.0,2,3.36,1.5588541918553505,7,0.17255613631646247,2.884151526581819,True
0.46,-0.1,-10,1.33,1,0.0,1.304451325773439,7,0.05756630284310558,2.8021871681435253,True
0.46,-0.1,-10,1.33,1,3.36,1.5304903519013842,7,0.12696902052696543,2.9752735883122123,True
0.46,-0.1,-10,1.33,2,0.0,1.99557536252928,7,0.23346631109604976,2.9752735883122123,True
0.46,-0.1,-10,1.33,2,3.36,2.0732760751676107,7,0.2821912288011023,3.1388298656200257,True
0.46,-0.1,-10,1.5,1,0.0,1.4711857057595223,7,0.09580304752436375,3.0690622639278176,True
0.46,-0.1,-10,1.5,1,3.36,1.726116938234649,7,0.16520576520822355,3.2278697588139673,True
0.46,-0.1,-10,1.5,2,0.0,2.250648905108209,7,0.26940473873790294,3.2278697588139673,True
0.46,-0.1,-10,1.5,2,3.36,2.338281287783026,7,0.3258653531661722,3.379222274409563,True
0.46,-0.1,-10,2.0,1,0.0,1.9615809410126963,7,0.17387707269739588,3.921764380636589,True
0.46,-0.1,-10,2.0,1,3.36,2.301489250979532,7,0.2432797903812557,4.047250407033136,True
0.46,-0.1,-10,2.0,2,0.0,3.0008652068109476,8,0.34278505847716834,4.047250407033136,True
0.46,-0.1,-10,2.0,2,3.36,3.117708383710701,8,0.40273296919482837,4.1689610045225765,True
0.46,-0.1,-5,0.75,1,0.0,0.6157499192990401,2,-0.2306471043800125,2.5196600115718177,False
0.46,-0.1,-5,0.75,1,3.36,0.7432155355366036,3,-0.14893668877419525,2.7108460992675503,False
0.46,-0.1,-5,0.75,2,0.0,0.9813919437653412,4,-0.030088920185231294,2.7108460992675503,False
0.46,-0.1,-5,0.75,2,3.36,1.0171075417677835,5,-0.004410760128492695,2.889409381502402,True
0.46,-0.1,-5,1.0,1,0.0,0.8209998923987201,4,-0.11994884775792178,2.1880854150115523,False
0.46,-0.1,-5,1.0,1,3.36,0.990954047382138,4,-0.03823843215210449,2.4057676079343735,False
0.46,-0.1,-5,1.0,2,0.0,1.3085225916871213,6,0.07277280506138997,2.4057676079343735,True
0.46,-0.1,-5,1.0,2,3.36,1.3561433890237111,6,0.11205625235225114,2.6053248901790114,True
0.46,-0.1,-5,1.33,1,0.0,1.0919298568902944,5,-0.01966683448719709,2.514287310633029,True
0.46,-0.1,-5,1.33,1,3.36,1.3179688830182394,5,0.06204358111862015,2.705853041170246,True
0.46,-0.1,-5,1.33,2,0.0,1.740335046943867,7,0.16078660130880734,2.705853041170246,True
0.46,-0.1,-5,1.33,2,3.36,1.8036707074015312,7,0.221691344836891,2.8847254081472413,True
0.46,-0.1,-5,1.5,1,0.0,1.2314998385980802,5,0.018569910194061026,2.8086528683637253,True
0.46,-0.1,-5,1.5,1,3.36,1.4864310710732072,5,0.10028032579987833,2.9813639386978203,True
0.46,-0.1,-5,1.5,2,0.0,1.9627838875306824,7,0.19217160140760017,2.9813639386978203,True
0.46,-0.1,-5,1.5,2,3.36,2.034215083535567,7,0.2653654692019609,3.1446034622775225,True
0.46,-0.1,-5,2.0,1,0.0,1.6419997847974401,7,0.09664393536709313,3.7215082442918126,True
0.46,-0.1,-5,2.0,1,3.36,1.981908094764276,7,0.1783543509729104,3.8535209370563863,True
0.46,-0.1,-5,2.0,2,0.0,2.6170451833742425,8,0.2560971141806659,3.8535209370563863,True
0.46,-0.1,-5,2.0,2,3.36,2.7122867780474222,8,0.3378075297864832,3.981158576637199,True
0.46,-0.1,0,0.75,1,0.0,0.5303896039770788,2,-0.29545646498030415,2.416295199738939,False
0.46,-0.1,0,0.75,1,3.36,0.6578552202146422,3,-0.2019211427171521,2.615049233242357,False
0.46,-0.1,0,0.75,2,0.0,0.8644485661676264,3,-0.09489828078552295,2.615049233242357,False
0.46,-0.1,0,0.75,2,3.36,0.9060752593176615,4,-0.05461336269677754,2.7997290033646896,False
0.46,-0.1,0,1.0,1,0.0,0.707186138636105,4,-0.18475820835821335,2.0682151004558555,False
0.46,-0.1,0,1.0,1,3.36,0.8771402936195227,4,-0.0912228860950614,2.2972839836976235,False
0.46,-0.1,0,1.0,2,0.0,1.1525980882235018,5,0.007963444461098382,2.2972839836976235,True
0.46,-0.1,0,1.0,2,3.36,1.2081003457568817,5,0.061853649783966264,2.5054966976137933,True
0.46,-0.1,0,1.33,1,0.0,0.9405575643860167,4,-0.08447619508748876,2.41069214102042,False
0.46,-0.1,0,1.33,1,3.36,1.1665965905139617,5,0.009059127175663269,2.6098729085489234,True
0.46,-0.1,0,1.33,2,0.0,1.532955457337256,6,0.09597724070851567,2.6098729085489234,True
0.46,-0.1,0,1.33,2,3.36,1.6067734598566488,6,0.17148874226860616,2.7948947384074443,True
0.46,-0.1,0,1.5,1,0.0,1.0607792079541576,5,-0.04623945040623057,2.7163075770860576,True
0.46,-0.1,0,1.5,1,3.36,1.3157104404292843,5,0.04729587185692144,2.8945339613373218,True
0.46,-0.1,0,1.5,2,0.0,1.7288971323352529,7,0.12736224080730854,2.8945339613373218,True
0.46,-0.1,0,1.5,2,3.36,1.812150518635323,7,0.21516286663367606,3.0624054031651537,True
0.46,-0.1,0,2.0,1,0.0,1.41437227727221,5,0.03183457476680156,3.6523170085165493,True
0.46,-0.1,0,2.0,1,3.36,1.7542805872390455,5,0.1253698970299535,3.786742601590353,True
0.46,-0.1,0,2.0,2,0.0,2.3051961764470037,7,0.1912877535803743,3.786742601590353,True
0.46,-0.1,0,2.0,2,3.36,2.4162006915137635,8,0.2848230758435263,3.916557101677349,True
0.46,-0.1,5,0.75,1,0.0,0.468248599067791,2,-0.34957498126914893,2.5196600115718177,False
0.46,-0.1,5,0.75,1,3.36,0.5957142153053544,3,-0.24501350434280678,2.7108460992675503,False
0.46,-0.1,5,0.75,2,0.0,0.7631688612276127,3,-0.1490167970743677,2.7108460992675503,False
0.46,-0.1,5,0.75,2,3.36,0.8241724893593865,3,-0.09575952090451975,2.889409381502402,False
0.46,-0.1,5,1.0,1,0.0,0.6243314654237212,3,-0.2388767246470582,2.1880854150115523,False
0.46,-0.1,5,1.0,1,3.36,0.7942856204071391,3,-0.13431524772071604,2.4057676079343735,False
0.46,-0.1,5,1.0,2,0.0,1.0175584816368166,5,-0.046155071827746516,2.4057676079343735,True
0.46,-0.1,5,1.0,2,3.36,1.0988966524791817,5,0.02070749157622404,2.6053248901790114,True
0.46,-0.1,5,1.33,1,0.0,0.8303608490135468,4,-0.13859471137633347,2.514287310633029,False
0.46,-0.1,5,1.33,1,3.36,1.0563998751414918,5,-0.03403323444999139,2.705853041170246,True
0.46,-0.1,5,1.33,2,0.0,1.3533527805769654,5,0.04185872441967099,2.705853041170246,True
0.46,-0.1,5,1.33,2,3.36,1.4615325477973082,5,0.130342584060864,2.8847254081472413,True
0.46,-0.1,5,1.5,1,0.0,0.936497198135582,4,-0.10035796669507537,2.8086528683637253,False
0.46,-0.1,5,1.5,1,3.36,1.1914284306107088,5,0.004203510231266763,2.9813639386978203,True
0.46,-0.1,5,1.5,2,0.0,1.5263377224552255,5,0.07324372451846378,2.9813639386978203,True
0.46,-0.1,5,1.5,2,3.36,1.648344978718773,5,0.17401670842593384,3.1446034622775225,True
0.46,-0.1,5,2.0,1,0.0,1.2486629308474424,5,-0.0222839415220433,3.7215082442918126,True
0.46,-0.1,5,2.0,1,3.36,1.5885712408142783,5,0.08227753540429887,3.8535209370563863,True
0.46,-0.1,5,2.0,2,0.0,2.0351169632736332,7,0.1371692372915294,3.8535209370563863,True
0.46,-0.1,5,2.0,2,3.36,2.1977933049583633,7,0.24173071421787162,3.981158576637199,True
0.46,-0.1,10,0.75,1,0.0,0.4224637380732725,2,-0.39426203049818603,2.8070088740173325,False
0.46,-0.1,10,0.75,1,3.36,0.5499293543108359,3,-0.2797445657569711,2.9798152323276774,False
0.46,-0.1,10,0.75,2,0.0,0.6885470037437582,3,-0.19370384630340487,2.9798152323276774,False
0.46,-0.1,10,0.75,2,3.36,0.7638440481891612,3,-0.1287729357214229,3.1431351893948265,False
0.46,-0.1,10,1.0,1,0.0,0.5632849840976966,3,-0.2835637738760953,2.5136288565108886,False
0.46,-0.1,10,1.0,1,3.36,0.7332391390811144,3,-0.16904630913488042,2.705241214436198,False
0.46,-0.1,10,1.0,2,0.0,0.9180626716583441,3,-0.09084212105678358,2.705241214436198,False
0.46,-0.1,10,1.0,2,3.36,1.0184587309188813,5,-0.012305923240679133,2.884151526581819,True
0.46,-0.1,10,1.33,1,0.0,0.7491690288499342,4,-0.18328176060537063,2.8021871681435253,False
0.46,-0.1,10,1.33,1,3.36,0.9752080549778791,4,-0.06876429586415579,2.9752735883122123,False
0.46,-0.1,10,1.33,2,0.0,1.2210233533055967,5,-0.0028283248093661784,2.9752735883122123,True
0.46,-0.1,10,1.33,2,3.36,1.3545501121221086,5,0.0973291692439607,3.1388298656200257,True
0.46,-0.1,10,1.5,1,0.0,0.844927476146545,4,-0.1450450159241125,3.0690622639278176,False
0.46,-0.1,10,1.5,1,3.36,1.0998587086216718,5,-0.030527551182897572,3.2278697588139673,True
0.46,-0.1,10,1.5,2,0.0,1.3770940074875164,5,0.028556675289426625,3.2278697588139673,True
0.46,-0.1,10,1.5,2,3.36,1.5276880963783224,5,0.1410032936090307,3.379222274409563,True
0.46,-0.1,10,2.0,1,0.0,1.1265699681953931,5,-0.06697099075108041,3.921764380636589,True
0.46,-0.1,10,2.0,1,3.36,1.4664782781622288,5,0.047546473990134466,4.047250407033136,True
0.46,-0.1,10,2.0,2,0.0,1.8361253433166882,6,0.09248218806249237,4.047250407033136,True
0.46,-0.1,10,2.0,2,3.36,2.0369174618377626,6,0.2069996528037073,4.1689610045225765,True
0.46,-0.1,15,0.75,1,0.0,0.38869336372449004,2,-0.4304443421141529,3.2296004748227474,False
0.46,-0.1,15,0.75,1,3.36,0.5161589799620534,3,-0.30726798051886045,3.380875511901513,False
0.46,-0.1,15,0.75,2,0.0,0.6335068003426174,3,-0.22988615791937164,3.380875511901513,False
0.46,-0.1,15,0.75,2,3.36,0.7201740492392341,3,-0.1543401667657728,3.525665784922802,False
0.46,-0.1,15,1.0,1,0.0,0.51825781829932,3,-0.31974608549206207,2.9781454693227296,False
0.46,-0.1,15,1.0,1,3.36,0.6882119732827378,3,-0.19656972389676972,3.1415522336016477,False
0.46,-0.1,15,1.0,2,0.0,0.8446757337901564,3,-0.12702443267275038,3.1415522336016477,False
0.46,-0.1,15,1.0,2,3.36,0.960232065652312,4,-0.037873154285028965,3.296869793675131,False
0.46,-0.1,15,1.33,1,0.0,0.6892828983380935,4,-0.21946407222133746,3.2254105682023635,False
0.46,-0.1,15,1.33,1,3.36,0.9153219244660386,4,-0.09628771062604499,3.3768733072876,False
0.46,-0.1,15,1.33,2,0.0,1.123418725940907,5,-0.039010636425333034,3.3768733072876,True
0.46,-0.1,15,1.33,2,3.36,1.2771086473175717,5,0.07176193819961088,3.5218281237833704,True
0.46,-0.1,15,1.5,1,0.0,0.7773867274489801,4,-0.18122732754007934,3.4597924197889394,False
0.46,-0.1,15,1.5,1,3.36,1.0323179599241068,5,-0.058050965944786884,3.6014113328012125,True
0.46,-0.1,15,1.5,2,0.0,1.2670136006852348,5,-0.007625636326540147,3.6014113328012125,True
0.46,-0.1,15,1.5,2,3.36,1.4403480984784682,5,0.11543606256468078,3.7376682019715184,True
0.46,-0.1,15,2.0,1,0.0,1.03651563659864,5,-0.1031533023670472,4.234531410367994,True
0.46,-0.1,15,2.0,1,3.36,1.3764239465654755,5,0.020023059228245196,4.351006350879432,True
0.46,-0.1,15,2.0,2,0.0,1.6893514675803127,5,0.056299876446525565,4.351006350879432,True
0.46,-0.1,15,2.0,2,3.36,1.920464131304624,5,0.17947623804181795,4.464443556076518,True
0.46,0.0,-15,0.75,1,0.0,0.7913867875745447,3,-0.1134676099042903,3.19066125230732,False
0.46,0.0,-15,0.75,1,3.36,0.8791507610417267,3,-0.0678947457151664,3.3436984354117993,False
0.46,0.0,-15,0.75,2,0.0,1.2658577985075714,7,0.0842269929495768,3.3436984354117993,True
0.46,0.0,-15,0.75,2,3.36,1.3164919841671765,7,0.1081652167785571,3.490031407734795,True
0.46,0.0,-15,1.0,1,0.0,1.0551823834327265,5,0.0029438020418079518,2.935873027984606,True
0.46,0.0,-15,1.0,1,3.36,1.1722010147223036,6,0.04844490243947605,3.101507768239103,True
0.46,0.0,-15,1.0,2,0.0,1.6878103980100956,7,0.19623279302317004,3.101507768239103,True
0.46,0.0,-15,1.0,2,3.36,1.755322645556235,7,0.2250028787391699,3.2587344838828924,True
0.46,0.0,-15,1.33,1,0.0,1.4033925699655219,7,0.11248746553740299,3.186420143903107,True
0.46,0.0,-15,1.33,1,3.36,1.559027349580664,7,0.15787059466256298,3.339651678464611,True
0.46,0.0,-15,1.33,2,0.0,2.2447878293534247,7,0.29861103124423566,3.339651678464611,True
0.46,0.0,-15,1.33,2,3.36,2.334579118589787,7,0.3212103233224689,3.486154519448542,True
0.46,0.0,-15,1.5,1,0.0,1.5827735751490895,7,0.15610765361752352,3.423472445928111,True
0.46,0.0,-15,1.5,1,3.36,1.7583015220834535,7,0.2014212109985108,3.5665338338545176,True
0.46,0.0,-15,1.5,2,0.0,2.531715597015143,7,0.3380521746326168,3.5665338338545176,True
0.46,0.0,-15,1.5,2,3.36,2.632983968334353,7,0.3553998666035951,3.7040739177328796,True
0.46,0.0,-15,2.0,1,0.0,2.110364766865453,7,0.251358068806824,4.204908591799963,True
0.46,0.0,-15,2.0,1,3.36,2.3444020294446073,7,0.29644077801040336,4.3221818871252,True
0.46,0.0,-15,2.0,2,0.0,3.375620796020191,8,0.41970130358058155,4.3221818871252,True
0.46,0.0,-15,2.0,2,3.36,3.51064529111247,8,0.42573492491470444,4.436356192348981,True
0.46,0.0,-10,0.75,1,0.0,0.6015316852936051,2,-0.2373390925360027,2.7621185381536493,False
0.46,0.0,-10,0.75,1,3.36,0.7057668021142718,2,-0.1679363748521429,2.937566819463355,False
0.46,0.0,-10,0.75,2,0.0,0.9787821826589579,3,-0.027153138772114747,2.937566819463355,False
0.46,0.0,-10,0.75,2,3.36,1.1141315048969078,5,0.03568345283564124,3.103111151540024,True
0.46,0.0,-10,1.0,1,0.0,0.8020422470581401,4,-0.124250187358472,2.4633980653325676,False
0.46,0.0,-10,1.0,1,3.36,0.9410224028190289,4,-0.05484746967461225,2.6586331127638196,False
0.46,0.0,-10,1.0,2,0.0,1.305042910211944,7,0.07901543198444666,2.6586331127638196,True
0.46,0.0,-10,1.0,2,3.36,1.485508673195877,7,0.14841814966830644,2.840480598117902,True
0.46,0.0,-10,1.33,1,0.0,1.0667161885873233,5,-0.02012494266939865,2.7572183310917233,True
0.46,0.0,-10,1.33,1,3.36,1.2515597957493052,6,0.04927777501446119,2.9329597551463653,True
0.46,0.0,-10,1.33,2,0.0,1.7357070705818816,7,0.17214439086272756,2.9329597551463653,True
0.46,0.0,-10,1.33,2,3.36,1.9757265353505118,7,0.24154710854658742,3.0987502198964387,True
0.46,0.0,-10,1.5,1,0.0,1.2030633705872102,6,0.020326276097225628,3.0280593091724177,True
0.46,0.0,-10,1.5,1,3.36,1.4115336042285436,6,0.0897289937810854,3.1889094028939957,True
0.46,0.0,-10,1.5,2,0.0,1.9575643653179158,7,0.20633393414385376,3.1889094028939957,True
0.46,0.0,-10,1.5,2,3.36,2.2282630097938156,7,0.2757366518277136,3.3420268071734163,True
0.46,0.0,-10,2.0,1,0.0,1.6040844941162802,7,0.1052075269035102,3.8897603855803107,True
0.46,0.0,-10,2.0,1,3.36,1.8820448056380579,7,0.17461024458736996,4.016246488604738,True
0.46,0.0,-10,2.0,2,0.0,2.610085820423888,7,0.28017205336979223,4.016246488604738,True
0.46,0.0,-10,2.0,2,3.36,2.971017346391754,7,0.3443203565812458,4.138868910370307,True
0.46,0.0,-5,0.75,1,0.0,0.5035300237424911,2,-0.31457222986630545,2.469551897392337,False
0.46,0.0,-5,0.75,1,3.36,0.6077651405631579,2,-0.23286181426048816,2.6643360474823914,False
0.46,0.0,-5,0.75,2,0.0,0.8362019498991109,2,-0.10438627610241744,2.6643360474823914,False
0.46,0.0,-5,0.75,2,3.36,0.9692516995901191,4,-0.02481643112857005,2.845819139354097,False
0.46,0.0,-5,1.0,1,0.0,0.6713733649899881,3,-0.20148332468877475,2.1301919592811998,False
0.46,0.0,-5,1.0,1,3.36,0.8103535207508771,4,-0.1197729090829575,2.3532355987844222,False
0.46,0.0,-5,1.0,2,0.0,1.1149359331988142,5,0.0017822946541438886,2.3532355987844222,True
0.46,0.0,-5,1.0,2,3.36,1.2923355994534922,5,0.08349271025996119,2.556896122916666,True
0.46,0.0,-5,1.33,1,0.0,0.8929265754366817,4,-0.09735807999970136,2.464069942272392,False
0.46,0.0,-5,1.33,1,3.36,1.0777701825986636,5,-0.01564766439388409,2.65925566285197,True
0.46,0.0,-5,1.33,2,0.0,1.482864791154422,7,0.09491125353242488,2.65925566285197,True
0.46,0.0,-5,1.33,2,3.36,1.7188063472731403,7,0.17662166913824215,2.841063301021339,True
0.46,0.0,-5,1.5,1,0.0,1.0070600474849822,5,-0.05690686123307713,2.7637892349033746,True
0.46,0.0,-5,1.5,1,3.36,1.2155302811263158,5,0.024803554372740143,2.93913778767988,True
0.46,0.0,-5,1.5,2,0.0,1.6724038997982218,7,0.12910079681355108,2.93913778767988,True
0.46,0.0,-5,1.5,2,3.36,1.9385033991802383,7,0.21081121241936834,3.1045983532443904,True
0.46,0.0,-5,2.0,1,0.0,1.3427467299799762,6,0.02797438957320747,3.6877667513458507,True
0.46,0.0,-5,2.0,1,3.36,1.6207070415017542,6,0.10968480517902471,3.820945382013714,True
0.46,0.0,-5,2.0,2,0.0,2.2298718663976285,7,0.1976845015670833,3.820945382013714,True
0.46,0.0,-5,2.0,2,3.36,2.5846711989069844,7,0.27939491717290055,3.949635883512799,True
0.46,0.0,0,0.75,1,0.0,0.4337265527982104,2,-0.37938159046659714,2.363997143035803,False
0.46,0.0,0,0.75,1,3.36,0.5379616696188771,2,-0.28584626820344505,2.566803945041662,False
0.46,0.0,0,0.75,2,0.0,0.7202807619637829,2,-0.1691956367027091,2.566803945041662,False
0.46,0.0,0,0.75,2,3.36,0.8634435878076571,3,-0.07566031443955709,2.754720038820903,False
0.46,0.0,0,1.0,1,0.0,0.5783020703976138,2,-0.2662926852890664,2.0068666377598747,False
0.46,0.0,0,1.0,1,3.36,0.7172822261585028,3,-0.17275736302591438,2.242211787890168,False
0.46,0.0,0,1.0,2,0.0,0.9603743492850438,4,-0.06302706594614768,2.242211787890168,False
0.46,0.0,0,1.0,2,3.36,1.151258117076876,5,0.030508256317004316,2.4550995299078253,True
0.46,0.0,0,1.33,1,0.0,0.7691417536288243,4,-0.162167440599993,2.358269831630303,False
0.46,0.0,0,1.33,1,3.36,0.9539853607908061,4,-0.06863211833684099,2.5615301284149705,False
0.46,0.0,0,1.33,2,0.0,1.2772978845491072,5,0.030101892932133223,2.5615301284149705,True
0.46,0.0,0,1.33,2,3.36,1.5311732957122413,5,0.12363721519528528,2.7498066475258978,True
0.46,0.0,0,1.5,1,0.0,0.8674531055964207,4,-0.12171622183336882,2.6698926670065086,False
0.46,0.0,0,1.5,1,3.36,1.0759233392377543,5,-0.028180899570216737,2.851022071702555,True
0.46,0.0,0,1.5,2,0.0,1.4405615239275658,5,0.06429143621325938,2.851022071702555,True
0.46,0.0,0,1.5,2,3.36,1.7268871756153141,6,0.15782675847641142,3.021312107898674,True
0.46,0.0,0,2.0,1,0.0,1.1566041407952277,5,-0.03683497102708419,3.6179302827306214,True
0.46,0.0,0,2.0,1,3.36,1.4345644523170056,5,0.05670035123606784,3.7535875546867525,True
0.46,0.0,0,2.0,2,0.0,1.9207486985700877,7,0.13287514096679173,3.7535875546867525,True
0.46,0.0,0,2.0,2,3.36,2.302516234153752,7,0.2264104632299437,3.8845102047361486,True
0.46,0.0,5,0.75,1,0.0,0.3829106928254218,2,-0.43350010675544187,2.469551897392337,False
0.46,0.0,5,0.75,1,3.36,0.4871458096460885,2,-0.32893862982909977,2.6643360474823914,False
0.46,0.0,5,0.75,2,0.0,0.6358919088836398,2,-0.22331415299155388,2.6643360474823914,False
0.46,0.0,5,0.75,2,3.36,0.785394418252565,3,-0.11875267606521181,2.845819139354097,False
0.46,0.0,5,1.0,1,0.0,0.5105475904338956,2,-0.32041120157791114,2.1301919592811998,False
0.46,0.0,5,1.0,1,3.36,0.6495277461947846,3,-0.21584972465156907,2.3532355987844222,False
0.46,0.0,5,1.0,2,0.0,0.8478558785115197,4,-0.11714558223499247,2.3532355987844222,False
0.46,0.0,5,1.0,2,3.36,1.0471925576700867,5,-0.012584105308650367,2.556896122916666,True
0.46,0.0,5,1.33,1,0.0,0.6790282952770794,4,-0.21628595688883773,2.464069942272392,False
0.46,0.0,5,1.33,1,3.36,0.8638719024390612,4,-0.11172447996249565,2.65925566285197,False
0.46,0.0,5,1.33,2,0.0,1.1276483184203203,5,-0.024016623356711522,2.65925566285197,True
0.46,0.0,5,1.33,2,3.36,1.3927661017012118,5,0.08054485356963059,2.841063301021339,True
0.46,0.0,5,1.5,1,0.0,0.7658213856508436,4,-0.17583473812221354,2.7637892349033746,False
0.46,0.0,5,1.5,1,3.36,0.974291619292177,4,-0.07127326119587143,2.93913778767988,False
0.46,0.0,5,1.5,2,0.0,1.2717838177672796,5,0.010172919924414617,2.93913778767988,True
0.46,0.0,5,1.5,2,3.36,1.57078883650513,5,0.11473439685075669,3.1045983532443904,True
0.46,0.0,5,2.0,1,0.0,1.0210951808677913,5,-0.09095348731592896,3.6877667513458507,True
0.46,0.0,5,2.0,1,3.36,1.2990554923895692,5,0.013607989610413151,3.820945382013714,True
0.46,0.0,5,2.0,2,0.0,1.6957117570230393,6,0.07875662467794695,3.820945382013714,True
0.46,0.0,5,2.0,2,3.36,2.0943851153401734,6,0.18331810160428905,3.949635883512799,True
0.46,0.0,10,0.75,1,0.0,0.3454700835438795,2,-0.47818715598447903,2.7621185381536493,False
0.46,0.0,10,0.75,1,3.36,0.44970520036454625,2,-0.36366969124326404,2.937566819463355,False
0.46,0.0,10,0.75,2,0.0,0.5737150594200465,2,-0.26800120222059104,2.937566819463355,False
0.46,0.0,10,0.75,2,3.36,0.727904485539812,3,-0.15348373747937608,3.103111151540024,False
0.46,0.0,10,1.0,1,0.0,0.46062677805850594,2,-0.36509825080694835,2.4633980653325676,False
0.46,0.0,10,1.0,1,3.36,0.5996069338193949,3,-0.2505807860657334,2.6586331127638196,False
0.46,0.0,10,1.0,2,0.0,0.764953412560062,3,-0.1618326314640296,2.6586331127638196,False
0.46,0.0,10,1.0,2,3.36,0.9705393140530827,3,-0.0473151667228147,2.840480598117902,False
0.46,0.0,10,1.33,1,0.0,0.6126336148178112,4,-0.26097300611787494,2.7572183310917233,False
0.46,0.0,10,1.33,1,3.36,0.797477221979793,4,-0.14645554137666003,2.9329597551463653,False
0.46,0.0,10,1.33,2,0.0,1.0173880387048817,5,-0.06870367258574865,2.9329597551463653,True
0.46,0.0,10,1.33,2,3.36,1.2908172876905966,5,0.0458137921554662,3.0987502198964387,True
0.46,0.0,10,1.5,1,0.0,0.690940167087759,4,-0.2205217873512507,3.0280593091724177,False
0.46,0.0,10,1.5,1,3.36,0.8994104007290925,4,-0.10600432261003573,3.1889094028939957,False
0.46,0.0,10,1.5,2,0.0,1.147430118840093,5,-0.03451412930462252,3.1889094028939957,True
0.46,0.0,10,1.5,2,3.36,1.455808971079624,5,0.08000333543659242,3.3420268071734163,True
0.46,0.0,10,2.0,1,0.0,0.9212535561170119,4,-0.13564053654496608,3.8897603855803107,False
0.46,0.0,10,2.0,1,3.36,1.1992138676387898,5,-0.02112307180375117,4.016246488604738,True
0.46,0.0,10,2.0,2,0.0,1.529906825120124,5,0.03406957544890982,4.016246488604738,True
0.46,0.0,10,2.0,2,3.36,1.9410786281061654,5,0.14858704019012473,4.138868910370307,True
0.46,0.0,15,0.75,1,0.0,0.3178543310042888,2,-0.5143694676004458,3.19066125230732,False
0.46,0.0,15,0.75,1,3.36,0.4220894478249555,2,-0.3911931060051534,3.3436984354117993,False
0.46,0.0,15,0.75,2,0.0,0.5278541473935838,2,-0.3041835138365579,3.3436984354117993,False
0.46,0.0,15,0.75,2,3.36,0.6862892000708353,3,-0.1810071522412654,3.490031407734795,False
0.46,0.0,15,1.0,1,0.0,0.42380577467238506,2,-0.4012805624229151,2.935873027984606,False
0.46,0.0,15,1.0,1,3.36,0.5627859304332739,3,-0.27810420082762277,3.101507768239103,False
0.46,0.0,15,1.0,2,0.0,0.7038055298581118,3,-0.19801494307999637,3.101507768239103,False
0.46,0.0,15,1.0,2,3.36,0.9150522667611137,3,-0.07483858148470401,3.2587344838828924,False
0.46,0.0,15,1.33,1,0.0,0.5636616803142706,3,-0.29715531773384174,3.186420143903107,False
0.46,0.0,15,1.33,1,3.36,0.7485052874762523,4,-0.17397895613854925,3.339651678464611,False
0.46,0.0,15,1.33,2,0.0,0.9360613547112879,4,-0.10488598420171548,3.339651678464611,False
0.46,0.0,15,1.33,2,3.36,1.2170195147922782,5,0.018290377393577015,3.486154519448542,True
0.46,0.0,15,1.5,1,0.0,0.6357086620085776,4,-0.2567040989672175,3.423472445928111,False
0.46,0.0,15,1.5,1,3.36,0.844178895649911,4,-0.13352773737192505,3.5665338338545176,False
0.46,0.0,15,1.5,2,0.0,1.0557082947871677,5,-0.07069644092058935,3.5665338338545176,True
0.46,0.0,15,1.5,2,3.36,1.3725784001416705,5,0.0524799206747031,3.7040739177328796,True
0.46,0.0,15,2.0,1,0.0,0.8476115493447701,4,-0.17182284816093285,4.204908591799963,False
0.46,0.0,15,2.0,1,3.36,1.1255718608665477,5,-0.04864648656564053,4.3221818871252,True
0.46,0.0,15,2.0,2,0.0,1.4076110597162237,5,-0.0021127361670569555,4.3221818871252,True
0.46,0.0,15,2.0,2,3.36,1.8301045335222275,5,0.12106362542823543,4.436356192348981,True
0.46,0.1,-15,0.75,1,0.0,0.7015058091460913,2,-0.16454747250940316,3.2296004748227474,False
0.46,0.1,-15,0.75,1,3.36,0.7130986266535582,3,-0.15665991652575267,3.380875511901513,False
0.46,0.1,-15,0.75,2,0.0,1.0333218022690223,6,-0.0007650599002823159,3.380875511901513,True
0.46,0.1,-15,0.75,2,3.36,1.1636986305911823,7,0.04349804923651884,3.525665784922802,True
0.46,0.1,-15,1.0,1,0.0,0.9353410788614551,3,-0.047232593690922656,2.9781454693227296,False
0.46,0.1,-15,1.0,1,3.36,0.9507981688714122,4,-0.03879942244899619,3.1415522336016477,False
0.46,0.1,-15,1.0,2,0.0,1.3777624030253635,7,0.11343766329475022,3.1415522336016477,True
0.46,0.1,-15,1.0,2,3.36,1.5515981741215763,7,0.1544072201831137,3.296869793675131,True
0.46,0.1,-15,1.33,1,0.0,1.2440036348857313,7,0.06379976658058237,3.2254105682023635,True
0.46,0.1,-15,1.33,1,3.36,1.2645615645989783,7,0.07313511126585652,3.3768733072876,True
0.46,0.1,-15,1.33,2,0.0,1.8324239960237318,7,0.21936941581147595,3.3768733072876,True
0.46,0.1,-15,1.33,2,3.36,2.0636255715816945,7,0.26165556638983123,3.5218281237833704,True
0.46,0.1,-15,1.5,1,0.0,1.4030116182921826,7,0.10830006268240189,3.4597924197889394,True
0.46,0.1,-15,1.5,1,3.36,1.4261972533071163,7,0.11817071267778263,3.6014113328012125,True
0.46,0.1,-15,1.5,2,0.0,2.0666436045380445,7,0.2608711239162825,3.6014113328012125,True
0.46,0.1,-15,1.5,2,3.36,2.3273972611823646,7,0.30392670396522037,3.7376682019715184,True
0.46,0.1,-15,2.0,1,0.0,1.8706821577229102,7,0.20648321311697268,4.234531410367994,True
0.46,0.1,-15,2.0,1,3.36,1.9015963377428244,7,0.2181488745083465,4.351006350879432,True
0.46,0.1,-15,2.0,2,0.0,2.755524806050727,7,0.3491566705865363,4.351006350879432,True
0.46,0.1,-15,2.0,2,3.36,3.1031963482431526,7,0.3947264602856989,4.464443556076518,True
0.46,0.1,-10,0.75,1,0.0,0.4892736737936243,2,-0.32411005454851993,2.8070088740173325,False
0.46,0.1,-10,0.75,1,3.36,0.5740564039340367,2,-0.2547073368646602,2.9798152323276774,False
0.46,0.1,-10,0.75,2,0.0,0.8256093274004833,3,-0.10556788322322248,2.9798152323276774,False
0.46,0.1,-10,0.75,2,3.36,0.9686732536969297,4,-0.03616516553936265,3.1431351893948265,False
0.46,0.1,-10,1.0,1,0.0,0.652364898391499,3,-0.2089694679882335,2.5136288565108886,False
0.46,0.1,-10,1.0,1,3.36,0.7654085385787156,4,-0.13956675030437368,2.705241214436198,False
0.46,0.1,-10,1.0,2,0.0,1.1008124365339778,6,0.003558426040992671,2.705241214436198,True
0.46,0.1,-10,1.0,2,3.36,1.2915643382625728,6,0.07296114372485245,2.884151526581819,True
0.46,0.1,-10,1.33,1,0.0,0.8676453148606912,4,-0.1015087998431185,2.8021871681435253,False
0.46,0.1,-10,1.33,1,3.36,1.0179933563096888,5,-0.03210608215925868,2.9752735883122123,True
0.46,0.1,-10,1.33,2,0.0,1.4640805405901889,7,0.1013389288683472,2.9752735883122123,True
0.46,0.1,-10,1.33,2,3.36,1.7177805698892201,7,0.170741646552207,3.1388298656200257,True
0.46,0.1,-10,1.5,1,0.0,0.9785473475872486,4,-0.05911327883261548,3.0690622639278176,False
0.46,0.1,-10,1.5,1,3.36,1.1481128078680733,5,0.010289438851244288,3.2278697588139673,True
0.46,0.1,-10,1.5,2,0.0,1.6512186548009666,7,0.13814928951302047,3.2278697588139673,True
0.46,0.1,-10,1.5,2,3.36,1.9373465073938594,7,0.20755200719688033,3.379222274409563,True
0.46,0.1,-10,2.0,1,0.0,1.304729796782998,7,0.03209456684501563,3.921764380636589,True
0.46,0.1,-10,2.0,1,3.36,1.5308170771574312,7,0.10149728452887545,4.047250407033136,True
0.46,0.1,-10,2.0,2,0.0,2.2016248730679555,7,0.2133492579669971,4.047250407033136,True
0.46,0.1,-10,2.0,2,3.36,2.5831286765251456,7,0.28185776104480764,4.1689610045225765,True
0.46,0.1,-5,0.75,1,0.0,0.409561109755391,2,-0.4013431918788226,2.5196600115718177,False
0.46,0.1,-5,0.75,1,3.36,0.49434383989580344,2,-0.3196327762730054,2.7108460992675503,False
0.46,0.1,-5,0.75,2,0.0,0.6911008919257126,2,-0.1828010205535252,2.7108460992675503,False
0.46,0.1,-5,0.75,2,3.36,0.8341648182221589,3,-0.10109060494770794,2.889409381502402,False
0.46,0.1,-5,1.0,1,0.0,0.5460814796738546,2,-0.28620260531853625,2.1880854150115523,False
0.46,0.1,-5,1.0,1,3.36,0.6591251198610713,3,-0.20449218971271893,2.4057676079343735,False
0.46,0.1,-5,1.0,2,0.0,0.92146785590095,4,-0.07367471128931005,2.4057676079343735,False
0.46,0.1,-5,1.0,2,3.36,1.1122197576295452,5,0.0080357043165072,2.6053248901790114,True
0.46,0.1,-5,1.33,1,0.0,0.7262883679662245,4,-0.1787419371734212,2.514287310633029,False
0.46,0.1,-5,1.33,1,3.36,0.8766364094152223,4,-0.09703152156760392,2.705853041170246,False
0.46,0.1,-5,1.33,2,0.0,1.2255522483482624,5,0.0241057915380445,2.705853041170246,True
0.46,0.1,-5,1.33,2,3.36,1.4792522776472936,5,0.10581620714386175,2.8847254081472413,True
0.46,0.1,-5,1.5,1,0.0,0.819122219510782,4,-0.13634641616291818,2.8086528683637253,False
0.46,0.1,-5,1.5,1,3.36,0.9886876797916069,4,-0.05463600055710094,2.9813639386978203,False
0.46,0.1,-5,1.5,2,0.0,1.3822017838514251,6,0.060916152182717745,2.9813639386978203,True
0.46,0.1,-5,1.5,2,3.36,1.6683296364443179,6,0.142626567788535,3.1446034622775225,True
0.46,0.1,-5,2.0,1,0.0,1.0921629593477091,5,-0.04513857048528713,3.7215082442918126,True
0.46,0.1,-5,2.0,1,3.36,1.3182502397221425,5,0.0365718451205302,3.8535209370563863,True
0.46,0.1,-5,2.0,2,0.0,1.8429357118019,7,0.1352219060306451,3.8535209370563863,True
0.46,0.1,-5,2.0,2,3.36,2.2244395152590903,7,0.21693232163646237,3.981158576637199,True
0.46,0.1,0,0.75,1,0.0,0.35278438209924967,2,-0.4661525524791143,2.416295199738939,False
0.46,0.1,0,0.75,1,3.36,0.43756711223966205,2,-0.3726172302159623,2.615049233242357,False
0.46,0.1,0,0.75,2,0.0,0.5952948053878145,2,-0.24761038115381684,2.615049233242357,False
0.46,0.1,0,0.75,2,3.36,0.7383587316842608,3,-0.15407505889066483,2.7997290033646896,False
0.46,0.1,0,1.0,1,0.0,0.4703791761323329,2,-0.35101196591882783,2.0682151004558555,False
0.46,0.1,0,1.0,1,3.36,0.5834228163195494,3,-0.25747664365567585,2.2972839836976235,False
0.46,0.1,0,1.0,2,0.0,0.7937264071837526,4,-0.1384840718896017,2.2972839836976235,False
0.46,0.1,0,1.0,2,3.36,0.9844783089123477,4,-0.044948749626449715,2.5054966976137933,False
0.46,0.1,0,1.33,1,0.0,0.6256043042560009,4,-0.24355129777371284,2.41069214102042,False
0.46,0.1,0,1.33,1,3.36,0.7759523457049985,4,-0.1500159755105608,2.6098729085489234,False
0.46,0.1,0,1.33,2,0.0,1.05565612155439,5,-0.04070356906224715,2.6098729085489234,True
0.46,0.1,0,1.33,2,3.36,1.309356150853421,5,0.052831753200904816,2.7948947384074443,True
0.46,0.1,0,1.5,1,0.0,0.7055687641984993,4,-0.20115577676320984,2.7163075770860576,False
0.46,0.1,0,1.5,1,3.36,0.8751342244793241,4,-0.10762045450005785,2.8945339613373218,False
0.46,0.1,0,1.5,2,0.0,1.190589610775629,5,-0.0038932084175738874,2.8945339613373218,True
0.46,0.1,0,1.5,2,3.36,1.4767174633685216,5,0.08964211384557812,3.0624054031651537,True
0.46,0.1,0,2.0,1,0.0,0.9407583522646658,4,-0.10994793108557871,3.6523170085165493,False
0.46,0.1,0,2.0,1,3.36,1.1668456326390988,5,-0.016412608822426705,3.786742601590353,True
0.46,0.1,0,2.0,2,0.0,1.5874528143675053,6,0.07041254543035344,3.786742601590353,True
0.46,0.1,0,2.0,2,3.36,1.9689566178246953,6,0.16394786769350544,3.916557101677349,True
0.46,0.1,5,0.75,1,0.0,0.3114517921397811,2,-0.5202710687679591,2.5196600115718177,False
0.46,0.1,5,0.75,1,3.36,0.39623452228019346,2,-0.415709591841617,2.7108460992675503,False
0.46,0.1,5,0.75,2,0.0,0.5255494386862524,2,-0.30172889744266157,2.7108460992675503,False
0.46,0.1,5,0.75,2,3.36,0.6686133649826986,3,-0.19716742051631952,2.889409381502402,False
0.46,0.1,5,1.0,1,0.0,0.4152690561863747,2,-0.40513048220767267,2.1880854150115523,False
0.46,0.1,5,1.0,1,3.36,0.5283126963735912,3,-0.30056900528133057,2.4057676079343735,False
0.46,0.1,5,1.0,2,0.0,0.700732584915003,3,-0.19260258817844655,2.4057676079343735,False
0.46,0.1,5,1.0,2,3.36,0.8914844866435983,3,-0.08804111125210434,2.6053248901790114,False
0.46,0.1,5,1.33,1,0.0,0.5523078447278769,4,-0.2976698140625576,2.514287310633029,False
0.46,0.1,5,1.33,1,3.36,0.7026558861768745,4,-0.19310833713621545,2.705853041170246,False
0.46,0.1,5,1.33,2,0.0,0.9319743379369533,4,-0.0948220853510919,2.705853041170246,False
0.46,0.1,5,1.33,2,3.36,1.1856743672359844,5,0.009739391575250167,2.8847254081472413,True
0.46,0.1,5,1.5,1,0.0,0.6229035842795622,4,-0.2552742930520546,2.8086528683637253,False
0.46,0.1,5,1.5,1,3.36,0.7924690445603869,4,-0.15071281612571255,2.9813639386978203,False
0.46,0.1,5,1.5,2,0.0,1.0510988773725047,5,-0.05801172470641866,2.9813639386978203,True
0.46,0.1,5,1.5,2,3.36,1.3372267299653973,5,0.0465497522199234,3.1446034622775225,True
0.46,0.1,5,2.0,1,0.0,0.8305381123727494,4,-0.1640664473744235,3.7215082442918126,False
0.46,0.1,5,2.0,1,3.36,1.0566253927471825,5,-0.05950497044808144,3.8535209370563863,True
0.46,0.1,5,2.0,2,0.0,1.401465169830006,5,0.016294029141508626,3.8535209370563863,True
0.46,0.1,5,2.0,2,3.36,1.7829689732871965,5,0.12085550606785084,3.981158576637199,True
0.46,0.1,10,0.75,1,0.0,0.2809983598433417,2,-0.5649581179969962,2.8070088740173325,False
0.46,0.1,10,0.75,1,3.36,0.3657810899837542,2,-0.45044065325578125,2.9798152323276774,False
0.46,0.1,10,0.75,2,0.0,0.47416176119207226,2,-0.3464159466716987,2.9798152323276774,False
0.46,0.1,10,0.75,2,3.36,0.6172256874885186,3,-0.23189848193048385,3.1431351893948265,False
0.46,0.1,10,1.0,1,0.0,0.3746644797911223,2,-0.44981753143670977,2.5136288565108886,False
0.46,0.1,10,1.0,1,3.36,0.4877081199783388,3,-0.3353000666954949,2.705241214436198,False
0.46,0.1,10,1.0,2,0.0,0.6322156815894296,3,-0.2372896374074836,2.705241214436198,False
0.46,0.1,10,1.0,2,3.36,0.8229675833180247,3,-0.12277217266626873,2.884151526581819,False
0.46,0.1,10,1.33,1,0.0,0.4983037581221912,3,-0.34235686329159476,2.8021871681435253,False
0.46,0.1,10,1.33,1,3.36,0.6486517995711888,3,-0.22783939855037982,2.9752735883122123,False
0.46,0.1,10,1.33,2,0.0,0.8408468565139405,4,-0.1395091345801291,2.9752735883122123,False
0.46,0.1,10,1.33,2,3.36,1.0945468858129717,5,-0.02499166983891421,3.1388298656200257,True
0.46,0.1,10,1.5,1,0.0,0.5619967196866834,4,-0.2999613422810918,3.0690622639278176,False
0.46,0.1,10,1.5,1,3.36,0.7315621799675084,4,-0.18544387753987676,3.2278697588139673,False
0.46,0.1,10,1.5,2,0.0,0.9483235223841445,4,-0.10269877393545579,3.2278697588139673,False
0.46,0.1,10,1.5,2,3.36,1.2344513749770372,5,0.011818690805759119,3.379222274409563,True
0.46,0.1,10,2.0,1,0.0,0.7493289595822445,4,-0.2087534966034606,3.921764380636589,False
0.46,0.1,10,2.0,1,3.36,0.9754162399566776,4,-0.09423603186224576,4.047250407033136,False
0.46,0.1,10,2.0,2,0.0,1.2644313631788593,5,-0.028393020087528434,4.047250407033136,True
0.46,0.1,10,2.0,2,3.36,1.6459351666360493,5,0.08612444465368643,4.1689610045225765,True
0.46,0.1,15,0.75,1,0.0,0.258536266773338,2,-0.601140429612963,3.2296004748227474,False
0.46,0.1,15,0.75,1,3.36,0.3433189969137504,2,-0.4779640680176706,3.380875511901513,False
0.46,0.1,15,0.75,2,0.0,0.4362588153667976,2,-0.3825982582876655,3.380875511901513,False
0.46,0.1,15,0.75,2,3.36,0.5793227416632439,3,-0.2594218966923731,3.525665784922802,False
0.46,0.1,15,1.0,1,0.0,0.3447150223644507,2,-0.4859998430526765,2.9781454693227296,False
0.46,0.1,15,1.0,1,3.36,0.45775866255166714,3,-0.3628234814573842,3.1415522336016477,False
0.46,0.1,15,1.0,2,0.0,0.5816784204890635,3,-0.2734719490234504,3.1415522336016477,False
0.46,0.1,15,1.0,2,3.36,0.7724303222176584,3,-0.15029558742815805,3.296869793675131,False
0.46,0.1,15,1.33,1,0.0,0.45847097974471807,3,-0.37853917490756156,3.2254105682023635,False
0.46,0.1,15,1.33,1,3.36,0.6088190211937157,3,-0.25536281331226907,3.3768733072876,False
0.46,0.1,15,1.33,2,0.0,0.7736322992504536,4,-0.1756914461960959,3.3768733072876,False
0.46,0.1,15,1.33,2,3.36,1.0273323285494849,5,-0.05251508460080341,3.5218281237833704,True
0.46,0.1,15,1.5,1,0.0,0.517072533546676,4,-0.3361436538970585,3.4597924197889394,False
0.46,0.1,15,1.5,1,3.36,0.6866379938275008,4,-0.21296729230176611,3.6014113328012125,False
0.46,0.1,15,1.5,2,0.0,0.8725176307335952,4,-0.13888108555142264,3.6014113328012125,False
0.46,0.1,15,1.5,2,3.36,1.1586454833264879,5,-0.015704723956130165,3.7376682019715184,True
0.46,0.1,15,2.0,1,0.0,0.6894300447289013,4,-0.2449358082194274,4.234531410367994,False
0.46,0.1,15,2.0,1,3.36,0.9155173251033343,4,-0.12175944662413504,4.351006350879432,False
0.46,0.1,15,2.0,2,0.0,1.163356840978127,5,-0.06457533170349525,4.351006350879432,True
0.46,0.1,15,2.0,2,3.36,1.5448606444353168,5,0.05860102989179711,4.464443556076518,True
0.46,0.2,-15,0.75,1,0.0,0.5689297071241685,2,-0.2529549363556134,3.3436984354117993,False
0.46,0.2,-15,0.75,1,3.36,0.5761094883471936,2,-0.2475085197697875,3.490031407734795,False
0.46,0.2,-15,0.75,2,0.0,0.8443093726963645,3,-0.08610260157397208,3.490031407734795,False
0.46,0.2,-15,0.75,2,3.36,0.9921792502104405,4,-0.016815018728849745,3.630470937354452,False
0.46,0.2,-15,1.0,1,0.0,0.7585729428322258,3,-0.13381561498791392,3.101507768239103,False
0.46,0.2,-15,1.0,1,3.36,0.7681459844629257,3,-0.12836919840208816,3.2587344838828924,False
0.46,0.2,-15,1.0,2,0.0,1.1257458302618195,7,0.029781621104131763,3.2587344838828924,True
0.46,0.2,-15,1.0,2,3.36,1.3229056669472548,7,0.09850586138052125,3.4087168313674137,True
0.46,0.2,-15,1.33,1,0.0,1.0089020139668603,5,-0.01975737579419579,3.339651678464611,True
0.46,0.2,-15,1.33,1,3.36,1.0216341593356915,5,-0.014310959208369924,3.486154519448542,True
0.46,0.2,-15,1.33,2,0.0,1.497241954248217,7,0.13845960535495597,3.486154519448542,True
0.46,0.2,-15,1.33,2,3.36,1.7594645370398492,7,0.2062612584599031,3.6267441781123044,True
0.46,0.2,-15,1.5,1,0.0,1.137859414248337,5,0.026544051548866684,3.5665338338545176,True
0.46,0.2,-15,1.5,1,3.36,1.152218976694387,6,0.03199046813469256,3.7040739177328796,True
0.46,0.2,-15,1.5,2,0.0,1.688618745392729,7,0.18156986346763992,3.7040739177328796,True
0.46,0.2,-15,1.5,2,3.36,1.984358500420881,7,0.24882957687429486,3.8366865376297037,True
0.46,0.2,-15,2.0,1,0.0,1.5171458856644515,7,0.13080050562881543,4.3221818871252,True
0.46,0.2,-15,2.0,1,3.36,1.5362919689258514,7,0.1362469222146412,4.436356192348981,True
0.46,0.2,-15,2.0,2,0.0,2.251491660523639,7,0.27513160348074284,4.436356192348981,True
0.46,0.2,-15,2.0,2,3.36,2.6458113338945095,7,0.34060511628144574,4.547664924485219,True
0.46,0.2,-10,0.75,1,0.0,0.3961919385097107,2,-0.4132869737960366,2.937566819463355,False
0.46,0.2,-10,0.75,1,3.36,0.4648452015108262,2,-0.3438842561121768,3.103111151540024,False
0.46,0.2,-10,0.75,2,0.0,0.6775877721094627,2,-0.1875979550826588,3.103111151540024,False
0.46,0.2,-10,0.75,2,3.36,0.7950021034054304,2,-0.11819523739879904,3.2602605446209436,False
0.46,0.2,-10,1.0,1,0.0,0.5282559180129476,3,-0.2964066063699145,2.6586331127638196,False
0.46,0.2,-10,1.0,1,3.36,0.6197936020144348,3,-0.22700388868605476,2.840480598117902,False
0.46,0.2,-10,1.0,2,0.0,0.903450362812617,4,-0.07587285731645964,2.840480598117902,False
0.46,0.2,-10,1.0,2,3.36,1.0600028045405738,5,-0.006470139632599913,3.0113668040084782,True
0.46,0.2,-10,1.33,1,0.0,0.702580370957218,4,-0.18609102562864396,2.9329597551463658,False
0.46,0.2,-10,1.33,1,3.36,0.8243254906791958,4,-0.11668830794478413,3.098750219896439,False
0.46,0.2,-10,1.33,2,0.0,1.2015889825407793,6,0.026054183569740666,3.098750219896439,True
0.46,0.2,-10,1.33,2,3.36,1.4098037300389619,6,0.09545690125360047,3.2561100910915513,True
0.46,0.2,-10,1.5,1,0.0,0.7923838770194214,4,-0.14201498633922313,3.1889094028939957,False
0.46,0.2,-10,1.5,1,3.36,0.9296904030216524,4,-0.07261226865536329,3.3420268071734163,False
0.46,0.2,-10,1.5,2,0.0,1.3551755442189255,7,0.06523538867019332,3.3420268071734163,True
0.46,0.2,-10,1.5,2,3.36,1.5900042068108609,7,0.1346381063540531,3.4884299018133844,True
0.46,0.2,-10,2.0,1,0.0,1.0565118360258952,5,-0.04524843641165859,4.016246488604738,True
0.46,0.2,-10,2.0,1,3.36,1.2395872040288696,5,0.024154281272201136,4.138868910370307,True
0.46,0.2,-10,2.0,2,0.0,1.806900725625234,7,0.14608117823893157,4.138868910370307,True
0.46,0.2,-10,2.0,2,3.36,2.1200056090811477,7,0.21548389592279132,4.257961467325637,True
0.46,0.2,-5,0.75,1,0.0,0.33164426925741375,2,-0.4905201111263393,2.6643360474823914,False
0.46,0.2,-5,0.75,1,3.36,0.4002975322585292,2,-0.4088096955205221,2.845819139354097,False
0.46,0.2,-5,0.75,2,0.0,0.567195037799826,2,-0.2648310924129616,2.845819139354097,False
0.46,0.2,-5,0.75,2,3.36,0.6846093690957938,2,-0.18312067680714433,3.016402919689956,False
0.46,0.2,-5,1.0,1,0.0,0.4421923590098849,2,-0.3736397437002173,2.3532355987844222,False
0.46,0.2,-5,1.0,1,3.36,0.5337300430113722,2,-0.2919293280944001,2.556896122916666,False
0.46,0.2,-5,1.0,2,0.0,0.7562600503997682,4,-0.1531059946467624,2.556896122916666,False
0.46,0.2,-5,1.0,2,3.36,0.9128124921277252,4,-0.07139557904094512,2.745490444963573,False
0.46,0.2,-5,1.33,1,0.0,0.5881158374831451,4,-0.2633241629589467,2.65925566285197,False
0.46,0.2,-5,1.33,1,3.36,0.7098609572051229,4,-0.18161374735312943,2.841063301021339,False
0.46,0.2,-5,1.33,2,0.0,1.0058258670316906,5,-0.05117895376056202,2.841063301021339,True
0.46,0.2,-5,1.33,2,3.36,1.2140406145298732,5,0.030531461845255223,3.0119164464523696,True
0.46,0.2,-5,1.5,1,0.0,0.6632885385148275,4,-0.21924812366952579,2.93913778767988,False
0.46,0.2,-5,1.5,1,3.36,0.8005950645170584,4,-0.13753770806370857,3.1045983532443904,False
0.46,0.2,-5,1.5,2,0.0,1.134390075599652,5,-0.011997748660109456,3.1045983532443904,True
0.46,0.2,-5,1.5,2,3.36,1.3692187381915877,5,0.06971266694570782,3.261676092895765,True
0.46,0.2,-5,2.0,1,0.0,0.8843847180197698,4,-0.12248157374196135,3.820945382013714,False
0.46,0.2,-5,2.0,1,3.36,1.0674600860227443,5,-0.04077115813614414,3.949635883512799,True
0.46,0.2,-5,2.0,2,0.0,1.5125201007995364,7,0.06884804090862887,3.949635883512799,True
0.46,0.2,-5,2.0,2,3.36,1.8256249842554504,7,0.1505584565144461,4.0742635668709415,True
0.46,0.2,0,0.75,1,0.0,0.2856690145131482,2,-0.5553294717266309,2.566803945041662,False
0.46,0.2,0,0.75,1,3.36,0.35432227751426365,2,-0.461794149463479,2.754720038820903,False
0.46,0.2,0,0.75,2,0.0,0.4885657992759122,2,-0.3296404530132532,2.754720038820903,False
0.46,0.2,0,0.75,2,3.36,0.6059801305718799,2,-0.2361051307501012,2.9306112830400144,False
0.46,0.2,0,1.0,1,0.0,0.38089201935086425,2,-0.43844910430050893,2.242211787890168,False
0.46,0.2,0,1.0,1,3.36,0.4724297033523515,2,-0.3449137820373569,2.4550995299078253,False
0.46,0.2,0,1.0,2,0.0,0.6514210657012163,3,-0.21791535524705405,2.4550995299078253,False
0.46,0.2,0,1.0,2,3.36,0.8079735074291732,4,-0.12438003298390206,2.6509458126777363,False
0.46,0.2,0,1.33,1,0.0,0.5065863857366478,4,-0.32813352355923836,2.5615301284149705,False
0.46,0.2,0,1.33,1,3.36,0.6283315054586256,4,-0.2345982012960863,2.7498066475258978,False
0.46,0.2,0,1.33,2,0.0,0.8663900173826168,4,-0.11598831436085369,2.7498066475258978,False
0.46,0.2,0,1.33,2,3.36,1.0746047648807993,5,-0.02245299209770169,2.9259932670424273,True
0.46,0.2,0,1.5,1,0.0,0.5713380290262964,4,-0.28405748426981753,2.851022071702555,False
0.46,0.2,0,1.5,1,3.36,0.7086445550285273,4,-0.1905221620066655,3.021312107898674,False
0.46,0.2,0,1.5,2,0.0,0.9771315985518244,4,-0.07680710926040107,3.021312107898674,False
0.46,0.2,0,1.5,2,3.36,1.2119602611437599,5,0.016728213002750958,3.1825032369716655,True
0.46,0.2,0,2.0,1,0.0,0.7617840387017285,4,-0.18729093434225297,3.7535875546867525,False
0.46,0.2,0,2.0,1,3.36,0.944859406704703,4,-0.09375561207910099,3.8845102047361486,False
0.46,0.2,0,2.0,2,0.0,1.3028421314024325,5,0.004038680308337178,3.8845102047361486,True
0.46,0.2,0,2.0,2,3.36,1.6159470148583464,5,0.09757400257148918,4.011161867925461,True
0.46,0.2,5,0.75,1,0.0,0.2521997317440612,2,-0.6094479880154757,2.6643360474823914,False
0.46,0.2,5,0.75,1,3.36,0.32085299474517665,2,-0.5048865110891336,2.845819139354097,False
0.46,0.2,5,0.75,2,0.0,0.43132491539797974,2,-0.38375896930209796,2.845819139354097,False
0.46,0.2,5,0.75,2,3.36,0.5487392466939475,2,-0.27919749237575586,3.016402919689956,False
0.46,0.2,5,1.0,1,0.0,0.3362663089920815,2,-0.4925676205893537,2.3532355987844222,False
0.46,0.2,5,1.0,1,3.36,0.4278039929935688,2,-0.3880061436630116,2.556896122916666,False
0.46,0.2,5,1.0,2,0.0,0.5750998871973062,3,-0.27203387153589886,2.556896122916666,False
0.46,0.2,5,1.0,2,3.36,0.7316523289252633,3,-0.16747239460955668,2.745490444963573,False
0.46,0.2,5,1.33,1,0.0,0.44723419095946704,3,-0.3822520398480831,2.65925566285197,False
0.46,0.2,5,1.33,1,3.36,0.5689793106814448,3,-0.27769056292174094,2.841063301021339,False
0.46,0.2,5,1.33,2,0.0,0.7648828499724166,4,-0.17010683064969845,2.841063301021339,False
0.46,0.2,5,1.33,2,3.36,0.9730975974705992,4,-0.06554535372335632,3.0119164464523696,False
0.46,0.2,5,1.5,1,0.0,0.5043994634881224,4,-0.3381760005586622,2.93913778767988,False
0.46,0.2,5,1.5,1,3.36,0.6417059894903533,4,-0.23361452363232013,3.1045983532443904,False
0.46,0.2,5,1.5,2,0.0,0.8626498307959595,4,-0.1309256255492458,3.1045983532443904,False
0.46,0.2,5,1.5,2,3.36,1.097478493387895,5,-0.02636414862290371,3.261676092895765,True
0.46,0.2,5,2.0,1,0.0,0.672532617984163,4,-0.2414094506310978,3.820945382013714,False
0.46,0.2,5,2.0,1,3.36,0.8556079859871376,4,-0.13684797370475565,3.949635883512799,False
0.46,0.2,5,2.0,2,0.0,1.1501997743946124,5,-0.05007983598050765,3.949635883512799,True
0.46,0.2,5,2.0,2,3.36,1.4633046578505267,5,0.05448164094583455,4.0742635668709415,True
0.46,0.2,10,0.75,1,0.0,0.2275399042854317,2,-0.6541350372445128,2.937566819463355,False
0.46,0.2,10,0.75,1,3.36,0.2961931672865472,2,-0.5396175725032979,3.103111151540024,False
0.46,0.2,10,0.75,2,0.0,0.3891504137886115,2,-0.4284460185311351,3.103111151540024,False
0.46,0.2,10,0.75,2,3.36,0.5065647450845793,2,-0.3139285537899202,3.2602605446209436,False
0.46,0.2,10,1.0,1,0.0,0.3033865390472422,2,-0.5372546698183908,2.6586331127638196,False
0.46,0.2,10,1.0,1,3.36,0.3949242230487295,2,-0.422737205077176,2.840480598117902,False
0.46,0.2,10,1.0,2,0.0,0.5188672183848153,3,-0.31672092076493596,2.840480598117902,False
0.46,0.2,10,1.0,2,3.36,0.6754196601127723,3,-0.20220345602372106,3.0113668040084782,False
0.46,0.2,10,1.33,1,0.0,0.4035040969328309,3,-0.4269390890771202,2.9329597551463658,False
0.46,0.2,10,1.33,1,3.36,0.5252492166548086,3,-0.3124216243359053,3.098750219896439,False
0.46,0.2,10,1.33,2,0.0,0.6900934004518037,4,-0.2147938798787356,3.098750219896439,False
0.46,0.2,10,1.33,2,3.36,0.8983081479499863,4,-0.1002764151375207,3.2561100910915513,False
0.46,0.2,10,1.5,1,0.0,0.4550798085708634,3,-0.38286304978769936,3.1889094028939957,False
0.46,0.2,10,1.5,1,3.36,0.5923863345730944,4,-0.2683455850464844,3.3420268071734163,False
0.46,0.2,10,1.5,2,0.0,0.778300827577223,4,-0.17561267477828302,3.3420268071734163,False
0.46,0.2,10,1.5,2,3.36,1.0131294901691585,5,-0.06109521003706805,3.4884299018133844,True
0.46,0.2,10,2.0,1,0.0,0.6067730780944844,4,-0.28609649986013486,4.016246488604738,False
0.46,0.2,10,2.0,1,3.36,0.789848446097459,4,-0.17157903511892003,4.138868910370307,False
0.46,0.2,10,2.0,2,0.0,1.0377344367696306,5,-0.09476688520954477,4.138868910370307,True
0.46,0.2,10,2.0,2,3.36,1.3508393202255446,5,0.01975057953167017,4.257961467325637,True
0.46,0.2,15,0.75,1,0.0,0.20935110592358883,2,-0.6903173488604797,3.3436984354117993,False
0.46,0.2,15,0.75,1,3.36,0.2780043689247043,2,-0.5671409872651871,3.490031407734795,False
0.46,0.2,15,0.75,2,0.0,0.35804299801001593,2,-0.4646283301471019,3.490031407734795,False
0.46,0.2,15,0.75,2,3.36,0.4754573293059836,2,-0.3414519685518095,3.630470937354452,False
0.46,0.2,15,1.0,1,0.0,0.27913480789811845,2,-0.5734369814343575,3.101507768239103,False
0.46,0.2,15,1.0,1,3.36,0.37067249189960566,2,-0.45026061983906523,3.2587344838828924,False
0.46,0.2,15,1.0,2,0.0,0.4773906640133546,3,-0.3529032323809027,3.2587344838828924,False
0.46,0.2,15,1.0,2,3.36,0.6339431057413115,3,-0.2297268707856103,3.4087168313674137,False
0.46,0.2,15,1.33,1,0.0,0.37124929450449634,3,-0.463121400693087,3.339651678464611,False
0.46,0.2,15,1.33,1,3.36,0.49299441422647405,3,-0.33994503909779455,3.486154519448542,False
0.46,0.2,15,1.33,2,0.0,0.6349295831377609,4,-0.2509761914947024,3.486154519448542,False
0.46,0.2,15,1.33,2,3.36,0.8431443306359435,4,-0.1277998298994099,3.6267441781123044,False
0.46,0.2,15,1.5,1,0.0,0.41870221184717765,3,-0.4190453614036662,3.5665338338545176,False
0.46,0.2,15,1.5,1,3.36,0.5560087378494086,3,-0.2958689998083737,3.7040739177328796,False
0.46,0.2,15,1.5,2,0.0,0.7160859960200319,4,-0.21179498639424976,3.7040739177328796,False
0.46,0.2,15,1.5,2,3.36,0.9509146586119672,4,-0.08861862479895735,3.8366865376297037,False
0.46,0.2,15,2.0,1,0.0,0.5582696157962369,4,-0.3222788114761016,4.3221818871252,False
0.46,0.2,15,2.0,1,3.36,0.7413449837992113,4,-0.1991024498808093,4.436356192348981,False
0.46,0.2,15,2.0,2,0.0,0.9547813280267092,4,-0.13094919682551148,4.436356192348981,False
0.46,0.2,15,2.0,2,3.36,1.267886211482623,5,-0.007772835230219086,4.547664924485219,True
0.46,0.3,-15,0.75,1,0.0,0.4581327419239104,2,-0.34553249405931746,3.525665784922802,False
0.46,0.3,-15,0.75,1,3.36,0.4639142871955486,2,-0.3400860774734916,3.6647399944573578,False
0.46,0.3,-15,0.75,2,0.0,0.7542660117227385,3,-0.13380539323714863,3.6647399944573578,False
0.46,0.3,-15,0.75,2,3.36,0.8069720164800229,3,-0.10416920132170822,3.79872600051324,False
0.46,0.3,-15,1.0,1,0.0,0.610843655898548,3,-0.22532708567630258,3.296869793675131,False
0.46,0.3,-15,1.0,1,3.36,0.6185523829273989,3,-0.21988066909047685,3.4451923656666112,False
0.46,0.3,-15,1.0,2,0.0,1.0056880156303183,5,-0.01702211773143709,3.4451923656666112,True
0.46,0.3,-15,1.0,2,3.36,1.075962688640031,6,0.012827831340893776,3.5873876897329486,True
0.46,0.3,-15,1.33,1,0.0,0.8124220623450688,3,-0.10948868197270568,3.5218281237833704,False
0.46,0.3,-15,1.33,1,3.36,0.8226746692934406,4,-0.10404226538687986,3.6610481195241746,False
0.46,0.3,-15,1.33,2,0.0,1.3375650607883205,7,0.09313350274504967,3.6610481195241746,True
0.46,0.3,-15,1.33,2,3.36,1.4310303758912415,7,0.12333571864101202,3.7951644672492777,True
0.46,0.3,-15,1.5,1,0.0,0.9162654838478208,4,-0.062120099761312025,3.7376682019715184,False
0.46,0.3,-15,1.5,1,3.36,0.9278285743910972,4,-0.056673683175486225,3.869129564647455,False
0.46,0.3,-15,1.5,2,0.0,1.508532023445477,7,0.13711498954534418,3.869129564647455,True
0.46,0.3,-15,1.5,2,3.36,1.6139440329600458,7,0.16752549167895905,3.996268708186301,True
0.46,0.3,-15,2.0,1,0.0,1.221687311797096,7,0.04577960068618039,4.464443556076518,True
0.46,0.3,-15,2.0,1,3.36,1.2371047658547978,7,0.05122601727200612,4.575068990233169,True
0.46,0.3,-15,2.0,2,0.0,2.0113760312606366,7,0.23356655565343082,4.575068990233169,True
0.46,0.3,-15,2.0,2,3.36,2.151925377280062,7,0.26467127609644003,4.683081919568902,True
0.46,0.3,-10,0.75,1,0.0,0.31963750392979456,2,-0.5044759590097201,3.143135189394826,False
0.46,0.3,-10,0.75,1,3.36,0.3750251973413666,2,-0.4350732413258603,3.298378210395535,False
0.46,0.3,-10,0.75,2,0.0,0.5528125700240838,2,-0.27275086994160913,3.298378210395535,False
0.46,0.3,-10,0.75,2,3.36,0.648605500347061,2,-0.20334815225774933,3.4466358697738944,False
0.46,0.3,-10,1.0,1,0.0,0.4261833385730593,2,-0.3861350546644081,2.8841515265818187,False
0.46,0.3,-10,1.0,1,3.36,0.5000335964551553,2,-0.31673233698054837,3.0525939835301115,False
0.46,0.3,-10,1.0,2,0.0,0.7370834266987784,3,-0.15877744154155624,3.0525939835301115,False
0.46,0.3,-10,1.0,2,3.36,0.8648073337960812,4,-0.08937472385769647,3.212215750581557,False
0.46,0.3,-10,1.33,1,0.0,0.5668238403021673,3,-0.2734042227004522,3.1388298656200257,False
0.46,0.3,-10,1.33,1,3.36,0.6650446832853548,4,-0.20400150501659237,3.2942757816109185,False
0.46,0.3,-10,1.33,2,0.0,0.9803209575093743,4,-0.05321840652007336,3.2942757816109185,False
0.46,0.3,-10,1.33,2,3.36,1.1501937539487872,5,0.016184311163786477,3.4427101134583245,True
0.46,0.3,-10,1.5,1,0.0,0.6392750078595891,4,-0.22789492758152496,3.3792222744095626,False
0.46,0.3,-10,1.5,1,3.36,0.7500503946827332,4,-0.15849220989766524,3.524080472955426,False
0.46,0.3,-10,1.5,2,0.0,1.1056251400481676,6,-0.011933933217705868,3.524080472955426,True
0.46,0.3,-10,1.5,2,3.36,1.297211000694122,6,0.05746878446615392,3.6632148694644897,True
0.46,0.3,-10,2.0,1,0.0,0.8523666771461186,4,-0.12632128227859918,4.168961004522576,False
0.46,0.3,-10,2.0,1,3.36,1.0000671929103107,5,-0.056918564594739415,4.287217729160706,True
0.46,0.3,-10,2.0,2,0.0,1.4741668533975567,7,0.07564494891953243,4.287217729160706,True
0.46,0.3,-10,2.0,2,3.36,1.7296146675921624,7,0.1450476666033922,4.402298928654196,True
0.46,0.3,-5,0.75,1,0.0,0.26756209835264533,2,-0.5817090963400228,2.889409381502402,False
0.46,0.3,-5,0.75,1,3.36,0.3229497917642174,2,-0.4999986807342055,3.057562194610944,False
0.46,0.3,-5,0.75,2,0.0,0.4627482364017271,2,-0.3499840072719118,3.057562194610944,False
0.46,0.3,-5,0.75,2,3.36,0.5585411667247043,2,-0.26827359166609455,3.2169374525958836,False
0.46,0.3,-5,1.0,1,0.0,0.3567494644701936,2,-0.4633681919947109,2.6053248901790114,False
0.46,0.3,-5,1.0,1,3.36,0.4305997223522897,2,-0.38165777638889364,2.7906482729620867,False
0.46,0.3,-5,1.0,2,0.0,0.616997648535636,3,-0.236010578871859,2.7906482729620867,False
0.46,0.3,-5,1.0,2,3.36,0.744721555632939,4,-0.15430016326604176,2.9644085048093958,False
0.46,0.3,-5,1.33,1,0.0,0.47447678774535623,3,-0.35063736003075496,2.8847254081472413,False
0.46,0.3,-5,1.33,1,3.36,0.5726976307285438,4,-0.2689269444249376,3.0531362040384424,False
0.46,0.3,-5,1.33,2,0.0,0.8206068725523952,4,-0.1304515438503761,3.0531362040384424,False
0.46,0.3,-5,1.33,2,3.36,0.9904796689918081,4,-0.04874112824455881,3.2127310314450956,False
0.46,0.3,-5,1.5,1,0.0,0.5351241967052907,3,-0.3051280649118277,3.1446034622775225,False
0.46,0.3,-5,1.5,1,3.36,0.6458995835284348,4,-0.2234176493060105,3.299777406881831,False
0.46,0.3,-5,1.5,2,0.0,0.9254964728034542,4,-0.08916707054800858,3.299777406881831,False
0.46,0.3,-5,1.5,2,3.36,1.1170823334494087,5,-0.007456654942191325,3.44797490347128,True
0.46,0.3,-5,2.0,1,0.0,0.7134989289403872,4,-0.20355441960890194,3.981158576637199,False
0.46,0.3,-5,2.0,1,3.36,0.8611994447045794,4,-0.12184400400308469,4.1048293036777945,False
0.46,0.3,-5,2.0,2,0.0,1.233995297071272,5,-0.0015881884107703526,4.1048293036777945,True
0.46,0.3,-5,2.0,2,3.36,1.489443111265878,5,0.0801222271950469,4.224881490921601,True
0.46,0.3,0,0.75,1,0.0,0.23047044089926355,2,-0.6465184569403144,2.7997290033646896,False
0.46,0.3,0,0.75,1,3.36,0.2858581343108356,2,-0.5529831346771624,2.972958541971522,False
0.46,0.3,0,0.75,2,0.0,0.3985982720478551,2,-0.41479336787220356,2.972958541971522,False
0.46,0.3,0,0.75,2,3.36,0.4943912023708323,2,-0.32125804560905147,3.1366355370494414,False
0.46,0.3,0,1.0,1,0.0,0.30729392119901805,2,-0.5281775525950024,2.5054966976137933,False
0.46,0.3,0,1.0,1,3.36,0.3811441790811141,2,-0.43464223033185045,2.6976867315820092,False
0.46,0.3,0,1.0,2,0.0,0.5314643627304735,2,-0.3008199394721506,2.6976867315820092,False
0.46,0.3,0,1.0,2,3.36,0.6591882698277763,3,-0.20728461720899863,2.877066857365957,False
0.46,0.3,0,1.33,1,0.0,0.4087009151946928,2,-0.4154467206310466,2.7948947384074443,False
0.46,0.3,0,1.33,1,3.36,0.5069217581778803,3,-0.32191139836789456,2.968406407279437,False
0.46,0.3,0,1.33,2,0.0,0.7068476024315291,4,-0.1952609044506677,2.968406407279437,False
0.46,0.3,0,1.33,2,3.36,0.8767203988709419,4,-0.10172558218751569,3.132321279622768,False
0.46,0.3,0,1.5,1,0.0,0.4609408817985271,3,-0.36993742551211944,3.0624054031651533,False
0.46,0.3,0,1.5,1,3.36,0.5717162686216712,4,-0.27640210324896736,3.2215410680814123,False
0.46,0.3,0,1.5,2,0.0,0.7971965440957102,4,-0.15397643114830029,3.2215410680814123,False
0.46,0.3,0,1.5,2,3.36,0.9887824047416646,4,-0.06044110888514827,3.373177560303508,False
0.46,0.3,0,2.0,1,0.0,0.6145878423980361,4,-0.2683637802091935,3.916557101677349,False
0.46,0.3,0,2.0,1,3.36,0.7622883581622282,4,-0.17482845794604152,4.042204785843893,False
0.46,0.3,0,2.0,2,0.0,1.062928725460947,5,-0.06639754901106194,4.042204785843893,True
0.46,0.3,0,2.0,2,3.36,1.3183765396555527,5,0.02713777325209002,4.1640628634422985,True
0.46,0.3,5,0.75,1,0.0,0.20346828118124283,2,-0.7006369732291592,2.889409381502402,False
0.46,0.3,5,0.75,1,3.36,0.2588559745928149,2,-0.5960754963028171,3.057562194610944,False
0.46,0.3,5,0.75,2,0.0,0.35189807846481913,2,-0.46891188416104823,3.057562194610944,False
0.46,0.3,5,0.75,2,3.36,0.44769100878779633,2,-0.36435040723470613,3.2169374525958836,False
0.46,0.3,5,1.0,1,0.0,0.27129104157499034,2,-0.5822960688838473,2.6053248901790114,False
0.46,0.3,5,1.0,1,3.36,0.34514129945708644,2,-0.4777345919575052,2.7906482729620867,False
0.46,0.3,5,1.0,2,0.0,0.46919743795309204,2,-0.3549384557609954,2.7906482729620867,False
0.46,0.3,5,1.0,2,3.36,0.5969213450503951,3,-0.25037697883465326,2.9644085048093958,False
0.46,0.3,5,1.33,1,0.0,0.3608170852947362,2,-0.46956523691989127,2.8847254081472413,False
0.46,0.3,5,1.33,1,3.36,0.4590379282779237,3,-0.3650037599935492,3.0531362040384424,False
0.46,0.3,5,1.33,2,0.0,0.624032592477612,4,-0.24937942073951247,3.0531362040384424,False
0.46,0.3,5,1.33,2,3.36,0.7939053889170248,4,-0.14481794381317037,3.2127310314450956,False
0.46,0.3,5,1.5,1,0.0,0.40693656236248565,2,-0.4240559418009641,3.1446034622775225,False
0.46,0.3,5,1.5,1,3.36,0.5177119491856298,3,-0.319494464874622,3.299777406881831,False
0.46,0.3,5,1.5,2,0.0,0.7037961569296383,4,-0.20809494743714496,3.299777406881831,False
0.46,0.3,5,1.5,2,3.36,0.8953820175755927,4,-0.1035334705108029,3.44797490347128,False
0.46,0.3,5,2.0,1,0.0,0.5425820831499807,4,-0.32248229649803833,3.981158576637199,False
0.46,0.3,5,2.0,1,3.36,0.6902825989141729,4,-0.2179208195716962,4.1048293036777945,False
0.46,0.3,5,2.0,2,0.0,0.9383948759061841,4,-0.12051606529990679,4.1048293036777945,False
0.46,0.3,5,2.0,2,3.36,1.1938426901007901,5,-0.015954588373564615,4.224881490921601,True
0.46,0.3,10,0.75,1,0.0,0.18357336427338014,2,-0.7453240224581963,3.143135189394826,False
0.46,0.3,10,0.75,1,3.36,0.2389610576849522,2,-0.6308065577169814,3.298378210395535,False
0.46,0.3,10,0.75,2,0.0,0.31748985035943755,2,-0.5135989333900853,3.298378210395535,False
0.46,0.3,10,0.75,2,3.36,0.4132827806824148,2,-0.3990814686488704,3.4466358697738944,False
0.46,0.3,10,1.0,1,0.0,0.24476448569784012,2,-0.6269831181128844,2.8841515265818187,False
0.46,0.3,10,1.0,1,3.36,0.3186147435799362,2,-0.5124656533716695,3.0525939835301115,False
0.46,0.3,10,1.0,2,0.0,0.42331980047925,2,-0.3996255049900325,3.0525939835301115,False
0.46,0.3,10,1.0,2,3.36,0.551043707576553,3,-0.28510804024881764,3.212215750581557,False
0.46,0.3,10,1.33,1,0.0,0.3255367659781265,2,-0.5142522861489285,3.1388298656200257,False
0.46,0.3,10,1.33,1,3.36,0.423757608961314,3,-0.39973482140771355,3.2942757816109185,False
0.46,0.3,10,1.33,2,0.0,0.563015334637402,4,-0.2940664699685496,3.2942757816109185,False
0.46,0.3,10,1.33,2,3.36,0.7328881310768148,4,-0.17954900522733475,3.4427101134583245,False
0.46,0.3,10,1.5,1,0.0,0.3671467285467603,2,-0.4687429910300013,3.3792222744095626,False
0.46,0.3,10,1.5,1,3.36,0.4779221153699044,3,-0.3542255262887864,3.524080472955426,False
0.46,0.3,10,1.5,2,0.0,0.6349797007188751,4,-0.2527819966661821,3.524080472955426,False
0.46,0.3,10,1.5,2,3.36,0.8265655613648296,4,-0.1382645319249672,3.6632148694644897,False
0.46,0.3,10,2.0,1,0.0,0.48952897139568025,4,-0.36716934572707544,4.168961004522576,False
0.46,0.3,10,2.0,1,3.36,0.6372294871598724,4,-0.25265188098586056,4.287217729160706,False
0.46,0.3,10,2.0,2,0.0,0.8466396009585,4,-0.16520311452894387,4.287217729160706,False
0.46,0.3,10,2.0,2,3.36,1.102087415153106,5,-0.05068564978772897,4.402298928654196,True
0.46,0.3,15,0.75,1,0.0,0.16889910782654108,1,-0.7815063340741631,3.525665784922802,False
0.46,0.3,15,0.75,1,3.36,0.22428680123811312,2,-0.6583299724788707,3.6647399944573578,False
0.46,0.3,15,0.75,2,0.0,0.29211074646882734,2,-0.5497812450060522,3.6647399944573578,False
0.46,0.3,15,0.75,2,3.36,0.38790367679180454,2,-0.42660488341075975,3.79872600051324,False
0.46,0.3,15,1.0,1,0.0,0.22519881043538806,2,-0.6631654297288512,3.296869793675131,False
0.46,0.3,15,1.0,1,3.36,0.29904906831748407,2,-0.5399890681335588,3.4451923656666112,False
0.46,0.3,15,1.0,2,0.0,0.38948099529176977,2,-0.4358078166059993,3.4451923656666112,False
0.46,0.3,15,1.0,2,3.36,0.5172049023890726,3,-0.312631455010707,3.5873876897329486,False
0.46,0.3,15,1.33,1,0.0,0.2995144178790653,2,-0.5504345977648952,3.5218281237833704,False
0.46,0.3,15,1.33,1,3.36,0.3977352608622528,3,-0.4272582361696028,3.6610481195241746,False
0.46,0.3,15,1.33,2,0.0,0.5180097237380533,3,-0.3302487815845164,3.6610481195241746,False
0.46,0.3,15,1.33,2,3.36,0.6878825201774661,3,-0.207072419989224,3.7951644672492777,False
0.46,0.3,15,1.5,1,0.0,0.33779821565308216,2,-0.5049253026459681,3.7376682019715184,False
0.46,0.3,15,1.5,1,3.36,0.44857360247622624,3,-0.3817489410506757,3.869129564647455,False
0.46,0.3,15,1.5,2,0.0,0.5842214929376547,4,-0.288964308282149,3.869129564647455,False
0.46,0.3,15,1.5,2,3.36,0.7758073535836091,4,-0.1657879466868565,3.996268708186301,False
0.46,0.3,15,2.0,1,0.0,0.4503976208707761,4,-0.40335165734304224,4.464443556076518,False
0.46,0.3,15,2.0,1,3.36,0.5980981366349681,4,-0.2801752957477499,4.575068990233169,False
0.46,0.3,15,2.0,2,0.0,0.7789619905835395,4,-0.20138542614491067,4.575068990233169,False
0.46,0.3,15,2.0,2,3.36,1.0344098047781451,5,-0.07820906454961833,4.683081919568902,True
0.6,-0.3,-15,0.75,1,0.0,1.2547379858017345,6,0.07145642620975459,3.1518887672394067,True
0.6,-0.3,-15,0.75,1,3.36,1.3199630917293348,7,0.10171638127393293,3.3067208532094066,True
0.6,-0.3,-15,0.75,2,0.0,1.8909101592656987,6,0.23703557610059406,3.3067208532094066,True
0.6,-0.3,-15,0.75,2,3.36,2.0926208587410655,7,0.2916935719157252,3.4546205002937653,True
0.6,-0.3,-15,1.0,1,0.0,1.6729839810689788,7,0.1773558896422761,2.893688651275761,True
0.6,-0.3,-15,1.0,1,3.36,1.7599507889724466,7,0.2132465881790251,3.0616064427881864,True
0.6,-0.3,-15,1.0,2,0.0,2.5212135456875977,7,0.33465195581921964,3.0616064427881864,True
0.6,-0.3,-15,1.0,2,3.36,2.7901611449880876,8,0.3916221476584889,3.220781583796413,True
0.6,-0.3,-15,1.33,1,0.0,2.2250686948217355,7,0.27006521491371205,3.1475954167500824,True
0.6,-0.3,-15,1.33,1,3.36,2.3407345493333467,7,0.3148607435597819,3.302628787427695,True
0.6,-0.3,-15,1.33,2,0.0,3.353214015764501,8,0.41476999063816705,3.302628787427695,True
0.6,-0.3,-15,1.33,2,3.36,3.710914322834152,8,0.4717401824774364,3.4507038278510844,True
0.6,-0.3,-15,1.5,1,0.0,2.509475971603469,7,0.30402034099039,3.3873658146269996,True
0.6,-0.3,-15,1.5,1,3.36,2.6399261834586696,7,0.35386191819304025,3.5318900268982945,True
0.6,-0.3,-15,1.5,2,0.0,3.7818203185313974,8,0.4431434402827702,3.5318900268982945,True
0.6,-0.3,-15,1.5,2,3.36,4.185241717482131,8,0.5001136321220395,3.6707284239103872,True
0.6,-0.3,-15,2.0,1,0.0,3.3459679621379577,8,0.39145201169002153,4.175564613255048,True
0.6,-0.3,-15,2.0,1,3.36,3.5199015779448932,8,0.42913285970165943,4.293639463144033,True
0.6,-0.3,-15,2.0,2,0.0,5.042427091375195,8,0.5014014783305862,4.293639463144033,True
0.6,-0.3,-15,2.0,2,3.36,5.580322289976175,8,0.5583716701698556,4.408553032398247,True
0.6,-0.3,-10,0.75,1,0.0,0.8896792110581437,3,-0.06013212581369227,2.7172380081411127,False
0.6,-0.3,-10,0.75,1,3.36,0.9745243908068805,4,-0.03111650847650673,2.8954071204040863,False
0.6,-0.3,-10,0.75,2,0.0,1.3376770922446963,5,0.09735431179650414,2.8954071204040863,True
0.6,-0.3,-10,0.75,2,3.36,1.3424731394500269,6,0.09890862695009517,3.06323071166484,True
0.6,-0.3,-10,1.0,1,0.0,1.1862389480775246,7,0.05804383750088773,2.4129677996937438,True
0.6,-0.3,-10,1.0,1,3.36,1.2993658544091755,7,0.0796797118960133,2.6119750386171128,True
0.6,-0.3,-10,1.0,2,0.0,1.783569456326262,7,0.20197719724821292,2.6119750386171128,True
0.6,-0.3,-10,1.0,2,3.36,1.7899641859333695,7,0.20353151240180398,2.7968578087487517,True
0.6,-0.3,-10,1.33,1,0.0,1.5776978009431035,7,0.1705010690302842,2.7122567170868725,True
0.6,-0.3,-10,1.33,1,3.36,1.7281565863642034,7,0.18397502233117308,2.8907328654482862,True
0.6,-0.3,-10,1.33,2,0.0,2.372147376913926,8,0.2927040208140548,2.8907328654482862,True
0.6,-0.3,-10,1.33,2,3.36,2.3806523672913786,8,0.2942583359676458,3.058812923240462,True
0.6,-0.3,-10,1.5,1,0.0,1.7793584221162875,7,0.20997365638823698,2.9871770543341367,True
0.6,-0.3,-10,1.5,1,3.36,1.949048781613761,7,0.22932143348445458,3.1501153556561023,True
0.6,-0.3,-10,1.5,2,0.0,2.6753541844893927,8,0.3255561804625231,3.1501153556561023,True
0.6,-0.3,-10,1.5,2,3.36,2.6849462789000538,8,0.32711049561611416,3.3050305223916423,True
0.6,-0.3,-10,2.0,1,0.0,2.3724778961550492,8,0.2800669272419182,3.858020143973398,True
0.6,-0.3,-10,2.0,1,3.36,2.598731708818351,8,0.3303457094048812,3.9855136972922973,True
0.6,-0.3,-10,2.0,2,0.0,3.567138912652524,8,0.3917670706700469,3.9855136972922973,True
0.6,-0.3,-10,2.0,2,3.36,3.579928371866739,8,0.403907277115586,4.1090533497758965,True
0.6,-0.3,-5,0.75,1,0.0,0.7703412002715004,2,-0.12268244251732265,2.4192499143306225,False
0.6,-0.3,-5,0.75,1,3.36,0.7983760713629167,4,-0.1071580564770147,2.6177796217383777,False
0.6,-0.3,-5,0.75,2,0.0,0.9415327511277093,4,-0.04380280539627944,2.6177796217383777,False
0.6,-0.3,-5,0.75,2,3.36,1.0600653402824902,5,-0.0043442195342282275,2.8022794557268416,True
0.6,-0.3,-5,1.0,1,0.0,1.0271216003620003,5,-0.004506479202742638,2.071666323870934,True
0.6,-0.3,-5,1.0,1,3.36,1.0645014284838885,5,0.011017906837565285,2.3003915661167142,True
0.6,-0.3,-5,1.0,2,0.0,1.2553770015036128,7,0.07060090831788632,2.3003915661167142,True
0.6,-0.3,-5,1.0,2,3.36,1.4134204537099881,7,0.09982379618885395,2.5083463392165184,True
0.6,-0.3,-5,1.33,1,0.0,1.3660717284814565,7,0.10073633696293725,2.413653714699957,True
0.6,-0.3,-5,1.33,1,3.36,1.4157868998835679,7,0.12347513836696172,2.6126087067306694,True
0.6,-0.3,-5,1.33,2,0.0,1.6696514119998027,8,0.17685971990826266,2.6126087067306694,True
0.6,-0.3,-5,1.33,2,3.36,1.8798492034342842,8,0.1898474599331491,2.797449598202781,True
0.6,-0.3,-5,1.5,1,0.0,1.5406824005430009,7,0.13469146303961516,2.718936282637461,True
0.6,-0.3,-5,1.5,1,3.36,1.5967521427258333,7,0.16882154952024325,2.8970009508183483,True
0.6,-0.3,-5,1.5,2,0.0,1.8830655022554186,8,0.21032380644883442,2.8970009508183483,True
0.6,-0.3,-5,1.5,2,3.36,2.1201306805649804,8,0.22231020054440737,3.0647372659075383,True
0.6,-0.3,-5,2.0,1,0.0,2.0542432007240006,7,0.20283378991161544,3.6542724565098537,True
0.6,-0.3,-5,2.0,1,3.36,2.129002856967777,7,0.26984582544066993,3.7886286683187307,True
0.6,-0.3,-5,2.0,2,0.0,2.5107540030072255,8,0.2847150370606316,3.7886286683187307,True
0.6,-0.3,-5,2.0,2,3.36,2.8268409074199763,8,0.3002394231009396,3.9183806842121096,True
0.6,-0.3,0,0.75,1,0.0,0.6831866823697691,2,-0.17482617654714444,2.3113991577302415,False
0.6,-0.3,0,0.75,1,3.36,0.7112215534611855,2,-0.15736065904529947,2.5184451684235794,False
0.6,-0.3,0,0.75,2,0.0,0.7751136707613087,3,-0.14031145800315917,2.5184451684235794,False
0.6,-0.3,0,0.75,2,3.36,0.8039710883098736,4,-0.12332444431654599,2.7097169716330285,False
0.6,-0.3,0,1.0,1,0.0,0.9109155764930252,3,-0.05678234890879029,1.9446329411557997,False
0.6,-0.3,0,1.0,1,3.36,0.9482954046149137,4,-0.03918469573071952,2.186686368876034,False
0.6,-0.3,0,1.0,2,0.0,1.0334848943484123,5,-0.02313811542045261,2.186686368876034,True
0.6,-0.3,0,1.0,2,3.36,1.0719614510798323,6,-0.005672597918607742,2.4044952226669647,True
0.6,-0.3,0,1.33,1,0.0,1.21151771673572,5,0.03592697636264558,2.3055411887130206,True
0.6,-0.3,0,1.33,1,3.36,1.2612328881378319,5,0.07327253579867694,2.513069870268682,True
0.6,-0.3,0,1.33,2,0.0,1.3745349094833883,7,0.08845114248343182,2.513069870268682,True
0.6,-0.3,0,1.33,2,3.36,1.4257087299361768,8,0.10591665998527672,2.704721829107801,True
0.6,-0.3,0,1.5,1,0.0,1.3663733647395382,6,0.0698821024393235,2.6234348528998694,True
0.6,-0.3,0,1.5,1,3.36,1.422443106922371,6,0.11861894695195846,2.8075630763011823,True
0.6,-0.3,0,1.5,2,0.0,1.5502273415226173,8,0.13328170169724496,2.8075630763011823,True
0.6,-0.3,0,1.5,2,3.36,1.6079421766197473,8,0.1507472191990899,2.9803373009459446,True
0.6,-0.3,0,2.0,1,0.0,1.8218311529860505,7,0.1380244293113238,3.583783350702705,True
0.6,-0.3,0,2.0,1,3.36,1.8965908092298274,7,0.21964322287238508,3.7206858379570167,True
0.6,-0.3,0,2.0,2,0.0,2.0669697886968246,8,0.23257130303080986,3.7206858379570167,True
0.6,-0.3,0,2.0,2,3.36,2.1439229021596646,8,0.25003682053265475,3.8527267103668157,True
0.6,-0.3,5,0.75,1,0.0,0.6188973038844041,2,-0.21774697766464512,2.4192499143306225,False
0.6,-0.3,5,0.75,1,3.36,0.6469321749758203,2,-0.19850681725304173,2.6177796217383777,False
0.6,-0.3,5,0.75,2,0.0,0.670490613507518,2,-0.18371076293589164,2.6177796217383777,False
0.6,-0.3,5,0.75,2,3.36,0.7008625634250745,4,-0.16447060252428827,2.8022794557268416,False
0.6,-0.3,5,1.0,1,0.0,0.8251964051792051,3,-0.11090086519763509,2.071666323870934,False
0.6,-0.3,5,1.0,1,3.36,0.8625762333010936,4,-0.08033085393846173,2.3003915661167142,False
0.6,-0.3,5,1.0,2,0.0,0.8939874846766904,4,-0.06605891653795336,2.3003915661167142,False
0.6,-0.3,5,1.0,2,3.36,0.9344834179000991,4,-0.04681875612634993,2.5083463392165184,False
0.6,-0.3,5,1.33,1,0.0,1.0975112188883398,5,-0.018191539926199096,2.413653714699957,True
0.6,-0.3,5,1.33,1,3.36,1.1472263902904514,5,0.03212637759093472,2.6126087067306694,True
0.6,-0.3,5,1.33,2,0.0,1.1890033546199952,6,0.04553034136593108,2.6126087067306694,True
0.6,-0.3,5,1.33,2,3.36,1.2428629458071287,6,0.06477050177753456,2.797449598202781,True
0.6,-0.3,5,1.5,1,0.0,1.2377946077688082,5,0.015763586150478764,2.718936282637461,True
0.6,-0.3,5,1.5,1,3.36,1.2938643499516407,5,0.0774727887442162,2.8970009508183483,True
0.6,-0.3,5,1.5,2,0.0,1.340981227015036,8,0.09036090057974426,2.8970009508183483,True
0.6,-0.3,5,1.5,2,3.36,1.401725126850149,8,0.10960106099134763,3.0647372659075383,True
0.6,-0.3,5,2.0,1,0.0,1.6503928103584102,6,0.08390591302247899,3.6542724565098537,True
0.6,-0.3,5,2.0,1,3.36,1.7251524666021871,6,0.17849706466464288,3.7886286683187307,True
0.6,-0.3,5,2.0,2,0.0,1.7879749693533808,8,0.18965050191330912,3.7886286683187307,True
0.6,-0.3,5,2.0,2,3.36,1.8689668358001983,8,0.20889066232491255,3.9183806842121096,True
0.6,-0.3,10,0.75,1,0.0,0.5715426418894487,2,-0.2614873778591938,2.7172380081411127,False
0.6,-0.3,10,0.75,1,3.36,0.599577512980865,2,-0.23152023206994488,2.8954071204040863,False
0.6,-0.3,10,0.75,2,0.0,0.6191883115356723,2,-0.21828071574431931,2.8954071204040863,False
0.6,-0.3,10,0.75,2,3.36,0.649560261453229,4,-0.1974840173411914,3.06323071166484,False
0.6,-0.3,10,1.0,1,0.0,0.762056855852598,3,-0.1555879144266722,2.4129677996937438,False
0.6,-0.3,10,1.0,1,3.36,0.7994366839744864,4,-0.11334426875536491,2.6119750386171128,False
0.6,-0.3,10,1.0,2,0.0,0.8255844153808963,4,-0.10062886934638095,2.6119750386171128,False
0.6,-0.3,10,1.0,2,3.36,0.866080348604305,4,-0.07983217094325312,2.7968578087487517,False
0.6,-0.3,10,1.33,1,0.0,1.0135356182839526,5,-0.06287858915523627,2.7122567170868725,True
0.6,-0.3,10,1.33,1,3.36,1.063250789686064,5,-0.0008870372259685393,2.8907328654482862,True
0.6,-0.3,10,1.33,2,0.0,1.0980272724565894,5,0.010960388557503534,2.8907328654482862,True
0.6,-0.3,10,1.33,2,3.36,1.1518868636437227,5,0.03175708696063133,3.058812923240462,True
0.6,-0.3,10,1.5,1,0.0,1.1430852837788974,5,-0.028923463078558406,2.9871770543341367,True
0.6,-0.3,10,1.5,1,3.36,1.19915502596173,5,0.04445937392731306,3.1501153556561023,True
0.6,-0.3,10,1.5,2,0.0,1.2383766230713447,7,0.05579094777131659,3.1501153556561023,True
0.6,-0.3,10,1.5,2,3.36,1.299120522906458,7,0.0765876461744445,3.3050305223916423,True
0.6,-0.3,10,2.0,1,0.0,1.524113711705196,5,0.03921886379344189,3.858020143973398,True
0.6,-0.3,10,2.0,1,3.36,1.5988733679489728,5,0.1454836498477397,3.9855136972922973,True
0.6,-0.3,10,2.0,2,0.0,1.6511688307617927,8,0.15508054910488156,3.9855136972922973,True
0.6,-0.3,10,2.0,2,3.36,1.73216069720861,8,0.17587724750800937,4.1090533497758965,True
0.6,-0.3,15,0.75,1,0.0,0.5363236278153368,2,-0.2976696894751606,3.1518887672394067,False
0.6,-0.3,15,0.75,1,3.36,0.5652988543667835,2,-0.2570874631142948,3.3067208532094066,False
0.6,-0.3,15,0.75,2,0.0,0.5820520714840223,2,-0.24514162608965148,3.3067208532094066,False
0.6,-0.3,15,0.75,2,3.36,0.6124240214015789,4,-0.22305124838554127,3.4546205002937653,False
0.6,-0.3,15,1.0,1,0.0,0.7150981704204491,3,-0.19177022604263896,2.893688651275761,False
0.6,-0.3,15,1.0,1,3.36,0.7537318058223779,3,-0.13891149979971476,3.0616064427881864,False
0.6,-0.3,15,1.0,2,0.0,0.7760694286453628,4,-0.1274897796917132,3.0616064427881864,False
0.6,-0.3,15,1.0,2,3.36,0.8165653618687717,4,-0.10539940198760296,3.220781583796413,False
0.6,-0.3,15,1.33,1,0.0,0.9510805666591946,3,-0.09906090077120305,3.1475954167500824,False
0.6,-0.3,15,1.33,1,3.36,1.0024633017437599,5,-0.026454268270318323,3.302628787427695,True
0.6,-0.3,15,1.33,2,0.0,1.03217234009833,5,-0.015900521787828668,3.302628787427695,True
0.6,-0.3,15,1.33,2,3.36,1.0860319312854636,5,0.0061898559162815,3.4507038278510844,True
0.6,-0.3,15,1.5,1,0.0,1.0726472556306736,5,-0.06510577469452523,3.3873658146269996,True
0.6,-0.3,15,1.5,1,3.36,1.130597708733567,5,0.018892142882963134,3.5318900268982945,True
0.6,-0.3,15,1.5,2,0.0,1.1641041429680445,5,0.02893003742598442,3.5318900268982945,True
0.6,-0.3,15,1.5,2,3.36,1.2248480428031578,6,0.051020415130094615,3.6707284239103872,True
0.6,-0.3,15,2.0,1,0.0,1.4301963408408982,5,0.003036552177475116,4.175564613255048,True
0.6,-0.3,15,2.0,1,3.36,1.5074636116447557,5,0.11991641880338987,4.293639463144033,True
0.6,-0.3,15,2.0,2,0.0,1.5521388572907255,8,0.12821963875954928,4.293639463144033,True
0.6,-0.3,15,2.0,2,3.36,1.6331307237375434,8,0.15031001646365955,4.408553032398247,True
0.6,-0.2,-15,0.75,1,0.0,1.0508447365900655,6,-0.00142226516876243,2.9469310818290184,True
0.6,-0.2,-15,0.75,1,3.36,1.0882344946263203,6,0.021005973014951298,3.1119773137106814,True
0.6,-0.2,-15,0.75,2,0.0,1.6285171275883203,6,0.17726693423240375,3.1119773137106814,True
0.6,-0.2,-15,0.75,2,3.36,1.7644034394064816,7,0.22186543596514122,3.2687004758848657,True
0.6,-0.2,-15,1.0,1,0.0,1.4011263154534206,7,0.11441284082059788,2.6689762101828736,True
0.6,-0.2,-15,1.0,1,3.36,1.450979326168427,7,0.13470874383462753,2.8501638567847523,True
0.6,-0.2,-15,1.0,2,0.0,2.1713561701177606,7,0.2782191693347457,2.8501638567847523,True
0.6,-0.2,-15,1.0,2,3.36,2.352537919208642,7,0.329363625592645,3.0205022778541544,True
0.6,-0.2,-15,1.33,1,0.0,1.863497999553044,7,0.227315772564589,2.942338679952756,True
0.6,-0.2,-15,1.33,1,3.36,1.9298025038040023,7,0.2398283748014965,3.1076288239662935,True
0.6,-0.2,-15,1.33,2,0.0,2.8879037062566177,8,0.36332018709003927,3.1076288239662935,True
0.6,-0.2,-15,1.33,2,3.36,3.12887543254749,8,0.42029037892930854,3.2645607526198877,True
0.6,-0.2,-15,1.5,1,0.0,2.101689473180131,7,0.27292759284325846,3.197537671725485,True
0.6,-0.2,-15,1.5,1,3.36,2.1764689892526405,7,0.284303054501034,3.3502607603145815,True
0.6,-0.2,-15,1.5,2,0.0,3.2570342551766407,8,0.3933765582314333,3.3502607603145815,True
0.6,-0.2,-15,1.5,2,3.36,3.528806878812963,8,0.45034675007070263,3.4963190875696166,True
0.6,-0.2,-15,2.0,1,0.0,2.802252630906841,7,0.36660923618990615,4.023100774212322,True
0.6,-0.2,-15,2.0,1,3.36,2.901958652336854,7,0.3711791194017794,4.145520454595272,True
0.6,-0.2,-15,2.0,2,0.0,4.342712340235521,8,0.45507587540347283,4.145520454595272,True
0.6,-0.2,-15,2.0,2,3.36,4.705075838417284,8,0.512046067242742,4.264427258081416,True
0.6,-0.2,-10,0.75,1,0.0,0.7960765415734459,2,-0.11581324919282622,2.4765666542386224,False
0.6,-0.2,-10,0.75,1,3.36,0.8787188811132788,2,-0.06513805093866726,2.6708392675124957,False
0.6,-0.2,-10,0.75,2,0.0,1.1278689364645427,5,0.027526175845920126,2.6708392675124957,True
0.6,-0.2,-10,0.75,2,3.36,1.1319127469566792,6,0.03433727945319738,2.8519085526865484,True
0.6,-0.2,-10,1.0,1,0.0,1.061435388764596,6,-0.0017163519312091043,2.1383202759079074,True
0.6,-0.2,-10,1.0,1,3.36,1.171625174817705,6,0.05330653853545764,2.3605960269302475,True
0.6,-0.2,-10,1.0,2,0.0,1.5038252486193902,7,0.13502436547342392,2.3605960269302475,True
0.6,-0.2,-10,1.0,2,3.36,1.509216995942239,7,0.14915526532680118,2.5636718983440274,True
0.6,-0.2,-10,1.33,1,0.0,1.4117090670569128,7,0.10744149905880207,2.471100260892476,True
0.6,-0.2,-10,1.33,1,3.36,1.5582614825075431,7,0.16620947027944877,2.6657712766445028,True
0.6,-0.2,-10,1.33,2,0.0,2.0000875806637866,7,0.2302354419451002,2.6657712766445028,True
0.6,-0.2,-10,1.33,2,3.36,2.0072586046031757,7,0.25608922545328594,2.8471628859942073,True
0.6,-0.2,-10,1.5,1,0.0,1.5921530831468917,7,0.1487288172332361,2.770058980227745,True
0.6,-0.2,-10,1.5,1,3.36,1.7574377622265576,7,0.21182129055811827,2.9450342534409293,True
0.6,-0.2,-10,1.5,2,0.0,2.2557378729290853,8,0.26559303992656424,2.9450342534409293,True
0.6,-0.2,-10,1.5,2,3.36,2.2638254939133584,8,0.2981763409424388,3.1101811448757086,True
0.6,-0.2,-10,2.0,1,0.0,2.122870777529192,7,0.22595365355143404,3.6924679323325913,True
0.6,-0.2,-10,2.0,1,3.36,2.34325034963541,7,0.29151590462589794,3.825482901713785,True
0.6,-0.2,-10,2.0,2,0.0,3.0076504972387803,8,0.33737332003230425,3.825482901713785,True
0.6,-0.2,-10,2.0,2,3.36,3.018433991884478,8,0.3864495714252628,3.954025724663981,True
0.6,-0.2,-5,0.75,1,0.0,0.7115569671273038,2,-0.17075114311953715,2.14540675583646,False
0.6,-0.2,-5,0.75,1,3.36,0.7644517413227465,2,-0.12563793490287858,2.3670171414649124,False
0.6,-0.2,-5,0.75,2,0.0,0.8818420400729673,3,-0.08025997815567035,2.3670171414649124,False
0.6,-0.2,-5,0.75,2,3.36,0.9065195889952036,4,-0.06827358406009733,2.569585598494186,False
0.6,-0.2,-5,1.0,1,0.0,0.9487426228364049,3,-0.06204721590236596,1.744076075594442,False
0.6,-0.2,-5,1.0,1,3.36,1.0192689884303285,5,-0.0071933454287536735,2.0104231787016658,True
0.6,-0.2,-5,1.0,2,0.0,1.175789386763957,7,0.026615819466764196,2.0104231787016658,True
0.6,-0.2,-5,1.0,2,3.36,1.208692785326939,7,0.03860221356233727,2.245395590416288,True
0.6,-0.2,-5,1.33,1,0.0,1.2618276883724149,5,0.035064601472656096,2.1390942603085312,True
0.6,-0.2,-5,1.33,1,3.36,1.3556277546123332,6,0.10570958631523747,2.3612971550579784,True
0.6,-0.2,-5,1.33,2,0.0,1.5637998843960632,7,0.1299519775688991,2.3612971550579784,True
0.6,-0.2,-5,1.33,2,3.36,1.6075614044848285,7,0.14547636360920704,2.5643175026671137,True
0.6,-0.2,-5,1.5,1,0.0,1.4231139342546075,6,0.0714956799029334,2.478429847512819,True
0.6,-0.2,-5,1.5,1,3.36,1.528903482645493,6,0.15132140659390697,2.6725670261084966,True
0.6,-0.2,-5,1.5,2,0.0,1.7636840801459346,7,0.17495484621179602,2.6725670261084966,True
0.6,-0.2,-5,1.5,2,3.36,1.8130391779904071,8,0.19047923225210397,2.853526679223871,True
0.6,-0.2,-5,2.0,1,0.0,1.8974852456728097,7,0.14488004961173542,3.479038255956172,True
0.6,-0.2,-5,2.0,1,3.36,2.038537976860657,7,0.22659046521755274,3.619904306249899,True
0.6,-0.2,-5,2.0,2,0.0,2.351578773527914,8,0.2748230033286738,3.619904306249899,True
0.6,-0.2,-5,2.0,2,3.36,2.417385570653878,8,0.29034738936898175,3.75549027244201,True
0.6,-0.2,0,0.75,1,0.0,0.6129150912945481,2,-0.23556050371982884,2.023009161214074,False
0.6,-0.2,0,0.75,1,3.36,0.681000564159601,2,-0.1758405374711634,2.2566714573362403,False
0.6,-0.2,0,0.75,2,0.0,0.7210377052082002,2,-0.1518984089141855,2.2566714573362403,False
0.6,-0.2,0,0.75,2,3.36,0.7506258099520539,4,-0.13443289141234055,2.4683123923758257,False
0.6,-0.2,0,1.0,1,0.0,0.8172201217260643,3,-0.12685657650265755,1.5910993921902732,False
0.6,-0.2,0,1.0,1,3.36,0.908000752212801,4,-0.05739594799703859,1.8792544468028423,False
0.6,-0.2,0,1.0,2,0.0,0.9613836069442667,4,-0.03407119472507871,1.8792544468028423,False
0.6,-0.2,0,1.0,2,3.36,1.000834413269405,5,-0.01660567722323377,2.1287548651331973,True
0.6,-0.2,0,1.33,1,0.0,1.0869027618956622,5,-0.029744759127635606,2.016313510556394,True
0.6,-0.2,0,1.33,1,3.36,1.2076410004430223,5,0.05550698374695265,2.2506710494544175,True
0.6,-0.2,0,1.33,2,0.0,1.2786401972358714,7,0.07780824353907725,2.2506710494544175,True
0.6,-0.2,0,1.33,2,3.36,1.3311097696483052,7,0.09527376104092224,2.4628276782698886,True
0.6,-0.2,0,1.5,1,0.0,1.2258301825890963,5,0.006686319302641686,2.373269986202531,True
0.6,-0.2,0,1.5,1,3.36,1.362001128319202,5,0.10022164156579369,2.5753466615991254,True
0.6,-0.2,0,1.5,2,0.0,1.4420754104164004,7,0.12281111218197421,2.5753466615991254,True
0.6,-0.2,0,1.5,2,3.36,1.5012516199041077,7,0.14027662968381915,2.762681745588833,True
0.6,-0.2,0,2.0,1,0.0,1.6344402434521286,6,0.08007068901144382,3.404923362540471,True
0.6,-0.2,0,2.0,1,3.36,1.816001504425602,6,0.17360601127459577,3.548732605420407,True
0.6,-0.2,0,2.0,2,0.0,1.9227672138885334,8,0.22093763685240633,3.548732605420407,True
0.6,-0.2,0,2.0,2,3.36,2.00166882653881,8,0.24014478680069698,3.68693681865772,True
0.6,-0.2,5,0.75,1,0.0,0.5411053133284682,2,-0.2896790200086736,2.14540675583646,False
0.6,-0.2,5,0.75,1,3.36,0.6194429485264112,2,-0.2169866956789056,2.3670171414649124,False
0.6,-0.2,5,0.75,2,0.0,0.6531864617214899,2,-0.19481921003168623,2.3670171414649124,False
0.6,-0.2,5,0.75,2,3.36,0.6827745664653434,4,-0.17557904962008278,2.569585598494186,False
0.6,-0.2,5,1.0,1,0.0,0.7214737511046243,3,-0.18097509279150237,1.744076075594442,False
0.6,-0.2,5,1.0,1,3.36,0.825923931368548,3,-0.0985421062047808,2.0104231787016658,False
0.6,-0.2,5,1.0,2,0.0,0.8709152822953196,4,-0.07699199584257946,2.0104231787016658,False
0.6,-0.2,5,1.0,2,3.36,0.9103660886204576,4,-0.057751835430976006,2.245395590416288,False
0.6,-0.2,5,1.33,1,0.0,0.9595600889691476,4,-0.08386327541648034,2.1390942603085312,False
0.6,-0.2,5,1.33,1,3.36,1.0984788287201661,5,0.014360825539210437,2.3612971550579784,True
0.6,-0.2,5,1.33,2,0.0,1.158317325452772,5,0.03488744242157654,2.3612971550579784,True
0.6,-0.2,5,1.33,2,3.36,1.2107868978652057,5,0.05412760283318002,2.5643175026671137,True
0.6,-0.2,5,1.5,1,0.0,1.0822106266569365,5,-0.04743219698620307,2.478429847512819,True
0.6,-0.2,5,1.5,1,3.36,1.2388858970528225,5,0.05712927994013903,2.6725670261084966,True
0.6,-0.2,5,1.5,2,0.0,1.3063729234429797,6,0.0798903110644735,2.6725670261084966,True
0.6,-0.2,5,1.5,2,3.36,1.3655491329306868,6,0.09913047147607695,2.853526679223871,True
0.6,-0.2,5,2.0,1,0.0,1.4429475022092486,5,0.025952172722599004,3.479038255956172,True
0.6,-0.2,5,2.0,1,3.36,1.651847862737096,5,0.13051364964894116,3.619904306249899,True
0.6,-0.2,5,2.0,2,0.0,1.7418305645906391,8,0.1668191205635616,3.619904306249899,True
0.6,-0.2,5,2.0,2,3.36,1.8207321772409153,8,0.19899862859295472,3.75549027244201,True
0.6,-0.2,10,0.75,1,0.0,0.4881965985913366,2,-0.33436606923771073,2.4765666542386224,False
0.6,-0.2,10,0.75,1,3.36,0.5741004650524317,2,-0.2500001104958088,2.6708392675124957,False
0.6,-0.2,10,0.75,2,0.0,0.6032081795083243,2,-0.22938916284011385,2.6708392675124957,False
0.6,-0.2,10,0.75,2,3.36,0.6327962842521779,3,-0.20859246443698592,2.8519085526865484,False
0.6,-0.2,10,1.0,1,0.0,0.6509287981217821,3,-0.2256621420205395,2.1383202759079074,False
0.6,-0.2,10,1.0,1,3.36,0.7654672867365755,3,-0.13155552102168394,2.3605960269302475,False
0.6,-0.2,10,1.0,2,0.0,0.8042775726777656,4,-0.11156194865100705,2.3605960269302475,False
0.6,-0.2,10,1.0,2,3.36,0.8437283790029037,4,-0.09076525024787918,2.5636718983440274,False
0.6,-0.2,10,1.33,1,0.0,0.8657353015019676,3,-0.12855032464551747,2.471100260892476,False
0.6,-0.2,10,1.33,1,3.36,1.0180714913596425,5,-0.018652589277692852,2.6657712766445028,True
0.6,-0.2,10,1.33,2,0.0,1.0696891716614254,5,0.0003174896131489281,2.6657712766445028,True
0.6,-0.2,10,1.33,2,3.36,1.122158744073859,5,0.021114188016276802,2.8471628859942073,True
0.6,-0.2,10,1.5,1,0.0,0.9763931971826731,4,-0.09211924621524017,2.770058980227745,False
0.6,-0.2,10,1.5,1,3.36,1.1482009301048635,5,0.022398218525974775,2.9450342534409293,True
0.6,-0.2,10,1.5,2,0.0,1.2064163590166486,5,0.04532035825604588,2.9450342534409293,True
0.6,-0.2,10,1.5,2,3.36,1.2655925685043559,5,0.0661170566591738,3.1101811448757086,True
0.6,-0.2,10,2.0,1,0.0,1.3018575962435641,5,-0.01873487650643814,3.6924679323325913,True
0.6,-0.2,10,2.0,1,3.36,1.530934573473151,5,0.09578258823477676,3.825482901713785,True
0.6,-0.2,10,2.0,2,0.0,1.6085551453555311,8,0.1221320713345245,3.825482901713785,True
0.6,-0.2,10,2.0,2,3.36,1.6874567580058073,8,0.16598521377605155,3.954025724663981,True
0.6,-0.2,15,0.75,1,0.0,0.4491717536060085,2,-0.3705483808536776,2.9469310818290184,False
0.6,-0.2,15,0.75,1,3.36,0.5412783637800217,2,-0.27556734154015866,3.1119773137106814,False
0.6,-0.2,15,0.75,2,0.0,0.5670303587420009,2,-0.256250073185446,3.1119773137106814,False
0.6,-0.2,15,0.75,2,3.36,0.5966184634858546,3,-0.2341596954813358,3.2687004758848657,False
0.6,-0.2,15,1.0,1,0.0,0.598895671474678,3,-0.26184445363650627,2.6689762101828736,False
0.6,-0.2,15,1.0,1,3.36,0.7217044850400287,3,-0.15712275206603382,2.8501638567847523,False
0.6,-0.2,15,1.0,2,0.0,0.7560404783226676,3,-0.13842285899633927,2.8501638567847523,False
0.6,-0.2,15,1.0,2,3.36,0.7954912846478058,4,-0.11633248129222906,3.0205022778541544,False
0.6,-0.2,15,1.33,1,0.0,0.7965312430613194,3,-0.16473263626148427,2.942338679952756,False
0.6,-0.2,15,1.33,1,3.36,0.9598669651032357,4,-0.04421982032204265,3.1076288239662935,False
0.6,-0.2,15,1.33,2,0.0,1.0055338361691455,5,-0.026543420732183236,3.1076288239662935,True
0.6,-0.2,15,1.33,2,3.36,1.058003408581579,5,-0.004453043028073072,3.2645607526198877,True
0.6,-0.2,15,1.5,1,0.0,0.898343507212017,4,-0.12830155783120703,3.197537671725485,False
0.6,-0.2,15,1.5,1,3.36,1.0825567275600434,5,-0.005125196235914578,3.3502607603145815,True
0.6,-0.2,15,1.5,2,0.0,1.1340607174840018,5,0.018459447910713717,3.3502607603145815,True
0.6,-0.2,15,1.5,2,3.36,1.1932369269717091,5,0.04054982561482392,3.4963190875696166,True
0.6,-0.2,15,2.0,1,0.0,1.197791342949356,5,-0.0549171881224049,4.023100774212322,True
0.6,-0.2,15,2.0,1,3.36,1.4434089700800574,5,0.06825917347288749,4.145520454595272,True
0.6,-0.2,15,2.0,2,0.0,1.5120809566453353,6,0.0859497597185577,4.145520454595272,True
0.6,-0.2,15,2.0,2,3.36,1.5909825692956117,7,0.14041798273170167,4.264427258081416,True
0.6,-0.1,-15,0.75,1,0.0,0.8892127885560537,3,-0.06401334046323928,2.816807199836359,False
0.6,-0.1,-15,0.75,1,3.36,0.9855977921842397,3,-0.021610024952269085,2.989047139315462,False
0.6,-0.1,-15,0.75,2,0.0,1.3863314397176338,6,0.11213365747272049,2.989047139315462,True
0.6,-0.1,-15,0.75,2,3.36,1.473459519716379,7,0.14744372035463327,3.151888767239407,True
0.6,-0.1,-15,1.0,1,0.0,1.1856170514080715,7,0.0515789454720916,2.524566103417008,True
0.6,-0.1,-15,1.0,1,3.36,1.314130389578986,7,0.08961632224010332,2.7154067854599857,True
0.6,-0.1,-15,1.0,2,0.0,1.8484419196235116,7,0.2162638753932204,2.7154067854599857,True
0.6,-0.1,-15,1.0,2,3.36,1.9646126929551715,7,0.25756226723077436,2.8936886512757614,True
0.6,-0.1,-15,1.33,1,0.0,1.5768706783727304,7,0.1597785066934955,2.812002295081945,True
0.6,-0.1,-15,1.33,1,3.36,1.7477934181400465,7,0.19074327043359804,2.9845195438371865,True
0.6,-0.1,-15,1.33,2,0.0,2.4584277530992673,7,0.30622918608780053,2.9845195438371865,True
0.6,-0.1,-15,1.33,2,3.36,2.6129348816303755,7,0.35691939481996265,3.147595416750083,True
0.6,-0.1,-15,1.5,1,0.0,1.7784255771121074,7,0.20260753760842123,3.0780265044511292,True
0.6,-0.1,-15,1.5,1,3.36,1.9711955843684794,7,0.22946447974607592,3.236394160497704,True
0.6,-0.1,-15,1.5,2,0.0,2.7726628794352677,7,0.3386596519606825,3.236394160497704,True
0.6,-0.1,-15,1.5,2,3.36,2.946919039432758,8,0.39462738068293296,3.3873658146269996,True
0.6,-0.1,-15,2.0,1,0.0,2.371234102816143,7,0.29524127949230616,3.9287835063118184,True
0.6,-0.1,-15,2.0,1,3.36,2.628260779157972,7,0.3160654081159604,4.05405227389433,True
0.6,-0.1,-15,2.0,2,0.0,3.696883839247023,8,0.4041936915624903,4.05405227389433,True
0.6,-0.1,-15,2.0,2,3.36,3.929225385910343,8,0.4611638834017595,4.175564613255049,True
0.6,-0.1,-10,0.75,1,0.0,0.7056826432043185,2,-0.17067595741201042,2.320211712944895,False
0.6,-0.1,-10,0.75,1,3.36,0.8279653334616343,2,-0.10127323972815058,2.526535650428603,False
0.6,-0.1,-10,0.75,2,0.0,0.941887316874136,4,-0.04689553976458784,2.526535650428603,False
0.6,-0.1,-10,0.75,2,3.36,1.0611568561407259,5,0.011699420072458323,2.717238008141113,True
0.6,-0.1,-10,1.0,1,0.0,0.9409101909390912,3,-0.059449610219637974,1.9550993842664033,False
0.6,-0.1,-10,1.0,1,3.36,1.1039537779488453,5,0.009953107464221768,2.195999454088928,True
0.6,-0.1,-10,1.0,2,0.0,1.255849755832181,7,0.06723963132327367,2.195999454088928,True
0.6,-0.1,-10,1.0,2,3.36,1.414875808187635,7,0.12110633923546288,2.412967799693744,True
0.6,-0.1,-10,1.33,1,0.0,1.2514105539489875,7,0.041677337973856705,2.3143760496909014,True
0.6,-0.1,-10,1.33,1,3.36,1.4682585246719602,7,0.11108005565771659,2.5211776017137035,True
0.6,-0.1,-10,1.33,2,0.0,1.6702801752567993,7,0.1794649779170175,2.5211776017137035,True
0.6,-0.1,-10,1.33,2,3.36,1.88178482488955,7,0.21933189705582062,2.712256717086873,True
0.6,-0.1,-10,1.5,1,0.0,1.411365286408637,7,0.08039854728633457,2.6312025300117763,True
0.6,-0.1,-10,1.5,1,3.36,1.6559306669232685,7,0.14980126497019441,2.814822686056863,True
0.6,-0.1,-10,1.5,2,0.0,1.883774633748272,7,0.22467344409990486,2.814822686056863,True
0.6,-0.1,-10,1.5,2,3.36,2.1223137122814517,7,0.25639516527617134,2.987177054334137,True
0.6,-0.1,-10,2.0,1,0.0,1.8818203818781825,7,0.15986589858868647,3.5894734197796367,True
0.6,-0.1,-10,2.0,1,3.36,2.2079075558976906,7,0.22926861627254622,3.7261668550005274,True
0.6,-0.1,-10,2.0,2,0.0,2.511699511664362,8,0.3120979509420183,3.7261668550005274,True
0.6,-0.1,-10,2.0,2,3.36,2.82975161637527,8,0.3387070298871614,3.8580201439733983,True
0.6,-0.1,-5,0.75,1,0.0,0.5907126869200551,2,-0.2479090947423131,1.962847459174738,False
0.6,-0.1,-5,0.75,1,3.36,0.7129953771773708,2,-0.16619867913649583,2.202900394477409,False
0.6,-0.1,-5,0.75,2,0.0,0.7874366186031603,2,-0.11334675505915631,2.202900394477409,False
0.6,-0.1,-5,0.75,2,3.36,0.8160936397873055,4,-0.09782236901884836,2.4192499143306225,False
0.6,-0.1,-5,1.0,1,0.0,0.7876169158934065,2,-0.1366827475499407,1.5138696633002822,False
0.6,-0.1,-5,1.0,1,3.36,0.9506605029031608,3,-0.054972331944123445,1.8143322070285006,False
0.6,-0.1,-5,1.0,2,0.0,1.04991549147088,5,0.004689314619643253,1.8143322070285006,True
0.6,-0.1,-5,1.0,2,3.36,1.0881248530497403,6,0.020213700659951202,2.071666323870934,True
0.6,-0.1,-5,1.33,1,0.0,1.0475304981382276,5,-0.03555579935644597,1.9559458720744045,True
0.6,-0.1,-5,1.33,1,3.36,1.2643784688612,5,0.04615461624937126,2.1967531164163403,True
0.6,-0.1,-5,1.33,2,0.0,1.396387603656267,7,0.11691466121338707,2.1967531164163403,True
0.6,-0.1,-5,1.33,2,3.36,1.4472060545561514,7,0.1324390472536951,2.413653714699957,True
0.6,-0.1,-5,1.5,1,0.0,1.1814253738401101,5,0.0031654099560318866,2.3222003593666103,True
0.6,-0.1,-5,1.5,1,3.36,1.4259907543547417,5,0.08487582556184915,2.5283620209618745,True
0.6,-0.1,-5,1.5,2,0.0,1.5748732372063206,7,0.1621231273962745,2.5283620209618745,True
0.6,-0.1,-5,1.5,2,3.36,1.632187279574611,7,0.17764751343658242,2.718936282637461,True
0.6,-0.1,-5,2.0,1,0.0,1.575233831786813,7,0.08263276125838373,3.3695262554855634,True
0.6,-0.1,-5,2.0,1,3.36,1.9013210058063217,7,0.164343176864201,3.5147840881633914,True
0.6,-0.1,-5,2.0,2,0.0,2.09983098294176,8,0.23486481361171554,3.5147840881633914,True
0.6,-0.1,-5,2.0,2,3.36,2.1762497060994805,8,0.27820714592295,3.6542724565098537,True
0.6,-0.1,0,0.75,1,0.0,0.5088232385583238,2,-0.3127184553426048,1.8282685979789925,False
0.6,-0.1,0,0.75,1,3.36,0.6311059288156394,2,-0.21918313307945275,2.0838824502250772,False
0.6,-0.1,0,0.75,2,0.0,0.6983479669143497,2,-0.16549048908897812,2.0838824502250772,False
0.6,-0.1,0,0.75,2,3.36,0.7270049880984952,4,-0.14802497158713318,2.311399157730242,False
0.6,-0.1,0,1.0,1,0.0,0.6784309847444315,2,-0.20149210815023236,1.334764876608707,False
0.6,-0.1,0,1.0,1,3.36,0.8414745717541857,3,-0.10795678588708035,1.6678121224611173,False
0.6,-0.1,0,1.0,2,0.0,0.931130622552466,4,-0.04745441941017851,1.6678121224611173,False
0.6,-0.1,0,1.0,2,3.36,0.9693399841313265,4,-0.029988901908333636,1.9446329411557999,False
0.6,-0.1,0,1.33,1,0.0,0.9023132097100913,4,-0.1003651599567376,1.8208569885776997,False
0.6,-0.1,0,1.33,1,3.36,1.1191611804330637,5,-0.006829837693585632,2.0773830106295392,True
0.6,-0.1,0,1.33,2,0.0,1.2384037279947768,5,0.0647709271835653,2.0773830106295392,True
0.6,-0.1,0,1.33,2,3.36,1.2892221788946614,6,0.08223644468541026,2.305541188713021,True
0.6,-0.1,0,1.5,1,0.0,1.0176464771166476,5,-0.061643950644259767,2.209617710693359,True
0.6,-0.1,0,1.5,1,3.36,1.2622118576312789,5,0.03189137161889222,2.4253681014249695,True
0.6,-0.1,0,1.5,2,0.0,1.3966959338286995,6,0.10452141340961604,2.4253681014249695,True
0.6,-0.1,0,1.5,2,3.36,1.4540099761969905,7,0.12744491086829762,2.62343485289987,True
0.6,-0.1,0,2.0,1,0.0,1.356861969488863,5,0.017823400658092098,3.292947479808008,True
0.6,-0.1,0,2.0,1,3.36,1.6829491435083714,5,0.1113587229212441,3.441439103743361,True
0.6,-0.1,0,2.0,2,0.0,1.862261245104932,7,0.17005545301142397,3.441439103743361,True
0.6,-0.1,0,2.0,2,3.36,1.938679968262653,8,0.22800454335466516,3.583783350702705,True
0.6,-0.1,5,0.75,1,0.0,0.4492089717474326,2,-0.3668369716314495,1.962847459174738,False
0.6,-0.1,5,0.75,1,3.36,0.5714916620047482,2,-0.26227549470510747,2.202900394477409,False
0.6,-0.1,5,0.75,2,0.0,0.6326318780062495,2,-0.2084112902064788,2.202900394477409,False
0.6,-0.1,5,0.75,2,3.36,0.6612888991903948,3,-0.18917112979487544,2.4192499143306225,False
0.6,-0.1,5,1.0,1,0.0,0.5989452956632433,2,-0.2556106244390771,1.5138696633002822,False
0.6,-0.1,5,1.0,1,3.36,0.7619888826729975,3,-0.15104914751273504,1.8143322070285006,False
0.6,-0.1,5,1.0,2,0.0,0.843509170674999,3,-0.09037522052767927,1.8143322070285006,False
0.6,-0.1,5,1.0,2,3.36,0.8817185322538594,4,-0.07113506011607582,2.071666323870934,False
0.6,-0.1,5,1.33,1,0.0,0.7965972432321112,3,-0.15448367624558237,1.9559458720744045,False
0.6,-0.1,5,1.33,1,3.36,1.0134452139550838,5,-0.04992219931924023,2.1967531164163403,True
0.6,-0.1,5,1.33,2,0.0,1.1218671969977458,5,0.017972431247889387,2.1967531164163403,True
0.6,-0.1,5,1.33,2,3.36,1.1726856478976304,5,0.04109028647766806,2.413653714699957,True
0.6,-0.1,5,1.5,1,0.0,0.8984179434948651,4,-0.11576246693310452,2.3222003593666103,False
0.6,-0.1,5,1.5,1,3.36,1.1429833240094964,5,-0.011200990006762473,2.5283620209618745,True
0.6,-0.1,5,1.5,2,0.0,1.265263756012499,5,0.05040289712077131,2.5283620209618745,True
0.6,-0.1,5,1.5,2,3.36,1.3225777983807896,5,0.08629875266055538,2.718936282637461,True
0.6,-0.1,5,2.0,1,0.0,1.1978905913264866,5,-0.03629511563075266,3.3695262554855634,True
0.6,-0.1,5,2.0,1,3.36,1.523977765345995,5,0.06826636129558941,3.5147840881633914,True
0.6,-0.1,5,2.0,2,0.0,1.687018341349998,7,0.11593693672257913,3.5147840881633914,True
0.6,-0.1,5,2.0,2,3.36,1.7634370645077189,7,0.18685838514692296,3.6542724565098537,True
0.6,-0.1,10,0.75,1,0.0,0.40528578570930585,2,-0.4115240208604867,2.320211712944895,False
0.6,-0.1,10,0.75,1,3.36,0.5275684759666216,2,-0.29700655611927174,2.526535650428603,False
0.6,-0.1,10,0.75,2,0.0,0.5842263209579427,2,-0.24298124301490642,2.526535650428603,False
0.6,-0.1,10,0.75,2,3.36,0.6128833421420881,3,-0.22218454461177858,2.717238008141113,False
0.6,-0.1,10,1.0,1,0.0,0.5403810476124077,2,-0.3002976736681142,1.9550993842664033,False
0.6,-0.1,10,1.0,1,3.36,0.7034246346221619,3,-0.18578020892689937,2.195999454088928,False
0.6,-0.1,10,1.0,2,0.0,0.7789684279439233,3,-0.12494517333610684,2.195999454088928,False
0.6,-0.1,10,1.0,2,3.36,0.8171777895227837,4,-0.104148474932979,2.412967799693744,False
0.6,-0.1,10,1.33,1,0.0,0.7187067933245,3,-0.19917072547461953,2.3143760496909014,False
0.6,-0.1,10,1.33,1,3.36,0.9355547640474725,3,-0.08465326073340465,2.5211776017137035,False
0.6,-0.1,10,1.33,2,0.0,1.0360280091654155,5,-0.02671461798114775,2.5211776017137035,True
0.6,-0.1,10,1.33,2,3.36,1.0868464600652998,5,0.008076871660764835,2.712256717086873,True
0.6,-0.1,10,1.5,1,0.0,0.8105715714186117,4,-0.16044951616214168,2.6312025300117763,False
0.6,-0.1,10,1.5,1,3.36,1.0551369519332432,5,-0.04593205142092674,2.814822686056863,True
0.6,-0.1,10,1.5,2,0.0,1.1684526419158854,5,0.005715847891734113,2.814822686056863,True
0.6,-0.1,10,1.5,2,3.36,1.2257666842841761,5,0.05328533784365223,2.987177054334137,True
0.6,-0.1,10,2.0,1,0.0,1.0807620952248154,5,-0.08098216485978979,3.5894734197796367,True
0.6,-0.1,10,2.0,1,3.36,1.4068492692443237,5,0.03353529988142509,3.7261668550005274,True
0.6,-0.1,10,2.0,2,0.0,1.5579368558878466,5,0.07124988749354202,3.7261668550005274,True
0.6,-0.1,10,2.0,2,3.36,1.6343555790455675,6,0.15384497033001976,3.8580201439733983,True
0.6,-0.1,15,0.75,1,0.0,0.37288856088697125,2,-0.44770633247645353,2.816807199836359,False
0.6,-0.1,15,0.75,1,3.36,0.49517125114428695,2,-0.3245299708811611,2.989047139315462,False
0.6,-0.1,15,0.75,2,0.0,0.5491869500664323,2,-0.2698421533602386,2.989047139315462,False
0.6,-0.1,15,0.75,2,3.36,0.5778439712505776,3,-0.2477517756561285,3.151888767239407,False
0.6,-0.1,15,1.0,1,0.0,0.49718474784929495,2,-0.3364799852840811,2.524566103417008,False
0.6,-0.1,15,1.0,1,3.36,0.6602283348590491,3,-0.21330362368878866,2.7154067854599857,False
0.6,-0.1,15,1.0,2,0.0,0.7322492667552427,3,-0.1528622402916947,2.7154067854599857,False
0.6,-0.1,15,1.0,2,3.36,0.7704586283341033,4,-0.12971570597732884,2.8936886512757614,False
0.6,-0.1,15,1.33,1,0.0,0.6612557146395603,3,-0.2353530370905863,2.812002295081945,False
0.6,-0.1,15,1.33,1,3.36,0.8781036853625328,3,-0.11217667549529386,2.9845195438371865,False
0.6,-0.1,15,1.33,2,0.0,0.9738915247844705,4,-0.06289692959711453,2.9845195438371865,False
0.6,-0.1,15,1.33,2,3.36,1.024709975684355,5,-0.017490359383585015,3.147595416750083,True
0.6,-0.1,15,1.5,1,0.0,0.7457771217739425,3,-0.1966318277781085,3.0780265044511292,False
0.6,-0.1,15,1.5,1,3.36,0.9903425022885739,4,-0.07345546618281605,3.236394160497704,False
0.6,-0.1,15,1.5,2,0.0,1.0983739001328645,5,-0.03046646372423266,3.236394160497704,True
0.6,-0.1,15,1.5,2,3.36,1.1556879425011553,5,0.02771810679930234,3.3873658146269996,True
0.6,-0.1,15,2.0,1,0.0,0.9943694956985899,4,-0.11716447647575659,3.9287835063118184,False
0.6,-0.1,15,2.0,1,3.36,1.3204566697180982,5,0.0060118851195357925,4.05405227389433,True
0.6,-0.1,15,2.0,2,0.0,1.4644985335104854,5,0.03506757587757525,4.05405227389433,True
0.6,-0.1,15,2.0,2,3.36,1.5409172566682066,5,0.12827773928566993,4.175564613255049,True
0.6,0.0,-15,0.75,1,0.0,0.7241880954977744,2,-0.1508714364274428,2.7720755402856447,False
0.6,0.0,-15,0.75,1,3.36,0.8312909507076411,2,-0.09060322768860862,2.9469310818290184,False
0.6,0.0,-15,0.75,2,0.0,1.167710681156219,6,0.041996138901678366,2.9469310818290184,True
0.6,0.0,-15,0.75,2,3.36,1.220162991041462,7,0.06891450326335402,3.1119773137106814,True
0.6,0.0,-15,1.0,1,0.0,0.9655841273303659,4,-0.03365860916471923,2.474557336276962,False
0.6,0.0,-15,1.0,1,3.36,1.1083879342768548,6,0.026869315512471906,2.6689762101828736,True
0.6,0.0,-15,1.0,2,0.0,1.5569475748749584,7,0.14908296865897286,2.6689762101828736,True
0.6,0.0,-15,1.0,2,3.36,1.6268839880552823,7,0.18137406200381073,2.8501638567847523,True
0.6,0.0,-15,1.33,1,0.0,1.2842268893493827,7,0.077205270223938,2.7671929653614917,True
0.6,0.0,-15,1.33,1,3.36,1.4741559525882129,7,0.13816213198319507,2.942338679952756,True
0.6,0.0,-15,1.33,2,0.0,2.070740274583693,7,0.24364831700293438,2.942338679952756,True
0.6,0.0,-15,1.33,2,3.36,2.163755704113523,7,0.2844830294113185,3.1076288239662935,True
0.6,0.0,-15,1.5,1,0.0,1.4483761909955488,7,0.1216057602442725,3.037144573790263,True
0.6,0.0,-15,1.5,1,3.36,1.6625819014152823,7,0.18281681987901002,3.197537671725485,True
0.6,0.0,-15,1.5,2,0.0,2.335421362312438,7,0.28362187733956085,3.197537671725485,True
0.6,0.0,-15,1.5,2,3.36,2.440325982082924,7,0.3243459645033048,3.3502607603145815,True
0.6,0.0,-15,2.0,1,0.0,1.9311682546607318,7,0.21945517583783775,3.89683715844886,True
0.6,0.0,-15,2.0,1,3.36,2.2167758685537096,7,0.2815168127923203,4.023100774212322,True
0.6,0.0,-15,2.0,2,0.0,3.1138951497499168,8,0.3849984619644648,4.023100774212322,True
0.6,0.0,-15,2.0,2,3.36,3.2537679761105647,8,0.4057975938061903,4.145520454595272,True
0.6,0.0,-10,0.75,1,0.0,0.5813809083625773,2,-0.2516129726181079,2.265696889013772,False
0.6,0.0,-10,0.75,1,3.36,0.6821242413939866,2,-0.18221025493424808,2.4765666542386224,False
0.6,0.0,-10,0.75,2,0.0,0.8747680957902646,2,-0.07047138555910329,2.4765666542386224,False
0.6,0.0,-10,0.75,2,3.36,0.9048348421008405,3,-0.05384987754437924,2.6708392675124957,False
0.6,0.0,-10,1.0,1,0.0,0.7751745444834365,3,-0.13815928135305316,1.8900829617661943,False
0.6,0.0,-10,1.0,1,3.36,0.9094989885253155,4,-0.0687565636691934,2.1383202759079074,False
0.6,0.0,-10,1.0,2,0.0,1.166357461053686,7,0.041249468547643005,2.1383202759079074,True
0.6,0.0,-10,1.0,2,3.36,1.2064464561344552,7,0.06443191920381061,2.3605960269302475,True
0.6,0.0,-10,1.33,1,0.0,1.0309821441629672,5,-0.033443497769157574,2.2597204471754604,True
0.6,0.0,-10,1.33,1,3.36,1.209633654738666,5,0.035959219914702245,2.471100260892476,True
0.6,0.0,-10,1.33,2,0.0,1.5512554232013984,7,0.14316969318042955,2.471100260892476,True
0.6,0.0,-10,1.33,2,3.36,1.6045737866588248,7,0.17706468028183417,2.6657712766445028,True
0.6,0.0,-10,1.5,1,0.0,1.1627618167251546,6,0.007350450371985916,2.583258940551716,True
0.6,0.0,-10,1.5,1,3.36,1.3642484827879733,6,0.07675316805584573,2.770058980227745,True
0.6,0.0,-10,1.5,2,0.0,1.7495361915805292,7,0.18234697432581912,2.770058980227745,True
0.6,0.0,-10,1.5,2,3.36,1.809669684201681,7,0.22251557505442063,2.9450342534409293,True
0.6,0.0,-10,2.0,1,0.0,1.550349088966873,7,0.09333879189629969,3.55447878475938,True
0.6,0.0,-10,2.0,1,3.36,1.818997977050631,7,0.16274150958015943,3.6924679323325913,True
0.6,0.0,-10,2.0,2,0.0,2.332714922107372,7,0.26055933863369113,3.6924679323325913,True
0.6,0.0,-10,2.0,2,3.36,2.4128929122689105,7,0.32389215967932455,3.825482901713785,True
0.6,0.0,-5,0.75,1,0.0,0.48666221538829346,2,-0.3288461099484106,1.8980964538159606,False
0.6,0.0,-5,0.75,1,3.36,0.5874055484197028,2,-0.24713569434259336,2.14540675583646,False
0.6,0.0,-5,0.75,2,0.0,0.7574302023634084,2,-0.1298741475488985,2.14540675583646,False
0.6,0.0,-5,0.75,2,3.36,0.7849952061260522,2,-0.11434976150859055,2.3670171414649124,False
0.6,0.0,-5,1.0,1,0.0,0.648882953851058,2,-0.2153924186833559,1.42891614780606,False
0.6,0.0,-5,1.0,1,3.36,0.7832073978929371,3,-0.13368200307753866,1.744076075594442,False
0.6,0.0,-5,1.0,2,0.0,1.0099069364845443,5,-0.0202459092918019,1.744076075594442,True
0.6,0.0,-5,1.0,2,3.36,1.046660274834736,5,0.0039320352395992575,2.0104231787016658,True
0.6,0.0,-5,1.33,1,0.0,0.8630143286219044,4,-0.1106766350994603,1.8909585544069714,False
0.6,0.0,-5,1.33,1,3.36,1.0416658391976032,5,-0.028966219493642996,2.1390942603085312,True
0.6,0.0,-5,1.33,2,0.0,1.3431762255244406,6,0.07431943905215961,2.1390942603085312,True
0.6,0.0,-5,1.33,2,3.36,1.3920581655301956,6,0.11656479631762287,2.3612971550579784,True
0.6,0.0,-5,1.5,1,0.0,0.9733244307765869,4,-0.0698826869583168,2.2677333416965966,False
0.6,0.0,-5,1.5,1,3.36,1.1748110968394057,5,0.011827728647500445,2.478429847512819,True
0.6,0.0,-5,1.5,2,0.0,1.5148604047268168,7,0.10931390861081211,2.478429847512819,True
0.6,0.0,-5,1.5,2,3.36,1.5699904122521045,7,0.1620156910902093,2.6725670261084966,True
0.6,0.0,-5,2.0,1,0.0,1.297765907702116,6,0.016105654565996927,3.332222559554893,True
0.6,0.0,-5,2.0,1,3.36,1.5664147957858743,6,0.09781607017181417,3.479038255956172,True
0.6,0.0,-5,2.0,2,0.0,2.0198138729690887,7,0.17949852401614622,3.479038255956172,True
0.6,0.0,-5,2.0,2,3.36,2.093320549669472,7,0.26120893962196357,3.619904306249899,True
0.6,0.0,0,0.75,1,0.0,0.41919709869267235,2,-0.3936554705487023,1.7585693237276918,False
0.6,0.0,0,0.75,1,3.36,0.5199404317240817,2,-0.3001201482855503,2.023009161214074,False
0.6,0.0,0,0.75,2,0.0,0.6717364031638747,2,-0.19214209964938803,2.023009161214074,False
0.6,0.0,0,0.75,2,3.36,0.6993014069265188,2,-0.1645523640768754,2.2566714573362403,False
0.6,0.0,0,1.0,1,0.0,0.5589294649235632,2,-0.28020177928364753,1.2375771797460782,False
0.6,0.0,0,1.0,1,3.36,0.6932539089654423,3,-0.18666645702049556,1.5910993921902732,False
0.6,0.0,0,1.0,2,0.0,0.8956485375518328,3,-0.0850552698920935,1.5910993921902732,False
0.6,0.0,0,1.0,2,3.36,0.9324018759020247,4,-0.04627056732868558,1.8792544468028423,False
0.6,0.0,0,1.33,1,0.0,0.7433761883483367,4,-0.17548599569975193,1.7508626938890008,False
0.6,0.0,0,1.33,1,3.36,0.9220276989240355,4,-0.08195067343659988,2.016313510556394,False
0.6,0.0,0,1.33,2,0.0,1.1912125549439347,5,0.00951007845186791,2.016313510556394,True
0.6,0.0,0,1.33,2,3.36,1.24009449494969,5,0.06636219374933802,2.2506710494544175,True
0.6,0.0,0,1.5,1,0.0,0.8383941973853447,4,-0.13469204755860847,2.152303516563071,False
0.6,0.0,0,1.5,1,3.36,1.0398808634481633,5,-0.04115672529545646,2.373269986202531,True
0.6,0.0,0,1.5,2,0.0,1.3434728063277495,5,0.04450454801052048,2.373269986202531,True
0.6,0.0,0,1.5,2,3.36,1.3986028138530375,5,0.11181308852192448,2.5753466615991254,True
0.6,0.0,0,2.0,1,0.0,1.1178589298471264,5,-0.04870370603429471,3.2547662135357602,True
0.6,0.0,0,2.0,1,3.36,1.3865078179308845,5,0.04483161622885727,3.404923362540471,True
0.6,0.0,0,2.0,2,0.0,1.7912970751036656,7,0.11468916341585464,3.404923362540471,True
0.6,0.0,0,2.0,2,3.36,1.8648037518040494,7,0.20822448567900662,3.548732605420407,True
0.6,0.0,5,0.75,1,0.0,0.3700835248735553,2,-0.44777398683754704,1.8980964538159606,False
0.6,0.0,5,0.75,1,3.36,0.4708268579049646,2,-0.343212509911205,2.14540675583646,False
0.6,0.0,5,0.75,2,0.0,0.6012824083359533,2,-0.24626061593823276,2.14540675583646,False
0.6,0.0,5,0.75,2,3.36,0.6360895250502465,2,-0.2056985222846176,2.3670171414649124,False
0.6,0.0,5,1.0,1,0.0,0.49344469983140704,2,-0.3343202955724923,1.42891614780606,False
0.6,0.0,5,1.0,1,3.36,0.6277691438732862,3,-0.2297588186461502,1.744076075594442,False
0.6,0.0,5,1.0,2,0.0,0.8017098777812708,3,-0.1391737861809383,1.744076075594442,False
0.6,0.0,5,1.0,2,3.36,0.8481193667336618,4,-0.08741672553642776,2.0104231787016658,False
0.6,0.0,5,1.33,1,0.0,0.6562814507757694,3,-0.22960451198859666,1.8909585544069714,False
0.6,0.0,5,1.33,1,3.36,0.8349329613514681,3,-0.12504303506225456,2.1390942603085312,False
0.6,0.0,5,1.33,2,0.0,1.0662741374490894,5,-0.04460843783697677,2.1390942603085312,True
0.6,0.0,5,1.33,2,3.36,1.1279987577557675,5,0.025216035541595832,2.3612971550579784,True
0.6,0.0,5,1.5,1,0.0,0.7401670497471106,4,-0.1888105638474532,2.2677333416965966,False
0.6,0.0,5,1.5,1,3.36,0.9416537158099292,4,-0.08424908692111113,2.478429847512819,False
0.6,0.0,5,1.5,2,0.0,1.2025648166719065,5,-0.009613968278324267,2.478429847512819,True
0.6,0.0,5,1.5,2,3.36,1.272179050100493,5,0.07066693031418225,2.6725670261084966,True
0.6,0.0,5,2.0,1,0.0,0.9868893996628141,4,-0.10282222232313949,3.332222559554893,False
0.6,0.0,5,2.0,1,3.36,1.2555382877465724,5,0.0017392546032026224,3.479038255956172,True
0.6,0.0,5,2.0,2,0.0,1.6034197555625416,5,0.060570647127009825,3.479038255956172,True
0.6,0.0,5,2.0,2,3.36,1.6962387334673237,6,0.165132124053352,3.619904306249899,True
0.6,0.0,10,0.75,1,0.0,0.3338971427328923,2,-0.4924610360665842,2.265696889013772,False
0.6,0.0,10,0.75,1,3.36,0.4346404757643017,2,-0.37794357132536927,2.4765666542386224,False
0.6,0.0,10,0.75,2,0.0,0.5424896398387957,2,-0.29094766516727,2.4765666542386224,False
0.6,0.0,10,0.75,2,3.36,0.589528532070709,2,-0.2387119371015208,2.6708392675124957,False
0.6,0.0,10,1.0,1,0.0,0.4451961903105231,2,-0.3790073448015295,1.8900829617661943,False
0.6,0.0,10,1.0,1,3.36,0.5795206343524022,3,-0.2644898800603146,2.1383202759079074,False
0.6,0.0,10,1.0,2,0.0,0.7233195197850609,3,-0.18386083540997541,2.1383202759079074,False
0.6,0.0,10,1.0,2,3.36,0.7860380427609451,3,-0.12043014035333094,2.3605960269302475,False
0.6,0.0,10,1.33,1,0.0,0.5921109331129939,3,-0.2742915612176338,2.2597204471754604,False
0.6,0.0,10,1.33,1,3.36,0.7707624436886926,3,-0.1597740964764189,2.471100260892476,False
0.6,0.0,10,1.33,2,0.0,0.9620149613141301,3,-0.08929548706601398,2.471100260892476,False
0.6,0.0,10,1.33,2,3.36,1.0454305968720543,5,-0.00779737927530744,2.6657712766445028,True
0.6,0.0,10,1.5,1,0.0,0.6677942854657846,3,-0.2334976130764904,2.583258940551716,False
0.6,0.0,10,1.5,1,3.36,0.8692809515286034,4,-0.1189801483352754,2.770058980227745,False
0.6,0.0,10,1.5,2,0.0,1.0849792796775914,5,-0.05430101750736146,2.770058980227745,True
0.6,0.0,10,1.5,2,3.36,1.179057064141418,5,0.037653515497279084,2.9450342534409293,True
0.6,0.0,10,2.0,1,0.0,0.8903923806210462,4,-0.14750927155217664,3.55447878475938,False
0.6,0.0,10,2.0,1,3.36,1.1590412687048044,5,-0.032991806810961755,3.6924679323325913,True
0.6,0.0,10,2.0,2,0.0,1.4466390395701219,5,0.015883597897972723,3.6924679323325913,True
0.6,0.0,10,2.0,2,3.36,1.5720760855218903,5,0.13040106263918763,3.825482901713785,True
0.6,0.0,15,0.75,1,0.0,0.3072064933637791,2,-0.528643347682551,2.7720755402856447,False
0.6,0.0,15,0.75,1,3.36,0.4079498263951884,2,-0.40546698608725856,2.9469310818290184,False
0.6,0.0,15,0.75,2,0.0,0.49912478608532446,2,-0.32712997678323674,2.9469310818290184,False
0.6,0.0,15,0.75,2,3.36,0.555824387307766,2,-0.2642791681458707,3.1119773137106814,False
0.6,0.0,15,1.0,1,0.0,0.4096086578183722,2,-0.4151896564174962,2.474557336276962,False
0.6,0.0,15,1.0,1,3.36,0.5439331018602512,3,-0.29201329482220384,2.6689762101828736,False
0.6,0.0,15,1.0,2,0.0,0.6654997147804326,3,-0.22004314702594216,2.6689762101828736,False
0.6,0.0,15,1.0,2,3.36,0.7410991830770212,3,-0.14599737139768082,2.8501638567847523,False
0.6,0.0,15,1.33,1,0.0,0.5447795148984332,3,-0.3104738728336006,2.7671929653614917,False
0.6,0.0,15,1.33,1,3.36,0.723431025474132,3,-0.18729751123830815,2.942338679952756,False
0.6,0.0,15,1.33,2,0.0,0.8851146206579744,3,-0.12547779868198078,2.942338679952756,False
0.6,0.0,15,1.33,2,3.36,0.9856619134924357,4,-0.033364610319657255,3.1076288239662935,False
0.6,0.0,15,1.5,1,0.0,0.6144129867275582,3,-0.26967992469245716,3.037144573790263,False
0.6,0.0,15,1.5,1,3.36,0.8158996527903768,3,-0.14650356309716472,3.197537671725485,False
0.6,0.0,15,1.5,2,0.0,0.9982495721706489,4,-0.09048332912332821,3.197537671725485,False
0.6,0.0,15,1.5,2,3.36,1.111648774615532,5,0.012086284452929169,3.3502607603145815,True
0.6,0.0,15,2.0,1,0.0,0.8192173156367444,4,-0.18369158316814338,3.89683715844886,False
0.6,0.0,15,2.0,1,3.36,1.0878662037205025,5,-0.060515221572851,4.023100774212322,True
0.6,0.0,15,2.0,2,0.0,1.3309994295608651,5,-0.020298713717994035,4.023100774212322,True
0.6,0.0,15,2.0,2,3.36,1.4821983661540423,5,0.10287764787729828,4.145520454595272,True
0.6,0.1,-15,0.75,1,0.0,0.6173684357076124,2,-0.2188288673640576,2.816807199836359,False
0.6,0.1,-15,0.75,1,3.36,0.6958070162350262,2,-0.16709526523270085,2.989047139315462,False
0.6,0.1,-15,0.75,2,0.0,0.9911126560924098,4,-0.014216030417528627,2.989047139315462,False
0.6,0.1,-15,0.75,2,3.36,1.0174158136979754,6,-0.0013178944806425492,3.151888767239407,True
0.6,0.1,-15,1.0,1,0.0,0.8231579142768168,3,-0.10065839377077114,2.524566103417008,False
0.6,0.1,-15,1.0,1,3.36,0.9277426883133696,3,-0.04907462097931202,2.7154067854599857,False
0.6,0.1,-15,1.0,2,0.0,1.3214835414565462,7,0.10029850266033753,2.7154067854599857,True
0.6,0.1,-15,1.0,2,3.36,1.3565544182639668,7,0.11724890863944343,2.8936886512757614,True
0.6,0.1,-15,1.33,1,0.0,1.094800025988163,7,0.01178973520612634,2.812002295081945,True
0.6,0.1,-15,1.33,1,3.36,1.2338977754567817,7,0.06312516614908169,2.9845195438371865,True
0.6,0.1,-15,1.33,2,0.0,1.7575731101372023,7,0.20673778324658326,2.9845195438371865,True
0.6,0.1,-15,1.33,2,3.36,1.8042173762910716,7,0.23035480253784832,3.147595416750083,True
0.6,0.1,-15,1.5,1,0.0,1.2347368714152247,7,0.05713072957765682,3.0780265044511292,True
0.6,0.1,-15,1.5,1,3.36,1.3916140324700523,7,0.10831843324247453,3.236394160497704,True
0.6,0.1,-15,1.5,2,0.0,1.9822253121848197,7,0.24853571461466312,3.236394160497704,True
0.6,0.1,-15,1.5,2,3.36,2.034831627395951,7,0.2702576393120886,3.3873658146269996,True
0.6,0.1,-15,2.0,1,0.0,1.6463158285536337,7,0.15813674941761305,3.9287835063118184,True
0.6,0.1,-15,2.0,1,3.36,1.8554853766267392,7,0.20882690464820128,4.05405227389433,True
0.6,0.1,-15,2.0,2,0.0,2.6429670829130925,7,0.3377871291073753,4.05405227389433,True
0.6,0.1,-15,2.0,2,3.36,2.7131088365279337,7,0.3460588721120107,4.175564613255049,True
0.6,0.1,-10,0.75,1,0.0,0.4758583228311238,2,-0.33583043863452133,2.320211712944895,False
0.6,0.1,-10,0.75,1,3.36,0.5583164029008023,2,-0.2664277209506615,2.526535650428603,False
0.6,0.1,-10,0.75,2,0.0,0.7596734370816703,2,-0.13120506564470855,2.526535650428603,False
0.6,0.1,-10,0.75,2,3.36,0.8610268997105371,2,-0.07379965842355835,2.717238008141113,False
0.6,0.1,-10,1.0,1,0.0,0.6344777637748317,2,-0.2204413703270951,1.9550993842664033,False
0.6,0.1,-10,1.0,1,3.36,0.7444218705344029,2,-0.15103865264323535,2.195999454088928,False
0.6,0.1,-10,1.0,2,0.0,1.012897916108894,5,-0.015022036848286256,2.195999454088928,True
0.6,0.1,-10,1.0,2,3.36,1.148035866280716,6,0.044767144696527685,2.412967799693744,True
0.6,0.1,-10,1.33,1,0.0,0.8438554258205235,4,-0.11257443675024886,2.3143760496909014,False
0.6,0.1,-10,1.33,1,3.36,0.990081087810753,4,-0.04317171906638903,2.5211776017137035,False
0.6,0.1,-10,1.33,2,0.0,1.3471542284248261,7,0.08379292521829125,2.5211776017137035,True
0.6,0.1,-10,1.33,2,3.36,1.5268877021533485,7,0.15319564290215104,2.712256717086873,True
0.6,0.1,-10,1.5,1,0.0,0.9517166456622476,4,-0.06994068353854196,2.6312025300117763,False
0.6,0.1,-10,1.5,1,3.36,1.1166328058016046,5,-0.0005379658546821181,2.814822686056863,True
0.6,0.1,-10,1.5,2,0.0,1.5193468741633407,7,0.12119170685234736,2.814822686056863,True
0.6,0.1,-10,1.5,2,3.36,1.7220537994210743,7,0.19059442453620712,2.987177054334137,True
0.6,0.1,-10,2.0,1,0.0,1.2689555275496633,7,0.022050061423486228,3.5894734197796367,True
0.6,0.1,-10,2.0,1,3.36,1.4888437410688058,7,0.09145277910734599,3.7261668550005274,True
0.6,0.1,-10,2.0,2,0.0,2.025795832217788,7,0.19884171913819826,3.7261668550005274,True
0.6,0.1,-10,2.0,2,3.36,2.296071732561432,7,0.2663956573361292,3.8580201439733983,True
0.6,0.1,-5,0.75,1,0.0,0.3983313904341808,2,-0.413063575964824,1.962847459174738,False
0.6,0.1,-5,0.75,1,3.36,0.48078947050385934,2,-0.33135316035900675,2.202900394477409,False
0.6,0.1,-5,0.75,2,0.0,0.6597171388309236,2,-0.20203308832926264,2.202900394477409,False
0.6,0.1,-5,0.75,2,3.36,0.749060395715559,2,-0.13429954238776967,2.4192499143306225,False
0.6,0.1,-5,1.0,1,0.0,0.5311085205789077,2,-0.29767450765739784,1.5138696633002822,False
0.6,0.1,-5,1.0,1,3.36,0.641052627338479,2,-0.21596409205158057,1.8143322070285006,False
0.6,0.1,-5,1.0,2,0.0,0.8796228517745647,2,-0.09225517417858903,1.8143322070285006,False
0.6,0.1,-5,1.0,2,3.36,0.9987471942874119,4,-0.01573273926768365,2.071666323870934,False
0.6,0.1,-5,1.33,1,0.0,0.7063743323699451,4,-0.18980757408055157,1.9559458720744045,False
0.6,0.1,-5,1.33,1,3.36,0.8525999943601745,4,-0.1080971584747343,2.1967531164163403,False
0.6,0.1,-5,1.33,2,0.0,1.1698983928601698,5,0.0065597878879885135,2.1967531164163403,True
0.6,0.1,-5,1.33,2,3.36,1.3283337684022547,5,0.08827020349380581,2.413653714699957,True
0.6,0.1,-5,1.5,1,0.0,0.7966627808683616,4,-0.14717382086884465,2.3222003593666103,False
0.6,0.1,-5,1.5,1,3.36,0.9615789410077187,4,-0.06546340526302738,2.5283620209618745,False
0.6,0.1,-5,1.5,2,0.0,1.3194342776618473,6,0.043958569522044674,2.5283620209618745,True
0.6,0.1,-5,1.5,2,3.36,1.498120791431118,6,0.1256689851278619,2.718936282637461,True
0.6,0.1,-5,2.0,1,0.0,1.0622170411578153,5,-0.055183075906816495,3.3695262554855634,True
0.6,0.1,-5,2.0,1,3.36,1.282105254676958,5,0.02652733969900077,3.5147840881633914,True
0.6,0.1,-5,2.0,2,0.0,1.7592457035491293,7,0.11975980232196667,3.5147840881633914,True
0.6,0.1,-5,2.0,2,3.36,1.9974943885748238,7,0.2014702179277839,3.6542724565098537,True
0.6,0.1,0,0.75,1,0.0,0.343111418779448,2,-0.4778729365651157,1.8282685979789925,False
0.6,0.1,0,0.75,1,3.36,0.4255694988491265,2,-0.38433761430196367,2.0838824502250772,False
0.6,0.1,0,0.75,2,0.0,0.5682617261237382,2,-0.2668424489295544,2.0838824502250772,False
0.6,0.1,0,0.75,2,3.36,0.6672894108256656,2,-0.1845021449560545,2.311399157730242,False
0.6,0.1,0,1.0,1,0.0,0.4574818917059307,2,-0.3624838682576895,1.334764876608707,False
0.6,0.1,0,1.0,1,3.36,0.5674259984655019,2,-0.2689485459945375,1.6678121224611173,False
0.6,0.1,0,1.0,2,0.0,0.7576823014983175,2,-0.1570645347788807,1.6678121224611173,False
0.6,0.1,0,1.0,2,3.36,0.8897192144342206,3,-0.06593534183596848,1.9446329411557999,False
0.6,0.1,0,1.33,1,0.0,0.608450915968886,3,-0.2546169346808432,1.8208569885776997,False
0.6,0.1,0,1.33,1,3.36,0.7546765779591154,4,-0.16108161241769117,2.0773830106295392,False
0.6,0.1,0,1.33,2,0.0,1.0077174609927613,5,-0.058249572712303146,2.0773830106295392,True
0.6,0.1,0,1.33,2,3.36,1.1833265551975105,5,0.035285749550848886,2.305541188713021,True
0.6,0.1,0,1.5,1,0.0,0.686222837558896,4,-0.21198318146913636,2.209617710693359,False
0.6,0.1,0,1.5,1,3.36,0.851138997698253,4,-0.11844785920598433,2.4253681014249695,False
0.6,0.1,0,1.5,2,0.0,1.1365234522474763,5,-0.020850791078247062,2.4253681014249695,True
0.6,0.1,0,1.5,2,3.36,1.3345788216513312,5,0.07268453118490496,2.62343485289987,True
0.6,0.1,0,2.0,1,0.0,0.9149637834118614,4,-0.11999243650710814,3.292947479808008,False
0.6,0.1,0,2.0,1,3.36,1.1348519969310038,5,-0.026457114243956158,3.441439103743361,True
0.6,0.1,0,2.0,2,0.0,1.515364602996635,6,0.054950441721675014,3.441439103743361,True
0.6,0.1,0,2.0,2,3.36,1.7794384288684413,6,0.14848576398482705,3.583783350702705,True
0.6,0.1,5,0.75,1,0.0,0.3029121233955819,2,-0.5319914528539605,1.962847459174738,False
0.6,0.1,5,0.75,1,3.36,0.38537020346526035,2,-0.4274299759276184,2.202900394477409,False
0.6,0.1,5,0.75,2,0.0,0.5016835834753359,2,-0.3209609652183991,2.202900394477409,False
0.6,0.1,5,0.75,2,3.36,0.6069711860993832,2,-0.2256483031637967,2.4192499143306225,False
0.6,0.1,5,1.0,1,0.0,0.4038828311941091,2,-0.4166023845465343,1.5138696633002822,False
0.6,0.1,5,1.0,1,3.36,0.5138269379536804,2,-0.3120409076201922,1.8143322070285006,False
0.6,0.1,5,1.0,2,0.0,0.668911444633781,2,-0.21118305106772547,1.8143322070285006,False
0.6,0.1,5,1.0,2,3.36,0.8092949147991774,3,-0.10708150004371068,2.071666323870934,False
0.6,0.1,5,1.33,1,0.0,0.5371641654881636,3,-0.30873545096968796,1.9559458720744045,False
0.6,0.1,5,1.33,1,3.36,0.6833898274783929,3,-0.20417397404334586,2.1967531164163403,False
0.6,0.1,5,1.33,2,0.0,0.889652221362928,4,-0.11236808900114789,2.1967531164163403,False
0.6,0.1,5,1.33,2,3.36,1.0763622366829033,5,-0.007806612074805763,2.413653714699957,True
0.6,0.1,5,1.5,1,0.0,0.6058242467911638,3,-0.2661016977579811,2.3222003593666103,False
0.6,0.1,5,1.5,1,3.36,0.7707404069305207,4,-0.161540220831639,2.5283620209618745,False
0.6,0.1,5,1.5,2,0.0,1.0033671669506719,5,-0.07496930736709176,2.5283620209618745,True
0.6,0.1,5,1.5,2,3.36,1.2139423721987663,5,0.029592169559250328,2.718936282637461,True
0.6,0.1,5,2.0,1,0.0,0.8077656623882182,4,-0.17411095279595296,3.3695262554855634,False
0.6,0.1,5,2.0,1,3.36,1.0276538759073608,5,-0.06954947586961084,3.5147840881633914,True
0.6,0.1,5,2.0,2,0.0,1.337822889267562,5,0.0008319254328302272,3.5147840881633914,True
0.6,0.1,5,2.0,2,3.36,1.6185898295983547,5,0.10539340235917238,3.6542724565098537,True
0.6,0.1,10,0.75,1,0.0,0.27329369102689627,2,-0.5766785020829976,2.320211712944895,False
0.6,0.1,10,0.75,1,3.36,0.3557517710965748,2,-0.46216103734178265,2.526535650428603,False
0.6,0.1,10,0.75,2,0.0,0.452629484480958,2,-0.3656480144474363,2.526535650428603,False
0.6,0.1,10,0.75,2,3.36,0.5625416207288129,2,-0.25866171798069987,2.717238008141113,False
0.6,0.1,10,1.0,1,0.0,0.36439158803586164,2,-0.4612894337755714,1.9550993842664033,False
0.6,0.1,10,1.0,1,3.36,0.47433569479543297,2,-0.3467719690343565,2.195999454088928,False
0.6,0.1,10,1.0,2,0.0,0.6035059793079439,2,-0.2558701002967626,2.195999454088928,False
0.6,0.1,10,1.0,2,3.36,0.7500554943050837,3,-0.1413526355555477,2.412967799693744,False
0.6,0.1,10,1.33,1,0.0,0.48464081208769455,3,-0.3534225001987251,2.3143760496909014,False
0.6,0.1,10,1.33,1,3.36,0.630866474077924,3,-0.2389050354575102,2.5211776017137035,False
0.6,0.1,10,1.33,2,0.0,0.8026629524795647,3,-0.15705513823018502,2.5211776017137035,False
0.6,0.1,10,1.33,2,3.36,0.9975738074257587,4,-0.042537673488970196,2.712256717086873,False
0.6,0.1,10,1.5,1,0.0,0.5465873820537925,3,-0.3107887469870182,2.6312025300117763,False
0.6,0.1,10,1.5,1,3.36,0.7115035421931496,3,-0.19627128224580329,2.814822686056863,False
0.6,0.1,10,1.5,2,0.0,0.905258968961916,4,-0.11965635659612892,2.814822686056863,False
0.6,0.1,10,1.5,2,3.36,1.1250832414576257,5,-0.0051388918549139795,2.987177054334137,True
0.6,0.1,10,2.0,1,0.0,0.7287831760717233,4,-0.21879800202499006,3.5894734197796367,False
0.6,0.1,10,2.0,1,3.36,0.9486713895908659,4,-0.10428053728377513,3.7261668550005274,False
0.6,0.1,10,2.0,2,0.0,1.2070119586158878,5,-0.04385512379620689,3.7261668550005274,True
0.6,0.1,10,2.0,2,3.36,1.5001109886101673,5,0.070662340945008,3.8580201439733983,True
0.6,0.1,15,0.75,1,0.0,0.25144748407140594,2,-0.6128608136989645,2.816807199836359,False
0.6,0.1,15,0.75,1,3.36,0.3339055641410844,2,-0.48968445210367195,2.989047139315462,False
0.6,0.1,15,0.75,2,0.0,0.416447758679045,2,-0.4018303260634031,2.989047139315462,False
0.6,0.1,15,0.75,2,3.36,0.5303803542441732,2,-0.2842289490250498,3.151888767239407,False
0.6,0.1,15,1.0,1,0.0,0.33526331209520793,2,-0.4974717453915382,2.524566103417008,False
0.6,0.1,15,1.0,1,3.36,0.44520741885477916,2,-0.37429538379624583,2.7154067854599857,False
0.6,0.1,15,1.0,2,0.0,0.5552636782387266,2,-0.2920524119127294,2.7154067854599857,False
0.6,0.1,15,1.0,2,3.36,0.7071738056588975,3,-0.168876050317437,2.8936886512757614,False
0.6,0.1,15,1.33,1,0.0,0.4459002050866252,3,-0.3896048118146919,2.812002295081945,False
0.6,0.1,15,1.33,1,3.36,0.5921258670768546,3,-0.2664284502193995,2.9845195438371865,False
0.6,0.1,15,1.33,2,0.0,0.7385006920575057,3,-0.19323744984615182,2.9845195438371865,False
0.6,0.1,15,1.33,2,3.36,0.9405411615263314,3,-0.07006108825085935,3.147595416750083,False
0.6,0.1,15,1.5,1,0.0,0.5028949681428119,3,-0.34697105860298505,3.0780265044511292,False
0.6,0.1,15,1.5,1,3.36,0.6678111282821688,3,-0.2237946970076926,3.236394160497704,False
0.6,0.1,15,1.5,2,0.0,0.83289551735809,4,-0.15583866821209574,3.236394160497704,False
0.6,0.1,15,1.5,2,3.36,1.0607607084883464,5,-0.03266230661680331,3.3873658146269996,True
0.6,0.1,15,2.0,1,0.0,0.6705266241904159,4,-0.2549803136409568,3.9287835063118184,False
0.6,0.1,15,2.0,1,3.36,0.8904148377095583,4,-0.13180395204566445,4.05405227389433,False
0.6,0.1,15,2.0,2,0.0,1.1105273564774532,5,-0.08003743541217367,4.05405227389433,True
0.6,0.1,15,2.0,2,3.36,1.414347611317795,5,0.04313892618311871,4.175564613255049,True
0.6,0.2,-15,0.75,1,0.0,0.5483662477645622,2,-0.26930644112177704,2.9469310818290184,False
0.6,0.2,-15,0.75,1,3.36,0.5647705061064522,2,-0.25599180592124804,3.1119773137106814,False
0.6,0.2,-15,0.75,2,0.0,0.8176448898954409,2,-0.09946226005693572,3.1119773137106814,False
0.6,0.2,-15,0.75,2,3.36,0.9191749142282045,2,-0.05450917871690655,3.2687004758848657,False
0.6,0.2,-15,1.0,1,0.0,0.7311549970194164,3,-0.15042659151966506,2.6689762101828736,False
0.6,0.2,-15,1.0,1,3.36,0.7530273414752706,3,-0.1367455512544552,2.8501638567847523,False
0.6,0.2,-15,1.0,2,0.0,1.090193186527255,6,0.016828791027226033,2.8501638567847523,True
0.6,0.2,-15,1.0,2,3.36,1.2255665523042727,7,0.05767022226125369,3.0205022778541544,True
0.6,0.2,-15,1.33,1,0.0,0.9724361460358208,3,-0.036800283236226326,2.942338679952756,False
0.6,0.2,-15,1.33,1,3.36,1.0015263641621102,5,-0.022509152281850336,3.1076288239662935,True
0.6,0.2,-15,1.33,2,0.0,1.4499569380812478,7,0.12617461867402882,3.1076288239662935,True
0.6,0.2,-15,1.33,2,3.36,1.630003514564681,7,0.1608040814534391,3.2645607526198877,True
0.6,0.2,-15,1.5,1,0.0,1.0967324955291244,5,0.009243047829400292,3.197537671725485,True
0.6,0.2,-15,1.5,1,3.36,1.1295410122129044,6,0.023898828084802728,3.3502607603145815,True
0.6,0.2,-15,1.5,2,0.0,1.6352897797908819,7,0.16967815051005564,3.3502607603145815,True
0.6,0.2,-15,1.5,2,3.36,1.838349828456409,7,0.20506927730660598,3.4963190875696166,True
0.6,0.2,-15,2.0,1,0.0,1.4623099940388329,7,0.11262335248388178,4.023100774212322,True
0.6,0.2,-15,2.0,1,3.36,1.5060546829505412,7,0.12851756232189868,4.145520454595272,True
0.6,0.2,-15,2.0,2,0.0,2.18038637305451,7,0.2645415666482353,4.145520454595272,True
0.6,0.2,-15,2.0,2,3.36,2.4511331046085454,7,0.3024667638920051,4.264427258081416,True
0.6,0.2,-10,0.75,1,0.0,0.38734931872109674,2,-0.4228533737077929,2.4765666542386224,False
0.6,0.2,-10,0.75,1,3.36,0.45447030748096917,2,-0.3534506560239331,2.6708392675124957,False
0.6,0.2,-10,0.75,2,0.0,0.6521270737543268,2,-0.2035751111766478,2.6708392675124957,False
0.6,0.2,-10,0.75,2,3.36,0.7651295030137658,2,-0.13417239349278803,2.8519085526865484,False
0.6,0.2,-10,1.0,1,0.0,0.5164657582947957,2,-0.30580574308551745,2.1383202759079074,False
0.6,0.2,-10,1.0,1,3.36,0.6059604099746255,2,-0.23640302540165767,2.3605960269302475,False
0.6,0.2,-10,1.0,2,0.0,0.869502765005769,3,-0.0913957101984876,2.3605960269302475,False
0.6,0.2,-10,1.0,2,3.36,1.020172670685021,5,-0.021992992514627864,2.5636718983440274,True
0.6,0.2,-10,1.33,1,0.0,0.686899458532076,3,-0.1952144184550808,2.471100260892476,False
0.6,0.2,-10,1.33,1,3.36,0.8059273452662494,4,-0.12581170077122097,2.6657712766445028,False
0.6,0.2,-10,1.33,2,0.0,1.1564386774576714,6,0.011261894649753648,2.6657712766445028,True
0.6,0.2,-10,1.33,2,3.36,1.3568296520110767,6,0.08066461233361355,2.8471628859942073,True
0.6,0.2,-10,1.5,1,0.0,0.7746986374421935,4,-0.15097527817687714,2.770058980227745,False
0.6,0.2,-10,1.5,1,3.36,0.9089406149619383,4,-0.08157256049301734,2.9450342534409293,False
0.6,0.2,-10,1.5,2,0.0,1.3042541475086535,7,0.0508641755037757,2.9450342534409293,True
0.6,0.2,-10,1.5,2,3.36,1.5302590060275316,7,0.12026689318763546,3.1101811448757086,True
0.6,0.2,-10,2.0,1,0.0,1.0329315165895914,5,-0.05366476375339482,3.6924679323325913,True
0.6,0.2,-10,2.0,1,3.36,1.211920819949251,5,0.015737953930464926,3.825482901713785,True
0.6,0.2,-10,2.0,2,0.0,1.739005530011538,7,0.13302027948690825,3.825482901713785,True
0.6,0.2,-10,2.0,2,3.36,2.040345341370042,7,0.202422997170768,3.954025724663981,True
0.6,0.2,-5,0.75,1,0.0,0.3242422908397127,2,-0.5000865110380956,2.14540675583646,False
0.6,0.2,-5,0.75,1,3.36,0.3913632795995851,2,-0.4183760954322784,2.3670171414649124,False
0.6,0.2,-5,0.75,2,0.0,0.5458824014737703,2,-0.2808082485069506,2.3670171414649124,False
0.6,0.2,-5,0.75,2,3.36,0.6588848307332095,2,-0.1990978329011333,2.569585598494186,False
0.6,0.2,-5,1.0,1,0.0,0.4323230544529502,2,-0.3830388804158202,1.744076075594442,False
0.6,0.2,-5,1.0,1,3.36,0.5218177061327801,2,-0.30132846481000297,2.0104231787016658,False
0.6,0.2,-5,1.0,2,0.0,0.727843201965027,2,-0.16862884752879034,2.0104231787016658,False
0.6,0.2,-5,1.0,2,3.36,0.8785131076442793,3,-0.08691843192297308,2.245395590416288,False
0.6,0.2,-5,1.33,1,0.0,0.574989662422422,2,-0.2724475557853835,2.1390942603085312,False
0.6,0.2,-5,1.33,1,3.36,0.6940175491565954,4,-0.19073714017956622,2.3612971550579784,False
0.6,0.2,-5,1.33,2,0.0,0.968031458613485,4,-0.06597124268054902,2.3612971550579784,False
0.6,0.2,-5,1.33,2,3.36,1.1684224331668902,5,0.015739172925268233,2.5643175026671137,True
0.6,0.2,-5,1.5,1,0.0,0.6484845816794254,4,-0.22820841550717982,2.478429847512819,False
0.6,0.2,-5,1.5,1,3.36,0.7827265591991702,4,-0.14649799990136259,2.6725670261084966,False
0.6,0.2,-5,1.5,2,0.0,1.0917648029475406,5,-0.026368961826527065,2.6725670261084966,True
0.6,0.2,-5,1.5,2,3.36,1.317769661466419,5,0.055341453779290214,2.853526679223871,True
0.6,0.2,-5,2.0,1,0.0,0.8646461089059004,4,-0.1308979010836976,3.479038255956172,False
0.6,0.2,-5,2.0,1,3.36,1.0436354122655602,5,-0.049187485477880336,3.619904306249899,True
0.6,0.2,-5,2.0,2,0.0,1.455686403930054,6,0.05578714215660553,3.619904306249899,True
0.6,0.2,-5,2.0,2,3.36,1.7570262152885585,6,0.13749755776242278,3.75549027244201,True
0.6,0.2,0,0.75,1,0.0,0.2792931591885051,2,-0.5648958716383874,2.023009161214074,False
0.6,0.2,0,0.75,1,3.36,0.3464141479483775,2,-0.4713605493752353,2.2566714573362403,False
0.6,0.2,0,0.75,2,0.0,0.4702076957887814,2,-0.3456176091072422,2.2566714573362403,False
0.6,0.2,0,0.75,2,3.36,0.5832101250482205,2,-0.25208228684409023,2.4683123923758257,False
0.6,0.2,0,1.0,1,0.0,0.3723908789180068,2,-0.4478482410161118,1.5910993921902732,False
0.6,0.2,0,1.0,1,3.36,0.46188553059783666,2,-0.3543129187529599,1.8792544468028423,False
0.6,0.2,0,1.0,2,0.0,0.6269435943850419,2,-0.23343820812908195,1.8792544468028423,False
0.6,0.2,0,1.0,2,3.36,0.777613500064294,3,-0.13990288586592997,2.1287548651331973,False
0.6,0.2,0,1.33,1,0.0,0.4952798689609475,2,-0.3372569163856751,2.016313510556394,False
0.6,0.2,0,1.33,1,3.36,0.6143077556951209,3,-0.24372159412252314,2.2506710494544175,False
0.6,0.2,0,1.33,2,0.0,0.8338349805321048,4,-0.13078060328084068,2.2506710494544175,False
0.6,0.2,0,1.33,2,3.36,1.03422595508551,5,-0.03724528101768863,2.4628276782698886,True
0.6,0.2,0,1.5,1,0.0,0.5585863183770102,3,-0.2930177761074715,2.373269986202531,False
0.6,0.2,0,1.5,1,3.36,0.692828295896755,4,-0.19948245384431953,2.5753466615991254,False
0.6,0.2,0,1.5,2,0.0,0.9404153915775628,4,-0.0911783224268187,2.5753466615991254,False
0.6,0.2,0,1.5,2,3.36,1.166420250096441,5,0.002356999836333293,2.762681745588833,True
0.6,0.2,0,2.0,1,0.0,0.7447817578360136,4,-0.19570726168398922,3.404923362540471,False
0.6,0.2,0,2.0,1,3.36,0.9237710611956733,4,-0.10217193942083724,3.548732605420407,False
0.6,0.2,0,2.0,2,0.0,1.2538871887700838,5,-0.009022218443686086,3.548732605420407,True
0.6,0.2,0,2.0,2,3.36,1.555227000128588,5,0.08451310381946593,3.68693681865772,True
0.6,0.2,5,0.75,1,0.0,0.24657087834792246,2,-0.6190143879272321,2.14540675583646,False
0.6,0.2,5,0.75,1,3.36,0.3136918671077949,2,-0.51445291100089,2.3670171414649124,False
0.6,0.2,5,0.75,2,0.0,0.4151176666605742,2,-0.399736125396087,2.3670171414649124,False
0.6,0.2,5,0.75,2,3.36,0.5281200959200133,2,-0.2951746484697449,2.569585598494186,False
0.6,0.2,5,1.0,1,0.0,0.32876117113056325,2,-0.5019667573049567,1.744076075594442,False
0.6,0.2,5,1.0,1,3.36,0.41825582281039314,2,-0.39740528037861456,2.0104231787016658,False
0.6,0.2,5,1.0,2,0.0,0.5534902222140988,2,-0.2875567244179268,2.0104231787016658,False
0.6,0.2,5,1.0,2,3.36,0.704160127893351,3,-0.18299524749158463,2.245395590416288,False
0.6,0.2,5,1.33,1,0.0,0.4372523576036478,2,-0.39137543267451985,2.1390942603085312,False
0.6,0.2,5,1.33,1,3.36,0.5562802443378212,3,-0.28681395574817775,2.3612971550579784,False
0.6,0.2,5,1.33,2,0.0,0.7361419955447508,3,-0.18489911956968544,2.3612971550579784,False
0.6,0.2,5,1.33,2,3.36,0.936532970098156,4,-0.08033764264334332,2.5643175026671137,False
0.6,0.2,5,1.5,1,0.0,0.4931417566958449,3,-0.34713629239631627,2.478429847512819,False
0.6,0.2,5,1.5,1,3.36,0.6273837342155898,3,-0.24257481546997414,2.6725670261084966,False
0.6,0.2,5,1.5,2,0.0,0.8302353333211484,4,-0.14529683871566346,2.6725670261084966,False
0.6,0.2,5,1.5,2,3.36,1.0562401918400266,5,-0.04073536178932135,2.853526679223871,True
0.6,0.2,5,2.0,1,0.0,0.6575223422611265,4,-0.249825777972834,3.479038255956172,False
0.6,0.2,5,2.0,1,3.36,0.8365116456207863,4,-0.1452643010464919,3.619904306249899,False
0.6,0.2,5,2.0,2,0.0,1.1069804444281977,5,-0.06314073473253093,3.619904306249899,True
0.6,0.2,5,2.0,2,3.36,1.408320255786702,5,0.04142074219381124,3.75549027244201,True
0.6,0.2,10,0.75,1,0.0,0.2224614343198335,2,-0.6637014371562693,2.4765666542386224,False
0.6,0.2,10,0.75,1,3.36,0.28958242307970594,2,-0.5491839724150542,2.6708392675124957,False
0.6,0.2,10,0.75,2,0.0,0.3745278929756952,2,-0.44442317462512415,2.6708392675124957,False
0.6,0.2,10,0.75,2,3.36,0.4875303222351344,2,-0.32990570988390916,2.8519085526865484,False
0.6,0.2,10,1.0,1,0.0,0.296615245759778,2,-0.5466538065339938,2.1383202759079074,False
0.6,0.2,10,1.0,1,3.36,0.3861098974396079,2,-0.4321363417927789,2.3605960269302475,False
0.6,0.2,10,1.0,2,0.0,0.4993705239675936,2,-0.3322437736469639,2.3605960269302475,False
0.6,0.2,10,1.0,2,3.36,0.6500404296468457,3,-0.217726308905749,2.5636718983440274,False
0.6,0.2,10,1.33,1,0.0,0.3944982768605035,2,-0.43606248190355706,2.471100260892476,False
0.6,0.2,10,1.33,1,3.36,0.5135261635946768,3,-0.3215450171623422,2.6657712766445028,False
0.6,0.2,10,1.33,2,0.0,0.6641627968768988,3,-0.2295861687987226,2.6657712766445028,False
0.6,0.2,10,1.33,2,3.36,0.8645537714303039,3,-0.11506870405750773,2.8471628859942073,False
0.6,0.2,10,1.5,1,0.0,0.444922868639667,3,-0.3918233416253534,2.770058980227745,False
0.6,0.2,10,1.5,1,3.36,0.5791648461594119,3,-0.27730587688413855,2.9450342534409293,False
0.6,0.2,10,1.5,2,0.0,0.7490557859513904,4,-0.1899838879447006,2.9450342534409293,False
0.6,0.2,10,1.5,2,3.36,0.9750606444702687,4,-0.07546642320348566,3.1101811448757086,False
0.6,0.2,10,2.0,1,0.0,0.593230491519556,4,-0.29451282720187116,3.6924679323325913,False
0.6,0.2,10,2.0,1,3.36,0.7722197948792158,4,-0.17999536246065628,3.825482901713785,False
0.6,0.2,10,2.0,2,0.0,0.9987410479351873,4,-0.10782778396156802,3.825482901713785,False
0.6,0.2,10,2.0,2,3.36,1.3000808592936914,5,0.006689680779646864,3.954025724663981,True
0.6,0.2,15,0.75,1,0.0,0.20467859229554394,2,-0.699883748772236,2.9469310818290184,False
0.6,0.2,15,0.75,1,3.36,0.27179958105541635,2,-0.5767073871769437,3.1119773137106814,False
0.6,0.2,15,0.75,2,0.0,0.3445893538538919,2,-0.48060548624109095,3.1119773137106814,False
0.6,0.2,15,0.75,2,3.36,0.45759178311333093,2,-0.3574291246457985,3.2687004758848657,False
0.6,0.2,15,1.0,1,0.0,0.27290478972739196,2,-0.5828361181499605,2.6689762101828736,False
0.6,0.2,15,1.0,1,3.36,0.3623994414072218,2,-0.4596597565546681,2.8501638567847523,False
0.6,0.2,15,1.0,2,0.0,0.4594524718051892,2,-0.36842608526293064,2.8501638567847523,False
0.6,0.2,15,1.0,2,3.36,0.6101223774844412,3,-0.2452497236676383,3.0205022778541544,False
0.6,0.2,15,1.33,1,0.0,0.36296337033743015,2,-0.4722447935195238,2.942338679952756,False
0.6,0.2,15,1.33,1,3.36,0.4819912570716035,3,-0.34906843192423137,3.1076288239662935,False
0.6,0.2,15,1.33,2,0.0,0.611071787500901,3,-0.2657684804146894,3.1076288239662935,False
0.6,0.2,15,1.33,2,3.36,0.8114627620543061,3,-0.14259211881939693,3.2645607526198877,False
0.6,0.2,15,1.5,1,0.0,0.4093571845910879,3,-0.4280056532413202,3.197537671725485,False
0.6,0.2,15,1.5,1,3.36,0.5435991621108327,3,-0.3048292916460278,3.3502607603145815,False
0.6,0.2,15,1.5,2,0.0,0.6891787077077838,3,-0.2261661995606674,3.3502607603145815,False
0.6,0.2,15,1.5,2,3.36,0.9151835662266619,4,-0.102989837965375,3.4963190875696166,False
0.6,0.2,15,2.0,1,0.0,0.5458095794547839,4,-0.33069513881783785,4.023100774212322,False
0.6,0.2,15,2.0,1,3.36,0.7247988828144436,4,-0.20751877722254553,4.145520454595272,False
0.6,0.2,15,2.0,2,0.0,0.9189049436103784,4,-0.1440100955775348,4.145520454595272,False
0.6,0.2,15,2.0,2,3.36,1.2202447549688824,5,-0.020833733982242433,4.264427258081416,True
0.6,0.3,-15,0.75,1,0.0,0.45084385949192685,2,-0.3523989872508928,3.1518887672394067,False
0.6,0.3,-15,0.75,1,3.36,0.45653342049808077,2,-0.346952570665067,3.3067208532094066,False
0.6,0.3,-15,0.75,2,0.0,0.6645496072602224,2,-0.187357610748253,3.3067208532094066,False
0.6,0.3,-15,0.75,2,3.36,0.7848986242107319,2,-0.11592851744240013,3.4546205002937653,False
0.6,0.3,-15,1.0,1,0.0,0.6011251459892366,2,-0.23212278820106702,2.893688651275761,False
0.6,0.3,-15,1.0,1,3.36,0.6087112273307752,2,-0.22667637161524123,3.0616064427881864,False
0.6,0.3,-15,1.0,2,0.0,0.8860661430136302,4,-0.06955072483201263,3.0616064427881864,False
0.6,0.3,-15,1.0,2,3.36,1.046531498947643,6,0.0012706654821921654,3.220781583796413,True
0.6,0.3,-15,1.33,1,0.0,0.7994964441656848,3,-0.11616586518597977,3.1475954167500824,False
0.6,0.3,-15,1.33,1,3.36,0.8095859323499311,4,-0.11071944860015395,3.302628787427695,False
0.6,0.3,-15,1.33,2,0.0,1.178467970208127,7,0.0422950639036543,3.302628787427695,True
0.6,0.3,-15,1.33,2,3.36,1.3918868936003654,7,0.11211202514995044,3.4507038278510844,True
0.6,0.3,-15,1.5,1,0.0,0.9016877189838537,3,-0.06872603956397465,3.3873658146269996,False
0.6,0.3,-15,1.5,1,3.36,0.9130668409961615,4,-0.06327962297814888,3.5318900268982945,False
0.6,0.3,-15,1.5,2,0.0,1.3290992145204448,7,0.08727794368954223,3.5318900268982945,True
0.6,0.3,-15,1.5,2,3.36,1.5697972484214637,7,0.15649917863288748,3.6707284239103872,True
0.6,0.3,-15,2.0,1,0.0,1.2022502919784732,7,0.039418059186830445,4.175564613255048,True
0.6,0.3,-15,2.0,1,3.36,1.2174224546615504,7,0.044864475772656245,4.293639463144033,True
0.6,0.3,-15,2.0,2,0.0,1.7721322860272604,7,0.18707894003281056,4.293639463144033,True
0.6,0.3,-15,2.0,2,3.36,2.093062997895286,7,0.2543040214668168,4.408553032398247,True
0.6,0.3,-10,0.75,1,0.0,0.3138570474435279,2,-0.5122451776839858,2.7172380081411127,False
0.6,0.3,-10,0.75,1,3.36,0.3682430869574691,2,-0.44284246000012606,2.8954071204040863,False
0.6,0.3,-10,0.75,2,0.0,0.5357474044594783,2,-0.2859224023096252,2.8954071204040863,False
0.6,0.3,-10,0.75,2,3.36,0.6285832344838694,2,-0.21651968462576549,3.06323071166484,False
0.6,0.3,-10,1.0,1,0.0,0.41847606325803716,2,-0.3937927953390007,2.4129677996937438,False
0.6,0.3,-10,1.0,1,3.36,0.49099078260995876,2,-0.3243900776551409,2.6119750386171128,False
0.6,0.3,-10,1.0,2,0.0,0.7143298726126376,2,-0.17163704334015287,2.6119750386171128,False
0.6,0.3,-10,1.0,2,3.36,0.8381109793118259,4,-0.10223432565629305,2.7968578087487517,False
0.6,0.3,-10,1.33,1,0.0,0.5565731641331878,3,-0.2808769253424069,2.7122567170868725,False
0.6,0.3,-10,1.33,1,3.36,0.6530177408712434,4,-0.21147420765854696,2.8907328654482862,False
0.6,0.3,-10,1.33,2,0.0,0.950058730574807,4,-0.06557086244945243,2.8907328654482862,False
0.6,0.3,-10,1.33,2,3.36,1.1146876024847274,5,0.003831855234407433,3.058812923240462,True
0.6,0.3,-10,1.5,1,0.0,0.6277140948870558,3,-0.2352573952240415,2.9871770543341367,False
0.6,0.3,-10,1.5,1,3.36,0.7364861739149382,4,-0.16585467754018174,3.1501153556561023,False
0.6,0.3,-10,1.5,2,0.0,1.0714948089189567,5,-0.023990740632634015,3.1501153556561023,True
0.6,0.3,-10,1.5,2,3.36,1.2571664689677389,6,0.04541197705122572,3.3050305223916423,True
0.6,0.3,-10,2.0,1,0.0,0.8369521265160743,4,-0.1333115091846476,3.858020143973398,False
0.6,0.3,-10,2.0,1,3.36,0.9819815652199175,4,-0.06390879150078782,3.9855136972922973,False
0.6,0.3,-10,2.0,2,0.0,1.4286597452252752,7,0.06455022918608311,3.9855136972922973,True
0.6,0.3,-10,2.0,2,3.36,1.6762219586236518,7,0.13395294686994294,4.1090533497758965,True
0.6,0.3,-5,0.75,1,0.0,0.2627233949843404,2,-0.5894783150142885,2.4192499143306225,False
0.6,0.3,-5,0.75,1,3.36,0.31710943449828166,2,-0.5077678994084712,2.6177796217383777,False
0.6,0.3,-5,0.75,2,0.0,0.4484633309977478,2,-0.36315553963992797,2.6177796217383777,False
0.6,0.3,-5,0.75,2,3.36,0.541299161022139,2,-0.2814451240341107,2.8022794557268416,False
0.6,0.3,-5,1.0,1,0.0,0.3502978599791205,2,-0.4710259326693035,2.071666323870934,False
0.6,0.3,-5,1.0,1,3.36,0.42281257933104216,2,-0.38931551706348616,2.3003915661167142,False
0.6,0.3,-5,1.0,2,0.0,0.597951107996997,2,-0.24887018067045558,2.3003915661167142,False
0.6,0.3,-5,1.0,2,3.36,0.7217322146961853,3,-0.1671597650646383,2.5083463392165184,False
0.6,0.3,-5,1.33,1,0.0,0.465896153772229,2,-0.35811006267270956,2.413653714699957,False
0.6,0.3,-5,1.33,1,3.36,0.5623407305102845,2,-0.27639964706689224,2.6126087067306694,False
0.6,0.3,-5,1.33,2,0.0,0.7952749736360053,4,-0.1428039997797551,2.6126087067306694,False
0.6,0.3,-5,1.33,2,3.36,0.9599038455459256,4,-0.061093584173937864,2.797449598202781,False
0.6,0.3,-5,1.5,1,0.0,0.5254467899686808,3,-0.3124905325543443,2.718936282637461,False
0.6,0.3,-5,1.5,1,3.36,0.6342188689965633,4,-0.23078011694852696,2.8970009508183483,False
0.6,0.3,-5,1.5,2,0.0,0.8969266619954956,4,-0.10122387796293678,2.8970009508183483,False
0.6,0.3,-5,1.5,2,3.36,1.082598322044278,5,-0.01951346235711953,3.0647372659075383,True
0.6,0.3,-5,2.0,1,0.0,0.700595719958241,4,-0.21054464651495036,3.6542724565098537,False
0.6,0.3,-5,2.0,1,3.36,0.8456251586620843,4,-0.1288342309091331,3.7886286683187307,False
0.6,0.3,-5,2.0,2,0.0,1.195902215993994,5,-0.012682908144219601,3.7886286683187307,True
0.6,0.3,-5,2.0,2,3.36,1.4434644293923706,5,0.06902750746159766,3.9183806842121096,True
0.6,0.3,0,0.75,1,0.0,0.22630251836636361,2,-0.6542876756145801,2.3113991577302415,False
0.6,0.3,0,0.75,1,3.36,0.28068855788030483,2,-0.5607523533514281,2.5184451684235794,False
0.6,0.3,0,0.75,2,0.0,0.38629365765392776,2,-0.4279649002402196,2.5184451684235794,False
0.6,0.3,0,0.75,2,3.36,0.4791294876783189,2,-0.3344295779770676,2.7097169716330285,False
0.6,0.3,0,1.0,1,0.0,0.3017366911551515,2,-0.5358352932695951,1.9446329411557997,False
0.6,0.3,0,1.0,1,3.36,0.3742514105070731,2,-0.442299971006443,2.186686368876034,False
0.6,0.3,0,1.0,2,0.0,0.515058210205237,2,-0.31367954127074715,2.186686368876034,False
0.6,0.3,0,1.0,2,3.36,0.6388393169044252,3,-0.2201442190075952,2.4044952226669647,False
0.6,0.3,0,1.33,1,0.0,0.40130979923635035,2,-0.4229194232730012,2.3055411887130206,False
0.6,0.3,0,1.33,1,3.36,0.49775437597440586,2,-0.32938410100984916,2.513069870268682,False
0.6,0.3,0,1.33,2,0.0,0.6850274195729644,4,-0.20761336038004682,2.513069870268682,False
0.6,0.3,0,1.33,2,3.36,0.8496562914828847,4,-0.11407803811689476,2.704721829107801,False
0.6,0.3,0,1.5,1,0.0,0.45260503673272723,2,-0.3772998931546359,2.6234348528998694,False
0.6,0.3,0,1.5,1,3.36,0.5613771157606097,3,-0.2837645708914839,2.8075630763011823,False
0.6,0.3,0,1.5,2,0.0,0.7725873153078555,4,-0.16603323856322844,2.8075630763011823,False
0.6,0.3,0,1.5,2,3.36,0.9582589753566378,4,-0.07249791630007643,2.9803373009459446,False
0.6,0.3,0,2.0,1,0.0,0.603473382310303,4,-0.27535400711524194,3.583783350702705,False
0.6,0.3,0,2.0,1,3.36,0.7485028210141462,4,-0.18181868485208996,3.7206858379570167,False
0.6,0.3,0,2.0,2,0.0,1.030116420410474,5,-0.0774922687445112,3.7206858379570167,True
0.6,0.3,0,2.0,2,3.36,1.2776786338088504,5,0.01604305351864077,3.8527267103668157,True
0.6,0.3,5,0.75,1,0.0,0.19978867684431878,2,-0.7084061919034249,2.4192499143306225,False
0.6,0.3,5,0.75,1,3.36,0.25417471635826,2,-0.6038447149770828,2.6177796217383777,False
0.6,0.3,5,0.75,2,0.0,0.3410350856594872,2,-0.4820834165290644,2.6177796217383777,False
0.6,0.3,5,0.75,2,3.36,0.43387091568387837,2,-0.3775219396027223,2.8022794557268416,False
0.6,0.3,5,1.0,1,0.0,0.2663849024590917,2,-0.5899538095584399,2.071666323870934,False
0.6,0.3,5,1.0,1,3.36,0.33889962181101335,2,-0.4853923326320977,2.3003915661167142,False
0.6,0.3,5,1.0,2,0.0,0.4547134475459828,2,-0.367798057559592,2.3003915661167142,False
0.6,0.3,5,1.0,2,3.36,0.578494554245171,3,-0.26323658063324995,2.5083463392165184,False
0.6,0.3,5,1.33,1,0.0,0.354291920270591,2,-0.4770379395618459,2.413653714699957,False
0.6,0.3,5,1.33,1,3.36,0.4507364970086465,2,-0.3724764626355038,2.6126087067306694,False
0.6,0.3,5,1.33,2,0.0,0.6047688852361566,3,-0.2617318766688915,2.6126087067306694,False
0.6,0.3,5,1.33,2,3.36,0.7693977571460768,3,-0.15717039974254943,2.797449598202781,False
0.6,0.3,5,1.5,1,0.0,0.39957735368863756,2,-0.43141840944348064,2.718936282637461,False
0.6,0.3,5,1.5,1,3.36,0.50834943271652,3,-0.3268569325171386,2.8970009508183483,False
0.6,0.3,5,1.5,2,0.0,0.6820701713189744,4,-0.22015175485207314,2.8970009508183483,False
0.6,0.3,5,1.5,2,3.36,0.8677418313677567,4,-0.1155902779257311,3.0647372659075383,False
0.6,0.3,5,2.0,1,0.0,0.5327698049181834,4,-0.3294725234040867,3.6542724565098537,False
0.6,0.3,5,2.0,1,3.36,0.6777992436220267,4,-0.22491104647774462,3.7886286683187307,False
0.6,0.3,5,2.0,2,0.0,0.9094268950919656,4,-0.13161078503335605,3.7886286683187307,False
0.6,0.3,5,2.0,2,3.36,1.156989108490342,5,-0.027049308107013947,3.9183806842121096,True
0.6,0.3,10,0.75,1,0.0,0.18025354782138794,1,-0.753093241132462,2.7172380081411127,False
0.6,0.3,10,0.75,1,3.36,0.2346395873353292,2,-0.6385757763912471,2.8954071204040863,False
0.6,0.3,10,0.75,2,0.0,0.3076890296920826,2,-0.5267704657581016,2.8954071204040863,False
0.6,0.3,10,0.75,2,3.36,0.40052485971647384,2,-0.41225300101688667,3.06323071166484,False
0.6,0.3,10,1.0,1,0.0,0.24033806376185057,2,-0.634640858787477,2.4129677996937438,False
0.6,0.3,10,1.0,1,3.36,0.3128527831137722,2,-0.5201233940462622,2.6119750386171128,False
0.6,0.3,10,1.0,2,0.0,0.41025203958944345,2,-0.4124851067886291,2.6119750386171128,False
0.6,0.3,10,1.0,2,3.36,0.5340331462886316,3,-0.29796764204741427,2.7968578087487517,False
0.6,0.3,10,1.33,1,0.0,0.31964962480326037,2,-0.5217249887908831,2.7122567170868725,False
0.6,0.3,10,1.33,1,3.36,0.4160942015413159,2,-0.4072075240496682,2.8907328654482862,False
0.6,0.3,10,1.33,2,0.0,0.5456352126539592,3,-0.30641892589792874,2.8907328654482862,False
0.6,0.3,10,1.33,2,3.36,0.7102640845638795,3,-0.19190146115671378,3.058812923240462,False
0.6,0.3,10,1.5,1,0.0,0.3605070956427759,2,-0.4761054586725178,2.9871770543341367,False
0.6,0.3,10,1.5,1,3.36,0.4692791746706584,3,-0.36158799393130286,3.1501153556561023,False
0.6,0.3,10,1.5,2,0.0,0.6153780593841652,3,-0.2648388040811103,3.1501153556561023,False
0.6,0.3,10,1.5,2,3.36,0.8010497194329477,3,-0.15032133933989542,3.3050305223916423,False
0.6,0.3,10,2.0,1,0.0,0.48067612752370115,4,-0.3741595726331238,3.858020143973398,False
0.6,0.3,10,2.0,1,3.36,0.6257055662275444,4,-0.259642107891909,3.9855136972922973,False
0.6,0.3,10,2.0,2,0.0,0.8205040791788869,4,-0.17629783426239315,3.9855136972922973,False
0.6,0.3,10,2.0,2,3.36,1.0680662925772633,5,-0.0617803695211783,4.1090533497758965,True
0.6,0.3,15,0.75,1,0.0,0.16584466668194053,1,-0.7892755527484289,3.1518887672394067,False
0.6,0.3,15,0.75,1,3.36,0.22023070619588175,2,-0.6660991911531364,3.3067208532094066,False
0.6,0.3,15,0.75,2,0.0,0.2830933714632737,2,-0.5629527773740685,3.3067208532094066,False
0.6,0.3,15,0.75,2,3.36,0.3759292014876649,2,-0.4397764157787759,3.4546205002937653,False
0.6,0.3,15,1.0,1,0.0,0.22112622224258738,2,-0.6708231704034439,2.893688651275761,False
0.6,0.3,15,1.0,1,3.36,0.293640941594509,2,-0.5476468088081514,3.0616064427881864,False
0.6,0.3,15,1.0,2,0.0,0.3774578286176983,2,-0.4486674184045959,3.0616064427881864,False
0.6,0.3,15,1.0,2,3.36,0.5012389353168863,3,-0.32549105680930357,3.220781583796413,False
0.6,0.3,15,1.33,1,0.0,0.2940978755826404,2,-0.55790730040685,3.1475954167500824,False
0.6,0.3,15,1.33,1,3.36,0.3905424523206959,2,-0.43473093881155744,3.302628787427695,False
0.6,0.3,15,1.33,2,0.0,0.5020189120615381,3,-0.3426012375138955,3.302628787427695,False
0.6,0.3,15,1.33,2,3.36,0.6666477839714584,3,-0.219424875918603,3.4507038278510844,False
0.6,0.3,15,1.5,1,0.0,0.33168933336388107,2,-0.5122877702884846,3.3873658146269996,False
0.6,0.3,15,1.5,1,3.36,0.4404614123917635,3,-0.38911140869319216,3.5318900268982945,False
0.6,0.3,15,1.5,2,0.0,0.5661867429265474,3,-0.3010211156970772,3.5318900268982945,False
0.6,0.3,15,1.5,2,3.36,0.7518584029753298,3,-0.17784475410178469,3.6707284239103872,False
0.6,0.3,15,2.0,1,0.0,0.44225244448517476,3,-0.4103418842490907,4.175564613255048,False
0.6,0.3,15,2.0,1,3.36,0.587281883189018,3,-0.28716552265379824,4.293639463144033,False
0.6,0.3,15,2.0,2,0.0,0.7549156572353966,4,-0.2124801458783599,4.293639463144033,False
0.6,0.3,15,2.0,2,3.36,1.0024778706337727,5,-0.08930378428306761,4.408553032398247,True
0.8,-0.3,-15,0.75,1,0.0,1.1579910972546856,5,0.03856309642641777,2.92686675201452,True
0.8,-0.3,-15,0.75,1,3.36,1.246188249559647,5,0.07772955807243799,3.0929838318439407,True
0.8,-0.3,-15,0.75,2,0.0,1.6794551205918,5,0.1896445933041943,3.0929838318439407,True
0.8,-0.3,-15,0.75,2,3.36,1.913071219279067,5,0.24661478514346355,3.250622860937274,True
0.8,-0.3,-15,1.0,1,0.0,1.5439881296729137,6,0.1457834162266217,2.6468056584343724,True
0.8,-0.3,-15,1.0,1,3.36,1.661584332746196,7,0.1899458651459568,2.829413400957911,True
0.8,-0.3,-15,1.0,2,0.0,2.2392734941223993,7,0.2899407526209443,2.829413400957911,True
0.8,-0.3,-15,1.0,2,3.36,2.550761625705423,7,0.34691094446021364,3.0009298881380437,True
0.8,-0.3,-15,1.33,1,0.0,2.0535042124649694,7,0.24055815617085544,2.9222428185460916,True
0.8,-0.3,-15,1.33,1,3.36,2.2099071625524345,7,0.2926628927654229,3.0886086010603875,True
0.8,-0.3,-15,1.33,2,0.0,2.9782337471827867,8,0.37404785337958135,3.0886086010603875,True
0.8,-0.3,-15,1.33,2,3.36,3.392512962188208,8,0.4310180452188507,3.2464600860851816,True
0.8,-0.3,-15,1.5,1,0.0,2.3159821945093713,7,0.2756702915211472,3.1790554171171213,True
0.8,-0.3,-15,1.5,1,3.36,2.492376499119294,7,0.3322994673618577,3.3326255932975304,True
0.8,-0.3,-15,1.5,2,0.0,3.3589102411836,8,0.40371470914471097,3.3326255932975304,True
0.8,-0.3,-15,1.5,2,3.36,3.826142438558134,8,0.4606849009839802,3.479424283570734,True
0.8,-0.3,-15,2.0,1,0.0,3.0879762593458273,8,0.34610021967104954,4.008426876277758,True
0.8,-0.3,-15,2.0,1,3.36,3.323168665492392,8,0.40307041151031886,4.131281401994527,True
0.8,-0.3,-15,2.0,2,0.0,4.478546988244799,8,0.46469537268273003,4.131281401994527,True
0.8,-0.3,-15,2.0,2,3.36,5.101523251410846,8,0.5216655645219994,4.250586550402881,True
0.8,-0.3,-10,0.75,1,0.0,0.796607501591728,2,-0.11660970204678311,2.452657451802995,False
0.8,-0.3,-10,0.75,1,3.36,0.8246784512496138,3,-0.09430809341506316,2.648684310348208,False
0.8,-0.3,-10,0.75,2,0.0,1.2229026271877041,5,0.060719669773924234,2.648684310348208,True
0.8,-0.3,-10,0.75,2,3.36,1.2272871671947942,5,0.06227398492751521,2.831170884260567,True
0.8,-0.3,-10,1.0,1,0.0,1.0621433354556375,5,-0.004393394973264235,2.1105828070362334,True
0.8,-0.3,-10,1.0,1,3.36,1.0995712683328187,6,0.02299686983253851,2.3354999005259978,True
0.8,-0.3,-10,1.0,2,0.0,1.6305368362502723,5,0.1669052704191678,2.3354999005259978,True
0.8,-0.3,-10,1.0,2,3.36,1.6363828895930592,7,0.16845958557275878,2.5405825681045964,True
0.8,-0.3,-10,1.33,1,0.0,1.4126506361559936,7,0.09832363264620178,2.4471376508854052,True
0.8,-0.3,-10,1.33,1,3.36,1.4624297868826444,7,0.13401285648776148,2.6435738465911895,True
0.8,-0.3,-10,1.33,2,0.0,2.168613992212859,8,0.2600608050253857,2.6435738465911895,True
0.8,-0.3,-10,1.33,2,3.36,2.176389243158766,8,0.26161512017897676,2.826390398083913,True
0.8,-0.3,-10,1.5,1,0.0,1.593215003183456,7,0.13796020724263663,2.748703864904048,True
0.8,-0.3,-10,1.5,1,3.36,1.6493569024992276,7,0.1785034508081623,2.9249569119798076,True
0.8,-0.3,-10,1.5,2,0.0,2.4458052543754083,8,0.2942652053619753,2.9249569119798076,True
0.8,-0.3,-10,1.5,2,3.36,2.4545743343895885,8,0.29581952051556626,3.091176626616223,True
0.8,-0.3,-10,2.0,1,0.0,2.124286670911275,8,0.22257551206949033,3.6764746176605922,True
0.8,-0.3,-10,2.0,1,3.36,2.1991425366656374,8,0.2722272304595573,3.8100479805774885,True
0.8,-0.3,-10,2.0,2,0.0,3.2610736725005447,8,0.36287725692673795,3.8100479805774885,True
0.8,-0.3,-10,2.0,2,3.36,3.2727657791861184,8,0.364431572080329,3.939094517056248,True
0.8,-0.3,-5,0.75,1,0.0,0.6256293410130572,2,-0.22228207427592242,2.117762104436379,False
0.8,-0.3,-5,0.75,1,3.36,0.6431370101515785,2,-0.21029568018034941,2.341989822989588,False
0.8,-0.3,-5,0.75,2,0.0,0.8607479948731308,3,-0.09179618854671051,2.341989822989588,False
0.8,-0.3,-5,0.75,2,3.36,0.8980821049977579,3,-0.058372441820869016,2.5465498877867683,False
0.8,-0.3,-5,1.0,1,0.0,0.8341724546840774,3,-0.10711285395364084,1.70995542060575,False
0.8,-0.3,-5,1.0,1,3.36,0.8575160135354392,4,-0.09158846791333286,1.9808956409813685,False
0.8,-0.3,-5,1.0,2,0.0,1.1476639931641746,5,0.014389412098533061,1.9808956409813685,True
0.8,-0.3,-5,1.0,2,3.36,1.197442806663677,6,0.05723224335765221,2.218996967203648,True
0.8,-0.3,-5,1.33,1,0.0,1.1094493647298231,6,0.007638945094497099,2.1113669594561197,True
0.8,-0.3,-5,1.33,1,3.36,1.140496298002134,6,0.023163331134805093,2.3362085603564977,True
0.8,-0.3,-5,1.33,2,0.0,1.5263931109083502,8,0.10754494670475105,2.3362085603564977,True
0.8,-0.3,-5,1.33,2,3.36,1.5925989328626864,8,0.15024307253966904,2.5412340383134686,True
0.8,-0.3,-5,1.5,1,0.0,1.2512586820261145,7,0.05435548594890555,2.454538794160828,True
0.8,-0.3,-5,1.5,1,3.36,1.286274020303157,7,0.0698798719892135,2.650426511345012,True
0.8,-0.3,-5,1.5,2,0.0,1.7214959897462616,8,0.14174934704134057,2.650426511345012,True
0.8,-0.3,-5,1.5,2,3.36,1.7961642099955157,8,0.18436659206963035,2.8328008564035154,True
0.8,-0.3,-5,2.0,1,0.0,1.6683449093681548,7,0.16002519536585993,3.4620591227482866,True
0.8,-0.3,-5,2.0,1,3.36,1.7150320270708783,7,0.17554958140616794,3.603588956776929,True
0.8,-0.3,-5,2.0,2,0.0,2.295327986328349,8,0.21898212699487557,3.603588956776929,True
0.8,-0.3,-5,2.0,2,3.36,2.394885613327354,8,0.2528248646164689,3.7397664859459656,True
0.8,-0.3,0,0.75,1,0.0,0.53532751289642,2,-0.27881189063404344,1.9936680389057124,False
0.8,-0.3,0,0.75,1,3.36,0.5572949168330453,2,-0.26134637313219855,2.230406296923085,False
0.8,-0.3,0,0.75,2,0.0,0.6949952937964868,2,-0.18482784907311978,2.230406296923085,False
0.8,-0.3,0,0.75,2,3.36,0.7208699108286883,3,-0.16895281440800244,2.444322452000584,False
0.8,-0.3,0,1.0,1,0.0,0.7137700171952267,2,-0.1592565879834626,1.5536226886945022,False
0.8,-0.3,0,1.0,1,3.36,0.7430598891107271,4,-0.14179107048161774,1.8476318515403263,False
0.8,-0.3,0,1.0,2,0.0,0.92666039172865,3,-0.07873499511127877,1.8476318515403263,False
0.8,-0.3,0,1.0,2,3.36,0.9611598811049188,4,-0.06285996044616142,2.100891110654318,False
0.8,-0.3,0,1.33,1,0.0,0.9493141228696486,4,-0.04450478893532468,1.9868735127960024,False
0.8,-0.3,0,1.33,1,3.36,0.9882696525172641,4,-0.027039271433479756,2.224335036780729,False
0.8,-0.3,0,1.33,2,0.0,1.2324583209991045,7,0.014275834070738028,2.224335036780729,True
0.8,-0.3,0,1.33,2,3.36,1.278342641869542,8,0.030150868735855416,2.438783786203756,True
0.8,-0.3,0,1.5,1,0.0,1.07065502579284,5,0.002211751919083734,2.3483093089301157,True
0.8,-0.3,0,1.5,1,3.36,1.1145898336660907,5,0.019677269420928643,2.5523629464493953,True
0.8,-0.3,0,1.5,2,0.0,1.3899905875929737,8,0.048399353600699344,2.5523629464493953,True
0.8,-0.3,0,1.5,2,3.36,1.4417398216573767,8,0.06427438826581668,2.741269160518142,True
0.8,-0.3,0,2.0,1,0.0,1.4275400343904534,7,0.10788146133603821,3.3875727723212066,True
0.8,-0.3,0,2.0,1,3.36,1.4861197782214541,7,0.12534697883788307,3.5320885164123483,True
0.8,-0.3,0,2.0,2,0.0,1.8533207834573,8,0.1321558055966085,3.5320885164123483,True
0.8,-0.3,0,2.0,2,3.36,1.9223197622098376,8,0.14962132309845333,3.6709194063302433,True
0.8,-0.3,5,0.75,1,0.0,0.48495200942371064,2,-0.3217326917515442,2.117762104436379,False
0.8,-0.3,5,0.75,1,3.36,0.506919413360336,2,-0.3024925313399407,2.341989822989588,False
0.8,-0.3,5,0.75,2,0.0,0.5487336062263387,2,-0.2874481542076536,2.341989822989588,False
0.8,-0.3,5,0.75,2,3.36,0.5746082232585404,3,-0.2674378759021508,2.5465498877867683,False
0.8,-0.3,5,1.0,1,0.0,0.6466026792316142,2,-0.20217738910096336,1.70995542060575,False
0.8,-0.3,5,1.0,1,3.36,0.6758925511471146,4,-0.1829372286893599,1.9808956409813685,False
0.8,-0.3,5,1.0,2,0.0,0.7316448083017857,3,-0.17594378891305965,1.9808956409813685,False
0.8,-0.3,5,1.0,2,3.36,0.7661442976780546,4,-0.15670362850145622,2.218996967203648,False
0.8,-0.3,5,1.33,1,0.0,0.8599815633780442,4,-0.08742559005282544,2.1113669594561197,False
0.8,-0.3,5,1.33,1,3.36,0.8989370930256597,4,-0.06818542964122193,2.3362085603564977,False
0.8,-0.3,5,1.33,2,0.0,0.973087595041375,4,-0.06173059984877495,2.3362085603564977,False
0.8,-0.3,5,1.33,2,3.36,1.0189719159118127,5,-0.0424904394371714,2.5412340383134686,True
0.8,-0.3,5,1.5,1,0.0,0.9699040188474213,4,-0.04070904919841701,2.454538794160828,False
0.8,-0.3,5,1.5,1,3.36,1.013838826720672,5,-0.02146888878681353,2.650426511345012,True
0.8,-0.3,5,1.5,2,0.0,1.0974672124526774,8,-0.015336503910262518,2.650426511345012,True
0.8,-0.3,5,1.5,2,3.36,1.1492164465170809,8,0.003903656501340877,2.8328008564035154,True
0.8,-0.3,5,2.0,1,0.0,1.2932053584632284,5,0.057843464831138336,3.4620591227482866,True
0.8,-0.3,5,2.0,1,3.36,1.351785102294229,6,0.0842008206301409,3.603588956776929,True
0.8,-0.3,5,2.0,2,0.0,1.4632896166035714,8,0.08923500447910772,3.603588956776929,True
0.8,-0.3,5,2.0,2,3.36,1.5322885953561092,8,0.10847516489071114,3.7397664859459656,True
0.8,-0.3,10,0.75,1,0.0,0.4478461142357692,2,-0.3563026445599718,2.452657451802995,False
0.8,-0.3,10,0.75,1,3.36,0.46981351817239453,2,-0.3355059461568439,2.648684310348208,False
0.8,-0.3,10,0.75,2,0.0,0.4850814405178451,2,-0.32470878783658785,2.648684310348208,False
0.8,-0.3,10,0.75,2,3.36,0.513236966151321,3,-0.3002055173267601,2.831170884260567,False
0.8,-0.3,10,1.0,1,0.0,0.5971281523143589,2,-0.23674734190939098,2.1105828070362334,False
0.8,-0.3,10,1.0,1,3.36,0.6264180242298594,3,-0.21595064350626308,2.3354999005259978,False
0.8,-0.3,10,1.0,2,0.0,0.6467752540237934,3,-0.20735472820686285,2.3354999005259978,False
0.8,-0.3,10,1.0,2,3.36,0.6843159548684279,4,-0.18285145769703517,2.5405825681045964,False
0.8,-0.3,10,1.33,1,0.0,0.794180442578095,3,-0.12199554286125303,2.4471376508854052,False
0.8,-0.3,10,1.33,1,3.36,0.8331359722257103,4,-0.10119884445812519,2.6435738465911895,False
0.8,-0.3,10,1.33,2,0.0,0.8602110878516452,4,-0.09625766091905621,2.6435738465911895,False
0.8,-0.3,10,1.33,2,3.36,0.910140219975009,4,-0.07175439040922856,2.826390398083913,False
0.8,-0.3,10,1.5,1,0.0,0.8956922284715384,4,-0.0752790020068446,2.748703864904048,False
0.8,-0.3,10,1.5,1,3.36,0.9396270363447891,4,-0.054482303603716725,2.9249569119798076,False
0.8,-0.3,10,1.5,2,0.0,0.9701628810356902,4,-0.049906456718690116,2.9249569119798076,False
0.8,-0.3,10,1.5,2,3.36,1.026473932302642,5,-0.027215749039089056,3.091176626616223,True
0.8,-0.3,10,2.0,1,0.0,1.1942563046287178,5,0.013156415602101235,3.6764746176605922,True
0.8,-0.3,10,2.0,1,3.36,1.2528360484597187,5,0.05118740581323774,3.8100479805774885,True
0.8,-0.3,10,2.0,2,0.0,1.2935505080475869,8,0.054665051670680156,3.8100479805774885,True
0.8,-0.3,10,2.0,2,3.36,1.3686319097368558,8,0.07546175007380797,3.939094517056248,True
0.8,-0.3,15,0.75,1,0.0,0.42098623898520077,2,-0.383163554905304,2.92686675201452,False
0.8,-0.3,15,0.75,1,3.36,0.44295364292182615,2,-0.3610731772011938,3.0929838318439407,False
0.8,-0.3,15,0.75,2,0.0,0.4725841084705742,2,-0.3360443328621094,3.0929838318439407,False
0.8,-0.3,15,0.75,2,3.36,0.5007396341040501,2,-0.31091147878021036,3.250622860937274,False
0.8,-0.3,15,1.0,1,0.0,0.561314985313601,2,-0.2636082522547232,2.6468056584343724,False
0.8,-0.3,15,1.0,1,3.36,0.5906048572291015,3,-0.241517874550613,2.829413400957911,False
0.8,-0.3,15,1.0,2,0.0,0.6301121446274324,2,-0.21869027323238435,2.829413400957911,False
0.8,-0.3,15,1.0,2,3.36,0.6676528454720667,4,-0.19355741915048544,3.0009298881380437,False
0.8,-0.3,15,1.33,1,0.0,0.7465489304670873,3,-0.14885645320658514,2.9222428185460916,False
0.8,-0.3,15,1.33,1,3.36,0.7855044601147027,4,-0.12676607550247504,3.0886086010603875,False
0.8,-0.3,15,1.33,2,0.0,0.838049152354485,4,-0.10759320594457775,3.0886086010603875,False
0.8,-0.3,15,1.33,2,3.36,0.8879782844778488,4,-0.08246035186267878,3.2464600860851816,False
0.8,-0.3,15,1.5,1,0.0,0.8419724779704015,3,-0.10213991235217684,3.1790554171171213,False
0.8,-0.3,15,1.5,1,3.36,0.8859072858436523,4,-0.08004953464806662,3.3326255932975304,False
0.8,-0.3,15,1.5,2,0.0,0.9451682169411484,4,-0.06305456457443835,3.3326255932975304,False
0.8,-0.3,15,1.5,2,3.36,1.0014792682081002,5,-0.03792171049253932,3.479424283570734,True
0.8,-0.3,15,2.0,1,0.0,1.122629970627202,5,-0.02302589601386547,4.008426876277758,True
0.8,-0.3,15,2.0,1,3.36,1.181209714458203,5,0.025620174768887817,4.131281401994527,True
0.8,-0.3,15,2.0,2,0.0,1.2602242892548647,7,0.03525688461421249,4.131281401994527,True
0.8,-0.3,15,2.0,2,3.36,1.3353056909441334,7,0.060389738696111375,4.250586550402881,True
0.8,-0.2,-15,0.75,1,0.0,0.9821246194127989,4,-0.02938544577176242,2.704912010407737,False
0.8,-0.2,-15,0.75,1,3.36,1.037592348976043,5,0.0010002185977394853,2.883842746067827,True
0.8,-0.2,-15,0.75,2,0.0,1.4692034674610066,5,0.1357001918953941,2.883842746067827,True
0.8,-0.2,-15,0.75,2,3.36,1.635018585790006,5,0.19048991615885857,3.0523022432334623,True
0.8,-0.2,-15,1.0,1,0.0,1.3094994925503984,6,0.0802819635800954,2.3990790302781213,True
0.8,-0.2,-15,1.0,1,3.36,1.3834564653013908,7,0.11518484206270915,2.599149898239848,True
0.8,-0.2,-15,1.0,2,0.0,1.9589379566146752,7,0.2387318173907329,2.599149898239848,True
0.8,-0.2,-15,1.0,2,3.36,2.180024781053341,7,0.2957020092300022,2.7848842334144184,True
0.8,-0.2,-15,1.33,1,0.0,1.7416343250920248,7,0.17892124676367085,2.6999079781622566,True
0.8,-0.2,-15,1.33,1,3.36,1.8399970988508443,7,0.2210871580842139,2.879149716590682,True
0.8,-0.2,-15,1.33,2,0.0,2.6053874822975147,8,0.327006230308412,2.879149716590682,True
0.8,-0.2,-15,1.33,2,3.36,2.8994329588009404,8,0.38397642214768124,3.047868614383534,True
0.8,-0.2,-15,1.5,1,0.0,1.9642492388255979,7,0.21621995581513423,2.975969311854831,True
0.8,-0.2,-15,1.5,1,3.36,2.075184697952086,7,0.2625717000074589,3.1394893446389838,True
0.8,-0.2,-15,1.5,2,0.0,2.938406934922013,8,0.3585240183730709,3.1394893446389838,True
0.8,-0.2,-15,1.5,2,3.36,3.270037171580012,8,0.41549421021234006,3.2949041480901555,True
0.8,-0.2,-15,2.0,1,0.0,2.618998985100797,7,0.2917610984405512,3.849348779010011,True
0.8,-0.2,-15,2.0,1,3.36,2.7669129306027815,7,0.3487312902798205,3.977120317826186,True
0.8,-0.2,-15,2.0,2,0.0,3.9178759132293504,8,0.42265810632822914,3.977120317826186,True
0.8,-0.2,-15,2.0,2,3.36,4.360049562106682,8,0.47962829816749847,4.10091282795256,True
0.8,-0.2,-10,0.75,1,0.0,0.6737031113641071,2,-0.17872558307008007,2.1830090645448,False
0.8,-0.2,-10,0.75,1,3.36,0.7639065478958825,2,-0.13279581611802005,2.401151510397618,False
0.8,-0.2,-10,0.75,2,0.0,1.0451615726134933,5,-0.003849343960362475,2.401151510397618,True
0.8,-0.2,-10,0.75,2,3.36,1.0489088478479374,5,-0.0022950288067715013,2.6010629703805255,True
0.8,-0.2,-10,1.0,1,0.0,0.8982708151521429,3,-0.05900047222350059,1.7901284270568263,False
0.8,-0.2,-10,1.0,1,3.36,1.0185420638611782,5,-0.01917642184441152,2.0505023251283934,True
0.8,-0.2,-10,1.0,2,0.0,1.3935487634846577,5,0.10480548114496649,2.0505023251283934,True
0.8,-0.2,-10,1.0,2,3.36,1.3985451304639165,6,0.10635979629855746,2.2813504301963228,True
0.8,-0.2,-10,1.33,1,0.0,1.1947001841523464,7,0.05603483246686291,2.1768056142845964,True
0.8,-0.2,-10,1.33,1,3.36,1.354660944935367,7,0.08580796969629152,2.395513031144047,True
0.8,-0.2,-10,1.33,2,0.0,1.8534198554345924,7,0.20183965898700812,2.395513031144047,True
0.8,-0.2,-10,1.33,2,3.36,1.8600650235170069,7,0.20339397414059918,2.595858756246368,True
0.8,-0.2,-10,1.5,1,0.0,1.3474062227282142,7,0.10292130008965865,2.511050166153287,True
0.8,-0.2,-10,1.5,1,3.36,1.527813095791765,7,0.12675802486341112,2.7028453409210176,True
0.8,-0.2,-10,1.5,2,0.0,2.0903231452269866,8,0.23822675476385136,2.7028453409210176,True
0.8,-0.2,-10,1.5,2,3.36,2.0978176956958747,8,0.23978106991744236,2.881904394135664,True
0.8,-0.2,-10,2.0,1,0.0,1.7965416303042858,7,0.19966535782007924,3.5023514407184493,True
0.8,-0.2,-10,2.0,1,3.36,2.0370841277223564,7,0.2226449273478415,3.6423159684879893,True
0.8,-0.2,-10,2.0,2,0.0,2.7870975269693155,8,0.311506399103504,3.6423159684879893,True
0.8,-0.2,-10,2.0,2,3.36,2.797090260927833,8,0.3130607142570949,3.7770975118869514,True
0.8,-0.2,-5,0.75,1,0.0,0.583335270718103,2,-0.2412758997737105,1.798587315363589,False
0.8,-0.2,-5,0.75,1,3.36,0.6045644729364119,2,-0.22575151373340244,2.0578912340031,False
0.8,-0.2,-5,0.75,2,0.0,0.7356437936635727,2,-0.15636520228099726,2.0578912340031,False
0.8,-0.2,-5,0.75,2,3.36,0.8251729148459439,3,-0.10694871681159371,2.2879939534419234,False
0.8,-0.2,-5,1.0,1,0.0,0.7777803609574707,2,-0.121550788927131,1.2938112460706885,False
0.8,-0.2,-5,1.0,1,3.36,0.8060859639152158,4,-0.10602640288682305,1.6352209454562976,False
0.8,-0.2,-5,1.0,2,0.0,0.9808583915514304,4,-0.04436769198491524,1.6352209454562976,False
0.8,-0.2,-5,1.0,2,3.36,1.1002305531279262,5,0.0013918635283111588,1.9167544288351046,True
0.8,-0.2,-5,1.33,1,0.0,1.034447880073433,5,-0.006515484236767481,1.7910528851720098,True
0.8,-0.2,-5,1.33,1,3.36,1.0720943320072338,5,0.009008901803540494,2.051309444594594,True
0.8,-0.2,-5,1.33,2,0.0,1.3045416607634008,7,0.06580425248333263,2.051309444594594,True
0.8,-0.2,-5,1.33,2,3.36,1.4633066356601416,7,0.09792963315839955,2.2820759052851374,True
0.8,-0.2,-5,1.5,1,0.0,1.166670541436206,6,0.040370983386028264,2.185122580552517,True
0.8,-0.2,-5,1.5,1,3.36,1.2091289458728238,6,0.0558953694263363,2.4030731765887805,True
0.8,-0.2,-5,1.5,2,0.0,1.4712875873271454,7,0.10979538626685409,2.4030731765887805,True
0.8,-0.2,-5,1.5,2,3.36,1.6503458296918878,7,0.1340357847836532,2.6028370467704063,True
0.8,-0.2,-5,2.0,1,0.0,1.5555607219149414,7,0.1224322204897765,3.2765612109961624,True
0.8,-0.2,-5,2.0,1,3.36,1.6121719278304316,7,0.1621450433836302,3.425763180578109,True
0.8,-0.2,-5,2.0,2,0.0,1.9617167831028608,8,0.19467036326646492,3.425763180578109,True
0.8,-0.2,-5,2.0,2,3.36,2.2004611062558523,8,0.20665675736203798,3.5687327399799273,True
0.8,-0.2,0,0.75,1,0.0,0.5173381459679353,2,-0.29341963380353225,1.650670242463391,False
0.8,-0.2,0,0.75,1,3.36,0.5385673481862442,2,-0.2759541163016873,1.9299513593233768,False
0.8,-0.2,0,0.75,2,0.0,0.6033616822795135,2,-0.24291595528052473,1.9299513593233768,False
0.8,-0.2,0,0.75,2,3.36,0.6258247875699198,3,-0.22704092061540734,2.173640321983872,False
0.8,-0.2,0,1.0,1,0.0,0.6897841946239137,2,-0.17369452295695278,1.0787694187482026,False
0.8,-0.2,0,1.0,1,3.36,0.7180897975816589,3,-0.15622900545510787,1.4709668449106306,False
0.8,-0.2,0,1.0,2,0.0,0.804482243039352,3,-0.13457537494061989,1.4709668449106306,False
0.8,-0.2,0,1.0,2,3.36,0.8344330500932271,4,-0.11870034027550247,1.7786915018705,False
0.8,-0.2,0,1.33,1,0.0,0.9174129788498023,4,-0.0586592182665893,1.642457413709813,False
0.8,-0.2,0,1.33,1,3.36,0.9550594307836034,4,-0.04119370076474435,1.9229317085768616,False
0.8,-0.2,0,1.33,2,0.0,1.0699613832423382,5,-0.02714164635503755,1.9229317085768616,True
0.8,-0.2,0,1.33,2,3.36,1.1097959566239919,6,-0.009676128853192653,2.167410057153544,True
0.8,-0.2,0,1.5,1,0.0,1.0346762919358705,5,-0.017918282735932163,2.0650802915160074,True
0.8,-0.2,0,1.5,1,3.36,1.0771346963724884,5,0.005692766858051441,2.294462161467876,True
0.8,-0.2,0,1.5,2,0.0,1.206723364559027,7,0.019359026072035216,2.294462161467876,True
0.8,-0.2,0,1.5,2,3.36,1.2516495751398395,7,0.036824543573880195,2.502909628893508,True
0.8,-0.2,0,2.0,1,0.0,1.3795683892478274,6,0.057622859889484845,3.1977569150534233,True
0.8,-0.2,0,2.0,1,3.36,1.4361795951633178,6,0.11194244081534538,3.3504700099794933,True
0.8,-0.2,0,2.0,2,0.0,1.608964486078704,8,0.12429318306028506,3.3504700099794933,True
0.8,-0.2,0,2.0,2,3.36,1.6688661001864542,8,0.1417587005621299,3.496519596366076,True
0.8,-0.2,5,0.75,1,0.0,0.4686554817279314,2,-0.336340434921033,1.798587315363589,False
0.8,-0.2,5,0.75,1,3.36,0.48988468394624024,2,-0.31710027450942957,2.0578912340031,False
0.8,-0.2,5,0.75,2,0.0,0.5057557108303273,2,-0.3037929436649519,2.0578912340031,False
0.8,-0.2,5,0.75,2,3.36,0.5286654828844065,2,-0.28455278325334843,2.2879939534419234,False
0.8,-0.2,5,1.0,1,0.0,0.6248739756372419,2,-0.21661532407445352,1.2938112460706885,False
0.8,-0.2,5,1.0,1,3.36,0.653179578594987,3,-0.19737516366285013,1.6352209454562976,False
0.8,-0.2,5,1.0,2,0.0,0.6743409477737697,3,-0.18445375483462897,1.6352209454562976,False
0.8,-0.2,5,1.0,2,3.36,0.7048873105125419,4,-0.16521359442302552,1.9167544288351046,False
0.8,-0.2,5,1.33,1,0.0,0.8310823875975292,3,-0.10933550807624032,1.7910528851720098,False
0.8,-0.2,5,1.33,1,3.36,0.8687288395313302,4,-0.08233985897248654,2.051309444594594,False
0.8,-0.2,5,1.33,2,0.0,0.8968734605391112,4,-0.07006244747253831,2.051309444594594,False
0.8,-0.2,5,1.33,2,3.36,0.9375001229816783,4,-0.0508222870609348,2.2820759052851374,False
0.8,-0.2,5,1.5,1,0.0,0.9373109634558628,4,-0.07203679902477698,2.185122580552517,False
0.8,-0.2,5,1.5,1,3.36,0.9797693678924805,4,-0.03545339134969082,2.4030731765887805,False
0.8,-0.2,5,1.5,2,0.0,1.0115114216606547,5,-0.023561775045465482,2.4030731765887805,True
0.8,-0.2,5,1.5,2,3.36,1.057330965768813,5,-0.004321614633862013,2.6028370467704063,True
0.8,-0.2,5,2.0,1,0.0,1.2497479512744838,5,0.0035043436006400586,3.2765612109961624,True
0.8,-0.2,5,2.0,1,3.36,1.306359157189974,5,0.07079628260760312,3.425763180578109,True
0.8,-0.2,5,2.0,2,0.0,1.3486818955475395,8,0.08137238194278429,3.425763180578109,True
0.8,-0.2,5,2.0,2,3.36,1.4097746210250839,8,0.10061254235438774,3.5687327399799273,True
0.8,-0.2,10,0.75,1,0.0,0.4327965083731948,2,-0.3709103877294606,2.1830090645448,False
0.8,-0.2,10,0.75,1,3.36,0.45402571059150365,2,-0.35011368932633274,2.401151510397618,False
0.8,-0.2,10,0.75,2,0.0,0.4670580293441242,2,-0.33836289647337947,2.401151510397618,False
0.8,-0.2,10,0.75,2,3.36,0.48996780139820334,2,-0.31756619807025166,2.6010629703805255,False
0.8,-0.2,10,1.0,1,0.0,0.5770620111642597,2,-0.2526618404888528,1.7901284270568263,False
0.8,-0.2,10,1.0,1,3.36,0.6053676141220049,3,-0.23038857847975328,2.0505023251283934,False
0.8,-0.2,10,1.0,2,0.0,0.6227440391254989,2,-0.21902370764305654,2.0505023251283934,False
0.8,-0.2,10,1.0,2,3.36,0.6532904018642711,4,-0.1982270092399287,2.2813504301963228,False
0.8,-0.2,10,1.33,1,0.0,0.7674924748484631,3,-0.15402255730527747,2.1768056142845964,False
0.8,-0.2,10,1.33,1,3.36,0.8051389267822641,4,-0.11535327378938975,2.395513031144047,False
0.8,-0.2,10,1.33,2,0.0,0.8282495720369112,4,-0.1046324002809659,2.395513031144047,False
0.8,-0.2,10,1.33,2,3.36,0.8688762344794781,4,-0.08383570187783804,2.595858756246368,False
0.8,-0.2,10,1.5,1,0.0,0.8655930167463896,3,-0.1167238482538141,2.511050166153287,False
0.8,-0.2,10,1.5,1,3.36,0.9080514211830073,4,-0.06846680616659398,2.7028453409210176,False
0.8,-0.2,10,1.5,2,0.0,0.9341160586882484,4,-0.05813172785389305,2.7028453409210176,False
0.8,-0.2,10,1.5,2,3.36,0.9799356027964067,4,-0.03733502945076523,2.881904394135664,False
0.8,-0.2,10,2.0,1,0.0,1.1541240223285194,5,-0.04118270562839703,3.5023514407184493,True
0.8,-0.2,10,2.0,1,3.36,1.2107352282440098,5,0.03778286779069998,3.6423159684879893,True
0.8,-0.2,10,2.0,2,0.0,1.2454880782509978,7,0.04680242913435672,3.6423159684879893,True
0.8,-0.2,10,2.0,2,3.36,1.3065808037285422,7,0.06759912753748457,3.7770975118869514,True
0.8,-0.2,15,0.75,1,0.0,0.40683924346843403,2,-0.39851156145667754,2.704912010407737,False
0.8,-0.2,15,0.75,1,3.36,0.42806844568674296,2,-0.3756809203706826,2.883842746067827,False
0.8,-0.2,15,0.75,2,0.0,0.4390459064202327,2,-0.36522380681871175,2.883842746067827,False
0.8,-0.2,15,0.75,2,3.36,0.46195567847431196,2,-0.3431334291146015,3.0523022432334623,False
0.8,-0.2,15,1.0,1,0.0,0.5424523246245787,2,-0.2888441521048197,2.3990790302781213,False
0.8,-0.2,15,1.0,1,3.36,0.570757927582324,3,-0.25595580952410313,2.599149898239848,False
0.8,-0.2,15,1.0,2,0.0,0.5853945418936436,2,-0.2458846179883888,2.599149898239848,False
0.8,-0.2,15,1.0,2,3.36,0.6159409046324159,4,-0.22379424028427858,2.7848842334144184,False
0.8,-0.2,15,1.33,1,0.0,0.7214615917506876,3,-0.19020486892124425,2.6999079781622566,False
0.8,-0.2,15,1.33,1,3.36,0.7591080436844886,3,-0.1409205048337396,2.879149716590682,False
0.8,-0.2,15,1.33,2,0.0,0.7785747407185439,4,-0.13149331062629804,2.879149716590682,False
0.8,-0.2,15,1.33,2,3.36,0.8192014031611109,4,-0.1094029329221879,3.047868614383534,False
0.8,-0.2,15,1.5,1,0.0,0.8136784869368681,3,-0.1529061598697809,2.975969311854831,False
0.8,-0.2,15,1.5,1,3.36,0.8561368913734859,4,-0.09403403721094386,3.1394893446389838,False
0.8,-0.2,15,1.5,2,0.0,0.8780918128404654,4,-0.08499263819922531,3.1394893446389838,False
0.8,-0.2,15,1.5,2,3.36,0.9239113569486239,4,-0.0629022604951151,3.2949041480901555,False
0.8,-0.2,15,2.0,1,0.0,1.0849046492491574,5,-0.07736501724436387,3.849348779010011,True
0.8,-0.2,15,2.0,1,3.36,1.141515855164648,5,0.01221563674635013,3.977120317826186,True
0.8,-0.2,15,2.0,2,0.0,1.1707890837872872,6,0.019941518789024455,3.977120317826186,True
0.8,-0.2,15,2.0,2,3.36,1.2318818092648318,6,0.04203189649313468,4.10091282795256,True
0.8,-0.1,-15,0.75,1,0.0,0.8244864545548644,2,-0.10210584793530854,2.562527850394611,False
0.8,-0.1,-15,0.75,1,3.36,0.8569987662069916,2,-0.07956576702831276,2.7507360804061203,False
0.8,-0.1,-15,0.75,2,0.0,1.2691747144823209,5,0.07613431877438677,2.7507360804061203,True
0.8,-0.1,-15,0.75,2,3.36,1.3821223503301634,5,0.12086915797338565,2.92686675201452,True
0.8,-0.1,-15,1.0,1,0.0,1.099315272739819,6,0.009808942987249256,2.2373153987581214,True
0.8,-0.1,-15,1.0,1,3.36,1.1426650216093215,7,0.036359477117392965,2.450628530299974,True
0.8,-0.1,-15,1.0,2,0.0,1.6922329526430941,6,0.18183816433651406,2.450628530299974,True
0.8,-0.1,-15,1.0,2,3.36,1.8428298004402175,7,0.23182516985313778,2.6468056584343724,True
0.8,-0.1,-15,1.33,1,0.0,1.4620893127439547,7,0.11342867409531425,2.557245215176715,True
0.8,-0.1,-15,1.33,1,3.36,1.5197444787403933,7,0.14510474162267714,2.745815560183204,True
0.8,-0.1,-15,1.33,2,0.0,2.250669827015312,7,0.27424282704088276,2.745815560183204,True
0.8,-0.1,-15,1.33,2,3.36,2.450963634585486,7,0.331213018880152,2.9222428185460916,True
0.8,-0.1,-15,1.5,1,0.0,1.6489729091097287,7,0.16051442442351985,2.847172868847572,True
0.8,-0.1,-15,1.5,1,3.36,1.7139975324139831,7,0.18825458216900168,3.017680126372196,True
0.8,-0.1,-15,1.5,2,0.0,2.5383494289646418,7,0.3080279703412764,3.017680126372196,True
0.8,-0.1,-15,1.5,2,3.36,2.764244700660327,7,0.3649981621805457,3.1790554171171213,True
0.8,-0.1,-15,2.0,1,0.0,2.198630545479638,7,0.267445323539002,3.75066474407749,True
0.8,-0.1,-15,2.0,1,3.36,2.285330043218643,7,0.28194712579591547,3.881685976797436,True
0.8,-0.1,-15,2.0,2,0.0,3.3844659052861883,8,0.37585711473775696,3.881685976797436,True
0.8,-0.1,-15,2.0,2,3.36,3.685659600880435,8,0.4328273065770263,4.008426876277758,True
0.8,-0.1,-10,0.75,1,0.0,0.6253999698321254,2,-0.2171995202699841,2.0038783835065344,False
0.8,-0.1,-10,0.75,1,3.36,0.666726163414295,2,-0.18296902690686576,2.2395375808154596,False
0.8,-0.1,-10,0.75,2,0.0,0.8835013753176143,3,-0.07347010214583544,2.2395375808154596,False
0.8,-0.1,-10,0.75,2,3.36,0.8866690413609096,3,-0.07191578699224449,2.4526574518029953,False
0.8,-0.1,-10,1.0,1,0.0,0.8338666264428353,2,-0.10184507031680987,1.566703477163738,False
0.8,-0.1,-10,1.0,1,3.36,0.8889682178857268,3,-0.06304512003125057,1.8586446097511344,False
0.8,-0.1,-10,1.0,2,0.0,1.178001833756819,5,0.03748590973391678,1.8586446097511344,True
0.8,-0.1,-10,1.0,2,3.36,1.1822253884812128,6,0.03904022488750774,2.110582807036234,True
0.8,-0.1,-10,1.33,1,0.0,1.1090426131689708,6,0.005965232811081009,1.9971185949715002,True
0.8,-0.1,-10,1.33,1,3.36,1.182327729788013,6,0.05232237181017396,2.233491142221285,True
0.8,-0.1,-10,1.33,2,0.0,1.5667424388965672,7,0.13818004042817766,2.233491142221285,True
0.8,-0.1,-10,1.33,2,3.36,1.572359766680011,7,0.14546918826585142,2.4471376508854052,True
0.8,-0.1,-10,1.5,1,0.0,1.2507999396642508,7,0.04856575993527019,2.3569838643780425,True
0.8,-0.1,-10,1.5,1,3.36,1.33345232682859,7,0.0994081221383796,2.5603462533295085,True
0.8,-0.1,-10,1.5,2,0.0,1.7670027506352286,7,0.17665291444703474,2.5603462533295085,True
0.8,-0.1,-10,1.5,2,3.36,1.7733380827218193,7,0.18976092624429075,2.748703864904048,True
0.8,-0.1,-10,2.0,1,0.0,1.6677332528856705,7,0.14068832938696407,3.393591845567554,True
0.8,-0.1,-10,2.0,1,3.36,1.7779364357714535,7,0.20633902125386183,3.537861729110198,True
0.8,-0.1,-10,2.0,2,0.0,2.356003667513638,8,0.2553986531463669,3.537861729110198,True
0.8,-0.1,-10,2.0,2,3.36,2.3644507769624257,8,0.2872470297991889,3.6764746176605922,True
0.8,-0.1,-5,0.75,1,0.0,0.5582833130461425,2,-0.2714347258860833,1.5763617386205497,False
0.8,-0.1,-5,0.75,1,3.36,0.5800262035587093,2,-0.24346891087107705,1.8667930605685255,False
0.8,-0.1,-5,0.75,2,0.0,0.6793913233336538,2,-0.18248149013929732,1.8667930605685255,False
0.8,-0.1,-5,0.75,2,3.36,0.7077036211220306,3,-0.17049509604372437,2.1177621044363795,False
0.8,-0.1,-5,1.0,1,0.0,0.7443777507281899,2,-0.15951993496352554,0.961221899697977,False
0.8,-0.1,-5,1.0,1,3.36,0.7733682714116124,2,-0.12354500399546191,1.3870643606044342,False
0.8,-0.1,-5,1.0,2,0.0,0.9058550977782053,3,-0.07198629372543139,1.3870643606044342,False
0.8,-0.1,-5,1.0,2,3.36,0.9436048281627083,4,-0.05999989962985837,1.7099554206057501,False
0.8,-0.1,-5,1.33,1,0.0,0.9900224084684895,3,-0.05728805436824498,1.5677596874148092,False
0.8,-0.1,-5,1.33,1,3.36,1.0285798009774414,5,-0.00817751215403735,1.8595350057159399,True
0.8,-0.1,-5,1.33,2,0.0,1.20478728004501,7,0.027971436936619257,1.8595350057159399,True
0.8,-0.1,-5,1.33,2,3.36,1.2549944214564022,7,0.03995783103219219,2.1113669594561197,True
0.8,-0.1,-5,1.5,1,0.0,1.116566626092285,5,-0.017931270770532068,2.0061806229850023,True
0.8,-0.1,-5,1.5,1,3.36,1.1600524071174185,5,0.03890823817416831,2.2415977989015987,True
0.8,-0.1,-5,1.5,2,0.0,1.3587826466673076,7,0.06602260441732988,2.2415977989015987,True
0.8,-0.1,-5,1.5,2,3.36,1.4154072422440611,7,0.07800899851290283,2.454538794160828,True
0.8,-0.1,-5,2.0,1,0.0,1.4887555014563798,7,0.06345519205666135,3.1600400898413676,True
0.8,-0.1,-5,2.0,1,3.36,1.5467365428232247,7,0.1451656076624786,3.3144914194193715,True
0.8,-0.1,-5,2.0,2,0.0,1.8117101955564106,8,0.1667372562240294,3.3144914194193715,True
0.8,-0.1,-5,2.0,2,3.36,1.8872096563254166,8,0.18226164226433741,3.462059122748287,True
0.8,-0.1,0,0.75,1,0.0,0.4808894910626042,2,-0.336244086486375,1.4052445514408336,False
0.8,-0.1,0,0.75,1,3.36,0.5167077926558963,2,-0.2936715134393619,1.7247354143039302,False
0.8,-0.1,0,0.75,2,0.0,0.5445918735701507,2,-0.2714823341742717,1.7247354143039302,False
0.8,-0.1,0,0.75,2,3.36,0.5669394446908487,2,-0.25401681667242676,1.9936680389057124,False
0.8,-0.1,0,1.0,1,0.0,0.6411859880834722,2,-0.2243292955638172,0.6432289318946519,False
0.8,-0.1,0,1.0,1,3.36,0.6889437235411949,2,-0.1737476065637468,1.1890094443806303,False
0.8,-0.1,0,1.0,2,0.0,0.7261224980935342,2,-0.15201430333836569,1.1890094443806303,False
0.8,-0.1,0,1.0,2,3.36,0.7559192595877982,4,-0.1345487858365208,1.5536226886945024,False
0.8,-0.1,0,1.33,1,0.0,0.8527773641510155,3,-0.12209741496853659,1.3955881755913266,False
0.8,-0.1,0,1.33,1,3.36,0.9162951523097868,4,-0.05838011472232215,1.7168769192491136,False
0.8,-0.1,0,1.33,2,0.0,0.9657429224643979,4,-0.03740812298967368,1.7168769192491136,False
0.8,-0.1,0,1.33,2,3.36,1.0053726152517688,5,-0.01994260548782876,1.9868735127960027,True
0.8,-0.1,0,1.5,1,0.0,0.9617789821252084,3,-0.08274063137082373,1.8747150744600733,False
0.8,-0.1,0,1.5,1,3.36,1.0334155853117926,5,-0.011294364394116513,2.1247485993424817,True
0.8,-0.1,0,1.5,2,0.0,1.0891837471403014,6,0.009221191694781625,2.1247485993424817,True
0.8,-0.1,0,1.5,2,3.36,1.1338788893816973,6,0.026686709196626544,2.348309308930116,True
0.8,-0.1,0,2.0,1,0.0,1.2823719761669443,5,-0.0013541685436303103,3.078254259766725,True
0.8,-0.1,0,2.0,1,3.36,1.3778874470823899,5,0.09218115371952172,3.236610771744416,True
0.8,-0.1,0,2.0,2,0.0,1.4522449961870685,7,0.11459352219420765,3.236610771744416,True
0.8,-0.1,0,2.0,2,3.36,1.5118385191755963,8,0.13205903969605257,3.3875727723212066,True
0.8,-0.1,5,0.75,1,0.0,0.4245479715439871,2,-0.3903626027752197,1.5763617386205497,False
0.8,-0.1,5,0.75,1,3.36,0.47000107702455485,2,-0.33481767164710413,1.8667930605685255,False
0.8,-0.1,5,0.75,2,0.0,0.4933445732589661,2,-0.31440313529177244,1.8667930605685255,False
0.8,-0.1,5,0.75,2,3.36,0.5156921443796639,2,-0.295162974880169,2.1177621044363795,False
0.8,-0.1,5,1.0,1,0.0,0.5660639620586493,2,-0.278447811852662,0.961221899697977,False
0.8,-0.1,5,1.0,1,3.36,0.6266681026994064,2,-0.21489376477148897,1.3870643606044342,False
0.8,-0.1,5,1.0,2,0.0,0.657792764345288,2,-0.19493510445586643,1.3870643606044342,False
0.8,-0.1,5,1.0,2,3.36,0.6875895258395518,4,-0.17569494404426303,1.7099554206057501,False
0.8,-0.1,5,1.33,1,0.0,0.7528650695380014,3,-0.1762159312573814,1.5677596874148092,False
0.8,-0.1,5,1.33,1,3.36,0.8334685765902082,3,-0.09952627293006434,1.8595350057159399,False
0.8,-0.1,5,1.33,2,0.0,0.8748643765792306,4,-0.08032892410717446,1.8595350057159399,False
0.8,-0.1,5,1.33,2,3.36,0.9144940693666016,4,-0.06108876369557091,2.1113669594561197,False
0.8,-0.1,5,1.5,1,0.0,0.8490959430879742,3,-0.13685914765966847,2.0061806229850023,False
0.8,-0.1,5,1.5,1,3.36,0.9400021540491097,4,-0.05244052260185873,2.2415977989015987,False
0.8,-0.1,5,1.5,2,0.0,0.9866891465179322,4,-0.03369960942271907,2.2415977989015987,False
0.8,-0.1,5,1.5,2,3.36,1.0313842887593279,5,-0.01445944901111568,2.454538794160828,True
0.8,-0.1,5,2.0,1,0.0,1.1321279241172986,5,-0.055472684832475125,3.1600400898413676,True
0.8,-0.1,5,2.0,1,3.36,1.2533362053988129,5,0.04908879209386706,3.3144914194193715,True
0.8,-0.1,5,2.0,2,0.0,1.315585528690576,6,0.07167272107670689,3.3144914194193715,True
0.8,-0.1,5,2.0,2,3.36,1.3751790516791036,6,0.09091288148831031,3.462059122748287,True
0.8,-0.1,10,0.75,1,0.0,0.38303611245600694,2,-0.4350496520042569,2.0038783835065344,False
0.8,-0.1,10,0.75,1,3.36,0.4355975599316005,2,-0.3678310864640073,2.2395375808154596,False
0.8,-0.1,10,0.75,2,0.0,0.45559652464557715,2,-0.3489730881002,2.2395375808154596,False
0.8,-0.1,10,0.75,2,3.36,0.47794409576627506,2,-0.32817638969707214,2.4526574518029953,False
0.8,-0.1,10,1.0,1,0.0,0.5107148166080092,2,-0.3231348610816991,1.566703477163738,False
0.8,-0.1,10,1.0,1,3.36,0.5807967465754673,2,-0.24790717958839212,1.8586446097511344,False
0.8,-0.1,10,1.0,2,0.0,0.6074620328607694,2,-0.22950505726429404,1.8586446097511344,False
0.8,-0.1,10,1.0,2,3.36,0.6372587943550333,4,-0.20870835886116615,2.110582807036234,False
0.8,-0.1,10,1.33,1,0.0,0.6792507060886501,3,-0.22090298048641854,1.9971185949715002,False
0.8,-0.1,10,1.33,1,3.36,0.7724596729453692,3,-0.13253968774696762,2.233491142221285,False
0.8,-0.1,10,1.33,2,0.0,0.807924503704821,4,-0.11489887691560202,2.233491142221285,False
0.8,-0.1,10,1.33,2,3.36,0.8475541964921919,4,-0.09410217851247418,2.4471376508854052,False
0.8,-0.1,10,1.5,1,0.0,0.7660722249120139,3,-0.18154619688870566,2.3569838643780425,False
0.8,-0.1,10,1.5,1,3.36,0.871195119863201,3,-0.08545393741876192,2.5603462533295085,False
0.8,-0.1,10,1.5,2,0.0,0.9111930492911543,4,-0.06826956223114664,2.5603462533295085,False
0.8,-0.1,10,1.5,2,3.36,0.9558881915325501,4,-0.0474728638280188,2.748703864904048,False
0.8,-0.1,10,2.0,1,0.0,1.0214296332160184,5,-0.10015973406151217,3.393591845567554,True
0.8,-0.1,10,2.0,1,3.36,1.1615934931509346,5,0.014357730679702654,3.537861729110198,True
0.8,-0.1,10,2.0,2,0.0,1.2149240657215388,5,0.0371027682682793,3.537861729110198,True
0.8,-0.1,10,2.0,2,3.36,1.2745175887100666,5,0.05789946667140717,3.6764746176605922,True
0.8,-0.1,15,0.75,1,0.0,0.3524174539985131,2,-0.4712319636202237,2.562527850394611,False
0.8,-0.1,15,0.75,1,3.36,0.41069385736312414,2,-0.3933983175083572,2.7507360804061203,False
0.8,-0.1,15,0.75,2,0.0,0.4282718132601605,2,-0.3758339984455322,2.7507360804061203,False
0.8,-0.1,15,0.75,2,3.36,0.45061938438085847,2,-0.353743620741422,2.92686675201452,False
0.8,-0.1,15,1.0,1,0.0,0.4698899386646841,2,-0.35931717269766583,2.2373153987581214,False
0.8,-0.1,15,1.0,1,3.36,0.5475918098174989,2,-0.273474410632742,2.450628530299974,False
0.8,-0.1,15,1.0,2,0.0,0.5710290843468806,2,-0.2563659676096262,2.450628530299974,False
0.8,-0.1,15,1.0,2,3.36,0.6008258458411445,3,-0.23427558990551606,2.6468056584343724,False
0.8,-0.1,15,1.33,1,0.0,0.624953618424028,3,-0.2570852921023853,2.557245215176715,False
0.8,-0.1,15,1.33,1,3.36,0.7282971070572714,3,-0.15810691879131744,2.745815560183204,False
0.8,-0.1,15,1.33,2,0.0,0.7594686821813491,3,-0.1417597872609342,2.745815560183204,False
0.8,-0.1,15,1.33,2,3.36,0.79909837496872,4,-0.11966940955682401,2.9222428185460916,False
0.8,-0.1,15,1.5,1,0.0,0.7048349079970262,3,-0.21772850850467246,2.847172868847572,False
0.8,-0.1,15,1.5,1,3.36,0.8213877147262483,3,-0.1110211684631118,3.017680126372196,False
0.8,-0.1,15,1.5,2,0.0,0.856543626520321,4,-0.09513047257647889,3.017680126372196,False
0.8,-0.1,15,1.5,2,3.36,0.9012387687617169,4,-0.07304009487236869,3.1790554171171213,False
0.8,-0.1,15,2.0,1,0.0,0.9397798773293682,4,-0.13634204567747898,3.75066474407749,False
0.8,-0.1,15,2.0,1,3.36,1.0951836196349978,5,-0.013165684082186574,3.881685976797436,True
0.8,-0.1,15,2.0,2,0.0,1.1420581686937612,5,0.0067309990528419406,3.881685976797436,True
0.8,-0.1,15,2.0,2,3.36,1.201651691682289,5,0.032332235627057275,4.008426876277758,True
0.8,0.0,-15,0.75,1,0.0,0.7013558232869539,2,-0.1644641965947789,2.5132745540525465,False
0.8,0.0,-15,0.75,1,3.36,0.7495250951753575,2,-0.13181050860146343,2.704912010407737,False
0.8,0.0,-15,0.75,2,0.0,1.0834683776917906,5,0.011189341821139911,2.704912010407737,True
0.8,0.0,-15,0.75,2,3.36,1.1568548489013213,5,0.04663109966809572,2.883842746067827,True
0.8,0.0,-15,1.0,1,0.0,0.9351410977159387,3,-0.04702449229918465,2.1807292801996794,False
0.8,0.0,-15,1.0,1,3.36,0.9993667935671431,4,-0.011657356013664648,2.3990790302781213,False
0.8,0.0,-15,1.0,2,0.0,1.4446245035890537,6,0.11943917742861598,2.3990790302781213,True
0.8,0.0,-15,1.0,2,3.36,1.5424731318684282,7,0.15968509930878938,2.599149898239848,True
0.8,0.0,-15,1.33,1,0.0,1.2437376599621945,7,0.06421405921561474,2.5078881734527565,True
0.8,0.0,-15,1.33,1,3.36,1.3291578354442966,7,0.09727961606492473,2.6999079781622566,True
0.8,0.0,-15,1.33,2,0.0,1.9213505897734395,7,0.21583375043750513,2.6999079781622566,True
0.8,0.0,-15,1.33,2,3.36,2.0514892653850074,7,0.26375389347610895,2.879149716590682,True
0.8,0.0,-15,1.5,1,0.0,1.4027116465739078,7,0.10883657016178334,2.8029258543710562,True
0.8,0.0,-15,1.5,1,3.36,1.499050190350715,7,0.13852928518311022,2.975969311854831,True
0.8,0.0,-15,1.5,2,0.0,2.166936755383581,7,0.2518589462263839,2.975969311854831,True
0.8,0.0,-15,1.5,2,3.36,2.3137096978026426,7,0.3041723844038016,3.1394893446389838,True
0.8,0.0,-15,2.0,1,0.0,1.8702821954318773,7,0.2074287890992001,3.7171879186376713,True
0.8,0.0,-15,2.0,1,3.36,1.9987335871342862,7,0.2259950792454704,3.849348779010011,True
0.8,0.0,-15,2.0,2,0.0,2.8892490071781074,8,0.324293392364603,3.849348779010011,True
0.8,0.0,-15,2.0,2,3.36,3.0849462637368563,8,0.3812635842038723,3.977120317826186,True
0.8,0.0,-10,0.75,1,0.0,0.55434764027804,2,-0.27122223758453057,1.9404969919803436,False
0.8,0.0,-10,0.75,1,3.36,0.6343141715169583,2,-0.20429227254437923,2.1830090645448,False
0.8,0.0,-10,0.75,2,0.0,0.7395024397102121,2,-0.14770816045112534,2.1830090645448,False
0.8,0.0,-10,0.75,2,3.36,0.8070091175765003,3,-0.10349937215989308,2.401151510397618,False
0.8,0.0,-10,1.0,1,0.0,0.7391301870373868,2,-0.15728559534956454,1.4847760051122012,False
0.8,0.0,-10,1.0,1,3.36,0.8457522286892777,2,-0.08788287766570482,1.7901284270568263,False
0.8,0.0,-10,1.0,2,0.0,0.9860032529469493,4,-0.034654160810431656,1.7901284270568263,False
0.8,0.0,-10,1.0,2,3.36,1.0760121567686671,5,0.013957905572492272,2.0505023251283934,True
0.8,0.0,-10,1.33,1,0.0,0.9830431487597214,3,-0.051786316394816574,1.9335156276536634,False
0.8,0.0,-10,1.33,1,3.36,1.124850464156736,5,0.01761640128904325,2.1768056142845964,True
0.8,0.0,-10,1.33,2,0.0,1.3113843264194414,7,0.06941463335688788,2.1768056142845964,True
0.8,0.0,-10,1.33,2,3.36,1.4310961685023238,7,0.12522549541714106,2.395513031144047,True
0.8,0.0,-10,1.5,1,0.0,1.10869528055608,6,-0.010536647276631138,2.303339518381615,True
0.8,0.0,-10,1.5,1,3.36,1.2686283430339167,6,0.05886607040722866,2.511050166153287,True
0.8,0.0,-10,1.5,2,0.0,1.4790048794204242,7,0.11148070271960939,2.511050166153287,True
0.8,0.0,-10,1.5,2,3.36,1.6140182351530006,7,0.16544575498212977,2.7028453409210176,True
0.8,0.0,-10,2.0,1,0.0,1.4782603740747735,7,0.07692914678572917,3.3565556176388016,True
0.8,0.0,-10,2.0,1,3.36,1.6915044573785554,7,0.1463318644695889,3.5023514407184493,True
0.8,0.0,-10,2.0,2,0.0,1.9720065058938987,7,0.21737749219820238,3.5023514407184493,True
0.8,0.0,-10,2.0,2,3.36,2.1520243135373343,7,0.24859041985908514,3.6423159684879893,True
0.8,0.0,-5,0.75,1,0.0,0.4644362146883178,2,-0.34845537491483325,1.4949636554066466,False
0.8,0.0,-5,0.75,1,3.36,0.5518290131054139,2,-0.266744959309016,1.798587315363589,False
0.8,0.0,-5,0.75,2,0.0,0.5956634861456997,2,-0.2323374488189923,1.798587315363589,False
0.8,0.0,-5,0.75,2,3.36,0.6173413466081452,2,-0.2168130627786843,2.0578912340031,False
0.8,0.0,-5,1.0,1,0.0,0.6192482862510904,2,-0.23451873267986734,0.8209430799141849,False
0.8,0.0,-5,1.0,1,3.36,0.735772017473885,2,-0.15280831707405007,1.2938112460706885,False
0.8,0.0,-5,1.0,2,0.0,0.7942179815275995,2,-0.1127155973506954,1.2938112460706885,False
0.8,0.0,-5,1.0,2,3.36,0.8231217954775268,4,-0.09719121131038735,1.6352209454562976,False
0.8,0.0,-5,1.33,1,0.0,0.8236002207139478,2,-0.12901945372511928,1.4858904527195067,False
0.8,0.0,-5,1.33,1,3.36,0.9785767832402642,3,-0.04730903811930201,1.7910528851720098,False
0.8,0.0,-5,1.33,2,0.0,1.0563099154317044,6,0.0021472825119086165,1.7910528851720098,True
0.8,0.0,-5,1.33,2,3.36,1.0947519879851075,6,0.017671668552216604,2.051309444594594,True
0.8,0.0,-5,1.5,1,0.0,0.9288724293766356,4,-0.0877697846069338,1.942874337686432,False
0.8,0.0,-5,1.5,1,3.36,1.1036580262108278,5,-0.006059369001116532,2.185122580552517,True
0.8,0.0,-5,1.5,2,0.0,1.1913269722913995,7,0.04893038601597904,2.185122580552517,True
0.8,0.0,-5,1.5,2,3.36,1.2346826932162904,7,0.06445477205628702,2.4030731765887805,True
0.8,0.0,-5,2.0,1,0.0,1.2384965725021808,5,-0.00030399054457359853,3.1202329030706406,True
0.8,0.0,-5,2.0,1,3.36,1.47154403494777,5,0.08140642506124364,3.2765612109961624,True
0.8,0.0,-5,2.0,2,0.0,1.588435963055199,7,0.15482717549457198,3.2765612109961624,True
0.8,0.0,-5,2.0,2,3.36,1.6462435909550537,7,0.17035156153488,3.425763180578109,True
0.8,0.0,0,0.75,1,0.0,0.4000522489090554,2,-0.41326473551512494,1.313283004288927,False
0.8,0.0,0,0.75,1,3.36,0.4915887412254113,2,-0.3197294132519729,1.650670242463391,False
0.8,0.0,0,0.75,2,0.0,0.5282715772767517,2,-0.2844811828488141,1.650670242463391,False
0.8,0.0,0,0.75,2,3.36,0.5499494377391971,2,-0.2670156653469692,1.9299513593233768,False
0.8,0.0,0,1.0,1,0.0,0.5334029985454073,2,-0.29932809328015897,0.404652269024078,False
0.8,0.0,0,1.0,1,3.36,0.6554516549672149,2,-0.205792771017007,1.0787694187482026,False
0.8,0.0,0,1.0,2,0.0,0.7043621030356688,2,-0.1648593313805171,1.0787694187482026,False
0.8,0.0,0,1.0,2,3.36,0.7332659169855961,4,-0.14739381387867223,1.4709668449106306,False
0.8,0.0,0,1.33,1,0.0,0.7094259880653896,2,-0.19382881432541088,1.3029452620314974,False
0.8,0.0,0,1.33,1,3.36,0.8717507011063933,3,-0.1002934920622589,1.642457413709813,False
0.8,0.0,0,1.33,2,0.0,0.9368015970374368,4,-0.049996451517913126,1.642457413709813,False
0.8,0.0,0,1.33,2,3.36,0.9752436695908401,4,-0.032530934016068214,1.9229317085768616,False
0.8,0.0,0,1.5,1,0.0,0.8001044978181108,3,-0.15257914520722551,1.8068084044546169,False
0.8,0.0,0,1.5,1,3.36,0.9831774824508226,3,-0.05904382294407344,2.0650802915160074,False
0.8,0.0,0,1.5,2,0.0,1.0565431545535033,5,-0.003213348013842713,2.0650802915160074,True
0.8,0.0,0,1.5,2,3.36,1.0998988754783943,5,0.014252169488002168,2.294462161467876,True
0.8,0.0,0,2.0,1,0.0,1.0668059970908146,5,-0.06511335114486523,3.03737539460831,True
0.8,0.0,0,2.0,1,3.36,1.3109033099344298,5,0.028421971118286732,3.1977569150534233,True
0.8,0.0,0,2.0,2,0.0,1.4087242060713376,7,0.09015515381353664,3.1977569150534233,True
0.8,0.0,0,2.0,2,3.36,1.4665318339711921,7,0.12014895896659514,3.3504700099794933,True
0.8,0.0,5,0.75,1,0.0,0.3531817058648076,2,-0.46738325180396967,1.4949636554066466,False
0.8,0.0,5,0.75,1,3.36,0.44715260948842583,2,-0.36282177487762757,1.798587315363589,False
0.8,0.0,5,0.75,2,0.0,0.4785600529583896,2,-0.3274019839663148,1.798587315363589,False
0.8,0.0,5,0.75,2,3.36,0.500237913420835,2,-0.3081618235547114,2.0578912340031,False
0.8,0.0,5,1.0,1,0.0,0.4709089411530768,2,-0.35344660956900376,0.8209430799141849,False
0.8,0.0,5,1.0,1,3.36,0.596203479317901,2,-0.24888513264266166,1.2938112460706885,False
0.8,0.0,5,1.0,2,0.0,0.638080070611186,2,-0.2077801324980179,1.2938112460706885,False
0.8,0.0,5,1.0,2,3.36,0.6669838845611132,3,-0.1885399720864145,1.6352209454562976,False
0.8,0.0,5,1.33,1,0.0,0.6263088917335904,2,-0.2479473306142556,1.4858904527195067,False
0.8,0.0,5,1.33,1,3.36,0.7929506274928061,3,-0.14338585368791357,1.7910528851720098,False
0.8,0.0,5,1.33,2,0.0,0.8486464939128749,3,-0.09291725263541394,1.7910528851720098,False
0.8,0.0,5,1.33,2,3.36,0.8870885664662783,4,-0.07367709222381039,2.051309444594594,False
0.8,0.0,5,1.5,1,0.0,0.7063634117296153,3,-0.2066976614960702,1.942874337686432,False
0.8,0.0,5,1.5,1,3.36,0.8943052189768517,3,-0.10213618456972812,2.185122580552517,False
0.8,0.0,5,1.5,2,0.0,0.9571201059167792,4,-0.04613414913134347,2.185122580552517,False
0.8,0.0,5,1.5,2,3.36,1.00047582684167,5,-0.026893988719740074,2.4030731765887805,True
0.8,0.0,5,2.0,1,0.0,0.9418178823061536,4,-0.11923186743371003,3.1202329030706406,False
0.8,0.0,5,2.0,1,3.36,1.192406958635802,5,-0.01467039050736793,3.2765612109961624,True
0.8,0.0,5,2.0,2,0.0,1.276160141222372,5,0.036036637524691856,3.2765612109961624,True
0.8,0.0,5,2.0,2,3.36,1.3339677691222265,5,0.07900280075885288,3.425763180578109,True
0.8,0.0,10,0.75,1,0.0,0.3186479660073477,2,-0.5120703010330068,1.9404969919803436,False
0.8,0.0,10,0.75,1,3.36,0.41442157291062987,2,-0.3975528362917919,2.1830090645448,False
0.8,0.0,10,0.75,2,0.0,0.4419432355802915,2,-0.36197193677474243,2.1830090645448,False
0.8,0.0,10,0.75,2,3.36,0.463621096042737,2,-0.34117523837161456,2.401151510397618,False
0.8,0.0,10,1.0,1,0.0,0.4248639546764636,2,-0.3981336587980409,1.4847760051122012,False
0.8,0.0,10,1.0,1,3.36,0.552562097214173,2,-0.283616194056826,1.7901284270568263,False
0.8,0.0,10,1.0,2,0.0,0.5892576474403887,2,-0.24235008530644545,1.7901284270568263,False
0.8,0.0,10,1.0,2,3.36,0.6181614613903159,3,-0.2215533869033176,2.0505023251283934,False
0.8,0.0,10,1.33,1,0.0,0.5650690597196949,2,-0.2926343798432928,1.9335156276536634,False
0.8,0.0,10,1.33,1,3.36,0.7349075892948479,3,-0.1781169151020779,2.1768056142845964,False
0.8,0.0,10,1.33,2,0.0,0.7837126710957146,3,-0.12748720544384148,2.1768056142845964,False
0.8,0.0,10,1.33,2,3.36,0.8221547436491179,4,-0.1066905070407136,2.395513031144047,False
0.8,0.0,10,1.5,1,0.0,0.6372959320146954,3,-0.2513847107251074,2.303339518381615,False
0.8,0.0,10,1.5,1,3.36,0.8288431458212597,3,-0.13686724598389244,2.511050166153287,False
0.8,0.0,10,1.5,2,0.0,0.883886471160583,4,-0.08108485784256447,2.511050166153287,False
0.8,0.0,10,1.5,2,3.36,0.927242192085474,4,-0.05990740353664323,2.7028453409210176,False
0.8,0.0,10,2.0,1,0.0,0.8497279093529272,4,-0.16391891666274716,3.3565556176388016,False
0.8,0.0,10,2.0,1,3.36,1.105124194428346,5,-0.04940145192153222,3.5023514407184493,True
0.8,0.0,10,2.0,2,0.0,1.1785152948807773,5,-0.008650411704345301,3.5023514407184493,True
0.8,0.0,10,2.0,2,3.36,1.2363229227806318,5,0.04598938594194974,3.6423159684879893,True
0.8,0.0,15,0.75,1,0.0,0.29317628612631647,2,-0.5482526126489735,2.5132745540525465,False
0.8,0.0,15,0.75,1,3.36,0.38931864271108,2,-0.4250762510536812,2.704912010407737,False
0.8,0.0,15,0.75,2,0.0,0.4154373894912263,2,-0.38883284712007465,2.704912010407737,False
0.8,0.0,15,0.75,2,3.36,0.43711524995367185,2,-0.36674246941596444,2.883842746067827,False
0.8,0.0,15,1.0,1,0.0,0.3909017148350887,2,-0.43431597041400766,2.1807292801996794,False
0.8,0.0,15,1.0,1,3.36,0.5190915236147733,2,-0.31113960881871533,2.3990790302781213,False
0.8,0.0,15,1.0,2,0.0,0.5539165193216351,2,-0.26921099565177764,2.3990790302781213,False
0.8,0.0,15,1.0,2,3.36,0.5828203332715625,3,-0.24712061794766746,2.599149898239848,False
0.8,0.0,15,1.33,1,0.0,0.5198992807306664,2,-0.32881669145925957,2.5078881734527565,False
0.8,0.0,15,1.33,1,3.36,0.6903917264076466,3,-0.2056403298639672,2.6999079781622566,False
0.8,0.0,15,1.33,2,0.0,0.7367089706977726,3,-0.15434811578917365,2.6999079781622566,False
0.8,0.0,15,1.33,2,3.36,0.7751510432511759,4,-0.13225773808506344,2.879149716590682,False
0.8,0.0,15,1.5,1,0.0,0.5863525722526329,3,-0.2875670223410742,2.8029258543710562,False
0.8,0.0,15,1.5,1,3.36,0.77863728542216,3,-0.16439066074578174,2.975969311854831,False
0.8,0.0,15,1.5,2,0.0,0.8308747789824527,3,-0.11726716945853129,2.975969311854831,False
0.8,0.0,15,1.5,2,3.36,0.8742304999073437,4,-0.08547463458099312,3.1394893446389838,False
0.8,0.0,15,2.0,1,0.0,0.7818034296701774,3,-0.2001012282787139,3.7171879186376713,False
0.8,0.0,15,2.0,1,3.36,1.0381830472295466,5,-0.07692486668342159,3.849348779010011,True
0.8,0.0,15,2.0,2,0.0,1.1078330386432702,5,-0.04483272332031209,3.849348779010011,True
0.8,0.0,15,2.0,2,3.36,1.165640666543125,5,0.020422154897599902,3.977120317826186,True
0.8,0.1,-15,0.75,1,0.0,0.5719416157355223,2,-0.25122291687341614,2.562527850394611,False
0.8,0.1,-15,0.75,1,3.36,0.6454417515671745,2,-0.20273256537877207,2.7507360804061203,False
0.8,0.1,-15,0.75,2,0.0,0.9149318446557382,3,-0.05877806231796425,2.7507360804061203,False
0.8,0.1,-15,0.75,2,3.36,0.959895722834008,4,-0.03173924034580767,2.92686675201452,False
0.8,0.1,-15,1.0,1,0.0,0.7625888209806966,2,-0.13248385316487937,2.2373153987581214,False
0.8,0.1,-15,1.0,1,3.36,0.8605890020895659,2,-0.08363220090276607,2.450628530299974,False
0.8,0.1,-15,1.0,2,0.0,1.2199091262076507,6,0.051840793145436034,2.450628530299974,True
0.8,0.1,-15,1.0,2,3.36,1.2798609637786773,7,0.08318987528270169,2.6468056584343724,True
0.8,0.1,-15,1.33,1,0.0,1.0142431319043232,6,-0.01909168481946941,2.557245215176715,True
0.8,0.1,-15,1.33,1,3.36,1.1445833727791193,7,0.03036115501194921,2.745815560183204,True
0.8,0.1,-15,1.33,2,0.0,1.6224791378561736,7,0.1519959641864332,2.745815560183204,True
0.8,0.1,-15,1.33,2,3.36,1.702215081825639,7,0.19030518157936038,2.9222428185460916,True
0.8,0.1,-15,1.5,1,0.0,1.1438832314710445,7,0.026811875257852676,2.847172868847572,True
0.8,0.1,-15,1.5,1,3.36,1.290883503134349,7,0.07662379105753264,3.017680126372196,True
0.8,0.1,-15,1.5,2,0.0,1.8298636893114764,7,0.19016009718543508,3.017680126372196,True
0.8,0.1,-15,1.5,2,3.36,1.919791445668016,7,0.23249842354194833,3.1790554171171213,True
0.8,0.1,-15,2.0,1,0.0,1.5251776419613932,7,0.12971852027261316,3.75066474407749,True
0.8,0.1,-15,2.0,1,3.36,1.7211780041791318,7,0.18074843723050807,3.881685976797436,True
0.8,0.1,-15,2.0,2,0.0,2.4398182524153014,7,0.2774151293466925,3.881685976797436,True
0.8,0.1,-15,2.0,2,3.36,2.5597219275573546,7,0.32304284638162273,4.008426876277758,True
0.8,0.1,-10,0.75,1,0.0,0.45792159273819005,2,-0.3520428895357171,2.0038783835065344,False
0.8,0.1,-10,0.75,1,3.36,0.537271545335406,2,-0.2826401718518573,2.2395375808154596,False
0.8,0.1,-10,0.75,2,0.0,0.6629305168244662,2,-0.18561683606622867,2.2395375808154596,False
0.8,0.1,-10,0.75,2,3.36,0.7099465979155372,2,-0.16355426419947755,2.4526574518029953,False
0.8,0.1,-10,1.0,1,0.0,0.61056212365092,2,-0.23632043425046145,1.566703477163738,False
0.8,0.1,-10,1.0,1,3.36,0.7163620604472078,2,-0.16691771656660176,1.8586446097511344,False
0.8,0.1,-10,1.0,2,0.0,0.8839073557659551,2,-0.06581348451107362,1.8586446097511344,False
0.8,0.1,-10,1.0,2,3.36,0.9465954638873837,4,-0.04919718448701048,2.110582807036234,False
0.8,0.1,-10,1.33,1,0.0,0.8120476244557212,3,-0.12790763713840297,1.9971185949715002,False
0.8,0.1,-10,1.33,1,3.36,0.9527615403947839,4,-0.05850491945454314,2.233491142221285,False
0.8,0.1,-10,1.33,2,0.0,1.175596783168717,7,0.048514663050741084,2.233491142221285,True
0.8,0.1,-10,1.33,2,3.36,1.2589719669702202,7,0.06282647670525394,2.4471376508854052,True
0.8,0.1,-10,1.5,1,0.0,0.9158431854763801,4,-0.08495331354642535,2.3569838643780425,False
0.8,0.1,-10,1.5,1,3.36,1.074543090670812,5,-0.015550595862565589,2.5603462533295085,True
0.8,0.1,-10,1.5,2,0.0,1.3258610336489325,7,0.0901628945930065,2.5603462533295085,True
0.8,0.1,-10,1.5,2,3.36,1.4198931958310743,7,0.10979133181888308,2.748703864904048,True
0.8,0.1,-10,2.0,1,0.0,1.22112424730184,6,0.008093580625274488,3.393591845567554,True
0.8,0.1,-10,2.0,1,3.36,1.4327241208944157,6,0.07749629830913422,3.537861729110198,True
0.8,0.1,-10,2.0,2,0.0,1.7678147115319103,7,0.17593462504096752,3.537861729110198,True
0.8,0.1,-10,2.0,2,3.36,1.8931909277747674,7,0.21630882706155224,3.6764746176605922,True
0.8,0.1,-5,0.75,1,0.0,0.3833169159678037,2,-0.42927602686601984,1.5763617386205497,False
0.8,0.1,-5,0.75,1,3.36,0.46266686856501976,2,-0.3475656112602026,1.8667930605685255,False
0.8,0.1,-5,0.75,2,0.0,0.5740076689212316,2,-0.248167152769859,1.8667930605685255,False
0.8,0.1,-5,0.75,2,3.36,0.5948974136188013,2,-0.23264276672955103,2.1177621044363795,False
0.8,0.1,-5,1.0,1,0.0,0.5110892212904049,2,-0.31355357158076425,0.961221899697977,False
0.8,0.1,-5,1.0,1,3.36,0.6168891580866929,2,-0.23184315597494698,1.3870643606044342,False
0.8,0.1,-5,1.0,2,0.0,0.765343558561642,2,-0.12836380121470406,1.3870643606044342,False
0.8,0.1,-5,1.0,2,3.36,0.7931965514917351,2,-0.11283941517439607,1.7099554206057501,False
0.8,0.1,-5,1.33,1,0.0,0.6797486643162366,2,-0.20514077446870568,1.5677596874148092,False
0.8,0.1,-5,1.33,1,3.36,0.8204625802552993,3,-0.12343035886288842,1.8595350057159399,False
0.8,0.1,-5,1.33,2,0.0,1.0179069328869812,5,-0.017332913764341512,1.8595350057159399,True
0.8,0.1,-5,1.33,2,3.36,1.0549514134840048,5,0.0023265927410425734,2.1113669594561197,True
0.8,0.1,-5,1.5,1,0.0,0.7666338319356074,3,-0.16218645087672812,2.0061806229850023,False
0.8,0.1,-5,1.5,1,3.36,0.9253337371300395,4,-0.08047603527091082,2.2415977989015987,False
0.8,0.1,-5,1.5,2,0.0,1.1480153378424631,5,0.020831219234660373,2.2415977989015987,True
0.8,0.1,-5,1.5,2,3.36,1.1897948272376027,6,0.04929144785467178,2.454538794160828,True
0.8,0.1,-5,2.0,1,0.0,1.0221784425808098,5,-0.06913955670502826,3.1600400898413676,True
0.8,0.1,-5,2.0,1,3.36,1.2337783161733857,5,0.012570858900788975,3.3144914194193715,True
0.8,0.1,-5,2.0,2,0.0,1.530687117123284,7,0.09870148771066475,3.3144914194193715,True
0.8,0.1,-5,2.0,2,3.36,1.5863931029834701,7,0.15580894309734095,3.462059122748287,True
0.8,0.1,0,0.75,1,0.0,0.3301783741836627,2,-0.49408538746631153,1.4052445514408336,False
0.8,0.1,0,0.75,1,3.36,0.4095283267808787,2,-0.40055006520315944,1.7247354143039302,False
0.8,0.1,0,0.75,2,0.0,0.5090658462080042,2,-0.3003108867996808,1.7247354143039302,False
0.8,0.1,0,0.75,2,3.36,0.529955590905574,2,-0.28284536929783594,1.9936680389057124,False
0.8,0.1,0,1.0,1,0.0,0.4402378322448836,2,-0.3783629321810559,0.6432289318946519,False
0.8,0.1,0,1.0,1,3.36,0.5460377690411715,2,-0.2848276099179039,1.1890094443806303,False
0.8,0.1,0,1.0,2,0.0,0.6787544616106723,2,-0.18229744540563037,1.1890094443806303,False
0.8,0.1,0,1.0,2,3.36,0.7066074545407653,2,-0.16304201774268093,1.5536226886945024,False
0.8,0.1,0,1.33,1,0.0,0.5855163168856935,2,-0.26995013506899734,1.3955881755913266,False
0.8,0.1,0,1.33,1,3.36,0.7262302328247561,3,-0.1764148128058453,1.7168769192491136,False
0.8,0.1,0,1.33,2,0.0,0.9027434339421917,3,-0.0821422743646332,1.7168769192491136,False
0.8,0.1,0,1.33,2,3.36,0.9397879145392155,4,-0.04787600982724223,1.9868735127960027,False
0.8,0.1,0,1.5,1,0.0,0.6603567483673254,2,-0.2269958114770198,1.8747150744600733,False
0.8,0.1,0,1.5,1,3.36,0.8190566535617574,3,-0.13346048921386774,2.1247485993424817,False
0.8,0.1,0,1.5,2,0.0,1.0181316924160084,5,-0.043978141365631294,2.1247485993424817,True
0.8,0.1,0,1.5,2,3.36,1.059911181811148,5,-0.0009111547136131208,2.348309308930116,True
0.8,0.1,0,2.0,1,0.0,0.8804756644897672,4,-0.13394891730531988,3.078254259766725,False
0.8,0.1,0,2.0,1,3.36,1.092075538082343,5,-0.0404135950421679,3.236610771744416,True
0.8,0.1,0,2.0,2,0.0,1.3575089232213446,5,0.033892127110373094,3.236610771744416,True
0.8,0.1,0,2.0,2,3.36,1.4132149090815307,6,0.10560634052905608,3.3875727723212066,True
0.8,0.1,5,0.75,1,0.0,0.291494327933061,2,-0.5482039037551563,1.5763617386205497,False
0.8,0.1,5,0.75,1,3.36,0.37084428053027696,2,-0.44364242682881416,1.8667930605685255,False
0.8,0.1,5,0.75,2,0.0,0.4611616236793726,2,-0.34703481715787543,1.8667930605685255,False
0.8,0.1,5,0.75,2,3.36,0.4820513683769423,2,-0.32399152750557814,2.1177621044363795,False
0.8,0.1,5,1.0,1,0.0,0.3886591039107479,2,-0.4324814484699007,0.961221899697977,False
0.8,0.1,5,1.0,1,3.36,0.49445904070703595,2,-0.32791997154355856,1.3870643606044342,False
0.8,0.1,5,1.0,2,0.0,0.61488216490583,2,-0.23641596169447515,1.3870643606044342,False
0.8,0.1,5,1.0,2,3.36,0.642735157835923,2,-0.20418817595042316,1.7099554206057501,False
0.8,0.1,5,1.33,1,0.0,0.5169166082012934,2,-0.3240686513578421,1.5677596874148092,False
0.8,0.1,5,1.33,1,3.36,0.6576305241403559,3,-0.21950717443149997,1.8595350057159399,False
0.8,0.1,5,1.33,2,0.0,0.8177932793247518,3,-0.13626079065347793,1.8595350057159399,False
0.8,0.1,5,1.33,2,3.36,0.8548377599217755,4,-0.08902216803498444,2.1113669594561197,False
0.8,0.1,5,1.5,1,0.0,0.582988655866122,2,-0.2811143277658645,2.0061806229850023,False
0.8,0.1,5,1.5,1,3.36,0.7416885610605539,3,-0.17655285083952246,2.2415977989015987,False
0.8,0.1,5,1.5,2,0.0,0.9223232473587452,3,-0.09809665765447603,2.2415977989015987,False
0.8,0.1,5,1.5,2,3.36,0.9641027367538846,4,-0.04205731292135531,2.454538794160828,False
0.8,0.1,5,2.0,1,0.0,0.7773182078214959,4,-0.18806743359416472,3.1600400898413676,False
0.8,0.1,5,2.0,1,3.36,0.9889180814140719,4,-0.08350595666782255,3.3144914194193715,False
0.8,0.1,5,2.0,2,0.0,1.22976432981166,5,-0.020226389178471707,3.3144914194193715,True
0.8,0.1,5,2.0,2,3.36,1.285470315671846,5,0.06446018232131386,3.462059122748287,True
0.8,0.1,10,0.75,1,0.0,0.2629923157291257,2,-0.5928909529841935,2.0038783835065344,False
0.8,0.1,10,0.75,1,3.36,0.3423422683263417,2,-0.4783734882429785,2.2395375808154596,False
0.8,0.1,10,0.75,2,0.0,0.4250548144279026,2,-0.3917218663869126,2.2395375808154596,False
0.8,0.1,10,0.75,2,3.36,0.44676578435950026,2,-0.3570049423224813,2.4526574518029953,False
0.8,0.1,10,1.0,1,0.0,0.35065642097216754,2,-0.4771684976989378,1.566703477163738,False
0.8,0.1,10,1.0,1,3.36,0.4564563577684555,2,-0.3626510329577229,1.8586446097511344,False
0.8,0.1,10,1.0,2,0.0,0.5667397525705368,2,-0.2811030109235122,1.8586446097511344,False
0.8,0.1,10,1.0,2,3.36,0.5956877124793337,2,-0.2372015907673263,2.110582807036234,False
0.8,0.1,10,1.33,1,0.0,0.4663730398929815,2,-0.3687557005868793,1.9971185949715002,False
0.8,0.1,10,1.33,1,3.36,0.6070869558320441,3,-0.25423823584566435,2.233491142221285,False
0.8,0.1,10,1.33,2,0.0,0.7537638709188129,3,-0.18094783988251512,2.233491142221285,False
0.8,0.1,10,1.33,2,3.36,0.7922646575975116,3,-0.1220355828518877,2.4471376508854052,False
0.8,0.1,10,1.5,1,0.0,0.5259846314582514,2,-0.3258013769949017,2.3569838643780425,False
0.8,0.1,10,1.5,1,3.36,0.6846845366526834,3,-0.21128391225368676,2.5603462533295085,False
0.8,0.1,10,1.5,2,0.0,0.8501096288558052,3,-0.14278370688351322,2.5603462533295085,False
0.8,0.1,10,1.5,2,3.36,0.8935315687190005,4,-0.07507072773825849,2.748703864904048,False
0.8,0.1,10,2.0,1,0.0,0.7013128419443351,3,-0.23275448282320182,3.393591845567554,False
0.8,0.1,10,2.0,1,3.36,0.912912715536911,4,-0.11823701808198693,3.537861729110198,False
0.8,0.1,10,2.0,2,0.0,1.1334795051410735,5,-0.06491343840750877,3.537861729110198,True
0.8,0.1,10,2.0,2,3.36,1.1913754249586674,5,0.03144676750441071,3.6764746176605922,True
0.8,0.1,15,0.75,1,0.0,0.24196956714120935,1,-0.6290732646001602,2.562527850394611,False
0.8,0.1,15,0.75,1,3.36,0.3213195197384253,2,-0.5058969030048678,2.7507360804061203,False
0.8,0.1,15,0.75,2,0.0,0.3910773178800382,2,-0.4279041780028794,2.7507360804061203,False
0.8,0.1,15,0.75,2,3.36,0.4212235792718315,2,-0.38257217336683114,2.92686675201452,False
0.8,0.1,15,1.0,1,0.0,0.3226260895216124,2,-0.5133508093149046,2.2373153987581214,False
0.8,0.1,15,1.0,1,3.36,0.42842602631790033,2,-0.3901744477196122,2.450628530299974,False
0.8,0.1,15,1.0,2,0.0,0.5214364238400508,2,-0.31728532253947905,2.450628530299974,False
0.8,0.1,15,1.0,2,3.36,0.5616314390291087,2,-0.26276882181167616,2.6468056584343724,False
0.8,0.1,15,1.33,1,0.0,0.4290926990637433,2,-0.4049380122028461,2.557245215176715,False
0.8,0.1,15,1.33,1,3.36,0.5698066150028059,3,-0.28176165060755354,2.745815560183204,False
0.8,0.1,15,1.33,2,0.0,0.6935104437072669,3,-0.21713015149848186,2.745815560183204,False
0.8,0.1,15,1.33,2,3.36,0.7469698139087125,3,-0.14760281389623753,2.9222428185460916,False
0.8,0.1,15,1.5,1,0.0,0.4839391342824187,2,-0.3619836886108685,2.847172868847572,False
0.8,0.1,15,1.5,1,3.36,0.6426390394768506,3,-0.23880732701557603,3.017680126372196,False
0.8,0.1,15,1.5,2,0.0,0.7821546357600764,3,-0.17896601849948002,3.017680126372196,False
0.8,0.1,15,1.5,2,3.36,0.842447158543663,4,-0.10063795878260834,3.1790554171171213,False
0.8,0.1,15,2.0,1,0.0,0.6452521790432248,3,-0.2689367944391686,3.75066474407749,False
0.8,0.1,15,2.0,1,3.36,0.8568520526358007,3,-0.14576043284387621,3.881685976797436,False
0.8,0.1,15,2.0,2,0.0,1.0428728476801017,5,-0.10109575002347562,3.881685976797436,True
0.8,0.1,15,2.0,2,3.36,1.1232628780582175,5,0.005879536460060862,4.008426876277758,True
0.8,0.2,-15,0.75,1,0.0,0.4759338984634218,2,-0.3297767566394575,2.704912010407737,False
0.8,0.2,-15,0.75,1,3.36,0.5493250612972098,2,-0.2678301565956926,2.883842746067827,False
0.8,0.2,-15,0.75,2,0.0,0.7651023394620952,2,-0.13017758007680924,2.883842746067827,False
0.8,0.2,-15,0.75,2,3.36,0.7904689455144288,2,-0.11373874692279123,3.0523022432334623,False
0.8,0.2,-15,1.0,1,0.0,0.6345785312845625,2,-0.21014414961145275,2.3990790302781213,False
0.8,0.2,-15,1.0,1,3.36,0.7324334150629475,2,-0.14843795974496599,2.599149898239848,False
0.8,0.2,-15,1.0,2,0.0,1.020136452616127,6,-0.010163004464063555,2.599149898239848,True
0.8,0.2,-15,1.0,2,3.36,1.0539585940192386,6,0.002837058052438588,2.7848842334144184,True
0.8,0.2,-15,1.33,1,0.0,0.8439894466084656,3,-0.0952633137378701,2.6999079781622566,False
0.8,0.2,-15,1.33,1,3.36,0.9741364420337202,4,-0.03395826523905625,2.879149716590682,False
0.8,0.2,-15,1.33,2,0.0,1.3567814819794473,7,0.10535609617699533,2.879149716590682,True
0.8,0.2,-15,1.33,2,3.36,1.4017649300455859,7,0.11673155783477086,3.047868614383534,True
0.8,0.2,-15,1.5,1,0.0,0.9518677969268436,4,-0.04846944848906265,2.975969311854831,False
0.8,0.2,-15,1.5,1,3.36,1.0986501225944196,6,0.012595313914624727,3.1394893446389838,True
0.8,0.2,-15,1.5,2,0.0,1.5302046789241903,7,0.1525328617165294,3.1394893446389838,True
0.8,0.2,-15,1.5,2,3.36,1.5809378910288576,7,0.16390832337430497,3.2949041480901555,True
0.8,0.2,-15,2.0,1,0.0,1.269157062569125,7,0.057464067039558704,3.849348779010011,True
0.8,0.2,-15,2.0,1,3.36,1.464866830125895,7,0.11770962017739699,3.977120317826186,True
0.8,0.2,-15,2.0,2,0.0,2.040272905232254,7,0.25121476470116155,3.977120317826186,True
0.8,0.2,-15,2.0,2,3.36,2.1079171880384773,7,0.264130240408873,4.10091282795256,True
0.8,0.2,-10,0.75,1,0.0,0.3753805615213294,2,-0.43616381220737865,2.1830090645448,False
0.8,0.2,-10,0.75,1,3.36,0.4404275700812943,2,-0.3667610945235189,2.401151510397618,False
0.8,0.2,-10,0.75,2,0.0,0.5808581639783796,2,-0.24510771942549806,2.401151510397618,False
0.8,0.2,-10,0.75,2,3.36,0.653892123075947,2,-0.19128388236194951,2.6010629703805255,False
0.8,0.2,-10,1.0,1,0.0,0.5005074153617726,2,-0.31888920546658284,1.7901284270568263,False
0.8,0.2,-10,1.0,1,3.36,0.5872367601083923,2,-0.2494864877827231,2.0505023251283934,False
0.8,0.2,-10,1.0,2,0.0,0.774477551971173,2,-0.12679821300958455,2.0505023251283934,False
0.8,0.2,-10,1.0,2,3.36,0.8718561641012628,2,-0.07126930674920377,2.2813504301963228,False
0.8,0.2,-10,1.33,1,0.0,0.6656748624311554,2,-0.20792334177927402,2.1768056142845964,False
0.8,0.2,-10,1.33,1,3.36,0.7810248909441595,2,-0.13852062409541419,2.395513031144047,False
0.8,0.2,-10,1.33,2,0.0,1.0300551441216577,6,-0.014119479669486054,2.395513031144047,True
0.8,0.2,-10,1.33,2,3.36,1.1595686982546765,6,0.044249793891855044,2.595858756246368,True
0.8,0.2,-10,1.5,1,0.0,0.7507611230426589,3,-0.16346244358059786,2.511050166153287,False
0.8,0.2,-10,1.5,1,3.36,0.8808551401625886,4,-0.09405972589673808,2.7028453409210176,False
0.8,0.2,-10,1.5,2,0.0,1.1617163279567593,7,0.031127905056547875,2.7028453409210176,True
0.8,0.2,-10,1.5,2,3.36,1.307784246151894,7,0.09142655943138912,2.881904394135664,True
0.8,0.2,-10,2.0,1,0.0,1.0010148307235451,5,-0.06541106845560922,3.5023514407184493,True
0.8,0.2,-10,2.0,1,3.36,1.1744735202167846,5,0.003991649228250502,3.6423159684879893,True
0.8,0.2,-10,2.0,2,0.0,1.548955103942346,7,0.11506430794913178,3.6423159684879893,True
0.8,0.2,-10,2.0,2,3.36,1.7437123282025255,7,0.18446702563299158,3.7770975118869514,True
0.8,0.2,-5,0.75,1,0.0,0.3142234859383127,2,-0.5133969495376813,1.798587315363589,False
0.8,0.2,-5,0.75,1,3.36,0.3792704944982776,2,-0.4316865339318641,2.0578912340031,False
0.8,0.2,-5,0.75,2,0.0,0.5180726336187846,2,-0.3026575657581324,2.0578912340031,False
0.8,0.2,-5,0.75,2,3.36,0.56886108045082,2,-0.25178376632616084,2.2879939534419234,False
0.8,0.2,-5,1.0,1,0.0,0.41896464791775023,2,-0.39612234279688563,1.2938112460706885,False
0.8,0.2,-5,1.0,1,3.36,0.5056939926643701,2,-0.31441192719106836,1.6352209454562976,False
0.8,0.2,-5,1.0,2,0.0,0.6907635114917128,2,-0.1898819819861503,1.6352209454562976,False
0.8,0.2,-5,1.0,2,3.36,0.7584814406010932,2,-0.13176919071341514,1.9167544288351046,False
0.8,0.2,-5,1.33,1,0.0,0.5572229817306061,2,-0.2851564791095767,1.7910528851720098,False
0.8,0.2,-5,1.33,1,3.36,0.6725730102436103,2,-0.2034460635037594,2.051309444594594,False
0.8,0.2,-5,1.33,2,0.0,0.9187154702839768,3,-0.08626309681513708,2.051309444594594,False
0.8,0.2,-5,1.33,2,3.36,1.0087803159994515,5,-0.016250090072356265,2.2820759052851374,True
0.8,0.2,-5,1.5,1,0.0,0.6284469718766253,2,-0.24069558091090063,2.185122580552517,False
0.8,0.2,-5,1.5,1,3.36,0.7585409889965552,3,-0.15898516530508333,2.4030731765887805,False
0.8,0.2,-5,1.5,2,0.0,1.0361452672375693,5,-0.046105232273754806,2.4030731765887805,True
0.8,0.2,-5,1.5,2,3.36,1.13772216090164,5,0.03092667546717782,2.6028370467704063,True
0.8,0.2,-5,2.0,1,0.0,0.8379292958355005,4,-0.14264420578591197,3.2765612109961624,False
0.8,0.2,-5,2.0,1,3.36,1.0113879853287402,5,-0.06093379018009473,3.425763180578109,True
0.8,0.2,-5,2.0,2,0.0,1.3815270229834256,6,0.03783117061882907,3.425763180578109,True
0.8,0.2,-5,2.0,2,3.36,1.5169628812021865,6,0.11954158622464628,3.5687327399799273,True
0.8,0.2,0,0.75,1,0.0,0.27066324337783576,2,-0.5782063101379731,1.650670242463391,False
0.8,0.2,0,0.75,1,3.36,0.3357102519378007,2,-0.484670987874821,1.9299513593233768,False
0.8,0.2,0,0.75,2,0.0,0.4462531465521504,2,-0.3674669263584241,1.9299513593233768,False
0.8,0.2,0,0.75,2,3.36,0.5067615073322111,2,-0.3019863688944456,2.173640321983872,False
0.8,0.2,0,1.0,1,0.0,0.36088432450378105,2,-0.4609317033971772,1.0787694187482026,False
0.8,0.2,0,1.0,1,3.36,0.44761366925040086,2,-0.36739638113402523,1.4709668449106306,False
0.8,0.2,0,1.0,2,0.0,0.5950041954028673,2,-0.25469134258644194,1.4709668449106306,False
0.8,0.2,0,1.0,2,3.36,0.6756820097762815,2,-0.18197179328169996,1.7786915018705,False
0.8,0.2,0,1.33,1,0.0,0.4799761515900273,2,-0.34996583970986833,1.642457413709813,False
0.8,0.2,0,1.33,1,3.36,0.5953261801030314,2,-0.2564305174467163,1.9229317085768616,False
0.8,0.2,0,1.33,2,0.0,0.7913555798858125,2,-0.1510724574154287,1.9229317085768616,False
0.8,0.2,0,1.33,2,3.36,0.898657073002452,3,-0.06645269264064112,2.167410057153544,False
0.8,0.2,0,1.5,1,0.0,0.5413264867556715,2,-0.3055049415111923,2.0650802915160074,False
0.8,0.2,0,1.5,1,3.36,0.6714205038756014,3,-0.21196961924804023,2.294462161467876,False
0.8,0.2,0,1.5,2,0.0,0.8925062931043009,3,-0.11091459287404654,2.294462161467876,False
0.8,0.2,0,1.5,2,3.36,1.0135230146644223,5,-0.01927592710110696,2.502909628893508,True
0.8,0.2,0,2.0,1,0.0,0.7217686490075621,4,-0.2074535663862036,3.1977569150534233,False
0.8,0.2,0,2.0,1,3.36,0.8952273385008017,4,-0.11391824412305163,3.3504700099794933,False
0.8,0.2,0,2.0,2,0.0,1.1900083908057346,5,-0.026978189981462578,3.3504700099794933,True
0.8,0.2,0,2.0,2,3.36,1.351364019552563,5,0.06655713228168941,3.496519596366076,True
0.8,0.2,5,0.75,1,0.0,0.23895205256755606,2,-0.6323248264268178,1.798587315363589,False
0.8,0.2,5,0.75,1,3.36,0.30399906112752095,2,-0.5277633495004757,2.0578912340031,False
0.8,0.2,5,0.75,2,0.0,0.39396965765503267,2,-0.4215854426472688,2.0578912340031,False
0.8,0.2,5,0.75,2,3.36,0.4609538652716662,2,-0.3431325271021879,2.2879939534419234,False
0.8,0.2,5,1.0,1,0.0,0.3186027367567414,2,-0.5150502196860219,1.2938112460706885,False
0.8,0.2,5,1.0,1,3.36,0.40533208150336125,2,-0.4104887427596799,1.6352209454562976,False
0.8,0.2,5,1.0,2,0.0,0.5252928768733768,2,-0.30880985887528684,1.6352209454562976,False
0.8,0.2,5,1.0,2,3.36,0.6146051536955549,2,-0.22311795148944222,1.9167544288351046,False
0.8,0.2,5,1.33,1,0.0,0.4237416398864648,2,-0.40408435599871306,1.7910528851720098,False
0.8,0.2,5,1.33,1,3.36,0.5390916683994689,2,-0.29952287907237096,2.051309444594594,False
0.8,0.2,5,1.33,2,0.0,0.6986395262415904,2,-0.20519097370427347,2.051309444594594,False
0.8,0.2,5,1.33,2,3.36,0.8174248544150862,3,-0.10759885084838325,2.2820759052851374,False
0.8,0.2,5,1.5,1,0.0,0.4779041051351121,2,-0.359623457800037,2.185122580552517,False
0.8,0.2,5,1.5,1,3.36,0.6079981222550419,3,-0.2550619808736949,2.4030731765887805,False
0.8,0.2,5,1.5,2,0.0,0.7879393153100653,3,-0.16503310916289127,2.4030731765887805,False
0.8,0.2,5,1.5,2,3.36,0.9219077305433324,4,-0.06047163223654915,2.6028370467704063,False
0.8,0.2,5,2.0,1,0.0,0.6372054735134828,4,-0.2615720826750484,3.2765612109961624,False
0.8,0.2,5,2.0,1,3.36,0.8106641630067225,4,-0.1570106057487063,3.425763180578109,False
0.8,0.2,5,2.0,2,0.0,1.0505857537467536,5,-0.08109670627030745,3.425763180578109,True
0.8,0.2,5,2.0,2,3.36,1.2292103073911098,5,0.023464770656034722,3.5687327399799273,True
0.8,0.2,10,0.75,1,0.0,0.21558756939998008,1,-0.6770118756558549,2.1830090645448,False
0.8,0.2,10,0.75,1,3.36,0.280634577959945,2,-0.5624944109146399,2.401151510397618,False
0.8,0.2,10,0.75,2,0.0,0.3554477142948086,2,-0.466272491876306,2.401151510397618,False
0.8,0.2,10,0.75,2,3.36,0.4272125932657967,2,-0.37614594191909106,2.6010629703805255,False
0.8,0.2,10,1.0,1,0.0,0.2874500925333068,2,-0.5597372689150591,1.7901284270568263,False
0.8,0.2,10,1.0,1,3.36,0.37417943727992664,2,-0.4452198041738442,2.0505023251283934,False
0.8,0.2,10,1.0,2,0.0,0.47393028572641144,2,-0.35349690810432394,2.0505023251283934,False
0.8,0.2,10,1.0,2,3.36,0.5696167910210622,2,-0.25613136630634536,2.2813504301963228,False
0.8,0.2,10,1.33,1,0.0,0.3823086230692968,2,-0.4487714052277503,2.1768056142845964,False
0.8,0.2,10,1.33,1,3.36,0.4976586515823009,2,-0.3342539404865354,2.395513031144047,False
0.8,0.2,10,1.33,2,0.0,0.6303272800161265,2,-0.2498780229333106,2.395513031144047,False
0.8,0.2,10,1.33,2,3.36,0.7575903320580109,3,-0.1406122656652865,2.595858756246368,False
0.8,0.2,10,1.5,1,0.0,0.43117513879996017,2,-0.4043105070290741,2.511050166153287,False
0.8,0.2,10,1.5,1,3.36,0.56126915591989,3,-0.2897930422878592,2.7028453409210176,False
0.8,0.2,10,1.5,2,0.0,0.7108954285896172,3,-0.2097201583919284,2.7028453409210176,False
0.8,0.2,10,1.5,2,3.36,0.8544251865315934,3,-0.09520269365071349,2.881904394135664,False
0.8,0.2,10,2.0,1,0.0,0.5749001850666136,3,-0.3062591319040855,3.5023514407184493,False
0.8,0.2,10,2.0,1,3.36,0.7483588745598533,3,-0.1917416671628706,3.6423159684879893,False
0.8,0.2,10,2.0,2,0.0,0.9478605714528229,4,-0.1257837554993445,3.6423159684879893,False
0.8,0.2,10,2.0,2,3.36,1.1392335820421244,5,-0.011266290758129613,3.7770975118869514,True
0.8,0.2,15,0.75,1,0.0,0.19835420173442506,1,-0.7131941872718217,2.704912010407737,False
0.8,0.2,15,0.75,1,3.36,0.26340121029438995,2,-0.5900178256765293,2.883842746067827,False
0.8,0.2,15,0.75,2,0.0,0.32703438247158634,2,-0.5024548034922728,2.883842746067827,False
0.8,0.2,15,0.75,2,3.36,0.40278827060000977,2,-0.40171317296344095,3.0523022432334623,False
0.8,0.2,15,1.0,1,0.0,0.2644722689792334,2,-0.5959195805310259,2.3990790302781213,False
0.8,0.2,15,1.0,1,3.36,0.35120161372585323,2,-0.47274321893573357,2.599149898239848,False
0.8,0.2,15,1.0,2,0.0,0.4360458432954485,2,-0.3896792197202907,2.599149898239848,False
0.8,0.2,15,1.0,2,3.36,0.5370510274666798,2,-0.2816985973506952,2.7848842334144184,False
0.8,0.2,15,1.33,1,0.0,0.35174811774237935,2,-0.4849537168437171,2.6999079781622566,False
0.8,0.2,15,1.33,1,3.36,0.46709814625538343,2,-0.36177735524842464,2.879149716590682,False
0.8,0.2,15,1.33,2,0.0,0.5799409715829458,2,-0.2860603345492774,2.879149716590682,False
0.8,0.2,15,1.33,2,3.36,0.7142778665306823,3,-0.16617949670963633,3.047868614383534,False
0.8,0.2,15,1.5,1,0.0,0.3967084034688501,2,-0.440492818645041,2.975969311854831,False
0.8,0.2,15,1.5,1,3.36,0.5268024205887799,3,-0.31731645704974853,3.1394893446389838,False
0.8,0.2,15,1.5,2,0.0,0.6540687649431727,3,-0.24590247000789522,3.1394893446389838,False
0.8,0.2,15,1.5,2,3.36,0.8055765412000195,3,-0.12272610841260279,3.2949041480901555,False
0.8,0.2,15,2.0,1,0.0,0.5289445379584669,3,-0.34244144352005235,3.849348779010011,False
0.8,0.2,15,2.0,1,3.36,0.7024032274517065,3,-0.2192650819247599,3.977120317826186,False
0.8,0.2,15,2.0,2,0.0,0.872091686590897,4,-0.16196606711531128,3.977120317826186,False
0.8,0.2,15,2.0,2,3.36,1.0741020549333595,5,-0.03878970552001894,4.10091282795256,True
0.8,0.3,-15,0.75,1,0.0,0.4241373435538512,2,-0.37905767535596213,2.92686675201452,False
0.8,0.3,-15,0.75,1,3.36,0.4463876794531954,2,-0.3565771557842218,3.0929838318439407,False
0.8,0.3,-15,0.75,2,0.0,0.6452730153095027,2,-0.19986972738963416,3.0929838318439407,False
0.8,0.3,-15,0.75,2,3.36,0.7232427398108754,2,-0.15500505036367482,3.250622860937274,False
0.8,0.3,-15,1.0,1,0.0,0.5655164580718016,2,-0.2588812158547591,2.6468056584343724,False
0.8,0.3,-15,1.0,1,3.36,0.5951835726042614,2,-0.23620350690311967,2.829413400957911,False
0.8,0.3,-15,1.0,2,0.0,0.8603640204126705,2,-0.0818698050688636,2.829413400957911,False
0.8,0.3,-15,1.0,2,3.36,0.964323653081167,3,-0.04030434036846079,3.0009298881380437,False
0.8,0.3,-15,1.33,1,0.0,0.7521368892354938,3,-0.1430912678308854,2.9222428185460916,False
0.8,0.3,-15,1.33,1,3.36,0.7915941515636676,3,-0.12008336772333614,3.0886086010603875,False
0.8,0.3,-15,1.33,2,0.0,1.1442841471488505,6,0.030295649386519026,3.0886086010603875,True
0.8,0.3,-15,1.33,2,3.36,1.2825504585979508,7,0.066438352076167,3.2464600860851816,True
0.8,0.3,-15,1.5,1,0.0,0.8482746871077024,3,-0.09575180596589845,3.1790554171171213,False
0.8,0.3,-15,1.5,1,3.36,0.8927753589063908,4,-0.07254539137355936,3.3326255932975304,False
0.8,0.3,-15,1.5,2,0.0,1.2905460306190053,7,0.07546850218394131,3.3326255932975304,True
0.8,0.3,-15,1.5,2,3.36,1.4464854796217508,7,0.1084136008429731,3.479424283570734,True
0.8,0.3,-15,2.0,1,0.0,1.1310329161436032,7,0.012048040141308086,4.008426876277758,True
0.8,0.3,-15,2.0,1,3.36,1.1903671452085227,7,0.035935649632781896,4.131281401994527,True
0.8,0.3,-15,2.0,2,0.0,1.720728040825341,7,0.1759082685441325,4.131281401994527,True
0.8,0.3,-15,2.0,2,3.36,1.928647306162334,7,0.20164397722597052,4.250586550402881,True
0.8,0.3,-10,0.75,1,0.0,0.30595279520340557,2,-0.5231081797934825,2.452657451802995,False
0.8,0.3,-10,0.75,1,3.36,0.35896916346681734,2,-0.45370546210962265,2.648684310348208,False
0.8,0.3,-10,0.75,2,0.0,0.5131190638758358,2,-0.30407098282341616,2.648684310348208,False
0.8,0.3,-10,0.75,2,3.36,0.6020337908530242,2,-0.23466826513955635,2.831170884260567,False
0.8,0.3,-10,1.0,1,0.0,0.4079370602712074,2,-0.4045030733874525,2.1105828070362334,False
0.8,0.3,-10,1.0,1,3.36,0.47862555128908973,2,-0.33510035570359276,2.3354999005259978,False
0.8,0.3,-10,1.0,2,0.0,0.6841587518344477,2,-0.18937027282820207,2.3354999005259978,False
0.8,0.3,-10,1.0,2,3.36,0.8027117211373656,2,-0.11996755514434226,2.5405825681045964,False
0.8,0.3,-10,1.33,1,0.0,0.5425562901607043,2,-0.29133354453783794,2.4471376508854052,False
0.8,0.3,-10,1.33,1,3.36,0.6365719832144876,2,-0.2219308268539782,2.6435738465911895,False
0.8,0.3,-10,1.33,2,0.0,0.9099311399398146,3,-0.08262758038357432,2.6435738465911895,False
0.8,0.3,-10,1.33,2,3.36,1.0676065891126951,5,-0.013224862699714499,2.826390398083913,True
0.8,0.3,-10,1.5,1,0.0,0.6119055904068111,2,-0.24556280051022997,2.748703864904048,False
0.8,0.3,-10,1.5,1,3.36,0.7179383269336347,3,-0.1761600828263702,2.9249569119798076,False
0.8,0.3,-10,1.5,2,0.0,1.0262381277516717,5,-0.04065233161676825,2.9249569119798076,True
0.8,0.3,-10,1.5,2,3.36,1.2040675817060484,5,0.028750386067091564,3.091176626616223,True
0.8,0.3,-10,2.0,1,0.0,0.8158741205424148,4,-0.1431057141639376,3.6764746176605922,False
0.8,0.3,-10,2.0,1,3.36,0.9572511025781795,4,-0.07370299648007787,3.8100479805774885,False
0.8,0.3,-10,2.0,2,0.0,1.3683175036688955,7,0.04917849073125642,3.8100479805774885,True
0.8,0.3,-10,2.0,2,3.36,1.605423442274731,7,0.11858120841511623,3.939094517056248,True
0.8,0.3,-5,0.75,1,0.0,0.25610690508789746,2,-0.6003413171237851,2.117762104436379,False
0.8,0.3,-5,0.75,1,3.36,0.3091232733513093,2,-0.5186309015179679,2.341989822989588,False
0.8,0.3,-5,0.75,2,0.0,0.4295216041529296,2,-0.38130412015371884,2.341989822989588,False
0.8,0.3,-5,0.75,2,3.36,0.518436331130118,2,-0.2995937045479016,2.5465498877867683,False
0.8,0.3,-5,1.0,1,0.0,0.34147587345052993,2,-0.48173621071775524,1.70995542060575,False
0.8,0.3,-5,1.0,1,3.36,0.4121643644684123,2,-0.40002579511193803,1.9808956409813685,False
0.8,0.3,-5,1.0,2,0.0,0.572695472203906,2,-0.2666034101585048,1.9808956409813685,False
0.8,0.3,-5,1.0,2,3.36,0.6912484415068239,2,-0.18489299455268757,2.218996967203648,False
0.8,0.3,-5,1.33,1,0.0,0.45416291168920353,2,-0.3685666818681407,2.1113669594561197,False
0.8,0.3,-5,1.33,1,3.36,0.5481786047429869,2,-0.28685626626232347,2.3362085603564977,False
0.8,0.3,-5,1.33,2,0.0,0.7616849780311943,2,-0.159860717713877,2.3362085603564977,False
0.8,0.3,-5,1.33,2,3.36,0.919360427204075,3,-0.07815030210805972,2.5412340383134686,False
0.8,0.3,-5,1.5,1,0.0,0.5122138101757949,2,-0.32279593784053273,2.454538794160828,False
0.8,0.3,-5,1.5,1,3.36,0.6182465467026186,2,-0.24108552223471544,2.650426511345012,False
0.8,0.3,-5,1.5,2,0.0,0.8590432083058592,4,-0.11788546894707091,2.650426511345012,False
0.8,0.3,-5,1.5,2,3.36,1.036872662260236,5,-0.03617505334125368,2.8328008564035154,True
0.8,0.3,-5,2.0,1,0.0,0.6829517469010599,4,-0.22033885149424037,3.4620591227482866,False
0.8,0.3,-5,2.0,1,3.36,0.8243287289368246,4,-0.13862843588842313,3.603588956776929,False
0.8,0.3,-5,2.0,2,0.0,1.145390944407812,5,-0.0280546465990463,3.603588956776929,True
0.8,0.3,-5,2.0,2,3.36,1.3824968830136477,5,0.05365576900677092,3.7397664859459656,True
0.8,0.3,0,0.75,1,0.0,0.22060326068738956,2,-0.6651506777240768,1.9936680389057124,False
0.8,0.3,0,0.75,1,3.36,0.27361962895080133,2,-0.5716153554609248,2.230406296923085,False
0.8,0.3,0,0.75,2,0.0,0.36997778868669845,2,-0.4461134807540105,2.230406296923085,False
0.8,0.3,0,0.75,2,3.36,0.45889251566388684,2,-0.3525781584908585,2.444322452000584,False
0.8,0.3,0,1.0,1,0.0,0.29413768091651943,2,-0.5465455713180469,1.5536226886945022,False
0.8,0.3,0,1.0,1,3.36,0.36482617193440176,2,-0.4530102490548949,1.8476318515403263,False
0.8,0.3,0,1.0,2,0.0,0.49330371824893127,2,-0.33141277075879644,1.8476318515403263,False
0.8,0.3,0,1.0,2,3.36,0.6118566875518491,2,-0.2378774484956444,2.100891110654318,False
0.8,0.3,0,1.33,1,0.0,0.3912031156189697,2,-0.4333760424684323,1.9868735127960024,False
0.8,0.3,0,1.33,1,3.36,0.48521880867275297,2,-0.33984072020528033,2.224335036780729,False
0.8,0.3,0,1.33,2,0.0,0.6560939452710779,2,-0.22467007831416866,2.224335036780729,False
0.8,0.3,0,1.33,2,3.36,0.8137693944439585,3,-0.13113475605101663,2.438783786203756,False
0.8,0.3,0,1.5,1,0.0,0.4412065213747791,2,-0.38760529844082436,2.3483093089301157,False
0.8,0.3,0,1.5,1,3.36,0.5472392579016027,2,-0.2940699761776724,2.5523629464493953,False
0.8,0.3,0,1.5,2,0.0,0.7399555773733969,3,-0.18269482954736263,2.5523629464493953,False
0.8,0.3,0,1.5,2,3.36,0.9177850313277737,3,-0.08915950728421058,2.741269160518142,False
0.8,0.3,0,2.0,1,0.0,0.5882753618330389,4,-0.28514821209453195,3.3875727723212066,False
0.8,0.3,0,2.0,1,3.36,0.7296523438688035,4,-0.19161288983138003,3.5320885164123483,False
0.8,0.3,0,2.0,2,0.0,0.9866074364978625,4,-0.09286400719933792,3.5320885164123483,False
0.8,0.3,0,2.0,2,3.36,1.2237133751036982,5,0.0006713150638140847,3.6709194063302433,True
0.8,0.3,5,0.75,1,0.0,0.19475715020070591,1,-0.7192691940129216,2.117762104436379,False
0.8,0.3,5,0.75,1,3.36,0.2477735184641177,2,-0.6147077170865795,2.341989822989588,False
0.8,0.3,5,0.75,2,0.0,0.3266308010935911,2,-0.5002319970428553,2.341989822989588,False
0.8,0.3,5,0.75,2,3.36,0.4155455280707795,2,-0.39567052011651316,2.5465498877867683,False
0.8,0.3,5,1.0,1,0.0,0.25967620026760785,2,-0.6006640876068917,1.70995542060575,False
0.8,0.3,5,1.0,1,3.36,0.33036469128549023,2,-0.4961026106805496,1.9808956409813685,False
0.8,0.3,5,1.0,2,0.0,0.4355077347914547,2,-0.3855312870476413,1.9808956409813685,False
0.8,0.3,5,1.0,2,3.36,0.5540607040943726,2,-0.2809698101212991,2.218996967203648,False
0.8,0.3,5,1.33,1,0.0,0.3453693463559175,2,-0.4874945587572771,2.1113669594561197,False
0.8,0.3,5,1.33,1,3.36,0.4393850394097008,2,-0.382933081830935,2.3362085603564977,False
0.8,0.3,5,1.33,2,0.0,0.5792252872726343,2,-0.27878859460301336,2.3362085603564977,False
0.8,0.3,5,1.33,2,3.36,0.7369007364455148,3,-0.17422711767667134,2.5412340383134686,False
0.8,0.3,5,1.5,1,0.0,0.38951430040141183,2,-0.4417238147296691,2.454538794160828,False
0.8,0.3,5,1.5,1,3.36,0.4955470369282354,2,-0.33716233780332705,2.650426511345012,False
0.8,0.3,5,1.5,2,0.0,0.6532616021871822,3,-0.23681334583620736,2.650426511345012,False
0.8,0.3,5,1.5,2,3.36,0.831091056141559,3,-0.13225186890986526,2.8328008564035154,False
0.8,0.3,5,2.0,1,0.0,0.5193524005352157,3,-0.3392667283833768,3.4620591227482866,False
0.8,0.3,5,2.0,1,3.36,0.6607293825709805,3,-0.2347052514570347,3.603588956776929,False
0.8,0.3,5,2.0,2,0.0,0.8710154695829094,4,-0.14698252348818275,3.603588956776929,False
0.8,0.3,5,2.0,2,3.36,1.1081214081887452,5,-0.04242104656184061,3.7397664859459656,True
0.8,0.3,10,0.75,1,0.0,0.1757139986197293,1,-0.7639562432419588,2.452657451802995,False
0.8,0.3,10,0.75,1,3.36,0.2287303668831411,2,-0.6494387785007438,2.648684310348208,False
0.8,0.3,10,0.75,2,0.0,0.2946931810892369,2,-0.5449190462718925,2.648684310348208,False
0.8,0.3,10,0.75,2,3.36,0.38360790806642536,2,-0.4304015815306775,2.831170884260567,False
0.8,0.3,10,1.0,1,0.0,0.23428533149297237,2,-0.6453511368359289,2.1105828070362334,False
0.8,0.3,10,1.0,1,3.36,0.30497382251085475,2,-0.530833672094714,2.3354999005259978,False
0.8,0.3,10,1.0,2,0.0,0.39292424145231586,2,-0.4302183362766784,2.3354999005259978,False
0.8,0.3,10,1.0,2,3.36,0.5114772107552337,2,-0.3157008715354635,2.5405825681045964,False
0.8,0.3,10,1.33,1,0.0,0.31159949088565236,2,-0.5321816079863143,2.4471376508854052,False
0.8,0.3,10,1.33,1,3.36,0.4056151839394357,2,-0.4176641432450994,2.6435738465911895,False
0.8,0.3,10,1.33,2,0.0,0.5225892411315796,2,-0.32347564383205063,2.6435738465911895,False
0.8,0.3,10,1.33,2,3.36,0.6802646903044601,3,-0.2089581790908357,2.826390398083913,False
0.8,0.3,10,1.5,1,0.0,0.3514279972394586,2,-0.48641086395870625,2.748703864904048,False
0.8,0.3,10,1.5,1,3.36,0.4574607337662822,2,-0.37189339921749137,2.9249569119798076,False
0.8,0.3,10,1.5,2,0.0,0.5893863621784738,3,-0.2815003950652445,2.9249569119798076,False
0.8,0.3,10,1.5,2,3.36,0.7672158161328507,3,-0.16698293032402955,3.091176626616223,False
0.8,0.3,10,2.0,1,0.0,0.46857066298594474,3,-0.38395377761241395,3.6764746176605922,False
0.8,0.3,10,2.0,1,3.36,0.6099476450217095,3,-0.26943631287119907,3.8100479805774885,False
0.8,0.3,10,2.0,2,0.0,0.7858484829046317,4,-0.19166957271721985,3.8100479805774885,False
0.8,0.3,10,2.0,2,3.36,1.0229544215104673,5,-0.07715210797600498,3.939094517056248,True
0.8,0.3,15,0.75,1,0.0,0.1616679942483896,1,-0.8001385548579255,2.92686675201452,False
0.8,0.3,15,0.75,1,3.36,0.21468436251180137,2,-0.6769621932626332,3.0929838318439407,False
0.8,0.3,15,0.75,2,0.0,0.2711363686423164,1,-0.5811013578878592,3.0929838318439407,False
0.8,0.3,15,0.75,2,3.36,0.3600510956195047,2,-0.4579249962925668,3.250622860937274,False
0.8,0.3,15,1.0,1,0.0,0.21555732566451946,2,-0.6815334484518957,2.6468056584343724,False
0.8,0.3,15,1.0,1,3.36,0.2862458166824018,2,-0.5583570868566033,2.829413400957911,False
0.8,0.3,15,1.0,2,0.0,0.36151515818975516,2,-0.4664006478926451,2.829413400957911,False
0.8,0.3,15,1.0,2,3.36,0.48006812749267286,2,-0.3432242862973528,3.0009298881380437,False
0.8,0.3,15,1.33,1,0.0,0.28669124313381006,2,-0.568363919602281,2.9222428185460916,False
0.8,0.3,15,1.33,1,3.36,0.3807069361875934,2,-0.4451875580069886,3.0886086010603875,False
0.8,0.3,15,1.33,2,0.0,0.4808151603923739,2,-0.3596579554480174,3.0886086010603875,False
0.8,0.3,15,1.33,2,3.36,0.6384906095652544,3,-0.2364815938527249,3.2464600860851816,False
0.8,0.3,15,1.5,1,0.0,0.3233359884967792,2,-0.5225931755746731,3.1790554171171213,False
0.8,0.3,15,1.5,1,3.36,0.42936872502360274,2,-0.39941681397938067,3.3326255932975304,False
0.8,0.3,15,1.5,2,0.0,0.5422727372846328,3,-0.31768270668121124,3.3326255932975304,False
0.8,0.3,15,1.5,2,3.36,0.7201021912390094,3,-0.1945063450859189,3.479424283570734,False
0.8,0.3,15,2.0,1,0.0,0.4311146513290389,3,-0.42013608922838075,4.008426876277758,False
0.8,0.3,15,2.0,1,3.36,0.5724916333648036,3,-0.29695972763308837,4.131281401994527,False
0.8,0.3,15,2.0,2,0.0,0.7230303163795103,3,-0.2278518843331866,4.131281401994527,False
0.8,0.3,15,2.0,2,3.36,0.9601362549853457,4,-0.10467552273789427,4.250586550402881,False
0.92,-0.3,-15,0.75,1,0.0,1.1067876145201683,5,0.01996232251350085,2.8987593079146277,True
0.92,-0.3,-15,0.75,1,3.36,1.2057533625942463,5,0.06394957911318289,3.0663994399330448,True
0.92,-0.3,-15,0.75,2,0.0,1.5738552968165547,5,0.16351437923525663,3.0663994399330448,True
0.92,-0.3,-15,0.75,2,3.36,1.794464999031828,5,0.22048457107452596,3.2253380482085428,True
0.92,-0.3,-15,1.0,1,0.0,1.4757168193602241,5,0.1278888547312417,2.615690489085793,True
0.92,-0.3,-15,1.0,1,3.36,1.6076711501256618,7,0.17654409885770328,2.8003279691303797,True
0.92,-0.3,-15,1.0,2,0.0,2.098473729088739,6,0.2651753351054331,2.8003279691303797,True
0.92,-0.3,-15,1.0,2,3.36,2.3926199987091032,7,0.3221455269447024,2.973522613785521,True
0.92,-0.3,-15,1.33,1,0.0,1.9627033697490925,7,0.22377380220458182,2.8940904670928775,True
0.92,-0.3,-15,1.33,1,3.36,2.138202629667124,7,0.2798707309727304,3.0619862233063477,True
0.92,-0.3,-15,1.33,2,0.0,2.7909700596880187,8,0.35135397001328994,3.0619862233063477,True
0.92,-0.3,-15,1.33,2,3.36,3.182184598283102,8,0.40832416185255915,3.2211425972343837,True
0.92,-0.3,-15,1.5,1,0.0,2.2135752290403365,7,0.2595111980049007,3.1531967725271093,True
0.92,-0.3,-15,1.5,1,3.36,2.4115067251884925,7,0.3164813898441699,3.3079676368240634,True
0.92,-0.3,-15,1.5,2,0.0,3.1477105936331093,8,0.38186899536878566,3.3079676368240634,True
0.92,-0.3,-15,1.5,2,3.36,3.588929998063656,8,0.438839187208055,3.4558139252968147,True
0.92,-0.3,-15,2.0,1,0.0,2.9514336387204483,8,0.33129426496718495,3.9879496691457286,True
0.92,-0.3,-15,2.0,1,3.36,3.2153423002513235,8,0.3882644568064543,4.111416126304843,True
0.92,-0.3,-15,2.0,2,0.0,4.196947458177478,8,0.4443702923214111,4.111416126304843,True
0.92,-0.3,-15,2.0,2,3.36,4.7852399974182065,8,0.5013404841606804,4.231281432809631,True
0.92,-0.3,-10,0.75,1,0.0,0.770760095075069,2,-0.13038968100603823,2.41904632387609,False
0.92,-0.3,-10,0.75,1,3.36,0.773523543609395,3,-0.12883536585244723,2.6175914725293605,False
0.92,-0.3,-10,0.75,2,0.0,1.163028972077708,5,0.04013880231505709,2.6175914725293605,True
0.92,-0.3,-10,0.75,2,3.36,1.1671988437781284,5,0.04169311746864811,2.80210369491538,True
0.92,-0.3,-10,1.0,1,0.0,1.027680126766759,5,-0.017795161261517707,2.071428571428571,True
0.92,-0.3,-10,1.0,1,3.36,1.0313647248125268,5,-0.016240846107926782,2.300177455443517,True
0.92,-0.3,-10,1.0,2,0.0,1.5507052961036107,5,0.14714935357913367,2.300177455443517,True
0.92,-0.3,-10,1.0,2,3.36,1.5562651250375046,6,0.1487036687327247,2.508149980868491,True
0.92,-0.3,-10,1.33,1,0.0,1.3668145685997852,7,0.08553147085350932,2.4134496521689868,True
0.92,-0.3,-10,1.33,1,3.36,1.3717150840006567,7,0.08900559194345317,2.6124201851070215,True
0.92,-0.3,-10,1.33,2,0.0,2.0624380438177994,8,0.24159511801903183,2.6124201851070215,True
0.92,-0.3,-10,1.33,2,3.36,2.069832616299878,8,0.24314943317262283,2.7972735339173758,True
0.92,-0.3,-10,1.5,1,0.0,1.541520190150138,7,0.1255202404976623,2.718755133900829,True
0.92,-0.3,-10,1.5,1,3.36,1.54704708721879,7,0.1342301929686526,2.896830937095245,True
0.92,-0.3,-10,1.5,2,0.0,2.326057944155416,8,0.27652242573234725,2.896830937095245,True
0.92,-0.3,-10,1.5,2,3.36,2.334397687556257,8,0.2780767408859383,3.064576557717577,True
0.92,-0.3,-10,2.0,1,0.0,2.055360253533518,7,0.20891316591004042,3.654137676042908,True
0.92,-0.3,-10,2.0,1,3.36,2.0627294496250537,8,0.23484414380866223,3.788498667741123,True
0.92,-0.3,-10,2.0,2,0.0,3.1014105922072215,8,0.34656832713970087,3.788498667741123,True
0.92,-0.3,-10,2.0,2,3.36,3.112530250075009,8,0.3481226422932918,3.9182549885728806,True
0.92,-0.3,-5,0.75,1,0.0,0.591279025545243,2,-0.23942991621856705,2.078743099125158,False
0.92,-0.3,-5,0.75,1,3.36,0.6172356026152045,2,-0.2274435221229941,2.3067667572081203,False
0.92,-0.3,-5,0.75,2,0.0,0.8186055319853279,3,-0.11237705600557762,2.3067667572081203,False
0.92,-0.3,-5,0.75,2,3.36,0.8227754036857482,3,-0.11010267522563756,2.5141942789212743,False
0.92,-0.3,-5,1.0,1,0.0,0.7883720340603243,2,-0.12724160859610806,1.6613861928018578,False
0.92,-0.3,-5,1.0,1,3.36,0.8229808034869405,3,-0.11525521450053507,1.9391245657854608,False
0.92,-0.3,-5,1.0,2,0.0,1.091474042647104,5,-0.005366504741501028,1.9391245657854608,True
0.92,-0.3,-5,1.0,2,3.36,1.0970338715809975,6,0.007328923870174083,2.181789192757323,True
0.92,-0.3,-5,1.33,1,0.0,1.048534805300228,5,-0.024569664115005867,2.0722275402707697,True
0.92,-0.3,-5,1.33,1,3.36,1.0945644686376308,5,-0.012583270019432914,2.300896994360383,True
0.92,-0.3,-5,1.33,2,0.0,1.4516604767206462,8,0.08907925969839715,2.300896994360383,True
0.92,-0.3,-5,1.33,2,3.36,1.4590550492027248,8,0.1185540831830844,2.5088098729590183,True
0.92,-0.3,-5,1.5,1,0.0,1.182558051090486,7,0.015040891740758427,2.420953785848494,True
0.92,-0.3,-5,1.5,1,3.36,1.234471205230409,7,0.027027285836331377,2.619354354266363,True
0.92,-0.3,-5,1.5,2,0.0,1.6372110639706559,8,0.12400656741171255,2.619354354266363,True
0.92,-0.3,-5,1.5,2,3.36,1.6455508073714964,8,0.16310161577034776,2.8037505654416113,True
0.92,-0.3,-5,2.0,1,0.0,1.5767440681206486,7,0.11195436612191637,3.438329523268284,True
0.92,-0.3,-5,2.0,1,3.36,1.645961606973881,7,0.12747875216222435,3.5807973847424406,True
0.92,-0.3,-5,2.0,2,0.0,2.182948085294208,8,0.19405246881906615,3.5807973847424406,True
0.92,-0.3,-5,2.0,2,3.36,2.194067743161995,8,0.2332776604664749,3.7178098271130415,True
0.92,-0.3,0,0.75,1,0.0,0.4738017783500463,2,-0.3310211103599219,1.9521702770321583,False
0.92,-0.3,0,0.75,1,3.36,0.49324444624991337,2,-0.31355559285807694,2.1933920740551183,False
0.92,-0.3,0,0.75,2,0.0,0.6437513690653632,2,-0.20949607400567694,2.1933920740551183,False
0.92,-0.3,0,0.75,2,3.36,0.6787737002409211,3,-0.1936210393405596,2.4105951112801614,False
0.92,-0.3,0,1.0,1,0.0,0.6317357044667283,2,-0.21088309547750733,1.4999999999999998,False
0.92,-0.3,0,1.0,1,3.36,0.657659261666551,3,-0.1934175779756625,1.8027756377319943,False
0.92,-0.3,0,1.0,2,0.0,0.8583351587538178,3,-0.10241394042530458,1.8027756377319943,False
0.92,-0.3,0,1.0,2,3.36,0.9050316003212291,4,-0.0865389057601872,2.06155281280883,False
0.92,-0.3,0,1.33,1,0.0,0.840208486940746,4,-0.09515748740273901,1.9452308081623608,False
0.92,-0.3,0,1.33,1,3.36,0.8746868180165103,4,-0.07769196990089403,2.187218072580782,False
0.92,-0.3,0,1.33,2,0.0,1.1415857611425746,6,-0.00785595579519402,2.187218072580782,True
0.92,-0.3,0,1.33,2,3.36,1.2036920284272343,6,0.008019078869923327,2.404978772676381,True
0.92,-0.3,0,1.5,1,0.0,0.9476035567000926,4,-0.047856685587906914,2.313182472608139,False
0.92,-0.3,0,1.5,1,3.36,0.9864888924998267,4,-0.030391168086061963,2.520081973186885,False
0.92,-0.3,0,1.5,2,0.0,1.2875027381307265,8,0.02713437730141674,2.520081973186885,True
0.92,-0.3,0,1.5,2,3.36,1.3575474004818422,8,0.043009411966534045,2.7112383059372527,True
0.92,-0.3,0,2.0,1,0.0,1.2634714089334567,7,0.05981063209209462,3.3633176818352517,True
0.92,-0.3,0,2.0,1,3.36,1.315318523333102,7,0.07727614959393947,3.5088325450134623,True
0.92,-0.3,0,2.0,2,0.0,1.7166703175076357,8,0.09731042199754394,3.5088325450134623,True
0.92,-0.3,0,2.0,2,3.36,1.8100632006424582,8,0.11318545666266133,3.6485484550634175,True
0.92,-0.3,5,0.75,1,0.0,0.4292159826349906,2,-0.37394191147742256,2.078743099125158,False
0.92,-0.3,5,0.75,1,3.36,0.4486586505348576,2,-0.35470175106581914,2.3067667572081203,False
0.92,-0.3,5,0.75,2,0.0,0.5166895368356017,2,-0.31211637914021073,2.3067667572081203,False
0.92,-0.3,5,0.75,2,3.36,0.5410531692766818,3,-0.2921061008347079,2.5141942789212743,False
0.92,-0.3,5,1.0,1,0.0,0.572287976846654,2,-0.2538038965950081,1.6613861928018578,False
0.92,-0.3,5,1.0,1,3.36,0.5982115340464768,2,-0.23456373618340465,1.9391245657854608,False
0.92,-0.3,5,1.0,2,0.0,0.6889193824474695,3,-0.1982806839872758,1.9391245657854608,False
0.92,-0.3,5,1.0,2,3.36,0.7214042257022429,4,-0.17475683413624715,2.181789192757323,False
0.92,-0.3,5,1.33,1,0.0,0.7611430092060475,4,-0.13807828852023976,2.0722275402707697,False
0.92,-0.3,5,1.33,1,3.36,0.7956213402818118,4,-0.1188381281086362,2.300896994360383,False
0.92,-0.3,5,1.33,2,0.0,0.9162627786551345,4,-0.08693094456536579,2.300896994360383,False
0.92,-0.3,5,1.33,2,3.36,0.959467620183983,4,-0.06340709471433724,2.5088098729590183,False
0.92,-0.3,5,1.5,1,0.0,0.8584319652699812,4,-0.09077748670540761,2.420953785848494,False
0.92,-0.3,5,1.5,1,3.36,0.8973173010697152,4,-0.0715373262938042,2.619354354266363,False
0.92,-0.3,5,1.5,2,0.0,1.0333790736712034,5,-0.04224249794523899,2.619354354266363,True
0.92,-0.3,5,1.5,2,3.36,1.0821063385533636,6,-0.018718648094210404,2.8037505654416113,True
0.92,-0.3,5,2.0,1,0.0,1.144575953693308,5,0.016889830974593824,3.438329523268284,True
0.92,-0.3,5,2.0,1,3.36,1.1964230680929535,5,0.03612999138619732,3.5807973847424406,True
0.92,-0.3,5,2.0,2,0.0,1.377838764894939,8,0.05657059996205231,3.5807973847424406,True
0.92,-0.3,5,2.0,2,3.36,1.4428084514044859,8,0.08009444981308096,3.7178098271130415,True
0.92,-0.3,10,0.75,1,0.0,0.3963747056526159,2,-0.40851186428585023,2.41904632387609,False
0.92,-0.3,10,0.75,1,3.36,0.41581737355248294,2,-0.38771516588272237,2.6175914725293605,False
0.92,-0.3,10,0.75,2,0.0,0.4745807901464984,2,-0.3339975479546002,2.6175914725293605,False
0.92,-0.3,10,0.75,2,3.36,0.5021268277517722,2,-0.3094942774447725,2.80210369491538,False
0.92,-0.3,10,1.0,1,0.0,0.5284996075368212,2,-0.28837384940343563,2.071428571428571,False
0.92,-0.3,10,1.0,1,3.36,0.5544231647366439,2,-0.2675771510003078,2.300177455443517,False
0.92,-0.3,10,1.0,2,0.0,0.6327743868619978,2,-0.21649056287859544,2.300177455443517,False
0.92,-0.3,10,1.0,2,3.36,0.669502437002363,4,-0.1919872923687677,2.508149980868491,False
0.92,-0.3,10,1.33,1,0.0,0.70290447802397,3,-0.17264824132866727,2.4134496521689868,False
0.92,-0.3,10,1.33,1,3.36,0.7373828090997341,4,-0.15185154292553946,2.6124201851070215,False
0.92,-0.3,10,1.33,2,0.0,0.8415899345264571,4,-0.10514082345668549,2.6124201851070215,False
0.92,-0.3,10,1.33,2,3.36,0.8904382412131427,4,-0.08063755294685779,2.7972735339173758,False
0.92,-0.3,10,1.5,1,0.0,0.7927494113052318,4,-0.12534743951383526,2.718755133900829,False
0.92,-0.3,10,1.5,1,3.36,0.8316347471049659,4,-0.10455074111070739,2.896830937095245,False
0.92,-0.3,10,1.5,2,0.0,0.9491615802929968,4,-0.060452376836558644,2.896830937095245,False
0.92,-0.3,10,1.5,2,3.36,1.0042536555035444,5,-0.035949106326730984,3.064576557717577,True
0.92,-0.3,10,2.0,1,0.0,1.0569992150736425,5,-0.017680121833833676,3.654137676042908,True
0.92,-0.3,10,2.0,1,3.36,1.1088463294732878,5,0.0031165765692941355,3.788498667741123,True
0.92,-0.3,10,2.0,2,0.0,1.2655487737239957,8,0.038360721070732684,3.788498667741123,True
0.92,-0.3,10,2.0,2,3.36,1.339004874004726,8,0.06286399158056043,3.9182549885728806,True
0.92,-0.3,15,0.75,1,0.0,0.37260186313397986,2,-0.4353727746311824,2.8987593079146277,False
0.92,-0.3,15,0.75,1,3.36,0.3920445310338469,2,-0.41328239692707225,3.0663994399330448,False
0.92,-0.3,15,0.75,2,0.0,0.4623539902273232,2,-0.3453330929801217,3.0663994399330448,False
0.92,-0.3,15,0.75,2,3.36,0.48990002783259706,2,-0.32020023889822274,3.2253380482085428,False
0.92,-0.3,15,1.0,1,0.0,0.49680248417863976,2,-0.3152347597487679,2.615690489085793,False
0.92,-0.3,15,1.0,1,3.36,0.5227260413784626,2,-0.2931443820446577,2.8003279691303797,False
0.92,-0.3,15,1.0,2,0.0,0.6164719869697644,2,-0.22782610790411692,2.8003279691303797,False
0.92,-0.3,15,1.0,2,3.36,0.6532000371101293,4,-0.20269325382221803,2.973522613785521,False
0.92,-0.3,15,1.33,1,0.0,0.660747303957589,3,-0.19950915167399944,2.8940904670928775,False
0.92,-0.3,15,1.33,1,3.36,0.6952256350333531,4,-0.17741877396988925,3.0619862233063477,False
0.92,-0.3,15,1.33,2,0.0,0.8199077426697866,4,-0.11647636848220698,3.0619862233063477,False
0.92,-0.3,15,1.33,2,3.36,0.8687560493564721,4,-0.09134351440030805,3.2211425972343837,False
0.92,-0.3,15,1.5,1,0.0,0.7452037262679597,3,-0.15220834985916745,3.1531967725271093,False
0.92,-0.3,15,1.5,1,3.36,0.7840890620676938,4,-0.1301179721550573,3.3079676368240634,False
0.92,-0.3,15,1.5,2,0.0,0.9247079804546464,4,-0.07178792186208022,3.3079676368240634,False
0.92,-0.3,15,1.5,2,3.36,0.9798000556651941,4,-0.046655067780181206,3.4558139252968147,False
0.92,-0.3,15,2.0,1,0.0,0.9936049683572795,4,-0.04454103217916594,3.9879496691457286,False
0.92,-0.3,15,2.0,1,3.36,1.0454520827569251,5,-0.022450654475055704,4.111416126304843,True
0.92,-0.3,15,2.0,2,0.0,1.2329439739395287,6,0.02702517604521118,4.111416126304843,True
0.92,-0.3,15,2.0,2,3.36,1.3064000742202586,7,0.05215803012711007,4.231281432809631,True
0.92,-0.2,-15,0.75,1,0.0,0.9450438654754285,4,-0.04533659822448049,2.6744729434454357,False
0.92,-0.2,-15,0.75,1,3.36,1.0094080255586246,5,-0.010574764241946632,2.8553118087560403,True
0.92,-0.2,-15,0.75,2,0.0,1.3877475916533384,5,0.11254882222160341,2.8553118087560403,True
0.92,-0.2,-15,0.75,2,3.36,1.566112170379798,5,0.16951901406087266,3.0253603959233835,True
0.92,-0.2,-15,1.0,1,0.0,1.2600584873005714,5,0.06485470556935413,2.3647064796066926,True
0.92,-0.2,-15,1.0,1,3.36,1.3458773674114997,5,0.10387918160581405,2.5674572508016325,True
0.92,-0.2,-15,1.0,2,0.0,1.8503301222044508,6,0.21666016715938075,2.5674572508016325,True
0.92,-0.2,-15,1.0,2,3.36,2.0881495605063973,7,0.27363035899865,2.75532878885513,True
0.92,-0.2,-15,1.33,1,0.0,1.6758777881097549,7,0.16432775994807866,2.669411851273211,True
0.92,-0.2,-15,1.33,1,3.36,1.790016898657289,7,0.21021978377462924,2.8505718078515176,True
0.92,-0.2,-15,1.33,2,0.0,2.4609390625319163,8,0.30659634574308,2.8505718078515176,True
0.92,-0.2,-15,1.33,2,3.36,2.777238915473505,8,0.36356653758234925,3.0208872259185493,True
0.92,-0.2,-15,1.5,1,0.0,1.890087730950857,7,0.20210193263268778,2.9483300165136503,True
0.92,-0.2,-15,1.5,1,3.36,2.0188160511172493,7,0.251960083137983,3.113302087217908,True
0.92,-0.2,-15,1.5,2,0.0,2.7754951833066768,8,0.3390107012162568,3.113302087217908,True
0.92,-0.2,-15,1.5,2,3.36,3.132224340759596,8,0.39598089305552603,3.2699617560875818,True
0.92,-0.2,-15,2.0,1,0.0,2.5201169746011427,7,0.27890018864279364,3.828020710973169,True
0.92,-0.2,-15,2.0,1,3.36,2.6917547348229993,7,0.33587038048206286,3.9564810834426503,True
0.92,-0.2,-15,2.0,2,0.0,3.7006602444089016,8,0.40451954192843637,3.9564810834426503,True
0.92,-0.2,-15,2.0,2,3.36,4.176299121012795,8,0.4614897337677057,4.080899724771429,True
0.92,-0.2,-10,0.75,1,0.0,0.6452492274831131,2,-0.20491402436116768,2.1451771761461633,False
0.92,-0.2,-10,0.75,1,3.36,0.7024640934691259,2,-0.16247575294470512,2.3668090580058263,False
0.92,-0.2,-10,0.75,2,0.0,1.001114160480564,5,-0.021639399075879782,2.3668090580058263,True
0.92,-0.2,-10,0.75,2,3.36,1.0047035101071862,5,-0.02008508392228881,2.5693939201800933,True
0.92,-0.2,-10,1.0,1,0.0,0.8603323033108174,3,-0.09046007851340704,1.743793659390529,False
0.92,-0.2,-10,1.0,1,3.36,0.9366187912921681,3,-0.044110791562953555,2.0101781827814698,False
0.92,-0.2,-10,1.0,2,0.0,1.3348188806407522,5,0.08763702029274328,2.0101781827814698,True
0.92,-0.2,-10,1.0,2,3.36,1.3396046801429151,6,0.08919133544633426,2.245176235071673,True
0.92,-0.2,-10,1.33,1,0.0,1.1442419634033836,7,0.015880523655408103,2.1388640030526966,True
0.92,-0.2,-10,1.33,1,3.36,1.2457029924185796,7,0.06865996350370604,2.3610885674947912,True
0.92,-0.2,-10,1.33,2,0.0,1.775309111252198,7,0.1856555211281373,2.3610885674947912,True
0.92,-0.2,-10,1.33,2,3.36,1.7816742245900747,7,0.18720983628172833,2.5641254305424694,True
0.92,-0.2,-10,1.5,1,0.0,1.2904984549662262,7,0.057620823018762,2.478231118784549,True
0.92,-0.2,-10,1.5,1,3.36,1.4049281869382517,7,0.11344339647241962,2.672382734211572,True
0.92,-0.2,-10,1.5,2,0.0,2.002228320961128,8,0.22260108015266286,2.672382734211572,True
0.92,-0.2,-10,1.5,2,3.36,2.0094070202143723,8,0.22415539530625386,2.8533540751389608,True
0.92,-0.2,-10,2.0,1,0.0,1.720664606621635,7,0.16248913939819232,3.478896686519487,True
0.92,-0.2,-10,2.0,1,3.36,1.8732375825843361,7,0.20102822949087493,3.6197682461003304,True
0.92,-0.2,-10,2.0,2,0.0,2.6696377612815043,8,0.29724327179179744,3.6197682461003304,True
0.92,-0.2,-10,2.0,2,3.36,2.6792093602858302,8,0.2987975869453884,3.75535912470116,True
0.92,-0.2,-5,0.75,1,0.0,0.5182937042363784,2,-0.29185395328080543,1.7524762115819057,False
0.92,-0.2,-5,0.75,1,3.36,0.53715586191487,2,-0.27632956724049745,2.017714764816987,False
0.92,-0.2,-5,0.75,2,0.0,0.704640735178075,2,-0.17415525739651447,2.017714764816987,False
0.92,-0.2,-5,0.75,2,3.36,0.7711091528325505,3,-0.12859889088730764,2.2519264801854586,False
0.92,-0.2,-5,1.0,1,0.0,0.6910582723151711,2,-0.17158115551111353,1.228903609577518,False
0.92,-0.2,-5,1.0,1,3.36,0.7162078158864933,3,-0.15605676947080552,1.5843623580584882,False
0.92,-0.2,-5,1.0,2,0.0,0.9395209802374335,4,-0.06487883802789142,1.5843623580584882,False
0.92,-0.2,-5,1.0,2,3.36,1.0281455371100674,5,-0.01949053063699566,1.8735538640862859,True
0.92,-0.2,-5,1.33,1,0.0,0.9191075021791748,3,-0.05562992788266716,1.7447426683200724,False
0.92,-0.2,-5,1.33,1,3.36,0.9525563951290331,4,-0.04010554184235917,2.0110014864879253,False
0.92,-0.2,-5,1.33,2,0.0,1.249562903715785,6,0.03313966280750266,2.0110014864879253,True
0.92,-0.2,-5,1.33,2,3.36,1.367433564356386,7,0.07826152664925443,2.245913395181712,True
0.92,-0.2,-5,1.5,1,0.0,1.0365874084727569,6,-0.008193526379538314,2.1473279286625404,True
0.92,-0.2,-5,1.5,1,3.36,1.07431172382974,6,0.007330859660769622,2.3687585848317587,True
0.92,-0.2,-5,1.5,2,0.0,1.40928147035615,7,0.0700852218320282,2.3687585848317587,True
0.92,-0.2,-5,1.5,2,3.36,1.542218305665101,7,0.11505573555621383,2.571189847758068,True
0.92,-0.2,-5,2.0,1,0.0,1.3821165446303423,7,0.09993882269456188,3.2514781116560365,True
0.92,-0.2,-5,2.0,1,3.36,1.4324156317729866,7,0.11546320873486988,3.4017804030504823,True
0.92,-0.2,-5,2.0,2,0.0,1.879041960474867,8,0.16200147173983953,3.4017804030504823,True
0.92,-0.2,-5,2.0,2,3.36,2.056291074220135,8,0.18932157924791873,3.5457171221881625,True
0.92,-0.2,0,0.75,1,0.0,0.45965522312138196,2,-0.34399768731062724,1.6003027184029321,False
0.92,-0.2,0,0.75,1,3.36,0.4785173807998736,2,-0.3265321698087823,1.887052937924057,False
0.92,-0.2,0,0.75,2,0.0,0.5725357332559924,2,-0.2645661293562387,1.887052937924057,False
0.92,-0.2,0,0.75,2,3.36,0.5938511910259661,3,-0.24869109469112136,2.135642477225019,False
0.92,-0.2,0,1.0,1,0.0,0.6128736308285093,2,-0.22372488954093522,1.0,False
0.92,-0.2,0,1.0,1,3.36,0.6380231743998314,2,-0.20625937203909042,1.4142135623730951,False
0.92,-0.2,0,1.0,2,0.0,0.7633809776746571,3,-0.15545776910592662,1.4142135623730951,False
0.92,-0.2,0,1.0,2,3.36,0.7918015880346222,4,-0.1395827344408092,1.7320508075688772,False
0.92,-0.2,0,1.33,1,0.0,0.8151219290019147,2,-0.10777366191248897,1.591830046526322,False
0.92,-0.2,0,1.33,1,3.36,0.8485708219517732,4,-0.090308144410644,1.8798731066282086,False
0.92,-0.2,0,1.33,2,0.0,1.015296700307294,5,-0.05770571181967654,1.8798731066282086,True
0.92,-0.2,0,1.33,2,3.36,1.0530961120860474,5,-0.041830677154559195,2.1293010348525154,True
0.92,-0.2,0,1.5,1,0.0,0.9193104462427639,4,-0.06033726040936012,2.025046456647724,False
0.92,-0.2,0,1.5,1,3.36,0.9570347615997472,4,-0.042871742907515206,2.2584979857377565,False
0.92,-0.2,0,1.5,2,0.0,1.1450714665119848,6,-0.020911502912717185,2.2584979857377565,True
0.92,-0.2,0,1.5,2,3.36,1.1877023820519321,7,-0.0050364682475998734,2.469982419285915,True
0.92,-0.2,0,2.0,1,0.0,1.2257472616570186,6,0.044761950091727176,3.1720507292516067,True
0.92,-0.2,0,2.0,1,3.36,1.2760463487996627,6,0.06526060616658497,3.3259443514505245,True
0.92,-0.2,0,2.0,2,0.0,1.5267619553493141,8,0.07446844054609547,3.3259443514505245,True
0.92,-0.2,0,2.0,2,3.36,1.5836031760692444,8,0.09193395804794027,3.4730254575723527,True
0.92,-0.2,5,0.75,1,0.0,0.41640064955516126,2,-0.3869184884281279,1.7524762115819057,False
0.92,-0.2,5,0.75,1,3.36,0.43526280723365285,2,-0.3676783280165245,2.017714764816987,False
0.92,-0.2,5,0.75,2,0.0,0.4520456475134047,2,-0.3580731763660417,2.017714764816987,False
0.92,-0.2,5,0.75,2,3.36,0.47336110528337855,2,-0.3388330159544383,2.2519264801854586,False
0.92,-0.2,5,1.0,1,0.0,0.5552008660735482,2,-0.2666456906584361,1.228903609577518,False
0.92,-0.2,5,1.0,1,3.36,0.5803504096448704,2,-0.2474055302468326,1.5843623580584882,False
0.92,-0.2,5,1.0,2,0.0,0.6027275300178734,2,-0.2381052782305203,1.5843623580584882,False
0.92,-0.2,5,1.0,2,3.36,0.6311481403778385,4,-0.21886511781891685,1.8735538640862859,False
0.92,-0.2,5,1.33,1,0.0,0.7384171518778169,2,-0.1506944630299897,1.7447426683200724,False
0.92,-0.2,5,1.33,1,3.36,0.7718660448276753,4,-0.13145430261838623,2.0110014864879253,False
0.92,-0.2,5,1.33,2,0.0,0.8016276149237717,4,-0.12266423578662004,2.0110014864879253,False
0.92,-0.2,5,1.33,2,3.36,0.8394270267025253,4,-0.10342407537501655,2.245913395181712,False
0.92,-0.2,5,1.5,1,0.0,0.8328012991103225,3,-0.10325806152686084,2.1473279286625404,False
0.92,-0.2,5,1.5,1,3.36,0.8705256144673057,4,-0.0840179011152574,2.3687585848317587,False
0.92,-0.2,5,1.5,2,0.0,0.9040912950268094,4,-0.07553433583159408,2.3687585848317587,False
0.92,-0.2,5,1.5,2,3.36,0.9467222105667571,4,-0.05629417541999068,2.571189847758068,False
0.92,-0.2,5,2.0,1,0.0,1.1104017321470965,5,-0.009356566197117624,3.2514781116560365,True
0.92,-0.2,5,2.0,1,3.36,1.1607008192897408,5,0.024114447958842794,3.4017804030504823,True
0.92,-0.2,5,2.0,2,0.0,1.2054550600357468,8,0.0315476394285947,3.4017804030504823,True
0.92,-0.2,5,2.0,2,3.36,1.262296280755677,8,0.05078779984019815,3.5457171221881625,True
0.92,-0.2,10,0.75,1,0.0,0.3845399322917241,2,-0.42148844123655554,2.1451771761461633,False
0.92,-0.2,10,0.75,1,3.36,0.4034020899702157,2,-0.40069174283342773,2.3668090580058263,False
0.92,-0.2,10,0.75,2,0.0,0.41135046781055445,2,-0.3926431291744693,2.3668090580058263,False
0.92,-0.2,10,0.75,2,3.36,0.4315277153040028,2,-0.37184643077134144,2.5693939201800933,False
0.92,-0.2,10,1.0,1,0.0,0.5127199097222988,2,-0.30121564346686364,1.743793659390529,False
0.92,-0.2,10,1.0,1,3.36,0.5378694532936209,2,-0.28041894506373577,2.0101781827814698,False
0.92,-0.2,10,1.0,2,0.0,0.5484672904140726,2,-0.27267523103894786,2.0101781827814698,False
0.92,-0.2,10,1.0,2,3.36,0.5753702870720037,4,-0.25187853263582,2.245176235071673,False
0.92,-0.2,10,1.33,1,0.0,0.6819174799306552,2,-0.1852644158384173,2.1388640030526966,False
0.92,-0.2,10,1.33,1,3.36,0.7153663728805136,4,-0.1644677174352894,2.3610885674947912,False
0.92,-0.2,10,1.33,2,0.0,0.7294614962507144,4,-0.15723418859504765,2.3610885674947912,False
0.92,-0.2,10,1.33,2,3.36,0.7652424818057626,4,-0.1364374901919198,2.5641254305424694,False
0.92,-0.2,10,1.5,1,0.0,0.7690798645834482,3,-0.13782801433528843,2.478231118784549,False
0.92,-0.2,10,1.5,1,3.36,0.8068041799404314,4,-0.11703131593216062,2.672382734211572,False
0.92,-0.2,10,1.5,2,0.0,0.8227009356211089,4,-0.11010428864002171,2.672382734211572,False
0.92,-0.2,10,1.5,2,3.36,0.8630554306080056,4,-0.0893075902368938,2.8533540751389608,False
0.92,-0.2,10,2.0,1,0.0,1.0254398194445975,5,-0.05404361542615471,3.478896686519487,True
0.92,-0.2,10,2.0,1,3.36,1.0757389065872418,5,-0.008898966858060388,3.6197682461003304,True
0.92,-0.2,10,2.0,2,0.0,1.0969345808281452,6,-0.003022313379832886,3.6197682461003304,True
0.92,-0.2,10,2.0,2,3.36,1.1507405741440073,7,0.017774385023294967,3.75535912470116,True
0.92,-0.2,15,0.75,1,0.0,0.3614768883534213,2,-0.44834935158188777,2.6744729434454357,False
0.92,-0.2,15,0.75,1,3.36,0.38033904603191293,2,-0.42625897387777756,2.8553118087560403,False
0.92,-0.2,15,0.75,2,0.0,0.3866794437725123,2,-0.41950403951980153,2.8553118087560403,False
0.92,-0.2,15,0.75,2,3.36,0.40685669126596063,2,-0.3974136618156913,3.0253603959233835,False
0.92,-0.2,15,1.0,1,0.0,0.48196918447122833,2,-0.32807655381219586,2.3647064796066926,False
0.92,-0.2,15,1.0,1,3.36,0.5071187280425505,2,-0.30598617610808565,2.5674572508016325,False
0.92,-0.2,15,1.0,2,0.0,0.515572591696683,2,-0.2995361413842801,2.5674572508016325,False
0.92,-0.2,15,1.0,2,3.36,0.5424755883546141,4,-0.27744576368016993,2.75532878885513,False
0.92,-0.2,15,1.33,1,0.0,0.6410190153467318,2,-0.21212532618374944,2.669411851273211,False
0.92,-0.2,15,1.33,1,3.36,0.6744679082965902,3,-0.19003494847963925,2.8505718078515176,False
0.92,-0.2,15,1.33,2,0.0,0.6857115469565865,4,-0.1840950989403798,2.8505718078515176,False
0.92,-0.2,15,1.33,2,3.36,0.7214925325116347,4,-0.16200472123626966,3.0208872259185493,False
0.92,-0.2,15,1.5,1,0.0,0.7229537767068426,3,-0.16702418305222735,2.9483300165136503,False
0.92,-0.2,15,1.5,1,3.36,0.7606780920638259,4,-0.14259854697651048,3.113302087217908,False
0.92,-0.2,15,1.5,2,0.0,0.7733588875450246,4,-0.13696519898535392,3.113302087217908,False
0.92,-0.2,15,1.5,2,3.36,0.8137133825319213,4,-0.1148748212812437,3.2699617560875818,False
0.92,-0.2,15,2.0,1,0.0,0.9639383689424567,4,-0.09022592704212151,3.828020710973169,False
0.92,-0.2,15,2.0,1,3.36,1.014237456085101,5,-0.034466197902410255,3.9564810834426503,True
0.92,-0.2,15,2.0,2,0.0,1.031145183393366,6,-0.02988322372516511,3.9564810834426503,True
0.92,-0.2,15,2.0,2,3.36,1.0849511767092281,6,-0.007792846021054969,4.080899724771429,True
0.92,-0.1,-15,0.75,1,0.0,0.7981945367122475,2,-0.11563196620307728,2.530376557989283,False
0.92,-0.1,-15,0.75,1,3.36,0.8376803019153347,2,-0.08920032300638964,2.7208097186723093,False
0.92,-0.1,-15,0.75,2,0.0,1.2079267042559623,5,0.05588791417539311,2.7208097186723093,True
0.92,-0.1,-15,0.75,2,3.36,1.3325604985082462,5,0.10567268707880616,2.8987593079146277,True
0.92,-0.1,-15,1.0,1,0.0,1.0642593822829964,5,-0.0033370582339441526,2.200417400107052,True
0.92,-0.1,-15,1.0,1,3.36,1.116907069220446,5,0.026913286116320188,2.4169891879555188,True
0.92,-0.1,-15,1.0,2,0.0,1.6105689390079494,5,0.16242430228092564,2.4169891879555188,True
0.92,-0.1,-15,1.0,2,3.36,1.7767473313443278,7,0.21708624206280508,2.6156904890857935,True
0.92,-0.1,-15,1.33,1,0.0,1.4154649784363813,7,0.09950656236978936,2.5250266596053734,True
0.92,-0.1,-15,1.33,1,3.36,1.4854864020631888,7,0.13596766511934744,2.7158349787345086,True
0.92,-0.1,-15,1.33,2,0.0,2.14205668888057,7,0.256127785133517,2.7158349787345086,True
0.92,-0.1,-15,1.33,2,3.36,2.3630739506879532,7,0.3130979769727863,2.8940904670928775,True
0.92,-0.1,-15,1.5,1,0.0,1.596389073424495,7,0.13921621776220958,2.818270726221202,True
0.92,-0.1,-15,1.5,1,3.36,1.6753606038306694,7,0.17929947095125567,2.9904263719870086,True
0.92,-0.1,-15,1.5,2,0.0,2.4158534085119245,7,0.29063881194265584,2.9904263719870086,True
0.92,-0.1,-15,1.5,2,3.36,2.6651209970164924,7,0.34760900378192516,3.1531967725271097,True
0.92,-0.1,-15,2.0,1,0.0,2.128518764565993,7,0.22240181744739856,3.7287722595566932,True
0.92,-0.1,-15,2.0,1,3.36,2.233814138440892,7,0.273593934350444,3.860536564214815,True
0.92,-0.1,-15,2.0,2,0.0,3.221137878015899,8,0.35984591295862983,3.860536564214815,True
0.92,-0.1,-15,2.0,2,3.36,3.5534946626886557,8,0.41681610479789916,3.987949669145729,True
0.92,-0.1,-10,0.75,1,0.0,0.5769007932129951,2,-0.24510714486522464,1.9625965242653487,False
0.92,-0.1,-10,0.75,1,3.36,0.6194293760362003,2,-0.2210036598157577,2.2026768072185323,False
0.92,-0.1,-10,0.75,2,0.0,0.8518196908144359,2,-0.08866657304041495,2.2026768072185323,False
0.92,-0.1,-10,0.75,2,3.36,0.8548737667728725,3,-0.08711225788682399,2.4190463238760906,False
0.92,-0.1,-10,1.0,1,0.0,0.7692010576173269,2,-0.12467529381597756,1.5135442928869351,False
0.92,-0.1,-10,1.0,1,3.36,0.825905834714935,3,-0.10539478697621911,1.8140607284571848,False
0.92,-0.1,-10,1.0,2,0.0,1.135759587752581,5,0.022746981943584023,1.8140607284571848,True
0.92,-0.1,-10,1.0,2,3.36,1.1398316890304967,6,0.02430129709717504,2.071428571428571,True
0.92,-0.1,-10,1.33,1,0.0,1.0230374066310415,5,-0.008457638280353924,1.9556940516232608,True
0.92,-0.1,-10,1.33,1,3.36,1.0984547601708634,6,0.005016315020535046,2.1965289034188933,True
0.92,-0.1,-10,1.33,2,0.0,1.5105602517109307,7,0.1241740086513249,2.1965289034188933,True
0.92,-0.1,-10,1.33,2,3.36,1.5159761464105588,7,0.125728323804916,2.413449652168987,True
0.92,-0.1,-10,1.5,1,0.0,1.1538015864259903,7,0.03720587532598326,2.3219882596843844,True
0.92,-0.1,-10,1.5,1,3.36,1.2388587520724006,7,0.05261295504813862,2.528167217197493,True
0.92,-0.1,-10,1.5,2,0.0,1.7036393816288717,7,0.16306759999063042,2.528167217197493,True
0.92,-0.1,-10,1.5,2,3.36,1.709747533545745,7,0.16462191514422136,2.7187551339008293,True
0.92,-0.1,-10,2.0,1,0.0,1.5384021152346539,7,0.12961825525557064,3.3693800847450057,True
0.92,-0.1,-10,2.0,1,3.36,1.65181166942987,7,0.16129551516225826,3.5146439585648306,True
0.92,-0.1,-10,2.0,2,0.0,2.271519175505162,8,0.2430451128166825,3.5146439585648306,True
0.92,-0.1,-10,2.0,2,3.36,2.2796633780609934,8,0.2445994279702735,3.654137676042908,True
0.92,-0.1,-5,0.75,1,0.0,0.49951762832888713,2,-0.307657461568855,1.5235395866732404,False
0.92,-0.1,-5,0.75,1,3.36,0.5176964720842968,2,-0.292133075528547,1.8224085360205236,False
0.92,-0.1,-5,0.75,2,0.0,0.6064187022202315,2,-0.22699794439791368,1.8224085360205236,False
0.92,-0.1,-5,0.75,2,3.36,0.676466802172972,2,-0.18925630573289198,2.0787430991251585,False
0.92,-0.1,-5,1.0,1,0.0,0.6660235044385161,2,-0.187225610519608,0.8718968296952645,False
0.92,-0.1,-5,1.0,1,3.36,0.6902619627790624,2,-0.17170122447929997,1.3267268300719077,False
0.92,-0.1,-5,1.0,2,0.0,0.8085582696269756,3,-0.1091097641493703,1.3267268300719077,False
0.92,-0.1,-5,1.0,2,3.36,0.9019557362306301,3,-0.07817994809115768,1.661386192801858,False
0.92,-0.1,-5,1.33,1,0.0,0.8858112609032237,2,-0.07100795498398428,1.5146375733675188,False
0.92,-0.1,-5,1.33,1,3.36,0.91804841049615,4,-0.0554835689436763,1.8149729966742332,False
0.92,-0.1,-5,1.33,2,0.0,1.0753824986038745,6,0.002870611165148442,1.8149729966742332,True
0.92,-0.1,-5,1.33,2,3.36,1.199601129186738,6,0.022706786825574303,2.07222754027077,True
0.92,-0.1,-5,1.5,1,0.0,0.9990352566577743,4,-0.030112660188565128,1.964947132422182,False
0.92,-0.1,-5,1.5,1,3.36,1.0353929441685936,5,-0.007886928916072702,2.2047714696117957,True
0.92,-0.1,-5,1.5,2,0.0,1.212837404440463,7,0.04793345167585511,2.2047714696117957,True
0.92,-0.1,-5,1.5,2,3.36,1.352933604345944,7,0.06129012660314748,2.420953785848494,True
0.92,-0.1,-5,2.0,1,0.0,1.3320470088770322,7,0.052385117925267885,3.134024554878009,True
0.92,-0.1,-5,2.0,1,3.36,1.3805239255581248,7,0.10079563119804698,3.2896975408961695,True
0.92,-0.1,-5,2.0,2,0.0,1.6171165392539513,8,0.12836852971571494,3.2896975408961695,True
0.92,-0.1,-5,2.0,2,3.36,1.8039114724612602,8,0.14035492381128795,3.438329523268284,True
0.92,-0.1,0,0.75,1,0.0,0.4430034264855004,2,-0.3598011955986768,1.345722404706043,False
0.92,-0.1,0,0.75,1,3.36,0.46118227024091013,2,-0.34233567809683185,1.6765944025099853,False
0.92,-0.1,0,0.75,2,0.0,0.49462862925103135,2,-0.32452855216741566,1.6765944025099853,False
0.92,-0.1,0,0.75,2,3.36,0.5130436120131749,2,-0.3070630346655707,1.9521702770321585,False
0.92,-0.1,0,1.0,1,0.0,0.5906712353140006,2,-0.23936934454942974,0.5,False
0.92,-0.1,0,1.0,1,3.36,0.6149096936545468,2,-0.22190382704758482,1.118033988749895,False
0.92,-0.1,0,1.0,2,0.0,0.6595048390013757,2,-0.20445942501343803,1.118033988749895,False
0.92,-0.1,0,1.0,2,3.36,0.6840581493509006,3,-0.18699390751159317,1.5,False
0.92,-0.1,0,1.33,1,0.0,0.7855927429676183,2,-0.1346316761812771,1.3356357651036426,False
0.92,-0.1,0,1.33,1,3.36,0.8178298925605447,4,-0.10568617151196114,1.6685091839795165,False
0.92,-0.1,0,1.33,2,0.0,0.8771414358718297,4,-0.08884907706424366,1.6685091839795165,False
0.92,-0.1,0,1.33,2,3.36,0.9097973386366978,4,-0.0713835595623987,1.945230808162361,False
0.92,-0.1,0,1.5,1,0.0,0.8860068529710008,3,-0.09492202078885682,1.8305226443782399,False
0.92,-0.1,0,1.5,1,3.36,0.9223645404818203,4,-0.058089531484357575,2.085860290523194,False
0.92,-0.1,0,1.5,2,0.0,0.9892572585020627,4,-0.041617513961919664,2.085860290523194,False
0.92,-0.1,0,1.5,2,3.36,1.0260872240263499,6,-0.024151996460074716,2.313182472608139,True
0.92,-0.1,0,2.0,1,0.0,1.1813424706280011,5,-0.012424242675023733,3.0515415496017173,True
0.92,-0.1,0,2.0,1,3.36,1.2298193873090937,5,0.05059302862976213,3.2112156310259907,True
0.92,-0.1,0,2.0,2,0.0,1.3190096780027514,7,0.06581255801769213,3.2112156310259907,True
0.92,-0.1,0,2.0,2,3.36,1.3681162987018012,7,0.083278075519537,3.3633176818352517,True
0.92,-0.1,5,0.75,1,0.0,0.40131582382783454,2,-0.40388872104298845,1.5235395866732404,False
0.92,-0.1,5,0.75,1,3.36,0.4194946675832442,2,-0.38348183630457405,1.8224085360205236,False
0.92,-0.1,5,0.75,2,0.0,0.43577722298466604,2,-0.36744935328491635,1.8224085360205236,False
0.92,-0.1,5,0.75,2,3.36,0.45551710259679684,2,-0.3482091928733129,2.0787430991251585,False
0.92,-0.1,5,1.0,1,0.0,0.5350877651037793,2,-0.2915938130738553,0.8718968296952645,False
0.92,-0.1,5,1.0,1,3.36,0.5593262234443256,2,-0.263049985255327,1.3267268300719077,False
0.92,-0.1,5,1.0,2,0.0,0.581036297312888,2,-0.2473802261309388,1.3267268300719077,False
0.92,-0.1,5,1.0,2,3.36,0.6073561367957291,3,-0.22814006571933534,1.661386192801858,False
0.92,-0.1,5,1.33,1,0.0,0.7116667275880243,2,-0.18875019247012184,1.5146375733675188,False
0.92,-0.1,5,1.33,1,3.36,0.7439038771809507,3,-0.1468323297197033,1.8149729966742332,False
0.92,-0.1,5,1.33,2,0.0,0.7727782754261387,4,-0.13176987818174443,1.8149729966742332,False
0.92,-0.1,5,1.33,2,3.36,0.8077836619383175,4,-0.11252971777014091,2.07222754027077,False
0.92,-0.1,5,1.5,1,0.0,0.8026316476556691,3,-0.14904053707770157,1.964947132422182,False
0.92,-0.1,5,1.5,1,3.36,0.8389893351664884,4,-0.09923568969209975,2.2047714696117957,False
0.92,-0.1,5,1.5,2,0.0,0.8715544459693321,4,-0.08453831507942032,2.2047714696117957,False
0.92,-0.1,5,1.5,2,3.36,0.9110342051935937,4,-0.06529815466781691,2.420953785848494,False
0.92,-0.1,5,2.0,1,0.0,1.0701755302075586,5,-0.06654275896386855,3.134024554878009,True
0.92,-0.1,5,2.0,1,3.36,1.1186524468886512,5,0.009446870422019915,3.2896975408961695,True
0.92,-0.1,5,2.0,2,0.0,1.162072594625776,6,0.022891756900191393,3.2896975408961695,True
0.92,-0.1,5,2.0,2,3.36,1.2147122735914582,6,0.04213191731179483,3.438329523268284,True
0.92,-0.1,10,0.75,1,0.0,0.3706093155407283,2,-0.4485757702720256,1.9625965242653487,False
0.92,-0.1,10,0.75,1,3.36,0.38878815929613797,2,-0.41649525112147723,2.2026768072185323,False
0.92,-0.1,10,0.75,2,0.0,0.40243391550857865,2,-0.40201930609334396,2.2026768072185323,False
0.92,-0.1,10,0.75,2,3.36,0.42217379512070946,2,-0.38122260769021615,2.4190463238760906,False
0.92,-0.1,10,1.0,1,0.0,0.4941457540543044,2,-0.33628086230289245,1.5135442928869351,False
0.92,-0.1,10,1.0,1,3.36,0.5183842123948506,2,-0.29606340007223025,1.8140607284571848,False
0.92,-0.1,10,1.0,2,0.0,0.5365785540114382,2,-0.28195017893936636,1.8140607284571848,False
0.92,-0.1,10,1.0,2,3.36,0.5628983934942793,2,-0.26115348053623855,2.071428571428571,False
0.92,-0.1,10,1.33,1,0.0,0.6572138528922228,2,-0.23343724169915903,1.9556940516232608,False
0.92,-0.1,10,1.33,1,3.36,0.6894510024851491,3,-0.17984574453660654,2.1965289034188933,False
0.92,-0.1,10,1.33,2,0.0,0.7136494768352107,3,-0.166339830990172,2.1965289034188933,False
0.92,-0.1,10,1.33,2,3.36,0.7486548633473893,4,-0.14554313258704416,2.413449652168987,False
0.92,-0.1,10,1.5,1,0.0,0.7412186310814566,3,-0.19372758630673875,2.3219882596843844,False
0.92,-0.1,10,1.5,1,3.36,0.7775763185922759,3,-0.13224910450900296,2.528167217197493,False
0.92,-0.1,10,1.5,2,0.0,0.8048678310171573,4,-0.11910826788784794,2.528167217197493,False
0.92,-0.1,10,1.5,2,3.36,0.8443475902414189,4,-0.09831156948472013,2.7187551339008293,False
0.92,-0.1,10,2.0,1,0.0,0.9882915081086088,3,-0.11122980819290568,3.3693800847450057,False
0.92,-0.1,10,2.0,1,3.36,1.036768424789701,5,-0.023566544394883315,3.5146439585648306,True
0.92,-0.1,10,2.0,2,0.0,1.0731571080228763,5,-0.011678195908236204,3.5146439585648306,True
0.92,-0.1,10,2.0,2,3.36,1.1257967869885586,5,0.009118502494891635,3.654137676042908,True
0.92,-0.1,15,0.75,1,0.0,0.3411792696770549,1,-0.4847580818879924,2.530376557989283,False
0.92,-0.1,15,0.75,1,3.36,0.36656061357072856,2,-0.4420624821658271,2.7208097186723093,False
0.92,-0.1,15,0.75,2,0.0,0.37829766775838014,2,-0.4288802164386762,2.7208097186723093,False
0.92,-0.1,15,0.75,2,3.36,0.39803754737051106,2,-0.406789838734566,2.8987593079146277,False
0.92,-0.1,15,1.0,1,0.0,0.4549056929027399,2,-0.3724631739188592,2.200417400107052,False
0.92,-0.1,15,1.0,1,3.36,0.4887474847609714,2,-0.32163063111658,2.4169891879555188,False
0.92,-0.1,15,1.0,2,0.0,0.5043968903445069,2,-0.30881108928469864,2.4169891879555188,False
0.92,-0.1,15,1.0,2,3.36,0.5307167298273481,2,-0.28672071158058837,2.6156904890857935,False
0.92,-0.1,15,1.33,1,0.0,0.6050245715606423,2,-0.26961955331512577,2.5250266596053734,False
0.92,-0.1,15,1.33,1,3.36,0.6500341547320899,3,-0.2054129755809564,2.7158349787345086,False
0.92,-0.1,15,1.33,2,0.0,0.6708478641581923,3,-0.19320074133550416,2.7158349787345086,False
0.92,-0.1,15,1.33,2,3.36,0.705853250670371,4,-0.17111036363139398,2.8940904670928775,False
0.92,-0.1,15,1.5,1,0.0,0.6823585393541098,3,-0.22990989792270555,2.818270726221202,False
0.92,-0.1,15,1.5,1,3.36,0.7331212271414571,3,-0.15781633555335284,2.9904263719870086,False
0.92,-0.1,15,1.5,2,0.0,0.7565953355167603,4,-0.1459691782331802,2.9904263719870086,False
0.92,-0.1,15,1.5,2,3.36,0.7960750947410221,4,-0.12387880052906998,3.1531967725271097,False
0.92,-0.1,15,2.0,1,0.0,0.9098113858054798,3,-0.14741211980887242,3.7287722595566932,False
0.92,-0.1,15,2.0,1,3.36,0.9774949695219428,4,-0.04913377543923313,3.860536564214815,False
0.92,-0.1,15,2.0,2,0.0,1.0087937806890137,5,-0.03853910625356844,3.860536564214815,True
0.92,-0.1,15,2.0,2,3.36,1.0614334596546962,5,-0.01644872854945822,3.987949669145729,True
0.92,0.0,-15,0.75,1,0.0,0.6675971535939876,2,-0.1896375214387408,2.480484937511553,False
0.92,0.0,-15,0.75,1,3.36,0.6899159018560813,2,-0.1714235385257084,2.6744729434454357,False
0.92,0.0,-15,0.75,2,0.0,1.0385153298283087,5,-0.006295727192872018,2.6744729434454357,True
0.92,0.0,-15,0.75,2,3.36,1.1219281129009475,5,0.033790738245716885,2.8553118087560403,True
0.92,0.0,-15,1.0,1,0.0,0.8901295381253169,3,-0.06902054652300933,2.142857142857143,False
0.92,0.0,-15,1.0,1,3.36,0.9198878691414417,4,-0.05385414123845517,2.3647064796066926,False
0.92,0.0,-15,1.0,2,0.0,1.3846871064377448,5,0.10258036331044526,2.3647064796066926,True
0.92,0.0,-15,1.0,2,3.36,1.4959041505345965,5,0.1471743653750765,2.5674572508016325,True
0.92,0.0,-15,1.33,1,0.0,1.183872285706668,6,0.04750745401157073,2.4750271981773997,True
0.92,0.0,-15,1.33,1,3.36,1.2234508659581138,7,0.05888291566934623,2.669411851273211,True
0.92,0.0,-15,1.33,2,0.0,1.8416338515621984,7,0.1999645598267336,2.669411851273211,True
0.92,0.0,-15,1.33,2,3.36,1.9895525202110111,7,0.2517766406935751,2.8505718078515176,True
0.92,0.0,-15,1.5,1,0.0,1.3351943071879753,7,0.09529089905673249,2.773562670334922,True
0.92,0.0,-15,1.5,1,3.36,1.3798318037121626,7,0.10666636071450805,2.9483300165136503,True
0.92,0.0,-15,1.5,2,0.0,2.0770306596566175,7,0.2365500309316067,2.9483300165136503,True
0.92,0.0,-15,1.5,2,3.36,2.243856225801895,7,0.29250466171092354,3.113302087217908,True
0.92,0.0,-15,2.0,1,0.0,1.7802590762506338,7,0.20037016567159194,3.695097097998851,True
0.92,0.0,-15,2.0,1,3.36,1.8397757382828834,7,0.2159912835118291,3.828020710973169,True
0.92,0.0,-15,2.0,2,0.0,2.7693742128754897,8,0.31030549470322455,3.828020710973169,True
0.92,0.0,-15,2.0,2,3.36,2.991808301069193,8,0.3672756865424938,3.9564810834426503,True
0.92,0.0,-10,0.75,1,0.0,0.5058127752301117,2,-0.30405972624559935,1.8978369574487761,False
0.92,0.0,-10,0.75,1,3.36,0.5691237651983864,2,-0.2507438237238811,2.1451771761461633,False
0.92,0.0,-10,0.75,2,0.0,0.7171760376486911,2,-0.16054852187350424,2.1451771761461633,False
0.92,0.0,-10,0.75,2,3.36,0.7241180633672998,2,-0.14955610597841584,2.3668090580058263,False
0.92,0.0,-10,1.0,1,0.0,0.674417033640149,2,-0.1849460877078785,1.4285714285714286,False
0.92,0.0,-10,1.0,1,3.36,0.7588316869311817,2,-0.13012684880814956,1.743793659390529,False
0.92,0.0,-10,1.0,2,0.0,0.9562347168649215,4,-0.04716489474414457,1.743793659390529,False
0.92,0.0,-10,1.0,2,3.36,0.9654907511563999,4,-0.03138008491031005,2.0101781827814698,False
0.92,0.0,-10,1.33,1,0.0,0.8969746547413954,2,-0.07093062497597552,1.8906980783706862,False
0.92,0.0,-10,1.33,1,3.36,1.0092461436184688,5,-0.013598848273569535,2.1388640030526966,True
0.92,0.0,-10,1.33,2,0.0,1.2717921734303441,7,0.05743738057435403,2.1388640030526966,True
0.92,0.0,-10,1.33,2,3.36,1.2841026990380084,7,0.08107724238194511,2.3610885674947912,True
0.92,0.0,-10,1.5,1,0.0,1.0116255504602234,6,-0.02465477291607193,2.267516147266016,True
0.92,0.0,-10,1.5,1,3.36,1.1382475303967727,6,0.034184596771592204,2.478231118784549,True
0.92,0.0,-10,1.5,2,0.0,1.4343520752973822,7,0.0981654015917024,2.478231118784549,True
0.92,0.0,-10,1.5,2,3.36,1.4482361267345996,7,0.12642371052293855,2.672382734211572,True
0.92,0.0,-10,2.0,1,0.0,1.348834067280298,7,0.06737406058476686,3.332074752384205,True
0.92,0.0,-10,2.0,1,3.36,1.5176633738623635,7,0.13677677826862664,3.478896686519487,True
0.92,0.0,-10,2.0,2,0.0,1.912469433729843,7,0.1839405148361642,3.478896686519487,True
0.92,0.0,-10,2.0,2,3.36,1.9309815023127999,7,0.22744817851261426,3.6197682461003304,True
0.92,0.0,-5,0.75,1,0.0,0.4520490890172951,2,-0.3598090023748611,1.4391570005251226,False
0.92,0.0,-5,0.75,1,3.36,0.4951158586496542,2,-0.3112437076880924,1.7524762115819057,False
0.92,0.0,-5,0.75,2,0.0,0.5618099802562101,2,-0.26722047094850865,1.7524762115819057,False
0.92,0.0,-5,0.75,2,3.36,0.577531722521555,2,-0.25523407685293564,2.017714764816987,False
0.92,0.0,-5,1.0,1,0.0,0.6027321186897269,2,-0.24560204799017055,0.7142857142857143,False
0.92,0.0,-5,1.0,1,3.36,0.6601544781995388,2,-0.1906267327723609,1.228903609577518,False
0.92,0.0,-5,1.0,2,0.0,0.7490799736749474,2,-0.154279248474922,1.228903609577518,False
0.92,0.0,-5,1.0,2,3.36,0.7700422966954075,3,-0.14229285437934894,1.5843623580584882,False
0.92,0.0,-5,1.33,1,0.0,0.8016337178573343,2,-0.1396634136959114,1.429729687268417,False
0.92,0.0,-5,1.33,1,3.36,0.878005456005384,3,-0.07409873223778082,1.7447426683200724,False
0.92,0.0,-5,1.33,2,0.0,0.9962763649876799,4,-0.047903274471940635,1.7447426683200724,False
0.92,0.0,-5,1.33,2,3.36,1.0241562546048917,5,-0.03237888843163267,2.0110014864879253,True
0.92,0.0,-5,1.5,1,0.0,0.9040981780345902,2,-0.09815769218242164,1.900267674095983,False
0.92,0.0,-5,1.5,1,3.36,0.9902317172993084,4,-0.026315287192619063,2.1473279286625404,False
0.92,0.0,-5,1.5,2,0.0,1.1236199605124202,7,-0.0005494692206367037,2.1473279286625404,True
0.92,0.0,-5,1.5,2,3.36,1.15506344504311,7,0.014974916819671266,2.3687585848317587,True
0.92,0.0,-5,2.0,1,0.0,1.2054642373794537,5,-0.009859076745535891,3.0938826594714777,True
0.92,0.0,-5,2.0,1,3.36,1.3203089563990775,5,0.07185133886028139,3.2514781116560365,True
0.92,0.0,-5,2.0,2,0.0,1.4981599473498948,7,0.10729955763472022,3.2514781116560365,True
0.92,0.0,-5,2.0,2,3.36,1.540084593390815,7,0.12282394367502823,3.4017804030504823,True
0.92,0.0,0,0.75,1,0.0,0.38938232842161596,2,-0.42461836297515276,1.2493873660829995,False
0.92,0.0,0,0.75,1,3.36,0.44106666364754477,2,-0.3614463102563772,1.6003027184029321,False
0.92,0.0,0,0.75,2,0.0,0.4682661458856023,2,-0.3360515438947279,1.6003027184029321,False
0.92,0.0,0,0.75,2,3.36,0.4874816566312757,2,-0.31858602639288297,1.887052937924057,False
0.92,0.0,0,1.0,1,0.0,0.5191764378954881,2,-0.3104114085904622,0.0,False
0.92,0.0,0,1.0,1,3.36,0.5880888848633928,2,-0.24082933534064577,1.0,False
0.92,0.0,0,1.0,2,0.0,0.6243548611808031,2,-0.21586082447644012,1.0,False
0.92,0.0,0,1.0,2,3.36,0.6499755421750342,3,-0.19839530697459526,1.4142135623730951,False
0.92,0.0,0,1.33,1,0.0,0.690504662400997,2,-0.20447277429620303,1.238516409670858,False
0.92,0.0,0,1.33,1,3.36,0.7821582168683103,3,-0.12430133480606567,1.591830046526322,False
0.92,0.0,0,1.33,2,0.0,0.8303919653704657,4,-0.10004700850176244,1.591830046526322,False
0.92,0.0,0,1.33,2,3.36,0.8644674710927931,4,-0.08258149099991748,1.8798731066282086,False
0.92,0.0,0,1.5,1,0.0,0.7787646568432319,2,-0.1629670527827133,1.7609125905568124,False
0.92,0.0,0,1.5,1,3.36,0.8821333272950895,3,-0.0765178897609039,2.025046456647724,False
0.92,0.0,0,1.5,2,0.0,0.9365322917712046,4,-0.05269320325045848,2.025046456647724,False
0.92,0.0,0,1.5,2,3.36,0.9749633132625514,4,-0.03522768574861353,2.2584979857377565,False
0.92,0.0,0,2.0,1,0.0,1.0383528757909761,5,-0.0746684373458275,3.0102999566398116,True
0.92,0.0,0,2.0,1,3.36,1.1761777697267857,5,0.018866884917324495,3.1720507292516067,True
0.92,0.0,0,2.0,2,0.0,1.2487097223616062,7,0.055155823604898485,3.1720507292516067,True
0.92,0.0,0,2.0,2,3.36,1.2999510843500683,7,0.07262134110674336,3.3259443514505245,True
0.92,0.0,5,0.75,1,0.0,0.34376188450529216,2,-0.4787368792639975,1.4391570005251226,False
0.92,0.0,5,0.75,1,3.36,0.4011973689973486,2,-0.40259246846411945,1.7524762115819057,False
0.92,0.0,5,0.75,2,0.0,0.424201265434041,2,-0.3789723450122286,1.7524762115819057,False
0.92,0.0,5,0.75,2,3.36,0.4434167761797143,2,-0.3597321846006252,2.017714764816987,False
0.92,0.0,5,1.0,1,0.0,0.4583491793403895,2,-0.364529924879307,0.7142857142857143,False
0.92,0.0,5,1.0,1,3.36,0.534929825329798,2,-0.2819754935483879,1.228903609577518,False
0.92,0.0,5,1.0,2,0.0,0.565601687245388,2,-0.2587816255939409,1.228903609577518,False
0.92,0.0,5,1.0,2,3.36,0.591222368239619,2,-0.23954146518233746,1.5843623580584882,False
0.92,0.0,5,1.33,1,0.0,0.6096044085227162,2,-0.25859129058504776,1.429729687268417,False
0.92,0.0,5,1.33,1,3.36,0.7114566676886294,3,-0.16544749301380787,1.7447426683200724,False
0.92,0.0,5,1.33,2,0.0,0.7522502440363638,3,-0.14296780961926325,1.7447426683200724,False
0.92,0.0,5,1.33,2,3.36,0.7863257497586912,4,-0.1237276492076597,2.0110014864879253,False
0.92,0.0,5,1.5,1,0.0,0.6875237690105843,2,-0.21708556907155802,1.900267674095983,False
0.92,0.0,5,1.5,1,3.36,0.8023947379946972,3,-0.11766404796864616,2.1473279286625404,False
0.92,0.0,5,1.5,2,0.0,0.848402530868082,4,-0.0956140043679592,2.1473279286625404,False
0.92,0.0,5,1.5,2,3.36,0.8868335523594286,4,-0.07637384395635577,2.3687585848317587,False
0.92,0.0,5,2.0,1,0.0,0.916698358680779,4,-0.12878695363467235,3.0938826594714777,False
0.92,0.0,5,2.0,1,3.36,1.069859650659596,5,-0.024225476708330224,3.2514781116560365,True
0.92,0.0,5,2.0,2,0.0,1.131203374490776,5,0.012235022487397697,3.2514781116560365,True
0.92,0.0,5,2.0,2,3.36,1.182444736479238,5,0.03147518289900114,3.4017804030504823,True
0.92,0.0,10,0.75,1,0.0,0.3101492049828706,2,-0.5234239284930347,1.8978369574487761,False
0.92,0.0,10,0.75,1,3.36,0.3718302010978004,2,-0.43560588328102257,2.1451771761461633,False
0.92,0.0,10,0.75,2,0.0,0.3917436873893751,2,-0.4135422978206562,2.1451771761461633,False
0.92,0.0,10,0.75,2,3.36,0.41095919813504844,2,-0.39274559941752835,2.3668090580058263,False
0.92,0.0,10,1.0,1,0.0,0.4135322733104941,2,-0.4092169741083441,1.4285714285714286,False
0.92,0.0,10,1.0,1,3.36,0.4957736014637337,2,-0.31498890836529114,1.743793659390529,False
0.92,0.0,10,1.0,2,0.0,0.5223249165191668,2,-0.2933515784023684,1.743793659390529,False
0.92,0.0,10,1.0,2,3.36,0.5479455975133979,2,-0.2725548799992406,2.0101781827814698,False
0.92,0.0,10,1.33,1,0.0,0.5499979235029555,2,-0.3032783398140849,1.8906980783706862,False
0.92,0.0,10,1.33,1,3.36,0.659378889946764,3,-0.19846090783071108,2.1388640030526966,False
0.92,0.0,10,1.33,2,0.0,0.6946921389704898,3,-0.17753776242769082,2.1388640030526966,False
0.92,0.0,10,1.33,2,3.36,0.7287676446928171,4,-0.15674106402456295,2.3610885674947912,False
0.92,0.0,10,1.5,1,0.0,0.6202984099657411,2,-0.2617726183005952,2.267516147266016,False
0.92,0.0,10,1.5,1,3.36,0.7436604021956008,3,-0.15067746278554928,2.478231118784549,False
0.92,0.0,10,1.5,2,0.0,0.7834873747787502,3,-0.13018395717638678,2.478231118784549,False
0.92,0.0,10,1.5,2,3.36,0.8219183962700969,4,-0.10938725877325892,2.672382734211572,False
0.92,0.0,10,2.0,1,0.0,0.8270645466209882,3,-0.17347400286370945,3.332074752384205,False
0.92,0.0,10,2.0,1,3.36,0.9915472029274675,4,-0.058956538122494545,3.478896686519487,False
0.92,0.0,10,2.0,2,0.0,1.0446498330383336,5,-0.022638309365723766,3.478896686519487,True
0.92,0.0,10,2.0,2,3.36,1.0958911950267958,5,-0.0015382319179020054,3.6197682461003304,True
0.92,0.0,15,0.75,1,0.0,0.28535688835939693,1,-0.5596062401090015,2.480484937511553,False
0.92,0.0,15,0.75,1,3.36,0.3505721648141022,2,-0.4611731143253725,2.6744729434454357,False
0.92,0.0,15,0.75,2,0.0,0.36824859334031323,2,-0.4404032081659885,2.6744729434454357,False
0.92,0.0,15,0.75,2,3.36,0.38746410408598664,2,-0.4183128304618782,2.8553118087560403,False
0.92,0.0,15,1.0,1,0.0,0.3804758511458627,2,-0.44539928572431087,2.142857142857143,False
0.92,0.0,15,1.0,1,3.36,0.4674295530854695,2,-0.34055613940964097,2.3647064796066926,False
0.92,0.0,15,1.0,2,0.0,0.490998124453751,2,-0.32021248874770064,2.3647064796066926,False
0.92,0.0,15,1.0,2,3.36,0.5166188054479822,2,-0.29812211104359043,2.5674572508016325,False
0.92,0.0,15,1.33,1,0.0,0.5060328820239958,2,-0.3394606514300517,2.4750271981773997,False
0.92,0.0,15,1.33,1,3.36,0.6216813056036726,3,-0.22402813887506096,2.669411851273211,False
0.92,0.0,15,1.33,2,0.0,0.653027505523487,3,-0.20439867277302298,2.669411851273211,False
0.92,0.0,15,1.33,2,3.36,0.6871030112458143,4,-0.1823082950689128,2.8505718078515176,False
0.92,0.0,15,1.5,1,0.0,0.5707137767187939,2,-0.29795492991656203,2.773562670334922,False
0.92,0.0,15,1.5,1,3.36,0.7011443296282044,3,-0.17624469382989916,2.9483300165136503,False
0.92,0.0,15,1.5,2,0.0,0.7364971866806265,3,-0.15704486752171903,2.9483300165136503,False
0.92,0.0,15,1.5,2,3.36,0.7749282081719733,4,-0.13495448981760882,3.113302087217908,False
0.92,0.0,15,2.0,1,0.0,0.7609517022917254,3,-0.2096563144796762,3.695097097998851,False
0.92,0.0,15,2.0,1,3.36,0.934859106170939,4,-0.08647995288438387,3.828020710973169,False
0.92,0.0,15,2.0,2,0.0,0.981996248907502,4,-0.05882062098169054,3.828020710973169,False
0.92,0.0,15,2.0,2,3.36,1.0332376108959644,5,-0.027105462962251844,3.9564810834426503,True
0.92,0.1,-15,0.75,1,0.0,0.5632527001985898,2,-0.25774775244797976,2.530376557989283,False
0.92,0.1,-15,0.75,1,3.36,0.6311672385145709,2,-0.21242133349141287,2.7208097186723093,False
0.92,0.1,-15,0.75,2,0.0,0.882668000115237,3,-0.07370143403331356,2.7208097186723093,False
0.92,0.1,-15,0.75,2,3.36,0.9357251762868175,4,-0.04248302120563571,2.8987593079146277,False
0.92,0.1,-15,1.0,1,0.0,0.7510036002647865,2,-0.13892058705046997,2.200417400107052,False
0.92,0.1,-15,1.0,1,3.36,0.8415563180194279,2,-0.09651004701335028,2.4169891879555188,False
0.92,0.1,-15,1.0,2,0.0,1.176890666820316,5,0.037377667140196524,2.4169891879555188,True
0.92,0.1,-15,1.0,2,3.36,1.2476335683824236,5,0.07267902328010653,2.6156904890857935,True
0.92,0.1,-15,1.33,1,0.0,0.9988347883521631,4,-0.02538191559617728,2.5250266596053734,False
0.92,0.1,-15,1.33,1,3.36,1.1192699029658355,7,0.012212323688438623,2.7158349787345086,True
0.92,0.1,-15,1.33,2,0.0,1.5652645868710184,7,0.13826879425680727,2.7158349787345086,True
0.92,0.1,-15,1.33,2,3.36,1.6593526459486214,7,0.1801747553574974,2.8940904670928775,True
0.92,0.1,-15,1.5,1,0.0,1.1265054003971795,6,0.020609088923103352,2.818270726221202,True
0.92,0.1,-15,1.5,1,3.36,1.2623344770291418,7,0.05534869438240159,2.9904263719870086,True
0.92,0.1,-15,1.5,2,0.0,1.765336000230474,7,0.1768546539433606,2.9904263719870086,True
0.92,0.1,-15,1.5,2,3.36,1.871450352573635,7,0.22259082569453473,3.1531967725271097,True
0.92,0.1,-15,2.0,1,0.0,1.502007200529573,7,0.12381200081225446,3.7287722595566932,True
0.92,0.1,-15,2.0,1,3.36,1.6831126360388557,7,0.14899672047299214,3.860536564214815,True
0.92,0.1,-15,2.0,2,0.0,2.353781333640632,7,0.2559267654590442,3.860536564214815,True
0.92,0.1,-15,2.0,2,3.36,2.495267136764847,7,0.31289695729831346,3.987949669145729,True
0.92,0.1,-10,0.75,1,0.0,0.4477942532273217,2,-0.36148726595115416,1.9625965242653487,False
0.92,0.1,-10,0.75,1,3.36,0.525389311705398,2,-0.2920845482672943,2.2026768072185323,False
0.92,0.1,-10,0.75,2,0.0,0.5981485502866181,2,-0.23544217894213293,2.2026768072185323,False
0.92,0.1,-10,0.75,2,3.36,0.6863492396190791,2,-0.17715589552535113,2.4190463238760906,False
0.92,0.1,-10,1.0,1,0.0,0.5970590043030956,2,-0.2455759794730916,1.5135442928869351,False
0.92,0.1,-10,1.0,1,3.36,0.700519082273864,2,-0.17617326178923182,1.8140607284571848,False
0.92,0.1,-10,1.0,2,0.0,0.7975314003821574,2,-0.11510694528275084,1.8140607284571848,False
0.92,0.1,-10,1.0,2,3.36,0.9151323194921057,3,-0.06248808594391722,2.071428571428571,False
0.92,0.1,-10,1.33,1,0.0,0.7940884757231146,2,-0.13685360877130268,1.9556940516232608,False
0.92,0.1,-10,1.33,1,3.36,0.9316903794242363,3,-0.06745089108744282,2.1965289034188933,False
0.92,0.1,-10,1.33,2,0.0,1.060716762508268,6,0.0009488444699791189,2.1965289034188933,True
0.92,0.1,-10,1.33,2,3.36,1.2171259849244975,7,0.04420096845846308,2.413449652168987,True
0.92,0.1,-10,1.5,1,0.0,0.8955885064546434,3,-0.0937172380773397,2.3219882596843844,False
0.92,0.1,-10,1.5,1,3.36,1.050778623410796,5,-0.024314520393479876,2.528167217197493,True
0.92,0.1,-10,1.5,2,0.0,1.1962971005732361,7,0.04844811856133627,2.528167217197493,True
0.92,0.1,-10,1.5,2,3.36,1.3726984792381582,7,0.08614485811321812,2.7187551339008293,True
0.92,0.1,-10,2.0,1,0.0,1.194118008606191,6,-6.921198674918194e-05,3.3693800847450057,True
0.92,0.1,-10,2.0,1,3.36,1.401038164547728,6,0.06933350569711061,3.5146439585648306,True
0.92,0.1,-10,2.0,2,0.0,1.5950628007643148,7,0.1567962652576739,3.5146439585648306,True
0.92,0.1,-10,2.0,2,3.36,1.8302646389842114,7,0.17587314252715483,3.654137676042908,True
0.92,0.1,-5,0.75,1,0.0,0.3748395246199701,2,-0.43872040328145684,1.5235395866732404,False
0.92,0.1,-5,0.75,1,3.36,0.45243458309804646,2,-0.3570099876756396,1.8224085360205236,False
0.92,0.1,-5,0.75,2,0.0,0.5109170337870157,2,-0.2979924956457633,1.8224085360205236,False
0.92,0.1,-5,0.75,2,3.36,0.5295107337936875,2,-0.2824681096054553,2.0787430991251585,False
0.92,0.1,-5,1.0,1,0.0,0.4997860328266267,2,-0.32280911680339436,0.8718968296952645,False
0.92,0.1,-5,1.0,1,3.36,0.6032461107973952,2,-0.24109870119757706,1.3267268300719077,False
0.92,0.1,-5,1.0,2,0.0,0.6812227117160209,2,-0.17765726198638124,1.3267268300719077,False
0.92,0.1,-5,1.0,2,3.36,0.7060143117249166,2,-0.16213287594607328,1.661386192801858,False
0.92,0.1,-5,1.33,1,0.0,0.6647154236594115,2,-0.21408674610160539,1.5146375733675188,False
0.92,0.1,-5,1.33,1,3.36,0.8023173273605332,2,-0.1323763304957881,1.8149729966742332,False
0.92,0.1,-5,1.33,2,0.0,0.9060262065823053,3,-0.06160147223365126,1.8149729966742332,False
0.92,0.1,-5,1.33,2,3.36,0.9389990345941365,4,-0.046077086193343296,2.07222754027077,False
0.92,0.1,-5,1.5,1,0.0,0.7496790492399402,2,-0.1709503754076424,1.964947132422182,False
0.92,0.1,-5,1.5,1,3.36,0.9048691661960929,3,-0.08923995980182514,2.2047714696117957,False
0.92,0.1,-5,1.5,2,0.0,1.0218340675740314,5,-0.014102198142294077,2.2047714696117957,True
0.92,0.1,-5,1.5,2,3.36,1.059021467587375,5,0.001422187898013915,2.420953785848494,True
0.92,0.1,-5,2.0,1,0.0,0.9995720656532534,4,-0.07730234931705195,3.134024554878009,False
0.92,0.1,-5,2.0,1,3.36,1.2064922215947904,5,0.004408066288765361,3.2896975408961695,True
0.92,0.1,-5,2.0,2,0.0,1.3624454234320418,7,0.0865978875082694,3.2896975408961695,True
0.92,0.1,-5,2.0,2,3.36,1.4120286234498332,7,0.10977033459435145,3.438329523268284,True
0.92,0.1,0,0.75,1,0.0,0.32287618850923383,2,-0.5035297638817485,1.345722404706043,False
0.92,0.1,0,0.75,1,3.36,0.4004712469873101,2,-0.4099944416185965,1.6765944025099853,False
0.92,0.1,0,0.75,2,0.0,0.4531131311114271,2,-0.35013622967558505,1.6765944025099853,False
0.92,0.1,0,0.75,2,3.36,0.47170683111809897,2,-0.33267071217374017,1.9521702770321585,False
0.92,0.1,0,1.0,1,0.0,0.4305015846789784,2,-0.38761847740368593,0.5,False
0.92,0.1,0,1.0,1,3.36,0.5339616626497468,2,-0.29408315514053396,1.118033988749895,False
0.92,0.1,0,1.0,2,0.0,0.6041508414819028,2,-0.229800996016203,1.118033988749895,False
0.92,0.1,0,1.0,2,3.36,0.6289424414907986,2,-0.21233547851435808,1.5,False
0.92,0.1,0,1.33,1,0.0,0.5725671076230395,2,-0.278896106701897,1.3356357651036426,False
0.92,0.1,0,1.33,1,3.36,0.7101690113241611,2,-0.18536078443874499,1.6685091839795165,False
0.92,0.1,0,1.33,2,0.0,0.8035206191709283,2,-0.11374520626347309,1.6685091839795165,False
0.92,0.1,0,1.33,2,3.36,0.8364934471827598,4,-0.09627968876162815,1.945230808162361,False
0.92,0.1,0,1.5,1,0.0,0.6457523770184677,2,-0.23575973600793407,1.8305226443782399,False
0.92,0.1,0,1.5,1,3.36,0.8009424939746203,3,-0.14222441374478206,2.085860290523194,False
0.92,0.1,0,1.5,2,0.0,0.9062262622228542,4,-0.06624593217211586,2.085860290523194,False
0.92,0.1,0,1.5,2,3.36,0.9434136622361979,4,-0.04878041467027093,2.313182472608139,False
0.92,0.1,0,2.0,1,0.0,0.8610031693579568,4,-0.14211170991734354,3.0515415496017173,False
0.92,0.1,0,2.0,1,3.36,1.0679233252994935,5,-0.04857638765419158,3.2112156310259907,True
0.92,0.1,0,2.0,2,0.0,1.2083016829638056,5,0.021788526907977793,3.2112156310259907,True
0.92,0.1,0,2.0,2,3.36,1.2578848829815972,5,0.05956773202606665,3.3633176818352517,True
0.92,0.1,5,0.75,1,0.0,0.2850476740270542,2,-0.5576482801705933,1.5235395866732404,False
0.92,0.1,5,0.75,1,3.36,0.36264273250513057,2,-0.45308680324425116,1.8224085360205236,False
0.92,0.1,5,0.75,2,0.0,0.4104741828789075,2,-0.3930570307930858,1.8224085360205236,False
0.92,0.1,5,0.75,2,3.36,0.4290678828855793,2,-0.3738168703814824,2.0787430991251585,False
0.92,0.1,5,1.0,1,0.0,0.38006356536940555,2,-0.4417369936925308,0.8718968296952645,False
0.92,0.1,5,1.0,1,3.36,0.48352364334017406,2,-0.3371755167661886,1.3267268300719077,False
0.92,0.1,5,1.0,2,0.0,0.54729891050521,2,-0.27272179713370376,1.3267268300719077,False
0.92,0.1,5,1.0,2,3.36,0.5720905105141058,2,-0.25348163672210033,1.661386192801858,False
0.92,0.1,5,1.33,1,0.0,0.505484541941308,2,-0.33301462299074175,1.5146375733675188,False
0.92,0.1,5,1.33,1,3.36,0.6430864456424296,2,-0.22845314606439965,1.8149729966742332,False
0.92,0.1,5,1.33,2,0.0,0.7279075509719272,2,-0.15666600738097383,1.8149729966742332,False
0.92,0.1,5,1.33,2,3.36,0.7608803789837586,4,-0.1374258469693703,2.07222754027077,False
0.92,0.1,5,1.5,1,0.0,0.5700953480541084,2,-0.2898782522967788,1.964947132422182,False
0.92,0.1,5,1.5,1,3.36,0.7252854650102611,3,-0.18531677537043673,2.2047714696117957,False
0.92,0.1,5,1.5,2,0.0,0.820948365757815,3,-0.11140210089655056,2.2047714696117957,False
0.92,0.1,5,1.5,2,3.36,0.8581357657711586,4,-0.08992657287801321,2.420953785848494,False
0.92,0.1,5,2.0,1,0.0,0.7601271307388111,3,-0.19623022620618838,3.134024554878009,False
0.92,0.1,5,2.0,1,3.36,0.9670472866803481,4,-0.0916687492798462,3.2896975408961695,False
0.92,0.1,5,2.0,2,0.0,1.09459782101042,5,-0.03232998938086702,3.2896975408961695,True
0.92,0.1,5,2.0,2,3.36,1.1441810210282115,5,0.018421573818324426,3.438329523268284,True
0.92,0.1,10,0.75,1,0.0,0.2571760089369253,1,-0.6023353293996304,1.9625965242653487,False
0.92,0.1,10,0.75,1,3.36,0.33477106741500173,2,-0.4878178646584154,2.2026768072185323,False
0.92,0.1,10,0.75,2,0.0,0.37906692667357633,2,-0.42762698360151347,2.2026768072185323,False
0.92,0.1,10,0.75,2,3.36,0.3976606266802482,2,-0.40683028519838554,2.4190463238760906,False
0.92,0.1,10,1.0,1,0.0,0.34290134524923377,2,-0.4864240429215679,1.5135442928869351,False
0.92,0.1,10,1.0,1,3.36,0.4463614232200022,2,-0.37190657818035294,1.8140607284571848,False
0.92,0.1,10,1.0,2,0.0,0.5054225688981018,2,-0.3072917499421314,1.8140607284571848,False
0.92,0.1,10,1.0,2,3.36,0.5302141689069976,2,-0.2864950515390035,2.071428571428571,False
0.92,0.1,10,1.33,1,0.0,0.4560587891814795,2,-0.37770167221977896,1.9556940516232608,False
0.92,0.1,10,1.33,1,3.36,0.5936606928826011,2,-0.26318420747856397,2.1965289034188933,False
0.92,0.1,10,1.33,2,0.0,0.6722120166344735,2,-0.1946750098121411,2.1965289034188933,False
0.92,0.1,10,1.33,2,3.36,0.7051848446463047,3,-0.17043926178627358,2.413449652168987,False
0.92,0.1,10,1.5,1,0.0,0.5143520178738507,2,-0.33456530152581604,2.3219882596843844,False
0.92,0.1,10,1.5,1,3.36,0.6695421348300035,3,-0.22004783678460102,2.528167217197493,False
0.92,0.1,10,1.5,2,0.0,0.7581338533471527,3,-0.15608915012558766,2.528167217197493,False
0.92,0.1,10,1.5,2,3.36,0.7953212533604964,4,-0.12293998769491633,2.7187551339008293,False
0.92,0.1,10,2.0,1,0.0,0.6858026904984675,3,-0.24091727543522548,3.3693800847450057,False
0.92,0.1,10,2.0,1,3.36,0.8927228464400044,3,-0.12639981069401054,3.5146439585648306,False
0.92,0.1,10,2.0,2,0.0,1.0108451377962036,5,-0.07701703860990416,3.5146439585648306,True
0.92,0.1,10,2.0,2,3.36,1.0604283378139951,5,-0.014591840998578753,3.654137676042908,True
0.92,0.1,15,0.75,1,0.0,0.2366181969577598,1,-0.6385176410155973,2.530376557989283,False
0.92,0.1,15,0.75,1,3.36,0.3142132554358361,2,-0.5153412794203047,2.7208097186723093,False
0.92,0.1,15,0.75,2,0.0,0.35633212996903585,2,-0.4544878939468457,2.7208097186723093,False
0.92,0.1,15,0.75,2,3.36,0.3749258299757077,2,-0.4323975162427355,2.8987593079146277,False
0.92,0.1,15,1.0,1,0.0,0.31549092927701305,2,-0.5226063545375347,2.200417400107052,False
0.92,0.1,15,1.0,1,3.36,0.4189510072477814,2,-0.3994299929422423,2.4169891879555188,False
0.92,0.1,15,1.0,2,0.0,0.47510950662538115,2,-0.33415266028746354,2.4169891879555188,False
0.92,0.1,15,1.0,2,3.36,0.499901106634277,2,-0.31206228258335333,2.6156904890857935,False
0.92,0.1,15,1.33,1,0.0,0.41960293593842607,2,-0.4138839838357457,2.5250266596053734,False
0.92,0.1,15,1.33,1,3.36,0.5572048396395477,2,-0.2907076222404532,2.7158349787345086,False
0.92,0.1,15,1.33,2,0.0,0.6318956438117552,2,-0.23085732142810786,2.7158349787345086,False
0.92,0.1,15,1.33,2,3.36,0.6648684718235865,3,-0.19600649283062338,2.8940904670928775,False
0.92,0.1,15,1.5,1,0.0,0.4732363939155196,2,-0.3707476131417828,2.818270726221202,False
0.92,0.1,15,1.5,1,3.36,0.6284265108716722,3,-0.24757125154649035,2.9904263719870086,False
0.92,0.1,15,1.5,2,0.0,0.7126642599380717,3,-0.19227146174155452,2.9904263719870086,False
0.92,0.1,15,1.5,2,3.36,0.7498516599514155,4,-0.14850721873926626,3.1531967725271097,False
0.92,0.1,15,2.0,1,0.0,0.6309818585540261,3,-0.27709958705119225,3.7287722595566932,False
0.92,0.1,15,2.0,1,3.36,0.8379020144955628,3,-0.15392322545589987,3.860536564214815,False
0.92,0.1,15,2.0,2,0.0,0.9502190132507623,4,-0.11319935022587088,3.860536564214815,False
0.92,0.1,15,2.0,2,3.36,0.999802213268554,4,-0.04015907204292862,3.987949669145729,False
0.92,0.2,-15,0.75,1,0.0,0.4583881857301688,2,-0.34571669349162276,2.6744729434454357,False
0.92,0.2,-15,0.75,1,3.36,0.5344385720336337,2,-0.27891388518558463,2.8553118087560403,False
0.92,0.2,-15,0.75,2,0.0,0.7424092870353121,2,-0.14592865960252654,2.8553118087560403,False
0.92,0.2,-15,0.75,2,3.36,0.7740046748781817,2,-0.12265093670670042,3.0253603959233835,False
0.92,0.2,-15,1.0,1,0.0,0.6111842476402253,2,-0.22581684536282312,2.3647064796066926,False
0.92,0.2,-15,1.0,1,3.36,0.7125847627115116,2,-0.15891485528419133,2.5674572508016325,False
0.92,0.2,-15,1.0,2,0.0,0.9898790493804162,4,-0.032821979497317785,2.5674572508016325,False
0.92,0.2,-15,1.0,2,3.36,1.0320062331709092,5,-0.0059133138770051785,2.75532878885513,True
0.92,0.2,-15,1.33,1,0.0,0.812875049361497,3,-0.11048957187442045,2.669411851273211,False
0.92,0.2,-15,1.33,1,3.36,0.9477377344063077,3,-0.043421753429957355,2.8505718078515176,False
0.92,0.2,-15,1.33,2,0.0,1.316539135675952,6,0.07133201527357118,2.8505718078515176,True
0.92,0.2,-15,1.33,2,3.36,1.372568290117308,7,0.10416711907777637,3.0208872259185493,True
0.92,0.2,-15,1.5,1,0.0,0.9167763714603376,4,-0.06342795913835587,2.9483300165136503,False
0.92,0.2,-15,1.5,1,3.36,1.0688771440672673,6,0.0037394014551497233,3.113302087217908,True
0.92,0.2,-15,1.5,2,0.0,1.4848185740706241,7,0.1117999045251507,3.113302087217908,True
0.92,0.2,-15,1.5,2,3.36,1.5480093497563634,7,0.14810417857897057,3.2699617560875818,True
0.92,0.2,-15,2.0,1,0.0,1.2223684952804506,7,0.04342036711343375,3.828020710973169,True
0.92,0.2,-15,2.0,1,3.36,1.4251695254230232,7,0.11092836243320386,3.9564810834426503,True
0.92,0.2,-15,2.0,2,0.0,1.9797580987608323,7,0.2154833752691588,3.9564810834426503,True
0.92,0.2,-15,2.0,2,3.36,2.0640124663418185,7,0.24440783524817666,4.080899724771429,True
0.92,0.2,-10,0.75,1,0.0,0.3685478761397156,2,-0.443958378068585,2.1451771761461633,False
0.92,0.2,-10,0.75,1,3.36,0.43241089759415713,2,-0.3745556603847252,2.3668090580058263,False
0.92,0.2,-10,0.75,2,0.0,0.5637256481164518,2,-0.2610420178581159,2.3668090580058263,False
0.92,0.2,-10,0.75,2,3.36,0.5848344976587003,2,-0.2390736428356563,2.5693939201800933,False
0.92,0.2,-10,1.0,1,0.0,0.4913971681862875,2,-0.3265538921825867,1.743793659390529,False
0.92,0.2,-10,1.0,1,3.36,0.5765478634588762,2,-0.2571511744987269,2.0101781827814698,False
0.92,0.2,-10,1.0,2,0.0,0.7516341974886029,2,-0.14480938551821904,2.0101781827814698,False
0.92,0.2,-10,1.0,2,3.36,0.7797793302116003,2,-0.11856879354315338,2.245176235071673,False
0.92,0.2,-10,1.33,1,0.0,0.6535582336877603,2,-0.21537352818692204,2.1388640030526966,False
0.92,0.2,-10,1.33,1,3.36,0.766808658400303,2,-0.1459708105030622,2.3610885674947912,False
0.92,0.2,-10,1.33,2,0.0,0.9996734826598419,4,-0.03555953848149761,2.3610885674947912,False
0.92,0.2,-10,1.33,2,3.36,1.0371065091814258,6,-0.002228794107432385,2.5641254305424694,True
0.92,0.2,-10,1.5,1,0.0,0.7370957522794312,2,-0.17078551422854754,2.478231118784549,False
0.92,0.2,-10,1.5,1,3.36,0.8648217951883143,4,-0.10138279654468776,2.672382734211572,False
0.92,0.2,-10,1.5,2,0.0,1.1274512962329035,6,0.007887422977461075,2.672382734211572,True
0.92,0.2,-10,1.5,2,3.36,1.1696689953174007,6,0.045441468337431325,2.8533540751389608,True
0.92,0.2,-10,2.0,1,0.0,0.982794336372575,4,-0.07230880593703913,3.478896686519487,False
0.92,0.2,-10,2.0,1,3.36,1.1530957269177524,5,-0.002906088253179298,3.6197682461003304,True
0.92,0.2,-10,2.0,2,0.0,1.5032683949772059,7,0.10256331651061937,3.6197682461003304,True
0.92,0.2,-10,2.0,2,3.36,1.5595586604232006,7,0.1543770729840186,3.75535912470116,True
0.92,0.2,-5,0.75,1,0.0,0.3085039830151214,2,-0.5211915153988878,1.7524762115819057,False
0.92,0.2,-5,0.75,1,3.36,0.37236700446956295,2,-0.43948109979307043,2.017714764816987,False
0.92,0.2,-5,0.75,2,0.0,0.49091772443038684,2,-0.31525753755330127,2.017714764816987,False
0.92,0.2,-5,0.75,2,3.36,0.5087835936271099,2,-0.29957352679986765,2.2519264801854586,False
0.92,0.2,-5,1.0,1,0.0,0.41133864402016185,2,-0.4037870295128894,1.228903609577518,False
0.92,0.2,-5,1.0,1,3.36,0.4964893392927506,2,-0.32207661390707215,1.5843623580584882,False
0.92,0.2,-5,1.0,2,0.0,0.6545569659071824,2,-0.20215085744809255,1.5843623580584882,False
0.92,0.2,-5,1.0,2,3.36,0.6783781248361465,2,-0.17906867750736472,1.8735538640862859,False
0.92,0.2,-5,1.33,1,0.0,0.5470803965468135,2,-0.2926066655172248,1.7447426683200724,False
0.92,0.2,-5,1.33,1,3.36,0.6603308212593562,2,-0.21089624991140754,2.0110014864879253,False
0.92,0.2,-5,1.33,2,0.0,0.8705607646565502,2,-0.09799686267720359,2.0110014864879253,False
0.92,0.2,-5,1.33,2,3.36,0.9022429060320725,4,-0.06272867807164373,2.245913395181712,False
0.92,0.2,-5,1.5,1,0.0,0.6170079660302428,2,-0.24801865155885028,2.1473279286625404,False
0.92,0.2,-5,1.5,1,3.36,0.7447340089391259,3,-0.16630823595303298,2.3687585848317587,False
0.92,0.2,-5,1.5,2,0.0,0.9818354488607737,4,-0.05752897342562402,2.3687585848317587,False
0.92,0.2,-5,1.5,2,3.36,1.0175671872542198,5,-0.01505841562678004,2.571189847758068,True
0.92,0.2,-5,2.0,1,0.0,0.8226772880403237,4,-0.14954194326734183,3.2514781116560365,False
0.92,0.2,-5,2.0,1,3.36,0.9929786785855012,4,-0.06783152766152457,3.4017804030504823,False
0.92,0.2,-5,2.0,2,0.0,1.3091139318143648,6,0.0274060465218188,3.4017804030504823,True
0.92,0.2,-5,2.0,2,3.36,1.356756249672293,6,0.09387718901980727,3.5457171221881625,True
0.92,0.2,0,0.75,1,0.0,0.2657366249645836,2,-0.5860008759991794,1.6003027184029321,False
0.92,0.2,0,0.75,1,3.36,0.3295996464190251,2,-0.4924655537360274,1.887052937924057,False
0.92,0.2,0,0.75,2,0.0,0.4330172099617009,2,-0.380066898153593,1.887052937924057,False
0.92,0.2,0,0.75,2,3.36,0.4532423638615647,2,-0.34977612936815244,2.135642477225019,False
0.92,0.2,0,1.0,1,0.0,0.35431549995277817,2,-0.46859639011318105,1.0,False
0.92,0.2,0,1.0,1,3.36,0.43946619522536684,2,-0.375061067850029,1.4142135623730951,False
0.92,0.2,0,1.0,2,0.0,0.5773562799489347,2,-0.26696021804838416,1.4142135623730951,False
0.92,0.2,0,1.0,2,3.36,0.6043231518154195,2,-0.2292712800756495,1.7320508075688772,False
0.92,0.2,0,1.33,1,0.0,0.4712396149371935,2,-0.35741602611751644,1.591830046526322,False
0.92,0.2,0,1.33,1,3.36,0.5844900396497361,2,-0.2638807038543644,1.8798731066282086,False
0.92,0.2,0,1.33,2,0.0,0.7678838523320821,2,-0.16280622327749522,1.8798731066282086,False
0.92,0.2,0,1.33,2,3.36,0.8037497919145059,3,-0.11293128063992855,2.1293010348525154,False
0.92,0.2,0,1.5,1,0.0,0.5314732499291672,2,-0.31282801215914197,2.025046456647724,False
0.92,0.2,0,1.5,1,3.36,0.6591992928380502,3,-0.21929268989598993,2.2584979857377565,False
0.92,0.2,0,1.5,2,0.0,0.8660344199234018,3,-0.12233833402591573,2.2584979857377565,False
0.92,0.2,0,1.5,2,3.36,0.9064847277231294,4,-0.06526101819506486,2.469982419285915,False
0.92,0.2,0,2.0,1,0.0,0.7086309999055563,4,-0.2143513038676335,3.1720507292516067,False
0.92,0.2,0,2.0,1,3.36,0.8789323904507337,4,-0.12081598160448148,3.3259443514505245,False
0.92,0.2,0,2.0,2,0.0,1.1547125598978694,5,-0.03740331407847278,3.3259443514505245,True
0.92,0.2,0,2.0,2,3.36,1.208646303630839,5,0.04367458645152245,3.4730254575723527,True
0.92,0.2,5,0.75,1,0.0,0.23460264195911096,1,-0.6401193922880242,1.7524762115819057,False
0.92,0.2,5,0.75,1,3.36,0.29846566341355246,2,-0.5355579153616821,2.017714764816987,False
0.92,0.2,5,0.75,2,0.0,0.38228445734312017,2,-0.43418541444243774,2.017714764816987,False
0.92,0.2,5,0.75,2,3.36,0.4122724723641919,2,-0.39092228757589464,2.2519264801854586,False
0.92,0.2,5,1.0,1,0.0,0.3128035226121479,2,-0.5227149064020259,1.228903609577518,False
0.92,0.2,5,1.0,1,3.36,0.3979542178847366,2,-0.41815342947568374,1.5843623580584882,False
0.92,0.2,5,1.0,2,0.0,0.5097126097908269,2,-0.321078734337229,1.5843623580584882,False
0.92,0.2,5,1.0,2,3.36,0.5496966298189224,2,-0.27041743828339176,1.8735538640862859,False
0.92,0.2,5,1.33,1,0.0,0.41602868507415547,2,-0.41153454240636117,1.7447426683200724,False
0.92,0.2,5,1.33,1,3.36,0.5292791097866981,2,-0.30697306548001907,2.0110014864879253,False
0.92,0.2,5,1.33,2,0.0,0.6779177710217991,2,-0.21692473956633995,2.0110014864879253,False
0.92,0.2,5,1.33,2,3.36,0.7310965176591651,3,-0.15407743884767072,2.245913395181712,False
0.92,0.2,5,1.5,1,0.0,0.4692052839182219,2,-0.3669465284479867,2.1473279286625404,False
0.92,0.2,5,1.5,1,3.36,0.5969313268271049,3,-0.2623850515216446,2.3687585848317587,False
0.92,0.2,5,1.5,2,0.0,0.7645689146862403,3,-0.17645685031476047,2.3687585848317587,False
0.92,0.2,5,1.5,2,3.36,0.8245449447283838,3,-0.10640717640280706,2.571189847758068,False
0.92,0.2,5,2.0,1,0.0,0.6256070452242958,3,-0.2684698201564783,3.2514781116560365,False
0.92,0.2,5,2.0,1,3.36,0.7959084357694732,3,-0.16390834323013617,3.4017804030504823,False
0.92,0.2,5,2.0,2,0.0,1.0194252195816538,5,-0.09152183036731763,3.4017804030504823,True
0.92,0.2,5,2.0,2,3.36,1.0993932596378448,5,0.0025284282437802244,3.5457171221881625,True
0.92,0.2,10,0.75,1,0.0,0.21166343963703496,1,-0.6848064415170613,2.1451771761461633,False
0.92,0.2,10,0.75,1,3.36,0.2755264610914765,2,-0.5702889767758463,2.3668090580058263,False
0.92,0.2,10,0.75,2,0.0,0.34490508071569387,2,-0.4788724636714749,2.3668090580058263,False
0.92,0.2,10,0.75,2,3.36,0.3820946201351532,2,-0.4239357023927979,2.5693939201800933,False
0.92,0.2,10,1.0,1,0.0,0.28221791951604663,2,-0.567401955631063,1.743793659390529,False
0.92,0.2,10,1.0,1,3.36,0.3673686147886353,2,-0.45288449088984806,2.0101781827814698,False
0.92,0.2,10,1.0,2,0.0,0.4598734409542585,2,-0.3657657835662661,2.0101781827814698,False
0.92,0.2,10,1.0,2,3.36,0.5094594935135376,2,-0.30343085310029494,2.245176235071673,False
0.92,0.2,10,1.33,1,0.0,0.37534983295634083,2,-0.4562215916353984,2.1388640030526966,False
0.92,0.2,10,1.33,1,3.36,0.48860025766888343,2,-0.3417041268941835,2.3610885674947912,False
0.92,0.2,10,1.33,2,0.0,0.611631676469163,2,-0.26161178879537716,2.3610885674947912,False
0.92,0.2,10,1.33,2,3.36,0.6775811263730032,3,-0.187090853664574,2.5641254305424694,False
0.92,0.2,10,1.5,1,0.0,0.4233268792740699,2,-0.4116335776770239,2.478231118784549,False
0.92,0.2,10,1.5,1,3.36,0.551052922182953,3,-0.297116112935809,2.672382734211572,False
0.92,0.2,10,1.5,2,0.0,0.6898101614313877,3,-0.2211438995437976,2.672382734211572,False
0.92,0.2,10,1.5,2,3.36,0.7641892402703064,3,-0.13942059121971026,2.8533540751389608,False
0.92,0.2,10,2.0,1,0.0,0.5644358390320933,3,-0.3131568693855154,3.478896686519487,False
0.92,0.2,10,2.0,1,3.36,0.7347372295772706,3,-0.19863940464430052,3.6197682461003304,False
0.92,0.2,10,2.0,2,0.0,0.919746881908517,3,-0.13620887959635472,3.6197682461003304,False
0.92,0.2,10,2.0,2,3.36,1.0189189870270752,5,-0.030484986573122937,3.75535912470116,True
0.92,0.2,15,0.75,1,0.0,0.19474375411540132,1,-0.7209887531330281,2.6744729434454357,False
0.92,0.2,15,0.75,1,3.36,0.2586067755698428,2,-0.5978123915377357,2.8553118087560403,False
0.92,0.2,15,0.75,2,0.0,0.31733449266075925,1,-0.5150547752874417,2.8553118087560403,False
0.92,0.2,15,0.75,2,3.36,0.3602497531107489,2,-0.4495029334371477,3.0253603959233835,False
0.92,0.2,15,1.0,1,0.0,0.25965833882053513,2,-0.6035842672470297,2.3647064796066926,False
0.92,0.2,15,1.0,1,3.36,0.34480903409312375,2,-0.48040790565173735,2.5674572508016325,False
0.92,0.2,15,1.0,2,0.0,0.4231126568810124,2,-0.40194809518223285,2.5674572508016325,False
0.92,0.2,15,1.0,2,3.36,0.48033300414766517,2,-0.32899808414464476,2.75532878885513,False
0.92,0.2,15,1.33,1,0.0,0.3453455906313106,2,-0.4924039032513652,2.669411851273211,False
0.92,0.2,15,1.33,1,3.36,0.4585960153438532,2,-0.36922754165607274,2.8505718078515176,False
0.92,0.2,15,1.33,2,0.0,0.5627398336517457,2,-0.29779410041134396,2.8505718078515176,False
0.92,0.2,15,1.33,2,3.36,0.638842895516393,3,-0.2126580847089239,3.0208872259185493,False
0.92,0.2,15,1.5,1,0.0,0.38948750823080264,2,-0.44781588929299065,2.9483300165136503,False
0.92,0.2,15,1.5,1,3.36,0.5172135511396856,3,-0.32463952769769827,3.113302087217908,False
0.92,0.2,15,1.5,2,0.0,0.6346689853215185,3,-0.2573262111597644,3.113302087217908,False
0.92,0.2,15,1.5,2,3.36,0.7204995062214978,3,-0.1649878222640601,3.2699617560875818,False
0.92,0.2,15,2.0,1,0.0,0.5193166776410703,3,-0.3493391810014822,3.828020710973169,False
0.92,0.2,15,2.0,1,3.36,0.6896180681862475,3,-0.22616281940618982,3.9564810834426503,False
0.92,0.2,15,2.0,2,0.0,0.8462253137620248,3,-0.1723911912123215,3.9564810834426503,False
0.92,0.2,15,2.0,2,3.36,0.9606660082953303,4,-0.05605221761747281,4.080899724771429,False
0.92,0.3,-15,0.75,1,0.0,0.3961577659814984,2,-0.408283746578119,2.8987593079146277,False
0.92,0.3,-15,0.75,1,3.36,0.44051384088328716,2,-0.3622511020258233,3.0663994399330448,False
0.92,0.3,-15,0.75,2,0.0,0.6342346674552857,2,-0.2072073964583402,3.0663994399330448,False
0.92,0.3,-15,0.75,2,3.36,0.6586028975826345,2,-0.18720996024245004,3.2253380482085428,False
0.92,0.3,-15,1.0,1,0.0,0.528210354641998,2,-0.2878114263424894,2.615690489085793,False
0.92,0.3,-15,1.0,1,3.36,0.5873517878443836,2,-0.24182095940181617,2.8003279691303797,False
0.92,0.3,-15,1.0,2,0.0,0.8456462232737145,2,-0.08909670437737092,2.8003279691303797,False
0.92,0.3,-15,1.0,2,3.36,0.878137196776846,2,-0.06650893621291677,2.973522613785521,False
0.92,0.3,-15,1.33,1,0.0,0.7025197716738552,2,-0.1715259501861226,2.8940904670928775,False
0.92,0.3,-15,1.33,1,3.36,0.7811778778330303,2,-0.12560616666586125,3.0619862233063477,False
0.92,0.3,-15,1.33,2,0.0,1.1247094769540393,6,0.023252315702986037,3.0619862233063477,True
0.92,0.3,-15,1.33,2,3.36,1.1679224717132022,7,0.05016005332101252,3.2211425972343837,True
0.92,0.3,-15,1.5,1,0.0,0.7923155319629968,3,-0.12388850117038369,3.1531967725271093,False
0.92,0.3,-15,1.5,1,3.36,0.8810276817665743,3,-0.07801124906727169,3.3079676368240634,False
0.92,0.3,-15,1.5,2,0.0,1.2684693349105713,7,0.06853434152027957,3.3079676368240634,True
0.92,0.3,-15,1.5,2,3.36,1.317205795165269,7,0.09802841780909402,3.4558139252968147,True
0.92,0.3,-15,2.0,1,0.0,1.056420709283996,5,-0.015065697394501497,3.9879496691457286,True
0.92,0.3,-15,2.0,1,3.36,1.1747035756887672,6,0.030665392819840098,4.111416126304843,True
0.92,0.3,-15,2.0,2,0.0,1.691292446547429,7,0.16934167677905337,4.111416126304843,True
0.92,0.3,-15,2.0,2,3.36,1.756274393553692,7,0.18927688968824824,4.231281432809631,True
0.92,0.3,-10,0.75,1,0.0,0.30139849932344664,2,-0.5294978012223869,2.41904632387609,False
0.92,0.3,-10,0.75,1,3.36,0.3536256862773956,2,-0.4600950835385272,2.6175914725293605,False
0.92,0.3,-10,0.75,2,0.0,0.4897978205056409,2,-0.3177906413423454,2.6175914725293605,False
0.92,0.3,-10,0.75,2,3.36,0.5573677973264636,2,-0.25969172418536585,2.80210369491538,False
0.92,0.3,-10,1.0,1,0.0,0.4018646657645955,2,-0.410804544792235,2.071428571428571,False
0.92,0.3,-10,1.0,1,3.36,0.4715009150365274,2,-0.34140182710837524,2.300177455443517,False
0.92,0.3,-10,1.0,2,0.0,0.653063760674188,2,-0.1996720932863692,2.300177455443517,False
0.92,0.3,-10,1.0,2,3.36,0.7431570631019515,2,-0.13899070015583254,2.508149980868491,False
0.92,0.3,-10,1.33,1,0.0,0.5344800054669105,2,-0.29748852477613896,2.4134496521689868,False
0.92,0.3,-10,1.33,1,3.36,0.6270962169985798,2,-0.22808580709227916,2.6124201851070215,False
0.92,0.3,-10,1.33,2,0.0,0.868574801696668,2,-0.09254820171246116,2.6124201851070215,False
0.92,0.3,-10,1.33,2,3.36,0.988398893925593,4,-0.02314548402860133,2.7972735339173758,False
0.92,0.3,-10,1.5,1,0.0,0.6027969986468933,2,-0.2516304009897821,2.718755133900829,False
0.92,0.3,-10,1.5,1,3.36,0.7072513725547912,2,-0.18222768330592232,2.896830937095245,False
0.92,0.3,-10,1.5,2,0.0,0.9795956410112818,4,-0.05034993400973719,2.896830937095245,False
0.92,0.3,-10,1.5,2,3.36,1.1147355946529272,5,0.01905278367412261,3.064576557717577,True
0.92,0.3,-10,2.0,1,0.0,0.803729331529191,4,-0.14887760808957753,3.654137676042908,False
0.92,0.3,-10,2.0,1,3.36,0.9430018300730548,4,-0.07947489040571776,3.788498667741123,False
0.92,0.3,-10,2.0,2,0.0,1.306127521348376,7,0.040210957228507,3.788498667741123,True
0.92,0.3,-10,2.0,2,3.36,1.486314126203903,7,0.10961367491236675,3.9182549885728806,True
0.92,0.3,-5,0.75,1,0.0,0.2522945959965705,2,-0.6067309385526897,2.078743099125158,False
0.92,0.3,-5,0.75,1,3.36,0.3045217829505195,2,-0.5250205229468723,2.3067667572081203,False
0.92,0.3,-5,0.75,2,0.0,0.41890562460685493,2,-0.39183960583042554,2.3067667572081203,False
0.92,0.3,-5,0.75,2,3.36,0.48488861726018967,2,-0.32019160814957714,2.5141942789212743,False
0.92,0.3,-5,1.0,1,0.0,0.336392794662094,2,-0.48803768212253773,1.6613861928018578,False
0.92,0.3,-5,1.0,1,3.36,0.40602904393402595,2,-0.40632726651672046,1.9391245657854608,False
0.92,0.3,-5,1.0,2,0.0,0.5585408328091397,2,-0.276905230616672,1.9391245657854608,False
0.92,0.3,-5,1.0,2,3.36,0.6465181563469196,2,-0.1994905841200439,2.181789192757323,False
0.92,0.3,-5,1.33,1,0.0,0.44740241690058374,2,-0.3747216621064417,2.0722275402707697,False
0.92,0.3,-5,1.33,1,3.36,0.540018628432253,2,-0.29301124650062443,2.300896994360383,False
0.92,0.3,-5,1.33,2,0.0,0.7428593076361552,2,-0.16978133904276388,2.300896994360383,False
0.92,0.3,-5,1.33,2,3.36,0.8598691479414008,3,-0.08807092343694656,2.5088098729590183,False
0.92,0.3,-5,1.5,1,0.0,0.504589191993141,2,-0.32886353832008486,2.420953785848494,False
0.92,0.3,-5,1.5,1,3.36,0.609043565901039,2,-0.24715312271426754,2.619354354266363,False
0.92,0.3,-5,1.5,2,0.0,0.8378112492137099,2,-0.12758307134003993,2.619354354266363,False
0.92,0.3,-5,1.5,2,3.36,0.9697772345203793,4,-0.04587265573422265,2.8037505654416113,False
0.92,0.3,-5,2.0,1,0.0,0.672785589324188,3,-0.22611074541988027,3.438329523268284,False
0.92,0.3,-5,2.0,1,3.36,0.8120580878680519,4,-0.144400329814063,3.5807973847424406,False
0.92,0.3,-5,2.0,2,0.0,1.1170816656182794,5,-0.03702218010179581,3.5807973847424406,True
0.92,0.3,-5,2.0,2,3.36,1.2930363126938391,5,0.04468823550402147,3.7178098271130415,True
0.92,0.3,0,0.75,1,0.0,0.21731944521975793,1,-0.6715402991529813,1.9521702770321583,False
0.92,0.3,0,0.75,1,3.36,0.2695466321737069,2,-0.5780049768898292,2.1933920740551183,False
0.92,0.3,0,0.75,2,0.0,0.3608334834894179,2,-0.4566489664307172,2.1933920740551183,False
0.92,0.3,0,0.75,2,3.36,0.43195587642640443,2,-0.370394210717862,2.4105951112801614,False
0.92,0.3,0,1.0,1,0.0,0.2897592602930106,2,-0.5528470427228294,1.4999999999999998,False
0.92,0.3,0,1.0,1,3.36,0.3593955095649425,2,-0.45931172045967733,1.8027756377319943,False
0.92,0.3,0,1.0,2,0.0,0.48111131131922374,2,-0.34171459121696357,1.8027756377319943,False
0.92,0.3,0,1.0,2,3.36,0.5759411685685393,2,-0.2496931866883287,2.06155281280883,False
0.92,0.3,0,1.33,1,0.0,0.38537981618970296,2,-0.43953102270673333,1.9452308081623608,False
0.92,0.3,0,1.33,1,3.36,0.4779960277213722,2,-0.3459957004435813,2.187218072580782,False
0.92,0.3,0,1.33,2,0.0,0.639878044054567,2,-0.23459069964305548,2.187218072580782,False
0.92,0.3,0,1.33,2,3.36,0.7660017541961552,3,-0.14105537737990348,2.404978772676381,False
0.92,0.3,0,1.5,1,0.0,0.43463889043951587,2,-0.3936728989203765,2.313182472608139,False
0.92,0.3,0,1.5,1,3.36,0.5390932643474138,2,-0.3001375766572244,2.520081973186885,False
0.92,0.3,0,1.5,2,0.0,0.7216669669788358,2,-0.1923924319403316,2.520081973186885,False
0.92,0.3,0,1.5,2,3.36,0.8639117528528089,3,-0.09885710967717962,2.7112383059372527,False
0.92,0.3,0,2.0,1,0.0,0.5795185205860212,2,-0.2909201060201719,3.3633176818352517,False
0.92,0.3,0,2.0,1,3.36,0.718791019129885,3,-0.19738478375701987,3.5088325450134623,False
0.92,0.3,0,2.0,2,0.0,0.9622226226384475,4,-0.1018315407020874,3.5088325450134623,False
0.92,0.3,0,2.0,2,3.36,1.1518823371370785,5,-0.008296218438935368,3.6485484550634175,True
0.92,0.3,5,0.75,1,0.0,0.19185807001364005,1,-0.725658815441826,2.078743099125158,False
0.92,0.3,5,0.75,1,3.36,0.244085256967589,2,-0.6210973385154839,2.3067667572081203,False
0.92,0.3,5,0.75,2,0.0,0.31855785232919565,2,-0.510767482719562,2.3067667572081203,False
0.92,0.3,5,0.75,2,3.36,0.3929101322508938,2,-0.4115403689256042,2.5141942789212743,False
0.92,0.3,5,1.0,1,0.0,0.2558107600181867,2,-0.6069655590116743,1.6613861928018578,False
0.92,0.3,5,1.0,1,3.36,0.32544700929011866,2,-0.502404082085332,1.9391245657854608,False
0.92,0.3,5,1.0,2,0.0,0.42474380310559406,2,-0.3958331075058084,1.9391245657854608,False
0.92,0.3,5,1.0,2,3.36,0.5238801763345251,2,-0.2912716305794663,2.181789192757323,False
0.92,0.3,5,1.33,1,0.0,0.3402283108241874,2,-0.493649538995578,2.0722275402707697,False
0.92,0.3,5,1.33,1,3.36,0.43284452235585663,2,-0.38908806206923596,2.300896994360383,False
0.92,0.3,5,1.33,2,0.0,0.5649092581304397,2,-0.28870921593190024,2.300896994360383,False
0.92,0.3,5,1.33,2,3.36,0.6967606345249167,3,-0.18414773900555817,2.5088098729590183,False
0.92,0.3,5,1.5,1,0.0,0.3837161400272801,2,-0.4477914152092213,2.420953785848494,False
0.92,0.3,5,1.5,1,3.36,0.488170513935178,2,-0.3432299382828792,2.619354354266363,False
0.92,0.3,5,1.5,2,0.0,0.6371157046583913,2,-0.24651094822917635,2.619354354266363,False
0.92,0.3,5,1.5,2,3.36,0.7858202645017875,3,-0.14194947130283425,2.8037505654416113,False
0.92,0.3,5,2.0,1,0.0,0.5116215200363734,2,-0.34503862230901666,3.438329523268284,False
0.92,0.3,5,2.0,1,3.36,0.6508940185802373,3,-0.24047714538267456,3.5807973847424406,False
0.92,0.3,5,2.0,2,0.0,0.8494876062111881,4,-0.1559500569909322,3.5807973847424406,False
0.92,0.3,5,2.0,2,3.36,1.0477603526690502,5,-0.05138858006459009,3.7178098271130415,True
0.92,0.3,10,0.75,1,0.0,0.17309838747804027,1,-0.7703458646708631,2.41904632387609,False
0.92,0.3,10,0.75,1,3.36,0.22532557443198925,2,-0.6558283999296481,2.6175914725293605,False
0.92,0.3,10,0.75,2,0.0,0.28740959685840245,1,-0.5554545319485991,2.6175914725293605,False
0.92,0.3,10,0.75,2,3.36,0.36414958017628146,2,-0.4445537837425074,2.80210369491538,False
0.92,0.3,10,1.0,1,0.0,0.2307978499707203,2,-0.6516526082407114,2.071428571428571,False
0.92,0.3,10,1.0,1,3.36,0.30043409924265224,2,-0.5371351434994964,2.300177455443517,False
0.92,0.3,10,1.0,2,0.0,0.38321279581120316,2,-0.4405201567348455,2.300177455443517,False
0.92,0.3,10,1.0,2,3.36,0.4855327735683753,2,-0.3260026919936306,2.508149980868491,False
0.92,0.3,10,1.33,1,0.0,0.30696114046105716,2,-0.5383365882246153,2.4134496521689868,False
0.92,0.3,10,1.33,1,3.36,0.39957735199272637,2,-0.42381912348340034,2.6124201851070215,False
0.92,0.3,10,1.33,2,0.0,0.5096730184288998,2,-0.33339626516093734,2.6124201851070215,False
0.92,0.3,10,1.33,2,3.36,0.6457585888459375,3,-0.21887880041972252,2.7972735339173758,False
0.92,0.3,10,1.5,1,0.0,0.34619677495608053,2,-0.4924784644382584,2.718755133900829,False
0.92,0.3,10,1.5,1,3.36,0.4506511488639785,2,-0.37796099969704344,2.896830937095245,False
0.92,0.3,10,1.5,2,0.0,0.5748191937168049,2,-0.2911979974582135,2.896830937095245,False
0.92,0.3,10,1.5,2,3.36,0.7282991603525629,3,-0.17668053271699852,3.064576557717577,False
0.92,0.3,10,2.0,1,0.0,0.4615956999414406,2,-0.3897256715380538,3.654137676042908,False
0.92,0.3,10,2.0,1,3.36,0.6008681984853045,3,-0.27520820679683894,3.788498667741123,False
0.92,0.3,10,2.0,2,0.0,0.7664255916224063,3,-0.2006371062199693,3.788498667741123,False
0.92,0.3,10,2.0,2,3.36,0.9710655471367506,3,-0.08611964147875441,3.9182549885728806,False
0.92,0.3,15,0.75,1,0.0,0.15926146653669748,0,-0.8065281762868299,2.8987593079146277,False
0.92,0.3,15,0.75,1,3.36,0.21148865349064644,1,-0.6833518146915375,3.0663994399330448,False
0.92,0.3,15,0.75,2,0.0,0.26443501039659945,1,-0.5916368435645659,3.0663994399330448,False
0.92,0.3,15,0.75,2,3.36,0.3433306553949543,2,-0.4701210147868573,3.2253380482085428,False
0.92,0.3,15,1.0,1,0.0,0.21234862204892999,1,-0.6878349198566781,2.615690489085793,False
0.92,0.3,15,1.0,1,3.36,0.28198487132086186,2,-0.5646585582613858,2.8003279691303797,False
0.92,0.3,15,1.0,2,0.0,0.35258001386213256,2,-0.47670246835081226,2.8003279691303797,False
0.92,0.3,15,1.0,2,3.36,0.45777420719327244,2,-0.35352610675551993,2.973522613785521,False
0.92,0.3,15,1.33,1,0.0,0.28242366732507607,2,-0.574518899840582,2.8940904670928775,False
0.92,0.3,15,1.33,1,3.36,0.3750398788567453,2,-0.4513425382452896,3.0619862233063477,False
0.92,0.3,15,1.33,2,0.0,0.4689314184366358,2,-0.3695785767769042,3.0619862233063477,False
0.92,0.3,15,1.33,2,3.36,0.6088396955670508,3,-0.24640221518161176,3.2211425972343837,False
0.92,0.3,15,1.5,1,0.0,0.31852293307339496,2,-0.5286607760542252,3.1531967725271093,False
0.92,0.3,15,1.5,1,3.36,0.4229773069812929,2,-0.4054844144589328,3.3079676368240634,False
0.92,0.3,15,1.5,2,0.0,0.5288700207931989,2,-0.3273803090741803,3.3079676368240634,False
0.92,0.3,15,1.5,2,3.36,0.6866613107899086,3,-0.20420394747888787,3.4558139252968147,False
0.92,0.3,15,2.0,1,0.0,0.42469724409785997,2,-0.42590798315402056,3.9879496691457286,False
0.92,0.3,15,2.0,1,3.36,0.5639697426417237,3,-0.30273162155872824,4.111416126304843,False
0.92,0.3,15,2.0,2,0.0,0.7051600277242651,3,-0.23681941783593607,4.111416126304843,False
0.92,0.3,15,2.0,2,3.36,0.9155484143865449,3,-0.11364305624064372,4.231281432809631,False
1.5,-0.3,-15,0.75,1,0.0,0.9118985193868251,4,-0.060157573476828645,3.2258392288476854,False
1.5,-0.3,-15,0.75,1,3.36,1.0397207284675398,5,-0.0031873816375593868,3.377282743622842,True
1.5,-0.3,-15,0.75,2,0.0,1.2070297895716458,5,0.055583438125753795,3.377282743622842,True
1.5,-0.3,-15,0.75,2,3.36,1.3762209998315569,5,0.11255362996502305,3.5222207100595826,True
1.5,-0.3,-15,1.0,1,0.0,1.2158646925157666,5,0.050504457663067416,2.974066229902222,True
1.5,-0.3,-15,1.0,1,3.36,1.3862943046233862,5,0.1074746495023367,3.1376854431005055,True
1.5,-0.3,-15,1.0,2,0.0,1.6093730527621941,5,0.16213206942802794,3.1376854431005055,True
1.5,-0.3,-15,1.0,2,3.36,1.8349613331087424,5,0.2191022612672972,3.2931853789066925,True
1.5,-0.3,-15,1.33,1,0.0,1.6171000410459648,5,0.1507285948099925,3.221644430546116,True
1.5,-0.3,-15,1.33,1,3.36,1.8437714251490982,5,0.20769878664926175,3.37327627639196,True
1.5,-0.3,-15,1.33,2,0.0,2.140466160173714,6,0.2558546951293787,3.37327627639196,True
1.5,-0.3,-15,1.33,2,3.36,2.4404985730346223,6,0.31282488696864796,3.5183792912175926,True
1.5,-0.3,-15,1.5,1,0.0,1.8237970387736502,5,0.1889322041432754,3.4562816857753824,True
1.5,-0.3,-15,1.5,1,3.36,2.0794414569350796,6,0.24590239598254468,3.5980387840358694,True
1.5,-0.3,-15,1.5,2,0.0,2.4140595791432915,6,0.2903764443729171,3.5980387840358694,True
1.5,-0.3,-15,1.5,2,3.36,2.7524419996631138,8,0.3473466362121864,3.734418708638109,True
1.5,-0.3,-15,2.0,1,0.0,2.431729385031533,8,0.2669130850911799,4.231663475371177,True
1.5,-0.3,-15,2.0,1,3.36,2.7725886092467724,8,0.32388327693044916,4.348215239473602,True
1.5,-0.3,-15,2.0,2,0.0,3.2187461055243882,8,0.35960470132630473,4.348215239473602,True
1.5,-0.3,-15,2.0,2,3.36,3.669922666217485,8,0.41657489316557406,4.461723407921032,True
1.5,-0.3,-10,0.75,1,0.0,0.6662711514856442,2,-0.19143969041079184,2.80268056014405,False
1.5,-0.3,-10,0.75,1,3.36,0.6686599700671996,2,-0.18988537525720084,2.975738281873822,False
1.5,-0.3,-10,0.75,2,0.0,0.9404739447553161,2,-0.04751832863815156,2.975738281873822,False
1.5,-0.3,-10,0.75,2,3.36,0.9438458776833599,3,-0.045964013484560584,3.139270348697188,False
1.5,-0.3,-10,1.0,1,0.0,0.8883615353141924,2,-0.07729991461514542,2.508794437908684,False
1.5,-0.3,-10,1.0,1,3.36,0.8915466267562662,3,-0.07574559946155443,2.7007498091606985,False
1.5,-0.3,-10,1.0,2,0.0,1.2539652596737552,5,0.06262040465513771,2.7007498091606985,True
1.5,-0.3,-10,1.0,2,3.36,1.2584611702444803,5,0.06417471980872871,2.879939154163079,True
1.5,-0.3,-10,1.33,1,0.0,1.181520841967872,5,0.028529474828464532,2.7978513950361164,True
1.5,-0.3,-10,1.33,1,3.36,1.1857570135858304,5,0.03008378998205563,2.9711904059998484,True
1.5,-0.3,-10,1.33,2,0.0,1.6677737953660912,5,0.16200969178206232,2.9711904059998484,True
1.5,-0.3,-10,1.33,2,3.36,1.6737533564251559,6,0.16356400693565337,3.1349597172380927,True
1.5,-0.3,-10,1.5,1,0.0,1.3325423029712884,5,0.06997149584516218,3.0651040248681696,True
1.5,-0.3,-10,1.5,1,3.36,1.3373199401343991,5,0.07152581099875319,3.224106493784449,True
1.5,-0.3,-10,1.5,2,0.0,1.8809478895106322,6,0.19828070375244508,3.224106493784449,True
1.5,-0.3,-10,1.5,2,3.36,1.8876917553667198,7,0.20129035129879896,3.3756277465477518,True
1.5,-0.3,-10,2.0,1,0.0,1.7767230706283847,7,0.15806274121209635,3.918667549132894,True
1.5,-0.3,-10,2.0,1,3.36,1.7830932535125323,7,0.15961705636568735,4.04424966596119,True
1.5,-0.3,-10,2.0,2,0.0,2.5079305193475103,8,0.26750896070583274,4.04424966596119,True
1.5,-0.3,-10,2.0,2,3.36,2.5169223404889607,8,0.27795968675659,4.166047930668489,True
1.5,-0.3,-5,0.75,1,0.0,0.46895929809385767,2,-0.3439555487314266,2.5148371870384385,False
1.5,-0.3,-5,0.75,1,3.36,0.48105718739188785,2,-0.3242706651282038,2.7063639957166528,False
1.5,-0.3,-5,0.75,2,0.0,0.6619587235986121,2,-0.20003418695878628,2.7063639957166528,False
1.5,-0.3,-5,0.75,2,3.36,0.6653306565266559,2,-0.1978275618831116,2.8852046855139073,False
1.5,-0.3,-5,1.0,1,0.0,0.6252790641251437,2,-0.22981577293578012,2.1825300196752373,False
1.5,-0.3,-5,1.0,1,3.36,0.6414095831891837,2,-0.2040247614564738,2.4007159946115224,False
1.5,-0.3,-5,1.0,2,0.0,0.8826116314648164,3,-0.08989545366549699,2.4007159946115224,False
1.5,-0.3,-5,1.0,2,3.36,0.8871075420355413,3,-0.0876888285898224,2.600660932682996,False
1.5,-0.3,-5,1.33,1,0.0,0.8316211552864385,3,-0.12398638349217009,2.509454160531247,False
1.5,-0.3,-5,1.33,1,3.36,0.8530747456416118,3,-0.08811856438960113,2.7013626531451833,False
1.5,-0.3,-5,1.33,2,0.0,1.1738734698482036,5,0.009493833461427681,2.7013626531451833,True
1.5,-0.3,-5,1.33,2,3.36,1.179853030907268,5,0.011700458537102304,2.880513874954881,True
1.5,-0.3,-5,1.5,1,0.0,0.9379185961877153,4,-0.08254436247547256,2.8043270919001397,False
1.5,-0.3,-5,1.5,1,3.36,0.9621143747837757,4,-0.04070923371224956,2.9772891089655866,False
1.5,-0.3,-5,1.5,2,0.0,1.3239174471972242,6,0.04722017782457327,2.9772891089655866,True
1.5,-0.3,-5,1.5,2,3.36,1.3306613130533118,7,0.04942680290024794,3.140740428364798,True
1.5,-0.3,-5,2.0,1,0.0,1.2505581282502873,6,0.005546882891461616,3.7182446282794848,True
1.5,-0.3,-5,2.0,1,3.36,1.2828191663783675,6,0.047361432392033664,3.8503692181048357,True
1.5,-0.3,-5,2.0,2,0.0,1.7652232629296327,7,0.12388951328236432,3.8503692181048357,True
1.5,-0.3,-5,2.0,2,3.36,1.7742150840710826,7,0.1260961383580389,3.9781079819091443,True
1.5,-0.3,0,0.75,1,0.0,0.37778181992431187,1,-0.4378953898388281,2.4112656418733196,False
1.5,-0.3,0,0.75,1,3.36,0.39184660568548285,2,-0.4220203551737108,2.610402650105679,False
1.5,-0.3,0,0.75,2,0.0,0.49756527740854073,2,-0.3240150313321444,2.610402650105679,False
1.5,-0.3,0,0.75,2,3.36,0.5079148658708604,2,-0.30105941276745596,2.795389417537162,False
1.5,-0.3,0,1.0,1,0.0,0.5037090932324164,2,-0.3237875851615035,2.0623368311580283,False
1.5,-0.3,0,1.0,1,3.36,0.5224621409139778,2,-0.30791255049638616,2.291993282091145,False
1.5,-0.3,0,1.0,2,0.0,0.6634203698780544,2,-0.21387629803885516,2.291993282091145,False
1.5,-0.3,0,1.0,2,3.36,0.6772198211611472,3,-0.1856560600931863,2.5006465574228876,False
1.5,-0.3,0,1.33,1,0.0,0.6699330939991139,2,-0.21801017385527335,2.4056508687203406,False
1.5,-0.3,0,1.33,1,3.36,0.6948746474155907,3,-0.20213513919015597,2.6052170930989473,False
1.5,-0.3,0,1.33,2,0.0,0.882349091937811,3,-0.10209228979297322,2.6052170930989473,False
1.5,-0.3,0,1.33,2,3.36,0.9007023621443233,3,-0.0798701852852673,2.7905476348155984,False
1.5,-0.3,0,1.5,1,0.0,0.7555636398486237,3,-0.1765984534100603,2.7118345002474693,False
1.5,-0.3,0,1.5,1,3.36,0.7836932113709657,3,-0.160723418744943,2.890336720303093,False
1.5,-0.3,0,1.5,2,0.0,0.9951305548170815,4,-0.06306908296253574,2.890336720303093,False
1.5,-0.3,0,1.5,2,3.36,1.0158297317417209,6,-0.03453437476015254,3.0584385487912686,True
1.5,-0.3,0,2.0,1,0.0,1.0074181864648328,5,-0.08860580607689733,3.6489915091839538,True
1.5,-0.3,0,2.0,1,3.36,1.0449242818279556,5,-0.07273077141177998,3.783535256092718,True
1.5,-0.3,0,2.0,2,0.0,1.3268407397561088,7,0.014946832865854909,3.783535256092718,True
1.5,-0.3,0,2.0,2,3.36,1.3544396423222944,7,0.06645417486830113,3.9134561495047557,True
1.5,-0.3,5,0.75,1,0.0,0.29827767506368236,1,-0.5405156949733619,2.5148371870384385,False
1.5,-0.3,5,0.75,1,3.36,0.31234246082485345,2,-0.5205054166678592,2.7063639957166528,False
1.5,-0.3,5,0.75,2,0.0,0.4139026691995512,1,-0.38995210978660966,2.7063639957166528,False
1.5,-0.3,5,0.75,2,3.36,0.4729636912925976,2,-0.3345528759064327,2.8852046855139073,False
1.5,-0.3,5,1.0,1,0.0,0.397703566751577,2,-0.4264078902960373,2.1825300196752373,False
1.5,-0.3,5,1.0,1,3.36,0.4164566144331384,2,-0.40639761199053454,2.4007159946115224,False
1.5,-0.3,5,1.0,2,0.0,0.5518702255994016,2,-0.26998078097375,2.4007159946115224,False
1.5,-0.3,5,1.0,2,3.36,0.6306182550567968,3,-0.21638765623616935,2.600660932682996,False
1.5,-0.3,5,1.33,1,0.0,0.5289457437795975,2,-0.3206304789898071,2.509454160531247,False
1.5,-0.3,5,1.33,1,3.36,0.5538872971960742,3,-0.30062020068430434,2.7013626531451833,False
1.5,-0.3,5,1.33,2,0.0,0.7339874000472021,3,-0.15453400202362444,2.7013626531451833,False
1.5,-0.3,5,1.33,2,3.36,0.8387222792255398,3,-0.10394823861102738,2.880513874954881,False
1.5,-0.3,5,1.5,1,0.0,0.5965553501273647,2,-0.2743404117965487,2.8043270919001397,False
1.5,-0.3,5,1.5,1,3.36,0.6246849216497069,3,-0.2544175828985341,2.9772891089655866,False
1.5,-0.3,5,1.5,2,0.0,0.8278053383991024,3,-0.1074006582693876,2.9772891089655866,False
1.5,-0.3,5,1.5,2,3.36,0.9459273825851952,4,-0.0586124280859126,3.140740428364798,False
1.5,-0.3,5,2.0,1,0.0,0.795407133503154,4,-0.1609581856784961,3.7182446282794848,False
1.5,-0.3,5,2.0,1,3.36,0.8329132288662768,4,-0.14171802526689267,3.8503692181048357,False
1.5,-0.3,5,2.0,2,0.0,1.1037404511988032,7,-0.0003068962594809585,3.8503692181048357,True
1.5,-0.3,5,2.0,2,3.36,1.2612365101135936,7,0.04237612154254115,3.9781079819091443,True
1.5,-0.3,10,0.75,1,0.0,0.2659938687722265,1,-0.5810791415431298,2.80268056014405,False
1.5,-0.3,10,0.75,1,3.36,0.2814329199603503,2,-0.5565758710333021,2.975738281873822,False
1.5,-0.3,10,0.75,2,0.0,0.4139026691995512,1,-0.38995210978660966,2.975738281873822,False
1.5,-0.3,10,0.75,2,3.36,0.45456641323821406,2,-0.3517833341389532,3.139270348697188,False
1.5,-0.3,10,1.0,1,0.0,0.3546584916963019,2,-0.46046232680606464,2.508794437908684,False
1.5,-0.3,10,1.0,1,3.36,0.375243893280467,2,-0.435959056296237,2.7007498091606985,False
1.5,-0.3,10,1.0,2,0.0,0.5518702255994016,2,-0.26998078097375,2.7007498091606985,False
1.5,-0.3,10,1.0,2,3.36,0.6060885509842854,2,-0.23361811446868988,2.879939154163079,False
1.5,-0.3,10,1.33,1,0.0,0.4716957939560817,2,-0.34393459491254663,2.7978513950361164,False
1.5,-0.3,10,1.33,1,3.36,0.4990743780630212,2,-0.319431324402719,2.9711904059998484,False
1.5,-0.3,10,1.33,2,0.0,0.7339874000472021,2,-0.15453400202362444,2.9711904059998484,False
1.5,-0.3,10,1.33,2,3.36,0.8060977728090996,3,-0.12117869684354794,3.1349597172380927,False
1.5,-0.3,10,1.5,1,0.0,0.531987737544453,2,-0.2961513116408823,3.0651040248681696,False
1.5,-0.3,10,1.5,1,3.36,0.5628658399207006,3,-0.2716480411310547,3.224106493784449,False
1.5,-0.3,10,1.5,2,0.0,0.8278053383991024,3,-0.1074006582693876,3.224106493784449,False
1.5,-0.3,10,1.5,2,3.36,0.9091328264764281,4,-0.0758428863184331,3.3756277465477518,False
1.5,-0.3,10,2.0,1,0.0,0.7093169833926039,4,-0.18682694556321128,3.918667549132894,False
1.5,-0.3,10,2.0,1,3.36,0.750487786560934,4,-0.16232367505338358,4.04424966596119,False
1.5,-0.3,10,2.0,2,0.0,1.1037404511988032,5,-0.0003068962594809585,4.04424966596119,True
1.5,-0.3,10,2.0,2,3.36,1.2121771019685708,5,0.025145663310020598,4.166047930668489,True
1.5,-0.3,15,0.75,1,0.0,0.2591409706340583,0,-0.5924146865686514,3.2258392288476854,False
1.5,-0.3,15,0.75,1,3.36,0.27458002182218205,1,-0.5672818324867523,3.377282743622842,False
1.5,-0.3,15,0.75,2,0.0,0.4139026691995512,1,-0.38995210978660966,3.377282743622842,False
1.5,-0.3,15,0.75,2,3.36,0.44349771051717896,2,-0.3624892955924035,3.5222207100595826,False
1.5,-0.3,15,1.0,1,0.0,0.34552129417874433,1,-0.47179787183158617,2.974066229902222,False
1.5,-0.3,15,1.0,1,3.36,0.3661066957629093,2,-0.4466650177496873,3.1376854431005055,False
1.5,-0.3,15,1.0,2,0.0,0.5518702255994016,2,-0.26998078097375,3.1376854431005055,False
1.5,-0.3,15,1.0,2,3.36,0.5913302806895718,2,-0.24432407592214025,3.2931853789066925,False
1.5,-0.3,15,1.33,1,0.0,0.45954332125773,2,-0.3552701399380682,3.221644430546116,False
1.5,-0.3,15,1.33,1,3.36,0.4869219053646695,2,-0.33013728585616925,3.37327627639196,False
1.5,-0.3,15,1.33,2,0.0,0.7339874000472021,2,-0.15701751237889716,3.37327627639196,False
1.5,-0.3,15,1.33,2,3.36,0.7864692733171307,3,-0.13188465829699822,3.5183792912175926,False
1.5,-0.3,15,1.5,1,0.0,0.5182819412681166,2,-0.3074868566664039,3.4562816857753824,False
1.5,-0.3,15,1.5,1,3.36,0.5491600436443641,3,-0.28235400258450494,3.5980387840358694,False
1.5,-0.3,15,1.5,2,0.0,0.8278053383991024,3,-0.11168170185378237,3.5980387840358694,False
1.5,-0.3,15,1.5,2,3.36,0.8869954210343579,4,-0.0865488477718834,3.734418708638109,False
1.5,-0.3,15,2.0,1,0.0,0.6910425883574887,4,-0.19816249058873275,4.231663475371177,False
1.5,-0.3,15,2.0,1,3.36,0.7322133915258185,4,-0.1730296365068339,4.348215239473602,False
1.5,-0.3,15,2.0,2,0.0,1.1037404511988032,5,-0.01069315222532869,4.348215239473602,True
1.5,-0.3,15,2.0,2,3.36,1.1826605613791437,5,0.014439701856570251,4.461723407921032,True
1.5,-0.2,-15,0.75,1,0.0,0.7992011319295973,2,-0.1151056570903912,3.0258946991547195,False
1.5,-0.2,-15,0.75,1,3.36,0.8922638027155475,2,-0.0625396720588852,3.186854049116876,False
1.5,-0.2,-15,0.75,2,0.0,1.0944635019164195,5,0.015350280105860967,3.186854049116876,True
1.5,-0.2,-15,0.75,2,3.36,1.2478761236051141,5,0.07232047194513021,3.340065677553756,True
1.5,-0.2,-15,1.0,1,0.0,1.065601509239463,5,-0.0028253308737893994,2.7559154449737417,True
1.5,-0.2,-15,1.0,1,3.36,1.1896850702873965,5,0.05304283344756841,2.93173497094209,True
1.5,-0.2,-15,1.0,2,0.0,1.4592846692218924,5,0.12344754468635946,2.93173497094209,True
1.5,-0.2,-15,1.0,2,3.36,1.6638348314734852,5,0.18041773652562873,3.0975909897604,True
1.5,-0.2,-15,1.33,1,0.0,1.4172500072884817,5,0.09999480084399484,3.0214223201778347,True
1.5,-0.2,-15,1.33,1,3.36,1.582281143482233,5,0.15696499268326408,3.1826078672794123,True
1.5,-0.2,-15,1.33,2,0.0,1.9408486100651132,5,0.21960151136878578,3.1826078672794123,True
1.5,-0.2,-15,1.33,2,3.36,2.212900325859731,5,0.276571703208055,3.3360145138876134,True
1.5,-0.2,-15,1.5,1,0.0,1.5984022638591946,5,0.13969089407235769,3.2704560983792947,True
1.5,-0.2,-15,1.5,1,3.36,1.784527605431095,5,0.196661085911627,3.419924427736133,True
1.5,-0.2,-15,1.5,2,0.0,2.188927003832839,6,0.2554907685650353,3.419924427736133,True
1.5,-0.2,-15,1.5,2,3.36,2.4957522472102283,7,0.31246096040430454,3.5631282732209235,True
1.5,-0.2,-15,2.0,1,0.0,2.131203018478926,7,0.2221453457337786,4.081295844311028,True
1.5,-0.2,-15,2.0,1,3.36,2.379370140574793,7,0.2791155375730478,4.2020204388829985,True
1.5,-0.2,-15,2.0,2,0.0,2.9185693384437847,8,0.32761527163982507,4.2020204388829985,True
1.5,-0.2,-15,2.0,2,3.36,3.3276696629469704,8,0.38458546347909434,4.319372149837343,True
1.5,-0.2,-10,0.75,1,0.0,0.570366506740157,2,-0.25687893217810626,2.570023019781995,False
1.5,-0.2,-10,0.75,1,3.36,0.5724114731274298,2,-0.2553246170245153,2.7577197686148907,False
1.5,-0.2,-10,0.75,2,0.0,0.8316997714581497,2,-0.09862557806104788,2.7577197686148907,False
1.5,-0.2,-10,0.75,2,3.36,0.8346817103638106,3,-0.0970712629074569,2.933431151775914,False
1.5,-0.2,-10,1.0,1,0.0,0.7604886756535426,2,-0.1412964266716526,2.2458961533609587,False
1.5,-0.2,-10,1.0,1,3.36,0.7632152975032397,3,-0.1397421115180616,2.4584648729810135,False
1.5,-0.2,-10,1.0,2,0.0,1.108933028610866,5,0.01307970777569483,2.4584648729810135,True
1.5,-0.2,-10,1.0,2,3.36,1.1129089471517475,5,0.014634022929285881,2.6540628349158486,True
1.5,-0.2,-10,1.33,1,0.0,1.0114499386192086,5,-0.03311288169571134,2.564755822433306,True
1.5,-0.2,-10,1.33,1,3.36,1.015076345679306,5,-0.03155856654212026,2.752811731431255,True
1.5,-0.2,-10,1.33,2,0.0,1.4748809280524493,5,0.11497492759517915,2.752811731431255,True
1.5,-0.2,-10,1.33,2,3.36,1.4801688997118216,5,0.11652924274877023,2.928817582012499,True
1.5,-0.2,-10,1.5,1,0.0,1.140733013480314,5,0.009706741802184143,2.8539205811064634,True
1.5,-0.2,-10,1.5,1,3.36,1.1448229462548596,5,0.011261056955775124,3.024047400961674,True
1.5,-0.2,-10,1.5,2,0.0,1.6633995429162993,5,0.15413781481389682,3.024047400961674,True
1.5,-0.2,-10,1.5,2,3.36,1.6693634207276211,6,0.15569212996748777,3.185100105689467,True
1.5,-0.2,-10,2.0,1,0.0,1.5209773513070852,7,0.10230948159523523,3.755789578853853,True
1.5,-0.2,-10,2.0,1,3.36,1.5264305950064794,7,0.1038637967488262,3.886638053720362,True
1.5,-0.2,-10,2.0,2,0.0,2.217866057221732,8,0.23492766254445016,3.886638053720362,True
1.5,-0.2,-10,2.0,2,3.36,2.225817894303495,8,0.23648197769804116,4.01322256554844,True
1.5,-0.2,-5,0.75,1,0.0,0.40145618801097493,2,-0.40939479049874106,2.252644241177778,False
1.5,-0.2,-5,0.75,1,3.36,0.4493449995563989,2,-0.36068925602082813,2.464631022549097,False
1.5,-0.2,-5,0.75,2,0.0,0.5853973118574075,2,-0.2511414363816827,2.464631022549097,False
1.5,-0.2,-5,0.75,2,3.36,0.5883792507630685,2,-0.24893481130600792,2.659775568974083,False
1.5,-0.2,-5,1.0,1,0.0,0.5352749173479666,2,-0.29381228499228734,1.8744165190222775,False
1.5,-0.2,-5,1.0,1,3.36,0.5991266660751994,2,-0.24527282338180137,2.1244851815871986,False
1.5,-0.2,-5,1.0,2,0.0,0.7805297491432102,2,-0.1394361505449398,2.1244851815871986,False
1.5,-0.2,-5,1.0,2,3.36,0.7845056676840912,3,-0.1372295254692652,2.3480709714111265,False
1.5,-0.2,-5,1.33,1,0.0,0.7119156400727936,2,-0.18562874001634594,2.2466330772530667,False
1.5,-0.2,-5,1.33,1,3.36,0.7968384658800154,3,-0.13736111904090187,2.4591380977504262,False
1.5,-0.2,-5,1.33,2,0.0,1.0381045663604678,5,-0.03754093072545546,2.4591380977504262,True
1.5,-0.2,-5,1.33,2,3.36,1.0433925380198397,5,-0.03533430564978084,2.6546864567793285,True
1.5,-0.2,-5,1.5,1,0.0,0.8029123760219499,3,-0.14272737084114767,2.571818508053221,False
1.5,-0.2,-5,1.5,1,3.36,0.8986899991127978,3,-0.09470109384808696,2.759393128636276,False
1.5,-0.2,-5,1.5,2,0.0,1.170794623714815,5,0.0016219564932620362,2.759393128636276,True
1.5,-0.2,-5,1.5,2,3.36,1.176758501526137,6,0.003828581568936784,2.9350043336194744,True
1.5,-0.2,-5,2.0,1,0.0,1.0705498346959332,6,-0.0341877187523369,3.5461730239413365,True
1.5,-0.2,-5,2.0,1,3.36,1.1982533321503988,6,-0.0026239083359192034,3.6844732480680658,True
1.5,-0.2,-5,2.0,2,0.0,1.5610594982864203,7,0.0824118042238155,3.6844732480680658,True
1.5,-0.2,-5,2.0,2,3.36,1.5690113353681825,7,0.0846184292994901,3.817766770735117,True
1.5,-0.2,0,0.75,1,0.0,0.3285584754158497,1,-0.4966564944897591,2.136399306234383,False
1.5,-0.2,0,0.75,1,3.36,0.34079068015155334,2,-0.48078145982464177,2.358856077779811,False
1.5,-0.2,0,0.75,2,0.0,0.44001742931204685,1,-0.3751222807550407,2.358856077779811,False
1.5,-0.2,0,0.75,2,3.36,0.47624810069002776,2,-0.34035301993908956,2.5620698654952316,False
1.5,-0.2,0,1.0,1,0.0,0.4380779672211335,2,-0.3812400618507324,1.7329839021615114,False
1.5,-0.2,0,1.0,1,3.36,0.4543875735354051,2,-0.365365027185615,2.0008081380159717,False
1.5,-0.2,0,1.0,2,0.0,0.5866899057493957,2,-0.263416994918298,2.0008081380159717,False
1.5,-0.2,0,1.0,2,3.36,0.6349974675867043,3,-0.22836685051007563,2.236790827312858,False
1.5,-0.2,0,1.33,1,0.0,0.5826436964041077,2,-0.2733283575098329,2.130060117033069,False
1.5,-0.2,0,1.33,1,3.36,0.6043354728020889,3,-0.25745332284471556,2.353116253433929,False
1.5,-0.2,0,1.33,2,0.0,0.7802975746466951,3,-0.16152177509881355,2.353116253433929,False
1.5,-0.2,0,1.33,2,3.36,0.8445466318903168,3,-0.12602018731565703,2.556786284024328,False
1.5,-0.2,0,1.5,1,0.0,0.6571169508316994,2,-0.23066833231701794,2.4706368322220977,False
1.5,-0.2,0,1.5,1,3.36,0.6815813603031067,3,-0.21479329765190058,2.6653416960555814,False
1.5,-0.2,0,1.5,2,0.0,0.8800348586240937,3,-0.11547030912749609,2.6653416960555814,False
1.5,-0.2,0,1.5,2,3.36,0.9524962013800555,3,-0.08659724702470492,2.8467606778112633,False
1.5,-0.2,0,2.0,1,0.0,0.876155934442267,4,-0.12604451241151782,3.473490900246694,False
1.5,-0.2,0,2.0,1,3.36,0.9087751470708102,4,-0.1085789949096729,3.614573146873167,False
1.5,-0.2,0,2.0,2,0.0,1.1733798114987914,7,-0.020879990021675995,3.614573146873167,True
1.5,-0.2,0,2.0,2,3.36,1.2699949351734086,7,-0.002334540302203099,3.7503518547059804,True
1.5,-0.2,5,0.75,1,0.0,0.2705808361726101,1,-0.5719691759958809,2.252644241177778,False
1.5,-0.2,5,0.75,1,3.36,0.2828376335674224,2,-0.5527290155842776,2.464631022549097,False
1.5,-0.2,5,0.75,2,0.0,0.3747612985008841,1,-0.43416485071164873,2.464631022549097,False
1.5,-0.2,5,0.75,2,3.36,0.39562031545660065,2,-0.41064100086062016,2.659775568974083,False
1.5,-0.2,5,1.0,1,0.0,0.36077444823014665,2,-0.4501386499666471,1.8744165190222775,False
1.5,-0.2,5,1.0,1,3.36,0.3771168447565631,2,-0.4308984895550437,2.1244851815871986,False
1.5,-0.2,5,1.0,2,0.0,0.499681731334512,2,-0.31495843129251067,2.1244851815871986,False
1.5,-0.2,5,1.0,2,3.36,0.5274937539421342,2,-0.2914345814414821,2.3480709714111265,False
1.5,-0.2,5,1.33,1,0.0,0.4798300161460936,2,-0.3315696587598762,2.2466330772530667,False
1.5,-0.2,5,1.33,1,3.36,0.5015654035262275,2,-0.3123294983482728,2.4591380977504262,False
1.5,-0.2,5,1.33,2,0.0,0.6645767026749012,2,-0.20078841157129984,2.4591380977504262,False
1.5,-0.2,5,1.33,2,3.36,0.7015666927430386,3,-0.17726456172027127,2.6546864567793285,False
1.5,-0.2,5,1.5,1,0.0,0.5411616723452202,2,-0.28255361136325785,2.571818508053221,False
1.5,-0.2,5,1.5,1,3.36,0.5656752671348448,3,-0.2633134509516545,2.759393128636276,False
1.5,-0.2,5,1.5,2,0.0,0.7495225970017682,3,-0.15442013751238465,2.759393128636276,False
1.5,-0.2,5,1.5,2,3.36,0.7912406309132013,3,-0.1308962876613561,2.9350043336194744,False
1.5,-0.2,5,2.0,1,0.0,0.7215488964602933,4,-0.16896531352901856,3.5461730239413365,False
1.5,-0.2,5,2.0,1,3.36,0.7542336895131262,4,-0.14972515311741513,3.6844732480680658,False
1.5,-0.2,5,2.0,2,0.0,0.999363462669024,4,-0.04993644347899173,3.6844732480680658,False
1.5,-0.2,5,2.0,2,3.36,1.0549875078842683,6,-0.026412593627963117,3.817766770735117,True
1.5,-0.2,10,0.75,1,0.0,0.24987745944298775,1,-0.6065391288043086,2.570023019781995,False
1.5,-0.2,10,0.75,1,3.36,0.2621342568378001,1,-0.5857424304011808,2.7577197686148907,False
1.5,-0.2,10,0.75,2,0.0,0.3593725126777556,1,-0.4523747296029684,2.7577197686148907,False
1.5,-0.2,10,0.75,2,3.36,0.38023152963347223,2,-0.42787145909314067,2.933431151775914,False
1.5,-0.2,10,1.0,1,0.0,0.33316994592398363,2,-0.48470860277507466,2.2458961533609587,False
1.5,-0.2,10,1.0,1,3.36,0.3495123424504001,2,-0.46391190437194685,2.4584648729810135,False
1.5,-0.2,10,1.0,2,0.0,0.4791633502370074,2,-0.3331683101838303,2.4584648729810135,False
1.5,-0.2,10,1.0,2,3.36,0.5069753728446296,2,-0.3086650396740026,2.6540628349158486,False
1.5,-0.2,10,1.33,1,0.0,0.4431160280788969,2,-0.3661396115683038,2.564755822433306,False
1.5,-0.2,10,1.33,1,3.36,0.46485141545903075,2,-0.34534291316517596,2.752811731431255,False
1.5,-0.2,10,1.33,2,0.0,0.63728725581522,2,-0.21899829046261948,2.752811731431255,False
1.5,-0.2,10,1.33,2,3.36,0.6742772458833575,3,-0.19449501995279184,2.928817582012499,False
1.5,-0.2,10,1.5,1,0.0,0.4997549188859755,2,-0.3171235641716855,2.8539205811064634,False
1.5,-0.2,10,1.5,1,3.36,0.5242685136756002,2,-0.29632686576855766,3.024047400961674,False
1.5,-0.2,10,1.5,2,0.0,0.7187450253555112,3,-0.17263001640370432,3.024047400961674,False
1.5,-0.2,10,1.5,2,3.36,0.7604630592669445,3,-0.14812674589387662,3.185100105689467,False
1.5,-0.2,10,2.0,1,0.0,0.6663398918479673,3,-0.20353526633744612,3.755789578853853,False
1.5,-0.2,10,2.0,1,3.36,0.6990246849008002,4,-0.1827385679343183,3.886638053720362,False
1.5,-0.2,10,2.0,2,0.0,0.9583267004740148,4,-0.06814632237031136,3.886638053720362,False
1.5,-0.2,10,2.0,2,3.36,1.0139507456892591,5,-0.043643051860483666,4.01322256554844,True
1.5,-0.2,15,0.75,1,0.0,0.23489088888845516,0,-0.6334000391496408,3.0258946991547195,False
1.5,-0.2,15,0.75,1,3.36,0.24714768628326755,1,-0.6113096614455307,3.186854049116876,False
1.5,-0.2,15,0.75,2,0.0,0.3501138660991493,1,-0.4637102746284899,3.186854049116876,False
1.5,-0.2,15,0.75,2,3.36,0.3709728830548659,2,-0.43857742054659093,3.340065677553756,False
1.5,-0.2,15,1.0,1,0.0,0.3131878518512735,1,-0.5115695131204069,2.7559154449737417,False
1.5,-0.2,15,1.0,1,3.36,0.32953024837769,2,-0.48947913541629673,2.93173497094209,False
1.5,-0.2,15,1.0,2,0.0,0.466818488132199,2,-0.34450385520935184,2.93173497094209,False
1.5,-0.2,15,1.0,2,3.36,0.49463051073982106,2,-0.3193710011274529,3.0975909897604,False
1.5,-0.2,15,1.33,1,0.0,0.41653984296219254,2,-0.393000521913636,3.0214223201778347,False
1.5,-0.2,15,1.33,1,3.36,0.4382752303423264,2,-0.37091014420952584,3.1826078672794123,False
1.5,-0.2,15,1.33,2,0.0,0.6208685892158248,2,-0.2303338354881411,3.1826078672794123,False
1.5,-0.2,15,1.33,2,3.36,0.6578585792839623,3,-0.20520098140624207,3.3360145138876134,False
1.5,-0.2,15,1.5,1,0.0,0.4697817777769103,2,-0.34398447451701775,3.2704560983792947,False
1.5,-0.2,15,1.5,1,3.36,0.4942953725665351,2,-0.32189409681290754,3.419924427736133,False
1.5,-0.2,15,1.5,2,0.0,0.7002277321982986,2,-0.18396556142922585,3.419924427736133,False
1.5,-0.2,15,1.5,2,3.36,0.7419457661097318,3,-0.15883270734732688,3.5631282732209235,False
1.5,-0.2,15,2.0,1,0.0,0.626375703702547,3,-0.23039617668277834,4.081295844311028,False
1.5,-0.2,15,2.0,1,3.36,0.65906049675538,4,-0.20830579897866813,4.2020204388829985,False
1.5,-0.2,15,2.0,2,0.0,0.933636976264398,4,-0.07948186739583289,4.2020204388829985,False
1.5,-0.2,15,2.0,2,3.36,0.9892610214796421,4,-0.05434901331393399,4.319372149837343,False
1.5,-0.1,-15,0.75,1,0.0,0.6915988245447393,2,-0.17564776120658282,2.8993169420352496,False
1.5,-0.1,-15,0.75,1,3.36,0.7553794525047304,2,-0.1329698715380959,3.0669265935741974,False
1.5,-0.1,-15,0.75,2,0.0,0.9794680583670535,4,-0.030507146945579076,3.0669265935741974,False
1.5,-0.1,-15,0.75,2,3.36,1.1167615929904677,5,0.026463044893690186,3.2258392288476854,True
1.5,-0.1,-15,1.0,1,0.0,0.9221317660596523,4,-0.06179529323406226,2.6163084565556898,False
1.5,-0.1,-15,1.0,1,3.36,1.0071726033396402,5,-0.016048788637251402,2.8009052000817194,True
1.5,-0.1,-15,1.0,2,0.0,1.305957411156071,5,0.07919770102857634,2.8009052000817194,True
1.5,-0.1,-15,1.0,2,3.36,1.4890154573206233,5,0.13616789286784564,2.974066229902222,True
1.5,-0.1,-15,1.33,1,0.0,1.226435248859334,5,0.04356729290562084,2.89464900063355,True
1.5,-0.1,-15,1.33,1,3.36,1.3395395624417177,5,0.09433389368104586,3.062514136599015,True
1.5,-0.1,-15,1.33,2,0.0,1.7369233568375715,5,0.17789649231075533,3.062514136599015,True
1.5,-0.1,-15,1.33,2,3.36,1.9803905582364256,5,0.23486668415002462,3.221644430546116,True
1.5,-0.1,-15,1.5,1,0.0,1.3831976490894786,5,0.08473737200403772,3.1537094177216645,True
1.5,-0.1,-15,1.5,1,3.36,1.5107589050094608,5,0.13844961050994695,3.30845630036522,True
1.5,-0.1,-15,1.5,2,0.0,1.958936116734107,5,0.21522909262245354,3.30845630036522,True
1.5,-0.1,-15,1.5,2,3.36,2.2335231859809355,6,0.2721992844617228,3.4562816857753824,True
1.5,-0.1,-15,2.0,1,0.0,1.8442635321193046,7,0.17194469161909015,3.9883550204050877,True
1.5,-0.1,-15,2.0,1,3.36,2.0143452066792804,7,0.22891488345835942,4.111809305985683,True
1.5,-0.1,-15,2.0,2,0.0,2.611914822312142,8,0.29085805260884945,4.111809305985683,True
1.5,-0.1,-15,2.0,2,3.36,2.9780309146412467,8,0.3478282444481188,4.231663475371177,True
1.5,-0.1,-10,0.75,1,0.0,0.4828652000419293,2,-0.32730913165731695,2.4197145125426194,False
1.5,-0.1,-10,0.75,1,3.36,0.4845964431847167,2,-0.325754816503726,2.6182089913162714,False
1.5,-0.1,-10,0.75,2,0.0,0.7259911626623485,2,-0.15543002841013148,2.6182089913162714,False
1.5,-0.1,-10,0.75,2,3.36,0.7285940986825346,2,-0.15387571325654048,2.80268056014405,False
1.5,-0.1,-10,1.0,1,0.0,0.6438202667225722,2,-0.21038804875647246,2.072208853296779,False
1.5,-0.1,-10,1.0,1,3.36,0.6461285909129554,2,-0.20883373360288152,2.300880164563455,False
1.5,-0.1,-10,1.0,2,0.0,0.9679882168831312,4,-0.042176692364532545,2.300880164563455,False
1.5,-0.1,-10,1.0,2,3.36,0.9714587982433792,4,-0.040622377210941536,2.5087944379086844,False
1.5,-0.1,-10,1.33,1,0.0,0.8562809547410185,2,-0.10000536643817526,2.4141193899029814,False
1.5,-0.1,-10,1.33,1,3.36,0.8593510259142283,3,-0.09845105128458423,2.6130389259836035,False
1.5,-0.1,-10,1.33,2,0.0,1.2874243284545626,5,0.062214609429512555,2.6130389259836035,True
1.5,-0.1,-10,1.33,2,3.36,1.2920402016636925,5,0.06376892458310358,2.797851395036117,True
1.5,-0.1,-10,1.5,1,0.0,0.9657304000838586,4,-0.055889649609274145,2.7193496802108874,False
1.5,-0.1,-10,1.5,1,3.36,0.9691928863694333,4,-0.05433533445568318,2.897388942351899,False
1.5,-0.1,-10,1.5,2,0.0,1.451982325324697,5,0.102820158215113,2.897388942351899,True
1.5,-0.1,-10,1.5,2,3.36,1.457188197365069,5,0.10437447336870401,3.06510402486817,True
1.5,-0.1,-10,2.0,1,0.0,1.2876405334451444,6,0.04100915769703978,3.654580052567901,True
1.5,-0.1,-10,2.0,1,3.36,1.2922571818259108,7,0.04615161644833463,3.788925356961681,True
1.5,-0.1,-10,2.0,2,0.0,1.9359764337662624,8,0.188199499749549,3.788925356961681,True
1.5,-0.1,-10,2.0,2,3.36,1.9429175964867584,8,0.18975381490314,3.918667549132894,True
1.5,-0.1,-5,0.75,1,0.0,0.36465864554825506,2,-0.4441429972194959,2.07952063642355,False
1.5,-0.1,-5,0.75,1,3.36,0.3860244247293435,2,-0.4248806088218026,2.3074674596430187,False
1.5,-0.1,-5,0.75,2,0.0,0.5109936176965248,2,-0.30794588673076617,2.3074674596430187,False
1.5,-0.1,-5,0.75,2,3.36,0.5135965537167108,2,-0.3057392616550915,2.5148371870384385,False
1.5,-0.1,-5,1.0,1,0.0,0.4862115273976735,2,-0.3235827577226849,1.6623589524478737,False
1.5,-0.1,-5,1.0,1,3.36,0.5146992329724588,2,-0.308214267017069,1.9399580631507454,False
1.5,-0.1,-5,1.0,2,0.0,0.6813248235953663,2,-0.19469255068516725,1.9399580631507454,False
1.5,-0.1,-5,1.0,2,3.36,0.6847954049556142,3,-0.1924859256094926,2.1825300196752373,False
1.5,-0.1,-5,1.33,1,0.0,0.6466613314389037,2,-0.2102375910748621,2.073007521406419,False
1.5,-0.1,-5,1.33,1,3.36,0.6845499798533702,3,-0.19825119697928914,2.301599483795472,False
1.5,-0.1,-5,1.33,2,0.0,0.9061620153818359,3,-0.09030124889112208,2.301599483795472,False
1.5,-0.1,-5,1.33,2,3.36,0.9107778885909656,3,-0.08116173459928795,2.509454160531247,False
1.5,-0.1,-5,1.5,1,0.0,0.7293172910965101,2,-0.16636985923663444,2.421621448196455,False
1.5,-0.1,-5,1.5,1,3.36,0.772048849458687,3,-0.15438346514106144,2.619971457547791,False
1.5,-0.1,-5,1.5,2,0.0,1.0219872353930497,5,-0.04969570010552166,2.619971457547791,True
1.5,-0.1,-5,1.5,2,3.36,1.0271931074334215,5,-0.033827127968407936,2.8043270919001397,True
1.5,-0.1,-5,2.0,1,0.0,0.972423054795347,4,-0.07029689426018335,3.438799662052043,False
1.5,-0.1,-5,2.0,1,3.36,1.0293984659449176,5,-0.0583105001646103,3.581248820694988,True
1.5,-0.1,-5,2.0,2,0.0,1.3626496471907326,6,0.03568364142891431,3.581248820694988,True
1.5,-0.1,-5,2.0,2,3.36,1.3695908099112284,6,0.07395607180665711,3.7182446282794848,True
1.5,-0.1,0,0.75,1,0.0,0.29156644806490906,1,-0.5394316870386312,1.9529982067781715,False
1.5,-0.1,0,0.75,1,3.36,0.303531007675071,2,-0.5219661695367863,2.1941289833733006,False
1.5,-0.1,0,0.75,2,0.0,0.39615257768044493,1,-0.4087084323575565,2.1941289833733006,False
1.5,-0.1,0,0.75,2,3.36,0.42283755787468874,2,-0.39008783347468595,2.41126564187332,False
1.5,-0.1,0,1.0,1,0.0,0.38875526408654537,2,-0.41753108700201613,1.5010773481572957,False
1.5,-0.1,0,1.0,1,3.36,0.4047080102334279,2,-0.40006556950017125,1.8036721445847466,False
1.5,-0.1,0,1.0,2,0.0,0.5282034369072598,2,-0.2926399116703879,1.8036721445847466,False
1.5,-0.1,0,1.0,2,3.36,0.5637834104995856,2,-0.2767648770052705,2.0623368311580283,False
1.5,-0.1,0,1.33,1,0.0,0.5170445012351038,2,-0.2988438939137636,1.9460616902284806,False
1.5,-0.1,0,1.33,1,3.36,0.5382616536104576,2,-0.2813783764119186,2.1879570613188304,False
1.5,-0.1,0,1.33,2,0.0,0.7025105710866537,3,-0.18813589435201467,2.1879570613188304,False
1.5,-0.1,0,1.33,2,3.36,0.7498319359644489,3,-0.1722608596868973,2.405650868720341,False
1.5,-0.1,0,1.5,1,0.0,0.5831328961298181,2,-0.24975624646330974,2.313881232201092,False
1.5,-0.1,0,1.5,1,3.36,0.607062015350142,3,-0.23229072896146477,2.520723379653635,False
1.5,-0.1,0,1.5,2,0.0,0.7923051553608899,3,-0.1474649234425853,2.520723379653635,False
1.5,-0.1,0,1.5,2,3.36,0.8456751157493775,3,-0.13158988877746794,2.7118345002474697,False
1.5,-0.1,0,2.0,1,0.0,0.7775105281730907,3,-0.13591898285486648,3.3637983046099227,False
1.5,-0.1,0,2.0,1,3.36,0.8094160204668558,4,-0.11845346535302165,3.5092932385448483,False
1.5,-0.1,0,2.0,2,0.0,1.0564068738145196,6,-0.061874223953307626,3.5092932385448483,True
1.5,-0.1,0,2.0,2,3.36,1.1275668209991712,6,-0.04599918928819028,3.6489915091839538,True
1.5,-0.1,5,0.75,1,0.0,0.2641294001583852,1,-0.5823524881561319,2.07952063642355,False
1.5,-0.1,5,0.75,1,3.36,0.2760939597685471,2,-0.5631123277445285,2.3074674596430187,False
1.5,-0.1,5,0.75,2,0.0,0.3218683072980361,1,-0.5085831732743371,2.3074674596430187,False
1.5,-0.1,5,0.75,2,3.36,0.3370454699351364,2,-0.4885728949688343,2.5148371870384385,False
1.5,-0.1,5,1.0,1,0.0,0.3521725335445135,2,-0.46045188811951687,1.6623589524478737,False
1.5,-0.1,5,1.0,1,3.36,0.368125279691396,2,-0.44121172770791345,1.9399580631507454,False
1.5,-0.1,5,1.0,2,0.0,0.4291577430640486,2,-0.3940466138054988,1.9399580631507454,False
1.5,-0.1,5,1.0,2,3.36,0.4493939599135156,2,-0.3705227639544702,2.1825300196752373,False
1.5,-0.1,5,1.33,1,0.0,0.4683894696142016,2,-0.34176469503126433,2.073007521406419,False
1.5,-0.1,5,1.33,1,3.36,0.4896066219895554,2,-0.3225245346196608,2.301599483795472,False
1.5,-0.1,5,1.33,2,0.0,0.5707797982751848,2,-0.2783354647978456,2.301599483795472,False
1.5,-0.1,5,1.33,2,3.36,0.5976939666849759,3,-0.2548116149468171,2.509454160531247,False
1.5,-0.1,5,1.5,1,0.0,0.5282588003167704,2,-0.2926770475808104,2.421621448196455,False
1.5,-0.1,5,1.5,1,3.36,0.5521879195370942,2,-0.273436887169207,2.619971457547791,False
1.5,-0.1,5,1.5,2,0.0,0.6437366145960722,3,-0.23104335004540474,2.619971457547791,False
1.5,-0.1,5,1.5,2,3.36,0.6740909398702728,3,-0.20751950019437618,2.8043270919001397,False
1.5,-0.1,5,2.0,1,0.0,0.704345067089027,2,-0.17883978397236727,3.438799662052043,False
1.5,-0.1,5,2.0,1,3.36,0.736250559382792,4,-0.15959962356076385,3.581248820694988,False
1.5,-0.1,5,2.0,2,0.0,0.8583154861280972,4,-0.12340580608196561,3.581248820694988,False
1.5,-0.1,5,2.0,2,3.36,0.8987879198270312,4,-0.09988195623093696,3.7182446282794848,False
1.5,-0.1,10,0.75,1,0.0,0.24391965229080229,0,-0.6169224409645595,2.4197145125426194,False
1.5,-0.1,10,0.75,1,3.36,0.2558842119009642,1,-0.5961257425614317,2.6182089913162714,False
1.5,-0.1,10,0.75,2,0.0,0.29801901842595946,1,-0.5323858670079052,2.6182089913162714,False
1.5,-0.1,10,0.75,2,3.36,0.3153169016506769,2,-0.5078825964980777,2.80268056014405,False
1.5,-0.1,10,1.0,1,0.0,0.325226203054403,1,-0.4950218409279445,2.072208853296779,False
1.5,-0.1,10,1.0,1,3.36,0.3411789492012855,2,-0.4742251425248167,2.300880164563455,False
1.5,-0.1,10,1.0,2,0.0,0.3973586912346126,2,-0.4122564926968184,2.300880164563455,False
1.5,-0.1,10,1.0,2,3.36,0.42042253553423586,2,-0.38775322218699076,2.5087944379086844,False
1.5,-0.1,10,1.33,1,0.0,0.4325508500623547,2,-0.3763346478396919,2.4141193899029814,False
1.5,-0.1,10,1.33,1,3.36,0.45376800243770843,2,-0.3555379494365641,2.6130389259836035,False
1.5,-0.1,10,1.33,2,0.0,0.5284870593420348,2,-0.2965453436891653,2.6130389259836035,False
1.5,-0.1,10,1.33,2,3.36,0.5591619722605337,3,-0.27204207317933765,2.797851395036117,False
1.5,-0.1,10,1.5,1,0.0,0.48783930458160457,2,-0.32724700038923804,2.7193496802108874,False
1.5,-0.1,10,1.5,1,3.36,0.5117684238019284,2,-0.3064503019861102,2.897388942351899,False
1.5,-0.1,10,1.5,2,0.0,0.5960380368519189,2,-0.24925322893672433,2.897388942351899,False
1.5,-0.1,10,1.5,2,3.36,0.6306338033013538,3,-0.22474995842689668,3.06510402486817,False
1.5,-0.1,10,2.0,1,0.0,0.650452406108806,2,-0.21340973678079483,3.654580052567901,False
1.5,-0.1,10,2.0,1,3.36,0.682357898402571,4,-0.19261303837766702,3.788925356961681,False
1.5,-0.1,10,2.0,2,0.0,0.7947173824692252,4,-0.14161568497328522,3.788925356961681,False
1.5,-0.1,10,2.0,2,3.36,0.8408450710684717,4,-0.11711241446345755,3.918667549132894,False
1.5,-0.1,15,0.75,1,0.0,0.22929040527171607,0,-0.6437833513098917,2.8993169420352496,False
1.5,-0.1,15,0.75,1,3.36,0.241254964881878,1,-0.6216929736057816,3.0669265935741974,False
1.5,-0.1,15,0.75,2,0.0,0.29034104454657345,0,-0.5437214120334268,3.0669265935741974,False
1.5,-0.1,15,0.75,2,3.36,0.30763892777129087,1,-0.5185885579515279,3.2258392288476854,False
1.5,-0.1,15,1.0,1,0.0,0.305720540362288,1,-0.5218827512732768,2.6163084565556898,False
1.5,-0.1,15,1.0,1,3.36,0.3216732865091706,2,-0.4997923735691665,2.8009052000817194,False
1.5,-0.1,15,1.0,2,0.0,0.3871213927287646,1,-0.42359203772233994,2.8009052000817194,False
1.5,-0.1,15,1.0,2,3.36,0.41018523702838783,2,-0.39845918364044103,2.974066229902222,False
1.5,-0.1,15,1.33,1,0.0,0.40660831868184194,2,-0.40319555818502406,2.89464900063355,False
1.5,-0.1,15,1.33,1,3.36,0.4278254710571957,2,-0.3811051804809139,3.062514136599015,False
1.5,-0.1,15,1.33,2,0.0,0.5148714523292569,2,-0.3078808887146869,3.062514136599015,False
1.5,-0.1,15,1.33,2,3.36,0.5455463652477559,2,-0.28274803463278786,3.221644430546116,False
1.5,-0.1,15,1.5,1,0.0,0.45858081054343214,2,-0.35410791073457026,3.1537094177216645,False
1.5,-0.1,15,1.5,1,3.36,0.482509929763756,2,-0.33201753303046005,3.30845630036522,False
1.5,-0.1,15,1.5,2,0.0,0.5806820890931469,2,-0.2605887739622459,3.30845630036522,False
1.5,-0.1,15,1.5,2,3.36,0.6152778555425817,3,-0.23545591988034695,3.4562816857753824,False
1.5,-0.1,15,2.0,1,0.0,0.611441080724576,2,-0.24027064712612706,3.9883550204050877,False
1.5,-0.1,15,2.0,1,3.36,0.6433465730183412,4,-0.21818026942201688,4.111809305985683,False
1.5,-0.1,15,2.0,2,0.0,0.7742427854575292,4,-0.15295122999880675,4.111809305985683,False
1.5,-0.1,15,2.0,2,3.36,0.8203704740567757,4,-0.1278183759169078,4.231663475371177,False
1.5,0.0,-15,0.75,1,0.0,0.5913636561683941,2,-0.24151962131325821,2.855877926377917,False
1.5,0.0,-15,0.75,1,3.36,0.6331048725033468,2,-0.20794525353239626,3.0258946991547195,False
1.5,0.0,-15,0.75,2,0.0,0.865043953370976,3,-0.08209495137620484,3.0258946991547195,False
1.5,0.0,-15,0.75,2,3.36,0.9790600352866035,3,-0.025124759536935586,3.186854049116876,False
1.5,0.0,-15,1.0,1,0.0,0.7884848748911922,2,-0.12617702772752346,2.5680868248259863,False
1.5,0.0,-15,1.0,1,3.36,0.8441398300044622,2,-0.08980863857797336,2.7559154449737417,False
1.5,0.0,-15,1.0,2,0.0,1.153391937827968,5,0.02923650717521016,2.7559154449737417,True
1.5,0.0,-15,1.0,2,3.36,1.3054133803821377,5,0.08620669901447939,2.93173497094209,True
1.5,0.0,-15,1.33,1,0.0,1.0486848836052827,5,-0.018386117630053368,2.8511388666406288,True
1.5,0.0,-15,1.33,1,3.36,1.1227059739059313,5,0.022583354340842292,3.0214223201778347,True
1.5,0.0,-15,1.33,2,0.0,1.534011277311195,5,0.13053190473908874,3.0214223201778347,True
1.5,0.0,-15,1.33,2,3.36,1.7361997959082407,5,0.18750209657835804,3.1826078672794123,True
1.5,0.0,-15,1.5,1,0.0,1.1827273123367883,5,0.024203032617726328,3.113821300496597,True
1.5,0.0,-15,1.5,1,3.36,1.2662097450066936,5,0.06789094631187877,3.2704560983792947,True
1.5,0.0,-15,1.5,2,0.0,1.730087906741952,5,0.1693498599460289,3.2704560983792947,True
1.5,0.0,-15,1.5,2,3.36,1.958120070573207,5,0.22632005178529818,3.419924427736133,True
1.5,0.0,-15,2.0,1,0.0,1.5769697497823845,6,0.11604707109054437,3.956889658404751,True
1.5,0.0,-15,2.0,1,3.36,1.6882796600089245,7,0.16878440979632872,4.081295844311028,True
1.5,0.0,-15,2.0,2,0.0,2.306783875655936,7,0.24910258971201255,4.081295844311028,True
1.5,0.0,-15,2.0,2,3.36,2.6108267607642754,8,0.3060727815512818,4.2020204388829985,True
1.5,0.0,-10,0.75,1,0.0,0.4047029739757639,2,-0.4022845136516174,2.3674919898933906,False
1.5,0.0,-10,0.75,1,3.36,0.43370453362193057,2,-0.36856280767333566,2.570023019781995,False
1.5,0.0,-10,0.75,2,0.0,0.6258497212548465,2,-0.21775602862935015,2.570023019781995,False
1.5,0.0,-10,0.75,2,3.36,0.6280936146607987,2,-0.21620171347575914,2.7577197686148907,False
1.5,0.0,-10,1.0,1,0.0,0.5396039653010185,2,-0.28414789869719437,2.0109822305732967,False
1.5,0.0,-10,1.0,1,3.36,0.5782727114959074,2,-0.2478065513782686,2.2458961533609587,False
1.5,0.0,-10,1.0,2,0.0,0.834466295006462,2,-0.10301114517324583,2.2458961533609587,False
1.5,0.0,-10,1.0,2,3.36,0.8374581528810648,3,-0.10145683001965486,2.4584648729810135,False
1.5,0.0,-10,1.33,1,0.0,0.7176732738503523,2,-0.1717559057783788,2.3617731535237554,False
1.5,0.0,-10,1.33,1,3.36,0.7691027062895545,2,-0.13104488218141613,2.564755822433306,False
1.5,0.0,-10,1.33,2,0.0,1.109840172358593,5,0.00380357766857093,2.564755822433306,True
1.5,0.0,-10,1.33,2,3.36,1.1138193433318149,5,0.0053578928221619665,2.752811731431255,True
1.5,0.0,-10,1.5,1,0.0,0.8094059479515278,2,-0.12644831380734234,2.6729875950447384,False
1.5,0.0,-10,1.5,1,3.36,0.8674090672438611,3,-0.08312067710188088,2.8539205811064634,False
1.5,0.0,-10,1.5,2,0.0,1.251699442509693,5,0.04582094689739183,2.8539205811064634,True
1.5,0.0,-10,1.5,2,3.36,1.2561872293215974,5,0.04737526205098283,3.024047400961674,True
1.5,0.0,-10,2.0,1,0.0,1.079207930602037,5,-0.025554850322892307,3.6202148224417847,True
1.5,0.0,-10,2.0,1,3.36,1.1565454229918148,7,0.026688934075441983,3.755789578853853,True
1.5,0.0,-10,2.0,2,0.0,1.668932590012924,7,0.13578954054986334,3.755789578853853,True
1.5,0.0,-10,2.0,2,3.36,1.6749163057621297,7,0.13734385570345428,3.886638053720362,True
1.5,0.0,-5,0.75,1,0.0,0.3191810643278159,1,-0.5000162495056237,2.0185158105180663,False
1.5,0.0,-5,0.75,1,3.36,0.33079695607824755,2,-0.48449186346531575,2.252644241177778,False
1.5,0.0,-5,0.75,2,0.0,0.4405084106335244,2,-0.37027188694998486,2.252644241177778,False
1.5,0.0,-5,0.75,2,3.36,0.47487701183742925,2,-0.3298072361639568,2.464631022549097,False
1.5,0.0,-5,1.0,1,0.0,0.42557475243708776,2,-0.3780318977546645,1.585382378728738,False
1.5,0.0,-5,1.0,1,3.36,0.44106260810433,2,-0.3625075117143565,1.8744165190222775,False
1.5,0.0,-5,1.0,2,0.0,0.5873445475113659,2,-0.2555270034938805,1.8744165190222775,False
1.5,0.0,-5,1.0,2,3.36,0.6331693491165723,2,-0.2107978590141728,2.1244851815871986,False
1.5,0.0,-5,1.33,1,0.0,0.566014420741325,2,-0.25920338078784133,2.0118052052342406,False
1.5,0.0,-5,1.33,1,3.36,0.5866132687787572,2,-0.2436789947475333,2.2466330772530667,False
1.5,0.0,-5,1.33,2,0.0,0.7811682481901155,3,-0.14871228065206377,2.2466330772530667,False
1.5,0.0,-5,1.33,2,3.36,0.8421152343250389,3,-0.10413475147440734,2.4591380977504262,False
1.5,0.0,-5,1.5,1,0.0,0.6383621286556318,2,-0.21003009652819885,2.3694409548172106,False
1.5,0.0,-5,1.5,1,3.36,0.6615939121564951,2,-0.19450571048789092,2.571818508053221,False
1.5,0.0,-5,1.5,2,0.0,0.8810168212670488,3,-0.10669491142324289,2.571818508053221,False
1.5,0.0,-5,1.5,2,3.36,0.9497540236748585,3,-0.06220602956060087,2.759393128636276,False
1.5,0.0,-5,2.0,1,0.0,0.8511495048741755,3,-0.0958948715563595,3.4022555923577,False
1.5,0.0,-5,2.0,1,3.36,0.88212521620866,4,-0.08037048551605151,3.5461730239413365,False
1.5,0.0,-5,2.0,2,0.0,1.1746890950227318,6,-0.016726317770771368,3.5461730239413365,True
1.5,0.0,-5,2.0,2,3.36,1.2663386982331446,6,0.027472669891665566,3.6844732480680658,True
1.5,0.0,0,0.75,1,0.0,0.28306969994142706,1,-0.5521599835354455,1.8879094246490622,False
1.5,0.0,0,0.75,1,3.36,0.29468559169185876,2,-0.5346944660336006,2.136399306234383,False
1.5,0.0,0,0.75,2,0.0,0.35722498458890006,1,-0.4614169898975208,2.136399306234383,False
1.5,0.0,0,0.75,2,3.36,0.37052444107885796,2,-0.4455419552324035,2.358856077779811,False
1.5,0.0,0,1.0,1,0.0,0.3774262665885693,2,-0.4301756317844863,1.4153562114008398,False
1.5,0.0,0,1.0,1,3.36,0.39291412225581157,2,-0.4127101142826414,1.7329839021615114,False
1.5,0.0,0,1.0,2,0.0,0.4762999794518672,2,-0.34676509748310375,1.7329839021615114,False
1.5,0.0,0,1.0,2,3.36,0.49403258810514444,2,-0.3308900628179864,2.0008081380159717,False
1.5,0.0,0,1.33,1,0.0,0.5019769345627957,2,-0.31134711481766314,1.8807328630549665,False
1.5,0.0,0,1.33,1,3.36,0.522575782600228,2,-0.29388159731581814,2.130060117033069,False
1.5,0.0,0,1.33,2,0.0,0.6334789726709834,2,-0.2401019899433383,2.130060117033069,False
1.5,0.0,0,1.33,2,3.36,0.6570633421798421,3,-0.224226955278221,2.353116253433929,False
1.5,0.0,0,1.5,1,0.0,0.5661393998828541,2,-0.2621738305580207,2.2592136589380925,False
1.5,0.0,0,1.5,1,3.36,0.5893711833837175,2,-0.24470831305617577,2.4706368322220977,False
1.5,0.0,0,1.5,2,0.0,0.7144499691778001,3,-0.19817326802953186,2.4706368322220977,False
1.5,0.0,0,1.5,2,3.36,0.7410488821577159,3,-0.18229823336441453,2.6653416960555814,False
1.5,0.0,0,2.0,1,0.0,0.7548525331771386,2,-0.14803860558618132,3.326430374154341,False
1.5,0.0,0,2.0,1,3.36,0.7858282445116231,4,-0.13057308808433643,3.473490900246694,False
1.5,0.0,0,2.0,2,0.0,0.9525999589037344,4,-0.10849456857726539,3.473490900246694,False
1.5,0.0,0,2.0,2,3.36,0.9880651762102889,4,-0.09261953391214803,3.614573146873167,False
1.5,0.0,5,0.75,1,0.0,0.2564322148339182,1,-0.5950807846529462,2.0185158105180663,False
1.5,0.0,5,0.75,1,3.36,0.26804810658434985,1,-0.5758406242413429,2.252644241177778,False
1.5,0.0,5,0.75,2,0.0,0.2820470235946888,1,-0.5640372950320546,2.252644241177778,False
1.5,0.0,5,0.75,2,3.36,0.2953464800846468,2,-0.5440270167265517,2.464631022549097,False
1.5,0.0,5,1.0,1,0.0,0.3419096197785575,2,-0.47309643290198705,1.585382378728738,False
1.5,0.0,5,1.0,1,3.36,0.35739747544579975,2,-0.45385627249038357,1.8744165190222775,False
1.5,0.0,5,1.0,2,0.0,0.37606269812625215,2,-0.44500252364234516,1.8744165190222775,False
1.5,0.0,5,1.0,2,3.36,0.3937953067795294,2,-0.4257623632307417,2.1244851815871986,False
1.5,0.0,5,1.33,1,0.0,0.45473979430548006,2,-0.35426791593516394,2.0118052052342406,False
1.5,0.0,5,1.33,1,3.36,0.47533864234291234,2,-0.33502775552356034,2.2466330772530667,False
1.5,0.0,5,1.33,2,0.0,0.5001633885079153,2,-0.3264934021982282,2.2466330772530667,False
1.5,0.0,5,1.33,2,3.36,0.5237477580167742,3,-0.3072532417866247,2.4591380977504262,False
1.5,0.0,5,1.5,1,0.0,0.5128644296678364,2,-0.30509463167552137,2.3694409548172106,False
1.5,0.0,5,1.5,1,3.36,0.5360962131686997,2,-0.285854471263918,2.571818508053221,False
1.5,0.0,5,1.5,2,0.0,0.5640940471893776,2,-0.27751361159435245,2.571818508053221,False
1.5,0.0,5,1.5,2,3.36,0.5906929601692936,3,-0.258273451182749,2.759393128636276,False
1.5,0.0,5,2.0,1,0.0,0.683819239557115,2,-0.19095940670368203,3.4022555923577,False
1.5,0.0,5,2.0,1,3.36,0.7147949508915995,4,-0.1717192462920786,3.5461730239413365,False
1.5,0.0,5,2.0,2,0.0,0.7521253962525043,4,-0.1640513304100608,3.5461730239413365,False
1.5,0.0,5,2.0,2,3.36,0.7875906135590588,4,-0.14481116999845733,3.6844732480680658,False
1.5,0.0,10,0.75,1,0.0,0.23681141380301554,0,-0.6296507374613739,2.3674919898933906,False
1.5,0.0,10,0.75,1,3.36,0.24842730555344725,1,-0.608854039058246,2.570023019781995,False
1.5,0.0,10,0.75,2,0.0,0.25289943134534953,1,-0.6013675010372838,2.570023019781995,False
1.5,0.0,10,0.75,2,3.36,0.2653044601869784,2,-0.580570802634156,2.7577197686148907,False
1.5,0.0,10,1.0,1,0.0,0.315748551737354,1,-0.5076663857104146,2.0109822305732967,False
1.5,0.0,10,1.0,1,3.36,0.33123640740459626,2,-0.48686968730728675,2.2458961533609587,False
1.5,0.0,10,1.0,2,0.0,0.33719924179379934,2,-0.4795724764507727,2.2458961533609587,False
1.5,0.0,10,1.0,2,3.36,0.3537392802493045,2,-0.45877577804764486,2.4584648729810135,False
1.5,0.0,10,1.33,1,0.0,0.41994557381067954,2,-0.38883786874359144,2.3617731535237554,False
1.5,0.0,10,1.33,1,3.36,0.4405444218481117,2,-0.3680411703404636,2.564755822433306,False
1.5,0.0,10,1.33,2,0.0,0.4484749915857519,2,-0.36106335500665576,2.564755822433306,False
1.5,0.0,10,1.33,2,3.36,0.47047324273157365,2,-0.34026665660352795,2.752811731431255,False
1.5,0.0,10,1.5,1,0.0,0.4736228276060311,2,-0.339664584483949,2.6729875950447384,False
1.5,0.0,10,1.5,1,3.36,0.4968546111068945,2,-0.3188678860808212,2.8539205811064634,False
1.5,0.0,10,1.5,2,0.0,0.5057988626906991,2,-0.3120835644027801,2.8539205811064634,False
1.5,0.0,10,1.5,2,3.36,0.5306089203739568,3,-0.29128686599965226,3.024047400961674,False
1.5,0.0,10,2.0,1,0.0,0.631497103474708,2,-0.22552935951210962,3.6202148224417847,False
1.5,0.0,10,2.0,1,3.36,0.6624728148091925,3,-0.20473266110898178,3.755789578853853,False
1.5,0.0,10,2.0,2,0.0,0.6743984835875987,4,-0.19862128321848843,3.755789578853853,False
1.5,0.0,10,2.0,2,3.36,0.707478560498609,4,-0.1778245848153605,3.886638053720362,False
1.5,0.0,15,0.75,1,0.0,0.22260848822105744,0,-0.6565116478067061,2.855877926377917,False
1.5,0.0,15,0.75,1,3.36,0.23422437997148918,1,-0.6344212701025959,3.0258946991547195,False
1.5,0.0,15,0.75,2,0.0,0.23897784332788102,0,-0.6271518802272583,3.0258946991547195,False
1.5,0.0,15,0.75,2,3.36,0.2532156195735245,1,-0.6020190261453593,3.186854049116876,False
1.5,0.0,15,1.0,1,0.0,0.29681131762807655,1,-0.5345272960557468,2.5680868248259863,False
1.5,0.0,15,1.0,1,3.36,0.31229917329531887,2,-0.5124369183516365,2.7559154449737417,False
1.5,0.0,15,1.0,2,0.0,0.3186371244371747,1,-0.5062177807878686,2.7559154449737417,False
1.5,0.0,15,1.0,2,3.36,0.33762082609803257,2,-0.4810849267059697,2.93173497094209,False
1.5,0.0,15,1.33,1,0.0,0.39475905244534065,2,-0.4156987790889236,2.8511388666406288,False
1.5,0.0,15,1.33,1,3.36,0.4153579004827728,2,-0.39360840138481346,3.0214223201778347,False
1.5,0.0,15,1.33,2,0.0,0.42378737550144235,2,-0.387924265351988,3.0214223201778347,False
1.5,0.0,15,1.33,2,3.36,0.4490356987103834,2,-0.3640246765884708,3.1826078672794123,False
1.5,0.0,15,1.5,1,0.0,0.4452169764421149,2,-0.3665254948292812,3.113821300496597,False
1.5,0.0,15,1.5,1,3.36,0.46844875994297835,2,-0.34443511712517105,3.2704560983792947,False
1.5,0.0,15,1.5,2,0.0,0.47795568665576205,2,-0.3389444747481123,3.2704560983792947,False
1.5,0.0,15,1.5,2,3.36,0.506431239147049,2,-0.3159204735322298,3.419924427736133,False
1.5,0.0,15,2.0,1,0.0,0.5936226352561531,2,-0.25307904459437075,3.956889658404751,False
1.5,0.0,15,2.0,1,3.36,0.6245983465906377,3,-0.2302998921533316,4.081295844311028,False
1.5,0.0,15,2.0,2,0.0,0.6372742488743494,3,-0.22548219356382065,4.081295844311028,False
1.5,0.0,15,2.0,2,3.36,0.6752416521960651,4,-0.2033918158597104,4.2020204388829985,False
1.5,0.1,-15,0.75,1,0.0,0.5001133508502261,2,-0.31234734173232714,2.8993169420352496,False
1.5,0.1,-15,0.75,1,3.36,0.525928773766389,2,-0.2869747162335207,3.0669265935741974,False
1.5,0.1,-15,0.75,2,0.0,0.7541328322520245,2,-0.1393703304446948,3.0669265935741974,False
1.5,0.1,-15,0.75,2,3.36,0.8341988339441401,2,-0.09096082632034572,3.2258392288476854,False
1.5,0.1,-15,1.0,1,0.0,0.6668178011336348,2,-0.19562475080063174,2.6163084565556898,False
1.5,0.1,-15,1.0,1,3.36,0.7012383650218521,2,-0.16775548538977852,2.8009052000817194,False
1.5,0.1,-15,1.0,2,0.0,1.0055104430026993,5,-0.026434850317285916,2.8009052000817194,True
1.5,0.1,-15,1.0,2,3.36,1.11226511192552,5,0.025186775444528266,2.974066229902222,True
1.5,0.1,-15,1.33,1,0.0,0.8868676755077316,3,-0.0855690709548598,2.89464900063355,False
1.5,0.1,-15,1.33,1,3.36,0.9326470254790605,4,-0.053564118768302235,3.062514136599015,False
1.5,0.1,-15,1.33,2,0.0,1.337328889193588,5,0.07744234378885148,3.062514136599015,True
1.5,0.1,-15,1.33,2,3.36,1.47931259886094,5,0.13429696794002158,3.221644430546116,True
1.5,0.1,-15,1.5,1,0.0,1.0002267017004522,5,-0.04164663548914582,3.1537094177216645,True
1.5,0.1,-15,1.5,1,3.36,1.051857547532778,5,-0.007183076400820752,3.30845630036522,True
1.5,0.1,-15,1.5,2,0.0,1.508265664504049,5,0.11774979691134257,3.30845630036522,True
1.5,0.1,-15,1.5,2,3.36,1.6683976678882801,5,0.17471998875061182,3.4562816857753824,True
1.5,0.1,-15,2.0,1,0.0,1.3336356022672695,6,0.054608346991307,3.9883550204050877,True
1.5,0.1,-15,2.0,1,3.36,1.4024767300437042,7,0.097344037318085,4.111809305985683,True
1.5,0.1,-15,2.0,2,0.0,2.0110208860053986,7,0.20216768448185116,4.111809305985683,True
1.5,0.1,-15,2.0,2,3.36,2.22453022385104,7,0.2591378763211204,4.231663475371177,True
1.5,0.1,-10,0.75,1,0.0,0.35558192491894264,2,-0.4529768558090449,2.4197145125426194,False
1.5,0.1,-10,0.75,1,3.36,0.38837975728948226,2,-0.4190978055723737,2.6182089913162714,False
1.5,0.1,-10,0.75,2,0.0,0.5332493298454645,2,-0.2853000864395668,2.6182089913162714,False
1.5,0.1,-10,0.75,2,3.36,0.535161217978241,2,-0.28374577128597583,2.80268056014405,False
1.5,0.1,-10,1.0,1,0.0,0.47410923322525683,2,-0.33089355218594435,2.072208853296779,False
1.5,0.1,-10,1.0,1,3.36,0.5178396763859772,2,-0.30020171896190706,2.300880164563455,False
1.5,0.1,-10,1.0,2,0.0,0.7109991064606194,2,-0.16915248467469277,2.300880164563455,False
1.5,0.1,-10,1.0,2,3.36,0.7135482906376548,2,-0.16759816952110176,2.5087944379086844,False
1.5,0.1,-10,1.33,1,0.0,0.6305652801895897,2,-0.21189799176909943,2.4141193899029814,False
1.5,0.1,-10,1.33,1,3.36,0.6887267695933496,2,-0.1865483970759259,2.6130389259836035,False
1.5,0.1,-10,1.33,2,0.0,0.9456288115926225,4,-0.06004229217919953,2.6130389259836035,False
1.5,0.1,-10,1.33,2,3.36,0.9490192265480797,4,-0.058487977025608484,2.797851395036117,False
1.5,0.1,-10,1.5,1,0.0,0.7111638498378853,2,-0.16262344247768526,2.7193496802108874,False
1.5,0.1,-10,1.5,1,3.36,0.7767595145789645,2,-0.14048893389520864,2.897388942351899,False
1.5,0.1,-10,1.5,2,0.0,1.066498659690929,5,-0.01667761219600316,2.897388942351899,True
1.5,0.1,-10,1.5,2,3.36,1.070322435956482,5,-0.015123297042412186,3.06510402486817,True
1.5,0.1,-10,2.0,1,0.0,0.9482184664505137,4,-0.04813561706084034,3.654580052567901,False
1.5,0.1,-10,2.0,1,3.36,1.0356793527719543,5,-0.03466166375995146,3.788925356961681,True
1.5,0.1,-10,2.0,2,0.0,1.4219982129212387,7,0.07772570006983572,3.788925356961681,True
1.5,0.1,-10,2.0,2,3.36,1.4270965812753096,7,0.07928001522342672,3.918667549132894,True
1.5,0.1,-5,0.75,1,0.0,0.30788558778519914,1,-0.5155271725126752,2.07952063642355,False
1.5,0.1,-5,0.75,1,3.36,0.31909040554831614,2,-0.5000027864723673,2.3074674596430187,False
1.5,0.1,-5,0.75,2,0.0,0.3753310208249909,2,-0.43355688169668954,2.3074674596430187,False
1.5,0.1,-5,0.75,2,3.36,0.42271139159019294,2,-0.38648130971147165,2.5148371870384385,False
1.5,0.1,-5,1.0,1,0.0,0.41051411704693214,2,-0.3934438688895748,1.6623589524478737,False
1.5,0.1,-5,1.0,1,3.36,0.4254538740644215,2,-0.3779194828492668,1.9399580631507454,False
1.5,0.1,-5,1.0,2,0.0,0.5004413610999879,2,-0.3130995624527335,1.9399580631507454,False
1.5,0.1,-5,1.0,2,3.36,0.5636151887869244,2,-0.27054148422142726,2.1825300196752373,False
1.5,0.1,-5,1.33,1,0.0,0.5459837756724181,2,-0.2744483084727299,2.073007521406419,False
1.5,0.1,-5,1.33,1,3.36,0.5658536525056789,2,-0.25892392243242185,2.301599483795472,False
1.5,0.1,-5,1.33,2,0.0,0.6655870102629832,2,-0.19683922731104453,2.301599483795472,False
1.5,0.1,-5,1.33,2,3.36,0.7496082010866095,3,-0.16177230127416575,2.509454160531247,False
1.5,0.1,-5,1.5,1,0.0,0.6157711755703983,2,-0.22517375918131563,2.421621448196455,False
1.5,0.1,-5,1.5,1,3.36,0.6381808110966323,2,-0.20964937314100768,2.619971457547791,False
1.5,0.1,-5,1.5,2,0.0,0.7506620416499818,3,-0.14921690705217716,2.619971457547791,False
1.5,0.1,-5,1.5,2,3.36,0.8454227831803859,3,-0.1186083869911531,2.8043270919001397,False
1.5,0.1,-5,2.0,1,0.0,0.8210282340938643,2,-0.11472053095946776,3.438799662052043,False
1.5,0.1,-5,2.0,1,3.36,0.850907748128843,4,-0.09516154772416277,3.581248820694988,False
1.5,0.1,-5,2.0,2,0.0,1.0008827221999759,5,-0.04044610014791796,3.581248820694988,True
1.5,0.1,-5,2.0,2,3.36,1.1272303775738488,6,-0.024869324239611718,3.7182446282794848,True
1.5,0.1,0,0.75,1,0.0,0.27305216596788895,1,-0.5676709065424971,1.9529982067781715,False
1.5,0.1,0,0.75,1,3.36,0.284256983731006,2,-0.5502053890406521,2.1941289833733006,False
1.5,0.1,0,0.75,2,0.0,0.3090841346824736,1,-0.5224485481804026,2.1941289833733006,False
1.5,0.1,0,0.75,2,3.36,0.32059131133103985,2,-0.5065735135152853,2.41126564187332,False
1.5,0.1,0,1.0,1,0.0,0.3640695546238519,2,-0.4455876029193966,1.5010773481572957,False
1.5,0.1,0,1.0,1,3.36,0.3790093116413413,2,-0.42812208541755165,1.8036721445847466,False
1.5,0.1,0,1.0,2,0.0,0.4121121795766318,2,-0.4065087226903582,1.8036721445847466,False
1.5,0.1,0,1.0,2,3.36,0.42745508177472025,2,-0.39063368802524084,2.0623368311580283,False
1.5,0.1,0,1.33,1,0.0,0.4842125076497215,2,-0.32659204250255164,1.9460616902284806,False
1.5,0.1,0,1.33,1,3.36,0.5040823844829824,2,-0.30912652500070675,2.1879570613188304,False
1.5,0.1,0,1.33,2,0.0,0.5481091988369203,2,-0.2925932682264838,2.1879570613188304,False
1.5,0.1,0,1.33,2,3.36,0.568515258760378,2,-0.27512775072463885,2.405650868720341,False
1.5,0.1,0,1.5,1,0.0,0.5461043319357779,2,-0.27731749321113736,2.313881232201092,False
1.5,0.1,0,1.5,1,3.36,0.568513967462012,2,-0.25985197570929247,2.520723379653635,False
1.5,0.1,0,1.5,2,0.0,0.6181682693649472,2,-0.2435493276387653,2.520723379653635,False
1.5,0.1,0,1.5,2,3.36,0.6411826226620797,3,-0.2260838101369204,2.7118345002474697,False
1.5,0.1,0,2.0,1,0.0,0.7281391092477038,2,-0.17952989155975937,3.3637983046099227,False
1.5,0.1,0,2.0,1,3.36,0.7580186232826825,3,-0.14536415029244762,3.5092932385448483,False
1.5,0.1,0,2.0,2,0.0,0.8242243591532636,3,-0.129864057333141,3.5092932385448483,False
1.5,0.1,0,2.0,2,3.36,0.8549101635494405,4,-0.11239853983129612,3.6489915091839538,False
1.5,0.1,5,0.75,1,0.0,0.2473573529728997,0,-0.6105917076599978,2.07952063642355,False
1.5,0.1,5,0.75,1,3.36,0.2585621707360167,1,-0.5913515472483943,2.3074674596430187,False
1.5,0.1,5,0.75,2,0.0,0.26806584124901855,1,-0.5759869431334668,2.3074674596430187,False
1.5,0.1,5,0.75,2,3.36,0.2802087141558166,2,-0.5567467827218634,2.5148371870384385,False
1.5,0.1,5,1.0,1,0.0,0.3298098039638662,1,-0.4885084040368973,1.6623589524478737,False
1.5,0.1,5,1.0,1,3.36,0.34474956098135556,2,-0.4692682436252939,1.9399580631507454,False
1.5,0.1,5,1.0,2,0.0,0.35742112166535794,2,-0.45412911298908093,1.9399580631507454,False
1.5,0.1,5,1.0,2,3.36,0.373611618874422,2,-0.4348889525774775,2.1825300196752373,False
1.5,0.1,5,1.33,1,0.0,0.4386470392719407,2,-0.3738258257947709,2.073007521406419,False
1.5,0.1,5,1.33,1,3.36,0.4585169161052016,2,-0.3502726832084489,2.301599483795472,False
1.5,0.1,5,1.33,2,0.0,0.4753700918149248,2,-0.33551406934398453,2.301599483795472,False
1.5,0.1,5,1.33,2,3.36,0.49690345310298006,2,-0.316273908932381,2.509454160531247,False
1.5,0.1,5,1.5,1,0.0,0.4947147059457994,2,-0.329903390329057,2.421621448196455,False
1.5,0.1,5,1.5,1,3.36,0.5171243414720335,2,-0.30099813391703467,2.619971457547791,False
1.5,0.1,5,1.5,2,0.0,0.5361316824980371,2,-0.286470128756266,2.619971457547791,False
1.5,0.1,5,1.5,2,3.36,0.5604174283116332,2,-0.26722996834466256,2.8043270919001397,False
1.5,0.1,5,2.0,1,0.0,0.6596196079277324,2,-0.2336484078486042,3.438799662052043,False
1.5,0.1,5,2.0,1,3.36,0.6894991219627111,3,-0.18651030850018985,3.581248820694988,False
1.5,0.1,5,2.0,2,0.0,0.7148422433307159,3,-0.17278485845064176,3.581248820694988,False
1.5,0.1,5,2.0,2,3.36,0.747223237748844,4,-0.15354469803903834,3.7182446282794848,False
1.5,0.1,10,0.75,1,0.0,0.2284309111085054,0,-0.6452911458012754,2.4197145125426194,False
1.5,0.1,10,0.75,1,3.36,0.23963572887162243,1,-0.6243649620652976,2.6182089913162714,False
1.5,0.1,10,0.75,2,0.0,0.24755489827824154,1,-0.6105568959418944,2.6182089913162714,False
1.5,0.1,10,0.75,2,3.36,0.2596977711850396,1,-0.5897601975387666,2.80268056014405,False
1.5,0.1,10,1.0,1,0.0,0.30457454814467383,1,-0.5285685548695801,2.072208853296779,False
1.5,0.1,10,1.0,1,3.36,0.3195143051621632,2,-0.502281658442197,2.300880164563455,False
1.5,0.1,10,1.0,2,0.0,0.330073197704322,1,-0.48869906579750855,2.300880164563455,False
1.5,0.1,10,1.0,2,3.36,0.3462636949133861,2,-0.4679023673943806,2.5087944379086844,False
1.5,0.1,10,1.33,1,0.0,0.40508414903241496,2,-0.41851287502380813,2.4141193899029814,False
1.5,0.1,10,1.33,1,3.36,0.42495402586567577,2,-0.3832860980253522,2.6130389259836035,False
1.5,0.1,10,1.33,2,0.0,0.4389973529467471,2,-0.3700840221524121,2.6130389259836035,False
1.5,0.1,10,1.33,2,3.36,0.4605307142348023,2,-0.34928732374928423,2.797851395036117,False
1.5,0.1,10,1.5,1,0.0,0.4568618222170108,2,-0.37459043955809423,2.7193496802108874,False
1.5,0.1,10,1.5,1,3.36,0.47927145774324487,2,-0.3340115487339379,2.897388942351899,False
1.5,0.1,10,1.5,2,0.0,0.4951097965564831,2,-0.32104008156469366,2.897388942351899,False
1.5,0.1,10,1.5,2,3.36,0.5193955423700792,2,-0.3002433831615658,3.06510402486817,False
1.5,0.1,10,2.0,1,0.0,0.6091490962893477,2,-0.2783354570776413,3.654580052567901,False
1.5,0.1,10,2.0,1,3.36,0.6390286103243265,3,-0.219523723317093,3.788925356961681,False
1.5,0.1,10,2.0,2,0.0,0.660146395408644,2,-0.20735481125906935,3.788925356961681,False
1.5,0.1,10,2.0,2,3.36,0.6925273898267722,4,-0.18655811285594148,3.918667549132894,False
1.5,0.1,15,0.75,1,0.0,0.21376782219237,0,-0.6814734574172423,2.8993169420352496,False
1.5,0.1,15,0.75,1,3.36,0.22593542963776994,1,-0.6499321931096474,3.0669265935741974,False
1.5,0.1,15,0.75,2,0.0,0.23270762490897837,0,-0.6374178062872268,3.0669265935741974,False
1.5,0.1,15,0.75,2,3.36,0.2448504978157765,1,-0.6153274285831165,3.2258392288476854,False
1.5,0.1,15,1.0,1,0.0,0.28502376292316006,1,-0.5647508664855468,2.6163084565556898,False
1.5,0.1,15,1.0,1,3.36,0.3012472395170266,2,-0.5278488894865468,2.8009052000817194,False
1.5,0.1,15,1.0,2,0.0,0.31027683321197114,1,-0.5155599761428407,2.8009052000817194,False
1.5,0.1,15,1.0,2,3.36,0.32646733042103526,2,-0.4934695984387305,2.974066229902222,False
1.5,0.1,15,1.33,1,0.0,0.3790816046878017,2,-0.4546951866397749,2.89464900063355,False
1.5,0.1,15,1.33,1,3.36,0.4006588285576441,2,-0.408853329069702,3.062514136599015,False
1.5,0.1,15,1.33,2,0.0,0.4126681881719205,2,-0.39694493249774426,3.062514136599015,False
1.5,0.1,15,1.33,2,3.36,0.43420154945997574,2,-0.3748545547936341,3.221644430546116,False
1.5,0.1,15,1.5,1,0.0,0.42753564438474,2,-0.410772751174061,3.1537094177216645,False
1.5,0.1,15,1.5,1,3.36,0.4518708592755399,2,-0.3595787797782878,3.30845630036522,False
1.5,0.1,15,1.5,2,0.0,0.46541524981795673,2,-0.3479009919100259,3.30845630036522,False
1.5,0.1,15,1.5,2,3.36,0.489700995631553,2,-0.3258106142059156,3.4562816857753824,False
1.5,0.1,15,2.0,1,0.0,0.5700475258463201,2,-0.31451776869360804,3.9883550204050877,False
1.5,0.1,15,2.0,1,3.36,0.6024944790340532,3,-0.24509095436144285,4.111809305985683,False
1.5,0.1,15,2.0,2,0.0,0.6205536664239423,2,-0.23421572160440152,4.111809305985683,False
1.5,0.1,15,2.0,2,3.36,0.6529346608420705,4,-0.21212534390029136,4.231663475371177,False
1.5,0.2,-15,0.75,1,0.0,0.4187647930434426,2,-0.3876800809588804,3.0258946991547195,False
1.5,0.2,-15,0.75,1,3.36,0.43353434287047876,2,-0.3695537443623934,3.186854049116876,False
1.5,0.2,-15,0.75,2,0.0,0.6493238974293654,2,-0.20214604503766578,3.186854049116876,False
1.5,0.2,-15,0.75,2,3.36,0.7032116472543042,2,-0.1633199759916959,3.340065677553756,False
1.5,0.2,-15,1.0,1,0.0,0.5583530573912567,2,-0.26970645569406027,2.7559154449737417,False
1.5,0.2,-15,1.0,1,3.36,0.5780457904939718,2,-0.24938665343516517,2.93173497094209,False
1.5,0.2,-15,1.0,2,0.0,0.8657651965724871,3,-0.08766824132616333,2.93173497094209,False
1.5,0.2,-15,1.0,2,3.36,0.9376155296724057,3,-0.045882701274436,3.0975909897604,False
1.5,0.2,-15,1.33,1,0.0,0.7426095663303692,2,-0.15577827499313818,3.0214223201778347,False
1.5,0.2,-15,1.33,1,3.36,0.76880090135698,2,-0.13361238547684448,3.1826078672794123,False
1.5,0.2,-15,1.33,2,0.0,1.1514677114414062,5,0.0187112146032977,3.1826078672794123,True
1.5,0.2,-15,1.33,2,3.36,1.2470286544642981,5,0.06535183579950485,3.3360145138876134,True
1.5,0.2,-15,1.5,1,0.0,0.8375295860868852,2,-0.10638557872495148,3.2704560983792947,False
1.5,0.2,-15,1.5,1,3.36,0.8670686857409575,3,-0.08628234597511603,3.419924427736133,False
1.5,0.2,-15,1.5,2,0.0,1.2986477948587307,5,0.06047420390530457,3.419924427736133,True
1.5,0.2,-15,1.5,2,3.36,1.4064232945086084,5,0.10997196655310854,3.5631282732209235,True
1.5,0.2,-15,2.0,1,0.0,1.1167061147825135,6,0.008513988559799957,4.081295844311028,True
1.5,0.2,-15,2.0,1,3.36,1.1560915809879435,7,0.021485195865675252,4.2020204388829985,True
1.5,0.2,-15,2.0,2,0.0,1.7315303931449741,7,0.1496115506545597,4.2020204388829985,True
1.5,0.2,-15,2.0,2,3.36,1.8752310593448114,7,0.20658174249382902,4.319372149837343,True
1.5,0.2,-10,0.75,1,0.0,0.31720584953717934,2,-0.5056816331311194,2.570023019781995,False
1.5,0.2,-10,0.75,1,3.36,0.35114262787600103,2,-0.4582735685619079,2.7577197686148907,False
1.5,0.2,-10,0.75,2,0.0,0.44951769815467385,2,-0.357659236110917,2.7577197686148907,False
1.5,0.2,-10,0.75,2,3.36,0.4511293786659724,2,-0.3558299287885184,2.933431151775914,False
1.5,0.2,-10,1.0,1,0.0,0.42294113271623984,2,-0.3858338642276773,2.2458961533609587,False
1.5,0.2,-10,1.0,1,3.36,0.46819017050133466,2,-0.3360749316984859,2.4584648729810135,False
1.5,0.2,-10,1.0,2,0.0,0.5993569308728985,2,-0.2402219613936571,2.4584648729810135,False
1.5,0.2,-10,1.0,2,3.36,0.6015058382212967,2,-0.23519221077832694,2.6540628349158486,False
1.5,0.2,-10,1.33,1,0.0,0.5625117065125991,2,-0.27059363478439624,2.564755822433306,False
1.5,0.2,-10,1.33,1,3.36,0.6226929267667733,2,-0.2168845772782784,2.752811731431255,False
1.5,0.2,-10,1.33,2,0.0,0.7971447180609541,2,-0.12898742431971627,2.752811731431255,False
1.5,0.2,-10,1.33,2,3.36,0.8000027648343236,3,-0.11862941962013913,2.928817582012499,False
1.5,0.2,-10,1.5,1,0.0,0.6344116990743587,2,-0.22222936541967045,2.8539205811064634,False
1.5,0.2,-10,1.5,1,3.36,0.7022852557520021,2,-0.1674918810100917,3.024047400961674,False
1.5,0.2,-10,1.5,2,0.0,0.8990353963093477,3,-0.08436729356611257,3.024047400961674,False
1.5,0.2,-10,1.5,2,3.36,0.9022587573319448,4,-0.07082502289881079,3.185100105689467,False
1.5,0.2,-10,2.0,1,0.0,0.8458822654324797,2,-0.11077298936190151,3.755789578853853,False
1.5,0.2,-10,2.0,1,3.36,0.9363803410026693,4,-0.05259231372534028,3.886638053720362,False
1.5,0.2,-10,2.0,2,0.0,1.198713861745797,6,0.014216954336753865,3.886638053720362,True
1.5,0.2,-10,2.0,2,3.36,1.2030116764425933,7,0.03857200833109268,4.01322256554844,True
1.5,0.2,-5,0.75,1,0.0,0.28355759485896825,1,-0.5570089589096552,2.252644241177778,False
1.5,0.2,-5,0.75,1,3.36,0.30548062537630816,2,-0.5187734525261192,2.464631022549097,False
1.5,0.2,-5,0.75,2,0.0,0.3515596411409037,2,-0.4648015169228273,2.464631022549097,False
1.5,0.2,-5,0.75,2,3.36,0.361397718539233,2,-0.4528151228272543,2.659775568974083,False
1.5,0.2,-5,1.0,1,0.0,0.37807679314529097,2,-0.439035333644835,1.8744165190222775,False
1.5,0.2,-5,1.0,1,3.36,0.40730750050174414,2,-0.3965748156626972,2.1244851815871986,False
1.5,0.2,-5,1.0,2,0.0,0.46874618818787206,2,-0.34764371670566635,2.1244851815871986,False
1.5,0.2,-5,1.0,2,3.36,0.4818636247189778,2,-0.33565732261009334,2.3480709714111265,False
1.5,0.2,-5,1.33,1,0.0,0.5028421348832355,2,-0.32691344401885053,2.2466330772530667,False
1.5,0.2,-5,1.33,1,3.36,0.5417189756673182,2,-0.2773844612424897,2.4591380977504262,False
1.5,0.2,-5,1.33,2,0.0,0.6234324302898699,2,-0.23687064939409003,2.4591380977504262,False
1.5,0.2,-5,1.33,2,3.36,0.6408786208762405,2,-0.2248842552985171,2.6546864567793285,False
1.5,0.2,-5,1.5,1,0.0,0.5671151897179365,2,-0.28176649195349546,2.571818508053221,False
1.5,0.2,-5,1.5,1,3.36,0.6109612507526163,2,-0.22799176497430299,2.759393128636276,False
1.5,0.2,-5,1.5,2,0.0,0.7031192822818074,2,-0.19252393413569752,2.759393128636276,False
1.5,0.2,-5,1.5,2,3.36,0.722795437078466,3,-0.1805375400401245,2.9350043336194744,False
1.5,0.2,-5,2.0,1,0.0,0.7561535862905819,2,-0.18141387770538622,3.5461730239413365,False
1.5,0.2,-5,2.0,1,3.36,0.8146150010034883,2,-0.11309219768955162,3.6844732480680658,False
1.5,0.2,-5,2.0,2,0.0,0.9374923763757441,3,-0.08847069508551857,3.6844732480680658,False
1.5,0.2,-5,2.0,2,3.36,0.9637272494379556,4,-0.07294630904521059,3.817766770735117,False
1.5,0.2,0,0.75,1,0.0,0.24424851019574556,1,-0.6218183195099469,2.136399306234383,False
1.5,0.2,0,0.75,1,3.36,0.27213291170104564,1,-0.5689760550944041,2.358856077779811,False
1.5,0.2,0,0.75,2,0.0,0.2882431118187698,1,-0.5443649983507547,2.358856077779811,False
1.5,0.2,0,0.75,2,3.36,0.30007129683958705,2,-0.5268994808489098,2.5620698654952316,False
1.5,0.2,0,1.0,1,0.0,0.3256646802609941,2,-0.5038446942451266,1.7329839021615114,False
1.5,0.2,0,1.0,1,3.36,0.3628438822680608,2,-0.44677741823098205,2.0008081380159717,False
1.5,0.2,0,1.0,2,0.0,0.38432414909169305,2,-0.42243165965786533,2.0008081380159717,False
1.5,0.2,0,1.0,2,3.36,0.40009506245278265,2,-0.40496614215602045,2.236790827312858,False
1.5,0.2,0,1.33,1,0.0,0.43313402474712076,2,-0.3917228046191422,2.130060117033069,False
1.5,0.2,0,1.33,1,3.36,0.4825823634165195,2,-0.32758706381077457,2.353116253433929,False
1.5,0.2,0,1.33,2,0.0,0.5111511182919504,2,-0.30368922939405674,2.353116253433929,False
1.5,0.2,0,1.33,2,3.36,0.5321264330621995,2,-0.2862237118922118,2.556786284024328,False
1.5,0.2,0,1.5,1,0.0,0.4884970203914911,2,-0.3465758525537871,2.4706368322220977,False
1.5,0.2,0,1.5,1,3.36,0.5442658234020913,2,-0.27819436754258786,2.6653416960555814,False
1.5,0.2,0,1.5,2,0.0,0.5764862236375397,2,-0.2545681143352502,2.6653416960555814,False
1.5,0.2,0,1.5,2,3.36,0.6001425936791741,2,-0.23710259683340523,2.8467606778112633,False
1.5,0.2,0,2.0,1,0.0,0.6513293605219882,2,-0.24622323830567783,3.473490900246694,False
1.5,0.2,0,2.0,1,3.36,0.7256877645361216,2,-0.16329480025783644,3.614573146873167,False
1.5,0.2,0,2.0,2,0.0,0.7686482981833861,3,-0.1406144291153403,3.614573146873167,False
1.5,0.2,0,2.0,2,3.36,0.8001901249055653,4,-0.12314891161349545,3.7503518547059804,False
1.5,0.2,5,0.75,1,0.0,0.2156320973600672,0,-0.6759368357987916,2.252644241177778,False
1.5,0.2,5,0.75,1,3.36,0.24753402873197408,1,-0.6101222133021463,2.464631022549097,False
1.5,0.2,5,0.75,2,0.0,0.2611187972064915,1,-0.5872857994682553,2.464631022549097,False
1.5,0.2,5,0.75,2,3.36,0.2729469822273087,2,-0.568045639056652,2.659775568974083,False
1.5,0.2,5,1.0,1,0.0,0.2875094631467562,1,-0.5579632105339715,1.8744165190222775,False
1.5,0.2,5,1.0,1,3.36,0.33004537164263203,2,-0.4879235764387243,2.1244851815871986,False
1.5,0.2,5,1.0,2,0.0,0.34815839627532186,2,-0.46535246077536613,2.1244851815871986,False
1.5,0.2,5,1.0,2,3.36,0.3639293096364115,2,-0.44611230036376265,2.3480709714111265,False
1.5,0.2,5,1.33,1,0.0,0.38238758598518463,2,-0.44584132090798695,2.2466330772530667,False
1.5,0.2,5,1.33,1,3.36,0.43896034428469943,2,-0.36873322201851677,2.4591380977504262,False
1.5,0.2,5,1.33,2,0.0,0.46305066704617687,2,-0.3466100305115575,2.4591380977504262,False
1.5,0.2,5,1.33,2,3.36,0.4840259818164261,2,-0.32736987009995394,2.6546864567793285,False
1.5,0.2,5,1.5,1,0.0,0.4312641947201344,2,-0.4006943688426319,2.571818508053221,False
1.5,0.2,5,1.5,1,3.36,0.49506805746394816,2,-0.31934052575033006,2.759393128636276,False
1.5,0.2,5,1.5,2,0.0,0.522237594412983,2,-0.29748891545275086,2.759393128636276,False
1.5,0.2,5,1.5,2,3.36,0.5458939644546174,2,-0.27824875504114743,2.9350043336194744,False
1.5,0.2,5,2.0,1,0.0,0.5750189262935124,2,-0.3003417545945227,3.5461730239413365,False
1.5,0.2,5,2.0,1,3.36,0.6600907432852641,2,-0.2044409584655787,3.6844732480680658,False
1.5,0.2,5,2.0,2,0.0,0.6963167925506437,2,-0.18353523023284113,3.6844732480680658,False
1.5,0.2,5,2.0,2,3.36,0.727858619272823,4,-0.16429506982123765,3.817766770735117,False
1.5,0.2,10,0.75,1,0.0,0.19454781515774533,0,-0.7206238850278288,2.570023019781995,False
1.5,0.2,10,0.75,1,3.36,0.22941483368144144,1,-0.6431356281190495,2.7577197686148907,False
1.5,0.2,10,0.75,2,0.0,0.24113940433365996,0,-0.621855752276683,2.7577197686148907,False
1.5,0.2,10,0.75,2,3.36,0.2529675893544772,1,-0.6010590538735551,2.933431151775914,False
1.5,0.2,10,1.0,1,0.0,0.25939708687699375,1,-0.6026502597630086,2.2458961533609587,False
1.5,0.2,10,1.0,1,3.36,0.3058864449085885,2,-0.5209369912556275,2.4584648729810135,False
1.5,0.2,10,1.0,2,0.0,0.3215192057782132,1,-0.4999224135837937,2.4584648729810135,False
1.5,0.2,10,1.0,2,3.36,0.33729011913930285,2,-0.4791257151806658,2.6540628349158486,False
1.5,0.2,10,1.33,1,0.0,0.3449981255464007,2,-0.49052837013702405,2.564755822433306,False
1.5,0.2,10,1.33,1,3.36,0.4068289717284216,2,-0.40174663683542,2.752811731431255,False
1.5,0.2,10,1.33,2,0.0,0.42762054368502245,2,-0.38117998331998504,2.752811731431255,False
1.5,0.2,10,1.33,2,3.36,0.44859585845527156,2,-0.3603832849168572,2.928817582012499,False
1.5,0.2,10,1.5,1,0.0,0.38909563031549066,2,-0.4453814180716691,2.8539205811064634,False
1.5,0.2,10,1.5,1,3.36,0.4588296673628829,2,-0.35235394056723324,3.024047400961674,False
1.5,0.2,10,1.5,2,0.0,0.4822788086673199,2,-0.3320588682611785,3.024047400961674,False
1.5,0.2,10,1.5,2,3.36,0.5059351787089544,2,-0.31126216985805055,3.185100105689467,False
1.5,0.2,10,2.0,1,0.0,0.5187941737539875,2,-0.3450288038235598,3.755789578853853,False
1.5,0.2,10,2.0,1,3.36,0.611772889817177,2,-0.23745437328248187,3.886638053720362,False
1.5,0.2,10,2.0,2,0.0,0.6430384115564264,2,-0.2181051830412687,3.886638053720362,False
1.5,0.2,10,2.0,2,3.36,0.6745802382786057,4,-0.19730848463814082,4.01322256554844,False
1.5,0.2,15,0.75,1,0.0,0.1789962968745944,0,-0.7568061966437957,3.0258946991547195,False
1.5,0.2,15,0.75,1,3.36,0.2162988768709942,1,-0.6687028591633993,3.186854049116876,False
1.5,0.2,15,0.75,2,0.0,0.2266769045764584,0,-0.6487166626220152,3.186854049116876,False
1.5,0.2,15,0.75,2,3.36,0.23850508959727562,1,-0.6266262849179051,3.340065677553756,False
1.5,0.2,15,1.0,1,0.0,0.23866172916612588,1,-0.6388325713789753,2.7559154449737417,False
1.5,0.2,15,1.0,1,3.36,0.28839850249465887,2,-0.5465042222999773,2.93173497094209,False
1.5,0.2,15,1.0,2,0.0,0.3022358727686111,1,-0.526783323929126,2.93173497094209,False
1.5,0.2,15,1.0,2,3.36,0.3180067861297008,2,-0.5046929462250156,3.0975909897604,False
1.5,0.2,15,1.33,1,0.0,0.31742009979094643,2,-0.526710681752991,3.0214223201778347,False
1.5,0.2,15,1.33,1,3.36,0.3835700083178952,2,-0.4273138678797699,3.1826078672794123,False
1.5,0.2,15,1.33,2,0.0,0.40197371078225175,2,-0.40804089366531726,3.1826078672794123,False
1.5,0.2,15,1.33,2,3.36,0.4229490255525009,2,-0.38595051596120705,3.3360145138876134,False
1.5,0.2,15,1.5,1,0.0,0.3579925937491888,2,-0.48156372968763583,3.2704560983792947,False
1.5,0.2,15,1.5,1,3.36,0.4325977537419884,2,-0.3779211716115831,3.419924427736133,False
1.5,0.2,15,1.5,2,0.0,0.4533538091529168,2,-0.3589197786065107,3.419924427736133,False
1.5,0.2,15,1.5,2,3.36,0.47701017919455124,2,-0.3368294009024005,3.5631282732209235,False
1.5,0.2,15,2.0,1,0.0,0.47732345833225176,2,-0.38121111543952657,4.081295844311028,False
1.5,0.2,15,2.0,1,3.36,0.5767970049893177,2,-0.2630216043268317,4.2020204388829985,False
1.5,0.2,15,2.0,2,0.0,0.6044717455372222,2,-0.2449660933866009,4.2020204388829985,False
1.5,0.2,15,2.0,2,3.36,0.6360135722594016,3,-0.22287571568249065,4.319372149837343,False
1.5,0.3,-15,0.75,1,0.0,0.3542029844723076,2,-0.4561869731201938,3.2258392288476854,False
1.5,0.3,-15,0.75,1,3.36,0.39377688616383427,2,-0.41005432802200936,3.377282743622842,False
1.5,0.3,-15,0.75,2,0.0,0.5526326812516246,2,-0.27010907250190613,3.377282743622842,False
1.5,0.3,-15,0.75,2,3.36,0.5871456329258609,2,-0.24002565053191247,3.5222207100595826,False
1.5,0.3,-15,1.0,1,0.0,0.47227064596307705,2,-0.33520226244000195,2.974066229902222,False
1.5,0.3,-15,1.0,1,3.36,0.5250358482184457,2,-0.2909681407947034,3.1376854431005055,False
1.5,0.3,-15,1.0,2,0.0,0.736843575002166,2,-0.15418359816483992,3.1376854431005055,False
1.5,0.3,-15,1.0,2,3.36,0.782860843901148,2,-0.1214268702515357,3.2931853789066925,False
1.5,0.3,-15,1.33,1,0.0,0.6281199591308904,2,-0.21805699635263864,3.221644430546116,False
1.5,0.3,-15,1.33,1,3.36,0.6982976781305306,2,-0.17699839436087356,3.37327627639196,False
1.5,0.3,-15,1.33,2,0.0,0.9800019547528795,4,-0.04543795607941531,3.37327627639196,False
1.5,0.3,-15,1.33,2,3.36,1.0412049223885256,5,-0.00826785206730983,3.5183792912175926,True
1.5,0.3,-15,1.5,1,0.0,0.7084059689446152,2,-0.1699015141375897,3.4562816857753824,False
1.5,0.3,-15,1.5,1,3.36,0.7875537723276685,2,-0.1307498717136769,3.5980387840358694,False
1.5,0.3,-15,1.5,2,0.0,1.1052653625032491,5,-0.002287893371098526,3.5980387840358694,True
1.5,0.3,-15,1.5,2,3.36,1.1742912658517217,5,0.03749662396580563,3.734418708638109,True
1.5,0.3,-15,2.0,1,0.0,0.9445412919261541,4,-0.05929430439678403,4.231663475371177,False
1.5,0.3,-15,2.0,1,3.36,1.0500716964368915,5,-0.026673170150615155,4.348215239473602,True
1.5,0.3,-15,2.0,2,0.0,1.473687150004332,6,0.09140538454106964,4.348215239473602,True
1.5,0.3,-15,2.0,2,3.36,1.565721687802296,7,0.1399325070865841,4.461723407921032,True
1.5,0.3,-10,0.75,1,0.0,0.28116917961840854,1,-0.5591202604817507,2.80268056014405,False
1.5,0.3,-10,0.75,1,3.36,0.3298909726684136,2,-0.4897175427978909,2.975738281873822,False
1.5,0.3,-10,0.75,2,0.0,0.3753242063394829,2,-0.4343649106511335,2.975738281873822,False
1.5,0.3,-10,0.75,2,3.36,0.4239640596945351,2,-0.3783046829749157,3.139270348697188,False
1.5,0.3,-10,1.0,1,0.0,0.3748922394912113,2,-0.44003407325444466,2.508794437908684,False
1.5,0.3,-10,1.0,1,3.36,0.4398546302245514,2,-0.3706313555705849,2.7007498091606985,False
1.5,0.3,-10,1.0,2,0.0,0.5004322751193105,2,-0.31576613037075674,2.7007498091606985,False
1.5,0.3,-10,1.0,2,3.36,0.5652854129260468,2,-0.25745994071067957,2.879939154163079,False
1.5,0.3,-10,1.33,1,0.0,0.4986066785233096,2,-0.32606432682061487,2.7978513950361164,False
1.5,0.3,-10,1.33,1,3.36,0.5850066581986518,2,-0.256661609136755,2.9711904059998484,False
1.5,0.3,-10,1.33,2,0.0,0.6655749259086823,2,-0.2025723346171586,2.9711904059998484,False
1.5,0.3,-10,1.33,2,3.36,0.7518295991916404,2,-0.14414959289997933,3.1349597172380927,False
1.5,0.3,-10,1.5,1,0.0,0.5623383592368171,2,-0.27981580417341817,3.0651040248681696,False
1.5,0.3,-10,1.5,1,3.36,0.6597819453368272,2,-0.21041308648955848,3.224106493784449,False
1.5,0.3,-10,1.5,2,0.0,0.7506484126789658,2,-0.15335932588427106,3.224106493784449,False
1.5,0.3,-10,1.5,2,3.36,0.8479281193890702,3,-0.09869711473465495,3.3756277465477518,False
1.5,0.3,-10,2.0,1,0.0,0.7497844789824226,2,-0.1757391026103564,3.918667549132894,False
1.5,0.3,-10,2.0,1,3.36,0.8797092604491028,2,-0.10633638492649668,4.04424966596119,False
1.5,0.3,-10,2.0,2,0.0,1.000864550238621,5,-0.039085815941667754,4.04424966596119,True
1.5,0.3,-10,2.0,2,3.36,1.1305708258520937,6,0.0026848114161044725,4.166047930668489,True
1.5,0.3,-5,0.75,1,0.0,0.2353610410726923,1,-0.6363533978120534,2.5148371870384385,False
1.5,0.3,-5,0.75,1,3.36,0.2840828341226974,1,-0.5546429822062361,2.7063639957166528,False
1.5,0.3,-5,0.75,2,0.0,0.31474568296820665,1,-0.5060398853187745,2.7063639957166528,False
1.5,0.3,-5,0.75,2,3.36,0.3262001587842263,2,-0.4905154992784665,2.8852046855139073,False
1.5,0.3,-5,1.0,1,0.0,0.3138147214302563,2,-0.5172672105847474,2.1825300196752373,False
1.5,0.3,-5,1.0,1,3.36,0.3787771121635965,2,-0.43555679497893013,2.4007159946115224,False
1.5,0.3,-5,1.0,2,0.0,0.4196609106242755,2,-0.38401670565698415,2.4007159946115224,False
1.5,0.3,-5,1.0,2,3.36,0.4349335450456351,2,-0.3684923196166761,2.600660932682996,False
1.5,0.3,-5,1.33,1,0.0,0.41737357950223974,2,-0.40329746415091755,2.509454160531247,False
1.5,0.3,-5,1.33,1,3.36,0.5037735591775819,2,-0.3215870485451003,2.7013626531451833,False
1.5,0.3,-5,1.33,2,0.0,0.558149011130285,2,-0.265122651320789,2.7013626531451833,False
1.5,0.3,-5,1.33,2,3.36,0.5784616149106931,2,-0.249598265280481,2.880513874954881,False
1.5,0.3,-5,1.5,1,0.0,0.4707220821453846,2,-0.3570489415037209,2.8043270919001397,False
1.5,0.3,-5,1.5,1,3.36,0.5681656682453948,2,-0.2753385258979037,2.9772891089655866,False
1.5,0.3,-5,1.5,2,0.0,0.6294913659364133,2,-0.21590964258790146,2.9772891089655866,False
1.5,0.3,-5,1.5,2,3.36,0.6524003175684526,2,-0.20038525654759345,3.140740428364798,False
1.5,0.3,-5,2.0,1,0.0,0.6276294428605126,2,-0.2529722399406592,3.7182446282794848,False
1.5,0.3,-5,2.0,1,3.36,0.757554224327193,2,-0.17126182433484188,3.8503692181048357,False
1.5,0.3,-5,2.0,2,0.0,0.839321821248551,2,-0.10163613264529817,3.8503692181048357,False
1.5,0.3,-5,2.0,2,3.36,0.8698670900912702,4,-0.08611174660499016,3.9781079819091443,False
1.5,0.3,0,0.75,1,0.0,0.20273335887446997,0,-0.7011627584123451,2.4112656418733196,False
1.5,0.3,0,0.75,1,3.36,0.2514551519244751,1,-0.607627436149193,2.610402650105679,False
1.5,0.3,0,0.75,2,0.0,0.2791361267727478,1,-0.5581836193485963,2.610402650105679,False
1.5,0.3,0,0.75,2,3.36,0.2905906025887675,2,-0.5407181018467513,2.795389417537162,False
1.5,0.3,0,1.0,1,0.0,0.27031114516595994,1,-0.582076571185039,2.0623368311580283,False
1.5,0.3,0,1.0,1,3.36,0.33527353589930003,2,-0.48854124892188705,2.291993282091145,False
1.5,0.3,0,1.0,2,0.0,0.37218150236366376,2,-0.43616043968680585,2.291993282091145,False
1.5,0.3,0,1.0,2,3.36,0.38745413678502333,2,-0.41869492218496096,2.5006465574228876,False
1.5,0.3,0,1.33,1,0.0,0.3595138230707257,2,-0.4681068247512092,2.4056508687203406,False
1.5,0.3,0,1.33,1,3.36,0.44591380274606784,2,-0.37457150248805715,2.6052170930989473,False
1.5,0.3,0,1.33,2,0.0,0.49500139814367144,2,-0.31726638535061086,2.6052170930989473,False
1.5,0.3,0,1.33,2,3.36,0.5153140019240796,2,-0.299800867848766,2.7905476348155984,False
1.5,0.3,0,1.5,1,0.0,0.40546671774893994,2,-0.4218583021040126,2.7118345002474693,False
1.5,0.3,0,1.5,1,3.36,0.5029103038489502,2,-0.32832297984086056,2.890336720303093,False
1.5,0.3,0,1.5,2,0.0,0.5582722535454956,2,-0.2680533766177232,2.890336720303093,False
1.5,0.3,0,1.5,2,3.36,0.581181205177535,2,-0.2505878591158783,3.0584385487912686,False
1.5,0.3,0,2.0,1,0.0,0.5406222903319199,2,-0.3177816005409508,3.6489915091839538,False
1.5,0.3,0,2.0,1,3.36,0.6705470717986001,2,-0.22424627827779883,3.783535256092718,False
1.5,0.3,0,2.0,2,0.0,0.7443630047273275,2,-0.15377986667511992,3.783535256092718,False
1.5,0.3,0,2.0,2,3.36,0.7749082735700467,4,-0.136314349173275,3.9134561495047557,False
1.5,0.3,5,0.75,1,0.0,0.17898090491490995,0,-0.7552812747011898,2.5148371870384385,False
1.5,0.3,5,0.75,1,3.36,0.22770269796491505,1,-0.6507197977748478,2.7063639957166528,False
1.5,0.3,5,0.75,2,0.0,0.2528687996041553,1,-0.6011044204660969,2.7063639957166528,False
1.5,0.3,5,0.75,2,3.36,0.264323275420175,1,-0.5818642600544935,2.8852046855139073,False
1.5,0.3,5,1.0,1,0.0,0.2386412065532132,1,-0.6361950874738839,2.1825300196752373,False
1.5,0.3,5,1.0,1,3.36,0.3036035972865534,2,-0.5316336105475417,2.4007159946115224,False
1.5,0.3,5,1.0,2,0.0,0.33715839947220705,2,-0.47908124080430664,2.4007159946115224,False
1.5,0.3,5,1.0,2,3.36,0.35243103389356656,2,-0.4598410803927032,2.600660932682996,False
1.5,0.3,5,1.33,1,0.0,0.31739280471577275,2,-0.5222253410400539,2.509454160531247,False
1.5,0.3,5,1.33,1,3.36,0.4037927843911149,2,-0.4176638641137118,2.7013626531451833,False
1.5,0.3,5,1.33,2,0.0,0.44842067129803415,2,-0.3601871864681116,2.7013626531451833,False
1.5,0.3,5,1.33,2,3.36,0.46873327507844237,2,-0.34094702605650806,2.880513874954881,False
1.5,0.3,5,1.5,1,0.0,0.3579618098298199,2,-0.4759768183928573,2.8043270919001397,False
1.5,0.3,5,1.5,1,3.36,0.4554053959298301,2,-0.3714153414665153,2.9772891089655866,False
1.5,0.3,5,1.5,2,0.0,0.5057375992083106,2,-0.3109741777352239,2.9772891089655866,False
1.5,0.3,5,1.5,2,3.36,0.52864655084035,2,-0.2917340173236205,3.140740428364798,False
1.5,0.3,5,2.0,1,0.0,0.4772824131064264,2,-0.3719001168297956,3.7182446282794848,False
1.5,0.3,5,2.0,1,3.36,0.6072071945731068,2,-0.2673386399034534,3.8503692181048357,False
1.5,0.3,5,2.0,2,0.0,0.6743167989444141,2,-0.19685137029884153,3.8503692181048357,False
1.5,0.3,5,2.0,2,3.36,0.7048620677871331,3,-0.1774605073810173,3.9781079819091443,False
1.5,0.3,10,0.75,1,0.0,0.1614803381892081,0,-0.799968323930227,2.80268056014405,False
1.5,0.3,10,0.75,1,3.36,0.21020213123921325,1,-0.685450859189012,2.975738281873822,False
1.5,0.3,10,0.75,2,0.0,0.2335206517625524,0,-0.6356743732745246,2.975738281873822,False
1.5,0.3,10,0.75,2,3.36,0.24497512757857207,1,-0.6148776748713968,3.139270348697188,False
1.5,0.3,10,1.0,1,0.0,0.21530711758561075,1,-0.680882136702921,2.508794437908684,False
1.5,0.3,10,1.0,1,3.36,0.2802695083189509,2,-0.566364671961706,2.7007498091606985,False
1.5,0.3,10,1.0,2,0.0,0.31136086901673654,1,-0.5136511936127341,2.7007498091606985,False
1.5,0.3,10,1.0,2,3.36,0.3266335034380961,2,-0.49285449520960634,2.879939154163079,False
1.5,0.3,10,1.33,1,0.0,0.28635846638886153,2,-0.5669123902690911,2.7978513950361164,False
1.5,0.3,10,1.33,1,3.36,0.37275844606420366,2,-0.4523949255278762,2.9711904059998484,False
1.5,0.3,10,1.33,2,0.0,0.41410995579225846,2,-0.39475713927653916,2.9711904059998484,False
1.5,0.3,10,1.33,2,3.36,0.4344225595726666,2,-0.37396044087341135,3.1349597172380927,False
1.5,0.3,10,1.5,1,0.0,0.3229606763784162,2,-0.5206638676218945,3.0651040248681696,False
1.5,0.3,10,1.5,1,3.36,0.4204042624784265,2,-0.40614640288067955,3.224106493784449,False
1.5,0.3,10,1.5,2,0.0,0.4670413035251048,2,-0.3455441305436515,3.224106493784449,False
1.5,0.3,10,1.5,2,3.36,0.48995025515714413,2,-0.32474743214052365,3.3756277465477518,False
1.5,0.3,10,2.0,1,0.0,0.4306142351712215,2,-0.4165871660588327,3.918667549132894,False
1.5,0.3,10,2.0,1,3.36,0.5605390166379018,2,-0.3020697013176178,4.04424966596119,False
1.5,0.3,10,2.0,2,0.0,0.6227217380334731,2,-0.24153841952787863,4.04424966596119,False
1.5,0.3,10,2.0,2,3.36,0.6532670068761922,3,-0.21047392219792038,4.166047930668489,False
1.5,0.3,15,0.75,1,0.0,0.1485721262430464,0,-0.8361506355461938,3.2258392288476854,False
1.5,0.3,15,0.75,1,3.36,0.1972939192930515,1,-0.7129742739509013,3.377282743622842,False
1.5,0.3,15,0.75,2,0.0,0.21951509187179155,0,-0.6625352836198568,3.377282743622842,False
1.5,0.3,15,0.75,2,3.36,0.23096956768781127,1,-0.6404449059157465,3.5222207100595826,False
1.5,0.3,15,1.0,1,0.0,0.19809616832406185,0,-0.7170644483188877,2.974066229902222,False
1.5,0.3,15,1.0,1,3.36,0.26305855905740194,1,-0.5938880867235954,3.1376854431005055,False
1.5,0.3,15,1.0,2,0.0,0.2926867891623887,1,-0.5405121039580665,3.1376854431005055,False
1.5,0.3,15,1.0,2,3.36,0.30795942358374834,2,-0.5184217262539562,3.2931853789066925,False
1.5,0.3,15,1.33,1,0.0,0.2634679038710015,1,-0.6030947018850579,3.221644430546116,False
1.5,0.3,15,1.33,1,3.36,0.3498678835463437,2,-0.47991834028976543,3.37327627639196,False
1.5,0.3,15,1.33,2,0.0,0.389273429585976,2,-0.4216180496218714,3.37327627639196,False
1.5,0.3,15,1.33,2,3.36,0.4095860333663842,2,-0.3995276719177612,3.5183792912175926,False
1.5,0.3,15,1.5,1,0.0,0.2971442524860928,2,-0.5568461792378614,3.4562816857753824,False
1.5,0.3,15,1.5,1,3.36,0.394587838586103,2,-0.4336698176425689,3.5980387840358694,False
1.5,0.3,15,1.5,2,0.0,0.4390301837435831,2,-0.37240504088898374,3.5980387840358694,False
1.5,0.3,15,1.5,2,3.36,0.46193913537562253,2,-0.35031466318487353,3.734418708638109,False
1.5,0.3,15,2.0,1,0.0,0.3961923366481237,2,-0.45276947767479947,4.231663475371177,False
1.5,0.3,15,2.0,1,3.36,0.5261171181148039,2,-0.32959311607950714,4.348215239473602,False
1.5,0.3,15,2.0,2,0.0,0.5853735783247774,2,-0.27772073114384543,4.348215239473602,False
1.5,0.3,15,2.0,2,3.36,0.6159188471674967,3,-0.2360411532422703,4.461723407921032,False
2.5,-0.3,-15,0.75,1,0.0,0.699525701047004,1,-0.17086563252121062,4.096346561228708,False
2.5,-0.3,-15,0.75,1,3.36,0.7975792876200886,2,-0.11389544068194132,4.2166402679965795,False
2.5,-0.3,-15,0.75,2,0.0,0.8610247817261705,4,-0.0840339985257688,4.2166402679965795,False
2.5,-0.3,-15,0.75,2,3.36,0.9817159412506801,4,-0.027063806686499502,4.333596099048718,False
2.5,-0.3,-15,1.0,1,0.0,0.9327009347293385,4,-0.05712992585309253,3.901164743914623,False
2.5,-0.3,-15,1.0,1,3.36,1.0634390501601179,5,-0.00015973401382327404,4.0272926835732274,True
2.5,-0.3,-15,1.0,2,0.0,1.1480330423015606,5,0.027355105124168902,4.0272926835732274,True
2.5,-0.3,-15,1.0,2,3.36,1.30895458833424,5,0.08432529696343818,4.149588697589491,True
2.5,-0.3,-15,1.33,1,0.0,1.2404922431900167,5,0.04804314366457995,4.093044008581686,True
2.5,-0.3,-15,1.33,1,3.36,1.4143739367129529,5,0.1050133355038492,4.213432004457464,True
2.5,-0.3,-15,1.33,2,0.0,1.5268839462610724,5,0.12874292205644147,4.213432004457464,True
2.5,-0.3,-15,1.33,2,3.36,1.7409096024845354,6,0.18571311389571074,4.330474483955129,True
2.5,-0.3,-15,1.5,1,0.0,1.399051402094008,5,0.08910293348230494,4.280175172904019,True
2.5,-0.3,-15,1.5,1,3.36,1.5951585752401771,5,0.14607312532157424,4.395440764103635,True
2.5,-0.3,-15,1.5,2,0.0,1.722049563452341,6,0.16761397943569128,4.395440764103635,True
2.5,-0.3,-15,1.5,2,3.36,1.9634318825013601,6,0.2245841712749606,4.5077599215956425,True
2.5,-0.3,-15,2.0,1,0.0,1.865401869458677,5,0.17595239036894528,4.92757467605597,True
2.5,-0.3,-15,2.0,1,3.36,2.1268781003202357,5,0.23292258220821455,5.028020702832089,True
2.5,-0.3,-15,2.0,2,0.0,2.296066084603121,6,0.24752436957986712,5.028020702832089,True
2.5,-0.3,-15,2.0,2,3.36,2.61790917666848,6,0.3044945614191364,5.1264990186391435,True
2.5,-0.3,-10,0.75,1,0.0,0.5400441209194287,1,-0.27994834930069246,3.772139279179256,False
2.5,-0.3,-10,0.75,1,3.36,0.5419803707901238,1,-0.2783940341471015,3.9024395884532272,False
2.5,-0.3,-10,0.75,2,0.0,0.6964980594181408,1,-0.17612973914624083,3.9024395884532272,False
2.5,-0.3,-10,0.75,2,3.36,0.7096970928747224,1,-0.16488854339760423,4.028527614591589,False
2.5,-0.3,-10,1.0,1,0.0,0.7200588278925716,2,-0.16390448865203044,3.5592226610594597,False
2.5,-0.3,-10,1.0,1,3.36,0.7226404943868319,2,-0.1623501734984395,3.6970347511213877,False
2.5,-0.3,-10,1.0,2,0.0,0.9286640792241877,2,-0.06474063549630311,3.6970347511213877,False
2.5,-0.3,-10,1.0,2,3.36,0.9462627904996301,3,-0.051356669434611715,3.829891114770651,False
2.5,-0.3,-10,1.33,1,0.0,0.9576782410971173,3,-0.054964602763438564,3.7685526197763477,False
2.5,-0.3,-10,1.33,1,3.36,0.9611118575344836,4,-0.05341028760984755,3.8989727939578103,False
2.5,-0.3,-10,1.33,2,0.0,1.235123225368167,5,0.03664718143596942,3.8989727939578103,True
2.5,-0.3,-10,1.33,2,3.36,1.2585295113645054,5,0.053485822098486506,4.025169418549134,True
2.5,-0.3,-10,1.5,1,0.0,1.0800882418388573,5,-0.011700215557441176,3.9710047976023253,True
2.5,-0.3,-10,1.5,1,3.36,1.0839607415802477,5,-0.01014590040385023,4.09498218586854,True
2.5,-0.3,-10,1.5,2,0.0,1.3929961188362816,5,0.07551823881521925,4.09498218586854,True
2.5,-0.3,-10,1.5,2,3.36,1.4193941857494448,6,0.09435339236668541,4.2153148284061395,True
2.5,-0.3,-10,2.0,1,0.0,1.4401176557851432,5,0.0823711200989222,4.661541781422198,True
2.5,-0.3,-10,2.0,1,3.36,1.4452809887736637,5,0.08392543525251314,4.767596016856381,True
2.5,-0.3,-10,2.0,2,0.0,1.8573281584483754,6,0.15542862895939508,4.767596016856381,True
2.5,-0.3,-10,2.0,2,3.36,1.8925255809992603,6,0.1805800018587553,4.871341886990158,True
2.5,-0.3,-5,0.75,1,0.0,0.3801135788655656,0,-0.4324642076213272,3.5634846003075467,False
2.5,-0.3,-5,0.75,1,3.36,0.38204982873626087,1,-0.43025758254565255,3.701138000214128,False
2.5,-0.3,-5,0.75,2,0.0,0.492187947949195,0,-0.3227097939151441,3.701138000214128,False
2.5,-0.3,-5,0.75,2,3.36,0.5002757800843046,1,-0.31675209179615527,3.833852174592682,False
2.5,-0.3,-5,1.0,1,0.0,0.5068181051540875,1,-0.3164203469726652,3.3372823833324654,False
2.5,-0.3,-5,1.0,1,3.36,0.5093997716483478,2,-0.31421372189699054,3.4838848583300255,False
2.5,-0.3,-5,1.0,2,0.0,0.6562505972655941,1,-0.20839526214880288,3.4838848583300255,False
2.5,-0.3,-5,1.0,2,3.36,0.6670343734457397,2,-0.2032202178331628,3.624562553757518,False
2.5,-0.3,-5,1.33,1,0.0,0.6740680798549346,2,-0.2074804610840732,3.559687711460826,False
2.5,-0.3,-5,1.33,1,3.36,0.6775016962923007,3,-0.20527383600839855,3.6974824682647536,False
2.5,-0.3,-5,1.33,2,0.0,0.8728132943632403,3,-0.10228161099338329,3.6974824682647536,False
2.5,-0.3,-5,1.33,2,3.36,0.8871557166828319,3,-0.09837772630006458,3.8303233026893713,False
2.5,-0.3,-5,1.5,1,0.0,0.7602271577311313,2,-0.16421607387807596,3.7733628049370926,False
2.5,-0.3,-5,1.5,1,3.36,0.7640996574725217,3,-0.16200944880240126,3.9036222739505324,False
2.5,-0.3,-5,1.5,2,0.0,0.98437589589839,3,-0.06067379116446564,3.9036222739505324,False
2.5,-0.3,-5,1.5,2,3.36,1.0005515601686092,5,-0.05751015603186567,4.029673294162037,True
2.5,-0.3,-5,2.0,1,0.0,1.013636210308175,5,-0.07014473822171258,4.49436975949319,True
2.5,-0.3,-5,2.0,1,3.36,1.0187995432966956,5,-0.06793811314603791,4.604276222713715,True
2.5,-0.3,-5,2.0,2,0.0,1.3125011945311882,6,0.026509828384529588,4.604276222713715,True
2.5,-0.3,-5,2.0,2,3.36,1.3340687468914794,6,0.03966325726166493,4.711619629707695,True
2.5,-0.3,0,0.75,1,0.0,0.28571467007311596,0,-0.5564450519946853,3.4911629029588958,False
2.5,-0.3,0,0.75,1,3.36,0.30268838193459785,1,-0.526391383897019,3.631558675692351,False
2.5,-0.3,0,0.75,2,0.0,0.3741295472508389,0,-0.44293956124518796,3.631558675692351,False
2.5,-0.3,0,0.75,2,3.36,0.3837294801970004,1,-0.4308156036233848,3.766725157878709,False
2.5,-0.3,0,1.0,1,0.0,0.3809528934308213,1,-0.4404011913460233,3.2599462609786327,False
2.5,-0.3,0,1.0,1,3.36,0.40358450924613043,2,-0.4100689869597282,3.409875309225921,False
2.5,-0.3,0,1.0,2,0.0,0.498839396334452,1,-0.3294076872821955,3.409875309225921,False
2.5,-0.3,0,1.0,2,3.36,0.5116393069293346,2,-0.3165010718570435,3.553484152837686,False
2.5,-0.3,0,1.33,1,0.0,0.5066673482629909,2,-0.33146130545743135,3.487287272579155,False
2.5,-0.3,0,1.33,1,3.36,0.5367673972973519,2,-0.3006716475970367,3.6278330338498987,False
2.5,-0.3,0,1.33,2,0.0,0.6634563971248197,2,-0.22456519574909733,3.6278330338498987,False
2.5,-0.3,0,1.33,2,3.36,0.680480278216015,3,-0.21038742070162397,3.7631333382558427,False
2.5,-0.3,0,1.5,1,0.0,0.5714293401462319,2,-0.288196918251434,3.7051400481021055,False
2.5,-0.3,0,1.5,1,3.36,0.6053767638691957,3,-0.2571377481423676,3.8377158279437618,False
2.5,-0.3,0,1.5,2,0.0,0.7482590945016778,3,-0.18369762548089838,3.8377158279437618,False
2.5,-0.3,0,1.5,2,3.36,0.7674589603940009,3,-0.16877960087270633,3.965862173103104,False
2.5,-0.3,0,2.0,1,0.0,0.7619057868616426,3,-0.18185693567827999,4.437246381869528,False
2.5,-0.3,0,2.0,1,3.36,0.8071690184922609,3,-0.15963483117057406,4.548533329922319,False
2.5,-0.3,0,2.0,2,0.0,0.997678792668904,4,-0.09602339924623887,4.548533329922319,False
2.5,-0.3,0,2.0,2,3.36,1.0232786138586691,6,-0.08014836458112151,4.657161737948793,True
2.5,-0.3,5,0.75,1,0.0,0.24666245789757438,0,-0.6120831419153304,3.5634846003075467,False
2.5,-0.3,5,0.75,1,3.36,0.2659351730617535,0,-0.5806540405005097,3.701138000214128,False
2.5,-0.3,5,0.75,2,0.0,0.2953940227959253,0,-0.5455598663797219,3.701138000214128,False
2.5,-0.3,5,0.75,2,3.36,0.3143823207920498,0,-0.5068820352180539,3.833852174592682,False
2.5,-0.3,5,1.0,1,0.0,0.3288832771967658,0,-0.4901948009833259,3.3372823833324654,False
2.5,-0.3,5,1.0,1,3.36,0.3545802307490047,1,-0.4596625880074055,3.4838848583300255,False
2.5,-0.3,5,1.0,2,0.0,0.3938586970612339,0,-0.43202799241672923,3.4838848583300255,False
2.5,-0.3,5,1.0,2,3.36,0.41917642772273317,1,-0.38510492193494966,3.624562553757518,False
2.5,-0.3,5,1.33,1,0.0,0.43741475867169727,1,-0.3715282894979977,3.559687711460826,False
2.5,-0.3,5,1.33,1,3.36,0.4715917068961763,2,-0.34250599563196316,3.6974824682647536,False
2.5,-0.3,5,1.33,2,0.0,0.52383206709144,1,-0.32718550088363096,3.6974824682647536,False
2.5,-0.3,5,1.33,2,3.36,0.5575046488712334,3,-0.26662600245372675,3.8303233026893713,False
2.5,-0.3,5,1.5,1,0.0,0.49332491579514876,2,-0.32245317149115554,3.7733628049370926,False
2.5,-0.3,5,1.5,1,3.36,0.531870346123507,2,-0.2943436808033348,3.9036222739505324,False
2.5,-0.3,5,1.5,2,0.0,0.5907880455918506,2,-0.2863179306154322,3.9036222739505324,False
2.5,-0.3,5,1.5,2,3.36,0.6287646415840996,3,-0.21766449970639065,4.029673294162037,False
2.5,-0.3,5,2.0,1,0.0,0.6577665543935316,2,-0.20865948523165442,4.49436975949319,False
2.5,-0.3,5,2.0,1,3.36,0.7091604614980094,3,-0.18371288449633405,4.604276222713715,False
2.5,-0.3,5,2.0,2,0.0,0.7877173941224678,4,-0.1931584641846075,4.604276222713715,False
2.5,-0.3,5,2.0,2,3.36,0.8383528554454663,4,-0.10426576716545374,4.711619629707695,False
2.5,-0.3,10,0.75,1,0.0,0.24156947360576106,0,-0.6223877692428579,3.772139279179256,False
2.5,-0.3,10,0.75,1,3.36,0.25559086246597257,0,-0.5978844987330303,3.9024395884532272,False
2.5,-0.3,10,0.75,2,0.0,0.25619191417418263,0,-0.5957747322372077,3.9024395884532272,False
2.5,-0.3,10,0.75,2,3.36,0.3143823207920498,0,-0.5068820352180539,4.028527614591589,False
2.5,-0.3,10,1.0,1,0.0,0.322092631474348,0,-0.5013963167497537,3.5592226610594597,False
2.5,-0.3,10,1.0,1,3.36,0.34078781662129676,1,-0.476893046239926,3.6970347511213877,False
2.5,-0.3,10,1.0,2,0.0,0.34158921889891025,0,-0.4739976189541035,3.6970347511213877,False
2.5,-0.3,10,1.0,2,3.36,0.41917642772273317,1,-0.38510492193494966,3.829891114770651,False
2.5,-0.3,10,1.33,1,0.0,0.4283831998608829,1,-0.3842397243743114,3.7685526197763477,False
2.5,-0.3,10,1.33,1,3.36,0.4532477961063247,2,-0.3597364538644837,3.8989727939578103,False
2.5,-0.3,10,1.33,2,0.0,0.45431366113554933,1,-0.35551869947288045,3.8989727939578103,False
2.5,-0.3,10,1.33,2,3.36,0.5575046488712334,2,-0.26662600245372675,4.025169418549134,False
2.5,-0.3,10,1.5,1,0.0,0.4831389472115221,1,-0.33607740954568294,3.9710047976023253,False
2.5,-0.3,10,1.5,1,3.36,0.5111817249319451,2,-0.3115741390358553,4.09498218586854,False
2.5,-0.3,10,1.5,2,0.0,0.5123838283483653,2,-0.30655719672554443,4.09498218586854,False
2.5,-0.3,10,1.5,2,3.36,0.6287646415840996,3,-0.21766449970639065,4.2153148284061395,False
2.5,-0.3,10,2.0,1,0.0,0.644185262948696,2,-0.22544661323868231,4.661541781422198,False
2.5,-0.3,10,2.0,1,3.36,0.6815756332425935,3,-0.20094334272885458,4.767596016856381,False
2.5,-0.3,10,2.0,2,0.0,0.6831784377978205,3,-0.1931584641846075,4.767596016856381,False
2.5,-0.3,10,2.0,2,3.36,0.8383528554454663,4,-0.10426576716545374,4.871341886990158,False
2.5,-0.3,15,0.75,1,0.0,0.23534583016784114,0,-0.6337233142683795,4.096346561228708,False
2.5,-0.3,15,0.75,1,3.36,0.24936721902805264,0,-0.6085904601864804,4.2166402679965795,False
2.5,-0.3,15,0.75,2,0.0,0.25619191417418263,0,-0.5957747322372077,4.2166402679965795,False
2.5,-0.3,15,0.75,2,3.36,0.3143823207920498,0,-0.5068820352180539,4.333596099048718,False
2.5,-0.3,15,1.0,1,0.0,0.31379444022378816,0,-0.5127318617752753,3.901164743914623,False
2.5,-0.3,15,1.0,1,3.36,0.3324896253707368,1,-0.4875990076933764,4.0272926835732274,False
2.5,-0.3,15,1.0,2,0.0,0.34158921889891025,0,-0.4739976189541035,4.0272926835732274,False
2.5,-0.3,15,1.0,2,3.36,0.41917642772273317,1,-0.38510492193494966,4.149588697589491,False
2.5,-0.3,15,1.33,1,0.0,0.41734660549763825,1,-0.39557526939983295,4.093044008581686,False
2.5,-0.3,15,1.33,1,3.36,0.44221120174308004,2,-0.370442415317934,4.213432004457464,False
2.5,-0.3,15,1.33,2,0.0,0.45431366113554933,1,-0.35551869947288045,4.213432004457464,False
2.5,-0.3,15,1.33,2,3.36,0.5575046488712334,2,-0.26662600245372675,4.330474483955129,False
2.5,-0.3,15,1.5,1,0.0,0.47069166033568227,1,-0.3474129545712045,4.280175172904019,False
2.5,-0.3,15,1.5,1,3.36,0.4987344380561053,2,-0.32228010048930555,4.395440764103635,False
2.5,-0.3,15,1.5,2,0.0,0.5123838283483653,1,-0.30655719672554443,4.395440764103635,False
2.5,-0.3,15,1.5,2,3.36,0.6287646415840996,2,-0.21766449970639065,4.5077599215956425,False
2.5,-0.3,15,2.0,1,0.0,0.6275888804475763,2,-0.23678215826420382,4.92757467605597,False
2.5,-0.3,15,2.0,1,3.36,0.6649792507414736,3,-0.21164930418230493,5.028020702832089,False
2.5,-0.3,15,2.0,2,0.0,0.6831784377978205,2,-0.1931584641846075,5.028020702832089,False
2.5,-0.3,15,2.0,2,3.36,0.8383528554454663,4,-0.10426576716545374,5.1264990186391435,False
2.5,-0.2,-15,0.75,1,0.0,0.6312428856513277,1,-0.21402708788994265,3.940819096290803,False
2.5,-0.2,-15,0.75,1,3.36,0.7197251656364875,2,-0.15705689605067338,4.065717052340246,False
2.5,-0.2,-15,0.75,2,0.0,0.8021713401047895,4,-0.11355664943366842,4.065717052340246,False
2.5,-0.2,-15,0.75,2,3.36,0.9146129227738544,4,-0.056586457594399134,4.1868908690925135,False
2.5,-0.2,-15,1.0,1,0.0,0.8416571808684368,3,-0.09928044731749776,3.7375240947935637,False
2.5,-0.2,-15,1.0,1,3.36,0.959633554181983,3,-0.042310255478228545,3.868990353976402,False
2.5,-0.2,-15,1.0,2,0.0,1.069561786806386,5,-0.001319336836941739,3.868990353976402,True
2.5,-0.2,-15,1.0,2,3.36,1.2194838970318058,5,0.05565085500232751,3.9961339265798443,True
2.5,-0.2,-15,1.33,1,0.0,1.1194040505550178,5,0.007537141049586554,3.9373860943761203,True
2.5,-0.2,-15,1.33,1,3.36,1.276312627062034,5,0.06450733288885581,4.062389599261307,True
2.5,-0.2,-15,1.33,2,0.0,1.4225171764524904,5,0.10143151690057296,4.062389599261307,True
2.5,-0.2,-15,1.33,2,3.36,1.6219135830522984,5,0.15840170873984222,4.183659792118193,True
2.5,-0.2,-15,1.5,1,0.0,1.2624857713026554,5,0.04955618612044048,4.1315734909043975,True
2.5,-0.2,-15,1.5,1,3.36,1.439450331272975,5,0.10652637795970973,4.250870441538292,True
2.5,-0.2,-15,1.5,2,0.0,1.604342680209579,5,0.14108761600715491,4.250870441538292,True
2.5,-0.2,-15,1.5,2,3.36,1.8292258455477088,5,0.19805780784642418,4.366909606431527,True
2.5,-0.2,-15,2.0,1,0.0,1.6833143617368735,5,0.13953026235363858,4.799061594531591,True
2.5,-0.2,-15,2.0,1,3.36,1.919267108363966,5,0.19650045419290785,4.902141592009364,True
2.5,-0.2,-15,2.0,2,0.0,2.139123573612772,6,0.2234145876460113,4.902141592009364,True
2.5,-0.2,-15,2.0,2,3.36,2.4389677940636116,6,0.28038477948528057,5.003098258889994,True
2.5,-0.2,-10,0.75,1,0.0,0.47526964123430976,1,-0.3340292096969621,3.602642744087595,False
2.5,-0.2,-10,0.75,1,3.36,0.4769736516026082,1,-0.3324748945433711,3.7388547366174842,False
2.5,-0.2,-10,0.75,2,0.0,0.6438457390813572,1,-0.20582966663691216,3.7388547366174842,False
2.5,-0.2,-10,0.75,2,3.36,0.6461541545991885,1,-0.2042753514833212,3.870275796571479,False
2.5,-0.2,-10,1.0,1,0.0,0.6336928549790798,2,-0.21699085892366854,3.3790628805926626,False
2.5,-0.2,-10,1.0,1,3.36,0.6359648688034777,2,-0.21543654377007754,3.523927631351016,False
2.5,-0.2,-10,1.0,2,0.0,0.8584609854418097,2,-0.0934150774574138,3.523927631351016,False
2.5,-0.2,-10,1.0,2,3.36,0.861538872798918,3,-0.08980039017068397,3.6630678332511373,False
2.5,-0.2,-10,1.33,1,0.0,0.8428114971221736,2,-0.10641483852187794,3.5988871680039063,False
2.5,-0.2,-10,1.33,1,3.36,0.8458332755086229,3,-0.10486052336828691,3.7352361167700194,False
2.5,-0.2,-10,1.33,2,0.0,1.1417531106376047,5,0.009335776280100946,3.7352361167700194,True
2.5,-0.2,-10,1.33,2,3.36,1.1458467008225588,5,0.016574436524379947,3.866780165463661,True
2.5,-0.2,-10,1.5,1,0.0,0.9505392824686195,3,-0.06218475421665632,3.8103646941704525,False
2.5,-0.2,-10,1.5,1,3.36,0.9539473032052164,4,-0.06063043906306531,3.9394008557876776,False
2.5,-0.2,-10,1.5,2,0.0,1.2876914781627145,5,0.048991875386682884,3.9394008557876776,True
2.5,-0.2,-10,1.5,2,3.36,1.292308309198377,5,0.05833472228478646,4.064342394850695,True
2.5,-0.2,-10,2.0,1,0.0,1.2673857099581596,5,0.03509553655863086,4.525480281687772,True
2.5,-0.2,-10,2.0,1,3.36,1.2719297376069554,5,0.03664985171222186,4.63464904603842,True
2.5,-0.2,-10,2.0,2,0.0,1.7169219708836194,6,0.13131884702553923,4.63464904603842,True
2.5,-0.2,-10,2.0,2,3.36,1.723077745597836,6,0.14746324488097373,4.741304860472994,True
2.5,-0.2,-5,0.75,1,0.0,0.3345216386175228,0,-0.4865450680175968,3.383551757640045,False
2.5,-0.2,-5,0.75,1,3.36,0.3362256489858212,1,-0.4843384429419222,3.5282322055994326,False
2.5,-0.2,-5,0.75,2,0.0,0.45317502522367575,0,-0.3583455249575469,3.5282322055994326,False
2.5,-0.2,-5,0.75,2,3.36,0.45548344074150704,1,-0.3561388998818722,3.667209088207139,False
2.5,-0.2,-5,1.0,1,0.0,0.4460288514900305,1,-0.36950671724430323,3.1444321754652655,False
2.5,-0.2,-5,1.0,1,3.36,0.44830086531442837,2,-0.3673000921686286,3.299614175339478,False
2.5,-0.2,-5,1.0,2,0.0,0.6042333669649012,1,-0.24387056364490964,3.299614175339478,False
2.5,-0.2,-5,1.0,2,3.36,0.6073112543220094,2,-0.24166393856923504,3.447818688112996,False
2.5,-0.2,-5,1.33,1,0.0,0.5932183724817388,2,-0.25893069684251263,3.379552722347325,False
2.5,-0.2,-5,1.33,1,3.36,0.5962401508681879,2,-0.256724071766838,3.5243973389964443,False
2.5,-0.2,-5,1.33,2,0.0,0.8036303780633169,2,-0.13749573694984574,3.5243973389964443,False
2.5,-0.2,-5,1.33,2,3.36,0.807723968248271,3,-0.1352891118741711,3.6635197014790593,False
2.5,-0.2,-5,1.5,1,0.0,0.6690432772350456,2,-0.21470061253729103,3.6039238140785836,False
2.5,-0.2,-5,1.5,1,3.36,0.6724512979716424,3,-0.21249398746161638,3.740089151034067,False
2.5,-0.2,-5,1.5,2,0.0,0.9063500504473515,3,-0.09573545118943924,3.740089151034067,False
2.5,-0.2,-5,1.5,2,3.36,0.9109668814830141,3,-0.09352882611376453,3.8714683077203054,False
2.5,-0.2,-5,2.0,1,0.0,0.892057702980061,3,-0.11742032176200383,4.353086208088104,False
2.5,-0.2,-5,2.0,1,3.36,0.8966017306288567,3,-0.11521369668632916,4.466470590415533,False
2.5,-0.2,-5,2.0,2,0.0,1.2084667339298023,6,-0.006606928593251946,4.466470590415533,True
2.5,-0.2,-5,2.0,2,3.36,1.2146225086440188,6,-0.00440030351757735,4.577047032208307,True
2.5,-0.2,0,0.75,1,0.0,0.25144521249457,0,-0.6105259123909549,3.3072977511854575,False
2.5,-0.2,0,0.75,1,3.36,0.2738759837472706,1,-0.5732385991815531,3.455172704076655,False
2.5,-0.2,0,0.75,2,0.0,0.3422845510832992,0,-0.47940439688449554,3.455172704076655,False
2.5,-0.2,0,0.75,2,3.36,0.3550277764754309,1,-0.4635293622193782,3.5969735076862026,False
2.5,-0.2,0,1.0,1,0.0,0.3352602833260934,1,-0.49348756161766133,3.0622295185809585,False
2.5,-0.2,0,1.0,1,3.36,0.3651679783296948,1,-0.45607514918483155,3.221373872196236,False
2.5,-0.2,0,1.0,2,0.0,0.4563794014443994,1,-0.36435490123645964,3.221373872196236,False
2.5,-0.2,0,1.0,2,3.36,0.47337036863390836,2,-0.3484798665713423,3.373017880840327,False
2.5,-0.2,0,1.33,1,0.0,0.44589617682370297,2,-0.3804995423405405,3.303206400074413,False
2.5,-0.2,0,1.33,1,3.36,0.485673411178494,2,-0.34529275904982587,3.4512566583047057,False
2.5,-0.2,0,1.33,2,0.0,0.6069846039210512,2,-0.2570430415353487,3.4512566583047057,False
2.5,-0.2,0,1.33,2,3.36,0.629582590283098,3,-0.24116800687023138,3.593212006198989,False
2.5,-0.2,0,1.5,1,0.0,0.50289042498914,2,-0.331362493440277,3.5324301516166,False
2.5,-0.2,0,1.5,1,3.36,0.5477519674945412,2,-0.30094052392712345,3.6712481223761047,False
2.5,-0.2,0,1.5,2,0.0,0.6845691021665984,2,-0.21473470491577762,3.6712481223761047,False
2.5,-0.2,0,1.5,2,3.36,0.7100555529508618,3,-0.1988596702506602,3.8050049639980856,False
2.5,-0.2,0,2.0,1,0.0,0.6705205666521868,2,-0.219127393282401,4.294083773450889,False
2.5,-0.2,0,2.0,1,3.36,0.7303359566593896,3,-0.20325235861728363,4.408985762441769,False
2.5,-0.2,0,2.0,2,0.0,0.9127588028887988,3,-0.12381295051146463,4.408985762441769,False
2.5,-0.2,0,2.0,2,3.36,0.9467407372678167,3,-0.10793791584634725,4.520968419864733,False
2.5,-0.2,5,0.75,1,0.0,0.2100179284898454,0,-0.6823101506005451,3.383551757640045,False
2.5,-0.2,5,0.75,1,3.36,0.22170741603537922,0,-0.6587863007495165,3.5282322055994326,False
2.5,-0.2,5,0.75,2,0.0,0.27025080277234487,0,-0.5820247020190293,3.5282322055994326,False
2.5,-0.2,5,0.75,2,3.36,0.3105693627885857,0,-0.5121313745948186,3.667209088207139,False
2.5,-0.2,5,1.0,1,0.0,0.2800239046531272,0,-0.5606964809489283,3.1444321754652655,False
2.5,-0.2,5,1.0,1,3.36,0.2956098880471723,1,-0.5371726310978997,3.299614175339478,False
2.5,-0.2,5,1.0,2,0.0,0.3603344036964602,0,-0.46697520637099343,3.299614175339478,False
2.5,-0.2,5,1.0,2,3.36,0.4140924837181143,1,-0.39031802453425984,3.447818688112996,False
2.5,-0.2,5,1.33,1,0.0,0.37243179318865927,1,-0.4424930441278577,3.379552722347325,False
2.5,-0.2,5,1.33,1,3.36,0.39316115110273925,2,-0.4189691942768291,3.5243973389964443,False
2.5,-0.2,5,1.33,2,0.0,0.4792447569162921,1,-0.3596633466698825,3.5243973389964443,False
2.5,-0.2,5,1.33,2,3.36,0.5507430033450905,2,-0.27177800016940784,3.6635197014790593,False
2.5,-0.2,5,1.5,1,0.0,0.4200358569796908,2,-0.39369828058739265,3.6039238140785836,False
2.5,-0.2,5,1.5,1,3.36,0.44341483207075844,2,-0.3701744307363641,3.740089151034067,False
2.5,-0.2,5,1.5,2,0.0,0.5405016055446897,2,-0.3116721927002075,3.740089151034067,False
2.5,-0.2,5,1.5,2,3.36,0.6211387255771714,3,-0.2227794956810538,3.8714683077203054,False
2.5,-0.2,5,2.0,1,0.0,0.5600478093062544,2,-0.28087852067424646,4.353086208088104,False
2.5,-0.2,5,2.0,1,3.36,0.5912197760943446,3,-0.25735467082321783,4.466470590415533,False
2.5,-0.2,5,2.0,2,0.0,0.7206688073929204,3,-0.19814487280505133,4.466470590415533,False
2.5,-0.2,5,2.0,2,3.36,0.8281849674362286,3,-0.10925217578589758,4.577047032208307,False
2.5,-0.2,10,0.75,1,0.0,0.20139398323862648,0,-0.7005200294918648,3.602642744087595,False
2.5,-0.2,10,0.75,1,3.36,0.2130834707841603,0,-0.6760167589820371,3.7388547366174842,False
2.5,-0.2,10,0.75,2,0.0,0.2530847133395041,0,-0.6010240716139723,3.7388547366174842,False
2.5,-0.2,10,0.75,2,3.36,0.3105693627885857,0,-0.5121313745948186,3.870275796571479,False
2.5,-0.2,10,1.0,1,0.0,0.2685253109848353,0,-0.578906359840248,3.3790628805926626,False
2.5,-0.2,10,1.0,1,3.36,0.2841112943788804,1,-0.5544030893304203,3.523927631351016,False
2.5,-0.2,10,1.0,2,0.0,0.33744628445267216,0,-0.4792107215534136,3.523927631351016,False
2.5,-0.2,10,1.0,2,3.36,0.4140924837181143,1,-0.39031802453425984,3.6630678332511373,False
2.5,-0.2,10,1.33,1,0.0,0.357138663609831,1,-0.4607029230191774,3.5988871680039063,False
2.5,-0.2,10,1.33,1,3.36,0.37786802152391097,2,-0.4361996525093497,3.7352361167700194,False
2.5,-0.2,10,1.33,2,0.0,0.44880355832205276,1,-0.3606706971885616,3.7352361167700194,False
2.5,-0.2,10,1.33,2,3.36,0.5507430033450905,2,-0.27177800016940784,3.866780165463661,False
2.5,-0.2,10,1.5,1,0.0,0.40278796647725296,1,-0.4119081594787123,3.8103646941704525,False
2.5,-0.2,10,1.5,1,3.36,0.4261669415683206,2,-0.38740488896888464,3.9394008557876776,False
2.5,-0.2,10,1.5,2,0.0,0.5061694266790082,2,-0.3116721927002075,3.9394008557876776,False
2.5,-0.2,10,1.5,2,3.36,0.6211387255771714,2,-0.2227794956810538,4.064342394850695,False
2.5,-0.2,10,2.0,1,0.0,0.5370506219696706,2,-0.29908839956556615,4.525480281687772,False
2.5,-0.2,10,2.0,1,3.36,0.5682225887577608,3,-0.27458512905573845,4.63464904603842,False
2.5,-0.2,10,2.0,2,0.0,0.6748925689053443,2,-0.19814487280505133,4.63464904603842,False
2.5,-0.2,10,2.0,2,3.36,0.8281849674362286,3,-0.10925217578589758,4.741304860472994,False
2.5,-0.2,15,0.75,1,0.0,0.19620539577552185,0,-0.7118555745173863,3.940819096290803,False
2.5,-0.2,15,0.75,1,3.36,0.20789488332105568,0,-0.6867227204354873,4.065717052340246,False
2.5,-0.2,15,0.75,2,0.0,0.2530847133395041,0,-0.6010240716139723,4.065717052340246,False
2.5,-0.2,15,0.75,2,3.36,0.3105693627885857,0,-0.5121313745948186,4.1868908690925135,False
2.5,-0.2,15,1.0,1,0.0,0.2616071943673625,0,-0.5902419048657694,3.7375240947935637,False
2.5,-0.2,15,1.0,1,3.36,0.27719317776140756,1,-0.5651090507838705,3.868990353976402,False
2.5,-0.2,15,1.0,2,0.0,0.33744628445267216,0,-0.4792107215534136,3.868990353976402,False
2.5,-0.2,15,1.0,2,3.36,0.4140924837181143,1,-0.39031802453425984,3.9961339265798443,False
2.5,-0.2,15,1.33,1,0.0,0.34793756850859214,1,-0.47203846804469896,3.9373860943761203,False
2.5,-0.2,15,1.33,1,3.36,0.3686669264226721,2,-0.44690561396279993,4.062389599261307,False
2.5,-0.2,15,1.33,2,0.0,0.44880355832205276,1,-0.3606706971885616,4.062389599261307,False
2.5,-0.2,15,1.33,2,3.36,0.5507430033450905,2,-0.27177800016940784,4.183659792118193,False
2.5,-0.2,15,1.5,1,0.0,0.3924107915510437,1,-0.4232437045042339,4.1315734909043975,False
2.5,-0.2,15,1.5,1,3.36,0.41578976664211137,2,-0.39811085042233485,4.250870441538292,False
2.5,-0.2,15,1.5,2,0.0,0.5061694266790082,1,-0.3116721927002075,4.250870441538292,False
2.5,-0.2,15,1.5,2,3.36,0.6211387255771714,2,-0.2227794956810538,4.366909606431527,False
2.5,-0.2,15,2.0,1,0.0,0.523214388734725,2,-0.31042394459108763,4.799061594531591,False
2.5,-0.2,15,2.0,1,3.36,0.5543863555228151,2,-0.2852910905091887,4.902141592009364,False
2.5,-0.2,15,2.0,2,0.0,0.6748925689053443,2,-0.19814487280505133,4.902141592009364,False
2.5,-0.2,15,2.0,2,3.36,0.8281849674362286,3,-0.10925217578589758,5.003098258889994,False
2.5,-0.1,-15,0.75,1,0.0,0.5621603946110555,1,-0.26288958037265986,3.8444837299291903,False
2.5,-0.1,-15,0.75,1,3.36,0.640959276251075,2,-0.20591938853339062,3.9724117548021454,False
2.5,-0.1,-15,0.75,2,0.0,0.7386129172934116,1,-0.14807539527041197,3.9724117548021454,False
2.5,-0.1,-15,0.75,2,3.36,0.8421454187031943,2,-0.09110520343114266,4.096346561228708,False
2.5,-0.1,-15,1.0,1,0.0,0.7495471928147406,2,-0.1471078751592262,3.63580614983286,False
2.5,-0.1,-15,1.0,1,3.36,0.8546123683347666,2,-0.09013768331995688,3.7708203827764653,False
2.5,-0.1,-15,1.0,2,0.0,0.9848172230578821,4,-0.03491320681299999,3.7708203827764653,False
2.5,-0.1,-15,1.0,2,3.36,1.1228605582709255,5,0.02205698502626923,3.901164743914623,True
2.5,-0.1,-15,1.33,1,0.0,0.9968977664436021,4,-0.03859797328040301,3.840964625740055,False
2.5,-0.1,-15,1.33,1,3.36,1.136634449885236,5,0.01837221855886622,3.969006079131958,True
2.5,-0.1,-15,1.33,2,0.0,1.3098069066669809,5,0.06933058658211491,3.969006079131958,True
2.5,-0.1,-15,1.33,2,3.36,1.4934045425003282,5,0.12630077842138412,4.093044008581686,True
2.5,-0.1,-15,1.5,1,0.0,1.124320789222111,5,0.00441343458560596,4.039789537926939,True
2.5,-0.1,-15,1.5,1,3.36,1.28191855250215,5,0.061383626424875215,4.161718336305804,True
2.5,-0.1,-15,1.5,2,0.0,1.4772258345868232,5,0.10985055475502162,4.161718336305804,True
2.5,-0.1,-15,1.5,2,3.36,1.6842908374063885,5,0.16682074659429091,4.280175172904019,True
2.5,-0.1,-15,2.0,1,0.0,1.4990943856294812,5,0.09764871882709203,4.720274588210743,True
2.5,-0.1,-15,2.0,1,3.36,1.7092247366695332,5,0.15461891066636133,4.825038050431115,True
2.5,-0.1,-15,2.0,2,0.0,1.9696344461157642,6,0.19495360332844197,4.825038050431115,True
2.5,-0.1,-15,2.0,2,3.36,2.245721116541851,6,0.2519237951677112,4.92757467605597,True
2.5,-0.1,-10,0.75,1,0.0,0.41291917048893945,1,-0.3937369590847869,3.4970036805137905,False
2.5,-0.1,-10,0.75,1,3.36,0.4143996322873303,1,-0.39218264393119595,3.637174004845932,False
2.5,-0.1,-10,0.75,2,0.0,0.5786242246694199,1,-0.25081439795646226,3.637174004845932,False
2.5,-0.1,-10,0.75,2,3.36,0.5806987979066766,1,-0.24926008280287132,3.772139279179256,False
2.5,-0.1,-10,1.0,1,0.0,0.5505588939852525,2,-0.2757290602020522,3.266200537474572,False
2.5,-0.1,-10,1.0,1,3.36,0.5525328430497737,2,-0.2741747450484612,3.415855083430675,False
2.5,-0.1,-10,1.0,2,0.0,0.7714989662258931,2,-0.13535708809971175,3.415855083430675,False
2.5,-0.1,-10,1.0,2,3.36,0.7742650638755688,2,-0.13380277294612072,3.5592226610594597,False
2.5,-0.1,-10,1.33,1,0.0,0.7322433290003837,2,-0.16355039035723157,3.4931345304787755,False
2.5,-0.1,-10,1.33,1,3.36,0.7348686812561969,2,-0.16199607520364057,3.6334541208088997,False
2.5,-0.1,-10,1.33,2,0.0,1.0260936250804358,5,-0.02737849337206901,3.6334541208088997,True
2.5,-0.1,-10,1.33,2,3.36,1.0297725349545046,5,-0.025824178218477947,3.768552619776348,True
2.5,-0.1,-10,1.5,1,0.0,0.8258383409778789,2,-0.11836967990410358,3.7106440280065516,False
2.5,-0.1,-10,1.5,1,3.36,0.8287992645746606,3,-0.11681536475051263,3.8430299377679438,False
2.5,-0.1,-10,1.5,2,0.0,1.1572484493388397,5,0.01532079071805724,3.8430299377679438,True
2.5,-0.1,-10,1.5,2,3.36,1.1613975958133531,5,0.01687510587164817,3.9710047976023253,True
2.5,-0.1,-10,2.0,1,0.0,1.101117787970505,5,-0.017903469779966028,4.441843286288344,True
2.5,-0.1,-10,2.0,1,3.36,1.1050656860995474,5,-0.016349154626375012,4.55301787608448,True
2.5,-0.1,-10,2.0,2,0.0,1.5429979324517862,5,0.10285786270796994,4.55301787608448,True
2.5,-0.1,-10,2.0,2,3.36,1.5485301277511376,5,0.1090814999686175,4.661541781422198,True
2.5,-0.1,-5,0.75,1,0.0,0.2906358528809322,0,-0.5462528174054218,3.2708443094450455,False
2.5,-0.1,-5,0.75,1,3.36,0.2921163146793231,1,-0.540856377108406,3.4202956738605272,False
2.5,-0.1,-5,0.75,2,0.0,0.4072684366657895,0,-0.40333025627709707,3.4202956738605272,False
2.5,-0.1,-5,0.75,2,3.36,0.40934300990304623,1,-0.40112363120142236,3.563484600307547,False
2.5,-0.1,-5,1.0,1,0.0,0.38751447050790955,1,-0.42824491852268687,3.0228221426510067,False
2.5,-0.1,-5,1.0,1,3.36,0.3894884195724307,2,-0.4188346011100807,3.183936825080112,False
2.5,-0.1,-5,1.0,2,0.0,0.5430245822210528,1,-0.2878729464203464,3.183936825080112,False
2.5,-0.1,-5,1.0,2,3.36,0.5457906798707284,2,-0.28566632134467174,3.337282383332466,False
2.5,-0.1,-5,1.33,1,0.0,0.5153942457755183,2,-0.31606624867786626,3.2667073029466867,False
2.5,-0.1,-5,1.33,1,3.36,0.5180195980313314,2,-0.29994291621321856,3.416339649848243,False
2.5,-0.1,-5,1.33,2,0.0,0.7222226943539988,2,-0.17989435169270362,3.416339649848243,False
2.5,-0.1,-5,1.33,2,3.36,0.7259016042280674,3,-0.17768772661702897,3.5596877114608265,False
2.5,-0.1,-5,1.5,1,0.0,0.5812717057618644,2,-0.2708855382247383,3.4983234352590564,False
2.5,-0.1,-5,1.5,1,3.36,0.5842326293586462,2,-0.25073134380508966,3.638442916644801,False
2.5,-0.1,-5,1.5,2,0.0,0.814536873331579,3,-0.13719506760257755,3.638442916644801,False
2.5,-0.1,-5,1.5,2,3.36,0.8186860198060925,3,-0.13498844252690287,3.773362804937093,False
2.5,-0.1,-5,2.0,1,0.0,0.7750289410158191,3,-0.17041932810060076,4.26607073722962,False
2.5,-0.1,-5,2.0,1,3.36,0.7789768391448614,3,-0.1364628346198884,4.381707376702246,False
2.5,-0.1,-5,2.0,2,0.0,1.0860491644421055,5,-0.044988673505608166,4.381707376702246,True
2.5,-0.1,-5,2.0,2,3.36,1.0915813597414568,5,-0.04278204842993352,4.49436975949319,True
2.5,-0.1,0,0.75,1,0.0,0.23329197786115063,0,-0.641698843027149,3.1918988729275846,False
2.5,-0.1,0,0.75,1,3.36,0.2419774188097763,0,-0.6258238083620316,3.3448794320567647,False
2.5,-0.1,0,0.75,2,0.0,0.3061257831420792,0,-0.5273111006504552,3.3448794320567647,False
2.5,-0.1,0,0.75,2,3.36,0.3114951331656613,1,-0.5125356740819277,3.4911629029588958,False
2.5,-0.1,0,1.0,1,0.0,0.3110559704815346,1,-0.523688558631066,2.9372180076508743,False
2.5,-0.1,0,1.0,1,3.36,0.3226365584130355,1,-0.5078135239659486,3.102780950126607,False
2.5,-0.1,0,1.0,2,0.0,0.4081677108561056,1,-0.41185379079370454,3.102780950126607,False
2.5,-0.1,0,1.0,2,3.36,0.41532684422088173,2,-0.3919448495568434,3.259946260978633,False
2.5,-0.1,0,1.33,1,0.0,0.41370444074044105,2,-0.41150593642388433,3.1876594111499057,False
2.5,-0.1,0,1.33,1,3.36,0.42910662268933725,2,-0.395630901758767,3.340834105652743,False
2.5,-0.1,0,1.33,2,0.0,0.5428630554386195,2,-0.2976828086054443,3.340834105652743,False
2.5,-0.1,0,1.33,2,3.36,0.5523847028137727,2,-0.2770456658897494,3.487287272579155,False
2.5,-0.1,0,1.5,1,0.0,0.46658395572230127,2,-0.3663228758998219,3.4246259322807906,False
2.5,-0.1,0,1.5,1,3.36,0.4839548376195526,2,-0.3504478412347045,3.5676410660337,False
2.5,-0.1,0,1.5,2,0.0,0.6122515662841584,2,-0.24992577110301753,3.5676410660337,False
2.5,-0.1,0,1.5,2,3.36,0.6229902663313226,3,-0.22913428312964645,3.7051400481021055,False
2.5,-0.1,0,2.0,1,0.0,0.6221119409630692,2,-0.2658487566092073,4.205847768692327,False
2.5,-0.1,0,2.0,1,3.36,0.645273116826071,3,-0.24997372194408995,4.323095586893057,False
2.5,-0.1,0,2.0,2,0.0,0.8163354217122112,3,-0.15643658126252027,4.323095586893057,False
2.5,-0.1,0,2.0,2,3.36,0.8306536884417635,3,-0.11846961155047117,4.437246381869529,False
2.5,-0.1,5,0.75,1,0.0,0.18419570529194207,0,-0.7443191481616827,3.2708443094450455,False
2.5,-0.1,5,0.75,1,3.36,0.19288114624056774,0,-0.7243088698561799,3.4202956738605272,False
2.5,-0.1,5,0.75,2,0.0,0.24927853796474167,0,-0.6075436026818627,3.4202956738605272,False
2.5,-0.1,5,0.75,2,3.36,0.29469530188270215,0,-0.5366137274076878,3.563484600307547,False
2.5,-0.1,5,1.0,1,0.0,0.24559427372258974,0,-0.6263088637655998,3.0228221426510067,False
2.5,-0.1,5,1.0,1,3.36,0.25717486165409065,1,-0.606298585460097,3.183936825080112,False
2.5,-0.1,5,1.0,2,0.0,0.33237138395298893,0,-0.48568582426898255,3.183936825080112,False
2.5,-0.1,5,1.0,2,3.36,0.39292706917693626,1,-0.4160229028826034,3.337282383332466,False
2.5,-0.1,5,1.33,1,0.0,0.3266403840510444,1,-0.514126241558418,3.2667073029466867,False
2.5,-0.1,5,1.33,1,3.36,0.34204256599994065,2,-0.4941159632529153,3.416339649848243,False
2.5,-0.1,5,1.33,2,0.0,0.44205394065747405,1,-0.3670708678822336,3.416339649848243,False
2.5,-0.1,5,1.33,2,3.36,0.5225930020053251,2,-0.2995387574234985,3.5596877114608265,False
2.5,-0.1,5,1.5,1,0.0,0.36839141058388414,2,-0.4689431810343556,3.4983234352590564,False
2.5,-0.1,5,1.5,1,3.36,0.38576229248113547,2,-0.4489329027288529,3.638442916644801,False
2.5,-0.1,5,1.5,2,0.0,0.49855707592948334,2,-0.31802698014880015,3.638442916644801,False
2.5,-0.1,5,1.5,2,3.36,0.5893906037654043,2,-0.2517817199210716,3.773362804937093,False
2.5,-0.1,5,2.0,1,0.0,0.4911885474451795,2,-0.35871059367856906,4.26607073722962,False
2.5,-0.1,5,2.0,1,3.36,0.5143497233081813,2,-0.3351867438275405,4.381707376702246,False
2.5,-0.1,5,2.0,2,0.0,0.6647427679059779,3,-0.20434189361499466,4.381707376702246,False
2.5,-0.1,5,2.0,2,3.36,0.7858541383538725,3,-0.14254766487623116,4.49436975949319,False
2.5,-0.1,10,0.75,1,0.0,0.16652770243482032,0,-0.7823234163382818,3.4970036805137905,False
2.5,-0.1,10,0.75,1,3.36,0.17619345049886098,0,-0.7578201458284543,3.637174004845932,False
2.5,-0.1,10,0.75,2,0.0,0.24927853796474167,0,-0.6075436026818627,3.637174004845932,False
2.5,-0.1,10,0.75,2,3.36,0.2832322836640319,0,-0.5538441856402083,3.772139279179256,False
2.5,-0.1,10,1.0,1,0.0,0.22203693657976045,0,-0.6601629751594099,3.266200537474572,False
2.5,-0.1,10,1.0,1,3.36,0.234924600665148,1,-0.6356597046495823,3.415855083430675,False
2.5,-0.1,10,1.0,2,0.0,0.33237138395298893,0,-0.48568582426898255,3.415855083430675,False
2.5,-0.1,10,1.0,2,3.36,0.3776430448853759,1,-0.4332533611151239,3.5592226610594597,False
2.5,-0.1,10,1.33,1,0.0,0.29530912565108136,1,-0.5410371435219656,3.4931345304787755,False
2.5,-0.1,10,1.33,1,3.36,0.31244971888464684,2,-0.5165338730121379,3.6334541208088997,False
2.5,-0.1,10,1.33,2,0.0,0.44205394065747405,1,-0.3670708678822336,3.6334541208088997,False
2.5,-0.1,10,1.33,2,3.36,0.5022652496975498,2,-0.3167692156560191,3.768552619776348,False
2.5,-0.1,10,1.5,1,0.0,0.33305540486964064,1,-0.4916835888186793,3.7106440280065516,False
2.5,-0.1,10,1.5,1,3.36,0.35238690099772196,2,-0.46718031830885165,3.8430299377679438,False
2.5,-0.1,10,1.5,2,0.0,0.49855707592948334,1,-0.31802698014880015,3.8430299377679438,False
2.5,-0.1,10,1.5,2,3.36,0.5664645673280638,2,-0.2690121781535922,3.9710047976023253,False
2.5,-0.1,10,2.0,1,0.0,0.4440738731595209,2,-0.3769204725698887,4.441843286288344,False
2.5,-0.1,10,2.0,1,3.36,0.469849201330296,2,-0.352417202060061,4.55301787608448,False
2.5,-0.1,10,2.0,2,0.0,0.6647427679059779,2,-0.20434189361499466,4.55301787608448,False
2.5,-0.1,10,2.0,2,3.36,0.7552860897707518,3,-0.15977812310875172,4.661541781422198,False
2.5,-0.1,15,0.75,1,0.0,0.1622373878225454,0,-0.7936589613638034,3.8444837299291903,False
2.5,-0.1,15,0.75,1,3.36,0.1719031358865861,0,-0.7685261072819044,3.9724117548021454,False
2.5,-0.1,15,0.75,2,0.0,0.24927853796474167,0,-0.6075436026818627,3.9724117548021454,False
2.5,-0.1,15,0.75,2,3.36,0.27633557097788336,0,-0.5645501470936586,4.096346561228708,False
2.5,-0.1,15,1.0,1,0.0,0.21631651709672725,0,-0.6714985201849315,3.63580614983286,False
2.5,-0.1,15,1.0,1,3.36,0.22920418118211477,1,-0.6463656661030326,3.7708203827764653,False
2.5,-0.1,15,1.0,2,0.0,0.33237138395298893,0,-0.48568582426898255,3.7708203827764653,False
2.5,-0.1,15,1.0,2,3.36,0.3684474279705111,1,-0.44395932256857423,3.901164743914623,False
2.5,-0.1,15,1.33,1,0.0,0.28770096773864723,1,-0.5523726885474871,3.840964625740055,False
2.5,-0.1,15,1.33,1,3.36,0.3048415609722127,2,-0.5272398344655881,3.969006079131958,False
2.5,-0.1,15,1.33,2,0.0,0.44205394065747405,1,-0.3670708678822336,3.969006079131958,False
2.5,-0.1,15,1.33,2,3.36,0.4900350792007797,2,-0.32747517710946933,4.093044008581686,False
2.5,-0.1,15,1.5,1,0.0,0.3244747756450908,1,-0.5030191338442009,4.039789537926939,False
2.5,-0.1,15,1.5,1,3.36,0.3438062717731722,2,-0.4778862797623019,4.161718336305804,False
2.5,-0.1,15,1.5,2,0.0,0.49855707592948334,1,-0.31802698014880015,4.161718336305804,False
2.5,-0.1,15,1.5,2,3.36,0.5526711419557667,2,-0.27971813960704245,4.280175172904019,False
2.5,-0.1,15,2.0,1,0.0,0.4326330341934545,2,-0.38825601759541023,4.720274588210743,False
2.5,-0.1,15,2.0,1,3.36,0.45840836236422955,2,-0.3631231635135113,4.825038050431115,False
2.5,-0.1,15,2.0,2,0.0,0.6647427679059779,2,-0.20434189361499466,4.825038050431115,False
2.5,-0.1,15,2.0,2,3.36,0.7368948559410222,3,-0.17048408456220204,4.92757467605597,False
2.5,0.0,-15,0.75,1,0.0,0.4940873427491083,1,-0.31748194262555673,3.811830944531809,False
2.5,0.0,-15,0.75,1,3.36,0.5543952213145656,2,-0.2644873636428626,3.940819096290803,False
2.5,0.0,-15,0.75,2,0.0,0.6716199017390471,1,-0.18795617582471053,3.940819096290803,False
2.5,0.0,-15,0.75,2,3.36,0.7657618897758114,2,-0.13098598398544123,4.065717052340246,False
2.5,0.0,-15,1.0,1,0.0,0.6587831236654776,2,-0.2006673780026912,3.6012617732070584,False
2.5,0.0,-15,1.0,1,3.36,0.7391936284194208,2,-0.14555735945161724,3.7375240947935637,False
2.5,0.0,-15,1.0,2,0.0,0.8954932023187293,4,-0.07380873438551275,3.7375240947935637,False
2.5,0.0,-15,1.0,2,3.36,1.021015853034415,5,-0.016838542546243444,3.868990353976402,True
2.5,0.0,-15,1.33,1,0.0,0.8761815544750827,3,-0.09046021645508201,3.8082816671284228,False
2.5,0.0,-15,1.33,1,3.36,0.9831275257978268,3,-0.03349002461581276,3.9373860943761203,False
2.5,0.0,-15,1.33,2,0.0,1.1910059590839082,5,0.032033118970095746,3.9373860943761203,True
2.5,0.0,-15,1.33,2,3.36,1.3579510845357698,5,0.08900331080936497,4.062389599261307,True
2.5,0.0,-15,1.5,1,0.0,0.9881746854982166,4,-0.046448268801321836,4.008727916776587,False
2.5,0.0,-15,1.5,1,3.36,1.1087904426291313,5,0.010521923037947467,4.1315734909043975,True
2.5,0.0,-15,1.5,2,0.0,1.3432398034780941,5,0.07348240655162908,4.1315734909043975,True
2.5,0.0,-15,1.5,2,3.36,1.5315237795516228,5,0.13045259839089834,4.250870441538292,True
2.5,0.0,-15,2.0,1,0.0,1.3175662473309553,5,0.05010474289952144,4.693718375457575,True
2.5,0.0,-15,2.0,1,3.36,1.4783872568388416,5,0.10707493473879065,4.799061594531591,True
2.5,0.0,-15,2.0,2,0.0,1.7909864046374586,5,0.16159730135813336,4.799061594531591,True
2.5,0.0,-15,2.0,2,3.36,2.04203170606883,5,0.21856749319740268,4.902141592009364,True
2.5,0.0,-10,0.75,1,0.0,0.35438898762032583,1,-0.4588266237620837,3.461074217858813,False
2.5,0.0,-10,0.75,1,3.36,0.3556595979369189,1,-0.4572723086084927,3.602642744087595,False
2.5,0.0,-10,0.75,2,0.0,0.5131790045494717,1,-0.3015260369881509,3.602642744087595,False
2.5,0.0,-10,0.75,2,3.36,0.515018933441783,1,-0.29997172183455983,3.7388547366174842,False
2.5,0.0,-10,1.0,1,0.0,0.4725186501604345,2,-0.3398966195708382,3.227702890756704,False
2.5,0.0,-10,1.0,1,3.36,0.47421279724922527,2,-0.3383423044172472,3.3790628805926626,False
2.5,0.0,-10,1.0,2,0.0,0.6842386727326291,2,-0.1850712243949993,3.3790628805926626,False
2.5,0.0,-10,1.0,2,3.36,0.6866919112557105,2,-0.18351690924140837,3.523927631351016,False
2.5,0.0,-10,1.33,1,0.0,0.6284498047133759,2,-0.22618686217273093,3.4571648569345337,False
2.5,0.0,-10,1.33,1,3.36,0.6307030203414677,2,-0.22463254701913984,3.5988871680039063,False
2.5,0.0,-10,1.33,2,0.0,0.9100374347343951,2,-0.07545619539845133,3.5988871680039063,False
2.5,0.0,-10,1.33,2,3.36,0.9133002419700936,3,-0.07390188024486032,3.7352361167700194,False
2.5,0.0,-10,1.5,1,0.0,0.7087779752406517,2,-0.18009369241460702,3.6768028370556785,False
2.5,0.0,-10,1.5,1,3.36,0.7113191958738379,2,-0.17853937726101604,3.8103646941704525,False
2.5,0.0,-10,1.5,2,0.0,1.0263580090989435,5,-0.03179390829912032,3.8103646941704525,True
2.5,0.0,-10,1.5,2,3.36,1.030037866883566,5,-0.03023959314552927,3.9394008557876776,True
2.5,0.0,-10,2.0,1,0.0,0.945037300320869,4,-0.07654435439101209,4.413612101209715,False
2.5,0.0,-10,2.0,1,3.36,0.9484255944984505,4,-0.07499003923742112,4.525480281687772,False
2.5,0.0,-10,2.0,2,0.0,1.3684773454652581,5,0.0635962668637306,4.525480281687772,True
2.5,0.0,-10,2.0,2,3.36,1.373383822511421,5,0.06515058201732152,4.63464904603842,True
2.5,0.0,-5,0.75,1,0.0,0.2494390016977971,0,-0.6113424820827184,3.2324019701499127,False
2.5,0.0,-5,0.75,1,3.36,0.2782559530511282,1,-0.5639866927596046,3.383551757640045,False
2.5,0.0,-5,0.75,2,0.0,0.36120439138540467,0,-0.4540418953087856,3.383551757640045,False
2.5,0.0,-5,0.75,2,3.36,0.3630443202777158,1,-0.4518352702331109,3.5282322055994326,False
2.5,0.0,-5,1.0,1,0.0,0.3325853355970628,1,-0.4924124778914729,2.9811832728132,False
2.5,0.0,-5,1.0,1,3.36,0.3710079374015048,2,-0.4451453532890107,3.1444321754652655,False
2.5,0.0,-5,1.0,2,0.0,0.4816058551805396,1,-0.337587082715634,3.1444321754652655,False
2.5,0.0,-5,1.0,2,3.36,0.48405909370362105,2,-0.3353804576399594,3.299614175339478,False
2.5,0.0,-5,1.33,1,0.0,0.44233849634409217,2,-0.3787027204933656,3.2282156995971034,False
2.5,0.0,-5,1.33,1,3.36,0.49344055674400134,2,-0.3315831062960237,3.379552722347325,False
2.5,0.0,-5,1.33,2,0.0,0.6405357873901166,2,-0.22797205371908602,3.379552722347325,False
2.5,0.0,-5,1.33,2,3.36,0.643798594625815,2,-0.22576542864341137,3.5243973389964443,False
2.5,0.0,-5,1.5,1,0.0,0.4988780033955942,2,-0.33260955073524173,3.462407667748373,False
2.5,0.0,-5,1.5,1,3.36,0.5565119061022564,2,-0.28557802653003267,3.6039238140785836,False
2.5,0.0,-5,1.5,2,0.0,0.7224087827708093,2,-0.18430976661975504,3.6039238140785836,False
2.5,0.0,-5,1.5,2,3.36,0.7260886405554317,3,-0.1821031415440803,3.740089151034067,False
2.5,0.0,-5,2.0,1,0.0,0.6651706711941257,2,-0.2290602127116468,4.236668447618586,False
2.5,0.0,-5,2.0,1,3.36,0.7420158748030096,3,-0.1823274059029623,4.353086208088104,False
2.5,0.0,-5,2.0,2,0.0,0.9632117103610792,4,-0.08891959145690412,4.353086208088104,False
2.5,0.0,-5,2.0,2,3.36,0.9681181874072421,4,-0.0867129663812295,4.466470590415533,False
2.5,0.0,0,0.75,1,0.0,0.20345915009651303,0,-0.6999539312285354,3.152493999200694,False
2.5,0.0,0,0.75,1,3.36,0.21103391734664356,0,-0.6840788965634181,3.3072977511854575,False
2.5,0.0,0,0.75,2,0.0,0.27150146496118904,0,-0.5780227396821437,3.3072977511854575,False
2.5,0.0,0,0.75,2,3.36,0.2927561239082347,1,-0.544988989549129,3.455172704076655,False
2.5,0.0,0,1.0,1,0.0,0.271278866795351,0,-0.5811125917579418,2.8943478755098826,False
2.5,0.0,0,1.0,1,3.36,0.2813785564621918,1,-0.5652375570928244,3.0622295185809585,False
2.5,0.0,0,1.0,2,0.0,0.3620019532815854,1,-0.46156792708899214,3.0622295185809585,False
2.5,0.0,0,1.0,2,3.36,0.39034149854431344,2,-0.42832235435806026,3.221373872196236,False
2.5,0.0,0,1.33,1,0.0,0.3608008928378169,1,-0.4675503447649547,3.148201474094783,False
2.5,0.0,0,1.33,1,3.36,0.3742334800947151,2,-0.45167531009983736,3.303206400074413,False
2.5,0.0,0,1.33,2,0.0,0.48146259786450785,2,-0.3519528980924441,3.303206400074413,False
2.5,0.0,0,1.33,2,3.36,0.5191541930639367,2,-0.3183588013477941,3.4512566583047057,False
2.5,0.0,0,1.5,1,0.0,0.40691830019302605,2,-0.42154526499896366,3.3879289803728283,False
2.5,0.0,0,1.5,1,3.36,0.4220678346932871,2,-0.40567023033384636,3.5324301516166,False
2.5,0.0,0,1.5,2,0.0,0.5430029299223781,2,-0.3082906109931131,3.5324301516166,False
2.5,0.0,0,1.5,2,3.36,0.5855122478164694,2,-0.27449078426326967,3.6712481223761047,False
2.5,0.0,0,2.0,1,0.0,0.542557733590702,2,-0.31829464437189336,4.176021486225164,False
2.5,0.0,0,2.0,1,3.36,0.5627571129243836,2,-0.30241960970677595,4.294083773450889,False
2.5,0.0,0,2.0,2,0.0,0.7240039065631708,3,-0.21164193331249873,4.294083773450889,False
2.5,0.0,0,2.0,2,3.36,0.7806829970886269,3,-0.17841687040644444,4.408985762441769,False
2.5,0.0,5,0.75,1,0.0,0.1631034056622337,0,-0.7901693056806335,3.2324019701499127,False
2.5,0.0,5,0.75,1,3.36,0.17049167981307042,0,-0.7709291452690301,3.383551757640045,False
2.5,0.0,5,0.75,2,0.0,0.23398469865894878,0,-0.6358739464082375,3.383551757640045,False
2.5,0.0,5,0.75,2,3.36,0.24700816403872233,0,-0.612350096557209,3.5282322055994326,False
2.5,0.0,5,1.0,1,0.0,0.2174712075496449,0,-0.6671550573076376,2.9811832728132,False
2.5,0.0,5,1.0,1,3.36,0.22732223975076057,1,-0.6479148968960342,3.1444321754652655,False
2.5,0.0,5,1.0,2,0.0,0.31197959821193166,0,-0.5146171714359528,3.1444321754652655,False
2.5,0.0,5,1.0,2,3.36,0.32934421871829644,1,-0.4910933215849242,3.299614175339478,False
2.5,0.0,5,1.33,1,0.0,0.28923670604102686,1,-0.5465841614944097,3.2282156995971034,False
2.5,0.0,5,1.33,1,3.36,0.30233857886851073,2,-0.5273440010828061,3.379552722347325,False
2.5,0.0,5,1.33,2,0.0,0.41493286562186915,1,-0.39701455620818704,3.379552722347325,False
2.5,0.0,5,1.33,2,3.36,0.4380278108953343,2,-0.3734907063571584,3.5243973389964443,False
2.5,0.0,5,1.5,1,0.0,0.3262068113244674,2,-0.49635231517845735,3.462407667748373,False
2.5,0.0,5,1.5,1,3.36,0.34098335962614085,2,-0.477112154766854,3.6039238140785836,False
2.5,0.0,5,1.5,2,0.0,0.46796939731789755,2,-0.3485830040455253,3.6039238140785836,False
2.5,0.0,5,1.5,2,3.36,0.49401632807744467,2,-0.3250591541944967,3.740089151034067,False
2.5,0.0,5,2.0,1,0.0,0.4349424150992898,2,-0.37851725895589294,4.236668447618586,False
2.5,0.0,5,2.0,1,3.36,0.45464447950152115,2,-0.3592770985442896,4.353086208088104,False
2.5,0.0,5,2.0,2,0.0,0.6239591964238633,2,-0.23702173198158139,4.353086208088104,False
2.5,0.0,5,2.0,2,3.36,0.6586884374365929,3,-0.21349788213055276,4.466470590415533,False
2.5,0.0,10,0.75,1,0.0,0.1506236184715566,0,-0.8247392584890612,3.461074217858813,False
2.5,0.0,10,0.75,1,3.36,0.15801189262239335,0,-0.8039425600859333,3.602642744087595,False
2.5,0.0,10,0.75,2,0.0,0.22437660831462705,0,-0.6540838252995571,3.602642744087595,False
2.5,0.0,10,0.75,2,3.36,0.23740007369440064,0,-0.6295805547897294,3.7388547366174842,False
2.5,0.0,10,1.0,1,0.0,0.2008314912954088,0,-0.7017250101160651,3.227702890756704,False
2.5,0.0,10,1.0,1,3.36,0.21068252349652447,1,-0.6809283117129373,3.3790628805926626,False
2.5,0.0,10,1.0,2,0.0,0.2991688110861694,0,-0.5328270503272724,3.3790628805926626,False
2.5,0.0,10,1.0,2,3.36,0.31653343159253416,1,-0.5083237798174447,3.523927631351016,False
2.5,0.0,10,1.33,1,0.0,0.26710588342289293,1,-0.5811541143028373,3.4571648569345337,False
2.5,0.0,10,1.33,1,3.36,0.28020775625037675,2,-0.5603574158997093,3.5988871680039063,False
2.5,0.0,10,1.33,2,0.0,0.3978945187446053,1,-0.4152244350995067,3.5988871680039063,False
2.5,0.0,10,1.33,2,3.36,0.4209894640180704,2,-0.39072116458967904,3.7352361167700194,False
2.5,0.0,10,1.5,1,0.0,0.3012472369431132,1,-0.530922267986885,3.6768028370556785,False
2.5,0.0,10,1.5,1,3.36,0.3160237852447867,2,-0.5101255695837571,3.8103646941704525,False
2.5,0.0,10,1.5,2,0.0,0.4487532166292541,1,-0.3667928829368449,3.8103646941704525,False
2.5,0.0,10,1.5,2,3.36,0.4748001473888013,2,-0.3422896124270172,3.9394008557876776,False
2.5,0.0,10,2.0,1,0.0,0.4016629825908176,2,-0.41308721176432056,4.413612101209715,False
2.5,0.0,10,2.0,1,3.36,0.42136504699304894,2,-0.39229051336119275,4.525480281687772,False
2.5,0.0,10,2.0,2,0.0,0.5983376221723388,2,-0.255231610872901,4.525480281687772,False
2.5,0.0,10,2.0,2,3.36,0.6330668631850683,3,-0.2307283403630733,4.63464904603842,False
2.5,0.0,15,0.75,1,0.0,0.14158986452498257,0,-0.8516001688343934,3.811830944531809,False
2.5,0.0,15,0.75,1,3.36,0.14897813867581933,0,-0.8295097911302832,3.940819096290803,False
2.5,0.0,15,0.75,2,0.0,0.21859591100583117,0,-0.6654193703250787,3.940819096290803,False
2.5,0.0,15,0.75,2,3.36,0.23161937638560476,0,-0.6402865162431797,4.065717052340246,False
2.5,0.0,15,1.0,1,0.0,0.1887864860333101,0,-0.7285859204613974,3.6012617732070584,False
2.5,0.0,15,1.0,1,3.36,0.1986375182344258,1,-0.7064955427572872,3.7375240947935637,False
2.5,0.0,15,1.0,2,0.0,0.2914612146744415,0,-0.544162595352794,3.7375240947935637,False
2.5,0.0,15,1.0,2,3.36,0.30882583518080625,1,-0.5190297412708951,3.868990353976402,False
2.5,0.0,15,1.33,1,0.0,0.2510860264243017,1,-0.6080150246481694,3.8082816671284228,False
2.5,0.0,15,1.33,1,3.36,0.26418789925178554,2,-0.5859246469440593,3.9373860943761203,False
2.5,0.0,15,1.33,2,0.0,0.3876434155170073,1,-0.4265599801250282,3.9373860943761203,False
2.5,0.0,15,1.33,2,3.36,0.41073836079047243,2,-0.40142712604312925,4.062389599261307,False
2.5,0.0,15,1.5,1,0.0,0.28317972904996513,1,-0.5577831783322172,4.008727916776587,False
2.5,0.0,15,1.5,1,3.36,0.29795627735163865,2,-0.5356928006281071,4.1315734909043975,False
2.5,0.0,15,1.5,2,0.0,0.43719182201166235,1,-0.3781284279623665,4.1315734909043975,False
2.5,0.0,15,1.5,2,3.36,0.4632387527712095,2,-0.3529955738804675,4.250870441538292,False
2.5,0.0,15,2.0,1,0.0,0.3775729720666202,2,-0.4399481221096528,4.693718375457575,False
2.5,0.0,15,2.0,1,3.36,0.3972750364688516,2,-0.4178577444055426,4.799061594531591,False
2.5,0.0,15,2.0,2,0.0,0.582922429348883,2,-0.2665671558984226,4.799061594531591,False
2.5,0.0,15,2.0,2,3.36,0.6176516703616125,3,-0.24143430181652367,4.902141592009364,False
2.5,0.1,-15,0.75,1,0.0,0.42872941716147633,1,-0.37768431107436023,3.8444837299291903,False
2.5,0.1,-15,0.75,1,3.36,0.47044469711461684,2,-0.33459953083680954,3.9724117548021454,False
2.5,0.1,-15,0.75,2,0.0,0.6027897840809796,1,-0.23345210805842964,3.9724117548021454,False
2.5,0.1,-15,0.75,2,3.36,0.6872837493352795,2,-0.17648191621916037,4.096346561228708,False
2.5,0.1,-15,1.0,1,0.0,0.5716392228819686,2,-0.2598650560002398,3.63580614983286,False
2.5,0.1,-15,1.0,1,3.36,0.6272595961528225,2,-0.2148128341180254,3.7708203827764653,False
2.5,0.1,-15,1.0,2,0.0,0.8037197121079728,2,-0.11828069531800436,3.7708203827764653,False
2.5,0.1,-15,1.0,2,3.36,0.9163783324470393,3,-0.06131050347873508,3.901164743914623,False
2.5,0.1,-15,1.33,1,0.0,0.7602801664330159,2,-0.1479987929010668,3.840964625740055,False
2.5,0.1,-15,1.33,1,3.36,0.8342552628832515,2,-0.09967465253931987,3.969006079131958,False
2.5,0.1,-15,1.33,2,0.0,1.068947217103602,5,-0.010769653616545392,3.969006079131958,True
2.5,0.1,-15,1.33,2,3.36,1.21878318215456,5,0.046200538222723804,4.093044008581686,True
2.5,0.1,-15,1.5,1,0.0,0.8574588343229527,3,-0.10300375095355421,4.039789537926939,False
2.5,0.1,-15,1.5,1,3.36,0.9408893942292337,3,-0.05272648837549933,4.161718336305804,False
2.5,0.1,-15,1.5,2,0.0,1.2055795681619592,5,0.03165538968499309,4.161718336305804,True
2.5,0.1,-15,1.5,2,3.36,1.374567498670559,5,0.08862558152426236,4.280175172904019,True
2.5,0.1,-15,2.0,1,0.0,1.1432784457639371,5,-0.0031618922424442863,4.720274588210743,True
2.5,0.1,-15,2.0,1,3.36,1.254519192305645,5,0.05373396507766742,4.825038050431115,True
2.5,0.1,-15,2.0,2,0.0,1.6074394242159455,5,0.12296016249772125,4.825038050431115,True
2.5,0.1,-15,2.0,2,3.36,1.8327566648940785,5,0.1799303543369905,4.92757467605597,True
2.5,0.1,-10,0.75,1,0.0,0.30072485030891377,0,-0.5289387909560306,3.4970036805137905,False
2.5,0.1,-10,0.75,1,3.36,0.3018030556443115,1,-0.5273844758024396,3.637174004845932,False
2.5,0.1,-10,0.75,2,0.0,0.4492150096665314,1,-0.3579451399340329,3.637174004845932,False
2.5,0.1,-10,0.75,2,3.36,0.4508256049321559,1,-0.3563908247804419,3.772139279179256,False
2.5,0.1,-10,1.0,1,0.0,0.4009664670785517,1,-0.40915209423724647,3.266200537474572,False
2.5,0.1,-10,1.0,1,3.36,0.4024040741924153,2,-0.40759777908365546,3.415855083430675,False
2.5,0.1,-10,1.0,2,0.0,0.5989533462220419,2,-0.24050316377524675,3.415855083430675,False
2.5,0.1,-10,1.0,2,3.36,0.6011008065762079,2,-0.23894884862165577,3.5592226610594597,False
2.5,0.1,-10,1.33,1,0.0,0.5332854012144722,2,-0.29401391265854093,3.4931345304787755,False
2.5,0.1,-10,1.33,1,3.36,0.5351974186759109,2,-0.2924595975049499,3.6334541208088997,False
2.5,0.1,-10,1.33,2,0.0,0.7966079504753144,2,-0.12926085837326787,3.6334541208088997,False
2.5,0.1,-10,1.33,2,3.36,0.7994640727463553,3,-0.12770654321967678,3.768552619776348,False
2.5,0.1,-10,1.5,1,0.0,0.6014497006178275,2,-0.24706574849472043,3.7106440280065516,False
2.5,0.1,-10,1.5,1,3.36,0.603606111288623,2,-0.2455114333411294,3.8430299377679438,False
2.5,0.1,-10,1.5,2,0.0,0.8984300193330628,2,-0.08463612169257015,3.8430299377679438,False
2.5,0.1,-10,1.5,2,3.36,0.9016512098643118,3,-0.08308180653897915,3.9710047976023253,False
2.5,0.1,-10,2.0,1,0.0,0.8019329341571034,2,-0.14060529504155367,4.441843286288344,False
2.5,0.1,-10,2.0,1,3.36,0.8048081483848306,3,-0.13905097988796267,4.55301787608448,False
2.5,0.1,-10,2.0,2,0.0,1.1979066924440838,5,0.013963551166382565,4.55301787608448,True
2.5,0.1,-10,2.0,2,3.36,1.2022016131524158,5,0.015517866319973553,4.661541781422198,True
2.5,0.1,-5,0.75,1,0.0,0.2208829753559752,0,-0.659578586007218,3.2708443094450455,False
2.5,0.1,-5,0.75,1,3.36,0.23967160244374347,1,-0.6277010303374116,3.4202956738605272,False
2.5,0.1,-5,0.75,2,0.0,0.3161829161546417,0,-0.5104609982546676,3.4202956738605272,False
2.5,0.1,-5,0.75,2,3.36,0.31779351142026624,1,-0.5082543731789929,3.563484600307547,False
2.5,0.1,-5,1.0,1,0.0,0.29451063380796694,1,-0.5373681569760682,3.0228221426510067,False
2.5,0.1,-5,1.0,1,3.36,0.31956213659165844,2,-0.5080642838563393,3.183936825080112,False
2.5,0.1,-5,1.0,2,0.0,0.4215772215395224,1,-0.39301902209588147,3.183936825080112,False
2.5,0.1,-5,1.0,2,3.36,0.42372468189368834,2,-0.3908123970202068,3.337282383332466,False
2.5,0.1,-5,1.33,1,0.0,0.39169914296459485,2,-0.41815788010174515,3.2667073029466867,False
2.5,0.1,-5,1.33,1,3.36,0.4250176416669057,2,-0.3931765370787462,3.416339649848243,False
2.5,0.1,-5,1.33,2,0.0,0.5606977046475639,2,-0.28177671669390253,3.416339649848243,False
2.5,0.1,-5,1.33,2,3.36,0.5635538269186047,2,-0.2795700916182278,3.5596877114608265,False
2.5,0.1,-5,1.5,1,0.0,0.4417659507119504,2,-0.36875309683368573,3.4983234352590564,False
2.5,0.1,-5,1.5,1,3.36,0.47934320488748694,2,-0.3463785297036207,3.638442916644801,False
2.5,0.1,-5,1.5,2,0.0,0.6323658323092834,2,-0.2371519800132049,3.638442916644801,False
2.5,0.1,-5,1.5,2,3.36,0.6355870228405325,2,-0.23494535493753022,3.773362804937093,False
2.5,0.1,-5,2.0,1,0.0,0.5890212676159339,2,-0.2538113846125714,4.26607073722962,False
2.5,0.1,-5,2.0,1,3.36,0.6391242731833169,2,-0.240430877657134,4.381707376702246,False
2.5,0.1,-5,2.0,2,0.0,0.8431544430790447,3,-0.13855230715425215,4.381707376702246,False
2.5,0.1,-5,2.0,2,3.36,0.8474493637873767,3,-0.1299024961222972,4.49436975949319,False
2.5,0.1,0,0.75,1,0.0,0.1759405931159411,0,-0.7572089320011349,3.1918988729275846,False
2.5,0.1,0,0.75,1,3.36,0.1831603940503555,0,-0.73974341449929,3.3448794320567647,False
2.5,0.1,0,0.75,2,0.0,0.23905451711138248,0,-0.6255661089177578,3.3448794320567647,False
2.5,0.1,0,0.75,2,3.36,0.2606765801875794,1,-0.5941976279360738,3.4911629029588958,False
2.5,0.1,0,1.0,1,0.0,0.23458745748792145,0,-0.6341530081444031,2.9372180076508743,False
2.5,0.1,0,1.0,1,3.36,0.24421385873380733,1,-0.6166874906425582,3.102780950126607,False
2.5,0.1,0,1.0,2,0.0,0.31873935614851,1,-0.5035887665119817,3.102780950126607,False
2.5,0.1,0,1.0,2,3.36,0.3475687735834395,1,-0.476684927600189,3.259946260978633,False
2.5,0.1,0,1.33,1,0.0,0.31200131845893464,1,-0.513511427447142,3.1876594111499057,False
2.5,0.1,0,1.33,1,3.36,0.3248044321159629,2,-0.496045909945297,3.340834105652743,False
2.5,0.1,0,1.33,2,0.0,0.4239233436775172,2,-0.3847720793169247,3.340834105652743,False
2.5,0.1,0,1.33,2,3.36,0.46226646886597444,2,-0.36532574151842784,3.487287272579155,False
2.5,0.1,0,1.5,1,0.0,0.3518811862318822,2,-0.4632365298795298,3.4246259322807906,False
2.5,0.1,0,1.5,1,3.36,0.366320788100711,2,-0.4457710123776849,3.5676410660337,False
2.5,0.1,0,1.5,2,0.0,0.47810903422276496,2,-0.33650672656407155,3.5676410660337,False
2.5,0.1,0,1.5,2,3.36,0.5213531603751588,2,-0.3206316918989542,3.7051400481021055,False
2.5,0.1,0,2.0,1,0.0,0.4691749149758429,2,-0.34525035344003696,4.205847768692327,False
2.5,0.1,0,2.0,1,3.36,0.48842771746761465,2,-0.3277848359381921,4.323095586893057,False
2.5,0.1,0,2.0,2,0.0,0.63747871229702,2,-0.2376748531378999,4.323095586893057,False
2.5,0.1,0,2.0,2,3.36,0.695137547166879,3,-0.22179981847278252,4.437246381869529,False
2.5,0.1,5,0.75,1,0.0,0.1593841940032776,0,-0.8001297331186358,3.2708443094450455,False
2.5,0.1,5,0.75,1,3.36,0.166603994937692,0,-0.7808895727070323,3.4202956738605272,False
2.5,0.1,5,0.75,2,0.0,0.19842969966750784,0,-0.7126929677357249,3.4202956738605272,False
2.5,0.1,5,0.75,2,3.36,0.20778632085573845,0,-0.6920553426102481,3.563484600307547,False
2.5,0.1,5,1.0,1,0.0,0.21251225867103682,0,-0.6770738092619039,3.0228221426510067,False
2.5,0.1,5,1.0,1,3.36,0.2221386599169227,1,-0.6578336488503004,3.183936825080112,False
2.5,0.1,5,1.0,2,0.0,0.2645729328900107,0,-0.5937312650669748,3.183936825080112,False
2.5,0.1,5,1.0,2,3.36,0.27704842780765154,1,-0.5702074152159462,3.337282383332466,False
2.5,0.1,5,1.33,1,0.0,0.2826413040324781,1,-0.5564322285646428,3.2667073029466867,False
2.5,0.1,5,1.33,1,3.36,0.29544441768950636,2,-0.5371920681530392,3.416339649848243,False
2.5,0.1,5,1.33,2,0.0,0.35188200074371423,1,-0.4751329245493953,3.416339649848243,False
2.5,0.1,5,1.33,2,3.36,0.3684744089841765,2,-0.45160907469836675,3.5596877114608265,False
2.5,0.1,5,1.5,1,0.0,0.3187683880065552,1,-0.5061573309970305,3.4983234352590564,False
2.5,0.1,5,1.5,1,3.36,0.333207989875384,2,-0.4869171705854271,3.638442916644801,False
2.5,0.1,5,1.5,2,0.0,0.3968593993350157,2,-0.42609910117767047,3.638442916644801,False
2.5,0.1,5,1.5,2,3.36,0.4155726417114769,2,-0.4025752513266419,3.773362804937093,False
2.5,0.1,5,2.0,1,0.0,0.42502451734207364,2,-0.3881711545575377,4.26607073722962,False
2.5,0.1,5,2.0,1,3.36,0.4442773198338454,2,-0.3689309941459343,4.381707376702246,False
2.5,0.1,5,2.0,2,0.0,0.5291458657800214,2,-0.3124490065294271,4.381707376702246,False
2.5,0.1,5,2.0,2,3.36,0.5540968556153031,3,-0.28892515667839846,4.49436975949319,False
2.5,0.1,10,0.75,1,0.0,0.14718898069891764,0,-0.8346996859270632,3.4970036805137905,False
2.5,0.1,10,0.75,1,3.36,0.15440878163333205,0,-0.8139029875239354,3.637174004845932,False
2.5,0.1,10,0.75,2,0.0,0.18640306711560414,0,-0.7337890713525964,3.637174004845932,False
2.5,0.1,10,0.75,2,3.36,0.197222438660162,0,-0.7092858008427687,3.772139279179256,False
2.5,0.1,10,1.0,1,0.0,0.1962519742652235,0,-0.7116437620703314,3.266200537474572,False
2.5,0.1,10,1.0,1,3.36,0.20587837551110938,1,-0.6908470636672036,3.415855083430675,False
2.5,0.1,10,1.0,2,0.0,0.2485374228208055,0,-0.6119411439582945,3.415855083430675,False
2.5,0.1,10,1.0,2,3.36,0.26296325154688266,1,-0.5874378734484668,3.5592226610594597,False
2.5,0.1,10,1.33,1,0.0,0.26101512577274655,1,-0.5910021813730703,3.4931345304787755,False
2.5,0.1,10,1.33,1,3.36,0.2738182394297747,2,-0.5702054829699424,3.6334541208088997,False
2.5,0.1,10,1.33,2,0.0,0.33055477235167136,1,-0.49334280344071507,3.6334541208088997,False
2.5,0.1,10,1.33,2,3.36,0.34974112455735396,2,-0.4688395329308874,3.768552619776348,False
2.5,0.1,10,1.5,1,0.0,0.2943779613978353,1,-0.5407272838054581,3.7106440280065516,False
2.5,0.1,10,1.5,1,3.36,0.3088175632666641,2,-0.5199305854023303,3.8430299377679438,False
2.5,0.1,10,1.5,2,0.0,0.3728061342312083,1,-0.4443089800689901,3.8430299377679438,False
2.5,0.1,10,1.5,2,3.36,0.394444877320324,2,-0.41980570955916247,3.9710047976023253,False
2.5,0.1,10,2.0,1,0.0,0.392503948530447,2,-0.4227411073659653,4.441843286288344,False
2.5,0.1,10,2.0,1,3.36,0.41175675102221876,2,-0.40194440896283745,4.55301787608448,False
2.5,0.1,10,2.0,2,0.0,0.497074845641611,2,-0.33065888542074673,4.55301787608448,False
2.5,0.1,10,2.0,2,3.36,0.5259265030937653,2,-0.30615561491091897,4.661541781422198,False
2.5,0.1,15,0.75,1,0.0,0.13836122148841806,0,-0.8615605962723956,3.8444837299291903,False
2.5,0.1,15,0.75,1,3.36,0.1455810224228325,0,-0.8394702185682853,3.9724117548021454,False
2.5,0.1,15,0.75,2,0.0,0.1816006961531395,0,-0.7451246163781179,3.9724117548021454,False
2.5,0.1,15,0.75,2,3.36,0.19242006769769737,0,-0.7199917622962189,4.096346561228708,False
2.5,0.1,15,1.0,1,0.0,0.1844816286512241,0,-0.7385046724156636,3.63580614983286,False
2.5,0.1,15,1.0,1,3.36,0.19410802989711,1,-0.7164142947115535,3.7708203827764653,False
2.5,0.1,15,1.0,2,0.0,0.2421342615375193,0,-0.6232766889838159,3.7708203827764653,False
2.5,0.1,15,1.0,2,3.36,0.25656009026359644,1,-0.598143834901917,3.901164743914623,False
2.5,0.1,15,1.33,1,0.0,0.2453605661061274,0,-0.6178630917184025,3.840964625740055,False
2.5,0.1,15,1.33,1,3.36,0.2581636797631556,1,-0.5957727140142923,3.969006079131958,False
2.5,0.1,15,1.33,2,0.0,0.32203856784490076,1,-0.5046783484662365,3.969006079131958,False
2.5,0.1,15,1.33,2,3.36,0.34122492005058336,2,-0.4795454943843376,4.093044008581686,False
2.5,0.1,15,1.5,1,0.0,0.2767224429768361,1,-0.5675881941507903,4.039789537926939,False
2.5,0.1,15,1.5,1,3.36,0.291162044845665,2,-0.5454978164466802,4.161718336305804,False
2.5,0.1,15,1.5,2,0.0,0.363201392306279,1,-0.45564452509451164,4.161718336305804,False
2.5,0.1,15,1.5,2,3.36,0.38484013539539474,2,-0.4305116710126127,4.280175172904019,False
2.5,0.1,15,2.0,1,0.0,0.3689632573024482,2,-0.4496020177112975,4.720274588210743,False
2.5,0.1,15,2.0,1,3.36,0.38821605979422,2,-0.4275116400071873,4.825038050431115,False
2.5,0.1,15,2.0,2,0.0,0.4842685230750386,2,-0.34199443044626826,4.825038050431115,False
2.5,0.1,15,2.0,2,3.36,0.5131201805271929,2,-0.3168615763643693,4.92757467605597,False
2.5,0.2,-15,0.75,1,0.0,0.3675251630073086,1,-0.44324030889337124,3.940819096290803,False
2.5,0.2,-15,0.75,1,3.36,0.3951206477601694,1,-0.40929231911540104,4.065717052340246,False
2.5,0.2,-15,0.75,2,0.0,0.5339056122904839,1,-0.2846791229228026,4.065717052340246,False
2.5,0.2,-15,0.75,2,3.36,0.6074237427736812,2,-0.22770893108353332,4.1868908690925135,False
2.5,0.2,-15,1.0,1,0.0,0.4900335506764114,2,-0.3244675803551467,3.7375240947935637,False
2.5,0.2,-15,1.0,1,3.36,0.5268275303468927,2,-0.2887267150405921,3.868990353976402,False
2.5,0.2,-15,1.0,2,0.0,0.7118741497206453,2,-0.1684703238980948,3.868990353976402,False
2.5,0.2,-15,1.0,2,3.36,0.8098983236982417,2,-0.11150013205882554,3.9961339265798443,False
2.5,0.2,-15,1.33,1,0.0,0.6517446223996252,2,-0.21101943838048806,3.9373860943761203,False
2.5,0.2,-15,1.33,1,3.36,0.7006806153613651,2,-0.17228486010270866,4.062389599261307,False
2.5,0.2,-15,1.33,2,0.0,0.9467926191284567,4,-0.05925962661088301,4.062389599261307,False
2.5,0.2,-15,1.33,2,3.36,1.07716477051866,5,-0.002289434771613738,4.183659792118193,True
2.5,0.2,-15,1.5,1,0.0,0.7350503260146172,2,-0.1650824733571735,4.1315734909043975,False
2.5,0.2,-15,1.5,1,3.36,0.7902412955203388,2,-0.12455328492711623,4.250870441538292,False
2.5,0.2,-15,1.5,2,0.0,1.0678112245809679,5,-0.01583573494261954,4.250870441538292,True
2.5,0.2,-15,1.5,2,3.36,1.2148474855473623,5,0.04113445689664974,4.366909606431527,True
2.5,0.2,-15,2.0,1,0.0,0.9800671013528228,4,-0.0620626769462931,4.799061594531591,False
2.5,0.2,-15,2.0,1,3.36,1.0536550606937853,5,-0.015406826268992452,4.902141592009364,True
2.5,0.2,-15,2.0,2,0.0,1.4237482994412907,5,0.07876371289902435,4.902141592009364,True
2.5,0.2,-15,2.0,2,3.36,1.6197966473964833,5,0.1357339047382936,5.003098258889994,True
2.5,0.2,-10,0.75,1,0.0,0.25257506010890085,0,-0.6036315792346221,3.602642744087595,False
2.5,0.2,-10,0.75,1,3.36,0.2632059018767444,1,-0.5832820255460751,3.7388547366174842,False
2.5,0.2,-10,0.75,2,0.0,0.3882866896790448,1,-0.41990588851309874,3.7388547366174842,False
2.5,0.2,-10,0.75,2,3.36,0.38967883529004366,1,-0.41835157335950773,3.870275796571479,False
2.5,0.2,-10,1.0,1,0.0,0.33676674681186786,1,-0.4830659751598132,3.3790628805926626,False
2.5,0.2,-10,1.0,1,3.36,0.35094120250232597,2,-0.46095346274069754,3.523927631351016,False
2.5,0.2,-10,1.0,2,0.0,0.5177155862387265,2,-0.30151139822122697,3.523927631351016,False
2.5,0.2,-10,1.0,2,3.36,0.5195717803867249,2,-0.2999570830676361,3.6630678332511373,False
2.5,0.2,-10,1.33,1,0.0,0.44789977325978286,2,-0.36662412022192975,3.5988871680039063,False
2.5,0.2,-10,1.33,1,3.36,0.4667517993280921,2,-0.34154354271804627,3.7352361167700194,False
2.5,0.2,-10,1.33,2,0.0,0.6885617296975052,2,-0.18869163317105747,3.7352361167700194,False
2.5,0.2,-10,1.33,2,3.36,0.6910304679143432,2,-0.18713731801746647,3.866780165463661,False
2.5,0.2,-10,1.5,1,0.0,0.5051501202178017,2,-0.3188925450463373,3.8103646941704525,False
2.5,0.2,-10,1.5,1,3.36,0.5264118037534888,2,-0.2920175988066954,3.9394008557876776,False
2.5,0.2,-10,1.5,2,0.0,0.7765733793580896,2,-0.1431293644227561,3.9394008557876776,False
2.5,0.2,-10,1.5,2,3.36,0.7793576705800873,3,-0.14157504926916512,4.064342394850695,False
2.5,0.2,-10,2.0,1,0.0,0.6735334936237357,2,-0.20974608638821354,4.525480281687772,False
2.5,0.2,-10,2.0,1,3.36,0.7018824050046519,2,-0.17665320085074374,4.63464904603842,False
2.5,0.2,-10,2.0,2,0.0,1.035431172477453,5,-0.041376882860519465,4.63464904603842,True
2.5,0.2,-10,2.0,2,3.36,1.0391435607734498,5,-0.039822567706928554,4.741304860472994,True
2.5,0.2,-5,0.75,1,0.0,0.19849597713958317,0,-0.7085286294993287,3.383551757640045,False
2.5,0.2,-5,0.75,1,3.36,0.2040507068577579,1,-0.6965422354037558,3.5282322055994326,False
2.5,0.2,-5,0.75,2,0.0,0.27329812051001845,0,-0.5724217468337335,3.5282322055994326,False
2.5,0.2,-5,0.75,2,3.36,0.2869255356483818,1,-0.5461854713393829,3.667209088207139,False
2.5,0.2,-5,1.0,1,0.0,0.2646613028527779,1,-0.5881485087640337,3.1444321754652655,False
2.5,0.2,-5,1.0,1,3.36,0.27206760914367756,1,-0.5761621146684607,3.299614175339478,False
2.5,0.2,-5,1.0,2,0.0,0.3643974940133581,1,-0.45402725654186166,3.299614175339478,False
2.5,0.2,-5,1.0,2,3.36,0.38256738086450903,2,-0.42412975299108474,3.447818688112996,False
2.5,0.2,-5,1.33,1,0.0,0.35199953279419466,2,-0.47201752744163433,3.379552722347325,False
2.5,0.2,-5,1.33,1,3.36,0.3618499201610912,2,-0.4579317431028351,3.5243973389964443,False
2.5,0.2,-5,1.33,2,0.0,0.48464866703776555,2,-0.34120749149169216,3.5243973389964443,False
2.5,0.2,-5,1.33,2,3.36,0.5088146165497957,2,-0.30518076775117947,3.6635197014790593,False
2.5,0.2,-5,1.5,1,0.0,0.39699195427916634,2,-0.4231296479897374,3.6039238140785836,False
2.5,0.2,-5,1.5,1,3.36,0.4081014137155158,2,-0.40760526194942953,3.740089151034067,False
2.5,0.2,-5,1.5,2,0.0,0.5465962410200369,2,-0.29564522274339083,3.740089151034067,False
2.5,0.2,-5,1.5,2,3.36,0.5738510712967636,2,-0.2559344579490403,3.8714683077203054,False
2.5,0.2,-5,2.0,1,0.0,0.5293226057055558,2,-0.30496233425590374,4.353086208088104,False
2.5,0.2,-5,2.0,1,3.36,0.5441352182873551,2,-0.2894379482155958,4.466470590415533,False
2.5,0.2,-5,2.0,2,0.0,0.7287949880267162,2,-0.19389274118115418,4.466470590415533,False
2.5,0.2,-5,2.0,2,3.36,0.7651347617290181,3,-0.15078475789285983,4.577047032208307,False
2.5,0.2,0,0.75,1,0.0,0.17103081099251788,0,-0.7694319568887563,3.3072977511854575,False
2.5,0.2,0,0.75,1,3.36,0.178049136821417,0,-0.7519664393869113,3.455172704076655,False
2.5,0.2,0,0.75,2,0.0,0.22085322261770127,0,-0.6650092990360156,3.455172704076655,False
2.5,0.2,0,0.75,2,3.36,0.22907556974230486,0,-0.6491342643708983,3.5969735076862026,False
2.5,0.2,0,1.0,1,0.0,0.2280410813233572,0,-0.6463261195871266,3.0622295185809585,False
2.5,0.2,0,1.0,1,3.36,0.23739884909522266,1,-0.6288606020852817,3.221373872196236,False
2.5,0.2,0,1.0,2,0.0,0.2944709634902687,1,-0.5466537003680483,3.221373872196236,False
2.5,0.2,0,1.0,2,3.36,0.30543409298974017,1,-0.530778665702931,3.373017880840327,False
2.5,0.2,0,1.33,1,0.0,0.3032946381600642,1,-0.5255998631729648,3.303206400074413,False
2.5,0.2,0,1.33,1,3.36,0.31574046929664523,2,-0.5081343456711199,3.4512566583047057,False
2.5,0.2,0,1.33,2,0.0,0.39164638144205727,2,-0.43389848343979953,3.4512566583047057,False
2.5,0.2,0,1.33,2,3.36,0.4062273436763543,2,-0.41802344877468217,3.593212006198989,False
2.5,0.2,0,1.5,1,0.0,0.34206162198503576,2,-0.47527338201955927,3.5324301516166,False
2.5,0.2,0,1.5,1,3.36,0.356098273642834,2,-0.4578078645177143,3.6712481223761047,False
2.5,0.2,0,1.5,2,0.0,0.44170644523540253,2,-0.38837466463894954,3.6712481223761047,False
2.5,0.2,0,1.5,2,3.36,0.4581511394846097,2,-0.3724996299738322,3.8050049639980856,False
2.5,0.2,0,2.0,1,0.0,0.4560821626467144,2,-0.35710606828572555,4.294083773450889,False
2.5,0.2,0,2.0,1,3.36,0.4747976981904453,2,-0.3396405507838807,4.408985762441769,False
2.5,0.2,0,2.0,2,0.0,0.5889419269805374,2,-0.28675199636179083,4.408985762441769,False
2.5,0.2,0,2.0,2,3.36,0.6108681859794803,3,-0.27087696169667347,4.520968419864733,False
2.5,0.2,5,0.75,1,0.0,0.15493643324145143,0,-0.8123527580062571,3.383551757640045,False
2.5,0.2,5,0.75,1,3.36,0.1619547590703505,0,-0.7931125975946536,3.5282322055994326,False
2.5,0.2,5,0.75,2,0.0,0.17437468480068177,0,-0.7676296041705494,3.5282322055994326,False
2.5,0.2,5,0.75,2,3.36,0.1825970319252854,0,-0.7476193258650466,3.667209088207139,False
2.5,0.2,5,1.0,1,0.0,0.20658191098860193,0,-0.6892469207046273,3.1444321754652655,False
2.5,0.2,5,1.0,1,3.36,0.21593967876046738,1,-0.6700067602930239,3.299614175339478,False
2.5,0.2,5,1.0,2,0.0,0.23249957973424262,0,-0.6492740055025821,3.299614175339478,False
2.5,0.2,5,1.0,2,3.36,0.24346270923371413,1,-0.6292637271970793,3.447818688112996,False
2.5,0.2,5,1.33,1,0.0,0.27475394161483974,1,-0.5685206642904657,3.379552722347325,False
2.5,0.2,5,1.33,1,3.36,0.2871997727514208,2,-0.5492805038788621,3.5243973389964443,False
2.5,0.2,5,1.33,2,0.0,0.3092244410465427,1,-0.5365187885743332,3.5243973389964443,False
2.5,0.2,5,1.33,2,3.36,0.3238054032808398,2,-0.5165085102688305,3.6635197014790593,False
2.5,0.2,5,1.5,1,0.0,0.30987286648290285,1,-0.51819418313706,3.6039238140785836,False
2.5,0.2,5,1.5,1,3.36,0.323909518140701,2,-0.4989540227254565,3.740089151034067,False
2.5,0.2,5,1.5,2,0.0,0.34874936960136355,2,-0.49099496977348334,3.740089151034067,False
2.5,0.2,5,1.5,2,3.36,0.3651940638505708,2,-0.47098469146798055,3.8714683077203054,False
2.5,0.2,5,2.0,1,0.0,0.41316382197720386,2,-0.40002686940322635,4.353086208088104,False
2.5,0.2,5,2.0,1,3.36,0.43187935752093476,2,-0.38078670899162287,4.466470590415533,False
2.5,0.2,5,2.0,2,0.0,0.46499915946848525,2,-0.3737149404914086,4.466470590415533,False
2.5,0.2,5,2.0,2,3.36,0.48692541846742826,2,-0.3544747800798051,4.577047032208307,False
2.5,0.2,10,0.75,1,0.0,0.1430815384458146,0,-0.8469227108146846,3.602642744087595,False
2.5,0.2,10,0.75,1,3.36,0.15009986427471367,0,-0.8261260124115568,3.7388547366174842,False
2.5,0.2,10,0.75,2,0.0,0.15366341871252584,0,-0.8169582604678606,3.7388547366174842,False
2.5,0.2,10,0.75,2,3.36,0.16258248665268318,0,-0.7924549899580329,3.870275796571479,False
2.5,0.2,10,1.0,1,0.0,0.19077538459441948,0,-0.7238168735130549,3.3790628805926626,False
2.5,0.2,10,1.0,1,3.36,0.20013315236628493,1,-0.703020175109927,3.523927631351016,False
2.5,0.2,10,1.0,2,0.0,0.20488455828336777,0,-0.6945942859933579,3.523927631351016,False
2.5,0.2,10,1.0,2,3.36,0.21677664887024425,1,-0.6700910154835301,3.6630678332511373,False
2.5,0.2,10,1.33,1,0.0,0.2537312615105771,1,-0.6030906170988932,3.5988871680039063,False
2.5,0.2,10,1.33,1,3.36,0.2661770926471581,1,-0.5822939186957654,3.7352361167700194,False
2.5,0.2,10,1.33,2,0.0,0.2724964625168792,1,-0.5751244997434928,3.7352361167700194,False
2.5,0.2,10,1.33,2,3.36,0.2883129429974249,2,-0.5506212292336651,3.866780165463661,False
2.5,0.2,10,1.5,1,0.0,0.2861630768916292,1,-0.5527641359454876,3.8103646941704525,False
2.5,0.2,10,1.5,1,3.36,0.30019972854942734,2,-0.5319674375423598,3.9394008557876776,False
2.5,0.2,10,1.5,2,0.0,0.3073268374250517,1,-0.5255622108569741,3.9394008557876776,False
2.5,0.2,10,1.5,2,3.36,0.32516497330536637,2,-0.5010589403471465,4.064342394850695,False
2.5,0.2,10,2.0,1,0.0,0.38155076918883896,2,-0.43459682221165385,4.525480281687772,False
2.5,0.2,10,2.0,1,3.36,0.40026630473256986,2,-0.41380012380852604,4.63464904603842,False
2.5,0.2,10,2.0,2,0.0,0.40976911656673554,2,-0.40828489329983614,4.63464904603842,False
2.5,0.2,10,2.0,2,3.36,0.4335532977404885,2,-0.38556766893382066,4.741304860472994,False
2.5,0.2,15,0.75,1,0.0,0.13450012587763327,0,-0.8737836211600168,3.940819096290803,False
2.5,0.2,15,0.75,1,3.36,0.14151845170653238,0,-0.8516932434559067,4.065717052340246,False
2.5,0.2,15,0.75,2,0.0,0.1497045313860613,0,-0.8282938054933822,4.065717052340246,False
2.5,0.2,15,0.75,2,3.36,0.15862359932621867,0,-0.8031609514114831,4.1868908690925135,False
2.5,0.2,15,1.0,1,0.0,0.17933350117017774,0,-0.7506777838583871,3.7375240947935637,False
2.5,0.2,15,1.0,1,3.36,0.18869126894204322,0,-0.7285874061542769,3.868990353976402,False
2.5,0.2,15,1.0,2,0.0,0.19960604184808176,0,-0.7059298310188794,3.868990353976402,False
2.5,0.2,15,1.0,2,3.36,0.21149813243495819,1,-0.6807969769369805,3.9961339265798443,False
2.5,0.2,15,1.33,1,0.0,0.2385135565563357,0,-0.6299515274442253,3.9373860943761203,False
2.5,0.2,15,1.33,1,3.36,0.2509593876929167,1,-0.6078611497401152,4.062389599261307,False
2.5,0.2,15,1.33,2,0.0,0.26547603565794875,1,-0.5864600447690144,4.062389599261307,False
2.5,0.2,15,1.33,2,3.36,0.28129251613849443,2,-0.5613271906871153,4.183659792118193,False
2.5,0.2,15,1.5,1,0.0,0.26900025175526654,1,-0.5796250462908199,4.1315734909043975,False
2.5,0.2,15,1.5,1,3.36,0.28303690341306476,2,-0.5575346685867096,4.250870441538292,False
2.5,0.2,15,1.5,2,0.0,0.2994090627721226,1,-0.5368977558824957,4.250870441538292,False
2.5,0.2,15,1.5,2,3.36,0.31724719865243733,2,-0.5117649018005966,4.366909606431527,False
2.5,0.2,15,2.0,1,0.0,0.3586670023403555,2,-0.4614577325569861,4.799061594531591,False
2.5,0.2,15,2.0,1,3.36,0.37738253788408643,2,-0.4393673548528759,4.902141592009364,False
2.5,0.2,15,2.0,2,0.0,0.3992120836961635,2,-0.4214064844691699,4.902141592009364,False
2.5,0.2,15,2.0,2,3.36,0.42299626486991637,2,-0.396273630387271,5.003098258889994,False
2.5,0.3,-15,0.75,1,0.0,0.3115357168970236,1,-0.5137817572926545,4.096346561228708,False
2.5,0.3,-15,0.75,1,3.36,0.3288370814876297,1,-0.4880759987406628,4.2166402679965795,False
2.5,0.3,-15,0.75,2,0.0,0.4667560057236192,1,-0.3416042913975379,4.2166402679965795,False
2.5,0.3,-15,0.75,2,3.36,0.5188322694946755,2,-0.29277345693993634,4.333596099048718,False
2.5,0.3,-15,1.0,1,0.0,0.415380955862698,2,-0.3941249698539137,3.901164743914623,False
2.5,0.3,-15,1.0,1,3.36,0.43844944198350644,2,-0.3668158943142966,4.0272926835732274,False
2.5,0.3,-15,1.0,2,0.0,0.6223413409648255,2,-0.22437120110064607,4.0272926835732274,False
2.5,0.3,-15,1.0,2,3.36,0.6917763593262343,2,-0.1734819257942954,4.149588697589491,False
2.5,0.3,-15,1.33,1,0.0,0.5524566712973868,2,-0.27920376239347994,4.093044008581686,False
2.5,0.3,-15,1.33,1,3.36,0.5831377578380618,2,-0.2492076786128927,4.213432004457464,False
2.5,0.3,-15,1.33,2,0.0,0.8277139834832168,3,-0.11347387523917046,4.213432004457464,False
2.5,0.3,-15,1.33,2,3.36,0.9200625579038904,3,-0.05917006559740597,4.330474483955129,False
2.5,0.3,-15,1.5,1,0.0,0.6230714337940472,2,-0.2323856988167703,4.280175172904019,False
2.5,0.3,-15,1.5,1,3.36,0.6576741629752594,2,-0.2007727436388443,4.395440764103635,False
2.5,0.3,-15,1.5,2,0.0,0.9335120114472384,4,-0.06905357599629597,4.395440764103635,False
2.5,0.3,-15,1.5,2,3.36,1.037664538989351,5,-0.012716936967194867,4.5077599215956425,True
2.5,0.3,-15,2.0,1,0.0,0.830761911725396,2,-0.12636959060788333,4.92757467605597,False
2.5,0.3,-15,2.0,1,3.36,0.8768988839670129,3,-0.08919976764125453,5.028020702832089,False
2.5,0.3,-15,2.0,2,0.0,1.244682681929651,5,0.028862054810341597,5.028020702832089,True
2.5,0.3,-15,2.0,2,3.36,1.3835527186524685,5,0.08583224664961081,5.1264990186391435,True
2.5,0.3,-10,0.75,1,0.0,0.21516562968957664,0,-0.6696521012741489,3.772139279179256,False
2.5,0.3,-10,0.75,1,3.36,0.2422417710347479,1,-0.6210860208969932,3.9024395884532272,False
2.5,0.3,-10,0.75,2,0.0,0.33165589395772693,0,-0.4871127170591574,3.9024395884532272,False
2.5,0.3,-10,0.75,2,3.36,0.3328449980640686,1,-0.4855584019055664,4.028527614591589,False
2.5,0.3,-10,1.0,1,0.0,0.28688750625276893,1,-0.5464871464434126,3.5592226610594597,False
2.5,0.3,-10,1.0,1,3.36,0.322989028046331,2,-0.5000263492274267,3.6970347511213877,False
2.5,0.3,-10,1.0,2,0.0,0.4422078586103027,1,-0.3678211859135165,3.6970347511213877,False
2.5,0.3,-10,1.0,2,3.36,0.4437933307520916,2,-0.3662668707599255,3.829891114770651,False
2.5,0.3,-10,1.33,1,0.0,0.38156038331618153,2,-0.4256605737067067,3.7685526197763477,False
2.5,0.3,-10,1.33,1,3.36,0.4295754073016202,2,-0.38275512841566606,3.8989727939578103,False
2.5,0.3,-10,1.33,2,0.0,0.5881364519517017,2,-0.2535093257166271,3.8989727939578103,False
2.5,0.3,-10,1.33,2,3.36,0.590245129900281,2,-0.2519550105630361,4.025169418549134,False
2.5,0.3,-10,1.5,1,0.0,0.4303312593791533,2,-0.37527296519613107,3.9710047976023253,False
2.5,0.3,-10,1.5,1,3.36,0.4844835420694958,2,-0.3345236514290824,4.09498218586854,False
2.5,0.3,-10,1.5,2,0.0,0.6633117879154539,2,-0.2070561970864159,4.09498218586854,False
2.5,0.3,-10,1.5,2,3.36,0.6656899961281372,2,-0.20550188193282493,4.2153148284061395,False
2.5,0.3,-10,2.0,1,0.0,0.5737750125055379,2,-0.25689090704703693,4.661541781422198,False
2.5,0.3,-10,2.0,1,3.36,0.645978056092662,2,-0.22365402887708472,4.767596016856381,False
2.5,0.3,-10,2.0,2,0.0,0.8844157172206054,3,-0.10228385871069291,4.767596016856381,False
2.5,0.3,-10,2.0,2,3.36,0.8875866615041832,3,-0.10072954355710191,4.871341886990158,False
2.5,0.3,-5,0.75,1,0.0,0.18630417275357608,0,-0.7322024179777792,3.5634846003075467,False
2.5,0.3,-5,0.75,1,3.36,0.19308430273377009,0,-0.7166780319374713,3.701138000214128,False
2.5,0.3,-5,0.75,2,0.0,0.2334381653660082,0,-0.6396285753797921,3.701138000214128,False
2.5,0.3,-5,0.75,2,3.36,0.2620513989533954,1,-0.5895781958337915,3.833852174592682,False
2.5,0.3,-5,1.0,1,0.0,0.2484055636714348,1,-0.6090374631470429,3.3372823833324654,False
2.5,0.3,-5,1.0,1,3.36,0.25744573697836015,1,-0.593513077106735,3.4838848583300255,False
2.5,0.3,-5,1.0,2,0.0,0.3112508871546777,1,-0.5203370442341512,3.4838848583300255,False
2.5,0.3,-5,1.0,2,3.36,0.34940186527119416,2,-0.47040397932709455,3.624562553757518,False
2.5,0.3,-5,1.33,1,0.0,0.3303793996830073,2,-0.48821089041033705,3.559687711460826,False
2.5,0.3,-5,1.33,1,3.36,0.342402830181218,2,-0.47268650437002907,3.6974824682647536,False
2.5,0.3,-5,1.33,2,0.0,0.4139636799157208,2,-0.4060251840372618,3.6974824682647536,False
2.5,0.3,-5,1.33,2,3.36,0.4647044808106882,2,-0.35628761172004303,3.8303233026893713,False
2.5,0.3,-5,1.5,1,0.0,0.37260834550715216,2,-0.4378232818997614,3.7733628049370926,False
2.5,0.3,-5,1.5,1,3.36,0.38616860546754017,2,-0.42229889585945346,3.9036222739505324,False
2.5,0.3,-5,1.5,2,0.0,0.4668763307320164,2,-0.3587731947822402,3.9036222739505324,False
2.5,0.3,-5,1.5,2,3.36,0.5241027979067908,2,-0.3099514252972314,4.029673294162037,False
2.5,0.3,-5,2.0,1,0.0,0.4968111273428696,2,-0.31944122375066736,4.49436975949319,False
2.5,0.3,-5,2.0,1,3.36,0.5148914739567203,2,-0.3039168377103594,4.604276222713715,False
2.5,0.3,-5,2.0,2,0.0,0.6225017743093554,2,-0.24405252887050413,4.604276222713715,False
2.5,0.3,-5,2.0,2,3.36,0.6988037305423883,3,-0.20557682687342496,4.711619629707695,False
2.5,0.3,0,0.75,1,0.0,0.1652261746487154,0,-0.7843461520076009,3.4911629029588958,False
2.5,0.3,0,0.75,1,3.36,0.17200630462890945,0,-0.766880634505756,3.631558675692351,False
2.5,0.3,0,0.75,2,0.0,0.19161047347965773,0,-0.7255454343027224,3.631558675692351,False
2.5,0.3,0,0.75,2,3.36,0.19874411548399734,0,-0.709670399637605,3.766725157878709,False
2.5,0.3,0,1.0,1,0.0,0.22030156619828722,0,-0.6611811971768646,3.2599462609786327,False
2.5,0.3,0,1.0,1,3.36,0.2293417395052126,1,-0.6437156796750197,3.409875309225921,False
2.5,0.3,0,1.0,2,0.0,0.2554806313062105,0,-0.6063712177960255,3.409875309225921,False
2.5,0.3,0,1.0,2,3.36,0.2649921539786633,1,-0.5904961831309082,3.553484152837686,False
2.5,0.3,0,1.33,1,0.0,0.2930010830437211,1,-0.5403546244401589,3.487287272579155,False
2.5,0.3,0,1.33,1,3.36,0.3050245135419319,2,-0.5228891069383139,3.6278330338498987,False
2.5,0.3,0,1.33,2,0.0,0.33978923963726,1,-0.492254850188974,3.6278330338498987,False
2.5,0.3,0,1.33,2,3.36,0.3524395647916222,2,-0.47637981552385666,3.7631333382558427,False
2.5,0.3,0,1.5,1,0.0,0.3304523492974308,1,-0.48996701592958314,3.7051400481021055,False
2.5,0.3,0,1.5,1,3.36,0.3440126092578189,2,-0.47250149842773825,3.8377158279437618,False
2.5,0.3,0,1.5,2,0.0,0.38322094695931547,2,-0.4459186637661624,3.8377158279437618,False
2.5,0.3,0,1.5,2,3.36,0.3974882309679947,2,-0.43004362910104504,3.965862173103104,False
2.5,0.3,0,2.0,1,0.0,0.44060313239657445,2,-0.3715849577804891,4.437246381869528,False
2.5,0.3,0,2.0,1,3.36,0.4586834790104252,2,-0.3541194402786442,4.548533329922319,False
2.5,0.3,0,2.0,2,0.0,0.510961262612421,2,-0.3393300825100698,4.548533329922319,False
2.5,0.3,0,2.0,2,3.36,0.5299843079573267,2,-0.32186456500822497,4.657161737948793,False
2.5,0.3,5,0.75,1,0.0,0.1496780260214108,0,-0.8272669531251018,3.5634846003075467,False
2.5,0.3,5,0.75,1,3.36,0.15645815600160484,0,-0.8080267927134983,3.701138000214128,False
2.5,0.3,5,0.75,2,0.0,0.1616544691827542,0,-0.7940222838564152,3.701138000214128,False
2.5,0.3,5,0.75,2,3.36,0.16897710926608586,0,-0.7747821234448117,3.833852174592682,False
2.5,0.3,5,1.0,1,0.0,0.1995707013618811,0,-0.7041019982943655,3.3372823833324654,False
2.5,0.3,5,1.0,1,3.36,0.20861087466880648,1,-0.684861837882762,3.4838848583300255,False
2.5,0.3,5,1.0,2,0.0,0.21553929224367224,0,-0.6709918061232245,3.4838848583300255,False
2.5,0.3,5,1.0,2,3.36,0.22530281235478117,1,-0.651751645711621,3.624562553757518,False
2.5,0.3,5,1.33,1,0.0,0.26542903281130104,1,-0.5832754255576597,3.559687711460826,False
2.5,0.3,5,1.33,1,3.36,0.27745246330951184,2,-0.5640352651460561,3.6974824682647536,False
2.5,0.3,5,1.33,2,0.0,0.28666725868408327,1,-0.5503933857220615,3.6974824682647536,False
2.5,0.3,5,1.33,2,3.36,0.29965274043185813,2,-0.5311532253104579,3.8303233026893713,False
2.5,0.3,5,1.5,1,0.0,0.2993560520428216,1,-0.5328878170470839,3.7733628049370926,False
2.5,0.3,5,1.5,1,3.36,0.3129163120032097,2,-0.5136476566354805,3.9036222739505324,False
2.5,0.3,5,1.5,2,0.0,0.3233089383655084,1,-0.5001447763143573,3.9036222739505324,False
2.5,0.3,5,1.5,2,3.36,0.3379542185321717,2,-0.4809046159027539,4.029673294162037,False
2.5,0.3,5,2.0,1,0.0,0.3991414027237622,2,-0.41462634544779453,4.49436975949319,False
2.5,0.3,5,2.0,1,3.36,0.41722174933761297,2,-0.3952655984863864,4.604276222713715,False
2.5,0.3,5,2.0,2,0.0,0.4310785844873445,2,-0.3822508836275706,4.604276222713715,False
2.5,0.3,5,2.0,2,3.36,0.45060562470956234,2,-0.3630107232159671,4.711619629707695,False
2.5,0.3,10,0.75,1,0.0,0.13822547600086668,0,-0.8618369059335292,3.772139279179256,False
2.5,0.3,10,0.75,1,3.36,0.14500560598106071,0,-0.8410402075304014,3.9024395884532272,False
2.5,0.3,10,0.75,2,0.0,0.1492855467459018,0,-0.8285922366648427,3.9024395884532272,False
2.5,0.3,10,0.75,2,3.36,0.15660818682923347,0,-0.8077955382617149,4.028527614591589,False
2.5,0.3,10,1.0,1,0.0,0.18430063466782226,0,-0.738671951102793,3.5592226610594597,False
2.5,0.3,10,1.0,1,3.36,0.19334080797474765,0,-0.7178752526996651,3.6970347511213877,False
2.5,0.3,10,1.0,2,0.0,0.19904739566120241,0,-0.705561758931652,3.6970347511213877,False
2.5,0.3,10,1.0,2,3.36,0.2088109157723113,1,-0.6847650605285241,3.829891114770651,False
2.5,0.3,10,1.33,1,0.0,0.24511984410820284,0,-0.6178453783660872,3.7685526197763477,False
2.5,0.3,10,1.33,1,3.36,0.25714327460641356,1,-0.5970486799629594,3.8989727939578103,False
2.5,0.3,10,1.33,2,0.0,0.2647330362293985,1,-0.584963338530489,3.8989727939578103,False
2.5,0.3,10,1.33,2,3.36,0.2777185179771733,2,-0.5641666401273612,4.025169418549134,False
2.5,0.3,10,1.5,1,0.0,0.27645095200173336,1,-0.5674577698555114,3.9710047976023253,False
2.5,0.3,10,1.5,1,3.36,0.29001121196212143,2,-0.5466610714523836,4.09498218586854,False
2.5,0.3,10,1.5,2,0.0,0.2985710934918036,1,-0.534714729122785,4.09498218586854,False
2.5,0.3,10,1.5,2,3.36,0.31321637365846694,2,-0.5139180307196571,4.2153148284061395,False
2.5,0.3,10,2.0,1,0.0,0.3686012693356445,2,-0.45931339467683163,4.661541781422198,False
2.5,0.3,10,2.0,1,3.36,0.3866816159494953,2,-0.4282790133032896,4.767596016856381,False
2.5,0.3,10,2.0,2,0.0,0.39809479132240483,2,-0.41682083643599815,4.767596016856381,False
2.5,0.3,10,2.0,2,3.36,0.4176218315446226,2,-0.39602413803287034,4.871341886990158,False
2.5,0.3,15,0.75,1,0.0,0.1299353090800945,0,-0.8886978162788616,4.096346561228708,False
2.5,0.3,15,0.75,1,3.36,0.13671543906028857,0,-0.8666074385747514,4.2166402679965795,False
2.5,0.3,15,0.75,2,0.0,0.1403320445610043,0,-0.8554531470101749,4.2166402679965795,False
2.5,0.3,15,0.75,2,3.36,0.14765468464433598,0,-0.8333627693060648,4.333596099048718,False
2.5,0.3,15,1.0,1,0.0,0.17324707877345938,0,-0.7655328614481253,3.901164743914623,False
2.5,0.3,15,1.0,1,3.36,0.1822872520803848,0,-0.7434424837440151,4.0272926835732274,False
2.5,0.3,15,1.0,2,0.0,0.18710939274800573,0,-0.7324226692769842,4.0272926835732274,False
2.5,0.3,15,1.0,2,3.36,0.19687291285911465,1,-0.710332291572874,4.149588697589491,False
2.5,0.3,15,1.33,1,0.0,0.23041861476870032,0,-0.6483298780783949,4.093044008581686,False
2.5,0.3,15,1.33,1,3.36,0.24244204526691107,1,-0.6226159110073092,4.213432004457464,False
2.5,0.3,15,1.33,2,0.0,0.24885549235484694,0,-0.6118242488758212,4.213432004457464,False
2.5,0.3,15,1.33,2,3.36,0.2618409741026218,2,-0.5897338711717109,4.330474483955129,False
2.5,0.3,15,1.5,1,0.0,0.259870618160189,1,-0.6015118145016854,4.280175172904019,False
2.5,0.3,15,1.5,1,3.36,0.27343087812057715,2,-0.5722283024967335,4.395440764103635,False
2.5,0.3,15,1.5,2,0.0,0.2806640891220086,1,-0.5615756394681172,4.395440764103635,False
2.5,0.3,15,1.5,2,3.36,0.29530936928867196,2,-0.5394852617640069,4.5077599215956425,False
2.5,0.3,15,2.0,1,0.0,0.34649415754691876,2,-0.49549570629279843,4.92757467605597,False
2.5,0.3,15,2.0,1,3.36,0.3645745041607696,2,-0.4538462443476395,5.028020702832089,False
2.5,0.3,15,2.0,2,0.0,0.37421878549601145,2,-0.4436817467813304,5.028020702832089,False
2.5,0.3,15,2.0,2,3.36,0.3937458257182293,2,-0.42159136907722017,5.1264990186391435,False
3.6,-0.3,-15,0.75,1,0.0,0.5568674387648568,0,-0.2668845964661208,4.899599813760529,False
3.6,-0.3,-15,0.75,1,3.36,0.6349243986949006,1,-0.20991440462685154,5.000607796558556,False
3.6,-0.3,-15,0.75,2,0.0,0.654610389602775,0,-0.19873662450240823,5.000607796558556,False
3.6,-0.3,-15,0.75,2,3.36,0.7463681283284367,1,-0.14176643266313893,5.099615508545935,False
3.6,-0.3,-15,1.0,1,0.0,0.7424899183531424,1,-0.151023053953785,4.737626995076163,False
3.6,-0.3,-15,1.0,1,3.36,0.8465658649265341,2,-0.09405286211451572,4.842015029352387,False
3.6,-0.3,-15,1.0,2,0.0,0.8728138528036999,3,-0.0843372649234573,4.842015029352387,False
3.6,-0.3,-15,1.0,2,3.36,0.9951575044379156,4,-0.027367073084187996,4.944199585825232,False
3.6,-0.3,-15,1.33,1,0.0,0.9875115914096765,4,-0.04238226218534998,4.89683902548352,False
3.6,-0.3,-15,1.33,1,3.36,1.125932600352287,5,0.014587929653919245,4.99790280432687,True
3.6,-0.3,-15,1.33,2,0.0,1.1608424242289181,5,0.021914457997626764,4.99790280432687,True
3.6,-0.3,-15,1.33,2,3.36,1.3235594809024245,5,0.07888464983689603,5.096963060637029,True
3.6,-0.3,-15,1.5,1,0.0,1.1137348775297136,5,0.000706118343358042,5.054297448316225,True
3.6,-0.3,-15,1.5,1,3.36,1.2698487973898012,5,0.05767631018262734,5.15227354631486,True
3.6,-0.3,-15,1.5,2,0.0,1.30922077920555,5,0.06360286392425328,5.15227354631486,True
3.6,-0.3,-15,1.5,2,3.36,1.4927362566568734,5,0.12057305576352258,5.248420971688143,True
3.6,-0.3,-15,2.0,1,0.0,1.4849798367062848,5,0.09419558196420884,5.613111024505042,True
3.6,-0.3,-15,2.0,1,3.36,1.6931317298530681,5,0.15116577380347812,5.701492381247216,True
3.6,-0.3,-15,2.0,2,0.0,1.7456277056073999,6,0.15249685574865504,5.701492381247216,True
3.6,-0.3,-15,2.0,2,3.36,1.9903150088758312,6,0.20946704758792434,5.788524455629435,True
3.6,-0.3,-10,0.75,1,0.0,0.4469090604320355,0,-0.3601297029083657,4.631960484162073,False
3.6,-0.3,-10,0.75,1,3.36,0.4485113880511212,0,-0.3585753877547747,4.738676811815609,False
3.6,-0.3,-10,0.75,2,0.0,0.529525834458834,0,-0.29083236512288024,4.738676811815609,False
3.6,-0.3,-10,0.75,2,3.36,0.5473941153564787,0,-0.273262656835502,4.843042218155748,False
3.6,-0.3,-10,1.0,1,0.0,0.5958787472427141,1,-0.24311879457425703,4.460279042426733,False
3.6,-0.3,-10,1.0,1,3.36,0.5980151840681617,1,-0.24109758530475783,4.571005265399629,False
3.6,-0.3,-10,1.0,2,0.0,0.7060344459451121,1,-0.17643300554392927,4.571005265399629,False
3.6,-0.3,-10,1.0,2,3.36,0.7298588204753058,1,-0.15664392217698744,4.679112002967138,False
3.6,-0.3,-10,1.33,1,0.0,0.7925187338328072,2,-0.13447800280582206,4.629040076877184,False
3.6,-0.3,-10,1.33,1,3.36,0.7953601948106526,2,-0.12979607734749973,4.735822213020156,False
3.6,-0.3,-10,1.33,2,0.0,0.9390258131069966,2,-0.07018128262284534,4.735822213020156,False
3.6,-0.3,-10,1.33,2,3.36,0.9707122312321568,3,-0.04675921393810164,4.840249170583589,False
3.6,-0.3,-10,1.5,1,0.0,0.893818120864071,2,-0.09138962227711395,4.795300020634021,False
3.6,-0.3,-10,1.5,1,3.36,0.8970227761022423,3,-0.0851362352556372,4.898459174872507,False
3.6,-0.3,-10,1.5,2,0.0,1.059051668917668,5,-0.028492876696218736,4.898459174872507,True
3.6,-0.3,-10,1.5,2,3.36,1.0947882307129575,5,-0.002937757410458229,4.9994902027999455,True
3.6,-0.3,-10,2.0,1,0.0,1.1917574944854281,5,0.002099841343736808,5.381077491103133,True
3.6,-0.3,-10,2.0,1,3.36,1.1960303681363234,5,0.013581024054622179,5.473207009172665,True
3.6,-0.3,-10,2.0,2,0.0,1.4120688918902242,6,0.06040111512818305,5.473207009172665,True
3.6,-0.3,-10,2.0,2,3.36,1.4597176409506116,6,0.09298130338015545,5.563811190654908,True
3.6,-0.3,-5,0.75,1,0.0,0.31455985873719544,0,-0.5126455612290004,4.46368073252792,False
3.6,-0.3,-5,0.75,1,3.36,0.3161621863562811,0,-0.5104389361533257,4.574324614841079,False
3.6,-0.3,-5,0.75,2,0.0,0.38160044543201077,0,-0.4254828930094183,4.574324614841079,False
3.6,-0.3,-5,0.75,2,3.36,0.39302437398244716,0,-0.41829368753053175,4.682354715518784,False
3.6,-0.3,-5,1.0,1,0.0,0.41941314498292737,0,-0.3951677587789835,4.28526275640283,False
3.6,-0.3,-5,1.0,1,3.36,0.42154958180837493,1,-0.3929611337033089,4.400395083559336,False
3.6,-0.3,-5,1.0,2,0.0,0.5088005939093477,0,-0.30568449522731744,4.400395083559336,False
3.6,-0.3,-5,1.0,2,3.36,0.5240324986432631,1,-0.3024861810410642,4.512590928880345,False
3.6,-0.3,-5,1.33,1,0.0,0.5578194828272917,1,-0.2838662508217254,4.460650153109652,False
3.6,-0.3,-5,1.33,1,3.36,0.5606609438051369,2,-0.28165962574605075,4.571367387165154,False
3.6,-0.3,-5,1.33,2,0.0,0.6767047898994326,1,-0.19614060971334213,4.571367387165154,False
3.6,-0.3,-5,1.33,2,3.36,0.6969632231955383,2,-0.19393398463766742,4.679465758870041,False
3.6,-0.3,-5,1.5,1,0.0,0.6291197174743909,1,-0.2392064087298629,4.632956943788133,False
3.6,-0.3,-5,1.5,1,3.36,0.6323243727125623,2,-0.23699978365418822,4.739650835556843,False
3.6,-0.3,-5,1.5,2,0.0,0.7632008908640215,2,-0.1531043330631665,4.739650835556843,False
3.6,-0.3,-5,1.5,2,3.36,0.7860487479648943,3,-0.15089770798749183,4.843995256293577,False
3.6,-0.3,-5,2.0,1,0.0,0.8388262899658547,3,-0.1404891494196035,5.236924929799818,False
3.6,-0.3,-5,2.0,1,3.36,0.8430991636167499,3,-0.13828252434392885,5.3315459972093295,False
3.6,-0.3,-5,2.0,2,0.0,1.0176011878186955,6,-0.05978694631157784,5.3315459972093295,True
3.6,-0.3,-5,2.0,2,3.36,1.0480649972865261,6,-0.056019211244447656,5.424516819068665,True
3.6,-0.3,0,0.75,1,0.0,0.23760609459511237,0,-0.6339091184365312,4.406159506907159,False
3.6,-0.3,0,0.75,1,3.36,0.24645214975122953,0,-0.6180340837714139,4.518212212845733,False
3.6,-0.3,0,0.75,2,0.0,0.293921946554795,0,-0.5444811569795645,4.518212212845733,False
3.6,-0.3,0,0.75,2,3.36,0.29591381603376,0,-0.5415479295740122,4.62755244165945,False
3.6,-0.3,0,1.0,1,0.0,0.3168081261268169,0,-0.516018213445995,4.2253133386508175,False
3.6,-0.3,0,1.0,1,3.36,0.3286028663349732,0,-0.5001431787808776,4.34203556063058,False
3.6,-0.3,0,1.0,2,0.0,0.3918959287397267,0,-0.428673650490097,4.34203556063058,False
3.6,-0.3,0,1.0,2,3.36,0.39455175471168014,0,-0.42573664060540417,4.455701158042415,False
3.6,-0.3,0,1.33,1,0.0,0.42135480774866657,1,-0.40403332629200167,4.403089336682202,False
3.6,-0.3,0,1.33,1,3.36,0.4370418122255144,1,-0.3881582916268843,4.5152182346819645,False
3.6,-0.3,0,1.33,2,0.0,0.5212215852238353,1,-0.32012145408670023,4.5152182346819645,False
3.6,-0.3,0,1.33,2,3.36,0.5247538337665334,1,-0.31585193236651843,4.624629250740487,False
3.6,-0.3,0,1.5,1,0.0,0.47521218919022473,1,-0.35896780464122835,4.5775633213929465,False
3.6,-0.3,0,1.5,1,3.36,0.49290429950245906,2,-0.34309276997611104,4.685518750507997,False
3.6,-0.3,0,1.5,2,0.0,0.58784389310959,1,-0.27708517743652455,4.685518750507997,False
3.6,-0.3,0,1.5,2,3.36,0.59182763206752,2,-0.272030475838875,4.791042262531403,False
3.6,-0.3,0,2.0,1,0.0,0.6336162522536338,2,-0.2588890624087804,5.187984063075577,False
3.6,-0.3,0,2.0,1,3.36,0.6572057326699464,3,-0.243014027743663,5.283481677712735,False
3.6,-0.3,0,2.0,2,0.0,0.7837918574794533,3,-0.18376779068493593,5.283481677712735,False
3.6,-0.3,0,2.0,2,3.36,0.7891035094233603,3,-0.17611141504826128,5.377283574326927,False
3.6,-0.3,5,0.75,1,0.0,0.18760191660623252,0,-0.736529423571065,4.46368073252792,False
3.6,-0.3,5,0.75,1,3.36,0.21565970060935497,0,-0.6692608255721727,4.574324614841079,False
3.6,-0.3,5,0.75,2,0.0,0.23206610335595504,0,-0.6471014621140982,4.574324614841079,False
3.6,-0.3,5,0.75,2,3.36,0.2348131120344639,0,-0.6408404367580671,4.682354715518784,False
3.6,-0.3,5,1.0,1,0.0,0.25013588880831034,0,-0.6186385185805288,4.28526275640283,False
3.6,-0.3,5,1.0,1,3.36,0.28754626747913997,0,-0.5465351784342758,4.400395083559336,False
3.6,-0.3,5,1.0,2,0.0,0.3094214711412735,0,-0.5312939556246307,4.400395083559336,False
3.6,-0.3,5,1.0,2,3.36,0.3130841493792855,0,-0.5242217020995527,4.512590928880345,False
3.6,-0.3,5,1.33,1,0.0,0.33268073211505284,0,-0.5066536314265354,4.460650153109652,False
3.6,-0.3,5,1.33,1,3.36,0.382436535747255,1,-0.42645338803661276,4.571367387165154,False
3.6,-0.3,5,1.33,2,0.0,0.41153055661789284,0,-0.4227417592212339,4.571367387165154,False
3.6,-0.3,5,1.33,2,3.36,0.4164019186744498,1,-0.4143369938606668,4.679465758870041,False
3.6,-0.3,5,1.5,1,0.0,0.37520383321246503,1,-0.46158810977576215,4.632956943788133,False
3.6,-0.3,5,1.5,1,3.36,0.43131940121870993,1,-0.37651920546508616,4.739650835556843,False
3.6,-0.3,5,1.5,2,0.0,0.4641322067119101,1,-0.3797054825710583,4.739650835556843,False
3.6,-0.3,5,1.5,2,3.36,0.4696262240689278,2,-0.3651454700123734,4.843995256293577,False
3.6,-0.3,5,2.0,1,0.0,0.5002717776166207,2,-0.3486203333637699,5.236924929799818,False
3.6,-0.3,5,2.0,1,3.36,0.5750925349582799,2,-0.25972763634461615,5.3315459972093295,False
3.6,-0.3,5,2.0,2,0.0,0.618842942282547,2,-0.2863880958194696,5.3315459972093295,False
3.6,-0.3,5,2.0,2,3.36,0.626168298758571,3,-0.24855961237869986,5.424516819068665,False
3.6,-0.3,10,0.75,1,0.0,0.17574229800882296,0,-0.7581535225913264,4.631960484162073,False
3.6,-0.3,10,0.75,1,3.36,0.21565970060935497,0,-0.6692608255721727,4.738676811815609,False
3.6,-0.3,10,0.75,2,0.0,0.19046394318278237,0,-0.732900400846267,4.738676811815609,False
3.6,-0.3,10,0.75,2,3.36,0.22153066991954282,0,-0.6576746274432258,4.843042218155748,False
3.6,-0.3,10,1.0,1,0.0,0.23432306401176395,0,-0.6354278754534296,4.460279042426733,False
3.6,-0.3,10,1.0,1,3.36,0.28754626747913997,0,-0.5465351784342758,4.571005265399629,False
3.6,-0.3,10,1.0,2,0.0,0.2539519242437099,0,-0.6170928943567995,4.571005265399629,False
3.6,-0.3,10,1.0,2,3.36,0.29537422655939044,0,-0.535006046606974,4.679112002967138,False
3.6,-0.3,10,1.33,1,0.0,0.3116496751356452,0,-0.5153460850557665,4.629040076877184,False
3.6,-0.3,10,1.33,1,3.36,0.382436535747255,1,-0.42645338803661276,4.735822213020156,False
3.6,-0.3,10,1.33,2,0.0,0.3377560592441334,0,-0.503913586952726,4.735822213020156,False
3.6,-0.3,10,1.33,2,3.36,0.39284772132398815,1,-0.4150208899335724,4.840249170583589,False
3.6,-0.3,10,1.5,1,0.0,0.3514845960176459,0,-0.4654119024842399,4.795300020634021,False
3.6,-0.3,10,1.5,1,3.36,0.43131940121870993,1,-0.37651920546508616,4.898459174872507,False
3.6,-0.3,10,1.5,2,0.0,0.38092788636556474,0,-0.4540381670315271,4.898459174872507,False
3.6,-0.3,10,1.5,2,3.36,0.44306133983908563,1,-0.3651454700123734,4.9994902027999455,False
3.6,-0.3,10,2.0,1,0.0,0.4686461280235279,1,-0.3486203333637699,5.381077491103133,False
3.6,-0.3,10,2.0,1,3.36,0.5750925349582799,2,-0.25972763634461615,5.473207009172665,False
3.6,-0.3,10,2.0,2,0.0,0.5079038484874198,1,-0.3374523093978536,5.473207009172665,False
3.6,-0.3,10,2.0,2,3.36,0.5907484531187809,3,-0.24855961237869986,5.563811190654908,False
3.6,-0.3,15,0.75,1,0.0,0.17574229800882296,0,-0.7581535225913264,4.899599813760529,False
3.6,-0.3,15,0.75,1,3.36,0.21565970060935497,0,-0.6692608255721727,5.000607796558556,False
3.6,-0.3,15,0.75,2,0.0,0.18052658378496175,0,-0.7465673244623796,5.000607796558556,False
3.6,-0.3,15,0.75,2,3.36,0.22153066991954282,0,-0.6576746274432258,5.099615508545935,False
3.6,-0.3,15,1.0,1,0.0,0.23432306401176395,0,-0.6354278754534296,4.737626995076163,False
3.6,-0.3,15,1.0,1,3.36,0.28754626747913997,0,-0.5465351784342758,4.842015029352387,False
3.6,-0.3,15,1.0,2,0.0,0.24070211171328235,0,-0.6238987436261277,4.842015029352387,False
3.6,-0.3,15,1.0,2,3.36,0.29537422655939044,0,-0.535006046606974,4.944199585825232,False
3.6,-0.3,15,1.33,1,0.0,0.3116496751356452,0,-0.5153460850557665,4.89683902548352,False
3.6,-0.3,15,1.33,1,3.36,0.382436535747255,1,-0.42645338803661276,4.99790280432687,False
3.6,-0.3,15,1.33,2,0.0,0.32013380857866464,0,-0.503913586952726,4.99790280432687,False
3.6,-0.3,15,1.33,2,3.36,0.39284772132398815,1,-0.4150208899335724,5.096963060637029,False
3.6,-0.3,15,1.5,1,0.0,0.3514845960176459,0,-0.4654119024842399,5.054297448316225,False
3.6,-0.3,15,1.5,1,3.36,0.43131940121870993,1,-0.37651920546508616,5.15227354631486,False
3.6,-0.3,15,1.5,2,0.0,0.3610531675699235,0,-0.4540381670315271,5.15227354631486,False
3.6,-0.3,15,1.5,2,3.36,0.44306133983908563,1,-0.3651454700123734,5.248420971688143,False
3.6,-0.3,15,2.0,1,0.0,0.4686461280235279,1,-0.3486203333637699,5.613111024505042,False
3.6,-0.3,15,2.0,1,3.36,0.5750925349582799,2,-0.25972763634461615,5.701492381247216,False
3.6,-0.3,15,2.0,2,0.0,0.4814042234265647,1,-0.3374523093978536,5.701492381247216,False
3.6,-0.3,15,2.0,2,3.36,0.5907484531187809,2,-0.24855961237869986,5.788524455629435,False
3.6,-0.2,-15,0.75,1,0.0,0.512716460344068,0,-0.3018103405896584,4.770333147171402,False
3.6,-0.2,-15,0.75,1,3.36,0.5845847101546844,1,-0.2448401487503891,4.874020756521479,False
3.6,-0.2,-15,0.75,2,0.0,0.6200258678499208,0,-0.22157526309039083,4.874020756521479,False
3.6,-0.2,-15,0.75,2,3.36,0.7069358413073349,1,-0.1646050712511215,4.9755480436834505,False
3.6,-0.2,-15,1.0,1,0.0,0.683621947125424,1,-0.1852797612549135,4.603814673124278,False
3.6,-0.2,-15,1.0,1,3.36,0.7794462802062457,2,-0.12830956941564423,4.711168596481599,False
3.6,-0.2,-15,1.0,2,0.0,0.8267011571332276,3,-0.10666141841994163,4.711168596481599,False
3.6,-0.2,-15,1.0,2,3.36,0.942581121743113,4,-0.049691226580672355,4.816130141978557,False
3.6,-0.2,-15,1.33,1,0.0,0.9092171896768112,4,-0.0755401098714525,4.7674975030406035,False
3.6,-0.2,-15,1.33,1,3.36,1.0366635526743038,5,-0.0185699180321832,4.871245471283334,True
3.6,-0.2,-15,1.33,2,0.0,1.09951253898719,5,0.0004289621915677458,4.871245471283334,True
3.6,-0.2,-15,1.33,2,3.36,1.2536328919183375,5,0.05739915403083707,4.972829420108676,True
3.6,-0.2,-15,1.5,1,0.0,1.025432920688136,5,-0.03180428489587393,4.929089438837147,True
3.6,-0.2,-15,1.5,1,3.36,1.1691694203093688,5,0.025165906943395384,5.029505213841209,True
3.6,-0.2,-15,1.5,2,0.0,1.2400517356998415,5,0.04260761366614716,5.029505213841209,True
3.6,-0.2,-15,1.5,2,3.36,1.4138716826146698,5,0.09957780550541645,5.127955020869031,True
3.6,-0.2,-15,2.0,1,0.0,1.367243894250848,5,0.06383014712846025,5.5006377242479845,True
3.6,-0.2,-15,2.0,1,3.36,1.5588925604124915,5,0.12080033896772951,5.590797382611898,True
3.6,-0.2,-15,2.0,2,0.0,1.6534023142664551,6,0.13310423049081976,5.590797382611898,True
3.6,-0.2,-15,2.0,2,3.36,1.885162243486226,6,0.1900744223300891,5.679525981401973,True
3.6,-0.2,-10,0.75,1,0.0,0.4016128962447278,0,-0.40554509173534964,4.495003662605733,False
3.6,-0.2,-10,0.75,1,3.36,0.40305282103661233,0,-0.4039907765817587,4.604894996288075,False
3.6,-0.2,-10,0.75,2,0.0,0.5015498077543807,0,-0.3136710037108628,4.604894996288075,False
3.6,-0.2,-10,0.75,2,3.36,0.5154068043551052,0,-0.2987725749088399,4.712224307780663,False
3.6,-0.2,-10,1.0,1,0.0,0.535483861659637,1,-0.28736000753080126,4.317880166969799,False
3.6,-0.2,-10,1.0,1,3.36,0.5374037613821498,1,-0.2858056923772102,4.432165287566692,False
3.6,-0.2,-10,1.0,2,0.0,0.668733077005841,1,-0.19875715904041363,4.432165287566692,False
3.6,-0.2,-10,1.0,2,3.36,0.6872090724734744,1,-0.1817012729801647,4.543576689823903,False
3.6,-0.2,-10,1.33,1,0.0,0.712193536007315,2,-0.17488765205464976,4.4919942156390995,False
3.6,-0.2,-10,1.33,1,3.36,0.7147470026382571,2,-0.17333333690105873,4.601957413246577,False
3.6,-0.2,-10,1.33,2,0.0,0.8894149924177662,2,-0.09166677842890429,4.601957413246577,False
3.6,-0.2,-10,1.33,2,3.36,0.9139880663897211,3,-0.07191946768369276,4.709353674692009,False
3.6,-0.2,-10,1.5,1,0.0,0.8032257924894556,2,-0.12953224055925666,4.663142962412008,False
3.6,-0.2,-10,1.5,1,3.36,0.8061056420732247,2,-0.1279779254056657,4.769161591715323,False
3.6,-0.2,-10,1.5,2,0.0,1.0030996155087615,5,-0.049488126954324856,4.769161591715323,True
3.6,-0.2,-10,1.5,2,3.36,1.0308136087102104,5,-0.02829488743295684,4.872874130109728,True
3.6,-0.2,-10,2.0,1,0.0,1.070967723319274,5,-0.028477629034855984,5.263648446206945,True
3.6,-0.2,-10,2.0,1,3.36,1.0748075227642997,5,-0.02692331388126494,5.357797585319624,True
3.6,-0.2,-10,2.0,2,0.0,1.337466154011682,5,0.04100848987034779,5.357797585319624,True
3.6,-0.2,-10,2.0,2,3.36,1.3744181449469488,6,0.06697010638532556,5.450320629582886,True
3.6,-0.2,-5,0.75,1,0.0,0.2826778579688016,0,-0.5580609500559843,4.321393951254732,False
3.6,-0.2,-5,0.75,1,3.36,0.28411778276068617,0,-0.5558543249803097,4.435588538394988,False
3.6,-0.2,-5,0.75,2,0.0,0.35576501547877415,0,-0.45975948362901603,4.435588538394988,False
3.6,-0.2,-5,0.75,2,3.36,0.3648378785923934,0,-0.4497500666299738,4.546916062777164,False
3.6,-0.2,-5,1.0,1,0.0,0.37690381062506884,0,-0.43987586585143595,4.136843832127722,False
3.6,-0.2,-5,1.0,1,3.36,0.37882371034758155,1,-0.4376692407757613,4.255993055846447,False
3.6,-0.2,-5,1.0,2,0.0,0.47435335397169937,0,-0.3426881817003409,4.255993055846447,False
3.6,-0.2,-5,1.0,2,3.36,0.4864505047898579,1,-0.33333412584152783,4.371896258079916,False
3.6,-0.2,-5,1.33,1,0.0,0.50128206813134,1,-0.3274035103752845,4.318263515400278,False
3.6,-0.2,-5,1.33,1,3.36,0.5038355347622819,2,-0.32519688529960983,4.432538752051376,False
3.6,-0.2,-5,1.33,2,0.0,0.6308899607823604,1,-0.23205781551023782,4.432538752051376,False
3.6,-0.2,-5,1.33,2,3.36,0.6469791713705096,2,-0.22378301608224377,4.543940997464334,False
3.6,-0.2,-5,1.5,1,0.0,0.5653557159376033,1,-0.28204809887989135,4.496030476208394,False
3.6,-0.2,-5,1.5,1,3.36,0.5682355655213723,2,-0.2798414738042167,4.605897311381864,False
3.6,-0.2,-5,1.5,2,0.0,0.7115300309575483,1,-0.18779557124733587,4.605897311381864,False
3.6,-0.2,-5,1.5,2,3.36,0.7296757571847868,3,-0.17883068171559072,4.713203798160512,False
3.6,-0.2,-5,2.0,1,0.0,0.7538076212501377,2,-0.18099348735549065,5.116188299931779,False
3.6,-0.2,-5,2.0,1,3.36,0.7576474206951631,3,-0.17878686227981602,5.213001315975167,False
3.6,-0.2,-5,2.0,2,0.0,0.9487067079433987,3,-0.09040793793014255,5.213001315975167,False
3.6,-0.2,-5,2.0,2,3.36,0.9729010095797158,3,-0.07842154383456953,5.308048861903856,False
3.6,-0.2,0,0.75,1,0.0,0.21247652127443578,0,-0.6820417944293424,4.261952791891099,False
3.6,-0.2,0,0.75,1,3.36,0.2161453912616345,0,-0.6694820330935132,4.377698207997936,False
3.6,-0.2,0,0.75,2,0.0,0.2728427714704213,0,-0.5759375360790066,4.377698207997936,False
3.6,-0.2,0,0.75,2,3.36,0.2773686861508432,0,-0.5678652933372568,4.490461179022522,False
3.6,-0.2,0,1.0,1,0.0,0.28330202836591434,0,-0.5638567102247941,4.0747113774819095,False
3.6,-0.2,0,1.0,1,3.36,0.2881938550155127,0,-0.5476239088260889,4.195625437259685,False
3.6,-0.2,0,1.0,2,0.0,0.36379036196056175,0,-0.4595215952905606,4.195625437259685,False
3.6,-0.2,0,1.0,2,3.36,0.3698249148677914,0,-0.45079399140858145,4.313151146178455,False
3.6,-0.2,0,1.33,1,0.0,0.376791697726665,0,-0.4512304735749627,4.258778663749093,False
3.6,-0.2,0,1.33,1,3.36,0.38329782717063193,1,-0.42900836906725676,4.374608063221722,False
3.6,-0.2,0,1.33,2,0.0,0.48384118140754606,1,-0.3499704855312765,4.374608063221722,False
3.6,-0.2,0,1.33,2,3.36,0.4918671367741626,1,-0.34016362521847854,4.487448685701544,False
3.6,-0.2,0,1.5,1,0.0,0.42495304254887156,1,-0.40218623248008917,4.438928469953309,False
3.6,-0.2,0,1.5,1,3.36,0.432290782523269,2,-0.3799641279723832,4.550174278130677,False
3.6,-0.2,0,1.5,2,0.0,0.5456855429408426,1,-0.3063459052805407,4.550174278130677,False
3.6,-0.2,0,1.5,2,3.36,0.5547373723016864,2,-0.2959013809555765,4.65876442432562,False
3.6,-0.2,0,2.0,1,0.0,0.5666040567318287,2,-0.29323878327983693,5.066081191485799,False
3.6,-0.2,0,2.0,1,3.36,0.5763877100310254,2,-0.266277812816278,5.163833715247439,False
3.6,-0.2,0,2.0,2,0.0,0.7275807239211235,2,-0.21108091146225827,5.163833715247439,False
3.6,-0.2,0,2.0,2,3.36,0.7396498297355828,3,-0.19851374763838311,5.259769827542472,False
3.6,-0.2,5,0.75,1,0.0,0.1730966915855862,0,-0.764697510739101,4.321393951254732,False
3.6,-0.2,5,0.75,1,3.36,0.20448804667046402,0,-0.6935600864192732,4.435588538394988,False
3.6,-0.2,5,0.75,2,0.0,0.2154230384840484,0,-0.6785578412135402,4.435588538394988,False
3.6,-0.2,5,0.75,2,3.36,0.22109166375591352,0,-0.6613902135003206,4.546916062777164,False
3.6,-0.2,5,1.0,1,0.0,0.2307955887807816,0,-0.6419402671413498,4.136843832127722,False
3.6,-0.2,5,1.0,1,3.36,0.27265072889395203,0,-0.571701962151849,4.255993055846447,False
3.6,-0.2,5,1.0,2,0.0,0.28723071797873123,0,-0.5621419004250943,4.255993055846447,False
3.6,-0.2,5,1.0,2,3.36,0.294788885007885,0,-0.5387031738367496,4.371896258079916,False
3.6,-0.2,5,1.33,1,0.0,0.3069581330784386,0,-0.5218049614164425,4.318263515400278,False
3.6,-0.2,5,1.33,1,3.36,0.3626254694289563,1,-0.4530864223930168,4.432538752051376,False
3.6,-0.2,5,1.33,2,0.0,0.3820168549117117,0,-0.4525907906658102,4.432538752051376,False
3.6,-0.2,5,1.33,2,3.36,0.3920692170604872,1,-0.4186867625876147,4.543940997464334,False
3.6,-0.2,5,1.5,1,0.0,0.3461933831711724,1,-0.47183822961713145,4.496030476208394,False
3.6,-0.2,5,1.5,1,3.36,0.40897609334092805,1,-0.40404218129814323,4.605897311381864,False
3.6,-0.2,5,1.5,2,0.0,0.4308460769680968,1,-0.4089662104150744,4.605897311381864,False
3.6,-0.2,5,1.5,2,3.36,0.44218332751182704,2,-0.3687923385733861,4.713203798160512,False
3.6,-0.2,5,2.0,1,0.0,0.4615911775615632,2,-0.354932674143533,5.116188299931779,False
3.6,-0.2,5,2.0,1,3.36,0.5453014577879041,2,-0.29035586614203807,5.213001315975167,False
3.6,-0.2,5,2.0,2,0.0,0.5744614359574625,2,-0.31370121659679195,5.213001315975167,False
3.6,-0.2,5,2.0,2,3.36,0.58957777001577,3,-0.252139963307293,5.308048861903856,False
3.6,-0.2,10,0.75,1,0.0,0.1730966915855862,0,-0.764697510739101,4.495003662605733,False
3.6,-0.2,10,0.75,1,3.36,0.1965338981329457,0,-0.7107905446517937,4.604894996288075,False
3.6,-0.2,10,0.75,2,0.0,0.17897819760516084,0,-0.7502829105194743,4.604894996288075,False
3.6,-0.2,10,0.75,2,3.36,0.21963058949640665,0,-0.6613902135003206,4.712224307780663,False
3.6,-0.2,10,1.0,1,0.0,0.2307955887807816,0,-0.6419402671413498,4.317880166969799,False
3.6,-0.2,10,1.0,1,3.36,0.26204519751059424,0,-0.5889324203843695,4.432165287566692,False
3.6,-0.2,10,1.0,2,0.0,0.23863759680688115,0,-0.6275958708559033,4.432165287566692,False
3.6,-0.2,10,1.0,2,3.36,0.2928407859952089,0,-0.5387031738367496,4.543576689823903,False
3.6,-0.2,10,1.33,1,0.0,0.3069581330784386,0,-0.5218049614164425,4.4919942156390995,False
3.6,-0.2,10,1.33,1,3.36,0.3485201126890904,1,-0.4703168806255374,4.601957413246577,False
3.6,-0.2,10,1.33,2,0.0,0.31738800375315107,0,-0.5075794596067684,4.601957413246577,False
3.6,-0.2,10,1.33,2,3.36,0.38947824537362674,1,-0.4186867625876147,4.709353674692009,False
3.6,-0.2,10,1.5,1,0.0,0.3461933831711724,0,-0.47183822961713145,4.663142962412008,False
3.6,-0.2,10,1.5,1,3.36,0.3930677962658914,1,-0.4212726395306638,4.769161591715323,False
3.6,-0.2,10,1.5,2,0.0,0.3579563952103217,0,-0.45768503559253987,4.769161591715323,False
3.6,-0.2,10,1.5,2,3.36,0.4392611789928133,1,-0.3687923385733861,4.872874130109728,False
3.6,-0.2,10,2.0,1,0.0,0.4615911775615632,1,-0.354932674143533,5.263648446206945,False
3.6,-0.2,10,2.0,1,3.36,0.5240903950211885,2,-0.30758632437455863,5.357797585319624,False
3.6,-0.2,10,2.0,2,0.0,0.4772751936137623,1,-0.34103266032644675,5.357797585319624,False
3.6,-0.2,10,2.0,2,3.36,0.5856815719904178,2,-0.252139963307293,5.450320629582886,False
3.6,-0.2,15,0.75,1,0.0,0.1730966915855862,0,-0.764697510739101,4.770333147171402,False
3.6,-0.2,15,0.75,1,3.36,0.1917482931483122,0,-0.721496506105244,4.874020756521479,False
3.6,-0.2,15,0.75,2,0.0,0.17897819760516084,0,-0.7502829105194743,4.874020756521479,False
3.6,-0.2,15,0.75,2,3.36,0.21963058949640665,0,-0.6613902135003206,4.9755480436834505,False
3.6,-0.2,15,1.0,1,0.0,0.2307955887807816,0,-0.6419402671413498,4.603814673124278,False
3.6,-0.2,15,1.0,1,3.36,0.2556643908644162,0,-0.5996383818378199,4.711168596481599,False
3.6,-0.2,15,1.0,2,0.0,0.23863759680688115,0,-0.6275958708559033,4.711168596481599,False
3.6,-0.2,15,1.0,2,3.36,0.2928407859952089,0,-0.5387031738367496,4.816130141978557,False
3.6,-0.2,15,1.33,1,0.0,0.3069581330784386,0,-0.5218049614164425,4.7674975030406035,False
3.6,-0.2,15,1.33,1,3.36,0.34003363984967366,1,-0.48102284207898766,4.871245471283334,False
3.6,-0.2,15,1.33,2,0.0,0.31738800375315107,0,-0.5075794596067684,4.871245471283334,False
3.6,-0.2,15,1.33,2,3.36,0.38947824537362674,1,-0.4186867625876147,4.972829420108676,False
3.6,-0.2,15,1.5,1,0.0,0.3461933831711724,0,-0.47183822961713145,4.929089438837147,False
3.6,-0.2,15,1.5,1,3.36,0.3834965862966244,1,-0.431978600984114,5.029505213841209,False
3.6,-0.2,15,1.5,2,0.0,0.3579563952103217,0,-0.45768503559253987,5.029505213841209,False
3.6,-0.2,15,1.5,2,3.36,0.4392611789928133,1,-0.3687923385733861,5.127955020869031,False
3.6,-0.2,15,2.0,1,0.0,0.4615911775615632,1,-0.354932674143533,5.5006377242479845,False
3.6,-0.2,15,2.0,1,3.36,0.5113287817288324,2,-0.31829228582800895,5.590797382611898,False
3.6,-0.2,15,2.0,2,0.0,0.4772751936137623,1,-0.34103266032644675,5.590797382611898,False
3.6,-0.2,15,2.0,2,3.36,0.5856815719904178,2,-0.252139963307293,5.679525981401973,False
3.6,-0.1,-15,0.75,1,0.0,0.46618498824161086,0,-0.3421235412208544,4.691063667762592,False
3.6,-0.1,-15,0.75,1,3.36,0.5315308504954263,1,-0.2851533493815852,4.796465191680454,False
3.6,-0.1,-15,0.75,2,0.0,0.5813586421486138,0,-0.2487164308131098,4.796465191680454,False
3.6,-0.1,-15,0.75,2,3.36,0.6628485714858914,1,-0.19174623897384058,4.899599813760529,False
3.6,-0.1,-15,1.0,1,0.0,0.6215799843221477,1,-0.22488168256764568,4.521626869222448,False
3.6,-0.1,-15,1.0,1,3.36,0.7087078006605683,2,-0.1679114907283764,4.630886475014735,False
3.6,-0.1,-15,1.0,2,0.0,0.7751448561981515,1,-0.1332236591314577,4.630886475014735,False
3.6,-0.1,-15,1.0,2,3.36,0.8837980953145218,2,-0.07625346729218843,4.737626995076163,False
3.6,-0.1,-15,1.33,1,0.0,0.826701379148454,3,-0.11396988251610822,4.688180077759214,False
3.6,-0.1,-15,1.33,1,3.36,0.942581374878553,3,-0.056999690676838966,4.793645005786138,False
3.6,-0.1,-15,1.33,2,0.0,1.0309426587435393,5,-0.025187024755668412,4.793645005786138,True
3.6,-0.1,-15,1.33,2,3.36,1.1754514667683114,5,0.03178316708360083,4.89683902548352,True
3.6,-0.1,-15,1.5,1,0.0,0.9323699764832217,4,-0.06954101007098462,4.852414110116315,False
3.6,-0.1,-15,1.5,1,3.36,1.0630617009908525,5,-0.012570818231715398,4.95438418938781,True
3.6,-0.1,-15,1.5,2,0.0,1.1627172842972275,5,0.0175463302834431,4.95438418938781,True
3.6,-0.1,-15,1.5,2,3.36,1.3256971429717828,5,0.07451652212271231,5.054297448316225,True
3.6,-0.1,-15,2.0,1,0.0,1.2431599686442953,5,0.028403281524355742,5.432036024679885,True
3.6,-0.1,-15,2.0,1,3.36,1.4174156013211365,5,0.08537347336362501,5.523315614141568,True
3.6,-0.1,-15,2.0,2,0.0,1.550289712396303,5,0.10986489557369226,5.523315614141568,True
3.6,-0.1,-15,2.0,2,3.36,1.7675961906290436,5,0.16683508741296155,5.613111024505042,True
3.6,-0.1,-10,0.75,1,0.0,0.3561668819186575,0,-0.4566928293208352,4.410788810047354,False
3.6,-0.1,-10,0.75,1,3.36,0.35744386661740174,0,-0.45513851416724427,4.522726824255358,False
3.6,-0.1,-10,0.75,2,0.0,0.4702712101627395,0,-0.34081217143358183,4.522726824255358,False
3.6,-0.1,-10,0.75,2,3.36,0.47470404970430446,0,-0.3344969622933706,4.631960484162073,False
3.6,-0.1,-10,1.0,1,0.0,0.4748891758915432,0,-0.33779101662613714,4.230140557512378,False
3.6,-0.1,-10,1.0,1,3.36,0.4765918221565356,1,-0.3362367014725462,4.346733156786961,False
3.6,-0.1,-10,1.0,2,0.0,0.627028280216986,1,-0.2253193997519297,4.346733156786961,False
3.6,-0.1,-10,1.0,2,3.36,0.6329387329390727,1,-0.21742366189249573,4.460279042426733,False
3.6,-0.1,-10,1.33,1,0.0,0.6316026039357506,1,-0.22412816773044275,4.4077218643348095,False
3.6,-0.1,-10,1.33,1,3.36,0.6338671234681906,2,-0.2225738525768517,4.519735836676202,False
3.6,-0.1,-10,1.33,2,0.0,0.8339476126885894,2,-0.11728276537614046,4.519735836676202,False
3.6,-0.1,-10,1.33,2,3.36,0.8418085148089649,2,-0.10678999937884108,4.629040076877184,False
3.6,-0.1,-10,1.5,1,0.0,0.712333763837315,2,-0.17806301485726475,4.582019455206693,False
3.6,-0.1,-10,1.5,1,3.36,0.7148877332348035,2,-0.1765086997036738,4.689872310403839,False
3.6,-0.1,-10,1.5,2,0.0,0.940542420325479,2,-0.07454941033702897,4.689872310403839,False
3.6,-0.1,-10,1.5,2,3.36,0.9494080994086089,3,-0.06252580429392932,4.795300020634021,False
3.6,-0.1,-10,2.0,1,0.0,0.9497783517830864,3,-0.07460870812641339,5.191916309538972,False
3.6,-0.1,-10,2.0,1,3.36,0.9531836443130712,4,-0.07305439297282242,5.287342902182228,False
3.6,-0.1,-10,2.0,2,0.0,1.254056560433972,5,0.017769154953220262,5.287342902182228,True
3.6,-0.1,-10,2.0,2,3.36,1.2658774658781453,5,0.0348683414064867,5.381077491103133,True
3.6,-0.1,-5,0.75,1,0.0,0.25069038420230977,0,-0.60920868764147,4.2337271619627295,False
3.6,-0.1,-5,0.75,1,3.36,0.2519673689010541,0,-0.6070020625657953,4.3502236358537925,False
3.6,-0.1,-5,0.75,2,0.0,0.3313862299434773,0,-0.4898785907751644,4.3502236358537925,False
3.6,-0.1,-5,0.75,2,3.36,0.3346257736706279,0,-0.48636051069192165,4.46368073252792,False
3.6,-0.1,-5,1.0,1,0.0,0.3342538456030797,0,-0.4903068749467719,4.045179463437089,False
3.6,-0.1,-5,1.0,1,3.36,0.335956491868072,1,-0.48810024987109724,4.166950550632102,False
3.6,-0.1,-5,1.0,2,0.0,0.4418483065913034,0,-0.3723044807798849,4.166950550632102,False
3.6,-0.1,-5,1.0,2,3.36,0.44616769822750385,1,-0.3692872102910468,4.28526275640283,False
3.6,-0.1,-5,1.33,1,0.0,0.4445576146520947,1,-0.37664402605107744,4.230531856449868,False
3.6,-0.1,-5,1.33,1,3.36,0.4468221341845346,2,-0.37443740097540273,4.347113960829319,False
3.6,-0.1,-5,1.33,2,0.0,0.5876582477664338,1,-0.26086017285306684,4.347113960829319,False
3.6,-0.1,-5,1.33,2,3.36,0.5934030386425789,2,-0.25865354777739213,4.460650153109652,False
3.6,-0.1,-5,1.5,1,0.0,0.5013807684046195,1,-0.3305788731778995,4.411835223916991,False
3.6,-0.1,-5,1.5,1,3.36,0.5039347378021082,2,-0.32837224810222476,4.523747345176859,False
3.6,-0.1,-5,1.5,2,0.0,0.6627724598869545,1,-0.21659597776815506,4.523747345176859,False
3.6,-0.1,-5,1.5,2,3.36,0.6692515473412558,2,-0.21438935269248038,4.632956943788133,False
3.6,-0.1,-5,2.0,1,0.0,0.6685076912061594,2,-0.2271245664470481,5.042358844862077,False
3.6,-0.1,-5,2.0,1,3.36,0.671912983736144,3,-0.2249179413713735,5.140562490657888,False
3.6,-0.1,-5,2.0,2,0.0,0.8836966131826068,3,-0.119201832067739,5.140562490657888,False
3.6,-0.1,-5,2.0,2,3.36,0.8923353964550077,3,-0.11699520699206441,5.236924929799818,False
3.6,-0.1,0,0.75,1,0.0,0.18843294319195442,0,-0.7331895320148281,4.173037454937151,False
3.6,-0.1,0,0.75,1,3.36,0.20320058608389222,0,-0.7002090669989743,4.291181841906532,False
3.6,-0.1,0,0.75,2,0.0,0.2502487511603232,0,-0.6125479801409542,4.291181841906532,False
3.6,-0.1,0,0.75,2,3.36,0.2583620064052854,0,-0.5979844004834051,4.406159506907159,False
3.6,-0.1,0,1.0,1,0.0,0.2512439242559392,0,-0.6142877193201299,3.9816168587372296,False
3.6,-0.1,0,1.0,1,3.36,0.2709341147785234,0,-0.5811557488076762,4.105273780124843,False
3.6,-0.1,0,1.0,2,0.0,0.33366500154709755,0,-0.4954746797400795,4.105273780124843,False
3.6,-0.1,0,1.0,2,3.36,0.34448267520704756,0,-0.4804102904881255,4.2253133386508175,False
3.6,-0.1,0,1.33,1,0.0,0.33415441926039824,0,-0.5006248704244355,4.1697956432905094,False
3.6,-0.1,0,1.33,1,3.36,0.3603423726554361,1,-0.4672407334022409,4.288029350040006,False
3.6,-0.1,0,1.33,2,0.0,0.4437744520576389,1,-0.3848246197721361,4.288029350040006,False
3.6,-0.1,0,1.33,2,3.36,0.4581619580253733,1,-0.36894958510701875,4.403089336682203,False
3.6,-0.1,0,1.5,1,0.0,0.37686588638390883,1,-0.45455971755125757,4.3536290564725455,False
3.6,-0.1,0,1.5,1,3.36,0.40640117216778443,2,-0.42102492439371636,4.466999659879328,False
3.6,-0.1,0,1.5,2,0.0,0.5004975023206464,1,-0.340070346944962,4.466999659879328,False
3.6,-0.1,0,1.5,2,3.36,0.5167240128105708,2,-0.32419531227984466,4.5775633213929465,False
3.6,-0.1,0,2.0,1,0.0,0.5024878485118784,2,-0.35110541082040614,4.991510656978123,False
3.6,-0.1,0,2.0,1,3.36,0.5418682295570468,2,-0.3170593318703844,5.090695300126121,False
3.6,-0.1,0,2.0,2,0.0,0.6673300030941951,2,-0.24103660821664535,5.090695300126121,False
3.6,-0.1,0,2.0,2,3.36,0.6889653504140951,3,-0.225161573551528,5.187984063075577,False
3.6,-0.1,5,0.75,1,0.0,0.16235409789702968,0,-0.7931098083164355,4.2337271619627295,False
3.6,-0.1,5,0.75,1,3.36,0.17139064167679305,0,-0.7695859584654069,4.3502236358537925,False
3.6,-0.1,5,0.75,2,0.0,0.197583927407216,0,-0.715168285275488,4.3502236358537925,False
3.6,-0.1,5,0.75,2,3.36,0.21728438084760743,0,-0.6660230942338095,4.46368073252792,False
3.6,-0.1,5,1.0,1,0.0,0.21647213052937292,0,-0.670777924856994,4.045179463437089,False
3.6,-0.1,5,1.0,1,3.36,0.22852085556905744,0,-0.6472540750059653,4.166950550632102,False
3.6,-0.1,5,1.0,2,0.0,0.2634452365429547,0,-0.5980949848746132,4.166950550632102,False
3.6,-0.1,5,1.0,2,3.36,0.28971250779680996,0,-0.5433132483922376,4.28526275640283,False
3.6,-0.1,5,1.33,1,0.0,0.28790793360406597,0,-0.5513623914256122,4.230531856449868,False
3.6,-0.1,5,1.33,1,3.36,0.3039327379068464,1,-0.5278385415745835,4.347113960829319,False
3.6,-0.1,5,1.33,2,0.0,0.35038216460212906,0,-0.4874449249066699,4.347113960829319,False
3.6,-0.1,5,1.33,2,3.36,0.3853176353697561,1,-0.4232582178599958,4.460650153109652,False
3.6,-0.1,5,1.5,1,0.0,0.32470819579405935,0,-0.501833039850886,4.411835223916991,False
3.6,-0.1,5,1.5,1,3.36,0.3427812833535861,1,-0.47830918999985755,4.523747345176859,False
3.6,-0.1,5,1.5,2,0.0,0.395167854814432,1,-0.44269065207949576,4.523747345176859,False
3.6,-0.1,5,1.5,2,3.36,0.43456876169521486,1,-0.37334030944126034,4.632956943788133,False
3.6,-0.1,5,2.0,1,0.0,0.43294426105874584,1,-0.3864567479313054,5.042358844862077,False
3.6,-0.1,5,2.0,1,3.36,0.45704171113811487,2,-0.36293289808027684,5.140562490657888,False
3.6,-0.1,5,2.0,2,0.0,0.5268904730859094,2,-0.34365691335117915,5.140562490657888,False
3.6,-0.1,5,2.0,2,3.36,0.5794250155936199,3,-0.25660572101107776,5.236924929799818,False
3.6,-0.1,10,0.75,1,0.0,0.1556873677676411,0,-0.8113196872077552,4.410788810047354,False
3.6,-0.1,10,0.75,1,3.36,0.1647239115474045,0,-0.7868164166979275,4.522726824255358,False
3.6,-0.1,10,0.75,2,0.0,0.17706625903535342,0,-0.7549157912529632,4.522726824255358,False
3.6,-0.1,10,0.75,2,3.36,0.21728438084760743,0,-0.6660230942338095,4.631960484162073,False
3.6,-0.1,10,1.0,1,0.0,0.2075831570235215,0,-0.6889878037483136,4.230140557512378,False
3.6,-0.1,10,1.0,1,3.36,0.21963188206320605,0,-0.6644845332384859,4.346733156786961,False
3.6,-0.1,10,1.0,2,0.0,0.23608834538047122,0,-0.6322059454113914,4.346733156786961,False
3.6,-0.1,10,1.0,2,3.36,0.28971250779680996,0,-0.5433132483922376,4.460279042426733,False
3.6,-0.1,10,1.33,1,0.0,0.2760855988412836,0,-0.5695722703169318,4.4077218643348095,False
3.6,-0.1,10,1.33,1,3.36,0.292110403144064,1,-0.5450689998071042,4.519735836676202,False
3.6,-0.1,10,1.33,2,0.0,0.3139974993560259,0,-0.5121509148791494,4.519735836676202,False
3.6,-0.1,10,1.33,2,3.36,0.3853176353697561,1,-0.4232582178599958,4.629040076877184,False
3.6,-0.1,10,1.5,1,0.0,0.3113747355352822,0,-0.5200429187422058,4.582019455206693,False
3.6,-0.1,10,1.5,1,3.36,0.329447823094809,1,-0.49553964823237806,4.689872310403839,False
3.6,-0.1,10,1.5,2,0.0,0.35413251807070684,0,-0.46223300646041404,4.689872310403839,False
3.6,-0.1,10,1.5,2,3.36,0.43456876169521486,1,-0.37334030944126034,4.795300020634021,False
3.6,-0.1,10,2.0,1,0.0,0.415166314047043,1,-0.40466662682262505,5.191916309538972,False
3.6,-0.1,10,2.0,1,3.36,0.4392637641264121,2,-0.38016335631279735,5.287342902182228,False
3.6,-0.1,10,2.0,2,0.0,0.47217669076094243,1,-0.34549841803023157,5.287342902182228,False
3.6,-0.1,10,2.0,2,3.36,0.5794250155936199,2,-0.25660572101107776,5.381077491103133,False
3.6,-0.1,15,0.75,1,0.0,0.15167633669524905,0,-0.8226552322332766,4.691063667762592,False
3.6,-0.1,15,0.75,1,3.36,0.16071288047501245,0,-0.7975223781513777,4.796465191680454,False
3.6,-0.1,15,0.75,2,0.0,0.17706625903535342,0,-0.7549157912529632,4.796465191680454,False
3.6,-0.1,15,0.75,2,3.36,0.21728438084760743,0,-0.6660230942338095,4.899599813760529,False
3.6,-0.1,15,1.0,1,0.0,0.20223511559366542,0,-0.7003233487738352,4.521626869222448,False
3.6,-0.1,15,1.0,1,3.36,0.2142838406333499,0,-0.6751904946919363,4.630886475014735,False
3.6,-0.1,15,1.0,2,0.0,0.23608834538047122,0,-0.6322059454113914,4.630886475014735,False
3.6,-0.1,15,1.0,2,3.36,0.28971250779680996,0,-0.5433132483922376,4.737626995076163,False
3.6,-0.1,15,1.33,1,0.0,0.268972703739575,0,-0.5809078153424534,4.688180077759214,False
3.6,-0.1,15,1.33,1,3.36,0.2849975080423554,1,-0.5557749612605544,4.793645005786138,False
3.6,-0.1,15,1.33,2,0.0,0.3139974993560259,0,-0.5121509148791494,4.793645005786138,False
3.6,-0.1,15,1.33,2,3.36,0.3853176353697561,1,-0.4232582178599958,4.89683902548352,False
3.6,-0.1,15,1.5,1,0.0,0.3033526733904981,0,-0.5313784637677272,4.852414110116315,False
3.6,-0.1,15,1.5,1,3.36,0.3214257609500249,1,-0.5062456096858282,4.95438418938781,False
3.6,-0.1,15,1.5,2,0.0,0.35413251807070684,0,-0.46223300646041404,4.95438418938781,False
3.6,-0.1,15,1.5,2,3.36,0.43456876169521486,1,-0.37334030944126034,5.054297448316225,False
3.6,-0.1,15,2.0,1,0.0,0.40447023118733083,1,-0.4160021718481466,5.432036024679885,False
3.6,-0.1,15,2.0,1,3.36,0.4285676812666998,2,-0.3908693177662477,5.523315614141568,False
3.6,-0.1,15,2.0,2,0.0,0.47217669076094243,1,-0.34549841803023157,5.523315614141568,False
3.6,-0.1,15,2.0,2,3.36,0.5794250155936199,2,-0.25660572101107776,5.613111024505042,False
3.6,0.0,-15,0.75,1,0.0,0.41838323697391816,0,-0.38806763828029206,4.664341146936212,False
3.6,0.0,-15,0.75,1,3.36,0.4770286546990246,1,-0.33109744644102274,4.770333147171402,False
3.6,0.0,-15,0.75,2,0.0,0.5390379694638864,0,-0.28063452306297537,4.770333147171402,False
3.6,0.0,-15,0.75,2,3.36,0.6145957454339438,1,-0.2236643312237062,4.874020756521479,False
3.6,0.0,-15,1.0,1,0.0,0.5578443159652242,1,-0.27008809551333524,4.493896921879094,False
3.6,0.0,-15,1.0,1,3.36,0.6360382062653661,2,-0.21311790367406594,4.603814673124278,False
3.6,0.0,-15,1.0,2,0.0,0.718717292618515,1,-0.16450347080714234,4.603814673124278,False
3.6,0.0,-15,1.0,2,3.36,0.819460993911925,2,-0.10753327896787307,4.711168596481599,False
3.6,0.0,-15,1.33,1,0.0,0.741932940233746,2,-0.15795640317414386,4.661441026281293,False
3.6,0.0,-15,1.33,1,3.36,0.8459308143329344,2,-0.10098621133487458,4.7674975030406035,False
3.6,0.0,-15,1.33,2,0.0,0.955893999182623,4,-0.05542045257720639,4.7674975030406035,False
3.6,0.0,-15,1.33,2,3.36,1.089883121902858,5,0.0015497392620629144,4.871245471283334,True
3.6,0.0,-15,1.5,1,0.0,0.8367664739478363,3,-0.11280362336690145,4.82658499314535,False
3.6,0.0,-15,1.5,1,3.36,0.9540573093980492,3,-0.055833431527632135,4.929089438837147,False
3.6,0.0,-15,1.5,2,0.0,1.0780759389277728,5,-0.012071778949781245,4.929089438837147,True
3.6,0.0,-15,1.5,2,3.36,1.2291914908678876,5,0.044898412889488,5.029505213841209,True
3.6,0.0,-15,2.0,1,0.0,1.1156886319304484,5,-0.012431401363121819,5.408975445814119,True
3.6,0.0,-15,2.0,1,3.36,1.2720764125307322,5,0.04453879047614746,5.5006377242479845,True
3.6,0.0,-15,2.0,2,0.0,1.43743458523703,5,0.08227853101429689,5.5006377242479845,True
3.6,0.0,-15,2.0,2,3.36,1.63892198782385,5,0.13924872285356615,5.590797382611898,True
3.6,0.0,-10,0.75,1,0.0,0.3117547849889694,0,-0.5135423163467094,4.3823575763325096,False
3.6,0.0,-10,0.75,1,3.36,0.3128725365554448,0,-0.5119880011931185,4.495003662605733,False
3.6,0.0,-10,0.75,2,0.0,0.4283519434850172,0,-0.3781408238108387,4.495003662605733,False
3.6,0.0,-10,0.75,2,3.36,0.42988773725270574,0,-0.3765865086572478,4.604894996288075,False
3.6,0.0,-10,1.0,1,0.0,0.41567304665195925,0,-0.3939326394734971,4.200486773733627,False
3.6,0.0,-10,1.0,1,3.36,0.41716338207392645,1,-0.3923783243199061,4.317880166969799,False
3.6,0.0,-10,1.0,2,0.0,0.5711359246466896,1,-0.2603740821991496,4.317880166969799,False
3.6,0.0,-10,1.0,2,3.36,0.5731836496702744,1,-0.2588197670455586,4.432165287566692,False
3.6,0.0,-10,1.33,1,0.0,0.5528451520471042,1,-0.27909008356473725,4.379270719347586,False
3.6,0.0,-10,1.33,1,3.36,0.5548272981583205,2,-0.27753576841114624,4.4919942156390995,False
3.6,0.0,-10,1.33,2,0.0,0.7596107797800957,2,-0.14859473504110274,4.4919942156390995,False
3.6,0.0,-10,1.33,2,3.36,0.7623342540614635,2,-0.14704041988751176,4.601957413246577,False
3.6,0.0,-10,1.5,1,0.0,0.6235095699779388,2,-0.23231916033084032,4.554657208604468,False
3.6,0.0,-10,1.5,1,3.36,0.6257450731108896,2,-0.23076484517724935,4.663142962412008,False
3.6,0.0,-10,1.5,2,0.0,0.8567038869700344,2,-0.1041675195702533,4.663142962412008,False
3.6,0.0,-10,1.5,2,3.36,0.8597754745054115,3,-0.10209700249563386,4.769161591715323,False
3.6,0.0,-10,2.0,1,0.0,0.8313460933039185,2,-0.12646393376779386,5.167784338114042,False
3.6,0.0,-10,2.0,1,3.36,0.8343267641478529,3,-0.12490961861420286,5.263648446206945,False
3.6,0.0,-10,2.0,2,0.0,1.1422718492933792,5,-0.009817209606175159,5.263648446206945,True
3.6,0.0,-10,2.0,2,3.36,1.1463672993405487,5,-0.002428561550640723,5.357797585319624,True
3.6,0.0,-5,0.75,1,0.0,0.21943063994266113,0,-0.6660581746673442,4.204098676522828,False
3.6,0.0,-5,0.75,1,3.36,0.2205483915091365,0,-0.6638515495916695,4.321393951254732,False
3.6,0.0,-5,0.75,2,0.0,0.30149831086931234,0,-0.5306566821314734,4.321393951254732,False
3.6,0.0,-5,0.75,2,3.36,0.3030341046370009,0,-0.5284500570557987,4.435588538394988,False
3.6,0.0,-5,1.0,1,0.0,0.2925741865902149,0,-0.5464484977941318,4.014159549820258,False
3.6,0.0,-5,1.0,1,3.36,0.29406452201218203,1,-0.5442418727184571,4.136843832127722,False
3.6,0.0,-5,1.0,2,0.0,0.4019977478257498,0,-0.4128899405197843,4.136843832127722,False
3.6,0.0,-5,1.0,2,3.36,0.40404547284933456,1,-0.41068331544410963,4.255993055846447,False
3.6,0.0,-5,1.33,1,0.0,0.3891236681649846,1,-0.43160594188537194,4.200880834829425,False
3.6,0.0,-5,1.33,1,3.36,0.39110581427620095,2,-0.4293993168096973,4.318263515400278,False
3.6,0.0,-5,1.33,2,0.0,0.5346570046082463,1,-0.3011105933617374,4.318263515400278,False
3.6,0.0,-5,1.33,2,3.36,0.5373804788896139,2,-0.2989039682860628,4.432538752051376,False
3.6,0.0,-5,1.5,1,0.0,0.43886127988532225,1,-0.384835018651475,4.383410777350747,False
3.6,0.0,-5,1.5,1,3.36,0.441096783018273,2,-0.38262839357580036,4.496030476208394,False
3.6,0.0,-5,1.5,2,0.0,0.6029966217386247,1,-0.25616717596985955,4.496030476208394,False
3.6,0.0,-5,1.5,2,3.36,0.6060682092740018,2,-0.25396055089418484,4.605897311381864,False
3.6,0.0,-5,2.0,1,0.0,0.5851483731804298,2,-0.2789797920884285,5.01750762035882,False
3.6,0.0,-5,2.0,1,3.36,0.5881290440243641,2,-0.2767731670127539,5.116188299931779,False
3.6,0.0,-5,2.0,2,0.0,0.8039954956514996,2,-0.15649873502486641,5.116188299931779,False
3.6,0.0,-5,2.0,2,3.36,0.8080909456986691,3,-0.15429210994919174,5.213001315975167,False
3.6,0.0,0,0.75,1,0.0,0.16599054475808334,0,-0.7827857984188473,4.142974969790227,False
3.6,0.0,0,0.75,1,3.36,0.1809233214767542,0,-0.7497906556210124,4.261952791891099,False
3.6,0.0,0,0.75,2,0.0,0.22678936514008696,0,-0.6490265398500336,4.261952791891099,False
3.6,0.0,0,0.75,2,3.36,0.23784374483610926,0,-0.6331515051849163,4.377698207997936,False
3.6,0.0,0,1.0,1,0.0,0.22132072634411115,0,-0.659943541695002,3.950097822811547,False
3.6,0.0,0,1.0,1,3.36,0.24123109530233933,0,-0.630130723684567,4.0747113774819095,False
3.6,0.0,0,1.0,2,0.0,0.3023858201867826,0,-0.5309057999410037,4.0747113774819095,False
3.6,0.0,0,1.0,2,3.36,0.3171249931148127,0,-0.5150307652758863,4.195625437259685,False
3.6,0.0,0,1.33,1,0.0,0.29435656603766697,0,-0.539664208468969,4.1397096162417615,False
3.6,0.0,0,1.33,1,3.36,0.3208373567521113,1,-0.515204265840543,4.258778663749093,False
3.6,0.0,0,1.33,2,0.0,0.40217314084842093,0,-0.4185401240123611,4.258778663749093,False
3.6,0.0,0,1.33,2,3.36,0.4217762408427009,1,-0.40266508934724377,4.374608063221723,False
3.6,0.0,0,1.5,1,0.0,0.33198108951616667,1,-0.48960985204100654,4.324822072798143,False
3.6,0.0,0,1.5,1,3.36,0.3618466429535084,2,-0.4683830550280689,4.438928469953309,False
3.6,0.0,0,1.5,2,0.0,0.4535787302801739,1,-0.37324818939644283,4.438928469953309,False
3.6,0.0,0,1.5,2,3.36,0.4756874896722185,2,-0.3573731547313254,4.550174278130677,False
3.6,0.0,0,2.0,1,0.0,0.4426414526882223,2,-0.3782312382252585,4.966405001480062,False
3.6,0.0,0,2.0,1,3.36,0.48246219060467865,2,-0.3623562035601411,5.066081191485799,False
3.6,0.0,0,2.0,2,0.0,0.6047716403735652,2,-0.2724074752933179,5.066081191485799,False
3.6,0.0,0,2.0,2,3.36,0.6342499862296254,3,-0.2565324406282005,5.163833715247439,False
3.6,0.0,5,0.75,1,0.0,0.13772069710921767,0,-0.8682859954206635,4.204098676522828,False
3.6,0.0,5,0.75,1,3.36,0.14421468664198014,0,-0.8482757171151608,4.321393951254732,False
3.6,0.0,5,0.75,2,0.0,0.1810491100568507,0,-0.7516468449845674,4.321393951254732,False
3.6,0.0,5,0.75,2,3.36,0.21440100916239632,0,-0.6717861194034976,4.435588538394988,False
3.6,0.0,5,1.0,1,0.0,0.18362759614562382,0,-0.7486260634842182,4.014159549820258,False
3.6,0.0,5,1.0,1,3.36,0.19228624885597378,0,-0.7267957660210975,4.136843832127722,False
3.6,0.0,5,1.0,2,0.0,0.24139881340913455,0,-0.6335261050755374,4.136843832127722,False
3.6,0.0,5,1.0,2,3.36,0.28586801221652847,0,-0.549048225576612,4.255993055846447,False
3.6,0.0,5,1.33,1,0.0,0.2442247028736797,0,-0.630193376515345,4.200880834829425,False
3.6,0.0,5,1.33,1,3.36,0.25574071097844514,1,-0.6066695266643164,4.318263515400278,False
3.6,0.0,5,1.33,2,0.0,0.32106042183414896,0,-0.5178383907717204,4.318263515400278,False
3.6,0.0,5,1.33,2,3.36,0.3802044562479817,1,-0.42894569375256686,4.432538752051376,False
3.6,0.0,5,1.5,1,0.0,0.27544139421843533,0,-0.5802321594231906,4.383410777350747,False
3.6,0.0,5,1.5,1,3.36,0.2884293732839603,1,-0.556708309572162,4.496030476208394,False
3.6,0.0,5,1.5,2,0.0,0.3620982201137014,1,-0.46789159336709957,4.496030476208394,False
3.6,0.0,5,1.5,2,3.36,0.42880201832479264,1,-0.3789988963479458,4.605897311381864,False
3.6,0.0,5,2.0,1,0.0,0.36725519229124765,1,-0.4633459183168473,5.01750762035882,False
3.6,0.0,5,2.0,1,3.36,0.38457249771194757,2,-0.43982206846581867,5.116188299931779,False
3.6,0.0,5,2.0,2,0.0,0.4827976268182691,2,-0.3510558509454031,5.116188299931779,False
3.6,0.0,5,2.0,2,3.36,0.5717360244330569,2,-0.2621631539262493,5.213001315975167,False
3.6,0.0,10,0.75,1,0.0,0.12933386870857258,0,-0.8912813857377619,4.3823575763325096,False
3.6,0.0,10,0.75,1,3.36,0.13684077940755415,0,-0.8667781152279344,4.495003662605733,False
3.6,0.0,10,0.75,2,0.0,0.17471658329834372,0,-0.7606788164226513,4.495003662605733,False
3.6,0.0,10,0.75,2,3.36,0.21440100916239632,0,-0.6717861194034976,4.604894996288075,False
3.6,0.0,10,1.0,1,0.0,0.1724451582780967,0,-0.7685294947634457,4.200486773733627,False
3.6,0.0,10,1.0,1,3.36,0.1824543725434055,0,-0.7440262242536181,4.317880166969799,False
3.6,0.0,10,1.0,2,0.0,0.23295544439779164,0,-0.6379409225957657,4.317880166969799,False
3.6,0.0,10,1.0,2,3.36,0.28586801221652847,0,-0.549048225576612,4.432165287566692,False
3.6,0.0,10,1.33,1,0.0,0.22935206050986864,0,-0.6484032554066647,4.379270719347586,False
3.6,0.0,10,1.33,1,3.36,0.24266431548272932,1,-0.623899984896837,4.4919942156390995,False
3.6,0.0,10,1.33,2,0.0,0.309830741049062,0,-0.5178383907717204,4.4919942156390995,False
3.6,0.0,10,1.33,2,3.36,0.3802044562479817,1,-0.42894569375256686,4.601957413246577,False
3.6,0.0,10,1.5,1,0.0,0.25866773741714516,0,-0.5984420383145103,4.554657208604468,False
3.6,0.0,10,1.5,1,3.36,0.2736815588151083,1,-0.5739387678046826,4.663142962412008,False
3.6,0.0,10,1.5,2,0.0,0.34943316659668744,0,-0.46789159336709957,4.663142962412008,False
3.6,0.0,10,1.5,2,3.36,0.42880201832479264,1,-0.3797147060764961,4.769161591715323,False
3.6,0.0,10,2.0,1,0.0,0.3448903165561934,1,-0.48155579720816694,5.167784338114042,False
3.6,0.0,10,2.0,1,3.36,0.364908745086811,2,-0.45705252669833923,5.263648446206945,False
3.6,0.0,10,2.0,2,0.0,0.4659108887955833,1,-0.3510558509454031,5.263648446206945,False
3.6,0.0,10,2.0,2,3.36,0.5717360244330569,2,-0.2671007988905601,5.357797585319624,False
3.6,0.0,15,0.75,1,0.0,0.12600179255145622,0,-0.9026169307632835,4.664341146936212,False
3.6,0.0,15,0.75,1,3.36,0.13350870325043782,0,-0.8774840766813845,4.770333147171402,False
3.6,0.0,15,0.75,2,0.0,0.17471658329834372,0,-0.7606788164226513,4.770333147171402,False
3.6,0.0,15,0.75,2,3.36,0.2117533631890563,0,-0.6788168869671166,4.874020756521479,False
3.6,0.0,15,1.0,1,0.0,0.16800239006860823,0,-0.7798650397889673,4.493896921879094,False
3.6,0.0,15,1.0,1,3.36,0.178011604333917,0,-0.7547321857070683,4.603814673124278,False
3.6,0.0,15,1.0,2,0.0,0.23295544439779164,0,-0.6379409225957657,4.603814673124278,False
3.6,0.0,15,1.0,2,3.36,0.2823378175854083,0,-0.5572614423694955,4.711168596481599,False
3.6,0.0,15,1.33,1,0.0,0.22344317879124898,0,-0.6597388004321862,4.661441026281293,False
3.6,0.0,15,1.33,1,3.36,0.23675543376410965,1,-0.6346059463502872,4.7674975030406035,False
3.6,0.0,15,1.33,2,0.0,0.309830741049062,0,-0.5178383907717204,4.7674975030406035,False
3.6,0.0,15,1.33,2,3.36,0.3755092973885932,1,-0.4391560931609346,4.871245471283334,False
3.6,0.0,15,1.5,1,0.0,0.25200358510291243,0,-0.6097775833400318,4.82658499314535,False
3.6,0.0,15,1.5,1,3.36,0.26701740650087563,1,-0.5846447292581328,4.929089438837147,False
3.6,0.0,15,1.5,2,0.0,0.34943316659668744,0,-0.46789159336709957,4.929089438837147,False
3.6,0.0,15,1.5,2,3.36,0.4235067263781126,1,-0.3904206675299463,5.029505213841209,False
3.6,0.0,15,2.0,1,0.0,0.33600478013721646,1,-0.49289134223368847,5.408975445814119,False
3.6,0.0,15,2.0,1,3.36,0.356023208667834,2,-0.46775848815178955,5.5006377242479845,False
3.6,0.0,15,2.0,2,0.0,0.4659108887955833,1,-0.3510558509454031,5.5006377242479845,False
3.6,0.0,15,2.0,2,3.36,0.5646756351708166,2,-0.27780676034401053,5.590797382611898,False
3.6,0.1,-15,0.75,1,0.0,0.3705497493689566,0,-0.4397473957758201,4.691063667762592,False
3.6,0.1,-15,0.75,1,3.36,0.4215276549704773,1,-0.38277720393655085,4.796465191680454,False
3.6,0.1,-15,0.75,2,0.0,0.49378507256356424,0,-0.31774118476493884,4.796465191680454,False
3.6,0.1,-15,0.75,2,3.36,0.5629996808168998,1,-0.26077099292566963,4.899599813760529,False
3.6,0.1,-15,1.0,1,0.0,0.49406633249194204,1,-0.32102209174144747,4.521626869222448,False
3.6,0.1,-15,1.0,1,3.36,0.5620368732939697,1,-0.2640518999021782,4.630886475014735,False
3.6,0.1,-15,1.0,2,0.0,0.658380096751419,1,-0.20092200380713493,4.630886475014735,False
3.6,0.1,-15,1.0,2,3.36,0.7506662410891998,2,-0.14395181196786563,4.737626995076163,False
3.6,0.1,-15,1.33,1,0.0,0.6571082222142811,2,-0.20765279869465042,4.688180077759214,False
3.6,0.1,-15,1.33,1,3.36,0.7475090414809774,2,-0.15068260685538115,4.793645005786138,False
3.6,0.1,-15,1.33,2,0.0,0.8756455286793855,4,-0.09070723733267494,4.793645005786138,False
3.6,0.1,-15,1.33,2,3.36,0.9983861006486335,4,-0.03373704549340572,4.89683902548352,False
3.6,0.1,-15,1.5,1,0.0,0.7410994987379133,2,-0.16176288895747748,4.852414110116315,False
3.6,0.1,-15,1.5,1,3.36,0.8430553099409546,2,-0.10479269711820821,4.95438418938781,False
3.6,0.1,-15,1.5,2,0.0,0.9875701451271285,4,-0.04669079474738468,4.95438418938781,False
3.6,0.1,-15,1.5,2,3.36,1.1259993616337995,5,0.010279397091884565,5.054297448316225,True
3.6,0.1,-15,2.0,1,0.0,0.9881326649838841,4,-0.058902471822437394,5.432036024679885,False
3.6,0.1,-15,2.0,1,3.36,1.1240737465879393,5,-0.0019322799831681461,5.523315614141568,True
3.6,0.1,-15,2.0,2,0.0,1.316760193502838,5,0.049877189026028015,5.523315614141568,True
3.6,0.1,-15,2.0,2,3.36,1.5013324821783995,5,0.10684738086529733,5.613111024505042,True
3.6,0.1,-10,0.75,1,0.0,0.26945535090425327,0,-0.5759172101504901,4.410788810047354,False
3.6,0.1,-10,0.75,1,3.36,0.27042144398468204,0,-0.5743628949968991,4.522726824255358,False
3.6,0.1,-10,0.75,2,0.0,0.3828488868258442,0,-0.4259107169155274,4.522726824255358,False
3.6,0.1,-10,0.75,2,3.36,0.38422153598338027,0,-0.42435640176193645,4.631960484162073,False
3.6,0.1,-10,1.0,1,0.0,0.35927380120567104,0,-0.4556258544762132,4.230140557512378,False
3.6,0.1,-10,1.0,1,3.36,0.3605619253129094,1,-0.4540715393226222,4.346733156786961,False
3.6,0.1,-10,1.0,2,0.0,0.510465182434459,0,-0.30743059906210857,4.346733156786961,False
3.6,0.1,-10,1.0,2,3.36,0.5122953813111738,1,-0.3058762839085176,4.460279042426733,False
3.6,0.1,-10,1.33,1,0.0,0.47783415560354103,1,-0.339643550858039,4.4077218643348095,False
3.6,0.1,-10,1.33,1,3.36,0.4795473606661681,2,-0.338089235704448,4.519735836676202,False
3.6,0.1,-10,1.33,2,0.0,0.6789186926378293,1,-0.19446867683321348,4.519735836676202,False
3.6,0.1,-10,1.33,2,3.36,0.68135285714386,2,-0.19291436167962248,4.629040076877184,False
3.6,0.1,-10,1.5,1,0.0,0.5389107018085065,2,-0.29218846550638816,4.582019455206693,False
3.6,0.1,-10,1.5,1,3.36,0.5408428879693641,2,-0.29063415035279716,4.689872310403839,False
3.6,0.1,-10,1.5,2,0.0,0.7656977736516885,2,-0.14882170201423411,4.689872310403839,False
3.6,0.1,-10,1.5,2,3.36,0.7684430719667605,2,-0.14726738686064314,4.795300020634021,False
3.6,0.1,-10,2.0,1,0.0,0.7185476024113421,2,-0.1839919997248021,5.191916309538972,False
3.6,0.1,-10,2.0,1,3.36,0.7211238506258189,2,-0.1824376845712111,5.287342902182228,False
3.6,0.1,-10,2.0,2,0.0,1.020930364868918,5,-0.04678308523856287,5.287342902182228,True
3.6,0.1,-10,2.0,2,3.36,1.0245907626223476,5,-0.04522877008497188,5.381077491103133,True
3.6,0.1,-5,0.75,1,0.0,0.1896579072137951,0,-0.7284330684711249,4.2337271619627295,False
3.6,0.1,-5,0.75,1,3.36,0.19922515039385455,0,-0.7034482521233011,4.3502236358537925,False
3.6,0.1,-5,0.75,2,0.0,0.26947068748440495,0,-0.5784265752361623,4.3502236358537925,False
3.6,0.1,-5,0.75,2,3.36,0.270843336641941,0,-0.5762199501604875,4.46368073252792,False
3.6,0.1,-5,1.0,1,0.0,0.2528772096183935,0,-0.6081417127968479,4.045179463437089,False
3.6,0.1,-5,1.0,1,3.36,0.26563353385847266,1,-0.5805502824279741,4.166950550632102,False
3.6,0.1,-5,1.0,2,0.0,0.35929424997920667,0,-0.4599464573827433,4.166950550632102,False
3.6,0.1,-5,1.0,2,3.36,0.3611244488559214,1,-0.45773983230706866,4.28526275640283,False
3.6,0.1,-5,1.33,1,0.0,0.33632668879246236,1,-0.4921594091786737,4.230531856449868,False
3.6,0.1,-5,1.33,1,3.36,0.35329260003176766,1,-0.46017652994652014,4.347113960829319,False
3.6,0.1,-5,1.33,2,0.0,0.47786135247234407,1,-0.34698453515384814,4.347113960829319,False
3.6,0.1,-5,1.33,2,3.36,0.48029551697837464,2,-0.3447779100781735,4.460650153109652,False
3.6,0.1,-5,1.5,1,0.0,0.3793158144275902,1,-0.44470432382702285,4.411835223916991,False
3.6,0.1,-5,1.5,1,3.36,0.3984503007877091,2,-0.4100647110656917,4.523747345176859,False
3.6,0.1,-5,1.5,2,0.0,0.5389413749688099,1,-0.30133756033486886,4.523747345176859,False
3.6,0.1,-5,1.5,2,3.36,0.541686673283882,2,-0.29913093525919415,4.632956943788133,False
3.6,0.1,-5,2.0,1,0.0,0.505754419236787,2,-0.3365078580454368,5.042358844862077,False
3.6,0.1,-5,2.0,1,3.36,0.5312670677169453,2,-0.2932812115060492,5.140562490657888,False
3.6,0.1,-5,2.0,2,0.0,0.7185884999584133,2,-0.19929894355919758,5.140562490657888,False
3.6,0.1,-5,2.0,2,3.36,0.7222488977118428,3,-0.19709231848352296,5.236924929799818,False
3.6,0.1,0,0.75,1,0.0,0.15327461832336076,0,-0.8209729754915661,4.173037454937151,False
3.6,0.1,0,0.75,1,3.36,0.15898101962603656,0,-0.8050979408264488,4.291181841906532,False
3.6,0.1,0,0.75,2,0.0,0.20254927171705192,0,-0.7024074196095202,4.291181841906532,False
3.6,0.1,0,0.75,2,3.36,0.21087808280349224,0,-0.6789342316560768,4.406159506907159,False
3.6,0.1,0,1.0,1,0.0,0.20436615776448133,0,-0.7007097430761579,3.9816168587372296,False
3.6,0.1,0,1.0,1,3.36,0.21197469283471576,0,-0.6848347084110405,4.105273780124843,False
3.6,0.1,0,1.0,2,0.0,0.2700656956227359,0,-0.5839273017561015,4.105273780124843,False
3.6,0.1,0,1.0,2,3.36,0.28117077707132304,0,-0.5561620377781972,4.2253133386508175,False
3.6,0.1,0,1.33,1,0.0,0.27180698982676016,0,-0.5847745319930165,4.1697956432905094,False
3.6,0.1,0,1.33,1,3.36,0.2819263414701719,1,-0.5688994973278991,4.288029350040006,False
3.6,0.1,0,1.33,2,0.0,0.3591873751782382,0,-0.47096537952720624,4.288029350040006,False
3.6,0.1,0,1.33,2,3.36,0.3739571335048586,1,-0.4416902097780356,4.403089336682203,False
3.6,0.1,0,1.5,1,0.0,0.3065492366467215,1,-0.5373477594856494,4.3536290564725455,False
3.6,0.1,0,1.5,1,3.36,0.3179620392520731,1,-0.521472724820532,4.466999659879328,False
3.6,0.1,0,1.5,2,0.0,0.40509854343410384,1,-0.4253184047082269,4.466999659879328,False
3.6,0.1,0,1.5,2,3.36,0.4217561656069845,2,-0.39582419588219286,4.5775633213929465,False
3.6,0.1,0,2.0,1,0.0,0.40873231552896266,2,-0.4292484499749802,4.991510656978123,False
3.6,0.1,0,2.0,1,3.36,0.4239493856694315,2,-0.41337341530986277,5.090695300126121,False
3.6,0.1,0,2.0,2,0.0,0.5401313912454718,2,-0.31783214370252083,5.090695300126121,False
3.6,0.1,0,2.0,2,3.36,0.5623415541426461,2,-0.2930446905855096,5.187984063075577,False
3.6,0.1,5,0.75,1,0.0,0.1210179907781824,0,-0.9235932806260999,4.2337271619627295,False
3.6,0.1,5,0.75,1,3.36,0.12672439208085823,0,-0.9035830023205971,4.3502236358537925,False
3.6,0.1,5,0.75,2,0.0,0.17184573087538157,0,-0.7678269286752306,4.3502236358537925,False
3.6,0.1,5,0.75,2,3.36,0.1903673752243193,0,-0.7243567891827897,4.46368073252792,False
3.6,0.1,5,1.0,1,0.0,0.1613573210375768,0,-0.8033300482106916,4.045179463437089,False
3.6,0.1,5,1.0,1,3.36,0.16896585610781123,0,-0.7833197699051889,4.166950550632102,False
3.6,0.1,5,1.0,2,0.0,0.22912764116717546,0,-0.645054734797351,4.166950550632102,False
3.6,0.1,5,1.0,2,3.36,0.253823166965759,0,-0.6022971933990185,4.28526275640283,False
3.6,0.1,5,1.33,1,0.0,0.2146052369799771,0,-0.6873948371275502,4.230531856449868,False
3.6,0.1,5,1.33,1,3.36,0.22472458862338893,1,-0.6673845588220475,4.347113960829319,False
3.6,0.1,5,1.33,2,0.0,0.30473976275234255,0,-0.5248941048096565,4.347113960829319,False
3.6,0.1,5,1.33,2,3.36,0.33758481206445956,1,-0.4833416618286069,4.460650153109652,False
3.6,0.1,5,1.5,1,0.0,0.2420359815563648,0,-0.6399680646201831,4.411835223916991,False
3.6,0.1,5,1.5,1,3.36,0.25344878416171646,1,-0.6199577863146803,4.523747345176859,False
3.6,0.1,5,1.5,2,0.0,0.34369146175076315,0,-0.4749119685494913,4.523747345176859,False
3.6,0.1,5,1.5,2,3.36,0.3807347504486386,1,-0.4340913830708441,4.632956943788133,False
3.6,0.1,5,2.0,1,0.0,0.3227146420751536,1,-0.5271285084069334,5.042358844862077,False
3.6,0.1,5,2.0,1,3.36,0.33793171221562246,2,-0.5078883479953299,5.140562490657888,False
3.6,0.1,5,2.0,2,0.0,0.4582552823343509,2,-0.357952457043412,5.140562490657888,False
3.6,0.1,5,2.0,2,3.36,0.507646333931518,2,-0.31968809252057495,5.236924929799818,False
3.6,0.1,10,0.75,1,0.0,0.10661428760715538,0,-0.9746740116873893,4.410788810047354,False
3.6,0.1,10,0.75,1,3.36,0.11280248830272002,0,-0.9501707411775616,4.522726824255358,False
3.6,0.1,10,0.75,2,0.0,0.17184573087538157,0,-0.7678269286752306,4.522726824255358,False
3.6,0.1,10,0.75,2,3.36,0.18296249066560522,0,-0.7415872474153102,4.631960484162073,False
3.6,0.1,10,1.0,1,0.0,0.14215238347620712,0,-0.8515558953726049,4.230140557512378,False
3.6,0.1,10,1.0,1,3.36,0.15040331773696,0,-0.8270526248627771,4.346733156786961,False
3.6,0.1,10,1.0,2,0.0,0.22912764116717546,0,-0.645054734797351,4.346733156786961,False
3.6,0.1,10,1.0,2,3.36,0.24394998755414024,0,-0.619527651631539,4.460279042426733,False
3.6,0.1,10,1.33,1,0.0,0.18906267002335553,0,-0.7308088050978733,4.4077218643348095,False
3.6,0.1,10,1.33,1,3.36,0.20003641259015684,1,-0.7063055345880456,4.519735836676202,False
3.6,0.1,10,1.33,2,0.0,0.30473976275234255,0,-0.5250753905709552,4.519735836676202,False
3.6,0.1,10,1.33,2,3.36,0.32445348344700653,1,-0.5005721200611275,4.629040076877184,False
3.6,0.1,10,1.5,1,0.0,0.21322857521431077,0,-0.6804696303128245,4.582019455206693,False
3.6,0.1,10,1.5,1,3.36,0.22560497660544004,1,-0.6559663598029969,4.689872310403839,False
3.6,0.1,10,1.5,2,0.0,0.34369146175076315,0,-0.4758251118131923,4.689872310403839,False
3.6,0.1,10,1.5,2,3.36,0.36592498133121043,1,-0.4513218413033646,4.795300020634021,False
3.6,0.1,10,2.0,1,0.0,0.28430476695241425,1,-0.5616984612153609,5.191916309538972,False
3.6,0.1,10,2.0,1,3.36,0.30080663547392,2,-0.537754460885499,5.287342902182228,False
3.6,0.1,10,2.0,2,0.0,0.4582552823343509,1,-0.3614218212629232,5.287342902182228,False
3.6,0.1,10,2.0,2,3.36,0.4878999751082805,2,-0.3369185507530955,5.381077491103133,False
3.6,0.1,15,0.75,1,0.0,0.103867544396804,0,-0.9860095567129109,4.691063667762592,False
3.6,0.1,15,0.75,1,3.36,0.11005574509236865,0,-0.9608767026310119,4.796465191680454,False
3.6,0.1,15,0.75,2,0.0,0.16847026079034946,0,-0.7774260629506595,4.796465191680454,False
3.6,0.1,15,0.75,2,3.36,0.1785073497680386,0,-0.7522932088687605,4.899599813760529,False
3.6,0.1,15,1.0,1,0.0,0.13849005919573865,0,-0.8628914403981264,4.521626869222448,False
3.6,0.1,15,1.0,1,3.36,0.14674099345649147,0,-0.8377585863162275,4.630886475014735,False
3.6,0.1,15,1.0,2,0.0,0.22462701438713256,0,-0.6553664671668883,4.630886475014735,False
3.6,0.1,15,1.0,2,3.36,0.23800979969071803,0,-0.6302336130849894,4.737626995076163,False
3.6,0.1,15,1.33,1,0.0,0.18419177873033243,0,-0.7421443501233947,4.688180077759214,False
3.6,0.1,15,1.33,1,3.36,0.19516552129713371,0,-0.7170114960414958,4.793645005786138,False
3.6,0.1,15,1.33,2,0.0,0.29875392913488635,0,-0.5364109355964768,4.793645005786138,False
3.6,0.1,15,1.33,2,3.36,0.31655303358865505,1,-0.5112780815145778,4.89683902548352,False
3.6,0.1,15,1.5,1,0.0,0.207735088793608,0,-0.6918051753383461,4.852414110116315,False
3.6,0.1,15,1.5,1,3.36,0.2201114901847373,1,-0.666672321256447,4.95438418938781,False
3.6,0.1,15,1.5,2,0.0,0.3369405215806989,0,-0.48716065683871385,4.95438418938781,False
3.6,0.1,15,1.5,2,3.36,0.3570146995360772,1,-0.46202780275681493,5.054297448316225,False
3.6,0.1,15,2.0,1,0.0,0.2769801183914773,1,-0.5735932764208482,5.432036024679885,False
3.6,0.1,15,2.0,1,3.36,0.29348198691298294,2,-0.5484604223389494,5.523315614141568,False
3.6,0.1,15,2.0,2,0.0,0.4492540287742651,1,-0.3727573662884448,5.523315614141568,False
3.6,0.1,15,2.0,2,3.36,0.47601959938143606,2,-0.34762451220654583,5.613111024505042,False
3.6,0.2,-15,0.75,1,0.0,0.323926339349604,0,-0.497118314724978,4.770333147171402,False
3.6,0.2,-15,0.75,1,3.36,0.36002981084485025,0,-0.44917377627551,4.874020756521479,False
3.6,0.2,-15,0.75,2,0.0,0.4465861309556052,0,-0.3603510777473399,4.874020756521479,False
3.6,0.2,-15,0.75,2,3.36,0.5091847914314866,1,-0.30338088590807055,4.9755480436834505,False
3.6,0.2,-15,1.0,1,0.0,0.4319017857994721,1,-0.3776582110992404,4.603814673124278,False
3.6,0.2,-15,1.0,1,3.36,0.48003974779313374,1,-0.3282416346464459,4.711168596481599,False
3.6,0.2,-15,1.0,2,0.0,0.5954481746074736,1,-0.24280764866491744,4.711168596481599,False
3.6,0.2,-15,1.0,2,3.36,0.6789130552419821,2,-0.1858374568256482,4.816130141978557,False
3.6,0.2,-15,1.33,1,0.0,0.5744293751132961,2,-0.263065254882427,4.7674975030406035,False
3.6,0.2,-15,1.33,1,3.36,0.6384528645648658,2,-0.21118467282981487,4.871245471283334,False
3.6,0.2,-15,1.33,2,0.0,0.7919460722279383,2,-0.13139766711728246,4.871245471283334,False
3.6,0.2,-15,1.33,2,3.36,0.9029543634718344,2,-0.07442747527801322,4.972829420108676,False
3.6,0.2,-15,1.5,1,0.0,0.647852678699208,2,-0.21644385967541915,4.929089438837147,False
3.6,0.2,-15,1.5,1,3.36,0.7200596216897005,2,-0.16308245293440193,5.029505213841209,False
3.6,0.2,-15,1.5,2,0.0,0.8931722619112104,4,-0.08667348696108339,5.029505213841209,False
3.6,0.2,-15,1.5,2,3.36,1.0183695828629733,5,-0.029703295121814063,5.127955020869031,True
3.6,0.2,-15,2.0,1,0.0,0.8638035715989442,3,-0.11109851796116144,5.5006377242479845,False
3.6,0.2,-15,2.0,1,3.36,0.9600794955862675,3,-0.0541283261218922,5.590797382611898,False
3.6,0.2,-15,2.0,2,0.0,1.1908963492149471,5,0.012259369141436771,5.590797382611898,True
3.6,0.2,-15,2.0,2,3.36,1.3578261104839642,5,0.06922956098070603,5.679525981401973,True
3.6,0.2,-10,0.75,1,0.0,0.23014375895215117,0,-0.643513036394731,4.495003662605733,False
3.6,0.2,-10,0.75,1,3.36,0.23096890602116055,0,-0.6419587212411401,4.604894996288075,False
3.6,0.2,-10,0.75,2,0.0,0.33768864241274527,0,-0.47941856317169473,4.604894996288075,False
3.6,0.2,-10,0.75,2,3.36,0.3388993760637176,0,-0.47786424801810373,4.712224307780663,False
3.6,0.2,-10,1.0,1,0.0,0.3068583452695349,0,-0.5225808947656669,4.317880166969799,False
3.6,0.2,-10,1.0,1,3.36,0.30795854136154743,1,-0.521026579612076,4.432165287566692,False
3.6,0.2,-10,1.0,2,0.0,0.4502515232169938,0,-0.3602231646895972,4.432165287566692,False
3.6,0.2,-10,1.0,2,3.36,0.4518658347516236,1,-0.3586688495360062,4.543576689823903,False
3.6,0.2,-10,1.33,1,0.0,0.4081215992084802,1,-0.4055239329490359,4.4919942156390995,False
3.6,0.2,-10,1.33,1,3.36,0.40958486001085687,2,-0.40396961779544494,4.601957413246577,False
3.6,0.2,-10,1.33,2,0.0,0.5988345258786006,1,-0.24607150746463327,4.601957413246577,False
3.6,0.2,-10,1.33,2,3.36,0.6009815602196583,2,-0.24451719231104227,4.709353674692009,False
3.6,0.2,-10,1.5,1,0.0,0.46028751790430233,2,-0.357421713053623,4.663142962412008,False
3.6,0.2,-10,1.5,1,3.36,0.4619378120423211,2,-0.355867397900032,4.769161591715323,False
3.6,0.2,-10,1.5,2,0.0,0.6753772848254905,2,-0.1997142160024047,4.769161591715323,False
3.6,0.2,-10,1.5,2,3.36,0.6777987521274352,2,-0.1981599008488137,4.872874130109728,False
3.6,0.2,-10,2.0,1,0.0,0.6137166905390699,2,-0.24699832237197805,5.263648446206945,False
3.6,0.2,-10,2.0,1,3.36,0.6159170827230949,2,-0.2454440072183871,5.357797585319624,False
3.6,0.2,-10,2.0,2,0.0,0.9005030464339876,2,-0.09526786538114723,5.357797585319624,False
3.6,0.2,-10,2.0,2,3.36,0.9037316695032472,3,-0.09371355022755623,5.450320629582886,False
3.6,0.2,-5,0.75,1,0.0,0.16198818666878487,0,-0.7960288947153659,4.321393951254732,False
3.6,0.2,-5,0.75,1,3.36,0.181856152216002,0,-0.7459009681410101,4.435588538394988,False
3.6,0.2,-5,0.75,2,0.0,0.23768435473610758,0,-0.6319344214923294,4.435588538394988,False
3.6,0.2,-5,0.75,2,3.36,0.2388950883870799,0,-0.6297277964166548,4.546916062777164,False
3.6,0.2,-5,1.0,1,0.0,0.21598424889171322,0,-0.6750967530863017,4.136843832127722,False
3.6,0.2,-5,1.0,1,3.36,0.24247486962133635,0,-0.6250528027544273,4.255993055846447,False
3.6,0.2,-5,1.0,2,0.0,0.31691247298147684,0,-0.5127390230102319,4.255993055846447,False
3.6,0.2,-5,1.0,2,3.36,0.3185267845161066,1,-0.5105323979345572,4.371896258079916,False
3.6,0.2,-5,1.33,1,0.0,0.2872590510259777,1,-0.5580397912696706,4.318263515400278,False
3.6,0.2,-5,1.33,1,3.36,0.3224915765963774,1,-0.50813685790917,4.432538752051376,False
3.6,0.2,-5,1.33,2,0.0,0.4214935890653635,1,-0.39858736578526793,4.432538752051376,False
3.6,0.2,-5,1.33,2,3.36,0.42364062340642106,2,-0.39638074070959334,4.543940997464334,False
3.6,0.2,-5,1.5,1,0.0,0.32397637333756973,1,-0.5099375713742578,4.496030476208394,False
3.6,0.2,-5,1.5,1,3.36,0.363712304432004,2,-0.46011966748194805,4.605897311381864,False
3.6,0.2,-5,1.5,2,0.0,0.47536870947221516,1,-0.3522300743230394,4.605897311381864,False
3.6,0.2,-5,1.5,2,3.36,0.4777901767741598,2,-0.3500234492473647,4.713203798160512,False
3.6,0.2,-5,2.0,1,0.0,0.43196849778342644,2,-0.39540041610224935,5.116188299931779,False
3.6,0.2,-5,2.0,1,3.36,0.4849497392426727,2,-0.3499895635467332,5.213001315975167,False
3.6,0.2,-5,2.0,2,0.0,0.6338249459629537,2,-0.24778372370178195,5.213001315975167,False
3.6,0.2,-5,2.0,2,3.36,0.6370535690322132,2,-0.24557709862610727,5.308048861903856,False
3.6,0.2,0,0.75,1,0.0,0.13297217099571357,0,-0.8818682066099411,4.261952791891099,False
3.6,0.2,0,0.75,1,3.36,0.13792271387156507,0,-0.8659931719448237,4.377698207997936,False
3.6,0.2,0,0.75,2,0.0,0.17865688249718134,0,-0.7559152658656875,4.377698207997936,False
3.6,0.2,0,0.75,2,3.36,0.19402404824339875,0,-0.7199295105856631,4.490461179022522,False
3.6,0.2,0,1.0,1,0.0,0.17729622799428502,0,-0.7610200412233584,4.0747113774819095,False
3.6,0.2,0,1.0,1,3.36,0.1838969518287537,0,-0.745145006558241,4.195625437259685,False
3.6,0.2,0,1.0,2,0.0,0.2382091766629085,0,-0.63671986738359,4.195625437259685,False
3.6,0.2,0,1.0,2,3.36,0.2586987309911986,0,-0.6006270019266937,4.313151146178455,False
3.6,0.2,0,1.33,1,0.0,0.23580398323239912,0,-0.644104096378101,4.258778663749093,False
3.6,0.2,0,1.33,1,3.36,0.24458294593224245,1,-0.6282290617129835,4.374608063221722,False
3.6,0.2,0,1.33,2,0.0,0.3168182049616678,0,-0.522568210158626,4.374608063221722,False
3.6,0.2,0,1.33,2,3.36,0.34406931221829423,1,-0.4862968433666903,4.487448685701544,False
3.6,0.2,0,1.5,1,0.0,0.26594434199142714,1,-0.596086905950879,4.438928469953309,False
3.6,0.2,0,1.5,1,3.36,0.27584542774313014,1,-0.5802118712857616,4.550174278130677,False
3.6,0.2,0,1.5,2,0.0,0.3573137649943627,1,-0.4762109186963974,4.550174278130677,False
3.6,0.2,0,1.5,2,3.36,0.3880480964867975,2,-0.4398327653715944,4.65876442432562,False
3.6,0.2,0,2.0,1,0.0,0.35459245598857003,2,-0.4859568020156642,5.066081191485799,False
3.6,0.2,0,2.0,1,3.36,0.3677939036575074,2,-0.4700817673505468,5.163833715247439,False
3.6,0.2,0,2.0,2,0.0,0.476418353325817,2,-0.3664816442696736,5.163833715247439,False
3.6,0.2,0,2.0,2,3.36,0.5173974619823972,2,-0.3350231659221923,5.259769827542472,False
3.6,0.2,5,0.75,1,0.0,0.1122483740831162,0,-0.9516618458619115,4.321393951254732,False
3.6,0.2,5,0.75,1,3.36,0.11733301199944003,0,-0.932421685450308,4.435588538394988,False
3.6,0.2,5,0.75,2,0.0,0.15056939319077361,0,-0.8255885622542263,4.435588538394988,False
3.6,0.2,5,0.75,2,3.36,0.15895000649887617,0,-0.8020647124031978,4.546916062777164,False
3.6,0.2,5,1.0,1,0.0,0.14966449877748825,0,-0.8280724035057734,4.136843832127722,False
3.6,0.2,5,1.0,1,3.36,0.15644401599925337,0,-0.8088322430941699,4.255993055846447,False
3.6,0.2,5,1.0,2,0.0,0.2007591909210314,0,-0.7030771550240229,4.255993055846447,False
3.6,0.2,5,1.0,2,3.36,0.21193334199850147,0,-0.6795533051729944,4.371896258079916,False
3.6,0.2,5,1.33,1,0.0,0.19905378337405874,0,-0.7065246679772179,4.318263515400278,False
3.6,0.2,5,1.33,1,3.36,0.20807054127900634,1,-0.6872845075656144,4.432538752051376,False
3.6,0.2,5,1.33,2,0.0,0.2670097239249719,0,-0.5833580157047111,4.432538752051376,False
3.6,0.2,5,1.33,2,3.36,0.2818713448580071,1,-0.5598341658536826,4.543940997464334,False
3.6,0.2,5,1.5,1,0.0,0.2244967481662324,0,-0.655697117734274,4.496030476208394,False
3.6,0.2,5,1.5,1,3.36,0.23466602399888006,1,-0.6364569573226706,4.605897311381864,False
3.6,0.2,5,1.5,2,0.0,0.30113878638154723,0,-0.5336442792848126,4.605897311381864,False
3.6,0.2,5,1.5,2,3.36,0.31790001299775233,1,-0.510120429433784,4.713203798160512,False
3.6,0.2,5,2.0,1,0.0,0.2993289975549765,1,-0.5357665106766067,5.116188299931779,False
3.6,0.2,5,2.0,1,3.36,0.31288803199850673,2,-0.5165263502650034,5.213001315975167,False
3.6,0.2,5,2.0,2,0.0,0.4015183818420628,1,-0.4176239415889969,5.213001315975167,False
3.6,0.2,5,2.0,2,3.36,0.42386668399700295,2,-0.3941000917379683,5.308048861903856,False
3.6,0.2,10,0.75,1,0.0,0.10365973784116209,0,-0.986231798670339,4.495003662605733,False
3.6,0.2,10,0.75,1,3.36,0.10874437575748594,0,-0.9654351002672112,4.604894996288075,False
3.6,0.2,10,0.75,2,0.0,0.1443865772153781,0,-0.8437984411455459,4.604894996288075,False
3.6,0.2,10,0.75,2,3.36,0.15276719052348067,0,-0.8192951706357182,4.712224307780663,False
3.6,0.2,10,1.0,1,0.0,0.13821298378821611,0,-0.8626423563142009,4.317880166969799,False
3.6,0.2,10,1.0,1,3.36,0.14499250100998123,0,-0.8418456579110731,4.432165287566692,False
3.6,0.2,10,1.0,2,0.0,0.19251543628717072,0,-0.7212870339153425,4.432165287566692,False
3.6,0.2,10,1.0,2,3.36,0.20368958736464082,0,-0.6967837634055148,4.543576689823903,False
3.6,0.2,10,1.33,1,0.0,0.18382326843832683,0,-0.7410946207856456,4.4919942156390995,False
3.6,0.2,10,1.33,1,3.36,0.19284002634327443,1,-0.7202979223825177,4.601957413246577,False
3.6,0.2,10,1.33,2,0.0,0.25604553026193716,0,-0.6015678945960309,4.601957413246577,False
3.6,0.2,10,1.33,2,3.36,0.2709071511949724,1,-0.5770646240862032,4.709353674692009,False
3.6,0.2,10,1.5,1,0.0,0.20731947568232417,0,-0.6902670705427016,4.663142962412008,False
3.6,0.2,10,1.5,1,3.36,0.21748875151497188,1,-0.6694703721395737,4.769161591715323,False
3.6,0.2,10,1.5,2,0.0,0.2887731544307562,0,-0.5518541581761323,4.769161591715323,False
3.6,0.2,10,1.5,2,3.36,0.30553438104696135,1,-0.5273508876663046,4.872874130109728,False
3.6,0.2,10,2.0,1,0.0,0.27642596757643223,1,-0.5703364634850344,5.263648446206945,False
3.6,0.2,10,2.0,1,3.36,0.28998500201996247,2,-0.5495397650819065,5.357797585319624,False
3.6,0.2,10,2.0,2,0.0,0.38503087257434143,1,-0.43583382048031655,5.357797585319624,False
3.6,0.2,10,2.0,2,3.36,0.40737917472928165,2,-0.4113305499704888,5.450320629582886,False
3.6,0.2,15,0.75,1,0.0,0.0974426745722946,0,-1.0130927090156714,4.770333147171402,False
3.6,0.2,15,0.75,1,3.36,0.10252731248861845,0,-0.9910023313115611,4.874020756521479,False
3.6,0.2,15,0.75,2,0.0,0.1406666925776497,0,-0.8551339861710675,4.874020756521479,False
3.6,0.2,15,0.75,2,3.36,0.14904730588575227,0,-0.8300011320891685,4.9755480436834505,False
3.6,0.2,15,1.0,1,0.0,0.12992356609639277,0,-0.8895032666595332,4.603814673124278,False
3.6,0.2,15,1.0,1,3.36,0.13670308331815792,0,-0.867412888955423,4.711168596481599,False
3.6,0.2,15,1.0,2,0.0,0.18755559010353287,0,-0.7326225789408641,4.711168596481599,False
3.6,0.2,15,1.0,2,3.36,0.19872974118100292,0,-0.7074897248589652,4.816130141978557,False
3.6,0.2,15,1.33,1,0.0,0.17279834290820187,0,-0.7679555311309777,4.7674975030406035,False
3.6,0.2,15,1.33,1,3.36,0.18181510081314947,0,-0.7458651534268675,4.871245471283334,False
3.6,0.2,15,1.33,2,0.0,0.2494489348376988,0,-0.6129034396215524,4.871245471283334,False
3.6,0.2,15,1.33,2,3.36,0.26431055577073403,1,-0.5877705855396534,4.972829420108676,False
3.6,0.2,15,1.5,1,0.0,0.1948853491445892,0,-0.7171279808880339,4.929089438837147,False
3.6,0.2,15,1.5,1,3.36,0.2050546249772369,1,-0.6950376031839236,5.029505213841209,False
3.6,0.2,15,1.5,2,0.0,0.2813333851552994,0,-0.5631897032016538,5.029505213841209,False
3.6,0.2,15,1.5,2,3.36,0.29809461177150454,1,-0.5380568491197548,5.127955020869031,False
3.6,0.2,15,2.0,1,0.0,0.25984713219278555,1,-0.5971973738303666,5.5006377242479845,False
3.6,0.2,15,2.0,1,3.36,0.27340616663631584,2,-0.5751069961262564,5.590797382611898,False
3.6,0.2,15,2.0,2,0.0,0.37511118020706574,1,-0.447169365505838,5.590797382611898,False
3.6,0.2,15,2.0,2,3.36,0.39745948236200584,2,-0.42203651142393916,5.679525981401973,False
3.6,0.3,-15,0.75,1,0.0,0.2796323388876072,0,-0.5599912305203257,4.899599813760529,False
3.6,0.3,-15,0.75,1,3.36,0.30416448651240496,0,-0.5215863830816265,5.000607796558556,False
3.6,0.3,-15,0.75,2,0.0,0.3986181565267552,0,-0.4086527369167995,5.000607796558556,False
3.6,0.3,-15,0.75,2,3.36,0.4544930727193959,1,-0.3516825450775302,5.099615508545935,False
3.6,0.3,-15,1.0,1,0.0,0.37284311851680957,1,-0.4398251257585906,4.737626995076163,False
3.6,0.3,-15,1.0,1,3.36,0.40555264868320673,1,-0.40006534331713856,4.842015029352387,False
3.6,0.3,-15,1.0,2,0.0,0.5314908753690069,1,-0.29036599392523,4.842015029352387,False
3.6,0.3,-15,1.0,2,3.36,0.6059907636258611,2,-0.23339580208596072,4.944199585825232,False
3.6,0.3,-15,1.33,1,0.0,0.4958813476273553,2,-0.32405250829361226,4.89683902548352,False
3.6,0.3,-15,1.33,1,3.36,0.5393850227486632,2,-0.28201794111448053,4.99790280432687,False
3.6,0.3,-15,1.33,2,0.0,0.706882864240778,2,-0.17772502712783897,4.99790280432687,False
3.6,0.3,-15,1.33,2,3.36,0.8059677156223939,2,-0.12075483528856971,5.096963060637029,False
3.6,0.3,-15,1.5,1,0.0,0.5592646777752144,2,-0.27672346057101965,5.054297448316225,False
3.6,0.3,-15,1.5,1,3.36,0.6083289730248099,2,-0.23331756280293328,5.15227354631486,False
3.6,0.3,-15,1.5,2,0.0,0.7972363130535104,2,-0.13226924657676026,5.15227354631486,False
3.6,0.3,-15,1.5,2,3.36,0.9089861454387917,2,-0.07529905473749102,5.248420971688143,False
3.6,0.3,-15,2.0,1,0.0,0.7456862370336191,2,-0.16895931886387291,5.613111024505042,False
3.6,0.3,-15,2.0,1,3.36,0.8111052973664135,2,-0.12082519400539753,5.701492381247216,False
3.6,0.3,-15,2.0,2,0.0,1.0629817507380137,5,-0.03087617969301378,5.701492381247216,True
3.6,0.3,-15,2.0,2,3.36,1.2119815272517223,5,0.026094012146255507,5.788524455629435,True
3.6,0.3,-10,0.75,1,0.0,0.19443267239856962,0,-0.7159256432008476,4.631960484162073,False
3.6,0.3,-10,0.75,1,3.36,0.19512978254606964,0,-0.7143713280472566,4.738676811815609,False
3.6,0.3,-10,0.75,2,0.0,0.2940255959610406,0,-0.5385724909862427,4.738676811815609,False
3.6,0.3,-10,0.75,2,3.36,0.2950797820915949,0,-0.5370181758326518,4.843042218155748,False
3.6,0.3,-10,1.0,1,0.0,0.25924356319809294,0,-0.5944046034363595,4.460279042426733,False
3.6,0.3,-10,1.0,1,3.36,0.2601730433947596,1,-0.5928502882827685,4.571005265399629,False
3.6,0.3,-10,1.0,2,0.0,0.39203412794805415,0,-0.4186780300041171,4.571005265399629,False
3.6,0.3,-10,1.0,2,3.36,0.3934397094554599,1,-0.417123714850526,4.679112002967138,False
3.6,0.3,-10,1.33,1,0.0,0.34479393905346245,1,-0.47635720123370157,4.629040076877184,False
3.6,0.3,-10,1.33,1,3.36,0.34603014771502916,2,-0.47480288608011056,4.735822213020156,False
3.6,0.3,-10,1.33,2,0.0,0.5214053901709114,1,-0.30335976144712146,4.735822213020156,False
3.6,0.3,-10,1.33,2,3.36,0.523274813575761,2,-0.3018054462935305,4.840249170583589,False
3.6,0.3,-10,1.5,1,0.0,0.38886534479713925,1,-0.42765682292215434,4.795300020634021,False
3.6,0.3,-10,1.5,1,3.36,0.39025956509213927,2,-0.4261025077685634,4.898459174872507,False
3.6,0.3,-10,1.5,2,0.0,0.5880511919220812,2,-0.2563035527600248,4.898459174872507,False
3.6,0.3,-10,1.5,2,3.36,0.5901595641831898,2,-0.25474923760643386,4.9994902027999455,False
3.6,0.3,-10,2.0,1,0.0,0.5184871263961859,2,-0.3151644541246186,5.381077491103133,False
3.6,0.3,-10,2.0,1,3.36,0.5203460867895192,2,-0.31361013897102763,5.473207009172665,False
3.6,0.3,-10,2.0,2,0.0,0.7840682558961083,2,-0.14947371103655505,5.473207009172665,False
3.6,0.3,-10,2.0,2,3.36,0.7868794189109198,3,-0.14791939588296404,5.563811190654908,False
3.6,0.3,-5,0.75,1,0.0,0.15058865950773512,0,-0.8248031802050358,4.46368073252792,False
3.6,0.3,-5,0.75,1,3.36,0.1558649374066388,0,-0.8121121263591371,4.574324614841079,False
3.6,0.3,-5,0.75,2,0.0,0.20695183454373042,0,-0.6910883493068775,4.574324614841079,False
3.6,0.3,-5,0.75,2,3.36,0.20800602067428473,0,-0.6888817242312029,4.682354715518784,False
3.6,0.3,-5,1.0,1,0.0,0.20078487934364683,0,-0.7026969687771768,4.28526275640283,False
3.6,0.3,-5,1.0,1,3.36,0.20781991654218537,0,-0.6907105746816038,4.400395083559336,False
3.6,0.3,-5,1.0,2,0.0,0.2759357793916406,0,-0.5711938883247517,4.400395083559336,False
3.6,0.3,-5,1.0,2,3.36,0.2773413608990463,1,-0.5689872632490771,4.512590928880345,False
3.6,0.3,-5,1.33,1,0.0,0.26704388952704944,1,-0.584850745353107,4.460650153109652,False
3.6,0.3,-5,1.33,1,3.36,0.27640048900110653,1,-0.5728643512575341,4.571367387165154,False
3.6,0.3,-5,1.33,2,0.0,0.3669945865908815,1,-0.4558756197677562,4.571367387165154,False
3.6,0.3,-5,1.33,2,3.36,0.36886400999573116,2,-0.45276089525350205,4.679465758870041,False
3.6,0.3,-5,1.5,1,0.0,0.30117731901547024,1,-0.5362719994279519,4.632956943788133,False
3.6,0.3,-5,1.5,1,3.36,0.3117298748132776,2,-0.5242856053323789,4.739650835556843,False
3.6,0.3,-5,1.5,2,0.0,0.41390366908746085,1,-0.4088194110806596,4.739650835556843,False
3.6,0.3,-5,1.5,2,3.36,0.41601204134856945,2,-0.4026840947241461,4.843995256293577,False
3.6,0.3,-5,2.0,1,0.0,0.40156975868729367,2,-0.4242011642599555,5.236924929799818,False
3.6,0.3,-5,2.0,1,3.36,0.41563983308437075,2,-0.4122147701643825,5.3315459972093295,False
3.6,0.3,-5,2.0,2,0.0,0.5518715587832812,2,-0.30198956935718974,5.3315459972093295,False
3.6,0.3,-5,2.0,2,3.36,0.5546827217980926,2,-0.2853928674649807,5.424516819068665,False
3.6,0.3,0,0.75,1,0.0,0.12083298515992671,0,-0.9196126604716942,4.406159506907159,False
3.6,0.3,0,0.75,1,3.36,0.12579142075296143,0,-0.9021471429698493,4.518212212845733,False
3.6,0.3,0,0.75,2,0.0,0.16417417464710365,0,-0.7877511793420698,4.518212212845733,False
3.6,0.3,0,0.75,2,3.36,0.17181468889690674,0,-0.7718761446769524,4.62755244165945,False
3.6,0.3,0,1.0,1,0.0,0.1611106468799023,0,-0.7959913357698064,4.2253133386508175,False
3.6,0.3,0,1.0,1,3.36,0.1677218943372819,0,-0.7785258182679615,4.34203556063058,False
3.6,0.3,0,1.0,2,0.0,0.21889889952947159,0,-0.6678415355568674,4.34203556063058,False
3.6,0.3,0,1.0,2,3.36,0.22908625186254253,0,-0.65196650089175,4.455701158042415,False
3.6,0.3,0,1.33,1,0.0,0.21427716035026936,0,-0.6743893738235117,4.403089336682202,False
3.6,0.3,0,1.33,1,3.36,0.22307011946858427,1,-0.6569238563216668,4.5152182346819645,False
3.6,0.3,0,1.33,2,0.0,0.2911355363741964,0,-0.5524978874778186,4.5152182346819645,False
3.6,0.3,0,1.33,2,3.36,0.30468471497718164,1,-0.5366228528127013,4.624629250740487,False
3.6,0.3,0,1.5,1,0.0,0.24166597031985343,0,-0.6235287069177942,4.5775633213929465,False
3.6,0.3,0,1.5,1,3.36,0.25158284150592286,1,-0.6060631894159493,4.685518750507997,False
3.6,0.3,0,1.5,2,0.0,0.3283483492942073,1,-0.5054264476457625,4.685518750507997,False
3.6,0.3,0,1.5,2,3.36,0.3436293777938135,2,-0.4895514129806451,4.791042262531403,False
3.6,0.3,0,2.0,1,0.0,0.3222212937598046,1,-0.5034813187413265,5.187984063075577,False
3.6,0.3,0,2.0,1,3.36,0.3354437886745638,2,-0.48601580123948157,5.283481677712735,False
3.6,0.3,0,2.0,2,0.0,0.43779779905894317,2,-0.3985445056833074,5.283481677712735,False
3.6,0.3,0,2.0,2,3.36,0.45817250372508506,2,-0.38266947101819004,5.377283574326927,False
3.6,0.3,5,0.75,1,0.0,0.10946233389149565,0,-0.962533461589195,4.46368073252792,False
3.6,0.3,5,0.75,1,3.36,0.11442076948453037,0,-0.9432933011775915,4.574324614841079,False
3.6,0.3,5,0.75,2,0.0,0.13078711210553143,0,-0.8903714844766036,4.574324614841079,False
3.6,0.3,5,0.75,2,3.36,0.13695416001380628,0,-0.8703612061711008,4.682354715518784,False
3.6,0.3,5,1.0,1,0.0,0.1459497785219942,0,-0.8389121368873071,4.28526275640283,False
3.6,0.3,5,1.0,1,3.36,0.15256102597937382,0,-0.8196719764757037,4.400395083559336,False
3.6,0.3,5,1.0,2,0.0,0.17438281614070875,0,-0.7704618406914012,4.400395083559336,False
3.6,0.3,5,1.0,2,3.36,0.1826055466850752,0,-0.7504515623858984,4.512590928880345,False
3.6,0.3,5,1.33,1,0.0,0.19411320543425165,0,-0.7173101749410126,4.460650153109652,False
3.6,0.3,5,1.33,1,3.36,0.20290616455256655,1,-0.698070014529409,4.571367387165154,False
3.6,0.3,5,1.33,2,0.0,0.2319291454671427,0,-0.6551181926123524,4.571367387165154,False
3.6,0.3,5,1.33,2,3.36,0.24286537709115008,1,-0.6351079143068497,4.679465758870041,False
3.6,0.3,5,1.5,1,0.0,0.2189246677829913,0,-0.6664495080352949,4.632956943788133,False
3.6,0.3,5,1.5,1,3.36,0.22884153896906073,1,-0.6472093476236914,4.739650835556843,False
3.6,0.3,5,1.5,2,0.0,0.26157422421106286,0,-0.6080467527802962,4.739650835556843,False
3.6,0.3,5,1.5,2,3.36,0.27390832002761256,1,-0.5880364744747935,4.843995256293577,False
3.6,0.3,5,2.0,1,0.0,0.2918995570439884,1,-0.5464021198588271,5.236924929799818,False
3.6,0.3,5,2.0,1,3.36,0.30512205195874764,2,-0.5271619594472238,5.3315459972093295,False
3.6,0.3,5,2.0,2,0.0,0.3487656322814175,1,-0.49614420733584086,5.3315459972093295,False
3.6,0.3,5,2.0,2,3.36,0.3652110933701504,2,-0.4726203574848123,5.424516819068665,False
3.6,0.3,10,0.75,1,0.0,0.10108687032092095,0,-0.9971034143976225,4.631960484162073,False
3.6,0.3,10,0.75,1,3.36,0.10604530591395567,0,-0.9763067159944947,4.738676811815609,False
3.6,0.3,10,0.75,2,0.0,0.11954833683773271,0,-0.925233521730833,4.738676811815609,False
3.6,0.3,10,0.75,2,3.36,0.12648726704846372,0,-0.9007302512210053,4.843042218155748,False
3.6,0.3,10,1.0,1,0.0,0.13478249376122795,0,-0.8734820896957347,4.460279042426733,False
3.6,0.3,10,1.0,1,3.36,0.14139374121860757,0,-0.8526853912926068,4.571005265399629,False
3.6,0.3,10,1.0,2,0.0,0.15939778245031025,0,-0.8023244013711724,4.571005265399629,False
3.6,0.3,10,1.0,2,3.36,0.1686496893979516,0,-0.7778211308613447,4.679112002967138,False
3.6,0.3,10,1.33,1,0.0,0.17926071670243257,0,-0.7518801277494401,4.629040076877184,False
3.6,0.3,10,1.33,1,3.36,0.18805367582074745,0,-0.7310834293463122,4.735822213020156,False
3.6,0.3,10,1.33,2,0.0,0.21199905065891272,0,-0.6819317483604693,4.735822213020156,False
3.6,0.3,10,1.33,2,3.36,0.2243040868992757,1,-0.6574284778506416,4.840249170583589,False
3.6,0.3,10,1.5,1,0.0,0.2021737406418419,0,-0.7010194608437225,4.795300020634021,False
3.6,0.3,10,1.5,1,3.36,0.21209061182791134,1,-0.6802227624405947,4.898459174872507,False
3.6,0.3,10,1.5,2,0.0,0.23909667367546542,0,-0.6318084250399605,4.898459174872507,False
3.6,0.3,10,1.5,2,3.36,0.25297453409692744,1,-0.6073051545301327,4.9994902027999455,False
3.6,0.3,10,2.0,1,0.0,0.2695649875224559,1,-0.5809720726672547,5.381077491103133,False
3.6,0.3,10,2.0,1,3.36,0.28278748243721513,2,-0.5601753742641269,5.473207009172665,False
3.6,0.3,10,2.0,2,0.0,0.3187955649006205,1,-0.5143540862271606,5.473207009172665,False
3.6,0.3,10,2.0,2,3.36,0.3372993787959032,2,-0.4898508157173328,5.563811190654908,False
3.6,0.3,15,0.75,1,0.0,0.09502411653120979,0,-1.0239643247429548,4.899599813760529,False
3.6,0.3,15,0.75,1,3.36,0.09998255212424452,0,-1.0018739470388447,5.000607796558556,False
3.6,0.3,15,0.75,2,0.0,0.11646836894705195,0,-0.9365690667563545,5.000607796558556,False
3.6,0.3,15,0.75,2,3.36,0.12340729915778295,0,-0.9114362126744555,5.099615508545935,False
3.6,0.3,15,1.0,1,0.0,0.12669882204161306,0,-0.9003430000410669,4.737626995076163,False
3.6,0.3,15,1.0,1,3.36,0.1333100694989927,0,-0.8782526223369567,4.842015029352387,False
3.6,0.3,15,1.0,2,0.0,0.15529115859606926,0,-0.813659946396694,4.842015029352387,False
3.6,0.3,15,1.0,2,3.36,0.16454306554371056,0,-0.7885270923147951,4.944199585825232,False
3.6,0.3,15,1.33,1,0.0,0.16850943331534485,0,-0.7787410380947722,4.89683902548352,False
3.6,0.3,15,1.33,1,3.36,0.17730239243365975,0,-0.7566506603906621,4.99790280432687,False
3.6,0.3,15,1.33,2,0.0,0.20653724093277218,0,-0.6932672933859908,4.99790280432687,False
3.6,0.3,15,1.33,2,3.36,0.21884227717313515,0,-0.6681344393040919,5.096963060637029,False
3.6,0.3,15,1.5,1,0.0,0.19004823306241958,0,-0.7278803711890547,5.054297448316225,False
3.6,0.3,15,1.5,1,3.36,0.19996510424848904,1,-0.7057899934849445,5.15227354631486,False
3.6,0.3,15,1.5,2,0.0,0.2329367378941039,0,-0.643143970065482,5.15227354631486,False
3.6,0.3,15,1.5,2,3.36,0.2468145983155659,1,-0.618011115983583,5.248420971688143,False
3.6,0.3,15,2.0,1,0.0,0.2533976440832261,1,-0.607832983012587,5.613111024505042,False
3.6,0.3,15,2.0,1,3.36,0.2666201389979854,2,-0.5857426053084768,5.701492381247216,False
3.6,0.3,15,2.0,2,0.0,0.3105823171921385,1,-0.5256896312526821,5.701492381247216,False
3.6,0.3,15,2.0,2,3.36,0.32908613108742113,2,-0.5005567771707832,5.788524455629435,False
4.3,-0.3,-15,0.75,1,0.0,0.4929002001009553,0,-0.31850103076078307,5.323053710666526,False
4.3,-0.3,-15,0.75,1,3.36,0.5619907744288916,0,-0.2615308389215138,5.416170308127383,False
4.3,-0.3,-15,0.75,2,0.0,0.5679639971592779,0,-0.2585532823450064,5.416170308127383,False
4.3,-0.3,-15,0.75,2,3.36,0.6475763786378969,0,-0.2015830905057372,5.50771284714814,False
4.3,-0.3,-15,1.0,1,0.0,0.6572002668012736,1,-0.20166833427233083,5.174353294481626,False
4.3,-0.3,-15,1.0,1,3.36,0.7493210325718552,1,-0.1446981424330616,5.270097913332622,False
4.3,-0.3,-15,1.0,2,0.0,0.7572853295457037,2,-0.14285902786268523,5.270097913332622,False
4.3,-0.3,-15,1.0,2,3.36,0.8634351715171956,2,-0.08588883602341596,5.364133855163651,False
4.3,-0.3,-15,1.33,1,0.0,0.8740763548456915,4,-0.0914313014077176,5.3205126551054125,False
4.3,-0.3,-15,1.33,1,3.36,0.9965969733205646,4,-0.034461109568448375,5.413672959566069,False
4.3,-0.3,-15,1.33,2,0.0,1.0071894882957835,5,-0.034492439196499095,5.413672959566069,True
4.3,-0.3,-15,1.33,2,3.36,1.1483687781178673,5,0.02247775264277016,5.505257025165751,True
4.3,-0.3,-15,1.5,1,0.0,0.9858004002019106,4,-0.04740169755379363,5.465779465702432,False
4.3,-0.3,-15,1.5,1,3.36,1.1239815488577831,5,0.009568494285475647,5.556504761780949,True
4.3,-0.3,-15,1.5,2,0.0,1.1359279943185558,5,0.0084347262499668,5.556504761780949,True
4.3,-0.3,-15,1.5,2,3.36,1.2951527572757937,5,0.06540491808923607,5.645772326944681,True
4.3,-0.3,-15,2.0,1,0.0,1.3144005336025473,5,0.049210128264213684,5.986304189151976,True
4.3,-0.3,-15,2.0,1,3.36,1.4986420651437105,5,0.10618032010348293,6.069253483341959,True
4.3,-0.3,-15,2.0,2,0.0,1.5145706590914074,6,0.10139202687251665,6.069253483341959,True
4.3,-0.3,-15,2.0,2,3.36,1.7268703430343912,6,0.15836221871178596,6.151084282064302,True
4.3,-0.3,-10,0.75,1,0.0,0.39871562368841174,0,-0.4105967713812551,5.077783020027284,False
4.3,-0.3,-10,0.75,1,3.36,0.40415673986136064,0,-0.40282718547604834,5.1753145216959915,False
4.3,-0.3,-10,0.75,2,0.0,0.4594360467160336,0,-0.35064902296547845,5.1753145216959915,False
4.3,-0.3,-10,0.75,2,3.36,0.4768915492360589,0,-0.3317290231572993,5.271041680586239,False
4.3,-0.3,-10,1.0,1,0.0,0.5316208315845489,0,-0.29376407489280293,4.921677722885723,False
4.3,-0.3,-10,1.0,1,3.36,0.538875653148481,1,-0.2846593586300076,5.022241691510833,False
4.3,-0.3,-10,1.0,2,0.0,0.612581395621378,0,-0.23495476848315727,5.022241691510833,False
4.3,-0.3,-10,1.0,2,3.36,0.6358553989814126,1,-0.21410923275988156,5.120831144252815,False
4.3,-0.3,-10,1.33,1,0.0,0.7070557060074479,1,-0.18352704202818973,5.075119161652619,False
4.3,-0.3,-10,1.33,1,3.36,0.7167046186874775,2,-0.1722156181621433,5.172700890731416,False
4.3,-0.3,-10,1.33,2,0.0,0.8147332561764307,1,-0.12658817981697118,5.172700890731416,False
4.3,-0.3,-10,1.33,2,3.36,0.8456876806452789,2,-0.10257299157282167,5.268475538993569,False
4.3,-0.3,-10,1.5,1,0.0,0.7974312473768235,1,-0.1394974381742657,5.227210035911232,False
4.3,-0.3,-10,1.5,1,3.36,0.8083134797227213,2,-0.12687723526866235,5.322003829342017,False
4.3,-0.3,-10,1.5,2,0.0,0.9188720934320672,1,-0.08366101437050524,5.322003829342017,False
4.3,-0.3,-10,1.5,2,3.36,0.9537830984721178,3,-0.05777389744079896,5.415138480180456,False
4.3,-0.3,-10,2.0,1,0.0,1.0632416631690977,5,-0.042885612356258394,5.7692995620694925,True
4.3,-0.3,-10,2.0,1,3.36,1.077751306296962,5,-0.025880016535900607,5.855323854142932,True
4.3,-0.3,-10,2.0,2,0.0,1.225162791242756,6,0.00929628625204465,5.855323854142932,True
4.3,-0.3,-10,2.0,2,3.36,1.2717107979628253,6,0.04141014991449679,5.940102476969168,True
4.3,-0.3,-5,0.75,1,0.0,0.28131607913080175,0,-0.5595503933005765,4.9247607204390595,False
4.3,-0.3,-5,0.75,1,3.36,0.28489595116062094,0,-0.5546907338745994,5.025262993474018,False
4.3,-0.3,-5,0.75,2,0.0,0.3440895561696025,0,-0.47459432140556723,5.025262993474018,False
4.3,-0.3,-5,0.75,2,3.36,0.34584230428407225,0,-0.4723876963298926,5.123794312185009,False
4.3,-0.3,-5,1.0,1,0.0,0.37508810550773614,0,-0.4409327088910013,4.763643496636963,False
4.3,-0.3,-5,1.0,1,3.36,0.37986126821416133,0,-0.4365229070285586,4.867473611952265,False
4.3,-0.3,-5,1.0,2,0.0,0.4587860748928035,0,-0.35776571668049933,4.867473611952265,False
4.3,-0.3,-5,1.0,2,3.36,0.46112307237876315,0,-0.3555590916048247,4.969134669442118,False
4.3,-0.3,-5,1.33,1,0.0,0.4988671803252892,0,-0.32774228114056064,4.9220140450912595,False
4.3,-0.3,-5,1.33,1,3.36,0.505215486724833,1,-0.3240791665606944,5.022571279740649,False
4.3,-0.3,-5,1.33,2,0.0,0.6101854796074272,0,-0.24753542501399306,5.022571279740649,False
4.3,-0.3,-5,1.33,2,3.36,0.6132936862637535,1,-0.24532879993831844,5.121154387447778,False
4.3,-0.3,-5,1.5,1,0.0,0.5626321582616035,1,-0.2819590735543977,5.078692008247117,False
4.3,-0.3,-5,1.5,1,3.36,0.5697919023212419,2,-0.2787407836672134,5.17620638253858,False
4.3,-0.3,-5,1.5,2,0.0,0.688179112339205,1,-0.20350980585769152,5.17620638253858,False
4.3,-0.3,-5,1.5,2,3.36,0.6916846085681445,2,-0.20130318078201687,5.2719173470980305,False
4.3,-0.3,-5,2.0,1,0.0,0.7501762110154723,2,-0.1799501900101263,5.635086972886691,False
4.3,-0.3,-5,2.0,1,3.36,0.7597225364283227,3,-0.17774356493445168,5.723128968667165,False
4.3,-0.3,-5,2.0,2,0.0,0.917572149785607,3,-0.1069112541735148,5.723128968667165,False
4.3,-0.3,-5,2.0,2,3.36,0.9222461447575263,3,-0.10470462909784013,5.809836933339635,False
4.3,-0.3,0,0.75,1,0.0,0.2130584718759689,0,-0.6808782033236322,4.872685509238904,False
4.3,-0.3,0,0.75,1,3.36,0.21932530706148784,0,-0.6676562030088173,4.974240049690685,False
4.3,-0.3,0,0.75,2,0.0,0.25863699557908343,0,-0.5985751657789252,4.974240049690685,False
4.3,-0.3,0,0.75,2,3.36,0.2603897436935532,0,-0.5956419383733729,5.073762319220993,False
4.3,-0.3,0,1.0,1,0.0,0.2840779625012919,0,-0.5627103764775915,4.7097871800559075,False
4.3,-0.3,0,1.0,1,3.36,0.29243374274865086,0,-0.5490385185992419,4.814778840343446,False
4.3,-0.3,0,1.0,2,0.0,0.344849327438778,0,-0.48174656105385744,4.814778840343446,False
4.3,-0.3,0,1.0,2,3.36,0.3471863249247377,0,-0.4788133336483051,4.9175293879568205,False
4.3,-0.3,0,1.33,1,0.0,0.37782369012671707,0,-0.4502666360097271,4.869909463064275,False
4.3,-0.3,0,1.33,1,3.36,0.3889368778557057,1,-0.4358480908488014,4.971520710853267,False
4.3,-0.3,0,1.33,2,0.0,0.45864960549357364,0,-0.37151626938735116,4.971520710853267,False
4.3,-0.3,0,1.33,2,3.36,0.46175781214989997,1,-0.3685830419817989,5.071096348763546,False
4.3,-0.3,0,1.5,1,0.0,0.4261169437519378,0,-0.40492825311624614,5.02821125580464,False
4.3,-0.3,0,1.5,1,3.36,0.4386506141229757,1,-0.39006488326263844,5.126685911288157,False
4.3,-0.3,0,1.5,2,0.0,0.5172739911581669,0,-0.3274906502310496,5.126685911288157,False
4.3,-0.3,0,1.5,2,3.36,0.5207794873871064,1,-0.32455742282549727,5.22330435959848,False
4.3,-0.3,0,2.0,1,0.0,0.5681559250025838,1,-0.30344066671210596,5.589633360996464,False
4.3,-0.3,0,2.0,1,3.36,0.5848674854973017,2,-0.2875656320469886,5.6783801484547185,False
4.3,-0.3,0,2.0,2,0.0,0.689698654877556,1,-0.2308920985468729,5.6783801484547185,False
4.3,-0.3,0,2.0,2,3.36,0.6943726498494754,3,-0.22768256851391994,5.765761104170431,False
4.3,-0.3,5,0.75,1,0.0,0.16822033854492324,0,-0.7834985084581659,4.9247607204390595,False
4.3,-0.3,5,0.75,1,3.36,0.18230412096684173,0,-0.7417842959709615,5.025262993474018,False
4.3,-0.3,5,0.75,2,0.0,0.20420686665716456,0,-0.701195470913459,5.025262993474018,False
4.3,-0.3,5,0.75,2,3.36,0.20595961477163433,0,-0.6974837416415051,5.123794312185009,False
4.3,-0.3,5,1.0,1,0.0,0.22429378472656436,0,-0.6653306816121252,4.763643496636963,False
4.3,-0.3,5,1.0,1,3.36,0.24307216128912237,0,-0.6187325859143488,4.867473611952265,False
4.3,-0.3,5,1.0,2,0.0,0.2722758222095529,0,-0.5843668661883912,4.867473611952265,False
4.3,-0.3,5,1.0,2,3.36,0.27461281969551254,0,-0.5806551369164372,4.969134669442118,False
4.3,-0.3,5,1.33,1,0.0,0.2983107336863297,0,-0.5528869411442607,4.9220140450912595,False
4.3,-0.3,5,1.33,1,3.36,0.3232859745145317,1,-0.49809815279373465,5.022571279740649,False
4.3,-0.3,5,1.33,2,0.0,0.3621268435387044,0,-0.47413657452188496,5.022571279740649,False
4.3,-0.3,5,1.33,2,3.36,0.3652350501950308,1,-0.47015077149538675,5.121154387447778,False
4.3,-0.3,5,1.5,1,0.0,0.3364406770898465,0,-0.5075485582507798,5.078692008247117,False
4.3,-0.3,5,1.5,1,3.36,0.36460824193368346,1,-0.4478276089034694,5.17620638253858,False
4.3,-0.3,5,1.5,2,0.0,0.4084137333143291,0,-0.43011095536558336,5.17620638253858,False
4.3,-0.3,5,1.5,2,3.36,0.41191922954326865,1,-0.4253516773633641,5.2719173470980305,False
4.3,-0.3,5,2.0,1,0.0,0.4485875694531287,1,-0.4060609718466397,5.635086972886691,False
4.3,-0.3,5,2.0,1,3.36,0.48614432257824475,2,-0.32985671721215926,5.723128968667165,False
4.3,-0.3,5,2.0,2,0.0,0.5445516444191058,1,-0.33351240368140656,5.723128968667165,False
4.3,-0.3,5,2.0,2,3.36,0.5492256393910251,2,-0.3203747812138475,5.809836933339635,False
4.3,-0.3,10,0.75,1,0.0,0.1485606493223585,0,-0.8306769929901153,5.077783020027284,False
4.3,-0.3,10,0.75,1,3.36,0.18230412096684173,0,-0.7417842959709615,5.1753145216959915,False
4.3,-0.3,10,0.75,2,0.0,0.16759899220984678,0,-0.7869944096456277,5.1753145216959915,False
4.3,-0.3,10,0.75,2,3.36,0.18648184742191573,0,-0.7320006682882777,5.271041680586239,False
4.3,-0.3,10,1.0,1,0.0,0.1980808657631447,0,-0.7076252829335026,4.921677722885723,False
4.3,-0.3,10,1.0,1,3.36,0.24307216128912237,0,-0.6187325859143488,5.022241691510833,False
4.3,-0.3,10,1.0,2,0.0,0.22346532294646243,0,-0.67016580492056,5.022241691510833,False
4.3,-0.3,10,1.0,2,3.36,0.24864246322922104,0,-0.6089899774217168,5.120831144252815,False
4.3,-0.3,10,1.33,1,0.0,0.26344755146498167,0,-0.5869908498128884,5.075119161652619,False
4.3,-0.3,10,1.33,1,3.36,0.3232859745145317,0,-0.49809815279373465,5.172700890731416,False
4.3,-0.3,10,1.33,2,0.0,0.29720887951879427,0,-0.5599355132540538,5.172700890731416,False
4.3,-0.3,10,1.33,2,3.36,0.33069447609486297,0,-0.48842511476448724,5.268475538993569,False
4.3,-0.3,10,1.5,1,0.0,0.297121298644717,0,-0.5367203059226232,5.227210035911232,False
4.3,-0.3,10,1.5,1,3.36,0.36460824193368346,1,-0.4478276089034694,5.322003829342017,False
4.3,-0.3,10,1.5,2,0.0,0.33519798441969356,0,-0.515909894097752,5.322003829342017,False
4.3,-0.3,10,1.5,2,3.36,0.37296369484383146,1,-0.4381969426053806,5.415138480180456,False
4.3,-0.3,10,2.0,1,0.0,0.3961617315262894,1,-0.41874941423131307,5.7692995620694925,False
4.3,-0.3,10,2.0,1,3.36,0.48614432257824475,2,-0.32985671721215926,5.855323854142932,False
4.3,-0.3,10,2.0,2,0.0,0.44693064589292486,1,-0.40926747823300125,5.855323854142932,False
4.3,-0.3,10,2.0,2,3.36,0.4972849264584421,2,-0.3203747812138475,5.940102476969168,False
4.3,-0.3,15,0.75,1,0.0,0.1485606493223585,0,-0.8306769929901153,5.323053710666526,False
4.3,-0.3,15,0.75,1,3.36,0.18230412096684173,0,-0.7417842959709615,5.416170308127383,False
4.3,-0.3,15,0.75,2,0.0,0.1519651020114443,0,-0.8208933653074314,5.416170308127383,False
4.3,-0.3,15,0.75,2,3.36,0.18648184742191573,0,-0.7320006682882777,5.50771284714814,False
4.3,-0.3,15,1.0,1,0.0,0.1980808657631447,0,-0.7076252829335026,5.174353294481626,False
4.3,-0.3,15,1.0,1,3.36,0.24307216128912237,0,-0.6187325859143488,5.270097913332622,False
4.3,-0.3,15,1.0,2,0.0,0.20262013601525913,0,-0.6978826744408706,5.270097913332622,False
4.3,-0.3,15,1.0,2,3.36,0.24864246322922104,0,-0.6089899774217168,5.364133855163651,False
4.3,-0.3,15,1.33,1,0.0,0.26344755146498167,0,-0.5869908498128884,5.3205126551054125,False
4.3,-0.3,15,1.33,1,3.36,0.3232859745145317,0,-0.49809815279373465,5.413672959566069,False
4.3,-0.3,15,1.33,2,0.0,0.2694847809002939,0,-0.5773178117836409,5.413672959566069,False
4.3,-0.3,15,1.33,2,3.36,0.33069447609486297,0,-0.48842511476448724,5.505257025165751,False
4.3,-0.3,15,1.5,1,0.0,0.297121298644717,0,-0.5367203059226232,5.465779465702432,False
4.3,-0.3,15,1.5,1,3.36,0.36460824193368346,1,-0.4478276089034694,5.556504761780949,False
4.3,-0.3,15,1.5,2,0.0,0.3039302040228886,0,-0.5270896396245344,5.556504761780949,False
4.3,-0.3,15,1.5,2,3.36,0.37296369484383146,1,-0.4381969426053806,5.645772326944681,False
4.3,-0.3,15,2.0,1,0.0,0.3961617315262894,0,-0.41874941423131307,5.986304189151976,False
4.3,-0.3,15,2.0,1,3.36,0.48614432257824475,1,-0.32985671721215926,6.069253483341959,False
4.3,-0.3,15,2.0,2,0.0,0.40524027203051827,0,-0.40926747823300125,6.069253483341959,False
4.3,-0.3,15,2.0,2,3.36,0.4972849264584421,2,-0.3203747812138475,6.151084282064302,False
4.3,-0.2,-15,0.75,1,0.0,0.45799194942224336,0,-0.34964624070920297,5.204315594450501,False
4.3,-0.2,-15,0.75,1,3.36,0.5221893809036525,0,-0.29267604886993365,5.299518922189133,False
4.3,-0.2,-15,0.75,2,0.0,0.5417456499001009,0,-0.27851659611300184,5.299518922189133,False
4.3,-0.2,-15,0.75,2,3.36,0.6176829655749428,0,-0.2215464042737326,5.393041888085116,False
4.3,-0.2,-15,1.0,1,0.0,0.610655932562991,1,-0.23227846098643762,5.052121536158137,False
4.3,-0.2,-15,1.0,1,3.36,0.6962525078715365,1,-0.17530826914716835,5.150139028813966,False
4.3,-0.2,-15,1.0,2,0.0,0.7223275332001342,1,-0.16242653065864632,5.150139028813966,False
4.3,-0.2,-15,1.0,2,3.36,0.8235772874332569,1,-0.10545633881937705,5.246325572828363,False
4.3,-0.2,-15,1.33,1,0.0,0.8121723903087756,4,-0.12115873212764616,5.20171653525419,False
4.3,-0.2,-15,1.33,1,3.36,0.9260158354691408,4,-0.06418854028837687,5.296966576554627,False
4.3,-0.2,-15,1.33,2,0.0,0.9606956191561763,4,-0.05341080326865273,5.296966576554627,False
4.3,-0.2,-15,1.33,2,3.36,1.095357792286229,5,0.0035593885706164813,5.390533824505403,True
4.3,-0.2,-15,1.5,1,0.0,0.9159838988444867,4,-0.07660665976592312,5.350209824641867,False
4.3,-0.2,-15,1.5,1,3.36,1.044378761807305,5,-0.019636467926653814,5.442861854548061,True
4.3,-0.2,-15,1.5,2,0.0,1.0834912998002018,5,-0.010101759902122122,5.442861854548061,True
4.3,-0.2,-15,1.5,2,3.36,1.2353659311498857,5,0.0468684319371471,5.533962880946561,True
4.3,-0.2,-15,2.0,1,0.0,1.221311865125982,5,0.02174973825422491,5.880972525446664,True
4.3,-0.2,-15,2.0,1,3.36,1.392505015743073,5,0.07871993009349418,5.965386646736195,True
4.3,-0.2,-15,2.0,2,0.0,1.4446550664002684,6,0.08411735404196147,5.965386646736195,True
4.3,-0.2,-15,2.0,2,3.36,1.6471545748665137,6,0.1410875458812307,6.048622805652416,True
4.3,-0.2,-10,0.75,1,0.0,0.36556027853995327,0,-0.44559598073956297,4.9531687229971695,False
4.3,-0.2,-10,0.75,1,3.36,0.36687094189991953,0,-0.44404166558597197,5.053106014965192,False
4.3,-0.2,-10,0.75,2,0.0,0.4382275654101201,0,-0.37061233673347393,5.053106014965192,False
4.3,-0.2,-10,0.75,2,3.36,0.45242922393916274,0,-0.3541043355054247,5.151104774558309,False
4.3,-0.2,-10,1.0,1,0.0,0.4874137047199376,0,-0.32684292156776934,4.793006531181613,False
4.3,-0.2,-10,1.0,1,3.36,0.48916125586655934,1,-0.32528860641417834,4.896214007572544,False
4.3,-0.2,-10,1.0,2,0.0,0.5843034205468266,0,-0.2545222712791183,4.896214007572544,False
4.3,-0.2,-10,1.0,2,3.36,0.6032389652522178,1,-0.23613407946007436,4.997290426616167,False
4.3,-0.2,-10,1.33,1,0.0,0.6482602272775151,1,-0.21342748440867132,4.950437809423888,False
4.3,-0.2,-10,1.33,1,3.36,0.650584470302522,2,-0.21187316925508035,5.050429140674442,False
4.3,-0.2,-10,1.33,2,0.0,0.7771235493272775,1,-0.14550654388912482,5.050429140674442,False
4.3,-0.2,-10,1.33,2,3.36,0.8023078237854496,2,-0.12401777103425395,5.148478853503584,False
4.3,-0.2,-10,1.5,1,0.0,0.7311205570799065,1,-0.16870240038639514,5.106243703499775,False
4.3,-0.2,-10,1.5,1,3.36,0.7337418837998391,2,-0.16595572306897574,5.203241754861203,False
4.3,-0.2,-10,1.5,2,0.0,0.8764551308202402,1,-0.10219750052259419,5.203241754861203,False
4.3,-0.2,-10,1.5,2,3.36,0.9048584478783255,3,-0.07887413693220967,5.298464377490057,False
4.3,-0.2,-10,2.0,1,0.0,0.9748274094398752,2,-0.07034600236624712,5.659930868561491,False
4.3,-0.2,-10,2.0,1,3.36,0.9783225117331187,4,-0.0630020461088832,5.747592316517869,False
4.3,-0.2,-10,2.0,2,0.0,1.1686068410936532,5,-0.007978386578510563,5.747592316517869,True
4.3,-0.2,-10,2.0,2,3.36,1.2064779305044355,5,0.02146731429584168,5.833936701481705,True
4.3,-0.2,-5,0.75,1,0.0,0.25730198771601076,0,-0.5981118390601977,4.796172239774073,False
4.3,-0.2,-5,0.75,1,3.36,0.25861265107597703,0,-0.595905213984523,4.8993130287397895,False
4.3,-0.2,-5,0.75,2,0.0,0.3122940723670943,0,-0.5143644600746486,4.8993130287397895,False
4.3,-0.2,-5,0.75,2,3.36,0.32382756224860815,0,-0.5002723745139055,5.000326804677815,False
4.3,-0.2,-5,1.0,1,0.0,0.343069316954681,0,-0.47935877988840403,4.63058304785171,False
4.3,-0.2,-5,1.0,1,3.36,0.34481686810130274,0,-0.4771521548127293,4.7373304046743065,False
4.3,-0.2,-5,1.0,2,0.0,0.41639209648945946,0,-0.39365513514865363,4.7373304046743065,False
4.3,-0.2,-5,1.0,2,3.36,0.4317700829981442,0,-0.38296276728907375,4.841724833471191,False
4.3,-0.2,-5,1.33,1,0.0,0.4562821915497244,0,-0.365943342729306,4.793351881520448,False
4.3,-0.2,-5,1.33,1,3.36,0.45860643457473127,1,-0.36373671765363136,4.896552078766816,False
4.3,-0.2,-5,1.33,2,0.0,0.5538014883309813,0,-0.2769722182295624,4.896552078766816,False
4.3,-0.2,-5,1.33,2,3.36,0.5742542103875306,1,-0.27193911211511895,4.997621660357617,False
4.3,-0.2,-5,1.5,1,0.0,0.5146039754320215,1,-0.32002589654320146,4.954100575748654,False
4.3,-0.2,-5,1.5,1,3.36,0.5172253021519541,2,-0.3178192714675268,5.054019441457773,False
4.3,-0.2,-5,1.5,2,0.0,0.6245881447341886,1,-0.2296505991394009,5.054019441457773,False
4.3,-0.2,-5,1.5,2,3.36,0.6476551244972163,2,-0.2274439740637262,5.1520008263424355,False
4.3,-0.2,-5,2.0,1,0.0,0.686138633909362,2,-0.2170722195831089,5.5230612156662975,False
4.3,-0.2,-5,2.0,1,3.36,0.6896337362026055,2,-0.2148655945074342,5.6128606959372584,False
4.3,-0.2,-5,2.0,2,0.0,0.8327841929789189,2,-0.13148470360580933,5.6128606959372584,False
4.3,-0.2,-5,2.0,2,3.36,0.8635401659962884,3,-0.12753320032876145,5.7012459333024115,False
4.3,-0.2,0,0.75,1,0.0,0.1950933025604853,0,-0.7178596087675673,4.742685322889006,False
4.3,-0.2,0,0.75,1,3.36,0.2023566100020723,0,-0.70198457410245,4.846964418267045,False
4.3,-0.2,0,0.75,2,0.0,0.24217334533164542,0,-0.6264598439629383,4.846964418267045,False
4.3,-0.2,0,0.75,2,3.36,0.24381452150388827,0,-0.6231970539338415,4.949046784174382,False
4.3,-0.2,0,1.0,1,0.0,0.26012440341398074,0,-0.598783411520248,4.575160683672102,False
4.3,-0.2,0,1.0,1,3.36,0.26980881333609685,0,-0.5829083768551305,4.683171498185709,False
4.3,-0.2,0,1.0,2,0.0,0.32289779377552724,0,-0.5091502367381064,4.683171498185709,False
4.3,-0.2,0,1.0,2,3.36,0.3250860286718511,0,-0.5052267978884911,4.788746733898022,False
4.3,-0.2,0,1.33,1,0.0,0.3459654565405944,0,-0.4848303005353761,4.739833138248958,False
4.3,-0.2,0,1.33,1,3.36,0.35884572173700874,1,-0.46895526587025876,4.844173632152647,False
4.3,-0.2,0,1.33,2,0.0,0.4294540657214503,0,-0.3981265815641517,4.844173632152647,False
4.3,-0.2,0,1.33,2,3.36,0.4323644181335609,1,-0.39311048946267074,4.9463135948343355,False
4.3,-0.2,0,1.5,1,0.0,0.3901866051209706,0,-0.43859172172637023,4.902337037883104,False
4.3,-0.2,0,1.5,1,3.36,0.4047132200041446,1,-0.4227166870612529,5.003289761047274,False
4.3,-0.2,0,1.5,2,0.0,0.48434669066329084,0,-0.353631443512759,5.003289761047274,False
4.3,-0.2,0,1.5,2,3.36,0.48762904300777654,1,-0.34796685536062644,5.10224543049435,False
4.3,-0.2,0,2.0,1,0.0,0.5202488068279615,1,-0.33454879686319483,5.476677926477385,False
4.3,-0.2,0,2.0,1,3.36,0.5396176266721937,2,-0.31867376219807736,5.567225620573018,False
4.3,-0.2,0,2.0,2,0.0,0.6457955875510545,1,-0.25546554797916743,5.567225620573018,False
4.3,-0.2,0,2.0,2,3.36,0.6501720573437022,3,-0.24762540413257508,5.656323992697433,False
4.3,-0.2,5,0.75,1,0.0,0.1540359372504897,0,-0.8204799139021012,4.796172239774073,False
4.3,-0.2,5,0.75,1,3.36,0.17997878730641811,0,-0.7473280135634718,4.8993130287397895,False
4.3,-0.2,5,0.75,2,0.0,0.1912079898984807,0,-0.7290801490974721,4.8993130287397895,False
4.3,-0.2,5,0.75,2,3.36,0.19407646349889612,0,-0.7216821154279898,5.000326804677815,False
4.3,-0.2,5,1.0,1,0.0,0.2053812496673199,0,-0.7014037166547817,4.63058304785171,False
4.3,-0.2,5,1.0,1,3.36,0.23997171640855752,0,-0.6242534485324509,4.7373304046743065,False
4.3,-0.2,5,1.0,2,0.0,0.2549439865313076,0,-0.6117705418726401,4.7373304046743065,False
4.3,-0.2,5,1.0,2,3.36,0.25876861799852846,0,-0.6037118593826395,4.841724833471191,False
4.3,-0.2,5,1.33,1,0.0,0.2731570620575355,0,-0.5874506056699099,4.793351881520448,False
4.3,-0.2,5,1.33,1,3.36,0.31916238282338055,0,-0.5035802463710197,4.896552078766816,False
4.3,-0.2,5,1.33,2,0.0,0.3390755020866384,0,-0.5007468866986855,4.896552078766816,False
4.3,-0.2,5,1.33,2,3.36,0.34416226193804295,1,-0.49152253069856006,4.997621660357617,False
4.3,-0.2,5,1.5,1,0.0,0.3080718745009794,0,-0.5412120268609041,4.954100575748654,False
4.3,-0.2,5,1.5,1,3.36,0.35995757461283623,1,-0.45328608674454357,5.054019441457773,False
4.3,-0.2,5,1.5,2,0.0,0.3824159797969614,0,-0.4562517486472927,5.054019441457773,False
4.3,-0.2,5,1.5,2,3.36,0.38815292699779225,1,-0.4412806921927789,5.1520008263424355,False
4.3,-0.2,5,2.0,1,0.0,0.4107624993346398,1,-0.42412497651707626,5.5230612156662975,False
4.3,-0.2,5,2.0,1,3.36,0.47994343281711505,2,-0.3352322794979225,5.6128606959372584,False
4.3,-0.2,5,2.0,2,0.0,0.5098879730626152,1,-0.35808585311370117,5.6128606959372584,False
4.3,-0.2,5,2.0,2,3.36,0.5175372359970569,2,-0.3234105654912421,5.7012459333024115,False
4.3,-0.2,10,0.75,1,0.0,0.14666572189750615,0,-0.8362207105826256,4.9531687229971695,False
4.3,-0.2,10,0.75,1,3.36,0.17997878730641811,0,-0.7473280135634718,5.053106014965192,False
4.3,-0.2,10,0.75,2,0.0,0.15693040559334975,0,-0.8148790878296408,5.053106014965192,False
4.3,-0.2,10,0.75,2,3.36,0.18513360768649825,0,-0.7351337564114323,5.151104774558309,False
4.3,-0.2,10,1.0,1,0.0,0.19555429586334158,0,-0.7131461455516046,4.793006531181613,False
4.3,-0.2,10,1.0,1,3.36,0.23997171640855752,0,-0.6242534485324509,4.896214007572544,False
4.3,-0.2,10,1.0,2,0.0,0.20924054079113302,0,-0.6975694806048088,4.896214007572544,False
4.3,-0.2,10,1.0,2,3.36,0.2468448102486644,0,-0.6121098336961871,4.997290426616167,False
4.3,-0.2,10,1.33,1,0.0,0.26008721349824354,0,-0.5924729433901734,4.950437809423888,False
4.3,-0.2,10,1.33,1,3.36,0.31916238282338055,0,-0.5035802463710197,5.050429140674442,False
4.3,-0.2,10,1.33,2,0.0,0.2782899192522063,0,-0.5804152277177138,5.050429140674442,False
4.3,-0.2,10,1.33,2,3.36,0.3283035976307227,0,-0.49152253069856006,5.148478853503584,False
4.3,-0.2,10,1.5,1,0.0,0.2933314437950123,0,-0.5421787837636973,5.106243703499775,False
4.3,-0.2,10,1.5,1,3.36,0.35995757461283623,1,-0.45328608674454357,5.203241754861203,False
4.3,-0.2,10,1.5,2,0.0,0.3138608111866995,0,-0.5301733892119327,5.203241754861203,False
4.3,-0.2,10,1.5,2,3.36,0.3702672153729965,1,-0.4412806921927789,5.298464377490057,False
4.3,-0.2,10,2.0,1,0.0,0.39110859172668316,1,-0.42412497651707626,5.659930868561491,False
4.3,-0.2,10,2.0,1,3.36,0.47994343281711505,2,-0.3352322794979225,5.747592316517869,False
4.3,-0.2,10,2.0,2,0.0,0.41848108158226605,1,-0.41230326251039584,5.747592316517869,False
4.3,-0.2,10,2.0,2,3.36,0.4936896204973288,2,-0.3234105654912421,5.833936701481705,False
4.3,-0.2,15,0.75,1,0.0,0.14666572189750615,0,-0.8362207105826256,5.204315594450501,False
4.3,-0.2,15,0.75,1,3.36,0.17997878730641811,0,-0.7473280135634718,5.299518922189133,False
4.3,-0.2,15,0.75,2,0.0,0.15086641389910999,0,-0.8240264534305861,5.299518922189133,False
4.3,-0.2,15,0.75,2,3.36,0.18513360768649825,0,-0.7351337564114323,5.393041888085116,False
4.3,-0.2,15,1.0,1,0.0,0.19555429586334158,0,-0.7131461455516046,5.052121536158137,False
4.3,-0.2,15,1.0,1,3.36,0.23997171640855752,0,-0.6242534485324509,5.150139028813966,False
4.3,-0.2,15,1.0,2,0.0,0.2011552185321467,0,-0.7010025307153409,5.150139028813966,False
4.3,-0.2,15,1.0,2,3.36,0.2468448102486644,0,-0.6121098336961871,5.246325572828363,False
4.3,-0.2,15,1.33,1,0.0,0.26008721349824354,0,-0.5924729433901734,5.20171653525419,False
4.3,-0.2,15,1.33,1,3.36,0.31916238282338055,0,-0.5035802463710197,5.296966576554627,False
4.3,-0.2,15,1.33,2,0.0,0.2675364406477544,0,-0.5804152277177138,5.296966576554627,False
4.3,-0.2,15,1.33,2,3.36,0.3283035976307227,0,-0.49152253069856006,5.390533824505403,False
4.3,-0.2,15,1.5,1,0.0,0.2933314437950123,0,-0.5421787837636973,5.350209824641867,False
4.3,-0.2,15,1.5,1,3.36,0.35995757461283623,0,-0.45328608674454357,5.442861854548061,False
4.3,-0.2,15,1.5,2,0.0,0.30173282779821997,0,-0.5301733892119327,5.442861854548061,False
4.3,-0.2,15,1.5,2,3.36,0.3702672153729965,1,-0.4412806921927789,5.533962880946561,False
4.3,-0.2,15,2.0,1,0.0,0.39110859172668316,0,-0.42412497651707626,5.880972525446664,False
4.3,-0.2,15,2.0,1,3.36,0.47994343281711505,1,-0.33805579240865863,5.965386646736195,False
4.3,-0.2,15,2.0,2,0.0,0.4023104370642934,0,-0.41230326251039584,5.965386646736195,False
4.3,-0.2,15,2.0,2,3.36,0.4936896204973288,1,-0.3234105654912421,6.048622805652416,False
4.3,-0.1,-15,0.75,1,0.0,0.42050023229886724,0,-0.38592187968408453,5.131754164673194,False
4.3,-0.1,-15,0.75,1,3.36,0.47944239249399156,0,-0.32895168784481527,5.228278952642128,False
4.3,-0.1,-15,0.75,2,0.0,0.5119915188611608,0,-0.3024092110806773,5.228278952642128,False
4.3,-0.1,-15,0.75,2,3.36,0.5837581525162187,0,-0.24543901924140804,5.323053710666526,False
4.3,-0.1,-15,1.0,1,0.0,0.5606669763984895,1,-0.2679751630375442,4.977341862491751,False
4.3,-0.1,-15,1.0,1,3.36,0.6392565233253219,1,-0.21100497119827497,5.07680332651491,False
4.3,-0.1,-15,1.0,2,0.0,0.6826553584815475,1,-0.1858675997131121,5.07680332651491,False
4.3,-0.1,-15,1.0,2,3.36,0.7783442033549579,1,-0.12889740787384288,5.174353294481626,False
4.3,-0.1,-15,1.33,1,0.0,0.745687078609989,2,-0.1558978457496987,5.129118336823284,False
4.3,-0.1,-15,1.33,1,3.36,0.8502111760226757,2,-0.09892765391042946,5.225691811917045,False
4.3,-0.1,-15,1.33,2,0.0,0.907931626780456,4,-0.07610979884740016,5.225691811917045,False
4.3,-0.1,-15,1.33,2,3.36,1.0351977904620917,5,-0.0191396070081309,5.3205126551054125,True
4.3,-0.1,-15,1.5,1,0.0,0.8410004645977345,4,-0.11077738990723593,5.279653887111764,False
4.3,-0.1,-15,1.5,1,3.36,0.9588847849879831,4,-0.05380719806796666,5.373522603255183,False
4.3,-0.1,-15,1.5,2,0.0,1.0239830377223216,5,-0.03236326176544615,5.373522603255183,True
4.3,-0.1,-15,1.5,2,3.36,1.1675163050324373,5,0.024606930073823086,5.465779465702432,True
4.3,-0.1,-15,2.0,1,0.0,1.121333952796979,5,-0.010513910985426929,5.816858073312302,True
4.3,-0.1,-15,2.0,1,3.36,1.2785130466506438,5,0.04645628085384232,5.902189241718577,True
4.3,-0.1,-15,2.0,2,0.0,1.365310716963095,5,0.06330676405494641,5.902189241718577,True
4.3,-0.1,-15,2.0,2,3.36,1.5566884067099158,5,0.12027695589421562,5.986304189151976,True
4.3,-0.1,-10,0.75,1,0.0,0.3275209610606241,0,-0.49246901067977006,4.8768719891419545,False
4.3,-0.1,-10,0.75,1,3.36,0.32869523996476985,0,-0.49091469552617906,4.978341129179218,False
4.3,-0.1,-10,0.75,2,0.0,0.41415892654150555,0,-0.39450495170114935,4.978341129179218,False
4.3,-0.1,-10,0.75,2,3.36,0.4249849550171216,0,-0.38114279060341355,5.077783020027284,False
4.3,-0.1,-10,1.0,1,0.0,0.43669461474749877,0,-0.37311150673724736,4.714118327741635,False
4.3,-0.1,-10,1.0,1,3.36,0.43826031995302644,1,-0.37155719158365635,4.819015626447957,False
4.3,-0.1,-10,1.0,2,0.0,0.5522119020553405,0,-0.27796334033358416,4.819015626447957,False
4.3,-0.1,-10,1.0,2,3.36,0.5666466066894961,1,-0.2633047435426262,4.921677722885723,False
4.3,-0.1,-10,1.33,1,0.0,0.5808038376141716,1,-0.25868966268682875,4.87409832738052,False
4.3,-0.1,-10,1.33,1,3.36,0.5828862255375235,2,-0.2571353475332377,4.975624031714372,False
4.3,-0.1,-10,1.33,2,0.0,0.7344418297336013,1,-0.1682055394678722,4.975624031714372,False
4.3,-0.1,-10,1.33,2,3.36,0.7536399868970298,2,-0.15140737222273037,5.075119161652619,False
4.3,-0.1,-10,1.5,1,0.0,0.6550419221212482,1,-0.21217071316797895,5.032268351303525,False
4.3,-0.1,-10,1.5,1,3.36,0.6573904799295397,2,-0.21061639801438795,5.130665138121089,False
4.3,-0.1,-10,1.5,2,0.0,0.8283178530830111,1,-0.12445900238591823,5.130665138121089,False
4.3,-0.1,-10,1.5,2,3.36,0.8499699100342432,2,-0.10639384996455675,5.227210035911232,False
4.3,-0.1,-10,2.0,1,0.0,0.8733892294949975,2,-0.10717433127029803,5.593283243042072,False
4.3,-0.1,-10,2.0,1,3.36,0.8765206399060529,3,-0.10562001611670702,5.6819730232459955,False
4.3,-0.1,-10,2.0,2,0.0,1.104423804110681,5,-0.028788976565525662,5.6819730232459955,True
4.3,-0.1,-10,2.0,2,3.36,1.1332932133789921,5,-0.006489892821706825,5.7692995620694925,True
4.3,-0.1,-5,0.75,1,0.0,0.23052776586159215,0,-0.6449848690004047,4.717336976894851,False
4.3,-0.1,-5,0.75,1,3.36,0.23170204476573789,0,-0.64277824392473,4.822164260327456,False
4.3,-0.1,-5,0.75,2,0.0,0.2933503745436433,0,-0.541712523469772,4.822164260327456,False
4.3,-0.1,-5,0.75,2,3.36,0.29980218178959844,0,-0.5330063390019647,4.9247607204390595,False
4.3,-0.1,-5,1.0,1,0.0,0.30737035448212285,0,-0.5256273650578821,4.548878912770886,False
4.3,-0.1,-5,1.0,1,3.36,0.3089360596876505,0,-0.5234207399822074,4.657499260660342,False
4.3,-0.1,-5,1.0,2,0.0,0.39113383272485813,0,-0.42334705499881237,4.657499260660342,False
4.3,-0.1,-5,1.0,2,3.36,0.39973624238613126,0,-0.4151682919411772,4.763643496636963,False
4.3,-0.1,-5,1.33,1,0.0,0.4088025714612222,0,-0.41120552100746344,4.714469456903462,False
4.3,-0.1,-5,1.33,1,3.36,0.4108849593845739,1,-0.4089988959317888,4.819359113002021,False
4.3,-0.1,-5,1.33,2,0.0,0.5202079975240614,0,-0.31057545835926903,4.819359113002021,False
4.3,-0.1,-5,1.33,2,3.36,0.5316492023735534,1,-0.30327092062128147,4.9220140450912595,False
4.3,-0.1,-5,1.5,1,0.0,0.4610555317231843,1,-0.3646865714886136,4.8778184175544235,False
4.3,-0.1,-5,1.5,1,3.36,0.46340408953147577,1,-0.36247994641293896,4.9792682710045995,False
4.3,-0.1,-5,1.5,2,0.0,0.5867007490872866,1,-0.265041883211712,4.9792682710045995,False
4.3,-0.1,-5,1.5,2,3.36,0.5996043635791969,2,-0.25825739836310785,5.078692008247117,False
4.3,-0.1,-5,2.0,1,0.0,0.6147407089642457,2,-0.2596901895909327,5.454741533014858,False
4.3,-0.1,-5,2.0,1,3.36,0.617872119375301,2,-0.25748356451525806,5.5456474096355315,False
4.3,-0.1,-5,2.0,2,0.0,0.7822676654497163,2,-0.16338628004546568,5.5456474096355315,False
4.3,-0.1,-5,2.0,2,3.36,0.7994724847722625,3,-0.15465400720474887,5.635086972886691,False
4.3,-0.1,0,0.75,1,0.0,0.173277589194286,0,-0.7689657133737628,4.662945857711281,False
4.3,-0.1,0,0.75,1,3.36,0.17713438084853483,0,-0.7542079772564384,4.768968868838084,False
4.3,-0.1,0,0.75,2,0.0,0.22420604595100438,0,-0.6591938084509974,4.768968868838084,False
4.3,-0.1,0,0.75,2,3.36,0.2287077268109928,0,-0.6498183331780126,4.872685509238904,False
4.3,-0.1,0,1.0,1,0.0,0.23103678559238133,0,-0.6496082094312402,4.492448695468761,False
4.3,-0.1,0,1.0,1,3.36,0.23617917446471318,0,-0.6311054321745132,4.602401034397044,False
4.3,-0.1,0,1.0,2,0.0,0.29894139460133917,0,-0.5413557613902099,4.602401034397044,False
4.3,-0.1,0,1.0,2,3.36,0.30494363574799077,0,-0.531452864707053,4.7097871800559075,False
4.3,-0.1,0,1.33,1,0.0,0.3072789248378663,0,-0.5351863653808214,4.66004486871564,False
4.3,-0.1,0,1.33,1,3.36,0.31411830203806757,1,-0.5103847614759481,4.766132413020327,False
4.3,-0.1,0,1.33,2,0.0,0.39759205481978027,0,-0.42945839007031417,4.766132413020327,False
4.3,-0.1,0,1.33,2,3.36,0.4055750355448277,1,-0.4186812680675097,4.869909463064275,False
4.3,-0.1,0,1.5,1,0.0,0.346555178388572,0,-0.4886674158619717,4.8252366193794565,False
4.3,-0.1,0,1.5,1,3.36,0.35426876169706967,1,-0.4606063990114759,4.927769113199246,False
4.3,-0.1,0,1.5,2,0.0,0.44841209190200876,0,-0.3844448678121406,4.927769113199246,False
4.3,-0.1,0,1.5,2,3.36,0.4574154536219856,1,-0.37314769291995264,5.02821125580464,False
4.3,-0.1,0,2.0,1,0.0,0.46207357118476267,1,-0.37785158201987684,5.407772287214453,False
4.3,-0.1,0,2.0,1,3.36,0.47235834892942635,2,-0.3549036784417409,5.49945461935678,False
4.3,-0.1,0,2.0,2,0.0,0.5978827892026783,1,-0.2845409106692906,5.49945461935678,False
4.3,-0.1,0,2.0,2,3.36,0.6098872714959815,2,-0.2714920897537062,5.589633360996464,False
4.3,-0.1,5,0.75,1,0.0,0.14434779914250323,0,-0.8431006742755921,4.717336976894851,False
4.3,-0.1,5,0.75,1,3.36,0.16457321149631776,0,-0.7870782423586388,4.822164260327456,False
4.3,-0.1,5,0.75,2,0.0,0.17702190681088145,0,-0.7618141135855312,4.822164260327456,False
4.3,-0.1,5,0.75,2,3.36,0.18346374479579486,0,-0.7390462030820603,4.9247607204390595,False
4.3,-0.1,5,1.0,1,0.0,0.19246373219000434,0,-0.7199981291936669,4.548878912770886,False
4.3,-0.1,5,1.0,1,3.36,0.21943094866175705,0,-0.6646480845349148,4.657499260660342,False
4.3,-0.1,5,1.0,2,0.0,0.23602920908117528,0,-0.6439760665247436,4.657499260660342,False
4.3,-0.1,5,1.0,2,3.36,0.2446183263943932,0,-0.6160058842716122,4.763643496636963,False
4.3,-0.1,5,1.33,1,0.0,0.255976763812705,0,-0.599277458495102,4.714469456903462,False
4.3,-0.1,5,1.33,1,3.36,0.2918431617201369,0,-0.5450663835984583,4.819359113002021,False
4.3,-0.1,5,1.33,2,0.0,0.31391884807796244,0,-0.5320786952048479,4.819359113002021,False
4.3,-0.1,5,1.33,2,3.36,0.325342374104542,1,-0.4953907726081646,4.9220140450912595,False
4.3,-0.1,5,1.5,1,0.0,0.28869559828500646,0,-0.5489543804757153,4.8778184175544235,False
4.3,-0.1,5,1.5,1,3.36,0.3291464229926355,1,-0.4954361348716638,4.9792682710045995,False
4.3,-0.1,5,1.5,2,0.0,0.3540438136217629,0,-0.4870651729466743,4.9792682710045995,False
4.3,-0.1,5,1.5,2,3.36,0.3669274895915897,1,-0.445131997225282,5.078692008247117,False
4.3,-0.1,5,2.0,1,0.0,0.3849274643800087,1,-0.43079901918262464,5.454741533014858,False
4.3,-0.1,5,2.0,1,3.36,0.4388618973235141,2,-0.37970753083793096,5.5456474096355315,False
4.3,-0.1,5,2.0,2,0.0,0.47205841816235056,1,-0.3871612158038243,5.5456474096355315,False
4.3,-0.1,5,2.0,2,3.36,0.4892366527887864,2,-0.3272024194388702,5.635086972886691,False
4.3,-0.1,10,0.75,1,0.0,0.14434779914250323,0,-0.8431006742755921,4.8768719891419545,False
4.3,-0.1,10,0.75,1,3.36,0.15817166484920409,0,-0.8043087005911593,4.978341129179218,False
4.3,-0.1,10,0.75,2,0.0,0.14950563327601413,0,-0.8279389001012141,4.978341129179218,False
4.3,-0.1,10,0.75,2,3.36,0.18346374479579486,0,-0.7390462030820603,5.077783020027284,False
4.3,-0.1,10,1.0,1,0.0,0.19246373219000434,0,-0.7199981291936669,4.714118327741635,False
4.3,-0.1,10,1.0,1,3.36,0.21089555313227218,0,-0.6818785427674352,4.819015626447957,False
4.3,-0.1,10,1.0,2,0.0,0.19934084436801885,0,-0.704898581290766,4.819015626447957,False
4.3,-0.1,10,1.0,2,3.36,0.2446183263943932,0,-0.6160058842716122,4.921677722885723,False
4.3,-0.1,10,1.33,1,0.0,0.255976763812705,0,-0.599277458495102,4.87409832738052,False
4.3,-0.1,10,1.33,1,3.36,0.28049108566592196,0,-0.5622968418309789,4.975624031714372,False
4.3,-0.1,10,1.33,2,0.0,0.2651233230094643,0,-0.5842834696273184,4.975624031714372,False
4.3,-0.1,10,1.33,2,3.36,0.325342374104542,0,-0.4953907726081646,5.075119161652619,False
4.3,-0.1,10,1.5,1,0.0,0.28869559828500646,0,-0.5489543804757153,5.032268351303525,False
4.3,-0.1,10,1.5,1,3.36,0.31634332969840817,1,-0.5126665931041844,5.130665138121089,False
4.3,-0.1,10,1.5,2,0.0,0.29901126655202825,0,-0.5340246942444357,5.130665138121089,False
4.3,-0.1,10,1.5,2,3.36,0.3669274895915897,1,-0.445131997225282,5.227210035911232,False
4.3,-0.1,10,2.0,1,0.0,0.3849274643800087,1,-0.43079901918262464,5.593283243042072,False
4.3,-0.1,10,2.0,1,3.36,0.42179110626454436,2,-0.39693798907045147,5.6819730232459955,False
4.3,-0.1,10,2.0,2,0.0,0.3986816887360377,1,-0.416095116458024,5.6819730232459955,False
4.3,-0.1,10,2.0,2,3.36,0.4892366527887864,2,-0.3272024194388702,5.7692995620694925,False
4.3,-0.1,15,0.75,1,0.0,0.14434779914250323,0,-0.8431006742755921,5.131754164673194,False
4.3,-0.1,15,0.75,1,3.36,0.154320181136109,0,-0.8150146620446096,5.228278952642128,False
4.3,-0.1,15,0.75,2,0.0,0.14950563327601413,0,-0.8279389001012141,5.228278952642128,False
4.3,-0.1,15,0.75,2,3.36,0.18346374479579486,0,-0.7390462030820603,5.323053710666526,False
4.3,-0.1,15,1.0,1,0.0,0.19246373219000434,0,-0.7199981291936669,4.977341862491751,False
4.3,-0.1,15,1.0,1,3.36,0.20576024151481204,0,-0.6925845042208856,5.07680332651491,False
4.3,-0.1,15,1.0,2,0.0,0.19934084436801885,0,-0.704898581290766,5.07680332651491,False
4.3,-0.1,15,1.0,2,3.36,0.2446183263943932,0,-0.6160058842716122,5.174353294481626,False
4.3,-0.1,15,1.33,1,0.0,0.255976763812705,0,-0.599277458495102,5.129118336823284,False
4.3,-0.1,15,1.33,1,3.36,0.27366112121470004,0,-0.5730028032844291,5.225691811917045,False
4.3,-0.1,15,1.33,2,0.0,0.2651233230094643,0,-0.5842834696273184,5.225691811917045,False
4.3,-0.1,15,1.33,2,3.36,0.325342374104542,0,-0.4953907726081646,5.3205126551054125,False
4.3,-0.1,15,1.5,1,0.0,0.28869559828500646,0,-0.5489543804757153,5.279653887111764,False
4.3,-0.1,15,1.5,1,3.36,0.308640362272218,0,-0.5233725545576345,5.373522603255183,False
4.3,-0.1,15,1.5,2,0.0,0.29901126655202825,0,-0.5340246942444357,5.373522603255183,False
4.3,-0.1,15,1.5,2,3.36,0.3669274895915897,1,-0.445131997225282,5.465779465702432,False
4.3,-0.1,15,2.0,1,0.0,0.3849274643800087,0,-0.43277680460580076,5.816858073312302,False
4.3,-0.1,15,2.0,1,3.36,0.4115204830296241,1,-0.4076439505239018,5.902189241718577,False
4.3,-0.1,15,2.0,2,0.0,0.3986816887360377,0,-0.416095116458024,5.902189241718577,False
4.3,-0.1,15,2.0,2,3.36,0.4892366527887864,1,-0.3272024194388702,5.986304189151976,False
4.3,0.0,-15,0.75,1,0.0,0.38121351213851135,0,-0.4276599460083489,5.1073379373838845,False
4.3,0.0,-15,0.75,1,3.36,0.43464879272842566,0,-0.3706897541690796,5.204315594450501,False
4.3,0.0,-15,0.75,2,0.0,0.47888004026581804,0,-0.330730107153392,5.204315594450501,False
4.3,0.0,-15,0.75,2,3.36,0.54600538736321,0,-0.2737599153141228,5.299518922189133,False
4.3,0.0,-15,1.0,1,0.0,0.5082846828513484,0,-0.3091015856673467,4.952164376927815,False
4.3,0.0,-15,1.0,1,3.36,0.5795317236379007,1,-0.2521313938280775,5.052121536158137,False
4.3,0.0,-15,1.0,2,0.0,0.6385067203544239,1,-0.2136829528009768,5.052121536158137,False
4.3,0.0,-15,1.0,2,3.36,0.7280071831509466,1,-0.15671276096170753,5.150139028813966,False
4.3,0.0,-15,1.33,1,0.0,0.6760186281922914,1,-0.19600971658829702,5.104689502128101,False
4.3,0.0,-15,1.33,1,3.36,0.7707771924384057,2,-0.1390395247490278,5.20171653525419,False
4.3,0.0,-15,1.33,2,0.0,0.849213938071382,4,-0.1030924136463697,5.20171653525419,False
4.3,0.0,-15,1.33,2,3.36,0.9682495535907569,4,-0.046122221807100426,5.296966576554627,False
4.3,0.0,-15,1.5,1,0.0,0.7624270242770227,2,-0.1502852800526072,5.255924768077866,False
4.3,0.0,-15,1.5,1,3.36,0.8692975854568513,2,-0.0933150882133379,5.350209824641867,False
4.3,0.0,-15,1.5,2,0.0,0.9577600805316361,4,-0.0588537381681805,5.350209824641867,False
4.3,0.0,-15,1.5,2,3.36,1.09201077472642,5,-0.0018835463289112522,5.442861854548061,True
4.3,0.0,-15,2.0,1,0.0,1.0165693657026968,5,-0.04798481432982977,5.795328967803166,True
4.3,0.0,-15,2.0,1,3.36,1.1590634472758015,5,0.008985377509439459,5.880972525446664,True
4.3,0.0,-15,2.0,2,0.0,1.2770134407088478,5,0.03845522495991881,5.880972525446664,True
4.3,0.0,-15,2.0,2,3.36,1.4560143663018932,5,0.09542541679918809,5.965386646736195,True
4.3,0.0,-10,0.75,1,0.0,0.28958510133036697,0,-0.545081565295356,4.851173095085086,False
4.3,0.0,-10,0.75,1,3.36,0.2906233667114465,0,-0.5435272501417651,4.9531687229971695,False
4.3,0.0,-10,0.75,2,0.0,0.3872063450767842,0,-0.4228258477738641,4.9531687229971695,False
4.3,0.0,-10,0.75,2,3.36,0.3889720976599311,0,-0.4191243712401598,5.053106014965192,False
4.3,0.0,-10,1.0,1,0.0,0.3861134684404893,0,-0.4251155695218671,4.687527238102152,False
4.3,0.0,-10,1.0,1,3.36,0.38749782228192875,1,-0.42356125436827613,4.793006531181613,False
4.3,0.0,-10,1.0,2,0.0,0.5162751267690463,0,-0.3057786934214487,4.793006531181613,False
4.3,0.0,-10,1.0,2,3.36,0.5186294635465749,1,-0.3007187977907931,4.896214007572544,False
4.3,0.0,-10,1.33,1,0.0,0.5135309130258492,1,-0.3096777080173609,4.8483847315341615,False
4.3,0.0,-10,1.33,1,3.36,0.5153721036349637,1,-0.30812339286376983,4.950437809423888,False
4.3,0.0,-10,1.33,2,0.0,0.6866459186028315,1,-0.19518815426684175,4.950437809423888,False
4.3,0.0,-10,1.33,2,3.36,0.6897771865169431,2,-0.1878806359401289,5.050429140674442,False
4.3,0.0,-10,1.5,1,0.0,0.5791702026607339,1,-0.2625497176525309,5.007367048612584,False
4.3,0.0,-10,1.5,1,3.36,0.581246733422893,2,-0.26099540249893993,5.106243703499775,False
4.3,0.0,-10,1.5,2,0.0,0.7744126901535684,1,-0.15094947878865256,5.106243703499775,False
4.3,0.0,-10,1.5,2,3.36,0.7779441953198623,2,-0.14230740725440444,5.203241754861203,False
4.3,0.0,-10,2.0,1,0.0,0.7722269368809787,2,-0.15547427800928376,5.570890183525003,False
4.3,0.0,-10,2.0,1,3.36,0.7749956445638575,2,-0.15391996285569276,5.659930868561491,False
4.3,0.0,-10,2.0,2,0.0,1.0325502535380926,5,-0.05364051566055313,5.659930868561491,True
4.3,0.0,-10,2.0,2,3.36,1.0372589270931498,5,-0.04051791517695304,5.747592316517869,True
4.3,0.0,-5,0.75,1,0.0,0.20382636341902854,0,-0.6975974236159908,4.69076413322813,False
4.3,0.0,-5,0.75,1,3.36,0.2048646288001081,0,-0.695390798540316,4.796172239774073,False
4.3,0.0,-5,0.75,2,0.0,0.2725377129113315,0,-0.5731945447143856,4.796172239774073,False
4.3,0.0,-5,0.75,2,3.36,0.27419207650918265,0,-0.5709879196387109,4.8993130287397895,False
4.3,0.0,-5,1.0,1,0.0,0.2717684845587048,0,-0.5776314278425018,4.521316109613619,False
4.3,0.0,-5,1.0,1,3.36,0.2731528384001442,0,-0.5754248027668271,4.63058304785171,False
4.3,0.0,-5,1.0,2,0.0,0.36338361721510903,0,-0.4547889712650188,4.63058304785171,False
4.3,0.0,-5,1.0,2,3.36,0.36558943534557686,0,-0.45258234618934423,4.7373304046743065,False
4.3,0.0,-5,1.33,1,0.0,0.3614520844630762,0,-0.46219356633799563,4.687880358976285,False
4.3,0.0,-5,1.33,1,3.36,0.3632932750721906,1,-0.4599869412623209,4.793351881520448,False
4.3,0.0,-5,1.33,2,0.0,0.4833002108960951,0,-0.3419508094143546,4.793351881520448,False
4.3,0.0,-5,1.33,2,3.36,0.48623394900961625,1,-0.33974418433867987,4.896552078766816,False
4.3,0.0,-5,1.5,1,0.0,0.4076527268380571,1,-0.4150655759731656,4.852124536183417,False
4.3,0.0,-5,1.5,1,3.36,0.4097292576002162,1,-0.412858950897491,4.954100575748654,False
4.3,0.0,-5,1.5,2,0.0,0.545075425822663,1,-0.2963775807286302,4.954100575748654,False
4.3,0.0,-5,1.5,2,3.36,0.5483841530183653,2,-0.2941709556529555,5.054019441457773,False
4.3,0.0,-5,2.0,1,0.0,0.5435369691174096,2,-0.30799013632991845,5.431777351106844,False
4.3,0.0,-5,2.0,1,3.36,0.5463056768002884,2,-0.30578351125424375,5.5230612156662975,False
4.3,0.0,-5,2.0,2,0.0,0.7267672344302181,2,-0.19458808865117874,5.5230612156662975,False
4.3,0.0,-5,2.0,2,3.36,0.7311788706911537,3,-0.19238146357550412,5.6128606959372584,False
4.3,0.0,0,0.75,1,0.0,0.15320731858691927,0,-0.8215782679893487,4.6360612670613826,False
4.3,0.0,0,0.75,1,3.36,0.16586339044955017,0,-0.7869574493320821,4.742685322889006,False
4.3,0.0,0,0.75,2,0.0,0.2050536154815668,0,-0.6970402254823743,4.742685322889006,False
4.3,0.0,0,0.75,2,3.36,0.21248134040116656,0,-0.681165190817257,4.846964418267045,False
4.3,0.0,0,1.0,1,0.0,0.20427642478255903,0,-0.7016122722158599,4.464537521560209,False
4.3,0.0,0,1.0,1,3.36,0.2211511872660672,0,-0.6668840982448019,4.575160683672102,False
4.3,0.0,0,1.0,2,0.0,0.2734048206420891,0,-0.5782379821156399,4.575160683672102,False
4.3,0.0,0,1.0,2,3.36,0.28330845386822245,0,-0.5623629474505225,4.683171498185709,False
4.3,0.0,0,1.33,1,0.0,0.27168764496080267,0,-0.5861744107113537,4.633143444621909,False
4.3,0.0,0,1.33,1,3.36,0.29413107906386937,1,-0.5512666840418393,4.739833138248958,False
4.3,0.0,0,1.33,2,0.0,0.36362841145397773,0,-0.46474075932236986,4.739833138248958,False
4.3,0.0,0,1.33,2,3.36,0.37680024364473585,1,-0.4488657246572525,4.844173632152647,False
4.3,0.0,0,1.5,1,0.0,0.30641463717383854,0,-0.5390464203465236,4.799261238253288,False
4.3,0.0,0,1.5,1,3.36,0.33172678089910035,1,-0.5040308767798157,4.902337037883104,False
4.3,0.0,0,1.5,2,0.0,0.4101072309631336,0,-0.41877449842285563,4.902337037883104,False
4.3,0.0,0,1.5,2,3.36,0.4249626808023331,1,-0.40289946375773833,5.003289761047274,False
4.3,0.0,0,2.0,1,0.0,0.40855284956511806,1,-0.43197098070327655,5.384607795407631,False
4.3,0.0,0,2.0,1,3.36,0.4423023745321344,2,-0.3965862662149143,5.476677926477385,False
4.3,0.0,0,2.0,2,0.0,0.5468096412841782,1,-0.31565544214440966,5.476677926477385,False
4.3,0.0,0,2.0,2,3.36,0.5666169077364449,2,-0.29978040747929224,5.567225620573018,False
4.3,0.0,5,0.75,1,0.0,0.13038518485095935,0,-0.8876702750757237,4.69076413322813,False
4.3,0.0,5,0.75,1,3.36,0.13764235572868802,0,-0.8641464252246952,4.796172239774073,False
4.3,0.0,5,0.75,2,0.0,0.16190010334932997,0,-0.7996605306169081,4.796172239774073,False
4.3,0.0,5,0.75,2,3.36,0.18140386402791348,0,-0.7439220758477576,4.8993130287397895,False
4.3,0.0,5,1.0,1,0.0,0.17384691313461237,0,-0.7648493411683974,4.521316109613619,False
4.3,0.0,5,1.0,1,3.36,0.18352314097158395,0,-0.7413254913173688,4.63058304785171,False
4.3,0.0,5,1.0,2,0.0,0.21586680446577333,0,-0.6808582872501736,4.63058304785171,False
4.3,0.0,5,1.0,2,3.36,0.24187181870388466,0,-0.6208615194651323,4.7373304046743065,False
4.3,0.0,5,1.33,1,0.0,0.23121639446903453,0,-0.6446061380674973,4.687880358976285,False
4.3,0.0,5,1.33,1,3.36,0.24408577749220672,0,-0.6210822882164687,4.793351881520448,False
4.3,0.0,5,1.33,2,0.0,0.28710284993947793,0,-0.5673610644569036,4.793351881520448,False
4.3,0.0,5,1.33,2,3.36,0.3216895188761657,1,-0.5002120807690035,4.896552078766816,False
4.3,0.0,5,1.5,1,0.0,0.2607703697019187,0,-0.5945737660507351,4.852124536183417,False
4.3,0.0,5,1.5,1,3.36,0.27528471145737604,1,-0.5710499161997065,4.954100575748654,False
4.3,0.0,5,1.5,2,0.0,0.32380020669865994,0,-0.5213948035573895,4.954100575748654,False
4.3,0.0,5,1.5,2,3.36,0.36280772805582695,1,-0.44993239669765206,5.054019441457773,False
4.3,0.0,5,2.0,1,0.0,0.34769382626922474,1,-0.4774382525020411,5.431777351106844,False
4.3,0.0,5,2.0,1,3.36,0.3670462819431679,2,-0.45391440265101246,5.5230612156662975,False
4.3,0.0,5,2.0,2,0.0,0.43173360893154666,1,-0.4182757472789434,5.5230612156662975,False
4.3,0.0,5,2.0,2,3.36,0.4837436374077693,2,-0.331929415360886,5.6128606959372584,False
4.3,0.0,10,0.75,1,0.0,0.1250311910095283,0,-0.9058801539670435,4.851173095085086,False
4.3,0.0,10,0.75,1,3.36,0.132288361887257,0,-0.8813768834572158,4.9531687229971695,False
4.3,0.0,10,0.75,2,0.0,0.14782702490018504,0,-0.8328147728669114,4.9531687229971695,False
4.3,0.0,10,0.75,2,3.36,0.18140386402791348,0,-0.7439220758477576,5.053106014965192,False
4.3,0.0,10,1.0,1,0.0,0.16670825467937103,0,-0.783059220059717,4.687527238102152,False
4.3,0.0,10,1.0,1,3.36,0.17638448251634262,0,-0.7585559495498894,4.793006531181613,False
4.3,0.0,10,1.0,2,0.0,0.1971026998669134,0,-0.7097542164842862,4.793006531181613,False
4.3,0.0,10,1.0,2,3.36,0.24187181870388466,0,-0.6208615194651323,4.896214007572544,False
4.3,0.0,10,1.33,1,0.0,0.22172197872356347,0,-0.662816016958817,4.8483847315341615,False
4.3,0.0,10,1.33,1,3.36,0.2345913617467357,0,-0.6383127464489893,4.950437809423888,False
4.3,0.0,10,1.33,2,0.0,0.26214659082299413,0,-0.5891047777881572,4.950437809423888,False
4.3,0.0,10,1.33,2,3.36,0.3216895188761657,0,-0.5002120807690035,5.050429140674442,False
4.3,0.0,10,1.5,1,0.0,0.2500623820190566,0,-0.6127836449420547,5.007367048612584,False
4.3,0.0,10,1.5,1,3.36,0.264576723774514,1,-0.588280374432227,5.106243703499775,False
4.3,0.0,10,1.5,2,0.0,0.2956540498003701,0,-0.5388250937168058,5.106243703499775,False
4.3,0.0,10,1.5,2,3.36,0.36280772805582695,1,-0.44993239669765206,5.203241754861203,False
4.3,0.0,10,2.0,1,0.0,0.33341650935874206,1,-0.49564813139336067,5.570890183525003,False
4.3,0.0,10,2.0,1,3.36,0.35276896503268523,1,-0.47114486088353297,5.659930868561491,False
4.3,0.0,10,2.0,2,0.0,0.3942053997338268,1,-0.4208221123800398,5.659930868561491,False
4.3,0.0,10,2.0,2,3.36,0.4837436374077693,2,-0.331929415360886,5.747592316517869,False
4.3,0.0,15,0.75,1,0.0,0.1218099663247749,0,-0.917215698992565,5.1073379373838845,False
4.3,0.0,15,0.75,1,3.36,0.1290671372025036,0,-0.892082844910666,5.204315594450501,False
4.3,0.0,15,0.75,2,0.0,0.14782702490018504,0,-0.8328147728669114,5.204315594450501,False
4.3,0.0,15,0.75,2,3.36,0.18140386402791348,0,-0.7439220758477576,5.299518922189133,False
4.3,0.0,15,1.0,1,0.0,0.16241328843303315,0,-0.7943947650852385,4.952164376927815,False
4.3,0.0,15,1.0,1,3.36,0.1720895162700047,0,-0.7692619110033396,5.052121536158137,False
4.3,0.0,15,1.0,2,0.0,0.1971026998669134,0,-0.7097542164842862,5.052121536158137,False
4.3,0.0,15,1.0,2,3.36,0.24187181870388466,0,-0.6208615194651323,5.150139028813966,False
4.3,0.0,15,1.33,1,0.0,0.21600967361593412,0,-0.6741515619843386,5.104689502128101,False
4.3,0.0,15,1.33,1,3.36,0.22887905663910632,0,-0.6490187079024395,5.20171653525419,False
4.3,0.0,15,1.33,2,0.0,0.26214659082299413,0,-0.5891047777881572,5.20171653525419,False
4.3,0.0,15,1.33,2,3.36,0.3216895188761657,0,-0.5002120807690035,5.296966576554627,False
4.3,0.0,15,1.5,1,0.0,0.2436199326495498,0,-0.6241191899675763,5.255924768077866,False
4.3,0.0,15,1.5,1,3.36,0.2581342744050072,0,-0.5989863358856773,5.350209824641867,False
4.3,0.0,15,1.5,2,0.0,0.2956540498003701,0,-0.5388250937168058,5.350209824641867,False
4.3,0.0,15,1.5,2,3.36,0.36280772805582695,1,-0.44993239669765206,5.442861854548061,False
4.3,0.0,15,2.0,1,0.0,0.3248265768660663,0,-0.5069836764188822,5.795328967803166,False
4.3,0.0,15,2.0,1,3.36,0.3441790325400094,1,-0.48185082233698334,5.880972525446664,False
4.3,0.0,15,2.0,2,0.0,0.3942053997338268,0,-0.4208221123800398,5.880972525446664,False
4.3,0.0,15,2.0,2,3.36,0.4837436374077693,1,-0.331929415360886,5.965386646736195,False
4.3,0.1,-15,0.75,1,0.0,0.3410941677844498,0,-0.475070268625123,5.131754164673194,False
4.3,0.1,-15,0.75,1,3.36,0.38890585856345583,0,-0.41810007678585376,5.228278952642128,False
4.3,0.1,-15,0.75,2,0.0,0.44282638534675733,0,-0.3639410573753897,5.228278952642128,False
4.3,0.1,-15,0.75,2,3.36,0.5048980365347767,0,-0.3069708655361204,5.323053710666526,False
4.3,0.1,-15,1.0,1,0.0,0.4547922237125997,0,-0.35588168676283605,4.977341862491751,False
4.3,0.1,-15,1.0,1,3.36,0.5185411447512744,1,-0.2989114949235668,5.07680332651491,False
4.3,0.1,-15,1.0,2,0.0,0.590435180462343,1,-0.24633963800251082,5.07680332651491,False
4.3,0.1,-15,1.0,2,3.36,0.6731973820463688,1,-0.18936944616324158,5.174353294481626,False
4.3,0.1,-15,1.33,1,0.0,0.6048736575377558,1,-0.24174138655179112,5.129118336823284,False
4.3,0.1,-15,1.33,1,3.36,0.6896597225191928,2,-0.18477119471252193,5.225691811917045,False
4.3,0.1,-15,1.33,2,0.0,0.7852787900149145,2,-0.1348337765956715,5.225691811917045,False
4.3,0.1,-15,1.33,2,3.36,0.8953525181216687,2,-0.07786358475640223,5.3205126551054125,False
4.3,0.1,-15,1.5,1,0.0,0.6821883355688996,2,-0.1953908874165347,5.279653887111764,False
4.3,0.1,-15,1.5,1,3.36,0.7778117171269117,2,-0.13842069557726544,5.373522603255183,False
4.3,0.1,-15,1.5,2,0.0,0.8856527706935147,4,-0.09005271039576343,5.373522603255183,False
4.3,0.1,-15,1.5,2,3.36,1.0097960730695534,5,-0.03308251855649419,5.465779465702432,True
4.3,0.1,-15,2.0,1,0.0,0.9095844474251994,4,-0.0909676305396656,5.816858073312302,False
4.3,0.1,-15,2.0,1,3.36,1.0370822895025489,5,-0.03399743870039633,5.902189241718577,True
4.3,0.1,-15,2.0,2,0.0,1.180870360924686,5,0.00907087297965635,5.902189241718577,True
4.3,0.1,-15,2.0,2,3.36,1.3463947640927376,5,0.06604106481892558,5.986304189151976,True
4.3,0.1,-10,0.75,1,0.0,0.25273222039606275,0,-0.6033649941018498,4.8768719891419545,False
4.3,0.1,-10,0.75,1,3.36,0.25363835511748006,0,-0.6018106789482589,4.978341129179218,False
4.3,0.1,-10,0.75,2,0.0,0.3499484532871407,0,-0.46420400072383855,4.978341129179218,False
4.3,0.1,-10,0.75,2,3.36,0.3512031427119114,0,-0.46264968557024766,5.077783020027284,False
4.3,0.1,-10,1.0,1,0.0,0.336976293861417,0,-0.48280194948969407,4.714118327741635,False
4.3,0.1,-10,1.0,1,3.36,0.33818447348997344,0,-0.48124763433610307,4.819015626447957,False
4.3,0.1,-10,1.0,2,0.0,0.4665979377161876,0,-0.3452035327174482,4.819015626447957,False
4.3,0.1,-10,1.0,2,3.36,0.4682708569492153,1,-0.3436492175638572,4.921677722885723,False
4.3,0.1,-10,1.33,1,0.0,0.4481784708356832,1,-0.3663643860719636,4.87409832738052,False
4.3,0.1,-10,1.33,1,3.36,0.44978534974166334,1,-0.36481007091837253,4.975624031714372,False
4.3,0.1,-10,1.33,2,0.0,0.6205752571625283,1,-0.23137650176826133,4.975624031714372,False
4.3,0.1,-10,1.33,2,3.36,0.6228002397424551,2,-0.22982218661467027,5.075119161652619,False
4.3,0.1,-10,1.5,1,0.0,0.5054644407921255,1,-0.3186353945690594,5.032268351303525,False
4.3,0.1,-10,1.5,1,3.36,0.5072767102349601,2,-0.3170810794154685,5.130665138121089,False
4.3,0.1,-10,1.5,2,0.0,0.6998969065742814,1,-0.1852132715020902,5.130665138121089,False
4.3,0.1,-10,1.5,2,3.36,0.7024062854238228,2,-0.18365895634849927,5.227210035911232,False
4.3,0.1,-10,2.0,1,0.0,0.673952587722834,2,-0.20949782331475425,5.593283243042072,False
4.3,0.1,-10,2.0,1,3.36,0.6763689469799469,2,-0.20794350816116325,5.6819730232459955,False
4.3,0.1,-10,2.0,2,0.0,0.9331958754323753,2,-0.08302486764081565,5.6819730232459955,False
4.3,0.1,-10,2.0,2,3.36,0.9365417138984306,3,-0.07987187729315005,5.7692995620694925,False
4.3,0.1,-5,0.75,1,0.0,0.1778872226695732,0,-0.7558808524224846,4.717336976894851,False
4.3,0.1,-5,0.75,1,3.36,0.1787933573909905,0,-0.75367422734681,4.822164260327456,False
4.3,0.1,-5,0.75,2,0.0,0.24631350262822335,0,-0.6167198590444732,4.822164260327456,False
4.3,0.1,-5,0.75,2,3.36,0.2475681920529941,0,-0.6145132339687986,4.9247607204390595,False
4.3,0.1,-5,1.0,1,0.0,0.23718296355943091,0,-0.6353178078103289,4.548878912770886,False
4.3,0.1,-5,1.0,1,3.36,0.23839114318798735,0,-0.6331111827346542,4.657499260660342,False
4.3,0.1,-5,1.0,2,0.0,0.3284180035042979,0,-0.4977193910380829,4.657499260660342,False
4.3,0.1,-5,1.0,2,3.36,0.3300909227373255,0,-0.4955127659624083,4.763643496636963,False
4.3,0.1,-5,1.33,1,0.0,0.3154533415340422,0,-0.5188802443925982,4.714469456903462,False
4.3,0.1,-5,1.33,1,3.36,0.31706022044002224,1,-0.5166736193169236,4.819359113002021,False
4.3,0.1,-5,1.33,2,0.0,0.4367959446607153,0,-0.383892360088896,4.819359113002021,False
4.3,0.1,-5,1.33,2,3.36,0.43902092724064207,1,-0.38168573501322134,4.9220140450912595,False
4.3,0.1,-5,1.5,1,0.0,0.3557744453391464,1,-0.47115125288969417,4.8778184175544235,False
4.3,0.1,-5,1.5,1,3.36,0.357586714781981,1,-0.4689446278140195,4.9792682710045995,False
4.3,0.1,-5,1.5,2,0.0,0.4926270052564467,1,-0.33772912982272496,4.9792682710045995,False
4.3,0.1,-5,1.5,2,3.36,0.4951363841059882,1,-0.33552250474705025,5.078692008247117,False
4.3,0.1,-5,2.0,1,0.0,0.47436592711886183,2,-0.362013681635389,5.454741533014858,False
4.3,0.1,-5,2.0,1,3.36,0.4767822863759747,2,-0.35764278312546754,5.5456474096355315,False
4.3,0.1,-5,2.0,2,0.0,0.6568360070085958,2,-0.2339420507673757,5.5456474096355315,False
4.3,0.1,-5,2.0,2,3.36,0.660181845474651,2,-0.23173542569170114,5.635086972886691,False
4.3,0.1,0,0.75,1,0.0,0.13813926099220109,0,-0.862090457474118,4.662945857711281,False
4.3,0.1,0,0.75,1,3.36,0.14723391015210144,0,-0.8379819467482975,4.768968868838084,False
4.3,0.1,0,0.75,2,0.0,0.18514303369011187,0,-0.7407007034178313,4.768968868838084,False
4.3,0.1,0,0.75,2,3.36,0.19236855842061718,0,-0.719649444167864,4.872685509238904,False
4.3,0.1,0,1.0,1,0.0,0.1841856813229348,0,-0.7389128392423373,4.492448695468761,False
4.3,0.1,0,1.0,1,3.36,0.19631188020280224,0,-0.7173931720736947,4.602401034397044,False
4.3,0.1,0,1.0,2,0.0,0.24685737825348253,0,-0.61969202469808,4.602401034397044,False
4.3,0.1,0,1.0,2,3.36,0.25649141122748953,0,-0.5983841631386055,4.7097871800559075,False
4.3,0.1,0,1.33,1,0.0,0.2449669561595026,0,-0.61806477430188,4.66004486871564,False
4.3,0.1,0,1.33,1,3.36,0.26109480066972696,1,-0.6009124640583948,4.766132413020327,False
4.3,0.1,0,1.33,2,0.0,0.32832031307713117,0,-0.5005339585120196,4.766132413020327,False
4.3,0.1,0,1.33,2,3.36,0.3411335769325612,1,-0.48410092787925446,4.869909463064275,False
4.3,0.1,0,1.5,1,0.0,0.27627852198440217,0,-0.5690325309554073,4.8252366193794565,False
4.3,0.1,0,1.5,1,3.36,0.2944678203042029,1,-0.55315749629029,4.927769113199246,False
4.3,0.1,0,1.5,2,0.0,0.37028606738022374,0,-0.4535399613153981,4.927769113199246,False
4.3,0.1,0,1.5,2,3.36,0.38473711684123435,1,-0.43766492665028073,5.02821125580464,False
4.3,0.1,0,2.0,1,0.0,0.3683713626458696,1,-0.45980559697587303,5.407772287214453,False
4.3,0.1,0,2.0,1,3.36,0.3926237604056045,2,-0.4439305623107556,5.49945461935678,False
4.3,0.1,0,2.0,2,0.0,0.49371475650696506,1,-0.3488259010659095,5.49945461935678,False
4.3,0.1,0,2.0,2,3.36,0.5129828224549791,2,-0.33295086640079213,5.589633360996464,False
4.3,0.1,5,0.75,1,0.0,0.11207596996757892,0,-0.9564772865479486,4.717336976894851,False
4.3,0.1,5,0.75,1,3.36,0.11736072520859014,0,-0.9364670082424459,4.822164260327456,False
4.3,0.1,5,0.75,2,0.0,0.14848090797928484,0,-0.8361538603458603,4.822164260327456,False
4.3,0.1,5,0.75,2,3.36,0.1788754822796918,0,-0.7499835893899138,4.9247607204390595,False
4.3,0.1,5,1.0,1,0.0,0.1494346266234388,0,-0.8358885118733458,4.548878912770886,False
4.3,0.1,5,1.0,1,3.36,0.15648096694478708,0,-0.8158782335678432,4.657499260660342,False
4.3,0.1,5,1.0,2,0.0,0.19797454397237998,0,-0.7157908713689707,4.657499260660342,False
4.3,0.1,5,1.0,2,3.36,0.23850064303958912,0,-0.626898174349817,4.763643496636963,False
4.3,0.1,5,1.33,1,0.0,0.1987480534091736,0,-0.7194078038580459,4.714469456903462,False
4.3,0.1,5,1.33,1,3.36,0.20811968603656686,0,-0.6993975255525432,4.819359113002021,False
4.3,0.1,5,1.33,2,0.0,0.26330614348326536,0,-0.5950992627774431,4.819359113002021,False
4.3,0.1,5,1.33,2,3.36,0.31720585524265266,0,-0.5062065657582895,4.9220140450912595,False
4.3,0.1,5,1.5,1,0.0,0.22415193993515783,0,-0.6716528360899411,4.8778184175544235,False
4.3,0.1,5,1.5,1,3.36,0.2347214504171803,1,-0.6506406307488833,4.9792682710045995,False
4.3,0.1,5,1.5,2,0.0,0.2969618159585697,0,-0.5447938901880592,4.9792682710045995,False
4.3,0.1,5,1.5,2,3.36,0.3577509645593836,1,-0.4559011931689054,5.078692008247117,False
4.3,0.1,5,2.0,1,0.0,0.2988692532468776,1,-0.555779214217407,5.454741533014858,False
4.3,0.1,5,2.0,1,3.36,0.31296193388957416,2,-0.5322553643663783,5.5456474096355315,False
4.3,0.1,5,2.0,2,0.0,0.39594908794475997,1,-0.42670070857098696,5.5456474096355315,False
4.3,0.1,5,2.0,2,3.36,0.47700128607917824,2,-0.33818552233191795,5.635086972886691,False
4.3,0.1,10,0.75,1,0.0,0.103673317672177,0,-0.9867567894473583,4.8768719891419545,False
4.3,0.1,10,0.75,1,3.36,0.1096908159918619,0,-0.9622535189375306,4.978341129179218,False
4.3,0.1,10,0.75,2,0.0,0.14576663245124566,0,-0.8388762864090676,4.978341129179218,False
4.3,0.1,10,0.75,2,3.36,0.17491440573375697,0,-0.7609579557261447,5.077783020027284,False
4.3,0.1,10,1.0,1,0.0,0.1382310902295693,0,-0.8635909518790238,4.714118327741635,False
4.3,0.1,10,1.0,1,3.36,0.1462544213224825,0,-0.8390876813691961,4.819015626447957,False
4.3,0.1,10,1.0,2,0.0,0.19435550993499426,0,-0.7157908713689707,4.819015626447957,False
4.3,0.1,10,1.0,2,3.36,0.23321920764500928,0,-0.6387784317486546,4.921677722885723,False
4.3,0.1,10,1.33,1,0.0,0.18384735000532718,0,-0.7427628810111352,4.87409832738052,False
4.3,0.1,10,1.33,1,3.36,0.19451838035890173,0,-0.7182596105013075,4.975624031714372,False
4.3,0.1,10,1.33,2,0.0,0.2584928282135417,0,-0.5950992627774431,4.975624031714372,False
4.3,0.1,10,1.33,2,3.36,0.3101815461678624,0,-0.5196203655625944,5.075119161652619,False
4.3,0.1,10,1.5,1,0.0,0.207346635344354,0,-0.6923743594912315,5.032268351303525,False
4.3,0.1,10,1.5,1,3.36,0.2193816319837238,0,-0.6678710889814039,5.130665138121089,False
4.3,0.1,10,1.5,2,0.0,0.2915332649024913,0,-0.5447938901880592,5.130665138121089,False
4.3,0.1,10,1.5,2,3.36,0.34982881146751393,1,-0.47024725723152067,5.227210035911232,False
4.3,0.1,10,2.0,1,0.0,0.2764621804591386,0,-0.5739890931087266,5.593283243042072,False
4.3,0.1,10,2.0,1,3.36,0.292508842644965,1,-0.5494858225988988,5.6819730232459955,False
4.3,0.1,10,2.0,2,0.0,0.3887110198699885,1,-0.42670070857098696,5.6819730232459955,False
4.3,0.1,10,2.0,2,3.36,0.46643841529001856,2,-0.3554159805644385,5.7692995620694925,False
4.3,0.1,15,0.75,1,0.0,0.10100234375487305,0,-0.9980923344728799,5.131754164673194,False
4.3,0.1,15,0.75,1,3.36,0.10701984207455795,0,-0.9729594803909809,5.228278952642128,False
4.3,0.1,15,0.75,2,0.0,0.14576663245124566,0,-0.8388762864090676,5.228278952642128,False
4.3,0.1,15,0.75,2,3.36,0.17065523589122206,0,-0.7716639171795948,5.323053710666526,False
4.3,0.1,15,1.0,1,0.0,0.13466979167316404,0,-0.8749264969045454,4.977341862491751,False
4.3,0.1,15,1.0,1,3.36,0.1426931227660772,0,-0.8497936428226465,5.07680332651491,False
4.3,0.1,15,1.0,2,0.0,0.19435550993499426,0,-0.7157908713689707,5.07680332651491,False
4.3,0.1,15,1.0,2,3.36,0.22754031452162934,0,-0.6494843932021049,5.174353294481626,False
4.3,0.1,15,1.33,1,0.0,0.1791108229253082,0,-0.7540984260366567,5.129118336823284,False
4.3,0.1,15,1.33,1,3.36,0.18978185327888272,0,-0.7289655719547578,5.225691811917045,False
4.3,0.1,15,1.33,2,0.0,0.2584928282135417,0,-0.5950992627774431,5.225691811917045,False
4.3,0.1,15,1.33,2,3.36,0.30262861831376714,0,-0.5303263270160448,5.3205126551054125,False
4.3,0.1,15,1.5,1,0.0,0.2020046875097461,0,-0.7037099045167531,5.279653887111764,False
4.3,0.1,15,1.5,1,3.36,0.2140396841491159,0,-0.6785770504348542,5.373522603255183,False
4.3,0.1,15,1.5,2,0.0,0.2915332649024913,0,-0.5447938901880592,5.373522603255183,False
4.3,0.1,15,1.5,2,3.36,0.3413104717824441,0,-0.48095321868497093,5.465779465702432,False
4.3,0.1,15,2.0,1,0.0,0.26933958334632807,0,-0.5853246381342481,5.816858073312302,False
4.3,0.1,15,2.0,1,3.36,0.2853862455321544,1,-0.5601917840523492,5.902189241718577,False
4.3,0.1,15,2.0,2,0.0,0.3887110198699885,0,-0.42670070857098696,5.902189241718577,False
4.3,0.1,15,2.0,2,3.36,0.4550806290432587,1,-0.36612194201788884,5.986304189151976,False
4.3,0.2,-15,0.75,1,0.0,0.3011893645768062,0,-0.5282198767858314,5.204315594450501,False
4.3,0.2,-15,0.75,1,3.36,0.3407708943527839,0,-0.4727688041855895,5.299518922189133,False
4.3,0.2,-15,0.75,2,0.0,0.40448845274098455,0,-0.4024321552063628,5.299518922189133,False
4.3,0.2,-15,0.75,2,3.36,0.4611862173253142,0,-0.34546196336709345,5.393041888085116,False
4.3,0.2,-15,1.0,1,0.0,0.4015858194357414,0,-0.4083983814198467,5.052121536158137,False
4.3,0.2,-15,1.0,1,3.36,0.4543611924703786,1,-0.3516344201630199,5.150139028813966,False
4.3,0.2,-15,1.0,2,0.0,0.5393179369879794,1,-0.28423678922235707,5.150139028813966,False
4.3,0.2,-15,1.0,2,3.36,0.6149149564337522,1,-0.22726659738308785,5.246325572828363,False
4.3,0.2,-15,1.33,1,0.0,0.5341091398495345,1,-0.29320205698945556,5.20171653525419,False
4.3,0.2,-15,1.33,1,3.36,0.6043003859856017,2,-0.23623186515018632,5.296966576554627,False
4.3,0.2,-15,1.33,2,0.0,0.7172928561940112,2,-0.17174738406900444,5.296966576554627,False
4.3,0.2,-15,1.33,2,3.36,0.8178368920568887,2,-0.11477719222973524,5.390533824505403,False
4.3,0.2,-15,1.5,1,0.0,0.6023787291536123,2,-0.2462190157266065,5.350209824641867,False
4.3,0.2,-15,1.5,1,3.36,0.6815417887055678,2,-0.18924882388733727,5.442861854548061,False
4.3,0.2,-15,1.5,2,0.0,0.8089769054819691,3,-0.1263818257308849,5.442861854548061,False
4.3,0.2,-15,1.5,2,3.36,0.9223724346506283,3,-0.06941163389161563,5.533962880946561,False
4.3,0.2,-15,2.0,1,0.0,0.8031716388714828,2,-0.13963935961060236,5.880972525446664,False
4.3,0.2,-15,2.0,1,3.36,0.9087223849407572,2,-0.08266916777133312,5.965386646736195,False
4.3,0.2,-15,2.0,2,0.0,1.0786358739759587,5,-0.025293011460523457,5.965386646736195,True
4.3,0.2,-15,2.0,2,3.36,1.2298299128675043,5,0.031677180378745805,6.048622805652416,True
4.3,0.2,-10,0.75,1,0.0,0.21783277996841424,0,-0.6671080643048105,4.9531687229971695,False
4.3,0.2,-10,0.75,1,3.36,0.2186137878077903,0,-0.6655537491512195,5.053106014965192,False
4.3,0.2,-10,0.75,2,0.0,0.3118300669635278,0,-0.5134391427412175,5.053106014965192,False
4.3,0.2,-10,0.75,2,3.36,0.3129480884426045,0,-0.5118848275876264,5.151104774558309,False
4.3,0.2,-10,1.0,1,0.0,0.2904437066245524,0,-0.5459736802822409,4.793006531181613,False
4.3,0.2,-10,1.0,1,3.36,0.29148505041038714,0,-0.5444193651286499,4.896214007572544,False
4.3,0.2,-10,1.0,2,0.0,0.4157734226180371,0,-0.3938306723516163,4.896214007572544,False
4.3,0.2,-10,1.0,2,3.36,0.4172641179234728,1,-0.3922763571980253,4.997290426616167,False
4.3,0.2,-10,1.33,1,0.0,0.3862901298106534,1,-0.4285768792394068,4.950437809423888,False
4.3,0.2,-10,1.33,1,3.36,0.38767511704581364,1,-0.4270225640858158,5.050429140674442,False
4.3,0.2,-10,1.33,2,0.0,0.5529786520819884,1,-0.27899013045264476,5.050429140674442,False
4.3,0.2,-10,1.33,2,3.36,0.5549612768382178,1,-0.2774358152990537,5.148478853503584,False
4.3,0.2,-10,1.5,1,0.0,0.4356655599368285,1,-0.3802696066575123,5.106243703499775,False
4.3,0.2,-10,1.5,1,3.36,0.4372275756155806,2,-0.3787152915039213,5.203241754861203,False
4.3,0.2,-10,1.5,2,0.0,0.6236601339270555,1,-0.2322204141880691,5.203241754861203,False
4.3,0.2,-10,1.5,2,3.36,0.625896176885209,2,-0.23066609903447807,5.298464377490057,False
4.3,0.2,-10,2.0,1,0.0,0.5808874132491048,2,-0.26913809595095695,5.659930868561491,False
4.3,0.2,-10,2.0,1,3.36,0.5829701008207743,2,-0.26758378079736594,5.747592316517869,False
4.3,0.2,-10,2.0,2,0.0,0.8315468452360743,2,-0.12636930594928042,5.747592316517869,False
4.3,0.2,-10,2.0,2,3.36,0.8345282358469456,3,-0.12481499079568938,5.833936701481705,False
4.3,0.2,-5,0.75,1,0.0,0.15332302376898327,0,-0.8196239226254453,4.796172239774073,False
4.3,0.2,-5,0.75,1,3.36,0.16557640159595924,0,-0.7833417268530115,4.8993130287397895,False
4.3,0.2,-5,0.75,2,0.0,0.21948362765174817,0,-0.6659550010618521,4.8993130287397895,False
4.3,0.2,-5,0.75,2,3.36,0.22060164913082486,0,-0.6637483759861774,5.000326804677815,False
4.3,0.2,-5,1.0,1,0.0,0.2044306983586444,0,-0.6984895386028755,4.63058304785171,False
4.3,0.2,-5,1.0,1,3.36,0.220768535461279,0,-0.6601150747380141,4.7373304046743065,False
4.3,0.2,-5,1.0,2,0.0,0.29264483686899767,0,-0.5463465306722509,4.7373304046743065,False
4.3,0.2,-5,1.0,2,3.36,0.2941355321744332,0,-0.5441399055965763,4.841724833471191,False
4.3,0.2,-5,1.33,1,0.0,0.2718928288169962,0,-0.5810927375600414,4.793351881520448,False
4.3,0.2,-5,1.33,1,3.36,0.2936221521635002,1,-0.5391837775238497,4.896552078766816,False
4.3,0.2,-5,1.33,2,0.0,0.3892176330357662,0,-0.43150598877327945,4.896552078766816,False
4.3,0.2,-5,1.33,2,3.36,0.39120025779199546,1,-0.4292993636976048,4.997621660357617,False
4.3,0.2,-5,1.5,1,0.0,0.30664604753796654,1,-0.532785464978147,4.954100575748654,False
4.3,0.2,-5,1.5,1,3.36,0.3311528031919185,1,-0.4887323373942287,5.054019441457773,False
4.3,0.2,-5,1.5,2,0.0,0.43896725530349634,1,-0.3847362725087038,5.054019441457773,False
4.3,0.2,-5,1.5,2,3.36,0.4412032982616497,1,-0.38252964743302914,5.1520008263424355,False
4.3,0.2,-5,2.0,1,0.0,0.4088613967172888,2,-0.4216539542715917,5.5230612156662975,False
4.3,0.2,-5,2.0,1,3.36,0.441537070922558,2,-0.3769111105467767,5.6128606959372584,False
4.3,0.2,-5,2.0,2,0.0,0.5852896737379953,2,-0.27888516426991505,5.6128606959372584,False
4.3,0.2,-5,2.0,2,3.36,0.5882710643488664,2,-0.27667853919424046,5.7012459333024115,False
4.3,0.2,0,0.75,1,0.0,0.12436404666257649,0,-0.9105868630862942,4.742685322889006,False
4.3,0.2,0,0.75,1,3.36,0.12899410978486187,0,-0.8947118284211769,4.846964418267045,False
4.3,0.2,0,0.75,2,0.0,0.1649761959257665,0,-0.7899358454352102,4.846964418267045,False
4.3,0.2,0,0.75,2,3.36,0.17579092691984116,0,-0.7596260126380324,4.949046784174382,False
4.3,0.2,0,1.0,1,0.0,0.16581872888343557,0,-0.789488781306294,4.575160683672102,False
4.3,0.2,0,1.0,1,3.36,0.1719921463798161,0,-0.7736137466411767,4.683171498185709,False
4.3,0.2,0,1.0,2,0.0,0.2199682612343554,0,-0.6703273750456091,4.683171498185709,False
4.3,0.2,0,1.0,2,3.36,0.23438790255978828,0,-0.63985338287323,4.788746733898022,False
4.3,0.2,0,1.33,1,0.0,0.2205389094149693,0,-0.672153004272219,4.739833138248958,False
4.3,0.2,0,1.33,1,3.36,0.2287495546851554,1,-0.6562779696071015,4.844173632152647,False
4.3,0.2,0,1.33,2,0.0,0.29255778744169214,0,-0.5554868331466376,4.844173632152647,False
4.3,0.2,0,1.33,2,3.36,0.3117359104045175,1,-0.5247387022078009,4.9463135948343355,False
4.3,0.2,0,1.5,1,0.0,0.24872809332515297,0,-0.6238825668682442,4.902337037883104,False
4.3,0.2,0,1.5,1,3.36,0.25798821956972373,1,-0.6080075322031269,5.003289761047274,False
4.3,0.2,0,1.5,2,0.0,0.329952391851533,0,-0.5087171168820619,5.003289761047274,False
4.3,0.2,0,1.5,2,3.36,0.3515818538396823,1,-0.4778046334489156,5.10224543049435,False
4.3,0.2,0,2.0,1,0.0,0.33163745776687115,1,-0.5128783490157076,5.476677926477385,False
4.3,0.2,0,2.0,1,3.36,0.3439842927596322,2,-0.4970033143505903,5.567225620573018,False
4.3,0.2,0,2.0,2,0.0,0.4399365224687108,1,-0.40286600864327315,5.567225620573018,False
4.3,0.2,0,2.0,2,3.36,0.46877580511957656,2,-0.3713923451434839,5.656323992697433,False
4.3,0.2,5,0.75,1,0.0,0.09819164592795006,0,-1.013207168220828,4.796172239774073,False
4.3,0.2,5,0.75,1,3.36,0.10282170905023547,0,-0.9931968899153252,4.8993130287397895,False
4.3,0.2,5,0.75,2,0.0,0.14325301101087504,0,-0.8463888901465213,4.8993130287397895,False
4.3,0.2,5,0.75,2,3.36,0.15306938356509986,0,-0.8183194580527758,5.000326804677815,False
4.3,0.2,5,1.0,1,0.0,0.13092219457060028,0,-0.8921090864408278,4.63058304785171,False
4.3,0.2,5,1.0,1,3.36,0.13709561206698082,0,-0.872098808135325,4.7373304046743065,False
4.3,0.2,5,1.0,2,0.0,0.19100401468116676,0,-0.723273120688088,4.7373304046743065,False
4.3,0.2,5,1.0,2,3.36,0.20409251142013313,0,-0.6957228924855966,4.841724833471191,False
4.3,0.2,5,1.33,1,0.0,0.17412651877889837,0,-0.7747733094067526,4.793351881520448,False
4.3,0.2,5,1.33,1,3.36,0.1823371640490845,0,-0.7547630311012499,4.896552078766816,False
4.3,0.2,5,1.33,2,0.0,0.2540353395259511,0,-0.6025300124310307,4.896552078766816,False
4.3,0.2,5,1.33,2,3.36,0.27144304018877713,0,-0.5758596464788939,4.997621660357617,False
4.3,0.2,5,1.5,1,0.0,0.19638329185590012,0,-0.7248741130277794,4.954100575748654,False
4.3,0.2,5,1.5,1,3.36,0.20564341810047093,1,-0.705633952616176,5.054019441457773,False
4.3,0.2,5,1.5,2,0.0,0.2865060220217501,0,-0.5521932638620091,5.054019441457773,False
4.3,0.2,5,1.5,2,3.36,0.3061387671301997,1,-0.5260583377202015,5.1520008263424355,False
4.3,0.2,5,2.0,1,0.0,0.26184438914120056,1,-0.6042381000190558,5.5230612156662975,False
4.3,0.2,5,2.0,1,3.36,0.27419122413396163,2,-0.5849979396074524,5.6128606959372584,False
4.3,0.2,5,2.0,2,0.0,0.3820080293623335,1,-0.4339898871388704,5.6128606959372584,False
4.3,0.2,5,2.0,2,3.36,0.40818502284026625,2,-0.40973178750541006,5.7012459333024115,False
4.3,0.2,10,0.75,1,0.0,0.08819622354353526,0,-1.056128216062642,4.9531687229971695,False
4.3,0.2,10,0.75,1,3.36,0.09252235702260297,0,-1.0353315176595141,5.053106014965192,False
4.3,0.2,10,0.75,2,0.0,0.13904475285182752,0,-0.8600531867951242,5.053106014965192,False
4.3,0.2,10,0.75,2,3.36,0.14711531126968957,0,-0.8355499162852965,5.151104774558309,False
4.3,0.2,10,1.0,1,0.0,0.11759496472471369,0,-0.9323464698365698,4.793006531181613,False
4.3,0.2,10,1.0,1,3.36,0.12336314269680396,0,-0.911549771433442,4.896214007572544,False
4.3,0.2,10,1.0,2,0.0,0.1853930038024367,0,-0.7374566212279449,4.896214007572544,False
4.3,0.2,10,1.0,2,3.36,0.1961537483595861,0,-0.7129533507181172,4.997290426616167,False
4.3,0.2,10,1.33,1,0.0,0.15640130308386876,0,-0.8104715245461493,4.950437809423888,False
4.3,0.2,10,1.33,1,3.36,0.1640729797867488,0,-0.7896748261430215,5.050429140674442,False
4.3,0.2,10,1.33,2,0.0,0.24657269505724086,0,-0.6175933752212421,5.050429140674442,False
4.3,0.2,10,1.33,2,3.36,0.26088448531824954,0,-0.5930901047114145,5.148478853503584,False
4.3,0.2,10,1.5,1,0.0,0.17639244708707053,0,-0.759444065836207,5.106243703499775,False
4.3,0.2,10,1.5,1,3.36,0.18504471404520595,0,-0.7386473674330792,5.203241754861203,False
4.3,0.2,10,1.5,2,0.0,0.27808950570365504,0,-0.5677920664625498,5.203241754861203,False
4.3,0.2,10,1.5,2,3.36,0.29423062253937915,1,-0.5432887959527221,5.298464377490057,False
4.3,0.2,10,2.0,1,0.0,0.23518992944942738,0,-0.6388080528274834,5.659930868561491,False
4.3,0.2,10,2.0,1,3.36,0.2467262853936079,1,-0.6180113544243556,5.747592316517869,False
4.3,0.2,10,2.0,2,0.0,0.3707860076048734,1,-0.45146551624775827,5.747592316517869,False
4.3,0.2,10,2.0,2,3.36,0.3923074967191722,2,-0.42696224573793057,5.833936701481705,False
4.3,0.2,15,0.75,1,0.0,0.0831260737171768,0,-1.0822748724167108,5.204315594450501,False
4.3,0.2,15,0.75,1,3.36,0.08807854303936499,0,-1.057142018334812,5.299518922189133,False
4.3,0.2,15,0.75,2,0.0,0.13546249160521098,0,-0.8713887318206457,5.299518922189133,False
4.3,0.2,15,0.75,2,3.36,0.14353305002307304,0,-0.8462558777387467,5.393041888085116,False
4.3,0.2,15,1.0,1,0.0,0.11083476495623575,0,-0.9588094621220876,5.052121536158137,False
4.3,0.2,15,1.0,1,3.36,0.11743805738581999,0,-0.9336766080401887,5.150139028813966,False
4.3,0.2,15,1.0,2,0.0,0.18061665547361466,0,-0.7487921662534663,5.150139028813966,False
4.3,0.2,15,1.0,2,3.36,0.191377400030764,0,-0.7236593121715675,5.246325572828363,False
4.3,0.2,15,1.33,1,0.0,0.14741023739179354,0,-0.8373324348914816,5.20171653525419,False
4.3,0.2,15,1.33,1,3.36,0.1561926163231406,0,-0.8123397472417677,5.296966576554627,False
4.3,0.2,15,1.33,2,0.0,0.24022015177990755,0,-0.6289289202467637,5.296966576554627,False
4.3,0.2,15,1.33,2,3.36,0.2545319420409162,0,-0.6037960661648647,5.390533824505403,False
4.3,0.2,15,1.5,1,0.0,0.1662521474343536,0,-0.7863049761815393,5.350209824641867,False
4.3,0.2,15,1.5,1,3.36,0.17615708607872999,0,-0.7616409321695995,5.442861854548061,False
4.3,0.2,15,1.5,2,0.0,0.27092498321042197,0,-0.5791276114880713,5.442861854548061,False
4.3,0.2,15,1.5,2,3.36,0.2870661000461461,0,-0.5539947574061723,5.533962880946561,False
4.3,0.2,15,2.0,1,0.0,0.2216695299124715,0,-0.6656689631728157,5.880972525446664,False
4.3,0.2,15,2.0,1,3.36,0.23487611477163997,1,-0.6421640060443206,5.965386646736195,False
4.3,0.2,15,2.0,2,0.0,0.3612333109472293,0,-0.4628010612732798,5.965386646736195,False
4.3,0.2,15,2.0,2,3.36,0.382754800061528,1,-0.43766820719138094,6.048622805652416,False
4.3,0.3,-15,0.75,1,0.0,0.2625241720344899,0,-0.5870261978595884,5.323053710666526,False
4.3,0.3,-15,0.75,1,3.36,0.29030357523552747,0,-0.5416385147716144,5.416170308127383,False
4.3,0.3,-15,0.75,2,0.0,0.36473518281589756,0,-0.44648832951379125,5.416170308127383,False
4.3,0.3,-15,0.75,2,3.36,0.4158606708014853,0,-0.389518137674522,5.50771284714814,False
4.3,0.3,-15,1.0,1,0.0,0.3500322293793198,0,-0.4665851667973405,5.174353294481626,False
4.3,0.3,-15,1.0,1,3.36,0.3870714336473701,1,-0.4199702581955602,5.270097913332622,False
4.3,0.3,-15,1.0,2,0.0,0.4863135770878632,0,-0.32767182577604986,5.270097913332622,False
4.3,0.3,-15,1.0,2,3.36,0.5544808944019801,1,-0.27070163393678065,5.364133855163651,False
4.3,0.3,-15,1.33,1,0.0,0.46554286507449405,1,-0.35035212797273985,5.3205126551054125,False
4.3,0.3,-15,1.33,1,3.36,0.5148050067510006,2,-0.30167483874112466,5.413672959566069,False
4.3,0.3,-15,1.33,2,0.0,0.646797057526857,1,-0.21415088667786508,5.413672959566069,False
4.3,0.3,-15,1.33,2,3.36,0.7374595895546324,2,-0.1571806948385958,5.505257025165751,False
4.3,0.3,-15,1.5,1,0.0,0.5250483440689798,2,-0.3027462322113894,5.465779465702432,False
4.3,0.3,-15,1.5,1,3.36,0.5806071504710549,2,-0.2528244157834181,5.556504761780949,False
4.3,0.3,-15,1.5,2,0.0,0.7294703656317951,2,-0.16817046821905643,5.556504761780949,False
4.3,0.3,-15,1.5,2,3.36,0.8317213416029706,2,-0.11120027637978717,5.645772326944681,False
4.3,0.3,-15,2.0,1,0.0,0.7000644587586397,2,-0.19403186814785062,5.986304189151976,False
4.3,0.3,-15,2.0,1,3.36,0.7741428672947402,2,-0.1398114747691274,6.069253483341959,False
4.3,0.3,-15,2.0,2,0.0,0.9726271541757264,4,-0.0650034344680525,6.069253483341959,False
4.3,0.3,-15,2.0,2,3.36,1.1089617888039602,5,-0.008033242628783278,6.151084282064302,True
4.3,0.3,-10,0.75,1,0.0,0.18557228882011775,0,-0.7359777748908355,5.077783020027284,False
4.3,0.3,-10,0.75,1,3.36,0.1862376313473558,0,-0.7344234597372444,5.1753145216959915,False
4.3,0.3,-10,0.75,2,0.0,0.2742256771149107,0,-0.5684036042086348,5.1753145216959915,False
4.3,0.3,-10,0.75,2,3.36,0.2752088735081074,0,-0.5668492890550438,5.271041680586239,False
4.3,0.3,-10,1.0,1,0.0,0.24742971842682376,0,-0.6143095183147813,4.921677722885723,False
4.3,0.3,-10,1.0,1,3.36,0.24831684179647448,0,-0.6127552031611903,5.022241691510833,False
4.3,0.3,-10,1.0,2,0.0,0.36563423615321433,0,-0.4481895141657767,5.022241691510833,False
4.3,0.3,-10,1.0,2,3.36,0.36694516467747657,0,-0.44663519901218574,5.120831144252815,False
4.3,0.3,-10,1.33,1,0.0,0.32908152550767455,1,-0.49601409886034575,5.075119161652619,False
4.3,0.3,-10,1.33,1,3.36,0.33026139958931,1,-0.49445978370675475,5.172700890731416,False
4.3,0.3,-10,1.33,2,0.0,0.4862935340837743,1,-0.3323365775222005,5.172700890731416,False
4.3,0.3,-10,1.33,2,3.36,0.4880370690210431,1,-0.3307822623686095,5.268475538993569,False
4.3,0.3,-10,1.5,1,0.0,0.3711445776402355,1,-0.4471636759026391,5.227210035911232,False
4.3,0.3,-10,1.5,1,3.36,0.3724752626947116,2,-0.44560936074904806,5.322003829342017,False
4.3,0.3,-10,1.5,2,0.0,0.5484513542298214,1,-0.2849592606815393,5.322003829342017,False
4.3,0.3,-10,1.5,2,3.36,0.5504177470162148,2,-0.28340494552794826,5.415138480180456,False
4.3,0.3,-10,2.0,1,0.0,0.4948594368536475,2,-0.33415073488834846,5.7692995620694925,False
4.3,0.3,-10,2.0,1,3.36,0.49663368359294896,2,-0.33259641973475745,5.855323854142932,False
4.3,0.3,-10,2.0,2,0.0,0.7312684723064287,2,-0.17702960422374198,5.855323854142932,False
4.3,0.3,-10,2.0,2,3.36,0.7338903293549531,2,-0.175475289070151,5.940102476969168,False
4.3,0.3,-5,0.75,1,0.0,0.1306162665405875,0,-0.8872713815366735,4.9247607204390595,False
4.3,0.3,-5,0.75,1,3.36,0.14713615778761163,0,-0.8368815887253334,5.025262993474018,False
4.3,0.3,-5,0.75,2,0.0,0.19301553244856687,0,-0.7209194625292695,5.025262993474018,False
4.3,0.3,-5,0.75,2,3.36,0.19399872884176356,0,-0.7187128374535948,5.123794312185009,False
4.3,0.3,-5,1.0,1,0.0,0.17415502205411676,0,-0.7639868305422616,4.763643496636963,False
4.3,0.3,-5,1.0,1,3.36,0.19618154371681576,0,-0.7152928026242811,4.867473611952265,False
4.3,0.3,-5,1.0,2,0.0,0.25735404326475586,0,-0.6007053724864114,4.867473611952265,False
4.3,0.3,-5,1.0,2,3.36,0.2586649717890181,0,-0.5984987474107368,4.969134669442118,False
4.3,0.3,-5,1.33,1,0.0,0.23162617933197452,0,-0.642957227688387,4.9220140450912595,False
4.3,0.3,-5,1.33,1,3.36,0.26092145314336496,1,-0.5971312885749507,5.022571279740649,False
4.3,0.3,-5,1.33,2,0.0,0.3422808775421248,0,-0.4848524358428352,5.022571279740649,False
4.3,0.3,-5,1.33,2,3.36,0.3440244124793936,1,-0.4826458107671605,5.121154387447778,False
4.3,0.3,-5,1.5,1,0.0,0.261232533081175,0,-0.5924458514199205,5.078692008247117,False
4.3,0.3,-5,1.5,1,3.36,0.29427231557522326,1,-0.548361888114109,5.17620638253858,False
4.3,0.3,-5,1.5,2,0.0,0.38603106489713374,1,-0.43747511900217406,5.17620638253858,False
4.3,0.3,-5,1.5,2,3.36,0.3879974576835271,1,-0.43526849392649936,5.2719173470980305,False
4.3,0.3,-5,2.0,1,0.0,0.3483100441082335,1,-0.47362867724659075,5.635086972886691,False
4.3,0.3,-5,2.0,1,3.36,0.3923630874336315,2,-0.43563012887004027,5.723128968667165,False
4.3,0.3,-5,2.0,2,0.0,0.5147080865295117,2,-0.3295454625443768,5.723128968667165,False
4.3,0.3,-5,2.0,2,3.36,0.5173299435780362,2,-0.3273388374687021,5.809836933339635,False
4.3,0.3,0,0.75,1,0.0,0.10758511105936074,0,-0.9728488271942644,4.872685509238904,False
4.3,0.3,0,0.75,1,3.36,0.11159049580350978,0,-0.956973792529147,4.974240049690685,False
4.3,0.3,0,0.75,2,0.0,0.14508129211567317,0,-0.8449003069026275,4.974240049690685,False
4.3,0.3,0,0.75,2,3.36,0.15817582225650273,0,-0.8072720998386054,5.073762319220993,False
4.3,0.3,0,1.0,1,0.0,0.1434468147458145,0,-0.8512600410932121,4.7097871800559075,False
4.3,0.3,0,1.0,1,3.36,0.14878732773801326,0,-0.8353850064280947,4.814778840343446,False
4.3,0.3,0,1.0,2,0.0,0.19344172282089755,0,-0.7246862168597695,4.814778840343446,False
4.3,0.3,0,1.0,2,3.36,0.21090109634200388,0,-0.6869866122194881,4.9175293879568205,False
4.3,0.3,0,1.33,1,0.0,0.19078426361193332,0,-0.7330985270438816,4.869909463064275,False
4.3,0.3,0,1.33,1,3.36,0.19788714589155762,0,-0.7172234923787643,4.971520710853267,False
4.3,0.3,0,1.33,2,0.0,0.2572774913517934,0,-0.6088332802161932,4.971520710853267,False
4.3,0.3,0,1.33,2,3.36,0.2804984581348652,1,-0.5710141351941912,5.071096348763546,False
4.3,0.3,0,1.5,1,0.0,0.21517022211872147,0,-0.68432912658304,5.02821125580464,False
4.3,0.3,0,1.5,1,3.36,0.22318099160701957,1,-0.6684540919179226,5.126685911288157,False
4.3,0.3,0,1.5,2,0.0,0.29016258423134633,0,-0.5613326211777058,5.126685911288157,False
4.3,0.3,0,1.5,2,3.36,0.31635164451300546,1,-0.5235649580741814,5.22330435959848,False
4.3,0.3,0,2.0,1,0.0,0.286893629491629,1,-0.5704163074213431,5.589633360996464,False
4.3,0.3,0,2.0,1,3.36,0.2975746554760265,2,-0.5529507899194982,5.6783801484547185,False
4.3,0.3,0,2.0,2,0.0,0.3868834456417951,1,-0.44299557800443484,5.6783801484547185,False
4.3,0.3,0,2.0,2,3.36,0.42180219268400776,2,-0.4153887684499903,5.765761104170431,False
4.3,0.3,5,0.75,1,0.0,0.09347932870617796,0,-1.0308306021736247,4.9247607204390595,False
4.3,0.3,5,0.75,1,3.36,0.09771376455448684,0,-1.0115904417620212,5.025262993474018,False
4.3,0.3,5,0.75,2,0.0,0.12082423478494002,0,-0.9205412084075232,5.025262993474018,False
4.3,0.3,5,0.75,2,3.36,0.12754924820580849,0,-0.8970173585564947,5.123794312185009,False
4.3,0.3,5,1.0,1,0.0,0.12463910494157061,0,-0.9070254913492911,4.763643496636963,False
4.3,0.3,5,1.0,1,3.36,0.13028501940598244,0,-0.8877853309376876,4.867473611952265,False
4.3,0.3,5,1.0,2,0.0,0.16109897971325335,0,-0.7975726766913607,4.867473611952265,False
4.3,0.3,5,1.0,2,3.36,0.17006566427441136,0,-0.774048826840332,4.969134669442118,False
4.3,0.3,5,1.33,1,0.0,0.16577000957228843,0,-0.7851107685529769,4.9220140450912595,False
4.3,0.3,5,1.33,1,3.36,0.1732790758099562,0,-0.7658706081413734,5.022571279740649,False
4.3,0.3,5,1.33,2,0.0,0.21426164301862702,0,-0.6770793036976658,5.022571279740649,False
4.3,0.3,5,1.33,2,3.36,0.22618733348496714,0,-0.6535554538466372,5.121154387447778,False
4.3,0.3,5,1.5,1,0.0,0.18695865741235593,0,-0.7340589950052463,5.078692008247117,False
4.3,0.3,5,1.5,1,3.36,0.19542752910897368,1,-0.7148188345936428,5.17620638253858,False
4.3,0.3,5,1.5,2,0.0,0.24164846956988004,0,-0.6268946636607899,5.17620638253858,False
4.3,0.3,5,1.5,2,3.36,0.25509849641161697,1,-0.6033708138097614,5.2719173470980305,False
4.3,0.3,5,2.0,1,0.0,0.24927820988314123,1,-0.6133371085388439,5.635086972886691,False
4.3,0.3,5,2.0,1,3.36,0.2605700388119649,1,-0.5940969481272405,5.723128968667165,False
4.3,0.3,5,2.0,2,0.0,0.3221979594265067,1,-0.5092252547024444,5.723128968667165,False
4.3,0.3,5,2.0,2,3.36,0.3401313285488227,2,-0.48570140485141566,5.809836933339635,False
4.3,0.3,10,0.75,1,0.0,0.08632679792827173,0,-1.0654005549820522,5.077783020027284,False
4.3,0.3,10,0.75,1,3.36,0.09056123377658061,0,-1.0446038565789244,5.1753145216959915,False
4.3,0.3,10,0.75,2,0.0,0.1158628412824985,0,-0.9387510872988428,5.1753145216959915,False
4.3,0.3,10,0.75,2,3.36,0.122587854703367,0,-0.9142478167890151,5.271041680586239,False
4.3,0.3,10,1.0,1,0.0,0.11510239723769564,0,-0.9415954441577187,4.921677722885723,False
4.3,0.3,10,1.0,1,3.36,0.12074831170210748,0,-0.9207987457545909,5.022241691510833,False
4.3,0.3,10,1.0,2,0.0,0.15448378837666468,0,-0.8157825555826803,5.022241691510833,False
4.3,0.3,10,1.0,2,3.36,0.1634504729378227,0,-0.7912792850728525,5.120831144252815,False
4.3,0.3,10,1.33,1,0.0,0.15308618832613477,0,-0.8196807213614045,5.075119161652619,False
4.3,0.3,10,1.33,1,3.36,0.1605952545638025,0,-0.7988840229582767,5.172700890731416,False
4.3,0.3,10,1.33,2,0.0,0.20546343854096408,0,-0.6952891825889854,5.172700890731416,False
4.3,0.3,10,1.33,2,3.36,0.2173891290073042,0,-0.6707859120791577,5.268475538993569,False
4.3,0.3,10,1.5,1,0.0,0.17265359585654347,0,-0.7686289478136739,5.227210035911232,False
4.3,0.3,10,1.5,1,3.36,0.18112246755316122,0,-0.747832249410546,5.322003829342017,False
4.3,0.3,10,1.5,2,0.0,0.231725682564997,0,-0.6451045425521096,5.322003829342017,False
4.3,0.3,10,1.5,2,3.36,0.245175709406734,1,-0.6206012720422819,5.415138480180456,False
4.3,0.3,10,2.0,1,0.0,0.23020479447539127,0,-0.6479070613472715,5.7692995620694925,False
4.3,0.3,10,2.0,1,3.36,0.24149662340421496,1,-0.6271103629441436,5.855323854142932,False
4.3,0.3,10,2.0,2,0.0,0.30896757675332936,0,-0.5274351335937639,5.855323854142932,False
4.3,0.3,10,2.0,2,3.36,0.3269009458756454,1,-0.5029318630839362,5.940102476969168,False
4.3,0.3,15,0.75,1,0.0,0.08114928951761773,0,-1.0922614653273846,5.323053710666526,False
4.3,0.3,15,0.75,1,3.36,0.08538372536592662,0,-1.0701710876232744,5.416170308127383,False
4.3,0.3,15,0.75,2,0.0,0.11287782417299654,0,-0.9500866323243644,5.416170308127383,False
4.3,0.3,15,0.75,2,3.36,0.11960283759386503,0,-0.9249537782424655,5.50771284714814,False
4.3,0.3,15,1.0,1,0.0,0.10819905269015698,0,-0.9684563545030509,5.174353294481626,False
4.3,0.3,15,1.0,1,3.36,0.11384496715456882,0,-0.9463659767989407,5.270097913332622,False
4.3,0.3,15,1.0,2,0.0,0.15050376556399542,0,-0.8271181006082018,5.270097913332622,False
4.3,0.3,15,1.0,2,3.36,0.15947045012515337,0,-0.8019852465263029,5.364133855163651,False
4.3,0.3,15,1.33,1,0.0,0.14390474007790838,0,-0.8465416317067367,5.3205126551054125,False
4.3,0.3,15,1.33,1,3.36,0.1514138063155761,0,-0.8244512540026265,5.413672959566069,False
4.3,0.3,15,1.33,2,0.0,0.2001700082001139,0,-0.706624727614507,5.413672959566069,False
4.3,0.3,15,1.33,2,3.36,0.21209569866645406,0,-0.681491873532608,5.505257025165751,False
4.3,0.3,15,1.5,1,0.0,0.16229857903523545,0,-0.7954898581590061,5.465779465702432,False
4.3,0.3,15,1.5,1,3.36,0.17076745073185323,0,-0.7733994804548959,5.556504761780949,False
4.3,0.3,15,1.5,2,0.0,0.22575564834599307,0,-0.6564400875776312,5.556504761780949,False
4.3,0.3,15,1.5,2,3.36,0.23920567518773006,0,-0.6313072334957321,5.645772326944681,False
4.3,0.3,15,2.0,1,0.0,0.21639810538031395,0,-0.6747679716926037,5.986304189151976,False
4.3,0.3,15,2.0,1,3.36,0.22768993430913764,1,-0.6526775939884935,6.069253483341959,False
4.3,0.3,15,2.0,2,0.0,0.30100753112799083,0,-0.5387706786192854,6.069253483341959,False
4.3,0.3,15,2.0,2,3.36,0.31894090025030675,1,-0.5136378245373866,6.151084282064302,False
