{
  "timestamp": "2026-04-17T19:11:09.778081",
  "z_squared": 33.510321638291124,
  "error_threshold": 0.02984155182973038,
  "simulation_result": {
    "n_qubits": 3,
    "n_gates": 1000,
    "temperature": 300,
    "gap_energy": 1.0,
    "coherence_time": 1409.5378973287127,
    "final_coherence": 0.9999999992905675,
    "effective_fidelity": 0.9970202878329264,
    "total_errors": {
      "X": 0,
      "Z": 0,
      "leak": 0
    },
    "error_rate": 0.0,
    "z_squared": 33.510321638291124,
    "error_threshold": 0.02984155182973038,
    "final_states": [
      "Z2QubitState(|\u03c8\u27e9 = nan+nanj|0\u27e9 + nan+nanj|1\u27e9, coherence=1.0000)",
      "Z2QubitState(|\u03c8\u27e9 = 0.000+0.000j|0\u27e9 + 1.000+0.000j|1\u27e9, coherence=1.0000)",
      "Z2QubitState(|\u03c8\u27e9 = nan+nanj|0\u27e9 + nan+nanj|1\u27e9, coherence=1.0000)"
    ]
  },
  "conclusions": [
    "Natural error threshold: 2.98%",
    "Room temperature coherence time: ~1 s (with E_gap = 1 eV)",
    "Braiding angle: 62.2\u00b0",
    "Topological protection via T\u00b3/Z\u2082 fundamental group"
  ]
}