{
  "timestamp": "2026-04-19T12:42:29.160202",
  "sequence": "GNALEMALIYRQDPSMEFLIYKRNGNALEMALVIYEKNPSMEFLIYRQDGSALEMIYVKRNPNMEFLIYEQDGSALEM",
  "n_residues": 78,
  "z2_constant": 33.510321638291124,
  "optimal_contacts": 8,
  "elapsed_seconds": 1.2620618343353271,
  "n_frames": 17,
  "initial_energy": {
    "total": 10473.50337338861,
    "z2_contact": 4992.0,
    "bonds": 1.230228581692168e-25,
    "clash": 0.0,
    "compact": 5481.50337338861,
    "mean_contacts": 0.0,
    "rg": 85.55627777472945
  },
  "final_energy": {
    "total": 73535.50265231983,
    "z2_contact": 59936.0,
    "bonds": 11.857783394838668,
    "clash": 13568.432855615441,
    "compact": 19.21201330955518,
    "mean_contacts": 32.94871794871795,
    "rg": 7.135951086606642
  },
  "speedup_vs_md": 2852.475133990533,
  "output_files": {
    "trajectory": "realtime_folder/folding_trajectory.pdb",
    "structure": "realtime_folder/folded_structure.pdb"
  }
}