{
  "timestamp": "2026-04-23T20:21:48.888535",
  "reference": "Peter Mitchell (1961) - Chemiosmotic Theory",
  "membrane": {
    "potential_mV": 150.0,
    "thickness_nm": 5.0,
    "electric_field_MV_m": 30.0,
    "proton_motive_force_mV": 180.7741415313261
  },
  "tryptophan": {
    "polarizability_A3": 20.666666666666668,
    "dipole_Debye": 2.1,
    "ionization_eV": 7.9,
    "pi_length_A": 5.5
  },
  "stark_effect": {
    "linear_stark_meV": -0.6558827395806348,
    "quadratic_stark_meV": -0.006458492338532755,
    "total_stark_meV": -0.6623412319191675,
    "thermal_energy_meV": 26.726659112543267,
    "stark_to_thermal_ratio": 0.02478204361907395
  },
  "geometry_shift": {
    "base_distance_A": 6.015152508891966,
    "displacement_A": 0.0003440526404066621,
    "new_distance_A": 6.01480845625156,
    "percent_shift": -0.00571976587290551,
    "force_pN": 0.0034405264040666215
  },
  "stability": {
    "field_energy_eV": 0.016500000000000004,
    "ionization_eV": 7.9,
    "stability_ratio": 0.0020886075949367094,
    "critical_field_MV_m": 14363.636363636362,
    "stability": "HIGHLY STABLE",
    "recommendation": "No Z\u00b2 adjustment needed"
  },
  "dielectric_correction": {
    "membrane_dielectric": 20.0,
    "water_dielectric": 80.0,
    "dielectric_ratio": 0.25,
    "correction_A": -1.2409227987098352
  },
  "temperature_correction": {
    "physiological_K": 310.15,
    "mitochondrial_K": 323.15,
    "temp_ratio": 1.0419152023214573,
    "thermal_expansion_A": 0.003353216185716583
  },
  "z2_correction": {
    "z2_vacuum": 5.788810036466141,
    "z2_biological": 6.015152508891966,
    "stark_correction_A": 0.0003440526404066621,
    "dielectric_correction_A": -1.2409227987098352,
    "thermal_correction_A": 0.003353216185716583,
    "total_correction_A": -1.237225529883712,
    "z2_mitochondrial": 4.777926979008255
  },
  "recommendation": "Shorten Z\u00b2 to 4.778 \u00c5 for mitochondrial targets"
}