plateifu,mangaid,plate,ifudsgn,objra,objdec,z,snr_med,sb_1re,sigma_e,vsig_glob,ba,sersic_n,th50_arcsec,re_kpc,log_mstar,log_mdyn,gbar_canon,y_canon,delta_canon,delta_canon_imfA,delta_canon_imfB,gbar_alt,y_alt,delta_alt,delta_alt_imfA,delta_alt_imfB,cut_primary,cut_variant
8612-1901,1-594755,8612,1901,253.468,39.7602,0.0349309,108.304,15.6784,382.406,0.163239,0.822555,6,1.74995,1.21666,11.0901,11.3155,5.79535e-09,61.9162,0.22191,0.0328061,0.0822918,5.79535e-09,51.2863,0.221195,0.0323424,0.0817726,1,1
8982-9101,1-457811,8982,9101,201.714,26.5912,0.0234728,74.4798,6.38291,120.063,0.451515,0.774806,6,1.31014,0.620572,9.81127,10.0169,1.17209e-09,12.5224,0.188971,0.00441326,0.198944,1.17209e-09,10.3725,0.185668,0.00221919,0.195567,0,1
7991-1901,1-24092,7991,1901,258.548,57.9761,0.0926206,67.6029,3.60688,471.486,0.167731,0.97638,5.93849,1.20423,2.07459,10.8245,11.7292,1.08132e-09,11.5526,0.886611,0.702506,0.724371,1.08132e-09,9.56923,0.883055,0.700139,0.721885,1,1
11827-1901,1-592801,11827,1901,213.839,49.3264,0.0265217,66.8755,5.66814,151.792,0.462452,0.907958,6,1.74396,0.929935,10.5715,10.3963,3.0049e-09,32.1036,-0.181856,-0.369847,-0.201749,3.0049e-09,26.592,-0.183211,-0.370732,-0.203045,0,1
8940-6102,1-604970,8940,6102,120.867,25.1027,0.0275682,64.9735,2.68822,125.901,0.351313,0.901509,4.06424,2.65101,1.46753,10.1865,10.432,4.97284e-10,5.31286,0.208005,0.0302355,0.211848,4.97284e-10,4.40074,0.20099,0.0254159,0.204777,1,1
8078-1902,1-109167,8078,1902,42.2169,-0.524053,0.0246344,62.4608,1.89975,176.404,0.301653,0.9438,6,1.91322,0.949749,10.3016,10.5359,1.54745e-09,16.5326,0.22163,0.035738,0.182947,1.54745e-09,13.6943,0.219078,0.0340542,0.180605,1,1
9500-1901,1-385623,9500,1901,131.725,25.3701,0.0507934,60.6902,3.20466,450.041,0.306871,0.956665,6,1.11804,1.10918,10.2549,11.4168,1.01901e-09,10.8868,1.14283,0.959082,0.986797,1.01901e-09,9.01778,1.13908,0.956578,0.984135,1,1
8137-3703,1-338746,8137,3703,116.855,43.9186,0.0317491,46.9909,1.56718,139.554,0.52223,0.897304,4.10339,2.01842,1.28036,10.4708,10.4621,1.25727e-09,13.4324,-0.0242804,-0.209207,-0.0332032,1.25727e-09,11.1263,-0.0273767,-0.211259,-0.0362391,0,1
8940-1902,1-218041,8940,1902,120.987,25.4807,0.0727756,45.948,1.08571,152.177,0.591484,0.869445,3.9192,2.14551,2.97187,10.8731,10.903,5.89267e-10,6.29559,-0.00206634,-0.181571,-0.02121,5.89267e-10,5.21475,-0.00814941,-0.185715,-0.0270525,0,1
8655-6104,1-638033,8655,6104,358.55,0.37703,0.0266337,42.0538,2.99733,237.702,0.598305,0.775033,2.3444,2.46585,1.32025,10.6453,10.938,1.767e-09,18.8782,0.281556,0.095136,0.204746,1.767e-09,15.6372,0.279304,0.0936538,0.202849,0,1
8609-1902,1-445333,8609,1902,246.656,13.6834,0.0344313,41.899,2.31888,119.472,0.465256,0.92842,5.67329,2.21699,1.52024,10.6738,10.4018,1.42299e-09,15.2029,-0.285822,-0.471346,-0.275163,1.42299e-09,12.5929,-0.288583,-0.47317,-0.277989,0,1
8710-12702,1-378729,8710,12702,118.017,50.1308,0.0239561,40.5993,1.70339,168.667,0.536774,0.728306,6,2.0351,0.983238,10.1913,10.512,1.12006e-09,11.9665,0.303323,0.119016,0.270658,1.12006e-09,9.91205,0.299879,0.116726,0.267453,0,1
10510-1901,1-189283,10510,1901,178.779,55.2427,0.0197115,40.4781,1.92452,177.477,0.536636,0.779601,5.64411,1.59273,0.636419,9.85351,10.3673,1.22829e-09,13.1227,0.497885,0.313079,0.4587,1.22829e-09,10.8698,0.494721,0.31098,0.455799,0,1
8945-3702,1-279617,8945,3702,173.362,47.2867,0.0455539,40.3866,1.62596,92.1242,0.579767,0.875817,2.13463,1.64032,1.46855,9.83256,10.161,2.19813e-10,2.34843,0.251364,0.0853568,0.289289,2.19813e-10,1.94524,0.238322,0.0758676,0.275313,0,1
8710-1902,1-378687,8710,1902,117.835,49.8511,0.0213641,39.6418,1.29972,192.291,0.406003,0.805396,6,1.39375,0.602399,9.78294,10.4131,1.16531e-09,12.4499,0.613404,0.428879,0.564196,1.16531e-09,10.3125,0.610084,0.426672,0.561217,0,1
9489-6103,1-584895,9489,6103,125.213,21.0551,0.0155474,38.6446,2.42693,187.796,0.541406,0.799335,6,2.00048,0.633668,9.94498,10.4146,1.52944e-09,16.3402,0.45667,0.270828,0.41006,1.52944e-09,13.5349,0.45409,0.269125,0.407734,0,1
7977-1901,1-115062,7977,1901,330.855,12.6759,0.0260569,38.0586,1.04248,127.717,0.198602,0.865932,6,1.29971,0.681282,9.92999,10.1111,1.27824e-09,13.6564,0.165804,-0.0192056,0.168033,1.27824e-09,11.3118,0.162755,-0.0212265,0.164969,1,1
10226-1902,1-36585,10226,1902,38.1976,0.678102,0.0228311,37.7942,2.37556,73.2964,0.259226,0.664178,2.91771,2.30116,1.06101,8.97385,9.8212,5.83024e-11,0.622888,0.639411,0.502655,0.690319,5.83024e-11,0.51595,0.613311,0.480885,0.662639,1,1
8935-1902,1-457206,8935,1902,196.454,28.1065,0.0244084,37.7808,1.59112,191.536,0.468919,0.819658,5.99996,1.50827,0.742059,9.97184,10.5003,1.18642e-09,12.6755,0.511923,0.3273,0.463181,1.18642e-09,10.4993,0.508657,0.325131,0.460247,0,1
8443-1901,1-422898,8443,1901,207.769,25.0831,0.0294147,36.5891,2.19526,150.703,0.463124,0.966453,6,2.14186,1.26229,10.5243,10.5227,1.46309e-09,15.6313,-0.0150628,-0.200711,-0.0337495,1.46309e-09,12.9477,-0.0177522,-0.202488,-0.0363297,0,1
8335-1902,1-252147,8335,1902,218.168,40.9542,0.0180881,35.742,1.55577,83.2416,0.540495,0.667122,3.70571,1.86418,0.68488,9.70876,9.74161,7.59974e-10,8.11938,0.00763576,-0.174078,0.0623359,7.59974e-10,6.72543,0.0027557,-0.177366,0.0568513,0,1
11868-1901,1-543647,11868,1901,249.471,26.2613,0.0522561,35.6053,1.08985,175.008,0.593784,0.892168,6,0.889638,0.906431,11.0826,10.5088,1.02612e-08,109.628,-0.575798,-0.765432,-0.614364,1.02612e-08,90.8067,-0.576204,-0.765695,-0.614737,0,1
8146-1901,1-201355,8146,1901,117.054,28.2251,0.0270561,34.646,1.82081,85.7549,0.505872,0.92292,1.7091,2.92598,1.59064,10.2166,10.1334,4.53657e-10,4.84677,-0.123925,-0.300661,-0.0746015,4.53657e-10,4.01467,-0.131489,-0.305885,-0.0829655,0,1
9880-1902,1-456969,9880,1902,195.363,27.9992,0.025495,34.4394,1.53105,158.658,0.45366,0.884803,2.58895,1.62804,0.835549,10.0083,10.3882,1.01777e-09,10.8736,0.360786,0.177042,0.335894,1.01777e-09,9.00684,0.357028,0.174536,0.332335,0,1
11984-1902,1-273335,11984,1902,256.621,20.4618,0.0464186,34.273,1.1859,141.004,0.473022,0.876139,6,1.19584,1.08982,10.3872,10.4011,1.43146e-09,15.2934,0.000164327,-0.185386,-0.0101009,1.43146e-09,12.6678,-0.00258053,-0.1872,-0.012784,0,1
8940-3702,1-163992,8940,3702,120.033,26.7068,0.0472097,33.7612,0.717423,135.426,0.309674,0.85992,5.13665,1.9092,1.76792,10.3978,10.5762,5.57311e-10,5.95418,0.144722,-0.0342374,0.139775,5.57311e-10,4.93196,0.138344,-0.0385934,0.133463,1,1
9862-1902,1-456933,9862,1902,194.926,27.9247,0.0230392,33.4658,1.91237,184.981,0.472693,0.897389,6,1.5933,0.741142,10.0243,10.4695,1.34197e-09,14.3373,0.43056,0.245311,0.38603,1.34197e-09,11.8759,0.427645,0.243381,0.383389,0,1
8997-12705,1-149507,8997,12705,172.156,50.8274,0.0322763,33.2056,2.42873,118.372,0.175943,0.953317,6,2.77487,1.7883,10.6723,10.4643,1.02487e-09,10.9494,-0.226999,-0.410785,-0.215308,1.02487e-09,9.06963,-0.230733,-0.413275,-0.219139,1,1
8319-1902,1-285062,8319,1902,199.382,47.6766,0.0269767,33.1307,1.53972,138.089,0.500782,0.887822,6,2.40312,1.30269,10.3698,10.4605,9.62404e-10,10.2821,0.0705532,-0.112839,0.0630343,9.62404e-10,8.51685,0.0666002,-0.11548,0.0591455,0,1
9869-1901,1-135193,9869,1901,246.96,40.9374,0.0308858,33.1172,1.90475,190.339,0.285413,0.867558,6,2.23994,1.38367,10.5519,10.7654,1.29738e-09,13.8609,0.198417,0.0133327,0.150326,1.29738e-09,11.4813,0.195409,0.0113402,0.147622,1,1
9000-1901,1-614567,9000,1901,171.401,54.3826,0.0206863,32.9885,2.6551,165.764,0.394309,0.738313,6,2.36301,0.989733,9.85237,10.4998,5.06531e-10,5.41166,0.610623,0.432654,0.581354,5.06531e-10,4.48258,0.603715,0.427912,0.574854,1,1
9505-1902,1-387045,9505,1902,139.777,27.9146,0.0284499,32.9415,1.11677,89.2306,0.20819,0.783808,6,1.54709,0.882886,9.80079,9.91225,5.65264e-10,6.03915,0.0781885,-0.100911,0.123562,5.65264e-10,5.00234,0.071887,-0.105213,0.116635,1,1
11941-1902,1-594515,11941,1902,247.467,40.8251,0.0289734,32.924,2.06242,192.204,0.477321,0.874691,3.4617,2.09757,1.21829,10.4335,10.7186,1.27424e-09,13.6137,0.269718,0.0847237,0.220423,1.27424e-09,11.2765,0.26666,0.0826968,0.217681,0,1
11760-1902,1-283903,11760,1902,192.769,48.4086,0.0494253,32.7798,1.4511,85.8402,0.511126,0.906142,6,1.57371,1.52165,10.3307,10.115,6.44702e-10,6.88785,-0.245141,-0.425478,-0.194685,6.44702e-10,5.70533,-0.250773,-0.429298,-0.200949,0,1
9875-1901,1-456832,9875,1901,194,28.187,0.018675,32.476,1.42245,155.825,0.586254,0.859905,5.97767,1.72118,0.652398,9.74971,10.2651,9.20355e-10,9.83286,0.494363,0.311264,0.471818,9.20355e-10,8.14474,0.490248,0.30851,0.4679,0,1
9887-1901,1-297219,9887,1901,239.179,29.8132,0.0842475,31.9055,1.62182,211.002,0.475732,0.981302,2.40874,1.66461,2.63384,10.9697,11.1345,9.37197e-10,10.0128,0.144072,-0.0391483,0.0836517,9.37197e-10,8.29378,0.140023,-0.0418558,0.0801028,0,1
7979-1902,1-115262,7979,1902,334.06,12.3955,0.0679362,31.4653,1.25603,109.06,0.300679,0.977562,2.38389,1.82398,2.37188,10.8833,10.5157,9.4708e-10,10.1184,-0.388024,-0.571312,-0.366195,9.4708e-10,8.38124,-0.392035,-0.573993,-0.3704,1,1
8439-1902,1-156061,8439,1902,143.697,48.7476,0.0259393,31.21,0.880265,110.003,0.277586,0.859392,6,1.92512,1.0047,9.8992,10.1502,5.47522e-10,5.8496,0.216693,0.0379123,0.236832,5.47522e-10,4.84533,0.21022,0.0334869,0.230081,1,1
8980-3701,1-235983,8980,3701,223.636,42.3854,0.0184537,31.0999,1.50818,109.704,0.162077,0.840946,3.7391,1.89711,0.710751,9.78299,9.99748,8.37199e-10,8.94443,0.191472,0.00903054,0.212451,8.37199e-10,7.40884,0.186993,0.00602351,0.207765,1,1
8997-1902,1-149193,8997,1902,170.166,50.8273,0.0276203,31.059,1.87551,265.863,0.532262,0.777568,6,2.93133,1.62568,10.6164,11.1257,1.09034e-09,11.6489,0.491426,0.307273,0.401553,1.09034e-09,9.64901,0.487896,0.304924,0.398657,0,1
8147-1901,1-201217,8147,1901,116.214,26.579,0.023827,30.9913,1.73565,72.1716,0.219982,0.982715,3.66887,2.06671,0.993283,9.95291,9.77912,6.33917e-10,6.77261,-0.203688,-0.383873,-0.132344,6.33917e-10,5.60988,-0.209403,-0.387753,-0.138982,1,1
11953-3701,1-283130,11953,3701,189.06,42.6367,0.0284903,30.8738,1.04326,84.2456,0.277745,0.751533,2.89726,1.80068,1.02901,9.82177,9.92883,4.36719e-10,4.6658,0.0648938,-0.111394,0.11615,4.36719e-10,3.86477,0.057092,-0.116794,0.107494,1,1
9188-1901,1-51001,9188,1901,48.1547,-7.57285,0.0359661,30.83,1.67598,94.4405,0.45982,0.97685,2.0422,3.62432,2.59129,10.7555,10.4292,5.91269e-10,6.31698,-0.358306,-0.537843,-0.319636,5.91269e-10,5.23247,-0.364372,-0.541975,-0.326214,0,1
8449-1901,1-488532,8449,1901,167.422,21.7404,0.0322203,30.3663,1.71044,236.798,0.339441,0.863959,5.50724,2.44401,1.57245,10.5749,11.0107,1.05942e-09,11.3186,0.417316,0.233331,0.342108,1.05942e-09,9.37544,0.413693,0.230918,0.339036,1,1
11015-1902,1-456628,11015,1902,195.033,28.0786,0.0241407,30.2064,1.86635,181.753,0.428901,0.811471,2.52945,2.60238,1.26672,10.3596,10.687,9.94371e-10,10.6236,0.30779,0.124191,0.265923,9.94371e-10,8.79974,0.303952,0.121629,0.26242,0,1
10512-1902,1-77006,10512,1902,135.588,3.61574,0.0239051,29.7993,1.48768,104.804,0.108303,0.775088,6,2.07099,0.998509,10.0177,10.1054,7.28283e-10,7.7808,0.0614384,-0.119936,0.0878632,7.28283e-10,6.44498,0.0563724,-0.123355,0.0825033,1,1
9195-1902,1-42615,9195,1902,28.6051,12.6632,0.0446608,29.543,1.00848,74.3793,0.34225,0.927093,2.26433,1.50215,1.31988,10.0195,9.92876,4.18534e-10,4.47152,-0.134598,-0.31037,-0.0689701,4.18534e-10,3.70384,-0.142672,-0.315972,-0.0781839,1,1
9485-1901,1-122002,9485,1901,120.778,37.0236,0.0712221,29.32,1.23662,100.823,0.463137,0.961223,1.90389,2.24397,3.04743,10.7468,10.5564,4.18973e-10,4.4762,-0.234196,-0.40998,-0.2042,4.18973e-10,3.70772,-0.242263,-0.415577,-0.212772,0,1
9048-1902,1-295542,9048,1902,246.256,24.2632,0.0503021,28.7181,1.25004,113.385,0.592956,0.875606,6,1.86296,1.83138,10.4384,10.4372,5.70308e-10,6.09304,-0.0341861,-0.213374,-0.0176481,5.70308e-10,5.04698,-0.0404404,-0.217641,-0.0241228,0,1
8243-1902,1-47224,8243,1902,132.104,53.9187,0.0427367,28.6732,0.892386,209.432,0.58485,0.905867,5.39524,1.52522,1.28535,10.3019,10.8164,8.45451e-10,9.03259,0.491764,0.309251,0.432538,8.45451e-10,7.48186,0.487323,0.306271,0.428633,0,1
8085-1902,1-38567,8085,1902,53.4337,-0.527285,0.0326055,28.5444,1.14635,221.81,0.538659,0.639267,6,2.82707,1.8398,10.6149,11.022,8.48556e-10,9.06577,0.384378,0.20184,0.317986,8.48556e-10,7.50934,0.379952,0.19887,0.314154,0,1
8721-1901,1-48772,8721,1901,135.343,55.0408,0.0456506,28.3298,0.916139,181.491,0.21649,0.939451,5.79311,1.35,1.21106,10.333,10.6662,1.02306e-09,10.9301,0.314226,0.130451,0.272493,1.02306e-09,9.05362,0.310486,0.127957,0.269079,1,1
8604-1901,1-211079,8604,1901,247.438,39.8105,0.0304269,28.0862,1.53535,200.789,0.462188,0.8862,6,2.50034,1.52242,10.5193,10.8533,9.94214e-10,10.6219,0.314519,0.13092,0.260176,9.94214e-10,8.79836,0.31068,0.128358,0.256768,0,1
8711-1901,1-379255,8711,1901,118.267,52.7432,0.0184619,27.8006,1.01272,83.424,0.178174,0.981411,4.69397,1.35801,0.508999,9.48074,9.61462,8.13909e-10,8.69561,0.110241,-0.0719947,0.164872,8.13909e-10,7.20274,0.105648,-0.0750813,0.159708,1,1
11948-3703,1-249779,11948,3703,249.643,31.873,0.0642432,27.7138,1.30209,153.029,0.366306,0.754301,5.99929,2.34207,2.89253,10.8109,10.8961,5.38975e-10,5.75828,0.050518,-0.128102,0.0308087,5.38975e-10,4.76969,0.0439586,-0.13259,0.0245142,1,1
8948-6103,1-148949,8948,6103,165.198,49.9019,0.0258115,27.4869,1.40678,125.946,0.446018,0.783273,5.39939,1.82329,0.947011,9.95719,10.242,7.04284e-10,7.5244,0.257759,0.0766601,0.261644,7.04284e-10,6.2326,0.252543,0.0731347,0.256384,0,1
11956-1901,1-151418,11956,1901,186.992,53.0428,0.0302098,27.4083,1.08919,166.621,0.265067,0.730056,6,1.58515,0.958537,10.029,10.4904,8.11058e-10,8.66515,0.437674,0.255465,0.406956,8.11058e-10,7.1775,0.433067,0.252368,0.402644,1,1
8319-1901,1-234388,8319,1901,200.282,48.6977,0.0455014,27.3959,0.724825,147.4,0.434556,0.894264,6,1.62984,1.45758,10.2659,10.5659,6.05146e-10,6.46524,0.268864,0.0891076,0.253576,6.05146e-10,5.35528,0.262918,0.0850618,0.247819,0,1
12080-3701,1-35264,12080,3701,30.5332,-1.15652,0.0421115,27.3668,0.848404,148.533,0.402084,0.91236,3.96616,1.24629,1.0357,10.1883,10.4242,1.00261e-09,10.7117,0.216489,0.0328378,0.199853,1.00261e-09,8.87267,0.212679,0.0302959,0.196179,0,1
8080-1901,1-37922,8080,1901,47.9852,-0.0325629,0.0376312,27.2563,0.662704,151.258,0.34791,0.78819,5.93929,1.24806,0.931785,9.9566,10.3941,7.26501e-10,7.76176,0.411159,0.229805,0.39253,7.26501e-10,6.42921,0.406082,0.226378,0.387652,1,1
9500-1902,1-385715,9500,1902,132.271,25.8587,0.0275342,27.239,0.925758,71.4155,0.489494,0.911605,5.87384,1.40972,0.779456,9.63112,9.66469,4.90695e-10,5.24247,-0.00433971,-0.181963,0.0669633,4.90695e-10,4.34244,-0.0114324,-0.18684,0.0587551,0,1
9503-9101,1-556679,9503,9101,119.977,24.4104,0.0610514,27.1476,1.13037,192.388,0.592188,0.659729,3.64043,2.26483,2.66815,10.842,11.0599,6.80536e-10,7.27069,0.189901,0.00909106,0.141763,6.80536e-10,6.02245,0.184526,0.00545351,0.136914,0,1
9085-1902,1-178374,9085,1902,260.611,28.3097,0.0694038,26.8993,1.54081,167.3,0.458475,0.896314,6,1.9426,2.57627,10.9721,10.9233,9.84851e-10,10.5219,-0.0684934,-0.252033,-0.0999815,9.84851e-10,8.71549,-0.0723649,-0.254617,-0.103596,0,1
8979-1902,1-210114,8979,1902,242.585,41.8549,0.039546,26.77,2.50644,162.751,0.419712,0.884964,6,3.21967,2.52031,10.9441,10.8898,9.64883e-10,10.3086,-0.0743968,-0.257806,-0.102416,9.64883e-10,8.53878,-0.0783407,-0.260441,-0.106126,0,1
11007-12702,1-456414,11007,12702,193.593,27.0842,0.0281636,26.7667,1.38319,134.294,0.494585,0.859393,5.62864,2.15107,1.21563,10.2355,10.4062,8.11251e-10,8.66721,0.147036,-0.0351754,0.14302,8.11251e-10,7.17921,0.142429,-0.0382713,0.138453,0,1
8933-12705,1-456914,8933,12705,194.79,27.8674,0.0230577,26.6513,0.992562,90.3836,0.459203,0.877588,5.9885,1.38867,0.646461,9.62337,9.78804,7.00748e-10,7.48663,0.13744,-0.0436175,0.181868,7.00748e-10,6.20131,0.1322,-0.0471592,0.17611,0,1
10494-1902,1-379503,10494,1902,123.288,54.6374,0.0244448,26.6348,1.90629,144.167,0.389914,0.729027,6,3.60472,1.77607,10.538,10.6325,7.62681e-10,8.1483,0.0693849,-0.112357,0.0566342,7.62681e-10,6.74939,0.0645201,-0.115634,0.0519008,1,1
7990-1901,1-634825,7990,1901,264.456,57.1107,0.0300175,26.5343,1.7441,196.722,0.492946,0.855235,4.52201,3.54628,2.13127,10.887,10.9817,1.18308e-09,12.6398,0.0781088,-0.106499,0.0260043,1.18308e-09,10.4698,0.074834,-0.108674,0.0230847,0,1
11014-1902,1-456921,11014,1902,194.854,27.7389,0.0201175,26.4799,1.40006,149.222,0.427957,0.719391,6,2.48243,1.01185,9.99671,10.4181,6.75684e-10,7.21885,0.393221,0.212473,0.376328,6.75684e-10,5.97951,0.387813,0.208812,0.371111,0,1
9036-3702,1-594069,9036,3702,237.84,43.4177,0.0402913,26.3872,2.17888,208.458,0.30234,0.82169,4.22474,4.25971,3.39426,11.2223,11.2341,1.00951e-09,10.7854,-0.00748627,-0.19118,-0.0665612,1.00951e-09,8.93374,-0.011272,-0.193705,-0.0698876,1,1
9492-1902,1-297822,9492,1902,117.207,18.3836,0.0530503,26.2534,1.11293,130.818,0.118061,0.876146,4.51447,1.9381,2.00281,10.5551,10.6003,6.23848e-10,6.66504,0.0148512,-0.165188,0.014087,6.23848e-10,5.52078,0.00905743,-0.169124,0.00830258,1,1
11956-1902,1-151674,11956,1902,188.619,53.1769,0.022573,26.2395,1.05539,87.4091,0.304802,0.824581,5.98576,1.87005,0.852755,9.78649,9.87926,5.86295e-10,6.26384,0.0605997,-0.118857,0.108568,5.86295e-10,5.18845,0.0544904,-0.123019,0.101814,1,1
8654-1902,1-29745,8654,1902,356.073,0.441779,0.0214614,26.1613,0.862045,87.4624,0.25156,0.867071,4.67197,1.5785,0.685277,9.60537,9.78483,5.98283e-10,6.39192,0.147897,-0.0317526,0.195856,5.98283e-10,5.29454,0.141892,-0.0358402,0.189216,1,1
8143-1902,1-44047,8143,1902,119.643,41.5784,0.0413786,26.0782,0.644157,128.1,0.291663,0.755172,1.70142,1.90059,1.5533,10.2111,10.4717,4.69736e-10,5.01854,0.221121,0.0439843,0.222879,4.69736e-10,4.15695,0.213768,0.0389171,0.215501,1,1
10214-1902,1-153402,10214,1902,121.988,34.2273,0.0217766,26.0212,0.937611,76.6363,0.275158,0.925563,3.8842,1.71337,0.754466,9.7932,9.71183,7.60665e-10,8.12677,-0.106574,-0.288294,-0.0417706,7.60665e-10,6.73155,-0.11145,-0.29158,-0.0473695,1,1
11016-1902,1-196863,11016,1902,210.602,51.687,0.0411816,25.938,1.5105,147.017,0.408126,0.955022,4.82034,3.05832,2.48817,10.85,10.7959,7.97031e-10,8.51528,-0.0781387,-0.260218,-0.0933379,7.97031e-10,7.05337,-0.0828179,-0.263365,-0.0978663,0,1
11758-1901,1-195979,11758,1901,202.204,53.4429,0.0253566,25.9181,2.09599,82.8487,0.5427,0.950308,5.08515,2.09508,1.06959,9.99434,9.9311,6.01429e-10,6.42552,-0.0946481,-0.274347,-0.040142,6.01429e-10,5.32238,-0.100626,-0.278415,-0.0468432,0,1
9507-1902,1-385077,9507,1902,129.579,25.0424,0.0517445,25.8631,1.00725,264.915,0.576549,0.786333,6,1.74139,1.75795,10.5714,11.1565,8.40746e-10,8.98233,0.562208,0.379736,0.473683,8.40746e-10,7.44023,0.557745,0.37674,0.470001,0,1
10503-6103,1-183745,10503,6103,160.012,5.68531,0.0277329,25.8119,0.799457,94.804,0.248529,0.76615,3.06877,1.5564,0.866561,9.67752,9.95677,4.41766e-10,4.71972,0.237523,0.0610981,0.274918,4.41766e-10,3.90943,0.229793,0.0557521,0.266578,1,1
11979-1902,1-270677,11979,1902,253.978,22.8471,0.0469458,25.8003,0.898439,224.307,0.513058,0.823872,6,1.717,1.58156,10.4909,10.9661,8.62934e-10,9.21938,0.452852,0.270194,0.385013,8.62934e-10,7.63658,0.448492,0.26727,0.381251,0,1
9494-3704,1-384821,9494,3704,128.02,21.6286,0.0537645,25.77,1.32573,118.561,0.562132,0.714706,5.48329,2.41234,2.52432,10.437,10.6153,2.99182e-10,3.19639,0.119284,-0.0518636,0.129839,2.99182e-10,2.64763,0.108815,-0.0592936,0.119154,0,1
11830-1901,1-152337,11830,1901,197.296,52.0209,0.0257783,25.7239,1.37018,160.153,0.396295,0.865587,5.90617,1.71356,0.888908,10.015,10.4232,9.13104e-10,9.75538,0.387091,0.204044,0.361142,9.13104e-10,8.08056,0.382946,0.20127,0.357225,1,1
8438-1901,1-474828,8438,1901,149.773,18.6544,0.0252353,25.6024,1.57609,106.852,0.539951,0.959893,6,2.05812,1.04584,10.1914,10.1423,9.90215e-10,10.5792,-0.0686566,-0.25223,-0.0442414,9.90215e-10,8.76297,-0.0725091,-0.254801,-0.0483041,0,1
8601-1901,1-211100,8601,1901,247.83,39.7441,0.0309313,25.4879,1.45351,185.913,0.259825,0.772068,6,2.99247,1.85115,10.5826,10.8714,7.78016e-10,8.31213,0.264111,0.0822152,0.219887,7.78016e-10,6.8851,0.259331,0.0789975,0.215541,1,1
9510-1902,1-230478,9510,1902,127.709,28.5768,0.0658259,25.4587,1.38405,166.101,0.248693,0.81212,5.04076,2.19996,2.77879,10.9542,10.9499,8.12404e-10,8.67953,-0.0279721,-0.210194,-0.0583049,8.12404e-10,7.18942,-0.0325727,-0.213286,-0.0626139,1,1
7993-1902,1-603309,7993,1902,32.8898,13.9171,0.0265066,25.4355,2.04917,84.8012,0.133419,0.987148,6,3.07179,1.63707,10.4461,10.1362,7.26446e-10,7.76117,-0.336196,-0.51755,-0.283896,7.26446e-10,6.42872,-0.341273,-0.520977,-0.289571,1,1
9095-3704,1-376616,9095,3704,243.357,21.9094,0.031867,25.3618,1.48032,174.464,0.329143,0.618096,3.7884,4.68415,2.98194,10.8577,11.0232,5.64874e-10,6.03498,0.132254,-0.0468387,0.0965491,5.64874e-10,4.99889,0.125949,-0.0511425,0.0907002,1,1
9873-12703,1-623416,9873,12703,194.475,28.4998,0.0243601,25.2282,1.18843,140.501,0.238918,0.777804,4.56645,2.60359,1.27849,10.1501,10.4674,6.0248e-10,6.43676,0.285949,0.106234,0.276502,6.0248e-10,5.33169,0.27998,0.102172,0.270651,1,1
11747-1902,1-299084,11747,1902,129.807,27.0757,0.0832049,25.0853,0.999965,209.059,0.472554,0.931469,6,1.93455,3.02672,11.1204,11.1868,1.0041e-09,10.7276,0.0470228,-0.136637,-0.012401,1.0041e-09,8.88584,0.0432186,-0.139176,-0.0157413,0,1
11838-3704,1-586725,11838,3704,156.032,0.141933,0.0234129,25.0675,1.27936,139.713,0.487378,0.621952,2.73786,3.78827,1.78993,10.3659,10.6086,5.05209e-10,5.39753,0.205844,0.0279034,0.197184,5.05209e-10,4.47087,0.198921,0.0231505,0.190383,0,1
8083-1902,1-38347,8083,1902,51.2565,-0.192948,0.036589,25.0035,1.08515,218.989,0.112672,0.747933,6,2.95165,2.1453,10.7103,11.0776,7.77341e-10,8.30492,0.342644,0.160755,0.278107,7.77341e-10,6.87912,0.33786,0.157535,0.273945,1,1
8320-1902,1-519705,8320,1902,205.717,22.127,0.027973,24.9815,0.696665,91.5164,0.215113,0.902781,3.56049,1.19364,0.670146,9.55217,9.81448,5.53477e-10,5.91322,0.22839,0.0495,0.270663,5.53477e-10,4.89803,0.221975,0.0451171,0.263658,1,1
8155-3702,1-38543,8155,3702,54.0324,-0.596439,0.0234372,24.8511,1.11614,134.785,0.474251,0.553855,3.16169,3.51639,1.66315,10.3556,10.5455,5.71503e-10,6.1058,0.156985,-0.0222226,0.152606,5.71503e-10,5.05754,0.150742,-0.0264817,0.14642,0,1
8155-3704,1-109428,8155,3704,54.6023,-0.0185818,0.0476594,24.7562,0.832031,180.498,0.59368,0.800631,4.33558,1.6106,1.50482,10.415,10.7557,8.00423e-10,8.55153,0.316715,0.134604,0.276098,8.00423e-10,7.08339,0.312053,0.131469,0.271828,0,1
8249-1901,1-137890,8249,1901,137.219,44.9323,0.0265684,24.4501,0.703852,110.284,0.442938,0.549448,2.25205,2.95254,1.57707,9.88545,10.3482,2.15289e-10,2.3001,0.384353,0.218723,0.402479,2.15289e-10,1.90521,0.371126,0.209081,0.388807,0,1
10217-1902,1-458676,10217,1902,118.699,14.6654,0.0503408,24.433,0.905413,178.389,0.514954,0.691192,5.98941,2.1028,2.06865,10.5654,10.8837,5.98817e-10,6.39761,0.286807,0.107149,0.248254,5.98817e-10,5.29926,0.280807,0.103065,0.242724,0,1
8726-1901,1-163594,8726,1901,115.494,23.1764,0.0431378,24.3919,1.66602,232.917,0.164641,0.843971,6,3.15915,2.68603,11.023,11.2288,1.01867e-09,10.8832,0.18676,0.003011,0.113735,1.01867e-09,9.01476,0.183005,0.000506766,0.110536,1,1
8992-6104,1-149878,8992,6104,173.807,51.1619,0.0265211,24.3026,1.45745,171.998,0.484412,0.784458,6,3.15497,1.6823,10.4917,10.7623,7.64079e-10,8.16324,0.245504,0.0637486,0.210947,7.64079e-10,6.76176,0.240647,0.0604769,0.206438,0,1
8247-1901,1-558242,8247,1901,137.07,42.1641,0.0246684,24.1373,0.890546,170.147,0.389826,0.861819,6,2.76104,1.37245,10.1565,10.6645,5.30664e-10,5.66949,0.472647,0.294187,0.440123,5.30664e-10,4.69614,0.466002,0.289637,0.433915,1,1
10505-12705,1-300759,10505,12705,140.491,33.0064,0.0208965,23.9496,1.6897,207.563,0.511033,0.705795,6,3.41248,1.44346,10.325,10.859,7.07131e-10,7.55481,0.506993,0.325861,0.449381,7.07131e-10,6.25779,0.501795,0.322348,0.444787,0,1
8314-1902,1-564487,8314,1902,243.259,39.2371,0.0325607,23.9349,1.63036,125.465,0.33198,0.957746,4.62848,2.48792,1.61695,10.5337,10.4711,9.11138e-10,9.73438,-0.0838776,-0.26691,-0.0794683,9.11138e-10,8.06317,-0.0880304,-0.26969,-0.083661,1,1
8981-1901,1-402014,8981,1901,186.424,36.5472,0.0712465,23.8476,1.0835,170.196,0.511692,0.91359,3.23864,2.14911,2.91952,10.9159,10.9925,6.73787e-10,7.19858,0.0484084,-0.132316,0.0153728,6.73787e-10,5.96272,0.0429871,-0.135986,0.0103203,0,1
7962-1902,1-178270,7962,1902,259.433,26.0761,0.0405812,23.7901,0.766469,145.259,0.575375,0.868113,3.5715,1.40964,1.13093,10.0697,10.443,6.39829e-10,6.83578,0.343727,0.163458,0.330177,6.39829e-10,5.66221,0.338058,0.159611,0.324668,0,1
9499-1901,1-163876,9499,1901,119.398,25.8073,0.0453791,23.616,0.72991,154.988,0.297209,0.775617,4.89798,1.42443,1.27064,10.1822,10.5499,6.56826e-10,7.01737,0.338785,0.158283,0.317274,6.56826e-10,5.81262,0.333242,0.154526,0.31198,1,1
8138-3704,1-44183,8138,3704,118.02,44.1615,0.0262834,23.5969,0.69242,75.7483,0.331377,0.825609,6,2.21373,1.17016,9.87907,9.89231,3.85343e-10,4.11691,-0.0339759,-0.208702,0.0290558,3.85343e-10,3.41011,-0.0425982,-0.214715,0.01928,1,1
8465-3701,1-284048,8465,3701,195.319,48.0602,0.0299815,23.5121,1.53537,79.5223,0.574417,0.606717,2.44395,4.68445,2.81204,10.2559,10.3153,1.58907e-10,1.69772,-0.0411615,-0.20087,0.010449,1.58907e-10,1.40625,-0.057235,-0.212923,-0.00708249,0,1
7965-6101,1-179597,7965,6101,318.718,-0.977798,0.0439849,23.4919,1.37784,142.489,0.500974,0.867587,5.89431,3.11233,2.69546,10.9509,10.8035,8.56938e-10,9.15532,-0.169941,-0.35255,-0.181311,8.56938e-10,7.58352,-0.174328,-0.355492,-0.185592,0,1
8329-1901,1-235530,8329,1901,214.422,45.4658,0.027447,23.4103,1.18293,169.83,0.523905,0.895949,6,2.79849,1.54259,10.3076,10.7136,5.94783e-10,6.35452,0.374273,0.19468,0.341739,5.94783e-10,5.26357,0.368238,0.19057,0.336105,0,1
8718-1901,1-45108,8718,1901,121.965,45.9182,0.0319959,23.3885,1.46834,178.898,0.35417,0.809795,5.09109,3.14743,2.01146,10.6958,10.874,8.55184e-10,9.13658,0.155675,-0.0269187,0.116042,8.55184e-10,7.568,0.15128,-0.0298671,0.112009,1,1
8335-1901,1-251783,8335,1901,215.311,39.6525,0.0255537,23.3093,1.46454,94.103,0.304752,0.897617,6,2.5193,1.29585,10.1684,10.1251,6.11683e-10,6.53507,-0.0742037,-0.254061,-0.0350156,6.11683e-10,5.41312,-0.080096,-0.258068,-0.0414138,1,1
10216-1902,1-297863,10216,1902,116.767,18.1383,0.0452223,23.2761,0.73736,110.419,0.259333,0.731834,3.31496,1.81262,1.61163,10.2388,10.3587,4.65128e-10,4.96932,0.0800244,-0.0969997,0.0994761,4.65128e-10,4.11618,0.0726126,-0.102111,0.0917626,1,1
11007-12705,1-456325,11007,12705,194.085,26.704,0.0219706,23.2393,0.810353,91.4805,0.31945,0.937139,5.99942,1.70164,0.755797,9.6352,9.86638,5.26818e-10,5.6284,0.195669,0.0172846,0.237841,5.26818e-10,4.6621,0.188983,0.0127048,0.230545,1,1
9864-1901,1-245733,9864,1901,216.09,52.1244,0.0444285,23.1698,0.902394,191.181,0.54942,0.81677,5.98617,1.60314,1.40168,10.2784,10.7749,6.73585e-10,7.19642,0.468186,0.287464,0.420849,6.73585e-10,5.96093,0.462763,0.283793,0.415948,0,1
9029-3703,1-135244,9029,3703,246.907,42.6382,0.0310462,23.1247,1.75732,217.334,0.2449,0.659269,6,3.8266,2.37562,10.7749,11.1153,7.3563e-10,7.8593,0.3144,0.132945,0.250976,7.3563e-10,6.51,0.309379,0.129557,0.246594,1,1
11012-1902,1-245270,11012,1902,212.37,54.8614,0.0417099,23.0341,0.665001,152.865,0.577678,0.75058,4.19993,1.48378,1.22188,10.0792,10.521,5.60356e-10,5.98671,0.408172,0.229159,0.388542,5.60356e-10,4.9589,0.401824,0.224824,0.38245,0,1
9027-1902,1-323766,9027,1902,246.176,32.0644,0.0215815,22.6689,1.17872,82.4828,0.184003,0.821896,3.61931,2.25332,0.983569,9.87293,9.89085,5.37764e-10,5.74534,-0.0169241,-0.195521,0.0376926,5.37764e-10,4.75897,-0.0234959,-0.200018,0.0303329,1,1
7990-1902,1-634828,7990,1902,264.522,57.1182,0.0300503,22.6547,1.29109,151.192,0.527212,0.750973,6,3.35966,2.02124,10.6089,10.73,6.9333e-10,7.40738,0.0935909,-0.0873769,0.0750623,6.9333e-10,6.13567,0.0883025,-0.0909533,0.069979,0,1
8254-1902,1-255878,8254,1902,163.219,43.4284,0.0242371,22.6283,1.40044,78.0297,0.413444,0.892788,5.10131,2.39308,1.16936,10.0137,9.91778,5.26111e-10,5.62085,-0.131472,-0.309843,-0.0703277,5.26111e-10,4.65585,-0.138166,-0.314428,-0.0779228,0,1
11013-1902,1-245176,11013,1902,209.898,55.5925,0.041111,22.5883,0.900051,118.612,0.287065,0.649435,3.61647,2.10929,1.71326,10.1478,10.4474,3.33751e-10,3.56571,0.24592,0.0731568,0.256543,3.33751e-10,2.95355,0.23628,0.0663683,0.246698,1,1
10845-1901,1-78239,10845,1901,148.417,3.48359,0.0306515,22.5427,1.16113,200.152,0.346996,0.968885,6,2.60459,1.59717,10.4619,10.8714,7.91492e-10,8.45611,0.385242,0.203215,0.331823,7.91492e-10,7.00436,0.380534,0.200048,0.327628,1,1
12506-12702,1-82688,12506,12702,219.987,3.8256,0.0274217,22.5368,1.05973,185.829,0.396548,0.869647,6,1.95533,1.07686,10.0702,10.6357,7.06614e-10,7.54929,0.538463,0.357336,0.494509,7.06614e-10,6.25322,0.533261,0.353821,0.489774,1,1
9875-3702,1-456905,9875,3702,194.767,27.9592,0.0234566,22.465,0.844472,120.187,0.565664,0.746071,6,1.98952,0.941741,9.77157,10.199,4.64496e-10,4.96256,0.387524,0.210516,0.396885,4.64496e-10,4.11058,0.380104,0.205399,0.38932,0,1
8721-1902,1-48531,8721,1902,134.435,54.2272,0.0389849,22.4107,0.659776,107.609,0.485322,0.860481,6,1.49225,1.15231,9.97979,10.1906,5.01102e-10,5.35365,0.173605,-0.00424757,0.196249,5.01102e-10,4.43453,0.166635,-0.00903483,0.188944,0,1
8603-1901,1-211007,8603,1901,246.933,39.7438,0.0282842,22.3085,1.00107,122.585,0.505647,0.83827,4.38995,1.83396,1.04071,10.0147,10.2595,6.65699e-10,7.11217,0.216292,0.0356729,0.223468,6.65699e-10,5.89114,0.210814,0.0319616,0.217906,0,1
9028-1901,1-269227,9028,1901,242.67,30.2551,0.0306899,22.1672,1.3774,212.555,0.263406,0.840096,4.71161,2.36077,1.4494,10.4064,10.8814,8.45811e-10,9.03645,0.452279,0.269763,0.391208,8.45811e-10,7.48506,0.44784,0.266784,0.38732,1,1
8464-1902,1-258774,8464,1902,186.401,45.0839,0.0383813,22.1166,1.30406,126.569,0.366749,0.854535,6,2.92752,2.22722,10.7395,10.6177,7.71266e-10,8.24002,-0.146594,-0.328422,-0.143298,7.71266e-10,6.82536,-0.151411,-0.331666,-0.14815,1,1
11970-1902,1-333290,11970,1902,225.465,9.72594,0.0336654,22.1141,1.39613,205.192,0.219634,0.932079,6,2.83849,1.90486,10.6479,10.9695,8.53975e-10,9.12366,0.29902,0.116436,0.242317,8.53975e-10,7.5573,0.294619,0.113483,0.238425,1,1
9095-1901,1-317822,9095,1901,242.81,24.225,0.0325268,22.11,1.79221,109.416,0.419133,0.761997,6,3.1684,2.05715,10.5622,10.4567,6.01067e-10,6.42166,-0.13686,-0.316554,-0.115949,6.01067e-10,5.31918,-0.142842,-0.320624,-0.122199,0,1
9505-1901,1-386727,9505,1901,139.171,29.3395,0.0362161,21.9879,1.37836,226.353,0.508141,0.875231,5.87883,3.25087,2.33974,10.8143,11.1441,8.30317e-10,8.87091,0.306555,0.124173,0.2377,8.30317e-10,7.34794,0.302043,0.121143,0.233814,0,1
9506-3701,1-605531,9506,3701,133.57,27.2665,0.0637792,21.9689,0.838031,90.0948,0.57652,0.913,1.2971,4.33201,5.31442,10.9478,10.7002,2.18832e-10,2.33795,-0.3249,-0.490827,-0.284563,2.18832e-10,1.93657,-0.337982,-0.500349,-0.298641,0,1
8933-12702,1-456320,8933,12702,194.007,26.7566,0.0191767,21.8828,1.17258,135.138,0.338513,0.921644,3.19553,2.40384,0.935064,9.94541,10.2977,7.03072e-10,7.51145,0.325163,0.144078,0.320408,7.03072e-10,6.22188,0.319938,0.140547,0.315236,1,1
10220-1901,1-153127,10220,1901,120.805,33.1323,0.0175908,21.814,1.02225,109.274,0.29394,0.800838,4.00794,2.45927,0.879199,9.80264,10.0864,5.72445e-10,6.11587,0.250917,0.0716927,0.271919,5.72445e-10,5.06589,0.244682,0.0674399,0.265404,1,1
10845-3703,1-78200,10845,3703,149.244,3.77796,0.0345096,21.779,1.53183,207.556,0.493077,0.75144,6,4.36592,3.00033,10.9804,11.1768,7.40192e-10,7.90804,0.170489,-0.0110159,0.112748,7.40192e-10,6.55037,0.165495,-0.0143844,0.108336,0,1
11020-1901,1-244115,11020,1901,204.506,55.1876,0.0250585,21.7184,1.02774,133.683,0.587359,0.477387,2.4866,3.5378,1.78554,10.1363,10.5692,2.99276e-10,3.1974,0.373807,0.202655,0.370599,2.99276e-10,2.64846,0.36334,0.195226,0.360198,0,1
8568-1901,1-273933,8568,1901,154.492,37.1816,0.0441818,21.6925,1.51155,214.4,0.539557,0.824894,6,3.62421,3.1521,11.0858,11.2264,8.54903e-10,9.13358,0.117964,-0.064628,0.0557863,8.54903e-10,7.56551,0.113567,-0.0675773,0.0519448,0,1
9875-6102,1-456580,9875,6102,194.633,28.0496,0.0190311,21.6436,0.921028,107.27,0.365735,0.929032,3.50221,2.19414,0.847163,9.75592,10.0542,5.53678e-10,5.91536,0.264403,0.0855096,0.287587,5.53678e-10,4.89981,0.25799,0.0811281,0.280857,1,1
9511-6104,1-213402,9511,6104,129.362,3.95569,0.0470113,21.6209,0.650581,203.204,0.428519,0.881954,5.51876,1.66272,1.53357,10.298,10.8669,5.8868e-10,6.28932,0.536827,0.357331,0.482399,5.8868e-10,5.20956,0.530738,0.353184,0.476973,0,1
10513-1902,1-54240,10513,1902,140.373,-0.26886,0.0256775,21.5829,1.19057,146.314,0.580716,0.878041,5.60727,2.45058,1.26642,10.2349,10.4985,7.46477e-10,7.97518,0.237914,0.0563419,0.223356,7.46477e-10,6.60599,0.232957,0.0529994,0.218551,0,1
8933-12704,1-456769,8933,12704,194.11,27.7273,0.0227634,21.5563,1.02385,120.301,0.345103,0.877852,6,2.2889,1.05231,9.95832,10.248,5.71873e-10,6.10975,0.256771,0.0775566,0.266155,5.71873e-10,5.06082,0.250531,0.0732999,0.259791,1,1
10846-1902,1-1437,10846,1902,153.691,-0.33935,0.0334124,21.5152,1.28797,221.332,0.189991,0.77777,6,3.56974,2.3783,10.7371,11.1317,6.72735e-10,7.18734,0.36628,0.18557,0.300899,6.72735e-10,5.95341,0.360851,0.181894,0.296178,1,1
8988-1902,1-397792,8988,1902,188.022,40.9885,0.037617,21.4531,0.638102,156.787,0.267665,0.843047,6,1.54216,1.15094,9.90184,10.517,4.19766e-10,4.48468,0.571438,0.39563,0.549202,4.19766e-10,3.71475,0.563383,0.390042,0.541505,1,1
8934-3701,1-456772,8934,3701,194.025,27.678,0.0164833,21.4407,1.17243,87.0971,0.464764,0.654442,1.98485,4.18054,1.40234,9.35674,10.0922,8.05943e-11,0.86105,0.568073,0.423678,0.605848,8.05943e-11,0.713223,0.545144,0.405208,0.581719,0,1
8933-6103,1-456768,8933,6103,194.082,27.751,0.0229753,21.3952,1.34301,160.82,0.586203,0.857907,6,3.51727,1.63169,10.4167,10.6906,6.83407e-10,7.30136,0.246078,0.0652321,0.219982,6.83407e-10,6.04785,0.240723,0.0616085,0.214917,0,1
9048-1901,1-295996,9048,1901,244.38,24.2899,0.0667326,21.3757,0.814738,127.2,0.420082,0.853025,6,2.14893,2.7488,10.8312,10.7134,6.25396e-10,6.68158,-0.14802,-0.328081,-0.145368,6.25396e-10,5.53448,-0.153801,-0.332009,-0.151182,0,1
9183-12701,1-121911,9183,12701,122.145,37.175,0.0211728,21.375,0.792738,89.984,0.564689,0.713383,3.12871,2.09971,0.899606,9.73416,9.9277,4.67016e-10,4.98949,0.153868,-0.0232019,0.197612,4.67016e-10,4.13289,0.146481,-0.0282949,0.189533,0,1
8933-6101,1-456567,8933,6101,194.632,27.6735,0.0230696,21.3722,1.1617,128.718,0.429852,0.832,6,2.03009,0.945532,9.88477,10.2603,5.9799e-10,6.38878,0.343924,0.164279,0.345127,5.9799e-10,5.29194,0.337916,0.16019,0.339104,0,1
8724-1901,1-47463,8724,1901,131.288,54.9783,0.0240728,21.3623,1.41196,151.033,0.438967,0.750192,4.136,3.66944,1.78124,10.4666,10.6742,6.43261e-10,6.87245,0.178125,-0.0021916,0.159803,6.43261e-10,5.69258,0.172482,-0.00602015,0.154375,0,1
11953-1901,1-283164,11953,1901,189.663,43.1367,0.0287759,21.3277,0.58523,73.5962,0.484481,0.931378,3.64422,1.47429,0.85065,9.56267,9.72878,3.51915e-10,3.75977,0.114899,-0.058609,0.180697,3.51915e-10,3.11429,0.105644,-0.0651028,0.170163,0,1
9183-3703,1-122304,9183,3703,121.921,39.0042,0.0233453,21.1914,1.87032,104.32,0.48015,0.899537,6,3.87237,1.82454,10.4946,10.3632,6.5395e-10,6.98665,-0.160418,-0.340881,-0.133593,6.5395e-10,5.78717,-0.165982,-0.344653,-0.139482,0,1
8141-6102,1-44163,8141,6102,118.649,44.1518,0.0313438,21.1613,0.584511,174.583,0.336834,0.964322,4.27172,5.17418,3.24185,10.7794,11.0601,3.99121e-10,4.26411,0.234948,0.05977,0.200051,3.99121e-10,3.53205,0.226562,0.0539344,0.192239,1,1
9488-6104,1-556821,9488,6104,127.744,20.7741,0.087325,21.083,0.832995,245.041,0.178687,0.845878,6,2.06406,3.37313,11.1246,11.3718,8.16222e-10,8.72032,0.223654,0.0413971,0.144968,8.16222e-10,7.2232,0.219072,0.0383186,0.141105,1,1
8563-1902,1-92702,8563,1902,242.1,48.9445,0.0443926,21.0541,0.917417,76.6325,0.396231,0.936184,5.99515,1.72444,1.50658,10.2352,10.0121,5.2787e-10,5.63964,-0.258551,-0.436956,-0.19524,5.2787e-10,4.67142,-0.265226,-0.441528,-0.202847,1,1
9882-3704,1-627331,9882,3704,206.553,23.0538,0.026861,21.0278,1.44612,213.801,0.5849,0.731736,5.40941,4.33036,2.33767,10.7246,11.0941,6.76526e-10,7.22784,0.3414,0.160641,0.280271,6.76526e-10,5.98696,0.335998,0.156984,0.27553,0,1
8093-3704,1-40992,8093,3704,21.855,14.0545,0.0236139,20.9219,1.21628,176.832,0.559516,0.676102,3.47934,3.87641,1.84686,10.4631,10.8269,5.93559e-10,6.34144,0.33202,0.152445,0.294558,5.93559e-10,5.25273,0.325974,0.148329,0.288972,0,1
12487-12703,1-605711,12487,12703,138.61,30.6365,0.0379256,20.9159,1.18609,126.448,0.328752,0.924291,5.24052,3.21178,2.41578,10.7262,10.6522,6.35847e-10,6.79324,-0.103817,-0.284029,-0.10044,6.35847e-10,5.62697,-0.109516,-0.287898,-0.10618,1,1
8984-1902,1-458052,8984,1902,202.695,27.0925,0.068391,20.7633,0.983694,191.941,0.278041,0.944472,6,2.12733,2.78339,10.961,11.0762,8.22496e-10,8.78735,0.0918157,-0.0904971,0.0435097,8.22496e-10,7.27873,0.0872652,-0.0935539,0.0394108,1,1
9001-1901,1-148918,9001,1901,165.651,50.6788,0.0224909,20.7619,0.860122,95.0791,0.13087,0.949854,4.41029,1.71833,0.780795,9.73526,9.91402,6.21521e-10,6.64019,0.148305,-0.0317002,0.186283,6.21521e-10,5.50019,0.142492,-0.0356497,0.179987,1,1
8249-1902,1-137915,8249,1902,139.797,45.3665,0.031543,20.6811,0.819466,96.9019,0.10834,0.961667,6,2.61801,1.65033,10.2844,10.2556,4.92695e-10,5.26384,-0.0666636,-0.244332,-0.0315517,4.92695e-10,4.36014,-0.0737325,-0.249191,-0.0391507,1,1
8458-1901,1-217367,8458,1901,146.26,44.972,0.0349297,20.6621,0.590355,86.8314,0.320548,0.710924,1.74789,1.5549,1.08102,9.44948,9.9765,1.67915e-10,1.79397,0.430817,0.269979,0.473618,1.67915e-10,1.48598,0.415278,0.258389,0.456897,1,1
8252-1901,1-567184,8252,1901,145.774,48.4197,0.0253779,20.6249,0.780766,74.4457,0.389019,0.963776,3.75617,2.40002,1.22626,9.91454,9.89758,3.80758e-10,4.06793,-0.0646925,-0.239262,0.000275571,3.80758e-10,3.36954,-0.0733965,-0.245337,-0.00962848,1,1
11983-3704,1-23142,11983,3704,257.63,63.2362,0.027575,20.5336,0.741542,96.2737,0.223163,0.97006,4.31389,1.68891,0.935165,9.86909,10.0032,5.89634e-10,6.29951,0.102141,-0.0773698,0.138485,5.89634e-10,5.218,0.096061,-0.0815112,0.131924,1,1
10223-3701,1-35650,10223,3701,31.5666,-0.291437,0.0429575,20.5056,1.21733,214.685,0.585611,0.756885,6,4.333,3.66946,11.1729,11.2935,7.70861e-10,8.23569,0.0957289,-0.0860954,0.0336815,7.70861e-10,6.82178,0.0909096,-0.0893407,0.029466,0,1
8318-1902,1-284349,8318,1902,196.369,45.5819,0.0514298,20.5003,1.01059,167.453,0.584983,0.807873,6,2.03047,2.03808,10.5246,10.8223,5.61572e-10,5.9997,0.264274,0.0852392,0.23357,5.61572e-10,4.96967,0.257938,0.0809128,0.22763,0,1
7495-1901,12-110746,7495,1901,205.54,27.5704,0.0288023,20.4374,1.20186,100.586,0.439509,0.881366,4.86663,1.702,0.982904,9.94347,10.0629,6.33459e-10,6.76772,0.0895137,-0.0906647,0.12071,6.33459e-10,5.60583,0.0837956,-0.0945469,0.114603,0,1
10503-3704,1-80331,10503,3704,160.074,5.3592,0.0271463,20.4331,1.1477,180.545,0.432652,0.73732,6,3.67609,2.00487,10.4601,10.8806,5.00248e-10,5.34453,0.383246,0.205412,0.343689,5.00248e-10,4.42698,0.376266,0.200618,0.33726,0,1
12683-1902,1-98506,12683,1902,326.313,-8.26841,0.0514056,20.3893,1.15985,206.939,0.309348,0.76331,6,2.11362,2.1206,10.6448,11.0235,6.8419e-10,7.30973,0.350798,0.169942,0.293657,6.8419e-10,6.05478,0.345448,0.166323,0.288922,1,1
11955-1901,1-195208,11955,1901,196.808,53.5233,0.0293206,20.2564,0.88074,134.131,0.555998,0.837107,5.84692,1.78627,1.04948,9.91834,10.3414,5.244e-10,5.60256,0.38735,0.209014,0.383582,5.244e-10,4.64071,0.380638,0.204415,0.376922,0,1
8715-3702,1-604907,8715,3702,119.921,50.84,0.0543641,20.2219,1.35004,143.606,0.533464,0.881812,6,2.50961,2.65351,10.4672,10.8035,2.90263e-10,3.1011,0.275632,0.104952,0.264227,2.90263e-10,2.5687,0.264926,0.097336,0.253755,0,1
9867-1901,1-198052,9867,1901,221.354,49.1279,0.0372651,20.1266,0.609797,93.1652,0.498087,0.834874,2.79464,1.52229,1.12596,9.8855,10.0553,4.22404e-10,4.51287,0.126384,-0.0495009,0.165689,4.22404e-10,3.73809,0.11837,-0.0550586,0.157012,0,1
11742-3703,1-584896,11742,3703,125.293,39.263,0.0288133,20.0846,1.31936,243.158,0.373454,0.806426,4.24012,4.77271,2.75726,10.8983,11.2776,7.25467e-10,7.75072,0.352922,0.171579,0.275631,7.25467e-10,6.42006,0.347839,0.168148,0.271326,1,1
9024-1902,1-314332,9024,1902,224.438,33.1656,0.0300243,20.0815,1.16572,80.0656,0.453913,0.795033,2.82634,3.36728,2.02413,9.83511,10.1784,1.16388e-10,1.24346,0.215192,0.062247,0.263697,1.16388e-10,1.02998,0.196004,0.0473923,0.243025,0,1
8486-1902,1-133987,8486,1902,239.334,48.2073,0.0195435,20.0673,1.28193,153.738,0.465486,0.902851,6,2.80256,1.11052,10.132,10.4844,7.65936e-10,8.18307,0.327397,0.145623,0.306709,7.65936e-10,6.77819,0.322551,0.142358,0.302074,0,1
9092-1902,1-317962,9092,1902,240.78,24.524,0.0466923,20.0432,0.89693,86.8736,0.347711,0.92149,6,2.08828,1.91373,10.3822,10.225,4.58923e-10,4.90303,-0.197562,-0.374432,-0.149723,4.58923e-10,4.06127,-0.205055,-0.379603,-0.157985,1,1
8143-3702,1-44483,8143,3702,119.835,42.0571,0.0245084,20.0052,0.667257,129.417,0.488739,0.469767,3.60662,4.45479,2.20044,10.1149,10.6318,1.8755e-10,2.00374,0.429037,0.266004,0.429525,1.8755e-10,1.65973,0.414548,0.25531,0.415023,0,1
9513-1902,1-41918,9513,1902,30.7082,14.5206,0.0319639,19.9637,1.03056,81.6904,0.403883,0.60559,2.80803,3.20158,2.0441,9.53116,10.2002,5.66805e-11,0.605561,0.457262,0.321163,0.498454,5.66805e-11,0.501597,0.430897,0.299107,0.470812,0,1
10838-1901,1-606057,10838,1901,146.775,34.7568,0.0407031,19.9047,0.690221,139.701,0.578571,0.855896,3.36734,1.58115,1.27216,10.0666,10.4603,5.02041e-10,5.36369,0.356586,0.178713,0.347939,5.02041e-10,4.44284,0.349626,0.173934,0.341103,0,1
8982-1902,1-457547,8982,1902,201.921,26.0616,0.0240628,19.7935,0.926177,98.8429,0.576064,0.608015,3.00735,3.03092,1.47069,9.8539,10.2227,2.30213e-10,2.45954,0.294747,0.127914,0.325134,2.30213e-10,2.03728,0.282112,0.118758,0.311771,0,1
10520-3703,1-79747,10520,3703,158.738,4.83178,0.0292015,19.7685,1.15589,169.615,0.591689,0.675436,4.39867,4.01103,2.34735,10.6102,10.8948,5.15561e-10,5.50813,0.248433,0.0702762,0.216352,5.15561e-10,4.56249,0.241626,0.0656078,0.209985,0,1
9193-6101,1-37797,9193,6101,46.6125,-0.846616,0.0281225,19.7346,0.716982,99.2195,0.417219,0.804709,6,3.20903,1.81095,10.2821,10.3164,4.06978e-10,4.34806,-0.0106448,-0.186069,0.0211575,4.06978e-10,3.60158,-0.0189013,-0.191807,0.0123541,0,1
8440-3703,1-216958,8440,3703,136.2,40.5917,0.0270093,19.631,0.785108,88.223,0.266457,0.833121,6,3.89383,2.11325,10.3021,10.2814,3.12947e-10,3.34345,-0.0774889,-0.249314,-0.0330604,3.12947e-10,2.76945,-0.0876113,-0.256475,-0.0440939,1,1
8615-1901,1-180047,8615,1901,321.072,1.02836,0.0197432,19.6161,1.01068,75.3343,0.588625,0.864664,1.24645,3.56506,1.42675,9.06733,9.97365,3.99856e-11,0.427196,0.644395,0.516135,0.68998,3.99856e-11,0.353855,0.61495,0.490618,0.659235,0,1
8440-6104,1-216976,8440,6104,135.759,40.434,0.0287631,19.5896,1.10135,117.359,0.121621,0.980661,5.31336,5.47989,3.16048,10.7246,10.7041,3.70157e-10,3.95467,-0.0694666,-0.243662,-0.0575003,3.70157e-10,3.27573,-0.0783655,-0.249884,-0.0666146,1,1
8247-3701,1-585433,8247,3701,136.671,41.3651,0.0249506,19.5653,0.594519,92.6324,0.312418,0.848005,5.15693,4.98548,2.50567,10.3086,10.3978,2.25949e-10,2.41399,0.0139171,-0.152584,0.0513689,2.25949e-10,1.99955,0.00111868,-0.161874,0.0376605,1,1
9183-1902,1-121992,9183,1902,121.085,37.8404,0.0280217,19.4753,0.642929,95.1048,0.250707,0.898785,2.57895,1.70253,0.957461,9.86304,10.0028,5.54722e-10,5.92651,0.105941,-0.0729715,0.143603,5.54722e-10,4.90904,0.0995385,-0.0773456,0.136678,1,1
8082-1901,1-38103,8082,1901,48.3132,-0.0939093,0.0285588,19.4663,0.831215,71.8448,0.172914,0.942915,6,2.06588,1.1833,10.0621,9.8512,5.74376e-10,6.13649,-0.243694,-0.422951,-0.172275,5.74376e-10,5.08297,-0.249911,-0.427191,-0.179488,1,1
12673-1901,1-210747,12673,1901,247.185,39.5155,0.0273568,19.4367,1.6216,238.801,0.514284,0.921832,6,2.04503,1.12368,10.3354,10.872,1.19495e-09,12.7666,0.520292,0.33563,0.44371,1.19495e-09,10.5748,0.517047,0.333476,0.44097,0,1
9880-1901,1-456625,9880,1901,195.079,28.0093,0.0206823,19.3772,0.626963,90.9171,0.338333,0.993967,6,1.20415,0.504256,9.23654,9.68526,4.72617e-10,5.04933,0.409483,0.232278,0.452045,4.72617e-10,4.18245,0.402168,0.227238,0.444063,1,1
8561-3701,1-92011,8561,3701,239.619,52.2241,0.068701,19.3455,0.928255,180.775,0.495929,0.829181,6,2.33707,3.07055,10.9309,11.0668,6.30648e-10,6.73769,0.10581,-0.074328,0.0655112,6.30648e-10,5.58095,0.10007,-0.0782258,0.0602419,0,1
8618-3704,1-113672,8618,3704,318.862,9.75782,0.0702278,19.327,0.695698,99.0621,0.515698,0.984299,1.34175,2.30303,3.08756,10.9001,10.5467,5.80972e-10,6.20697,-0.385802,-0.56517,-0.352936,5.80972e-10,5.14135,-0.391959,-0.569367,-0.359532,0,1
8456-1901,1-147547,8456,1901,151.217,46.69,0.0236803,19.0349,1.15111,129.693,0.583566,0.841204,6,3.16667,1.51283,10.3138,10.4709,6.2727e-10,6.7016,0.126973,-0.0531164,0.127261,6.2727e-10,5.55106,0.121206,-0.0570332,0.121491,0,1
8455-1902,1-274440,8455,1902,155.709,39.3689,0.0261512,19.0072,0.487969,77.6131,0.334472,0.566776,1.29746,2.1452,1.12841,9.53811,9.89766,1.88992e-10,2.01914,0.27219,0.109008,0.327678,1.88992e-10,1.67249,0.257772,0.0983746,0.311786,1,1
9879-1901,1-457265,9879,1901,197.345,28.3213,0.0191386,18.9715,0.950042,93.697,0.583011,0.652211,4.59666,2.57312,0.99897,9.69077,10.0083,3.42718e-10,3.66152,0.265119,0.0919795,0.303028,3.42718e-10,3.0329,0.255672,0.0853398,0.292849,0,1
11831-1901,1-624268,11831,1901,196.517,53.4953,0.0239401,18.9428,1.18844,73.7183,0.30818,0.643132,4.4182,3.55198,1.71499,9.51758,10.0347,7.80427e-11,0.83379,0.345999,0.202365,0.398982,7.80427e-11,0.690643,0.322747,0.183569,0.374047,1,1
9867-3701,1-197573,9867,3701,221.225,48.6419,0.0500875,18.921,0.736936,106.746,0.42823,0.951464,3.26563,2.41575,2.36527,10.5205,10.4959,4.13038e-10,4.4128,-0.0689288,-0.244537,-0.0456815,4.13038e-10,3.6552,-0.0770885,-0.250204,-0.054234,0,1
11827-1902,1-320796,11827,1902,214.93,49.2366,0.0255284,18.9141,1.04382,87.6691,0.55398,0.962307,4.74838,3.50857,1.80297,10.4507,10.207,6.05405e-10,6.468,-0.274968,-0.454729,-0.227256,6.05405e-10,5.35757,-0.280912,-0.458773,-0.233827,0,1
9030-3701,1-633722,9030,3701,242.45,30.1431,0.0472344,18.8889,1.20381,175.204,0.498167,0.849854,6,3.51434,3.25589,11.0175,11.0651,6.84661e-10,7.31476,0.0197069,-0.161154,-0.0169253,6.84661e-10,6.05895,0.0143603,-0.164772,-0.0218695,0,1
11969-1902,1-364539,11969,1902,228.115,7.51264,0.0492843,18.7516,0.81739,179.181,0.46966,0.960624,6,1.73325,1.67141,10.4802,10.795,7.53836e-10,8.0538,0.289401,0.107751,0.249808,7.53836e-10,6.67112,0.284486,0.104438,0.245294,0,1
8651-1902,1-635348,8651,1902,313.902,-0.636586,0.0535281,18.5811,0.771352,176.277,0.392389,0.747939,3.3223,4.2764,4.45647,11.1175,11.2067,4.6e-10,4.91453,0.049011,-0.127886,0.0125648,4.6e-10,4.0708,0.0415317,-0.133047,0.00562757,1,1
9872-3701,1-633000,9872,3701,233.232,42.4383,0.0196973,18.5427,0.89098,94.5308,0.427261,0.595227,2.27602,3.84856,1.53672,10.0545,10.2031,3.34674e-10,3.57557,0.094971,-0.077832,0.131773,3.34674e-10,2.96171,0.0853509,-0.0846048,0.121433,0,1
9873-1901,1-623608,9873,1901,194.932,27.9947,0.022251,18.5423,0.942598,134.953,0.166151,0.962682,6,2.76519,1.24344,10.0998,10.4203,5.67297e-10,6.06087,0.287355,0.10822,0.282827,5.67297e-10,5.02033,0.281073,0.103933,0.276604,1,1
11952-3702,1-325250,11952,3702,252.7,28.8456,0.032649,18.5387,1.06195,73.2544,0.356295,0.945757,1.55832,4.46517,2.90957,10.0547,10.2588,9.33935e-11,0.997794,0.0533565,-0.0945127,0.108583,9.33935e-11,0.826492,0.0319218,-0.111504,0.0854055,1,1
8143-3704,1-44418,8143,3704,120.385,42.0023,0.0315773,18.5228,1.10981,255.331,0.197027,0.928551,6,4.22093,2.66355,10.8829,11.305,7.50293e-10,8.01595,0.396575,0.214962,0.313088,7.50293e-10,6.63976,0.391639,0.211635,0.308966,1,1
9496-3701,1-382889,9496,3701,120.62,20.514,0.0286278,18.4387,0.715706,134.158,0.571535,0.461873,1.95384,4.67406,2.68348,10.3591,10.7492,2.21284e-10,2.36414,0.313575,0.147447,0.310081,2.21284e-10,1.95826,0.300592,0.138007,0.297182,0,1
12506-12704,1-83054,12506,12704,220.135,3.55954,0.0255202,18.2851,0.706759,131.764,0.193709,0.967009,5.92054,1.97475,1.01446,9.89204,10.3111,5.28254e-10,5.64374,0.38368,0.205267,0.382056,5.28254e-10,4.67481,0.377009,0.200698,0.375408,1,1
10497-1901,1-412352,10497,1901,120.625,17.2847,0.0405681,18.276,0.544436,77.0365,0.438796,0.776208,1.82426,1.7095,1.37109,9.81041,9.97577,2.39638e-10,2.56023,0.0937625,-0.0737707,0.15181,2.39638e-10,2.12069,0.0814752,-0.0826456,0.138133,0,1
9873-6103,1-456853,9873,6103,194.723,28.1261,0.0233774,18.2759,0.933128,120.171,0.270097,0.811982,6,2.76582,1.30491,10.0739,10.3405,4.85253e-10,5.18433,0.228342,0.0508413,0.237749,4.85253e-10,4.29427,0.221184,0.0459165,0.23045,1,1
11863-3704,1-195465,11863,3704,195.12,55.1942,0.0642138,18.271,0.886691,184.268,0.145075,0.975628,6,2.28129,2.81627,10.9048,11.0459,7.05839e-10,7.54101,0.11407,-0.0670477,0.0711589,7.05839e-10,6.24636,0.108863,-0.070566,0.0664094,1,1
11009-12703,1-456645,11009,12703,195.775,26.5311,0.0191312,18.2696,0.94228,101.365,0.409904,0.668868,3.16717,3.96599,1.53914,9.94671,10.2644,2.60268e-10,2.78064,0.250956,0.0820262,0.278967,2.60268e-10,2.30326,0.239367,0.0737116,0.266747,0,1
8459-1901,1-167079,8459,1901,147.802,44.0093,0.015711,18.2562,0.533715,77.9952,0.525384,0.777813,1.4648,2.84121,0.909266,9.50042,9.80814,2.66877e-10,2.85125,0.24244,0.0730975,0.299858,2.66877e-10,2.36175,0.231057,0.0649477,0.287176,0,1
9882-3702,1-537081,9882,3702,206.949,23.3672,0.08362,18.1991,0.868852,157.136,0.312235,0.73525,4.19861,2.74656,4.31653,11.0248,11.093,3.96116e-10,4.23201,0.0221228,-0.152959,-0.000270116,3.96116e-10,3.50545,0.0136866,-0.158832,-0.00833204,1,1
8722-1901,1-46057,8722,1901,126.002,51.5405,0.0812156,18.1969,0.792261,168.841,0.423548,0.950547,6,2.25446,3.45087,11.0137,11.0582,6.04127e-10,6.45435,0.0132097,-0.166531,-0.0186422,6.04127e-10,5.34626,0.00725442,-0.170583,-0.0242095,0,1
12506-12705,1-83066,12506,12705,219.99,3.08327,0.0260909,18.1633,0.655826,109.187,0.527732,0.881914,2.59723,1.96718,1.03246,9.82256,10.1555,4.34599e-10,4.64315,0.290615,0.114386,0.311289,4.34599e-10,3.84601,0.282783,0.108963,0.30312,0,1
8725-1902,1-72913,8725,1902,127.489,44.9402,0.0426329,18.1622,1.13815,211.22,0.095436,0.858939,4.05281,3.64419,3.064,10.8233,11.2011,4.94279e-10,5.28076,0.340139,0.162435,0.281638,4.94279e-10,4.37415,0.333089,0.15759,0.275397,1,1
10496-3703,1-122708,10496,3703,125.528,41.5091,0.0596034,18.1574,0.691478,211.184,0.409169,0.763996,6,2.36522,2.72497,10.7869,11.15,5.74692e-10,6.13987,0.33035,0.151088,0.271294,5.74692e-10,5.08577,0.324136,0.14685,0.265809,0,1
12081-1901,1-35723,12081,1901,30.5519,-1.00812,0.0417953,18.1422,0.70209,183.357,0.476244,0.846177,6,1.27755,1.0541,10.0598,10.6148,7.20029e-10,7.69262,0.528412,0.347131,0.486069,7.20029e-10,6.37194,0.523296,0.343676,0.481396,0,1
11824-1902,1-83455,11824,1902,223.56,4.7944,0.0275567,18.0922,0.897242,171.699,0.548149,0.822916,5.43259,3.68692,2.04016,10.5238,10.8445,5.59421e-10,5.97672,0.287126,0.108129,0.253385,5.59421e-10,4.95063,0.280769,0.103788,0.247463,0,1
8593-3703,1-576292,8593,3703,225.691,53.5122,0.0343337,18.0771,0.854698,131.638,0.252054,0.71212,4.57798,4.12799,2.82295,10.6959,10.7548,4.34268e-10,4.63961,0.016508,-0.159712,0.0150209,4.34268e-10,3.84308,0.00867067,-0.165138,0.00720732,1,1
8651-1901,1-179024,8651,1901,312.923,0.859873,0.10641,18.0457,0.691772,504.231,0.271074,0.845203,6,2.30392,4.4884,10.9944,12.1227,3.41616e-10,3.64975,1.07564,0.902541,0.915222,3.41616e-10,3.02315,1.06617,0.895884,0.908387,1,1
10216-1901,1-297909,10216,1901,117.038,18.5707,0.0462749,18.0082,0.567805,144.446,0.562901,0.696136,6,1.95194,1.77368,10.2803,10.6336,4.22487e-10,4.51375,0.309858,0.13397,0.297358,4.22487e-10,3.73882,0.301845,0.128414,0.289547,0,1
9503-1902,1-229890,9503,1902,121.398,24.4866,0.0419308,17.9897,0.531338,76.5946,0.357371,0.706051,6,1.97898,1.63787,10.0203,10.048,2.72265e-10,2.90881,-0.03645,-0.206116,0.0231232,2.72265e-10,2.40942,-0.0476694,-0.214137,0.0105675,1,1
8137-6102,1-338721,8137,6102,115.302,42.7494,0.035771,17.9833,0.863242,235.793,0.23901,0.828544,5.06645,6.47777,4.60738,11.1816,11.4738,4.98861e-10,5.32971,0.254879,0.077075,0.182988,4.98861e-10,4.4147,0.247883,0.0722688,0.176967,1,1
8156-6104,1-38798,8156,6104,56.1106,-0.303872,0.0367456,17.8899,0.380582,106.569,0.236241,0.699014,6,1.56468,1.14189,9.7891,10.1782,3.2895e-10,3.51442,0.334724,0.162168,0.357683,3.2895e-10,2.91106,0.324977,0.155298,0.347486,1,1
7980-9101,1-115386,7980,9101,333.741,13.7619,0.024189,17.8335,1.18027,184.121,0.222959,0.859917,6,2.74833,1.34036,10.3096,10.7227,7.9142e-10,8.45535,0.388892,0.206867,0.345834,7.9142e-10,7.00372,0.384184,0.203699,0.341543,1,1
11022-3701,1-559761,11022,3701,218.935,4.99308,0.0298374,17.7451,0.943702,179.328,0.271491,0.74991,4.63298,4.06651,2.42978,10.6055,10.9582,4.76053e-10,5.08604,0.313683,0.136396,0.275079,4.76053e-10,4.21286,0.306411,0.131387,0.268366,1,1
8245-3702,1-462966,8245,3702,135.296,20.6107,0.0315154,17.7374,1.19569,193.547,0.514894,0.691235,6,4.2653,2.68648,10.7922,11.0681,5.98622e-10,6.39553,0.244279,0.0646243,0.195756,5.98622e-10,5.29754,0.238277,0.0605388,0.19034,0,1
8152-1902,1-300828,8152,1902,143.374,33.9743,0.0274206,17.7374,0.934996,143.012,0.274252,0.913385,5.6425,2.59002,1.42635,10.1737,10.5303,5.11118e-10,5.46067,0.320072,0.142007,0.308594,5.11118e-10,4.52317,0.313215,0.137303,0.301898,1,1
9042-3703,1-593972,9042,3703,235.202,28.2921,0.0327594,17.7191,1.23643,251.154,0.274797,0.828758,4.2001,5.18742,3.39118,11.0722,11.3955,7.15791e-10,7.64734,0.296648,0.115414,0.215397,7.15791e-10,6.33444,0.291504,0.111941,0.211079,1,1
8551-1902,1-247373,8551,1902,234.592,45.8019,0.0213513,17.6926,0.869378,71.6765,0.227591,0.694529,3.04405,2.02146,0.873194,9.10169,9.71718,1.15541e-10,1.23442,0.486644,0.333865,0.545996,1.15541e-10,1.02249,0.467382,0.318941,0.52491,1,1
11967-3702,1-335059,11967,3702,231.126,11.0977,0.0457581,17.6284,0.893117,178.045,0.354255,0.959631,6,1.77571,1.5965,10.4304,10.7695,7.36773e-10,7.8715,0.313178,0.13171,0.274417,7.36773e-10,6.52011,0.308163,0.128327,0.269802,1,1
9042-3704,1-593971,9042,3704,235.147,28.3607,0.032706,17.628,1.30694,263.981,0.423256,0.783001,4.87954,4.7322,3.08874,10.9877,11.3982,7.10257e-10,7.58821,0.383655,0.202486,0.296262,7.10257e-10,6.28546,0.378477,0.198988,0.291971,0,1
11007-1902,1-457126,11007,1902,195.459,27.8936,0.025181,17.6205,1.16862,183.475,0.404206,0.957112,6,3.256,1.6511,10.4361,10.8102,6.9793e-10,7.45652,0.346831,0.165807,0.304477,6.9793e-10,6.17637,0.341573,0.162252,0.299675,0,1
8570-1902,1-41493,8570,1902,24.0007,14.5654,0.0340731,17.5268,0.906899,188.059,0.545083,0.787934,6,3.76615,2.55675,10.7378,11.0216,5.82968e-10,6.2283,0.251512,0.0721109,0.20658,5.82968e-10,5.15901,0.245373,0.067927,0.200996,0,1
10492-1902,1-380333,10492,1902,123.687,58.2798,0.0275005,17.5059,0.914558,103.935,0.373691,0.965349,6,2.7464,1.51673,10.3762,10.2798,7.20612e-10,7.69884,-0.123011,-0.3043,-0.0955837,7.20612e-10,6.37709,-0.128125,-0.307752,-0.101005,1,1
11011-1902,1-197677,11011,1902,218.719,48.6619,0.036641,17.4321,1.08911,140.951,0.356578,0.768585,6,3.74732,2.72731,10.491,10.7992,2.90296e-10,3.10146,0.247463,0.0767809,0.238199,2.90296e-10,2.569,0.236758,0.0691658,0.227684,1,1
12511-1901,1-53681,12511,1901,135.467,1.99328,0.0568148,17.3483,0.634614,193.173,0.213943,0.873068,6,2.24837,2.47728,10.696,11.0312,5.6406e-10,6.02628,0.301845,0.122766,0.253734,5.6406e-10,4.99168,0.295532,0.118457,0.248029,1,1
8253-1901,1-274646,8253,1901,158.017,43.8593,0.028376,17.2679,0.930684,98.4325,0.160282,0.951887,6,3.4443,1.96065,10.4019,10.344,4.57449e-10,4.88727,-0.0982991,-0.275132,-0.0652441,4.57449e-10,4.04822,-0.105812,-0.280318,-0.0732826,1,1
11958-1901,1-144884,11958,1901,207.244,3.52248,0.0242409,17.2402,0.758838,71.1023,0.242865,0.868153,5.53122,1.99866,0.976774,9.70569,9.75888,3.71e-10,3.96368,0.00433578,-0.16989,0.0744413,3.71e-10,3.28319,-0.0045473,-0.1761,0.064236,1,1
11838-1902,1-609044,11838,1902,156.727,-0.541518,0.0345726,17.2102,1.03012,104.874,0.478578,0.986338,4.48748,3.39165,2.33488,10.6808,10.4749,6.13058e-10,6.54976,-0.236697,-0.416575,-0.21062,6.13058e-10,5.42529,-0.242578,-0.420574,-0.216833,0,1
8992-3704,1-149871,8992,3704,173.487,51.2498,0.0260956,17.1645,0.96755,166.609,0.412513,0.91233,3.89918,4.61607,2.42313,10.6757,10.8931,5.62608e-10,6.01077,0.183986,0.00493235,0.153892,5.62608e-10,4.97883,0.177659,0.000613058,0.147953,0,1
10515-3702,1-181975,10515,3702,147.513,6.17521,0.0616125,17.1565,0.741477,154.729,0.18762,0.967419,5.34295,2.30373,2.73712,10.8139,10.8818,6.06173e-10,6.4762,0.0366639,-0.143109,0.0154588,6.06173e-10,5.36436,0.0307258,-0.147148,0.00978089,1,1
10508-3704,1-576079,10508,3704,182.273,51.417,0.0863751,17.1491,0.798993,216.909,0.2945,0.857029,6,2.46821,3.99411,11.0966,11.3393,5.45824e-10,5.83145,0.208303,0.0295541,0.146176,5.45824e-10,4.8303,0.201813,0.0251164,0.140481,1,1
12080-3703,1-35270,12080,3703,30.4803,-1.1691,0.0414594,17.1415,0.463586,98.629,0.415548,0.913559,4.21579,1.67914,1.37486,10.0859,10.1916,4.49411e-10,4.8014,0.0646135,-0.112013,0.0973858,4.49411e-10,3.97709,0.0569909,-0.11728,0.0892363,0,1
12073-1902,1-32848,12073,1902,14.8128,-0.225146,0.0447139,17.0935,0.672217,160.767,0.185072,0.970143,6,1.86794,1.64313,10.3138,10.6934,5.3179e-10,5.68152,0.344366,0.165884,0.318706,5.3179e-10,4.70611,0.337732,0.161342,0.312419,1,1
10213-1901,1-72595,10213,1901,124.083,43.4476,0.0241983,17.0796,1.08642,145.241,0.284049,0.923325,6,3.23689,1.57922,10.4248,10.5879,7.43342e-10,7.94169,0.137386,-0.044153,0.123738,7.43342e-10,6.57825,0.13241,-0.0475085,0.118905,1,1
8450-3702,1-490074,8450,3702,170.573,23.2773,0.0608899,17.0117,0.802583,209.978,0.259181,0.666739,5.87256,2.70095,3.17412,10.818,11.2113,4.55021e-10,4.86134,0.35266,0.175889,0.295212,4.55021e-10,4.02673,0.345114,0.170679,0.288511,1,1
10505-3701,1-300705,10505,3701,139.388,33.1404,0.062282,17.0115,0.80387,248.166,0.581363,0.757755,3.88341,2.49309,2.99193,10.8499,11.3308,5.51115e-10,5.88798,0.446818,0.267971,0.368209,5.51115e-10,4.87712,0.44038,0.263572,0.362755,0,1
10520-1902,1-79648,10520,1902,157.208,4.96056,0.0229437,16.9801,1.06656,122.988,0.200708,0.856804,3.59323,3.08682,1.43008,10.1996,10.4004,5.39697e-10,5.766,0.166073,-0.0125609,0.17276,5.39697e-10,4.77608,0.159521,-0.0170434,0.166116,1,1
9884-3703,1-196267,9884,3703,206.676,53.4399,0.0680039,16.8751,1.02486,170.254,0.254172,0.792348,6,2.75662,3.58796,10.9353,11.0824,4.6652e-10,4.98419,0.107359,-0.0696989,0.0750527,4.6652e-10,4.1285,0.0999656,-0.0747967,0.0681364,1,1
8240-1902,1-72852,8240,1902,125.51,44.457,0.0305184,16.8164,0.700427,157.884,0.51819,0.831659,4.75259,2.82905,1.72756,10.357,10.6994,5.31418e-10,5.67754,0.307169,0.128694,0.2837,5.31418e-10,4.70281,0.300531,0.124149,0.27738,0,1
11967-1902,1-335454,11967,1902,231.594,8.98735,0.0349708,16.8001,1.15498,188.787,0.514553,0.863491,4.42635,3.70582,2.57931,10.793,11.0288,6.50519e-10,6.94999,0.20658,0.026163,0.160883,6.50519e-10,5.7568,0.200991,0.0223732,0.155812,0,1
8983-1902,1-627086,8983,1902,205.607,26.2124,0.0657623,16.7974,0.913519,242.072,0.405918,0.817903,6,3.06432,3.86712,11.1194,11.4206,6.13569e-10,6.55522,0.270399,0.0905129,0.194344,6.13569e-10,5.42981,0.264522,0.0865172,0.189345,0,1
8603-1902,1-210773,8603,1902,246.983,39.2814,0.0319436,16.7104,1.12559,193.022,0.36787,0.956866,6,3.23183,2.06215,10.6555,10.9508,7.41515e-10,7.92217,0.269548,0.0880293,0.220788,7.41515e-10,6.56208,0.264562,0.0846662,0.216298,1,1
8132-3704,1-338633,8132,3704,113.255,42.4251,0.0270996,16.6991,0.809177,176.873,0.421488,0.722332,6,4.67022,2.54281,10.6095,10.966,4.3872e-10,4.68718,0.31442,0.138078,0.2777,4.3872e-10,3.88248,0.306647,0.1327,0.270492,0,1
8149-3702,1-145995,8149,3702,119.199,28.2167,0.0408828,16.6783,0.580616,156.982,0.538841,0.874184,5.87408,1.59953,1.29235,10.077,10.5684,4.98336e-10,5.3241,0.454011,0.276218,0.431336,4.98336e-10,4.41005,0.447008,0.271407,0.424655,0,1
11868-3701,1-269915,11868,3701,249.357,25.308,0.0583637,16.6345,0.656133,187.802,0.557336,0.72548,3.66314,2.784,3.14532,10.8081,11.1104,4.52919e-10,4.83887,0.261512,0.084795,0.217506,4.52919e-10,4.00813,0.253938,0.0795637,0.210589,0,1
8082-3703,1-37998,8082,3703,50.1889,-1.05394,0.0207893,16.5345,0.719359,87.1159,0.273734,0.771803,6,3.21819,1.35446,9.99769,10.0773,3.77944e-10,4.03786,0.0315423,-0.142929,0.0782648,3.77944e-10,3.34463,0.0227874,-0.149043,0.0686557,1,1
9002-3701,1-373175,9002,3701,222.834,30.6638,0.0500068,16.4728,0.789161,246.132,0.488935,0.827128,6,2.303,2.25146,10.596,11.2001,5.42418e-10,5.79506,0.56956,0.390875,0.492035,5.42418e-10,4.80016,0.563036,0.386412,0.486493,0,1
8604-6103,1-248869,8604,6103,244.691,39.3344,0.0316402,16.445,0.997679,207.33,0.235229,0.766679,4.36351,4.912,3.10558,10.8395,11.1908,4.99418e-10,5.33566,0.314006,0.13619,0.257715,4.99418e-10,4.41963,0.307016,0.131388,0.2515,1,1
9189-1901,1-51521,9189,1901,52.3316,-6.47794,0.0420144,16.3919,0.50556,140.835,0.574459,0.831675,3.24129,1.95535,1.62138,10.205,10.5726,4.25062e-10,4.54126,0.324458,0.148497,0.31496,4.25062e-10,3.76161,0.316484,0.142969,0.307139,0,1
9485-3704,1-605037,9485,3704,122.247,36.6875,0.0304231,16.3579,0.930328,197.49,0.417703,0.942643,4.53479,4.51191,2.7469,10.8946,11.0952,7.24745e-10,7.74301,0.174274,-0.00706108,0.122742,7.24745e-10,6.41368,0.169186,-0.0104954,0.118187,0,1
11742-1901,1-122258,11742,1901,122.331,38.942,0.0394945,16.2987,0.51072,108.235,0.398193,0.84451,4.26918,1.57252,1.22942,9.93918,10.2238,4.00921e-10,4.28334,0.239004,0.0637691,0.260567,4.00921e-10,3.54797,0.230648,0.057956,0.25184,1,1
8461-3701,1-166613,8461,3701,144.516,42.9743,0.0468085,16.2948,1.05501,219.585,0.199897,0.633018,6,4.608,4.23277,11.0646,11.3751,4.51427e-10,4.82294,0.269668,0.0929895,0.206866,4.51427e-10,3.99493,0.262073,0.0877431,0.200196,1,1
8445-1902,1-409109,8445,1902,206.666,34.2245,0.0252944,16.2942,0.980687,152.146,0.501559,0.92112,5.03385,3.44133,1.7527,10.3656,10.6735,5.26626e-10,5.62635,0.272377,0.0939968,0.253398,5.26626e-10,4.66041,0.265689,0.0894155,0.24697,0,1
9888-3702,1-316773,9888,3702,235.375,27.9865,0.0319365,16.2932,1.15165,248.016,0.240864,0.887076,6,4.60141,2.93541,10.9432,11.3219,7.09805e-10,7.58339,0.351842,0.170678,0.272184,7.09805e-10,6.28146,0.34666,0.167177,0.267818,1,1
7961-1902,1-177974,7961,1902,259.6,29.7058,0.0286075,16.2508,0.691781,159.459,0.136518,0.861509,6,2.41368,1.3848,10.1378,10.612,4.99231e-10,5.33366,0.436888,0.259076,0.412323,4.99231e-10,4.41797,0.429896,0.254273,0.405679,1,1
11962-1902,1-363805,11962,1902,226.493,7.72872,0.0502533,16.2464,0.587366,158.897,0.592589,0.788275,5.22762,2.18367,2.1447,10.5013,10.7989,4.80653e-10,5.13518,0.258985,0.0815905,0.234912,4.80653e-10,4.25357,0.251771,0.0766244,0.228048,0,1
9514-1902,1-42247,9514,1902,33.5881,14.1185,0.0289761,16.1827,0.373095,75.5104,0.235118,0.579569,2.1278,2.41421,1.40233,9.70397,9.96818,1.79284e-10,1.91543,0.172995,0.0108446,0.230976,1.79284e-10,1.58658,0.158082,-0.00020915,0.214488,1,1
9868-6103,1-321170,9868,6103,218.663,47.9683,0.0363322,16.1641,0.67073,152.946,0.449976,0.601385,3.37082,5.88234,4.24667,10.8981,11.0624,3.05653e-10,3.26552,0.10638,-0.0650924,0.0876377,3.05653e-10,2.70489,0.0960765,-0.0723933,0.0777057,0,1
11012-3702,1-245235,11012,3702,211.425,55.7769,0.040932,16.1509,0.556191,112.393,0.279777,0.572573,1.23344,2.96824,2.40095,10.1395,10.5472,1.6672e-10,1.78119,0.310938,0.150245,0.326443,1.6672e-10,1.4754,0.29533,0.138596,0.310411,1,1
11962-3703,1-631833,11962,3703,226.508,8.78979,0.0459787,16.1302,0.840235,226.632,0.219872,0.8613,4.47194,4.1923,3.78638,11.0873,11.3542,5.94514e-10,6.35164,0.235099,0.0555093,0.167269,5.94514e-10,5.26118,0.229061,0.0513985,0.16204,1,1
11013-1901,1-244631,11013,1901,206.446,55.7571,0.0397712,16.1087,1.04699,186.77,0.264622,0.780287,6,3.56526,2.80598,10.7599,11.056,5.09327e-10,5.44153,0.25949,0.0814626,0.215781,5.09327e-10,4.50732,0.252613,0.0767437,0.209504,1,1
11940-3702,1-200895,11940,3702,245.622,35.6559,0.033399,16.1075,1.31691,172.733,0.164814,0.859046,5.3551,3.8441,2.56011,10.8142,10.9483,6.93405e-10,7.40818,0.106597,-0.0743722,0.0716882,6.93405e-10,6.13633,0.101309,-0.0779482,0.0667806,1,1
8550-1901,1-594446,8550,1901,246.086,39.1775,0.0300708,16.1012,0.722311,118.663,0.505585,0.91426,5.49632,2.2068,1.32853,10.1022,10.3373,4.99679e-10,5.33845,0.197871,0.0200495,0.208811,4.99679e-10,4.42194,0.190884,0.0152502,0.201664,0,1
9037-3704,1-199454,9037,3704,235.177,43.7513,0.0195954,16.0597,1.15333,103.036,0.50734,0.920454,5.12134,3.81869,1.51709,10.2738,10.2723,5.6895e-10,6.07853,-0.034586,-0.21375,-0.00650471,5.6895e-10,5.03496,-0.040853,-0.218026,-0.0131506,0,1
8332-3701,1-575778,8332,3701,208.774,42.9474,0.0637241,16.0312,0.765605,100.674,0.225195,0.801576,5.21869,2.87073,3.51894,10.8178,10.6176,3.70005e-10,3.95304,-0.249161,-0.423351,-0.219321,3.70005e-10,3.27438,-0.258063,-0.429576,-0.228768,1,1
8588-6101,1-135517,8588,6101,248.457,39.2632,0.0317611,15.9715,0.94046,109.953,0.42852,0.961436,1.65423,6.15725,3.90719,10.8344,10.7396,3.1186e-10,3.33184,-0.151817,-0.323591,-0.132564,3.1186e-10,2.75982,-0.161966,-0.330772,-0.143101,0,1
8441-3703,1-252632,8441,3703,225.679,37.9494,0.0287959,15.9713,0.950482,168.392,0.338506,0.948444,4.51348,4.33455,2.50266,10.699,10.9164,5.56464e-10,5.94513,0.183631,0.00468716,0.152266,5.56464e-10,4.92446,0.177245,0.000325274,0.146287,1,1
8259-3704,1-258007,8259,3704,179.593,43.8153,0.0699792,15.95,0.766466,114.746,0.357204,0.95273,3.12487,2.61176,3.49008,10.8389,10.7276,3.94882e-10,4.21882,-0.157429,-0.332471,-0.142749,3.94882e-10,3.49453,-0.165886,-0.33836,-0.15146,1,1
8262-3702,1-258249,8262,3702,183.66,43.5362,0.0242308,15.9484,1.01662,100.157,0.494318,0.80478,5.36026,4.84425,2.3665,10.3147,10.4408,2.56884e-10,2.74449,0.0586379,-0.110075,0.0879482,2.56884e-10,2.27331,0.0469392,-0.118477,0.0755857,0,1
8589-1902,1-576303,8589,1902,227.455,55.0737,0.0511784,15.9257,0.865685,94.6544,0.320284,0.984136,5.18373,2.21164,2.20973,10.558,10.3619,5.15929e-10,5.51206,-0.23226,-0.410425,-0.194224,5.15929e-10,4.56574,-0.239063,-0.41509,-0.201585,1,1
8137-6103,1-43718,8137,6103,116.783,43.3141,0.0416588,15.9011,0.649332,221.532,0.375522,0.927868,4.62318,5.38963,4.43315,11.1397,11.4029,4.89224e-10,5.22676,0.225228,0.0476372,0.160996,4.89224e-10,4.32942,0.218118,0.0427476,0.154776,1,1
8310-3703,1-516559,8310,3703,180.116,23.6254,0.0527828,15.8396,0.758035,200.832,0.191207,0.862197,6,2.46803,2.53838,10.6728,11.0755,5.09264e-10,5.44085,0.366116,0.188089,0.313613,5.09264e-10,4.50676,0.359238,0.18337,0.30745,1,1
12071-6104,1-28715,12071,6104,346.954,0.940546,0.0418516,15.8113,1.03383,199.343,0.315466,0.874678,5.37495,5.55688,4.59082,11.2915,11.3264,6.47156e-10,6.91406,0.00555872,-0.174812,-0.0468106,6.47156e-10,5.72704,-5.50552e-05,-0.178619,-0.0518318,1,1
8656-6104,1-31249,8656,6104,7.67879,-0.802217,0.0601364,15.7816,0.61924,108.065,0.582162,0.873189,3.65685,3.417,3.96944,10.7705,10.7314,2.60789e-10,2.7862,-0.105658,-0.274621,-0.0848249,2.60789e-10,2.30786,-0.117231,-0.282922,-0.0968634,0,1
11834-1902,1-13736,11834,1902,223.081,-0.269204,0.0435138,15.7762,0.463609,81.4122,0.300654,0.81396,1.90516,2.11172,1.8103,10.0722,10.1444,2.51183e-10,2.68357,0.00345018,-0.164886,0.0557174,2.51183e-10,2.22286,-0.00843675,-0.173439,0.0426135,1,1
10845-3704,1-60406,10845,3704,148.395,2.96833,0.0709618,15.7716,0.716125,315.729,0.276623,0.821082,6,2.48698,3.36613,10.9778,11.5911,5.84561e-10,6.24531,0.581008,0.40158,0.472516,5.84561e-10,5.1731,0.574883,0.397406,0.467653,1,1
8625-6103,1-24104,8625,6103,257.957,57.5895,0.0299956,15.7478,0.692305,195.83,0.133579,0.926096,6,6.70507,4.02683,11.0048,11.254,4.34645e-10,4.64365,0.2069,0.0306691,0.158015,4.34645e-10,3.84642,0.199068,0.0252471,0.150932,1,1
11751-3704,1-301107,11751,3704,146.496,34.5533,0.0598326,15.7242,0.728772,140.747,0.583344,0.963684,6,2.54335,2.94067,10.8347,10.8306,5.50901e-10,5.88569,-0.0381257,-0.216969,-0.0477308,5.50901e-10,4.87523,-0.0445656,-0.22137,-0.0540424,0,1
8938-3702,1-201892,8938,3702,119.33,30.4918,0.0574243,15.6165,0.677571,213.802,0.409884,0.914662,6,2.30755,2.56792,10.8,11.1349,6.67013e-10,7.12621,0.306382,0.125746,0.245299,6.67013e-10,5.90277,0.300913,0.122041,0.240499,0,1
11833-1902,1-175648,11833,1902,185.306,49.4749,0.0454463,15.5506,0.700273,74.9821,0.585372,0.948093,2.01702,2.46793,2.20456,10.3329,10.1586,3.08665e-10,3.29771,-0.231816,-0.403436,-0.169005,3.08665e-10,2.73155,-0.242044,-0.410678,-0.18055,0,1
8315-1901,1-322680,8315,1901,235.759,38.6605,0.0373622,15.5066,0.623774,90.001,0.382506,0.920185,3.79403,1.79984,1.33456,9.96916,10.0992,3.64547e-10,3.89474,0.0803664,-0.0936237,0.123162,3.64547e-10,3.22608,0.0713608,-0.0999272,0.113358,1,1
8992-1901,1-614907,8992,1901,172.193,52.2485,0.0484669,15.4807,0.962252,270.765,0.166017,0.859467,6,3.6988,3.51107,11.005,11.4759,5.71961e-10,6.11069,0.438058,0.258842,0.348582,5.71961e-10,5.0616,0.431819,0.254586,0.34342,1,1
11976-3701,1-444980,11976,3701,241.562,18.1829,0.0394003,15.4624,1.21262,115.233,0.304897,0.790422,6,4.24805,3.31363,10.8782,10.7088,4.7954e-10,5.12329,-0.208105,-0.385473,-0.193697,4.7954e-10,4.24371,-0.215333,-0.39045,-0.201143,1,1
8317-3702,1-259117,8317,3702,193.667,43.8701,0.0389212,15.4118,0.841804,226.414,0.268805,0.74908,6,4.57707,3.52888,10.8994,11.3228,4.43976e-10,4.74333,0.38186,0.205377,0.315448,4.43976e-10,3.92899,0.374162,0.200054,0.308736,1,1
10507-6101,1-280180,10507,6101,174.588,47.4374,0.0334189,15.3714,0.861932,174.873,0.592777,0.744769,3.19064,6.27381,4.18065,10.9526,11.172,3.57577e-10,3.82027,0.168934,-0.00479416,0.134168,3.57577e-10,3.1644,0.159792,-0.0112013,0.125642,0,1
9509-3701,1-229940,9509,3701,122.071,25.4258,0.0220896,15.3712,0.777049,110.747,0.267023,0.938606,3.47679,3.10701,1.38728,10.1229,10.2961,4.8069e-10,5.13558,0.134593,-0.0428024,0.15374,4.8069e-10,4.2539,0.127379,-0.0477682,0.146236,1,1
8253-9101,1-274663,8253,9101,157.661,44.0127,0.028031,15.3662,0.708167,200.062,0.444768,0.720337,3.98071,7.35173,4.13576,10.8508,11.2842,2.89055e-10,3.0882,0.372468,0.201853,0.322843,2.89055e-10,2.55801,0.361729,0.194211,0.313096,0,1
10839-3701,1-605510,10839,3701,132.791,0.253587,0.0408804,15.3608,0.995435,201.528,0.182224,0.877477,5.57739,4.287,3.46351,11.0138,11.2135,5.9987e-10,6.40887,0.168201,-0.0114736,0.114726,5.9987e-10,5.30858,0.162209,-0.0155514,0.109376,1,1
9873-9101,1-456614,9873,9101,194.878,27.7914,0.0259118,15.3428,0.715053,88.1104,0.354071,0.930065,6,2.40377,1.25321,9.98757,10.0534,4.31314e-10,4.60805,0.0231792,-0.152959,0.0691139,4.31314e-10,3.81694,0.0152985,-0.158417,0.0604646,1,1
8153-3701,1-603705,8153,3701,39.6171,-1.04676,0.0370457,15.3154,1.03582,240.007,0.332436,0.956764,5.78494,4.00917,2.94868,10.9403,11.2954,6.98666e-10,7.46439,0.327839,0.146807,0.252308,6.98666e-10,6.18289,0.322586,0.143255,0.247841,1,1
8257-3701,1-256185,8257,3701,165.569,44.2717,0.0370123,15.2921,0.837499,200.255,0.264633,0.856413,4.93361,5.09672,3.74533,10.9486,11.242,4.41451e-10,4.71636,0.251626,0.0752103,0.200002,4.41451e-10,3.90665,0.243892,0.0698609,0.193048,1,1
12075-1901,1-108257,12075,1901,18.8232,0.165288,0.0450555,15.2827,0.628896,165.297,0.411971,0.945105,6,1.85065,1.6397,10.3336,10.7166,5.58895e-10,5.97111,0.349403,0.170415,0.320283,5.58895e-10,4.94598,0.343041,0.166071,0.314298,0,1
8441-1902,1-252510,8441,1902,223.347,39.0704,0.0315136,15.2793,0.956549,119.529,0.481412,0.897679,5.46476,3.51713,2.21512,10.4783,10.5657,4.27385e-10,4.56608,0.0443167,-0.131711,0.0542646,4.27385e-10,3.78217,0.0363777,-0.137213,0.0461632,0,1
8996-6103,1-187419,8996,6103,171.954,53.7394,0.0491671,15.2501,0.856681,150.901,0.320411,0.97813,6,2.00669,1.93076,10.4945,10.7084,5.83915e-10,6.23841,0.181613,0.00219555,0.163504,5.83915e-10,5.16739,0.175482,-0.00198227,0.157603,1,1
8567-6104,1-351628,8567,6104,119.334,49.1141,0.0591232,15.2353,0.819829,172.516,0.0964554,0.844183,6,2.60914,2.98346,10.7764,11.0137,4.67968e-10,4.99966,0.197718,0.0206243,0.163818,4.67968e-10,4.14131,0.190343,0.0155403,0.156942,1,1
12685-1902,1-639484,12685,1902,329.114,-9.16872,0.0588241,15.1964,0.678285,201.836,0.193407,0.934307,6,2.22923,2.53704,10.7834,11.0796,6.57619e-10,7.02585,0.267388,0.086875,0.213442,6.57619e-10,5.81964,0.261851,0.0831224,0.208507,1,1
8625-3702,1-24132,8625,3702,258.723,57.6733,0.0274584,15.1957,0.543389,123.381,0.192448,0.95382,5.12164,4.84706,2.67288,10.5165,10.6748,3.20517e-10,3.42433,0.102618,-0.0695603,0.108652,3.20517e-10,2.83644,0.0926761,-0.0765809,0.0985923,1,1
9872-3704,1-322436,9872,3704,234.128,41.1748,0.0547385,15.1834,0.737436,100.794,0.433287,0.980381,4.91264,2.53188,2.6943,10.585,10.5026,3.6934e-10,3.94594,-0.131464,-0.30563,-0.101767,3.6934e-10,3.26849,-0.140379,-0.311864,-0.111224,0,1
9036-3704,1-248214,9036,3704,240.347,43.085,0.0600274,15.1684,0.744333,184.807,0.271234,0.816643,3.93297,2.59239,3.00644,10.7899,11.0768,4.75356e-10,5.07859,0.247924,0.0706537,0.2057,4.75356e-10,4.20669,0.240644,0.065639,0.199029,1,1
8446-3701,1-418048,8446,3701,204.606,35.7894,0.0619328,15.1571,0.673032,210.149,0.152828,0.929745,6,2.56502,3.06225,10.8645,11.1964,5.44137e-10,5.81343,0.29743,0.118712,0.239174,5.44137e-10,4.81537,0.290923,0.114262,0.233417,1,1
12069-3704,1-106251,12069,3704,340.022,-0.807732,0.0531982,15.1555,0.885103,256.83,0.426436,0.792876,6,4.127,4.27593,11.2407,11.5156,6.63584e-10,7.08957,0.2463,0.0657083,0.162606,6.63584e-10,5.87242,0.240806,0.0619863,0.158013,0,1
8150-9101,1-389743,8150,9101,148.637,31.6067,0.0214527,15.1483,0.899981,145.155,0.197595,0.950564,6,3.03861,1.31864,10.1542,10.5091,5.71748e-10,6.10841,0.322004,0.142792,0.308633,5.71748e-10,5.05971,0.315763,0.138534,0.302565,1,1
10519-3701,1-182781,10519,3701,154.088,5.975,0.069701,15.141,0.783332,206.477,0.265517,0.782732,5.75096,2.55845,3.40635,10.9432,11.2274,5.27156e-10,5.63201,0.248614,0.0702234,0.192621,5.27156e-10,4.66509,0.241932,0.0656462,0.186678,1,1
10001-3701,1-48111,10001,3701,132.466,57.1437,0.0394191,15.1015,0.450546,104.71,0.524486,0.907966,5.9563,1.64323,1.28236,10.0228,10.2133,4.46739e-10,4.77285,0.149197,-0.0273596,0.174875,4.46739e-10,3.95344,0.141537,-0.0326539,0.166804,0,1
7964-1901,1-179372,7964,1901,316.649,-0.339938,0.0672434,15.097,0.683345,146.152,0.230461,0.913046,6,2.55802,3.29516,10.883,10.9128,4.90356e-10,5.23884,-0.00812232,-0.185738,-0.0221759,4.90356e-10,4.33943,-0.0152191,-0.190618,-0.0290691,1,1
10225-1902,1-36447,10225,1902,37.5496,-0.597942,0.0422664,15.0943,0.50146,93.7509,0.581326,0.824603,4.85179,1.93624,1.61468,10.1345,10.2174,3.64444e-10,3.89363,0.0331844,-0.140802,0.0712502,3.64444e-10,3.22517,0.0241768,-0.147107,0.0615353,0,1
11967-3701,1-632581,11967,3701,230.913,8.75909,0.0342818,15.0388,1.05912,229.221,0.190273,0.902779,4.49176,3.61023,2.46529,10.755,11.1777,6.5236e-10,6.96966,0.393629,0.213187,0.324041,6.5236e-10,5.7731,0.388053,0.209407,0.319235,1,1
8610-1902,1-23568,8610,1902,255.791,59.6602,0.0545376,15.0378,0.605912,166.453,0.372927,0.852555,5.20309,2.74095,2.90677,10.7245,10.9713,4.37483e-10,4.67397,0.204699,0.0283902,0.175247,4.37483e-10,3.87154,0.196908,0.0229987,0.167913,1,1
11941-3701,1-135165,11941,3701,247.151,40.6856,0.076068,15.0313,0.836291,230.646,0.338695,0.837382,6,2.41731,3.48643,11.0703,11.3336,6.74292e-10,7.20397,0.235026,0.0542955,0.164549,6.74292e-10,5.96718,0.229608,0.0506273,0.159889,1,1
9868-3704,1-321221,9868,3704,219.727,46.6656,0.0358624,15.0313,0.979559,180.83,0.0949418,0.940938,6,4.43243,3.16032,10.9509,11.0796,6.23358e-10,6.65981,0.0982841,-0.0817479,0.0579747,6.23358e-10,5.51644,0.0924864,-0.0856869,0.0526523,1,1
8724-3702,1-48084,8724,3702,131.115,55.6285,0.0310755,14.9909,0.92336,204.791,0.559706,0.923692,5.56124,4.19602,2.60733,10.7728,11.1041,6.07705e-10,6.49258,0.300217,0.120421,0.244733,6.07705e-10,5.37792,0.294292,0.116391,0.239465,0,1
8133-3702,1-377990,8133,3702,112.655,45.2122,0.0688029,14.9637,0.385531,239.154,0.393308,0.669884,4.26114,5.2755,6.94066,11.2943,11.6641,2.84943e-10,3.04426,0.308108,0.137717,0.237852,2.84943e-10,2.52162,0.297255,0.129986,0.228393,1,1
8080-6102,1-603996,8080,6102,48.0104,-0.0784734,0.0376169,14.9255,0.797045,247.329,0.279776,0.963592,3.93157,5.32699,3.97562,11.1482,11.4513,6.20401e-10,6.62821,0.272549,0.0925611,0.193804,6.20401e-10,5.49027,0.266728,0.0886052,0.188881,1,1
7980-12705,1-115367,7980,12705,333.703,13.8335,0.0238175,14.8908,0.930948,183.822,0.432524,0.90248,6,2.60332,1.2507,10.1677,10.6913,6.55713e-10,7.00548,0.494541,0.314054,0.4521,6.55713e-10,5.80277,0.488991,0.310292,0.447029,0,1
11755-1901,1-258535,11755,1901,187.268,43.9796,0.0237181,14.8479,1.16666,101.562,0.588804,0.910908,4.89057,2.96172,1.41712,10.2504,10.2302,6.17875e-10,6.60123,-0.0508863,-0.230837,-0.0209073,6.17875e-10,5.46792,-0.056728,-0.234808,-0.0271296,0,1
8726-9101,1-604826,8726,9101,116.772,22.2941,0.0458585,14.8314,0.865202,203.462,0.502327,0.74368,3.73944,4.72537,4.25729,11.0606,11.3114,4.42199e-10,4.72435,0.209112,0.0326757,0.155573,4.42199e-10,3.91327,0.201388,0.0273342,0.148656,0,1
8241-3702,1-460404,8241,3702,125.634,18.7443,0.0888484,14.7615,0.539974,223.16,0.593759,0.82764,6,2.65028,4.39894,11.1421,11.4059,4.99653e-10,5.33817,0.226517,0.0486962,0.161304,4.99653e-10,4.42171,0.21953,0.0438967,0.155206,0,1
8601-9102,1-95120,8601,9102,250.406,40.1635,0.0336364,14.7612,0.993363,253.963,0.456435,0.606467,4.88407,7.4463,4.99295,11.1469,11.5732,3.92153e-10,4.18967,0.37984,0.204887,0.300344,3.92153e-10,3.47038,0.371336,0.198963,0.293114,0,1
8321-3704,1-403585,8321,3704,198.113,28.3258,0.056588,14.7571,0.644975,203.532,0.185427,0.946571,6,2.47251,2.71409,10.7177,11.1162,4.9401e-10,5.27789,0.360819,0.183121,0.306809,4.9401e-10,4.37177,0.353766,0.178274,0.300506,1,1
12491-1901,1-4109,12491,1901,166.24,1.03832,0.0434597,14.6588,0.611061,71.3407,0.270225,0.943753,5.99251,1.71395,1.46757,10.0967,9.93859,4.04381e-10,4.32031,-0.203337,-0.378681,-0.13306,4.04381e-10,3.57859,-0.211636,-0.384451,-0.142613,1,1
9492-3703,1-297910,9492,3703,117.075,18.9592,0.0509815,14.6487,0.610921,152.69,0.498136,0.789027,3.50676,2.73121,2.71899,10.6173,10.8673,3.90581e-10,4.17288,0.203446,0.0285452,0.184472,3.90581e-10,3.45647,0.194915,0.0226007,0.176263,0,1
9194-3704,1-37754,9194,3704,47.3208,-0.906653,0.0392907,14.6451,0.896871,219.466,0.124031,0.887018,6,3.8345,2.98312,10.9092,11.2227,6.35553e-10,6.7901,0.283667,0.103459,0.219531,6.35553e-10,5.62436,0.277965,0.0995885,0.214557,1,1
8440-3701,1-216520,8440,3701,134.816,39.6853,0.0239988,14.6433,0.642403,166.613,0.468825,0.60331,5.41287,4.71245,2.28071,10.2476,10.8668,2.36969e-10,2.53171,0.54696,0.379621,0.519087,2.36969e-10,2.09707,0.534577,0.370669,0.507336,0,1
8341-3701,1-259079,8341,3701,190.448,44.9146,0.0499416,14.6231,0.554834,158.351,0.452499,0.959411,6,2.667,2.60411,10.6287,10.8802,4.37196e-10,4.6709,0.20937,0.0330695,0.185879,4.37196e-10,3.86899,0.201575,0.027675,0.17845,0,1
9890-3703,1-316482,9890,3703,232.279,29.6777,0.066311,14.5868,0.759188,244.315,0.431016,0.790974,4.82716,2.72448,3.46471,10.9526,11.3809,5.20596e-10,5.56193,0.392418,0.214158,0.315999,5.20596e-10,4.60705,0.385665,0.20953,0.310247,0,1
8727-3701,1-51810,8727,3701,54.905,-5.63293,0.0209115,14.5519,0.663718,83.1799,0.29397,0.926206,3.49705,3.99729,1.69201,10.0282,10.1338,2.59842e-10,2.77609,0.0387104,-0.130193,0.0887973,2.59842e-10,2.29948,0.0271071,-0.138518,0.0760498,1,1
9039-3703,1-262876,9039,3703,230.171,33.3654,0.081838,14.5437,0.693145,268.559,0.523478,0.804948,6,2.57033,3.96166,11.1061,11.5213,5.67024e-10,6.05795,0.382013,0.202882,0.293587,5.67024e-10,5.01791,0.375728,0.198593,0.288374,0,1
10837-9102,1-61630,10837,9102,159.348,2.31265,0.0402051,14.5311,0.587498,180.131,0.303152,0.468388,6,6.97738,5.54846,10.8173,11.3207,1.48667e-10,1.58833,0.397339,0.239025,0.36281,1.48667e-10,1.31564,0.380612,0.226399,0.34704,1,1
12700-1902,1-120019,12700,1902,2.02715,13.758,0.0377701,14.5166,1.04947,74.1715,0.334052,0.781518,2.72927,3.10514,2.32643,9.82366,10.1725,8.58135e-11,0.916811,0.188668,0.0427893,0.241944,8.58135e-11,0.759412,0.166373,0.0249525,0.217959,1,1
8993-6103,1-278059,8993,6103,166.705,45.9646,0.024898,14.5127,0.968556,191.377,0.577987,0.886299,3.73838,6.57119,3.29589,10.8732,11.1471,4.79183e-10,5.11947,0.235151,0.0577908,0.188689,4.79183e-10,4.24055,0.227918,0.0528112,0.182121,0,1
10506-1901,1-231865,10506,1901,139.572,34.1606,0.0429658,14.5092,0.719279,71.5518,0.338937,0.922128,3.96327,1.69579,1.43637,10.0003,9.93182,3.38136e-10,3.61256,-0.12159,-0.294539,-0.0528379,3.38136e-10,2.99235,-0.131135,-0.301254,-0.0637544,1,1
11743-3702,1-458599,11743,3702,118.479,13.1546,0.047629,14.4496,0.943001,290.673,0.157274,0.884006,5.97742,3.97902,3.71545,11.0998,11.5621,6.35462e-10,6.78913,0.432459,0.252252,0.333684,6.35462e-10,5.62356,0.426757,0.248381,0.329066,1,1
8314-3703,1-248249,8314,3703,241.549,40.4123,0.0329491,14.4307,0.837354,205.063,0.325467,0.867212,5.30891,4.41047,2.8993,10.756,11.1514,4.72823e-10,5.05153,0.35615,0.17894,0.301402,4.72823e-10,4.18428,0.348837,0.173901,0.294874,1,1
10222-3702,1-50577,10222,3702,43.0551,-6.76489,0.033001,14.3979,0.844303,185.184,0.54764,0.917435,5.29682,4.38661,2.88797,10.8268,11.0611,5.60853e-10,5.99202,0.200838,0.0218157,0.15789,5.60853e-10,4.9633,0.194495,0.0174843,0.152095,0,1
8458-1902,1-217358,8458,1902,147.036,44.7972,0.0426597,14.3668,0.532912,83.2952,0.354809,0.946624,4.70136,2.05403,1.72804,10.1925,10.1441,3.63637e-10,3.88501,-0.0981292,-0.272085,-0.0463919,3.63637e-10,3.21803,-0.107152,-0.278402,-0.0563886,1,1
8601-6104,1-135055,8601,6104,247.641,40.5394,0.0300581,14.3352,0.981309,238.321,0.224333,0.808577,6,6.24969,3.76088,11.0113,11.3949,5.05784e-10,5.40367,0.346791,0.168838,0.273537,5.05784e-10,4.47596,0.339874,0.16409,0.267603,1,1
8260-3702,1-281351,8260,3702,181.612,43.3648,0.0515149,14.326,0.835922,178.139,0.475929,0.87058,6,2.44931,2.4623,10.6905,10.9582,5.63737e-10,6.02283,0.234332,0.055259,0.196094,5.63737e-10,4.98882,0.228016,0.0509474,0.190266,0,1
8154-1901,1-37122,8154,1901,43.1343,-0.0478188,0.0718233,14.3259,0.64501,198.447,0.430366,0.972394,6,3.13025,4.28392,11.1773,11.2924,5.71301e-10,6.10364,0.0822247,-0.0969799,0.0307885,5.71301e-10,5.05576,0.0759796,-0.10124,0.0251855,0,1
11019-1901,1-151874,11019,1901,192.363,51.5819,0.0321122,14.3159,0.779137,110.944,0.496897,0.817983,3.08931,3.05729,1.96068,10.2865,10.4479,3.50727e-10,3.74709,0.110052,-0.0634091,0.128488,3.50727e-10,3.10378,0.100773,-0.0699213,0.118863,0,1
8938-6101,1-146271,8938,6101,120.331,29.1794,0.0411394,14.31,0.932348,216.898,0.0965812,0.88698,5.86758,4.10614,3.33739,11.0072,11.2612,6.36318e-10,6.79827,0.224221,0.0440015,0.161528,6.36318e-10,5.63113,0.218525,0.0401351,0.156543,1,1
8327-1902,1-250784,8327,1902,202.961,44.1522,0.034442,14.3032,0.849543,146.707,0.153427,0.928177,6,4.79012,3.28566,10.8553,10.9148,4.62773e-10,4.94416,0.0194997,-0.157466,0.00505291,4.62773e-10,4.09534,0.0120571,-0.1626,-0.00217152,1,1
12678-3704,1-639466,12678,3704,315.526,-7.41075,0.0805859,14.2703,0.66385,218.769,0.596192,0.74615,6,2.3215,3.52851,11.0576,11.2929,6.39206e-10,6.82912,0.205656,0.0253961,0.14189,6.39206e-10,5.65669,0.199982,0.0215455,0.136937,0,1
11016-3701,1-196843,11016,3701,211.276,51.2567,0.0700931,14.2504,0.614982,245.021,0.317495,0.837035,6,2.792,3.73651,10.9908,11.4162,4.88778e-10,5.22199,0.387372,0.209792,0.310923,4.88778e-10,4.32547,0.380257,0.204898,0.304856,1,1
11962-1901,1-363685,11962,1901,225.229,8.58227,0.0555539,14.22,0.763696,237.115,0.351297,0.976816,5.35996,3.56808,3.84982,11.1008,11.4007,5.93205e-10,6.33766,0.268047,0.0884786,0.194681,5.93205e-10,5.2496,0.261998,0.0843596,0.189503,1,1
9864-1902,1-197278,9864,1902,215.582,51.8109,0.0443465,14.1617,0.502087,112.275,0.243501,0.937844,2.56588,1.85018,1.61484,10.1726,10.374,3.97753e-10,4.2495,0.155521,-0.0196126,0.172768,3.97753e-10,3.51994,0.147113,-0.0254653,0.164062,1,1
8313-3701,1-633587,8313,3701,241.236,41.3572,0.0728683,14.1537,0.674417,217.107,0.133768,0.878734,6,2.67244,3.70607,11.016,11.3076,5.26608e-10,5.62616,0.256013,0.0776324,0.193918,5.26608e-10,4.66025,0.249324,0.073051,0.188046,1,1
10497-1902,1-412272,10497,1902,121.032,16.8189,0.0447901,14.1295,0.497999,100.101,0.34671,0.962199,3.58803,2.27178,2.0016,10.3428,10.3676,3.83107e-10,4.09302,-0.0226983,-0.197348,0.00790347,3.83107e-10,3.39033,-0.0313603,-0.203392,-0.00130558,1,1
12071-3703,1-637021,12071,3703,347.792,-0.152249,0.0274158,14.1227,0.89683,143.511,0.245463,0.928599,6,4.45351,2.45218,10.6853,10.7686,5.61629e-10,6.00031,0.0498867,-0.129149,0.0379127,5.61629e-10,4.97016,0.0435508,-0.133475,0.0317339,1,1
8141-6103,1-43741,8141,6103,117.304,44.065,0.0304443,14.118,0.355702,205.292,0.159866,0.83452,6,4.81841,2.93547,10.4271,11.1577,2.16258e-10,2.31044,0.652587,0.486875,0.601628,2.16258e-10,1.91378,0.6394,0.477267,0.589634,1,1
11835-3701,1-82645,11835,3701,220.495,3.38997,0.0256335,14.1059,0.824985,182.059,0.337549,0.840552,4.44371,5.26626,2.717,10.6437,11.0198,4.15747e-10,4.44174,0.332003,0.156314,0.291992,4.15747e-10,3.67918,0.323886,0.150679,0.284512,1,1
9088-3704,1-265758,9088,3704,242.283,26.5168,0.0644944,14.0828,0.688817,216.873,0.0751892,0.947241,6,2.44922,3.0358,10.9438,11.22,6.64579e-10,7.1002,0.247569,0.0669644,0.18474,6.64579e-10,5.88123,0.242083,0.0632475,0.179942,1,1
10222-3703,1-50622,10222,3703,43.522,-7.34507,0.0306595,14.0688,0.824641,202.443,0.114323,0.759309,4.96453,4.94874,3.0354,10.7695,11.1601,4.45003e-10,4.7543,0.349166,0.172655,0.296205,4.45003e-10,3.93808,0.341482,0.167343,0.289315,1,1
12084-3704,1-117084,12084,3704,344.901,13.3698,0.0340098,14.0599,0.679409,181.5,0.136875,0.965649,6,3.9361,2.66737,10.7918,11.0092,6.06642e-10,6.48121,0.18617,0.00639002,0.145473,6.06642e-10,5.36851,0.180236,0.00235322,0.140029,1,1
9037-6104,1-247713,9037,6104,236.213,43.5141,0.0366431,14.0142,1.0367,205.741,0.437124,0.837798,5.48137,5.74941,4.18466,11.1554,11.3136,5.69323e-10,6.08251,0.125158,-0.0540121,0.0693263,5.69323e-10,5.03826,0.118895,-0.0582858,0.0637588,0,1
7960-1902,1-177617,7960,1902,257.568,32.2401,0.0363584,13.9983,0.910292,233.762,0.348306,0.903586,4.96219,3.72685,2.6924,10.8271,11.233,6.45778e-10,6.89934,0.376521,0.19617,0.304555,6.45778e-10,5.71485,0.370897,0.192355,0.299732,1,1
8135-3701,1-43241,8135,3701,114.002,39.2335,0.0955928,13.9981,0.43474,235.699,0.533524,0.637508,6,3.17379,5.62384,11.1864,11.5601,3.38543e-10,3.61691,0.320652,0.147685,0.250956,3.38543e-10,2.99596,0.311116,0.140977,0.242662,0,1
11981-1901,1-294016,11981,1901,254.321,19.3395,0.0334074,13.9886,0.413521,73.6253,0.263384,0.558682,1.40302,2.10709,1.40362,9.60385,9.94662,1.42107e-10,1.51824,0.232898,0.0755463,0.291501,1.42107e-10,1.25759,0.215723,0.0625229,0.272609,1,1
8140-3702,1-43773,8140,3702,117.412,42.9671,0.0307213,13.9711,0.554353,154.08,0.417568,0.925052,4.56153,5.27727,3.24319,10.73,10.9518,3.5588e-10,3.80214,0.171103,-0.00255981,0.151221,3.5588e-10,3.14938,0.161927,-0.00899266,0.142403,0,1
8249-3701,1-137801,8249,3701,136.686,44.261,0.0490247,13.9616,0.640767,221.693,0.403098,0.89272,6,4.92367,4.72443,11.1052,11.4312,3.97927e-10,4.25136,0.280067,0.104928,0.216731,3.97927e-10,3.52148,0.271661,0.099077,0.209344,0,1
11007-6104,1-456880,11007,6104,194.98,28.1284,0.0252335,13.9303,0.753498,110.242,0.374811,0.939513,3.30783,3.13544,1.59318,10.1892,10.3523,4.24536e-10,4.53564,0.119844,-0.0561024,0.139342,4.24536e-10,3.75696,0.111862,-0.061636,0.131038,1,1
9498-3704,1-217782,9498,3704,118.099,22.7347,0.0494297,13.9101,0.41977,129.14,0.571096,0.82624,3.69766,2.54182,2.45793,10.4525,10.678,3.27075e-10,3.49439,0.170844,-0.00162933,0.171612,3.27075e-10,2.89447,0.161054,-0.00853289,0.161807,0,1
8593-3702,1-208443,8593,3702,224.58,53.2375,0.0294891,13.8967,1.02994,190.489,0.0901308,0.978752,6,4.71346,2.78463,10.8569,11.0698,6.46529e-10,6.90736,0.183615,0.00325334,0.136832,6.46529e-10,5.7215,0.177997,-0.000557671,0.131746,1,1
9487-9102,1-574504,9487,9102,123.82,46.0753,0.0409732,13.8942,0.71863,142.1,0.515029,0.577979,5.88401,7.08738,5.73835,10.8125,11.1293,1.37478e-10,1.46879,0.203992,0.0473546,0.194726,1.37478e-10,1.21662,0.186486,0.0340358,0.177488,0,1
11943-6103,1-569170,11943,6103,246.885,39.5707,0.0266955,13.8823,0.868482,143.887,0.516663,0.898452,6,2.88002,1.54546,10.2609,10.5704,5.32219e-10,5.6861,0.274303,0.0958126,0.262056,5.32219e-10,4.7099,0.267674,0.0912741,0.255594,0,1
8445-3702,1-399581,8445,3702,204.288,35.2478,0.0596185,13.8764,0.703896,206.728,0.486151,0.840566,6,2.72845,3.14419,10.81,11.1936,4.55213e-10,4.86339,0.343061,0.166285,0.28749,4.55213e-10,4.02843,0.335518,0.161077,0.280765,0,1
8656-1902,1-31374,8656,1902,6.31307,-1.11176,0.0379023,13.852,0.642916,89.2874,0.545683,0.949584,4.03446,5.91087,4.44333,10.8603,10.6146,2.55962e-10,2.73464,-0.313389,-0.482042,-0.271271,2.55962e-10,2.26515,-0.325118,-0.490468,-0.283965,0,1
8455-3704,1-274545,8455,3704,157.686,40.0574,0.0231081,13.808,0.596894,71.5542,0.313445,0.715172,1.36103,4.30871,2.01007,9.68218,10.0778,8.29912e-11,0.886658,0.231648,0.0865587,0.28796,8.29912e-11,0.734435,0.209014,0.0683851,0.263539,1,1
8154-3703,1-37494,8154,3703,44.6255,0.794235,0.0429074,13.8062,0.482631,127.429,0.320356,0.758636,5.26078,2.27428,1.92388,10.1711,10.56,2.79266e-10,2.98361,0.32616,0.156087,0.328436,2.79266e-10,2.47138,0.315146,0.148229,0.317374,1,1
9194-1901,1-37775,9194,1901,46.9715,-0.92297,0.038876,13.7936,0.395805,71.2813,0.243794,0.984875,3.92717,1.61846,1.24644,9.9126,9.86694,3.66886e-10,3.91973,-0.0950043,-0.269081,-0.0252625,3.66886e-10,3.24678,-0.103965,-0.27535,-0.0355476,1,1
8947-1902,1-174225,8947,1902,170.059,50.0253,0.0260075,13.7869,0.868413,115.937,0.184576,0.931599,3.83409,2.88056,1.50716,10.1767,10.3719,4.60938e-10,4.92455,0.155087,-0.0218331,0.168727,4.60938e-10,4.0791,0.14762,-0.0269848,0.161048,1,1
8083-6104,1-38319,8083,6104,51.6095,-0.311706,0.0376188,13.7787,0.342542,103.58,0.318304,0.959501,2.98309,1.39777,1.04323,9.74172,10.1142,3.53375e-10,3.77537,0.321502,0.147937,0.347918,3.53375e-10,3.12721,0.312276,0.141465,0.338197,1,1
8614-3701,1-177203,8614,3701,255.778,34.638,0.058223,13.7586,0.606742,119.837,0.525954,0.982149,3.6877,2.86299,3.2273,10.8004,10.7313,4.22625e-10,4.51522,-0.112463,-0.288355,-0.102829,4.22625e-10,3.74004,-0.120474,-0.29391,-0.110998,0,1
8612-3704,1-95658,8612,3704,253.561,37.6262,0.0648389,13.7436,0.730664,223.134,0.354386,0.872074,6,2.57699,3.20993,10.9358,11.2689,5.83572e-10,6.23475,0.300828,0.121417,0.234979,5.83572e-10,5.16436,0.294695,0.117237,0.229643,1,1
9489-6101,1-384186,9489,6101,125.164,21.0793,0.0149834,13.7389,0.652087,71.2554,0.134774,0.973578,6,2.76044,0.843249,9.60313,9.69691,3.93092e-10,4.1997,0.0473945,-0.127589,0.11763,3.93092e-10,3.47869,0.0389068,-0.133501,0.107866,1,1
9868-1901,1-321167,9868,1901,218.6,48.0375,0.0363965,13.6682,0.803281,216.064,0.0740878,0.828243,5.21298,5.15436,3.72741,10.9944,11.3059,4.9524e-10,5.29102,0.273939,0.0962146,0.212683,4.9524e-10,4.38265,0.2669,0.0913773,0.206488,1,1
10508-3701,1-175599,10508,3701,182.329,50.9371,0.0835392,13.6512,0.552021,275.931,0.316815,0.803219,5.43374,2.72232,4.2747,11.1453,11.5778,5.32984e-10,5.69427,0.397438,0.218933,0.306038,5.32984e-10,4.71667,0.390817,0.2144,0.300576,1,1
9882-9101,1-523057,9882,9101,206.317,23.219,0.0305895,13.6354,0.783615,208.795,0.309172,0.831381,4.29253,7.65891,4.6874,11.1075,11.3757,4.06343e-10,4.34127,0.223191,0.0477868,0.166913,4.06343e-10,3.59596,0.214924,0.0420403,0.159544,1,1
8451-1901,1-256125,8451,1901,165.174,42.5218,0.0382436,13.617,0.569649,81.1518,0.212924,0.94468,3.5317,1.57108,1.19116,9.80037,9.95989,3.10241e-10,3.31454,0.102259,-0.0694363,0.156142,3.10241e-10,2.7455,0.0920707,-0.0766483,0.144835,1,1
9873-12704,1-456550,9873,12704,194.43,27.5776,0.0241099,13.6141,0.480454,112.639,0.155083,0.876674,6,2.23541,1.08675,9.65204,10.2048,2.64885e-10,2.82997,0.487071,0.317851,0.50327,2.64885e-10,2.34412,0.475626,0.309652,0.491468,1,1
8614-3704,1-177252,8614,3704,256.614,34.5032,0.0309127,13.5995,0.75328,170.087,0.436999,0.584095,4.88238,4.72549,2.92152,10.5451,10.9923,2.86506e-10,3.06096,0.385803,0.215326,0.354967,2.86506e-10,2.53545,0.374994,0.207629,0.344787,0,1
8256-1902,1-256457,8256,1902,166.781,42.8255,0.0368781,13.5793,0.34223,71.2742,0.134886,0.965153,5.20168,1.95237,1.42973,9.77159,9.92644,2.01536e-10,2.15316,0.0720129,-0.0923946,0.137119,2.01536e-10,1.7835,0.0581888,-0.102531,0.121601,1,1
8313-3704,1-633591,8313,3704,241.252,41.3917,0.0719477,13.5622,0.682696,250.715,0.132346,0.882754,5.73423,2.63283,3.60889,10.9982,11.421,5.3297e-10,5.69412,0.38774,0.209235,0.308049,5.3297e-10,4.71655,0.381118,0.204702,0.302449,1,1
8454-3703,1-167423,8454,3703,156.041,45.8349,0.0898193,13.5308,0.569997,231.991,0.438263,0.898626,6,2.51048,4.20772,11.1261,11.4203,5.26315e-10,5.62303,0.258694,0.0803199,0.188529,5.26315e-10,4.65766,0.252003,0.0757362,0.182754,0,1
8254-3701,1-276544,8254,3701,163.501,44.4704,0.0485186,13.5243,0.588782,171.238,0.466204,0.807987,6,2.5815,2.45294,10.4644,10.9222,3.37502e-10,3.60579,0.404674,0.231751,0.37255,3.37502e-10,2.98674,0.395115,0.225026,0.363583,0,1
8612-3703,1-94934,8612,3703,253.508,39.4764,0.0697293,13.5207,0.60646,236.418,0.276611,0.837626,6,2.54448,3.38902,10.9369,11.3428,5.24839e-10,5.60725,0.370216,0.191871,0.297761,5.24839e-10,4.64459,0.363509,0.187276,0.292,1,1
11006-3702,1-455937,11006,3702,193.204,27.4018,0.0257795,13.4809,0.570133,70.597,0.557873,0.811252,1.54403,4.991,2.5892,9.62236,10.1761,4.35815e-11,0.465614,0.304699,0.174564,0.356337,4.35815e-11,0.385677,0.275976,0.14988,0.326109,0,1
9890-3702,1-315462,9890,3702,231.414,29.6035,0.055675,13.4713,1.08836,329.604,0.443896,0.852203,4.76967,4.60499,4.97873,11.4027,11.7984,7.10727e-10,7.59324,0.368887,0.187713,0.253916,7.10727e-10,6.28962,0.363712,0.184216,0.249876,0,1
11823-3704,1-270221,11823,3704,248.593,26.6522,0.070468,13.435,0.493438,219.243,0.558706,0.625028,3.12385,3.44879,4.63814,11.0258,11.4135,3.43833e-10,3.67343,0.335469,0.162284,0.274223,3.43833e-10,3.04277,0.326046,0.155662,0.265889,0,1
9195-3703,1-603039,9195,3703,29.0522,14.9066,0.026913,13.4191,0.663531,85.5122,0.546574,0.713317,6,5.05994,2.73664,10.3648,10.3666,2.15592e-10,2.30333,-0.076503,-0.242159,-0.0305566,2.15592e-10,1.90789,-0.0897173,-0.25179,-0.0449183,0,1
9869-3703,1-135059,9869,3703,247.745,40.9306,0.0316739,13.4006,0.934143,154.717,0.382361,0.921506,6,4.51742,2.85904,10.7877,10.9006,5.22978e-10,5.58738,0.0772078,-0.1011,0.0562133,5.22978e-10,4.62813,0.0704807,-0.10571,0.0497745,1,1
8462-3704,1-232512,8462,3704,143.374,37.5026,0.0398436,13.3723,0.453803,72.402,0.24102,0.927034,1.6065,2.28517,1.80162,9.97852,10.0405,2.04391e-10,2.18367,-0.0199048,-0.184576,0.0436402,2.04391e-10,1.80877,-0.0336005,-0.194605,0.0283026,1,1
8940-6103,1-218055,8940,6103,120.911,25.517,0.0466864,13.3629,0.321116,158.573,0.269459,0.775303,3.20368,3.19662,2.92908,10.2916,10.9325,1.59e-10,1.69872,0.540402,0.380681,0.519223,1.59e-10,1.40708,0.524334,0.368634,0.503732,1,1
9188-3702,1-50956,9188,3702,48.523,-8.45692,0.0344123,13.3492,0.685351,226.201,0.193145,0.72303,6,5.22081,3.57812,10.8438,11.328,3.79953e-10,4.05933,0.436374,0.261833,0.370881,3.79953e-10,3.36242,0.427656,0.255747,0.363248,1,1
8595-3703,1-631278,8595,3703,221.438,51.5808,0.0296268,13.3379,0.742779,157.716,0.484122,0.884235,4.13919,7.3337,4.35214,10.8955,11.0998,2.89325e-10,3.09108,0.143387,-0.0272431,0.121218,2.89325e-10,2.5604,0.132655,-0.0348789,0.110939,0,1
8263-1902,1-258747,8263,1902,186.18,46.279,0.0245533,13.3124,0.609382,79.3949,0.574011,0.967757,4.82152,3.039,1.50378,10.0446,10.0421,3.4157e-10,3.64926,-0.0550796,-0.228172,0.00184402,3.4157e-10,3.02275,-0.0645505,-0.23483,-0.00874526,0,1
9026-3704,1-94690,9026,3704,251.378,43.5816,0.0314593,13.2604,0.623701,111.11,0.590343,0.52005,2.53215,3.93232,2.47251,10.2162,10.55,1.87589e-10,2.00415,0.245857,0.0828193,0.262855,1.87589e-10,1.66008,0.231369,0.0721269,0.247924,0,1
10216-3702,1-297905,10216,3702,117.003,18.6221,0.0452326,13.1874,0.502942,94.8737,0.453657,0.889305,4.12239,2.38445,2.12051,10.375,10.346,3.6761e-10,3.92746,-0.0782021,-0.252305,-0.041487,3.6761e-10,3.25319,-0.0871492,-0.258564,-0.0511117,0,1
8727-6103,1-51779,8727,6103,54.5339,-6.14144,0.0346836,13.1844,0.834278,290.821,0.11785,0.887343,6,6.16295,4.25574,11.1638,11.6215,5.61264e-10,5.99641,0.424205,0.245176,0.326065,5.61264e-10,4.96694,0.417866,0.240847,0.320914,1,1
8990-3701,1-615485,8990,3701,173.145,49.1097,0.0340146,13.1656,0.936505,156.858,0.471354,0.88611,6,3.98827,2.70309,10.7431,10.8882,5.28073e-10,5.6418,0.109617,-0.0687924,0.086946,5.28073e-10,4.67321,0.102944,-0.0733626,0.0805819,0,1
8615-3702,1-635590,8615,3702,321.054,1.11838,0.0494476,13.151,0.878288,290.129,0.163038,0.73525,6,4.71277,4.55879,11.2068,11.6494,5.40002e-10,5.76925,0.407817,0.229178,0.3102,5.40002e-10,4.77878,0.401268,0.224697,0.304869,1,1
12483-1901,1-400855,12483,1901,185.98,33.9287,0.0222627,13.1341,0.601963,74.3237,0.241382,0.820105,5.9474,1.89564,0.852857,9.32062,9.73845,2.00512e-10,2.14222,0.334641,0.170329,0.395219,2.00512e-10,1.77444,0.32077,0.160154,0.379773,1,1
11940-3701,1-200905,11940,3701,245.911,35.0113,0.0335128,13.1306,0.826765,190.919,0.469045,0.928549,3.23763,5.21486,3.48437,10.9497,11.1691,5.11304e-10,5.46265,0.18298,0.00491066,0.136598,5.11304e-10,4.52482,0.176125,0.000207915,0.130376,0,1
9187-1902,1-96474,9187,1902,312.384,-6.44521,0.0199015,13.1039,0.483393,71.6543,0.207031,0.836397,6,2.1551,0.86923,9.52112,9.71494,3.06282e-10,3.27225,0.135912,-0.0355913,0.203798,3.06282e-10,2.71046,0.125624,-0.0428798,0.192076,1,1
8619-9102,1-114245,8619,9102,322.906,11.8317,0.0288302,13.0894,0.548835,182.513,0.223287,0.896,3.17092,6.85438,3.9621,10.9619,11.1858,4.06704e-10,4.34513,0.178993,0.0035771,0.138755,4.06704e-10,3.59915,0.170732,-0.00216496,0.131145,1,1
8338-3703,1-492536,8338,3703,172.787,23.0572,0.0310429,13.0237,0.67026,136.746,0.154483,0.700594,5.29333,4.90125,3.04247,10.5534,10.8204,2.693e-10,2.87713,0.202184,0.0326946,0.196437,2.693e-10,2.38318,0.190875,0.0246036,0.185252,1,1
8626-3701,1-24295,8626,3701,262.676,56.6394,0.0293879,12.9841,0.707394,149.259,0.588831,0.939501,3.83078,5.07144,2.9862,10.7624,10.8883,4.52315e-10,4.83242,0.0850712,-0.0916305,0.0685885,4.52315e-10,4.00278,0.0774884,-0.0968679,0.0612583,0,1
8330-3702,1-285729,8330,3702,203.897,40.1111,0.054177,12.9798,0.586816,162.297,0.579159,0.913984,3.4189,5.1646,5.44314,11.1315,11.2218,3.18452e-10,3.40226,0.0343623,-0.137721,0.00865238,3.18452e-10,2.81816,0.0243721,-0.144779,-0.000844115,0,1
8994-9102,1-148685,8994,9102,162.219,50.0367,0.0230175,12.9654,0.685021,79.156,0.562675,0.515035,1.91499,7.32612,3.40471,10.2482,10.3944,1.06487e-10,1.13768,0.00921855,-0.141698,0.0581376,1.06487e-10,0.942365,-0.0108764,-0.157403,0.0365232,0,1
7961-3704,1-547552,7961,3704,260.569,30.6471,0.0490118,12.9576,0.464651,116.674,0.583225,0.906689,4.14049,2.47511,2.37437,10.4505,10.5748,3.48869e-10,3.72723,0.0727187,-0.100669,0.0852998,3.48869e-10,3.08733,0.0634007,-0.107211,0.0757464,0,1
8153-3703,1-36847,8153,3703,41.1529,0.142105,0.0282795,12.9259,0.798305,124.912,0.131808,0.655507,4.99186,3.81227,2.16298,10.3248,10.5936,3.14717e-10,3.36236,0.212288,0.0403795,0.216891,3.14717e-10,2.7851,0.202209,0.0332522,0.20672,1,1
10001-1902,1-48201,10001,1902,134.194,56.7867,0.0253909,12.9246,0.867096,142.842,0.462778,0.839959,4.9523,3.54894,1.81419,10.3654,10.6337,4.91263e-10,5.24854,0.230435,0.0527988,0.219132,4.91263e-10,4.34746,0.223349,0.0479271,0.21221,0,1
8320-1901,1-523238,8320,1901,206.144,23.7966,0.0277398,12.9212,0.790189,160.642,0.183949,0.954595,6,3.46338,1.92878,10.3517,10.7623,4.2115e-10,4.49947,0.367009,0.19116,0.341877,4.2115e-10,3.72699,0.358975,0.185588,0.334245,1,1
8258-3703,1-256506,8258,3703,167.096,44.1503,0.0587373,12.9141,0.614414,204.712,0.422072,0.932408,4.50899,4.74792,5.39609,11.2169,11.4197,3.94426e-10,4.21395,0.15659,-0.0184362,0.1028,3.94426e-10,3.4905,0.148126,-0.0243312,0.0952131,0,1
8239-6104,1-548221,8239,6104,118.541,48.7089,0.0801299,12.9073,0.598551,241.089,0.546648,0.793879,6,2.65113,4.00885,11.0745,11.4327,5.14895e-10,5.50101,0.321935,0.143792,0.247189,5.14895e-10,4.55659,0.31512,0.139118,0.241363,0,1
9088-3701,1-265704,9088,3701,241.253,26.7465,0.066001,12.901,0.640426,153.077,0.103229,0.948394,6,2.59828,3.28997,10.9073,10.9523,5.20182e-10,5.5575,0.00913497,-0.169117,-0.0105653,5.20182e-10,4.60338,0.00237777,-0.173748,-0.0170506,1,1
12514-3702,1-66669,12514,3702,198.468,2.13256,0.0301748,12.8996,1.03344,148.51,0.135782,0.748804,6,4.71546,2.84824,10.5661,10.8634,3.16367e-10,3.37998,0.241054,0.0690679,0.22566,3.16367e-10,2.7997,0.231014,0.0619713,0.21592,1,1
7959-1902,1-177460,7959,1902,256.778,31.7372,0.0313023,12.8698,0.520634,86.7725,0.180252,0.943064,5.91925,1.89682,1.18693,9.86719,10.0165,3.64427e-10,3.89345,0.0996784,-0.0743073,0.146699,3.64427e-10,3.22502,0.0906704,-0.0806125,0.136811,1,1
11955-9102,1-195251,11955,9102,197.01,53.9359,0.0328806,12.8507,0.518612,88.438,0.531136,0.769211,2.63229,7.77453,5.10051,10.7926,10.6662,1.66203e-10,1.77568,-0.223389,-0.384019,-0.182576,1.66203e-10,1.47083,-0.239027,-0.395694,-0.199344,0,1
8249-12705,1-137853,8249,12705,138.936,44.2361,0.0321364,12.8492,0.647453,212.441,0.125419,0.86344,6,6.52672,4.1887,10.9471,11.3419,3.51737e-10,3.75787,0.343535,0.170033,0.28589,3.51737e-10,3.11272,0.334275,0.163537,0.277643,1,1
12092-3703,1-563762,12092,3703,15.4718,14.5739,0.0760104,12.8471,0.541518,304.316,0.176569,0.826765,6,2.73992,3.949,11.0475,11.6285,4.98635e-10,5.32729,0.543612,0.365813,0.440668,4.98635e-10,4.4127,0.536613,0.361005,0.435027,1,1
8095-1901,1-41678,8095,1901,24.7025,15.0281,0.0280247,12.8079,0.622778,81.1876,0.307677,0.865853,6,2.49713,1.40447,10.0146,10.0318,3.65499e-10,3.90491,-0.0323405,-0.206366,0.0223818,3.65499e-10,3.23451,-0.0413279,-0.212655,0.0123656,1,1
9875-9102,1-624022,9875,9102,195.846,28.8642,0.0219095,12.8008,0.562621,86.4475,0.0946334,0.967882,5.70056,3.00363,1.33048,9.88832,10.0628,3.04496e-10,3.25316,0.116303,-0.0551121,0.162912,3.04496e-10,2.69465,0.10597,-0.0624358,0.151607,1,1
9487-3702,1-574506,9487,3702,123.331,46.1472,0.053819,12.7956,0.50503,118.313,0.558501,0.740912,5.9504,3.01012,3.15284,10.6639,10.7101,3.23413e-10,3.45527,-0.00899828,-0.181308,0.00188217,3.23413e-10,2.86206,-0.0188723,-0.188276,-0.00820498,0,1
11832-3702,1-176174,11832,3702,186.827,51.1748,0.0303366,12.7817,0.829247,121.74,0.497452,0.940521,6,3.91523,2.37711,10.5778,10.6122,4.66672e-10,4.98581,-0.00529959,-0.182361,0.00253333,4.66672e-10,4.12984,-0.0126913,-0.187458,-0.00497834,0,1
9500-6102,1-386107,9500,6102,132.891,24.9646,0.0583714,12.7786,0.587781,184.487,0.312932,0.822355,6,2.39954,2.7113,10.6192,11.0304,3.94527e-10,4.21503,0.365039,0.190009,0.323623,3.94527e-10,3.49139,0.356576,0.184115,0.315843,1,1
9182-6103,1-72325,9182,6103,120.705,40.4574,0.0421724,12.7694,0.674856,230.957,0.57135,0.702613,3.56559,5.816,4.83987,11.1125,11.4772,3.85584e-10,4.11949,0.317508,0.142774,0.249455,3.85584e-10,3.41225,0.30889,0.136763,0.24195,0,1
11760-3704,1-233420,11760,3704,193.265,49.8797,0.0314862,12.7682,0.896497,211.188,0.386049,0.881693,6,3.96861,2.49737,10.6645,11.1121,5.16204e-10,5.515,0.411439,0.233268,0.352784,5.16204e-10,4.56818,0.404638,0.228605,0.346769,1,1
9874-3701,1-591253,9874,3701,195.038,28.1704,0.0225232,12.7605,0.863907,138.207,0.559831,0.709213,2.71309,3.82356,1.73982,10.2143,10.5869,3.77229e-10,4.03022,0.324409,0.149962,0.31722,3.77229e-10,3.33831,0.315641,0.143839,0.308578,0,1
9498-3703,1-556749,9498,3703,120.017,23.4378,0.0291978,12.7584,0.581193,147.708,0.587219,0.885704,6,5.28527,3.09268,10.6411,10.8945,3.18903e-10,3.40708,0.19752,0.0254159,0.182741,3.18903e-10,2.82215,0.18754,0.0183659,0.173048,0,1
9887-3704,1-264886,9887,3704,238.28,27.7109,0.0819316,12.7525,0.655257,127.893,0.181728,0.829907,6,2.54687,3.92956,11.0548,10.8734,5.12171e-10,5.47191,-0.217926,-0.396013,-0.215961,5.12171e-10,4.53249,-0.224771,-0.400709,-0.222834,1,1
10515-1901,1-181880,10515,1901,147.325,5.56596,0.0241833,12.7038,0.523796,73.3066,0.531954,0.81185,1.13665,3.43556,1.67514,9.35564,10.0197,5.63391e-11,0.601913,0.451462,0.315504,0.502064,5.63391e-11,0.498576,0.425041,0.293385,0.47408,0,1
8657-6101,1-31788,8657,6101,9.3992,0.280662,0.0349048,12.679,0.985136,119.383,0.598117,0.676938,6,6.35903,4.41798,10.9605,10.8644,3.26102e-10,3.48399,-0.150895,-0.323325,-0.141045,3.26102e-10,2.88586,-0.160708,-0.330246,-0.151049,0,1
12491-3702,1-61949,12491,3702,165.109,1.65566,0.0397931,12.6619,0.47575,138.192,0.162792,0.932208,6,1.59427,1.2554,9.96348,10.4451,4.06619e-10,4.34423,0.436597,0.261184,0.429375,4.06619e-10,3.5984,0.428334,0.255441,0.421232,1,1
8597-3704,1-198180,8597,3704,224.616,48.4924,0.0376048,12.6276,0.942892,227.348,0.203387,0.909136,6,5.09981,3.8049,11.0852,11.359,5.85903e-10,6.25965,0.241619,0.0621697,0.173463,5.85903e-10,5.18499,0.235507,0.0580046,0.168171,1,1
8247-6101,1-217022,8247,6101,136.09,41.4817,0.0244671,12.599,0.615263,167.419,0.147877,0.875477,4.70725,5.37715,2.6517,10.6067,10.9365,4.00805e-10,4.2821,0.284167,0.108936,0.254234,4.00805e-10,3.54694,0.275809,0.103121,0.24637,1,1
8157-1902,1-41772,8157,1902,30.8767,12.5883,0.0463076,12.5842,0.508401,173.667,0.356381,0.96896,6,1.87782,1.70747,10.3965,10.7771,5.95798e-10,6.36536,0.34889,0.16928,0.313625,5.95798e-10,5.27255,0.342863,0.165177,0.308031,1,1
9882-1901,1-568619,9882,1901,207.08,25.1338,0.0306367,12.5585,0.545274,83.3378,0.569765,0.939321,4.01571,2.76071,1.69212,10.1252,10.1354,3.24765e-10,3.46972,-0.0447204,-0.217091,0.00638601,3.24765e-10,2.87403,-0.0545632,-0.224035,-0.00448736,0,1
9862-3704,1-623641,9862,3704,195.027,28.0041,0.0242459,12.5562,0.830535,111.371,0.547487,0.959724,6,3.33088,1.62818,10.2167,10.3706,4.33083e-10,4.62696,0.111374,-0.0648136,0.1297,4.33083e-10,3.8326,0.103519,-0.0702526,0.121546,0,1
8717-3701,1-584637,8717,3701,117.547,34.4153,0.0284197,12.5543,0.823383,185.94,0.177615,0.957369,6,4.0419,2.30425,10.617,10.9666,5.43484e-10,5.80645,0.315113,0.136407,0.271757,5.43484e-10,4.80959,0.308599,0.131953,0.265809,1,1
10514-1901,1-77742,10514,1901,143.691,3.09644,0.0235589,12.5341,0.889074,86.9868,0.492602,0.888709,6,3.47971,1.6541,10.1985,10.1628,4.02404e-10,4.29919,-0.0811405,-0.256422,-0.0339802,4.02404e-10,3.5611,-0.0894718,-0.262217,-0.0431393,0,1
8243-3704,1-47290,8243,3704,131.382,53.959,0.0307899,12.5173,0.633125,169.984,0.441755,0.789562,6,3.98847,2.45642,10.4696,10.9164,3.40631e-10,3.63922,0.394099,0.221045,0.362808,3.40631e-10,3.01443,0.384608,0.214372,0.353891,0,1
9862-1901,1-456594,9862,1901,194.783,27.855,0.021927,12.5125,0.979457,167.057,0.407586,0.934719,4.53164,3.7414,1.65857,10.3336,10.7308,5.46274e-10,5.83626,0.362831,0.184074,0.33247,5.46274e-10,4.83428,0.356345,0.179639,0.326384,0,1
9862-12701,1-455941,9862,12701,193.193,27.9068,0.018952,12.5107,0.7416,94.051,0.564654,0.789174,2.67856,2.7772,1.06793,9.71945,10.0406,3.20363e-10,3.42268,0.265472,0.0933013,0.302696,3.20363e-10,2.83507,0.255527,0.086278,0.292002,0,1
8978-3702,1-569098,8978,3702,247.919,42.4487,0.0714196,12.5104,0.649343,192.727,0.120902,0.849331,6,2.67066,3.63611,10.9467,11.1958,4.66284e-10,4.98166,0.209464,0.0324119,0.162247,4.66284e-10,4.1264,0.202068,0.0273118,0.155539,1,1
11946-3704,1-135829,11946,3704,250.553,38.7079,0.0625165,12.5034,0.573469,133.055,0.515077,0.859335,5.68186,3.05259,3.67616,10.8347,10.8788,3.52505e-10,3.76608,-0.0070444,-0.180576,-0.00975397,3.52505e-10,3.11951,-0.016288,-0.18706,-0.0189479,0,1
11754-3703,1-76488,11754,3703,131.128,2.29493,0.0505998,12.4787,0.721788,203.517,0.253939,0.975541,4.15757,3.97716,3.93149,11.0896,11.2771,5.54325e-10,5.92227,0.153589,-0.0253157,0.0991754,5.54325e-10,4.90553,0.147183,-0.0296927,0.0934622,1,1
11827-3703,1-197166,11827,3703,213.887,50.181,0.0441282,12.431,0.723027,229.644,0.153844,0.78141,6,4.78767,4.15921,10.9784,11.4064,3.83379e-10,4.09592,0.380628,0.205968,0.313286,3.83379e-10,3.39273,0.37197,0.199929,0.305736,1,1
11833-3701,1-176132,11833,3701,185.059,50.6482,0.0470675,12.4186,0.767887,172.961,0.399203,0.761468,5.519,4.34699,4.01387,10.9683,11.1448,4.02181e-10,4.2968,0.131068,-0.0442065,0.0972584,4.02181e-10,3.55912,0.122733,-0.0500039,0.0894772,1,1
12518-3702,1-2739,12518,3702,158.711,0.676384,0.0320346,12.3733,0.813815,133.193,0.222718,0.910214,3.66277,4.25269,2.72097,10.6951,10.749,4.66565e-10,4.98467,0.0142174,-0.162842,0.011319,4.66565e-10,4.12889,0.00682434,-0.167939,0.00396985,1,1
10001-3704,1-48223,10001,3704,134.91,56.8789,0.0307813,12.3607,0.742895,103.619,0.412813,0.933142,4.60186,3.85183,2.37163,10.5447,10.4712,4.34387e-10,4.64089,-0.115829,-0.292052,-0.0889714,4.34387e-10,3.84413,-0.123664,-0.297477,-0.0972469,0,1
8158-6104,1-52590,8158,6104,62.5264,-6.05165,0.0577918,12.3584,0.614671,150.89,0.568582,0.769082,4.15613,3.40064,3.80691,10.5759,11.0032,1.81148e-10,1.93534,0.336851,0.174497,0.320695,1.81148e-10,1.60308,0.322035,0.163526,0.306299,0,1
8249-6104,1-137845,8249,6104,139.309,44.4892,0.0320271,12.3098,0.658302,210.64,0.412964,0.744394,6,7.28768,4.66177,10.9818,11.381,3.07607e-10,3.28639,0.341439,0.169872,0.285498,3.07607e-10,2.72218,0.331185,0.162609,0.276316,0,1
8078-6102,1-36890,8078,6102,42.5328,-0.26696,0.0290844,12.3016,0.378905,157.337,0.179707,0.809392,5.99974,6.43032,3.74861,10.6467,11.0328,2.19906e-10,2.34943,0.309139,0.143124,0.287911,2.19906e-10,1.94608,0.296102,0.133638,0.275376,1,1
9091-3704,1-318148,9091,3704,241.945,25.5375,0.0406597,12.2889,0.540506,87.447,0.135468,0.924551,5.18361,2.10069,1.68845,9.99305,10.1763,2.40626e-10,2.57079,0.111899,-0.0557057,0.156009,2.40626e-10,2.12943,0.0996466,-0.064552,0.142714,1,1
11744-6101,1-459622,11744,6101,121.819,14.9509,0.0294784,12.2721,0.927054,214.529,0.121727,0.992698,6,5.69071,3.3608,10.9323,11.2547,5.28035e-10,5.6414,0.287021,0.108612,0.226368,5.28035e-10,4.67287,0.280347,0.104042,0.220492,1,1
8979-3701,1-248410,8979,3701,241.209,42.0358,0.0250348,12.2599,0.461959,71.5002,0.19939,0.612715,2.87787,2.46092,1.24089,9.58065,9.86767,1.72367e-10,1.84153,0.192828,0.0314615,0.256203,1.72367e-10,1.52537,0.17754,0.0200878,0.239165,1,1
7961-6103,1-595166,7961,6103,260.66,30.87,0.0449879,12.2515,0.776597,341.334,0.37544,0.748317,4.1436,6.01832,5.32473,11.2611,11.858,4.48511e-10,4.79178,0.55572,0.379117,0.439587,4.48511e-10,3.96912,0.548085,0.373841,0.43359,1,1
8933-6104,1-456947,8933,6104,195.289,28.0331,0.0234291,12.2512,0.634976,154.874,0.117381,0.919323,6,2.30091,1.0879,9.73908,10.4819,3.22982e-10,3.45066,0.687518,0.515228,0.667218,3.22982e-10,2.85825,0.677634,0.508252,0.657722,1,1
8711-3702,1-378910,8711,3702,117.338,52.3511,0.0662235,12.207,0.579252,318.525,0.4429,0.646122,2.45511,5.40059,6.85955,11.3701,11.9079,3.47356e-10,3.71107,0.485996,0.312669,0.380384,3.47356e-10,3.07395,0.476647,0.306104,0.372831,0,1
8255-3704,1-277289,8255,3704,165.275,45.2933,0.0372192,12.1738,0.413279,81.067,0.573819,0.68055,1.35681,2.61139,1.92923,9.85427,10.1684,1.33898e-10,1.43054,0.199016,0.0429536,0.247357,1.33898e-10,1.18494,0.181246,0.0293968,0.228153,0,1
8255-6101,1-256446,8255,6101,166.51,43.1735,0.0584258,12.1654,0.504886,186.174,0.158733,0.839025,5.56306,3.20764,3.62754,10.8204,11.1648,3.5031e-10,3.74263,0.29294,0.119495,0.250875,3.5031e-10,3.10009,0.283651,0.112976,0.242337,1,1
12488-1901,1-386394,12488,1901,135.694,29.2882,0.0415469,12.1277,0.507337,78.3286,0.574121,0.635695,3.31207,2.24821,1.84451,9.92881,10.119,1.73909e-10,1.858,0.09672,-0.064825,0.1506,1.73909e-10,1.53902,0.081517,-0.0761259,0.133921,0,1
10510-3703,1-241570,10510,3703,179.944,56.1998,0.0643386,12.0827,0.680159,221.285,0.418471,0.931596,5.07477,2.51351,3.10853,10.8792,11.2478,5.46153e-10,5.83497,0.334275,0.15552,0.26971,5.46153e-10,4.83321,0.327788,0.151085,0.264047,0,1
10519-3702,1-182806,10519,3702,154.004,6.14239,0.0697723,12.0826,0.74108,159.784,0.560854,0.835513,6,2.66697,3.55418,10.9484,11.0231,4.90012e-10,5.23517,0.0367535,-0.140855,0.0119764,4.90012e-10,4.33639,0.0296527,-0.145738,0.00523121,0,1
8092-1902,1-40883,8092,1902,18.9449,15.0659,0.0377563,12.0761,0.324034,129.26,0.219559,0.842735,6,1.96579,1.47229,9.94205,10.4562,2.81406e-10,3.00647,0.451839,0.281645,0.45249,2.81406e-10,2.49032,0.440886,0.273835,0.441523,1,1
8326-3703,1-320655,8326,3703,215.275,48.3082,0.0719628,12.0494,0.563608,237.751,0.295748,0.810924,6,3.03766,4.1646,11.0307,11.4371,4.31379e-10,4.60875,0.36376,0.18762,0.291617,4.31379e-10,3.81751,0.35588,0.182163,0.284825,1,1
8314-9102,1-200281,8314,9102,241.924,38.9307,0.0384352,12.0287,0.727068,249.671,0.166749,0.826454,6,6.95536,5.29864,11.1584,11.5842,3.57538e-10,3.81985,0.375344,0.201618,0.298479,3.57538e-10,3.16405,0.366202,0.19521,0.290651,1,1
8593-6103,1-631803,8593,6103,226.166,53.8231,0.0379096,12.0024,0.900199,311.349,0.232742,0.769811,6,5.84425,4.39406,11.1245,11.6947,4.80939e-10,5.13824,0.531514,0.354113,0.426034,4.80939e-10,4.2561,0.524303,0.349149,0.420249,1,1
8443-6101,1-592128,8443,6101,207.629,24.9766,0.0296739,11.9826,0.787108,204.285,0.291723,0.914444,6,5.44119,3.23399,10.8212,11.1955,4.41615e-10,4.71811,0.332538,0.156118,0.27852,4.41615e-10,3.9081,0.324807,0.15077,0.271603,1,1
8144-3702,1-121075,8144,3702,114.695,29.8913,0.0978535,11.982,0.56183,153.801,0.251858,0.96763,6,2.65939,4.81126,11.1132,11.1215,3.90804e-10,4.17526,-0.0383363,-0.213244,-0.0581671,3.90804e-10,3.45844,-0.0468632,-0.219186,-0.0663588,1,1
9045-9102,1-314676,9045,9102,227.537,31.8878,0.0304903,11.9739,0.731469,169.791,0.173152,0.763551,4.65335,7.02161,4.28393,10.9468,11.157,3.36031e-10,3.59008,0.15684,-0.0160207,0.125721,3.36031e-10,2.97373,0.14725,-0.0227707,0.116706,1,1
9001-6104,1-149323,9001,6104,167.945,52.1174,0.0262639,11.9623,0.521492,81.164,0.544735,0.635879,5.28276,6.29069,3.32282,10.3433,10.4056,1.3918e-10,1.48697,-0.0494533,-0.206357,-0.000944165,1.3918e-10,1.23168,-0.0668358,-0.219565,-0.0197508,0,1
9026-9101,1-94784,9026,9101,249.318,44.4182,0.0314197,11.9476,0.690364,112.17,0.592454,0.767518,3.99807,7.48254,4.69906,10.9373,10.8371,2.73243e-10,2.91927,-0.164183,-0.333907,-0.147456,2.73243e-10,2.41808,-0.175373,-0.341904,-0.159009,0,1
8937-3704,1-201334,8937,3704,117.256,28.9594,0.0275678,11.9324,0.540011,125.946,0.315722,0.810609,6,3.87275,2.14383,10.2851,10.5969,2.9241e-10,3.12404,0.251473,0.0806785,0.255099,2.9241e-10,2.5877,0.240826,0.0731083,0.244376,1,1
10494-1901,1-379920,10494,1901,123.715,55.0938,0.0326377,11.9265,0.34289,73.4368,0.54923,0.785188,2.11753,1.71595,1.11776,9.56393,9.84549,2.04411e-10,2.18388,0.199697,0.0350244,0.26172,2.04411e-10,1.80895,0.186003,0.0249958,0.246424,0,1
11744-3701,1-556947,11744,3701,121.129,15.4838,0.0448161,11.9258,0.650455,219.981,0.274535,0.914434,3.54356,5.20208,4.58592,11.1004,11.4115,4.17637e-10,4.46194,0.267222,0.091477,0.204573,4.17637e-10,3.69591,0.259135,0.0858646,0.19746,1,1
9502-3702,1-385131,9502,3702,129.174,25.582,0.0854536,11.9235,0.525117,174.029,0.580741,0.945799,2.61791,2.53625,4.06476,11.0968,11.1556,5.27186e-10,5.63233,0.0233449,-0.155047,-0.0118978,5.27186e-10,4.66536,0.0166628,-0.159624,-0.0181052,0,1
9866-3704,1-272265,9866,3704,243.73,31.8163,0.0590298,11.92,0.548142,161.589,0.529582,0.866953,6,2.80129,3.19847,10.7833,10.9871,4.1374e-10,4.4203,0.159456,-0.0161735,0.133661,4.1374e-10,3.66142,0.151307,-0.0218315,0.12593,0,1
11749-1902,1-300607,11749,1902,139.735,32.513,0.026679,11.8881,0.463713,102.598,0.154187,0.869936,4.45062,2.23966,1.20111,9.6762,10.1672,2.29249e-10,2.44924,0.416634,0.249875,0.44289,2.29249e-10,2.02875,0.403962,0.240689,0.42959,1,1
9499-6103,1-218047,9499,6103,120.743,25.5245,0.0732575,11.8702,0.459152,217.73,0.469922,0.672955,2.8381,3.2812,4.57251,10.9881,11.4013,3.24413e-10,3.46595,0.35813,0.185775,0.298021,3.24413e-10,2.87091,0.348279,0.178825,0.28928,0,1
8465-1901,1-234115,8465,1901,197.446,48.8996,0.0288883,11.8657,0.783011,185.623,0.266313,0.866448,6,3.46469,2.00662,10.367,10.905,4.03031e-10,4.30589,0.492702,0.317401,0.450483,4.03031e-10,3.56665,0.484381,0.311614,0.442848,1,1
8724-12703,1-48053,8724,12703,132.595,55.3787,0.0307551,11.8564,0.703441,269.401,0.139839,0.670552,5.3363,8.26709,5.086,11.1055,11.6325,3.43582e-10,3.67075,0.474665,0.30149,0.389054,3.43582e-10,3.04055,0.465236,0.294864,0.381117,1,1
8138-3703,1-339132,8138,3703,117.95,46.052,0.0536385,11.8327,0.483858,227.462,0.165189,0.842586,6,4.49287,4.6911,11.0886,11.4504,3.88445e-10,4.15005,0.314922,0.140093,0.248647,3.88445e-10,3.43756,0.306355,0.13412,0.24116,1,1
9092-3703,1-317471,9092,3703,239.965,25.9407,0.0446581,11.8254,0.547931,227.21,0.274738,0.87811,6,4.92037,4.32309,11.0392,11.414,4.08242e-10,4.36156,0.329906,0.154443,0.263499,4.08242e-10,3.61276,0.32167,0.14872,0.256309,1,1
9488-3704,1-412880,9488,3704,126.843,20.3115,0.10834,11.7799,0.507319,282.755,0.14828,0.831315,5.84639,2.49794,4.94373,11.2696,11.6622,5.30632e-10,5.66915,0.357286,0.178827,0.262924,5.30632e-10,4.69586,0.350641,0.174276,0.257476,1,1
8546-3703,1-92007,8546,3703,239.032,51.2529,0.0707039,11.7778,0.530949,177.727,0.0813093,0.897308,5.93262,2.93054,3.95326,10.9472,11.1618,3.94979e-10,4.21986,0.168389,-0.00665593,0.131403,3.94979e-10,3.49539,0.159933,-0.0125439,0.123559,1,1
8948-1902,1-173903,8948,1902,166.312,49.6589,0.116572,11.7666,0.494851,248.147,0.190553,0.965509,6,2.12159,4.47577,11.2877,11.5056,6.74833e-10,7.20975,0.189739,0.00900129,0.110223,6.74833e-10,5.97197,0.184325,0.00533576,0.105656,1,1
8313-3702,1-248328,8313,3702,239.857,42.2635,0.0605869,11.7609,0.677601,227.952,0.264773,0.919873,6,4.1604,4.86665,11.2084,11.4682,4.75524e-10,5.08038,0.220857,0.0435824,0.153296,4.75524e-10,4.20818,0.213578,0.0385693,0.146971,1,1
7975-3703,1-114532,7975,3703,325.161,11.7227,0.0902261,11.7392,0.371889,185.98,0.32339,0.920698,4.71661,2.77167,4.66433,11.1514,11.273,4.54058e-10,4.85105,0.0809195,-0.095827,0.0380766,4.54058e-10,4.01822,0.0733605,-0.101047,0.031157,1,1
8951-3701,1-456539,8951,3701,194.142,27.539,0.0236565,11.7303,0.915393,153.24,0.52842,0.884009,6,3.87312,1.84852,10.3763,10.7029,4.85245e-10,5.18424,0.288247,0.110747,0.268515,4.85245e-10,4.2942,0.281089,0.105822,0.261644,0,1
11867-6101,1-53885,11867,6101,138.018,0.421798,0.0546546,11.7278,0.498367,191.614,0.577531,0.711809,6,3.01166,3.20026,10.6276,11.1354,2.88717e-10,3.08459,0.446807,0.27621,0.402183,2.88717e-10,2.55502,0.436059,0.268561,0.392331,0,1
8548-6101,1-93233,8548,6101,245.309,46.2859,0.0579378,11.7277,0.504355,163.816,0.318069,0.719741,4.13525,3.48033,3.90529,10.7768,11.0857,2.73406e-10,2.92101,0.244906,0.0751726,0.218526,2.73406e-10,2.41953,0.233721,0.0671793,0.207895,1,1
11872-1901,1-150472,11872,1901,179.19,52.5071,0.0522782,11.7219,0.780551,203.546,0.0945806,0.923504,6,4.53095,4.61831,11.1425,11.3471,4.53691e-10,4.84713,0.16394,-0.0127967,0.11025,4.53691e-10,4.01497,0.156376,-0.0180202,0.10348,1,1
11980-6101,1-273282,11980,6101,253.651,24.0636,0.0354166,11.6985,0.703934,206.368,0.490347,0.857923,4.20694,5.31381,3.74364,10.9407,11.2679,4.33907e-10,4.63575,0.284767,0.108557,0.229604,4.33907e-10,3.83988,0.276925,0.103127,0.222602,0,1
7958-6102,1-547018,7958,6102,257.574,34.2408,0.0849445,11.6938,0.601877,209.693,0.370344,0.592286,6,3.50702,5.59039,11.1443,11.4559,3.10934e-10,3.32194,0.254506,0.0827773,0.199033,3.10934e-10,2.75162,0.244335,0.0755785,0.189917,1,1
10221-3703,1-229966,10221,3703,122.589,25.1223,0.0276947,11.6775,0.563794,142.877,0.214744,0.980724,4.08179,4.72783,2.62882,10.563,10.795,3.68761e-10,3.93975,0.182892,0.00874765,0.171818,3.68761e-10,3.26337,0.173967,0.00250512,0.163089,1,1
8312-3701,1-211006,8312,3701,246.994,39.604,0.0261375,11.6684,0.706701,169.812,0.492318,0.906749,5.04819,4.46942,2.3498,10.5096,10.8963,4.08108e-10,4.36013,0.341883,0.166424,0.310218,4.08108e-10,3.61157,0.333645,0.160699,0.302494,0,1
10503-6101,1-80403,10503,6101,160.448,4.98838,0.0268709,11.6397,0.735568,177.998,0.0968376,0.623522,6,6.08023,3.28348,10.6174,11.0825,2.67917e-10,2.86237,0.400022,0.230616,0.364198,2.67917e-10,2.37095,0.388671,0.222492,0.353603,1,1
11944-3704,1-200363,11944,3704,243.681,36.5337,0.0328805,11.628,0.618567,192.411,0.594364,0.70679,2.98821,5.58732,3.66557,10.7699,11.1979,3.05385e-10,3.26266,0.370005,0.198546,0.324647,3.05385e-10,2.70252,0.359695,0.19124,0.315217,0,1
10214-3704,1-136508,10214,3704,123.658,34.4998,0.0626168,11.6196,0.491165,167.28,0.123513,0.955523,4.5714,2.65785,3.20554,10.88,11.0181,5.14634e-10,5.49823,0.101792,-0.0763458,0.0713902,5.14634e-10,4.55428,0.0949746,-0.0810216,0.0649912,1,1
8154-6103,1-37155,8154,6103,44.3495,-0.309409,0.0290858,11.615,0.580666,166.107,0.250367,0.801325,4.14542,7.19932,4.1971,10.9232,11.129,3.31584e-10,3.54257,0.15183,-0.0208406,0.123312,3.31584e-10,2.93437,0.142141,-0.0276659,0.114156,1,1
8598-3704,1-247258,8598,3704,230.508,48.0237,0.0723045,11.6014,0.554681,202.282,0.470719,0.842075,6,2.93851,4.04618,10.9929,11.2843,4.18844e-10,4.47483,0.247608,0.0718271,0.194988,4.18844e-10,3.70658,0.239539,0.0662286,0.187743,0,1
9514-9102,1-42227,9514,9102,33.2955,14.018,0.0260585,11.5953,0.438958,152.422,0.263927,0.741157,6,6.83709,3.58408,10.7671,10.9858,3.17387e-10,3.39089,0.162599,-0.00943434,0.144186,3.17387e-10,2.80874,0.152584,-0.0165121,0.134526,1,1
11953-1902,1-283550,11953,1902,191.196,42.1026,0.0726899,11.5815,0.5408,273.743,0.180983,0.865873,6,3.65113,5.05195,11.1902,11.6435,4.23255e-10,4.52195,0.409831,0.233921,0.32083,4.23255e-10,3.74562,0.40183,0.228373,0.314169,1,1
11830-9101,1-233722,11830,9101,196.423,49.4216,0.034177,11.5652,0.692374,248.901,0.1696,0.581725,4.69662,8.28462,5.6407,11.0455,11.6087,2.4328e-10,2.59915,0.492518,0.324725,0.418846,2.4328e-10,2.15292,0.48036,0.315954,0.408284,1,1
11953-6103,1-258856,11953,6103,190.914,44.1013,0.0405347,11.5647,0.611148,220.874,0.0984688,0.731983,6,5.38271,4.31376,10.9049,11.3885,3.00961e-10,3.2154,0.42471,0.253473,0.363358,3.00961e-10,2.66337,0.414287,0.246079,0.354121,1,1
8258-6104,1-256283,8258,6104,167.899,43.5913,0.061473,11.5594,0.508193,253.073,0.543287,0.580616,6,3.95189,4.68547,10.8622,11.5426,2.31164e-10,2.4697,0.606585,0.43968,0.531437,2.31164e-10,2.0457,0.593987,0.430553,0.52051,0,1
8983-3701,1-626822,8983,3701,204.636,26.1347,0.0639157,11.5394,0.575732,232.346,0.22557,0.876463,6,3.0121,3.7025,10.8966,11.3661,4.00745e-10,4.28146,0.423917,0.248687,0.354934,4.00745e-10,3.54641,0.415558,0.242872,0.347674,1,1
10224-3702,1-35926,10224,3702,34.9214,-0.255641,0.0257528,11.536,1.56169,106.17,0.532446,0.68192,6,5.23961,2.71544,10.4758,10.5512,2.82757e-10,3.02091,0.0132485,-0.157022,0.0362743,2.82757e-10,2.50228,0.0023342,-0.164801,0.0248674,0,1
11974-3701,1-337227,11974,3701,239.477,9.40992,0.0427768,11.5355,0.774031,171.918,0.23932,0.978335,5.15518,4.57598,3.85977,11.0726,11.1225,5.53035e-10,5.9085,0.0159625,-0.162919,-0.0179078,5.53035e-10,4.89412,0.00954362,-0.167305,-0.0238861,1,1
9507-1901,1-299094,9507,1901,129.464,26.5989,0.0878269,11.4952,0.679267,237.035,0.380231,0.768641,6,3.61855,5.94404,11.3817,11.589,4.7509e-10,5.07575,0.168306,-0.00895819,0.0960204,4.7509e-10,4.20434,0.161022,-0.0139753,0.089753,1,1
7978-3701,1-115388,7978,3701,333.622,13.4909,0.0741286,11.4799,0.461486,195.221,0.463529,0.828358,4.93789,2.89904,4.08383,10.9997,11.2574,4.17656e-10,4.46214,0.213847,0.0381007,0.165486,4.17656e-10,3.69607,0.205759,0.0324885,0.15816,0,1
9512-3703,1-53968,9512,3703,140.293,1.47274,0.0163325,11.4784,0.705703,91.1336,0.372319,0.823527,6,4.03517,1.34144,9.96296,10.1122,3.55704e-10,3.80025,0.0985609,-0.0750948,0.139812,3.55704e-10,3.14782,0.0893817,-0.0815304,0.129853,1,1
8949-1901,1-623581,8949,1901,194.858,28.187,0.0257644,11.4713,0.406992,81.3939,0.201114,0.904222,5.82211,2.237,1.15984,9.61952,9.9509,2.15772e-10,2.30526,0.253138,0.0874672,0.304455,2.15772e-10,1.90949,0.239931,0.0778421,0.289963,1,1
11758-12705,1-591782,11758,12705,201.726,52.7535,0.0297606,11.4631,0.714998,260.784,0.343938,0.816708,6,9.00118,5.36496,11.1733,11.6274,3.60958e-10,3.85639,0.404063,0.230207,0.321957,3.60958e-10,3.19432,0.394988,0.22385,0.31427,1,1
11969-1901,1-333771,11969,1901,226.405,8.63504,0.0461245,11.4428,0.473143,118.455,0.187891,0.938496,4.42024,2.20748,1.99972,10.2823,10.5134,3.33902e-10,3.56733,0.177446,0.00467605,0.188222,3.33902e-10,2.95489,0.167809,-0.00210983,0.178378,1,1
11863-3702,1-195176,11863,3702,192.977,54.9611,0.083295,11.4317,0.547444,240.953,0.383081,0.792238,6,2.84255,4.45171,11.0566,11.4777,4.00691e-10,4.28089,0.37553,0.200302,0.302196,4.00691e-10,3.54594,0.36717,0.194486,0.295,1,1
8248-1902,1-481671,8248,1902,138.326,16.1955,0.0915489,11.4175,0.56706,202.216,0.41805,0.900712,6,3.22274,5.49454,11.3976,11.4169,5.76788e-10,6.16227,-0.0133824,-0.19268,-0.0671475,5.76788e-10,5.10432,-0.0195771,-0.196904,-0.0726774,0,1
10508-3703,1-151120,10508,3703,183.204,52.9033,0.0320959,11.4057,0.611704,223.741,0.142649,0.766734,6,7.43794,4.76772,11.0119,11.4431,3.15205e-10,3.36758,0.374716,0.202784,0.31158,3.15205e-10,2.78943,0.364648,0.195666,0.302696,1,1
8596-3704,1-247300,8596,3704,230.996,48.7929,0.0737797,11.3771,0.573602,201.212,0.455457,0.849512,6,4.04065,5.66752,11.1712,11.426,3.21859e-10,3.43867,0.199408,0.0271686,0.148588,3.21859e-10,2.84831,0.189498,0.0201724,0.139628,0,1
8551-3703,1-247628,8551,3703,235.019,46.1059,0.0365581,11.3747,0.778071,200.736,0.246945,0.726581,6,4.71366,3.42319,10.7849,11.205,3.62471e-10,3.87256,0.370257,0.196344,0.319168,3.62471e-10,3.20771,0.361211,0.19001,0.311006,1,1
11944-1901,1-200530,11944,1901,242.694,37.1198,0.070779,11.361,0.554563,200.436,0.169352,0.73348,3.98407,3.20271,4.32463,10.9691,11.3052,3.47113e-10,3.70847,0.284281,0.110964,0.233563,3.47113e-10,3.07179,0.274927,0.104394,0.225112,1,1
8716-3703,1-548341,8716,3703,123.506,52.7525,0.070729,11.3569,0.549845,175.286,0.303685,0.937247,5.73637,2.97152,4.00985,10.988,11.1559,4.21732e-10,4.50568,0.124392,-0.0514731,0.0888605,4.21732e-10,3.73214,0.116368,-0.0570384,0.0813984,1,1
8314-3704,1-248618,8314,3704,243.155,39.419,0.0321959,11.3505,0.621176,94.8663,0.421869,0.896224,6,4.658,2.99472,10.6057,10.4959,3.1348e-10,3.34915,-0.166488,-0.338338,-0.130332,3.1348e-10,2.77416,-0.176597,-0.345488,-0.141178,0,1
7980-6104,1-115417,7980,6104,333.876,13.6732,0.0250492,11.3415,0.691447,118.71,0.50244,0.928166,5.56779,2.57389,1.29858,10.0843,10.3278,5.01955e-10,5.36277,0.206299,0.028428,0.217195,5.01955e-10,4.44208,0.199338,0.0236479,0.210076,0,1
8727-3703,1-583556,8727,3703,54.7586,-6.81106,0.0231694,11.3317,0.5814,95.8874,0.320105,0.628387,6,4.73917,2.21659,9.73927,10.3745,7.78341e-11,0.831561,0.463794,0.320223,0.492399,7.78341e-11,0.688797,0.440514,0.3014,0.468211,1,1
8604-6102,1-210863,8604,6102,246.073,39.211,0.0300181,11.3175,0.705941,207.368,0.108544,0.896473,5.16163,5.53132,3.32432,10.8309,11.2205,4.27285e-10,4.56501,0.346642,0.170617,0.290963,4.27285e-10,3.78128,0.338701,0.165114,0.283881,1,1
10493-1901,1-352045,10493,1901,123.971,51.7626,0.0315512,11.3103,0.709594,165.772,0.274856,0.93221,6,3.14592,1.98361,10.4553,10.8018,5.05397e-10,5.39954,0.309629,0.131684,0.280358,5.05397e-10,4.47254,0.302707,0.126933,0.273846,1,1
8609-3703,1-446684,8609,3703,245.996,14.6217,0.0513269,11.2901,0.464145,194.407,0.563621,0.720379,6,3.04955,3.05522,10.6219,11.1278,3.12678e-10,3.34057,0.449013,0.277201,0.402347,3.12678e-10,2.76706,0.438884,0.270035,0.39311,0,1
12080-1901,1-35826,12080,1901,31.0333,0.285746,0.0408424,11.2866,0.401618,93.6671,0.306654,0.7235,6,2.18934,1.76723,9.96359,10.2558,2.05248e-10,2.19282,0.210606,0.0458565,0.246396,2.05248e-10,1.81635,0.196948,0.0358587,0.23183,1,1
12491-1902,1-4106,12491,1902,166.4,0.877853,0.0706052,11.2845,0.710771,240.81,0.381841,0.82447,6,3.55252,4.78617,11.2799,11.5087,5.79702e-10,6.19339,0.196244,0.0168966,0.121082,5.79702e-10,5.1301,0.190075,0.0126916,0.115821,1,1
12514-3703,1-66619,12514,3703,199.474,2.21807,0.0787042,11.2761,0.515008,217.053,0.190357,0.909283,4.48701,2.80967,4.17992,11.0589,11.3596,4.56954e-10,4.88199,0.260217,0.0833963,0.198757,4.56954e-10,4.04384,0.252697,0.0782054,0.192135,1,1
8243-3701,1-46757,8243,3701,128.164,53.2332,0.0430794,11.2679,0.41501,141.314,0.347035,0.80451,4.77435,2.72722,2.3158,10.299,10.7304,2.58746e-10,2.76438,0.364336,0.195503,0.354894,2.58746e-10,2.28979,0.352697,0.187149,0.343463,1,1
8260-3701,1-281900,8260,3701,181.962,42.5719,0.0453893,11.2604,0.615166,172.283,0.216014,0.962216,4.44403,4.77395,4.25942,11.0149,11.1672,3.97668e-10,4.24859,0.106302,-0.0688288,0.0729907,3.97668e-10,3.51919,0.0978924,-0.0746827,0.0651308,1,1
12622-3702,1-591689,12622,3702,200.383,32.9197,0.0382532,11.2454,0.65419,202.948,0.0948091,0.916323,4.0963,4.4397,3.36691,10.8197,11.2073,4.05989e-10,4.33749,0.342564,0.167171,0.289681,4.05989e-10,3.59282,0.334292,0.16142,0.282255,1,1
8466-3701,1-575898,8466,3701,168.377,44.6659,0.0681317,11.2433,0.556629,239.964,0.334682,0.863163,5.99578,2.8206,3.67758,10.9115,11.3912,4.20408e-10,4.49154,0.435998,0.260171,0.362883,4.20408e-10,3.72043,0.427953,0.25459,0.35596,1,1
8550-6101,1-594483,8550,6101,247.083,38.8114,0.0309815,11.2356,0.835439,195.692,0.132864,0.948342,6,5.46481,3.38584,10.9007,11.1781,4.83747e-10,5.16824,0.239041,0.0615747,0.189856,4.83747e-10,4.28095,0.231864,0.0566365,0.183376,1,1
8088-1902,1-120793,8088,1902,4.70333,14.7831,0.0410546,11.2147,0.544587,81.3121,0.496085,0.891339,6,2.19072,1.77708,10.0149,10.1353,2.28436e-10,2.44055,0.0458578,-0.120838,0.0976575,2.28436e-10,2.02155,0.0331554,-0.130049,0.0836914,0,1
8952-3704,1-458209,8952,3704,206.086,26.0842,0.0282688,11.2145,0.657221,127.861,0.485619,0.825631,5.78567,3.8555,2.18671,10.3756,10.6186,3.46189e-10,3.6986,0.190996,0.0177154,0.192927,3.46189e-10,3.06362,0.181622,0.0111315,0.183517,0,1
8589-6102,1-593604,8589,6102,226.166,54.714,0.0295738,11.1857,0.736719,179.653,0.581151,0.928503,6,5.65822,3.35204,10.8351,11.0995,4.24385e-10,4.53402,0.221113,0.0451707,0.182625,4.24385e-10,3.75562,0.213128,0.0396354,0.175246,0,1
8330-3701,1-402454,8330,3701,203.414,38.0284,0.064668,11.1796,0.538404,206.638,0.317604,0.867101,5.29168,3.02284,3.75612,10.8544,11.2705,3.53326e-10,3.77486,0.365066,0.191503,0.310671,3.53326e-10,3.12678,0.355839,0.185031,0.302399,1,1
8330-3703,1-402609,8330,3703,204.178,39.2051,0.061366,11.1687,0.543642,133.302,0.378096,0.986908,6,2.90889,3.44329,10.8326,10.852,3.99913e-10,4.27257,-0.0263402,-0.201543,-0.0292996,3.99913e-10,3.53905,-0.0347128,-0.207369,-0.0376222,1,1
12667-3702,1-211292,12667,3702,248.036,37.9811,0.0981897,11.1642,0.557514,222.173,0.419559,0.883516,6,2.41357,4.37984,11.2089,11.4002,5.87872e-10,6.28068,0.159147,-0.0203355,0.0937978,5.87872e-10,5.2024,0.153051,-0.024488,0.0884899,0,1
8482-1901,1-594386,8482,1901,244.348,50.6359,0.0415421,11.1471,0.535687,245.655,0.122829,0.954827,6,6.6298,5.43871,11.1517,11.5815,3.34188e-10,3.57039,0.376136,0.203354,0.30164,3.34188e-10,2.95742,0.366505,0.196573,0.293343,1,1
10519-6103,1-182803,10519,6103,154.001,6.25144,0.0458332,11.1351,0.848018,206.776,0.302045,0.980719,5.95346,5.47865,4.93337,11.2679,11.3895,5.3078e-10,5.67072,0.0862653,-0.092197,0.0300708,5.3078e-10,4.69717,0.079621,-0.0967465,0.0241651,1,1
8441-6102,1-252443,8441,6102,223.634,37.0756,0.031385,11.0937,0.750164,185.224,0.44054,0.925636,6,4.83275,3.03176,10.7977,11.0824,4.76023e-10,5.08571,0.245681,0.0683943,0.20318,4.76023e-10,4.21259,0.238408,0.0633857,0.196521,0,1
8546-3702,1-91171,8546,3702,237.184,52.3429,0.0346854,11.0823,0.697274,206.419,0.0934913,0.843924,5.22668,5.10784,3.52733,10.8266,11.2423,3.75787e-10,4.01481,0.367406,0.19301,0.312846,3.75787e-10,3.32555,0.358611,0.186866,0.304971,1,1
9509-6102,1-298626,9509,6102,123.769,25.6087,0.0207932,11.0796,0.637066,133.322,0.243695,0.957692,4.32878,5.35334,2.25351,10.4275,10.668,3.67287e-10,3.92401,0.191232,0.0171415,0.188278,3.67287e-10,3.25033,0.182279,0.0108778,0.179377,1,1
8315-3703,1-560826,8315,3703,236.166,38.4254,0.0759358,11.0619,0.609352,193.188,0.377058,0.834804,5.53918,4.96607,7.1511,11.3348,11.4917,2.94691e-10,3.1484,0.0969156,-0.0739993,0.0512504,2.94691e-10,2.60788,0.0863287,-0.0815217,0.0415685,1,1
11865-3704,1-2653,11865,3704,158.057,0.709317,0.0994704,11.0495,0.427802,212.784,0.418273,0.797481,6,2.75967,5.06576,11.1916,11.4258,4.22254e-10,4.51126,0.190772,0.0148919,0.132057,4.22254e-10,3.73676,0.182756,0.00933245,0.12495,0,1
9047-1901,1-295721,9047,1901,245.807,26.4793,0.0644593,11.0437,0.58478,185.087,0.369833,0.927005,4.00294,3.78684,4.69141,11.1199,11.2714,4.17377e-10,4.45915,0.107572,-0.068166,0.0655796,4.17377e-10,3.6936,0.0994801,-0.0737814,0.0581537,1,1
8623-3701,1-178782,8623,3701,310.45,-0.468316,0.0269389,11.0398,0.359853,82.7444,0.506353,0.828019,2.68437,4.77327,2.584,10.3082,10.3131,2.12287e-10,2.26802,-0.0744677,-0.239841,-0.0250428,2.12287e-10,1.87864,-0.0878206,-0.249586,-0.0396411,0,1
12673-6104,1-135092,12673,6104,247.289,40.9876,0.0343526,11.0327,0.896969,159.71,0.496449,0.884742,5.44311,4.24515,2.9046,10.8105,10.9351,5.34106e-10,5.70626,0.0894754,-0.0890516,0.0646064,5.34106e-10,4.7266,0.0828658,-0.0935758,0.0583318,0,1
10507-3703,1-280716,10507,3703,177.397,47.8312,0.0249741,11.0147,0.632146,143.634,0.160603,0.884173,6,4.62139,2.32481,10.379,10.7462,3.08693e-10,3.29801,0.309684,0.138063,0.298184,3.08693e-10,2.7318,0.299457,0.130821,0.288184,1,1
7957-6101,1-561020,7957,6101,256.792,34.2698,0.0311029,11.011,0.601874,176.877,0.149905,0.900378,4.43367,6.24849,3.88599,10.8978,11.1502,3.64803e-10,3.89747,0.202779,0.0287796,0.166609,3.64803e-10,3.22835,0.193778,0.0224798,0.158239,1,1
11757-1901,1-270185,11757,1901,248.71,26.3063,0.041904,11.0017,0.414848,79.0357,0.595758,0.81877,5.99694,2.14432,1.77364,10.0743,10.1098,2.62915e-10,2.80892,-0.0305753,-0.199672,0.0252702,2.62915e-10,2.32668,-0.0420812,-0.20792,0.0124913,0,1
8998-6101,1-173583,8998,6101,162.386,47.9332,0.0280561,10.9991,0.7515,204.176,0.468751,0.822818,6,5.42368,3.05376,10.6675,11.1702,3.47646e-10,3.71416,0.450857,0.277518,0.397952,3.47646e-10,3.07651,0.441513,0.270957,0.389549,0,1
8999-3703,1-148621,8999,3703,164.663,50.1903,0.0254048,10.9921,0.60906,119.834,0.210334,0.940061,6,3.88744,1.98828,10.2496,10.521,3.1325e-10,3.34669,0.214609,0.0427696,0.223986,3.1325e-10,2.77212,0.204494,0.0356148,0.213684,1,1
10495-6104,1-45698,10495,6104,125.092,47.2276,0.0563281,10.9815,0.481529,199.856,0.119641,0.902899,6,3.18605,3.48236,10.7983,11.2086,3.61253e-10,3.85954,0.360311,0.186444,0.309756,3.61253e-10,3.19693,0.351241,0.180092,0.301564,1,1
10498-3703,1-299571,10498,3703,130.308,27.9078,0.0580602,10.9771,0.526665,159.326,0.160299,0.912757,5.56502,2.99039,3.36213,10.7888,10.9965,3.79184e-10,4.05111,0.159791,-0.0147239,0.135848,3.79184e-10,3.35561,0.151059,-0.0208205,0.127527,1,1
9486-6101,1-72210,9486,6101,121.076,40.1957,0.0408501,10.9638,0.760353,187.309,0.292407,0.787753,6,5.36116,4.32829,11.0298,11.2468,3.98533e-10,4.25783,0.171119,-0.00403984,0.127863,3.98533e-10,3.52684,0.162724,-0.00988278,0.120175,1,1
8259-3702,1-257813,8259,3702,177.794,45.2228,0.0358399,10.9607,0.493316,93.4646,0.512607,0.945087,3.54576,4.77849,3.40502,10.5087,10.5387,1.93973e-10,2.07236,-0.0554808,-0.219163,-0.0197242,1.93973e-10,1.71658,-0.0696569,-0.229593,-0.0348299,0,1
7443-3702,12-84670,7443,3702,230.598,43.3678,0.110451,10.9545,0.373826,211.62,0.0785409,0.950645,6,2.62501,5.2837,11.2511,11.4394,4.45148e-10,4.75585,0.146819,-0.0296954,0.0885273,4.45148e-10,3.93936,0.139137,-0.0350061,0.0817159,1,1
9866-3702,1-271959,9866,3702,242.271,32.7037,0.0970394,10.9429,0.507336,214.657,0.119761,0.956613,5.16325,2.44033,4.38231,11.1767,11.3705,5.4515e-10,5.82425,0.159454,-0.0192826,0.0986041,5.4515e-10,4.82433,0.152957,-0.0237251,0.0928875,1,1
11868-3704,1-550860,11868,3704,249.398,25.2943,0.0571807,10.9152,0.473736,183.995,0.200743,0.922015,6,2.86605,3.17682,10.753,11.0969,3.91087e-10,4.17828,0.297344,0.122426,0.256275,3.91087e-10,3.46095,0.288822,0.116488,0.248434,1,1
8713-3703,1-43856,8713,3703,118.37,39.2997,0.0426397,10.9063,0.481986,88.4791,0.182218,0.782858,6,2.46229,2.07058,10.0412,10.2751,1.78752e-10,1.90975,0.142487,-0.0196045,0.183674,1.78752e-10,1.58188,0.127546,-0.0306822,0.167622,1,1
10218-3702,1-382284,10218,3702,118.184,16.7095,0.0715511,10.866,0.596326,225.008,0.311522,0.845942,4.93755,2.76207,3.76691,10.962,11.3457,4.50105e-10,4.80881,0.342661,0.166017,0.276933,4.50105e-10,3.98323,0.335048,0.160757,0.270287,1,1
8602-1902,1-211049,8602,1902,247.304,39.6154,0.0308944,10.8605,0.338223,83.2678,0.533232,0.80785,2.70115,2.12832,1.31508,9.67554,10.0252,1.90947e-10,2.04004,0.263059,0.0996788,0.311119,1.90947e-10,1.6898,0.248737,0.0891257,0.29553,0,1
12651-3703,1-325456,12651,3703,252.194,27.0105,0.052546,10.8511,0.494367,210.315,0.252091,0.88271,6,2.51236,2.5731,10.6449,11.1215,4.6482e-10,4.96603,0.43675,0.259733,0.379019,4.6482e-10,4.11345,0.429334,0.254619,0.372439,1,1
9883-3703,1-176928,9883,3703,256.462,32.9754,0.0313922,10.8482,0.625353,151.27,0.53779,0.725799,4.25827,4.03947,2.53467,10.5005,10.8287,3.43474e-10,3.6696,0.27595,0.10278,0.258284,3.43474e-10,3.0396,0.26652,0.0961527,0.249179,0,1
9196-3701,1-24623,9196,3701,261.179,53.8551,0.0822918,10.826,0.473384,287.218,0.514996,0.631928,3.68658,4.57394,7.08518,11.4303,11.8321,3.73989e-10,3.99561,0.3533,0.178967,0.25942,3.73989e-10,3.30964,0.344472,0.172799,0.252127,0,1
8482-3701,1-92774,8482,3701,243.408,49.0694,0.0551706,10.8252,0.647692,188.762,0.365205,0.937307,6,2.48447,2.66336,10.6751,11.0426,4.65056e-10,4.96855,0.327664,0.150642,0.282958,4.65056e-10,4.11554,0.320251,0.14553,0.2762,1,1
8651-3703,1-179248,8651,3703,315.017,0.198385,0.0512748,10.8107,0.361261,176.136,0.380467,0.90019,4.83117,3.00513,3.00785,10.6079,11.0353,3.12367e-10,3.33725,0.370453,0.198655,0.335286,3.12367e-10,2.76431,0.360316,0.191484,0.325828,1,1
9883-3702,1-176882,9883,3702,255.749,33.5545,0.0849016,10.8056,0.481818,318.458,0.497409,0.844405,4.23715,2.83019,4.50943,11.1146,11.7255,4.46297e-10,4.76813,0.569604,0.393059,0.461931,4.46297e-10,3.94953,0.561939,0.387761,0.455801,0,1
9500-3703,1-386126,9500,3703,132.622,25.7419,0.146562,10.8029,0.242751,169.159,0.0832264,0.908386,6,1.2057,3.09177,10.8166,11.0121,4.7801e-10,5.10694,0.156702,-0.0206307,0.125115,4.7801e-10,4.23018,0.149455,-0.0256209,0.118326,1,1
8315-3702,1-322671,8315,3702,235.797,39.2388,0.0637475,10.8014,0.553359,163.546,0.199752,0.893481,6,2.89522,3.55016,10.824,11.0428,3.68795e-10,3.94012,0.169721,-0.00442516,0.142757,3.68795e-10,3.26367,0.160796,-0.0106672,0.134304,1,1
11014-6104,1-456912,11014,6104,194.775,27.9967,0.0255748,10.7877,0.681425,136.694,0.379262,0.772127,6,5.77031,2.97044,10.5831,10.8096,3.02535e-10,3.23221,0.167957,-0.00336013,0.162183,3.02535e-10,2.6773,0.157574,-0.0107227,0.151917,1,1
8553-6102,1-90192,8553,6102,233.713,56.4511,0.0394443,10.7803,0.726161,213.418,0.152629,0.889768,5.29204,6.20545,4.84563,11.1372,11.4091,4.07164e-10,4.35005,0.226998,0.0515686,0.168095,4.07164e-10,3.60322,0.218745,0.0458321,0.160777,1,1
8718-6101,1-44063,8718,6101,120.591,44.0301,0.0639056,10.7547,0.558217,154.095,0.254898,0.752227,6,3.846,4.72684,10.8269,11.1155,2.09402e-10,2.2372,0.20838,0.0432586,0.189588,2.09402e-10,1.85311,0.194904,0.0334113,0.176569,1,1
8249-6103,1-155456,8249,6103,136.794,46.2111,0.040334,10.7502,0.469641,182.652,0.130434,0.962315,6,6.54493,5.22045,11.0627,11.3063,2.95512e-10,3.15718,0.183805,0.0128468,0.144626,2.95512e-10,2.61515,0.173239,0.0053414,0.13484,1,1
8942-3702,1-218427,8942,3702,124.342,27.7962,0.149571,10.7437,0.252677,384.641,0.412027,0.852478,6,2.76569,7.21341,11.4185,12.0936,3.51147e-10,3.75157,0.623758,0.45028,0.495506,3.51147e-10,3.10749,0.614487,0.443775,0.488359,0,1
9878-6104,1-568594,9878,6104,202.814,25.9829,0.0658835,10.7422,0.558832,193.935,0.365307,0.800131,6,3.41487,4.31684,10.9195,11.2758,3.10738e-10,3.31985,0.299165,0.127445,0.252811,3.10738e-10,2.74989,0.288988,0.120243,0.243524,1,1
8239-3703,1-378428,8239,3703,116.523,48.848,0.0327643,10.7262,0.622276,192.834,0.146902,0.912906,4.67393,4.97016,3.24961,10.8122,11.1475,4.28387e-10,4.57678,0.292378,0.116322,0.245393,4.28387e-10,3.79103,0.284454,0.110831,0.238198,1,1
8993-3701,1-277317,8993,3701,164.405,45.6344,0.0426827,10.7087,0.645365,157.705,0.2942,0.963597,6,4.67456,3.93468,10.9615,11.0559,4.12044e-10,4.40218,0.0499759,-0.125603,0.0270807,4.12044e-10,3.64641,0.0418005,-0.131281,0.0192776,1,1
8324-1902,1-284505,8324,1902,197.845,47.1514,0.0288013,10.6917,0.557464,106.669,0.417019,0.668011,6,3.57297,2.06332,10.11,10.436,2.10949e-10,2.25373,0.246185,0.0809283,0.267914,2.10949e-10,1.86681,0.232776,0.071136,0.253964,0,1
9511-6103,1-213651,9511,6103,129.782,4.56732,0.0474272,10.6903,0.467404,82.0598,0.551094,0.644381,2.89619,7.81826,7.2712,10.8706,10.7552,9.78836e-11,1.04577,-0.261177,-0.410143,-0.216401,9.78836e-11,0.866227,-0.282132,-0.42667,-0.238761,0,1
12491-3701,1-61959,12491,3701,164.833,2.01898,0.0395774,10.6826,0.446957,84.813,0.534612,0.848936,2.91079,1.52702,1.19623,9.86153,10.0001,3.54141e-10,3.78356,0.0875991,-0.0859961,0.137125,3.54141e-10,3.13399,0.0783886,-0.0924556,0.126969,0,1
8093-3702,1-563951,8093,3702,19.3721,14.7025,0.0378424,10.6517,0.58858,134.963,0.302847,0.94411,5.88706,4.53811,3.40625,10.8236,10.858,4.00217e-10,4.27583,-0.0111911,-0.186404,-0.0156117,4.00217e-10,3.54175,-0.0195585,-0.192226,-0.0239046,1,1
7975-6101,1-114128,7975,6101,323.471,10.4397,0.077875,10.6469,0.362275,237.354,0.509936,0.864153,3.85479,3.28624,4.84206,11.0662,11.5011,3.46281e-10,3.69958,0.382971,0.209687,0.312307,3.46281e-10,3.06443,0.373599,0.203104,0.304176,0,1
7964-6101,1-179386,7964,6101,316.59,-0.771235,0.0486859,10.6427,0.32866,89.4524,0.370173,0.982276,2.17106,5.47478,5.21903,10.8558,10.6861,1.83589e-10,1.96142,-0.259129,-0.421746,-0.218956,1.83589e-10,1.62468,-0.273818,-0.43261,-0.234716,1,1
11872-1902,1-576094,11872,1902,180.228,51.9775,0.0668043,10.6395,0.534919,188.264,0.0759895,0.95145,6,3.06936,3.93006,10.9509,11.2092,4.03025e-10,4.30582,0.213043,0.0377424,0.169143,4.03025e-10,3.56659,0.204722,0.0319553,0.161534,1,1
12090-6103,1-598278,12090,6103,351.155,14.6424,0.0421825,10.6335,0.757839,207.066,0.0939402,0.978902,5.13128,3.78646,3.15168,10.9364,11.1961,6.06116e-10,6.47559,0.228525,0.0487536,0.171695,6.06116e-10,5.36385,0.222587,0.0447136,0.166431,1,1
12485-3703,1-415592,12485,3703,198.471,34.1248,0.0372803,10.6272,0.700354,173.479,0.322138,0.975399,6,4.32617,3.20109,10.8122,11.0491,4.41466e-10,4.71652,0.195134,0.0187179,0.160716,4.41466e-10,3.90678,0.1874,0.0133687,0.15351,1,1
10512-3704,1-76931,10512,3704,136.477,3.07847,0.0711953,10.623,0.594408,275.185,0.307027,0.778039,6,4.07869,5.53716,11.2607,11.6879,4.14408e-10,4.42744,0.382903,0.207253,0.293412,4.14408e-10,3.66733,0.374765,0.201603,0.286641,1,1
11019-3702,1-152034,11019,3702,194.496,52.2612,0.0451618,10.6145,0.459832,101.266,0.480776,0.930362,4.8405,2.40654,2.13699,10.2969,10.406,3.02407e-10,3.23085,0.0505631,-0.120747,0.07915,3.02407e-10,2.67617,0.0401776,-0.128112,0.0681736,0,1
8323-3702,1-402833,8323,3702,195.117,34.3797,0.0243976,10.5858,0.526089,91.945,0.512301,0.879599,2.86514,4.06427,1.99874,10.157,10.2931,2.50492e-10,2.6762,0.0671557,-0.101134,0.105907,2.50492e-10,2.21675,0.0552456,-0.109706,0.0931018,0,1
10221-3702,1-229965,10221,3702,122.525,25.2888,0.0555351,10.5621,0.444229,131.649,0.20296,0.936685,3.451,2.76817,2.98581,10.6663,10.7792,3.62638e-10,3.87434,0.0630319,-0.110887,0.0615576,3.62638e-10,3.20919,0.0539893,-0.117219,0.0525416,1,1
8547-3703,1-245869,8547,3703,217.713,53.9078,0.0433401,10.5599,0.589312,115.375,0.330662,0.972044,6,4.40229,3.75964,10.863,10.7647,3.59699e-10,3.84294,-0.148497,-0.322305,-0.134575,3.59699e-10,3.18318,-0.157597,-0.32868,-0.143931,1,1
8936-3701,1-152763,8936,3701,116.826,30.0655,0.0924503,10.5429,0.523667,211.61,0.27625,0.729888,6,3.0347,5.21946,11.196,11.434,4.01801e-10,4.29274,0.192553,0.0172907,0.134727,4.01801e-10,3.55576,0.184212,0.0114886,0.127314,1,1
9513-3702,1-42862,9513,3702,29.3041,14.7355,0.0260304,10.5404,0.628158,145.979,0.315493,0.980538,6,4.23433,2.21737,10.4917,10.7397,4.39839e-10,4.69913,0.206141,0.0297689,0.192344,4.39839e-10,3.89238,0.198384,0.0244025,0.184803,1,1
11978-3704,1-294599,11978,3704,250.377,22.2489,0.0225056,10.5246,0.519268,103.502,0.238285,0.845406,6,4.0294,1.83209,10.0932,10.3582,2.57354e-10,2.74951,0.19765,0.0289065,0.223287,2.57354e-10,2.27747,0.185966,0.020517,0.211025,1,1
8613-3704,1-176829,8613,3704,255.307,33.5132,0.0374238,10.5042,0.625289,210.409,0.149582,0.965336,6,4.46951,3.31931,10.7436,11.2325,3.50579e-10,3.7455,0.437497,0.264041,0.381005,3.50579e-10,3.10247,0.428214,0.257527,0.372717,1,1
8715-3704,1-351815,8715,3704,119.998,50.0969,0.0954101,10.5029,0.413279,278.374,0.320807,0.863913,6,2.71896,4.8097,11.1958,11.6367,4.72936e-10,5.05273,0.401713,0.2245,0.309961,4.72936e-10,4.18527,0.394402,0.219463,0.303922,1,1
8253-3704,1-274637,8253,3704,157.607,43.1798,0.0448482,10.4986,0.40808,161.811,0.271494,0.960103,6,2.83296,2.4991,10.3319,10.8811,2.39641e-10,2.56027,0.477661,0.310128,0.453053,2.39641e-10,2.12072,0.465374,0.301253,0.441323,1,1
7961-3703,1-547568,7961,3703,260.534,30.7687,0.0477166,10.4961,0.629158,216.929,0.437971,0.896968,4.66095,4.65027,4.34978,11.0893,11.3764,4.52553e-10,4.83497,0.246265,0.0695568,0.184917,4.52553e-10,4.00489,0.238685,0.0643218,0.178241,0,1
8937-9101,1-584634,8937,9101,117.222,28.9016,0.0271522,10.4883,0.637572,229.383,0.337279,0.889413,6,7.6239,4.1588,9.43352,11.4054,1.09359e-11,0.116837,1.48168,1.37437,1.44051,1.09359e-11,0.0967779,1.44472,1.33926,1.40419,1,1
8337-3704,1-261574,8337,3704,215.739,37.5274,0.0321752,10.4782,0.794697,174.287,0.282345,0.930153,5.84689,4.53988,2.91697,10.7438,11.0128,4.54144e-10,4.85197,0.228302,0.0515535,0.193252,4.54144e-10,4.01897,0.220744,0.0463346,0.186221,1,1
8943-3701,1-392636,8943,3701,157.274,35.9752,0.0877446,10.4639,0.57809,296.622,0.126876,0.940329,6,3.83396,6.29259,11.4426,11.8086,4.87796e-10,5.21149,0.327813,0.150254,0.228137,4.87796e-10,4.31677,0.320685,0.145352,0.222351,1,1
8654-3702,1-29599,8654,3702,354.922,-0.0344854,0.0233347,10.4449,0.686909,149.701,0.5692,0.805663,6,4.8499,2.28411,10.427,10.7745,3.57156e-10,3.81576,0.296925,0.123213,0.280417,3.57156e-10,3.16067,0.287775,0.1168,0.271564,0,1
8254-3702,1-276563,8254,3702,163.682,44.5273,0.0524873,10.4238,0.552835,141.46,0.380046,0.842997,6,2.76028,2.82405,10.5932,10.8175,3.42574e-10,3.65998,0.171776,-0.00135762,0.161938,3.42574e-10,3.03163,0.162326,-0.00799968,0.152671,1,1
8456-3702,1-545611,8456,3702,149.025,46.1525,0.0675903,10.4162,0.512124,234.951,0.13408,0.947162,6,2.97555,3.85122,10.9539,11.3929,4.22632e-10,4.5153,0.395542,0.21965,0.324933,4.22632e-10,3.74011,0.387531,0.214095,0.318004,1,1
8131-6102,1-338060,8131,6102,112.071,40.0841,0.0495282,10.3977,0.48114,268.794,0.261783,0.874807,6,6.02399,5.83611,11.2313,11.6903,3.48566e-10,3.72399,0.407369,0.233994,0.321919,3.48566e-10,3.08465,0.398045,0.227447,0.31407,1,1
12081-3703,1-35691,12081,3703,31.0885,-0.866835,0.0426132,10.3759,0.448021,82.6509,0.586263,0.885671,4.74843,2.41999,2.03381,10.1816,10.2081,2.56003e-10,2.73508,-0.0411365,-0.209792,0.00957187,2.56003e-10,2.26552,-0.0528639,-0.218217,-0.00332336,0,1
8997-9101,1-187006,8997,9101,170.488,52.9628,0.0335302,10.3713,0.57566,232.847,0.165844,0.893591,4.84176,7.71971,5.16059,11.1177,11.5122,3.43189e-10,3.66655,0.34213,0.168972,0.273788,3.43189e-10,3.03707,0.332694,0.162339,0.26556,1,1
11967-9101,1-335328,11967,9101,230.897,9.34617,0.0357027,10.3621,0.696478,235.517,0.213901,0.876201,5.26187,6.87692,4.88234,11.1317,11.498,3.95974e-10,4.2305,0.320263,0.145186,0.249727,3.95974e-10,3.5042,0.311825,0.139311,0.242419,1,1
9494-3702,1-383782,9494,3702,126.653,22.4223,0.0179809,10.3575,0.499712,141.142,0.153662,0.8904,4.73115,5.16819,1.88773,10.1534,10.6406,2.78503e-10,2.97546,0.424214,0.254185,0.414836,2.78503e-10,2.46463,0.413178,0.246309,0.403997,1,1
8338-3701,1-491200,8338,3701,172.247,22.9599,0.0321216,10.3442,0.567391,135.3,0.491312,0.898778,6,4.45903,2.86044,10.5804,10.7843,3.24164e-10,3.46329,0.148903,-0.0234407,0.144277,3.24164e-10,2.86871,0.139046,-0.0303957,0.13451,0,1
12512-3702,1-245,12512,3702,146.021,0.733556,0.0361773,10.319,0.503186,222.399,0.0782505,0.877785,5.0188,5.25038,3.77497,10.9412,11.3365,4.27256e-10,4.5647,0.352239,0.176215,0.288166,4.27256e-10,3.78103,0.344298,0.170712,0.281205,1,1
8946-3703,1-279073,8946,3703,170.588,46.4305,0.0322703,10.3146,0.673254,220.278,0.325002,0.927723,6,4.81596,3.10315,10.7267,11.2431,3.85795e-10,4.12174,0.469205,0.294464,0.406791,3.85795e-10,3.41411,0.460591,0.288457,0.399203,1,1
11962-6104,1-364106,11962,6104,226.939,8.16846,0.045912,10.3091,0.450914,80.4966,0.366228,0.678557,2.22057,3.33655,3.00935,10.0791,10.3553,9.23561e-11,0.986711,0.124233,-0.023374,0.170406,9.23561e-11,0.817311,0.102685,-0.040476,0.1474,1,1
12090-1902,1-117892,12090,1902,351.091,13.9225,0.0435073,10.299,0.434438,117.087,0.346502,0.862902,5.51923,2.07772,1.7809,10.2305,10.453,3.73688e-10,3.9924,0.17392,-0.000402054,0.186168,3.73688e-10,3.30698,0.165087,-0.00657471,0.177116,1,1
10220-3702,1-201956,10220,3702,120.436,31.8384,0.0698676,10.2977,0.398681,126.413,0.133786,0.992717,2.85826,3.15445,4.2091,10.9132,10.8931,3.2217e-10,3.44199,-0.0754858,-0.247739,-0.0722519,3.2217e-10,2.85107,-0.0853887,-0.25473,-0.0822179,1,1
8589-3703,1-631889,8589,3703,227.186,55.606,0.0416022,10.2931,0.705204,208.739,0.223154,0.941283,6,5.29281,4.34789,11.0846,11.3428,4.48043e-10,4.78679,0.217001,0.0404102,0.16033,4.48043e-10,3.96498,0.209359,0.0351294,0.153532,1,1
10224-6102,1-36266,10224,6102,35.1106,-0.312864,0.0415035,10.2702,0.674801,240.567,0.439196,0.659065,6,5.88218,4.82114,11.0273,11.5109,3.19368e-10,3.41205,0.427809,0.255683,0.356081,3.19368e-10,2.82626,0.41784,0.248642,0.347438,0,1
9871-3704,1-236175,9871,3704,227.387,42.4899,0.0585718,10.268,0.578223,205.845,0.175242,0.929693,6,2.82682,3.2043,10.7746,11.1981,4.04052e-10,4.31679,0.378255,0.202922,0.323701,4.04052e-10,3.57568,0.369951,0.197148,0.316272,1,1
8079-3704,1-36854,8079,3704,42.8054,-0.845003,0.0224857,10.2657,0.566339,126.233,0.306644,0.891767,5.40352,4.32248,1.96366,10.2686,10.5607,3.35529e-10,3.58471,0.238708,0.065869,0.24212,3.35529e-10,2.96928,0.229107,0.0591106,0.232454,1,1
12511-1902,1-53662,12511,1902,135.77,1.1357,0.052631,10.2548,0.395605,134.329,0.329156,0.824704,6,3.05634,3.13498,10.6065,10.8179,2.8662e-10,3.06218,0.150027,-0.0204567,0.146282,2.8662e-10,2.53646,0.139221,-0.028151,0.135554,1,1
8157-6101,1-41971,8157,6101,31.4132,14.6522,0.0428874,10.2514,0.503474,217.239,0.0814699,0.774155,5.15842,6.08554,5.14565,11.0683,11.4506,3.08127e-10,3.29196,0.324693,0.1531,0.26514,3.08127e-10,2.72679,0.314452,0.145847,0.256035,1,1
11953-3703,1-259205,11953,3703,191.423,44.2214,0.0419552,10.2449,0.372086,83.7031,0.299774,0.772018,6,2.92034,2.41831,10.0519,10.2943,1.34317e-10,1.43501,0.127606,-0.0285253,0.172726,1.34317e-10,1.18865,0.109867,-0.0420538,0.153652,1,1
12071-3702,1-106664,12071,3702,347.262,0.266957,0.03251,10.239,0.453613,116.885,0.335721,0.478449,4.14129,5.16554,3.35217,10.148,10.7262,8.72214e-11,0.931852,0.419848,0.273585,0.430089,8.72214e-11,0.77187,0.397717,0.255912,0.407635,1,1
10225-3703,1-547903,10225,3703,37.5298,-0.723112,0.0707249,10.2362,0.511585,233.34,0.443068,0.751654,5.79831,3.12667,4.21899,10.9706,11.4265,3.65945e-10,3.90967,0.406486,0.232445,0.337511,3.65945e-10,3.23845,0.397508,0.226161,0.329701,0,1
11955-6102,1-195237,11955,6102,196.402,53.5643,0.0295875,10.2123,0.581334,201.895,0.266879,0.867061,6,6.80684,4.0343,10.8689,11.2813,3.16682e-10,3.38335,0.35622,0.184219,0.305082,3.16682e-10,2.80249,0.346187,0.177128,0.296015,1,1
8592-3702,1-207984,8592,3702,220.16,53.4781,0.0376555,10.1859,0.444565,73.9866,0.567144,0.79866,6,2.28923,1.71016,9.86192,10.0367,1.73426e-10,1.85284,0.0810236,-0.0804658,0.140872,1.73426e-10,1.53474,0.0657941,-0.0917893,0.123996,0,1
10845-3702,1-60446,10845,3702,148.618,2.39416,0.0329257,10.1788,0.538905,169.367,0.244752,0.926865,3.28754,4.56275,2.99736,10.6042,10.9997,3.11877e-10,3.33202,0.338533,0.166759,0.307926,3.11877e-10,2.75998,0.328385,0.159578,0.29837,1,1
9093-3703,1-265671,9093,3703,241.253,27.2582,0.0456632,10.1721,0.410759,78.8551,0.270981,0.93951,3.67661,2.31775,2.07975,10.2397,10.177,2.79871e-10,2.99007,-0.125369,-0.295476,-0.0688669,2.79871e-10,2.47673,-0.136366,-0.303321,-0.0811094,1,1
8588-3704,1-95093,8588,3704,250.969,39.9834,0.0299994,10.1672,0.76519,77.5439,0.191132,0.887811,6,4.30174,2.58379,10.4857,10.2567,3.19519e-10,3.41367,-0.284859,-0.456991,-0.225637,3.19519e-10,2.82761,-0.294824,-0.46403,-0.236815,1,1
8997-6101,1-149470,8997,6101,170.634,51.5331,0.0262798,10.1636,0.571122,165.277,0.333213,0.955782,6,6.42554,3.39604,10.7277,11.0327,3.22856e-10,3.44931,0.249752,0.077468,0.22189,3.22856e-10,2.85713,0.239865,0.0704896,0.212533,1,1
11752-3703,1-54970,11752,3703,144.026,1.46074,0.0459177,10.1623,0.524484,157.434,0.435453,0.837207,3.3208,2.49817,2.25345,10.4146,10.8124,3.56589e-10,3.80971,0.347157,0.173467,0.324746,3.56589e-10,3.15565,0.337995,0.167045,0.315986,0,1
9182-6102,1-71987,9182,6102,119.486,39.9934,0.0657771,10.1561,0.428144,117.448,0.401491,0.915883,3.68056,3.56566,4.50074,10.8265,10.8583,2.3076e-10,2.46539,-0.0420965,-0.208971,-0.0307969,2.3076e-10,2.04213,-0.0547105,-0.218111,-0.043678,0,1
11012-6104,1-245301,11012,6104,212.532,54.9199,0.0395405,10.1494,0.484648,168.095,0.414779,0.580377,5.38158,5.76373,4.51116,10.7402,11.1707,1.88309e-10,2.01185,0.342921,0.17981,0.314854,1.88309e-10,1.66645,0.32847,0.169147,0.301115,0,1
9048-3702,1-296316,9048,3702,244.812,25.1448,0.0683215,10.1479,0.406725,194.338,0.194033,0.918532,6,3.08884,4.03764,10.9821,11.2486,4.10302e-10,4.38357,0.221855,0.0463288,0.174102,4.10302e-10,3.63099,0.213651,0.0406301,0.166661,1,1
11004-3701,1-591420,11004,3701,196.868,26.7255,0.037516,10.1457,0.670104,188.534,0.148429,0.873969,5.56113,4.60835,3.43047,10.7386,11.1515,3.24467e-10,3.46653,0.357809,0.185452,0.314566,3.24467e-10,2.87139,0.347959,0.178502,0.305526,1,1
12621-3704,1-395699,12621,3704,202.995,29.9438,0.0374221,10.142,0.304899,85.6144,0.334843,0.477346,1.04885,3.0992,2.30154,9.76899,10.2924,7.73083e-11,0.825943,0.351171,0.207761,0.390268,7.73083e-11,0.684144,0.327823,0.188869,0.365678,1,1
12684-3704,1-635839,12684,3704,328.505,-8.40556,0.0715896,10.1101,0.467903,246.87,0.196016,0.968801,6,2.76272,3.76966,10.9767,11.4266,4.64865e-10,4.9665,0.410064,0.233046,0.332971,4.64865e-10,4.11385,0.402648,0.227932,0.326653,1,1
8728-1901,1-52357,8728,1901,58.957,-5.29267,0.0647605,10.1079,0.420414,209.403,0.0716711,0.80518,4.32661,3.18025,3.95693,10.8925,11.3046,3.47596e-10,3.71363,0.360345,0.187008,0.30446,3.47596e-10,3.07607,0.351,0.180446,0.296106,1,1
7975-3702,1-114171,7975,3702,323.296,10.6442,0.0881405,10.1052,0.40363,283.86,0.427833,0.849777,6,4.32828,7.13269,11.4388,11.8248,3.76303e-10,4.02033,0.337773,0.163359,0.245252,3.76303e-10,3.33011,0.328988,0.157223,0.237975,0,1
11021-6104,1-195619,11021,6104,199.625,54.0664,0.0326725,10.1037,0.654996,203.773,0.273669,0.964857,6,6.12207,3.99198,11.0226,11.2848,4.60831e-10,4.92341,0.222001,0.0450828,0.168114,4.60831e-10,4.07815,0.214532,0.03993,0.161433,1,1
12089-3704,1-118358,12089,3704,351.32,14.3599,0.0444751,10.1032,0.789955,250.887,0.453634,0.753875,6,4.14413,3.62695,10.9722,11.4238,4.9707e-10,5.31057,0.414125,0.23636,0.334713,4.9707e-10,4.39885,0.407108,0.231539,0.328769,0,1
11742-3701,1-153995,11742,3701,124.16,37.8425,0.0654787,10.1015,0.473922,222.241,0.57546,0.758223,6,3.05112,3.83514,10.8752,11.3427,3.55593e-10,3.79907,0.416764,0.243113,0.35373,3.55593e-10,3.14684,0.407583,0.236675,0.345643,0,1
8133-6103,1-567948,8133,6103,113.285,44.551,0.131113,10.093,0.208284,254.762,0.12954,0.803223,6,3.20091,7.47116,11.354,11.751,2.82175e-10,3.01469,0.334746,0.164509,0.257207,2.82175e-10,2.49712,0.323816,0.156717,0.247815,1,1
8488-1901,1-209591,8488,1901,236.085,47.0189,0.0365509,10.0911,0.376819,70.0671,0.560759,0.97964,2.8254,2.0141,1.46242,9.86171,9.92142,2.37049e-10,2.53258,-0.0125569,-0.179902,0.0557964,2.37049e-10,2.09778,-0.0249377,-0.188852,0.0417601,0,1
7978-6104,1-115377,7978,6104,333.591,13.9531,0.0260955,10.0806,0.544464,152.016,0.479305,0.911412,3.6968,6.31512,3.31501,10.7414,10.9496,3.49711e-10,3.73623,0.156675,-0.0167465,0.138403,3.49711e-10,3.09479,0.147374,-0.0232747,0.129435,0,1
9027-3704,1-633947,9027,3704,246.176,30.7644,0.0562009,10.0735,0.681274,262.882,0.251707,0.811931,3.4659,4.44602,4.84926,11.1582,11.5905,4.2673e-10,4.55908,0.389219,0.21321,0.305043,4.2673e-10,3.77637,0.38127,0.207701,0.29836,1,1
8723-9102,1-352827,8723,9102,126.879,54.9047,0.0305248,10.072,0.562898,252.562,0.313483,0.778493,4.30084,7.84378,4.79076,11.0032,11.5505,3.05984e-10,3.26906,0.489267,0.317779,0.412129,3.05984e-10,2.70783,0.478973,0.310485,0.403291,1,1
10840-3702,1-214335,10840,3702,133.925,4.99479,0.0281473,10.0512,0.713312,189.371,0.402185,0.846547,6,5.27184,2.97759,10.6771,11.0938,3.73786e-10,3.99344,0.368203,0.193877,0.323883,3.73786e-10,3.30784,0.359371,0.187706,0.315807,0,1
9869-9102,1-135524,9869,9102,247.257,40.5349,0.0278487,10.0427,0.647753,88.1877,0.229145,0.653917,6,7.12649,3.98385,10.7024,10.5564,2.21338e-10,2.36472,-0.222537,-0.388669,-0.179802,2.21338e-10,1.95874,-0.235518,-0.398108,-0.193835,1,1
10510-3701,1-189075,10510,3701,178.94,54.6759,0.0497158,10.0415,0.435758,123.483,0.180557,0.793816,4.00237,3.09401,3.0082,10.4246,10.7268,2.04744e-10,2.18744,0.220533,0.0558298,0.226177,2.04744e-10,1.8119,0.206853,0.0458135,0.212357,1,1
10519-3704,1-182730,10519,3704,154.598,5.73613,0.0742858,10.0288,0.55488,192.015,0.109272,0.879513,4.91356,3.13664,4.4271,11.0399,11.2781,3.89872e-10,4.1653,0.191496,0.0166187,0.145371,3.89872e-10,3.45019,0.182953,0.0106649,0.137591,1,1
8326-6103,1-320664,8326,6103,214.819,48.061,0.0522185,10.0214,0.453963,149.667,0.491443,0.707035,4.85911,3.3048,3.36491,10.6426,10.9425,2.70351e-10,2.88837,0.235386,0.0658334,0.219354,2.70351e-10,2.39249,0.224109,0.0577675,0.208419,0,1
8245-3701,1-462984,8245,3701,134.947,20.5953,0.0251424,10.0091,0.377883,80.9771,0.179616,0.808161,3.59187,2.86758,1.45197,9.66863,10.044,1.54166e-10,1.64707,0.27234,0.113262,0.321845,1.54166e-10,1.3643,0.25597,0.10095,0.304064,1,1
8978-1901,1-94554,8978,1901,248.915,42.4613,0.0317853,10.0045,0.706097,125.53,0.543333,0.947387,6,3.69636,2.34731,10.5188,10.6334,4.17735e-10,4.46298,0.0707078,-0.10504,0.074848,4.17735e-10,3.69677,0.0626217,-0.110652,0.0666936,0,1
