# weight w wa omegam (DESI DR2 base_w_wa, desi-bao-all + planck2018-lowl-TT/EE + NPIPE CamSpec TTTEEE + ACT DR6 lensing + desy5sn; every 4th weighted sample of chains 1-4; source data.desi.lbl.gov/public/papers/y3/bao-cosmo-params)
1 -0.939341 -0.0720418 0.32978
5 -0.896856 -0.103821 0.332314
1 -0.860143 -0.120926 0.338128
2 -0.855079 -0.400224 0.323267
2 -0.923406 -0.16218 0.323814
4 -0.843045 -0.517542 0.322275
1 -0.852468 -0.521533 0.321479
3 -0.70471 -0.947193 0.333268
7 -0.647729 -1.29005 0.325856
7 -0.643931 -1.3694 0.325311
1 -0.631913 -1.43482 0.325853
2 -0.656049 -1.2624 0.325862
4 -0.670393 -1.18991 0.32347
3 -0.782429 -0.855006 0.309278
1 -0.813681 -0.667083 0.306084
3 -0.835826 -0.628228 0.307085
3 -0.769277 -0.669969 0.319568
2 -0.728717 -0.8731 0.3199
2 -0.755384 -0.774933 0.325852
4 -0.749665 -0.806179 0.326524
1 -0.801299 -0.692987 0.318011
1 -0.795082 -0.700753 0.319096
2 -0.765449 -0.790288 0.318579
2 -0.769919 -0.683465 0.317789
1 -0.771812 -0.772077 0.320653
2 -0.747753 -0.952418 0.317068
2 -0.726891 -0.962516 0.323668
4 -0.736725 -0.866755 0.320113
1 -0.841974 -0.515256 0.320319
2 -0.866864 -0.391419 0.319827
2 -0.803678 -0.719535 0.313899
1 -0.776742 -0.63272 0.323951
1 -0.704448 -0.968609 0.316485
9 -0.677769 -1.28874 0.313931
2 -0.844767 -0.649718 0.309602
3 -0.844143 -0.559127 0.304792
1 -0.834379 -0.527634 0.311708
1 -0.740377 -0.882247 0.324573
1 -0.799154 -0.682132 0.315424
1 -0.79798 -0.611666 0.319055
2 -0.782266 -0.584427 0.32266
1 -0.766739 -0.688985 0.32273
3 -0.693086 -1.09593 0.318867
7 -0.758176 -0.682741 0.320506
2 -0.722334 -0.955093 0.325008
1 -0.732333 -0.947554 0.324719
1 -0.799049 -0.784602 0.313849
2 -0.780036 -0.86898 0.313352
4 -0.767202 -0.860794 0.313149
2 -0.785288 -0.711928 0.312924
1 -0.74873 -0.942726 0.311331
1 -0.733844 -0.979635 0.314712
2 -0.711319 -1.11622 0.316628
1 -0.727836 -1.16731 0.312825
6 -0.720694 -1.1297 0.311376
4 -0.7876 -0.795339 0.310314
2 -0.883916 -0.487615 0.310698
1 -0.768969 -0.88601 0.314363
1 -0.676741 -1.21098 0.318677
2 -0.69997 -1.1264 0.326643
2 -0.715772 -1.11201 0.322739
2 -0.689498 -1.11301 0.32374
1 -0.71029 -1.09724 0.322166
5 -0.658656 -1.15017 0.326106
2 -0.843976 -0.543388 0.307167
1 -0.767406 -0.776552 0.319154
5 -0.729219 -0.877432 0.325212
4 -0.683926 -1.00475 0.329266
1 -0.629485 -1.17586 0.328231
2 -0.706212 -1.09292 0.321787
2 -0.695791 -0.986395 0.32724
1 -0.715463 -0.87254 0.32244
9 -0.673969 -0.974666 0.329288
3 -0.731933 -0.696516 0.330843
6 -0.728223 -0.749666 0.327045
5 -0.70157 -0.998498 0.323999
1 -0.701997 -0.968778 0.326314
5 -0.740889 -1.00695 0.315463
2 -0.742498 -0.97282 0.315445
3 -0.865067 -0.480724 0.314733
2 -0.753099 -0.969121 0.315149
1 -0.763452 -0.791612 0.318464
5 -0.702541 -1.04317 0.323331
1 -0.685769 -1.0003 0.324425
2 -0.701752 -0.979546 0.328031
1 -0.740267 -0.95767 0.316954
1 -0.780422 -0.819888 0.315419
3 -0.763036 -0.859314 0.318655
1 -0.755471 -0.775344 0.321061
2 -0.884287 -0.327841 0.314194
1 -0.737753 -0.734952 0.324438
1 -0.754901 -0.853725 0.318531
2 -0.735384 -0.920605 0.320323
3 -0.799837 -0.735532 0.312221
3 -0.81467 -0.770701 0.306025
2 -0.800702 -0.616915 0.311188
1 -0.750898 -1.02956 0.313273
2 -0.664578 -1.22003 0.317728
19 -0.732108 -1.02929 0.313294
5 -0.685922 -1.18167 0.317881
2 -0.717455 -1.08684 0.313938
2 -0.701891 -1.18495 0.316159
6 -0.721908 -1.03948 0.325371
1 -0.769373 -0.772626 0.327213
1 -0.807856 -0.737903 0.314091
1 -0.757851 -0.942907 0.314514
2 -0.810594 -0.597766 0.314738
1 -0.769423 -0.715266 0.315912
2 -0.773117 -0.740214 0.311222
4 -0.847518 -0.456782 0.308002
2 -0.830658 -0.415639 0.310993
3 -0.824105 -0.45655 0.311097
8 -0.868711 -0.303814 0.312729
1 -0.921758 -0.283225 0.300387
4 -0.748912 -0.835977 0.313547
1 -0.761966 -0.781299 0.311826
5 -0.78068 -0.817789 0.315336
1 -0.729047 -0.930219 0.321461
2 -0.782897 -0.708103 0.317359
1 -0.752112 -0.832913 0.317203
3 -0.714905 -0.967324 0.319757
2 -0.775458 -0.631122 0.324018
2 -0.787159 -0.568848 0.324458
2 -0.772027 -0.679785 0.323303
1 -0.792703 -0.616536 0.31642
1 -0.784161 -0.545184 0.324103
6 -0.847222 -0.335751 0.318483
2 -0.834137 -0.515022 0.311961
4 -0.817095 -0.707823 0.310737
1 -0.824103 -0.455799 0.320643
7 -0.731339 -0.898977 0.317693
3 -0.769835 -0.811959 0.318949
1 -0.833137 -0.69775 0.317407
2 -0.785682 -0.852095 0.315962
4 -0.789576 -0.869985 0.315926
3 -0.635339 -1.2806 0.331622
3 -0.649916 -1.20299 0.331894
3 -0.620278 -1.3887 0.330389
3 -0.73656 -0.933552 0.321236
1 -0.705804 -1.07402 0.321076
4 -0.618482 -1.39815 0.327735
3 -0.612605 -1.4636 0.329727
1 -0.667411 -1.0709 0.332264
2 -0.701089 -1.02762 0.324865
2 -0.739329 -0.895677 0.32037
1 -0.722975 -0.91222 0.321971
3 -0.753089 -0.790867 0.317886
7 -0.682066 -1.04794 0.328292
2 -0.712962 -0.966076 0.32352
4 -0.732889 -0.939997 0.319902
1 -0.744097 -0.907891 0.318933
3 -0.766336 -0.733376 0.321324
3 -0.781066 -0.661419 0.320054
1 -0.75088 -0.788534 0.320403
4 -0.742204 -0.865159 0.323614
5 -0.743869 -0.852615 0.320782
3 -0.741754 -0.830493 0.319373
3 -0.837343 -0.475066 0.317993
2 -0.845956 -0.576039 0.313002
2 -0.846204 -0.611437 0.312956
1 -0.850983 -0.550019 0.319236
2 -0.760058 -0.814825 0.316983
3 -0.762436 -0.79304 0.316102
1 -0.770617 -0.798022 0.314401
6 -0.806791 -0.627002 0.314441
1 -0.863059 -0.318688 0.315278
1 -0.869527 -0.308336 0.311038
2 -0.878747 -0.361319 0.306998
8 -0.741341 -0.978329 0.32153
4 -0.762747 -0.886315 0.316959
5 -0.748235 -0.883145 0.316675
3 -0.689943 -1.14296 0.320087
2 -0.675478 -1.15574 0.322236
1 -0.723541 -1.02982 0.318003
1 -0.786755 -0.876296 0.311705
1 -0.709754 -1.13725 0.317693
1 -0.781392 -0.724193 0.320537
1 -0.776897 -0.821568 0.319721
9 -0.847019 -0.495019 0.313371
6 -0.747013 -0.770158 0.322332
2 -0.634876 -1.09943 0.330018
5 -0.755558 -0.6993 0.323187
2 -0.771312 -0.725558 0.319074
5 -0.768274 -0.751765 0.319556
2 -0.782694 -0.663878 0.320516
3 -0.744546 -1.00693 0.315552
1 -0.813529 -0.746311 0.312002
1 -0.739275 -0.919594 0.322951
1 -0.690073 -1.14396 0.322548
2 -0.722777 -1.13772 0.316796
1 -0.716971 -1.15481 0.316581
2 -0.792059 -0.626222 0.318185
8 -0.752538 -0.885752 0.317688
4 -0.673844 -1.14494 0.328733
5 -0.618408 -1.36468 0.33638
5 -0.758422 -0.927166 0.326533
6 -0.851357 -0.487264 0.317208
1 -0.821757 -0.551792 0.32205
1 -0.779198 -0.526319 0.326774
1 -0.781391 -0.643783 0.313901
1 -0.816874 -0.617587 0.317042
5 -0.835881 -0.595522 0.313299
5 -0.744868 -0.89943 0.32439
7 -0.805909 -0.809234 0.311709
1 -0.789013 -0.867951 0.31318
1 -0.683034 -1.11415 0.323154
2 -0.692451 -1.12173 0.320887
3 -0.670927 -1.13174 0.323414
1 -0.66552 -1.197 0.323437
1 -0.695182 -1.08909 0.320787
4 -0.710334 -1.07826 0.319668
3 -0.730814 -0.959809 0.319759
1 -0.756808 -0.932666 0.315763
1 -0.758405 -0.944171 0.318467
2 -0.751374 -0.947385 0.318253
1 -0.840603 -0.588665 0.3196
2 -0.778077 -0.768048 0.315532
2 -0.766218 -0.844253 0.315515
4 -0.739852 -0.874021 0.323292
1 -0.728058 -0.853074 0.324747
1 -0.75579 -0.907424 0.319512
6 -0.751499 -0.824587 0.316578
1 -0.728781 -0.82513 0.320964
1 -0.709888 -1.02444 0.31926
5 -0.655608 -1.19474 0.318041
1 -0.766244 -0.825853 0.311581
1 -0.773439 -0.689405 0.315103
3 -0.768336 -0.750957 0.316049
1 -0.726744 -0.870501 0.326567
5 -0.786272 -0.788195 0.318816
1 -0.863286 -0.634755 0.306721
3 -0.82306 -0.70198 0.310754
2 -0.796067 -0.891264 0.310908
15 -0.839296 -0.708495 0.307029
1 -0.81881 -0.667895 0.319892
3 -0.794699 -0.852905 0.316298
6 -0.756996 -0.970783 0.316831
5 -0.762092 -0.904491 0.318012
1 -0.787648 -0.866023 0.318244
4 -0.694367 -1.08135 0.327965
2 -0.724612 -1.01006 0.321567
2 -0.731663 -1.00497 0.320743
13 -0.732155 -1.08201 0.315802
6 -0.682662 -1.10432 0.319779
1 -0.784007 -0.747893 0.31368
2 -0.745171 -0.968659 0.314127
2 -0.768013 -0.922102 0.312666
5 -0.797641 -0.609685 0.321022
6 -0.827923 -0.520135 0.319005
1 -0.782206 -0.719164 0.320983
2 -0.845529 -0.631328 0.31001
2 -0.807725 -0.789864 0.310707
3 -0.733908 -0.970187 0.311884
1 -0.76865 -0.819809 0.31512
3 -0.758437 -0.865543 0.318426
2 -0.733429 -0.96516 0.320744
1 -0.791377 -0.796206 0.315307
2 -0.830848 -0.533459 0.309124
5 -0.704841 -0.989967 0.319846
2 -0.770531 -0.734718 0.320754
1 -0.799378 -0.673677 0.312966
1 -0.744734 -0.892196 0.317911
4 -0.679064 -1.21242 0.319402
3 -0.780632 -0.791462 0.311594
2 -0.809903 -0.62003 0.317153
2 -0.764965 -0.819189 0.312203
3 -0.82681 -0.687124 0.306426
1 -0.764827 -0.887062 0.316852
4 -0.701333 -1.14995 0.319512
1 -0.651838 -1.30755 0.320552
4 -0.699944 -1.02861 0.322796
6 -0.645816 -1.10146 0.330903
2 -0.655419 -1.22606 0.324942
1 -0.635612 -1.24784 0.332583
7 -0.672447 -1.11395 0.330094
5 -0.79059 -0.654417 0.320565
2 -0.795588 -0.670113 0.319122
1 -0.796563 -0.671181 0.319009
4 -0.722115 -0.776825 0.327034
4 -0.774101 -0.582757 0.330297
1 -0.693171 -1.18476 0.317548
2 -0.664572 -1.29112 0.313942
1 -0.63913 -1.35346 0.319586
3 -0.681048 -1.08799 0.319372
2 -0.700302 -0.982793 0.317775
2 -0.748328 -0.804891 0.313637
7 -0.760664 -0.718969 0.312558
1 -0.829546 -0.730737 0.310704
1 -0.755588 -0.888193 0.317384
3 -0.770734 -0.723435 0.321253
4 -0.723012 -0.887997 0.32551
1 -0.789737 -0.664819 0.313111
1 -0.773889 -0.762902 0.312493
5 -0.806078 -0.655963 0.315797
5 -0.765323 -0.806238 0.320047
3 -0.743832 -0.911498 0.31952
2 -0.743878 -0.959386 0.319644
1 -0.738921 -0.942635 0.317776
3 -0.749124 -0.894142 0.322368
1 -0.761434 -0.768263 0.323076
1 -0.717094 -1.08251 0.317912
11 -0.795053 -0.677946 0.317681
2 -0.720444 -1.18673 0.313946
1 -0.83165 -0.770684 0.307844
4 -0.847301 -0.733753 0.304915
1 -0.769864 -1.00405 0.3105
1 -0.747443 -0.975744 0.314452
1 -0.706253 -1.04779 0.319867
4 -0.716012 -1.01124 0.324633
1 -0.760893 -0.875745 0.324274
2 -0.778518 -0.861455 0.317253
4 -0.799618 -0.788038 0.315946
2 -0.706395 -1.094 0.321379
1 -0.811981 -0.740427 0.303582
1 -0.728133 -1.04471 0.321288
4 -0.749588 -0.916445 0.317286
4 -0.812386 -0.661781 0.314976
8 -0.793708 -0.712067 0.315554
2 -0.635192 -1.25195 0.328103
12 -0.687177 -1.10737 0.323912
2 -0.694067 -1.06768 0.322655
2 -0.717979 -1.01356 0.322938
3 -0.720434 -1.05285 0.322139
4 -0.747001 -0.832843 0.323141
3 -0.777529 -0.735801 0.320538
4 -0.804819 -0.710555 0.314709
6 -0.759448 -0.830844 0.322824
1 -0.758684 -0.771332 0.325246
1 -0.778152 -0.693389 0.321324
1 -0.776223 -0.829613 0.317822
1 -0.757629 -0.827811 0.321343
5 -0.718821 -0.997899 0.322691
1 -0.734332 -0.889806 0.324544
6 -0.760166 -0.816733 0.319238
1 -0.669758 -1.13853 0.328989
5 -0.705252 -1.03416 0.325291
2 -0.820897 -0.581979 0.315168
3 -0.767718 -0.886536 0.317726
2 -0.748341 -0.958657 0.32048
6 -0.720325 -1.01165 0.321357
4 -0.73641 -1.07151 0.319775
2 -0.748949 -1.12179 0.322303
1 -0.690759 -1.33106 0.310669
1 -0.686314 -1.28107 0.313244
1 -0.605498 -1.48427 0.324304
1 -0.575891 -1.47229 0.328745
1 -0.773873 -0.831697 0.311813
4 -0.857785 -0.455513 0.309207
6 -0.812813 -0.598049 0.319448
5 -0.751332 -0.789653 0.325971
4 -0.773381 -0.711367 0.321242
1 -0.820574 -0.733526 0.316488
4 -0.827115 -0.770575 0.313957
1 -0.736915 -1.0445 0.3158
1 -0.805369 -0.723358 0.317567
3 -0.786109 -0.836789 0.317086
1 -0.721367 -0.995926 0.328982
2 -0.789948 -0.717679 0.316515
1 -0.725347 -0.797901 0.325057
3 -0.895125 -0.351254 0.311188
1 -0.756994 -0.749025 0.321174
2 -0.660041 -1.30434 0.318526
4 -0.660639 -1.30319 0.318187
2 -0.667943 -1.09579 0.317749
3 -0.690003 -1.07305 0.318179
2 -0.703486 -0.914177 0.317897
4 -0.713725 -0.883735 0.318477
3 -0.75015 -0.862353 0.317658
7 -0.780399 -0.701337 0.322252
8 -0.748685 -0.814059 0.323865
1 -0.788132 -0.732475 0.319206
2 -0.742421 -0.801567 0.320603
2 -0.727412 -0.951563 0.320529
3 -0.762498 -0.764535 0.321918
4 -0.815357 -0.668718 0.315714
1 -0.836932 -0.625099 0.310834
2 -0.863697 -0.38171 0.315848
2 -0.852112 -0.520515 0.30831
2 -0.814112 -0.73263 0.312689
2 -0.867031 -0.530428 0.311319
3 -0.766718 -0.916537 0.318682
4 -0.667397 -1.19171 0.323863
7 -0.786207 -0.67909 0.326758
3 -0.730152 -0.915016 0.325833
2 -0.762271 -0.818431 0.31921
3 -0.778727 -0.681776 0.31959
1 -0.745055 -0.979059 0.319714
2 -0.715871 -1.00672 0.324096
2 -0.768945 -0.804272 0.320549
2 -0.769295 -0.842657 0.315819
1 -0.783671 -0.808855 0.314362
1 -0.703112 -1.12919 0.320461
4 -0.674711 -1.20742 0.3245
1 -0.679381 -1.31627 0.319774
2 -0.708927 -1.08755 0.316938
3 -0.692461 -1.07845 0.325236
5 -0.675045 -1.07503 0.334455
4 -0.789234 -0.730534 0.317502
2 -0.75795 -0.779935 0.318563
1 -0.708511 -1.00182 0.322251
8 -0.718506 -0.987377 0.32395
5 -0.753453 -0.808313 0.324139
2 -0.722587 -0.890526 0.323673
1 -0.767757 -0.724049 0.323961
1 -0.760934 -0.962188 0.311137
4 -0.775875 -0.852821 0.311031
2 -0.785975 -0.832761 0.311577
1 -0.768975 -0.913329 0.315404
1 -0.720868 -1.08947 0.315383
4 -0.688157 -1.03982 0.322118
4 -0.669762 -1.07241 0.32412
5 -0.665071 -1.07929 0.324412
1 -0.661758 -1.15039 0.321327
2 -0.668533 -1.25999 0.308427
4 -0.61702 -1.56629 0.315105
2 -0.673571 -1.1174 0.319166
1 -0.744265 -0.765881 0.329404
2 -0.74252 -0.776248 0.327165
11 -0.757795 -0.747737 0.323523
4 -0.733421 -0.832439 0.323902
1 -0.775125 -0.704515 0.322149
2 -0.830178 -0.701521 0.311916
8 -0.665716 -1.22601 0.31927
5 -0.621809 -1.43253 0.322899
4 -0.665352 -1.30398 0.32077
3 -0.68421 -1.31234 0.317691
1 -0.685128 -1.27921 0.316764
5 -0.692502 -1.23316 0.316459
2 -0.699815 -1.18662 0.317024
12 -0.74823 -1.09384 0.310187
1 -0.726821 -0.930689 0.32241
7 -0.690838 -1.17083 0.315147
2 -0.863733 -0.29965 0.317988
2 -0.869724 -0.28994 0.318541
1 -0.866558 -0.358261 0.315344
1 -0.817941 -0.623056 0.31537
2 -0.850562 -0.437761 0.317566
1 -0.824364 -0.497837 0.315808
1 -0.805174 -0.623551 0.317881
2 -0.779238 -0.643832 0.32464
3 -0.753854 -0.915357 0.319221
2 -0.812854 -0.694251 0.307552
1 -0.805383 -0.711422 0.305381
1 -0.818357 -0.688878 0.310205
1 -0.794347 -0.745852 0.314644
3 -0.789977 -0.724244 0.316171
4 -0.77105 -0.799279 0.317103
4 -0.777752 -0.866472 0.312146
4 -0.746864 -0.950709 0.319964
2 -0.76983 -0.871155 0.319012
1 -0.738541 -0.978279 0.318709
2 -0.705961 -1.06916 0.323571
2 -0.74725 -0.916796 0.322259
1 -0.690479 -1.30486 0.317502
1 -0.808181 -0.82999 0.312163
1 -0.797555 -0.765679 0.315026
1 -0.781123 -0.776616 0.317317
7 -0.802849 -0.767133 0.3144
2 -0.765008 -0.843457 0.317972
6 -0.739316 -1.01354 0.313409
1 -0.703509 -1.24972 0.315
2 -0.683016 -1.30523 0.315939
4 -0.714815 -1.17347 0.321064
2 -0.680444 -1.28359 0.323571
2 -0.74259 -0.854119 0.325227
6 -0.69149 -1.11989 0.324651
1 -0.664856 -1.19012 0.323838
1 -0.658537 -1.23967 0.323583
1 -0.720099 -1.05093 0.318085
1 -0.70885 -1.00577 0.324094
1 -0.695996 -1.11082 0.323853
3 -0.676794 -1.12412 0.321793
4 -0.715279 -0.930731 0.326244
1 -0.763546 -0.975723 0.311317
4 -0.605063 -1.53665 0.322079
1 -0.718903 -1.2093 0.313776
3 -0.720039 -1.21208 0.313396
6 -0.783833 -0.7253 0.31439
7 -0.850888 -0.435107 0.322266
4 -0.880003 -0.461109 0.312741
2 -0.827597 -0.613933 0.314231
3 -0.810338 -0.700555 0.313748
2 -0.827686 -0.599513 0.314024
2 -0.724581 -1.12809 0.317929
4 -0.709132 -1.17815 0.318421
4 -0.746174 -0.997764 0.318656
8 -0.753709 -1.01598 0.317526
1 -0.708049 -1.26776 0.313142
1 -0.789304 -0.919471 0.306806
2 -0.692937 -1.14353 0.312688
4 -0.795328 -0.739816 0.311572
3 -0.771187 -0.818627 0.316864
1 -0.734113 -0.817741 0.322536
6 -0.701778 -0.951562 0.325246
6 -0.608476 -1.38362 0.329238
2 -0.621067 -1.39225 0.324489
1 -0.704287 -1.1742 0.313189
2 -0.758203 -0.992106 0.31281
2 -0.790512 -0.682862 0.318605
5 -0.747919 -0.865581 0.320178
2 -0.741104 -0.924569 0.319788
2 -0.685942 -1.08932 0.325838
1 -0.745184 -0.778621 0.325224
1 -0.763029 -0.692035 0.324055
1 -0.691114 -0.987373 0.325068
4 -0.885029 -0.408 0.310847
2 -0.88256 -0.361458 0.313919
6 -0.772034 -0.801261 0.317023
12 -0.730864 -0.944583 0.325424
1 -0.640577 -1.27253 0.327393
4 -0.721677 -0.922266 0.320017
1 -0.73261 -0.834744 0.324151
3 -0.857335 -0.574014 0.306181
4 -0.821032 -0.60406 0.314266
1 -0.831755 -0.58684 0.310388
4 -0.75701 -0.827169 0.32198
5 -0.762044 -0.869491 0.324042
6 -0.740013 -1.12368 0.315319
3 -0.742664 -1.07455 0.317281
1 -0.810221 -0.575395 0.319452
2 -0.887439 -0.351102 0.311558
13 -0.716126 -1.0416 0.319691
10 -0.726633 -0.834815 0.3209
1 -0.666176 -1.07916 0.326278
1 -0.724549 -0.806376 0.324082
2 -0.759612 -0.822471 0.324808
1 -0.778161 -0.843549 0.317706
4 -0.829207 -0.64121 0.309208
1 -0.746551 -0.973499 0.315547
3 -0.74106 -1.06884 0.317471
3 -0.741402 -0.920404 0.319374
1 -0.720723 -1.12253 0.309104
1 -0.748609 -1.00829 0.310221
2 -0.756158 -1.09655 0.308517
2 -0.784461 -0.96895 0.309192
3 -0.883947 -0.394789 0.318586
1 -0.872543 -0.42051 0.321432
11 -0.810749 -0.711596 0.319518
3 -0.83428 -0.603618 0.314978
1 -0.810543 -0.587703 0.320136
2 -0.754061 -0.76956 0.32693
1 -0.782761 -0.774225 0.320262
1 -0.693955 -1.16588 0.317908
1 -0.737556 -1.06913 0.309319
1 -0.789054 -0.919651 0.307307
2 -0.755195 -0.738278 0.320688
2 -0.79226 -0.726488 0.31469
2 -0.72576 -0.845412 0.325041
6 -0.751139 -0.971421 0.321114
8 -0.69639 -1.24726 0.317238
3 -0.696185 -1.05756 0.320004
1 -0.767147 -0.82369 0.314558
3 -0.804273 -0.666758 0.313837
2 -0.808961 -0.79506 0.310181
5 -0.743139 -0.900802 0.315181
5 -0.787636 -0.802788 0.30867
1 -0.767397 -0.874471 0.311269
6 -0.744033 -0.943011 0.316553
6 -0.707217 -1.14139 0.321363
1 -0.736415 -0.976004 0.321749
1 -0.721479 -1.05574 0.322207
1 -0.703615 -1.06312 0.322276
2 -0.724063 -0.857129 0.319966
1 -0.74601 -0.842742 0.313745
2 -0.799847 -0.797747 0.311888
15 -0.788264 -0.778839 0.312739
2 -0.780034 -0.821521 0.312937
1 -0.779211 -0.855492 0.314021
1 -0.708603 -0.925869 0.322686
1 -0.784906 -0.81198 0.313566
1 -0.745938 -0.817406 0.325976
1 -0.814475 -0.533791 0.316329
2 -0.803202 -0.505518 0.317326
2 -0.857296 -0.334945 0.315899
1 -0.788127 -0.772949 0.313035
1 -0.801975 -0.720778 0.311771
1 -0.692689 -1.13397 0.313559
3 -0.818524 -0.668712 0.315153
1 -0.750278 -0.824217 0.319314
1 -0.767441 -0.802121 0.320212
1 -0.814431 -0.757907 0.313885
1 -0.784652 -0.82378 0.316662
1 -0.779331 -0.890504 0.316006
1 -0.71616 -1.05209 0.315128
4 -0.746797 -1.05839 0.305834
4 -0.67892 -1.30427 0.311887
2 -0.581653 -1.77123 0.322976
1 -0.509424 -2.15655 0.323313
1 -0.564233 -1.92456 0.318378
1 -0.677391 -1.45061 0.311498
2 -0.734601 -1.14502 0.30629
4 -0.794828 -0.647141 0.31596
6 -0.743346 -0.938952 0.316089
8 -0.670715 -1.16379 0.322346
3 -0.788814 -0.713532 0.319425
3 -0.83826 -0.475739 0.316966
1 -0.842858 -0.522698 0.312554
4 -0.767903 -0.945029 0.309667
4 -0.874206 -0.344495 0.313563
3 -0.823518 -0.59326 0.315846
1 -0.836194 -0.570795 0.307297
2 -0.821171 -0.679428 0.306016
1 -0.749925 -0.93214 0.323351
1 -0.773757 -0.882783 0.324536
1 -0.850975 -0.658578 0.314353
1 -0.866765 -0.480791 0.318767
4 -0.822296 -0.649141 0.319157
1 -0.865013 -0.563087 0.311271
2 -0.852121 -0.678468 0.310929
3 -0.848357 -0.68851 0.311729
3 -0.859554 -0.724102 0.307655
1 -0.830892 -0.832637 0.308921
2 -0.815164 -0.760265 0.316082
5 -0.725622 -1.03789 0.32372
2 -0.696956 -1.1033 0.326142
3 -0.758401 -0.945782 0.323453
9 -0.727586 -1.13409 0.322124
3 -0.752455 -0.957795 0.319788
2 -0.769704 -0.703519 0.3229
3 -0.707737 -0.813007 0.323868
1 -0.69323 -1.02789 0.322883
9 -0.667737 -1.26752 0.319231
1 -0.708182 -1.08982 0.320879
2 -0.732544 -0.838984 0.324057
3 -0.802774 -0.674785 0.317796
3 -0.808663 -0.589899 0.324443
1 -0.804252 -0.712997 0.318945
1 -0.766689 -0.81919 0.321497
1 -0.690149 -1.06625 0.32939
2 -0.683096 -1.10463 0.329075
1 -0.705719 -1.16509 0.31979
3 -0.797309 -0.618622 0.320485
2 -0.717933 -1.08311 0.316672
1 -0.663755 -1.25065 0.321529
5 -0.750902 -0.853238 0.318791
2 -0.744171 -0.932906 0.315979
1 -0.692959 -1.14455 0.318132
1 -0.673874 -1.2063 0.322299
1 -0.687824 -1.10748 0.324429
4 -0.723842 -0.987652 0.322767
3 -0.731359 -1.0296 0.317425
5 -0.819556 -0.64434 0.31602
5 -0.83233 -0.582761 0.311325
1 -0.780644 -0.619265 0.319195
1 -0.76305 -0.764024 0.315543
3 -0.715147 -0.824863 0.324428
8 -0.692237 -0.888088 0.330685
5 -0.803223 -0.525198 0.320211
3 -0.771438 -0.658904 0.323906
1 -0.877027 -0.498572 0.317328
3 -0.813212 -0.695743 0.317528
3 -0.83084 -0.539575 0.315093
4 -0.907576 -0.19387 0.314827
1 -0.822952 -0.531894 0.322722
1 -0.764716 -0.896829 0.321738
1 -0.748816 -0.951157 0.313154
2 -0.786769 -0.658172 0.320441
1 -0.745465 -0.803398 0.318833
1 -0.73611 -0.73728 0.32468
6 -0.728089 -0.955675 0.318928
2 -0.718379 -1.03986 0.317019
1 -0.707454 -1.00085 0.315851
6 -0.72445 -0.922028 0.321076
6 -0.690814 -1.01806 0.32169
3 -0.662546 -1.24294 0.321852
3 -0.587851 -1.56933 0.32289
2 -0.704075 -0.994279 0.324577
2 -0.786902 -0.681685 0.3204
2 -0.777723 -0.749546 0.319862
2 -0.647891 -1.27978 0.318834
3 -0.623872 -1.45024 0.317714
4 -0.769715 -0.933813 0.306694
1 -0.679894 -1.01483 0.322881
1 -0.718312 -0.933804 0.330746
5 -0.767645 -0.795597 0.322017
4 -0.766859 -0.904183 0.315984
1 -0.716923 -0.980541 0.317999
3 -0.79759 -0.682508 0.315036
1 -0.794272 -0.563424 0.3216
1 -0.748388 -0.847189 0.319994
2 -0.78426 -0.738829 0.311252
2 -0.716821 -0.853864 0.327891
2 -0.753249 -0.736028 0.32122
1 -0.771737 -0.756499 0.315449
1 -0.7022 -0.96528 0.316005
10 -0.727415 -0.950606 0.320473
15 -0.819871 -0.574615 0.321199
1 -0.816426 -0.553698 0.320431
9 -0.753256 -0.812361 0.318093
7 -0.736856 -0.879225 0.32151
1 -0.809852 -0.782683 0.31938
2 -0.78753 -0.887806 0.315882
3 -0.793212 -0.714742 0.318642
5 -0.781571 -0.790804 0.31766
1 -0.868773 -0.397456 0.309397
1 -0.856212 -0.425163 0.31482
1 -0.834066 -0.526565 0.315379
1 -0.867083 -0.492906 0.315272
1 -0.870649 -0.423425 0.317895
5 -0.890675 -0.300623 0.315523
1 -0.892304 -0.357578 0.313868
2 -0.755048 -0.910555 0.320394
5 -0.773831 -0.694076 0.314544
1 -0.66325 -1.07903 0.321038
2 -0.783577 -0.688935 0.311789
1 -0.721122 -0.934719 0.330196
1 -0.741814 -0.916755 0.329374
1 -0.820862 -0.634477 0.31284
4 -0.729191 -0.937727 0.318932
1 -0.75616 -0.851289 0.318463
3 -0.809524 -0.552791 0.319036
2 -0.81596 -0.788636 0.310204
4 -0.824792 -0.750274 0.308323
2 -0.750402 -0.795145 0.32653
1 -0.730397 -1.05969 0.315202
1 -0.723946 -1.15766 0.314986
1 -0.672996 -1.26554 0.321827
2 -0.66345 -1.30197 0.321348
3 -0.734803 -0.910012 0.321918
1 -0.751452 -0.820003 0.322277
2 -0.768953 -0.633251 0.326605
2 -0.740591 -0.796668 0.325334
1 -0.782307 -0.568442 0.325692
4 -0.781162 -0.871014 0.318608
1 -0.776731 -0.898192 0.317433
3 -0.771123 -0.75341 0.318093
2 -0.688969 -1.13543 0.323609
4 -0.745602 -0.863675 0.320481
3 -0.741827 -0.867425 0.318459
3 -0.696098 -1.01726 0.325217
1 -0.734674 -0.898962 0.325335
2 -0.760583 -0.746998 0.324269
4 -0.704829 -0.924128 0.325215
4 -0.746163 -0.856881 0.321852
1 -0.676625 -1.19785 0.323027
1 -0.696601 -1.09681 0.324407
2 -0.757742 -0.857303 0.321834
2 -0.702183 -1.00863 0.32752
1 -0.650806 -1.34321 0.318386
2 -0.720965 -1.14245 0.316311
6 -0.694109 -0.999381 0.326144
5 -0.74849 -0.805107 0.323278
1 -0.828205 -0.568186 0.311356
3 -0.764138 -0.929668 0.320475
6 -0.760412 -0.942868 0.320141
1 -0.760353 -0.929349 0.320247
1 -0.753889 -1.02086 0.319271
2 -0.793599 -0.668827 0.31522
1 -0.81255 -0.619915 0.313194
1 -0.846232 -0.49714 0.311484
3 -0.66779 -1.12908 0.326915
3 -0.690223 -1.06844 0.323522
1 -0.714358 -1.00891 0.329364
2 -0.679159 -1.02364 0.327891
5 -0.69712 -0.980355 0.323239
1 -0.780542 -0.758208 0.320519
1 -0.787976 -0.804432 0.319333
3 -0.793962 -0.538793 0.32662
1 -0.765875 -0.69244 0.327001
2 -0.734173 -0.806094 0.326848
3 -0.741365 -0.81281 0.318436
1 -0.7491 -0.848192 0.316222
1 -0.691618 -1.07943 0.319891
1 -0.739126 -1.03852 0.317142
4 -0.774882 -0.681769 0.318495
1 -0.703661 -0.908275 0.323634
1 -0.747747 -0.865644 0.317428
1 -0.772472 -0.888743 0.307959
3 -0.904164 -0.358485 0.304193
1 -0.634804 -1.3666 0.316641
2 -0.775016 -0.837039 0.308837
4 -0.786964 -0.850766 0.313957
1 -0.776245 -0.887584 0.314748
5 -0.766573 -0.853588 0.314146
2 -0.657928 -1.22129 0.316334
10 -0.814065 -0.655108 0.310602
3 -0.849084 -0.646406 0.304555
1 -0.769429 -0.836475 0.318264
1 -0.735098 -0.949755 0.319043
1 -0.762481 -0.772254 0.31767
3 -0.751826 -0.878381 0.318291
1 -0.76773 -0.832486 0.315293
3 -0.758477 -0.833922 0.316057
2 -0.735805 -0.916313 0.317991
2 -0.747993 -0.938962 0.316225
2 -0.76271 -0.861201 0.319806
10 -0.740015 -0.98747 0.314056
2 -0.7174 -1.00774 0.320502
8 -0.797071 -0.766843 0.313835
2 -0.887411 -0.538854 0.308114
1 -0.86606 -0.554689 0.305049
5 -0.804083 -0.66786 0.31238
1 -0.701896 -1.01834 0.318144
1 -0.666141 -1.18924 0.319235
2 -0.692178 -1.13685 0.317526
4 -0.803386 -0.62574 0.318568
2 -0.793091 -0.677759 0.314473
5 -0.86954 -0.274977 0.315341
2 -0.760464 -0.570183 0.325742
1 -0.799069 -0.504884 0.3254
3 -0.815891 -0.551812 0.320936
2 -0.695311 -1.03958 0.322504
4 -0.743643 -0.824644 0.322164
3 -0.759898 -0.822443 0.321861
1 -0.762426 -0.841437 0.322592
5 -0.745978 -0.948966 0.313884
4 -0.674466 -1.29579 0.313203
1 -0.728342 -1.16716 0.309268
3 -0.750241 -1.14401 0.310329
3 -0.688396 -1.32252 0.312593
3 -0.867064 -0.487916 0.306508
11 -0.763409 -0.809032 0.31418
2 -0.755105 -0.792695 0.31736
7 -0.79902 -0.695821 0.31409
5 -0.794814 -0.693393 0.318584
5 -0.80781 -0.650745 0.317311
3 -0.752231 -1.02224 0.320064
1 -0.7444 -0.920022 0.321379
3 -0.752943 -0.945361 0.319717
1 -0.846548 -0.572966 0.315319
3 -0.839752 -0.722796 0.310648
1 -0.870382 -0.561547 0.309129
1 -0.843071 -0.666648 0.309709
1 -0.757599 -0.898146 0.313885
2 -0.743253 -0.961616 0.313223
2 -0.739561 -0.908542 0.314609
1 -0.707237 -0.842818 0.320813
3 -0.776641 -0.631092 0.318665
4 -0.849319 -0.521695 0.312005
1 -0.790733 -0.684584 0.320136
1 -0.771375 -0.800488 0.310375
1 -0.771242 -0.797896 0.316929
4 -0.758036 -0.960526 0.318565
1 -0.671644 -1.14852 0.328646
1 -0.633203 -1.40639 0.326771
1 -0.665489 -1.21069 0.320814
3 -0.697154 -1.10406 0.318897
11 -0.733153 -1.05455 0.31504
7 -0.756462 -0.94411 0.315252
1 -0.757009 -0.971927 0.312494
5 -0.81399 -0.764517 0.312678
1 -0.75612 -0.906407 0.315206
6 -0.820179 -0.723652 0.31619
8 -0.797339 -0.594711 0.321194
1 -0.784292 -0.603031 0.321897
5 -0.748647 -0.681608 0.325257
7 -0.831258 -0.571481 0.315929
3 -0.806289 -0.682532 0.31341
8 -0.862679 -0.483903 0.3159
13 -0.856335 -0.519363 0.316877
2 -0.815641 -0.729502 0.316775
4 -0.829957 -0.552681 0.318301
2 -0.74034 -0.942186 0.317594
2 -0.711918 -1.02622 0.320079
1 -0.780883 -0.784528 0.312523
1 -0.729838 -0.929806 0.320158
4 -0.837021 -0.599159 0.317305
2 -0.751394 -0.926775 0.323545
2 -0.809706 -0.689305 0.321646
2 -0.779216 -0.757329 0.326836
1 -0.693555 -0.960917 0.329414
1 -0.724305 -0.905036 0.317025
9 -0.730731 -0.95852 0.315306
2 -0.71631 -1.01569 0.316095
9 -0.739635 -0.90796 0.314893
1 -0.682577 -1.1576 0.322683
2 -0.745356 -1.02557 0.318415
4 -0.721352 -1.04572 0.32214
2 -0.680694 -1.13953 0.316749
4 -0.858538 -0.551347 0.313507
8 -0.688031 -1.10873 0.327679
1 -0.667965 -1.17941 0.329343
4 -0.654073 -1.24794 0.331166
3 -0.660193 -1.15947 0.327656
1 -0.771962 -0.676767 0.324046
3 -0.756881 -0.66943 0.324639
1 -0.793434 -0.756859 0.320529
3 -0.787041 -0.805951 0.321056
2 -0.760516 -0.951407 0.312613
1 -0.66461 -1.31816 0.311541
8 -0.728449 -0.998197 0.322065
1 -0.770572 -0.949346 0.311279
3 -0.778624 -0.739033 0.313558
17 -0.753451 -0.812919 0.314094
2 -0.745105 -0.904793 0.314319
6 -0.77967 -0.840559 0.310615
1 -0.748451 -1.00715 0.308779
1 -0.635214 -1.35667 0.32268
10 -0.751405 -0.837701 0.319192
3 -0.722599 -1.03954 0.321212
5 -0.736789 -0.947348 0.32012
6 -0.775564 -0.806986 0.318683
2 -0.781954 -0.753136 0.319596
10 -0.800178 -0.675162 0.31914
1 -0.765714 -0.732742 0.322577
1 -0.722212 -0.809038 0.326305
1 -0.772001 -0.603612 0.325866
8 -0.698911 -1.05297 0.322458
3 -0.755374 -0.781973 0.319553
2 -0.840077 -0.602018 0.31124
6 -0.770165 -1.02524 0.305031
4 -0.828639 -0.491012 0.314223
1 -0.845504 -0.590453 0.31653
1 -0.847059 -0.530494 0.309166
6 -0.774512 -0.758212 0.317616
2 -0.78108 -0.897557 0.31527
1 -0.822707 -0.702427 0.314115
5 -0.75758 -0.962397 0.315062
2 -0.760058 -1.01079 0.312765
3 -0.843375 -0.621418 0.30827
1 -0.861335 -0.552505 0.303481
1 -0.849946 -0.454711 0.314016
3 -0.87518 -0.352469 0.308103
2 -0.82177 -0.614301 0.313853
5 -0.7596 -0.790806 0.316239
3 -0.783275 -0.754905 0.315387
2 -0.661156 -1.132 0.321076
1 -0.638102 -1.27834 0.319509
1 -0.749377 -0.881025 0.314084
2 -0.817595 -0.595409 0.309083
3 -0.801082 -0.785161 0.307134
3 -0.740852 -0.867256 0.316496
1 -0.78739 -0.777618 0.314912
1 -0.828625 -0.659355 0.311988
3 -0.873163 -0.454885 0.314361
5 -0.749629 -0.902731 0.323768
2 -0.737691 -0.86432 0.319952
7 -0.722001 -0.766352 0.329217
2 -0.715934 -0.768342 0.329779
1 -0.790718 -0.713652 0.32136
5 -0.765488 -0.844111 0.31843
1 -0.594684 -1.57126 0.322285
3 -0.683778 -0.968956 0.325872
6 -0.653252 -1.16781 0.322238
3 -0.72345 -0.954239 0.324225
2 -0.722146 -0.948124 0.32601
2 -0.834132 -0.476955 0.319327
1 -0.671788 -1.08255 0.323206
1 -0.662692 -1.06968 0.325334
2 -0.689648 -0.957475 0.33275
3 -0.830676 -0.426787 0.317785
6 -0.805875 -0.611878 0.317788
2 -0.812086 -0.605463 0.317428
1 -0.816702 -0.678068 0.315391
2 -0.793428 -0.789336 0.316626
2 -0.826062 -0.610398 0.314647
5 -0.72647 -0.930501 0.319275
3 -0.724154 -1.0219 0.314031
3 -0.815306 -0.721273 0.306939
2 -0.799849 -0.702737 0.312594
1 -0.774426 -0.729032 0.31762
1 -0.716957 -1.03809 0.321379
3 -0.776082 -0.82892 0.320689
13 -0.704393 -1.08758 0.323414
11 -0.792164 -0.76722 0.315827
1 -0.74245 -0.9177 0.310553
1 -0.675166 -1.06236 0.326335
2 -0.65381 -1.18695 0.329068
4 -0.764457 -0.603327 0.325853
1 -0.782337 -0.593599 0.320769
1 -0.705295 -0.954347 0.317662
2 -0.723681 -0.96893 0.315768
5 -0.725261 -0.940698 0.314108
2 -0.752257 -0.794644 0.321171
3 -0.689278 -1.08481 0.321476
2 -0.77326 -0.872492 0.316752
4 -0.78442 -0.783753 0.317383
3 -0.698452 -1.10452 0.322031
4 -0.70146 -1.25343 0.3217
1 -0.7695 -1.02337 0.311905
8 -0.744628 -1.04226 0.314732
1 -0.704277 -1.08269 0.320773
3 -0.755363 -0.83719 0.31518
8 -0.766317 -0.787817 0.311678
5 -0.682888 -1.02084 0.319482
1 -0.822677 -0.726477 0.316792
3 -0.664646 -1.36732 0.32094
2 -0.681347 -1.2795 0.315356
6 -0.6993 -1.11341 0.320828
1 -0.696393 -1.04701 0.32515
2 -0.718247 -0.86866 0.325977
3 -0.741194 -0.921948 0.327446
1 -0.796496 -0.658262 0.318973
2 -0.762228 -0.790918 0.318815
1 -0.824546 -0.689346 0.312671
1 -0.826313 -0.719778 0.311107
5 -0.765191 -0.892757 0.314184
2 -0.773196 -0.833654 0.312564
3 -0.688299 -1.1744 0.315507
1 -0.706699 -1.16795 0.313332
4 -0.775856 -0.943914 0.30326
4 -0.703004 -1.25937 0.316404
4 -0.758121 -1.02693 0.315298
2 -0.766221 -0.983446 0.314078
1 -0.71823 -1.01276 0.315873
4 -0.755405 -0.89403 0.312206
1 -0.81301 -0.815657 0.307871
1 -0.793181 -0.861673 0.311118
7 -0.719918 -1.09971 0.320183
2 -0.700429 -1.00661 0.321764
1 -0.706448 -0.972983 0.320178
1 -0.718478 -0.863638 0.324613
5 -0.827432 -0.572428 0.319568
3 -0.80164 -0.658032 0.316096
7 -0.797405 -0.798345 0.310891
5 -0.722746 -1.02616 0.315982
2 -0.736916 -1.00177 0.316762
3 -0.752574 -0.91105 0.322755
7 -0.733206 -0.942043 0.315161
2 -0.713359 -0.928853 0.320861
1 -0.709671 -1.02464 0.318808
7 -0.711277 -1.03398 0.317524
1 -0.675231 -1.07179 0.327185
1 -0.594539 -1.63392 0.32652
1 -0.624721 -1.55211 0.321688
2 -0.743306 -0.89239 0.324273
1 -0.805876 -0.67605 0.317945
1 -0.803005 -0.729354 0.319921
2 -0.791592 -0.832764 0.319861
1 -0.815072 -0.723944 0.315857
9 -0.819875 -0.696744 0.315522
3 -0.819685 -0.69938 0.315168
1 -0.733418 -0.940836 0.321749
2 -0.754505 -0.815787 0.318464
5 -0.768071 -0.660984 0.327757
1 -0.772309 -0.64753 0.327616
2 -0.804129 -0.715459 0.312254
1 -0.774716 -0.730785 0.314443
10 -0.795495 -0.660581 0.318448
2 -0.782881 -0.65759 0.322516
4 -0.725733 -0.856697 0.32527
2 -0.818146 -0.637976 0.317892
4 -0.794969 -0.76157 0.31986
2 -0.848378 -0.517294 0.318982
1 -0.792139 -0.659898 0.326789
2 -0.777439 -0.793904 0.325664
9 -0.730886 -0.955255 0.32665
6 -0.781684 -0.647145 0.323606
1 -0.825025 -0.580296 0.320591
3 -0.779581 -0.750574 0.320167
3 -0.844739 -0.497536 0.314475
4 -0.900914 -0.409563 0.311405
4 -0.673915 -1.22837 0.322858
6 -0.70768 -0.903408 0.327214
1 -0.760407 -0.807717 0.320388
2 -0.703528 -1.1122 0.31725
6 -0.67222 -1.15561 0.319957
4 -0.721409 -0.94959 0.317415
2 -0.811684 -0.783548 0.307677
2 -0.764551 -0.878939 0.316142
7 -0.836081 -0.604582 0.314306
6 -0.8252 -0.557 0.320923
2 -0.76281 -0.733775 0.320636
2 -0.791293 -0.728464 0.317052
1 -0.790015 -0.768911 0.314084
1 -0.78379 -0.80623 0.315832
4 -0.840819 -0.637456 0.315011
7 -0.803157 -0.484856 0.320285
3 -0.80941 -0.486167 0.323042
1 -0.822903 -0.496915 0.325149
3 -0.758903 -0.851026 0.316075
2 -0.788821 -0.814465 0.312296
3 -0.797723 -0.81339 0.314748
3 -0.740078 -0.856477 0.314759
1 -0.798309 -0.632351 0.317888
2 -0.907296 -0.272152 0.314701
7 -0.88236 -0.382682 0.313317
3 -0.813157 -0.843908 0.307703
1 -0.828851 -0.619003 0.313223
1 -0.793543 -0.618338 0.320617
12 -0.686587 -1.18097 0.322176
3 -0.656342 -1.24259 0.324346
1 -0.657238 -1.23961 0.323706
2 -0.728636 -0.972985 0.319963
3 -0.705835 -0.969292 0.323536
1 -0.700461 -1.0131 0.32201
1 -0.732364 -1.02079 0.31459
2 -0.737564 -0.850756 0.317163
1 -0.711538 -1.1157 0.322181
3 -0.729527 -1.1094 0.318331
1 -0.70608 -1.00001 0.321056
1 -0.632278 -1.19542 0.324187
1 -0.686448 -1.19987 0.320009
1 -0.726351 -0.987287 0.32087
1 -0.73234 -0.993848 0.324397
2 -0.845578 -0.582302 0.317729
4 -0.83154 -0.654114 0.317637
4 -0.778612 -0.933799 0.309923
3 -0.736198 -1.05213 0.317395
2 -0.696224 -1.19189 0.316229
12 -0.641395 -1.20688 0.328865
3 -0.606393 -1.39554 0.327909
1 -0.87067 -0.385536 0.312872
4 -0.802108 -0.775608 0.314681
1 -0.744035 -1.08112 0.317903
3 -0.712238 -1.137 0.319761
2 -0.71002 -1.05298 0.327308
3 -0.674121 -1.05962 0.330637
5 -0.647327 -1.261 0.322448
1 -0.685675 -1.01126 0.326823
2 -0.714539 -0.888649 0.323235
5 -0.604731 -1.46185 0.324976
2 -0.653151 -1.27124 0.320172
3 -0.744919 -0.774465 0.320323
3 -0.757139 -0.811649 0.320472
2 -0.689831 -0.98274 0.325637
2 -0.787923 -0.589789 0.320997
5 -0.814289 -0.479807 0.325509
5 -0.796004 -0.635563 0.31986
1 -0.804133 -0.604435 0.320745
3 -0.796167 -0.699961 0.318074
1 -0.758228 -0.833576 0.321313
3 -0.677424 -1.06104 0.326326
1 -0.813476 -0.815606 0.314064
1 -0.818101 -0.803969 0.312028
1 -0.686546 -1.39799 0.311695
4 -0.741528 -0.971772 0.318636
2 -0.835719 -0.612292 0.314868
5 -0.778281 -0.767757 0.321786
3 -0.698098 -0.9023 0.333243
3 -0.67238 -0.971663 0.333297
8 -0.68261 -0.915731 0.331394
2 -0.715223 -0.942279 0.327121
4 -0.716738 -0.917996 0.327333
3 -0.817245 -0.512797 0.323175
2 -0.780608 -0.805336 0.319411
1 -0.924801 -0.244539 0.309871
2 -0.768617 -0.898862 0.314327
2 -0.72987 -1.00368 0.314304
2 -0.780024 -0.74644 0.31855
3 -0.769472 -0.675579 0.324269
6 -0.767312 -0.926372 0.318791
6 -0.759609 -0.709591 0.326528
1 -0.748813 -0.79622 0.324382
3 -0.708566 -0.966458 0.325593
1 -0.759715 -0.812437 0.323884
1 -0.786912 -0.818546 0.317574
1 -0.708311 -1.10564 0.319539
1 -0.75935 -0.851358 0.319553
4 -0.761433 -0.720626 0.326354
2 -0.747186 -0.724174 0.320325
3 -0.817227 -0.508166 0.31815
1 -0.74337 -0.85291 0.316875
4 -0.760605 -0.740309 0.315388
1 -0.788433 -0.677854 0.325806
1 -0.78403 -0.616477 0.326202
5 -0.777461 -0.656083 0.324152
1 -0.83519 -0.58772 0.31065
1 -0.781639 -0.76361 0.313081
3 -0.71991 -0.94787 0.324193
4 -0.682315 -1.03623 0.325902
1 -0.729927 -0.88204 0.320153
1 -0.722167 -0.882295 0.321463
3 -0.742174 -0.8553 0.321337
1 -0.77799 -0.76882 0.320792
3 -0.787814 -0.729808 0.322996
3 -0.776205 -0.837159 0.320606
3 -0.602473 -1.35937 0.330417
2 -0.708735 -1.03188 0.321924
1 -0.814207 -0.720319 0.311131
2 -0.8384 -0.446616 0.317859
1 -0.813695 -0.478476 0.316611
2 -0.722584 -1.00116 0.316554
2 -0.685205 -1.18167 0.320406
7 -0.733272 -0.898218 0.319703
3 -0.749699 -0.916949 0.318635
1 -0.841742 -0.67079 0.30352
4 -0.829482 -0.728352 0.306499
4 -0.770836 -0.850196 0.316111
4 -0.762277 -0.87522 0.314773
2 -0.752898 -0.824759 0.318937
3 -0.78995 -0.731918 0.313705
5 -0.799251 -0.737746 0.311201
1 -0.637855 -1.18256 0.329439
1 -0.678035 -0.954697 0.321914
1 -0.685928 -0.903507 0.328288
1 -0.687228 -1.03949 0.329197
1 -0.7334 -0.879962 0.324949
5 -0.692118 -0.985897 0.329034
2 -0.70397 -0.896949 0.328565
1 -0.759263 -0.809904 0.321473
3 -0.772589 -0.73145 0.322861
3 -0.718619 -0.840215 0.329813
3 -0.713973 -0.956976 0.326197
2 -0.676689 -1.2872 0.322605
1 -0.672365 -1.25763 0.324378
1 -0.703211 -1.26521 0.315271
1 -0.753457 -0.892644 0.3154
4 -0.701628 -1.01961 0.323534
1 -0.770036 -0.747185 0.321253
1 -0.697799 -1.07423 0.329703
2 -0.768481 -0.861606 0.319045
3 -0.789288 -0.781754 0.31399
2 -0.792293 -0.706682 0.317633
5 -0.731921 -1.11403 0.314144
1 -0.80598 -0.784396 0.312834
5 -0.795687 -0.731242 0.319157
2 -0.796067 -0.687476 0.319972
7 -0.778474 -0.849182 0.32055
2 -0.75008 -0.716647 0.325094
1 -0.71386 -0.878031 0.326231
1 -0.755036 -0.865125 0.322156
1 -0.755921 -0.892464 0.322238
2 -0.770094 -0.729685 0.316354
2 -0.774325 -0.708363 0.318177
11 -0.836935 -0.605368 0.310737
5 -0.82085 -0.616563 0.311344
5 -0.869097 -0.588145 0.312494
7 -0.804683 -0.614799 0.316435
1 -0.831353 -0.607208 0.313858
2 -0.870217 -0.406414 0.314723
1 -0.82316 -0.615539 0.315024
4 -0.801786 -0.701335 0.314425
4 -0.763931 -0.95051 0.312189
1 -0.750051 -0.863371 0.32015
1 -0.672165 -1.1949 0.318925
1 -0.659486 -1.2161 0.319791
3 -0.752125 -0.837193 0.311571
2 -0.778008 -0.816713 0.308881
1 -0.692465 -1.00762 0.320794
4 -0.739846 -0.819878 0.323462
2 -0.623544 -1.32353 0.325496
4 -0.735027 -0.847188 0.319023
1 -0.748054 -0.798891 0.318733
3 -0.714832 -0.98904 0.319506
3 -0.738084 -0.784209 0.325742
4 -0.73524 -0.892882 0.316807
6 -0.72003 -0.94816 0.318737
1 -0.769281 -0.777431 0.31341
1 -0.698841 -0.989466 0.321075
1 -0.742952 -0.886354 0.31787
3 -0.736017 -0.914959 0.314466
2 -0.711006 -1.00093 0.318399
1 -0.711599 -0.957556 0.319601
6 -0.667076 -1.10521 0.324743
2 -0.681967 -1.0314 0.32578
1 -0.798452 -0.690204 0.314929
8 -0.766095 -0.808776 0.321049
8 -0.753448 -0.839325 0.323326
5 -0.684858 -1.16249 0.32507
2 -0.690092 -0.960216 0.327273
2 -0.686491 -1.02641 0.328966
1 -0.694003 -0.958181 0.327143
2 -0.706959 -0.883991 0.326374
1 -0.70972 -1.2837 0.313732
7 -0.658596 -1.39807 0.321351
1 -0.676957 -1.22808 0.321503
1 -0.767078 -0.840992 0.319247
3 -0.695301 -1.05561 0.319618
1 -0.696126 -1.05808 0.322121
2 -0.793164 -0.762792 0.313465
7 -0.776402 -0.791638 0.315807
5 -0.701533 -0.995373 0.319769
2 -0.736204 -0.891491 0.318611
1 -0.832504 -0.632198 0.31346
1 -0.778991 -0.808233 0.313389
9 -0.811645 -0.778935 0.310546
5 -0.668564 -1.21965 0.317982
2 -0.696943 -1.02825 0.318475
5 -0.775413 -0.595914 0.324417
2 -0.671149 -1.14953 0.320579
20 -0.749232 -0.860224 0.315929
2 -0.732403 -0.920992 0.313702
1 -0.689261 -1.01824 0.322592
1 -0.772639 -0.774738 0.319758
1 -0.78742 -0.692374 0.319336
3 -0.764045 -0.681271 0.320569
2 -0.753378 -0.805906 0.313931
1 -0.828406 -0.584941 0.31193
10 -0.79328 -0.709698 0.315073
1 -0.772007 -0.710388 0.31762
4 -0.783479 -0.815597 0.315152
1 -0.779887 -0.657152 0.321276
8 -0.799438 -0.692475 0.320411
3 -0.779842 -0.749796 0.325273
4 -0.735209 -0.761579 0.330034
1 -0.788296 -0.564392 0.329409
1 -0.705975 -0.882451 0.332726
4 -0.687561 -0.967998 0.334276
3 -0.759177 -0.707412 0.329175
1 -0.773648 -0.754961 0.322476
1 -0.748822 -0.80655 0.325451
2 -0.701805 -0.863158 0.330899
4 -0.75467 -0.732165 0.326264
8 -0.690655 -1.00385 0.323937
1 -0.774511 -0.808509 0.312505
1 -0.743648 -1.00631 0.321731
6 -0.640777 -1.23439 0.32655
1 -0.643482 -1.22669 0.326231
2 -0.637913 -1.03734 0.33425
2 -0.610862 -1.16978 0.330023
9 -0.67669 -0.937109 0.328454
8 -0.722927 -0.833068 0.326094
1 -0.768982 -0.751662 0.322147
1 -0.768907 -0.964797 0.315294
2 -0.843464 -0.661118 0.316834
9 -0.711856 -1.03787 0.317667
3 -0.688153 -1.12616 0.319699
1 -0.720522 -0.936031 0.324037
1 -0.725405 -1.17826 0.3113
1 -0.73853 -0.993226 0.311574
2 -0.753639 -0.919191 0.31337
2 -0.679057 -0.976069 0.324479
2 -0.725876 -0.782948 0.324388
1 -0.758431 -0.816432 0.317132
1 -0.765404 -0.883947 0.315643
1 -0.763863 -0.864528 0.315669
3 -0.672963 -0.982716 0.333083
3 -0.643747 -1.1443 0.331654
1 -0.720835 -0.956412 0.32435
1 -0.741945 -0.950399 0.319817
1 -0.816338 -0.653153 0.317298
3 -0.820165 -0.746703 0.315266
2 -0.81062 -0.787001 0.30954
2 -0.811018 -0.785145 0.309525
3 -0.812717 -0.601812 0.315441
1 -0.794342 -0.704476 0.314629
5 -0.732378 -1.01802 0.319742
1 -0.754203 -1.01193 0.315825
2 -0.787078 -0.800306 0.3171
2 -0.756271 -0.739728 0.327538
6 -0.67095 -1.25702 0.324188
1 -0.689428 -1.20029 0.323785
1 -0.6899 -1.17383 0.32123
3 -0.711586 -1.1179 0.316526
6 -0.758961 -1.01194 0.316212
2 -0.750786 -0.871575 0.319909
1 -0.769574 -0.955656 0.310649
1 -0.729418 -0.98325 0.315728
2 -0.707593 -1.0659 0.318316
3 -0.817699 -0.590003 0.324654
3 -0.819511 -0.632043 0.314028
1 -0.816249 -0.620553 0.318021
1 -0.788928 -0.765376 0.313039
1 -0.811595 -0.695779 0.313811
3 -0.784735 -0.817926 0.314708
1 -0.864022 -0.584317 0.312785
2 -0.840121 -0.724021 0.312313
1 -0.837854 -0.72053 0.311941
4 -0.853104 -0.549943 0.313842
2 -0.759663 -0.93093 0.322126
3 -0.81598 -0.791597 0.314657
1 -0.915588 -0.296387 0.314218
3 -0.908624 -0.335627 0.315278
3 -0.755195 -0.989308 0.319448
8 -0.78723 -0.545817 0.322583
2 -0.776247 -0.776319 0.311822
2 -0.818984 -0.781597 0.307203
2 -0.71997 -0.921258 0.322918
2 -0.728931 -0.880926 0.321062
1 -0.679785 -1.02236 0.328007
1 -0.682265 -1.24223 0.323293
2 -0.798956 -0.788583 0.320533
6 -0.672093 -1.1897 0.318699
2 -0.79412 -0.799406 0.309128
1 -0.817194 -0.655612 0.30824
1 -0.773739 -0.839262 0.311454
3 -0.791863 -0.775613 0.310417
4 -0.828322 -0.537989 0.313702
4 -0.775527 -0.741688 0.317013
13 -0.796315 -0.646893 0.316482
3 -0.800784 -0.530297 0.318808
1 -0.753407 -0.723286 0.322582
1 -0.73909 -0.768034 0.323688
1 -0.890487 -0.18926 0.318374
2 -0.819667 -0.418313 0.325798
1 -0.712452 -0.847356 0.325644
3 -0.83032 -0.576685 0.314119
2 -0.825426 -0.494935 0.315978
3 -0.740587 -0.806157 0.319341
2 -0.772581 -0.699574 0.318006
2 -0.588357 -1.27729 0.335905
1 -0.677226 -0.956747 0.330584
3 -0.687442 -0.985371 0.328872
5 -0.758525 -0.898551 0.315276
1 -0.768896 -0.879615 0.317798
1 -0.693992 -1.20027 0.322883
1 -0.71021 -1.1239 0.316542
2 -0.709195 -1.12905 0.316659
1 -0.624965 -1.30794 0.328453
2 -0.64648 -1.20135 0.336288
2 -0.65582 -1.21865 0.324948
4 -0.778396 -0.877187 0.313679
1 -0.760514 -0.906381 0.314018
12 -0.803479 -0.731474 0.315728
3 -0.795375 -0.806656 0.309646
1 -0.757065 -0.864527 0.31579
1 -0.760297 -0.806658 0.316137
5 -0.785585 -0.67816 0.313521
4 -0.749193 -0.821942 0.318708
2 -0.793956 -0.703787 0.314589
8 -0.795983 -0.723732 0.314248
2 -0.758086 -0.846707 0.315591
7 -0.820678 -0.664575 0.312311
4 -0.752858 -0.8223 0.326921
1 -0.745173 -0.821154 0.329034
3 -0.774878 -0.701997 0.326426
1 -0.797495 -0.547127 0.328852
3 -0.873503 -0.391938 0.319134
3 -0.835331 -0.505587 0.316973
3 -0.843179 -0.321722 0.32017
3 -0.728568 -0.761215 0.330415
1 -0.765528 -0.799256 0.317002
1 -0.776193 -0.775635 0.317467
1 -0.811533 -0.659981 0.316028
2 -0.686973 -1.15293 0.3242
1 -0.707539 -0.997944 0.320319
3 -0.725213 -0.929232 0.318728
2 -0.731608 -0.884329 0.319038
2 -0.813021 -0.69888 0.315291
1 -0.766441 -0.829267 0.322694
1 -0.818011 -0.503577 0.319844
1 -0.767599 -0.738224 0.321008
1 -0.769428 -0.674113 0.323988
2 -0.797302 -0.67194 0.318972
8 -0.807182 -0.656887 0.317964
4 -0.716727 -0.991629 0.325571
2 -0.773686 -0.79888 0.324295
2 -0.63308 -1.32782 0.328271
1 -0.676226 -1.17695 0.320343
1 -0.742786 -0.793453 0.317632
3 -0.730999 -0.825441 0.319702
1 -0.867429 -0.366554 0.310263
2 -0.799927 -0.826839 0.306176
3 -0.780225 -0.92618 0.310517
1 -0.723599 -0.951574 0.321617
1 -0.751724 -0.888488 0.317335
3 -0.77814 -0.635037 0.321021
2 -0.845332 -0.586984 0.310411
3 -0.876412 -0.451704 0.309337
1 -0.899263 -0.295817 0.31019
1 -0.838591 -0.480695 0.313371
1 -0.756603 -0.969567 0.309205
2 -0.714961 -1.02362 0.31912
1 -0.752521 -0.830033 0.316497
7 -0.749245 -0.776097 0.321179
1 -0.735112 -0.792135 0.322359
1 -0.755307 -0.92865 0.318046
1 -0.759677 -0.861872 0.319185
4 -0.655455 -1.1387 0.325057
2 -0.71736 -0.761041 0.326166
3 -0.774434 -0.71956 0.315847
4 -0.726693 -1.03948 0.318425
2 -0.715567 -1.0433 0.316726
4 -0.691911 -1.08807 0.318661
2 -0.817509 -0.731804 0.308125
2 -0.80001 -0.775811 0.309643
2 -0.704571 -1.00112 0.323982
2 -0.768462 -0.730682 0.321739
1 -0.76967 -0.788204 0.32075
4 -0.753256 -0.823477 0.327682
2 -0.722512 -0.837904 0.330623
2 -0.682839 -1.00041 0.327129
5 -0.640678 -1.10814 0.327379
1 -0.778994 -0.676293 0.319473
5 -0.768131 -0.765454 0.315998
1 -0.723414 -0.930501 0.315394
1 -0.744086 -0.89042 0.315642
1 -0.717055 -0.938364 0.319653
1 -0.667713 -1.1994 0.325749
5 -0.73051 -1.0636 0.315776
3 -0.678714 -1.19072 0.318479
3 -0.679741 -1.10321 0.319861
4 -0.696307 -0.971872 0.322711
3 -0.764062 -0.714321 0.320403
1 -0.668719 -1.17095 0.32443
4 -0.658863 -1.21624 0.326521
1 -0.686489 -1.10718 0.324954
1 -0.747489 -0.920433 0.321532
1 -0.714327 -0.96378 0.320561
1 -0.81529 -0.594466 0.311913
2 -0.73732 -1.01131 0.316062
3 -0.728862 -0.964761 0.320701
2 -0.713157 -0.909876 0.327516
3 -0.670917 -1.1522 0.327419
1 -0.664427 -1.25864 0.322909
2 -0.752664 -0.812202 0.319713
2 -0.724406 -0.935108 0.318806
1 -0.746087 -0.796905 0.323873
2 -0.736826 -0.836813 0.318657
5 -0.772783 -0.836994 0.316092
5 -0.735891 -0.82483 0.322492
1 -0.772722 -0.78073 0.320677
1 -0.782071 -0.706595 0.320911
5 -0.817475 -0.547156 0.314134
3 -0.768584 -0.869197 0.312405
1 -0.781738 -0.86565 0.315206
2 -0.69767 -0.957699 0.321347
2 -0.57621 -1.50773 0.32915
6 -0.640785 -1.16138 0.326041
1 -0.627625 -1.27023 0.332245
2 -0.645073 -1.21912 0.331914
3 -0.647554 -1.14937 0.33124
4 -0.692559 -0.949553 0.330762
3 -0.717778 -0.828241 0.327054
1 -0.717811 -0.914883 0.321116
1 -0.721448 -0.893294 0.320398
1 -0.797623 -0.618831 0.320304
3 -0.77719 -0.656535 0.319053
3 -0.810995 -0.502136 0.324064
6 -0.654553 -1.34081 0.323381
5 -0.61528 -1.38758 0.324511
1 -0.652487 -1.35794 0.31904
10 -0.715628 -0.976162 0.3185
3 -0.753244 -0.769509 0.317581
8 -0.770267 -0.880456 0.320576
1 -0.801913 -0.646112 0.323754
1 -0.691677 -1.08599 0.321427
2 -0.79208 -0.604584 0.317182
2 -0.693206 -0.891742 0.326476
1 -0.678098 -0.986427 0.327647
1 -0.71948 -0.855747 0.325501
2 -0.817001 -0.63603 0.322181
1 -0.68688 -1.12517 0.323812
4 -0.688638 -1.11806 0.323731
3 -0.712569 -1.10267 0.315261
1 -0.707527 -1.14022 0.314959
5 -0.799678 -0.70729 0.316897
4 -0.786671 -0.79591 0.316661
5 -0.832116 -0.637746 0.309218
2 -0.802186 -0.696034 0.308531
2 -0.815186 -0.659262 0.311886
1 -0.702328 -1.14004 0.316879
3 -0.753047 -0.924631 0.316837
1 -0.714477 -1.07249 0.316191
2 -0.716595 -1.13461 0.315248
2 -0.762722 -0.735704 0.320857
2 -0.742016 -0.786679 0.325682
3 -0.644822 -1.14519 0.326107
4 -0.662116 -1.11397 0.321981
1 -0.844268 -0.449506 0.31427
5 -0.815848 -0.516258 0.31276
1 -0.758756 -0.772899 0.31605
4 -0.755444 -0.794378 0.315339
8 -0.780994 -0.685266 0.31669
1 -0.720285 -1.01385 0.318903
4 -0.690777 -1.20252 0.314064
10 -0.701081 -1.22761 0.315109
2 -0.696959 -1.24016 0.31648
3 -0.740373 -1.06444 0.313743
2 -0.741923 -1.06017 0.314026
1 -0.743111 -1.00756 0.311454
4 -0.687521 -1.16915 0.313663
1 -0.852689 -0.606222 0.301146
1 -0.805397 -0.621819 0.309094
1 -0.86481 -0.368853 0.315558
1 -0.944767 -0.217272 0.311122
1 -0.90908 -0.389068 0.308222
2 -0.859635 -0.579813 0.309666
2 -0.805021 -0.735897 0.313253
3 -0.715008 -1.16412 0.310517
1 -0.675058 -1.27913 0.313415
6 -0.7146 -1.12863 0.315455
3 -0.748218 -0.960629 0.314765
1 -0.712056 -1.06925 0.313696
5 -0.741663 -0.863595 0.314869
4 -0.770176 -0.827032 0.318874
1 -0.64678 -1.31183 0.325831
3 -0.64085 -1.33151 0.324721
1 -0.710806 -1.02277 0.326378
1 -0.718711 -1.17796 0.319335
1 -0.79649 -0.755692 0.314703
6 -0.826196 -0.748772 0.313173
3 -0.69181 -1.12527 0.320949
2 -0.738021 -0.815774 0.3218
1 -0.743571 -0.847838 0.319753
8 -0.735683 -0.885935 0.320597
5 -0.76795 -0.770101 0.316013
2 -0.770822 -0.8245 0.315607
2 -0.785852 -0.79597 0.314024
1 -0.824224 -0.624563 0.316507
2 -0.807517 -0.521275 0.318157
1 -0.759852 -0.947154 0.311666
7 -0.743955 -1.05624 0.310411
1 -0.801701 -0.673058 0.305709
2 -0.819699 -0.615364 0.309392
5 -0.754304 -0.879053 0.321217
4 -0.663642 -1.15855 0.328989
4 -0.620985 -1.37752 0.327741
1 -0.721247 -0.989695 0.32076
7 -0.743283 -0.801485 0.322856
2 -0.716562 -0.85976 0.322942
1 -0.776518 -0.724465 0.319407
1 -0.688555 -1.06046 0.319451
1 -0.743275 -0.873427 0.31356
4 -0.874028 -0.189831 0.312438
1 -0.851149 -0.41669 0.307632
1 -0.818568 -0.530817 0.311474
2 -0.721786 -0.97275 0.313074
2 -0.740209 -0.728763 0.321091
2 -0.750109 -0.691042 0.321305
1 -0.826739 -0.399545 0.32788
1 -0.7146 -0.839875 0.33065
1 -0.780054 -0.594098 0.328624
1 -0.790643 -0.585495 0.328742
5 -0.705296 -0.846211 0.329572
2 -0.668681 -1.05308 0.326908
3 -0.685194 -1.02054 0.325618
3 -0.80386 -0.730479 0.312178
2 -0.764641 -0.848252 0.308639
1 -0.708126 -1.07226 0.316762
1 -0.749212 -0.873021 0.315498
6 -0.718364 -0.929249 0.319225
6 -0.771651 -0.77653 0.316217
2 -0.804401 -0.736745 0.31909
5 -0.829727 -0.648867 0.317679
1 -0.731006 -1.06653 0.317066
1 -0.642923 -1.33546 0.325875
2 -0.683076 -1.23137 0.325398
3 -0.747273 -0.995286 0.321188
1 -0.791854 -0.543895 0.322466
3 -0.810312 -0.733185 0.316883
4 -0.653356 -1.21977 0.324257
3 -0.746383 -0.905443 0.318253
5 -0.743831 -0.880281 0.318459
4 -0.800224 -0.622066 0.31821
5 -0.712142 -0.889718 0.328648
2 -0.738333 -0.939399 0.322843
2 -0.722362 -0.975899 0.324161
2 -0.725627 -0.961129 0.322891
4 -0.76135 -0.796731 0.325904
5 -0.717583 -1.02056 0.324847
3 -0.749681 -0.878903 0.318495
4 -0.716338 -0.935186 0.323655
3 -0.725814 -0.930699 0.320427
2 -0.713117 -0.963743 0.321761
3 -0.753213 -0.928461 0.320589
2 -0.721477 -1.09227 0.316948
2 -0.732248 -0.92219 0.320657
2 -0.767811 -0.755261 0.321784
3 -0.743922 -0.979367 0.316344
3 -0.794743 -0.878413 0.311061
1 -0.787889 -0.716699 0.314837
2 -0.810557 -0.605483 0.314395
4 -0.809774 -0.655974 0.321251
2 -0.768968 -0.754787 0.323883
2 -0.711652 -0.87532 0.327196
2 -0.782148 -0.654762 0.326211
1 -0.759583 -0.659368 0.326223
2 -0.767727 -0.666185 0.323015
1 -0.704051 -0.966941 0.321294
1 -0.648433 -1.22275 0.325764
3 -0.628421 -1.31115 0.327034
2 -0.726548 -0.984487 0.321892
1 -0.717855 -0.942261 0.329545
1 -0.813039 -0.604997 0.318391
1 -0.73648 -0.972156 0.316884
1 -0.685544 -1.00457 0.325657
1 -0.686022 -0.932796 0.326161
2 -0.675057 -1.00554 0.327122
9 -0.763419 -0.68772 0.323709
5 -0.806703 -0.505976 0.322478
2 -0.68245 -1.18402 0.32253
7 -0.720259 -1.08167 0.319981
4 -0.768727 -1.02577 0.307577
3 -0.728471 -0.98401 0.317612
2 -0.710067 -1.05848 0.319249
3 -0.700462 -1.24799 0.313631
2 -0.844991 -0.654273 0.315253
8 -0.793719 -0.708905 0.318543
5 -0.727006 -0.850902 0.324242
6 -0.752525 -0.709632 0.321268
1 -0.776033 -0.580407 0.321591
3 -0.816733 -0.491801 0.319894
3 -0.786679 -0.621867 0.323485
1 -0.753461 -0.748861 0.328345
1 -0.774347 -0.882046 0.318799
1 -0.77557 -0.85014 0.317406
4 -0.808794 -0.799744 0.314845
2 -0.739776 -0.973001 0.320069
1 -0.639897 -1.38799 0.32489
6 -0.744018 -0.939352 0.319346
3 -0.763713 -0.887849 0.315983
3 -0.739727 -0.788671 0.326184
1 -0.732051 -0.930109 0.311948
1 -0.734774 -0.944091 0.314225
1 -0.751593 -0.893329 0.310729
2 -0.700116 -1.11189 0.316005
2 -0.768024 -0.849371 0.313294
2 -0.774102 -0.690718 0.317996
1 -0.78214 -0.752431 0.315281
3 -0.802254 -0.735189 0.312418
4 -0.762296 -0.865815 0.317024
6 -0.793703 -0.818955 0.314903
1 -0.806077 -0.746708 0.313792
2 -0.702711 -0.940995 0.331206
2 -0.701919 -0.871752 0.335614
2 -0.696714 -0.925224 0.327006
3 -0.653983 -1.21227 0.325121
4 -0.783485 -0.782716 0.318192
5 -0.777037 -0.809093 0.318992
3 -0.812618 -0.695403 0.314209
4 -0.78406 -0.791209 0.317184
1 -0.808129 -0.750625 0.314086
3 -0.801033 -0.745762 0.315528
3 -0.797995 -0.719687 0.322037
1 -0.761372 -0.833791 0.32331
3 -0.721073 -0.818578 0.325495
2 -0.685591 -0.989286 0.321719
2 -0.692071 -0.95946 0.322768
2 -0.684538 -1.01736 0.325367
4 -0.620067 -1.2566 0.325639
4 -0.609042 -1.36068 0.328591
11 -0.628028 -1.39396 0.323232
5 -0.719661 -0.844122 0.31508
1 -0.705538 -0.855514 0.318676
4 -0.746649 -0.692013 0.325301
1 -0.72508 -0.825361 0.322593
1 -0.753287 -0.631436 0.325406
1 -0.691732 -0.822776 0.329831
2 -0.817048 -0.508213 0.314527
3 -0.636946 -1.33798 0.324059
8 -0.70851 -0.971304 0.320816
3 -0.739222 -0.85752 0.318505
3 -0.697651 -1.0426 0.319902
1 -0.709178 -1.06306 0.316891
3 -0.788775 -0.924656 0.302227
3 -0.699954 -1.23167 0.306681
1 -0.664028 -1.41921 0.313147
2 -0.72394 -1.20189 0.312315
2 -0.753844 -0.938817 0.307647
1 -0.829016 -0.626757 0.309643
1 -0.722535 -0.933569 0.320503
9 -0.727553 -0.889212 0.322847
3 -0.758326 -0.797452 0.322715
4 -0.717937 -0.883047 0.325139
1 -0.709795 -1.00471 0.32292
1 -0.728548 -0.932721 0.321941
2 -0.785306 -0.697675 0.319877
1 -0.715185 -0.946547 0.325798
5 -0.723914 -0.889907 0.321268
1 -0.796886 -0.665397 0.314216
1 -0.70464 -1.05105 0.324024
1 -0.718529 -0.996494 0.321205
1 -0.851916 -0.486442 0.316836
2 -0.828448 -0.569249 0.318303
1 -0.833343 -0.566807 0.316793
2 -0.85187 -0.524608 0.314397
2 -0.888262 -0.346007 0.316063
1 -0.895059 -0.435555 0.309283
2 -0.76326 -0.765012 0.322824
2 -0.76281 -0.732699 0.321392
1 -0.843638 -0.478031 0.317998
7 -0.850622 -0.47935 0.316461
1 -0.731731 -0.964466 0.318392
1 -0.675348 -1.07507 0.330791
3 -0.684639 -0.954261 0.328572
1 -0.749782 -0.745487 0.322606
2 -0.778688 -0.799827 0.312571
1 -0.766841 -0.850658 0.314047
13 -0.77827 -0.815396 0.312855
1 -0.842199 -0.637763 0.307739
1 -0.799029 -0.786208 0.311601
1 -0.824151 -0.710351 0.311635
1 -0.733761 -0.938189 0.324805
1 -0.847915 -0.577993 0.315401
1 -0.738272 -1.01956 0.31666
8 -0.799594 -0.640897 0.310052
2 -0.831183 -0.663558 0.305725
10 -0.796891 -0.79271 0.309746
5 -0.802284 -0.695383 0.309873
1 -0.709477 -0.982072 0.318187
1 -0.715539 -0.98342 0.321703
3 -0.746661 -0.969157 0.318361
1 -0.824287 -0.71277 0.311277
2 -0.782639 -0.748155 0.311647
2 -0.786316 -0.783288 0.31111
1 -0.786583 -0.77968 0.311016
1 -0.658272 -1.09412 0.321169
1 -0.679976 -1.04753 0.318648
1 -0.83224 -0.416452 0.316504
2 -0.745316 -0.683349 0.325713
5 -0.720448 -0.890328 0.324411
3 -0.739754 -0.846991 0.321072
5 -0.682921 -1.06186 0.323178
3 -0.749337 -0.703627 0.327525
1 -0.749152 -0.742461 0.326388
1 -0.802958 -0.668926 0.320115
1 -0.751063 -0.788488 0.324534
7 -0.777776 -0.7768 0.315983
1 -0.794422 -0.723203 0.31583
4 -0.799456 -0.70592 0.315857
1 -0.781508 -0.831846 0.313475
3 -0.838357 -0.564516 0.314489
1 -0.732452 -1.05029 0.316931
1 -0.683892 -1.18782 0.323047
1 -0.676969 -1.1757 0.326579
6 -0.742463 -0.883832 0.326397
1 -0.775432 -0.869636 0.31586
1 -0.757201 -0.943256 0.307758
1 -0.669618 -1.15386 0.317171
5 -0.706644 -1.04637 0.314398
4 -0.686591 -1.14895 0.318304
1 -0.748542 -1.03687 0.312061
2 -0.787804 -0.967003 0.310255
2 -0.738559 -1.03165 0.319883
2 -0.819524 -0.468367 0.319969
1 -0.731716 -0.85424 0.319818
1 -0.696621 -0.952885 0.32332
3 -0.697052 -1.08068 0.319041
1 -0.782044 -0.693671 0.316093
3 -0.796023 -0.570323 0.320425
11 -0.72896 -0.803701 0.327829
1 -0.707731 -0.946919 0.325907
3 -0.814056 -0.588707 0.318206
1 -0.768079 -0.874265 0.314321
1 -0.78993 -0.975839 0.306511
3 -0.779152 -0.871634 0.315125
1 -0.786003 -0.645185 0.321306
5 -0.753958 -0.788611 0.328204
3 -0.779779 -0.861174 0.32163
8 -0.827513 -0.731811 0.317007
1 -0.838353 -0.714213 0.307564
1 -0.89338 -0.410649 0.303389
5 -0.745732 -0.794076 0.320027
1 -0.701766 -0.951748 0.322649
2 -0.774759 -0.696564 0.321534
1 -0.750501 -0.742922 0.3235
5 -0.827073 -0.499317 0.319549
2 -0.864674 -0.385734 0.314735
3 -0.88819 -0.343553 0.312096
1 -0.847804 -0.561114 0.309668
1 -0.806265 -0.727394 0.316042
3 -0.81522 -0.723586 0.308733
3 -0.792746 -0.687695 0.319372
13 -0.752984 -0.822655 0.318988
1 -0.766102 -0.805952 0.318142
1 -0.778499 -0.786465 0.31686
3 -0.831043 -0.620972 0.311744
1 -0.809673 -0.70025 0.314644
3 -0.795599 -0.660599 0.32182
6 -0.741686 -0.850278 0.324281
2 -0.707074 -0.98128 0.328865
1 -0.731815 -0.842262 0.322606
4 -0.845773 -0.54999 0.316534
1 -0.859593 -0.467957 0.321097
3 -0.865428 -0.54465 0.317227
6 -0.8262 -0.499947 0.320388
5 -0.852797 -0.554803 0.312999
3 -0.749337 -0.937731 0.317865
4 -0.775697 -0.896624 0.313144
2 -0.788467 -0.7114 0.313469
1 -0.82793 -0.571867 0.312073
3 -0.753092 -0.852866 0.324473
2 -0.756363 -0.88296 0.317972
8 -0.797021 -0.706562 0.314525
1 -0.796698 -0.667337 0.31648
10 -0.805013 -0.706746 0.319869
1 -0.754163 -0.783625 0.322683
2 -0.758822 -0.766459 0.324066
2 -0.772465 -0.824997 0.315096
2 -0.753251 -0.770053 0.32407
7 -0.791354 -0.813595 0.311682
2 -0.849456 -0.538222 0.314608
2 -0.661132 -1.36261 0.317924
2 -0.70646 -1.16487 0.314482
13 -0.777583 -0.791594 0.313785
1 -0.621387 -1.27545 0.323313
5 -0.693162 -0.984196 0.321195
1 -0.696145 -1.01736 0.316943
3 -0.852155 -0.467769 0.313683
7 -0.822726 -0.579307 0.313717
1 -0.781546 -0.725776 0.316601
1 -0.774476 -0.670286 0.320033
2 -0.785881 -0.900833 0.307893
7 -0.71171 -1.17987 0.316954
5 -0.782195 -0.889624 0.311041
2 -0.747531 -0.985035 0.312201
3 -0.791496 -0.738334 0.317225
2 -0.617376 -1.31206 0.328494
1 -0.670341 -1.1158 0.325359
2 -0.727412 -0.950406 0.31948
2 -0.785363 -0.705033 0.319751
10 -0.788766 -0.644471 0.311382
3 -0.813926 -0.549624 0.312097
1 -0.801288 -0.643827 0.310922
2 -0.755014 -0.969127 0.318041
2 -0.77684 -0.916602 0.318708
3 -0.760214 -0.810865 0.330477
1 -0.768312 -0.661249 0.330555
6 -0.743567 -0.877724 0.325125
3 -0.785329 -0.859653 0.317485
1 -0.772267 -0.905447 0.313988
11 -0.681497 -1.15223 0.325654
1 -0.759561 -0.901329 0.31538
4 -0.818813 -0.654238 0.312312
4 -0.703084 -1.08512 0.321317
2 -0.745328 -1.01509 0.313024
4 -0.730599 -1.07636 0.314513
3 -0.7225 -0.884889 0.324315
7 -0.721072 -0.928659 0.324641
3 -0.790527 -0.619903 0.317625
4 -0.767201 -0.655728 0.320576
3 -0.707699 -1.05603 0.31987
1 -0.705465 -1.04749 0.322469
2 -0.614803 -1.33235 0.324767
2 -0.695159 -1.00081 0.325881
6 -0.674716 -0.974083 0.319101
1 -0.70171 -0.882575 0.322606
5 -0.721449 -0.876279 0.323267
1 -0.701206 -1.16392 0.317733
1 -0.698102 -1.21902 0.315348
12 -0.800567 -0.804662 0.312603
2 -0.764616 -0.855264 0.319961
1 -0.759981 -0.89699 0.319549
1 -0.783111 -0.83301 0.316959
1 -0.756067 -0.771149 0.321622
1 -0.757717 -0.932278 0.314223
1 -0.718785 -1.11823 0.321902
1 -0.69542 -1.1885 0.31887
1 -0.752413 -0.822434 0.319655
2 -0.796923 -0.653661 0.316611
2 -0.749138 -0.855659 0.327678
3 -0.769546 -0.791942 0.317291
2 -0.768855 -0.826169 0.314191
5 -0.769245 -0.904428 0.314961
4 -0.850668 -0.64402 0.312301
1 -0.732027 -0.980338 0.315951
3 -0.734798 -1.04511 0.31348
2 -0.791404 -0.717485 0.311373
2 -0.73381 -0.973416 0.319474
2 -0.671776 -1.10493 0.323428
1 -0.773244 -0.703205 0.323523
2 -0.780018 -0.610699 0.326987
3 -0.772002 -0.704833 0.318753
1 -0.822478 -0.555201 0.313404
1 -0.841948 -0.380598 0.315563
1 -0.788476 -0.687712 0.309093
1 -0.656965 -1.05831 0.334766
2 -0.662046 -0.976718 0.331284
2 -0.759619 -0.752795 0.32241
3 -0.824682 -0.553189 0.315661
1 -0.735566 -0.969471 0.318414
3 -0.752154 -0.853606 0.315072
3 -0.73231 -0.952877 0.314446
1 -0.612113 -1.30683 0.330014
2 -0.744342 -0.907754 0.316779
3 -0.788009 -0.680737 0.317135
2 -0.748927 -0.861238 0.322512
2 -0.810885 -0.707764 0.313825
2 -0.777323 -0.85173 0.314048
6 -0.750587 -0.831482 0.318607
2 -0.738041 -0.898952 0.317951
11 -0.753262 -0.862598 0.317362
4 -0.788418 -0.755033 0.314232
1 -0.73125 -0.87547 0.322709
3 -0.691662 -1.01852 0.326726
1 -0.689525 -1.01781 0.326594
12 -0.75193 -0.878836 0.316902
3 -0.767159 -0.922684 0.310784
2 -0.734326 -1.07962 0.315944
1 -0.785631 -0.718 0.315977
1 -0.732223 -0.873184 0.32044
3 -0.681526 -1.13284 0.31458
2 -0.827955 -0.530066 0.315343
1 -0.837139 -0.518075 0.318231
4 -0.731276 -0.930157 0.318727
4 -0.754856 -0.811629 0.314274
8 -0.838794 -0.64582 0.30802
1 -0.744596 -0.893232 0.317171
2 -0.692852 -1.16972 0.314963
3 -0.69356 -1.17431 0.312713
5 -0.793931 -0.868499 0.304957
3 -0.788369 -1.00217 0.303977
3 -0.718345 -1.05919 0.316723
2 -0.743533 -0.779629 0.318983
1 -0.814857 -0.663346 0.314323
3 -0.769904 -0.814664 0.314392
3 -0.733612 -0.881062 0.321543
7 -0.737285 -0.81839 0.324873
2 -0.74107 -0.843045 0.327215
3 -0.754664 -0.849599 0.32139
1 -0.745088 -0.930912 0.317542
3 -0.779258 -0.812165 0.317571
2 -0.748827 -0.90466 0.311494
1 -0.727938 -1.01805 0.31162
3 -0.782828 -0.839209 0.309159
1 -0.793024 -0.525043 0.322283
2 -0.657816 -1.14955 0.330341
1 -0.651154 -1.18625 0.329894
1 -0.726326 -1.03392 0.322378
1 -0.768958 -0.784458 0.323482
3 -0.763108 -0.795923 0.323194
1 -0.788722 -0.714051 0.320856
2 -0.760917 -0.757454 0.325857
2 -0.794137 -0.51688 0.324651
2 -0.838972 -0.597123 0.321015
1 -0.817691 -0.731147 0.316385
5 -0.794744 -0.720053 0.317276
3 -0.800106 -0.663505 0.320691
1 -0.820344 -0.636372 0.319205
1 -0.760015 -0.985196 0.319035
1 -0.809413 -0.82256 0.309404
1 -0.746688 -0.819073 0.320622
5 -0.770849 -0.792175 0.314509
2 -0.783574 -0.827636 0.31232
2 -0.71454 -1.25784 0.3102
3 -0.734611 -1.05497 0.316734
1 -0.741126 -1.00732 0.316739
1 -0.725878 -1.10277 0.31595
7 -0.713829 -1.07018 0.321243
3 -0.814919 -0.77306 0.314416
2 -0.713774 -1.23975 0.322045
3 -0.72111 -1.00633 0.320226
2 -0.709339 -0.939164 0.319726
1 -0.677417 -1.03902 0.320322
1 -0.832814 -0.492063 0.310338
1 -0.781511 -0.67832 0.312412
4 -0.794663 -0.616249 0.312735
1 -0.757939 -0.950262 0.314115
2 -0.752206 -0.681188 0.324928
5 -0.855165 -0.425327 0.314191
2 -0.707939 -0.933113 0.325691
1 -0.812476 -0.705778 0.31397
1 -0.801467 -0.699855 0.314117
1 -0.780577 -0.771393 0.316215
5 -0.796602 -0.660954 0.3169
9 -0.819523 -0.589785 0.317512
2 -0.840961 -0.576226 0.316163
3 -0.82104 -0.53894 0.313506
1 -0.781828 -0.739657 0.320476
2 -0.813346 -0.666817 0.319116
2 -0.78348 -0.733679 0.320863
8 -0.779557 -0.731945 0.321171
4 -0.799372 -0.629837 0.321561
4 -0.78432 -0.63058 0.324583
4 -0.751108 -0.91722 0.328445
4 -0.645365 -1.26218 0.331796
3 -0.728531 -1.02713 0.323588
1 -0.758916 -0.79703 0.317435
4 -0.721532 -1.05891 0.316554
3 -0.695513 -1.1385 0.317204
8 -0.831527 -0.594062 0.312306
2 -0.757775 -0.836395 0.315507
3 -0.661786 -1.23646 0.322343
1 -0.661239 -1.26663 0.320271
1 -0.634759 -1.40435 0.319484
2 -0.771751 -1.01923 0.313548
5 -0.785869 -0.923167 0.31604
1 -0.778114 -0.89877 0.31688
2 -0.835954 -0.592627 0.314364
4 -0.844686 -0.405248 0.31794
1 -0.822391 -0.519149 0.316522
1 -0.799065 -0.648916 0.317064
5 -0.741334 -0.931883 0.322099
5 -0.693004 -1.00575 0.323779
1 -0.710226 -1.00033 0.321909
1 -0.761503 -0.895391 0.315671
1 -0.78959 -0.590591 0.321294
4 -0.691658 -1.08546 0.320235
3 -0.761273 -0.821899 0.322888
1 -0.814677 -0.659167 0.310716
5 -0.868331 -0.544979 0.30839
1 -0.869803 -0.540463 0.308378
1 -0.884961 -0.590844 0.309533
3 -0.871581 -0.616498 0.311071
10 -0.870162 -0.499863 0.313214
2 -0.882556 -0.430432 0.312274
5 -0.744287 -0.994367 0.316702
7 -0.722045 -1.15044 0.319634
2 -0.711158 -1.2649 0.319596
6 -0.762096 -0.820903 0.325123
6 -0.772476 -0.611803 0.32754
1 -0.728424 -0.813745 0.326337
1 -0.714183 -0.937723 0.319691
2 -0.668013 -1.13879 0.31983
4 -0.69198 -1.0741 0.315343
4 -0.662139 -1.23821 0.324326
1 -0.781419 -0.882308 0.314668
4 -0.792603 -0.743155 0.313732
2 -0.825541 -0.620713 0.317732
3 -0.752183 -0.834562 0.323559
1 -0.715537 -0.905117 0.328177
1 -0.741577 -0.872245 0.322789
1 -0.671315 -1.03576 0.330486
2 -0.695031 -1.05261 0.326081
2 -0.723255 -1.00731 0.313174
2 -0.715346 -1.03495 0.31453
3 -0.720076 -0.960834 0.317574
2 -0.749856 -0.835442 0.315585
2 -0.74916 -0.685795 0.321476
4 -0.801856 -0.598161 0.325218
2 -0.942507 -0.261518 0.30455
1 -0.902246 -0.38674 0.316208
1 -0.871649 -0.49449 0.307652
2 -0.82613 -0.481512 0.321484
4 -0.677179 -1.20612 0.319091
3 -0.661782 -1.25198 0.320989
6 -0.728718 -0.871544 0.316962
2 -0.685359 -1.03647 0.324318
1 -0.684485 -1.05256 0.322971
2 -0.730989 -0.851239 0.320432
1 -0.770988 -0.688733 0.320943
1 -0.801636 -0.82549 0.312857
4 -0.832431 -0.75576 0.315685
2 -0.713377 -1.22128 0.324534
1 -0.659734 -1.39054 0.318694
1 -0.688704 -1.32761 0.313999
3 -0.795768 -0.878499 0.308056
1 -0.699346 -1.20804 0.311384
1 -0.74198 -0.961063 0.317742
2 -0.757246 -0.70899 0.321092
1 -0.734926 -0.920754 0.323126
1 -0.797809 -0.667546 0.318294
10 -0.862661 -0.420554 0.307274
1 -0.818735 -0.715974 0.30643
8 -0.684733 -1.1685 0.318505
6 -0.698726 -1.00361 0.323342
4 -0.744695 -0.852908 0.316632
4 -0.818189 -0.495727 0.316405
1 -0.765899 -0.87023 0.308797
1 -0.745028 -0.98542 0.317567
4 -0.708363 -1.09394 0.323478
1 -0.754451 -0.818024 0.324973
2 -0.780567 -0.75566 0.322233
2 -0.778845 -0.810213 0.316178
3 -0.859881 -0.511443 0.310316
3 -0.754711 -0.973478 0.320959
2 -0.750097 -0.822518 0.32306
1 -0.6691 -1.27695 0.319042
1 -0.663982 -1.30671 0.318139
1 -0.69253 -1.22188 0.31826
6 -0.703353 -0.989621 0.329282
2 -0.727945 -0.856463 0.330688
2 -0.749926 -0.872348 0.32265
6 -0.773879 -0.813676 0.319334
3 -0.705804 -1.09203 0.329654
1 -0.726759 -1.00772 0.329192
2 -0.705592 -1.0206 0.326452
1 -0.72995 -1.03138 0.32284
1 -0.701201 -1.05419 0.325766
1 -0.761352 -0.808706 0.322084
4 -0.743605 -0.807545 0.323617
7 -0.814676 -0.669287 0.317213
3 -0.834751 -0.587123 0.311467
3 -0.713453 -0.731771 0.334036
4 -0.817421 -0.759849 0.31798
1 -0.716682 -0.882806 0.324709
2 -0.697297 -0.959609 0.322932
5 -0.705451 -0.98607 0.323063
4 -0.834697 -0.500073 0.31573
2 -0.747748 -0.830978 0.322409
1 -0.68701 -1.07918 0.322664
3 -0.693128 -0.992999 0.325215
1 -0.664012 -1.12018 0.323603
2 -0.641481 -1.07481 0.327444
1 -0.707436 -1.02059 0.319849
1 -0.741798 -0.884748 0.320764
5 -0.77802 -0.775036 0.318525
8 -0.78499 -0.75261 0.319715
4 -0.796392 -0.819119 0.31273
7 -0.784918 -0.706267 0.315252
6 -0.807877 -0.634999 0.320445
1 -0.837506 -0.575425 0.317573
1 -0.79572 -0.682905 0.321431
5 -0.788023 -0.660526 0.321759
2 -0.720781 -0.973491 0.321323
2 -0.777471 -0.90041 0.316992
2 -0.731347 -0.919323 0.324723
1 -0.835125 -0.525441 0.31845
2 -0.862536 -0.500047 0.314427
2 -0.851565 -0.460138 0.320958
12 -0.728656 -0.954574 0.318233
2 -0.709483 -1.20552 0.312251
5 -0.791357 -0.616585 0.31579
1 -0.689497 -1.06172 0.321194
3 -0.747688 -0.926732 0.313079
2 -0.768257 -0.847018 0.313025
6 -0.761164 -0.795342 0.326575
1 -0.811033 -0.566976 0.324919
1 -0.737239 -0.932586 0.322611
1 -0.774219 -0.89783 0.312776
1 -0.779899 -0.956394 0.30946
3 -0.924142 -0.366277 0.304804
1 -0.91189 -0.368227 0.308084
5 -0.797898 -0.661505 0.316892
1 -0.828759 -0.598395 0.310942
1 -0.875126 -0.453202 0.309049
2 -0.788883 -0.756931 0.313555
1 -0.761182 -0.843336 0.315052
7 -0.783297 -0.707931 0.317729
1 -0.775504 -0.833671 0.317222
2 -0.775489 -0.811396 0.318856
1 -0.791739 -0.841288 0.310933
1 -0.777399 -0.83373 0.311564
5 -0.890848 -0.48341 0.310386
1 -0.823176 -0.666296 0.310427
4 -0.836188 -0.649747 0.308015
1 -0.79062 -0.7819 0.310618
5 -0.709196 -1.15941 0.314081
1 -0.727588 -1.07354 0.313844
5 -0.7134 -1.06996 0.314606
5 -0.737035 -0.929852 0.316731
1 -0.724359 -0.919821 0.32153
1 -0.786748 -0.656562 0.327287
3 -0.784897 -0.763503 0.32345
1 -0.800102 -0.640149 0.324437
3 -0.850616 -0.522319 0.319412
1 -0.800448 -0.602827 0.322317
4 -0.76679 -0.71741 0.324162
1 -0.610376 -1.25463 0.332492
2 -0.666112 -1.13254 0.324538
1 -0.708316 -1.05065 0.315549
6 -0.735412 -0.879877 0.319535
2 -0.666103 -1.27575 0.324405
3 -0.706184 -1.1172 0.321065
5 -0.704602 -1.04596 0.323004
2 -0.700138 -1.11771 0.319118
3 -0.699456 -0.970515 0.321152
3 -0.723289 -0.914833 0.31725
2 -0.684386 -0.991373 0.327486
3 -0.823713 -0.587485 0.316581
9 -0.776919 -0.951222 0.315479
3 -0.811176 -0.830582 0.311746
3 -0.826062 -0.696972 0.309178
1 -0.807658 -0.724077 0.317426
2 -0.720166 -1.11442 0.312839
2 -0.81571 -0.549381 0.319448
1 -0.803615 -0.675475 0.320188
4 -0.750776 -0.913463 0.317939
1 -0.799434 -0.590898 0.322537
4 -0.834084 -0.67215 0.308286
1 -0.775361 -0.869845 0.312754
8 -0.801723 -0.792106 0.309917
3 -0.754408 -0.953165 0.314464
5 -0.68789 -1.11588 0.318677
3 -0.696569 -0.943465 0.319369
1 -0.771246 -0.695389 0.325632
1 -0.752155 -0.760196 0.326541
1 -0.748995 -0.752585 0.327467
1 -0.671543 -0.934117 0.334625
1 -0.615759 -1.39584 0.333326
2 -0.655828 -1.10443 0.330355
1 -0.706862 -1.0091 0.320735
1 -0.801029 -0.800286 0.3077
1 -0.809937 -0.777597 0.30578
1 -0.749848 -0.861378 0.327125
10 -0.715439 -0.969897 0.327843
1 -0.808089 -0.633339 0.325932
4 -0.812145 -0.603223 0.318114
2 -0.66766 -1.05817 0.325129
4 -0.629429 -1.2024 0.326768
1 -0.703337 -1.12493 0.3139
4 -0.75709 -1.00536 0.312884
5 -0.706189 -1.14032 0.31974
4 -0.761514 -0.892246 0.326242
2 -0.687 -0.941648 0.333855
2 -0.644932 -1.17192 0.332229
1 -0.667362 -1.27232 0.327389
2 -0.820138 -0.690179 0.309774
2 -0.82882 -0.686529 0.310276
1 -0.854638 -0.558851 0.308739
1 -0.853984 -0.452036 0.311816
1 -0.781715 -0.762434 0.311803
2 -0.729761 -1.11591 0.31535
1 -0.677024 -1.28877 0.31434
4 -0.686567 -1.24568 0.3133
1 -0.727871 -0.971028 0.310426
2 -0.771708 -0.790552 0.313602
2 -0.722734 -1.02348 0.313956
1 -0.699925 -1.08193 0.316184
3 -0.742375 -0.924717 0.314561
1 -0.773386 -0.860479 0.313805
3 -0.766423 -0.833651 0.320901
1 -0.812162 -0.687967 0.319741
1 -0.804887 -0.692927 0.315011
3 -0.818517 -0.560161 0.318992
3 -0.629379 -1.20955 0.332999
1 -0.637143 -1.21656 0.331604
1 -0.673817 -1.07565 0.333898
1 -0.763757 -0.851952 0.318002
1 -0.806249 -0.591122 0.319687
1 -0.681602 -1.02073 0.330034
1 -0.660559 -1.15172 0.332248
1 -0.765245 -0.657863 0.330462
8 -0.781189 -0.841476 0.321054
8 -0.795711 -0.674759 0.319815
1 -0.774931 -0.844036 0.31785
1 -0.767518 -0.845669 0.319089
1 -0.761739 -1.04843 0.317529
1 -0.823105 -0.587926 0.315057
1 -0.847434 -0.55842 0.314896
2 -0.81669 -0.739523 0.316106
1 -0.836142 -0.382458 0.319713
2 -0.852531 -0.341919 0.316766
3 -0.813526 -0.492257 0.317072
2 -0.767492 -0.661722 0.323594
1 -0.748343 -1.00603 0.31906
1 -0.727274 -0.98841 0.317525
4 -0.712875 -1.12835 0.317218
2 -0.721694 -1.01894 0.325311
4 -0.710093 -1.01269 0.32795
1 -0.704031 -1.02866 0.327199
1 -0.76023 -0.819175 0.321318
2 -0.771387 -0.757068 0.320891
3 -0.696657 -1.13659 0.328485
1 -0.762601 -0.920246 0.318785
3 -0.756473 -0.948197 0.322277
1 -0.710506 -1.07351 0.319205
1 -0.684275 -1.09246 0.319748
3 -0.712137 -0.994462 0.31868
1 -0.699715 -1.08808 0.317286
1 -0.656113 -1.16642 0.324772
4 -0.739417 -0.850153 0.321648
6 -0.730848 -0.893784 0.322512
6 -0.785006 -0.642677 0.321997
1 -0.716348 -1.01511 0.326007
1 -0.705217 -1.09803 0.323906
2 -0.82112 -0.588901 0.315163
1 -0.729444 -0.918175 0.318671
1 -0.724627 -0.918516 0.323598
5 -0.673421 -1.15926 0.326467
4 -0.685587 -1.02063 0.325822
3 -0.764845 -0.618051 0.327225
2 -0.671387 -1.21112 0.326573
2 -0.805707 -0.802068 0.31124
3 -0.763009 -0.573958 0.321471
2 -0.761706 -0.973835 0.311687
5 -0.805077 -0.764309 0.309949
1 -0.750209 -0.967686 0.312646
3 -0.894175 -0.363841 0.31166
5 -0.856561 -0.491202 0.313316
5 -0.804178 -0.583464 0.315761
5 -0.747253 -0.826051 0.321023
6 -0.746783 -0.872393 0.322756
2 -0.707076 -1.16138 0.319584
1 -0.698644 -1.09207 0.317103
2 -0.71865 -0.907854 0.321786
1 -0.719634 -1.04183 0.320453
1 -0.861637 -0.512218 0.317162
1 -0.736804 -0.947114 0.322806
3 -0.747509 -0.94102 0.319383
3 -0.803614 -0.780554 0.31502
2 -0.75813 -0.975428 0.3201
4 -0.757726 -0.798727 0.320857
1 -0.750126 -0.804833 0.321734
6 -0.758153 -0.85245 0.317758
7 -0.738062 -0.887921 0.319822
1 -0.637881 -1.25425 0.323608
2 -0.69169 -0.931472 0.33039
3 -0.668554 -1.06141 0.328347
1 -0.728875 -0.761791 0.327645
2 -0.779157 -0.623331 0.318009
1 -0.808391 -0.670458 0.315837
3 -0.814525 -0.67833 0.316099
3 -0.720366 -1.03391 0.321644
3 -0.810003 -0.715447 0.316202
4 -0.706246 -1.05728 0.324401
7 -0.698917 -1.04395 0.330412
1 -0.690924 -1.06557 0.331192
1 -0.62087 -1.29788 0.335768
5 -0.767623 -0.777455 0.327692
3 -0.749601 -0.786845 0.325163
5 -0.686362 -1.0338 0.32725
4 -0.843065 -0.444864 0.317402
3 -0.782642 -0.799034 0.322897
3 -0.792392 -0.741141 0.322723
7 -0.779287 -0.832187 0.316637
5 -0.749347 -0.949065 0.317155
2 -0.72362 -1.01685 0.318824
11 -0.72594 -0.919654 0.32324
1 -0.777947 -0.771369 0.316129
3 -0.759776 -0.879581 0.317289
2 -0.767174 -0.854636 0.315266
6 -0.702986 -0.919384 0.32398
6 -0.623543 -1.30961 0.325571
2 -0.648789 -1.16938 0.326281
1 -0.742383 -0.753373 0.317843
1 -0.641151 -1.0814 0.325665
1 -0.707038 -0.786106 0.326618
4 -0.693776 -1.01416 0.322216
2 -0.717394 -0.902757 0.323864
1 -0.792223 -0.694454 0.321468
2 -0.763929 -0.738911 0.324547
4 -0.862213 -0.416783 0.31799
2 -0.786475 -0.693827 0.318713
2 -0.845474 -0.592531 0.311295
2 -0.881165 -0.484965 0.30832
1 -0.805388 -0.720297 0.31832
2 -0.72296 -0.93385 0.324351
1 -0.7799 -0.738549 0.322623
3 -0.774286 -0.764693 0.321899
3 -0.775416 -0.581589 0.32017
1 -0.689802 -1.00618 0.322178
2 -0.749979 -0.823976 0.316245
10 -0.720829 -0.873773 0.324201
3 -0.707012 -0.991872 0.325022
2 -0.781969 -0.723591 0.322688
5 -0.773622 -0.727551 0.323138
1 -0.776535 -0.750628 0.316257
1 -0.745884 -0.783709 0.316909
4 -0.786192 -0.823199 0.304289
4 -0.788931 -0.774238 0.310858
1 -0.719543 -1.09808 0.317945
2 -0.661548 -1.24467 0.317863
3 -0.691096 -1.04169 0.320745
6 -0.768019 -0.669743 0.320824
1 -0.770845 -0.749862 0.315047
5 -0.783303 -0.671763 0.321666
1 -0.699752 -1.09713 0.324433
4 -0.634755 -1.25377 0.334137
2 -0.800628 -0.754537 0.320281
3 -0.776286 -0.860929 0.314489
5 -0.77653 -0.705468 0.316563
1 -0.822806 -0.589591 0.31266
5 -0.818899 -0.632922 0.313185
1 -0.745297 -0.934215 0.319009
2 -0.768097 -0.777111 0.318914
4 -0.789163 -0.694311 0.317731
2 -0.797337 -0.753156 0.315134
2 -0.753186 -0.812776 0.327252
4 -0.741922 -0.914488 0.322692
1 -0.762965 -0.777367 0.319272
3 -0.745964 -0.777765 0.320875
2 -0.748191 -0.717649 0.321867
2 -0.743076 -0.932084 0.317008
3 -0.782604 -0.818075 0.316844
1 -0.724793 -0.945266 0.322291
7 -0.77905 -0.751272 0.31894
3 -0.814481 -0.570506 0.312995
3 -0.813141 -0.603409 0.312465
1 -0.731917 -0.943074 0.314962
4 -0.724839 -0.950594 0.316928
1 -0.736825 -0.937994 0.316372
5 -0.80243 -0.63523 0.314615
1 -0.693444 -1.00614 0.318439
4 -0.770518 -0.704838 0.321846
3 -0.710204 -0.950737 0.325854
3 -0.737178 -1.13847 0.307613
1 -0.744769 -1.13514 0.314111
1 -0.750086 -0.9366 0.31506
1 -0.803885 -0.706347 0.31003
5 -0.797432 -0.75583 0.307664
1 -0.701375 -0.952996 0.324763
3 -0.792167 -0.816891 0.308809
2 -0.737502 -0.893977 0.320922
2 -0.778027 -0.743912 0.316548
5 -0.777831 -0.751414 0.316321
4 -0.811029 -0.716401 0.311715
1 -0.779303 -0.927424 0.307746
1 -0.745466 -1.02266 0.312713
1 -0.859088 -0.675288 0.306534
1 -0.856802 -0.520836 0.311134
1 -0.78394 -0.598716 0.316293
7 -0.747085 -0.741565 0.322882
7 -0.749833 -0.727194 0.322306
4 -0.712346 -1.13729 0.311545
9 -0.771881 -0.889297 0.313741
1 -0.692773 -1.16965 0.327905
1 -0.71348 -1.06557 0.326698
2 -0.628583 -1.2987 0.331475
1 -0.771733 -0.878015 0.318516
3 -0.884748 -0.408047 0.311623
1 -0.748939 -0.941135 0.322715
1 -0.758215 -0.860744 0.321862
2 -0.676031 -1.19257 0.319634
1 -0.662352 -1.24702 0.323424
1 -0.649423 -1.33812 0.323012
3 -0.716426 -1.09284 0.322355
2 -0.678281 -1.31769 0.323947
2 -0.647129 -1.48023 0.317219
3 -0.632015 -1.42023 0.323505
1 -0.711353 -1.05328 0.311306
3 -0.743978 -0.822459 0.319213
1 -0.85578 -0.426361 0.320615
1 -0.834509 -0.543606 0.318846
2 -0.810294 -0.677174 0.313544
1 -0.800566 -0.706204 0.315796
5 -0.75167 -0.969081 0.31434
1 -0.742691 -0.933399 0.313198
1 -0.754139 -0.779255 0.322497
2 -0.76388 -0.7908 0.317422
1 -0.769941 -0.778674 0.317153
2 -0.787211 -0.720792 0.31843
5 -0.754515 -0.878126 0.323886
2 -0.751487 -0.868108 0.323651
1 -0.805642 -0.830268 0.310152
3 -0.779072 -0.904885 0.316679
1 -0.78669 -0.854803 0.316703
1 -0.695896 -1.21968 0.312719
1 -0.756642 -1.04504 0.304943
8 -0.761657 -0.834038 0.313812
4 -0.784004 -0.808471 0.312343
3 -0.819628 -0.60975 0.314725
11 -0.766189 -0.788803 0.313256
2 -0.77874 -0.599573 0.313949
2 -0.869772 -0.348651 0.311802
2 -0.850986 -0.487059 0.311567
6 -0.669605 -1.1068 0.325875
6 -0.736631 -0.688081 0.329193
5 -0.840413 -0.538955 0.312175
9 -0.718459 -0.86938 0.325617
2 -0.739854 -0.942119 0.313822
5 -0.763699 -0.682302 0.315606
1 -0.731711 -0.888337 0.313871
2 -0.788814 -0.700389 0.312249
8 -0.734008 -0.832022 0.320345
5 -0.696847 -0.960857 0.325235
4 -0.651396 -1.30466 0.327279
3 -0.686436 -1.08259 0.319614
1 -0.710407 -1.00789 0.318702
1 -0.779422 -0.808571 0.312207
3 -0.867966 -0.552267 0.312444
4 -0.758295 -0.84009 0.322773
3 -0.76882 -0.615845 0.32205
4 -0.79479 -0.642161 0.314115
1 -0.828954 -0.495557 0.314956
8 -0.831525 -0.432995 0.315505
1 -0.820152 -0.560138 0.316431
1 -0.766092 -0.820305 0.315282
2 -0.736632 -1.08218 0.310254
2 -0.815757 -0.738564 0.308816
6 -0.788293 -0.844243 0.309514
5 -0.755546 -0.905237 0.314814
2 -0.806027 -0.727512 0.31067
1 -0.819223 -0.644171 0.309138
3 -0.754214 -0.819827 0.317357
1 -0.842295 -0.578721 0.319517
2 -0.829591 -0.577478 0.319168
1 -0.633312 -1.25217 0.33576
3 -0.629173 -1.26613 0.33339
4 -0.668719 -0.980518 0.337073
2 -0.689956 -0.991069 0.327706
1 -0.71552 -1.05541 0.312173
1 -0.828862 -0.598654 0.307194
5 -0.766022 -0.833826 0.319012
2 -0.694972 -1.05528 0.325318
4 -0.688736 -1.04291 0.32448
1 -0.706323 -0.932304 0.328179
1 -0.74654 -1.02722 0.316748
1 -0.822972 -0.718919 0.309672
2 -0.84015 -0.596222 0.31131
2 -0.822288 -0.777613 0.315763
2 -0.823724 -0.728386 0.317372
1 -0.825005 -0.659358 0.319345
1 -0.80391 -0.681387 0.320811
2 -0.728347 -0.8485 0.329229
1 -0.722257 -0.88169 0.328877
1 -0.759591 -0.765744 0.325996
3 -0.750468 -0.836534 0.319223
3 -0.740615 -0.821293 0.321391
5 -0.762842 -0.775562 0.316869
1 -0.76543 -0.924037 0.312135
2 -0.637711 -1.21375 0.325473
1 -0.706239 -0.852294 0.33028
6 -0.776246 -0.773595 0.315302
2 -0.777483 -0.764464 0.31521
4 -0.821629 -0.601423 0.312476
4 -0.794936 -0.662948 0.316803
1 -0.838067 -0.573621 0.317784
1 -0.815759 -0.651644 0.319734
3 -0.755208 -0.753645 0.328073
3 -0.793522 -0.78779 0.322391
1 -0.780234 -0.842839 0.321891
1 -0.769398 -1.0316 0.311534
1 -0.751321 -1.21749 0.306386
7 -0.762993 -0.994864 0.316925
1 -0.781342 -0.872696 0.319272
1 -0.737475 -0.757934 0.326874
2 -0.79251 -0.679938 0.31593
3 -0.782013 -0.728276 0.315708
4 -0.833467 -0.549114 0.312852
1 -0.76201 -0.835906 0.318402
2 -0.699894 -1.04321 0.32211
1 -0.717951 -1.02766 0.323334
3 -0.784684 -0.745492 0.32134
3 -0.747913 -0.819498 0.326942
1 -0.851676 -0.410792 0.316388
2 -0.739843 -0.8257 0.319671
1 -0.764873 -0.881421 0.315975
13 -0.742465 -0.854433 0.32271
2 -0.765262 -0.66285 0.32437
3 -0.743996 -0.887297 0.320538
2 -0.695109 -1.09507 0.318493
5 -0.714987 -0.761809 0.320165
2 -0.645045 -1.23894 0.325588
1 -0.653459 -1.10415 0.32846
1 -0.753833 -0.804447 0.329541
1 -0.792824 -0.888901 0.316228
1 -0.704593 -1.24525 0.319822
3 -0.627048 -1.56811 0.323596
1 -0.737226 -0.978168 0.312786
3 -0.680417 -1.23373 0.311787
1 -0.75427 -1.00562 0.309254
3 -0.759931 -1.05787 0.307081
1 -0.697376 -1.28409 0.314531
8 -0.715571 -1.23908 0.312645
14 -0.870664 -0.373877 0.314675
1 -0.830524 -0.542158 0.320455
1 -0.764842 -0.78198 0.320186
3 -0.740936 -0.908193 0.319842
5 -0.708204 -1.08742 0.324563
1 -0.737112 -0.97199 0.322003
3 -0.778656 -0.753385 0.321809
1 -0.700315 -0.988721 0.329456
3 -0.677027 -1.07803 0.325663
1 -0.688751 -1.03656 0.325182
2 -0.722176 -1.00122 0.319281
3 -0.728531 -0.968789 0.322524
9 -0.767284 -0.863815 0.318416
2 -0.807918 -0.692503 0.314703
6 -0.833521 -0.612021 0.313267
2 -0.78684 -0.856782 0.309045
5 -0.766619 -0.880231 0.306682
1 -0.680448 -1.16794 0.315397
5 -0.692003 -0.89708 0.321003
1 -0.714625 -0.960292 0.319861
4 -0.693617 -1.04422 0.323689
1 -0.736907 -0.852644 0.323427
3 -0.717964 -0.95943 0.31763
2 -0.746063 -0.888913 0.314228
9 -0.717045 -0.92014 0.32103
4 -0.704617 -1.08185 0.316592
4 -0.737717 -0.966606 0.320307
2 -0.784273 -0.732597 0.321219
2 -0.801845 -0.700143 0.31933
4 -0.762514 -0.849534 0.317184
1 -0.701026 -1.0097 0.325186
4 -0.692081 -0.982545 0.329314
3 -0.776624 -0.656072 0.32425
2 -0.712765 -0.879546 0.326738
2 -0.665888 -1.12794 0.322288
2 -0.646507 -1.17913 0.323234
2 -0.643384 -1.36484 0.322209
2 -0.633542 -1.44313 0.321569
1 -0.687468 -1.14396 0.32049
1 -0.76704 -0.90712 0.317242
1 -0.690298 -1.1943 0.317191
4 -0.756938 -0.953045 0.313989
2 -0.787932 -1.00854 0.303362
1 -0.697797 -0.850578 0.326472
2 -0.729377 -0.686742 0.324617
3 -0.812956 -0.477226 0.310805
1 -0.758333 -0.595077 0.317963
1 -0.716335 -0.913688 0.311045
1 -0.717298 -0.922291 0.310585
1 -0.731574 -0.923807 0.305369
2 -0.866982 -0.334432 0.309535
3 -0.834665 -0.553981 0.316955
1 -0.824146 -0.52312 0.314935
3 -0.76444 -0.678526 0.318573
1 -0.774567 -0.835574 0.311651
5 -0.757613 -0.97294 0.314239
2 -0.639455 -1.29309 0.323344
1 -0.757646 -0.952282 0.31729
1 -0.840597 -0.57597 0.30574
1 -0.764949 -0.901764 0.312067
1 -0.755095 -0.91234 0.316012
7 -0.764932 -0.782904 0.316638
6 -0.755688 -0.816669 0.321636
2 -0.758152 -0.762528 0.327901
2 -0.731029 -0.951228 0.322697
1 -0.744634 -0.867222 0.323148
4 -0.764839 -0.924412 0.314859
1 -0.735078 -0.963419 0.314861
1 -0.777596 -0.7966 0.315224
1 -0.73431 -0.807734 0.32408
1 -0.768827 -0.745656 0.320019
5 -0.768757 -0.729586 0.319018
2 -0.783653 -0.726497 0.317564
2 -0.838129 -0.47668 0.315127
1 -0.858177 -0.494869 0.310883
5 -0.677232 -1.07183 0.32509
3 -0.648701 -1.24395 0.326098
1 -0.819825 -0.654908 0.31132
5 -0.724247 -0.898248 0.328096
3 -0.700684 -1.07448 0.316543
5 -0.733367 -0.825312 0.319371
1 -0.710032 -0.944161 0.316254
4 -0.722822 -0.748841 0.324392
2 -0.818451 -0.486603 0.318018
6 -0.816591 -0.541833 0.316808
3 -0.811566 -0.567416 0.318818
3 -0.805802 -0.590874 0.31834
8 -0.736014 -0.825994 0.324178
1 -0.774679 -0.652533 0.318108
1 -0.797668 -0.576647 0.319902
4 -0.703056 -0.905528 0.327248
3 -0.692812 -0.982376 0.324898
1 -0.77076 -0.850732 0.314173
3 -0.774083 -0.849024 0.314938
1 -0.712197 -1.10917 0.319977
1 -0.688113 -1.1519 0.327275
14 -0.682662 -1.09234 0.32901
1 -0.694491 -1.01235 0.327975
1 -0.673094 -1.09453 0.330701
2 -0.715821 -0.894012 0.325432
5 -0.696069 -1.06428 0.321138
3 -0.774054 -0.713118 0.322509
2 -0.73049 -0.968842 0.32202
3 -0.655108 -1.22775 0.32367
6 -0.716962 -1.0651 0.324743
4 -0.813041 -0.810375 0.312243
1 -0.779176 -0.648872 0.321763
2 -0.749248 -0.793601 0.319276
1 -0.746635 -0.885493 0.316336
2 -0.708603 -1.02245 0.316144
2 -0.805335 -0.72086 0.315827
5 -0.748728 -0.864267 0.317722
1 -0.745777 -0.728007 0.321506
1 -0.754866 -0.796413 0.317709
3 -0.799028 -0.795755 0.309201
10 -0.800794 -0.829553 0.312841
2 -0.787128 -0.79045 0.315767
2 -0.789093 -0.783142 0.315617
1 -0.703495 -1.04301 0.323009
1 -0.711519 -1.11722 0.322451
1 -0.714218 -1.11046 0.322295
2 -0.690902 -1.03947 0.323668
1 -0.67548 -1.19767 0.323407
1 -0.654424 -1.24895 0.326396
6 -0.763995 -0.673599 0.319769
1 -0.739885 -0.894914 0.319928
6 -0.71744 -1.04812 0.317937
3 -0.709278 -1.05414 0.324768
4 -0.723767 -0.897373 0.322319
1 -0.724031 -0.938019 0.323649
6 -0.754274 -0.838404 0.3133
4 -0.757553 -0.850865 0.312687
1 -0.763629 -0.905284 0.312155
2 -0.75397 -0.995649 0.313363
1 -0.797073 -0.720666 0.314809
1 -0.798805 -0.721021 0.313449
3 -0.802421 -0.666453 0.31611
1 -0.699824 -0.965107 0.324326
1 -0.809143 -0.47262 0.316328
7 -0.833085 -0.399631 0.314302
3 -0.75575 -0.734264 0.317038
1 -0.746413 -0.931522 0.317204
1 -0.770277 -0.789856 0.319273
6 -0.752389 -0.888461 0.318291
3 -0.611281 -1.4331 0.323928
2 -0.609717 -1.27243 0.330228
5 -0.710756 -1.03708 0.321498
2 -0.730751 -0.932953 0.320218
2 -0.722372 -0.975247 0.320153
1 -0.76242 -0.934296 0.314804
2 -0.875091 -0.624914 0.308715
1 -0.779508 -0.937625 0.314563
3 -0.75949 -0.952648 0.318728
6 -0.772839 -0.73168 0.321895
1 -0.812818 -0.806027 0.308114
2 -0.791045 -0.778554 0.315883
6 -0.75749 -0.750669 0.325079
3 -0.765191 -0.876593 0.31745
7 -0.766664 -0.797756 0.320899
1 -0.739607 -0.819549 0.31863
1 -0.790577 -0.570534 0.318886
2 -0.793287 -0.660856 0.314159
1 -0.751121 -0.761788 0.318769
1 -0.739958 -0.837546 0.316554
1 -0.73614 -0.850741 0.316503
5 -0.665381 -1.05902 0.324595
7 -0.709737 -0.88474 0.323387
1 -0.695982 -0.98739 0.320274
4 -0.677484 -1.14714 0.320308
3 -0.793256 -0.74028 0.314689
2 -0.698214 -1.16426 0.319251
1 -0.779506 -0.740931 0.31568
1 -0.786229 -0.711772 0.31461
3 -0.791906 -0.877963 0.320729
1 -0.688437 -0.98807 0.329836
7 -0.684736 -0.997994 0.330077
8 -0.66798 -1.11424 0.32848
7 -0.777303 -0.752737 0.312815
6 -0.827571 -0.694819 0.308554
1 -0.796833 -0.728868 0.318549
2 -0.816705 -0.73684 0.31497
1 -0.756078 -0.948941 0.318049
1 -0.681554 -1.12498 0.329412
1 -0.817558 -0.538676 0.326605
1 -0.846436 -0.45388 0.319751
4 -0.809176 -0.597323 0.319601
1 -0.824354 -0.543545 0.315349
1 -0.688828 -1.17033 0.320163
1 -0.680265 -1.14502 0.322531
6 -0.804731 -0.850333 0.310285
3 -0.74506 -1.10388 0.311917
2 -0.709698 -1.04341 0.320784
4 -0.796334 -0.630123 0.319825
3 -0.768276 -0.789386 0.315191
5 -0.732157 -0.805151 0.325314
2 -0.777039 -0.670583 0.316662
1 -0.741313 -0.804734 0.319228
3 -0.775601 -0.725681 0.317334
2 -0.707046 -1.07182 0.319757
3 -0.769718 -0.837568 0.317172
1 -0.766338 -0.845284 0.315983
2 -0.857602 -0.527288 0.313399
2 -0.790449 -0.832267 0.317869
4 -0.769506 -0.87115 0.315058
1 -0.8049 -0.710215 0.318637
1 -0.82956 -0.565603 0.316776
4 -0.84098 -0.508597 0.321051
3 -0.771768 -0.60822 0.322942
1 -0.768033 -0.591441 0.322133
1 -0.747046 -0.823867 0.319687
2 -0.736904 -0.799422 0.322088
4 -0.727939 -0.852697 0.324207
1 -0.683331 -0.999842 0.327635
3 -0.642589 -1.19315 0.327077
1 -0.606393 -1.35164 0.328368
1 -0.701594 -1.08156 0.317652
1 -0.6957 -1.1712 0.318338
5 -0.85941 -0.604477 0.311875
1 -0.886632 -0.362685 0.315118
1 -0.87174 -0.454964 0.311534
1 -0.708692 -0.965024 0.323568
6 -0.649069 -1.17267 0.331265
2 -0.762062 -0.730065 0.316607
3 -0.799512 -0.645705 0.317776
6 -0.833487 -0.524171 0.318368
3 -0.728513 -0.888651 0.324548
7 -0.728241 -0.885743 0.326877
1 -0.718644 -0.903031 0.330362
5 -0.741187 -0.902863 0.321258
1 -0.823201 -0.651332 0.319651
3 -0.788048 -1.0102 0.31706
3 -0.833667 -0.657523 0.314959
1 -0.764978 -0.713358 0.319665
3 -0.644781 -1.27713 0.323189
3 -0.736145 -0.796906 0.327386
1 -0.697668 -0.795673 0.327717
5 -0.813277 -0.558995 0.32307
1 -0.887424 -0.359473 0.312203
5 -0.786017 -0.73364 0.315158
2 -0.716794 -1.08659 0.323871
1 -0.764924 -0.783236 0.321329
1 -0.805626 -0.669863 0.316134
3 -0.773673 -0.740671 0.315051
6 -0.782024 -0.583055 0.316613
4 -0.803146 -0.549962 0.321677
1 -0.809775 -0.593893 0.316932
1 -0.783545 -0.759835 0.316584
1 -0.662493 -0.992598 0.329348
1 -0.658951 -1.12079 0.328478
5 -0.70243 -0.941087 0.325042
6 -0.799734 -0.757152 0.310505
1 -0.789934 -0.912587 0.318964
6 -0.727273 -0.796638 0.320276
1 -0.791485 -0.60611 0.31796
1 -0.752082 -0.808032 0.319017
5 -0.737733 -0.859166 0.324389
8 -0.708566 -0.88422 0.334488
1 -0.680105 -1.0187 0.33361
4 -0.619054 -1.21122 0.337311
1 -0.610564 -1.30653 0.33527
1 -0.668873 -1.10064 0.32873
1 -0.577628 -1.43298 0.332144
4 -0.554437 -1.4861 0.3351
3 -0.67487 -0.931863 0.328656
1 -0.715827 -0.775043 0.327099
8 -0.692026 -0.802749 0.328337
1 -0.783426 -0.669789 0.31489
3 -0.822201 -0.593884 0.316008
4 -0.772894 -0.792164 0.319342
3 -0.714116 -1.01869 0.323248
4 -0.710314 -0.997973 0.324193
1 -0.751019 -0.902692 0.324982
1 -0.849079 -0.5413 0.318318
2 -0.812455 -0.501793 0.321089
4 -0.772494 -0.763868 0.318714
1 -0.763815 -0.75671 0.31745
10 -0.742264 -0.882949 0.320777
1 -0.698147 -1.09484 0.322568
1 -0.729457 -0.947277 0.322698
2 -0.737626 -0.979236 0.318773
4 -0.692031 -1.13756 0.320366
1 -0.723108 -1.00646 0.317574
3 -0.8211 -0.698693 0.311083
1 -0.848154 -0.531361 0.314805
1 -0.789483 -0.851304 0.313507
5 -0.77529 -0.921985 0.312329
3 -0.76954 -0.826448 0.312064
3 -0.779057 -0.756333 0.313682
1 -0.770839 -0.765586 0.320859
13 -0.762658 -0.818869 0.320742
1 -0.759996 -0.792229 0.322371
6 -0.730073 -0.963234 0.322347
1 -0.720891 -1.01965 0.324814
2 -0.705245 -1.10857 0.327754
3 -0.701624 -1.13036 0.325371
3 -0.81772 -0.655756 0.320696
2 -0.824055 -0.593457 0.322511
1 -0.863837 -0.474868 0.31794
2 -0.806573 -0.733984 0.318354
4 -0.723809 -0.911243 0.323242
3 -0.730927 -1.00505 0.319556
3 -0.765429 -0.790043 0.318981
2 -0.816322 -0.501392 0.315327
1 -0.865364 -0.347799 0.312702
1 -0.734692 -0.779157 0.328266
1 -0.784154 -0.692545 0.32381
3 -0.86024 -0.542768 0.313527
1 -0.767161 -0.702344 0.323038
3 -0.699842 -0.925602 0.326634
2 -0.733745 -0.795353 0.323133
1 -0.72962 -0.775895 0.324347
1 -0.759207 -0.645299 0.323085
2 -0.716113 -0.861968 0.318206
2 -0.755333 -0.712193 0.315418
1 -0.782838 -0.681445 0.312071
1 -0.787048 -0.675947 0.311312
2 -0.788313 -0.705492 0.310635
5 -0.821237 -0.676591 0.306758
3 -0.836606 -0.583008 0.314772
2 -0.778978 -0.780377 0.321937
1 -0.854686 -0.589839 0.319056
3 -0.743512 -0.897713 0.327183
6 -0.733697 -0.936626 0.322768
2 -0.774532 -0.833688 0.3193
8 -0.731288 -1.00506 0.319065
1 -0.723076 -1.04959 0.320948
2 -0.679969 -1.10756 0.320861
1 -0.701444 -0.894983 0.322545
2 -0.898475 -0.343827 0.306174
2 -0.867893 -0.476302 0.306242
3 -0.869209 -0.503968 0.30499
2 -0.879547 -0.375903 0.307759
9 -0.807493 -0.575074 0.319543
2 -0.76194 -1.0078 0.319706
3 -0.793608 -0.652005 0.31601
5 -0.760711 -0.952742 0.315667
5 -0.803596 -0.630888 0.319402
1 -0.820831 -0.499187 0.322922
1 -0.760034 -0.742476 0.325221
2 -0.744325 -0.832103 0.322555
6 -0.758572 -0.750175 0.321471
3 -0.782034 -0.652021 0.322504
6 -0.788791 -0.71919 0.313674
6 -0.794518 -0.711921 0.315984
2 -0.818092 -0.61415 0.31491
1 -0.774223 -0.749316 0.319796
5 -0.772127 -0.769839 0.318871
7 -0.740012 -0.882359 0.325564
7 -0.736436 -0.847515 0.32454
3 -0.75959 -0.849061 0.317305
4 -0.815347 -0.552371 0.319746
6 -0.796239 -0.682781 0.319042
6 -0.764666 -0.754325 0.320601
4 -0.758733 -0.76449 0.320707
1 -0.78569 -0.640015 0.321439
8 -0.75996 -0.781738 0.319127
2 -0.742491 -0.917056 0.319949
5 -0.753977 -0.940869 0.315896
1 -0.74635 -0.934449 0.320134
1 -0.782048 -0.89489 0.312761
9 -0.815583 -0.815275 0.308917
1 -0.739351 -1.03071 0.317147
1 -0.844839 -0.527272 0.32055
4 -0.827343 -0.638837 0.316064
10 -0.787017 -0.796244 0.319828
3 -0.84422 -0.593781 0.316264
2 -0.750545 -0.89691 0.323476
7 -0.749878 -0.826179 0.323738
1 -0.769858 -0.707062 0.320299
10 -0.766798 -0.823348 0.320411
4 -0.758192 -0.865459 0.319558
2 -0.711644 -0.945201 0.324583
1 -0.798274 -0.628221 0.318669
4 -0.830503 -0.60839 0.315656
1 -0.722852 -0.769031 0.323907
3 -0.695638 -0.880963 0.32588
1 -0.764574 -0.667833 0.318544
1 -0.726907 -0.87532 0.318301
2 -0.848725 -0.572239 0.310039
3 -0.73722 -1.00216 0.317985
3 -0.741162 -0.967082 0.318374
1 -0.843645 -0.568066 0.309118
3 -0.77334 -0.884905 0.318931
2 -0.736119 -1.06965 0.321245
1 -0.690508 -1.07836 0.318303
2 -0.660994 -1.21521 0.32349
4 -0.670211 -1.16846 0.317855
2 -0.724383 -0.803446 0.323021
2 -0.760302 -0.770974 0.323563
2 -0.707646 -0.98551 0.318756
1 -0.729003 -0.951248 0.314549
3 -0.683789 -1.0793 0.319647
1 -0.660536 -1.18453 0.321766
3 -0.766101 -0.823527 0.31754
5 -0.780438 -0.826893 0.313113
1 -0.703578 -1.2188 0.319392
1 -0.726432 -1.02366 0.320553
1 -0.705303 -1.15137 0.323887
4 -0.681044 -1.27595 0.325142
9 -0.692473 -1.37304 0.31466
6 -0.762065 -1.05495 0.315337
2 -0.705798 -1.28863 0.318073
2 -0.75852 -1.11321 0.311867
2 -0.766247 -1.12373 0.305257
6 -0.784269 -0.973366 0.321908
3 -0.709267 -1.23038 0.313239
1 -0.70386 -1.10962 0.321416
4 -0.75601 -0.850524 0.312165
5 -0.677513 -1.18086 0.317106
4 -0.734164 -0.898617 0.318411
3 -0.704223 -1.05085 0.317276
3 -0.809367 -0.772687 0.312623
3 -0.794641 -0.685658 0.317819
2 -0.857322 -0.515728 0.316365
1 -0.929279 -0.239135 0.312084
3 -0.816378 -0.44463 0.322435
2 -0.791882 -0.575084 0.3201
1 -0.68945 -1.03263 0.331753
3 -0.690315 -1.14314 0.322751
2 -0.681668 -0.96732 0.324828
3 -0.704866 -1.0258 0.319465
1 -0.776951 -0.760562 0.318598
3 -0.78128 -0.755311 0.316734
1 -0.73136 -0.884842 0.319676
2 -0.758503 -0.799804 0.315102
1 -0.760264 -0.831226 0.315851
9 -0.724562 -0.969277 0.318978
1 -0.740674 -0.784067 0.319316
1 -0.736783 -0.728678 0.322576
7 -0.649069 -1.2795 0.323628
1 -0.711024 -1.01718 0.319455
3 -0.685433 -1.0551 0.323005
4 -0.690736 -1.06195 0.321437
2 -0.793155 -0.667508 0.31675
2 -0.795039 -0.632345 0.318533
1 -0.753971 -0.797106 0.317636
1 -0.715917 -0.903163 0.324599
1 -0.650642 -0.970657 0.333699
3 -0.723853 -0.843043 0.32952
4 -0.844624 -0.622761 0.311949
3 -0.777061 -1.02972 0.308296
1 -0.744925 -1.02954 0.310228
2 -0.692991 -1.14853 0.323486
1 -0.724482 -1.09418 0.322537
5 -0.812548 -0.693868 0.318869
1 -0.576036 -1.52559 0.337243
3 -0.589367 -1.46515 0.334764
1 -0.58812 -1.46832 0.334498
2 -0.83887 -0.667444 0.306937
1 -0.81973 -0.819659 0.307364
1 -0.812663 -0.739322 0.310188
2 -0.661113 -1.25061 0.323028
1 -0.645182 -1.25456 0.329746
3 -0.810475 -0.697979 0.310555
1 -0.787519 -0.810415 0.31399
1 -0.798949 -0.657056 0.314985
1 -0.766142 -0.645204 0.322658
1 -0.686138 -0.94427 0.326428
1 -0.709926 -0.738557 0.33056
3 -0.755821 -0.715445 0.320684
2 -0.76255 -0.799795 0.31805
3 -0.75091 -0.724145 0.32472
4 -0.819759 -0.590053 0.312561
2 -0.826349 -0.410088 0.324564
3 -0.755866 -0.766646 0.322826
5 -0.677163 -1.04116 0.327095
1 -0.678384 -1.0158 0.325685
2 -0.670839 -1.02 0.325992
1 -0.728563 -0.761661 0.329296
2 -0.829532 -0.473007 0.314725
7 -0.750131 -0.9332 0.316156
1 -0.71563 -1.11122 0.318604
1 -0.722386 -1.10823 0.321732
1 -0.791124 -0.926569 0.316809
4 -0.801428 -0.862098 0.316593
1 -0.7474 -0.951874 0.325489
6 -0.724187 -1.17597 0.321145
4 -0.75728 -0.968367 0.317141
1 -0.774062 -0.896233 0.309947
1 -0.754621 -0.839057 0.312736
1 -0.739215 -0.808989 0.315497
1 -0.721549 -0.877016 0.317875
2 -0.755552 -0.633973 0.319086
2 -0.802662 -0.571149 0.321939
2 -0.763529 -0.850084 0.32593
7 -0.768205 -0.910429 0.322014
8 -0.671963 -1.30571 0.320178
1 -0.611447 -1.32904 0.331255
6 -0.688655 -1.10921 0.325369
1 -0.688468 -1.03497 0.320944
2 -0.746114 -0.838568 0.315828
2 -0.785569 -0.743514 0.315988
2 -0.726195 -0.850005 0.324166
1 -0.718742 -0.832252 0.325916
1 -0.761386 -0.712794 0.323815
6 -0.76458 -0.690789 0.32694
6 -0.837036 -0.398292 0.313547
2 -0.786139 -0.657322 0.318412
6 -0.776479 -0.830625 0.316793
1 -0.690122 -1.21531 0.322888
9 -0.715701 -1.1467 0.318531
5 -0.753622 -0.908273 0.314853
2 -0.786675 -0.776881 0.318711
3 -0.77723 -0.796259 0.312881
8 -0.682072 -1.03728 0.324235
4 -0.789335 -0.618476 0.319928
6 -0.776124 -0.776008 0.319721
3 -0.797022 -0.632026 0.314674
4 -0.789958 -0.643246 0.31061
2 -0.755143 -0.675823 0.321188
3 -0.759433 -0.794019 0.314603
5 -0.850743 -0.457101 0.313551
1 -0.853553 -0.450224 0.31315
4 -0.766087 -0.874818 0.316095
2 -0.780383 -0.836052 0.313482
2 -0.87713 -0.413317 0.303627
4 -0.737851 -0.792842 0.321776
4 -0.709259 -0.969875 0.320191
2 -0.656694 -1.11289 0.322719
1 -0.704162 -0.956052 0.318583
1 -0.705873 -1.07141 0.319077
2 -0.656165 -1.17999 0.323394
3 -0.731695 -1.08749 0.31677
1 -0.768744 -0.972934 0.311365
7 -0.711386 -1.09134 0.317037
2 -0.69052 -1.12458 0.322558
2 -0.782478 -0.818436 0.314889
3 -0.836678 -0.546437 0.313593
6 -0.729129 -0.891482 0.321246
4 -0.746242 -0.875852 0.318678
2 -0.783402 -0.918221 0.308701
3 -0.747199 -1.06468 0.307077
2 -0.806673 -0.748452 0.307557
2 -0.757478 -0.775923 0.31567
4 -0.758643 -0.859311 0.317351
4 -0.74525 -0.892899 0.320168
2 -0.663908 -1.19664 0.325792
2 -0.773237 -0.868034 0.315456
1 -0.76821 -1.0282 0.313562
2 -0.785827 -0.829148 0.310686
1 -0.737007 -0.964509 0.310616
4 -0.73762 -0.751439 0.314253
5 -0.835148 -0.43038 0.313467
1 -0.773976 -0.573925 0.316314
1 -0.80066 -0.537286 0.311833
3 -0.825247 -0.413272 0.320961
2 -0.805197 -0.470916 0.318732
2 -0.828945 -0.38091 0.317735
1 -0.74676 -0.91805 0.319638
4 -0.747936 -0.922404 0.319516
2 -0.826315 -0.619186 0.319309
1 -0.746426 -0.801625 0.324924
1 -0.691106 -0.796409 0.334029
2 -0.683148 -0.805684 0.330294
2 -0.683148 -0.805684 0.330294
2 -0.811839 -0.550997 0.31616
1 -0.81903 -0.539551 0.318228
4 -0.818752 -0.525178 0.319832
1 -0.810525 -0.671007 0.320068
1 -0.825952 -0.616782 0.314715
3 -0.791839 -0.618024 0.322525
1 -0.594552 -1.26697 0.332587
3 -0.649045 -1.136 0.322347
2 -0.716302 -0.823463 0.323358
2 -0.723268 -0.792047 0.323707
6 -0.752424 -0.780896 0.32032
3 -0.811203 -0.553065 0.32264
8 -0.776623 -0.826879 0.322333
2 -0.761378 -0.898553 0.319789
1 -0.730184 -1.00728 0.316648
1 -0.75101 -0.860401 0.315903
1 -0.785574 -0.784355 0.317036
2 -0.785915 -0.680735 0.322824
1 -0.718008 -0.818101 0.326902
1 -0.71014 -0.921565 0.328913
1 -0.684496 -1.25395 0.321641
2 -0.686017 -1.18269 0.325531
5 -0.759884 -0.779595 0.321082
3 -0.839797 -0.526856 0.315799
6 -0.753662 -0.743611 0.32462
4 -0.746404 -0.881525 0.317122
2 -0.738695 -0.902051 0.317699
1 -0.696293 -1.0157 0.324895
1 -0.650188 -1.22516 0.326816
1 -0.697012 -1.07627 0.318682
5 -0.758311 -0.773515 0.321437
6 -0.752504 -0.754337 0.321998
1 -0.797057 -0.712591 0.311935
1 -0.804141 -0.709784 0.317097
5 -0.689111 -1.00068 0.322651
2 -0.688114 -1.02458 0.324476
2 -0.705916 -1.0131 0.323804
5 -0.655351 -1.1684 0.316439
5 -0.814198 -0.620791 0.310445
4 -0.734994 -0.925502 0.315992
1 -0.759611 -0.865995 0.311495
1 -0.794953 -0.650968 0.310813
4 -0.881847 -0.299857 0.312032
11 -0.805022 -0.563719 0.30841
1 -0.835805 -0.337082 0.313913
3 -0.735489 -0.72128 0.327456
1 -0.805323 -0.596054 0.316361
5 -0.780592 -0.787299 0.317163
1 -0.757648 -0.835981 0.314392
3 -0.714959 -0.875339 0.32315
3 -0.740963 -0.798028 0.319678
1 -0.765477 -0.786424 0.317673
1 -0.743479 -0.894173 0.317959
4 -0.664392 -1.16578 0.324588
1 -0.662654 -1.08615 0.327659
1 -0.772224 -0.810816 0.320349
2 -0.827305 -0.699068 0.309907
1 -0.779291 -0.748635 0.318374
2 -0.857845 -0.507423 0.309401
6 -0.844333 -0.607067 0.303029
5 -0.734815 -0.893858 0.329033
4 -0.756269 -0.741377 0.320856
3 -0.800371 -0.629784 0.3216
5 -0.748271 -0.781494 0.323856
1 -0.767156 -0.659314 0.325264
1 -0.751255 -0.729091 0.320053
2 -0.748998 -0.846937 0.319101
4 -0.79436 -0.731166 0.315367
4 -0.69945 -1.05266 0.319187
2 -0.696424 -1.05522 0.319466
2 -0.735435 -0.988704 0.316967
1 -0.70314 -1.06012 0.321308
3 -0.6614 -1.31456 0.319348
6 -0.786337 -0.808856 0.313071
1 -0.829048 -0.632193 0.31334
1 -0.839216 -0.57861 0.306745
5 -0.780105 -0.782975 0.307554
1 -0.726817 -0.943425 0.315678
1 -0.672827 -1.13304 0.319043
3 -0.701085 -0.990652 0.324843
2 -0.742506 -0.790628 0.323759
2 -0.736111 -0.808767 0.32326
1 -0.761984 -0.809648 0.319498
9 -0.71903 -0.827521 0.326641
1 -0.798905 -0.674629 0.320735
1 -0.754426 -0.675802 0.33378
2 -0.81583 -0.445293 0.322088
4 -0.800222 -0.659276 0.31793
11 -0.784851 -0.866768 0.312253
1 -0.708168 -1.17891 0.317928
3 -0.648152 -1.25518 0.320693
1 -0.650897 -1.28419 0.32547
2 -0.687318 -1.29547 0.32167
1 -0.846122 -0.688265 0.313449
1 -0.70777 -0.885863 0.323164
1 -0.729734 -0.972303 0.316613
4 -0.701678 -1.07275 0.316944
1 -0.673135 -1.11454 0.325544
2 -0.709841 -1.11471 0.321197
4 -0.700808 -1.1422 0.320109
5 -0.739363 -0.813168 0.321282
1 -0.720103 -0.953869 0.318342
3 -0.76236 -0.725527 0.317553
4 -0.727071 -0.744836 0.325797
2 -0.755718 -0.886429 0.328022
10 -0.758212 -0.832436 0.330823
4 -0.757726 -0.81926 0.326673
1 -0.736117 -0.965978 0.329226
2 -0.774603 -0.886645 0.317542
3 -0.803382 -0.730902 0.316791
1 -0.786755 -0.817343 0.318653
6 -0.714496 -1.06254 0.314507
3 -0.717595 -1.04014 0.315716
2 -0.561828 -1.63441 0.323993
6 -0.576164 -1.50807 0.324655
2 -0.574445 -1.51115 0.325342
1 -0.554718 -1.58796 0.327689
3 -0.676551 -1.32221 0.314295
2 -0.676234 -1.25228 0.319169
1 -0.660524 -1.29173 0.321894
8 -0.695882 -1.094 0.325935
3 -0.761681 -0.764653 0.319796
2 -0.795866 -0.589023 0.321932
2 -0.767719 -0.722429 0.326589
1 -0.687758 -0.932065 0.327489
5 -0.775844 -0.724177 0.31927
6 -0.786997 -0.733282 0.312978
1 -0.72806 -0.836549 0.322652
1 -0.726979 -0.773 0.323343
4 -0.869568 -0.406217 0.31884
2 -0.762082 -0.784115 0.324745
1 -0.797923 -0.718393 0.319045
4 -0.812171 -0.601417 0.321563
1 -0.782165 -0.716798 0.320427
1 -0.73095 -0.861162 0.322179
2 -0.73836 -0.830296 0.321772
1 -0.743642 -0.829214 0.321107
1 -0.754963 -0.835352 0.318046
1 -0.753173 -0.839166 0.31892
3 -0.77623 -0.769265 0.316551
1 -0.827163 -0.661606 0.315731
3 -0.824108 -0.646101 0.317785
2 -0.767314 -0.76703 0.323132
11 -0.758407 -0.696927 0.32061
2 -0.728135 -0.87787 0.319132
6 -0.741347 -0.955877 0.317286
3 -0.741488 -0.869342 0.317954
1 -0.733747 -0.879439 0.320388
2 -0.79393 -0.697665 0.308071
1 -0.761811 -0.751488 0.322234
3 -0.746661 -0.773213 0.321198
6 -0.716183 -0.927876 0.321478
1 -0.784898 -0.675162 0.321939
1 -0.759745 -0.809056 0.327079
1 -0.790709 -0.807671 0.319335
2 -0.776727 -0.788024 0.313829
1 -0.740226 -0.848064 0.323436
3 -0.715441 -0.872649 0.324115
3 -0.668194 -1.13616 0.326268
1 -0.681317 -1.09205 0.326205
5 -0.66856 -1.09508 0.328641
3 -0.687137 -1.09954 0.321139
3 -0.836793 -0.613403 0.310179
4 -0.843799 -0.582888 0.309419
2 -0.754388 -0.87248 0.310285
1 -0.754433 -0.900774 0.309866
3 -0.739497 -0.999502 0.31122
3 -0.729729 -0.883344 0.318743
2 -0.846705 -0.534579 0.317089
5 -0.768504 -0.850778 0.321965
2 -0.779457 -0.798273 0.3222
2 -0.74981 -0.993273 0.319352
1 -0.780442 -0.919446 0.312094
5 -0.757132 -0.90245 0.318698
2 -0.683396 -0.94606 0.330644
3 -0.749792 -0.76707 0.324159
3 -0.701582 -0.934381 0.316366
1 -0.698754 -0.927942 0.316448
5 -0.735532 -0.805875 0.322912
1 -0.825002 -0.442491 0.320117
2 -0.766656 -0.896698 0.319871
4 -0.741731 -0.988816 0.318534
5 -0.788042 -0.947863 0.312288
5 -0.827413 -0.630716 0.317717
1 -0.77217 -0.849548 0.318726
1 -0.767779 -0.810873 0.316882
9 -0.811418 -0.687107 0.312992
1 -0.761192 -0.891143 0.313829
2 -0.747646 -0.90839 0.311827
1 -0.742399 -0.851208 0.316016
8 -0.757368 -0.632101 0.322189
4 -0.674764 -1.21157 0.318697
6 -0.716948 -1.10268 0.318806
1 -0.68599 -1.02877 0.324628
7 -0.841991 -0.584435 0.313777
2 -0.808408 -0.621444 0.319758
2 -0.766399 -0.729234 0.323296
2 -0.847802 -0.686606 0.310528
1 -0.802404 -0.551174 0.324626
1 -0.794031 -0.61902 0.320407
1 -0.717141 -0.993772 0.322581
7 -0.702974 -1.06967 0.322302
6 -0.776451 -0.766196 0.317125
1 -0.757397 -0.700993 0.324341
2 -0.71603 -0.922333 0.326709
1 -0.681564 -1.02912 0.330335
9 -0.744142 -0.96806 0.322117
2 -0.815825 -0.880271 0.311088
2 -0.790448 -0.980998 0.3121
3 -0.734931 -0.879867 0.322153
1 -0.635526 -1.16453 0.330057
5 -0.752475 -0.579261 0.325415
2 -0.75587 -0.633655 0.31894
4 -0.754478 -0.714264 0.323095
3 -0.760112 -0.697871 0.323409
5 -0.745218 -0.916337 0.320231
1 -0.811834 -0.543707 0.320587
4 -0.705069 -1.1196 0.315571
1 -0.651099 -1.12304 0.326482
2 -0.712701 -0.797569 0.32144
1 -0.727598 -0.801138 0.328764
2 -0.742072 -1.10351 0.312695
3 -0.763163 -0.885968 0.314681
2 -0.731659 -1.0074 0.316457
2 -0.774803 -0.79266 0.315547
3 -0.778117 -0.762904 0.315896
3 -0.766678 -0.811844 0.320405
1 -0.727104 -1.0905 0.314578
3 -0.777834 -0.819018 0.31807
1 -0.813202 -0.540761 0.322575
6 -0.801014 -0.697555 0.317277
2 -0.803033 -0.674414 0.316886
3 -0.74967 -0.850313 0.318569
1 -0.708529 -0.990135 0.320776
2 -0.719995 -0.877066 0.321573
2 -0.589218 -1.52143 0.328378
1 -0.705516 -0.920742 0.32168
2 -0.702058 -1.09851 0.317603
3 -0.684842 -1.09738 0.323924
12 -0.789614 -0.723751 0.315741
1 -0.81908 -0.614429 0.31461
4 -0.799272 -0.520044 0.321627
1 -0.798923 -0.596678 0.323647
1 -0.855188 -0.548243 0.315505
3 -0.782034 -1.02526 0.310744
1 -0.75239 -0.867427 0.316608
3 -0.768568 -0.813779 0.313861
4 -0.799161 -0.732243 0.312066
6 -0.785861 -0.812515 0.313227
3 -0.775044 -0.839247 0.312933
3 -0.780321 -0.76649 0.316472
2 -0.842489 -0.512031 0.313077
8 -0.825452 -0.749232 0.309648
3 -0.8325 -0.71091 0.309532
4 -0.8525 -0.50605 0.314859
1 -0.84877 -0.516254 0.314988
6 -0.87484 -0.36371 0.312681
3 -0.80957 -0.525316 0.31758
1 -0.779232 -0.616338 0.32168
3 -0.776052 -0.665897 0.325485
6 -0.732795 -0.780896 0.328077
1 -0.696063 -0.96413 0.32672
1 -0.752539 -0.797181 0.317431
1 -0.758384 -1.00842 0.314366
1 -0.758094 -1.00094 0.316218
3 -0.722655 -0.940803 0.32784
5 -0.758694 -0.927167 0.310729
2 -0.733226 -0.870669 0.322585
1 -0.741792 -0.85543 0.321836
1 -0.737269 -0.887324 0.319752
1 -0.780013 -0.672275 0.318842
2 -0.773843 -0.655352 0.320872
1 -0.768644 -0.702938 0.319215
4 -0.757715 -0.859085 0.323334
4 -0.763334 -0.847198 0.324714
3 -0.775799 -0.746682 0.321876
7 -0.748991 -0.81042 0.321234
6 -0.736391 -0.850518 0.324735
3 -0.73845 -0.849866 0.323857
2 -0.787121 -0.661904 0.32056
6 -0.800428 -0.592068 0.324635
7 -0.745212 -0.981148 0.316011
1 -0.716437 -1.02191 0.321439
4 -0.740807 -0.920837 0.316682
5 -0.696311 -1.12009 0.31774
1 -0.757519 -0.820348 0.317221
2 -0.750118 -0.721539 0.324295
5 -0.781635 -0.627224 0.322145
5 -0.781013 -0.600923 0.321431
1 -0.837988 -0.488938 0.310434
5 -0.724174 -0.998577 0.31494
1 -0.740453 -0.960057 0.31585
7 -0.755777 -0.947328 0.318235
1 -0.792326 -0.872924 0.312014
1 -0.813398 -0.791652 0.313551
1 -0.76922 -0.969414 0.316266
1 -0.734498 -1.01396 0.314972
3 -0.726244 -0.973033 0.322155
2 -0.75019 -0.983046 0.320585
4 -0.716145 -0.905329 0.331191
1 -0.792832 -0.672851 0.320696
2 -0.813359 -0.711113 0.311528
5 -0.736732 -0.86586 0.318471
7 -0.859675 -0.560329 0.31034
1 -0.949602 -0.248467 0.306088
4 -0.752685 -0.911334 0.321307
4 -0.741314 -0.807411 0.324257
2 -0.753432 -0.933986 0.317785
1 -0.798193 -0.764152 0.31104
1 -0.781074 -0.831793 0.309038
1 -0.747028 -1.10086 0.30993
3 -0.770248 -0.910787 0.31388
2 -0.690361 -1.04057 0.325112
5 -0.808141 -0.687553 0.315355
2 -0.784051 -0.810134 0.315962
1 -0.786818 -0.837828 0.312643
2 -0.73707 -0.996882 0.315769
1 -0.638692 -1.26984 0.322219
1 -0.694739 -1.08243 0.320308
1 -0.727104 -0.939409 0.31788
8 -0.720112 -0.973111 0.318291
3 -0.738247 -0.866164 0.319886
3 -0.787971 -0.675135 0.316837
4 -0.743806 -0.817055 0.320798
1 -0.741134 -0.856973 0.316583
5 -0.741618 -0.777154 0.317884
3 -0.883878 -0.406166 0.307386
3 -0.91038 -0.335777 0.306744
2 -0.837082 -0.470722 0.314709
2 -0.822541 -0.51754 0.315065
2 -0.801411 -0.685416 0.310228
6 -0.741992 -0.767934 0.320319
3 -0.699064 -0.933657 0.326123
2 -0.719909 -0.958854 0.326735
1 -0.765277 -0.794884 0.319872
1 -0.843263 -0.492911 0.318434
4 -0.75535 -0.840674 0.321582
5 -0.805975 -0.674001 0.317135
1 -0.646985 -1.31915 0.321619
3 -0.650529 -1.35343 0.31762
1 -0.652774 -1.29944 0.318852
1 -0.836134 -0.801156 0.304684
1 -0.801531 -0.816267 0.306732
1 -0.681948 -1.10632 0.319174
2 -0.681215 -1.15803 0.317812
5 -0.624762 -1.52731 0.322146
3 -0.674097 -1.29 0.3205
2 -0.702141 -1.15666 0.322334
2 -0.677402 -1.20909 0.324281
1 -0.677587 -1.39666 0.317197
3 -0.601935 -1.51153 0.32139
3 -0.634518 -1.41463 0.319381
1 -0.657867 -1.28798 0.315397
1 -0.660056 -1.282 0.315444
1 -0.61825 -1.33208 0.323687
5 -0.629082 -1.13605 0.32965
5 -0.602708 -1.30848 0.326852
2 -0.689071 -0.995749 0.323691
4 -0.731402 -0.837005 0.325288
6 -0.691272 -1.02373 0.325002
6 -0.65047 -1.34354 0.317119
1 -0.69919 -1.11298 0.32374
3 -0.756846 -0.893428 0.320022
3 -0.747625 -0.932869 0.322901
4 -0.745578 -0.932087 0.322961
3 -0.803394 -0.593199 0.320264
2 -0.766513 -0.824623 0.316668
5 -0.849491 -0.465539 0.3191
2 -0.853893 -0.449873 0.318937
1 -0.825042 -0.4251 0.322484
4 -0.758615 -0.930756 0.314573
1 -0.813757 -0.74672 0.309708
4 -0.882107 -0.465775 0.306612
1 -0.728515 -0.75203 0.320278
5 -0.705656 -0.943372 0.321226
1 -0.702186 -1.05758 0.318534
3 -0.683703 -1.20254 0.31819
1 -0.751671 -0.967453 0.311161
4 -0.676408 -1.21231 0.324737
5 -0.75603 -0.822069 0.315038
1 -0.741109 -0.905881 0.315238
4 -0.689495 -0.957939 0.325059
2 -0.787199 -0.715143 0.320198
5 -0.7415 -0.840101 0.321542
3 -0.799813 -0.6226 0.320349
2 -0.817165 -0.58954 0.317517
1 -0.829431 -0.618958 0.313484
8 -0.782707 -0.816323 0.314265
3 -0.802817 -0.831134 0.309004
6 -0.801595 -0.828765 0.30915
1 -0.698769 -1.22442 0.313321
2 -0.736183 -0.990318 0.314191
6 -0.779222 -0.699229 0.31757
1 -0.668328 -1.02249 0.329277
2 -0.709404 -0.989226 0.321351
1 -0.664691 -1.16142 0.324673
3 -0.647154 -1.18351 0.33046
3 -0.741421 -0.916666 0.314041
2 -0.753504 -0.865845 0.312533
3 -0.745083 -0.904249 0.312851
14 -0.743344 -0.755056 0.324853
3 -0.800437 -0.55721 0.317982
3 -0.738037 -0.845279 0.325908
2 -0.731407 -0.875632 0.324097
1 -0.768059 -0.780465 0.315688
4 -0.750393 -0.906816 0.315063
3 -0.649849 -1.07386 0.33867
2 -0.684499 -0.970684 0.335311
1 -0.718494 -0.894689 0.318182
1 -0.715508 -0.898515 0.318209
2 -0.768592 -0.661913 0.316426
3 -0.834296 -0.423358 0.313322
2 -0.842643 -0.421874 0.316558
3 -0.726247 -0.996529 0.321978
1 -0.794028 -0.821804 0.318704
4 -0.770711 -0.698192 0.32229
1 -0.784222 -0.614582 0.32284
6 -0.835059 -0.47271 0.317841
2 -0.80333 -0.623509 0.32003
1 -0.739507 -0.901122 0.317892
1 -0.730254 -0.920526 0.320763
1 -0.661437 -1.19093 0.322554
2 -0.725711 -0.998202 0.314378
5 -0.723101 -1.16292 0.307918
4 -0.694386 -1.25902 0.311228
3 -0.692095 -1.11016 0.31656
10 -0.689811 -1.12799 0.321514
1 -0.802659 -0.660537 0.312345
5 -0.833591 -0.404998 0.320346
7 -0.834656 -0.420525 0.318153
3 -0.70676 -1.00571 0.319404
3 -0.759384 -0.716774 0.32174
3 -0.878326 -0.470863 0.3092
2 -0.825207 -0.549616 0.312181
6 -0.838989 -0.519405 0.312744
1 -0.799987 -0.709388 0.314994
2 -0.797928 -0.684578 0.31886
1 -0.75348 -0.98824 0.317481
2 -0.727112 -0.966427 0.321642
4 -0.663371 -1.21078 0.324242
2 -0.702725 -1.04078 0.315922
7 -0.762598 -0.781889 0.312985
6 -0.661295 -1.20096 0.317553
5 -0.690926 -1.02999 0.319644
2 -0.62754 -1.26127 0.324824
1 -0.881372 -0.288627 0.313612
1 -0.837886 -0.401814 0.321544
4 -0.794819 -0.77068 0.318382
2 -0.788013 -0.796139 0.320924
2 -0.69958 -1.05203 0.323185
2 -0.758027 -0.79262 0.316752
1 -0.730582 -0.935062 0.318707
2 -0.656595 -1.14989 0.325674
7 -0.658803 -1.20011 0.323006
4 -0.803061 -0.63924 0.3188
3 -0.833021 -0.462715 0.322765
1 -0.866036 -0.472641 0.312506
1 -0.819243 -0.589006 0.314073
3 -0.790839 -0.636006 0.321159
1 -0.798738 -0.573727 0.320807
3 -0.788556 -0.584093 0.320077
1 -0.775542 -0.743273 0.320132
1 -0.72667 -0.942326 0.322113
2 -0.657818 -1.34512 0.318266
2 -0.722786 -1.14895 0.320381
7 -0.667054 -1.26812 0.328344
2 -0.694073 -1.21403 0.328226
2 -0.712425 -0.954134 0.327692
1 -0.692226 -0.916943 0.334575
1 -0.78625 -0.62611 0.319433
1 -0.742586 -0.767301 0.32573
6 -0.79893 -0.565714 0.319261
2 -0.758336 -0.681975 0.320536
5 -0.777216 -0.626222 0.320057
1 -0.756039 -0.720845 0.319133
1 -0.76572 -0.740097 0.323046
3 -0.799405 -0.681162 0.322129
1 -0.754232 -0.836755 0.321863
4 -0.749203 -0.89945 0.320842
1 -0.756695 -0.93142 0.322378
5 -0.811974 -0.743139 0.316211
2 -0.758265 -0.754739 0.32225
1 -0.687592 -1.04023 0.324105
7 -0.725587 -1.05241 0.322163
1 -0.795683 -0.734086 0.318451
1 -0.723336 -0.746577 0.323967
1 -0.705641 -0.843849 0.323168
2 -0.741899 -0.885159 0.313002
1 -0.693076 -1.21647 0.30941
1 -0.696888 -1.21526 0.316716
1 -0.770891 -0.911801 0.312252
4 -0.688004 -1.23749 0.316405
4 -0.773072 -0.906026 0.316904
7 -0.789578 -0.858154 0.316955
1 -0.70775 -0.957238 0.322577
3 -0.70802 -0.972283 0.322426
1 -0.692176 -1.03446 0.321272
4 -0.717281 -0.924267 0.321141
6 -0.727918 -0.89901 0.317294
1 -0.812182 -0.727637 0.307732
5 -0.781507 -0.749619 0.314211
3 -0.721171 -0.994229 0.326119
7 -0.680334 -1.08597 0.326274
1 -0.740809 -0.94869 0.318963
1 -0.735455 -0.989498 0.317358
2 -0.683609 -1.04863 0.32077
5 -0.708501 -1.0516 0.317839
6 -0.686211 -1.05185 0.317933
3 -0.657957 -1.33467 0.313673
2 -0.710215 -0.902747 0.325515
6 -0.690841 -1.13739 0.318468
1 -0.683366 -1.09179 0.320224
2 -0.721603 -0.958531 0.315927
2 -0.73231 -0.864501 0.318523
1 -0.764457 -0.929886 0.31284
3 -0.837172 -0.669816 0.303882
2 -0.761541 -0.894421 0.307288
1 -0.852648 -0.439868 0.308418
3 -0.758767 -0.889013 0.319575
1 -0.731616 -1.03516 0.321332
4 -0.725435 -1.01038 0.322178
1 -0.674949 -1.07434 0.327513
2 -0.7888 -0.750444 0.319688
1 -0.839993 -0.6135 0.318044
4 -0.792626 -0.667956 0.314744
3 -0.822833 -0.558102 0.311281
2 -0.795597 -0.66364 0.31723
1 -0.752675 -0.884839 0.319534
1 -0.76901 -0.780059 0.319915
4 -0.736805 -0.856874 0.323728
4 -0.745674 -1.02528 0.312919
3 -0.767536 -0.760509 0.320969
1 -0.811559 -0.526747 0.325821
1 -0.828757 -0.559939 0.314588
1 -0.850915 -0.522698 0.312901
1 -0.854411 -0.356745 0.317451
1 -0.800398 -0.679135 0.324681
1 -0.760591 -0.920868 0.326546
3 -0.719015 -1.0309 0.322509
1 -0.707686 -0.890263 0.329886
1 -0.747943 -0.803711 0.318413
1 -0.802982 -0.562356 0.318008
2 -0.812469 -0.609794 0.315131
1 -0.786894 -0.722317 0.314966
1 -0.699198 -1.08975 0.319466
8 -0.711849 -1.05961 0.319031
3 -0.712777 -1.0479 0.320798
7 -0.756291 -0.800888 0.319795
4 -0.777922 -0.749675 0.316615
3 -0.819379 -0.641178 0.313986
5 -0.838139 -0.583303 0.307181
6 -0.769518 -0.766328 0.317492
2 -0.715865 -0.907952 0.323079
1 -0.770981 -0.826343 0.313278
1 -0.773462 -0.688881 0.317418
8 -0.789903 -0.867006 0.314661
5 -0.724093 -0.991968 0.323632
2 -0.81739 -0.872667 0.311714
5 -0.940011 -0.294869 0.30931
2 -0.868672 -0.414428 0.312701
10 -0.761948 -0.796233 0.323959
6 -0.762131 -0.785684 0.324792
3 -0.811378 -0.71833 0.31523
5 -0.802115 -0.721704 0.316487
5 -0.801138 -0.863242 0.315023
1 -0.82723 -0.699239 0.316771
1 -0.814898 -0.569786 0.321932
5 -0.824435 -0.509889 0.317303
8 -0.761048 -0.835212 0.318863
2 -0.720249 -0.855834 0.325226
4 -0.726543 -0.735186 0.325069
1 -0.799869 -0.856056 0.31565
1 -0.766474 -0.939219 0.320461
6 -0.648978 -1.30506 0.323467
5 -0.665019 -1.25274 0.326827
1 -0.60824 -1.49892 0.329944
1 -0.62031 -1.44963 0.330831
2 -0.716123 -0.877994 0.326282
2 -0.799277 -0.716516 0.318298
1 -0.667524 -1.20326 0.322724
1 -0.81271 -0.612715 0.316987
3 -0.797623 -0.792347 0.310503
1 -0.831619 -0.58294 0.314317
6 -0.771998 -0.807451 0.31816
2 -0.641925 -1.21565 0.329327
1 -0.687299 -1.12717 0.328588
11 -0.773167 -0.895923 0.317829
3 -0.784882 -0.810054 0.314054
1 -0.827066 -0.64993 0.313644
1 -0.784084 -0.725391 0.313302
1 -0.783213 -0.654769 0.313657
1 -0.812383 -0.576904 0.308575
2 -0.75361 -1.00101 0.317161
2 -0.729848 -0.959647 0.321566
2 -0.854237 -0.486359 0.31595
7 -0.832092 -0.646536 0.316023
1 -0.869429 -0.51369 0.315296
1 -0.849116 -0.44722 0.319543
2 -0.796207 -0.693143 0.319442
2 -0.755605 -0.784804 0.323788
1 -0.775099 -0.576213 0.325102
4 -0.739349 -0.89247 0.317847
1 -0.813877 -0.500675 0.316331
1 -0.769366 -0.75187 0.315509
1 -0.691539 -1.00577 0.324095
1 -0.679589 -1.04808 0.32372
1 -0.702104 -1.08679 0.319446
4 -0.80708 -0.569262 0.316632
5 -0.833645 -0.536534 0.316022
1 -0.787166 -0.660363 0.318919
3 -0.834772 -0.641741 0.310692
2 -0.712615 -1.06488 0.322056
1 -0.679137 -1.19116 0.322144
1 -0.75291 -0.950973 0.317293
8 -0.741092 -1.00757 0.315393
1 -0.754658 -0.864825 0.317144
1 -0.842253 -0.605046 0.313769
1 -0.810347 -0.607973 0.322368
1 -0.835736 -0.436421 0.323221
2 -0.736769 -0.992658 0.319596
1 -0.659279 -1.20933 0.327945
3 -0.658192 -1.21269 0.324359
2 -0.712544 -1.0487 0.321883
2 -0.663483 -1.0923 0.32733
1 -0.725141 -0.799583 0.3198
4 -0.716698 -1.1401 0.31148
1 -0.690231 -0.998973 0.326396
3 -0.691606 -0.95645 0.326822
7 -0.724344 -0.860847 0.320225
2 -0.726216 -0.893908 0.319612
5 -0.717549 -0.812472 0.32151
2 -0.771837 -0.803896 0.320723
4 -0.770737 -0.834534 0.315042
3 -0.78491 -0.605908 0.315641
4 -0.769906 -0.83858 0.312861
1 -0.759293 -0.955526 0.314047
2 -0.822224 -0.607708 0.313745
1 -0.752243 -0.750366 0.317414
1 -0.787895 -0.64357 0.32215
1 -0.802436 -0.612387 0.321758
8 -0.742748 -0.755353 0.326715
2 -0.722946 -0.911489 0.323947
2 -0.763564 -0.961938 0.3142
2 -0.735716 -1.00277 0.318195
5 -0.681201 -1.1633 0.323881
4 -0.627392 -1.38356 0.323425
1 -0.690884 -1.23835 0.312392
1 -0.766552 -0.936885 0.31121
1 -0.71277 -1.08025 0.322144
2 -0.660071 -1.1189 0.323686
1 -0.755932 -0.803523 0.32083
1 -0.767703 -0.769065 0.31535
1 -0.726761 -0.947852 0.318547
5 -0.742669 -0.872878 0.317433
1 -0.689507 -1.04748 0.325341
7 -0.701878 -1.03554 0.323836
5 -0.706824 -1.04627 0.322017
3 -0.813818 -0.59658 0.31508
7 -0.750648 -0.786341 0.3246
2 -0.798183 -0.657956 0.316027
1 -0.759946 -0.866136 0.315473
10 -0.793899 -0.804278 0.313494
1 -0.835825 -0.590601 0.31704
1 -0.816622 -0.680346 0.310941
1 -0.778693 -0.749512 0.319543
10 -0.769215 -0.731745 0.321983
4 -0.838538 -0.574256 0.317581
1 -0.809548 -0.676663 0.314902
1 -0.809004 -0.703 0.313724
2 -0.799622 -0.801445 0.310684
14 -0.743419 -0.86011 0.32221
4 -0.81209 -0.489325 0.327159
7 -0.783209 -0.692316 0.321975
5 -0.664826 -1.22415 0.333007
2 -0.651672 -1.16622 0.328277
2 -0.630527 -1.29106 0.327272
1 -0.648843 -1.21067 0.327825
1 -0.657521 -1.45956 0.323318
2 -0.577496 -1.57886 0.333773
4 -0.643763 -1.40128 0.318488
1 -0.778452 -0.823023 0.31979
3 -0.712044 -0.959741 0.327429
1 -0.655578 -1.02829 0.329382
3 -0.680748 -0.86125 0.330202
6 -0.743768 -0.776846 0.312756
1 -0.744627 -1.01914 0.310353
2 -0.772798 -0.862081 0.320174
4 -0.728021 -0.93034 0.320758
1 -0.735662 -0.978364 0.312353
1 -0.661028 -1.0632 0.323894
3 -0.775286 -0.776629 0.309713
1 -0.82468 -0.627479 0.312949
1 -0.832675 -0.741575 0.304119
6 -0.743156 -1.01332 0.310881
1 -0.773019 -0.75839 0.317875
1 -0.685612 -1.22885 0.321818
3 -0.684014 -1.1132 0.321158
1 -0.690827 -1.01866 0.323315
1 -0.690878 -1.01843 0.323301
3 -0.76504 -0.693507 0.319789
4 -0.786894 -0.540553 0.323668
2 -0.720184 -0.875943 0.322939
2 -0.704613 -0.865967 0.32569
2 -0.670583 -1.06791 0.325871
4 -0.649053 -1.10405 0.326954
2 -0.66432 -1.18704 0.320685
2 -0.717058 -1.04112 0.316971
1 -0.790786 -0.802371 0.311526
1 -0.772334 -0.947772 0.309721
1 -0.733427 -1.02396 0.318113
5 -0.729843 -1.11467 0.313671
7 -0.761977 -0.90758 0.307471
1 -0.742222 -0.789617 0.312337
5 -0.738312 -0.965671 0.314768
3 -0.723114 -1.12522 0.313179
2 -0.706133 -0.961073 0.324087
5 -0.751851 -0.843819 0.31056
2 -0.694982 -1.16378 0.314279
1 -0.678321 -1.1057 0.322188
2 -0.720817 -0.969572 0.319523
1 -0.800094 -0.697458 0.316989
3 -0.8078 -0.687782 0.312482
1 -0.730755 -0.915349 0.314543
3 -0.723833 -1.02384 0.318473
3 -0.684316 -1.11781 0.324627
2 -0.69945 -1.13665 0.316811
3 -0.645797 -1.3715 0.317621
1 -0.761748 -1.0045 0.317971
6 -0.74165 -0.938896 0.320492
9 -0.765764 -0.729088 0.318566
1 -0.799403 -0.51681 0.319191
5 -0.822317 -0.611441 0.310546
4 -0.81089 -0.676525 0.308426
2 -0.716595 -0.942309 0.316475
2 -0.74076 -0.947773 0.315718
3 -0.76541 -0.903977 0.319923
2 -0.79844 -0.642089 0.323148
1 -0.786613 -0.578663 0.322062
2 -0.808375 -0.599737 0.319305
1 -0.799027 -0.674351 0.314405
3 -0.830409 -0.585175 0.316303
7 -0.777117 -0.624542 0.326742
1 -0.784499 -0.697986 0.319353
4 -0.840189 -0.558098 0.318359
1 -0.770785 -0.913344 0.315615
1 -0.732135 -0.890545 0.321934
1 -0.743535 -0.864955 0.319032
1 -0.836589 -0.474744 0.312353
1 -0.787563 -0.703419 0.312824
2 -0.679371 -1.25768 0.313522
2 -0.677681 -1.26468 0.31983
1 -0.724929 -0.979807 0.318958
1 -0.673129 -1.17751 0.319554
6 -0.62343 -1.37361 0.322256
3 -0.719739 -0.778905 0.322013
3 -0.743192 -0.785731 0.324357
1 -0.750705 -0.808115 0.31627
1 -0.801278 -0.612232 0.312869
1 -0.806667 -0.612229 0.317352
3 -0.830478 -0.629962 0.311768
1 -0.811415 -0.651883 0.314544
1 -0.790009 -0.673615 0.317118
2 -0.860846 -0.33335 0.318541
8 -0.764359 -0.65753 0.322056
2 -0.749802 -0.703261 0.322944
8 -0.704518 -1.03492 0.319919
2 -0.693042 -1.0691 0.318831
3 -0.725063 -0.9057 0.318856
4 -0.790181 -0.721512 0.319
2 -0.755413 -0.788581 0.323154
1 -0.717287 -0.928515 0.323468
9 -0.673976 -1.23429 0.323813
4 -0.673848 -1.23192 0.324318
1 -0.807516 -0.79919 0.312599
2 -0.757006 -0.814837 0.318868
1 -0.854839 -0.570151 0.311816
3 -0.63202 -1.30412 0.326772
6 -0.614251 -1.39318 0.328886
3 -0.631845 -1.51662 0.322233
3 -0.741968 -1.00981 0.322035
5 -0.773581 -0.89002 0.312877
2 -0.724678 -1.02198 0.32286
2 -0.704512 -0.979235 0.32398
2 -0.751118 -0.842027 0.314738
3 -0.737434 -0.837228 0.317728
1 -0.854471 -0.42024 0.313729
1 -0.852982 -0.471573 0.311754
2 -0.780915 -0.78106 0.313887
1 -0.722708 -1.07119 0.316995
2 -0.686173 -1.04916 0.319224
1 -0.710934 -0.972857 0.315032
2 -0.718841 -0.974708 0.31188
4 -0.674206 -1.11563 0.320229
3 -0.729167 -0.798755 0.320372
1 -0.698177 -0.819502 0.327149
1 -0.753775 -0.798064 0.318078
5 -0.671129 -1.08747 0.325198
2 -0.652175 -1.23756 0.324467
1 -0.700462 -1.04563 0.321195
1 -0.759868 -0.871961 0.314722
2 -0.775929 -0.819759 0.314375
2 -0.817267 -0.587605 0.311029
2 -0.798586 -0.597111 0.311888
4 -0.820209 -0.578893 0.315676
2 -0.798258 -0.583886 0.314875
1 -0.783088 -0.639871 0.320089
4 -0.797351 -0.707439 0.317736
1 -0.760705 -0.894889 0.317683
2 -0.765628 -0.883199 0.316792
1 -0.666637 -1.08247 0.324686
2 -0.74674 -0.888151 0.31842
3 -0.729746 -0.894733 0.322635
1 -0.750478 -0.786476 0.32312
2 -0.710382 -0.968966 0.321784
2 -0.807373 -0.662505 0.319114
1 -0.758795 -0.828055 0.32546
5 -0.825251 -0.583589 0.31665
3 -0.804857 -0.601409 0.317328
1 -0.705886 -1.05509 0.318816
2 -0.708157 -1.03359 0.319116
8 -0.738202 -0.872567 0.318713
4 -0.702002 -1.10599 0.317465
8 -0.724037 -0.888005 0.322519
1 -0.728582 -0.842048 0.322312
2 -0.716261 -0.897048 0.322044
1 -0.83566 -0.396662 0.322726
2 -0.824364 -0.469385 0.323639
3 -0.817517 -0.539541 0.322335
2 -0.815002 -0.530709 0.322531
2 -0.851206 -0.55459 0.314774
4 -0.870109 -0.426624 0.3125
2 -0.852556 -0.57909 0.309892
1 -0.848598 -0.506937 0.309323
4 -0.865398 -0.540251 0.299004
1 -0.847235 -0.501218 0.303238
8 -0.799087 -0.836714 0.300664
10 -0.768737 -0.850178 0.310264
2 -0.780788 -0.846464 0.316285
6 -0.755612 -0.977055 0.320421
2 -0.674177 -1.28622 0.326071
1 -0.734415 -0.947942 0.317789
1 -0.671248 -1.18081 0.319003
1 -0.741957 -0.871491 0.316591
2 -0.766568 -0.884687 0.311066
1 -0.873791 -0.468847 0.314913
1 -0.853124 -0.527585 0.315943
1 -0.859271 -0.310282 0.316729
2 -0.794532 -0.559184 0.321208
2 -0.794584 -0.549428 0.325594
5 -0.736881 -0.761866 0.327797
1 -0.80215 -0.563171 0.322849
5 -0.805301 -0.561192 0.320916
2 -0.798578 -0.573208 0.319121
1 -0.77063 -0.67824 0.319979
2 -0.759534 -0.729769 0.318323
1 -0.851517 -0.512057 0.318016
1 -0.772521 -0.915338 0.317022
3 -0.810591 -0.771891 0.315055
2 -0.742762 -0.917983 0.319267
2 -0.6351 -1.26497 0.330055
3 -0.760065 -0.622241 0.327057
6 -0.755438 -0.660849 0.32756
4 -0.739991 -0.795501 0.323248
4 -0.771671 -0.812007 0.318831
2 -0.779685 -0.847974 0.319136
4 -0.729551 -1.00634 0.320353
2 -0.678638 -1.07275 0.32019
1 -0.610852 -1.40853 0.323086
3 -0.68751 -1.21716 0.313009
2 -0.787347 -0.655735 0.315698
1 -0.790955 -0.634708 0.317446
4 -0.807524 -0.557083 0.318558
4 -0.782991 -0.701262 0.318724
3 -0.840252 -0.575309 0.312833
1 -0.826511 -0.603502 0.315311
3 -0.796913 -0.830965 0.314004
3 -0.777872 -0.823306 0.316859
9 -0.660745 -1.25864 0.320099
2 -0.624929 -1.19152 0.331569
5 -0.704297 -0.878714 0.327549
3 -0.794623 -0.759989 0.314171
2 -0.785523 -0.929715 0.3105
2 -0.754062 -0.825227 0.315726
3 -0.69036 -1.07447 0.318796
3 -0.695182 -1.06045 0.320566
3 -0.681373 -1.23947 0.319556
2 -0.594098 -1.44151 0.327821
2 -0.67427 -1.2048 0.318866
1 -0.713667 -1.1372 0.317977
5 -0.733564 -0.84582 0.323374
3 -0.741206 -0.800566 0.318494
3 -0.841338 -0.452037 0.310434
1 -0.733852 -0.845237 0.311329
1 -0.738147 -0.886772 0.310178
3 -0.80176 -0.736385 0.313729
4 -0.689554 -1.17514 0.319802
1 -0.760147 -0.604672 0.32622
3 -0.778898 -0.664579 0.322585
3 -0.749935 -0.824371 0.314362
1 -0.80199 -0.574169 0.312038
1 -0.672659 -0.988439 0.331739
6 -0.689826 -1.12803 0.31613
3 -0.637226 -1.37519 0.321657
4 -0.696219 -1.06354 0.319773
2 -0.760997 -0.951213 0.316245
4 -0.742613 -1.05327 0.320062
1 -0.729763 -1.0225 0.317973
1 -0.766615 -0.858841 0.313453
3 -0.705905 -1.03289 0.315132
2 -0.832208 -0.563339 0.313146
6 -0.824559 -0.573368 0.318532
3 -0.75542 -0.914901 0.318862
1 -0.798019 -0.821183 0.311817
2 -0.843968 -0.647047 0.306805
2 -0.783926 -0.756198 0.316087
2 -0.733025 -0.900847 0.322066
4 -0.716814 -1.00459 0.31382
1 -0.720948 -1.05313 0.316437
7 -0.728885 -0.981254 0.318658
4 -0.779575 -0.901242 0.308909
2 -0.799183 -0.786618 0.310858
2 -0.706045 -1.16255 0.319663
1 -0.766781 -1.02511 0.30948
1 -0.719463 -1.15341 0.318483
6 -0.842055 -0.625954 0.308541
7 -0.758882 -0.933626 0.309374
2 -0.720922 -1.00506 0.316024
4 -0.758289 -0.764653 0.319943
2 -0.73228 -0.956817 0.316672
3 -0.655372 -1.3856 0.317446
1 -0.779222 -0.780759 0.322442
2 -0.780812 -0.762063 0.316265
2 -0.749742 -0.82641 0.319296
1 -0.78818 -0.757194 0.3175
3 -0.819167 -0.629347 0.315007
1 -0.744403 -0.872921 0.325635
2 -0.73662 -0.907099 0.328281
4 -0.750845 -0.859366 0.326635
3 -0.798768 -0.753882 0.316852
2 -0.845024 -0.597803 0.303708
6 -0.851742 -0.470559 0.31235
4 -0.829602 -0.598743 0.313028
2 -0.747631 -1.07296 0.312929
2 -0.798337 -0.635204 0.319072
1 -0.755617 -0.756092 0.323567
5 -0.656476 -1.15068 0.331853
7 -0.625048 -1.20912 0.334842
4 -0.61712 -1.32556 0.334657
1 -0.736268 -0.912735 0.319411
4 -0.679029 -1.12285 0.321825
1 -0.658886 -1.191 0.321525
2 -0.76498 -0.822048 0.315772
4 -0.781483 -0.823252 0.314381
1 -0.83843 -0.520114 0.312957
3 -0.809953 -0.572422 0.317902
7 -0.747521 -0.733683 0.328458
2 -0.744478 -0.731002 0.330613
4 -0.745625 -0.742427 0.330303
4 -0.733865 -0.866127 0.318431
4 -0.697569 -0.942644 0.330043
5 -0.721141 -0.846652 0.332366
2 -0.683635 -1.10127 0.322266
3 -0.699571 -1.21701 0.316452
2 -0.745713 -1.06854 0.309504
1 -0.718497 -1.24802 0.309741
1 -0.679005 -1.38102 0.309352
3 -0.700689 -1.33947 0.306236
1 -0.732753 -1.06197 0.308993
1 -0.756904 -0.997219 0.306552
4 -0.814894 -0.708842 0.311021
6 -0.688956 -1.03702 0.329583
1 -0.749436 -0.769907 0.330087
5 -0.738921 -0.896007 0.327905
6 -0.777025 -0.691756 0.327161
2 -0.848274 -0.410279 0.318848
1 -0.69243 -0.903067 0.322814
5 -0.639983 -1.10927 0.333819
4 -0.652054 -1.13118 0.33435
1 -0.689388 -1.09111 0.321843
2 -0.774264 -0.916531 0.31982
1 -0.80283 -0.745529 0.312526
2 -0.794918 -0.763924 0.313256
1 -0.770076 -0.960687 0.309346
1 -0.759865 -0.906282 0.313977
3 -0.773452 -0.840348 0.321729
2 -0.769675 -0.793723 0.31339
1 -0.781983 -0.784955 0.309938
1 -0.755836 -0.965555 0.311103
4 -0.725118 -1.03045 0.315963
1 -0.723488 -1.00831 0.318605
1 -0.715646 -1.00379 0.318086
1 -0.700956 -1.02541 0.323699
1 -0.789821 -0.711809 0.317371
2 -0.743016 -0.934725 0.315707
1 -0.784594 -0.776452 0.314
2 -0.750158 -0.773798 0.321905
2 -0.728083 -0.848975 0.322907
2 -0.726198 -0.756848 0.325058
1 -0.57686 -1.35416 0.337941
2 -0.634215 -1.28237 0.330214
4 -0.72146 -0.931761 0.322123
1 -0.647928 -1.23464 0.317429
3 -0.627744 -1.41486 0.323982
1 -0.64118 -1.31817 0.327145
1 -0.738734 -0.907956 0.320631
2 -0.798603 -0.697822 0.316543
6 -0.68669 -1.11742 0.320126
1 -0.737692 -0.845377 0.321884
1 -0.702087 -1.05486 0.324375
2 -0.750608 -0.919393 0.320656
6 -0.791749 -0.806925 0.316997
1 -0.775509 -0.819177 0.316768
2 -0.71487 -1.00452 0.316568
2 -0.812474 -0.72577 0.312905
1 -0.717038 -1.03167 0.320541
2 -0.728735 -0.919926 0.32783
3 -0.684122 -1.02832 0.330128
1 -0.717863 -0.796863 0.325714
3 -0.735524 -0.813728 0.321644
2 -0.74456 -1.00774 0.314887
4 -0.751646 -0.784811 0.326548
1 -0.753068 -0.766835 0.327938
2 -0.759889 -0.981075 0.3191
3 -0.765716 -0.965706 0.319749
1 -0.749553 -0.811729 0.326262
2 -0.848833 -0.550834 0.314465
1 -0.804668 -0.652381 0.320844
2 -0.762084 -0.748037 0.319492
2 -0.789231 -0.657006 0.32078
12 -0.723353 -0.926398 0.320147
1 -0.719404 -0.921677 0.323597
3 -0.742639 -0.796074 0.329309
2 -0.767978 -0.761173 0.320933
2 -0.744998 -0.877267 0.320572
1 -0.728228 -0.808709 0.322865
1 -0.722884 -0.923508 0.321184
4 -0.730854 -0.954596 0.319502
1 -0.726567 -0.942548 0.319339
1 -0.777813 -0.72756 0.31975
2 -0.766914 -0.801543 0.31776
2 -0.789436 -0.783236 0.314402
8 -0.78559 -0.813551 0.316288
1 -0.782925 -0.660423 0.315497
2 -0.847067 -0.473455 0.318563
1 -0.842107 -0.486012 0.323262
4 -0.904566 -0.315985 0.316687
7 -0.688682 -1.02475 0.328695
2 -0.678837 -1.11904 0.318088
2 -0.678971 -1.07091 0.325263
4 -0.773675 -0.63845 0.317347
8 -0.824721 -0.508006 0.319309
2 -0.779952 -0.691229 0.319526
3 -0.755451 -0.829595 0.318968
4 -0.755084 -0.795708 0.31816
1 -0.70327 -0.93359 0.320467
1 -0.713504 -0.918615 0.323925
6 -0.655541 -1.18819 0.324855
2 -0.643677 -1.25686 0.327223
1 -0.609998 -1.38438 0.326412
5 -0.653844 -1.24905 0.323395
1 -0.735584 -0.936135 0.321029
1 -0.736185 -0.990696 0.319715
3 -0.713551 -1.06092 0.317641
1 -0.691409 -1.02201 0.323926
2 -0.765275 -0.772058 0.314186
3 -0.726879 -1.03658 0.318571
7 -0.766955 -0.843463 0.313893
4 -0.821775 -0.628114 0.313116
2 -0.764433 -0.891637 0.311981
2 -0.828573 -0.630809 0.311023
4 -0.800293 -0.575511 0.31724
3 -0.818418 -0.654715 0.309564
5 -0.822685 -0.674589 0.311608
2 -0.814807 -0.672689 0.311804
3 -0.737971 -0.923522 0.321007
1 -0.748891 -0.709736 0.325981
1 -0.723792 -0.855859 0.328641
9 -0.722949 -0.858621 0.328692
3 -0.733748 -0.839458 0.314377
2 -0.73516 -0.880451 0.316501
2 -0.750006 -1.05411 0.31206
1 -0.72901 -1.08654 0.314508
3 -0.677074 -1.22555 0.317802
1 -0.678647 -1.17571 0.319197
3 -0.720136 -0.906455 0.319324
2 -0.672688 -1.1399 0.3212
1 -0.842819 -0.677302 0.311118
1 -0.79206 -0.9185 0.311774
2 -0.725944 -1.13251 0.319068
1 -0.721151 -1.0938 0.319005
1 -0.710536 -1.23534 0.317527
1 -0.747165 -1.06616 0.314697
1 -0.730954 -0.920701 0.316837
1 -0.716695 -0.971522 0.315889
2 -0.666166 -1.09765 0.326192
1 -0.75666 -0.728671 0.324888
5 -0.703581 -0.975485 0.325787
1 -0.775562 -0.796274 0.319493
1 -0.771436 -0.795146 0.320173
1 -0.73741 -0.964851 0.319616
5 -0.724008 -1.09727 0.316833
3 -0.766139 -0.874451 0.323371
3 -0.696623 -1.11451 0.325668
1 -0.674088 -1.19841 0.325998
3 -0.704469 -1.10629 0.324679
3 -0.838976 -0.710962 0.310646
4 -0.905011 -0.420336 0.304846
1 -0.774983 -0.863327 0.309093
2 -0.762694 -0.925639 0.319209
7 -0.688478 -1.23861 0.325383
2 -0.773879 -0.9583 0.322878
2 -0.785799 -0.863593 0.31817
4 -0.763952 -0.976715 0.31516
2 -0.698667 -1.12981 0.325817
1 -0.701454 -1.19155 0.32011
8 -0.846629 -0.537628 0.320782
1 -0.773694 -0.775235 0.320354
3 -0.741606 -0.991659 0.316102
1 -0.748431 -0.912538 0.317823
5 -0.642546 -1.22134 0.325414
2 -0.661158 -1.07281 0.327433
3 -0.772191 -0.751255 0.317843
11 -0.690762 -1.1418 0.316453
6 -0.653193 -1.15646 0.325516
1 -0.784094 -0.825689 0.313437
12 -0.76262 -0.884378 0.313101
2 -0.713057 -1.05952 0.318229
2 -0.736564 -0.905015 0.321944
4 -0.712709 -1.05769 0.318867
16 -0.866429 -0.429021 0.309199
1 -0.844041 -0.481148 0.314576
2 -0.928523 -0.225464 0.305917
5 -0.955092 -0.114269 0.308895
8 -0.872503 -0.43856 0.311729
3 -0.818174 -0.636231 0.312123
1 -0.620625 -1.2239 0.330842
3 -0.582744 -1.36963 0.328979
3 -0.653127 -1.17425 0.319237
1 -0.741445 -0.926555 0.316663
3 -0.723463 -0.970903 0.320572
2 -0.686897 -0.991707 0.325409
9 -0.674725 -1.10646 0.32094
2 -0.80584 -0.638079 0.317348
3 -0.696687 -1.10624 0.319378
1 -0.753377 -0.792044 0.324276
6 -0.71485 -0.929313 0.32696
3 -0.738551 -0.863261 0.323904
4 -0.702706 -1.03945 0.327763
1 -0.674145 -1.21217 0.325
1 -0.634057 -1.30993 0.324768
2 -0.697336 -1.03661 0.319053
5 -0.687189 -1.09166 0.321067
2 -0.722747 -1.09834 0.317694
1 -0.72626 -1.0745 0.31763
6 -0.841374 -0.671956 0.311643
1 -0.737019 -0.819813 0.317633
1 -0.783366 -0.590467 0.317164
1 -0.813286 -0.565656 0.315277
1 -0.897288 -0.34765 0.307846
1 -0.876439 -0.436284 0.306324
1 -0.91337 -0.31368 0.310836
1 -0.909047 -0.319993 0.311759
5 -0.803565 -0.659925 0.327381
4 -0.792395 -0.702334 0.320934
3 -0.797638 -0.823908 0.31633
5 -0.727263 -0.893329 0.318609
1 -0.720338 -0.897366 0.319977
2 -0.724381 -0.785091 0.327177
1 -0.750914 -0.829197 0.317765
1 -0.791106 -0.750722 0.31431
2 -0.793459 -0.815296 0.315336
1 -0.792507 -0.75158 0.31946
9 -0.702303 -1.03791 0.320609
3 -0.713838 -1.05241 0.319902
2 -0.780378 -0.983583 0.309749
1 -0.780416 -0.972897 0.308325
1 -0.81912 -0.583865 0.315331
1 -0.797849 -0.632585 0.315316
4 -0.758526 -0.703775 0.320308
7 -0.788507 -0.640571 0.319049
3 -0.808608 -0.629 0.314675
4 -0.802511 -0.614307 0.31743
2 -0.712371 -0.937291 0.319861
1 -0.703137 -0.999227 0.316411
5 -0.655316 -1.25012 0.331892
1 -0.719328 -1.00693 0.328215
1 -0.677463 -1.23713 0.316994
1 -0.691618 -1.22223 0.321365
4 -0.74747 -0.93982 0.319911
1 -0.693282 -1.10764 0.32187
4 -0.730637 -1.0575 0.318212
3 -0.722144 -1.12057 0.318263
1 -0.766063 -0.918317 0.316259
2 -0.757576 -0.687252 0.320663
4 -0.76871 -0.656075 0.319186
4 -0.817716 -0.72725 0.315963
2 -0.756626 -0.964777 0.315773
1 -0.729299 -0.887516 0.325006
1 -0.743816 -0.772212 0.325929
1 -0.739926 -0.876973 0.328021
2 -0.816536 -0.832493 0.308327
1 -0.7669 -1.04968 0.310549
2 -0.768601 -1.08427 0.315561
2 -0.717056 -1.29132 0.323105
3 -0.818657 -0.673435 0.312638
4 -0.812435 -0.729742 0.312693
4 -0.742448 -0.906198 0.319425
12 -0.740544 -0.991718 0.319505
5 -0.745108 -1.01121 0.31629
6 -0.729059 -0.988132 0.319557
1 -0.744246 -0.822395 0.322671
3 -0.770249 -0.764678 0.323928
1 -0.767401 -0.794798 0.321768
3 -0.72766 -0.682527 0.330851
6 -0.763437 -0.629922 0.322769
1 -0.856981 -0.394435 0.311444
9 -0.796673 -0.521589 0.312977
2 -0.678294 -1.13342 0.315553
1 -0.665663 -1.28252 0.314379
2 -0.657693 -1.40565 0.326827
1 -0.707657 -1.11481 0.322103
5 -0.736977 -0.995713 0.318393
1 -0.616599 -1.51436 0.324131
1 -0.632444 -1.45519 0.326592
6 -0.678987 -1.21238 0.317826
2 -0.705914 -1.02597 0.320697
1 -0.77246 -0.862555 0.315146
3 -0.866385 -0.398933 0.313955
2 -0.724453 -0.916666 0.323792
1 -0.727032 -0.909459 0.318711
7 -0.741176 -0.858243 0.31888
1 -0.70257 -1.00807 0.320745
9 -0.773384 -0.81387 0.315852
2 -0.75987 -0.892746 0.317242
1 -0.776726 -0.852861 0.314455
7 -0.707076 -0.940409 0.320308
1 -0.6632 -1.11053 0.32483
1 -0.622409 -1.23398 0.32635
3 -0.654013 -1.27254 0.321917
1 -0.671923 -1.2399 0.318048
1 -0.659777 -1.32943 0.316043
3 -0.823717 -0.669762 0.312241
3 -0.758319 -0.813188 0.319934
4 -0.718985 -1.01012 0.317104
1 -0.720399 -1.08411 0.308736
1 -0.865815 -0.525261 0.304464
1 -0.781507 -0.872357 0.317483
7 -0.749236 -0.918932 0.323953
1 -0.783522 -0.816204 0.317802
1 -0.760587 -0.759333 0.321815
8 -0.732089 -0.894333 0.323665
3 -0.805341 -0.635497 0.317485
2 -0.812882 -0.607138 0.318408
7 -0.759587 -0.853758 0.319036
1 -0.727635 -0.913939 0.320867
1 -0.771278 -0.718729 0.319681
1 -0.799086 -0.639476 0.318968
1 -0.669916 -1.2179 0.325044
5 -0.815393 -0.544515 0.318165
5 -0.767643 -0.749229 0.323884
1 -0.736098 -0.873545 0.317543
2 -0.80629 -0.542523 0.318651
1 -0.795498 -0.559526 0.32051
5 -0.711845 -1.08179 0.321284
2 -0.674084 -1.10904 0.322806
3 -0.621048 -1.33759 0.325087
1 -0.812955 -0.610849 0.311971
1 -0.847697 -0.487233 0.310579
2 -0.901399 -0.276251 0.311301
1 -0.767069 -0.706798 0.315824
2 -0.725332 -0.900632 0.317595
2 -0.678429 -1.09541 0.323062
2 -0.754724 -0.782329 0.322975
1 -0.733043 -0.881189 0.323561
4 -0.763252 -0.945679 0.317083
5 -0.728475 -1.15953 0.314529
1 -0.74308 -1.0788 0.318633
1 -0.74218 -1.01688 0.314743
10 -0.723921 -0.920472 0.319916
1 -0.67488 -1.17837 0.327224
4 -0.791034 -0.707128 0.322859
1 -0.810593 -0.506155 0.321912
1 -0.737843 -0.859399 0.316556
3 -0.737266 -0.868879 0.316064
4 -0.739849 -0.803533 0.319268
4 -0.753292 -0.872876 0.314586
3 -0.802196 -0.518249 0.322881
2 -0.745795 -0.737794 0.317894
4 -0.805695 -0.616651 0.318326
2 -0.708633 -0.879353 0.330416
2 -0.721425 -0.990726 0.324886
5 -0.685672 -1.04917 0.323153
6 -0.751667 -0.863011 0.324086
1 -0.655942 -1.0958 0.329823
3 -0.58754 -1.33687 0.329114
3 -0.695428 -1.00268 0.315411
3 -0.798363 -0.611009 0.310235
3 -0.720797 -0.942613 0.322544
1 -0.688282 -0.962793 0.327937
3 -0.757267 -0.797199 0.321814
3 -0.745977 -0.80306 0.317569
1 -0.70264 -1.02284 0.320864
1 -0.685273 -1.09641 0.32219
1 -0.71764 -0.970782 0.324522
4 -0.766663 -0.873967 0.311389
1 -0.754276 -0.879585 0.311986
3 -0.764519 -0.787708 0.32022
4 -0.752587 -0.800999 0.321578
2 -0.762018 -0.818674 0.31681
1 -0.695097 -1.13214 0.318057
6 -0.689936 -1.2095 0.318889
1 -0.81899 -0.704295 0.313283
4 -0.798854 -0.825113 0.310593
3 -0.816436 -0.720274 0.315711
1 -0.765421 -0.795417 0.321508
1 -0.740526 -0.900741 0.319087
2 -0.772538 -0.816918 0.316247
4 -0.796591 -0.721921 0.31741
3 -0.806337 -0.677456 0.314663
2 -0.7669 -0.721442 0.32287
2 -0.755911 -0.700928 0.325624
2 -0.750651 -0.756852 0.321843
1 -0.754344 -0.738445 0.322372
5 -0.715522 -0.985032 0.319367
1 -0.729368 -1.01111 0.31614
1 -0.729307 -1.01196 0.315979
5 -0.748366 -0.758035 0.322034
1 -0.720244 -0.970646 0.321953
2 -0.725935 -0.937115 0.321941
1 -0.769041 -0.754624 0.319384
8 -0.797809 -0.572419 0.318743
1 -0.842865 -0.545289 0.31715
3 -0.784914 -0.769637 0.317405
7 -0.791186 -0.569158 0.323295
1 -0.783931 -0.796067 0.319376
1 -0.735422 -1.10276 0.317243
2 -0.735795 -0.85999 0.317099
1 -0.685758 -1.20611 0.319388
2 -0.714889 -1.04234 0.322629
2 -0.737342 -0.972046 0.321892
2 -0.788862 -0.692252 0.321294
2 -0.801538 -0.622494 0.322845
7 -0.790585 -0.694849 0.319532
5 -0.814353 -0.567047 0.321997
1 -0.813162 -0.569663 0.322229
1 -0.807436 -0.559974 0.321646
3 -0.81566 -0.533641 0.317131
3 -0.739007 -0.715382 0.328466
3 -0.646339 -1.21129 0.323907
8 -0.649111 -1.35699 0.319491
2 -0.721271 -1.05352 0.316329
5 -0.757077 -0.827731 0.321814
3 -0.725108 -0.905324 0.314676
1 -0.729205 -0.884542 0.315062
1 -0.828442 -0.437745 0.318555
1 -0.915966 -0.267865 0.308388
1 -0.938981 -0.18552 0.307227
7 -0.900279 -0.305134 0.308388
1 -0.810982 -0.663301 0.309705
1 -0.90059 -0.354386 0.309458
4 -0.793099 -0.881098 0.318482
3 -0.861914 -0.559991 0.316238
1 -0.841986 -0.714083 0.313896
1 -0.757418 -0.847429 0.323679
1 -0.754521 -0.910937 0.316136
5 -0.78612 -0.723266 0.317531
4 -0.701776 -1.06586 0.32514
1 -0.710574 -1.07297 0.321814
2 -0.6094 -1.60062 0.31852
2 -0.759355 -0.967031 0.314947
7 -0.720155 -0.880325 0.326694
4 -0.740702 -0.746151 0.327289
1 -0.743822 -0.767271 0.32404
1 -0.70065 -1.1524 0.31548
3 -0.763308 -0.812935 0.315695
1 -0.726448 -1.008 0.315198
4 -0.786825 -0.701522 0.317421
1 -0.753963 -0.908714 0.317057
1 -0.741564 -0.92234 0.317217
1 -0.712876 -1.02023 0.316099
5 -0.73365 -0.902507 0.315566
1 -0.767918 -0.757565 0.319066
2 -0.740303 -0.954909 0.323269
4 -0.766551 -0.931262 0.317556
1 -0.736593 -0.954701 0.320263
10 -0.696351 -1.09327 0.321482
1 -0.733311 -0.958645 0.323427
3 -0.83181 -0.459252 0.321337
1 -0.863063 -0.62533 0.311796
1 -0.854578 -0.636872 0.311734
1 -0.727601 -1.13464 0.321538
5 -0.734083 -1.05518 0.324096
2 -0.717575 -1.06747 0.317691
3 -0.728097 -0.885924 0.32545
2 -0.771729 -0.833695 0.318843
7 -0.796773 -0.702412 0.31364
1 -0.853643 -0.425304 0.315675
1 -0.80707 -0.564077 0.315825
2 -0.798867 -0.586935 0.316138
1 -0.74496 -0.776025 0.316244
3 -0.753539 -0.762853 0.317765
7 -0.764449 -0.736602 0.314963
8 -0.802255 -0.461784 0.31909
1 -0.696813 -0.934073 0.330319
2 -0.679824 -0.965608 0.328951
1 -0.669255 -1.20976 0.326134
14 -0.715668 -1.03364 0.327453
2 -0.82422 -0.522548 0.322464
2 -0.7626 -0.727758 0.325103
1 -0.782695 -0.743757 0.322812
4 -0.765435 -0.608796 0.327299
1 -0.736345 -0.833695 0.323042
2 -0.728394 -0.994912 0.316503
3 -0.786715 -0.626481 0.323439
7 -0.770406 -0.739679 0.323277
1 -0.775174 -0.721578 0.3232
1 -0.844116 -0.543894 0.319515
2 -0.821043 -0.76393 0.316062
6 -0.857664 -0.531386 0.320726
1 -0.801386 -0.807684 0.31899
1 -0.773936 -0.722534 0.316509
1 -0.796728 -0.551541 0.319375
3 -0.801636 -0.713908 0.315859
1 -0.724626 -1.12006 0.311089
3 -0.769116 -0.8346 0.314111
1 -0.75756 -0.754325 0.318141
2 -0.723809 -0.9843 0.319479
2 -0.758024 -0.817822 0.321774
6 -0.812061 -0.576914 0.318242
2 -0.760412 -0.79036 0.316191
1 -0.746192 -0.931999 0.313236
2 -0.72697 -1.007 0.315333
3 -0.712873 -0.919001 0.321983
2 -0.670845 -1.24954 0.318743
1 -0.718067 -1.07632 0.317147
1 -0.766321 -0.662755 0.333132
3 -0.744647 -0.730017 0.331817
3 -0.733388 -0.821855 0.333071
2 -0.807102 -0.480413 0.321724
4 -0.821501 -0.538737 0.317465
2 -0.786932 -0.68615 0.314639
1 -0.7751 -0.636121 0.314814
3 -0.684505 -1.03668 0.31922
5 -0.695874 -0.977839 0.319428
5 -0.747466 -0.752526 0.318605
3 -0.75785 -0.844935 0.316885
4 -0.777975 -0.866812 0.316035
1 -0.759274 -0.8021 0.323138
1 -0.77179 -0.633337 0.327221
3 -0.742178 -0.700618 0.326983
2 -0.749158 -0.690371 0.32904
1 -0.756388 -0.651304 0.330455
1 -0.772505 -0.598429 0.326827
8 -0.750821 -0.731511 0.321505
3 -0.761174 -0.744451 0.317351
4 -0.701846 -1.01733 0.31731
1 -0.690019 -1.07269 0.320596
1 -0.698486 -0.972159 0.320785
1 -0.655985 -1.21784 0.320415
2 -0.727372 -0.872035 0.328353
1 -0.749826 -0.843959 0.327946
5 -0.778197 -0.819014 0.319602
2 -0.798388 -0.757937 0.316319
3 -0.708307 -1.08433 0.322177
4 -0.721059 -0.975293 0.327338
2 -0.734511 -0.83464 0.331494
1 -0.714756 -0.903859 0.329237
1 -0.702311 -0.999189 0.326961
2 -0.771535 -0.800985 0.315276
4 -0.771804 -0.847307 0.316739
1 -0.760449 -0.866734 0.3179
4 -0.679379 -1.22107 0.319952
7 -0.816685 -0.636836 0.310224
4 -0.803963 -0.753757 0.308039
2 -0.811789 -0.538439 0.319091
1 -0.778602 -0.754602 0.318159
4 -0.734369 -0.941704 0.325003
1 -0.764346 -0.838322 0.320341
1 -0.74358 -0.922812 0.319097
2 -0.721263 -0.997158 0.321393
1 -0.76898 -0.817219 0.313882
3 -0.811861 -0.760623 0.313619
1 -0.778941 -0.946969 0.314011
1 -0.82351 -0.6445 0.313891
1 -0.827964 -0.634312 0.312068
3 -0.836234 -0.558055 0.312044
9 -0.758772 -0.846339 0.314985
3 -0.690449 -1.1229 0.32222
1 -0.720079 -1.0735 0.32014
1 -0.75425 -0.916841 0.321128
1 -0.794152 -0.662348 0.317854
1 -0.754218 -0.75868 0.321826
3 -0.809515 -0.576945 0.322291
3 -0.765792 -0.779661 0.325305
2 -0.808299 -0.74518 0.31593
1 -0.765921 -0.774167 0.325364
8 -0.807281 -0.64131 0.319386
4 -0.740538 -1.02058 0.3217
3 -0.75535 -1.04245 0.313488
1 -0.678661 -1.15339 0.317717
1 -0.6702 -1.03681 0.320841
1 -0.758863 -0.806086 0.314416
1 -0.792996 -0.651034 0.319214
4 -0.726637 -0.85668 0.31895
5 -0.751494 -0.818535 0.313387
1 -0.683525 -1.17403 0.316986
2 -0.635606 -1.36157 0.318066
2 -0.686002 -1.22015 0.319663
1 -0.80119 -0.792648 0.31143
2 -0.764517 -0.902555 0.317169
1 -0.759415 -0.859645 0.320733
1 -0.869422 -0.475081 0.306775
5 -0.806866 -0.657646 0.310247
1 -0.73017 -0.916988 0.317291
4 -0.754366 -0.82308 0.316406
2 -0.75019 -0.865592 0.317659
3 -0.737324 -0.895273 0.318903
1 -0.798292 -0.587029 0.32555
3 -0.79132 -0.638871 0.324574
3 -0.757242 -0.995298 0.31628
2 -0.800715 -0.787943 0.31606
2 -0.841047 -0.72284 0.310665
5 -0.849337 -0.659487 0.308783
5 -0.855548 -0.730688 0.305233
6 -0.771575 -1.02552 0.311156
2 -0.773687 -0.972406 0.309495
1 -0.665771 -1.21786 0.322636
1 -0.672477 -1.10292 0.32218
2 -0.736877 -0.875818 0.320626
1 -0.762295 -0.831936 0.314633
2 -0.870937 -0.585345 0.315209
1 -0.836098 -0.596228 0.321025
2 -0.776732 -0.661401 0.321481
8 -0.811694 -0.534783 0.318467
3 -0.798982 -0.608953 0.316773
8 -0.766566 -0.782563 0.314322
1 -0.761302 -0.78112 0.316079
2 -0.701293 -1.02039 0.318681
2 -0.737794 -0.709881 0.324339
2 -0.758664 -0.861771 0.313481
6 -0.765595 -0.850543 0.317193
1 -0.743616 -0.85159 0.318629
2 -0.707186 -1.03417 0.319086
7 -0.667177 -1.31023 0.317464
4 -0.577537 -1.39547 0.327358
2 -0.575685 -1.56285 0.336465
1 -0.558934 -1.63535 0.333955
1 -0.588478 -1.30381 0.332095
3 -0.771277 -0.600203 0.319997
4 -0.902748 -0.292466 0.31381
3 -0.734986 -0.863151 0.324666
1 -0.749844 -0.742102 0.325807
1 -0.692824 -1.13638 0.324898
1 -0.757819 -0.942682 0.31661
1 -0.775981 -0.673694 0.317661
3 -0.809194 -0.650832 0.314289
1 -0.765413 -0.789765 0.32009
2 -0.800709 -0.568831 0.3198
1 -0.835829 -0.430986 0.313276
5 -0.848322 -0.442526 0.311113
1 -0.846891 -0.58617 0.309417
2 -0.656277 -1.323 0.323873
3 -0.694576 -1.19658 0.32108
4 -0.718642 -1.13789 0.319535
2 -0.784407 -0.824943 0.315508
1 -0.793908 -0.78041 0.316161
2 -0.834361 -0.59635 0.317242
6 -0.694486 -1.30322 0.318471
2 -0.756282 -1.05102 0.311786
2 -0.794734 -0.702428 0.311118
2 -0.806247 -0.856974 0.302589
1 -0.804726 -0.894777 0.301781
2 -0.756874 -0.725876 0.317697
2 -0.737092 -0.87833 0.321733
3 -0.760084 -0.890875 0.316737
3 -0.800505 -0.753428 0.31693
9 -0.841922 -0.488944 0.315625
4 -0.869381 -0.37099 0.315663
5 -0.795276 -0.647552 0.318401
1 -0.679374 -1.16363 0.323812
1 -0.80408 -0.772589 0.311819
1 -0.789011 -0.723764 0.314482
1 -0.709854 -0.983969 0.321389
2 -0.765129 -0.817485 0.320755
7 -0.776397 -0.681672 0.323327
5 -0.881518 -0.32692 0.311264
8 -0.802652 -0.701872 0.315508
1 -0.858565 -0.411948 0.313606
1 -0.724794 -1.12848 0.313176
1 -0.758657 -0.859237 0.31218
1 -0.788994 -0.771058 0.31312
3 -0.790767 -0.76036 0.313831
4 -0.838141 -0.512858 0.316786
3 -0.747885 -0.836224 0.320222
6 -0.74295 -0.812182 0.32084
2 -0.740564 -0.645827 0.328764
1 -0.791052 -0.505351 0.32912
4 -0.831058 -0.554219 0.307532
3 -0.7686 -0.709279 0.313823
3 -0.81623 -0.729416 0.310076
4 -0.756275 -0.866216 0.322126
2 -0.814369 -0.40561 0.319891
1 -0.756888 -0.820832 0.309032
1 -0.843118 -0.531614 0.311561
8 -0.727831 -0.987806 0.318868
1 -0.739425 -0.836686 0.318607
2 -0.685856 -1.0527 0.32011
1 -0.756219 -0.910916 0.31586
1 -0.73204 -0.935694 0.319649
3 -0.700447 -1.132 0.320914
8 -0.729684 -1.10651 0.311375
13 -0.755989 -0.888433 0.319102
2 -0.696701 -0.930345 0.326031
2 -0.707682 -0.909171 0.324819
2 -0.695463 -1.0664 0.324181
6 -0.660789 -1.23857 0.323337
1 -0.776531 -0.786438 0.311761
3 -0.795545 -0.535147 0.320544
5 -0.876664 -0.44558 0.305629
1 -0.821208 -0.670371 0.310776
5 -0.774579 -0.804773 0.313884
1 -0.779237 -0.850692 0.311721
8 -0.700365 -0.981095 0.317881
3 -0.912569 -0.213796 0.310916
3 -0.919835 -0.251598 0.306874
1 -0.848022 -0.472294 0.316611
2 -0.756887 -1.04129 0.308844
1 -0.745103 -1.12903 0.307997
1 -0.775378 -0.914724 0.311268
2 -0.810789 -0.734861 0.311472
3 -0.761772 -0.681997 0.321647
1 -0.697267 -1.19191 0.317115
3 -0.696201 -1.1573 0.318245
2 -0.685335 -1.19228 0.315742
3 -0.698302 -1.22186 0.322998
1 -0.748687 -0.82461 0.324807
1 -0.753345 -0.820168 0.323805
1 -0.692041 -1.02311 0.320098
1 -0.741481 -0.839151 0.316957
4 -0.760724 -0.845874 0.315645
3 -0.786035 -0.68803 0.316987
4 -0.867212 -0.410097 0.314518
1 -0.769373 -0.77118 0.323352
1 -0.731615 -0.818619 0.322483
1 -0.74826 -0.922685 0.315815
1 -0.754998 -0.961589 0.316636
3 -0.802162 -0.776208 0.315914
3 -0.800021 -0.726148 0.315524
5 -0.776034 -0.76496 0.319273
2 -0.747598 -0.852136 0.320293
2 -0.75872 -0.865569 0.318144
6 -0.69872 -1.09715 0.32319
2 -0.715886 -0.908285 0.326093
2 -0.718361 -0.987254 0.329064
3 -0.686729 -1.14951 0.326373
4 -0.737448 -1.01024 0.321012
3 -0.763579 -0.882861 0.32096
2 -0.721415 -1.03171 0.327691
2 -0.717859 -0.955572 0.332133
3 -0.70133 -1.07617 0.328988
2 -0.727543 -1.01743 0.326447
5 -0.729784 -1.05619 0.317032
1 -0.675725 -1.23589 0.323174
1 -0.710485 -1.00882 0.318311
1 -0.84172 -0.431535 0.31497
1 -0.763452 -0.847009 0.325047
2 -0.759488 -0.796922 0.323782
3 -0.690757 -1.11389 0.321354
2 -0.722382 -1.02969 0.319548
6 -0.701632 -1.03469 0.326514
3 -0.708386 -0.983737 0.32363
5 -0.702328 -1.0996 0.322969
1 -0.791687 -0.858947 0.315028
4 -0.767109 -0.721897 0.322979
1 -0.690555 -1.07757 0.326098
6 -0.725672 -0.804707 0.327509
4 -0.754409 -0.733971 0.319992
2 -0.770152 -0.733821 0.325284
1 -0.705813 -1.00556 0.324063
2 -0.742561 -0.869432 0.318432
1 -0.714882 -0.951234 0.320251
2 -0.708277 -0.979244 0.320415
5 -0.727308 -0.896852 0.31952
2 -0.734834 -0.93254 0.317331
4 -0.758871 -0.903084 0.314879
1 -0.732625 -0.923838 0.319023
1 -0.722781 -0.991055 0.319839
4 -0.767461 -0.790482 0.324833
4 -0.779975 -0.899096 0.31882
3 -0.692061 -0.991836 0.321754
1 -0.780226 -0.88244 0.312787
7 -0.825843 -0.669655 0.310947
2 -0.69371 -1.19367 0.312133
3 -0.700041 -1.07789 0.310589
2 -0.642091 -1.36243 0.31506
3 -0.706278 -1.13155 0.321644
1 -0.750241 -0.961412 0.316165
1 -0.746537 -0.832127 0.328987
3 -0.734953 -0.893834 0.327184
1 -0.697244 -0.952196 0.33023
8 -0.654387 -1.23459 0.322059
1 -0.746673 -0.902943 0.322226
3 -0.742741 -0.907924 0.316846
4 -0.814673 -0.643866 0.313402
1 -0.8129 -0.667357 0.311768
5 -0.831294 -0.560725 0.315127
1 -0.841269 -0.549444 0.314456
5 -0.821019 -0.482498 0.314553
2 -0.89938 -0.318969 0.310126
4 -0.840391 -0.466498 0.317979
5 -0.755836 -0.842812 0.321402
5 -0.770831 -0.884671 0.312016
2 -0.718808 -0.962869 0.319848
1 -0.73747 -1.01622 0.315209
8 -0.697544 -1.09095 0.318888
3 -0.721661 -0.862014 0.322096
2 -0.820713 -0.531341 0.314953
2 -0.686752 -0.917992 0.332951
3 -0.689233 -0.869684 0.334159
7 -0.740822 -0.724128 0.32693
2 -0.742033 -0.830667 0.323344
4 -0.731247 -0.960488 0.319888
1 -0.697457 -0.889083 0.324902
1 -0.703968 -0.999983 0.316701
9 -0.723437 -0.91921 0.318386
2 -0.674227 -1.11024 0.319329
8 -0.731288 -0.89789 0.319434
3 -0.734088 -0.957499 0.318938
3 -0.712789 -1.06998 0.323757
1 -0.653929 -1.22296 0.326166
1 -0.694807 -1.12347 0.318272
3 -0.755758 -0.826454 0.322856
1 -0.783444 -0.762676 0.318471
4 -0.754102 -0.781302 0.322117
1 -0.718684 -0.975682 0.319925
2 -0.862118 -0.360528 0.316941
4 -0.850565 -0.484049 0.318425
6 -0.814466 -0.638758 0.322109
2 -0.832906 -0.579262 0.317059
2 -0.741743 -0.895064 0.317319
1 -0.731988 -1.00599 0.320928
3 -0.759023 -0.827576 0.320312
2 -0.752885 -0.879737 0.321359
1 -0.759779 -0.875551 0.31926
2 -0.756778 -0.886228 0.319677
3 -0.790504 -0.760933 0.317256
1 -0.82629 -0.547932 0.31619
2 -0.719082 -0.90163 0.323025
3 -0.731344 -0.992344 0.316886
1 -0.804002 -0.71111 0.316546
1 -0.775405 -0.896144 0.308556
5 -0.796132 -0.792562 0.308611
1 -0.748992 -0.962099 0.312885
2 -0.787714 -0.688398 0.315392
3 -0.692128 -1.15415 0.3212
3 -0.796776 -0.808134 0.309652
4 -0.725203 -0.9074 0.316958
1 -0.696684 -1.08251 0.319507
1 -0.706151 -1.06773 0.318044
3 -0.713995 -1.10465 0.314511
3 -0.667019 -1.17192 0.321567
7 -0.731887 -0.978693 0.317227
4 -0.697826 -1.095 0.32493
1 -0.62968 -1.30017 0.32951
2 -0.652014 -1.23477 0.327057
2 -0.703713 -0.916961 0.330553
1 -0.708344 -1.06317 0.321442
1 -0.734654 -1.04577 0.316705
1 -0.718828 -1.16395 0.312831
1 -0.761347 -0.966016 0.315494
2 -0.72704 -0.877877 0.326179
1 -0.751381 -0.862979 0.316941
4 -0.799722 -0.725933 0.308389
4 -0.735175 -1.02535 0.315535
5 -0.760577 -0.798787 0.319369
9 -0.742058 -0.895439 0.321977
2 -0.771993 -0.615573 0.325468
6 -0.812837 -0.565129 0.320643
6 -0.796118 -0.632947 0.317116
5 -0.818919 -0.631732 0.30886
1 -0.834294 -0.62208 0.308445
4 -0.767746 -0.737801 0.322911
1 -0.710922 -0.971298 0.323602
5 -0.731576 -0.878885 0.321775
2 -0.722388 -0.856315 0.325708
6 -0.725539 -0.743353 0.33209
1 -0.684237 -0.900707 0.33335
1 -0.815035 -0.484823 0.325575
2 -0.767101 -0.682526 0.32498
1 -0.805699 -0.624026 0.321641
1 -0.684142 -1.05183 0.32934
5 -0.754989 -0.87171 0.322306
1 -0.772656 -0.697778 0.322614
5 -0.772256 -0.713917 0.32172
1 -0.718943 -1.02751 0.32045
2 -0.772307 -0.879335 0.312261
1 -0.736145 -0.964968 0.316486
3 -0.674609 -1.01947 0.325728
2 -0.78054 -0.628737 0.317961
3 -0.725262 -0.936995 0.31776
5 -0.867934 -0.524972 0.309668
1 -0.888236 -0.405701 0.311045
3 -0.833025 -0.598668 0.317905
4 -0.784216 -0.795592 0.313157
1 -0.784692 -0.875279 0.308101
3 -0.729062 -0.871602 0.321094
1 -0.563237 -1.33523 0.335442
3 -0.622905 -1.14372 0.33331
1 -0.643896 -1.10679 0.321225
5 -0.731476 -0.843165 0.320236
1 -0.810844 -0.513523 0.316662
1 -0.842263 -0.43961 0.30967
1 -0.80339 -0.703666 0.309918
6 -0.80339 -0.703666 0.309918
1 -0.827885 -0.603634 0.312749
1 -0.797239 -0.755625 0.312295
5 -0.76091 -0.956357 0.314495
1 -0.732934 -0.94174 0.31665
1 -0.733448 -1.04102 0.316382
2 -0.768285 -0.920233 0.316405
1 -0.770474 -0.876212 0.317113
1 -0.726842 -0.794462 0.330248
2 -0.730894 -0.943643 0.319257
5 -0.774669 -0.718323 0.316226
2 -0.758969 -0.702254 0.321987
3 -0.735509 -0.783788 0.322804
1 -0.758444 -0.71626 0.322435
3 -0.629346 -1.22077 0.32954
1 -0.727354 -1.05012 0.315632
2 -0.689312 -1.17805 0.316605
2 -0.673214 -1.13284 0.318987
5 -0.682378 -1.06139 0.319067
1 -0.67309 -1.03833 0.320341
3 -0.758404 -0.682674 0.32717
6 -0.776896 -0.572724 0.324381
10 -0.711269 -0.788201 0.330848
6 -0.78192 -0.652817 0.321077
12 -0.684619 -1.0742 0.323629
1 -0.689979 -1.03776 0.319446
4 -0.715774 -0.966922 0.320846
2 -0.740171 -1.00671 0.321753
4 -0.737539 -1.01469 0.32259
1 -0.729117 -1.02008 0.322515
4 -0.841882 -0.667692 0.31331
1 -0.82172 -0.755276 0.313334
2 -0.843543 -0.680206 0.311751
3 -0.699146 -1.10923 0.315109
1 -0.693921 -1.08888 0.315021
2 -0.675951 -1.17407 0.319595
1 -0.680297 -1.06984 0.320412
1 -0.721502 -0.98373 0.316991
1 -0.718112 -0.912898 0.316662
3 -0.803099 -0.582075 0.315811
1 -0.811188 -0.566392 0.315355
2 -0.772752 -0.925203 0.316029
1 -0.693786 -1.17596 0.322234
6 -0.717445 -0.992044 0.318555
1 -0.755946 -0.726363 0.325594
4 -0.69523 -0.91638 0.327048
3 -0.71963 -0.948046 0.319412
2 -0.842005 -0.72408 0.310952
1 -0.818445 -0.734639 0.314323
3 -0.807704 -0.674112 0.31616
4 -0.813481 -0.599646 0.321667
1 -0.671982 -0.941844 0.326997
1 -0.703866 -0.812979 0.326836
1 -0.779157 -0.520226 0.325013
2 -0.704949 -0.851887 0.331778
1 -0.782482 -0.778087 0.315365
2 -0.800152 -0.811962 0.309558
1 -0.828928 -0.686812 0.311232
10 -0.79079 -0.847427 0.310707
3 -0.738479 -0.801793 0.316665
1 -0.775495 -0.722291 0.309099
2 -0.790441 -0.547829 0.313591
1 -0.731002 -0.827233 0.326041
4 -0.658356 -1.08349 0.33073
7 -0.655999 -1.11952 0.330628
3 -0.723513 -0.906444 0.325127
4 -0.731055 -1.05487 0.314711
6 -0.767083 -0.941563 0.312371
2 -0.688198 -0.991359 0.329892
8 -0.766992 -0.700681 0.322106
2 -0.695633 -0.84613 0.327915
1 -0.694745 -0.945451 0.323574
12 -0.647651 -1.11409 0.325005
5 -0.713112 -0.858515 0.326463
5 -0.847687 -0.530224 0.31834
1 -0.721102 -1.093 0.316329
3 -0.807232 -0.841856 0.309529
1 -0.789562 -0.933665 0.306345
1 -0.891233 -0.391586 0.301969
6 -0.820909 -0.555916 0.309775
6 -0.786501 -0.734804 0.312147
2 -0.794846 -0.662719 0.306325
3 -0.819608 -0.602066 0.31792
2 -0.742492 -0.773644 0.323104
3 -0.771717 -0.695299 0.320781
1 -0.765398 -0.708007 0.32239
1 -0.772547 -0.6237 0.32342
1 -0.803194 -0.564781 0.321959
1 -0.840205 -0.654679 0.307742
4 -0.795204 -0.78715 0.310287
2 -0.693844 -1.01507 0.326965
7 -0.711268 -0.998305 0.326552
2 -0.719205 -0.997367 0.325098
1 -0.724803 -0.983899 0.323312
1 -0.738714 -0.920848 0.321141
1 -0.719335 -1.15619 0.315686
2 -0.765492 -0.992667 0.312039
1 -0.824322 -0.758762 0.310927
4 -0.690089 -1.13604 0.324227
1 -0.672615 -1.28622 0.327315
1 -0.686428 -1.22365 0.318089
1 -0.81569 -0.71562 0.30833
1 -0.748589 -0.851707 0.312234
1 -0.645357 -1.17737 0.31937
1 -0.75793 -0.872247 0.322533
1 -0.707744 -0.81064 0.328539
5 -0.671412 -0.999795 0.333612
1 -0.682397 -1.02043 0.33153
2 -0.671189 -0.952563 0.336716
2 -0.683356 -0.936376 0.329312
2 -0.632269 -1.24085 0.330212
1 -0.651692 -1.15036 0.327643
2 -0.635509 -1.17307 0.331924
2 -0.607397 -1.33136 0.333991
1 -0.670322 -1.11784 0.330645
3 -0.72363 -0.953541 0.326448
1 -0.759561 -0.915306 0.316469
2 -0.740348 -1.07201 0.316238
1 -0.814041 -0.738371 0.313737
2 -0.686826 -1.11514 0.322119
1 -0.647374 -1.35804 0.326312
6 -0.723871 -0.977585 0.322453
1 -0.706078 -1.02459 0.322667
1 -0.614114 -1.392 0.324973
1 -0.646957 -1.21964 0.318418
2 -0.707275 -1.02851 0.318088
1 -0.739712 -0.928152 0.316263
5 -0.712087 -1.07327 0.316686
2 -0.685135 -1.1783 0.31809
3 -0.676596 -1.25917 0.320833
1 -0.827516 -0.640074 0.306687
3 -0.727135 -1.01693 0.314181
1 -0.701441 -1.22072 0.320937
7 -0.596484 -1.43484 0.331169
1 -0.738284 -0.891421 0.322437
1 -0.721321 -0.979469 0.323887
2 -0.769385 -0.977651 0.311706
3 -0.696621 -1.12794 0.316852
1 -0.728121 -0.933063 0.324541
1 -0.777545 -0.914434 0.315844
2 -0.746753 -1.05851 0.318951
2 -0.731836 -1.07563 0.317875
4 -0.721512 -1.10654 0.315522
3 -0.790008 -0.733649 0.31221
3 -0.843329 -0.588839 0.315697
1 -0.851115 -0.61888 0.316615
2 -0.756155 -0.688138 0.331224
1 -0.810999 -0.512407 0.328297
1 -0.795079 -0.604399 0.319042
2 -0.778782 -0.864919 0.314833
4 -0.681129 -1.09248 0.317721
1 -0.754019 -0.864249 0.316291
1 -0.804081 -0.685381 0.314661
1 -0.798811 -0.755441 0.314836
1 -0.785922 -0.76238 0.316384
3 -0.768074 -0.869126 0.318343
2 -0.683631 -1.06046 0.332177
1 -0.65169 -1.15172 0.335141
5 -0.65232 -1.2688 0.332144
3 -0.651488 -1.28188 0.332018
2 -0.659887 -1.21091 0.333049
2 -0.630782 -1.303 0.332841
10 -0.851124 -0.591576 0.307823
1 -0.79386 -0.878493 0.31407
1 -0.798692 -0.871882 0.316145
5 -0.71555 -1.09312 0.326589
2 -0.728577 -0.942399 0.322314
1 -0.727878 -1.07817 0.315825
3 -0.775498 -0.832397 0.312129
1 -0.789577 -0.66941 0.314949
2 -0.83985 -0.525796 0.311956
2 -0.805094 -0.626645 0.317628
1 -0.748604 -0.853102 0.316851
2 -0.743383 -0.940312 0.316989
2 -0.897994 -0.30724 0.311995
7 -0.84536 -0.475837 0.312159
1 -0.747906 -0.853698 0.31857
1 -0.760832 -0.742821 0.328791
2 -0.82627 -0.693182 0.310692
3 -0.801255 -0.744617 0.315595
1 -0.760235 -0.88144 0.318785
8 -0.793033 -0.778803 0.316927
1 -0.750764 -0.908022 0.317569
3 -0.87485 -0.588502 0.307263
1 -0.837391 -0.608698 0.311043
3 -0.725035 -0.982002 0.323097
12 -0.766774 -0.922173 0.315678
11 -0.759342 -0.817564 0.320148
1 -0.758033 -0.823495 0.320154
4 -0.776365 -0.722796 0.322191
2 -0.816437 -0.714607 0.318978
9 -0.793152 -0.862278 0.315256
7 -0.8424 -0.718667 0.311964
2 -0.813514 -0.767503 0.316086
1 -0.736745 -0.815194 0.326997
1 -0.769681 -0.723524 0.322128
2 -0.75914 -0.766922 0.322639
3 -0.751515 -0.768801 0.316348
2 -0.737991 -0.845141 0.31552
2 -0.78061 -0.801407 0.315304
2 -0.758697 -1.04647 0.315472
1 -0.832729 -0.633704 0.316884
5 -0.807356 -0.748385 0.322491
3 -0.896423 -0.275627 0.315958
1 -0.862792 -0.487219 0.314484
2 -0.809607 -0.819171 0.310231
3 -0.814288 -0.814145 0.3092
1 -0.819086 -0.798004 0.309445
2 -0.732062 -0.889921 0.317972
2 -0.793369 -0.656799 0.318304
1 -0.771101 -0.813368 0.31703
1 -0.746783 -0.880699 0.322337
5 -0.747442 -0.902104 0.315248
4 -0.714688 -0.805846 0.329213
1 -0.832723 -0.485187 0.316475
6 -0.724582 -0.813874 0.322634
4 -0.730847 -0.765674 0.321768
1 -0.686414 -1.04378 0.317352
1 -0.681764 -1.24038 0.320266
1 -0.726663 -0.970644 0.322757
2 -0.702204 -1.24377 0.320758
4 -0.677603 -1.30377 0.324474
2 -0.663662 -1.33046 0.327867
3 -0.640034 -1.50468 0.324401
3 -0.843462 -0.73685 0.317476
1 -0.803635 -0.721293 0.321269
17 -0.830528 -0.586087 0.321039
2 -0.812686 -0.453577 0.32076
3 -0.808907 -0.514174 0.319887
6 -0.851636 -0.378981 0.31413
1 -0.713405 -0.875431 0.328452
2 -0.678527 -1.05034 0.327901
3 -0.639074 -1.27424 0.328559
8 -0.739081 -0.91231 0.321895
2 -0.715531 -0.96717 0.318083
2 -0.656817 -1.17604 0.321882
12 -0.724154 -0.921535 0.321983
1 -0.714814 -1.22625 0.316083
2 -0.71984 -1.08223 0.323114
4 -0.712137 -1.09033 0.325176
2 -0.60669 -1.42268 0.32814
1 -0.624672 -1.44085 0.32074
1 -0.62968 -1.40298 0.32383
3 -0.701852 -1.00952 0.323048
3 -0.761282 -0.835673 0.32188
1 -0.701918 -0.844941 0.324448
1 -0.799087 -0.606965 0.314454
2 -0.852982 -0.390733 0.314147
1 -0.808763 -0.602172 0.31024
3 -0.821902 -0.54274 0.309799
5 -0.835169 -0.586464 0.314856
2 -0.882353 -0.449748 0.307751
3 -0.878653 -0.470192 0.309935
3 -0.851004 -0.603362 0.303405
2 -0.795463 -0.778363 0.307731
3 -0.803199 -0.714114 0.310353
1 -0.794756 -0.750001 0.313161
1 -0.72447 -1.09327 0.323388
2 -0.631261 -1.30509 0.327999
2 -0.676558 -1.01352 0.32518
4 -0.833136 -0.545268 0.313525
2 -0.830735 -0.592553 0.312003
8 -0.724428 -0.899381 0.319669
3 -0.785644 -0.734739 0.318406
6 -0.83737 -0.679702 0.307778
1 -0.749106 -0.99819 0.311002
3 -0.68548 -1.10166 0.318993
1 -0.711351 -0.95628 0.320718
2 -0.743565 -0.821605 0.318601
2 -0.778342 -0.718119 0.321169
1 -0.809972 -0.604483 0.319128
1 -0.77062 -0.720875 0.321393
1 -0.679634 -1.01301 0.327817
3 -0.649177 -1.15492 0.323714
1 -0.633908 -1.24506 0.327995
3 -0.705667 -0.886794 0.321961
1 -0.652448 -1.14492 0.321313
2 -0.643701 -1.17609 0.32677
2 -0.701001 -0.86578 0.325311
5 -0.799473 -0.564543 0.317734
2 -0.794432 -0.611173 0.316464
4 -0.721901 -0.738113 0.32911
3 -0.689541 -0.855201 0.328974
1 -0.692294 -1.00656 0.322898
1 -0.679943 -1.13461 0.321255
1 -0.884007 -0.495996 0.309731
2 -0.784416 -0.738725 0.324132
3 -0.782273 -0.981952 0.314215
7 -0.803619 -0.867884 0.311051
1 -0.678696 -1.16286 0.316571
2 -0.63168 -1.31751 0.323359
3 -0.661882 -1.32802 0.31991
1 -0.699393 -1.06838 0.326909
1 -0.690288 -1.11562 0.330265
3 -0.774302 -0.686501 0.323121
3 -0.770425 -0.809055 0.316912
4 -0.784948 -0.698634 0.321467
1 -0.729623 -0.852698 0.328363
1 -0.711191 -0.815609 0.326837
2 -0.708691 -0.813258 0.325774
6 -0.808916 -0.679324 0.312227
1 -0.688347 -1.38259 0.318009
2 -0.71029 -1.27203 0.316234
1 -0.782768 -0.791858 0.31451
3 -0.756085 -0.782487 0.317946
1 -0.742857 -0.940403 0.31875
1 -0.746065 -0.889212 0.320823
2 -0.778012 -0.878136 0.30952
1 -0.804435 -0.758085 0.308442
3 -0.821062 -0.671183 0.305918
5 -0.848295 -0.366317 0.309394
1 -0.756269 -0.734931 0.319678
5 -0.784641 -0.804657 0.320521
1 -0.795243 -0.759595 0.316378
4 -0.807965 -0.73161 0.315784
4 -0.776618 -0.76263 0.318023
1 -0.709039 -0.769706 0.331381
1 -0.644277 -1.17529 0.329698
1 -0.751842 -0.760856 0.326735
2 -0.758172 -0.766299 0.326769
1 -0.811679 -0.634983 0.316526
3 -0.71525 -1.05438 0.323637
2 -0.704803 -1.11197 0.325032
5 -0.691206 -1.07909 0.327311
3 -0.783745 -0.592935 0.323563
2 -0.684935 -1.05246 0.321844
2 -0.684801 -1.10177 0.322089
1 -0.69206 -1.09776 0.31858
11 -0.605662 -1.52952 0.326376
1 -0.665754 -1.27612 0.324064
2 -0.781511 -0.997677 0.309968
1 -0.777074 -1.07351 0.307074
1 -0.561094 -1.68426 0.331144
3 -0.713415 -1.0446 0.323162
1 -0.789392 -0.671126 0.325531
4 -0.776457 -0.625209 0.325838
1 -0.795394 -0.638281 0.32056
2 -0.743049 -0.872932 0.321356
6 -0.702479 -0.884813 0.325658
3 -0.684909 -0.91673 0.328127
4 -0.667734 -0.974 0.329891
1 -0.638055 -1.35471 0.322296
4 -0.648453 -1.20152 0.324679
2 -0.698509 -1.10321 0.316213
1 -0.635336 -1.37269 0.32295
1 -0.723617 -1.04478 0.320825
5 -0.853375 -0.688578 0.309602
4 -0.758125 -0.881179 0.317337
5 -0.706969 -0.862663 0.327366
1 -0.73508 -0.756068 0.327753
3 -0.730381 -0.869727 0.322798
10 -0.725344 -1.03305 0.32361
1 -0.792364 -0.631162 0.318533
3 -0.795965 -0.589888 0.319611
1 -0.7418 -0.826939 0.317654
10 -0.813762 -0.555443 0.313795
3 -0.865197 -0.439979 0.311606
1 -0.754445 -1.0071 0.311755
10 -0.670011 -1.23556 0.320342
4 -0.729374 -0.867324 0.317101
4 -0.806744 -0.553836 0.313192
5 -0.795187 -0.626317 0.313744
2 -0.795788 -0.604521 0.31512
2 -0.810758 -0.541842 0.315094
1 -0.715924 -0.890289 0.321644
1 -0.662821 -1.01924 0.328162
1 -0.811172 -0.734102 0.309232
4 -0.839014 -0.487089 0.31769
2 -0.75344 -0.888611 0.312363
1 -0.73182 -0.839773 0.322491
8 -0.769552 -0.738173 0.324975
1 -0.768325 -0.75222 0.324552
1 -0.841116 -0.658263 0.31582
3 -0.797316 -0.721154 0.320935
10 -0.719256 -1.06554 0.325485
2 -0.700782 -1.14215 0.328356
3 -0.819255 -0.624511 0.321496
2 -0.746946 -0.951841 0.322781
1 -0.732531 -1.05213 0.321647
1 -0.759733 -0.859163 0.319836
1 -0.784203 -0.749401 0.31816
2 -0.745626 -0.806701 0.325285
4 -0.866577 -0.520686 0.315735
4 -0.81857 -0.814075 0.304675
4 -0.782368 -0.822761 0.3095
4 -0.792299 -0.778117 0.310569
1 -0.783944 -0.772833 0.313301
2 -0.769369 -0.816889 0.314689
1 -0.710665 -1.01855 0.322993
4 -0.706467 -1.06548 0.321607
4 -0.745671 -0.901216 0.321599
1 -0.803421 -0.76475 0.319192
1 -0.775211 -0.904857 0.317158
3 -0.829248 -0.788937 0.310317
1 -0.760007 -0.883098 0.316568
8 -0.738734 -1.01326 0.318457
1 -0.783833 -0.642066 0.323019
1 -0.796948 -0.836892 0.3111
6 -0.787153 -0.876284 0.311918
1 -0.698184 -0.899525 0.327433
4 -0.806125 -0.790057 0.314051
1 -0.807596 -0.768397 0.310379
1 -0.636793 -1.29799 0.319753
3 -0.713514 -1.14706 0.318916
1 -0.801882 -0.831283 0.312895
1 -0.794408 -0.651811 0.323775
1 -0.693482 -1.08247 0.315524
1 -0.7675 -0.816011 0.314028
2 -0.780328 -0.856063 0.312364
7 -0.787426 -0.820056 0.315451
2 -0.803918 -0.637284 0.323311
3 -0.790246 -0.692948 0.322775
1 -0.746012 -0.844567 0.323268
1 -0.713815 -0.785578 0.33264
5 -0.743479 -0.900662 0.324075
2 -0.711586 -0.876316 0.323211
1 -0.678918 -1.10133 0.316803
1 -0.684899 -1.0947 0.321242
1 -0.685103 -1.17529 0.321781
1 -0.774966 -0.896219 0.315279
2 -0.83127 -0.689448 0.311793
2 -0.805018 -0.845165 0.315642
4 -0.727765 -1.13157 0.317985
2 -0.724604 -1.07804 0.322169
3 -0.730224 -1.03794 0.32232
2 -0.827682 -0.578983 0.31868
1 -0.686721 -1.0484 0.324286
1 -0.78676 -0.68713 0.318199
3 -0.825288 -0.529142 0.320619
1 -0.8761 -0.49511 0.309933
1 -0.873601 -0.348417 0.317596
5 -0.816325 -0.59058 0.319859
2 -0.773131 -0.670467 0.322187
3 -0.633024 -1.25983 0.326117
2 -0.65429 -1.17189 0.327671
2 -0.638576 -1.20608 0.328618
4 -0.799264 -0.680056 0.321818
4 -0.803586 -0.668378 0.318255
1 -0.773865 -0.701643 0.322099
2 -0.786784 -0.595541 0.32101
2 -0.777478 -0.669409 0.319414
2 -0.786911 -0.661716 0.317831
9 -0.774786 -0.711186 0.318867
1 -0.817838 -0.579702 0.312693
1 -0.765906 -0.775988 0.316674
1 -0.797685 -0.704519 0.316514
1 -0.844053 -0.476733 0.317511
2 -0.762823 -0.828967 0.315588
3 -0.731411 -0.963692 0.322122
4 -0.724461 -0.915701 0.325544
5 -0.703888 -0.999651 0.324945
3 -0.760098 -0.877467 0.320582
2 -0.835618 -0.538329 0.317547
6 -0.775909 -0.835752 0.320299
2 -0.739589 -0.973153 0.321254
1 -0.755666 -0.885276 0.321249
6 -0.848075 -0.477677 0.315906
7 -0.846627 -0.528528 0.313346
3 -0.840764 -0.551967 0.322072
1 -0.674498 -1.05853 0.328902
5 -0.683484 -1.27127 0.31979
3 -0.783551 -0.769437 0.315241
2 -0.756608 -0.858304 0.317847
1 -0.822094 -0.599696 0.312833
1 -0.781414 -0.733991 0.313345
2 -0.762416 -0.752469 0.321888
7 -0.810599 -0.683072 0.31718
3 -0.755271 -0.794325 0.324683
2 -0.817212 -0.520828 0.320404
1 -0.778076 -0.787868 0.318455
2 -0.651924 -1.24044 0.329043
1 -0.866871 -0.630571 0.307657
1 -0.753674 -0.830167 0.319815
1 -0.772464 -0.665503 0.320543
6 -0.804493 -0.635797 0.319673
3 -0.7654 -0.723873 0.323423
1 -0.788585 -0.732507 0.318013
1 -0.749785 -0.912745 0.318824
1 -0.800629 -0.721557 0.314837
7 -0.792104 -0.698438 0.318592
1 -0.767436 -0.723492 0.324671
1 -0.755841 -0.734696 0.324697
2 -0.719608 -0.937922 0.327337
7 -0.717515 -0.836491 0.330918
2 -0.734381 -0.752303 0.325699
5 -0.777401 -0.729985 0.31941
5 -0.678149 -1.10255 0.32295
7 -0.686644 -1.12649 0.323275
1 -0.768815 -0.747769 0.319699
1 -0.809432 -0.783156 0.31305
5 -0.810619 -0.743943 0.313669
1 -0.844133 -0.584107 0.313553
1 -0.775033 -0.863631 0.313543
1 -0.76726 -0.803075 0.315001
5 -0.86283 -0.530125 0.304992
1 -0.849751 -0.468705 0.311406
4 -0.751555 -0.889568 0.322311
6 -0.710994 -1.08966 0.321425
3 -0.743302 -0.951243 0.317668
3 -0.748132 -0.827158 0.31933
3 -0.747066 -0.882711 0.315358
1 -0.749975 -0.83716 0.320495
4 -0.690236 -0.986773 0.32769
3 -0.684362 -1.01045 0.322565
3 -0.655082 -1.23418 0.323023
1 -0.711002 -1.01396 0.31815
3 -0.739393 -0.855634 0.327126
6 -0.707365 -1.03494 0.322824
3 -0.83144 -0.597996 0.313088
4 -0.751458 -0.908267 0.313235
2 -0.728936 -0.925767 0.318209
5 -0.702751 -1.1438 0.318857
3 -0.732257 -0.932139 0.322368
1 -0.724979 -1.02376 0.321734
1 -0.666686 -1.21148 0.320741
6 -0.774276 -0.824399 0.312565
5 -0.789751 -0.751588 0.312024
7 -0.82865 -0.480916 0.311954
8 -0.863047 -0.547267 0.309275
3 -0.818998 -0.680983 0.311754
2 -0.838079 -0.616673 0.308508
2 -0.842774 -0.449495 0.312829
4 -0.823486 -0.348943 0.325502
3 -0.788838 -0.671616 0.31543
2 -0.713482 -0.778571 0.324384
2 -0.697772 -0.903774 0.323898
1 -0.843509 -0.460099 0.311567
1 -0.840254 -0.469057 0.31249
10 -0.70853 -1.01961 0.316185
1 -0.6964 -1.3041 0.313735
8 -0.770758 -0.71388 0.314407
3 -0.791962 -0.674245 0.310375
5 -0.724008 -0.891324 0.316507
1 -0.702731 -1.00324 0.322411
1 -0.804378 -0.618569 0.312723
1 -0.7037 -0.947049 0.31896
1 -0.740447 -0.851187 0.315422
3 -0.793551 -0.779714 0.311123
1 -0.743208 -0.982628 0.317362
2 -0.724022 -1.05027 0.317068
1 -0.697738 -1.07661 0.325734
1 -0.620085 -1.50285 0.323699
1 -0.759938 -0.84332 0.320539
1 -0.778017 -0.818386 0.316937
2 -0.816872 -0.692127 0.314641
6 -0.708544 -1.10543 0.319857
4 -0.713424 -0.97695 0.322161
1 -0.645041 -1.17561 0.32538
3 -0.689774 -1.12396 0.31707
4 -0.728114 -0.956879 0.319689
5 -0.662413 -1.09897 0.32506
1 -0.659812 -1.07962 0.327381
7 -0.782606 -0.709259 0.320123
1 -0.770255 -0.857224 0.316666
3 -0.811425 -0.656718 0.313214
5 -0.771986 -0.839131 0.312916
3 -0.690486 -0.93397 0.333096
2 -0.660243 -1.23714 0.323618
2 -0.711093 -1.04371 0.320174
1 -0.752692 -1.04952 0.306909
1 -0.702998 -1.1859 0.32518
1 -0.725448 -0.947154 0.318584
1 -0.662555 -1.14309 0.318278
2 -0.68678 -1.071 0.315578
3 -0.761557 -0.728724 0.317073
2 -0.765214 -0.823833 0.311365
2 -0.68223 -1.10413 0.325122
1 -0.684341 -0.997825 0.326975
1 -0.674124 -1.235 0.320601
1 -0.789783 -0.789389 0.311818
1 -0.756104 -0.932029 0.310939
8 -0.762457 -0.859882 0.32037
1 -0.851342 -0.629583 0.312265
1 -0.72516 -1.05085 0.320381
3 -0.672998 -0.976683 0.325051
1 -0.753103 -0.751112 0.316368
1 -0.815723 -0.70365 0.313989
5 -0.823406 -0.674112 0.313068
3 -0.808308 -0.612547 0.31743
2 -0.748132 -0.856939 0.318243
1 -0.752765 -0.958781 0.314558
1 -0.838908 -0.599568 0.308723
1 -0.854818 -0.490601 0.310565
5 -0.774322 -0.806804 0.314245
5 -0.721573 -0.921398 0.320335
3 -0.7138 -0.898294 0.32377
8 -0.759065 -0.908362 0.319646
1 -0.707291 -1.12674 0.316702
1 -0.885784 -0.414077 0.304209
1 -0.79118 -0.636464 0.325372
2 -0.894908 -0.44259 0.307031
1 -0.745001 -0.898717 0.320474
4 -0.742373 -0.969026 0.31945
3 -0.77891 -0.77504 0.315956
10 -0.836226 -0.607674 0.308899
1 -0.839612 -0.624791 0.309204
1 -0.765104 -0.645021 0.319001
4 -0.769221 -0.684331 0.320054
1 -0.788098 -0.717962 0.320785
2 -0.70934 -0.862123 0.323365
3 -0.696252 -0.976306 0.322922
1 -0.68345 -0.944304 0.326904
2 -0.649132 -1.12768 0.328591
2 -0.683156 -1.07852 0.318133
1 -0.703971 -1.07153 0.320994
1 -0.704694 -1.04663 0.321815
3 -0.788989 -0.848354 0.317075
1 -0.68875 -0.938595 0.328455
3 -0.755586 -0.876931 0.311445
2 -0.808238 -0.567052 0.31313
3 -0.767564 -0.627282 0.318584
1 -0.643737 -1.18193 0.3248
3 -0.659737 -1.13526 0.327538
5 -0.769053 -0.945809 0.317799
5 -0.775451 -0.865424 0.314194
1 -0.778321 -0.836084 0.315101
3 -0.83021 -0.599558 0.318926
1 -0.749132 -0.966825 0.314151
2 -0.828101 -0.387003 0.320628
1 -0.710241 -0.918137 0.32019
1 -0.66296 -1.08397 0.324398
3 -0.761345 -0.820729 0.314316
1 -0.827015 -0.74396 0.30713
2 -0.702483 -1.02325 0.322483
5 -0.783546 -0.784812 0.316208
2 -0.832648 -0.567606 0.313563
3 -0.753585 -0.842496 0.316006
4 -0.798539 -0.778247 0.313617
4 -0.683234 -1.24737 0.320826
2 -0.794537 -0.842041 0.311431
2 -0.825202 -0.672808 0.315285
3 -0.837605 -0.682759 0.312855
1 -0.765008 -0.866138 0.316084
2 -0.80441 -0.47606 0.320027
1 -0.78694 -0.571515 0.321409
4 -0.769834 -0.689017 0.316789
2 -0.719406 -0.964773 0.321046
5 -0.730514 -1.04483 0.314428
1 -0.819924 -0.654076 0.310508
2 -0.752232 -0.912098 0.317136
7 -0.735485 -1.01551 0.317209
1 -0.74329 -1.21893 0.311023
2 -0.83563 -0.622313 0.309156
2 -0.834366 -0.661952 0.307294
2 -0.811817 -0.687562 0.311998
13 -0.813992 -0.657853 0.310927
1 -0.752295 -0.88111 0.320268
1 -0.737864 -0.945334 0.318217
4 -0.73089 -0.921935 0.318308
4 -0.753382 -0.869708 0.316349
1 -0.768282 -0.749571 0.324119
1 -0.74287 -0.838599 0.319172
3 -0.861359 -0.423127 0.313996
2 -0.872028 -0.553883 0.312331
1 -0.735794 -0.866726 0.319847
2 -0.834908 -0.515975 0.313871
3 -0.817773 -0.589495 0.316617
8 -0.838966 -0.527013 0.319741
3 -0.781641 -0.585581 0.327571
1 -0.794318 -0.586379 0.315366
1 -0.721407 -0.924874 0.31485
3 -0.727653 -0.952141 0.313772
4 -0.699768 -1.01327 0.332942
5 -0.692333 -1.03647 0.329532
5 -0.689312 -1.09442 0.324873
2 -0.748345 -0.757998 0.325687
2 -0.655855 -1.15429 0.330798
5 -0.754474 -0.978523 0.317797
5 -0.752925 -0.882323 0.313634
5 -0.762633 -0.695177 0.318427
2 -0.788202 -0.658086 0.3208
4 -0.838132 -0.538919 0.317214
8 -0.809947 -0.713206 0.322063
1 -0.712313 -0.876289 0.322116
2 -0.678067 -1.02834 0.323126
5 -0.711028 -1.13628 0.320037
1 -0.772325 -0.920673 0.318892
3 -0.784389 -0.865498 0.318819
6 -0.710337 -1.04261 0.323888
2 -0.843431 -0.552352 0.310859
6 -0.733834 -0.850073 0.325177
6 -0.770948 -0.80431 0.312866
2 -0.713014 -0.81001 0.326986
5 -0.651596 -1.03967 0.331302
1 -0.636835 -1.24447 0.331525
1 -0.706034 -1.01552 0.31641
3 -0.681103 -1.20979 0.316874
6 -0.671597 -1.27899 0.316423
2 -0.696123 -1.19669 0.314135
3 -0.74637 -0.915394 0.31778
4 -0.73214 -1.00524 0.318129
1 -0.771023 -0.85269 0.31874
3 -0.754275 -0.898613 0.322562
1 -0.777821 -0.833677 0.320972
2 -0.773346 -0.769256 0.32545
6 -0.718019 -0.930832 0.324466
2 -0.72988 -0.874216 0.325969
4 -0.725054 -0.881866 0.322793
2 -0.71465 -0.927281 0.323717
2 -0.642373 -1.22932 0.323409
2 -0.652312 -1.31777 0.320758
4 -0.753422 -0.837827 0.315538
3 -0.737446 -0.837104 0.318869
1 -0.662499 -1.22597 0.324903
1 -0.742798 -0.979393 0.311013
1 -0.669351 -1.19766 0.315895
1 -0.759389 -0.686812 0.325055
1 -0.754662 -0.742085 0.322556
1 -0.744514 -0.772671 0.321885
1 -0.745442 -0.785875 0.320358
6 -0.770602 -0.791671 0.317503
1 -0.709517 -1.02808 0.321738
1 -0.677506 -1.17877 0.323253
3 -0.695052 -1.0324 0.330554
3 -0.695775 -1.03468 0.329123
5 -0.679016 -1.11948 0.326196
2 -0.787821 -0.770852 0.318231
1 -0.765629 -0.979764 0.312701
6 -0.742387 -1.0435 0.315567
2 -0.740954 -1.15974 0.308913
6 -0.610711 -1.32909 0.331579
1 -0.672011 -0.946565 0.328494
4 -0.774495 -0.722471 0.321588
1 -0.7759 -0.697165 0.319838
4 -0.721054 -0.916102 0.318758
1 -0.706889 -1.07429 0.317586
4 -0.813564 -0.811974 0.306519
3 -0.805637 -0.711651 0.311645
9 -0.784057 -0.809502 0.317534
4 -0.798517 -0.742397 0.314911
1 -0.800588 -0.62549 0.319657
4 -0.804904 -0.53434 0.324221
1 -0.800549 -0.64227 0.318039
7 -0.758147 -0.854616 0.320814
1 -0.690278 -1.01708 0.321396
6 -0.758939 -0.890301 0.310738
1 -0.673761 -1.24904 0.323335
10 -0.701674 -1.18066 0.318799
3 -0.592318 -1.44906 0.327541
4 -0.639527 -1.17104 0.324606
4 -0.698839 -1.00319 0.325521
1 -0.697836 -0.976479 0.326017
1 -0.770081 -0.643036 0.316794
6 -0.702124 -0.85385 0.323527
2 -0.777316 -0.953361 0.310643
1 -0.721132 -1.08015 0.32523
1 -0.699666 -1.12879 0.325101
4 -0.73465 -0.874179 0.318672
3 -0.652749 -1.15598 0.325808
2 -0.77699 -0.738057 0.31602
2 -0.782907 -0.835167 0.318319
2 -0.803822 -0.794698 0.316394
4 -0.884661 -0.415577 0.308795
1 -0.709701 -0.999563 0.320382
2 -0.699343 -0.983195 0.313987
1 -0.723544 -0.956757 0.315409
2 -0.739048 -0.899894 0.319419
3 -0.685838 -1.18007 0.321573
5 -0.820481 -0.731841 0.3168
2 -0.702165 -0.935018 0.325082
1 -0.707343 -0.989259 0.326475
2 -0.769517 -0.791713 0.318061
1 -0.787002 -0.794633 0.316239
1 -0.77048 -0.877751 0.316764
2 -0.761672 -0.925876 0.317659
1 -0.789236 -0.843645 0.316029
3 -0.783553 -0.847654 0.316839
6 -0.800622 -0.687818 0.318564
3 -0.804224 -0.692432 0.314901
3 -0.786598 -0.74337 0.315211
1 -0.766344 -0.802376 0.316254
2 -0.781954 -0.720695 0.316172
2 -0.651945 -1.12821 0.325031
4 -0.764322 -1.01069 0.31731
2 -0.692138 -1.23048 0.320789
1 -0.673141 -1.17754 0.327568
2 -0.775344 -0.775426 0.315891
6 -0.781651 -0.696531 0.320637
1 -0.679192 -0.92948 0.329333
15 -0.691863 -0.865124 0.325848
4 -0.718666 -0.766761 0.325816
9 -0.748283 -1.00342 0.314613
2 -0.64276 -1.45413 0.315393
2 -0.669911 -1.25449 0.316039
5 -0.784169 -0.819487 0.313997
1 -0.831835 -0.372796 0.321193
1 -0.663398 -0.979797 0.332254
5 -0.701391 -0.801463 0.329563
3 -0.751296 -0.760681 0.318574
1 -0.799983 -0.740231 0.313511
1 -0.71897 -1.11051 0.314269
1 -0.753599 -0.890807 0.317849
3 -0.810669 -0.675535 0.314129
3 -0.79633 -0.706374 0.315526
5 -0.750861 -0.816812 0.317002
9 -0.78671 -0.71126 0.312923
1 -0.714594 -0.952039 0.318806
1 -0.768784 -0.76985 0.314437
4 -0.6825 -1.21701 0.318727
4 -0.788513 -0.750545 0.319221
1 -0.785078 -0.561234 0.325067
2 -0.717662 -0.951635 0.324215
4 -0.787382 -0.704133 0.311862
2 -0.823071 -0.615311 0.319931
4 -0.701326 -1.11748 0.320878
1 -0.704198 -0.987889 0.328117
1 -0.789258 -0.816485 0.322976
2 -0.761262 -0.909827 0.321955
13 -0.705751 -1.12006 0.325344
2 -0.780745 -0.784324 0.321983
1 -0.704859 -1.02792 0.323273
1 -0.804711 -0.681066 0.321255
1 -0.732468 -0.849493 0.326917
2 -0.697737 -1.06937 0.320385
1 -0.7316 -0.919162 0.318879
2 -0.719379 -0.944185 0.323569
5 -0.861871 -0.57969 0.312981
3 -0.806279 -0.741521 0.314099
2 -0.788718 -0.785141 0.319549
1 -0.756467 -0.822624 0.328245
1 -0.751845 -0.855265 0.319589
1 -0.679524 -0.948916 0.32441
3 -0.725741 -0.769702 0.327339
7 -0.767184 -0.697103 0.319402
2 -0.83915 -0.447595 0.315106
1 -0.831913 -0.552071 0.311908
7 -0.776024 -0.729796 0.324866
1 -0.709214 -1.00915 0.32756
5 -0.718333 -1.06933 0.321015
5 -0.722226 -1.07457 0.318822
8 -0.658227 -1.27219 0.320121
12 -0.815904 -0.58674 0.318744
3 -0.717042 -0.994545 0.318905
1 -0.727419 -0.949544 0.31758
3 -0.665691 -1.20036 0.325455
2 -0.738306 -0.932821 0.323704
3 -0.765666 -0.771736 0.324387
3 -0.723533 -0.890025 0.324214
1 -0.757878 -0.78466 0.320649
1 -0.795005 -0.795188 0.310355
7 -0.695109 -1.22338 0.319469
4 -0.740239 -0.954738 0.320238
2 -0.776264 -0.895653 0.317263
5 -0.796871 -0.731937 0.316957
1 -0.784588 -0.756165 0.319543
2 -0.644791 -1.04139 0.331378
1 -0.678685 -0.888919 0.330101
1 -0.67481 -1.05702 0.324012
3 -0.763522 -0.699563 0.32066
4 -0.748277 -0.763883 0.320072
2 -0.787804 -0.633185 0.325768
5 -0.754719 -0.83639 0.323213
2 -0.781478 -0.781145 0.314606
1 -0.78733 -0.750897 0.314353
4 -0.703801 -0.98146 0.324731
1 -0.724303 -1.09082 0.319766
7 -0.725108 -1.10398 0.320513
3 -0.713864 -1.10823 0.318237
2 -0.77395 -0.830989 0.317077
3 -0.794585 -0.810273 0.312851
14 -0.719674 -0.926468 0.325392
3 -0.720027 -0.90881 0.326229
1 -0.747996 -0.937418 0.316622
2 -0.727676 -1.04193 0.317601
1 -0.678139 -1.17958 0.324183
2 -0.691759 -0.962477 0.323305
3 -0.652557 -1.13864 0.322032
8 -0.749384 -0.893944 0.315974
3 -0.74604 -0.881927 0.322398
1 -0.782293 -0.690471 0.321405
1 -0.738028 -0.93131 0.319512
2 -0.733266 -0.77387 0.325415
1 -0.692571 -0.977674 0.32494
2 -0.710866 -0.87512 0.324992
1 -0.628615 -1.14398 0.330503
1 -0.572169 -1.52264 0.330389
1 -0.611871 -1.49953 0.328502
3 -0.709361 -1.24578 0.319692
1 -0.792428 -0.935989 0.319281
1 -0.795576 -0.763381 0.321083
1 -0.832224 -0.555596 0.316879
2 -0.842514 -0.503357 0.306877
4 -0.843499 -0.545588 0.315285
2 -0.663145 -1.03201 0.330416
2 -0.710363 -1.17105 0.321348
3 -0.781343 -0.756121 0.317764
1 -0.792918 -0.735736 0.318202
3 -0.783727 -0.725299 0.317831
2 -0.764169 -0.879136 0.317287
1 -0.669706 -1.12171 0.322511
2 -0.868407 -0.439577 0.312055
2 -0.867576 -0.515037 0.315069
5 -0.855349 -0.615717 0.312705
10 -0.794311 -0.680415 0.319606
1 -0.793252 -0.699658 0.321805
1 -0.8496 -0.479428 0.319783
4 -0.767787 -0.840513 0.320093
1 -0.713779 -1.08333 0.320812
2 -0.784358 -0.64954 0.322401
2 -0.803118 -0.645954 0.312916
12 -0.804895 -0.610989 0.316079
4 -0.767072 -0.794852 0.320755
3 -0.74666 -0.902014 0.323721
1 -0.637518 -1.24137 0.325462
3 -0.64347 -1.19187 0.326188
1 -0.743889 -0.881986 0.320911
1 -0.770244 -0.837345 0.319407
1 -0.818181 -0.563535 0.318215
3 -0.780422 -0.760965 0.318655
1 -0.706542 -1.00624 0.325887
3 -0.793987 -0.819024 0.315204
4 -0.751175 -0.906313 0.320141
2 -0.700912 -1.1766 0.316769
10 -0.757531 -0.925193 0.312421
1 -0.820845 -0.72556 0.309225
5 -0.738093 -1.00307 0.313121
2 -0.707726 -1.07523 0.319464
1 -0.691804 -0.963875 0.329886
1 -0.764786 -0.806918 0.322635
3 -0.747243 -0.972008 0.321297
1 -0.733263 -0.967802 0.322704
4 -0.774609 -0.746914 0.321876
1 -0.808051 -0.641405 0.314341
5 -0.701566 -0.921147 0.324185
2 -0.697186 -0.94045 0.323741
3 -0.681754 -1.08738 0.328978
3 -0.662238 -1.18106 0.325962
2 -0.732585 -0.921947 0.31671
3 -0.716249 -1.06074 0.320831
1 -0.750025 -0.84851 0.315425
1 -0.747217 -0.824935 0.322963
10 -0.784039 -0.80942 0.322851
4 -0.831379 -0.581525 0.322807
1 -0.846172 -0.591126 0.319575
2 -0.727735 -1.03881 0.320891
2 -0.745276 -0.972459 0.321605
1 -0.82352 -0.587255 0.320719
6 -0.829601 -0.648497 0.313349
6 -0.745681 -0.796527 0.319311
2 -0.776004 -0.84383 0.312584
2 -0.765694 -0.88204 0.309923
3 -0.740036 -1.00403 0.317443
1 -0.763393 -0.764658 0.320464
1 -0.77524 -0.963912 0.31885
1 -0.667704 -1.19934 0.317609
3 -0.67545 -1.12828 0.326221
3 -0.756558 -0.829827 0.324983
2 -0.834729 -0.542546 0.318094
1 -0.775872 -0.845876 0.315497
2 -0.741809 -1.0139 0.316549
6 -0.721506 -1.0833 0.320152
4 -0.846575 -0.604635 0.314097
4 -0.834979 -0.616236 0.313811
3 -0.685765 -1.0963 0.32068
2 -0.781141 -0.707411 0.317198
5 -0.736464 -1.02828 0.317828
3 -0.803372 -0.622945 0.318241
1 -0.814738 -0.649612 0.319888
1 -0.864587 -0.5007 0.31397
2 -0.818981 -0.619455 0.312827
3 -0.797042 -0.75868 0.314412
2 -0.852838 -0.575683 0.316803
1 -0.856317 -0.5168 0.318289
5 -0.797602 -0.588703 0.317398
5 -0.749091 -0.744082 0.321676
3 -0.791008 -0.804801 0.31129
3 -0.755483 -0.87568 0.314719
1 -0.73645 -0.957929 0.315808
1 -0.711283 -1.07203 0.317456
2 -0.812057 -0.534483 0.315341
1 -0.867261 -0.346002 0.307174
5 -0.855977 -0.326135 0.310545
2 -0.849202 -0.331645 0.314596
4 -0.881687 -0.300682 0.312905
1 -0.869978 -0.340804 0.319011
3 -0.890839 -0.25258 0.320593
2 -0.845297 -0.443729 0.321417
1 -0.864878 -0.506162 0.318219
3 -0.706983 -1.16342 0.317821
2 -0.686968 -1.03788 0.325514
1 -0.671825 -1.10746 0.327301
4 -0.731576 -0.922129 0.319923
8 -0.721533 -0.942298 0.321536
6 -0.777778 -0.712223 0.320893
1 -0.727984 -0.996159 0.321168
2 -0.800656 -0.650814 0.31536
2 -0.802112 -0.621128 0.315147
11 -0.793044 -0.682331 0.315393
4 -0.793942 -0.722279 0.31011
4 -0.760884 -0.932883 0.310925
2 -0.727749 -1.12143 0.312222
2 -0.712304 -1.09981 0.313626
6 -0.742373 -0.850953 0.313546
1 -0.749435 -0.792888 0.315105
5 -0.758811 -0.8683 0.316142
1 -0.741066 -0.949484 0.317651
3 -0.773616 -0.747152 0.317746
2 -0.714546 -1.06021 0.315663
1 -0.69632 -1.19288 0.315577
9 -0.735679 -1.09324 0.314708
2 -0.762224 -1.0381 0.314845
1 -0.792638 -0.921173 0.309093
2 -0.780548 -1.01694 0.311851
2 -0.787756 -0.956885 0.312306
1 -0.749412 -0.982569 0.315615
7 -0.790617 -0.863923 0.311756
3 -0.798108 -0.589418 0.317603
8 -0.794625 -0.60462 0.317904
5 -0.808557 -0.535516 0.318874
1 -0.841616 -0.483878 0.316746
1 -0.726942 -0.938123 0.321279
2 -0.731545 -0.949276 0.321007
1 -0.699343 -1.12839 0.315953
1 -0.700864 -1.03778 0.317549
3 -0.735674 -0.865743 0.3245
8 -0.7509 -0.743861 0.322176
7 -0.730815 -0.903598 0.324044
6 -0.772793 -0.848352 0.316618
5 -0.731433 -0.921559 0.319687
1 -0.786362 -0.78311 0.317743
2 -0.750655 -0.820426 0.321767
2 -0.725675 -0.910711 0.322213
4 -0.788652 -0.733684 0.320416
9 -0.740958 -0.875473 0.325417
1 -0.724441 -1.01457 0.317629
1 -0.74699 -0.879737 0.31975
2 -0.759692 -0.76773 0.326548
3 -0.741561 -0.818493 0.325956
1 -0.672031 -1.0694 0.329703
1 -0.763712 -0.925435 0.310263
2 -0.827526 -0.59708 0.310979
1 -0.869313 -0.492087 0.311981
2 -0.760431 -0.857588 0.323954
2 -0.747673 -0.980771 0.31666
5 -0.694318 -1.22943 0.321257
1 -0.764442 -0.827291 0.31897
5 -0.77225 -0.743357 0.316705
3 -0.807888 -0.583955 0.314697
1 -0.604588 -1.40696 0.32474
1 -0.565107 -1.53946 0.326346
1 -0.654398 -0.942731 0.329441
5 -0.68923 -0.880995 0.324917
2 -0.678052 -1.07305 0.321866
2 -0.63268 -1.25863 0.325439
6 -0.683313 -1.22816 0.321424
2 -0.76553 -0.824735 0.316512
2 -0.712511 -0.985259 0.321327
1 -0.717144 -0.981486 0.320539
2 -0.780047 -0.710633 0.318758
1 -0.810014 -0.60508 0.323242
4 -0.742673 -0.80844 0.328854
1 -0.688872 -1.07478 0.326316
2 -0.714329 -1.04663 0.32485
2 -0.726768 -0.873086 0.323388
5 -0.703744 -1.05493 0.31547
1 -0.774385 -0.780171 0.32082
5 -0.841719 -0.479291 0.314138
3 -0.726207 -0.875828 0.320392
5 -0.851375 -0.50005 0.312343
3 -0.883796 -0.282133 0.316118
1 -0.866387 -0.396273 0.311708
5 -0.830948 -0.508109 0.31232
2 -0.73884 -0.905793 0.317904
3 -0.710986 -0.989453 0.329258
14 -0.750353 -0.840652 0.326497
2 -0.731245 -0.941852 0.324857
1 -0.738395 -0.881718 0.322443
2 -0.760722 -0.808551 0.321436
3 -0.728734 -1.02118 0.319609
1 -0.74879 -0.778884 0.322379
1 -0.74882 -0.813844 0.324945
2 -0.718336 -0.955767 0.320948
2 -0.76006 -0.812305 0.318239
1 -0.764049 -0.799904 0.316062
1 -0.801042 -0.645319 0.318083
2 -0.801479 -0.699097 0.313746
5 -0.719856 -1.0624 0.319428
1 -0.795369 -0.819724 0.306993
1 -0.827005 -0.684703 0.310464
1 -0.810907 -0.723188 0.313038
2 -0.829998 -0.639562 0.313279
1 -0.889378 -0.489315 0.306983
4 -0.693345 -0.994953 0.326089
3 -0.739465 -0.749277 0.324908
6 -0.758358 -0.656137 0.326116
1 -0.756399 -0.797227 0.314438
2 -0.704591 -1.05828 0.318841
2 -0.700932 -1.1165 0.31599
3 -0.671515 -1.41973 0.313095
1 -0.767308 -1.02956 0.307743
2 -0.822359 -0.736025 0.305233
1 -0.811871 -0.737036 0.306877
3 -0.763111 -0.905916 0.313094
3 -0.69438 -0.954745 0.327923
4 -0.725683 -0.859404 0.324029
2 -0.736524 -0.831791 0.319098
2 -0.717863 -1.00066 0.316592
2 -0.700304 -1.01294 0.322912
1 -0.657984 -1.06366 0.327236
4 -0.718064 -0.796715 0.326142
4 -0.701797 -1.09 0.314568
1 -0.694404 -0.90834 0.324461
2 -0.813197 -0.496338 0.325359
2 -0.735641 -0.829139 0.327342
1 -0.800856 -0.601431 0.319122
9 -0.831896 -0.585727 0.313665
2 -0.738884 -0.850958 0.318054
1 -0.824314 -0.573391 0.320009
3 -0.823495 -0.589585 0.319183
2 -0.740862 -0.814229 0.323573
1 -0.778838 -0.668672 0.317107
4 -0.77938 -0.841013 0.310829
4 -0.733164 -1.01655 0.314648
6 -0.694697 -1.12375 0.319183
1 -0.712388 -1.05761 0.321681
1 -0.6766 -1.20504 0.323214
5 -0.739294 -0.923549 0.319697
2 -0.799896 -0.770722 0.314895
4 -0.699088 -1.06017 0.328858
7 -0.635961 -1.35457 0.325658
3 -0.646606 -1.2895 0.327906
2 -0.820014 -0.675862 0.316695
4 -0.785237 -0.809384 0.318282
3 -0.76069 -0.861079 0.317421
1 -0.790946 -0.683066 0.315484
1 -0.749844 -0.977458 0.311803
1 -0.756518 -0.972131 0.31443
1 -0.702065 -1.12298 0.319056
2 -0.662925 -1.19951 0.322891
2 -0.731894 -1.04291 0.316899
2 -0.748185 -0.988932 0.320679
1 -0.779372 -0.861415 0.318831
1 -0.737 -1.13235 0.311466
3 -0.694933 -1.19454 0.317934
1 -0.736287 -1.24071 0.308364
2 -0.703916 -1.11258 0.316916
1 -0.72986 -0.874831 0.319545
1 -0.688473 -1.11932 0.32862
7 -0.692267 -1.09313 0.329265
1 -0.743764 -0.797071 0.325402
7 -0.779312 -0.763674 0.32368
5 -0.820426 -0.585577 0.318523
4 -0.786453 -0.687246 0.32296
2 -0.692818 -1.03439 0.329085
4 -0.634084 -1.23595 0.332047
4 -0.667669 -1.0067 0.32915
1 -0.747191 -0.754878 0.323041
6 -0.753771 -0.785351 0.324793
1 -0.723619 -0.867064 0.325664
2 -0.820949 -0.708936 0.308234
1 -0.785469 -0.904067 0.312221
4 -0.73883 -1.17471 0.31499
2 -0.617985 -1.2536 0.327409
2 -0.711101 -0.863146 0.325191
4 -0.685365 -1.07742 0.324337
5 -0.680885 -1.13804 0.32317
1 -0.718323 -1.11387 0.314012
1 -0.717401 -1.09664 0.317801
2 -0.649808 -1.29994 0.323948
2 -0.623632 -1.40793 0.321853
1 -0.70064 -1.11434 0.319213
2 -0.794629 -0.734385 0.315144
2 -0.747262 -0.927493 0.316629
1 -0.714081 -1.05329 0.322849
1 -0.664125 -1.2757 0.319306
3 -0.651723 -1.38537 0.319642
1 -0.715982 -0.921005 0.320024
5 -0.695664 -0.954947 0.321086
7 -0.681638 -1.01981 0.325393
2 -0.686213 -1.08048 0.32632
4 -0.696542 -1.02158 0.326208
1 -0.731817 -0.932099 0.319937
4 -0.757519 -0.745408 0.316615
5 -0.688216 -1.04526 0.320727
2 -0.686329 -0.985289 0.330422
2 -0.691206 -0.969037 0.330056
1 -0.69277 -0.965947 0.332019
1 -0.748369 -0.879408 0.325081
3 -0.686278 -1.02912 0.326417
3 -0.677551 -1.1355 0.326161
2 -0.801617 -0.654557 0.315968
2 -0.762814 -0.702776 0.317292
1 -0.731522 -0.867089 0.316247
2 -0.762723 -0.826137 0.31517
2 -0.730845 -0.938014 0.317697
2 -0.771881 -0.796666 0.311472
1 -0.789757 -0.837743 0.31078
1 -0.747187 -1.00248 0.318672
1 -0.638242 -1.22879 0.332372
2 -0.779637 -0.849551 0.314593
3 -0.819813 -0.734527 0.313944
1 -0.754469 -0.955294 0.314737
9 -0.786554 -0.817694 0.312872
5 -0.795901 -0.614653 0.312012
9 -0.82011 -0.725125 0.308921
2 -0.807639 -0.741765 0.310086
1 -0.766283 -0.831484 0.314402
3 -0.764412 -0.955163 0.315275
2 -0.761235 -0.870442 0.318564
3 -0.785972 -0.781834 0.318747
3 -0.758444 -0.872652 0.322392
5 -0.738012 -0.826882 0.325664
4 -0.692733 -1.02527 0.331128
2 -0.628455 -1.30452 0.326643
2 -0.652437 -1.18747 0.323875
1 -0.797815 -0.712882 0.313199
7 -0.832924 -0.587071 0.31307
5 -0.696829 -1.16122 0.320593
1 -0.679138 -1.11153 0.324393
2 -0.650846 -1.20753 0.32339
2 -0.674412 -0.9808 0.333327
1 -0.72411 -0.996858 0.324968
4 -0.849342 -0.569127 0.307506
2 -0.686489 -0.992198 0.329647
3 -0.615632 -1.26521 0.334283
3 -0.729215 -0.924179 0.318163
4 -0.73742 -0.998683 0.316738
1 -0.710986 -1.18532 0.309652
2 -0.768748 -0.990941 0.309687
4 -0.785736 -0.942953 0.309186
1 -0.826513 -0.735123 0.310549
1 -0.797913 -0.846642 0.311349
5 -0.797913 -0.846642 0.311349
2 -0.756476 -0.890301 0.316653
2 -0.754783 -0.787766 0.320502
3 -0.777066 -0.678871 0.322241
8 -0.749673 -0.905856 0.322322
1 -0.814326 -0.627952 0.317459
7 -0.795822 -0.570628 0.321092
1 -0.904876 -0.387831 0.308634
5 -0.874992 -0.542926 0.302719
1 -0.918297 -0.210046 0.309979
4 -0.931392 -0.210313 0.306331
1 -0.736726 -0.924614 0.326797
1 -0.746898 -0.880744 0.320649
3 -0.796314 -0.602419 0.324907
3 -0.784208 -0.710181 0.32527
2 -0.787875 -0.71233 0.318528
1 -0.812782 -0.685293 0.312009
2 -0.795153 -0.780177 0.307841
1 -0.805333 -0.626736 0.309873
3 -0.733166 -0.822998 0.312231
2 -0.846295 -0.518412 0.303751
2 -0.775407 -0.714022 0.311477
1 -0.726558 -1.10389 0.318704
1 -0.70095 -1.28717 0.314131
2 -0.702286 -1.13719 0.31721
1 -0.750182 -0.949232 0.312674
2 -0.748135 -0.962397 0.31073
1 -0.725794 -1.02025 0.313156
1 -0.748187 -0.979526 0.31762
2 -0.748462 -1.07629 0.312736
3 -0.807715 -0.755526 0.308997
4 -0.73946 -0.877884 0.311531
6 -0.784133 -0.637716 0.312098
5 -0.801667 -0.567269 0.31165
4 -0.591713 -1.35484 0.329155
1 -0.588859 -1.36375 0.330462
3 -0.652999 -1.18401 0.321866
1 -0.651436 -1.17822 0.323178
1 -0.68215 -1.26329 0.320002
1 -0.722834 -1.10568 0.32267
1 -0.876029 -0.55713 0.308668
1 -0.740878 -1.03891 0.312527
1 -0.762366 -0.958959 0.312149
3 -0.794211 -0.825319 0.309294
1 -0.798698 -0.841341 0.306748
5 -0.81601 -0.733232 0.304457
1 -0.762239 -0.829011 0.317244
2 -0.840305 -0.608439 0.314319
2 -0.747413 -0.851701 0.322702
2 -0.697897 -1.07767 0.321687
5 -0.603367 -1.45105 0.328145
1 -0.666711 -1.34994 0.321386
2 -0.660203 -1.37071 0.320632
2 -0.760895 -1.05337 0.311223
4 -0.809931 -0.649183 0.313455
2 -0.778996 -0.815201 0.317916
3 -0.79206 -0.79786 0.31959
2 -0.690099 -1.12836 0.320417
3 -0.707633 -0.968531 0.323986
1 -0.721001 -1.03193 0.322837
2 -0.762334 -0.947123 0.320617
2 -0.663142 -1.27244 0.324894
1 -0.763479 -0.793058 0.317824
3 -0.811052 -0.600063 0.313023
2 -0.807468 -0.603291 0.320683
6 -0.76227 -0.800538 0.323379
1 -0.766695 -0.809704 0.322892
4 -0.739599 -0.93365 0.321478
3 -0.739367 -0.964116 0.319683
1 -0.747538 -0.975801 0.317465
1 -0.794728 -0.853169 0.310442
1 -0.792754 -0.886043 0.312589
2 -0.792513 -0.831717 0.317313
8 -0.838279 -0.342548 0.328771
1 -0.669385 -1.09918 0.333728
1 -0.757956 -0.947037 0.323011
6 -0.842254 -0.632723 0.31814
5 -0.846484 -0.610634 0.318302
1 -0.795886 -0.856953 0.315393
2 -0.773708 -0.92127 0.318623
2 -0.680596 -1.19646 0.327956
6 -0.822135 -0.722442 0.31135
2 -0.70664 -1.15977 0.317452
4 -0.740923 -1.11518 0.313081
2 -0.689631 -1.18786 0.32109
2 -0.6977 -1.03373 0.333614
2 -0.698648 -0.924237 0.335503
1 -0.731928 -0.69522 0.330107
8 -0.766476 -0.649045 0.325479
1 -0.78392 -0.548506 0.326735
6 -0.695184 -1.07465 0.320804
8 -0.711748 -0.929372 0.314014
3 -0.765571 -0.809413 0.318641
1 -0.769719 -0.794575 0.31776
1 -0.827337 -0.563417 0.317518
4 -0.745343 -0.896967 0.32145
5 -0.752022 -0.819273 0.318101
2 -0.7643 -0.848018 0.318083
1 -0.785698 -0.683246 0.319764
2 -0.810349 -0.566934 0.312513
2 -0.833807 -0.561613 0.309338
1 -0.829034 -0.522623 0.314691
3 -0.809558 -0.745744 0.313819
5 -0.776062 -0.893915 0.315978
3 -0.817174 -0.616737 0.318058
2 -0.905203 -0.305809 0.313582
6 -0.82955 -0.587062 0.313469
4 -0.84032 -0.49651 0.315395
4 -0.817455 -0.631294 0.314569
1 -0.840568 -0.546692 0.314295
2 -0.806159 -0.710783 0.312213
2 -0.798003 -0.741384 0.31625
2 -0.858055 -0.617672 0.309623
1 -0.803275 -0.81844 0.309239
1 -0.792829 -0.858435 0.307927
1 -0.80628 -0.512511 0.321626
1 -0.825247 -0.626755 0.316859
1 -0.6966 -1.09463 0.315907
1 -0.64034 -1.3055 0.320976
2 -0.666693 -1.09668 0.324874
3 -0.771864 -0.868419 0.314801
1 -0.74112 -0.892096 0.317749
2 -0.765274 -0.783927 0.320648
2 -0.707289 -0.899891 0.323293
5 -0.751495 -0.973739 0.313064
3 -0.746883 -1.14207 0.317751
1 -0.751869 -0.833399 0.319309
1 -0.711976 -0.977967 0.321331
3 -0.740404 -0.712713 0.327693
2 -0.75925 -0.663672 0.327228
2 -0.762252 -0.679638 0.323717
1 -0.754795 -0.880362 0.314514
3 -0.700007 -0.93438 0.321584
1 -0.797131 -0.681525 0.316802
3 -0.756136 -0.91815 0.319317
1 -0.76183 -0.920098 0.316705
1 -0.67148 -1.1089 0.325008
5 -0.703776 -0.97878 0.323971
3 -0.695205 -1.10879 0.321446
4 -0.688936 -1.07426 0.323813
2 -0.668746 -1.1001 0.322819
3 -0.707575 -0.962381 0.327152
2 -0.672492 -1.06248 0.327232
5 -0.594668 -1.20189 0.335168
3 -0.641483 -1.08181 0.330507
3 -0.682915 -1.01063 0.328145
1 -0.713589 -0.896666 0.326689
3 -0.816594 -0.438673 0.327897
1 -0.759872 -0.861831 0.320517
3 -0.81276 -0.768526 0.315515
2 -0.772246 -0.900295 0.314629
6 -0.79903 -0.749816 0.311013
1 -0.751756 -0.930314 0.318523
3 -0.671214 -1.2629 0.320879
9 -0.664802 -1.22749 0.322645
4 -0.631784 -1.29489 0.324151
1 -0.756587 -0.937378 0.312979
1 -0.759753 -0.86831 0.322031
9 -0.66057 -1.12357 0.326391
1 -0.683108 -1.03613 0.322806
6 -0.755647 -0.823208 0.317312
7 -0.736749 -0.872917 0.321187
5 -0.758636 -0.819836 0.319136
2 -0.762728 -0.85071 0.316501
1 -0.676657 -1.02809 0.328822
7 -0.684536 -1.14323 0.326363
1 -0.746609 -0.902439 0.322854
1 -0.744706 -0.920471 0.322948
2 -0.779742 -0.711739 0.322025
1 -0.726605 -1.01223 0.321684
4 -0.628787 -1.34792 0.324311
3 -0.634652 -1.30257 0.322816
3 -0.664574 -1.28582 0.317593
2 -0.787393 -0.762529 0.321582
1 -0.728895 -0.983118 0.324103
14 -0.77134 -0.748679 0.325002
8 -0.753931 -1.02667 0.313555
1 -0.738721 -1.01402 0.316432
1 -0.791477 -0.644662 0.324181
2 -0.772107 -0.687507 0.321983
5 -0.714276 -0.997536 0.325955
2 -0.6983 -1.15684 0.319027
2 -0.7228 -0.944188 0.323894
2 -0.684188 -0.978725 0.330413
3 -0.640684 -1.23636 0.328136
2 -0.620339 -1.22426 0.332656
1 -0.652284 -1.01127 0.335229
2 -0.687819 -0.909367 0.334564
7 -0.767227 -0.772617 0.318931
2 -0.76452 -0.771985 0.317567
3 -0.740964 -0.792505 0.321742
4 -0.668495 -1.33599 0.319642
3 -0.679713 -1.15881 0.322464
5 -0.704092 -1.14866 0.320188
1 -0.722397 -1.09195 0.317105
3 -0.688742 -0.985055 0.322754
8 -0.757965 -0.790306 0.318279
3 -0.734279 -0.967049 0.311294
1 -0.724262 -1.12768 0.31962
4 -0.77224 -0.949282 0.31607
2 -0.872917 -0.486936 0.310359
2 -0.80017 -0.728099 0.315659
4 -0.778641 -0.870354 0.315745
10 -0.715359 -1.02938 0.326466
2 -0.753367 -0.890795 0.321524
2 -0.711913 -1.11415 0.316895
3 -0.781025 -0.666107 0.321336
3 -0.763117 -0.914562 0.318725
5 -0.637526 -1.21128 0.323489
2 -0.690707 -1.10256 0.319036
1 -0.739856 -0.930171 0.317934
1 -0.729709 -0.995661 0.320065
3 -0.717033 -0.755523 0.328327
1 -0.683551 -0.90841 0.331066
2 -0.782784 -0.646026 0.321949
2 -0.623853 -1.25575 0.324781
1 -0.578011 -1.41915 0.332686
5 -0.651524 -1.33084 0.325191
1 -0.679741 -1.16243 0.322376
1 -0.666457 -1.15692 0.322596
1 -0.666286 -1.27058 0.319746
3 -0.623999 -1.43536 0.327299
2 -0.668177 -1.37746 0.322932
5 -0.826601 -0.787222 0.314939
2 -0.840168 -0.681994 0.317555
1 -0.809855 -0.730604 0.321862
4 -0.765649 -0.943358 0.323166
3 -0.760906 -0.888852 0.319412
1 -0.76257 -0.880623 0.319293
1 -0.796979 -0.838312 0.30945
8 -0.719914 -1.08197 0.317719
2 -0.787712 -0.771791 0.31416
4 -0.82704 -0.634025 0.313523
1 -0.828273 -0.544402 0.308088
4 -0.780424 -0.569908 0.315629
2 -0.662036 -1.12817 0.320373
2 -0.752616 -0.890736 0.315907
1 -0.787494 -0.804844 0.3177
12 -0.772044 -0.700854 0.331071
8 -0.610804 -1.3153 0.331271
5 -0.682767 -1.04155 0.332996
1 -0.745423 -0.835534 0.324164
4 -0.731165 -0.935625 0.323509
4 -0.647596 -1.18623 0.327516
6 -0.689678 -1.12652 0.327123
2 -0.725173 -0.996657 0.324881
1 -0.739876 -0.990868 0.320884
2 -0.822322 -0.574432 0.318554
1 -0.774382 -0.88167 0.313849
3 -0.795771 -0.795318 0.318007
4 -0.63978 -1.19206 0.332446
1 -0.672191 -1.05851 0.329097
4 -0.67973 -1.10907 0.325262
2 -0.770459 -0.805672 0.31684
2 -0.636395 -1.16783 0.326741
5 -0.58428 -1.6097 0.325352
5 -0.63983 -1.41578 0.319677
1 -0.694284 -1.16682 0.32544
2 -0.734257 -0.883385 0.322518
1 -0.789272 -0.692667 0.32114
4 -0.772111 -0.759503 0.322877
5 -0.744969 -0.898345 0.324046
1 -0.738714 -0.895196 0.326546
3 -0.687663 -1.05957 0.316914
2 -0.812048 -0.725897 0.311109
1 -0.743129 -0.922935 0.310265
2 -0.757806 -0.93683 0.312267
3 -0.676882 -1.14632 0.31774
1 -0.769769 -0.841894 0.311101
1 -0.71139 -0.973105 0.321534
7 -0.71543 -0.940938 0.323805
1 -0.714937 -0.984824 0.321966
1 -0.731978 -0.929121 0.320879
7 -0.77713 -0.882685 0.314496
7 -0.770997 -0.852779 0.316962
3 -0.686934 -1.17651 0.323663
3 -0.680395 -1.11991 0.326589
3 -0.638916 -1.23217 0.319093
1 -0.633534 -1.37002 0.315084
2 -0.660412 -1.14706 0.318623
3 -0.802016 -0.803311 0.30232
1 -0.663024 -1.26692 0.314246
2 -0.687912 -0.957177 0.323721
1 -0.727089 -0.905911 0.318732
2 -0.662118 -1.18967 0.322318
5 -0.660792 -1.182 0.322575
3 -0.679963 -1.10128 0.320253
1 -0.847738 -0.646692 0.308712
1 -0.904657 -0.388107 0.313173
1 -0.880105 -0.58391 0.309245
3 -0.853962 -0.571765 0.312356
1 -0.804308 -0.812319 0.318037
3 -0.753801 -0.903905 0.321231
3 -0.762669 -0.92235 0.317664
16 -0.761261 -0.681335 0.322895
2 -0.762894 -0.673599 0.322782
1 -0.76519 -0.653146 0.325347
2 -0.734104 -0.789375 0.327126
2 -0.682023 -0.938773 0.32761
1 -0.640942 -1.10549 0.328104
5 -0.646004 -1.25585 0.328451
1 -0.822199 -0.638973 0.314189
2 -0.793304 -0.944448 0.305161
8 -0.861069 -0.431984 0.31163
3 -0.8234 -0.526773 0.317819
2 -0.777902 -0.692164 0.321544
5 -0.839949 -0.585402 0.315139
2 -0.812148 -0.604357 0.320888
2 -0.877271 -0.571619 0.315186
2 -0.864738 -0.664063 0.314739
7 -0.926729 -0.236447 0.315929
2 -0.864655 -0.510254 0.319672
1 -0.884483 -0.436259 0.316748
2 -0.794007 -0.728544 0.324921
2 -0.765201 -0.862837 0.321375
7 -0.706496 -0.99168 0.324821
2 -0.771572 -0.674415 0.320735
2 -0.786825 -0.640669 0.320065
3 -0.804174 -0.607789 0.319177
3 -0.761182 -0.72153 0.31597
2 -0.742163 -0.843419 0.31366
3 -0.703369 -0.866575 0.319447
2 -0.701024 -0.875154 0.320079
2 -0.799401 -0.581755 0.316558
5 -0.719292 -0.902257 0.322377
2 -0.684522 -1.26237 0.313858
17 -0.736751 -1.0347 0.310844
1 -0.798942 -0.528288 0.322103
6 -0.803634 -0.62262 0.319102
1 -0.8575 -0.501287 0.318984
1 -0.821407 -0.48265 0.323711
6 -0.724822 -0.949482 0.31814
1 -0.789886 -0.686033 0.315597
2 -0.741061 -0.91513 0.317793
2 -0.684937 -1.14871 0.322744
1 -0.710788 -1.01132 0.319393
3 -0.76369 -0.81877 0.314679
1 -0.745243 -0.812397 0.316929
4 -0.764876 -0.715339 0.319607
2 -0.736337 -0.828303 0.3212
2 -0.728186 -0.822953 0.322123
3 -0.661098 -0.978062 0.334589
4 -0.721628 -0.962602 0.326573
3 -0.63103 -1.32802 0.330557
2 -0.587518 -1.54129 0.326426
1 -0.702339 -1.14253 0.313744
1 -0.716642 -1.04635 0.311387
2 -0.717615 -1.04273 0.310377
2 -0.638527 -1.31412 0.318005
1 -0.689294 -0.990833 0.319899
7 -0.758057 -0.68912 0.325907
3 -0.762956 -0.71128 0.324861
5 -0.747388 -0.865553 0.327761
2 -0.660212 -1.36457 0.325613
1 -0.68216 -1.29827 0.321188
1 -0.754691 -0.874178 0.319061
2 -0.797959 -0.716149 0.318033
4 -0.751736 -0.813622 0.324312
8 -0.755202 -0.811156 0.321197
1 -0.797422 -0.624053 0.317518
2 -0.772925 -0.865234 0.312943
7 -0.839403 -0.757249 0.30362
2 -0.775718 -0.907285 0.312163
8 -0.749676 -0.861854 0.322777
4 -0.73969 -0.895428 0.324882
3 -0.706591 -1.05605 0.31954
1 -0.678541 -1.19074 0.317026
7 -0.746744 -0.963944 0.319099
11 -0.746282 -0.926463 0.317057
5 -0.794972 -0.723186 0.317224
10 -0.806067 -0.636329 0.3154
1 -0.808262 -0.715699 0.312382
4 -0.734751 -0.92303 0.318832
1 -0.742905 -0.972471 0.313626
1 -0.751912 -0.968021 0.316259
6 -0.726871 -1.06865 0.323644
2 -0.772458 -0.806405 0.310724
1 -0.699998 -1.08732 0.31503
9 -0.802765 -0.741107 0.316465
5 -0.800059 -0.829903 0.311206
1 -0.791478 -0.644512 0.317497
1 -0.80568 -0.61774 0.318381
9 -0.816781 -0.458472 0.319977
1 -0.838859 -0.507271 0.313494
4 -0.834267 -0.562532 0.312235
2 -0.743097 -0.794254 0.317077
6 -0.859891 -0.551881 0.310018
5 -0.782204 -0.787564 0.314581
2 -0.801929 -0.766892 0.312724
1 -0.75959 -0.980932 0.312099
3 -0.765155 -0.91848 0.315752
1 -0.733759 -0.901425 0.323965
1 -0.863961 -0.420174 0.315749
2 -0.791068 -0.779352 0.311253
2 -0.841876 -0.539612 0.309514
2 -0.752857 -0.883419 0.32165
10 -0.842442 -0.581822 0.313889
9 -0.769659 -0.724677 0.31682
2 -0.736289 -1.0589 0.32256
3 -0.803423 -0.691742 0.316185
1 -0.781362 -0.68892 0.321459
1 -0.742887 -0.831512 0.320483
2 -0.709061 -1.09831 0.320256
3 -0.839358 -0.589703 0.314457
1 -0.812359 -0.525879 0.316644
1 -0.840468 -0.434646 0.321576
2 -0.831168 -0.512588 0.322227
3 -0.813318 -0.62942 0.31965
1 -0.779902 -0.920024 0.313141
1 -0.666065 -1.20157 0.323072
1 -0.718377 -0.872477 0.324392
4 -0.718132 -0.880414 0.324308
18 -0.7221 -0.968291 0.321185
4 -0.82956 -0.422339 0.315237
6 -0.82524 -0.509237 0.314524
1 -0.843861 -0.535867 0.308694
5 -0.836711 -0.536525 0.311584
2 -0.756347 -0.919327 0.31557
2 -0.770682 -0.81234 0.320542
1 -0.745228 -1.01188 0.321102
3 -0.782222 -0.782884 0.319697
2 -0.780764 -0.736606 0.323736
1 -0.702008 -0.995833 0.32627
2 -0.65153 -1.32635 0.326291
4 -0.701384 -1.14559 0.318557
2 -0.684804 -1.18333 0.321268
2 -0.814956 -0.599179 0.321565
6 -0.713389 -0.919104 0.326903
2 -0.756057 -0.892119 0.314592
1 -0.754424 -0.841234 0.319146
2 -0.756603 -0.855224 0.316996
1 -0.784538 -0.799343 0.313905
2 -0.737411 -0.957994 0.316273
1 -0.81801 -0.656726 0.312307
1 -0.785474 -0.729764 0.321996
2 -0.807307 -0.74373 0.310402
1 -0.818313 -0.717039 0.309681
1 -0.76352 -0.686717 0.320094
9 -0.852856 -0.318542 0.315257
1 -0.707388 -0.790685 0.327556
1 -0.727685 -0.871346 0.321749
6 -0.670867 -1.21397 0.318621
1 -0.667241 -1.20179 0.320695
3 -0.693142 -1.11933 0.319425
4 -0.875534 -0.56251 0.3083
3 -0.855642 -0.624916 0.314391
2 -0.859749 -0.583175 0.313045
1 -0.918638 -0.153589 0.316424
10 -0.755158 -0.841693 0.316467
3 -0.769034 -0.750715 0.316617
6 -0.78049 -0.694563 0.309294
3 -0.83873 -0.528035 0.304973
1 -0.838336 -0.591222 0.307591
1 -0.854772 -0.518713 0.309906
1 -0.848499 -0.525086 0.31656
1 -0.864857 -0.424656 0.312081
1 -0.832277 -0.491489 0.312689
4 -0.742382 -0.829463 0.319937
3 -0.714688 -0.919354 0.324867
1 -0.74294 -0.799421 0.318901
7 -0.802389 -0.66964 0.313704
3 -0.684 -1.01365 0.322686
5 -0.778994 -0.712931 0.318051
5 -0.793765 -0.821569 0.311322
6 -0.726134 -0.998171 0.321488
2 -0.734349 -0.858915 0.32662
1 -0.810384 -0.463061 0.323503
9 -0.734634 -0.759713 0.319257
3 -0.77673 -0.898922 0.305839
1 -0.891927 -0.499392 0.306382
3 -0.717042 -0.969396 0.320201
1 -0.732077 -0.892757 0.324496
4 -0.774342 -0.706059 0.323256
7 -0.794692 -0.639772 0.320785
1 -0.80606 -0.727342 0.312981
1 -0.824462 -0.724708 0.311478
2 -0.791245 -0.771736 0.321167
2 -0.781877 -0.79196 0.323225
2 -0.775169 -0.845712 0.316933
1 -0.835828 -0.580544 0.310489
1 -0.799266 -0.720007 0.315227
4 -0.752808 -0.858645 0.316535
3 -0.781819 -0.771612 0.316641
2 -0.746631 -0.8406 0.320973
1 -0.783401 -0.864708 0.317851
6 -0.723845 -0.996541 0.322506
5 -0.758921 -0.799535 0.319854
2 -0.75635 -0.754629 0.322827
3 -0.724565 -0.870861 0.322016
1 -0.736979 -0.853659 0.31888
3 -0.699713 -0.947727 0.323702
3 -0.6487 -1.07598 0.327936
1 -0.810016 -0.574554 0.318786
9 -0.817111 -0.605324 0.31718
1 -0.717355 -1.01353 0.321455
2 -0.746325 -0.757485 0.321074
2 -0.718688 -1.11385 0.32231
10 -0.707947 -1.23469 0.320111
2 -0.711889 -1.16504 0.321868
3 -0.646802 -1.24704 0.326743
1 -0.753584 -0.787475 0.319794
3 -0.74497 -0.793076 0.322928
2 -0.732165 -0.8599 0.323455
2 -0.695534 -0.955942 0.326144
2 -0.736454 -0.868722 0.322367
5 -0.766704 -0.712295 0.31925
6 -0.783397 -0.669557 0.320032
1 -0.817624 -0.632459 0.321386
2 -0.710786 -0.92348 0.322477
2 -0.716024 -0.909073 0.321407
1 -0.73987 -1.02449 0.322447
1 -0.727364 -0.941541 0.317431
5 -0.70058 -1.00963 0.323824
1 -0.734027 -0.758344 0.325868
4 -0.642807 -1.22435 0.326189
3 -0.655743 -1.29638 0.323475
10 -0.693259 -1.18378 0.31867
1 -0.769462 -0.925844 0.315625
1 -0.850422 -0.38284 0.32028
1 -0.763735 -0.71043 0.324376
2 -0.744637 -0.748994 0.323853
4 -0.741935 -0.779074 0.324179
1 -0.685012 -1.11032 0.323505
3 -0.673484 -1.22045 0.315399
1 -0.617782 -1.27273 0.326026
3 -0.786753 -0.78365 0.318967
3 -0.735132 -0.978709 0.321172
3 -0.694898 -0.922504 0.327491
3 -0.652374 -1.08079 0.332483
1 -0.697225 -0.853362 0.329586
2 -0.772847 -0.860116 0.311827
4 -0.721097 -0.972911 0.319638
1 -0.789871 -0.758913 0.319511
2 -0.776704 -0.853667 0.316827
1 -0.745656 -0.86722 0.317437
7 -0.792402 -0.699696 0.312778
4 -0.784855 -0.70865 0.31308
3 -0.833049 -0.461169 0.313104
4 -0.852222 -0.438206 0.311092
2 -0.808347 -0.723455 0.310195
1 -0.77517 -0.745553 0.319632
5 -0.775108 -0.745972 0.31964
3 -0.721139 -1.01592 0.316766
2 -0.844579 -0.578396 0.309577
4 -0.819026 -0.73379 0.314104
1 -0.645559 -1.36928 0.323768
1 -0.645129 -1.39515 0.320392
4 -0.635993 -1.39931 0.323066
1 -0.720629 -1.03668 0.315782
5 -0.71949 -0.971004 0.321643
4 -0.714481 -1.11691 0.318605
7 -0.739897 -1.01218 0.318955
3 -0.783065 -0.692308 0.322447
3 -0.74595 -0.698498 0.329603
9 -0.772825 -0.669301 0.325629
4 -0.827105 -0.526422 0.321225
2 -0.6628 -1.20442 0.326499
3 -0.763419 -0.922445 0.313108
4 -0.80478 -0.519398 0.32278
6 -0.743563 -0.771837 0.318887
2 -0.76848 -0.757806 0.317801
2 -0.76232 -0.830463 0.320488
14 -0.781972 -0.771646 0.317829
1 -0.773671 -0.779914 0.321254
4 -0.773165 -0.734546 0.320195
6 -0.76074 -0.815029 0.321576
2 -0.730441 -0.914785 0.317344
1 -0.746653 -0.917601 0.313933
1 -0.752897 -0.902915 0.314679
3 -0.714432 -1.05466 0.3164
2 -0.694469 -1.24645 0.317822
1 -0.725786 -1.07888 0.315176
2 -0.677774 -1.10763 0.317663
2 -0.657503 -1.25765 0.323613
3 -0.678914 -1.19598 0.322675
1 -0.690624 -1.08349 0.326008
2 -0.70864 -1.0182 0.322182
7 -0.746264 -0.73112 0.324382
6 -0.740182 -0.802193 0.321687
6 -0.738919 -0.769652 0.323118
2 -0.769136 -0.717497 0.325081
7 -0.658244 -1.30031 0.327473
5 -0.767115 -0.830697 0.319261
1 -0.736695 -0.848722 0.323864
4 -0.759925 -0.792031 0.318707
1 -0.823827 -0.475952 0.319367
2 -0.819028 -0.44873 0.321197
5 -0.758013 -0.719821 0.323046
1 -0.812832 -0.511149 0.319439
1 -0.650108 -1.16402 0.325022
1 -0.664273 -1.10267 0.32233
1 -0.652503 -1.09817 0.324244
1 -0.759881 -0.756253 0.31833
4 -0.748742 -0.74905 0.31891
6 -0.759584 -0.777034 0.311004
1 -0.777329 -0.753466 0.313839
1 -0.788661 -0.779571 0.318992
2 -0.822053 -0.706386 0.307988
6 -0.851031 -0.468341 0.305471
1 -0.784788 -0.717584 0.315293
5 -0.784571 -0.702951 0.315337
1 -0.754779 -0.816847 0.317687
1 -0.820912 -0.669225 0.313758
5 -0.762376 -0.716851 0.320658
2 -0.780782 -0.673511 0.318205
1 -0.699662 -0.931301 0.321429
2 -0.715361 -0.924752 0.320424
3 -0.778247 -0.757053 0.316935
1 -0.792807 -0.679359 0.317714
1 -0.799519 -0.567882 0.324857
1 -0.750749 -0.716809 0.322554
1 -0.776336 -0.681159 0.314712
1 -0.770572 -0.674066 0.318148
1 -0.738167 -0.942604 0.317888
2 -0.72508 -1.0017 0.323323
5 -0.683437 -0.986877 0.320217
2 -0.721914 -0.958648 0.320052
4 -0.716717 -1.05784 0.317356
6 -0.728166 -1.00714 0.315311
4 -0.663879 -1.02776 0.332325
4 -0.681663 -1.12237 0.324477
1 -0.746453 -0.793574 0.32413
6 -0.816342 -0.61963 0.321275
2 -0.824933 -0.641172 0.318344
2 -0.780967 -0.657226 0.321343
5 -0.788977 -0.628707 0.320595
1 -0.784644 -0.83163 0.313643
1 -0.795489 -0.787716 0.315035
10 -0.866467 -0.393034 0.313567
3 -0.79792 -0.608465 0.320237
6 -0.715331 -0.965747 0.323289
1 -0.819895 -0.605739 0.315265
2 -0.732078 -1.00286 0.316414
1 -0.744712 -0.916346 0.323951
4 -0.76671 -0.84476 0.319615
3 -0.833164 -0.782417 0.306756
3 -0.819961 -0.616334 0.316456
4 -0.658663 -1.23151 0.327832
4 -0.715838 -0.881235 0.329503
2 -0.764406 -0.734476 0.315575
1 -0.792457 -0.436724 0.32697
2 -0.724881 -0.754464 0.326971
3 -0.713534 -0.933825 0.324598
10 -0.754945 -0.704761 0.322309
1 -0.753645 -0.75456 0.321938
11 -0.746956 -0.795932 0.325311
3 -0.788359 -0.787445 0.323599
1 -0.81533 -0.77295 0.310142
4 -0.836656 -0.667082 0.309343
2 -0.722607 -0.972081 0.317457
3 -0.728058 -0.87093 0.325636
2 -0.756868 -0.886328 0.323532
1 -0.835373 -0.634912 0.313147
1 -0.69694 -1.20315 0.32038
3 -0.83259 -0.68009 0.315747
2 -0.822382 -0.795255 0.308464
4 -0.717505 -1.11687 0.319714
1 -0.70532 -1.00026 0.324121
2 -0.776989 -0.833536 0.319854
3 -0.703518 -1.0198 0.324903
1 -0.784127 -0.62002 0.31869
1 -0.681908 -1.02189 0.322583
3 -0.714665 -0.947414 0.314978
1 -0.697519 -0.920747 0.319795
3 -0.8051 -0.560159 0.31593
3 -0.745807 -0.821605 0.324181
4 -0.673635 -1.13604 0.320356
2 -0.690461 -1.09307 0.318199
5 -0.756485 -0.858386 0.316488
4 -0.77449 -0.858154 0.316444
1 -0.693823 -1.23688 0.323887
3 -0.67073 -1.19165 0.322094
1 -0.704116 -0.939237 0.324307
5 -0.782099 -0.829661 0.309095
2 -0.876265 -0.457854 0.307101
1 -0.831207 -0.579274 0.309477
2 -0.787691 -0.763546 0.307947
1 -0.825705 -0.492825 0.314064
3 -0.742495 -0.941383 0.318827
1 -0.69448 -0.995665 0.325197
1 -0.69615 -0.987858 0.32566
6 -0.812246 -0.724202 0.312958
3 -0.821196 -0.583784 0.312966
4 -0.837564 -0.542336 0.313273
2 -0.847439 -0.437313 0.312158
4 -0.764753 -0.723478 0.318773
1 -0.7999 -0.680543 0.315679
1 -0.72442 -0.820537 0.32122
5 -0.689801 -1.00228 0.323526
3 -0.740224 -0.85045 0.322149
3 -0.738396 -0.823268 0.326391
1 -0.65297 -1.24167 0.327362
1 -0.65825 -1.16129 0.32403
1 -0.78819 -0.700678 0.319505
10 -0.734735 -1.05608 0.320027
1 -0.832394 -0.697597 0.31088
2 -0.852808 -0.298486 0.320998
3 -0.7839 -0.45319 0.329645
1 -0.71387 -0.930263 0.322524
1 -0.697105 -1.02007 0.323291
2 -0.813733 -0.581283 0.31915
1 -0.790877 -0.701069 0.320535
1 -0.780734 -0.749465 0.314359
2 -0.80979 -0.844398 0.307713
8 -0.706989 -1.1041 0.318959
3 -0.762946 -0.809854 0.319694
8 -0.747173 -0.830932 0.323024
1 -0.721592 -1.04322 0.319007
2 -0.727584 -0.983757 0.319234
3 -0.706887 -1.02587 0.322383
2 -0.819983 -0.674216 0.31805
3 -0.851333 -0.793508 0.307594
1 -0.767319 -1.0432 0.315577
12 -0.807834 -0.828364 0.312538
1 -0.64658 -1.17121 0.331128
1 -0.74754 -0.800625 0.326273
3 -0.750109 -0.745065 0.326002
2 -0.760383 -0.756174 0.324505
6 -0.8477 -0.610104 0.30801
1 -0.848665 -0.590611 0.309134
4 -0.822807 -0.645913 0.315121
1 -0.790533 -0.80332 0.312275
1 -0.76179 -0.780266 0.321181
2 -0.7796 -0.727038 0.319394
4 -0.807594 -0.61594 0.317834
1 -0.792713 -0.602206 0.320598
3 -0.767687 -0.614487 0.318308
2 -0.667363 -0.991327 0.327349
1 -0.668525 -0.950112 0.328273
2 -0.666616 -1.09945 0.324869
5 -0.732759 -0.882271 0.320989
1 -0.713717 -0.918429 0.322205
3 -0.734802 -0.741739 0.31956
1 -0.83651 -0.732548 0.310681
4 -0.7558 -1.17082 0.318657
6 -0.806032 -0.847616 0.319259
3 -0.814337 -0.714323 0.314047
4 -0.661505 -1.29435 0.323914
4 -0.721248 -0.823302 0.322265
3 -0.729087 -0.876149 0.317278
2 -0.721822 -0.908296 0.318388
2 -0.719465 -0.902042 0.321544
1 -0.706186 -0.950749 0.322609
2 -0.688762 -1.03434 0.321484
1 -0.68204 -1.0405 0.327407
1 -0.697904 -1.116 0.324453
1 -0.740811 -0.887611 0.325986
1 -0.813865 -0.757095 0.311352
4 -0.824709 -0.676198 0.315323
1 -0.882214 -0.38879 0.313927
1 -0.883431 -0.450859 0.311336
4 -0.754116 -0.991179 0.313647
2 -0.775195 -0.873266 0.319715
3 -0.781142 -0.845595 0.318578
2 -0.700585 -1.06134 0.321183
2 -0.775358 -0.724335 0.31355
2 -0.73032 -0.840527 0.319545
3 -0.730681 -0.900596 0.316427
1 -0.815995 -0.569705 0.319541
1 -0.666831 -1.38537 0.323276
3 -0.628499 -1.42314 0.319469
5 -0.613729 -1.45315 0.3221
2 -0.655815 -1.18846 0.323088
1 -0.762255 -0.793214 0.312332
2 -0.691927 -1.1873 0.316447
5 -0.789911 -0.537338 0.321456
1 -0.796851 -0.694545 0.315198
2 -0.793482 -0.708651 0.312411
4 -0.705746 -1.06079 0.315428
1 -0.73906 -0.915007 0.32335
1 -0.712859 -0.976064 0.328858
1 -0.78626 -0.718427 0.310545
5 -0.785762 -0.781826 0.308469
1 -0.79345 -0.795951 0.316412
2 -0.791978 -0.749828 0.320638
1 -0.842534 -0.652713 0.316413
5 -0.706664 -1.10664 0.322145
4 -0.754411 -0.812299 0.317568
4 -0.765539 -0.77708 0.316775
3 -0.777392 -0.698771 0.323836
2 -0.785798 -0.90303 0.312296
3 -0.647724 -1.34357 0.325141
2 -0.726696 -0.944403 0.318629
1 -0.719571 -0.882124 0.317167
8 -0.735609 -0.856593 0.319836
5 -0.710381 -1.02882 0.317746
1 -0.684038 -1.07977 0.319022
5 -0.695314 -0.922196 0.324493
2 -0.693453 -0.917574 0.32554
2 -0.773136 -0.663761 0.322538
11 -0.800617 -0.705731 0.313436
1 -0.726117 -0.877649 0.324071
2 -0.715139 -1.08747 0.318149
5 -0.804531 -0.761114 0.308781
4 -0.820319 -0.679208 0.310811
1 -0.85149 -0.493714 0.309363
1 -0.754146 -0.930627 0.316071
3 -0.768099 -0.988707 0.312516
9 -0.813549 -0.678667 0.313197
1 -0.815539 -0.482093 0.316463
2 -0.929986 -0.26654 0.308467
4 -0.719491 -1.08418 0.317816
2 -0.7313 -1.0474 0.317837
4 -0.749913 -0.748376 0.316382
2 -0.760052 -0.704882 0.313561
3 -0.698729 -0.965022 0.315614
1 -0.771804 -0.657057 0.316147
5 -0.693795 -0.932092 0.325619
1 -0.723081 -0.81151 0.327182
1 -0.749087 -0.832554 0.324923
1 -0.750577 -0.882076 0.321635
5 -0.679573 -1.22044 0.322822
1 -0.783448 -0.781679 0.323009
1 -0.820467 -0.595157 0.319686
1 -0.736636 -0.866881 0.322445
6 -0.78226 -0.697761 0.313658
5 -0.781042 -0.801176 0.312282
5 -0.760817 -0.905258 0.315624
7 -0.769572 -0.807429 0.318487
2 -0.763265 -0.942955 0.31524
5 -0.762491 -0.911487 0.311694
3 -0.775423 -0.931551 0.315117
1 -0.773429 -0.873796 0.315823
7 -0.681128 -0.991265 0.322094
2 -0.741572 -0.982463 0.317844
1 -0.767023 -0.89048 0.316107
3 -0.722511 -0.987018 0.314933
1 -0.674165 -1.05759 0.326876
3 -0.74668 -0.875983 0.319504
1 -0.766971 -0.807873 0.316463
6 -0.683435 -1.06486 0.324165
1 -0.6359 -1.20381 0.331485
2 -0.6989 -1.09679 0.318301
1 -0.757612 -0.942404 0.313483
3 -0.751554 -0.950408 0.316734
2 -0.722709 -1.00323 0.317644
1 -0.698388 -1.0333 0.315952
11 -0.821268 -0.739478 0.311567
3 -0.76033 -0.676094 0.326858
6 -0.744129 -0.857098 0.322856
2 -0.770623 -0.75495 0.318886
10 -0.738332 -0.959619 0.316191
2 -0.703273 -1.05492 0.318084
4 -0.769714 -0.753213 0.314247
3 -0.829974 -0.5083 0.311935
3 -0.787683 -0.539588 0.322006
2 -0.809042 -0.522523 0.318003
1 -0.809445 -0.561346 0.31988
5 -0.753488 -0.955063 0.312244
3 -0.721066 -1.03918 0.313775
2 -0.709312 -1.04747 0.317685
5 -0.76549 -0.81976 0.320485
5 -0.695369 -1.10275 0.327714
6 -0.828678 -0.68207 0.309169
4 -0.825364 -0.568365 0.316057
3 -0.728121 -0.988555 0.317789
11 -0.79615 -0.965316 0.304514
1 -0.789944 -0.882905 0.3112
5 -0.761967 -0.801998 0.320493
1 -0.74224 -0.812978 0.321878
1 -0.756517 -0.746407 0.322308
1 -0.673858 -1.14823 0.322311
3 -0.811048 -0.711109 0.314612
2 -0.774132 -0.881272 0.312401
2 -0.802321 -0.786444 0.314605
8 -0.749944 -1.00912 0.317097
3 -0.693703 -1.14224 0.320099
7 -0.79123 -0.753576 0.321592
1 -0.783755 -0.767362 0.320634
3 -0.732064 -0.906409 0.326585
1 -0.738904 -0.863238 0.319821
2 -0.701487 -1.05635 0.323121
3 -0.678708 -1.13019 0.324437
1 -0.741478 -0.827881 0.313131
2 -0.705745 -1.14694 0.31232
5 -0.70834 -1.19427 0.313229
1 -0.821832 -0.712841 0.314066
3 -0.787073 -0.874696 0.312082
4 -0.762447 -1.03752 0.307742
2 -0.776661 -0.951604 0.305153
8 -0.707063 -1.11447 0.31659
4 -0.806014 -0.706411 0.313214
2 -0.670699 -1.23061 0.320183
1 -0.740302 -0.926404 0.32043
1 -0.746358 -1.06234 0.314204
3 -0.764684 -0.881479 0.319597
5 -0.769241 -0.931163 0.314794
1 -0.781276 -0.879337 0.313962
3 -0.80971 -0.705866 0.313911
1 -0.814355 -0.654329 0.317321
3 -0.801079 -0.641305 0.314806
4 -0.832287 -0.58976 0.308835
5 -0.796594 -0.816805 0.308808
1 -0.724177 -0.888705 0.324114
1 -0.70483 -0.91119 0.328879
2 -0.694244 -0.963729 0.324715
1 -0.756003 -0.785769 0.322392
3 -0.752225 -0.904883 0.31697
7 -0.656779 -1.25472 0.328953
2 -0.684332 -1.08148 0.327618
4 -0.737403 -0.821742 0.326188
6 -0.760904 -0.90974 0.321023
1 -0.709963 -1.00874 0.326292
1 -0.674935 -1.20501 0.319542
1 -0.701615 -1.04193 0.313481
1 -0.750961 -0.957628 0.31712
2 -0.708592 -1.0235 0.315548
2 -0.755919 -0.773939 0.31652
7 -0.744132 -0.800405 0.329412
3 -0.819265 -0.557932 0.320862
1 -0.770459 -0.713082 0.325081
6 -0.699035 -1.10985 0.317037
2 -0.735536 -1.0391 0.314878
3 -0.701159 -0.953422 0.325888
3 -0.755607 -0.686492 0.324379
1 -0.762847 -0.687405 0.322922
3 -0.757177 -0.873518 0.316331
8 -0.771954 -0.819753 0.315733
2 -0.720988 -0.894651 0.325944
1 -0.746016 -0.827641 0.322328
1 -0.760302 -0.837317 0.314113
5 -0.721206 -0.965928 0.316962
3 -0.810166 -0.598966 0.317043
3 -0.766854 -0.821293 0.318287
1 -0.750333 -0.875828 0.318183
1 -0.748012 -0.890381 0.322449
2 -0.742047 -0.932084 0.322414
1 -0.884745 -0.442173 0.31009
4 -0.856483 -0.512435 0.310475
3 -0.767468 -0.742693 0.316868
1 -0.779227 -0.565427 0.317767
3 -0.843026 -0.528666 0.308122
8 -0.734169 -0.892207 0.324695
2 -0.759227 -0.80796 0.322206
2 -0.697372 -0.992296 0.32315
1 -0.697 -1.01387 0.323153
2 -0.840534 -0.471184 0.316916
3 -0.871933 -0.367879 0.308301
2 -0.83651 -0.503722 0.313974
8 -0.722578 -0.846938 0.321395
1 -0.808352 -0.633051 0.320191
1 -0.834992 -0.556091 0.316688
3 -0.773691 -0.730194 0.321141
1 -0.682778 -1.14186 0.323184
3 -0.634352 -1.28413 0.32685
1 -0.730645 -0.991617 0.317278
1 -0.727232 -1.05673 0.318771
7 -0.706181 -0.979088 0.32703
3 -0.702025 -0.974702 0.32789
3 -0.83143 -0.607546 0.306672
13 -0.846873 -0.502704 0.308496
1 -0.892411 -0.452876 0.30418
5 -0.811125 -0.833257 0.303415
1 -0.824621 -0.556112 0.313285
3 -0.851034 -0.457092 0.314714
1 -0.76644 -0.736159 0.320885
3 -0.734691 -0.748371 0.329008
4 -0.615456 -1.3457 0.327654
6 -0.732721 -0.852584 0.327268
6 -0.763704 -0.826923 0.324916
1 -0.811217 -0.688306 0.313074
5 -0.791533 -0.720701 0.317586
2 -0.725898 -1.00485 0.322109
1 -0.718172 -0.923022 0.325146
1 -0.674486 -1.22804 0.318474
6 -0.699418 -1.22015 0.315121
3 -0.66663 -1.33777 0.31486
1 -0.739897 -0.965234 0.313724
1 -0.817031 -0.741643 0.30772
2 -0.809911 -0.654949 0.314678
6 -0.811703 -0.677572 0.311777
1 -0.816483 -0.660174 0.315062
5 -0.797912 -0.761878 0.313926
1 -0.718563 -1.02057 0.319485
2 -0.727555 -0.970928 0.317286
4 -0.706664 -1.00333 0.322613
2 -0.712723 -1.12697 0.316136
1 -0.702338 -1.04619 0.31994
2 -0.729597 -0.873882 0.322969
1 -0.772627 -0.619133 0.32302
1 -0.77472 -0.592843 0.324952
1 -0.715464 -0.790876 0.331995
2 -0.665559 -0.918306 0.331611
3 -0.756731 -0.745979 0.319347
2 -0.771567 -0.7095 0.318262
7 -0.844244 -0.48736 0.316854
3 -0.712033 -0.799767 0.331284
2 -0.808471 -0.654082 0.323551
2 -0.845645 -0.519558 0.319652
5 -0.749351 -0.889329 0.320865
4 -0.713165 -1.03587 0.323276
2 -0.714031 -1.15929 0.315281
2 -0.704872 -1.15026 0.311822
2 -0.720014 -1.16871 0.305954
2 -0.70862 -1.35186 0.309038
1 -0.778168 -0.907496 0.309157
1 -0.773008 -0.802839 0.315932
1 -0.761412 -0.862826 0.317117
3 -0.749087 -0.880547 0.319251
2 -0.736534 -0.825291 0.32369
1 -0.77919 -0.678288 0.32664
6 -0.738644 -1.0694 0.318551
2 -0.678829 -1.17839 0.326044
2 -0.673056 -1.16444 0.327312
6 -0.742426 -0.905302 0.317925
5 -0.670771 -1.21892 0.318546
1 -0.801922 -0.813036 0.313388
2 -0.764311 -0.819555 0.325056
2 -0.704873 -0.891715 0.323972
1 -0.695772 -1.12824 0.317568
6 -0.693991 -1.13868 0.317579
1 -0.838038 -0.754295 0.304153
6 -0.891744 -0.426153 0.311544
1 -0.823793 -0.64493 0.321461
1 -0.785468 -0.883298 0.315559
1 -0.753873 -1.05943 0.310375
1 -0.681725 -1.22936 0.31773
1 -0.842388 -0.603592 0.312031
7 -0.87339 -0.599695 0.308343
1 -0.835147 -0.58814 0.312773
2 -0.815395 -0.652136 0.314219
1 -0.842281 -0.412435 0.312991
3 -0.76799 -0.842569 0.314783
6 -0.73804 -0.949841 0.314153
2 -0.759621 -0.73012 0.326598
2 -0.733973 -0.760474 0.321258
2 -0.719264 -0.827508 0.325038
7 -0.771056 -0.718707 0.313876
2 -0.775204 -0.616997 0.318561
2 -0.76989 -0.692784 0.315538
1 -0.785028 -0.745906 0.310377
1 -0.865399 -0.401738 0.311198
4 -0.785137 -0.639209 0.320013
4 -0.699078 -1.07605 0.32161
6 -0.732467 -0.906725 0.322339
1 -0.754651 -0.842751 0.321842
4 -0.777147 -0.679987 0.32347
10 -0.813007 -0.644143 0.313085
4 -0.79964 -0.677968 0.313977
2 -0.837099 -0.685339 0.310584
1 -0.75259 -0.967234 0.31429
1 -0.773672 -0.897211 0.312724
3 -0.758503 -0.835418 0.317567
1 -0.80932 -0.66237 0.312699
3 -0.821647 -0.631016 0.309008
2 -0.779867 -0.809936 0.316077
2 -0.75614 -0.865001 0.318847
2 -0.791723 -0.579617 0.321019
3 -0.742938 -0.93233 0.322269
3 -0.803267 -0.773662 0.316006
1 -0.823611 -0.686767 0.313677
5 -0.811659 -0.833775 0.307961
1 -0.748187 -0.738196 0.321143
1 -0.663984 -1.08734 0.32763
5 -0.728065 -0.909503 0.322089
1 -0.798656 -0.664263 0.318467
10 -0.736286 -0.992043 0.321368
3 -0.773839 -0.765747 0.319321
2 -0.766288 -0.870716 0.32035
2 -0.725753 -0.945856 0.322354
6 -0.798807 -0.631277 0.317178
1 -0.779217 -0.705649 0.318058
1 -0.762836 -0.895682 0.315058
1 -0.772231 -0.808923 0.312964
1 -0.874014 -0.505016 0.306161
3 -0.842022 -0.604735 0.316026
2 -0.82394 -0.686058 0.314349
1 -0.827136 -0.613872 0.315617
4 -0.805678 -0.592072 0.322038
1 -0.809168 -0.642025 0.319409
2 -0.670622 -1.09276 0.32237
2 -0.662455 -1.18526 0.322706
6 -0.647155 -1.26105 0.324782
1 -0.734782 -0.824309 0.323547
1 -0.750216 -0.936705 0.318812
3 -0.84673 -0.52781 0.313414
1 -0.758634 -0.898885 0.319425
1 -0.729274 -1.11902 0.317176
1 -0.763357 -1.0842 0.307853
5 -0.745004 -0.944645 0.318576
7 -0.71976 -1.14819 0.320727
1 -0.739192 -0.973214 0.32346
3 -0.779812 -0.765468 0.319106
2 -0.657286 -1.22793 0.319478
1 -0.687601 -1.34678 0.316111
1 -0.75045 -1.05767 0.313647
5 -0.69567 -1.19732 0.321057
6 -0.663281 -1.24245 0.324672
2 -0.59948 -1.41461 0.323593
3 -0.712331 -0.726265 0.328134
2 -0.687067 -0.889505 0.325759
4 -0.826534 -0.534715 0.310715
1 -0.822686 -0.644743 0.30977
5 -0.818132 -0.787566 0.304669
4 -0.799653 -0.72891 0.313397
1 -0.781132 -0.742849 0.316937
10 -0.770679 -0.778156 0.31455
4 -0.714761 -0.805684 0.325618
1 -0.796809 -0.729957 0.316933
2 -0.851723 -0.518793 0.317702
4 -0.71752 -0.814234 0.328726
1 -0.788756 -0.699386 0.321279
1 -0.782076 -0.731412 0.319238
1 -0.845486 -0.3752 0.318196
1 -0.792685 -0.622866 0.316253
8 -0.842242 -0.452553 0.318024
2 -0.626245 -1.23599 0.324392
1 -0.601669 -1.38572 0.327031
3 -0.722863 -0.991074 0.313705
3 -0.870889 -0.524781 0.305576
4 -0.787337 -0.8801 0.314134
6 -0.803168 -0.84008 0.312817
2 -0.742799 -1.04539 0.319353
2 -0.729496 -1.06731 0.319919
2 -0.763786 -0.85445 0.317279
6 -0.785686 -0.77368 0.314995
1 -0.804655 -0.698736 0.305682
4 -0.636277 -1.3681 0.322093
1 -0.653476 -1.2483 0.325236
1 -0.690882 -0.983888 0.322408
1 -0.803536 -0.64871 0.315789
2 -0.829213 -0.498007 0.316501
4 -0.692643 -0.975927 0.328983
1 -0.714398 -0.869356 0.325858
4 -0.699569 -0.89167 0.327161
19 -0.696248 -0.992621 0.325371
2 -0.704051 -0.978262 0.324734
1 -0.741387 -0.810838 0.325163
8 -0.693747 -0.946358 0.32591
1 -0.693865 -0.930763 0.326412
2 -0.755642 -0.669176 0.321653
7 -0.773211 -0.821661 0.312646
1 -0.723967 -1.11727 0.315947
1 -0.700786 -1.02779 0.313393
3 -0.676805 -1.23178 0.321219
1 -0.747001 -1.0616 0.30925
3 -0.681077 -1.13702 0.324799
3 -0.731755 -0.933903 0.319612
4 -0.714978 -0.968458 0.325925
3 -0.743235 -0.86726 0.324413
1 -0.778591 -0.779837 0.31995
4 -0.773696 -0.861031 0.320889
7 -0.823988 -0.616481 0.318667
1 -0.794275 -0.708398 0.318233
7 -0.778126 -0.699038 0.319066
12 -0.717728 -0.776472 0.330639
2 -0.710867 -0.876522 0.32885
4 -0.69842 -1.00953 0.319557
2 -0.730546 -0.939675 0.315429
1 -0.787927 -0.51499 0.323268
3 -0.854028 -0.419056 0.313997
1 -0.784703 -0.91804 0.312489
2 -0.751425 -1.07024 0.310058
2 -0.705384 -1.12241 0.311564
4 -0.691763 -1.23569 0.320362
2 -0.703358 -0.893831 0.327345
1 -0.690089 -0.96403 0.326291
2 -0.795373 -0.634332 0.318388
1 -0.760742 -0.661508 0.324384
1 -0.722939 -0.851453 0.325788
1 -0.735037 -0.779637 0.325355
1 -0.684939 -1.08134 0.320248
4 -0.715781 -0.935497 0.3207
3 -0.703446 -1.03339 0.321522
1 -0.688333 -1.03936 0.320998
1 -0.67689 -1.1162 0.320809
2 -0.69183 -1.05346 0.321749
1 -0.693416 -0.933249 0.32614
1 -0.820451 -0.507794 0.320893
1 -0.816175 -0.615467 0.322508
2 -0.837487 -0.418286 0.32455
2 -0.897721 -0.314354 0.314229
11 -0.843189 -0.602385 0.313636
3 -0.857565 -0.550296 0.312837
2 -0.679194 -1.38544 0.316069
3 -0.810115 -0.530027 0.320143
5 -0.79545 -0.584823 0.32221
2 -0.781381 -0.76714 0.316042
3 -0.76286 -0.907272 0.319196
2 -0.754338 -0.939399 0.320493
1 -0.828642 -0.5157 0.316814
1 -0.831308 -0.49345 0.316039
3 -0.835889 -0.482468 0.314748
4 -0.835206 -0.433641 0.317549
1 -0.84674 -0.463028 0.311966
8 -0.84854 -0.65024 0.313477
3 -0.830708 -0.647753 0.311284
2 -0.763403 -0.826469 0.322402
2 -0.80198 -0.61174 0.316897
1 -0.906074 -0.207493 0.310883
3 -0.85515 -0.414297 0.312963
6 -0.852881 -0.544414 0.307938
1 -0.704734 -0.993166 0.315941
1 -0.665445 -1.1792 0.32756
1 -0.669895 -1.05966 0.325562
1 -0.674591 -1.0753 0.327478
1 -0.75722 -0.737377 0.325921
4 -0.810947 -0.554769 0.320376
5 -0.772284 -0.743154 0.324564
1 -0.735151 -1.03314 0.314272
2 -0.76007 -0.913656 0.319996
12 -0.781439 -0.811234 0.320289
2 -0.808633 -0.630489 0.323066
3 -0.79084 -0.650388 0.322183
1 -0.843351 -0.501545 0.31942
5 -0.845067 -0.500836 0.319523
1 -0.823894 -0.593864 0.318617
3 -0.732116 -0.777729 0.326981
4 -0.737532 -0.720719 0.328762
2 -0.648529 -1.16188 0.329804
4 -0.632081 -1.19594 0.330134
2 -0.72304 -0.954992 0.321559
1 -0.792643 -0.898288 0.312309
1 -0.795845 -0.832862 0.314636
1 -0.73627 -0.887946 0.318925
2 -0.730536 -0.906251 0.317399
2 -0.696166 -1.11032 0.315226
4 -0.709452 -1.04283 0.315875
2 -0.730619 -1.01854 0.314957
7 -0.739014 -0.937126 0.318291
7 -0.747735 -0.951053 0.315694
5 -0.770484 -0.761641 0.317035
7 -0.851447 -0.470114 0.313115
2 -0.826701 -0.553195 0.315518
1 -0.819858 -0.664311 0.316718
2 -0.813755 -0.682608 0.317463
1 -0.618374 -1.29065 0.334135
1 -0.765842 -0.666345 0.324711
1 -0.80573 -0.528235 0.327111
1 -0.795013 -0.598107 0.316804
3 -0.818746 -0.759441 0.303363
1 -0.772402 -0.911432 0.310553
4 -0.82242 -0.667473 0.31162
5 -0.755776 -0.860154 0.316655
1 -0.691831 -1.12863 0.322149
1 -0.76025 -0.75675 0.324098
2 -0.774508 -0.689948 0.320599
4 -0.794557 -0.719756 0.315269
4 -0.841877 -0.553861 0.314191
15 -0.831579 -0.570491 0.313176
5 -0.828134 -0.58393 0.314408
4 -0.683187 -0.923397 0.332108
1 -0.668949 -0.960542 0.33525
2 -0.687977 -0.931776 0.329937
2 -0.77657 -0.744619 0.316843
4 -0.705778 -0.910692 0.32568
2 -0.729726 -0.815826 0.32278
8 -0.751983 -1.00709 0.311156
4 -0.782953 -0.87377 0.309887
4 -0.719765 -1.03633 0.317861
8 -0.690007 -0.932381 0.324703
1 -0.67914 -0.873554 0.332079
1 -0.773533 -0.655631 0.327796
2 -0.779327 -0.584909 0.324133
1 -0.774323 -0.681214 0.317848
2 -0.740253 -0.807518 0.318809
1 -0.678463 -1.13888 0.318443
1 -0.684207 -1.08483 0.322647
8 -0.720901 -0.933652 0.323934
2 -0.720901 -0.933652 0.323934
1 -0.784354 -0.895747 0.308979
1 -0.782592 -0.862514 0.323968
1 -0.7145 -1.03771 0.328051
1 -0.698759 -1.13819 0.320841
5 -0.721661 -1.06506 0.320616
1 -0.594942 -1.60592 0.326219
1 -0.716267 -0.977293 0.314962
1 -0.791112 -0.790372 0.310268
3 -0.751185 -0.935863 0.313003
2 -0.791909 -0.717119 0.317416
4 -0.778523 -0.804787 0.315052
1 -0.768086 -0.797906 0.315566
2 -0.785442 -0.696244 0.313172
6 -0.762381 -0.814805 0.313479
2 -0.795983 -0.794074 0.312916
2 -0.774147 -0.736183 0.32293
3 -0.70466 -0.902695 0.330255
5 -0.70216 -0.833289 0.329183
3 -0.691467 -0.911677 0.33026
4 -0.731799 -1.08486 0.319804
2 -0.738154 -1.08983 0.319349
1 -0.829515 -0.581045 0.317902
10 -0.846144 -0.551492 0.312217
7 -0.846144 -0.551492 0.312217
4 -0.803781 -0.782691 0.311697
1 -0.756004 -0.963098 0.315028
1 -0.807091 -0.801855 0.31443
2 -0.817045 -0.756186 0.313411
4 -0.736322 -0.783301 0.331852
8 -0.707832 -0.916543 0.325759
4 -0.711425 -0.98858 0.32288
2 -0.75134 -0.862394 0.321493
5 -0.732586 -0.842514 0.320618
2 -0.7007 -0.990619 0.319036
1 -0.760101 -0.896348 0.31781
7 -0.72591 -0.957348 0.316711
2 -0.785747 -0.780399 0.311244
3 -0.783794 -0.662245 0.312331
1 -0.731663 -0.984512 0.313892
6 -0.768616 -0.890365 0.311161
1 -0.770678 -0.904777 0.310193
3 -0.737756 -1.05445 0.315864
4 -0.831072 -0.52397 0.316083
2 -0.749772 -0.815828 0.317579
1 -0.708521 -1.13191 0.317494
1 -0.713068 -1.11328 0.317527
2 -0.677995 -1.25627 0.317904
10 -0.798436 -0.705758 0.313677
3 -0.815722 -0.584633 0.312493
3 -0.803599 -0.490273 0.31646
2 -0.777643 -0.578812 0.318733
2 -0.774503 -0.745169 0.318019
5 -0.763056 -0.782262 0.319471
2 -0.743059 -0.911449 0.320027
1 -0.820302 -0.594583 0.315072
2 -0.775125 -0.780958 0.316954
1 -0.798937 -0.651849 0.316611
8 -0.744357 -0.983451 0.314754
1 -0.735498 -1.01699 0.314693
5 -0.809469 -0.642027 0.313038
1 -0.803528 -0.647052 0.314243
1 -0.773296 -0.679206 0.321121
2 -0.784181 -0.701333 0.318968
1 -0.785378 -0.580461 0.323941
4 -0.766778 -0.639061 0.326278
11 -0.740896 -0.835557 0.324468
3 -0.764665 -0.647269 0.328056
1 -0.780263 -0.56529 0.32422
4 -0.763996 -0.689051 0.325465
4 -0.763584 -0.81174 0.320034
3 -0.826462 -0.59697 0.314342
2 -0.725221 -0.934294 0.321474
1 -0.753523 -0.812149 0.319476
2 -0.727419 -0.897584 0.319458
7 -0.760984 -0.95207 0.316909
2 -0.696895 -1.09924 0.32183
2 -0.771455 -0.977669 0.319539
1 -0.82614 -0.66205 0.318568
1 -0.803286 -0.724622 0.319365
2 -0.859788 -0.307563 0.322444
1 -0.760058 -0.639774 0.323407
3 -0.798993 -0.610023 0.315927
8 -0.865009 -0.548746 0.312152
10 -0.79967 -0.863139 0.310135
6 -0.84002 -0.640665 0.316384
1 -0.804655 -0.744365 0.315436
1 -0.779975 -0.762893 0.319116
2 -0.791963 -0.816052 0.313773
5 -0.771361 -0.888675 0.315184
1 -0.787861 -0.765174 0.31919
2 -0.770582 -0.826815 0.319109
3 -0.746007 -0.892756 0.319746
6 -0.770634 -0.693342 0.319774
11 -0.779354 -0.755468 0.317865
2 -0.687893 -1.04486 0.326612
1 -0.73767 -0.971831 0.326504
4 -0.735026 -0.907428 0.326625
2 -0.745982 -0.827496 0.323035
2 -0.825037 -0.606828 0.317945
3 -0.698796 -1.12013 0.32285
1 -0.761355 -0.888301 0.321086
3 -0.780257 -0.823084 0.319368
3 -0.755805 -0.856298 0.326052
12 -0.765312 -0.828794 0.318423
6 -0.709962 -1.20523 0.316204
9 -0.693211 -1.19173 0.317105
3 -0.782602 -0.970173 0.308431
1 -0.721089 -1.10963 0.318996
4 -0.722317 -1.07967 0.319055
5 -0.729249 -0.717613 0.329197
2 -0.696039 -0.890917 0.332622
6 -0.731963 -0.976473 0.320588
1 -0.706745 -1.11695 0.319477
6 -0.685753 -1.02759 0.320703
2 -0.735793 -0.841206 0.323128
1 -0.776843 -0.787983 0.320347
2 -0.713328 -1.07152 0.321242
1 -0.754709 -0.977769 0.314935
1 -0.722935 -1.08616 0.312508
1 -0.692404 -1.15048 0.317098
4 -0.674833 -1.2198 0.318413
1 -0.688931 -1.17402 0.319084
6 -0.671852 -1.21644 0.3199
3 -0.661019 -1.21907 0.325042
1 -0.701441 -1.18033 0.328198
5 -0.696794 -1.1463 0.317037
2 -0.66224 -1.34721 0.316411
1 -0.671672 -1.07488 0.328623
2 -0.654181 -1.12916 0.327616
1 -0.782916 -0.599157 0.326099
2 -0.757665 -0.893532 0.324407
1 -0.833139 -0.659388 0.316364
1 -0.829944 -0.453604 0.323713
1 -0.830798 -0.424073 0.31457
1 -0.877596 -0.236397 0.313874
2 -0.740936 -0.796167 0.314288
1 -0.807291 -0.569901 0.310669
2 -0.761741 -0.755108 0.321778
4 -0.759489 -0.754606 0.32411
1 -0.781344 -0.79479 0.315838
1 -0.79323 -0.753799 0.317011
3 -0.814079 -0.802585 0.308576
5 -0.754373 -0.949807 0.318862
3 -0.755208 -0.851671 0.32153
1 -0.777382 -0.818206 0.320925
8 -0.815612 -0.698358 0.316305
2 -0.725057 -0.797489 0.330963
4 -0.764625 -0.882804 0.315665
10 -0.665809 -1.01259 0.326929
5 -0.697473 -1.01802 0.32568
1 -0.733956 -0.95998 0.318285
2 -0.696625 -1.08674 0.320164
3 -0.753869 -0.961142 0.315797
1 -0.72918 -0.982594 0.324267
2 -0.693461 -1.1836 0.325659
4 -0.719544 -1.15157 0.321892
3 -0.743323 -1.10386 0.313415
1 -0.759798 -0.991444 0.315747
1 -0.808542 -0.802283 0.311316
1 -0.846782 -0.651672 0.310877
3 -0.800558 -0.703355 0.313761
1 -0.795815 -0.665452 0.317336
1 -0.825388 -0.537716 0.320505
4 -0.82368 -0.493095 0.322173
1 -0.741369 -0.94829 0.320229
6 -0.804384 -0.825703 0.306777
3 -0.692427 -0.967968 0.327126
8 -0.728039 -0.840379 0.324732
8 -0.752466 -0.703528 0.325784
3 -0.760169 -0.71483 0.322211
5 -0.760658 -0.77474 0.318009
1 -0.717513 -0.879051 0.324504
2 -0.751613 -0.782012 0.31991
5 -0.718388 -0.834156 0.329577
2 -0.766211 -0.6271 0.3313
2 -0.736458 -0.728828 0.32897
12 -0.713505 -0.835523 0.333989
2 -0.719367 -0.850459 0.330262
1 -0.776967 -0.649406 0.328475
1 -0.723124 -0.733892 0.329983
1 -0.689225 -0.930226 0.325393
2 -0.732477 -0.763099 0.323241
2 -0.850354 -0.48961 0.310667
1 -0.773808 -0.788421 0.317669
3 -0.763804 -0.909471 0.31269
1 -0.738934 -1.03626 0.313843
2 -0.739573 -1.03445 0.314121
6 -0.764074 -0.93645 0.307754
1 -0.689834 -1.07216 0.322394
3 -0.690796 -0.9159 0.326706
2 -0.695593 -0.899176 0.328376
2 -0.720304 -0.877934 0.328323
1 -0.735179 -0.789716 0.325375
6 -0.676812 -1.00682 0.326713
3 -0.701197 -0.930372 0.324964
2 -0.772837 -0.668197 0.321379
5 -0.777884 -0.627241 0.320496
1 -0.797719 -0.819209 0.312097
1 -0.725027 -1.13555 0.31771
7 -0.678401 -1.12203 0.317585
1 -0.825888 -0.73873 0.30708
2 -0.803565 -0.732326 0.308127
2 -0.855758 -0.582079 0.312396
1 -0.828579 -0.715647 0.31579
11 -0.75132 -0.775967 0.325284
4 -0.767839 -0.86405 0.314178
3 -0.717644 -1.1247 0.314849
5 -0.696988 -1.0972 0.322887
13 -0.679615 -0.989105 0.330314
1 -0.721 -0.904098 0.31988
2 -0.774723 -0.860045 0.317007
1 -0.769775 -0.843662 0.318665
1 -0.774624 -0.845468 0.317344
1 -0.807275 -0.654549 0.321199
2 -0.838604 -0.499346 0.310701
3 -0.736847 -0.787344 0.319838
2 -0.893698 -0.747156 0.309858
1 -0.755476 -1.15379 0.320318
2 -0.771074 -0.862909 0.320227
1 -0.711893 -0.971617 0.327691
4 -0.736879 -0.805255 0.329063
2 -0.741766 -1.01294 0.320285
1 -0.77921 -0.870605 0.312722
10 -0.719895 -1.10454 0.316972
1 -0.798961 -0.633852 0.315478
2 -0.801243 -0.634152 0.318238
4 -0.857837 -0.485298 0.313679
7 -0.844681 -0.611072 0.30994
9 -0.856065 -0.529202 0.309185
1 -0.651196 -1.21979 0.326425
2 -0.75222 -0.873747 0.315586
10 -0.671351 -1.05033 0.325814
10 -0.755438 -0.794304 0.320551
8 -0.749121 -0.750514 0.326133
2 -0.754025 -0.710727 0.318392
2 -0.74433 -0.789975 0.316536
1 -0.728865 -0.923556 0.324603
2 -0.715727 -1.01387 0.324446
1 -0.716323 -1.01577 0.324931
3 -0.775441 -0.786727 0.31916
2 -0.741886 -0.87514 0.322188
9 -0.705198 -0.956907 0.32324
2 -0.728905 -0.782082 0.321676
1 -0.713126 -1.03231 0.319457
1 -0.741511 -0.899528 0.322359
1 -0.751865 -0.695704 0.32311
6 -0.716312 -0.842859 0.326086
2 -0.661815 -1.23525 0.320407
1 -0.67391 -1.2068 0.309189
1 -0.663565 -1.2304 0.310813
4 -0.716279 -0.876696 0.316856
14 -0.711632 -1.02266 0.31936
2 -0.700034 -1.05613 0.319422
4 -0.78341 -0.966394 0.310255
7 -0.808259 -0.58358 0.312423
2 -0.771182 -0.713513 0.316825
2 -0.751708 -0.850828 0.321721
1 -0.655526 -1.20181 0.329432
1 -0.685429 -1.10648 0.326111
2 -0.680049 -1.05551 0.327789
4 -0.812652 -0.616413 0.313856
2 -0.764849 -0.936824 0.309616
1 -0.826155 -0.648243 0.304821
5 -0.872401 -0.466619 0.306439
3 -0.761207 -0.57293 0.321527
7 -0.823491 -0.580634 0.309294
2 -0.752493 -0.77076 0.316995
1 -0.772416 -0.658289 0.324128
1 -0.779742 -0.782348 0.318898
1 -0.767361 -0.731189 0.323103
4 -0.718213 -0.915947 0.323679
3 -0.774275 -0.78327 0.317443
2 -0.704091 -0.99553 0.319967
1 -0.714872 -0.945016 0.32058
2 -0.843489 -0.643588 0.313482
3 -0.813102 -0.756255 0.314232
4 -0.818897 -0.664065 0.312355
3 -0.810339 -0.722007 0.313788
4 -0.861354 -0.628548 0.309566
1 -0.839297 -0.686752 0.313525
12 -0.803432 -0.720898 0.32311
1 -0.755678 -0.828192 0.325033
2 -0.763581 -0.891682 0.32104
5 -0.705165 -1.08511 0.317477
6 -0.757882 -0.971244 0.31881
1 -0.689207 -1.06786 0.324322
2 -0.750288 -0.75077 0.318748
3 -0.701482 -1.09871 0.319888
1 -0.761248 -0.763343 0.321397
2 -0.776103 -0.801465 0.317535
4 -0.823706 -0.593838 0.310513
5 -0.859246 -0.504912 0.307693
2 -0.781235 -0.832699 0.312584
1 -0.789452 -0.830081 0.311032
2 -0.739558 -0.864316 0.315298
1 -0.755005 -0.737104 0.318115
2 -0.717104 -0.947396 0.321445
5 -0.765668 -0.815999 0.321387
4 -0.7439 -0.875986 0.317869
5 -0.749251 -0.886015 0.314363
2 -0.795667 -0.706347 0.31149
7 -0.772863 -0.943181 0.310446
5 -0.831494 -0.640684 0.311953
1 -0.77764 -0.842583 0.311924
1 -0.781006 -0.620342 0.318483
2 -0.67261 -1.1118 0.327371
5 -0.719645 -0.876983 0.323726
8 -0.714556 -0.934283 0.322644
1 -0.772262 -0.961635 0.312171
1 -0.703465 -1.09587 0.315231
2 -0.698372 -1.14623 0.318789
1 -0.747619 -0.988968 0.31572
8 -0.774485 -0.860401 0.314615
2 -0.72023 -0.91439 0.323482
2 -0.756825 -0.785335 0.315466
5 -0.786437 -0.656451 0.318118
6 -0.721951 -1.11274 0.316248
1 -0.692792 -1.11777 0.321181
1 -0.645866 -1.22293 0.323997
1 -0.687414 -1.06312 0.318387
2 -0.735389 -1.06637 0.314313
3 -0.675321 -1.26448 0.321131
2 -0.777087 -0.733737 0.32025
4 -0.675287 -1.1946 0.325867
3 -0.716454 -1.12885 0.322271
1 -0.687181 -1.18402 0.319496
4 -0.846668 -0.603545 0.312002
3 -0.809141 -0.62932 0.313539
3 -0.736499 -0.831074 0.32157
2 -0.801 -0.636673 0.313533
8 -0.771887 -0.714353 0.319854
1 -0.807824 -0.684972 0.317958
7 -0.736067 -0.956974 0.3207
3 -0.8044 -0.697815 0.317195
2 -0.730885 -0.795388 0.322125
1 -0.805372 -0.576524 0.314412
1 -0.740554 -0.760054 0.322127
5 -0.746818 -0.789573 0.319216
9 -0.721075 -0.850419 0.327101
1 -0.768497 -0.769047 0.322497
2 -0.763123 -0.747902 0.322642
2 -0.749129 -0.796177 0.326072
8 -0.675302 -1.02407 0.328158
1 -0.7317 -0.812215 0.324919
1 -0.768011 -0.739968 0.316811
4 -0.766167 -0.744801 0.31694
3 -0.777712 -0.767226 0.312649
2 -0.873591 -0.357859 0.316804
1 -0.775934 -0.79919 0.317229
3 -0.791859 -0.733982 0.322248
5 -0.690127 -0.953354 0.325374
1 -0.82753 -0.474496 0.32198
5 -0.783561 -0.744951 0.319396
7 -0.782497 -0.798241 0.319528
5 -0.808426 -0.768463 0.315505
5 -0.801686 -0.829001 0.309731
4 -0.822269 -0.698995 0.310185
3 -0.857641 -0.479684 0.31141
1 -0.82725 -0.60675 0.312447
3 -0.702553 -1.10324 0.317435
1 -0.767521 -0.943525 0.309963
1 -0.792235 -0.696725 0.314087
1 -0.755671 -0.895391 0.319972
1 -0.73548 -0.975578 0.325509
1 -0.725671 -0.931583 0.327039
2 -0.622868 -1.19492 0.330824
3 -0.646131 -1.04473 0.330362
1 -0.667747 -0.968101 0.326408
2 -0.665315 -0.97827 0.330311
5 -0.598376 -1.30859 0.332041
4 -0.641248 -1.06765 0.330179
3 -0.659999 -1.03473 0.327868
4 -0.827808 -0.549072 0.312656
1 -0.889734 -0.384597 0.31377
2 -0.768394 -0.809313 0.321484
1 -0.7596 -0.793809 0.319475
5 -0.756664 -0.866742 0.318677
3 -0.744667 -0.84671 0.3197
2 -0.754308 -0.802995 0.318457
4 -0.757707 -0.774566 0.31281
4 -0.702568 -1.17684 0.326242
5 -0.73587 -0.931812 0.328222
1 -0.715028 -0.970134 0.329297
1 -0.659432 -1.24502 0.325328
1 -0.700945 -1.11633 0.326247
7 -0.715456 -1.04029 0.326534
3 -0.785056 -0.742439 0.321614
1 -0.806381 -0.730401 0.318526
1 -0.765367 -0.87092 0.317474
1 -0.764872 -0.869702 0.316929
1 -0.775377 -0.683145 0.321147
2 -0.7585 -0.741769 0.323871
3 -0.748553 -0.870794 0.318087
5 -0.748057 -0.727709 0.32481
3 -0.752017 -0.890517 0.316858
2 -0.803935 -0.632596 0.313568
1 -0.842544 -0.464075 0.313373
4 -0.710584 -0.919493 0.322743
3 -0.751399 -0.916001 0.322543
3 -0.789639 -0.831803 0.317378
2 -0.735365 -1.01502 0.31916
7 -0.811823 -0.689114 0.320367
2 -0.867538 -0.34653 0.319511
1 -0.685155 -0.991256 0.329751
2 -0.696186 -1.09953 0.322715
4 -0.726988 -1.05884 0.317706
2 -0.733071 -0.958904 0.317058
1 -0.7455 -0.893752 0.316848
3 -0.65983 -1.17523 0.32357
1 -0.727993 -0.787356 0.323191
3 -0.733747 -0.806518 0.317606
1 -0.690884 -0.9515 0.32258
1 -0.7177 -0.861673 0.321976
4 -0.669196 -1.09315 0.327041
3 -0.677389 -1.17033 0.321719
1 -0.707182 -0.998335 0.324447
5 -0.796919 -0.681791 0.314166
3 -0.813288 -0.657981 0.311685
2 -0.613476 -1.34962 0.331885
1 -0.663508 -1.06882 0.334275
3 -0.658534 -1.01127 0.328069
3 -0.75248 -0.904954 0.316269
2 -0.762607 -0.990656 0.311278
4 -0.835708 -0.613754 0.308334
3 -0.840095 -0.618794 0.306284
1 -0.730093 -1.04243 0.311522
3 -0.714793 -1.08004 0.315606
5 -0.742007 -0.821082 0.314779
2 -0.753873 -0.784439 0.30914
4 -0.682435 -1.03409 0.315138
3 -0.758739 -0.902767 0.314436
1 -0.833617 -0.569972 0.312717
1 -0.825811 -0.494736 0.31468
1 -0.772108 -0.542998 0.317673
3 -0.742587 -0.666608 0.31725
4 -0.762294 -0.569534 0.317748
9 -0.656754 -1.1508 0.33083
1 -0.680529 -1.00294 0.333686
4 -0.76295 -0.76179 0.322044
5 -0.753105 -0.787294 0.324079
3 -0.769028 -0.711171 0.324407
2 -0.79467 -0.63414 0.318829
3 -0.823876 -0.655537 0.315492
1 -0.723301 -0.970331 0.325563
7 -0.725773 -1.01601 0.318101
2 -0.728757 -0.969965 0.319078
6 -0.758793 -0.864807 0.320841
2 -0.764324 -0.788754 0.319771
4 -0.781506 -0.822155 0.320314
5 -0.806413 -0.782168 0.312272
2 -0.684239 -1.0167 0.326218
1 -0.713891 -0.932958 0.317026
3 -0.733556 -0.94408 0.314123
1 -0.795957 -0.745855 0.309414
1 -0.737762 -0.907678 0.315235
1 -0.733262 -0.899088 0.314343
1 -0.680032 -1.06869 0.328461
2 -0.603305 -1.45728 0.329493
4 -0.661208 -1.21936 0.326721
11 -0.77979 -0.887791 0.308787
2 -0.743182 -0.960862 0.309716
2 -0.749686 -0.949621 0.311499
1 -0.786707 -0.743244 0.311827
1 -0.774431 -0.816799 0.317946
1 -0.732543 -0.961284 0.320233
3 -0.715622 -1.074 0.320819
2 -0.684883 -1.05965 0.325846
3 -0.808299 -0.622892 0.321
1 -0.809481 -0.597091 0.321715
2 -0.729794 -0.99876 0.315337
1 -0.75876 -0.999189 0.313524
3 -0.790357 -0.686102 0.308976
1 -0.821113 -0.561522 0.309802
5 -0.727188 -0.9034 0.319364
8 -0.651619 -1.11873 0.323738
12 -0.65794 -1.21637 0.318767
2 -0.767492 -0.86764 0.317652
4 -0.772488 -0.833527 0.314912
6 -0.805134 -0.745136 0.313495
1 -0.777627 -0.79664 0.319409
1 -0.759937 -0.804377 0.324037
2 -0.687679 -1.16296 0.320676
1 -0.679571 -1.19131 0.321878
2 -0.681121 -1.25157 0.323392
2 -0.644837 -1.39465 0.317311
2 -0.644693 -1.25896 0.318527
2 -0.622543 -1.2028 0.330954
2 -0.663517 -1.18531 0.323014
3 -0.681187 -1.17696 0.322809
2 -0.698984 -1.05952 0.325949
10 -0.708239 -0.993869 0.325787
1 -0.721393 -0.955078 0.323856
3 -0.741763 -0.869987 0.321929
2 -0.767744 -0.819786 0.317508
1 -0.788621 -0.712133 0.313003
3 -0.79494 -0.678637 0.312852
3 -0.797427 -0.725893 0.316149
4 -0.81049 -0.557165 0.315483
5 -0.787906 -0.605958 0.313769
3 -0.813971 -0.398413 0.323587
2 -0.649978 -1.10394 0.327965
2 -0.680118 -0.955504 0.32582
1 -0.75253 -0.777302 0.323208
1 -0.755631 -0.771831 0.322367
2 -0.780525 -0.707529 0.320426
1 -0.829944 -0.449914 0.317102
1 -0.78808 -0.516959 0.319352
3 -0.706153 -1.04617 0.322188
5 -0.697704 -1.07539 0.331447
3 -0.624854 -1.23785 0.331297
3 -0.645172 -1.16849 0.327759
1 -0.66928 -1.01324 0.330335
5 -0.752805 -0.802091 0.324314
1 -0.769881 -0.754115 0.323481
2 -0.762558 -0.797715 0.321223
2 -0.759161 -0.825838 0.319247
2 -0.731302 -0.941328 0.320073
1 -0.712324 -0.90274 0.324447
7 -0.703067 -0.907828 0.327587
1 -0.727836 -0.859032 0.325148
2 -0.714314 -0.832149 0.32803
1 -0.716104 -0.790905 0.329556
1 -0.725864 -0.781094 0.32753
2 -0.783813 -0.592086 0.324518
10 -0.871732 -0.423409 0.313306
1 -0.82801 -0.67592 0.311639
1 -0.842301 -0.659419 0.305762
2 -0.838011 -0.673297 0.306709
3 -0.744456 -0.795347 0.317413
1 -0.743268 -0.707197 0.321106
1 -0.786647 -0.58839 0.325182
8 -0.769982 -0.807795 0.31652
2 -0.779916 -0.838336 0.316954
5 -0.761086 -0.878144 0.318172
2 -0.751907 -0.907713 0.315771
1 -0.77144 -0.820804 0.31558
2 -0.74835 -0.846815 0.315544
5 -0.842217 -0.531042 0.310363
2 -0.763469 -0.78598 0.319801
1 -0.724928 -0.844635 0.324131
18 -0.742459 -0.885987 0.323095
2 -0.730518 -0.888011 0.323349
5 -0.851847 -0.551989 0.310269
1 -0.809093 -0.484718 0.322858
2 -0.794199 -0.547246 0.323103
3 -0.752081 -0.739145 0.321539
2 -0.729763 -0.908468 0.32133
1 -0.823974 -0.550783 0.321655
6 -0.756378 -0.981426 0.314472
1 -0.740999 -0.927986 0.320225
1 -0.753239 -0.801069 0.316352
5 -0.767569 -0.647806 0.322937
2 -0.833949 -0.516757 0.31724
7 -0.820322 -0.55574 0.318113
6 -0.748984 -0.840003 0.324713
3 -0.658003 -1.19993 0.321512
4 -0.700119 -1.0819 0.316664
4 -0.703661 -1.10651 0.314461
4 -0.766116 -0.855813 0.3132
1 -0.676995 -1.20686 0.311447
3 -0.713285 -0.954474 0.31127
3 -0.828335 -0.512221 0.308319
1 -0.812541 -0.561273 0.308519
6 -0.757722 -0.905261 0.306969
2 -0.709215 -1.05054 0.314929
3 -0.75952 -0.883421 0.314701
3 -0.792403 -0.725654 0.315456
7 -0.749642 -0.841953 0.319708
10 -0.73117 -0.914913 0.31932
6 -0.774989 -0.796162 0.317102
4 -0.683069 -1.21003 0.328643
1 -0.710579 -1.08866 0.320917
4 -0.821129 -0.67476 0.314184
3 -0.801307 -0.78629 0.316354
2 -0.783077 -0.786594 0.314706
10 -0.818219 -0.654903 0.316591
1 -0.842895 -0.70079 0.31015
5 -0.899252 -0.395834 0.312968
1 -0.828569 -0.65428 0.322197
4 -0.743157 -0.988671 0.322344
5 -0.726913 -1.10505 0.318874
2 -0.723808 -1.04227 0.311723
7 -0.781334 -0.58179 0.325191
1 -0.759755 -0.664131 0.325299
3 -0.738314 -0.785854 0.324988
1 -0.818726 -0.588491 0.321237
6 -0.731896 -0.940076 0.328742
1 -0.785636 -0.593212 0.33157
1 -0.741167 -0.702218 0.332211
1 -0.711513 -0.884766 0.325516
1 -0.732239 -0.812142 0.323835
2 -0.6988 -0.933523 0.324705
2 -0.771559 -0.899723 0.311119
5 -0.682231 -1.30132 0.318596
4 -0.641842 -1.03961 0.325188
6 -0.651617 -0.988331 0.329589
1 -0.642897 -1.04891 0.331541
2 -0.709366 -0.832452 0.329992
2 -0.767289 -0.863332 0.315347
1 -0.739552 -0.842806 0.323267
3 -0.762326 -0.743226 0.321262
1 -0.764897 -0.857209 0.320905
1 -0.762425 -0.888422 0.312778
1 -0.762751 -0.887252 0.312889
1 -0.664182 -1.15195 0.32434
2 -0.719822 -0.977467 0.318002
5 -0.733724 -0.686531 0.322478
1 -0.682039 -0.961471 0.320491
5 -0.757009 -0.792221 0.323909
2 -0.687831 -0.861206 0.338482
1 -0.695338 -0.97043 0.331976
1 -0.720807 -0.891488 0.323974
2 -0.693339 -1.06197 0.32089
5 -0.752141 -1.1041 0.316279
1 -0.669739 -1.51537 0.314087
3 -0.681988 -1.44866 0.311836
11 -0.637967 -1.33209 0.326233
1 -0.714089 -0.930867 0.329712
3 -0.817572 -0.641979 0.320877
2 -0.740417 -0.805787 0.327049
2 -0.723195 -0.897822 0.327558
3 -0.795055 -0.806993 0.314181
1 -0.769633 -0.789672 0.31775
4 -0.779146 -0.666235 0.314518
2 -0.695604 -1.00892 0.323413
1 -0.684291 -1.10123 0.329854
3 -0.677294 -1.14104 0.330289
4 -0.712628 -1.06467 0.321485
3 -0.710814 -0.979249 0.324067
4 -0.717242 -1.02511 0.321295
4 -0.697013 -1.07808 0.319754
1 -0.698735 -1.08459 0.31905
3 -0.784244 -0.86377 0.314479
1 -0.795962 -0.784292 0.310481
1 -0.756661 -0.792985 0.321199
1 -0.707697 -0.970483 0.319068
1 -0.76942 -0.76917 0.313476
7 -0.768964 -0.768886 0.313769
1 -0.78581 -0.60723 0.317513
4 -0.819293 -0.620036 0.319693
3 -0.814408 -0.579198 0.314156
4 -0.733267 -0.949649 0.317638
1 -0.741008 -0.900464 0.31319
1 -0.639373 -1.29674 0.320645
2 -0.695264 -1.09155 0.317178
2 -0.742438 -1.00511 0.311996
1 -0.785413 -0.691419 0.314383
2 -0.778043 -0.714579 0.316706
5 -0.72383 -0.954256 0.31821
1 -0.72968 -0.892442 0.328236
3 -0.791003 -0.659785 0.323687
10 -0.739556 -0.88619 0.324089
2 -0.693432 -1.0855 0.326961
3 -0.725864 -0.987151 0.320278
8 -0.779535 -0.771719 0.319415
2 -0.722989 -1.04431 0.325118
1 -0.812632 -0.787893 0.30806
1 -0.803085 -0.739285 0.30389
1 -0.871347 -0.40416 0.30837
3 -0.738423 -0.773823 0.325256
1 -0.782853 -0.682579 0.31666
2 -0.787985 -0.678117 0.319996
5 -0.738997 -0.796835 0.328423
1 -0.739242 -0.85583 0.325451
3 -0.796384 -0.723056 0.325389
3 -0.75484 -0.813303 0.328433
1 -0.789011 -0.679943 0.32745
2 -0.819472 -0.757355 0.310084
3 -0.820896 -0.61163 0.320631
3 -0.851246 -0.542132 0.308281
3 -0.819097 -0.615733 0.31228
3 -0.732 -0.831156 0.323188
1 -0.845242 -0.531424 0.316344
2 -0.85499 -0.478049 0.316207
3 -0.889465 -0.375281 0.309717
4 -0.890491 -0.395991 0.310247
5 -0.836625 -0.57699 0.312231
2 -0.868157 -0.443286 0.311536
1 -0.777201 -0.797617 0.315816
1 -0.79015 -0.751929 0.310541
3 -0.789694 -0.776843 0.311016
2 -0.790411 -0.812888 0.311792
2 -0.825369 -0.766721 0.306364
4 -0.753047 -0.807259 0.312345
2 -0.726221 -0.998274 0.313194
1 -0.627475 -1.41476 0.316995
1 -0.668451 -1.28466 0.321412
3 -0.703667 -0.953912 0.326016
2 -0.701345 -0.996743 0.323927
3 -0.67442 -1.07285 0.327213
5 -0.724893 -0.866703 0.326303
2 -0.768139 -0.832531 0.319253
1 -0.828701 -0.49466 0.319499
2 -0.85595 -0.55586 0.310358
3 -0.853289 -0.56577 0.308801
10 -0.828893 -0.642378 0.313088
3 -0.818412 -0.550785 0.318063
9 -0.766672 -0.780967 0.317572
1 -0.804179 -0.555596 0.320159
3 -0.832652 -0.513438 0.316578
1 -0.777425 -0.884342 0.321597
1 -0.768801 -0.844671 0.319369
1 -0.835151 -0.682391 0.310773
1 -0.801791 -0.735268 0.324263
1 -0.765585 -0.818278 0.323224
8 -0.793108 -0.667155 0.321335
3 -0.764606 -0.726722 0.327061
1 -0.810348 -0.611135 0.32238
1 -0.852212 -0.601551 0.310117
1 -0.794336 -0.913978 0.312243
1 -0.819438 -0.710409 0.310579
1 -0.90101 -0.361041 0.31343
1 -0.890675 -0.345014 0.31691
3 -0.788442 -0.656891 0.322098
3 -0.729286 -0.796142 0.329487
1 -0.695709 -0.956759 0.325745
1 -0.706282 -0.939981 0.323655
11 -0.77962 -0.58816 0.321125
4 -0.786027 -0.743524 0.318208
4 -0.662081 -1.24041 0.326532
6 -0.704282 -1.14973 0.320738
1 -0.689506 -1.05178 0.323711
1 -0.68934 -0.876274 0.326586
1 -0.654837 -1.20048 0.322346
1 -0.620182 -1.3152 0.324312
3 -0.826035 -0.504903 0.321279
3 -0.799625 -0.570012 0.323821
1 -0.725768 -0.711903 0.331143
5 -0.746204 -0.682021 0.328801
2 -0.806203 -0.749554 0.31313
7 -0.827152 -0.639793 0.314857
1 -0.703867 -1.05337 0.320702
3 -0.719217 -0.931054 0.322989
1 -0.783422 -0.679087 0.309693
1 -0.795023 -0.533048 0.310943
1 -0.682581 -1.1467 0.319047
2 -0.701949 -1.12976 0.313185
2 -0.701048 -1.0023 0.320266
2 -0.661276 -1.10614 0.325303
3 -0.75692 -0.708119 0.323599
2 -0.755887 -0.708571 0.323669
7 -0.76329 -0.699088 0.319551
3 -0.843375 -0.566104 0.310561
2 -0.768445 -0.816216 0.316798
1 -0.778815 -0.782378 0.317512
2 -0.689372 -1.16734 0.316592
2 -0.716912 -1.05505 0.316768
4 -0.700858 -1.14856 0.321201
5 -0.681598 -1.23169 0.315024
3 -0.744448 -1.07622 0.31877
1 -0.706077 -1.15104 0.32072
3 -0.723402 -1.03004 0.317948
2 -0.777137 -0.825396 0.312754
3 -0.817044 -0.596794 0.314947
9 -0.780327 -0.734597 0.317173
6 -0.783063 -0.808435 0.315938
2 -0.785573 -0.795323 0.315397
1 -0.739568 -0.854291 0.327642
2 -0.831721 -0.655366 0.310932
4 -0.845416 -0.531325 0.316454
1 -0.7025 -1.12565 0.315938
5 -0.717147 -1.06038 0.324832
1 -0.710473 -1.15412 0.321461
1 -0.786069 -0.815414 0.317106
2 -0.75829 -0.925436 0.320425
1 -0.722151 -1.07581 0.312979
1 -0.767084 -0.933602 0.31488
8 -0.790876 -0.630409 0.320116
2 -0.767674 -0.855937 0.313843
2 -0.759522 -0.940232 0.316627
3 -0.811009 -0.785703 0.310754
1 -0.827096 -0.589634 0.316872
3 -0.73187 -0.983626 0.322808
2 -0.673517 -1.09115 0.336003
2 -0.741004 -0.925075 0.326179
1 -0.744766 -0.913061 0.3256
1 -0.810148 -0.58885 0.322315
5 -0.794456 -0.68039 0.313498
2 -0.751701 -0.871403 0.319679
6 -0.772862 -0.946263 0.30902
3 -0.756207 -0.919754 0.319019
9 -0.760913 -0.860362 0.317257
10 -0.794857 -0.650333 0.320799
4 -0.854647 -0.40425 0.313603
4 -0.844403 -0.544591 0.313124
1 -0.847333 -0.61512 0.305567
1 -0.704309 -1.0365 0.312064
1 -0.675 -1.35583 0.312239
1 -0.672413 -1.37414 0.311813
1 -0.708086 -0.937499 0.324385
1 -0.752701 -0.894238 0.318088
3 -0.632274 -1.10871 0.33803
1 -0.836586 -0.500348 0.311327
1 -0.632733 -1.28432 0.32444
1 -0.683011 -1.21696 0.322474
2 -0.693433 -1.14099 0.318755
6 -0.70215 -1.11011 0.319189
3 -0.710947 -1.11713 0.319908
3 -0.629013 -1.28271 0.332414
1 -0.733509 -0.918021 0.319384
2 -0.894427 -0.280242 0.311676
1 -0.887425 -0.3198 0.307753
1 -0.870978 -0.371243 0.313631
1 -0.808332 -0.687696 0.315706
7 -0.77993 -0.784561 0.318485
6 -0.831182 -0.668846 0.314161
1 -0.658257 -1.15571 0.330956
5 -0.629303 -1.20656 0.330111
2 -0.74118 -0.777333 0.317641
1 -0.791535 -0.54388 0.318177
2 -0.810347 -0.681559 0.308325
2 -0.809912 -0.703779 0.314947
1 -0.806917 -0.680078 0.32014
1 -0.830185 -0.566817 0.318932
8 -0.867377 -0.341918 0.317141
1 -0.693329 -0.986335 0.31922
1 -0.744178 -0.945257 0.316626
3 -0.730919 -0.885107 0.325929
4 -0.745266 -0.757177 0.323531
3 -0.693563 -0.922243 0.329527
6 -0.715595 -0.955043 0.323859
1 -0.744582 -0.908944 0.320131
3 -0.712618 -0.9544 0.322178
3 -0.720182 -0.892334 0.322186
2 -0.777244 -0.757342 0.314744
2 -0.709135 -0.925945 0.322691
1 -0.739474 -0.842199 0.318036
6 -0.685 -1.10725 0.317279
5 -0.637871 -1.37721 0.323737
2 -0.640728 -1.30434 0.32483
2 -0.644571 -1.24752 0.32376
11 -0.573409 -1.4896 0.333182
1 -0.635647 -1.20307 0.337329
2 -0.585922 -1.33175 0.341757
1 -0.608517 -1.35794 0.334257
2 -0.580965 -1.43088 0.336539
2 -0.673634 -1.04564 0.327967
1 -0.71724 -1.14587 0.316389
4 -0.809454 -0.59293 0.320346
6 -0.663575 -1.18707 0.328559
5 -0.716855 -1.06432 0.322049
3 -0.717037 -1.06867 0.321123
1 -0.692277 -1.19033 0.320135
4 -0.702191 -1.24013 0.318809
4 -0.737487 -0.991197 0.323939
1 -0.815993 -0.649009 0.318388
5 -0.776359 -0.723346 0.322957
2 -0.775876 -0.749125 0.321162
1 -0.789563 -0.917726 0.314253
2 -0.792744 -0.853474 0.316838
4 -0.720418 -1.09674 0.317703
5 -0.728857 -1.03138 0.317075
2 -0.648825 -1.1478 0.326175
2 -0.715808 -1.01461 0.323147
2 -0.670134 -1.1125 0.333253
1 -0.744628 -0.893979 0.317193
2 -0.743286 -0.830155 0.322506
2 -0.735711 -0.901205 0.32213
1 -0.737741 -0.802146 0.32434
2 -0.739196 -0.861054 0.316652
2 -0.791876 -0.703716 0.310029
1 -0.675154 -1.13196 0.325553
1 -0.696076 -1.15574 0.319896
8 -0.662879 -1.3227 0.321764
1 -0.660388 -1.22868 0.329482
2 -0.768514 -0.839383 0.31792
2 -0.802195 -0.591845 0.321225
4 -0.727886 -0.805665 0.328897
1 -0.764439 -0.773344 0.323949
6 -0.719365 -1.0482 0.322448
3 -0.785293 -0.657191 0.321697
1 -0.792113 -0.66329 0.315548
4 -0.795734 -0.767556 0.314715
1 -0.792114 -0.776521 0.314605
8 -0.712247 -0.959501 0.330516
1 -0.857756 -0.526216 0.313606
3 -0.845233 -0.516729 0.313263
2 -0.863104 -0.518024 0.309924
1 -0.841179 -0.597822 0.306055
2 -0.677561 -1.11149 0.328411
1 -0.649927 -1.15237 0.333189
3 -0.739959 -0.829741 0.324214
2 -0.763763 -0.838703 0.317095
2 -0.736087 -0.966672 0.31546
5 -0.714309 -0.992205 0.317046
1 -0.688194 -1.1173 0.321175
1 -0.755806 -0.973858 0.317464
5 -0.839542 -0.667855 0.311357
4 -0.883591 -0.308979 0.314619
4 -0.744382 -0.752807 0.321569
3 -0.78367 -0.669682 0.318682
1 -0.771296 -0.576862 0.328387
2 -0.693236 -1.13436 0.324448
1 -0.81968 -0.579928 0.31617
4 -0.790723 -0.611183 0.320213
2 -0.789507 -0.588203 0.320255
3 -0.816769 -0.476389 0.318316
1 -0.740089 -0.872105 0.315743
3 -0.804565 -0.629485 0.313365
1 -0.784922 -0.666621 0.314677
4 -0.794263 -0.80777 0.312437
10 -0.757437 -1.07103 0.312941
6 -0.806024 -0.795503 0.311842
3 -0.822503 -0.794813 0.31313
2 -0.805818 -0.693417 0.312611
2 -0.787938 -0.770251 0.312665
11 -0.797167 -0.764867 0.312515
4 -0.798051 -0.782502 0.311398
3 -0.765492 -0.877326 0.313777
3 -0.73619 -1.01369 0.320482
4 -0.727861 -0.99566 0.319719
3 -0.719069 -1.02783 0.317771
3 -0.759916 -0.891371 0.316742
1 -0.759804 -0.857395 0.32098
1 -0.731322 -0.93788 0.315242
2 -0.818157 -0.754925 0.309673
1 -0.781459 -0.781081 0.308931
1 -0.798362 -0.689895 0.31272
13 -0.808016 -0.707995 0.31733
6 -0.767825 -0.703699 0.324788
2 -0.755194 -0.775002 0.327311
1 -0.748241 -0.869964 0.324188
1 -0.751605 -0.847501 0.322474
5 -0.728886 -1.02069 0.322398
2 -0.769213 -0.963425 0.312559
1 -0.707264 -1.00947 0.325379
1 -0.707183 -1.00789 0.325649
3 -0.770231 -0.933889 0.320762
3 -0.824869 -0.532134 0.32005
1 -0.820407 -0.675271 0.31888
1 -0.972519 -0.138993 0.29923
1 -0.746149 -0.838967 0.309831
3 -0.712109 -0.923272 0.321829
1 -0.731407 -0.847517 0.327316
3 -0.714322 -0.923495 0.327772
2 -0.767382 -0.770997 0.32594
1 -0.708223 -0.864687 0.325941
4 -0.703713 -1.0006 0.323709
1 -0.776532 -0.689515 0.323223
3 -0.77846 -0.685297 0.322748
3 -0.802844 -0.695839 0.311577
4 -0.68783 -1.0946 0.318541
2 -0.757017 -0.703807 0.329713
1 -0.642615 -1.09507 0.328921
2 -0.777459 -0.741427 0.3267
1 -0.74529 -0.975454 0.320257
2 -0.752614 -0.895139 0.319134
3 -0.742125 -0.87076 0.321233
2 -0.740029 -1.01428 0.315864
2 -0.734371 -0.938242 0.313877
1 -0.768481 -0.883473 0.311814
2 -0.808868 -0.709415 0.318135
1 -0.760401 -1.00042 0.312952
8 -0.753417 -0.894835 0.320793
3 -0.814908 -0.722911 0.31414
2 -0.797011 -0.684317 0.317165
1 -0.73901 -0.914463 0.316719
1 -0.775588 -0.647682 0.320254
1 -0.794523 -0.822107 0.314866
3 -0.799425 -0.710649 0.316788
1 -0.756794 -0.77085 0.321295
4 -0.726486 -0.89837 0.318271
1 -0.7045 -0.989447 0.318
1 -0.679195 -1.22862 0.319031
1 -0.757825 -0.846768 0.315943
4 -0.77414 -0.855436 0.322043
2 -0.813857 -0.722244 0.313286
4 -0.751292 -0.93993 0.315935
5 -0.775021 -0.79791 0.314071
4 -0.799613 -0.845211 0.311668
4 -0.738304 -1.12064 0.31812
1 -0.808912 -0.789403 0.314244
3 -0.856718 -0.608351 0.307321
1 -0.815688 -0.812791 0.305763
1 -0.616097 -1.26756 0.329962
1 -0.805518 -0.586317 0.319424
1 -0.702861 -1.09093 0.323783
1 -0.736124 -0.965325 0.319894
2 -0.860405 -0.544465 0.308942
3 -0.809769 -0.62577 0.318078
2 -0.728353 -0.984033 0.320311
8 -0.754379 -0.807627 0.321894
6 -0.763656 -0.767004 0.321905
1 -0.711367 -0.963959 0.324594
3 -0.703832 -0.939859 0.327701
2 -0.720333 -0.957249 0.322604
1 -0.64939 -1.18725 0.327845
1 -0.713464 -0.978569 0.323824
2 -0.726537 -1.16538 0.311649
6 -0.660066 -1.32268 0.315506
1 -0.662836 -1.24019 0.316003
1 -0.655579 -1.18159 0.321014
1 -0.786447 -0.782388 0.319752
3 -0.847597 -0.493751 0.314865
1 -0.759264 -0.778524 0.324986
5 -0.751333 -0.894031 0.322166
3 -0.733667 -0.95403 0.324334
2 -0.743175 -0.97182 0.321207
7 -0.784649 -0.846889 0.315857
4 -0.767155 -0.802026 0.320038
2 -0.751333 -0.876085 0.322382
7 -0.758894 -0.956201 0.319658
2 -0.770593 -0.816614 0.317846
5 -0.778798 -0.791691 0.321574
10 -0.789439 -0.728307 0.324081
6 -0.80801 -0.691399 0.313627
3 -0.852733 -0.371355 0.318041
4 -0.851163 -0.372714 0.318357
1 -0.763222 -0.751029 0.324258
2 -0.691861 -1.0879 0.324376
6 -0.755285 -0.867824 0.320273
1 -0.760048 -0.778669 0.322884
2 -0.747957 -0.750966 0.325131
1 -0.788651 -0.708872 0.324692
1 -0.790612 -0.700864 0.32505
2 -0.816299 -0.488201 0.324868
1 -0.808704 -0.765385 0.313017
5 -0.66064 -1.08889 0.323292
2 -0.656098 -1.14859 0.330167
2 -0.723022 -1.0215 0.328027
3 -0.813483 -0.784163 0.310613
1 -0.776963 -0.842019 0.30856
1 -0.89826 -0.408276 0.306183
4 -0.839313 -0.603687 0.312812
1 -0.852601 -0.561384 0.304902
1 -0.836867 -0.633498 0.304146
2 -0.914252 -0.265782 0.30351
4 -0.91128 -0.28532 0.306154
5 -0.889395 -0.39916 0.309632
2 -0.897564 -0.395942 0.311909
5 -0.727788 -0.986795 0.324722
2 -0.780956 -0.820728 0.322154
4 -0.71586 -1.20208 0.320909
2 -0.720232 -1.04955 0.319325
3 -0.773641 -0.925138 0.316312
1 -0.768476 -0.896369 0.315443
3 -0.772007 -0.976708 0.314694
1 -0.726176 -0.964999 0.325144
2 -0.798025 -0.811017 0.312168
3 -0.80463 -0.609921 0.317813
7 -0.784933 -0.869449 0.31678
11 -0.807265 -0.844642 0.316393
2 -0.784278 -0.75601 0.320816
1 -0.753956 -0.772023 0.31985
1 -0.7441 -0.693108 0.326584
1 -0.692013 -0.898105 0.328075
2 -0.690054 -1.04535 0.32227
1 -0.711653 -0.880234 0.323678
1 -0.740833 -0.808372 0.318672
4 -0.73084 -0.818689 0.323141
3 -0.734043 -0.822126 0.321845
3 -0.735359 -0.865543 0.317
2 -0.713615 -1.01432 0.314772
1 -0.683019 -1.02012 0.325622
5 -0.730002 -0.915375 0.31746
4 -0.734848 -0.796031 0.320282
1 -0.773023 -0.66315 0.319462
3 -0.735755 -0.766079 0.320855
2 -0.782526 -0.686938 0.313059
2 -0.774483 -0.751336 0.313446
2 -0.732266 -1.12075 0.320986
7 -0.659948 -1.16825 0.322883
5 -0.625878 -1.23392 0.32962
10 -0.772353 -0.900856 0.311905
4 -0.759009 -0.870836 0.320513
2 -0.886279 -0.382304 0.312358
4 -0.767056 -0.895647 0.310595
2 -0.752203 -0.908578 0.318389
1 -0.705996 -1.04986 0.324755
2 -0.742787 -0.869251 0.326946
4 -0.735817 -1.02792 0.315439
2 -0.808577 -0.815205 0.309421
3 -0.727587 -1.02073 0.317876
2 -0.738929 -0.77252 0.327433
5 -0.823972 -0.514737 0.317634
3 -0.806593 -0.620233 0.317624
1 -0.796249 -0.750592 0.316622
4 -0.774034 -0.875524 0.316091
1 -0.803503 -0.902145 0.311869
1 -0.793748 -0.948549 0.31044
3 -0.75479 -0.975491 0.319099
1 -0.664941 -1.2406 0.324063
1 -0.75599 -0.925743 0.316008
9 -0.761668 -0.948493 0.314955
2 -0.765283 -1.02284 0.310337
1 -0.834044 -0.677094 0.307857
1 -0.727384 -0.877491 0.324561
2 -0.760555 -0.813921 0.318409
3 -0.786342 -0.799396 0.318456
12 -0.706976 -1.22291 0.316907
5 -0.749267 -0.746796 0.330664
3 -0.64384 -1.18781 0.331647
1 -0.68876 -1.06227 0.324287
1 -0.664984 -1.15803 0.320951
2 -0.697763 -1.05011 0.325641
1 -0.796972 -0.624954 0.325599
5 -0.74124 -0.80986 0.319097
6 -0.767383 -0.694008 0.317568
1 -0.774689 -0.688627 0.313143
3 -0.674686 -1.23938 0.315519
3 -0.79397 -0.628147 0.320664
3 -0.692146 -1.05722 0.324908
1 -0.789138 -0.85607 0.316809
1 -0.793647 -0.644493 0.318907
4 -0.765168 -0.781447 0.319768
1 -0.754638 -0.796529 0.326442
4 -0.8578 -0.449471 0.322365
2 -0.88898 -0.40872 0.318557
2 -0.888945 -0.416607 0.316655
10 -0.855674 -0.498807 0.319652
1 -0.880589 -0.50186 0.310031
1 -0.716088 -1.00694 0.323568
2 -0.718325 -0.968257 0.323727
1 -0.659359 -1.27613 0.322565
3 -0.807889 -0.597419 0.314316
3 -0.792099 -0.675738 0.315267
1 -0.732837 -0.752956 0.330346
1 -0.755596 -0.855939 0.317866
3 -0.741295 -0.89285 0.321247
1 -0.718617 -0.964449 0.318186
1 -0.753246 -0.83605 0.317873
6 -0.696189 -0.939327 0.325056
1 -0.768114 -0.745934 0.321276
1 -0.738922 -0.871893 0.320815
10 -0.756053 -0.983856 0.311986
1 -0.746296 -1.02986 0.312985
1 -0.793011 -0.770175 0.310969
1 -0.770905 -0.875329 0.314356
6 -0.69409 -1.13607 0.310193
1 -0.576129 -1.5585 0.32498
2 -0.595445 -1.29384 0.328824
3 -0.590204 -1.31125 0.329234
5 -0.578475 -1.48502 0.322764
6 -0.630478 -1.26854 0.32243
1 -0.625413 -1.20644 0.324897
2 -0.724732 -0.73696 0.327287
1 -0.793792 -0.728904 0.314452
1 -0.692323 -1.19398 0.315101
1 -0.758265 -0.867568 0.315801
2 -0.790479 -0.812103 0.312993
2 -0.805773 -0.751126 0.315775
4 -0.766632 -0.855254 0.319741
8 -0.765338 -0.819104 0.321558
1 -0.863427 -0.538657 0.310718
1 -0.820857 -0.627427 0.312944
3 -0.772495 -0.880682 0.316842
4 -0.738176 -1.01957 0.317781
2 -0.784695 -0.858246 0.313012
5 -0.755062 -0.8682 0.316715
1 -0.780182 -0.687399 0.316771
2 -0.759842 -0.916794 0.317733
4 -0.768125 -0.879705 0.315599
1 -0.675042 -1.14248 0.326501
2 -0.76324 -0.985994 0.3142
1 -0.729236 -0.868765 0.317547
2 -0.787252 -0.789143 0.311
2 -0.668847 -1.09104 0.325058
2 -0.69676 -1.03098 0.325739
1 -0.749939 -0.742504 0.320612
1 -0.759553 -0.827342 0.316681
2 -0.770239 -0.769341 0.31656
1 -0.705244 -1.06718 0.323832
6 -0.720623 -1.10399 0.312939
2 -0.67232 -1.18536 0.325746
12 -0.772512 -0.761629 0.31445
1 -0.792195 -0.610865 0.323492
1 -0.78954 -0.711021 0.318365
1 -0.844496 -0.594499 0.31416
2 -0.816525 -0.738469 0.316462
4 -0.81744 -0.770094 0.306886
1 -0.699161 -0.970323 0.319979
12 -0.783951 -0.706895 0.313282
4 -0.78867 -0.830398 0.311244
4 -0.789214 -0.805923 0.311632
1 -0.740281 -1.10766 0.317484
1 -0.798681 -0.865234 0.315757
2 -0.757524 -0.983689 0.307023
2 -0.785241 -0.771997 0.315379
6 -0.763534 -0.842545 0.317901
5 -0.739847 -0.908323 0.32205
4 -0.799156 -0.590223 0.323574
1 -0.731203 -0.762708 0.325455
3 -0.824221 -0.579164 0.31443
2 -0.796845 -0.809 0.308904
2 -0.828301 -0.605621 0.314797
3 -0.773211 -0.835891 0.317215
3 -0.804209 -0.638975 0.31522
2 -0.762421 -0.723662 0.323096
8 -0.777269 -0.801111 0.317167
4 -0.736298 -0.962733 0.321194
6 -0.738683 -0.97521 0.318129
2 -0.768657 -0.938654 0.310211
3 -0.760756 -0.72965 0.318942
1 -0.741113 -0.74915 0.324196
1 -0.740799 -0.858598 0.316951
1 -0.690117 -1.26136 0.315307
10 -0.740464 -0.938485 0.316867
3 -0.758635 -0.860501 0.321099
1 -0.773959 -0.843454 0.318497
1 -0.88435 -0.377901 0.307726
2 -0.826907 -0.724756 0.311593
4 -0.749103 -0.905375 0.311797
1 -0.771143 -0.766072 0.31212
2 -0.786588 -0.640653 0.313489
2 -0.841468 -0.573778 0.312262
3 -0.734161 -0.877935 0.322025
4 -0.772837 -0.811162 0.31693
2 -0.834657 -0.667682 0.312381
2 -0.844614 -0.639719 0.311367
2 -0.822303 -0.650468 0.314002
4 -0.674992 -1.21786 0.321247
1 -0.719064 -0.886876 0.32435
1 -0.757215 -0.784221 0.319366
1 -0.75687 -0.785797 0.319199
1 -0.742959 -0.866269 0.321055
3 -0.784096 -0.814395 0.313799
2 -0.697163 -1.07685 0.318792
1 -0.729004 -1.0258 0.31433
1 -0.771156 -0.924111 0.313677
2 -0.730964 -0.914767 0.322761
13 -0.703615 -1.00317 0.321462
3 -0.693282 -1.04145 0.319511
3 -0.732705 -0.961454 0.31434
1 -0.71962 -1.01098 0.314964
1 -0.77537 -0.76414 0.315245
1 -0.776919 -0.785191 0.314297
1 -0.773156 -0.72871 0.318079
3 -0.76121 -0.748938 0.319513
1 -0.853088 -0.380272 0.315349
1 -0.850521 -0.406009 0.319769
2 -0.78875 -0.751751 0.313748
4 -0.737057 -0.944876 0.316153
1 -0.795688 -0.777525 0.311674
1 -0.754558 -0.903756 0.319717
1 -0.718411 -0.931112 0.321537
1 -0.785212 -0.731025 0.317931
8 -0.739053 -0.91747 0.322764
7 -0.742085 -0.869157 0.324708
2 -0.723904 -0.975774 0.319106
1 -0.732218 -0.956786 0.315299
4 -0.732788 -0.978257 0.312802
1 -0.731814 -0.985199 0.3125
2 -0.819176 -0.583806 0.308153
1 -0.791171 -0.638109 0.310835
1 -0.839194 -0.424442 0.310787
1 -0.815675 -0.582417 0.314311
2 -0.730538 -0.851803 0.32448
4 -0.725961 -0.949886 0.319473
3 -0.733266 -0.880958 0.316076
3 -0.750537 -0.918729 0.314529
2 -0.781762 -0.790592 0.315274
2 -0.762585 -0.867924 0.317071
3 -0.800664 -0.771287 0.313891
1 -0.716174 -1.00254 0.318084
1 -0.708579 -1.05646 0.316815
1 -0.720076 -0.930898 0.317303
3 -0.752275 -0.853231 0.315556
2 -0.744507 -0.949972 0.321356
7 -0.751914 -0.891527 0.315
3 -0.783617 -0.735873 0.316683
3 -0.795727 -0.588732 0.321578
2 -0.782007 -0.845569 0.322075
1 -0.710777 -1.09903 0.327881
6 -0.752678 -0.852096 0.323453
1 -0.770531 -0.614709 0.322219
5 -0.823788 -0.497047 0.314052
5 -0.729344 -0.940701 0.319864
3 -0.770019 -0.81674 0.319316
7 -0.830894 -0.575899 0.311042
1 -0.886306 -0.391956 0.309444
3 -0.910028 -0.29055 0.309055
1 -0.849001 -0.502044 0.313657
4 -0.807871 -0.535653 0.321296
4 -0.861655 -0.333204 0.315975
2 -0.765906 -0.720746 0.319024
1 -0.785409 -0.573069 0.318912
1 -0.802839 -0.64505 0.319268
1 -0.803845 -0.763894 0.317537
5 -0.727188 -1.01857 0.317528
9 -0.743916 -0.859101 0.32213
4 -0.793462 -0.554375 0.3276
2 -0.691825 -1.05396 0.329474
9 -0.628233 -1.17551 0.335902
1 -0.653683 -1.32587 0.326357
2 -0.700357 -1.01737 0.322462
1 -0.723423 -0.91798 0.323898
2 -0.865098 -0.334468 0.320528
4 -0.746307 -0.778345 0.323824
4 -0.748151 -0.69445 0.320941
3 -0.781957 -0.638763 0.320911
5 -0.80831 -0.624404 0.31776
2 -0.805177 -0.61789 0.319032
2 -0.726395 -1.01784 0.322126
4 -0.772264 -0.853691 0.317613
7 -0.765266 -0.872298 0.317164
1 -0.778933 -0.8678 0.312333
7 -0.706722 -1.16252 0.314655
1 -0.728784 -0.9789 0.309073
1 -0.788707 -0.807342 0.309628
2 -0.818221 -0.624274 0.310021
1 -0.84976 -0.544536 0.308484
4 -0.802197 -0.68621 0.310989
1 -0.756577 -0.852891 0.309743
9 -0.82822 -0.660596 0.306063
1 -0.698083 -1.00626 0.324847
5 -0.844119 -0.645177 0.300516
1 -0.744029 -0.899196 0.312794
2 -0.787337 -0.736012 0.311539
5 -0.785431 -0.676638 0.314975
12 -0.678631 -1.17028 0.319578
1 -0.683784 -1.18485 0.315524
5 -0.70873 -0.993527 0.318542
4 -0.700429 -1.07489 0.318155
4 -0.751342 -0.854316 0.31474
2 -0.778441 -0.725826 0.314172
1 -0.751738 -0.743569 0.320643
3 -0.759144 -0.926175 0.315273
3 -0.71401 -1.02096 0.319458
2 -0.706453 -0.99111 0.321878
4 -0.787372 -0.707554 0.316716
1 -0.798656 -0.679489 0.314905
2 -0.822812 -0.670307 0.310159
1 -0.798284 -0.70918 0.317188
1 -0.808771 -0.635762 0.318637
4 -0.754032 -0.77932 0.319105
3 -0.714509 -0.877079 0.321743
3 -0.634502 -1.11626 0.333427
2 -0.666451 -1.15427 0.317613
6 -0.662733 -1.12657 0.323353
2 -0.774905 -1.0162 0.30393
1 -0.746223 -1.07913 0.314139
1 -0.713038 -1.26213 0.312571
6 -0.6487 -1.30795 0.316641
2 -0.694551 -1.16608 0.319118
1 -0.675813 -1.13338 0.321615
2 -0.761747 -0.90405 0.317563
1 -0.692827 -0.967918 0.327945
2 -0.756282 -0.700739 0.326431
2 -0.744688 -0.76781 0.325744
4 -0.704675 -0.992417 0.324165
4 -0.79226 -0.631724 0.320305
1 -0.763726 -0.890685 0.320242
3 -0.752797 -0.930346 0.320671
2 -0.772145 -0.913796 0.321073
1 -0.827921 -0.609779 0.317855
2 -0.867705 -0.405293 0.315336
5 -0.820464 -0.571144 0.314972
2 -0.765882 -0.634838 0.324668
1 -0.774259 -0.713169 0.323303
4 -0.766677 -0.991037 0.313057
1 -0.783344 -0.934491 0.31167
1 -0.813428 -0.741077 0.314458
2 -0.809911 -0.796616 0.31071
1 -0.738975 -1.08541 0.318195
3 -0.69218 -1.21423 0.315967
3 -0.725047 -1.15587 0.313198
2 -0.616007 -1.32929 0.327076
4 -0.704214 -0.958329 0.326434
4 -0.72587 -1.05487 0.319339
1 -0.66555 -1.26509 0.325677
1 -0.75077 -0.833827 0.326384
2 -0.777116 -0.747638 0.321785
12 -0.783752 -0.76358 0.321275
2 -0.794891 -0.700956 0.32513
3 -0.724108 -1.04959 0.326638
1 -0.652502 -1.31298 0.327676
1 -0.712533 -1.08909 0.324975
2 -0.791127 -0.82675 0.316394
2 -0.719096 -1.09472 0.319417
4 -0.703581 -0.946181 0.329209
2 -0.774637 -0.720307 0.324153
2 -0.753547 -0.789234 0.319154
1 -0.774667 -0.787058 0.317886
3 -0.704182 -1.02808 0.325853
1 -0.696583 -1.11324 0.32493
2 -0.721079 -0.871914 0.317183
1 -0.733388 -0.975087 0.320276
3 -0.746229 -0.805356 0.322539
7 -0.731307 -0.858936 0.324779
2 -0.789876 -0.858736 0.314128
1 -0.80461 -0.634932 0.315423
1 -0.824382 -0.569987 0.312363
2 -0.826434 -0.679742 0.302958
1 -0.826213 -0.680471 0.302981
8 -0.825464 -0.577118 0.312221
1 -0.823035 -0.723379 0.30798
2 -0.788869 -0.823838 0.30944
2 -0.762978 -0.874996 0.316234
1 -0.775067 -0.832824 0.316792
2 -0.706022 -1.02323 0.32414
1 -0.767853 -0.804083 0.308519
1 -0.801011 -0.693638 0.312078
1 -0.774604 -0.695353 0.319935
5 -0.791017 -0.730555 0.315053
4 -0.786018 -0.731218 0.31552
3 -0.729207 -0.881593 0.319468
3 -0.842613 -0.458771 0.319403
4 -0.676542 -1.11936 0.322974
2 -0.757487 -0.887988 0.314008
3 -0.740515 -0.912931 0.316297
8 -0.644255 -1.46535 0.317441
2 -0.617288 -1.42427 0.324672
2 -0.708023 -1.19909 0.316917
2 -0.809483 -0.658759 0.315631
1 -0.828882 -0.602163 0.314324
1 -0.784699 -0.738124 0.315027
7 -0.799721 -0.571936 0.322243
1 -0.792251 -0.668263 0.321119
2 -0.766422 -0.710401 0.322186
4 -0.774757 -0.865802 0.31793
3 -0.743894 -0.996129 0.318002
2 -0.773339 -0.816249 0.318544
1 -0.790067 -0.667481 0.321451
2 -0.760671 -0.706991 0.325296
3 -0.755363 -0.78023 0.318578
4 -0.741208 -0.825107 0.322856
3 -0.751841 -0.876583 0.322212
1 -0.721015 -1.03761 0.322275
7 -0.670473 -1.11471 0.322683
1 -0.713667 -0.948314 0.322772
1 -0.712846 -0.948567 0.324407
9 -0.787729 -0.729388 0.321759
2 -0.801674 -0.734475 0.32065
2 -0.761247 -0.87539 0.319956
1 -0.789682 -0.976307 0.312508
2 -0.743934 -0.995963 0.318556
10 -0.778789 -0.818447 0.318877
2 -0.704257 -1.00749 0.320367
3 -0.68683 -1.05273 0.322625
2 -0.698431 -1.08831 0.319167
1 -0.680476 -1.13242 0.320127
1 -0.688673 -1.01773 0.322049
2 -0.774025 -0.815611 0.320416
2 -0.814253 -0.545832 0.321108
3 -0.818318 -0.584433 0.311475
4 -0.79224 -0.739249 0.310954
3 -0.742546 -0.776244 0.319686
3 -0.762576 -0.757747 0.31281
10 -0.729643 -1.10337 0.312379
1 -0.851898 -0.623189 0.313791
5 -0.867791 -0.478768 0.318066
1 -0.799474 -0.724483 0.317062
2 -0.725876 -0.964475 0.317592
3 -0.733122 -0.867506 0.318147
3 -0.712853 -0.937984 0.318278
4 -0.709514 -0.953701 0.318217
3 -0.7588 -0.989525 0.316808
3 -0.781543 -0.763682 0.320877
1 -0.760222 -0.934804 0.316694
5 -0.777487 -0.81601 0.316275
1 -0.683796 -1.0506 0.326308
1 -0.709728 -0.884292 0.326501
1 -0.753512 -0.6913 0.328253
1 -0.708914 -0.938615 0.324814
1 -0.773129 -0.771481 0.322669
1 -0.721143 -0.944266 0.32242
2 -0.712396 -0.906812 0.322278
5 -0.76674 -0.614561 0.318384
2 -0.661497 -1.16596 0.324459
1 -0.659185 -1.19061 0.327731
1 -0.644366 -1.27157 0.331259
1 -0.77863 -0.743959 0.320012
4 -0.771758 -0.75149 0.321019
2 -0.767791 -0.792466 0.321099
4 -0.743466 -0.930692 0.316055
1 -0.789114 -0.684727 0.318742
1 -0.790865 -0.749565 0.315478
4 -0.811317 -0.680739 0.315918
2 -0.674086 -1.17521 0.319088
3 -0.6643 -1.16814 0.325768
1 -0.735669 -0.899181 0.318371
1 -0.798124 -0.723255 0.310343
1 -0.811889 -0.705493 0.311733
2 -0.7518 -0.751868 0.318848
1 -0.784469 -0.76831 0.315445
3 -0.750584 -0.951656 0.313599
5 -0.737594 -1.0472 0.317048
2 -0.723703 -1.076 0.320257
1 -0.792455 -0.851444 0.311036
2 -0.751207 -0.881022 0.321308
2 -0.782902 -0.756068 0.313947
7 -0.809647 -0.731249 0.316571
1 -0.767743 -0.814461 0.31693
1 -0.708591 -1.13033 0.314408
1 -0.707649 -1.13615 0.315043
15 -0.811101 -0.859708 0.311202
3 -0.789237 -0.812098 0.316406
1 -0.757761 -0.735516 0.325094
1 -0.709421 -0.942227 0.325125
1 -0.726193 -0.884597 0.318032
4 -0.850898 -0.428933 0.315878
1 -0.860637 -0.554716 0.307483
4 -0.811509 -0.751306 0.312396
1 -0.728977 -0.869677 0.326246
4 -0.715771 -0.920517 0.327062
3 -0.729597 -0.924281 0.318621
3 -0.694611 -1.04211 0.32227
1 -0.730388 -0.897834 0.321111
5 -0.800817 -0.556816 0.322781
4 -0.750459 -0.866536 0.319251
3 -0.793786 -0.783122 0.318101
3 -0.797403 -0.697952 0.319811
3 -0.784336 -0.764299 0.320159
2 -0.736445 -0.947435 0.316665
1 -0.679575 -1.1995 0.322051
5 -0.771254 -0.791289 0.321163
5 -0.59882 -1.50356 0.323286
1 -0.643313 -1.50806 0.313271
1 -0.631549 -1.45172 0.316523
4 -0.680389 -1.13147 0.319763
1 -0.736468 -1.02581 0.314205
9 -0.743007 -1.01439 0.316923
1 -0.744507 -0.932192 0.317206
1 -0.739541 -0.863023 0.321188
1 -0.747536 -0.849648 0.321256
2 -0.698616 -0.966551 0.324987
2 -0.684373 -0.982335 0.325495
3 -0.740777 -0.7906 0.324999
2 -0.780862 -0.546974 0.330284
5 -0.707556 -0.950616 0.331063
9 -0.764526 -0.898128 0.317168
1 -0.708363 -0.917258 0.324797
7 -0.683527 -1.08151 0.324033
1 -0.717978 -0.934595 0.325404
1 -0.707247 -0.94326 0.324283
3 -0.824678 -0.594459 0.315931
3 -0.656889 -1.17238 0.324002
1 -0.711397 -0.962682 0.326249
4 -0.692873 -0.982269 0.327874
1 -0.705932 -0.944966 0.328134
1 -0.664367 -1.05928 0.327285
3 -0.760553 -0.892785 0.316677
1 -0.694487 -1.03946 0.32051
5 -0.798408 -0.601494 0.318822
2 -0.789427 -0.667958 0.318091
2 -0.768677 -0.74228 0.318836
2 -0.739196 -0.819786 0.325617
3 -0.704984 -1.02403 0.322486
1 -0.702965 -0.912537 0.321591
4 -0.771283 -0.742722 0.319156
1 -0.738615 -0.851004 0.326743
4 -0.734599 -1.00799 0.322188
1 -0.722005 -0.939068 0.322064
1 -0.740639 -0.954304 0.320379
1 -0.834028 -0.533973 0.315008
2 -0.689219 -1.20986 0.322083
2 -0.615786 -1.4078 0.331737
1 -0.640257 -1.26385 0.328971
1 -0.661454 -1.29951 0.326449
1 -0.802711 -0.823818 0.318147
2 -0.739002 -0.945468 0.319084
1 -0.7542 -0.881033 0.316892
3 -0.729455 -0.994661 0.317644
3 -0.808452 -0.629835 0.317447
1 -0.712038 -0.931365 0.322402
1 -0.676372 -0.935961 0.328654
1 -0.814481 -0.517766 0.320149
2 -0.764862 -0.767187 0.317434
3 -0.807536 -0.688066 0.31421
1 -0.85461 -0.57183 0.309043
1 -0.765193 -0.862535 0.313553
3 -0.723507 -0.968546 0.317073
2 -0.763778 -0.721974 0.322148
2 -0.70659 -0.942308 0.322754
1 -0.721156 -0.834916 0.322397
2 -0.764812 -0.66668 0.321622
7 -0.741029 -0.789978 0.321333
1 -0.757015 -0.758154 0.324266
2 -0.773946 -0.690321 0.319243
1 -0.744424 -0.969301 0.314069
3 -0.756299 -0.91601 0.314886
1 -0.754536 -0.919947 0.313037
3 -0.74839 -0.858511 0.314238
1 -0.778746 -0.776417 0.312475
2 -0.83553 -0.577542 0.315781
2 -0.788529 -0.634111 0.321671
2 -0.710929 -0.908193 0.323224
1 -0.712292 -1.08266 0.317627
2 -0.709548 -1.14005 0.315071
1 -0.699186 -1.04467 0.31706
1 -0.688966 -1.08531 0.313153
2 -0.587959 -1.39675 0.322541
3 -0.669909 -1.25401 0.315117
5 -0.82043 -0.778493 0.307373
8 -0.828882 -0.8021 0.303266
1 -0.866408 -0.689816 0.300846
2 -0.823172 -0.760914 0.302856
1 -0.766978 -0.972644 0.307879
5 -0.747851 -1.02642 0.311885
1 -0.721996 -1.11237 0.315027
2 -0.752388 -0.977822 0.315047
1 -0.743734 -1.0077 0.315281
1 -0.74135 -1.05328 0.315449
6 -0.718056 -1.06299 0.317164
4 -0.780132 -0.632771 0.32555
4 -0.784246 -0.696543 0.322755
5 -0.776493 -0.791477 0.322789
2 -0.686867 -1.07727 0.321091
1 -0.692504 -1.08725 0.321667
2 -0.779878 -0.758983 0.314686
1 -0.733373 -1.10963 0.316379
6 -0.74805 -0.952448 0.315454
1 -0.71004 -1.10894 0.319673
2 -0.698506 -1.13039 0.314985
2 -0.684054 -1.26258 0.315476
5 -0.63755 -1.39088 0.32863
4 -0.673173 -1.36755 0.316807
4 -0.669644 -1.37721 0.320453
2 -0.658538 -1.26801 0.322897
6 -0.669983 -1.20828 0.322865
1 -0.80549 -0.672001 0.314869
1 -0.788225 -0.584227 0.319138
1 -0.73781 -0.873224 0.322717
5 -0.796838 -0.561042 0.322315
1 -0.755644 -0.795719 0.324487
1 -0.727009 -0.905336 0.326346
1 -0.747023 -0.843553 0.319096
4 -0.69912 -1.00953 0.320648
5 -0.818944 -0.519533 0.318143
6 -0.763 -0.641428 0.315887
1 -0.816809 -0.450886 0.315267
1 -0.792202 -0.663685 0.312876
3 -0.741515 -0.856647 0.321428
1 -0.787349 -0.792462 0.316388
2 -0.798282 -0.738543 0.315462
3 -0.808381 -0.619042 0.314407
1 -0.811103 -0.597523 0.31441
3 -0.877482 -0.393957 0.314321
8 -0.807769 -0.668971 0.318367
1 -0.795225 -0.580098 0.319573
3 -0.774024 -0.77624 0.316832
2 -0.793209 -0.669443 0.313207
1 -0.827071 -0.514785 0.312
2 -0.80987 -0.585428 0.316946
2 -0.794142 -0.656008 0.315724
1 -0.779849 -0.741967 0.315047
5 -0.781654 -0.726858 0.314684
2 -0.757265 -0.840296 0.316522
1 -0.742534 -0.912124 0.317264
4 -0.731817 -0.876841 0.317884
2 -0.675754 -1.04731 0.327311
1 -0.738796 -0.789449 0.323089
4 -0.781808 -0.62577 0.318909
2 -0.794804 -0.733062 0.314116
2 -0.719112 -0.861971 0.321394
1 -0.744438 -0.746564 0.320512
3 -0.772726 -0.672283 0.318232
1 -0.772962 -0.939139 0.313074
5 -0.789131 -0.993138 0.311141
1 -0.805667 -0.743729 0.320005
2 -0.753622 -0.673844 0.32898
1 -0.730284 -0.753315 0.326382
3 -0.795329 -0.633143 0.315182
2 -0.681313 -1.25093 0.315548
1 -0.66428 -1.21411 0.321736
3 -0.689597 -1.11628 0.322411
1 -0.789421 -0.746487 0.313676
1 -0.770012 -0.820275 0.320588
4 -0.703304 -1.14328 0.316095
7 -0.804693 -0.789765 0.310935
2 -0.801406 -0.792844 0.310353
6 -0.833447 -0.670474 0.314187
1 -0.749166 -0.847867 0.316556
1 -0.80527 -0.538375 0.323242
5 -0.797902 -0.598738 0.322238
3 -0.817362 -0.567961 0.318955
1 -0.830083 -0.617349 0.311059
1 -0.80627 -0.64953 0.31891
3 -0.826918 -0.652477 0.317449
1 -0.807838 -0.618066 0.313225
2 -0.81496 -0.619878 0.313819
2 -0.673708 -1.14771 0.328754
2 -0.655145 -1.1174 0.333164
1 -0.745265 -0.749023 0.327985
2 -0.783631 -0.563977 0.321145
1 -0.746451 -1.00557 0.321348
1 -0.831845 -0.646338 0.316314
2 -0.802605 -0.87523 0.310834
1 -0.720509 -1.19918 0.314743
5 -0.622984 -1.42082 0.327184
1 -0.786384 -0.701856 0.3258
2 -0.834395 -0.536429 0.313344
7 -0.796682 -0.688288 0.317598
2 -0.668513 -1.22792 0.322804
2 -0.723966 -1.00307 0.32231
2 -0.749145 -0.905178 0.321121
2 -0.78782 -0.717322 0.316728
5 -0.789682 -0.681608 0.316201
2 -0.808388 -0.615752 0.315872
3 -0.797181 -0.658339 0.316326
1 -0.75188 -0.89301 0.315292
4 -0.751831 -0.911795 0.314858
1 -0.813694 -0.641418 0.314749
1 -0.75469 -0.805864 0.324049
4 -0.751494 -0.874703 0.326163
2 -0.744453 -0.941833 0.323125
1 -0.769972 -0.753058 0.324222
6 -0.819126 -0.584859 0.31476
2 -0.839274 -0.479328 0.315116
2 -0.839766 -0.47727 0.315436
2 -0.744674 -0.81601 0.319705
5 -0.709199 -0.92181 0.324588
1 -0.743937 -0.765987 0.322597
3 -0.764131 -0.73366 0.321067
2 -0.817246 -0.780294 0.311116
5 -0.799808 -0.800055 0.310155
3 -0.80561 -0.717163 0.313193
4 -0.819381 -0.680496 0.32094
3 -0.824664 -0.61157 0.316183
1 -0.797519 -0.729396 0.322412
7 -0.73504 -0.917936 0.32588
4 -0.733445 -1.02898 0.319436
1 -0.794326 -0.794348 0.317453
2 -0.761441 -0.89526 0.319831
3 -0.704359 -1.11303 0.318603
5 -0.724102 -0.953951 0.317882
4 -0.748665 -0.779971 0.32042
4 -0.698001 -0.913857 0.324622
5 -0.646167 -1.04705 0.329858
7 -0.581866 -1.31222 0.331651
1 -0.669387 -0.960842 0.329511
2 -0.638434 -1.19313 0.333717
3 -0.808602 -0.706172 0.317766
3 -0.785561 -0.685436 0.319901
1 -0.798145 -0.641591 0.319897
4 -0.802325 -0.653307 0.320827
1 -0.802272 -0.749165 0.317741
1 -0.866156 -0.47185 0.308675
2 -0.726764 -0.95651 0.317912
1 -0.7175 -1.0269 0.320213
1 -0.783093 -0.838319 0.314799
5 -0.755051 -0.816044 0.320201
2 -0.714226 -0.998792 0.321955
2 -0.687037 -1.12009 0.325198
2 -0.76186 -0.769862 0.318981
1 -0.786819 -0.714794 0.320958
2 -0.820491 -0.606041 0.319103
1 -0.822029 -0.527198 0.321553
1 -0.766777 -0.791236 0.323536
1 -0.783 -0.709106 0.320104
2 -0.767839 -0.69829 0.328083
1 -0.724262 -0.89764 0.325594
1 -0.767622 -0.702169 0.320449
2 -0.740645 -0.655332 0.322351
1 -0.823572 -0.382962 0.320934
5 -0.834869 -0.401471 0.322872
1 -0.788575 -0.582565 0.324443
2 -0.823468 -0.548696 0.320129
1 -0.825244 -0.536801 0.315022
2 -0.807568 -0.553714 0.314426
4 -0.802974 -0.565664 0.314617
2 -0.718015 -0.955316 0.313731
1 -0.678763 -1.1212 0.314682
1 -0.761326 -0.843597 0.3191
1 -0.792909 -0.755242 0.319488
3 -0.745585 -0.66925 0.335203
2 -0.645758 -1.35425 0.330144
5 -0.655398 -1.27984 0.327757
2 -0.663257 -1.29141 0.327294
1 -0.603756 -1.7117 0.320131
2 -0.74752 -1.30356 0.307865
1 -0.80146 -0.848218 0.305615
1 -0.801908 -0.837911 0.30632
4 -0.804432 -0.538111 0.322912
5 -0.673573 -1.05873 0.325949
3 -0.683218 -1.16583 0.31991
5 -0.701255 -1.10857 0.318601
7 -0.760153 -0.940679 0.31605
6 -0.705528 -1.12575 0.317194
1 -0.726537 -1.05244 0.316938
3 -0.763926 -0.915877 0.313378
1 -0.719182 -1.04496 0.315412
2 -0.67579 -1.10137 0.325285
2 -0.693899 -1.15355 0.320715
5 -0.70596 -1.03055 0.324357
2 -0.765526 -0.792987 0.323938
2 -0.730294 -1.14246 0.316975
1 -0.753391 -1.02188 0.310391
4 -0.684546 -0.950874 0.329186
3 -0.751806 -0.794401 0.320804
1 -0.743202 -1.00245 0.321797
3 -0.743592 -0.950978 0.322544
3 -0.737446 -0.830348 0.324661
2 -0.683293 -1.11249 0.322771
1 -0.696321 -1.08173 0.317266
3 -0.693167 -0.988068 0.328316
1 -0.815344 -0.499183 0.328604
3 -0.822923 -0.62061 0.319966
2 -0.785867 -0.846989 0.307745
2 -0.838985 -0.645172 0.310609
1 -0.791659 -0.832667 0.313451
1 -0.825392 -0.83893 0.30517
1 -0.657297 -1.24024 0.324091
3 -0.862724 -0.401343 0.313609
2 -0.859407 -0.391618 0.314553
1 -0.789627 -0.707602 0.314081
2 -0.669498 -1.18152 0.324551
3 -0.711924 -1.11736 0.318854
2 -0.721965 -1.08122 0.320352
1 -0.721541 -1.09211 0.316565
2 -0.750144 -0.850647 0.319081
1 -0.732427 -1.06072 0.310435
5 -0.70342 -1.06181 0.316765
3 -0.612658 -1.41694 0.32742
1 -0.731152 -1.06689 0.312351
1 -0.794812 -0.864666 0.311571
4 -0.757133 -0.889739 0.320133
2 -0.813888 -0.571942 0.323809
1 -0.716302 -0.806989 0.335944
1 -0.814783 -0.612564 0.320711
2 -0.834773 -0.571675 0.313551
2 -0.766989 -0.853997 0.314049
2 -0.714343 -0.957575 0.326233
1 -0.715129 -0.962366 0.321759
2 -0.789438 -0.756693 0.317104
2 -0.777839 -0.832936 0.317522
2 -0.655989 -1.13562 0.328241
6 -0.657646 -1.11616 0.329903
3 -0.652411 -1.20837 0.32465
5 -0.708361 -0.915961 0.3264
3 -0.785457 -0.670221 0.317971
5 -0.764319 -0.819484 0.314088
3 -0.731359 -0.901176 0.319383
1 -0.73903 -0.87086 0.321425
4 -0.710631 -0.971354 0.322205
8 -0.827346 -0.59363 0.315322
2 -0.756606 -0.691505 0.322149
3 -0.764255 -0.639916 0.322852
2 -0.780304 -0.568683 0.323541
5 -0.724325 -0.982623 0.316253
2 -0.747472 -0.822722 0.323797
4 -0.729971 -0.879486 0.324927
1 -0.685749 -1.10605 0.319923
4 -0.759411 -0.912313 0.315442
2 -0.76905 -0.672649 0.324345
9 -0.782323 -0.567888 0.32611
3 -0.782999 -0.71271 0.319606
3 -0.747225 -0.770434 0.321596
1 -0.796821 -0.591769 0.321096
1 -0.876726 -0.382597 0.312783
2 -0.807027 -0.617586 0.317028
4 -0.756864 -0.948536 0.316737
7 -0.777353 -0.898529 0.31293
2 -0.822985 -0.708304 0.312405
1 -0.788176 -0.807586 0.312188
1 -0.711014 -1.02116 0.317808
1 -0.668313 -1.19535 0.319344
2 -0.710863 -1.06464 0.319386
2 -0.720568 -0.923922 0.327426
1 -0.695747 -1.121 0.324798
1 -0.73515 -1.01195 0.320762
3 -0.777971 -0.76498 0.314673
2 -0.812486 -0.663636 0.31488
2 -0.78212 -0.821332 0.315937
2 -0.764151 -0.783477 0.321726
1 -0.712485 -1.07584 0.319415
1 -0.726366 -1.01136 0.315371
3 -0.72771 -0.997404 0.322549
2 -0.692903 -1.1172 0.32575
5 -0.801786 -0.794651 0.316716
3 -0.797669 -0.771621 0.317462
2 -0.743586 -0.982377 0.318877
2 -0.786883 -0.709738 0.324461
3 -0.665746 -1.19997 0.326115
8 -0.688831 -0.951457 0.328463
2 -0.739528 -0.764724 0.320152
1 -0.700739 -0.790785 0.324389
2 -0.775143 -0.737907 0.309746
3 -0.776529 -0.826995 0.31196
1 -0.776253 -0.837473 0.311854
1 -0.73718 -0.86078 0.319793
3 -0.728587 -0.802004 0.321581
1 -0.750808 -0.696641 0.320753
2 -0.679572 -1.10263 0.3173
1 -0.592901 -1.43231 0.327559
3 -0.594258 -1.46925 0.330133
4 -0.678686 -1.10492 0.324312
2 -0.665302 -1.19817 0.323881
6 -0.744273 -0.942069 0.320285
2 -0.681099 -1.05982 0.324471
2 -0.731475 -0.839602 0.326356
2 -0.814874 -0.56414 0.320765
3 -0.854506 -0.383383 0.316092
7 -0.680869 -1.10548 0.322695
2 -0.857249 -0.527473 0.314924
1 -0.832124 -0.612217 0.317886
1 -0.800374 -0.739812 0.306233
3 -0.756043 -0.849341 0.318313
3 -0.787878 -0.573991 0.320446
2 -0.785507 -0.611279 0.319505
2 -0.688174 -1.12902 0.320396
2 -0.789132 -0.859237 0.315137
2 -0.753211 -0.982561 0.315618
2 -0.741893 -1.03786 0.31917
6 -0.743908 -1.10525 0.31605
5 -0.696596 -1.14299 0.323597
3 -0.625348 -1.25373 0.331932
3 -0.711151 -0.840953 0.324561
4 -0.76127 -0.789256 0.316878
1 -0.698634 -0.971125 0.326013
8 -0.800752 -0.610993 0.323717
3 -0.779826 -0.656046 0.321319
1 -0.781798 -0.738142 0.315921
5 -0.715152 -0.922704 0.321838
2 -0.709687 -1.08238 0.317937
1 -0.681101 -1.23001 0.320081
3 -0.792184 -0.856576 0.308793
1 -0.700785 -1.14064 0.316938
1 -0.651853 -1.27832 0.319352
4 -0.605316 -1.49924 0.327823
2 -0.579461 -1.4732 0.33169
1 -0.77083 -0.649486 0.322241
2 -0.748265 -0.759327 0.319763
1 -0.858295 -0.378554 0.314198
3 -0.838571 -0.612195 0.306515
2 -0.87102 -0.556816 0.309474
1 -0.825282 -0.696912 0.31146
1 -0.786557 -0.704459 0.320883
1 -0.818545 -0.600121 0.315246
4 -0.778889 -0.642048 0.319293
3 -0.687235 -1.0092 0.319058
1 -0.621756 -1.2752 0.324973
2 -0.599945 -1.4819 0.322847
1 -0.711942 -1.15428 0.31843
2 -0.753646 -1.07709 0.31497
5 -0.803075 -0.780097 0.313874
4 -0.831375 -0.704824 0.308113
3 -0.793388 -0.665882 0.310371
2 -0.776958 -0.634801 0.318828
1 -0.714825 -0.963373 0.319626
3 -0.705687 -1.01578 0.319785
4 -0.72165 -0.939807 0.320371
1 -0.680738 -1.19697 0.323272
1 -0.725561 -1.09193 0.319669
1 -0.694413 -1.24289 0.322458
1 -0.672511 -1.29718 0.318951
1 -0.705769 -1.00993 0.320937
3 -0.808129 -0.686755 0.317152
1 -0.734307 -0.965383 0.313054
2 -0.693666 -1.12888 0.314708
1 -0.588506 -1.56109 0.322425
3 -0.615249 -1.48178 0.314232
2 -0.594288 -1.54621 0.32162
1 -0.609855 -1.55824 0.323388
3 -0.745306 -1.03534 0.315514
3 -0.747229 -1.02861 0.315097
1 -0.715831 -1.04434 0.322119
11 -0.673269 -1.06722 0.330233
1 -0.764749 -0.821864 0.324321
3 -0.7063 -1.08652 0.32639
1 -0.737413 -0.956933 0.320281
1 -0.82197 -0.622677 0.319329
4 -0.761254 -0.748659 0.316115
1 -0.785911 -0.768856 0.309818
1 -0.78763 -0.762458 0.310859
3 -0.830961 -0.530318 0.310919
7 -0.81799 -0.551759 0.312402
7 -0.65003 -1.10344 0.330328
5 -0.622342 -1.20309 0.33072
2 -0.628379 -1.28681 0.330948
2 -0.699973 -1.23113 0.323187
1 -0.729791 -0.921425 0.332774
1 -0.744193 -0.864187 0.317946
7 -0.801403 -0.773018 0.317924
1 -0.767934 -0.813362 0.319958
4 -0.69783 -1.02765 0.321743
2 -0.75069 -0.77129 0.320176
2 -0.766908 -0.711919 0.319258
2 -0.781621 -0.752365 0.316206
1 -0.793856 -0.677059 0.313275
4 -0.762488 -1.07288 0.309915
3 -0.739464 -0.883682 0.317167
4 -0.795586 -0.640925 0.318686
4 -0.840133 -0.509625 0.312395
2 -0.760008 -0.692681 0.315637
4 -0.850095 -0.529172 0.309651
2 -0.77557 -0.638751 0.320243
2 -0.678044 -1.05545 0.319285
1 -0.764471 -0.813961 0.318174
4 -0.773588 -0.804619 0.316578
1 -0.770847 -0.828361 0.320193
1 -0.774172 -0.873998 0.316722
2 -0.676317 -1.20157 0.321906
2 -0.767128 -0.777458 0.317251
6 -0.730629 -0.80882 0.321226
2 -0.776493 -0.646577 0.322377
6 -0.687102 -0.971776 0.328416
2 -0.738199 -0.76399 0.327225
3 -0.664713 -1.10297 0.322733
3 -0.648319 -1.25684 0.326264
7 -0.658828 -1.08937 0.334208
1 -0.658084 -1.16585 0.330272
2 -0.710154 -0.931963 0.323886
1 -0.771652 -0.69864 0.320787
3 -0.821725 -0.635375 0.31794
1 -0.827112 -0.60487 0.316643
1 -0.782686 -0.766618 0.319881
6 -0.7567 -0.773231 0.320297
1 -0.787115 -0.689187 0.322556
3 -0.591793 -1.40545 0.32636
5 -0.618377 -1.2109 0.325169
1 -0.753502 -0.686775 0.318683
3 -0.772003 -0.593386 0.323034
1 -0.728934 -0.942838 0.317501
5 -0.699559 -1.04334 0.316656
1 -0.747491 -0.757114 0.320862
1 -0.757207 -0.675497 0.321376
3 -0.684956 -1.07934 0.322152
1 -0.807434 -0.692491 0.31992
2 -0.816636 -0.575796 0.318687
2 -0.807965 -0.431187 0.324968
1 -0.699953 -0.875754 0.331559
1 -0.654389 -1.23769 0.32728
2 -0.656353 -1.22388 0.328523
2 -0.649653 -1.2401 0.328903
8 -0.765749 -0.834974 0.32027
1 -0.787709 -0.750898 0.315726
5 -0.734528 -0.876547 0.323685
1 -0.835957 -0.50174 0.313876
2 -0.753637 -0.840015 0.316106
5 -0.858421 -0.502407 0.313656
5 -0.739553 -0.874635 0.32051
1 -0.721141 -0.992607 0.319587
1 -0.716128 -1.03701 0.313749
2 -0.703682 -0.899233 0.323079
2 -0.758023 -1.01136 0.313254
3 -0.753793 -0.964382 0.315173
1 -0.696716 -1.14609 0.319383
1 -0.701271 -1.15922 0.320545
1 -0.584171 -1.59781 0.330687
1 -0.555167 -1.68828 0.332715
2 -0.639752 -1.32703 0.324755
1 -0.812081 -0.683454 0.318367
1 -0.811969 -0.532215 0.321126
1 -0.837527 -0.457117 0.31868
5 -0.83613 -0.476574 0.318297
1 -0.812044 -0.546821 0.31965
6 -0.818696 -0.541301 0.316471
2 -0.699209 -0.978269 0.319739
1 -0.679139 -1.02129 0.324325
2 -0.824759 -0.533683 0.320414
1 -0.788353 -0.674682 0.322186
2 -0.740515 -0.899938 0.316142
3 -0.786019 -0.763027 0.309451
2 -0.733974 -0.962392 0.314827
2 -0.715181 -1.02813 0.314702
5 -0.655028 -1.25552 0.322998
1 -0.645987 -1.25141 0.321748
2 -0.673461 -1.12696 0.324798
3 -0.647145 -1.1914 0.332871
8 -0.703968 -1.06726 0.322269
2 -0.73839 -0.900509 0.313999
4 -0.739491 -0.96103 0.319512
4 -0.727047 -1.01832 0.320862
2 -0.784235 -0.725212 0.315352
1 -0.823867 -0.590541 0.317738
1 -0.770539 -0.792661 0.321931
9 -0.698204 -1.06654 0.319166
1 -0.719334 -1.05441 0.310836
9 -0.788569 -0.718247 0.308863
2 -0.779619 -0.752484 0.312618
3 -0.833855 -0.562191 0.310308
1 -0.703908 -1.0836 0.321723
1 -0.675133 -1.15896 0.32464
1 -0.697357 -1.09235 0.321897
3 -0.651363 -1.1147 0.332887
1 -0.617689 -1.26536 0.329207
2 -0.657224 -1.16988 0.327939
2 -0.746968 -0.912373 0.319453
2 -0.780626 -0.772705 0.318523
12 -0.795841 -0.655393 0.317037
5 -0.794136 -0.693069 0.316663
1 -0.82616 -0.667897 0.31109
2 -0.767292 -0.955525 0.317975
2 -0.868024 -0.559465 0.309933
1 -0.804822 -0.682922 0.316669
1 -0.80287 -0.694905 0.316805
4 -0.808084 -0.624848 0.316726
1 -0.762327 -0.788998 0.316908
6 -0.815577 -0.525068 0.317403
1 -0.706963 -0.976827 0.317369
3 -0.686313 -1.08119 0.317487
3 -0.684984 -0.908885 0.328068
2 -0.711874 -0.981373 0.313612
2 -0.7254 -0.963139 0.312355
1 -0.787509 -0.890697 0.312526
2 -0.848541 -0.433034 0.314296
1 -0.827366 -0.508898 0.320058
5 -0.755636 -0.76863 0.320317
2 -0.701413 -1.13209 0.312322
2 -0.685618 -1.10045 0.320125
1 -0.65291 -1.25886 0.32571
4 -0.664251 -1.17011 0.326452
4 -0.811212 -0.598571 0.31775
3 -0.840913 -0.48516 0.317635
1 -0.847138 -0.45213 0.315853
3 -0.746518 -0.807391 0.322688
2 -0.752532 -0.799415 0.321016
2 -0.774053 -0.740648 0.31626
5 -0.823017 -0.549573 0.314836
1 -0.828415 -0.567487 0.313312
3 -0.773908 -0.821462 0.314586
1 -0.76812 -0.876059 0.313036
1 -0.804071 -0.719206 0.313183
1 -0.799872 -0.584088 0.313381
2 -0.716109 -0.986236 0.315968
2 -0.81353 -0.712453 0.310084
1 -0.7839 -0.667059 0.314735
2 -0.787594 -0.776076 0.311442
1 -0.783855 -0.753297 0.314122
2 -0.725215 -1.11726 0.313817
1 -0.708326 -1.14096 0.315552
1 -0.76127 -0.870567 0.319457
1 -0.728732 -1.04881 0.318764
2 -0.778488 -0.846513 0.315479
9 -0.746344 -0.880774 0.321725
4 -0.660152 -1.24797 0.328038
4 -0.750527 -0.806625 0.318868
1 -0.778567 -0.74209 0.313694
1 -0.778922 -0.884568 0.313123
4 -0.736482 -1.03829 0.314799
1 -0.73283 -0.965734 0.320524
10 -0.677183 -1.13012 0.323673
1 -0.751839 -0.804233 0.325436
4 -0.717638 -1.10022 0.322607
2 -0.675217 -1.06305 0.327933
4 -0.703171 -0.935325 0.327586
1 -0.686846 -1.02215 0.326449
2 -0.757472 -0.940117 0.31636
1 -0.738918 -0.904195 0.31292
3 -0.779159 -0.656171 0.314669
1 -0.759822 -0.694663 0.313541
1 -0.743084 -0.853113 0.311218
1 -0.738835 -0.975124 0.313865
5 -0.703794 -1.00039 0.320575
2 -0.709768 -0.93497 0.32285
1 -0.75305 -0.74493 0.320897
3 -0.728891 -0.777438 0.329323
1 -0.734251 -0.754866 0.330554
2 -0.694261 -1.02208 0.328166
6 -0.750891 -0.852351 0.321634
1 -0.652565 -1.10735 0.329486
1 -0.7095 -0.904597 0.325817
1 -0.802018 -0.670957 0.318862
1 -0.753983 -0.775758 0.321073
1 -0.836827 -0.500602 0.312133
3 -0.780915 -0.743995 0.317897
1 -0.757788 -0.813767 0.320475
2 -0.763051 -0.83022 0.32032
1 -0.760911 -0.918104 0.318028
9 -0.754362 -0.865604 0.31554
1 -0.758947 -0.836447 0.31415
4 -0.78262 -0.745562 0.312188
1 -0.759669 -0.884248 0.310578
1 -0.798601 -0.638299 0.317311
2 -0.789989 -0.677883 0.318781
3 -0.72609 -0.930938 0.321538
4 -0.725453 -0.919294 0.318955
7 -0.712057 -0.935581 0.321067
3 -0.678913 -1.06264 0.323422
2 -0.666862 -1.20477 0.322718
5 -0.665268 -1.20683 0.322606
3 -0.747348 -0.958413 0.317781
8 -0.748748 -0.954571 0.317652
2 -0.780206 -0.811642 0.316737
3 -0.680272 -1.18732 0.31832
2 -0.698044 -1.05469 0.316927
3 -0.748086 -0.802333 0.313061
3 -0.70388 -0.827623 0.322912
4 -0.683395 -0.940606 0.322619
2 -0.693139 -0.946884 0.320806
3 -0.791698 -0.610898 0.318422
1 -0.733007 -1.02766 0.318376
7 -0.733041 -1.00671 0.319741
5 -0.779553 -0.818716 0.317692
5 -0.793778 -0.771205 0.316693
1 -0.765274 -0.92204 0.316483
3 -0.763671 -0.891213 0.314949
2 -0.74555 -0.985294 0.312423
3 -0.715651 -1.11066 0.316493
1 -0.745187 -0.957257 0.320099
7 -0.71459 -1.04259 0.321269
1 -0.674821 -1.21075 0.324382
2 -0.656682 -1.20064 0.323186
10 -0.732206 -1.10169 0.315176
1 -0.741548 -0.919413 0.311862
3 -0.671067 -1.20602 0.316732
3 -0.691499 -1.25468 0.318118
5 -0.792697 -0.959395 0.30977
1 -0.773559 -0.972332 0.314627
1 -0.849054 -0.642168 0.311105
1 -0.813956 -0.571408 0.31344
1 -0.721019 -0.886963 0.317387
1 -0.726737 -0.860852 0.323189
4 -0.806178 -0.665878 0.313522
2 -0.76911 -0.802274 0.321394
1 -0.807729 -0.708353 0.314474
2 -0.789336 -0.698734 0.313816
4 -0.648712 -1.13846 0.324315
1 -0.639303 -1.25606 0.323432
2 -0.808151 -0.539458 0.324555
2 -0.825065 -0.473151 0.319657
2 -0.765599 -0.827137 0.322526
3 -0.844543 -0.58149 0.312617
2 -0.826182 -0.753874 0.306302
2 -0.749318 -0.978404 0.314425
1 -0.750362 -0.81482 0.32149
2 -0.734985 -0.860867 0.327967
6 -0.737168 -0.912555 0.322863
2 -0.755202 -0.926291 0.319676
4 -0.809369 -0.585197 0.321266
1 -0.763694 -0.917937 0.319872
6 -0.734567 -0.927105 0.328369
1 -0.741465 -0.817889 0.325853
1 -0.610115 -1.37389 0.327412
1 -0.692354 -1.02685 0.324351
1 -0.679277 -1.26473 0.32278
1 -0.799672 -0.708311 0.312545
7 -0.714811 -0.994836 0.316932
5 -0.771323 -0.768198 0.314723
1 -0.76417 -0.866871 0.316787
1 -0.774224 -0.795772 0.318023
2 -0.818776 -0.617115 0.317702
1 -0.789047 -0.716403 0.312839
3 -0.687418 -1.15629 0.318925
1 -0.691077 -1.13889 0.316724
1 -0.829081 -0.467906 0.317825
1 -0.832458 -0.473306 0.316457
1 -0.722061 -1.00298 0.321549
2 -0.675828 -1.10047 0.324901
7 -0.710665 -1.00699 0.323968
2 -0.701433 -1.00144 0.322432
6 -0.666471 -1.0278 0.325792
1 -0.620433 -1.23445 0.330143
7 -0.636128 -1.19248 0.327762
3 -0.770464 -0.614457 0.325583
1 -0.748554 -1.00295 0.318411
1 -0.709899 -1.03292 0.313276
2 -0.830025 -0.544846 0.308951
1 -0.681474 -1.08625 0.321992
4 -0.863719 -0.45047 0.311226
1 -0.715289 -1.01126 0.32479
2 -0.766288 -0.691508 0.326039
3 -0.76699 -0.745111 0.325026
1 -0.693888 -1.05831 0.324961
4 -0.700833 -1.22622 0.323646
5 -0.733422 -1.03654 0.310544
1 -0.664666 -1.23112 0.319888
4 -0.734041 -0.964649 0.323097
3 -0.699711 -1.12299 0.320634
1 -0.725504 -1.08189 0.32297
3 -0.77211 -0.789909 0.320764
3 -0.736158 -0.967459 0.319196
1 -0.75437 -0.795554 0.32113
1 -0.742392 -0.905222 0.317991
1 -0.780436 -0.846982 0.315721
1 -0.706664 -1.14327 0.319466
2 -0.76512 -0.957929 0.316816
11 -0.74383 -1.04983 0.317743
2 -0.771359 -0.827343 0.316487
1 -0.79783 -0.739193 0.319034
8 -0.676206 -1.19597 0.324734
3 -0.783434 -0.75981 0.315964
1 -0.81747 -0.574577 0.320532
2 -0.786646 -0.729555 0.315252
3 -0.789418 -0.616163 0.318286
1 -0.76778 -0.699319 0.319545
1 -0.724689 -0.892877 0.321727
1 -0.712102 -0.980376 0.326022
2 -0.724337 -1.00844 0.321261
1 -0.72611 -0.964915 0.322489
1 -0.788025 -0.68805 0.318789
5 -0.72869 -0.902371 0.3189
11 -0.709726 -0.995161 0.322959
3 -0.72627 -0.92925 0.323196
1 -0.695146 -1.10243 0.321863
2 -0.719109 -0.881896 0.328984
2 -0.719246 -0.823683 0.330262
1 -0.766352 -0.738777 0.315523
1 -0.816384 -0.60127 0.315472
1 -0.811069 -0.704671 0.310835
1 -0.701633 -1.00298 0.321052
3 -0.768792 -0.796337 0.316066
1 -0.653568 -1.20825 0.32918
2 -0.625014 -1.23686 0.323483
1 -0.640693 -1.25664 0.319821
2 -0.699337 -1.10113 0.318203
2 -0.796755 -0.827188 0.312384
7 -0.649136 -1.27209 0.327249
1 -0.725507 -0.964076 0.32354
2 -0.715259 -1.06309 0.32015
3 -0.736294 -0.890282 0.318136
3 -0.765513 -0.68884 0.323689
3 -0.794013 -0.668923 0.322295
5 -0.776259 -0.788027 0.313225
2 -0.808855 -0.718566 0.312514
3 -0.807956 -0.720619 0.31267
2 -0.766941 -0.976424 0.314666
2 -0.711496 -0.946947 0.326234
7 -0.771412 -0.789081 0.322944
9 -0.853954 -0.488173 0.31698
4 -0.824798 -0.553856 0.320474
3 -0.747055 -1.05866 0.31896
2 -0.763298 -0.875 0.31856
5 -0.789615 -0.750911 0.313166
1 -0.813661 -0.661151 0.314318
2 -0.702561 -1.01678 0.318715
3 -0.751142 -0.782312 0.326181
2 -0.675028 -1.14293 0.328209
1 -0.757398 -0.975564 0.319321
16 -0.816765 -0.763691 0.311274
2 -0.860747 -0.408636 0.314707
2 -0.767228 -0.793157 0.320838
4 -0.781929 -0.805124 0.317684
2 -0.748133 -0.85629 0.329139
3 -0.716965 -0.948895 0.326983
2 -0.613194 -1.24111 0.332232
3 -0.791399 -0.563233 0.322951
1 -0.785509 -0.707286 0.314276
2 -0.780315 -0.877369 0.311102
4 -0.688555 -1.14846 0.318832
2 -0.69132 -1.1493 0.318962
4 -0.72836 -0.861769 0.320454
5 -0.688347 -1.01891 0.324836
1 -0.73989 -0.868049 0.313493
1 -0.737882 -0.879728 0.314732
4 -0.724662 -0.883813 0.328327
1 -0.798905 -0.665157 0.320675
2 -0.76999 -0.750541 0.323894
1 -0.769174 -0.737895 0.326015
3 -0.810575 -0.826803 0.314958
1 -0.811998 -0.904619 0.313067
5 -0.736816 -0.971201 0.319805
1 -0.691259 -1.22286 0.318674
2 -0.698552 -1.07357 0.324391
5 -0.799006 -0.698561 0.317961
1 -0.825126 -0.694795 0.315503
1 -0.747444 -0.85359 0.32467
2 -0.810489 -0.654067 0.31854
2 -0.754706 -0.954849 0.314951
1 -0.820059 -0.692908 0.316351
8 -0.780561 -0.719783 0.320775
6 -0.706774 -0.949054 0.32635
2 -0.732255 -0.836312 0.329483
2 -0.818657 -0.732409 0.313958
3 -0.780773 -0.821828 0.310504
2 -0.805257 -0.837306 0.310946
6 -0.832169 -0.76658 0.30965
1 -0.812198 -0.694589 0.317053
1 -0.826588 -0.646831 0.317583
2 -0.743857 -0.967316 0.322158
6 -0.713495 -0.910498 0.325892
4 -0.76762 -0.996262 0.309219
3 -0.869879 -0.485889 0.313609
3 -0.867555 -0.467516 0.314305
1 -0.887159 -0.477993 0.304666
2 -0.808405 -0.730248 0.309869
9 -0.590654 -1.64652 0.320063
6 -0.753413 -1.1975 0.303209
2 -0.764396 -1.01454 0.310896
1 -0.795199 -0.682897 0.314903
2 -0.760361 -0.824315 0.313765
1 -0.746392 -0.87947 0.317312
1 -0.75351 -0.855458 0.315913
1 -0.813258 -0.717094 0.315071
4 -0.776744 -0.729538 0.320466
2 -0.742305 -0.895093 0.322415
2 -0.791448 -0.810175 0.319475
5 -0.787701 -0.903718 0.313842
3 -0.844452 -0.425079 0.311823
2 -0.735073 -0.917627 0.321221
1 -0.814116 -0.584942 0.318385
1 -0.849986 -0.458469 0.317889
2 -0.754552 -0.795196 0.326058
3 -0.742472 -0.893011 0.319531
1 -0.746536 -0.799804 0.322782
4 -0.753473 -0.873959 0.321564
3 -0.745179 -0.866783 0.325963
3 -0.827476 -0.707005 0.310003
4 -0.859049 -0.466135 0.314274
1 -0.846681 -0.531218 0.311582
1 -0.741639 -0.963862 0.315745
2 -0.823037 -0.67651 0.310557
4 -0.697476 -1.01967 0.316577
2 -0.729268 -0.851466 0.321434
3 -0.787909 -0.540503 0.317215
5 -0.768193 -0.637707 0.31969
2 -0.755084 -0.745794 0.317684
2 -0.784335 -0.693415 0.316962
4 -0.838352 -0.62853 0.306483
2 -0.816233 -0.657866 0.318642
4 -0.821069 -0.693153 0.31207
5 -0.791401 -0.757581 0.3146
2 -0.927113 -0.302 0.302966
8 -0.844511 -0.579976 0.308468
2 -0.696635 -1.06944 0.320378
1 -0.701177 -1.18655 0.312833
1 -0.689379 -1.18504 0.315862
3 -0.799768 -0.56974 0.316816
2 -0.772463 -0.708978 0.310711
2 -0.720316 -0.880404 0.317781
2 -0.746244 -0.74344 0.316745
3 -0.833696 -0.46572 0.311959
2 -0.88085 -0.337066 0.314375
2 -0.770717 -0.612916 0.327206
3 -0.726127 -0.919429 0.32781
7 -0.75321 -0.839243 0.324622
2 -0.724209 -1.07968 0.32221
2 -0.699153 -1.14459 0.317218
10 -0.70969 -0.940052 0.323078
6 -0.691012 -1.07008 0.319089
4 -0.77189 -0.794457 0.31171
1 -0.753035 -0.836849 0.319174
5 -0.761096 -0.713904 0.321274
1 -0.815258 -0.63653 0.319753
3 -0.751943 -0.783394 0.327496
1 -0.746613 -0.73906 0.331614
10 -0.798217 -0.645908 0.317043
7 -0.740027 -0.835565 0.320398
3 -0.726463 -0.83518 0.318784
1 -0.70264 -0.95132 0.318262
5 -0.701658 -1.0722 0.319733
3 -0.75634 -0.935832 0.316494
2 -0.776636 -0.859741 0.3169
3 -0.665218 -1.26901 0.324605
7 -0.695177 -1.09797 0.323432
2 -0.717219 -0.845738 0.324802
1 -0.813943 -0.537998 0.317967
8 -0.73058 -0.901506 0.324132
8 -0.740749 -1.0183 0.321648
2 -0.691081 -1.18253 0.322161
1 -0.754878 -0.749332 0.321281
1 -0.819597 -0.580161 0.31984
2 -0.779847 -0.828197 0.314386
3 -0.85774 -0.535104 0.314922
1 -0.764845 -0.866328 0.320097
1 -0.73307 -0.980196 0.315799
1 -0.709282 -1.23029 0.314511
4 -0.733028 -1.00671 0.324212
3 -0.703302 -1.03552 0.323996
1 -0.726324 -0.985906 0.322123
8 -0.745262 -0.936957 0.319966
3 -0.78031 -0.84625 0.316917
3 -0.751667 -0.907643 0.317125
2 -0.757838 -0.864213 0.313993
2 -0.797217 -0.702597 0.313152
2 -0.756505 -0.885397 0.315032
2 -0.782394 -0.722856 0.31724
3 -0.792416 -0.785947 0.31766
4 -0.773904 -0.830238 0.31276
2 -0.778095 -0.782021 0.315673
1 -0.760603 -0.848281 0.314146
1 -0.775239 -0.840689 0.311
1 -0.714168 -0.907107 0.32077
2 -0.670199 -1.02042 0.324717
4 -0.767875 -0.678659 0.322833
6 -0.79996 -0.610212 0.318439
6 -0.726425 -0.880309 0.319693
2 -0.743435 -0.696841 0.320719
1 -0.844601 -0.415365 0.312053
2 -0.734811 -0.753433 0.327551
1 -0.755558 -0.768976 0.326729
1 -0.796072 -0.685663 0.321034
2 -0.678345 -0.900026 0.329035
1 -0.687925 -1.15099 0.322298
5 -0.723542 -0.990013 0.316793
2 -0.747855 -0.771374 0.319715
3 -0.732682 -0.889613 0.320155
1 -0.726605 -0.900377 0.319484
3 -0.762717 -0.794113 0.320175
2 -0.745432 -0.804135 0.322416
4 -0.772713 -0.644706 0.318566
2 -0.794555 -0.668439 0.311119
1 -0.747194 -0.818478 0.32096
1 -0.689469 -1.096 0.321854
7 -0.7824 -0.692604 0.3191
6 -0.818399 -0.541033 0.314916
2 -0.81065 -0.693407 0.309438
2 -0.758703 -0.93232 0.306495
2 -0.781176 -0.670809 0.312232
2 -0.791359 -0.672316 0.312581
7 -0.840464 -0.419111 0.3167
2 -0.756009 -0.735158 0.320851
1 -0.769118 -0.796328 0.31822
1 -0.765094 -0.848321 0.317305
1 -0.70723 -1.15816 0.321057
6 -0.773337 -0.709189 0.325297
2 -0.802989 -0.66209 0.321264
3 -0.802555 -0.681311 0.320705
3 -0.824665 -0.739627 0.3125
1 -0.785703 -0.702983 0.319265
1 -0.72743 -0.931984 0.324298
2 -0.719822 -0.892626 0.328108
3 -0.718932 -0.887404 0.329131
1 -0.784701 -0.62837 0.322084
1 -0.783111 -0.694134 0.317772
3 -0.661813 -1.04297 0.325719
3 -0.763286 -0.77843 0.319018
2 -0.795407 -0.728018 0.315912
1 -0.794988 -0.712119 0.313709
1 -0.847874 -0.522391 0.310564
2 -0.834611 -0.531059 0.316588
2 -0.746681 -0.921649 0.320999
1 -0.714472 -0.930888 0.321296
3 -0.677605 -1.14946 0.322346
2 -0.759618 -0.802154 0.320241
1 -0.734913 -0.86214 0.321188
4 -0.795307 -0.611779 0.319626
2 -0.721668 -1.06816 0.321895
4 -0.814979 -0.73781 0.31663
2 -0.709159 -1.19038 0.316088
1 -0.813532 -0.7932 0.314864
1 -0.900097 -0.296601 0.310677
1 -0.862397 -0.514302 0.30717
1 -0.763457 -0.746048 0.313098
2 -0.774527 -0.776811 0.312214
1 -0.757788 -0.873953 0.31257
2 -0.755429 -0.744131 0.315753
3 -0.728558 -0.687119 0.32043
7 -0.688474 -1.12333 0.322584
15 -0.746923 -0.97491 0.317563
2 -0.784808 -0.759332 0.315199
2 -0.741051 -0.963294 0.320623
2 -0.718372 -0.979796 0.31992
1 -0.758657 -0.908494 0.312324
3 -0.779711 -0.691906 0.319288
5 -0.7878 -0.635047 0.320269
2 -0.733099 -0.759676 0.332485
5 -0.722221 -1.04377 0.320789
1 -0.82288 -0.646529 0.314902
3 -0.837516 -0.590852 0.317424
5 -0.773278 -0.824121 0.314061
3 -0.740726 -0.911668 0.321839
1 -0.780047 -0.711421 0.322556
1 -0.793794 -0.587701 0.32649
4 -0.902489 -0.181425 0.31543
4 -0.848631 -0.372294 0.320852
2 -0.758185 -0.633857 0.32151
2 -0.763199 -0.597687 0.325611
4 -0.721396 -0.974743 0.317255
5 -0.803445 -0.728663 0.310676
2 -0.662065 -1.18696 0.326068
1 -0.616441 -1.55371 0.326535
1 -0.668485 -1.32037 0.321675
1 -0.676058 -1.26855 0.319724
1 -0.696106 -1.05856 0.324211
6 -0.795056 -0.676248 0.319781
9 -0.741382 -0.860957 0.31686
4 -0.788062 -0.734416 0.31557
2 -0.747593 -0.741421 0.325513
3 -0.793258 -0.649613 0.319831
2 -0.69224 -0.957536 0.326582
9 -0.709312 -0.832991 0.327661
6 -0.790969 -0.673981 0.322465
1 -0.696801 -0.945461 0.325754
3 -0.724503 -0.790578 0.325582
2 -0.696137 -0.971406 0.33012
1 -0.844078 -0.481175 0.316246
4 -0.867041 -0.483535 0.313996
2 -0.835496 -0.623414 0.310609
3 -0.768115 -0.72483 0.318216
4 -0.738844 -0.864747 0.31912
2 -0.78643 -0.619533 0.319522
3 -0.779172 -0.691826 0.316116
1 -0.807268 -0.55646 0.322269
1 -0.770748 -0.708321 0.325571
5 -0.783093 -0.629106 0.326148
8 -0.791276 -0.694632 0.323145
5 -0.790461 -0.672711 0.324212
2 -0.83161 -0.671772 0.310135
2 -0.826258 -0.661284 0.312073
6 -0.834108 -0.539582 0.316175
1 -0.780191 -0.731342 0.317611
3 -0.705448 -1.01936 0.319982
1 -0.717858 -1.1072 0.317174
2 -0.778626 -0.777348 0.313447
2 -0.778715 -0.779599 0.314679
5 -0.700612 -1.03342 0.321663
2 -0.676233 -1.14302 0.321469
4 -0.642621 -1.23411 0.326156
1 -0.654651 -1.18198 0.324385
2 -0.820662 -0.711693 0.308872
1 -0.784606 -0.819065 0.311514
1 -0.698305 -1.10448 0.319384
2 -0.766773 -0.863093 0.314331
1 -0.768453 -0.808083 0.316875
2 -0.847044 -0.461361 0.309309
7 -0.755159 -0.85536 0.314967
4 -0.785718 -0.65744 0.310905
1 -0.785315 -0.672424 0.320008
3 -0.76602 -0.660791 0.325955
3 -0.778256 -0.627066 0.326195
9 -0.806949 -0.616099 0.32008
1 -0.738422 -0.807156 0.323637
2 -0.690315 -0.912484 0.325399
4 -0.713347 -0.87355 0.320839
5 -0.729639 -0.798609 0.320269
3 -0.755511 -0.719841 0.316109
1 -0.741817 -0.803447 0.318394
3 -0.763082 -0.710969 0.315947
8 -0.717073 -0.861701 0.320133
1 -0.740277 -0.808653 0.323672
7 -0.750687 -0.772851 0.323021
6 -0.682581 -1.09883 0.324289
1 -0.715773 -0.955351 0.321397
1 -0.852779 -0.409967 0.312103
1 -0.782642 -0.728417 0.314734
8 -0.770954 -0.67186 0.316751
7 -0.746678 -0.753912 0.317551
1 -0.723114 -0.899628 0.317356
2 -0.779171 -0.708894 0.312014
3 -0.79965 -0.607857 0.312857
3 -0.801141 -0.771323 0.315091
2 -0.750913 -0.831225 0.321219
4 -0.772071 -0.854268 0.31644
3 -0.781432 -0.838429 0.312989
2 -0.806712 -0.732038 0.311101
1 -0.804919 -0.696798 0.322534
1 -0.737297 -0.766792 0.322794
2 -0.783379 -0.610247 0.317865
1 -0.744218 -0.880658 0.311359
5 -0.787906 -0.868552 0.307685
1 -0.863952 -0.561976 0.308335
3 -0.82247 -0.580045 0.310657
2 -0.811326 -0.661663 0.309542
2 -0.825408 -0.547582 0.31104
1 -0.7654 -0.786597 0.322026
3 -0.763829 -0.792096 0.322163
9 -0.766514 -0.826489 0.316802
1 -0.780655 -0.869209 0.309848
4 -0.774451 -0.949112 0.315147
3 -0.804647 -0.860162 0.313577
1 -0.774244 -0.834993 0.31489
1 -0.751996 -0.858326 0.320068
1 -0.77934 -0.707271 0.318358
1 -0.821929 -0.595207 0.318487
7 -0.717974 -0.873423 0.325921
3 -0.722586 -0.785465 0.331772
5 -0.743582 -0.90603 0.323172
4 -0.708157 -1.10974 0.321988
1 -0.800082 -0.625538 0.318176
2 -0.775059 -0.809689 0.319386
2 -0.722474 -0.992979 0.318225
1 -0.681133 -1.16714 0.321018
2 -0.711354 -1.06108 0.320354
1 -0.744561 -1.01857 0.31447
6 -0.755308 -0.932918 0.314034
1 -0.737217 -0.970982 0.317427
7 -0.738061 -1.01949 0.31484
1 -0.718968 -0.936899 0.318068
7 -0.67539 -1.08519 0.320447
11 -0.737566 -0.903364 0.315763
1 -0.874636 -0.433208 0.311938
1 -0.871759 -0.390921 0.313194
1 -0.721442 -0.883648 0.327618
2 -0.742102 -0.739684 0.329492
1 -0.755806 -0.658869 0.324972
1 -0.778522 -0.526698 0.321975
3 -0.823673 -0.692907 0.303992
3 -0.900094 -0.338352 0.304087
9 -0.796704 -0.708063 0.31353
1 -0.757333 -0.841788 0.315235
2 -0.770241 -0.753927 0.319997
7 -0.75611 -0.787034 0.322805
3 -0.881513 -0.37128 0.313119
2 -0.783206 -0.763593 0.31537
4 -0.736021 -0.948143 0.318668
1 -0.758199 -0.940581 0.315866
2 -0.720488 -0.962022 0.318779
5 -0.715469 -0.945073 0.322662
1 -0.656566 -1.00431 0.327221
4 -0.696662 -0.854322 0.325943
1 -0.675782 -1.11386 0.313445
9 -0.6654 -1.14943 0.317559
1 -0.670295 -1.15951 0.316491
3 -0.755692 -0.939241 0.308686
1 -0.629308 -1.3594 0.317178
1 -0.688493 -1.22339 0.309821
4 -0.734704 -0.894855 0.314033
1 -0.820715 -0.64365 0.311853
2 -0.812345 -0.678238 0.31021
2 -0.794454 -0.690703 0.312951
5 -0.812473 -0.574993 0.315648
3 -0.870038 -0.453232 0.313878
4 -0.935318 -0.198384 0.308236
1 -0.904487 -0.444913 0.306115
1 -0.862675 -0.640347 0.305831
6 -0.654567 -1.13033 0.322674
3 -0.661432 -1.1864 0.326128
2 -0.675006 -0.966382 0.331392
2 -0.674518 -0.942122 0.333804
1 -0.689799 -1.00556 0.32721
1 -0.811784 -0.577023 0.313275
2 -0.815162 -0.586971 0.312161
3 -0.788701 -0.724749 0.316263
1 -0.741088 -0.895426 0.322036
5 -0.789167 -0.904178 0.312291
1 -0.76522 -0.853705 0.317154
1 -0.763257 -0.809963 0.315135
5 -0.821486 -0.658677 0.31413
2 -0.805556 -0.709655 0.315661
3 -0.770075 -0.704528 0.324519
7 -0.738357 -0.829686 0.319922
4 -0.868139 -0.431131 0.312125
4 -0.866931 -0.429179 0.312869
1 -0.824671 -0.607164 0.315896
2 -0.764925 -0.670265 0.32483
1 -0.724099 -0.854237 0.32308
3 -0.757422 -0.701623 0.318927
2 -0.76925 -0.611456 0.32243
3 -0.780504 -0.64778 0.321264
2 -0.795715 -0.582636 0.32502
2 -0.751274 -0.814251 0.323991
2 -0.675212 -0.984917 0.327912
1 -0.684148 -1.01397 0.325308
2 -0.686047 -1.23014 0.323558
2 -0.659733 -1.26069 0.325884
3 -0.685315 -1.19034 0.322416
2 -0.588675 -1.63507 0.319008
1 -0.600933 -1.30356 0.326663
2 -0.616215 -1.3121 0.327282
2 -0.608288 -1.48655 0.328461
1 -0.617261 -1.38827 0.329426
8 -0.601366 -1.32379 0.329672
2 -0.647968 -1.14227 0.324638
2 -0.714772 -0.8101 0.320984
1 -0.673045 -0.934169 0.329418
1 -0.676473 -0.977405 0.3278
1 -0.682565 -1.11993 0.317912
2 -0.793486 -0.639181 0.31668
3 -0.754246 -0.877822 0.324719
3 -0.70754 -1.0492 0.329094
8 -0.699209 -1.0279 0.332624
4 -0.67096 -1.22861 0.326456
3 -0.712688 -1.03755 0.319135
2 -0.665188 -1.18252 0.324173
1 -0.744842 -0.920219 0.313212
1 -0.78075 -0.68296 0.311705
2 -0.922808 -0.321124 0.301682
4 -0.772741 -0.896489 0.309761
5 -0.884025 -0.393429 0.311946
3 -0.792471 -0.739272 0.31168
7 -0.717998 -0.971601 0.314379
1 -0.727547 -0.798797 0.323285
2 -0.706234 -0.897395 0.320609
4 -0.823543 -0.622152 0.310581
3 -0.744883 -0.9028 0.312435
3 -0.745303 -0.997278 0.312035
2 -0.729466 -1.01896 0.310764
8 -0.744978 -0.998221 0.313138
3 -0.760303 -0.922821 0.312573
1 -0.882702 -0.213455 0.315924
4 -0.803922 -0.520334 0.32017
1 -0.745685 -0.774438 0.322628
1 -0.783261 -0.862614 0.319381
4 -0.816625 -0.696924 0.316967
2 -0.855059 -0.550007 0.314295
3 -0.74879 -0.683996 0.323993
3 -0.769039 -0.614593 0.322196
2 -0.749268 -0.657475 0.32087
5 -0.781451 -0.675631 0.314602
2 -0.844403 -0.673001 0.306055
2 -0.734427 -0.999989 0.314168
7 -0.670221 -1.10298 0.332163
7 -0.695135 -1.08324 0.323673
1 -0.615954 -1.26778 0.328377
1 -0.719358 -0.781017 0.327161
1 -0.7753 -0.612036 0.322793
10 -0.786115 -0.741045 0.317763
2 -0.788785 -0.677641 0.320544
1 -0.801021 -0.618896 0.319901
4 -0.824887 -0.651465 0.311543
1 -0.727824 -0.960144 0.318446
3 -0.706791 -0.976184 0.326604
8 -0.689071 -1.15718 0.326613
2 -0.672554 -1.06335 0.33087
1 -0.792425 -0.720539 0.32064
1 -0.830082 -0.716538 0.313592
1 -0.756215 -0.841289 0.322067
1 -0.84948 -0.512059 0.310411
1 -0.771244 -0.75999 0.315525
2 -0.765697 -0.733558 0.312516
1 -0.698981 -0.96467 0.324226
2 -0.694044 -0.968085 0.324631
1 -0.700352 -0.970147 0.329426
1 -0.700993 -1.01566 0.324055
3 -0.766883 -0.876026 0.321113
1 -0.827521 -0.623474 0.312279
2 -0.776769 -0.741303 0.315405
3 -0.712253 -0.917611 0.321917
1 -0.697855 -0.953308 0.325653
6 -0.733664 -0.750852 0.325735
2 -0.687927 -1.0428 0.321571
1 -0.676256 -1.19702 0.325334
2 -0.74606 -0.964828 0.315026
3 -0.8057 -0.594601 0.319925
1 -0.671442 -0.954395 0.328569
2 -0.64843 -1.00143 0.33103
1 -0.856371 -0.512794 0.310693
2 -0.75728 -0.715959 0.320309
3 -0.743135 -0.76887 0.322344
2 -0.768855 -0.666882 0.326333
2 -0.764472 -0.712608 0.325569
6 -0.717445 -1.10627 0.32174
7 -0.76224 -0.928069 0.313599
2 -0.745361 -0.835201 0.319226
7 -0.752192 -0.765092 0.321779
1 -0.792752 -0.79581 0.312824
1 -0.749646 -0.857983 0.314929
6 -0.727973 -0.88092 0.326162
3 -0.63896 -1.30906 0.325131
1 -0.727524 -0.884678 0.325349
2 -0.802682 -0.645527 0.317184
2 -0.854943 -0.768999 0.306893
1 -0.824084 -0.798071 0.312767
2 -0.771937 -0.860203 0.322621
2 -0.760088 -0.821553 0.320373
4 -0.751237 -0.865302 0.323818
8 -0.749032 -0.855144 0.323641
2 -0.740215 -0.767616 0.323999
1 -0.693329 -1.0062 0.322831
2 -0.854838 -0.447948 0.31857
8 -0.871657 -0.385712 0.317113
3 -0.896004 -0.348942 0.310511
2 -0.815751 -0.784561 0.316194
1 -0.760821 -0.959471 0.320941
1 -0.862755 -0.610574 0.307681
6 -0.916703 -0.263679 0.314112
1 -0.757432 -0.81778 0.326927
1 -0.762741 -0.895481 0.324108
1 -0.738808 -0.911583 0.321111
4 -0.640979 -1.27335 0.330639
5 -0.653088 -1.18681 0.333109
1 -0.767232 -0.730397 0.324621
3 -0.804189 -0.623287 0.317765
1 -0.839823 -0.529106 0.31605
1 -0.84762 -0.490409 0.315744
5 -0.816442 -0.652259 0.315186
1 -0.742016 -0.903224 0.312899
3 -0.753129 -0.819763 0.311957
1 -0.778696 -0.795669 0.314107
1 -0.767965 -0.872214 0.315579
1 -0.805972 -0.670639 0.318439
1 -0.842432 -0.581264 0.308662
11 -0.750566 -0.956707 0.315207
1 -0.808904 -0.741332 0.318
1 -0.740722 -1.01197 0.316324
4 -0.756917 -0.723637 0.32029
1 -0.724165 -0.971395 0.318317
5 -0.811148 -0.686471 0.307689
3 -0.675295 -1.23769 0.316235
1 -0.670017 -1.25728 0.317338
6 -0.728818 -1.09766 0.312282
2 -0.779158 -0.92798 0.311593
4 -0.784125 -0.798431 0.314153
2 -0.788093 -0.714868 0.316438
1 -0.819243 -0.477048 0.318332
2 -0.750768 -0.862744 0.313808
1 -0.842235 -0.670037 0.312687
1 -0.865494 -0.555579 0.313363
5 -0.870947 -0.488971 0.312333
2 -0.814254 -0.659489 0.319623
2 -0.851287 -0.642348 0.312611
1 -0.861423 -0.616871 0.310317
5 -0.859934 -0.564274 0.306168
11 -0.821258 -0.596907 0.310894
2 -0.767083 -0.904113 0.307332
5 -0.674386 -1.10208 0.319367
2 -0.685682 -1.2529 0.318392
2 -0.67777 -1.23251 0.319147
1 -0.610345 -1.20771 0.326655
1 -0.768176 -0.714287 0.315356
3 -0.764584 -0.760173 0.318294
4 -0.709762 -1.2112 0.308788
2 -0.793433 -0.747813 0.316059
2 -0.795542 -0.749303 0.315921
3 -0.69563 -0.94502 0.329887
4 -0.740845 -0.978548 0.317281
2 -0.724348 -0.971115 0.314631
2 -0.716118 -1.01985 0.314417
2 -0.789338 -0.647454 0.314528
1 -0.682321 -1.08099 0.322949
2 -0.690132 -1.17833 0.320493
2 -0.741673 -1.01109 0.313259
1 -0.712077 -1.04236 0.315734
1 -0.693862 -1.12007 0.319917
2 -0.84434 -0.573241 0.308974
3 -0.831261 -0.508746 0.312825
4 -0.752837 -0.924947 0.324179
3 -0.72997 -1.04014 0.325217
2 -0.731528 -0.980635 0.321655
3 -0.693656 -1.02256 0.321862
2 -0.725705 -0.895525 0.325303
4 -0.742156 -0.906564 0.324099
5 -0.711398 -1.07313 0.319565
1 -0.76237 -0.958727 0.312836
4 -0.672222 -1.04571 0.331119
2 -0.625479 -1.1693 0.333619
3 -0.676138 -1.07819 0.326051
2 -0.682706 -1.36281 0.312773
1 -0.756973 -0.980792 0.30911
6 -0.819596 -0.5771 0.311337
1 -0.748441 -0.878928 0.31484
6 -0.837233 -0.523798 0.312832
1 -0.70236 -1.04461 0.323786
3 -0.708064 -1.03943 0.323214
6 -0.760815 -0.778777 0.320172
4 -0.736906 -0.874232 0.318396
2 -0.766526 -0.751493 0.317637
2 -0.755949 -0.813553 0.317843
2 -0.706041 -1.06682 0.318591
2 -0.724179 -0.898449 0.321114
1 -0.716186 -0.864127 0.326018
2 -0.655887 -1.10493 0.329853
4 -0.766613 -0.844625 0.320936
5 -0.819014 -0.677408 0.316499
5 -0.777996 -0.796864 0.319367
1 -0.698559 -0.808422 0.329335
1 -0.623998 -1.18791 0.329178
3 -0.652081 -1.08325 0.331894
4 -0.728324 -0.905649 0.323549
2 -0.785737 -0.595671 0.321862
1 -0.768431 -0.676716 0.323414
1 -0.795394 -0.582391 0.321369
5 -0.778929 -0.669006 0.319442
9 -0.688456 -0.933706 0.328187
1 -0.764508 -0.764984 0.312577
1 -0.801623 -0.48772 0.32121
1 -0.720831 -0.834746 0.324704
1 -0.745047 -0.912891 0.321673
12 -0.749507 -0.910238 0.320054
2 -0.67889 -1.13489 0.32603
3 -0.712356 -1.01495 0.322693
1 -0.738338 -0.96883 0.308166
2 -0.799732 -0.770787 0.306095
4 -0.759132 -0.781188 0.318798
4 -0.806746 -0.741243 0.319512
2 -0.738632 -0.971588 0.320158
4 -0.748871 -0.822786 0.31856
3 -0.72972 -0.858892 0.325359
4 -0.698845 -1.04905 0.323357
4 -0.742971 -0.895851 0.31694
11 -0.755015 -0.846584 0.319486
4 -0.667475 -1.23038 0.320044
2 -0.691858 -1.07978 0.318154
2 -0.806176 -0.548456 0.322855
1 -0.753107 -0.771677 0.329327
3 -0.744278 -0.730431 0.329367
2 -0.652809 -1.08302 0.326959
5 -0.793554 -0.566651 0.316315
4 -0.784985 -0.771566 0.318335
4 -0.819705 -0.613945 0.319353
4 -0.799548 -0.621583 0.320301
2 -0.744893 -0.670246 0.321539
1 -0.660885 -1.09048 0.325446
1 -0.734221 -0.893641 0.315271
4 -0.827974 -0.607645 0.309895
5 -0.765274 -0.785868 0.315134
2 -0.726259 -0.872381 0.32333
5 -0.792192 -0.627347 0.321212
3 -0.751 -0.710308 0.329162
3 -0.798037 -0.587726 0.319396
2 -0.798189 -0.505528 0.325284
3 -0.71664 -0.906777 0.325954
3 -0.689901 -1.01608 0.325633
2 -0.718728 -0.750345 0.332658
1 -0.691785 -1.01762 0.326387
1 -0.677725 -1.10599 0.332122
3 -0.719039 -1.03343 0.315938
1 -0.625469 -1.25266 0.325219
2 -0.597108 -1.30897 0.330295
4 -0.795389 -0.653466 0.322835
1 -0.726313 -0.862495 0.329827
4 -0.747243 -0.77281 0.328179
1 -0.79643 -0.701234 0.317033
1 -0.792344 -0.652728 0.319708
6 -0.774354 -0.668546 0.321779
1 -0.697604 -0.937905 0.323109
3 -0.729827 -0.872732 0.320959
1 -0.727034 -0.90939 0.316604
2 -0.700044 -1.04776 0.320324
7 -0.666234 -1.20375 0.320415
4 -0.680478 -1.33 0.316255
1 -0.706485 -1.1675 0.322463
2 -0.68943 -1.19623 0.322652
4 -0.708553 -0.983126 0.324967
11 -0.707241 -1.03689 0.323806
1 -0.739113 -0.931539 0.318044
3 -0.700384 -1.06259 0.316447
2 -0.711763 -1.03191 0.318946
5 -0.752804 -0.928118 0.317443
4 -0.823408 -0.608492 0.315589
1 -0.858349 -0.555568 0.3118
2 -0.841922 -0.485133 0.321343
6 -0.855886 -0.504599 0.315825
2 -0.88842 -0.432882 0.311433
1 -0.760043 -0.784523 0.31791
1 -0.754534 -0.77917 0.3195
2 -0.806929 -0.625471 0.311246
4 -0.781936 -0.771159 0.315364
6 -0.799515 -0.655701 0.318938
4 -0.853226 -0.595344 0.308299
2 -0.733168 -1.16458 0.317886
1 -0.803609 -0.787242 0.319356
3 -0.806623 -0.773749 0.319081
8 -0.790296 -0.741656 0.32193
1 -0.749283 -0.90913 0.317486
7 -0.746929 -0.888891 0.315985
5 -0.76701 -0.830303 0.314055
3 -0.783889 -0.784684 0.31368
6 -0.807143 -0.706753 0.308017
4 -0.737976 -0.806211 0.317726
8 -0.719775 -0.927418 0.321062
3 -0.731809 -0.974712 0.320395
1 -0.715025 -0.952811 0.322737
1 -0.714083 -1.04338 0.325083
1 -0.706205 -1.05001 0.316223
2 -0.737567 -0.997574 0.316858
2 -0.748486 -0.905143 0.323267
2 -0.782421 -0.764897 0.320527
2 -0.745744 -0.833111 0.32493
1 -0.78868 -0.7284 0.316272
1 -0.761806 -0.878663 0.315731
1 -0.670331 -1.16395 0.329737
4 -0.701378 -1.04999 0.326236
3 -0.694766 -0.970308 0.327196
2 -0.685497 -1.00245 0.327887
1 -0.753097 -0.890115 0.321666
1 -0.796581 -0.757219 0.318476
1 -0.736817 -0.925009 0.320874
2 -0.669927 -1.09909 0.321949
1 -0.673536 -1.05306 0.322682
2 -0.673274 -1.07666 0.326271
1 -0.673625 -1.18099 0.320025
1 -0.719738 -0.910252 0.321302
1 -0.728997 -0.873364 0.320169
8 -0.665188 -1.12523 0.326888
2 -0.622855 -1.46645 0.325572
2 -0.654989 -1.28721 0.323373
3 -0.730995 -0.976246 0.31783
1 -0.763577 -0.75986 0.321348
7 -0.710327 -0.985399 0.322776
6 -0.725375 -0.951739 0.321601
3 -0.731977 -0.902945 0.321574
2 -0.764111 -0.863166 0.317354
2 -0.732748 -1.00794 0.320052
2 -0.743001 -0.964705 0.320337
1 -0.770904 -0.871086 0.318347
3 -0.7601 -0.79216 0.317299
1 -0.805535 -0.726753 0.308655
8 -0.706464 -1.00828 0.315804
4 -0.703609 -1.04696 0.315559
1 -0.6806 -1.22335 0.313711
1 -0.702327 -1.19428 0.313023
2 -0.823229 -0.731287 0.309934
2 -0.814002 -0.743996 0.309927
3 -0.731374 -0.982067 0.32541
1 -0.755106 -0.758348 0.322225
2 -0.788306 -0.698629 0.321637
2 -0.751412 -0.748333 0.322406
5 -0.808756 -0.512656 0.323852
2 -0.756682 -0.981724 0.316839
1 -0.740207 -1.02263 0.313476
2 -0.700719 -1.24933 0.313632
4 -0.705381 -1.20043 0.310805
2 -0.744082 -0.939151 0.318586
3 -0.672128 -1.25327 0.322938
2 -0.681347 -1.1802 0.324817
1 -0.71996 -0.900611 0.323017
1 -0.724648 -0.877677 0.321095
2 -0.809 -0.530042 0.316135
6 -0.829865 -0.559874 0.314064
1 -0.868395 -0.319231 0.315523
2 -0.688371 -1.14432 0.320438
2 -0.753936 -1.09909 0.309715
3 -0.772849 -1.03388 0.305877
1 -0.602629 -1.46919 0.320174
2 -0.631427 -1.20016 0.320798
1 -0.695752 -1.10728 0.315114
1 -0.678091 -1.30416 0.315203
2 -0.864998 -0.629821 0.30232
2 -0.735488 -1.04477 0.315643
3 -0.688266 -0.967211 0.326265
2 -0.724939 -0.85185 0.319983
3 -0.794931 -0.690628 0.316591
3 -0.759867 -0.81157 0.316853
1 -0.710902 -0.997716 0.31695
2 -0.788678 -0.676881 0.318663
8 -0.734007 -1.01787 0.309983
1 -0.678022 -1.27131 0.319747
1 -0.675534 -1.26132 0.323201
6 -0.7269 -1.13067 0.320581
3 -0.707121 -1.05602 0.328272
3 -0.704492 -1.13063 0.32371
1 -0.75929 -1.02382 0.315565
5 -0.740709 -0.950742 0.317608
1 -0.768887 -0.784788 0.320898
6 -0.743932 -0.903307 0.321287
1 -0.80079 -0.676935 0.317841
1 -0.78176 -0.791719 0.306192
6 -0.798845 -0.620179 0.313709
4 -0.800371 -0.591163 0.313346
1 -0.754041 -0.887782 0.315557
5 -0.734593 -0.937703 0.323685
3 -0.800911 -0.631345 0.316442
2 -0.801801 -0.643733 0.317617
2 -0.798177 -0.701105 0.320891
1 -0.725083 -1.08009 0.310089
2 -0.700268 -0.923556 0.32421
3 -0.734682 -0.794307 0.325234
3 -0.797305 -0.67559 0.314578
2 -0.80287 -0.664825 0.314313
2 -0.741827 -0.900611 0.32171
1 -0.666518 -1.3102 0.322865
1 -0.69736 -1.05175 0.327213
1 -0.699166 -1.01082 0.321279
1 -0.681034 -1.13323 0.319227
1 -0.793975 -0.626149 0.322153
2 -0.811036 -0.53956 0.329924
3 -0.740767 -0.879663 0.327711
1 -0.693854 -1.16107 0.318247
3 -0.713187 -1.13693 0.311594
1 -0.632103 -1.49177 0.321288
1 -0.790085 -0.847131 0.31324
2 -0.84174 -0.632437 0.317414
1 -0.812245 -0.798365 0.313757
1 -0.807341 -0.758887 0.31506
1 -0.770807 -0.928435 0.316742
1 -0.780818 -0.673836 0.327066
2 -0.793936 -0.776843 0.315626
1 -0.802446 -0.670526 0.316446
2 -0.826715 -0.606744 0.315544
1 -0.711624 -0.899633 0.321535
3 -0.699691 -0.904391 0.327988
1 -0.693606 -1.15387 0.320084
5 -0.715664 -1.07825 0.318093
1 -0.778286 -0.633345 0.317795
2 -0.667154 -1.24441 0.324749
3 -0.660277 -1.23623 0.325521
1 -0.777682 -0.804772 0.315664
1 -0.778486 -0.770108 0.31834
8 -0.753654 -0.829741 0.321624
2 -0.728662 -0.999984 0.314668
1 -0.702618 -1.14714 0.319259
1 -0.833066 -0.589645 0.317386
3 -0.807633 -0.599012 0.322194
2 -0.64348 -1.10342 0.328439
1 -0.641272 -1.27416 0.324664
1 -0.737044 -0.894704 0.324085
2 -0.825534 -0.765245 0.311712
1 -0.828857 -0.733575 0.312872
1 -0.82748 -0.707824 0.310321
2 -0.829661 -0.554522 0.318518
1 -0.83646 -0.597621 0.315443
2 -0.805375 -0.735222 0.316722
1 -0.790825 -0.753939 0.316857
1 -0.822142 -0.558083 0.313904
1 -0.792468 -0.65414 0.315107
1 -0.730442 -0.858078 0.325403
1 -0.782563 -0.704697 0.323133
1 -0.79589 -0.704031 0.321266
3 -0.779437 -0.679023 0.320095
1 -0.785447 -0.654633 0.320143
4 -0.760167 -0.656313 0.324993
1 -0.726728 -0.91322 0.322668
2 -0.76445 -0.82902 0.313065
2 -0.701567 -0.969702 0.327973
2 -0.722063 -1.0719 0.315506
5 -0.737634 -1.04394 0.314905
1 -0.90098 -0.448273 0.305552
12 -0.885395 -0.466097 0.310169
2 -0.803235 -0.683997 0.318889
1 -0.759004 -0.727624 0.324805
4 -0.773048 -0.68726 0.32338
3 -0.755608 -0.725029 0.325883
2 -0.740533 -0.79637 0.315279
2 -0.716041 -0.908414 0.321788
1 -0.722293 -0.911268 0.319595
8 -0.718844 -0.957829 0.318693
1 -0.771821 -0.628411 0.322902
2 -0.899852 -0.308023 0.317483
1 -0.760235 -0.8123 0.316312
5 -0.691727 -0.887275 0.325405
2 -0.627369 -1.25728 0.325197
1 -0.616587 -1.37247 0.322245
1 -0.593511 -1.43663 0.32606
1 -0.598486 -1.42949 0.327347
3 -0.778408 -0.906055 0.311474
9 -0.653012 -1.30304 0.325613
3 -0.77409 -0.90726 0.320032
4 -0.74817 -0.985529 0.325114
2 -0.786855 -0.910445 0.318155
3 -0.862323 -0.564938 0.312542
4 -0.816493 -0.545961 0.326863
1 -0.879081 -0.383866 0.319966
2 -0.606488 -1.42313 0.332774
2 -0.682305 -1.17324 0.324374
3 -0.760786 -0.87512 0.317947
10 -0.718474 -0.930606 0.322243
1 -0.708001 -0.946106 0.326721
2 -0.737538 -0.771073 0.32108
4 -0.734838 -0.807907 0.325032
1 -0.686696 -1.05389 0.32405
3 -0.698131 -0.938585 0.326086
2 -0.782805 -0.901254 0.311062
3 -0.714555 -1.00788 0.321289
2 -0.704168 -0.95541 0.322589
4 -0.667137 -1.18793 0.318547
4 -0.683091 -1.13883 0.32403
7 -0.678563 -1.07718 0.322086
4 -0.642541 -1.20055 0.327043
5 -0.691319 -1.04452 0.323331
2 -0.78585 -0.735049 0.319409
3 -0.770836 -0.765069 0.319503
1 -0.746762 -0.853878 0.319002
3 -0.634855 -1.321 0.323621
2 -0.690579 -1.11383 0.323984
1 -0.703759 -1.01928 0.328576
1 -0.636284 -1.31172 0.325567
1 -0.637212 -1.33279 0.324902
3 -0.789609 -0.638088 0.317054
11 -0.663552 -1.37018 0.321013
3 -0.630786 -1.39103 0.325358
2 -0.603618 -1.49763 0.326886
1 -0.680623 -1.31399 0.322853
1 -0.799417 -0.693745 0.314662
3 -0.836395 -0.589923 0.308942
1 -0.664679 -1.09682 0.327271
5 -0.640779 -1.12012 0.328754
3 -0.677453 -0.936507 0.33187
5 -0.678289 -1.15152 0.31933
3 -0.796432 -0.76193 0.317739
1 -0.788993 -0.715388 0.32001
2 -0.78534 -0.661069 0.323329
2 -0.791234 -0.614901 0.323203
3 -0.784913 -0.607458 0.324732
1 -0.774321 -0.632461 0.326306
4 -0.78932 -0.77541 0.317623
1 -0.773326 -0.817494 0.316983
6 -0.728649 -0.939363 0.321404
2 -0.854129 -0.582152 0.308429
3 -0.818533 -0.688598 0.30961
1 -0.813086 -0.478896 0.322909
4 -0.817701 -0.409475 0.323286
1 -0.825358 -0.52446 0.322002
1 -0.79599 -0.490184 0.323466
11 -0.77448 -0.599046 0.319325
2 -0.663687 -1.06779 0.326738
4 -0.641138 -1.16473 0.325325
1 -0.711821 -1.14613 0.311936
3 -0.730781 -1.13876 0.311439
3 -0.773229 -0.849403 0.314996
9 -0.833255 -0.490065 0.318004
8 -0.767391 -0.69379 0.321071
1 -0.720786 -0.986162 0.323015
3 -0.77429 -0.74407 0.324955
8 -0.817199 -0.659635 0.310486
5 -0.810555 -0.679422 0.313359
3 -0.717746 -1.02539 0.316604
3 -0.848929 -0.5655 0.313475
3 -0.69602 -1.04612 0.323814
2 -0.777519 -0.789325 0.317895
1 -0.846624 -0.654236 0.314652
5 -0.797165 -0.761698 0.317366
1 -0.817464 -0.716278 0.311689
2 -0.806393 -0.705431 0.314998
3 -0.791017 -0.866682 0.315396
1 -0.681922 -0.918173 0.334728
3 -0.723983 -0.870784 0.325405
1 -0.787831 -0.85332 0.315085
1 -0.795278 -0.838459 0.311669
1 -0.804709 -0.878783 0.308679
3 -0.778106 -0.936465 0.312106
2 -0.715958 -0.974127 0.321144
5 -0.764642 -0.744862 0.313161
1 -0.775181 -0.807265 0.309165
1 -0.763953 -0.691125 0.325602
1 -0.713851 -0.766953 0.33445
2 -0.766993 -0.632707 0.326969
7 -0.727889 -0.807875 0.330353
4 -0.73652 -0.766664 0.330865
1 -0.784648 -0.647727 0.325629
2 -0.783291 -0.726031 0.320475
1 -0.77542 -0.662576 0.319404
1 -0.666512 -1.01915 0.327915
5 -0.667145 -1.01896 0.327952
1 -0.766711 -0.762037 0.318042
4 -0.741526 -0.821131 0.324017
5 -0.712644 -0.918312 0.32529
5 -0.766753 -0.748063 0.320922
1 -0.772821 -0.694121 0.321055
6 -0.788887 -0.738396 0.315991
2 -0.789208 -0.734729 0.320021
1 -0.777481 -0.581318 0.32646
4 -0.671241 -1.17277 0.324647
3 -0.717005 -1.02186 0.321539
3 -0.715852 -1.08494 0.3152
2 -0.663523 -1.25223 0.316063
4 -0.797765 -0.818487 0.305317
2 -0.767631 -1.09052 0.310203
5 -0.714651 -1.27985 0.313421
1 -0.790165 -0.654766 0.31502
1 -0.754816 -0.766592 0.317884
2 -0.643607 -1.1708 0.327467
3 -0.649327 -1.12248 0.331715
9 -0.674406 -0.984933 0.327851
3 -0.698393 -0.884179 0.325174
1 -0.65998 -1.04317 0.326647
1 -0.674076 -1.09946 0.323765
1 -0.700838 -1.10769 0.31694
5 -0.700287 -1.07174 0.315619
6 -0.801719 -0.612527 0.313557
3 -0.859339 -0.52691 0.309017
1 -0.774514 -0.878383 0.31384
3 -0.700805 -1.06175 0.324157
3 -0.802306 -0.71996 0.315099
4 -0.757168 -0.943572 0.314988
6 -0.707887 -1.01493 0.321084
1 -0.729856 -0.78681 0.323351
4 -0.748645 -0.755434 0.313513
2 -0.799183 -0.719867 0.31681
2 -0.764948 -0.839064 0.316163
1 -0.691478 -1.11537 0.320284
1 -0.704948 -1.06622 0.318724
2 -0.658821 -1.14018 0.327452
5 -0.6502 -1.21855 0.323418
2 -0.746331 -0.883214 0.318652
3 -0.820664 -0.732087 0.310187
1 -0.734587 -1.05532 0.319244
1 -0.622943 -1.36502 0.326402
2 -0.687897 -0.990236 0.32523
1 -0.801378 -0.674168 0.314992
1 -0.789107 -0.595286 0.322669
1 -0.843364 -0.330667 0.320258
1 -0.850753 -0.406947 0.309504
1 -0.853059 -0.455038 0.308725
2 -0.824218 -0.645258 0.311244
2 -0.820499 -0.577763 0.312904
1 -0.816825 -0.614019 0.312591
2 -0.823385 -0.665321 0.30874
3 -0.825719 -0.61284 0.31198
1 -0.794057 -0.710052 0.31623
1 -0.871224 -0.392102 0.317152
2 -0.8586 -0.448565 0.31751
1 -0.802627 -0.666655 0.308199
1 -0.784039 -0.807012 0.316843
1 -0.790163 -0.741359 0.311143
2 -0.806875 -0.718205 0.30871
1 -0.728561 -0.902734 0.315192
1 -0.752035 -0.846397 0.312107
2 -0.743709 -0.786881 0.32202
5 -0.74919 -0.81339 0.320644
2 -0.704092 -1.06844 0.327327
2 -0.765801 -0.954804 0.316984
7 -0.70722 -1.05615 0.319991
2 -0.659604 -1.18848 0.323096
1 -0.742082 -0.725929 0.325033
2 -0.7153 -0.901728 0.32401
1 -0.726616 -0.953032 0.327162
1 -0.763003 -0.688888 0.32452
3 -0.764129 -0.680517 0.326492
6 -0.789772 -0.641583 0.322981
2 -0.84127 -0.452168 0.320055
1 -0.912078 -0.215707 0.312639
1 -0.909059 -0.223058 0.313103
1 -0.800314 -0.638394 0.320932
1 -0.855512 -0.665346 0.30685
1 -0.871762 -0.57265 0.306575
3 -0.763527 -1.07693 0.313636
2 -0.791152 -0.753098 0.318929
2 -0.767337 -0.84322 0.319755
2 -0.771785 -0.823138 0.320839
2 -0.743873 -0.869239 0.318735
1 -0.711179 -1.02593 0.323575
4 -0.732632 -0.933668 0.319975
4 -0.816963 -0.617945 0.318782
3 -0.785284 -0.709174 0.315469
2 -0.729174 -0.80296 0.32235
1 -0.717756 -0.899848 0.319822
1 -0.793781 -0.638981 0.320208
4 -0.818537 -0.617403 0.318704
2 -0.806251 -0.730943 0.316972
10 -0.807968 -0.67596 0.317223
4 -0.780022 -0.761928 0.317074
1 -0.710276 -0.871609 0.325612
3 -0.65197 -1.14709 0.323495
1 -0.753421 -0.844939 0.319601
1 -0.815691 -0.664689 0.312007
1 -0.801753 -0.658983 0.311529
4 -0.795897 -0.575211 0.315608
4 -0.787101 -0.747325 0.31278
2 -0.665669 -1.29262 0.320623
6 -0.648479 -1.25341 0.324302
1 -0.714526 -1.14563 0.318564
2 -0.737266 -1.12446 0.316492
1 -0.828908 -0.846584 0.311863
6 -0.734882 -0.73992 0.32736
2 -0.773536 -0.973501 0.32087
3 -0.770927 -0.918755 0.317351
2 -0.724533 -1.02262 0.324019
1 -0.739233 -0.824573 0.326994
1 -0.799015 -0.667028 0.313213
3 -0.748766 -0.728269 0.321681
1 -0.814958 -0.702014 0.311904
4 -0.803642 -0.808315 0.314101
7 -0.773391 -0.899025 0.313783
1 -0.751579 -0.960135 0.316904
2 -0.797907 -0.821023 0.314054
2 -0.812016 -0.795049 0.311357
1 -0.873121 -0.59681 0.308821
1 -0.796467 -0.915516 0.307601
3 -0.773617 -0.964432 0.310233
3 -0.701112 -1.12098 0.323495
1 -0.71256 -1.1665 0.319443
2 -0.759435 -1.02659 0.3137
1 -0.690948 -1.11898 0.320869
4 -0.695452 -1.09962 0.320603
1 -0.720943 -0.922993 0.316263
5 -0.742673 -0.924208 0.322555
2 -0.77898 -0.827597 0.322817
1 -0.769134 -0.819162 0.325062
4 -0.816105 -0.674257 0.318565
2 -0.72061 -0.82931 0.324764
4 -0.71708 -0.858226 0.324842
1 -0.718675 -0.847583 0.321184
4 -0.708873 -0.936829 0.320785
1 -0.742918 -0.807032 0.320741
1 -0.769835 -0.706458 0.323564
1 -0.758372 -0.798172 0.321291
2 -0.82576 -0.584987 0.317422
3 -0.764286 -0.959187 0.319085
1 -0.717141 -1.15017 0.320491
1 -0.703227 -1.21334 0.319018
3 -0.76709 -0.987106 0.31509
1 -0.795793 -0.915975 0.307418
2 -0.667606 -1.32387 0.315683
1 -0.680209 -1.24999 0.314562
1 -0.694448 -1.10436 0.323241
3 -0.670508 -1.0914 0.329547
4 -0.723615 -0.884079 0.330439
1 -0.726968 -0.859958 0.325744
1 -0.704578 -0.932032 0.327992
2 -0.811261 -0.615372 0.316528
1 -0.773248 -0.812762 0.316758
2 -0.74856 -0.934533 0.324726
7 -0.747058 -0.884249 0.321457
2 -0.687749 -1.05524 0.329226
1 -0.637074 -1.4354 0.321919
2 -0.767164 -0.697207 0.319796
2 -0.666404 -1.16434 0.324452
4 -0.635003 -1.3509 0.321508
8 -0.677519 -1.215 0.316037
1 -0.684674 -1.18315 0.315427
5 -0.656854 -1.18772 0.320989
8 -0.634562 -1.40617 0.314289
7 -0.645221 -1.42028 0.319051
5 -0.670609 -1.1662 0.317502
5 -0.780116 -0.939395 0.31413
3 -0.812089 -0.696853 0.310038
5 -0.718891 -0.993324 0.322417
4 -0.726234 -1.0229 0.319472
2 -0.773676 -0.813066 0.315861
5 -0.766234 -0.849629 0.314532
1 -0.775563 -0.819253 0.31374
1 -0.742256 -0.854247 0.320229
1 -0.756829 -0.858197 0.317796
2 -0.765661 -0.865651 0.317998
1 -0.721496 -0.885609 0.325681
3 -0.791547 -0.803534 0.318379
1 -0.822873 -0.736876 0.316837
2 -0.770544 -1.0217 0.313136
3 -0.786157 -0.858771 0.316188
11 -0.696284 -0.959977 0.321998
6 -0.692191 -0.854861 0.32337
2 -0.703598 -0.805685 0.324331
1 -0.679467 -1.1262 0.321103
2 -0.687842 -1.10585 0.318589
2 -0.774488 -0.779699 0.315845
1 -0.74223 -0.947449 0.319305
2 -0.7774 -0.843535 0.308004
1 -0.74383 -0.837823 0.316027
1 -0.663409 -1.0963 0.325653
2 -0.737657 -1.1135 0.314503
2 -0.847382 -0.362117 0.323562
1 -0.851586 -0.585387 0.317399
8 -0.71359 -1.03977 0.32241
3 -0.701882 -0.9957 0.322224
3 -0.707293 -0.964352 0.318015
5 -0.768034 -0.883387 0.313627
10 -0.767519 -0.814458 0.314293
3 -0.70585 -1.05107 0.318877
5 -0.775333 -0.876003 0.315025
2 -0.783986 -0.833251 0.314504
2 -0.929526 -0.186547 0.309143
2 -0.921923 -0.242104 0.307249
3 -0.79597 -0.692732 0.319701
4 -0.783723 -0.765136 0.317307
4 -0.763135 -0.87085 0.320084
1 -0.714629 -1.03862 0.324163
2 -0.712029 -1.02958 0.324844
3 -0.708616 -0.999633 0.324205
4 -0.672603 -1.19576 0.322352
1 -0.769489 -0.70135 0.325732
1 -0.814069 -0.501922 0.320745
2 -0.852151 -0.617515 0.304127
2 -0.741617 -1.05128 0.318593
1 -0.702904 -1.15524 0.324257
2 -0.684395 -1.14125 0.324782
4 -0.71346 -1.11887 0.324217
3 -0.766815 -0.901419 0.318493
1 -0.796515 -0.985235 0.312528
2 -0.746867 -0.996755 0.317867
4 -0.731944 -1.03294 0.316106
10 -0.706472 -1.04182 0.319196
2 -0.730932 -0.951783 0.320028
7 -0.764557 -0.803585 0.318646
2 -0.743638 -0.890533 0.31822
2 -0.804005 -0.614576 0.319486
5 -0.720548 -1.00631 0.322524
5 -0.697073 -1.00803 0.330137
7 -0.741393 -0.91855 0.316838
2 -0.689818 -1.10678 0.318336
3 -0.699096 -1.12338 0.317633
1 -0.809912 -0.714306 0.309204
9 -0.837006 -0.693823 0.31446
1 -0.79533 -0.87258 0.315649
1 -0.795704 -0.787399 0.319133
3 -0.728191 -0.945793 0.323873
1 -0.729453 -0.910929 0.325524
2 -0.712708 -0.876918 0.320819
2 -0.716359 -0.942052 0.315771
1 -0.723866 -1.04775 0.314199
1 -0.757824 -0.842557 0.316115
1 -0.798343 -0.69738 0.320051
2 -0.793414 -0.758072 0.318586
1 -0.650888 -1.19588 0.324082
3 -0.898291 -0.446831 0.308759
3 -0.90599 -0.404797 0.30866
5 -0.814202 -0.747757 0.312802
1 -0.795747 -0.843321 0.314343
1 -0.757607 -0.814705 0.319997
3 -0.765788 -0.838058 0.319177
5 -0.827817 -0.634568 0.314612
2 -0.825565 -0.501289 0.319249
8 -0.762965 -0.712148 0.321896
5 -0.774093 -0.564534 0.320414
3 -0.744204 -0.908446 0.314963
2 -0.75603 -0.812013 0.312266
1 -0.806408 -0.600005 0.318586
2 -0.760478 -0.805486 0.321096
1 -0.794378 -0.682613 0.322384
1 -0.607971 -1.28055 0.335266
3 -0.605886 -1.28245 0.336192
2 -0.620745 -1.39494 0.329709
2 -0.661339 -1.15323 0.325999
1 -0.801337 -0.620245 0.315931
2 -0.808937 -0.658334 0.312333
2 -0.712276 -1.05971 0.319332
2 -0.766241 -0.967785 0.313841
1 -0.768566 -0.932909 0.313437
2 -0.714317 -1.1488 0.31295
1 -0.70709 -1.06012 0.323412
4 -0.691366 -1.15115 0.328611
1 -0.697499 -1.18288 0.319792
2 -0.700699 -1.10531 0.326047
1 -0.690937 -1.18999 0.322481
3 -0.690112 -1.07473 0.327268
1 -0.786834 -0.741415 0.322128
1 -0.716821 -0.988785 0.322628
3 -0.719708 -1.09596 0.315398
4 -0.739569 -1.09478 0.308503
1 -0.760586 -0.966515 0.317056
4 -0.774112 -0.884272 0.3121
2 -0.875833 -0.545716 0.305252
1 -0.926279 -0.377102 0.30419
1 -0.861765 -0.4657 0.312166
5 -0.834497 -0.530227 0.313236
1 -0.821286 -0.612774 0.313467
1 -0.735757 -0.996747 0.317919
1 -0.748577 -0.850243 0.318969
2 -0.81471 -0.584823 0.314805
5 -0.818717 -0.531806 0.317798
4 -0.752614 -0.703745 0.319316
2 -0.758887 -0.770568 0.316384
3 -0.7421 -1.047 0.310249
3 -0.713067 -1.10405 0.31709
3 -0.67994 -1.35531 0.316724
1 -0.742343 -1.11428 0.313156
1 -0.740078 -0.923413 0.31622
3 -0.732319 -0.965286 0.319975
2 -0.778818 -0.760923 0.316944
4 -0.736838 -0.913841 0.318872
2 -0.770505 -0.892246 0.314263
3 -0.772441 -0.739404 0.320908
1 -0.761684 -0.748205 0.317482
6 -0.715211 -0.993898 0.315606
11 -0.741738 -0.918558 0.312902
1 -0.723107 -0.905778 0.325578
1 -0.709662 -0.997631 0.321156
1 -0.769511 -0.78176 0.322949
3 -0.804215 -0.70866 0.315633
2 -0.715014 -1.04768 0.322317
6 -0.739897 -1.00211 0.319093
2 -0.707516 -1.13154 0.321645
7 -0.660643 -1.29587 0.319866
6 -0.687304 -1.13203 0.327318
3 -0.689757 -1.0184 0.3243
3 -0.727425 -0.932791 0.318913
7 -0.720823 -0.969861 0.32033
1 -0.722546 -0.962384 0.320207
5 -0.690475 -1.16459 0.321694
1 -0.765136 -0.918656 0.31445
4 -0.777348 -0.882002 0.312439
2 -0.823747 -0.648572 0.317718
3 -0.807168 -0.49875 0.322494
3 -0.837255 -0.496644 0.314704
1 -0.826005 -0.639727 0.312663
1 -0.683055 -1.15444 0.320429
2 -0.6869 -1.18855 0.318942
8 -0.694643 -1.12651 0.31817
4 -0.707449 -1.00909 0.317569
1 -0.692158 -1.08667 0.317264
4 -0.630901 -1.34749 0.325187
3 -0.734399 -0.90102 0.314819
2 -0.691155 -1.05462 0.316506
2 -0.761557 -0.813218 0.310989
2 -0.789895 -0.617541 0.311091
3 -0.693712 -1.10023 0.322999
17 -0.714488 -1.0625 0.322346
1 -0.737875 -0.84396 0.319663
1 -0.819325 -0.711586 0.312386
6 -0.859876 -0.614903 0.314439
4 -0.732924 -1.00556 0.326377
2 -0.787072 -0.782161 0.322397
2 -0.765323 -0.784726 0.327603
9 -0.704788 -0.984136 0.328808
2 -0.721032 -0.871451 0.327394
1 -0.69865 -0.93033 0.333915
8 -0.78333 -0.605183 0.32769
2 -0.696098 -1.05645 0.324229
1 -0.632714 -1.26054 0.326076
3 -0.864261 -0.545851 0.312389
4 -0.932558 -0.231 0.309844
1 -0.934158 -0.358911 0.307064
2 -0.771779 -0.786479 0.320334
2 -0.65717 -1.20464 0.316897
5 -0.790487 -0.636931 0.316428
4 -0.702808 -1.06785 0.325847
3 -0.800132 -0.639495 0.325713
1 -0.771021 -0.828682 0.324288
1 -0.808281 -0.702168 0.319126
1 -0.814979 -0.707069 0.313877
4 -0.808125 -0.731486 0.314518
3 -0.759904 -0.670303 0.319134
1 -0.861122 -0.257797 0.312275
5 -0.816467 -0.539283 0.312731
1 -0.79689 -0.691017 0.32206
1 -0.799049 -0.576843 0.325173
2 -0.827121 -0.605761 0.315734
1 -0.756816 -0.851224 0.319687
3 -0.745482 -0.94643 0.315061
1 -0.755512 -0.865077 0.320267
5 -0.73508 -1.10338 0.315787
3 -0.736458 -1.09209 0.31219
3 -0.749313 -0.784665 0.31727
6 -0.772237 -0.760553 0.313267
1 -0.781994 -0.808847 0.310316
3 -0.801195 -0.723606 0.310793
1 -0.796372 -0.768222 0.314134
3 -0.748021 -0.881942 0.323078
1 -0.770193 -0.756663 0.317634
2 -0.791433 -0.751606 0.31593
3 -0.799813 -0.682911 0.313333
2 -0.713648 -1.11529 0.316435
3 -0.758877 -0.700162 0.320072
6 -0.722656 -0.869813 0.319809
1 -0.734426 -0.790207 0.32383
1 -0.681556 -1.07474 0.328329
7 -0.69623 -0.857008 0.330334
1 -0.596216 -1.29438 0.329961
1 -0.622041 -1.2419 0.321899
1 -0.596208 -1.43632 0.323115
3 -0.715727 -0.91426 0.317597
2 -0.691026 -1.20737 0.326213
1 -0.675134 -1.38395 0.319328
2 -0.693993 -1.25301 0.315215
6 -0.689083 -1.21762 0.313941
5 -0.730615 -0.956256 0.324798
2 -0.725847 -0.871957 0.324905
2 -0.765608 -0.829474 0.322373
1 -0.717592 -0.951956 0.324784
2 -0.672331 -1.07627 0.328865
2 -0.760617 -0.720577 0.330203
1 -0.758008 -0.744766 0.326511
2 -0.742567 -0.796231 0.328062
4 -0.713989 -0.87772 0.326498
2 -0.710119 -1.06848 0.320837
5 -0.746934 -0.823278 0.320548
1 -0.776181 -0.797867 0.312104
12 -0.740343 -1.09239 0.31121
4 -0.746181 -1.07806 0.308959
1 -0.75294 -0.884873 0.314773
5 -0.692148 -1.05937 0.318696
7 -0.66295 -1.32353 0.321132
2 -0.689879 -1.28445 0.326413
5 -0.695036 -1.15571 0.326176
2 -0.636915 -1.30166 0.323047
3 -0.619734 -1.30302 0.331051
1 -0.632965 -1.26183 0.324999
2 -0.643835 -1.18549 0.325869
1 -0.693415 -1.05646 0.314715
2 -0.620718 -1.18362 0.324297
1 -0.75414 -0.94605 0.314511
2 -0.738533 -0.923371 0.318278
5 -0.698603 -0.846516 0.326632
4 -0.611746 -1.23854 0.327731
2 -0.698069 -1.09309 0.32124
1 -0.747467 -0.922351 0.317753
1 -0.780781 -0.752376 0.315855
3 -0.766607 -0.896428 0.321891
4 -0.774415 -0.874842 0.320823
4 -0.81227 -0.796793 0.316681
1 -0.868711 -0.540096 0.308584
1 -0.771115 -0.939144 0.308566
1 -0.736453 -0.938357 0.315545
1 -0.752698 -0.872017 0.317741
3 -0.640245 -1.21995 0.322473
2 -0.848802 -0.488178 0.31287
7 -0.787735 -0.682772 0.314115
1 -0.769339 -0.777358 0.314883
1 -0.746906 -0.770133 0.317975
3 -0.782213 -0.666545 0.314456
1 -0.73469 -0.89541 0.316176
5 -0.74525 -0.811183 0.320798
4 -0.739353 -0.81752 0.32105
1 -0.708313 -0.897306 0.323636
3 -0.836424 -0.627286 0.312332
1 -0.814414 -0.730207 0.309814
1 -0.845764 -0.567991 0.316952
4 -0.812053 -0.688554 0.311904
7 -0.744838 -0.789811 0.319149
2 -0.780492 -0.550442 0.317194
2 -0.750825 -0.785929 0.314673
1 -0.809011 -0.662395 0.312551
1 -0.790784 -0.769904 0.315411
1 -0.813742 -0.665163 0.313318
1 -0.650909 -1.22875 0.328059
1 -0.691127 -1.03515 0.32996
1 -0.747026 -0.953428 0.32043
3 -0.69332 -1.16867 0.318576
2 -0.836973 -0.53132 0.326621
1 -0.671746 -1.18174 0.330567
12 -0.846778 -0.350034 0.32441
1 -0.707119 -0.790176 0.333175
2 -0.65977 -0.972361 0.329407
5 -0.733721 -0.642769 0.331702
1 -0.685093 -0.843356 0.334922
2 -0.637277 -1.08519 0.325819
1 -0.742581 -0.931503 0.314657
1 -0.791736 -0.639691 0.320682
3 -0.837505 -0.618016 0.318434
2 -0.865579 -0.498975 0.317998
1 -0.805697 -0.592221 0.319713
1 -0.76872 -0.775461 0.314843
6 -0.801411 -0.505398 0.320332
1 -0.744349 -0.862972 0.316557
5 -0.735203 -0.939515 0.316544
1 -0.716855 -1.01289 0.315985
2 -0.713129 -1.16902 0.313129
1 -0.665679 -1.34764 0.315081
2 -0.667455 -1.273 0.320197
2 -0.802733 -0.602278 0.317113
2 -0.804502 -0.695582 0.311041
5 -0.821597 -0.629554 0.31627
1 -0.815123 -0.690651 0.318428
4 -0.787806 -0.868666 0.321578
1 -0.756573 -0.884208 0.327255
2 -0.707718 -0.971428 0.330715
6 -0.764862 -0.750644 0.325546
1 -0.667003 -1.0048 0.332816
5 -0.664084 -0.981602 0.333799
1 -0.826741 -0.569192 0.314744
1 -0.857356 -0.585447 0.307477
2 -0.762885 -0.705742 0.32061
1 -0.850261 -0.475852 0.312979
1 -0.854727 -0.502377 0.310734
5 -0.853277 -0.396011 0.314132
3 -0.791307 -0.615102 0.323237
1 -0.806667 -0.49327 0.32521
1 -0.766438 -0.635041 0.327963
2 -0.739347 -0.709392 0.327796
6 -0.808883 -0.671694 0.317536
1 -0.78757 -0.769871 0.317393
3 -0.720669 -0.869783 0.327071
13 -0.70417 -0.975841 0.324776
15 -0.757339 -0.796627 0.321678
1 -0.756295 -0.850995 0.32217
2 -0.754758 -0.856778 0.321463
1 -0.762554 -0.869409 0.319549
3 -0.762862 -0.944542 0.313303
9 -0.780894 -0.698423 0.314068
3 -0.819981 -0.673909 0.311977
5 -0.732078 -1.06234 0.314505
4 -0.705796 -1.12692 0.317237
1 -0.693182 -1.16228 0.321428
1 -0.752565 -0.945724 0.326381
3 -0.626748 -1.30446 0.335342
1 -0.633108 -1.29549 0.333424
3 -0.73318 -0.914305 0.322142
2 -0.72729 -0.867541 0.324194
1 -0.685496 -0.985008 0.318903
2 -0.680547 -1.08599 0.316263
2 -0.596082 -1.70647 0.317282
2 -0.696192 -1.16548 0.314793
4 -0.772246 -0.786365 0.313142
1 -0.764757 -0.826963 0.311297
2 -0.691053 -1.0106 0.323475
1 -0.768052 -0.727039 0.316005
5 -0.815309 -0.659598 0.313082
1 -0.735366 -0.940989 0.320856
4 -0.700623 -0.984673 0.325443
5 -0.727383 -0.921048 0.319531
7 -0.656067 -1.24625 0.31936
12 -0.614568 -1.3984 0.323054
2 -0.719392 -0.872514 0.318682
3 -0.778167 -0.651973 0.309229
1 -0.808592 -0.646001 0.30655
1 -0.785752 -0.780208 0.305883
2 -0.86498 -0.59846 0.30475
1 -0.879572 -0.376778 0.309335
1 -0.890964 -0.361044 0.31245
3 -0.877116 -0.396516 0.313478
2 -0.78885 -0.714836 0.320114
3 -0.80816 -0.609729 0.315342
1 -0.885414 -0.478564 0.308925
3 -0.844323 -0.75923 0.30586
1 -0.859794 -0.739432 0.302695
4 -0.836146 -0.807117 0.30089
1 -0.787958 -0.898782 0.310905
9 -0.762286 -1.0053 0.312291
3 -0.80456 -0.798922 0.316588
2 -0.786722 -0.696435 0.321149
1 -0.68867 -1.00899 0.327633
4 -0.675081 -0.997719 0.331746
4 -0.710439 -0.895926 0.330361
6 -0.657983 -1.00338 0.33622
4 -0.64724 -1.18407 0.33282
6 -0.647267 -1.17458 0.331762
4 -0.749766 -0.786181 0.324995
4 -0.743781 -0.943059 0.325775
1 -0.684744 -1.0461 0.33109
1 -0.681564 -1.03164 0.328116
4 -0.789704 -0.661475 0.319305
7 -0.881018 -0.47758 0.305975
3 -0.85981 -0.637575 0.305925
3 -0.769952 -0.834298 0.317596
2 -0.768541 -0.80277 0.317867
4 -0.800271 -0.716896 0.312481
3 -0.842147 -0.463646 0.3187
3 -0.805739 -0.592609 0.32148
2 -0.790247 -0.592009 0.324045
1 -0.777451 -0.748366 0.313287
2 -0.708123 -0.981505 0.318674
1 -0.646161 -1.32005 0.32573
4 -0.655554 -1.28978 0.324207
1 -0.677955 -1.11834 0.323015
1 -0.589036 -1.35121 0.328032
1 -0.582806 -1.43326 0.32581
1 -0.841471 -0.625391 0.313096
3 -0.734886 -0.957158 0.318778
3 -0.776918 -0.736098 0.322059
3 -0.817962 -0.670753 0.31306
4 -0.829902 -0.735013 0.312129
3 -0.798609 -0.665972 0.321183
2 -0.786808 -0.700017 0.318776
1 -0.734759 -0.844451 0.325806
1 -0.783062 -0.614425 0.316619
2 -0.730993 -0.91527 0.317973
2 -0.777034 -0.856752 0.315244
4 -0.777968 -0.881434 0.321166
1 -0.81908 -0.696506 0.318284
1 -0.801142 -0.819112 0.314284
4 -0.779037 -0.85629 0.319631
2 -0.73895 -1.02417 0.32114
1 -0.676632 -1.18539 0.322899
1 -0.688133 -1.06566 0.321779
3 -0.715203 -1.0494 0.316845
1 -0.693995 -1.18519 0.320325
1 -0.758555 -0.838258 0.319747
5 -0.774505 -0.693191 0.323237
1 -0.793174 -0.84627 0.313605
1 -0.770042 -0.866126 0.318044
2 -0.748138 -0.943432 0.319168
1 -0.764293 -0.846166 0.325507
4 -0.792829 -0.735852 0.320955
4 -0.760648 -0.780671 0.325129
1 -0.782551 -0.674295 0.323654
6 -0.87093 -0.511426 0.309694
1 -0.813845 -0.705075 0.308979
2 -0.827665 -0.626598 0.310895
2 -0.793895 -0.711154 0.315336
6 -0.780935 -0.697483 0.324459
5 -0.737541 -0.868232 0.32308
1 -0.891345 -0.202907 0.319641
2 -0.834448 -0.448987 0.31765
1 -0.854928 -0.355831 0.321382
7 -0.899981 -0.261358 0.315633
1 -0.843782 -0.503905 0.311137
1 -0.84673 -0.646011 0.308306
4 -0.770001 -0.769104 0.31641
10 -0.731092 -0.990822 0.318298
1 -0.799482 -0.687096 0.315895
1 -0.758776 -0.939626 0.317822
3 -0.778853 -0.764112 0.321443
3 -0.778387 -0.93022 0.317052
11 -0.793093 -0.757692 0.317324
2 -0.807609 -0.887844 0.310714
3 -0.727116 -1.12894 0.321861
2 -0.753833 -1.03873 0.316584
2 -0.775622 -0.907101 0.32087
1 -0.803996 -0.813894 0.310256
6 -0.719259 -0.990212 0.316054
1 -0.692479 -0.998231 0.321729
1 -0.666763 -1.06092 0.322016
1 -0.784596 -0.703911 0.316786
2 -0.796835 -0.612555 0.31615
3 -0.75235 -0.76566 0.322069
1 -0.783271 -0.655447 0.319208
5 -0.826611 -0.608443 0.314126
2 -0.810937 -0.64838 0.314601
1 -0.780522 -0.826505 0.315585
4 -0.799461 -0.644899 0.318568
2 -0.802303 -0.616184 0.31797
3 -0.792992 -0.744918 0.31635
1 -0.822453 -0.541625 0.307518
1 -0.814332 -0.653622 0.308703
1 -0.667487 -1.36187 0.318048
2 -0.608461 -1.48706 0.329484
5 -0.688988 -1.19436 0.319791
4 -0.71096 -1.27819 0.313696
1 -0.768171 -0.854577 0.313352
3 -0.732724 -0.923056 0.319874
1 -0.729112 -1.01523 0.31673
1 -0.691727 -1.11348 0.322797
5 -0.703432 -1.02711 0.318681
6 -0.697359 -1.09716 0.315627
2 -0.889069 -0.42839 0.30839
1 -0.951929 -0.255602 0.302798
2 -0.977367 -0.153395 0.302952
3 -0.7432 -0.79824 0.322626
3 -0.711162 -1.11953 0.316387
5 -0.754533 -1.12322 0.31176
1 -0.73346 -1.15236 0.315826
2 -0.701108 -1.07836 0.322313
1 -0.705282 -1.03031 0.323766
3 -0.724385 -0.9871 0.322297
3 -0.704743 -1.1291 0.315807
1 -0.697735 -1.2966 0.317193
1 -0.703146 -1.21991 0.321548
4 -0.745457 -0.902468 0.323232
4 -0.812753 -0.648168 0.320144
2 -0.820472 -0.72482 0.311358
5 -0.873633 -0.436065 0.310839
4 -0.839274 -0.547505 0.31217
2 -0.817369 -0.58505 0.315252
2 -0.698354 -0.945885 0.32045
5 -0.721889 -0.940673 0.319752
4 -0.742115 -0.888647 0.319505
1 -0.741042 -0.898996 0.319417
3 -0.730918 -0.929259 0.320552
1 -0.64657 -1.3242 0.321662
3 -0.704762 -1.23673 0.317352
3 -0.74856 -0.840376 0.317741
1 -0.789965 -0.688319 0.320531
8 -0.75998 -0.818705 0.32151
4 -0.734102 -0.970266 0.319369
4 -0.665856 -1.15437 0.324922
3 -0.657948 -1.25022 0.323549
3 -0.720419 -0.967769 0.317262
1 -0.822559 -0.834607 0.310619
2 -0.77698 -0.893714 0.308886
2 -0.73781 -0.875824 0.314857
3 -0.786677 -0.600595 0.315038
1 -0.814243 -0.798 0.304532
4 -0.812218 -0.979732 0.307214
2 -0.900906 -0.451659 0.308588
9 -0.828294 -0.667629 0.319446
7 -0.675469 -1.18274 0.326192
1 -0.71542 -1.11307 0.323361
5 -0.784346 -0.913591 0.316073
1 -0.816855 -0.846201 0.312799
2 -0.895692 -0.427817 0.307847
3 -0.831474 -0.552607 0.319007
4 -0.791555 -0.706408 0.316995
1 -0.815152 -0.659584 0.3132
1 -0.775569 -0.928472 0.308525
3 -0.812946 -0.737308 0.313876
3 -0.788821 -0.86024 0.313754
2 -0.859034 -0.561557 0.310402
3 -0.684123 -1.15884 0.325329
3 -0.660334 -1.22345 0.328224
2 -0.788519 -0.791418 0.316345
5 -0.796978 -0.752596 0.311912
2 -0.769473 -0.825677 0.313716
9 -0.743111 -0.829714 0.314392
1 -0.781237 -0.728252 0.311999
4 -0.782427 -0.702148 0.321054
1 -0.784655 -0.699343 0.320814
1 -0.731224 -0.977796 0.322433
6 -0.799705 -0.56343 0.32289
6 -0.826264 -0.561174 0.314067
2 -0.758028 -0.75402 0.319457
2 -0.760669 -0.82721 0.311429
1 -0.721699 -0.962179 0.315633
3 -0.647175 -1.23498 0.324727
5 -0.612254 -1.31693 0.328012
2 -0.661622 -1.07343 0.326715
4 -0.690056 -1.0375 0.320738
3 -0.699757 -0.928746 0.321254
1 -0.789518 -0.725885 0.31268
4 -0.782543 -0.823973 0.31346
7 -0.671806 -1.11755 0.3191
3 -0.679114 -1.36843 0.317804
1 -0.714449 -1.15356 0.318908
3 -0.766412 -0.934419 0.312268
1 -0.723095 -0.854727 0.327299
3 -0.75087 -0.738788 0.322977
4 -0.629325 -1.37693 0.321623
1 -0.628423 -1.26543 0.322241
1 -0.773876 -0.582569 0.317223
4 -0.72334 -0.861126 0.317452
3 -0.767462 -0.676885 0.314576
7 -0.698927 -1.11284 0.31297
1 -0.68821 -1.22358 0.315919
2 -0.72733 -0.995697 0.318906
8 -0.700633 -1.13031 0.315988
2 -0.734946 -1.00562 0.316402
2 -0.808867 -0.709436 0.309898
1 -0.863331 -0.433756 0.310829
16 -0.834711 -0.475767 0.317316
6 -0.771234 -0.662815 0.32408
11 -0.775585 -0.86683 0.307947
2 -0.699083 -1.04166 0.320818
2 -0.754886 -0.888836 0.31841
1 -0.7445 -0.95814 0.319031
2 -0.781598 -0.804311 0.314879
2 -0.764635 -0.871585 0.320771
4 -0.752667 -0.996033 0.317255
10 -0.786242 -0.703894 0.318237
1 -0.786049 -0.600662 0.321417
3 -0.756326 -0.622565 0.323614
1 -0.832362 -0.462595 0.338846
1 -0.904501 -0.396866 0.32031
4 -0.841763 -0.692336 0.30728
6 -0.820823 -0.448611 0.320592
1 -0.765186 -0.529573 0.325959
2 -0.752422 -0.724262 0.324469
5 -0.757033 -0.829817 0.322513
4 -0.694826 -0.940759 0.327158
1 -0.694002 -0.958887 0.329282
2 -0.785417 -0.706474 0.312291
1 -0.757982 -0.843651 0.312915
5 -0.756598 -0.8008 0.317388
1 -0.714382 -0.842227 0.325748
2 -0.637345 -1.20691 0.325409
1 -0.713536 -1.00156 0.32389
1 -0.81024 -0.772685 0.305027
2 -0.805992 -0.650139 0.307437
4 -0.802061 -0.72128 0.313741
2 -0.822268 -0.546329 0.319398
2 -0.710707 -0.916526 0.322429
3 -0.785871 -0.71343 0.314932
1 -0.748576 -0.904637 0.324193
1 -0.790705 -0.673742 0.322996
10 -0.746164 -0.815455 0.324488
1 -0.729978 -0.796747 0.326441
2 -0.680711 -1.12323 0.317215
1 -0.712961 -1.10001 0.314406
1 -0.730946 -0.741288 0.329572
4 -0.789122 -0.818011 0.318473
1 -0.760858 -0.898285 0.317725
1 -0.81423 -0.667026 0.31766
2 -0.749876 -0.851854 0.318868
3 -0.726275 -0.945093 0.321891
4 -0.707024 -1.10633 0.318856
1 -0.739789 -1.06156 0.315055
2 -0.71299 -1.12672 0.323865
6 -0.721841 -0.922747 0.324887
1 -0.684847 -1.09118 0.326061
4 -0.656227 -1.20851 0.319473
1 -0.696581 -1.09487 0.317301
3 -0.693214 -0.899478 0.328885
5 -0.737498 -0.850277 0.321202
1 -0.770601 -0.830276 0.315436
3 -0.826733 -0.730096 0.311674
4 -0.776883 -0.796384 0.322165
1 -0.730284 -1.11287 0.315
2 -0.682471 -1.19568 0.318135
2 -0.621175 -1.49149 0.324248
4 -0.612376 -1.46333 0.322313
7 -0.832871 -0.679806 0.313689
1 -0.841879 -0.531824 0.314348
5 -0.828801 -0.606846 0.310233
1 -0.826131 -0.612951 0.310522
1 -0.807331 -0.74457 0.310306
2 -0.776002 -0.620784 0.318171
1 -0.679872 -1.1023 0.321082
2 -0.759099 -0.825314 0.313279
3 -0.739562 -0.889112 0.315247
1 -0.725293 -0.858177 0.314969
1 -0.736759 -0.919159 0.311757
1 -0.750872 -0.781059 0.317257
4 -0.710958 -0.910065 0.321909
5 -0.692527 -0.928923 0.324089
1 -0.684534 -1.1965 0.326568
3 -0.835297 -0.687614 0.310086
1 -0.836646 -0.51577 0.314171
8 -0.78005 -0.777621 0.313697
2 -0.797351 -0.53237 0.327847
6 -0.755037 -0.655743 0.329256
7 -0.685791 -0.926892 0.332575
1 -0.735768 -0.817053 0.330491
1 -0.777879 -0.679172 0.319592
5 -0.792662 -0.707378 0.314055
2 -0.837135 -0.574896 0.312419
9 -0.770022 -0.798519 0.315716
1 -0.727336 -0.982404 0.320294
1 -0.751495 -0.8799 0.321858
1 -0.894879 -0.360504 0.309749
1 -0.914383 -0.390672 0.30592
1 -0.730713 -0.941832 0.322523
1 -0.709482 -0.923165 0.319476
2 -0.710341 -0.963304 0.317013
3 -0.655757 -1.2313 0.315141
1 -0.661571 -1.23514 0.316268
5 -0.646039 -1.28313 0.317008
2 -0.6824 -1.1311 0.310265
3 -0.686303 -0.977475 0.321163
1 -0.641527 -1.16682 0.328472
5 -0.595883 -1.57527 0.323262
1 -0.725104 -0.933294 0.322034
6 -0.760912 -0.92736 0.316945
1 -0.690681 -1.15352 0.318881
4 -0.725643 -0.889319 0.324847
3 -0.802778 -0.544897 0.317281
4 -0.72786 -0.828655 0.318292
3 -0.782794 -0.644997 0.323871
1 -0.775996 -0.722045 0.321617
4 -0.756126 -0.957581 0.310688
7 -0.801301 -0.706806 0.314032
5 -0.795395 -0.771 0.312282
5 -0.756795 -0.743859 0.321594
1 -0.792399 -0.780584 0.313633
2 -0.740166 -0.871912 0.318679
5 -0.814125 -0.67062 0.314321
2 -0.821149 -0.678671 0.314244
1 -0.794256 -0.858426 0.312754
3 -0.789439 -0.853793 0.315738
4 -0.733501 -1.02273 0.320312
1 -0.836606 -0.591682 0.314608
3 -0.773228 -0.811207 0.32041
1 -0.75171 -0.866433 0.319849
2 -0.806961 -0.731849 0.310833
1 -0.804082 -0.74562 0.313289
2 -0.756842 -0.926541 0.314277
2 -0.74239 -0.923996 0.316389
1 -0.862827 -0.457525 0.312174
1 -0.810297 -0.621652 0.319394
2 -0.769568 -0.814481 0.319882
7 -0.747569 -0.835475 0.323497
2 -0.691253 -1.12607 0.322496
3 -0.690488 -1.14037 0.315732
2 -0.703201 -0.893533 0.329749
3 -0.764462 -0.682828 0.328665
1 -0.803761 -0.536213 0.327044
5 -0.686552 -0.950746 0.323889
2 -0.643948 -1.22809 0.320991
7 -0.650699 -1.10587 0.322684
5 -0.6946 -0.898492 0.320981
7 -0.59958 -1.54116 0.318525
5 -0.659532 -1.29193 0.31691
6 -0.752629 -0.859987 0.326706
2 -0.708451 -1.06944 0.316559
1 -0.737041 -0.943818 0.317123
4 -0.677987 -1.24366 0.318979
4 -0.734562 -1.10618 0.310899
2 -0.746056 -0.981973 0.305976
2 -0.602618 -1.46656 0.316835
3 -0.625201 -1.42484 0.318017
2 -0.642618 -1.18876 0.325061
6 -0.810949 -0.840575 0.310545
2 -0.768853 -0.901409 0.311473
2 -0.791637 -0.715879 0.319433
3 -0.755409 -0.759266 0.323907
3 -0.747277 -0.831909 0.31793
4 -0.865929 -0.481689 0.311407
1 -0.850521 -0.5466 0.309039
7 -0.68964 -1.00453 0.322772
2 -0.79454 -0.576961 0.316313
3 -0.760681 -0.80789 0.319546
15 -0.731451 -0.919729 0.320125
1 -0.650562 -1.15853 0.326475
2 -0.663445 -1.07684 0.325495
4 -0.683822 -1.06965 0.323344
1 -0.737294 -0.909118 0.316821
4 -0.695953 -1.04701 0.321557
4 -0.712971 -0.935948 0.322753
2 -0.676925 -1.05609 0.328362
1 -0.725721 -0.97468 0.326465
5 -0.759652 -0.811039 0.326392
4 -0.800586 -0.630757 0.319851
4 -0.831935 -0.458222 0.319386
4 -0.748801 -0.940062 0.321488
2 -0.766272 -0.835727 0.320947
1 -0.764675 -0.873571 0.322285
1 -0.767824 -0.850793 0.322773
2 -0.701079 -0.866458 0.328892
1 -0.70463 -0.945377 0.326326
2 -0.70008 -1.0856 0.317348
1 -0.751307 -0.78333 0.320317
3 -0.755697 -0.730797 0.320767
4 -0.687288 -1.12976 0.323027
7 -0.759121 -0.833064 0.32098
3 -0.810029 -0.699514 0.31804
1 -0.782272 -0.683885 0.318677
4 -0.717972 -0.959798 0.322369
1 -0.727226 -0.931905 0.319493
2 -0.753297 -0.89954 0.313417
5 -0.740745 -0.963607 0.31588
1 -0.702237 -1.08101 0.320003
1 -0.812005 -0.843671 0.305902
1 -0.720793 -1.06946 0.311244
4 -0.737153 -0.84701 0.325036
3 -0.754023 -0.773327 0.323675
3 -0.778947 -0.548613 0.322715
1 -0.780122 -0.584772 0.323177
4 -0.69626 -0.947006 0.3222
1 -0.720816 -0.872512 0.316982
1 -0.688261 -0.941355 0.320533
3 -0.654989 -0.992088 0.326059
1 -0.749234 -0.757264 0.31737
3 -0.697763 -0.955836 0.318195
2 -0.806814 -0.542251 0.314575
1 -0.816372 -0.56935 0.315738
2 -0.794475 -0.580766 0.317875
1 -0.773975 -0.614011 0.319797
1 -0.720104 -1.03086 0.316169
2 -0.630523 -1.38567 0.321693
5 -0.678098 -1.33016 0.314096
6 -0.726604 -0.890066 0.319218
1 -0.706859 -0.984997 0.320482
1 -0.680998 -1.15555 0.323617
7 -0.811493 -0.673941 0.312254
1 -0.850438 -0.575535 0.313206
2 -0.7546 -0.908907 0.317803
3 -0.758466 -0.885493 0.321321
3 -0.740181 -1.09874 0.316464
2 -0.720001 -1.05491 0.315016
1 -0.767721 -0.87459 0.315413
2 -0.718342 -1.01642 0.320431
2 -0.724251 -1.09242 0.319827
2 -0.755173 -1.06708 0.312969
2 -0.662825 -1.37615 0.323845
4 -0.692247 -1.27831 0.320962
8 -0.767469 -0.869463 0.320778
7 -0.738539 -0.816779 0.324134
2 -0.699811 -0.964501 0.327294
1 -0.786326 -0.67643 0.318063
6 -0.787181 -0.70328 0.316449
4 -0.676106 -1.27579 0.322374
8 -0.734566 -1.07527 0.317664
1 -0.745547 -0.973445 0.322662
4 -0.748512 -0.843768 0.323008
2 -0.753591 -0.808403 0.323541
7 -0.823172 -0.656601 0.305112
1 -0.733757 -0.932075 0.312718
3 -0.723645 -0.937154 0.311902
1 -0.874442 -0.373684 0.308127
4 -0.844746 -0.569009 0.308027
4 -0.705786 -1.0769 0.320263
4 -0.730938 -1.00703 0.315685
1 -0.763509 -0.844926 0.315512
3 -0.757905 -0.887658 0.315606
1 -0.797923 -0.632471 0.317336
4 -0.790801 -0.659504 0.317333
5 -0.703961 -0.984774 0.325143
3 -0.775256 -0.645137 0.32307
4 -0.785509 -0.719726 0.317973
4 -0.751375 -0.872742 0.314812
5 -0.715369 -0.989479 0.31958
11 -0.800244 -0.777153 0.311044
3 -0.69832 -1.18116 0.320227
1 -0.762413 -1.10258 0.316398
2 -0.778017 -0.977589 0.319087
2 -0.856143 -0.542994 0.310991
3 -0.779773 -0.815109 0.317122
2 -0.759345 -0.894115 0.321512
2 -0.789308 -0.676684 0.321262
3 -0.813471 -0.571485 0.319703
7 -0.731553 -0.862705 0.323683
1 -0.85604 -0.462969 0.318308
2 -0.839638 -0.629082 0.31274
1 -0.83392 -0.674376 0.312879
3 -0.848468 -0.610265 0.312847
3 -0.752101 -0.845585 0.321573
2 -0.852737 -0.593023 0.303392
8 -0.828843 -0.686414 0.306811
2 -0.749073 -1.05762 0.311224
1 -0.776185 -0.817373 0.319074
5 -0.743694 -0.863102 0.320434
3 -0.82038 -0.66741 0.315314
2 -0.800165 -0.687488 0.31808
1 -0.78584 -0.878854 0.31537
4 -0.863646 -0.385259 0.30917
1 -0.851398 -0.577768 0.304596
3 -0.822808 -0.688274 0.309056
1 -0.787704 -0.917754 0.313148
2 -0.778773 -0.827608 0.31645
3 -0.781586 -0.825257 0.317986
3 -0.763666 -0.875199 0.319067
1 -0.752777 -0.945969 0.318162
7 -0.752913 -0.941275 0.317152
1 -0.720698 -0.893817 0.322746
2 -0.708081 -0.987273 0.320543
1 -0.624466 -1.34935 0.327352
1 -0.798031 -0.777675 0.317609
5 -0.721647 -0.929693 0.316948
5 -0.69289 -1.05889 0.320491
2 -0.658501 -1.23219 0.322444
4 -0.729453 -1.02309 0.321666
1 -0.720039 -1.03508 0.320073
2 -0.741529 -0.947599 0.320937
3 -0.750589 -0.956553 0.312862
2 -0.722439 -1.09605 0.315692
1 -0.668602 -1.13627 0.32727
2 -0.739293 -0.87885 0.32242
1 -0.759409 -0.757707 0.322685
3 -0.73095 -0.936186 0.320018
1 -0.74725 -0.972725 0.316384
11 -0.774301 -0.739977 0.319618
1 -0.800738 -0.713261 0.318759
1 -0.82339 -0.672354 0.313943
2 -0.840144 -0.645386 0.313198
2 -0.724156 -1.07448 0.31423
4 -0.737603 -0.822923 0.324869
1 -0.779828 -0.638041 0.321433
3 -0.793148 -0.780969 0.317688
1 -0.776024 -0.839311 0.319409
1 -0.80741 -0.570607 0.316682
1 -0.776845 -0.706475 0.318293
1 -0.775683 -0.655182 0.315957
12 -0.796867 -0.624316 0.312138
1 -0.777975 -0.642512 0.320549
3 -0.810703 -0.622273 0.310939
3 -0.808691 -0.611678 0.311397
2 -0.856472 -0.567268 0.305184
2 -0.74296 -0.962675 0.315778
1 -0.657782 -1.33005 0.321073
2 -0.589311 -1.41357 0.32885
2 -0.725844 -0.726304 0.324426
2 -0.728032 -0.805356 0.326523
2 -0.814142 -0.516194 0.317139
2 -0.763957 -0.612747 0.321025
2 -0.725404 -0.863935 0.31809
2 -0.676519 -1.00444 0.329095
1 -0.669795 -1.02368 0.327818
1 -0.771359 -0.560701 0.326207
1 -0.77613 -0.603541 0.321519
2 -0.742377 -0.794276 0.323147
5 -0.737805 -0.883538 0.320546
1 -0.776385 -0.631628 0.326421
1 -0.785764 -0.616911 0.322611
1 -0.73082 -0.827273 0.321894
2 -0.646696 -1.15739 0.326237
6 -0.691744 -0.923998 0.325738
1 -0.841696 -0.433096 0.317377
4 -0.743441 -0.817654 0.327223
4 -0.794601 -0.643904 0.313615
4 -0.758312 -0.842764 0.316301
2 -0.738896 -0.97564 0.317003
1 -0.722042 -0.77125 0.326549
1 -0.67851 -1.02829 0.328158
4 -0.673813 -1.04432 0.328282
2 -0.706783 -1.02135 0.319208
10 -0.819306 -0.658704 0.311026
2 -0.744299 -0.986184 0.30935
1 -0.734803 -0.830041 0.31507
7 -0.756154 -0.801135 0.316746
1 -0.717332 -0.907798 0.32337
3 -0.763652 -0.74231 0.316214
4 -0.770417 -0.739776 0.31716
1 -0.810188 -0.737633 0.309609
1 -0.735525 -0.980231 0.317509
2 -0.726874 -0.89817 0.320827
2 -0.768198 -0.926999 0.318173
1 -0.767313 -0.90549 0.318137
4 -0.775975 -0.867738 0.312837
3 -0.779698 -0.726453 0.320293
3 -0.733091 -0.927411 0.320574
14 -0.741387 -0.869095 0.320784
2 -0.744044 -0.851301 0.322023
4 -0.762121 -0.839417 0.315505
2 -0.770143 -0.80468 0.313816
2 -0.735858 -0.847571 0.313854
1 -0.680522 -1.05234 0.330812
5 -0.737963 -0.827975 0.326386
6 -0.7397 -0.78839 0.326992
1 -0.772169 -0.670544 0.320387
2 -0.763914 -0.67827 0.326238
2 -0.800421 -0.692705 0.322404
3 -0.7352 -0.856793 0.326229
1 -0.711106 -1.06507 0.316425
1 -0.680613 -0.933153 0.328805
2 -0.6434 -1.2032 0.331345
1 -0.721845 -0.964503 0.324035
3 -0.75242 -0.789921 0.315338
2 -0.788427 -0.808834 0.308819
2 -0.819056 -0.686609 0.310696
1 -0.809948 -0.585233 0.31883
1 -0.672978 -1.14476 0.325122
1 -0.720896 -0.956933 0.321326
1 -0.70192 -1.09057 0.316742
1 -0.746075 -0.910881 0.318011
6 -0.780809 -0.798027 0.314259
1 -0.728534 -0.862125 0.327133
3 -0.731126 -0.831798 0.326591
1 -0.785712 -0.866402 0.316474
2 -0.831517 -0.580402 0.313603
2 -0.835449 -0.614655 0.313121
1 -0.744049 -0.97688 0.317258
5 -0.708171 -0.974775 0.324192
2 -0.691472 -1.07032 0.322846
3 -0.672279 -1.05728 0.321474
3 -0.786809 -0.531378 0.327831
2 -0.872731 -0.492831 0.314131
1 -0.857234 -0.654914 0.307753
1 -0.85814 -0.653653 0.307703
2 -0.793027 -0.730099 0.318247
5 -0.80989 -0.655195 0.316774
1 -0.815484 -0.650718 0.315098
3 -0.782549 -0.794925 0.315222
1 -0.675179 -1.04149 0.326882
2 -0.723915 -0.864751 0.323279
6 -0.746904 -1.01131 0.312376
2 -0.701997 -0.905235 0.318706
1 -0.811303 -0.570759 0.310334
9 -0.817669 -0.412907 0.316763
1 -0.772149 -0.705606 0.316601
1 -0.723273 -1.03634 0.31647
1 -0.759931 -0.844598 0.316717
1 -0.756867 -0.852107 0.317739
2 -0.833832 -0.595446 0.312642
1 -0.815302 -0.564263 0.324126
1 -0.78488 -0.798707 0.319266
3 -0.775029 -0.787616 0.322512
2 -0.724077 -1.08229 0.313878
1 -0.790627 -0.798964 0.311183
3 -0.791557 -0.679122 0.321186
1 -0.758293 -0.908064 0.320651
7 -0.724325 -0.987862 0.324666
2 -0.686092 -1.07579 0.329417
1 -0.683755 -0.989 0.329184
4 -0.753054 -0.900562 0.318956
1 -0.755066 -0.890261 0.318716
6 -0.721369 -1.02305 0.317435
1 -0.751883 -0.914444 0.31675
2 -0.845441 -0.611564 0.308172
13 -0.81531 -0.547882 0.322875
1 -0.779613 -0.691784 0.322249
3 -0.808005 -0.550384 0.319821
4 -0.820553 -0.498602 0.316869
4 -0.717937 -0.896615 0.327763
1 -0.73032 -0.930822 0.32391
2 -0.745963 -0.773417 0.327979
3 -0.745868 -0.638993 0.328073
3 -0.749907 -0.622774 0.327928
1 -0.775798 -0.588034 0.323958
1 -0.866041 -0.372285 0.317493
2 -0.81727 -0.511834 0.323415
1 -0.720463 -0.977967 0.321478
1 -0.753368 -0.843465 0.322528
9 -0.724546 -0.879488 0.322698
2 -0.641173 -1.19514 0.329321
2 -0.831814 -0.637822 0.314213
1 -0.826405 -0.615558 0.309959
2 -0.829249 -0.614647 0.306513
1 -0.784911 -0.673415 0.314401
5 -0.7584 -0.684222 0.318971
1 -0.835437 -0.58038 0.319677
2 -0.765754 -0.909769 0.320158
1 -0.739121 -1.02313 0.3212
3 -0.732908 -0.866696 0.324926
2 -0.729064 -1.01421 0.321084
4 -0.74577 -0.733017 0.324819
1 -0.760514 -0.652653 0.321197
2 -0.780171 -0.602133 0.323959
3 -0.733744 -0.8164 0.327457
1 -0.829398 -0.665623 0.314209
1 -0.77565 -0.760564 0.320192
1 -0.780684 -0.69156 0.321403
1 -0.783178 -0.67946 0.313613
6 -0.764662 -0.698121 0.322511
1 -0.690538 -1.16935 0.314169
2 -0.745975 -0.94484 0.320579
2 -0.719647 -1.14567 0.320106
1 -0.751957 -0.867706 0.320379
1 -0.753792 -0.848492 0.323041
6 -0.851193 -0.530707 0.315435
4 -0.759636 -0.971556 0.314392
1 -0.766041 -0.795706 0.316602
4 -0.772951 -0.746551 0.313818
4 -0.880516 -0.349419 0.316762
2 -0.860577 -0.442234 0.313925
8 -0.822863 -0.469757 0.322601
3 -0.893794 -0.283138 0.317268
10 -0.749668 -0.948905 0.317918
3 -0.696503 -1.07418 0.319279
2 -0.718529 -0.99642 0.320129
3 -0.794641 -0.61727 0.32155
1 -0.660164 -1.16455 0.332474
1 -0.712926 -1.05984 0.327405
1 -0.752662 -0.886632 0.32264
1 -0.764499 -0.863017 0.321128
3 -0.741699 -0.884798 0.319472
4 -0.742858 -0.872742 0.319703
3 -0.790726 -0.680243 0.324875
1 -0.78656 -0.682664 0.320097
6 -0.801632 -0.760719 0.312755
1 -0.790297 -0.735876 0.320385
1 -0.811381 -0.561916 0.315203
1 -0.770018 -0.788166 0.31781
7 -0.680453 -1.18218 0.320362
1 -0.684325 -1.18215 0.321193
4 -0.684559 -1.32262 0.321411
1 -0.693263 -1.13031 0.321506
3 -0.708394 -0.958242 0.32361
3 -0.76901 -0.704989 0.31875
4 -0.719548 -0.862373 0.321701
1 -0.776184 -0.73221 0.314625
2 -0.699249 -1.18656 0.320984
1 -0.706951 -1.07836 0.322991
3 -0.706555 -1.26533 0.319697
3 -0.736002 -1.08879 0.322552
2 -0.718539 -1.0273 0.321122
2 -0.783571 -0.876496 0.311811
2 -0.816115 -0.723209 0.307941
4 -0.751501 -0.818061 0.322371
2 -0.747152 -0.879006 0.320635
1 -0.697204 -1.18741 0.318831
2 -0.754099 -0.907041 0.31903
1 -0.747154 -0.922568 0.319829
1 -0.723294 -0.990572 0.320697
6 -0.649303 -1.2078 0.326388
1 -0.779199 -0.837106 0.313045
1 -0.809312 -0.683286 0.308926
3 -0.892619 -0.313875 0.312532
1 -0.860024 -0.525298 0.310333
4 -0.804282 -0.601381 0.324109
1 -0.863486 -0.502557 0.309729
5 -0.881007 -0.356481 0.309912
2 -0.89397 -0.294203 0.314408
1 -0.702709 -1.05644 0.323045
6 -0.720526 -0.853046 0.319323
1 -0.702085 -0.895188 0.322898
1 -0.7217 -0.976325 0.318496
4 -0.717548 -1.00534 0.318368
2 -0.80446 -0.710048 0.31699
2 -0.818225 -0.679321 0.310412
1 -0.77144 -0.766184 0.312756
1 -0.772816 -0.732448 0.316148
4 -0.804 -0.552207 0.31504
2 -0.805736 -0.517515 0.316503
1 -0.742482 -0.799423 0.320307
2 -0.684854 -0.885083 0.326658
1 -0.707155 -0.907655 0.331276
2 -0.720424 -0.914951 0.323176
1 -0.708871 -1.03126 0.320642
4 -0.713699 -1.11787 0.31636
2 -0.825038 -0.502158 0.317122
3 -0.812825 -0.588501 0.314237
5 -0.796601 -0.704947 0.317929
7 -0.728331 -0.901604 0.319932
1 -0.763512 -0.84676 0.316651
3 -0.796702 -0.77881 0.31002
5 -0.765629 -0.840264 0.313898
1 -0.731305 -0.865869 0.322593
3 -0.669044 -1.03987 0.32854
1 -0.663915 -1.10396 0.328687
2 -0.657518 -1.16555 0.325635
1 -0.701194 -0.955162 0.321531
1 -0.740957 -0.919613 0.319016
2 -0.764917 -0.903527 0.315293
3 -0.727055 -0.901113 0.32143
1 -0.722802 -0.920568 0.322358
1 -0.722802 -0.920568 0.322358
1 -0.708058 -0.953592 0.328834
1 -0.737697 -0.883179 0.324944
1 -0.715298 -1.0605 0.316926
1 -0.795006 -0.74004 0.309155
1 -0.694653 -1.15751 0.316477
4 -0.735726 -0.881807 0.31226
3 -0.771189 -0.831086 0.306392
3 -0.749241 -0.883507 0.308802
1 -0.702421 -0.997277 0.315298
2 -0.673809 -1.13585 0.31399
1 -0.740676 -0.849982 0.310871
6 -0.748428 -0.899462 0.312489
11 -0.764532 -0.814923 0.319493
1 -0.687238 -1.03949 0.327481
18 -0.684515 -1.02922 0.327598
4 -0.763437 -0.98204 0.315011
3 -0.807136 -0.73046 0.313032
2 -0.7679 -0.762277 0.322422
1 -0.7165 -0.880686 0.32549
1 -0.710174 -0.968255 0.325087
6 -0.749997 -0.810419 0.327715
1 -0.703198 -1.00663 0.326198
2 -0.714171 -0.964841 0.324004
1 -0.706196 -0.98008 0.324844
1 -0.773357 -0.630455 0.330349
11 -0.784302 -0.656548 0.324874
1 -0.773187 -0.71318 0.325735
7 -0.849722 -0.423251 0.316904
1 -0.703958 -0.890314 0.326447
2 -0.695066 -0.954153 0.329882
4 -0.671909 -1.16806 0.322735
1 -0.785422 -0.639311 0.316788
5 -0.777053 -0.653627 0.315952
1 -0.786611 -0.679098 0.312876
2 -0.757028 -0.929736 0.312339
1 -0.855739 -0.476583 0.314757
5 -0.773213 -0.841773 0.311739
1 -0.742436 -0.968953 0.313721
5 -0.719373 -1.0089 0.321795
3 -0.768298 -0.817231 0.323519
6 -0.717239 -1.02335 0.328975
4 -0.703484 -1.15357 0.325212
2 -0.78081 -0.997876 0.308568
1 -0.710633 -1.20258 0.309189
2 -0.800346 -0.900608 0.310868
3 -0.74999 -0.885758 0.324405
8 -0.699925 -1.18394 0.319366
7 -0.727625 -1.01389 0.319366
1 -0.765478 -0.925457 0.314878
1 -0.713283 -0.946499 0.321689
2 -0.739382 -0.81111 0.317737
1 -0.771965 -0.660112 0.321357
1 -0.750836 -0.795172 0.320543
4 -0.80833 -0.60667 0.323714
1 -0.739655 -0.82423 0.325568
9 -0.757929 -0.807763 0.324361
2 -0.671772 -1.03616 0.328232
1 -0.661459 -1.14701 0.326471
1 -0.673378 -1.09024 0.323619
3 -0.706383 -0.92927 0.325249
2 -0.76098 -0.803941 0.324471
1 -0.731303 -0.913436 0.324578
1 -0.684464 -1.18446 0.323623
2 -0.704818 -1.07496 0.320199
1 -0.749713 -0.853266 0.318677
5 -0.72336 -0.919772 0.322343
2 -0.719646 -0.946394 0.325296
5 -0.754052 -0.883394 0.31427
5 -0.74126 -0.792476 0.321507
12 -0.71987 -0.916478 0.325314
2 -0.768058 -0.796494 0.321362
1 -0.817094 -0.762722 0.31379
1 -0.693661 -1.21378 0.318224
2 -0.814065 -0.661832 0.313434
13 -0.828493 -0.593995 0.315772
3 -0.841493 -0.537971 0.310057
3 -0.868844 -0.514139 0.30659
1 -0.733241 -0.937753 0.317398
3 -0.752515 -1.01123 0.311123
3 -0.757455 -0.708447 0.318972
2 -0.762378 -0.732015 0.319473
2 -0.744775 -0.949043 0.313853
3 -0.756403 -0.728371 0.315298
2 -0.8105 -0.543746 0.315371
8 -0.684878 -0.970946 0.331918
5 -0.741331 -0.793676 0.324428
1 -0.750842 -0.83407 0.319384
11 -0.741085 -0.905293 0.315979
1 -0.73243 -1.044 0.316526
3 -0.820084 -0.585618 0.31203
3 -0.81914 -0.633915 0.310488
2 -0.797742 -0.723139 0.310827
2 -0.725432 -0.981282 0.322128
3 -0.663574 -1.0716 0.320846
5 -0.734646 -1.02766 0.31301
10 -0.739025 -0.854269 0.320868
2 -0.746437 -0.815207 0.321282
6 -0.755863 -0.770722 0.321802
1 -0.742781 -0.797326 0.324086
3 -0.765793 -0.737442 0.316997
1 -0.831642 -0.540451 0.316393
1 -0.829363 -0.574185 0.317834
1 -0.817993 -0.542808 0.32291
1 -0.849527 -0.468904 0.315381
1 -0.812822 -0.752807 0.310194
7 -0.773024 -0.742085 0.311523
3 -0.716947 -1.01781 0.31497
2 -0.647529 -1.28389 0.324514
2 -0.726385 -0.970746 0.327637
2 -0.704271 -1.21376 0.321111
2 -0.749796 -1.07041 0.313673
6 -0.742876 -0.85778 0.322934
2 -0.840895 -0.579152 0.312998
5 -0.789484 -0.797042 0.313435
4 -0.763684 -0.794727 0.319689
3 -0.746272 -0.788844 0.320871
5 -0.823349 -0.474211 0.317429
2 -0.795184 -0.658129 0.31381
1 -0.79415 -0.606205 0.316607
3 -0.764408 -0.811046 0.317524
1 -0.671153 -1.08965 0.321273
4 -0.718349 -0.938686 0.320488
1 -0.756009 -0.899675 0.315676
2 -0.784846 -0.879541 0.316969
1 -0.6786 -1.34012 0.317731
1 -0.681181 -1.19448 0.318989
2 -0.68451 -1.06441 0.321114
6 -0.729192 -0.960796 0.319682
4 -0.748381 -1.00887 0.318484
4 -0.833137 -0.59964 0.315767
1 -0.779749 -0.690506 0.320183
2 -0.726356 -0.964559 0.322365
3 -0.766429 -0.645724 0.327894
1 -0.789722 -0.852566 0.31795
4 -0.821332 -0.671965 0.317416
2 -0.791286 -0.68285 0.318548
1 -0.777976 -0.798987 0.318344
2 -0.875032 -0.559752 0.311189
2 -0.829385 -0.758827 0.313647
4 -0.702765 -1.20809 0.321723
1 -0.667176 -1.21256 0.323171
1 -0.722495 -0.960834 0.320724
3 -0.756621 -0.614342 0.326434
3 -0.763488 -0.722165 0.320694
2 -0.760874 -0.789046 0.321819
6 -0.75194 -0.824086 0.322001
3 -0.724342 -0.908783 0.325027
7 -0.754233 -0.880473 0.321774
1 -0.7028 -1.02187 0.324112
3 -0.685377 -1.06966 0.32638
3 -0.719535 -0.925628 0.322416
2 -0.725892 -0.964191 0.324365
4 -0.752892 -0.816855 0.318366
1 -0.690491 -0.956612 0.323442
2 -0.737281 -0.900908 0.315987
7 -0.7929 -0.82131 0.313421
1 -0.764434 -0.830901 0.321216
1 -0.7756 -0.875623 0.319868
1 -0.755687 -0.918934 0.321901
8 -0.716022 -1.00282 0.324558
2 -0.744512 -0.902382 0.321821
4 -0.643288 -1.08925 0.330134
2 -0.675175 -1.13202 0.332117
1 -0.785914 -0.601306 0.317294
2 -0.807662 -0.703118 0.313516
5 -0.686651 -1.18877 0.318625
1 -0.726991 -0.802227 0.324789
1 -0.627904 -1.30912 0.327896
1 -0.592348 -1.25706 0.329307
4 -0.68051 -0.954011 0.329428
4 -0.708764 -1.02647 0.322349
3 -0.781746 -0.738407 0.317014
1 -0.773711 -0.652769 0.31871
2 -0.708879 -0.977463 0.324172
5 -0.793282 -0.683189 0.322143
1 -0.735547 -0.947182 0.322898
4 -0.70308 -1.08369 0.326542
2 -0.655608 -1.32344 0.325963
1 -0.802288 -0.691583 0.322361
1 -0.776596 -0.766622 0.319844
3 -0.749438 -0.961802 0.316029
4 -0.693004 -1.09286 0.321978
7 -0.806187 -0.63566 0.31788
5 -0.785335 -0.647453 0.321339
2 -0.77722 -0.892246 0.313224
1 -0.786266 -0.84821 0.315006
1 -0.750732 -0.970781 0.32157
3 -0.673629 -1.14974 0.329872
1 -0.634071 -1.3013 0.329795
4 -0.6405 -1.25389 0.327715
1 -0.691833 -1.19028 0.322768
1 -0.779217 -0.742487 0.315122
6 -0.772072 -0.62339 0.319902
4 -0.742812 -0.721792 0.324791
9 -0.757557 -0.862716 0.313369
5 -0.788181 -0.80468 0.308808
6 -0.690932 -1.2221 0.31632
2 -0.753636 -0.92926 0.312848
8 -0.706703 -1.01142 0.31948
2 -0.796401 -0.757731 0.318724
1 -0.738127 -1.04898 0.318667
3 -0.693103 -1.03303 0.324412
2 -0.726151 -0.954525 0.319865
1 -0.737513 -0.878445 0.320682
6 -0.794552 -0.669934 0.317128
2 -0.751581 -0.790115 0.32575
6 -0.742025 -0.833976 0.325248
7 -0.765575 -0.856814 0.317499
4 -0.80964 -0.702959 0.314583
3 -0.817712 -0.619666 0.311645
1 -0.72598 -0.871357 0.322877
6 -0.713648 -1.0313 0.327403
4 -0.719236 -0.940163 0.330695
2 -0.711025 -0.952639 0.329535
5 -0.685537 -1.14827 0.320432
4 -0.737723 -0.884867 0.32177
6 -0.67922 -1.07708 0.323668
6 -0.642512 -1.20505 0.327797
3 -0.606775 -1.38414 0.325873
1 -0.679851 -1.19665 0.321618
1 -0.702197 -1.08718 0.321107
2 -0.717423 -1.07253 0.320737
1 -0.795473 -0.59398 0.316382
1 -0.758779 -0.730449 0.322795
4 -0.691823 -1.14965 0.318461
2 -0.701054 -1.08115 0.321589
2 -0.776348 -0.69964 0.322015
4 -0.730256 -0.913845 0.321884
3 -0.841794 -0.485679 0.312935
1 -0.737436 -0.878507 0.321264
4 -0.670947 -1.15581 0.312784
1 -0.74426 -0.795933 0.315189
4 -0.752334 -0.798622 0.315083
3 -0.650762 -1.29645 0.320974
2 -0.661241 -1.21934 0.324627
2 -0.715591 -1.10887 0.315114
5 -0.684099 -1.18003 0.322266
1 -0.685588 -1.28272 0.319127
2 -0.72055 -0.978463 0.314988
1 -0.715506 -0.80352 0.328011
3 -0.673809 -0.880424 0.332308
1 -0.624003 -1.19472 0.332526
1 -0.708225 -0.863764 0.328108
4 -0.685281 -1.01114 0.325239
7 -0.765185 -0.782552 0.324228
2 -0.754058 -0.781711 0.325571
2 -0.657661 -1.22366 0.332514
1 -0.72923 -0.856499 0.327909
3 -0.688164 -1.26855 0.318282
2 -0.725531 -1.01554 0.32037
6 -0.681465 -1.15322 0.323814
4 -0.700997 -0.980352 0.323666
4 -0.724169 -0.877101 0.323185
3 -0.694355 -1.00253 0.321247
16 -0.759006 -0.813249 0.316909
2 -0.773787 -0.79624 0.312823
2 -0.764778 -0.861753 0.315366
1 -0.693096 -1.10898 0.326801
2 -0.772269 -0.766349 0.314518
1 -0.716547 -1.00216 0.317714
1 -0.6871 -1.27998 0.318573
1 -0.772126 -0.889908 0.307377
1 -0.762315 -0.948911 0.307322
2 -0.563646 -1.54159 0.325773
4 -0.620845 -1.29609 0.328664
10 -0.651875 -1.08054 0.326505
3 -0.792889 -0.72628 0.316075
3 -0.766275 -0.837514 0.31996
2 -0.719375 -1.00649 0.317776
5 -0.7362 -0.947132 0.318649
1 -0.732753 -0.957342 0.319154
2 -0.833358 -0.555375 0.314265
1 -0.834082 -0.550808 0.313725
2 -0.752923 -0.934485 0.319636
1 -0.718095 -1.10545 0.314764
3 -0.769603 -0.807048 0.316197
1 -0.815709 -0.678132 0.311437
2 -0.79742 -0.723119 0.313475
12 -0.786274 -0.824504 0.309627
1 -0.834815 -0.548026 0.316716
5 -0.743186 -0.801901 0.324244
1 -0.672749 -1.24282 0.323603
1 -0.73723 -0.95031 0.322347
14 -0.76486 -0.802534 0.321809
1 -0.735909 -0.919177 0.320104
3 -0.751306 -0.773983 0.316579
1 -0.75239 -0.720741 0.316505
4 -0.747012 -0.74804 0.321109
1 -0.770175 -0.879595 0.314535
3 -0.784713 -0.834379 0.313264
1 -0.851689 -0.503468 0.311614
1 -0.882533 -0.381416 0.311314
2 -0.870301 -0.441563 0.310749
1 -0.738855 -0.896808 0.315226
4 -0.764165 -0.83543 0.313099
1 -0.773102 -0.723361 0.31828
1 -0.783635 -0.816986 0.319307
1 -0.837594 -0.585832 0.314869
1 -0.79631 -0.89616 0.315479
2 -0.769316 -0.993009 0.309751
2 -0.709289 -1.12555 0.315226
4 -0.707838 -1.10907 0.316619
2 -0.730069 -0.908955 0.317847
2 -0.757246 -0.820695 0.315922
5 -0.719896 -1.00365 0.318654
1 -0.75294 -0.86545 0.314307
2 -0.74799 -0.882026 0.312235
3 -0.722392 -0.9458 0.318627
1 -0.747195 -0.878502 0.318828
1 -0.811597 -0.534559 0.320086
4 -0.755471 -0.676476 0.323513
1 -0.856145 -0.464031 0.314999
2 -0.812375 -0.557818 0.317092
1 -0.837212 -0.564609 0.318474
3 -0.824916 -0.650224 0.320116
2 -0.708465 -0.945852 0.334684
2 -0.611599 -1.19358 0.33257
1 -0.569909 -1.32099 0.337716
5 -0.638933 -1.09481 0.329115
2 -0.660914 -1.21014 0.316525
4 -0.652422 -1.24264 0.317728
10 -0.795742 -0.737898 0.307795
2 -0.753044 -0.791006 0.311931
11 -0.64982 -1.21227 0.318554
4 -0.654846 -1.19505 0.319087
2 -0.62581 -1.40243 0.324708
4 -0.656451 -1.24605 0.32247
1 -0.793749 -0.723402 0.319168
6 -0.822746 -0.541779 0.323297
9 -0.846196 -0.425653 0.320557
2 -0.750036 -0.746095 0.321144
1 -0.654414 -1.12515 0.327358
3 -0.750244 -0.830533 0.321298
1 -0.700699 -1.02538 0.323418
9 -0.7986 -0.759197 0.316357
5 -0.805374 -0.716193 0.315462
6 -0.809346 -0.620046 0.317926
1 -0.763139 -0.727854 0.323026
4 -0.769088 -0.596952 0.323699
1 -0.84165 -0.457582 0.316381
1 -0.783917 -0.746227 0.316554
1 -0.826339 -0.621169 0.315415
3 -0.823782 -0.748853 0.308743
1 -0.685027 -1.0751 0.323409
7 -0.673018 -1.2515 0.324089
1 -0.687691 -1.07369 0.318674
7 -0.685943 -1.18859 0.313641
2 -0.681448 -1.2883 0.317483
1 -0.726828 -0.969695 0.31197
1 -0.76697 -0.742126 0.314369
3 -0.813933 -0.604642 0.308559
3 -0.768119 -0.877625 0.313456
1 -0.795681 -0.8329 0.316871
1 -0.833715 -0.414797 0.320133
3 -0.8137 -0.449221 0.317253
6 -0.74792 -0.697208 0.319458
3 -0.703659 -0.772499 0.325646
5 -0.604602 -1.17769 0.334456
3 -0.638142 -1.26946 0.329647
1 -0.600897 -1.43586 0.324172
1 -0.578407 -1.48686 0.324714
1 -0.649035 -1.21258 0.32278
4 -0.641429 -1.04269 0.328874
1 -0.709815 -0.814122 0.323619
1 -0.683921 -0.997104 0.323302
9 -0.66869 -1.00358 0.32538
1 -0.714209 -0.819833 0.326949
1 -0.777099 -0.808335 0.316252
3 -0.813774 -0.875233 0.308307
1 -0.813067 -0.923585 0.305385
3 -0.737937 -0.91219 0.316031
5 -0.725274 -0.860032 0.314597
5 -0.787386 -0.89546 0.307999
1 -0.697938 -1.11998 0.320517
2 -0.662417 -1.10311 0.324279
1 -0.719835 -0.928861 0.316168
8 -0.715082 -0.952928 0.315979
1 -0.748552 -0.947207 0.315361
3 -0.714516 -1.04044 0.317724
4 -0.774946 -0.772394 0.314785
2 -0.695025 -1.15424 0.318251
5 -0.806191 -0.578002 0.317707
1 -0.776048 -0.661526 0.322177
1 -0.807564 -0.664216 0.316928
4 -0.760263 -0.72198 0.318936
1 -0.696847 -1.0626 0.324061
1 -0.620631 -1.37059 0.327962
1 -0.615008 -1.51466 0.321073
3 -0.638897 -1.37614 0.32135
2 -0.612188 -1.43035 0.325215
3 -0.647544 -1.38207 0.325507
2 -0.767079 -1.09294 0.310246
6 -0.810268 -0.882463 0.308922
3 -0.83187 -0.807705 0.306323
1 -0.805126 -0.738461 0.311611
3 -0.796891 -0.795284 0.31115
2 -0.797998 -0.757886 0.311899
1 -0.76596 -0.646411 0.321504
4 -0.733296 -0.843907 0.32187
2 -0.709944 -0.969416 0.317107
1 -0.773925 -0.693965 0.316669
2 -0.832784 -0.48931 0.312782
1 -0.843824 -0.443041 0.314962
1 -0.696464 -1.11816 0.316275
7 -0.765562 -0.835096 0.320507
1 -0.765562 -0.814853 0.321672
1 -0.74648 -0.950201 0.318629
2 -0.708665 -1.12603 0.318222
1 -0.830675 -0.607063 0.306632
2 -0.78377 -0.738377 0.311841
3 -0.720682 -0.938122 0.316108
1 -0.853649 -0.452505 0.313464
5 -0.854549 -0.428585 0.313766
1 -0.85554 -0.389968 0.31554
1 -0.735518 -0.879813 0.323361
6 -0.761681 -0.812535 0.322501
2 -0.758364 -0.817804 0.32287
2 -0.768747 -0.778023 0.322172
1 -0.806888 -0.624302 0.318078
2 -0.819506 -0.562671 0.318265
1 -0.801898 -0.645852 0.318916
2 -0.818035 -0.574603 0.318493
4 -0.753274 -0.788891 0.322874
1 -0.784239 -0.713474 0.31817
2 -0.703536 -0.870739 0.324771
2 -0.779477 -0.554673 0.319918
1 -0.724951 -0.771642 0.324162
7 -0.741614 -0.81862 0.322703
6 -0.671617 -1.13829 0.324552
2 -0.738448 -0.918908 0.319686
4 -0.724908 -0.967023 0.322198
1 -0.723878 -0.995116 0.320768
1 -0.686131 -1.08449 0.324076
3 -0.746896 -0.863691 0.312624
2 -0.717026 -0.929884 0.320965
2 -0.693485 -0.962659 0.324496
1 -0.674293 -1.09299 0.32534
5 -0.662483 -1.16035 0.325892
1 -0.733313 -1.07205 0.318267
2 -0.691265 -1.20312 0.318833
3 -0.738017 -1.04957 0.314544
1 -0.7861 -0.859372 0.316671
1 -0.804873 -0.788005 0.312673
1 -0.804918 -0.789096 0.313234
4 -0.812375 -0.702098 0.314267
2 -0.698475 -0.968589 0.324973
2 -0.689104 -0.984352 0.324678
7 -0.797831 -0.722468 0.313108
1 -0.770383 -0.855763 0.313686
2 -0.770317 -0.810886 0.313811
9 -0.788735 -0.676604 0.322113
4 -0.784174 -0.665844 0.323848
2 -0.786833 -0.651082 0.327068
4 -0.684737 -1.11758 0.328965
6 -0.700163 -1.06567 0.323355
2 -0.753338 -0.903129 0.317566
1 -0.730894 -0.912451 0.323421
2 -0.805922 -0.721407 0.31183
5 -0.742009 -0.943342 0.308493
2 -0.826236 -0.538721 0.315844
2 -0.78385 -0.804993 0.314016
3 -0.735261 -1.08415 0.316143
3 -0.717631 -1.02001 0.326659
12 -0.723864 -0.937866 0.326822
4 -0.756591 -0.857006 0.322082
5 -0.756355 -0.762848 0.323517
1 -0.878541 -0.35517 0.315688
6 -0.780731 -0.653989 0.326851
8 -0.687409 -0.930435 0.328948
4 -0.8137 -0.563124 0.318998
3 -0.71993 -1.02877 0.314467
2 -0.718084 -0.962765 0.315996
2 -0.77965 -0.794295 0.316105
10 -0.774985 -0.766194 0.314637
2 -0.748873 -1.00625 0.316569
1 -0.836216 -0.642216 0.311065
1 -0.79312 -0.732057 0.319861
1 -0.778133 -0.81935 0.319787
7 -0.740422 -0.781664 0.326326
2 -0.832352 -0.424023 0.3211
1 -0.855361 -0.460214 0.311727
1 -0.793774 -0.649285 0.324542
1 -0.810957 -0.788848 0.316963
3 -0.813611 -0.771181 0.317047
13 -0.729042 -0.902051 0.325486
3 -0.68114 -1.02621 0.325027
3 -0.774446 -0.904698 0.306585
1 -0.763593 -0.740368 0.310456
2 -0.805706 -0.599857 0.308766
6 -0.712739 -1.00666 0.318367
2 -0.770932 -0.793486 0.317647
3 -0.810229 -0.613572 0.318603
13 -0.798464 -0.712489 0.313895
2 -0.645209 -1.24172 0.327487
1 -0.680323 -1.10727 0.325424
8 -0.715104 -0.98081 0.321988
5 -0.674349 -1.08575 0.327913
1 -0.74862 -0.755306 0.326149
1 -0.701607 -0.870604 0.324881
5 -0.701078 -0.924459 0.321021
2 -0.723831 -0.983954 0.320275
6 -0.704955 -1.09421 0.318119
3 -0.694175 -1.11884 0.318351
1 -0.734717 -0.966893 0.319407
1 -0.770974 -0.99852 0.316059
1 -0.88 -0.487351 0.314621
1 -0.847824 -0.439401 0.315758
6 -0.787139 -0.785218 0.314112
7 -0.803993 -0.721916 0.312875
4 -0.826313 -0.520427 0.314743
3 -0.787611 -0.64246 0.322348
1 -0.820613 -0.619522 0.315541
2 -0.7475 -1.02366 0.30919
6 -0.753828 -1.0736 0.315356
3 -0.725269 -1.06758 0.316116
2 -0.759684 -0.828852 0.315606
4 -0.773328 -0.742756 0.318002
1 -0.777926 -0.730504 0.318252
3 -0.751915 -0.899346 0.317286
3 -0.693544 -1.01813 0.323303
5 -0.703386 -1.09418 0.32162
4 -0.627474 -1.26898 0.327476
3 -0.805219 -0.699865 0.319004
2 -0.847123 -0.506805 0.317253
1 -0.676888 -1.24164 0.321118
3 -0.821239 -0.768834 0.310849
2 -0.789451 -0.76949 0.314006
1 -0.802839 -0.72987 0.311963
8 -0.74421 -0.77659 0.321865
3 -0.854276 -0.39689 0.317785
3 -0.810937 -0.602509 0.321153
8 -0.812283 -0.739868 0.310742
2 -0.768215 -0.814936 0.31593
2 -0.753748 -0.881433 0.315535
1 -0.715968 -0.959253 0.323481
2 -0.787537 -0.702783 0.32139
1 -0.757253 -0.79809 0.321093
6 -0.772962 -0.843418 0.317529
1 -0.797403 -0.691909 0.316705
1 -0.818264 -0.622833 0.317122
5 -0.772464 -0.830217 0.310433
4 -0.798156 -0.714965 0.311163
3 -0.808477 -0.658574 0.312378
1 -0.760827 -0.861367 0.312683
1 -0.720846 -1.01443 0.314289
3 -0.77968 -0.829305 0.316077
5 -0.773191 -0.883749 0.314279
1 -0.743681 -0.917627 0.318037
1 -0.787283 -0.680638 0.319021
4 -0.715949 -1.07548 0.309429
6 -0.66976 -1.1236 0.319084
2 -0.659182 -1.45645 0.315703
5 -0.764529 -0.924097 0.314304
6 -0.743614 -0.947397 0.324062
1 -0.772286 -0.752052 0.320726
3 -0.762946 -0.815398 0.321967
2 -0.789665 -0.732466 0.318561
2 -0.812654 -0.689153 0.317453
2 -0.803847 -0.72039 0.314823
7 -0.776364 -0.833075 0.316083
1 -0.889812 -0.451133 0.308222
2 -0.770023 -0.78475 0.314026
1 -0.766455 -0.814085 0.314649
6 -0.7595 -0.846146 0.314306
1 -0.784739 -0.75904 0.31034
2 -0.792741 -0.635256 0.321302
6 -0.697798 -1.18382 0.32372
1 -0.715807 -1.03811 0.321315
4 -0.729915 -0.96215 0.323295
11 -0.729915 -0.96215 0.323295
6 -0.762741 -0.871209 0.319015
2 -0.701556 -1.17215 0.323059
4 -0.621634 -1.58076 0.31684
2 -0.703253 -1.32977 0.311464
1 -0.681127 -1.1785 0.317545
1 -0.723518 -1.06968 0.320191
6 -0.685275 -1.06366 0.330337
4 -0.720357 -1.03237 0.326635
1 -0.748864 -0.977859 0.322372
2 -0.82409 -0.634034 0.323789
1 -0.824274 -0.614541 0.320995
7 -0.840139 -0.506688 0.313949
1 -0.747512 -0.813966 0.31861
6 -0.687484 -0.992448 0.321534
8 -0.747891 -0.77204 0.319508
4 -0.813935 -0.519732 0.317141
2 -0.824372 -0.491715 0.315648
2 -0.793995 -0.596742 0.325386
2 -0.839755 -0.499801 0.314184
1 -0.61167 -1.25705 0.330877
1 -0.636797 -1.20103 0.322321
3 -0.623638 -1.3352 0.323663
2 -0.614392 -1.38074 0.325917
4 -0.73865 -0.980138 0.318258
1 -0.657867 -1.08836 0.33517
1 -0.657042 -1.1032 0.335187
2 -0.708667 -1.24926 0.31343
3 -0.736722 -1.04268 0.311964
3 -0.701857 -1.13238 0.320426
1 -0.629147 -1.45884 0.324059
6 -0.794073 -0.699012 0.317745
1 -0.782447 -0.71967 0.320993
3 -0.730633 -0.954386 0.317877
4 -0.668008 -1.19773 0.320038
7 -0.675154 -1.11504 0.319776
5 -0.677458 -1.11971 0.320625
4 -0.697481 -0.988549 0.325104
2 -0.713652 -0.897237 0.325297
3 -0.699039 -0.910024 0.325168
1 -0.725804 -0.842418 0.328565
5 -0.795849 -0.644216 0.322113
2 -0.794635 -0.628446 0.323021
1 -0.752889 -0.792582 0.322965
4 -0.797785 -0.539841 0.322873
2 -0.701338 -1.04489 0.319516
2 -0.773047 -0.73971 0.322041
4 -0.874049 -0.433448 0.315237
2 -0.894662 -0.255602 0.314022
9 -0.789144 -0.794664 0.312123
2 -0.80564 -0.702268 0.311545
1 -0.827514 -0.639022 0.307987
1 -0.791553 -0.672048 0.319203
1 -0.793062 -0.699124 0.321148
1 -0.814105 -0.594883 0.3248
1 -0.789904 -0.655542 0.319479
5 -0.76521 -0.803447 0.323184
2 -0.807932 -0.701513 0.31844
2 -0.759936 -0.902833 0.308831
1 -0.799897 -0.738022 0.311833
2 -0.837684 -0.648225 0.309377
1 -0.816784 -0.639951 0.312442
2 -0.761445 -0.716576 0.32316
2 -0.790585 -0.765229 0.31693
3 -0.733902 -0.87591 0.321074
1 -0.761095 -0.847787 0.321535
2 -0.767115 -0.835212 0.320455
5 -0.733919 -1.05726 0.314307
1 -0.695405 -1.21444 0.314733
4 -0.717356 -1.07921 0.314382
1 -0.770562 -0.70623 0.322929
5 -0.761557 -0.799767 0.320325
1 -0.770436 -0.753294 0.323789
2 -0.834651 -0.512531 0.318429
1 -0.850885 -0.409723 0.318695
1 -0.789599 -0.563122 0.321516
1 -0.804531 -0.590232 0.31467
2 -0.72634 -0.863721 0.320118
1 -0.776452 -0.700743 0.31742
2 -0.782459 -0.84572 0.309961
1 -0.786284 -0.743491 0.317004
5 -0.681325 -1.16113 0.320518
1 -0.751218 -0.85279 0.319092
7 -0.678914 -1.2739 0.319241
1 -0.665116 -1.35134 0.31874
11 -0.713838 -1.19202 0.316512
1 -0.735177 -1.0589 0.320633
2 -0.764897 -0.832104 0.318666
2 -0.860989 -0.609262 0.307899
10 -0.77717 -1.00144 0.312262
1 -0.615765 -1.47404 0.32005
2 -0.609673 -1.59404 0.322516
2 -0.619584 -1.55453 0.321055
5 -0.641728 -1.38592 0.319112
10 -0.726166 -1.02148 0.309188
1 -0.673364 -1.36168 0.309354
3 -0.74069 -1.04921 0.306813
1 -0.68127 -1.14068 0.312276
1 -0.654746 -1.13138 0.322648
3 -0.699463 -1.00078 0.325836
7 -0.594574 -1.33825 0.330858
2 -0.768214 -0.889998 0.308664
1 -0.800867 -0.810104 0.305459
3 -0.781294 -0.843319 0.310352
1 -0.792886 -0.878719 0.309158
2 -0.751462 -0.993107 0.313095
2 -0.747094 -0.838697 0.316915
5 -0.728632 -0.901521 0.320272
2 -0.718993 -0.946331 0.32259
7 -0.767054 -0.848598 0.31522
3 -0.682632 -1.08967 0.326503
3 -0.787487 -0.880563 0.31136
1 -0.661074 -1.24959 0.324064
4 -0.646987 -1.39593 0.320012
1 -0.712894 -1.06076 0.3241
2 -0.779541 -0.848533 0.31523
2 -0.715113 -1.09884 0.321575
3 -0.726909 -0.987849 0.324726
6 -0.730729 -0.933045 0.325754
1 -0.705311 -1.07691 0.324931
1 -0.78452 -0.869656 0.318504
2 -0.741412 -0.988815 0.318461
2 -0.635364 -1.38781 0.330146
3 -0.661076 -1.30946 0.322082
2 -0.682313 -1.14996 0.325982
2 -0.66966 -1.27445 0.318549
3 -0.691654 -1.00562 0.321333
3 -0.731022 -1.02449 0.312691
1 -0.748114 -0.940487 0.320726
4 -0.774898 -0.807794 0.318839
2 -0.793997 -0.549103 0.321196
7 -0.713736 -1.15918 0.312127
3 -0.72343 -0.981041 0.320033
1 -0.662101 -1.2636 0.321856
1 -0.766688 -0.945269 0.313576
1 -0.777916 -0.886637 0.316088
4 -0.767861 -0.891494 0.318746
14 -0.786395 -0.787916 0.322851
2 -0.874165 -0.520261 0.31295
2 -0.776647 -0.803051 0.315603
1 -0.760229 -0.948309 0.312504
2 -0.828689 -0.662804 0.308406
3 -0.784108 -0.768673 0.313578
9 -0.696235 -1.19491 0.31543
3 -0.690588 -1.19168 0.3157
3 -0.71567 -1.09894 0.312526
3 -0.768713 -0.902775 0.309204
2 -0.789874 -0.816077 0.310494
4 -0.73975 -0.884014 0.314332
1 -0.768517 -0.79757 0.316629
3 -0.763042 -0.869556 0.313933
3 -0.764947 -0.831116 0.310945
4 -0.845621 -0.534028 0.308738
2 -0.852864 -0.604902 0.31009
6 -0.820235 -0.646002 0.317228
2 -0.769415 -0.838461 0.321166
1 -0.65898 -1.38254 0.315472
8 -0.669456 -1.25181 0.32465
3 -0.665071 -1.00329 0.323684
2 -0.73785 -0.768227 0.320897
4 -0.750518 -0.940128 0.312855
2 -0.765502 -0.776554 0.317387
2 -0.739768 -0.823852 0.320842
2 -0.677836 -1.25199 0.318184
1 -0.707856 -1.1037 0.318885
1 -0.693115 -1.0755 0.325219
7 -0.940625 -0.17271 0.310363
1 -0.891846 -0.386723 0.307982
1 -0.799073 -0.746256 0.320455
2 -0.796969 -0.696957 0.317236
7 -0.781219 -0.756354 0.317629
1 -0.8124 -0.599584 0.316951
3 -0.757642 -0.803925 0.319202
3 -0.731575 -0.911659 0.321967
10 -0.772035 -0.793036 0.317529
2 -0.714863 -0.951143 0.324725
9 -0.697491 -1.0982 0.323706
2 -0.726842 -0.928568 0.318431
2 -0.689506 -1.06651 0.320155
2 -0.720333 -1.0027 0.319468
1 -0.824659 -0.544553 0.320597
5 -0.85165 -0.433672 0.317788
2 -0.725511 -0.973364 0.32194
1 -0.752331 -0.954324 0.318531
3 -0.685912 -1.15779 0.321105
2 -0.698422 -1.27107 0.320003
12 -0.737118 -1.09259 0.317109
2 -0.740395 -1.02924 0.320013
5 -0.714941 -1.05499 0.321286
1 -0.786153 -0.835247 0.320116
3 -0.787505 -0.828909 0.321777
1 -0.824141 -0.702619 0.313489
2 -0.763523 -0.852573 0.315258
1 -0.800204 -0.739653 0.317921
1 -0.815218 -0.657289 0.323669
3 -0.906939 -0.407406 0.305948
4 -0.777899 -0.707816 0.315725
1 -0.785207 -0.498812 0.323302
4 -0.766738 -0.596094 0.32442
6 -0.749933 -0.709016 0.325667
4 -0.705229 -1.07805 0.325479
2 -0.648546 -1.27442 0.324757
13 -0.650182 -1.23818 0.325033
1 -0.691961 -1.11862 0.32883
3 -0.624309 -1.38149 0.331535
6 -0.661761 -1.35861 0.318868
1 -0.726696 -1.11975 0.314099
2 -0.682026 -1.19693 0.319755
2 -0.609581 -1.37114 0.329241
4 -0.6492 -1.29318 0.325594
2 -0.729735 -0.959064 0.321173
5 -0.729123 -0.99775 0.316705
1 -0.753027 -0.84414 0.323935
1 -0.774924 -0.757536 0.319123
1 -0.773884 -0.821523 0.324583
2 -0.666012 -1.26827 0.326455
5 -0.648442 -1.39155 0.325428
2 -0.695558 -1.0794 0.324107
3 -0.84964 -0.558654 0.309071
3 -0.864913 -0.468053 0.309403
1 -0.857924 -0.58476 0.30702
2 -0.688619 -0.929441 0.324151
1 -0.78349 -0.619585 0.316716
1 -0.772088 -0.730585 0.315274
2 -0.759311 -0.677528 0.319302
1 -0.68469 -0.99402 0.321985
1 -0.724998 -0.727634 0.32263
2 -0.743598 -0.720473 0.318754
5 -0.765364 -0.751001 0.314585
1 -0.702503 -0.963652 0.316584
2 -0.681445 -1.03102 0.319522
1 -0.670702 -1.11249 0.327475
4 -0.725574 -0.953599 0.322294
4 -0.780054 -0.832542 0.313746
2 -0.720805 -0.92481 0.319282
1 -0.719801 -0.929834 0.319872
2 -0.834041 -0.604059 0.315475
5 -0.859801 -0.441342 0.314229
1 -0.784891 -0.700074 0.314267
2 -0.764692 -0.816028 0.316853
1 -0.7828 -0.868779 0.315736
3 -0.804672 -0.805989 0.311301
6 -0.804311 -0.787473 0.312494
2 -0.814088 -0.746669 0.311313
1 -0.788921 -0.754989 0.319197
1 -0.804513 -0.734805 0.318441
1 -0.774793 -0.778134 0.318973
1 -0.745343 -0.842746 0.319647
1 -0.770211 -0.77879 0.318197
5 -0.754854 -0.780489 0.319032
4 -0.728398 -0.855593 0.323205
5 -0.767037 -0.800503 0.317039
5 -0.830547 -0.591913 0.314331
1 -0.826629 -0.607282 0.310407
2 -0.810518 -0.644769 0.31024
2 -0.763462 -0.793048 0.320399
2 -0.775924 -0.738922 0.315496
2 -0.780623 -0.657307 0.314806
1 -0.768727 -0.833054 0.309652
2 -0.685443 -1.04313 0.323782
1 -0.767753 -0.782563 0.315933
7 -0.733814 -0.977314 0.315548
4 -0.672328 -1.11683 0.323228
6 -0.724178 -0.958064 0.324963
2 -0.707296 -1.14687 0.317743
1 -0.721322 -0.934825 0.32009
3 -0.765599 -0.785807 0.313531
1 -0.725459 -0.842539 0.320313
3 -0.709373 -1.06214 0.314856
1 -0.75473 -0.993699 0.312906
2 -0.719405 -1.06214 0.317515
2 -0.715477 -1.02766 0.32596
1 -0.724981 -0.907988 0.329095
1 -0.771448 -0.721512 0.31575
1 -0.725378 -0.956191 0.313378
4 -0.769681 -0.715655 0.315013
3 -0.846026 -0.410523 0.314782
1 -0.732483 -0.933283 0.313545
2 -0.810036 -0.622651 0.317686
1 -0.782937 -0.871125 0.309711
5 -0.782704 -0.871809 0.309702
9 -0.663159 -1.25987 0.319599
1 -0.622252 -1.48163 0.323593
4 -0.640597 -1.35186 0.324152
1 -0.71713 -1.00083 0.317095
1 -0.724561 -0.988243 0.317612
3 -0.697553 -1.08214 0.317942
1 -0.729788 -1.03625 0.318787
3 -0.784729 -0.816464 0.320668
10 -0.683953 -1.13819 0.326291
1 -0.708928 -1.13944 0.319654
4 -0.656319 -1.34922 0.323055
6 -0.7887 -0.71876 0.316308
5 -0.783867 -0.712158 0.318497
5 -0.773088 -0.780212 0.318743
2 -0.744069 -0.957309 0.319728
1 -0.726975 -1.02813 0.323199
2 -0.84073 -0.583223 0.311306
9 -0.809534 -0.786997 0.307433
3 -0.797179 -0.841845 0.316348
1 -0.861636 -0.554091 0.308986
1 -0.764055 -0.69492 0.326501
2 -0.748205 -0.83874 0.319201
4 -0.795034 -0.680717 0.317664
4 -0.796039 -0.676257 0.317684
4 -0.788621 -0.659401 0.315234
5 -0.735088 -0.895734 0.3229
7 -0.726221 -0.888706 0.325492
4 -0.733873 -0.855423 0.324146
3 -0.694241 -1.07149 0.322832
1 -0.681426 -1.06987 0.326893
1 -0.734298 -0.701997 0.324953
2 -0.77061 -0.822978 0.317955
1 -0.739372 -0.957806 0.316323
3 -0.769672 -0.96818 0.315684
4 -0.709671 -1.10137 0.315423
3 -0.692726 -0.985563 0.320804
1 -0.700946 -1.17969 0.318817
1 -0.715694 -1.13525 0.31805
4 -0.711449 -1.14606 0.318681
1 -0.761628 -0.811684 0.316557
1 -0.82925 -0.571422 0.313803
3 -0.802865 -0.806069 0.313265
2 -0.748677 -1.05454 0.311596
2 -0.612846 -1.33733 0.320964
2 -0.645811 -1.21502 0.327343
4 -0.709589 -1.08658 0.315263
3 -0.749026 -0.912171 0.318753
8 -0.766375 -0.856537 0.318235
9 -0.823294 -0.43844 0.320768
1 -0.771194 -0.552768 0.323908
7 -0.775851 -0.526835 0.321864
3 -0.776953 -0.517476 0.321593
1 -0.765209 -0.594575 0.320964
9 -0.787365 -0.605719 0.320084
1 -0.743284 -0.738932 0.324006
3 -0.723139 -0.818019 0.325941
2 -0.716589 -0.746055 0.327552
2 -0.738128 -0.836788 0.317952
6 -0.728894 -0.915 0.3187
2 -0.703691 -0.883971 0.325576
1 -0.709588 -0.889664 0.323899
1 -0.715064 -0.951666 0.319654
1 -0.71297 -1.02175 0.315701
1 -0.749309 -0.908631 0.315115
2 -0.825118 -0.582191 0.311057
3 -0.805598 -0.672055 0.314339
1 -0.783924 -0.611513 0.318824
2 -0.779282 -0.694759 0.321523
3 -0.725856 -0.758285 0.328698
2 -0.760382 -0.749345 0.323209
1 -0.776836 -0.660209 0.316529
5 -0.799558 -0.523052 0.320123
1 -0.84468 -0.492372 0.310652
1 -0.808329 -0.747446 0.304211
1 -0.813761 -0.74101 0.306363
2 -0.793889 -0.744543 0.310562
4 -0.83464 -0.567672 0.320467
2 -0.759656 -0.7991 0.32167
2 -0.812663 -0.567993 0.324608
1 -0.850417 -0.367483 0.325243
11 -0.698393 -0.91849 0.3289
1 -0.807046 -0.644923 0.31619
2 -0.801054 -0.744539 0.313675
1 -0.747559 -0.889642 0.317008
3 -0.855584 -0.52731 0.308428
1 -0.798714 -0.633019 0.314488
1 -0.703132 -1.10795 0.318399
1 -0.6635 -1.08543 0.328599
7 -0.733754 -0.989601 0.312373
3 -0.693092 -1.08051 0.314982
1 -0.765127 -0.829771 0.310858
2 -0.708766 -0.971564 0.312012
5 -0.566156 -1.56864 0.318327
2 -0.673333 -1.27933 0.310117
3 -0.801042 -0.77627 0.307213
3 -0.727829 -0.960074 0.314872
1 -0.706133 -1.1245 0.317399
3 -0.716302 -1.10436 0.318464
1 -0.734818 -1.09275 0.319738
2 -0.702252 -1.19359 0.31913
8 -0.662921 -1.28594 0.319572
1 -0.650715 -1.19006 0.323213
1 -0.635566 -1.23005 0.322311
1 -0.639382 -1.15729 0.329145
1 -0.818283 -0.733136 0.311829
1 -0.78269 -1.00244 0.308564
1 -0.797827 -0.911841 0.311888
1 -0.730464 -0.959194 0.318494
16 -0.725444 -0.979199 0.31824
4 -0.718733 -1.10946 0.315723
1 -0.758505 -0.782622 0.319539
1 -0.632378 -1.25681 0.324501
2 -0.668764 -1.31237 0.318071
1 -0.700803 -1.13468 0.321439
1 -0.621492 -1.33894 0.323511
4 -0.852149 -0.582644 0.31066
1 -0.838436 -0.677172 0.311469
4 -0.733172 -0.9025 0.321484
1 -0.739548 -0.915619 0.326184
7 -0.747848 -0.886889 0.326952
2 -0.64451 -1.22338 0.323411
2 -0.674869 -1.15526 0.315581
5 -0.725007 -0.885627 0.316697
1 -0.737988 -0.833503 0.318268
1 -0.751498 -0.791703 0.320901
3 -0.76436 -0.752992 0.322541
3 -0.761163 -0.816581 0.321427
1 -0.711453 -1.02275 0.322045
8 -0.733592 -1.00837 0.31754
1 -0.738176 -1.05579 0.313728
3 -0.70223 -1.04926 0.322956
2 -0.713064 -1.04224 0.315486
1 -0.763758 -0.902604 0.320328
2 -0.719564 -0.972378 0.324256
1 -0.673566 -1.09416 0.323064
2 -0.752794 -0.737565 0.324215
1 -0.742975 -0.715665 0.325258
2 -0.731272 -0.98422 0.323078
5 -0.730773 -0.854171 0.327285
5 -0.778903 -0.636039 0.322968
3 -0.660693 -1.28974 0.317812
9 -0.590317 -1.4045 0.329937
6 -0.639654 -1.24212 0.328612
1 -0.707803 -0.90106 0.327938
3 -0.755352 -0.79215 0.320072
1 -0.766236 -0.741544 0.319998
1 -0.80231 -0.561967 0.318489
2 -0.757764 -0.752159 0.322134
2 -0.700664 -1.07364 0.313818
1 -0.772019 -0.837847 0.312793
10 -0.675776 -1.08569 0.326884
3 -0.704159 -1.10519 0.320768
2 -0.679443 -1.20823 0.321434
3 -0.722455 -0.999826 0.321388
7 -0.682931 -1.07298 0.323983
4 -0.715415 -0.964582 0.316604
1 -0.702655 -1.06996 0.31718
1 -0.754842 -0.953781 0.315339
8 -0.792788 -0.666087 0.319182
1 -0.751641 -0.884053 0.318745
1 -0.722985 -1.03806 0.317916
2 -0.766112 -0.753682 0.316654
1 -0.799226 -0.641396 0.310506
2 -0.763924 -0.995338 0.311144
1 -0.741482 -1.24687 0.316877
4 -0.747148 -1.22302 0.317818
2 -0.747731 -1.13658 0.318227
5 -0.67756 -1.06587 0.326553
3 -0.75404 -0.82086 0.317896
2 -0.802509 -0.771753 0.310666
1 -0.807851 -0.705893 0.315568
3 -0.833022 -0.563199 0.315078
1 -0.835219 -0.553884 0.31444
2 -0.837577 -0.557948 0.313518
2 -0.681979 -1.04597 0.322756
1 -0.648403 -1.19324 0.324801
3 -0.634954 -1.20366 0.327103
4 -0.66091 -1.13903 0.323238
2 -0.720957 -0.877712 0.32045
5 -0.686218 -1.06832 0.325596
7 -0.679049 -1.12041 0.32783
1 -0.590448 -1.2813 0.335451
8 -0.573036 -1.35536 0.328133
4 -0.632285 -1.27342 0.322481
1 -0.688852 -0.923806 0.321292
7 -0.871658 -0.530799 0.313384
1 -0.827259 -0.625552 0.320516
5 -0.815836 -0.659642 0.319963
5 -0.791159 -0.666894 0.315435
3 -0.831198 -0.573038 0.309738
1 -0.808938 -0.630196 0.313171
2 -0.735356 -0.811262 0.316297
2 -0.852083 -0.355044 0.311851
1 -0.682277 -1.09243 0.320215
5 -0.728553 -0.914196 0.324835
1 -0.766878 -0.665543 0.321146
5 -0.793464 -0.623403 0.319032
4 -0.773018 -0.690072 0.319498
4 -0.724962 -0.803811 0.319019
9 -0.697137 -0.901615 0.321845
1 -0.776181 -0.701514 0.311941
1 -0.773656 -0.733985 0.311721
4 -0.673945 -1.13204 0.316966
2 -0.670864 -1.21373 0.313733
2 -0.744968 -0.802704 0.321403
1 -0.755914 -0.822195 0.319757
2 -0.736447 -0.936008 0.319761
2 -0.785241 -0.696816 0.315716
1 -0.760465 -0.790119 0.317859
1 -0.737254 -0.934182 0.321403
2 -0.697343 -1.05472 0.325684
4 -0.694504 -1.0208 0.329384
6 -0.690575 -1.03998 0.328818
1 -0.671291 -0.908417 0.329528
3 -0.70414 -0.928662 0.321858
1 -0.740597 -0.89749 0.315521
1 -0.743827 -0.721696 0.325542
4 -0.728645 -1.11777 0.309326
1 -0.823497 -0.622714 0.306176
2 -0.771587 -0.736006 0.313417
2 -0.79219 -0.677974 0.315104
1 -0.661914 -1.23915 0.321918
4 -0.743311 -0.956843 0.311361
1 -0.753989 -0.767445 0.315957
5 -0.799426 -0.661582 0.317221
3 -0.784474 -0.705636 0.319648
1 -0.704897 -1.04024 0.320873
1 -0.702865 -1.12412 0.317678
3 -0.673176 -1.11729 0.320046
4 -0.749142 -0.969667 0.309509
3 -0.749808 -0.965073 0.309553
3 -0.717092 -1.06703 0.314967
3 -0.779551 -0.990279 0.308638
1 -0.739168 -1.05575 0.312894
2 -0.835349 -0.61984 0.313696
9 -0.8222 -0.628505 0.311151
2 -0.839275 -0.505306 0.312058
2 -0.793649 -0.5813 0.321067
1 -0.805786 -0.758326 0.312187
2 -0.760254 -0.858285 0.318167
4 -0.807801 -0.596523 0.31953
7 -0.79003 -0.732933 0.319666
4 -0.795219 -0.751611 0.315442
1 -0.792069 -0.724759 0.31762
2 -0.733638 -0.955709 0.315952
1 -0.685196 -0.961593 0.32445
1 -0.696737 -0.902209 0.324443
1 -0.70567 -0.907328 0.324189
10 -0.748524 -0.758735 0.317166
1 -0.73146 -0.792115 0.324006
2 -0.740417 -0.807976 0.325843
2 -0.646726 -1.29573 0.326316
4 -0.632447 -1.34273 0.326424
2 -0.691132 -1.1098 0.318399
3 -0.717541 -1.02822 0.315288
1 -0.675121 -1.18756 0.319661
1 -0.650985 -1.23483 0.322887
5 -0.648994 -1.24062 0.32227
1 -0.740114 -0.98401 0.321303
5 -0.741401 -0.97257 0.320487
1 -0.697891 -1.18327 0.318889
5 -0.758508 -0.973519 0.31313
5 -0.717707 -0.999147 0.315513
4 -0.805958 -0.554644 0.319574
2 -0.724926 -0.997415 0.31619
4 -0.838476 -0.696725 0.30612
1 -0.821152 -0.773846 0.312225
1 -0.861984 -0.400903 0.321907
1 -0.748927 -0.854243 0.318112
1 -0.761439 -0.921405 0.313302
1 -0.793761 -0.672721 0.316831
1 -0.805072 -0.572731 0.317273
1 -0.720704 -0.952327 0.318235
6 -0.750064 -0.773511 0.320622
4 -0.804826 -0.57006 0.320062
1 -0.84937 -0.442294 0.316985
1 -0.806278 -0.705311 0.31249
1 -0.798809 -0.797071 0.310367
5 -0.85624 -0.49257 0.31586
1 -0.824956 -0.567114 0.32074
2 -0.84095 -0.436603 0.320606
1 -0.796368 -0.657966 0.322577
2 -0.797145 -0.670413 0.321394
1 -0.824701 -0.412024 0.320766
1 -0.697297 -1.00039 0.321716
7 -0.748909 -0.760106 0.321001
2 -0.843882 -0.475233 0.313751
1 -0.771904 -0.771427 0.31575
2 -0.719702 -0.855549 0.318404
3 -0.680889 -1.05996 0.313928
3 -0.749732 -0.847279 0.31521
1 -0.747092 -0.987303 0.315575
1 -0.738983 -0.854957 0.318816
1 -0.731258 -0.996493 0.318617
6 -0.735572 -1.06364 0.31278
1 -0.743887 -0.958539 0.314935
5 -0.7506 -0.940676 0.312601
4 -0.70922 -1.02244 0.320059
3 -0.693408 -1.05162 0.320044
2 -0.702717 -1.08496 0.31779
3 -0.720959 -1.06175 0.317417
3 -0.80332 -0.642252 0.314293
4 -0.830698 -0.529084 0.315277
1 -0.701639 -1.04128 0.32011
1 -0.730396 -0.930015 0.320478
6 -0.702423 -0.964901 0.32817
5 -0.7456 -0.769707 0.324654
1 -0.82388 -0.524655 0.320005
3 -0.700705 -1.21266 0.316233
1 -0.859862 -0.623525 0.311495
2 -0.856156 -0.585497 0.311403
6 -0.801922 -0.719712 0.316096
10 -0.773743 -0.747221 0.319423
4 -0.769018 -0.654548 0.322499
2 -0.753602 -0.773295 0.321166
1 -0.743342 -0.842438 0.319679
3 -0.844982 -0.417784 0.320466
7 -0.83138 -0.419331 0.322486
2 -0.764589 -0.84751 0.323287
1 -0.796838 -0.675713 0.322596
3 -0.686977 -0.953849 0.330306
3 -0.662207 -1.07458 0.329126
1 -0.671695 -1.1436 0.320003
2 -0.728626 -0.98117 0.318068
15 -0.665468 -1.1523 0.329669
5 -0.679776 -1.01693 0.32969
6 -0.681368 -1.15447 0.324533
4 -0.661602 -1.0541 0.330254
2 -0.7011 -0.819517 0.330967
1 -0.681025 -0.944413 0.332375
1 -0.829893 -0.740811 0.310373
2 -0.779265 -0.760468 0.31452
5 -0.751657 -0.823846 0.317634
5 -0.710777 -0.884452 0.324938
3 -0.70936 -0.921482 0.323055
1 -0.767364 -0.691419 0.318828
10 -0.784717 -0.789387 0.311142
4 -0.799212 -0.742662 0.31091
4 -0.777811 -0.765278 0.311654
6 -0.833641 -0.430557 0.313619
6 -0.872034 -0.36036 0.307478
2 -0.847504 -0.424301 0.308408
1 -0.867966 -0.319523 0.310524
5 -0.806879 -0.574865 0.311197
2 -0.790145 -0.68967 0.317478
1 -0.834655 -0.608565 0.311676
5 -0.752378 -0.844067 0.32399
2 -0.729512 -1.00632 0.32183
1 -0.874301 -0.560496 0.313184
1 -0.727113 -1.02601 0.321549
3 -0.720258 -1.14622 0.317743
3 -0.600052 -1.55706 0.325675
1 -0.678131 -1.27027 0.319936
4 -0.648195 -1.31778 0.319914
3 -0.670017 -1.05547 0.324819
4 -0.711466 -1.15843 0.311218
13 -0.734816 -1.07466 0.311199
4 -0.678026 -1.29826 0.313852
2 -0.611149 -1.63406 0.31698
3 -0.627828 -1.54108 0.318329
1 -0.615556 -1.60175 0.319117
3 -0.823219 -0.468203 0.314295
4 -0.758614 -0.896647 0.318304
2 -0.749171 -0.981202 0.319604
3 -0.759232 -0.930122 0.319846
2 -0.691572 -1.21037 0.322004
1 -0.801607 -1.02618 0.303506
3 -0.75949 -1.15708 0.303703
3 -0.841376 -0.635495 0.311816
2 -0.834146 -0.64292 0.314452
1 -0.726079 -0.902135 0.327486
3 -0.830125 -0.475644 0.315673
9 -0.848422 -0.440742 0.319882
2 -0.807141 -0.646833 0.317895
1 -0.785472 -0.703705 0.321968
10 -0.753711 -0.842456 0.321877
1 -0.776093 -0.810404 0.321124
1 -0.765056 -0.794046 0.322035
6 -0.740742 -0.839625 0.322692
1 -0.84379 -0.460543 0.312141
4 -0.831923 -0.505001 0.316108
4 -0.833008 -0.493476 0.317085
5 -0.668499 -1.40221 0.31602
2 -0.720462 -1.13769 0.310539
1 -0.773038 -0.84027 0.311083
3 -0.772497 -0.83522 0.308574
6 -0.747414 -0.970957 0.309219
1 -0.740813 -0.897487 0.311244
4 -0.81414 -0.645789 0.315941
2 -0.807587 -0.592019 0.319588
6 -0.766873 -0.789051 0.321357
1 -0.784426 -0.625614 0.326625
2 -0.757079 -0.706963 0.327187
4 -0.730773 -0.887244 0.321839
9 -0.867178 -0.484446 0.316009
1 -0.704441 -0.975136 0.327158
4 -0.653284 -1.15859 0.327754
3 -0.648646 -1.30921 0.318335
1 -0.699322 -1.00685 0.325084
1 -0.657636 -1.16161 0.328116
8 -0.71537 -1.06139 0.323341
5 -0.695762 -1.02946 0.325793
3 -0.799029 -0.712117 0.31116
3 -0.781409 -0.787449 0.314869
1 -0.816848 -0.589143 0.319582
5 -0.736136 -0.787613 0.325766
10 -0.784572 -0.708992 0.315349
7 -0.701641 -1.04957 0.323556
3 -0.760741 -0.721441 0.323548
4 -0.749824 -0.81404 0.324178
3 -0.810395 -0.569647 0.316031
2 -0.804783 -0.665223 0.315648
5 -0.783198 -0.795586 0.31567
2 -0.823673 -0.718737 0.30948
6 -0.750907 -0.784431 0.320392
2 -0.660309 -1.10025 0.328841
4 -0.755899 -0.94419 0.319129
3 -0.687066 -1.11362 0.3247
2 -0.676687 -1.07406 0.322946
1 -0.665129 -1.22619 0.318601
1 -0.681332 -1.18707 0.319418
2 -0.664801 -1.15725 0.323909
1 -0.671193 -1.18008 0.32232
5 -0.814966 -0.680712 0.31138
3 -0.795832 -0.803936 0.31198
3 -0.707524 -0.999538 0.320969
1 -0.765264 -0.902915 0.313871
1 -0.780712 -0.816144 0.311471
3 -0.809281 -0.774864 0.306058
2 -0.773252 -0.943959 0.313253
1 -0.772029 -0.858723 0.318847
3 -0.737279 -1.03032 0.319869
2 -0.737338 -0.995469 0.313911
3 -0.774805 -0.839848 0.314302
2 -0.820538 -0.7251 0.311272
11 -0.751371 -0.856369 0.316077
5 -0.78747 -0.730526 0.325276
7 -0.828893 -0.635186 0.317467
1 -0.774231 -0.693797 0.321989
3 -0.727551 -0.977114 0.321429
1 -0.767814 -0.851381 0.312879
5 -0.716195 -0.826093 0.326803
1 -0.835971 -0.493081 0.316869
3 -0.823032 -0.618607 0.316652
1 -0.816514 -0.709934 0.314833
1 -0.774557 -0.715829 0.32189
7 -0.713959 -0.880504 0.324997
2 -0.750814 -0.835036 0.320277
2 -0.864999 -0.518584 0.312907
1 -0.757526 -0.802405 0.318129
7 -0.764409 -0.907141 0.312982
3 -0.754706 -0.895234 0.316461
1 -0.787652 -0.766664 0.312846
2 -0.681006 -1.06718 0.322577
2 -0.711456 -0.994521 0.318969
2 -0.742032 -0.967824 0.313992
10 -0.741608 -0.850267 0.318376
5 -0.796632 -0.727391 0.307544
2 -0.750486 -0.885851 0.315887
7 -0.753721 -0.87002 0.315332
2 -0.77401 -0.770003 0.314805
1 -0.741502 -0.974986 0.314408
2 -0.79368 -0.705037 0.310471
1 -0.80169 -0.655175 0.313759
8 -0.718508 -0.814388 0.323301
19 -0.762563 -0.871428 0.321506
1 -0.760975 -0.856391 0.321083
4 -0.788887 -0.737975 0.314019
2 -0.810575 -0.64555 0.314324
1 -0.742695 -0.901484 0.319212
2 -0.822897 -0.745945 0.307527
1 -0.822847 -0.650439 0.30894
1 -0.772915 -0.875739 0.312265
2 -0.732129 -0.954016 0.320565
4 -0.728409 -0.869737 0.324663
3 -0.658844 -1.05362 0.327922
4 -0.656282 -1.06156 0.327227
3 -0.756965 -0.673952 0.320107
2 -0.710596 -0.888728 0.32198
3 -0.75154 -0.850912 0.315321
1 -0.715921 -0.965266 0.319218
2 -0.733449 -1.0365 0.314531
3 -0.798903 -0.804477 0.308492
1 -0.793932 -0.853168 0.308944
6 -0.811939 -0.817253 0.309409
6 -0.796128 -0.84536 0.308848
1 -0.793287 -0.772094 0.314191
5 -0.778776 -0.863831 0.312334
4 -0.840338 -0.625061 0.312985
4 -0.846846 -0.582387 0.313155
1 -0.835044 -0.686238 0.31263
4 -0.780133 -0.863247 0.319065
2 -0.698215 -1.10678 0.324027
1 -0.703838 -1.07376 0.323789
3 -0.837802 -0.525994 0.317686
5 -0.804176 -0.70701 0.310028
1 -0.818989 -0.720932 0.318987
1 -0.80163 -0.730264 0.314373
2 -0.832675 -0.664848 0.314074
6 -0.767721 -0.680571 0.315931
1 -0.79616 -0.701812 0.314106
12 -0.798749 -0.744561 0.314379
4 -0.727081 -0.959583 0.31912
3 -0.714294 -0.998911 0.320377
7 -0.689344 -1.10934 0.319614
4 -0.688414 -1.10385 0.320125
8 -0.724899 -1.12793 0.317672
2 -0.745588 -1.05955 0.312981
1 -0.65845 -1.26016 0.323867
3 -0.719335 -1.02807 0.317425
1 -0.724335 -0.88656 0.321797
3 -0.761947 -0.836594 0.31162
7 -0.72578 -0.925871 0.316642
5 -0.720565 -0.930788 0.317756
4 -0.737009 -0.896194 0.315618
7 -0.690878 -1.07269 0.326817
1 -0.71967 -0.891661 0.322767
4 -0.684726 -1.02011 0.31887
4 -0.750803 -0.871219 0.310473
1 -0.797317 -0.734995 0.307612
1 -0.709465 -1.02854 0.316208
3 -0.583829 -1.5592 0.32476
3 -0.642179 -1.36201 0.316681
3 -0.624185 -1.25865 0.320092
10 -0.73823 -0.732517 0.325462
2 -0.781382 -0.784284 0.31767
1 -0.779697 -0.803176 0.319226
1 -0.807637 -0.6504 0.317637
3 -0.743716 -1.06104 0.311873
4 -0.692736 -1.08255 0.314721
7 -0.780449 -0.801692 0.313796
3 -0.736679 -0.831829 0.313203
4 -0.726853 -0.871852 0.319385
4 -0.720163 -1.02406 0.31973
1 -0.706419 -1.06063 0.321665
4 -0.72668 -0.967844 0.322628
3 -0.731263 -0.793027 0.331502
4 -0.68999 -0.967838 0.328603
1 -0.732551 -0.929241 0.324572
4 -0.711907 -0.99099 0.324625
7 -0.743384 -0.902743 0.317326
5 -0.776997 -0.793924 0.320325
2 -0.777822 -0.880412 0.319121
2 -0.743468 -0.971592 0.324331
6 -0.7459 -0.854559 0.322393
1 -0.779397 -0.742041 0.3211
1 -0.873891 -0.471515 0.315944
1 -0.754589 -0.915374 0.31794
1 -0.724972 -1.05219 0.316996
4 -0.667728 -1.2362 0.319308
7 -0.748946 -0.955841 0.311996
1 -0.751699 -1.00322 0.310977
3 -0.733928 -0.887381 0.32132
1 -0.652193 -1.08867 0.326
6 -0.65924 -1.20444 0.325395
1 -0.678711 -1.21538 0.32162
1 -0.683093 -1.19808 0.320776
1 -0.779442 -0.821765 0.310334
2 -0.773367 -0.696906 0.32305
1 -0.781236 -0.683327 0.320115
1 -0.70162 -0.890099 0.323203
4 -0.648626 -1.13839 0.324694
1 -0.727308 -0.803858 0.328375
1 -0.716604 -0.837924 0.331696
2 -0.744233 -0.945445 0.319184
7 -0.735476 -0.986668 0.31805
1 -0.788276 -0.810809 0.311793
3 -0.851588 -0.593895 0.306213
1 -0.843374 -0.620556 0.313012
1 -0.876591 -0.335124 0.316743
2 -0.871092 -0.396382 0.315998
4 -0.749003 -0.75492 0.319603
1 -0.723938 -0.99314 0.322138
2 -0.733435 -0.95428 0.320678
1 -0.768952 -0.772581 0.321936
1 -0.824375 -0.551025 0.320828
5 -0.827018 -0.532147 0.319526
2 -0.793582 -0.525773 0.322321
1 -0.844837 -0.399679 0.315229
2 -0.829343 -0.559094 0.31132
1 -0.753132 -0.947511 0.316755
2 -0.758828 -0.877246 0.318886
1 -0.799623 -0.652695 0.318275
1 -0.800827 -0.644571 0.318333
2 -0.748124 -0.906429 0.315354
2 -0.751257 -0.895003 0.315111
4 -0.691496 -0.990427 0.326834
1 -0.772018 -0.833386 0.321692
1 -0.693225 -1.10339 0.325644
3 -0.804259 -0.629185 0.321811
4 -0.681781 -1.1417 0.314668
2 -0.711756 -1.15773 0.315825
1 -0.686275 -1.19479 0.3194
2 -0.687902 -1.19301 0.319646
1 -0.671517 -1.1916 0.322669
3 -0.660621 -1.19298 0.325287
5 -0.710157 -0.994507 0.321132
3 -0.818488 -0.616376 0.314729
3 -0.795559 -0.787439 0.317676
2 -0.809361 -0.756299 0.317355
2 -0.83325 -0.58986 0.316598
2 -0.74493 -0.866903 0.313424
2 -0.726838 -0.896873 0.315343
1 -0.758526 -0.980416 0.306446
1 -0.726182 -1.04491 0.313723
1 -0.74503 -0.961911 0.317574
3 -0.708794 -1.00891 0.328042
4 -0.671754 -1.27096 0.323466
1 -0.828085 -0.672411 0.307906
6 -0.832507 -0.552138 0.314054
6 -0.86751 -0.425261 0.315499
6 -0.848212 -0.55711 0.309966
1 -0.775362 -0.761317 0.322546
4 -0.792832 -0.703269 0.324004
1 -0.729994 -1.09285 0.315962
4 -0.72159 -1.033 0.318573
1 -0.730796 -1.12097 0.311967
2 -0.755065 -0.955021 0.315421
6 -0.79613 -0.74123 0.312518
1 -0.832877 -0.641741 0.312671
2 -0.840207 -0.615512 0.311401
4 -0.817992 -0.713647 0.308529
1 -0.852149 -0.488803 0.310501
6 -0.66939 -1.12782 0.320783
3 -0.761738 -0.744335 0.314528
9 -0.797928 -0.632215 0.313345
4 -0.866758 -0.472909 0.307823
9 -0.825571 -0.587527 0.312298
1 -0.834921 -0.587018 0.312889
1 -0.711432 -0.88394 0.326141
1 -0.733018 -0.832281 0.325674
6 -0.733764 -0.958979 0.318955
3 -0.731844 -0.868721 0.319952
8 -0.741636 -0.844562 0.322917
1 -0.639093 -1.41242 0.322685
1 -0.604439 -1.37277 0.329617
2 -0.630082 -1.1704 0.337332
4 -0.657606 -1.0831 0.329919
1 -0.746172 -0.844295 0.316094
3 -0.744373 -0.910708 0.320144
1 -0.695497 -1.02898 0.31872
9 -0.623481 -1.49008 0.321842
2 -0.720054 -1.17095 0.316526
1 -0.655392 -1.39312 0.316914
1 -0.766511 -0.683938 0.31705
3 -0.806565 -0.584829 0.312585
1 -0.746351 -0.721958 0.324804
1 -0.802706 -0.592975 0.3211
1 -0.806471 -0.654934 0.321987
2 -0.803944 -0.574381 0.323509
7 -0.768813 -0.664327 0.324053
8 -0.826952 -0.583941 0.313809
1 -0.784015 -0.724954 0.31945
4 -0.696433 -1.02624 0.321572
2 -0.641729 -1.13238 0.33185
6 -0.693151 -0.930613 0.328441
1 -0.72447 -0.830202 0.31927
4 -0.72906 -0.966338 0.320635
1 -0.761245 -0.854485 0.321923
2 -0.742307 -0.89009 0.316837
2 -0.757506 -0.855121 0.315767
2 -0.733169 -0.812535 0.324186
1 -0.744143 -0.950027 0.320509
1 -0.71259 -0.96794 0.323757
3 -0.788386 -0.697465 0.322199
1 -0.724087 -1.0069 0.323121
3 -0.740146 -1.02661 0.318981
16 -0.815137 -0.688112 0.314754
1 -0.77841 -0.682678 0.318942
5 -0.804687 -0.57483 0.317685
4 -0.762715 -0.767084 0.322119
1 -0.760371 -0.768927 0.325067
1 -0.847103 -0.403765 0.321013
2 -0.881694 -0.292637 0.318099
2 -0.783939 -0.814316 0.317484
3 -0.765907 -0.893695 0.318168
4 -0.658308 -1.19492 0.323785
1 -0.665274 -1.15584 0.323512
2 -0.752975 -0.833266 0.321254
2 -0.70061 -1.00664 0.323976
10 -0.791398 -0.650063 0.321143
2 -0.800738 -0.535774 0.324141
1 -0.77675 -0.742152 0.317483
1 -0.84938 -0.512468 0.314588
1 -0.854243 -0.475703 0.312
5 -0.723922 -0.926094 0.325243
3 -0.713082 -0.984152 0.325334
2 -0.743614 -0.914016 0.320772
1 -0.73037 -1.056 0.321123
2 -0.685466 -1.14686 0.328466
4 -0.712271 -1.12756 0.318053
4 -0.761371 -0.91815 0.316576
2 -0.703206 -1.24345 0.316325
2 -0.887058 -0.721576 0.297855
1 -0.893713 -0.658939 0.297161
1 -0.870939 -0.679623 0.30878
1 -0.803832 -0.833187 0.316735
5 -0.767012 -0.962075 0.318411
3 -0.732316 -1.12514 0.318353
1 -0.665902 -1.30713 0.327741
2 -0.671623 -1.17355 0.329428
10 -0.743044 -0.849696 0.325095
4 -0.733822 -0.983885 0.317902
1 -0.734952 -0.851344 0.322288
2 -0.76828 -0.706689 0.31937
3 -0.807896 -0.582395 0.3154
1 -0.904865 -0.475745 0.304227
4 -0.844423 -0.647701 0.310653
5 -0.834653 -0.703963 0.312772
3 -0.803926 -0.766913 0.314655
1 -0.69619 -1.25327 0.316746
3 -0.67974 -1.26797 0.313638
3 -0.862855 -0.549544 0.307127
1 -0.81423 -0.773695 0.309917
2 -0.834775 -0.63239 0.313168
7 -0.817453 -0.629684 0.317431
1 -0.762263 -0.816642 0.313548
1 -0.791938 -0.662982 0.314451
2 -0.798806 -0.754342 0.308841
7 -0.76805 -0.751976 0.317964
6 -0.768667 -1.02653 0.309173
3 -0.814534 -0.721025 0.312707
2 -0.845095 -0.576708 0.31088
1 -0.757532 -0.953651 0.318051
2 -0.764043 -0.911525 0.315588
3 -0.745197 -1.13329 0.313697
5 -0.746254 -1.0367 0.307624
1 -0.777536 -0.793575 0.308502
4 -0.793351 -0.832694 0.304543
3 -0.801986 -0.701554 0.307902
3 -0.722248 -0.961525 0.314104
3 -0.651968 -1.2358 0.322269
2 -0.763349 -0.987553 0.31505
1 -0.694656 -1.16989 0.319827
5 -0.784753 -0.820568 0.313136
2 -0.805185 -0.677551 0.315811
4 -0.754991 -0.712959 0.318183
1 -0.739204 -0.6846 0.324283
1 -0.779412 -0.578048 0.320241
2 -0.817467 -0.553954 0.314729
1 -0.735809 -0.835178 0.320301
4 -0.777346 -0.650329 0.319497
3 -0.735717 -0.86971 0.314916
1 -0.814909 -0.628718 0.312568
3 -0.797502 -0.644676 0.316142
3 -0.731997 -0.782867 0.325049
1 -0.715584 -0.959926 0.326126
1 -0.694977 -0.834999 0.329608
1 -0.741972 -0.826301 0.319296
1 -0.833402 -0.632236 0.309955
1 -0.803162 -0.767707 0.308496
1 -0.758755 -0.856865 0.313757
2 -0.744351 -0.843691 0.320504
2 -0.762021 -0.808988 0.315664
3 -0.764431 -0.785918 0.314816
7 -0.736084 -0.800096 0.32717
1 -0.783529 -0.718943 0.319632
6 -0.728899 -1.02141 0.319783
2 -0.74381 -0.991531 0.316469
2 -0.732556 -1.0406 0.311578
3 -0.76205 -0.958656 0.312026
1 -0.783172 -0.810215 0.309048
1 -0.794149 -0.757429 0.307688
2 -0.784435 -0.803092 0.308498
4 -0.748369 -0.914281 0.313141
8 -0.742582 -0.965755 0.316008
2 -0.677473 -1.10293 0.324354
5 -0.629742 -1.44224 0.323858
2 -0.636874 -1.36737 0.327135
1 -0.749348 -0.961089 0.311679
5 -0.771907 -0.793966 0.31732
2 -0.820597 -0.68998 0.313596
3 -0.819298 -0.799398 0.311271
5 -0.733276 -1.17744 0.315567
3 -0.667934 -1.26787 0.322724
2 -0.66313 -1.29385 0.325225
2 -0.636287 -1.44259 0.326907
1 -0.745694 -1.03433 0.320524
10 -0.734435 -1.02174 0.320773
1 -0.7816 -0.910414 0.317724
2 -0.784014 -0.823456 0.31959
2 -0.818348 -0.608524 0.313677
2 -0.868361 -0.425258 0.316449
4 -0.740964 -1.04289 0.314216
8 -0.74618 -0.783906 0.325435
6 -0.832801 -0.493807 0.315484
1 -0.802642 -0.519264 0.322772
1 -0.830412 -0.58632 0.316735
2 -0.731054 -0.973498 0.318405
6 -0.731359 -0.970234 0.319786
1 -0.686614 -1.09805 0.322314
1 -0.710172 -1.05062 0.321231
1 -0.789388 -0.747682 0.316787
2 -0.85297 -0.531292 0.313731
3 -0.692362 -1.06292 0.322167
2 -0.67581 -0.917222 0.32588
2 -0.723621 -0.727456 0.323548
2 -0.726319 -0.822241 0.32049
2 -0.725795 -0.838354 0.32052
2 -0.738572 -0.850891 0.313765
9 -0.683564 -1.07358 0.318551
3 -0.635153 -1.29907 0.321203
1 -0.653337 -1.29143 0.322818
1 -0.73455 -0.875087 0.326979
2 -0.750156 -0.898527 0.320668
1 -0.762098 -0.947744 0.316229
1 -0.671918 -1.13628 0.324116
3 -0.6607 -1.23147 0.320153
1 -0.648694 -1.18696 0.329337
1 -0.705782 -1.03726 0.321556
6 -0.731104 -0.924115 0.321254
1 -0.718686 -1.0885 0.313721
4 -0.814993 -0.747736 0.311082
2 -0.837752 -0.583062 0.31002
7 -0.804436 -0.606055 0.316998
2 -0.881862 -0.389258 0.311198
13 -0.849948 -0.593248 0.310875
2 -0.807455 -0.736668 0.311325
5 -0.772729 -0.861473 0.315439
1 -0.749407 -0.945357 0.320858
1 -0.763049 -0.907605 0.320067
2 -0.717606 -1.07188 0.31924
1 -0.722036 -1.04601 0.32051
5 -0.717249 -1.01259 0.324582
4 -0.71982 -0.999322 0.323462
5 -0.689924 -1.2107 0.313268
3 -0.738172 -0.93445 0.312073
1 -0.745695 -0.926093 0.313656
3 -0.70902 -0.971418 0.320865
6 -0.700938 -0.826995 0.331791
2 -0.743514 -0.722357 0.327632
3 -0.700454 -0.882371 0.330786
7 -0.765348 -0.760013 0.318361
4 -0.780432 -0.766037 0.320028
3 -0.744621 -0.850748 0.317491
2 -0.800663 -0.698225 0.313626
4 -0.799416 -0.70408 0.313582
5 -0.689588 -1.03815 0.314446
1 -0.688425 -1.14175 0.31052
7 -0.783613 -0.709201 0.317377
3 -0.68986 -1.04379 0.320436
5 -0.676139 -1.08211 0.324203
1 -0.667684 -1.14854 0.322568
2 -0.712303 -1.05801 0.319977
1 -0.719625 -0.92155 0.320863
3 -0.718442 -0.860533 0.327817
2 -0.825485 -0.593838 0.313755
6 -0.840954 -0.525325 0.312213
4 -0.738392 -0.84501 0.3225
2 -0.828075 -0.603053 0.318511
1 -0.683112 -1.09309 0.329383
3 -0.718352 -0.889356 0.331987
1 -0.793913 -0.753028 0.316484
18 -0.750181 -0.827338 0.320721
5 -0.744959 -0.874247 0.32078
1 -0.788934 -0.699112 0.316889
1 -0.783582 -0.743656 0.317023
3 -0.680345 -1.14395 0.319454
1 -0.672119 -1.14901 0.324006
5 -0.733176 -0.926091 0.321261
2 -0.790755 -0.722987 0.3198
7 -0.815001 -0.70873 0.318578
1 -0.686515 -1.17414 0.328415
1 -0.727686 -1.19178 0.319521
1 -0.809909 -0.794074 0.310021
1 -0.811209 -0.744656 0.308191
1 -0.874405 -0.49763 0.306083
1 -0.902524 -0.321014 0.311163
1 -0.798049 -0.657561 0.313157
3 -0.755953 -0.71249 0.318126
2 -0.777318 -0.617007 0.318132
1 -0.786363 -0.650364 0.312953
1 -0.72837 -0.90561 0.321792
4 -0.75662 -0.721064 0.322056
2 -0.777129 -0.690193 0.320195
3 -0.837871 -0.609904 0.314769
4 -0.831862 -0.650378 0.312357
2 -0.726693 -0.982955 0.319208
2 -0.754419 -0.862224 0.316805
1 -0.798322 -0.66259 0.318805
1 -0.81429 -0.567806 0.317206
1 -0.805257 -0.772168 0.317463
2 -0.734575 -1.04036 0.319804
2 -0.757919 -0.925753 0.316323
2 -0.746286 -1.01304 0.318339
1 -0.762923 -0.985019 0.320161
4 -0.822666 -0.603213 0.324256
1 -0.771588 -0.887124 0.314619
9 -0.80905 -0.57335 0.316286
1 -0.747309 -0.896007 0.31808
1 -0.770713 -0.921296 0.314464
2 -0.706992 -0.869782 0.324473
4 -0.690051 -1.05022 0.322778
2 -0.650915 -1.24118 0.323758
7 -0.706774 -1.00673 0.325718
5 -0.696108 -1.01909 0.328042
3 -0.764339 -0.743656 0.317263
1 -0.809024 -0.692206 0.304416
3 -0.783501 -0.731593 0.306994
5 -0.766363 -0.771738 0.318412
3 -0.770038 -0.684238 0.320846
1 -0.721327 -0.845818 0.328715
5 -0.692972 -0.993389 0.327379
1 -0.708488 -1.00667 0.320612
3 -0.759579 -0.75598 0.322292
2 -0.750838 -0.771944 0.314007
2 -0.752003 -0.848643 0.316868
6 -0.686541 -1.21969 0.315361
1 -0.741102 -1.03774 0.307475
2 -0.718924 -1.10448 0.309984
2 -0.683374 -1.25046 0.311027
7 -0.883666 -0.390282 0.309135
17 -0.814249 -0.556284 0.318531
4 -0.820666 -0.56597 0.321242
5 -0.859486 -0.418778 0.314658
3 -0.810521 -0.501018 0.321628
1 -0.812743 -0.505428 0.315013
1 -0.744148 -0.789414 0.316192
5 -0.721582 -0.842709 0.321903
2 -0.709344 -0.912378 0.323164
1 -0.790733 -0.699282 0.320104
9 -0.763362 -0.766993 0.318593
2 -0.749569 -0.791162 0.319991
3 -0.774163 -0.73179 0.316537
4 -0.732619 -0.919302 0.320869
1 -0.733024 -0.902253 0.320323
2 -0.671369 -1.2318 0.321779
4 -0.815699 -0.613291 0.318916
1 -0.673296 -1.22201 0.322441
8 -0.683319 -1.12093 0.327257
5 -0.741382 -1.00697 0.316836
4 -0.746985 -0.870318 0.317689
4 -0.748895 -0.856983 0.317634
2 -0.815587 -0.547102 0.318388
1 -0.72805 -0.989818 0.313823
1 -0.725947 -0.936233 0.317632
2 -0.689069 -1.15177 0.320408
2 -0.702118 -1.04145 0.322689
3 -0.762025 -0.994491 0.312175
1 -0.753603 -0.943868 0.316213
1 -0.770163 -0.796518 0.317375
4 -0.867783 -0.386273 0.316353
1 -0.82273 -0.431923 0.324669
4 -0.830811 -0.442156 0.322532
2 -0.833916 -0.643123 0.309385
1 -0.776175 -0.70825 0.319918
1 -0.806421 -0.706581 0.311255
2 -0.789068 -0.775047 0.314102
1 -0.683184 -1.20595 0.321296
1 -0.771057 -0.840468 0.319026
3 -0.763881 -0.752428 0.328165
3 -0.747122 -0.843015 0.317297
2 -0.738925 -0.815284 0.32479
1 -0.731916 -0.924458 0.323775
1 -0.693042 -1.05121 0.324662
4 -0.727016 -0.905729 0.323738
4 -0.785645 -0.698105 0.31822
4 -0.770991 -0.766545 0.311307
4 -0.736729 -0.995 0.316052
1 -0.713156 -1.06112 0.318603
3 -0.754227 -0.854279 0.312056
1 -0.740077 -1.05869 0.313626
1 -0.709467 -1.16315 0.315465
1 -0.630983 -1.46058 0.321265
2 -0.738147 -0.892646 0.3219
6 -0.777736 -0.881106 0.31159
3 -0.80194 -0.692394 0.316255
2 -0.844758 -0.564755 0.31601
3 -0.646914 -1.24302 0.327406
5 -0.680351 -1.10238 0.326076
1 -0.708496 -0.847825 0.327413
2 -0.779302 -0.686943 0.320601
8 -0.772452 -0.713544 0.320103
5 -0.771024 -0.806554 0.320234
1 -0.735792 -0.918138 0.321802
4 -0.733335 -0.979714 0.314892
2 -0.740249 -0.920997 0.315124
1 -0.716524 -0.891506 0.324355
3 -0.709065 -0.898295 0.324539
5 -0.749171 -0.868432 0.32086
4 -0.759674 -0.799098 0.319448
6 -0.755388 -0.918963 0.314639
6 -0.796225 -0.778343 0.312304
2 -0.771152 -0.889183 0.320413
6 -0.723309 -0.826239 0.329903
2 -0.685346 -0.928666 0.33625
1 -0.740363 -0.742828 0.328096
1 -0.677098 -1.06365 0.329408
4 -0.738784 -0.996709 0.313209
1 -0.709727 -1.13044 0.313905
1 -0.789434 -0.893619 0.311304
1 -0.801468 -0.857425 0.307758
4 -0.792756 -0.717265 0.317835
1 -0.741705 -1.0828 0.312936
4 -0.781392 -0.866725 0.311585
2 -0.877786 -0.44379 0.307643
3 -0.844611 -0.692495 0.305124
6 -0.643759 -1.23258 0.32915
2 -0.694749 -1.08658 0.323384
1 -0.753087 -0.83602 0.316649
2 -0.778076 -0.752537 0.308931
7 -0.774817 -0.750324 0.311475
1 -0.785684 -0.727568 0.310594
1 -0.799494 -0.743012 0.313323
1 -0.742864 -0.882432 0.320145
2 -0.729843 -0.907228 0.321083
2 -0.682421 -0.935372 0.324998
6 -0.705589 -1.04552 0.321682
6 -0.723259 -0.855512 0.323459
1 -0.743552 -0.855447 0.320882
1 -0.789117 -0.696914 0.31829
3 -0.759965 -0.77774 0.321941
2 -0.702558 -1.09136 0.318232
1 -0.761407 -0.772626 0.316977
1 -0.792633 -0.64699 0.318003
1 -0.804714 -0.692099 0.315167
2 -0.865714 -0.443601 0.31431
3 -0.805593 -0.616403 0.313285
3 -0.77389 -0.835045 0.316552
1 -0.79942 -0.732696 0.31498
2 -0.70808 -1.06988 0.322496
2 -0.786032 -0.806498 0.315193
2 -0.778071 -0.841352 0.314108
1 -0.72937 -0.835856 0.325665
2 -0.650471 -1.17586 0.32586
1 -0.717374 -0.703631 0.337677
7 -0.574039 -1.5048 0.339753
2 -0.677962 -1.17572 0.331257
1 -0.647504 -1.23975 0.338038
3 -0.605465 -1.37424 0.335082
2 -0.650238 -1.1585 0.329327
2 -0.697316 -0.964325 0.329005
2 -0.746183 -0.825631 0.327107
3 -0.734538 -0.984239 0.324298
1 -0.795595 -0.706543 0.322731
2 -0.758753 -0.8478 0.326756
3 -0.811797 -0.542561 0.322376
7 -0.794184 -0.636383 0.32484
5 -0.759411 -0.702812 0.323738
1 -0.797939 -0.583981 0.318162
2 -0.787014 -0.677741 0.317323
1 -0.757135 -0.820896 0.320741
3 -0.807749 -0.759943 0.310833
1 -0.788742 -0.90693 0.310927
1 -0.856393 -0.638161 0.309454
1 -0.765039 -0.837919 0.320601
3 -0.701196 -1.05552 0.325188
1 -0.734844 -0.941599 0.32038
4 -0.745817 -0.783435 0.320034
1 -0.760454 -0.760128 0.31612
2 -0.807812 -0.506929 0.316437
10 -0.809851 -0.505485 0.32209
1 -0.758653 -0.880843 0.31509
2 -0.838238 -0.591766 0.310424
5 -0.824916 -0.579864 0.321229
3 -0.811065 -0.709658 0.320708
4 -0.750891 -0.907749 0.317128
4 -0.785241 -0.76457 0.31896
6 -0.817901 -0.687362 0.31867
1 -0.816163 -0.576434 0.324642
1 -0.742387 -0.847423 0.323629
3 -0.711517 -1.01319 0.315987
6 -0.675078 -1.09558 0.324305
1 -0.660995 -1.24215 0.334003
1 -0.754205 -0.988407 0.321412
3 -0.732222 -1.05521 0.320913
2 -0.839594 -0.741891 0.310285
9 -0.780608 -0.911154 0.318351
3 -0.780531 -0.896308 0.317027
1 -0.744558 -0.848455 0.321911
3 -0.809317 -0.632591 0.309679
2 -0.816174 -0.746042 0.310786
1 -0.821241 -0.755361 0.310062
3 -0.79155 -0.880266 0.311685
2 -0.740089 -1.08824 0.310989
2 -0.722823 -0.977421 0.321331
1 -0.801717 -0.707731 0.310677
7 -0.65705 -1.2121 0.320899
2 -0.646947 -1.18019 0.324901
1 -0.674877 -1.13404 0.324416
1 -0.581615 -1.46292 0.327083
4 -0.690116 -0.940155 0.32799
1 -0.741157 -0.823711 0.322077
3 -0.758375 -0.772134 0.319404
3 -0.769605 -0.735346 0.318776
3 -0.760766 -0.693672 0.32383
3 -0.720965 -0.98218 0.322034
3 -0.706309 -1.22339 0.313327
2 -0.657714 -1.40446 0.319431
2 -0.728199 -0.924355 0.331745
2 -0.756823 -0.645073 0.335554
2 -0.738463 -0.936464 0.324622
3 -0.713735 -1.04164 0.321109
1 -0.737403 -0.817186 0.320553
1 -0.790926 -0.705352 0.314805
1 -0.739606 -0.836405 0.321759
2 -0.732905 -0.795299 0.322578
3 -0.781878 -0.796696 0.314855
1 -0.614323 -1.19329 0.337512
2 -0.660558 -1.07119 0.330202
4 -0.7169 -0.819394 0.325607
6 -0.683672 -0.952276 0.324621
1 -0.78968 -0.588194 0.319041
4 -0.68415 -0.939767 0.333716
2 -0.747035 -0.802673 0.326164
1 -0.821453 -0.428619 0.325554
1 -0.755065 -0.87858 0.316546
5 -0.701461 -1.04398 0.319901
1 -0.697707 -1.02455 0.320655
2 -0.683731 -1.04577 0.320437
6 -0.721468 -1.03144 0.320209
2 -0.74995 -0.836441 0.327605
5 -0.749381 -0.812548 0.327111
3 -0.813535 -0.718964 0.31886
2 -0.799313 -0.785781 0.319305
1 -0.790632 -0.777731 0.318702
1 -0.860043 -0.535222 0.312528
3 -0.834868 -0.654513 0.312378
3 -0.819069 -0.655856 0.311752
3 -0.780398 -0.646061 0.321362
2 -0.745636 -0.954864 0.317657
4 -0.757398 -0.840115 0.314578
2 -0.780661 -0.737123 0.317711
2 -0.796024 -0.665952 0.323584
1 -0.81878 -0.703102 0.313458
2 -0.728823 -0.978316 0.317229
1 -0.786649 -0.806451 0.316179
3 -0.741821 -0.971122 0.31905
2 -0.713908 -0.925061 0.327302
1 -0.738777 -0.854549 0.323567
8 -0.754441 -0.810535 0.317987
2 -0.757145 -0.794118 0.319144
2 -0.740144 -0.974603 0.315578
2 -0.692489 -1.16484 0.320737
1 -0.807833 -0.612517 0.320269
7 -0.77921 -0.698704 0.320095
6 -0.753035 -0.869665 0.326287
5 -0.667113 -1.04635 0.324351
1 -0.647396 -1.16422 0.323754
6 -0.74857 -0.829303 0.316007
1 -0.816232 -0.595687 0.308043
5 -0.745125 -0.917229 0.318794
2 -0.827241 -0.620026 0.315961
3 -0.740402 -0.930381 0.321958
3 -0.75421 -0.85171 0.328224
1 -0.829353 -0.556774 0.318896
1 -0.767722 -0.676876 0.32591
5 -0.770618 -0.715805 0.317362
13 -0.791211 -0.656335 0.316541
1 -0.808844 -0.763157 0.31319
1 -0.720931 -0.942745 0.33146
1 -0.645875 -1.29103 0.330763
1 -0.733029 -1.03199 0.326067
3 -0.731503 -0.963 0.324747
1 -0.735667 -1.05054 0.310382
1 -0.607476 -1.34657 0.333035
1 -0.789829 -0.574398 0.317435
7 -0.731936 -1.03041 0.322936
3 -0.670944 -1.20805 0.327707
3 -0.754712 -0.756934 0.325664
2 -0.756807 -0.87908 0.325931
1 -0.797208 -0.873358 0.318887
1 -0.855243 -0.558989 0.317737
1 -0.683312 -1.03302 0.330963
2 -0.727814 -0.936831 0.325048
2 -0.776153 -0.687619 0.327975
2 -0.834386 -0.636612 0.315677
1 -0.838509 -0.652345 0.31513
1 -0.863661 -0.498897 0.309229
4 -0.700819 -0.927318 0.325595
4 -0.687299 -1.08229 0.328268
3 -0.646555 -1.39709 0.320794
2 -0.657369 -1.32777 0.317703
8 -0.640125 -1.35739 0.326493
1 -0.731332 -1.14482 0.317641
1 -0.788423 -0.864984 0.318008
1 -0.813905 -0.728479 0.311906
3 -0.792708 -0.784566 0.320114
1 -0.794804 -0.816287 0.316571
1 -0.849862 -0.553313 0.313491
2 -0.785406 -0.607831 0.323711
2 -0.701355 -1.03806 0.31873
1 -0.805062 -0.60676 0.319532
1 -0.797341 -0.801248 0.319877
3 -0.752084 -0.892402 0.324758
1 -0.726016 -0.977403 0.32786
1 -0.820365 -0.699922 0.31945
5 -0.818678 -0.69674 0.320731
1 -0.795935 -0.744697 0.320333
1 -0.868282 -0.324956 0.313893
5 -0.767047 -0.814074 0.315828
3 -0.840746 -0.5467 0.313691
2 -0.777115 -0.720882 0.317807
9 -0.773827 -0.887915 0.311091
2 -0.828734 -0.712753 0.307289
1 -0.789401 -0.760203 0.312636
1 -0.724925 -0.88573 0.323295
1 -0.712879 -1.15944 0.315985
1 -0.708155 -1.15874 0.317494
4 -0.712908 -1.1182 0.3233
2 -0.728272 -0.963091 0.320489
4 -0.811089 -0.70646 0.314585
4 -0.771565 -0.867187 0.313988
1 -0.845449 -0.512966 0.314147
1 -0.828525 -0.603576 0.314186
2 -0.751301 -0.869379 0.313586
1 -0.789906 -0.660694 0.314597
2 -0.79836 -0.697517 0.319249
1 -0.700016 -1.0481 0.322608
4 -0.700529 -1.14346 0.328015
2 -0.802381 -0.759944 0.323137
6 -0.801227 -0.644482 0.32267
1 -0.799693 -0.821359 0.306544
7 -0.773705 -0.771696 0.313837
7 -0.672296 -1.10869 0.319989
4 -0.715567 -0.987466 0.31819
2 -0.750809 -0.776068 0.322904
2 -0.607537 -1.48031 0.329168
4 -0.721655 -1.13361 0.322144
3 -0.788601 -0.74787 0.323424
2 -0.651364 -1.19261 0.332084
3 -0.714233 -0.996463 0.326794
11 -0.779032 -0.948919 0.3114
8 -0.78201 -0.65613 0.316906
2 -0.699807 -1.08716 0.321125
4 -0.755971 -0.862399 0.31589
4 -0.725761 -0.947732 0.318653
3 -0.713947 -1.07472 0.315113
3 -0.710054 -0.970493 0.318241
4 -0.656994 -1.23162 0.316387
5 -0.751602 -0.869728 0.316473
1 -0.820412 -0.582243 0.316065
1 -0.806688 -0.641421 0.31476
1 -0.844614 -0.443999 0.314618
2 -0.809005 -0.529165 0.318004
2 -0.812994 -0.527763 0.319097
3 -0.793512 -0.651205 0.323704
2 -0.77982 -0.636616 0.330432
1 -0.751068 -0.696001 0.331223
2 -0.776332 -0.602393 0.329108
5 -0.690601 -1.06203 0.325768
6 -0.713838 -1.03959 0.321672
1 -0.728888 -0.795544 0.321068
1 -0.787585 -0.684209 0.317027
1 -0.732761 -0.922713 0.314741
2 -0.781461 -0.690317 0.316441
1 -0.7613 -0.778463 0.317671
1 -0.813601 -0.512551 0.319568
8 -0.851033 -0.542876 0.306951
2 -0.80649 -0.602022 0.315155
2 -0.805885 -0.730073 0.310731
1 -0.77632 -0.886868 0.310109
5 -0.782414 -0.891461 0.308639
9 -0.696698 -1.03216 0.322335
6 -0.712722 -0.976914 0.327172
2 -0.809104 -0.762909 0.319228
1 -0.760443 -0.987598 0.320685
10 -0.719212 -0.897659 0.328194
7 -0.825398 -0.577923 0.31515
3 -0.750161 -0.74062 0.321832
2 -0.788537 -0.623407 0.319331
1 -0.816434 -0.534878 0.312409
6 -0.744881 -0.874152 0.324086
3 -0.702182 -1.25641 0.324985
1 -0.717123 -1.04711 0.324141
4 -0.777498 -0.797334 0.317218
1 -0.790886 -0.722593 0.31133
1 -0.804715 -0.633971 0.314524
4 -0.800994 -0.719828 0.316314
2 -0.83936 -0.498167 0.316993
2 -0.797885 -0.675979 0.325185
2 -0.807412 -0.739285 0.317332
10 -0.782896 -0.810863 0.317633
1 -0.770697 -0.88381 0.318906
2 -0.780701 -0.846215 0.318696
2 -0.770776 -0.89078 0.318669
2 -0.777724 -0.80923 0.316251
1 -0.830167 -0.492558 0.320687
2 -0.885868 -0.376353 0.319557
2 -0.803393 -0.519819 0.322215
1 -0.692551 -1.03329 0.322306
1 -0.75479 -0.834752 0.319242
4 -0.758513 -0.645144 0.32439
1 -0.76658 -0.57631 0.322963
3 -0.738498 -0.828116 0.313589
2 -0.739079 -0.853753 0.315015
1 -0.887146 -0.428091 0.309765
6 -0.857557 -0.386136 0.308866
2 -0.903702 -0.155387 0.30799
5 -0.866931 -0.409232 0.303891
1 -0.879729 -0.3754 0.303662
2 -0.746304 -0.670944 0.314396
6 -0.73903 -0.60419 0.323631
3 -0.714254 -0.701834 0.325568
5 -0.745531 -0.716031 0.318851
2 -0.76653 -0.684042 0.317402
1 -0.797347 -0.704984 0.311768
4 -0.78298 -0.768959 0.313859
1 -0.83596 -0.695438 0.306532
1 -0.785236 -0.864427 0.309387
3 -0.788657 -0.870271 0.310594
4 -0.800271 -0.711666 0.319505
1 -0.800045 -0.413834 0.326776
5 -0.817653 -0.524226 0.320042
1 -0.780605 -0.668608 0.321478
7 -0.723168 -0.805958 0.327722
5 -0.768784 -0.692993 0.318968
1 -0.77425 -0.731358 0.31748
4 -0.757831 -0.841796 0.314158
2 -0.786299 -0.714184 0.316763
2 -0.763786 -0.698183 0.321148
1 -0.716394 -1.05394 0.31548
2 -0.754335 -0.889763 0.318298
4 -0.757012 -0.885025 0.318128
1 -0.728028 -1.07089 0.320361
1 -0.722368 -1.15186 0.31586
1 -0.697556 -1.27678 0.317342
2 -0.653255 -1.30297 0.323792
7 -0.547411 -1.47936 0.331488
3 -0.541507 -1.47022 0.333953
1 -0.67464 -1.21264 0.320392
11 -0.774084 -0.731864 0.322177
3 -0.727048 -0.81427 0.32691
1 -0.765288 -0.788286 0.323605
1 -0.76648 -0.718535 0.319301
9 -0.685158 -1.15625 0.319912
3 -0.63761 -1.374 0.328185
1 -0.665227 -1.23553 0.321078
5 -0.628807 -1.38193 0.322799
3 -0.661681 -1.22009 0.321295
1 -0.704154 -0.989964 0.319078
1 -0.704822 -1.11236 0.315912
1 -0.738907 -0.921439 0.313254
10 -0.644578 -1.30466 0.315711
2 -0.816424 -0.701051 0.30893
2 -0.788622 -0.694128 0.321592
1 -0.808154 -0.626044 0.312824
5 -0.768194 -0.680253 0.317522
2 -0.772673 -0.695521 0.317408
1 -0.815899 -0.596156 0.316242
1 -0.760129 -0.737957 0.318838
1 -0.799216 -0.684974 0.314013
3 -0.795358 -0.698537 0.311319
1 -0.856426 -0.423648 0.316545
3 -0.628556 -1.3502 0.330049
2 -0.728867 -0.916981 0.325196
8 -0.741486 -0.99601 0.320609
15 -0.741439 -0.822519 0.322431
1 -0.780109 -0.694046 0.316962
7 -0.770633 -0.722637 0.318205
3 -0.781461 -0.561817 0.324733
4 -0.738895 -0.913014 0.318939
1 -0.740545 -0.927911 0.31166
2 -0.746537 -0.841405 0.322329
3 -0.751003 -0.808165 0.323007
1 -0.797147 -0.777235 0.317143
2 -0.848588 -0.452954 0.315227
1 -0.796767 -0.707148 0.322001
2 -0.709251 -0.923183 0.329482
3 -0.699344 -0.867487 0.33066
3 -0.697194 -0.903529 0.331035
2 -0.780063 -0.653824 0.32306
1 -0.764976 -0.741298 0.321614
1 -0.736205 -0.9223 0.321263
5 -0.771416 -0.787862 0.324318
2 -0.73381 -0.901636 0.327921
1 -0.72478 -0.989578 0.325088
17 -0.742874 -0.890468 0.312044
3 -0.705112 -1.01268 0.321764
3 -0.715655 -0.965697 0.321971
8 -0.717713 -0.961842 0.321475
4 -0.776634 -0.802633 0.314536
4 -0.782601 -0.753962 0.311666
1 -0.699932 -0.924847 0.320444
1 -0.816047 -0.558443 0.322575
8 -0.796938 -0.649725 0.319112
1 -0.728441 -1.04506 0.318007
1 -0.724458 -1.08597 0.317869
1 -0.743259 -0.991597 0.313204
3 -0.797699 -0.660626 0.320034
5 -0.824981 -0.626179 0.31781
8 -0.797053 -0.66913 0.316718
2 -0.73679 -0.807449 0.32827
1 -0.739509 -0.805947 0.322728
2 -0.789775 -0.660666 0.316834
2 -0.775919 -0.651249 0.319353
3 -0.759053 -0.681445 0.323245
1 -0.816849 -0.631695 0.312541
1 -0.796481 -0.630412 0.32
1 -0.724257 -0.837238 0.32255
2 -0.720054 -1.01869 0.323509
1 -0.709223 -1.0998 0.322692
1 -0.712428 -0.998414 0.326569
2 -0.792851 -0.819416 0.310194
1 -0.791191 -0.851944 0.311027
4 -0.767635 -0.664193 0.321729
5 -0.692029 -1.02813 0.326835
3 -0.665042 -1.2169 0.325362
3 -0.733495 -1.06788 0.313321
1 -0.747591 -1.00847 0.308519
5 -0.806971 -0.71118 0.309652
3 -0.748627 -0.928806 0.315481
7 -0.738858 -0.988361 0.315685
3 -0.749532 -0.846401 0.319998
1 -0.733853 -0.929014 0.319268
3 -0.70834 -1.01787 0.320774
1 -0.677497 -1.17875 0.321547
1 -0.683185 -1.10783 0.32275
9 -0.676737 -1.17416 0.319383
13 -0.692984 -1.13897 0.319589
7 -0.681183 -1.15451 0.320184
2 -0.767953 -0.826111 0.312572
3 -0.847794 -0.522348 0.30594
1 -0.728197 -0.859001 0.320946
3 -0.808414 -0.677236 0.311628
2 -0.72762 -1.11665 0.309759
1 -0.746711 -0.929064 0.309793
1 -0.757351 -0.875571 0.318542
1 -0.747674 -0.943328 0.32001
2 -0.725816 -0.896867 0.325641
6 -0.762879 -0.744355 0.320912
7 -0.708969 -0.89961 0.327837
1 -0.704028 -0.924079 0.327787
3 -0.757429 -0.696196 0.320371
1 -0.816324 -0.551788 0.317284
1 -0.781746 -0.847773 0.31654
1 -0.74978 -0.861384 0.316015
1 -0.717919 -0.994578 0.313791
1 -0.714267 -1.16175 0.313161
1 -0.618627 -1.38659 0.320925
1 -0.759132 -0.849954 0.316445
1 -0.774472 -0.726595 0.318066
2 -0.772342 -0.745647 0.321818
3 -0.757396 -0.96984 0.315999
1 -0.763557 -0.927556 0.315179
6 -0.634023 -1.37995 0.322526
4 -0.685862 -1.24857 0.317586
1 -0.726285 -1.13118 0.314737
8 -0.754596 -1.04872 0.312576
3 -0.768866 -0.839072 0.321256
2 -0.751146 -0.935008 0.321697
9 -0.747743 -0.851046 0.325152
1 -0.766785 -0.804817 0.321591
1 -0.774139 -0.788258 0.316951
2 -0.788736 -0.784072 0.317656
7 -0.783473 -0.741558 0.31947
1 -0.767144 -0.792202 0.322121
2 -0.783225 -0.756363 0.318837
1 -0.798281 -0.763691 0.320105
1 -0.791715 -0.774421 0.321302
2 -0.648015 -1.21031 0.328982
7 -0.673109 -0.997221 0.32832
1 -0.840379 -0.627976 0.309588
5 -0.71193 -1.09361 0.315916
3 -0.704509 -1.12139 0.320124
1 -0.709752 -0.96983 0.325924
3 -0.806875 -0.636437 0.314504
4 -0.808329 -0.627762 0.313068
12 -0.927904 -0.239692 0.30676
1 -0.927649 -0.301918 0.298254
7 -0.86645 -0.524721 0.303284
1 -0.791896 -0.705138 0.31202
2 -0.784476 -0.7774 0.314309
1 -0.743582 -0.942086 0.320594
4 -0.780056 -0.947529 0.3115
1 -0.770808 -0.740035 0.321361
1 -0.784019 -0.722756 0.323031
1 -0.738059 -0.929539 0.320366
10 -0.832302 -0.529316 0.308255
3 -0.809958 -0.613722 0.322337
1 -0.813241 -0.580368 0.31919
2 -0.699536 -0.937801 0.327435
1 -0.651215 -1.13748 0.328895
2 -0.728194 -0.868303 0.323276
2 -0.765507 -0.811766 0.31609
4 -0.770376 -0.758952 0.314503
5 -0.797165 -0.715219 0.312537
4 -0.820625 -0.634648 0.311159
1 -0.805027 -0.646057 0.314876
1 -0.81205 -0.658786 0.314465
4 -0.798713 -0.540151 0.324344
1 -0.821124 -0.492545 0.322701
1 -0.791784 -0.694108 0.322864
1 -0.691702 -1.21586 0.317118
5 -0.618441 -1.34228 0.329473
7 -0.729032 -0.955106 0.321502
5 -0.780314 -0.617685 0.320976
5 -0.789325 -0.576588 0.322856
2 -0.782497 -0.612595 0.322682
18 -0.792949 -0.639686 0.318754
3 -0.77769 -0.833218 0.312755
8 -0.729125 -1.04871 0.310081
3 -0.702263 -1.02537 0.319955
1 -0.735653 -0.762804 0.322861
2 -0.73502 -0.953918 0.315675
8 -0.72358 -1.01857 0.318746
1 -0.675042 -1.11463 0.324867
2 -0.684792 -1.08049 0.324849
1 -0.726782 -0.880563 0.321482
7 -0.693417 -1.10961 0.316367
2 -0.613682 -1.34569 0.329015
1 -0.661893 -1.1539 0.324922
3 -0.786969 -0.856723 0.313591
5 -0.779201 -0.871065 0.31421
7 -0.741843 -0.876733 0.322024
2 -0.753343 -0.842245 0.319394
1 -0.839177 -0.677981 0.311168
7 -0.753334 -1.01764 0.31402
5 -0.806869 -0.755595 0.310244
5 -0.823309 -0.74158 0.304453
2 -0.813331 -0.727127 0.305141
1 -0.871158 -0.525982 0.306512
1 -0.751047 -1.04583 0.311327
4 -0.809874 -0.755662 0.31151
4 -0.832571 -0.607209 0.315575
3 -0.713117 -1.0795 0.324391
4 -0.752088 -0.940462 0.323472
1 -0.78657 -0.754614 0.322348
1 -0.762355 -0.806059 0.311372
3 -0.672334 -1.05553 0.322231
2 -0.664597 -1.14967 0.3241
3 -0.859659 -0.448411 0.310058
4 -0.869016 -0.466901 0.307796
2 -0.747194 -0.774335 0.316223
2 -0.726058 -0.915301 0.3192
3 -0.704198 -1.05793 0.316471
2 -0.811945 -0.643775 0.313357
4 -0.789925 -0.764995 0.313426
1 -0.782877 -0.680795 0.319299
4 -0.661977 -1.1839 0.326128
1 -0.626034 -1.23881 0.328207
1 -0.795384 -0.759804 0.319725
3 -0.809458 -0.740084 0.317447
1 -0.74445 -0.837625 0.31971
1 -0.766997 -0.759946 0.320067
2 -0.739303 -0.925032 0.321816
1 -0.776143 -0.86072 0.312112
3 -0.794154 -0.783416 0.312007
1 -0.791621 -0.664246 0.317118
1 -0.800345 -0.615996 0.318304
1 -0.766153 -0.632803 0.321782
1 -0.790784 -0.683326 0.315808
3 -0.811854 -0.595904 0.314044
4 -0.816681 -0.554467 0.314688
2 -0.697508 -1.16587 0.325261
1 -0.723742 -1.06828 0.321626
3 -0.767338 -0.936698 0.318597
1 -0.822811 -0.704321 0.305396
4 -0.748045 -0.924346 0.307876
2 -0.803795 -0.760422 0.306162
1 -0.872194 -0.627787 0.307384
4 -0.826061 -0.613175 0.315038
1 -0.794356 -0.605699 0.317309
3 -0.774497 -0.676694 0.319744
4 -0.694071 -0.935287 0.323635
2 -0.74488 -0.772012 0.321191
1 -0.844101 -0.483763 0.312739
4 -0.85326 -0.442868 0.312433
4 -0.870744 -0.524295 0.306624
1 -0.871603 -0.396856 0.307776
1 -0.846734 -0.48134 0.307656
2 -0.839322 -0.494537 0.312111
6 -0.884095 -0.302845 0.31192
3 -0.894016 -0.265102 0.311058
3 -0.812446 -0.653621 0.311041
6 -0.849474 -0.616603 0.313596
1 -0.805921 -0.67266 0.315059
1 -0.748012 -0.867709 0.323615
1 -0.798657 -0.716402 0.320697
4 -0.750798 -0.846233 0.31898
3 -0.789638 -0.620096 0.31788
2 -0.751278 -0.897262 0.313506
10 -0.801747 -0.556994 0.320053
2 -0.759754 -0.664657 0.323599
3 -0.619659 -1.33798 0.330164
1 -0.618243 -1.31664 0.323068
1 -0.626432 -1.35789 0.319039
2 -0.695291 -1.22548 0.319401
2 -0.762865 -1.00444 0.317532
2 -0.719812 -0.909876 0.323932
2 -0.73435 -0.783223 0.326916
2 -0.727885 -0.89337 0.324457
6 -0.740703 -0.825185 0.327371
2 -0.664635 -1.17419 0.325614
1 -0.743949 -0.812954 0.320774
2 -0.818923 -0.779774 0.306772
2 -0.845185 -0.48619 0.314261
2 -0.694923 -1.03665 0.321386
6 -0.735033 -0.845646 0.32115
4 -0.833453 -0.715817 0.307945
1 -0.809753 -0.767684 0.312274
3 -0.837613 -0.562831 0.311902
2 -0.800297 -0.573252 0.319753
2 -0.79403 -0.608855 0.320899
2 -0.761316 -0.653083 0.326237
5 -0.758084 -0.871119 0.323874
1 -0.697168 -1.02619 0.327426
7 -0.754922 -0.902583 0.322874
4 -0.709773 -0.865337 0.324481
1 -0.688075 -0.908764 0.324747
5 -0.630034 -1.17558 0.327716
5 -0.736933 -0.806334 0.316817
1 -0.651318 -1.09009 0.32982
1 -0.674408 -1.065 0.323128
4 -0.738951 -0.966699 0.318129
3 -0.713829 -1.05652 0.321797
1 -0.720263 -1.09224 0.327071
1 -0.734184 -0.989307 0.322727
12 -0.796851 -0.545236 0.32053
2 -0.81123 -0.708615 0.314906
4 -0.872391 -0.436636 0.311382
2 -0.869283 -0.482676 0.310711
2 -0.744706 -0.817215 0.322722
1 -0.84164 -0.461366 0.318894
1 -0.825442 -0.653103 0.308032
2 -0.852561 -0.671653 0.306669
1 -0.87174 -0.396047 0.314726
3 -0.899719 -0.334175 0.313433
2 -0.873591 -0.395093 0.314012
2 -0.778838 -0.827964 0.319459
1 -0.822692 -0.811808 0.31091
4 -0.831418 -0.633215 0.314285
3 -0.851757 -0.532605 0.311732
5 -0.820967 -0.656058 0.313284
3 -0.828008 -0.695137 0.308341
4 -0.745193 -0.991648 0.314544
6 -0.788379 -0.791573 0.311878
4 -0.798203 -0.75234 0.31127
1 -0.82052 -0.843303 0.307805
9 -0.801954 -0.791889 0.311261
3 -0.77916 -0.747949 0.310637
4 -0.746706 -0.964439 0.314897
3 -0.750324 -0.786529 0.328907
3 -0.761005 -0.791698 0.325284
1 -0.715233 -0.910505 0.329095
1 -0.671747 -1.15058 0.324532
3 -0.678681 -1.1397 0.323583
4 -0.780226 -0.708888 0.324278
9 -0.782944 -0.664394 0.316559
1 -0.712963 -0.964178 0.321484
4 -0.733941 -0.868294 0.318409
3 -0.70591 -1.00746 0.320643
1 -0.722556 -0.971093 0.315805
1 -0.728426 -1.02289 0.312974
6 -0.704278 -1.07321 0.316813
1 -0.736011 -0.959029 0.32026
1 -0.755404 -0.88686 0.317474
4 -0.727216 -0.935113 0.321884
1 -0.706673 -1.06831 0.321493
2 -0.682189 -1.0659 0.326359
1 -0.705516 -1.01854 0.318123
1 -0.819991 -0.607292 0.31453
1 -0.833773 -0.410091 0.320584
3 -0.758679 -0.680968 0.323675
1 -0.770121 -0.724017 0.325203
2 -0.602644 -1.2778 0.334762
3 -0.803889 -0.546784 0.326036
2 -0.723514 -0.996084 0.323147
4 -0.788222 -0.7541 0.314343
1 -0.754448 -0.850601 0.316578
2 -0.700276 -0.958936 0.327903
1 -0.671098 -1.08599 0.328193
4 -0.681097 -0.996158 0.328322
3 -0.696088 -1.04001 0.327104
4 -0.84655 -0.566974 0.306216
1 -0.940995 -0.267522 0.310518
1 -0.90428 -0.375182 0.314831
1 -0.824423 -0.60221 0.316363
2 -0.762588 -0.810404 0.317548
4 -0.759682 -0.84113 0.317363
2 -0.719143 -1.00191 0.317891
5 -0.766932 -0.922455 0.312293
6 -0.698765 -0.97158 0.323393
4 -0.713399 -0.923571 0.321196
3 -0.750354 -0.743877 0.324703
5 -0.755416 -0.845884 0.313973
1 -0.708967 -1.00279 0.329211
2 -0.703455 -0.953602 0.326664
4 -0.709521 -0.982101 0.323478
1 -0.700091 -1.01757 0.324488
3 -0.808787 -0.623817 0.312798
4 -0.847619 -0.471878 0.312481
2 -0.80497 -0.690393 0.311029
4 -0.764842 -0.819347 0.313686
1 -0.737606 -0.84121 0.316529
3 -0.736468 -0.818484 0.318595
3 -0.712016 -1.07215 0.315084
8 -0.719156 -1.02125 0.323554
3 -0.680063 -1.10849 0.321255
3 -0.688273 -1.20978 0.317424
1 -0.743701 -0.937553 0.314563
1 -0.658882 -1.25567 0.327935
2 -0.700895 -1.06463 0.325236
3 -0.726071 -0.980613 0.324507
1 -0.706832 -1.07531 0.322664
1 -0.749178 -0.994913 0.32177
5 -0.74121 -0.95989 0.322362
1 -0.76123 -0.832741 0.314187
2 -0.791906 -0.628515 0.318024
1 -0.829264 -0.469226 0.316783
8 -0.836649 -0.612598 0.319043
2 -0.829317 -0.643372 0.318941
3 -0.789012 -0.755348 0.323036
3 -0.721571 -0.951807 0.324305
5 -0.659848 -1.21779 0.321671
1 -0.808201 -0.688898 0.310842
2 -0.731874 -0.831846 0.318926
1 -0.752279 -0.809337 0.318699
1 -0.768709 -0.838821 0.315731
5 -0.748441 -0.890991 0.316826
10 -0.717849 -1.05014 0.316737
2 -0.753303 -0.918593 0.314337
5 -0.77629 -0.661782 0.320075
1 -0.806232 -0.68704 0.314955
2 -0.805704 -0.678512 0.315569
2 -0.792838 -0.710961 0.318459
2 -0.78695 -0.724384 0.318746
1 -0.746905 -0.879736 0.320279
1 -0.778018 -0.738665 0.316008
5 -0.812761 -0.712002 0.310661
5 -0.841781 -0.568711 0.309557
1 -0.735358 -0.890279 0.319865
1 -0.769381 -0.794684 0.320547
1 -0.764352 -0.768614 0.319901
3 -0.751233 -0.875713 0.321701
6 -0.826037 -0.688952 0.315505
1 -0.782651 -0.773179 0.316588
3 -0.808698 -0.647578 0.319428
5 -0.768949 -0.80607 0.323968
1 -0.775716 -0.761646 0.319599
2 -0.736467 -1.02218 0.321453
3 -0.815696 -0.657034 0.31777
9 -0.802234 -0.642555 0.317819
1 -0.8506 -0.527249 0.31566
3 -0.834161 -0.537949 0.321319
2 -0.788404 -0.74202 0.31979
3 -0.776588 -0.763052 0.321029
10 -0.82494 -0.541993 0.312708
3 -0.712111 -1.00865 0.315081
2 -0.765357 -0.785736 0.320872
1 -0.711195 -1.18218 0.324194
7 -0.735262 -1.20797 0.310609
2 -0.756335 -1.13074 0.308071
2 -0.760424 -1.01278 0.314836
5 -0.802214 -0.822295 0.312681
2 -0.756581 -0.964943 0.309275
1 -0.672911 -0.939017 0.32515
1 -0.708293 -0.90751 0.320182
1 -0.69616 -1.02439 0.320476
1 -0.715397 -0.948278 0.32351
1 -0.709783 -1.0837 0.320251
1 -0.727021 -0.779212 0.324038
4 -0.713699 -0.955391 0.319163
6 -0.698556 -1.03762 0.316202
1 -0.751021 -0.868318 0.315137
4 -0.719316 -0.947239 0.319605
1 -0.689183 -1.02414 0.319846
4 -0.699061 -1.05802 0.321822
6 -0.744553 -0.944428 0.312797
14 -0.817624 -0.619553 0.312443
3 -0.807815 -0.574566 0.313604
3 -0.78317 -0.647044 0.31488
1 -0.69462 -1.20436 0.318493
1 -0.705008 -1.22031 0.3177
1 -0.724634 -0.989214 0.320575
3 -0.758691 -0.846722 0.322262
7 -0.793615 -0.680842 0.316024
3 -0.776685 -0.852027 0.312335
2 -0.803571 -0.69945 0.312839
3 -0.736934 -0.871075 0.321812
5 -0.738199 -0.938708 0.315127
1 -0.725493 -0.967721 0.322755
4 -0.7861 -0.690335 0.319957
4 -0.717805 -0.883842 0.321621
1 -0.733144 -0.825314 0.319914
2 -0.747193 -0.935859 0.311451
1 -0.756594 -0.700825 0.328404
2 -0.682798 -1.00335 0.32934
3 -0.754073 -0.931927 0.315111
1 -0.791631 -0.712965 0.316596
2 -0.81191 -0.595112 0.315479
1 -0.812549 -0.615258 0.320302
4 -0.739073 -0.865244 0.326698
1 -0.777193 -0.721346 0.316912
3 -0.772201 -0.815478 0.317014
3 -0.83784 -0.571269 0.312288
4 -0.828985 -0.697842 0.306439
2 -0.724407 -1.13787 0.310796
2 -0.728541 -0.878884 0.316563
2 -0.737468 -0.975201 0.317332
3 -0.762916 -0.917258 0.315018
1 -0.744493 -0.913879 0.323099
1 -0.765303 -0.765601 0.321636
2 -0.800786 -0.559197 0.32254
2 -0.769692 -0.897736 0.313418
10 -0.82305 -0.615337 0.312718
7 -0.799349 -0.700769 0.314553
2 -0.759576 -0.693316 0.320855
2 -0.772814 -0.675833 0.318618
5 -0.733838 -0.958132 0.316515
5 -0.872231 -0.621536 0.305776
2 -0.829354 -0.684279 0.31343
5 -0.733002 -0.818792 0.329528
3 -0.780606 -0.887676 0.31312
4 -0.740918 -0.982498 0.317295
1 -0.667618 -1.35812 0.321054
2 -0.71487 -1.02881 0.317568
2 -0.806217 -0.624987 0.31604
2 -0.797111 -0.752194 0.313853
3 -0.832129 -0.647233 0.306259
1 -0.764757 -0.892159 0.313704
7 -0.734897 -0.871556 0.317145
1 -0.764593 -0.765835 0.322547
3 -0.773845 -0.640971 0.32546
6 -0.728906 -0.93375 0.322054
6 -0.763427 -0.790064 0.314059
1 -0.766531 -0.784707 0.313047
1 -0.810825 -0.658536 0.316785
2 -0.855884 -0.525228 0.315171
1 -0.844195 -0.656126 0.314919
3 -0.763275 -0.830909 0.313127
3 -0.710995 -1.07694 0.317734
5 -0.696037 -1.17553 0.320697
3 -0.736692 -0.999207 0.321216
4 -0.761172 -0.907156 0.320728
2 -0.681518 -1.17144 0.317605
6 -0.653072 -1.32253 0.321209
4 -0.676081 -1.28429 0.31934
9 -0.741184 -0.957421 0.316243
2 -0.73467 -1.06277 0.317417
8 -0.794536 -0.843127 0.31038
1 -0.797415 -0.698422 0.320324
1 -0.814228 -0.674654 0.313734
12 -0.787404 -0.746039 0.317877
3 -0.712812 -0.80858 0.330785
1 -0.668981 -0.959964 0.328962
9 -0.66373 -1.05372 0.326244
2 -0.730594 -0.807777 0.321097
2 -0.755438 -0.781395 0.3161
1 -0.719584 -1.01386 0.316675
1 -0.726655 -1.02103 0.314958
3 -0.8086 -0.690189 0.30719
1 -0.758004 -0.830537 0.310712
2 -0.771142 -0.673479 0.319289
4 -0.730201 -0.848327 0.324003
4 -0.708982 -1.02206 0.322523
4 -0.718483 -1.01189 0.32143
1 -0.671064 -1.28197 0.318609
3 -0.686035 -1.2239 0.314097
2 -0.750219 -0.913079 0.31389
2 -0.755977 -0.829202 0.31746
2 -0.89138 -0.302098 0.313626
1 -0.747787 -0.930187 0.315009
2 -0.761401 -0.640981 0.327792
1 -0.852119 -0.321637 0.323445
2 -0.847466 -0.541639 0.314222
4 -0.809049 -0.685875 0.311465
1 -0.834175 -0.638036 0.315072
3 -0.805777 -0.709573 0.316761
4 -0.768865 -0.724874 0.323727
4 -0.856683 -0.424805 0.311592
4 -0.82814 -0.623981 0.310278
1 -0.705367 -1.04628 0.317753
5 -0.816336 -0.677066 0.310094
1 -0.864851 -0.476648 0.308863
1 -0.856802 -0.574541 0.307675
3 -0.824823 -0.795585 0.308491
2 -0.696956 -1.14464 0.319024
6 -0.701329 -1.20324 0.318324
3 -0.696492 -1.20797 0.316986
1 -0.697378 -1.26907 0.324921
2 -0.644399 -1.37926 0.331333
7 -0.767122 -0.664098 0.329603
4 -0.75657 -0.742118 0.325192
3 -0.693161 -1.09141 0.325246
3 -0.721415 -1.11366 0.321658
3 -0.695844 -0.970052 0.325508
3 -0.681685 -0.862152 0.331132
4 -0.746629 -0.855335 0.325929
1 -0.808448 -0.666997 0.323173
7 -0.794829 -0.791273 0.313841
1 -0.80176 -0.850974 0.312944
1 -0.693535 -1.19314 0.32319
1 -0.698968 -1.14843 0.319385
1 -0.73522 -0.917359 0.314854
3 -0.709714 -1.11257 0.321092
6 -0.685205 -1.2857 0.320656
1 -0.703124 -1.22834 0.320136
2 -0.712339 -1.01478 0.320511
3 -0.709734 -0.962496 0.326358
2 -0.728664 -0.870237 0.324313
1 -0.758881 -0.717019 0.321804
2 -0.757427 -0.785287 0.31807
2 -0.75851 -0.86642 0.317006
1 -0.807799 -0.677009 0.31571
5 -0.767449 -0.61799 0.325651
1 -0.815995 -0.496937 0.318814
3 -0.686598 -1.09002 0.319315
7 -0.654542 -1.14896 0.321849
2 -0.678572 -1.06898 0.317782
3 -0.736364 -0.852356 0.320455
1 -0.696458 -0.990521 0.325748
2 -0.677036 -1.14869 0.325602
2 -0.623327 -1.34445 0.325561
2 -0.710639 -1.10063 0.322104
4 -0.827346 -0.668658 0.318815
4 -0.879594 -0.341491 0.312403
1 -0.866446 -0.421366 0.314283
2 -0.752235 -0.755938 0.3213
1 -0.768774 -0.638862 0.323616
1 -0.787188 -0.582071 0.321516
5 -0.743421 -0.849453 0.330799
2 -0.672584 -1.21402 0.325443
1 -0.693826 -1.156 0.32342
2 -0.685966 -1.17472 0.319068
3 -0.717976 -0.979713 0.324144
1 -0.744172 -0.972433 0.320264
4 -0.772603 -0.858631 0.321193
3 -0.771077 -0.869997 0.317828
2 -0.76062 -0.795933 0.322156
3 -0.790073 -0.740868 0.319993
4 -0.770594 -0.778914 0.322183
2 -0.836771 -0.635749 0.31338
1 -0.805623 -0.705211 0.309941
6 -0.769314 -0.823656 0.316954
1 -0.784246 -0.772116 0.315332
3 -0.772328 -0.850807 0.314549
2 -0.773363 -0.780521 0.311605
2 -0.699719 -1.02275 0.317916
2 -0.794885 -0.61548 0.325674
2 -0.87909 -0.39045 0.315807
5 -0.801811 -0.718986 0.316106
3 -0.776439 -0.770196 0.320584
3 -0.710495 -0.857702 0.323653
2 -0.704311 -0.844411 0.322994
3 -0.664825 -1.13343 0.323412
1 -0.673641 -1.07472 0.321516
2 -0.665434 -1.0715 0.324115
7 -0.710827 -0.894266 0.325383
6 -0.681586 -0.932137 0.326946
5 -0.705547 -0.977178 0.326847
4 -0.669642 -1.06055 0.327894
6 -0.727308 -0.979896 0.317251
2 -0.73525 -0.932226 0.313662
2 -0.734416 -0.930133 0.319632
8 -0.714163 -0.893722 0.324111
4 -0.685288 -0.998363 0.328351
3 -0.691241 -0.999489 0.329904
4 -0.711969 -0.906691 0.327587
3 -0.79002 -0.656514 0.311859
1 -0.74452 -0.958989 0.311078
2 -0.702219 -1.07366 0.317857
5 -0.702808 -1.07163 0.317826
1 -0.735269 -0.904393 0.315925
2 -0.72322 -0.919111 0.316562
1 -0.734912 -0.814376 0.319046
1 -0.724034 -0.903503 0.31855
1 -0.76157 -0.675626 0.319298
2 -0.85001 -0.483127 0.317139
3 -0.734366 -0.876385 0.324144
1 -0.750031 -0.882868 0.319339
1 -0.780955 -0.69628 0.321252
1 -0.711057 -0.824715 0.327298
3 -0.712891 -0.852372 0.324966
6 -0.675349 -1.11925 0.320202
2 -0.652607 -1.24918 0.318159
2 -0.716422 -1.20963 0.311957
3 -0.765362 -0.934439 0.313275
2 -0.733882 -1.07945 0.316078
2 -0.815554 -0.536503 0.31978
1 -0.783533 -0.60577 0.3207
1 -0.811917 -0.512798 0.317284
3 -0.722264 -0.95692 0.323331
3 -0.690685 -1.00917 0.329799
6 -0.752041 -1.02536 0.31797
8 -0.693822 -0.941484 0.325642
6 -0.740978 -0.890787 0.315657
2 -0.782445 -0.71831 0.311762
1 -0.838763 -0.411443 0.319912
1 -0.752239 -0.787934 0.313252
2 -0.743726 -0.7719 0.312357
1 -0.78319 -0.594905 0.314211
3 -0.772971 -0.721679 0.314055
1 -0.808204 -0.575767 0.315452
4 -0.746177 -0.798006 0.32117
2 -0.74961 -0.807747 0.31832
1 -0.723345 -1.03756 0.317078
2 -0.771821 -0.680404 0.320341
2 -0.819406 -0.606648 0.312863
5 -0.669509 -1.32583 0.321107
2 -0.710534 -1.06035 0.314298
3 -0.797902 -0.806246 0.306397
1 -0.813151 -0.680887 0.31032
5 -0.777555 -0.856672 0.31439
1 -0.781324 -0.702201 0.322916
4 -0.771475 -0.718193 0.326471
2 -0.779177 -0.633546 0.32661
5 -0.865683 -0.577626 0.305929
1 -0.868779 -0.499759 0.306555
2 -0.70651 -1.08174 0.31624
1 -0.659442 -1.31672 0.320041
4 -0.8085 -0.806835 0.31061
2 -0.806186 -0.782063 0.317101
1 -0.793379 -0.812675 0.320415
2 -0.783735 -0.837884 0.322998
3 -0.669746 -1.13512 0.329573
5 -0.69474 -1.01705 0.329044
3 -0.6941 -1.04553 0.321741
6 -0.695576 -1.08074 0.32304
4 -0.758376 -0.777194 0.319451
1 -0.836633 -0.599519 0.312743
2 -0.768325 -0.837809 0.315665
4 -0.697416 -1.01483 0.322932
1 -0.773355 -0.770904 0.320843
1 -0.62739 -1.2852 0.3246
2 -0.678351 -1.03626 0.322293
3 -0.700791 -0.96124 0.317626
2 -0.632955 -1.30529 0.320537
1 -0.723113 -0.858752 0.322249
2 -0.775384 -0.712479 0.312944
4 -0.856163 -0.41082 0.315966
3 -0.757682 -0.871341 0.323823
2 -0.741713 -0.845652 0.32544
1 -0.723926 -0.950788 0.327719
1 -0.657007 -1.21042 0.330244
1 -0.688126 -1.08283 0.32277
1 -0.710108 -1.0348 0.323621
1 -0.666787 -1.22331 0.323891
1 -0.592913 -1.46243 0.329175
5 -0.771265 -0.669008 0.323522
2 -0.832749 -0.613719 0.316082
1 -0.84621 -0.552192 0.312189
4 -0.779539 -0.855957 0.31925
7 -0.779539 -0.855956 0.31925
9 -0.75572 -0.889681 0.323107
5 -0.755547 -0.816797 0.317566
1 -0.793409 -0.651311 0.323606
3 -0.765925 -0.830528 0.321701
1 -0.705274 -0.901545 0.330763
2 -0.693497 -1.0953 0.321043
1 -0.731916 -0.985814 0.322316
2 -0.81334 -0.741881 0.317168
2 -0.869396 -0.599769 0.304786
1 -0.817004 -0.572562 0.314095
2 -0.762083 -0.710165 0.326299
1 -0.735315 -0.815037 0.326321
3 -0.832096 -0.609028 0.317934
1 -0.811616 -0.640999 0.318244
11 -0.74618 -0.806368 0.326413
2 -0.728817 -0.903435 0.327082
2 -0.749038 -0.756893 0.331967
1 -0.678348 -1.09942 0.32944
1 -0.783852 -0.779637 0.322529
1 -0.784259 -0.711288 0.322661
3 -0.741653 -0.929498 0.320097
3 -0.727794 -0.92801 0.320295
5 -0.702054 -1.06404 0.320724
1 -0.676528 -1.21258 0.31939
1 -0.795602 -0.76808 0.310539
2 -0.773716 -0.838954 0.314876
3 -0.774761 -0.713014 0.320616
3 -0.758724 -0.840858 0.319227
2 -0.807756 -0.748036 0.312237
2 -0.810795 -0.762598 0.311435
2 -0.787447 -0.716801 0.321502
2 -0.810634 -0.675808 0.321886
1 -0.824736 -0.596238 0.322216
10 -0.760731 -0.953949 0.32004
1 -0.752343 -0.906495 0.320985
1 -0.72711 -0.804962 0.32036
2 -0.797529 -0.748653 0.316051
2 -0.75525 -0.953555 0.314948
7 -0.67864 -1.21779 0.318084
11 -0.679896 -1.17156 0.319174
1 -0.699939 -1.0596 0.314995
1 -0.786331 -0.45901 0.324845
2 -0.712774 -0.850553 0.320977
4 -0.786395 -0.567037 0.317305
1 -0.796974 -0.565393 0.315047
1 -0.848641 -0.33651 0.317271
1 -0.752365 -0.860782 0.326056
4 -0.752276 -0.822132 0.327074
6 -0.754447 -0.78853 0.328047
2 -0.803902 -0.522709 0.324366
1 -0.67358 -1.13722 0.326008
5 -0.648616 -1.27505 0.325163
1 -0.641698 -1.17067 0.32813
5 -0.776988 -0.83233 0.317951
4 -0.672807 -1.10966 0.329335
6 -0.690263 -1.03631 0.322667
2 -0.695761 -1.02078 0.32151
4 -0.724324 -0.955115 0.318513
1 -0.754817 -0.871122 0.31356
2 -0.827253 -0.602608 0.313571
3 -0.813129 -0.6119 0.312775
9 -0.848587 -0.516544 0.311134
3 -0.774299 -0.752457 0.319972
1 -0.734424 -0.850972 0.327608
3 -0.761129 -0.793823 0.325307
8 -0.742968 -1.01348 0.32007
2 -0.757644 -0.770442 0.325974
6 -0.798821 -0.649912 0.321403
1 -0.781025 -0.711622 0.321679
4 -0.689768 -1.16029 0.323137
5 -0.727868 -1.0489 0.318776
1 -0.729195 -0.922573 0.319267
1 -0.823245 -0.597315 0.310556
2 -0.844983 -0.54967 0.309405
3 -0.830534 -0.46651 0.317403
1 -0.772608 -0.610761 0.322568
2 -0.680984 -1.10016 0.323418
3 -0.643974 -1.14482 0.32699
1 -0.661487 -1.28309 0.316513
1 -0.824371 -0.783997 0.308553
1 -0.843336 -0.773861 0.304577
1 -0.779253 -0.677974 0.324516
2 -0.744164 -0.819437 0.317217
4 -0.737759 -0.898206 0.315422
2 -0.735601 -0.855766 0.322973
1 -0.80341 -0.522465 0.327858
1 -0.803682 -0.688246 0.320884
1 -0.805091 -0.6808 0.319778
6 -0.746278 -0.812747 0.324955
1 -0.689858 -1.03109 0.32822
5 -0.708957 -1.01096 0.327507
2 -0.75555 -0.746798 0.319321
2 -0.761007 -0.685746 0.324373
3 -0.727882 -0.848327 0.323938
3 -0.762623 -0.907388 0.316254
4 -0.751943 -0.850947 0.320491
3 -0.809166 -0.596257 0.319024
3 -0.770784 -0.699394 0.318782
4 -0.778443 -0.701411 0.317999
3 -0.773769 -0.865431 0.312792
1 -0.713854 -1.1619 0.315284
1 -0.711276 -1.03834 0.320292
3 -0.766683 -0.711007 0.317969
10 -0.728066 -0.892652 0.316252
2 -0.73987 -0.880459 0.314611
2 -0.679404 -1.03552 0.327309
1 -0.690082 -0.99372 0.324809
1 -0.713326 -0.904987 0.323515
1 -0.842193 -0.40666 0.317925
4 -0.836184 -0.486178 0.326297
2 -0.767331 -0.791249 0.32274
6 -0.744737 -0.776905 0.329901
2 -0.697985 -1.06458 0.314859
2 -0.745208 -1.00371 0.311551
1 -0.760919 -0.858748 0.315281
1 -0.716439 -1.02635 0.315922
1 -0.706979 -0.936068 0.317997
1 -0.701702 -0.922946 0.331874
3 -0.76958 -0.72055 0.322567
5 -0.677792 -1.19179 0.321157
2 -0.735364 -1.02557 0.313595
2 -0.784466 -0.788654 0.315646
3 -0.770969 -0.777659 0.317527
1 -0.768463 -0.790622 0.318351
1 -0.808001 -0.56345 0.321116
1 -0.847586 -0.462155 0.317568
3 -0.874362 -0.40085 0.313641
1 -0.83565 -0.52075 0.313569
1 -0.807742 -0.658138 0.312377
4 -0.738853 -0.840845 0.325417
3 -0.778406 -0.895751 0.313055
1 -0.798559 -0.776315 0.315913
4 -0.742019 -0.968773 0.316149
4 -0.815504 -0.648552 0.311563
1 -0.833417 -0.661704 0.311851
6 -0.834348 -0.614873 0.316648
1 -0.788996 -0.70031 0.318425
3 -0.696414 -1.09634 0.318527
1 -0.759648 -0.963813 0.308497
8 -0.760258 -0.926297 0.311227
6 -0.76652 -0.838855 0.318181
1 -0.73622 -0.908914 0.322612
2 -0.721759 -0.837894 0.324832
2 -0.666958 -1.26834 0.324452
1 -0.716531 -1.06182 0.312092
2 -0.624277 -1.20878 0.323373
2 -0.644039 -1.34234 0.327443
1 -0.639795 -1.33281 0.325554
4 -0.844843 -0.475974 0.316237
3 -0.707625 -0.85164 0.329853
1 -0.739444 -0.815061 0.323777
2 -0.705737 -1.00691 0.323221
3 -0.777526 -0.720391 0.322211
1 -0.831147 -0.463766 0.31767
8 -0.730332 -0.968313 0.319658
1 -0.791515 -0.782289 0.314843
4 -0.796898 -0.751586 0.315331
1 -0.737293 -1.04265 0.31529
1 -0.711902 -1.16518 0.31392
2 -0.747206 -1.07177 0.311389
2 -0.746308 -0.966867 0.315261
2 -0.824119 -0.617266 0.313081
1 -0.865951 -0.500957 0.310492
1 -0.788058 -0.806251 0.318415
1 -0.786353 -0.758257 0.316234
3 -0.775784 -0.792427 0.319748
4 -0.779607 -0.68818 0.322159
7 -0.713254 -0.921211 0.326772
1 -0.704573 -0.981791 0.318424
3 -0.794045 -0.701008 0.312979
2 -0.825984 -0.670321 0.310076
2 -0.797423 -0.798324 0.315485
2 -0.805687 -0.774793 0.32126
2 -0.775179 -0.955144 0.315429
1 -0.806324 -0.847844 0.313155
2 -0.75502 -1.04502 0.317921
1 -0.7678 -0.842428 0.321045
2 -0.709297 -1.09554 0.319223
1 -0.676599 -1.11093 0.321001
3 -0.739635 -0.744716 0.326435
1 -0.738741 -0.742037 0.326685
2 -0.725372 -0.910067 0.316021
4 -0.710688 -0.904747 0.323579
1 -0.669909 -1.04747 0.322298
3 -0.639075 -1.13044 0.328141
2 -0.695802 -0.867882 0.323611
5 -0.777318 -0.788461 0.313281
2 -0.776587 -0.806464 0.309362
1 -0.715731 -1.13627 0.309084
4 -0.725185 -0.972616 0.314632
7 -0.698313 -1.07927 0.319566
7 -0.738341 -0.899528 0.324381
1 -0.718209 -0.895034 0.322449
1 -0.723902 -1.00691 0.31881
2 -0.685244 -1.15748 0.32146
2 -0.74373 -0.912648 0.314987
3 -0.841713 -0.509029 0.316564
2 -0.718356 -1.01463 0.322042
7 -0.729043 -0.951502 0.324991
1 -0.734172 -0.933525 0.325819
7 -0.715057 -0.97351 0.32767
3 -0.763674 -0.871879 0.314435
5 -0.729409 -1.09459 0.314019
2 -0.78423 -0.719619 0.318423
2 -0.721988 -0.868917 0.316268
1 -0.707815 -0.906903 0.317576
2 -0.669694 -1.24772 0.322572
1 -0.65303 -1.19458 0.326708
3 -0.728046 -0.824977 0.327919
4 -0.694745 -1.01369 0.323807
1 -0.686768 -1.05918 0.321994
1 -0.794203 -0.853643 0.306819
2 -0.698364 -1.23102 0.316525
1 -0.747648 -1.06532 0.313406
3 -0.74107 -1.08584 0.314639
6 -0.600796 -1.58358 0.315986
1 -0.602395 -1.5696 0.315933
2 -0.627768 -1.45655 0.320056
3 -0.576561 -1.58395 0.323499
2 -0.645968 -1.37474 0.321397
3 -0.813097 -0.606738 0.316952
1 -0.711515 -0.86649 0.323861
2 -0.683683 -0.984099 0.327044
1 -0.731083 -0.794612 0.327104
1 -0.733903 -0.76407 0.324177
6 -0.738796 -0.98747 0.322524
2 -0.717831 -0.94398 0.322312
1 -0.661236 -1.18306 0.320398
2 -0.795353 -0.786854 0.313407
1 -0.789507 -0.841122 0.309742
1 -0.792171 -0.823203 0.309993
4 -0.797116 -0.788315 0.311154
3 -0.843147 -0.688234 0.307437
2 -0.700233 -1.09801 0.314183
2 -0.679964 -0.992813 0.325687
3 -0.694474 -1.00382 0.322023
2 -0.754733 -0.895579 0.315157
5 -0.805179 -0.669664 0.315927
2 -0.768444 -0.886706 0.312071
1 -0.763464 -0.8599 0.31381
1 -0.684876 -1.10046 0.326472
2 -0.654916 -1.08876 0.328487
1 -0.726124 -0.96161 0.317619
1 -0.707885 -1.04288 0.313613
3 -0.832901 -0.488644 0.315051
2 -0.801059 -0.624395 0.31626
2 -0.790643 -0.650111 0.316905
1 -0.773517 -0.814033 0.317471
1 -0.724589 -0.940192 0.322443
1 -0.687982 -1.09069 0.322195
3 -0.592265 -1.3506 0.328379
3 -0.555215 -1.50475 0.330231
1 -0.616236 -1.40949 0.324046
7 -0.695101 -1.09708 0.319443
2 -0.671743 -1.14542 0.326329
1 -0.788601 -0.848274 0.310033
5 -0.784475 -0.85701 0.310261
1 -0.716717 -1.09847 0.318629
1 -0.707729 -1.06786 0.316248
3 -0.794448 -0.790317 0.315263
2 -0.794247 -0.766784 0.316108
1 -0.789542 -0.76836 0.316915
3 -0.798767 -0.804877 0.318867
1 -0.74354 -0.958223 0.319456
1 -0.743271 -0.870898 0.320304
3 -0.771742 -0.753106 0.317941
3 -0.773663 -0.816083 0.316462
2 -0.779336 -0.849936 0.314024
2 -0.790295 -0.677311 0.319854
2 -0.774003 -0.78357 0.317464
2 -0.75657 -0.845953 0.318764
1 -0.744829 -0.932016 0.318235
1 -0.78535 -0.708362 0.311444
4 -0.790332 -0.715505 0.320075
3 -0.766599 -0.785485 0.325097
3 -0.75973 -0.806081 0.32726
7 -0.742451 -0.949758 0.321846
3 -0.710103 -1.09513 0.322309
1 -0.69486 -1.11915 0.321717
2 -0.65207 -1.24721 0.324687
3 -0.707012 -1.0949 0.324344
4 -0.822664 -0.576583 0.316987
1 -0.79481 -0.484245 0.324599
8 -0.767645 -0.628044 0.322071
1 -0.846785 -0.469634 0.318329
1 -0.811442 -0.519942 0.321794
2 -0.756026 -0.879907 0.327588
2 -0.825259 -0.609444 0.326017
1 -0.740151 -0.826704 0.326336
10 -0.785874 -0.683007 0.325221
2 -0.784422 -0.686564 0.326431
3 -0.737732 -0.792582 0.327274
2 -0.74661 -0.849631 0.323024
10 -0.738245 -0.828559 0.32427
3 -0.757853 -0.703194 0.327798
1 -0.714722 -0.879553 0.329723
2 -0.721635 -0.93931 0.32725
1 -0.72953 -0.836274 0.323562
6 -0.7185 -0.886996 0.325906
5 -0.732328 -0.896263 0.323706
3 -0.676298 -1.22334 0.325501
1 -0.716042 -0.971904 0.322643
1 -0.692568 -1.12287 0.324414
2 -0.765088 -0.842725 0.320333
4 -0.758822 -0.904209 0.320086
4 -0.803643 -0.689844 0.322113
4 -0.6706 -0.970536 0.337061
5 -0.626029 -1.11089 0.339458
2 -0.593224 -1.33472 0.331552
1 -0.623909 -1.44692 0.327497
1 -0.677313 -1.24302 0.320678
2 -0.745539 -0.892708 0.318475
3 -0.75298 -0.807159 0.322676
3 -0.782713 -0.674294 0.320886
3 -0.777682 -0.626291 0.321507
3 -0.790741 -0.681747 0.315302
3 -0.78852 -0.69069 0.315105
7 -0.757761 -0.693251 0.324939
2 -0.760498 -0.84068 0.319851
1 -0.770964 -0.756255 0.318975
1 -0.687881 -1.06836 0.323194
1 -0.684607 -1.03371 0.327939
10 -0.825553 -0.649212 0.316654
1 -0.7445 -0.986572 0.313641
1 -0.853926 -0.622107 0.306893
2 -0.869639 -0.510087 0.314272
3 -0.899443 -0.331797 0.315407
1 -0.82028 -0.568918 0.311985
2 -0.879247 -0.415036 0.302777
5 -0.661073 -1.1976 0.322618
1 -0.646853 -1.24025 0.323885
5 -0.724773 -1.0435 0.321285
2 -0.771714 -0.78863 0.315177
3 -0.697702 -1.01565 0.324242
2 -0.700515 -1.14612 0.325294
1 -0.634113 -1.34653 0.318809
2 -0.675184 -1.23666 0.316225
1 -0.694913 -1.22174 0.316355
1 -0.736707 -1.0227 0.313267
5 -0.795854 -0.74392 0.316823
3 -0.773985 -0.605408 0.315893
2 -0.706372 -0.828272 0.319129
5 -0.765747 -0.558306 0.321107
2 -0.757718 -0.628045 0.316565
2 -0.82456 -0.418194 0.313539
1 -0.6849 -1.07282 0.322424
1 -0.716602 -0.8963 0.323267
8 -0.658735 -1.23457 0.326401
1 -0.749372 -0.888912 0.328079
4 -0.793003 -0.864909 0.313671
1 -0.648161 -1.10347 0.326072
2 -0.661824 -1.0539 0.327115
4 -0.651786 -1.3045 0.318255
3 -0.725536 -1.00688 0.320783
1 -0.777402 -0.725712 0.313773
1 -0.735318 -0.973545 0.314362
3 -0.740629 -0.946147 0.316136
2 -0.741839 -0.974828 0.315627
3 -0.790534 -0.799513 0.316026
3 -0.77122 -0.689546 0.325587
2 -0.80489 -0.689586 0.308146
1 -0.735539 -0.890737 0.322473
3 -0.785995 -0.850472 0.315494
1 -0.782018 -0.85716 0.31521
6 -0.738055 -1.00455 0.317133
1 -0.712724 -1.01747 0.320458
1 -0.701207 -1.0755 0.320622
2 -0.761342 -0.747087 0.319517
1 -0.777838 -0.70236 0.314025
4 -0.77967 -0.792457 0.313712
2 -0.751402 -1.07023 0.313456
1 -0.738388 -1.10618 0.315328
2 -0.798193 -0.822103 0.317092
2 -0.751179 -1.03368 0.319982
3 -0.749313 -1.08544 0.316517
1 -0.733125 -1.1203 0.317309
