# weight w wa omegam (DESI DR2 base_w_wa, desi-bao-all + planck2018-lowl-TT/EE + NPIPE CamSpec TTTEEE + ACT DR6 lensing + pantheonplus; every 4th weighted sample of chains 1-4; source data.desi.lbl.gov/public/papers/y3/bao-cosmo-params)
1 -0.955681 -0.00876934 0.327395
1 -0.827892 -0.465525 0.329424
2 -0.889138 -0.451478 0.316022
1 -0.896092 -0.58904 0.303409
5 -0.935542 -0.417942 0.295435
2 -0.932405 -0.294329 0.301741
3 -0.924731 -0.334077 0.304531
1 -0.854983 -0.477384 0.316471
4 -0.849024 -0.532819 0.316566
5 -0.876568 -0.459793 0.313367
5 -0.81742 -0.718047 0.30553
2 -0.753313 -0.978631 0.31702
2 -0.805465 -0.913955 0.312566
3 -0.926217 -0.455204 0.303569
2 -0.819349 -0.745862 0.304467
4 -0.776512 -0.873 0.312874
6 -0.816529 -0.653521 0.313588
3 -0.821308 -0.753063 0.30518
1 -0.871591 -0.559011 0.300635
1 -0.784844 -0.768839 0.311327
1 -0.793358 -0.704523 0.309527
6 -0.834042 -0.871339 0.292262
1 -0.701988 -1.24768 0.306078
1 -0.699829 -1.26948 0.307827
2 -0.762922 -0.95571 0.309137
1 -0.848801 -0.61822 0.306001
2 -0.840915 -0.539884 0.308014
2 -0.823724 -0.781083 0.301019
4 -0.853395 -0.516804 0.310981
4 -0.808867 -0.850348 0.318525
1 -0.819317 -0.67065 0.319479
1 -0.817238 -0.587395 0.32476
3 -0.798078 -0.70216 0.310651
1 -0.798296 -0.70377 0.3104
3 -0.816943 -0.706928 0.305836
3 -0.790095 -0.758444 0.315063
6 -0.800657 -0.74204 0.309807
3 -0.797731 -0.725191 0.311203
5 -0.794383 -0.685883 0.318669
1 -0.768159 -0.772513 0.325219
1 -0.785542 -0.738286 0.317314
3 -0.801067 -0.724913 0.317613
3 -0.827458 -0.742893 0.310663
2 -0.92653 -0.281329 0.313043
2 -0.904993 -0.402733 0.310367
4 -0.91926 -0.367335 0.307315
1 -0.860345 -0.528506 0.315673
3 -0.844542 -0.582069 0.316955
4 -0.775029 -0.82477 0.31488
1 -0.751457 -0.839112 0.31767
1 -0.77232 -0.846247 0.31813
7 -0.823172 -0.897391 0.302834
3 -0.787823 -0.986919 0.300296
2 -0.8116 -0.863816 0.302976
5 -0.875439 -0.542179 0.302514
2 -0.915119 -0.464318 0.298724
1 -0.907023 -0.351303 0.307521
3 -0.949527 -0.078593 0.308566
2 -0.975713 0.037619 0.307121
6 -0.908983 -0.235588 0.306269
3 -0.861302 -0.542017 0.306229
2 -0.856736 -0.566748 0.304458
2 -0.856029 -0.550547 0.307187
1 -0.871723 -0.387771 0.313658
6 -0.807123 -0.541823 0.321643
2 -0.795262 -0.639651 0.324661
5 -0.793704 -0.64467 0.324484
10 -0.83296 -0.46155 0.322474
3 -0.930017 -0.336576 0.309668
2 -0.888125 -0.344126 0.315628
1 -0.858093 -0.422362 0.315278
2 -0.858143 -0.507844 0.313959
3 -0.884738 -0.507352 0.308284
6 -0.808236 -0.623181 0.310207
8 -0.91908 -0.362496 0.307369
1 -0.793265 -0.640175 0.322758
1 -0.795866 -0.560788 0.320309
5 -0.817674 -0.576755 0.318987
2 -0.903167 -0.296885 0.310582
2 -0.924725 -0.200306 0.31141
1 -0.913282 -0.313137 0.309789
2 -0.914297 -0.3094 0.309793
2 -0.947568 -0.289233 0.300805
1 -0.826272 -0.563363 0.312338
5 -0.791869 -0.738399 0.311918
2 -0.788987 -0.779099 0.313199
3 -0.784711 -0.619146 0.316471
3 -0.827224 -0.520341 0.312684
2 -0.776993 -0.793304 0.318748
1 -0.814334 -0.584936 0.313085
1 -0.858273 -0.378778 0.309835
3 -0.903389 -0.33068 0.305347
6 -0.887308 -0.424786 0.305231
2 -0.815252 -0.610741 0.314371
3 -0.751566 -0.965918 0.314048
6 -0.746326 -1.01566 0.314249
2 -0.7826 -0.767214 0.314531
2 -0.781819 -0.777614 0.314543
1 -0.791353 -0.755951 0.315544
1 -0.803024 -0.678682 0.31816
5 -0.854287 -0.523725 0.313896
8 -0.777057 -0.76261 0.315772
7 -0.856258 -0.586143 0.312287
1 -0.810679 -0.863514 0.317397
1 -0.835091 -0.79027 0.316526
1 -0.802945 -0.950711 0.29868
1 -0.800878 -0.972891 0.298514
2 -0.800056 -0.972925 0.29883
3 -0.84173 -0.747066 0.302678
1 -0.782881 -0.646083 0.316595
3 -0.844539 -0.490455 0.309205
1 -0.809232 -0.514258 0.317535
5 -0.779684 -0.622542 0.318655
2 -0.711015 -0.905088 0.327325
1 -0.799367 -0.663348 0.31958
1 -0.846544 -0.596823 0.317739
2 -0.826076 -0.770055 0.314196
6 -0.859681 -0.615806 0.314046
1 -0.893257 -0.503539 0.313467
3 -0.965247 -0.254752 0.303368
3 -0.900602 -0.495612 0.307961
2 -0.873615 -0.598365 0.303625
1 -0.882672 -0.523528 0.305866
3 -0.909072 -0.418301 0.305801
2 -0.886936 -0.443408 0.30535
5 -0.893657 -0.36638 0.306415
3 -0.838833 -0.503842 0.31263
7 -0.791981 -0.700051 0.313897
1 -0.824981 -0.586021 0.318038
9 -0.906755 -0.434787 0.305364
5 -0.843068 -0.53395 0.310189
1 -0.820783 -0.619219 0.316058
5 -0.857119 -0.618282 0.30915
8 -0.833871 -0.716414 0.311949
2 -0.800008 -0.83624 0.312466
1 -0.81521 -0.862618 0.303133
3 -0.805965 -0.860014 0.305289
2 -0.835054 -0.750797 0.305722
2 -0.784931 -0.893402 0.314754
3 -0.839898 -0.61252 0.313874
6 -0.791979 -0.759446 0.311254
8 -0.771324 -0.853697 0.309906
1 -0.790874 -0.886367 0.31322
4 -0.79297 -0.905094 0.311051
1 -0.869043 -0.628617 0.3073
4 -0.929037 -0.268314 0.308615
3 -0.872554 -0.547153 0.307033
1 -0.832199 -0.628886 0.314386
3 -0.845742 -0.573581 0.314758
1 -0.859159 -0.472493 0.311824
2 -0.900842 -0.332348 0.308992
1 -0.91005 -0.40665 0.308281
6 -0.884245 -0.491233 0.311708
2 -0.90055 -0.395708 0.309625
1 -0.84292 -0.475912 0.315213
2 -0.846873 -0.548155 0.313566
1 -0.916546 -0.375811 0.300383
1 -0.877425 -0.439133 0.307382
1 -0.845298 -0.644214 0.311711
1 -0.7906 -0.75654 0.314807
10 -0.843864 -0.586611 0.313546
3 -0.840897 -0.587057 0.313248
2 -0.840401 -0.579831 0.315747
2 -0.830496 -0.645548 0.310262
4 -0.775817 -0.985451 0.317078
2 -0.856653 -0.737285 0.306149
2 -0.860026 -0.554448 0.308568
5 -0.796301 -0.844092 0.30925
2 -0.838782 -0.570765 0.305108
2 -0.793338 -0.776009 0.312802
1 -0.853874 -0.45919 0.315473
5 -0.83817 -0.458118 0.3191
3 -0.841411 -0.428517 0.320031
1 -0.70741 -0.999554 0.325165
3 -0.717232 -1.00311 0.324692
5 -0.765615 -0.962153 0.315679
4 -0.785556 -0.875338 0.309757
2 -0.787549 -0.792885 0.316887
3 -0.828182 -0.625873 0.31437
4 -0.807424 -0.640328 0.317516
2 -0.832996 -0.620215 0.308808
11 -0.832494 -0.612736 0.309299
5 -0.764348 -0.769356 0.315667
3 -0.742769 -1.00583 0.313978
3 -0.854478 -0.481891 0.306763
1 -0.880118 -0.515645 0.301289
1 -0.845052 -0.774407 0.303948
8 -0.85798 -0.694735 0.307564
1 -0.905454 -0.280478 0.303417
3 -0.807594 -0.544436 0.325939
2 -0.806512 -0.554412 0.325911
2 -0.83844 -0.366307 0.318675
5 -0.882633 -0.291365 0.317355
3 -0.883022 -0.330184 0.314278
5 -0.925399 -0.262396 0.304522
1 -0.899911 -0.369681 0.307488
1 -0.850635 -0.623289 0.311833
4 -0.798185 -0.795381 0.317189
3 -0.780156 -0.82997 0.317514
1 -0.836811 -0.718589 0.31451
2 -0.861504 -0.600913 0.313716
1 -0.831395 -0.695151 0.308068
1 -0.866318 -0.551317 0.304417
3 -0.793219 -0.80511 0.312475
1 -0.831937 -0.69402 0.312888
2 -0.813044 -0.80475 0.315247
3 -0.800128 -0.762981 0.311304
5 -0.784576 -0.754719 0.319755
1 -0.832448 -0.53151 0.318897
4 -0.870317 -0.48826 0.304973
11 -0.818537 -0.674783 0.308554
2 -0.890781 -0.452026 0.308739
1 -0.935967 -0.383095 0.301005
3 -0.901854 -0.47218 0.301936
1 -0.795372 -0.86336 0.308655
13 -0.806336 -0.714587 0.310613
12 -0.756823 -0.831858 0.318233
2 -0.801073 -0.697568 0.318391
2 -0.830823 -0.626957 0.312777
6 -0.836897 -0.671446 0.310804
2 -0.821638 -0.727066 0.313335
2 -0.766603 -0.9 0.315815
2 -0.780039 -0.846898 0.318724
3 -0.854564 -0.660476 0.311563
1 -0.869227 -0.577836 0.312393
1 -0.797282 -0.750158 0.316283
5 -0.811679 -0.729835 0.315771
1 -0.841011 -0.68917 0.315134
1 -0.859918 -0.504317 0.314874
1 -0.850267 -0.42747 0.314936
2 -0.761375 -0.999779 0.310697
3 -0.79835 -0.990549 0.30618
2 -0.763433 -0.729052 0.318811
2 -0.803841 -0.663776 0.311872
2 -0.79746 -0.781906 0.314277
3 -0.820208 -0.679116 0.311663
2 -0.832185 -0.626797 0.309653
4 -0.845275 -0.532852 0.307802
1 -0.831956 -0.546067 0.309699
2 -0.787773 -0.738111 0.312472
2 -0.774021 -0.711343 0.31736
2 -0.75233 -0.766287 0.319197
1 -0.76679 -0.901263 0.317177
2 -0.765595 -0.829738 0.317415
2 -0.842779 -0.498147 0.313032
4 -0.812088 -0.728953 0.310151
1 -0.824865 -0.772893 0.311146
6 -0.794618 -0.779377 0.317856
2 -0.768653 -0.883403 0.323428
1 -0.809166 -0.745481 0.313865
4 -0.760488 -0.996418 0.311194
4 -0.880255 -0.478528 0.308705
2 -0.787634 -0.797284 0.315695
7 -0.846391 -0.554875 0.310556
2 -0.836635 -0.547744 0.311197
6 -0.796373 -0.78336 0.302008
1 -0.944352 -0.251015 0.298594
6 -0.900359 -0.411228 0.303057
2 -0.758849 -0.841243 0.31665
1 -0.799959 -0.775514 0.317548
2 -0.778805 -0.987469 0.310732
2 -0.798274 -0.78061 0.317645
2 -0.859477 -0.500772 0.315243
4 -0.81204 -0.953741 0.311218
2 -0.806691 -0.893787 0.315274
1 -0.865963 -0.427471 0.316646
4 -0.896029 -0.387632 0.307996
2 -0.901141 -0.344306 0.310514
7 -0.908949 -0.424894 0.309074
3 -0.936335 -0.286186 0.315684
3 -0.871639 -0.476554 0.311512
3 -0.849361 -0.588382 0.313578
2 -0.860013 -0.679098 0.310595
2 -0.933902 -0.349214 0.30619
5 -0.928029 -0.315891 0.3001
1 -0.836183 -0.72324 0.30274
2 -0.830271 -0.630559 0.306448
2 -0.876831 -0.49193 0.311864
4 -0.889867 -0.469563 0.31087
1 -0.868636 -0.527915 0.311395
1 -0.861364 -0.57552 0.309798
3 -0.800655 -0.771752 0.315176
1 -0.834545 -0.579803 0.312977
2 -0.850301 -0.537926 0.312245
1 -0.795594 -0.770748 0.314712
1 -0.871397 -0.438134 0.309854
2 -0.801164 -0.673752 0.31681
1 -0.795028 -0.814782 0.31649
2 -0.78907 -0.825189 0.320169
1 -0.795039 -0.799739 0.318429
7 -0.7941 -0.795239 0.318317
3 -0.84076 -0.581032 0.317493
1 -0.896162 -0.544099 0.313034
2 -0.922273 -0.397154 0.307004
1 -0.951877 -0.190189 0.303594
4 -0.850117 -0.562852 0.304097
2 -0.873062 -0.529032 0.301959
8 -0.943881 -0.372585 0.293727
5 -0.86821 -0.494518 0.305344
7 -0.874604 -0.458901 0.307164
5 -0.878029 -0.472669 0.307169
3 -0.788541 -0.947787 0.310018
1 -0.825899 -0.87421 0.306924
1 -0.852492 -0.70968 0.304275
5 -0.851133 -0.611762 0.307961
1 -0.892326 -0.585024 0.304851
4 -0.84973 -0.626785 0.310773
2 -0.838958 -0.661403 0.312647
4 -0.86791 -0.560387 0.307275
1 -0.84886 -0.612174 0.308593
1 -0.839695 -0.789774 0.302294
2 -0.761247 -0.951853 0.311037
2 -0.778828 -0.776212 0.312741
2 -0.834254 -0.606248 0.306386
2 -0.766701 -0.752377 0.323714
4 -0.866492 -0.725721 0.302851
1 -0.916022 -0.570607 0.298243
1 -0.925527 -0.264939 0.302604
3 -0.861083 -0.481155 0.310405
2 -0.84518 -0.490396 0.310321
2 -0.84628 -0.524641 0.310724
3 -0.852316 -0.496303 0.311931
3 -0.798208 -0.687714 0.316444
1 -0.808541 -0.712135 0.31637
3 -0.819939 -0.549628 0.311133
3 -0.799726 -0.662373 0.314386
1 -0.900976 -0.401683 0.304052
2 -0.812692 -0.686443 0.309181
1 -0.783351 -0.829756 0.315728
2 -0.801135 -0.776394 0.316978
1 -0.881594 -0.513974 0.307448
3 -0.86501 -0.443156 0.311843
1 -0.930724 -0.234899 0.309204
1 -0.935884 -0.215842 0.308831
1 -0.908381 -0.483256 0.300696
2 -0.84238 -0.725736 0.298747
3 -0.864069 -0.629874 0.299456
1 -0.824023 -0.630755 0.308572
1 -0.822666 -0.503552 0.314736
4 -0.851881 -0.509492 0.314052
1 -0.858763 -0.50196 0.31108
4 -0.840668 -0.516887 0.314861
2 -0.85086 -0.45318 0.312688
4 -0.92994 -0.37534 0.302285
9 -0.928018 -0.380929 0.302774
2 -0.91747 -0.446995 0.302072
5 -0.831708 -0.651487 0.309534
2 -0.798203 -0.652697 0.317227
1 -0.713134 -1.00339 0.315738
3 -0.778593 -0.668456 0.325222
2 -0.817866 -0.530825 0.319553
1 -0.900761 -0.411051 0.304939
1 -0.779924 -0.82134 0.31517
2 -0.880529 -0.424822 0.314487
1 -0.815663 -0.515182 0.322201
1 -0.81167 -0.646499 0.307958
6 -0.886467 -0.575559 0.301441
1 -0.889569 -0.509233 0.300298
2 -0.905618 -0.429204 0.298645
2 -0.86834 -0.42022 0.309655
3 -0.834923 -0.566952 0.314381
7 -0.838148 -0.624291 0.312142
3 -0.788284 -0.822233 0.312385
1 -0.805508 -0.661381 0.314347
2 -0.817389 -0.653334 0.314017
1 -0.763711 -0.79029 0.316966
1 -0.802205 -0.725185 0.313663
1 -0.820528 -0.855109 0.31148
4 -0.829105 -0.696472 0.313854
1 -0.871556 -0.588023 0.306213
2 -0.82231 -0.806676 0.304784
6 -0.817274 -0.748804 0.303886
1 -0.828358 -0.732361 0.307014
3 -0.822898 -0.781426 0.307011
2 -0.736448 -0.957119 0.315689
5 -0.824035 -0.733105 0.306506
3 -0.756751 -0.89152 0.31272
2 -0.74095 -1.00088 0.313314
6 -0.866535 -0.480907 0.315033
1 -0.86312 -0.649051 0.307016
6 -0.851051 -0.519766 0.310026
3 -0.866606 -0.426438 0.310199
4 -0.857855 -0.342021 0.316787
3 -0.840054 -0.684182 0.310439
10 -0.835448 -0.473623 0.318674
4 -0.844654 -0.53719 0.312393
1 -0.788478 -0.597554 0.321154
2 -0.797022 -0.774061 0.308717
4 -0.856774 -0.708204 0.305614
1 -0.825034 -0.717277 0.306445
4 -0.809933 -0.796544 0.314013
2 -0.806257 -0.821884 0.313482
3 -0.8518 -0.554909 0.311876
2 -0.850986 -0.586982 0.309962
2 -0.746834 -0.835085 0.315948
4 -0.752794 -0.847335 0.322855
4 -0.786377 -0.752064 0.325028
2 -0.824999 -0.680663 0.320233
2 -0.952089 -0.349291 0.308675
6 -0.908381 -0.447145 0.306667
1 -0.88573 -0.523542 0.30995
4 -0.888918 -0.444279 0.305526
1 -0.939016 -0.180161 0.308384
3 -0.946319 -0.244743 0.30395
2 -0.764653 -0.799464 0.317912
4 -0.818659 -0.718355 0.310147
1 -0.842731 -0.780287 0.301207
1 -0.853567 -0.635798 0.304706
2 -0.830599 -0.497308 0.312518
1 -0.845933 -0.427294 0.318619
1 -0.757178 -0.830278 0.322206
1 -0.783631 -0.69784 0.320836
1 -0.80091 -0.76158 0.308184
1 -0.787173 -0.836054 0.311766
4 -0.79926 -0.850494 0.313176
1 -0.818395 -0.79554 0.31286
4 -0.834168 -0.549306 0.316996
3 -0.829311 -0.673329 0.306875
1 -0.797004 -0.842623 0.311464
1 -0.717325 -1.01147 0.318566
2 -0.778622 -0.759277 0.316363
6 -0.849701 -0.581002 0.31194
4 -0.787542 -0.745264 0.315664
1 -0.73147 -1.02933 0.31525
1 -0.767442 -0.859555 0.313585
2 -0.820691 -0.715496 0.31227
1 -0.876287 -0.532768 0.310998
6 -0.876736 -0.584693 0.3076
1 -0.875954 -0.527478 0.306357
2 -0.8424 -0.633731 0.303347
2 -0.930766 -0.279068 0.300703
5 -0.861492 -0.474596 0.303226
4 -0.860774 -0.592653 0.300745
2 -0.845854 -0.819454 0.305827
1 -0.897494 -0.477105 0.31195
9 -0.870813 -0.453399 0.315222
1 -0.852787 -0.476691 0.317156
6 -0.839174 -0.694165 0.304155
2 -0.815717 -0.768583 0.310456
2 -0.764319 -0.885145 0.317226
1 -0.785936 -0.841186 0.306648
5 -0.860163 -0.594782 0.301042
1 -0.872581 -0.437932 0.306021
1 -0.804109 -0.629826 0.311132
10 -0.831441 -0.611752 0.311604
1 -0.858432 -0.502343 0.31375
3 -0.775346 -0.702491 0.324749
1 -0.797355 -0.657446 0.325211
1 -0.881032 -0.374813 0.318803
3 -0.946046 -0.186607 0.311043
3 -0.841809 -0.61177 0.305096
2 -0.865884 -0.617476 0.30823
6 -0.881224 -0.596289 0.307506
1 -0.850392 -0.597041 0.315217
1 -0.86812 -0.453849 0.313444
2 -0.871461 -0.444687 0.313287
1 -0.891119 -0.378533 0.311326
1 -0.802181 -0.707073 0.316014
1 -0.84615 -0.5087 0.312053
9 -0.851489 -0.425038 0.314531
1 -0.839461 -0.34909 0.325522
8 -0.810604 -0.606991 0.321257
1 -0.82968 -0.589343 0.315369
1 -0.81987 -0.610755 0.316741
1 -0.797874 -0.750905 0.310847
3 -0.812098 -0.747894 0.312021
4 -0.812028 -0.60476 0.309469
3 -0.835703 -0.579909 0.310458
1 -0.824768 -0.592678 0.309826
1 -0.8369 -0.55441 0.312027
2 -0.791234 -0.743402 0.31629
1 -0.814497 -0.795894 0.309799
2 -0.830611 -0.672315 0.312028
1 -0.830012 -0.670944 0.312603
1 -0.798406 -0.769051 0.312353
1 -0.810847 -0.764521 0.311618
12 -0.78015 -0.73617 0.322236
2 -0.879386 -0.411659 0.316166
2 -0.866123 -0.510471 0.318619
1 -0.803866 -0.681791 0.312513
3 -0.818373 -0.719182 0.306931
2 -0.806331 -0.729692 0.309027
2 -0.912851 -0.398352 0.302932
1 -0.842507 -0.571089 0.315109
2 -0.86104 -0.492608 0.316374
4 -0.903421 -0.466096 0.305622
3 -0.837533 -0.517067 0.312684
1 -0.83082 -0.674285 0.307013
1 -0.820539 -0.635356 0.311253
1 -0.845324 -0.612668 0.304491
1 -0.792545 -0.862664 0.309565
3 -0.767081 -1.01684 0.310975
2 -0.760899 -1.01944 0.311266
1 -0.810244 -0.8644 0.310729
3 -0.799136 -0.851294 0.311836
1 -0.821569 -0.74697 0.314344
1 -0.80498 -0.755427 0.315474
5 -0.78199 -0.878823 0.308581
8 -0.796012 -0.882888 0.309885
2 -0.801006 -0.732406 0.318297
2 -0.740136 -0.789222 0.326317
2 -0.83616 -0.84066 0.303476
1 -0.839304 -0.777272 0.305519
1 -0.863259 -0.597551 0.304281
2 -0.918384 -0.501851 0.298943
1 -0.923252 -0.482022 0.301568
5 -0.923861 -0.498816 0.300871
1 -0.951609 -0.135562 0.312759
9 -0.87787 -0.448594 0.311567
1 -0.829136 -0.683633 0.309538
3 -0.870382 -0.535761 0.303003
1 -0.880464 -0.528966 0.303833
2 -0.915061 -0.349284 0.310247
2 -0.878657 -0.372269 0.318598
4 -0.866605 -0.469727 0.313732
2 -0.771262 -0.909537 0.312345
3 -0.774805 -0.858915 0.312039
6 -0.830418 -0.682659 0.30952
5 -0.761771 -0.823169 0.315877
8 -0.770027 -0.740947 0.31716
2 -0.824806 -0.661336 0.312902
4 -0.730711 -1.00215 0.319273
7 -0.773311 -0.775121 0.320147
2 -0.809114 -0.801232 0.317067
1 -0.817363 -0.817102 0.300016
1 -0.884581 -0.603227 0.298467
1 -0.829533 -0.887086 0.310733
5 -0.837399 -0.93832 0.306917
1 -0.862175 -0.528811 0.306051
1 -0.959433 -0.262141 0.303995
1 -0.911628 -0.419649 0.304556
1 -0.807414 -0.757469 0.308341
5 -0.820977 -0.698148 0.308514
2 -0.815978 -0.698572 0.31028
1 -0.856034 -0.516071 0.312189
2 -0.821498 -0.646746 0.309499
4 -0.851515 -0.629654 0.305561
4 -0.824242 -0.693697 0.305966
1 -0.77604 -0.780987 0.315685
2 -0.791099 -0.769144 0.313433
1 -0.821771 -0.703761 0.312478
1 -0.864551 -0.546267 0.309323
1 -0.879634 -0.4668 0.311142
2 -0.899439 -0.46659 0.314354
6 -0.942361 -0.18991 0.30953
2 -0.882054 -0.47987 0.311496
4 -0.88038 -0.399342 0.310238
10 -0.899842 -0.472174 0.311716
1 -0.912525 -0.284706 0.31425
2 -0.867145 -0.509729 0.315411
13 -0.777926 -0.813442 0.320506
2 -0.81048 -0.487679 0.325201
6 -0.810745 -0.629641 0.316115
8 -0.761858 -0.772321 0.321034
1 -0.775134 -0.675104 0.318768
1 -0.783745 -0.744941 0.315121
7 -0.83492 -0.645368 0.311369
2 -0.818143 -0.67095 0.308679
1 -0.872399 -0.593393 0.301918
4 -0.876288 -0.643473 0.297343
2 -0.845819 -0.691835 0.303643
2 -0.826956 -0.813578 0.305549
3 -0.813452 -0.641314 0.310743
2 -0.816339 -0.583041 0.315388
5 -0.855262 -0.495382 0.314418
2 -0.782983 -0.856541 0.317361
4 -0.797799 -0.795796 0.316819
1 -0.804319 -0.854926 0.311222
1 -0.811065 -0.703107 0.317702
1 -0.855031 -0.59602 0.308888
8 -0.847241 -0.598148 0.311742
4 -0.866291 -0.536447 0.309115
4 -0.760259 -0.934953 0.313228
1 -0.780092 -1.01653 0.307888
1 -0.814562 -0.753675 0.307813
1 -0.748238 -1.17327 0.307289
4 -0.748768 -1.1981 0.308697
1 -0.913722 -0.533098 0.29812
2 -0.920913 -0.551356 0.293225
2 -0.92532 -0.685654 0.291827
1 -0.814324 -0.817324 0.310067
2 -0.819378 -0.799934 0.308891
3 -0.807651 -0.841149 0.308744
6 -0.801253 -0.886321 0.30546
1 -0.683256 -1.25641 0.323121
3 -0.766965 -0.868202 0.320835
10 -0.906135 -0.414446 0.31187
5 -0.818144 -0.636513 0.313865
7 -0.822942 -0.644323 0.314063
1 -0.797595 -0.705444 0.3188
4 -0.846951 -0.550766 0.306816
2 -0.844244 -0.525413 0.31116
5 -0.850436 -0.578607 0.310634
8 -0.871627 -0.516811 0.308074
4 -0.881132 -0.428279 0.305808
1 -0.892823 -0.388406 0.308005
2 -0.927624 -0.275733 0.310692
2 -0.862116 -0.390611 0.311474
18 -0.888627 -0.376577 0.30476
2 -0.889669 -0.385236 0.305633
1 -0.864316 -0.492807 0.306212
5 -0.829269 -0.612185 0.30859
2 -0.849825 -0.715866 0.310468
1 -0.865206 -0.639008 0.308697
3 -0.808156 -0.750098 0.310929
2 -0.738712 -1.02699 0.31553
1 -0.7891 -0.815059 0.314896
2 -0.833091 -0.565018 0.316024
1 -0.830138 -0.659748 0.311602
2 -0.855126 -0.558443 0.306425
2 -0.851665 -0.476076 0.318013
3 -0.84746 -0.745167 0.31151
3 -0.805041 -0.697143 0.319891
5 -0.819569 -0.640164 0.31616
3 -0.852477 -0.460826 0.313209
2 -0.868745 -0.540642 0.309356
7 -0.840651 -0.688338 0.312981
3 -0.830964 -0.709193 0.311614
2 -0.770976 -0.831792 0.315372
1 -0.768521 -0.867569 0.314563
1 -0.84096 -0.499048 0.31872
2 -0.877899 -0.360011 0.315733
6 -0.738456 -0.935741 0.313528
2 -0.878825 -0.402779 0.315221
1 -0.828566 -0.644092 0.316632
3 -0.825787 -0.634698 0.307073
1 -0.814776 -0.748425 0.3063
2 -0.865093 -0.552207 0.305456
2 -0.83176 -0.717241 0.309049
1 -0.837181 -0.67389 0.308145
3 -0.808641 -0.787896 0.309819
2 -0.812997 -0.906934 0.310048
1 -0.738025 -1.08505 0.313351
1 -0.74668 -0.974588 0.314827
3 -0.730251 -1.03061 0.313606
7 -0.821031 -0.575604 0.31913
2 -0.787665 -0.611145 0.322982
2 -0.767026 -0.664239 0.323718
2 -0.83355 -0.615952 0.310417
1 -0.848713 -0.491 0.312655
3 -0.864722 -0.459903 0.311937
2 -0.840281 -0.580198 0.311999
4 -0.841846 -0.669104 0.307328
3 -0.763278 -0.925052 0.315423
1 -0.914326 -0.480306 0.304527
9 -0.81848 -0.885688 0.310811
1 -0.83277 -0.838015 0.305732
1 -0.867158 -0.589339 0.304071
4 -0.918327 -0.384913 0.30285
3 -0.887808 -0.46711 0.305212
7 -0.921281 -0.402135 0.301623
3 -0.898007 -0.509032 0.302833
3 -0.876283 -0.485835 0.313098
1 -0.890156 -0.510557 0.305343
6 -0.889559 -0.478902 0.307635
1 -0.905925 -0.442958 0.305443
2 -0.837571 -0.567236 0.312714
4 -0.882717 -0.599165 0.303966
2 -0.896691 -0.468633 0.303881
1 -0.89564 -0.438757 0.304957
1 -0.846588 -0.581639 0.307785
3 -0.925434 -0.272606 0.308655
3 -0.945103 -0.455849 0.298931
1 -0.964938 -0.279443 0.297885
1 -0.949304 -0.0886172 0.305089
1 -0.789556 -0.897659 0.312728
2 -0.777008 -0.951367 0.31337
5 -0.811455 -0.475375 0.321391
4 -0.848245 -0.433762 0.310404
1 -0.850497 -0.401527 0.312779
1 -0.843682 -0.50668 0.314921
1 -0.834906 -0.516444 0.316424
1 -0.787765 -0.58968 0.319929
1 -0.850551 -0.467342 0.316201
1 -0.774129 -0.723026 0.32367
1 -0.833983 -0.589113 0.316926
4 -0.839514 -0.575116 0.315562
8 -0.817123 -0.722766 0.315033
3 -0.81025 -0.670795 0.311988
2 -0.854768 -0.463169 0.312684
4 -0.859879 -0.448905 0.308793
12 -0.833391 -0.612683 0.308969
1 -0.858408 -0.59609 0.314018
2 -0.890502 -0.50622 0.302416
3 -0.823875 -0.481428 0.311804
1 -0.891987 -0.363656 0.308763
6 -0.870939 -0.447023 0.309066
2 -0.823379 -0.736277 0.309151
9 -0.832593 -0.637539 0.311236
1 -0.901743 -0.43129 0.312887
2 -0.906943 -0.405436 0.314121
1 -0.915603 -0.303133 0.31218
1 -0.870045 -0.466881 0.317517
2 -0.85339 -0.584157 0.308586
2 -0.874869 -0.477418 0.307806
2 -0.879385 -0.565311 0.303005
1 -0.850314 -0.614398 0.303556
1 -0.864894 -0.5606 0.308004
1 -0.797561 -0.838109 0.311643
7 -0.770904 -0.926333 0.3187
9 -0.787959 -0.85399 0.319314
1 -0.762818 -0.815631 0.320991
1 -0.869468 -0.540901 0.308763
2 -0.850321 -0.584007 0.309111
6 -0.845909 -0.601793 0.305944
8 -0.94188 -0.227355 0.305946
5 -0.99043 0.0191525 0.305899
6 -0.822486 -0.647483 0.310069
2 -0.752207 -0.843911 0.322945
1 -0.726857 -0.972527 0.323984
1 -0.800716 -0.689144 0.32595
4 -0.78428 -0.710519 0.324036
2 -0.74244 -0.78404 0.321538
3 -0.658292 -1.07283 0.323229
1 -0.706661 -1.06287 0.311399
1 -0.808138 -0.546807 0.313173
3 -0.80541 -0.548048 0.316667
1 -0.818463 -0.787505 0.312273
5 -0.82318 -0.737724 0.311091
4 -0.828938 -0.487805 0.313383
1 -0.816757 -0.69098 0.310137
3 -0.883425 -0.523924 0.307977
14 -0.898214 -0.453613 0.306857
2 -0.881297 -0.569762 0.304334
5 -0.90676 -0.48548 0.304298
2 -0.892191 -0.522065 0.303484
1 -0.779608 -0.93509 0.310096
2 -0.769595 -0.956723 0.313242
1 -0.854014 -0.459008 0.315814
1 -0.823357 -0.547747 0.314553
2 -0.714386 -1.02883 0.315534
3 -0.756395 -0.90719 0.310097
8 -0.802125 -0.739169 0.305586
3 -0.850087 -0.602911 0.305906
2 -0.809331 -0.754748 0.306291
1 -0.826144 -0.667553 0.310128
3 -0.809231 -0.626532 0.309217
1 -0.792073 -0.66644 0.31053
3 -0.896869 -0.373297 0.308657
1 -0.89618 -0.387126 0.308718
1 -0.852907 -0.546103 0.319851
2 -0.865038 -0.501305 0.317882
3 -0.865838 -0.562059 0.317885
3 -0.7894 -0.805898 0.319852
1 -0.797427 -0.832625 0.316397
4 -0.857861 -0.474576 0.311955
1 -0.871575 -0.6193 0.309875
1 -0.876633 -0.552116 0.30876
2 -0.908195 -0.347987 0.310382
1 -0.955169 -0.229995 0.298991
1 -0.949574 -0.256159 0.29878
3 -0.934239 -0.217535 0.302276
2 -0.889885 -0.471854 0.302252
1 -0.898852 -0.450231 0.306485
2 -0.81097 -0.730343 0.313619
4 -0.79907 -0.765646 0.314625
2 -0.828502 -0.67079 0.309951
1 -0.737914 -1.10206 0.313371
2 -0.785241 -0.892494 0.315939
2 -0.82068 -0.831998 0.307579
1 -0.928196 -0.408877 0.30579
1 -0.860853 -0.552735 0.311406
2 -0.821887 -0.603537 0.317012
4 -0.810476 -0.740301 0.305441
9 -0.726695 -1.01567 0.323274
2 -0.802688 -0.723063 0.316651
1 -0.808481 -0.567556 0.32147
4 -0.790509 -0.617475 0.324065
3 -0.78862 -0.634157 0.322648
1 -0.847475 -0.468232 0.312374
1 -0.882614 -0.424291 0.308395
6 -0.857101 -0.492865 0.310671
2 -0.839362 -0.480909 0.313616
3 -0.899971 -0.394628 0.304741
2 -0.891464 -0.436492 0.30465
7 -0.862502 -0.529056 0.306724
1 -0.808775 -0.681643 0.311325
5 -0.79899 -0.723274 0.315868
3 -0.807068 -0.850003 0.31321
15 -0.863883 -0.682571 0.302455
1 -0.868033 -0.482215 0.306047
1 -0.903912 -0.281243 0.312266
3 -0.942251 -0.354092 0.30835
2 -0.866569 -0.573991 0.307355
1 -0.870805 -0.569539 0.309101
3 -0.849358 -0.444025 0.315626
1 -0.881839 -0.426542 0.309803
1 -0.88257 -0.419293 0.309761
7 -0.845141 -0.637959 0.308813
1 -0.866006 -0.486161 0.310585
1 -0.812051 -0.660213 0.316113
3 -0.914288 -0.382342 0.304721
1 -0.897286 -0.421971 0.306552
1 -0.876296 -0.452044 0.308011
5 -0.860433 -0.588293 0.307479
4 -0.904915 -0.405424 0.304588
1 -0.990876 -0.100043 0.298666
1 -0.95824 -0.195087 0.304102
4 -0.98703 -0.208786 0.304117
3 -0.916519 -0.378512 0.30078
7 -0.878579 -0.526634 0.303188
2 -0.889241 -0.447677 0.304938
1 -0.843466 -0.603179 0.31343
4 -0.826497 -0.566469 0.317609
4 -0.810894 -0.801481 0.30556
1 -0.797584 -0.876473 0.305995
1 -0.82048 -0.841331 0.306686
1 -0.816615 -0.719108 0.312842
3 -0.862621 -0.568274 0.309674
3 -0.869858 -0.551654 0.307241
7 -0.807798 -0.748193 0.309876
4 -0.854327 -0.644973 0.306061
2 -0.891416 -0.443563 0.312198
5 -0.919332 -0.336056 0.307298
2 -0.920961 -0.334157 0.304144
4 -0.894504 -0.471772 0.305683
11 -0.842694 -0.620844 0.306784
1 -0.885082 -0.507475 0.305989
1 -0.8849 -0.349898 0.314295
2 -0.862741 -0.437817 0.308833
1 -0.887305 -0.367026 0.306797
3 -0.863704 -0.42983 0.31155
5 -0.887032 -0.545483 0.310114
1 -0.776577 -0.902528 0.317074
2 -0.800335 -0.842003 0.315211
3 -0.869367 -0.575993 0.313676
1 -0.888308 -0.50421 0.31288
1 -0.799493 -0.722035 0.317641
9 -0.816576 -0.691415 0.316685
1 -0.767804 -0.790355 0.320042
2 -0.74842 -0.925684 0.316795
1 -0.88215 -0.480678 0.30495
1 -0.858602 -0.631652 0.306078
11 -0.888665 -0.453393 0.306883
2 -0.845946 -0.545756 0.312536
5 -0.796615 -0.724416 0.316603
1 -0.868512 -0.553626 0.306991
1 -0.779359 -0.825689 0.312312
5 -0.762304 -0.888252 0.311033
1 -0.798528 -0.79157 0.311471
4 -0.749385 -0.976794 0.320364
10 -0.723193 -1.06258 0.319709
9 -0.739161 -1.05339 0.316818
7 -0.841805 -0.626307 0.309991
1 -0.833883 -0.605372 0.310384
1 -0.868636 -0.455042 0.308136
2 -0.778175 -0.757647 0.308041
2 -0.879869 -0.469589 0.301243
3 -0.83552 -0.509531 0.313997
3 -0.837383 -0.692273 0.310711
1 -0.822486 -0.881511 0.295691
3 -0.864237 -0.63958 0.306591
2 -0.80293 -0.691884 0.310701
1 -0.806587 -0.523877 0.312546
1 -0.822586 -0.573771 0.306963
2 -0.881338 -0.303926 0.308004
2 -0.873103 -0.3063 0.31378
5 -0.772684 -0.680117 0.317962
2 -0.803369 -0.668772 0.309649
1 -0.863479 -0.441386 0.308762
3 -0.80981 -0.764168 0.314247
10 -0.895784 -0.492698 0.309403
4 -0.852991 -0.389276 0.318048
4 -0.829606 -0.672462 0.312502
1 -0.833904 -0.6097 0.312687
1 -0.866759 -0.526223 0.313165
1 -0.752466 -0.886104 0.32211
1 -0.889185 -0.266851 0.316255
6 -0.917085 -0.211683 0.315272
6 -0.852471 -0.530781 0.315111
2 -0.759289 -0.939084 0.318172
1 -0.793459 -0.70507 0.320716
2 -0.880604 -0.434125 0.314595
1 -0.916745 -0.329302 0.312299
1 -0.841657 -0.667088 0.315608
4 -0.804556 -0.74149 0.315378
2 -0.74148 -1.05027 0.31268
10 -0.763145 -0.834809 0.317944
9 -0.892939 -0.329448 0.312952
1 -0.842904 -0.698002 0.304341
1 -0.872237 -0.49185 0.303595
3 -0.846833 -0.541407 0.309752
6 -0.887604 -0.395415 0.305193
2 -0.87076 -0.423412 0.312438
1 -0.877502 -0.414365 0.31116
1 -0.848684 -0.508633 0.313362
2 -0.885551 -0.465208 0.310898
3 -0.887067 -0.448703 0.310629
1 -0.876734 -0.459734 0.311003
3 -0.876711 -0.462865 0.312764
10 -0.903682 -0.400211 0.310593
2 -0.843111 -0.644442 0.315111
2 -0.809679 -0.665157 0.314496
6 -0.777054 -0.836915 0.311265
3 -0.847409 -0.65291 0.306793
3 -0.849759 -0.735907 0.307436
2 -0.848495 -0.740634 0.307416
7 -0.790417 -0.890216 0.310827
4 -0.84043 -0.775322 0.306029
1 -0.766538 -0.807773 0.319135
1 -0.771162 -0.793463 0.318189
1 -0.871766 -0.540553 0.305019
4 -0.895514 -0.508948 0.306029
4 -0.861626 -0.561014 0.305172
1 -0.893657 -0.478365 0.305306
7 -0.812181 -0.647212 0.317081
1 -0.730867 -1.09821 0.316832
2 -0.832921 -0.695867 0.308278
3 -0.896499 -0.502238 0.301979
2 -0.818564 -0.789204 0.309191
1 -0.821995 -0.910069 0.306179
1 -0.73929 -1.2079 0.31487
1 -0.846851 -0.861498 0.304845
7 -0.84337 -0.650116 0.317358
1 -0.886358 -0.548038 0.305608
1 -0.820868 -0.797376 0.30973
3 -0.828649 -0.819559 0.307626
4 -0.850114 -0.747653 0.303269
3 -0.871119 -0.514478 0.303566
3 -0.866455 -0.498411 0.305238
1 -0.796112 -0.652319 0.314681
1 -0.85421 -0.623751 0.309912
1 -0.889953 -0.456303 0.30868
4 -0.850172 -0.682182 0.304576
2 -0.859315 -0.385265 0.315629
4 -0.81042 -0.660891 0.319249
2 -0.871928 -0.530118 0.30487
2 -0.827193 -0.713496 0.309569
1 -0.822629 -0.624014 0.311593
2 -0.79146 -0.850119 0.310849
1 -0.798264 -0.882575 0.30871
1 -0.764709 -0.857318 0.314525
4 -0.786829 -0.72613 0.30953
1 -0.788066 -0.771324 0.30871
5 -0.700486 -0.962474 0.319562
1 -0.714217 -1.00933 0.316764
5 -0.839332 -0.568621 0.316781
1 -0.837993 -0.576117 0.316791
1 -0.884095 -0.481592 0.30846
2 -0.878176 -0.492775 0.31016
1 -0.88413 -0.538358 0.306774
5 -0.87859 -0.440468 0.307391
1 -0.862592 -0.502302 0.314935
1 -0.74118 -0.806563 0.321526
2 -0.799808 -0.639883 0.313965
2 -0.840524 -0.711865 0.30474
2 -0.875205 -0.42533 0.310283
6 -0.803331 -0.602499 0.317066
1 -0.800021 -0.535969 0.320586
1 -0.781628 -0.681611 0.317135
2 -0.781345 -0.70808 0.319384
1 -0.857129 -0.573181 0.31296
1 -0.907709 -0.380094 0.309777
9 -0.904176 -0.395703 0.309873
1 -0.778739 -0.70682 0.316034
1 -0.766645 -0.917729 0.312668
4 -0.779753 -0.758493 0.312332
6 -0.846373 -0.587471 0.308406
10 -0.850966 -0.618387 0.310771
3 -0.81997 -0.581004 0.313991
3 -0.860965 -0.438482 0.316423
3 -0.889749 -0.33412 0.314347
5 -0.871172 -0.566086 0.304159
1 -0.868654 -0.613838 0.306687
1 -0.848044 -0.657059 0.309646
6 -0.880631 -0.625148 0.305358
3 -0.861545 -0.66383 0.303053
2 -0.858226 -0.680996 0.303707
2 -0.837385 -0.611846 0.306143
5 -0.857769 -0.524044 0.309999
3 -0.855383 -0.592157 0.308612
5 -0.863113 -0.553573 0.307321
1 -0.846338 -0.47402 0.313279
2 -0.775861 -0.674623 0.322763
1 -0.774896 -0.717834 0.32457
1 -0.774439 -0.723459 0.324328
5 -0.839246 -0.451032 0.319823
1 -0.823433 -0.511282 0.320978
3 -0.787056 -0.683179 0.32218
3 -0.810267 -0.76355 0.314071
4 -0.780322 -0.825668 0.312809
1 -0.78811 -0.717936 0.314647
2 -0.791947 -0.75948 0.31492
2 -0.764548 -0.8888 0.316318
5 -0.872711 -0.371637 0.308954
2 -0.850162 -0.538173 0.308058
1 -0.765127 -0.729323 0.32455
4 -0.862501 -0.503095 0.314223
2 -0.899926 -0.382528 0.310564
6 -0.857382 -0.595673 0.309253
1 -0.874737 -0.502278 0.314698
8 -0.830103 -0.618004 0.318857
1 -0.8019 -0.800953 0.31216
2 -0.816564 -0.608048 0.315831
4 -0.89233 -0.437401 0.310751
3 -0.756509 -0.926892 0.318505
4 -0.773881 -0.792296 0.316003
2 -0.772474 -0.817811 0.307727
8 -0.787368 -0.764522 0.314144
2 -0.864666 -0.405234 0.315053
1 -0.849 -0.396984 0.3169
1 -0.79378 -0.594887 0.317258
4 -0.841231 -0.579301 0.307516
1 -0.907746 -0.201462 0.312813
2 -0.759296 -0.716775 0.32213
2 -0.81718 -0.52299 0.31673
4 -0.80798 -0.659419 0.311763
6 -0.812372 -0.817249 0.307285
7 -0.828042 -0.694229 0.308234
3 -0.814717 -0.740993 0.306851
2 -0.809088 -0.755869 0.307688
8 -0.836447 -0.541389 0.311012
2 -0.83713 -0.687825 0.304626
1 -0.808277 -0.726357 0.312963
6 -0.788932 -0.840234 0.312428
2 -0.774104 -0.903908 0.310449
1 -0.850929 -0.589178 0.308898
1 -0.902997 -0.427854 0.303871
1 -0.930762 -0.453878 0.301309
1 -0.83982 -0.633549 0.308323
3 -0.783937 -0.922864 0.308477
1 -0.924483 -0.363387 0.305807
5 -0.946598 -0.286663 0.30236
2 -0.850764 -0.58476 0.306445
1 -0.86127 -0.572602 0.305602
1 -0.816699 -0.780413 0.309161
2 -0.779345 -0.902117 0.312378
1 -0.837951 -0.720413 0.312363
4 -0.836936 -0.723324 0.312427
3 -0.744773 -0.953118 0.321457
5 -0.835789 -0.728959 0.314026
1 -0.823669 -0.754314 0.313015
3 -0.817801 -0.754423 0.314227
1 -0.828559 -0.506712 0.312813
1 -0.885066 -0.34988 0.307104
5 -0.841401 -0.457293 0.322483
6 -0.848481 -0.51727 0.316016
1 -0.924054 -0.344805 0.308919
6 -0.866548 -0.436648 0.308408
1 -0.909078 -0.241289 0.309186
1 -0.799551 -0.812147 0.310414
1 -0.803452 -0.785266 0.306329
3 -0.820357 -0.882843 0.309154
1 -0.798854 -0.982427 0.308972
3 -0.941508 -0.238507 0.305449
3 -0.931079 -0.277464 0.307198
2 -0.919801 -0.30254 0.308674
1 -0.876952 -0.443937 0.309476
6 -0.888101 -0.408453 0.316027
4 -0.898467 -0.400648 0.315268
1 -0.925025 -0.356834 0.308435
1 -0.882038 -0.459919 0.303138
2 -0.827281 -0.586753 0.314619
3 -0.844862 -0.693364 0.311066
1 -0.799191 -0.961281 0.304567
4 -0.821843 -0.822305 0.305838
2 -0.87871 -0.456616 0.30513
3 -0.884104 -0.453913 0.304518
2 -0.866279 -0.362879 0.317053
3 -0.848642 -0.600171 0.317573
2 -0.83776 -0.574021 0.314354
2 -0.855431 -0.579246 0.311891
3 -0.853472 -0.676152 0.311688
5 -0.758781 -0.877922 0.31707
8 -0.775591 -0.793619 0.317992
1 -0.7512 -0.982016 0.318909
9 -0.772793 -0.930963 0.312563
6 -0.768592 -0.887461 0.314528
1 -0.908542 -0.452406 0.307646
1 -0.911858 -0.455143 0.302958
1 -0.927693 -0.339349 0.30405
6 -0.904428 -0.423359 0.305093
1 -0.895883 -0.46126 0.308471
3 -0.902661 -0.400169 0.313167
4 -0.852526 -0.499588 0.318147
4 -0.877457 -0.570249 0.306112
2 -0.879494 -0.427255 0.309524
1 -0.910975 -0.349449 0.307291
4 -0.893545 -0.366744 0.312203
3 -0.932576 -0.27792 0.307114
2 -0.914032 -0.345424 0.308098
2 -0.83132 -0.576036 0.313611
1 -0.85452 -0.612639 0.310489
3 -0.899665 -0.575642 0.301018
1 -0.888748 -0.539461 0.304444
3 -0.914032 -0.357075 0.305709
3 -0.85353 -0.48352 0.314669
8 -0.811736 -0.642744 0.312014
1 -0.867215 -0.472183 0.31059
7 -0.858108 -0.537708 0.311456
3 -0.810644 -0.670135 0.311151
5 -0.719813 -0.86558 0.319159
1 -0.672013 -0.971796 0.327933
2 -0.805777 -0.570196 0.318114
2 -0.837816 -0.44171 0.317411
4 -0.838176 -0.585984 0.316176
5 -0.832433 -0.52833 0.319546
4 -0.792613 -0.702795 0.31586
9 -0.812289 -0.584841 0.316831
2 -0.877157 -0.52554 0.305434
1 -0.850078 -0.569367 0.309593
1 -0.836383 -0.668676 0.310621
7 -0.884031 -0.471249 0.306649
2 -0.919804 -0.309649 0.30601
1 -0.952473 -0.236806 0.302589
2 -0.833453 -0.792368 0.304738
2 -0.785522 -0.885485 0.307405
2 -0.870662 -0.521977 0.308578
1 -0.906246 -0.33383 0.305421
2 -0.880481 -0.467337 0.308725
6 -0.770819 -0.846265 0.317004
2 -0.83736 -0.607546 0.316554
2 -0.990288 -0.0191565 0.300212
2 -0.956489 -0.265241 0.303798
1 -0.839374 -0.689084 0.311869
4 -0.863424 -0.552044 0.313995
1 -0.831442 -0.794441 0.309008
3 -0.827945 -0.731702 0.313183
1 -0.857512 -0.587715 0.309495
2 -0.820413 -0.771493 0.312528
4 -0.824307 -0.676298 0.313474
3 -0.865325 -0.465546 0.309394
1 -0.836338 -0.464296 0.313884
1 -0.779779 -0.639956 0.322126
3 -0.846503 -0.50282 0.315143
3 -0.796734 -0.674963 0.319708
2 -0.72818 -0.94553 0.314703
3 -0.849405 -0.707733 0.304049
5 -0.862572 -0.63147 0.304315
3 -0.917106 -0.387012 0.303586
1 -0.893743 -0.336409 0.309801
1 -0.841926 -0.498499 0.314602
9 -0.798824 -0.709215 0.319481
6 -0.865244 -0.403138 0.313051
2 -0.873666 -0.423923 0.313191
2 -0.912744 -0.359488 0.309525
1 -0.88938 -0.408762 0.311711
3 -0.934273 -0.334554 0.307499
3 -0.76066 -0.869551 0.313096
5 -0.867752 -0.395189 0.315046
2 -0.787024 -0.716568 0.320265
2 -0.787352 -0.73796 0.31911
6 -0.820168 -0.618059 0.31643
5 -0.877347 -0.420692 0.311283
3 -0.803857 -0.831707 0.314174
4 -0.839056 -0.713857 0.312268
2 -0.82795 -0.674139 0.304398
1 -0.83399 -0.655508 0.303843
2 -0.867518 -0.502796 0.315533
3 -0.826904 -0.50121 0.315148
1 -0.823631 -0.612022 0.317141
1 -0.901354 -0.334016 0.306361
6 -0.914959 -0.352774 0.301566
1 -0.877382 -0.477025 0.314626
7 -0.784949 -0.842618 0.313668
3 -0.819889 -0.733865 0.307288
1 -0.797862 -0.88297 0.30171
9 -0.802157 -0.713363 0.307716
3 -0.829629 -0.717973 0.308115
1 -0.782074 -0.901474 0.311927
2 -0.784332 -0.753032 0.316992
3 -0.864469 -0.47783 0.31216
1 -0.914512 -0.442034 0.300505
2 -0.88497 -0.45099 0.313637
8 -0.850006 -0.51764 0.318837
1 -0.764466 -0.807453 0.321513
4 -0.801499 -0.689385 0.319438
3 -0.854313 -0.506404 0.313974
2 -0.870664 -0.461225 0.313647
4 -0.910651 -0.51074 0.306789
1 -0.908704 -0.379522 0.311616
4 -0.912005 -0.357917 0.306165
5 -0.906964 -0.396448 0.304532
3 -0.890756 -0.475213 0.306356
12 -0.876895 -0.463827 0.311749
5 -0.794587 -0.744256 0.314464
2 -0.88694 -0.38641 0.30782
3 -0.866591 -0.391654 0.310073
4 -0.920587 -0.168012 0.310552
1 -0.898807 -0.210995 0.313321
3 -0.867788 -0.611789 0.307649
12 -0.924476 -0.338346 0.304425
5 -0.937507 -0.175545 0.307749
1 -0.965817 -0.255927 0.300293
1 -0.792726 -0.953581 0.30401
2 -0.730621 -1.0148 0.317733
2 -0.756573 -0.93188 0.320311
1 -0.813164 -0.769228 0.316095
4 -0.779995 -0.762491 0.319718
5 -0.791595 -0.688353 0.316892
2 -0.80595 -0.624073 0.315619
3 -0.871011 -0.41891 0.31122
1 -0.877317 -0.421003 0.305682
6 -0.846724 -0.572925 0.306552
3 -0.830808 -0.639479 0.308605
2 -0.811181 -0.736604 0.308597
2 -0.809583 -0.800191 0.30711
4 -0.760974 -0.815773 0.316941
1 -0.828123 -0.61253 0.309945
2 -0.827217 -0.694735 0.306599
1 -0.848398 -0.550041 0.311968
4 -0.841046 -0.773749 0.312261
6 -0.786868 -0.787216 0.315031
5 -0.801725 -0.671644 0.318373
2 -0.842941 -0.495676 0.319586
3 -0.808302 -0.673661 0.310189
2 -0.809786 -0.789636 0.308966
1 -0.800647 -0.806719 0.307066
5 -0.734987 -0.989652 0.312136
1 -0.716028 -1.09271 0.316104
1 -0.76889 -0.941808 0.321585
3 -0.77598 -0.918607 0.31437
4 -0.787547 -0.856939 0.310366
1 -0.92294 -0.329074 0.303282
3 -0.821465 -0.677884 0.30888
5 -0.754374 -0.805051 0.317144
4 -0.727273 -0.939043 0.323625
2 -0.785008 -0.769519 0.319266
2 -0.8177 -0.632923 0.3162
3 -0.92002 -0.336927 0.306485
12 -0.840468 -0.463361 0.315416
1 -0.821399 -0.449302 0.322987
1 -0.888523 -0.247163 0.315294
3 -0.838942 -0.611731 0.31151
2 -0.898686 -0.435171 0.308921
1 -0.847166 -0.606213 0.313794
2 -0.858011 -0.67418 0.309803
1 -0.903031 -0.490206 0.304396
1 -0.883422 -0.548605 0.306457
3 -0.667683 -1.25798 0.321287
1 -0.796509 -0.725273 0.311642
1 -0.809881 -0.743585 0.306009
2 -0.81783 -0.74548 0.313836
3 -0.801039 -0.790722 0.313323
2 -0.778466 -0.805987 0.3151
1 -0.787463 -0.935836 0.305317
2 -0.89442 -0.574856 0.299078
4 -0.941532 -0.309956 0.301582
1 -0.865703 -0.569797 0.311198
1 -0.822316 -0.689539 0.310237
8 -0.797081 -0.703363 0.312976
9 -0.79937 -0.700487 0.310907
2 -0.814789 -0.537744 0.318904
1 -0.828504 -0.484057 0.317981
1 -0.84996 -0.596275 0.312708
3 -0.815637 -0.674648 0.31478
1 -0.776392 -0.804912 0.311133
1 -0.766297 -0.76923 0.311287
7 -0.83944 -0.518973 0.312144
1 -0.8574 -0.557725 0.307625
2 -0.859485 -0.502751 0.306764
3 -0.813386 -0.630556 0.310984
6 -0.918908 -0.310637 0.308158
3 -0.829008 -0.539074 0.3133
4 -0.914961 -0.322439 0.311506
3 -0.88957 -0.45563 0.306606
1 -0.887865 -0.439051 0.307885
3 -0.910942 -0.514865 0.301663
1 -0.82454 -0.869454 0.310763
2 -0.87594 -0.568638 0.309596
1 -0.904533 -0.408454 0.309631
1 -0.882302 -0.428931 0.308698
2 -0.91723 -0.385838 0.304805
4 -0.91641 -0.345354 0.307562
2 -0.953114 -0.217091 0.304608
4 -0.858742 -0.537917 0.317563
2 -0.85745 -0.529978 0.310937
2 -0.849319 -0.600442 0.311403
1 -0.84408 -0.581954 0.304293
5 -0.75743 -0.887579 0.315516
1 -0.737405 -0.855609 0.323634
3 -0.800007 -0.684616 0.318883
2 -0.840587 -0.619423 0.312636
2 -0.822885 -0.632392 0.320135
2 -0.814388 -0.747216 0.311627
3 -0.87596 -0.611136 0.297655
2 -0.944989 -0.347722 0.300498
1 -0.905411 -0.468729 0.305346
2 -0.814171 -0.777295 0.308659
8 -0.819809 -0.824846 0.306085
1 -0.734091 -1.22941 0.309406
1 -0.741879 -1.25122 0.309709
1 -0.816478 -0.585678 0.314603
1 -0.828599 -0.557286 0.315642
1 -0.872434 -0.532721 0.312814
3 -0.88342 -0.408518 0.309981
1 -0.849046 -0.634873 0.309917
1 -0.840166 -0.704603 0.309293
3 -0.879502 -0.539913 0.307308
20 -0.911358 -0.404461 0.306541
3 -0.845344 -0.580504 0.311123
1 -0.76398 -0.933324 0.310883
1 -0.767892 -0.845397 0.315273
2 -0.85261 -0.595188 0.311624
3 -0.845979 -0.558094 0.312288
1 -0.895813 -0.273865 0.310243
2 -0.86774 -0.453518 0.304891
2 -0.803686 -0.531096 0.315462
1 -0.846894 -0.378726 0.316438
3 -0.858079 -0.566631 0.312699
3 -0.827361 -0.490873 0.319453
4 -0.82704 -0.438834 0.321359
2 -0.893083 -0.433101 0.308259
8 -0.90143 -0.420437 0.307442
2 -0.896171 -0.224199 0.307513
2 -0.793303 -0.750257 0.309512
4 -0.78103 -0.79808 0.315604
2 -0.794062 -0.946443 0.308604
1 -0.865935 -0.556852 0.302006
2 -0.752803 -0.852782 0.319061
6 -0.939316 -0.200005 0.309807
4 -0.873858 -0.49997 0.312811
1 -0.928221 -0.370932 0.306318
1 -0.87305 -0.605423 0.304719
2 -0.86722 -0.579433 0.314022
2 -0.802006 -0.87325 0.313217
5 -0.847485 -0.731339 0.307462
1 -0.903405 -0.389335 0.305745
1 -0.851055 -0.561612 0.311154
3 -0.892986 -0.409932 0.311795
1 -0.844619 -0.492791 0.315311
1 -0.861889 -0.539652 0.311403
5 -0.899171 -0.422749 0.308929
5 -0.875468 -0.486599 0.313229
3 -0.8062 -0.762171 0.313364
7 -0.826001 -0.671553 0.313332
7 -0.881826 -0.475726 0.310352
1 -0.948096 -0.260482 0.304582
9 -0.979923 -0.223006 0.295711
1 -0.90011 -0.415968 0.30785
3 -0.810737 -0.670706 0.307391
1 -0.888045 -0.393794 0.311543
1 -0.896368 -0.369134 0.311715
6 -0.888665 -0.390054 0.311451
1 -0.878866 -0.40508 0.311815
4 -0.935567 -0.24625 0.310288
4 -0.931716 -0.242427 0.309093
1 -0.914177 -0.387552 0.30492
1 -0.791521 -0.921864 0.314357
1 -0.873618 -0.655289 0.306515
2 -0.922442 -0.379834 0.306363
1 -0.892371 -0.341141 0.309122
7 -0.84528 -0.653829 0.303877
1 -0.791251 -0.872055 0.31122
2 -0.799197 -0.794358 0.307665
4 -0.790014 -0.867855 0.3092
2 -0.824464 -0.529798 0.315605
1 -0.834261 -0.488924 0.318996
1 -0.905455 -0.398924 0.307972
5 -0.958306 -0.288026 0.298525
9 -0.913027 -0.360213 0.305749
1 -0.877554 -0.534395 0.311624
1 -0.83039 -0.532863 0.316582
1 -0.810428 -0.66039 0.317541
2 -0.807345 -0.764164 0.316053
8 -0.808612 -0.759807 0.316561
3 -0.835311 -0.701891 0.308971
2 -0.87337 -0.508773 0.304608
3 -0.838398 -0.718008 0.302667
6 -0.827985 -0.851238 0.302549
5 -0.732304 -1.16066 0.311444
5 -0.750883 -0.89767 0.310321
1 -0.739701 -0.99936 0.31672
2 -0.738996 -0.953795 0.319249
1 -0.809677 -0.71225 0.318041
4 -0.849954 -0.749904 0.303719
9 -0.823773 -0.744505 0.307731
3 -0.822162 -0.758751 0.307081
2 -0.824102 -0.770267 0.306038
1 -0.764338 -0.947445 0.314118
1 -0.879103 -0.609027 0.310185
1 -0.887751 -0.565163 0.308725
4 -0.952485 -0.200916 0.306308
4 -0.898144 -0.354264 0.311678
5 -0.935494 -0.309833 0.305183
1 -0.855832 -0.495437 0.307267
4 -0.890677 -0.317954 0.30825
1 -0.847219 -0.523982 0.315339
1 -0.863607 -0.489344 0.315778
4 -0.869663 -0.480054 0.315154
2 -0.861642 -0.467623 0.315632
1 -0.831598 -0.679102 0.307582
1 -0.87031 -0.710654 0.303116
5 -0.890656 -0.664097 0.300472
1 -0.882576 -0.620242 0.305421
5 -0.956842 -0.394446 0.304084
3 -0.943642 -0.329298 0.304305
4 -0.915065 -0.257923 0.303926
4 -0.890586 -0.435882 0.304587
4 -0.837498 -0.677361 0.307309
1 -0.872235 -0.668044 0.301274
4 -0.885248 -0.474847 0.308695
1 -0.745425 -1.11568 0.312742
1 -0.728243 -1.06517 0.3147
2 -0.78486 -0.875728 0.31333
3 -0.78653 -0.908713 0.313486
2 -0.812651 -0.805059 0.31381
4 -0.872504 -0.738387 0.307872
1 -0.798362 -0.971356 0.306681
1 -0.840929 -0.639345 0.307512
4 -0.827135 -0.791261 0.306884
1 -0.796274 -0.787744 0.315802
2 -0.806437 -0.724724 0.310431
6 -0.796299 -0.718145 0.312134
2 -0.832156 -0.516162 0.314806
3 -0.882772 -0.358351 0.308718
1 -0.931283 -0.216292 0.306333
6 -0.853947 -0.610612 0.308533
3 -0.832215 -0.628083 0.315535
4 -0.878468 -0.408029 0.306184
1 -0.859808 -0.541108 0.304694
6 -0.857844 -0.51767 0.313426
3 -0.856764 -0.5639 0.310876
1 -0.858963 -0.548227 0.312659
4 -0.847892 -0.499936 0.310921
2 -0.848328 -0.516175 0.310365
6 -0.827506 -0.550974 0.312048
6 -0.910921 -0.263093 0.3116
2 -0.891832 -0.487078 0.304811
1 -0.854527 -0.489368 0.312881
1 -0.85227 -0.504538 0.315644
3 -0.836629 -0.561693 0.314887
3 -0.803291 -0.764217 0.312723
5 -0.788315 -0.813323 0.313377
1 -0.822443 -0.775794 0.307988
3 -0.831703 -0.525729 0.311968
7 -0.807309 -0.706073 0.310039
2 -0.895675 -0.448132 0.306213
9 -0.739262 -0.888849 0.315795
1 -0.74478 -0.840099 0.315113
1 -0.764739 -0.993772 0.308497
1 -0.782712 -0.937307 0.306767
2 -0.809554 -0.708633 0.31227
1 -0.854097 -0.44471 0.310815
1 -0.861243 -0.54292 0.305849
1 -0.814437 -0.706861 0.309095
3 -0.846059 -0.667729 0.309138
2 -0.856955 -0.630354 0.311605
8 -0.865483 -0.610874 0.306972
1 -0.792456 -0.928878 0.309172
6 -0.80631 -0.875966 0.307289
3 -0.903378 -0.460129 0.301133
2 -0.910709 -0.488721 0.299104
2 -0.845383 -0.682769 0.305088
8 -0.880333 -0.585234 0.301334
3 -0.824846 -0.729525 0.307491
8 -0.801508 -0.565685 0.314039
4 -0.870209 -0.415471 0.307895
1 -0.888495 -0.314223 0.316559
9 -0.7698 -0.702073 0.32359
1 -0.837141 -0.452405 0.321026
3 -0.826877 -0.607754 0.309891
6 -0.756407 -1.03035 0.310131
1 -0.750693 -0.980952 0.313599
2 -0.709122 -1.06359 0.318916
6 -0.87633 -0.534892 0.307102
1 -0.819392 -0.831819 0.303915
1 -0.75451 -0.990658 0.304962
4 -0.81486 -0.697536 0.305952
2 -0.904663 -0.468385 0.299717
1 -0.806213 -0.717233 0.316726
1 -0.84265 -0.623965 0.316301
4 -0.841625 -0.574828 0.318014
5 -0.82156 -0.722352 0.311292
5 -0.866193 -0.582718 0.306762
3 -0.796252 -0.628768 0.312261
2 -0.789787 -0.626874 0.318105
4 -0.830474 -0.464788 0.31528
1 -0.867101 -0.310173 0.315241
4 -0.798526 -0.665835 0.310996
2 -0.873673 -0.349673 0.311986
5 -0.857809 -0.420442 0.314741
3 -0.872711 -0.433817 0.311575
1 -0.834448 -0.667492 0.312196
1 -0.916403 -0.448388 0.300074
3 -0.934163 -0.453032 0.301334
1 -0.972601 -0.373604 0.303607
1 -0.852907 -0.623797 0.317864
2 -0.902334 -0.43162 0.302564
2 -0.925893 -0.298478 0.303161
2 -0.966344 -0.177791 0.299488
3 -0.917494 -0.400837 0.305074
2 -0.916657 -0.361032 0.302223
1 -0.931771 -0.375627 0.301909
1 -0.924016 -0.321916 0.308578
1 -0.908579 -0.426016 0.306621
2 -0.912887 -0.431429 0.302676
4 -0.894957 -0.489975 0.301551
2 -0.901703 -0.557453 0.297506
1 -0.869801 -0.347236 0.322349
5 -0.816431 -0.658856 0.309221
2 -0.797513 -0.731082 0.313042
1 -0.75744 -0.951717 0.313467
4 -0.765833 -0.713045 0.318364
2 -0.764864 -0.744446 0.315873
2 -0.851502 -0.620446 0.310841
4 -0.869328 -0.636345 0.302241
1 -0.853468 -0.667731 0.308415
4 -0.893362 -0.47003 0.314558
1 -0.809276 -0.615481 0.317137
4 -0.816276 -0.551248 0.319915
2 -0.827497 -0.540436 0.319582
1 -0.894514 -0.372615 0.308633
2 -0.870439 -0.380776 0.317308
5 -0.843545 -0.544929 0.312272
1 -0.844946 -0.541191 0.312125
1 -0.912529 -0.3497 0.304078
3 -0.872039 -0.445586 0.306314
5 -0.848556 -0.434404 0.3138
2 -0.787395 -0.750917 0.315925
5 -0.890103 -0.316149 0.308195
3 -0.877509 -0.561735 0.307656
3 -0.86141 -0.625283 0.308042
1 -0.868556 -0.621699 0.305377
1 -0.860587 -0.727447 0.305653
6 -0.867125 -0.557951 0.30499
1 -0.839766 -0.62653 0.30762
12 -0.926231 -0.206443 0.311749
6 -0.829069 -0.613969 0.319949
2 -0.845454 -0.552829 0.32025
2 -0.862747 -0.513367 0.315527
2 -0.821005 -0.680722 0.317228
4 -0.83121 -0.644903 0.313143
9 -0.943352 -0.209546 0.306904
3 -0.940442 -0.289666 0.303167
1 -0.879407 -0.63737 0.303118
1 -0.872079 -0.642392 0.306529
2 -0.773279 -0.915974 0.310857
1 -0.82054 -0.757907 0.310442
5 -0.867772 -0.683997 0.306844
1 -0.809497 -0.758018 0.313349
2 -0.766035 -0.958156 0.309789
4 -0.825261 -0.757077 0.304995
1 -0.790409 -0.902762 0.307544
1 -0.774452 -0.909275 0.307431
3 -0.785624 -0.969941 0.308923
7 -0.816448 -0.885925 0.307603
3 -0.817498 -0.829642 0.306621
2 -0.799749 -0.848895 0.310149
4 -0.77703 -0.925416 0.311507
1 -0.745736 -0.957486 0.314976
1 -0.754638 -0.859484 0.318011
1 -0.79045 -0.755711 0.316107
6 -0.823848 -0.713356 0.310893
2 -0.821978 -0.729927 0.311989
1 -0.79115 -0.715625 0.316912
2 -0.863724 -0.416217 0.313771
5 -0.850608 -0.531014 0.316111
5 -0.813266 -0.59315 0.312995
4 -0.840044 -0.479998 0.31281
3 -0.847222 -0.598403 0.312009
4 -0.866841 -0.514772 0.310687
4 -0.851765 -0.548683 0.312187
2 -0.808563 -0.678253 0.315955
1 -0.903225 -0.405565 0.308907
2 -0.925449 -0.290991 0.311604
1 -0.912191 -0.481263 0.300633
6 -0.909549 -0.503095 0.300412
1 -0.876522 -0.639468 0.303405
1 -0.875217 -0.659726 0.304116
2 -0.827638 -0.731958 0.315899
3 -0.864152 -0.383727 0.319211
2 -0.917382 -0.300926 0.307009
1 -0.958979 -0.399703 0.291039
2 -0.963491 -0.220912 0.2952
1 -0.982108 -0.112059 0.298034
1 -0.922823 -0.196465 0.311908
4 -0.928535 -0.17605 0.310203
2 -0.822129 -0.832952 0.311887
1 -0.794274 -0.899836 0.315238
1 -0.809695 -0.867371 0.309984
4 -0.837779 -0.642636 0.307093
1 -0.820588 -0.663455 0.310116
4 -0.827536 -0.676164 0.30792
1 -0.832852 -0.677087 0.310796
2 -0.886453 -0.400508 0.310084
1 -0.863045 -0.410367 0.313037
1 -0.766617 -0.806311 0.317603
3 -0.865049 -0.429401 0.316913
1 -0.868301 -0.584319 0.311202
5 -0.878229 -0.615803 0.303416
4 -0.905193 -0.336322 0.310172
1 -0.823016 -0.679288 0.313127
1 -0.831107 -0.53292 0.315502
1 -0.852362 -0.394112 0.315063
2 -0.885008 -0.513081 0.313353
2 -0.884731 -0.422834 0.314632
1 -0.900492 -0.382697 0.31606
1 -0.88262 -0.484518 0.314651
2 -0.64865 -1.40107 0.328964
1 -0.78955 -0.975661 0.303214
1 -0.81527 -0.725666 0.306871
1 -0.843589 -0.589952 0.306828
4 -0.855313 -0.584387 0.30522
3 -0.850541 -0.726555 0.306082
2 -0.863009 -0.563876 0.310421
3 -0.929802 -0.388566 0.306252
5 -0.837472 -0.466457 0.315916
1 -0.828163 -0.41519 0.317337
3 -0.833193 -0.635696 0.313969
6 -0.840256 -0.602453 0.310978
3 -0.918301 -0.450167 0.309478
1 -0.900535 -0.336341 0.304166
2 -0.849798 -0.484764 0.311009
6 -0.854872 -0.384229 0.316268
1 -0.845831 -0.718636 0.312154
1 -0.794527 -0.801903 0.315461
4 -0.804349 -0.721885 0.314788
1 -0.753378 -0.928007 0.317023
1 -0.793686 -0.717539 0.32031
3 -0.778582 -0.631942 0.323406
3 -0.894888 -0.383419 0.311077
3 -0.862858 -0.423184 0.313033
1 -0.956583 -0.274223 0.299427
4 -0.861267 -0.594629 0.304733
2 -0.852352 -0.614323 0.308375
1 -0.872276 -0.424719 0.307944
3 -0.897542 -0.486035 0.303959
1 -0.881973 -0.476424 0.31054
4 -0.826592 -0.735307 0.313432
4 -0.847282 -0.575654 0.307781
1 -0.813586 -0.771001 0.314064
2 -0.840596 -0.671267 0.308003
1 -0.8417 -0.658483 0.307397
1 -0.911001 -0.398017 0.304543
2 -0.82009 -0.614254 0.307319
1 -0.853514 -0.704325 0.307371
1 -0.711799 -1.04661 0.323345
2 -0.74913 -0.775204 0.321268
2 -0.739748 -0.97913 0.313481
1 -0.811462 -0.682038 0.311406
3 -0.85813 -0.777748 0.303826
10 -0.870929 -0.669299 0.305137
1 -0.856105 -0.711151 0.308443
1 -0.922691 -0.362618 0.310148
2 -0.882285 -0.357272 0.317984
2 -0.886354 -0.335213 0.315982
4 -0.878418 -0.494646 0.311257
1 -0.938267 -0.24417 0.308379
1 -0.827992 -0.59154 0.311589
2 -0.806019 -0.669423 0.317634
2 -0.793129 -0.732509 0.31736
3 -0.832905 -0.439217 0.312576
1 -0.786941 -0.619015 0.31565
3 -0.788822 -0.719782 0.313227
7 -0.841766 -0.527299 0.311397
2 -0.813736 -0.628107 0.314696
4 -0.861824 -0.521294 0.316916
1 -0.844041 -0.573175 0.316211
6 -0.840828 -0.695817 0.305977
4 -0.901075 -0.357277 0.310863
2 -0.797774 -0.720485 0.313296
1 -0.81275 -0.65217 0.314293
7 -0.815104 -0.657692 0.312607
1 -0.821965 -0.591993 0.311931
1 -0.868613 -0.448678 0.311632
1 -0.849701 -0.445825 0.312963
1 -0.92461 -0.337195 0.305559
1 -0.838106 -0.6221 0.315781
3 -0.885274 -0.328015 0.318576
3 -0.839169 -0.771241 0.31264
3 -0.875695 -0.387695 0.307697
1 -0.917546 -0.317581 0.303493
9 -0.903556 -0.295059 0.306911
3 -0.87109 -0.451153 0.308751
3 -0.8955 -0.323285 0.306242
4 -0.862171 -0.421118 0.310438
1 -0.975505 -0.250872 0.296442
4 -0.894855 -0.427302 0.308241
6 -0.850724 -0.58424 0.311955
1 -0.830377 -0.57648 0.31952
2 -0.819034 -0.749014 0.316936
2 -0.821009 -0.773007 0.316915
1 -0.865854 -0.656761 0.312167
3 -0.858641 -0.614303 0.312261
6 -0.88412 -0.569812 0.305612
1 -0.902149 -0.450937 0.307108
3 -0.789751 -0.78198 0.31485
1 -0.857816 -0.619296 0.306277
9 -0.832173 -0.649035 0.307698
2 -0.83101 -0.634706 0.308858
3 -0.868832 -0.517672 0.305478
1 -0.887254 -0.426142 0.30736
1 -0.831728 -0.651325 0.311747
3 -0.784308 -0.756426 0.318432
2 -0.809099 -0.702686 0.314203
1 -0.826406 -0.591823 0.313422
12 -0.819659 -0.60507 0.311774
7 -0.860343 -0.542376 0.307787
7 -0.819401 -0.689437 0.315241
2 -0.888871 -0.542028 0.308926
1 -0.863049 -0.557601 0.311976
3 -0.865978 -0.637067 0.309339
2 -0.899994 -0.412307 0.308782
1 -0.833201 -0.612707 0.314021
3 -0.769075 -0.721851 0.320651
2 -0.833896 -0.405732 0.318667
1 -0.846894 -0.534346 0.311807
7 -0.917389 -0.323933 0.304841
2 -0.889407 -0.406802 0.305686
6 -0.866135 -0.543484 0.312472
1 -0.865501 -0.600751 0.308011
2 -0.83289 -0.733155 0.311303
5 -0.850229 -0.59205 0.311098
2 -0.867058 -0.432761 0.313046
5 -0.871924 -0.485806 0.309028
1 -0.846699 -0.639192 0.308742
1 -0.816418 -0.7466 0.309127
10 -0.778693 -0.828153 0.313366
3 -0.849746 -0.621994 0.308986
2 -0.837689 -0.626527 0.320346
11 -0.86592 -0.565582 0.312817
7 -0.877556 -0.506798 0.313246
3 -0.871142 -0.519027 0.31234
1 -0.890931 -0.452295 0.310782
5 -0.856324 -0.56013 0.319016
1 -0.804711 -0.842 0.319096
1 -0.875756 -0.677962 0.305977
3 -0.812563 -0.770784 0.307711
1 -0.709775 -1.09603 0.319174
6 -0.707295 -1.0131 0.320828
1 -0.707947 -1.07753 0.319795
3 -0.864178 -0.553082 0.307173
2 -0.867982 -0.556036 0.30787
3 -0.866252 -0.431843 0.310065
2 -0.90396 -0.408888 0.307539
2 -0.875679 -0.465953 0.310505
1 -0.877045 -0.410186 0.314277
8 -0.867389 -0.359823 0.317454
2 -0.90885 -0.184056 0.31701
4 -0.927469 -0.23739 0.307764
2 -0.953975 -0.169909 0.303721
1 -0.923616 -0.449782 0.301458
2 -0.770436 -1.08095 0.312536
1 -0.819173 -0.919416 0.308411
1 -0.874352 -0.603073 0.307328
9 -0.941484 -0.397775 0.299284
1 -0.902998 -0.536357 0.309932
3 -0.905693 -0.445718 0.3019
1 -0.872693 -0.450758 0.310546
3 -0.884956 -0.45911 0.30549
2 -0.87622 -0.451851 0.313085
1 -0.776192 -0.888358 0.309403
2 -0.774271 -0.958325 0.311791
3 -0.755334 -0.956042 0.316551
1 -0.787098 -0.794396 0.314257
3 -0.810005 -0.798063 0.310381
1 -0.864072 -0.491635 0.310475
1 -0.897413 -0.376879 0.310883
3 -0.793255 -0.713899 0.319193
12 -0.819984 -0.572397 0.315597
2 -0.799623 -0.71968 0.316809
2 -0.831055 -0.642516 0.312031
3 -0.848108 -0.711786 0.310114
5 -0.863579 -0.410993 0.315353
2 -0.8144 -0.60446 0.317552
6 -0.810536 -0.712755 0.312124
2 -0.812709 -0.637822 0.317045
4 -0.810884 -0.675678 0.316421
1 -0.826629 -0.486359 0.320055
2 -0.786819 -0.666952 0.316113
2 -0.813384 -0.828065 0.308824
2 -0.814444 -0.818439 0.308181
3 -0.90726 -0.462119 0.301659
3 -0.849267 -0.55987 0.308461
2 -0.865903 -0.567331 0.305767
1 -0.786116 -0.783137 0.316264
3 -0.792944 -0.821248 0.312853
5 -0.800208 -0.81638 0.313266
4 -0.823471 -0.72839 0.311234
1 -0.804632 -0.81527 0.308952
5 -0.866783 -0.577857 0.307884
1 -0.821939 -0.718491 0.310371
2 -0.838425 -0.813755 0.301531
2 -0.799407 -0.910916 0.304084
3 -0.861212 -0.589646 0.300554
1 -0.884847 -0.491246 0.300248
8 -0.799622 -0.709383 0.310792
4 -0.813749 -0.822921 0.306508
2 -0.854467 -0.70046 0.301718
1 -0.820385 -0.65497 0.312226
6 -0.855141 -0.55131 0.306483
5 -0.843226 -0.564038 0.306891
1 -0.883123 -0.435245 0.301666
2 -0.799829 -0.570021 0.319675
5 -0.884181 -0.432549 0.315266
1 -0.922945 -0.382259 0.299036
2 -0.964533 -0.219421 0.301831
1 -0.897371 -0.298055 0.307302
5 -0.895491 -0.37494 0.308057
2 -0.895441 -0.56165 0.302159
3 -0.821491 -0.851294 0.30374
1 -0.847847 -0.743851 0.3035
14 -0.839501 -0.728464 0.302872
1 -0.81958 -0.788453 0.309818
1 -0.827726 -0.622046 0.313601
5 -0.822635 -0.641907 0.313417
1 -0.781105 -0.820468 0.313253
1 -0.807184 -0.779129 0.316288
2 -0.812896 -0.734317 0.318186
1 -0.805939 -0.731479 0.314059
3 -0.904205 -0.413262 0.305243
3 -0.896975 -0.403082 0.312303
2 -0.818952 -0.617549 0.315723
3 -0.83721 -0.550301 0.311461
2 -0.754688 -1.00441 0.308793
7 -0.815662 -0.862979 0.304572
2 -0.765227 -0.976416 0.313523
5 -0.753939 -1.03352 0.314082
4 -0.792306 -0.720731 0.315763
2 -0.800783 -0.679161 0.316057
2 -0.878376 -0.445505 0.309076
1 -0.868272 -0.414155 0.310508
1 -0.820604 -0.651518 0.312113
4 -0.780288 -0.818839 0.315855
1 -0.764739 -0.879895 0.318149
4 -0.792285 -0.735954 0.318442
1 -0.798611 -0.750894 0.316551
5 -0.839271 -0.732794 0.307991
1 -0.823984 -0.738171 0.31436
2 -0.775442 -0.858835 0.314521
5 -0.809439 -0.644566 0.31512
1 -0.792847 -0.780535 0.312564
2 -0.858812 -0.507684 0.31403
1 -0.849096 -0.511764 0.312754
3 -0.80199 -0.732633 0.31252
2 -0.805838 -0.701217 0.315831
4 -0.781663 -0.706392 0.321655
1 -0.86534 -0.399572 0.320282
4 -0.831636 -0.555781 0.317778
1 -0.892774 -0.432341 0.309246
1 -0.887722 -0.533899 0.301643
4 -0.840446 -0.570875 0.309744
4 -0.832479 -0.593048 0.310911
1 -0.773516 -0.745162 0.314531
1 -0.76996 -0.973466 0.305753
4 -0.853496 -0.505472 0.311384
1 -0.887483 -0.508822 0.308812
17 -0.849125 -0.731128 0.308108
3 -0.744118 -0.95783 0.314162
2 -0.785432 -0.788652 0.315651
2 -0.820925 -0.722615 0.309217
8 -0.856097 -0.513444 0.312321
5 -0.869364 -0.47441 0.307682
1 -0.80655 -0.704517 0.313725
1 -0.872542 -0.604297 0.303535
1 -0.827901 -0.639155 0.312315
2 -0.804708 -0.698205 0.315306
2 -0.688361 -1.11479 0.319325
1 -0.702109 -1.0037 0.322525
2 -0.659864 -1.17425 0.321012
1 -0.766334 -1.02269 0.31564
2 -0.76163 -1.05637 0.312649
3 -0.839837 -0.719642 0.308076
1 -0.869842 -0.482475 0.308757
4 -0.844974 -0.543886 0.311341
1 -0.852715 -0.569623 0.30899
1 -0.914602 -0.380104 0.302229
8 -0.841197 -0.576037 0.309146
4 -0.824316 -0.745069 0.308564
3 -0.851049 -0.652811 0.306829
2 -0.886187 -0.538342 0.299523
2 -0.851886 -0.659597 0.301681
3 -0.831816 -0.579366 0.313553
3 -0.81258 -0.588198 0.312879
3 -0.812124 -0.590212 0.312835
2 -0.830066 -0.556364 0.316067
2 -0.849588 -0.444902 0.31338
3 -0.848683 -0.533295 0.312608
1 -0.899837 -0.441497 0.306192
1 -0.864065 -0.465009 0.307502
3 -0.861104 -0.548295 0.307248
6 -0.833258 -0.742608 0.308815
1 -0.778288 -0.89295 0.31191
1 -0.790009 -0.789282 0.314446
2 -0.806745 -0.803026 0.315898
1 -0.80907 -0.569805 0.321023
7 -0.823339 -0.608881 0.320791
2 -0.73937 -1.05379 0.320538
1 -0.748812 -0.99483 0.317476
3 -0.857565 -0.386145 0.317104
1 -0.76812 -0.707219 0.321084
2 -0.784692 -0.70418 0.320693
3 -0.843447 -0.502921 0.316837
3 -0.859989 -0.52177 0.310729
6 -0.834954 -0.707515 0.307005
2 -0.823636 -0.758448 0.30796
5 -0.791693 -0.810848 0.317661
11 -0.885101 -0.4504 0.310847
3 -0.79645 -0.721819 0.314453
9 -0.822634 -0.597646 0.314757
1 -0.729706 -0.969844 0.324877
2 -0.817977 -0.766753 0.309053
1 -0.804924 -0.671824 0.314339
6 -0.882352 -0.434161 0.309055
1 -0.792373 -0.756735 0.308626
1 -0.867484 -0.598853 0.301575
1 -0.833516 -0.622843 0.306546
6 -0.827728 -0.661028 0.307758
3 -0.905137 -0.4109 0.307104
1 -0.928408 -0.242849 0.311233
1 -0.908031 -0.371327 0.308181
2 -0.832353 -0.56117 0.311478
9 -0.857395 -0.430541 0.313803
7 -0.834758 -0.56541 0.313216
1 -0.794733 -0.744409 0.312977
3 -0.866676 -0.484717 0.307162
2 -0.838432 -0.567769 0.310381
10 -0.805543 -0.700836 0.312543
1 -0.763955 -0.949318 0.306041
1 -0.85852 -0.475204 0.30484
3 -0.86003 -0.410552 0.312806
3 -0.85509 -0.394386 0.312927
1 -0.858387 -0.434728 0.315517
2 -0.837074 -0.499781 0.316438
1 -0.807509 -0.555361 0.321132
1 -0.796099 -0.595891 0.32087
2 -0.864875 -0.458371 0.312332
1 -0.804819 -0.687809 0.318244
5 -0.841897 -0.569348 0.313772
6 -0.820422 -0.650451 0.316695
2 -0.85838 -0.528598 0.315339
4 -0.786917 -0.868178 0.317955
1 -0.837925 -0.614717 0.312714
4 -0.818258 -0.624498 0.316648
3 -0.818547 -0.575141 0.318604
1 -0.833925 -0.527379 0.317789
2 -0.832092 -0.71239 0.313402
1 -0.881528 -0.340862 0.315502
1 -0.851411 -0.406064 0.320846
1 -0.875058 -0.402998 0.320968
4 -0.908258 -0.361119 0.304037
2 -0.804358 -0.847733 0.311295
2 -0.804507 -0.681678 0.310321
3 -0.838105 -0.49135 0.314445
2 -0.828495 -0.567073 0.310056
2 -0.839755 -0.544981 0.31472
2 -0.856586 -0.415867 0.317665
1 -0.86117 -0.407629 0.319434
2 -0.902588 -0.271079 0.31239
1 -0.893031 -0.285366 0.313542
1 -0.904572 -0.241849 0.31186
3 -0.760336 -0.910686 0.317912
1 -0.827541 -0.623836 0.315203
6 -0.797583 -0.698248 0.319998
1 -0.862117 -0.459297 0.320552
2 -0.780818 -0.952827 0.315322
6 -0.853324 -0.608975 0.305336
1 -0.879631 -0.555678 0.300618
3 -0.855733 -0.533095 0.309101
11 -0.865796 -0.513929 0.308521
1 -0.810044 -0.816141 0.30942
1 -0.805717 -0.88643 0.311103
2 -0.809956 -0.979546 0.314926
2 -0.827233 -0.941486 0.314062
20 -0.851851 -0.988044 0.305477
4 -0.846924 -0.926594 0.30773
2 -0.888501 -0.60149 0.308882
5 -0.903478 -0.548536 0.308223
4 -0.872573 -0.649449 0.309655
2 -0.88924 -0.496815 0.309388
1 -0.925393 -0.360782 0.305913
1 -0.820345 -0.774768 0.307039
1 -0.720878 -1.11428 0.318816
1 -0.894694 -0.445284 0.306302
17 -0.907591 -0.352611 0.304598
3 -0.92003 -0.388766 0.307104
2 -0.927822 -0.26654 0.307277
1 -0.871759 -0.510579 0.312009
4 -0.894504 -0.475135 0.310145
2 -0.800575 -0.663502 0.312622
3 -0.781734 -0.991743 0.306238
8 -0.882591 -0.42412 0.31547
2 -0.949165 -0.190084 0.307444
2 -0.894627 -0.443117 0.308695
1 -0.89998 -0.381401 0.309844
1 -0.900314 -0.36396 0.309901
3 -0.866328 -0.448514 0.313412
4 -0.835633 -0.533656 0.313796
3 -0.841144 -0.609592 0.313063
3 -0.820251 -0.653697 0.316121
3 -0.835282 -0.700718 0.307338
1 -0.87717 -0.519718 0.304737
2 -0.794891 -0.789825 0.313934
1 -0.747644 -1.07081 0.316961
2 -0.722113 -1.10744 0.32223
2 -0.740224 -0.912587 0.329217
2 -0.767837 -0.76861 0.329261
1 -0.799967 -0.673601 0.324318
3 -0.775857 -0.75688 0.32126
1 -0.667425 -1.10789 0.325415
3 -0.785137 -0.823246 0.311254
3 -0.767714 -0.790938 0.316537
5 -0.781508 -0.776832 0.313303
2 -0.736865 -0.913452 0.32379
1 -0.754432 -1.04246 0.3193
5 -0.73907 -1.053 0.319036
2 -0.702273 -1.07288 0.325431
4 -0.848275 -0.622771 0.309361
2 -0.83374 -0.600344 0.313769
3 -0.848511 -0.420379 0.315371
7 -0.881102 -0.467565 0.309524
1 -0.842238 -0.634806 0.305746
1 -0.852908 -0.449171 0.314893
2 -0.848634 -0.488077 0.314993
3 -0.855281 -0.46317 0.314427
3 -0.821266 -0.694324 0.31092
4 -0.870464 -0.574522 0.304337
1 -0.845331 -0.675812 0.307175
2 -0.934599 -0.378556 0.303613
3 -0.858606 -0.663653 0.301645
5 -0.773211 -0.742225 0.315795
3 -0.807826 -0.594384 0.315828
4 -0.823079 -0.48357 0.320569
2 -0.827131 -0.627377 0.315586
2 -0.844154 -0.603356 0.305947
3 -0.774868 -0.73683 0.316801
2 -0.794738 -0.755093 0.320725
2 -0.782256 -0.874577 0.311901
2 -0.856735 -0.46104 0.311038
1 -0.865277 -0.426833 0.31277
1 -0.889643 -0.383108 0.313601
1 -0.82977 -0.717634 0.312149
2 -0.84919 -0.690171 0.308754
5 -0.795347 -0.79858 0.314176
7 -0.875973 -0.646558 0.304702
1 -0.92676 -0.389452 0.307411
1 -0.920562 -0.415043 0.310316
6 -0.846685 -0.612553 0.310157
1 -0.820266 -0.761093 0.309479
1 -0.816461 -0.750947 0.310692
3 -0.781179 -0.913181 0.316967
1 -0.81754 -0.767899 0.310489
3 -0.837916 -0.696091 0.309262
5 -0.857628 -0.582487 0.306112
1 -0.843774 -0.584686 0.310267
2 -0.821867 -0.67237 0.310983
3 -0.836675 -0.514286 0.318538
2 -0.774193 -0.878633 0.319764
1 -0.743933 -0.972567 0.315929
6 -0.824841 -0.654181 0.30998
1 -0.842548 -0.630409 0.308628
2 -0.878144 -0.487505 0.304107
1 -0.860781 -0.688311 0.303468
2 -0.902217 -0.515177 0.302334
1 -0.882315 -0.522477 0.304364
2 -0.807013 -0.856658 0.304774
3 -0.877219 -0.60503 0.30565
1 -0.806364 -0.74517 0.316811
6 -0.814358 -0.853716 0.312332
2 -0.91157 -0.48746 0.306951
3 -0.908458 -0.505493 0.305479
2 -0.847725 -0.614235 0.309657
1 -0.795317 -0.75957 0.315035
2 -0.815027 -0.663782 0.313378
2 -0.853311 -0.504833 0.312166
6 -0.865938 -0.420996 0.31264
4 -0.79065 -0.598342 0.313811
1 -0.737474 -0.984191 0.310821
5 -0.883368 -0.695945 0.30252
1 -0.864882 -0.6374 0.310992
1 -0.865729 -0.506045 0.315558
2 -0.836382 -0.635601 0.314951
4 -0.767241 -0.896542 0.319773
2 -0.722736 -1.15029 0.314972
3 -0.701437 -1.04986 0.320426
6 -0.751427 -0.881758 0.317415
1 -0.760572 -0.772021 0.319196
3 -0.770423 -0.879743 0.314496
1 -0.81257 -0.451769 0.317488
1 -0.724826 -0.987067 0.324428
1 -0.854273 -0.437705 0.316162
4 -0.942226 -0.17333 0.312234
1 -0.865055 -0.493778 0.310234
1 -0.812001 -0.749049 0.309481
4 -0.795063 -0.771215 0.310822
4 -0.748166 -0.956386 0.318876
8 -0.773047 -0.863454 0.314617
1 -0.902811 -0.485754 0.302232
2 -0.809411 -0.80423 0.308806
3 -0.773007 -0.852737 0.313874
2 -0.756848 -0.90347 0.316071
7 -0.852739 -0.439657 0.32398
3 -0.869057 -0.43075 0.323613
1 -0.824251 -0.625787 0.322113
2 -0.837095 -0.688156 0.312805
8 -0.863694 -0.458704 0.316899
4 -0.865506 -0.45067 0.316859
1 -0.830419 -0.638969 0.306997
2 -0.814737 -0.668287 0.30961
2 -0.826383 -0.782312 0.308847
2 -0.820335 -0.87073 0.307006
1 -0.825948 -0.836423 0.307178
3 -0.887903 -0.488509 0.306377
1 -0.869612 -0.558257 0.306258
1 -0.714269 -1.07855 0.315966
4 -0.72689 -0.990025 0.306943
1 -0.82077 -0.581731 0.305627
3 -0.810448 -0.612184 0.311713
5 -0.833956 -0.606355 0.307316
2 -0.875585 -0.371149 0.309136
6 -0.86618 -0.446315 0.309269
2 -0.890333 -0.351939 0.307278
4 -0.779164 -0.729094 0.315204
1 -0.898397 -0.306583 0.311936
2 -0.816558 -0.582224 0.317462
1 -0.777908 -0.941944 0.309487
1 -0.811402 -0.848232 0.30608
3 -0.738604 -0.979948 0.312166
3 -0.827755 -0.617505 0.307764
1 -0.723448 -0.876989 0.314718
1 -0.784331 -0.662301 0.315744
1 -0.800767 -0.700749 0.308959
2 -0.821916 -0.873674 0.304487
1 -0.890821 -0.58003 0.297107
2 -0.869739 -0.605495 0.298818
1 -0.890321 -0.508257 0.307026
4 -0.784498 -0.819731 0.314199
1 -0.867922 -0.463426 0.316943
4 -0.811319 -0.803244 0.305963
2 -0.897948 -0.534119 0.299523
1 -0.88662 -0.461614 0.307885
1 -0.881055 -0.545917 0.300709
6 -0.846102 -0.562792 0.310543
5 -0.861274 -0.435932 0.310421
1 -0.866613 -0.571699 0.307426
3 -0.86954 -0.46292 0.314056
2 -0.895458 -0.228814 0.317587
5 -0.796218 -0.697901 0.314781
6 -0.782453 -0.784915 0.316452
3 -0.832135 -0.469806 0.322898
5 -0.823209 -0.681084 0.312142
2 -0.842432 -0.710421 0.3082
2 -0.882434 -0.476298 0.305529
8 -0.863834 -0.584438 0.307527
1 -0.912275 -0.316369 0.310147
4 -0.886641 -0.331178 0.314835
1 -0.830801 -0.648461 0.310307
1 -0.881683 -0.385525 0.312653
10 -0.819345 -0.698604 0.31357
1 -0.8436 -0.599476 0.311411
1 -0.836944 -0.557549 0.312488
1 -0.891614 -0.366255 0.311017
2 -0.889061 -0.380364 0.311108
5 -0.862883 -0.429224 0.309463
1 -0.889828 -0.37687 0.310078
1 -0.844989 -0.655794 0.30487
9 -0.82565 -0.652653 0.307707
2 -0.808146 -0.703887 0.309818
3 -0.792151 -0.814182 0.321559
4 -0.835349 -0.58326 0.32045
1 -0.821295 -0.62389 0.320221
3 -0.817942 -0.680249 0.316289
1 -0.819165 -0.596401 0.318002
3 -0.802074 -0.685325 0.314959
2 -0.788772 -0.704549 0.316446
1 -0.817152 -0.550471 0.317389
2 -0.781857 -0.634415 0.320637
1 -0.835183 -0.601342 0.313167
2 -0.826325 -0.669087 0.312545
3 -0.757402 -0.927119 0.317267
2 -0.79748 -0.822925 0.31141
5 -0.83264 -0.785762 0.306688
1 -0.821439 -0.839471 0.307432
2 -0.771123 -0.974222 0.316794
1 -0.784665 -0.92888 0.316068
3 -0.840733 -0.683508 0.313521
2 -0.89719 -0.466448 0.310175
2 -0.954794 -0.299944 0.304028
1 -0.859697 -0.583239 0.309252
1 -0.873499 -0.534163 0.308704
4 -0.757977 -0.907537 0.316982
4 -0.774117 -0.864272 0.314066
5 -0.896638 -0.597148 0.301445
4 -0.886236 -0.543636 0.3037
2 -0.845681 -0.68433 0.304864
1 -0.816682 -0.774306 0.30695
1 -0.822895 -0.756717 0.30778
5 -0.83547 -0.714425 0.307695
2 -0.848328 -0.573309 0.312565
6 -0.87365 -0.521396 0.310062
4 -0.875652 -0.476196 0.312651
2 -0.879355 -0.45935 0.313024
3 -0.845307 -0.509798 0.30688
7 -0.874493 -0.384384 0.30645
4 -0.862514 -0.486456 0.302441
5 -0.841089 -0.521563 0.307282
4 -0.769295 -0.867859 0.314933
2 -0.727753 -1.11552 0.315537
1 -0.7688 -0.963986 0.309669
2 -0.854897 -0.478253 0.314585
2 -0.860397 -0.60601 0.311343
6 -0.831879 -0.709549 0.307786
1 -0.828625 -0.720049 0.303678
1 -0.827715 -0.688846 0.305671
6 -0.832658 -0.730778 0.305288
3 -0.821398 -0.556183 0.316253
2 -0.79358 -0.633951 0.320158
1 -0.845346 -0.474011 0.316086
2 -0.826594 -0.599048 0.322831
1 -0.799591 -0.765906 0.320444
7 -0.778908 -0.912949 0.317033
2 -0.795325 -0.855783 0.315173
9 -0.825173 -0.756173 0.310462
5 -0.835991 -0.704019 0.312582
3 -0.789958 -0.709416 0.31404
2 -0.812334 -0.740113 0.310373
7 -0.829296 -0.650321 0.30556
2 -0.878186 -0.45281 0.305045
5 -0.846053 -0.515451 0.313079
1 -0.869502 -0.436723 0.314578
1 -0.795508 -0.589982 0.317939
2 -0.801781 -0.625388 0.316122
1 -0.859251 -0.375068 0.312508
1 -0.887671 -0.350139 0.314183
2 -0.806307 -0.861998 0.31307
1 -0.839841 -0.757869 0.307561
1 -0.804139 -0.739082 0.313993
8 -0.864252 -0.522096 0.306372
3 -0.863425 -0.533169 0.313384
1 -0.926407 -0.442654 0.30599
3 -0.830193 -0.842724 0.312534
3 -0.843634 -0.789774 0.303362
3 -0.844461 -0.797907 0.303122
2 -0.875274 -0.640848 0.302283
5 -0.956266 -0.336653 0.294998
3 -0.920528 -0.519895 0.296011
1 -0.817445 -0.841764 0.30373
1 -0.792096 -0.85078 0.31366
2 -0.81172 -0.792932 0.315456
4 -0.955498 -0.241139 0.307404
2 -0.954935 -0.267253 0.306231
3 -0.906419 -0.548624 0.304331
7 -0.889342 -0.618187 0.305552
4 -0.92853 -0.420655 0.300759
1 -0.801714 -0.846718 0.305889
3 -0.919836 -0.303817 0.30698
1 -0.841948 -0.577918 0.309437
2 -0.904728 -0.311869 0.308021
4 -0.845866 -0.572149 0.316945
3 -0.836909 -0.43271 0.323851
7 -0.831281 -0.540296 0.322132
2 -0.826525 -0.403379 0.321307
1 -0.73668 -0.782708 0.322147
1 -0.77295 -0.666002 0.32269
2 -0.860156 -0.458625 0.313711
3 -0.845679 -0.5212 0.312806
2 -0.819221 -0.620941 0.313447
1 -0.807612 -0.700843 0.321926
14 -0.751631 -1.08073 0.317567
2 -0.797331 -0.83299 0.314083
2 -0.818373 -0.753603 0.309684
1 -0.8628 -0.508202 0.314286
5 -0.86625 -0.682432 0.303699
1 -0.881433 -0.492072 0.302911
6 -0.777247 -0.871541 0.315782
6 -0.782937 -0.868685 0.3149
7 -0.820887 -0.754952 0.317412
6 -0.856422 -0.548243 0.314186
3 -0.854901 -0.592433 0.311611
5 -0.872441 -0.498692 0.312982
3 -0.830262 -0.652499 0.310984
1 -0.784543 -0.717919 0.31661
1 -0.791117 -0.679116 0.319305
2 -0.893897 -0.450499 0.311307
6 -0.912385 -0.485102 0.304225
7 -0.935908 -0.34573 0.306003
7 -0.911355 -0.546069 0.307457
2 -0.913513 -0.487943 0.305303
2 -0.890378 -0.497476 0.305887
3 -0.850702 -0.647109 0.310072
6 -0.837328 -0.713616 0.31328
3 -0.802149 -0.822155 0.315857
1 -0.795311 -0.770888 0.318646
1 -0.763687 -0.930969 0.319581
11 -0.693959 -1.29921 0.319673
5 -0.865468 -0.372886 0.317026
3 -0.889641 -0.347554 0.314926
11 -0.847175 -0.59915 0.310434
7 -0.824927 -0.616556 0.315965
1 -0.769319 -0.857075 0.315484
2 -0.83294 -0.59528 0.313771
7 -0.804887 -0.672461 0.314317
2 -0.798702 -0.72418 0.312663
2 -0.774565 -0.742674 0.316194
5 -0.823975 -0.604948 0.318409
2 -0.843166 -0.553526 0.31622
3 -0.909304 -0.337486 0.308503
9 -0.863003 -0.681003 0.305268
1 -0.85518 -0.654495 0.312041
1 -0.815808 -0.84764 0.314926
3 -0.851344 -0.5963 0.312811
8 -0.839428 -0.408302 0.318607
1 -0.830256 -0.629543 0.311111
6 -0.830337 -0.62929 0.311106
1 -0.890633 -0.411329 0.307209
2 -0.867494 -0.48614 0.312956
1 -0.864133 -0.471634 0.313661
2 -0.856508 -0.455122 0.309789
1 -0.886753 -0.383832 0.306028
2 -0.908753 -0.34044 0.306459
2 -0.906896 -0.240866 0.311339
1 -0.788013 -0.788458 0.314775
3 -0.776021 -0.817779 0.324599
1 -0.805737 -0.616639 0.319159
4 -0.867229 -0.566328 0.311671
1 -0.888366 -0.499938 0.317246
1 -0.82414 -0.536627 0.312703
4 -0.810688 -0.65981 0.311118
3 -0.876406 -0.291083 0.313899
3 -0.859981 -0.408483 0.313985
8 -0.807117 -0.637775 0.310062
13 -0.800255 -0.687867 0.31463
1 -0.855855 -0.611892 0.3122
1 -0.794811 -0.74571 0.31768
1 -0.877265 -0.487437 0.309686
2 -0.838335 -0.693085 0.314528
3 -0.877913 -0.625411 0.31184
2 -0.892795 -0.489253 0.308194
1 -0.910149 -0.459266 0.305972
7 -0.877417 -0.573493 0.302906
1 -0.827942 -0.756355 0.307502
1 -0.781235 -0.806419 0.31503
1 -0.812497 -0.587576 0.314743
2 -0.848049 -0.453261 0.313003
1 -0.878649 -0.418346 0.304914
3 -0.894473 -0.343939 0.304752
3 -0.847744 -0.501778 0.310834
2 -0.869408 -0.472979 0.309523
1 -0.839166 -0.543912 0.309848
1 -0.824577 -0.574612 0.317596
1 -0.817011 -0.665256 0.317339
1 -0.832061 -0.63154 0.314475
14 -0.828888 -0.608887 0.314962
1 -0.821872 -0.659686 0.313433
6 -0.837425 -0.736054 0.307894
2 -0.82593 -0.621209 0.314877
2 -0.838771 -0.403011 0.317806
3 -0.846759 -0.402506 0.315616
4 -0.812797 -0.541559 0.314236
1 -0.825312 -0.50232 0.314033
3 -0.731163 -0.822332 0.319962
3 -0.836449 -0.429057 0.314167
1 -0.843563 -0.439096 0.309548
1 -0.836365 -0.421475 0.30874
1 -0.897759 -0.305383 0.30602
1 -0.898263 -0.373409 0.303264
2 -0.887814 -0.368883 0.306617
2 -0.84361 -0.558862 0.313114
1 -0.825166 -0.616963 0.311506
1 -0.831675 -0.557576 0.312735
1 -0.837828 -0.589903 0.30673
1 -0.79765 -0.601773 0.30881
1 -0.862413 -0.492332 0.299097
5 -0.77462 -0.846324 0.323949
5 -0.772937 -0.77499 0.32182
8 -0.748764 -0.828553 0.321492
2 -0.782162 -0.794762 0.312002
1 -0.863055 -0.485479 0.314468
2 -0.830405 -0.565328 0.317264
1 -0.854276 -0.461436 0.316087
2 -0.858578 -0.650751 0.302755
2 -0.807761 -0.897469 0.303172
2 -0.830153 -0.683821 0.313009
4 -0.811074 -0.820892 0.307537
3 -0.808079 -0.662576 0.316805
5 -0.778117 -0.660161 0.315553
1 -0.86268 -0.647856 0.30675
1 -0.838467 -0.638402 0.310916
1 -0.797259 -0.70045 0.318591
4 -0.796883 -0.836665 0.314681
1 -0.780766 -0.934501 0.313418
1 -0.770396 -0.931415 0.31582
3 -0.868809 -0.717118 0.304299
1 -0.861775 -0.724255 0.306976
1 -0.807923 -0.719875 0.317309
1 -0.883647 -0.517759 0.304961
1 -0.936699 -0.488605 0.301694
1 -0.932216 -0.484066 0.298852
2 -0.906896 -0.508681 0.299354
1 -0.843674 -0.651854 0.308488
1 -0.836429 -0.833995 0.301398
1 -0.911117 -0.453874 0.300963
1 -0.889691 -0.608977 0.30368
1 -0.743947 -0.930894 0.320898
2 -0.825844 -0.599046 0.321827
8 -0.865203 -0.489572 0.317383
1 -0.851188 -0.515751 0.313558
1 -0.853143 -0.545936 0.311115
4 -0.8712 -0.520313 0.309523
2 -0.799069 -0.830594 0.308512
1 -0.831286 -0.696893 0.303969
1 -0.796582 -0.824459 0.311581
1 -0.75183 -1.01808 0.317894
3 -0.839119 -0.702094 0.310853
2 -0.830335 -0.693774 0.311746
1 -0.765955 -0.880777 0.31047
2 -0.7685 -0.895602 0.306949
6 -0.805662 -0.591255 0.315033
1 -0.826896 -0.617591 0.310243
2 -0.920068 -0.309265 0.308978
2 -0.849543 -0.597892 0.311382
3 -0.813048 -0.725834 0.313824
1 -0.783298 -0.880022 0.312697
1 -0.79047 -0.814024 0.315089
6 -0.774692 -0.844984 0.315626
2 -0.78072 -0.810415 0.315153
3 -0.827948 -0.629735 0.312474
3 -0.809315 -0.637531 0.317454
5 -0.843998 -0.578832 0.31046
2 -0.84346 -0.564006 0.311184
2 -0.902158 -0.266251 0.307524
2 -0.945758 -0.144771 0.306346
3 -0.885666 -0.38921 0.312133
1 -0.894946 -0.415633 0.306848
4 -0.902576 -0.405967 0.30837
3 -0.925625 -0.318742 0.304984
1 -0.839722 -0.550984 0.312606
7 -0.897452 -0.433008 0.306271
1 -0.923632 -0.30656 0.30612
5 -0.810239 -0.773185 0.311061
6 -0.792621 -0.731208 0.316935
2 -0.779752 -0.781147 0.31726
2 -0.794273 -0.743501 0.314777
5 -0.808899 -0.714348 0.313058
2 -0.808188 -0.802911 0.301914
6 -0.837239 -0.658318 0.302987
2 -0.717012 -1.0473 0.321268
1 -0.811402 -0.636406 0.31968
8 -0.867401 -0.416722 0.314023
1 -0.861354 -0.515319 0.308163
4 -0.838782 -0.600705 0.310337
1 -0.842374 -0.577544 0.313354
4 -0.740987 -0.993838 0.318247
1 -0.765276 -0.799724 0.32094
5 -0.797281 -0.652545 0.320058
2 -0.829101 -0.609827 0.308614
1 -0.855157 -0.48203 0.31364
2 -0.865565 -0.501608 0.312659
2 -0.901297 -0.332578 0.310736
7 -0.772401 -0.724112 0.321556
5 -0.808253 -0.68584 0.319183
5 -0.827952 -0.618631 0.313138
1 -0.861577 -0.546564 0.306687
1 -0.850908 -0.544103 0.313117
2 -0.883574 -0.45 0.311094
1 -0.862827 -0.473939 0.312676
7 -0.870937 -0.626672 0.302013
3 -0.877994 -0.352451 0.311968
3 -0.851981 -0.432966 0.314482
5 -0.868158 -0.413551 0.314291
1 -0.805126 -0.765811 0.312555
1 -0.828238 -0.788292 0.310318
8 -0.86307 -0.638768 0.308044
18 -0.890991 -0.52152 0.30671
3 -0.876314 -0.461822 0.305455
4 -0.882105 -0.503074 0.308994
1 -0.892756 -0.433443 0.310048
1 -0.754788 -0.902599 0.312643
1 -0.760649 -1.06124 0.313585
2 -0.754326 -1.02414 0.316398
1 -0.747957 -1.03887 0.311833
1 -0.916295 -0.284212 0.307663
1 -0.899536 -0.308083 0.309824
7 -0.959989 -0.127842 0.307685
2 -0.906928 -0.441726 0.309497
3 -0.892397 -0.60876 0.302595
4 -0.861913 -0.811766 0.306193
4 -0.864451 -0.774881 0.307859
2 -0.84772 -0.654887 0.314081
2 -0.809541 -0.684026 0.321805
2 -0.833611 -0.550149 0.314571
1 -0.954669 -0.251594 0.304647
6 -0.945585 -0.247534 0.30668
1 -0.841023 -0.542478 0.312036
1 -0.828066 -0.513882 0.314408
1 -0.816916 -0.624313 0.311019
3 -0.849616 -0.502097 0.313693
5 -0.888111 -0.386045 0.314212
8 -0.904012 -0.406703 0.31042
3 -0.958579 -0.179363 0.311506
4 -0.965939 -0.36654 0.3018
4 -0.954175 -0.307082 0.301477
1 -0.901459 -0.423403 0.306889
2 -0.875796 -0.687061 0.307439
2 -0.723405 -1.12539 0.317763
1 -0.708133 -1.03591 0.322593
1 -0.688808 -1.09899 0.324193
4 -0.889338 -0.345224 0.319271
3 -0.845499 -0.546088 0.315046
8 -0.826096 -0.534926 0.31423
2 -0.867719 -0.387095 0.311092
2 -0.940776 -0.221062 0.308697
1 -0.848025 -0.637159 0.313005
15 -0.878591 -0.552489 0.309844
1 -0.79666 -0.802708 0.314345
1 -0.816156 -0.736391 0.311316
2 -0.842622 -0.5195 0.31078
2 -0.81859 -0.654439 0.314103
4 -0.829915 -0.624669 0.316602
2 -0.896656 -0.466324 0.306602
1 -0.883043 -0.46429 0.310878
2 -0.848405 -0.690946 0.311604
5 -0.92709 -0.338781 0.304626
10 -0.908105 -0.479169 0.304294
1 -0.831273 -0.572532 0.310607
3 -0.726543 -0.907773 0.318717
2 -0.756862 -0.747204 0.316481
5 -0.759745 -0.851834 0.312364
4 -0.725386 -1.08077 0.317105
1 -0.780183 -0.785281 0.320174
3 -0.898828 -0.252964 0.310979
2 -0.935902 -0.306058 0.305715
1 -0.895959 -0.494264 0.306598
4 -0.885875 -0.50701 0.307422
1 -0.894827 -0.497719 0.304321
8 -0.879572 -0.558348 0.307533
3 -0.854806 -0.73904 0.306173
7 -0.841882 -0.73455 0.306459
1 -0.860917 -0.665914 0.303843
3 -0.813188 -0.691709 0.314584
7 -0.835183 -0.626594 0.313453
1 -0.868371 -0.622631 0.302943
1 -0.898141 -0.363222 0.305547
2 -0.858988 -0.500439 0.307958
5 -0.8549 -0.573792 0.30375
2 -0.817798 -0.730434 0.313033
1 -0.766668 -0.906044 0.313553
1 -0.773496 -0.852853 0.313609
1 -0.908866 -0.377073 0.307265
3 -0.909645 -0.358006 0.309326
2 -0.889368 -0.411227 0.311514
1 -0.86342 -0.490509 0.312984
4 -0.849972 -0.484587 0.318418
2 -0.832388 -0.47731 0.317812
1 -0.817838 -0.480903 0.320006
2 -0.897197 -0.301562 0.308965
1 -0.803136 -0.821921 0.303612
4 -0.794474 -0.828687 0.313116
1 -0.800991 -0.916933 0.312681
5 -0.769927 -0.847709 0.319123
4 -0.813829 -0.619111 0.316624
4 -0.834989 -0.492011 0.317985
4 -0.797993 -0.74965 0.318396
13 -0.824595 -0.657437 0.317791
3 -0.751357 -0.978642 0.323412
2 -0.792766 -0.841057 0.308033
2 -0.813615 -0.66576 0.312882
8 -0.809221 -0.744321 0.315759
2 -0.786005 -0.814881 0.318941
5 -0.960168 -0.0651124 0.307328
1 -0.954098 -0.0155745 0.312513
4 -0.868588 -0.421043 0.307089
1 -0.889631 -0.50424 0.301576
2 -0.87869 -0.427239 0.306478
1 -0.912414 -0.344305 0.308035
1 -0.864633 -0.470611 0.309545
1 -0.907662 -0.335291 0.313795
1 -0.877308 -0.426795 0.312662
5 -0.827037 -0.559522 0.316873
1 -0.876711 -0.346388 0.317299
3 -0.858946 -0.335089 0.32119
2 -0.864386 -0.403565 0.317863
5 -0.838483 -0.522575 0.315036
2 -0.842042 -0.540861 0.313019
1 -0.867842 -0.518368 0.309133
2 -0.854559 -0.707022 0.305951
1 -0.810531 -0.684006 0.315851
3 -0.934533 -0.133252 0.308783
2 -0.796595 -0.710244 0.312262
2 -0.853138 -0.592728 0.309214
1 -0.855833 -0.719974 0.305263
3 -0.852195 -0.734032 0.303761
11 -0.960914 -0.232491 0.298885
4 -1.01171 -0.108511 0.2996
2 -0.875465 -0.561307 0.311955
1 -0.805017 -0.72336 0.319893
2 -0.776773 -0.762183 0.321763
6 -0.873628 -0.375628 0.317816
1 -0.780824 -0.772929 0.317652
1 -0.841731 -0.629995 0.31119
2 -0.834314 -0.594978 0.314284
1 -0.864661 -0.569516 0.311089
2 -0.767308 -0.800904 0.312527
2 -0.764128 -0.819225 0.312884
1 -0.890326 -0.58595 0.299392
8 -0.903291 -0.487877 0.303826
1 -0.755922 -1.09408 0.306937
2 -0.812807 -0.691791 0.311976
7 -0.812399 -0.723976 0.310785
2 -0.841617 -0.562339 0.307879
9 -0.847293 -0.520542 0.308328
1 -0.853805 -0.604508 0.304637
4 -0.82129 -0.62742 0.305874
1 -0.951117 -0.279074 0.295455
1 -0.951164 -0.297368 0.301118
1 -0.83643 -0.697074 0.307991
2 -0.773489 -0.841197 0.313452
4 -0.749682 -0.930414 0.313478
3 -0.739244 -0.91375 0.315321
2 -0.875808 -0.365489 0.313011
1 -0.745534 -0.958835 0.317131
2 -0.78312 -0.871968 0.316145
1 -0.692599 -1.15348 0.31727
2 -0.68617 -1.14591 0.321126
2 -0.745252 -0.945025 0.314632
2 -0.783225 -0.834646 0.316403
2 -0.755731 -0.939704 0.31491
2 -0.725854 -1.07452 0.319224
3 -0.74295 -0.912163 0.322537
1 -0.806932 -0.717279 0.314171
4 -0.829993 -0.710947 0.312652
1 -0.837304 -0.656167 0.304526
5 -0.890692 -0.523586 0.303672
6 -0.870646 -0.475277 0.310704
9 -0.838622 -0.50073 0.313388
1 -0.745991 -0.929357 0.315379
3 -0.713785 -1.1414 0.314208
5 -0.791871 -0.572965 0.320372
1 -0.823154 -0.485266 0.316797
4 -0.913964 -0.380088 0.304946
6 -0.873199 -0.426661 0.308667
2 -0.892222 -0.351476 0.309105
2 -0.935908 -0.252613 0.30554
9 -0.917227 -0.325208 0.306384
5 -0.885862 -0.380033 0.310987
5 -0.922608 -0.353335 0.303706
4 -0.892239 -0.388361 0.306582
1 -0.871871 -0.491695 0.306414
1 -0.921448 -0.25021 0.308429
5 -0.909132 -0.372063 0.310222
2 -0.838683 -0.622766 0.301556
2 -0.845839 -0.671511 0.306651
4 -0.758805 -0.93645 0.316851
1 -0.780569 -0.697208 0.319622
4 -0.815633 -0.618768 0.315973
4 -0.83421 -0.662309 0.311833
1 -0.889551 -0.538084 0.305305
3 -0.808923 -0.822709 0.305218
4 -0.845442 -0.658313 0.3046
1 -0.79543 -0.767345 0.310646
3 -0.771808 -0.900515 0.31025
9 -0.790682 -0.853935 0.309703
6 -0.861728 -0.52641 0.308884
9 -0.847946 -0.41937 0.31073
3 -0.853551 -0.626535 0.304263
1 -0.858251 -0.595985 0.311845
12 -0.89274 -0.5611 0.302528
1 -0.862852 -0.607447 0.30854
2 -0.823205 -0.640215 0.315723
4 -0.825829 -0.608077 0.315944
1 -0.836714 -0.610332 0.311981
1 -0.925823 -0.260634 0.307776
5 -0.900161 -0.415771 0.308454
3 -0.876616 -0.561867 0.298808
2 -0.875574 -0.526495 0.308773
4 -0.860087 -0.537301 0.309019
4 -0.817836 -0.557962 0.313751
3 -0.902048 -0.473486 0.30652
2 -0.839469 -0.66789 0.309641
1 -0.878731 -0.572238 0.305691
3 -0.872259 -0.582575 0.306574
1 -0.849188 -0.750654 0.306858
6 -0.856277 -0.580731 0.313681
1 -0.852009 -0.586637 0.309008
1 -0.788518 -0.689936 0.315897
1 -0.832371 -0.662953 0.307449
13 -0.77531 -0.931869 0.310968
4 -0.736174 -1.01749 0.313401
3 -0.748899 -0.989609 0.31275
7 -0.8084 -0.622181 0.318074
2 -0.719042 -0.925102 0.321588
1 -0.882285 -0.283588 0.313843
1 -0.864526 -0.365701 0.320022
7 -0.890231 -0.368411 0.316407
3 -0.833502 -0.599351 0.313762
1 -0.877239 -0.517301 0.306762
1 -0.887121 -0.494789 0.306008
2 -0.878145 -0.526157 0.309674
5 -0.875118 -0.610071 0.309818
3 -0.883356 -0.565527 0.309973
5 -0.890125 -0.409234 0.314077
2 -0.913119 -0.440677 0.307057
3 -0.909966 -0.328583 0.299758
3 -0.882812 -0.452192 0.303048
1 -0.875301 -0.448017 0.307743
1 -0.898476 -0.303208 0.308425
2 -0.832307 -0.581273 0.307125
3 -0.841023 -0.614936 0.305466
1 -0.808706 -0.871588 0.302603
2 -0.833886 -0.821926 0.305927
4 -0.834371 -0.790945 0.307222
3 -0.772065 -1.04751 0.313074
3 -0.90459 -0.492158 0.303703
1 -0.885387 -0.502801 0.306573
3 -0.842039 -0.649318 0.31138
5 -0.829591 -0.630656 0.317852
1 -0.806008 -0.62937 0.314925
1 -0.83372 -0.663814 0.314318
3 -0.917473 -0.37419 0.307474
1 -0.878241 -0.495672 0.306675
1 -0.828655 -0.755938 0.307732
5 -0.820075 -0.582242 0.314902
1 -0.855448 -0.517913 0.312545
3 -0.914595 -0.343487 0.307283
2 -0.918082 -0.34994 0.304361
1 -0.848141 -0.675781 0.300623
2 -0.824951 -0.723087 0.302425
4 -0.871126 -0.420247 0.311006
4 -0.788701 -0.877031 0.312624
1 -0.821229 -0.793876 0.310164
1 -0.73211 -1.0541 0.317572
3 -0.793489 -0.79541 0.313992
2 -0.784618 -0.914592 0.306075
1 -0.75033 -1.15863 0.306291
1 -0.761569 -1.10219 0.306461
3 -0.819945 -0.555743 0.30718
3 -0.848602 -0.577288 0.303407
1 -0.860457 -0.526025 0.308953
3 -0.892001 -0.404462 0.308452
3 -0.888561 -0.461946 0.311489
4 -0.852017 -0.594555 0.310752
2 -0.836008 -0.809162 0.309772
3 -0.828588 -0.785581 0.310735
7 -0.837768 -0.750615 0.304185
1 -0.88628 -0.574136 0.300992
2 -0.861969 -0.463338 0.310283
1 -0.853473 -0.500074 0.31312
2 -0.837697 -0.47509 0.318138
9 -0.830317 -0.574131 0.314667
4 -0.826136 -0.521893 0.3215
2 -0.821613 -0.58958 0.31854
1 -0.805392 -0.517734 0.315514
4 -0.851214 -0.499013 0.311504
3 -0.818681 -0.67269 0.311032
2 -0.837211 -0.642797 0.308245
2 -0.793222 -0.573397 0.319027
1 -0.793717 -0.879175 0.309126
1 -0.784544 -0.817338 0.310268
3 -0.739505 -1.02289 0.309417
3 -0.68526 -1.0584 0.327636
5 -0.710368 -0.943309 0.322595
2 -0.702176 -1.00221 0.32475
1 -0.799317 -0.693035 0.318921
1 -0.728525 -0.999554 0.319582
2 -0.759891 -0.719102 0.321754
3 -0.819687 -0.742252 0.317131
4 -0.832029 -0.673907 0.317043
2 -0.824284 -0.701553 0.312118
5 -0.832701 -0.585763 0.319715
3 -0.786153 -0.660323 0.318662
3 -0.862435 -0.426824 0.312847
6 -0.806969 -0.786503 0.308278
1 -0.866339 -0.478096 0.310655
3 -0.77488 -0.749593 0.316905
3 -0.77724 -0.903199 0.31476
2 -0.789361 -0.613184 0.320601
2 -0.784103 -0.682067 0.318852
3 -0.851127 -0.692069 0.304432
3 -0.853364 -0.717577 0.300567
1 -0.869414 -0.584054 0.307094
5 -0.823723 -0.752953 0.310966
4 -0.767139 -0.904916 0.312872
15 -0.769175 -0.951642 0.318199
3 -0.782972 -0.69293 0.318483
1 -0.866357 -0.406882 0.313948
6 -0.889228 -0.320425 0.314296
5 -0.753028 -0.859502 0.324622
2 -0.763323 -0.842662 0.324722
2 -0.825421 -0.488027 0.323524
9 -0.846607 -0.656392 0.303109
9 -0.842135 -0.665473 0.304302
1 -0.790396 -0.942837 0.309345
1 -0.83176 -0.531611 0.320752
4 -0.862448 -0.467154 0.316438
2 -0.840658 -0.519522 0.317038
1 -0.834932 -0.821577 0.301756
2 -0.790916 -1.06561 0.305964
4 -0.779719 -1.03224 0.313751
3 -0.698691 -1.30201 0.318217
2 -0.723395 -1.13682 0.31035
6 -0.739963 -0.945374 0.316664
2 -0.706541 -0.925671 0.323394
10 -0.842246 -0.5458 0.309888
3 -0.819682 -0.728804 0.309084
4 -0.805594 -0.761366 0.312143
4 -0.804328 -0.792798 0.310439
10 -0.7991 -0.821874 0.311502
2 -0.840691 -0.574538 0.307793
1 -0.799946 -0.71353 0.309749
3 -0.770931 -0.822801 0.311079
1 -0.82562 -0.651227 0.309682
2 -0.849743 -0.510583 0.306561
3 -0.893966 -0.435544 0.302349
1 -0.859146 -0.516345 0.308048
4 -0.991714 -0.114105 0.294928
4 -1.00102 -0.0861561 0.295619
5 -0.91322 -0.120947 0.305303
1 -0.862614 -0.318594 0.309958
1 -0.740875 -0.845116 0.316504
1 -0.786586 -0.513607 0.324643
1 -0.825238 -0.513944 0.318863
2 -0.896991 -0.274801 0.313067
5 -0.893925 -0.22594 0.314943
3 -0.894571 -0.244492 0.316374
1 -0.937381 -0.320103 0.302249
11 -0.887371 -0.606911 0.308448
3 -0.86985 -0.718396 0.310193
1 -0.829379 -0.701419 0.310249
1 -0.777897 -0.84547 0.317057
1 -0.814517 -0.78286 0.310381
2 -0.805917 -0.758767 0.313554
4 -0.819291 -0.699223 0.308857
4 -0.8252 -0.616369 0.313056
3 -0.831855 -0.681174 0.310147
1 -0.853326 -0.677047 0.309791
1 -0.799875 -0.805381 0.311293
1 -0.800802 -0.826378 0.313933
2 -0.759698 -0.935964 0.31493
2 -0.781691 -0.88516 0.30879
1 -0.83859 -0.656174 0.306489
2 -0.854381 -0.629025 0.306057
1 -0.805386 -0.853265 0.309526
1 -0.834833 -0.563397 0.315272
1 -0.830357 -0.57517 0.310751
1 -0.831844 -0.60375 0.30919
4 -0.869561 -0.481077 0.301201
1 -0.846192 -0.54924 0.303036
4 -0.806462 -0.569382 0.31436
2 -0.823646 -0.379099 0.317621
1 -0.805307 -0.435231 0.31889
1 -0.735841 -0.889802 0.31983
2 -0.823813 -0.638485 0.310753
5 -0.813261 -0.607692 0.317016
7 -0.899101 -0.50516 0.305593
2 -0.899101 -0.50516 0.305593
2 -0.8414 -0.597277 0.318429
5 -0.793935 -0.763324 0.322939
1 -0.850278 -0.634142 0.309783
3 -0.839472 -0.670879 0.306211
1 -0.82242 -0.787277 0.304268
1 -0.819202 -0.874911 0.305412
1 -0.844861 -0.498441 0.309978
1 -0.818885 -0.655734 0.312059
1 -0.774593 -0.790173 0.314888
4 -0.921931 -0.376031 0.302169
1 -0.920843 -0.381549 0.302188
4 -0.862039 -0.388085 0.317566
4 -0.86231 -0.614246 0.307137
2 -0.868966 -0.681426 0.303886
1 -0.847495 -0.608522 0.313844
1 -0.831823 -0.572886 0.314167
1 -0.868609 -0.419192 0.311557
2 -0.920615 -0.311496 0.306758
8 -0.888491 -0.42655 0.30903
3 -0.848125 -0.623362 0.305816
3 -0.815531 -0.685616 0.311497
2 -0.848563 -0.544354 0.31075
2 -0.834041 -0.58058 0.30976
1 -0.805359 -0.710267 0.311891
2 -0.894212 -0.433137 0.304911
3 -0.901166 -0.432958 0.30243
4 -0.806853 -0.747568 0.312208
3 -0.809555 -0.690253 0.308444
1 -0.854628 -0.466878 0.306548
5 -0.854833 -0.467139 0.306714
3 -0.838915 -0.709252 0.30133
1 -0.795364 -0.744549 0.313655
1 -0.764622 -0.884399 0.317361
1 -0.815661 -0.686739 0.309103
1 -0.935428 -0.315219 0.298693
2 -0.894893 -0.433215 0.308848
3 -0.793129 -0.816366 0.314912
1 -0.82116 -0.651323 0.311019
2 -0.823183 -0.60997 0.310885
3 -0.644799 -1.4344 0.313842
5 -0.699331 -1.17778 0.310348
4 -0.861942 -0.667267 0.302335
1 -0.861344 -0.645542 0.302807
1 -0.954883 -0.316138 0.290336
5 -0.992615 -0.340427 0.291003
6 -0.942423 -0.29354 0.305605
1 -0.877765 -0.601191 0.308411
3 -0.891133 -0.477993 0.307615
5 -0.869634 -0.420373 0.309956
1 -0.756648 -0.996073 0.309951
4 -0.804883 -0.783557 0.309101
5 -0.784873 -0.726823 0.313879
1 -0.692826 -0.987901 0.324658
2 -0.709284 -0.919698 0.323597
1 -0.735356 -0.803733 0.318484
5 -0.779501 -0.878176 0.313824
1 -0.782879 -0.673168 0.319099
3 -0.804223 -0.606705 0.316092
2 -0.791444 -0.702216 0.313096
5 -0.748772 -0.887445 0.313763
7 -0.811801 -0.604989 0.31112
2 -0.796742 -0.722699 0.306401
4 -0.789791 -0.573483 0.315962
1 -0.856291 -0.353764 0.317516
1 -0.875923 -0.432061 0.308549
1 -0.885899 -0.554987 0.309483
3 -0.868041 -0.452104 0.308669
2 -0.799323 -0.755353 0.314329
2 -0.916051 -0.271474 0.305434
4 -0.766331 -0.817839 0.316987
2 -0.733068 -1.01325 0.314687
1 -0.702826 -1.10534 0.315793
6 -0.768595 -0.764611 0.315493
2 -0.789358 -0.719785 0.313541
5 -0.880885 -0.643351 0.303696
5 -0.88786 -0.444047 0.312038
1 -0.767617 -0.784231 0.318327
6 -0.816703 -0.604799 0.319409
3 -0.777412 -0.689219 0.320654
3 -0.799288 -0.776948 0.308114
1 -0.806263 -0.726705 0.30473
1 -0.784218 -0.966052 0.311162
2 -0.800897 -0.942476 0.308343
1 -0.841043 -0.669078 0.304858
2 -0.789966 -0.67997 0.317174
6 -0.776381 -0.798093 0.313346
2 -0.82993 -0.53371 0.316247
3 -0.824954 -0.537341 0.314092
1 -0.783822 -0.719115 0.317019
5 -0.839935 -0.601764 0.310182
1 -0.872407 -0.406059 0.305516
1 -0.85561 -0.458049 0.307624
2 -0.811052 -0.503288 0.319791
1 -0.797038 -0.742419 0.305811
6 -0.794883 -0.631328 0.310704
2 -0.847216 -0.683996 0.306499
2 -0.857926 -0.65012 0.3055
7 -0.943241 -0.276841 0.306867
1 -0.940191 -0.298109 0.308296
2 -0.919836 -0.232961 0.311118
2 -0.912656 -0.367978 0.304051
1 -0.904895 -0.404237 0.304952
2 -0.860717 -0.523193 0.305931
4 -0.82724 -0.704592 0.308155
1 -0.835303 -0.675748 0.308458
5 -0.93133 -0.258415 0.307354
2 -0.807952 -0.706148 0.316289
1 -0.875355 -0.572394 0.308913
3 -0.822659 -0.85497 0.305996
1 -0.894579 -0.412428 0.305454
1 -0.886873 -0.384919 0.303844
2 -0.882204 -0.43943 0.305116
4 -0.850828 -0.54391 0.308183
1 -0.816205 -0.621075 0.312477
2 -0.770973 -0.774715 0.315652
1 -0.813727 -0.722149 0.31358
2 -0.871816 -0.472992 0.311871
2 -0.869887 -0.308604 0.317146
2 -0.861921 -0.3787 0.312658
4 -0.830842 -0.562447 0.315443
1 -0.756653 -0.811473 0.31814
1 -0.741042 -0.894414 0.318113
3 -0.749863 -0.861798 0.322965
6 -0.82664 -0.639777 0.313444
3 -0.742849 -0.940664 0.322665
3 -0.711519 -0.934196 0.328319
1 -0.751905 -0.834904 0.323224
3 -0.852285 -0.537422 0.313174
6 -0.818624 -0.69551 0.312057
1 -0.883657 -0.380419 0.316422
3 -0.910983 -0.258543 0.307917
1 -0.914349 -0.299461 0.304639
1 -0.908275 -0.282429 0.306689
4 -0.951242 -0.213141 0.297478
7 -0.975577 -0.19538 0.294917
4 -0.797923 -0.794251 0.310233
2 -0.808612 -0.79509 0.308852
1 -0.814736 -0.796945 0.313117
6 -0.838321 -0.642621 0.310609
10 -0.784161 -0.8612 0.315462
3 -0.791584 -0.864617 0.313733
6 -0.799903 -0.59542 0.318176
2 -0.815714 -0.634906 0.308951
6 -0.806529 -0.834514 0.31275
1 -0.819067 -0.634216 0.305958
4 -0.852726 -0.551406 0.306258
1 -0.860256 -0.609159 0.30492
6 -0.871727 -0.508056 0.307034
3 -0.756021 -0.870396 0.31876
4 -0.863251 -0.358004 0.31905
2 -0.872951 -0.585345 0.311275
2 -0.909123 -0.446789 0.306442
4 -0.909428 -0.44605 0.306414
2 -0.861501 -0.568965 0.309571
1 -0.832657 -0.593534 0.315633
1 -0.747916 -0.774912 0.319166
3 -0.806024 -0.488069 0.320054
1 -0.852126 -0.394847 0.316524
2 -0.907369 -0.287678 0.313054
8 -0.86255 -0.561217 0.312553
2 -0.815191 -0.700776 0.317337
1 -0.867452 -0.58703 0.30708
1 -0.846884 -0.503956 0.313836
4 -0.763452 -0.847035 0.320496
5 -0.81837 -0.736212 0.313036
1 -0.824158 -0.75002 0.311151
5 -0.798672 -0.888889 0.316585
2 -0.777607 -1.06986 0.30881
9 -0.852876 -0.677168 0.307005
1 -0.856006 -0.557347 0.314187
6 -0.779213 -0.754627 0.311945
1 -0.762903 -0.928749 0.312792
1 -0.789366 -0.808999 0.310333
2 -0.823052 -0.62429 0.307434
15 -0.828129 -0.612817 0.312323
3 -0.810361 -0.669002 0.313951
1 -0.87739 -0.424096 0.312337
6 -0.873768 -0.362689 0.318184
20 -0.863828 -0.440126 0.31822
3 -0.877053 -0.40888 0.315433
1 -0.842257 -0.679024 0.309043
7 -0.878069 -0.587929 0.305652
2 -0.863856 -0.68335 0.299579
6 -0.808617 -0.661318 0.307273
2 -0.832238 -0.515989 0.315419
4 -0.835024 -0.51203 0.32154
1 -0.787558 -0.677458 0.318064
1 -0.806571 -0.611525 0.313519
9 -0.777483 -0.712896 0.313503
1 -0.800231 -0.803215 0.31219
1 -0.713423 -0.88326 0.32472
3 -0.937958 -0.128406 0.30603
1 -0.951849 -0.169816 0.303685
2 -0.84455 -0.459927 0.315964
3 -0.833 -0.590157 0.310691
3 -0.885873 -0.571458 0.311302
7 -0.885284 -0.572351 0.311385
2 -0.89034 -0.526833 0.314766
1 -0.757852 -0.950854 0.321753
2 -0.777769 -0.851813 0.315539
2 -0.828531 -0.563618 0.315039
3 -0.89872 -0.45675 0.30597
4 -0.789225 -0.774837 0.312248
1 -0.822816 -0.707219 0.308061
5 -0.87271 -0.634162 0.300944
3 -0.863555 -0.479052 0.311544
2 -0.876246 -0.374741 0.314235
1 -0.912746 -0.313136 0.306805
7 -0.873105 -0.55987 0.30719
2 -0.831746 -0.774233 0.309192
3 -0.84037 -0.670196 0.308781
2 -0.847642 -0.684525 0.305884
2 -0.763046 -0.976411 0.309487
1 -0.770859 -0.827629 0.310993
4 -0.859868 -0.53492 0.304425
2 -0.838406 -0.672977 0.305043
1 -0.845296 -0.672345 0.305712
2 -0.935879 -0.46914 0.300365
1 -0.935695 -0.512987 0.298408
6 -0.898792 -0.488266 0.298343
1 -0.945549 -0.269766 0.298403
1 -0.818274 -0.6681 0.312262
2 -0.881497 -0.495255 0.311951
3 -0.856122 -0.568729 0.312618
1 -0.780452 -0.701027 0.319013
10 -0.802887 -0.609383 0.318497
2 -0.785111 -0.805892 0.312686
3 -0.847589 -0.588967 0.313126
2 -0.827425 -0.466184 0.323573
1 -0.811203 -0.569597 0.323214
9 -0.818363 -0.603561 0.318231
2 -0.886673 -0.258557 0.315376
2 -0.886915 -0.485823 0.312855
1 -0.866794 -0.496232 0.310681
7 -0.868883 -0.383976 0.310492
4 -0.826166 -0.684199 0.305994
3 -0.879159 -0.480987 0.307269
5 -0.922282 -0.249818 0.304726
2 -0.925617 -0.291552 0.302692
2 -0.927097 -0.272095 0.302245
5 -0.951878 -0.189407 0.299467
2 -0.878267 -0.443419 0.305103
1 -0.900122 -0.404676 0.3033
1 -0.857524 -0.489164 0.309721
1 -0.862215 -0.505403 0.309489
7 -0.883425 -0.390013 0.309942
2 -0.823221 -0.834507 0.310072
2 -0.808639 -0.69323 0.316035
1 -0.799756 -0.664103 0.31023
3 -0.808421 -0.742532 0.305274
3 -0.753727 -0.851377 0.313568
4 -0.77236 -0.79106 0.313149
1 -0.752124 -0.839492 0.316466
2 -0.772328 -0.850378 0.314899
2 -0.759024 -0.937194 0.312105
1 -0.835769 -0.691492 0.313694
2 -0.911623 -0.539904 0.297229
1 -0.876572 -0.422585 0.309061
2 -0.788572 -0.669207 0.325015
1 -0.888003 -0.362148 0.310476
2 -0.837697 -0.692457 0.30571
7 -0.814304 -0.63814 0.309962
1 -0.824863 -0.639376 0.30871
4 -0.847222 -0.571123 0.313402
1 -0.825706 -0.669792 0.313136
4 -0.740669 -0.963627 0.317122
7 -0.836129 -0.635277 0.305818
1 -0.798265 -0.779798 0.307582
3 -0.855937 -0.630173 0.314937
3 -0.837362 -0.790657 0.314134
6 -0.881278 -0.488706 0.311767
1 -0.88799 -0.485266 0.306086
2 -0.854005 -0.593288 0.311203
6 -0.80395 -0.71141 0.312411
4 -0.824697 -0.669957 0.310685
2 -0.829724 -0.585966 0.309927
2 -0.709842 -1.19621 0.311418
1 -0.679572 -1.03897 0.320563
1 -0.709407 -1.19178 0.315479
6 -0.763556 -1.08453 0.307049
1 -0.778654 -0.931881 0.305339
1 -0.74018 -1.07987 0.303705
4 -0.820483 -0.782779 0.30562
1 -0.795742 -0.690347 0.316637
2 -0.752279 -1.04426 0.310759
1 -0.844548 -0.756888 0.308211
1 -0.876719 -0.490352 0.312246
1 -0.950064 -0.176874 0.311383
2 -0.913307 -0.265146 0.315098
3 -0.909465 -0.409271 0.302356
2 -0.886957 -0.49985 0.307785
2 -0.870405 -0.656548 0.309132
2 -0.815941 -0.612253 0.316254
3 -0.820229 -0.705389 0.309887
2 -0.820511 -0.591062 0.315632
3 -0.84606 -0.53165 0.310872
1 -0.823177 -0.747601 0.305603
2 -0.861541 -0.540822 0.307202
7 -0.894049 -0.310106 0.309306
1 -0.8931 -0.349014 0.303456
1 -0.831184 -0.4921 0.311138
2 -0.742524 -0.970206 0.312026
1 -0.815 -0.692333 0.314053
1 -0.773415 -0.849256 0.31582
1 -0.730069 -0.969122 0.317743
2 -0.730756 -1.06329 0.312801
2 -0.857024 -0.601856 0.312976
5 -0.759268 -0.887154 0.319859
1 -0.897873 -0.298963 0.310767
1 -0.84843 -0.617879 0.304138
1 -0.807847 -0.725248 0.311251
3 -0.805693 -0.690054 0.312393
1 -0.806036 -0.642229 0.314632
4 -0.837611 -0.481308 0.314561
2 -0.793856 -0.976112 0.30727
2 -0.810184 -0.929587 0.307084
2 -0.810658 -0.938088 0.309204
1 -0.700661 -0.952689 0.322366
1 -0.749156 -0.835356 0.316137
1 -0.761773 -0.931247 0.319663
1 -0.785921 -0.801935 0.318227
7 -0.724051 -1.04964 0.321335
4 -0.743125 -0.864759 0.323001
2 -0.779006 -0.751516 0.317728
1 -0.779093 -0.846001 0.319617
4 -0.742219 -0.847184 0.32451
2 -0.73306 -0.938115 0.321366
2 -0.765676 -0.810622 0.316342
2 -0.820178 -0.97249 0.299903
1 -0.794081 -1.06451 0.300316
2 -0.772917 -0.853706 0.312352
6 -0.820261 -0.747777 0.308245
4 -0.874873 -0.57622 0.309325
3 -0.865161 -0.547262 0.311947
2 -0.934503 -0.345783 0.299284
1 -0.964641 -0.301803 0.295495
3 -0.856708 -0.528513 0.306886
1 -0.897294 -0.542528 0.304208
1 -0.778879 -0.805664 0.314255
2 -0.763475 -0.961439 0.314736
2 -0.774889 -0.839967 0.315853
3 -0.70523 -1.11438 0.321921
7 -0.837452 -0.627737 0.314395
1 -0.846022 -0.599822 0.312673
2 -0.777697 -0.815243 0.316825
1 -0.790007 -0.694723 0.319135
3 -0.856744 -0.528599 0.315289
2 -0.912372 -0.320733 0.318617
2 -0.83284 -0.776433 0.316832
2 -0.784762 -0.930496 0.316624
4 -0.802589 -0.836231 0.309791
9 -0.847575 -0.592105 0.309719
1 -0.782278 -0.839987 0.319218
3 -0.837752 -0.674988 0.311349
5 -0.8558 -0.512499 0.309119
1 -0.797393 -0.589623 0.312894
2 -0.81866 -0.586011 0.306836
8 -0.832532 -0.481882 0.318272
1 -0.750642 -0.873535 0.320936
2 -0.77115 -0.725448 0.326403
2 -0.842618 -0.446212 0.316632
1 -0.861464 -0.416349 0.310394
2 -0.795682 -0.709295 0.311562
1 -0.848289 -0.428843 0.31106
2 -0.827638 -0.428202 0.322454
2 -0.819747 -0.440627 0.322779
5 -0.834103 -0.571782 0.318508
1 -0.829705 -0.598401 0.319229
2 -0.847684 -0.574493 0.309188
1 -0.774662 -0.778879 0.316696
1 -0.836063 -0.733097 0.31388
2 -0.902536 -0.309167 0.312265
10 -0.817943 -0.655935 0.311169
2 -0.834041 -0.692292 0.307969
4 -0.816931 -0.734228 0.307295
1 -0.810191 -0.689378 0.308655
1 -0.813756 -0.525054 0.314414
7 -0.953461 -0.112713 0.306185
2 -0.961466 -0.130188 0.303264
2 -0.941161 -0.249615 0.301473
1 -0.925337 -0.334787 0.299898
2 -0.925281 -0.26288 0.30213
3 -0.882229 -0.478934 0.304611
3 -0.844101 -0.377253 0.311472
4 -0.776671 -0.734937 0.314318
3 -0.749935 -0.880971 0.316282
2 -0.885503 -0.430564 0.309509
2 -0.874662 -0.357257 0.304962
1 -0.893475 -0.446479 0.304719
4 -0.87841 -0.443849 0.309167
3 -0.921846 -0.251108 0.308424
1 -0.931992 -0.122086 0.311449
2 -0.94001 -0.184946 0.30734
1 -0.938355 -0.160254 0.307963
1 -0.835233 -0.766001 0.308081
4 -0.808499 -0.859068 0.310607
4 -0.821015 -0.834337 0.310378
2 -0.744021 -1.0899 0.317728
1 -0.829097 -0.591021 0.319881
2 -0.871452 -0.592509 0.306976
1 -0.90108 -0.375055 0.305744
6 -0.864699 -0.579369 0.304792
2 -0.830575 -0.5947 0.313358
1 -0.885826 -0.51017 0.297482
1 -0.942373 -0.267567 0.30228
5 -0.872215 -0.639711 0.303862
3 -0.847582 -0.775323 0.310352
1 -0.804937 -0.743494 0.316684
6 -0.79988 -0.640383 0.31931
3 -0.801204 -0.645089 0.318825
5 -0.832529 -0.552185 0.315064
2 -0.866705 -0.525936 0.307266
2 -0.790122 -0.769909 0.313987
1 -0.847236 -0.568503 0.312176
2 -0.975405 -0.13662 0.304012
4 -0.935211 -0.318656 0.304898
2 -0.840724 -0.712327 0.308451
1 -0.732148 -1.12061 0.314175
4 -0.898896 -0.596947 0.298035
6 -0.895238 -0.558706 0.304686
3 -0.865366 -0.637588 0.302679
9 -0.780576 -0.733848 0.31284
1 -0.803698 -0.572298 0.317018
2 -0.838841 -0.452125 0.315383
4 -0.938794 -0.22289 0.307818
2 -0.914005 -0.242219 0.310956
1 -0.805834 -0.602461 0.31717
3 -0.832339 -0.607945 0.313868
4 -0.873284 -0.429939 0.312268
3 -0.888683 -0.408827 0.311282
7 -0.815401 -0.603548 0.316705
4 -0.818733 -0.676608 0.317578
2 -0.836768 -0.548702 0.314057
5 -0.80529 -0.564462 0.314349
9 -0.893455 -0.346261 0.311898
6 -0.886437 -0.221861 0.318029
4 -0.874611 -0.344637 0.317679
2 -0.834397 -0.402607 0.32051
5 -0.796036 -0.761296 0.309139
1 -0.816168 -0.539579 0.316148
5 -0.883231 -0.409196 0.311122
5 -0.953559 -0.131874 0.309275
1 -0.888455 -0.501216 0.315119
2 -0.881962 -0.481985 0.315247
2 -0.911869 -0.400022 0.304552
1 -0.895496 -0.444862 0.306315
1 -0.858106 -0.508711 0.314687
1 -0.877172 -0.424963 0.316785
2 -0.859266 -0.589143 0.314129
1 -0.801396 -0.578065 0.320013
2 -0.858353 -0.397565 0.318701
1 -0.89676 -0.425229 0.314692
1 -0.791213 -0.640786 0.314972
5 -0.791935 -0.852086 0.311763
7 -0.814069 -0.944559 0.304819
3 -0.771604 -0.784792 0.311788
2 -0.858755 -0.613283 0.302731
1 -0.855515 -0.69641 0.310626
2 -0.822962 -0.750957 0.319957
1 -0.765142 -1.01611 0.318404
7 -0.900711 -0.421608 0.300115
3 -0.803933 -0.739847 0.313594
3 -0.780777 -0.796041 0.315059
1 -0.734518 -0.98768 0.317156
4 -0.814529 -0.824574 0.308788
1 -0.808915 -0.84793 0.308207
2 -0.782032 -0.796288 0.315687
9 -0.862397 -0.605959 0.306587
4 -0.891326 -0.486445 0.306942
1 -0.809651 -0.689983 0.319709
1 -0.815417 -0.630446 0.320485
5 -0.86871 -0.534625 0.316725
1 -0.813686 -0.799938 0.312347
1 -0.791007 -0.87585 0.308521
2 -0.805171 -0.77316 0.308977
1 -0.745887 -1.00415 0.309912
2 -0.88638 -0.392748 0.304403
1 -0.88638 -0.392748 0.304403
3 -0.78539 -0.614745 0.314619
6 -0.737145 -0.925441 0.313756
1 -0.819811 -0.644902 0.306927
1 -0.757198 -1.00519 0.314664
1 -0.826895 -0.707828 0.310913
8 -0.777217 -0.928407 0.309867
1 -0.822951 -0.798271 0.309891
2 -0.845135 -0.611253 0.312396
1 -0.836751 -0.477015 0.31827
2 -0.909428 -0.204425 0.318719
1 -0.971518 -0.211724 0.30745
1 -0.97065 -0.170994 0.305366
4 -0.902524 -0.324004 0.316295
3 -0.866274 -0.513611 0.316192
1 -0.842473 -0.662465 0.308981
2 -0.83355 -0.708548 0.309279
1 -0.803827 -0.900023 0.31061
2 -0.810523 -0.710657 0.315523
2 -0.799595 -0.792709 0.318469
1 -0.826824 -0.709273 0.315393
8 -0.928392 -0.358753 0.306102
5 -0.943216 -0.20977 0.307967
1 -0.919069 -0.288602 0.310786
1 -0.940004 -0.266843 0.306822
3 -0.900287 -0.394807 0.308053
1 -0.914846 -0.160073 0.31608
17 -0.884295 -0.629831 0.31167
6 -0.880595 -0.534291 0.309652
4 -0.804095 -0.778068 0.312701
1 -0.838324 -0.728051 0.30619
1 -0.880354 -0.524024 0.306319
2 -0.847672 -0.612044 0.310085
4 -0.988843 -0.136127 0.296903
1 -0.892372 -0.223599 0.315194
1 -0.825474 -0.670956 0.309549
7 -0.828108 -0.771421 0.310811
3 -0.707887 -1.2854 0.313608
1 -0.680119 -1.20612 0.318814
4 -0.707198 -1.17719 0.316202
1 -0.762428 -0.938078 0.310809
1 -0.786082 -1.00638 0.31035
1 -0.726706 -1.25601 0.305247
1 -0.763045 -1.04754 0.314781
3 -0.798114 -0.863942 0.315568
1 -0.752074 -0.971908 0.31979
3 -0.814619 -0.772173 0.315427
6 -0.87383 -0.579189 0.30601
2 -0.879159 -0.451892 0.310887
5 -0.844897 -0.747134 0.303492
4 -0.850797 -0.669234 0.298805
8 -0.823313 -0.735393 0.301788
5 -0.838497 -0.883221 0.305551
1 -0.820582 -0.720604 0.305734
3 -0.804634 -0.74104 0.305041
2 -0.758396 -0.891595 0.314422
2 -0.760039 -0.824332 0.316903
2 -0.771734 -0.788808 0.31801
5 -0.791533 -0.684884 0.320362
2 -0.812909 -0.774607 0.318238
2 -0.857285 -0.585364 0.31431
1 -0.930026 -0.265933 0.308725
1 -0.856554 -0.360273 0.314365
2 -0.874471 -0.313736 0.311225
1 -0.884302 -0.424944 0.306638
2 -0.849314 -0.490332 0.313463
3 -0.862507 -0.445325 0.312387
4 -0.925307 -0.360281 0.303494
3 -0.770206 -0.710496 0.318539
6 -0.932866 -0.174548 0.305175
1 -0.875011 -0.427095 0.306723
4 -0.801614 -0.680711 0.315935
1 -0.733001 -0.811709 0.324113
3 -0.796161 -0.703696 0.315229
1 -0.814141 -0.659525 0.312382
1 -0.80839 -0.700699 0.320178
1 -0.80974 -0.71468 0.317303
1 -0.809849 -0.75885 0.314102
10 -0.830748 -0.657931 0.312597
1 -0.839221 -0.601977 0.313882
7 -0.874435 -0.449036 0.314408
3 -0.807344 -0.805548 0.316046
3 -0.804647 -0.795812 0.317789
6 -0.826318 -0.503053 0.317627
2 -0.843161 -0.49016 0.311898
2 -0.828925 -0.601944 0.310701
4 -0.791312 -0.805123 0.308216
1 -0.777181 -0.883452 0.312719
4 -0.947411 -0.306384 0.297906
2 -0.88763 -0.489629 0.307067
1 -0.813091 -0.737585 0.310951
2 -0.836741 -0.671665 0.309289
1 -0.844388 -0.665355 0.30964
1 -0.832636 -0.641008 0.317042
2 -0.868036 -0.473115 0.319424
2 -0.874593 -0.550486 0.312658
3 -0.902664 -0.401352 0.310595
3 -0.784202 -0.867861 0.306795
1 -0.752141 -0.824236 0.314179
3 -0.717812 -1.00236 0.315434
1 -0.816102 -0.599336 0.313875
4 -0.825529 -0.7066 0.315586
5 -0.842182 -0.622556 0.316697
1 -0.859053 -0.502438 0.311354
6 -0.809855 -0.719642 0.311799
13 -0.850164 -0.582784 0.309148
1 -0.852727 -0.554839 0.307763
1 -0.875883 -0.697665 0.301501
1 -0.917784 -0.553272 0.302078
3 -0.877501 -0.476809 0.311076
1 -0.804683 -0.629594 0.320696
1 -0.727125 -0.874183 0.321261
1 -0.750478 -0.886115 0.315411
4 -0.845842 -0.604166 0.308056
1 -0.84174 -0.637014 0.309726
1 -0.865259 -0.591206 0.303736
2 -0.863813 -0.712569 0.304231
3 -0.857208 -0.712834 0.305216
2 -0.880894 -0.570027 0.306161
5 -0.867827 -0.669852 0.306924
1 -0.912263 -0.391376 0.306363
5 -0.858949 -0.608214 0.311735
4 -0.857405 -0.607644 0.310977
2 -0.879194 -0.460079 0.315356
1 -0.809644 -0.59124 0.31561
3 -0.872304 -0.514601 0.312888
1 -0.833416 -0.548615 0.317139
3 -0.809461 -0.604718 0.319467
3 -0.783031 -0.88702 0.308538
1 -0.779821 -0.730358 0.315857
1 -0.873473 -0.360097 0.311913
1 -0.857843 -0.523219 0.305468
1 -0.930036 -0.271306 0.302646
2 -0.926045 -0.304987 0.302251
1 -0.926495 -0.520811 0.299727
10 -0.860007 -0.827589 0.306151
1 -0.824895 -0.817912 0.313773
1 -0.870038 -0.569178 0.30784
1 -0.835844 -0.58197 0.313867
2 -0.873336 -0.465223 0.314031
2 -0.904935 -0.423133 0.309404
1 -0.887724 -0.453811 0.306426
2 -0.880005 -0.52984 0.308655
2 -0.963824 -0.255685 0.304142
1 -0.872376 -0.55093 0.306515
5 -0.789193 -0.903605 0.310273
2 -0.843933 -0.595935 0.313132
1 -0.834211 -0.702949 0.314731
2 -0.812177 -0.816026 0.309033
3 -0.778147 -0.826297 0.311672
2 -0.810194 -0.670213 0.316379
2 -0.847416 -0.669434 0.309146
3 -0.784756 -0.817376 0.312548
1 -0.700609 -0.955596 0.324578
6 -0.744003 -0.836354 0.322498
3 -0.759446 -0.90643 0.310898
1 -0.702187 -1.10667 0.317686
1 -0.839097 -0.778599 0.302794
4 -0.808914 -0.800103 0.316083
2 -0.761253 -0.811312 0.322515
2 -0.679037 -1.29373 0.31841
3 -0.691076 -1.30595 0.316214
4 -0.788538 -1.03585 0.311812
8 -0.788529 -0.769235 0.31254
2 -0.73467 -1.02295 0.312301
2 -0.744375 -0.9813 0.309231
1 -0.738728 -1.06417 0.308893
3 -0.747502 -0.875493 0.316659
7 -0.805803 -0.671796 0.311112
3 -0.868057 -0.360341 0.310309
2 -0.833491 -0.530882 0.304866
1 -0.891379 -0.352188 0.303395
2 -0.85839 -0.450241 0.305403
5 -0.835212 -0.621935 0.305071
1 -0.838603 -0.64969 0.303946
4 -0.848756 -0.594616 0.303877
1 -0.798498 -0.907047 0.303444
1 -0.675607 -1.21881 0.315546
2 -0.77989 -0.939844 0.307426
2 -0.854125 -0.664036 0.306986
1 -0.794828 -0.821971 0.313216
2 -0.822665 -0.715137 0.314299
4 -0.893847 -0.404242 0.304005
2 -0.776523 -0.705983 0.319621
9 -0.811827 -0.629141 0.315464
1 -0.867996 -0.416441 0.312707
4 -0.852546 -0.441093 0.312672
3 -0.804041 -0.610288 0.317229
1 -0.751818 -0.873053 0.32091
2 -0.864218 -0.502163 0.312092
2 -0.835412 -0.752266 0.308044
2 -0.806718 -0.806455 0.312062
3 -0.817989 -0.739057 0.312246
1 -0.839579 -0.643166 0.309867
1 -0.796552 -0.844274 0.313776
1 -0.817758 -0.652899 0.313447
1 -0.855235 -0.545503 0.31221
5 -0.837342 -0.614691 0.310314
1 -0.847136 -0.590229 0.309863
1 -0.837748 -0.600083 0.310574
2 -0.933111 -0.244081 0.308763
1 -0.954367 -0.353125 0.303827
1 -0.888212 -0.516871 0.315007
8 -0.885561 -0.411019 0.316367
2 -0.868778 -0.573095 0.309346
7 -0.814972 -0.744133 0.312639
2 -0.809547 -0.728596 0.310106
2 -0.816856 -0.564234 0.318275
1 -0.807971 -0.644797 0.319054
2 -0.800075 -0.726548 0.316911
1 -0.773517 -0.812905 0.317757
4 -0.780949 -0.823539 0.314899
1 -0.807463 -0.784804 0.314026
1 -0.903566 -0.532881 0.306769
3 -0.939659 -0.33427 0.309555
4 -0.917169 -0.113646 0.315752
2 -0.82996 -0.602881 0.312597
2 -0.821757 -0.625944 0.313312
2 -0.820334 -0.58298 0.318166
4 -0.943103 -0.345248 0.306167
1 -0.948072 -0.308241 0.304641
1 -0.938778 -0.300006 0.305575
2 -0.847545 -0.597126 0.306726
3 -0.877648 -0.503628 0.303645
2 -0.835553 -0.634083 0.307025
1 -0.842656 -0.587207 0.306148
1 -0.807065 -0.624267 0.31208
1 -0.799916 -0.735754 0.310696
1 -0.871636 -0.582951 0.306598
1 -0.879829 -0.480746 0.305123
3 -0.877036 -0.520834 0.303701
10 -0.835653 -0.699489 0.310238
1 -0.857775 -0.408923 0.310325
2 -0.733382 -0.827575 0.321175
5 -0.824117 -0.874622 0.305498
5 -0.809829 -0.768452 0.306707
3 -0.716195 -1.167 0.314994
2 -0.767823 -0.991046 0.307717
8 -0.711117 -1.18993 0.31373
5 -0.744436 -1.01516 0.312766
2 -0.768308 -1.03194 0.311573
6 -0.891087 -0.449026 0.312261
3 -0.88852 -0.518934 0.310513
2 -0.795734 -0.68724 0.321348
2 -0.787283 -0.82078 0.313445
2 -0.808579 -0.794157 0.309313
2 -0.840097 -0.503899 0.318962
6 -0.744588 -0.810651 0.322888
2 -0.862325 -0.348296 0.316413
4 -0.819457 -0.552514 0.314172
8 -0.796483 -0.739324 0.320442
5 -0.82903 -0.71504 0.316352
13 -0.816953 -0.804957 0.312116
2 -0.857939 -0.727454 0.309744
3 -0.808334 -0.848763 0.308078
3 -0.79598 -0.762615 0.322229
2 -0.842021 -0.527327 0.319103
2 -0.841765 -0.591298 0.313447
1 -0.843845 -0.608176 0.308548
4 -0.795854 -0.765864 0.312103
1 -0.836829 -0.702134 0.310931
4 -0.853752 -0.588255 0.316465
1 -0.806161 -0.657585 0.317908
1 -0.776238 -0.633405 0.325267
6 -0.783394 -0.644444 0.324864
1 -0.804919 -0.813042 0.313568
5 -0.844393 -0.689267 0.305978
3 -0.851511 -0.650552 0.311417
3 -0.848362 -0.664226 0.311236
2 -0.828208 -0.77876 0.311531
1 -0.869048 -0.605739 0.301276
10 -0.844529 -0.538612 0.307411
1 -0.845654 -0.528849 0.307268
1 -0.835022 -0.488693 0.316767
3 -1.00673 0.0239145 0.304527
2 -0.848662 -0.597613 0.308998
5 -0.819233 -0.725983 0.316938
1 -0.890889 -0.374963 0.308005
7 -0.89929 -0.312807 0.310723
4 -0.793696 -0.754903 0.31721
2 -0.780712 -0.79255 0.323879
4 -0.790755 -0.700952 0.324821
2 -0.829991 -0.850251 0.306248
1 -0.919356 -0.393932 0.298598
2 -0.958125 -0.155225 0.301779
1 -0.856027 -0.359237 0.316052
2 -0.747399 -0.75583 0.318973
1 -0.842063 -0.609844 0.314789
1 -0.854312 -0.551275 0.316011
3 -0.865913 -0.502024 0.306152
3 -0.900316 -0.365689 0.302826
3 -0.890715 -0.367211 0.307584
2 -0.897633 -0.363163 0.306785
2 -0.874644 -0.539093 0.297079
2 -0.865736 -0.60305 0.298181
4 -0.868529 -0.546421 0.308075
3 -0.845374 -0.496177 0.31465
1 -0.867793 -0.466129 0.309903
3 -0.829083 -0.728185 0.30483
1 -0.912711 -0.494101 0.299658
1 -0.943329 -0.310011 0.298109
5 -0.916887 -0.353672 0.301403
1 -0.889244 -0.35943 0.309611
2 -0.835749 -0.634853 0.310657
1 -0.772546 -0.914438 0.313435
2 -0.8017 -0.852704 0.312395
1 -0.741776 -0.862169 0.318796
1 -0.801078 -0.645824 0.313157
3 -0.745548 -0.790452 0.314974
2 -0.781558 -0.615346 0.325226
2 -0.862724 -0.388067 0.316463
3 -0.915348 -0.200282 0.302801
1 -0.864942 -0.507091 0.29887
1 -0.81797 -0.774677 0.306063
1 -0.811539 -0.674456 0.314469
2 -0.792043 -0.71313 0.316881
1 -0.85538 -0.51119 0.309042
17 -0.885534 -0.420296 0.308775
1 -0.82698 -0.612928 0.314186
1 -0.820135 -0.559601 0.317997
1 -0.807446 -0.630638 0.319065
4 -0.774341 -0.773122 0.323049
1 -0.718108 -1.10191 0.317753
1 -0.772743 -0.954378 0.312455
2 -0.799401 -0.587513 0.321884
2 -0.818647 -0.634552 0.319095
7 -0.897901 -0.331965 0.319894
1 -0.886308 -0.45041 0.314214
1 -0.857335 -0.633268 0.304122
4 -0.864021 -0.659489 0.302545
2 -0.743152 -0.941188 0.313076
3 -0.759392 -0.796495 0.316038
3 -0.696734 -0.9654 0.320806
2 -0.759275 -0.725022 0.320071
4 -0.746636 -0.819572 0.322696
4 -0.838307 -0.4537 0.313429
1 -0.858021 -0.425453 0.312266
1 -0.86778 -0.448267 0.304674
4 -0.871849 -0.49164 0.311936
2 -0.829647 -0.559417 0.317017
2 -0.904134 -0.375789 0.309487
3 -0.897923 -0.539136 0.302422
2 -0.925292 -0.36174 0.304836
1 -0.887041 -0.414581 0.309877
2 -0.89212 -0.411078 0.309207
13 -0.881157 -0.440946 0.310576
1 -0.909414 -0.433234 0.307044
1 -0.846005 -0.578431 0.313665
4 -0.892181 -0.362024 0.301074
2 -0.876595 -0.378797 0.310895
2 -0.892312 -0.369976 0.311657
3 -0.923709 -0.425004 0.298752
1 -0.836929 -0.646441 0.311674
2 -0.734602 -0.929514 0.322748
1 -0.689455 -1.11721 0.320101
2 -0.702148 -1.19056 0.31397
3 -0.71259 -1.22569 0.312221
3 -0.708699 -1.25194 0.312931
7 -0.82448 -0.776527 0.308465
4 -0.839504 -0.735889 0.305113
2 -0.866316 -0.626614 0.303537
2 -0.859979 -0.680035 0.303488
1 -0.798769 -0.751847 0.318826
4 -0.849193 -0.488114 0.312562
2 -0.737944 -0.797682 0.314754
6 -0.78594 -0.741669 0.306961
2 -0.845438 -0.530183 0.305293
2 -0.90787 -0.384573 0.298346
3 -0.889261 -0.458184 0.299856
2 -0.821625 -0.798323 0.305915
1 -0.888509 -0.57566 0.311179
5 -0.877265 -0.651281 0.311118
3 -0.87585 -0.684272 0.31061
1 -0.844744 -0.595599 0.314169
2 -0.841894 -0.574013 0.307525
1 -0.86395 -0.510347 0.306999
2 -0.827133 -0.671851 0.313284
3 -0.817049 -0.716239 0.313282
1 -0.800492 -0.713221 0.317926
1 -0.785558 -0.768423 0.31655
12 -0.738189 -1.08707 0.319507
1 -0.876654 -0.67322 0.309219
3 -0.901451 -0.432323 0.307199
3 -0.838239 -0.618786 0.314611
1 -0.839772 -0.603318 0.315166
2 -0.787731 -0.750082 0.310907
2 -0.831261 -0.616952 0.312704
4 -0.874349 -0.5325 0.305904
5 -0.807647 -0.569321 0.309765
1 -0.779222 -0.496132 0.326996
1 -0.866798 -0.244742 0.316276
2 -0.77575 -0.627958 0.315395
4 -0.774081 -0.597575 0.319563
1 -0.881654 -0.248387 0.309004
1 -0.888038 -0.256025 0.307609
2 -0.76076 -0.986249 0.312126
1 -0.860718 -0.553601 0.316674
2 -0.887615 -0.446153 0.313659
4 -0.835801 -0.515262 0.31627
2 -0.84337 -0.489809 0.316756
2 -0.867553 -0.432791 0.313407
3 -0.767587 -0.855546 0.311861
1 -0.708652 -0.936407 0.32316
8 -0.845354 -0.526506 0.31584
4 -0.841079 -0.555451 0.31399
3 -0.902118 -0.389256 0.31029
3 -0.842642 -0.570031 0.316524
1 -0.77213 -0.793123 0.320332
2 -0.85134 -0.645419 0.312695
1 -0.827252 -0.720848 0.311175
4 -0.899162 -0.464285 0.30062
2 -0.860229 -0.46643 0.312712
1 -0.78153 -0.661051 0.317902
1 -0.810457 -0.648994 0.309495
2 -0.824173 -0.698431 0.312005
4 -0.822169 -0.7131 0.307994
2 -0.872563 -0.377652 0.308113
6 -0.837178 -0.455905 0.315585
5 -0.867629 -0.399047 0.310098
1 -0.875684 -0.363052 0.310052
2 -0.877358 -0.383704 0.308401
1 -0.874783 -0.418882 0.313295
5 -0.770274 -0.727602 0.322659
10 -0.874732 -0.480522 0.310801
4 -0.826961 -0.578388 0.316193
2 -0.868568 -0.505915 0.310857
3 -0.937458 -0.261531 0.306914
1 -0.825378 -0.773854 0.308912
3 -0.749742 -1.08907 0.312659
1 -0.80481 -0.655963 0.311789
1 -0.797757 -0.631078 0.315186
2 -0.871038 -0.430362 0.307787
6 -0.781035 -0.719578 0.319234
1 -0.738064 -0.866421 0.324532
1 -0.772322 -0.728391 0.318373
1 -0.855328 -0.715296 0.305059
2 -0.83238 -0.715356 0.310543
1 -0.899294 -0.440078 0.305788
1 -0.908452 -0.384 0.303491
2 -0.928303 -0.290347 0.302586
3 -0.808548 -0.573954 0.316327
4 -0.834397 -0.513822 0.313426
3 -0.894677 -0.491786 0.303899
2 -0.889839 -0.483856 0.317068
1 -0.931474 -0.247038 0.315171
5 -0.853938 -0.443003 0.311497
1 -0.934013 -0.12559 0.310479
1 -0.922843 -0.283056 0.311869
1 -0.966489 -0.129496 0.30813
3 -0.956753 -0.186729 0.312887
3 -0.890764 -0.480283 0.311164
1 -0.810416 -0.720148 0.317386
3 -0.962134 -0.058091 0.311198
2 -0.952263 -0.139109 0.309965
6 -0.874429 -0.328967 0.318358
2 -0.890578 -0.289375 0.317425
1 -0.944899 -0.243425 0.312294
2 -0.853416 -0.692133 0.309996
3 -0.860777 -0.650486 0.30846
2 -0.850203 -0.692017 0.308396
2 -0.901034 -0.615307 0.301043
2 -0.883519 -0.651196 0.30137
1 -0.857439 -0.453591 0.30997
5 -0.885181 -0.403704 0.311015
2 -0.835258 -0.555188 0.314782
1 -0.824638 -0.753809 0.307934
2 -0.82522 -0.675693 0.307913
1 -0.818169 -0.573365 0.313375
4 -0.863647 -0.374765 0.311251
3 -0.847725 -0.473004 0.307484
10 -0.840455 -0.590642 0.303768
2 -0.845597 -0.539851 0.315519
2 -0.807807 -0.632192 0.318519
1 -0.814598 -0.56045 0.320563
7 -0.796536 -0.69175 0.317556
3 -0.81181 -0.686888 0.309276
4 -0.811134 -0.649647 0.310644
1 -0.772192 -1.06854 0.30474
3 -0.800987 -1.05606 0.304028
3 -0.870658 -0.685083 0.302443
3 -0.86564 -0.689772 0.302551
2 -0.862853 -0.622827 0.303909
1 -0.850351 -0.665089 0.301836
3 -0.796058 -0.868398 0.310989
4 -0.834346 -0.596853 0.311626
4 -0.884608 -0.486571 0.308304
3 -0.86928 -0.58206 0.308037
7 -0.88357 -0.514443 0.307836
1 -0.905457 -0.445102 0.302882
4 -0.867312 -0.526437 0.301673
1 -0.860026 -0.395633 0.31549
2 -0.725033 -1.02731 0.319151
3 -0.739609 -1.02972 0.315048
2 -0.797916 -0.638938 0.322689
8 -0.850571 -0.342598 0.319887
3 -0.816238 -0.654755 0.310907
3 -0.87231 -0.589195 0.300715
2 -0.821112 -0.704793 0.308521
2 -0.791791 -0.803124 0.313944
1 -0.796486 -0.930716 0.30838
9 -0.777043 -0.910086 0.311038
2 -0.787795 -0.910097 0.314631
4 -0.795435 -0.845579 0.310168
1 -0.767195 -0.865251 0.313457
14 -0.740329 -0.972836 0.312843
1 -0.748444 -0.891956 0.315761
1 -0.763499 -0.830601 0.310853
1 -0.791376 -0.721756 0.318143
3 -0.769247 -0.816799 0.316585
3 -0.780173 -0.902948 0.313802
2 -0.929688 -0.280888 0.306019
1 -0.859324 -0.592387 0.310864
5 -0.900616 -0.409773 0.307426
9 -0.904078 -0.436493 0.304731
1 -0.895548 -0.47279 0.305843
1 -0.8898 -0.515363 0.305804
2 -0.855386 -0.595629 0.308926
6 -0.824027 -0.645111 0.313287
1 -0.798121 -0.773874 0.314997
6 -0.864964 -0.514768 0.310033
5 -0.917381 -0.371941 0.308733
2 -0.888345 -0.37468 0.31121
1 -0.886735 -0.38718 0.30893
1 -0.897093 -0.343853 0.306482
4 -0.918181 -0.270904 0.304834
2 -0.798864 -0.785143 0.31039
2 -0.748875 -0.908953 0.321004
4 -0.793151 -0.756656 0.320487
1 -0.792797 -0.766547 0.318847
5 -0.78851 -0.796308 0.319505
5 -0.776029 -0.834676 0.315841
1 -0.776487 -0.928737 0.311532
6 -0.773035 -0.895794 0.313834
3 -0.798656 -0.845407 0.312045
2 -0.771892 -0.81807 0.318219
2 -0.784465 -0.636573 0.318406
2 -0.836211 -0.572198 0.310077
2 -0.890466 -0.344242 0.306089
1 -0.84696 -0.556092 0.30774
5 -0.891047 -0.38868 0.306402
11 -0.873906 -0.541427 0.309743
1 -0.864974 -0.527184 0.314942
4 -0.863213 -0.561339 0.309096
3 -0.853094 -0.671232 0.31113
1 -0.852883 -0.684383 0.308147
1 -0.814778 -0.794653 0.308265
4 -0.778806 -0.852091 0.313453
6 -0.746751 -1.01636 0.317601
1 -0.817978 -0.844655 0.309748
1 -0.800078 -0.841308 0.315453
6 -0.824289 -0.734473 0.30991
3 -0.84388 -0.664893 0.310039
1 -0.751443 -1.03841 0.316184
2 -0.914775 -0.318386 0.314627
4 -0.918997 -0.241172 0.316549
1 -0.875658 -0.511723 0.318576
6 -0.877186 -0.498643 0.312874
4 -0.87373 -0.496255 0.313434
2 -0.827935 -0.571881 0.317433
4 -0.780963 -0.797467 0.319762
5 -0.814995 -0.746318 0.319736
1 -0.780849 -0.922368 0.314276
1 -0.851652 -0.638086 0.306596
4 -0.800172 -0.668945 0.315304
4 -0.804188 -0.697352 0.315708
2 -0.891636 -0.424767 0.313019
2 -0.901581 -0.506975 0.301736
1 -0.857341 -0.580453 0.311651
1 -0.771594 -0.939703 0.312464
1 -0.758966 -1.00736 0.312823
3 -0.806209 -0.810163 0.307872
1 -0.900968 -0.319198 0.308322
11 -0.826183 -0.617332 0.311488
1 -0.764597 -0.901158 0.316871
2 -0.824664 -0.681208 0.31417
1 -0.868272 -0.56997 0.309813
1 -0.848307 -0.580684 0.313166
5 -0.811875 -0.657015 0.317205
1 -0.796881 -0.59964 0.320885
7 -0.805042 -0.607759 0.31955
1 -0.76083 -0.762437 0.326206
6 -0.814082 -0.588927 0.323859
1 -0.847889 -0.448782 0.319262
4 -0.881554 -0.348317 0.316683
1 -0.729871 -0.913471 0.323139
1 -0.758228 -0.845913 0.320036
4 -0.86351 -0.534867 0.30808
1 -0.827403 -0.659499 0.310938
2 -0.92746 -0.239639 0.302779
1 -0.927467 -0.345735 0.298833
2 -0.915683 -0.420479 0.298257
1 -0.90559 -0.370263 0.304039
3 -0.9331 -0.314992 0.302364
2 -0.850208 -0.54126 0.31486
2 -0.811237 -0.677178 0.308407
1 -0.891282 -0.440136 0.30543
2 -0.702998 -1.1139 0.316815
1 -0.695626 -1.073 0.326554
1 -0.753517 -0.986402 0.320541
1 -0.819523 -0.686163 0.308991
4 -0.861096 -0.551405 0.309194
1 -0.810012 -0.693979 0.312649
3 -0.765664 -0.691568 0.319613
1 -0.812767 -0.638885 0.314044
3 -0.887225 -0.194198 0.315675
1 -0.764282 -0.692587 0.313092
4 -0.743647 -0.961012 0.308797
1 -0.918755 -0.303814 0.307494
6 -0.88794 -0.473736 0.305399
1 -0.713742 -0.919148 0.324074
1 -0.763952 -0.686317 0.320331
5 -0.800996 -0.667641 0.314403
1 -0.875509 -0.391194 0.314211
1 -0.883374 -0.366011 0.314148
1 -0.844173 -0.638866 0.316003
1 -0.810395 -0.716191 0.318805
6 -0.860718 -0.535543 0.317289
1 -0.919469 -0.414112 0.30963
3 -0.799186 -0.768809 0.309822
2 -0.861223 -0.499712 0.309536
10 -0.860052 -0.469089 0.311895
2 -0.927752 -0.28463 0.309083
3 -0.872199 -0.430277 0.311009
5 -0.852472 -0.529644 0.313469
3 -0.804043 -0.73255 0.312476
2 -0.788119 -0.760897 0.316028
6 -0.846662 -0.557661 0.312714
2 -0.796775 -0.744255 0.316253
3 -0.729185 -1.01447 0.319928
4 -0.819064 -0.584136 0.317662
1 -0.792337 -0.85548 0.311589
1 -0.861063 -0.606207 0.305909
3 -0.816022 -0.734993 0.3115
2 -0.911682 -0.410131 0.307142
1 -0.741373 -1.0396 0.314305
1 -0.752634 -1.00636 0.312407
4 -0.778479 -0.916939 0.310794
1 -0.831907 -0.765977 0.305978
12 -0.77902 -0.849887 0.316006
7 -0.779334 -0.685727 0.313675
1 -0.875975 -0.414644 0.308029
2 -0.769025 -0.824133 0.311323
3 -0.779354 -0.708413 0.316861
1 -0.871008 -0.514516 0.310151
2 -0.876571 -0.559785 0.306511
2 -0.867471 -0.520862 0.309311
4 -0.897055 -0.274555 0.308905
1 -0.896988 -0.482778 0.308689
5 -0.799004 -0.882716 0.313628
6 -0.80825 -0.765863 0.307334
1 -0.917952 -0.369342 0.306965
1 -0.847777 -0.554002 0.313318
1 -0.865702 -0.588889 0.307545
3 -0.876023 -0.376473 0.30837
2 -0.85362 -0.509685 0.307676
2 -0.877778 -0.409984 0.306519
1 -0.854838 -0.43526 0.311407
3 -0.838122 -0.523091 0.312219
2 -0.786168 -0.687452 0.3148
1 -0.787325 -0.698896 0.315924
3 -0.85299 -0.50053 0.311373
2 -0.815907 -0.634548 0.318936
1 -0.877307 -0.449368 0.313285
2 -0.852554 -0.504065 0.308052
1 -0.942427 -0.258581 0.300168
4 -0.955098 -0.208534 0.301524
1 -0.852707 -0.635616 0.299078
2 -0.81195 -0.654301 0.304413
2 -0.935276 -0.377248 0.301651
1 -0.912809 -0.363502 0.301712
1 -0.910671 -0.377036 0.300875
1 -0.858874 -0.67532 0.307846
1 -0.854778 -0.582141 0.309278
3 -0.835557 -0.811128 0.307807
1 -0.853514 -0.685736 0.308441
1 -0.823158 -0.735925 0.306377
3 -0.798606 -0.692346 0.318307
3 -0.828321 -0.618845 0.317508
1 -0.896483 -0.43303 0.302826
1 -0.845764 -0.575314 0.308479
1 -0.841864 -0.653285 0.303283
1 -0.926585 -0.419755 0.300554
2 -0.851393 -0.72998 0.303482
7 -0.862937 -0.658951 0.298339
2 -0.967372 -0.164063 0.302856
2 -0.788324 -0.736392 0.308754
1 -0.72355 -0.901706 0.316992
1 -0.755496 -0.815008 0.31478
4 -0.724719 -0.985882 0.320865
1 -0.738109 -0.949572 0.320394
5 -0.688487 -1.04949 0.319555
1 -0.72389 -0.885078 0.316697
1 -0.875598 -0.426353 0.307978
1 -0.851709 -0.663242 0.308418
1 -0.780498 -0.899238 0.314937
1 -0.836488 -0.510113 0.306322
3 -0.811522 -0.688324 0.309076
1 -0.83407 -0.659356 0.308305
2 -0.844946 -0.616608 0.307384
1 -0.898623 -0.327575 0.308214
3 -0.780356 -0.786517 0.31698
1 -0.695248 -1.21804 0.319443
2 -0.72668 -1.09323 0.317967
2 -0.755876 -1.09089 0.308719
9 -0.750091 -0.861193 0.312362
1 -0.734015 -1.02223 0.31506
1 -0.824586 -0.632064 0.308208
3 -0.791324 -0.903608 0.31737
3 -0.793434 -0.858142 0.32212
8 -0.792804 -0.853648 0.312902
1 -0.805055 -0.825649 0.312152
9 -0.778388 -1.00832 0.309241
1 -0.790191 -0.872984 0.310044
2 -0.785363 -0.890487 0.30958
1 -0.862321 -0.652167 0.307046
1 -0.86262 -0.65856 0.30719
2 -0.795128 -0.855888 0.309597
3 -0.831154 -0.577853 0.317108
1 -0.821408 -0.55633 0.313781
2 -0.882458 -0.49214 0.30816
4 -0.822536 -0.675409 0.316016
8 -0.759517 -0.853182 0.319142
3 -0.799663 -0.764795 0.314005
1 -0.877445 -0.415346 0.309515
1 -0.822573 -0.512819 0.312376
1 -0.823959 -0.499058 0.313535
4 -0.780011 -0.733245 0.31421
4 -0.758485 -0.662951 0.323315
4 -0.863599 -0.342979 0.32283
2 -0.944353 -0.135307 0.316675
5 -0.994613 -0.0992026 0.307206
3 -0.849734 -0.496449 0.315351
1 -0.837454 -0.596872 0.315543
2 -0.863609 -0.514098 0.310509
6 -0.859005 -0.453645 0.309272
4 -0.868968 -0.479398 0.304575
2 -0.83802 -0.600142 0.307466
1 -0.881671 -0.419408 0.309282
2 -0.873661 -0.406913 0.308576
1 -0.878074 -0.312024 0.312075
3 -0.947576 -0.131568 0.304451
8 -0.921321 -0.355212 0.301929
4 -0.949662 -0.275606 0.301144
1 -0.91392 -0.428239 0.302622
2 -0.897506 -0.365181 0.306654
1 -0.906779 -0.239195 0.306676
1 -0.872331 -0.321521 0.308752
1 -0.829452 -0.560278 0.311564
5 -0.76275 -0.88656 0.302934
1 -0.768071 -0.893805 0.312559
1 -0.778437 -0.766418 0.31526
3 -0.823628 -0.793077 0.306591
1 -0.810989 -0.789609 0.311769
7 -0.843057 -0.691833 0.309229
3 -0.834167 -0.739459 0.306851
1 -0.860256 -0.597797 0.308989
2 -0.858503 -0.573524 0.310355
3 -0.903505 -0.353832 0.304787
1 -0.90573 -0.288005 0.307336
13 -0.900092 -0.297718 0.310927
5 -0.844291 -0.61841 0.306168
2 -0.837815 -0.613203 0.307256
1 -0.829352 -0.635185 0.311316
4 -0.767339 -0.840699 0.319419
6 -0.763619 -0.901656 0.317924
1 -0.818492 -0.666362 0.314365
2 -0.749814 -0.745985 0.320219
4 -0.748399 -0.670093 0.323045
7 -0.79612 -0.53459 0.326135
1 -0.746191 -0.749607 0.325937
5 -0.900687 -0.313012 0.312469
2 -0.886123 -0.663458 0.311836
1 -0.906099 -0.438106 0.317095
2 -0.786129 -0.908925 0.316302
5 -0.812276 -0.719282 0.30845
1 -0.870844 -0.512927 0.305425
1 -0.893264 -0.614544 0.300274
1 -0.882319 -0.614341 0.307035
5 -0.829024 -0.731927 0.307645
3 -0.875285 -0.600154 0.307092
2 -0.875878 -0.61705 0.306809
2 -0.838825 -0.534953 0.311933
1 -0.880428 -0.4941 0.303916
5 -0.859131 -0.547926 0.305434
2 -0.85878 -0.498898 0.309076
6 -0.864252 -0.36042 0.315
5 -0.888564 -0.329687 0.306709
4 -0.857003 -0.368308 0.317525
1 -0.803754 -0.74992 0.313096
1 -0.814256 -0.647008 0.312007
4 -0.838688 -0.506694 0.312371
4 -0.776192 -0.733375 0.317915
1 -0.766373 -0.770342 0.321201
1 -0.790878 -0.837567 0.309946
2 -0.861089 -0.461431 0.313263
2 -0.868119 -0.322567 0.316813
1 -0.802799 -0.607968 0.314911
2 -0.868724 -0.43492 0.313432
1 -0.873288 -0.457719 0.309966
1 -0.899186 -0.294543 0.309808
2 -0.820023 -0.606992 0.310861
4 -0.840689 -0.621829 0.315335
3 -0.827793 -0.716779 0.315598
1 -0.80785 -0.723349 0.312435
1 -0.819038 -0.695301 0.308417
1 -0.858768 -0.536319 0.305533
1 -0.825885 -0.630703 0.3085
6 -0.86775 -0.407635 0.313344
5 -0.855773 -0.542841 0.309617
1 -0.90764 -0.49301 0.301574
5 -0.852813 -0.68908 0.304734
4 -0.800677 -0.817422 0.312206
2 -0.814069 -0.809263 0.309969
6 -0.778403 -0.809457 0.318996
1 -0.803329 -0.66252 0.314907
1 -0.81095 -0.745388 0.314952
4 -0.875814 -0.390177 0.313435
1 -0.848884 -0.568426 0.315482
1 -0.86696 -0.519724 0.309417
2 -0.866486 -0.504952 0.308882
1 -0.846285 -0.642324 0.306456
8 -0.821534 -0.786418 0.30718
3 -0.7666 -0.926801 0.315772
3 -0.744818 -1.01024 0.316595
2 -0.825343 -0.66513 0.30835
3 -0.823096 -0.601852 0.312589
3 -0.861492 -0.467662 0.31123
7 -0.796593 -0.74377 0.31168
1 -0.829927 -0.597742 0.314472
1 -0.840747 -0.613786 0.312642
2 -0.89296 -0.408751 0.307525
3 -0.896539 -0.442962 0.30769
1 -0.892578 -0.463191 0.307055
1 -0.845331 -0.614236 0.309853
10 -0.944452 -0.403159 0.295692
2 -0.934131 -0.445072 0.295582
1 -0.831037 -0.755316 0.301315
13 -0.883592 -0.559326 0.300998
2 -0.883495 -0.448794 0.307003
1 -0.881655 -0.46099 0.306753
4 -0.922354 -0.259003 0.306705
3 -0.9269 -0.277339 0.312545
2 -0.920312 -0.321314 0.309159
3 -0.919795 -0.409179 0.303166
1 -0.82317 -0.533143 0.313118
4 -0.892973 -0.235328 0.312715
2 -0.928402 -0.361533 0.299591
4 -0.898367 -0.385772 0.303985
1 -0.876083 -0.326607 0.309198
1 -0.917624 -0.1881 0.307397
2 -0.872224 -0.466437 0.305148
2 -0.885494 -0.432284 0.309175
1 -0.832142 -0.425065 0.317689
1 -0.828582 -0.601291 0.311993
1 -0.835843 -0.644232 0.309294
1 -0.847835 -0.591348 0.311132
2 -0.80665 -0.739355 0.313952
5 -0.828737 -0.580654 0.313146
3 -0.851704 -0.571339 0.305047
2 -0.879367 -0.450308 0.307335
1 -0.778191 -0.877025 0.316616
3 -0.808892 -0.758888 0.313493
6 -0.796346 -0.701036 0.313858
3 -0.832975 -0.704322 0.304403
1 -0.810434 -0.842113 0.307522
1 -0.853489 -0.716106 0.310759
2 -0.850349 -0.758848 0.310692
2 -0.8528 -0.55105 0.314859
3 -0.898909 -0.415306 0.30991
1 -0.845448 -0.530406 0.313226
1 -0.811042 -0.726239 0.314266
6 -0.795104 -0.774284 0.318843
1 -0.816886 -0.586989 0.310338
10 -0.782125 -0.7314 0.312608
2 -0.905849 -0.349895 0.300205
5 -0.865428 -0.551127 0.301658
1 -0.777891 -0.67766 0.312785
4 -0.75132 -0.957776 0.313352
2 -0.762909 -0.774567 0.320218
3 -0.80892 -0.596751 0.318812
2 -0.8237 -0.503099 0.31899
1 -0.810231 -0.592829 0.317392
1 -0.810737 -0.615304 0.315894
1 -0.792809 -0.825655 0.310306
1 -0.788724 -0.73247 0.314414
1 -0.83069 -0.533718 0.316727
11 -0.866793 -0.507051 0.31205
6 -0.845708 -0.570235 0.313645
1 -0.877622 -0.351503 0.31089
4 -0.822683 -0.588892 0.312397
1 -0.823857 -0.596764 0.311138
1 -0.843347 -0.572938 0.317653
1 -0.830702 -0.629862 0.314226
5 -0.777122 -0.771222 0.318489
1 -0.870289 -0.526216 0.306441
1 -0.911945 -0.426571 0.304392
4 -0.791293 -0.667861 0.313523
4 -0.876599 -0.423124 0.310965
3 -0.803687 -0.774605 0.313133
9 -0.929192 -0.337899 0.302107
6 -0.869677 -0.468563 0.309254
3 -0.847334 -0.514483 0.313964
1 -0.798692 -0.676314 0.319334
4 -0.767541 -0.799482 0.320645
2 -0.836746 -0.561812 0.318829
2 -0.852166 -0.434419 0.314345
4 -0.886248 -0.36192 0.314533
4 -0.841965 -0.612564 0.307401
7 -0.77609 -0.592734 0.325969
11 -0.727458 -0.885538 0.324689
2 -0.746207 -0.813507 0.324527
1 -0.766774 -0.795233 0.323777
1 -0.794527 -0.687129 0.325101
2 -0.790109 -0.687965 0.322353
11 -0.822187 -0.690378 0.318015
1 -0.85204 -0.591927 0.312896
3 -0.825405 -0.614725 0.317131
3 -0.865534 -0.427318 0.315367
3 -0.929247 -0.279011 0.303095
2 -0.945145 -0.289263 0.302901
5 -0.813995 -0.783123 0.30611
1 -0.835097 -0.686902 0.309296
1 -0.825227 -0.753692 0.306322
1 -0.801 -0.794895 0.311321
1 -0.850628 -0.507683 0.309663
4 -0.911472 -0.262204 0.3143
6 -0.885444 -0.338448 0.313897
3 -0.867511 -0.374977 0.311565
4 -0.792938 -0.701574 0.31401
5 -0.850316 -0.529085 0.310963
2 -0.786757 -0.803594 0.309762
1 -0.829272 -0.664388 0.308446
2 -0.893349 -0.456834 0.303223
1 -0.887698 -0.460937 0.304008
1 -0.852976 -0.636043 0.307882
2 -0.825547 -0.758207 0.308773
5 -0.81902 -0.797117 0.313446
1 -0.915529 -0.292866 0.311013
5 -0.892283 -0.458725 0.305835
1 -0.943319 -0.186197 0.308985
7 -0.868561 -0.429724 0.314015
5 -0.815297 -0.632205 0.317765
1 -0.801401 -0.674474 0.312272
1 -0.793773 -0.706381 0.312607
7 -0.718668 -1.04512 0.315694
3 -0.752297 -0.966597 0.314353
1 -0.798217 -0.794576 0.313904
1 -0.748041 -0.838698 0.317218
4 -0.752784 -0.845289 0.31383
2 -0.833678 -0.677993 0.310317
1 -0.780978 -0.649739 0.316045
2 -0.741981 -0.949564 0.321799
4 -0.806542 -0.875476 0.304222
9 -0.83316 -0.687092 0.306067
3 -0.841391 -0.657761 0.305425
1 -0.84247 -0.751911 0.306131
4 -0.894531 -0.553521 0.303699
3 -0.902502 -0.486828 0.299772
7 -0.820388 -0.789192 0.307327
1 -0.913093 -0.334433 0.303379
5 -0.829953 -0.601647 0.311755
1 -0.798863 -0.616399 0.320916
5 -0.833687 -0.570578 0.321654
1 -0.802547 -0.635614 0.319694
1 -0.811884 -0.59501 0.314143
2 -0.80331 -0.614928 0.314959
2 -0.823108 -0.561863 0.315105
1 -0.783105 -0.802738 0.316228
1 -0.873831 -0.682897 0.311744
1 -0.896944 -0.586373 0.309896
2 -0.83474 -0.76821 0.31315
2 -0.829728 -0.707354 0.315291
1 -0.906102 -0.496467 0.305198
1 -0.835074 -0.475021 0.314851
1 -0.853696 -0.456181 0.313295
6 -0.932166 -0.273091 0.302281
1 -0.878953 -0.526332 0.304695
6 -0.857437 -0.641953 0.30505
1 -0.835799 -0.635467 0.311177
1 -0.832707 -0.733527 0.308335
4 -0.917476 -0.404233 0.306282
2 -0.936564 -0.289904 0.304694
3 -0.902498 -0.408709 0.308306
3 -0.918071 -0.410485 0.307758
1 -0.931603 -0.380836 0.305809
2 -0.877135 -0.526895 0.309853
5 -0.850766 -0.605577 0.315164
3 -0.874485 -0.547526 0.309246
1 -0.862299 -0.423458 0.316865
1 -0.80785 -0.580805 0.321049
4 -0.850169 -0.511422 0.311094
11 -0.853759 -0.518978 0.307308
5 -0.855668 -0.514081 0.313274
1 -0.795158 -0.751725 0.312633
2 -0.807426 -0.888075 0.308614
4 -0.851767 -0.668093 0.310836
4 -0.852677 -0.652797 0.30436
1 -0.850749 -0.63213 0.304424
2 -0.883597 -0.355895 0.31105
2 -0.867815 -0.485077 0.310015
3 -0.78466 -0.723713 0.318907
1 -0.792526 -0.650857 0.318313
5 -0.822911 -0.646348 0.31011
5 -0.824239 -0.631026 0.310424
1 -0.794577 -0.792671 0.312671
3 -0.792588 -0.809862 0.31069
2 -0.84592 -0.607396 0.313445
1 -0.818966 -0.632348 0.317654
1 -0.77295 -0.885759 0.316037
1 -0.779742 -0.954456 0.311176
2 -0.771221 -0.950726 0.312671
2 -0.839635 -0.680782 0.308477
1 -0.802639 -0.787739 0.311099
2 -0.816729 -0.764093 0.313272
3 -0.887358 -0.524995 0.303046
7 -0.847572 -0.713357 0.303649
3 -0.839618 -0.693882 0.30753
3 -0.89462 -0.363363 0.312658
2 -0.872788 -0.461441 0.3123
4 -0.853101 -0.521022 0.311943
4 -0.870117 -0.413646 0.310076
2 -0.866321 -0.500522 0.307828
6 -0.906921 -0.296704 0.307835
2 -0.871117 -0.400793 0.312987
1 -0.95154 -0.234102 0.303271
2 -0.820668 -0.691743 0.315471
4 -0.756191 -0.883217 0.319703
2 -0.91061 -0.51686 0.306376
8 -0.89832 -0.566795 0.30728
7 -0.961281 -0.273241 0.308893
2 -0.946079 -0.275242 0.30818
2 -0.874255 -0.677794 0.308604
1 -0.973969 -0.206135 0.309408
1 -0.863672 -0.505835 0.318845
3 -0.785853 -0.790779 0.314999
2 -0.791166 -0.75554 0.313946
5 -0.871069 -0.471482 0.308749
1 -0.895361 -0.303622 0.315173
3 -0.810906 -0.75357 0.308745
1 -0.851366 -0.515305 0.309586
3 -0.772999 -0.855712 0.313211
1 -0.766272 -0.871354 0.314385
1 -0.703956 -1.05666 0.322939
4 -0.754313 -0.813144 0.325608
3 -0.857862 -0.607566 0.312468
1 -0.866165 -0.547807 0.312973
1 -0.864361 -0.556805 0.315236
3 -0.853655 -0.645763 0.311354
3 -0.780317 -0.897844 0.314186
2 -0.788149 -0.876329 0.313087
3 -0.789863 -0.910954 0.310758
1 -0.859173 -0.471141 0.312734
1 -0.879618 -0.413152 0.31022
3 -0.893563 -0.31309 0.311173
3 -0.959199 -0.255774 0.304171
1 -0.821229 -0.596618 0.322559
2 -0.892149 -0.314276 0.318147
4 -0.885782 -0.327608 0.315814
1 -0.912968 -0.254718 0.313696
12 -0.933782 -0.280753 0.306006
7 -0.888024 -0.366874 0.310262
1 -0.778229 -0.964418 0.315182
1 -0.775873 -0.926498 0.314472
6 -0.82489 -0.441328 0.322909
4 -0.868702 -0.37571 0.321098
3 -0.846054 -0.569061 0.307465
2 -0.858118 -0.521865 0.307924
1 -0.772562 -0.793158 0.312215
3 -0.759882 -0.815508 0.31908
1 -0.735461 -1.01178 0.318985
3 -0.743626 -1.00999 0.319777
1 -0.792962 -0.931818 0.313953
2 -0.787101 -0.868414 0.317622
1 -0.830274 -0.669917 0.314046
5 -0.845423 -0.624949 0.312386
3 -0.883143 -0.49721 0.308995
3 -0.888242 -0.384366 0.306797
5 -0.886687 -0.45087 0.304608
1 -0.868612 -0.531532 0.306968
3 -0.74233 -0.787154 0.320953
1 -0.745144 -0.782363 0.320613
1 -0.833986 -0.611003 0.306047
1 -0.838789 -0.647398 0.305202
1 -0.892561 -0.521898 0.305117
2 -0.901515 -0.466372 0.305158
10 -0.832954 -0.743333 0.311849
1 -0.812131 -0.8517 0.308412
2 -0.824902 -0.820725 0.306706
3 -0.88266 -0.487994 0.303041
7 -0.843838 -0.712412 0.305195
1 -0.92567 -0.478677 0.29892
1 -0.905851 -0.524585 0.299828
4 -0.896377 -0.420127 0.307669
7 -0.834305 -0.719434 0.307919
4 -0.811548 -0.738896 0.311453
2 -0.781901 -0.599391 0.322032
2 -0.809612 -0.522904 0.320153
6 -0.85286 -0.423226 0.315747
3 -0.893795 -0.459107 0.304116
1 -0.920384 -0.408411 0.302934
3 -0.886006 -0.565208 0.304561
6 -0.847945 -0.615628 0.310752
3 -0.836499 -0.611386 0.313085
1 -0.701628 -1.14717 0.32001
2 -0.72031 -1.11847 0.320026
8 -0.790413 -0.811253 0.314434
4 -0.795625 -0.801172 0.313989
2 -0.730457 -1.11927 0.313457
2 -0.854713 -0.50941 0.306705
1 -0.820323 -0.479831 0.312031
3 -0.802345 -0.711645 0.316831
4 -0.795986 -0.766467 0.315035
4 -0.686838 -1.24608 0.31008
3 -0.64583 -1.29224 0.324269
4 -0.735746 -0.99123 0.307171
3 -0.791535 -1.00236 0.306822
1 -0.82046 -0.767202 0.308611
1 -0.82378 -0.758553 0.307725
1 -0.951663 -0.336371 0.29976
3 -0.926904 -0.455046 0.294328
2 -0.967552 -0.21944 0.298843
3 -0.974082 -0.218933 0.297829
1 -0.932554 -0.347705 0.30106
1 -0.823716 -0.506584 0.319488
7 -0.72378 -0.994776 0.319457
1 -0.717311 -0.99703 0.319662
5 -0.912041 -0.26346 0.309486
2 -0.864065 -0.306807 0.314091
2 -0.819977 -0.611974 0.31362
4 -0.907484 -0.459926 0.303339
2 -0.905992 -0.323309 0.312134
1 -0.936276 -0.232884 0.305737
2 -0.992009 -0.0442692 0.303992
1 -0.92263 -0.288868 0.309275
4 -0.920631 -0.188442 0.310839
2 -0.829003 -0.620556 0.315452
1 -0.852037 -0.546451 0.31385
4 -0.888988 -0.497427 0.30522
1 -0.90519 -0.382297 0.31203
2 -0.902198 -0.479823 0.306842
3 -0.887362 -0.582658 0.30695
2 -0.870681 -0.580648 0.311076
4 -0.872449 -0.401486 0.316621
1 -0.842881 -0.595303 0.316963
2 -0.878194 -0.452481 0.31171
6 -0.771403 -0.742858 0.312482
1 -0.706734 -1.00243 0.31567
1 -0.709568 -0.975596 0.314664
1 -0.78195 -0.783245 0.306756
1 -0.752481 -0.909046 0.31902
4 -0.792058 -0.700873 0.315233
4 -0.762809 -0.850755 0.316679
1 -0.862153 -0.530904 0.31506
3 -0.863615 -0.52092 0.314702
6 -0.839052 -0.634616 0.316561
5 -0.875121 -0.599612 0.308028
2 -0.820127 -0.80283 0.313375
2 -0.854431 -0.612634 0.31283
4 -0.85687 -0.56556 0.309664
2 -0.822001 -0.692999 0.309683
5 -0.87808 -0.500528 0.311239
4 -0.896157 -0.386831 0.309855
5 -0.877346 -0.476607 0.312457
6 -0.879134 -0.475662 0.312387
1 -0.84971 -0.601764 0.311271
3 -0.812355 -0.633907 0.315892
1 -0.803558 -0.753451 0.309431
2 -0.778119 -0.846744 0.309838
3 -0.840897 -0.632062 0.310242
4 -0.785428 -0.775223 0.311949
2 -0.912847 -0.305299 0.312328
2 -0.862138 -0.3626 0.317127
4 -0.866205 -0.3451 0.316951
1 -0.821163 -0.56193 0.314672
3 -0.82158 -0.524741 0.319688
3 -0.869547 -0.529195 0.309706
11 -0.823053 -0.684618 0.311018
8 -0.845638 -0.574414 0.310413
3 -0.880615 -0.409378 0.305283
5 -0.859443 -0.541963 0.305024
9 -0.830819 -0.710408 0.302587
2 -0.907806 -0.389339 0.3027
4 -0.815379 -0.49291 0.317096
1 -0.863974 -0.350731 0.316702
2 -0.798728 -0.735173 0.317653
5 -0.850912 -0.492597 0.317985
5 -0.860845 -0.508155 0.313616
5 -0.860058 -0.549407 0.306438
1 -0.861955 -0.515903 0.310568
2 -0.776049 -0.889387 0.306974
3 -0.827403 -0.763386 0.304637
3 -0.859242 -0.502823 0.314738
2 -0.776797 -0.924078 0.314229
3 -0.8308 -0.713773 0.31429
2 -0.879152 -0.421908 0.311679
2 -0.809074 -0.729034 0.31495
3 -0.852498 -0.572708 0.307409
2 -0.864924 -0.513736 0.312142
2 -0.85442 -0.591926 0.311094
1 -0.781237 -0.764322 0.318223
3 -0.842145 -0.543368 0.311812
2 -0.971982 -0.217172 0.297096
1 -0.853132 -0.426539 0.314002
1 -0.818695 -0.523678 0.318966
1 -0.726225 -0.907182 0.322035
1 -0.776395 -0.815762 0.314796
1 -0.78089 -0.837987 0.31337
2 -0.86405 -0.649887 0.303366
5 -0.838659 -0.658588 0.309056
2 -0.838913 -0.553923 0.314094
1 -0.835234 -0.542913 0.314603
1 -0.868423 -0.628553 0.310549
3 -0.883219 -0.54188 0.312022
3 -0.867176 -0.643454 0.310171
1 -0.871464 -0.614966 0.309803
3 -0.873553 -0.502447 0.310951
2 -0.825196 -0.689457 0.315463
3 -0.751987 -0.888728 0.320028
2 -0.71521 -0.97509 0.326234
8 -0.809096 -0.487808 0.326559
2 -0.851555 -0.576922 0.31934
2 -0.894824 -0.416382 0.318895
1 -0.90768 -0.472131 0.312145
3 -0.911312 -0.45278 0.310559
1 -0.791512 -0.740318 0.322491
1 -0.921787 -0.357386 0.309798
2 -0.905062 -0.302352 0.309
3 -0.928887 -0.316512 0.303953
4 -0.934687 -0.382706 0.300352
5 -0.871649 -0.589667 0.300688
4 -0.893465 -0.501662 0.298807
1 -0.919654 -0.310202 0.302812
1 -0.859148 -0.67782 0.303465
2 -0.858674 -0.661534 0.303599
3 -0.908951 -0.389964 0.309655
2 -0.903392 -0.383775 0.312185
2 -0.959885 -0.22853 0.304205
3 -0.831144 -0.624345 0.314513
2 -0.759073 -0.840344 0.316818
2 -0.921319 -0.347753 0.310995
4 -0.900993 -0.422298 0.309623
1 -0.800548 -0.671433 0.322381
5 -0.867677 -0.723814 0.307511
1 -0.820499 -0.797776 0.311575
1 -0.842571 -0.467526 0.315338
2 -0.816455 -0.620482 0.315281
1 -0.799629 -0.631997 0.320695
3 -0.866285 -0.713969 0.309544
2 -0.819296 -0.719456 0.307343
1 -0.842109 -0.696796 0.303202
1 -0.868705 -0.595606 0.300898
2 -0.835511 -0.790465 0.303344
5 -0.808657 -0.782058 0.308762
4 -0.800243 -0.77192 0.315016
2 -0.82887 -0.751979 0.30763
5 -0.841959 -0.66614 0.31261
2 -0.827447 -0.723645 0.31059
4 -0.848504 -0.698706 0.305989
1 -0.834026 -0.674861 0.309502
5 -0.931002 -0.379595 0.300109
5 -0.880677 -0.479784 0.308397
4 -0.87227 -0.501811 0.310588
5 -0.832959 -0.569958 0.321597
2 -0.859096 -0.458149 0.321761
1 -0.916505 -0.316677 0.310181
2 -0.928235 -0.286699 0.311181
1 -0.905944 -0.396701 0.304593
3 -0.948674 -0.166275 0.304951
2 -0.843149 -0.572942 0.311008
3 -0.913929 -0.333837 0.303432
2 -0.911711 -0.320734 0.304976
1 -0.884404 -0.476717 0.305417
2 -0.841389 -0.59263 0.311618
2 -0.803829 -0.836644 0.312639
4 -0.846599 -0.702374 0.306281
2 -0.739798 -0.960871 0.317348
1 -0.736897 -0.935886 0.315604
3 -0.816404 -0.701283 0.312409
1 -0.823027 -0.706026 0.310085
6 -0.746508 -0.847682 0.317709
3 -0.783044 -0.68951 0.322081
1 -0.812232 -0.663748 0.315941
3 -0.803954 -0.694819 0.31647
1 -0.791587 -0.770794 0.317548
1 -0.85069 -0.494812 0.315556
3 -0.833315 -0.537176 0.312852
5 -0.807807 -0.636933 0.313936
1 -0.804904 -0.688482 0.312627
8 -0.808609 -0.699618 0.310908
1 -0.863771 -0.415264 0.31308
1 -0.834808 -0.507345 0.315793
1 -0.836978 -0.647099 0.312638
2 -0.806178 -0.584796 0.318788
1 -0.799373 -0.671152 0.314375
2 -0.811108 -0.676188 0.309182
1 -0.781184 -0.828066 0.306906
4 -0.685345 -1.00163 0.325239
1 -0.845016 -0.51004 0.305768
1 -0.791669 -0.753726 0.308051
3 -0.791175 -0.80946 0.309317
2 -0.76312 -0.919322 0.314499
2 -0.793427 -0.786337 0.313072
1 -0.843746 -0.595251 0.307797
1 -0.893065 -0.420798 0.307923
2 -0.860029 -0.492593 0.312767
4 -0.854948 -0.501716 0.310047
1 -0.840119 -0.684683 0.313779
4 -0.813454 -0.797107 0.315355
1 -0.806678 -0.798289 0.31208
1 -0.886525 -0.497652 0.304998
1 -0.863239 -0.463829 0.319195
1 -0.830946 -0.572113 0.318655
15 -0.857401 -0.521619 0.314573
2 -0.881475 -0.437005 0.311834
6 -0.782238 -0.653021 0.318069
1 -0.846005 -0.380591 0.315562
2 -0.748785 -0.714037 0.320802
5 -0.726767 -0.832062 0.319156
2 -0.738577 -0.932559 0.322108
4 -0.75951 -1.04203 0.314162
4 -0.755025 -1.02789 0.315301
1 -0.811509 -0.789147 0.316354
1 -0.768214 -0.989813 0.315221
3 -0.734496 -1.04211 0.318829
1 -0.742429 -0.923244 0.318208
5 -0.748653 -0.951252 0.323472
3 -0.821262 -0.715949 0.313575
4 -0.858148 -0.503783 0.314689
4 -0.855566 -0.523424 0.314314
4 -0.920422 -0.322134 0.309059
3 -0.887676 -0.517142 0.311481
2 -0.850765 -0.743002 0.30612
1 -0.838031 -0.705027 0.313125
1 -0.847627 -0.728254 0.304169
2 -0.841873 -0.721496 0.307933
5 -0.810334 -0.853077 0.305706
2 -0.821826 -0.813559 0.305238
3 -0.868039 -0.60887 0.3053
9 -0.737503 -1.01183 0.315982
1 -0.853476 -0.606399 0.309012
5 -0.886744 -0.521407 0.305622
3 -0.881955 -0.512647 0.30297
2 -0.858191 -0.759335 0.301359
1 -0.779741 -0.957736 0.312974
1 -0.870439 -0.421456 0.31659
2 -0.890781 -0.528529 0.310761
3 -0.925864 -0.337136 0.309704
4 -0.878867 -0.470423 0.314321
8 -0.83076 -0.638494 0.315274
4 -0.862862 -0.521088 0.315453
4 -0.892378 -0.496985 0.310612
3 -0.817622 -0.761676 0.315532
1 -0.912259 -0.321699 0.311869
2 -0.925015 -0.326166 0.312366
5 -0.87928 -0.632336 0.30223
1 -0.956842 -0.202927 0.303391
3 -0.89332 -0.376886 0.304137
5 -0.792491 -0.722314 0.304394
3 -0.82552 -0.657798 0.300818
1 -0.891538 -0.394924 0.300785
1 -0.812183 -0.649964 0.305155
2 -0.778112 -0.842591 0.313617
6 -0.839217 -0.676366 0.305963
1 -0.842271 -0.630937 0.313463
9 -0.803587 -0.787823 0.31047
3 -0.777358 -0.88655 0.312244
3 -0.800815 -0.912538 0.307294
9 -0.888868 -0.499182 0.30336
2 -0.871786 -0.501599 0.310513
1 -0.807174 -0.666524 0.316542
3 -0.822971 -0.733935 0.313791
3 -0.851978 -0.683985 0.308716
1 -0.842166 -0.770685 0.3062
1 -0.829869 -0.750061 0.307627
8 -0.837362 -0.741519 0.306494
2 -0.901559 -0.45896 0.303148
2 -0.902866 -0.458098 0.302619
3 -0.831262 -0.715555 0.306359
2 -0.867934 -0.52231 0.308835
1 -0.866088 -0.449629 0.309114
1 -0.86462 -0.682405 0.300599
2 -0.875193 -0.658868 0.300467
4 -0.874772 -0.489143 0.313415
1 -0.857599 -0.488613 0.312951
15 -0.851645 -0.608336 0.309328
4 -0.866354 -0.630138 0.310081
2 -0.851567 -0.671415 0.310573
3 -0.880505 -0.491821 0.308545
2 -0.820341 -0.661876 0.305826
5 -0.80119 -0.704827 0.315069
4 -0.764011 -0.822452 0.314062
3 -0.726833 -0.964441 0.319957
1 -0.801684 -0.803206 0.304346
4 -0.774654 -0.881422 0.311252
4 -0.79505 -0.864645 0.308692
2 -0.878948 -0.539891 0.301938
1 -0.823077 -0.720815 0.304563
3 -0.845032 -0.578167 0.30925
9 -0.803875 -0.800732 0.306955
1 -0.855419 -0.758069 0.305618
1 -0.762408 -0.835096 0.315172
3 -0.816589 -0.796141 0.311227
1 -0.891732 -0.613354 0.303774
1 -0.912808 -0.54777 0.301219
2 -0.845077 -0.685719 0.310739
3 -0.925548 -0.321478 0.30355
1 -0.936948 -0.407356 0.296813
1 -0.907755 -0.38564 0.298238
6 -0.82672 -0.660322 0.303809
2 -0.776951 -0.878846 0.308187
1 -0.838365 -0.727099 0.310158
1 -0.851 -0.743226 0.306605
3 -0.869934 -0.579746 0.312425
1 -0.884134 -0.431645 0.312685
4 -0.878306 -0.52929 0.313932
1 -0.80264 -0.687437 0.323974
7 -0.784031 -0.692697 0.320007
1 -0.771437 -0.771986 0.322064
5 -0.756243 -0.84031 0.328072
6 -0.688898 -1.28313 0.320533
2 -0.772923 -1.01007 0.312498
2 -0.785703 -0.992941 0.309965
4 -0.793738 -0.869368 0.316592
4 -0.85724 -0.619903 0.315579
6 -0.802416 -0.84157 0.316513
4 -0.882138 -0.503419 0.316234
2 -0.951516 -0.099166 0.314077
1 -0.918137 -0.191778 0.320648
1 -0.951429 -0.146285 0.31596
4 -0.913166 -0.311023 0.315666
2 -0.904734 -0.301034 0.313773
3 -0.810141 -0.814913 0.316441
2 -0.935645 -0.242171 0.30517
3 -0.79549 -0.857826 0.307479
1 -0.749095 -0.976861 0.316574
4 -0.760766 -0.915266 0.318227
4 -0.793427 -0.819886 0.315419
2 -0.799752 -0.800601 0.314154
3 -0.713851 -1.07771 0.320024
4 -0.811552 -0.722379 0.308409
3 -0.839861 -0.769513 0.303196
1 -0.878519 -0.54714 0.304661
4 -0.857887 -0.598733 0.30603
1 -0.772987 -0.957036 0.309795
2 -0.716893 -1.09661 0.314268
6 -0.709116 -1.25605 0.313104
1 -0.808272 -0.911138 0.30337
1 -0.788977 -0.799961 0.309088
1 -0.886393 -0.43444 0.313932
1 -0.801007 -0.705557 0.315574
1 -0.854729 -0.572702 0.309309
1 -0.845433 -0.472844 0.314602
1 -0.852339 -0.491852 0.314392
1 -0.803424 -0.701874 0.312514
5 -0.80148 -0.667379 0.31428
5 -0.802447 -0.723881 0.315173
2 -0.752653 -1.0204 0.314238
6 -0.761209 -1.02904 0.310425
1 -0.803545 -0.813755 0.306465
1 -0.774312 -0.861164 0.310427
1 -0.775475 -0.76005 0.316039
3 -0.879746 -0.571356 0.304052
1 -0.957399 -0.209262 0.304862
3 -0.933306 -0.291456 0.306115
5 -0.937955 -0.23623 0.304906
2 -0.914195 -0.213443 0.308643
2 -0.835439 -0.549378 0.308628
3 -0.861922 -0.477749 0.302339
5 -0.960174 -0.0893487 0.301205
1 -0.855793 -0.568084 0.301237
4 -0.918983 -0.368065 0.306307
3 -0.869302 -0.433978 0.310777
3 -0.837068 -0.599656 0.310064
2 -0.884834 -0.443543 0.307667
1 -0.891703 -0.479238 0.305991
5 -0.891067 -0.532461 0.305736
5 -0.918732 -0.415677 0.304901
4 -0.947169 -0.245995 0.303444
1 -0.918237 -0.387277 0.305918
5 -0.884991 -0.420102 0.307901
3 -0.851495 -0.505112 0.309213
7 -0.857505 -0.463659 0.309311
1 -0.858877 -0.479948 0.308542
2 -0.796818 -0.521613 0.311683
8 -0.842703 -0.387777 0.306597
3 -0.814038 -0.556687 0.305803
1 -0.818264 -0.569838 0.30426
11 -0.797164 -0.668431 0.311212
6 -0.832063 -0.608409 0.311837
4 -0.971873 -0.258892 0.307591
1 -0.934308 -0.430887 0.309488
5 -0.944342 -0.321606 0.30944
9 -0.908568 -0.372743 0.312337
1 -0.853125 -0.648167 0.311432
4 -0.910617 -0.359165 0.306581
3 -0.918127 -0.301311 0.309339
4 -0.831835 -0.812132 0.303126
2 -0.846009 -0.730828 0.301252
2 -0.909291 -0.487263 0.295827
1 -0.910691 -0.525821 0.295152
5 -0.876588 -0.667694 0.301767
1 -0.856391 -0.661393 0.308133
5 -0.852828 -0.67445 0.30754
2 -0.78469 -0.8017 0.315139
2 -0.789279 -0.676316 0.319312
1 -0.797146 -0.712628 0.317824
5 -0.810069 -0.697379 0.315356
1 -0.754684 -0.885269 0.316026
1 -0.785107 -0.784162 0.313019
1 -0.801023 -0.720365 0.312195
1 -0.804811 -0.641221 0.314031
1 -0.860382 -0.490705 0.307796
2 -0.815547 -0.59944 0.30759
5 -0.757521 -0.99343 0.306658
1 -0.782079 -0.953176 0.303614
1 -0.802852 -1.03788 0.298713
2 -0.866418 -0.58063 0.304369
2 -0.889262 -0.458472 0.3109
1 -0.925983 -0.375344 0.304221
2 -0.886356 -0.349413 0.310182
2 -0.835046 -0.586337 0.311283
1 -0.794918 -0.778143 0.313161
3 -0.765805 -0.811803 0.314459
2 -0.787699 -0.847539 0.317652
6 -0.789791 -0.758769 0.316301
2 -0.76282 -0.812371 0.318094
1 -0.754501 -1.03961 0.31279
6 -0.847295 -0.598866 0.312912
1 -0.755217 -0.94388 0.316179
4 -0.785003 -0.844891 0.310402
1 -0.868919 -0.534973 0.312482
1 -0.829098 -0.707137 0.306045
4 -0.924119 -0.29446 0.305296
7 -0.877433 -0.466125 0.308563
4 -0.836535 -0.505603 0.31602
3 -0.830468 -0.5219 0.317458
1 -0.811787 -0.728365 0.310202
1 -0.850229 -0.591817 0.310576
2 -0.747191 -0.958453 0.321098
1 -0.773327 -0.816337 0.320349
1 -0.751851 -0.888111 0.312448
1 -0.843681 -0.609862 0.310658
1 -0.894672 -0.568996 0.301913
5 -0.796178 -0.865931 0.314762
1 -0.818041 -0.654965 0.311309
2 -0.826728 -0.464464 0.317119
1 -0.880844 -0.540731 0.304229
1 -0.899939 -0.449399 0.306148
3 -0.856026 -0.588871 0.306627
3 -0.820175 -0.736898 0.317431
3 -0.838279 -0.707764 0.314986
2 -0.843929 -0.6828 0.31515
1 -0.735465 -0.792043 0.319887
1 -0.860172 -0.453134 0.308521
3 -0.879614 -0.374753 0.311655
4 -0.850119 -0.571477 0.309646
1 -0.81401 -0.670067 0.313462
1 -0.833541 -0.625809 0.312667
8 -0.838817 -0.569763 0.310558
2 -0.804389 -0.73101 0.308359
2 -0.791002 -0.72001 0.316787
5 -0.816117 -0.776816 0.309755
5 -0.857896 -0.581043 0.310181
3 -0.846788 -0.68815 0.308916
4 -0.836945 -0.640965 0.312314
3 -0.846723 -0.593774 0.312363
1 -0.847054 -0.534505 0.313776
2 -0.742164 -0.920716 0.318078
5 -0.723737 -1.00701 0.320674
6 -0.754182 -0.921234 0.31881
5 -0.88344 -0.331458 0.318508
5 -0.910872 -0.229647 0.317485
1 -0.876441 -0.359503 0.316134
2 -0.872958 -0.272353 0.318771
2 -0.865546 -0.337538 0.319206
4 -0.807065 -0.635896 0.316229
2 -0.846741 -0.539377 0.306581
2 -0.911918 -0.28253 0.301371
3 -0.868101 -0.317581 0.311212
1 -0.782345 -0.717043 0.311394
1 -0.845117 -0.443479 0.311561
1 -0.785177 -0.739142 0.312464
1 -0.805852 -0.640705 0.310977
3 -0.933035 -0.395962 0.298896
2 -0.874256 -0.515132 0.313219
2 -0.86458 -0.520717 0.31374
5 -0.857063 -0.60152 0.30927
3 -0.824015 -0.665988 0.316954
1 -0.869373 -0.533668 0.314415
3 -0.883522 -0.543314 0.307704
1 -0.848559 -0.762664 0.313732
1 -0.884106 -0.542469 0.307867
1 -0.894709 -0.511017 0.310476
4 -0.886163 -0.443817 0.308176
3 -0.918686 -0.360256 0.306043
2 -0.856423 -0.558652 0.309135
6 -0.83301 -0.673673 0.313902
1 -0.825766 -0.657549 0.315693
4 -0.833925 -0.779863 0.304701
6 -0.888419 -0.715064 0.304341
3 -0.829945 -0.853749 0.304431
1 -0.826283 -0.862836 0.304831
4 -0.941706 -0.387137 0.304141
1 -0.916197 -0.448166 0.307679
6 -0.79293 -0.740759 0.314738
4 -0.802784 -0.716136 0.31834
2 -0.831827 -0.602091 0.316532
1 -0.845985 -0.743888 0.311684
3 -0.888878 -0.565477 0.305207
1 -0.898618 -0.512752 0.299714
1 -0.787779 -0.860374 0.305093
2 -0.795119 -0.793767 0.30598
3 -0.735221 -1.10014 0.31124
3 -0.741559 -1.07217 0.313246
1 -0.81401 -0.828168 0.310981
2 -0.856029 -0.573441 0.316633
2 -0.850922 -0.719881 0.308902
2 -0.787696 -0.864818 0.313199
1 -0.813895 -0.779984 0.313375
5 -0.793589 -0.69546 0.314698
2 -0.816136 -0.700168 0.313899
1 -0.794791 -0.855706 0.315748
3 -0.83835 -0.731397 0.31146
1 -0.76518 -0.913596 0.313258
1 -0.754654 -0.944892 0.313857
5 -0.818302 -0.640026 0.312878
2 -0.871202 -0.461635 0.308175
5 -0.822808 -0.680621 0.310766
3 -0.986262 -0.0611987 0.304209
1 -0.919655 -0.339171 0.30623
1 -0.749755 -0.813471 0.318216
1 -0.796159 -0.642988 0.313791
1 -0.815777 -0.599618 0.309629
9 -0.856767 -0.473177 0.309894
1 -0.872763 -0.525485 0.316898
2 -0.806765 -0.831762 0.315545
9 -0.788512 -0.918206 0.313948
1 -0.790289 -0.866216 0.315011
3 -0.809861 -0.825277 0.310811
2 -0.77608 -0.930937 0.314486
4 -0.747099 -1.0117 0.315105
1 -0.728076 -0.962527 0.318419
7 -0.739484 -0.780004 0.321564
1 -0.676019 -1.04398 0.318888
4 -0.679979 -1.08102 0.319775
2 -0.7171 -0.981806 0.321356
2 -0.743353 -0.826252 0.319057
2 -0.852997 -0.504947 0.305982
1 -0.87285 -0.49722 0.308935
1 -0.854347 -0.615872 0.309997
3 -0.881371 -0.561146 0.307598
3 -0.899933 -0.430854 0.304654
1 -0.846079 -0.414413 0.323526
2 -0.798116 -0.62596 0.326489
2 -0.831303 -0.607469 0.306191
4 -0.965486 -0.258763 0.304907
2 -0.928509 -0.339315 0.302277
5 -0.799496 -0.844212 0.301787
2 -0.832297 -0.632859 0.309453
1 -0.793203 -0.738911 0.31588
6 -0.906322 -0.369751 0.304311
2 -0.917906 -0.458445 0.301969
1 -0.831036 -0.734635 0.300835
1 -0.838536 -0.804943 0.295631
1 -0.829661 -0.886959 0.29911
1 -0.873164 -0.669889 0.299007
2 -0.914503 -0.445088 0.30124
2 -0.846523 -0.652301 0.311326
2 -0.765502 -0.886455 0.321952
1 -0.816248 -0.758502 0.316467
4 -0.790064 -0.799747 0.317465
3 -0.803076 -0.787663 0.309044
8 -0.782364 -0.840925 0.311368
3 -0.753299 -0.860426 0.312139
1 -0.856525 -0.481937 0.307488
1 -0.788912 -0.763862 0.313987
1 -0.765645 -0.787949 0.315132
7 -0.819046 -0.598069 0.313324
2 -0.925025 -0.355833 0.301786
2 -0.889799 -0.50774 0.30165
3 -0.934506 -0.284787 0.297594
2 -0.901544 -0.510178 0.298351
7 -0.861473 -0.507555 0.310028
3 -0.876389 -0.452538 0.30862
4 -0.85421 -0.602605 0.314093
2 -0.892852 -0.365272 0.31376
1 -0.849757 -0.491173 0.310486
2 -0.757242 -0.744063 0.316269
3 -0.812783 -0.605727 0.312018
3 -0.777726 -0.665587 0.318952
3 -0.807388 -0.541072 0.32081
1 -0.802511 -0.666513 0.322845
4 -0.807755 -0.604319 0.322379
1 -0.888937 -0.415584 0.30808
2 -0.934377 -0.247394 0.305135
2 -0.81349 -0.542135 0.312522
4 -0.770106 -0.78581 0.315873
1 -0.804056 -0.752388 0.311166
7 -0.848225 -0.637156 0.307407
4 -0.841599 -0.679745 0.306291
8 -0.846106 -0.680139 0.30503
1 -0.927435 -0.266499 0.307468
2 -0.874464 -0.553018 0.311205
3 -0.872195 -0.568948 0.310201
1 -0.792029 -0.841635 0.313461
3 -0.748822 -1.00082 0.308714
4 -0.866068 -0.577181 0.309749
1 -0.851782 -0.609106 0.307987
7 -0.83863 -0.62635 0.310559
1 -0.831415 -0.787461 0.304368
1 -0.861528 -0.710314 0.303507
4 -0.75936 -1.0948 0.3039
2 -0.823371 -0.770312 0.307666
1 -0.90698 -0.380514 0.303149
2 -0.896537 -0.436506 0.304476
4 -0.924775 -0.404909 0.29876
1 -0.885916 -0.518828 0.304409
5 -0.88932 -0.47989 0.307001
4 -0.894743 -0.439461 0.307926
4 -0.859609 -0.500239 0.308294
2 -0.871056 -0.468182 0.305968
1 -0.786985 -0.815551 0.312389
3 -0.763723 -0.824053 0.315256
1 -0.800309 -0.613127 0.317766
1 -0.883399 -0.416629 0.313235
5 -0.934851 -0.218758 0.308667
1 -0.835476 -0.62524 0.317413
3 -0.82146 -0.808931 0.308326
4 -0.828563 -0.764879 0.30827
2 -0.850068 -0.587072 0.303926
1 -0.806918 -0.652992 0.31251
1 -0.889877 -0.410139 0.309822
2 -0.833769 -0.610141 0.308006
1 -0.854677 -0.609911 0.306423
3 -0.853907 -0.598607 0.306183
7 -0.799785 -0.781637 0.309155
7 -0.832375 -0.61667 0.307981
2 -0.827092 -0.50376 0.310657
1 -0.822707 -0.544769 0.31406
1 -0.819108 -0.598229 0.315233
11 -0.826411 -0.572592 0.315181
1 -0.861616 -0.500942 0.310587
2 -0.835997 -0.554811 0.314336
9 -0.857581 -0.511815 0.31324
3 -0.750359 -0.776944 0.321993
3 -0.740313 -0.787645 0.322489
7 -0.754583 -0.732611 0.325791
4 -0.797677 -0.573807 0.324699
3 -0.66929 -1.04929 0.329768
4 -0.820215 -0.565364 0.319765
5 -0.751986 -0.9487 0.313735
2 -0.803486 -0.767456 0.305223
1 -0.937001 -0.226814 0.30769
3 -0.813074 -0.709784 0.312446
4 -0.78496 -0.997601 0.305593
5 -0.80575 -0.748194 0.308618
2 -0.782185 -0.821143 0.31603
5 -0.765371 -0.945686 0.309588
1 -0.796926 -0.70301 0.316706
1 -0.805865 -0.657309 0.316044
2 -0.861376 -0.480993 0.31647
3 -0.910841 -0.337338 0.311887
3 -0.920547 -0.35845 0.308412
2 -0.822241 -0.599621 0.321899
4 -0.860967 -0.52036 0.315262
10 -0.765589 -0.744 0.320889
8 -0.803545 -0.776193 0.309309
2 -0.756267 -0.798338 0.315424
5 -0.817897 -0.633507 0.312372
3 -0.841893 -0.658881 0.304521
1 -0.862162 -0.480513 0.307023
6 -0.921774 -0.328229 0.305149
5 -0.88171 -0.494786 0.304903
1 -0.864851 -0.594369 0.303222
1 -0.877568 -0.456838 0.307261
1 -0.83463 -0.76639 0.308686
4 -0.840243 -0.709428 0.310216
17 -0.904315 -0.449498 0.305481
4 -0.851037 -0.730875 0.310097
3 -0.894338 -0.354106 0.31533
2 -0.904173 -0.341433 0.316881
1 -0.98775 -0.212595 0.307623
2 -0.909883 -0.398609 0.31383
4 -0.729553 -0.932524 0.319037
2 -0.81312 -0.716777 0.3079
1 -0.774409 -0.829053 0.313571
7 -0.810879 -0.687942 0.313
7 -0.786561 -0.869679 0.316008
3 -0.797092 -0.627249 0.317772
1 -0.887139 -0.212152 0.320207
6 -0.924968 -0.301695 0.311598
6 -0.909319 -0.356055 0.308486
2 -0.843485 -0.519553 0.313647
6 -0.810035 -0.60206 0.313154
1 -0.844996 -0.649944 0.30807
2 -0.873898 -0.591283 0.301729
1 -0.834823 -0.661232 0.308838
2 -0.845065 -0.577292 0.312751
4 -0.734192 -1.09542 0.314742
3 -0.760747 -0.872629 0.314283
2 -0.813221 -0.682716 0.311472
1 -0.850725 -0.572915 0.310311
1 -0.884839 -0.365399 0.313145
1 -0.894262 -0.383322 0.312626
3 -0.834938 -0.647379 0.315407
1 -0.822893 -0.688065 0.315044
3 -0.782373 -0.789689 0.311856
1 -0.812641 -0.705578 0.310887
1 -0.793928 -0.803682 0.315119
2 -0.831825 -0.513011 0.314649
1 -0.813613 -0.586995 0.314796
6 -0.805494 -0.647346 0.313775
3 -0.821652 -0.630733 0.314241
4 -0.892495 -0.494354 0.30444
1 -0.914153 -0.30511 0.305671
1 -0.844435 -0.686226 0.310656
2 -0.857316 -0.654686 0.30921
10 -0.842888 -0.666502 0.30848
1 -0.89942 -0.495263 0.304484
1 -0.8454 -0.566869 0.312075
5 -0.812513 -0.63021 0.315553
1 -0.92425 -0.24829 0.309043
2 -0.814053 -0.699881 0.315769
6 -0.964312 -0.278757 0.302242
1 -0.792613 -0.69535 0.314266
1 -0.820699 -0.555333 0.311205
2 -0.79479 -0.751907 0.308586
1 -0.773373 -0.742315 0.314502
1 -0.795689 -0.713699 0.316539
1 -0.815573 -0.697411 0.315818
4 -0.790013 -0.823033 0.31879
8 -0.832024 -0.716381 0.31637
2 -0.871282 -0.573184 0.313323
2 -0.805301 -0.718262 0.318568
2 -0.791072 -0.840944 0.308871
2 -0.808653 -0.815351 0.310732
3 -0.706763 -1.11462 0.324874
3 -0.824096 -0.652186 0.318727
7 -0.811263 -0.603533 0.323783
1 -0.887346 -0.78531 0.299106
1 -0.815742 -1.02563 0.299808
5 -0.808105 -0.959319 0.300384
1 -0.776182 -0.860853 0.318814
2 -0.879925 -0.32364 0.310375
1 -0.887139 -0.476534 0.30237
1 -0.924067 -0.36048 0.301785
2 -0.901132 -0.314237 0.312592
2 -0.839211 -0.636172 0.313155
1 -0.795416 -0.853534 0.312356
3 -0.84325 -0.657883 0.3103
1 -0.875938 -0.525924 0.306281
1 -0.694368 -1.09754 0.32813
1 -0.828022 -0.665559 0.31983
5 -0.794036 -0.700929 0.322995
6 -0.806333 -0.710587 0.319028
7 -0.865614 -0.459411 0.313589
2 -0.823678 -0.606888 0.313862
3 -0.844546 -0.546657 0.317923
2 -0.828104 -0.547288 0.322783
2 -0.876404 -0.359319 0.306601
3 -0.892323 -0.324915 0.304835
3 -0.839752 -0.536152 0.307717
7 -0.867143 -0.558337 0.302959
3 -0.83745 -0.81343 0.30152
2 -0.825323 -0.807914 0.306533
4 -0.842978 -0.763091 0.304352
4 -0.833004 -0.760848 0.305205
1 -0.772257 -0.910173 0.31594
5 -0.783007 -0.910796 0.314997
2 -0.884743 -0.438439 0.309162
2 -0.84369 -0.680851 0.30829
2 -0.837586 -0.797054 0.308026
7 -0.7564 -0.879255 0.31519
6 -0.713288 -0.954736 0.317502
1 -0.773167 -0.741389 0.3181
3 -0.800233 -0.776374 0.317794
3 -0.779045 -0.834423 0.318696
2 -0.779252 -0.922607 0.314799
2 -0.905641 -0.49147 0.302129
1 -0.911673 -0.465322 0.302073
1 -0.867671 -0.498055 0.309566
3 -0.758894 -0.954203 0.309982
1 -0.837702 -0.464207 0.318358
2 -0.799924 -0.737749 0.308783
2 -0.900252 -0.362155 0.305947
1 -0.797752 -0.648898 0.321197
5 -0.884371 -0.406311 0.3052
1 -0.781202 -0.725291 0.314075
6 -0.746849 -0.947831 0.317547
1 -0.735373 -0.9219 0.321081
2 -0.810302 -0.663248 0.310973
7 -0.931185 -0.228475 0.303033
1 -0.891844 -0.385174 0.31214
8 -0.877623 -0.60566 0.3067
3 -0.839529 -0.653724 0.3121
6 -0.977909 -0.132273 0.301307
1 -0.848696 -0.569248 0.311231
2 -0.856414 -0.587825 0.310434
6 -0.815741 -0.628555 0.316278
3 -0.827782 -0.579016 0.312406
7 -0.913686 -0.405897 0.306597
5 -0.942205 -0.233911 0.308407
2 -0.825319 -0.592019 0.31779
1 -0.819157 -0.835189 0.311489
8 -0.750872 -1.08354 0.315463
1 -0.88431 -0.45141 0.30515
1 -0.906926 -0.508229 0.303569
1 -0.947467 -0.339757 0.305418
2 -0.919684 -0.386598 0.309102
2 -0.767731 -0.80436 0.318512
6 -0.824429 -0.645745 0.315191
2 -0.859483 -0.624371 0.312729
1 -0.852828 -0.633263 0.313449
1 -0.743696 -0.902406 0.320411
4 -0.832444 -0.679578 0.306996
3 -0.834128 -0.637185 0.313522
1 -0.811641 -0.729621 0.31441
2 -0.803451 -0.784621 0.311721
3 -0.787014 -0.849073 0.313674
5 -0.82589 -0.706189 0.30978
1 -0.846108 -0.550817 0.311751
3 -0.814387 -0.695029 0.311009
3 -0.807991 -0.827994 0.315686
1 -0.889748 -0.485493 0.312338
3 -0.877876 -0.50737 0.309288
1 -0.843178 -0.581573 0.309085
6 -0.82305 -0.670716 0.314344
5 -0.811497 -0.713563 0.317175
6 -0.811844 -0.702555 0.320117
1 -0.832413 -0.700659 0.316753
3 -0.848712 -0.604614 0.316005
4 -0.840149 -0.629421 0.317193
4 -0.948575 -0.320561 0.304344
4 -0.862839 -0.487531 0.310497
1 -0.803469 -0.754956 0.304775
6 -0.813583 -0.742049 0.313564
4 -0.816397 -0.563191 0.319506
5 -0.911115 -0.421009 0.308567
4 -0.847658 -0.558885 0.314059
3 -0.789547 -0.847621 0.314817
1 -0.792498 -0.856713 0.312777
8 -0.700628 -1.02458 0.32443
1 -0.830142 -0.533854 0.312026
7 -0.835723 -0.799267 0.302623
1 -0.793457 -0.878211 0.308822
8 -0.81329 -0.785903 0.313201
1 -0.861127 -0.61109 0.309282
5 -0.841578 -0.576425 0.305897
1 -0.772224 -0.902681 0.314051
1 -0.816537 -0.897674 0.300481
2 -0.842288 -0.815127 0.301478
2 -0.847739 -0.735185 0.302347
3 -0.802231 -0.763675 0.309252
1 -0.88361 -0.476499 0.313438
3 -0.886702 -0.445252 0.311962
1 -0.89041 -0.446269 0.311707
7 -0.845281 -0.547598 0.313421
1 -0.838389 -0.52588 0.312922
1 -0.799297 -0.738379 0.316503
1 -0.807931 -0.85113 0.315431
9 -0.794858 -0.687054 0.320128
5 -0.848094 -0.7208 0.306458
1 -0.899987 -0.466656 0.302436
1 -0.899346 -0.483082 0.302305
1 -0.845324 -0.751637 0.30988
2 -0.861254 -0.577477 0.307666
1 -0.884044 -0.480588 0.310106
1 -0.80767 -0.635428 0.31821
1 -0.778871 -0.622883 0.325339
3 -0.798045 -0.5301 0.320929
1 -0.823761 -0.617772 0.312489
4 -0.874973 -0.40926 0.308879
3 -0.896279 -0.311577 0.311809
6 -0.874803 -0.358835 0.31373
5 -0.925279 -0.369012 0.304902
2 -0.852166 -0.516851 0.314246
3 -0.875416 -0.452288 0.310743
1 -0.87912 -0.506879 0.313043
1 -0.863475 -0.497842 0.314766
2 -0.839914 -0.643598 0.314154
2 -0.824637 -0.66256 0.311437
1 -0.870054 -0.418651 0.310976
3 -0.777503 -0.800354 0.31658
2 -0.767739 -0.900966 0.315467
1 -0.766864 -0.847971 0.318256
2 -0.893674 -0.596608 0.299592
2 -0.826459 -0.743551 0.307048
4 -0.843458 -0.598065 0.310494
3 -0.819728 -0.633674 0.312827
3 -0.859407 -0.576084 0.307016
1 -0.873479 -0.484196 0.305294
2 -0.89412 -0.4181 0.302213
2 -0.816167 -0.795689 0.31038
4 -0.793066 -0.68758 0.319533
1 -0.742333 -0.894074 0.318305
3 -0.778829 -1.01723 0.303659
3 -0.77394 -1.05912 0.303879
2 -0.786656 -0.829481 0.307718
5 -0.83198 -0.577843 0.313673
6 -0.884427 -0.426417 0.304133
1 -0.774473 -0.865212 0.314518
2 -0.876267 -0.477289 0.310024
2 -0.804544 -0.695764 0.313311
1 -0.793803 -0.710062 0.311272
3 -0.851486 -0.509044 0.309458
4 -0.819283 -0.581171 0.312106
2 -0.890078 -0.509134 0.301487
1 -0.842263 -0.641172 0.313513
3 -0.864769 -0.578285 0.309366
2 -0.75571 -1.07168 0.311918
2 -0.712859 -1.13139 0.316033
1 -0.74507 -0.991855 0.316707
1 -0.833392 -0.644162 0.312373
2 -0.855069 -0.651361 0.303406
3 -0.849278 -0.728758 0.303697
1 -0.900374 -0.484469 0.306612
4 -0.895946 -0.329223 0.316006
6 -0.840697 -0.496229 0.322361
1 -0.942987 -0.252225 0.306297
7 -0.850822 -0.54062 0.309325
4 -0.87448 -0.356613 0.311361
2 -0.863608 -0.390259 0.311411
4 -0.955858 -0.102485 0.311043
4 -0.917149 -0.391582 0.308136
3 -0.935905 -0.34351 0.305002
3 -0.92899 -0.49702 0.301078
3 -0.775441 -0.845033 0.322943
2 -0.811167 -0.741262 0.30943
1 -0.893375 -0.394638 0.304882
4 -0.875956 -0.417957 0.310977
1 -0.783296 -0.628712 0.319842
10 -0.773507 -0.649492 0.32133
2 -0.831882 -0.559255 0.315956
2 -0.769563 -0.802644 0.319889
3 -0.851145 -0.716328 0.306595
3 -0.775983 -1.00314 0.315645
7 -0.779195 -0.878749 0.319256
1 -0.897403 -0.427014 0.308144
1 -0.866561 -0.589066 0.311977
1 -0.792041 -0.783568 0.310832
6 -0.787209 -0.650647 0.318998
3 -0.810888 -0.619888 0.31934
1 -0.830953 -0.617982 0.303535
2 -0.904369 -0.345648 0.303666
1 -0.871267 -0.324257 0.313037
2 -0.785193 -0.540324 0.326984
1 -0.794512 -0.597108 0.326126
4 -0.853747 -0.719564 0.307426
6 -0.741499 -1.11563 0.309891
2 -0.85221 -0.491006 0.316222
1 -0.842747 -0.58693 0.307666
1 -0.833151 -0.719877 0.302318
5 -0.870797 -0.463925 0.311325
1 -0.9227 -0.208221 0.310328
4 -0.888436 -0.356166 0.312541
3 -0.865496 -0.430185 0.307039
3 -0.855146 -0.552312 0.305112
1 -0.896853 -0.331043 0.304532
7 -0.747852 -0.745038 0.323432
2 -0.781489 -0.597556 0.321452
6 -0.736575 -1.03836 0.311632
1 -0.839702 -0.706412 0.302151
1 -0.890969 -0.413865 0.304032
1 -0.912075 -0.3246 0.302426
7 -0.894227 -0.380717 0.302517
2 -0.801629 -0.835737 0.308916
1 -0.870364 -0.540478 0.309422
3 -0.874721 -0.489086 0.307651
2 -0.901946 -0.404877 0.302439
1 -0.872907 -0.556899 0.304411
5 -0.752775 -0.926279 0.314724
1 -0.799828 -0.784538 0.315993
2 -0.820359 -0.681175 0.317209
1 -0.801149 -0.69121 0.313433
4 -0.774427 -0.801804 0.318794
2 -0.836966 -0.632231 0.309524
7 -0.860282 -0.465449 0.309114
3 -0.780916 -0.849541 0.306632
4 -0.734309 -0.957824 0.314988
4 -0.690148 -1.09042 0.323387
4 -0.72508 -1.01073 0.317956
4 -0.75279 -0.880297 0.316222
17 -0.809999 -0.801322 0.311265
5 -0.907712 -0.292657 0.310227
6 -0.837103 -0.439952 0.317757
1 -0.827826 -0.447039 0.321479
4 -0.806783 -0.534379 0.322801
2 -0.805699 -0.514466 0.324068
6 -0.848038 -0.476405 0.312814
1 -0.798432 -0.637141 0.317997
1 -0.829601 -0.867513 0.306538
2 -0.86552 -0.711827 0.30698
2 -0.934195 -0.31464 0.307315
3 -0.895182 -0.333626 0.309671
2 -0.87537 -0.543121 0.305272
1 -0.954826 -0.443701 0.294386
2 -0.962549 -0.419619 0.294696
6 -0.870237 -0.514178 0.311997
3 -0.913184 -0.329634 0.310911
5 -0.886586 -0.4612 0.312191
3 -0.842518 -0.597291 0.315395
1 -0.815592 -0.665284 0.316554
13 -0.847091 -0.557384 0.311775
3 -0.822347 -0.591583 0.315323
6 -0.825736 -0.818795 0.318163
1 -0.810717 -0.859129 0.311879
1 -0.716687 -1.21304 0.315584
4 -0.694186 -1.24533 0.316588
1 -0.835687 -0.88871 0.299716
1 -0.86924 -0.652496 0.298493
3 -0.962803 -0.302085 0.298299
1 -1.0011 -0.144624 0.2982
1 -0.909 -0.348262 0.307729
3 -0.903225 -0.366901 0.305916
1 -0.879912 -0.373453 0.311465
2 -0.858933 -0.531557 0.311335
3 -0.874552 -0.4262 0.313306
1 -0.873765 -0.483157 0.313212
2 -0.836518 -0.676008 0.314741
1 -0.822205 -0.73484 0.308202
1 -0.749435 -0.930886 0.316116
2 -0.815081 -0.800672 0.308275
2 -0.781511 -0.920092 0.309809
1 -0.913469 -0.271099 0.308489
1 -0.868904 -0.638323 0.308296
3 -0.849651 -0.572639 0.314419
4 -0.85319 -0.456067 0.310604
2 -0.757797 -0.811964 0.313062
1 -0.891369 -0.520602 0.300329
1 -0.879227 -0.534131 0.30352
1 -0.802025 -0.659312 0.314448
3 -0.806963 -0.66357 0.316019
5 -0.818157 -0.63628 0.314282
1 -0.828453 -0.689219 0.31054
5 -0.882596 -0.524676 0.307168
5 -0.903061 -0.3855 0.312039
1 -0.808707 -0.655156 0.317358
1 -0.902616 -0.451554 0.304718
1 -0.893228 -0.395179 0.30962
4 -0.839417 -0.466932 0.314929
5 -0.780325 -0.703198 0.322188
2 -0.859452 -0.470337 0.309504
1 -0.867085 -0.33961 0.320009
1 -0.846871 -0.52142 0.31527
2 -0.898585 -0.403187 0.309184
6 -0.93118 -0.282706 0.310314
1 -0.933065 -0.299918 0.307567
1 -0.875195 -0.525949 0.312248
2 -0.838089 -0.722567 0.307711
2 -0.882502 -0.527155 0.304358
1 -0.863547 -0.592263 0.308632
1 -0.867262 -0.522612 0.308191
1 -0.857914 -0.580821 0.311674
2 -0.919556 -0.239377 0.312132
1 -0.919205 -0.214771 0.307809
2 -0.950683 -0.130205 0.306083
1 -0.865989 -0.363998 0.313611
2 -0.891449 -0.376632 0.312086
2 -0.911443 -0.30271 0.311717
1 -0.84684 -0.487152 0.317246
7 -0.871052 -0.425401 0.31139
1 -0.877349 -0.403476 0.3141
3 -0.840825 -0.463284 0.316051
3 -0.878951 -0.478449 0.30347
1 -0.920009 -0.316935 0.309492
1 -0.827021 -0.642299 0.3117
2 -0.859801 -0.581465 0.305935
8 -0.819661 -0.673938 0.306342
4 -0.842065 -0.594512 0.302823
1 -0.769053 -0.781301 0.318997
2 -0.838938 -0.499846 0.315114
1 -0.788074 -0.651604 0.322881
1 -0.801187 -0.579313 0.323272
1 -0.770597 -0.751185 0.324336
4 -0.78318 -0.803875 0.31544
6 -0.788715 -0.8818 0.315487
1 -0.798816 -0.664801 0.319132
2 -0.818732 -0.535259 0.318954
1 -0.819245 -0.534302 0.318832
8 -0.822772 -0.480284 0.314444
2 -0.757019 -0.842813 0.317708
1 -0.745676 -0.906969 0.321113
2 -0.854812 -0.420897 0.309157
2 -0.84945 -0.451077 0.311314
7 -0.81262 -0.533776 0.318362
5 -0.861824 -0.441542 0.313748
3 -0.841554 -0.541596 0.310961
10 -0.791759 -0.791027 0.31539
7 -0.81086 -0.74021 0.315665
2 -0.824481 -0.666367 0.315487
9 -0.905269 -0.374476 0.313819
1 -0.780778 -0.755751 0.322482
2 -0.847782 -0.697975 0.308979
11 -0.829164 -0.74358 0.30793
1 -0.844578 -0.584548 0.31785
2 -0.743778 -0.874269 0.321875
7 -0.736936 -1.10262 0.316161
1 -0.904543 -0.314928 0.306736
1 -0.827975 -0.702027 0.310321
2 -0.857188 -0.621937 0.308324
3 -0.845514 -0.579385 0.308036
1 -0.788164 -0.901179 0.300663
4 -0.783475 -0.920291 0.300867
1 -0.770618 -1.02281 0.303823
1 -0.821817 -0.868337 0.303223
2 -0.852144 -0.840356 0.300277
1 -0.798413 -1.02685 0.302861
5 -0.775092 -1.08662 0.298875
1 -0.803889 -0.906996 0.301321
6 -0.681786 -1.22923 0.320952
1 -0.775157 -0.894322 0.309899
2 -0.823247 -0.710904 0.310901
2 -0.870475 -0.537669 0.309202
2 -0.862942 -0.608736 0.307699
1 -0.893829 -0.530763 0.3064
2 -0.730736 -0.919598 0.318992
1 -0.922415 -0.190879 0.30619
5 -0.928804 -0.21542 0.310357
4 -0.893269 -0.43423 0.312236
3 -0.840117 -0.530614 0.317989
4 -0.77662 -0.822052 0.316541
2 -0.764088 -0.810771 0.321078
3 -0.857124 -0.468604 0.314066
1 -0.844572 -0.580781 0.311319
1 -0.783544 -0.650193 0.324826
1 -0.837808 -0.763844 0.305997
1 -0.786001 -0.741475 0.320985
1 -0.812058 -0.507679 0.31577
1 -0.809454 -0.548296 0.313077
6 -0.858651 -0.576941 0.30236
1 -0.865943 -0.41365 0.309976
1 -0.874964 -0.3934 0.308919
2 -0.919664 -0.277444 0.304109
2 -0.831706 -0.535358 0.314602
3 -0.809931 -0.590174 0.314614
1 -0.808564 -0.681241 0.309912
1 -0.869788 -0.523152 0.301255
2 -0.84266 -0.492584 0.311121
4 -0.858836 -0.471525 0.311057
2 -0.844659 -0.510143 0.31086
2 -0.810691 -0.56996 0.31851
2 -0.801892 -0.586994 0.31927
2 -0.774828 -0.860453 0.302889
2 -0.791594 -0.781219 0.306607
1 -0.786581 -0.898543 0.307822
2 -0.753102 -0.852751 0.317775
2 -0.827152 -0.68473 0.308736
6 -0.832266 -0.571713 0.313727
3 -0.890397 -0.449831 0.306606
2 -0.89011 -0.524669 0.305713
8 -0.92977 -0.397207 0.306346
2 -0.886225 -0.459936 0.314454
5 -0.915395 -0.476586 0.303335
4 -0.894442 -0.559003 0.303153
3 -0.922923 -0.485513 0.301945
1 -0.921338 -0.566229 0.303231
2 -0.939415 -0.459036 0.307886
2 -0.826348 -0.728721 0.308925
1 -0.85454 -0.647755 0.304927
1 -0.835421 -0.743322 0.303521
1 -0.765325 -0.781819 0.319998
2 -0.871867 -0.530382 0.311909
1 -0.830222 -0.708126 0.310441
2 -0.817664 -0.77468 0.309696
1 -0.77352 -0.937558 0.312662
1 -0.827457 -0.63583 0.317301
4 -0.846943 -0.484312 0.31577
2 -0.854969 -0.534446 0.314313
3 -0.892845 -0.368536 0.312536
6 -0.881834 -0.44832 0.308385
6 -0.805449 -0.601144 0.315145
3 -0.871113 -0.489201 0.30799
2 -0.901202 -0.408422 0.307204
1 -0.806228 -0.709687 0.312722
2 -0.81488 -0.651047 0.314275
1 -0.836255 -0.692164 0.310764
3 -0.829459 -0.492201 0.321293
4 -0.861046 -0.441319 0.314641
2 -0.722866 -1.25128 0.312802
2 -0.667611 -1.24088 0.315471
2 -0.811085 -0.718666 0.313868
4 -0.743672 -0.932314 0.318423
6 -0.771339 -0.945332 0.314039
1 -0.82312 -0.722164 0.313405
2 -0.857106 -0.525863 0.315154
3 -0.874602 -0.448492 0.309193
1 -0.898991 -0.429179 0.301888
6 -0.899899 -0.365008 0.304195
2 -0.842661 -0.692129 0.309302
1 -0.826109 -0.750531 0.309795
6 -0.868838 -0.429501 0.308868
3 -0.851104 -0.543918 0.309787
1 -0.851091 -0.504044 0.316971
9 -0.907754 -0.319531 0.313925
1 -0.796302 -0.800645 0.314304
1 -0.818279 -0.593983 0.316973
2 -0.815569 -0.486894 0.321755
3 -0.824574 -0.590293 0.318007
7 -0.821996 -0.640263 0.314264
8 -0.801224 -0.643801 0.315951
4 -0.865042 -0.472519 0.312673
4 -0.873205 -0.439072 0.313392
2 -0.92771 -0.302922 0.302846
3 -0.931163 -0.2707 0.302286
3 -0.877472 -0.51266 0.312157
14 -0.837047 -0.546876 0.319889
7 -0.866051 -0.355361 0.311021
4 -0.821738 -0.645198 0.314294
2 -0.821159 -0.961176 0.298363
4 -0.786331 -0.950707 0.303818
1 -0.801178 -0.88361 0.308982
1 -0.848612 -0.667151 0.310715
2 -0.876101 -0.518757 0.310163
3 -0.812242 -0.567983 0.320733
17 -0.868587 -0.372009 0.315279
4 -0.833174 -0.520629 0.316471
3 -0.829967 -0.654656 0.315909
1 -0.828976 -0.641096 0.313689
1 -0.815422 -0.686105 0.311177
2 -0.779314 -0.720383 0.317381
2 -0.801956 -0.80225 0.315714
7 -0.802754 -0.773324 0.311673
1 -0.800504 -0.777864 0.309948
4 -0.809275 -0.698971 0.316689
3 -0.775663 -0.758044 0.316416
1 -0.823277 -0.430554 0.32066
2 -0.758936 -0.723145 0.322048
2 -0.837522 -0.4854 0.316784
1 -0.789862 -0.758553 0.318176
7 -0.737618 -1.10157 0.313938
1 -0.762858 -1.00062 0.314504
1 -0.828399 -0.729596 0.30795
5 -0.863122 -0.594578 0.313073
1 -0.860667 -0.634064 0.309983
3 -0.862387 -0.489581 0.311995
1 -0.878521 -0.477058 0.310417
4 -0.813611 -0.803712 0.308128
1 -0.84386 -0.612307 0.307379
2 -0.830605 -0.696989 0.309237
4 -0.867281 -0.618916 0.306363
4 -0.881258 -0.501051 0.309013
3 -0.852646 -0.524266 0.314331
1 -0.842147 -0.617068 0.315632
3 -0.904104 -0.4066 0.311884
2 -0.893725 -0.453057 0.308238
6 -0.8689 -0.523747 0.312135
1 -0.806149 -0.67933 0.312475
1 -0.819706 -0.63737 0.308842
7 -0.8571 -0.632261 0.305432
4 -0.818976 -0.872376 0.310278
4 -0.748091 -0.877604 0.319629
1 -0.824997 -0.564995 0.322564
2 -0.829514 -0.560314 0.321098
5 -0.874537 -0.350991 0.317553
2 -0.897263 -0.316361 0.309701
1 -0.820066 -0.70773 0.312668
3 -0.833185 -0.754796 0.307516
1 -0.781129 -0.799553 0.314295
4 -0.841627 -0.750936 0.307312
1 -0.884149 -0.611285 0.301457
2 -0.787654 -0.868126 0.309904
5 -0.749327 -0.941388 0.317048
2 -0.770115 -0.933326 0.314966
1 -0.801329 -0.747858 0.317527
2 -0.865571 -0.530554 0.31188
3 -0.869712 -0.524587 0.310001
2 -0.838347 -0.479147 0.31755
3 -0.844366 -0.701525 0.316681
1 -0.837088 -0.925439 0.312437
4 -0.813802 -0.878002 0.316436
1 -0.779431 -0.959179 0.318293
1 -0.66418 -1.2681 0.326912
1 -0.81146 -0.777981 0.319464
2 -0.753728 -0.660778 0.323615
1 -0.71045 -0.867254 0.326905
1 -0.729157 -0.944303 0.322691
2 -0.798357 -0.769768 0.317691
5 -0.771788 -0.95467 0.31086
3 -0.788471 -0.911072 0.311903
4 -0.897866 -0.580626 0.306719
4 -0.905124 -0.465533 0.303987
3 -0.837812 -0.839077 0.309059
6 -0.935469 -0.294062 0.30289
3 -0.89327 -0.503422 0.306372
4 -0.878904 -0.511144 0.306898
7 -0.909234 -0.455372 0.306498
2 -0.807066 -0.846731 0.311888
6 -0.843251 -0.739376 0.306851
1 -0.799464 -0.887913 0.310505
8 -0.88327 -0.660776 0.302706
4 -0.887933 -0.54573 0.29787
1 -0.851856 -0.499655 0.303757
3 -0.886141 -0.262943 0.307952
1 -0.878961 -0.268976 0.309789
2 -0.877597 -0.250677 0.305738
3 -0.891652 -0.351215 0.300583
3 -0.899977 -0.420143 0.296801
6 -0.975205 -0.135019 0.29785
1 -0.977531 -0.0924464 0.306043
2 -0.909954 -0.460968 0.304427
6 -0.847109 -0.656398 0.30261
2 -0.776506 -0.84261 0.312174
4 -0.893043 -0.526545 0.305974
2 -0.93302 -0.355535 0.305348
1 -0.919316 -0.316628 0.306539
4 -0.877188 -0.466415 0.313687
2 -0.870205 -0.475771 0.31606
4 -0.755799 -1.01583 0.311088
3 -0.747577 -1.09748 0.312263
4 -0.757687 -0.857603 0.318287
9 -0.799795 -0.872447 0.311242
2 -0.722779 -1.10491 0.318133
1 -0.782704 -0.711491 0.317256
1 -0.80714 -0.669506 0.315426
1 -0.805341 -0.763686 0.311128
1 -0.835151 -0.618562 0.308158
1 -0.791719 -0.922088 0.310243
1 -0.764092 -0.984121 0.312087
2 -0.798182 -0.830673 0.312135
2 -0.920453 -0.434072 0.303941
1 -0.942089 -0.384121 0.30133
2 -0.841415 -0.741904 0.308534
2 -0.875137 -0.526746 0.309961
5 -0.866311 -0.454281 0.311381
5 -0.879228 -0.414609 0.309855
2 -0.811014 -0.630256 0.319429
2 -0.881209 -0.501101 0.314508
4 -0.844574 -0.67407 0.312388
2 -0.85963 -0.514611 0.311406
4 -0.862751 -0.575515 0.310362
1 -0.85569 -0.571351 0.305926
4 -0.904434 -0.27737 0.312887
2 -0.892069 -0.284991 0.315496
2 -0.922565 -0.144724 0.315293
1 -0.845673 -0.680668 0.309323
2 -0.891853 -0.734081 0.303064
2 -0.909151 -0.624754 0.295236
1 -0.871088 -0.527882 0.300602
2 -0.846938 -0.519219 0.308269
1 -0.783507 -0.647181 0.320718
1 -0.828526 -0.567505 0.309663
4 -0.780834 -0.883443 0.313187
1 -0.740177 -0.963216 0.32031
3 -0.783793 -0.803554 0.314078
1 -0.794504 -0.816869 0.310861
1 -0.812575 -0.750321 0.313376
5 -0.802123 -0.730819 0.315936
1 -0.865926 -0.511908 0.312242
1 -0.915766 -0.458365 0.305075
1 -0.85036 -0.750046 0.304966
5 -0.899092 -0.553116 0.304106
5 -0.870939 -0.626098 0.308613
1 -0.838442 -0.626936 0.310482
1 -0.911321 -0.384826 0.307299
1 -0.926373 -0.42634 0.298664
1 -0.812015 -0.850525 0.307307
1 -0.850226 -0.555685 0.306195
6 -0.900575 -0.373918 0.304816
1 -0.923269 -0.265061 0.304981
3 -0.905376 -0.354288 0.303023
5 -0.813988 -0.80484 0.307841
5 -0.7499 -0.982181 0.312975
1 -0.883349 -0.337857 0.309145
2 -0.950328 -0.182057 0.302381
2 -0.861016 -0.436843 0.31884
1 -0.87151 -0.36787 0.31929
2 -0.837949 -0.466413 0.322582
3 -0.759251 -0.805633 0.319882
8 -0.785964 -0.807105 0.314831
3 -0.783769 -0.857316 0.312903
1 -0.927202 -0.442995 0.297223
5 -0.916049 -0.427953 0.308843
1 -0.824697 -0.581218 0.318408
1 -0.791095 -0.796886 0.310415
3 -0.898033 -0.543019 0.303115
1 -0.917907 -0.375034 0.308101
4 -0.914029 -0.47677 0.303858
2 -0.856418 -0.45709 0.310855
3 -0.889867 -0.405989 0.305393
2 -0.800066 -0.951079 0.307733
5 -0.83285 -0.667683 0.306515
1 -0.827187 -0.695677 0.307945
1 -0.832376 -0.673169 0.305239
1 -0.873232 -0.759618 0.299849
4 -0.869843 -0.757834 0.299383
1 -0.901692 -0.525919 0.303438
1 -0.901116 -0.464259 0.305547
1 -0.894704 -0.528815 0.305462
4 -0.933999 -0.257836 0.303745
3 -0.897575 -0.436303 0.302987
3 -0.873171 -0.494593 0.305137
2 -0.890588 -0.468287 0.308486
1 -0.889926 -0.566347 0.301193
3 -0.866339 -0.595296 0.30531
1 -0.838317 -0.651429 0.311681
1 -0.842642 -0.582211 0.312428
4 -0.789726 -0.786789 0.313906
6 -0.822444 -0.549481 0.313845
3 -0.858092 -0.446391 0.316515
1 -0.826064 -0.582946 0.321744
3 -0.916455 -0.233294 0.317749
5 -0.799324 -0.615342 0.318831
2 -0.75406 -0.891674 0.315936
1 -0.792631 -0.704433 0.315056
3 -0.869766 -0.55028 0.310099
1 -0.774342 -0.737285 0.316364
1 -0.757657 -0.747871 0.319106
1 -0.727955 -0.926176 0.323114
3 -0.757445 -0.990991 0.316202
2 -0.739147 -0.878755 0.319811
5 -0.753158 -0.771417 0.319348
3 -0.767123 -0.953297 0.312631
4 -0.771192 -0.931313 0.312813
3 -0.889848 -0.240373 0.309456
3 -0.884901 -0.378981 0.307346
1 -0.890101 -0.343039 0.303527
1 -0.870619 -0.366471 0.307935
2 -0.858846 -0.619043 0.304124
4 -0.757399 -0.91986 0.309499
17 -0.831666 -0.508092 0.311243
2 -0.90868 -0.229507 0.311798
2 -0.802876 -0.575753 0.323541
1 -0.803179 -0.659565 0.32136
1 -0.772524 -0.764792 0.318851
7 -0.779019 -0.814132 0.317687
1 -0.711098 -0.994491 0.320565
1 -0.698409 -1.04148 0.322605
2 -0.804089 -0.852575 0.305464
1 -0.784246 -0.825681 0.313793
3 -0.822053 -0.501897 0.314481
5 -0.823937 -0.593451 0.311208
3 -0.816714 -0.523438 0.315265
1 -0.913634 -0.324448 0.307052
5 -0.84396 -0.494589 0.308455
2 -0.726854 -0.89333 0.323284
1 -0.77936 -0.693517 0.309728
2 -0.737162 -1.01195 0.311389
3 -0.755656 -0.920411 0.312586
1 -0.783464 -0.845156 0.312228
2 -0.871053 -0.349609 0.314916
1 -0.834938 -0.531609 0.318126
1 -0.785177 -0.891912 0.31141
3 -0.775325 -0.995835 0.303522
1 -0.797611 -0.943717 0.299923
3 -0.796329 -0.780603 0.304061
1 -0.873346 -0.301988 0.310472
3 -0.827199 -0.681243 0.306983
1 -0.787012 -0.720083 0.310637
2 -0.845216 -0.591299 0.305149
2 -0.732382 -1.08656 0.318373
1 -0.744462 -1.13735 0.310971
2 -0.785282 -0.941213 0.31364
2 -0.699618 -1.07334 0.322115
4 -0.694841 -1.09477 0.323469
6 -0.797912 -0.795499 0.314518
2 -0.782152 -0.804403 0.311386
2 -0.772457 -0.836904 0.31232
2 -0.774227 -0.837846 0.312815
2 -0.863114 -0.604925 0.305443
2 -0.70341 -1.09118 0.324425
4 -0.769732 -0.781341 0.318051
2 -0.830009 -0.609094 0.306411
4 -0.924268 -0.340256 0.300227
1 -0.916933 -0.231592 0.30933
2 -0.842722 -0.583339 0.311704
2 -0.827256 -0.635355 0.314761
1 -0.804202 -0.801726 0.312714
1 -0.815368 -0.608827 0.312016
2 -0.791719 -0.633429 0.317672
2 -0.90684 -0.417973 0.3039
3 -0.869426 -0.440072 0.308577
1 -0.883254 -0.41402 0.311364
1 -0.822473 -0.578038 0.319124
2 -0.815589 -0.65385 0.31677
9 -0.849971 -0.432736 0.316307
3 -0.870276 -0.390532 0.311133
2 -0.865923 -0.390841 0.311876
4 -0.823867 -0.577575 0.311851
1 -0.919829 -0.408776 0.304358
2 -0.882495 -0.594972 0.301241
2 -0.824818 -0.895838 0.308031
1 -0.812697 -0.934653 0.308184
1 -0.883613 -0.522011 0.306576
3 -0.863394 -0.474935 0.309297
3 -0.856414 -0.485779 0.31013
4 -0.855715 -0.506624 0.307944
10 -0.913702 -0.336851 0.307249
2 -0.910119 -0.501538 0.308306
1 -0.830325 -0.819926 0.311946
3 -0.705276 -1.08337 0.320885
1 -0.784451 -0.974076 0.312038
8 -0.83033 -0.727125 0.310654
2 -0.806744 -0.807028 0.310663
1 -0.872434 -0.504332 0.303637
1 -0.807106 -0.708971 0.302945
1 -0.756071 -0.803058 0.309833
7 -0.782106 -0.76009 0.315302
2 -0.883844 -0.302459 0.311294
2 -0.881389 -0.393143 0.309747
1 -0.838724 -0.442851 0.314518
5 -0.839199 -0.516469 0.315573
1 -0.878152 -0.449531 0.311242
6 -0.812501 -0.677734 0.314367
2 -0.87062 -0.546932 0.310263
2 -0.868592 -0.551239 0.31142
1 -0.886969 -0.511876 0.308394
2 -0.858587 -0.571153 0.307181
2 -0.79189 -0.757903 0.314955
1 -0.760158 -0.847687 0.314461
2 -0.772314 -0.76607 0.313678
3 -0.776391 -0.825852 0.317187
1 -0.796812 -0.530738 0.324907
3 -0.792511 -0.711566 0.317415
2 -0.844484 -0.510447 0.31359
5 -0.803524 -0.716672 0.309972
6 -0.834502 -0.544552 0.315223
2 -0.841626 -0.537993 0.311286
3 -0.82541 -0.617017 0.313554
9 -0.828722 -0.440005 0.317709
2 -0.829946 -0.430126 0.322804
4 -0.814666 -0.483268 0.323405
4 -0.839861 -0.575131 0.321595
2 -0.917759 -0.139028 0.322885
4 -0.877709 -0.326695 0.321152
3 -0.836542 -0.532311 0.318273
1 -0.8545 -0.527139 0.313125
3 -0.815253 -0.695042 0.308578
4 -0.789455 -0.743321 0.309882
2 -0.652862 -1.28661 0.319324
1 -0.760847 -0.821298 0.318603
4 -0.746028 -0.820556 0.321089
1 -0.724326 -1.04621 0.320495
2 -0.881059 -0.549659 0.301322
7 -0.940788 -0.393831 0.300308
2 -0.899026 -0.438187 0.309366
6 -0.837076 -0.485628 0.321352
2 -0.784965 -0.785242 0.316201
2 -0.754546 -0.845603 0.324081
3 -0.812087 -0.776153 0.310216
4 -0.864626 -0.514529 0.304661
1 -0.877614 -0.523957 0.306966
1 -0.833187 -0.69226 0.3126
7 -0.777722 -0.739172 0.321097
6 -0.680068 -1.17428 0.321561
6 -0.797935 -0.998638 0.308245
8 -0.792298 -0.73782 0.316677
3 -0.908313 -0.409945 0.310672
4 -0.884148 -0.419913 0.317682
6 -0.770492 -0.747774 0.323701
2 -0.876483 -0.342383 0.317527
1 -0.785925 -0.776526 0.317523
1 -0.768412 -0.8539 0.319657
3 -0.77986 -0.747551 0.314714
2 -0.816857 -0.658405 0.309048
2 -0.840271 -0.546004 0.312155
1 -0.836251 -0.551882 0.311125
3 -0.903282 -0.325932 0.309272
4 -0.869955 -0.489622 0.310756
1 -0.877023 -0.540169 0.310844
3 -0.784975 -0.71032 0.321848
1 -0.803268 -0.63085 0.316183
4 -0.817495 -0.595417 0.313901
12 -0.782938 -0.689913 0.31508
1 -0.797338 -0.938699 0.307555
2 -0.869672 -0.635627 0.30189
7 -0.755491 -0.871292 0.311843
2 -0.752672 -0.795404 0.321256
1 -0.871212 -0.412959 0.306715
2 -0.828481 -0.49439 0.312928
1 -0.853456 -0.568254 0.304895
2 -0.956354 -0.267734 0.305604
3 -0.939265 -0.349811 0.302687
1 -0.99105 -0.259818 0.296672
2 -0.929811 -0.294011 0.299807
4 -0.963201 -0.135943 0.294904
6 -0.89433 -0.233174 0.310273
1 -0.880566 -0.321835 0.306726
11 -0.797644 -0.668604 0.313519
2 -0.781101 -0.84054 0.311883
1 -0.892881 -0.454751 0.302459
1 -0.878871 -0.509826 0.306835
1 -0.741626 -0.918452 0.314329
2 -0.872984 -0.368553 0.306757
3 -0.898336 -0.304585 0.304359
6 -0.831749 -0.638228 0.315288
1 -0.813767 -0.669831 0.314274
8 -0.810043 -0.674026 0.314278
9 -0.785408 -0.811447 0.313812
4 -0.872866 -0.513985 0.304959
1 -0.810962 -0.781997 0.307442
2 -0.779009 -0.785039 0.315988
2 -0.836287 -0.72661 0.306781
1 -0.843179 -0.721801 0.301057
2 -0.869351 -0.594945 0.304817
5 -0.931343 -0.408376 0.301859
1 -0.880622 -0.36218 0.308685
10 -0.884421 -0.418126 0.310473
5 -0.866578 -0.586946 0.308077
2 -0.836332 -0.678335 0.310733
1 -0.845908 -0.577905 0.3119
4 -0.774992 -0.794611 0.316584
4 -0.804878 -0.833576 0.309061
2 -0.864332 -0.517406 0.306593
2 -0.925795 -0.335882 0.303731
1 -0.906692 -0.254501 0.307812
1 -0.912587 -0.26745 0.307576
5 -0.872 -0.404393 0.312809
1 -0.770388 -0.799214 0.319368
6 -0.796843 -0.629219 0.320041
4 -0.926353 -0.307482 0.305153
6 -0.854357 -0.594654 0.309305
2 -0.841888 -0.520649 0.31656
1 -0.776164 -0.842264 0.311585
1 -0.786974 -0.830643 0.310589
1 -0.758784 -0.846465 0.312109
1 -0.807566 -0.677833 0.307604
3 -0.789752 -0.733407 0.314854
15 -0.818758 -0.628435 0.31408
1 -0.830521 -0.547395 0.31573
2 -0.749187 -0.933115 0.316226
4 -0.858914 -0.599141 0.311908
2 -0.869849 -0.343655 0.316176
5 -0.841932 -0.555106 0.3139
1 -0.805692 -0.788334 0.309137
1 -0.816859 -0.755852 0.307327
4 -0.748282 -0.841234 0.322584
1 -0.770781 -0.698308 0.314955
8 -0.853937 -0.316072 0.316171
6 -0.796285 -0.627118 0.31332
2 -0.781318 -0.772554 0.315654
3 -0.781415 -0.78851 0.318511
4 -0.733953 -0.971501 0.323335
6 -0.709579 -1.08414 0.324181
2 -0.833595 -0.532735 0.317232
1 -0.937395 -0.228992 0.30651
7 -0.921745 -0.392459 0.297579
8 -0.877179 -0.376461 0.307168
1 -0.853265 -0.511909 0.307103
3 -0.878064 -0.506469 0.306077
1 -0.848809 -0.573422 0.308113
3 -0.873187 -0.515426 0.314207
5 -0.853412 -0.614259 0.308163
2 -0.840979 -0.637746 0.306527
1 -0.914671 -0.393589 0.30361
3 -0.81699 -0.46796 0.320035
3 -0.867669 -0.364346 0.315477
2 -0.854533 -0.343737 0.317852
2 -0.876516 -0.34655 0.314025
3 -0.882015 -0.511789 0.309775
3 -0.820587 -0.661888 0.317038
4 -0.800471 -0.724986 0.313427
5 -0.817628 -0.81571 0.308821
3 -0.916462 -0.272201 0.308603
4 -0.889058 -0.411169 0.307248
3 -0.849433 -0.480256 0.30972
4 -0.76368 -0.812533 0.317321
1 -0.830801 -0.511041 0.315532
4 -0.902248 -0.414587 0.304666
4 -0.870117 -0.589185 0.303175
3 -0.811522 -0.695103 0.311257
2 -0.824357 -0.644037 0.30945
4 -0.842069 -0.531579 0.310385
3 -0.852021 -0.501327 0.310055
3 -0.834027 -0.639268 0.309997
1 -0.875869 -0.449092 0.311616
1 -0.829185 -0.625657 0.310796
1 -0.81732 -0.590547 0.314604
1 -0.824437 -0.622177 0.316067
6 -0.888157 -0.455083 0.307907
1 -0.752054 -0.732003 0.319969
4 -0.794496 -0.733286 0.309402
1 -0.779058 -0.802632 0.310234
1 -0.840104 -0.589017 0.304869
5 -0.920948 -0.249078 0.302623
3 -0.898614 -0.321597 0.30141
1 -0.846252 -0.934455 0.297737
4 -0.81211 -0.914236 0.294367
6 -0.787598 -0.833496 0.300499
1 -0.814321 -0.628483 0.314211
5 -0.893567 -0.29418 0.313754
11 -0.902575 -0.239974 0.314695
3 -0.890261 -0.294769 0.314688
2 -0.933553 -0.236651 0.307665
2 -0.912253 -0.437041 0.311003
1 -0.910843 -0.493756 0.308047
2 -0.954483 -0.396546 0.299272
6 -0.865663 -0.460366 0.303798
7 -0.833966 -0.557316 0.314478
1 -0.799863 -0.675523 0.308611
1 -0.828132 -0.67009 0.308914
2 -0.883119 -0.41088 0.306809
6 -0.901817 -0.433044 0.299074
3 -0.825637 -0.628853 0.31719
5 -0.859252 -0.535555 0.312164
1 -0.864114 -0.664073 0.302674
1 -0.830677 -0.661193 0.305806
2 -0.933691 -0.247828 0.30567
1 -0.91798 -0.356272 0.306214
4 -0.905356 -0.538467 0.299752
1 -0.790087 -0.772046 0.305228
1 -0.755898 -0.954392 0.308582
6 -0.774018 -0.860819 0.308805
2 -0.818022 -0.782201 0.304048
2 -0.830428 -0.694969 0.3062
1 -0.832604 -0.555685 0.310736
2 -0.797425 -0.744933 0.311797
1 -0.814435 -0.73234 0.310686
2 -0.859964 -0.487856 0.311676
1 -0.776899 -0.715717 0.317024
2 -0.773779 -0.726708 0.324253
1 -0.797848 -0.582031 0.319728
2 -0.833458 -0.757299 0.310024
3 -0.878079 -0.49609 0.312238
6 -0.827171 -0.639069 0.315349
1 -0.790839 -0.809918 0.316731
1 -0.761684 -0.934496 0.314372
8 -0.812698 -0.629209 0.309693
1 -0.813133 -0.563347 0.314297
1 -0.803793 -0.564731 0.321363
1 -0.850423 -0.467821 0.316509
3 -0.846563 -0.365759 0.318839
2 -0.714057 -0.936429 0.317471
3 -0.764925 -0.831557 0.312545
1 -0.888068 -0.413983 0.303097
11 -0.895082 -0.377271 0.305782
3 -0.887337 -0.434038 0.306842
11 -0.848785 -0.575773 0.308015
1 -0.817032 -0.595807 0.311557
5 -0.860436 -0.384351 0.314759
3 -0.952873 -0.42185 0.298085
3 -0.897509 -0.326825 0.306541
3 -0.958428 -0.145968 0.304109
1 -0.940177 -0.195797 0.306101
1 -0.915124 -0.323347 0.298519
2 -0.910937 -0.346179 0.297733
3 -0.919364 -0.356509 0.301852
1 -0.880745 -0.560796 0.301013
4 -0.891302 -0.449934 0.305539
10 -0.880318 -0.365717 0.311172
1 -0.885259 -0.494248 0.303985
3 -0.922456 -0.378422 0.303839
1 -0.914595 -0.410914 0.306572
2 -0.933952 -0.346854 0.306073
2 -0.98436 -0.0592161 0.302475
3 -0.943822 -0.24361 0.296323
1 -0.889371 -0.299167 0.306258
1 -0.844357 -0.388453 0.319993
2 -0.853751 -0.375337 0.319637
3 -0.940626 -0.119995 0.31058
3 -0.871838 -0.39367 0.311484
3 -0.819499 -0.518336 0.321579
1 -0.791112 -0.667047 0.324078
12 -0.843461 -0.669078 0.311211
8 -0.789975 -0.947465 0.306505
1 -0.810821 -0.882109 0.306249
12 -0.833261 -0.654602 0.309217
2 -0.841569 -0.625973 0.308257
1 -0.769629 -0.96143 0.312074
1 -0.752339 -0.90916 0.310133
1 -0.7265 -0.981656 0.312016
1 -0.83063 -0.861066 0.305133
3 -0.749792 -1.04861 0.314679
2 -0.808202 -0.886507 0.307089
1 -0.762738 -0.906446 0.317016
3 -0.780232 -0.781741 0.319341
9 -0.812683 -0.83014 0.311447
3 -0.926442 -0.4534 0.29909
1 -0.975996 -0.103647 0.300501
1 -0.871067 -0.344902 0.309644
3 -0.8909 -0.339103 0.316337
1 -0.843981 -0.663251 0.316754
3 -0.849319 -0.527603 0.308545
2 -0.827564 -0.589448 0.309456
3 -0.826095 -0.626448 0.315299
2 -0.789278 -0.745746 0.319992
2 -0.785868 -0.739133 0.319932
2 -0.742232 -1.09368 0.321695
1 -0.800128 -0.95098 0.310671
6 -0.858773 -0.573358 0.315345
4 -0.859606 -0.741775 0.308368
2 -0.836301 -0.648154 0.312727
9 -0.898014 -0.532772 0.303883
7 -0.873189 -0.661298 0.30992
4 -0.834941 -0.862595 0.314176
1 -0.829418 -0.807948 0.313041
2 -0.759969 -1.07249 0.314654
3 -0.733867 -1.11817 0.311988
1 -0.796045 -0.844831 0.312332
1 -0.8627 -0.526633 0.308278
1 -0.864822 -0.633741 0.308403
3 -0.852056 -0.657745 0.310786
1 -0.772707 -0.827065 0.318694
2 -0.806723 -0.656114 0.319345
1 -0.835468 -0.607358 0.315704
1 -0.771812 -0.774799 0.320994
10 -0.716015 -0.960213 0.318999
1 -0.789218 -0.749764 0.325065
2 -0.83079 -0.53468 0.323795
1 -0.805716 -0.715311 0.315533
1 -0.85402 -0.531275 0.310225
1 -0.75909 -0.979486 0.307324
2 -0.840173 -0.525924 0.303469
1 -0.884348 -0.462518 0.303668
1 -0.927375 -0.332952 0.306396
4 -0.905025 -0.381679 0.309163
2 -0.8529 -0.591363 0.311457
2 -0.815736 -0.689752 0.313422
6 -0.856709 -0.611831 0.307383
1 -0.840164 -0.713561 0.304314
1 -0.827737 -0.710719 0.309737
7 -0.845573 -0.658753 0.309874
1 -0.864223 -0.687609 0.307704
2 -0.847123 -0.847794 0.303576
9 -0.736602 -1.1274 0.316475
7 -0.812041 -0.799099 0.314673
1 -0.760706 -0.919249 0.316233
5 -0.777581 -0.804959 0.317678
1 -0.763672 -0.774386 0.319036
3 -0.768917 -0.912605 0.31155
3 -0.888247 -0.361919 0.314645
5 -0.776605 -0.803407 0.314185
1 -0.790717 -0.766878 0.31301
2 -0.856209 -0.824907 0.302714
3 -0.807273 -0.955999 0.310457
4 -0.83449 -0.680772 0.315462
1 -0.765925 -0.803594 0.324403
1 -0.819228 -0.634121 0.321219
1 -0.822869 -0.850043 0.312253
1 -0.867017 -0.538229 0.310865
1 -0.8973 -0.605225 0.304204
1 -0.89251 -0.525388 0.303898
2 -0.876189 -0.457766 0.312417
3 -0.748315 -0.957284 0.320305
3 -0.746472 -0.970102 0.319731
1 -0.708771 -1.20819 0.316522
1 -0.887809 -0.397429 0.301993
10 -0.96195 -0.100985 0.300505
3 -0.909777 -0.304894 0.309789
1 -0.903197 -0.436738 0.309887
5 -0.80871 -0.749747 0.314903
7 -0.762534 -0.950676 0.317273
1 -0.817823 -0.622513 0.313881
3 -0.811154 -0.678459 0.314934
3 -0.848165 -0.557037 0.314221
1 -0.846855 -0.551377 0.313896
1 -0.815824 -0.738621 0.310039
3 -0.861594 -0.605159 0.306111
1 -0.891627 -0.511438 0.305854
2 -0.771156 -0.930119 0.308309
1 -0.726335 -1.03507 0.317111
8 -0.70584 -1.07009 0.317627
1 -0.750159 -0.771573 0.320723
2 -0.791937 -0.763898 0.312621
3 -0.873196 -0.486159 0.306495
3 -0.906814 -0.446249 0.301938
4 -0.858474 -0.475553 0.316359
1 -0.832473 -0.509827 0.314396
1 -0.809785 -0.5143 0.317781
3 -0.817472 -0.507539 0.317805
1 -0.784323 -0.763957 0.315176
3 -0.806108 -0.669176 0.312782
1 -0.83541 -0.488275 0.314873
3 -0.8363 -0.650256 0.319033
1 -0.866937 -0.656567 0.309544
2 -0.816265 -0.850816 0.305022
3 -0.739777 -1.2295 0.306425
5 -0.763133 -1.13691 0.304389
2 -0.844195 -0.905724 0.299024
3 -0.777601 -1.12705 0.303238
4 -0.860641 -0.675122 0.305754
2 -0.821481 -0.591855 0.318284
2 -0.895612 -0.462444 0.305017
2 -0.828264 -0.562773 0.317394
3 -0.830205 -0.538701 0.319633
1 -0.855129 -0.599461 0.314493
5 -0.779016 -0.958089 0.310242
1 -0.896925 -0.321283 0.312783
1 -0.89954 -0.294695 0.316565
7 -0.824137 -0.600479 0.313249
2 -0.825962 -0.5454 0.317217
4 -0.724765 -1.21384 0.313234
3 -0.722906 -1.12562 0.318765
2 -0.722914 -1.07044 0.318131
6 -0.713019 -1.00831 0.314308
1 -0.814544 -0.851621 0.313686
2 -0.80754 -0.798846 0.313848
7 -0.785957 -0.819895 0.315446
5 -0.901242 -0.23361 0.310448
3 -0.822252 -0.619791 0.313377
1 -1.00508 -0.0403963 0.305323
5 -0.953452 -0.291899 0.303836
4 -0.998419 -0.11299 0.304528
3 -0.95011 -0.271974 0.305209
1 -0.888619 -0.412789 0.308777
2 -0.829387 -0.430853 0.318837
2 -0.836622 -0.622123 0.311345
1 -0.809779 -0.69538 0.317453
5 -0.868523 -0.417877 0.309957
8 -0.794938 -0.718067 0.316957
1 -0.810161 -0.864561 0.312147
1 -0.816547 -0.835238 0.311968
2 -0.82101 -0.70387 0.309031
1 -0.847553 -0.631067 0.306865
1 -0.862566 -0.617977 0.312015
4 -0.861994 -0.626404 0.314828
3 -0.814113 -0.88729 0.312351
2 -0.848992 -0.869475 0.300321
5 -0.892462 -0.594082 0.303748
9 -0.876497 -0.531884 0.30916
1 -0.824752 -0.744017 0.309679
2 -0.809654 -0.813525 0.30986
2 -0.848632 -0.755075 0.308579
1 -0.794642 -0.887184 0.315765
1 -0.875492 -0.603219 0.31021
4 -0.882803 -0.569809 0.308578
1 -0.819978 -0.848749 0.310512
2 -0.861004 -0.626407 0.31057
3 -0.88476 -0.50714 0.310797
1 -0.882926 -0.520389 0.310951
1 -0.855659 -0.516053 0.316392
2 -0.815052 -0.839164 0.308397
6 -0.9155 -0.484927 0.299943
4 -0.879069 -0.575534 0.301378
8 -0.784208 -0.76847 0.314802
2 -0.769732 -0.849008 0.316237
2 -0.874851 -0.39745 0.316891
1 -0.902023 -0.217669 0.313534
1 -0.95101 -0.193791 0.305221
1 -0.914623 -0.459898 0.298513
14 -0.933803 -0.444786 0.297534
2 -0.951402 -0.255893 0.302048
1 -0.858391 -0.706316 0.301764
5 -0.855185 -0.616218 0.310977
6 -0.83608 -0.607947 0.314121
4 -0.810706 -0.53287 0.320686
6 -0.888712 -0.447127 0.314675
2 -0.934354 -0.288136 0.310501
3 -0.825316 -0.545756 0.313066
13 -0.86485 -0.415209 0.309196
1 -0.859391 -0.528288 0.305054
5 -0.858588 -0.697074 0.303371
10 -0.921394 -0.350017 0.3035
1 -0.869681 -0.529041 0.305452
6 -0.848939 -0.675799 0.305836
9 -0.896663 -0.382982 0.3082
3 -0.876069 -0.437781 0.309273
1 -0.918656 -0.379705 0.305675
3 -0.816224 -0.685429 0.312011
1 -0.84646 -0.512016 0.311582
4 -0.847582 -0.569322 0.307713
1 -0.913634 -0.357598 0.308191
1 -0.941809 -0.283296 0.305029
2 -0.892726 -0.477874 0.306379
2 -0.853594 -0.628311 0.312866
1 -0.836214 -0.670388 0.305731
6 -0.84309 -0.594114 0.305814
3 -0.853212 -0.579099 0.307463
6 -0.937235 -0.194717 0.307495
1 -0.924135 -0.296272 0.304231
1 -0.921255 -0.400743 0.297144
1 -0.93231 -0.327878 0.300691
1 -0.824239 -0.621689 0.30954
1 -0.932985 -0.306524 0.300722
1 -0.880368 -0.385358 0.315771
1 -0.86716 -0.41871 0.316498
1 -0.859145 -0.39179 0.314075
2 -0.87515 -0.316314 0.312287
3 -0.806895 -0.569883 0.314556
1 -0.909137 -0.404699 0.309538
1 -0.91711 -0.256542 0.314488
7 -0.951186 -0.209921 0.30493
2 -0.824484 -0.517039 0.311548
2 -0.821317 -0.557863 0.310879
1 -0.811111 -0.593844 0.31025
1 -0.806656 -0.601377 0.310919
4 -0.780474 -0.809015 0.3076
3 -0.704129 -1.12375 0.313958
3 -0.801569 -0.819882 0.312189
1 -0.842896 -0.802598 0.306004
2 -0.821025 -0.766197 0.305062
4 -0.812163 -0.745267 0.3108
2 -0.864057 -0.578976 0.308923
1 -0.820994 -0.683968 0.311027
2 -0.787277 -0.717288 0.31827
1 -0.803318 -0.7854 0.31033
3 -0.809135 -0.82834 0.304526
1 -0.804328 -0.804799 0.307211
1 -0.750118 -0.805445 0.310994
2 -0.734604 -1.02723 0.312902
2 -0.851061 -0.487921 0.308366
1 -0.85309 -0.483139 0.30856
1 -0.826418 -0.547957 0.308751
2 -0.853836 -0.504201 0.307997
3 -0.840293 -0.564231 0.308224
6 -0.893039 -0.376548 0.307376
6 -0.831481 -0.481966 0.317611
2 -0.998621 -0.108558 0.303575
1 -0.840468 -0.560653 0.315275
2 -0.844814 -0.477698 0.313878
4 -0.856872 -0.508316 0.31356
1 -0.89347 -0.418294 0.307417
1 -0.979974 -0.136845 0.303409
2 -0.90554 -0.327919 0.306652
6 -0.863872 -0.704986 0.297561
2 -0.806382 -0.772811 0.313103
2 -0.883681 -0.523745 0.310491
7 -0.820742 -0.533313 0.320661
1 -0.758542 -0.73429 0.319275
1 -0.768986 -0.741919 0.317149
3 -0.822682 -0.50603 0.320178
1 -0.871256 -0.433709 0.310712
2 -0.816485 -0.518306 0.316047
6 -0.833467 -0.509833 0.30971
2 -0.784188 -0.710816 0.314266
2 -0.856725 -0.564272 0.306059
2 -0.848685 -0.532722 0.309229
1 -0.79837 -0.76577 0.311108
7 -0.809277 -0.645993 0.312575
3 -0.739785 -0.930878 0.318097
1 -0.83045 -0.718739 0.311627
1 -0.873399 -0.6025 0.305688
4 -0.848764 -0.613046 0.30665
1 -0.814721 -0.671034 0.308884
3 -0.89083 -0.287267 0.308622
2 -0.807055 -0.861903 0.302373
6 -0.857065 -0.769678 0.306431
1 -0.809423 -0.869639 0.309492
2 -0.849749 -0.536634 0.308356
2 -0.89434 -0.412711 0.30595
4 -0.891036 -0.363247 0.310573
1 -0.853573 -0.426823 0.314945
5 -0.836086 -0.547726 0.312921
1 -0.839397 -0.622874 0.310414
4 -0.877433 -0.518087 0.311797
1 -0.937491 -0.23616 0.30541
2 -0.922083 -0.360079 0.307324
2 -0.891381 -0.415739 0.310204
2 -0.822269 -0.772856 0.317223
2 -0.808019 -0.868724 0.31342
1 -0.82784 -0.589369 0.312656
1 -0.90242 -0.53381 0.301115
7 -0.849728 -0.669688 0.307549
1 -0.795529 -0.751172 0.31437
2 -0.819168 -0.615801 0.31654
4 -0.960448 -0.148044 0.307547
2 -0.829823 -0.574605 0.307794
6 -0.730641 -0.996072 0.313104
4 -0.786887 -0.720299 0.3199
1 -0.873799 -0.398103 0.306665
1 -0.832553 -0.521206 0.316293
6 -0.873551 -0.414663 0.314628
6 -0.823935 -0.6732 0.307106
1 -0.853783 -0.527018 0.308409
4 -0.838561 -0.532892 0.310568
2 -0.871926 -0.526927 0.309082
5 -0.789281 -0.969018 0.310023
10 -0.864953 -0.621963 0.313194
5 -0.879959 -0.438644 0.311226
4 -0.892084 -0.454173 0.309076
1 -0.913747 -0.237876 0.313053
4 -0.893317 -0.338233 0.309949
7 -0.866318 -0.592259 0.304004
2 -0.944724 -0.162039 0.311055
9 -0.818181 -0.601568 0.311643
1 -0.844037 -0.588532 0.308568
1 -0.869249 -0.469019 0.316443
5 -0.821968 -0.489384 0.319952
2 -0.882881 -0.351894 0.310425
2 -0.842431 -0.4143 0.320822
5 -0.837698 -0.513076 0.316461
3 -0.826692 -0.689648 0.310452
5 -0.788655 -0.812331 0.309988
1 -0.763303 -0.905097 0.312184
2 -0.812985 -0.696663 0.311463
1 -0.917523 -0.430874 0.307139
2 -0.922744 -0.370327 0.306167
2 -0.817366 -0.65885 0.315637
1 -0.755129 -0.744245 0.318801
11 -0.680443 -0.926883 0.32963
3 -0.768434 -0.74559 0.327386
3 -0.882124 -0.45699 0.312579
2 -0.871914 -0.417253 0.315474
2 -0.919845 -0.455521 0.300881
2 -0.962856 -0.245784 0.301085
2 -0.959087 -0.263536 0.304915
2 -0.83706 -0.663976 0.314071
3 -0.899133 -0.481503 0.313933
1 -0.828083 -0.781035 0.311552
3 -0.785711 -0.701511 0.313169
1 -0.785821 -0.711902 0.312473
2 -0.814833 -0.597375 0.317292
1 -0.813031 -0.730281 0.318313
2 -0.77891 -0.854443 0.319653
3 -0.698968 -1.05361 0.319122
2 -0.776848 -0.704161 0.320842
5 -0.870414 -0.428998 0.31378
6 -0.835129 -0.518057 0.31205
2 -0.834539 -0.644718 0.311833
1 -0.849294 -0.702024 0.305971
4 -0.847752 -0.665562 0.312593
5 -0.762627 -0.907651 0.315088
1 -0.834896 -0.633707 0.314642
2 -0.818384 -0.676914 0.317922
1 -0.857239 -0.559513 0.306676
8 -0.881657 -0.516154 0.306847
2 -0.921204 -0.282744 0.309465
2 -0.923417 -0.34812 0.305518
2 -0.852608 -0.553296 0.310118
11 -0.877705 -0.512731 0.30832
5 -0.850327 -0.430839 0.309513
3 -0.879228 -0.363643 0.310026
1 -0.897988 -0.274913 0.306663
1 -0.905983 -0.251492 0.306454
5 -0.955419 -0.18977 0.295527
1 -0.777451 -0.710888 0.314551
1 -0.756001 -0.946202 0.314312
1 -0.76196 -0.980658 0.30818
1 -0.906623 -0.459679 0.300555
4 -0.876131 -0.630779 0.305118
1 -0.759128 -0.864836 0.311063
3 -0.804746 -0.730459 0.307099
1 -0.859907 -0.562377 0.305748
6 -0.885947 -0.335851 0.313615
5 -0.824365 -0.70376 0.303006
3 -0.866702 -0.40718 0.313646
4 -0.849767 -0.516044 0.313275
1 -0.879632 -0.552754 0.301976
3 -0.871187 -0.517991 0.307585
1 -0.864709 -0.652183 0.308463
2 -0.794156 -0.638234 0.316103
2 -0.799424 -0.891782 0.309196
2 -0.829687 -0.632705 0.312475
4 -0.829857 -0.62073 0.31329
1 -0.826149 -0.611944 0.310919
1 -0.901911 -0.391266 0.305909
3 -0.89146 -0.37758 0.306014
6 -0.808661 -0.592883 0.318713
1 -0.868824 -0.369511 0.314113
2 -0.899805 -0.273969 0.311448
10 -0.91005 -0.307172 0.310209
3 -0.795008 -0.653979 0.321009
7 -0.816505 -0.549164 0.319097
4 -0.813568 -0.568936 0.319068
2 -0.794255 -0.647701 0.319723
3 -0.801924 -0.746455 0.316826
2 -0.825468 -0.715249 0.313324
4 -0.852248 -0.537279 0.306016
4 -0.846645 -0.632963 0.305808
2 -0.791793 -0.775918 0.311835
1 -0.8195 -0.631742 0.310799
5 -0.859162 -0.604904 0.310503
1 -0.913526 -0.432289 0.302492
5 -0.867646 -0.472291 0.307447
1 -0.875162 -0.379633 0.313256
1 -0.797955 -0.72638 0.309022
1 -0.832304 -0.666693 0.307038
1 -0.874117 -0.511952 0.303818
5 -0.880448 -0.482904 0.30357
1 -0.870596 -0.530019 0.304583
4 -0.842232 -0.466667 0.317655
1 -0.829261 -0.527631 0.316876
1 -0.903972 -0.353625 0.313455
1 -0.912449 -0.37182 0.307895
2 -0.923348 -0.373183 0.306405
5 -0.872855 -0.597056 0.306938
2 -0.885285 -0.549251 0.306611
4 -0.925658 -0.341951 0.303114
11 -0.864834 -0.512461 0.30865
4 -0.859957 -0.485232 0.314404
1 -0.809202 -0.70502 0.306254
3 -0.907555 -0.431213 0.302034
4 -0.833355 -0.613678 0.308131
2 -0.8374 -0.557161 0.308965
10 -0.819725 -0.680071 0.308402
5 -0.850493 -0.505346 0.307529
2 -0.840446 -0.602327 0.307324
1 -0.859006 -0.732918 0.303236
1 -0.823872 -0.74091 0.311048
1 -0.798619 -0.824466 0.312097
1 -0.888433 -0.319792 0.317162
8 -0.907293 -0.286545 0.314896
1 -0.834743 -0.608075 0.321985
1 -0.867839 -0.618217 0.306865
6 -0.76019 -1.05695 0.310398
2 -0.73977 -1.15519 0.313374
2 -0.832878 -0.755401 0.303204
1 -0.830274 -0.782272 0.306309
8 -0.928152 -0.368646 0.305828
1 -0.896039 -0.537049 0.303037
1 -0.851456 -0.664546 0.306438
1 -0.822221 -0.563468 0.313091
1 -0.786001 -0.735432 0.315741
2 -0.816861 -0.55965 0.312954
3 -0.800633 -0.708547 0.307567
3 -0.885878 -0.379839 0.311393
2 -0.884168 -0.44206 0.311734
3 -0.894202 -0.441648 0.304706
4 -0.86578 -0.453287 0.308809
4 -0.824539 -0.650758 0.310255
3 -0.844075 -0.506514 0.311317
1 -0.876879 -0.408243 0.31125
4 -0.859094 -0.510723 0.309732
3 -0.763056 -0.738867 0.322099
1 -0.804767 -0.711301 0.318737
1 -0.916563 -0.488064 0.304291
2 -0.922626 -0.412412 0.30709
5 -0.981002 -0.211698 0.304186
7 -0.993642 -0.141797 0.304438
1 -0.918167 -0.323618 0.309739
9 -0.912541 -0.482237 0.30716
5 -0.830971 -0.767984 0.309002
1 -0.881434 -0.506127 0.306205
1 -0.822366 -0.484669 0.314963
5 -0.842735 -0.428245 0.317057
2 -0.850526 -0.537505 0.311783
1 -0.848648 -0.685151 0.310203
1 -0.866844 -0.576593 0.307713
1 -0.794045 -0.75628 0.318805
1 -0.804866 -0.673453 0.31625
2 -0.854331 -0.418869 0.31081
1 -0.86442 -0.486353 0.311906
1 -0.864208 -0.516713 0.312935
3 -0.879575 -0.346018 0.314052
2 -0.810842 -0.639855 0.318617
4 -0.86023 -0.495208 0.311371
1 -0.874352 -0.413594 0.308659
4 -0.855536 -0.445241 0.310496
1 -0.842792 -0.560534 0.316606
1 -0.857383 -0.549669 0.31497
1 -0.858146 -0.616187 0.314243
1 -0.892293 -0.381342 0.315133
2 -0.797402 -0.665548 0.317784
2 -0.754133 -0.750703 0.323054
4 -0.823437 -0.60265 0.312831
2 -0.826108 -0.700634 0.312917
8 -0.833981 -0.566939 0.308447
1 -0.752444 -0.844807 0.31865
3 -0.799415 -0.661063 0.317619
1 -0.829289 -0.547927 0.316092
3 -0.880315 -0.512616 0.312061
2 -0.87799 -0.456211 0.312109
8 -0.821218 -0.659642 0.310139
1 -0.825199 -0.658308 0.30974
1 -0.860379 -0.478285 0.310782
8 -0.793989 -0.735927 0.31691
7 -0.822073 -0.628783 0.315631
2 -0.802384 -0.734057 0.314006
4 -0.803021 -0.74908 0.31186
4 -0.880345 -0.55429 0.302536
4 -0.804042 -0.79379 0.312514
1 -0.818897 -0.689678 0.312411
4 -0.820294 -0.640591 0.31652
2 -0.82861 -0.559185 0.310128
1 -0.847722 -0.567342 0.307031
1 -0.894398 -0.378447 0.309906
2 -0.870854 -0.468809 0.311721
2 -0.882995 -0.458723 0.307204
2 -0.819028 -0.556504 0.316448
1 -0.792759 -0.807987 0.312972
1 -0.867273 -0.646777 0.305756
7 -0.874968 -0.497905 0.309731
4 -0.800355 -0.637328 0.312217
11 -0.786896 -0.76234 0.312751
2 -0.814615 -0.691594 0.30885
1 -0.852963 -0.595578 0.305738
3 -0.895704 -0.426646 0.306404
5 -0.894432 -0.397769 0.306502
1 -0.874762 -0.413879 0.30643
6 -0.852035 -0.553231 0.306979
1 -0.82601 -0.6676 0.304822
7 -0.755339 -0.892486 0.312952
1 -0.790628 -0.751453 0.31085
2 -0.816418 -0.607369 0.315048
1 -0.815777 -0.616353 0.315396
2 -0.858182 -0.433479 0.313602
1 -0.822986 -0.532557 0.316456
2 -0.747082 -0.905207 0.321952
2 -0.799755 -0.776655 0.316341
4 -0.858535 -0.577773 0.306118
3 -0.736661 -0.960868 0.312203
3 -0.834349 -0.626577 0.315843
2 -0.837376 -0.6395 0.313805
1 -0.830924 -0.68009 0.309487
1 -0.862661 -0.597555 0.314291
1 -0.904294 -0.531599 0.307201
2 -0.832065 -0.627236 0.313702
2 -0.884491 -0.448319 0.313856
3 -0.783875 -0.901388 0.310432
2 -0.779815 -0.918614 0.31244
5 -0.856135 -0.687533 0.308874
2 -0.876022 -0.542756 0.311283
5 -0.791817 -0.819822 0.313574
7 -0.810807 -0.735391 0.311231
3 -0.741409 -0.948292 0.316047
1 -0.759102 -0.849527 0.313815
6 -0.825246 -0.667833 0.308671
5 -0.847386 -0.614959 0.301944
1 -0.856942 -0.643025 0.304267
4 -0.896075 -0.38262 0.312174
4 -0.859123 -0.457054 0.316422
2 -0.874362 -0.421491 0.313453
5 -0.850289 -0.645646 0.311456
5 -0.797555 -0.758243 0.313564
10 -0.792732 -0.827384 0.311441
1 -0.798718 -0.81367 0.311301
1 -0.82569 -0.682453 0.310291
4 -0.79851 -0.734826 0.314586
1 -0.812979 -0.576387 0.317594
3 -0.870022 -0.503421 0.307465
11 -0.889878 -0.54939 0.306229
1 -0.890497 -0.527716 0.312762
2 -0.903279 -0.393918 0.313873
7 -0.928846 -0.322701 0.310997
1 -0.876822 -0.519003 0.311874
5 -0.834184 -0.752951 0.313652
2 -0.874323 -0.477336 0.316675
5 -0.901175 -0.256324 0.314979
2 -0.791355 -0.704973 0.313684
1 -0.849598 -0.575521 0.306885
5 -0.841462 -0.605656 0.306718
6 -0.81559 -0.816645 0.303866
4 -0.800204 -1.00411 0.307001
2 -0.807051 -0.670654 0.317643
1 -0.826585 -0.73137 0.31663
1 -0.792792 -0.788053 0.319708
3 -0.893756 -0.434825 0.31392
3 -0.834909 -0.792838 0.310695
2 -0.864488 -0.646117 0.31102
2 -0.900708 -0.429334 0.310044
4 -0.881026 -0.572975 0.312537
5 -0.871776 -0.564931 0.313946
3 -0.878634 -0.558513 0.304577
2 -0.899999 -0.457998 0.304425
1 -0.884146 -0.413349 0.316379
1 -0.850556 -0.537958 0.314091
5 -0.86601 -0.573058 0.311389
1 -0.888234 -0.492144 0.301325
1 -0.900829 -0.457204 0.302738
3 -0.843138 -0.515796 0.319119
1 -0.85712 -0.651516 0.31017
5 -0.865646 -0.539417 0.308577
3 -0.936934 -0.286461 0.305669
5 -0.88778 -0.451373 0.312104
5 -0.78263 -0.813262 0.316031
3 -0.760731 -0.959102 0.310872
1 -0.794051 -0.762514 0.313494
2 -0.809703 -0.872339 0.306537
1 -0.885802 -0.60792 0.299364
1 -0.818516 -0.696892 0.306828
2 -0.769748 -0.82539 0.310779
3 -0.764528 -0.912803 0.309741
4 -0.776188 -0.90226 0.309551
6 -0.790487 -0.931531 0.308109
2 -0.789685 -1.00896 0.305555
1 -0.797455 -0.878418 0.314794
5 -0.762654 -0.973591 0.319398
2 -0.842785 -0.584287 0.313238
5 -0.837956 -0.443521 0.313388
2 -0.825161 -0.54719 0.306207
1 -0.835815 -0.415687 0.319484
1 -0.821078 -0.531267 0.317883
1 -0.898849 -0.427046 0.301516
2 -0.933234 -0.416265 0.301801
1 -0.878058 -0.465613 0.306665
3 -0.82164 -0.625288 0.308346
1 -0.834094 -0.673884 0.309172
3 -0.879982 -0.532994 0.304975
1 -0.824066 -0.755136 0.317295
1 -0.741595 -0.848392 0.325683
4 -0.776726 -0.870702 0.317027
1 -0.763609 -0.95389 0.314855
1 -0.738801 -0.928681 0.31657
1 -0.810039 -0.742595 0.30613
1 -0.92622 -0.244923 0.302
1 -0.853243 -0.635245 0.307054
5 -0.837628 -0.668355 0.311286
5 -0.849551 -0.559942 0.313735
1 -0.85889 -0.579767 0.313073
1 -0.820925 -0.823125 0.312135
3 -0.810368 -0.72351 0.310989
1 -0.67461 -1.22158 0.320904
4 -0.768254 -0.674498 0.321495
3 -0.774061 -0.67412 0.325908
2 -0.735691 -0.909555 0.328054
1 -0.846971 -0.720314 0.310766
4 -0.834841 -0.685343 0.313356
15 -0.813408 -0.748141 0.308146
6 -0.802836 -0.850474 0.307288
3 -0.827307 -0.737142 0.310168
2 -0.874445 -0.564679 0.310226
9 -0.84983 -0.610082 0.31233
2 -0.823662 -0.592045 0.316081
2 -0.800437 -0.738254 0.313587
1 -0.906219 -0.308974 0.312529
5 -0.921766 -0.373551 0.309157
5 -0.864736 -0.501895 0.309561
1 -0.773283 -0.798184 0.31255
1 -0.796293 -0.979848 0.302661
1 -0.885084 -0.675251 0.299033
1 -0.924799 -0.431339 0.296841
3 -0.910108 -0.335642 0.310003
7 -0.870668 -0.519657 0.311675
2 -0.83086 -0.697229 0.309501
6 -0.824518 -0.744139 0.308738
17 -0.840929 -0.69155 0.306551
1 -0.811094 -0.722364 0.310169
1 -0.787083 -0.796093 0.315513
8 -0.899884 -0.352616 0.309646
1 -0.918539 -0.334622 0.306084
1 -0.861918 -0.610988 0.306779
8 -0.811842 -0.881747 0.309863
1 -0.83267 -0.808527 0.30535
2 -0.879776 -0.571861 0.303435
3 -0.917577 -0.414811 0.304478
2 -0.786389 -0.740401 0.312186
3 -0.785394 -0.909847 0.312172
1 -0.766708 -0.897102 0.312463
1 -0.741144 -1.06336 0.315993
5 -0.876457 -0.750409 0.299511
3 -0.845052 -0.598792 0.307056
1 -0.834194 -0.48638 0.315932
3 -0.856472 -0.374156 0.317743
1 -0.825416 -0.509228 0.316963
5 -0.765307 -0.65839 0.322484
7 -0.828633 -0.636107 0.30892
1 -0.882643 -0.574226 0.303098
2 -0.694044 -1.27173 0.311117
2 -0.705273 -1.20331 0.308969
1 -0.722922 -1.13448 0.309868
4 -0.807883 -0.824608 0.308537
1 -0.806374 -0.890133 0.302932
3 -0.850575 -0.670843 0.312813
1 -0.824282 -0.772097 0.310345
1 -0.881924 -0.552551 0.304369
1 -0.834522 -0.600603 0.311839
6 -0.853842 -0.507707 0.313738
7 -0.837899 -0.597072 0.313599
1 -0.949892 -0.141046 0.310059
1 -0.81736 -0.709871 0.309414
6 -0.794261 -0.896538 0.306438
5 -0.891353 -0.62232 0.300401
2 -0.823614 -0.740375 0.308987
2 -0.814995 -0.807865 0.304925
1 -0.874251 -0.63157 0.301726
1 -0.916781 -0.380648 0.303298
8 -0.85257 -0.500551 0.309548
2 -0.833775 -0.652692 0.31392
1 -0.811391 -0.699823 0.310836
4 -0.754729 -0.804574 0.320575
4 -0.766285 -0.88357 0.315376
3 -0.764837 -0.837937 0.31516
6 -0.730073 -0.995839 0.315591
1 -0.875706 -0.728177 0.302051
3 -0.944843 -0.303471 0.304171
4 -0.887467 -0.571191 0.303952
1 -0.879993 -0.561814 0.309328
5 -0.88781 -0.603171 0.305027
4 -0.855298 -0.823109 0.303698
5 -0.788435 -0.866255 0.310452
1 -0.760606 -0.841573 0.317133
3 -0.81306 -0.725172 0.31876
1 -0.855132 -0.594846 0.312021
3 -0.891891 -0.393513 0.314835
1 -0.874969 -0.476214 0.30145
5 -0.841593 -0.613493 0.304453
2 -0.906045 -0.365801 0.301991
7 -0.85874 -0.54322 0.307569
1 -0.768215 -1.05162 0.302223
1 -0.830909 -0.645925 0.310029
1 -0.744054 -0.956074 0.320332
3 -0.712544 -1.02161 0.323577
5 -0.715029 -1.03781 0.328431
4 -0.6979 -1.16927 0.326861
1 -0.817648 -0.650249 0.316686
3 -0.836055 -0.612813 0.314383
5 -0.747109 -1.05575 0.315461
1 -0.793952 -0.736533 0.316174
3 -0.845998 -0.612918 0.312393
4 -0.848631 -0.548867 0.309193
3 -0.792926 -0.681857 0.315142
1 -0.835818 -0.565336 0.313424
6 -0.883037 -0.426795 0.311267
2 -0.894689 -0.390732 0.310574
5 -0.884977 -0.456901 0.306657
3 -0.880213 -0.473497 0.307142
1 -0.788216 -0.76324 0.314398
1 -0.758011 -0.856709 0.318486
2 -0.804596 -0.644911 0.318519
8 -0.809367 -0.661871 0.317033
3 -0.817737 -0.577281 0.317175
5 -0.799642 -0.6173 0.320975
3 -0.734468 -0.955251 0.322959
3 -0.797989 -0.800987 0.314862
2 -0.768882 -0.836129 0.319547
2 -0.922304 -0.35856 0.301998
1 -0.863814 -0.507124 0.308852
1 -0.902442 -0.461177 0.307912
1 -0.822213 -0.80834 0.310274
4 -0.835253 -0.846057 0.302956
3 -0.856156 -0.798939 0.299898
3 -0.839212 -0.761211 0.311021
4 -0.828429 -0.75704 0.31587
1 -0.866288 -0.550958 0.320771
2 -0.72856 -1.10019 0.315622
4 -0.730795 -1.16407 0.308637
2 -0.733141 -1.1455 0.309223
1 -0.775671 -0.890946 0.314306
1 -0.767933 -0.942168 0.313109
1 -0.81301 -0.717592 0.313024
2 -0.811453 -0.739458 0.30943
6 -0.822278 -0.637568 0.317359
3 -0.772544 -0.928507 0.313896
1 -0.77945 -0.974591 0.312568
1 -0.756153 -1.09461 0.315691
1 -0.736498 -1.16327 0.31761
3 -0.767048 -0.802407 0.325174
3 -0.780582 -0.844973 0.322554
3 -0.766323 -0.652817 0.31561
3 -0.768054 -0.596155 0.318503
2 -0.78685 -0.601786 0.317808
2 -0.88659 -0.312427 0.312095
2 -0.8479 -0.438734 0.313122
1 -0.90914 -0.485533 0.307384
1 -0.917843 -0.468611 0.305917
4 -0.889515 -0.565167 0.304078
2 -0.781066 -0.786104 0.318644
3 -0.862503 -0.462089 0.30332
1 -0.778718 -0.78174 0.317565
3 -0.792946 -0.805232 0.316677
2 -0.757609 -0.952071 0.317241
5 -0.76293 -0.815426 0.317994
2 -0.787738 -0.761197 0.319879
1 -0.838564 -0.703565 0.309019
3 -0.866563 -0.57356 0.302935
3 -0.918704 -0.420541 0.307535
3 -0.832129 -0.727942 0.313355
5 -0.756714 -0.868548 0.319724
1 -0.739351 -1.00431 0.318024
4 -0.76205 -1.04911 0.310616
1 -0.79625 -1.00276 0.308423
1 -0.765022 -1.02533 0.314126
1 -0.804129 -0.725661 0.314114
5 -0.893299 -0.491874 0.304367
4 -0.857507 -0.552831 0.306291
1 -0.904907 -0.414328 0.29998
1 -0.933191 -0.238809 0.302333
3 -0.93438 -0.164691 0.310636
4 -0.851187 -0.663486 0.312914
2 -0.796675 -0.98672 0.313237
2 -0.908142 -0.37986 0.317635
1 -0.918173 -0.313026 0.314086
1 -0.865468 -0.736495 0.303998
1 -0.816295 -0.863812 0.302787
2 -0.950189 -0.295573 0.294573
1 -1.00692 -0.202947 0.289698
6 -0.78002 -0.834645 0.31047
6 -0.797198 -0.805808 0.314436
3 -0.805527 -0.637292 0.318969
7 -0.713142 -1.03775 0.317676
1 -0.761377 -0.806192 0.312932
4 -0.796277 -0.635333 0.319752
1 -0.821207 -0.70505 0.309697
1 -0.853169 -0.443181 0.32001
1 -0.859106 -0.42177 0.320206
2 -0.818597 -0.789982 0.309228
1 -0.822738 -0.790753 0.307785
1 -0.766949 -1.04229 0.310898
2 -0.86355 -0.675657 0.307173
4 -0.838791 -0.672186 0.31566
3 -0.865352 -0.566179 0.313007
3 -0.783585 -0.739176 0.316327
1 -0.733786 -0.936251 0.319274
7 -0.791972 -0.783573 0.313017
1 -0.737499 -0.882024 0.322018
5 -0.747005 -0.881688 0.320274
2 -0.753324 -0.72164 0.330034
2 -0.774129 -0.644974 0.328062
2 -0.784802 -0.693765 0.323292
2 -0.735615 -0.748549 0.327524
3 -0.733732 -0.754302 0.329169
1 -0.670781 -1.03578 0.329525
1 -0.819551 -0.787642 0.308475
1 -0.895785 -0.542138 0.312764
5 -0.882724 -0.537282 0.310122
3 -0.809476 -0.71683 0.317868
1 -0.831568 -0.772121 0.312574
1 -0.875367 -0.764976 0.308717
1 -0.865866 -0.610374 0.309403
5 -0.836436 -0.614332 0.313042
1 -0.880436 -0.525993 0.311956
1 -0.922075 -0.244113 0.311731
2 -0.851463 -0.52472 0.311388
3 -0.870999 -0.589778 0.308792
1 -0.756506 -1.02867 0.315051
8 -0.7734 -0.975822 0.312063
1 -0.867896 -0.590432 0.309028
3 -0.872162 -0.405008 0.305438
3 -0.752853 -0.8712 0.315144
3 -0.790226 -0.782017 0.312678
1 -0.865608 -0.530834 0.305767
5 -0.907989 -0.40564 0.299306
5 -0.935157 -0.274482 0.302215
1 -0.919563 -0.395186 0.301182
4 -0.854861 -0.614786 0.301768
1 -0.866985 -0.581918 0.302356
1 -0.868661 -0.578656 0.301876
6 -0.830494 -0.825139 0.30694
3 -0.837574 -0.80642 0.304541
2 -0.822421 -0.971239 0.307134
4 -0.818699 -0.844655 0.308185
3 -0.824379 -0.721949 0.315327
1 -0.814611 -0.805888 0.317706
3 -0.786677 -0.973898 0.318082
4 -0.732876 -0.983577 0.31184
1 -0.767468 -0.914412 0.318931
5 -0.754571 -0.980557 0.317424
1 -0.750016 -0.950212 0.320637
1 -0.906688 -0.195888 0.320933
2 -0.807598 -0.553716 0.320305
1 -0.722874 -1.0343 0.312723
1 -0.714883 -1.06009 0.315175
5 -0.808425 -0.612255 0.321779
1 -0.89456 -0.412682 0.306039
3 -0.882098 -0.445238 0.305926
4 -0.87687 -0.301124 0.314996
2 -0.85623 -0.594823 0.314247
4 -0.908024 -0.575791 0.304902
1 -0.937108 -0.393834 0.301912
2 -0.878279 -0.51895 0.308364
2 -0.875994 -0.371028 0.309825
2 -0.841448 -0.550305 0.313986
2 -0.779024 -0.707359 0.318717
2 -0.675878 -1.31433 0.31392
1 -0.775295 -0.788738 0.309897
1 -0.826586 -0.56634 0.309189
2 -0.84811 -0.616036 0.302611
4 -0.832777 -0.673605 0.304911
4 -0.819985 -0.772353 0.305346
2 -0.789921 -0.824235 0.31327
11 -0.824153 -0.784712 0.30806
3 -0.814955 -0.770273 0.310124
1 -0.900793 -0.381389 0.310379
3 -0.865474 -0.335199 0.309323
10 -0.88636 -0.260867 0.307736
3 -0.883183 -0.252276 0.309609
4 -0.858319 -0.327581 0.314664
10 -0.813847 -0.677316 0.312077
3 -0.87419 -0.499238 0.306703
5 -0.840771 -0.648492 0.30731
1 -0.821738 -0.583787 0.312301
1 -0.819343 -0.670523 0.306509
3 -0.869153 -0.559188 0.308892
2 -0.822952 -0.801046 0.309574
1 -0.788839 -0.844641 0.317375
1 -0.907337 -0.574522 0.304195
3 -0.932612 -0.545873 0.298897
2 -0.900387 -0.495387 0.298976
1 -0.891457 -0.496419 0.299471
1 -0.967512 -0.121309 0.297638
1 -0.905368 -0.300376 0.311974
2 -0.920943 -0.322421 0.306332
4 -0.818035 -0.687982 0.309847
1 -0.812705 -0.635879 0.313601
3 -0.833574 -0.597435 0.315064
1 -0.880669 -0.411125 0.309823
10 -0.888884 -0.440868 0.308886
1 -0.927506 -0.224485 0.309709
2 -0.947004 -0.19453 0.305265
3 -0.948191 -0.208454 0.305152
2 -0.849922 -0.558069 0.315248
5 -0.833372 -0.575323 0.313032
2 -0.779978 -0.777198 0.314951
1 -0.912207 -0.38142 0.304802
2 -0.90137 -0.349187 0.305948
1 -0.887259 -0.425384 0.308407
8 -0.887432 -0.454474 0.306887
7 -0.878883 -0.457291 0.307059
7 -0.845847 -0.656078 0.310472
10 -0.817592 -0.672663 0.314273
1 -0.798725 -0.654361 0.316636
2 -0.821574 -0.595578 0.314563
3 -0.776867 -0.827852 0.314036
5 -0.794634 -0.733075 0.314126
1 -0.78092 -0.692054 0.318507
2 -0.872864 -0.426875 0.304498
7 -0.859497 -0.562263 0.308456
1 -0.856757 -0.545363 0.311864
2 -0.845489 -0.550001 0.312243
11 -0.826985 -0.611967 0.311661
11 -0.765039 -0.861056 0.314449
1 -0.774286 -0.679943 0.324571
2 -0.761148 -0.755298 0.322558
1 -0.873782 -0.6351 0.301535
3 -0.869934 -0.554901 0.302074
6 -0.87082 -0.512742 0.308727
1 -0.868679 -0.511294 0.317091
2 -0.941059 -0.226836 0.310472
2 -0.830403 -0.673212 0.313702
3 -0.833225 -0.59055 0.31303
1 -0.816844 -0.745379 0.311884
2 -1.01086 -0.0562217 0.296241
2 -0.945648 -0.112367 0.30542
5 -0.950543 -0.185896 0.306404
2 -0.941892 -0.398164 0.306386
3 -0.936853 -0.33328 0.308993
2 -0.832772 -0.603079 0.309784
1 -0.768967 -0.893433 0.317988
8 -0.787067 -0.804079 0.314329
1 -0.871322 -0.436158 0.312474
12 -0.79177 -0.755718 0.30932
6 -0.837367 -0.521832 0.307215
2 -0.737026 -1.06297 0.319707
1 -0.887244 -0.447668 0.310539
8 -0.862781 -0.63594 0.310366
11 -0.827819 -0.626991 0.314284
1 -0.860934 -0.431011 0.311147
1 -0.830548 -0.565319 0.314383
9 -0.774746 -0.692598 0.318841
1 -0.870402 -0.448877 0.309617
1 -0.75538 -1.03137 0.314638
5 -0.749354 -1.03185 0.31672
4 -0.806895 -0.69795 0.322674
7 -0.840003 -0.586662 0.316872
9 -0.87777 -0.445895 0.31439
1 -0.890976 -0.469637 0.310287
5 -0.870143 -0.511746 0.303156
3 -0.854395 -0.515352 0.308163
1 -0.878523 -0.553025 0.306554
4 -0.87192 -0.510403 0.308355
1 -0.894561 -0.526071 0.306166
1 -0.84041 -0.757815 0.307145
5 -0.759609 -0.929579 0.31511
1 -0.74262 -0.986485 0.316453
2 -0.776216 -0.859461 0.314295
2 -0.773735 -0.92513 0.311815
1 -0.774722 -0.9406 0.309345
2 -0.820185 -0.8314 0.30373
1 -0.803307 -0.737746 0.316684
3 -0.869309 -0.496081 0.310507
3 -0.875105 -0.483337 0.309504
3 -0.818403 -0.683204 0.305849
4 -0.817206 -0.75203 0.308119
4 -0.926047 -0.414099 0.302205
1 -0.860988 -0.57435 0.302645
3 -0.768541 -0.845892 0.316828
6 -0.842796 -0.631329 0.309928
4 -0.825099 -0.629251 0.31117
2 -0.953267 -0.247389 0.306882
3 -0.792766 -0.694838 0.32611
1 -0.770758 -0.89401 0.323771
1 -0.805464 -0.740743 0.323204
10 -0.818515 -0.679561 0.316257
1 -0.800735 -0.885386 0.31484
3 -0.838364 -0.670228 0.306929
1 -0.875533 -0.432748 0.305858
2 -0.856391 -0.558172 0.304697
5 -0.84991 -0.571673 0.313682
2 -0.855126 -0.54066 0.315178
11 -0.846734 -0.521107 0.319237
1 -0.942555 -0.192458 0.316675
3 -0.926815 -0.466416 0.308302
2 -0.935343 -0.317748 0.310399
2 -0.784424 -0.755655 0.318515
1 -0.817836 -0.731586 0.317402
1 -0.824223 -0.760732 0.309462
1 -0.872956 -0.642913 0.306591
8 -0.858233 -0.738729 0.302477
4 -0.828822 -0.791262 0.307098
4 -0.811099 -0.863211 0.309854
1 -0.825622 -0.778166 0.309511
1 -0.804971 -0.83911 0.310143
1 -0.817153 -0.822497 0.305161
5 -0.924677 -0.122964 0.311385
4 -0.832565 -0.534525 0.315523
4 -0.892068 -0.28378 0.316843
1 -0.897538 -0.403089 0.311023
3 -0.828421 -0.627322 0.315376
1 -0.770538 -0.798386 0.314209
3 -0.76426 -0.840618 0.3149
1 -0.748175 -0.908699 0.321673
1 -0.854561 -0.524281 0.318864
9 -0.816528 -0.709943 0.314345
1 -0.876228 -0.4197 0.313408
8 -0.881016 -0.347131 0.314197
7 -0.800608 -0.84634 0.311071
3 -0.758446 -0.958474 0.316755
4 -0.817699 -0.860937 0.306726
12 -0.880514 -0.615163 0.308838
5 -0.867067 -0.60926 0.304252
3 -0.861318 -0.641027 0.305982
5 -0.865876 -0.467744 0.307138
3 -0.92072 -0.37132 0.303885
1 -0.885547 -0.365575 0.312137
4 -0.821913 -0.55914 0.318098
4 -0.843505 -0.510695 0.315368
1 -0.866833 -0.452716 0.313379
4 -0.856457 -0.690991 0.309286
5 -0.811287 -0.612452 0.317638
5 -0.806595 -0.722035 0.312989
1 -0.802519 -0.618597 0.316847
1 -0.842908 -0.506665 0.318614
8 -0.786604 -0.8005 0.318538
1 -0.802549 -0.85348 0.306899
1 -0.828255 -0.829038 0.303031
1 -0.897683 -0.44074 0.300975
6 -0.934737 -0.193907 0.306292
3 -0.881419 -0.640912 0.301739
1 -0.849536 -0.713177 0.301949
6 -0.903128 -0.362746 0.303407
1 -0.898902 -0.501938 0.304669
3 -0.859728 -0.669412 0.311286
1 -0.840294 -0.568246 0.319642
3 -0.862248 -0.430568 0.315639
2 -0.908425 -0.288753 0.30917
2 -0.835026 -0.718392 0.306307
2 -0.931617 -0.325729 0.305942
1 -0.872062 -0.548034 0.311994
2 -0.774222 -0.836796 0.319225
6 -0.83987 -0.514407 0.310855
8 -0.869239 -0.377807 0.309653
1 -0.889486 -0.468599 0.304463
3 -0.747983 -1.02197 0.318091
1 -0.820171 -0.764273 0.308071
2 -0.818013 -0.768384 0.3093
2 -0.810486 -0.814216 0.310785
2 -0.802852 -0.822681 0.309134
1 -0.766323 -0.993581 0.310521
3 -0.80708 -0.833241 0.303705
2 -0.940295 -0.312734 0.297703
1 -0.90744 -0.415842 0.299467
1 -0.885123 -0.420025 0.311819
5 -0.877413 -0.565496 0.30235
2 -0.793434 -0.837909 0.314163
9 -0.846572 -0.599921 0.311068
16 -0.727306 -0.974166 0.317281
20 -0.896562 -0.378484 0.317821
1 -0.86846 -0.421456 0.318483
1 -0.844188 -0.669131 0.313515
1 -0.851864 -0.644002 0.313205
1 -0.834507 -0.679429 0.312139
4 -0.840064 -0.758324 0.307446
2 -0.935701 -0.281734 0.306303
5 -0.958752 -0.174506 0.305415
1 -0.91932 -0.30996 0.308069
2 -0.867978 -0.455921 0.313141
2 -0.871135 -0.573687 0.309196
3 -0.926085 -0.34545 0.308954
1 -0.946709 -0.391846 0.298908
1 -0.801153 -0.835856 0.317127
6 -0.757634 -1.00773 0.319228
3 -0.842271 -0.611077 0.311505
1 -0.78734 -0.768453 0.315063
1 -0.794865 -0.724859 0.314685
3 -0.736943 -1.00224 0.318042
3 -0.896146 -0.406621 0.309988
1 -0.84373 -0.609039 0.311691
4 -0.769299 -0.757052 0.320845
1 -0.845908 -0.528761 0.320086
2 -0.817751 -0.642018 0.316305
1 -0.825048 -0.626245 0.315142
3 -0.819646 -0.723229 0.314752
2 -0.854082 -0.62906 0.310004
2 -0.820326 -0.772277 0.303794
3 -0.855159 -0.712311 0.304047
2 -0.800389 -0.704388 0.320489
4 -0.82113 -0.678145 0.312548
6 -0.776016 -0.814728 0.319197
2 -0.88262 -0.498048 0.310238
1 -0.823068 -0.545998 0.312396
2 -0.813573 -0.623598 0.310729
1 -0.836235 -0.458893 0.314929
8 -0.888413 -0.422507 0.307805
1 -0.752297 -0.941254 0.311118
8 -0.772335 -0.864002 0.313143
3 -0.748118 -0.912696 0.318247
1 -0.709875 -1.06455 0.315952
4 -0.731063 -1.00463 0.314705
3 -0.76401 -0.912431 0.317068
2 -0.828012 -0.783682 0.302835
2 -0.925987 -0.35302 0.303944
4 -0.964236 -0.265725 0.303231
1 -0.935547 -0.413871 0.309299
2 -0.920194 -0.316508 0.309533
3 -0.936624 -0.292103 0.3005
1 -0.960198 -0.15939 0.303829
1 -0.896088 -0.387165 0.305527
3 -0.92336 -0.370231 0.30156
5 -0.873189 -0.41874 0.306505
3 -0.760238 -0.770994 0.317724
1 -0.745471 -0.871757 0.318117
3 -0.737006 -0.827602 0.318603
2 -0.802362 -0.870628 0.313227
9 -0.836034 -0.565758 0.314352
1 -0.790274 -0.802403 0.31183
2 -0.778419 -0.773427 0.316855
1 -0.934817 -0.262392 0.310571
3 -0.945374 -0.214557 0.309986
1 -0.865529 -0.429152 0.312786
5 -0.909811 -0.518088 0.303774
1 -0.851084 -0.546651 0.314323
2 -0.819698 -0.746154 0.310979
3 -0.807717 -0.74666 0.309821
1 -0.75298 -0.921983 0.318931
2 -0.731532 -1.01611 0.318281
1 -0.740197 -1.08996 0.315004
3 -0.726995 -1.21083 0.309699
1 -0.726618 -0.98631 0.312237
5 -0.759038 -0.913247 0.30989
1 -0.743279 -0.852879 0.316544
2 -0.871976 -0.580966 0.303504
1 -0.890127 -0.57975 0.303912
3 -0.926322 -0.402573 0.303268
6 -0.92151 -0.474935 0.304077
1 -0.851372 -0.616428 0.30639
1 -0.832595 -0.589298 0.305833
1 -0.879565 -0.439272 0.305598
2 -0.885458 -0.417853 0.30594
1 -0.85856 -0.662593 0.312286
1 -0.891298 -0.531151 0.309506
2 -0.800913 -0.830425 0.312742
1 -0.931002 -0.313386 0.304533
2 -0.911425 -0.495354 0.298372
4 -0.880301 -0.541696 0.300989
3 -0.798515 -0.846511 0.306291
1 -0.76615 -0.896721 0.30948
2 -0.782575 -0.930183 0.305661
1 -0.829369 -0.807982 0.301427
1 -0.818003 -0.841801 0.304616
7 -0.788955 -0.773189 0.306311
3 -0.785156 -0.865342 0.306084
16 -0.844608 -0.661535 0.305611
3 -0.839438 -0.524002 0.31498
1 -0.868385 -0.568832 0.305979
3 -0.829502 -0.830782 0.304202
7 -0.826098 -0.782097 0.306639
4 -0.853759 -0.70934 0.305483
2 -0.83541 -0.491587 0.321359
10 -0.761265 -0.67934 0.320553
2 -0.79158 -0.607051 0.321048
2 -0.799452 -0.628155 0.319498
5 -0.788465 -0.712896 0.32058
3 -0.792246 -0.689636 0.322448
1 -0.872181 -0.458213 0.312761
1 -0.869155 -0.392502 0.314295
2 -0.83801 -0.554288 0.308594
5 -0.882602 -0.471733 0.305031
2 -0.873888 -0.427306 0.312206
3 -0.873494 -0.393748 0.306306
3 -0.90935 -0.461594 0.300186
4 -0.97665 -0.261695 0.298951
1 -0.985457 -0.302728 0.301081
1 -0.951856 -0.383389 0.303292
3 -0.816668 -0.736985 0.314767
7 -0.822204 -0.746054 0.308372
2 -0.840558 -0.636357 0.30866
1 -0.821906 -0.634712 0.312672
1 -0.858096 -0.562312 0.311197
3 -0.851005 -0.541951 0.312334
8 -0.830792 -0.725261 0.302817
3 -0.879064 -0.386356 0.307438
2 -0.890477 -0.365128 0.308238
11 -0.851836 -0.522004 0.308058
3 -0.842201 -0.604455 0.304616
2 -0.889056 -0.552176 0.309922
1 -0.902248 -0.538822 0.308906
4 -0.869291 -0.640958 0.309454
1 -0.826332 -0.778945 0.310799
1 -0.851954 -0.5796 0.310966
3 -0.823965 -0.625231 0.315692
1 -0.896874 -0.405908 0.310894
1 -0.823686 -0.735911 0.313415
4 -0.832751 -0.58371 0.316649
4 -0.874985 -0.341062 0.312522
1 -0.8203 -0.679306 0.308671
2 -0.842677 -0.554837 0.309895
9 -0.751452 -0.952834 0.313619
5 -0.749213 -0.916399 0.321064
1 -0.790279 -0.828042 0.316131
2 -0.856353 -0.519873 0.313142
5 -0.894117 -0.417018 0.311138
1 -0.853618 -0.563384 0.311181
1 -0.866911 -0.417326 0.307791
1 -0.908673 -0.260063 0.308837
3 -0.871123 -0.356522 0.314981
1 -0.859411 -0.55038 0.313432
4 -0.818981 -0.683284 0.314616
6 -0.846323 -0.642049 0.314715
2 -0.825885 -0.652089 0.310528
2 -0.840361 -0.631719 0.308377
7 -0.817587 -0.803792 0.306786
4 -0.881501 -0.503657 0.308324
2 -0.918764 -0.386022 0.307279
2 -0.897161 -0.505432 0.307607
7 -0.929245 -0.382842 0.307833
6 -0.737606 -1.11933 0.313347
4 -0.797778 -0.920372 0.311229
2 -0.85241 -0.68377 0.309853
1 -0.870414 -0.61372 0.310519
2 -0.802715 -0.842965 0.313324
1 -0.898154 -0.545937 0.30061
2 -0.80841 -0.754879 0.309514
3 -0.835592 -0.626046 0.310996
4 -0.904814 -0.410423 0.306531
6 -0.757096 -0.843381 0.322243
1 -0.782254 -0.871727 0.315138
1 -0.897344 -0.34805 0.313997
3 -0.889801 -0.279651 0.316788
1 -0.871463 -0.399505 0.316212
5 -0.886858 -0.430808 0.306689
3 -0.879511 -0.523974 0.303606
1 -0.800421 -0.854885 0.30097
1 -0.843141 -0.745115 0.300041
2 -0.844856 -0.561253 0.305893
2 -0.879061 -0.543604 0.302929
3 -0.897372 -0.510243 0.304294
2 -0.847212 -0.551063 0.312922
1 -0.826552 -0.725224 0.305462
4 -0.789084 -0.889333 0.306755
7 -0.804327 -0.996121 0.30274
3 -0.802501 -0.871818 0.307959
1 -0.835296 -0.522139 0.31181
1 -0.809234 -0.565815 0.317715
2 -0.796428 -0.765692 0.319813
2 -0.776628 -0.790026 0.324715
2 -0.745254 -0.895742 0.318262
2 -0.766832 -0.784133 0.322498
1 -0.780748 -0.74049 0.319127
4 -0.727005 -0.957185 0.321544
2 -0.76519 -0.774989 0.321748
4 -0.811481 -0.921863 0.312199
4 -0.753039 -1.1502 0.313023
3 -0.739116 -1.13828 0.309827
1 -0.740378 -1.09562 0.310666
4 -0.731515 -1.13102 0.309659
2 -0.830698 -0.880335 0.302013
2 -0.718006 -1.22024 0.316739
4 -0.720697 -0.827127 0.324575
2 -0.791685 -0.538665 0.32232
4 -0.803452 -0.520094 0.317196
1 -0.856042 -0.470968 0.313604
5 -0.815495 -0.613811 0.317495
1 -0.860486 -0.582538 0.310678
2 -0.83885 -0.598088 0.316502
5 -0.837439 -0.556397 0.3157
3 -0.723816 -0.953181 0.320294
1 -0.744293 -0.879452 0.318256
8 -0.754002 -0.903215 0.316416
5 -0.767178 -0.936118 0.310658
1 -0.898913 -0.480133 0.307152
2 -0.847072 -0.609959 0.312404
1 -0.822245 -0.65999 0.312662
2 -0.829377 -0.694063 0.310402
2 -0.809934 -0.786695 0.313433
1 -0.802427 -0.752953 0.309242
4 -0.84245 -0.724387 0.308422
1 -0.812649 -0.608727 0.31294
1 -0.740224 -1.01354 0.310432
2 -0.749045 -1.00063 0.309574
2 -0.846046 -0.720729 0.30726
4 -0.793696 -0.824351 0.308763
4 -0.898887 -0.348535 0.316675
3 -0.941595 -0.321815 0.313193
1 -0.898734 -0.541026 0.312498
2 -0.904605 -0.260367 0.306226
3 -0.924872 -0.249617 0.303823
4 -0.813886 -0.701556 0.317237
1 -0.922478 -0.440161 0.311328
7 -0.943046 -0.289807 0.308918
3 -0.870979 -0.544251 0.307071
3 -0.838203 -0.471354 0.318036
1 -0.827577 -0.491539 0.31842
10 -0.844587 -0.421823 0.317844
3 -0.848845 -0.447611 0.317001
2 -0.764627 -0.780904 0.321431
4 -0.686137 -1.02689 0.324506
1 -0.807168 -0.462512 0.319682
3 -0.802474 -0.805605 0.309177
5 -0.802011 -0.551427 0.323041
2 -0.799856 -0.693795 0.315962
1 -0.866778 -0.456475 0.309433
2 -0.878507 -0.556787 0.309182
4 -0.996089 -0.122863 0.298589
2 -0.886496 -0.359205 0.31491
2 -0.86479 -0.525123 0.30774
1 -0.81667 -0.735139 0.311499
10 -0.850041 -0.475662 0.317153
8 -0.842177 -0.508349 0.315961
3 -0.820295 -0.643089 0.316378
1 -0.797065 -0.699811 0.316989
4 -0.827661 -0.65461 0.310104
1 -0.828848 -0.675667 0.307071
3 -0.820903 -0.661559 0.312826
4 -0.822479 -0.631375 0.315656
1 -0.823362 -0.735766 0.309554
2 -0.819257 -0.715151 0.31086
1 -0.90371 -0.341214 0.302426
3 -0.896897 -0.353666 0.301366
2 -0.809335 -0.765222 0.313618
2 -0.874296 -0.465848 0.307767
1 -0.781954 -0.820165 0.307341
1 -0.769009 -0.963972 0.308649
11 -0.723887 -1.18195 0.309502
1 -0.789743 -0.94627 0.309252
3 -0.792226 -0.821187 0.316417
10 -0.714474 -1.13634 0.320289
1 -0.820758 -0.865703 0.315447
2 -0.791533 -0.871772 0.316679
1 -0.845088 -0.396921 0.31587
1 -0.837533 -0.397438 0.314063
1 -0.843557 -0.508381 0.309389
2 -0.851894 -0.621639 0.306392
1 -0.92578 -0.243186 0.306134
4 -0.790528 -0.683901 0.315761
1 -0.824787 -0.614954 0.314516
1 -0.789204 -0.767275 0.311247
2 -0.847558 -0.629818 0.309274
2 -0.905172 -0.46086 0.307271
2 -0.833407 -0.691083 0.310608
3 -0.72648 -1.06202 0.317965
2 -0.851871 -0.566383 0.31129
7 -0.893829 -0.388508 0.305572
3 -0.853562 -0.558155 0.310829
5 -0.892523 -0.401808 0.308206
3 -0.863116 -0.56647 0.306637
2 -0.855751 -0.57276 0.305425
2 -0.869837 -0.513174 0.306609
1 -0.749572 -0.901337 0.314615
2 -0.749448 -0.782472 0.318285
3 -0.770067 -0.607658 0.319524
2 -0.845053 -0.32603 0.319495
1 -0.923675 -0.10534 0.315024
3 -0.868412 -0.285634 0.314242
4 -0.865354 -0.443767 0.312122
5 -0.887831 -0.412494 0.308362
1 -0.906073 -0.316727 0.307268
9 -0.911296 -0.280521 0.308533
2 -0.851269 -0.535684 0.311911
1 -0.795499 -0.839241 0.315195
1 -0.812619 -0.748946 0.314408
6 -0.885372 -0.458654 0.314882
5 -0.760163 -1.03003 0.30945
4 -0.810383 -0.694451 0.314768
2 -0.836089 -0.66111 0.311931
1 -0.835995 -0.509247 0.316923
1 -0.787534 -0.711371 0.312235
1 -0.817559 -0.592165 0.31057
12 -0.882026 -0.446981 0.309477
7 -0.871755 -0.455212 0.310653
3 -0.817739 -0.622161 0.31585
1 -0.844238 -0.530693 0.317951
3 -0.868433 -0.527935 0.304671
7 -0.753981 -0.931196 0.31544
2 -0.841769 -0.566184 0.312346
6 -0.816 -0.559562 0.313139
1 -0.821647 -0.568858 0.315152
2 -0.748646 -0.845842 0.322757
1 -0.758582 -0.82301 0.322101
8 -0.862005 -0.452896 0.311985
2 -0.782474 -0.959972 0.306661
1 -0.778539 -0.819722 0.313482
6 -0.801161 -0.745036 0.313644
1 -0.774109 -0.900917 0.315038
6 -0.720825 -1.05814 0.315498
1 -0.7896 -0.689929 0.319312
1 -0.883121 -0.443033 0.312391
5 -0.807764 -0.69008 0.316491
3 -0.826017 -0.548681 0.313565
1 -0.789986 -0.661727 0.315707
3 -0.788885 -0.839625 0.309344
2 -0.756751 -0.911248 0.31554
2 -0.753274 -0.848332 0.320006
4 -0.792489 -0.749876 0.316289
5 -0.78444 -0.674642 0.31903
2 -0.89313 -0.272403 0.311313
3 -0.883653 -0.410886 0.308988
1 -0.894681 -0.356401 0.308245
2 -0.851261 -0.411466 0.312711
6 -0.812044 -0.593964 0.314898
1 -0.844924 -0.564398 0.310779
3 -0.862305 -0.49989 0.305909
1 -0.832466 -0.660997 0.312389
2 -0.93165 -0.333659 0.304676
3 -0.905476 -0.459314 0.308141
4 -0.887771 -0.502716 0.306922
3 -0.869569 -0.579035 0.301745
1 -0.830525 -0.636734 0.315406
4 -0.790106 -0.765334 0.316995
2 -0.838512 -0.600005 0.308287
3 -0.848869 -0.587211 0.310254
1 -0.781755 -0.892224 0.311026
1 -0.821837 -0.663556 0.309125
1 -0.828227 -0.562921 0.316593
3 -0.850873 -0.519617 0.316237
4 -0.871041 -0.522437 0.317201
2 -0.936094 -0.320286 0.299831
1 -0.929666 -0.15514 0.306918
1 -0.865371 -0.532301 0.309989
3 -0.890895 -0.37137 0.303269
4 -0.874685 -0.397156 0.307374
1 -0.865456 -0.438174 0.307252
3 -0.851527 -0.396667 0.307627
1 -0.810458 -0.698846 0.304716
1 -0.81769 -0.657976 0.309669
1 -0.807004 -0.622279 0.311103
2 -0.799816 -0.78281 0.316189
4 -0.789 -0.824345 0.316676
2 -0.779785 -1.02085 0.306563
2 -0.799741 -0.904737 0.307437
1 -0.77655 -0.948531 0.311197
1 -0.839108 -0.698192 0.307432
2 -0.828631 -0.776603 0.305942
3 -0.766778 -0.87839 0.313502
3 -0.75775 -0.926254 0.312874
1 -0.754779 -0.88531 0.313959
1 -0.78824 -0.695716 0.317999
1 -0.805637 -0.602183 0.316072
6 -0.79963 -0.570544 0.311514
4 -0.833414 -0.576785 0.307946
1 -0.851679 -0.514818 0.310713
6 -0.848737 -0.525179 0.311072
2 -0.778565 -1.05496 0.306212
1 -0.859172 -0.683812 0.305162
7 -0.844301 -0.709646 0.306059
2 -0.792008 -0.804185 0.309837
3 -0.808456 -0.743654 0.307529
1 -0.81268 -0.754617 0.307123
4 -0.811936 -0.805073 0.30455
1 -0.825296 -0.771513 0.303785
9 -0.81295 -0.826333 0.306896
8 -0.822996 -0.762658 0.309684
1 -0.916222 -0.264799 0.303079
2 -0.845171 -0.531619 0.31376
2 -0.831884 -0.51503 0.316779
2 -0.763213 -0.923426 0.309875
2 -0.842869 -0.786759 0.303395
2 -0.830836 -0.782398 0.308962
2 -0.771255 -0.830024 0.312514
5 -0.80744 -0.714427 0.307153
1 -0.830243 -0.580306 0.306503
2 -0.833488 -0.71327 0.306047
1 -0.820127 -0.713678 0.30742
3 -0.837364 -0.717148 0.307947
8 -0.82535 -0.6404 0.308855
2 -0.836182 -0.521731 0.308842
2 -0.877144 -0.636927 0.304451
10 -0.870958 -0.67435 0.303056
1 -0.874657 -0.592623 0.313189
1 -0.870854 -0.574372 0.310786
5 -0.86974 -0.432635 0.315785
1 -0.802772 -0.735006 0.313651
1 -0.780084 -0.895976 0.317425
1 -0.804771 -0.851133 0.313861
1 -0.922018 -0.451783 0.301843
1 -0.904478 -0.571963 0.304344
2 -0.860609 -0.575163 0.315767
6 -0.923186 -0.345464 0.309509
3 -0.872435 -0.30992 0.316241
3 -0.868494 -0.354704 0.315713
3 -0.715341 -0.999694 0.32093
2 -0.782268 -0.825061 0.315346
2 -0.782602 -0.913633 0.314643
1 -0.758357 -0.999518 0.314263
7 -0.721874 -1.05536 0.319383
1 -0.822548 -0.871624 0.309554
2 -0.917828 -0.49604 0.308889
3 -0.902881 -0.468068 0.308558
1 -0.800942 -0.566671 0.322109
2 -0.802201 -0.501355 0.32485
1 -0.904967 -0.371094 0.308946
1 -0.86631 -0.438505 0.307488
1 -0.87557 -0.406517 0.310031
1 -0.884538 -0.363675 0.307258
6 -0.87395 -0.512061 0.308747
3 -0.842456 -0.593106 0.31069
3 -0.820006 -0.641761 0.317644
1 -0.810426 -0.706195 0.314556
3 -0.729022 -1.01421 0.318791
1 -0.718631 -0.992529 0.318685
5 -0.771911 -0.787292 0.316122
1 -0.755315 -0.910893 0.31552
3 -0.787014 -0.867032 0.31663
1 -0.796525 -0.825987 0.316913
1 -0.76486 -0.768113 0.327984
7 -0.883109 -0.537288 0.308212
1 -0.889907 -0.489498 0.30535
1 -0.893928 -0.383701 0.309863
7 -0.856737 -0.645019 0.307738
1 -0.914132 -0.485283 0.297153
2 -0.923581 -0.33215 0.308407
4 -0.91228 -0.395872 0.304062
2 -0.840004 -0.639586 0.30861
5 -0.820544 -0.68188 0.310048
2 -0.840853 -0.611749 0.305451
5 -0.90338 -0.435138 0.30617
2 -0.828504 -0.607652 0.312583
1 -0.853145 -0.573929 0.308277
4 -0.866169 -0.541648 0.306227
1 -0.878818 -0.481762 0.303928
2 -0.87121 -0.439644 0.312402
1 -0.849459 -0.464973 0.312684
2 -0.810454 -0.596044 0.314214
1 -0.875733 -0.442844 0.305304
9 -0.82476 -0.551656 0.313798
9 -0.859108 -0.521157 0.308562
1 -0.876666 -0.527254 0.304243
3 -0.864248 -0.341717 0.31584
11 -0.824153 -0.494879 0.313837
1 -0.790966 -0.742265 0.318966
3 -0.807502 -0.73849 0.312992
8 -0.840384 -0.739437 0.310208
1 -0.736118 -1.01274 0.321043
1 -0.801579 -0.603175 0.320339
1 -0.867054 -0.523798 0.314718
2 -0.883935 -0.508896 0.313091
5 -0.865301 -0.609081 0.309994
7 -0.870723 -0.666498 0.310049
3 -0.817995 -0.540286 0.319194
3 -0.849504 -0.444097 0.31494
1 -0.875598 -0.335764 0.309193
1 -0.853294 -0.53673 0.307099
1 -0.799103 -0.6755 0.313786
3 -0.784866 -0.804447 0.315485
1 -0.848651 -0.579341 0.307577
5 -0.842138 -0.595246 0.308098
1 -0.858096 -0.499958 0.315067
2 -0.859945 -0.547296 0.308317
3 -0.806693 -0.676145 0.312986
1 -0.833591 -0.731988 0.311222
2 -0.873655 -0.593874 0.309211
1 -0.861359 -0.519352 0.307569
2 -0.898797 -0.374394 0.308249
1 -0.799863 -0.823711 0.311883
3 -0.912255 -0.544722 0.305606
2 -0.859789 -0.757093 0.308279
4 -0.834816 -0.686834 0.30926
1 -0.836418 -0.544721 0.310403
6 -0.724571 -1.0143 0.320854
1 -0.84051 -0.404256 0.321687
2 -0.793933 -0.630769 0.322915
2 -0.779496 -0.787471 0.316117
1 -0.796895 -0.687061 0.312215
4 -0.851343 -0.54328 0.310296
2 -0.868844 -0.433669 0.308556
8 -0.970783 -0.138228 0.309377
4 -0.842621 -0.583722 0.318833
5 -0.843571 -0.64494 0.311294
1 -0.809118 -0.893782 0.308627
2 -0.7477 -1.07307 0.313306
1 -0.803651 -0.791486 0.3024
3 -0.792632 -0.78636 0.304534
3 -0.855664 -0.548937 0.30564
2 -0.831487 -0.642247 0.31921
1 -0.82726 -0.616842 0.320364
1 -0.828086 -0.676837 0.316807
2 -0.776157 -0.781322 0.313783
2 -0.903179 -0.293499 0.309714
3 -0.914218 -0.352741 0.30867
4 -0.838627 -0.592345 0.3163
6 -0.76847 -0.935962 0.318313
1 -0.835357 -0.615438 0.31165
1 -0.889575 -0.455444 0.305692
1 -0.900872 -0.410013 0.302113
4 -0.963 -0.259882 0.303084
1 -0.930075 -0.381846 0.304745
4 -0.750803 -0.942356 0.320744
1 -0.787745 -0.899371 0.315675
3 -0.81243 -0.823709 0.308791
2 -0.773677 -0.92854 0.308978
1 -0.789063 -0.91773 0.309303
1 -0.774438 -0.845193 0.316914
1 -0.883297 -0.607988 0.31042
2 -0.829724 -0.642836 0.318471
1 -0.837693 -0.564787 0.320082
2 -0.862645 -0.450772 0.314133
2 -0.840399 -0.701107 0.313178
1 -0.893113 -0.400049 0.312397
2 -0.88782 -0.420083 0.312455
2 -0.842019 -0.45979 0.313821
1 -0.842245 -0.498963 0.312244
1 -0.83571 -0.70188 0.306732
1 -0.881799 -0.40985 0.312973
3 -0.893535 -0.434101 0.313937
3 -0.870483 -0.427126 0.317048
2 -0.914992 -0.513305 0.306215
1 -0.869936 -0.614496 0.311229
3 -0.878127 -0.462822 0.307003
3 -0.88196 -0.40761 0.307078
4 -0.815707 -0.523509 0.315163
5 -0.806752 -0.805478 0.310072
2 -0.827868 -0.653218 0.314242
1 -0.901473 -0.258151 0.314707
1 -0.879175 -0.341726 0.30776
1 -0.844128 -0.444717 0.311278
2 -0.841289 -0.502748 0.307663
2 -0.783347 -0.700618 0.311665
2 -0.84917 -0.422982 0.314002
6 -0.853305 -0.596957 0.312733
1 -0.86368 -0.560913 0.313878
4 -0.770162 -0.96568 0.319662
1 -0.800082 -0.765267 0.311557
1 -0.990541 -0.117325 0.300224
4 -0.865965 -0.387205 0.310253
3 -0.82474 -0.644514 0.311737
2 -0.790043 -0.553578 0.318137
2 -0.769401 -0.717238 0.319192
2 -0.826177 -0.46245 0.318449
2 -0.863391 -0.364765 0.317537
1 -0.880361 -0.661071 0.305677
3 -0.841963 -0.747043 0.309896
5 -0.785792 -0.913128 0.309527
1 -0.705208 -1.10401 0.317304
1 -0.833901 -0.621425 0.311971
1 -0.821335 -0.627141 0.308609
4 -0.904662 -0.48275 0.299934
1 -0.849164 -0.51842 0.307112
1 -0.868921 -0.40105 0.310295
3 -0.792881 -0.678762 0.314098
1 -0.823582 -0.486407 0.318315
8 -0.777076 -0.789946 0.320689
1 -0.804246 -0.670458 0.322624
2 -0.884533 -0.359244 0.317343
1 -0.868487 -0.34175 0.320846
1 -0.91391 -0.310379 0.315993
2 -0.952167 -0.306802 0.302858
1 -0.996597 -0.242172 0.294016
5 -1.01936 -0.0472778 0.298792
3 -0.968467 -0.273401 0.302833
1 -0.986907 -0.250632 0.293241
2 -0.943281 -0.384046 0.294134
2 -0.923483 -0.321233 0.296717
1 -0.979503 0.0627818 0.304949
4 -0.734719 -0.874437 0.315925
1 -0.890544 -0.419641 0.308007
3 -0.8249 -0.662888 0.308583
1 -0.802488 -0.674884 0.311721
1 -0.795461 -0.651361 0.317478
6 -0.804967 -0.753104 0.308482
2 -0.837782 -0.537666 0.308724
5 -0.882818 -0.517722 0.30235
2 -0.919764 -0.363653 0.303219
2 -0.853609 -0.525423 0.313958
2 -0.710909 -1.01088 0.317161
2 -0.726502 -1.04481 0.317787
3 -0.705614 -1.0563 0.319277
2 -0.755651 -0.908783 0.320152
2 -0.714431 -1.14009 0.317096
2 -0.731533 -1.03877 0.317102
4 -0.743923 -1.02098 0.315712
2 -0.74047 -1.00406 0.316534
2 -0.857786 -0.644534 0.30271
1 -0.863356 -0.722758 0.297364
4 -0.7812 -0.975955 0.30885
3 -0.743054 -1.07026 0.312119
1 -0.845458 -0.476129 0.312288
3 -0.868906 -0.526201 0.308819
2 -0.888334 -0.476015 0.308311
1 -0.875198 -0.284582 0.317367
4 -0.888661 -0.407676 0.313376
1 -0.863587 -0.548638 0.312417
11 -0.862213 -0.576003 0.310794
1 -0.843729 -0.667423 0.303905
4 -0.840372 -0.769298 0.303396
2 -0.848864 -0.740753 0.302777
5 -0.837381 -0.747213 0.304728
1 -0.809851 -0.791638 0.306689
3 -0.837928 -0.708299 0.307662
1 -0.786397 -0.79635 0.313957
1 -0.785392 -0.824296 0.311972
6 -0.844518 -0.547918 0.316413
7 -0.908246 -0.218603 0.310348
2 -0.995811 0.0774097 0.297287
3 -0.99079 0.0333472 0.302933
1 -0.869169 -0.580302 0.299164
4 -0.784316 -0.734096 0.309302
3 -0.722467 -0.954 0.316215
2 -0.774396 -0.867643 0.307591
4 -0.800563 -0.861094 0.316663
3 -0.807616 -0.834508 0.314603
3 -0.744925 -0.915279 0.318907
3 -0.728509 -1.02395 0.319172
3 -0.747184 -1.07158 0.315528
3 -0.735046 -1.06667 0.317253
1 -0.726301 -1.15527 0.312504
1 -0.791688 -0.880285 0.303255
1 -0.876113 -0.439804 0.308499
2 -0.913844 -0.397162 0.306335
4 -0.857265 -0.41495 0.314047
7 -0.745957 -0.774968 0.323788
2 -0.842749 -0.42027 0.314047
1 -0.913749 -0.323331 0.303724
5 -0.939069 -0.361688 0.301368
3 -0.914848 -0.505648 0.302621
1 -0.883128 -0.667712 0.303444
4 -0.864214 -0.691097 0.306586
1 -0.762529 -0.977809 0.314725
3 -0.797995 -0.854958 0.310094
1 -0.796344 -0.898294 0.308634
4 -0.748041 -0.999335 0.308393
1 -0.772295 -0.904941 0.308182
4 -0.818081 -0.702293 0.314084
2 -0.84573 -0.636617 0.314023
1 -0.908588 -0.309647 0.307423
2 -0.902318 -0.301382 0.306914
2 -0.935458 -0.221238 0.304865
6 -0.812608 -0.697907 0.30819
2 -0.820801 -0.823985 0.302651
7 -0.81684 -0.682718 0.30749
9 -0.901913 -0.636294 0.295771
1 -0.896004 -0.698391 0.298439
2 -0.888157 -0.488054 0.305467
3 -0.85499 -0.45502 0.312877
4 -0.816723 -0.818482 0.309631
1 -0.867605 -0.654506 0.305683
2 -0.870611 -0.495861 0.305849
3 -0.812037 -0.731764 0.30979
3 -0.886111 -0.39555 0.299858
2 -0.872635 -0.436804 0.300531
1 -0.83418 -0.568831 0.310892
2 -0.864928 -0.564923 0.30767
1 -0.880931 -0.534689 0.305531
2 -0.839392 -0.780566 0.304458
1 -0.878847 -0.431832 0.301021
2 -0.835428 -0.572097 0.309489
1 -0.818422 -0.670932 0.311172
2 -0.876867 -0.417841 0.308448
2 -0.855291 -0.321619 0.321083
4 -0.814033 -0.454153 0.320998
2 -0.829837 -0.47519 0.318094
1 -0.742846 -0.753902 0.323956
2 -0.749713 -0.902219 0.318943
4 -0.724565 -1.09051 0.315355
1 -0.778677 -0.717457 0.317571
5 -0.841638 -0.652183 0.304824
2 -0.860323 -0.478131 0.306966
3 -0.843471 -0.582645 0.306359
1 -0.844281 -0.531032 0.309129
2 -0.740985 -1.04561 0.313582
4 -0.865056 -0.59718 0.314166
3 -0.881232 -0.4415 0.31191
1 -0.872444 -0.594868 0.308583
2 -0.862149 -0.594192 0.307362
1 -0.794238 -0.580072 0.31526
1 -0.773155 -0.682157 0.31421
3 -0.781192 -0.720983 0.31293
7 -0.750481 -0.832292 0.319041
1 -0.764923 -0.647141 0.321555
3 -0.843315 -0.563476 0.309196
1 -0.881623 -0.612303 0.301086
7 -0.807828 -0.707342 0.309956
5 -0.834334 -0.727968 0.310274
1 -0.781806 -0.897483 0.311104
1 -0.773913 -0.813287 0.31386
4 -0.77648 -0.858001 0.312979
4 -0.769223 -0.846027 0.315282
8 -0.759287 -0.949074 0.314413
2 -0.886451 -0.394143 0.305198
1 -0.864206 -0.617566 0.301288
1 -0.836415 -0.608471 0.31104
1 -0.857693 -0.417966 0.309778
3 -0.843175 -0.595023 0.306559
1 -0.827914 -0.605625 0.309695
6 -0.870261 -0.482833 0.307814
1 -0.814542 -0.642197 0.313336
3 -0.882922 -0.564983 0.309314
1 -0.894648 -0.51628 0.309275
2 -0.791267 -0.79362 0.312582
1 -0.894306 -0.320658 0.311381
2 -0.886848 -0.484059 0.310102
1 -0.910908 -0.524097 0.304381
9 -0.899499 -0.592166 0.306387
1 -0.89614 -0.543887 0.304402
4 -0.745461 -0.868543 0.304822
2 -0.796288 -0.672761 0.315782
2 -0.812644 -0.620475 0.312997
4 -0.792962 -0.757974 0.309406
2 -0.866378 -0.445573 0.309575
3 -0.871627 -0.31198 0.317838
4 -0.939086 -0.163146 0.3114
2 -0.918969 -0.305919 0.307764
4 -0.897618 -0.293932 0.308663
1 -0.928461 -0.249353 0.31047
5 -0.918546 -0.223128 0.31641
1 -0.924281 -0.165972 0.32005
1 -0.867988 -0.354908 0.323637
2 -0.844571 -0.459983 0.31742
1 -0.83264 -0.486631 0.317468
1 -0.810629 -0.564012 0.321039
1 -0.776461 -0.609701 0.325147
1 -0.71841 -0.874278 0.32273
2 -0.754593 -0.868022 0.312912
1 -0.746524 -0.881152 0.312684
4 -0.716947 -0.91247 0.31494
1 -0.677609 -0.935886 0.324838
2 -0.75136 -0.65032 0.322348
1 -0.836929 -0.491459 0.320481
3 -0.809096 -0.746804 0.313118
1 -0.780184 -0.957628 0.313589
1 -0.818338 -0.780467 0.305795
2 -0.802482 -0.600576 0.318214
1 -0.862981 -0.487702 0.317353
3 -0.803486 -0.923075 0.309379
2 -0.833964 -0.804363 0.305979
5 -0.841573 -0.871385 0.300186
7 -0.756333 -1.16931 0.312745
3 -0.719944 -1.22909 0.315639
4 -0.695467 -1.3435 0.317677
2 -0.717147 -1.24151 0.31716
2 -0.759997 -1.10921 0.314429
1 -0.851305 -0.762611 0.313364
3 -0.86094 -0.650865 0.309111
1 -0.906874 -0.559312 0.302163
2 -0.865502 -0.717812 0.30404
4 -0.848754 -0.739988 0.303979
6 -0.967003 -0.284698 0.295812
2 -0.921152 -0.406814 0.302011
1 -0.82778 -0.74155 0.312643
1 -0.833895 -0.750686 0.317849
4 -0.824977 -0.802196 0.313364
2 -0.794078 -0.921312 0.313794
1 -0.781939 -0.862191 0.319668
2 -0.78451 -0.831249 0.319706
1 -0.773532 -0.926756 0.320927
1 -0.745132 -0.932695 0.319339
1 -0.743916 -0.962067 0.318057
1 -0.780186 -0.947532 0.306781
4 -0.864518 -0.450211 0.311159
2 -0.777072 -0.808504 0.316797
6 -0.768207 -0.806408 0.31918
4 -0.796067 -0.764341 0.309219
3 -0.794324 -0.929069 0.304969
1 -0.807793 -0.820507 0.302496
2 -0.744495 -1.11121 0.308842
2 -0.801876 -0.86712 0.314132
4 -0.755248 -0.817583 0.323817
1 -0.798257 -0.756183 0.320705
10 -0.791113 -0.833114 0.314721
11 -0.872299 -0.478444 0.310356
2 -0.886165 -0.373619 0.308813
4 -0.868678 -0.660606 0.304569
1 -0.732807 -0.96892 0.314246
1 -0.80546 -0.568794 0.314552
5 -0.800956 -0.567835 0.316466
1 -0.84861 -0.423285 0.313315
5 -0.709247 -0.815482 0.322375
5 -0.856558 -0.60843 0.311896
1 -0.834096 -0.593725 0.310244
2 -0.841116 -0.591589 0.310205
1 -0.769142 -0.81991 0.316624
5 -0.895219 -0.611635 0.307246
2 -0.885133 -0.52728 0.305176
1 -0.86558 -0.587458 0.306752
3 -0.776062 -0.863058 0.315529
8 -0.863424 -0.650964 0.307086
1 -0.869649 -0.522682 0.313276
1 -0.887279 -0.415483 0.307152
10 -0.880372 -0.460244 0.306585
1 -0.887058 -0.375209 0.305644
3 -0.872272 -0.487691 0.304443
2 -0.864549 -0.500894 0.31097
1 -0.873444 -0.579507 0.304862
4 -0.858021 -0.735846 0.308342
1 -0.877078 -0.6883 0.301977
1 -0.849205 -0.661586 0.31066
1 -0.80531 -0.676167 0.319766
2 -0.76387 -0.846682 0.322209
3 -0.800626 -0.820198 0.313122
1 -0.868054 -0.570731 0.310646
3 -0.854795 -0.628683 0.310054
1 -0.86985 -0.58876 0.31077
1 -0.885838 -0.457723 0.310879
4 -0.789958 -0.692568 0.318206
1 -0.874595 -0.501612 0.312032
4 -0.874248 -0.505731 0.311985
2 -0.826655 -0.62363 0.312767
3 -0.796208 -0.711711 0.315096
3 -0.72878 -1.01036 0.317512
6 -0.812516 -0.514791 0.318736
1 -0.866589 -0.467416 0.31659
3 -0.808262 -0.697128 0.317238
1 -0.834214 -0.695935 0.31043
2 -0.834906 -0.666825 0.310717
2 -0.829803 -0.685546 0.309972
1 -0.804775 -0.746233 0.310028
5 -0.759117 -0.844014 0.315026
2 -0.871468 -0.520294 0.30646
2 -0.905609 -0.38478 0.302161
2 -0.87143 -0.494144 0.306782
3 -0.854346 -0.682039 0.302024
4 -0.88198 -0.652398 0.302003
2 -0.791647 -0.911335 0.30883
7 -0.823561 -0.619151 0.306749
1 -0.879694 -0.573638 0.300418
1 -0.863785 -0.537947 0.3016
1 -0.877478 -0.373027 0.313708
1 -0.822776 -0.584081 0.316744
1 -0.800861 -0.566739 0.311281
2 -0.844506 -0.498731 0.303858
2 -0.859467 -0.556451 0.302383
4 -0.849395 -0.575463 0.311094
2 -0.868451 -0.441046 0.313199
2 -0.80029 -0.742627 0.318612
6 -0.802711 -0.751112 0.317896
8 -0.756732 -0.936437 0.316246
1 -0.782462 -0.874489 0.315667
1 -0.858356 -0.605264 0.306926
3 -0.88919 -0.491452 0.305254
2 -0.956921 -0.36128 0.302093
2 -0.882197 -0.692153 0.3095
3 -0.923078 -0.313827 0.310286
8 -0.871975 -0.450541 0.313552
4 -0.840642 -0.521347 0.316964
1 -0.908994 -0.305749 0.309506
3 -0.859168 -0.645276 0.309142
3 -0.887773 -0.441568 0.315894
5 -0.938795 -0.314406 0.307832
7 -0.86136 -0.538656 0.311706
1 -0.885311 -0.388471 0.312583
1 -0.832108 -0.75788 0.303286
1 -0.814777 -0.857612 0.31121
4 -0.820842 -0.774563 0.308173
3 -0.826022 -0.76647 0.307924
2 -0.869437 -0.584154 0.304816
2 -0.906186 -0.392257 0.309745
4 -0.909135 -0.349865 0.30909
8 -0.775824 -0.673857 0.323141
2 -0.799549 -0.5306 0.324775
3 -0.770075 -0.847874 0.319627
1 -0.912932 -0.398309 0.308732
3 -0.75621 -0.808416 0.325632
1 -0.800367 -0.630437 0.324012
2 -0.808905 -0.738221 0.312249
1 -0.833647 -0.738816 0.308151
1 -0.888776 -0.586027 0.307621
3 -0.836004 -0.724386 0.311192
2 -0.766718 -1.08832 0.312917
2 -0.718622 -1.22739 0.311823
1 -0.745565 -1.11789 0.309864
4 -0.757857 -1.02791 0.313096
4 -0.812261 -0.646262 0.316137
5 -0.8894 -0.409867 0.308205
2 -0.805657 -0.688316 0.315276
6 -0.844646 -0.5598 0.310763
1 -0.934982 -0.342201 0.302417
5 -0.951234 -0.378619 0.300146
8 -0.810317 -0.646986 0.313007
8 -0.77043 -0.796008 0.316947
2 -0.755157 -0.727332 0.321672
3 -0.855249 -0.488926 0.310836
1 -0.790941 -0.74661 0.31094
9 -0.812324 -0.910779 0.305808
1 -0.730535 -1.00125 0.321008
2 -0.868996 -0.417242 0.308247
2 -0.856949 -0.457956 0.309047
2 -0.834557 -0.607051 0.309104
6 -0.855934 -0.566762 0.309306
1 -0.901398 -0.362178 0.307479
2 -0.891957 -0.402079 0.306149
3 -0.874227 -0.510376 0.301327
3 -0.766511 -0.898092 0.311314
2 -0.797493 -0.750239 0.313598
3 -0.802273 -0.56626 0.318078
2 -0.793226 -0.697444 0.316296
6 -0.802852 -0.632361 0.316222
1 -0.80892 -0.626884 0.31989
1 -0.880562 -0.526589 0.313728
6 -0.880325 -0.49374 0.309889
8 -0.768736 -0.87639 0.312499
2 -0.827136 -0.534743 0.313273
6 -0.814972 -0.457822 0.316698
1 -0.873215 -0.492422 0.308904
7 -0.88644 -0.433158 0.30762
2 -0.84174 -0.68127 0.306099
2 -0.907843 -0.499538 0.307202
6 -0.891623 -0.437955 0.31284
1 -0.881912 -0.395951 0.317896
2 -0.883118 -0.350992 0.313727
3 -0.945897 -0.20805 0.310058
1 -0.902585 -0.433283 0.301847
3 -0.868548 -0.625784 0.307615
1 -0.831848 -0.699393 0.30745
4 -0.84521 -0.648108 0.307235
1 -0.844583 -0.609411 0.308131
1 -0.800748 -0.790209 0.309941
2 -0.805978 -0.736755 0.310767
1 -0.883091 -0.485384 0.308026
8 -0.867982 -0.34499 0.311704
3 -0.791266 -0.651012 0.321757
2 -0.811659 -0.739421 0.313875
1 -0.761455 -0.912979 0.314073
1 -0.903389 -0.483916 0.304383
2 -0.905149 -0.45826 0.305501
2 -0.867911 -0.542463 0.312024
6 -0.919225 -0.379989 0.305513
1 -0.856258 -0.673098 0.309891
2 -0.882339 -0.495938 0.31047
2 -0.867696 -0.720586 0.304715
1 -1.04469 0.027257 0.296309
8 -1.02829 -0.0487219 0.295944
1 -0.990854 -0.144611 0.298575
2 -0.921855 -0.371706 0.301661
2 -0.897625 -0.423974 0.303572
4 -0.864992 -0.505001 0.307657
1 -0.820863 -0.535279 0.316939
2 -0.866851 -0.413919 0.310527
4 -0.886333 -0.355079 0.308451
1 -0.880061 -0.490883 0.303721
1 -0.832751 -0.611156 0.311248
5 -0.878909 -0.468791 0.312605
1 -0.85345 -0.476066 0.307087
1 -0.885669 -0.354419 0.310789
1 -0.836844 -0.570269 0.308988
1 -0.861388 -0.401314 0.310761
4 -0.863271 -0.44823 0.302546
2 -0.879146 -0.450089 0.300534
7 -0.943007 -0.157672 0.301248
7 -0.923132 -0.32341 0.299215
1 -0.871041 -0.478751 0.300531
1 -0.86737 -0.500602 0.299689
1 -0.884447 -0.42874 0.300293
8 -0.797243 -0.849329 0.308861
2 -0.806447 -0.789477 0.31012
1 -0.820412 -0.778242 0.307144
3 -0.89573 -0.312846 0.30783
1 -0.883871 -0.367104 0.314096
1 -0.892478 -0.2947 0.316464
1 -0.842177 -0.479246 0.325142
1 -0.830501 -0.468439 0.321197
3 -0.789339 -0.705749 0.322153
1 -0.781688 -0.620464 0.324204
5 -0.857303 -0.378587 0.321525
2 -0.777097 -0.61324 0.328126
3 -0.767647 -0.779402 0.323426
4 -0.709317 -0.864841 0.330376
1 -0.811951 -0.671685 0.322723
2 -0.825575 -0.649551 0.317811
3 -0.786479 -0.696167 0.316681
1 -0.805255 -0.633519 0.314811
5 -0.790372 -0.629671 0.316175
1 -0.802777 -0.541187 0.317939
6 -0.822341 -0.563489 0.315375
2 -0.84481 -0.50526 0.316567
2 -0.859262 -0.397289 0.319555
2 -0.914054 -0.572795 0.296905
1 -0.896027 -0.623869 0.300959
2 -0.931477 -0.465592 0.298621
1 -0.845275 -0.654751 0.312249
2 -0.889948 -0.474789 0.308637
1 -0.912684 -0.191023 0.310088
6 -0.901597 -0.259038 0.309266
1 -0.74796 -0.782909 0.320263
3 -0.787998 -0.7501 0.312381
3 -0.86116 -0.540591 0.306271
1 -0.883668 -0.417295 0.307341
1 -0.84809 -0.388628 0.31303
1 -0.849519 -0.443883 0.313158
3 -0.776014 -0.732978 0.325146
4 -0.911454 -0.302585 0.314335
7 -0.912523 -0.295388 0.310393
1 -0.810748 -0.692949 0.315712
1 -0.86095 -0.457895 0.316245
1 -0.840524 -0.495959 0.31921
2 -0.850287 -0.556801 0.309389
1 -0.865194 -0.486221 0.309035
1 -0.838712 -0.60405 0.309995
5 -0.88224 -0.452342 0.306269
1 -0.841469 -0.54563 0.31026
4 -0.915617 -0.419508 0.297397
2 -0.896632 -0.282419 0.316603
1 -0.862391 -0.498191 0.316066
1 -0.836973 -0.627887 0.318628
8 -0.79777 -0.719702 0.312405
4 -0.80111 -0.863045 0.311249
2 -0.807618 -0.740439 0.31498
3 -0.902831 -0.315699 0.310847
4 -0.814293 -0.739905 0.311382
6 -0.954522 -0.295903 0.297011
1 -0.908068 -0.478273 0.29941
5 -0.918088 -0.343912 0.305183
3 -0.838939 -0.651668 0.312654
8 -0.892976 -0.315597 0.313953
1 -0.870547 -0.397266 0.315162
1 -0.849664 -0.477495 0.310852
2 -0.874865 -0.588231 0.29765
3 -0.75921 -0.837576 0.313723
4 -0.804349 -0.740038 0.311301
3 -0.803676 -0.734606 0.31142
3 -0.936021 -0.302652 0.303691
2 -0.933949 -0.218845 0.306967
3 -0.920596 -0.283583 0.309181
1 -0.886768 -0.447693 0.308118
2 -0.958197 -0.292936 0.30388
1 -0.91495 -0.283092 0.315328
1 -0.912129 -0.33918 0.31089
2 -0.804512 -0.69246 0.31055
2 -0.769954 -0.815238 0.313667
3 -0.785375 -0.73665 0.313141
3 -0.825973 -0.604697 0.31128
1 -0.840255 -0.501518 0.313745
5 -0.842065 -0.490881 0.313888
4 -0.899789 -0.313548 0.311987
2 -0.850374 -0.454742 0.313437
2 -0.882971 -0.281447 0.312188
1 -0.907329 -0.206646 0.311012
4 -0.900985 -0.290131 0.310542
2 -0.830885 -0.622979 0.311681
1 -0.800613 -0.732242 0.3101
2 -0.794376 -0.835911 0.304287
2 -0.76271 -0.905382 0.314132
4 -0.83878 -0.596686 0.312439
2 -0.833182 -0.528642 0.316236
3 -0.846248 -0.565635 0.307289
2 -0.887792 -0.373735 0.313099
1 -0.833696 -0.519712 0.31526
1 -0.794439 -0.741471 0.312409
12 -0.790265 -0.859006 0.308281
1 -0.850857 -0.702338 0.30422
1 -0.833206 -0.68811 0.314517
6 -0.805756 -0.788977 0.316245
2 -0.78895 -0.645895 0.320229
2 -0.817877 -0.71125 0.311883
2 -0.901623 -0.524352 0.304634
2 -0.893702 -0.441482 0.313321
2 -0.858711 -0.583785 0.313743
1 -0.912021 -0.376596 0.306521
6 -0.837367 -0.586348 0.310559
1 -0.856022 -0.46154 0.313123
1 -0.863242 -0.677524 0.310969
1 -0.819628 -0.840415 0.309037
5 -0.819644 -0.835714 0.308875
2 -0.819771 -0.657636 0.313192
4 -0.818426 -0.901266 0.305391
1 -0.81599 -0.924285 0.304326
2 -0.805832 -0.939255 0.305437
1 -0.803755 -0.594612 0.314178
4 -0.795962 -0.75627 0.310814
1 -0.792695 -0.784809 0.309523
8 -0.74741 -0.920463 0.309706
3 -0.81679 -0.748064 0.29854
3 -0.858374 -0.562656 0.300295
1 -0.829263 -0.709601 0.30595
4 -0.886511 -0.417842 0.311348
2 -0.899834 -0.360408 0.309648
2 -0.836863 -0.570407 0.311104
9 -0.875311 -0.448223 0.316091
5 -0.856299 -0.758075 0.309066
2 -0.841231 -0.634764 0.303553
4 -0.781624 -0.752847 0.315077
1 -0.796294 -0.704683 0.320103
1 -0.819089 -0.654046 0.311205
5 -0.774026 -0.865761 0.312139
4 -0.841048 -0.589325 0.308061
2 -0.87811 -0.436966 0.302991
1 -0.872801 -0.365724 0.310657
2 -0.889994 -0.303102 0.308113
2 -0.855514 -0.363764 0.311223
2 -0.988459 -0.177956 0.296238
5 -1.00041 -0.0813341 0.30115
4 -0.909037 -0.494617 0.305545
10 -0.881167 -0.457564 0.309809
2 -0.768021 -0.775953 0.316436
1 -0.848387 -0.426275 0.316471
5 -0.833779 -0.528833 0.317715
7 -0.771119 -0.818924 0.317358
2 -0.914103 -0.333309 0.308796
2 -0.804141 -0.833273 0.307972
1 -0.825681 -0.821531 0.300277
5 -0.869184 -0.561787 0.308177
2 -0.859557 -0.598898 0.310435
1 -0.885886 -0.505147 0.3096
7 -0.869867 -0.524498 0.307455
5 -0.82218 -0.68896 0.311212
4 -0.870792 -0.522728 0.308269
3 -0.800575 -0.733786 0.314267
1 -0.818839 -0.670528 0.31254
1 -0.787633 -0.75304 0.315527
6 -0.829483 -0.610871 0.31543
3 -0.799605 -0.730325 0.315398
1 -0.818942 -0.545818 0.32748
3 -0.6748 -1.09606 0.326206
4 -0.729387 -0.987021 0.317569
1 -0.794284 -0.783086 0.311991
1 -0.761393 -0.860138 0.314809
2 -0.872035 -0.581898 0.3077
1 -0.945205 -0.334184 0.301795
2 -0.842175 -0.653805 0.310848
1 -0.855217 -0.57212 0.308859
1 -0.851123 -0.497121 0.31383
3 -0.771192 -0.744013 0.319848
2 -0.762128 -0.747865 0.320009
1 -0.744012 -0.943035 0.315605
3 -0.826525 -0.727497 0.307931
1 -0.733363 -1.05643 0.313703
2 -0.743025 -1.13684 0.313216
5 -0.811536 -0.703503 0.310008
4 -0.790781 -0.757708 0.315241
1 -0.770737 -0.763849 0.318833
1 -0.817133 -0.606277 0.317398
8 -0.789641 -0.654502 0.321585
3 -0.810265 -0.633865 0.321496
1 -0.829923 -0.475527 0.318359
4 -0.887873 -0.4201 0.310436
1 -0.916264 -0.357551 0.305755
3 -0.924839 -0.281415 0.307398
5 -0.894796 -0.59755 0.311013
2 -0.838715 -0.598647 0.314506
2 -0.817672 -0.670555 0.317765
1 -0.788408 -0.837971 0.308861
1 -0.823468 -0.5834 0.311945
7 -0.843419 -0.453369 0.314537
9 -0.85765 -0.492786 0.311271
3 -0.856875 -0.497574 0.309967
1 -0.849862 -0.526498 0.310656
2 -0.788932 -0.759356 0.308972
1 -0.773789 -0.790851 0.309127
6 -0.834099 -0.56648 0.313021
1 -0.823669 -0.605618 0.313816
3 -0.841002 -0.561282 0.308493
2 -0.815145 -0.59887 0.31082
12 -0.779959 -0.658314 0.31907
6 -0.818617 -0.55814 0.316642
9 -0.810841 -0.723375 0.314513
1 -0.810702 -0.805713 0.309701
2 -0.925579 -0.446357 0.302202
1 -0.93755 -0.447039 0.305422
1 -0.873337 -0.507094 0.312551
1 -0.840944 -0.660247 0.306017
5 -0.923548 -0.326811 0.30462
3 -0.912562 -0.366366 0.308538
1 -0.875388 -0.499241 0.30996
1 -0.89763 -0.447646 0.309285
2 -0.91144 -0.43418 0.306807
7 -0.898866 -0.460741 0.306272
3 -0.906789 -0.366293 0.307277
1 -0.785622 -0.679805 0.319854
4 -0.811261 -0.694462 0.310079
3 -0.822144 -0.660631 0.309338
3 -0.838311 -0.60209 0.309019
3 -0.830548 -0.522962 0.316384
3 -0.827092 -0.531649 0.316625
2 -0.822455 -0.673507 0.309244
1 -0.849421 -0.605625 0.308654
1 -0.846717 -0.629435 0.307929
5 -0.818774 -0.72404 0.30717
4 -0.858903 -0.540413 0.306813
5 -0.831583 -0.516888 0.315205
1 -0.83479 -0.532943 0.314391
2 -0.789306 -0.665829 0.317962
2 -0.829545 -0.567723 0.311929
3 -0.810375 -0.848658 0.308791
3 -0.75585 -0.946958 0.315374
1 -0.740866 -0.951673 0.310893
2 -0.81154 -0.735076 0.307318
4 -0.759302 -0.825811 0.317058
3 -0.73331 -0.960439 0.317116
1 -0.907011 -0.256785 0.304504
5 -0.907874 -0.242317 0.303147
5 -0.88267 -0.351919 0.303486
8 -0.886806 -0.342195 0.302683
1 -0.924149 -0.247028 0.30253
2 -0.829682 -0.626075 0.318124
4 -0.864812 -0.556194 0.309079
4 -0.863929 -0.601958 0.305107
3 -0.830283 -0.679569 0.307667
2 -0.775578 -0.845146 0.309452
1 -0.820489 -0.763072 0.309912
5 -0.858297 -0.559992 0.3129
1 -0.925037 -0.208472 0.313541
4 -0.934534 -0.204605 0.307917
2 -0.934155 -0.210859 0.306057
2 -0.884965 -0.455392 0.308887
1 -0.948493 -0.152607 0.306805
1 -0.862647 -0.519904 0.313158
3 -0.892524 -0.432481 0.308233
5 -0.859938 -0.57843 0.309215
2 -0.856338 -0.58918 0.309739
5 -0.781481 -0.777183 0.315575
1 -0.848348 -0.631418 0.313333
3 -0.877657 -0.412642 0.315459
4 -0.823357 -0.576431 0.312266
2 -0.880609 -0.481199 0.309284
1 -0.856398 -0.710212 0.303595
1 -0.847703 -0.836794 0.301786
3 -0.793152 -0.950148 0.307202
3 -0.773546 -0.884868 0.311422
2 -0.823826 -0.64195 0.316278
1 -0.814185 -0.71603 0.310531
4 -0.843964 -0.534724 0.314496
1 -0.924516 -0.304411 0.305781
11 -0.926147 -0.28433 0.307881
1 -0.749244 -0.835819 0.319773
2 -0.720535 -0.943073 0.321195
3 -0.848682 -0.624469 0.307366
1 -0.851812 -0.666392 0.308259
3 -0.858605 -0.5102 0.313985
2 -0.868257 -0.494141 0.314011
7 -0.888724 -0.457154 0.312169
7 -0.83742 -0.569548 0.311284
2 -0.87505 -0.366935 0.31609
1 -0.801853 -0.698589 0.313628
1 -0.855964 -0.570834 0.305739
2 -0.821971 -0.697813 0.308556
5 -0.807226 -0.763215 0.30845
4 -0.81859 -0.72586 0.309177
2 -0.903978 -0.392243 0.303568
1 -0.872319 -0.573883 0.30875
1 -0.846582 -0.603268 0.307755
1 -0.853696 -0.650824 0.307932
2 -0.851822 -0.746564 0.305194
1 -0.850125 -0.746774 0.306175
7 -0.840432 -0.680901 0.305887
2 -0.805786 -0.798985 0.307045
5 -0.810172 -0.722938 0.30886
1 -0.780333 -0.810289 0.311601
1 -0.760546 -0.843754 0.313271
1 -0.839128 -0.688929 0.3064
1 -0.80737 -0.763218 0.309648
2 -0.789303 -0.912192 0.305712
1 -0.818904 -0.639332 0.310042
1 -0.833627 -0.618233 0.303999
1 -0.760598 -0.847011 0.310395
3 -0.683083 -1.12662 0.322743
1 -0.725598 -0.90864 0.32538
1 -0.779596 -0.731163 0.321512
2 -0.798354 -0.683485 0.31673
2 -0.789646 -0.690423 0.31699
2 -0.800847 -0.786092 0.313326
1 -0.815609 -0.69056 0.314433
6 -0.831887 -0.700595 0.304088
2 -0.841263 -0.488255 0.309234
5 -0.78584 -0.609534 0.324124
2 -0.781327 -0.768131 0.316989
1 -0.784922 -0.872845 0.317019
1 -0.764591 -1.01518 0.31477
1 -0.80265 -0.776696 0.310829
7 -0.849934 -0.526884 0.313412
2 -0.803355 -0.627286 0.31575
3 -0.87836 -0.412951 0.310578
3 -0.832351 -0.700302 0.314804
4 -0.805487 -0.82918 0.307344
1 -0.89895 -0.41129 0.299068
4 -0.853011 -0.660937 0.306289
2 -0.883607 -0.516575 0.307141
1 -0.814985 -0.707163 0.307657
2 -0.824711 -0.625632 0.309865
7 -0.883981 -0.360272 0.305276
1 -0.843971 -0.515186 0.306704
4 -0.86106 -0.5141 0.303331
7 -0.887095 -0.362335 0.305645
1 -0.871846 -0.486397 0.309896
1 -0.856041 -0.629007 0.309591
2 -0.812988 -0.775762 0.318466
7 -0.831017 -0.74414 0.312251
1 -0.788057 -0.909449 0.310203
2 -0.898168 -0.474579 0.303002
7 -0.910491 -0.35441 0.304563
4 -0.926731 -0.277892 0.305242
3 -0.81771 -0.756399 0.311073
6 -0.89604 -0.406919 0.309061
1 -0.82656 -0.711394 0.313485
4 -0.802457 -0.704577 0.30935
3 -0.799143 -0.864154 0.309621
4 -0.818605 -0.783149 0.310166
7 -0.850739 -0.62469 0.304841
3 -0.870397 -0.654814 0.301498
4 -0.839899 -0.810759 0.304368
4 -0.876401 -0.497962 0.305233
1 -0.840355 -0.402964 0.317593
1 -0.898998 -0.233653 0.312489
1 -0.915985 -0.292924 0.304557
8 -0.865099 -0.508328 0.306985
2 -0.815496 -0.828362 0.306383
1 -0.757637 -0.857429 0.319089
2 -0.774835 -0.743868 0.317519
15 -0.81393 -0.512293 0.317965
2 -0.805387 -0.661012 0.317288
3 -0.985021 -0.0693714 0.307395
3 -0.856134 -0.477244 0.3065
1 -0.83712 -0.509204 0.30895
4 -0.773464 -0.759457 0.313472
3 -0.737659 -0.855515 0.31927
2 -0.826391 -0.609987 0.317994
2 -0.82676 -0.717114 0.312048
4 -0.912926 -0.316076 0.307325
1 -0.85943 -0.402105 0.311994
4 -0.888008 -0.399082 0.312694
1 -0.899425 -0.27769 0.312928
3 -0.818265 -0.523018 0.321222
1 -0.854654 -0.480303 0.3113
1 -0.807754 -0.647179 0.31037
4 -0.774189 -0.850101 0.310689
3 -0.749616 -0.925498 0.31466
1 -0.733852 -0.98385 0.315577
1 -0.673688 -1.17236 0.316469
1 -0.693553 -1.09842 0.317522
4 -0.757041 -0.930095 0.312201
1 -0.829627 -0.667382 0.307202
3 -0.8277 -0.494603 0.316974
1 -0.742169 -0.77142 0.324309
1 -0.891768 -0.342313 0.312464
1 -0.842368 -0.696525 0.311947
5 -0.866616 -0.527226 0.316557
9 -0.896147 -0.464393 0.300096
2 -0.904812 -0.472711 0.302807
1 -0.901514 -0.28957 0.307305
2 -0.871864 -0.533179 0.308631
1 -0.892252 -0.529829 0.306306
5 -0.851777 -0.705463 0.310886
3 -0.986413 -0.166187 0.298506
1 -0.973873 -0.276881 0.293372
6 -0.845632 -0.41008 0.314599
2 -0.827712 -0.4165 0.321706
1 -0.782949 -0.697687 0.314384
5 -0.807817 -0.686805 0.309768
1 -0.773746 -0.804078 0.313346
4 -0.824036 -0.492793 0.312587
10 -0.78741 -0.747741 0.312375
2 -0.802361 -0.680034 0.311498
1 -0.790461 -0.833368 0.311174
3 -0.862694 -0.507677 0.320155
3 -0.829572 -0.636375 0.31112
2 -0.81906 -0.749652 0.307485
1 -0.840639 -0.835368 0.303177
1 -0.775046 -1.10699 0.306939
3 -0.829523 -0.56379 0.310075
9 -0.81774 -0.660858 0.311166
1 -0.891027 -0.406043 0.312769
1 -0.888429 -0.400801 0.313474
1 -0.894269 -0.257201 0.316414
3 -0.831291 -0.450369 0.317433
2 -0.86085 -0.568674 0.306301
2 -0.768987 -0.925625 0.315996
1 -0.765128 -0.83482 0.314569
2 -0.803076 -0.748776 0.311377
4 -0.813667 -0.731887 0.310757
3 -0.791185 -0.74237 0.316402
1 -0.792555 -0.708325 0.317673
4 -0.772661 -0.757979 0.321515
2 -0.822503 -0.754008 0.31
6 -0.818412 -0.829692 0.311052
7 -0.88952 -0.395571 0.309146
6 -0.89388 -0.454548 0.306514
6 -0.839892 -0.722959 0.310056
2 -0.795253 -0.887545 0.311718
1 -0.821813 -0.736172 0.309092
1 -0.777518 -0.915357 0.311724
1 -0.774516 -0.978977 0.310923
6 -0.774472 -0.783096 0.31333
2 -0.737625 -0.941949 0.315755
1 -0.730263 -0.9914 0.317504
1 -0.823889 -0.642627 0.316146
1 -0.903169 -0.340651 0.310931
1 -0.847764 -0.579014 0.309313
1 -0.890161 -0.565607 0.303673
2 -0.861625 -0.462724 0.307098
1 -0.826443 -0.598191 0.312135
12 -0.878654 -0.379629 0.308604
1 -0.873192 -0.382623 0.311219
1 -0.898827 -0.397734 0.302371
4 -0.80728 -0.630827 0.310228
2 -0.889666 -0.479852 0.306148
1 -0.846192 -0.686166 0.303223
1 -0.813063 -0.739661 0.306165
8 -0.789038 -0.530109 0.318483
4 -0.84923 -0.398192 0.308873
6 -0.811638 -0.684335 0.304504
4 -0.840784 -0.62584 0.305129
2 -0.879277 -0.4458 0.307424
1 -0.903545 -0.394357 0.308791
1 -0.891051 -0.435578 0.309383
2 -0.849994 -0.456672 0.315249
2 -0.832597 -0.607778 0.312942
1 -0.826221 -0.685811 0.311633
3 -0.828387 -0.661537 0.313715
3 -0.773374 -0.948538 0.310243
4 -0.811403 -0.720004 0.311858
4 -0.796594 -0.786332 0.31408
3 -0.827938 -0.653503 0.311446
1 -0.954758 -0.149267 0.309818
4 -0.814871 -0.747868 0.310596
3 -0.900138 -0.458023 0.307537
1 -0.795113 -0.591607 0.313533
6 -0.795624 -0.581129 0.313696
9 -0.77574 -0.705704 0.315728
3 -0.729537 -0.944602 0.31344
5 -0.600284 -1.49479 0.318259
1 -0.713845 -0.994871 0.321675
1 -0.749949 -0.777299 0.316591
3 -0.758694 -0.755626 0.316114
1 -0.820391 -0.829223 0.314467
1 -0.822722 -0.77541 0.316485
5 -0.900824 -0.481656 0.313183
6 -0.920956 -0.511368 0.296088
8 -0.898898 -0.339396 0.300107
3 -0.977577 -0.0635302 0.300804
11 -0.964482 -0.136212 0.304722
5 -0.865241 -0.372477 0.309595
1 -0.988073 -0.018699 0.308035
1 -0.967266 -0.122655 0.306974
4 -0.887915 -0.544825 0.309511
9 -0.804098 -0.772735 0.314096
1 -0.809779 -0.775554 0.313327
2 -0.852714 -0.56489 0.31634
5 -0.845568 -0.492939 0.314995
4 -0.878364 -0.466186 0.312051
4 -0.866353 -0.383619 0.313653
2 -0.877484 -0.394066 0.313422
1 -0.846453 -0.51015 0.314468
1 -0.848144 -0.501228 0.313566
13 -0.839333 -0.569007 0.313092
2 -0.8411 -0.607687 0.313728
1 -0.868336 -0.438731 0.310225
1 -0.83587 -0.537471 0.311771
10 -0.843461 -0.515355 0.311695
1 -0.864168 -0.507969 0.311212
1 -0.967606 -0.236147 0.302989
1 -0.937581 -0.236012 0.301172
1 -0.920376 -0.252464 0.305098
4 -0.779291 -0.959466 0.310659
1 -0.774819 -0.971713 0.310039
7 -0.846437 -0.672928 0.308397
1 -0.842909 -0.60794 0.312485
2 -0.802183 -0.669121 0.31679
6 -0.847213 -0.577325 0.314629
2 -0.908002 -0.366534 0.306992
2 -0.881097 -0.449884 0.306246
2 -0.868615 -0.401146 0.306776
1 -0.843096 -0.41616 0.311344
1 -0.781008 -0.619625 0.318706
6 -0.821341 -0.491043 0.314734
3 -0.872924 -0.521979 0.312515
4 -0.800653 -0.968052 0.312236
2 -0.803474 -0.958815 0.310949
2 -0.822103 -0.696295 0.309731
8 -0.898861 -0.385472 0.303726
8 -0.886256 -0.537321 0.297521
3 -0.78455 -0.727084 0.316078
1 -0.873176 -0.56338 0.307098
4 -0.83746 -0.618646 0.316612
1 -0.823543 -0.738369 0.316123
2 -0.822349 -0.863464 0.310307
1 -0.785104 -0.763005 0.313517
1 -0.831297 -0.781371 0.309202
4 -0.839272 -0.65558 0.305224
4 -0.855626 -0.561896 0.312347
1 -0.873379 -0.513777 0.308735
1 -0.867105 -0.508337 0.31397
2 -0.861189 -0.571599 0.314437
8 -0.777092 -0.818056 0.315816
1 -0.784277 -0.698113 0.316904
3 -0.790954 -0.721284 0.310356
3 -0.794979 -0.619417 0.312816
1 -0.842159 -0.566863 0.314516
1 -0.84987 -0.485475 0.315773
1 -0.820688 -0.646311 0.313207
5 -0.86324 -0.571719 0.310302
2 -0.884032 -0.501924 0.3094
2 -0.84224 -0.706629 0.311739
4 -0.86705 -0.630461 0.307035
3 -0.725644 -0.99793 0.318329
1 -0.841361 -0.590011 0.310988
1 -0.826329 -0.608443 0.312282
1 -0.875296 -0.504264 0.302149
1 -0.81817 -0.676647 0.309937
3 -0.777394 -0.833792 0.314065
3 -0.805404 -0.733092 0.309028
1 -0.743752 -0.918153 0.319786
1 -0.750756 -0.840168 0.320558
1 -0.850189 -0.505594 0.315704
1 -0.899121 -0.373163 0.314573
2 -0.915543 -0.256557 0.314881
1 -0.914192 -0.22248 0.316772
2 -0.768978 -0.835045 0.319483
2 -0.898193 -0.461944 0.306728
1 -0.894567 -0.460944 0.303898
2 -0.938897 -0.260615 0.305767
6 -0.893394 -0.277826 0.309569
1 -0.813879 -0.522986 0.316703
7 -0.842826 -0.455643 0.316897
1 -0.919666 -0.207656 0.312715
1 -0.892883 -0.46443 0.30457
1 -0.699539 -1.13954 0.319836
6 -0.846352 -0.746029 0.304371
1 -0.891052 -0.639457 0.300658
1 -0.870001 -0.584694 0.299357
2 -0.801061 -0.727389 0.313716
3 -0.832525 -0.618627 0.311942
1 -0.833674 -0.596342 0.31214
12 -0.829243 -0.607559 0.320835
1 -0.793192 -0.737381 0.313169
1 -0.856857 -0.568682 0.304358
3 -0.860378 -0.541903 0.304665
5 -0.874563 -0.501219 0.307624
2 -0.905435 -0.437102 0.30194
1 -0.884328 -0.335788 0.303409
1 -0.867203 -0.525343 0.307451
2 -0.857588 -0.61985 0.307134
2 -0.845587 -0.541554 0.306548
1 -0.71403 -0.912804 0.320968
11 -0.683214 -1.03135 0.32416
5 -0.774297 -0.80696 0.315514
6 -0.806161 -0.652909 0.312514
1 -0.854117 -0.421256 0.307361
2 -0.818829 -0.743392 0.310372
1 -0.883015 -0.585182 0.307888
1 -0.900973 -0.539539 0.304052
1 -0.898904 -0.33084 0.311856
4 -0.865817 -0.500042 0.309485
1 -0.884108 -0.588878 0.299501
5 -0.893329 -0.513636 0.302252
9 -0.846859 -0.42312 0.311803
2 -0.751549 -0.788579 0.320396
5 -0.783423 -0.762783 0.320601
1 -0.843474 -0.47028 0.32067
5 -0.801804 -0.60312 0.320342
12 -0.815761 -0.693572 0.312713
1 -0.864277 -0.511232 0.314183
2 -0.819736 -0.686527 0.321107
1 -0.862448 -0.538928 0.321312
3 -0.894513 -0.539183 0.312664
9 -0.924805 -0.458734 0.304761
6 -0.811339 -0.800691 0.312978
1 -0.868123 -0.50332 0.311934
8 -0.903832 -0.272355 0.312997
1 -0.79793 -0.779683 0.317106
9 -0.823716 -0.603955 0.317324
1 -0.784163 -0.721836 0.320269
3 -0.779734 -0.794528 0.315288
1 -0.785378 -0.739537 0.314011
1 -0.839558 -0.618126 0.312491
2 -0.866016 -0.46246 0.315873
13 -0.806601 -0.782745 0.31028
2 -0.81621 -0.606627 0.313724
1 -0.907865 -0.406463 0.305922
1 -0.909536 -0.404728 0.306
1 -0.89416 -0.518513 0.30431
3 -0.900679 -0.506453 0.303411
1 -0.905424 -0.391658 0.302555
1 -0.89659 -0.314177 0.305415
3 -0.850087 -0.637299 0.308005
4 -0.834345 -0.557527 0.308578
3 -0.889229 -0.330472 0.312753
2 -0.89191 -0.277117 0.313127
4 -0.913318 -0.259632 0.305845
4 -0.88892 -0.421357 0.306647
1 -0.84643 -0.537545 0.312328
3 -0.892817 -0.553836 0.308878
1 -0.934762 -0.266882 0.306653
5 -0.916694 -0.268018 0.311596
1 -0.884276 -0.370592 0.308404
1 -0.872448 -0.339321 0.309719
1 -0.80102 -0.670384 0.30988
3 -0.787071 -0.81128 0.314173
9 -0.819459 -0.716939 0.313759
4 -0.809205 -0.696854 0.323004
2 -0.786381 -0.764529 0.318375
3 -0.89398 -0.610449 0.30605
6 -0.963003 -0.282052 0.298011
1 -0.816759 -0.789973 0.312153
1 -0.829344 -0.769005 0.308541
2 -0.824806 -0.809187 0.30972
2 -0.821491 -0.739284 0.313623
2 -0.840218 -0.53552 0.320017
1 -0.747637 -0.895228 0.31944
5 -0.766138 -0.885644 0.318211
1 -0.875346 -0.301374 0.320684
1 -0.921935 -0.223889 0.317191
5 -0.916263 -0.201551 0.315059
4 -0.843188 -0.632609 0.30632
2 -0.949199 -0.203236 0.303467
3 -0.936727 -0.228001 0.302328
3 -0.85597 -0.423851 0.310384
2 -0.862568 -0.388765 0.311798
1 -0.875505 -0.398495 0.307195
1 -0.863518 -0.510494 0.312969
1 -0.845176 -0.660727 0.312649
6 -0.865221 -0.558118 0.31379
4 -0.934066 -0.344657 0.305152
1 -0.826602 -0.510161 0.316997
5 -0.846798 -0.627885 0.305669
1 -0.876385 -0.521775 0.308543
8 -0.835456 -0.520543 0.317746
2 -0.838039 -0.533049 0.31538
2 -0.825745 -0.646451 0.312878
1 -0.873333 -0.50427 0.312331
6 -0.870196 -0.576246 0.311029
1 -0.777521 -0.678222 0.320854
6 -0.756123 -0.820694 0.318173
4 -0.845777 -0.498888 0.307154
3 -0.913162 -0.305072 0.306473
1 -0.911647 -0.403283 0.308773
2 -0.867357 -0.477679 0.308356
2 -0.891342 -0.398404 0.310062
7 -0.836991 -0.769474 0.304629
2 -0.834015 -0.76052 0.305942
1 -0.807711 -0.6785 0.318211
1 -0.815885 -0.663191 0.318572
6 -0.845522 -0.538481 0.318052
1 -0.843651 -0.644458 0.314326
2 -0.873981 -0.399928 0.318724
5 -0.814832 -0.69706 0.314918
1 -0.855245 -0.53788 0.312491
3 -0.854443 -0.599532 0.30768
3 -0.872063 -0.455907 0.30955
1 -0.806614 -0.914428 0.30917
5 -0.987409 -0.167705 0.302724
2 -0.909956 -0.380725 0.306203
4 -0.869681 -0.505229 0.305891
5 -0.897709 -0.408914 0.308382
5 -0.881193 -0.45117 0.312065
1 -0.90629 -0.464761 0.306326
6 -0.970853 -0.203618 0.301002
1 -0.978152 -0.135575 0.301125
2 -1.00781 -0.0538888 0.299435
2 -1.01862 -0.1047 0.297389
7 -0.705887 -1.22695 0.316122
2 -0.756707 -0.88136 0.314262
2 -0.860745 -0.697707 0.30093
2 -0.840582 -0.509187 0.312882
3 -0.738408 -0.924335 0.318339
1 -0.834799 -0.69047 0.304931
2 -0.765585 -0.863974 0.31395
2 -0.774501 -0.865532 0.31731
6 -0.830418 -0.662671 0.313994
1 -0.821432 -0.751567 0.312319
2 -0.754424 -0.979063 0.317018
1 -0.751705 -1.06457 0.315854
6 -0.723196 -0.981196 0.321492
4 -0.880308 -0.609616 0.30587
4 -0.861911 -0.708217 0.308551
1 -0.775434 -0.82144 0.321312
1 -0.752515 -0.951717 0.317544
3 -0.804385 -0.698645 0.314087
1 -0.8229 -0.645262 0.307349
6 -0.823275 -0.591453 0.316786
5 -0.835511 -0.668781 0.307321
1 -0.839286 -0.801929 0.311085
2 -0.829836 -0.616151 0.315399
1 -0.87457 -0.440776 0.317021
4 -0.867273 -0.470878 0.317717
1 -0.987022 -0.121327 0.299526
2 -0.986756 -0.159002 0.296035
1 -0.900391 -0.354992 0.302326
12 -0.757522 -0.808042 0.312979
1 -0.733474 -0.911157 0.313284
1 -0.76689 -0.770053 0.320319
2 -0.806039 -0.655919 0.316004
1 -0.89748 -0.499091 0.303546
2 -0.923582 -0.450193 0.303557
6 -0.848038 -0.525165 0.316991
3 -0.83087 -0.540643 0.317562
4 -0.88615 -0.246729 0.317109
1 -0.878192 -0.414679 0.308855
2 -0.904059 -0.318011 0.307963
1 -0.918462 -0.304527 0.30345
6 -0.835386 -0.749134 0.307857
1 -0.840544 -0.595153 0.311207
1 -0.849096 -0.599727 0.310864
4 -0.853631 -0.507841 0.31038
3 -0.903377 -0.483234 0.304844
4 -0.837065 -0.582731 0.314432
4 -0.793782 -0.731882 0.318817
1 -0.796041 -0.642618 0.321946
4 -0.833212 -0.623879 0.308584
8 -0.850534 -0.529115 0.309939
3 -0.862669 -0.547837 0.318478
1 -0.783954 -0.771919 0.31685
2 -0.831696 -0.682916 0.307042
4 -0.830476 -0.68645 0.307883
2 -0.865767 -0.64936 0.30204
3 -0.891752 -0.557486 0.299462
2 -0.850217 -0.63948 0.305822
2 -0.91693 -0.297094 0.312088
4 -0.918503 -0.268603 0.310871
2 -0.907053 -0.328855 0.309896
4 -0.918642 -0.360958 0.310947
5 -0.856186 -0.562589 0.314848
1 -0.757264 -1.05997 0.314924
1 -0.832292 -0.776628 0.311494
3 -0.823313 -0.706853 0.311919
1 -0.805848 -0.77549 0.312123
2 -0.8679 -0.47763 0.316066
2 -0.840614 -0.488411 0.314131
3 -0.829081 -0.582077 0.311826
1 -0.809084 -0.621525 0.314042
2 -0.843716 -0.478639 0.313128
2 -0.820978 -0.608538 0.313483
1 -0.791105 -0.645572 0.326432
3 -0.820265 -0.649643 0.32028
1 -0.83921 -0.609427 0.312092
2 -0.739089 -0.850938 0.324798
2 -0.794859 -0.637961 0.316977
6 -0.829927 -0.595121 0.311258
4 -0.730686 -0.964194 0.323741
6 -0.88344 -0.533984 0.30576
3 -0.957986 -0.284713 0.307402
5 -0.908805 -0.387595 0.314069
3 -0.75904 -0.737996 0.322735
1 -0.827296 -0.577314 0.318445
6 -0.816076 -0.607529 0.316632
1 -0.963864 -0.19549 0.305432
2 -0.957946 -0.200455 0.307458
5 -0.932949 -0.336378 0.306872
3 -0.818495 -0.636915 0.321784
1 -0.800382 -0.662923 0.322042
2 -0.872335 -0.493216 0.311756
1 -0.915772 -0.310331 0.309141
7 -0.915638 -0.219198 0.312253
1 -0.869802 -0.385133 0.316067
3 -0.80709 -0.695868 0.313763
1 -0.806205 -0.876299 0.313663
4 -0.851916 -0.517285 0.317701
1 -0.737122 -0.979364 0.316969
3 -0.73096 -0.946922 0.322232
1 -0.804408 -0.685787 0.321301
1 -0.740977 -0.967461 0.316674
3 -0.775864 -0.771648 0.315467
2 -0.816342 -0.667427 0.313876
5 -0.756946 -0.779272 0.319921
2 -0.749667 -0.764984 0.322399
4 -0.820949 -0.608107 0.306994
1 -0.944698 -0.177954 0.301871
1 -0.942041 -0.323889 0.300405
3 -0.893909 -0.472033 0.305911
1 -0.875299 -0.604496 0.309407
10 -0.872765 -0.53097 0.313293
5 -0.850732 -0.56048 0.315346
4 -0.892775 -0.396311 0.310452
1 -0.895589 -0.413566 0.307551
1 -0.823879 -0.594008 0.31434
3 -0.859188 -0.512837 0.312159
1 -0.855511 -0.659833 0.304264
3 -0.809871 -0.710281 0.312561
4 -0.793316 -0.892259 0.3092
1 -0.762397 -0.915014 0.305542
1 -0.804729 -0.615779 0.309132
3 -0.789639 -0.736776 0.311322
1 -0.738418 -0.924836 0.313583
4 -0.787145 -0.670401 0.319236
3 -0.846116 -0.490521 0.311239
1 -0.822909 -0.593198 0.31393
8 -0.865392 -0.599712 0.314945
2 -0.957844 -0.10501 0.303323
5 -0.936282 -0.205401 0.303146
11 -0.82123 -0.531816 0.311698
5 -0.871456 -0.454952 0.311653
5 -0.838241 -0.640318 0.311022
1 -0.831967 -0.70535 0.310703
3 -0.859604 -0.561621 0.308468
5 -0.825722 -0.698858 0.313201
1 -0.854417 -0.628616 0.306147
1 -0.872661 -0.493914 0.310315
1 -0.820721 -0.690777 0.31653
2 -0.785172 -0.741028 0.317717
3 -0.852452 -0.633219 0.310498
1 -0.82523 -0.722483 0.310042
3 -0.828297 -0.740339 0.309643
5 -0.755212 -0.966972 0.315546
2 -0.705993 -1.04508 0.321068
1 -0.831527 -0.423602 0.320282
1 -0.892732 -0.40545 0.311707
2 -0.780644 -0.778144 0.319299
2 -0.813738 -0.780313 0.309809
4 -0.770764 -0.884759 0.310865
4 -0.787061 -0.845035 0.309129
1 -0.764476 -0.896638 0.311889
5 -0.720226 -0.957482 0.320467
2 -0.705425 -1.0056 0.322152
5 -0.808185 -0.684788 0.315676
3 -0.826915 -0.507506 0.31784
2 -0.823158 -0.516131 0.317882
2 -0.774991 -0.807193 0.317743
2 -0.765958 -0.856801 0.321049
3 -0.786642 -0.822431 0.316846
1 -0.865402 -0.575636 0.309301
1 -0.848222 -0.701944 0.308377
3 -0.832992 -0.750063 0.312658
1 -0.84892 -0.735341 0.311179
5 -0.865805 -0.675205 0.302769
1 -0.863063 -0.655221 0.303975
3 -0.884037 -0.469349 0.307196
4 -0.87745 -0.39934 0.318217
5 -0.820716 -0.632771 0.315326
2 -0.84303 -0.621173 0.311998
1 -0.826146 -0.690319 0.3172
1 -0.862748 -0.539207 0.315812
10 -0.921 -0.270985 0.315543
3 -0.920444 -0.221633 0.317585
2 -0.944165 -0.284425 0.309358
2 -0.975608 -0.160998 0.303617
3 -0.858473 -0.708179 0.306461
2 -0.990453 -0.0468681 0.301044
7 -0.775004 -0.855083 0.311317
2 -0.831701 -0.738718 0.315964
1 -0.849247 -0.609217 0.313556
1 -0.875289 -0.477457 0.30755
2 -0.856696 -0.60638 0.307104
1 -0.85297 -0.656548 0.307649
3 -0.913784 -0.427368 0.305807
1 -0.949554 -0.26859 0.306997
2 -0.820468 -0.516797 0.316046
3 -0.882542 -0.343117 0.314893
1 -0.85029 -0.393652 0.3157
2 -0.799505 -0.692446 0.312489
2 -0.803407 -0.680033 0.311919
1 -0.873721 -0.432012 0.305906
3 -0.889766 -0.532987 0.300054
1 -0.775992 -0.901171 0.303996
6 -0.846064 -0.574647 0.303204
1 -0.942357 -0.236958 0.305078
1 -0.918868 -0.419262 0.307365
1 -0.866196 -0.694535 0.303046
1 -0.893046 -0.529569 0.304413
5 -0.923692 -0.467884 0.301705
2 -0.867531 -0.552825 0.305215
5 -0.948687 -0.137032 0.309257
5 -0.81224 -0.543062 0.319631
1 -0.877434 -0.340507 0.316279
2 -0.870111 -0.303453 0.316613
4 -0.787186 -0.632884 0.316451
1 -0.835834 -0.497178 0.313578
3 -0.879665 -0.398779 0.314789
3 -0.873901 -0.536456 0.305789
3 -0.815221 -0.777512 0.300181
1 -0.776232 -0.988976 0.305613
7 -0.764352 -0.891839 0.310005
1 -0.778595 -0.833447 0.311952
4 -0.840003 -0.619183 0.308275
3 -0.826529 -0.648071 0.311249
1 -0.867788 -0.557366 0.307359
2 -0.841502 -0.459348 0.318805
1 -0.845253 -0.476361 0.322807
2 -0.849138 -0.501036 0.323173
1 -0.882196 -0.434177 0.31394
1 -0.817603 -0.586257 0.318397
2 -0.815475 -0.670045 0.307643
2 -0.869651 -0.423045 0.312237
3 -0.894744 -0.326136 0.311592
3 -0.90105 -0.367365 0.313655
3 -0.856925 -0.474053 0.307975
1 -0.874246 -0.372206 0.307667
2 -0.867272 -0.494556 0.307407
3 -0.778297 -0.836155 0.319788
1 -0.772923 -0.852131 0.319797
8 -0.862674 -0.605946 0.309322
4 -0.901706 -0.45066 0.309397
1 -0.832514 -0.554098 0.323474
12 -0.826223 -0.61344 0.323338
1 -0.863902 -0.588102 0.312909
6 -0.880868 -0.529852 0.306966
3 -0.82222 -0.548894 0.319418
2 -0.688692 -1.11843 0.322289
2 -0.812057 -0.735091 0.31282
2 -0.941547 -0.246703 0.309634
1 -0.90081 -0.355911 0.308385
3 -0.872072 -0.421086 0.309604
1 -0.831305 -0.565151 0.313646
9 -0.844442 -0.62841 0.309417
8 -0.7396 -1.00905 0.314672
1 -0.751796 -0.870333 0.320061
2 -0.695011 -0.957767 0.329277
3 -0.791193 -0.498367 0.31958
1 -0.820119 -0.591067 0.308991
2 -0.787754 -0.736996 0.314094
1 -0.780419 -0.710615 0.321071
3 -0.791541 -0.717707 0.314622
4 -0.761968 -0.746615 0.323771
4 -0.826698 -0.51114 0.318184
3 -0.823162 -0.538968 0.318173
1 -0.831456 -0.466895 0.315419
1 -0.863163 -0.499673 0.313986
1 -0.804975 -0.59984 0.321772
1 -0.875998 -0.378324 0.31417
4 -0.87356 -0.399728 0.313424
6 -0.834086 -0.550496 0.315342
3 -0.829801 -0.541632 0.314548
1 -0.84397 -0.47589 0.315412
4 -0.942045 -0.186707 0.307158
2 -0.816979 -0.698821 0.3116
12 -0.787612 -0.787608 0.31721
1 -0.877474 -0.340768 0.313824
2 -0.93141 -0.207585 0.303163
1 -0.844466 -0.70009 0.310543
7 -0.819689 -0.632356 0.309309
1 -0.889886 -0.342759 0.303725
8 -0.85016 -0.309664 0.31538
4 -0.822603 -0.523692 0.316396
13 -0.8364 -0.432195 0.315902
1 -0.864868 -0.46309 0.309888
1 -0.824584 -0.538278 0.313297
1 -0.881878 -0.411783 0.3104
1 -0.837735 -0.491047 0.310673
1 -0.927004 -0.142804 0.309181
1 -0.97177 -0.234169 0.299075
2 -0.973308 -0.18802 0.306674
1 -0.932119 -0.329933 0.308129
1 -0.847436 -0.373426 0.312844
2 -0.763741 -0.935468 0.314219
1 -0.765157 -1.01932 0.312555
12 -0.749841 -1.10996 0.310326
1 -0.759644 -1.05014 0.314131
1 -0.777079 -0.906317 0.311525
1 -0.807353 -0.742305 0.315638
1 -0.840226 -0.465185 0.318842
7 -0.807616 -0.658233 0.319654
8 -0.836137 -0.602856 0.318662
1 -0.830125 -0.636579 0.319055
2 -0.83802 -0.723246 0.309914
1 -0.872704 -0.651459 0.305791
5 -0.811836 -0.78287 0.31232
2 -0.79215 -0.839909 0.30809
3 -0.789364 -0.820116 0.309939
2 -0.826167 -0.677103 0.311606
3 -0.807311 -0.690654 0.314999
2 -0.857759 -0.664222 0.312182
1 -0.830254 -0.744901 0.314964
6 -0.919643 -0.235713 0.306939
1 -0.855771 -0.472394 0.308278
1 -0.856394 -0.479609 0.306398
4 -0.886498 -0.370715 0.310759
3 -0.741446 -0.816126 0.326505
3 -0.858931 -0.444024 0.315049
2 -0.883122 -0.328234 0.314917
4 -0.802247 -0.657426 0.315981
2 -0.74649 -0.814737 0.319313
1 -0.680487 -1.04804 0.324834
1 -0.760658 -0.849169 0.323327
2 -0.827061 -0.67897 0.313985
2 -0.83179 -0.576873 0.313236
4 -0.764512 -0.73121 0.317152
1 -0.868983 -0.48348 0.308499
4 -0.846395 -0.706198 0.307463
3 -0.81722 -0.851241 0.306171
3 -0.856251 -0.451679 0.314603
4 -0.855698 -0.502392 0.311662
1 -0.820464 -0.627054 0.312684
1 -0.730898 -0.986887 0.319557
1 -0.761184 -0.972977 0.317174
9 -0.829971 -0.618711 0.313885
1 -0.831881 -0.579476 0.315474
3 -0.840136 -0.560218 0.310144
2 -0.784272 -0.767795 0.313841
2 -0.807906 -0.740561 0.312331
7 -0.841036 -0.578508 0.312582
7 -0.812322 -0.719427 0.314175
1 -0.783457 -0.824191 0.316191
2 -0.756543 -0.871896 0.319693
1 -0.838028 -0.428326 0.318701
1 -0.794604 -0.72051 0.322505
3 -0.785989 -0.863767 0.319295
2 -0.81842 -0.754959 0.315295
1 -0.823827 -0.712961 0.316229
2 -0.916538 -0.428723 0.300741
2 -0.873185 -0.454573 0.307596
7 -0.856791 -0.613376 0.303389
4 -0.866444 -0.589541 0.302203
1 -0.839598 -0.492459 0.309482
2 -0.770786 -0.814102 0.311598
3 -0.707824 -1.06269 0.3099
4 -0.728654 -0.948468 0.316386
6 -0.764782 -0.848404 0.312935
3 -0.815664 -0.712205 0.309949
6 -0.867954 -0.398291 0.312975
3 -0.883335 -0.387241 0.310664
1 -0.933449 -0.214177 0.306926
10 -0.917753 -0.289618 0.307978
3 -0.91951 -0.355717 0.306248
1 -0.900609 -0.535967 0.302285
1 -0.81538 -0.625754 0.313072
7 -0.76349 -0.890294 0.314424
3 -0.759771 -0.94267 0.312609
5 -0.774666 -0.8294 0.319302
2 -0.882041 -0.441382 0.310485
1 -0.897269 -0.353263 0.309661
1 -0.89137 -0.415887 0.307464
5 -0.884954 -0.472958 0.307812
4 -0.852441 -0.575929 0.309347
5 -0.842007 -0.706372 0.311502
1 -0.82157 -0.643089 0.320199
2 -0.85988 -0.612727 0.302407
4 -0.812371 -0.616863 0.315096
3 -0.839074 -0.639899 0.313983
4 -0.821179 -0.698681 0.310257
14 -0.83722 -0.668748 0.312877
5 -0.795967 -0.699478 0.316024
2 -0.79734 -0.697209 0.314239
3 -0.772277 -0.803592 0.315757
2 -0.791273 -0.733541 0.318488
2 -0.812195 -0.67227 0.316388
1 -0.745369 -0.849107 0.325099
2 -0.877509 -0.507718 0.310918
1 -0.827736 -0.751189 0.305581
4 -0.816687 -0.713712 0.312232
1 -0.839937 -0.53293 0.312757
4 -0.905287 -0.47315 0.305981
3 -0.870812 -0.504844 0.306859
1 -0.81279 -0.625513 0.317478
1 -0.827405 -0.64341 0.313598
1 -0.839874 -0.762449 0.305362
2 -0.80962 -0.826293 0.312139
2 -0.875909 -0.578684 0.306414
1 -0.841394 -0.67387 0.30851
2 -0.776569 -0.721295 0.320364
3 -0.778194 -0.6724 0.317213
1 -0.833801 -0.330691 0.318745
2 -0.850337 -0.515942 0.315555
5 -0.916179 -0.360083 0.308368
4 -0.826777 -0.643704 0.312093
4 -0.814651 -0.703393 0.308175
9 -0.849134 -0.590745 0.30714
2 -0.777789 -0.891775 0.309279
1 -0.786152 -0.84705 0.309968
1 -0.807005 -0.715719 0.311476
4 -0.797133 -0.733933 0.311949
4 -0.816803 -0.644174 0.309835
1 -0.788455 -0.719952 0.31746
2 -0.829269 -0.652582 0.310758
7 -0.812508 -0.796585 0.312699
1 -0.813102 -0.802647 0.315556
1 -0.868068 -0.673816 0.308707
1 -0.855411 -0.618401 0.308377
1 -0.85556 -0.651831 0.309481
1 -0.859396 -0.647842 0.309087
1 -0.774177 -0.857943 0.315529
4 -0.759726 -0.878781 0.316981
2 -0.743909 -0.948422 0.315562
1 -0.773849 -1.01208 0.3144
1 -0.733548 -1.0712 0.312272
1 -0.820471 -0.760509 0.304947
3 -0.799361 -0.731531 0.306244
5 -0.909858 -0.426582 0.302997
2 -0.858024 -0.583773 0.311536
3 -0.831663 -0.563269 0.321291
3 -0.807173 -0.7586 0.317379
4 -0.858728 -0.631141 0.313144
1 -0.77354 -0.878939 0.321742
2 -0.857272 -0.524199 0.322623
1 -0.853412 -0.49849 0.323994
4 -0.850781 -0.456273 0.323739
1 -0.833781 -0.515832 0.324325
2 -0.857523 -0.539146 0.317653
1 -0.868097 -0.441875 0.315764
2 -0.88612 -0.481635 0.309817
9 -0.907616 -0.382599 0.307695
1 -0.940728 -0.230659 0.307285
7 -0.887414 -0.460026 0.305557
1 -0.898805 -0.358573 0.317058
1 -0.926984 -0.278997 0.313625
1 -0.861552 -0.495698 0.317954
4 -0.856327 -0.487577 0.316577
5 -0.81183 -0.766957 0.310539
1 -0.811953 -0.824075 0.307729
1 -0.746251 -1.06909 0.315026
2 -0.817254 -0.711574 0.311811
4 -0.769376 -0.776593 0.314457
7 -0.781366 -0.753317 0.312824
2 -0.793839 -0.858699 0.308251
7 -0.76955 -1.02886 0.310239
2 -0.808744 -0.87902 0.311395
2 -0.843717 -0.756961 0.308019
3 -0.807991 -0.739977 0.311128
8 -0.813888 -0.596301 0.312805
1 -0.811753 -0.618474 0.310689
1 -0.844826 -0.869345 0.298331
1 -0.834896 -0.788286 0.305483
1 -0.827152 -0.779331 0.309364
3 -0.806769 -0.84007 0.310738
1 -0.824042 -0.693502 0.309718
2 -0.783461 -0.929941 0.30912
2 -0.816797 -0.86934 0.309245
1 -0.76362 -0.894919 0.318716
3 -0.899409 -0.369767 0.311758
2 -0.852073 -0.556253 0.311341
2 -0.892275 -0.329015 0.316563
2 -0.885794 -0.44118 0.304642
1 -0.844434 -0.482422 0.311919
3 -0.857563 -0.522559 0.313396
2 -0.868482 -0.426657 0.312763
2 -0.748401 -0.974853 0.311572
2 -0.836932 -0.515188 0.313414
8 -0.899925 -0.379152 0.312839
2 -0.916999 -0.329466 0.307775
3 -0.878436 -0.557535 0.304399
5 -0.858129 -0.458744 0.306683
3 -0.770533 -0.741671 0.314513
1 -0.858879 -0.615516 0.311824
13 -0.876436 -0.661541 0.304793
3 -0.872196 -0.743564 0.300773
1 -0.933812 -0.481953 0.301019
2 -0.913922 -0.52817 0.304775
3 -0.861179 -0.623809 0.312793
5 -0.816752 -0.693978 0.312
1 -0.74355 -1.01605 0.309659
1 -0.700992 -1.21614 0.308576
1 -0.646837 -1.33718 0.317723
3 -0.694313 -1.15065 0.319254
3 -0.713488 -1.03973 0.31752
2 -0.699284 -1.17535 0.317653
2 -0.796451 -0.816965 0.315908
4 -0.795673 -0.81952 0.316016
3 -0.813906 -0.540684 0.321491
2 -0.805906 -0.605177 0.318189
2 -0.814193 -0.517726 0.319658
1 -0.87402 -0.473024 0.315004
6 -0.851537 -0.511302 0.317181
1 -0.878545 -0.54262 0.308827
2 -0.803383 -0.848789 0.312153
1 -0.757083 -0.952058 0.317315
3 -0.890171 -0.479858 0.30882
4 -0.823562 -0.717324 0.310427
1 -0.818955 -0.745185 0.317343
3 -0.763093 -0.847811 0.317795
4 -0.819136 -0.478924 0.318911
1 -0.804983 -0.607053 0.320748
2 -0.799964 -0.708636 0.315405
2 -0.800433 -0.707377 0.315838
1 -0.851942 -0.532663 0.304831
8 -0.790691 -0.882604 0.30863
3 -0.759022 -1.0095 0.313002
2 -0.775362 -0.937924 0.312082
1 -0.800534 -0.761074 0.309362
1 -0.904223 -0.397503 0.302238
3 -0.816754 -0.594152 0.313329
2 -0.809631 -0.59398 0.318181
2 -0.714999 -1.06558 0.318103
1 -0.810406 -0.662475 0.314548
2 -0.777377 -0.804147 0.313301
1 -0.941594 -0.203801 0.30207
3 -0.945222 -0.226977 0.300599
4 -0.938965 -0.258795 0.300349
4 -1.00788 -0.00464779 0.297028
2 -0.925803 -0.251436 0.304216
1 -0.976799 -0.173125 0.301581
4 -0.95118 -0.211676 0.305226
8 -0.914354 -0.349433 0.309257
3 -0.87811 -0.3812 0.308266
2 -0.879292 -0.367009 0.307534
2 -0.855317 -0.434025 0.309309
13 -0.840171 -0.433344 0.318916
3 -0.765917 -0.887564 0.307233
1 -0.803966 -0.683195 0.310472
1 -0.811105 -0.848729 0.309348
4 -0.838687 -0.582491 0.31339
1 -0.851344 -0.518378 0.312466
3 -0.820916 -0.687883 0.310574
5 -0.928768 -0.203081 0.309926
2 -0.892522 -0.332355 0.310948
1 -0.746205 -0.902465 0.320157
1 -0.800154 -0.875077 0.308209
2 -0.802874 -0.854407 0.30884
1 -0.792394 -0.732735 0.313204
1 -0.807493 -0.762115 0.31016
2 -0.827544 -0.733904 0.310855
5 -0.812319 -0.594698 0.31394
5 -0.808632 -0.637418 0.317034
3 -0.89326 -0.385043 0.31617
1 -0.846482 -0.431811 0.324777
1 -0.806213 -0.639977 0.320331
4 -0.835246 -0.632162 0.309018
4 -0.744125 -0.983542 0.319971
1 -0.736237 -0.986128 0.321077
2 -0.744357 -0.953398 0.320347
1 -0.824634 -0.704668 0.313193
2 -0.79138 -0.679768 0.314479
2 -0.868828 -0.438571 0.311123
9 -0.729481 -0.813522 0.327273
1 -0.721666 -0.866579 0.326625
1 -0.74829 -0.863363 0.317685
1 -0.745021 -0.891946 0.317154
2 -0.893006 -0.348777 0.312708
1 -0.915116 -0.219082 0.312985
1 -0.838681 -0.640536 0.316607
4 -0.814295 -0.612188 0.316602
9 -0.825718 -0.613393 0.308698
5 -0.819559 -0.649829 0.30944
6 -0.822199 -0.632648 0.309245
6 -0.843921 -0.632088 0.301903
1 -0.914974 -0.311119 0.308358
1 -0.912556 -0.380043 0.304285
1 -0.862513 -0.420041 0.310047
1 -0.878227 -0.409162 0.301619
1 -0.820942 -0.760007 0.299956
3 -0.758667 -1.1573 0.31282
5 -0.783245 -1.02912 0.314096
4 -0.7644 -1.03162 0.31756
2 -0.645232 -1.44823 0.314639
1 -0.706256 -1.25249 0.307117
2 -0.751028 -1.18131 0.303038
3 -0.849861 -0.669874 0.307385
3 -0.841249 -0.783335 0.309019
1 -0.800403 -0.70658 0.324432
2 -0.802806 -0.655447 0.317996
2 -0.693721 -0.89059 0.329091
3 -0.771857 -0.690367 0.321715
2 -0.881127 -0.563405 0.30967
1 -0.904609 -0.423709 0.309626
7 -0.898329 -0.437914 0.308371
5 -0.881306 -0.500364 0.305649
3 -0.867537 -0.571967 0.310191
1 -0.805071 -0.648593 0.323657
3 -0.715575 -0.987338 0.323633
5 -0.811562 -0.577432 0.31778
3 -0.811446 -0.566259 0.317973
4 -0.81541 -0.533136 0.316721
4 -0.810605 -0.643747 0.318985
13 -0.821476 -0.587154 0.318758
1 -0.815668 -0.61534 0.318748
2 -0.868709 -0.342048 0.312241
5 -0.882459 -0.322691 0.308619
5 -0.855312 -0.557947 0.300661
1 -0.926996 -0.134853 0.308825
1 -0.91355 -0.365614 0.306034
1 -0.814073 -0.726776 0.310974
2 -0.85029 -0.669831 0.304494
1 -0.886978 -0.458735 0.304602
3 -0.827032 -0.71952 0.312011
2 -0.799553 -0.797525 0.3147
2 -0.813126 -0.667929 0.32025
2 -0.76469 -0.890609 0.313848
3 -0.753307 -0.904866 0.316882
2 -0.813228 -0.711036 0.315824
2 -0.754193 -0.88407 0.319599
1 -0.779921 -0.690128 0.319411
8 -0.820881 -0.611667 0.314151
3 -0.86774 -0.438963 0.309091
6 -0.778721 -0.891202 0.313017
2 -0.847244 -0.684117 0.310089
1 -0.903582 -0.425351 0.31054
1 -0.902098 -0.3304 0.313116
4 -0.826765 -0.569333 0.312745
7 -0.791259 -0.738777 0.31486
2 -0.791577 -0.755631 0.316759
3 -0.861939 -0.387366 0.316271
4 -0.905988 -0.466195 0.30507
1 -0.894975 -0.495094 0.305191
2 -0.898864 -0.490051 0.30404
3 -0.901608 -0.433938 0.310872
4 -0.820087 -0.821279 0.31076
4 -0.853879 -0.656677 0.306953
12 -0.874817 -0.544215 0.313814
1 -0.841541 -0.539702 0.310016
1 -0.794935 -0.735915 0.312259
4 -0.773895 -0.75261 0.319427
2 -0.800415 -0.775663 0.321098
1 -0.837947 -0.69989 0.320929
2 -0.84917 -0.811744 0.310767
2 -0.764113 -1.06498 0.312835
2 -0.7813 -0.83172 0.312892
5 -0.80512 -0.588763 0.318326
5 -0.767843 -0.719908 0.323869
3 -0.768267 -0.709274 0.324246
4 -0.72367 -0.801917 0.329301
1 -0.861211 -0.382439 0.321363
1 -0.888822 -0.374826 0.314503
1 -0.868375 -0.454463 0.315051
4 -0.89598 -0.386431 0.306992
3 -0.888193 -0.412064 0.31145
1 -0.831409 -0.602398 0.308079
3 -0.817269 -0.739216 0.307526
2 -0.810118 -0.749023 0.314065
4 -0.840849 -0.606992 0.311885
1 -0.844858 -0.600377 0.311938
1 -0.814817 -0.780216 0.312519
2 -0.871269 -0.431869 0.312661
1 -0.876258 -0.443734 0.312032
3 -0.794709 -0.6172 0.317556
5 -0.785722 -0.578256 0.316908
1 -0.778749 -0.618586 0.316659
1 -0.68504 -1.07885 0.319772
6 -0.715594 -0.912676 0.316827
2 -0.712397 -0.992595 0.316259
1 -0.802997 -0.691873 0.312964
4 -0.86715 -0.491146 0.309564
8 -0.843814 -0.553511 0.31432
1 -0.826272 -0.661301 0.314469
1 -0.864767 -0.498918 0.307878
2 -0.873733 -0.51181 0.312135
7 -0.9002 -0.467935 0.305831
6 -0.84617 -0.48505 0.314729
1 -0.851121 -0.624061 0.305408
3 -0.851082 -0.836989 0.299831
3 -0.86957 -0.709787 0.306415
4 -0.770568 -0.843182 0.32254
1 -0.77389 -0.794761 0.318667
3 -0.772805 -0.858866 0.314576
5 -0.724052 -1.1481 0.319271
2 -0.743587 -1.15432 0.317308
3 -0.878452 -0.489664 0.301897
5 -0.875388 -0.469673 0.304802
5 -0.857413 -0.583316 0.305427
1 -0.864229 -0.564355 0.30657
6 -0.843806 -0.581737 0.311624
1 -0.890165 -0.39968 0.309776
3 -0.862289 -0.437642 0.313124
1 -0.759211 -0.879605 0.316857
1 -0.768568 -0.883568 0.313657
2 -0.786675 -0.658864 0.323066
1 -0.825535 -0.440975 0.321833
1 -0.879885 -0.381798 0.314169
1 -0.788622 -0.626964 0.320941
4 -0.822386 -0.457971 0.319118
2 -0.785912 -0.68185 0.316929
5 -0.902551 -0.375337 0.307869
1 -0.85185 -0.50088 0.310465
1 -0.863856 -0.458665 0.316942
6 -0.871578 -0.515228 0.310371
3 -0.83018 -0.530786 0.317442
4 -0.854221 -0.482436 0.310924
1 -0.839336 -0.549226 0.31201
3 -0.814389 -0.702827 0.31021
3 -0.832459 -0.65889 0.312402
5 -0.860508 -0.520519 0.311885
1 -0.813944 -0.720857 0.310614
8 -0.817028 -0.727415 0.310958
2 -0.84103 -0.581646 0.309222
4 -0.809921 -0.668928 0.310254
1 -0.790354 -0.803421 0.311707
3 -0.906318 -0.344621 0.302876
6 -0.86698 -0.397585 0.308574
4 -0.780467 -0.676656 0.322562
3 -0.786304 -0.633885 0.322199
1 -0.824179 -0.789247 0.310773
1 -0.82107 -0.861331 0.304092
2 -0.817671 -0.881531 0.306355
1 -0.840025 -0.865075 0.306887
3 -0.850875 -0.969384 0.298685
4 -0.813657 -0.728981 0.322182
2 -0.817469 -0.665634 0.308902
5 -0.78898 -0.850217 0.310594
1 -0.795093 -0.614691 0.321487
1 -0.776692 -0.721877 0.317523
1 -0.769649 -0.755468 0.321087
2 -0.871123 -0.492929 0.310911
1 -0.86604 -0.600872 0.302613
1 -0.834288 -0.667561 0.305484
1 -0.86016 -0.544456 0.313097
4 -0.849115 -0.582805 0.313406
8 -0.839613 -0.53937 0.315263
2 -0.85116 -0.535901 0.307947
1 -0.792316 -0.883786 0.306579
11 -0.828993 -0.715767 0.311826
3 -0.811128 -0.682881 0.311699
5 -0.808135 -0.723117 0.311735
1 -0.814719 -0.663595 0.317269
1 -0.871287 -0.533126 0.313536
1 -0.866093 -0.641914 0.308454
2 -0.86619 -0.65227 0.308192
2 -0.896955 -0.46096 0.305302
4 -0.878161 -0.509393 0.310294
2 -0.822197 -0.731751 0.309502
1 -0.797602 -0.887618 0.313457
2 -0.82137 -0.81693 0.311629
2 -0.810375 -0.812166 0.312706
1 -0.850976 -0.629951 0.310248
4 -0.826144 -0.677543 0.312344
6 -0.803021 -0.7948 0.312428
1 -0.805348 -0.792511 0.311863
2 -0.821648 -0.708576 0.309845
3 -0.802414 -0.781068 0.306059
3 -0.759024 -0.880368 0.313677
1 -0.854794 -0.641607 0.306699
8 -0.79386 -0.843815 0.317031
1 -0.876625 -0.504074 0.30366
2 -0.910228 -0.490285 0.299604
4 -0.790055 -0.688486 0.312967
1 -0.80571 -0.604492 0.317823
1 -0.805327 -0.645026 0.315332
5 -0.827433 -0.486217 0.315895
4 -0.869921 -0.437363 0.310805
2 -0.836303 -0.56466 0.314652
10 -0.803976 -0.684582 0.315349
5 -0.820639 -0.655081 0.311399
1 -0.851047 -0.486129 0.315522
3 -0.88686 -0.410324 0.312617
1 -0.905054 -0.364226 0.312424
1 -0.888864 -0.342664 0.314491
9 -0.946724 -0.246482 0.301915
1 -0.832108 -0.497237 0.317552
4 -0.811588 -0.59261 0.318551
6 -0.839309 -0.534959 0.315087
3 -0.875538 -0.416739 0.311272
5 -0.857798 -0.592936 0.305103
4 -0.77045 -0.970471 0.316699
13 -0.79227 -0.859645 0.31223
2 -0.80426 -0.78599 0.313724
3 -0.878942 -0.554614 0.302478
1 -0.864935 -0.716658 0.303509
6 -0.821024 -0.987232 0.302826
2 -0.939629 -0.229828 0.30836
2 -0.958759 -0.148561 0.30859
2 -0.846098 -0.656029 0.313714
12 -0.889736 -0.497753 0.310501
1 -0.878398 -0.514556 0.31128
4 -0.860982 -0.586302 0.312682
1 -0.844916 -0.694711 0.307455
7 -0.790447 -0.745655 0.310522
2 -0.766551 -0.851988 0.31478
8 -0.80292 -0.728714 0.314794
1 -0.684825 -1.11628 0.330544
2 -0.735483 -1.04781 0.325151
3 -0.856661 -0.74383 0.312658
1 -0.840857 -0.717658 0.309598
2 -0.766871 -0.946085 0.319601
3 -0.779445 -0.863855 0.31662
2 -0.782922 -0.922174 0.315703
2 -0.760559 -0.994177 0.314582
1 -0.705241 -1.04713 0.324326
2 -0.772322 -0.699136 0.322915
3 -0.816415 -0.616446 0.319829
2 -0.834753 -0.557569 0.317282
3 -0.831273 -0.549065 0.317186
2 -0.749752 -0.834923 0.315839
2 -0.794067 -0.746236 0.311857
1 -0.69066 -1.13795 0.319568
1 -0.71387 -1.20279 0.318502
3 -0.797 -0.805177 0.315652
4 -0.808943 -0.604774 0.319808
1 -0.810388 -0.62799 0.318692
1 -0.855986 -0.392341 0.317745
2 -0.867054 -0.509184 0.308828
1 -0.836144 -0.649437 0.309709
1 -0.804594 -0.814796 0.307345
1 -0.8018 -0.733503 0.314002
4 -0.803738 -0.627117 0.314399
1 -0.860396 -0.588259 0.310281
1 -0.799653 -0.776388 0.31291
2 -0.747074 -0.825714 0.322904
2 -0.746659 -0.840336 0.326155
2 -0.725934 -0.89755 0.327305
3 -0.754764 -0.874407 0.324284
5 -0.769154 -0.83242 0.318694
4 -0.893329 -0.431739 0.311901
3 -0.805267 -0.731475 0.318306
5 -0.766332 -0.853657 0.318699
2 -0.879716 -0.496642 0.307867
4 -0.976571 -0.134738 0.308157
7 -0.851428 -0.526358 0.317846
2 -0.870228 -0.559202 0.304821
2 -0.832577 -0.557078 0.318045
2 -0.815972 -0.638261 0.312578
3 -0.835937 -0.653379 0.315353
3 -0.82101 -0.670508 0.31671
7 -0.830317 -0.729346 0.311027
5 -0.843768 -0.60602 0.311562
2 -0.826801 -0.755605 0.304336
6 -0.896275 -0.536177 0.301773
1 -0.858963 -0.535724 0.312361
1 -0.903356 -0.402465 0.309436
1 -0.869162 -0.594773 0.307866
1 -0.775778 -0.816412 0.317539
2 -0.783294 -0.796449 0.31708
3 -0.761981 -1.04722 0.307438
2 -0.79387 -0.886977 0.307799
1 -0.790197 -0.781446 0.310539
3 -0.823386 -0.59894 0.313081
2 -0.786443 -0.829009 0.313887
5 -0.782253 -0.870444 0.314621
3 -0.83008 -0.707957 0.313429
8 -0.758348 -0.924264 0.316705
1 -0.711752 -0.992567 0.320215
1 -0.738644 -0.761517 0.324901
2 -0.747795 -0.820666 0.316044
1 -0.761164 -0.758591 0.315764
1 -0.752958 -0.912123 0.317748
1 -0.770355 -1.02121 0.313279
4 -0.887817 -0.627759 0.30458
1 -0.844505 -0.764494 0.310444
2 -0.770155 -0.861282 0.313226
2 -0.754935 -0.823453 0.318363
5 -0.735851 -0.915624 0.321931
10 -0.77448 -0.664115 0.321701
4 -0.841364 -0.491459 0.312596
6 -0.830085 -0.519923 0.314812
1 -0.848753 -0.45884 0.313482
1 -0.827213 -0.55567 0.315575
2 -0.873438 -0.482576 0.311587
1 -0.707147 -1.09253 0.320366
4 -0.819719 -0.697966 0.31494
2 -0.850438 -0.611154 0.318146
2 -0.872958 -0.580086 0.313004
4 -0.847121 -0.69622 0.312673
2 -0.811038 -0.567654 0.317082
1 -0.853594 -0.4444 0.310246
2 -0.833451 -0.560495 0.312058
8 -0.794343 -0.790001 0.30777
4 -0.846503 -0.525611 0.308491
1 -0.842832 -0.574206 0.309841
1 -0.857129 -0.625005 0.310853
3 -0.903314 -0.475752 0.310413
5 -0.889923 -0.342365 0.307891
7 -0.857041 -0.530785 0.305959
1 -0.904855 -0.419893 0.306715
2 -0.863276 -0.462538 0.314479
1 -0.846606 -0.614002 0.310483
2 -0.852689 -0.608916 0.310668
1 -0.891355 -0.489305 0.304742
3 -0.868874 -0.469359 0.299096
2 -0.892626 -0.472107 0.296107
5 -0.748335 -0.760039 0.323286
4 -0.810208 -0.674323 0.316334
1 -0.821071 -0.629906 0.315787
2 -0.873968 -0.609513 0.315229
3 -0.766847 -1.02372 0.31679
4 -0.853046 -0.683787 0.3059
2 -0.795125 -0.803266 0.312986
2 -0.858225 -0.496953 0.311491
10 -0.707239 -0.879026 0.324354
5 -0.695219 -1.00197 0.326209
1 -0.854241 -0.507337 0.316231
3 -0.833335 -0.550255 0.315171
7 -0.85626 -0.52567 0.312648
4 -0.888459 -0.400449 0.311805
2 -0.90835 -0.457883 0.304547
1 -0.8594 -0.643753 0.307751
2 -0.858921 -0.574809 0.312189
1 -0.826772 -0.636908 0.314762
1 -0.829327 -0.71299 0.305754
2 -0.800778 -0.850646 0.311089
2 -0.907251 -0.562189 0.297392
1 -0.913933 -0.492192 0.298288
2 -0.936319 -0.408468 0.300973
4 -0.865906 -0.556663 0.303196
1 -0.867973 -0.512058 0.305964
6 -0.826595 -0.633108 0.308918
1 -0.898818 -0.314675 0.302769
1 -0.863637 -0.478457 0.312921
1 -0.859427 -0.519259 0.312747
2 -0.759328 -0.866267 0.315349
2 -0.756401 -0.907262 0.316319
1 -0.792132 -0.779369 0.315797
1 -0.861693 -0.55729 0.30712
1 -0.884549 -0.383321 0.314475
2 -0.787453 -0.801404 0.317351
1 -0.751921 -0.945353 0.318287
1 -0.764577 -0.875567 0.317156
2 -0.735553 -1.05267 0.321777
2 -0.83532 -0.630089 0.316807
1 -0.867532 -0.570182 0.313541
7 -0.854985 -0.614521 0.308863
1 -0.915719 -0.47205 0.296529
5 -0.964216 0.00567011 0.310888
1 -0.9133 -0.257931 0.308147
6 -0.938654 -0.270272 0.30093
4 -0.907885 -0.349372 0.30123
6 -0.878686 -0.493421 0.308258
4 -0.939969 -0.231142 0.300431
2 -0.860293 -0.600364 0.309526
2 -0.805975 -0.800525 0.309645
2 -0.810555 -0.799232 0.314706
3 -0.795247 -0.727865 0.312144
2 -0.82663 -0.567256 0.31723
1 -0.882985 -0.484603 0.31019
2 -0.895806 -0.398115 0.310858
1 -0.855875 -0.627981 0.3042
2 -0.855361 -0.578396 0.30802
1 -0.883137 -0.506418 0.309336
1 -0.863528 -0.493774 0.314493
2 -0.868616 -0.42727 0.312313
1 -0.900738 -0.352316 0.310679
6 -0.92618 -0.259038 0.306558
1 -0.938144 -0.401323 0.294362
7 -0.92446 -0.387773 0.299733
2 -0.897354 -0.502002 0.298926
1 -0.863102 -0.588034 0.30069
1 -0.810178 -0.772134 0.303866
6 -0.776529 -0.974951 0.306777
2 -0.854945 -0.46239 0.311091
2 -0.884511 -0.384766 0.310915
3 -0.886687 -0.422067 0.312495
3 -0.904216 -0.384496 0.310498
2 -0.992926 0.0731823 0.302132
1 -0.967695 -0.16507 0.297038
7 -0.867026 -0.457513 0.308328
3 -0.828191 -0.652428 0.316937
3 -0.852977 -0.522225 0.320041
2 -0.832644 -0.547896 0.321933
10 -0.816722 -0.690045 0.309923
3 -0.851443 -0.556885 0.307933
1 -0.846617 -0.592313 0.308357
1 -0.824304 -0.519946 0.314604
1 -0.788948 -0.762814 0.316236
2 -0.814625 -0.725169 0.314747
1 -0.828213 -0.573596 0.318633
4 -0.796082 -0.683182 0.31921
1 -0.733882 -0.866992 0.318797
2 -0.722382 -0.871269 0.322896
5 -0.771192 -0.738527 0.326223
2 -0.81969 -0.55894 0.32259
7 -0.802664 -0.651634 0.323386
3 -0.76272 -0.789056 0.323134
2 -0.747308 -0.794874 0.325468
2 -0.772799 -0.727128 0.31836
3 -0.838582 -0.502385 0.315432
3 -0.879508 -0.541722 0.311231
2 -0.877665 -0.463448 0.311862
1 -0.892049 -0.358776 0.313687
1 -0.925973 -0.295119 0.312413
1 -0.901999 -0.453419 0.303881
2 -0.920825 -0.395634 0.301554
1 -0.81745 -0.642533 0.317772
4 -0.887628 -0.424646 0.307877
3 -0.865209 -0.558883 0.303553
4 -0.908951 -0.316755 0.306069
2 -0.823522 -0.58595 0.314742
6 -0.801502 -0.699895 0.313487
1 -0.742327 -0.861644 0.313663
2 -0.707342 -1.0221 0.314982
9 -0.729859 -0.952458 0.329182
3 -0.790231 -0.869695 0.309754
2 -0.837176 -0.719636 0.308514
6 -0.859304 -0.546238 0.315081
1 -0.866631 -0.493169 0.307598
2 -0.860551 -0.488191 0.311298
8 -0.720151 -1.10591 0.320143
3 -0.773603 -0.848419 0.315874
1 -0.910476 -0.367674 0.307044
5 -0.774642 -0.90234 0.311401
1 -0.937973 -0.539462 0.297161
1 -0.918316 -0.560165 0.300017
1 -0.901763 -0.432283 0.309261
3 -0.86907 -0.418363 0.311368
2 -0.831147 -0.643619 0.310677
1 -0.826854 -0.639112 0.31324
1 -0.818221 -0.668754 0.314551
1 -0.845616 -0.597693 0.309706
4 -0.867525 -0.608605 0.304204
2 -0.984266 -0.0940616 0.301272
1 -0.98979 -0.153159 0.302834
3 -0.769179 -0.806258 0.315315
6 -0.890506 -0.457883 0.307925
1 -0.864285 -0.545515 0.310985
9 -0.875368 -0.396802 0.313038
3 -0.851126 -0.624136 0.307136
1 -0.796366 -0.814789 0.311863
3 -0.910899 -0.489463 0.303097
1 -0.91237 -0.354257 0.305521
2 -0.891979 -0.464415 0.301641
1 -0.913645 -0.323002 0.303021
1 -0.855958 -0.526413 0.313794
1 -0.855461 -0.514128 0.316045
3 -0.813366 -0.542462 0.318888
1 -0.849633 -0.502214 0.316159
2 -0.887591 -0.579481 0.307189
1 -0.852562 -0.523759 0.309093
7 -0.730107 -0.903126 0.322464
8 -0.662935 -1.05547 0.331109
1 -0.705651 -0.981651 0.322566
2 -0.724528 -1.05976 0.317086
1 -0.85184 -0.535011 0.310431
3 -0.882098 -0.479953 0.30584
5 -0.874659 -0.48505 0.306568
2 -0.812641 -0.756444 0.312494
3 -0.783124 -0.874987 0.316655
1 -0.821534 -0.753978 0.314766
3 -0.898949 -0.327552 0.310082
3 -0.898023 -0.336003 0.310555
6 -0.783436 -0.652357 0.317894
2 -0.715474 -0.91251 0.321133
1 -0.837352 -0.483489 0.315053
2 -0.920905 -0.142421 0.313841
3 -0.933611 -0.108546 0.316676
3 -0.83608 -0.512002 0.319561
3 -0.833681 -0.557927 0.320055
1 -0.73681 -0.97375 0.318645
5 -0.770852 -0.784376 0.318214
3 -0.844768 -0.756429 0.313383
1 -0.870668 -0.53779 0.314949
3 -0.843048 -0.581357 0.311653
1 -0.867339 -0.618245 0.312513
4 -0.794371 -0.685636 0.317105
1 -0.899852 -0.384625 0.305992
1 -0.889407 -0.463924 0.303706
3 -0.874243 -0.483589 0.304214
2 -0.84238 -0.539365 0.307812
1 -0.735486 -0.835694 0.321134
2 -0.741064 -0.843504 0.31745
1 -0.771982 -0.776448 0.31457
1 -0.819622 -0.656811 0.310578
2 -0.785176 -0.831607 0.307715
1 -0.739492 -0.742102 0.318012
5 -0.67882 -1.17479 0.314709
4 -0.835111 -0.516602 0.313523
2 -0.817387 -0.547407 0.315341
1 -0.79961 -0.574822 0.318225
1 -0.826196 -0.552535 0.313931
1 -0.921011 -0.309061 0.302514
2 -0.880998 -0.465411 0.307917
2 -0.892493 -0.445479 0.307512
3 -0.868444 -0.527767 0.303146
1 -0.82726 -0.709984 0.305466
21 -0.809694 -0.640359 0.309664
5 -0.80473 -0.704252 0.308586
3 -0.875302 -0.382082 0.30874
1 -0.768885 -0.744081 0.317659
1 -0.786824 -0.682711 0.315566
5 -0.762173 -0.871929 0.315023
3 -0.903767 -0.429461 0.310018
2 -0.756507 -0.848244 0.314915
5 -0.774765 -0.739616 0.311718
8 -0.865736 -0.592299 0.307393
3 -0.872759 -0.574864 0.303965
1 -0.850541 -0.571576 0.304511
4 -0.851182 -0.448556 0.312
2 -0.811934 -0.540911 0.316462
2 -0.833802 -0.510627 0.318885
4 -0.893912 -0.56719 0.301039
1 -0.876257 -0.59369 0.30405
1 -0.842227 -0.685276 0.30795
4 -0.840383 -0.672499 0.309986
2 -0.832484 -0.591323 0.309165
2 -0.711958 -0.961644 0.32014
2 -0.709575 -1.00244 0.316753
4 -0.739913 -0.960379 0.313226
1 -0.783656 -0.814254 0.308816
2 -0.757197 -0.957787 0.310184
1 -0.8472 -0.637954 0.304453
8 -0.81024 -0.791556 0.304783
2 -0.892711 -0.26021 0.314705
4 -0.907738 -0.302607 0.303026
3 -0.924183 -0.194641 0.305118
1 -0.868171 -0.496511 0.302082
1 -0.81 -0.575203 0.311149
2 -0.812071 -0.505801 0.317941
2 -0.738117 -0.784329 0.324804
2 -0.750637 -0.744959 0.320752
2 -0.795302 -0.754933 0.312474
1 -0.86102 -0.485676 0.303703
4 -0.851829 -0.48675 0.304233
4 -0.85552 -0.501661 0.305386
1 -0.819476 -0.621226 0.312562
7 -0.845486 -0.569191 0.313434
1 -0.678564 -1.15045 0.321429
6 -0.754755 -0.966886 0.311993
4 -0.788729 -0.841628 0.31967
2 -0.714535 -0.991176 0.321649
2 -0.754294 -1.00555 0.309855
1 -0.746809 -0.834788 0.315035
3 -0.873183 -0.452724 0.305455
4 -0.892912 -0.42562 0.3053
1 -0.768212 -0.908785 0.313463
1 -0.724516 -1.14624 0.317396
2 -0.800003 -0.766744 0.308483
1 -0.740445 -0.839155 0.313822
4 -0.726753 -0.931611 0.32357
2 -0.683454 -0.979697 0.330859
4 -0.628928 -1.3804 0.326682
2 -0.706325 -1.31934 0.313758
1 -0.736859 -1.16265 0.307135
2 -0.689284 -1.26574 0.314471
1 -0.732966 -1.0971 0.310093
2 -0.778648 -0.847445 0.312667
2 -0.817098 -0.672275 0.310795
1 -0.817529 -0.605754 0.314664
1 -0.870934 -0.409192 0.310433
1 -0.893566 -0.371234 0.308543
5 -0.837289 -0.723331 0.307551
3 -0.846795 -0.603732 0.306048
4 -0.874953 -0.486418 0.3092
4 -0.814197 -0.656922 0.306302
2 -0.841649 -0.404859 0.315146
6 -0.854056 -0.394255 0.311847
1 -0.758289 -0.749383 0.316704
1 -0.819817 -0.820004 0.307029
4 -0.692858 -1.29074 0.317525
2 -0.69916 -1.23907 0.317565
2 -0.722789 -1.05966 0.319298
3 -0.723495 -1.097 0.32165
3 -0.705779 -1.07608 0.32164
1 -0.703785 -1.14217 0.315932
3 -0.890141 -0.393621 0.307404
2 -0.826883 -0.605509 0.311677
2 -0.848243 -0.545354 0.312211
2 -0.815077 -0.628105 0.317701
3 -0.869165 -0.529104 0.303484
1 -0.956902 -0.204916 0.306895
6 -0.996555 -0.179896 0.296514
2 -0.99659 -0.152957 0.298518
2 -0.885534 -0.690226 0.302798
1 -0.813555 -0.757471 0.307645
1 -0.881971 -0.512214 0.303575
1 -0.921439 -0.374618 0.303362
1 -0.914765 -0.483128 0.303306
1 -0.919981 -0.376824 0.305277
2 -0.847622 -0.408546 0.311865
1 -0.847062 -0.433658 0.311616
10 -0.854893 -0.4456 0.309726
4 -0.802443 -0.54905 0.319182
1 -0.735671 -0.854408 0.317411
1 -0.75929 -0.778196 0.316057
6 -0.864616 -0.592251 0.304164
3 -0.80786 -0.627351 0.317917
1 -0.795323 -0.788127 0.315841
3 -0.870984 -0.51915 0.301894
1 -0.860548 -0.520351 0.305849
1 -0.860328 -0.665652 0.301306
1 -0.836225 -0.691431 0.304369
4 -0.75559 -1.02176 0.317218
1 -0.77675 -0.889623 0.309183
2 -0.754174 -0.803643 0.3237
1 -0.723286 -0.978646 0.320688
2 -0.803926 -0.811226 0.313329
2 -0.803999 -0.785518 0.311161
2 -0.869718 -0.427256 0.316275
4 -0.845398 -0.647562 0.310151
1 -0.801335 -0.718809 0.318805
5 -0.796425 -0.781359 0.318166
2 -0.79208 -0.781356 0.316536
2 -0.827727 -0.666783 0.311629
2 -0.760013 -0.864069 0.318965
1 -0.701948 -1.2881 0.314987
1 -0.809056 -0.892567 0.304782
7 -0.871994 -0.58033 0.300188
2 -0.854755 -0.685281 0.313275
1 -0.928421 -0.468448 0.304474
5 -0.849205 -0.660155 0.308028
2 -0.847429 -0.680916 0.309443
2 -0.917836 -0.478138 0.300601
2 -0.826781 -0.677313 0.310313
3 -0.878461 -0.485182 0.306076
1 -0.832369 -0.624098 0.30819
7 -0.865305 -0.395301 0.308674
1 -0.875098 -0.39907 0.308774
1 -0.82152 -0.536773 0.314017
2 -0.878148 -0.398862 0.31175
1 -0.894701 -0.293428 0.307083
13 -0.878851 -0.349727 0.310009
1 -0.878263 -0.519512 0.306358
2 -0.89999 -0.339153 0.309496
2 -0.883064 -0.403609 0.310725
1 -0.837656 -0.671802 0.308011
6 -0.809106 -0.704462 0.305695
4 -0.849315 -0.498481 0.310518
1 -0.803153 -0.78705 0.30864
1 -0.813112 -0.748473 0.317044
2 -0.820502 -0.680098 0.316398
4 -0.90822 -0.366162 0.3075
2 -0.861018 -0.567413 0.308719
1 -0.909925 -0.501646 0.295857
3 -0.91392 -0.435829 0.298358
2 -0.825774 -0.668462 0.309883
1 -0.844011 -0.49482 0.307228
1 -0.888263 -0.388292 0.305255
3 -0.88326 -0.441274 0.305748
6 -0.865811 -0.427966 0.308494
1 -0.836099 -0.5982 0.303739
8 -0.942368 -0.308441 0.303067
1 -0.849606 -0.722324 0.307972
5 -0.810146 -0.548081 0.31879
1 -0.865764 -0.389238 0.31479
2 -0.743676 -0.886874 0.314829
1 -0.76755 -0.852758 0.315822
3 -0.791658 -0.873662 0.311855
1 -0.853742 -0.771355 0.302822
1 -0.951458 -0.40973 0.30121
7 -0.88639 -0.709997 0.306213
2 -0.848284 -0.663428 0.314941
5 -0.847519 -0.751452 0.303375
3 -0.780823 -0.762545 0.31558
1 -0.829745 -0.551996 0.314575
2 -0.794102 -0.748075 0.318785
2 -0.793384 -0.770171 0.318443
1 -0.915044 -0.348138 0.308742
2 -0.901882 -0.408194 0.311468
1 -0.843553 -0.544864 0.309378
1 -0.87469 -0.542094 0.303199
1 -0.759294 -0.845495 0.320231
7 -0.818831 -0.729266 0.313661
5 -0.790949 -0.7972 0.313911
1 -0.848674 -0.495643 0.310716
1 -0.808655 -0.628126 0.308198
5 -0.852795 -0.519694 0.305562
3 -0.874373 -0.491933 0.307916
4 -0.857079 -0.418454 0.312634
1 -0.888088 -0.295457 0.311921
3 -0.897044 -0.573489 0.294765
2 -0.825624 -0.853449 0.307538
1 -0.805761 -0.768904 0.310754
4 -0.864607 -0.464491 0.31256
2 -0.895313 -0.45946 0.309261
1 -0.854789 -0.516198 0.32118
1 -0.808693 -0.670984 0.324627
1 -0.848606 -0.532703 0.32081
2 -0.928269 -0.263106 0.302823
2 -0.96196 -0.275205 0.30171
1 -0.873231 -0.469527 0.313353
1 -0.797605 -0.742388 0.318575
1 -0.833222 -0.468447 0.315087
1 -0.777123 -0.746819 0.31385
3 -0.821986 -0.552411 0.316368
7 -0.824944 -0.574189 0.316945
1 -0.835027 -0.533631 0.311785
2 -0.860193 -0.701068 0.309477
1 -0.852657 -0.559197 0.312113
2 -0.924522 -0.396221 0.301614
3 -0.900266 -0.464685 0.30801
1 -0.898986 -0.426695 0.307795
1 -0.881852 -0.38092 0.313265
1 -0.822791 -0.67828 0.30932
5 -0.906097 -0.2618 0.316422
1 -0.767649 -0.858913 0.319102
2 -0.791851 -0.777052 0.317452
4 -0.710979 -1.01543 0.318473
5 -0.692203 -1.21403 0.31609
2 -0.79269 -0.678477 0.315334
1 -0.867087 -0.454395 0.313924
4 -0.933302 -0.354278 0.305875
1 -0.932098 -0.365168 0.305863
9 -0.8623 -0.499687 0.306255
8 -0.888177 -0.301784 0.309038
1 -0.804302 -0.527264 0.320571
3 -0.803658 -0.73859 0.313624
5 -0.79365 -0.68312 0.314603
3 -0.806735 -0.605797 0.312577
1 -0.836119 -0.535691 0.313809
1 -0.848342 -0.385467 0.315623
1 -0.80827 -0.813223 0.310108
11 -0.781833 -0.796366 0.31481
1 -0.779241 -0.811679 0.31394
1 -0.82225 -0.755942 0.303148
1 -0.816772 -0.657758 0.306067
3 -0.822255 -0.667858 0.309574
2 -0.848816 -0.608396 0.310507
2 -0.873399 -0.426778 0.311952
1 -0.885073 -0.261208 0.313427
1 -0.865162 -0.504041 0.309794
2 -0.853216 -0.568931 0.305202
1 -0.86765 -0.584894 0.304108
2 -0.864728 -0.530543 0.307194
2 -0.862985 -0.521841 0.309464
2 -0.844859 -0.558408 0.312804
5 -0.872683 -0.517449 0.306721
1 -0.787668 -0.784097 0.31244
3 -0.749539 -0.772856 0.316751
6 -0.755956 -0.911121 0.313285
4 -0.809997 -0.811792 0.310751
5 -0.915586 -0.315359 0.304408
6 -0.905602 -0.266574 0.315423
1 -0.829519 -0.631798 0.320275
2 -0.779231 -0.935938 0.315591
4 -0.813156 -0.876707 0.305958
5 -0.770823 -0.889965 0.317027
1 -0.896033 -0.294554 0.306057
5 -0.891544 -0.387509 0.309128
3 -0.916383 -0.311213 0.30501
4 -0.797914 -0.650585 0.31604
4 -0.791897 -0.726067 0.314882
4 -0.780073 -0.797226 0.312852
1 -0.764809 -0.813479 0.315612
4 -0.781309 -0.757503 0.316642
1 -0.734945 -0.931006 0.318447
3 -0.770308 -0.888427 0.314363
1 -0.787484 -0.734749 0.31569
6 -0.801489 -0.823481 0.313822
2 -0.798032 -0.803603 0.314385
1 -0.889524 -0.535035 0.302935
2 -0.812254 -0.862194 0.30654
7 -0.800514 -0.987981 0.308615
4 -0.690907 -1.11351 0.321099
1 -0.829094 -0.545587 0.318211
3 -0.817646 -0.633047 0.312289
3 -0.868999 -0.456947 0.311923
4 -0.811026 -0.699401 0.315989
2 -0.751729 -1.03614 0.311924
2 -0.761895 -0.981957 0.317004
1 -0.841651 -0.691782 0.309796
1 -0.841836 -0.678636 0.308456
4 -0.819982 -0.681162 0.315712
2 -0.772261 -0.954576 0.3143
1 -0.81429 -0.838627 0.311768
1 -0.834681 -0.805391 0.310239
3 -0.837246 -0.79965 0.309701
2 -0.801176 -0.917173 0.308205
2 -0.844753 -0.71785 0.302329
1 -0.860269 -0.706483 0.301232
3 -0.844772 -0.477604 0.313289
3 -0.83641 -0.545701 0.312133
6 -0.815918 -0.530002 0.315254
4 -0.874766 -0.371192 0.311986
1 -0.881716 -0.36222 0.312974
2 -0.908364 -0.258032 0.31463
3 -0.887762 -0.275666 0.3173
2 -0.743754 -0.894942 0.321825
2 -0.806533 -0.77153 0.308282
2 -0.744773 -0.979467 0.317228
9 -0.815349 -0.702908 0.311801
4 -0.818435 -0.588933 0.316932
1 -0.837992 -0.565632 0.311308
2 -0.858427 -0.707772 0.311483
1 -0.86618 -0.705763 0.307825
5 -0.856447 -0.65532 0.309732
2 -0.838814 -0.73632 0.309674
1 -0.822966 -0.702325 0.31404
1 -0.829133 -0.689216 0.312716
1 -0.818217 -0.703719 0.314985
1 -0.769622 -0.670212 0.318039
5 -0.785321 -0.706509 0.313801
1 -0.773686 -0.831587 0.30656
3 -0.84479 -0.575614 0.303547
1 -0.854907 -0.637612 0.306046
3 -0.955613 -0.308636 0.30231
1 -0.946665 -0.460059 0.297867
1 -0.964807 -0.209073 0.300676
1 -0.871165 -0.647973 0.306687
1 -0.827529 -0.7371 0.314456
3 -0.812744 -0.780001 0.314194
2 -0.845863 -0.535291 0.311539
5 -0.90293 -0.461738 0.307535
2 -0.887672 -0.562107 0.30929
1 -0.800495 -0.792154 0.314497
4 -0.734016 -0.940948 0.321488
4 -0.876836 -0.513413 0.306383
4 -0.91521 -0.39161 0.298604
2 -0.808175 -0.747103 0.310059
2 -0.808802 -0.764596 0.307257
1 -0.837726 -0.74618 0.307759
1 -0.83668 -0.697373 0.312483
3 -0.859567 -0.506663 0.311886
4 -0.861524 -0.502892 0.311646
2 -0.852004 -0.617247 0.303592
6 -0.803997 -0.693854 0.307549
3 -0.788167 -0.751746 0.308818
3 -0.770672 -0.835287 0.312295
1 -0.892739 -0.489837 0.303936
1 -0.884472 -0.369791 0.31125
1 -0.793676 -0.716911 0.317542
2 -0.805018 -0.793178 0.312142
5 -0.838309 -0.659565 0.313257
6 -0.748219 -1.02331 0.315009
2 -0.893353 -0.457033 0.310544
3 -0.915122 -0.389431 0.307383
9 -0.91302 -0.393229 0.308427
3 -0.930836 -0.37288 0.302545
3 -0.918092 -0.377184 0.303794
2 -0.878324 -0.47609 0.302363
2 -0.837218 -0.464028 0.311891
2 -0.891503 -0.333963 0.312602
2 -0.830723 -0.694726 0.311935
1 -0.752092 -0.785401 0.319826
2 -0.725902 -0.89581 0.318634
2 -0.751339 -1.04874 0.309142
4 -0.843067 -0.674958 0.3066
1 -0.703327 -1.14905 0.31398
1 -0.757912 -0.974925 0.316336
2 -0.80422 -0.678601 0.319834
3 -0.851288 -0.534606 0.315009
2 -0.808716 -0.611973 0.320485
1 -0.768315 -0.824066 0.320276
1 -0.796909 -0.720784 0.317057
1 -0.861269 -0.452314 0.31437
1 -0.944846 -0.140828 0.308543
1 -0.916235 -0.26481 0.31561
2 -0.756519 -0.857085 0.318408
3 -0.849463 -0.503057 0.312817
1 -0.854107 -0.452603 0.310505
1 -0.830299 -0.539096 0.311521
3 -0.860401 -0.55317 0.311633
1 -0.869074 -0.449376 0.308726
2 -0.801169 -0.663965 0.318984
4 -0.82206 -0.582462 0.313895
2 -0.742116 -0.904757 0.319407
2 -0.784449 -0.823211 0.312802
6 -0.785183 -0.70977 0.312004
3 -0.799709 -0.691386 0.30872
7 -0.884111 -0.360459 0.314036
4 -0.830979 -0.398978 0.321792
8 -0.811076 -0.724811 0.313954
11 -0.817934 -0.823974 0.304492
2 -0.816069 -0.901697 0.306459
1 -0.765235 -1.0393 0.308362
8 -0.735327 -1.22181 0.309258
10 -0.80722 -1.02989 0.3029
4 -0.829379 -0.97468 0.299586
9 -0.800316 -0.97512 0.303175
3 -0.806262 -0.922187 0.302651
2 -0.729722 -1.12025 0.314769
1 -0.810457 -0.78556 0.305895
4 -0.848966 -0.618942 0.30593
2 -0.873173 -0.566416 0.304434
4 -0.853908 -0.588596 0.310703
2 -0.917769 -0.408347 0.304072
4 -0.869943 -0.607195 0.307955
1 -0.770213 -0.87064 0.312108
1 -0.844786 -0.601609 0.303262
2 -0.86854 -0.510641 0.305074
5 -0.803087 -0.839828 0.307007
1 -0.845882 -0.709009 0.303354
3 -0.845505 -0.653623 0.307321
3 -0.844344 -0.622844 0.310946
2 -0.758788 -0.919323 0.317024
2 -0.800892 -0.672231 0.317254
3 -0.747346 -0.819255 0.322724
1 -0.7717 -0.754237 0.322356
8 -0.863001 -0.591571 0.31323
2 -0.945051 -0.231469 0.308999
1 -0.903206 -0.463761 0.299738
4 -0.937409 -0.321644 0.303133
8 -0.794768 -1.01375 0.307185
3 -0.794408 -0.766645 0.31582
1 -0.740024 -1.00074 0.31724
1 -0.772627 -0.804542 0.310043
1 -0.782705 -0.733518 0.313253
3 -0.835812 -0.766979 0.30787
1 -0.686539 -1.1474 0.326351
2 -0.770905 -0.804982 0.324888
1 -0.816555 -0.766828 0.313514
4 -0.795034 -0.732837 0.314714
1 -0.824399 -0.732682 0.311147
7 -0.830766 -0.695342 0.308725
9 -0.843255 -0.586757 0.312914
1 -0.796387 -0.598792 0.315896
2 -0.791219 -0.823331 0.317885
8 -0.815759 -0.689537 0.318553
2 -0.829104 -0.716996 0.313699
1 -0.837816 -0.680675 0.315736
1 -0.933122 -0.244309 0.309273
4 -0.841732 -0.560593 0.309944
6 -0.810662 -0.672333 0.314257
1 -0.80612 -0.726222 0.313587
1 -0.796153 -0.727788 0.314843
2 -0.873857 -0.666744 0.305743
1 -0.865975 -0.669016 0.305325
8 -0.854035 -0.639153 0.307198
2 -0.912587 -0.287992 0.310486
4 -0.942883 -0.279635 0.304873
4 -0.924273 -0.290442 0.305546
5 -0.903668 -0.541584 0.299584
1 -0.813118 -0.799955 0.308731
1 -0.853684 -0.700441 0.305191
3 -0.931625 -0.261786 0.308315
4 -0.919477 -0.245231 0.312235
1 -0.896071 -0.307609 0.313793
3 -0.940094 -0.174433 0.307219
7 -0.860853 -0.409056 0.317159
1 -0.880351 -0.503702 0.299551
1 -0.878763 -0.560812 0.302406
2 -0.715095 -1.18353 0.315922
2 -0.666928 -1.26041 0.323908
3 -0.736155 -0.871448 0.32547
4 -0.733498 -0.768472 0.327935
4 -0.717683 -0.985514 0.321886
8 -0.818458 -0.565025 0.32176
8 -0.78432 -0.715994 0.322346
1 -0.899086 -0.474777 0.301054
2 -0.843412 -0.678247 0.305656
5 -0.839817 -0.703497 0.305575
3 -0.868037 -0.441347 0.310784
12 -0.846396 -0.652021 0.303577
4 -0.772193 -0.989213 0.307673
1 -0.787244 -0.961493 0.307125
4 -0.767648 -0.809727 0.312441
2 -0.82107 -0.631042 0.308705
2 -0.851466 -0.660469 0.307571
2 -0.848767 -0.656151 0.307548
5 -0.75125 -0.878884 0.324088
1 -0.758987 -0.858196 0.324447
4 -0.832864 -0.622446 0.307606
1 -0.818591 -0.651061 0.311428
1 -0.835657 -0.561023 0.306015
1 -0.785684 -0.868286 0.309945
1 -0.752272 -1.01256 0.309882
4 -0.717847 -1.12905 0.312913
3 -0.875512 -0.432422 0.306651
2 -0.91594 -0.246033 0.312714
2 -0.897888 -0.398401 0.30701
1 -0.816978 -0.699705 0.316446
2 -0.797981 -0.779544 0.317028
4 -0.788326 -0.686579 0.319827
2 -0.829339 -0.583058 0.31104
1 -0.732459 -1.00399 0.314817
2 -0.829285 -0.733384 0.311697
2 -0.872681 -0.410917 0.309746
2 -0.866806 -0.455924 0.311587
4 -0.876855 -0.417232 0.311281
1 -0.868138 -0.475856 0.313424
1 -0.910063 -0.385036 0.304506
3 -0.864621 -0.527366 0.30555
8 -0.874743 -0.377107 0.31241
4 -0.768531 -0.757951 0.319254
2 -0.805383 -0.836036 0.31713
1 -0.834071 -0.770821 0.313387
1 -0.84765 -0.622085 0.307168
5 -0.840751 -0.645801 0.310641
8 -0.874183 -0.538471 0.310839
2 -0.929474 -0.288786 0.306892
3 -0.769688 -0.964054 0.310314
1 -0.793704 -0.859296 0.307571
8 -0.898201 -0.437841 0.308875
2 -0.929286 -0.378883 0.304853
3 -0.920527 -0.333307 0.304549
3 -0.92382 -0.322943 0.304679
3 -0.871969 -0.477255 0.309537
1 -0.868102 -0.529541 0.309298
1 -0.766523 -0.791436 0.315979
2 -0.762782 -0.810846 0.317295
1 -0.811813 -0.688663 0.310239
8 -0.79485 -0.721568 0.312731
1 -0.874532 -0.41645 0.308824
12 -0.906994 -0.345724 0.305096
2 -0.857358 -0.541067 0.308398
2 -0.896501 -0.571486 0.299553
3 -0.864027 -0.576045 0.307983
1 -0.796635 -0.865509 0.31542
4 -0.82105 -0.711431 0.309832
2 -0.90622 -0.492437 0.307311
3 -0.825883 -0.540722 0.316877
1 -0.825692 -0.636516 0.317856
3 -0.806036 -0.746104 0.316453
1 -0.820009 -0.682146 0.312661
1 -0.891109 -0.379124 0.31178
4 -0.903849 -0.35384 0.311442
7 -0.857949 -0.556243 0.311285
2 -0.834307 -0.600097 0.313202
5 -0.878308 -0.460999 0.307101
2 -0.938362 -0.170456 0.310808
1 -0.914393 -0.428712 0.30374
2 -0.798914 -0.749388 0.31545
4 -0.806975 -0.704456 0.3159
3 -0.876162 -0.369719 0.315045
1 -0.847965 -0.481795 0.312242
1 -0.835104 -0.612317 0.306507
3 -0.882687 -0.465299 0.303929
8 -0.909797 -0.325059 0.305381
2 -0.910472 -0.273177 0.308281
1 -0.909603 -0.2531 0.309232
1 -0.901073 -0.329041 0.310335
1 -0.876024 -0.405285 0.312603
2 -0.870142 -0.393778 0.316388
3 -0.891218 -0.396998 0.311625
8 -0.817534 -0.713898 0.309562
2 -0.849643 -0.580792 0.309937
2 -0.844825 -0.565033 0.313492
5 -0.850858 -0.492638 0.310169
4 -0.848359 -0.397366 0.314244
4 -0.827415 -0.538669 0.314337
4 -0.805685 -0.680134 0.312942
8 -0.846067 -0.605712 0.30801
5 -0.887223 -0.48898 0.303659
9 -0.907233 -0.507131 0.29902
7 -0.839804 -0.727527 0.305336
1 -0.804368 -0.812939 0.313024
1 -0.794548 -0.964749 0.307105
6 -0.718335 -1.11749 0.315599
1 -0.696278 -1.08733 0.317158
1 -0.909944 -0.39083 0.304167
1 -0.948968 -0.220701 0.308837
2 -0.936645 -0.238065 0.309465
2 -0.910131 -0.338465 0.308584
8 -0.893686 -0.40679 0.310987
4 -0.795964 -0.721934 0.317544
1 -0.887041 -0.379611 0.30531
6 -0.793415 -0.730113 0.318063
1 -0.840853 -0.60022 0.310181
2 -0.865863 -0.462155 0.30679
1 -0.816675 -0.672355 0.306583
1 -0.782539 -0.706813 0.315788
3 -0.942593 -0.308274 0.301812
1 -0.885518 -0.729227 0.298944
2 -0.723014 -1.20299 0.309917
2 -0.702341 -1.17287 0.314561
3 -0.746995 -0.95412 0.312754
1 -0.838214 -0.697394 0.305828
2 -0.924655 -0.410204 0.305516
2 -0.897267 -0.413982 0.306605
2 -0.818893 -0.597974 0.310706
2 -0.783382 -0.822566 0.315125
6 -0.826422 -0.750975 0.30538
1 -0.901536 -0.426579 0.306538
4 -0.862154 -0.49111 0.313337
7 -0.860598 -0.460479 0.3182
4 -0.901607 -0.308124 0.315078
1 -0.909076 -0.367624 0.307622
1 -0.901102 -0.380766 0.308342
4 -0.861365 -0.511925 0.310633
2 -0.922245 -0.363502 0.303611
2 -0.929735 -0.239079 0.306945
1 -0.880781 -0.344832 0.310263
1 -0.897611 -0.387686 0.303679
2 -0.90847 -0.391853 0.304496
1 -0.855574 -0.653506 0.301592
1 -0.833467 -0.70037 0.299815
2 -0.808953 -0.778935 0.305681
1 -0.820172 -0.771935 0.304028
1 -0.722649 -0.891973 0.318684
2 -0.860629 -0.321809 0.316457
3 -0.861153 -0.313856 0.31556
3 -0.871264 -0.596077 0.309983
3 -0.812229 -0.705855 0.315279
2 -0.813884 -0.621423 0.315735
1 -0.870933 -0.614228 0.305543
2 -0.939356 -0.247659 0.298408
1 -0.926185 -0.319848 0.299398
2 -0.86175 -0.607433 0.304979
1 -0.794945 -0.822592 0.307195
2 -0.798092 -0.885143 0.306261
2 -0.779792 -0.968817 0.310852
4 -0.805158 -0.877226 0.312035
4 -0.807329 -0.844379 0.312053
9 -0.836574 -0.548893 0.316863
2 -0.840299 -0.581671 0.31696
6 -0.88488 -0.307954 0.315299
2 -0.881409 -0.347263 0.312443
1 -0.856896 -0.468195 0.310615
2 -0.813276 -0.654669 0.305134
3 -0.84818 -0.559015 0.300281
1 -0.787082 -0.721539 0.309291
2 -0.736392 -0.888998 0.317457
1 -0.883574 -0.456959 0.300504
4 -0.883572 -0.476039 0.300379
2 -0.720843 -1.05535 0.319977
2 -0.698556 -1.12234 0.323523
2 -0.758849 -0.889589 0.311099
2 -0.729028 -0.969501 0.313514
1 -0.726046 -1.01814 0.313051
12 -0.761907 -0.868262 0.317252
1 -0.815736 -0.693667 0.31463
2 -0.813722 -0.703198 0.314629
3 -0.80524 -0.737114 0.313728
1 -0.88885 -0.55743 0.300206
2 -0.91506 -0.423657 0.299924
5 -0.868127 -0.433988 0.312886
3 -0.888822 -0.339103 0.311399
2 -0.893813 -0.311853 0.312312
1 -0.924394 -0.317093 0.305921
1 -0.893022 -0.290376 0.311666
6 -0.903251 -0.243641 0.30861
4 -0.883381 -0.307855 0.312428
3 -0.783081 -0.820879 0.314169
1 -0.850572 -0.612676 0.314217
2 -0.820749 -0.743244 0.310418
8 -0.92448 -0.319665 0.301588
2 -0.913672 -0.347656 0.302387
1 -0.815765 -0.6466 0.312853
4 -0.797594 -0.719578 0.316328
1 -0.860971 -0.473896 0.312268
8 -0.892068 -0.397561 0.308503
2 -0.907086 -0.399702 0.308041
1 -0.855155 -0.459421 0.313613
1 -0.848916 -0.42547 0.315045
1 -0.88614 -0.331367 0.315071
3 -0.897094 -0.366189 0.311586
1 -0.892362 -0.393927 0.312724
7 -0.906799 -0.325421 0.312706
4 -0.809986 -0.700691 0.315374
1 -0.822736 -0.686258 0.314244
2 -0.818126 -0.81917 0.316109
6 -0.813051 -0.732138 0.31789
3 -0.902147 -0.452032 0.304598
3 -0.87559 -0.455879 0.308701
2 -0.863629 -0.608069 0.304972
1 -0.847457 -0.669742 0.304815
2 -0.844329 -0.675381 0.308957
1 -0.860021 -0.558444 0.306356
1 -0.771707 -0.878224 0.311755
1 -0.770634 -0.811095 0.311563
1 -0.877247 -0.561696 0.299202
4 -0.828273 -0.778469 0.309929
6 -0.850103 -0.676881 0.303096
1 -0.830024 -0.619395 0.312209
1 -0.940949 -0.203164 0.302888
5 -0.88351 -0.444834 0.303558
4 -0.855175 -0.531647 0.309762
2 -0.836049 -0.694617 0.307471
3 -0.84837 -0.491625 0.310482
1 -0.897303 -0.357711 0.305501
2 -0.871737 -0.319249 0.314406
1 -0.740328 -0.645107 0.328626
6 -0.732586 -0.652562 0.335444
8 -0.777181 -0.701285 0.332585
2 -0.74542 -0.827406 0.331536
2 -0.800363 -0.613011 0.328943
2 -0.876487 -0.397164 0.319155
4 -0.860627 -0.615865 0.313043
2 -0.916384 -0.414808 0.306091
3 -0.94421 -0.34599 0.299056
1 -0.772191 -0.977213 0.314222
2 -0.791651 -0.720153 0.320162
1 -0.837816 -0.543635 0.320165
2 -0.866316 -0.503391 0.314802
2 -0.858271 -0.439859 0.315305
3 -0.815952 -0.523521 0.328301
5 -0.780014 -0.548244 0.325745
1 -0.698668 -0.909319 0.329474
1 -0.748824 -0.776554 0.330324
1 -0.839701 -0.803554 0.304842
3 -0.951151 -0.457776 0.300799
4 -0.746261 -1.17203 0.304323
4 -0.722285 -1.06534 0.31303
4 -0.737866 -1.03336 0.313405
2 -0.765188 -0.773829 0.31692
1 -0.871732 -0.495483 0.312382
1 -0.811792 -0.801753 0.313034
1 -0.872512 -0.658658 0.305251
1 -0.843444 -0.771931 0.300441
2 -0.888661 -0.445142 0.30387
1 -0.81069 -0.753581 0.319453
2 -0.830902 -0.49409 0.325659
2 -0.817496 -0.604143 0.320161
3 -0.875194 -0.477715 0.310561
3 -0.875821 -0.462173 0.308617
1 -0.812099 -0.65491 0.31686
2 -0.803805 -0.786189 0.317035
1 -0.791077 -0.769872 0.316392
3 -0.877561 -0.451782 0.312566
4 -0.866097 -0.508589 0.310847
2 -0.876191 -0.577682 0.307463
3 -0.817019 -0.650427 0.313966
1 -0.798276 -0.624374 0.32185
1 -0.751244 -0.823769 0.320318
1 -0.762231 -1.08069 0.309177
4 -0.738336 -1.00619 0.319582
3 -0.826782 -0.612051 0.314383
3 -0.88276 -0.314666 0.31151
1 -0.887949 -0.317721 0.309658
1 -0.804003 -0.757154 0.314109
1 -0.859309 -0.581276 0.308932
1 -0.842391 -0.651465 0.312462
4 -0.741153 -1.0817 0.312461
1 -0.750548 -1.0632 0.312363
1 -0.79545 -0.913773 0.307367
3 -0.862785 -0.607205 0.305109
6 -0.875205 -0.509085 0.3094
2 -0.911008 -0.5286 0.300535
4 -0.920774 -0.394404 0.297019
1 -0.920069 -0.31221 0.30848
1 -0.927094 -0.289255 0.30832
3 -0.79228 -0.763396 0.315845
1 -0.801381 -0.823425 0.310871
1 -0.859745 -0.584081 0.304273
4 -0.860727 -0.591567 0.314655
2 -0.786272 -0.920197 0.314091
4 -0.863196 -0.523308 0.309242
1 -0.851655 -0.565406 0.308922
2 -0.850515 -0.671364 0.298555
5 -0.946219 -0.289453 0.302904
1 -0.868628 -0.555995 0.306977
2 -0.839713 -0.710642 0.299901
1 -0.834884 -0.691316 0.303892
3 -0.85925 -0.573497 0.303517
2 -0.813859 -0.585327 0.312822
1 -0.785849 -0.782213 0.310769
1 -0.762621 -0.986999 0.311613
4 -0.781176 -0.967938 0.314836
3 -0.742714 -1.13203 0.320723
3 -0.842016 -0.614475 0.31389
1 -0.851282 -0.557425 0.312717
9 -0.843322 -0.625132 0.309385
18 -0.820783 -0.774986 0.310747
1 -0.832454 -0.671508 0.318752
6 -0.824664 -0.61889 0.314172
3 -0.844168 -0.51102 0.314215
6 -0.854276 -0.599056 0.309964
10 -0.858502 -0.609725 0.314193
3 -0.928945 -0.326582 0.311364
3 -0.954038 -0.243013 0.304811
3 -0.87977 -0.532794 0.3025
3 -0.867254 -0.589986 0.305556
2 -0.897785 -0.497988 0.307098
1 -0.779417 -0.797017 0.315609
1 -0.822781 -0.657195 0.314091
3 -0.779407 -0.838077 0.319512
5 -0.893418 -0.451453 0.314972
6 -0.910258 -0.439315 0.306226
1 -0.80417 -0.670437 0.317733
3 -0.749027 -1.02614 0.311168
2 -0.790694 -0.792853 0.317656
4 -0.783874 -0.912509 0.310267
1 -0.769003 -0.849587 0.317728
1 -0.818376 -0.752334 0.311483
1 -0.858302 -0.663904 0.312117
3 -0.838824 -0.731737 0.310866
2 -0.82921 -0.587387 0.313834
2 -0.773377 -0.990617 0.307363
4 -0.706992 -1.13876 0.320228
8 -0.716316 -1.09912 0.320139
4 -0.789605 -0.774256 0.311245
1 -0.857803 -0.711883 0.30287
1 -0.912359 -0.479668 0.303282
4 -0.902033 -0.495702 0.299518
1 -0.764232 -1.02365 0.309626
5 -0.767145 -0.952872 0.309058
1 -0.754056 -0.820858 0.323487
1 -0.849205 -0.479575 0.313861
8 -0.828894 -0.623005 0.310565
1 -0.867317 -0.565424 0.300634
1 -0.879736 -0.37486 0.307974
4 -0.918839 -0.28709 0.307211
9 -0.903655 -0.287803 0.308973
1 -0.94403 -0.217285 0.301339
4 -0.88541 -0.295959 0.31111
2 -0.87616 -0.535412 0.305974
2 -0.871119 -0.430598 0.308299
1 -0.95477 -0.143739 0.30355
3 -0.883775 -0.50686 0.301771
2 -0.851329 -0.56154 0.302563
2 -0.766386 -0.933655 0.310424
24 -0.80337 -0.831356 0.311417
3 -0.838467 -0.652788 0.309642
2 -0.768522 -0.784879 0.320008
2 -0.731609 -0.884928 0.316519
5 -0.816806 -0.659892 0.321655
1 -0.816313 -0.610148 0.325018
3 -0.805009 -0.640108 0.324632
7 -0.831363 -0.671229 0.313747
8 -0.866141 -0.645632 0.314748
1 -0.920183 -0.429536 0.305419
3 -0.923046 -0.417638 0.305583
7 -0.924451 -0.340603 0.312128
2 -0.967995 -0.214037 0.306061
4 -0.844225 -0.642869 0.30706
7 -0.889401 -0.520015 0.311692
4 -0.879002 -0.476875 0.315434
2 -0.865139 -0.568996 0.315416
10 -0.871835 -0.48501 0.310975
12 -0.905134 -0.562923 0.300876
1 -0.74344 -0.928656 0.312877
4 -0.882812 -0.452158 0.306901
4 -0.822067 -0.665487 0.311226
1 -0.779115 -0.885096 0.313613
6 -0.7559 -1.0774 0.308309
1 -0.77723 -1.04393 0.305644
4 -0.768592 -1.08635 0.305681
3 -0.830494 -0.826046 0.304569
1 -0.825649 -0.645869 0.30911
1 -0.911369 -0.375089 0.308648
2 -0.901538 -0.411616 0.304291
5 -0.796063 -0.901308 0.312058
1 -0.909521 -0.416822 0.308948
1 -0.763059 -0.88611 0.319993
6 -0.835192 -0.732002 0.314307
7 -0.742483 -0.928536 0.323239
1 -0.812198 -0.700194 0.318316
9 -0.741932 -0.927155 0.324432
4 -0.680786 -1.21223 0.326412
2 -0.738554 -1.0754 0.313409
2 -0.832321 -0.51428 0.316545
5 -0.708267 -1.0171 0.324192
2 -0.752991 -0.889486 0.318615
2 -0.793619 -0.699769 0.318494
6 -0.849981 -0.444621 0.313231
2 -0.887121 -0.288331 0.31224
1 -0.876393 -0.378253 0.309084
1 -0.847884 -0.351286 0.318008
3 -0.835472 -0.44202 0.321373
4 -0.842293 -0.414863 0.32048
4 -0.851183 -0.470317 0.317191
8 -0.793287 -0.744309 0.318064
3 -0.732811 -0.978259 0.324184
1 -0.763116 -0.878295 0.312502
4 -0.737471 -1.03052 0.317159
2 -0.802853 -0.712483 0.31505
3 -0.849416 -0.600185 0.312149
3 -0.851038 -0.593276 0.312497
2 -0.753713 -0.7408 0.318811
6 -0.76805 -0.698166 0.312584
5 -0.795658 -0.62246 0.314675
3 -0.786089 -0.763822 0.315547
4 -0.76384 -0.855927 0.316878
1 -0.769565 -0.803545 0.322264
2 -0.902882 -0.238654 0.30918
1 -0.935957 -0.17723 0.30668
1 -0.920892 -0.317013 0.306879
7 -0.822679 -0.670397 0.312047
1 -0.840858 -0.653435 0.311254
6 -0.869205 -0.497453 0.311183
9 -0.922784 -0.373824 0.308957
3 -0.851677 -0.591187 0.312516
1 -0.946917 -0.424608 0.302468
2 -0.981245 -0.176498 0.303209
5 -0.939383 -0.389087 0.301781
1 -0.68642 -1.04629 0.326123
3 -0.695778 -1.00865 0.326751
3 -0.825091 -0.697619 0.315388
1 -0.908025 -0.361831 0.316428
4 -0.910488 -0.341761 0.314523
2 -0.965775 -0.285718 0.305686
2 -0.849998 -0.603536 0.317247
2 -0.812494 -0.719239 0.321205
4 -0.850442 -0.663839 0.30858
1 -0.791274 -0.785822 0.314388
1 -0.825685 -0.712167 0.304324
5 -0.787913 -0.870247 0.304522
4 -0.873304 -0.68904 0.306697
1 -0.941422 -0.346166 0.304432
3 -0.894324 -0.334412 0.308908
1 -0.746359 -0.936795 0.311183
7 -0.731589 -0.92882 0.310528
1 -0.762694 -0.81433 0.311148
1 -0.761286 -0.860379 0.313558
1 -0.770078 -0.688858 0.322371
1 -0.748157 -0.975113 0.317756
2 -0.872708 -0.53986 0.307533
1 -0.845004 -0.640978 0.309464
1 -0.833451 -0.689 0.306877
2 -0.822563 -0.734967 0.308249
2 -0.901803 -0.491536 0.301378
1 -0.886073 -0.596674 0.302223
2 -0.874048 -0.651442 0.304448
3 -0.89948 -0.462169 0.304843
2 -0.880746 -0.518502 0.305529
1 -0.836662 -0.641981 0.307034
1 -0.801976 -0.719211 0.31439
1 -0.801788 -0.705503 0.314268
1 -0.91731 -0.382473 0.305761
5 -0.886023 -0.61944 0.298303
1 -0.870589 -0.71089 0.302884
3 -0.764351 -0.98032 0.314119
1 -0.792154 -0.91903 0.312539
5 -0.735701 -1.17839 0.308378
3 -0.814846 -0.895998 0.305625
7 -0.868166 -0.468058 0.310218
1 -0.803616 -0.729444 0.313919
1 -0.794778 -0.755683 0.314243
3 -0.751327 -0.851184 0.319224
2 -0.745919 -0.875399 0.315752
1 -0.767929 -0.833476 0.316437
2 -0.744769 -0.957868 0.311633
4 -0.718555 -1.1019 0.312619
1 -0.707773 -1.15417 0.315007
4 -0.778923 -0.835327 0.311709
2 -0.785067 -0.828366 0.313699
1 -0.817083 -0.727339 0.312468
7 -0.85204 -0.642264 0.309966
3 -0.793497 -0.874303 0.312418
2 -0.883633 -0.541455 0.306445
1 -0.924572 -0.384394 0.303387
1 -0.897716 -0.511321 0.307159
1 -0.841391 -0.765069 0.314171
1 -0.849528 -0.656206 0.315174
5 -0.891417 -0.558432 0.309508
3 -0.985407 -0.266356 0.305406
1 -0.927436 -0.296602 0.314071
4 -0.958493 -0.172279 0.30357
1 -0.796263 -0.733178 0.311813
2 -0.768767 -0.81708 0.318101
2 -0.835507 -0.664836 0.315299
4 -0.795673 -0.73536 0.314963
5 -0.867666 -0.632749 0.308214
2 -0.806573 -0.641871 0.316727
4 -0.854962 -0.658835 0.3093
8 -0.796335 -0.846375 0.310749
2 -0.966276 -0.213725 0.303363
2 -0.788519 -0.734352 0.320214
10 -0.760943 -0.851372 0.317462
4 -0.786012 -0.657465 0.317291
2 -0.752357 -0.796095 0.320132
1 -0.891611 -0.447449 0.308229
4 -0.900836 -0.488996 0.307046
4 -0.88414 -0.46108 0.309705
1 -0.826576 -0.668571 0.305771
2 -0.809534 -0.823044 0.310696
8 -0.826109 -0.593063 0.315075
2 -0.758978 -0.873993 0.314923
8 -0.828248 -0.594123 0.314574
3 -0.828615 -0.406188 0.318869
1 -0.846961 -0.486112 0.313298
5 -0.87506 -0.637578 0.303486
5 -0.821578 -0.712778 0.310348
1 -0.826058 -0.624003 0.310546
1 -0.804409 -0.674202 0.308159
3 -0.85584 -0.473804 0.306616
2 -0.846073 -0.55968 0.309512
1 -0.851237 -0.542403 0.309441
2 -0.908475 -0.347267 0.308394
3 -0.876083 -0.460518 0.31083
1 -0.844717 -0.51562 0.312868
1 -0.772056 -0.745309 0.318298
10 -0.837467 -0.644838 0.312146
3 -0.851493 -0.516395 0.314279
1 -0.892919 -0.434472 0.309888
6 -0.81751 -0.548365 0.317859
1 -0.84737 -0.46893 0.313363
5 -0.820958 -0.607038 0.311602
11 -0.740642 -0.816502 0.322792
6 -0.743576 -1.04252 0.316302
5 -0.707199 -1.12492 0.318917
3 -0.814748 -0.874 0.308791
1 -0.883334 -0.447196 0.31011
3 -0.8439 -0.564685 0.312409
3 -0.871206 -0.389263 0.312741
2 -0.85317 -0.475376 0.314173
1 -0.88758 -0.350598 0.307688
4 -0.838731 -0.532606 0.310351
1 -0.857506 -0.751492 0.30974
7 -0.855918 -0.755206 0.309799
1 -0.909335 -0.405181 0.302889
1 -0.890286 -0.576812 0.305645
7 -0.809335 -0.719332 0.312534
4 -0.88078 -0.523074 0.302779
2 -0.943099 -0.342276 0.299919
1 -0.929242 -0.3518 0.306498
2 -0.876281 -0.47343 0.308764
1 -0.773599 -0.880182 0.313415
4 -0.796686 -0.84236 0.31013
3 -0.843071 -0.57687 0.311107
1 -0.784928 -0.758163 0.31611
4 -0.745342 -0.905066 0.314763
1 -0.93373 -0.39341 0.302625
3 -0.900416 -0.513337 0.302348
2 -0.830331 -0.669409 0.309592
1 -0.846151 -0.60089 0.313225
1 -0.843786 -0.637008 0.307009
2 -0.857635 -0.538026 0.308454
9 -0.882004 -0.423413 0.309612
1 -0.766872 -0.989598 0.312382
2 -0.812453 -0.814285 0.311168
1 -0.843172 -0.693283 0.310069
2 -0.839874 -0.627707 0.308915
3 -0.886531 -0.423134 0.307202
7 -0.87109 -0.57888 0.305241
7 -0.803962 -0.628866 0.319908
3 -0.811962 -0.605755 0.317792
2 -0.887702 -0.4357 0.307415
1 -0.759131 -0.816914 0.318257
1 -0.78996 -0.812307 0.308924
1 -0.782824 -0.827392 0.30875
8 -0.786672 -0.8969 0.31057
3 -0.871471 -0.464213 0.312066
2 -0.877042 -0.323839 0.321797
1 -0.878356 -0.380983 0.310365
2 -0.821773 -0.55454 0.311406
3 -0.807274 -0.711516 0.312822
1 -0.81742 -0.7125 0.306562
5 -0.88089 -0.496505 0.304334
1 -0.899329 -0.404304 0.309615
1 -0.931353 -0.292706 0.305135
19 -0.948195 -0.276847 0.305063
2 -0.86968 -0.476916 0.312108
4 -0.841541 -0.555998 0.315616
3 -0.83724 -0.527805 0.318086
1 -0.84961 -0.542152 0.317016
1 -0.879589 -0.43653 0.315845
2 -0.920287 -0.505799 0.306431
1 -0.912721 -0.471648 0.304937
2 -0.919064 -0.393346 0.304857
7 -0.82669 -0.667187 0.312192
1 -0.927482 -0.253839 0.305423
4 -0.91905 -0.259678 0.304492
2 -0.881673 -0.520771 0.304479
3 -0.876625 -0.59103 0.301894
4 -0.916523 -0.414473 0.302156
6 -0.898757 -0.476826 0.304074
6 -0.836939 -0.560973 0.31881
3 -0.877167 -0.621964 0.305305
2 -0.909243 -0.552637 0.302935
1 -0.851854 -0.755211 0.303557
2 -0.827995 -0.703823 0.312077
1 -0.815003 -0.705056 0.311814
5 -0.808704 -0.73967 0.312859
6 -0.754821 -1.05831 0.312275
2 -0.817144 -0.864312 0.305021
2 -0.838332 -0.743224 0.304411
2 -0.770281 -0.797143 0.311705
3 -0.741007 -0.9113 0.316177
6 -0.799303 -0.777733 0.312892
1 -0.773138 -0.70111 0.315565
1 -0.813067 -0.577945 0.310598
3 -0.819173 -0.656897 0.307894
1 -0.807873 -0.679141 0.316139
9 -0.829459 -0.598038 0.315566
1 -0.828072 -0.59585 0.316318
2 -0.842633 -0.577232 0.312691
3 -0.853903 -0.579728 0.310466
2 -0.832008 -0.627289 0.314962
2 -0.931642 -0.314491 0.303834
2 -0.885021 -0.518741 0.304664
1 -0.862018 -0.407628 0.319885
7 -0.862438 -0.553996 0.312657
6 -0.895999 -0.45231 0.30591
4 -0.92286 -0.345489 0.305153
1 -0.932715 -0.322875 0.300352
1 -0.848771 -0.626091 0.307981
4 -0.811674 -0.793737 0.306847
3 -0.794269 -0.795979 0.312021
6 -0.750134 -0.962437 0.317093
4 -0.815482 -0.456773 0.318565
1 -0.875281 -0.52668 0.309633
2 -0.924469 -0.469123 0.303443
3 -0.933281 -0.496304 0.306825
2 -0.870347 -0.706759 0.310702
12 -0.801663 -0.84987 0.310766
2 -0.797596 -0.900611 0.308474
2 -0.827995 -0.765767 0.305076
3 -0.820249 -0.65907 0.308536
2 -0.83478 -0.729742 0.299305
3 -0.901364 -0.353712 0.300001
1 -0.778253 -0.890882 0.306963
8 -0.757461 -0.816047 0.316446
1 -0.859335 -0.363405 0.30833
9 -0.85354 -0.394441 0.310202
1 -0.920963 -0.295225 0.30339
5 -0.851611 -0.464907 0.313805
5 -0.879286 -0.369696 0.311649
8 -0.814404 -0.603516 0.318624
1 -0.821795 -0.576967 0.317405
2 -0.836404 -0.574663 0.316297
5 -0.805987 -0.753131 0.316568
1 -0.843545 -0.741354 0.306329
4 -0.825601 -0.803413 0.308596
5 -0.890471 -0.522897 0.302585
1 -0.96549 -0.115962 0.302478
1 -0.916096 -0.491398 0.296834
4 -0.920098 -0.490314 0.302558
1 -0.885544 -0.402283 0.313469
3 -0.845284 -0.546655 0.312403
3 -0.852986 -0.550355 0.30961
2 -0.880082 -0.41886 0.309296
4 -0.891845 -0.518675 0.305586
4 -0.852363 -0.644258 0.309196
1 -0.842074 -0.633899 0.307547
1 -0.926744 -0.288652 0.306229
1 -0.894397 -0.359634 0.309724
5 -0.894203 -0.289295 0.308898
1 -0.878159 -0.498927 0.305901
2 -0.804172 -0.88167 0.307744
2 -0.833437 -0.800107 0.304888
1 -0.849792 -0.708092 0.303817
4 -0.88134 -0.560811 0.310655
1 -0.849372 -0.650783 0.314483
1 -0.77298 -0.889094 0.321065
1 -0.77607 -0.827146 0.316703
4 -0.887777 -0.313991 0.310905
2 -0.910951 -0.340996 0.307472
3 -0.887452 -0.446215 0.310879
4 -0.785186 -0.762468 0.317309
4 -0.81767 -0.726577 0.317253
9 -0.810859 -0.797254 0.313197
4 -0.863939 -0.612683 0.308455
5 -0.917219 -0.430392 0.303294
2 -0.937566 -0.33538 0.30374
2 -0.963262 -0.180141 0.31268
3 -0.958258 -0.153145 0.312701
2 -0.901017 -0.446193 0.296539
7 -0.782317 -1.01921 0.301426
2 -0.820389 -0.756959 0.306149
2 -0.820302 -0.800013 0.312012
10 -0.870454 -0.62462 0.302369
1 -0.840022 -0.727628 0.307085
1 -0.826944 -0.709859 0.303331
2 -0.758811 -0.73554 0.312571
4 -0.7963 -0.52857 0.322466
3 -0.703464 -1.15006 0.312527
1 -0.825033 -0.677029 0.309369
2 -0.855097 -0.588304 0.310433
1 -0.878411 -0.339199 0.316239
2 -0.923089 -0.248113 0.309828
2 -0.967841 -0.112486 0.303025
3 -0.923699 -0.390798 0.302668
3 -0.9362 -0.340427 0.302167
1 -0.92693 -0.293715 0.308609
1 -0.884969 -0.533435 0.305465
3 -0.916355 -0.230269 0.309132
1 -0.854611 -0.54928 0.309768
2 -0.845072 -0.571385 0.311351
1 -0.863776 -0.584359 0.308317
3 -0.806666 -0.662234 0.318825
2 -0.767467 -0.782347 0.31665
3 -0.751602 -0.790474 0.320002
1 -0.790281 -0.914234 0.314887
3 -0.817113 -0.850938 0.3127
4 -0.757485 -0.947161 0.315385
2 -0.819396 -0.683513 0.31912
3 -0.857243 -0.481812 0.315682
2 -0.892415 -0.26627 0.312496
1 -0.860122 -0.396898 0.316539
3 -0.849526 -0.596733 0.31349
19 -0.835367 -0.54931 0.316939
2 -0.855964 -0.621077 0.311312
1 -0.815536 -0.626865 0.316092
2 -0.837212 -0.553775 0.309404
3 -0.781653 -0.884412 0.313776
5 -0.772749 -0.812361 0.3129
1 -0.788208 -0.777675 0.314951
5 -0.805021 -0.657974 0.320479
2 -0.770608 -0.871709 0.309341
5 -0.833472 -0.573908 0.313098
4 -0.786665 -0.746454 0.312729
2 -0.768521 -0.741065 0.317998
2 -0.789262 -0.729598 0.312535
1 -0.803248 -0.725211 0.314142
1 -0.74699 -0.946305 0.317751
1 -0.784312 -0.839225 0.315667
3 -0.83967 -0.534991 0.315878
4 -0.946921 -0.203348 0.305868
2 -0.900165 -0.336481 0.310163
1 -0.942679 -0.316103 0.301713
3 -0.76179 -1.10006 0.307838
1 -0.793166 -0.890652 0.311228
2 -0.803108 -0.865051 0.307067
1 -0.795184 -0.953042 0.308314
4 -0.799674 -0.950085 0.306914
2 -0.780221 -1.04377 0.307857
1 -0.834183 -0.790117 0.303491
2 -0.909764 -0.524392 0.301011
2 -0.90581 -0.624586 0.303281
1 -0.845884 -0.737494 0.314711
1 -0.813507 -0.81532 0.311567
3 -0.87229 -0.479954 0.304982
4 -0.751594 -0.965235 0.318819
1 -0.835922 -0.681981 0.309279
3 -0.944692 -0.215006 0.30344
2 -0.920916 -0.488649 0.296196
3 -0.939212 -0.356243 0.299745
5 -0.852445 -0.60243 0.307318
1 -0.856507 -0.601263 0.308184
2 -0.847277 -0.519354 0.31512
1 -0.894895 -0.277984 0.316473
6 -0.884485 -0.536742 0.306686
1 -0.806352 -0.829258 0.310608
1 -0.844192 -0.689494 0.309488
3 -0.819092 -0.736701 0.305852
1 -0.841533 -0.643042 0.304825
5 -0.870647 -0.432824 0.306744
4 -0.84126 -0.61371 0.31145
5 -0.809211 -0.665566 0.314041
1 -0.803834 -0.602512 0.315762
6 -0.828616 -0.551769 0.318876
1 -0.928064 -0.265897 0.318944
1 -0.898267 -0.306694 0.321749
1 -0.817979 -0.548155 0.321013
1 -0.879252 -0.412319 0.311881
3 -0.899126 -0.432161 0.309764
2 -0.924813 -0.383973 0.306551
2 -0.932735 -0.40545 0.303233
1 -0.934966 -0.317498 0.303221
1 -0.821981 -0.741648 0.308886
6 -0.762822 -0.837143 0.313868
3 -0.822778 -0.68491 0.311525
2 -0.826415 -0.522042 0.313399
1 -0.781954 -0.752146 0.321141
3 -0.834396 -0.622009 0.31813
3 -0.87911 -0.418474 0.316094
2 -0.810404 -0.730978 0.31404
3 -0.884471 -0.589367 0.298489
2 -0.815763 -0.731583 0.302358
1 -0.936281 -0.360703 0.306446
4 -0.833514 -0.840357 0.299755
13 -0.797507 -0.87043 0.308709
1 -0.830786 -0.630941 0.311583
2 -0.887382 -0.509114 0.306974
1 -0.908693 -0.350599 0.308113
4 -0.790402 -0.841697 0.312868
2 -0.772565 -0.864709 0.315575
5 -0.815097 -0.717051 0.314179
1 -0.799806 -0.839029 0.311596
2 -0.82188 -0.809369 0.307265
2 -0.832074 -0.670321 0.308024
2 -0.936485 -0.296011 0.295688
1 -0.97231 -0.273188 0.293449
1 -0.767985 -1.05373 0.311696
1 -0.80584 -0.774854 0.310224
1 -0.829413 -0.657095 0.312818
2 -0.93435 -0.255182 0.30419
3 -0.847882 -0.517236 0.309718
2 -0.826106 -0.716081 0.312828
2 -0.849459 -0.627139 0.309505
3 -0.883528 -0.392667 0.311698
4 -0.889237 -0.426176 0.311734
1 -0.842632 -0.709702 0.30988
2 -0.731069 -1.05775 0.314762
13 -0.810408 -0.746096 0.311149
4 -0.776935 -0.758673 0.314752
1 -0.831545 -0.532787 0.315111
1 -0.825621 -0.637109 0.314283
2 -0.826686 -0.568907 0.31753
2 -0.812876 -0.670116 0.314522
3 -0.872182 -0.543917 0.30948
6 -0.84711 -0.600267 0.305017
12 -0.874296 -0.350022 0.312991
1 -0.885888 -0.403207 0.312188
2 -0.980192 -0.164191 0.299351
3 -0.889253 -0.474555 0.310644
1 -0.856283 -0.507962 0.312844
1 -0.807347 -0.620909 0.316922
5 -0.843787 -0.484805 0.317286
1 -0.797942 -0.772373 0.31078
2 -0.871951 -0.554466 0.310818
1 -0.815214 -0.640843 0.312203
1 -0.845517 -0.542053 0.311104
1 -0.842177 -0.626377 0.31007
1 -0.780526 -0.79195 0.314787
2 -0.894222 -0.468916 0.303046
1 -0.833566 -0.495151 0.316924
3 -0.858063 -0.522157 0.311769
2 -0.912029 -0.373943 0.308118
1 -0.796135 -0.734428 0.313058
5 -0.744675 -0.73363 0.327543
1 -0.742023 -0.725352 0.327908
8 -0.746924 -0.772635 0.321025
4 -0.884041 -0.440163 0.311567
2 -0.855968 -0.556874 0.312038
1 -0.812153 -0.762311 0.312785
4 -0.858088 -0.540123 0.31344
10 -0.879177 -0.493182 0.311578
2 -0.984121 -0.228059 0.305662
5 -0.906946 -0.383859 0.316068
2 -0.912201 -0.368321 0.315821
2 -0.841355 -0.712755 0.314066
3 -0.875892 -0.567881 0.308779
2 -0.89506 -0.419596 0.30824
1 -0.865867 -0.415538 0.312247
4 -0.849078 -0.437026 0.314869
1 -0.83767 -0.55512 0.321953
1 -0.871736 -0.414616 0.321274
1 -0.87697 -0.342305 0.318047
1 -0.86318 -0.33953 0.309687
2 -0.818047 -0.777963 0.30574
5 -0.857749 -0.569402 0.309162
2 -0.876442 -0.572442 0.309524
1 -0.881052 -0.583027 0.305974
4 -0.782267 -0.657085 0.319533
1 -0.820321 -0.58365 0.314544
1 -0.844429 -0.611766 0.311204
2 -0.841996 -0.50811 0.317095
6 -0.838733 -0.592475 0.315232
1 -0.828069 -0.558002 0.318286
2 -0.774683 -0.932944 0.318808
2 -0.735634 -1.00629 0.317917
1 -0.854625 -0.671624 0.311767
5 -0.769273 -0.985676 0.315088
2 -0.756078 -0.987846 0.313714
1 -0.744312 -1.02407 0.30999
6 -0.697966 -1.05029 0.319036
10 -0.833781 -0.778378 0.307931
3 -0.797862 -0.913987 0.309828
3 -0.759346 -0.883962 0.315727
14 -0.779627 -0.88327 0.31221
2 -0.815614 -0.654026 0.309842
1 -0.858139 -0.494515 0.311728
3 -0.77802 -0.784147 0.312731
1 -0.840732 -0.52375 0.307017
2 -0.893246 -0.403053 0.307538
1 -0.837328 -0.62633 0.31303
2 -0.863029 -0.422631 0.314274
2 -0.895059 -0.347065 0.307813
1 -0.910247 -0.38179 0.30724
1 -0.796388 -0.796998 0.317744
1 -0.857945 -0.532118 0.308498
1 -0.849072 -0.592819 0.314375
4 -0.826708 -0.707718 0.316252
2 -0.829443 -0.732529 0.309665
1 -0.857817 -0.545359 0.309153
11 -0.821844 -0.576442 0.309357
1 -0.845528 -0.550532 0.306334
3 -0.888147 -0.363636 0.303878
2 -0.815127 -0.603839 0.315139
8 -0.765568 -0.806606 0.320491
2 -0.89752 -0.417454 0.308295
4 -0.832266 -0.541652 0.311935
2 -0.878947 -0.458597 0.310238
2 -0.831458 -0.584267 0.314359
5 -0.876453 -0.462437 0.305599
1 -0.798084 -0.795337 0.318441
5 -0.840652 -0.515248 0.31295
2 -0.710814 -1.13443 0.317906
3 -0.705422 -1.2077 0.317437
8 -0.693177 -1.05657 0.328078
1 -0.702438 -0.930416 0.321772
2 -0.710055 -0.92466 0.32161
5 -0.809907 -0.568889 0.315402
1 -0.820995 -0.668299 0.314348
1 -0.87967 -0.420078 0.311571
5 -0.828479 -0.594417 0.310161
3 -0.895209 -0.327093 0.309103
8 -0.841135 -0.476734 0.310662
2 -0.820446 -0.648464 0.311907
1 -0.862261 -0.479073 0.313844
7 -0.773633 -0.912675 0.314052
1 -0.772477 -0.904984 0.313641
1 -0.81065 -0.764758 0.313142
1 -0.9111 -0.537272 0.300507
3 -0.951303 -0.339322 0.301835
1 -0.942326 -0.333291 0.302322
1 -0.88869 -0.367597 0.307949
4 -0.892921 -0.389766 0.309019
2 -0.891357 -0.429131 0.309712
7 -0.824891 -0.61755 0.314155
3 -0.769897 -0.920827 0.313692
1 -0.786573 -0.830005 0.314875
6 -0.808 -0.756726 0.312452
1 -0.843242 -0.632198 0.311349
8 -0.842741 -0.614023 0.314671
2 -0.868559 -0.507406 0.313396
1 -0.889956 -0.397734 0.314245
3 -0.84462 -0.719351 0.308488
1 -0.822668 -0.646867 0.317792
2 -0.822845 -0.674416 0.31082
1 -0.779551 -0.964889 0.311717
1 -0.786264 -0.807808 0.311979
5 -0.860813 -0.495666 0.313157
6 -0.82287 -0.666674 0.313126
1 -0.858365 -0.547455 0.308433
4 -0.861078 -0.629605 0.307451
6 -0.900775 -0.459878 0.302857
4 -0.855715 -0.452351 0.31133
2 -0.814645 -0.559544 0.314293
3 -0.817094 -0.652461 0.313866
3 -0.891781 -0.442189 0.312342
5 -0.864263 -0.432293 0.313839
9 -0.833114 -0.832331 0.303305
1 -0.834922 -0.824826 0.303732
3 -0.832329 -0.677549 0.312094
2 -0.819069 -0.658691 0.317806
5 -0.841201 -0.555293 0.315839
1 -0.84973 -0.586117 0.313315
1 -0.825914 -0.721398 0.314411
5 -0.8075 -0.803964 0.312986
3 -0.794669 -0.726109 0.314601
2 -0.782004 -0.822765 0.312051
5 -0.864485 -0.650061 0.307992
2 -0.826863 -0.730687 0.313399
9 -0.905143 -0.335766 0.306836
4 -0.849129 -0.533717 0.308662
1 -0.903826 -0.429917 0.306003
1 -0.844834 -0.570685 0.312003
1 -0.868896 -0.576055 0.307634
1 -0.855337 -0.563674 0.307519
3 -0.841888 -0.52963 0.30784
2 -0.820177 -0.66591 0.309682
2 -0.888247 -0.528284 0.302189
2 -0.869731 -0.58856 0.303636
4 -0.822172 -0.607173 0.313706
1 -0.776425 -0.793015 0.316536
1 -0.853596 -0.76319 0.302571
1 -0.829399 -0.756432 0.305027
1 -0.846906 -0.700692 0.302845
1 -0.862044 -0.646147 0.306162
6 -0.853504 -0.784921 0.302259
2 -0.813601 -0.625479 0.312532
1 -0.813378 -0.629006 0.316589
2 -0.823638 -0.909374 0.306045
1 -0.753305 -0.949338 0.315884
2 -0.830014 -0.580554 0.312489
1 -0.853683 -0.482419 0.314102
3 -0.857493 -0.473598 0.313894
1 -0.831258 -0.584484 0.317815
6 -0.791155 -0.699115 0.319515
2 -0.877126 -0.477762 0.307973
2 -0.813126 -0.654954 0.31167
3 -0.794832 -0.788775 0.310094
4 -0.918525 -0.258014 0.306882
3 -0.922693 -0.27451 0.303371
1 -0.914403 -0.282457 0.307077
3 -0.892292 -0.456001 0.308289
7 -0.803618 -0.74056 0.320409
3 -0.847993 -0.627097 0.315275
2 -0.778662 -0.80875 0.319829
6 -0.789746 -0.733515 0.315219
1 -0.777797 -0.737825 0.318906
1 -0.794227 -0.750635 0.316293
3 -0.811385 -0.586465 0.31528
2 -0.771695 -0.712147 0.320572
1 -0.779227 -0.622166 0.316818
6 -0.87657 -0.365422 0.307881
3 -0.762263 -0.68416 0.325292
1 -0.807019 -0.652718 0.310603
5 -0.936313 -0.426628 0.296825
2 -0.824442 -0.806114 0.309624
2 -0.80779 -0.846007 0.310976
3 -0.822168 -0.763179 0.313026
1 -0.780619 -0.850657 0.312199
6 -0.88928 -0.478269 0.305001
3 -0.889455 -0.565288 0.303687
2 -0.925543 -0.345949 0.309164
4 -0.864229 -0.429677 0.311487
3 -0.908547 -0.323434 0.307905
4 -0.89155 -0.543578 0.299384
3 -0.846677 -0.610927 0.310027
2 -0.865299 -0.457109 0.312463
1 -0.889334 -0.378897 0.310486
1 -0.910663 -0.362857 0.305414
1 -0.948087 -0.261445 0.301901
1 -0.842918 -0.553279 0.314458
1 -0.893138 -0.251723 0.315632
5 -0.887454 -0.29288 0.314305
3 -0.822215 -0.464794 0.311146
1 -0.808811 -0.499652 0.31431
1 -0.793473 -0.742111 0.313088
4 -0.863353 -0.529682 0.307478
4 -0.756917 -0.916594 0.307707
1 -0.758739 -0.914008 0.312483
1 -0.731637 -0.971075 0.315882
6 -0.802479 -0.765138 0.311664
3 -0.823177 -0.665249 0.313692
3 -0.902894 -0.434221 0.306332
2 -0.854045 -0.46814 0.313572
8 -0.866708 -0.448046 0.312741
3 -0.812463 -0.680447 0.314203
7 -0.738768 -0.887213 0.317162
1 -0.72818 -0.799129 0.327269
2 -0.80104 -0.592038 0.316598
1 -0.773206 -0.716905 0.322555
6 -0.80747 -0.723436 0.318094
2 -0.857265 -0.554059 0.310358
1 -0.895349 -0.450101 0.308003
2 -0.842835 -0.654441 0.314624
1 -0.919934 -0.379406 0.314641
1 -0.793127 -0.721068 0.325646
1 -0.789066 -0.796668 0.325133
3 -0.682939 -1.13161 0.322646
1 -0.689766 -1.13075 0.318263
1 -0.758191 -0.97297 0.311928
2 -0.774175 -0.884253 0.313322
1 -0.869765 -0.55815 0.30884
2 -0.851288 -0.605861 0.308417
13 -0.831275 -0.661477 0.309422
3 -0.866039 -0.418185 0.312838
1 -0.870139 -0.565953 0.309822
2 -0.827554 -0.56792 0.314554
3 -0.803934 -0.72626 0.31667
1 -0.904843 -0.348491 0.313033
1 -0.931777 -0.272831 0.309205
3 -0.947983 -0.1424 0.306803
3 -0.936963 -0.295215 0.305932
3 -0.769149 -0.904923 0.322215
3 -0.744006 -0.844631 0.323788
2 -0.73676 -0.958918 0.316212
3 -0.811608 -0.670528 0.311579
4 -0.857274 -0.532582 0.311004
2 -0.8971 -0.414225 0.310658
2 -0.86616 -0.543625 0.310355
1 -0.788957 -1.05446 0.307853
2 -0.832745 -0.952699 0.300048
2 -0.785337 -0.841291 0.306236
5 -0.753915 -1.02568 0.30678
4 -0.757748 -0.98793 0.30959
2 -0.776952 -0.929034 0.309865
1 -0.865101 -0.625902 0.301883
11 -0.918201 -0.397075 0.303155
2 -0.865845 -0.553296 0.302418
1 -0.835302 -0.729738 0.306086
3 -0.848175 -0.660362 0.30782
10 -0.850386 -0.543656 0.315173
2 -0.821989 -0.532911 0.316526
1 -0.797793 -0.683478 0.311323
5 -0.807989 -0.627843 0.312905
1 -0.928186 -0.289491 0.30407
3 -0.898802 -0.41241 0.306123
7 -0.841766 -0.567651 0.315307
2 -0.806964 -0.825239 0.311534
2 -0.808403 -0.80662 0.315886
2 -0.803701 -0.782874 0.315931
5 -0.793504 -0.733687 0.316849
5 -0.757009 -0.958189 0.317352
1 -0.886946 -0.450816 0.309155
3 -0.883048 -0.498086 0.308684
9 -0.877512 -0.337629 0.316446
5 -0.831004 -0.569673 0.318239
1 -0.831672 -0.599427 0.317915
4 -0.878749 -0.392204 0.314117
2 -0.861538 -0.483666 0.312313
3 -0.888622 -0.623695 0.306452
1 -0.859539 -0.566126 0.310317
2 -0.911436 -0.441543 0.305711
3 -0.952156 -0.330474 0.300191
4 -0.858263 -0.559008 0.311597
2 -0.877405 -0.429591 0.308296
2 -0.877476 -0.436324 0.307507
2 -0.912306 -0.38199 0.301535
2 -0.892079 -0.483285 0.301067
1 -0.875223 -0.521267 0.305698
4 -0.871386 -0.498243 0.310226
6 -0.824611 -0.725108 0.308921
5 -0.778941 -0.735021 0.310139
1 -0.850913 -0.545699 0.310229
2 -0.834784 -0.602418 0.311399
2 -0.813482 -0.643216 0.313182
1 -0.791725 -0.745147 0.314708
4 -0.872241 -0.347608 0.320778
3 -0.889983 -0.426195 0.31491
2 -0.824273 -0.686964 0.309796
2 -0.815442 -0.736319 0.310632
4 -0.772305 -0.93439 0.311451
1 -0.886991 -0.606794 0.306308
5 -0.923116 -0.514675 0.297412
1 -0.880383 -0.60691 0.303972
2 -0.827073 -0.66519 0.306847
1 -0.855077 -0.657015 0.304021
1 -0.875248 -0.595449 0.306581
1 -0.877618 -0.564196 0.301593
3 -0.861508 -0.404054 0.310269
2 -0.948292 -0.327664 0.299902
2 -0.848332 -0.567477 0.313393
2 -0.90112 -0.296196 0.317791
13 -0.883668 -0.38765 0.314017
1 -0.864324 -0.501654 0.318331
3 -0.853237 -0.515748 0.320073
1 -0.85149 -0.503909 0.320904
2 -0.884742 -0.283364 0.318669
4 -0.922969 -0.261829 0.307475
1 -0.768376 -0.856226 0.316587
8 -0.862226 -0.56625 0.307969
1 -0.83552 -0.703758 0.308714
1 -0.855066 -0.640128 0.309507
2 -0.758746 -0.892678 0.314595
2 -0.789917 -0.818476 0.310665
1 -0.839121 -0.76633 0.310485
4 -0.771974 -0.913361 0.316662
1 -0.823356 -0.675497 0.315242
1 -0.811697 -0.577217 0.321614
1 -0.805402 -0.815656 0.310758
3 -0.884808 -0.417994 0.310202
1 -0.932907 -0.127349 0.310682
3 -0.935639 -0.142674 0.312665
2 -0.888001 -0.493324 0.315973
1 -0.858735 -0.625719 0.311918
1 -0.857186 -0.616641 0.309585
4 -0.867785 -0.629503 0.307001
1 -0.914631 -0.397263 0.314944
1 -0.971761 -0.299521 0.303775
1 -0.812261 -0.654828 0.315746
2 -0.782897 -0.688975 0.319557
4 -0.783357 -0.870899 0.314231
2 -0.8408 -0.50394 0.314635
2 -0.898638 -0.268539 0.312852
7 -0.860999 -0.462354 0.316928
1 -0.850031 -0.551364 0.311084
2 -0.860871 -0.433129 0.312753
2 -0.833889 -0.533188 0.315642
3 -0.816087 -0.694878 0.31408
2 -0.853106 -0.390456 0.317545
5 -0.840226 -0.518482 0.313368
2 -0.874851 -0.553383 0.306905
8 -0.836793 -0.612816 0.306849
2 -0.839921 -0.606552 0.306635
2 -0.786926 -0.736726 0.315046
2 -0.808455 -0.519965 0.31556
1 -0.842342 -0.465317 0.312684
1 -0.796633 -0.742874 0.312235
3 -0.78293 -0.877747 0.312366
2 -0.78509 -0.916562 0.304321
1 -0.800951 -0.838942 0.306214
8 -0.852091 -0.667422 0.303985
4 -0.857096 -0.645048 0.305064
2 -0.900925 -0.449228 0.308743
2 -0.869729 -0.577334 0.306606
3 -0.822466 -0.613177 0.313442
5 -0.787836 -0.598624 0.317457
5 -0.81325 -0.5519 0.316158
1 -0.861899 -0.377334 0.312269
9 -0.804603 -0.553709 0.319536
2 -0.858315 -0.457167 0.308716
1 -0.926338 -0.27077 0.306653
14 -0.896345 -0.377142 0.305814
2 -0.823685 -0.552591 0.313211
1 -0.818145 -0.756432 0.31147
4 -0.846261 -0.669021 0.309625
3 -0.817995 -0.768123 0.311076
4 -0.862116 -0.54838 0.305934
1 -0.784241 -0.933914 0.315423
2 -0.908682 -0.493992 0.296155
1 -0.928039 -0.40282 0.299579
2 -0.911172 -0.325952 0.30374
2 -0.839887 -0.444243 0.315512
1 -0.883881 -0.469441 0.312198
1 -0.809773 -0.582816 0.322909
3 -0.822206 -0.570345 0.314829
2 -0.826595 -0.726823 0.298673
3 -0.725805 -1.0977 0.308051
4 -0.757913 -0.809524 0.319506
1 -0.771465 -0.699866 0.319485
2 -0.757382 -0.784338 0.318307
1 -0.842601 -0.574356 0.315831
1 -0.822963 -0.607168 0.316001
1 -0.82818 -0.537506 0.316433
6 -0.893573 -0.416932 0.308051
1 -0.954482 -0.26428 0.303792
1 -0.86404 -0.566737 0.309849
2 -0.884709 -0.526418 0.311097
7 -0.876899 -0.601818 0.311386
1 -0.940926 -0.387649 0.301834
1 -0.903456 -0.277241 0.32018
2 -0.796109 -0.75682 0.311246
1 -0.84838 -0.492139 0.317051
2 -0.833515 -0.620619 0.316263
4 -0.86458 -0.442878 0.316476
3 -0.888284 -0.474319 0.309156
2 -0.848329 -0.582901 0.307595
2 -0.849627 -0.55484 0.311289
1 -0.821147 -0.503248 0.317168
2 -0.820567 -0.556978 0.31154
4 -0.826904 -0.543719 0.32044
4 -0.775199 -0.721592 0.315536
5 -0.740043 -0.810152 0.319608
2 -0.805974 -0.600618 0.318298
1 -0.908655 -0.329896 0.303971
3 -0.830891 -0.510253 0.312479
1 -0.78387 -0.735895 0.315171
5 -0.809842 -0.627738 0.320346
10 -0.846 -0.650024 0.313075
2 -0.866469 -0.544726 0.311769
4 -0.824199 -0.655529 0.309037
4 -0.899429 -0.427266 0.306079
3 -0.879531 -0.489262 0.307111
1 -0.774443 -0.937025 0.314691
2 -0.761503 -0.947293 0.312407
1 -0.794897 -0.696213 0.314629
2 -0.797817 -0.781568 0.30971
2 -0.776993 -0.705303 0.312558
7 -0.771448 -0.788675 0.312998
1 -0.756571 -0.839149 0.317302
8 -0.861557 -0.59877 0.301045
1 -0.893433 -0.586332 0.296574
2 -0.86144 -0.624677 0.302406
1 -0.890499 -0.486672 0.302689
5 -0.842949 -0.726844 0.303698
2 -0.67998 -1.26323 0.318644
5 -0.684464 -1.20183 0.323855
4 -0.715228 -1.08275 0.315083
7 -0.738286 -0.939595 0.319417
6 -0.913051 -0.477109 0.306721
2 -0.782684 -0.801987 0.317513
3 -0.755295 -0.811844 0.321311
4 -0.843864 -0.676588 0.305687
1 -0.78712 -0.827094 0.312945
2 -0.757073 -0.92735 0.314567
1 -0.737088 -0.974306 0.316597
1 -0.807462 -0.770998 0.3058
5 -0.875003 -0.459454 0.302814
5 -0.858439 -0.413603 0.318043
4 -0.847974 -0.451659 0.314118
1 -0.837664 -0.571649 0.321848
1 -0.798199 -0.89642 0.314575
5 -0.853831 -0.604328 0.311668
2 -0.714754 -1.0461 0.31582
1 -0.698745 -1.03264 0.316011
6 -0.734627 -0.925525 0.313427
2 -0.771128 -0.784241 0.312552
4 -0.769705 -0.954902 0.312306
7 -0.875018 -0.440303 0.308591
1 -0.853102 -0.460631 0.310776
2 -0.754192 -1.01034 0.314003
1 -0.753088 -1.04828 0.31394
4 -0.872502 -0.545351 0.315547
1 -0.864526 -0.472266 0.3117
1 -0.752258 -0.961747 0.317823
1 -0.713203 -1.07649 0.319384
3 -0.758976 -0.958034 0.313794
4 -0.795081 -0.681171 0.319386
1 -0.793396 -0.680642 0.319606
1 -0.808004 -0.708497 0.318391
1 -0.877529 -0.582326 0.311497
1 -0.817962 -0.621028 0.318518
2 -0.879579 -0.470723 0.308886
1 -0.839074 -0.776754 0.305374
4 -0.815293 -0.707105 0.311173
1 -0.812926 -0.704148 0.308306
2 -0.812926 -0.704148 0.308306
4 -0.850892 -0.595238 0.315064
1 -0.810777 -0.57534 0.319886
1 -0.796457 -0.630126 0.314291
6 -0.803871 -0.524129 0.315758
2 -0.817008 -0.467425 0.317643
4 -0.775495 -0.752467 0.318017
2 -0.812566 -0.664337 0.316079
2 -0.823873 -0.648972 0.313666
1 -0.867348 -0.554083 0.311006
13 -0.877586 -0.51474 0.308974
1 -0.866081 -0.438005 0.311199
2 -0.799802 -0.661116 0.309895
3 -0.804276 -0.786859 0.307309
1 -0.773511 -0.955789 0.310319
3 -0.777825 -0.814174 0.317334
2 -0.764636 -0.944966 0.314175
5 -0.800123 -0.825542 0.313571
3 -0.759725 -0.768919 0.321304
1 -0.753697 -0.712205 0.326671
4 -0.947059 -0.268199 0.300009
5 -0.940425 -0.256501 0.30405
5 -0.897974 -0.493073 0.302316
2 -0.859182 -0.670002 0.309792
3 -0.911079 -0.401182 0.305189
1 -0.897843 -0.399187 0.308692
3 -0.866636 -0.485866 0.314318
2 -0.865982 -0.525885 0.31368
9 -0.863773 -0.544073 0.306707
1 -0.874419 -0.565351 0.306143
1 -0.890503 -0.490068 0.304672
2 -0.898554 -0.431369 0.30592
6 -0.872252 -0.567262 0.310331
8 -0.89708 -0.327821 0.308498
2 -0.879503 -0.319792 0.310441
4 -0.833515 -0.513814 0.310717
2 -0.802407 -0.553725 0.31876
5 -0.879582 -0.262945 0.31246
1 -0.793455 -0.835742 0.305444
1 -0.791748 -0.846048 0.308904
2 -0.755419 -0.990244 0.309557
1 -0.783704 -0.785858 0.311772
1 -0.779879 -0.758323 0.313886
2 -0.665373 -1.16823 0.324815
3 -0.739227 -0.890565 0.318915
1 -0.78342 -0.67583 0.316804
2 -0.86312 -0.603273 0.319408
9 -0.785758 -0.757706 0.32359
5 -0.794272 -0.829243 0.321166
2 -0.859619 -0.623744 0.305783
6 -0.870958 -0.57901 0.296971
2 -0.836283 -0.644083 0.304676
1 -0.839321 -0.581242 0.306543
2 -0.873202 -0.566526 0.30236
1 -0.902022 -0.365313 0.306935
1 -0.896423 -0.43938 0.307929
2 -0.875728 -0.618453 0.307663
4 -0.898328 -0.443534 0.300684
1 -0.889013 -0.427848 0.302892
1 -0.892888 -0.435028 0.302177
6 -0.886859 -0.459692 0.301504
1 -0.811362 -0.623149 0.318968
2 -0.812125 -0.704513 0.307938
1 -0.83635 -0.688062 0.305574
1 -0.886998 -0.49022 0.305085
4 -0.840263 -0.615519 0.308725
1 -0.839131 -0.639327 0.307938
1 -0.862384 -0.527882 0.305571
1 -0.918076 -0.306286 0.306467
1 -0.908932 -0.43694 0.301961
1 -0.836 -0.739149 0.305312
2 -0.833491 -0.759911 0.306104
1 -0.810875 -0.878712 0.309612
1 -0.859399 -0.463554 0.31953
4 -0.915111 -0.302924 0.311379
1 -0.790287 -0.738659 0.321677
2 -0.795684 -0.733657 0.321502
1 -0.81276 -0.75514 0.313933
4 -0.861502 -0.534249 0.303121
3 -0.911307 -0.443213 0.300522
2 -0.85276 -0.657908 0.305968
2 -0.747904 -0.867589 0.310429
7 -0.893451 -0.379265 0.30409
4 -0.782046 -0.529437 0.325481
7 -0.859528 -0.394062 0.312743
2 -0.815175 -0.755704 0.312228
1 -0.927599 -0.269868 0.313485
2 -0.827006 -0.720905 0.30788
5 -0.778721 -0.800239 0.312776
3 -0.818047 -0.685469 0.314057
10 -0.814886 -0.683705 0.31586
1 -0.851137 -0.655431 0.308168
2 -0.855863 -0.60465 0.308155
2 -0.862652 -0.609782 0.307665
1 -0.804662 -0.735601 0.316235
1 -0.782363 -0.806616 0.314947
1 -0.867806 -0.537295 0.311421
4 -0.858835 -0.560552 0.312348
1 -0.795643 -0.709154 0.318862
1 -0.829721 -0.55786 0.318492
1 -0.784433 -0.948545 0.312593
2 -0.791555 -0.913901 0.311767
8 -0.80294 -0.97959 0.309288
4 -0.857526 -0.806514 0.305791
4 -0.8346 -0.821045 0.311088
4 -0.87646 -0.713327 0.303528
6 -0.725426 -1.15302 0.319345
5 -0.735296 -1.04416 0.322141
3 -0.755401 -0.829766 0.317716
4 -0.757778 -0.834199 0.314583
1 -0.828039 -0.626476 0.312168
1 -0.810155 -0.710005 0.312932
2 -0.842164 -0.485919 0.316482
1 -0.825921 -0.592916 0.317017
2 -0.801102 -0.623762 0.323136
1 -0.806129 -0.573526 0.316036
5 -0.935219 -0.406402 0.305099
3 -0.89359 -0.512048 0.303426
3 -0.921015 -0.456387 0.301115
3 -0.923338 -0.450493 0.301052
2 -0.871212 -0.321896 0.319039
1 -0.819607 -0.493057 0.321628
2 -0.838295 -0.488108 0.315923
4 -0.826039 -0.7394 0.311944
1 -0.89552 -0.407125 0.308035
3 -0.93809 -0.12389 0.310186
2 -0.916039 -0.170553 0.313753
2 -0.841532 -0.451111 0.315143
5 -0.847516 -0.454672 0.314215
1 -0.809907 -0.574534 0.314584
2 -0.813071 -0.568966 0.314212
6 -0.907901 -0.411894 0.307411
1 -0.949959 -0.265733 0.306352
2 -0.966674 -0.305334 0.302402
12 -0.905888 -0.407699 0.308744
2 -0.897161 -0.377612 0.311557
3 -0.863448 -0.514441 0.310722
1 -0.890076 -0.432802 0.311281
2 -0.842767 -0.522882 0.315206
1 -0.79709 -0.652268 0.318695
1 -0.825032 -0.474887 0.318379
4 -0.787115 -0.874255 0.307373
1 -0.825738 -0.773853 0.306277
2 -0.910503 -0.390628 0.308374
3 -0.89645 -0.386246 0.308819
1 -0.932625 -0.411352 0.304276
3 -0.899407 -0.615892 0.304404
2 -0.85611 -0.68159 0.314487
8 -0.960899 -0.271511 0.303527
2 -0.858611 -0.53498 0.309972
3 -0.903592 -0.264793 0.311176
3 -0.891339 -0.443046 0.303083
2 -0.848504 -0.66939 0.303626
6 -0.798513 -0.825181 0.309555
4 -0.772691 -0.897379 0.313972
1 -0.833007 -0.706913 0.310971
1 -0.748417 -1.15811 0.316655
2 -0.850734 -0.798221 0.310266
1 -0.853652 -0.612598 0.305436
1 -0.839946 -0.528878 0.311615
1 -0.766837 -0.865562 0.313059
1 -0.763401 -0.84905 0.317379
2 -0.768442 -0.772247 0.313131
10 -0.800198 -0.566027 0.31528
1 -0.820413 -0.446389 0.318128
3 -0.86986 -0.381645 0.308456
3 -0.814001 -0.647594 0.310828
3 -0.835475 -0.552136 0.311334
1 -0.870681 -0.456169 0.311541
3 -0.907131 -0.382067 0.306064
1 -0.899748 -0.464263 0.305472
3 -0.906048 -0.428582 0.314763
2 -0.765814 -0.977604 0.321004
5 -0.79239 -0.663633 0.317149
11 -0.887775 -0.348697 0.313744
6 -0.862406 -0.433989 0.314722
1 -0.857153 -0.483459 0.314618
4 -0.871823 -0.499314 0.306985
3 -0.980365 -0.112169 0.301081
1 -0.962045 -0.235663 0.299051
1 -0.875142 -0.54022 0.302348
1 -0.783145 -0.831185 0.316082
1 -0.798866 -0.506319 0.323079
11 -0.790514 -0.649129 0.317693
6 -0.820327 -0.631867 0.316932
2 -0.803111 -0.665557 0.310164
4 -0.901195 -0.408491 0.302829
3 -0.852013 -0.5093 0.3096
1 -0.842631 -0.474434 0.313227
3 -0.837042 -0.509259 0.313617
2 -0.927864 -0.217823 0.306092
1 -0.784737 -0.837109 0.317924
1 -0.762995 -0.892942 0.319453
1 -0.747846 -0.849057 0.314935
6 -0.917015 -0.208358 0.308212
1 -0.880662 -0.412841 0.308145
2 -0.848682 -0.581331 0.311731
1 -0.89102 -0.400577 0.307877
6 -0.863258 -0.413 0.31144
2 -0.790779 -0.517979 0.324917
2 -0.862451 -0.448671 0.306135
1 -0.841934 -0.573638 0.308618
7 -0.892538 -0.423254 0.305708
2 -0.898188 -0.398187 0.304357
2 -0.870929 -0.548006 0.30766
1 -0.824543 -0.678561 0.311825
1 -0.860841 -0.498837 0.309367
1 -0.904611 -0.511667 0.303017
1 -0.821108 -0.828242 0.302104
1 -0.82983 -0.662199 0.304944
7 -0.944457 -0.205952 0.29875
3 -0.801407 -0.54014 0.318069
5 -0.851767 -0.435977 0.315794
3 -0.823115 -0.544064 0.317064
4 -0.82775 -0.521705 0.316791
2 -0.80442 -0.678698 0.317402
1 -0.865972 -0.480256 0.313434
5 -0.846556 -0.583475 0.310718
1 -0.89156 -0.482226 0.30905
3 -0.865549 -0.443142 0.311385
1 -0.885008 -0.372513 0.310619
1 -0.88955 -0.360701 0.310457
2 -0.783321 -0.652481 0.312269
1 -0.704961 -1.02572 0.313353
7 -0.877297 -0.659069 0.300666
4 -0.907368 -0.60067 0.300406
9 -0.926522 -0.507645 0.301344
3 -0.761625 -0.830119 0.313926
1 -0.811081 -0.72346 0.309173
6 -0.878112 -0.50717 0.306474
4 -0.872309 -0.534369 0.307124
1 -0.813926 -0.665533 0.317597
1 -0.844538 -0.518937 0.319948
2 -0.856284 -0.57914 0.316206
3 -0.860706 -0.606484 0.312363
2 -0.898748 -0.375603 0.305078
3 -0.84773 -0.638177 0.306737
12 -0.816983 -0.69328 0.308202
4 -0.843312 -0.480379 0.313636
7 -0.829456 -0.494528 0.315392
3 -0.789484 -0.733781 0.320007
5 -0.754576 -0.909065 0.316855
1 -0.821068 -0.504902 0.32004
1 -0.757603 -0.72756 0.3225
2 -0.694052 -1.00394 0.328114
6 -0.78367 -0.751163 0.320808
4 -0.840394 -0.515445 0.318249
1 -0.820458 -0.64415 0.316531
1 -0.876482 -0.519412 0.302693
2 -0.899908 -0.355601 0.306116
1 -0.845188 -0.681502 0.300619
1 -0.838297 -0.8258 0.303838
1 -0.871197 -0.604541 0.305874
3 -0.894778 -0.558367 0.30153
4 -0.832905 -0.664615 0.309098
5 -0.76271 -1.08297 0.306881
1 -0.753811 -1.19192 0.306018
2 -0.766687 -1.10443 0.305959
3 -0.883397 -0.731436 0.304825
6 -0.944663 -0.176004 0.312415
5 -0.929926 -0.28062 0.311318
6 -0.936637 -0.471304 0.299514
1 -0.920359 -0.350742 0.304756
2 -0.938503 -0.169386 0.305194
4 -0.906338 -0.264168 0.309424
2 -0.805917 -0.840142 0.305451
6 -0.777803 -0.815884 0.315707
5 -0.78939 -0.746031 0.318422
1 -0.821159 -0.677194 0.313206
4 -0.914165 -0.318342 0.31397
6 -0.897074 -0.347136 0.315147
2 -0.866404 -0.514184 0.309258
2 -0.864189 -0.554582 0.309667
1 -0.837781 -0.597906 0.315138
3 -0.855545 -0.522092 0.31278
8 -0.833468 -0.627862 0.312561
3 -0.836033 -0.560098 0.314667
1 -0.835215 -0.640398 0.30702
2 -0.833114 -0.713968 0.307791
3 -0.851878 -0.527043 0.312561
3 -0.876746 -0.440944 0.313208
3 -0.803823 -0.908172 0.315354
1 -0.804353 -0.90267 0.3155
1 -0.792947 -0.89279 0.308329
5 -0.787946 -0.861726 0.313392
2 -0.768572 -0.904995 0.315083
2 -0.848423 -0.685253 0.30712
2 -0.761332 -0.901129 0.318776
6 -0.781106 -0.882202 0.312019
5 -0.799569 -0.755231 0.314193
1 -0.807243 -0.808312 0.304518
1 -0.877725 -0.565363 0.299477
2 -0.837115 -0.648165 0.304865
2 -0.966532 -0.189556 0.303034
1 -0.806971 -0.732475 0.305887
1 -0.791819 -0.800141 0.308673
2 -0.857405 -0.699762 0.307919
2 -0.879858 -0.511591 0.310497
2 -0.890544 -0.448575 0.311405
2 -0.847282 -0.558697 0.315058
1 -0.849643 -0.582851 0.313996
1 -0.829232 -0.63864 0.307641
1 -0.879153 -0.456739 0.310938
3 -0.880751 -0.432603 0.311403
2 -0.78853 -0.822712 0.315839
3 -0.784885 -0.826472 0.316766
2 -0.810596 -0.760076 0.311737
4 -0.892557 -0.562688 0.300491
1 -0.864033 -0.589385 0.305258
3 -0.824718 -0.608061 0.31481
5 -0.821452 -0.599957 0.315513
2 -0.85631 -0.690544 0.309641
3 -0.810369 -0.737407 0.32064
6 -0.793363 -0.771185 0.321579
1 -0.889689 -0.33411 0.311152
2 -0.843224 -0.695649 0.302394
5 -0.869165 -0.435062 0.30888
2 -0.864668 -0.532753 0.306733
2 -0.860677 -0.559344 0.303948
2 -0.817931 -0.598771 0.314794
5 -0.810524 -0.61468 0.318791
1 -0.846415 -0.453234 0.316461
2 -0.807517 -0.657989 0.324554
1 -0.810487 -0.699368 0.322701
6 -0.78513 -0.765863 0.324183
1 -0.775749 -0.67783 0.320981
3 -0.832395 -0.530724 0.314731
2 -0.862316 -0.576201 0.313554
4 -0.846293 -0.668555 0.304579
1 -0.809825 -0.704972 0.310459
1 -0.825557 -0.702997 0.312263
4 -0.842484 -0.665179 0.308456
5 -0.788145 -0.717555 0.314798
3 -0.857353 -0.397515 0.314522
7 -0.843036 -0.597631 0.311243
3 -0.833644 -0.672109 0.305059
1 -0.795632 -0.67668 0.31682
1 -0.844074 -0.437727 0.31965
4 -0.845788 -0.527135 0.315359
12 -0.902129 -0.478707 0.302585
2 -0.891004 -0.619304 0.299086
2 -0.816128 -0.620137 0.317951
9 -0.858882 -0.447371 0.314186
2 -0.901626 -0.38835 0.30713
11 -0.899637 -0.382136 0.307166
11 -0.866229 -0.610728 0.304526
1 -0.863108 -0.519323 0.316017
5 -0.737001 -0.915677 0.318203
3 -0.805023 -0.773205 0.312256
6 -0.839863 -0.690518 0.304315
2 -0.828272 -0.680569 0.308399
1 -0.90407 -0.29848 0.31339
2 -0.945134 -0.337124 0.30344
3 -0.863577 -0.382362 0.310741
1 -0.89642 -0.319946 0.305516
2 -0.884669 -0.551921 0.298918
8 -0.896981 -0.513142 0.30639
1 -0.900982 -0.475354 0.30707
1 -0.856278 -0.485534 0.315516
2 -0.715445 -0.957756 0.317948
4 -0.780289 -0.649778 0.31925
4 -0.809181 -0.551982 0.310338
1 -0.836755 -0.688223 0.312302
2 -0.792249 -0.828962 0.316261
2 -0.895494 -0.406985 0.308631
2 -0.889994 -0.444114 0.307709
6 -0.877249 -0.475955 0.311834
15 -0.88346 -0.471843 0.314152
2 -0.828792 -0.711923 0.308481
5 -0.709807 -1.16355 0.319329
6 -0.786378 -0.880089 0.31166
1 -0.761659 -0.953017 0.310924
6 -0.756913 -0.972268 0.310714
2 -0.820377 -0.861677 0.299766
1 -0.902935 -0.320667 0.313794
1 -0.774675 -0.697181 0.319637
2 -0.836552 -0.487661 0.316287
1 -0.934372 -0.285117 0.310911
2 -0.941778 -0.250578 0.309246
2 -0.873877 -0.524215 0.311913
1 -0.882357 -0.45798 0.31183
5 -0.769524 -0.851347 0.314547
1 -0.772458 -0.869942 0.313168
3 -0.795733 -0.74227 0.313371
5 -0.775122 -0.774922 0.314891
6 -0.848528 -0.461143 0.310119
2 -0.852899 -0.542041 0.306917
1 -0.851889 -0.629556 0.314414
5 -0.90062 -0.461935 0.314399
1 -0.964009 -0.0294958 0.315446
5 -0.858923 -0.569605 0.307638
10 -0.837209 -0.567421 0.306137
2 -0.824395 -0.649151 0.306865
1 -0.799806 -0.753714 0.307488
4 -0.80204 -0.748937 0.307757
4 -0.849659 -0.655659 0.310014
9 -0.871313 -0.535183 0.306882
5 -0.867446 -0.525068 0.304228
1 -0.895292 -0.441554 0.301006
9 -0.892214 -0.520013 0.309401
1 -0.855505 -0.603404 0.305642
7 -0.873942 -0.56482 0.304865
5 -0.790015 -0.958349 0.3071
3 -0.723658 -1.05478 0.314646
4 -0.799618 -0.591092 0.311469
1 -0.779847 -0.730527 0.313764
2 -0.839661 -0.814569 0.30058
1 -0.895926 -0.622716 0.296105
5 -0.805932 -0.743346 0.310347
6 -0.813303 -0.681621 0.313673
1 -0.761951 -0.947309 0.310726
3 -0.699674 -1.15391 0.320518
1 -0.744331 -0.883455 0.319074
1 -0.78179 -0.681455 0.319187
6 -0.779308 -0.652063 0.320606
2 -0.787824 -0.626446 0.319016
5 -0.825983 -0.461178 0.317431
2 -0.849439 -0.347209 0.315317
3 -0.861194 -0.583703 0.308899
2 -0.952878 -0.219348 0.29991
1 -0.881815 -0.376136 0.312124
3 -0.813025 -0.527917 0.316556
4 -0.83797 -0.430317 0.318184
3 -0.852989 -0.506118 0.31373
1 -0.8278 -0.569928 0.314856
1 -0.865857 -0.447152 0.313352
3 -0.926864 -0.253193 0.30639
1 -0.891217 -0.281676 0.312889
2 -0.853436 -0.572062 0.30846
1 -0.79635 -0.759655 0.316171
2 -0.780537 -0.76479 0.318213
4 -0.846737 -0.670781 0.312893
10 -0.875308 -0.365705 0.312364
3 -0.832091 -0.628143 0.306679
14 -0.7525 -0.874003 0.31629
3 -0.88211 -0.392371 0.310232
2 -0.84261 -0.558629 0.309441
2 -0.883722 -0.324504 0.309492
4 -0.854505 -0.57979 0.311312
8 -0.869658 -0.516465 0.310335
7 -0.877008 -0.394417 0.316033
4 -0.883423 -0.402408 0.315399
8 -0.888294 -0.442627 0.315362
1 -0.819265 -0.588438 0.317442
1 -0.871695 -0.469042 0.314539
2 -0.87165 -0.522779 0.317812
4 -0.871428 -0.478192 0.313262
8 -0.834109 -0.615146 0.314765
1 -0.88826 -0.43619 0.309681
4 -0.884362 -0.302372 0.312667
3 -0.763877 -0.887573 0.31698
2 -0.77382 -0.882503 0.306683
4 -0.862015 -0.555164 0.299636
4 -0.818554 -0.574197 0.3154
1 -0.830316 -0.730419 0.3073
1 -0.755455 -1.05434 0.311441
2 -0.750225 -0.954298 0.319993
2 -0.77212 -0.874503 0.31781
5 -0.900516 -0.285926 0.308814
2 -0.860018 -0.57546 0.312065
1 -0.775193 -0.893268 0.31601
7 -0.88865 -0.485474 0.305631
1 -0.851828 -0.584145 0.310145
7 -0.821892 -0.708035 0.312142
6 -0.882766 -0.496331 0.311962
1 -0.880944 -0.452004 0.313484
1 -0.905896 -0.306388 0.314372
1 -0.780416 -0.709635 0.317003
1 -0.803244 -0.769705 0.312262
1 -0.789373 -0.793161 0.312826
2 -0.851013 -0.62229 0.308813
1 -0.838828 -0.604254 0.31683
4 -0.866062 -0.541047 0.305672
4 -0.882719 -0.384565 0.306727
2 -0.877506 -0.351489 0.309881
3 -0.816744 -0.65218 0.305442
4 -0.824833 -0.562462 0.313642
4 -0.784452 -0.769255 0.317659
2 -0.72719 -0.995656 0.32107
6 -0.758372 -0.819408 0.31912
2 -0.797633 -0.717575 0.314259
5 -0.82318 -0.639746 0.31459
3 -0.814371 -0.719768 0.310743
1 -0.823059 -0.841496 0.304695
3 -0.83763 -0.664966 0.308007
4 -0.835037 -0.655506 0.307509
6 -0.90151 -0.36784 0.308164
1 -0.946665 -0.281599 0.306065
5 -0.981752 -0.100584 0.306887
1 -0.956748 -0.211758 0.300648
2 -0.905899 -0.49097 0.304271
1 -0.878217 -0.487715 0.309724
8 -0.835257 -0.881324 0.303554
1 -0.843985 -0.788989 0.304191
1 -0.776664 -0.932151 0.310805
16 -0.871177 -0.618165 0.307601
1 -0.853042 -0.655347 0.312558
2 -0.865863 -0.486856 0.316819
9 -0.85631 -0.442132 0.31145
5 -0.805785 -0.680165 0.31613
7 -0.863973 -0.4581 0.318979
6 -0.879274 -0.504108 0.309891
1 -0.897233 -0.438042 0.306122
1 -0.861898 -0.527902 0.307163
1 -0.768732 -0.743967 0.319625
3 -0.95286 -0.233973 0.30684
2 -0.93857 -0.297558 0.308245
1 -0.900423 -0.457102 0.310351
1 -0.984101 -0.18171 0.301892
2 -0.857723 -0.523935 0.310523
1 -0.833994 -0.566929 0.311328
6 -0.853687 -0.611941 0.304606
1 -0.824101 -0.621516 0.308835
2 -0.901601 -0.338353 0.306173
2 -0.822863 -0.527259 0.32199
1 -0.866596 -0.416667 0.30813
1 -0.700717 -0.99786 0.320195
3 -0.810959 -0.60071 0.320239
5 -0.793866 -0.68008 0.317331
1 -0.843302 -0.501763 0.313682
5 -0.872362 -0.494086 0.303839
2 -0.880032 -0.44777 0.305101
1 -0.904249 -0.375732 0.312197
2 -0.870974 -0.588251 0.309223
1 -0.881017 -0.396865 0.311177
2 -0.799296 -0.667622 0.322511
1 -0.798666 -0.659302 0.322396
3 -0.792549 -0.676744 0.312644
4 -0.800506 -0.647862 0.312698
5 -0.788058 -0.828076 0.311516
9 -0.879212 -0.459458 0.31285
1 -0.807969 -0.696143 0.315166
2 -0.760941 -0.862449 0.316931
4 -0.859076 -0.604881 0.304122
2 -0.806049 -0.609887 0.317506
2 -0.842676 -0.512194 0.312805
3 -0.872032 -0.476374 0.308129
2 -0.900301 -0.398844 0.30307
2 -0.912892 -0.392952 0.30208
1 -0.909133 -0.268829 0.310618
4 -0.89203 -0.339775 0.308633
1 -0.830628 -0.680592 0.304782
2 -0.837056 -0.412121 0.315343
1 -0.870061 -0.472464 0.306916
1 -0.855149 -0.55239 0.306491
2 -0.84312 -0.603968 0.306842
5 -0.853787 -0.54674 0.308622
1 -0.822763 -0.671886 0.30954
3 -0.809749 -0.743173 0.310488
4 -0.73257 -0.939895 0.316639
1 -0.747745 -0.886051 0.315269
4 -0.735337 -1.09987 0.312953
4 -0.75929 -0.967161 0.308022
3 -0.781363 -0.853075 0.307135
1 -0.72889 -1.02083 0.314352
2 -0.826161 -0.649877 0.314649
2 -0.800018 -0.790615 0.314516
7 -0.724103 -0.82162 0.323595
3 -0.731659 -1.00909 0.317141
6 -0.81101 -0.841915 0.301723
4 -0.720851 -1.09846 0.314652
4 -0.674863 -1.35639 0.318471
2 -0.775278 -0.855305 0.319731
1 -0.814966 -0.680024 0.313965
1 -0.775647 -0.814129 0.31938
4 -0.853002 -0.658348 0.305968
4 -0.878916 -0.509708 0.305588
2 -0.849899 -0.583973 0.307387
9 -0.871043 -0.531466 0.303402
2 -0.891803 -0.330407 0.311056
5 -0.883083 -0.371284 0.309478
1 -0.78992 -0.890548 0.311849
2 -0.694644 -1.05994 0.320907
4 -0.722399 -1.06091 0.317705
1 -0.696693 -1.0583 0.325997
6 -0.855458 -0.599287 0.315424
1 -0.850565 -0.541108 0.314529
4 -0.837134 -0.756076 0.307528
6 -0.868286 -0.597258 0.307059
5 -0.870603 -0.551539 0.309466
2 -0.884398 -0.521504 0.309156
2 -0.888292 -0.426534 0.308288
3 -0.916662 -0.162572 0.314386
10 -0.881086 -0.488572 0.311012
1 -0.84701 -0.602076 0.314417
2 -0.859023 -0.578191 0.307478
1 -0.915628 -0.417745 0.301646
1 -0.905943 -0.303168 0.309065
5 -0.913321 -0.252207 0.310019
3 -0.911777 -0.257446 0.310016
1 -0.85967 -0.536312 0.308593
3 -0.858982 -0.503924 0.314223
1 -0.776164 -0.885939 0.317015
3 -0.765835 -0.921896 0.316758
1 -0.791946 -0.850427 0.313523
8 -0.853277 -0.549184 0.309996
1 -0.94446 -0.19282 0.304592
3 -0.916254 -0.26942 0.309825
1 -0.920451 -0.31212 0.303519
4 -0.878786 -0.504034 0.308942
2 -0.768514 -0.846059 0.314715
4 -0.806103 -0.792265 0.312134
4 -0.811254 -0.722295 0.314188
2 -0.808184 -0.745165 0.312301
1 -0.795912 -0.802309 0.310676
4 -0.814993 -0.74348 0.309184
1 -0.764221 -0.838292 0.31501
6 -0.815851 -0.603886 0.313462
1 -0.856628 -0.573839 0.305488
1 -0.842379 -0.662206 0.310962
5 -0.874786 -0.658793 0.309653
1 -0.967285 -0.331239 0.301536
2 -0.893363 -0.304356 0.311953
1 -0.89257 -0.303973 0.311999
2 -0.826775 -0.661286 0.311502
2 -0.83202 -0.649005 0.311487
2 -0.869303 -0.47276 0.30875
5 -0.906664 -0.390968 0.301075
2 -0.800257 -0.761318 0.309077
3 -0.798238 -0.747057 0.31071
1 -0.839871 -0.661363 0.310032
1 -0.814154 -0.677039 0.314907
1 -0.838444 -0.591871 0.310051
4 -0.869047 -0.469389 0.307588
3 -0.874134 -0.432818 0.306194
1 -0.790843 -0.772583 0.30781
2 -0.802684 -0.77046 0.311891
1 -0.913241 -0.345262 0.302896
2 -0.949546 -0.282102 0.304908
5 -0.850258 -0.702521 0.311078
2 -0.801054 -0.881432 0.311624
1 -0.878358 -0.568108 0.306211
2 -0.898761 -0.481695 0.301027
4 -0.817582 -0.572266 0.312496
2 -0.854451 -0.516655 0.306145
3 -0.802826 -0.628622 0.315621
3 -0.748407 -0.983841 0.314448
1 -0.827861 -0.702918 0.313313
1 -0.860483 -0.453762 0.30779
3 -0.867433 -0.584506 0.304186
6 -0.824016 -0.697034 0.313007
4 -0.773457 -0.794208 0.315617
3 -0.762167 -0.744778 0.319809
3 -0.796894 -0.596159 0.318669
1 -0.847346 -0.54236 0.310586
1 -0.893389 -0.546512 0.299786
1 -0.893235 -0.597424 0.30044
1 -0.896967 -0.483339 0.301833
1 -0.877614 -0.559948 0.303929
6 -0.804315 -0.921803 0.306519
3 -0.859616 -0.721211 0.300891
6 -0.848523 -0.724264 0.30523
3 -0.896043 -0.533701 0.304998
4 -0.89671 -0.489142 0.30995
2 -0.895372 -0.476033 0.308873
1 -0.91755 -0.469866 0.300825
2 -0.926629 -0.573783 0.298069
1 -0.87035 -0.703802 0.306539
7 -0.812658 -0.746115 0.311926
2 -0.852317 -0.506129 0.309922
2 -0.805742 -0.692803 0.313654
2 -0.808991 -0.673485 0.313913
1 -0.871804 -0.614004 0.301036
5 -0.923692 -0.384592 0.304374
1 -0.827925 -0.737661 0.313724
10 -0.814636 -0.824554 0.312293
1 -0.81205 -0.784249 0.314495
5 -0.839935 -0.548432 0.308125
2 -0.83157 -0.576386 0.308904
11 -0.808083 -0.726252 0.311656
1 -0.826172 -0.7214 0.307165
2 -0.841676 -0.512235 0.305935
1 -0.836513 -0.416157 0.317971
1 -0.796487 -0.565795 0.32879
1 -0.844177 -0.384013 0.324224
1 -0.803159 -0.540118 0.321768
1 -0.783883 -0.725634 0.316333
1 -0.734534 -0.975109 0.316724
4 -0.700303 -1.10266 0.314762
3 -0.961428 -0.174077 0.307045
4 -0.878379 -0.408755 0.312816
1 -0.864157 -0.396194 0.312109
1 -0.897553 -0.311075 0.311665
5 -0.78786 -0.58024 0.318769
3 -0.817034 -0.630656 0.311793
1 -0.864504 -0.539289 0.307877
1 -0.874069 -0.554631 0.304194
2 -0.800191 -0.640819 0.316472
2 -0.772946 -0.805803 0.312932
2 -0.904909 -0.440305 0.309157
1 -0.841333 -0.682573 0.303978
6 -0.774225 -0.759868 0.317373
3 -0.747205 -0.959208 0.313487
1 -0.797546 -0.725741 0.310632
3 -0.806304 -0.710561 0.312566
3 -0.779197 -0.788785 0.316388
1 -0.843823 -0.563969 0.312102
6 -0.871961 -0.420503 0.307219
4 -0.878386 -0.448492 0.30995
2 -0.96024 -0.242905 0.301641
2 -0.757379 -1.02391 0.314466
2 -0.909275 -0.514065 0.307384
4 -0.884279 -0.655596 0.303261
1 -0.908894 -0.234299 0.306642
1 -0.847839 -0.48715 0.313605
4 -0.854198 -0.61423 0.307628
2 -0.796154 -0.77626 0.307384
9 -0.811553 -0.67988 0.314456
1 -0.837578 -0.627183 0.30882
2 -0.835782 -0.611735 0.311067
1 -0.821606 -0.717672 0.305566
2 -0.783756 -0.850704 0.310024
1 -0.773858 -0.788762 0.319139
4 -0.887129 -0.332342 0.313339
3 -0.832002 -0.547255 0.319108
5 -0.783956 -0.6638 0.3212
1 -0.897052 -0.426803 0.317006
8 -0.876888 -0.623385 0.305302
4 -0.821592 -0.722864 0.315987
2 -0.919227 -0.291055 0.308904
13 -0.904885 -0.3859 0.310398
2 -0.905531 -0.336656 0.312065
2 -0.825085 -0.799913 0.303748
2 -0.785998 -0.704712 0.314862
2 -0.832955 -0.684607 0.309178
2 -0.833127 -0.675611 0.310933
1 -0.87866 -0.623935 0.309126
5 -0.817853 -0.781136 0.316314
1 -0.912047 -0.517932 0.3039
2 -0.803023 -0.863008 0.311538
1 -0.787984 -0.887879 0.313521
4 -0.821232 -0.917526 0.313193
4 -0.842113 -0.715656 0.314023
1 -0.836181 -0.692582 0.314295
1 -0.831798 -0.711515 0.310165
1 -0.810738 -0.80183 0.31082
1 -0.903496 -0.416326 0.308894
2 -0.865834 -0.599299 0.306846
3 -0.8453 -0.679672 0.306772
3 -0.86151 -0.409619 0.316672
5 -0.813842 -0.52303 0.318774
3 -0.875081 -0.279369 0.315086
1 -0.816972 -0.50995 0.318831
1 -0.831451 -0.591871 0.315287
2 -0.828358 -0.579892 0.317769
5 -0.769149 -0.787078 0.32044
2 -0.791567 -0.622482 0.318621
1 -0.768716 -0.853552 0.315685
3 -0.869381 -0.449671 0.306293
2 -0.847931 -0.596854 0.303733
3 -0.921351 -0.416179 0.296205
1 -0.903823 -0.525751 0.298123
3 -0.927597 -0.458243 0.297084
1 -0.883925 -0.45473 0.306146
3 -0.850067 -0.417938 0.312788
1 -0.832401 -0.518421 0.311293
3 -0.867794 -0.433579 0.309614
4 -0.818134 -0.56474 0.31776
2 -0.820767 -0.646162 0.315226
3 -0.813668 -0.698642 0.318145
2 -0.959431 -0.200092 0.306408
3 -0.891655 -0.471157 0.312305
1 -0.886697 -0.335418 0.30987
1 -0.883747 -0.409684 0.30553
2 -0.763352 -0.836562 0.314416
2 -0.757942 -0.732284 0.312777
3 -0.861145 -0.490387 0.306015
9 -0.831339 -0.577277 0.311189
3 -0.808302 -0.637962 0.314544
3 -0.973319 -0.097986 0.303296
6 -0.904036 -0.377228 0.30847
2 -0.98067 -0.217209 0.304561
2 -0.842645 -0.562076 0.31448
1 -0.823945 -0.793747 0.305906
3 -0.796979 -0.81341 0.306499
3 -0.832824 -0.758873 0.304026
2 -0.826395 -0.83423 0.304075
5 -0.856081 -0.733419 0.310252
1 -0.847602 -0.840744 0.30527
6 -0.824389 -0.90729 0.301693
3 -0.719687 -1.19293 0.322879
4 -0.822474 -0.747198 0.322612
2 -0.777374 -0.777062 0.323079
3 -0.833222 -0.648434 0.314276
1 -0.802351 -0.743864 0.320853
4 -0.842776 -0.504694 0.326658
1 -0.856055 -0.486275 0.324468
3 -0.821761 -0.672265 0.31367
7 -0.804616 -0.743565 0.318568
4 -0.824977 -0.509109 0.317736
1 -0.819233 -0.676718 0.311322
1 -0.808061 -0.800284 0.306206
2 -0.887157 -0.499443 0.302861
3 -0.915976 -0.425668 0.302847
1 -0.862726 -0.618443 0.301753
1 -0.821586 -0.862209 0.305127
1 -0.837511 -0.892868 0.304137
1 -0.864077 -0.720891 0.310589
1 -0.880164 -0.628162 0.310704
11 -0.880892 -0.549824 0.305524
5 -0.890934 -0.483978 0.312057
1 -0.826462 -0.75625 0.315636
2 -0.75145 -0.888355 0.318073
2 -0.734125 -0.811297 0.32307
1 -0.785911 -0.669821 0.311976
1 -0.80458 -0.699546 0.314707
1 -0.897681 -0.571884 0.307955
2 -0.840505 -0.718404 0.308283
5 -0.842335 -0.519321 0.316288
3 -0.797529 -0.753607 0.313344
3 -0.770641 -0.742581 0.318825
1 -0.76785 -0.901954 0.313306
2 -0.753063 -1.04741 0.308352
1 -0.801775 -0.770792 0.307662
2 -0.781514 -0.838298 0.30947
6 -0.834449 -0.551425 0.308165
1 -0.835514 -0.547375 0.310454
1 -0.842612 -0.590129 0.313179
7 -0.787195 -0.893809 0.315771
2 -0.852857 -0.513838 0.316787
2 -0.82117 -0.642588 0.317301
1 -0.798175 -0.756548 0.315493
2 -0.7129 -1.09432 0.316242
4 -0.801297 -0.713294 0.312777
1 -0.821578 -0.648351 0.308362
2 -0.821255 -0.597885 0.30781
2 -0.918127 -0.418065 0.295533
1 -0.874619 -0.327797 0.311378
1 -0.89434 -0.352377 0.305277
1 -0.904108 -0.412024 0.311489
3 -0.931418 -0.262789 0.310007
4 -0.907102 -0.380138 0.308771
5 -0.944182 -0.260111 0.307188
3 -0.867027 -0.687254 0.307759
1 -0.874079 -0.489765 0.310018
1 -0.854982 -0.621391 0.311337
7 -0.842131 -0.696204 0.306671
3 -0.826063 -0.659179 0.31033
1 -0.868901 -0.599671 0.304626
3 -0.874873 -0.510321 0.304548
1 -0.859502 -0.61145 0.30499
4 -0.809946 -0.879342 0.308781
8 -0.844165 -0.453411 0.313492
5 -0.821767 -0.575251 0.313769
4 -0.745871 -0.838826 0.318591
1 -0.774819 -0.935735 0.311234
1 -0.770323 -0.775712 0.321213
1 -0.895382 -0.40254 0.311773
3 -0.797032 -0.721489 0.313105
3 -0.742876 -0.860756 0.319516
1 -0.826805 -0.475439 0.323481
2 -0.834246 -0.461723 0.323082
2 -0.852967 -0.372593 0.31643
1 -0.944123 -0.332643 0.306026
3 -0.894989 -0.506492 0.310308
5 -0.958811 -0.25669 0.305747
4 -0.806376 -0.753579 0.312449
2 -0.774298 -0.720882 0.319144
2 -0.829035 -0.635121 0.314332
9 -0.809504 -0.595476 0.320319
1 -0.775453 -0.801176 0.315481
1 -0.80346 -0.864053 0.305663
1 -0.843181 -0.606813 0.311043
5 -0.864822 -0.515335 0.316148
1 -1.03515 -0.0954037 0.297411
2 -1.01352 -0.177612 0.296572
6 -0.82322 -0.610323 0.312687
5 -0.870202 -0.448541 0.305169
1 -0.872609 -0.488037 0.308021
1 -0.858477 -0.557193 0.310029
4 -0.857555 -0.582546 0.309032
6 -0.857181 -0.532034 0.311003
2 -0.847864 -0.700286 0.304391
1 -0.794964 -0.752528 0.306892
4 -0.819899 -0.65915 0.313679
1 -0.796591 -0.776905 0.318603
2 -0.783647 -0.769211 0.313638
2 -0.739409 -0.956472 0.315194
2 -0.750957 -0.79216 0.320856
12 -0.832957 -0.549607 0.318012
3 -0.863697 -0.712476 0.309986
2 -0.840534 -0.800539 0.308492
3 -0.878718 -0.584107 0.30683
1 -0.829962 -0.548328 0.317711
3 -0.761604 -0.953155 0.312827
3 -0.784965 -0.938756 0.308404
4 -0.740692 -1.08809 0.312439
5 -0.735384 -1.03514 0.313988
2 -0.77361 -0.917799 0.312574
1 -0.734173 -1.25799 0.316009
2 -0.741057 -1.09881 0.320318
7 -0.756775 -0.907955 0.323261
2 -0.790133 -0.700715 0.321224
2 -0.846548 -0.572543 0.316703
4 -0.810332 -0.61222 0.319079
2 -0.874388 -0.597112 0.312954
2 -0.828208 -0.726223 0.310049
2 -0.826223 -0.683101 0.313708
4 -0.876829 -0.585948 0.311058
3 -0.923075 -0.506084 0.303204
5 -0.821921 -0.893212 0.311548
6 -0.91555 -0.426055 0.304467
3 -0.790288 -0.763451 0.313957
2 -0.844649 -0.489381 0.311654
3 -0.83055 -0.661961 0.306445
3 -0.838289 -0.531668 0.314918
2 -0.78162 -0.792298 0.313029
6 -0.773783 -0.737339 0.3138
7 -0.706068 -1.16287 0.312414
1 -0.740019 -1.01916 0.31069
5 -0.713755 -1.05137 0.315569
5 -0.866462 -0.58086 0.309064
3 -0.829509 -0.718147 0.306469
2 -0.806099 -0.822072 0.312257
10 -0.785797 -0.791019 0.313749
3 -0.707638 -1.08092 0.31941
5 -0.810885 -0.56808 0.315759
3 -0.812507 -0.530831 0.318186
2 -0.838028 -0.55928 0.312759
3 -0.82208 -0.729906 0.310661
2 -0.794297 -0.805051 0.314988
3 -0.946123 -0.391443 0.299495
1 -0.898381 -0.625061 0.297454
3 -0.883789 -0.699081 0.295064
9 -0.878645 -0.546794 0.295554
1 -0.888927 -0.360701 0.303222
3 -0.87949 -0.446468 0.303986
2 -0.879688 -0.47873 0.303053
2 -0.878638 -0.611305 0.300704
5 -0.884596 -0.319736 0.311401
2 -0.821459 -0.740365 0.305313
1 -0.851772 -0.648491 0.312794
4 -0.878976 -0.506717 0.310089
1 -0.823648 -0.630333 0.314354
1 -0.869114 -0.545091 0.306648
1 -0.87515 -0.696289 0.299164
5 -0.875467 -0.691711 0.299243
1 -0.842044 -0.533578 0.317898
2 -0.794275 -0.811094 0.312308
2 -0.81084 -0.692646 0.31348
2 -0.86999 -0.459981 0.307167
2 -0.914369 -0.275741 0.303824
1 -0.900838 -0.528264 0.302782
2 -0.941698 -0.393231 0.303285
1 -0.886724 -0.60719 0.306412
3 -0.879589 -0.612072 0.308383
7 -0.816564 -0.819524 0.309195
4 -0.843891 -0.809025 0.304553
3 -0.886085 -0.563367 0.303459
4 -0.834165 -0.726243 0.304896
1 -0.87411 -0.631238 0.306632
1 -0.877457 -0.732408 0.30645
1 -0.880003 -0.699644 0.308331
1 -0.845406 -0.790785 0.306832
1 -0.845385 -0.632116 0.309687
1 -0.816045 -0.686003 0.312526
3 -0.758164 -0.956975 0.317922
4 -0.726572 -1.009 0.323776
1 -0.731115 -1.17616 0.315168
1 -0.78138 -1.08298 0.310039
2 -0.916525 -0.605896 0.299469
2 -0.93672 -0.341134 0.305367
8 -0.849466 -0.539783 0.316968
2 -0.792467 -0.767381 0.317851
2 -0.755768 -0.970371 0.31704
1 -0.770211 -1.0031 0.308697
3 -0.908765 -0.497623 0.307402
1 -0.874889 -0.546241 0.305225
4 -0.746618 -0.916818 0.317427
8 -0.789958 -0.683102 0.313478
1 -0.792156 -0.799755 0.306579
6 -0.708868 -1.24723 0.309435
1 -0.862627 -0.489545 0.307948
3 -0.808254 -0.787746 0.313263
1 -0.839962 -0.581528 0.310671
1 -0.84377 -0.692208 0.305233
1 -0.805288 -0.758663 0.305794
3 -0.819519 -0.51632 0.316832
2 -0.825557 -0.441791 0.318098
2 -0.819355 -0.439276 0.318424
1 -0.747813 -0.88244 0.323369
1 -0.745433 -0.831122 0.322971
2 -0.79825 -0.715366 0.312668
1 -0.826164 -0.560056 0.320191
2 -0.837679 -0.449078 0.315168
2 -0.806103 -0.583037 0.317135
1 -0.778571 -0.768937 0.313298
1 -0.76989 -0.811549 0.307489
2 -0.889944 -0.318245 0.306515
6 -0.90394 -0.267184 0.303585
3 -0.854639 -0.373378 0.310692
4 -0.843159 -0.453711 0.310817
3 -0.829259 -0.658171 0.306656
2 -0.810223 -0.644267 0.311372
3 -0.799582 -0.693545 0.314663
1 -0.732227 -1.06524 0.317771
1 -0.75313 -0.956682 0.314661
1 -0.78012 -0.860455 0.313816
3 -0.803506 -0.73355 0.311835
2 -0.813923 -0.633932 0.313
5 -0.835114 -0.582597 0.307557
1 -0.903975 -0.392027 0.307642
3 -0.908168 -0.366151 0.30869
1 -0.87027 -0.495176 0.303709
1 -0.896202 -0.537386 0.302531
7 -0.808465 -0.736895 0.309893
2 -0.761029 -0.896034 0.316663
3 -0.78572 -0.795044 0.313023
4 -0.808398 -0.75182 0.309722
4 -0.79041 -0.955035 0.303307
2 -0.747695 -0.920424 0.309927
2 -0.740396 -0.961525 0.312777
4 -0.848869 -0.642213 0.301545
2 -0.909839 -0.386584 0.304954
2 -0.809838 -0.617935 0.312729
1 -0.936706 -0.312371 0.303004
1 -0.876858 -0.418717 0.30949
2 -0.878436 -0.470732 0.308564
2 -0.883719 -0.468473 0.306932
13 -0.848565 -0.628628 0.314293
2 -0.864867 -0.484759 0.315872
1 -0.782483 -0.617765 0.321514
9 -0.777094 -0.695127 0.315492
1 -0.749813 -0.804016 0.318316
1 -0.769215 -0.800361 0.317875
1 -0.822179 -0.75298 0.30661
3 -0.892584 -0.464387 0.314584
3 -0.816695 -0.719222 0.314672
1 -0.795557 -0.760606 0.313951
10 -0.766748 -0.843019 0.317865
4 -0.839663 -0.598675 0.312347
2 -0.828417 -0.640466 0.312781
2 -0.814287 -0.522892 0.313834
1 -0.835313 -0.505705 0.319262
4 -0.780199 -0.720153 0.319163
1 -0.775718 -0.738233 0.317008
4 -0.772151 -0.68933 0.320507
4 -0.778577 -0.726761 0.317741
5 -0.811221 -0.56924 0.319669
1 -0.831963 -0.557603 0.31559
1 -0.886299 -0.362788 0.31487
2 -0.843794 -0.498668 0.313512
3 -0.927643 -0.367557 0.306184
3 -0.922723 -0.486997 0.305173
1 -0.759909 -1.00568 0.324301
1 -0.803864 -0.92669 0.310236
2 -0.836838 -0.761092 0.311932
1 -0.822539 -0.755064 0.306304
1 -0.810433 -0.642601 0.316584
2 -0.857635 -0.517988 0.311214
2 -0.855501 -0.496212 0.312701
14 -0.837732 -0.556598 0.31401
11 -0.837732 -0.556598 0.31401
13 -0.838302 -0.552576 0.313162
8 -0.857343 -0.541937 0.306125
1 -0.870463 -0.511454 0.305453
1 -0.817141 -0.631315 0.31421
1 -0.799311 -0.682126 0.318575
2 -0.904432 -0.400467 0.310361
3 -0.925382 -0.432082 0.302122
8 -0.834811 -0.595691 0.315919
1 -0.841525 -0.615071 0.314161
1 -0.798297 -0.93196 0.314967
1 -0.872001 -0.735604 0.304083
2 -0.872538 -0.696979 0.311828
7 -0.815859 -0.718184 0.30767
7 -0.803869 -0.766599 0.307822
3 -0.776526 -0.874669 0.308925
4 -0.718605 -1.03508 0.309275
4 -0.777785 -0.832067 0.313748
2 -0.785348 -0.859755 0.311834
1 -0.816181 -0.605954 0.313473
2 -0.844969 -0.604212 0.310249
3 -0.810492 -0.802735 0.309757
4 -0.886308 -0.613647 0.30651
1 -0.877945 -0.645814 0.305382
2 -0.839797 -0.816417 0.311366
2 -0.835209 -0.660747 0.312919
5 -0.759306 -0.988662 0.306388
4 -0.840298 -0.614366 0.310815
5 -0.875489 -0.480529 0.309672
1 -0.879769 -0.466007 0.309988
3 -0.869496 -0.391555 0.316703
2 -0.846147 -0.466863 0.316799
7 -0.862059 -0.566024 0.311077
6 -0.76606 -0.89874 0.313633
2 -0.75734 -0.935661 0.317185
1 -0.796746 -0.823884 0.309445
6 -0.83071 -0.564316 0.312633
2 -0.819486 -0.75014 0.310808
3 -0.744396 -1.01566 0.31503
1 -0.783475 -0.904014 0.30816
1 -0.733508 -0.902546 0.313159
1 -0.880713 -0.40771 0.312165
2 -0.862516 -0.523111 0.309936
2 -0.818921 -0.627136 0.314671
1 -0.856887 -0.535727 0.316975
4 -0.843393 -0.566599 0.307971
2 -0.884768 -0.426497 0.306558
1 -0.769218 -0.816057 0.311928
2 -0.846926 -0.532683 0.319747
3 -0.83689 -0.609825 0.315216
1 -0.888526 -0.318134 0.31514
3 -0.880481 -0.392445 0.313663
1 -0.810683 -0.705078 0.316114
3 -0.813926 -0.930317 0.307669
3 -0.819978 -0.669777 0.320569
2 -0.80812 -0.731432 0.31927
1 -0.764887 -0.806222 0.320979
1 -0.802106 -0.676801 0.318221
1 -0.850061 -0.613063 0.303028
5 -0.924382 -0.397047 0.298549
4 -0.850446 -0.497675 0.313743
3 -0.927655 -0.416308 0.304244
4 -0.917541 -0.407795 0.30626
1 -0.896336 -0.567407 0.30872
4 -0.879949 -0.546197 0.310316
1 -0.864123 -0.634473 0.312775
4 -0.799683 -0.880438 0.312047
2 -0.7269 -1.01804 0.320286
3 -0.693003 -1.19368 0.314046
3 -0.767543 -0.978292 0.312111
1 -0.82599 -0.661307 0.315206
1 -0.859425 -0.549635 0.31304
4 -0.850865 -0.605121 0.311124
3 -0.866897 -0.6021 0.309825
1 -0.89496 -0.309626 0.307913
1 -0.87572 -0.362431 0.307284
1 -0.830434 -0.579143 0.30852
1 -0.811711 -0.721528 0.311257
1 -0.890734 -0.483762 0.309394
1 -0.810275 -0.748737 0.311861
1 -0.731736 -1.0609 0.316775
7 -0.787786 -0.665906 0.313572
2 -0.871402 -0.710414 0.296748
1 -0.719959 -1.1001 0.310782
2 -0.867837 -0.562461 0.305329
2 -0.831477 -0.641469 0.309435
1 -0.80796 -0.721623 0.310556
3 -0.844293 -0.584988 0.312986
1 -0.871785 -0.5727 0.303761
2 -0.843771 -0.563804 0.309837
4 -0.856485 -0.472375 0.311144
5 -0.900182 -0.247548 0.314907
2 -0.858972 -0.425266 0.314118
1 -0.859849 -0.449954 0.312052
7 -0.82451 -0.690719 0.3076
3 -0.80215 -0.868881 0.308746
1 -0.791247 -0.85683 0.31139
2 -0.711384 -1.19311 0.313713
8 -0.783477 -0.923371 0.307408
3 -0.785432 -0.91691 0.314664
2 -0.860818 -0.580496 0.309068
1 -0.827707 -0.821537 0.311967
4 -0.810665 -0.624685 0.312041
1 -0.755986 -0.796027 0.316157
5 -0.743031 -0.860904 0.317079
2 -0.767861 -0.810295 0.314168
1 -0.782972 -0.826683 0.31251
1 -0.788549 -0.808748 0.313743
1 -0.778496 -0.866543 0.314007
5 -0.776196 -0.894423 0.312082
1 -0.835118 -0.499055 0.313552
4 -0.838972 -0.62046 0.308509
2 -0.867835 -0.423482 0.311308
1 -0.883716 -0.335141 0.312199
1 -0.936575 -0.303003 0.304891
3 -0.963725 -0.275649 0.302676
1 -0.862252 -0.575627 0.308936
5 -0.862384 -0.613963 0.308739
2 -0.864851 -0.542366 0.309814
3 -0.910539 -0.328821 0.304111
1 -0.887084 -0.381987 0.308622
4 -0.865478 -0.526195 0.310236
2 -0.854254 -0.622213 0.313014
3 -0.867486 -0.49111 0.312352
6 -0.848906 -0.534552 0.309077
2 -0.861657 -0.580815 0.308729
2 -0.858666 -0.546193 0.307949
7 -0.863345 -0.585839 0.308442
1 -0.900245 -0.454123 0.310665
2 -0.917051 -0.328796 0.309746
6 -0.911607 -0.336882 0.308823
1 -0.865381 -0.51167 0.30904
4 -0.806858 -0.723213 0.314556
12 -0.79359 -0.682914 0.319147
3 -0.793743 -0.579259 0.318085
1 -0.791143 -0.710179 0.315886
1 -0.843887 -0.568564 0.3112
1 -0.845866 -0.658282 0.306188
2 -0.844942 -0.463437 0.315914
1 -0.878058 -0.429074 0.314057
1 -0.929019 -0.323405 0.306748
3 -0.917437 -0.378443 0.305864
4 -0.875989 -0.461934 0.311209
1 -0.83277 -0.838822 0.307591
6 -0.764227 -0.834953 0.3153
2 -0.737399 -1.08183 0.316277
2 -0.799695 -0.884285 0.311497
6 -0.817152 -0.686792 0.30493
5 -0.850734 -0.64222 0.301872
1 -0.791364 -0.67983 0.307245
3 -0.779212 -0.703478 0.30905
2 -0.880327 -0.327315 0.310677
3 -0.844537 -0.400013 0.321889
5 -0.804581 -0.553291 0.320352
2 -0.815706 -0.540328 0.319401
2 -0.843199 -0.607414 0.315219
1 -0.855857 -0.610505 0.311285
3 -0.779818 -0.816201 0.315562
2 -0.777051 -0.776258 0.316442
4 -0.795569 -0.746207 0.316612
3 -0.915324 -0.366749 0.307971
5 -0.860963 -0.530278 0.30967
1 -0.85672 -0.548724 0.308504
5 -0.849919 -0.699174 0.310027
7 -0.859889 -0.443768 0.309565
9 -0.835101 -0.55001 0.311951
1 -0.813026 -0.640437 0.313761
2 -0.864502 -0.561806 0.309258
3 -0.870228 -0.495761 0.310389
3 -0.794044 -0.749505 0.311566
3 -0.774016 -0.797076 0.317872
8 -0.813471 -0.648756 0.306519
2 -0.835546 -0.666077 0.308126
9 -0.787544 -0.797603 0.312521
1 -0.801737 -0.665666 0.316883
1 -0.809521 -0.604277 0.31767
6 -0.850595 -0.446183 0.315551
1 -0.835386 -0.558388 0.315117
2 -0.91922 -0.298365 0.305907
1 -0.894891 -0.411998 0.307673
6 -0.813399 -0.747231 0.316764
4 -0.847911 -0.778999 0.309226
2 -0.839748 -0.669929 0.311251
2 -0.835075 -0.651718 0.310772
1 -0.857323 -0.504369 0.312349
2 -0.872415 -0.465461 0.304558
2 -0.858444 -0.581993 0.303806
1 -0.823983 -0.703612 0.30601
6 -0.85762 -0.644349 0.307556
1 -0.839036 -0.585998 0.318514
4 -0.865845 -0.544033 0.316537
3 -0.909867 -0.388744 0.315672
7 -0.889202 -0.512105 0.312673
1 -0.812024 -0.676024 0.313426
3 -0.839947 -0.569285 0.311356
1 -0.855324 -0.491722 0.312029
1 -0.859066 -0.5838 0.30761
1 -0.870749 -0.504972 0.314253
2 -0.923238 -0.393244 0.304185
2 -0.881809 -0.566759 0.302885
1 -0.808115 -0.672833 0.309437
4 -0.784559 -0.811939 0.311358
4 -0.809268 -0.74763 0.311134
1 -0.802919 -0.639075 0.317931
1 -0.746966 -0.866313 0.31914
2 -0.770262 -0.783945 0.323049
1 -0.831734 -0.613125 0.305316
2 -0.866208 -0.512533 0.303776
1 -0.83189 -0.585737 0.308733
3 -0.849182 -0.547672 0.306215
3 -0.807434 -0.619346 0.311908
1 -0.851876 -0.557353 0.309215
1 -0.929721 -0.290545 0.307053
4 -0.824981 -0.776691 0.307648
1 -0.82662 -0.706259 0.304589
1 -0.786486 -0.795987 0.309368
1 -0.726479 -0.96717 0.312862
3 -0.722088 -1.0477 0.316237
9 -0.758931 -0.931036 0.316565
4 -0.837897 -0.755242 0.304566
1 -0.802026 -0.770469 0.314051
1 -0.763285 -0.881788 0.315152
2 -0.842875 -0.613322 0.308555
2 -0.913103 -0.314176 0.312819
2 -0.892629 -0.379044 0.311873
3 -0.871213 -0.616246 0.301519
3 -0.901027 -0.46247 0.303257
1 -0.802765 -0.655817 0.312727
2 -0.822612 -0.555756 0.312255
3 -0.780228 -0.646711 0.312888
1 -0.82204 -0.588008 0.306389
2 -0.799832 -0.65841 0.308404
2 -0.784274 -0.700114 0.311402
7 -0.852097 -0.489979 0.310998
2 -0.893155 -0.436139 0.309336
1 -0.860231 -0.555912 0.311685
2 -0.852784 -0.489833 0.317905
9 -0.855282 -0.578281 0.314095
5 -0.858698 -0.494182 0.314103
1 -0.857893 -0.478621 0.31285
4 -0.848253 -0.53444 0.313555
4 -0.765598 -0.892934 0.31485
6 -0.818189 -0.60249 0.318551
1 -0.826885 -0.582319 0.318145
1 -0.855044 -0.627601 0.311026
1 -0.866796 -0.548794 0.307213
10 -0.877075 -0.554372 0.305016
3 -0.820091 -0.527924 0.319947
4 -0.906932 -0.309853 0.316247
7 -0.888771 -0.353042 0.318822
11 -0.889314 -0.365502 0.316881
5 -0.824303 -0.776285 0.307972
1 -0.815347 -0.715698 0.315616
2 -0.877827 -0.491273 0.315989
1 -0.786323 -0.773269 0.316903
3 -0.725651 -0.942357 0.327144
10 -0.767189 -0.790655 0.322192
2 -0.839445 -0.478734 0.31758
2 -0.818414 -0.573583 0.316794
6 -0.796063 -0.64468 0.317225
1 -0.805896 -0.734374 0.312919
3 -0.815138 -0.612271 0.314125
2 -0.818776 -0.691069 0.312986
7 -0.770003 -0.70059 0.321716
1 -0.820653 -0.546365 0.318265
2 -0.829043 -0.532161 0.316957
1 -0.868917 -0.369939 0.316939
2 -0.890832 -0.540762 0.300268
1 -0.857725 -0.665179 0.306334
3 -0.802949 -0.759257 0.312449
3 -0.735659 -0.858385 0.318241
1 -0.786907 -0.758515 0.310456
16 -0.810825 -0.665395 0.315101
2 -0.805449 -0.702663 0.321022
4 -0.820281 -0.65302 0.314656
5 -0.900645 -0.273532 0.314884
2 -0.911244 -0.196759 0.316491
2 -0.876277 -0.34647 0.310772
1 -0.834405 -0.56168 0.311146
1 -0.885516 -0.365069 0.314173
7 -0.910243 -0.354533 0.31243
1 -0.887637 -0.561941 0.298987
1 -0.932841 -0.248332 0.304275
4 -0.909843 -0.323446 0.309841
2 -0.928417 -0.200496 0.312022
1 -0.886363 -0.44721 0.30774
1 -0.85926 -0.554057 0.313592
7 -0.881188 -0.382906 0.321219
1 -0.896825 -0.220623 0.318419
4 -0.917604 -0.21422 0.313919
4 -0.880561 -0.322027 0.317413
4 -0.850281 -0.470545 0.31298
1 -0.932167 -0.190285 0.310816
6 -0.954251 -0.308983 0.306297
2 -0.872783 -0.586931 0.307098
2 -0.865797 -0.549723 0.303972
4 -0.861324 -0.619574 0.301051
1 -0.970769 -0.158285 0.294851
1 -0.946615 -0.296954 0.300918
3 -0.815547 -0.66509 0.305513
4 -0.815174 -0.762349 0.309885
2 -0.865075 -0.458577 0.308965
1 -0.814381 -0.71435 0.302579
7 -0.808197 -0.840515 0.305079
1 -0.860473 -0.503884 0.306783
2 -0.837016 -0.607078 0.30984
2 -0.857001 -0.465676 0.311381
1 -0.778227 -0.725726 0.319708
6 -0.787067 -0.637114 0.320712
1 -0.804358 -0.716916 0.310075
3 -0.877661 -0.38624 0.305794
1 -0.746767 -0.907019 0.313756
1 -0.897055 -0.47188 0.306299
2 -0.909561 -0.39274 0.308131
9 -0.836829 -0.605993 0.315007
2 -0.864676 -0.397259 0.315234
3 -0.834857 -0.534441 0.306966
3 -0.809978 -0.712942 0.306972
3 -0.756021 -0.9324 0.307874
2 -0.891394 -0.400224 0.306265
5 -0.893313 -0.391184 0.308475
2 -0.773815 -0.872883 0.314454
1 -0.764766 -0.850385 0.315214
1 -0.793562 -0.818144 0.315709
8 -0.811953 -0.806557 0.31044
3 -0.828803 -0.754832 0.309571
2 -0.743853 -0.964007 0.316796
6 -0.75585 -0.872062 0.318201
2 -0.763938 -0.891393 0.315776
1 -0.789726 -0.745113 0.323528
2 -0.782402 -0.692265 0.32376
6 -0.811375 -0.784337 0.316567
7 -0.857455 -0.553309 0.318898
1 -0.900168 -0.401016 0.311669
4 -0.816637 -0.632862 0.31274
5 -0.807381 -0.687761 0.31603
3 -0.915002 -0.292746 0.313693
3 -0.865116 -0.546452 0.314803
6 -0.897484 -0.462757 0.307977
5 -0.799685 -0.866255 0.314537
1 -0.75748 -0.939658 0.314749
2 -0.774075 -0.841844 0.313669
4 -0.834565 -0.777491 0.308537
1 -0.899696 -0.387596 0.309843
2 -0.822676 -0.548226 0.312992
8 -0.795733 -0.658074 0.315022
5 -0.790576 -0.800412 0.314562
1 -0.861916 -0.623715 0.306383
3 -0.888639 -0.495487 0.311536
1 -0.92119 -0.37709 0.313724
6 -0.881585 -0.477028 0.311676
1 -0.876878 -0.557753 0.312299
3 -0.828728 -0.643837 0.317802
3 -0.773392 -0.795733 0.326103
2 -0.767903 -0.714406 0.329325
5 -0.757415 -0.781925 0.318318
2 -0.821682 -0.635478 0.314308
2 -0.824771 -0.656125 0.313649
1 -0.836307 -0.463601 0.315452
1 -0.792233 -0.629979 0.316676
2 -0.825931 -0.623192 0.317209
1 -0.82835 -0.504851 0.318571
3 -0.838987 -0.54051 0.311037
2 -0.846949 -0.577671 0.304483
1 -0.90855 -0.253089 0.304985
8 -0.946516 -0.166059 0.308989
3 -0.890773 -0.425011 0.312515
1 -0.785889 -0.784015 0.317762
3 -0.838254 -0.501643 0.318207
9 -0.846868 -0.395917 0.320153
5 -0.888957 -0.251266 0.316905
2 -0.912679 -0.250107 0.315997
2 -0.836178 -0.511505 0.321854
1 -0.854665 -0.438341 0.318034
2 -0.952838 -0.280319 0.307757
6 -0.785495 -0.806606 0.305904
2 -0.743276 -1.03489 0.312396
3 -0.727794 -1.06262 0.315907
2 -0.772688 -1.04369 0.309212
3 -0.718956 -1.07616 0.314775
1 -0.731578 -0.866396 0.31878
3 -0.689595 -1.26351 0.315726
5 -0.770294 -0.997791 0.314362
3 -0.768656 -1.00344 0.314448
1 -0.811115 -0.805175 0.307504
1 -0.739649 -1.12958 0.311272
1 -0.717601 -1.21554 0.313977
3 -0.741407 -0.82727 0.322873
6 -0.829786 -0.550252 0.315434
3 -0.869983 -0.452963 0.314149
3 -0.786595 -0.758386 0.317511
8 -0.784815 -0.814166 0.315721
1 -0.768298 -0.705831 0.321132
3 -0.834603 -0.658054 0.310947
6 -0.828138 -0.739534 0.306856
4 -0.808897 -0.731104 0.307226
1 -0.875422 -0.587358 0.301965
3 -0.772361 -0.753903 0.317779
2 -0.73804 -0.873002 0.316813
3 -0.769687 -0.772974 0.317469
6 -0.702349 -1.02951 0.324252
9 -0.830253 -0.692275 0.30574
1 -0.857597 -0.660768 0.310041
2 -0.833971 -0.561745 0.314675
2 -0.859519 -0.356526 0.314737
4 -0.850738 -0.621244 0.313105
9 -0.851998 -0.617303 0.307427
6 -0.860355 -0.510487 0.310663
1 -0.743903 -0.993457 0.317687
1 -0.82354 -0.794357 0.30674
1 -0.886107 -0.448604 0.309328
2 -0.855009 -0.624362 0.308149
1 -0.775166 -0.788892 0.31378
4 -0.789798 -0.8299 0.306088
8 -0.814222 -0.68241 0.308772
2 -0.841058 -0.652184 0.303636
4 -0.840945 -0.654674 0.312173
4 -0.783667 -0.817902 0.319454
1 -0.737535 -0.924441 0.321072
3 -0.737298 -1.12259 0.307439
3 -0.744424 -1.01313 0.313662
4 -0.783068 -0.835465 0.316157
2 -0.78804 -0.825512 0.31638
1 -0.812979 -0.618941 0.31158
1 -0.674984 -0.945854 0.326856
2 -0.671985 -1.03806 0.322132
1 -0.722594 -0.976726 0.314658
1 -0.792407 -0.806078 0.310844
2 -0.868353 -0.573382 0.312445
2 -0.847869 -0.576296 0.306863
1 -0.89702 -0.442173 0.305676
1 -0.823429 -0.549672 0.313465
3 -0.842641 -0.428768 0.316063
3 -0.892969 -0.460647 0.305751
6 -0.857452 -0.523041 0.302747
4 -0.898969 -0.444024 0.296943
4 -0.949724 -0.304191 0.294422
6 -0.908854 -0.33389 0.307842
2 -0.910433 -0.311445 0.30714
1 -0.847944 -0.417779 0.314788
1 -0.903029 -0.280824 0.309033
1 -0.910472 -0.399271 0.309042
4 -0.899615 -0.3146 0.310978
7 -0.891533 -0.540598 0.306449
2 -0.907425 -0.475845 0.304197
3 -0.775987 -0.767132 0.322855
1 -0.785382 -0.724736 0.31951
1 -0.83935 -0.521623 0.315699
3 -0.908456 -0.306444 0.313874
3 -0.936638 -0.240871 0.306888
1 -0.913972 -0.324975 0.308622
5 -0.950279 -0.27164 0.311195
20 -0.933672 -0.371106 0.308153
2 -0.9387 -0.397817 0.304616
2 -0.823735 -0.636246 0.319306
2 -0.910629 -0.382789 0.306455
1 -0.902929 -0.421853 0.306118
2 -0.890637 -0.543402 0.305506
2 -0.864923 -0.53078 0.307843
5 -0.871482 -0.529641 0.306884
1 -0.798617 -0.799304 0.311813
2 -0.832438 -0.760259 0.30576
5 -0.846217 -0.643599 0.310856
2 -0.780495 -0.865716 0.312117
7 -0.773208 -0.882363 0.312877
2 -0.91261 -0.360648 0.309803
2 -0.827237 -0.624785 0.315558
3 -0.812501 -0.764386 0.313857
10 -0.868834 -0.560987 0.304812
1 -0.855922 -0.614511 0.303801
3 -0.809446 -0.800054 0.317202
3 -0.94491 -0.252431 0.307652
2 -0.883939 -0.46332 0.304319
1 -0.723746 -1.08575 0.316634
4 -0.688729 -1.2009 0.316736
3 -0.664588 -1.31247 0.318252
3 -0.783703 -1.03727 0.309293
1 -0.821058 -0.951498 0.310031
9 -0.84029 -0.667281 0.31313
1 -0.767764 -0.825335 0.311989
1 -0.736514 -1.12506 0.314504
4 -0.853515 -0.62194 0.308497
2 -0.748178 -1.14244 0.314087
2 -0.733564 -1.00445 0.31851
3 -0.761055 -0.942839 0.314312
1 -0.701262 -1.11065 0.3155
1 -0.738309 -0.871696 0.314912
3 -0.932563 -0.177665 0.314022
3 -0.888421 -0.498571 0.318155
2 -0.860077 -0.582196 0.315777
1 -0.798091 -1.08651 0.305704
2 -0.76565 -1.18045 0.307048
2 -0.82684 -0.620582 0.313852
6 -0.83064 -0.631647 0.315598
3 -0.878879 -0.586476 0.306433
1 -0.865126 -0.488193 0.310334
9 -0.939783 -0.307718 0.300605
1 -0.943347 -0.248332 0.302601
1 -0.93397 -0.146914 0.311515
2 -0.9455 -0.165707 0.306268
5 -0.892375 -0.456623 0.305247
1 -0.870952 -0.562908 0.308032
1 -0.853234 -0.57327 0.308171
2 -0.88335 -0.482356 0.308659
1 -0.898485 -0.451575 0.3002
6 -0.854214 -0.439485 0.311207
1 -0.833028 -0.467012 0.315618
1 -0.824044 -0.466378 0.316947
1 -0.824762 -0.595915 0.310239
2 -0.884929 -0.410845 0.304079
1 -0.812983 -0.688319 0.305189
2 -0.880501 -0.456561 0.308705
8 -0.825172 -0.519071 0.321173
4 -0.868667 -0.38666 0.316939
5 -0.771765 -0.785685 0.31663
5 -0.759974 -0.790837 0.31728
5 -0.759276 -0.828346 0.320251
4 -0.807125 -0.688992 0.31461
3 -0.888509 -0.408963 0.310311
7 -0.878695 -0.411217 0.30995
3 -0.908219 -0.572562 0.303422
1 -0.952439 -0.376688 0.305987
2 -0.868899 -0.701748 0.308312
1 -0.834681 -0.754494 0.303928
2 -0.857043 -0.653039 0.30754
1 -0.863482 -0.456866 0.312156
2 -0.726626 -1.08203 0.318328
4 -0.726991 -1.08248 0.318622
1 -0.7199 -1.14033 0.315191
3 -0.758107 -0.997914 0.313169
3 -0.796579 -0.755312 0.318695
1 -0.837815 -0.691354 0.316263
2 -0.947117 -0.55892 0.294232
1 -0.930779 -0.64223 0.29785
1 -0.897392 -0.574827 0.30194
1 -0.892004 -0.451304 0.309414
1 -0.835812 -0.571251 0.319153
6 -0.786046 -0.7384 0.32109
2 -0.821592 -0.870202 0.305132
1 -0.779912 -0.9317 0.307041
3 -0.841618 -0.742041 0.303366
1 -0.934592 -0.401746 0.302149
2 -0.838452 -0.555198 0.320804
5 -0.875292 -0.451734 0.317685
3 -0.823769 -0.636619 0.318159
12 -0.807952 -0.705157 0.317873
6 -0.787399 -0.813585 0.317465
1 -0.725392 -1.04891 0.320108
2 -0.807376 -0.704165 0.315703
1 -0.824529 -0.786591 0.310038
4 -0.710038 -1.14648 0.316325
1 -0.755368 -1.17122 0.310627
1 -0.80996 -0.881776 0.30838
1 -0.787848 -0.871499 0.305986
1 -0.811245 -0.760549 0.303794
5 -0.891777 -0.454073 0.303541
2 -0.826981 -0.523019 0.315097
1 -0.883731 -0.45115 0.313126
1 -0.872017 -0.568619 0.313777
5 -0.884338 -0.565452 0.312268
1 -0.807221 -0.916783 0.314114
1 -0.825837 -0.877983 0.311716
1 -0.851198 -0.636383 0.313371
1 -0.834205 -0.672333 0.313123
3 -0.783425 -0.830426 0.317521
2 -0.707014 -1.03203 0.321536
6 -0.761988 -0.796114 0.315416
5 -0.790063 -0.744468 0.312715
2 -0.77765 -0.834616 0.313065
1 -0.785956 -0.805386 0.314503
1 -0.772669 -0.891022 0.31618
8 -0.793842 -0.853696 0.312577
1 -0.789795 -0.771483 0.307055
4 -0.808169 -0.56101 0.318348
2 -0.895625 -0.485454 0.302932
3 -0.929835 -0.495657 0.299816
2 -0.940392 -0.381117 0.304044
4 -0.881655 -0.527719 0.314223
3 -0.863169 -0.521787 0.317599
4 -0.771114 -0.941186 0.316452
1 -0.768337 -0.908925 0.313096
1 -0.768928 -0.816418 0.313018
1 -0.732194 -0.969436 0.317691
2 -0.81574 -0.587392 0.314399
9 -0.81864 -0.567301 0.314793
1 -0.830118 -0.543662 0.313141
6 -0.784841 -0.819308 0.310953
2 -0.816493 -0.868679 0.304723
4 -0.877264 -0.539546 0.300337
6 -0.873481 -0.472489 0.308371
1 -0.861358 -0.514181 0.312868
1 -0.857974 -0.590079 0.312106
2 -0.836787 -0.639951 0.314321
4 -0.859295 -0.663736 0.311952
4 -0.829803 -0.697332 0.306503
3 -0.825155 -0.688316 0.308611
2 -0.801509 -0.766292 0.313356
2 -0.81342 -0.677675 0.319532
7 -0.901174 -0.460074 0.303702
3 -0.850334 -0.601651 0.303344
5 -0.907159 -0.507222 0.305514
1 -0.83866 -0.689083 0.314303
2 -0.905198 -0.494786 0.309378
3 -0.951857 -0.328565 0.300344
3 -0.843881 -0.673729 0.301443
5 -0.842118 -0.766233 0.303872
1 -0.896894 -0.442691 0.306631
3 -0.85048 -0.554913 0.31158
7 -0.838392 -0.538234 0.313381
1 -0.819592 -0.56553 0.314724
1 -0.870101 -0.611991 0.302847
8 -0.823862 -0.738592 0.305248
6 -0.924807 -0.494493 0.291761
3 -0.955538 -0.209917 0.299537
1 -0.982635 -0.121135 0.29824
6 -0.822466 -0.735365 0.304918
2 -0.791553 -0.990349 0.309171
1 -0.807277 -0.91279 0.309235
2 -0.768682 -0.896616 0.313964
3 -0.820135 -0.595115 0.317162
5 -0.849005 -0.581697 0.313157
2 -0.768187 -0.87981 0.3168
2 -0.806106 -0.743489 0.309368
1 -0.813049 -0.723026 0.310365
3 -0.833976 -0.535699 0.310864
4 -0.798979 -0.643235 0.316469
3 -0.815515 -0.620036 0.31474
1 -0.77963 -0.836232 0.312471
2 -0.791617 -0.918003 0.307405
2 -0.856268 -0.654724 0.312812
3 -0.8805 -0.537745 0.314214
2 -0.901514 -0.370231 0.316646
1 -0.836317 -0.510656 0.320493
4 -0.816267 -0.744274 0.308586
3 -0.817801 -0.755196 0.309961
4 -0.872175 -0.545449 0.310332
5 -0.805185 -0.499336 0.321263
4 -0.730985 -0.792987 0.322914
1 -0.721038 -0.824215 0.320606
3 -0.810391 -0.611022 0.309659
2 -0.82678 -0.571956 0.312323
1 -0.830921 -0.577807 0.316403
3 -0.829145 -0.535702 0.316789
1 -0.846028 -0.558289 0.313977
1 -0.890571 -0.310432 0.308807
2 -0.804525 -0.587789 0.313107
1 -0.823162 -0.40004 0.316681
5 -0.856037 -0.356518 0.312065
3 -0.817126 -0.497663 0.320979
6 -0.794055 -0.545871 0.322674
2 -0.822418 -0.514686 0.321479
3 -0.802227 -0.632226 0.31967
1 -0.824817 -0.573714 0.314399
2 -0.772623 -0.743903 0.31872
1 -0.737096 -0.865421 0.323003
3 -0.825917 -0.765256 0.311503
5 -0.789136 -0.811656 0.310045
1 -0.832295 -0.783508 0.307526
2 -0.907683 -0.541541 0.306323
5 -0.785851 -0.905075 0.310828
4 -0.814391 -0.89351 0.307277
1 -0.820807 -0.598086 0.312025
2 -0.817113 -0.615701 0.311709
2 -0.869546 -0.421913 0.312007
3 -0.895709 -0.4456 0.316984
5 -0.99264 -0.129564 0.306984
3 -0.993227 -0.16696 0.299937
1 -0.906093 -0.46286 0.295906
6 -0.836926 -0.547674 0.309573
1 -0.794324 -0.675435 0.31046
1 -0.756486 -0.835697 0.311859
1 -0.853233 -0.458369 0.304953
1 -0.741602 -0.828268 0.319101
2 -0.813335 -0.690733 0.309994
1 -0.807601 -0.693278 0.310331
6 -0.833965 -0.598752 0.310736
2 -0.810354 -0.821921 0.30898
2 -0.856095 -0.603862 0.301749
4 -0.88671 -0.469407 0.301577
8 -0.813098 -0.644345 0.307347
2 -0.850836 -0.664003 0.31237
1 -0.83585 -0.722685 0.312675
5 -0.806702 -0.754349 0.313822
2 -0.882387 -0.555731 0.30556
1 -0.870108 -0.717845 0.303388
3 -0.803473 -0.947078 0.306737
3 -0.80371 -0.97047 0.307669
6 -0.926199 -0.231801 0.309578
2 -0.920226 -0.273909 0.309403
2 -0.903552 -0.469941 0.303836
2 -0.852418 -0.689627 0.30815
1 -0.875644 -0.540036 0.307652
2 -0.852985 -0.504828 0.312741
3 -0.84443 -0.642996 0.309319
3 -0.833687 -0.594429 0.313122
1 -0.880465 -0.290709 0.313544
5 -0.903096 -0.331031 0.309642
5 -0.885879 -0.378682 0.308431
6 -0.9013 -0.298353 0.310891
1 -0.865239 -0.393732 0.310125
5 -0.875757 -0.339699 0.309099
4 -0.864088 -0.459537 0.30812
1 -0.918945 -0.291348 0.309393
1 -0.846845 -0.57299 0.308935
7 -0.822812 -0.742438 0.309484
1 -0.866088 -0.623875 0.305596
1 -0.763439 -0.921553 0.310474
2 -0.724803 -0.99041 0.316409
1 -0.731798 -1.00931 0.314375
1 -0.864649 -0.574545 0.304119
8 -0.890378 -0.396281 0.304329
1 -0.84218 -0.612732 0.315828
3 -0.798832 -0.802438 0.315603
2 -0.817501 -0.84215 0.300873
1 -0.788405 -0.926484 0.304221
7 -0.79353 -0.915362 0.30367
1 -0.773996 -0.91469 0.309519
2 -0.776325 -0.843234 0.31206
4 -0.808039 -0.72418 0.310543
5 -0.967423 -0.0502782 0.310372
1 -0.940141 -0.112815 0.304354
1 -0.96476 -0.170266 0.300474
1 -0.904623 -0.259746 0.309059
8 -0.887327 -0.347814 0.308807
1 -0.881459 -0.465001 0.300051
4 -0.849331 -0.742644 0.299246
2 -0.849961 -0.805897 0.299246
1 -0.861051 -0.555255 0.303037
1 -0.834675 -0.608956 0.313945
5 -0.796565 -0.911427 0.311027
5 -0.798655 -0.958599 0.309462
2 -0.825016 -0.655894 0.310468
2 -0.796662 -0.782195 0.310855
2 -0.769089 -0.84576 0.320203
1 -0.766587 -0.910796 0.319505
2 -0.788397 -0.754112 0.320137
3 -0.850872 -0.687638 0.314656
4 -0.900908 -0.414894 0.306637
4 -0.881062 -0.375795 0.312897
6 -0.883505 -0.361207 0.312888
1 -0.758485 -0.744098 0.31396
2 -0.820534 -0.541444 0.321357
1 -0.786362 -0.788614 0.31352
1 -0.774706 -0.824935 0.314536
7 -0.812597 -0.710174 0.309491
1 -0.859279 -0.454148 0.306534
2 -0.883105 -0.418844 0.305036
1 -0.836459 -0.449951 0.311858
5 -0.859872 -0.382106 0.311177
7 -0.873709 -0.48997 0.310107
4 -0.862815 -0.697118 0.310896
1 -0.851103 -0.730328 0.310013
1 -0.824764 -0.744492 0.304785
5 -0.878056 -0.567696 0.30932
1 -0.814793 -0.639538 0.312483
3 -0.869572 -0.435703 0.311638
4 -0.883676 -0.375072 0.306071
4 -0.83727 -0.504415 0.30881
2 -0.836768 -0.629721 0.312342
3 -0.813058 -0.841604 0.311452
1 -0.77332 -0.933905 0.314725
2 -0.901291 -0.472589 0.308625
1 -0.844013 -0.802536 0.303557
5 -0.751746 -1.04381 0.318322
4 -0.687621 -1.12228 0.32629
1 -0.752655 -0.941572 0.314371
6 -0.763995 -0.885931 0.315128
3 -0.842672 -0.815604 0.301036
5 -0.83748 -0.80712 0.302217
2 -0.825313 -0.737934 0.311848
1 -0.843746 -0.540635 0.313598
2 -0.789739 -0.700994 0.320788
6 -0.788406 -0.76129 0.317728
3 -0.803396 -0.642234 0.316935
6 -0.79065 -0.806496 0.313277
6 -0.804036 -0.660066 0.315784
3 -0.789494 -0.71019 0.317584
2 -0.8356 -0.617113 0.314096
1 -0.840435 -0.538599 0.314459
1 -0.845965 -0.553168 0.310224
2 -0.83811 -0.649648 0.309198
2 -0.770114 -0.931677 0.312068
4 -0.760007 -0.982804 0.31337
1 -0.819269 -0.686153 0.307893
3 -0.808127 -0.694518 0.30932
9 -0.83976 -0.630029 0.310639
4 -0.900663 -0.552033 0.297921
3 -0.910273 -0.498325 0.297018
2 -0.924664 -0.32312 0.306383
3 -0.885077 -0.481725 0.310917
3 -0.877528 -0.480693 0.307992
2 -0.793151 -0.794998 0.310232
1 -0.895957 -0.455853 0.306376
1 -0.825534 -0.57135 0.315392
1 -0.849477 -0.502924 0.310478
2 -0.861858 -0.424111 0.316515
2 -0.870186 -0.376988 0.312827
4 -0.924348 -0.23939 0.305033
2 -0.820345 -0.61787 0.307578
8 -0.847896 -0.52551 0.307482
3 -0.843956 -0.63774 0.300047
1 -0.773063 -0.711972 0.315552
6 -0.770939 -0.835141 0.317271
4 -0.774946 -0.690631 0.323038
3 -0.814336 -0.592033 0.31576
3 -0.821717 -0.646719 0.314125
1 -0.863688 -0.508931 0.311031
2 -0.832374 -0.682561 0.313378
1 -0.832558 -0.642887 0.316336
1 -0.786182 -0.840722 0.315956
1 -0.796026 -0.833275 0.310165
1 -0.906297 -0.441686 0.311263
4 -0.926977 -0.204417 0.309938
3 -0.887554 -0.33818 0.31788
6 -0.935794 -0.180347 0.312693
2 -0.91353 -0.183693 0.314865
1 -0.854621 -0.438712 0.318068
2 -0.782798 -0.821739 0.316732
1 -0.785073 -0.780344 0.314981
2 -0.819421 -0.698254 0.308096
2 -0.922325 -0.241637 0.31014
3 -0.917147 -0.311828 0.314031
2 -0.8905 -0.410822 0.314931
1 -0.929349 -0.288816 0.305112
5 -0.968758 -0.303418 0.29597
7 -0.963171 -0.174657 0.30828
1 -0.890557 -0.446837 0.314527
1 -0.970339 -0.181457 0.303639
4 -0.729451 -0.899166 0.323423
1 -0.769737 -0.731114 0.318358
2 -0.843484 -0.600547 0.310484
1 -0.88085 -0.530741 0.305252
2 -0.858431 -0.615393 0.307794
1 -0.915374 -0.345513 0.309317
1 -0.841699 -0.621332 0.316221
1 -0.824175 -0.591064 0.318493
3 -0.877007 -0.450482 0.310939
3 -0.808831 -0.81416 0.311722
2 -0.822322 -0.796852 0.311124
1 -0.830898 -0.550755 0.315454
1 -0.8248 -0.613961 0.315364
7 -0.751349 -1.03992 0.311687
1 -0.881185 -0.517185 0.307786
2 -0.864627 -0.573542 0.307617
1 -0.827371 -0.686933 0.312814
2 -0.75322 -0.87696 0.320338
11 -0.883807 -0.476398 0.307395
2 -0.852105 -0.640515 0.305433
1 -0.772656 -0.980528 0.312849
4 -0.693222 -1.2486 0.321237
6 -0.75511 -1.12477 0.3088
6 -0.808179 -0.894114 0.306232
3 -0.849115 -0.674997 0.303705
5 -0.849115 -0.674997 0.303705
1 -0.874973 -0.574262 0.302164
9 -0.891421 -0.50892 0.301217
8 -0.908491 -0.37713 0.304811
5 -0.785037 -0.931968 0.316861
8 -0.830288 -0.647651 0.316848
10 -0.802183 -0.870505 0.312837
7 -0.835154 -0.740518 0.307497
3 -0.800698 -1.08189 0.302558
4 -0.807352 -1.05943 0.30256
1 -0.789472 -0.926246 0.313201
3 -0.893794 -0.483651 0.30889
2 -0.904578 -0.32793 0.307762
5 -0.888207 -0.384187 0.308924
11 -0.895779 -0.474821 0.302569
1 -0.906279 -0.514812 0.302785
4 -0.877091 -0.749079 0.297173
1 -0.854094 -0.663496 0.299204
1 -0.928912 -0.49531 0.300859
3 -0.871202 -0.693674 0.311077
1 -0.794458 -0.755135 0.317616
1 -0.871087 -0.435698 0.31496
1 -0.914309 -0.334291 0.311394
1 -0.952606 -0.288032 0.304584
5 -0.77601 -0.753568 0.318406
1 -0.710478 -1.24781 0.315136
6 -0.750261 -0.973068 0.311284
2 -0.749676 -0.851794 0.317404
6 -0.79873 -0.687766 0.314558
1 -0.829537 -0.633108 0.306607
2 -0.780827 -0.783216 0.315828
2 -0.802727 -0.756703 0.314336
4 -0.834617 -0.584336 0.311378
1 -0.735525 -0.990425 0.314281
5 -0.812797 -0.734892 0.30818
5 -0.760563 -0.958735 0.312262
1 -0.767222 -1.00901 0.315652
7 -0.750071 -1.06944 0.318287
3 -0.745777 -0.921821 0.314023
2 -0.854268 -0.455293 0.314037
5 -0.88893 -0.313816 0.312246
2 -0.854381 -0.409353 0.315099
2 -0.895831 -0.418641 0.308164
2 -0.882716 -0.46695 0.308511
2 -0.870574 -0.519233 0.313868
2 -0.900341 -0.321172 0.306779
3 -0.853014 -0.440474 0.312533
1 -0.905709 -0.416135 0.302725
1 -0.887918 -0.498639 0.301371
2 -0.888742 -0.491777 0.309127
1 -0.856584 -0.557291 0.300625
8 -0.842817 -0.694719 0.30753
3 -0.762604 -1.05519 0.307365
3 -0.78235 -0.817962 0.310771
3 -0.866828 -0.445373 0.299803
3 -0.850832 -0.45925 0.307437
5 -0.743136 -0.787855 0.317178
2 -0.775578 -0.833705 0.316288
1 -0.904128 -0.33402 0.300113
2 -0.905213 -0.433001 0.305364
5 -0.878089 -0.527578 0.306523
2 -0.947546 -0.157911 0.306562
2 -0.930364 -0.243356 0.307966
2 -0.909251 -0.401546 0.298661
5 -0.853078 -0.429072 0.31299
4 -0.841175 -0.442168 0.311861
5 -0.750351 -0.803935 0.316818
5 -0.842527 -0.618934 0.305254
1 -0.801024 -0.756161 0.31729
3 -0.89637 -0.447478 0.30937
1 -0.805292 -0.875412 0.312018
1 -0.845799 -0.636875 0.309658
2 -0.815557 -0.705855 0.314694
2 -0.773069 -0.782586 0.319109
2 -0.758632 -0.813597 0.321415
7 -0.785537 -0.767805 0.319897
5 -0.821302 -0.630387 0.319531
1 -0.807222 -0.654263 0.314769
3 -0.837159 -0.574212 0.312795
6 -0.831833 -0.692938 0.316394
4 -0.802745 -0.712109 0.312112
1 -0.80337 -0.565852 0.319479
3 -0.807639 -0.69681 0.315932
3 -0.764758 -0.874991 0.314298
2 -0.752456 -0.948617 0.310797
2 -0.754285 -0.855906 0.316439
5 -0.789844 -0.824866 0.314432
2 -0.812149 -0.727369 0.313779
4 -0.842345 -0.564568 0.312415
2 -0.869146 -0.555319 0.308057
1 -0.783428 -0.77016 0.318133
3 -0.887866 -0.465017 0.30614
1 -0.895159 -0.451754 0.306017
3 -0.860861 -0.691442 0.302186
2 -0.93165 -0.278293 0.307419
2 -0.748291 -0.868882 0.320069
4 -0.711119 -1.08081 0.324267
3 -0.81668 -0.567658 0.319419
1 -0.776188 -0.609147 0.320783
2 -0.760118 -0.786098 0.321186
5 -0.748902 -0.884424 0.313244
2 -0.770562 -0.825041 0.315336
2 -0.750206 -0.817161 0.321125
1 -0.83284 -0.589151 0.30974
7 -0.820643 -0.728038 0.306745
1 -0.893206 -0.418417 0.309188
3 -0.825202 -0.576639 0.314095
1 -0.826851 -0.620154 0.312744
1 -0.825139 -0.537819 0.3161
3 -0.818128 -0.687069 0.31104
2 -0.863005 -0.52748 0.306336
12 -0.839331 -0.563069 0.3131
1 -0.835002 -0.582802 0.314877
5 -0.825225 -0.680238 0.312477
1 -0.883255 -0.366434 0.307605
4 -0.950957 -0.158359 0.309059
3 -0.949341 -0.331347 0.298427
2 -0.913966 -0.452019 0.301932
2 -0.872553 -0.46177 0.311994
5 -0.845466 -0.605961 0.312756
2 -0.817822 -0.527611 0.322244
2 -0.905271 -0.26165 0.315972
2 -0.844583 -0.367899 0.314668
9 -0.839202 -0.430167 0.324691
1 -0.877064 -0.354714 0.310756
1 -0.806294 -0.747535 0.316463
1 -0.770579 -0.890907 0.318706
1 -0.797709 -0.78947 0.315434
6 -0.868888 -0.332431 0.31688
4 -0.83439 -0.594523 0.314627
1 -0.837179 -0.574212 0.314966
3 -0.829539 -0.60159 0.314721
3 -0.850339 -0.621703 0.31379
1 -0.798155 -0.779168 0.306196
2 -0.785412 -0.866084 0.314839
5 -0.793871 -0.945797 0.316371
1 -0.841373 -0.690571 0.30985
1 -0.873413 -0.54998 0.308096
4 -0.832151 -0.735281 0.301467
2 -0.723025 -1.14194 0.311645
1 -0.760865 -1.04505 0.311606
3 -0.820095 -0.642082 0.315508
1 -0.812218 -0.698206 0.319223
1 -0.73208 -0.93168 0.318915
1 -0.728136 -1.02527 0.318616
1 -0.810238 -0.713598 0.317318
1 -0.838953 -0.657418 0.308468
1 -0.785707 -0.791173 0.308771
5 -0.763195 -0.917434 0.310663
2 -0.767505 -0.904503 0.311594
1 -0.746134 -1.01573 0.320668
1 -0.91274 -0.362577 0.308113
4 -0.812489 -0.549147 0.318585
1 -0.767256 -0.754329 0.316317
1 -0.758402 -0.712168 0.320873
3 -0.766226 -0.710252 0.317016
6 -0.779212 -0.778083 0.321324
13 -0.764248 -0.875821 0.317287
2 -0.825456 -0.664029 0.312017
4 -0.807359 -0.726999 0.316117
3 -0.807546 -0.73406 0.316497
2 -1.00151 -0.0157389 0.305565
2 -1.00549 -0.0922276 0.295122
5 -0.907968 -0.448472 0.298491
1 -0.8873 -0.383008 0.310973
1 -0.838543 -0.674477 0.311897
1 -0.850471 -0.685812 0.307544
1 -0.845902 -0.633025 0.307764
4 -0.802625 -0.845112 0.304697
1 -0.785062 -0.653302 0.319721
1 -0.849085 -0.551793 0.312491
1 -0.869576 -0.468378 0.307928
1 -0.832788 -0.612028 0.308121
1 -0.901409 -0.442178 0.303308
2 -0.974125 -0.246235 0.299287
1 -0.930804 -0.263424 0.304944
1 -0.833524 -0.913891 0.302322
1 -0.887185 -0.59494 0.305301
1 -0.980505 -0.0528269 0.30633
1 -0.82464 -0.615883 0.323142
3 -0.865572 -0.558847 0.316263
6 -0.789955 -0.874631 0.314061
11 -0.832619 -0.677161 0.312472
1 -0.861121 -0.413154 0.315235
1 -0.764847 -0.807719 0.319131
3 -0.767143 -0.790668 0.314468
3 -0.797413 -0.696069 0.313419
5 -0.807431 -0.631867 0.3114
1 -0.802817 -0.690101 0.311308
1 -0.895767 -0.349491 0.301637
2 -0.893802 -0.346357 0.302498
1 -0.756458 -1.02973 0.314057
5 -0.731673 -1.11141 0.318178
1 -0.860007 -0.691931 0.311774
2 -0.836308 -0.542534 0.321184
1 -0.836348 -0.654785 0.319299
1 -0.935856 -0.311673 0.311834
1 -0.929437 -0.344739 0.31163
3 -0.867928 -0.401158 0.315331
3 -0.887459 -0.212408 0.314227
1 -0.899963 -0.425353 0.30408
6 -0.883139 -0.641481 0.302204
1 -0.871924 -0.656778 0.305152
1 -0.835069 -0.736184 0.306148
2 -0.842149 -0.758506 0.304451
1 -0.829536 -0.650559 0.313846
1 -0.868841 -0.670809 0.30419
2 -0.889783 -0.585764 0.303452
1 -0.938566 -0.407767 0.303552
3 -0.908582 -0.533634 0.300585
2 -0.914301 -0.323868 0.3094
1 -0.938925 -0.337529 0.30425
4 -0.865794 -0.386562 0.310363
6 -0.873931 -0.366335 0.308585
3 -0.923198 -0.280391 0.304007
4 -0.876966 -0.461935 0.306473
1 -0.815815 -0.639039 0.32238
4 -0.808395 -0.750154 0.322051
1 -0.736888 -0.97592 0.326304
1 -0.839569 -0.746758 0.311062
1 -0.900352 -0.399926 0.307328
4 -0.888605 -0.463069 0.305858
1 -0.894739 -0.408922 0.300274
1 -0.935466 -0.389454 0.303349
2 -0.990552 -0.151608 0.292952
1 -0.892207 -0.348946 0.307723
2 -0.837151 -0.4841 0.313152
5 -0.848298 -0.424089 0.312567
1 -0.791978 -0.631468 0.31641
1 -0.857028 -0.585503 0.308517
2 -0.828377 -0.741281 0.312491
2 -0.790384 -0.961074 0.318552
1 -0.686219 -1.19082 0.322197
2 -0.77477 -0.780527 0.322138
5 -0.838416 -0.735111 0.309076
2 -0.776198 -0.955646 0.312003
3 -0.73154 -1.08353 0.315617
4 -0.772802 -0.803639 0.319194
5 -0.762713 -0.755867 0.324842
4 -0.816292 -0.681027 0.311174
1 -0.84961 -0.517855 0.314219
2 -0.855003 -0.47143 0.315824
3 -0.917888 -0.513935 0.303414
2 -0.85987 -0.736964 0.306134
2 -0.786823 -0.981164 0.310614
3 -0.733108 -1.01904 0.31518
3 -0.798004 -0.826402 0.310984
2 -0.875607 -0.616788 0.302759
2 -0.805336 -0.767437 0.303221
1 -0.840609 -0.689381 0.303705
1 -0.898924 -0.425774 0.309004
2 -0.862783 -0.604016 0.307778
1 -0.882883 -0.534114 0.308673
2 -0.867234 -0.583885 0.309391
1 -0.820504 -0.624859 0.312424
8 -0.835098 -0.575102 0.311024
9 -0.891669 -0.38389 0.308494
1 -0.866032 -0.399303 0.311289
2 -0.839326 -0.513955 0.312759
3 -0.817848 -0.629251 0.314113
2 -0.839905 -0.572128 0.312841
1 -0.834442 -0.577541 0.31475
1 -0.819569 -0.678895 0.309223
4 -0.790673 -0.670069 0.317616
5 -0.77492 -0.742413 0.318782
1 -0.883935 -0.575037 0.302362
1 -0.892451 -0.453707 0.309205
1 -0.852195 -0.421198 0.315265
2 -0.838643 -0.547674 0.309638
1 -0.816355 -0.589754 0.315013
5 -0.82989 -0.564503 0.317293
7 -0.802645 -0.680633 0.313218
2 -0.756582 -0.904793 0.318419
13 -0.821372 -0.738709 0.313697
2 -0.854148 -0.580894 0.317081
1 -0.847297 -0.577477 0.319313
6 -0.839348 -0.612752 0.318869
1 -0.833924 -0.853148 0.306942
2 -0.826322 -0.590642 0.313304
2 -0.807783 -0.581372 0.319979
1 -0.794507 -0.82785 0.315664
3 -0.735682 -0.970717 0.321929
1 -0.815274 -0.82988 0.315143
2 -0.912906 -0.309083 0.305143
4 -0.824884 -0.753712 0.308219
1 -0.819603 -0.772679 0.308995
1 -0.793857 -0.964296 0.310067
9 -0.804947 -0.770869 0.311323
3 -0.780476 -1.03055 0.313794
2 -0.76506 -1.02928 0.319296
2 -0.788342 -0.949987 0.318685
2 -0.979238 -0.174564 0.294494
2 -0.871319 -0.419312 0.303286
3 -0.850535 -0.530091 0.308782
2 -0.792531 -0.839415 0.311306
1 -0.871637 -0.61711 0.305361
1 -0.738844 -0.99241 0.315178
1 -0.786239 -0.703295 0.318268
1 -0.861468 -0.511009 0.311948
2 -0.853642 -0.504074 0.313933
1 -0.868544 -0.450944 0.315182
4 -0.85944 -0.440704 0.31289
3 -0.848102 -0.458802 0.316198
3 -0.863707 -0.634151 0.306255
2 -0.852722 -0.583961 0.305441
1 -0.866052 -0.458332 0.309762
1 -0.86554 -0.352559 0.3148
1 -0.813679 -0.589442 0.319007
4 -0.840948 -0.32612 0.317952
1 -0.881191 -0.290781 0.312366
5 -0.866761 -0.371231 0.315659
1 -0.905833 -0.401046 0.312636
1 -0.798832 -0.769821 0.31669
1 -0.789932 -0.883325 0.315406
3 -0.837081 -0.742211 0.314826
4 -0.759314 -0.996135 0.3207
3 -0.841448 -0.674185 0.315135
1 -0.859288 -0.495191 0.311458
1 -0.943445 -0.38771 0.303389
2 -0.85531 -0.631273 0.311539
2 -0.858602 -0.56633 0.309205
4 -0.872136 -0.417857 0.315246
1 -0.87302 -0.405706 0.315217
2 -0.865162 -0.535057 0.310353
2 -0.793926 -0.796499 0.310643
2 -0.852896 -0.541486 0.313151
1 -0.9035 -0.390457 0.306856
2 -0.933966 -0.13875 0.31146
2 -0.90468 -0.172781 0.312052
3 -0.84436 -0.455767 0.311854
3 -0.823302 -0.736337 0.30701
1 -0.840751 -0.726269 0.303741
1 -0.866047 -0.537028 0.308045
2 -0.867449 -0.502933 0.307909
7 -0.872651 -0.587951 0.303822
3 -0.89634 -0.454782 0.306874
3 -0.847775 -0.617968 0.308523
1 -0.860341 -0.505573 0.310768
4 -0.831718 -0.523768 0.31614
6 -0.800839 -0.526802 0.319771
1 -0.78436 -0.636836 0.321308
1 -0.813352 -0.564884 0.31198
5 -0.84163 -0.49262 0.315212
3 -0.821201 -0.560807 0.315577
1 -0.908902 -0.326341 0.306886
4 -0.850572 -0.568255 0.305246
5 -0.774842 -0.874404 0.312827
1 -0.788054 -0.761793 0.314914
1 -0.830933 -0.610211 0.309664
1 -0.851276 -0.528915 0.307107
2 -0.915336 -0.237682 0.311406
2 -0.79316 -0.592369 0.323562
2 -0.733118 -0.817575 0.322752
1 -0.698193 -1.084 0.323562
2 -0.81938 -0.832508 0.313062
4 -0.931029 -0.509069 0.296635
2 -0.758385 -0.878286 0.315797
1 -0.807533 -0.634403 0.310475
2 -0.819291 -0.606419 0.308649
1 -0.791984 -0.735319 0.308349
2 -0.873309 -0.54507 0.306425
3 -0.856402 -0.552536 0.310184
1 -0.821734 -0.815728 0.304561
1 -0.752313 -0.99038 0.315719
1 -0.801769 -0.844794 0.314032
4 -0.823866 -0.80991 0.307027
4 -0.757606 -0.82255 0.322023
1 -0.825118 -0.67404 0.309505
2 -0.839199 -0.61191 0.310979
4 -0.848914 -0.582804 0.316039
4 -0.915488 -0.374529 0.306957
1 -0.814328 -0.854369 0.308135
3 -0.771205 -0.881402 0.310468
5 -0.758978 -0.939745 0.313092
3 -0.772806 -0.887634 0.313699
1 -0.865929 -0.584867 0.304172
1 -0.89831 -0.498928 0.300253
8 -0.874835 -0.490331 0.307768
2 -0.868307 -0.499966 0.31263
3 -0.84439 -0.521555 0.318394
1 -0.869233 -0.432309 0.313555
1 -0.877817 -0.360553 0.309665
1 -0.830335 -0.548166 0.313717
5 -0.806622 -0.608605 0.315819
3 -0.917784 -0.354844 0.306181
2 -0.928526 -0.375478 0.301704
1 -0.905776 -0.458048 0.300626
1 -0.948307 -0.118297 0.30606
7 -0.854298 -0.536046 0.303626
4 -0.859462 -0.552599 0.303552
1 -0.840109 -0.577623 0.308713
7 -0.761194 -0.719419 0.321058
3 -0.797222 -0.576297 0.313706
5 -0.901028 -0.340808 0.306987
3 -0.881366 -0.463534 0.309388
4 -0.885557 -0.446405 0.309263
1 -0.889844 -0.50481 0.30554
1 -0.905307 -0.426433 0.310219
1 -0.723201 -1.08231 0.317771
12 -0.871557 -0.490096 0.310774
1 -0.863249 -0.560723 0.306465
5 -0.856068 -0.563609 0.304827
1 -0.827018 -0.5986 0.31194
1 -0.807531 -0.625878 0.31444
1 -0.845696 -0.38853 0.314145
1 -0.828491 -0.636274 0.313998
4 -0.834216 -0.723927 0.308255
1 -0.795216 -0.768564 0.310783
8 -0.928574 -0.448674 0.300733
2 -0.881552 -0.607022 0.311243
1 -0.761904 -0.891543 0.324134
13 -0.736932 -1.03269 0.320038
8 -0.702517 -1.1891 0.323396
2 -0.702552 -1.18885 0.323502
2 -0.728545 -1.08778 0.314289
2 -0.789252 -0.737628 0.320073
1 -0.784874 -0.781761 0.319413
3 -0.799305 -0.697664 0.320642
1 -0.784328 -0.758735 0.315527
2 -0.797672 -0.705958 0.312277
3 -0.802048 -0.551374 0.316398
1 -0.851329 -0.565898 0.313913
3 -0.74733 -0.979589 0.315136
2 -0.787384 -0.76856 0.318414
1 -0.748326 -0.847588 0.321546
1 -0.714138 -0.943616 0.319174
4 -0.737745 -0.813179 0.323491
2 -0.880034 -0.411204 0.318308
1 -0.910891 -0.354472 0.311325
2 -0.83021 -0.538864 0.315051
3 -0.861578 -0.505085 0.308911
2 -0.898811 -0.363752 0.307904
3 -0.841433 -0.636804 0.307637
3 -0.886815 -0.557905 0.307497
4 -0.808609 -0.791767 0.313966
3 -0.826424 -0.601066 0.311238
2 -0.909761 -0.250164 0.308685
1 -0.81333 -0.654823 0.315524
1 -0.806053 -0.630131 0.315708
11 -0.835445 -0.56189 0.311012
3 -0.817727 -0.61314 0.312665
5 -0.812484 -0.681121 0.313209
4 -0.77963 -0.808393 0.314071
3 -0.778318 -0.815276 0.314038
1 -0.812058 -0.657901 0.311847
3 -0.873142 -0.533588 0.304504
4 -0.902152 -0.411908 0.303049
1 -0.810016 -0.665898 0.310792
1 -0.802061 -0.738026 0.312556
1 -0.861661 -0.607944 0.310739
4 -0.889071 -0.429422 0.30971
2 -0.900259 -0.504921 0.307829
2 -0.874408 -0.356666 0.309874
1 -0.861022 -0.40359 0.311532
1 -0.876676 -0.505427 0.309026
1 -0.85089 -0.643718 0.306029
3 -0.898913 -0.403065 0.303791
3 -0.763242 -0.927786 0.312046
1 -0.7638 -0.671897 0.318674
4 -0.757687 -0.718879 0.317483
1 -0.830754 -0.580647 0.318608
5 -0.830168 -0.662177 0.310056
5 -0.830411 -0.649183 0.311853
1 -0.918368 -0.382882 0.304574
2 -0.902834 -0.345444 0.311145
5 -0.88575 -0.371279 0.313857
1 -0.895482 -0.451284 0.306065
3 -0.827764 -0.554624 0.312389
1 -0.82365 -0.563361 0.318104
1 -0.762751 -0.691639 0.319714
1 -0.774193 -0.589901 0.324379
1 -0.752734 -0.840541 0.322381
5 -0.823646 -0.541748 0.321425
7 -0.839776 -0.50507 0.32192
5 -0.861187 -0.545857 0.305551
3 -0.793602 -0.868131 0.311213
4 -0.79771 -0.760046 0.312541
5 -0.786631 -0.736339 0.31493
2 -0.793011 -0.829668 0.312631
1 -0.821048 -0.787314 0.306854
3 -0.963177 -0.266759 0.300622
1 -0.917062 -0.425413 0.305505
2 -0.812818 -0.765584 0.311649
3 -0.848202 -0.621048 0.314953
1 -0.902778 -0.478699 0.308638
5 -0.922083 -0.467661 0.30996
3 -0.827599 -0.768942 0.309536
2 -0.764691 -0.75097 0.31979
3 -0.79111 -0.764373 0.318435
1 -0.837858 -0.638399 0.312896
4 -0.811342 -0.658404 0.312853
1 -0.810439 -0.76913 0.305992
2 -0.746459 -0.944486 0.315101
3 -0.894163 -0.303009 0.311412
6 -0.89218 -0.3644 0.309521
2 -0.897275 -0.309415 0.309781
5 -0.83809 -0.445305 0.31535
4 -0.801755 -0.511789 0.320709
4 -0.823287 -0.470816 0.321571
7 -0.849166 -0.389238 0.320519
1 -0.896165 -0.3656 0.305414
2 -0.906381 -0.28621 0.309657
4 -0.908621 -0.391794 0.307312
1 -0.906581 -0.305761 0.309065
1 -0.83468 -0.769185 0.304239
1 -0.794422 -0.822233 0.315638
8 -0.834968 -0.613818 0.309388
3 -0.821423 -0.645562 0.312251
6 -0.856036 -0.651755 0.306313
1 -0.873952 -0.529279 0.306319
2 -0.921675 -0.291608 0.305965
1 -0.883288 -0.33636 0.309675
4 -0.800069 -0.783118 0.313721
5 -0.872874 -0.46674 0.312519
1 -0.914292 -0.444651 0.306317
2 -0.85073 -0.667575 0.313583
8 -0.796699 -0.7335 0.319054
3 -0.808255 -0.490891 0.317669
2 -0.7932 -0.700325 0.315819
2 -0.783273 -0.719172 0.316188
3 -0.806302 -0.712593 0.310001
2 -0.917634 -0.382918 0.304092
2 -0.872417 -0.454368 0.308796
4 -0.860454 -0.495884 0.308568
1 -0.85221 -0.494467 0.315815
1 -0.835084 -0.591503 0.314371
1 -0.810115 -0.816622 0.316592
5 -0.789251 -0.89056 0.313545
3 -0.922463 -0.434336 0.305145
3 -0.913546 -0.452777 0.300179
1 -0.852466 -0.661436 0.297714
1 -0.807045 -0.879528 0.302758
1 -0.804729 -0.748163 0.312326
1 -0.834609 -0.659391 0.311405
1 -0.808512 -0.6777 0.309434
6 -0.869308 -0.484808 0.308598
3 -0.899896 -0.340697 0.306978
1 -0.892012 -0.483677 0.307489
4 -0.824212 -0.717948 0.309673
2 -0.824473 -0.52562 0.314825
5 -0.842177 -0.499502 0.31307
2 -0.866572 -0.532719 0.307488
3 -0.824512 -0.777687 0.31853
6 -0.838292 -0.639527 0.320454
3 -0.89304 -0.48447 0.305891
3 -0.886235 -0.549175 0.306228
1 -0.837719 -0.705696 0.304211
2 -0.825885 -0.864979 0.305119
1 -0.767382 -1.06241 0.310337
7 -0.856821 -0.506747 0.31332
2 -0.862228 -0.682951 0.30978
2 -0.854896 -0.689417 0.310229
12 -0.787381 -0.888004 0.315859
2 -0.87339 -0.447795 0.316219
3 -0.867753 -0.572521 0.310415
6 -0.825846 -0.625716 0.314761
4 -0.864575 -0.515513 0.312226
1 -0.832867 -0.708266 0.312691
2 -0.816303 -0.778672 0.309312
3 -0.798638 -0.820084 0.312327
1 -0.809141 -0.757372 0.313214
2 -0.798382 -0.778922 0.315804
3 -0.771264 -0.777655 0.318641
1 -0.838817 -0.922957 0.302469
1 -0.829967 -0.869232 0.302701
2 -0.855786 -0.498414 0.307938
2 -0.798796 -0.626178 0.317489
1 -0.780392 -0.74069 0.322114
8 -0.763613 -0.800288 0.314774
1 -0.82659 -0.682099 0.316176
1 -0.902105 -0.455896 0.309204
2 -0.902237 -0.488629 0.310278
1 -0.822033 -0.537175 0.32011
3 -0.836276 -0.635788 0.307357
1 -0.782665 -0.746348 0.313501
5 -0.84401 -0.52954 0.316784
3 -0.828602 -0.635854 0.3131
1 -0.882935 -0.451325 0.312386
2 -0.909722 -0.366564 0.30993
1 -0.874995 -0.531237 0.30592
2 -0.887565 -0.483212 0.305977
6 -0.849166 -0.66429 0.307292
6 -0.89355 -0.617175 0.298765
3 -0.923516 -0.265866 0.310462
2 -0.78785 -0.752601 0.316664
1 -0.811356 -0.774908 0.310385
1 -0.902432 -0.469365 0.308431
1 -0.880422 -0.365106 0.312819
1 -0.81746 -0.529801 0.317566
1 -0.865 -0.374188 0.310343
1 -0.904218 -0.48621 0.302063
1 -0.832653 -0.73928 0.310832
5 -0.843235 -0.727817 0.307556
4 -0.803258 -0.707523 0.319924
1 -0.835398 -0.498522 0.317196
5 -0.850115 -0.494179 0.317419
2 -0.883022 -0.393965 0.316243
7 -0.857489 -0.493667 0.316169
2 -0.878854 -0.533698 0.308444
3 -0.884697 -0.478035 0.311652
4 -0.942328 -0.360234 0.306393
5 -0.977084 -0.224617 0.303056
2 -0.841363 -0.604452 0.316407
4 -0.801428 -0.834221 0.314263
3 -0.863695 -0.398398 0.31317
2 -0.861362 -0.562412 0.314569
3 -0.826992 -0.594575 0.318338
2 -0.85557 -0.383459 0.317348
3 -0.800932 -0.725134 0.308968
1 -0.823196 -0.572505 0.311202
2 -0.878435 -0.352473 0.307539
3 -0.830211 -0.498731 0.309577
2 -0.861528 -0.37307 0.311823
2 -0.813088 -0.663486 0.309808
2 -0.868601 -0.43221 0.306077
2 -0.857448 -0.613545 0.30444
1 -0.827741 -0.68535 0.307552
1 -0.739205 -1.04688 0.310786
5 -0.789432 -0.708872 0.317888
3 -0.891577 -0.434662 0.310006
2 -0.815058 -0.733912 0.307847
11 -0.838572 -0.622462 0.309052
1 -0.811262 -0.668089 0.308672
3 -0.848178 -0.45043 0.305306
2 -0.814365 -0.574682 0.306801
3 -0.801297 -0.68199 0.308278
9 -0.858188 -0.670081 0.301575
3 -0.895902 -0.470763 0.305154
1 -0.894993 -0.432411 0.304085
1 -0.789246 -0.857837 0.315711
5 -0.787562 -0.776496 0.322657
1 -0.762993 -0.898555 0.322009
3 -0.861085 -0.535127 0.314217
2 -0.849458 -0.560732 0.31767
2 -0.791801 -0.84054 0.3192
1 -0.798862 -0.753471 0.319596
5 -0.838839 -0.625076 0.31204
1 -0.841292 -0.646865 0.314947
2 -0.856899 -0.573779 0.315078
3 -0.792115 -0.838744 0.312133
1 -0.794334 -0.852162 0.314438
1 -0.888797 -0.361887 0.308489
3 -0.847314 -0.664143 0.309748
2 -0.948549 -0.2153 0.309759
2 -0.928003 -0.274122 0.30846
1 -0.95007 -0.251488 0.305976
2 -0.91444 -0.339182 0.305285
2 -0.856015 -0.650036 0.30388
1 -0.866139 -0.53814 0.307555
5 -0.854699 -0.682522 0.303302
4 -0.768244 -1.06413 0.309331
1 -0.900527 -0.381488 0.30503
1 -0.894892 -0.438136 0.30308
3 -0.82473 -0.568832 0.30979
1 -0.835393 -0.706374 0.3005
2 -0.850975 -0.591651 0.298237
1 -0.847842 -0.629832 0.297706
7 -0.746772 -0.746694 0.323855
3 -0.849332 -0.446515 0.317941
1 -0.819437 -0.515719 0.319749
1 -0.802777 -0.727114 0.320468
3 -0.754136 -0.871218 0.317395
7 -0.891097 -0.425512 0.310405
3 -0.871686 -0.529023 0.309452
1 -0.807263 -0.765626 0.313977
2 -0.876913 -0.457221 0.313031
1 -0.872898 -0.472401 0.312035
2 -0.906736 -0.410175 0.306357
4 -0.883665 -0.369537 0.307892
2 -0.814272 -0.629115 0.314033
7 -0.796685 -0.73441 0.32114
2 -0.853044 -0.56284 0.312943
7 -0.932825 -0.48046 0.303867
1 -0.982237 -0.166431 0.308787
5 -0.870881 -0.477135 0.317672
1 -0.914725 -0.338895 0.305946
1 -0.90555 -0.347838 0.308432
2 -0.885141 -0.465552 0.307597
1 -0.845987 -0.533473 0.311121
1 -0.945783 -0.314038 0.30368
4 -0.931339 -0.361301 0.302119
1 -0.857166 -0.408147 0.310023
3 -0.81787 -0.466973 0.318968
1 -0.943369 -0.23138 0.310598
1 -0.900741 -0.565309 0.300502
1 -0.855988 -0.558869 0.30973
4 -0.817707 -0.630117 0.314507
1 -0.809212 -0.540228 0.313632
5 -0.726219 -0.911919 0.316323
3 -0.799333 -0.964318 0.306822
1 -0.774527 -0.918325 0.312602
3 -0.800722 -0.842195 0.31323
2 -0.814514 -0.79604 0.30866
1 -0.801381 -0.77307 0.313563
3 -0.818008 -0.76381 0.310181
1 -0.867883 -0.461945 0.310006
1 -0.906955 -0.336882 0.30555
1 -0.879379 -0.490868 0.305924
1 -0.794719 -0.907655 0.303866
4 -0.835926 -0.579599 0.308166
1 -0.834968 -0.702724 0.303475
1 -0.858577 -0.648702 0.305762
12 -0.87577 -0.594454 0.30449
1 -0.81733 -0.719319 0.312637
1 -0.82242 -0.607769 0.315966
1 -0.81968 -0.719057 0.313993
1 -0.801299 -0.754405 0.308302
4 -0.734831 -1.04094 0.311481
3 -0.799373 -0.65438 0.311827
1 -0.820473 -0.612991 0.313742
8 -0.854219 -0.515849 0.30552
6 -0.815939 -0.669333 0.31194
5 -0.749896 -0.836548 0.320549
1 -0.877199 -0.39074 0.312039
3 -0.845836 -0.636495 0.308129
1 -0.865856 -0.485159 0.311516
5 -0.835117 -0.56236 0.314013
3 -0.858916 -0.549185 0.309978
6 -0.834134 -0.663051 0.310468
2 -0.894849 -0.463701 0.305977
1 -0.855883 -0.46701 0.311291
3 -0.857174 -0.519825 0.309379
3 -0.896765 -0.35411 0.307031
10 -0.824191 -0.586588 0.31349
2 -0.843855 -0.638826 0.308481
7 -0.876536 -0.519229 0.305671
2 -0.844585 -0.531126 0.311765
3 -0.849086 -0.67554 0.310326
11 -0.859124 -0.67838 0.30842
1 -0.837516 -0.64271 0.309289
2 -0.885525 -0.408042 0.30865
2 -0.871572 -0.490523 0.308424
3 -0.88377 -0.402435 0.309063
1 -0.895779 -0.36638 0.304772
1 -0.883262 -0.39138 0.307353
4 -0.857993 -0.575173 0.30515
5 -0.817831 -0.731445 0.309415
4 -0.79346 -0.758077 0.314855
1 -0.830722 -0.61728 0.313576
3 -0.799087 -0.741634 0.31611
2 -0.768904 -0.784208 0.319275
1 -0.779675 -0.864276 0.3171
4 -0.882716 -0.472679 0.311262
8 -0.924119 -0.230951 0.307351
7 -0.874803 -0.613966 0.308768
5 -0.834658 -0.69975 0.315654
6 -0.824279 -0.557038 0.313705
1 -0.873688 -0.433545 0.318961
1 -0.875566 -0.483502 0.318222
1 -0.927787 -0.200909 0.316192
7 -0.860074 -0.358908 0.318856
3 -0.790094 -0.601525 0.321198
2 -0.877475 -0.40795 0.316648
2 -0.925298 -0.350888 0.305642
1 -0.834834 -0.633413 0.313151
1 -0.865406 -0.445287 0.305869
1 -0.869665 -0.500255 0.305972
9 -0.862408 -0.531146 0.308156
4 -0.897001 -0.368028 0.306347
5 -0.888039 -0.404384 0.306912
6 -0.865729 -0.4379 0.312728
1 -0.817983 -0.641321 0.317772
3 -0.926027 -0.535817 0.299856
2 -0.866017 -0.6945 0.302388
14 -0.824588 -0.842103 0.300496
1 -0.751867 -1.09336 0.312029
4 -0.708582 -1.26425 0.310882
1 -0.687451 -1.3341 0.303963
5 -0.791826 -1.0394 0.299461
1 -0.747292 -1.18882 0.302514
1 -0.782777 -1.01919 0.301697
1 -0.800659 -1.02341 0.306848
2 -0.786494 -1.14736 0.304521
4 -0.739209 -1.21023 0.316707
5 -0.940659 -0.509911 0.297371
2 -0.957461 -0.306015 0.301714
2 -0.94099 -0.3902 0.302592
3 -0.950596 -0.304025 0.302537
1 -0.936358 -0.246159 0.311267
1 -0.775226 -0.801334 0.324153
2 -0.819117 -0.507259 0.323438
1 -0.766132 -0.721842 0.325881
3 -0.838993 -0.431396 0.319379
1 -0.832522 -0.431438 0.317846
11 -0.772141 -0.825459 0.313707
1 -0.806827 -0.562579 0.315876
10 -0.817289 -0.632381 0.313677
3 -0.894065 -0.432232 0.310194
4 -0.876295 -0.362225 0.31472
3 -0.847334 -0.425222 0.313241
3 -0.799257 -0.517581 0.320258
1 -0.817396 -0.635873 0.315834
2 -0.833105 -0.624547 0.309649
3 -0.881183 -0.518361 0.307504
3 -0.847809 -0.709059 0.30359
1 -0.826591 -0.715046 0.304458
4 -0.837378 -0.562384 0.312859
1 -0.777735 -0.818452 0.313226
1 -0.708139 -1.01305 0.318868
2 -0.837383 -0.633758 0.313977
8 -0.939237 -0.370396 0.30375
5 -0.982036 -0.107093 0.308626
1 -0.794057 -0.721708 0.317988
2 -0.846333 -0.560646 0.306648
2 -0.852123 -0.505238 0.30711
1 -0.821708 -0.673674 0.315121
1 -0.797305 -0.623198 0.315925
4 -0.801834 -0.808883 0.315864
2 -0.820563 -0.755398 0.311854
2 -0.820847 -0.760754 0.312006
3 -0.840891 -0.701208 0.308227
17 -0.835955 -0.54231 0.314182
1 -0.853872 -0.51065 0.31099
3 -0.913737 -0.409052 0.302205
8 -0.816022 -0.723623 0.306245
2 -0.892743 -0.478334 0.301298
1 -0.904118 -0.238688 0.305234
1 -0.907353 -0.413217 0.30058
1 -0.977017 -0.266909 0.296948
2 -0.904636 -0.319218 0.308008
5 -0.831706 -0.540774 0.313851
2 -0.81419 -0.53433 0.316952
4 -0.825319 -0.707273 0.310802
3 -0.909698 -0.363632 0.306934
2 -0.909138 -0.340877 0.307491
7 -0.887257 -0.495198 0.303417
1 -0.790236 -0.785763 0.31068
1 -0.711393 -0.935461 0.329583
14 -0.663655 -1.21889 0.328958
1 -0.893401 -0.3736 0.312462
4 -0.741309 -0.902194 0.318352
2 -0.782472 -0.727528 0.310153
1 -0.811284 -0.67013 0.316722
1 -0.894831 -0.413685 0.310227
3 -0.832699 -0.571247 0.314342
13 -0.880586 -0.513112 0.308427
1 -0.874474 -0.514727 0.309599
5 -0.820139 -0.684323 0.312287
3 -0.830982 -0.700542 0.310061
1 -0.878181 -0.543692 0.305603
1 -0.82781 -0.662842 0.309772
4 -0.860418 -0.563817 0.309431
2 -0.79891 -0.835848 0.309291
1 -0.838232 -0.625054 0.310179
1 -0.773179 -0.788569 0.318374
2 -0.803612 -0.787138 0.310748
6 -0.828345 -0.783852 0.307241
2 -0.835742 -0.440509 0.319474
2 -0.878798 -0.415037 0.312198
4 -0.786792 -0.89253 0.310422
3 -0.845309 -0.615115 0.308078
4 -0.937462 -0.258152 0.308117
4 -0.930201 -0.270802 0.30772
2 -0.946743 -0.20282 0.303132
1 -0.856057 -0.4958 0.310071
3 -0.825676 -0.685669 0.311175
7 -0.80587 -0.767146 0.31908
6 -0.911549 -0.320684 0.310273
2 -0.840953 -0.524032 0.312297
1 -0.87337 -0.474849 0.311106
3 -0.928589 -0.321323 0.303169
1 -0.951308 -0.23509 0.29937
1 -0.82312 -0.473606 0.32318
2 -0.805336 -0.815205 0.31635
2 -0.753121 -0.863924 0.317554
1 -0.799437 -0.591518 0.314968
7 -0.783844 -0.635133 0.316451
5 -0.942829 -0.191189 0.304339
3 -0.908355 -0.39201 0.307312
2 -0.83566 -0.57188 0.317389
1 -0.692485 -1.18659 0.327662
1 -0.7009 -1.23419 0.31835
2 -0.840576 -0.697582 0.311343
1 -0.774153 -0.9312 0.311956
2 -0.787744 -0.758179 0.308201
3 -0.89105 -0.379178 0.304224
4 -0.877175 -0.382532 0.31323
5 -0.870419 -0.426683 0.311484
5 -0.885307 -0.354873 0.312127
2 -0.869224 -0.492959 0.310382
1 -0.842638 -0.607194 0.309825
9 -0.858714 -0.526092 0.312358
4 -0.851977 -0.579002 0.312768
11 -0.729279 -1.04311 0.31703
3 -0.807144 -0.686708 0.319422
4 -0.758387 -0.842549 0.321432
2 -0.889702 -0.432224 0.309598
1 -0.927768 -0.264702 0.306204
2 -0.948369 -0.224161 0.30679
8 -0.818404 -0.623591 0.319514
4 -0.859077 -0.538873 0.315848
4 -0.865737 -0.57134 0.311479
10 -0.848977 -0.634109 0.304927
6 -0.882872 -0.589428 0.303449
1 -0.908854 -0.409978 0.30689
4 -0.921789 -0.411613 0.309354
12 -0.945061 -0.36371 0.30232
4 -0.807632 -0.568723 0.320283
1 -0.809384 -0.57208 0.321632
3 -0.883623 -0.414438 0.312784
5 -0.745185 -0.966347 0.321142
1 -0.793839 -0.753779 0.315239
4 -0.899294 -0.362278 0.308516
2 -0.910799 -0.383242 0.306384
4 -0.913051 -0.327563 0.309977
3 -0.867426 -0.300677 0.319423
7 -0.808423 -0.798777 0.319576
1 -0.859284 -0.612702 0.311688
2 -0.904015 -0.552491 0.311417
1 -0.896057 -0.553311 0.305371
4 -0.886214 -0.570479 0.306576
1 -0.846119 -0.830917 0.30519
1 -0.857193 -0.670054 0.304059
5 -0.896577 -0.506744 0.302795
4 -0.860359 -0.612851 0.300908
2 -0.73957 -1.02959 0.30835
2 -0.7482 -0.952086 0.311907
1 -0.836497 -0.760561 0.311088
1 -0.767236 -0.875987 0.314906
1 -0.757589 -0.935185 0.320334
3 -0.78046 -0.886623 0.317281
8 -0.819664 -0.721112 0.318327
3 -0.862596 -0.417045 0.319101
2 -0.872152 -0.409972 0.31792
18 -0.812933 -0.663413 0.317541
5 -0.828948 -0.639912 0.313202
2 -0.854008 -0.54255 0.309472
3 -0.833213 -0.483597 0.314661
6 -0.834606 -0.585336 0.311009
3 -0.762551 -0.82784 0.317542
8 -0.772213 -0.967541 0.305868
3 -0.909341 -0.590972 0.293937
1 -0.826081 -0.744388 0.30848
1 -0.845991 -0.647198 0.308195
6 -0.888296 -0.446541 0.302519
1 -0.874573 -0.751976 0.296106
4 -0.879581 -0.62859 0.302995
1 -0.855871 -0.697763 0.307154
1 -0.852384 -0.706365 0.307825
1 -0.790129 -0.700925 0.31848
2 -0.795033 -0.789856 0.315852
4 -0.807248 -0.585489 0.318206
1 -0.773194 -0.646289 0.31904
1 -0.818027 -0.543365 0.318943
2 -0.820557 -0.522301 0.319172
4 -0.814277 -0.65205 0.309494
4 -0.875706 -0.54855 0.308286
2 -0.807718 -0.704403 0.311707
4 -0.831011 -0.595474 0.315949
2 -0.879347 -0.410045 0.314095
1 -0.80383 -0.779902 0.313612
2 -0.883634 -0.48362 0.309324
3 -0.849712 -0.668652 0.304749
4 -0.749756 -0.90758 0.313623
2 -0.765525 -0.916125 0.318113
1 -0.79873 -0.762679 0.316869
8 -0.802778 -0.677731 0.31849
3 -0.801856 -0.746265 0.316343
2 -0.896144 -0.3296 0.306396
6 -0.909435 -0.342666 0.30643
1 -0.857049 -0.66497 0.307397
1 -0.866252 -0.64981 0.307047
2 -0.845551 -0.687994 0.304517
4 -0.797447 -0.650208 0.316021
1 -0.820905 -0.749934 0.311081
2 -0.805356 -0.685327 0.323333
1 -0.807852 -0.682313 0.32098
7 -0.911382 -0.357905 0.307262
5 -0.918627 -0.396187 0.30415
1 -0.896915 -0.441984 0.307686
1 -0.874335 -0.565151 0.310507
1 -0.732121 -0.92585 0.322192
3 -0.781912 -0.794858 0.318878
3 -0.84387 -0.557214 0.316921
2 -0.839573 -0.48959 0.317768
5 -0.801379 -0.685911 0.318301
3 -0.782337 -0.65166 0.321872
4 -0.877167 -0.378566 0.312512
2 -0.837034 -0.467806 0.316428
2 -0.782912 -0.731674 0.321779
5 -0.743489 -0.960713 0.3208
2 -0.745287 -0.963809 0.322275
8 -0.810891 -0.642762 0.311236
2 -0.844543 -0.644973 0.306436
1 -0.865626 -0.674135 0.305775
6 -0.822429 -0.668287 0.308273
2 -0.869796 -0.52841 0.310253
5 -0.850165 -0.496013 0.321389
1 -0.799989 -0.678761 0.323848
1 -0.819555 -0.853663 0.31134
2 -0.798914 -0.935946 0.315646
2 -0.748139 -0.872014 0.318198
5 -0.765486 -0.818146 0.316287
7 -0.854099 -0.556704 0.30602
1 -0.857894 -0.538672 0.312641
1 -0.820003 -0.662455 0.313246
5 -0.859543 -0.712991 0.302672
1 -0.804374 -0.866736 0.313267
2 -0.800641 -0.808231 0.313785
3 -0.843364 -0.803214 0.302807
1 -0.836948 -0.769925 0.299106
8 -0.876919 -0.571101 0.309193
4 -0.881596 -0.641126 0.30117
1 -0.857632 -0.723032 0.301427
1 -0.758367 -0.991914 0.31725
2 -0.696658 -0.917371 0.327857
3 -0.691142 -0.914694 0.327055
1 -0.797267 -0.718672 0.317183
4 -0.822526 -0.578285 0.315339
3 -0.864911 -0.355454 0.317965
6 -0.8105 -0.526338 0.324216
1 -0.805878 -0.634008 0.313364
1 -0.786476 -0.724223 0.313682
1 -0.85749 -0.44586 0.310529
2 -0.812204 -0.592896 0.312013
2 -0.819992 -0.609744 0.306502
10 -0.879796 -0.302341 0.313777
6 -0.885141 -0.382214 0.31088
1 -0.931175 -0.377042 0.303338
1 -0.897594 -0.538435 0.309109
2 -0.871591 -0.495834 0.313499
2 -0.935961 -0.292244 0.311873
5 -0.964082 -0.216933 0.304415
1 -0.813475 -0.746697 0.313002
1 -0.730153 -1.02017 0.318288
4 -0.787608 -0.75249 0.31679
6 -0.823054 -0.566227 0.313506
1 -0.816921 -0.650283 0.313282
5 -0.827908 -0.599234 0.312012
3 -0.834216 -0.565632 0.314474
2 -0.783818 -0.796321 0.315291
1 -0.804871 -0.621698 0.320536
1 -0.823853 -0.723604 0.313217
4 -0.80416 -0.930527 0.30632
3 -0.853165 -0.547754 0.314867
3 -0.836495 -0.593952 0.312617
2 -0.814962 -0.647039 0.315521
1 -0.862098 -0.38386 0.311798
5 -0.78137 -0.824049 0.311949
2 -0.754582 -0.958859 0.31517
1 -0.837587 -0.562708 0.308839
5 -0.798446 -0.642374 0.314601
4 -0.733909 -0.886744 0.314723
4 -0.747706 -0.916849 0.313341
4 -0.743555 -0.901981 0.31429
1 -0.70554 -0.853871 0.324702
3 -0.718431 -0.905799 0.320284
3 -0.810388 -0.606691 0.317538
3 -0.895147 -0.302301 0.314627
2 -0.869898 -0.291004 0.316517
7 -0.901178 -0.28226 0.305786
3 -0.890881 -0.345134 0.310686
1 -0.799395 -0.677449 0.3185
4 -0.74728 -0.912168 0.319441
2 -0.764981 -0.735736 0.3218
1 -0.778093 -0.599782 0.326103
1 -0.81392 -0.590294 0.318847
2 -0.839372 -0.388643 0.314252
1 -0.905934 -0.20081 0.31387
9 -0.982647 -0.0831477 0.301916
1 -0.85754 -0.627691 0.308615
2 -0.785345 -0.819655 0.316484
1 -0.831505 -0.563891 0.320436
5 -0.792005 -0.822183 0.314563
4 -0.804764 -0.827162 0.308872
1 -0.811658 -0.799907 0.30446
1 -0.798719 -0.824668 0.30273
1 -0.828231 -0.719666 0.312676
3 -0.819005 -0.775715 0.314527
2 -0.821472 -0.678157 0.314213
3 -0.865164 -0.539547 0.313263
3 -0.86215 -0.485928 0.310615
1 -0.878776 -0.477831 0.305165
2 -0.765743 -0.900603 0.314141
1 -0.816544 -0.754142 0.308875
1 -0.825168 -0.753123 0.30666
4 -0.844076 -0.684272 0.301057
2 -0.85836 -0.58358 0.304145
3 -0.759262 -0.907308 0.308704
2 -0.740339 -1.01877 0.308021
2 -0.70416 -1.11529 0.31111
1 -0.727908 -0.996343 0.311173
1 -0.797728 -0.790974 0.308855
6 -0.76586 -0.977588 0.313938
4 -0.916608 -0.501147 0.297774
3 -0.894233 -0.398448 0.310434
1 -0.960388 -0.21457 0.307932
3 -0.910166 -0.519399 0.305561
5 -0.874415 -0.579066 0.308348
1 -0.805173 -0.716364 0.313122
1 -0.812128 -0.661056 0.313265
4 -0.724694 -0.807272 0.324085
1 -0.696787 -1.03788 0.319966
2 -0.708553 -1.01238 0.316847
1 -0.658078 -1.27006 0.319661
1 -0.744445 -1.07711 0.313114
2 -0.742383 -1.09933 0.312326
2 -0.730473 -1.01298 0.311796
1 -0.793404 -0.746697 0.309296
6 -0.782069 -0.748848 0.313431
1 -0.799208 -0.816723 0.314912
1 -0.805714 -0.710413 0.316832
2 -0.797274 -0.742366 0.316203
1 -0.861337 -0.509963 0.312699
4 -0.799971 -0.768854 0.305788
3 -0.840709 -0.613065 0.306742
1 -0.757408 -0.860369 0.309265
2 -0.761982 -0.915665 0.306571
1 -0.796882 -0.846137 0.30648
2 -0.767338 -0.947768 0.306827
1 -0.764665 -1.02132 0.304664
6 -0.804014 -0.832867 0.304983
1 -0.801066 -0.698112 0.315305
5 -0.723996 -1.1178 0.31428
1 -0.758377 -0.908733 0.311942
7 -0.855778 -0.557227 0.312832
2 -0.810578 -0.619897 0.316778
5 -0.789712 -0.6388 0.318203
2 -0.893626 -0.365978 0.308347
1 -0.916161 -0.114822 0.319111
5 -0.914203 -0.124361 0.319322
3 -0.886454 -0.400036 0.30655
1 -0.822362 -0.606959 0.318299
4 -0.7959 -0.764722 0.317976
2 -0.747213 -0.895337 0.324262
6 -0.845906 -0.550704 0.307514
7 -0.917493 -0.360928 0.305077
1 -0.897999 -0.511444 0.301811
1 -0.887314 -0.509968 0.307971
8 -0.880473 -0.528505 0.311363
3 -0.839321 -0.663582 0.306497
1 -0.824035 -0.804742 0.309202
2 -0.78305 -1.09469 0.30191
4 -0.810018 -0.946353 0.301526
3 -0.872589 -0.709134 0.303233
1 -0.873186 -0.732494 0.307252
5 -0.908022 -0.56181 0.305461
2 -0.919961 -0.401303 0.314244
1 -0.88919 -0.505896 0.314835
2 -0.877054 -0.493581 0.315758
1 -0.928617 -0.31218 0.305522
2 -0.956113 -0.377949 0.302329
7 -0.902295 -0.352255 0.307873
2 -0.826746 -0.652593 0.316269
1 -0.875459 -0.455983 0.314723
1 -0.856341 -0.532078 0.312626
1 -0.964837 -0.194718 0.306185
3 -0.967862 -0.145952 0.307593
2 -0.859868 -0.404911 0.314218
7 -0.832553 -0.456622 0.315425
2 -0.8697 -0.370729 0.311561
1 -0.895522 -0.407401 0.306211
6 -0.881909 -0.42354 0.310393
1 -0.848528 -0.657861 0.307764
6 -0.748203 -0.990123 0.321193
1 -0.836896 -0.654697 0.317481
2 -0.85338 -0.618501 0.312861
3 -0.892123 -0.392049 0.30932
3 -0.884805 -0.494336 0.307716
1 -0.837621 -0.517218 0.311042
5 -0.889512 -0.400084 0.309928
4 -0.790946 -0.705808 0.319663
2 -0.780371 -0.691709 0.312504
6 -0.859977 -0.455628 0.313563
4 -0.836554 -0.56405 0.304493
1 -0.80978 -0.587402 0.315862
2 -0.82007 -0.595238 0.311407
5 -0.869392 -0.647068 0.305505
2 -0.802097 -0.817003 0.312266
2 -0.783005 -0.908878 0.312099
3 -0.737531 -1.07597 0.312949
1 -0.880997 -0.443594 0.300689
1 -0.702299 -1.17167 0.319599
6 -0.713674 -1.11947 0.319354
2 -0.706276 -1.15704 0.315712
3 -0.750155 -0.987059 0.314683
3 -0.826302 -0.788635 0.309715
2 -0.90164 -0.509218 0.303873
1 -0.872076 -0.768267 0.303339
4 -0.849939 -0.802089 0.300927
5 -0.94326 -0.35286 0.308742
2 -0.929305 -0.390869 0.307421
1 -0.852199 -0.661164 0.309955
2 -0.854849 -0.653081 0.309664
2 -0.884681 -0.412984 0.30784
2 -0.834168 -0.522556 0.314045
1 -0.787719 -0.739802 0.316567
2 -0.80603 -0.858019 0.311325
5 -0.889448 -0.473491 0.307786
2 -0.876272 -0.510177 0.312776
1 -0.838308 -0.554235 0.31268
8 -0.875178 -0.457065 0.307096
2 -0.781052 -0.835415 0.320129
3 -0.836147 -0.680472 0.317452
8 -0.85897 -0.585199 0.317162
1 -0.79431 -0.729319 0.321627
4 -0.820328 -0.629071 0.308645
1 -0.823282 -0.631887 0.307467
1 -0.907057 -0.39219 0.29672
2 -0.848617 -0.734184 0.300727
2 -0.78825 -0.692158 0.325533
12 -0.957949 -0.184273 0.300995
3 -0.999613 -0.287504 0.295801
1 -0.989647 -0.315448 0.295903
2 -0.884846 -0.546082 0.310385
1 -0.71117 -1.11114 0.314545
1 -0.766554 -0.931365 0.315227
1 -0.875857 -0.481258 0.30816
2 -0.856982 -0.522784 0.312218
1 -0.862183 -0.465458 0.313356
1 -0.898059 -0.375929 0.312855
2 -0.86703 -0.515151 0.313116
1 -0.882862 -0.486175 0.309255
1 -0.873027 -0.450686 0.305183
3 -0.993306 -0.297419 0.294687
5 -0.984392 -0.147176 0.301793
5 -0.85668 -0.655328 0.306659
6 -0.770457 -0.847246 0.316621
1 -0.715527 -1.13084 0.317439
1 -0.753015 -0.906621 0.316746
2 -0.770217 -0.972009 0.312602
1 -0.752009 -1.03769 0.314353
1 -0.739002 -1.14395 0.310913
4 -0.750565 -1.02576 0.313918
2 -0.820575 -0.729175 0.310499
6 -0.829369 -0.649938 0.312461
5 -0.84818 -0.590954 0.31313
1 -0.798426 -0.5313 0.32557
1 -0.799622 -0.51727 0.320407
2 -0.837667 -0.526121 0.317628
4 -0.849862 -0.487892 0.313569
1 -0.835874 -0.493069 0.316923
2 -0.804066 -0.749739 0.313281
2 -0.878153 -0.531304 0.316358
2 -0.857034 -0.629725 0.311778
7 -0.945229 -0.31658 0.302549
1 -0.938648 -0.314728 0.30304
2 -0.823601 -0.719425 0.308185
4 -0.882869 -0.476552 0.306709
1 -0.834303 -0.557443 0.318082
6 -0.783623 -0.838166 0.317832
5 -0.789039 -0.866456 0.316079
2 -0.819137 -0.821067 0.312012
3 -0.821019 -0.653506 0.318498
3 -1.00157 0.0233192 0.310226
5 -0.988744 -0.0489157 0.307493
1 -0.930306 -0.192922 0.308502
1 -0.740865 -0.949724 0.323675
4 -0.781168 -0.841428 0.315453
4 -0.786771 -0.857783 0.311698
1 -0.736486 -1.1021 0.314115
1 -0.781678 -0.932855 0.307703
1 -0.789417 -0.846503 0.307717
1 -0.838261 -0.630157 0.304159
2 -0.828661 -0.508903 0.312063
1 -0.834123 -0.498764 0.311527
8 -0.885322 -0.616821 0.302815
7 -0.915624 -0.53731 0.298151
3 -0.869594 -0.505392 0.305491
3 -0.835887 -0.622291 0.309415
4 -0.839341 -0.606751 0.309255
1 -0.781893 -0.787438 0.314022
5 -0.740937 -0.984368 0.315404
3 -0.747084 -0.909088 0.311458
2 -0.799489 -0.776797 0.308939
3 -0.839898 -0.61173 0.307537
3 -0.85316 -0.64313 0.307804
7 -0.840151 -0.702143 0.305231
1 -0.819894 -0.774783 0.306097
3 -0.75812 -0.691405 0.322129
3 -0.79775 -0.670103 0.318205
1 -0.884437 -0.346222 0.315661
3 -0.836582 -0.65548 0.316622
2 -0.890752 -0.464684 0.314219
1 -0.839713 -0.605724 0.321924
3 -0.827316 -0.606415 0.320864
4 -0.810585 -0.649783 0.322137
6 -0.887305 -0.426244 0.313367
3 -0.845081 -0.583831 0.315082
8 -0.868255 -0.483989 0.316453
1 -0.824545 -0.53453 0.314882
4 -0.711639 -1.13862 0.319752
1 -0.711833 -1.10781 0.319646
3 -0.806441 -0.788957 0.314581
1 -0.744546 -0.955704 0.317343
1 -0.755113 -0.931754 0.319887
1 -0.853012 -0.552393 0.311375
2 -0.808456 -0.620318 0.314832
1 -0.804017 -0.628909 0.315371
1 -0.860108 -0.393563 0.316592
1 -0.792755 -0.583246 0.327104
1 -0.700233 -0.920064 0.323499
2 -0.727988 -0.763438 0.323685
13 -0.793172 -0.810589 0.317562
5 -0.778528 -0.889848 0.32036
1 -0.857081 -0.539745 0.314362
9 -0.891062 -0.361229 0.311717
1 -0.890719 -0.323924 0.315262
5 -0.880907 -0.376843 0.315468
2 -0.870995 -0.475418 0.310507
3 -0.941129 -0.221267 0.304912
1 -0.867508 -0.463009 0.308635
3 -0.844235 -0.50413 0.313625
3 -0.837057 -0.760394 0.307789
1 -0.772885 -0.849978 0.315839
2 -0.803175 -0.678622 0.320756
2 -0.973862 -0.169424 0.298788
3 -0.879439 -0.328944 0.308252
2 -0.940742 -0.109131 0.302479
1 -0.813956 -0.612575 0.307134
2 -0.854173 -0.635048 0.307526
1 -0.919298 -0.35632 0.308476
12 -0.912215 -0.323408 0.310072
1 -0.911897 -0.330761 0.310619
10 -0.928074 -0.256712 0.31046
1 -0.845057 -0.601529 0.31277
2 -0.750671 -0.886292 0.318472
12 -0.843506 -0.554964 0.31518
1 -0.816734 -0.643907 0.316887
4 -0.801518 -0.71992 0.316061
5 -0.810972 -0.725649 0.313481
2 -0.806164 -0.671276 0.312026
3 -0.762469 -0.823024 0.3147
6 -0.814545 -0.783682 0.305968
2 -0.809819 -0.740811 0.308856
4 -0.802531 -0.726405 0.320046
8 -0.842434 -0.485545 0.315027
4 -0.813162 -0.580319 0.316315
5 -0.936046 -0.391092 0.303697
1 -0.892403 -0.401753 0.30617
2 -0.803848 -0.747189 0.314236
1 -0.754247 -0.92251 0.316279
1 -0.759999 -1.01989 0.307494
1 -0.731506 -0.849925 0.325291
2 -0.797756 -0.799727 0.316943
2 -0.851746 -0.5539 0.309327
5 -0.877237 -0.538316 0.30503
4 -0.922635 -0.394168 0.305242
1 -0.832913 -0.663025 0.306258
1 -0.836865 -0.705243 0.307832
2 -0.861137 -0.61039 0.306356
2 -0.803564 -0.605641 0.313006
2 -0.826941 -0.550573 0.312806
4 -0.846819 -0.471943 0.309017
1 -0.83976 -0.484077 0.313367
2 -0.812342 -0.593036 0.313934
1 -0.822943 -0.634514 0.308232
5 -0.907234 -0.490954 0.298179
1 -0.828798 -0.700546 0.304773
3 -0.841157 -0.488847 0.312202
7 -0.901203 -0.257468 0.316313
1 -0.881577 -0.552614 0.307845
4 -0.840906 -0.503929 0.315
1 -0.901546 -0.375301 0.305041
9 -0.913708 -0.49723 0.300224
1 -0.938061 -0.286563 0.303026
2 -0.824277 -0.719634 0.306879
4 -0.812982 -0.821349 0.303814
7 -0.860659 -0.68323 0.297216
1 -0.884911 -0.527288 0.299032
6 -0.910001 -0.402932 0.309979
2 -0.814368 -0.704121 0.318488
3 -0.771979 -0.846403 0.319251
2 -0.751789 -0.834716 0.320296
1 -0.757006 -0.805238 0.31986
3 -0.741203 -0.84117 0.320238
2 -0.782254 -0.709696 0.314591
2 -0.760298 -0.80735 0.31158
1 -0.771557 -0.805252 0.312689
4 -0.745927 -0.876718 0.315096
1 -0.843682 -0.580118 0.309801
2 -0.84764 -0.549004 0.307662
1 -0.881965 -0.490051 0.304623
1 -0.862398 -0.509454 0.30686
2 -0.846465 -0.564799 0.307356
10 -0.869614 -0.471957 0.305139
3 -0.92005 -0.36472 0.310681
2 -0.856726 -0.58158 0.31315
1 -0.876725 -0.474297 0.312115
1 -0.857782 -0.492887 0.314821
4 -0.878593 -0.342885 0.317322
1 -0.859907 -0.512501 0.315038
1 -0.779101 -0.842847 0.318792
3 -0.808562 -0.745519 0.31405
5 -0.845203 -0.548326 0.313716
2 -0.857813 -0.48487 0.310412
1 -0.874947 -0.604023 0.304365
2 -0.895026 -0.530635 0.303631
4 -0.831438 -0.82699 0.308648
1 -0.832222 -0.737657 0.304436
5 -0.727197 -1.05744 0.315334
7 -0.712537 -1.01455 0.318048
3 -0.795753 -0.825219 0.306172
2 -0.744945 -1.0668 0.303566
1 -0.774182 -0.98279 0.301233
1 -0.819796 -0.814214 0.300162
1 -0.81078 -0.737782 0.3028
1 -0.884721 -0.553116 0.307886
5 -0.845354 -0.692554 0.308467
3 -0.851735 -0.528789 0.305149
1 -0.938447 -0.281126 0.302682
2 -0.907886 -0.443381 0.301773
3 -0.83412 -0.666386 0.306399
7 -0.837356 -0.637261 0.308912
1 -0.908075 -0.482375 0.302713
6 -0.875417 -0.496326 0.31648
1 -0.840129 -0.612755 0.314408
2 -0.822243 -0.658897 0.317199
2 -0.834381 -0.677862 0.311405
3 -0.921929 -0.201266 0.310672
1 -0.869266 -0.286044 0.314387
1 -0.84159 -0.531745 0.309152
2 -0.798191 -0.743603 0.311617
3 -0.881679 -0.601784 0.304783
1 -0.878585 -0.584248 0.303115
5 -0.857599 -0.619434 0.304824
2 -0.859795 -0.613484 0.303464
1 -0.852413 -0.619852 0.302923
2 -0.844205 -0.398813 0.318786
2 -0.828893 -0.486456 0.314461
2 -0.858449 -0.352221 0.313889
5 -0.913766 -0.22931 0.305221
1 -0.84951 -0.337327 0.31824
7 -0.818886 -0.412574 0.315131
5 -0.901996 -0.431625 0.307176
6 -0.87736 -0.513161 0.307324
1 -0.821071 -0.687666 0.309551
1 -0.846153 -0.674804 0.305706
2 -0.779633 -0.823528 0.310107
1 -0.773789 -0.730192 0.318242
2 -0.786491 -0.607 0.323562
1 -0.927889 -0.263394 0.309193
2 -0.868331 -0.45444 0.314378
10 -0.862086 -0.52824 0.311833
1 -0.877786 -0.369494 0.312237
1 -0.832314 -0.606593 0.3148
2 -0.889278 -0.375914 0.313479
4 -0.819558 -0.574683 0.312572
3 -0.759249 -0.826539 0.316004
4 -0.818811 -0.754764 0.309447
4 -0.809545 -0.801616 0.309572
1 -0.802918 -0.822128 0.314249
3 -0.885743 -0.370143 0.315403
1 -0.912929 -0.273941 0.308563
2 -0.910542 -0.322606 0.30689
3 -0.862942 -0.522172 0.305218
2 -0.827693 -0.615402 0.311473
2 -0.800409 -0.779392 0.311945
4 -0.864472 -0.453186 0.310093
2 -0.805937 -0.570826 0.317491
3 -0.807123 -0.612285 0.314584
1 -0.721624 -0.917393 0.319373
2 -0.803736 -0.701572 0.312354
2 -0.828189 -0.714279 0.30671
2 -0.925867 -0.490095 0.29882
2 -0.900908 -0.558629 0.303549
1 -0.892029 -0.480982 0.304883
3 -0.884528 -0.482148 0.311368
3 -0.773065 -0.764962 0.319094
2 -0.793127 -0.940642 0.308316
1 -0.81018 -0.722901 0.314931
9 -0.730205 -0.968415 0.329896
2 -0.845695 -0.394212 0.329831
5 -0.774911 -0.749759 0.326995
6 -0.823456 -0.497146 0.317225
3 -0.815948 -0.618334 0.313047
3 -0.802095 -0.640685 0.318162
3 -0.812764 -0.576347 0.317181
1 -0.797258 -0.691114 0.3165
4 -0.891173 -0.526906 0.30579
10 -0.877965 -0.606621 0.304334
3 -0.923794 -0.399461 0.306669
1 -0.868898 -0.707116 0.302269
9 -0.706926 -1.21907 0.315018
2 -0.803221 -0.74685 0.310072
1 -0.83137 -0.689748 0.30802
1 -0.871611 -0.66106 0.300957
1 -0.697195 -1.2348 0.3136
4 -0.764669 -1.07077 0.311084
1 -0.807787 -0.949453 0.311201
2 -0.802269 -0.661916 0.314473
4 -0.848639 -0.552073 0.317644
1 -0.894753 -0.5059 0.310332
2 -0.86752 -0.577412 0.310829
3 -0.874582 -0.563945 0.302916
1 -0.820077 -0.67831 0.31469
2 -0.808958 -0.728735 0.313199
1 -0.795001 -0.767581 0.314799
15 -0.799244 -0.649495 0.316518
3 -0.756541 -0.826038 0.321436
2 -0.819562 -0.587055 0.315301
3 -0.94537 -0.218564 0.310933
2 -0.97791 -0.217231 0.305566
1 -0.81141 -0.680246 0.31565
1 -0.860087 -0.48197 0.316818
3 -0.795125 -0.759853 0.319038
1 -0.815503 -0.753387 0.314164
1 -0.770881 -0.901827 0.315353
2 -0.792084 -0.803065 0.316414
2 -0.845449 -0.615004 0.307514
1 -0.797931 -0.721616 0.313829
3 -0.756374 -0.913134 0.315794
2 -0.755757 -0.880999 0.31559
2 -0.846481 -0.608559 0.308666
5 -0.846236 -0.602637 0.306586
1 -0.843036 -0.550996 0.307218
1 -0.876907 -0.584089 0.305185
7 -0.905754 -0.381021 0.305056
7 -0.837492 -0.570166 0.312611
2 -0.820502 -0.659603 0.311803
4 -0.812361 -0.770398 0.309501
9 -0.79927 -0.703688 0.313627
5 -0.817115 -0.592369 0.314115
1 -0.839273 -0.531012 0.315027
4 -0.816404 -0.675548 0.31453
3 -0.783186 -0.705219 0.320406
1 -0.848629 -0.625495 0.311281
7 -0.873928 -0.567638 0.30995
4 -0.755158 -0.982019 0.314896
1 -0.753223 -0.974316 0.315746
3 -0.824483 -0.713554 0.311689
6 -0.81676 -0.745394 0.310481
3 -0.784758 -0.81059 0.318074
1 -0.885762 -0.467891 0.310077
1 -0.841399 -0.629199 0.310611
2 -0.715305 -1.21095 0.312451
1 -0.747385 -1.11841 0.312069
4 -0.801221 -0.90413 0.307184
3 -0.762554 -0.959048 0.311269
1 -0.818467 -0.644997 0.310259
2 -0.813152 -0.63495 0.312254
1 -0.868788 -0.490546 0.314559
1 -0.874822 -0.363336 0.308755
2 -0.908792 -0.303447 0.304277
3 -0.877044 -0.371304 0.307389
1 -0.877672 -0.282868 0.309289
4 -0.93031 -0.156958 0.307997
6 -0.952232 -0.0696278 0.306597
1 -0.887077 -0.376924 0.307073
4 -0.904745 -0.31925 0.310536
3 -0.865211 -0.608245 0.306361
3 -0.863885 -0.56534 0.313118
6 -0.812669 -0.717889 0.31521
2 -0.804951 -0.729593 0.317986
4 -0.758027 -0.854884 0.322186
5 -0.814392 -0.890918 0.304905
3 -0.862849 -0.637019 0.304552
1 -0.923464 -0.498457 0.299866
1 -0.882835 -0.726088 0.299558
5 -0.777415 -0.914496 0.32002
2 -0.775539 -0.87292 0.312759
1 -0.762777 -0.926009 0.312853
2 -0.743061 -0.81272 0.324895
8 -0.801032 -0.707418 0.322309
1 -0.808854 -0.924545 0.303393
2 -0.760485 -1.01592 0.30867
1 -0.759522 -0.976971 0.310221
3 -0.746515 -1.03553 0.31348
1 -0.747783 -0.946764 0.310181
1 -0.758891 -0.926931 0.313251
2 -0.846506 -0.582064 0.310111
8 -0.842759 -0.6343 0.303439
3 -0.867448 -0.618628 0.304749
5 -0.850347 -0.669909 0.306004
1 -0.876251 -0.518769 0.306602
5 -0.813864 -0.620951 0.316107
5 -0.928402 -0.182291 0.309297
1 -0.820069 -0.495406 0.318354
1 -0.791196 -0.617517 0.314683
4 -0.834841 -0.512846 0.316058
3 -0.836712 -0.489252 0.314225
1 -0.847221 -0.591064 0.303099
2 -0.775059 -0.885912 0.306053
5 -0.814629 -0.79093 0.307195
7 -0.842713 -0.694747 0.302777
6 -0.874392 -0.504107 0.308175
9 -0.9135 -0.392433 0.303651
1 -0.923309 -0.304919 0.302986
2 -0.928041 -0.336176 0.308678
3 -0.802247 -0.593213 0.314499
2 -0.774785 -0.699447 0.314736
3 -0.807865 -0.65668 0.308114
2 -0.806669 -0.646651 0.311147
3 -0.827384 -0.521134 0.317418
3 -0.803547 -0.619749 0.317826
3 -0.829222 -0.400348 0.315536
1 -0.889294 -0.304066 0.312921
6 -0.838171 -0.779991 0.30814
3 -0.814187 -0.751274 0.313413
1 -0.93817 -0.425365 0.297915
1 -0.918926 -0.322289 0.302728
3 -0.776344 -0.778605 0.313584
6 -0.764077 -0.893196 0.315564
1 -0.872094 -0.517701 0.309915
1 -0.849225 -0.592494 0.311391
1 -0.880037 -0.408925 0.311573
2 -0.895027 -0.314926 0.310333
2 -0.852389 -0.553191 0.306494
2 -0.840298 -0.593107 0.307627
1 -0.778382 -0.785788 0.318268
3 -0.857556 -0.616179 0.314726
1 -0.783079 -0.833963 0.31791
5 -0.759338 -0.925662 0.318408
2 -0.775609 -0.819522 0.317674
4 -0.791755 -0.768005 0.316134
4 -0.779131 -0.829136 0.317763
2 -0.800011 -0.726072 0.314313
3 -0.857539 -0.424588 0.313749
3 -0.838905 -0.571292 0.316467
7 -0.806357 -0.526879 0.323456
1 -0.82209 -0.477333 0.320007
2 -0.838119 -0.472178 0.317264
1 -0.835115 -0.450387 0.319422
3 -0.870298 -0.281178 0.313891
4 -0.782266 -0.570276 0.318255
1 -0.820675 -0.547221 0.322952
1 -0.825943 -0.530654 0.322249
6 -0.814687 -0.595832 0.31937
2 -0.882487 -0.347978 0.318212
2 -0.870142 -0.477667 0.318041
1 -0.795161 -0.739397 0.318867
2 -0.773671 -0.68755 0.321188
7 -0.883172 -0.388196 0.313634
9 -0.900686 -0.391206 0.30898
4 -0.833464 -0.67849 0.312554
6 -0.853328 -0.753689 0.307076
2 -0.846923 -0.662678 0.301939
2 -0.797872 -0.82002 0.30693
10 -0.849445 -0.653121 0.30773
4 -0.9151 -0.41166 0.306025
3 -0.955846 -0.198923 0.305596
3 -0.938013 -0.282594 0.308162
1 -0.869235 -0.418604 0.312223
6 -0.849623 -0.519149 0.31102
1 -0.885118 -0.382105 0.308053
2 -0.880061 -0.39559 0.307931
2 -0.829373 -0.57962 0.312952
1 -0.763979 -0.742258 0.318186
4 -0.85341 -0.510261 0.309621
5 -0.84744 -0.530513 0.31305
5 -0.766897 -1.00859 0.312652
5 -0.702596 -1.15278 0.317192
3 -0.825415 -0.744563 0.303793
3 -0.839502 -0.611761 0.303435
1 -0.859512 -0.302221 0.310713
2 -0.922138 -0.232341 0.308755
1 -0.96603 -0.153815 0.305856
4 -0.98597 -0.091336 0.303603
8 -0.863942 -0.528523 0.30956
2 -0.84651 -0.698503 0.309281
1 -0.878061 -0.504612 0.308509
1 -0.842543 -0.634262 0.302687
1 -0.803195 -0.757964 0.304769
2 -0.827476 -0.685872 0.304528
2 -0.853446 -0.657269 0.302446
2 -0.814743 -0.845987 0.310903
2 -0.855349 -0.772229 0.30507
2 -0.92556 -0.375464 0.308818
2 -0.925118 -0.366764 0.308765
3 -0.901623 -0.460915 0.311007
1 -0.838525 -0.54617 0.316386
1 -0.797005 -0.685898 0.317528
10 -0.847456 -0.696876 0.309404
2 -0.846294 -0.631404 0.302826
3 -0.821955 -0.631739 0.307744
2 -0.845431 -0.384121 0.314008
2 -0.877732 -0.374775 0.312555
7 -0.93012 -0.18236 0.303834
1 -0.795123 -0.688094 0.308803
3 -0.761685 -0.793712 0.315739
2 -0.735263 -0.867306 0.319212
2 -0.777343 -1.02377 0.312189
6 -0.867648 -0.554116 0.306438
1 -0.879891 -0.552123 0.303566
7 -0.859267 -0.631521 0.303225
3 -0.94163 -0.153595 0.30935
7 -0.992585 0.094601 0.309343
2 -0.857634 -0.726441 0.299103
10 -0.893446 -0.498629 0.305735
1 -0.873799 -0.615179 0.305131
1 -0.801981 -0.690332 0.313328
5 -0.751966 -0.760833 0.322067
1 -0.874152 -0.370422 0.312411
1 -0.817176 -0.603731 0.316946
4 -0.909182 -0.375195 0.306479
3 -0.901376 -0.452666 0.307248
2 -0.827313 -0.796134 0.302766
4 -0.846887 -0.594456 0.30648
8 -0.876889 -0.540287 0.30172
5 -0.853796 -0.616022 0.302555
1 -0.843612 -0.579856 0.306463
2 -0.821137 -0.721753 0.305159
3 -0.779362 -0.787429 0.319565
2 -0.831381 -0.7508 0.313389
2 -0.820308 -0.716531 0.311394
2 -0.906126 -0.332761 0.307911
2 -0.889474 -0.364193 0.307554
1 -0.834258 -0.594204 0.306236
3 -0.796493 -0.739086 0.314483
1 -0.831198 -0.527651 0.318052
3 -0.87903 -0.442221 0.312364
6 -0.848204 -0.492285 0.319468
1 -0.861422 -0.463695 0.319672
2 -0.884128 -0.586847 0.311919
7 -0.905981 -0.451632 0.31025
5 -0.882974 -0.600814 0.304394
3 -0.880864 -0.567872 0.305099
2 -0.81966 -0.684956 0.315159
1 -0.858326 -0.44924 0.312011
3 -0.850316 -0.556558 0.313248
1 -0.813414 -0.725407 0.31706
3 -0.806338 -0.831293 0.314882
2 -0.859495 -0.540579 0.311333
1 -0.921398 -0.356837 0.310406
4 -0.934527 -0.31101 0.307583
6 -0.909127 -0.489084 0.303417
1 -0.899806 -0.577274 0.302871
1 -0.868487 -0.729495 0.304734
2 -0.839413 -0.781139 0.30623
3 -0.880146 -0.523664 0.308388
1 -0.842773 -0.648996 0.311998
2 -0.811144 -0.717661 0.312689
2 -0.747237 -0.883643 0.319016
2 -0.708565 -1.05952 0.316484
1 -0.713076 -1.11162 0.315422
2 -0.773979 -0.846578 0.316847
1 -0.79322 -0.93889 0.309291
1 -0.710138 -1.02494 0.319633
5 -0.701143 -1.04126 0.323213
1 -0.703055 -1.04515 0.321092
6 -0.70309 -1.15026 0.322427
1 -0.689959 -1.16922 0.318348
2 -0.681778 -1.21521 0.31527
1 -0.649642 -1.23826 0.325547
1 -0.666041 -1.17055 0.321723
3 -0.794929 -0.809867 0.309613
3 -0.775522 -0.86611 0.313344
2 -0.850042 -0.613988 0.309159
2 -0.889422 -0.472857 0.306868
1 -0.869871 -0.521032 0.313321
3 -0.805572 -0.548025 0.324112
5 -0.865063 -0.63478 0.308748
4 -0.820327 -0.923155 0.312415
1 -0.675535 -1.16547 0.330588
1 -0.875185 -0.524567 0.315292
3 -0.847691 -0.686332 0.311969
1 -0.847118 -0.770717 0.305929
2 -0.835158 -0.804805 0.30745
2 -0.829279 -0.639992 0.311659
4 -0.763762 -0.976866 0.312794
2 -0.726707 -1.02603 0.315167
2 -0.832154 -0.724164 0.308101
2 -0.905894 -0.399652 0.305869
3 -0.920824 -0.356545 0.302094
5 -0.888693 -0.457572 0.302669
3 -0.921709 -0.364127 0.302948
9 -0.912916 -0.44245 0.308062
5 -0.867313 -0.509226 0.308265
4 -0.886824 -0.439025 0.306731
3 -0.894605 -0.589732 0.301101
1 -0.752966 -0.998618 0.317079
2 -0.780996 -0.890453 0.309439
4 -0.801172 -0.901518 0.310849
2 -0.862025 -0.458998 0.310138
2 -0.837421 -0.53644 0.309579
2 -0.868866 -0.490558 0.30637
1 -0.901264 -0.31144 0.314556
3 -0.880146 -0.438564 0.313537
2 -0.882782 -0.592544 0.306816
1 -0.899919 -0.463574 0.301564
4 -0.868687 -0.461811 0.310081
5 -0.858867 -0.51896 0.312185
1 -0.856368 -0.444805 0.314297
3 -0.874809 -0.388564 0.317043
4 -0.857766 -0.419199 0.310145
1 -0.872335 -0.33275 0.310224
1 -0.791711 -0.748352 0.31235
2 -0.836415 -0.654704 0.306214
2 -0.799893 -0.802229 0.309066
2 -0.830107 -0.758548 0.312707
4 -0.822194 -0.587135 0.312563
1 -0.871528 -0.498637 0.30942
1 -0.813296 -0.632448 0.313178
1 -0.935778 -0.295295 0.302701
1 -0.945023 -0.283828 0.304756
1 -0.782472 -0.892701 0.313214
1 -0.791169 -0.696277 0.320233
3 -0.835862 -0.4831 0.315897
1 -0.807472 -0.676872 0.313167
5 -0.842001 -0.588073 0.312176
2 -0.86475 -0.432907 0.313582
1 -0.900237 -0.261569 0.312231
1 -0.902398 -0.36123 0.311464
1 -0.875739 -0.46132 0.308395
2 -0.871191 -0.462563 0.308409
5 -0.941566 -0.306614 0.300051
3 -0.80993 -0.762223 0.31428
3 -0.791467 -0.735943 0.316273
2 -0.784467 -0.790699 0.321985
1 -0.741083 -1.04481 0.319114
3 -0.780209 -0.840311 0.310569
2 -0.894931 -0.241339 0.31559
4 -0.883523 -0.282991 0.313768
6 -0.878085 -0.311642 0.309378
2 -0.847635 -0.710815 0.300233
3 -0.83187 -0.782951 0.307562
5 -0.926922 -0.344885 0.3034
4 -0.885622 -0.456454 0.303826
1 -0.879534 -0.4889 0.305011
3 -0.842118 -0.618835 0.307964
4 -0.853877 -0.490285 0.312696
3 -0.889014 -0.414904 0.30978
3 -0.844057 -0.617434 0.306154
1 -0.924194 -0.205604 0.310583
5 -0.975124 -0.0892521 0.311561
1 -0.847574 -0.407442 0.319694
3 -0.837833 -0.638942 0.313742
1 -0.765857 -0.903129 0.314463
1 -0.927793 -0.341388 0.311488
1 -0.902989 -0.427106 0.309234
1 -0.83392 -0.6926 0.304493
7 -0.836116 -0.557716 0.305842
4 -0.862757 -0.474864 0.308256
3 -0.808023 -0.82518 0.311515
1 -0.794688 -0.89883 0.311272
1 -0.81004 -0.774989 0.312151
3 -0.844226 -0.673731 0.310309
4 -0.867389 -0.563081 0.308018
4 -0.938256 -0.195635 0.305255
2 -0.939606 -0.2068 0.305736
3 -0.916581 -0.297226 0.306237
1 -0.890453 -0.449079 0.307339
6 -0.872865 -0.458123 0.307858
2 -0.860724 -0.51643 0.307848
4 -0.855962 -0.597114 0.306521
1 -0.812921 -0.736624 0.31019
7 -0.807383 -0.645626 0.309059
1 -0.826948 -0.411515 0.316042
3 -0.816984 -0.643068 0.317049
4 -0.823413 -0.844895 0.308215
1 -0.883705 -0.484183 0.307428
3 -0.867427 -0.449455 0.307339
6 -0.895531 -0.4196 0.302469
5 -0.929799 -0.327884 0.302616
5 -0.897611 -0.451142 0.305368
6 -0.729398 -0.996175 0.320785
5 -0.807088 -0.623196 0.323573
1 -0.825231 -0.447961 0.325416
1 -0.892479 -0.386458 0.309461
1 -0.793333 -0.688949 0.314041
1 -0.826336 -0.607151 0.316284
4 -0.792384 -0.707188 0.318273
6 -0.841073 -0.639779 0.311557
9 -0.876366 -0.463046 0.311169
2 -0.744156 -0.915765 0.31198
5 -0.777124 -0.728511 0.315321
1 -0.893028 -0.643645 0.29943
2 -0.851373 -0.547278 0.304996
1 -0.889464 -0.476207 0.299347
3 -0.904805 -0.442213 0.303237
1 -0.818466 -0.673369 0.309203
1 -0.839652 -0.535065 0.318409
9 -0.815467 -0.633015 0.316058
2 -0.759936 -0.877074 0.320421
1 -0.834499 -0.616976 0.31502
2 -0.827015 -0.501568 0.319349
2 -0.86925 -0.352883 0.315274
1 -0.820604 -0.835613 0.31052
5 -0.805662 -0.66385 0.313965
6 -0.782625 -0.771026 0.317936
6 -0.783741 -0.726519 0.31537
3 -0.78977 -0.576913 0.318805
2 -0.817265 -0.64212 0.305106
1 -0.780751 -0.726315 0.316355
6 -0.88225 -0.502532 0.305031
5 -0.840701 -0.651931 0.307729
1 -0.816836 -0.729365 0.308957
4 -0.810594 -0.779073 0.307876
4 -0.856234 -0.539082 0.309388
9 -0.890431 -0.44703 0.306641
1 -0.872934 -0.483052 0.309699
1 -0.846726 -0.614966 0.313421
5 -0.83681 -0.486559 0.314365
1 -0.878593 -0.346116 0.307293
2 -0.806423 -0.610174 0.307233
2 -0.938408 -0.287479 0.304403
1 -0.82923 -0.697427 0.307098
1 -0.840637 -0.650735 0.307256
1 -0.886407 -0.476804 0.314144
2 -0.861263 -0.578102 0.311698
4 -0.844253 -0.497262 0.314154
4 -0.875202 -0.426911 0.30941
1 -0.927229 -0.255911 0.309814
3 -0.886249 -0.409837 0.311791
1 -0.893408 -0.462504 0.308146
2 -0.887517 -0.46403 0.310225
1 -0.854711 -0.562846 0.313726
1 -0.784953 -0.759551 0.319553
6 -0.895925 -0.538373 0.312703
5 -0.832515 -0.734542 0.314782
1 -0.879627 -0.458198 0.316073
1 -0.85355 -0.483459 0.317236
1 -0.844644 -0.59827 0.317494
2 -0.808638 -0.790584 0.319105
1 -0.818677 -0.813394 0.316118
1 -0.799266 -0.648184 0.318267
1 -0.756016 -0.728273 0.320242
1 -0.811454 -0.636768 0.313368
1 -0.79944 -0.644426 0.318358
7 -0.808677 -0.664597 0.313178
2 -0.894081 -0.337395 0.310177
5 -0.886272 -0.358746 0.312372
4 -0.841634 -0.510237 0.314259
1 -0.759862 -0.973352 0.31072
1 -0.811319 -0.895471 0.306522
1 -0.862089 -0.572954 0.303774
3 -0.882385 -0.554012 0.303443
2 -0.742566 -1.07274 0.312115
2 -0.78835 -0.746705 0.321414
1 -0.822609 -0.586655 0.316317
1 -0.760997 -0.822169 0.318738
1 -0.810656 -0.625094 0.313096
4 -0.844243 -0.652434 0.308877
7 -0.88533 -0.460008 0.305515
2 -0.95869 -0.106043 0.309896
2 -0.862399 -0.547032 0.312455
1 -0.82936 -0.725773 0.315637
6 -0.876875 -0.671588 0.30867
3 -0.805912 -0.86379 0.300749
1 -0.778999 -0.834701 0.321331
10 -0.881504 -0.350764 0.312854
6 -0.927565 -0.0686088 0.31543
3 -0.920451 -0.119362 0.320056
1 -0.901521 -0.084699 0.319276
1 -0.890835 -0.204731 0.317807
1 -0.764858 -0.820895 0.322482
1 -0.749728 -1.06046 0.315753
1 -0.777659 -0.927574 0.312607
1 -0.801444 -0.844126 0.300785
2 -0.889812 -0.434103 0.303781
4 -0.888701 -0.459587 0.300813
2 -0.850549 -0.363041 0.319632
2 -0.863045 -0.371094 0.316384
1 -0.898031 -0.333276 0.308421
1 -0.866795 -0.487377 0.306752
1 -0.870317 -0.403246 0.314886
5 -0.802489 -0.681781 0.313812
2 -0.790769 -0.83835 0.317336
1 -0.802987 -0.780975 0.31195
1 -0.817846 -0.711762 0.310379
4 -0.87788 -0.456175 0.313786
2 -0.886018 -0.421216 0.313397
11 -0.920475 -0.31241 0.307443
1 -0.88106 -0.410244 0.309255
2 -0.892074 -0.472641 0.30616
1 -0.880335 -0.506374 0.309134
7 -0.86361 -0.500354 0.309528
7 -0.764595 -0.882203 0.316327
1 -0.79452 -0.772871 0.316865
2 -0.73756 -1.05249 0.316583
3 -0.688878 -1.21412 0.316577
3 -0.901427 -0.385635 0.30796
1 -0.887782 -0.419521 0.313877
3 -0.867528 -0.384546 0.31063
3 -0.873149 -0.462904 0.305414
5 -0.886303 -0.421895 0.311464
2 -0.860825 -0.442231 0.317669
3 -0.835879 -0.608844 0.314832
2 -0.891669 -0.45563 0.310872
3 -0.858885 -0.388118 0.309781
1 -0.844359 -0.645928 0.31007
1 -0.859889 -0.554004 0.307521
1 -0.871057 -0.32886 0.317293
1 -0.779916 -0.901174 0.319954
1 -0.829141 -0.774945 0.311635
1 -0.883499 -0.543245 0.312204
1 -0.922045 -0.467881 0.299774
7 -0.926147 -0.453166 0.299488
7 -0.848363 -0.773413 0.305522
7 -0.847604 -0.561869 0.315233
3 -0.878335 -0.433829 0.312139
1 -0.873126 -0.477521 0.313932
1 -0.818925 -0.639483 0.312135
4 -0.795131 -0.707685 0.320059
4 -0.823812 -0.601077 0.320093
1 -0.770744 -0.865439 0.317132
1 -0.782462 -0.78861 0.316498
1 -0.912177 -0.517543 0.302268
2 -0.957224 -0.407821 0.299281
2 -0.847478 -0.666599 0.301173
1 -0.80415 -0.685477 0.309477
1 -0.800407 -0.897889 0.310232
2 -0.861216 -0.510937 0.315538
5 -0.818952 -0.588554 0.313751
1 -0.802121 -0.727651 0.310005
2 -0.809095 -0.64007 0.317408
16 -0.799099 -0.735477 0.309457
2 -0.81563 -0.622243 0.311408
3 -0.820183 -0.769061 0.30287
1 -0.85248 -0.668483 0.307052
2 -0.781815 -0.767204 0.315726
2 -0.867187 -0.419692 0.313362
1 -0.898114 -0.307463 0.309999
5 -0.873526 -0.561923 0.307959
2 -0.788103 -0.918344 0.315193
2 -0.882209 -0.524039 0.309845
3 -0.786246 -0.924368 0.310174
1 -0.853365 -0.336879 0.319109
1 -0.86657 -0.322584 0.321866
3 -0.774649 -0.914718 0.313519
1 -0.760098 -1.15069 0.316573
1 -0.798381 -0.846495 0.320857
2 -0.702901 -1.09023 0.322996
2 -0.812357 -0.67695 0.318731
2 -0.84195 -0.550981 0.312499
1 -0.823185 -0.56049 0.318468
3 -0.893469 -0.217414 0.314082
1 -0.923467 -0.0132341 0.317911
1 -1.0207 0.0698517 0.303447
1 -0.970615 -0.11962 0.310931
3 -0.774124 -0.816654 0.317384
1 -0.760126 -0.84591 0.317429
8 -0.819143 -0.737859 0.309279
1 -0.815744 -0.701137 0.310258
5 -0.828995 -0.691784 0.30755
1 -0.867501 -0.525304 0.304567
1 -0.850735 -0.531377 0.303341
1 -0.88003 -0.629129 0.307481
2 -0.8849 -0.512702 0.312582
5 -0.841185 -0.639874 0.313582
4 -0.932997 -0.339057 0.306231
2 -0.937025 -0.294023 0.307412
1 -0.949089 -0.265356 0.306823
1 -0.88278 -0.566165 0.304961
1 -0.937679 -0.286997 0.304437
4 -0.827367 -0.663677 0.313558
1 -0.863757 -0.577019 0.308342
6 -0.867795 -0.523341 0.310906
3 -0.857575 -0.635447 0.30417
4 -0.86445 -0.521611 0.308869
1 -0.805791 -0.706923 0.318126
2 -0.854894 -0.591504 0.307636
6 -0.842062 -0.561151 0.309214
7 -0.804905 -0.8001 0.307236
2 -0.829753 -0.75012 0.310003
3 -0.810071 -0.819455 0.309591
4 -0.79132 -0.824422 0.313155
1 -0.820654 -0.666107 0.313343
3 -0.866299 -0.547669 0.313449
2 -0.916223 -0.389466 0.307897
1 -0.853327 -0.467017 0.316975
1 -0.841239 -0.443354 0.320337
1 -0.771494 -0.76481 0.311573
2 -0.828333 -0.753342 0.300857
5 -0.887916 -0.505611 0.304333
2 -0.86461 -0.550292 0.304545
7 -0.789592 -0.86106 0.312216
4 -0.80599 -0.780485 0.308155
3 -0.784647 -0.759628 0.31065
5 -0.920249 -0.203994 0.306897
1 -0.88333 -0.354333 0.313042
2 -0.852605 -0.470513 0.314784
10 -0.945205 -0.167241 0.304295
1 -0.942335 -0.180832 0.308841
1 -0.931357 -0.326724 0.308026
3 -0.89087 -0.411272 0.30883
2 -0.884785 -0.427422 0.307191
2 -0.861078 -0.582417 0.308775
2 -0.858642 -0.642958 0.305535
6 -0.882321 -0.421202 0.308389
1 -0.814528 -0.661501 0.312391
2 -0.832433 -0.660642 0.308306
3 -0.877772 -0.432717 0.306813
2 -0.942583 -0.32862 0.299419
4 -0.894231 -0.514167 0.302671
1 -0.861382 -0.601555 0.304711
2 -0.832759 -0.73662 0.306948
14 -0.818056 -0.529004 0.313394
2 -0.816976 -0.792002 0.309492
4 -0.902946 -0.415014 0.305286
1 -0.896535 -0.479298 0.309513
6 -0.907839 -0.479266 0.303831
1 -0.897625 -0.422641 0.309099
1 -0.824935 -0.747864 0.310213
4 -0.770755 -0.953893 0.311902
5 -0.772318 -0.839908 0.311298
1 -0.742169 -0.90539 0.315543
4 -0.825273 -0.785717 0.315945
3 -0.819487 -0.746119 0.31107
5 -0.859128 -0.61901 0.304943
7 -0.824683 -0.728009 0.31013
1 -0.804819 -0.797097 0.310617
3 -0.811908 -0.838611 0.311285
3 -0.79105 -0.680747 0.320081
3 -0.799502 -0.674356 0.318273
1 -0.782586 -0.715956 0.314957
1 -0.752244 -0.840893 0.307628
1 -0.808944 -0.586162 0.311695
3 -0.856737 -0.51654 0.305516
2 -0.780583 -0.784489 0.309309
6 -0.760218 -0.832894 0.313097
1 -0.815979 -0.652046 0.30792
2 -0.825812 -0.60088 0.31053
7 -0.777384 -0.806866 0.312072
7 -0.832013 -0.570145 0.319159
7 -0.78995 -0.849849 0.308523
2 -0.783893 -0.6742 0.313763
3 -0.834625 -0.673359 0.308177
7 -0.82334 -0.727546 0.307873
5 -0.857112 -0.419873 0.306725
3 -0.932909 -0.150861 0.299507
2 -0.929287 -0.229216 0.298707
4 -0.962067 -0.233309 0.294937
3 -0.964719 -0.225879 0.296356
2 -0.903539 -0.51682 0.301778
4 -0.813867 -0.904615 0.307666
6 -0.881048 -0.487617 0.306505
4 -0.885843 -0.538405 0.30328
2 -0.922119 -0.486104 0.298976
1 -0.928801 -0.438707 0.301486
1 -0.861304 -0.48776 0.30644
3 -0.863888 -0.476208 0.306833
1 -0.870172 -0.448495 0.306618
1 -0.860733 -0.469005 0.310015
2 -0.848522 -0.587372 0.306246
3 -0.862661 -0.518854 0.31443
7 -0.748338 -0.95655 0.316684
4 -0.816638 -0.710682 0.312382
5 -0.80423 -0.652612 0.311976
1 -0.825204 -0.594031 0.311088
3 -0.822883 -0.59314 0.311824
2 -0.793378 -0.711581 0.315063
3 -0.808534 -0.647137 0.315142
3 -0.793874 -0.785433 0.312392
3 -0.783068 -0.753308 0.317596
4 -0.776407 -0.736047 0.31811
1 -0.804288 -0.685604 0.317248
4 -0.813652 -0.628481 0.313474
4 -0.891313 -0.522466 0.305213
2 -0.818487 -0.669819 0.319482
2 -0.862179 -0.583587 0.3101
5 -0.813367 -0.64244 0.319662
1 -0.781878 -0.749554 0.316656
7 -0.823778 -0.692728 0.311128
6 -0.827899 -0.54211 0.319656
8 -0.81959 -0.697839 0.310827
3 -0.887706 -0.436842 0.305292
3 -0.893239 -0.388704 0.306256
4 -0.930446 -0.191554 0.305549
2 -0.897218 -0.296699 0.307155
1 -0.84991 -0.709903 0.307254
1 -0.874466 -0.772126 0.306378
1 -0.883373 -0.598148 0.304661
3 -0.924126 -0.341163 0.30732
2 -0.888426 -0.45299 0.309684
1 -0.794637 -0.676164 0.312911
1 -0.737345 -0.876525 0.315917
1 -0.754908 -0.923498 0.315945
7 -0.800472 -0.689627 0.318327
1 -0.77798 -0.747429 0.323901
2 -0.780351 -0.816072 0.32067
2 -0.832103 -0.732922 0.31708
2 -0.763716 -0.956498 0.316181
1 -0.749221 -1.01447 0.319136
1 -0.87972 -0.426921 0.315689
2 -0.88383 -0.393443 0.31858
2 -0.905073 -0.32834 0.315841
1 -0.846352 -0.465666 0.317155
1 -0.969861 -0.119209 0.306305
3 -0.925431 -0.443266 0.304195
7 -0.843686 -0.59613 0.305255
1 -0.852017 -0.573805 0.304611
7 -0.832846 -0.553488 0.311558
2 -0.775294 -0.817375 0.31888
1 -0.834149 -0.717879 0.306828
1 -0.840503 -0.769559 0.306271
5 -0.947398 -0.321116 0.300556
2 -0.860047 -0.563686 0.31022
2 -0.869832 -0.551537 0.310526
2 -0.882084 -0.482423 0.308249
2 -0.809345 -0.690526 0.31551
3 -0.823801 -0.64241 0.312428
1 -0.849026 -0.631775 0.305321
12 -0.878311 -0.495696 0.30286
1 -0.859425 -0.519902 0.306394
5 -0.835273 -0.500699 0.314329
1 -0.840216 -0.463971 0.316108
1 -0.854895 -0.714531 0.305875
1 -0.912791 -0.555755 0.304293
2 -0.907675 -0.404324 0.302966
2 -0.824979 -0.615992 0.314597
4 -0.864608 -0.462948 0.311378
2 -0.85294 -0.60499 0.311606
4 -0.854011 -0.59364 0.311418
4 -0.792792 -0.809033 0.317878
2 -0.884063 -0.34766 0.315059
4 -0.856172 -0.44139 0.311999
5 -0.833599 -0.486314 0.312832
4 -0.810793 -0.542922 0.315075
2 -0.787396 -0.609476 0.313451
2 -0.827681 -0.519845 0.309595
1 -0.845303 -0.380328 0.312941
1 -0.734398 -0.813402 0.326101
2 -0.811557 -0.548759 0.325879
2 -0.741156 -0.794049 0.326298
1 -0.682263 -1.0301 0.329801
3 -0.82159 -0.651189 0.307155
1 -0.875049 -0.560335 0.307705
5 -0.744154 -0.87674 0.318417
1 -0.770844 -0.864675 0.310937
1 -0.784385 -0.797281 0.309336
2 -0.839166 -0.547849 0.310843
5 -0.779064 -0.708414 0.317622
8 -0.859143 -0.502868 0.3081
19 -0.894942 -0.465982 0.306942
2 -0.900501 -0.35756 0.30757
1 -0.921118 -0.444889 0.304079
2 -0.902036 -0.423373 0.304068
5 -0.804959 -0.715464 0.313998
1 -0.802654 -0.592984 0.31357
3 -0.861361 -0.386721 0.309809
1 -0.76019 -0.895668 0.316809
7 -0.780204 -0.840084 0.317383
2 -0.731898 -1.01385 0.318756
1 -0.818935 -0.593923 0.314229
1 -0.874241 -0.444539 0.310908
3 -0.837993 -0.477515 0.317854
1 -0.885298 -0.461786 0.312217
2 -0.841224 -0.603874 0.318928
6 -0.756195 -0.796429 0.315138
1 -0.803531 -0.60097 0.316077
1 -0.796377 -0.610234 0.317355
2 -0.82204 -0.513971 0.317839
1 -0.847527 -0.61352 0.312102
1 -0.755529 -0.844672 0.316581
2 -0.783094 -0.757464 0.313266
1 -0.843846 -0.714129 0.307811
5 -0.827165 -0.739669 0.312329
8 -0.77768 -0.821793 0.321906
2 -0.787088 -0.867988 0.319268
2 -0.918551 -0.392396 0.308942
4 -0.835099 -0.516035 0.318199
3 -0.841508 -0.554707 0.316843
10 -0.859685 -0.502919 0.314363
1 -0.809001 -0.685361 0.314373
2 -0.822605 -0.646621 0.3123
1 -0.801513 -0.829941 0.309992
4 -0.892052 -0.508213 0.308505
4 -0.913318 -0.36761 0.30509
1 -0.926283 -0.27211 0.3059
1 -0.975727 -0.138927 0.301738
6 -0.84423 -0.416818 0.312268
1 -0.780984 -0.754843 0.312613
9 -0.792892 -0.916548 0.311027
4 -0.827506 -0.587091 0.314307
6 -0.844455 -0.547171 0.311575
2 -0.839748 -0.575528 0.3112
1 -0.811472 -0.657552 0.312931
2 -0.837028 -0.478068 0.313596
3 -0.765766 -0.840853 0.311429
1 -0.832905 -0.494231 0.315433
3 -0.825069 -0.552983 0.321041
2 -0.846244 -0.582463 0.310233
1 -0.833352 -0.595045 0.310033
5 -0.891062 -0.333365 0.314003
1 -0.84739 -0.591754 0.31041
7 -0.905204 -0.40224 0.307725
1 -0.827655 -0.752276 0.312344
1 -0.893962 -0.371639 0.309638
5 -0.833742 -0.654222 0.303836
2 -0.781667 -0.849658 0.313446
3 -0.793666 -0.90168 0.317312
3 -0.786915 -0.827849 0.319935
1 -0.782663 -0.902552 0.313672
3 -0.776186 -0.934348 0.311786
1 -0.772797 -0.760557 0.323275
1 -0.808988 -0.681783 0.312708
2 -0.752528 -0.831104 0.314489
3 -0.866957 -0.485288 0.312198
7 -0.858733 -0.564664 0.308221
1 -0.856536 -0.539682 0.312528
1 -0.861975 -0.551819 0.317086
1 -0.858292 -0.540688 0.304142
3 -0.80279 -0.76701 0.308306
5 -0.861929 -0.681391 0.303881
2 -0.942414 -0.384858 0.300469
1 -0.911347 -0.358219 0.307979
6 -0.80736 -0.756476 0.314026
3 -0.821263 -0.669017 0.313804
2 -0.786076 -0.77409 0.314097
1 -0.72678 -0.946965 0.318218
1 -0.729769 -0.89466 0.318558
2 -0.736627 -0.851915 0.321329
12 -0.834091 -0.572199 0.317555
4 -0.765478 -0.743489 0.320545
2 -0.758957 -0.79832 0.321044
1 -0.908025 -0.235569 0.3134
1 -0.837172 -0.569754 0.317691
1 -0.840707 -0.501131 0.322547
2 -0.875173 -0.51315 0.316624
1 -0.8908 -0.507399 0.310965
5 -0.82632 -0.648898 0.311362
4 -0.769337 -1.00767 0.306324
1 -0.768868 -0.978021 0.305605
15 -0.765494 -0.91242 0.312641
2 -0.73654 -1.03476 0.31482
4 -0.829668 -0.670618 0.311562
2 -0.857631 -0.554984 0.310873
3 -0.874277 -0.514425 0.309055
3 -0.809682 -0.634976 0.315806
2 -0.82179 -0.57352 0.320399
2 -0.856416 -0.521214 0.311635
4 -0.806217 -0.579021 0.319042
1 -0.851181 -0.399833 0.318041
3 -0.929878 -0.174274 0.307814
2 -0.942427 -0.206171 0.304155
3 -0.935007 -0.270628 0.30278
12 -0.931262 -0.200334 0.307069
2 -0.889186 -0.292047 0.312143
4 -0.803581 -0.661968 0.31451
2 -0.717599 -1.04159 0.321677
3 -0.759337 -0.780328 0.320417
5 -0.880601 -0.345332 0.320798
2 -0.801401 -0.636704 0.324755
3 -0.826557 -0.563726 0.318423
1 -0.742499 -0.831681 0.321857
5 -0.769756 -0.946165 0.314084
3 -0.744133 -0.990366 0.309907
8 -0.723098 -0.904123 0.322349
1 -0.855518 -0.522411 0.317153
7 -0.966648 -0.0478033 0.310338
4 -0.839802 -0.446672 0.31749
2 -0.91177 -0.289168 0.310165
3 -0.965156 -0.283128 0.300985
7 -0.866164 -0.689128 0.299742
9 -0.802033 -0.839311 0.308189
1 -0.866844 -0.679627 0.308131
1 -0.83608 -0.639783 0.315738
3 -0.821513 -0.644263 0.31678
1 -0.836828 -0.572925 0.31459
6 -0.835108 -0.598531 0.319332
9 -0.940543 -0.20242 0.3127
2 -0.87474 -0.480648 0.313212
1 -0.852909 -0.565381 0.314895
6 -0.819066 -0.789895 0.313703
2 -0.795949 -0.786386 0.31473
4 -0.867663 -0.448448 0.311145
2 -0.901395 -0.545298 0.306446
9 -0.883789 -0.495447 0.309247
6 -0.804593 -0.742982 0.312574
1 -0.83721 -0.577093 0.311018
1 -0.755503 -0.952858 0.308103
1 -0.803147 -0.882613 0.306462
1 -0.895988 -0.465569 0.308137
4 -0.917337 -0.444529 0.305219
3 -0.831585 -0.810257 0.312946
1 -0.826304 -0.816085 0.314241
4 -0.894925 -0.587342 0.309749
1 -0.907373 -0.571699 0.303906
1 -0.804241 -0.821306 0.308235
1 -0.850503 -0.616654 0.307815
2 -0.855059 -0.600703 0.307417
1 -0.885292 -0.513188 0.307219
4 -0.88672 -0.456759 0.306139
3 -0.873031 -0.427818 0.306598
5 -0.907563 -0.444158 0.300312
3 -0.847328 -0.538242 0.314311
4 -0.889076 -0.533333 0.308402
2 -0.920951 -0.406957 0.307302
2 -0.85103 -0.545023 0.310276
1 -0.831761 -0.536936 0.314761
2 -0.794132 -0.753518 0.314168
8 -0.828014 -0.483547 0.317457
1 -0.899964 -0.265614 0.309636
1 -0.898712 -0.200589 0.316413
4 -0.917787 -0.240734 0.307795
1 -0.916538 -0.223706 0.304519
1 -0.871655 -0.449026 0.313207
6 -0.907948 -0.325086 0.312661
2 -0.833016 -0.754016 0.305774
7 -0.779702 -0.786081 0.315729
1 -0.768738 -0.670491 0.321598
3 -0.835095 -0.479959 0.316535
5 -0.884555 -0.291222 0.313744
4 -0.89573 -0.337834 0.308263
7 -0.887369 -0.308191 0.315748
1 -0.890146 -0.299011 0.31549
2 -0.818782 -0.652236 0.312744
2 -0.802637 -0.745592 0.314611
4 -0.882652 -0.470302 0.314497
1 -0.914433 -0.307377 0.310186
2 -0.877668 -0.445663 0.311563
6 -0.812439 -0.719247 0.316931
8 -0.830319 -0.638828 0.314637
1 -0.832559 -0.847318 0.305918
1 -0.86981 -0.551132 0.301698
3 -0.791774 -0.854581 0.309953
2 -0.799503 -0.732626 0.311806
1 -0.921458 -0.367317 0.30367
2 -0.928823 -0.425052 0.302536
4 -0.877139 -0.510437 0.312129
2 -0.836204 -0.671116 0.312123
4 -0.928409 -0.410265 0.302162
1 -0.982287 -0.226673 0.300977
5 -1.02905 -0.0821871 0.296677
1 -0.953556 -0.244924 0.298509
14 -0.889912 -0.607205 0.303209
1 -0.869036 -0.642617 0.304477
7 -0.793232 -0.743261 0.315369
1 -0.825411 -0.572553 0.316159
10 -0.846989 -0.499972 0.316575
2 -0.825911 -0.611429 0.316862
1 -0.744698 -0.886078 0.321799
5 -0.785981 -0.772257 0.316717
1 -0.775206 -0.858254 0.315781
2 -0.800834 -0.747652 0.308249
1 -0.846636 -0.581159 0.304659
1 -0.771936 -0.967319 0.307666
3 -0.782074 -0.929816 0.31087
1 -0.763101 -1.06945 0.30781
3 -0.772811 -1.03049 0.308858
3 -0.721801 -1.20528 0.314296
1 -0.738182 -1.04252 0.314795
6 -0.709932 -1.25009 0.314161
7 -0.71107 -1.25955 0.311951
3 -0.80502 -0.90398 0.313587
5 -0.884229 -0.624214 0.300708
2 -0.93589 -0.304032 0.303625
2 -0.95819 -0.309728 0.300119
1 -0.893783 -0.621268 0.298647
4 -0.894308 -0.472998 0.299595
7 -0.865146 -0.556336 0.305868
4 -0.853455 -0.714163 0.312039
2 -0.869724 -0.677217 0.309366
8 -0.862899 -0.692953 0.307999
2 -0.840638 -0.783026 0.307447
8 -0.900782 -0.453008 0.308197
3 -0.840379 -0.459507 0.311687
1 -0.845956 -0.387651 0.311201
1 -0.819973 -0.631344 0.317141
1 -0.85137 -0.608787 0.312727
6 -0.840868 -0.664255 0.314286
2 -0.854367 -0.612152 0.314656
7 -0.851893 -0.586237 0.31509
2 -0.845745 -0.575982 0.312652
1 -0.844805 -0.613299 0.309916
2 -0.831009 -0.627499 0.310291
3 -0.795347 -0.682844 0.317418
4 -0.886255 -0.401707 0.308524
1 -0.923575 -0.245515 0.312886
2 -0.882023 -0.340344 0.313716
4 -0.871707 -0.353427 0.315277
1 -0.775768 -0.785078 0.311566
3 -0.822554 -0.630588 0.308072
1 -0.74166 -0.890348 0.31597
4 -0.808907 -0.637 0.313384
1 -0.760575 -0.87176 0.311852
1 -0.801077 -0.808384 0.304483
3 -0.76917 -1.0605 0.303673
1 -0.816858 -0.67838 0.312756
2 -0.79793 -0.659762 0.319779
1 -0.79227 -0.75311 0.317049
1 -0.849926 -0.677097 0.310936
3 -0.830247 -0.712576 0.312838
2 -0.878666 -0.605207 0.314815
2 -0.929706 -0.296505 0.30694
2 -0.830806 -0.613137 0.31263
3 -0.836878 -0.799909 0.302544
1 -0.866595 -0.635766 0.304824
4 -0.849925 -0.743526 0.308162
2 -0.901076 -0.388308 0.307605
5 -0.805957 -0.72979 0.315381
3 -0.871582 -0.391969 0.310052
4 -0.912891 -0.343119 0.308293
1 -0.95899 -0.16022 0.303002
1 -0.960577 -0.146428 0.301277
1 -0.940443 -0.174595 0.308373
1 -0.831203 -0.524556 0.313274
1 -0.82482 -0.696108 0.310003
1 -0.820985 -0.526283 0.313719
1 -0.843133 -0.378607 0.319117
1 -0.875502 -0.666816 0.302127
2 -0.809118 -0.77693 0.304658
6 -0.818879 -0.755082 0.302925
4 -0.787433 -0.90529 0.307858
4 -0.859861 -0.58606 0.30249
7 -0.843363 -0.721693 0.305196
2 -0.824126 -0.819741 0.307695
5 -0.813874 -0.708655 0.314082
1 -0.818252 -0.715078 0.313753
1 -0.78365 -0.903027 0.316758
2 -0.848517 -0.704621 0.304964
6 -0.864554 -0.491522 0.302665
3 -0.913067 -0.271361 0.306871
2 -0.817639 -0.912471 0.301985
2 -0.863666 -0.707552 0.299382
15 -0.948549 -0.269551 0.297589
3 -0.839386 -0.623552 0.308507
2 -0.839446 -0.743061 0.307882
3 -0.882837 -0.565061 0.306692
2 -0.882088 -0.408152 0.313243
4 -0.875965 -0.385534 0.315507
1 -0.883777 -0.406823 0.30621
2 -0.870965 -0.511072 0.304083
2 -0.889062 -0.684567 0.298473
1 -0.860537 -0.795686 0.304511
2 -0.923621 -0.420768 0.306537
2 -0.911488 -0.467412 0.309209
3 -0.916644 -0.465615 0.308231
1 -0.812755 -0.705191 0.309757
3 -0.733476 -0.879613 0.320756
1 -0.766979 -0.785416 0.320041
1 -0.828753 -0.656003 0.312896
1 -0.786943 -0.796253 0.315065
1 -0.871065 -0.631359 0.310435
1 -0.907299 -0.412522 0.315996
1 -0.900968 -0.312472 0.318685
5 -0.879791 -0.36593 0.31901
1 -0.905306 -0.306276 0.311724
3 -0.943607 -0.235816 0.305698
2 -0.84239 -0.631373 0.305886
2 -0.829187 -0.586155 0.315707
3 -0.863684 -0.481763 0.312456
2 -0.847817 -0.570205 0.31445
1 -0.836267 -0.611908 0.314475
2 -0.831552 -0.685766 0.315415
1 -0.856335 -0.571582 0.310945
2 -0.803033 -0.751935 0.312338
3 -0.8721 -0.574822 0.3061
3 -0.939935 -0.276221 0.304385
1 -0.828508 -0.654765 0.313975
7 -0.778575 -0.723707 0.310722
1 -0.741344 -0.846149 0.315454
7 -0.803854 -0.629978 0.318403
3 -0.901265 -0.311582 0.304911
1 -0.86721 -0.436161 0.310828
4 -0.893373 -0.488485 0.308337
4 -0.835078 -0.70152 0.316635
2 -0.854233 -0.628288 0.312364
1 -0.875463 -0.449154 0.312612
4 -0.831603 -0.589128 0.316049
4 -0.869521 -0.595782 0.306453
3 -0.779873 -0.830882 0.316663
3 -0.8713 -0.578094 0.303656
2 -0.771817 -0.730101 0.317136
2 -0.828042 -0.652931 0.314533
2 -0.786713 -0.720023 0.317648
6 -0.773778 -0.610886 0.323023
6 -0.818986 -0.556114 0.317655
1 -0.791875 -0.602975 0.319306
5 -0.768215 -0.752654 0.318524
1 -0.787597 -0.739399 0.316191
1 -0.816395 -0.52187 0.317068
1 -0.834171 -0.429067 0.314518
4 -0.736496 -0.924367 0.316628
3 -0.776371 -0.837554 0.314645
1 -0.73562 -1.09921 0.317495
4 -0.823813 -0.787216 0.312766
1 -0.865953 -0.592354 0.308075
2 -0.903338 -0.449403 0.307574
8 -0.841481 -0.621135 0.310983
1 -0.824983 -0.704663 0.310545
3 -0.819082 -0.601767 0.31583
4 -0.868864 -0.505065 0.312179
3 -0.926117 -0.33284 0.301298
5 -0.859216 -0.545614 0.312856
2 -0.868847 -0.585748 0.312197
1 -0.88242 -0.588706 0.309652
3 -0.846897 -0.566877 0.307923
1 -0.837656 -0.598273 0.309988
1 -0.840847 -0.568198 0.307768
4 -0.682866 -1.2424 0.318792
5 -0.909165 -0.52758 0.295685
1 -0.98303 -0.190022 0.292363
3 -1.03749 0.0907366 0.294736
5 -1.04133 -0.0235158 0.292591
4 -0.97567 -0.33954 0.29979
5 -0.824818 -0.85481 0.312803
5 -0.783546 -0.784059 0.310531
4 -0.843113 -0.599956 0.305042
2 -0.837377 -0.741323 0.298871
3 -0.792388 -0.895705 0.302756
1 -0.867794 -0.657416 0.30679
5 -0.858273 -0.589438 0.307813
1 -0.786976 -0.777927 0.316441
1 -0.88631 -0.413543 0.315131
6 -0.893925 -0.450268 0.312432
1 -0.888376 -0.49971 0.311138
1 -0.887006 -0.531319 0.30779
1 -0.846955 -0.443164 0.317267
1 -0.835203 -0.636234 0.307797
12 -0.893687 -0.342184 0.313622
3 -0.856339 -0.551652 0.31427
2 -0.794958 -0.989199 0.3036
2 -0.761001 -0.992785 0.309671
1 -0.714641 -1.04749 0.319763
1 -0.722582 -0.946823 0.324794
2 -0.656416 -1.2122 0.325692
1 -0.688571 -1.11578 0.319885
1 -0.826145 -0.479103 0.313355
3 -0.832445 -0.582886 0.315452
2 -0.771064 -0.70704 0.318238
1 -0.808198 -0.589216 0.313066
4 -0.832845 -0.493174 0.313232
4 -0.808428 -0.680042 0.315068
3 -0.789064 -0.682802 0.319457
7 -0.815808 -0.641338 0.312837
5 -0.818236 -0.630165 0.312572
1 -0.817174 -0.691773 0.305372
1 -0.759906 -1.00394 0.311354
2 -0.821238 -0.691398 0.311951
3 -0.820535 -0.704061 0.313349
2 -0.8947 -0.468595 0.308363
1 -0.888102 -0.482308 0.309039
10 -0.867757 -0.472612 0.313669
2 -0.804839 -0.801916 0.311789
1 -0.82899 -0.738175 0.306794
2 -0.824355 -0.687867 0.310772
3 -0.812338 -0.65182 0.313239
2 -0.809722 -0.539372 0.313976
1 -0.827566 -0.548013 0.31048
1 -0.859874 -0.505395 0.307446
2 -0.732383 -1.09501 0.316301
5 -0.722469 -1.18976 0.312403
5 -0.600501 -1.48683 0.324227
1 -0.804098 -0.799624 0.308397
6 -0.824468 -0.763073 0.30747
1 -0.743959 -0.858131 0.325842
3 -0.672809 -1.20381 0.321457
4 -0.757672 -0.925505 0.319237
2 -0.756945 -0.860739 0.321936
1 -0.816865 -0.58973 0.319562
4 -0.803624 -0.719302 0.311628
1 -0.813411 -0.689699 0.311558
2 -0.802408 -0.956978 0.306596
1 -0.811628 -0.842586 0.305664
2 -0.831299 -0.776273 0.304859
1 -0.772747 -0.856309 0.313348
1 -0.770647 -0.881571 0.317346
3 -0.771134 -0.798199 0.319843
4 -0.851919 -0.517762 0.316878
1 -0.821562 -0.613801 0.313862
1 -0.939009 -0.326989 0.301961
2 -0.936936 -0.341521 0.301968
7 -0.803379 -0.721255 0.312136
1 -0.910125 -0.341324 0.30543
1 -0.907872 -0.341369 0.305108
7 -0.873484 -0.597565 0.309043
1 -0.808444 -0.699587 0.318976
6 -0.831613 -0.586505 0.317586
4 -0.851902 -0.509629 0.311144
2 -0.902418 -0.36367 0.30583
2 -0.877247 -0.275989 0.308776
3 -0.75431 -0.901179 0.314478
2 -0.828517 -0.712884 0.307533
1 -0.858874 -0.560286 0.311914
2 -0.855242 -0.573157 0.309876
4 -0.868463 -0.487547 0.312019
3 -0.892131 -0.327464 0.311979
3 -0.887982 -0.404781 0.307464
2 -0.876417 -0.599101 0.302936
6 -0.741733 -1.01799 0.312809
6 -0.805157 -0.703442 0.309901
3 -0.806426 -0.65812 0.310802
3 -0.786425 -0.637418 0.316395
3 -0.777146 -0.666679 0.321057
1 -0.846576 -0.521933 0.312692
3 -0.845614 -0.393398 0.31859
6 -0.794828 -0.748996 0.314869
8 -0.767207 -0.827524 0.317384
1 -0.80261 -0.657251 0.314476
1 -0.837279 -0.608208 0.313988
1 -0.840869 -0.514299 0.310685
1 -0.789544 -0.806027 0.313458
1 -0.803518 -0.73162 0.31271
4 -0.79842 -0.756651 0.307755
1 -0.86135 -0.500422 0.308863
3 -0.816982 -0.644122 0.304898
2 -0.800885 -0.750374 0.304213
2 -0.793868 -0.830632 0.305025
1 -0.761587 -0.942081 0.309449
1 -0.79054 -0.909615 0.308909
2 -0.777204 -0.973489 0.310838
2 -0.799667 -0.825255 0.309834
6 -0.818815 -0.621152 0.313774
6 -0.726862 -0.878974 0.324419
10 -0.8269 -0.47904 0.323023
1 -0.854918 -0.671842 0.306586
1 -0.88263 -0.539937 0.303888
5 -0.879555 -0.568457 0.306446
5 -0.875907 -0.579336 0.306642
2 -0.913102 -0.417552 0.306992
1 -0.89223 -0.432936 0.310438
2 -0.700642 -1.11733 0.322066
3 -0.725443 -0.894173 0.32546
2 -0.76501 -0.847449 0.318909
7 -0.879102 -0.446444 0.310118
1 -0.777774 -0.69171 0.311376
1 -0.854245 -0.480435 0.303636
1 -0.903621 -0.281984 0.309553
1 -0.853288 -0.552819 0.310099
1 -0.777616 -0.788274 0.314866
2 -0.810434 -0.786092 0.307544
3 -0.840337 -0.760623 0.300674
2 -0.810346 -0.821946 0.304776
2 -0.888865 -0.577589 0.303849
2 -0.959737 -0.23709 0.297327
1 -0.900604 -0.465803 0.297605
1 -0.852532 -0.621224 0.301
1 -0.82937 -0.765001 0.302977
2 -0.810672 -0.728962 0.306457
2 -0.801079 -0.705932 0.310509
2 -0.862078 -0.496743 0.308806
5 -0.813438 -0.72321 0.315323
1 -0.814025 -0.699629 0.315397
7 -0.828412 -0.567747 0.319311
1 -0.824185 -0.596314 0.313579
2 -0.834797 -0.672794 0.30869
1 -0.854281 -0.604665 0.309357
5 -0.893043 -0.437403 0.307945
5 -0.865688 -0.553999 0.308928
4 -0.87368 -0.43942 0.308779
2 -0.855798 -0.485816 0.309398
4 -0.888824 -0.272217 0.310117
3 -0.857527 -0.459803 0.309384
1 -0.857527 -0.459803 0.309384
2 -0.795721 -0.814661 0.314295
5 -0.705876 -1.21463 0.313394
1 -0.691096 -1.13215 0.316666
5 -0.803552 -0.884551 0.307888
1 -0.783138 -0.86929 0.315351
3 -0.817521 -0.706924 0.31792
15 -0.853316 -0.601557 0.313926
2 -0.786132 -0.671983 0.315017
1 -0.865187 -0.402595 0.316429
1 -0.824897 -0.5862 0.319415
1 -0.837414 -0.512697 0.321568
1 -0.831641 -0.706217 0.306589
5 -0.936145 -0.37799 0.30064
4 -0.831905 -0.640085 0.311737
2 -0.839631 -0.563969 0.314166
2 -0.874866 -0.562498 0.308675
2 -0.868851 -0.484631 0.310896
2 -0.859675 -0.601884 0.309345
4 -0.863743 -0.628504 0.306211
1 -0.835996 -0.656208 0.307818
1 -0.820687 -0.682157 0.316707
11 -0.824226 -0.647836 0.309449
1 -0.786308 -0.64226 0.318858
8 -0.790174 -0.692836 0.316254
7 -0.883145 -0.417603 0.310122
1 -0.853574 -0.714848 0.30431
7 -0.839696 -0.625046 0.312743
3 -0.878079 -0.341171 0.318017
5 -0.798372 -0.668033 0.326256
5 -0.927909 -0.270896 0.314483
1 -0.929376 -0.264836 0.31329
8 -0.855848 -0.566452 0.313173
2 -0.839333 -0.655215 0.313562
2 -0.829027 -0.644844 0.315353
2 -0.830832 -0.660054 0.31639
1 -0.876858 -0.55783 0.3063
2 -0.854462 -0.483242 0.319569
4 -0.732861 -1.07053 0.320903
4 -0.822127 -0.652278 0.314032
4 -0.778853 -0.789684 0.314766
8 -0.8459 -0.530467 0.311373
1 -0.79217 -0.783329 0.310362
2 -0.852234 -0.542433 0.307394
1 -0.830267 -0.597994 0.308528
1 -0.857077 -0.609076 0.30504
2 -0.853149 -0.578987 0.306694
3 -0.753013 -0.939678 0.31667
2 -0.758274 -0.931653 0.316046
2 -0.769135 -0.874338 0.319169
4 -0.934114 -0.207463 0.311332
5 -0.929179 -0.143688 0.314173
1 -0.948153 -0.0976696 0.314119
1 -0.919374 -0.28346 0.313319
1 -0.919944 -0.275262 0.315805
5 -0.934865 -0.261006 0.310567
3 -0.863617 -0.649052 0.31299
4 -0.869537 -0.627123 0.313309
1 -0.81013 -0.653462 0.314749
1 -0.756984 -0.919397 0.312989
2 -0.832654 -0.586206 0.313233
1 -0.751232 -0.918424 0.316161
2 -0.840019 -0.586308 0.316174
1 -0.897586 -0.490771 0.304137
9 -0.892674 -0.32615 0.310087
2 -0.814964 -0.605876 0.312135
6 -0.845885 -0.690549 0.3118
1 -0.867975 -0.610613 0.303205
2 -0.900307 -0.451616 0.30638
2 -0.790318 -0.795005 0.312836
7 -0.800072 -0.792456 0.311928
5 -0.816965 -0.707842 0.313081
1 -0.830632 -0.632516 0.309189
2 -0.866737 -0.519059 0.306254
4 -0.869112 -0.478156 0.309022
11 -0.757873 -0.864396 0.312956
2 -0.863524 -0.660057 0.3051
1 -0.848904 -0.514869 0.3095
1 -0.902175 -0.339923 0.306554
2 -0.915787 -0.30465 0.305029
2 -0.931649 -0.319516 0.305135
2 -0.770613 -0.868717 0.316133
6 -0.925431 -0.409096 0.299262
5 -0.896154 -0.473743 0.300164
3 -0.879885 -0.619985 0.299028
1 -0.833469 -0.6995 0.311113
1 -0.876058 -0.44971 0.311806
3 -0.844424 -0.52659 0.315904
2 -0.828194 -0.734629 0.311667
2 -0.808577 -0.795727 0.314699
1 -0.830026 -0.64353 0.314462
2 -0.85603 -0.444487 0.314448
1 -0.900092 -0.427705 0.305588
3 -0.830301 -0.659077 0.310539
3 -0.876368 -0.418796 0.308346
1 -0.729644 -0.834117 0.318437
5 -0.742952 -0.921319 0.31466
2 -0.767716 -0.87056 0.313632
1 -0.758529 -0.839514 0.314494
3 -0.867397 -0.622365 0.306559
1 -0.867865 -0.581018 0.309226
1 -0.863352 -0.555497 0.312383
2 -0.77082 -0.857435 0.316296
1 -0.760364 -0.958951 0.319834
1 -0.810088 -0.710049 0.316577
3 -0.806031 -0.694622 0.315907
5 -0.808526 -0.741299 0.311718
4 -0.801746 -0.744203 0.314981
2 -0.916676 -0.245273 0.315254
3 -0.915228 -0.320471 0.308422
2 -0.782653 -0.848735 0.307606
3 -0.783987 -0.811814 0.309783
3 -0.787921 -0.806525 0.311343
2 -0.88679 -0.465246 0.303291
1 -0.87482 -0.579013 0.304323
1 -0.923115 -0.410127 0.304481
1 -0.878587 -0.596976 0.305674
1 -0.811824 -0.73465 0.311053
4 -0.856563 -0.59949 0.306112
1 -0.849667 -0.624229 0.30827
13 -0.825484 -0.746445 0.310221
1 -0.824895 -0.756249 0.309448
3 -0.819118 -0.709931 0.312896
2 -0.823618 -0.688038 0.311013
4 -0.828687 -0.567166 0.313183
2 -0.867353 -0.419952 0.312547
2 -0.900771 -0.338618 0.315217
2 -0.928811 -0.352255 0.300766
12 -0.908968 -0.380994 0.3028
1 -0.857418 -0.626425 0.304427
7 -0.938527 -0.396236 0.303025
5 -0.962535 -0.293696 0.300588
3 -0.909233 -0.357729 0.308226
3 -0.846068 -0.694668 0.307671
7 -0.861303 -0.624908 0.306289
5 -0.836491 -0.679928 0.305979
5 -0.86681 -0.475122 0.310617
1 -0.842685 -0.507945 0.314026
1 -0.815433 -0.643373 0.31405
3 -0.858525 -0.481963 0.308422
8 -0.862945 -0.502834 0.309149
4 -0.882602 -0.468085 0.307881
3 -0.7808 -0.756433 0.314368
3 -0.817947 -0.714219 0.308555
2 -0.845794 -0.557851 0.310412
1 -0.828556 -0.635333 0.313427
2 -0.83782 -0.639472 0.311977
2 -0.86157 -0.639457 0.307854
5 -0.902828 -0.355145 0.313375
1 -0.822534 -0.585982 0.316646
1 -0.880807 -0.322046 0.311336
1 -0.879169 -0.434727 0.309703
1 -0.89358 -0.344219 0.310605
2 -0.849583 -0.450906 0.314738
5 -0.890106 -0.39124 0.313158
1 -0.783033 -0.818903 0.31229
2 -0.858102 -0.612508 0.302443
2 -0.879119 -0.382289 0.306902
3 -0.822715 -0.601595 0.307923
1 -0.800057 -0.645147 0.314014
1 -0.768998 -0.757832 0.315527
3 -0.75355 -0.921214 0.318154
1 -0.895288 -0.483993 0.306624
1 -0.861415 -0.659955 0.305964
3 -0.928922 -0.370024 0.301614
1 -0.831742 -0.609527 0.314704
6 -0.837461 -0.696873 0.312694
1 -0.743391 -1.011 0.313762
1 -0.76961 -0.903431 0.320963
2 -0.774371 -0.824156 0.319767
6 -0.741723 -1.01503 0.318551
2 -0.771003 -0.951873 0.317233
3 -0.69006 -1.15874 0.326143
4 -0.710758 -1.10869 0.323034
2 -0.735947 -0.850056 0.327798
1 -0.723557 -0.828945 0.330357
1 -0.723631 -0.869513 0.329737
2 -0.759026 -0.765517 0.326887
12 -0.794276 -0.53116 0.320197
2 -0.840845 -0.580092 0.313151
2 -0.816889 -0.608741 0.319018
1 -0.929147 -0.30634 0.301343
3 -0.868726 -0.413297 0.306625
3 -0.850499 -0.434988 0.312179
1 -0.771754 -0.712939 0.31705
1 -0.845337 -0.652054 0.313684
2 -0.782646 -0.817442 0.320752
1 -0.787126 -0.765109 0.316104
3 -0.887114 -0.454727 0.303292
1 -0.762686 -0.965122 0.312564
2 -0.801365 -0.708454 0.308402
4 -0.829707 -0.624657 0.304345
1 -0.875127 -0.424695 0.312073
1 -0.934434 -0.303492 0.304183
1 -0.8876 -0.52739 0.306316
1 -0.870044 -0.548836 0.308195
1 -0.817726 -0.663364 0.314356
3 -0.828801 -0.455968 0.315083
1 -0.830772 -0.67862 0.303937
3 -0.919428 -0.367182 0.302801
7 -0.787279 -0.814621 0.312193
2 -0.857214 -0.402484 0.316059
1 -0.874642 -0.289861 0.317288
2 -0.812132 -0.577228 0.312454
3 -0.901765 -0.370608 0.307925
1 -0.868231 -0.591999 0.30725
2 -0.897748 -0.39094 0.311015
1 -0.764408 -0.840745 0.315571
1 -0.812635 -0.667862 0.315659
5 -0.796803 -0.697872 0.315444
2 -0.814184 -0.687623 0.312803
1 -0.713579 -1.04731 0.323805
2 -0.686751 -1.09401 0.322467
4 -0.771714 -0.875663 0.314161
6 -0.766458 -0.847306 0.316079
8 -0.848908 -0.6313 0.306781
1 -0.795926 -0.955056 0.312175
3 -0.836265 -0.781889 0.307115
12 -0.871825 -0.621659 0.307385
1 -0.820845 -0.67712 0.310695
9 -0.832528 -0.618671 0.309155
1 -0.866217 -0.561665 0.306291
2 -0.871969 -0.535433 0.307312
6 -0.792794 -0.884463 0.311739
2 -0.797582 -0.962864 0.309293
1 -0.840374 -0.797575 0.302352
1 -0.769833 -0.790746 0.313281
8 -0.782535 -0.900751 0.310742
3 -0.886788 -0.605469 0.298163
7 -0.951722 -0.270748 0.303033
1 -0.907277 -0.423254 0.309152
3 -0.872217 -0.572552 0.307274
4 -0.810808 -0.723178 0.311668
2 -0.768233 -0.879913 0.313229
1 -0.762688 -0.922948 0.310532
2 -0.77754 -0.88737 0.308976
3 -0.807838 -0.682798 0.316585
2 -0.764256 -0.844091 0.321155
6 -0.864378 -0.814027 0.303544
7 -0.877482 -0.777309 0.303678
6 -0.852028 -0.848134 0.300942
6 -0.893705 -0.413119 0.305401
2 -0.815123 -0.791905 0.309588
3 -0.865708 -0.750169 0.301131
1 -0.85178 -0.710948 0.305834
5 -0.863298 -0.607213 0.311468
1 -0.926676 -0.342559 0.302895
3 -0.906195 -0.43308 0.300221
1 -0.861909 -0.602433 0.301998
5 -0.895104 -0.482202 0.304717
9 -0.838641 -0.634996 0.309431
2 -0.888836 -0.364445 0.312296
11 -0.892236 -0.373911 0.305425
2 -0.864863 -0.456161 0.30848
4 -0.838823 -0.530873 0.315744
2 -0.826326 -0.563842 0.311412
1 -0.809512 -0.701413 0.310525
1 -0.812957 -0.645339 0.315515
4 -0.798809 -0.719012 0.315853
5 -0.8081 -0.832797 0.300786
3 -0.884811 -0.438229 0.304266
4 -0.903187 -0.408127 0.304
2 -0.90474 -0.421352 0.306634
1 -0.931057 -0.307334 0.305487
4 -0.852279 -0.520567 0.306781
3 -0.908065 -0.33648 0.306237
2 -0.923268 -0.322773 0.307205
4 -0.907772 -0.419698 0.308257
1 -0.806248 -0.731808 0.31107
2 -0.841034 -0.597409 0.308526
6 -0.784127 -0.779567 0.312947
1 -0.891933 -0.302138 0.315418
8 -0.860672 -0.407517 0.31599
1 -0.884456 -0.602895 0.298252
1 -0.727369 -1.01562 0.318091
3 -0.949262 -0.283966 0.304689
2 -0.955548 -0.252027 0.303995
7 -0.872598 -0.560477 0.306978
3 -0.792504 -0.708446 0.314815
4 -0.849425 -0.646232 0.302991
3 -0.810088 -0.736701 0.307414
4 -0.886045 -0.680231 0.296998
1 -0.937046 -0.462447 0.296548
2 -0.852865 -0.779185 0.30204
2 -0.85387 -0.728736 0.294405
3 -0.805594 -0.920123 0.303643
3 -0.792702 -0.869993 0.319399
1 -0.830746 -0.79413 0.311778
1 -0.82074 -0.786626 0.307893
3 -0.80276 -0.853395 0.313368
1 -0.936304 -0.446442 0.303604
1 -0.819586 -0.90103 0.303007
1 -0.800052 -0.958134 0.303341
3 -0.864296 -0.624612 0.301188
3 -0.810353 -0.890074 0.305897
1 -0.79214 -0.920709 0.308064
1 -0.767098 -1.03421 0.307961
1 -0.786709 -0.978451 0.305936
1 -0.862011 -0.421862 0.312077
7 -0.858339 -0.471008 0.308693
5 -0.887244 -0.488496 0.305998
2 -0.876704 -0.494588 0.303968
3 -0.856549 -0.578391 0.302947
1 -0.89216 -0.398736 0.303945
3 -0.907902 -0.434974 0.302508
2 -0.903762 -0.419696 0.304394
8 -0.743496 -1.02047 0.314691
1 -0.751152 -1.00397 0.312651
6 -0.770061 -0.894661 0.313694
5 -0.857801 -0.597525 0.305455
16 -0.905788 -0.360602 0.30885
1 -0.914245 -0.320765 0.307476
1 -0.848591 -0.558136 0.313979
1 -0.793017 -0.849554 0.312653
1 -0.88248 -0.546538 0.303014
1 -0.896832 -0.54111 0.304245
1 -0.811836 -0.753765 0.308359
3 -0.737014 -1.0369 0.307613
2 -0.779039 -0.914512 0.30508
2 -0.845542 -0.753422 0.30525
5 -0.870415 -0.780319 0.30836
3 -0.82348 -0.73269 0.317326
1 -0.868096 -0.423217 0.313108
1 -0.747213 -0.762896 0.323175
2 -0.824629 -0.590139 0.31537
2 -0.79637 -0.721734 0.313493
1 -0.828518 -0.668073 0.311121
5 -0.833954 -0.615092 0.313626
1 -0.773317 -0.851099 0.319896
5 -0.792715 -0.679679 0.315091
3 -0.801916 -0.570085 0.316623
6 -0.886271 -0.460541 0.304791
4 -0.832242 -0.61282 0.309676
1 -0.851576 -0.615027 0.303624
1 -0.863794 -0.560425 0.305971
2 -0.862944 -0.412805 0.315117
1 -0.816619 -0.543395 0.316318
3 -0.808182 -0.554126 0.317033
1 -0.867127 -0.509723 0.315679
3 -0.912719 -0.136468 0.315648
3 -0.865206 -0.413305 0.312416
3 -0.871309 -0.398221 0.31228
1 -0.885726 -0.385658 0.310573
1 -0.813128 -0.648079 0.316076
1 -0.83701 -0.554044 0.309616
5 -0.824792 -0.737383 0.308779
8 -0.869795 -0.537263 0.306535
3 -0.818938 -0.696368 0.309344
7 -0.794438 -0.767722 0.314197
2 -0.813108 -0.632564 0.310861
4 -0.764951 -1.00501 0.309336
1 -0.813728 -0.744546 0.311468
8 -0.804607 -0.77407 0.312256
3 -0.767313 -0.823587 0.316404
8 -0.778528 -0.737517 0.318704
3 -0.808568 -0.709565 0.311845
1 -0.82126 -0.752102 0.310168
1 -0.836462 -0.696841 0.309228
2 -0.866459 -0.576481 0.303175
1 -0.850824 -0.627775 0.304093
1 -0.856066 -0.499787 0.315746
1 -0.823948 -0.573357 0.316166
7 -0.828264 -0.642608 0.312464
6 -0.848002 -0.494541 0.315626
1 -0.796617 -0.716173 0.311398
4 -0.929483 -0.212826 0.308855
4 -1.00964 -0.148277 0.293584
3 -0.960414 -0.218981 0.299916
1 -0.879518 -0.440539 0.307987
1 -0.820853 -0.715077 0.312415
3 -0.833015 -0.691678 0.314695
6 -0.852924 -0.687056 0.308914
3 -0.814898 -0.807841 0.306644
1 -0.854423 -0.654441 0.303399
1 -0.773239 -0.90539 0.302283
4 -0.788009 -0.947355 0.30416
2 -0.809924 -0.784174 0.310068
1 -0.895338 -0.417573 0.306697
1 -0.845689 -0.617802 0.30767
1 -0.849291 -0.584713 0.312719
1 -0.872712 -0.524953 0.308927
1 -0.913468 -0.461449 0.304072
7 -0.882003 -0.60372 0.307677
2 -0.871802 -0.514001 0.311219
4 -0.848164 -0.557174 0.313222
1 -0.783431 -0.890624 0.306843
1 -0.915433 -0.336483 0.30355
1 -0.881944 -0.425496 0.307077
1 -0.863277 -0.444324 0.312429
3 -0.844945 -0.553199 0.31174
3 -0.836429 -0.552647 0.315482
2 -0.811142 -0.742707 0.314174
1 -0.80119 -0.638389 0.316026
3 -0.778364 -0.699692 0.314414
1 -0.779362 -0.910598 0.316558
1 -0.8213 -0.631014 0.314325
1 -0.821721 -0.553955 0.316247
1 -0.887743 -0.403904 0.309262
1 -0.80921 -0.638489 0.316821
2 -0.760819 -0.873635 0.31389
3 -0.826049 -0.605868 0.319082
1 -0.760701 -0.776671 0.321564
1 -0.761583 -0.822154 0.31885
6 -0.777307 -0.811216 0.314643
6 -0.851948 -0.553629 0.311892
5 -0.835747 -0.616599 0.313583
1 -0.813527 -0.577265 0.319709
1 -0.87317 -0.545622 0.306517
4 -0.862039 -0.565136 0.310567
1 -0.829385 -0.561009 0.314467
1 -0.876977 -0.432596 0.30596
1 -0.838683 -0.570158 0.310184
1 -0.802262 -0.722601 0.315285
1 -0.840575 -0.618214 0.31367
2 -0.803205 -0.673295 0.307978
4 -0.811151 -0.639554 0.315666
6 -0.809803 -0.68712 0.314784
2 -0.761439 -0.869353 0.320546
3 -0.779127 -0.823015 0.315577
6 -0.810841 -0.611685 0.317772
2 -0.854265 -0.460045 0.317503
1 -0.802937 -0.6838 0.317922
3 -0.761522 -0.813136 0.320397
5 -0.776666 -0.691528 0.322254
1 -0.789989 -0.692886 0.316261
2 -0.811388 -0.841822 0.312671
3 -0.747586 -0.921851 0.318965
2 -0.746546 -0.932999 0.318604
1 -0.781578 -0.836448 0.315421
1 -0.80666 -0.772772 0.31363
1 -0.850022 -0.694637 0.310884
2 -0.878194 -0.537106 0.30882
12 -0.88663 -0.438188 0.307435
1 -0.892864 -0.419875 0.309616
5 -0.902363 -0.398509 0.308151
1 -0.952994 -0.137168 0.304772
1 -0.95009 -0.195374 0.302453
4 -0.867176 -0.487341 0.308077
1 -0.846476 -0.574366 0.311015
2 -0.8605 -0.476108 0.313831
4 -0.850357 -0.521761 0.313549
5 -0.818911 -0.727033 0.306582
3 -0.868043 -0.475427 0.304989
1 -0.835881 -0.588808 0.306147
4 -0.848784 -0.795396 0.29999
2 -0.806855 -0.741826 0.314829
5 -0.721823 -1.00209 0.31673
1 -0.716833 -1.11563 0.319319
2 -0.855471 -0.667375 0.314871
1 -0.854613 -0.656728 0.313373
3 -0.809673 -0.619925 0.316375
1 -0.772306 -0.904756 0.315285
1 -0.721889 -1.06766 0.318148
1 -0.842178 -0.592428 0.315894
3 -0.90739 -0.441426 0.311027
2 -0.832545 -0.664384 0.313316
8 -0.870239 -0.480899 0.314064
2 -0.858841 -0.452355 0.308026
1 -0.793497 -0.764554 0.306391
1 -0.857355 -0.513188 0.307641
2 -0.859963 -0.532386 0.305636
1 -0.767242 -0.918976 0.316445
2 -0.836122 -0.782836 0.307034
3 -0.836823 -0.693983 0.30917
6 -0.83576 -0.721476 0.302009
1 -0.856192 -0.696834 0.300302
2 -0.846461 -0.713861 0.300485
3 -0.818457 -0.70026 0.309933
2 -0.775115 -0.890355 0.310791
1 -0.817659 -0.797668 0.313593
2 -0.884715 -0.554004 0.307384
9 -0.91894 -0.432615 0.305577
2 -0.881594 -0.551884 0.309625
1 -0.927564 -0.308998 0.31069
1 -0.907193 -0.27862 0.311736
3 -0.868067 -0.305727 0.317614
2 -0.904725 -0.370098 0.307219
7 -0.88568 -0.562918 0.30345
7 -0.891952 -0.440006 0.310744
2 -0.831247 -0.708554 0.317095
1 -0.795066 -0.805957 0.3168
2 -0.878526 -0.582044 0.30458
2 -0.818546 -0.757635 0.311599
4 -0.80811 -0.752999 0.311352
2 -0.824095 -0.60705 0.308548
2 -0.820318 -0.706713 0.311864
2 -0.790101 -0.850125 0.31148
1 -0.820314 -0.772065 0.309388
5 -0.830376 -0.670271 0.310372
2 -0.854474 -0.492584 0.310526
6 -0.885488 -0.403802 0.308288
1 -0.852851 -0.485995 0.312703
1 -0.823673 -0.566043 0.316599
2 -0.829201 -0.685839 0.309537
2 -0.838303 -0.65298 0.317608
5 -0.872361 -0.405831 0.320446
1 -0.801014 -0.693129 0.317247
9 -0.841627 -0.741521 0.312454
1 -0.924501 -0.419426 0.304683
4 -0.893171 -0.386815 0.307609
5 -0.847701 -0.532071 0.311889
1 -0.833095 -0.624362 0.310676
6 -0.815155 -0.690196 0.311158
3 -0.809224 -0.539566 0.316697
1 -0.776027 -0.709019 0.322391
1 -0.846525 -0.695831 0.304827
1 -0.777605 -0.927495 0.306301
2 -0.776547 -0.924003 0.30735
7 -0.910746 -0.280331 0.306096
1 -0.899809 -0.400298 0.307983
2 -0.88869 -0.58447 0.303522
1 -0.804388 -0.782637 0.310385
2 -0.797281 -0.626888 0.317202
3 -0.672151 -1.193 0.316396
2 -0.658051 -1.15103 0.321455
1 -0.792014 -0.731024 0.317672
3 -0.742712 -1.05961 0.315998
6 -0.77496 -0.903208 0.311878
5 -0.776198 -0.937959 0.311188
1 -0.766283 -0.940145 0.319516
1 -0.864543 -0.679121 0.31449
1 -0.901767 -0.501365 0.309227
6 -0.778189 -0.824145 0.316921
7 -0.761439 -0.754851 0.316937
1 -0.746254 -0.846417 0.32047
1 -0.753973 -0.678514 0.323237
1 -0.894564 -0.288322 0.310319
1 -0.817486 -0.489211 0.314911
5 -0.815485 -0.496601 0.317195
2 -0.745454 -0.85008 0.313682
1 -0.716075 -0.989133 0.312154
4 -0.717333 -1.0817 0.319545
2 -0.867267 -0.45038 0.305634
1 -0.869826 -0.463246 0.306926
3 -0.874701 -0.389749 0.308359
9 -0.853669 -0.36495 0.315313
4 -0.772263 -0.867615 0.316483
2 -0.790942 -0.860781 0.314944
2 -0.89982 -0.559398 0.301695
8 -0.753695 -1.09189 0.310269
1 -0.736624 -1.09634 0.3133
2 -0.840569 -0.631976 0.309658
1 -0.866846 -0.502962 0.314291
6 -0.866618 -0.50093 0.314219
4 -0.839519 -0.594723 0.315066
1 -0.827536 -0.519068 0.318419
2 -0.871201 -0.460753 0.307488
3 -0.87641 -0.458647 0.307677
4 -0.879881 -0.56083 0.303603
1 -0.940269 -0.351459 0.303283
7 -0.879933 -0.539273 0.307619
1 -0.834781 -0.627367 0.309356
2 -0.842287 -0.722264 0.302734
1 -0.874361 -0.582968 0.303334
3 -0.872616 -0.538918 0.305612
2 -0.785799 -0.823858 0.305866
5 -0.763622 -0.965153 0.311569
1 -0.861833 -0.744581 0.302831
2 -0.86952 -0.750001 0.30184
2 -0.814509 -0.715068 0.305627
2 -0.772094 -0.850545 0.30688
4 -0.773587 -0.853947 0.309376
4 -0.832571 -0.544775 0.312657
4 -0.86445 -0.459218 0.311523
3 -0.833531 -0.681221 0.306816
3 -0.821288 -0.739848 0.306211
7 -0.772897 -0.88913 0.310833
3 -0.821543 -0.639244 0.310098
4 -0.793906 -0.815332 0.309754
5 -0.860423 -0.574975 0.308272
4 -0.891688 -0.432029 0.303982
1 -0.811425 -0.961548 0.306908
6 -0.849605 -0.637606 0.309107
6 -0.848746 -0.638281 0.307787
2 -0.864499 -0.539985 0.305554
2 -0.844308 -0.558277 0.307506
2 -0.815683 -0.672728 0.314271
4 -0.817941 -0.790411 0.303821
2 -0.832987 -0.640029 0.314214
2 -0.859104 -0.67078 0.310776
2 -0.840623 -0.757804 0.305961
1 -0.86344 -0.686681 0.302099
1 -0.869808 -0.61417 0.302972
1 -0.874712 -0.700246 0.303537
1 -0.891088 -0.481054 0.309738
2 -0.885523 -0.518839 0.309547
3 -0.826844 -0.687436 0.315516
3 -0.771539 -0.870484 0.31619
1 -0.8114 -0.712362 0.316315
1 -0.85851 -0.460017 0.310554
4 -0.8622 -0.408016 0.320109
5 -0.870671 -0.460703 0.313523
2 -0.918005 -0.348802 0.310349
4 -0.81138 -0.841722 0.306491
1 -0.793701 -0.804981 0.306338
1 -0.799889 -0.728393 0.315663
1 -0.837496 -0.506709 0.317556
1 -0.842403 -0.535049 0.318307
1 -0.828332 -0.570872 0.314274
3 -0.862097 -0.486374 0.31273
1 -0.857037 -0.577072 0.30178
2 -0.900552 -0.309157 0.304655
5 -0.845229 -0.665709 0.312752
5 -0.777498 -0.94174 0.313697
1 -0.773377 -1.04076 0.307081
6 -0.809301 -0.824739 0.305376
1 -0.804348 -0.836787 0.304826
1 -0.735797 -0.854679 0.324087
5 -0.816301 -0.599125 0.321644
16 -0.883908 -0.318156 0.312821
3 -0.749278 -0.958266 0.313206
5 -0.769428 -0.858216 0.314198
1 -0.839186 -0.56208 0.317103
2 -0.826649 -0.750706 0.314346
1 -0.839176 -0.603063 0.316576
3 -0.749601 -0.938739 0.322396
2 -0.827878 -0.684496 0.320415
1 -0.869066 -0.616735 0.316027
1 -0.841341 -0.553763 0.315664
1 -0.839746 -0.686192 0.314551
2 -0.881902 -0.688765 0.303998
3 -0.898056 -0.484906 0.309189
1 -0.873132 -0.541859 0.309669
5 -0.793995 -0.560949 0.321798
2 -0.838137 -0.593507 0.316782
6 -0.871635 -0.411067 0.310701
5 -0.941734 -0.22768 0.304352
5 -0.883185 -0.410591 0.312589
3 -0.889826 -0.374733 0.316932
4 -0.898109 -0.281046 0.31223
3 -0.82727 -0.59237 0.313037
4 -0.842751 -0.568622 0.30828
3 -0.829907 -0.636845 0.307778
6 -0.872473 -0.528053 0.301135
1 -0.860034 -0.617442 0.29796
2 -0.83083 -0.831246 0.29983
1 -0.809621 -0.899621 0.304148
4 -0.882254 -0.592451 0.309033
4 -0.795801 -0.451547 0.321506
7 -0.783232 -0.512766 0.322357
1 -0.905687 -0.375995 0.310196
1 -0.962675 -0.173163 0.305668
1 -0.796477 -0.820779 0.315099
8 -0.737424 -0.934407 0.326749
1 -0.770106 -0.992773 0.322201
1 -0.788579 -0.843255 0.318814
3 -0.784546 -0.76745 0.322152
3 -0.792881 -0.744508 0.320226
2 -0.814706 -0.675493 0.318431
6 -0.784655 -0.820912 0.314445
5 -0.794381 -0.648841 0.314782
2 -0.828482 -0.524387 0.314731
1 -0.876437 -0.30175 0.311189
1 -0.913916 -0.328014 0.300675
2 -0.870765 -0.528245 0.303007
1 -0.852391 -0.539264 0.3063
2 -0.837433 -0.549547 0.319469
1 -0.776225 -0.889988 0.315312
1 -0.852017 -0.520719 0.311679
4 -0.806921 -0.642894 0.317295
4 -0.862392 -0.498012 0.313283
5 -0.905781 -0.365488 0.30981
1 -0.881244 -0.478027 0.307564
3 -0.896407 -0.457396 0.306268
5 -0.81482 -0.746495 0.306755
2 -0.78 -0.724468 0.317761
5 -0.837693 -0.565956 0.314695
1 -0.794923 -0.710487 0.316277
1 -0.823804 -0.649174 0.311105
6 -0.870154 -0.551071 0.314464
5 -0.883952 -0.442016 0.313118
1 -0.898359 -0.380464 0.310992
3 -0.883427 -0.40177 0.316734
2 -0.8687 -0.531949 0.3175
1 -0.927302 -0.356546 0.311023
2 -0.942961 -0.170496 0.312933
3 -0.924455 -0.233382 0.308517
2 -0.944803 -0.177855 0.308366
2 -0.896247 -0.36106 0.311883
1 -0.877059 -0.46534 0.307853
6 -0.872556 -0.575227 0.305614
2 -0.860683 -0.454148 0.309976
1 -0.843079 -0.538036 0.310521
5 -0.960914 -0.234171 0.304866
12 -0.952043 -0.366732 0.303874
3 -0.886916 -0.597303 0.299903
3 -0.873087 -0.556729 0.307519
4 -0.779458 -0.914305 0.304145
1 -0.747609 -1.07984 0.307866
10 -0.864127 -0.611327 0.310538
6 -0.849766 -0.723909 0.304237
1 -0.889175 -0.424178 0.30613
5 -0.831684 -0.61069 0.307403
2 -0.831164 -0.635493 0.314957
10 -0.827873 -0.689715 0.3124
1 -0.795747 -0.787053 0.312821
3 -0.826194 -0.724661 0.306965
3 -0.777509 -0.927359 0.314743
2 -0.91986 -0.310483 0.304845
2 -0.882341 -0.428437 0.311297
3 -0.982417 -0.0502705 0.306431
2 -0.927223 -0.25298 0.310544
6 -0.926708 -0.221288 0.310198
3 -0.943425 -0.331265 0.303928
2 -0.908062 -0.547879 0.304219
8 -0.84282 -0.737116 0.303664
2 -0.86412 -0.404688 0.312321
4 -0.834382 -0.494075 0.312494
3 -0.851613 -0.413729 0.313154
1 -0.840068 -0.511972 0.311606
3 -0.748645 -0.834747 0.317526
3 -0.741557 -0.828646 0.31521
3 -0.716554 -1.06933 0.312396
1 -0.721211 -1.14767 0.310931
1 -0.753592 -1.02018 0.314144
4 -0.778593 -0.904297 0.312934
2 -0.751479 -1.00485 0.317038
5 -0.735842 -1.05298 0.319062
4 -0.743433 -0.944374 0.319797
3 -0.687374 -1.08974 0.317261
2 -0.70354 -0.901141 0.321445
6 -0.813289 -0.843489 0.305263
1 -0.938072 -0.290972 0.303064
2 -0.911024 -0.302441 0.313938
1 -0.877106 -0.415926 0.310267
2 -0.855411 -0.422973 0.31197
4 -0.847479 -0.540064 0.311196
3 -0.792796 -0.707792 0.314989
1 -0.81444 -0.75493 0.312552
6 -0.926839 -0.422029 0.303518
1 -0.878567 -0.510351 0.305549
2 -0.855241 -0.599534 0.312369
6 -0.90601 -0.427351 0.308202
1 -0.929649 -0.282966 0.308973
3 -0.849588 -0.559406 0.313644
1 -0.838261 -0.702411 0.311683
3 -0.828533 -0.758991 0.310232
8 -0.874986 -0.611722 0.306593
1 -0.861531 -0.694355 0.305441
4 -0.811384 -0.784786 0.308339
10 -0.910956 -0.344397 0.304961
4 -0.879876 -0.485292 0.305642
1 -0.871963 -0.520413 0.306557
3 -0.865727 -0.553559 0.30658
1 -0.832098 -0.570792 0.310238
1 -0.871312 -0.403279 0.311461
4 -0.859986 -0.433833 0.310725
1 -0.844902 -0.548049 0.309749
1 -0.78512 -0.628634 0.316474
2 -0.775505 -0.780896 0.314505
4 -0.790846 -0.753825 0.312431
5 -0.807639 -0.760956 0.313053
1 -0.795278 -0.865011 0.314047
1 -0.881855 -0.350965 0.31173
9 -0.892985 -0.481274 0.303283
1 -0.92114 -0.337446 0.302239
1 -0.881408 -0.401998 0.317678
1 -0.872691 -0.617801 0.308337
1 -0.895302 -0.589506 0.304897
1 -0.90626 -0.292758 0.31531
3 -0.845942 -0.549597 0.315034
1 -0.970389 -0.240361 0.298479
1 -0.941207 -0.312401 0.300407
5 -0.90902 -0.401173 0.30339
4 -0.782193 -0.917049 0.309916
6 -0.761719 -0.898471 0.312015
7 -0.769192 -0.78292 0.317868
4 -0.764017 -0.754008 0.313018
2 -0.806489 -0.554354 0.311877
5 -0.804372 -0.590192 0.310477
3 -0.858157 -0.493979 0.309034
1 -0.839234 -0.481187 0.316322
3 -0.860074 -0.475746 0.312697
1 -0.850993 -0.57706 0.31171
2 -0.848693 -0.569459 0.313349
1 -0.840529 -0.530299 0.31311
11 -0.836472 -0.552112 0.318635
2 -0.838643 -0.580019 0.321359
3 -0.885859 -0.454717 0.304247
8 -0.919849 -0.284803 0.302073
1 -0.881774 -0.291379 0.309896
2 -0.794046 -0.765918 0.313797
13 -0.794013 -0.827393 0.312488
2 -0.792604 -0.832507 0.316402
3 -0.862051 -0.535848 0.311372
1 -0.906952 -0.403682 0.30925
1 -0.905997 -0.485655 0.307909
5 -0.934854 -0.351223 0.309501
1 -0.727263 -1.00848 0.318296
2 -0.864467 -0.575728 0.30986
1 -0.883818 -0.438411 0.309383
1 -0.860179 -0.522543 0.307584
1 -0.869877 -0.492819 0.304463
1 -0.789054 -0.757791 0.311845
1 -0.865089 -0.576686 0.309351
1 -0.841589 -0.605037 0.309785
2 -0.741208 -0.976934 0.318652
2 -0.776062 -0.888773 0.318783
4 -0.832698 -0.581797 0.315558
4 -0.884379 -0.308782 0.312017
1 -0.793907 -0.768863 0.314848
2 -0.752862 -0.915399 0.319592
8 -0.884694 -0.39545 0.310263
5 -0.875194 -0.487634 0.312817
1 -0.898762 -0.450301 0.309964
1 -0.782016 -0.820671 0.314624
2 -0.810519 -0.652165 0.316391
5 -0.781106 -0.838493 0.313593
4 -0.869303 -0.403299 0.320654
2 -0.89632 -0.343224 0.318177
1 -0.911534 -0.303852 0.317347
4 -0.803035 -0.676933 0.323846
1 -0.802534 -0.73728 0.318534
1 -0.803907 -0.748588 0.318715
4 -0.89697 -0.438184 0.312728
5 -0.857798 -0.460882 0.317221
2 -0.886402 -0.388364 0.318046
4 -0.882975 -0.360025 0.317601
13 -0.919055 -0.376734 0.304833
4 -0.880074 -0.433102 0.307644
1 -0.798645 -0.72823 0.314746
8 -0.86 -0.413933 0.316601
1 -0.838548 -0.47435 0.315641
4 -0.851955 -0.356726 0.321584
1 -0.925455 -0.28444 0.303066
1 -0.821491 -0.523707 0.316826
1 -0.809093 -0.554022 0.314644
2 -0.814661 -0.59013 0.313459
6 -0.909811 -0.309303 0.305579
1 -0.807784 -0.819367 0.314698
5 -0.793074 -0.752347 0.312543
1 -0.902904 -0.282958 0.312196
3 -0.870066 -0.31486 0.320071
1 -0.852507 -0.506231 0.313701
1 -0.804119 -0.929817 0.307388
8 -0.848255 -0.69045 0.306682
6 -0.842125 -0.704663 0.307527
6 -0.834677 -0.779331 0.308984
1 -0.839219 -0.75334 0.308056
2 -0.778921 -0.856877 0.311074
4 -0.752057 -0.852408 0.316772
1 -0.795451 -0.906758 0.305158
7 -0.833767 -0.662682 0.311237
3 -0.871371 -0.516473 0.309857
6 -0.863485 -0.519071 0.312146
1 -0.820526 -0.656643 0.315906
1 -0.764589 -0.770974 0.315574
5 -0.810317 -0.506109 0.316036
5 -0.862526 -0.405323 0.307782
3 -0.831494 -0.53907 0.304874
2 -0.859203 -0.413187 0.313034
2 -0.849981 -0.561401 0.308675
4 -0.86638 -0.487319 0.310709
1 -0.941807 -0.246453 0.301864
1 -0.985417 -0.0573255 0.301959
3 -0.813499 -0.690219 0.311166
3 -0.873737 -0.508118 0.305231
1 -0.820288 -0.619169 0.318083
1 -0.789149 -0.748974 0.315015
4 -0.83423 -0.613736 0.313844
3 -0.768543 -0.910032 0.313389
4 -0.829344 -0.705317 0.307574
3 -0.893044 -0.419343 0.306405
1 -0.872612 -0.551347 0.307815
4 -0.873562 -0.595235 0.307119
3 -0.819789 -0.705704 0.312503
4 -0.815097 -0.789248 0.315706
5 -0.717933 -0.942542 0.326402
1 -0.808875 -0.580909 0.323325
5 -0.807661 -0.833975 0.312881
5 -0.829827 -0.592257 0.311494
1 -0.854659 -0.515466 0.311844
4 -0.782973 -0.664612 0.319321
3 -0.743847 -0.999102 0.314552
3 -0.755998 -1.02611 0.313873
1 -0.724702 -0.994066 0.322494
4 -0.727743 -1.05976 0.319198
2 -0.771578 -0.901963 0.312765
3 -0.822925 -0.610176 0.314641
1 -0.830862 -0.501051 0.310311
2 -0.863529 -0.474583 0.306824
2 -0.743321 -1.00285 0.315078
1 -0.727938 -0.927621 0.325138
1 -0.872815 -0.466703 0.307533
2 -0.816659 -0.661096 0.308103
4 -0.818687 -0.594238 0.312793
1 -0.950398 -0.199609 0.305513
1 -0.878532 -0.502468 0.30608
1 -0.891103 -0.414948 0.306976
4 -0.97358 -0.200707 0.298648
2 -0.966725 -0.239361 0.299868
2 -0.952501 -0.247293 0.302258
1 -0.903652 -0.459701 0.305718
2 -0.793454 -0.774236 0.313062
1 -0.885882 -0.589629 0.304468
2 -0.807184 -0.696829 0.316207
2 -0.761722 -0.97838 0.316238
10 -0.769409 -0.919431 0.31657
1 -0.79304 -0.72079 0.316267
3 -0.819209 -0.737012 0.312529
4 -0.843603 -0.670257 0.308507
3 -0.771448 -0.915539 0.315011
2 -0.86141 -0.613447 0.307232
2 -0.802156 -0.747712 0.314025
4 -0.799907 -0.716446 0.310786
1 -0.842114 -0.631407 0.307646
2 -0.846633 -0.650247 0.305867
1 -0.8188 -0.683129 0.311597
8 -0.824726 -0.657129 0.312258
4 -0.823322 -0.679878 0.315967
2 -0.857907 -0.513283 0.306016
1 -0.911445 -0.45738 0.304083
1 -0.942465 -0.43212 0.308763
4 -0.949689 -0.347414 0.310106
2 -0.873531 -0.488164 0.312925
1 -0.882242 -0.340023 0.319475
3 -0.812336 -0.708149 0.317875
2 -0.813472 -0.686902 0.31742
4 -0.866926 -0.579279 0.311108
1 -0.887181 -0.394307 0.316499
1 -0.90868 -0.33583 0.314481
2 -0.82196 -0.653859 0.314776
1 -0.859846 -0.716077 0.307375
4 -0.904973 -0.350926 0.301797
1 -0.902565 -0.401073 0.30306
1 -0.856712 -0.738735 0.300985
2 -0.837592 -0.828344 0.301022
4 -0.758844 -1.13669 0.305536
2 -0.762827 -1.02711 0.312915
4 -0.755845 -1.05403 0.313581
2 -0.791419 -0.911959 0.311122
3 -0.831247 -0.811312 0.31033
2 -0.877121 -0.595038 0.312794
1 -0.866501 -0.453986 0.322045
1 -0.853449 -0.497341 0.325758
1 -0.843139 -0.505696 0.321768
1 -0.823874 -0.608133 0.3238
5 -0.84072 -0.687491 0.316141
1 -0.834161 -0.753735 0.316012
3 -0.830998 -0.584356 0.317821
1 -0.857047 -0.492212 0.311859
2 -0.814292 -0.67408 0.311615
7 -0.80468 -0.709699 0.311051
6 -0.820741 -0.70435 0.308581
2 -0.829343 -0.720865 0.30805
5 -0.84373 -0.592468 0.308886
3 -0.88894 -0.547228 0.308684
3 -0.902362 -0.576116 0.297775
3 -0.83008 -0.777132 0.305793
1 -0.808524 -0.876685 0.306401
5 -0.792886 -0.793669 0.311355
3 -0.849878 -0.68635 0.305646
2 -0.821562 -0.713276 0.303098
3 -0.811997 -0.704266 0.30407
1 -0.803711 -0.77357 0.301254
2 -0.818589 -0.63534 0.306312
3 -0.796812 -0.583414 0.315093
2 -0.865815 -0.422215 0.305665
1 -0.82899 -0.553409 0.308236
1 -0.9139 -0.294957 0.306183
2 -0.899966 -0.370013 0.304676
1 -0.903893 -0.320504 0.313075
2 -0.819985 -0.65759 0.316158
2 -0.836624 -0.61675 0.317216
1 -0.826356 -0.679152 0.317554
1 -0.873001 -0.671363 0.303253
2 -0.848598 -0.720172 0.307231
3 -0.936857 -0.38764 0.307189
4 -0.796537 -0.754357 0.318327
1 -0.75713 -0.99763 0.319274
3 -0.822137 -0.725929 0.314475
4 -0.760785 -0.726388 0.320053
4 -0.787326 -0.816529 0.307548
7 -0.840652 -0.37575 0.315263
4 -0.920188 -0.304417 0.30955
2 -0.881304 -0.47526 0.309255
2 -0.869649 -0.469812 0.310873
9 -0.942837 -0.211737 0.305876
1 -0.843957 -0.694283 0.305122
9 -0.906429 -0.480586 0.304018
3 -0.913376 -0.401991 0.311683
2 -0.751096 -0.998839 0.31472
2 -0.81666 -0.897266 0.306269
1 -0.811111 -0.767906 0.316638
4 -0.731834 -1.0563 0.320757
3 -0.775415 -0.902296 0.315011
3 -0.781023 -0.70509 0.317196
2 -0.81629 -0.626269 0.313884
1 -0.802832 -0.701948 0.31304
1 -0.823351 -0.75581 0.307334
2 -0.916141 -0.362811 0.306292
8 -0.874982 -0.40708 0.305406
2 -0.816287 -0.561598 0.3116
2 -0.852974 -0.306475 0.314204
5 -0.836028 -0.36895 0.313987
3 -0.864875 -0.448767 0.304626
1 -0.760078 -0.724053 0.315674
1 -0.798836 -0.775691 0.312383
1 -0.83962 -0.694951 0.308166
5 -0.790236 -0.873047 0.308157
1 -0.80413 -0.815654 0.305654
4 -0.854042 -0.4155 0.309795
2 -0.933731 -0.299238 0.31004
6 -0.818846 -0.638186 0.312012
1 -0.834194 -0.636838 0.303822
3 -0.804411 -0.601116 0.314531
5 -0.821753 -0.583287 0.311368
1 -0.854355 -0.515963 0.307445
8 -0.73296 -1.03839 0.3087
2 -0.915994 -0.302267 0.299366
1 -0.792273 -0.780072 0.307336
2 -0.813567 -0.715717 0.307015
2 -0.844789 -0.712922 0.304262
3 -0.848754 -0.678331 0.304133
1 -0.802126 -0.83457 0.310809
2 -0.827071 -0.626655 0.305533
2 -0.788174 -0.81305 0.307798
4 -0.675498 -1.2736 0.318861
1 -0.733432 -1.06809 0.316057
1 -0.802826 -0.786218 0.313922
2 -0.825735 -0.656863 0.312375
2 -0.870557 -0.5981 0.307015
1 -0.902819 -0.383649 0.309416
3 -0.931863 -0.312707 0.302383
7 -0.830008 -0.688575 0.309398
4 -0.818581 -0.759194 0.313593
1 -0.842214 -0.871762 0.30324
4 -0.895647 -0.661523 0.29919
15 -0.830303 -0.885704 0.308404
1 -0.880914 -0.585554 0.309965
3 -0.770863 -0.695912 0.321665
3 -0.785317 -0.757134 0.314783
1 -0.794883 -0.781995 0.314591
3 -0.83051 -0.612373 0.312345
2 -0.835325 -0.575303 0.317578
1 -0.834117 -0.608608 0.316617
1 -0.839436 -0.55562 0.315728
1 -0.851819 -0.505372 0.309886
1 -0.848871 -0.513244 0.309247
2 -0.86404 -0.416001 0.30601
3 -0.867626 -0.508117 0.308082
5 -0.849077 -0.655261 0.307232
2 -0.83053 -0.766246 0.308998
1 -0.830927 -0.757284 0.309257
1 -0.716863 -1.10442 0.317849
3 -0.762362 -0.995782 0.311937
1 -0.791531 -0.939854 0.308643
5 -0.79956 -0.878548 0.306675
9 -0.86332 -0.488732 0.312805
4 -0.799312 -0.725422 0.318814
9 -0.843294 -0.61599 0.3114
1 -0.860528 -0.634458 0.303594
1 -0.751766 -0.925137 0.3182
1 -0.692484 -1.09418 0.317946
6 -0.712332 -1.06318 0.316937
1 -0.81937 -0.670599 0.315498
2 -0.889809 -0.405815 0.309174
5 -0.905535 -0.336408 0.306715
9 -0.917735 -0.377834 0.309998
3 -0.880036 -0.342702 0.313085
1 -0.85195 -0.473287 0.3139
2 -0.835937 -0.535116 0.312428
1 -0.82731 -0.478926 0.31099
1 -0.752028 -0.958324 0.312736
3 -0.896209 -0.39954 0.310384
5 -0.90753 -0.40279 0.307642
10 -0.857338 -0.581589 0.301406
1 -0.842579 -0.826861 0.303607
1 -0.874027 -0.574192 0.306412
1 -0.775748 -0.834502 0.314769
1 -0.776806 -0.845502 0.310653
5 -0.827234 -0.644404 0.311719
4 -0.830769 -0.636364 0.312675
2 -0.919154 -0.265352 0.312712
1 -0.893338 -0.320902 0.30879
7 -0.90177 -0.458716 0.303859
1 -0.842856 -0.692035 0.310054
8 -0.81102 -0.733864 0.309213
8 -0.841352 -0.577185 0.318327
3 -0.792028 -0.843919 0.31843
2 -0.802244 -0.763801 0.312724
3 -0.86858 -0.55184 0.308306
3 -0.945537 -0.132939 0.306419
7 -0.795804 -0.672766 0.315077
8 -0.770846 -0.810957 0.318593
1 -0.792572 -0.663719 0.319335
7 -0.812301 -0.565012 0.317942
2 -0.832781 -0.676099 0.308779
2 -0.780883 -0.800385 0.306102
1 -0.699444 -1.05125 0.320939
2 -0.695024 -1.102 0.320429
2 -0.814942 -0.806818 0.311905
2 -0.873198 -0.590295 0.305229
6 -0.860314 -0.57939 0.308964
1 -0.851345 -0.656924 0.310155
6 -0.860175 -0.628853 0.307426
4 -0.853908 -0.626348 0.309615
4 -0.882087 -0.496809 0.308278
1 -0.863451 -0.441275 0.311549
1 -0.897822 -0.358801 0.302196
3 -0.889017 -0.404561 0.30241
6 -0.789558 -0.704342 0.317852
3 -0.89358 -0.374819 0.315811
1 -0.935495 -0.195337 0.309422
2 -0.899722 -0.377072 0.309798
2 -0.865728 -0.302228 0.319923
1 -0.928259 -0.151626 0.315115
3 -0.93273 -0.264874 0.307268
2 -0.804863 -0.738458 0.315187
4 -0.840984 -0.614516 0.313794
3 -0.869927 -0.534686 0.309857
3 -0.834982 -0.60771 0.312078
2 -0.817612 -0.642488 0.315707
3 -0.809465 -0.657924 0.316804
11 -0.816669 -0.70559 0.315094
1 -0.7542 -0.794212 0.320839
6 -0.75707 -0.773579 0.321403
2 -0.786243 -0.723665 0.321488
1 -0.830105 -0.605303 0.318249
5 -0.788725 -0.71938 0.322849
9 -0.885136 -0.440236 0.313175
1 -0.782064 -0.780795 0.315106
1 -0.866744 -0.491944 0.313181
4 -0.876145 -0.512654 0.313726
1 -0.867816 -0.437479 0.31672
1 -0.805557 -0.674993 0.31837
1 -0.791495 -0.857084 0.308813
3 -0.817767 -0.813764 0.304418
4 -0.887164 -0.546376 0.302906
1 -0.819962 -0.578831 0.314592
4 -0.884072 -0.354512 0.307267
2 -0.770128 -0.745969 0.323885
2 -0.871078 -0.513001 0.310635
3 -0.892872 -0.427055 0.304791
2 -0.898094 -0.502302 0.305074
1 -0.897368 -0.500737 0.303206
5 -0.873898 -0.531724 0.30893
3 -0.797706 -0.743526 0.312999
1 -0.849911 -0.517258 0.311293
1 -0.879457 -0.454 0.309037
2 -0.87604 -0.500986 0.306251
5 -0.856659 -0.580918 0.304752
2 -0.913868 -0.372273 0.29972
1 -0.939559 -0.269642 0.299556
1 -0.969931 -0.0862016 0.302917
1 -0.952558 -0.170906 0.304605
5 -0.937993 -0.245797 0.306381
4 -0.864561 -0.448615 0.316467
1 -0.882183 -0.415847 0.311927
2 -0.870384 -0.520164 0.311007
4 -0.90675 -0.363074 0.307978
1 -0.854308 -0.402551 0.318049
1 -0.881882 -0.402857 0.311515
8 -0.792991 -0.763986 0.321268
5 -0.849237 -0.596758 0.311404
2 -0.878516 -0.556309 0.307657
2 -0.85574 -0.640109 0.308545
1 -0.817529 -0.760449 0.312204
5 -0.783363 -0.876327 0.314762
1 -0.718826 -1.00981 0.320411
1 -0.838278 -0.514943 0.320034
5 -0.803949 -0.803557 0.31447
1 -0.752163 -0.943117 0.315338
2 -0.829903 -0.546809 0.312507
1 -0.813721 -0.615423 0.313315
1 -0.790138 -0.960213 0.307459
2 -0.755577 -0.816564 0.320708
1 -0.734643 -0.965115 0.314542
4 -0.814094 -0.666962 0.31301
7 -0.870978 -0.590052 0.302978
5 -0.829187 -0.574069 0.316289
1 -0.866739 -0.498063 0.312169
1 -0.891222 -0.352204 0.315881
1 -0.8129 -0.569721 0.31906
1 -0.75565 -0.750255 0.322532
1 -0.779907 -0.801947 0.317267
4 -0.826648 -0.62489 0.314307
3 -0.832432 -0.476785 0.312632
2 -0.743911 -0.786684 0.32486
2 -0.860571 -0.514037 0.311142
1 -0.845248 -0.763388 0.304042
3 -0.798755 -0.845933 0.313783
1 -0.789886 -0.68755 0.318717
3 -0.742658 -0.785236 0.318595
5 -0.776658 -0.781491 0.321298
3 -0.831792 -0.686966 0.310453
8 -0.793446 -0.741138 0.313628
9 -0.923696 -0.399085 0.300385
1 -0.920319 -0.437894 0.302138
5 -0.906971 -0.410695 0.308912
3 -0.961075 -0.314499 0.300013
7 -0.8993 -0.489845 0.310566
6 -0.836061 -0.652719 0.315152
1 -0.829345 -0.641167 0.313179
1 -0.826219 -0.660362 0.312251
1 -0.834971 -0.682852 0.309285
4 -0.974253 -0.00497715 0.311677
2 -0.929768 -0.198933 0.309629
1 -0.914601 -0.251199 0.309117
2 -0.967135 -0.108942 0.307973
2 -0.874264 -0.613639 0.309743
2 -0.854764 -0.600572 0.312623
2 -0.80331 -0.732538 0.31603
1 -0.769771 -0.799557 0.315486
1 -0.803236 -0.732051 0.310831
1 -0.856323 -0.43598 0.314129
3 -0.814648 -0.600749 0.317676
1 -0.946131 -0.0982478 0.308762
6 -0.940597 -0.186829 0.307715
2 -0.857872 -0.712288 0.305868
4 -0.859816 -0.733978 0.302926
2 -0.877036 -0.686378 0.301917
1 -0.836309 -0.799113 0.312123
1 -0.840173 -0.849546 0.30935
2 -0.836944 -0.67351 0.315532
2 -0.766966 -0.929852 0.31769
2 -0.767212 -0.92995 0.317689
3 -0.78711 -0.864427 0.317031
1 -0.861056 -0.585746 0.312624
3 -0.836116 -0.63917 0.315867
1 -0.880729 -0.396106 0.316262
10 -0.866946 -0.456463 0.313991
1 -0.976678 -0.209148 0.297579
1 -0.817906 -0.737753 0.310257
1 -0.8435 -0.574131 0.311457
4 -0.789254 -0.663666 0.320653
9 -0.788881 -0.678739 0.311213
6 -0.911216 -0.193343 0.310295
1 -0.88048 -0.259456 0.315906
7 -0.878755 -0.327539 0.310041
1 -0.824502 -0.5282 0.320171
4 -0.830544 -0.572811 0.316276
3 -0.815818 -0.706314 0.313246
5 -0.825516 -0.53451 0.318045
5 -0.83847 -0.516494 0.31661
1 -0.834503 -0.504691 0.316403
1 -0.877461 -0.530186 0.311301
2 -0.86203 -0.498054 0.314144
3 -0.812797 -0.742912 0.313855
1 -0.812035 -0.658622 0.313214
2 -0.909235 -0.337375 0.309949
1 -0.833837 -0.644177 0.308735
1 -0.835091 -0.671059 0.307022
3 -0.773316 -0.724487 0.320809
4 -0.779731 -0.734172 0.318186
1 -0.76411 -0.780698 0.322397
3 -0.796503 -0.865671 0.310807
2 -0.842563 -0.698847 0.305155
2 -0.816164 -0.903662 0.303647
2 -0.823103 -0.769949 0.304289
3 -0.865355 -0.471553 0.307475
1 -0.81942 -0.589197 0.320785
2 -0.85051 -0.458197 0.321141
1 -0.848877 -0.590503 0.31572
1 -0.845589 -0.639459 0.311649
2 -0.80476 -0.784067 0.30807
4 -0.83869 -0.66983 0.306731
3 -0.842055 -0.576039 0.30883
2 -0.842586 -0.539129 0.31098
2 -0.833587 -0.584359 0.312817
6 -0.821081 -0.737467 0.312891
2 -0.86933 -0.413852 0.313126
5 -0.792194 -0.747343 0.316344
1 -0.877979 -0.50242 0.306248
3 -0.833693 -0.680397 0.308823
1 -0.845203 -0.669883 0.311831
2 -0.946135 -0.309358 0.312065
1 -0.865165 -0.514497 0.320013
2 -0.811932 -0.628001 0.323474
1 -0.938063 -0.113794 0.310691
1 -0.889614 -0.341044 0.30605
1 -0.999745 -0.0199031 0.304171
6 -0.857192 -0.663504 0.309479
2 -0.824806 -0.690805 0.315992
1 -0.818751 -0.79505 0.315712
1 -0.858049 -0.588682 0.313307
3 -0.936207 -0.374967 0.304445
2 -0.908754 -0.413663 0.309441
11 -0.805081 -0.724167 0.317437
1 -0.802005 -0.699035 0.320424
2 -0.903002 -0.348834 0.310658
4 -0.916853 -0.304694 0.309931
2 -0.980319 -0.115251 0.303515
1 -0.925507 -0.453093 0.298852
6 -0.917839 -0.478584 0.298467
2 -0.961487 -0.331687 0.297805
7 -0.848188 -0.535523 0.313898
3 -0.867747 -0.492238 0.306709
3 -0.919905 -0.376269 0.303448
2 -0.940899 -0.363144 0.300444
3 -0.93866 -0.401432 0.299522
1 -0.923017 -0.256215 0.306726
3 -0.895582 -0.364143 0.309609
1 -0.718391 -1.15121 0.31777
3 -0.840576 -0.678146 0.311717
4 -0.871084 -0.556886 0.311192
7 -0.877232 -0.568572 0.304147
2 -0.863401 -0.667344 0.302407
2 -0.885351 -0.383872 0.308398
2 -0.907536 -0.189288 0.311779
1 -0.913976 -0.133823 0.312177
9 -0.875354 -0.302903 0.307898
8 -0.902633 -0.290892 0.307986
1 -0.904254 -0.298942 0.308518
6 -0.844789 -0.602305 0.306665
5 -0.807105 -0.612576 0.310902
1 -0.816624 -0.648877 0.311713
1 -0.789958 -0.840103 0.310529
1 -0.78784 -0.849802 0.311091
1 -0.851154 -0.696623 0.307461
4 -0.799859 -0.736095 0.315074
3 -0.773727 -0.840131 0.315384
3 -0.815136 -0.709966 0.309965
1 -0.761764 -1.05918 0.311642
9 -0.788526 -0.908205 0.308616
1 -0.863401 -0.701432 0.297853
1 -0.904814 -0.238564 0.312703
3 -0.811603 -0.574926 0.317206
1 -0.827773 -0.565454 0.314285
1 -0.81044 -0.596592 0.315465
4 -0.819738 -0.558947 0.315042
3 -0.817015 -0.733768 0.310916
1 -0.891725 -0.398114 0.308818
3 -0.819333 -0.551619 0.316549
4 -0.757638 -0.732196 0.320049
1 -0.756011 -0.735706 0.316279
1 -0.817433 -0.597283 0.317057
3 -0.939728 -0.365155 0.300882
3 -0.784404 -0.961914 0.305342
2 -0.788613 -0.921836 0.304576
12 -0.770864 -0.982716 0.308404
4 -0.796545 -0.872201 0.310195
4 -0.835761 -0.584636 0.315223
1 -0.87678 -0.487605 0.3104
5 -0.854097 -0.558205 0.316207
2 -0.834418 -0.619211 0.316967
1 -0.894815 -0.339006 0.312592
1 -0.869062 -0.340426 0.318456
2 -0.856994 -0.565642 0.308304
2 -0.856991 -0.637162 0.306194
5 -0.908969 -0.433213 0.304749
1 -0.830149 -0.667555 0.311017
4 -0.833665 -0.553395 0.311051
1 -0.854224 -0.477639 0.310804
1 -0.822208 -0.610762 0.30921
2 -0.828257 -0.664169 0.306787
1 -0.820287 -0.619545 0.313249
1 -0.831058 -0.670111 0.310744
9 -0.832442 -0.639844 0.308635
7 -0.834355 -0.717139 0.3111
3 -0.797596 -0.961064 0.308523
3 -0.765421 -1.00198 0.306636
1 -0.815699 -0.82788 0.301246
11 -0.757936 -0.985506 0.309385
2 -0.805256 -0.795831 0.30995
1 -0.818188 -0.628347 0.312621
1 -0.794199 -0.722341 0.307852
1 -0.748699 -0.847398 0.320638
4 -0.771628 -0.928724 0.310772
2 -0.868405 -0.545226 0.307334
2 -0.854608 -0.519835 0.311417
3 -0.845469 -0.608618 0.311783
4 -0.907404 -0.364975 0.30607
1 -0.877839 -0.462428 0.311509
7 -0.838432 -0.547104 0.313508
5 -0.873812 -0.331599 0.311354
1 -0.819046 -0.616546 0.316675
1 -0.903138 -0.359619 0.308753
1 -0.836912 -0.57736 0.308613
3 -0.870117 -0.48111 0.311033
1 -0.823244 -0.610862 0.315581
1 -0.87312 -0.442571 0.314797
1 -0.836845 -0.715567 0.312901
3 -0.782209 -0.871993 0.313737
4 -0.833289 -0.610681 0.308313
4 -0.838513 -0.684458 0.304407
1 -0.774161 -0.89629 0.30913
1 -0.820118 -0.588626 0.309646
5 -0.817055 -0.761806 0.31387
3 -0.835323 -0.657779 0.317013
3 -0.861061 -0.611472 0.316262
7 -0.921724 -0.291997 0.312837
1 -0.796522 -0.664132 0.317225
1 -0.808695 -0.619876 0.316286
2 -0.889999 -0.340657 0.306708
1 -0.806726 -0.697055 0.310446
3 -0.774723 -0.894813 0.311123
3 -0.865788 -0.503764 0.30437
3 -0.845418 -0.4782 0.306075
2 -0.884161 -0.262463 0.311535
4 -0.908853 -0.395916 0.30032
4 -0.893424 -0.489406 0.307557
3 -0.785184 -0.915433 0.311823
2 -0.748267 -0.932712 0.322966
2 -0.75689 -0.877236 0.324384
9 -0.766154 -0.823658 0.322785
5 -0.783159 -0.676618 0.321167
4 -0.771776 -0.718412 0.322118
2 -0.86747 -0.43802 0.312743
2 -0.87246 -0.47222 0.306912
1 -0.824675 -0.598462 0.313719
5 -0.832123 -0.57017 0.311435
6 -0.941967 -0.277003 0.308071
2 -0.952721 -0.265172 0.304447
6 -0.94366 -0.232282 0.306648
3 -0.908546 -0.284551 0.314173
2 -0.818812 -0.684073 0.312554
5 -0.823228 -0.628929 0.315482
3 -0.851474 -0.559141 0.31511
2 -0.795651 -0.556829 0.318755
5 -0.792526 -0.751513 0.315738
2 -0.857432 -0.479057 0.31379
2 -0.781765 -0.741353 0.321487
3 -0.809743 -0.534742 0.320654
5 -0.889663 -0.364442 0.306851
1 -0.872148 -0.324426 0.312196
1 -0.813129 -0.585154 0.315376
2 -0.739456 -0.878001 0.314779
1 -0.756019 -0.876181 0.311254
3 -0.736626 -1.0736 0.31278
2 -0.966016 -0.204754 0.305619
2 -0.981234 -0.141298 0.303008
5 -0.950697 -0.260914 0.295924
1 -0.936251 -0.300106 0.298415
6 -0.926241 -0.351908 0.300714
3 -0.756316 -0.846431 0.318802
1 -0.818133 -0.685498 0.308764
2 -0.81066 -0.787929 0.310627
2 -0.80866 -0.815115 0.311202
5 -0.844828 -0.629461 0.307843
3 -0.870086 -0.536264 0.306198
4 -0.809613 -0.644314 0.317642
5 -0.776291 -0.646337 0.322808
4 -0.793732 -0.541237 0.326063
2 -0.7918 -0.770543 0.312089
1 -0.800819 -0.728791 0.311073
2 -0.805996 -0.763036 0.312638
3 -0.830281 -0.645611 0.312429
1 -0.820327 -0.712781 0.309782
1 -0.774536 -0.865551 0.313282
3 -0.737743 -1.08024 0.313113
1 -0.88866 -0.57883 0.300078
1 -0.865452 -0.55601 0.306393
1 -0.742229 -1.10315 0.315404
2 -0.695519 -1.10722 0.32007
10 -0.676974 -1.13846 0.322621
2 -0.800002 -0.666933 0.319901
6 -0.821153 -0.570879 0.321919
1 -0.82169 -0.610704 0.318683
10 -0.788705 -0.8446 0.31264
4 -0.85704 -0.61909 0.31177
1 -0.800885 -0.720724 0.322779
1 -0.75295 -0.886585 0.320718
4 -0.736061 -0.860036 0.32179
1 -0.809397 -0.763905 0.309258
2 -0.95912 -0.132036 0.305816
3 -0.920496 -0.205926 0.308597
1 -0.855077 -0.405121 0.314148
1 -0.805326 -0.656133 0.317702
2 -0.837543 -0.709072 0.308946
5 -0.847861 -0.415582 0.319947
2 -0.836824 -0.643604 0.312567
2 -0.787588 -0.860673 0.316482
1 -0.887658 -0.580489 0.305016
1 -0.885058 -0.431567 0.303308
4 -0.886103 -0.441752 0.304171
5 -0.881445 -0.449061 0.305491
15 -0.828403 -0.719336 0.307499
2 -0.896659 -0.298356 0.317896
1 -0.937886 -0.260928 0.303373
6 -0.834777 -0.571904 0.307681
1 -0.874169 -0.426665 0.308001
2 -0.827638 -0.61166 0.30898
3 -0.840062 -0.639571 0.310059
2 -0.849902 -0.594419 0.310162
2 -0.861825 -0.533815 0.313559
6 -0.806464 -0.656963 0.315435
3 -0.807464 -0.708878 0.313366
1 -0.891545 -0.459832 0.307734
3 -0.882988 -0.530153 0.308904
5 -0.855363 -0.522622 0.307808
2 -0.88997 -0.365223 0.305841
5 -0.905007 -0.352052 0.298664
1 -0.96109 -0.250393 0.298225
3 -0.83755 -0.48272 0.311669
3 -0.944666 -0.19166 0.308027
3 -0.90257 -0.331981 0.31739
2 -0.905059 -0.403322 0.314027
2 -0.916125 -0.391873 0.308363
5 -0.932007 -0.424815 0.308475
9 -0.916331 -0.396046 0.308979
1 -0.885246 -0.579832 0.306433
1 -0.844569 -0.734467 0.309223
3 -0.845668 -0.509383 0.31829
2 -0.799597 -0.722008 0.319833
2 -0.880683 -0.427224 0.313293
3 -0.861162 -0.474247 0.315393
3 -0.811635 -0.587667 0.317014
14 -0.847727 -0.46001 0.314906
1 -0.78776 -0.816417 0.32171
4 -0.861311 -0.659186 0.313353
2 -0.769742 -0.917233 0.323733
4 -0.722867 -1.10949 0.318886
3 -0.700988 -1.2254 0.321102
1 -0.666446 -1.17914 0.323249
1 -0.660625 -1.15755 0.32113
1 -0.851089 -0.624487 0.309485
1 -0.879884 -0.513521 0.305282
7 -0.87156 -0.531637 0.307604
4 -0.866809 -0.600691 0.307781
2 -0.812239 -0.797476 0.311647
3 -0.778103 -0.831729 0.319938
2 -0.768617 -0.790789 0.321229
4 -0.848065 -0.37495 0.31792
1 -0.807336 -0.637249 0.312756
4 -0.84561 -0.638463 0.305109
1 -0.909255 -0.344729 0.307656
6 -0.803358 -0.711455 0.315293
2 -0.75278 -1.03826 0.314407
1 -0.899076 -0.480218 0.307463
3 -0.858762 -0.581694 0.302799
1 -0.836294 -0.685063 0.31032
2 -0.769154 -0.864539 0.313393
1 -0.817783 -0.692408 0.309208
2 -0.807659 -0.768696 0.307894
1 -0.857236 -0.584484 0.305926
7 -0.935058 -0.301292 0.307354
2 -0.872042 -0.392587 0.312388
1 -0.790647 -0.788452 0.315019
8 -0.83921 -0.683271 0.301178
3 -0.747955 -1.12862 0.314975
3 -0.78246 -0.69789 0.317361
10 -0.809466 -0.633364 0.319751
1 -0.878112 -0.380047 0.314512
9 -0.819178 -0.63763 0.313401
1 -0.863211 -0.511669 0.315218
2 -0.855115 -0.550643 0.313592
1 -0.838268 -0.731171 0.304999
1 -0.766574 -0.882064 0.309869
8 -0.789805 -0.793448 0.307216
3 -0.806964 -0.731378 0.308056
1 -0.964293 -0.301896 0.305539
2 -0.897101 -0.388611 0.30868
2 -0.883359 -0.5367 0.306806
2 -0.806737 -0.720214 0.310293
5 -0.770552 -0.797273 0.312227
5 -0.812545 -0.752071 0.307563
9 -0.864167 -0.576537 0.305133
1 -0.796799 -0.850832 0.310255
1 -0.78886 -0.706443 0.30961
2 -0.850649 -0.483123 0.30854
1 -0.865421 -0.420524 0.308152
3 -0.800987 -0.697941 0.317319
2 -0.794477 -0.813252 0.312671
1 -0.812662 -0.697816 0.312573
8 -0.821185 -0.6501 0.312914
1 -0.84456 -0.663426 0.311647
18 -0.835643 -0.639372 0.314261
5 -0.872011 -0.459001 0.312638
1 -0.814114 -0.670903 0.314075
1 -0.81404 -0.680475 0.315321
8 -0.801237 -0.725914 0.315593
1 -0.846454 -0.656053 0.312142
1 -0.863417 -0.638651 0.310418
2 -0.927018 -0.543521 0.298378
1 -0.867416 -0.885169 0.297178
1 -0.9151 -0.638819 0.302558
3 -0.795514 -0.957625 0.309324
2 -0.850505 -0.692862 0.304043
1 -0.838843 -0.721252 0.311858
4 -0.827797 -0.707153 0.318203
2 -0.851246 -0.718738 0.306902
1 -0.915894 -0.416095 0.304886
2 -0.854799 -0.542839 0.310939
3 -0.869806 -0.510052 0.307817
3 -0.843145 -0.657035 0.308181
1 -0.961466 -0.154389 0.309928
1 -0.898382 -0.38902 0.311851
3 -0.833818 -0.628177 0.30968
1 -0.830355 -0.554913 0.314732
2 -0.788352 -0.625661 0.319508
4 -0.757744 -0.748158 0.315214
4 -0.784917 -0.723711 0.306586
2 -0.833129 -0.501411 0.308547
2 -0.803054 -0.709803 0.318445
5 -0.836143 -0.530662 0.320245
1 -0.830182 -0.496017 0.322217
1 -0.858834 -0.455166 0.316173
10 -0.843736 -0.473218 0.314236
1 -0.795149 -0.65521 0.319998
2 -0.829691 -0.645609 0.317772
6 -0.793339 -0.80744 0.316828
11 -0.872026 -0.469002 0.313196
4 -0.910353 -0.409959 0.306946
4 -0.85537 -0.691156 0.305506
1 -0.886467 -0.476973 0.306046
2 -0.900325 -0.364046 0.307513
3 -0.87366 -0.442118 0.314963
1 -0.930451 -0.251683 0.311816
2 -0.905238 -0.465478 0.31
1 -0.888997 -0.575163 0.307334
2 -0.887399 -0.385264 0.311824
1 -0.765553 -0.93498 0.319306
1 -0.830855 -0.803979 0.308997
1 -0.802749 -0.768064 0.315272
2 -0.801939 -0.804917 0.313575
2 -0.834225 -0.664355 0.311174
2 -0.782958 -0.743577 0.31137
1 -0.896629 -0.412565 0.301849
1 -0.849233 -0.587685 0.307116
4 -0.883173 -0.35628 0.308177
2 -0.765733 -0.741491 0.317684
2 -0.8893 -0.195066 0.315086
2 -0.839106 -0.459948 0.315968
2 -0.883235 -0.314892 0.31002
2 -0.781134 -0.809678 0.309466
2 -0.83994 -0.644788 0.307329
1 -0.882576 -0.625129 0.299295
1 -0.910136 -0.48247 0.302041
1 -0.917241 -0.370973 0.301654
3 -0.876849 -0.514128 0.305477
6 -0.797566 -0.623868 0.318013
5 -0.902844 -0.361021 0.308726
2 -0.873379 -0.487588 0.308815
1 -0.850395 -0.561001 0.311562
6 -0.879139 -0.434364 0.317258
1 -0.863803 -0.540284 0.310462
2 -0.732078 -0.873763 0.325154
1 -0.770676 -0.769823 0.311517
6 -0.834393 -0.534637 0.309323
2 -0.846788 -0.50833 0.309676
4 -0.855571 -0.441116 0.312106
2 -0.838383 -0.559471 0.309583
2 -0.794699 -0.792274 0.308372
4 -0.811833 -0.722532 0.314943
1 -0.793202 -0.835954 0.313607
3 -0.810553 -0.717198 0.318618
3 -0.803265 -0.664821 0.320907
1 -0.852727 -0.440136 0.315009
4 -0.807392 -0.563215 0.32086
2 -0.833229 -0.478431 0.320142
1 -0.831903 -0.467836 0.320891
1 -0.780444 -0.68002 0.31894
3 -0.771446 -0.730028 0.326049
1 -0.739141 -0.847173 0.327419
7 -0.70608 -1.23673 0.320829
1 -0.848975 -0.612184 0.313081
1 -0.862734 -0.718688 0.308192
1 -0.870848 -0.69843 0.307159
1 -0.821074 -0.807214 0.313807
1 -0.792081 -0.767298 0.316334
1 -0.790752 -0.736347 0.3181
12 -0.758692 -0.85627 0.324451
4 -0.796387 -0.543251 0.330277
2 -0.780769 -0.825385 0.319426
2 -0.853063 -0.631914 0.311599
1 -0.856668 -0.570103 0.312066
3 -0.861187 -0.619233 0.307386
5 -0.859198 -0.612132 0.308293
1 -0.861354 -0.571686 0.310067
2 -0.842488 -0.656696 0.312734
8 -0.807047 -0.719775 0.314753
1 -0.831926 -0.430651 0.315674
2 -0.851133 -0.345313 0.315707
1 -0.878214 -0.359319 0.313484
5 -0.924754 -0.349029 0.304332
1 -0.874235 -0.421499 0.311543
3 -0.82387 -0.673013 0.312808
1 -0.821411 -0.699517 0.309154
1 -0.912799 -0.409664 0.314112
1 -0.868867 -0.514212 0.313012
6 -0.853923 -0.628241 0.306193
1 -0.844748 -0.613512 0.311663
1 -0.81954 -0.691164 0.314807
3 -0.85979 -0.576012 0.312582
6 -0.879728 -0.473054 0.31159
4 -0.846724 -0.693653 0.309866
1 -0.852798 -0.58553 0.310428
1 -0.857859 -0.54358 0.311775
2 -0.861113 -0.491232 0.312682
2 -0.822486 -0.597129 0.316617
1 -0.813574 -0.641025 0.312204
2 -0.781127 -0.695677 0.317397
2 -0.764742 -0.699769 0.320954
1 -0.815684 -0.460917 0.318292
7 -0.918863 -0.375154 0.306928
1 -0.890577 -0.478135 0.31054
3 -0.835487 -0.623379 0.314519
2 -0.799005 -0.715124 0.317482
1 -0.896597 -0.513291 0.304302
1 -0.891758 -0.542909 0.304679
4 -0.864932 -0.657243 0.308265
2 -0.883977 -0.534631 0.308551
3 -0.870281 -0.553986 0.307188
8 -0.780927 -0.798281 0.319692
1 -0.829801 -0.792736 0.309749
1 -0.788124 -0.895536 0.315451
14 -0.768744 -0.947914 0.313372
4 -0.702298 -1.00001 0.316685
8 -0.690847 -1.12051 0.319158
4 -0.822615 -0.806494 0.303361
2 -0.914806 -0.217594 0.309694
1 -0.953734 -0.193459 0.302491
2 -0.82069 -0.729736 0.30963
4 -0.775941 -0.778318 0.316423
2 -0.829433 -0.598366 0.311956
4 -0.74145 -0.906935 0.314058
1 -0.760988 -0.819244 0.32045
7 -0.796791 -0.66296 0.312978
1 -0.819106 -0.7362 0.307196
10 -0.811587 -0.83995 0.306126
1 -0.825322 -0.721837 0.310964
1 -0.897338 -0.34241 0.306465
1 -0.856221 -0.534573 0.303926
3 -0.825466 -0.610175 0.312854
1 -0.724094 -0.972961 0.323254
2 -0.757683 -0.764425 0.318406
1 -0.865807 -0.57224 0.30232
9 -0.909911 -0.416501 0.306708
1 -0.882723 -0.495975 0.307564
5 -0.865091 -0.57676 0.30874
2 -0.802868 -0.722158 0.313382
6 -0.785484 -0.724275 0.32003
2 -0.77937 -0.817578 0.314509
2 -0.775955 -0.781422 0.317987
1 -0.788856 -0.680851 0.317179
1 -0.772079 -0.711039 0.324115
1 -0.747866 -0.798391 0.326138
1 -0.780461 -0.590191 0.322157
6 -0.826659 -0.714109 0.307768
6 -0.885542 -0.543085 0.305746
6 -0.874854 -0.441048 0.305523
3 -0.862914 -0.673081 0.306415
2 -0.843412 -0.579857 0.316931
1 -0.864579 -0.565695 0.312885
3 -0.886075 -0.463683 0.307907
1 -0.929546 -0.251121 0.310707
1 -0.844716 -0.580463 0.31246
2 -0.893246 -0.40472 0.308072
5 -0.85251 -0.691929 0.307506
1 -0.904384 -0.507493 0.305258
1 -0.874725 -0.594042 0.304095
1 -0.906256 -0.480175 0.304346
1 -0.81037 -0.829425 0.309215
5 -0.802438 -0.73132 0.316982
1 -0.78946 -0.752324 0.316794
1 -0.792982 -0.752195 0.316309
1 -0.850364 -0.6779 0.312012
4 -0.848102 -0.587881 0.30659
2 -0.812043 -0.827779 0.309114
1 -0.85916 -0.438497 0.321334
1 -0.862667 -0.447988 0.317481
1 -0.839417 -0.621458 0.310831
4 -0.865504 -0.57477 0.303556
2 -0.903357 -0.452147 0.300641
1 -0.89959 -0.510387 0.300928
9 -0.84171 -0.54048 0.309155
2 -0.752808 -0.79395 0.314756
2 -0.740717 -1.02377 0.316974
4 -0.849064 -0.555865 0.315481
6 -0.824774 -0.653034 0.314716
12 -0.867879 -0.485189 0.313281
3 -0.843065 -0.548657 0.316366
3 -0.818316 -0.627195 0.320741
7 -0.897347 -0.428088 0.310483
5 -0.895914 -0.435236 0.310504
2 -0.856193 -0.620357 0.308968
3 -0.713189 -1.1812 0.311556
2 -0.801292 -0.744178 0.308624
1 -0.893054 -0.467131 0.302973
4 -0.904812 -0.409884 0.306742
5 -0.86973 -0.547039 0.30759
1 -0.845126 -0.521978 0.310312
2 -0.845699 -0.514632 0.311625
3 -0.779171 -0.797879 0.315746
6 -0.845259 -0.614319 0.301839
1 -0.835943 -0.738992 0.302674
2 -0.806269 -0.769987 0.311956
1 -0.853334 -0.502413 0.312628
2 -0.80718 -0.661098 0.315028
2 -0.771158 -0.876901 0.318076
3 -0.814243 -0.743694 0.315251
4 -0.823408 -0.707181 0.30712
2 -0.768354 -0.821774 0.317865
2 -0.904167 -0.302887 0.310513
2 -0.867576 -0.583206 0.307022
1 -0.903288 -0.314201 0.30678
1 -0.877219 -0.334115 0.315832
1 -0.873019 -0.509387 0.313436
3 -0.79904 -0.751878 0.318832
3 -0.760098 -0.808571 0.315523
5 -0.860426 -0.658954 0.311747
4 -0.788517 -0.950985 0.315173
2 -0.853995 -0.502787 0.31266
1 -0.767354 -0.735951 0.31842
3 -0.73486 -0.962967 0.320485
1 -0.76382 -0.845215 0.316349
1 -0.778886 -0.820277 0.314392
19 -0.700608 -1.11344 0.321649
1 -0.728999 -0.99757 0.31335
1 -0.743569 -0.940171 0.306736
1 -0.765904 -0.99244 0.310841
4 -0.816651 -0.672674 0.315742
3 -0.823463 -0.724693 0.308108
1 -0.820849 -0.701181 0.312267
4 -0.797578 -0.735212 0.317676
5 -0.820236 -0.604879 0.316523
1 -0.864577 -0.413273 0.314644
1 -0.772296 -0.827176 0.3188
2 -0.850628 -0.605495 0.312479
1 -0.787719 -0.789927 0.319998
1 -0.830644 -0.633055 0.319076
3 -0.847445 -0.620267 0.31819
1 -0.838134 -0.717035 0.317959
1 -0.927128 -0.38935 0.307278
3 -0.822815 -0.647785 0.312867
2 -0.827157 -0.673468 0.309414
4 -0.876618 -0.433873 0.311376
2 -0.81537 -0.725683 0.308583
8 -0.91391 -0.279667 0.303367
2 -0.948028 -0.189822 0.304222
7 -0.873536 -0.362872 0.311908
4 -0.911425 -0.196078 0.31014
3 -0.896471 -0.288695 0.311272
5 -0.85016 -0.869471 0.302419
1 -0.814649 -0.869672 0.309241
3 -0.79115 -0.912167 0.308455
2 -0.777268 -0.872195 0.312486
1 -0.75396 -1.07936 0.307502
1 -0.772851 -0.93126 0.312991
1 -0.821834 -0.658314 0.312452
4 -0.843851 -0.40564 0.316385
4 -0.788682 -0.702982 0.312361
4 -0.88683 -0.416502 0.311013
2 -0.867829 -0.501429 0.309738
3 -0.895514 -0.460861 0.309044
3 -0.896232 -0.40356 0.308501
3 -0.858723 -0.568873 0.303791
3 -0.892665 -0.498287 0.301035
3 -0.911217 -0.274313 0.309081
1 -0.925109 -0.289229 0.307952
5 -0.927173 -0.295734 0.313793
1 -0.885089 -0.356615 0.318758
1 -0.808808 -0.641563 0.317952
1 -0.857686 -0.61361 0.30496
6 -0.855923 -0.45254 0.313441
1 -0.863907 -0.302908 0.320588
1 -0.868572 -0.436094 0.324663
6 -0.876976 -0.499661 0.321809
2 -0.84672 -0.661672 0.316574
3 -0.903591 -0.522767 0.308294
2 -0.804881 -0.652631 0.316406
1 -0.80841 -0.567278 0.321109
4 -0.78129 -0.645412 0.324964
1 -0.869449 -0.320919 0.321204
1 -0.926299 -0.175761 0.320433
2 -0.894269 -0.253229 0.323335
2 -0.837182 -0.458862 0.32668
4 -0.900045 -0.325268 0.323264
1 -0.852243 -0.481013 0.312151
2 -0.88503 -0.367595 0.316103
1 -0.995499 -0.214045 0.300958
1 -0.975359 -0.107859 0.306307
3 -0.833154 -0.603287 0.320387
1 -0.855057 -0.517852 0.317585
1 -0.795184 -0.628099 0.318338
2 -0.802017 -0.544956 0.31451
1 -0.789553 -0.661531 0.314316
3 -0.796582 -0.679248 0.312002
1 -0.793109 -0.618322 0.31736
1 -0.812347 -0.621263 0.314589
1 -0.831942 -0.579319 0.313289
1 -0.808426 -0.592588 0.312582
2 -0.808768 -0.692601 0.311893
4 -0.821439 -0.673163 0.306033
2 -0.850857 -0.633316 0.306331
1 -0.824665 -0.610804 0.320376
2 -0.913785 -0.277957 0.310507
1 -0.971766 -0.25432 0.299819
8 -0.965852 -0.203066 0.299793
3 -0.797575 -0.83842 0.307525
7 -0.84181 -0.578502 0.303805
1 -0.820976 -0.61726 0.313176
2 -0.804711 -0.638039 0.318253
1 -0.969563 -0.235636 0.305032
1 -0.925866 -0.346772 0.3014
1 -0.905828 -0.339364 0.304469
1 -0.84873 -0.58368 0.314272
2 -0.811139 -0.586656 0.308939
1 -0.869459 -0.489423 0.305034
3 -0.942721 -0.229598 0.302177
3 -0.944764 -0.118531 0.306988
5 -0.915515 -0.246629 0.306901
1 -0.863749 -0.396035 0.313256
3 -0.877793 -0.373103 0.309713
3 -0.862594 -0.557808 0.306839
8 -0.891133 -0.404663 0.308403
2 -0.735824 -0.977594 0.315224
4 -0.725313 -0.995943 0.318231
1 -0.775018 -0.763554 0.316735
3 -0.814256 -0.663617 0.316371
2 -0.794655 -0.710416 0.313616
1 -0.809672 -0.70439 0.309324
2 -0.843401 -0.683694 0.31103
1 -0.837462 -0.662401 0.304767
1 -0.827729 -0.643506 0.306549
3 -0.87674 -0.458793 0.304909
1 -0.888747 -0.341585 0.30903
6 -0.794064 -0.569213 0.31528
10 -0.856879 -0.412817 0.311676
8 -0.801856 -0.832016 0.310343
7 -0.819926 -0.645712 0.314041
1 -0.827002 -0.629174 0.313937
2 -0.828823 -0.54388 0.314215
1 -0.764523 -0.929356 0.315754
1 -0.95709 -0.107513 0.311333
1 -1.0014 -0.011822 0.306217
3 -0.972872 -0.188132 0.306129
5 -0.977603 -0.18376 0.305936
3 -1.00019 -0.140776 0.300589
2 -0.98808 -0.179545 0.301336
1 -1.01656 -0.120113 0.29897
2 -0.80175 -0.746495 0.313911
4 -0.89247 -0.332543 0.312957
1 -0.835736 -0.739635 0.30631
1 -0.72762 -1.01665 0.315346
2 -0.854179 -0.546644 0.30652
1 -0.841078 -0.596664 0.306759
3 -0.78735 -0.701068 0.314407
3 -0.7821 -0.711224 0.315508
1 -0.737037 -0.912288 0.320603
3 -0.734641 -0.948629 0.321586
4 -0.775652 -0.91261 0.318765
3 -0.831062 -0.754742 0.307733
1 -0.842397 -0.510012 0.311907
4 -0.784211 -0.612596 0.323958
4 -0.855539 -0.338908 0.315557
4 -0.779984 -0.871657 0.306738
5 -0.760457 -1.03696 0.306559
3 -0.912399 -0.512112 0.298588
5 -0.815875 -0.688127 0.311675
5 -0.807214 -0.687487 0.31473
3 -0.798805 -0.682667 0.314993
2 -0.793606 -0.689395 0.315856
2 -0.777444 -0.842982 0.311346
6 -0.812855 -0.686799 0.311201
6 -0.817085 -0.61508 0.312629
1 -0.817835 -0.602973 0.313349
2 -0.791084 -0.708995 0.311441
5 -0.899583 -0.396051 0.305049
1 -0.882042 -0.414459 0.308883
2 -0.776166 -0.735032 0.323658
1 -0.702625 -1.07959 0.324498
5 -0.764199 -0.821736 0.320252
3 -0.868614 -0.477121 0.31256
1 -0.96579 -0.26445 0.305064
2 -0.910744 -0.332186 0.317391
2 -0.78676 -0.74373 0.316238
1 -0.831405 -0.630991 0.318251
2 -0.812272 -0.616831 0.308369
1 -0.853188 -0.562299 0.304745
6 -0.874663 -0.60783 0.300835
5 -0.914902 -0.437286 0.299824
1 -0.904478 -0.439942 0.306274
1 -0.803513 -0.74959 0.314258
1 -0.89705 -0.317428 0.314229
4 -0.886783 -0.505922 0.303707
1 -0.863645 -0.553286 0.30391
1 -0.778865 -0.76236 0.314217
4 -0.776322 -0.765582 0.31459
2 -0.852793 -0.622514 0.304899
1 -0.863156 -0.688882 0.303721
1 -0.805313 -0.765654 0.310675
1 -0.839608 -0.574952 0.31093
8 -0.916168 -0.427286 0.303305
2 -0.918236 -0.421861 0.303433
2 -0.911874 -0.522489 0.310241
3 -0.903831 -0.32448 0.316152
1 -0.886273 -0.489737 0.309099
3 -0.822469 -0.579928 0.310204
2 -0.808066 -0.580165 0.312773
1 -0.78494 -0.718397 0.318044
1 -0.8003 -0.643961 0.32113
5 -0.778577 -0.85393 0.315727
20 -0.830179 -0.539976 0.312496
5 -0.830056 -0.625184 0.307659
6 -0.884649 -0.614633 0.302479
3 -0.868336 -0.565146 0.303407
1 -0.795911 -0.697598 0.31833
4 -0.82791 -0.72121 0.310003
2 -0.749237 -0.867574 0.318523
1 -0.798541 -0.586907 0.321759
1 -0.870178 -0.374116 0.313767
1 -0.857427 -0.546748 0.310672
1 -0.890605 -0.346586 0.310044
13 -0.839669 -0.466256 0.314093
9 -0.875526 -0.512049 0.307315
8 -0.908567 -0.398997 0.307383
3 -0.911122 -0.343075 0.311343
1 -0.916995 -0.333577 0.307046
2 -0.883752 -0.558401 0.303704
9 -0.851846 -0.682407 0.307147
5 -0.844823 -0.570487 0.316465
4 -0.846657 -0.582916 0.316283
1 -0.914496 -0.436893 0.306267
3 -0.89497 -0.571351 0.304717
4 -0.857052 -0.58347 0.309394
1 -0.910216 -0.471996 0.300455
2 -0.867374 -0.539337 0.307661
2 -0.750783 -0.876569 0.312757
4 -0.782698 -0.865596 0.307181
5 -0.80542 -0.774451 0.309367
1 -0.758339 -0.936458 0.307761
2 -0.784997 -0.720968 0.31331
1 -0.810063 -0.638146 0.312576
1 -0.913894 -0.453496 0.307325
1 -0.820028 -0.693824 0.31567
1 -0.865236 -0.60922 0.303471
1 -0.812159 -0.887857 0.307023
4 -0.801433 -0.790729 0.316077
2 -0.789914 -0.782709 0.315909
1 -0.818271 -0.741502 0.314902
6 -0.768209 -0.901716 0.313127
4 -0.879774 -0.439069 0.309225
1 -0.868143 -0.433715 0.310366
1 -0.859727 -0.493542 0.311899
1 -0.840704 -0.607355 0.312453
1 -0.823007 -0.705083 0.311808
1 -0.761647 -0.817144 0.315183
1 -0.777048 -0.76318 0.31547
1 -0.798982 -0.676182 0.310877
1 -0.798603 -0.669737 0.312099
3 -0.861496 -0.396929 0.308418
2 -0.89043 -0.304543 0.307994
4 -0.871884 -0.460643 0.309356
1 -0.886031 -0.415153 0.311817
1 -0.841273 -0.490273 0.313713
1 -0.845645 -0.463219 0.315339
1 -0.861285 -0.398551 0.315162
1 -0.848384 -0.442034 0.31667
7 -0.740787 -1.00702 0.317165
4 -0.697837 -1.22208 0.317463
5 -0.836582 -0.725045 0.308812
3 -0.827169 -0.586408 0.31597
3 -0.919877 -0.297092 0.30808
4 -0.926347 -0.282334 0.30833
5 -0.902913 -0.457235 0.306248
4 -0.910286 -0.395352 0.306592
5 -0.813366 -0.662996 0.319626
2 -0.805802 -0.662499 0.320247
1 -0.780662 -0.801707 0.314476
1 -0.83751 -0.5711 0.310792
2 -0.874293 -0.549169 0.304945
1 -0.893073 -0.477368 0.302664
2 -0.879533 -0.424998 0.309267
11 -0.877966 -0.448245 0.311158
1 -0.825221 -0.636536 0.313566
4 -0.816993 -0.810107 0.307341
3 -0.876619 -0.573652 0.307367
3 -0.959941 -0.296275 0.304141
3 -0.874735 -0.541998 0.310699
1 -0.907605 -0.445519 0.306335
1 -0.899068 -0.47643 0.306515
1 -0.822274 -0.751471 0.30992
5 -0.826839 -0.734289 0.30969
2 -0.965957 -0.219683 0.309053
1 -0.887337 -0.407398 0.31025
5 -0.819544 -0.625624 0.31557
10 -0.776371 -0.814335 0.314105
5 -0.890117 -0.483041 0.310745
5 -0.89282 -0.475279 0.311065
1 -0.84043 -0.747054 0.313678
4 -0.833573 -0.651944 0.317283
4 -0.854376 -0.641013 0.314535
2 -0.922607 -0.366181 0.310649
1 -0.828745 -0.596691 0.313385
2 -0.840126 -0.551274 0.31278
1 -0.833923 -0.46184 0.315145
3 -0.911152 -0.302026 0.311673
1 -0.916796 -0.206465 0.311727
5 -0.907441 -0.287002 0.305831
3 -0.964476 -0.0894495 0.310561
8 -0.94445 -0.280473 0.306423
1 -0.921013 -0.373799 0.314286
1 -0.86438 -0.649825 0.312397
2 -0.882669 -0.504164 0.307002
1 -0.863149 -0.522541 0.307625
3 -0.935241 -0.153261 0.310329
3 -0.777331 -0.852081 0.321322
1 -0.782747 -0.658566 0.319191
2 -0.857909 -0.36352 0.318075
11 -0.901651 -0.356266 0.308403
2 -0.881688 -0.398972 0.314212
4 -0.908881 -0.23089 0.31443
1 -0.920654 -0.25065 0.30566
1 -0.822061 -0.713129 0.312722
5 -0.762016 -0.955764 0.307899
5 -0.790706 -0.855876 0.309938
2 -0.726191 -1.11411 0.318515
4 -0.810803 -0.70217 0.314504
1 -0.873935 -0.466442 0.3122
1 -0.883119 -0.580687 0.306778
6 -0.852761 -0.623397 0.311802
1 -0.809037 -0.809909 0.303768
12 -0.767565 -0.875438 0.305317
12 -0.826214 -0.585473 0.31366
2 -0.884867 -0.493872 0.302375
4 -0.793788 -0.74901 0.311373
1 -0.793522 -0.801725 0.308971
5 -0.794065 -0.871394 0.31137
5 -0.784169 -0.934599 0.304061
3 -0.819021 -0.665234 0.308271
2 -0.808313 -0.861639 0.30224
9 -0.832114 -0.731115 0.309889
1 -0.816349 -0.86598 0.305071
1 -0.735193 -1.03024 0.315681
1 -0.758024 -0.995278 0.311693
1 -0.803537 -0.732787 0.307177
10 -0.751151 -0.85638 0.317127
6 -0.837287 -0.591839 0.307863
3 -0.912632 -0.280372 0.310516
2 -0.901513 -0.384643 0.304905
2 -0.871968 -0.437726 0.308017
1 -0.821429 -0.663168 0.308248
1 -0.858931 -0.646741 0.3102
1 -0.7868 -0.925408 0.311243
2 -0.85206 -0.59712 0.30936
2 -0.852854 -0.591789 0.309317
2 -0.876032 -0.546588 0.305268
4 -0.837018 -0.719953 0.312673
1 -0.833114 -0.6506 0.314554
8 -0.854699 -0.614677 0.315359
4 -0.827477 -0.712004 0.311814
2 -0.838223 -0.648032 0.312307
1 -0.857691 -0.613694 0.309797
1 -0.862748 -0.563544 0.306976
2 -0.866925 -0.462433 0.308099
8 -0.865359 -0.441779 0.309918
1 -0.914267 -0.295354 0.314767
7 -0.82703 -0.535009 0.320872
1 -0.834864 -0.585103 0.313275
2 -0.879998 -0.345191 0.305606
3 -0.924076 -0.24176 0.299277
10 -0.833915 -0.525455 0.311764
2 -0.921564 -0.22783 0.311843
3 -0.888746 -0.232992 0.313328
1 -0.848952 -0.461726 0.309597
1 -0.903741 -0.31214 0.308851
1 -0.874833 -0.404349 0.310824
1 -0.742259 -1.06924 0.313369
1 -0.744514 -1.14673 0.309787
5 -0.744261 -1.14045 0.310202
2 -0.747306 -0.955751 0.316548
5 -0.896773 -0.424116 0.309543
1 -0.878829 -0.406316 0.308801
3 -0.921263 -0.467049 0.301129
1 -0.874685 -0.567387 0.305784
2 -0.938038 -0.257424 0.304005
1 -0.915675 -0.249359 0.310688
7 -0.94772 -0.283333 0.305022
4 -0.94717 -0.278017 0.306338
6 -0.893153 -0.504531 0.303342
9 -0.871696 -0.591862 0.308568
1 -0.865362 -0.529317 0.308717
1 -0.79867 -0.715957 0.312126
6 -0.732139 -1.26469 0.307966
1 -0.822831 -0.906206 0.299267
1 -0.820822 -0.804621 0.307597
4 -0.831332 -0.66553 0.309489
2 -0.8496 -0.590814 0.308618
7 -0.719951 -0.874866 0.324375
2 -0.801677 -0.830575 0.312891
4 -0.744159 -0.907812 0.315123
1 -0.731222 -0.86019 0.318027
1 -0.746807 -0.838695 0.315319
1 -0.810753 -0.652746 0.311074
2 -0.789233 -0.722594 0.315932
1 -0.771821 -0.792217 0.313345
1 -0.817672 -0.623764 0.312461
7 -0.807898 -0.747165 0.306191
1 -0.790684 -0.798707 0.307496
5 -0.829973 -0.666692 0.308837
9 -0.826421 -0.645619 0.309631
1 -0.848084 -0.629887 0.303123
3 -0.781892 -0.949288 0.302038
1 -0.892917 -0.539485 0.297779
3 -0.863465 -0.662887 0.306928
6 -0.817017 -0.683071 0.305305
1 -0.816357 -0.581804 0.312044
1 -0.813044 -0.617449 0.316369
4 -0.741058 -0.919732 0.316376
2 -0.755625 -0.888717 0.314308
4 -0.88242 -0.487904 0.304794
1 -0.777603 -0.735957 0.318499
2 -0.783036 -0.688159 0.319461
2 -0.854101 -0.521715 0.316483
8 -0.827932 -0.614446 0.319835
1 -0.818834 -0.584893 0.319925
1 -0.860071 -0.478398 0.315076
2 -0.860326 -0.661063 0.303427
3 -0.837607 -0.745687 0.300855
2 -0.800947 -0.841395 0.308275
3 -0.81419 -0.788135 0.30913
2 -0.916935 -0.32303 0.308675
2 -0.907246 -0.34431 0.30913
1 -0.826574 -0.564929 0.317256
4 -0.87191 -0.456429 0.307324
1 -0.833629 -0.730497 0.305536
1 -0.828084 -0.594459 0.315878
6 -0.833925 -0.639412 0.312881
3 -0.9224 -0.450703 0.298261
2 -0.965107 -0.213123 0.304781
2 -0.979142 -0.176758 0.303444
1 -0.906818 -0.431099 0.303807
1 -0.795386 -0.908016 0.301426
6 -0.812529 -0.74773 0.305057
1 -0.879422 -0.68995 0.298323
4 -0.811802 -0.754199 0.308284
2 -0.795302 -0.78458 0.313145
2 -0.775576 -0.861031 0.309966
5 -0.87354 -0.385161 0.307649
1 -0.899425 -0.263885 0.307865
2 -0.874493 -0.384637 0.302219
1 -0.832336 -0.341728 0.319068
3 -0.789997 -0.618844 0.314626
4 -0.77735 -0.638255 0.316262
4 -0.782774 -0.64698 0.314381
1 -0.807571 -0.965318 0.300005
3 -0.769321 -1.07272 0.310069
3 -0.862533 -0.674077 0.309155
4 -0.882975 -0.484135 0.312338
1 -0.891832 -0.45661 0.311332
1 -0.920326 -0.466265 0.307843
7 -0.876044 -0.528761 0.312096
5 -0.875525 -0.426542 0.316678
6 -0.880251 -0.52537 0.303144
1 -0.806951 -0.540145 0.317675
2 -0.809798 -0.644724 0.323522
4 -0.852073 -0.646731 0.315325
2 -0.878398 -0.630852 0.300926
4 -0.919317 -0.531077 0.299852
3 -0.956312 -0.331747 0.297608
2 -0.868303 -0.629458 0.301872
3 -0.8468 -0.644331 0.303793
1 -0.885446 -0.448427 0.308862
2 -0.905506 -0.366 0.306526
15 -0.911252 -0.338509 0.306064
1 -0.803425 -0.588508 0.316107
3 -0.808892 -0.578491 0.315427
1 -0.896668 -0.437469 0.31098
2 -0.866389 -0.520527 0.315608
6 -0.835467 -0.712885 0.31096
2 -0.863306 -0.497121 0.312441
1 -0.851114 -0.568156 0.310651
2 -0.848763 -0.575999 0.310924
3 -0.844682 -0.624928 0.313024
1 -0.902593 -0.544534 0.304132
3 -0.887691 -0.646086 0.301694
1 -0.841357 -0.756012 0.3082
3 -0.958021 -0.421498 0.299786
3 -0.924569 -0.250235 0.30337
1 -0.854519 -0.374774 0.312341
2 -0.872688 -0.452863 0.309701
2 -0.853719 -0.541717 0.312046
2 -0.877213 -0.503233 0.309805
3 -0.82234 -0.691658 0.305981
2 -0.883133 -0.410977 0.305924
3 -0.83395 -0.726209 0.314747
2 -0.872791 -0.575589 0.309495
1 -0.756054 -0.871189 0.311659
1 -0.808365 -0.603697 0.313316
2 -0.809101 -0.591396 0.313729
1 -0.826353 -0.616233 0.309632
4 -0.841254 -0.506449 0.311232
1 -0.849455 -0.465209 0.310839
6 -0.877048 -0.395628 0.313547
1 -0.848129 -0.494424 0.311981
2 -0.883745 -0.510885 0.304865
2 -0.759203 -1.00178 0.316181
2 -0.72913 -0.957044 0.325398
1 -0.8587 -0.580736 0.312668
1 -0.912594 -0.440542 0.30377
5 -0.775518 -1.02408 0.308515
8 -0.893334 -0.465127 0.306148
4 -0.868886 -0.600117 0.304389
3 -0.854278 -0.611874 0.304973
1 -0.854278 -0.611874 0.304973
6 -0.91522 -0.435867 0.302238
1 -0.938832 -0.243467 0.30672
4 -0.910305 -0.306462 0.310575
1 -0.872715 -0.493191 0.311754
1 -0.862195 -0.585964 0.309993
1 -0.797944 -0.779666 0.314882
1 -0.820763 -0.722328 0.314049
3 -0.83798 -0.528379 0.308959
1 -0.808367 -0.450049 0.322812
3 -0.819482 -0.853217 0.313028
15 -0.806601 -0.792012 0.312102
1 -0.806735 -0.791745 0.311996
3 -0.828728 -0.725814 0.307493
4 -0.739584 -1.0542 0.317049
4 -0.821322 -0.530971 0.323456
1 -0.774633 -0.92965 0.316211
2 -0.725192 -0.991637 0.320916
1 -0.773 -0.957037 0.314206
2 -0.8245 -0.867656 0.305662
2 -0.816543 -0.845495 0.306118
1 -0.799628 -0.753787 0.313665
5 -0.779807 -0.799892 0.316042
2 -0.861208 -0.501467 0.311362
1 -0.850625 -0.521554 0.310041
6 -0.860723 -0.548352 0.307771
1 -0.813335 -0.745438 0.314118
9 -0.807284 -0.717352 0.317581
1 -0.855065 -0.493334 0.316031
1 -0.806365 -0.700367 0.316894
3 -0.93205 -0.401924 0.306162
1 -0.914207 -0.36118 0.306653
1 -0.804753 -0.788911 0.309524
8 -0.785667 -0.834182 0.311621
4 -0.897906 -0.389092 0.308604
1 -0.908631 -0.400105 0.30296
2 -0.899514 -0.423777 0.304111
3 -0.925596 -0.290738 0.302739
3 -0.894015 -0.399324 0.303669
2 -0.845669 -0.49963 0.315115
6 -0.872197 -0.463617 0.30283
2 -0.883941 -0.442081 0.299462
4 -0.869628 -0.4743 0.300637
1 -0.81918 -0.737679 0.303485
2 -0.832265 -0.725381 0.303628
5 -0.788691 -0.722455 0.314611
2 -0.756764 -0.90833 0.309657
2 -0.817746 -0.854123 0.30961
5 -0.815508 -0.849619 0.310269
1 -0.863783 -0.646278 0.307383
1 -0.823816 -0.753674 0.314166
2 -0.829949 -0.57371 0.320788
10 -0.919391 -0.26453 0.309943
9 -0.891768 -0.424024 0.311057
3 -0.789618 -0.933505 0.311875
1 -0.800933 -0.978138 0.3099
1 -0.799898 -0.91229 0.312109
3 -0.76996 -0.980037 0.306916
1 -0.827641 -0.767845 0.301955
1 -0.899213 -0.380354 0.306317
1 -0.832444 -0.433768 0.325387
2 -0.877217 -0.363443 0.319694
3 -0.888894 -0.422052 0.315982
1 -0.883382 -0.541639 0.310955
1 -0.870736 -0.612019 0.304204
6 -0.877118 -0.48432 0.306708
5 -0.803913 -0.707985 0.314045
1 -0.783134 -0.824217 0.31791
4 -0.757726 -0.860953 0.318112
2 -0.774576 -0.722885 0.317722
3 -0.893771 -0.44167 0.314654
1 -0.875496 -0.484031 0.317288
1 -0.847452 -0.786407 0.310611
5 -0.770599 -0.961293 0.310566
2 -0.857827 -0.591568 0.306265
12 -0.871951 -0.52789 0.305202
2 -0.859453 -0.527122 0.309563
1 -0.891403 -0.42029 0.305734
2 -0.910434 -0.351188 0.307974
4 -0.852773 -0.553918 0.31721
5 -0.881745 -0.488529 0.308463
5 -0.883192 -0.418086 0.31011
2 -0.76981 -0.769098 0.321972
3 -0.722214 -1.12097 0.318722
6 -0.80269 -0.843128 0.309161
1 -0.799377 -0.988647 0.306436
1 -0.873759 -0.582624 0.310322
6 -0.851614 -0.409902 0.313789
1 -0.809596 -0.572516 0.315587
4 -0.78899 -0.559864 0.324098
1 -0.824529 -0.453628 0.317881
2 -0.84105 -0.367764 0.318653
1 -0.849115 -0.382418 0.315102
1 -0.853175 -0.452946 0.313829
4 -0.820131 -0.724685 0.307483
4 -0.847376 -0.65158 0.308645
4 -0.891766 -0.56098 0.305073
4 -0.754359 -1.03772 0.311416
3 -0.741163 -0.975685 0.317213
3 -0.817933 -0.617771 0.313881
1 -0.841782 -0.550667 0.310334
3 -0.834444 -0.779496 0.303749
2 -0.874209 -0.649541 0.302944
5 -0.837473 -0.833763 0.310098
1 -0.80677 -0.833886 0.312439
3 -0.845188 -0.703306 0.306187
2 -0.775158 -0.980411 0.311656
3 -0.825048 -0.709277 0.311135
3 -0.810016 -0.76512 0.311494
2 -0.86197 -0.466256 0.311908
3 -0.864978 -0.558108 0.30574
1 -0.891442 -0.460908 0.310837
3 -0.94853 -0.171866 0.314377
1 -0.912946 -0.306002 0.318297
1 -1.03009 0.00891871 0.301254
2 -0.868699 -0.690071 0.307413
1 -0.839649 -0.705063 0.31687
3 -0.814341 -0.833385 0.316265
1 -0.938908 -0.38742 0.30183
1 -0.888255 -0.56186 0.301052
6 -0.909891 -0.405392 0.299596
3 -0.845681 -0.459243 0.30727
1 -0.824701 -0.49839 0.310543
5 -0.815612 -0.526286 0.31117
2 -0.763724 -0.744871 0.318959
1 -0.873627 -0.629389 0.311449
1 -0.956275 -0.091947 0.313977
2 -0.959679 -0.0547139 0.310204
5 -0.918289 -0.238491 0.31143
1 -0.841613 -0.468168 0.321586
1 -0.863913 -0.461554 0.312926
8 -0.882015 -0.51232 0.306776
6 -0.839379 -0.644298 0.308655
15 -0.83051 -0.709989 0.309175
7 -0.787506 -0.872773 0.316652
5 -0.850794 -0.427566 0.317922
8 -0.897132 -0.308519 0.310083
1 -0.896821 -0.345263 0.308113
1 -0.86138 -0.510813 0.314884
5 -0.860256 -0.428974 0.315795
1 -0.784291 -0.80657 0.318028
13 -0.77635 -0.696407 0.313947
4 -0.692484 -1.26925 0.31613
1 -0.726611 -1.20325 0.311311
3 -0.866886 -0.630535 0.304618
1 -0.827335 -0.702791 0.306427
1 -0.840422 -0.772843 0.305642
1 -0.843623 -0.737954 0.302909
1 -0.859266 -0.561689 0.299535
4 -0.909688 -0.404137 0.308645
1 -0.876158 -0.553961 0.30531
2 -0.791323 -0.809494 0.313236
2 -0.778182 -0.839468 0.311437
7 -0.772157 -0.93483 0.310836
2 -0.849281 -0.634013 0.302147
1 -0.97601 -0.15782 0.298391
2 -0.963792 -0.107723 0.305591
8 -0.895425 -0.293209 0.3134
1 -0.860848 -0.570689 0.309014
2 -0.808713 -0.521457 0.324384
2 -1.03183 0.0144185 0.306489
2 -0.946088 -0.0739356 0.317591
1 -0.770576 -0.793296 0.319676
1 -0.802569 -0.721893 0.312966
3 -0.856235 -0.405183 0.316332
8 -0.79559 -0.705105 0.319563
9 -0.84853 -0.563029 0.313391
1 -0.901984 -0.404361 0.307527
1 -0.890843 -0.439813 0.305982
1 -0.956987 -0.223949 0.307697
2 -0.843793 -0.73345 0.311602
5 -0.808592 -0.744289 0.32014
3 -0.813152 -0.803288 0.314597
1 -0.791902 -0.708693 0.316905
1 -0.847401 -0.453255 0.310692
2 -0.838291 -0.465873 0.313219
2 -0.748137 -0.916848 0.317743
3 -0.901314 -0.500842 0.302953
8 -0.89719 -0.440533 0.308061
5 -0.886916 -0.538308 0.302878
4 -0.793609 -0.667589 0.321053
1 -0.825284 -0.648639 0.316585
4 -0.735889 -0.970674 0.318543
3 -0.751282 -0.85482 0.321801
7 -0.754923 -0.875324 0.322343
1 -0.744646 -0.89879 0.32616
1 -0.738324 -0.942375 0.325348
2 -0.724156 -0.964535 0.315248
2 -0.739399 -0.948353 0.315191
2 -0.758813 -0.789496 0.315152
9 -0.773226 -0.80351 0.313966
12 -0.743445 -0.906259 0.314313
2 -0.761305 -0.969727 0.313415
8 -0.787166 -0.802959 0.321583
1 -0.769259 -0.803258 0.323585
2 -0.905744 -0.451183 0.305111
1 -0.882298 -0.438459 0.308927
14 -0.859772 -0.559866 0.310106
2 -0.827201 -0.625975 0.312816
1 -0.770859 -0.761131 0.320502
1 -0.870465 -0.473479 0.30926
1 -0.824069 -0.863668 0.305938
4 -0.82487 -0.670902 0.317534
2 -0.80349 -0.720117 0.314836
2 -0.864406 -0.599454 0.30605
1 -0.746167 -0.93457 0.309746
4 -0.758636 -0.862314 0.313979
4 -0.814402 -0.676771 0.313037
3 -0.823773 -0.656081 0.314394
1 -0.837323 -0.562154 0.313874
3 -0.829211 -0.787225 0.307204
4 -0.828691 -0.747836 0.307675
4 -0.892007 -0.500337 0.306357
2 -0.819162 -0.7499 0.308746
1 -0.971323 -0.220794 0.302221
3 -0.930053 -0.218117 0.308991
10 -0.915732 -0.263236 0.309571
3 -0.912889 -0.306453 0.309963
5 -0.887717 -0.440088 0.308356
3 -0.891208 -0.347085 0.310628
5 -0.901705 -0.308259 0.310159
3 -0.891339 -0.33537 0.311061
2 -0.897688 -0.30375 0.310703
2 -0.935243 -0.281774 0.305421
1 -0.916808 -0.454386 0.306726
4 -0.766252 -0.924199 0.319567
5 -0.723477 -0.966878 0.31608
1 -0.833165 -0.710615 0.305179
1 -0.810217 -0.729629 0.315447
2 -0.821352 -0.75868 0.315916
1 -0.790779 -0.912333 0.308945
5 -0.79717 -0.907564 0.3086
1 -0.789428 -0.861872 0.312743
5 -0.81294 -0.672006 0.311941
4 -0.791813 -0.710493 0.31601
1 -0.732548 -0.984084 0.319077
1 -0.719361 -0.908954 0.324221
1 -0.761559 -0.859428 0.312433
1 -0.908566 -0.462839 0.308057
1 -0.87533 -0.53851 0.315988
1 -0.866323 -0.469193 0.322742
2 -0.808467 -0.765263 0.314572
10 -0.831795 -0.669222 0.31489
3 -0.812043 -0.681258 0.317622
6 -0.795537 -0.667622 0.318615
1 -0.81353 -0.610387 0.317048
3 -0.841782 -0.596132 0.315976
2 -0.842929 -0.621294 0.312992
6 -0.806701 -0.741019 0.309277
4 -0.8846 -0.461243 0.304251
1 -0.90127 -0.36542 0.30817
1 -0.875896 -0.46565 0.308215
1 -0.895006 -0.538703 0.299267
1 -0.852557 -0.665034 0.308824
5 -0.827794 -0.692541 0.312204
1 -0.851443 -0.812281 0.306494
4 -0.793441 -0.831236 0.313175
1 -0.801366 -0.784795 0.312892
5 -0.8768 -0.48557 0.31626
1 -0.81598 -0.668272 0.317152
1 -0.885052 -0.421597 0.30658
2 -0.847483 -0.607996 0.306973
3 -0.837598 -0.710814 0.310678
2 -0.850511 -0.472598 0.318188
5 -0.867231 -0.411692 0.318413
2 -0.82546 -0.60543 0.315715
1 -0.850197 -0.570176 0.311097
2 -0.820537 -0.702174 0.321952
2 -0.793 -0.888471 0.30872
6 -0.802368 -0.721936 0.314968
1 -0.810055 -0.654671 0.317463
1 -0.71494 -0.93302 0.321589
2 -0.721421 -0.888986 0.322207
6 -0.781608 -0.743591 0.316529
3 -0.772217 -0.842775 0.312484
3 -0.777843 -0.781803 0.307999
2 -0.835572 -0.664431 0.299459
2 -0.88944 -0.458829 0.305406
1 -0.917034 -0.382409 0.304192
2 -0.993679 -0.180019 0.302275
1 -0.966357 -0.1865 0.303565
10 -0.961333 -0.184198 0.30389
6 -0.892821 -0.289216 0.310257
1 -0.962268 -0.170773 0.305244
1 -0.926692 -0.327444 0.303772
6 -0.801474 -0.642291 0.315145
6 -0.743988 -0.778095 0.322598
6 -0.776737 -0.811127 0.31833
3 -0.765425 -0.879604 0.314928
6 -0.795738 -0.723712 0.315412
4 -0.769867 -0.783717 0.310459
4 -0.779224 -0.701171 0.313506
3 -0.774352 -0.706511 0.314749
5 -0.789507 -0.666275 0.313872
1 -0.771919 -0.71148 0.316173
5 -0.849245 -0.571704 0.310614
4 -0.835549 -0.609603 0.317725
2 -0.859879 -0.512183 0.315395
5 -0.864363 -0.656788 0.307391
3 -0.80187 -0.843698 0.315603
9 -0.794141 -0.759064 0.317635
2 -0.782085 -0.900635 0.312526
1 -0.82951 -0.738263 0.310023
1 -0.822909 -0.561405 0.311692
1 -0.792635 -0.739518 0.312414
1 -0.801912 -0.705428 0.310013
1 -0.777513 -0.796599 0.30935
3 -0.847227 -0.539076 0.30494
3 -0.832492 -0.691332 0.306166
7 -0.841645 -0.575466 0.314203
2 -0.892587 -0.501775 0.306153
1 -0.830458 -0.681548 0.317423
1 -0.959723 -0.119138 0.311075
1 -0.924259 -0.390204 0.299388
1 -0.935698 -0.340798 0.298105
2 -0.968075 -0.162937 0.304566
2 -0.983955 -0.0939042 0.308129
2 -0.905445 -0.322293 0.314109
3 -0.937927 -0.178828 0.314075
3 -0.924559 -0.0860941 0.319255
4 -0.840097 -0.593415 0.308328
1 -0.846412 -0.567201 0.308498
2 -0.836567 -0.680587 0.311383
6 -0.856582 -0.453617 0.317015
1 -0.916497 -0.314749 0.309793
1 -0.947972 -0.271813 0.307671
2 -0.922692 -0.278131 0.306396
5 -0.805253 -0.76525 0.316033
1 -0.84467 -0.704243 0.314389
1 -0.82126 -0.860467 0.304967
2 -0.843325 -0.635368 0.307262
1 -0.845317 -0.540713 0.305409
1 -0.938423 -0.333085 0.30571
1 -1.02609 -0.0506359 0.297177
3 -0.831951 -0.628782 0.310515
1 -0.843517 -0.649059 0.307497
3 -0.851746 -0.563208 0.312686
2 -0.830928 -0.741263 0.311969
1 -0.853299 -0.637577 0.30474
2 -0.869825 -0.428876 0.316155
2 -0.88151 -0.385122 0.316178
2 -0.855474 -0.407491 0.318629
2 -0.782186 -0.842204 0.318276
4 -0.824231 -0.554864 0.316743
4 -0.827452 -0.582724 0.315659
5 -0.819631 -0.69396 0.315661
2 -0.787902 -0.668527 0.322665
1 -0.769953 -0.945893 0.316089
13 -0.760613 -0.90757 0.318005
1 -0.73035 -0.961322 0.319299
2 -0.757024 -0.935749 0.320178
2 -0.740627 -1.03186 0.317315
1 -0.74125 -1.0272 0.315204
3 -0.804416 -0.595852 0.309545
3 -0.845161 -0.477415 0.312859
4 -0.7879 -0.645487 0.317376
4 -0.789784 -0.637124 0.316373
2 -0.817656 -0.632359 0.315216
1 -0.86419 -0.49165 0.311695
6 -0.871898 -0.447508 0.313191
3 -0.895979 -0.401789 0.311634
4 -0.868478 -0.585643 0.304586
2 -0.84405 -0.674846 0.304343
1 -0.954523 -0.327923 0.302635
2 -0.885405 -0.597431 0.309869
1 -0.813525 -0.798044 0.309157
5 -0.780817 -0.658443 0.317986
1 -0.860986 -0.355709 0.319767
2 -0.824831 -0.592405 0.311294
1 -0.837743 -0.594222 0.309765
2 -0.765693 -0.821886 0.318916
8 -0.751642 -0.796177 0.32259
9 -0.81974 -0.540417 0.319172
1 -0.854228 -0.451669 0.317227
12 -0.847145 -0.545861 0.311797
8 -0.778662 -0.917774 0.314541
1 -0.766236 -0.897873 0.317044
7 -0.773872 -0.825987 0.316911
1 -0.776356 -0.815931 0.316681
1 -0.801625 -0.536294 0.32319
4 -0.817706 -0.488578 0.323521
1 -0.763414 -0.725997 0.319112
1 -0.853333 -0.479802 0.312835
1 -0.760862 -0.874106 0.318783
2 -0.791077 -0.734048 0.317121
7 -0.734533 -0.915234 0.318444
3 -0.775663 -0.722312 0.32163
5 -0.796457 -0.643758 0.31789
2 -0.778785 -0.675441 0.320459
2 -0.920266 -0.225233 0.309969
6 -0.842408 -0.59661 0.314704
5 -0.836227 -0.605631 0.315656
2 -0.925162 -0.273102 0.306835
1 -0.938205 -0.301891 0.300612
2 -0.919656 -0.453944 0.301122
1 -0.777254 -0.949296 0.305987
3 -0.884197 -0.441224 0.299012
1 -0.936139 -0.1775 0.303818
2 -0.942589 -0.303907 0.296507
3 -0.927832 -0.309746 0.298946
3 -0.800437 -0.688653 0.31405
2 -0.82048 -0.634434 0.307833
6 -0.833655 -0.768902 0.304266
2 -0.827713 -0.726643 0.306875
3 -0.820093 -0.751539 0.307427
3 -0.822561 -0.705198 0.309237
1 -0.84458 -0.589415 0.313139
1 -0.84978 -0.495351 0.310715
2 -0.88939 -0.407548 0.312553
8 -0.853531 -0.63195 0.30771
1 -0.794838 -0.834744 0.310107
1 -0.798483 -0.825482 0.315423
1 -0.820585 -0.789574 0.312328
1 -0.823791 -0.76969 0.312217
3 -0.815331 -0.780315 0.308234
1 -0.911873 -0.464153 0.304627
1 -0.842339 -0.663636 0.309913
1 -0.836165 -0.703338 0.309096
1 -0.846996 -0.673414 0.308935
3 -0.854203 -0.71749 0.309586
1 -0.870441 -0.625485 0.308766
5 -0.842795 -0.537703 0.31455
2 -0.84382 -0.541147 0.316179
1 -0.809379 -0.669184 0.320108
3 -0.776622 -0.717938 0.322545
4 -0.791117 -0.686853 0.321241
1 -0.722858 -0.858774 0.322315
3 -0.788769 -0.780753 0.311998
3 -0.784753 -0.79024 0.31641
1 -0.816538 -0.642146 0.31203
11 -0.794833 -0.724756 0.315714
1 -0.777237 -0.812044 0.317746
4 -0.809801 -0.772576 0.314269
2 -0.858505 -0.483239 0.309137
1 -0.886102 -0.448385 0.31333
4 -0.935394 -0.264608 0.313573
1 -0.891516 -0.452287 0.305198
1 -0.908422 -0.422413 0.303339
3 -0.85961 -0.53198 0.314674
1 -0.862113 -0.59992 0.3108
2 -0.877624 -0.559789 0.308066
2 -0.831032 -0.63159 0.312665
4 -0.839753 -0.613738 0.311984
3 -0.798856 -0.859671 0.308172
1 -0.804277 -0.832302 0.307235
3 -0.779193 -0.813395 0.316501
2 -0.818752 -0.740977 0.31104
6 -0.876116 -0.422225 0.313101
2 -0.860795 -0.452317 0.310463
2 -0.87233 -0.572496 0.308153
2 -0.83502 -0.676803 0.314663
1 -0.808292 -0.802586 0.314877
1 -0.831453 -0.723279 0.310544
6 -0.786309 -0.742459 0.313246
2 -0.735031 -0.878897 0.321659
1 -0.820384 -0.687928 0.313521
1 -0.855579 -0.608231 0.310892
2 -0.852112 -0.548304 0.313215
9 -0.845995 -0.531505 0.317172
2 -0.826268 -0.577586 0.315049
2 -0.839516 -0.532877 0.310613
2 -0.861747 -0.477662 0.308135
2 -0.8404 -0.429325 0.31405
1 -0.822184 -0.550677 0.314225
2 -0.806287 -0.701282 0.312362
3 -0.813717 -0.673044 0.317772
10 -0.816911 -0.637543 0.321479
1 -0.743963 -0.891842 0.325533
1 -0.811698 -0.724107 0.316597
2 -0.862265 -0.629488 0.313423
1 -0.886828 -0.604102 0.306144
4 -0.828713 -0.714205 0.312339
9 -0.823834 -0.718457 0.311687
5 -0.792894 -0.83321 0.311329
4 -0.867067 -0.535413 0.3016
4 -0.856465 -0.467411 0.303192
1 -0.804404 -0.668885 0.311839
6 -0.777922 -0.896813 0.312171
1 -0.790344 -0.895339 0.310483
1 -0.827454 -0.936589 0.300271
3 -0.80063 -1.03519 0.304719
4 -0.780197 -0.91639 0.303879
1 -0.790335 -0.923286 0.301251
1 -0.811569 -0.868667 0.305983
1 -0.87923 -0.475086 0.301459
1 -0.938264 -0.238427 0.297608
1 -0.957907 -0.170047 0.298866
4 -0.962355 -0.288503 0.298261
2 -0.820984 -0.667736 0.318446
1 -0.746436 -0.796472 0.321287
2 -0.798955 -0.541296 0.318843
2 -0.706893 -1.2248 0.311939
6 -0.79847 -0.811688 0.311611
1 -0.927559 -0.47476 0.296232
1 -0.949243 -0.361038 0.30141
18 -0.906701 -0.49947 0.304964
11 -0.906526 -0.477461 0.306954
4 -0.930083 -0.34837 0.302901
2 -0.93905 -0.33288 0.302493
1 -0.896797 -0.477028 0.307563
2 -0.907034 -0.477913 0.302133
1 -0.903605 -0.519074 0.303433
3 -0.877268 -0.474835 0.311775
5 -0.849955 -0.590349 0.312747
3 -0.855133 -0.502214 0.318674
1 -0.845854 -0.577064 0.311989
1 -0.794864 -0.802274 0.313559
1 -0.835177 -0.621839 0.311726
2 -0.895602 -0.318275 0.311413
1 -0.866365 -0.514283 0.305904
1 -0.822403 -0.620035 0.308961
1 -0.80134 -0.714967 0.311126
12 -0.837172 -0.641185 0.306961
1 -0.874289 -0.409578 0.30774
4 -0.825931 -0.53511 0.321079
2 -0.779201 -0.782718 0.310771
1 -0.773457 -0.838173 0.309268
1 -0.868618 -0.495669 0.302686
4 -0.917294 -0.499726 0.30368
2 -0.926335 -0.442901 0.306375
1 -0.798431 -0.804832 0.316466
5 -0.76832 -0.94552 0.310017
1 -0.759179 -0.970056 0.309023
3 -0.757625 -0.9976 0.314706
4 -0.773476 -0.95344 0.316926
2 -0.759214 -0.954789 0.323091
5 -0.797091 -0.784741 0.312563
1 -0.82388 -0.776483 0.308524
2 -0.825105 -0.659415 0.308836
1 -0.820682 -0.777721 0.309516
1 -0.808171 -0.81794 0.311001
2 -0.785895 -0.928213 0.312852
7 -0.838864 -0.662533 0.314474
2 -0.886916 -0.483706 0.305535
1 -0.858345 -0.666003 0.307098
3 -0.834841 -0.748212 0.304602
1 -0.723189 -1.20274 0.306818
1 -0.773904 -0.827968 0.309851
2 -0.796085 -0.70649 0.310218
4 -0.843883 -0.544264 0.305297
1 -0.792431 -0.583525 0.315792
1 -0.763218 -0.769257 0.317852
1 -0.770333 -0.756975 0.31908
3 -0.783566 -0.803596 0.315552
4 -0.794712 -0.830776 0.30831
2 -0.796172 -0.885803 0.311107
2 -0.873342 -0.662706 0.306898
3 -0.823375 -0.850846 0.307753
1 -0.821926 -0.759105 0.308018
1 -0.843586 -0.695938 0.311761
2 -0.845054 -0.416847 0.319003
1 -0.905257 -0.311386 0.317143
2 -0.911468 -0.283412 0.314255
2 -0.819605 -0.524612 0.322443
1 -0.819575 -0.595944 0.315395
1 -0.817332 -0.60799 0.315909
3 -0.785377 -0.748646 0.314334
1 -0.803833 -0.657013 0.316638
5 -0.790867 -0.721739 0.317573
7 -0.881563 -0.450623 0.311076
4 -0.837426 -0.598907 0.310315
2 -0.833145 -0.520849 0.314964
4 -0.968819 -0.190581 0.305143
3 -0.871333 -0.437115 0.31465
2 -0.862236 -0.568217 0.311046
6 -0.85664 -0.567187 0.308457
5 -0.844283 -0.654171 0.306824
2 -0.893136 -0.529319 0.307961
1 -0.908716 -0.314992 0.314071
1 -0.914267 -0.293311 0.311984
1 -0.876008 -0.366598 0.313873
5 -0.89811 -0.358014 0.308697
2 -0.913037 -0.277515 0.309946
2 -0.924532 -0.259924 0.307539
3 -0.942802 -0.189643 0.304491
4 -0.942571 -0.164874 0.304791
2 -0.966056 -0.0610136 0.308445
5 -0.942465 -0.17685 0.306251
1 -0.912524 -0.311362 0.314382
1 -0.854704 -0.661755 0.313836
3 -0.866829 -0.364514 0.318936
1 -0.814703 -0.656718 0.320441
3 -0.776673 -0.765819 0.317849
1 -0.790357 -0.722108 0.317952
5 -0.846211 -0.683535 0.315621
1 -0.801528 -0.725548 0.320489
2 -0.760647 -0.918633 0.321324
4 -0.733389 -0.998798 0.321845
1 -0.792862 -0.844211 0.313501
5 -0.845441 -0.580248 0.313411
4 -0.851867 -0.552116 0.314941
4 -0.808744 -0.62255 0.319291
2 -0.923012 -0.28668 0.307103
3 -0.91111 -0.362044 0.30764
3 -0.953335 -0.174863 0.305008
1 -0.946744 -0.22984 0.30415
2 -0.916618 -0.323578 0.304097
3 -0.894179 -0.434718 0.30514
2 -0.869477 -0.558765 0.311826
5 -0.796853 -0.814097 0.320493
4 -0.785374 -0.758779 0.327192
1 -0.819962 -0.596049 0.320787
7 -0.907365 -0.438381 0.308429
6 -0.926498 -0.283967 0.310371
2 -0.892872 -0.421161 0.314021
2 -0.830065 -0.682942 0.311698
3 -0.784777 -0.875501 0.310083
2 -0.840228 -0.684772 0.303247
4 -0.799329 -0.715581 0.315309
1 -0.820333 -0.675037 0.315616
5 -0.786126 -0.722329 0.316122
3 -0.789207 -0.817329 0.313363
3 -0.73376 -1.04833 0.31338
10 -0.817978 -0.671605 0.314925
4 -0.830046 -0.619999 0.313076
2 -0.819743 -0.851658 0.301225
1 -0.830006 -0.856166 0.296825
1 -0.853359 -0.656265 0.301446
3 -0.719692 -1.11521 0.315996
6 -0.692471 -1.20773 0.316374
1 -0.715294 -1.05889 0.323785
3 -0.830852 -0.637257 0.31859
2 -0.857186 -0.554657 0.309592
3 -0.834705 -0.672162 0.313907
9 -0.850343 -0.578584 0.309762
1 -0.867055 -0.596223 0.307319
1 -0.926209 -0.402969 0.298048
1 -0.88796 -0.590239 0.302287
4 -0.888802 -0.60584 0.300827
5 -0.894103 -0.659788 0.301977
2 -0.870879 -0.424836 0.314033
2 -0.867305 -0.565375 0.308744
2 -0.741362 -1.05053 0.315101
3 -0.764971 -0.92282 0.312837
2 -0.933862 -0.370914 0.301773
4 -0.775451 -0.99377 0.306526
3 -0.8105 -0.838813 0.306313
2 -0.862404 -0.652426 0.308765
1 -0.767115 -0.832066 0.323054
3 -0.933728 -0.276794 0.310476
2 -0.887691 -0.474674 0.314053
6 -0.85969 -0.581845 0.31372
5 -0.81534 -0.713013 0.314848
4 -0.846886 -0.691666 0.311658
4 -0.822912 -0.760191 0.312679
5 -0.823696 -0.761573 0.312382
5 -0.760432 -0.943082 0.31636
2 -0.803874 -0.617261 0.319234
1 -0.784263 -0.667377 0.320815
2 -0.854144 -0.562651 0.314475
2 -0.820722 -0.715245 0.309523
6 -0.784282 -0.745798 0.315619
2 -0.892242 -0.485671 0.300466
1 -0.942793 -0.289259 0.304125
1 -0.902418 -0.413439 0.308808
1 -0.843347 -0.522639 0.316328
2 -0.849429 -0.504598 0.314766
6 -0.850943 -0.556127 0.311293
1 -0.899146 -0.421028 0.305366
3 -0.883366 -0.430841 0.308491
1 -0.843877 -0.495295 0.311551
2 -0.807667 -0.639779 0.31141
4 -0.834991 -0.622865 0.303555
3 -0.843485 -0.571541 0.306337
1 -0.838922 -0.50635 0.310992
2 -0.825106 -0.5441 0.312147
1 -0.811746 -0.625942 0.315455
2 -0.77233 -0.800724 0.317073
3 -0.787058 -0.744488 0.316468
4 -0.819071 -0.858776 0.311466
1 -0.822887 -0.884422 0.310719
2 -0.808439 -0.894459 0.311316
1 -0.814557 -0.633085 0.31584
2 -0.759719 -0.886424 0.316406
3 -0.784208 -0.865087 0.317101
1 -0.752118 -0.941962 0.326449
1 -0.793518 -0.772414 0.319971
1 -0.863223 -0.5299 0.319168
4 -0.886302 -0.417043 0.316048
2 -0.800562 -0.846907 0.312567
2 -0.888381 -0.515777 0.308045
2 -0.89018 -0.539757 0.310036
1 -0.90662 -0.424408 0.304468
1 -0.904248 -0.396575 0.301954
3 -0.866995 -0.560668 0.304265
2 -0.830439 -0.686499 0.306383
2 -0.828233 -0.706061 0.314549
1 -0.791698 -0.75887 0.317102
8 -0.835221 -0.430767 0.321775
2 -0.864939 -0.470275 0.314412
4 -0.823272 -0.698411 0.314995
1 -0.855673 -0.609126 0.310948
4 -0.842719 -0.624999 0.309732
1 -0.854903 -0.465605 0.311091
3 -0.901488 -0.36529 0.302618
8 -0.915654 -0.348868 0.30652
1 -0.9185 -0.273006 0.307177
1 -0.900924 -0.39225 0.310858
2 -0.871849 -0.497393 0.311029
3 -0.814742 -0.692722 0.311604
5 -0.923418 -0.399951 0.303121
1 -0.931578 -0.316608 0.307724
2 -0.840776 -0.585265 0.308214
2 -0.828123 -0.616486 0.314319
5 -0.838014 -0.565721 0.315403
2 -0.858698 -0.446123 0.307894
4 -0.711705 -1.08103 0.319662
5 -0.744271 -1.09837 0.316995
5 -0.729601 -1.01244 0.31989
3 -0.717082 -1.08185 0.31971
4 -0.766751 -0.960167 0.319106
4 -0.767591 -0.991362 0.316938
3 -0.733987 -1.10248 0.316996
4 -0.782022 -1.01292 0.309907
2 -0.810079 -0.727037 0.312356
1 -0.786413 -0.757672 0.316138
3 -0.771835 -0.821605 0.317445
1 -0.771591 -0.858021 0.314454
6 -0.786848 -0.755401 0.314455
2 -0.775809 -0.74432 0.315806
14 -0.809519 -0.6225 0.314149
3 -0.803971 -0.596464 0.320069
1 -0.733091 -0.796869 0.325562
4 -0.764552 -0.790249 0.322274
3 -0.806044 -0.71968 0.313207
1 -0.848437 -0.577759 0.31288
6 -0.876832 -0.444668 0.309322
1 -0.862613 -0.529349 0.299981
1 -0.779376 -0.91985 0.300986
1 -0.759375 -0.79446 0.314018
1 -0.909373 -0.183226 0.31236
2 -0.882057 -0.352773 0.311814
6 -0.897213 -0.332696 0.310333
6 -0.903268 -0.355812 0.306514
1 -0.894883 -0.386428 0.308631
1 -0.921382 -0.304521 0.306704
6 -0.857437 -0.440901 0.316791
2 -0.881993 -0.400235 0.312917
2 -0.878754 -0.319205 0.305271
1 -0.809654 -0.684888 0.3071
1 -0.86805 -0.425638 0.307631
2 -0.929681 -0.351345 0.307951
5 -0.884746 -0.410612 0.313224
3 -0.920481 -0.38048 0.304335
12 -0.916638 -0.436136 0.298725
2 -0.740939 -1.20442 0.315513
1 -0.896402 -0.615105 0.296358
2 -0.846714 -0.659718 0.298464
1 -0.778211 -0.809215 0.305253
2 -0.859044 -0.557718 0.306293
9 -0.889203 -0.34437 0.311833
2 -0.859216 -0.501843 0.308396
2 -0.892116 -0.438755 0.309453
2 -0.95903 -0.275201 0.297366
5 -0.897747 -0.333049 0.306878
1 -0.807996 -0.583741 0.313647
2 -0.806583 -0.555155 0.314845
4 -0.692203 -0.998073 0.322268
3 -0.809439 -0.700861 0.315706
1 -0.813188 -0.629946 0.317793
4 -0.881769 -0.461343 0.310064
2 -0.878962 -0.450107 0.309436
3 -0.879569 -0.459358 0.312199
1 -0.864238 -0.485923 0.317803
3 -0.888345 -0.429767 0.312019
5 -0.85183 -0.557096 0.31353
1 -0.836143 -0.607088 0.312536
8 -0.779802 -0.916982 0.309922
1 -0.887075 -0.570387 0.297099
1 -0.815227 -0.758701 0.304826
1 -0.844844 -0.655813 0.30341
1 -0.82744 -0.614223 0.311966
1 -0.897319 -0.380843 0.309385
2 -0.757608 -0.87211 0.313736
2 -0.790745 -0.76933 0.313649
4 -0.823327 -0.753183 0.314214
1 -0.898424 -0.508436 0.306091
5 -0.926473 -0.286367 0.309401
2 -0.912498 -0.301738 0.306174
1 -0.864307 -0.488513 0.309667
2 -0.805991 -0.575385 0.321483
2 -0.867705 -0.332095 0.319836
4 -0.929948 -0.164589 0.316678
3 -0.90483 -0.281386 0.313797
1 -0.87236 -0.552188 0.311219
1 -0.889786 -0.464538 0.309423
1 -0.883902 -0.547596 0.310125
5 -0.842594 -0.661217 0.312563
2 -0.831342 -0.702626 0.304928
2 -0.826465 -0.707975 0.305933
3 -0.815562 -0.68352 0.311238
1 -0.854662 -0.616605 0.306859
1 -0.839892 -0.702595 0.304631
1 -0.824844 -0.772085 0.313744
6 -0.803079 -0.615462 0.324293
1 -0.709395 -0.916159 0.322824
1 -0.720649 -0.875558 0.321612
7 -0.754072 -0.71894 0.323945
1 -0.835024 -0.608485 0.310609
14 -0.854527 -0.557044 0.307939
4 -0.894755 -0.400629 0.304654
2 -0.916067 -0.296654 0.301855
9 -0.819716 -0.561416 0.308412
2 -0.818502 -0.533029 0.313185
3 -0.782444 -0.758505 0.310109
1 -0.801075 -0.625385 0.316951
1 -0.898031 -0.279714 0.310186
5 -0.899018 -0.334296 0.303645
1 -0.897694 -0.414181 0.307212
7 -0.860502 -0.658238 0.304127
6 -0.811647 -0.79547 0.315666
3 -0.772022 -0.849669 0.319988
1 -0.82568 -0.685848 0.316566
2 -0.833358 -0.632595 0.312782
2 -0.780433 -0.730531 0.309691
1 -0.794119 -0.663478 0.311908
2 -0.817865 -0.585261 0.308052
7 -0.881378 -0.371551 0.308323
1 -0.8172 -0.608229 0.312431
2 -0.83492 -0.45248 0.316735
3 -0.821253 -0.561809 0.313332
4 -0.824804 -0.694114 0.319874
1 -0.806829 -0.813158 0.311899
1 -0.856186 -0.517847 0.309849
3 -0.851555 -0.606135 0.306853
6 -0.853755 -0.486038 0.309766
2 -0.845063 -0.531893 0.309727
4 -0.824361 -0.676603 0.313025
4 -0.826457 -0.65419 0.31372
3 -0.825752 -0.645579 0.312652
11 -0.928619 -0.410477 0.304528
2 -0.892002 -0.68018 0.296413
1 -0.849399 -0.832661 0.299198
5 -0.817094 -0.803266 0.303334
1 -0.775748 -1.04232 0.308335
3 -0.792815 -1.02074 0.307602
4 -0.776886 -0.887892 0.312447
1 -0.840716 -0.409464 0.314379
6 -0.856168 -0.569373 0.306876
1 -0.818526 -0.839241 0.313802
3 -0.812446 -0.797692 0.304102
1 -0.823611 -0.681834 0.312008
2 -0.891348 -0.389084 0.30985
8 -0.824971 -0.688739 0.309795
1 -0.815936 -0.747026 0.309647
3 -0.812435 -0.677543 0.311372
2 -0.830541 -0.621862 0.310887
1 -0.842622 -0.574669 0.310486
4 -0.837941 -0.53194 0.313326
4 -0.842476 -0.499387 0.312702
2 -0.843585 -0.671288 0.307069
2 -0.836851 -0.738799 0.311909
1 -0.862653 -0.606622 0.308869
4 -0.830782 -0.71678 0.308799
4 -0.820597 -0.705756 0.310294
1 -0.809382 -0.765641 0.311981
2 -0.882148 -0.503236 0.310313
2 -0.836994 -0.613391 0.31166
4 -0.879628 -0.587645 0.309863
1 -0.831047 -0.770698 0.314108
1 -0.888078 -0.300845 0.31218
4 -0.826285 -0.702848 0.309225
2 -0.826618 -0.70131 0.309446
2 -0.815968 -0.684551 0.316176
5 -0.913189 -0.379211 0.302267
4 -0.931953 -0.367404 0.299727
7 -0.929164 -0.25003 0.305206
12 -0.936602 -0.223112 0.312219
4 -0.974751 -0.19188 0.306105
2 -0.831775 -0.765406 0.307794
3 -0.809207 -0.641413 0.316295
4 -0.76966 -0.807438 0.320541
5 -0.818885 -0.536149 0.31839
2 -0.81325 -0.696037 0.311444
5 -0.853129 -0.515178 0.313436
2 -0.776371 -0.785814 0.317531
5 -0.781128 -0.666704 0.315886
1 -0.881371 -0.36849 0.309927
2 -0.878094 -0.52371 0.305028
2 -0.881636 -0.473396 0.309902
2 -0.883029 -0.478806 0.310577
2 -0.947936 -0.367131 0.297525
2 -0.839632 -0.766623 0.302458
1 -0.871565 -0.628801 0.301397
1 -0.916962 -0.402735 0.304098
9 -0.872626 -0.460593 0.31166
1 -0.873546 -0.531095 0.31327
6 -0.858444 -0.592827 0.313475
1 -0.826391 -0.714375 0.314398
1 -0.827649 -0.804209 0.311938
2 -0.880489 -0.556204 0.3057
3 -0.83566 -0.689351 0.310057
1 -0.793157 -0.960964 0.305929
1 -0.806571 -0.900201 0.307337
1 -0.74099 -0.88124 0.317175
1 -0.840618 -0.694656 0.307021
2 -0.872551 -0.744722 0.30166
2 -0.937263 -0.360146 0.301458
2 -0.946991 -0.272984 0.306708
3 -0.93214 -0.311783 0.308361
2 -0.926912 -0.28897 0.310146
2 -0.911406 -0.413151 0.308126
1 -0.860212 -0.53974 0.312459
4 -0.834187 -0.523639 0.313481
3 -0.82076 -0.569155 0.314201
7 -0.863247 -0.410419 0.315681
1 -0.84784 -0.453263 0.317644
1 -0.811446 -0.634089 0.319122
1 -0.901511 -0.452236 0.304022
2 -0.823153 -0.679591 0.310981
1 -0.817631 -0.532743 0.321604
5 -0.832718 -0.482142 0.31785
1 -0.851297 -0.46713 0.315161
3 -0.829526 -0.563695 0.315693
1 -0.826355 -0.596101 0.308809
1 -0.784813 -0.717722 0.321085
3 -0.889332 -0.505904 0.313931
2 -0.86178 -0.531877 0.309222
1 -0.831984 -0.517925 0.321577
1 -0.78967 -0.651854 0.326338
4 -0.839015 -0.64742 0.314225
1 -0.772531 -0.878142 0.315685
2 -0.801493 -0.661008 0.321826
1 -0.844059 -0.596514 0.316064
14 -0.961241 -0.115553 0.306873
1 -0.84023 -0.855471 0.304677
1 -0.821428 -0.877548 0.306142
3 -0.761883 -0.92292 0.31307
3 -0.814694 -0.765942 0.311908
1 -0.822042 -0.606058 0.316743
2 -0.824993 -0.548152 0.316591
1 -0.847242 -0.467672 0.315224
4 -0.828292 -0.760862 0.311156
2 -0.869918 -0.584982 0.305364
4 -0.875822 -0.494371 0.311967
2 -0.91604 -0.395756 0.306555
1 -0.853854 -0.753459 0.310611
1 -0.774661 -0.829463 0.31508
1 -0.809726 -0.809515 0.310126
1 -0.713934 -1.1003 0.312595
3 -0.701971 -1.12983 0.317259
2 -0.722165 -0.99571 0.316831
3 -0.72557 -0.959365 0.3173
1 -0.711711 -0.99969 0.319181
3 -0.721698 -0.943811 0.320541
1 -0.796291 -0.920231 0.308853
2 -0.895279 -0.592613 0.302889
3 -0.90909 -0.457436 0.305142
3 -0.844902 -0.688377 0.308866
1 -0.777083 -0.803467 0.317722
4 -0.822885 -0.833278 0.311161
1 -0.767179 -0.796767 0.310631
4 -0.72322 -0.970738 0.318503
5 -0.713092 -0.990382 0.320876
3 -0.785192 -0.638776 0.323565
1 -0.798634 -0.565555 0.319704
5 -0.776605 -0.799489 0.316482
2 -0.875798 -0.578291 0.305685
3 -0.879944 -0.553086 0.304696
2 -0.830626 -0.691904 0.308488
3 -0.936542 -0.280349 0.305898
1 -0.890915 -0.391795 0.306779
1 -0.844082 -0.462087 0.31245
1 -0.78946 -0.629959 0.319592
7 -0.77886 -0.674211 0.320765
7 -0.796277 -0.817307 0.313093
1 -0.821005 -0.727123 0.311108
1 -0.851734 -0.570435 0.310275
5 -0.865964 -0.44788 0.312514
1 -0.882365 -0.516301 0.30837
2 -0.889417 -0.494835 0.309875
4 -0.884194 -0.553932 0.306678
1 -0.873867 -0.631727 0.308256
1 -0.866295 -0.649514 0.309624
4 -0.884357 -0.464865 0.310009
1 -0.828809 -0.680641 0.311241
3 -0.849507 -0.478018 0.310797
1 -0.735849 -0.809575 0.318562
2 -0.819671 -0.594608 0.319788
2 -0.838848 -0.867711 0.307435
1 -0.863948 -0.772874 0.304802
13 -0.95019 -0.216056 0.296221
3 -0.935165 -0.178733 0.306638
4 -0.868163 -0.462945 0.305941
2 -0.776594 -0.835041 0.313154
2 -0.770832 -0.784378 0.319738
4 -0.813364 -0.621026 0.318155
2 -0.798744 -0.669055 0.31417
1 -0.826006 -0.64166 0.308777
6 -0.769218 -0.762937 0.315461
1 -0.731906 -0.919061 0.319707
5 -0.784076 -0.785901 0.30925
1 -0.953171 -0.232877 0.299662
2 -0.906066 -0.262436 0.310785
14 -0.76549 -0.794563 0.32334
2 -0.854927 -0.331575 0.31523
3 -0.874822 -0.364657 0.306313
1 -0.888521 -0.366952 0.304779
5 -0.864265 -0.631108 0.300383
1 -0.776759 -0.780394 0.319663
2 -0.799244 -0.721869 0.31649
1 -0.751665 -0.896996 0.319203
6 -0.817679 -0.589593 0.318624
1 -0.832216 -0.57965 0.310435
3 -0.865611 -0.515018 0.306946
1 -0.866338 -0.519151 0.307241
4 -0.919784 -0.279421 0.302799
3 -0.883696 -0.488411 0.301636
4 -0.76931 -0.764635 0.316786
3 -0.861126 -0.499808 0.309711
3 -0.795741 -0.8085 0.314137
1 -0.813148 -0.770877 0.311772
3 -0.757483 -1.00555 0.312079
1 -0.824783 -0.80837 0.310337
3 -0.878041 -0.478148 0.312747
2 -0.927349 -0.441894 0.302944
1 -0.926721 -0.454747 0.302018
3 -0.860925 -0.663943 0.304696
3 -0.85023 -0.642853 0.303826
2 -0.849037 -0.400221 0.316579
2 -0.87059 -0.497543 0.308722
3 -0.880729 -0.425484 0.308706
1 -0.907322 -0.358279 0.305903
1 -0.776306 -0.612717 0.325654
3 -0.789297 -0.562486 0.32069
4 -0.787633 -0.59427 0.316678
1 -0.901237 -0.385646 0.308046
2 -0.899496 -0.313024 0.316306
8 -0.760797 -1.02131 0.312715
1 -0.819217 -0.782631 0.307968
1 -0.832621 -0.80581 0.303133
8 -0.808064 -0.88155 0.308785
1 -0.856306 -0.610486 0.308911
1 -0.87817 -0.432957 0.312471
1 -0.915272 -0.235283 0.314109
7 -0.924535 -0.217856 0.312541
3 -0.87683 -0.318161 0.316278
4 -0.878352 -0.327294 0.315311
1 -0.776565 -0.755575 0.316348
6 -0.843649 -0.555262 0.309429
4 -0.899056 -0.393746 0.311757
4 -0.867037 -0.361206 0.315936
2 -0.905991 -0.393294 0.311279
3 -0.842952 -0.510025 0.315879
1 -0.879517 -0.347761 0.312935
8 -0.894486 -0.380187 0.308702
6 -0.845517 -0.496053 0.308136
1 -0.793073 -0.663337 0.313833
3 -0.874486 -0.622805 0.305376
1 -0.892944 -0.486477 0.310066
1 -0.84727 -0.607266 0.306679
1 -0.855981 -0.5698 0.308151
7 -0.875528 -0.658168 0.302512
9 -0.784585 -1.04091 0.309697
1 -0.834564 -0.642618 0.317128
3 -0.81963 -0.662368 0.314927
1 -0.822338 -0.673475 0.31457
2 -0.792784 -0.723783 0.318335
1 -0.800014 -0.716914 0.315896
1 -0.795396 -0.625586 0.31361
5 -0.793359 -0.809741 0.314796
3 -0.79739 -0.780788 0.313216
2 -0.818306 -0.756671 0.309245
1 -0.780921 -0.772018 0.317326
2 -0.838001 -0.654145 0.309636
1 -0.753116 -0.836869 0.316439
2 -0.746931 -0.929325 0.32249
1 -0.775382 -0.945657 0.308322
2 -0.802879 -0.78578 0.304944
1 -0.850237 -0.527996 0.303964
1 -0.837652 -0.573296 0.316276
1 -0.832365 -0.634329 0.317136
4 -0.832321 -0.548088 0.319959
6 -0.858339 -0.718467 0.307866
2 -0.841827 -0.73204 0.307525
4 -0.729341 -0.997681 0.314533
4 -0.820963 -0.612162 0.312146
4 -0.790718 -0.725293 0.310391
3 -0.827115 -0.454029 0.311428
2 -0.782905 -0.604041 0.318858
1 -0.831372 -0.485283 0.318226
3 -0.818844 -0.512089 0.314499
3 -0.789596 -0.618478 0.314666
4 -0.809848 -0.585358 0.316745
7 -0.813527 -0.615131 0.312579
1 -0.902493 -0.370071 0.305322
4 -0.902186 -0.429204 0.305094
2 -0.85125 -0.618117 0.306816
2 -0.84102 -0.636338 0.313439
3 -0.856914 -0.433641 0.316697
1 -0.816058 -0.711409 0.305133
1 -0.813352 -0.784805 0.30424
2 -0.866853 -0.510376 0.303841
6 -0.893297 -0.411699 0.304244
2 -0.787204 -0.726083 0.314885
1 -0.817767 -0.73185 0.313912
2 -0.721278 -0.980305 0.321302
1 -0.784378 -0.921628 0.318352
4 -0.788022 -0.801499 0.319478
7 -0.898465 -0.478309 0.305214
2 -0.816007 -0.795109 0.309953
1 -0.880873 -0.501443 0.30604
1 -0.803181 -0.783482 0.304138
2 -0.773992 -0.911536 0.309891
3 -0.78579 -0.838384 0.31027
1 -0.809989 -0.744804 0.309692
2 -0.845479 -0.688554 0.304922
2 -0.814735 -0.796604 0.306645
5 -0.790517 -1.00614 0.305299
1 -0.941798 -0.416061 0.302773
2 -0.820572 -0.550781 0.318596
3 -0.85556 -0.538492 0.317735
3 -0.884941 -0.327667 0.313094
1 -0.903962 -0.363584 0.305382
1 -0.903754 -0.333871 0.305877
3 -0.907533 -0.292279 0.313119
2 -0.920107 -0.240854 0.311013
6 -0.798114 -0.694515 0.312747
3 -0.859864 -0.491314 0.310241
3 -0.872641 -0.443562 0.308324
4 -0.874353 -0.475905 0.309972
6 -0.830173 -0.605773 0.312872
1 -0.838645 -0.631015 0.304604
3 -0.869089 -0.519511 0.308244
1 -0.853272 -0.586254 0.307157
1 -0.777151 -0.774064 0.319426
3 -0.778728 -0.771632 0.320908
2 -0.731541 -0.861421 0.32544
3 -0.765038 -0.790974 0.321642
2 -0.776636 -0.671715 0.326841
1 -0.878426 -0.42652 0.316778
1 -1.00325 -0.109953 0.305783
1 -0.906056 -0.361533 0.313058
3 -0.900589 -0.419761 0.309013
1 -0.78542 -0.760315 0.317662
1 -0.790901 -0.670347 0.319874
1 -0.824725 -0.523849 0.316477
1 -0.763586 -0.738952 0.317095
2 -0.745442 -0.961069 0.313447
1 -0.749441 -0.93981 0.313587
1 -0.762999 -0.845346 0.312622
1 -0.831912 -0.623037 0.30867
4 -0.828892 -0.653976 0.308538
3 -0.863547 -0.524416 0.311837
2 -0.839797 -0.592432 0.312937
2 -0.814448 -0.637284 0.311176
1 -0.759197 -0.825539 0.317811
4 -0.850018 -0.738511 0.309166
6 -0.810465 -0.673515 0.316751
5 -0.79107 -0.604643 0.317657
5 -0.786332 -0.629267 0.319412
1 -0.832314 -0.47045 0.309797
4 -0.893791 -0.385337 0.306409
1 -0.80096 -0.606101 0.31705
1 -0.839834 -0.628269 0.304467
1 -0.853009 -0.442283 0.309744
1 -0.844352 -0.63663 0.304377
6 -0.895001 -0.363068 0.305667
4 -0.808316 -0.735066 0.306771
1 -0.814097 -0.739571 0.305935
3 -0.790314 -0.813826 0.303486
1 -0.935679 -0.305003 0.306019
2 -0.935135 -0.334322 0.303684
5 -0.879503 -0.586521 0.304658
4 -0.892368 -0.555607 0.303818
2 -0.920475 -0.297955 0.308462
4 -0.946258 -0.253744 0.307046
6 -0.839593 -0.649475 0.315605
1 -0.853295 -0.653254 0.310518
3 -0.839908 -0.711423 0.309004
3 -0.783008 -0.712822 0.310728
8 -0.84734 -0.580557 0.308383
1 -0.868806 -0.515278 0.307323
6 -0.885773 -0.463521 0.30159
2 -0.840928 -0.506999 0.310554
2 -0.842165 -0.511411 0.309449
7 -0.823314 -0.785595 0.308591
4 -0.782983 -0.943825 0.308263
1 -0.789632 -0.9845 0.310255
1 -0.880923 -0.452171 0.3165
1 -0.851555 -0.554056 0.313862
3 -0.84747 -0.567798 0.314513
4 -0.803551 -0.690576 0.3103
3 -0.875834 -0.390946 0.31028
1 -0.977326 -0.0915365 0.306441
2 -0.813324 -0.647534 0.311878
1 -0.868902 -0.412699 0.309149
1 -0.874732 -0.344695 0.314813
3 -0.859291 -0.462402 0.316457
1 -0.834006 -0.394054 0.323833
1 -0.775193 -0.692385 0.323806
4 -0.788686 -0.657328 0.31488
3 -0.766121 -0.767521 0.319856
5 -0.823424 -0.632265 0.313755
2 -0.859258 -0.47311 0.314445
3 -0.892653 -0.334753 0.314874
1 -0.892975 -0.34606 0.303443
1 -0.734987 -1.04973 0.311568
1 -0.773999 -1.03078 0.309204
2 -0.856513 -0.747637 0.302075
1 -0.791947 -0.667166 0.317816
1 -0.793819 -0.689617 0.319992
1 -0.799974 -0.615935 0.321756
1 -0.780854 -0.646954 0.321264
2 -0.752588 -0.914115 0.317112
5 -0.777716 -0.987477 0.313887
3 -0.820327 -0.8794 0.311434
1 -0.893155 -0.523547 0.299367
8 -0.910047 -0.439196 0.300173
8 -0.921468 -0.337211 0.300784
2 -0.919409 -0.329529 0.306567
1 -0.853565 -0.461194 0.31052
2 -0.897568 -0.55948 0.302303
5 -0.92433 -0.399078 0.302747
4 -0.855723 -0.631613 0.309833
2 -0.913939 -0.312822 0.308677
8 -0.910815 -0.425214 0.30547
2 -0.916989 -0.270957 0.313792
1 -0.893252 -0.303913 0.306651
1 -0.917409 -0.342192 0.300215
1 -0.891092 -0.504516 0.298582
5 -0.872975 -0.578365 0.301416
3 -0.772205 -0.84265 0.312779
3 -0.829144 -0.646589 0.316219
5 -0.811333 -0.83107 0.312514
3 -0.854728 -0.635816 0.31336
2 -0.89651 -0.548908 0.308997
3 -0.897875 -0.536892 0.310972
3 -0.886495 -0.564915 0.308193
1 -0.91647 -0.411959 0.311912
1 -0.898455 -0.526593 0.308982
1 -0.849116 -0.589603 0.312417
4 -0.845157 -0.711363 0.309588
4 -0.864534 -0.710639 0.302388
1 -0.80023 -0.998881 0.303054
1 -0.746063 -0.799386 0.32738
2 -0.821141 -0.537642 0.315603
4 -0.785511 -0.64267 0.318613
1 -0.833827 -0.630806 0.311257
1 -0.816585 -0.735902 0.312122
5 -0.816016 -0.682875 0.313891
9 -0.854128 -0.439394 0.316155
9 -0.86652 -0.400358 0.317081
4 -0.816141 -0.593206 0.318961
2 -0.790383 -0.719108 0.315128
3 -0.750554 -0.888163 0.318679
7 -0.87276 -0.602745 0.308424
2 -0.78361 -0.848626 0.313683
7 -0.747187 -0.962908 0.31966
5 -0.773207 -0.763882 0.319152
7 -0.761371 -0.831137 0.318948
2 -0.837547 -0.714918 0.307444
1 -0.876393 -0.531589 0.306238
3 -0.872735 -0.565298 0.309193
1 -0.804875 -0.757022 0.312445
1 -0.794173 -0.85957 0.310351
1 -0.808429 -0.863153 0.30899
5 -0.718133 -1.09943 0.319838
1 -0.777618 -0.869604 0.314274
1 -0.802466 -0.799127 0.31391
1 -0.756601 -1.04696 0.315618
9 -0.795684 -0.930615 0.307464
2 -0.697585 -1.3252 0.317255
1 -0.715668 -1.08412 0.317874
1 -0.73405 -0.910656 0.324775
3 -0.7423 -0.852605 0.325766
5 -0.805851 -0.701924 0.314854
2 -0.810218 -0.709891 0.313758
4 -0.751324 -0.885162 0.316796
3 -0.893505 -0.25777 0.311078
2 -0.71509 -0.916343 0.324061
1 -0.854781 -0.433753 0.316264
2 -0.775554 -0.919078 0.30907
1 -0.838891 -0.594148 0.306148
2 -0.864845 -0.297206 0.315748
2 -0.866822 -0.388576 0.313651
2 -0.94768 -0.209933 0.312461
2 -0.870782 -0.414922 0.311314
3 -0.829287 -0.673896 0.312586
1 -0.773607 -0.988037 0.312226
2 -0.761057 -1.01286 0.314136
2 -0.816098 -0.730271 0.313326
1 -0.914213 -0.337829 0.301066
2 -0.858375 -0.519997 0.305645
4 -0.927975 -0.292252 0.30694
2 -0.963671 -0.330776 0.302722
1 -0.90011 -0.379498 0.304239
1 -0.903499 -0.373863 0.302327
3 -0.848351 -0.538791 0.310823
1 -0.807874 -0.789662 0.309283
1 -0.815856 -0.829094 0.309492
1 -0.94232 -0.348415 0.302158
1 -0.937909 -0.319265 0.303056
3 -0.899572 -0.368193 0.310438
4 -0.99172 -0.00962687 0.307783
1 -1.00917 0.00521111 0.303715
2 -0.949153 -0.242227 0.30613
4 -0.879512 -0.687443 0.304886
1 -0.790783 -0.804366 0.320174
1 -0.852784 -0.554319 0.315066
2 -0.956348 -0.397526 0.299604
3 -0.893253 -0.493526 0.303466
1 -0.813981 -0.673627 0.308921
3 -0.851295 -0.645068 0.303044
1 -0.82663 -0.730172 0.302275
2 -0.741231 -0.970725 0.308768
1 -0.824802 -0.406064 0.319598
5 -0.823804 -0.479097 0.316668
1 -0.798161 -0.468256 0.321693
1 -0.811665 -0.544563 0.316286
3 -0.779339 -0.803273 0.318287
4 -0.862986 -0.535117 0.308139
1 -0.867199 -0.502573 0.308614
2 -0.842318 -0.548196 0.308702
1 -0.808683 -0.823802 0.303932
4 -0.761078 -0.753461 0.316161
5 -0.709734 -1.02477 0.316115
2 -0.801557 -0.770419 0.308165
2 -0.910599 -0.495028 0.304696
1 -0.880231 -0.626175 0.305735
1 -0.908491 -0.485419 0.303415
2 -0.895646 -0.470579 0.302939
4 -0.83095 -0.659987 0.309428
1 -0.846387 -0.432553 0.320747
3 -0.921321 -0.307103 0.311057
1 -0.868563 -0.636628 0.303683
1 -0.89508 -0.522143 0.303563
6 -0.816459 -0.681865 0.312502
1 -0.831969 -0.581653 0.311808
3 -0.886297 -0.555438 0.29982
1 -0.733206 -0.826657 0.319019
3 -0.705625 -0.969158 0.324231
6 -0.71081 -0.919516 0.329348
2 -0.844516 -0.605695 0.313507
1 -0.964547 -0.175748 0.308899
2 -0.987774 -0.0665346 0.308367
1 -0.884778 -0.476477 0.308345
1 -0.888694 -0.580681 0.307498
1 -0.842286 -0.711669 0.311892
4 -0.841162 -0.550519 0.315768
3 -0.747753 -0.718711 0.321092
2 -0.817168 -0.66983 0.307978
2 -0.859885 -0.491857 0.307811
1 -0.902654 -0.292389 0.307581
1 -0.770392 -0.714089 0.320424
2 -0.800351 -0.583768 0.321525
2 -0.79322 -0.584884 0.324661
2 -0.796356 -0.597464 0.322111
1 -0.857904 -0.379288 0.31582
3 -0.947708 -0.228949 0.304491
2 -0.952 -0.149124 0.302382
1 -0.909997 -0.521582 0.295392
3 -0.770537 -1.11626 0.30342
3 -0.720167 -1.2528 0.310747
3 -0.906334 -0.456622 0.302046
2 -0.937215 -0.253402 0.305613
2 -0.912075 -0.289119 0.30548
1 -0.793753 -0.792316 0.307748
1 -0.820233 -0.653265 0.308932
1 -0.842849 -0.454211 0.315547
1 -0.870443 -0.419071 0.313373
3 -0.843909 -0.729176 0.30859
3 -0.819668 -0.722258 0.310262
2 -0.869003 -0.611812 0.306746
2 -0.801118 -0.787717 0.310688
1 -0.766054 -0.936917 0.310154
6 -0.778607 -0.778102 0.311733
1 -0.876773 -0.473565 0.307938
3 -0.827951 -0.605376 0.31457
1 -0.752995 -0.957844 0.311963
17 -0.800176 -0.866885 0.306773
10 -0.850529 -0.628353 0.309398
1 -0.737359 -0.817049 0.317678
3 -0.853653 -0.63424 0.312975
2 -0.850375 -0.659137 0.312719
2 -0.83049 -0.616137 0.316768
2 -0.841261 -0.526494 0.314041
2 -0.756193 -0.879371 0.319498
1 -0.815103 -0.593795 0.313468
5 -0.843136 -0.605186 0.312723
4 -0.829378 -0.582465 0.315775
1 -0.778906 -0.715751 0.32083
10 -0.83317 -0.547127 0.320129
3 -0.806038 -0.69746 0.320127
3 -0.780687 -0.778566 0.315131
1 -0.773172 -0.709063 0.320456
3 -0.819798 -0.615046 0.311479
2 -0.845025 -0.542294 0.310729
4 -0.87952 -0.507146 0.303724
1 -0.818722 -0.59043 0.311324
3 -0.83651 -0.606756 0.304927
1 -0.825515 -0.827108 0.304043
1 -0.792047 -0.78544 0.305853
1 -0.776023 -1.00201 0.310137
2 -0.836224 -0.77891 0.307792
2 -0.887244 -0.485151 0.305108
1 -0.929019 -0.299358 0.306687
10 -0.877615 -0.55193 0.306107
2 -0.848279 -0.53453 0.307512
1 -0.71347 -1.22809 0.316961
2 -0.679242 -1.22294 0.32351
4 -0.699999 -1.19823 0.320491
3 -0.707892 -1.21172 0.312086
5 -0.765436 -1.03898 0.311675
3 -0.78999 -0.890674 0.308824
3 -0.79237 -0.882756 0.306594
6 -0.793632 -0.814041 0.314966
1 -0.789033 -0.826211 0.314432
2 -0.866898 -0.520905 0.310451
1 -0.878639 -0.525558 0.305904
1 -0.781636 -0.789578 0.316041
5 -0.855832 -0.535022 0.311663
2 -0.843393 -0.511762 0.316999
1 -0.82519 -0.600522 0.310475
5 -0.877839 -0.452272 0.307441
1 -0.825637 -0.569148 0.313743
3 -0.797839 -0.7162 0.3142
1 -0.86032 -0.429377 0.310354
2 -0.811391 -0.815434 0.311267
4 -0.834317 -0.668833 0.314805
1 -0.846912 -0.696245 0.311679
2 -0.919887 -0.383228 0.309704
10 -0.792931 -0.925299 0.311839
1 -0.848792 -0.740063 0.310123
1 -0.871168 -0.679855 0.309903
1 -0.820426 -0.657709 0.311943
1 -0.832563 -0.748925 0.305309
7 -0.832262 -0.728828 0.305784
2 -0.832467 -0.795963 0.310764
4 -0.815331 -0.702262 0.313687
5 -0.800013 -0.713791 0.319128
4 -0.795432 -0.866499 0.309936
1 -0.849494 -0.692866 0.311152
1 -0.957687 -0.205779 0.313216
4 -0.952778 -0.417178 0.298771
3 -0.932507 -0.551012 0.299394
1 -0.832651 -0.644306 0.313283
1 -0.816939 -0.636563 0.315566
1 -0.869006 -0.441093 0.316687
1 -0.880896 -0.379747 0.3134
2 -0.748155 -0.774003 0.320007
3 -0.739856 -0.753832 0.326201
2 -0.724236 -1.00721 0.321738
1 -0.714673 -1.15454 0.321409
2 -0.715764 -0.864436 0.325574
2 -0.850874 -0.601433 0.314638
1 -0.838119 -0.661698 0.314684
3 -0.869771 -0.547713 0.309489
2 -0.797915 -0.756963 0.312667
1 -0.844558 -0.751073 0.309198
3 -0.921843 -0.457114 0.306142
1 -0.911292 -0.497589 0.30445
1 -0.862014 -0.564436 0.307814
7 -0.760312 -0.865691 0.316694
3 -0.80163 -0.676899 0.31466
1 -0.77846 -0.70736 0.318684
4 -0.783507 -0.693925 0.317701
4 -0.71603 -0.894986 0.326479
2 -0.853323 -0.605705 0.314585
2 -0.839547 -0.591709 0.317256
4 -0.776256 -0.855306 0.321683
1 -0.848305 -0.740139 0.314516
2 -0.811526 -0.727642 0.312032
1 -0.828112 -0.675901 0.319829
1 -0.828282 -0.664904 0.320184
4 -0.806652 -0.564767 0.324679
1 -0.821529 -0.576453 0.323862
1 -0.780144 -0.856641 0.315845
4 -0.783769 -0.844216 0.31568
1 -0.923193 -0.300106 0.302307
2 -0.882092 -0.434776 0.306357
1 -0.859268 -0.463178 0.31144
3 -0.917965 -0.289298 0.311871
3 -0.898933 -0.257102 0.314957
2 -0.7947 -0.734085 0.317076
1 -0.820876 -0.653944 0.309707
1 -0.906613 -0.469996 0.301651
1 -0.930534 -0.508527 0.29485
2 -0.757281 -1.02878 0.306322
2 -0.867371 -0.480264 0.31276
6 -0.836476 -0.581769 0.315349
1 -0.779602 -0.815167 0.314703
2 -0.849984 -0.725379 0.304149
3 -0.887434 -0.387775 0.303526
1 -0.812821 -0.512526 0.315942
1 -0.806788 -0.668283 0.314768
10 -0.848867 -0.578665 0.310381
3 -0.863031 -0.520552 0.309955
2 -0.889865 -0.460405 0.308231
2 -0.882628 -0.520908 0.307778
1 -0.905061 -0.33214 0.314013
2 -0.804278 -0.607471 0.318122
1 -0.790063 -0.653858 0.317356
1 -0.790119 -0.64245 0.318518
2 -0.782356 -0.866945 0.310002
9 -0.778446 -0.855098 0.312534
2 -0.887201 -0.49171 0.315629
5 -0.883015 -0.599936 0.309377
3 -0.907168 -0.537065 0.302916
8 -0.920883 -0.501609 0.29794
1 -0.942951 -0.205645 0.305951
6 -0.903165 -0.301248 0.308658
3 -0.830548 -0.822273 0.306402
2 -0.87014 -0.658421 0.307613
1 -0.872916 -0.64937 0.307662
1 -0.822732 -0.730134 0.309379
2 -0.898326 -0.387014 0.30992
2 -0.814731 -0.718901 0.310884
3 -0.747452 -1.0588 0.315698
1 -0.802714 -0.901909 0.306222
2 -1.00586 -0.152892 0.292014
3 -0.95749 -0.168257 0.301327
3 -0.849283 -0.430014 0.316892
5 -0.838254 -0.532181 0.31598
4 -0.836235 -0.591752 0.313357
2 -0.813189 -0.498199 0.319295
3 -0.886013 -0.414402 0.306742
6 -0.871636 -0.474564 0.306317
2 -0.841846 -0.697869 0.309353
5 -0.783506 -0.995705 0.308372
5 -0.796459 -0.750346 0.311218
4 -0.845819 -0.730773 0.311669
2 -0.751901 -0.891077 0.322012
7 -0.824483 -0.54298 0.309019
2 -0.80434 -0.582404 0.31163
1 -0.769749 -0.765579 0.312588
2 -0.836193 -0.483394 0.320094
3 -0.75795 -0.76988 0.322715
2 -0.813568 -0.773957 0.313448
1 -0.833799 -0.714045 0.31053
3 -0.833433 -0.662095 0.312575
5 -0.8396 -0.556251 0.322105
3 -0.836642 -0.469174 0.317664
1 -0.87577 -0.459031 0.30642
2 -0.874495 -0.507201 0.307416
1 -0.869217 -0.400406 0.311011
20 -0.885434 -0.273202 0.31587
2 -0.879001 -0.388725 0.309576
6 -0.830357 -0.571673 0.312118
1 -0.890303 -0.493908 0.299669
2 -0.817623 -0.816603 0.299736
2 -0.807214 -0.733858 0.301918
8 -0.853685 -0.495806 0.308808
2 -0.90432 -0.275177 0.314172
2 -0.922622 -0.390083 0.310722
2 -0.902957 -0.467176 0.303147
5 -0.916898 -0.397967 0.302996
1 -0.913099 -0.266791 0.308608
7 -0.888306 -0.413848 0.310191
4 -0.863602 -0.452278 0.312304
2 -0.861239 -0.488367 0.30726
5 -0.892174 -0.375823 0.306731
1 -0.826491 -0.599289 0.313825
1 -0.844425 -0.593069 0.309801
2 -0.780276 -0.918268 0.312928
3 -0.744174 -0.974739 0.316441
2 -0.798273 -0.584303 0.318682
3 -0.87354 -0.484214 0.312015
6 -0.854225 -0.552567 0.317286
2 -0.833398 -0.612189 0.312268
4 -0.65167 -1.18153 0.326217
2 -0.787361 -0.897429 0.316418
2 -0.779493 -0.902671 0.312284
8 -0.85375 -0.546361 0.310856
3 -0.893897 -0.452053 0.308269
1 -0.90084 -0.385528 0.308335
4 -0.837356 -0.59155 0.314993
4 -0.892137 -0.517787 0.305701
1 -0.766173 -0.913459 0.306772
1 -0.815007 -0.667459 0.315514
5 -0.825879 -0.67791 0.312314
2 -0.815657 -0.768469 0.31204
8 -0.817291 -0.683983 0.313231
5 -0.873381 -0.389867 0.310159
1 -0.835956 -0.620787 0.313334
4 -0.811565 -0.654455 0.316644
4 -0.827949 -0.677439 0.31391
1 -0.883659 -0.538074 0.304188
3 -0.880618 -0.622609 0.301176
9 -0.877457 -0.433409 0.309417
1 -0.932434 -0.185533 0.311602
2 -0.887699 -0.547366 0.301261
3 -0.827162 -0.670464 0.308705
1 -0.91629 -0.223903 0.308578
2 -0.843185 -0.599802 0.312646
8 -0.838993 -0.583977 0.313403
1 -0.853867 -0.549644 0.311921
3 -0.842617 -0.58309 0.310952
2 -0.783729 -0.748232 0.318018
3 -0.81042 -0.695191 0.315357
4 -0.745445 -0.896299 0.319661
3 -0.805286 -0.596661 0.316999
1 -0.889818 -0.424727 0.310095
3 -0.835305 -0.684003 0.307293
3 -0.973696 -0.202623 0.310133
4 -0.872637 -0.319428 0.311173
1 -0.900343 -0.442627 0.300796
2 -0.894876 -0.315855 0.30602
5 -0.898394 -0.456774 0.304061
2 -0.783477 -0.854947 0.310639
1 -0.793399 -0.874288 0.311118
2 -0.715152 -1.23467 0.31669
1 -0.717637 -1.08511 0.314569
6 -0.762025 -1.07618 0.310438
2 -0.896528 -0.402704 0.308065
2 -0.905003 -0.296531 0.31164
2 -0.902656 -0.33725 0.311815
2 -0.803498 -0.932063 0.312243
4 -0.765983 -0.896907 0.315341
8 -0.751551 -0.914636 0.31945
6 -0.871309 -0.524464 0.316039
8 -0.837618 -0.506374 0.321747
2 -0.860088 -0.226458 0.322591
2 -0.875993 -0.406645 0.316908
2 -0.860773 -0.498511 0.311675
1 -0.915389 -0.245017 0.311765
3 -0.923626 -0.382026 0.300439
1 -0.786054 -1.04292 0.310602
2 -0.806236 -0.630171 0.313564
3 -0.911009 -0.203777 0.309766
3 -0.86727 -0.547656 0.30722
1 -0.840894 -0.598009 0.309879
1 -0.875485 -0.451787 0.30745
3 -0.880412 -0.370487 0.314759
4 -0.784891 -0.730473 0.320056
2 -0.810608 -0.544682 0.324536
1 -0.781945 -0.674526 0.320048
3 -0.821426 -0.605482 0.319236
2 -0.86109 -0.559829 0.310191
1 -0.79535 -0.864074 0.311075
1 -0.774622 -0.930009 0.314352
3 -0.834572 -0.645643 0.312633
2 -0.858425 -0.394914 0.317059
1 -0.941693 -0.238082 0.308335
3 -0.806027 -0.659791 0.320357
1 -0.742741 -0.836585 0.320478
5 -0.752202 -0.784177 0.317732
3 -0.754784 -0.74172 0.320744
3 -0.943094 -0.177527 0.304938
2 -0.843458 -0.488735 0.316826
1 -0.811495 -0.577365 0.319619
5 -0.784852 -0.749326 0.319472
1 -0.777044 -0.731545 0.322965
8 -0.757648 -0.784991 0.316446
1 -0.793478 -0.646337 0.312721
1 -0.732229 -0.934732 0.317871
1 -0.788127 -0.760837 0.316567
1 -0.873076 -0.551837 0.301719
1 -0.803106 -0.794998 0.308996
2 -0.755678 -0.92696 0.310565
1 -0.77825 -0.912491 0.309149
4 -0.805988 -0.845929 0.309378
1 -0.753372 -1.02042 0.317634
7 -0.780669 -0.881871 0.308619
3 -0.758458 -0.928794 0.312915
1 -0.805293 -0.908512 0.3089
2 -0.747969 -1.0575 0.313225
4 -0.806371 -0.829525 0.307102
2 -0.820821 -0.743501 0.308117
3 -0.829102 -0.559762 0.319812
1 -0.913874 -0.294916 0.307842
1 -0.792516 -0.867755 0.310999
3 -0.784715 -0.817152 0.310009
2 -0.824547 -0.609399 0.309007
2 -0.886905 -0.387598 0.307498
2 -0.898915 -0.380382 0.311392
2 -0.82316 -0.648176 0.313686
5 -0.802594 -0.695489 0.317438
3 -0.827446 -0.649682 0.313489
5 -0.870508 -0.431698 0.316086
4 -0.835174 -0.633036 0.312614
4 -0.81683 -0.668562 0.316096
5 -0.838617 -0.552285 0.315889
4 -0.802585 -0.627313 0.317237
2 -0.709288 -0.963899 0.321046
2 -0.840317 -0.431125 0.311035
2 -0.801039 -0.708222 0.314022
2 -0.831075 -0.702873 0.312159
6 -0.906058 -0.534649 0.305907
2 -0.897767 -0.386457 0.309555
4 -0.894856 -0.371469 0.310402
1 -0.866814 -0.325276 0.318614
1 -0.852498 -0.449275 0.315476
1 -0.790976 -0.687908 0.312468
3 -0.89225 -0.43107 0.305628
1 -0.874915 -0.390612 0.314974
9 -0.877709 -0.391361 0.308781
3 -0.911269 -0.200032 0.310421
2 -0.887499 -0.515163 0.305644
4 -0.992676 -0.0569937 0.301675
1 -0.918532 -0.294779 0.30659
1 -0.883091 -0.372053 0.313546
4 -0.86016 -0.589913 0.307776
4 -0.801438 -0.752923 0.318684
1 -0.790041 -0.775533 0.320369
5 -0.904189 -0.319568 0.314264
3 -0.856321 -0.361706 0.316868
2 -0.859753 -0.43823 0.311228
1 -0.830529 -0.629803 0.311096
1 -0.855049 -0.568001 0.309592
3 -0.854981 -0.574671 0.313098
1 -0.893204 -0.408459 0.311623
3 -0.895497 -0.390112 0.305917
3 -0.883425 -0.387117 0.310239
1 -0.749634 -0.882988 0.31773
6 -0.727416 -0.943003 0.315748
3 -0.852567 -0.532207 0.317828
1 -0.876452 -0.427609 0.314545
1 -0.761825 -0.699531 0.323476
2 -0.844044 -0.526993 0.312872
1 -0.763102 -0.843333 0.316688
1 -0.740758 -0.939055 0.322302
2 -0.76673 -0.807165 0.323018
1 -0.914301 -0.334765 0.310996
3 -0.807278 -0.722891 0.311806
2 -0.796808 -0.627015 0.31428
1 -0.736286 -0.793488 0.320572
1 -0.761864 -0.780249 0.316226
8 -0.782692 -0.827461 0.31168
9 -0.841113 -0.69443 0.311591
1 -0.892722 -0.352137 0.312597
1 -0.876131 -0.404863 0.310649
3 -0.921653 -0.358422 0.304355
3 -0.925835 -0.306388 0.305866
4 -0.94519 -0.219931 0.302491
3 -0.928569 -0.290385 0.303758
2 -0.831369 -0.604007 0.308386
1 -0.815426 -0.77873 0.304807
1 -0.807534 -0.720908 0.31066
3 -0.878614 -0.500562 0.312507
1 -0.784918 -0.619186 0.315519
3 -0.778309 -0.632147 0.317109
1 -0.800818 -0.512006 0.319658
1 -0.873285 -0.305856 0.310933
5 -0.84158 -0.476518 0.31365
3 -0.864373 -0.49693 0.308395
2 -0.754456 -0.913332 0.313454
1 -0.832673 -0.676003 0.307242
5 -0.819513 -0.761716 0.3124
4 -0.833028 -0.726006 0.3072
1 -0.752781 -0.920066 0.315375
7 -0.837398 -0.576422 0.310391
1 -0.827913 -0.617113 0.312182
4 -0.875124 -0.516344 0.304316
1 -0.8156 -0.756827 0.311906
3 -0.781632 -0.887334 0.314711
7 -0.796094 -0.768945 0.317056
2 -0.807426 -0.662547 0.32036
4 -0.845152 -0.499411 0.320442
3 -0.758186 -0.811989 0.322385
1 -0.800879 -0.649122 0.322888
2 -0.801899 -0.711679 0.32283
1 -0.80398 -0.67969 0.323962
3 -0.718516 -1.04902 0.323568
4 -0.688299 -1.17109 0.327353
4 -0.802099 -0.662095 0.321474
2 -0.839146 -0.629057 0.311451
1 -0.835964 -0.586111 0.315425
1 -0.849725 -0.457354 0.317142
2 -0.875301 -0.340726 0.31623
20 -0.759211 -0.788409 0.323154
4 -0.832472 -0.548378 0.316606
2 -0.803455 -0.679001 0.315114
5 -0.822022 -0.840887 0.305103
9 -0.82487 -0.720822 0.307448
11 -0.842369 -0.522498 0.313734
1 -0.863485 -0.466118 0.311112
3 -0.827885 -0.755782 0.310909
2 -0.816744 -0.692709 0.315206
4 -0.960599 -0.203443 0.308072
2 -0.957942 -0.171863 0.304314
4 -0.925554 -0.426177 0.302111
5 -0.854708 -0.761468 0.304297
3 -0.7656 -0.915013 0.311071
1 -0.853889 -0.536565 0.314923
3 -0.867827 -0.434185 0.312579
3 -0.834948 -0.488073 0.315885
2 -0.866302 -0.373647 0.31581
3 -0.913555 -0.268665 0.312377
3 -0.859422 -0.645604 0.306412
1 -0.916298 -0.276648 0.310897
1 -0.969887 -0.184151 0.309317
2 -0.880387 -0.600096 0.301063
6 -0.832519 -0.720553 0.30177
1 -0.787412 -0.992009 0.307247
4 -0.70291 -1.02692 0.317432
4 -0.831419 -0.616824 0.318841
2 -0.872791 -0.521312 0.313154
4 -0.788264 -0.737377 0.317618
8 -0.765061 -0.85641 0.318251
1 -0.778064 -0.805619 0.314277
2 -0.851504 -0.540411 0.309852
3 -0.856047 -0.500659 0.31009
3 -0.849476 -0.446893 0.311915
10 -0.869082 -0.482355 0.308293
2 -0.898894 -0.323779 0.305566
1 -0.764939 -0.819809 0.315896
1 -0.736724 -0.878368 0.320455
2 -0.824993 -0.574716 0.318526
1 -0.833018 -0.635661 0.311244
1 -0.890554 -0.511675 0.309541
1 -0.866593 -0.578005 0.312365
1 -0.660582 -1.3288 0.32372
1 -0.70248 -1.13181 0.318659
9 -0.772863 -0.677593 0.318174
3 -0.81125 -0.589459 0.319243
1 -0.801427 -0.663466 0.317291
1 -0.812407 -0.847678 0.312149
2 -0.785684 -0.941783 0.310786
6 -0.842628 -0.580073 0.317837
14 -0.824867 -0.70616 0.304904
1 -0.787043 -0.793825 0.308844
4 -0.722997 -0.88267 0.315229
2 -0.804909 -0.553172 0.314295
1 -0.795218 -0.657634 0.314331
4 -0.878196 -0.440931 0.308695
2 -0.806794 -0.720055 0.313691
1 -0.745389 -1.00224 0.309976
2 -0.77062 -1.06267 0.300277
2 -0.763412 -1.10152 0.304095
4 -0.803886 -1.06049 0.303164
2 -0.822474 -0.744237 0.311572
4 -0.859076 -0.533166 0.307135
7 -0.850202 -0.518575 0.307544
2 -0.850225 -0.519043 0.307554
1 -1.01623 0.0435798 0.303072
5 -0.838346 -0.536263 0.317134
1 -0.874003 -0.506758 0.303093
1 -0.843441 -0.540103 0.307317
1 -0.917563 -0.225356 0.304031
3 -0.88547 -0.44446 0.302746
4 -0.787333 -0.773875 0.314667
1 -0.796665 -0.768081 0.314288
6 -0.868346 -0.488247 0.306692
2 -0.844289 -0.691053 0.302773
1 -0.779875 -0.911758 0.311234
2 -0.903311 -0.251759 0.310777
1 -0.919185 -0.253299 0.315848
2 -0.886985 -0.472733 0.308235
1 -0.823707 -0.746108 0.309917
1 -0.831297 -0.732667 0.302758
1 -0.855367 -0.470151 0.307933
2 -0.847964 -0.616242 0.310982
4 -0.824287 -0.683636 0.311831
2 -0.889472 -0.422863 0.30549
1 -0.80173 -0.799093 0.310742
3 -0.826876 -0.631921 0.312685
2 -0.848587 -0.546373 0.311049
1 -0.790968 -0.816822 0.313049
1 -0.801895 -0.646084 0.315229
1 -0.906075 -0.365196 0.302947
9 -0.824305 -0.762522 0.304241
1 -0.826259 -0.663551 0.30938
3 -0.810096 -0.616836 0.312702
4 -0.747301 -0.876271 0.317275
2 -0.837871 -0.47523 0.319164
1 -0.84495 -0.684081 0.311671
1 -0.839829 -0.681607 0.309403
6 -0.852306 -0.622713 0.305393
4 -0.898205 -0.517959 0.305566
1 -0.883489 -0.558034 0.305337
2 -0.860386 -0.578161 0.312437
7 -0.862292 -0.48472 0.31479
3 -0.856105 -0.512494 0.317026
3 -0.854751 -0.543761 0.317243
3 -0.856377 -0.522564 0.317198
4 -0.847771 -0.676951 0.313331
2 -0.887173 -0.506512 0.311334
3 -0.873996 -0.498794 0.314584
1 -0.814635 -0.745444 0.319019
1 -0.82204 -0.731277 0.318264
2 -0.836733 -0.642292 0.315823
2 -0.807957 -0.713867 0.318363
3 -0.920403 -0.499702 0.306935
2 -0.909067 -0.624119 0.303817
1 -0.912413 -0.402705 0.312218
4 -0.881786 -0.407491 0.307944
1 -0.781351 -0.707611 0.317501
4 -0.84131 -0.605318 0.30354
2 -0.784949 -0.74919 0.314622
9 -0.779446 -0.821901 0.316118
4 -0.829162 -0.60734 0.309189
4 -0.809347 -0.784093 0.303625
1 -0.841735 -0.627075 0.305895
4 -0.805743 -0.678877 0.31305
1 -0.724477 -1.03268 0.310856
1 -0.757587 -1.04653 0.314856
5 -0.725817 -0.965947 0.319774
5 -0.903108 -0.355313 0.304564
1 -0.91214 -0.317801 0.304359
1 -0.891902 -0.524077 0.304032
7 -0.870397 -0.59002 0.309721
1 -0.888407 -0.320321 0.309835
2 -0.871686 -0.394759 0.309342
4 -0.851789 -0.373549 0.315947
1 -0.852043 -0.479702 0.310684
4 -0.816551 -0.5714 0.311783
6 -0.864139 -0.518075 0.310201
1 -0.809109 -0.593397 0.315311
1 -0.867782 -0.31231 0.314272
5 -0.907965 -0.226355 0.310123
4 -0.933679 -0.330001 0.304124
2 -0.942334 -0.457233 0.300492
1 -0.921951 -0.440709 0.3026
3 -0.899037 -0.42537 0.307982
1 -0.763108 -0.872453 0.321924
1 -0.766183 -0.865477 0.321196
5 -0.805914 -0.856204 0.31181
7 -0.778857 -0.837611 0.313158
1 -0.704342 -1.13544 0.319069
1 -0.744447 -0.790767 0.319873
3 -0.842805 -0.47924 0.314668
1 -0.855565 -0.401221 0.317865
5 -0.799723 -0.562474 0.323033
2 -0.754002 -0.869891 0.312349
2 -0.717685 -0.92761 0.318664
3 -0.808655 -0.597953 0.31782
9 -0.789091 -0.664038 0.316702
3 -0.841599 -0.756329 0.303281
2 -0.768804 -0.987137 0.307164
2 -0.820861 -0.874689 0.307608
1 -0.865061 -0.680062 0.303639
1 -0.830219 -0.779249 0.306371
1 -0.866048 -0.570105 0.312064
1 -0.767435 -1.02065 0.308986
1 -0.899409 -0.453428 0.303095
2 -0.931361 -0.25957 0.306221
2 -0.827155 -0.653341 0.316829
1 -0.809355 -0.925126 0.303781
1 -0.778177 -0.780973 0.312935
3 -0.767064 -0.776219 0.32071
2 -0.829167 -0.718297 0.315425
1 -0.804721 -0.788529 0.315188
3 -0.764682 -0.886609 0.318369
1 -0.787194 -0.826219 0.318682
1 -0.783852 -0.830492 0.318903
2 -0.821595 -0.715194 0.315972
1 -0.768097 -0.832088 0.313404
1 -0.855518 -0.510879 0.310815
3 -0.7778 -0.978375 0.316851
3 -0.803347 -0.892771 0.313529
5 -0.832974 -0.799029 0.311699
1 -0.876231 -0.570057 0.310246
2 -0.838631 -0.618423 0.304019
2 -0.823377 -0.560224 0.316301
4 -0.841179 -0.638198 0.308354
1 -0.855831 -0.513455 0.308199
2 -0.740541 -1.07819 0.309329
2 -0.714939 -1.21402 0.312128
3 -0.866179 -0.719406 0.30519
3 -0.87097 -0.733976 0.307769
1 -0.857494 -0.734752 0.311602
1 -0.7654 -0.994214 0.313505
2 -0.784854 -0.874422 0.31442
7 -0.792851 -0.813549 0.30906
2 -0.924943 -0.268792 0.304293
4 -0.86521 -0.396733 0.313258
1 -0.873383 -0.360961 0.314574
3 -0.876014 -0.371257 0.314035
2 -0.72869 -1.05483 0.316735
1 -0.804601 -0.720416 0.316738
2 -0.914392 -0.583368 0.296877
2 -0.93292 -0.478219 0.299261
1 -0.873579 -0.666381 0.295498
1 -0.850433 -0.536224 0.303317
3 -0.889402 -0.449716 0.312164
1 -0.880064 -0.458487 0.313166
2 -0.87908 -0.434131 0.308596
3 -0.892616 -0.348129 0.311819
9 -0.874138 -0.430681 0.312585
2 -0.87697 -0.608306 0.309519
4 -0.819313 -0.779726 0.3109
3 -0.845653 -0.609827 0.308358
1 -0.815908 -0.494333 0.315711
1 -0.793963 -0.594269 0.322125
4 -0.77906 -0.700075 0.3228
2 -0.796828 -0.688893 0.315663
2 -0.851847 -0.478388 0.311846
1 -0.819744 -0.656639 0.309355
4 -0.848954 -0.577967 0.306037
5 -0.831107 -0.596101 0.308074
3 -0.847554 -0.532051 0.310721
2 -0.886562 -0.438036 0.313303
1 -0.890627 -0.519016 0.310206
2 -0.889923 -0.401395 0.314741
1 -0.826923 -0.625586 0.316911
1 -0.777877 -0.957649 0.313988
1 -0.793892 -0.624717 0.316635
1 -0.777034 -0.693393 0.317442
1 -0.787485 -0.651213 0.31605
4 -0.748714 -0.972274 0.310509
1 -0.779111 -0.857734 0.314175
3 -0.810868 -0.794297 0.31334
6 -0.82943 -0.635657 0.314532
1 -0.910115 -0.377681 0.305768
6 -0.875505 -0.58777 0.299855
1 -0.767204 -1.02448 0.304528
13 -0.718009 -1.07908 0.317459
3 -0.725899 -1.07092 0.317879
2 -0.715271 -1.09725 0.318587
2 -0.790996 -0.71837 0.321258
1 -0.745247 -0.987411 0.318076
1 -0.796411 -0.824511 0.309164
10 -0.831476 -0.734277 0.306373
2 -0.862198 -0.59969 0.31275
2 -0.836405 -0.637454 0.314967
1 -0.824679 -0.670624 0.313774
3 -0.897598 -0.35607 0.303369
1 -0.954295 -0.0878705 0.305718
1 -0.866003 -0.415293 0.311404
2 -0.92246 -0.430201 0.302042
5 -0.833818 -0.756961 0.305866
2 -0.859594 -0.666798 0.303949
6 -0.832843 -0.690688 0.311132
11 -0.892774 -0.454672 0.311619
1 -0.896396 -0.404864 0.309843
4 -0.828999 -0.610876 0.312845
6 -0.83914 -0.543939 0.311478
5 -0.864949 -0.474166 0.309032
4 -0.876735 -0.531372 0.30874
4 -0.806864 -0.64248 0.314077
1 -0.779008 -0.850007 0.31332
5 -0.756412 -0.897349 0.315034
2 -0.874378 -0.435501 0.307856
2 -0.839312 -0.513892 0.310236
8 -0.882686 -0.52944 0.30102
7 -0.965778 -0.356738 0.293541
3 -0.890305 -0.512309 0.309025
4 -0.793837 -0.756053 0.31367
3 -0.813722 -0.706008 0.311848
5 -0.839625 -0.589841 0.30991
3 -0.820226 -0.602563 0.31087
4 -0.940213 -0.132442 0.307298
2 -0.888624 -0.436772 0.317273
2 -0.792542 -0.71947 0.317311
1 -0.850874 -0.574141 0.314884
2 -0.81612 -0.650995 0.315678
4 -0.761194 -0.749105 0.320758
5 -0.885772 -0.4524 0.305066
3 -0.902503 -0.38112 0.308019
1 -0.871934 -0.493825 0.309176
1 -0.883427 -0.413627 0.309763
1 -0.902179 -0.431825 0.308839
1 -0.839487 -0.567014 0.313973
6 -0.872764 -0.475432 0.3099
1 -0.807619 -0.739983 0.312691
7 -0.796969 -0.638984 0.32026
1 -0.879981 -0.424657 0.308777
7 -0.837027 -0.483484 0.318913
5 -0.914478 -0.159571 0.31228
5 -0.80858 -0.702964 0.311244
2 -0.901927 -0.345494 0.312811
1 -0.816451 -0.68899 0.31641
5 -0.833778 -0.779193 0.300787
2 -0.857092 -0.672073 0.30174
1 -0.879237 -0.47413 0.309707
1 -0.872368 -0.564428 0.301111
2 -0.90602 -0.437254 0.305183
2 -0.91292 -0.419409 0.304704
5 -0.927044 -0.303123 0.307184
2 -0.924048 -0.332557 0.306213
3 -0.929072 -0.379963 0.304535
2 -0.904544 -0.337085 0.310803
2 -0.959002 -0.225389 0.311065
2 -0.870093 -0.40949 0.311562
2 -0.878338 -0.507316 0.309902
1 -0.848858 -0.530736 0.313396
1 -0.794407 -0.722633 0.314536
2 -0.899616 -0.434566 0.301854
1 -0.896066 -0.457641 0.302298
3 -0.866663 -0.555836 0.30429
5 -0.802178 -0.780084 0.314578
2 -0.822101 -0.769884 0.3097
2 -0.839157 -0.669745 0.306462
6 -0.875612 -0.368776 0.312862
2 -0.861005 -0.482975 0.312171
2 -0.879572 -0.520684 0.307398
1 -0.845196 -0.481797 0.313473
2 -0.844988 -0.545515 0.309591
3 -0.805022 -0.51303 0.323522
1 -0.835844 -0.591672 0.311537
1 -0.843185 -0.589059 0.310428
7 -0.829281 -0.511861 0.314609
1 -0.864481 -0.343244 0.313348
1 -0.850023 -0.506301 0.317481
6 -0.886557 -0.468845 0.309821
4 -0.831645 -0.622062 0.308061
3 -0.881627 -0.557129 0.310783
4 -0.876371 -0.358719 0.317324
5 -0.903516 -0.352465 0.306641
10 -0.726177 -1.08164 0.314977
1 -0.866693 -0.533741 0.311702
5 -0.843494 -0.719702 0.309137
1 -0.859601 -0.618316 0.309614
2 -0.742265 -0.948763 0.316545
3 -0.802554 -0.812263 0.309903
1 -0.805364 -0.836009 0.309664
5 -0.77912 -0.906464 0.309691
2 -0.824693 -0.715855 0.306822
1 -0.829919 -0.66886 0.310915
16 -0.861917 -0.584601 0.307648
8 -0.784319 -0.787057 0.313934
6 -0.792632 -0.728863 0.313254
1 -0.792979 -0.739118 0.312461
4 -0.806801 -0.644208 0.312533
6 -0.819344 -0.727645 0.305837
2 -0.899281 -0.527191 0.300884
2 -0.921274 -0.444917 0.299299
1 -0.883143 -0.634154 0.298127
6 -0.927935 -0.330317 0.3019
4 -0.854161 -0.429286 0.311371
1 -0.845007 -0.573529 0.304495
3 -0.836458 -0.6099 0.310257
4 -0.839647 -0.660087 0.308958
2 -0.820427 -0.794008 0.308214
1 -0.790672 -0.744179 0.316614
2 -0.806336 -0.735722 0.312096
4 -0.822799 -0.669657 0.312805
1 -0.814985 -0.521957 0.320278
4 -0.906564 -0.245159 0.31105
1 -0.861167 -0.452965 0.309981
4 -0.867439 -0.640402 0.309047
2 -0.918 -0.280264 0.30808
5 -0.883557 -0.485917 0.309176
3 -0.883655 -0.485339 0.309263
5 -0.8837 -0.462015 0.311854
4 -0.869395 -0.446509 0.316267
7 -0.787132 -0.750907 0.32011
2 -0.881802 -0.48228 0.309179
2 -0.850581 -0.474878 0.317006
4 -0.826629 -0.775328 0.315144
1 -0.869016 -0.639526 0.308693
1 -0.822778 -0.763668 0.315206
1 -0.844283 -0.549556 0.317544
2 -0.840561 -0.535006 0.313789
4 -0.870832 -0.436165 0.315411
2 -0.814614 -0.767093 0.311043
2 -0.848871 -0.613872 0.310419
1 -0.831881 -0.618188 0.315521
1 -0.777693 -0.878601 0.312353
2 -0.822016 -0.6322 0.315305
4 -0.843863 -0.570429 0.312407
1 -0.7342 -0.993661 0.318618
2 -0.764037 -0.849698 0.322025
2 -0.764635 -0.863063 0.320236
4 -0.765219 -0.788585 0.319647
2 -0.845515 -0.564821 0.307976
8 -0.905285 -0.466705 0.306278
1 -0.887373 -0.393055 0.311484
4 -0.901454 -0.441022 0.309643
3 -0.897573 -0.371569 0.314115
8 -0.932355 -0.272009 0.309498
1 -0.873486 -0.465417 0.305228
2 -0.934049 -0.199115 0.305902
1 -0.82059 -0.621134 0.315981
2 -0.783807 -0.841794 0.313675
4 -0.791609 -0.873754 0.303812
2 -0.710791 -1.18962 0.308995
1 -0.74399 -0.989358 0.315481
1 -0.741741 -1.16764 0.317186
1 -0.753903 -1.12015 0.315469
3 -0.762523 -1.23119 0.31105
4 -0.782775 -0.979275 0.311289
1 -0.79232 -0.987565 0.317644
5 -0.812384 -0.819846 0.307083
1 -0.811791 -0.753814 0.308699
1 -0.756558 -0.961042 0.313329
2 -0.72596 -0.999754 0.315769
4 -0.738699 -0.939769 0.317628
7 -0.789445 -0.820501 0.309471
2 -0.821565 -0.608435 0.307885
4 -0.883208 -0.26457 0.310826
1 -0.919535 -0.247778 0.306439
1 -0.804462 -0.756285 0.316881
1 -0.809896 -0.801017 0.308945
4 -0.718431 -0.883115 0.324881
1 -0.760766 -0.698076 0.324492
3 -0.815187 -0.662631 0.313718
5 -0.842502 -0.516781 0.31369
5 -0.776561 -0.699992 0.3209
4 -0.936018 -0.258306 0.313353
2 -0.901427 -0.340955 0.316191
6 -0.872013 -0.572923 0.309735
2 -0.892935 -0.634196 0.304055
2 -0.825108 -0.707493 0.308082
2 -0.818911 -0.785487 0.308748
6 -0.848252 -0.64289 0.30819
3 -0.961013 -0.300736 0.30511
1 -0.959777 -0.220969 0.30238
1 -0.860743 -0.673452 0.306845
4 -0.854928 -0.583762 0.308146
1 -0.801194 -0.779457 0.317075
1 -0.764755 -0.810456 0.321981
1 -0.79813 -0.729399 0.321572
1 -0.855519 -0.63242 0.314738
5 -0.898872 -0.466121 0.307269
1 -0.895861 -0.461615 0.306427
4 -0.862764 -0.587978 0.307296
3 -0.805342 -0.559196 0.325402
4 -0.916797 -0.239831 0.311712
4 -0.935163 -0.283433 0.302541
7 -0.845217 -0.466748 0.312398
1 -0.729248 -0.908642 0.321959
1 -0.749993 -0.868517 0.319955
1 -0.832566 -0.539232 0.314162
2 -0.839932 -0.627048 0.310388
1 -0.832366 -0.728955 0.307028
1 -0.763112 -0.989612 0.31306
1 -0.816096 -0.908066 0.308859
2 -0.814258 -0.7961 0.30879
2 -0.866952 -0.416649 0.311154
3 -0.885331 -0.448753 0.310865
1 -0.935006 -0.363372 0.306386
2 -0.995501 -0.186277 0.304171
1 -0.867896 -0.465199 0.318697
2 -0.808439 -0.722082 0.321145
1 -0.786471 -0.69893 0.321909
5 -0.824416 -0.708935 0.312535
7 -0.806206 -0.635966 0.315135
1 -0.884032 -0.579033 0.304908
6 -0.845848 -0.632422 0.308136
3 -0.812166 -0.647746 0.315765
2 -0.832025 -0.751356 0.313775
4 -0.84586 -0.704825 0.308536
1 -0.759604 -0.918942 0.312271
6 -0.770222 -0.909021 0.308602
2 -0.759689 -0.753942 0.31308
4 -0.804946 -0.690447 0.311948
2 -0.795855 -0.752975 0.312118
1 -0.866705 -0.54547 0.305742
1 -0.919852 -0.2414 0.307576
1 -0.8926 -0.320558 0.31046
1 -0.910677 -0.191882 0.308102
2 -0.848994 -0.337227 0.315458
3 -0.909513 -0.440231 0.300596
1 -0.918977 -0.328591 0.303207
10 -0.921727 -0.397121 0.301658
9 -0.811883 -0.767832 0.313837
2 -0.788899 -0.859685 0.316034
4 -0.858745 -0.551207 0.315129
2 -0.924207 -0.371483 0.305684
2 -0.906611 -0.353944 0.309735
4 -0.874679 -0.417713 0.30857
4 -0.85374 -0.597451 0.306193
3 -0.805779 -0.758043 0.310259
4 -0.820354 -0.778791 0.307363
1 -0.815524 -0.731531 0.305938
1 -0.826036 -0.507787 0.318557
2 -0.762382 -0.862468 0.317022
5 -0.785124 -0.742755 0.315032
2 -0.805609 -0.717271 0.312036
2 -0.817603 -0.707154 0.313125
2 -0.845244 -0.588126 0.311861
1 -0.821038 -0.719388 0.309085
4 -0.81715 -0.751301 0.310839
5 -0.841412 -0.719436 0.30686
2 -0.822205 -0.864559 0.309633
2 -0.900498 -0.440991 0.308287
8 -0.81522 -0.711091 0.312503
3 -0.809284 -0.780043 0.30503
5 -0.798006 -0.678393 0.311299
1 -0.823006 -0.658803 0.309485
2 -0.741998 -0.95908 0.309085
4 -0.877125 -0.454281 0.308394
2 -0.69334 -1.02762 0.317217
2 -0.782563 -0.798879 0.311846
2 -0.804701 -0.823564 0.306938
1 -0.806709 -0.610825 0.313861
5 -0.826193 -0.593406 0.312985
1 -0.917283 -0.365368 0.300176
1 -0.895753 -0.328441 0.307572
1 -0.894648 -0.371521 0.312826
1 -0.876458 -0.412473 0.307817
1 -0.875492 -0.479432 0.307784
1 -0.833547 -0.651779 0.312597
4 -0.846978 -0.583904 0.314112
3 -0.899084 -0.44537 0.309715
1 -0.9159 -0.388932 0.310413
1 -0.901831 -0.335087 0.308273
4 -0.846423 -0.532825 0.309866
1 -0.845433 -0.48052 0.309822
4 -0.797587 -0.595485 0.317959
1 -0.783633 -0.743682 0.31584
4 -0.847987 -0.416699 0.315797
2 -0.856772 -0.575256 0.310633
9 -0.847094 -0.610095 0.311264
1 -0.781994 -0.810987 0.309777
2 -0.757767 -0.827731 0.313713
5 -0.803715 -0.762992 0.314728
3 -0.880789 -0.368725 0.314358
4 -0.809676 -0.600902 0.317274
1 -0.914822 -0.36101 0.305682
7 -0.850035 -0.550957 0.314001
2 -0.817214 -0.73477 0.313423
1 -0.837751 -0.596861 0.309449
9 -0.798658 -0.617742 0.320555
2 -0.865128 -0.591277 0.310808
3 -0.870072 -0.50276 0.314164
1 -0.816801 -0.71558 0.312299
2 -0.874929 -0.506514 0.311233
4 -0.959701 -0.292799 0.306458
2 -0.886895 -0.482489 0.316358
4 -0.79413 -0.700077 0.323641
6 -0.789024 -0.782574 0.324882
14 -0.870604 -0.572937 0.312873
6 -0.764093 -0.793467 0.318864
2 -0.781374 -0.70708 0.318078
2 -0.843843 -0.525713 0.31597
1 -0.877688 -0.452715 0.310435
5 -0.87108 -0.471058 0.309447
3 -0.822303 -0.607547 0.314061
5 -0.892281 -0.45618 0.307864
1 -0.911204 -0.247303 0.307829
2 -0.928183 -0.258182 0.305075
5 -0.818845 -0.654077 0.309308
1 -0.853229 -0.50501 0.31352
2 -0.797163 -0.712261 0.314787
2 -0.754971 -1.00098 0.309239
1 -0.812109 -0.682271 0.310764
1 -0.876314 -0.465169 0.309567
1 -0.850027 -0.585089 0.31547
8 -0.819041 -0.726877 0.310395
8 -0.852249 -0.581449 0.308083
5 -0.854601 -0.578495 0.308071
4 -0.850335 -0.582941 0.308783
7 -0.83263 -0.574988 0.313449
8 -0.799528 -0.750158 0.31334
5 -0.865739 -0.480593 0.314952
8 -0.859214 -0.532179 0.313061
3 -0.810708 -0.819728 0.312021
4 -0.82163 -0.691812 0.310045
1 -0.759551 -1.03244 0.313565
1 -0.752491 -0.975348 0.314866
1 -0.892705 -0.47354 0.31297
1 -0.860472 -0.554344 0.311402
1 -0.918818 -0.355901 0.3069
2 -0.871372 -0.581322 0.311086
4 -0.88717 -0.539463 0.310179
2 -0.905907 -0.360226 0.309063
2 -0.862607 -0.478626 0.312021
3 -0.819541 -0.571176 0.312394
3 -0.792903 -0.704466 0.315339
5 -0.777208 -0.712847 0.319627
1 -0.774445 -0.799833 0.315211
3 -0.773959 -0.771964 0.316945
1 -0.849044 -0.474816 0.316989
6 -0.911851 -0.307865 0.308446
2 -0.865111 -0.480694 0.312965
1 -0.849658 -0.502676 0.314313
2 -0.85735 -0.488638 0.310311
4 -0.832324 -0.472356 0.31646
2 -0.787002 -0.644583 0.315661
1 -0.880446 -0.271104 0.313702
3 -0.797719 -0.579797 0.320437
3 -0.757547 -0.717939 0.324545
1 -0.801503 -0.715959 0.31911
2 -0.876786 -0.424743 0.319175
2 -0.850121 -0.758157 0.309629
3 -0.742511 -1.13595 0.319143
6 -0.717322 -1.09788 0.323951
2 -0.822869 -0.756401 0.309667
3 -0.81853 -0.708871 0.312638
3 -0.78551 -0.715788 0.318167
2 -0.80032 -0.689137 0.316216
2 -0.847663 -0.44376 0.311662
11 -0.910596 -0.197952 0.311627
1 -0.875421 -0.271626 0.313602
5 -0.893519 -0.415607 0.305135
6 -0.924416 -0.303572 0.303066
1 -0.8308 -0.744471 0.303676
1 -0.855248 -0.591799 0.316066
2 -0.777709 -0.650551 0.32132
6 -0.833724 -0.597913 0.305587
6 -0.813833 -0.765588 0.303272
3 -0.763835 -0.98047 0.309004
1 -0.843207 -0.578855 0.306133
2 -0.834929 -0.635447 0.309759
3 -0.836501 -0.581245 0.313322
2 -0.800027 -0.814432 0.308697
1 -0.882177 -0.489303 0.305084
1 -0.850716 -0.650122 0.307438
4 -0.844584 -0.635066 0.306411
2 -0.784225 -0.959393 0.314422
1 -0.837083 -0.827279 0.312881
5 -0.816949 -0.857023 0.315591
1 -0.828168 -0.690962 0.318208
2 -0.833673 -0.662233 0.314086
5 -0.898499 -0.322323 0.311766
4 -0.896582 -0.57252 0.304229
7 -0.874393 -0.484468 0.31281
7 -0.781131 -0.86557 0.312267
1 -0.795705 -0.726071 0.312565
2 -0.774944 -0.85917 0.312138
8 -0.772012 -0.898945 0.314564
1 -0.816071 -0.724049 0.315033
3 -0.800733 -0.792619 0.316715
1 -0.883082 -0.563064 0.309237
5 -0.943087 -0.2735 0.30624
2 -0.894914 -0.42825 0.311752
2 -0.81187 -0.863818 0.311331
1 -0.852417 -0.672948 0.299939
1 -0.86679 -0.648742 0.308186
1 -0.879821 -0.461022 0.309041
1 -0.886602 -0.430984 0.308447
3 -0.902049 -0.329792 0.306331
3 -0.885262 -0.345848 0.313622
4 -0.775834 -0.954657 0.30829
1 -0.790644 -0.843831 0.310126
2 -0.759383 -0.911519 0.315171
1 -0.791914 -0.825263 0.318274
9 -0.915826 -0.471854 0.304094
4 -0.942179 -0.36801 0.301513
1 -0.903996 -0.50516 0.299589
2 -0.893392 -0.542927 0.300142
1 -0.909806 -0.35081 0.304887
2 -0.840341 -0.667675 0.301498
1 -0.876254 -0.543308 0.30203
2 -0.866882 -0.557249 0.307173
3 -0.856092 -0.671133 0.308166
1 -0.826615 -0.717223 0.307371
1 -0.781827 -0.910269 0.311297
2 -0.826419 -0.654063 0.312049
1 -0.8613 -0.549223 0.310175
6 -0.907213 -0.481281 0.302563
6 -0.919294 -0.486117 0.297866
2 -0.934321 -0.420404 0.301132
2 -0.858138 -0.601248 0.308163
5 -0.864052 -0.560942 0.306727
8 -0.853004 -0.575311 0.308027
7 -0.842551 -0.732344 0.304297
8 -0.833605 -0.708248 0.308209
8 -0.785677 -0.927724 0.312971
1 -0.821519 -0.795884 0.31
1 -0.77536 -0.766934 0.315454
3 -0.777975 -0.869956 0.315729
1 -0.812283 -0.655661 0.31521
4 -0.814884 -0.609353 0.318972
5 -0.756093 -0.891665 0.315176
8 -0.763571 -0.850766 0.316223
6 -0.690468 -1.04489 0.323353
3 -0.840934 -0.547433 0.317108
10 -0.840358 -0.519806 0.319439
1 -0.906611 -0.405848 0.303044
5 -0.882911 -0.435847 0.305899
4 -0.843219 -0.539177 0.312023
5 -0.857171 -0.43529 0.311917
3 -0.758778 -0.92121 0.307827
5 -0.754583 -0.810824 0.315556
3 -0.692017 -1.11368 0.316425
1 -0.705771 -1.07484 0.317026
2 -0.684396 -1.07531 0.321927
1 -0.662651 -1.19602 0.328629
3 -0.6906 -0.987988 0.324478
5 -0.746907 -0.782802 0.319439
2 -0.726768 -0.869131 0.322539
3 -0.779705 -0.795011 0.326482
1 -0.798929 -0.56373 0.324957
2 -0.894052 -0.343295 0.316265
1 -0.901566 -0.412826 0.311391
1 -0.783341 -0.713792 0.316666
1 -0.82688 -0.578062 0.312659
2 -0.816002 -0.65223 0.313928
4 -0.842574 -0.61209 0.311942
1 -0.859117 -0.492262 0.308974
2 -0.810494 -0.610129 0.312347
1 -0.784525 -0.599124 0.321496
4 -0.857405 -0.470897 0.317667
5 -0.855471 -0.686569 0.309371
5 -0.904572 -0.335709 0.312007
3 -0.940158 -0.121828 0.311372
1 -0.832965 -0.520943 0.313892
3 -0.885869 -0.399573 0.306313
1 -0.914491 -0.367965 0.302746
3 -0.892962 -0.276953 0.308903
1 -0.885822 -0.308386 0.318276
1 -0.813536 -0.672741 0.3197
3 -0.719028 -1.03194 0.31076
3 -0.8514 -0.47567 0.304424
2 -0.796758 -0.737629 0.315383
2 -0.819602 -0.780977 0.31105
15 -0.802891 -0.837378 0.310522
1 -0.767284 -0.984875 0.312796
5 -0.812076 -0.840119 0.316984
1 -0.782236 -0.688825 0.315624
6 -0.915935 -0.431946 0.3006
4 -0.84738 -0.6413 0.309119
1 -0.8863 -0.59856 0.305706
3 -0.846209 -0.764112 0.31047
1 -0.765283 -0.998542 0.315154
4 -0.780742 -0.878856 0.317028
4 -0.799734 -0.792164 0.312511
2 -0.884831 -0.509507 0.30826
2 -0.790328 -0.793247 0.315828
6 -0.889518 -0.317414 0.309351
4 -0.971242 -0.105023 0.299611
1 -0.925017 -0.15644 0.307427
2 -0.937327 -0.227424 0.303303
3 -0.925366 -0.168514 0.309412
5 -0.918275 -0.363486 0.304098
3 -0.884414 -0.525497 0.301698
1 -0.892157 -0.545598 0.299552
6 -0.896784 -0.458683 0.302476
13 -0.866829 -0.53733 0.301823
1 -0.894131 -0.404109 0.303368
1 -0.91222 -0.421193 0.303032
1 -0.889051 -0.532825 0.315544
1 -0.868749 -0.520891 0.317132
12 -0.89012 -0.422199 0.313926
1 -0.970933 -0.132744 0.304723
1 -0.914671 -0.441326 0.299938
2 -0.90048 -0.455957 0.301229
1 -0.900852 -0.459093 0.307628
1 -0.917124 -0.383375 0.307273
2 -0.933796 -0.254937 0.306051
1 -0.789214 -0.963786 0.310566
1 -0.84162 -0.764415 0.300072
3 -0.770133 -0.985174 0.304778
3 -0.834374 -0.68929 0.305677
1 -0.839722 -0.542044 0.308354
10 -0.792256 -0.743711 0.314465
7 -0.792642 -0.704996 0.315332
3 -0.789014 -0.719691 0.315988
1 -0.826454 -0.550372 0.315739
4 -0.790944 -0.775661 0.314849
1 -0.791246 -0.915446 0.310347
2 -0.78985 -0.772507 0.313798
4 -0.911498 -0.525327 0.299274
1 -0.841786 -0.831325 0.301522
1 -0.870555 -0.552741 0.310917
1 -0.941145 -0.276305 0.304523
1 -0.894083 -0.414076 0.308616
13 -0.894522 -0.4331 0.308667
3 -0.881373 -0.422953 0.311045
5 -0.802547 -0.748837 0.314852
4 -0.812197 -0.776459 0.315321
6 -0.841038 -0.626845 0.314578
1 -0.729986 -0.870852 0.324509
4 -0.73976 -0.859971 0.320929
3 -0.741123 -0.975996 0.317914
1 -0.787463 -0.682648 0.317554
6 -0.812006 -0.566648 0.320854
1 -0.837882 -0.436393 0.324998
1 -0.805302 -0.710532 0.31266
7 -0.843276 -0.647149 0.310416
2 -0.823584 -0.633011 0.309017
1 -0.803151 -0.78605 0.315537
2 -0.793606 -0.733186 0.315907
1 -0.880184 -0.491091 0.309396
5 -0.791059 -0.828104 0.312303
2 -0.852184 -0.555165 0.309204
2 -0.791151 -0.787723 0.312085
1 -0.812303 -0.729609 0.311168
1 -0.768141 -0.900677 0.311467
3 -0.890781 -0.449472 0.303284
1 -0.897799 -0.441731 0.308071
1 -0.864256 -0.520494 0.303671
1 -0.884869 -0.403357 0.303769
2 -0.912913 -0.295088 0.304213
3 -0.919216 -0.338694 0.305841
6 -0.885647 -0.32025 0.321143
1 -0.871306 -0.384314 0.317305
4 -0.937989 -0.273405 0.308703
1 -0.931884 -0.302485 0.30412
1 -0.91495 -0.486564 0.300452
4 -0.848053 -0.548177 0.307862
3 -0.907464 -0.438981 0.303894
3 -0.892062 -0.513381 0.301696
1 -0.900244 -0.38197 0.304506
5 -0.813792 -0.64889 0.313752
1 -0.77824 -0.855938 0.315544
4 -0.854526 -0.616569 0.309242
1 -0.866855 -0.548523 0.303164
4 -0.876797 -0.476363 0.302739
4 -0.872201 -0.564267 0.303104
7 -0.849314 -0.695255 0.30042
10 -0.798635 -0.941903 0.305651
1 -0.782156 -0.93822 0.307495
1 -0.799846 -0.775353 0.312366
3 -0.890057 -0.491524 0.307604
7 -0.825001 -0.669702 0.313735
1 -0.832128 -0.673509 0.314223
1 -0.844854 -0.7396 0.307447
3 -0.860826 -0.576459 0.313168
2 -0.881099 -0.501157 0.308851
5 -0.813102 -0.718712 0.313219
4 -0.787517 -0.697736 0.310255
3 -0.817066 -0.637133 0.305952
2 -0.797018 -0.702847 0.312169
4 -0.869747 -0.32816 0.314744
1 -0.79423 -0.764153 0.313995
3 -0.822995 -0.512467 0.316691
3 -0.759152 -0.78703 0.323046
2 -0.794497 -0.756416 0.311816
3 -0.832974 -0.732384 0.305069
1 -0.80399 -0.868346 0.310225
1 -0.846139 -0.631177 0.314033
1 -0.907036 -0.346903 0.310281
2 -0.725783 -0.970955 0.3183
2 -0.825393 -0.764105 0.304167
1 -0.809531 -0.786179 0.305117
3 -0.8171 -0.538742 0.316543
4 -0.866853 -0.415383 0.310457
3 -0.806341 -0.642964 0.312798
2 -0.83701 -0.620144 0.308121
1 -0.826922 -0.670094 0.309913
5 -0.915177 -0.430256 0.301425
3 -0.875426 -0.520871 0.30313
6 -0.883572 -0.437044 0.302845
1 -0.933059 -0.380765 0.300009
4 -0.853437 -0.599273 0.308254
2 -0.880083 -0.454377 0.308154
4 -0.835884 -0.532479 0.319378
4 -0.81894 -0.620175 0.31973
5 -0.864657 -0.50995 0.314812
2 -0.928868 -0.321831 0.308605
2 -0.91779 -0.301021 0.311795
2 -0.823208 -0.595919 0.316999
1 -0.830059 -0.570232 0.317312
7 -0.782125 -0.524158 0.331626
1 -0.784596 -0.520175 0.328864
4 -0.802828 -0.423113 0.328749
1 -0.803999 -0.454814 0.327205
4 -0.848275 -0.40705 0.318104
1 -0.857438 -0.381051 0.320605
1 -0.864885 -0.451052 0.31352
3 -0.815208 -0.653166 0.315906
1 -0.851025 -0.612393 0.310271
4 -0.823743 -0.724252 0.311915
8 -0.859549 -0.538848 0.311528
2 -0.841919 -0.530427 0.312908
1 -0.73739 -0.821417 0.324612
3 -0.773393 -0.810584 0.320047
1 -0.808345 -0.81516 0.307404
2 -0.862677 -0.567462 0.310708
2 -0.884476 -0.396167 0.310218
1 -0.83944 -0.537664 0.318349
2 -0.798959 -0.690355 0.319864
4 -0.86566 -0.463485 0.310123
1 -0.848926 -0.53828 0.307875
1 -0.938875 -0.239202 0.308636
1 -0.912555 -0.342411 0.306564
1 -0.830104 -0.645159 0.315769
3 -0.840053 -0.552199 0.308907
1 -0.932767 -0.18978 0.316523
3 -0.914638 -0.257589 0.319969
1 -0.951982 -0.233026 0.31415
1 -0.875046 -0.4988 0.315149
4 -0.811944 -0.698495 0.314427
1 -0.790647 -0.678836 0.314851
1 -0.774237 -0.760302 0.31794
7 -0.808787 -0.741592 0.308787
1 -0.891507 -0.397982 0.309053
1 -0.813597 -0.702574 0.305897
7 -0.938301 -0.302932 0.301041
6 -0.846253 -0.608578 0.30795
1 -0.704707 -0.889927 0.321702
1 -0.748394 -0.762462 0.316566
2 -0.718087 -0.857746 0.322926
4 -0.749717 -0.710274 0.324685
1 -0.804276 -0.57157 0.31938
3 -0.827066 -0.614946 0.313058
2 -0.809107 -0.623377 0.313954
2 -0.843031 -0.491874 0.315275
4 -0.839498 -0.485433 0.313201
7 -0.834832 -0.514699 0.31396
3 -0.907906 -0.34498 0.305355
3 -0.861039 -0.583891 0.309853
6 -0.892933 -0.519163 0.302988
1 -0.779572 -0.997438 0.307238
3 -0.934682 -0.381336 0.303084
5 -0.895157 -0.475192 0.31113
2 -0.867554 -0.597369 0.309058
1 -0.816113 -0.741264 0.313752
2 -0.798616 -0.688017 0.320549
1 -0.754366 -0.854849 0.321862
5 -0.87475 -0.561334 0.31118
7 -0.826806 -0.547058 0.321514
4 -0.875415 -0.453602 0.311855
2 -0.864243 -0.453167 0.313572
3 -0.869933 -0.563329 0.307606
5 -0.795833 -0.803107 0.310071
1 -0.846058 -0.610027 0.311019
1 -0.855646 -0.457117 0.3168
1 -0.799001 -0.710498 0.31909
2 -0.78257 -0.727218 0.318431
2 -0.845636 -0.641143 0.312231
8 -0.859723 -0.593089 0.311336
2 -0.875548 -0.547702 0.305764
2 -0.860481 -0.508159 0.306706
2 -0.871712 -0.432863 0.308834
2 -0.888192 -0.448333 0.306801
9 -0.79574 -0.807171 0.317392
5 -0.784546 -0.949866 0.315889
2 -0.817813 -0.87492 0.314638
2 -0.837322 -0.732003 0.31042
3 -0.858533 -0.640142 0.309149
5 -0.760829 -0.899326 0.319007
1 -0.777237 -0.813254 0.317361
2 -0.84952 -0.572748 0.307866
3 -0.78274 -1.03347 0.305463
3 -0.74583 -1.29145 0.310087
4 -0.77778 -0.867449 0.313561
3 -0.73646 -1.08464 0.317552
2 -0.855525 -0.545444 0.304301
3 -0.848757 -0.586906 0.303546
3 -0.80795 -0.78856 0.307253
9 -0.911351 -0.463225 0.301027
1 -0.910811 -0.412179 0.303291
3 -0.849104 -0.742418 0.309909
3 -0.895524 -0.460686 0.311537
1 -0.923649 -0.236753 0.308876
1 -0.83077 -0.502683 0.317731
5 -0.75001 -0.968242 0.313586
1 -0.789779 -0.741902 0.312294
3 -0.858925 -0.417688 0.31826
3 -0.847831 -0.554342 0.312972
2 -0.908679 -0.37509 0.311274
5 -0.828383 -0.676944 0.307311
1 -0.850912 -0.64271 0.305169
1 -0.834501 -0.667919 0.306056
1 -0.876712 -0.587812 0.307782
7 -0.94423 -0.234502 0.305121
1 -0.905631 -0.292474 0.308088
3 -0.890826 -0.373778 0.308883
1 -0.892505 -0.494151 0.310451
1 -0.864545 -0.527487 0.312061
4 -0.912858 -0.275344 0.312067
1 -0.94057 -0.261262 0.30302
1 -0.904264 -0.355943 0.314767
2 -0.864264 -0.39949 0.318755
3 -0.727434 -0.838166 0.324957
7 -0.797816 -0.666725 0.312397
1 -0.919639 -0.204869 0.307985
5 -0.976626 -0.0922898 0.305355
6 -0.980792 -0.159487 0.298529
1 -0.870001 -0.661795 0.303171
3 -0.809112 -0.924601 0.31042
1 -0.918917 -0.42524 0.309992
8 -0.903022 -0.392948 0.307049
1 -0.94072 -0.174174 0.303362
8 -0.836527 -0.544812 0.316285
1 -0.918347 -0.353772 0.30828
7 -0.92202 -0.285476 0.304333
1 -0.926076 -0.27262 0.301882
2 -0.932346 -0.191836 0.303707
1 -0.911659 -0.527191 0.301617
3 -0.901376 -0.493361 0.297914
2 -0.865919 -0.538252 0.311119
2 -0.836828 -0.75591 0.307696
4 -0.843227 -0.651858 0.310302
1 -0.819164 -0.624379 0.306848
1 -0.836271 -0.778869 0.300496
1 -0.879519 -0.508401 0.306169
2 -0.906737 -0.423852 0.304839
1 -0.918782 -0.482766 0.298968
2 -0.8145 -0.82437 0.308534
1 -0.73759 -1.07261 0.315535
5 -0.74212 -0.821075 0.320554
5 -0.77644 -0.820018 0.306726
3 -0.839291 -0.641162 0.311551
15 -0.81912 -0.688207 0.31352
4 -0.865234 -0.502699 0.310763
3 -0.938012 -0.212505 0.303199
1 -0.907193 -0.32882 0.306164
4 -0.913448 -0.421899 0.307051
3 -0.891693 -0.397573 0.310939
1 -0.888482 -0.425409 0.310659
8 -0.874191 -0.462752 0.309744
4 -0.892827 -0.340775 0.311561
6 -0.89567 -0.330014 0.311812
1 -0.811595 -0.690037 0.319714
2 -0.835095 -0.601996 0.314443
5 -0.808183 -0.736098 0.314174
3 -0.902395 -0.618931 0.30453
1 -0.895583 -0.461246 0.312553
4 -0.877069 -0.548507 0.306129
3 -0.851242 -0.744034 0.30232
4 -0.84618 -0.777481 0.301877
1 -0.740234 -1.00628 0.316087
2 -0.736361 -1.05807 0.317042
1 -0.859255 -0.628523 0.312138
7 -0.89715 -0.322836 0.313161
1 -0.854116 -0.641993 0.305081
9 -0.843742 -0.695874 0.305086
5 -0.825406 -0.64381 0.307239
1 -0.826973 -0.642573 0.306838
1 -0.785899 -0.720464 0.313615
1 -0.741654 -0.822336 0.319783
1 -0.805786 -0.518577 0.318606
3 -0.864753 -0.42535 0.314877
1 -0.855558 -0.429875 0.314833
1 -0.822788 -0.497621 0.317384
7 -0.875778 -0.261392 0.313969
2 -0.76256 -0.680429 0.317697
9 -0.873699 -0.351674 0.311359
1 -0.87097 -0.337186 0.309002
3 -0.948243 -0.359378 0.300424
6 -0.906943 -0.370203 0.307115
1 -0.865933 -0.443883 0.31316
2 -0.833024 -0.506349 0.31748
2 -0.820744 -0.638994 0.314335
6 -0.784634 -0.821179 0.315399
1 -0.760962 -0.793326 0.318263
6 -0.761644 -0.920561 0.315277
1 -0.813097 -0.755645 0.312513
12 -0.810257 -0.73406 0.31277
4 -0.874562 -0.587717 0.309463
1 -0.780109 -0.979227 0.309983
4 -0.797111 -0.843242 0.307445
6 -0.843513 -0.733677 0.303984
3 -0.855368 -0.425758 0.315018
2 -0.945351 -0.0784038 0.305499
1 -0.86591 -0.450439 0.304141
1 -0.861872 -0.604316 0.303701
2 -0.849168 -0.529313 0.304324
1 -0.858909 -0.502889 0.304899
3 -0.871813 -0.380742 0.310294
2 -0.821773 -0.710484 0.309633
3 -0.825308 -0.658548 0.309933
4 -0.752475 -0.87585 0.314684
6 -0.7196 -0.953304 0.319367
4 -0.811032 -0.658471 0.311146
2 -0.794204 -0.702514 0.313474
11 -0.938616 -0.0122694 0.312203
1 -0.953443 -0.00360641 0.312978
4 -0.85667 -0.47882 0.31847
5 -0.847321 -0.541162 0.312033
3 -0.821709 -0.592035 0.31234
2 -0.853061 -0.469185 0.315126
2 -0.831428 -0.561678 0.310426
1 -0.833124 -0.657631 0.313918
1 -0.906727 -0.420581 0.310737
6 -0.842355 -0.593812 0.319158
2 -0.846493 -0.487669 0.313978
2 -0.764368 -0.71682 0.322298
2 -0.715019 -1.03023 0.320103
1 -0.71491 -1.06271 0.319002
1 -0.729332 -1.08633 0.319755
1 -0.832476 -0.649131 0.316127
1 -0.82899 -0.497039 0.31999
3 -0.798209 -0.641078 0.321035
1 -0.821936 -0.639595 0.309073
2 -0.821566 -0.57886 0.318317
3 -0.913399 -0.353328 0.305056
2 -0.824929 -0.64899 0.307164
5 -0.806275 -1.0035 0.308336
2 -0.771484 -1.07906 0.314064
7 -0.827702 -0.666117 0.307715
1 -0.809865 -0.779451 0.313337
3 -0.808738 -0.822176 0.314619
1 -0.777009 -0.733437 0.318639
2 -0.800594 -0.728578 0.314347
6 -0.787997 -0.80755 0.315225
6 -0.83669 -0.620699 0.308883
3 -0.888788 -0.374121 0.305256
2 -0.809149 -0.72723 0.305666
1 -0.736792 -0.913065 0.312532
1 -0.928181 -0.488087 0.298666
2 -0.955346 -0.409117 0.3015
1 -0.853178 -0.65453 0.309652
1 -0.760922 -0.954969 0.316639
2 -0.825602 -0.738976 0.315357
4 -0.834972 -0.646768 0.314879
5 -0.899548 -0.473657 0.310712
7 -0.795846 -0.877759 0.311315
2 -0.783359 -0.931103 0.30909
1 -0.784661 -0.903976 0.309934
1 -0.837386 -0.698152 0.310841
2 -0.743244 -1.11625 0.315847
1 -0.854869 -0.504865 0.315398
1 -0.830244 -0.645353 0.310042
9 -0.765012 -0.966074 0.312901
3 -0.761209 -0.987141 0.312293
1 -0.792523 -0.796464 0.309987
5 -0.790172 -0.81044 0.308885
1 -0.854331 -0.498849 0.306533
1 -0.889153 -0.566382 0.304994
2 -0.959065 -0.338454 0.302071
1 -0.984387 -0.189664 0.302296
6 -0.903502 -0.357823 0.305441
1 -0.813798 -0.707138 0.309131
8 -0.820191 -0.587418 0.316306
3 -0.781237 -0.78973 0.318162
1 -0.792988 -0.79063 0.317979
2 -0.784339 -0.88036 0.3168
4 -0.789533 -0.822786 0.315898
1 -0.726083 -0.903978 0.322936
1 -0.847209 -0.536669 0.310481
2 -0.780435 -0.864517 0.313677
2 -0.814293 -0.7563 0.306382
2 -0.80319 -0.794615 0.306793
4 -0.855496 -0.697383 0.300496
1 -0.830048 -0.836764 0.299231
1 -0.811723 -0.888986 0.302104
2 -0.849984 -0.648022 0.30274
1 -0.876287 -0.525156 0.302144
1 -0.876591 -0.587867 0.30268
1 -0.947024 -0.280024 0.303316
14 -0.841765 -0.668181 0.304245
2 -0.772077 -0.891858 0.311307
1 -0.856041 -0.431541 0.312477
1 -0.782289 -0.730221 0.315344
8 -0.817407 -0.681496 0.311745
1 -0.812124 -0.747662 0.310008
1 -0.901197 -0.505656 0.30464
2 -0.871243 -0.61887 0.307787
1 -0.883294 -0.596129 0.300909
2 -0.763472 -0.846231 0.320888
3 -0.719032 -0.926998 0.325862
1 -0.837844 -0.761385 0.30834
5 -0.959135 -0.237044 0.301847
1 -0.904713 -0.419542 0.308043
3 -0.829639 -0.670219 0.30976
1 -0.856553 -0.595784 0.308147
1 -0.771341 -0.839935 0.318956
1 -0.773105 -0.832663 0.318451
1 -0.773352 -0.863355 0.316214
1 -0.854001 -0.630552 0.307186
3 -0.825789 -0.644966 0.313698
4 -0.893533 -0.501397 0.306684
3 -0.836056 -0.610724 0.311968
14 -0.85476 -0.591546 0.307892
6 -0.88095 -0.437932 0.309677
4 -0.861508 -0.518361 0.311765
4 -0.764476 -0.91411 0.314183
4 -0.791123 -0.822904 0.313754
8 -0.856939 -0.60195 0.305428
2 -0.870342 -0.584575 0.303986
1 -0.89861 -0.428749 0.311313
1 -0.869337 -0.615642 0.310658
1 -0.821945 -0.708458 0.310148
1 -0.838037 -0.675442 0.307619
3 -0.848825 -0.618211 0.309045
2 -0.849255 -0.541056 0.314608
1 -0.861169 -0.477867 0.314663
3 -0.873968 -0.453827 0.307587
3 -0.829896 -0.626242 0.307063
6 -0.833978 -0.654672 0.307808
1 -0.882738 -0.467393 0.308419
2 -0.809202 -0.741616 0.310169
2 -0.813665 -0.680292 0.309681
1 -0.770892 -0.937759 0.307548
1 -0.782423 -0.833106 0.309653
2 -0.844892 -0.607947 0.307766
4 -0.811211 -0.661505 0.318738
4 -0.868109 -0.512279 0.308252
1 -0.868986 -0.490245 0.30794
5 -0.904361 -0.358782 0.307799
1 -0.864279 -0.434218 0.311472
3 -0.883906 -0.373235 0.309958
2 -0.89549 -0.339355 0.309044
1 -0.919082 -0.319065 0.305815
3 -0.835153 -0.739785 0.303268
3 -0.823762 -0.69514 0.311474
2 -0.870381 -0.562873 0.308506
2 -0.860682 -0.608072 0.310115
15 -0.852045 -0.537338 0.309523
2 -0.830679 -0.552773 0.317737
5 -0.818786 -0.651106 0.315267
5 -0.907808 -0.502201 0.303798
1 -0.911476 -0.485524 0.303464
1 -0.813672 -0.63243 0.317363
2 -0.785484 -0.688415 0.31497
1 -0.753009 -0.803591 0.318105
1 -0.887734 -0.379906 0.312041
4 -0.8058 -0.891053 0.304915
8 -0.794195 -0.826451 0.311808
7 -0.794461 -0.560881 0.321682
7 -0.833746 -0.396929 0.311239
1 -0.843051 -0.368106 0.310682
3 -0.874189 -0.408858 0.302574
3 -0.743763 -1.05559 0.310873
5 -0.8936 -0.586512 0.302219
3 -0.874096 -0.604247 0.305299
1 -0.894383 -0.420933 0.300367
6 -0.883587 -0.291039 0.313717
1 -0.8823 -0.361224 0.313238
2 -0.859234 -0.427656 0.311913
1 -0.842336 -0.549164 0.313365
8 -0.843455 -0.552168 0.31331
7 -0.901591 -0.294525 0.311099
2 -0.883583 -0.340315 0.314805
2 -0.840497 -0.527065 0.312855
2 -0.876815 -0.391487 0.312192
1 -0.859009 -0.534182 0.31368
2 -0.892821 -0.576178 0.300624
1 -0.927998 -0.39527 0.302433
3 -0.915644 -0.445837 0.303451
3 -0.868248 -0.551308 0.308681
4 -0.909316 -0.441962 0.305453
1 -0.935569 -0.281094 0.305747
1 -0.895938 -0.305505 0.314732
2 -0.883862 -0.337819 0.313141
9 -0.842639 -0.464236 0.315753
2 -0.785664 -0.841939 0.3172
1 -0.801696 -0.791986 0.313407
1 -0.780205 -0.821282 0.317405
6 -0.761006 -0.878784 0.318749
2 -0.786155 -0.718092 0.318952
5 -0.74039 -0.980062 0.323223
4 -0.772012 -1.00759 0.308614
2 -0.796457 -0.802692 0.316827
2 -0.804348 -0.6371 0.318393
3 -0.832247 -0.47701 0.313304
1 -0.85999 -0.561839 0.307414
7 -0.832523 -0.668896 0.312346
1 -0.778871 -0.829652 0.316178
1 -0.861385 -0.503058 0.314719
5 -0.7284 -1.03284 0.31545
1 -0.725213 -0.969163 0.326738
3 -0.769224 -0.911901 0.314504
1 -0.820612 -0.706834 0.311384
3 -0.826542 -0.689539 0.306331
1 -0.804764 -0.761862 0.311491
3 -0.859437 -0.630066 0.311939
2 -0.916144 -0.490454 0.308058
9 -0.924229 -0.493612 0.306615
3 -0.850068 -0.812006 0.299381
1 -0.909502 -0.544045 0.298479
1 -0.937699 -0.408049 0.306556
2 -0.889974 -0.583094 0.303908
3 -0.831935 -0.831273 0.308432
1 -0.939446 -0.475717 0.302115
3 -0.951293 -0.364683 0.300953
1 -0.918158 -0.522352 0.300244
1 -0.947457 -0.412976 0.295234
1 -0.93516 -0.207004 0.308263
4 -0.865668 -0.465668 0.314538
1 -0.834353 -0.558899 0.310783
4 -0.775862 -0.835442 0.313308
2 -0.789838 -0.81117 0.31597
1 -0.808142 -0.67459 0.314672
7 -0.828045 -0.638378 0.311257
2 -0.846789 -0.653597 0.302955
1 -0.873462 -0.405234 0.302919
1 -0.883822 -0.468318 0.299607
4 -0.809044 -0.809594 0.29886
2 -0.917919 -0.290606 0.300851
1 -0.798805 -0.870601 0.30417
1 -0.818129 -0.741357 0.311371
1 -0.862839 -0.564602 0.312318
2 -0.812954 -0.758384 0.315899
4 -0.869129 -0.528568 0.31082
2 -0.910869 -0.265348 0.305135
2 -0.894401 -0.394953 0.305305
1 -0.799762 -0.846525 0.308118
1 -0.800524 -0.697718 0.312866
1 -0.886238 -0.47873 0.303547
4 -0.857035 -0.586011 0.302625
1 -0.884784 -0.507798 0.300674
1 -0.755847 -1.05009 0.315194
10 -0.776808 -1.06091 0.309766
2 -0.839451 -0.719762 0.313947
1 -0.843229 -0.679052 0.313554
1 -0.784934 -0.82751 0.320685
1 -0.886868 -0.34716 0.315292
1 -0.90114 -0.326687 0.315319
1 -0.879284 -0.438601 0.315269
1 -0.815555 -0.7956 0.319585
1 -0.749066 -1.06095 0.320705
2 -0.867045 -0.667385 0.297111
2 -0.807742 -0.853765 0.30521
3 -0.881509 -0.460075 0.302564
1 -0.928053 -0.364537 0.300494
1 -0.948799 -0.23878 0.303968
3 -0.783881 -0.862677 0.313906
1 -0.854742 -0.609713 0.308398
8 -0.866455 -0.522882 0.308842
2 -0.837067 -0.664586 0.304605
1 -0.828658 -0.664685 0.306287
5 -0.846498 -0.615013 0.309338
7 -0.855442 -0.573562 0.305917
2 -0.876285 -0.503891 0.30464
4 -0.838876 -0.672922 0.30735
1 -0.800808 -0.58665 0.314671
1 -0.784784 -0.599998 0.315422
1 -0.881871 -0.301154 0.317066
1 -0.862104 -0.432798 0.31836
3 -0.863329 -0.532329 0.308152
1 -0.920529 -0.348493 0.304538
2 -0.889525 -0.451734 0.306829
8 -0.842593 -0.471987 0.316295
6 -0.877754 -0.311522 0.314201
5 -0.909631 -0.176093 0.30786
1 -0.801891 -1.01474 0.31045
2 -0.827808 -0.603059 0.308309
9 -0.768334 -0.669757 0.32196
1 -0.860605 -0.512391 0.308352
3 -0.859431 -0.371402 0.3149
3 -0.836253 -0.498574 0.317586
2 -0.799939 -0.658192 0.317028
3 -0.817474 -0.633899 0.316715
4 -0.884357 -0.57159 0.304312
1 -0.869238 -0.513115 0.309796
5 -0.816176 -0.693816 0.315719
2 -0.797154 -0.782212 0.315686
13 -0.842671 -0.694803 0.31
1 -0.841749 -0.691092 0.309675
1 -0.854391 -0.632811 0.309854
2 -0.791107 -0.726467 0.3157
4 -0.769188 -0.740733 0.318653
2 -0.80881 -0.753358 0.31412
5 -0.794862 -0.731665 0.314137
4 -0.750453 -0.898166 0.314379
1 -0.788696 -0.767366 0.311242
6 -0.764955 -0.900274 0.313827
6 -0.782551 -0.862168 0.309944
2 -0.818461 -0.735431 0.309149
1 -0.839312 -0.704132 0.304441
4 -0.815814 -0.746934 0.307534
1 -0.862418 -0.430946 0.317609
1 -0.847208 -0.562599 0.31006
2 -0.869654 -0.490444 0.309613
3 -0.835326 -0.566174 0.309371
2 -0.824447 -0.594435 0.310079
2 -0.795314 -0.675579 0.313849
2 -0.756267 -0.826467 0.32055
2 -0.835934 -0.607775 0.318625
5 -0.818686 -0.649527 0.322202
2 -0.853063 -0.559172 0.317999
1 -0.872036 -0.545913 0.30914
2 -0.940309 -0.0479432 0.311235
1 -0.844573 -0.553416 0.301954
2 -0.779642 -1.00541 0.306382
1 -0.793374 -0.896507 0.304883
3 -0.826722 -0.760958 0.304864
2 -0.856641 -0.66861 0.301009
4 -0.912724 -0.37941 0.299924
2 -0.962451 -0.134928 0.306339
3 -0.941011 -0.188137 0.309545
5 -0.907806 -0.441863 0.304692
7 -0.903728 -0.432607 0.304334
4 -0.771559 -0.658713 0.320036
1 -0.905038 -0.413396 0.306707
1 -0.959404 -0.150316 0.304602
2 -0.909961 -0.424023 0.30434
3 -0.919995 -0.394059 0.302622
4 -0.856494 -0.602267 0.307564
3 -0.801178 -0.792268 0.314335
9 -0.871519 -0.618423 0.307194
3 -0.750538 -0.846122 0.311977
1 -0.843758 -0.600336 0.306182
2 -0.84511 -0.684431 0.313577
1 -0.832504 -0.731688 0.314763
1 -0.911978 -0.29408 0.316387
1 -0.832241 -0.815486 0.313817
1 -0.844149 -0.817726 0.313612
14 -0.826935 -0.724976 0.314761
4 -0.824107 -0.655081 0.316157
2 -0.819987 -0.853366 0.309623
2 -0.75442 -0.800049 0.32389
1 -0.779738 -0.773558 0.32036
2 -0.783217 -0.705547 0.318592
13 -0.824251 -0.581791 0.312178
4 -0.78084 -0.699805 0.314014
2 -0.739121 -0.829094 0.322896
3 -0.767404 -0.732197 0.319669
5 -0.764755 -0.857215 0.315111
3 -0.727708 -1.19536 0.311807
1 -0.717529 -1.22285 0.312568
1 -0.795689 -0.926807 0.302648
1 -0.816218 -0.795979 0.304222
2 -0.799485 -0.894754 0.301833
1 -0.841812 -0.632014 0.30536
2 -0.8122 -0.777979 0.311358
1 -0.873683 -0.603578 0.304503
4 -0.829111 -0.803996 0.30542
2 -0.854298 -0.525809 0.310689
1 -0.813209 -0.554733 0.317108
1 -0.897993 -0.406631 0.31166
5 -0.84678 -0.451182 0.318511
1 -0.832064 -0.558047 0.315724
2 -0.883721 -0.515164 0.305684
2 -0.866689 -0.580031 0.304438
2 -0.75301 -0.882347 0.309787
2 -0.794498 -0.728837 0.306863
1 -0.776246 -0.852585 0.306908
2 -0.767295 -0.932868 0.310314
2 -0.810013 -0.878642 0.30736
1 -0.867648 -0.663207 0.302192
1 -0.849521 -0.706337 0.30924
2 -0.832 -0.722035 0.300324
1 -0.820771 -0.736969 0.300789
1 -0.846745 -0.555095 0.308317
1 -0.867028 -0.505654 0.312143
2 -0.911942 -0.339857 0.31579
1 -0.879032 -0.482609 0.314769
2 -0.794242 -0.708493 0.315259
2 -0.817371 -0.687372 0.311045
7 -0.822448 -0.647295 0.310279
2 -0.883472 -0.583789 0.304217
4 -0.869647 -0.35587 0.315573
1 -0.902525 -0.427962 0.305024
3 -0.891397 -0.585371 0.300549
2 -0.879009 -0.488722 0.306791
1 -0.822376 -0.791381 0.306296
3 -0.835607 -0.507672 0.317988
3 -0.806043 -0.622412 0.320484
1 -0.844321 -0.569317 0.310444
1 -0.824123 -0.658571 0.309615
1 -0.821834 -0.757396 0.30219
6 -0.813172 -0.83277 0.306705
4 -0.865389 -0.646421 0.302308
2 -0.809994 -0.735721 0.308337
8 -0.747727 -0.872038 0.314989
2 -0.815255 -0.665277 0.312293
2 -0.806084 -0.715557 0.312258
4 -0.756275 -0.884967 0.307995
2 -0.711694 -1.06054 0.311001
1 -0.702731 -1.19447 0.312761
2 -0.830667 -0.461401 0.31377
2 -0.860522 -0.494061 0.306021
7 -0.89373 -0.436786 0.303098
4 -0.781813 -0.851009 0.316213
2 -0.805682 -0.668271 0.318705
5 -0.878496 -0.397105 0.317825
3 -0.885348 -0.455037 0.30338
1 -0.732807 -1.03795 0.316886
1 -0.736387 -1.03722 0.316413
1 -0.741111 -1.05353 0.319729
2 -0.856822 -0.483216 0.317721
2 -0.839377 -0.575799 0.312523
1 -0.832317 -0.633391 0.315866
6 -0.77839 -0.778767 0.318522
2 -0.778458 -0.755782 0.317754
4 -0.838851 -0.595515 0.313079
6 -0.845708 -0.612955 0.308027
2 -0.845108 -0.681386 0.30458
1 -0.796483 -0.679072 0.319546
2 -0.883464 -0.532603 0.307219
5 -0.82658 -0.744364 0.30966
1 -0.842179 -0.611766 0.307735
5 -0.865308 -0.603181 0.30761
1 -0.828486 -0.689961 0.311095
2 -0.842517 -0.336068 0.320063
1 -0.863995 -0.365723 0.317891
7 -0.790531 -0.607704 0.319404
2 -0.806416 -0.541911 0.322285
3 -0.758981 -0.770479 0.312409
4 -0.742613 -0.812518 0.313054
1 -0.755085 -0.907352 0.319813
2 -0.787689 -0.87829 0.312443
6 -0.6943 -1.11703 0.323289
2 -0.800907 -0.805617 0.319892
4 -0.882601 -0.658875 0.305319
1 -0.855674 -0.845363 0.299507
1 -0.828129 -1.02349 0.300831
1 -0.856387 -0.954271 0.298404
4 -0.765477 -1.06118 0.306572
1 -0.800867 -0.831263 0.312402
1 -0.80423 -0.694407 0.307937
1 -0.833254 -0.612094 0.306065
1 -0.810708 -0.677011 0.309039
1 -0.845567 -0.560089 0.306466
1 -0.76838 -0.980551 0.306956
3 -0.774172 -0.880723 0.308973
1 -0.867302 -0.495281 0.307467
5 -0.862903 -0.431877 0.313545
4 -0.890156 -0.472187 0.303423
5 -0.962416 -0.120228 0.305439
1 -0.935663 -0.29396 0.304272
5 -0.812955 -0.887223 0.299665
2 -0.748687 -1.08423 0.31031
1 -0.76483 -0.862019 0.314286
2 -0.821689 -0.699952 0.310232
1 -0.880324 -0.444447 0.307812
9 -0.847178 -0.417954 0.318166
2 -0.827506 -0.502419 0.319512
1 -0.808646 -0.637234 0.310998
2 -0.743236 -1.00259 0.310603
2 -0.829639 -0.748354 0.304123
1 -0.869274 -0.637795 0.304135
3 -0.830729 -0.693602 0.315111
4 -0.831195 -0.692104 0.315047
4 -0.811174 -0.865997 0.313793
2 -0.758708 -1.05021 0.316659
4 -0.846079 -0.786395 0.306933
3 -0.8589 -0.741383 0.307333
1 -0.811387 -0.814272 0.311384
5 -0.82538 -0.627866 0.316134
6 -0.757078 -0.874336 0.319138
3 -0.784213 -0.680998 0.320593
1 -0.755026 -0.796372 0.322179
6 -0.714844 -1.01012 0.325846
2 -0.887185 -0.24721 0.317662
1 -0.879022 -0.243901 0.3155
4 -0.781525 -0.765359 0.308809
7 -0.857495 -0.74502 0.305583
1 -0.874537 -0.546359 0.305294
5 -0.831913 -0.573103 0.316614
2 -0.856613 -0.622609 0.308676
2 -0.878497 -0.499111 0.312214
4 -0.890301 -0.448857 0.311155
2 -0.871599 -0.603028 0.310144
2 -0.906491 -0.536479 0.303368
3 -0.910454 -0.517471 0.30328
2 -0.848808 -0.60236 0.307909
3 -0.890962 -0.44551 0.309027
3 -0.94134 -0.217505 0.301337
1 -0.888593 -0.346871 0.310949
1 -0.863126 -0.482199 0.308064
4 -0.788797 -0.725595 0.311226
2 -0.774454 -0.763374 0.313342
2 -0.760535 -1.03927 0.311113
1 -0.757058 -0.915673 0.314778
2 -0.826622 -0.515539 0.31528
1 -0.90585 -0.297504 0.310659
2 -0.879822 -0.423973 0.309331
3 -0.886562 -0.412815 0.307169
2 -0.785118 -0.784371 0.315813
1 -0.789115 -0.652324 0.318171
2 -0.80777 -0.628456 0.316488
3 -0.895831 -0.421618 0.306196
1 -0.878961 -0.421347 0.310865
1 -0.78646 -0.765741 0.315294
1 -0.841413 -0.597105 0.313503
1 -0.754765 -0.908362 0.315558
1 -0.772105 -0.901306 0.311539
1 -0.733487 -0.970394 0.31461
4 -0.734609 -0.963543 0.314814
3 -0.818079 -0.596547 0.308889
2 -0.855322 -0.531485 0.30737
1 -0.849699 -0.541294 0.310295
1 -0.879596 -0.451922 0.309209
4 -0.762638 -0.822556 0.318827
2 -0.874134 -0.537488 0.306044
1 -0.844393 -0.610714 0.311404
1 -0.879582 -0.460978 0.309204
4 -0.819032 -0.637973 0.313627
3 -0.83806 -0.621996 0.312367
3 -0.894996 -0.474886 0.31089
8 -0.875815 -0.470752 0.30662
3 -0.873184 -0.374014 0.309583
3 -0.921138 -0.220162 0.309155
1 -0.867901 -0.403861 0.314109
1 -0.804863 -0.773842 0.309199
2 -0.839517 -0.722273 0.308701
1 -0.897612 -0.503415 0.303905
2 -0.850309 -0.487227 0.315899
1 -0.844992 -0.548829 0.318173
4 -0.943057 -0.264059 0.310185
2 -0.872149 -0.532935 0.31013
2 -0.856063 -0.569595 0.311003
4 -0.861756 -0.458358 0.31349
6 -0.841309 -0.576803 0.309952
1 -0.844543 -0.544363 0.305681
2 -0.829241 -0.507681 0.310297
1 -0.878084 -0.402079 0.308459
13 -0.835473 -0.558496 0.311757
1 -0.833864 -0.62687 0.310131
3 -0.854715 -0.494335 0.314957
1 -0.809426 -0.736037 0.319239
2 -0.863888 -0.619686 0.310673
3 -0.859309 -0.657944 0.309645
2 -0.893271 -0.340506 0.312989
2 -0.887589 -0.363162 0.312055
3 -0.928101 -0.380096 0.30289
3 -0.876768 -0.421912 0.304836
4 -0.902808 -0.411109 0.298913
1 -0.890333 -0.531612 0.303152
1 -0.863413 -0.537787 0.309234
3 -0.799499 -0.644909 0.320005
3 -0.902639 -0.465204 0.302777
10 -0.888896 -0.548723 0.303521
1 -0.808263 -0.883321 0.313183
2 -0.870485 -0.652256 0.308414
2 -0.926089 -0.427313 0.304487
3 -0.905329 -0.4067 0.304335
1 -0.896749 -0.39003 0.309452
2 -0.897521 -0.393238 0.304985
2 -0.899276 -0.383481 0.304811
4 -0.887633 -0.395261 0.305216
2 -0.840105 -0.533503 0.314721
8 -0.831536 -0.605471 0.31457
3 -0.913949 -0.293789 0.313961
7 -0.793837 -0.770646 0.314464
5 -0.782538 -0.713909 0.314449
1 -0.825373 -0.610369 0.318523
12 -0.843985 -0.522851 0.315798
2 -0.844767 -0.635564 0.317427
2 -0.820567 -0.755344 0.319479
1 -0.833127 -0.773164 0.314231
14 -0.8329 -0.740044 0.315904
3 -0.810264 -0.833564 0.315401
7 -0.825311 -0.798579 0.312396
1 -0.784964 -0.80911 0.319233
3 -0.761417 -0.772467 0.325704
2 -0.813318 -0.61829 0.320492
5 -0.773166 -0.766038 0.319216
1 -0.934084 -0.193281 0.306873
1 -0.92379 -0.323959 0.306409
10 -0.721393 -1.0018 0.316188
2 -0.777847 -0.895054 0.307165
2 -0.813824 -0.81774 0.307225
1 -0.804145 -0.851769 0.31042
1 -0.81078 -0.78971 0.317318
1 -0.902411 -0.433459 0.303554
3 -0.83993 -0.636676 0.305153
1 -0.841097 -0.646287 0.303529
1 -0.787229 -0.586231 0.319688
6 -0.829088 -0.560019 0.31409
1 -0.875719 -0.37578 0.311203
1 -0.878745 -0.502571 0.306524
1 -0.824854 -0.670958 0.314319
1 -0.768745 -0.806896 0.319748
1 -0.77024 -0.85024 0.318288
2 -0.769775 -0.828152 0.31752
2 -0.819209 -0.708626 0.310964
1 -0.816826 -0.735151 0.310286
2 -0.816367 -0.707438 0.309204
1 -0.740854 -0.954096 0.316364
1 -0.841777 -0.587401 0.307597
1 -0.835662 -0.766203 0.30583
1 -0.800006 -0.854632 0.309617
5 -0.818707 -0.714857 0.31294
2 -0.754917 -0.969893 0.316089
4 -0.88576 -0.463948 0.312271
1 -0.866474 -0.447068 0.316494
3 -0.883509 -0.521286 0.310216
1 -0.8852 -0.589156 0.307095
1 -0.810233 -0.851254 0.317121
2 -0.912708 -0.390976 0.314191
2 -0.866321 -0.483528 0.31415
6 -0.848914 -0.503116 0.309874
1 -0.893194 -0.298723 0.312312
1 -0.9234 -0.307403 0.30783
1 -0.91297 -0.334355 0.308541
7 -0.920548 -0.338503 0.307967
2 -0.79195 -0.723482 0.311754
3 -0.817243 -0.699979 0.310424
5 -0.853251 -0.48672 0.305557
4 -0.883146 -0.384868 0.313953
1 -0.816256 -0.680807 0.315845
1 -0.911157 -0.377645 0.305305
1 -0.884657 -0.498228 0.301075
1 -0.808942 -0.850853 0.303311
4 -0.796924 -0.990653 0.306029
3 -0.797198 -0.82968 0.317973
1 -0.809822 -0.685458 0.311406
1 -0.821065 -0.617624 0.308792
2 -0.805667 -0.723617 0.31144
1 -0.909558 -0.359777 0.308112
7 -0.848927 -0.495527 0.314429
1 -0.849551 -0.461928 0.315248
4 -0.91037 -0.438687 0.304717
2 -0.87051 -0.480141 0.311743
1 -0.787771 -0.893886 0.308429
4 -0.749423 -0.953619 0.318902
1 -0.74259 -0.918018 0.316038
2 -0.800114 -0.792945 0.309614
5 -0.779777 -0.822316 0.312995
1 -0.808827 -0.608321 0.314312
2 -0.84112 -0.498241 0.31242
1 -0.767593 -0.915691 0.316394
6 -0.7902 -0.85598 0.31277
3 -0.825231 -0.639694 0.308802
1 -0.828711 -0.706018 0.304273
5 -0.837213 -0.557836 0.30895
3 -0.895405 -0.384322 0.299612
3 -0.838932 -0.642429 0.301934
2 -0.881612 -0.453638 0.308484
2 -0.873685 -0.57693 0.310048
4 -0.819146 -0.531225 0.318743
1 -0.773847 -0.775203 0.315145
1 -0.743397 -0.816606 0.324921
1 -0.868909 -0.48619 0.314967
2 -0.917287 -0.321829 0.305985
2 -0.850525 -0.56496 0.309065
13 -0.81308 -0.646627 0.312709
1 -0.909319 -0.351432 0.300779
4 -0.832373 -0.651634 0.307686
4 -0.793428 -0.890689 0.30265
3 -0.829972 -0.677218 0.304543
10 -0.885979 -0.505666 0.311039
2 -0.798258 -0.905129 0.312579
1 -0.765805 -0.982862 0.31336
3 -0.807858 -0.785388 0.313729
8 -0.846435 -0.655091 0.308149
6 -0.878156 -0.489409 0.305827
2 -0.764983 -0.867904 0.315166
6 -0.815236 -0.592946 0.314337
3 -0.821687 -0.572837 0.313069
3 -0.878449 -0.45113 0.304144
1 -0.866487 -0.441684 0.306997
2 -0.874202 -0.467612 0.317358
2 -0.888457 -0.436121 0.313854
2 -0.858701 -0.527307 0.307102
1 -0.797899 -0.820751 0.310892
3 -0.727894 -1.03615 0.318579
1 -0.84867 -0.77405 0.30735
3 -0.868506 -0.563482 0.306704
3 -0.872805 -0.539768 0.307125
4 -0.827144 -0.75613 0.306953
7 -0.814125 -0.840539 0.303808
1 -0.828562 -0.713485 0.309609
1 -0.7955 -0.705179 0.311198
1 -0.791037 -0.833851 0.308736
1 -0.769501 -0.834509 0.313826
4 -0.801335 -0.812205 0.311676
1 -0.789507 -0.709745 0.312943
2 -0.829205 -0.701752 0.30883
1 -0.853449 -0.677363 0.304799
2 -0.878603 -0.576203 0.306861
2 -0.892397 -0.467516 0.304349
2 -0.836895 -0.583643 0.311819
1 -0.862447 -0.490542 0.312763
3 -0.828628 -0.522688 0.318409
1 -0.766402 -0.774273 0.320213
1 -0.893018 -0.279821 0.315467
1 -0.891348 -0.406056 0.308613
1 -0.888434 -0.392403 0.31132
1 -0.802758 -0.828968 0.310562
1 -0.798434 -0.66305 0.323722
6 -0.819698 -0.630861 0.317678
1 -0.815215 -0.734951 0.316205
5 -0.857554 -0.643631 0.308396
4 -0.861614 -0.546321 0.313351
1 -0.808594 -0.697159 0.314914
1 -0.864386 -0.574042 0.312173
1 -0.87668 -0.409438 0.316726
2 -0.86662 -0.541124 0.311339
1 -0.873181 -0.556589 0.306817
1 -0.896415 -0.48429 0.307065
2 -0.931875 -0.386582 0.303926
7 -0.957244 -0.2094 0.30361
3 -0.940755 -0.270891 0.308461
2 -0.890256 -0.471219 0.309008
3 -0.818802 -0.901654 0.302482
1 -0.801147 -0.966429 0.304361
2 -0.781457 -0.894308 0.316402
1 -0.781045 -0.803635 0.313472
2 -0.76999 -0.845465 0.314913
4 -0.755136 -0.853617 0.318227
1 -0.739498 -0.855213 0.323474
1 -0.754609 -0.874325 0.327895
2 -0.725791 -1.0402 0.324387
1 -0.744703 -0.984172 0.321393
1 -0.74135 -0.970791 0.313611
1 -0.74149 -0.952501 0.317034
2 -0.727222 -1.00572 0.319926
6 -0.724651 -1.18855 0.311216
1 -0.814011 -0.888946 0.308954
2 -0.827217 -0.871003 0.312843
13 -0.757686 -0.987118 0.323198
1 -0.853141 -0.592019 0.315216
2 -0.858402 -0.533565 0.310961
1 -0.868404 -0.540643 0.306075
2 -0.840922 -0.784313 0.303427
1 -0.773373 -1.07045 0.308195
2 -0.729641 -1.00102 0.314722
1 -0.763345 -1.05597 0.310275
1 -0.861872 -0.671407 0.308527
3 -0.870991 -0.655203 0.307075
1 -0.826318 -0.804152 0.30884
4 -0.819456 -0.870173 0.306957
1 -0.863401 -0.567003 0.304493
3 -0.922833 -0.332649 0.304123
3 -0.935054 -0.27865 0.304324
3 -0.933726 -0.311537 0.305387
9 -0.914904 -0.362359 0.308087
1 -0.892205 -0.409115 0.311205
1 -0.921628 -0.218196 0.310198
3 -0.880674 -0.37022 0.315703
5 -0.851238 -0.572157 0.314604
1 -0.822772 -0.711765 0.31405
1 -0.713787 -1.03291 0.319274
9 -0.744443 -0.920673 0.315226
3 -0.777197 -0.800255 0.31658
1 -0.778077 -0.811026 0.316278
3 -0.865916 -0.597593 0.304933
2 -0.870741 -0.57665 0.303752
2 -0.903992 -0.588284 0.300126
2 -0.910406 -0.569162 0.300379
5 -0.83975 -0.782917 0.306301
5 -0.91351 -0.382934 0.304966
3 -0.81699 -0.785187 0.313706
1 -0.798108 -0.8844 0.311167
2 -0.823549 -0.731887 0.307539
2 -0.801799 -0.790912 0.310003
2 -0.825395 -0.625114 0.30872
5 -0.866911 -0.479199 0.309708
2 -0.783333 -0.78294 0.312111
3 -0.911016 -0.325424 0.309699
6 -0.781142 -0.7432 0.314861
2 -0.776464 -0.770044 0.315496
3 -0.712534 -1.00005 0.318501
1 -0.717618 -1.09009 0.316775
1 -0.802112 -0.721486 0.317988
1 -0.788129 -0.727485 0.320175
1 -0.766361 -0.803813 0.324497
1 -0.789952 -0.67534 0.320314
7 -0.83145 -0.670153 0.309821
1 -0.777591 -0.831954 0.312615
3 -0.764307 -0.836743 0.314009
3 -0.810006 -0.675561 0.31225
1 -0.875421 -0.524195 0.316605
3 -0.92127 -0.349451 0.312049
2 -0.851056 -0.500546 0.314521
1 -0.788417 -0.960013 0.308309
2 -0.754477 -0.988849 0.311101
5 -0.732642 -1.08173 0.308155
1 -0.644134 -1.34997 0.320633
2 -0.734904 -0.901972 0.317121
3 -0.726325 -1.02897 0.32032
1 -0.831866 -0.599326 0.31365
4 -0.83077 -0.524385 0.314795
6 -0.913593 -0.218467 0.30991
1 -0.883805 -0.466707 0.308548
5 -0.883805 -0.466707 0.308548
1 -0.87112 -0.473667 0.309075
1 -0.880123 -0.433188 0.309407
2 -0.881394 -0.476921 0.311025
1 -0.872392 -0.477981 0.313509
1 -0.915892 -0.367133 0.3106
3 -0.858359 -0.529129 0.313122
1 -0.842841 -0.454918 0.310073
3 -0.844275 -0.476977 0.308512
2 -0.841734 -0.449521 0.308965
2 -0.801681 -0.769788 0.311667
9 -0.854324 -0.534497 0.304232
1 -0.911756 -0.407051 0.299492
1 -0.941737 -0.320848 0.296933
1 -0.866757 -0.417465 0.311385
3 -0.805186 -0.764417 0.307229
4 -0.924868 -0.32575 0.30717
5 -0.816129 -0.724024 0.308814
1 -0.852528 -0.673433 0.309219
2 -0.895676 -0.569986 0.305941
2 -0.888517 -0.490551 0.309798
3 -0.862777 -0.653554 0.308971
2 -0.841492 -0.721219 0.308729
6 -0.869366 -0.585266 0.308153
2 -0.803191 -0.810613 0.315288
2 -0.777378 -0.983696 0.315807
4 -0.815205 -0.765211 0.311723
2 -0.808474 -0.616123 0.316414
3 -0.855423 -0.580975 0.305407
1 -0.913167 -0.341045 0.306186
1 -0.816849 -0.865197 0.309244
6 -0.813056 -0.731089 0.316076
4 -0.816223 -0.705336 0.315383
1 -0.820283 -0.696844 0.315121
2 -0.750814 -0.925132 0.317364
2 -0.784953 -0.838744 0.31104
5 -0.810593 -0.669371 0.317535
4 -0.807951 -0.651763 0.318859
1 -0.81945 -0.671596 0.315177
1 -0.867526 -0.478155 0.31054
5 -0.843447 -0.547853 0.316389
1 -0.810075 -0.690148 0.31901
2 -0.882445 -0.391306 0.316821
1 -0.879532 -0.491979 0.313921
2 -0.843519 -0.66577 0.305138
1 -0.840698 -0.604069 0.3106
1 -0.839571 -0.629695 0.310901
2 -0.817076 -0.647144 0.313221
1 -0.818621 -0.668677 0.312283
1 -0.857981 -0.636952 0.310577
5 -0.825543 -0.755677 0.310515
1 -0.819136 -0.715705 0.308913
1 -0.907335 -0.269253 0.309867
2 -0.897363 -0.334111 0.310739
1 -0.787428 -0.853065 0.309758
2 -0.792204 -0.845377 0.310573
6 -0.830286 -0.670896 0.304317
6 -0.882389 -0.510251 0.298504
3 -0.885019 -0.660155 0.300998
4 -0.922907 -0.548461 0.30074
1 -0.933737 -0.510471 0.297717
5 -0.854752 -0.634856 0.312393
3 -0.772026 -0.938138 0.316263
1 -0.76583 -0.808973 0.318364
13 -0.746305 -0.875665 0.323351
9 -0.688178 -1.14446 0.31926
5 -0.693977 -1.14194 0.317109
12 -0.734366 -0.9197 0.313876
1 -0.787086 -0.88439 0.304945
1 -0.83978 -0.660097 0.303552
1 -0.827819 -0.765899 0.305122
4 -0.811272 -0.635549 0.316619
4 -0.80522 -0.71908 0.315501
5 -0.785804 -0.802257 0.317094
1 -0.862406 -0.520002 0.311297
2 -0.882102 -0.462737 0.313434
3 -0.869596 -0.528381 0.312282
4 -0.925761 -0.300811 0.304715
1 -0.897675 -0.493093 0.301924
3 -0.850886 -0.585417 0.30888
1 -0.811919 -0.841589 0.308034
2 -0.829036 -0.786041 0.307541
12 -0.828553 -0.63694 0.31095
2 -0.872751 -0.508729 0.307507
2 -0.906072 -0.218877 0.311821
2 -0.839105 -0.441952 0.317239
1 -0.878856 -0.467285 0.30559
1 -0.946489 -0.215571 0.30322
2 -0.90815 -0.268889 0.302602
1 -0.826135 -0.548513 0.314931
1 -0.902767 -0.48336 0.309408
1 -0.944882 -0.284696 0.308098
4 -0.950911 -0.279317 0.310066
2 -0.929798 -0.242566 0.31078
1 -0.849058 -0.605302 0.309727
1 -0.823328 -0.756345 0.30912
1 -0.787502 -0.672089 0.318043
6 -0.787326 -0.743716 0.314067
2 -0.763376 -0.873193 0.313485
4 -0.786283 -0.868137 0.307105
3 -0.845214 -0.531088 0.311374
7 -0.866 -0.506211 0.314113
2 -0.813471 -0.839068 0.31386
1 -0.88358 -0.424357 0.314901
1 -0.860567 -0.573194 0.308585
1 -0.888029 -0.47741 0.306766
3 -0.885266 -0.513982 0.305664
2 -0.900515 -0.368806 0.311429
7 -0.844287 -0.801186 0.306754
1 -0.856738 -0.72774 0.305669
3 -0.887035 -0.371564 0.305411
2 -0.963646 -0.199962 0.304654
3 -0.85935 -0.514579 0.314127
9 -0.818451 -0.69899 0.313289
4 -0.807003 -0.726773 0.314256
2 -0.820415 -0.761287 0.310514
3 -0.837248 -0.811799 0.30329
1 -0.800139 -0.843478 0.313722
3 -0.79456 -0.846069 0.313212
19 -0.816879 -0.828653 0.306818
2 -0.840236 -0.672059 0.30927
2 -0.796055 -0.815141 0.311865
2 -0.773957 -0.826617 0.319713
3 -0.777196 -0.957399 0.313865
2 -0.829701 -0.627666 0.313575
6 -0.879519 -0.405646 0.310621
3 -0.913459 -0.298926 0.30738
2 -0.777459 -0.854277 0.316453
7 -0.727491 -1.11246 0.316536
1 -0.745031 -0.998315 0.321188
1 -0.822473 -0.647289 0.316505
2 -0.794211 -0.731029 0.319136
1 -0.811421 -0.72144 0.312698
1 -0.781059 -0.845774 0.3147
1 -0.787723 -0.840109 0.315146
9 -0.811443 -0.830048 0.316246
6 -0.771284 -1.01169 0.313211
1 -0.719409 -1.05164 0.32433
3 -0.791557 -0.789935 0.313083
1 -0.852402 -0.399137 0.317262
8 -0.907899 -0.357662 0.306159
3 -0.900953 -0.358416 0.307353
3 -0.839251 -0.538814 0.308553
4 -0.80464 -0.613093 0.312969
1 -0.972816 -0.249128 0.295959
4 -0.948812 -0.336329 0.29894
2 -0.964642 -0.259191 0.299779
1 -0.968817 -0.203737 0.30152
2 -0.864178 -0.436945 0.309093
1 -0.850074 -0.483576 0.310214
4 -0.869848 -0.417212 0.309415
1 -0.871746 -0.480517 0.310261
1 -0.827039 -0.553954 0.312628
2 -0.844246 -0.71888 0.307854
2 -0.799682 -0.859236 0.308701
8 -0.742955 -0.961665 0.317407
4 -0.802092 -0.961969 0.300401
1 -0.783354 -0.916657 0.30926
5 -0.810791 -0.794665 0.303414
1 -0.865827 -0.505334 0.302472
2 -0.889249 -0.357458 0.310814
2 -0.935208 -0.272279 0.304886
2 -0.879605 -0.485853 0.306694
1 -0.800148 -0.778196 0.316186
6 -0.828933 -0.658175 0.312268
1 -0.913182 -0.331976 0.308457
1 -0.873843 -0.477734 0.313881
5 -0.863438 -0.476877 0.314563
13 -0.895282 -0.535747 0.302377
1 -0.89074 -0.392569 0.309226
1 -0.889253 -0.493655 0.305991
1 -0.896545 -0.471697 0.305207
1 -0.899915 -0.502641 0.303166
2 -0.859428 -0.593514 0.303674
1 -0.871048 -0.465059 0.30404
1 -0.884016 -0.466591 0.308435
10 -0.851487 -0.595316 0.311085
2 -0.831609 -0.718601 0.306074
6 -0.830942 -0.754536 0.30999
1 -0.877573 -0.585994 0.305653
4 -0.785546 -0.985285 0.316949
1 -0.842988 -0.594638 0.311261
1 -0.888746 -0.454901 0.303803
2 -0.932523 -0.348876 0.302098
1 -0.792163 -0.701683 0.315809
1 -0.726309 -0.853844 0.325792
1 -0.843965 -0.508134 0.316157
1 -0.955027 -0.278897 0.305041
3 -0.935977 -0.437133 0.30898
3 -0.759694 -1.05865 0.317443
4 -0.742455 -1.04967 0.3231
2 -0.807484 -0.67753 0.321512
3 -0.859632 -0.552372 0.306147
2 -0.872132 -0.412145 0.302746
5 -0.908474 -0.291761 0.302965
2 -0.766174 -0.764012 0.320271
9 -0.770614 -0.803363 0.319461
4 -0.79235 -0.757107 0.318406
3 -0.878362 -0.572486 0.307751
1 -0.887924 -0.547192 0.312118
3 -0.831857 -0.681223 0.314151
2 -0.806185 -0.677486 0.321568
2 -0.717405 -1.07948 0.320113
2 -0.892938 -0.467551 0.304957
3 -0.902868 -0.348159 0.299428
1 -0.839706 -0.642233 0.305435
1 -0.837524 -0.722054 0.302294
5 -0.853908 -0.702843 0.302344
6 -0.83007 -0.657562 0.31036
1 -0.798832 -0.582477 0.3238
1 -0.811862 -0.75215 0.316852
2 -0.804116 -0.671668 0.317512
1 -0.760619 -0.786734 0.32043
10 -0.797005 -0.753792 0.318502
7 -0.804157 -0.741786 0.320493
4 -0.793984 -0.768976 0.320788
4 -0.863551 -0.496305 0.317867
1 -0.895457 -0.494869 0.307669
1 -0.85761 -0.496528 0.317342
4 -0.859478 -0.422191 0.319763
2 -0.920768 -0.267897 0.310294
4 -0.802712 -0.721055 0.318595
1 -0.802028 -0.582581 0.322765
7 -0.830001 -0.438966 0.317545
15 -0.823196 -0.71657 0.307812
4 -0.80088 -0.794324 0.310996
7 -0.799073 -0.88987 0.309148
4 -0.760998 -1.20382 0.311121
2 -0.850326 -0.781898 0.304897
4 -0.809092 -0.879053 0.309856
2 -0.816155 -0.802955 0.309737
2 -0.827897 -0.777275 0.306696
1 -0.798714 -0.71573 0.313832
2 -0.766205 -0.82477 0.315186
1 -0.807773 -0.688037 0.313819
2 -0.74639 -0.908634 0.320471
2 -0.81169 -0.707503 0.321365
1 -0.825034 -0.59491 0.319569
3 -0.841701 -0.592267 0.317556
7 -0.868069 -0.459781 0.31395
12 -0.828615 -0.672448 0.309287
1 -0.830123 -0.646761 0.310497
3 -0.823691 -0.772944 0.306437
1 -0.804101 -0.703913 0.309641
2 -0.856234 -0.487245 0.310039
2 -0.837657 -0.615724 0.312629
1 -0.866171 -0.537815 0.308852
5 -0.968553 -0.17268 0.302397
2 -0.964462 -0.118678 0.303872
2 -0.936357 -0.171063 0.308088
6 -0.874125 -0.30235 0.314844
7 -0.820638 -0.546156 0.316024
2 -0.835712 -0.713169 0.304496
4 -0.810803 -0.704538 0.307606
1 -0.82896 -0.705833 0.307722
3 -0.761599 -0.859021 0.317835
5 -0.727541 -0.866488 0.323199
2 -0.735544 -0.825197 0.324146
3 -0.820101 -0.649438 0.318049
1 -0.858389 -0.416144 0.312779
1 -0.861416 -0.351853 0.306478
1 -0.825781 -0.44543 0.314652
1 -0.726186 -1.01399 0.314289
1 -0.774226 -0.805034 0.314871
5 -0.814532 -0.68712 0.312991
4 -0.825949 -0.619597 0.317031
1 -0.847406 -0.573717 0.311821
2 -0.844288 -0.605607 0.307363
1 -0.916968 -0.318412 0.303283
3 -0.889647 -0.48791 0.302213
1 -0.899633 -0.395436 0.309701
1 -0.900526 -0.376906 0.310338
1 -0.885382 -0.432752 0.309624
2 -0.827698 -0.720797 0.312142
2 -0.862461 -0.640304 0.304877
3 -0.892736 -0.567619 0.31107
2 -0.895077 -0.404279 0.314215
2 -0.879319 -0.556724 0.311982
1 -0.867863 -0.601372 0.305601
3 -0.794144 -0.855501 0.30497
1 -0.907361 -0.300603 0.306264
2 -0.890158 -0.414572 0.308443
2 -0.787925 -0.716305 0.316205
3 -0.755051 -0.712657 0.317219
2 -0.769779 -0.987829 0.307689
6 -0.797868 -0.967144 0.303539
3 -0.774212 -0.97889 0.309514
2 -0.737905 -0.985356 0.315278
4 -0.801063 -0.792188 0.314437
2 -0.784274 -0.652696 0.31951
1 -0.794259 -0.619398 0.323498
1 -0.820317 -0.713592 0.310101
3 -0.805136 -0.749773 0.313007
2 -0.774774 -0.80474 0.316286
3 -0.73495 -0.937794 0.31661
4 -0.805491 -0.639008 0.314265
1 -0.816565 -0.823288 0.313106
2 -0.793635 -0.861938 0.316375
1 -0.873956 -0.45641 0.315958
2 -0.936275 -0.334938 0.303263
1 -0.835947 -0.404775 0.321797
2 -0.842241 -0.438861 0.319998
2 -0.756096 -0.746628 0.315225
1 -0.775588 -0.728266 0.312809
4 -0.859841 -0.454921 0.304565
1 -0.775692 -0.78591 0.314018
3 -0.801144 -0.677976 0.30957
3 -0.825448 -0.679683 0.312469
2 -0.813069 -0.754634 0.307979
6 -0.834683 -0.680719 0.312037
3 -0.927176 -0.311727 0.310415
1 -0.950132 -0.341383 0.302915
3 -0.900675 -0.460611 0.311344
9 -0.89337 -0.482806 0.313395
6 -0.840825 -0.627366 0.317447
2 -0.85592 -0.590015 0.315609
1 -0.843558 -0.659817 0.320802
8 -0.753122 -1.05371 0.325215
2 -0.71596 -1.37542 0.315068
1 -0.708696 -1.3802 0.313425
1 -0.786686 -1.01051 0.318066
3 -0.77055 -1.03133 0.311338
1 -0.824291 -0.810604 0.306359
2 -0.922365 -0.281371 0.305002
1 -0.86632 -0.380859 0.304799
1 -0.976005 -0.158789 0.29995
1 -0.973691 -0.158136 0.299679
3 -0.910916 -0.480447 0.305563
3 -0.845445 -0.621449 0.30697
1 -0.81101 -0.769731 0.310501
5 -0.874998 -0.421243 0.308654
4 -0.924729 -0.303078 0.303097
4 -0.806095 -0.674716 0.316053
4 -0.797725 -0.719703 0.315401
1 -0.876176 -0.40053 0.315818
2 -0.90459 -0.310625 0.311621
2 -0.865218 -0.487752 0.314642
2 -0.819764 -0.5817 0.317529
3 -0.860171 -0.588166 0.304567
6 -0.856156 -0.686653 0.312125
2 -0.859166 -0.538879 0.313598
4 -0.942937 -0.358638 0.31367
2 -0.855712 -0.575744 0.318741
3 -0.891762 -0.394685 0.317311
6 -0.846877 -0.772315 0.303565
3 -0.951117 -0.187572 0.308148
1 -0.803105 -0.702531 0.315815
6 -0.840858 -0.645465 0.307226
1 -0.818553 -0.573164 0.317745
1 -0.845582 -0.456695 0.317332
1 -0.896453 -0.387714 0.308434
1 -0.890578 -0.562092 0.307066
7 -0.974946 -0.338546 0.299884
4 -0.854778 -0.689724 0.308453
1 -0.869549 -0.576295 0.304797
2 -0.842966 -0.725253 0.303518
1 -0.79487 -0.726642 0.312252
4 -0.827344 -0.563271 0.31199
1 -0.798831 -0.724386 0.312263
4 -0.757108 -1.05751 0.310142
5 -0.749051 -1.02125 0.309867
6 -0.799888 -0.878972 0.299503
1 -0.743697 -1.00828 0.318263
2 -0.773155 -0.708258 0.320551
1 -0.749721 -0.795565 0.320049
3 -0.760322 -0.75486 0.319592
4 -0.804543 -0.682149 0.314383
1 -0.861858 -0.620893 0.306748
1 -0.891103 -0.52169 0.305425
5 -0.845205 -0.626869 0.311534
1 -0.807142 -0.854035 0.315683
2 -0.914145 -0.461288 0.308082
6 -0.970809 -0.206206 0.303401
1 -0.95131 -0.300555 0.299059
1 -0.897456 -0.431696 0.307387
2 -0.880629 -0.28794 0.31302
1 -0.922413 -0.228143 0.307104
8 -0.874746 -0.424474 0.314407
2 -0.870612 -0.363416 0.315122
2 -0.83453 -0.444121 0.32115
2 -0.847253 -0.493272 0.317849
2 -0.80857 -0.594756 0.311847
3 -0.768909 -0.84531 0.313638
1 -0.772351 -0.823842 0.314227
8 -0.788683 -0.816782 0.31373
1 -0.723563 -1.07391 0.317338
2 -0.741425 -1.00023 0.320828
1 -0.724198 -1.06385 0.318731
1 -0.680846 -1.16613 0.320095
1 -0.92694 -0.324686 0.308879
4 -0.924673 -0.34914 0.305886
1 -0.945183 -0.0976062 0.314842
4 -0.808583 -0.602655 0.326099
2 -0.768899 -0.821464 0.316291
3 -0.881069 -0.461198 0.309136
1 -0.886553 -0.403788 0.312303
1 -0.891109 -0.414291 0.311488
2 -0.92024 -0.388672 0.308274
2 -0.828508 -0.628919 0.318138
1 -0.82179 -0.629427 0.318151
1 -0.825679 -0.658824 0.316843
1 -0.832711 -0.551795 0.31557
2 -0.841818 -0.463903 0.313949
7 -0.849968 -0.462865 0.313262
1 -0.826252 -0.629357 0.315658
1 -0.854821 -0.494469 0.312988
2 -0.822451 -0.77936 0.31414
2 -0.904259 -0.482742 0.30784
4 -0.794763 -0.818546 0.315178
3 -0.85018 -0.554911 0.310058
2 -0.8367 -0.648533 0.310715
1 -0.847934 -0.588904 0.311377
2 -0.822876 -0.542179 0.312636
1 -0.826917 -0.534292 0.312273
1 -0.809299 -0.671371 0.319264
4 -0.766164 -0.970516 0.313998
1 -0.857724 -0.542935 0.305924
4 -0.684171 -1.01813 0.328367
4 -0.788882 -0.787458 0.316512
1 -0.85648 -0.567468 0.312454
2 -0.844375 -0.423093 0.317749
2 -0.75281 -0.882855 0.315267
3 -0.756979 -0.782267 0.314675
1 -0.796213 -0.668869 0.309693
1 -0.815623 -0.552207 0.314904
1 -0.880909 -0.401616 0.308754
2 -0.828164 -0.576191 0.311976
3 -0.790695 -0.83844 0.303192
2 -0.786004 -0.850759 0.304131
1 -0.796402 -0.666181 0.311043
1 -0.777379 -0.619458 0.316809
2 -0.783839 -0.735729 0.321037
1 -0.809351 -0.622317 0.319856
1 -0.850051 -0.443691 0.317181
3 -0.860422 -0.453558 0.31389
1 -0.868252 -0.414592 0.311837
2 -0.906112 -0.336457 0.311011
4 -0.936092 -0.254245 0.307992
3 -0.913574 -0.295059 0.305422
4 -0.888975 -0.360629 0.307525
1 -0.853655 -0.667812 0.306481
15 -0.900944 -0.422051 0.309794
1 -0.831925 -0.630669 0.314364
9 -0.897103 -0.32395 0.307158
7 -0.910816 -0.301424 0.313048
6 -0.820006 -0.668472 0.310147
2 -0.839655 -0.735068 0.306756
1 -0.83042 -0.760492 0.305568
2 -0.815632 -0.665998 0.31053
5 -0.816816 -0.627959 0.311616
7 -0.874614 -0.269113 0.319353
2 -0.893462 -0.351582 0.315479
3 -0.887539 -0.388416 0.312539
5 -0.884585 -0.506023 0.307142
4 -0.779591 -0.869387 0.311039
1 -0.801693 -0.847007 0.307829
2 -0.821605 -0.80419 0.308686
2 -0.868963 -0.69015 0.306529
1 -0.850143 -0.733676 0.309289
3 -0.751432 -0.878446 0.322694
1 -0.789416 -0.713788 0.320149
1 -0.843302 -0.578645 0.314337
2 -0.910086 -0.32523 0.313223
2 -0.860568 -0.615907 0.308911
1 -0.90293 -0.473522 0.307344
2 -0.881264 -0.465372 0.31176
4 -0.948387 -0.341246 0.303679
1 -0.920688 -0.400981 0.306105
1 -0.90535 -0.436134 0.30747
3 -0.842443 -0.64044 0.308704
5 -0.881513 -0.477897 0.304295
1 -0.9034 -0.378949 0.304377
8 -0.850803 -0.52581 0.309166
2 -0.845357 -0.579673 0.30541
11 -0.901328 -0.401294 0.308152
1 -0.881395 -0.46635 0.307513
2 -0.856917 -0.514139 0.308353
3 -0.795047 -0.715449 0.318075
3 -0.881505 -0.408591 0.31646
1 -0.831643 -0.485711 0.319646
5 -0.806661 -0.675281 0.318428
5 -0.895316 -0.475769 0.302387
1 -0.893007 -0.490694 0.30252
2 -0.828229 -0.564275 0.316521
2 -0.812859 -0.526393 0.323661
1 -0.879593 -0.438134 0.312165
14 -0.831206 -0.676028 0.315414
1 -0.850323 -0.589959 0.313632
2 -0.782082 -0.7722 0.309026
2 -0.871114 -0.391676 0.323726
2 -0.842704 -0.620667 0.318228
1 -0.750956 -0.991248 0.320885
1 -0.833527 -0.64532 0.313353
1 -0.840822 -0.652056 0.312743
2 -0.793275 -0.835318 0.316945
5 -0.876602 -0.381844 0.320787
5 -0.848676 -0.483689 0.323448
3 -0.87928 -0.310567 0.313186
1 -0.883834 -0.350562 0.311426
3 -0.793562 -0.78238 0.311764
5 -0.913224 -0.355052 0.310444
1 -0.854837 -0.617749 0.311778
1 -0.831168 -0.732837 0.315205
5 -0.778411 -0.868062 0.314475
4 -0.752072 -0.932296 0.312671
4 -0.755401 -0.919236 0.312775
1 -0.817362 -0.704746 0.309641
11 -0.76665 -0.9748 0.308613
1 -0.777712 -0.963508 0.305423
3 -0.756325 -0.982444 0.311232
2 -0.720141 -0.980748 0.317733
2 -0.826383 -0.409848 0.320314
1 -0.800539 -0.677326 0.318455
1 -0.696987 -1.16728 0.318278
2 -0.785283 -0.831825 0.312967
1 -0.799373 -0.772087 0.312433
4 -0.875099 -0.438864 0.314802
5 -0.854572 -0.468483 0.315294
6 -0.806865 -0.73102 0.316123
8 -0.914873 -0.47862 0.306301
4 -0.849812 -0.766227 0.305842
1 -0.810982 -0.935108 0.307501
1 -0.859952 -0.650542 0.303004
4 -0.851111 -0.695016 0.303548
1 -0.806154 -0.69184 0.316833
2 -0.770814 -0.75424 0.314496
3 -0.75278 -0.788486 0.318062
11 -0.797739 -0.663704 0.317911
3 -0.803916 -0.569832 0.315594
1 -0.93389 -0.224072 0.31333
3 -0.888295 -0.447282 0.307018
5 -0.766399 -0.764268 0.325281
1 -0.745193 -0.852123 0.3225
3 -0.763788 -0.817101 0.319728
2 -0.781934 -0.829605 0.317715
1 -0.802377 -0.611161 0.325013
5 -0.802707 -0.607225 0.31808
5 -0.875455 -0.419337 0.317722
4 -0.85304 -0.527381 0.312619
2 -0.818913 -0.712979 0.306447
2 -0.81217 -0.73549 0.307516
2 -0.860857 -0.643147 0.305533
1 -0.847621 -0.727258 0.306934
3 -0.820767 -0.784781 0.308263
1 -0.906961 -0.406608 0.307776
3 -0.854151 -0.576265 0.308855
3 -0.854151 -0.576265 0.308855
2 -0.848388 -0.634871 0.304253
2 -0.819358 -0.538676 0.310754
4 -0.81383 -0.578892 0.309427
2 -0.784207 -0.622046 0.316916
9 -0.825006 -0.5706 0.3105
1 -0.784954 -0.863034 0.307915
2 -0.806993 -0.774744 0.306707
1 -0.813788 -0.774326 0.310489
1 -0.79753 -0.800295 0.310762
2 -0.83047 -0.734604 0.31587
3 -0.787902 -0.878268 0.311348
3 -0.8508 -0.567632 0.308907
12 -0.887758 -0.468574 0.306755
9 -0.888408 -0.465283 0.306775
2 -0.913225 -0.409946 0.314148
2 -0.778807 -0.771399 0.318882
5 -0.774564 -0.829831 0.316758
2 -0.764571 -0.918284 0.312494
1 -0.873368 -0.48708 0.31285
4 -0.90656 -0.325475 0.308452
1 -0.866498 -0.560797 0.306545
1 -0.802118 -0.699206 0.313151
4 -0.86062 -0.495044 0.308395
6 -0.857839 -0.538386 0.306647
2 -0.909023 -0.326443 0.303182
4 -0.825538 -0.635775 0.301523
2 -0.777969 -0.717477 0.313497
1 -0.763774 -0.718096 0.319825
1 -0.844785 -0.478218 0.310521
6 -0.892307 -0.407816 0.314639
10 -0.874737 -0.4909 0.311804
8 -0.874647 -0.420168 0.312759
3 -0.893689 -0.333981 0.310907
4 -0.836617 -0.535641 0.316606
2 -0.85225 -0.494738 0.3143
1 -0.846373 -0.523788 0.309709
2 -0.851683 -0.452113 0.310795
8 -0.905155 -0.43942 0.306146
2 -0.909481 -0.422512 0.306137
4 -0.790739 -0.848358 0.312033
4 -0.783286 -0.838419 0.313219
2 -0.795082 -0.846514 0.309526
3 -0.790142 -0.796983 0.310899
2 -0.876896 -0.634792 0.304893
3 -0.905426 -0.454963 0.308324
1 -0.897244 -0.521357 0.307076
1 -0.941864 -0.419634 0.290611
1 -0.847697 -0.645446 0.299484
2 -0.766545 -0.896857 0.310814
7 -0.826276 -0.731176 0.307664
1 -0.789703 -0.714272 0.313888
1 -0.771231 -0.797598 0.315559
2 -0.801646 -0.772493 0.313148
3 -0.843461 -0.507619 0.311009
2 -0.811537 -0.586362 0.315002
7 -0.791657 -0.770711 0.317385
2 -0.843415 -0.558561 0.315442
3 -0.914465 -0.338323 0.312037
3 -0.905677 -0.253908 0.313203
1 -0.841715 -0.530214 0.321002
2 -0.868162 -0.576618 0.310028
1 -0.901316 -0.394242 0.312008
6 -0.891645 -0.530861 0.310605
1 -0.871974 -0.566127 0.309104
3 -0.833434 -0.581036 0.309651
3 -0.868896 -0.546832 0.309581
5 -0.886787 -0.531656 0.305233
1 -0.879494 -0.55936 0.305275
3 -0.858054 -0.570044 0.30663
2 -0.855061 -0.546676 0.307481
2 -0.898367 -0.390427 0.30552
4 -0.867583 -0.55833 0.311651
2 -0.844648 -0.488997 0.316796
6 -0.875372 -0.475998 0.31036
6 -0.888949 -0.404104 0.309909
7 -0.808415 -0.833459 0.30735
2 -0.873796 -0.519684 0.303327
1 -0.919884 -0.373768 0.302887
8 -0.769999 -1.06299 0.314932
1 -0.788051 -0.987889 0.315201
4 -0.697094 -1.23896 0.316037
9 -0.715663 -1.0868 0.320726
1 -0.798076 -0.964508 0.307399
1 -0.804135 -0.91074 0.308311
2 -0.914987 -0.488847 0.307483
1 -0.879379 -0.479539 0.311373
2 -0.84899 -0.616382 0.313587
7 -0.904454 -0.416155 0.310064
1 -0.908751 -0.344976 0.305088
2 -0.851093 -0.444074 0.30658
1 -0.806641 -0.652694 0.309165
8 -0.824098 -0.617794 0.311083
3 -0.821502 -0.614251 0.312523
4 -0.853306 -0.534845 0.308988
1 -0.891074 -0.449029 0.310484
3 -0.874354 -0.43353 0.312979
2 -0.883149 -0.43841 0.311951
1 -0.884288 -0.499705 0.306741
1 -0.863461 -0.508362 0.308873
1 -0.852915 -0.592639 0.308051
2 -0.881993 -0.562889 0.307267
2 -0.823418 -0.655618 0.315985
3 -0.804479 -0.672046 0.316147
1 -0.84241 -0.699067 0.310263
1 -0.907882 -0.465149 0.306061
6 -0.92579 -0.454208 0.301607
1 -0.898265 -0.473745 0.306456
1 -0.82455 -0.586976 0.314082
1 -0.770671 -0.747762 0.317675
1 -0.819499 -0.408873 0.32254
1 -0.811175 -0.513277 0.323614
2 -0.842198 -0.374962 0.324194
1 -0.858724 -0.271483 0.32452
4 -0.751945 -0.771631 0.322515
1 -0.776 -0.773633 0.317244
2 -0.778048 -0.987104 0.312338
3 -0.861571 -0.671565 0.307113
2 -0.909 -0.523464 0.29771
3 -0.866398 -0.737784 0.302494
2 -0.913684 -0.413189 0.299631
1 -0.880364 -0.467314 0.307279
4 -0.898532 -0.428033 0.306223
1 -0.867386 -0.613111 0.311808
1 -0.911389 -0.36771 0.306805
4 -0.818027 -0.718953 0.315551
15 -0.876049 -0.590699 0.313722
2 -0.830484 -0.699396 0.313897
2 -0.855689 -0.469717 0.305428
1 -0.881643 -0.257598 0.308324
1 -0.884871 -0.217247 0.30617
2 -0.809431 -0.489418 0.310209
1 -0.84836 -0.493464 0.30602
2 -0.914911 -0.299244 0.304736
5 -0.899918 -0.440356 0.307879
12 -0.837086 -0.625743 0.312364
1 -0.845951 -0.687539 0.306828
4 -0.81615 -0.752891 0.309365
3 -0.749959 -1.14574 0.309835
2 -0.879303 -0.590444 0.310227
8 -0.85098 -0.641946 0.31606
5 -0.838556 -0.743838 0.309866
2 -0.828638 -0.757833 0.311099
4 -0.826579 -0.745477 0.314314
1 -0.932306 -0.397418 0.300583
1 -0.833312 -0.80043 0.298561
1 -0.744845 -1.21341 0.309407
1 -0.881474 -0.524766 0.304087
13 -0.84508 -0.696008 0.306647
2 -0.872354 -0.570677 0.310609
2 -0.863443 -0.582401 0.308121
2 -0.84881 -0.581292 0.310904
5 -0.894382 -0.332892 0.314704
1 -0.930143 -0.353043 0.306189
1 -0.934342 -0.377585 0.301091
1 -0.926141 -0.454231 0.301882
4 -0.966879 -0.226435 0.30627
2 -0.903332 -0.361121 0.310375
2 -0.871708 -0.592075 0.308337
8 -0.872898 -0.536507 0.308656
6 -0.854536 -0.579046 0.311311
3 -0.826592 -0.810736 0.30742
1 -0.863422 -0.707333 0.304675
7 -0.917394 -0.406004 0.31072
9 -0.862062 -0.579094 0.306589
1 -0.869114 -0.580757 0.30439
2 -0.836368 -0.667739 0.305597
1 -0.857793 -0.589672 0.308525
4 -0.804971 -0.749347 0.313108
2 -0.816221 -0.744828 0.309577
1 -0.800509 -0.713621 0.313737
2 -0.761064 -0.76711 0.318447
6 -0.794681 -0.746813 0.312647
1 -0.900327 -0.317314 0.311191
2 -0.96111 -0.0773733 0.308826
1 -0.90703 -0.248372 0.314119
2 -0.821906 -0.597698 0.313349
2 -0.780552 -0.892769 0.313853
5 -0.813146 -0.796776 0.314015
3 -0.791509 -0.733247 0.314818
2 -0.745832 -0.763812 0.323788
4 -0.731287 -0.850413 0.324935
5 -0.810978 -0.679456 0.316393
3 -0.848509 -0.534589 0.313806
3 -0.836721 -0.664634 0.309164
3 -0.823577 -0.733213 0.308108
3 -0.749963 -0.878353 0.319459
1 -0.816337 -0.6281 0.318924
4 -0.857332 -0.590635 0.313749
2 -0.777839 -0.844061 0.31668
1 -0.828784 -0.743742 0.312438
1 -0.96377 -0.204446 0.301918
2 -0.95248 -0.287558 0.306033
4 -0.899523 -0.45991 0.305965
2 -0.819381 -0.649401 0.312609
1 -0.823606 -0.615036 0.315713
1 -0.854125 -0.65936 0.308159
1 -0.836435 -0.632042 0.310278
1 -0.827485 -0.612135 0.313923
1 -0.864058 -0.492588 0.308622
1 -0.939808 -0.521907 0.303675
2 -0.979927 -0.329152 0.30548
1 -0.971697 -0.259857 0.296251
1 -0.917239 -0.228218 0.305376
1 -0.824598 -0.823883 0.298503
1 -0.8267 -0.799849 0.302641
3 -0.900038 -0.392554 0.302805
1 -0.823493 -0.493698 0.316437
3 -0.782715 -0.710458 0.313181
4 -0.84738 -0.450078 0.312278
5 -0.874611 -0.406235 0.310379
7 -0.812956 -0.610906 0.314301
1 -0.749114 -0.886218 0.316232
3 -0.810786 -0.702886 0.310633
3 -0.857032 -0.643574 0.307239
3 -0.873385 -0.469028 0.311802
5 -0.813676 -0.70787 0.314661
2 -0.839548 -0.494347 0.315274
3 -0.866578 -0.494381 0.308198
1 -0.803142 -0.852419 0.307574
2 -0.739217 -0.902369 0.317952
1 -0.739732 -0.854738 0.317857
2 -0.746641 -0.922411 0.314143
1 -0.871096 -0.421775 0.309144
1 -0.803811 -0.819961 0.312163
2 -0.855168 -0.648705 0.309607
1 -0.928326 -0.385029 0.303629
1 -0.913574 -0.425704 0.305614
2 -0.854808 -0.563957 0.31447
3 -0.880706 -0.409915 0.313087
2 -0.861245 -0.626859 0.312009
1 -0.857599 -0.583015 0.313152
6 -0.84562 -0.666107 0.31328
10 -0.830048 -0.721119 0.316597
2 -0.772397 -0.882984 0.324026
2 -0.762028 -0.854667 0.323531
4 -0.779683 -0.782224 0.32253
4 -0.900103 -0.340822 0.302909
1 -0.856029 -0.483987 0.311694
1 -0.810314 -0.728145 0.312362
4 -0.791043 -0.701124 0.314387
1 -0.786003 -0.707457 0.31506
3 -0.822353 -0.590421 0.310934
6 -0.864675 -0.484344 0.311404
2 -0.880224 -0.515787 0.307143
2 -0.891816 -0.402547 0.310339
1 -0.879713 -0.420435 0.314781
1 -0.842165 -0.50933 0.315189
1 -0.831793 -0.511988 0.316805
6 -0.799676 -0.732808 0.316018
7 -0.774249 -0.909944 0.313276
3 -0.771988 -0.915019 0.312358
1 -0.770864 -1.01836 0.310127
1 -0.80832 -0.805453 0.310661
2 -0.850781 -0.443805 0.3154
5 -0.895542 -0.305133 0.310197
2 -0.838827 -0.455841 0.313886
5 -0.813787 -0.675602 0.31318
6 -0.777522 -0.817083 0.310391
3 -0.878256 -0.489657 0.303417
1 -0.944273 -0.325524 0.297479
2 -0.910803 -0.444673 0.296668
3 -0.906643 -0.464141 0.297113
4 -0.870811 -0.586022 0.303016
3 -0.900835 -0.518472 0.300732
2 -0.827069 -0.745292 0.304328
1 -0.813076 -0.839821 0.303702
1 -0.903858 -0.56339 0.301506
12 -0.897982 -0.342344 0.312746
2 -0.92541 -0.339718 0.306868
3 -0.923024 -0.406339 0.306728
9 -0.876666 -0.394154 0.310244
2 -0.85421 -0.655561 0.306152
1 -0.855398 -0.675675 0.306744
2 -0.946403 -0.33299 0.29928
7 -0.895313 -0.579339 0.307575
19 -0.88982 -0.61534 0.306647
7 -0.973163 -0.240832 0.300193
2 -0.923739 -0.489773 0.307136
5 -0.818722 -0.84575 0.311027
2 -0.813621 -0.887138 0.31413
3 -0.808019 -0.721118 0.311344
12 -0.803195 -0.681321 0.316048
1 -0.828502 -0.781769 0.303402
2 -0.824764 -0.812365 0.302595
2 -0.831981 -0.820089 0.302494
1 -0.860598 -0.718845 0.303298
2 -0.896651 -0.557209 0.299341
1 -0.90593 -0.491287 0.302382
9 -0.899564 -0.487236 0.305261
1 -0.909928 -0.406551 0.303582
5 -0.893396 -0.425551 0.307031
2 -0.886138 -0.44737 0.306285
2 -0.945262 -0.207438 0.311895
1 -0.902341 -0.256156 0.315326
1 -0.904052 -0.320973 0.313382
2 -0.763795 -0.706969 0.320676
4 -0.842458 -0.454171 0.317989
1 -0.844175 -0.445783 0.308099
1 -0.807865 -0.652648 0.312464
6 -0.79947 -0.795255 0.310629
1 -0.768095 -0.870006 0.312561
1 -0.881593 -0.48768 0.305034
1 -0.855604 -0.409111 0.31095
1 -0.777859 -0.579091 0.32059
13 -0.74337 -0.769129 0.314238
2 -0.739108 -0.820337 0.315054
1 -0.834786 -0.486547 0.314966
3 -0.778276 -0.722279 0.316137
3 -0.900883 -0.462594 0.312546
2 -0.853664 -0.620638 0.315398
2 -0.860123 -0.604583 0.311763
1 -0.811544 -0.750326 0.314784
1 -0.749931 -0.974658 0.316069
1 -0.835286 -0.586546 0.311666
15 -0.808937 -0.638939 0.315173
2 -0.89547 -0.484501 0.305745
2 -0.89196 -0.443583 0.30732
1 -0.838713 -0.619487 0.314717
2 -0.808248 -0.754523 0.315645
7 -0.927028 -0.302631 0.3041
7 -0.92235 -0.365977 0.301575
6 -0.783533 -0.850299 0.309957
1 -0.890318 -0.446962 0.306523
1 -0.869066 -0.545953 0.303266
5 -0.824778 -0.6309 0.309758
6 -0.89227 -0.434723 0.304264
3 -0.892511 -0.374598 0.310821
3 -0.895709 -0.362271 0.310187
1 -0.912434 -0.34578 0.312495
9 -0.817439 -0.695745 0.306792
3 -0.798323 -0.641244 0.321617
1 -0.854994 -0.567757 0.309248
2 -0.851102 -0.515472 0.311098
8 -0.758341 -0.853185 0.318882
2 -0.743264 -0.920583 0.318003
2 -0.841445 -0.647961 0.311489
3 -0.768913 -0.787642 0.310645
1 -0.776504 -0.773487 0.309474
5 -0.913263 -0.259591 0.309813
1 -0.91548 -0.232512 0.310695
6 -0.879796 -0.419385 0.311739
5 -0.74318 -0.93281 0.311677
6 -0.89951 -0.295839 0.307237
2 -0.797584 -0.604057 0.319212
3 -0.77489 -0.73098 0.320762
2 -0.727844 -1.01495 0.321779
1 -0.892114 -0.472229 0.308384
1 -0.845318 -0.656899 0.310688
1 -0.89966 -0.388027 0.309889
1 -0.875829 -0.605676 0.299379
3 -0.77716 -0.90254 0.30693
1 -0.814864 -0.84258 0.308473
2 -0.761045 -0.929525 0.314497
1 -0.774621 -0.790865 0.312061
1 -0.757226 -0.869061 0.313528
2 -0.76761 -0.782152 0.319554
3 -0.821296 -0.512071 0.320258
6 -0.856538 -0.545542 0.309377
2 -0.877642 -0.674612 0.300063
1 -0.862808 -0.61305 0.307483
4 -0.861971 -0.570269 0.310455
1 -0.876467 -0.554325 0.308409
5 -0.845761 -0.60592 0.309863
1 -0.852193 -0.641241 0.311347
3 -0.854927 -0.639063 0.314162
4 -0.868537 -0.689289 0.311087
2 -0.848337 -0.575743 0.313292
1 -0.795559 -0.785917 0.315736
4 -0.836428 -0.690417 0.311067
3 -0.82058 -0.690919 0.306664
1 -0.831588 -0.652199 0.309526
2 -0.907993 -0.476423 0.30464
1 -0.853054 -0.694394 0.306931
1 -0.858869 -0.572039 0.309992
8 -0.844792 -0.717558 0.30242
1 -0.847865 -0.632525 0.302906
1 -0.949579 -0.199041 0.301262
1 -0.903229 -0.479495 0.306037
5 -0.889321 -0.436264 0.312348
18 -0.758327 -0.960548 0.320253
1 -0.794455 -0.879087 0.31593
1 -0.751354 -0.963219 0.318826
5 -0.682786 -1.13686 0.322955
3 -0.803959 -0.64949 0.315633
1 -0.875085 -0.488868 0.300773
8 -0.884911 -0.47903 0.298219
4 -0.867097 -0.425996 0.305344
3 -0.859106 -0.353753 0.310983
1 -0.778818 -0.809194 0.310194
6 -0.838247 -0.64466 0.303111
1 -0.807829 -0.661739 0.315356
2 -0.844019 -0.51369 0.317223
3 -0.808102 -0.709052 0.310954
1 -0.776163 -0.782544 0.313823
2 -0.766339 -0.879342 0.310847
1 -0.760137 -0.728674 0.322384
1 -0.837789 -0.591397 0.31391
8 -0.867947 -0.625243 0.306776
1 -0.919962 -0.504443 0.298605
4 -0.914672 -0.468126 0.299372
5 -0.896968 -0.510707 0.303211
1 -0.810431 -0.794142 0.310003
1 -0.859423 -0.587734 0.307145
2 -0.869481 -0.527874 0.305885
1 -0.914998 -0.34658 0.299405
2 -0.893254 -0.452203 0.296229
5 -0.853394 -0.552677 0.301865
1 -0.847881 -0.647604 0.294783
1 -0.91813 -0.627318 0.294733
3 -0.842474 -0.731907 0.304817
1 -0.869411 -0.658885 0.303638
2 -0.844113 -0.735138 0.306003
2 -0.781261 -0.904084 0.31638
3 -0.799192 -0.5836 0.324612
5 -0.875738 -0.456217 0.313511
5 -0.848015 -0.545313 0.313408
3 -0.867738 -0.5481 0.310485
3 -0.850966 -0.520933 0.311312
3 -0.860278 -0.483594 0.315011
2 -0.930262 -0.28005 0.314522
1 -0.849191 -0.696947 0.31093
6 -0.822854 -0.895651 0.303241
7 -0.786669 -0.896528 0.311149
6 -0.791648 -1.06703 0.305647
8 -0.786257 -0.970653 0.304501
4 -0.78404 -0.840094 0.307519
1 -0.809306 -0.60527 0.309571
3 -0.880214 -0.331535 0.312504
3 -0.80109 -0.525459 0.322168
2 -0.82634 -0.79161 0.301506
1 -0.829137 -0.76942 0.301598
1 -0.871654 -0.447759 0.305475
1 -0.833068 -0.525804 0.314855
1 -0.952152 -0.167116 0.306246
3 -0.943204 -0.200162 0.305375
1 -0.882224 -0.391998 0.305719
2 -0.823065 -0.727886 0.317603
2 -0.910026 -0.457664 0.308723
2 -0.896477 -0.393017 0.31476
2 -0.875466 -0.444389 0.309115
8 -0.895493 -0.419242 0.309401
1 -0.891858 -0.378991 0.306493
7 -0.951846 -0.209924 0.30251
5 -0.865462 -0.593327 0.302898
1 -0.830304 -0.575984 0.313939
2 -0.805312 -0.623008 0.316901
6 -0.841851 -0.627658 0.307043
6 -0.947384 -0.278508 0.303622
4 -0.813209 -0.599085 0.316971
6 -0.810495 -0.626092 0.316722
2 -0.897547 -0.464014 0.30302
3 -0.881633 -0.536599 0.308407
6 -0.835889 -0.683279 0.308928
10 -0.834982 -0.875502 0.304558
1 -0.882557 -0.548055 0.307898
2 -0.872657 -0.559805 0.311577
2 -0.924771 -0.277914 0.314209
2 -0.875152 -0.513837 0.31479
1 -0.829141 -0.647844 0.31648
2 -0.809703 -0.818057 0.312816
1 -0.918992 -0.471945 0.304975
1 -0.930736 -0.302656 0.312874
3 -0.945893 -0.250741 0.308182
2 -0.933223 -0.270915 0.306585
3 -0.924765 -0.47635 0.300066
1 -0.945168 -0.234143 0.300962
4 -0.946143 -0.227903 0.302516
1 -0.870323 -0.505702 0.309361
4 -0.838239 -0.715646 0.309477
2 -0.83427 -0.73915 0.309439
3 -0.859975 -0.414796 0.313867
2 -0.863093 -0.411609 0.312938
2 -0.762747 -0.897164 0.311375
1 -0.844926 -0.757168 0.306123
1 -0.801891 -0.866924 0.304077
17 -0.874183 -0.474415 0.309432
2 -0.970475 -0.148586 0.302524
2 -0.959961 -0.185433 0.299916
1 -0.889118 -0.506686 0.303743
4 -0.786829 -0.827596 0.312748
2 -0.774966 -0.935511 0.314293
1 -0.785644 -0.769207 0.316057
2 -0.818932 -0.799724 0.305638
3 -0.748488 -0.962783 0.314221
1 -0.797456 -0.792334 0.320739
2 -0.833957 -0.879536 0.309546
4 -0.845879 -0.682274 0.312672
3 -0.794679 -0.735312 0.321466
2 -0.760875 -0.900938 0.320568
1 -0.822858 -0.592903 0.31631
3 -0.88215 -0.583337 0.308281
1 -0.815129 -0.737885 0.314893
7 -0.85666 -0.609279 0.30779
1 -0.893022 -0.485566 0.304392
1 -0.869022 -0.640149 0.304624
8 -0.911525 -0.435189 0.304067
2 -0.93972 -0.264871 0.30598
13 -0.881409 -0.541482 0.302538
2 -0.868525 -0.544164 0.307866
2 -0.909477 -0.329275 0.313161
1 -0.907494 -0.269198 0.311955
3 -0.856697 -0.586329 0.311051
2 -0.832358 -0.659573 0.314511
4 -0.801402 -0.779641 0.312814
11 -0.870707 -0.410168 0.312804
5 -0.835979 -0.593141 0.308959
4 -0.810156 -0.706153 0.312889
3 -0.802538 -0.71799 0.313514
2 -0.800105 -0.734179 0.310839
1 -0.80906 -0.616855 0.316578
8 -0.772147 -0.764708 0.320446
1 -0.816926 -0.574318 0.315961
2 -0.839906 -0.614784 0.313371
4 -0.886259 -0.531813 0.302618
2 -0.905139 -0.375679 0.307895
1 -0.950658 -0.212032 0.306237
4 -0.85526 -0.347547 0.308851
2 -0.958438 -0.13175 0.299896
2 -0.79015 -0.834176 0.314665
3 -0.75755 -0.961935 0.315196
2 -0.738275 -0.934508 0.319001
3 -0.776731 -0.667582 0.31803
3 -0.769984 -0.92815 0.315266
1 -0.830674 -0.798995 0.308195
1 -0.937545 -0.27528 0.306953
3 -0.93682 -0.424178 0.305301
2 -0.979212 -0.0625579 0.310021
1 -0.815465 -0.761094 0.308111
1 -0.843538 -0.612342 0.310337
1 -0.855689 -0.648231 0.312828
4 -0.840941 -0.67277 0.314637
3 -0.924853 -0.29794 0.31539
1 -0.816424 -0.6095 0.324192
2 -0.726408 -0.924581 0.318585
3 -0.775327 -0.81967 0.308833
1 -0.777738 -0.790822 0.309371
1 -0.848568 -0.493084 0.305241
1 -0.924544 -0.153149 0.306777
2 -0.811906 -0.485804 0.311776
1 -0.875167 -0.326016 0.309733
3 -0.777705 -0.654462 0.317557
1 -0.779269 -0.698771 0.311973
3 -0.780449 -0.695601 0.311879
3 -0.741603 -0.778663 0.320662
5 -0.808221 -0.673796 0.309074
6 -0.81005 -0.621064 0.31529
1 -0.811383 -0.605485 0.315591
1 -0.754586 -0.809613 0.319389
1 -0.724447 -0.934701 0.316524
1 -0.812404 -0.470139 0.322331
1 -0.797642 -0.686589 0.318769
1 -0.825319 -0.616681 0.315986
2 -0.875307 -0.596389 0.299572
2 -1.03327 0.108038 0.297075
2 -0.904929 -0.21318 0.314502
1 -0.86356 -0.237312 0.32098
2 -0.777141 -0.700586 0.319216
9 -0.944904 -0.233916 0.304482
1 -0.855309 -0.603705 0.309067
4 -0.91237 -0.225985 0.313892
6 -0.8722 -0.439973 0.312254
1 -0.86682 -0.466902 0.312442
1 -0.884031 -0.46067 0.312961
1 -0.946306 -0.358948 0.300816
3 -0.962308 -0.21939 0.312463
3 -0.891064 -0.43931 0.31507
1 -0.894458 -0.486376 0.310072
7 -0.868358 -0.507025 0.310976
1 -0.831027 -0.536597 0.314841
12 -0.842037 -0.607326 0.308905
1 -0.869549 -0.493741 0.315549
4 -0.756002 -0.893137 0.316071
2 -0.804565 -0.930627 0.306435
2 -0.746748 -1.06655 0.31541
1 -0.668351 -1.29099 0.319146
3 -0.680338 -1.15945 0.32147
2 -0.670552 -1.09875 0.325873
1 -0.733144 -0.894413 0.318911
1 -0.873862 -0.40775 0.30167
5 -0.81339 -0.686554 0.306508
2 -0.797851 -0.60713 0.314987
5 -0.815747 -0.549835 0.314523
1 -0.833309 -0.527379 0.311894
2 -0.847363 -0.445521 0.31086
1 -0.895151 -0.416829 0.307997
1 -0.900014 -0.359336 0.312424
1 -0.848948 -0.521854 0.310736
4 -0.834116 -0.568397 0.311685
6 -0.878858 -0.444932 0.312455
1 -0.82102 -0.581216 0.31507
2 -0.8409 -0.570822 0.311077
3 -0.786795 -0.777758 0.323559
2 -0.831551 -0.660436 0.316818
3 -0.821481 -0.637173 0.314755
6 -0.810487 -0.802741 0.315667
1 -0.858628 -0.624039 0.310734
1 -0.779652 -0.892465 0.306191
3 -0.810135 -0.797677 0.304945
4 -0.869159 -0.468596 0.311596
6 -0.789322 -0.697901 0.316573
3 -0.793638 -0.691624 0.318467
3 -0.841347 -0.47709 0.319432
2 -0.818152 -0.735512 0.307968
3 -0.774469 -0.778925 0.31755
2 -0.833727 -0.571388 0.321767
4 -0.797434 -0.622942 0.322171
1 -0.780471 -0.902445 0.319297
2 -0.983402 -0.171501 0.300122
2 -0.936958 -0.344317 0.29848
1 -0.835496 -0.625383 0.308752
1 -0.890516 -0.452413 0.304586
2 -0.891931 -0.430531 0.308214
8 -0.913174 -0.30278 0.311244
5 -0.791274 -0.735511 0.311393
3 -0.790596 -0.742447 0.315974
2 -0.893075 -0.551732 0.305649
1 -0.88976 -0.393942 0.314141
5 -0.810927 -0.621659 0.314473
3 -0.846637 -0.601867 0.312799
3 -0.74378 -0.986456 0.317835
3 -0.793301 -0.710304 0.316207
4 -0.810637 -0.839917 0.311459
2 -0.8841 -0.578643 0.306965
1 -0.817267 -0.708193 0.312434
1 -0.869296 -0.497046 0.309388
9 -0.831698 -0.650444 0.309365
3 -0.84899 -0.571722 0.309384
3 -0.826042 -0.631369 0.308076
1 -0.871985 -0.496497 0.304085
1 -0.90024 -0.372483 0.311772
1 -0.744786 -1.03493 0.31565
1 -0.724594 -1.00163 0.318196
3 -0.740491 -1.06408 0.317291
3 -0.829225 -0.487833 0.3191
7 -0.826035 -0.509424 0.319794
1 -0.923907 -0.133771 0.314868
1 -0.873132 -0.346958 0.313324
7 -0.783421 -0.956092 0.314345
5 -0.832305 -0.764124 0.307492
4 -0.781061 -0.929391 0.310424
7 -0.79848 -0.825883 0.311774
2 -0.872717 -0.535329 0.309524
2 -0.895201 -0.604019 0.301611
1 -0.850416 -0.582013 0.307126
8 -0.855769 -0.453926 0.31411
4 -0.826146 -0.628625 0.312954
1 -0.788642 -0.753542 0.314415
1 -0.750996 -0.951705 0.313101
4 -0.755114 -0.917191 0.313404
2 -0.775215 -0.713429 0.315265
1 -0.831815 -0.421203 0.322326
1 -0.723748 -0.957865 0.31922
1 -0.713383 -1.12301 0.320268
1 -0.752682 -0.925392 0.315883
3 -0.765237 -0.935175 0.316467
3 -0.796339 -0.749671 0.315271
2 -0.808124 -0.725559 0.314105
1 -0.826227 -0.545422 0.308464
1 -0.840636 -0.431097 0.315047
2 -0.778986 -0.592758 0.32046
1 -0.908369 -0.329425 0.306904
1 -0.880449 -0.363338 0.313124
5 -0.924756 -0.226414 0.308697
4 -0.83248 -0.613168 0.308986
6 -0.899917 -0.544531 0.303331
1 -0.729115 -1.06446 0.31256
1 -0.830841 -0.744962 0.303796
3 -0.809375 -0.775728 0.306117
1 -0.844299 -0.551998 0.318847
1 -0.946135 -0.178459 0.309652
1 -0.881168 -0.349383 0.321138
5 -0.88907 -0.390263 0.31027
1 -0.895528 -0.302501 0.311359
4 -0.904485 -0.286012 0.309878
1 -0.861012 -0.469738 0.324801
1 -0.825421 -0.544595 0.327137
2 -0.793852 -0.597258 0.325159
1 -0.726963 -0.806452 0.328339
1 -0.694477 -0.989706 0.325075
7 -0.698889 -1.00964 0.318082
1 -0.718385 -1.00119 0.315964
3 -0.767169 -0.826627 0.316139
3 -0.835324 -0.679181 0.307813
1 -0.823061 -0.663255 0.311695
3 -0.824808 -0.649394 0.308166
3 -0.764496 -0.996554 0.305592
1 -0.79212 -0.786877 0.305426
4 -0.844672 -0.481912 0.312697
2 -0.908668 -0.357877 0.300365
3 -0.815669 -0.64592 0.311283
3 -0.794519 -0.722532 0.3126
3 -0.820628 -0.636494 0.315369
2 -0.843587 -0.592305 0.30739
6 -0.889711 -0.409074 0.304639
2 -0.852891 -0.46769 0.308213
1 -0.795673 -0.686366 0.312678
1 -0.766604 -0.790074 0.321015
4 -0.737559 -0.921951 0.324011
3 -0.745897 -0.902524 0.317432
1 -0.825057 -0.651268 0.31334
3 -0.806989 -0.745101 0.312997
3 -0.805136 -0.730671 0.315997
3 -0.822944 -0.730165 0.314457
2 -0.782947 -0.821689 0.316914
1 -0.831898 -0.624343 0.31408
2 -0.822492 -0.63884 0.315831
1 -0.856163 -0.518369 0.312646
4 -0.85279 -0.545243 0.311915
1 -0.869266 -0.493561 0.311925
9 -0.821368 -0.74538 0.310422
2 -0.772742 -0.878112 0.313241
4 -0.802082 -0.768449 0.308907
11 -0.792274 -0.611296 0.315625
2 -0.83599 -0.464669 0.313082
5 -0.795268 -0.791284 0.320245
2 -0.91392 -0.343418 0.30921
4 -0.82022 -0.652291 0.314677
2 -0.820868 -0.656789 0.314446
10 -0.827233 -0.654386 0.314917
3 -0.846556 -0.582806 0.314195
3 -0.891262 -0.255577 0.307947
3 -0.979871 -0.141748 0.295557
2 -0.874192 -0.422262 0.303206
8 -0.926314 -0.280985 0.298886
1 -0.817558 -0.676183 0.307826
4 -0.870076 -0.551822 0.303454
5 -0.787564 -0.777267 0.310564
1 -0.695897 -1.0347 0.319239
7 -0.697016 -1.02683 0.318832
4 -0.698262 -0.956526 0.320177
2 -0.684229 -1.08148 0.318388
1 -0.668733 -1.11337 0.318509
5 -0.77451 -0.853019 0.313885
1 -0.795027 -0.937513 0.31081
2 -0.892659 -0.625275 0.305199
1 -0.831728 -0.843228 0.303114
1 -0.841201 -0.680706 0.309727
2 -0.893974 -0.407698 0.309315
3 -0.863739 -0.350177 0.316029
4 -0.796289 -0.652195 0.318381
2 -0.875487 -0.603801 0.313049
1 -0.860237 -0.405967 0.318058
2 -0.803992 -0.711615 0.317963
1 -0.827783 -0.67336 0.313726
1 -0.80124 -0.633976 0.315053
3 -0.867837 -0.419956 0.312451
1 -0.825115 -0.60615 0.313166
2 -0.779368 -0.735113 0.317257
3 -0.807287 -0.813614 0.31114
1 -0.80518 -0.855204 0.311324
1 -0.787133 -0.930975 0.311139
2 -0.787173 -0.92981 0.310847
1 -0.861796 -0.595999 0.309506
6 -0.894351 -0.521286 0.302345
2 -0.880152 -0.548067 0.304102
13 -0.87417 -0.557514 0.312091
2 -0.842276 -0.684633 0.309372
4 -0.868982 -0.499213 0.311476
4 -0.917252 -0.386078 0.30882
4 -0.854163 -0.531016 0.31554
2 -0.834338 -0.607611 0.315815
1 -0.844791 -0.607215 0.312414
2 -0.927822 -0.233271 0.30738
1 -0.824842 -0.658352 0.308721
1 -0.718439 -1.09008 0.313019
1 -0.862063 -0.658766 0.30046
2 -0.792104 -0.755619 0.314487
3 -0.904528 -0.382803 0.30767
4 -0.862609 -0.533752 0.308702
12 -0.863543 -0.555119 0.299931
1 -0.921024 -0.427525 0.303464
3 -0.915351 -0.375488 0.308906
7 -0.870037 -0.439759 0.316942
3 -0.834147 -0.662032 0.310082
4 -0.88481 -0.394105 0.312606
7 -0.840716 -0.597597 0.313909
2 -0.847724 -0.477988 0.31569
2 -0.892517 -0.34671 0.308118
1 -0.88424 -0.382046 0.309771
3 -0.829183 -0.548343 0.312529
3 -0.782424 -0.757956 0.313561
2 -0.877523 -0.485088 0.303855
3 -0.839376 -0.525593 0.30981
1 -0.87617 -0.498496 0.307324
2 -0.861708 -0.54921 0.308229
1 -0.904293 -0.447401 0.303798
2 -0.747387 -0.966954 0.317593
2 -0.797152 -0.832124 0.30887
1 -0.772706 -0.835491 0.311958
1 -0.813243 -0.738121 0.306674
2 -0.86991 -0.535851 0.306035
3 -0.785803 -0.71623 0.314865
8 -0.775106 -0.819202 0.315914
1 -0.848305 -0.514486 0.316291
1 -0.832543 -0.554933 0.315606
1 -0.792833 -0.746659 0.315911
8 -0.833837 -0.629773 0.311464
5 -0.791203 -0.865003 0.312455
1 -0.889864 -0.414342 0.313971
8 -0.822842 -0.525084 0.320706
3 -0.873146 -0.591587 0.311237
2 -0.870473 -0.647839 0.307626
2 -0.786799 -0.7458 0.321828
1 -0.779341 -0.725457 0.321509
1 -0.821113 -0.644129 0.309315
2 -0.866351 -0.365982 0.311736
2 -0.88184 -0.41746 0.306889
4 -0.887934 -0.34695 0.309032
2 -0.855176 -0.438319 0.310531
11 -0.921571 -0.393419 0.301626
7 -0.778529 -0.821176 0.315746
1 -0.783724 -0.846808 0.317618
1 -0.80317 -0.736239 0.316675
1 -0.776207 -0.848333 0.314714
1 -0.818469 -0.666421 0.309276
3 -0.965374 -0.249442 0.29763
3 -0.834479 -0.740561 0.305277
2 -0.900016 -0.448328 0.303469
3 -0.888043 -0.384161 0.310666
1 -0.864633 -0.359914 0.317806
3 -0.899429 -0.391896 0.313607
2 -0.879413 -0.381069 0.317334
3 -0.887817 -0.332823 0.316179
1 -0.854316 -0.544296 0.316775
3 -0.833758 -0.509999 0.320534
2 -0.885063 -0.472925 0.309645
8 -0.87243 -0.501748 0.307536
4 -0.811908 -0.606951 0.311971
1 -0.81435 -0.755829 0.310636
3 -0.837041 -0.478196 0.313999
2 -0.759064 -0.755535 0.316218
1 -0.777514 -0.867974 0.308308
1 -0.927921 -0.31869 0.305722
3 -0.9255 -0.17093 0.312379
4 -0.925338 -0.288382 0.307149
2 -0.912631 -0.250682 0.308823
5 -0.925794 -0.384896 0.300179
2 -0.881184 -0.653636 0.293441
9 -0.904656 -0.565781 0.296564
3 -0.838937 -0.764992 0.303937
1 -0.918222 -0.34104 0.302153
4 -0.912715 -0.324371 0.309431
5 -0.871084 -0.596461 0.30665
3 -0.81769 -0.728228 0.309144
1 -0.812853 -0.759034 0.307
1 -0.867719 -0.5238 0.308006
3 -0.853179 -0.556816 0.312741
3 -0.881542 -0.482196 0.306651
11 -0.824821 -0.782898 0.312333
1 -0.805857 -0.859726 0.312705
2 -0.788315 -0.843921 0.3111
2 -0.841709 -0.681386 0.311539
3 -0.904898 -0.371951 0.30906
3 -0.869425 -0.537602 0.307715
1 -0.914754 -0.312198 0.309057
1 -0.909234 -0.401169 0.307805
1 -0.90726 -0.452802 0.3078
5 -0.938777 -0.264234 0.306804
4 -0.882104 -0.510655 0.308411
6 -0.923971 -0.391259 0.300127
3 -0.918099 -0.415872 0.298626
2 -0.742126 -0.966841 0.314915
3 -0.763784 -0.962602 0.312637
9 -0.799298 -0.661195 0.315544
2 -0.751255 -0.884254 0.319995
2 -0.805792 -0.788354 0.314338
3 -0.736189 -1.14267 0.30989
2 -0.696198 -1.16995 0.316657
8 -0.803517 -0.723401 0.310312
3 -0.88859 -0.405836 0.307819
2 -0.937341 -0.373069 0.302524
5 -0.885919 -0.516793 0.307356
4 -0.831637 -0.776453 0.305752
1 -0.842811 -0.719783 0.300679
4 -0.906503 -0.193193 0.310857
3 -0.889024 -0.253297 0.313909
1 -0.859448 -0.386857 0.313283
1 -0.851594 -0.411345 0.311189
5 -0.804773 -0.81077 0.311887
1 -0.804332 -0.83968 0.309153
1 -0.776775 -0.860197 0.311438
5 -0.841979 -0.734729 0.302052
2 -0.845104 -0.632054 0.304626
1 -0.803793 -0.837107 0.308994
1 -0.766142 -0.980101 0.312874
2 -0.864798 -0.67221 0.311079
1 -0.864678 -0.702832 0.313773
2 -0.885358 -0.483787 0.318588
2 -0.801542 -0.708361 0.313807
1 -0.755625 -0.866567 0.318764
1 -0.742357 -1.0226 0.31472
1 -0.810772 -0.831295 0.302536
4 -0.767412 -0.838325 0.314723
1 -0.92964 -0.138732 0.305665
1 -0.922523 -0.206121 0.308153
6 -0.876348 -0.347009 0.309941
3 -0.82606 -0.654474 0.310335
2 -0.802588 -0.707427 0.310614
2 -0.787479 -0.697439 0.315964
5 -0.793613 -0.626512 0.314575
2 -0.782723 -0.816882 0.308121
1 -0.747052 -1.02265 0.313005
1 -0.759798 -1.01557 0.311335
5 -0.925514 -0.347773 0.30576
2 -0.830593 -0.620495 0.312991
2 -0.775671 -0.714626 0.318402
1 -0.78716 -0.681817 0.318269
5 -0.739193 -0.930341 0.320951
3 -0.732051 -1.13374 0.310914
1 -0.779563 -0.789841 0.308945
3 -0.858513 -0.600222 0.304237
2 -0.871457 -0.660822 0.300976
4 -0.808272 -0.813048 0.315123
2 -0.820378 -0.77286 0.311433
1 -0.865239 -0.587343 0.311705
1 -0.863953 -0.600845 0.310458
5 -0.91293 -0.329964 0.311363
8 -0.889386 -0.336774 0.311663
1 -0.769529 -0.789802 0.315047
5 -0.77276 -0.803113 0.314886
3 -0.800843 -0.738165 0.31035
2 -0.718079 -0.979909 0.318922
1 -0.769833 -0.749813 0.318229
9 -0.808371 -0.653511 0.314618
2 -0.727867 -0.832917 0.32728
4 -0.741716 -0.860203 0.31886
1 -0.866248 -0.354611 0.318352
1 -0.850549 -0.570189 0.317628
9 -0.874498 -0.613146 0.312789
5 -0.790095 -0.715454 0.31582
3 -0.841554 -0.594591 0.31226
2 -0.844968 -0.578158 0.311051
1 -0.849054 -0.429217 0.30955
2 -0.965207 -0.223437 0.304249
1 -0.91794 -0.508072 0.302639
4 -0.979352 -0.246047 0.300653
7 -0.893757 -0.526443 0.311293
1 -0.875348 -0.646857 0.306532
3 -0.900469 -0.549775 0.306936
4 -0.912717 -0.368721 0.30621
2 -0.853917 -0.643417 0.304375
2 -0.919516 -0.399449 0.299456
1 -0.939908 -0.343004 0.301088
1 -0.783471 -0.934928 0.310483
1 -0.771932 -1.04413 0.306399
2 -0.812921 -0.783861 0.306181
5 -0.858166 -0.423661 0.312371
2 -0.77 -0.868528 0.318351
1 -0.778717 -0.97033 0.311961
2 -0.861081 -0.629979 0.309279
2 -0.828055 -0.66344 0.31591
1 -0.846481 -0.603951 0.314209
3 -0.849575 -0.625076 0.313261
2 -0.786525 -0.731968 0.318596
1 -0.795832 -0.707138 0.318615
1 -0.767236 -0.949389 0.317323
1 -0.714114 -1.03348 0.31768
3 -0.700889 -1.15417 0.309818
1 -0.770783 -0.865317 0.308484
9 -0.790607 -0.797916 0.313422
2 -0.937983 -0.414379 0.298916
2 -0.852275 -0.520918 0.316302
2 -0.872096 -0.411943 0.321135
4 -0.901227 -0.327007 0.308519
2 -0.83561 -0.605556 0.312752
7 -0.76297 -0.924306 0.307629
5 -0.794244 -0.679387 0.310891
9 -0.842901 -0.611992 0.307598
3 -0.85662 -0.615582 0.304835
4 -0.85541 -0.428653 0.306311
1 -0.911706 -0.214122 0.311941
3 -0.850853 -0.548797 0.309575
2 -0.891939 -0.465737 0.311767
2 -0.903027 -0.438296 0.309344
5 -0.781533 -0.83592 0.311896
1 -0.833651 -0.568745 0.319045
6 -0.841386 -0.613027 0.311718
1 -0.85584 -0.582649 0.308927
4 -0.804581 -0.828072 0.313007
2 -0.813848 -0.620454 0.313903
8 -0.883893 -0.498337 0.307841
3 -0.878131 -0.509034 0.314634
1 -0.774137 -0.925418 0.313753
6 -0.765752 -0.922398 0.314433
7 -0.918094 -0.292158 0.301719
1 -0.86939 -0.515021 0.301021
11 -0.829556 -0.719543 0.306927
7 -0.832682 -0.701148 0.306324
7 -0.884295 -0.501783 0.304492
1 -0.891898 -0.338094 0.309552
7 -0.894838 -0.255972 0.3119
1 -0.866291 -0.537485 0.305331
2 -0.878178 -0.346052 0.313851
1 -0.767645 -0.978626 0.307587
1 -0.887082 -0.536785 0.306625
4 -0.889087 -0.440405 0.31012
3 -0.83731 -0.433292 0.31775
2 -0.864995 -0.368849 0.315417
2 -0.848984 -0.505893 0.312149
5 -0.796217 -0.652523 0.31611
2 -0.780753 -0.923323 0.306097
1 -0.770783 -0.893782 0.309187
3 -0.790513 -0.589009 0.319614
1 -0.838275 -0.483033 0.313453
2 -0.910351 -0.364186 0.302569
1 -0.920747 -0.347737 0.302123
1 -0.917212 -0.325264 0.301362
1 -0.816489 -0.685189 0.306538
2 -0.829964 -0.677898 0.309951
5 -0.899843 -0.423163 0.310863
5 -0.920202 -0.345076 0.30921
3 -0.82094 -0.657369 0.312551
13 -0.838518 -0.554401 0.307702
2 -0.806332 -0.712593 0.30542
7 -0.801429 -0.647569 0.313747
3 -0.826851 -0.610602 0.305302
13 -0.844319 -0.473263 0.31599
4 -0.823448 -0.683437 0.310693
1 -0.818095 -0.692345 0.313625
5 -0.821543 -0.732979 0.311072
3 -0.801937 -0.659563 0.312727
4 -0.787063 -0.942577 0.312187
1 -0.894688 -0.406563 0.30796
4 -0.912556 -0.512362 0.298431
1 -0.848782 -0.602871 0.316155
2 -0.858637 -0.429168 0.322332
1 -0.862836 -0.280588 0.319694
1 -0.875928 -0.492935 0.31898
2 -0.805422 -0.808005 0.318309
5 -0.773146 -0.884331 0.315764
3 -0.740666 -0.796984 0.316772
2 -0.761069 -0.881685 0.318075
4 -0.907758 -0.207243 0.316982
4 -0.839395 -0.48524 0.319241
1 -0.825043 -0.63324 0.316331
3 -0.861815 -0.513467 0.314733
1 -0.8545 -0.767653 0.304976
2 -0.849227 -0.767068 0.302403
2 -0.836356 -0.699651 0.300843
1 -0.798345 -0.693494 0.315277
1 -0.851852 -0.519146 0.307401
8 -0.813645 -0.671452 0.315498
3 -0.914897 -0.373953 0.311115
6 -0.790924 -0.768796 0.309382
2 -0.832951 -0.577909 0.312404
1 -0.795918 -0.624276 0.317547
4 -0.797344 -0.613921 0.317854
1 -0.76379 -0.766085 0.314937
3 -0.792513 -0.656436 0.317869
4 -0.833125 -0.561274 0.318231
1 -0.909651 -0.333025 0.308359
1 -0.870906 -0.509946 0.304709
4 -0.800606 -0.678032 0.319533
4 -0.701409 -1.05657 0.320249
2 -0.828428 -0.593135 0.306911
5 -0.77574 -0.707056 0.314574
2 -0.836035 -0.420114 0.31461
1 -0.846969 -0.420933 0.312896
13 -0.896307 -0.366335 0.309181
1 -0.924084 -0.248403 0.303114
5 -0.961897 -0.197712 0.297753
3 -0.785649 -0.848498 0.315477
1 -0.808611 -0.855456 0.307382
4 -0.83368 -0.583757 0.314338
5 -0.846408 -0.494268 0.310651
2 -0.895518 -0.377152 0.311098
7 -0.890363 -0.324363 0.311898
4 -0.755221 -0.93667 0.313862
3 -0.904378 -0.242406 0.312445
1 -0.868858 -0.494132 0.309248
3 -0.839659 -0.59321 0.309542
4 -0.85756 -0.600897 0.311326
1 -0.877228 -0.423319 0.313801
1 -0.864972 -0.444447 0.311723
3 -0.811699 -0.64611 0.312316
1 -0.851946 -0.515439 0.308645
2 -0.745858 -0.922004 0.313385
3 -0.808319 -0.618416 0.31066
2 -0.820615 -0.624733 0.310726
4 -0.85016 -0.649468 0.302268
2 -0.944739 -0.285074 0.298993
1 -0.950183 -0.271572 0.298751
2 -0.949104 -0.29079 0.300416
2 -0.918795 -0.289292 0.306496
3 -0.899023 -0.337707 0.309208
1 -0.898085 -0.334896 0.309467
1 -0.873898 -0.431063 0.30936
1 -0.817194 -0.540636 0.31669
3 -0.767259 -0.6898 0.321639
1 -0.813711 -0.576867 0.311805
4 -0.921451 -0.351707 0.30278
1 -0.899349 -0.230718 0.309156
1 -0.925785 -0.199275 0.309549
2 -0.911672 -0.228883 0.308932
2 -0.829752 -0.683857 0.305232
8 -0.702989 -1.05036 0.314957
1 -0.710681 -1.02196 0.315747
4 -0.81261 -0.831712 0.305032
7 -0.770278 -0.916303 0.308864
2 -0.774469 -0.71206 0.316697
5 -0.825389 -0.645255 0.311666
6 -0.900311 -0.384731 0.312837
4 -0.811971 -0.749911 0.31244
1 -0.824754 -0.811383 0.303609
2 -0.952301 -0.288972 0.30251
4 -0.804109 -0.591881 0.318493
1 -0.790744 -0.829698 0.307959
2 -0.749651 -1.01711 0.310345
1 -0.702719 -1.21798 0.31379
2 -0.66742 -1.47414 0.316346
4 -0.741628 -1.07866 0.31456
2 -0.823089 -0.655341 0.318131
2 -0.855937 -0.540693 0.312926
4 -0.819532 -0.740432 0.312173
1 -0.811653 -0.814172 0.313092
1 -0.816367 -0.863828 0.306875
2 -0.799664 -0.666084 0.315585
2 -0.797085 -0.712848 0.319526
2 -0.80784 -0.69839 0.313521
1 -0.836056 -0.689201 0.311891
5 -0.881056 -0.414591 0.311049
6 -0.756786 -0.896965 0.324918
3 -0.851819 -0.771531 0.314971
2 -0.870118 -0.552015 0.313969
4 -0.862916 -0.529791 0.312636
2 -0.893942 -0.556141 0.301051
5 -0.864032 -0.664178 0.304835
2 -0.871494 -0.505013 0.3017
1 -0.921248 -0.293823 0.295982
1 -0.813077 -0.543022 0.30922
3 -0.875265 -0.394074 0.302727
2 -0.878997 -0.451101 0.301276
3 -0.907837 -0.342717 0.30368
3 -0.785821 -0.828515 0.307577
2 -0.828015 -0.618577 0.311873
4 -0.83609 -0.548455 0.313211
1 -0.837236 -0.59273 0.313461
1 -0.914685 -0.339316 0.311504
1 -0.830272 -0.609558 0.315944
2 -0.813848 -0.651903 0.31564
1 -0.833247 -0.522065 0.314996
2 -0.852065 -0.65339 0.311251
1 -0.833046 -0.566336 0.31987
4 -0.737861 -0.926494 0.322144
11 -0.778057 -0.834117 0.318322
6 -0.832188 -0.620015 0.303754
3 -0.734394 -1.11564 0.315689
7 -0.862254 -0.644946 0.307069
3 -0.907009 -0.408244 0.305934
2 -0.938194 -0.231305 0.312711
4 -0.903086 -0.395721 0.312673
3 -0.860006 -0.502615 0.317182
1 -0.908628 -0.331316 0.312494
5 -0.89001 -0.58759 0.306025
6 -0.800156 -0.951598 0.304986
2 -0.793353 -0.891073 0.311928
2 -0.89701 -0.413365 0.306001
10 -0.905101 -0.324188 0.309387
4 -0.785624 -0.793084 0.317224
1 -0.874538 -0.404465 0.314646
3 -0.801873 -0.739253 0.313826
2 -0.832859 -0.591111 0.323156
1 -0.826501 -0.658927 0.31957
2 -0.777469 -0.715019 0.32875
1 -0.81338 -0.638257 0.318164
9 -0.801153 -0.698492 0.319827
2 -0.891978 -0.436803 0.312979
5 -0.898059 -0.506582 0.310328
5 -0.87349 -0.538267 0.311871
2 -0.895851 -0.342896 0.31651
1 -0.901873 -0.336209 0.313357
1 -0.917631 -0.369277 0.306868
4 -0.835465 -0.656162 0.309048
1 -0.8364 -0.574488 0.30827
3 -0.829372 -0.540316 0.313278
2 -0.801544 -0.456497 0.315991
1 -0.87923 -0.250247 0.312514
1 -0.901373 -0.398213 0.30988
4 -0.835434 -0.725889 0.30972
3 -0.882023 -0.575066 0.304884
5 -0.816233 -0.736294 0.314595
1 -0.820561 -0.658963 0.312806
2 -0.809397 -0.820671 0.307724
1 -0.857207 -0.685239 0.307856
3 -0.905818 -0.332513 0.311762
9 -0.823074 -0.644868 0.314989
3 -0.821575 -0.634769 0.304502
1 -0.849607 -0.580547 0.310222
1 -0.849118 -0.547755 0.308923
3 -0.856281 -0.638248 0.308956
1 -0.784369 -0.840129 0.316243
4 -0.855242 -0.472552 0.317219
1 -0.850101 -0.597453 0.318173
1 -0.883644 -0.707783 0.301695
3 -0.821222 -0.862295 0.30849
1 -0.824447 -0.94077 0.304513
1 -0.739066 -1.12019 0.312026
2 -0.727423 -1.07438 0.317603
4 -0.767248 -0.915846 0.311341
1 -0.834497 -0.747048 0.308733
2 -0.893591 -0.44201 0.308311
1 -0.828869 -0.61722 0.3124
2 -0.809106 -0.773698 0.313169
4 -0.807036 -0.827064 0.31228
1 -0.817032 -0.728932 0.306357
1 -0.837378 -0.687334 0.301867
1 -0.835161 -0.657251 0.304
2 -0.816625 -0.583489 0.310898
7 -0.823532 -0.581942 0.309816
5 -0.820899 -0.754758 0.31015
2 -0.791305 -0.958203 0.311512
2 -0.811511 -0.711613 0.310367
3 -0.817216 -0.612251 0.315084
1 -0.867364 -0.485262 0.308771
2 -0.794049 -0.766161 0.313595
1 -0.815588 -0.693711 0.31276
3 -0.836561 -0.592222 0.31305
4 -0.84881 -0.492354 0.315694
2 -0.811127 -0.638231 0.317388
2 -0.801898 -0.728833 0.311854
1 -0.908625 -0.282236 0.308389
1 -0.883234 -0.38301 0.310803
2 -0.812719 -0.639641 0.312665
2 -0.83864 -0.585709 0.315144
5 -0.867147 -0.553084 0.306988
1 -0.857197 -0.512065 0.311988
2 -0.856508 -0.463717 0.313956
2 -0.773356 -0.733244 0.319422
4 -0.751062 -1.01797 0.314305
1 -0.784167 -0.913376 0.310929
3 -0.832471 -0.803419 0.306677
2 -0.773951 -0.664516 0.321106
2 -0.861495 -0.420116 0.306359
1 -0.810363 -0.677288 0.313207
2 -0.757301 -0.766073 0.322162
1 -0.816329 -0.635797 0.310431
4 -0.802496 -0.761139 0.310152
1 -0.817638 -0.668774 0.311562
3 -0.846584 -0.46191 0.3141
1 -0.836503 -0.490011 0.310878
4 -0.754146 -0.907023 0.312703
4 -0.816732 -0.635124 0.315301
3 -0.81611 -0.703674 0.309048
1 -0.839399 -0.68808 0.302808
1 -0.798257 -0.771331 0.313186
1 -0.823884 -0.686866 0.309636
1 -0.830561 -0.675392 0.309202
1 -0.852233 -0.420488 0.316969
1 -0.847156 -0.436467 0.317592
1 -0.889698 -0.347789 0.310878
3 -0.833121 -0.578545 0.305437
2 -0.845968 -0.459971 0.313829
4 -0.914613 -0.275737 0.310369
1 -0.80051 -0.531752 0.320271
2 -0.756713 -0.864724 0.315913
7 -0.729039 -0.943988 0.31848
1 -0.769799 -0.900266 0.317669
3 -0.810208 -0.821088 0.314295
3 -0.789526 -0.924678 0.315053
2 -0.794621 -0.662984 0.315554
1 -0.746357 -1.08735 0.311651
3 -0.811861 -0.917915 0.308383
2 -0.834419 -0.73655 0.308646
4 -0.774857 -0.77703 0.318542
2 -0.810314 -0.63534 0.316234
5 -0.804213 -0.794927 0.306038
1 -0.804147 -0.697263 0.312941
5 -0.846012 -0.533471 0.312688
3 -0.844287 -0.601329 0.308417
2 -0.803259 -0.722746 0.312858
10 -0.897137 -0.496887 0.302272
5 -0.95314 -0.300361 0.296283
1 -0.937578 -0.246023 0.301561
1 -0.90344 -0.428723 0.303562
4 -0.871331 -0.533556 0.307139
1 -0.916145 -0.416294 0.30869
2 -0.904581 -0.44739 0.310931
2 -0.867245 -0.430832 0.311953
1 -0.975094 -0.16459 0.30292
2 -0.927984 -0.311525 0.304453
1 -0.922557 -0.423462 0.303113
6 -0.854227 -0.652476 0.304128
1 -0.848578 -0.728487 0.306747
3 -0.874978 -0.455861 0.315935
8 -0.848887 -0.603002 0.307859
2 -0.862255 -0.459564 0.311444
2 -0.816296 -0.728434 0.314562
11 -0.818935 -0.604912 0.314445
2 -0.798404 -0.654352 0.317625
6 -0.762859 -0.789948 0.317433
2 -0.713276 -1.07378 0.320753
1 -0.768419 -0.82803 0.316502
2 -0.854641 -0.598157 0.305846
3 -0.730691 -0.936545 0.314755
11 -0.909001 -0.469556 0.304069
1 -0.882153 -0.410887 0.306787
2 -0.895152 -0.420036 0.301739
1 -0.759446 -0.775785 0.314651
6 -0.689005 -1.107 0.317694
1 -0.700918 -1.48935 0.30622
2 -0.779849 -0.774212 0.306356
2 -0.861302 -0.439961 0.306658
5 -0.850548 -0.543456 0.30875
3 -0.913855 -0.303054 0.308257
4 -0.907456 -0.427689 0.304707
1 -0.93113 -0.266342 0.303874
1 -0.912507 -0.303483 0.301868
3 -0.896214 -0.475325 0.296787
5 -0.77631 -0.859843 0.308749
2 -0.768182 -0.88628 0.307496
4 -0.744732 -0.858859 0.320269
4 -0.769958 -0.912992 0.316627
1 -0.799209 -0.656863 0.32007
4 -0.888397 -0.449106 0.314332
1 -0.759191 -0.930963 0.321823
1 -0.812235 -0.759847 0.311216
3 -0.851687 -0.700832 0.306279
1 -0.821181 -0.80942 0.309918
4 -0.819673 -0.809582 0.308627
4 -0.792891 -0.900909 0.307887
2 -0.740093 -1.15373 0.310914
1 -0.90223 -0.540847 0.306921
2 -0.863819 -0.490566 0.308872
1 -0.875713 -0.464126 0.310702
2 -0.902613 -0.344225 0.307718
7 -0.820105 -0.617892 0.316804
10 -0.874954 -0.373649 0.310366
1 -0.903582 -0.440205 0.303923
3 -0.902305 -0.474542 0.305252
2 -0.84659 -0.620651 0.311403
1 -0.854818 -0.615035 0.309725
4 -0.946995 -0.325074 0.299528
11 -0.895229 -0.45611 0.308031
1 -0.905658 -0.398096 0.309002
2 -0.90263 -0.362583 0.308359
4 -0.904162 -0.355653 0.304759
3 -0.8976 -0.331912 0.304598
1 -0.910669 -0.301427 0.307072
1 -0.758803 -0.808748 0.315617
2 -0.847538 -0.567895 0.309466
1 -0.936044 -0.31008 0.306818
4 -1.01182 -0.189299 0.294258
3 -0.871433 -0.607009 0.307088
2 -0.737856 -1.22824 0.311037
2 -0.822044 -0.872363 0.305162
3 -0.808195 -0.885604 0.306371
3 -0.748755 -1.02052 0.314881
9 -0.852721 -0.758846 0.306832
2 -0.952044 -0.174839 0.307251
2 -0.89973 -0.420709 0.306098
3 -0.849791 -0.658352 0.305738
3 -0.800216 -0.736402 0.311021
3 -0.820869 -0.572337 0.320551
4 -0.782688 -0.707009 0.322705
2 -0.943183 -0.193595 0.305587
12 -0.833735 -0.534 0.315047
1 -0.816953 -0.536744 0.319369
7 -0.831115 -0.465845 0.320686
8 -0.801911 -0.605735 0.322606
1 -0.764509 -0.848621 0.321887
2 -0.880369 -0.533353 0.31635
4 -0.906203 -0.316419 0.31556
1 -0.858057 -0.625119 0.307758
4 -0.855463 -0.643992 0.307083
6 -0.756366 -1.03187 0.312822
2 -0.805573 -0.84278 0.31182
1 -0.728508 -1.0719 0.317089
1 -0.873364 -0.208994 0.321453
1 -0.913378 -0.369679 0.300754
3 -0.954272 -0.211701 0.298733
4 -0.757884 -0.907131 0.313269
1 -0.788119 -0.753762 0.312922
1 -0.843248 -0.426672 0.319226
4 -0.828843 -0.576138 0.308252
1 -0.856967 -0.572977 0.302771
1 -0.856155 -0.560372 0.304851
1 -0.791636 -0.794252 0.318415
2 -0.882482 -0.55859 0.312459
1 -0.796958 -0.991631 0.311813
2 -0.800299 -0.882155 0.314092
5 -0.843771 -0.627159 0.31142
2 -0.741838 -0.931483 0.315727
4 -0.776674 -0.742079 0.321351
2 -0.835289 -0.521755 0.320919
2 -0.905475 -0.2544 0.315606
1 -0.868711 -0.390017 0.319942
1 -0.920673 -0.408156 0.306009
2 -0.848027 -0.676218 0.305395
2 -0.839134 -0.711786 0.307999
5 -0.828174 -0.723713 0.310834
3 -0.824373 -0.592586 0.318102
1 -0.812754 -0.650661 0.315289
4 -0.775316 -0.930965 0.30468
1 -0.727105 -1.1484 0.308842
2 -0.757527 -0.984697 0.307404
4 -0.855097 -0.59589 0.308496
3 -0.855185 -0.538423 0.308347
2 -0.843956 -0.626806 0.307819
9 -0.843397 -0.572695 0.310351
2 -0.849842 -0.593053 0.30917
4 -0.92997 -0.408737 0.302374
1 -0.782318 -0.982023 0.308243
1 -0.775277 -0.944105 0.314776
2 -0.770026 -0.840227 0.323768
1 -0.810575 -0.772188 0.319255
5 -0.825065 -0.75334 0.316237
1 -0.809896 -0.799253 0.315525
3 -0.826895 -0.701204 0.317776
1 -0.82504 -0.670147 0.309959
1 -0.752093 -0.761146 0.317747
2 -0.871886 -0.403755 0.313064
2 -0.917263 -0.276731 0.312279
5 -0.897781 -0.406682 0.308292
1 -0.878686 -0.563095 0.304925
1 -0.821925 -0.787152 0.311386
6 -0.824461 -0.646183 0.310072
13 -0.810176 -0.630094 0.311892
1 -0.769989 -0.824006 0.312684
3 -0.730032 -0.988336 0.316734
3 -0.807145 -0.709747 0.316308
1 -0.80989 -0.79481 0.309997
2 -0.80562 -0.720788 0.318108
4 -0.788213 -0.775076 0.314553
2 -0.91392 -0.340323 0.30521
5 -0.906513 -0.417796 0.308996
1 -0.839367 -0.572898 0.313236
2 -0.784299 -0.765668 0.316228
1 -0.822571 -0.847546 0.306331
2 -0.855148 -0.733195 0.306803
4 -0.794275 -0.728361 0.319324
3 -0.767571 -0.983915 0.320283
5 -0.79831 -0.944755 0.312197
1 -0.775854 -0.955483 0.305342
5 -0.715762 -1.14444 0.31135
2 -0.750977 -1.08279 0.31271
1 -0.742485 -1.0258 0.320677
6 -0.787529 -0.881434 0.319407
1 -0.82071 -0.697785 0.310998
1 -0.861948 -0.580994 0.301688
2 -0.862344 -0.573625 0.30224
1 -0.831973 -0.706592 0.30828
2 -0.750572 -1.0379 0.314093
2 -0.926711 -0.404772 0.306315
1 -0.93838 -0.420807 0.30394
4 -0.85379 -0.655783 0.306135
1 -0.806257 -0.656487 0.316943
2 -0.800676 -0.610688 0.312704
10 -0.842149 -0.533664 0.30894
2 -0.853759 -0.490783 0.306867
1 -0.850457 -0.47826 0.310019
1 -0.852068 -0.435442 0.314439
1 -0.818031 -0.587838 0.315074
2 -0.816933 -0.716804 0.31586
1 -0.869176 -0.517598 0.311012
1 -0.802693 -0.723043 0.312899
6 -0.826936 -0.660453 0.315817
6 -0.905704 -0.503534 0.310963
1 -0.880595 -0.503318 0.311337
1 -0.828176 -0.617782 0.317753
1 -0.811809 -0.674218 0.319671
8 -0.72559 -0.910196 0.325559
3 -0.704422 -1.0933 0.321559
1 -0.729675 -1.0327 0.320738
1 -0.778257 -0.828047 0.310879
6 -0.814807 -0.724961 0.310818
2 -0.803361 -0.722577 0.317288
3 -0.8341 -0.73028 0.307126
2 -0.815229 -0.804275 0.310098
5 -0.833742 -0.740993 0.307832
1 -0.875109 -0.539789 0.303552
1 -0.890756 -0.525293 0.301278
5 -0.845442 -0.687615 0.304584
2 -0.926346 -0.367425 0.300571
1 -0.891151 -0.441678 0.307981
2 -0.754583 -0.889262 0.315011
3 -0.828942 -0.6048 0.312878
3 -0.876081 -0.434665 0.308708
9 -0.880073 -0.407186 0.318305
4 -0.931851 -0.227725 0.313757
3 -0.840024 -0.588289 0.303651
1 -0.821616 -0.708716 0.302857
2 -0.830081 -0.677942 0.302623
1 -0.836588 -0.615068 0.305084
3 -0.87311 -0.353324 0.307601
1 -0.872016 -0.309585 0.312993
1 -0.816734 -0.683052 0.315226
1 -0.904465 -0.313816 0.313473
3 -0.878306 -0.460699 0.313118
1 -0.840627 -0.496873 0.310453
1 -0.855986 -0.570438 0.304389
1 -0.73932 -1.11217 0.309603
3 -0.70565 -1.11094 0.320368
2 -0.741135 -1.01706 0.32117
2 -0.770591 -0.994845 0.313027
2 -0.914248 -0.427753 0.307328
2 -0.931471 -0.445851 0.302603
8 -0.967404 -0.30173 0.298191
2 -0.93531 -0.346502 0.308768
7 -0.90134 -0.709174 0.306365
1 -0.83805 -0.737417 0.307679
1 -0.826604 -0.552338 0.318553
6 -0.874051 -0.354046 0.314436
4 -0.829965 -0.638567 0.309786
1 -0.8741 -0.296982 0.315245
2 -0.890885 -0.251344 0.316936
5 -0.83851 -0.416823 0.319664
3 -0.8737 -0.460628 0.313553
1 -0.853247 -0.570125 0.313027
1 -0.855936 -0.48576 0.311362
7 -0.814666 -0.566358 0.31863
1 -0.825639 -0.720821 0.315479
4 -0.800091 -0.789461 0.314123
3 -0.835177 -0.591278 0.314118
2 -0.813508 -0.477931 0.318902
2 -0.834022 -0.398888 0.31644
1 -0.928329 -0.243591 0.304188
5 -0.919199 -0.353376 0.308457
1 -0.943711 -0.254452 0.306474
2 -0.884721 -0.392126 0.310709
1 -0.924883 -0.114129 0.308508
2 -0.78975 -0.643454 0.311612
1 -0.78752 -0.80971 0.312269
1 -0.832654 -0.758874 0.306547
4 -0.886519 -0.566178 0.305091
1 -0.93616 -0.450374 0.298796
5 -0.902388 -0.492301 0.301907
5 -0.923849 -0.486518 0.299065
3 -0.916586 -0.376045 0.308627
5 -0.888238 -0.445268 0.308874
1 -0.823489 -0.781807 0.314928
4 -0.950808 -0.379241 0.298569
1 -0.951886 -0.381802 0.298935
4 -0.935847 -0.338959 0.298674
1 -0.867103 -0.501225 0.309247
4 -0.846743 -0.559478 0.310908
2 -0.841799 -0.566541 0.309547
1 -0.863405 -0.471164 0.311535
1 -0.866039 -0.517523 0.310287
4 -0.899476 -0.403951 0.308609
2 -0.890616 -0.308297 0.310548
11 -0.932595 -0.396549 0.302449
5 -0.882236 -0.317563 0.310437
2 -0.908566 -0.367629 0.308457
1 -0.898128 -0.372348 0.308282
4 -0.809309 -0.473038 0.318361
3 -0.884237 -0.520625 0.304127
2 -0.812954 -0.775706 0.312617
2 -0.861735 -0.606095 0.309662
1 -0.860141 -0.602641 0.310512
2 -0.810992 -0.680069 0.317635
1 -0.776149 -0.777584 0.317274
10 -0.845131 -0.441256 0.313955
2 -0.844064 -0.746783 0.299826
9 -0.820412 -0.745561 0.307746
3 -0.729144 -1.01965 0.316193
3 -0.749451 -1.01245 0.311675
2 -0.70995 -1.07775 0.321809
1 -0.845628 -0.593191 0.304444
1 -0.83471 -0.701304 0.301623
1 -0.782688 -0.922131 0.304433
1 -0.777488 -0.908602 0.306413
3 -0.865854 -0.39491 0.315532
1 -0.860037 -0.471253 0.314637
2 -0.68481 -1.10425 0.321935
6 -0.812418 -0.582059 0.314743
3 -0.768155 -0.79543 0.312833
1 -0.725396 -0.976609 0.31829
4 -0.813045 -0.69479 0.317883
4 -0.830881 -0.706305 0.312512
1 -0.911843 -0.408492 0.309403
2 -0.934139 -0.362467 0.301811
13 -0.934842 -0.307446 0.307413
4 -0.934709 -0.287507 0.307206
2 -0.877201 -0.644804 0.305628
4 -0.930563 -0.331458 0.30658
5 -0.863114 -0.562616 0.311307
1 -0.804433 -0.804777 0.312913
2 -0.783886 -0.907055 0.312595
2 -0.72807 -1.11641 0.31629
5 -0.776436 -0.703956 0.324715
4 -0.790892 -0.721984 0.319501
2 -0.949357 -0.218494 0.309122
1 -0.933162 -0.319735 0.306447
1 -0.866725 -0.383654 0.317511
1 -0.81425 -0.551556 0.324804
1 -0.865007 -0.377446 0.32275
1 -0.90554 -0.221925 0.316619
16 -0.807379 -0.662953 0.313505
1 -0.790821 -0.682605 0.315516
4 -0.874127 -0.502143 0.304349
1 -0.908282 -0.307924 0.30738
5 -0.88414 -0.401134 0.308441
12 -0.886717 -0.351648 0.311767
1 -0.904147 -0.42056 0.312499
5 -0.804921 -0.667234 0.319093
2 -0.861362 -0.487603 0.314236
7 -0.811186 -0.644659 0.317135
2 -0.851789 -0.616711 0.307542
4 -0.838788 -0.5689 0.311043
2 -0.799262 -0.690092 0.316203
3 -0.791058 -0.710344 0.313825
2 -0.740284 -0.911197 0.318013
7 -0.750804 -0.850975 0.315768
1 -0.771167 -0.828311 0.313866
2 -0.787069 -0.776965 0.320825
4 -0.787037 -0.798896 0.318597
8 -0.812488 -0.736692 0.31583
2 -0.81794 -0.689591 0.316905
2 -0.852841 -0.679549 0.30517
4 -0.839917 -0.641399 0.31591
2 -0.780466 -0.654493 0.319499
2 -0.78676 -0.627878 0.319485
1 -0.837133 -0.500096 0.316165
3 -0.830831 -0.562504 0.316508
9 -0.842937 -0.683427 0.310758
3 -0.833607 -0.719535 0.307144
3 -0.92894 -0.309405 0.304686
1 -0.965231 -0.109666 0.30698
1 -0.897092 -0.26486 0.306489
2 -0.832449 -0.667381 0.305264
1 -0.84961 -0.59699 0.309318
1 -0.847022 -0.575373 0.310607
3 -0.865309 -0.49207 0.310818
1 -0.824292 -0.807869 0.307114
2 -0.832384 -0.65142 0.3064
3 -0.782956 -0.766947 0.309195
5 -0.796857 -0.622502 0.31587
4 -0.808479 -0.598253 0.315355
1 -0.869695 -0.512819 0.31241
1 -0.863934 -0.517935 0.313049
2 -0.845594 -0.651381 0.307233
3 -0.858455 -0.546585 0.308391
2 -0.851109 -0.548549 0.311385
2 -0.855707 -0.51078 0.312352
5 -0.873881 -0.489257 0.310377
1 -0.913511 -0.369819 0.305078
2 -0.938158 -0.274981 0.305717
1 -0.830077 -0.586678 0.305121
5 -0.790144 -0.625693 0.317536
2 -0.810994 -0.577651 0.31447
6 -0.839266 -0.616199 0.308212
1 -0.81582 -0.614458 0.315259
3 -0.815834 -0.634911 0.313791
1 -0.817193 -0.634894 0.313245
4 -0.875503 -0.432381 0.310937
2 -0.80884 -0.578225 0.325299
1 -0.844267 -0.547625 0.319796
4 -0.848541 -0.555675 0.318152
1 -0.789048 -0.691563 0.319406
5 -0.901151 -0.378683 0.311202
4 -0.873007 -0.448069 0.313419
9 -0.880744 -0.4354 0.311902
5 -0.82139 -0.698036 0.313698
2 -0.845221 -0.594732 0.310781
3 -0.817362 -0.606929 0.315401
2 -0.815038 -0.613382 0.315432
1 -0.784232 -0.80898 0.319964
1 -0.873006 -0.446016 0.318567
5 -0.876846 -0.391591 0.318005
3 -0.810292 -0.631708 0.315399
2 -0.827137 -0.737091 0.312643
1 -0.754311 -1.06188 0.306827
1 -0.700456 -1.25856 0.312954
4 -0.811959 -0.680254 0.315766
3 -0.904951 -0.3203 0.31805
3 -0.867976 -0.499701 0.316465
3 -0.908316 -0.40272 0.307658
3 -0.853748 -0.47365 0.310125
3 -0.810989 -0.715169 0.309191
1 -0.798317 -0.653385 0.315869
1 -0.795617 -0.763564 0.319008
6 -0.797598 -0.889094 0.314176
1 -0.806109 -0.816586 0.31161
1 -0.774004 -0.939345 0.309353
3 -0.863783 -0.652327 0.304278
5 -0.930593 -0.439667 0.294153
1 -0.762398 -0.936306 0.30659
1 -0.833583 -0.797131 0.305921
3 -0.83904 -0.823924 0.30536
5 -0.830086 -0.868852 0.305666
1 -0.782159 -0.922706 0.304314
2 -0.823998 -0.660825 0.313881
3 -0.767997 -0.858845 0.312976
7 -0.790839 -0.731698 0.316189
1 -0.797711 -0.683066 0.317642
1 -0.850224 -0.519544 0.313639
2 -0.806457 -0.654101 0.31732
5 -0.686875 -1.11154 0.322908
1 -0.868161 -0.502579 0.307904
3 -0.933177 -0.209371 0.309558
1 -0.884887 -0.318784 0.310176
2 -0.883489 -0.274638 0.310488
4 -0.917326 -0.222579 0.307326
12 -0.889599 -0.339521 0.306354
3 -0.869851 -0.418324 0.304062
3 -0.91681 -0.158703 0.313792
4 -0.830192 -0.470382 0.314428
1 -0.852051 -0.477601 0.31225
5 -0.860995 -0.498624 0.3121
3 -0.725438 -0.995587 0.316669
3 -0.706632 -1.05147 0.31963
3 -0.76309 -0.76035 0.318751
1 -0.827652 -0.49497 0.318368
1 -0.782203 -0.674244 0.321452
3 -0.791646 -0.632351 0.321553
1 -0.767464 -0.643609 0.322531
6 -0.819429 -0.63897 0.318589
3 -0.905486 -0.225141 0.319969
5 -0.839246 -0.586668 0.319686
2 -0.870837 -0.326503 0.319515
2 -0.884507 -0.384041 0.30835
14 -0.885442 -0.524048 0.308853
6 -0.833789 -0.561617 0.317549
4 -0.807956 -0.622621 0.318539
6 -0.806424 -0.732885 0.31205
2 -0.784441 -0.757334 0.313818
7 -0.775621 -0.879426 0.323424
3 -0.877464 -0.316842 0.319754
5 -0.875575 -0.275708 0.316665
1 -0.729154 -0.945856 0.318743
1 -0.838281 -0.713872 0.31283
3 -0.956149 -0.279608 0.299892
1 -0.965682 -0.290273 0.298781
3 -0.953414 -0.226737 0.306081
1 -0.894297 -0.400263 0.311214
2 -0.782051 -0.87625 0.313997
6 -0.739429 -0.984059 0.320386
4 -0.813366 -0.669113 0.315767
2 -0.802046 -0.75809 0.314891
3 -0.778695 -0.814904 0.317403
1 -0.86142 -0.58725 0.30608
4 -0.889918 -0.441419 0.305704
1 -0.847151 -0.481068 0.31647
2 -0.890553 -0.401808 0.307185
3 -0.795394 -0.674721 0.309264
1 -0.836116 -0.561199 0.305667
1 -0.868368 -0.515555 0.311022
2 -0.807547 -0.73478 0.316501
2 -0.802259 -0.69638 0.318273
1 -0.821491 -0.640436 0.319312
3 -0.843285 -0.601694 0.315099
2 -0.889814 -0.37917 0.312814
1 -0.815253 -0.666398 0.315852
11 -0.884437 -0.475368 0.306969
1 -0.896688 -0.422022 0.308052
2 -0.877887 -0.468913 0.308735
4 -0.783659 -0.913475 0.311339
2 -0.882918 -0.557219 0.305596
7 -0.89363 -0.476395 0.307126
3 -0.935988 -0.302244 0.311792
2 -0.829847 -0.570945 0.318472
1 -0.848846 -0.530875 0.313225
7 -0.83015 -0.597362 0.315008
1 -0.861373 -0.505536 0.312176
2 -0.821625 -0.480902 0.323069
3 -0.824275 -0.781045 0.311992
2 -0.891569 -0.362561 0.310537
3 -0.877156 -0.435035 0.307565
2 -0.918952 -0.341778 0.302788
6 -0.84022 -0.659283 0.305267
1 -0.831954 -0.680529 0.305968
1 -0.849888 -0.606566 0.305013
4 -0.886284 -0.44036 0.303789
4 -0.80787 -0.779288 0.309897
3 -0.749426 -0.803608 0.319915
2 -0.741294 -0.863782 0.322855
4 -0.791086 -0.6392 0.318106
3 -0.778364 -0.87877 0.309345
1 -0.798608 -0.80537 0.308836
9 -0.806464 -0.689998 0.307225
2 -0.78854 -0.730269 0.308694
1 -0.81625 -0.623473 0.309296
3 -0.827204 -0.660746 0.305882
1 -0.822457 -0.628621 0.304447
4 -0.879489 -0.368723 0.309926
1 -0.888306 -0.313824 0.311266
1 -0.815925 -0.619286 0.313049
6 -0.807886 -0.723312 0.310774
3 -0.72227 -1.02702 0.318733
6 -0.676126 -1.07343 0.329876
2 -0.683324 -0.987938 0.32788
1 -0.863727 -0.420547 0.322626
3 -0.883427 -0.414976 0.317375
1 -0.896059 -0.352299 0.31737
2 -0.884341 -0.507662 0.309248
3 -0.820882 -0.633098 0.314273
2 -0.781918 -0.691846 0.31661
3 -0.76164 -0.797252 0.314165
1 -0.80474 -0.607201 0.310178
2 -0.840495 -0.59513 0.311376
2 -0.905335 -0.283105 0.310519
3 -0.856284 -0.472067 0.314572
3 -0.828936 -0.573906 0.314628
11 -0.877473 -0.531522 0.306983
1 -0.946577 -0.279427 0.301767
2 -0.947599 -0.36388 0.294849
2 -0.853335 -0.60687 0.312792
2 -0.851781 -0.621711 0.312072
1 -0.857359 -0.595579 0.314461
2 -0.857916 -0.688846 0.31513
1 -0.954322 -0.34033 0.304304
1 -0.942718 -0.384424 0.304406
5 -0.870714 -0.553358 0.313427
3 -0.949212 -0.206502 0.305906
2 -0.9065 -0.34754 0.308012
2 -0.911369 -0.369416 0.308544
1 -0.829134 -0.763148 0.311502
3 -0.871138 -0.385615 0.313885
1 -0.783542 -0.843002 0.313359
3 -0.821631 -0.71967 0.307244
3 -0.928641 -0.346059 0.31089
9 -0.946161 -0.197692 0.310519
4 -0.944782 -0.286133 0.306683
1 -0.912 -0.423539 0.309737
2 -0.895321 -0.474356 0.3077
1 -0.917098 -0.358704 0.302165
3 -0.937114 -0.232382 0.302142
5 -0.859973 -0.577712 0.310967
4 -0.808871 -0.691804 0.314847
1 -0.810901 -0.71074 0.311106
1 -0.755164 -0.755441 0.318333
1 -0.845459 -0.31987 0.321081
1 -0.902572 -0.172909 0.315894
4 -0.772275 -0.913609 0.315649
10 -0.77794 -0.806472 0.318283
2 -0.784066 -0.834822 0.315895
2 -0.851842 -0.586477 0.309251
1 -0.83574 -0.585231 0.316391
1 -0.827927 -0.610858 0.31085
2 -0.906637 -0.426394 0.308086
2 -0.911089 -0.344228 0.309168
4 -0.815978 -0.710723 0.308951
7 -0.849864 -0.534776 0.310795
1 -0.831717 -0.70056 0.308184
3 -0.87782 -0.477003 0.301002
2 -0.909251 -0.38714 0.304271
1 -0.906865 -0.447427 0.295994
1 -0.895743 -0.475649 0.296432
1 -0.913744 -0.459239 0.298128
2 -0.831827 -0.657376 0.311546
2 -0.85344 -0.591277 0.309412
2 -0.84611 -0.729796 0.305249
5 -0.701005 -1.03798 0.316263
5 -0.748244 -0.977979 0.314408
2 -0.882686 -0.449878 0.311325
2 -0.863181 -0.473063 0.314725
1 -0.825024 -0.430928 0.321558
3 -0.880241 -0.459148 0.313007
2 -0.808805 -0.780547 0.30814
1 -0.862893 -0.734017 0.303101
8 -0.849749 -0.718375 0.303233
1 -0.832195 -0.749254 0.30539
3 -0.870182 -0.532197 0.30899
2 -0.800656 -0.819787 0.303242
3 -0.801554 -0.717064 0.314451
1 -0.800054 -0.777811 0.310911
2 -0.813002 -0.685952 0.310365
11 -0.818087 -0.721012 0.313909
1 -0.820045 -0.712877 0.314107
6 -0.860076 -0.559217 0.305577
3 -0.860161 -0.423667 0.313007
1 -0.904934 -0.262301 0.315916
3 -0.969649 -0.187837 0.308766
4 -0.911016 -0.421169 0.30778
1 -0.87399 -0.557437 0.312854
9 -0.813059 -0.781456 0.313721
1 -0.85079 -0.580394 0.312445
2 -0.783149 -0.755086 0.324301
1 -0.877708 -0.509758 0.313116
4 -0.841205 -0.60425 0.311903
1 -0.899874 -0.445207 0.306729
4 -0.834526 -0.434289 0.321375
4 -0.783744 -0.852764 0.317448
1 -0.759549 -0.858093 0.32136
1 -0.748611 -0.863719 0.320476
1 -0.82964 -0.726138 0.312
5 -0.848693 -0.646588 0.306538
6 -0.805853 -0.753344 0.316152
1 -0.729488 -1.15251 0.322097
2 -0.763257 -1.15714 0.312558
3 -0.812963 -0.991878 0.303911
2 -0.773339 -0.904411 0.31359
1 -0.820473 -0.778007 0.304771
2 -0.898467 -0.301907 0.301355
2 -0.730553 -0.884178 0.315348
1 -0.787599 -0.743898 0.306029
8 -0.74324 -0.965964 0.313904
4 -0.806245 -0.733869 0.312519
3 -0.840901 -0.574939 0.306171
1 -0.875931 -0.612629 0.308309
4 -0.81894 -0.733376 0.314889
2 -0.851052 -0.657671 0.30866
2 -0.792555 -0.732264 0.310112
1 -0.814526 -0.67696 0.305944
2 -0.866678 -0.512366 0.305652
2 -0.953876 -0.241576 0.300706
6 -0.86545 -0.57445 0.314222
2 -0.80014 -0.805344 0.315259
2 -0.870713 -0.600596 0.314264
1 -0.80637 -0.746932 0.320222
1 -0.913596 -0.514659 0.299321
1 -0.924691 -0.364205 0.299717
1 -0.91649 -0.312438 0.308834
5 -0.869284 -0.41075 0.312061
1 -0.766996 -0.765523 0.318632
3 -0.75831 -0.79191 0.3188
3 -0.80819 -0.724485 0.315105
3 -0.880426 -0.417636 0.309671
2 -0.758526 -0.755995 0.315545
2 -0.697961 -1.01239 0.323175
5 -0.75576 -0.913961 0.315589
7 -0.821047 -0.694591 0.31391
3 -0.769251 -0.819797 0.312188
5 -0.847991 -0.526341 0.310392
3 -0.845797 -0.632956 0.304109
2 -0.893696 -0.454487 0.308645
2 -0.823321 -0.559747 0.315329
4 -0.870157 -0.417469 0.310801
2 -0.875812 -0.418129 0.30983
11 -0.877187 -0.452937 0.313361
9 -0.908002 -0.415847 0.302134
1 -0.898946 -0.365814 0.301588
1 -0.824535 -0.636185 0.315835
6 -0.863078 -0.410328 0.314073
3 -0.931742 -0.264786 0.308722
6 -0.785649 -0.818208 0.319053
3 -0.748597 -0.978001 0.318768
1 -0.833726 -0.707433 0.310128
1 -0.801622 -0.679835 0.321962
1 -0.808999 -0.679694 0.319447
1 -0.87741 -0.464969 0.312353
3 -0.835828 -0.453574 0.322371
2 -0.842675 -0.545199 0.313661
2 -0.806583 -0.702428 0.313268
1 -0.833166 -0.578676 0.308798
3 -0.83952 -0.55368 0.307179
6 -0.82559 -0.546789 0.312906
1 -0.796542 -0.699301 0.311303
5 -0.826962 -0.589422 0.308743
6 -0.888344 -0.502051 0.309095
10 -0.859512 -0.562178 0.308252
1 -0.854635 -0.661621 0.30246
1 -0.920838 -0.373465 0.309583
1 -0.814277 -0.657012 0.315215
5 -0.788123 -0.777519 0.317307
3 -0.856372 -0.677951 0.311935
1 -0.907021 -0.427955 0.308909
1 -0.836452 -0.501177 0.323403
4 -0.858569 -0.431734 0.319734
3 -0.792317 -0.865418 0.310882
1 -0.874442 -0.511629 0.31072
4 -0.878591 -0.481847 0.30975
1 -0.884555 -0.366974 0.309797
2 -0.820278 -0.697868 0.318374
3 -0.798052 -0.64828 0.32149
3 -0.887388 -0.489448 0.306546
3 -0.872678 -0.41205 0.314469
4 -0.837465 -0.579301 0.313573
1 -0.799427 -0.578533 0.319653
1 -0.798692 -0.670044 0.316931
6 -0.927995 -0.276747 0.30548
2 -0.882783 -0.451702 0.308376
1 -0.886524 -0.430285 0.302085
1 -0.867825 -0.604703 0.3032
3 -0.83391 -0.614418 0.310564
2 -0.840089 -0.586035 0.310316
3 -0.864405 -0.716938 0.305865
3 -0.802925 -0.895207 0.313646
1 -0.842156 -0.865739 0.305932
2 -0.876657 -0.687754 0.299006
1 -0.806202 -0.772024 0.311371
4 -0.811851 -0.649753 0.312234
4 -0.85846 -0.474995 0.314525
3 -0.825566 -0.652469 0.314149
6 -0.778196 -0.93396 0.312974
5 -0.825811 -0.714322 0.310126
2 -0.885748 -0.460999 0.308668
1 -0.861045 -0.456021 0.311963
2 -0.901315 -0.443738 0.301676
5 -0.905231 -0.396835 0.312178
3 -0.860235 -0.53574 0.30538
3 -0.834493 -0.565638 0.311622
1 -0.86897 -0.464224 0.316647
5 -0.877283 -0.580023 0.31193
2 -0.831469 -0.600716 0.312554
3 -0.958002 -0.263006 0.30532
1 -0.88597 -0.405444 0.313589
3 -0.915398 -0.304217 0.310665
4 -0.856306 -0.46025 0.321846
1 -0.812343 -0.521681 0.318078
1 -0.791907 -0.614378 0.317722
1 -0.859292 -0.504426 0.308269
9 -0.798923 -0.6892 0.320237
5 -0.818736 -0.667977 0.318363
4 -0.762111 -0.865586 0.319154
2 -0.787893 -0.607777 0.32059
3 -0.783611 -0.582075 0.327014
3 -0.816601 -0.441855 0.320888
2 -0.72412 -0.891579 0.325561
2 -0.742318 -0.851633 0.316747
1 -0.880054 -0.619588 0.307557
1 -0.869151 -0.706126 0.301584
3 -0.820358 -0.636822 0.311495
2 -0.90523 -0.446774 0.30379
6 -0.839736 -0.637073 0.310894
2 -0.853447 -0.516005 0.310461
1 -0.802066 -0.783241 0.313151
1 -0.817861 -0.682223 0.313048
2 -0.786815 -0.795488 0.313263
3 -0.835081 -0.831094 0.303727
1 -0.814509 -0.903223 0.312049
1 -0.883801 -0.552417 0.306159
3 -0.85777 -0.361391 0.316832
2 -0.834095 -0.532226 0.308436
4 -0.900228 -0.360247 0.306595
3 -0.916292 -0.367646 0.309963
2 -0.889017 -0.301874 0.311573
2 -0.843846 -0.588889 0.309103
1 -0.803898 -0.698266 0.317485
8 -0.770788 -0.753353 0.319621
5 -0.820432 -0.548205 0.315428
1 -0.877362 -0.463255 0.301769
1 -0.734006 -0.977125 0.321996
2 -0.713844 -1.12509 0.318796
1 -0.804178 -0.550444 0.321235
3 -0.812385 -0.604144 0.313607
3 -0.838047 -0.603145 0.320076
1 -0.825849 -0.623265 0.320425
2 -0.829852 -0.594412 0.317485
2 -0.824172 -0.699127 0.31664
1 -0.867069 -0.323213 0.314721
4 -0.938268 -0.233676 0.300509
5 -0.932867 -0.223501 0.306494
1 -0.847099 -0.501073 0.306065
10 -0.804476 -0.693455 0.312184
5 -0.73963 -0.87603 0.315806
4 -0.824962 -0.740245 0.312469
4 -0.781436 -0.827858 0.31119
1 -0.804373 -0.752712 0.308042
2 -0.800665 -0.772237 0.310307
5 -0.814928 -0.79718 0.305362
3 -0.780107 -0.888114 0.309208
2 -0.863565 -0.669256 0.304935
9 -0.840368 -0.635525 0.310215
1 -0.828285 -0.61266 0.317936
1 -0.859599 -0.497973 0.311579
3 -0.797391 -0.760444 0.310874
6 -0.758789 -0.958323 0.313232
2 -0.806294 -0.782265 0.313397
2 -0.808411 -0.801853 0.312048
2 -0.796552 -0.781662 0.316027
2 -0.830065 -0.702665 0.308567
1 -0.773978 -0.843018 0.313704
2 -0.895824 -0.542707 0.305737
1 -0.846925 -0.561672 0.313434
1 -0.880615 -0.450333 0.307734
3 -0.807792 -0.686255 0.315083
6 -0.80113 -0.716291 0.315303
1 -0.842851 -0.631367 0.314605
2 -0.792767 -0.759596 0.313717
1 -0.848473 -0.68 0.305944
2 -0.850605 -0.649307 0.306868
1 -0.834307 -0.622303 0.307855
2 -0.786278 -0.8255 0.315732
5 -0.767008 -0.814868 0.316262
2 -0.803955 -0.756398 0.311162
5 -0.829165 -0.67659 0.307557
3 -0.957377 -0.228113 0.307015
3 -0.884573 -0.438024 0.30985
4 -0.89304 -0.285545 0.317588
1 -0.838542 -0.569997 0.317385
4 -0.78963 -0.81483 0.316659
5 -0.747971 -0.978735 0.316802
1 -0.785523 -0.698847 0.316109
1 -0.837334 -0.652792 0.308338
4 -0.7314 -0.933272 0.320109
2 -0.760862 -0.880701 0.320776
1 -0.857207 -0.500651 0.310488
2 -0.866129 -0.68313 0.308484
1 -0.836406 -0.500775 0.308426
4 -0.94128 -0.0824394 0.313199
1 -0.805739 -0.594215 0.322511
3 -0.820822 -0.74503 0.311447
2 -0.760813 -0.953366 0.319974
3 -0.750021 -1.0298 0.318502
1 -0.737326 -1.15558 0.311111
2 -0.872181 -0.576382 0.307373
1 -0.885688 -0.546133 0.305901
2 -0.877511 -0.530814 0.301159
4 -0.84009 -0.550065 0.308016
1 -0.88704 -0.547703 0.301764
7 -0.906359 -0.222939 0.314601
5 -0.838808 -0.484651 0.317331
1 -0.854039 -0.39812 0.322313
1 -0.837474 -0.501813 0.317714
2 -0.851509 -0.430217 0.306096
5 -0.785409 -0.615276 0.315216
2 -0.830234 -0.461901 0.315957
1 -0.810304 -0.614115 0.313013
1 -0.993836 0.0415447 0.301434
7 -0.835158 -0.596678 0.304892
2 -0.835608 -0.670474 0.309044
2 -0.810545 -0.787912 0.309716
1 -0.78905 -0.700416 0.313687
2 -0.83089 -0.534972 0.313326
1 -0.883732 -0.481957 0.304895
4 -0.845627 -0.55225 0.313693
2 -0.733437 -1.13188 0.317528
2 -0.69809 -1.25236 0.31684
3 -0.805803 -0.870683 0.304467
2 -0.907113 -0.504488 0.30163
1 -0.888444 -0.563249 0.303961
1 -0.738658 -1.05647 0.309875
2 -0.824889 -0.894913 0.300824
2 -0.756866 -0.960844 0.313184
3 -0.7331 -1.04936 0.316169
1 -0.739438 -1.07499 0.313746
2 -0.794345 -0.882879 0.314427
1 -0.810965 -0.701099 0.312993
3 -0.821102 -0.782226 0.307125
2 -0.809111 -0.792827 0.309977
5 -0.814667 -0.794962 0.305872
2 -0.993444 -0.185454 0.297284
4 -0.909514 -0.409488 0.306398
6 -0.886629 -0.473045 0.3068
6 -0.849906 -0.515193 0.308669
3 -0.822274 -0.647113 0.313152
3 -0.815517 -0.683717 0.310856
4 -0.874632 -0.525587 0.309455
2 -0.874707 -0.484585 0.314193
4 -0.878967 -0.410718 0.31044
1 -0.835 -0.54004 0.312759
7 -0.882194 -0.537291 0.30541
5 -0.854266 -0.666535 0.306842
7 -0.918066 -0.279748 0.312327
3 -0.841659 -0.707611 0.308121
2 -0.940055 -0.327857 0.302552
1 -0.873311 -0.488858 0.308625
2 -0.900286 -0.320874 0.313209
2 -0.796763 -0.669096 0.315252
3 -0.793731 -0.931768 0.309204
1 -0.908278 -0.516195 0.300652
6 -0.873168 -0.687143 0.308463
4 -0.889131 -0.547803 0.306608
2 -0.729639 -0.944524 0.321525
3 -0.783579 -0.86935 0.312349
2 -0.858601 -0.618244 0.310164
4 -0.740974 -1.02057 0.315672
3 -0.794662 -0.669901 0.315419
3 -0.865052 -0.298508 0.316214
3 -0.874541 -0.267226 0.31531
1 -0.917205 -0.351897 0.297616
3 -0.843785 -0.680599 0.312653
7 -0.833165 -0.62779 0.315566
1 -0.823115 -0.652011 0.315297
1 -0.79205 -0.739759 0.316661
2 -0.873057 -0.512067 0.306438
2 -0.842488 -0.645101 0.314913
8 -0.855895 -0.729987 0.310276
4 -0.873102 -0.71791 0.306288
4 -0.846417 -0.712982 0.30498
1 -0.745706 -0.860385 0.321631
4 -0.82434 -0.687114 0.313038
1 -0.802946 -0.669537 0.314485
4 -0.758754 -0.855706 0.31384
1 -0.839762 -0.643941 0.309793
2 -0.896001 -0.44393 0.307629
2 -0.884532 -0.507943 0.30403
1 -0.829933 -0.670271 0.311579
4 -0.823942 -0.645587 0.313482
1 -0.77168 -0.762724 0.319257
4 -0.762839 -0.844127 0.316152
1 -0.813383 -0.577184 0.320661
1 -0.821341 -0.585171 0.31109
3 -0.845381 -0.467015 0.315136
1 -0.899154 -0.370859 0.30811
5 -0.932855 -0.20898 0.312997
2 -0.939131 -0.171761 0.313319
5 -0.898001 -0.488634 0.30556
4 -0.900439 -0.418561 0.306488
1 -0.869183 -0.427799 0.312021
6 -0.843793 -0.472869 0.315183
3 -0.846198 -0.514687 0.314914
18 -0.831429 -0.835963 0.303819
4 -0.845494 -0.46223 0.310535
2 -0.881556 -0.316515 0.310863
2 -0.905363 -0.257291 0.311463
2 -0.913814 -0.326515 0.307132
3 -0.918667 -0.315188 0.305611
2 -0.854161 -0.522865 0.315148
3 -0.883283 -0.44394 0.314429
3 -0.866057 -0.517652 0.312269
2 -0.803075 -0.704367 0.31384
1 -0.840643 -0.623291 0.311959
5 -0.858479 -0.463302 0.314122
4 -0.81264 -0.706461 0.313293
2 -0.87303 -0.560648 0.311448
2 -0.813396 -0.790575 0.31552
3 -0.798199 -0.82491 0.315684
2 -0.828505 -0.854506 0.307014
3 -0.901786 -0.677767 0.299036
2 -0.837816 -0.726911 0.308572
1 -0.830856 -0.633195 0.31171
5 -0.785156 -0.746341 0.318009
3 -0.768443 -0.859537 0.314761
2 -0.763447 -0.821864 0.314581
2 -0.817744 -0.644688 0.313777
1 -0.834676 -0.560038 0.31546
5 -0.936072 -0.269792 0.301133
9 -0.761252 -0.792871 0.317028
5 -0.814189 -0.713327 0.311884
4 -0.763222 -0.922616 0.317496
2 -0.811967 -0.727352 0.31192
3 -0.752978 -0.931289 0.315292
2 -0.809782 -0.734542 0.312664
8 -0.863601 -0.529877 0.313798
2 -0.780447 -0.723573 0.322714
2 -0.862839 -0.415786 0.310524
3 -0.871661 -0.384682 0.310397
2 -0.868588 -0.553957 0.306369
2 -0.854286 -0.679084 0.308381
2 -0.846194 -0.667955 0.310744
1 -0.826986 -0.662483 0.312337
2 -0.835276 -0.590542 0.313463
1 -0.820872 -0.706088 0.317684
1 -0.840222 -0.657782 0.310017
3 -0.870098 -0.485699 0.307365
4 -0.862092 -0.490227 0.310903
5 -0.890307 -0.529637 0.307169
1 -0.956016 -0.162458 0.306087
3 -0.881831 -0.503818 0.306457
7 -0.850987 -0.549049 0.31018
1 -0.702792 -1.14027 0.312851
1 -0.712602 -1.13049 0.314395
1 -0.800487 -0.945457 0.308782
1 -0.86317 -0.690104 0.307741
1 -0.8516 -0.560287 0.312541
4 -0.817639 -0.715974 0.310038
1 -0.861928 -0.540633 0.310026
3 -0.842304 -0.655539 0.307116
4 -0.850099 -0.496019 0.311912
3 -0.837395 -0.619968 0.313228
4 -0.835243 -0.627267 0.313236
3 -0.833161 -0.847225 0.307459
1 -0.782262 -0.888756 0.311929
3 -0.863153 -0.535797 0.309045
1 -0.859619 -0.479362 0.309421
1 -0.888519 -0.417884 0.307015
1 -0.864455 -0.53114 0.307634
1 -0.873549 -0.501725 0.306955
1 -0.839087 -0.614885 0.315121
7 -0.887429 -0.556742 0.311382
1 -0.903018 -0.352684 0.307193
1 -0.845156 -0.5734 0.306398
4 -0.818625 -0.699431 0.302928
1 -0.742401 -1.04879 0.308369
1 -0.840712 -0.462981 0.312579
2 -0.905985 -0.303916 0.307049
1 -0.962482 -0.244869 0.299006
3 -0.885989 -0.55205 0.307111
5 -0.866546 -0.383626 0.312512
1 -0.917125 -0.227788 0.311059
2 -0.808266 -0.561483 0.321089
2 -0.773748 -0.705924 0.322575
3 -0.820591 -0.60783 0.318692
1 -0.850711 -0.45395 0.317571
3 -0.824327 -0.831378 0.309395
7 -0.960643 -0.123585 0.299835
5 -0.927168 -0.234287 0.30036
3 -0.881181 -0.422294 0.309734
2 -0.857793 -0.641911 0.306406
1 -0.824972 -0.672736 0.311182
1 -0.755898 -0.884079 0.316999
1 -0.793305 -0.807576 0.309715
3 -0.807313 -0.840488 0.311536
2 -0.822062 -0.74622 0.308
1 -0.795059 -0.691163 0.311357
1 -0.800541 -0.607315 0.318329
1 -0.76763 -0.758931 0.322405
1 -0.829622 -0.584579 0.307286
1 -0.935317 -0.265477 0.304642
1 -0.908612 -0.290093 0.308505
1 -0.806971 -0.757591 0.31541
4 -0.815621 -0.769085 0.31289
2 -0.815413 -0.781439 0.312482
6 -0.786662 -0.940648 0.313049
4 -0.775984 -1.00368 0.316061
3 -0.818589 -0.679623 0.313514
1 -0.789776 -0.627092 0.315856
2 -0.878895 -0.500785 0.308275
2 -0.831702 -0.652251 0.309271
1 -0.797632 -0.704025 0.31557
10 -0.795799 -0.782744 0.31943
1 -0.853632 -0.64517 0.314987
1 -0.892572 -0.488984 0.312701
8 -0.907598 -0.454726 0.310995
3 -0.828495 -0.449901 0.321676
1 -0.812566 -0.50977 0.322291
1 -0.792269 -0.677752 0.319519
1 -0.746519 -0.941871 0.318344
1 -0.804267 -0.699424 0.311793
5 -0.910461 -0.347687 0.303295
2 -0.902801 -0.329237 0.305827
2 -0.906423 -0.48143 0.301588
3 -0.934352 -0.472803 0.298199
2 -0.924472 -0.447124 0.301733
2 -0.862589 -0.596337 0.307765
1 -0.884101 -0.479756 0.311491
7 -0.855525 -0.581235 0.310834
1 -0.915518 -0.4269 0.297507
1 -0.904903 -0.436576 0.303421
2 -0.850507 -0.578231 0.312365
2 -0.794876 -0.847868 0.305424
2 -0.881277 -0.609279 0.302714
1 -0.829129 -0.729833 0.30428
1 -0.909921 -0.302372 0.310134
2 -0.86446 -0.438109 0.310804
2 -0.816347 -0.611044 0.319901
1 -0.808049 -0.642046 0.318508
1 -0.779739 -0.851519 0.31777
1 -0.878246 -0.430572 0.310996
1 -0.837454 -0.710382 0.307311
1 -0.830841 -0.771502 0.306945
2 -0.813187 -0.721273 0.311158
3 -0.820275 -0.702839 0.312162
2 -0.794897 -0.841648 0.315509
1 -0.797966 -0.987309 0.307668
1 -0.76693 -1.02341 0.306756
1 -0.753851 -1.00589 0.309777
4 -0.771688 -0.789732 0.309894
2 -0.920547 -0.431199 0.303192
1 -0.895224 -0.573068 0.310046
1 -0.938049 -0.313935 0.31002
3 -0.849803 -0.883933 0.29709
2 -0.832897 -0.898158 0.3
1 -0.827993 -0.831692 0.302327
1 -0.838575 -0.789332 0.304459
2 -0.867546 -0.504319 0.310045
2 -0.776393 -0.738264 0.31885
1 -0.790978 -0.743936 0.316507
2 -0.787528 -0.737893 0.316508
3 -0.847716 -0.545528 0.311037
1 -0.888426 -0.456503 0.303227
2 -0.818561 -0.805443 0.309285
1 -0.783829 -0.673193 0.319299
2 -0.828102 -0.78963 0.31053
1 -0.794989 -0.897888 0.309699
2 -0.769351 -0.946123 0.3118
3 -0.782583 -0.879819 0.310259
1 -0.730328 -1.05619 0.313361
2 -0.769626 -0.908369 0.315161
3 -0.780141 -0.761465 0.313961
4 -0.80172 -0.850362 0.309329
4 -0.861945 -0.680322 0.30955
3 -0.868694 -0.666004 0.307448
3 -0.903385 -0.453615 0.304349
1 -0.954709 -0.312727 0.299228
1 -0.945483 -0.33021 0.300418
3 -0.955844 -0.257991 0.300143
1 -0.838937 -0.596412 0.312978
1 -0.845579 -0.571622 0.312962
1 -0.838758 -0.574832 0.313717
1 -0.809654 -0.630335 0.317966
1 -0.808585 -0.674731 0.312315
2 -0.831993 -0.620424 0.30514
2 -0.791287 -0.757246 0.313528
4 -0.830003 -0.76001 0.309948
4 -0.848576 -0.687509 0.309098
6 -0.771879 -0.830283 0.324129
1 -0.792054 -0.600049 0.318175
2 -0.876818 -0.405998 0.310973
2 -0.844464 -0.674071 0.312541
1 -0.873613 -0.604678 0.313973
5 -0.96086 -0.378401 0.3066
2 -1.01105 -0.070411 0.304324
1 -0.914322 -0.309762 0.313826
1 -0.794494 -0.796371 0.315733
1 -0.730617 -0.89456 0.322909
1 -0.880858 -0.354843 0.316691
3 -0.82884 -0.604008 0.315159
1 -0.786364 -0.718665 0.320021
2 -0.776097 -0.780203 0.317258
1 -0.810855 -0.700593 0.311655
2 -0.792685 -0.754925 0.314431
2 -0.819236 -0.623866 0.313449
3 -0.823461 -0.737023 0.313884
2 -0.798663 -0.701075 0.317619
3 -0.799223 -0.705558 0.316518
4 -0.895073 -0.472975 0.308771
1 -0.899329 -0.356772 0.305981
5 -0.83465 -0.570977 0.314476
4 -0.838652 -0.518096 0.319207
4 -0.833879 -0.650966 0.313604
1 -0.827995 -0.697669 0.310625
6 -0.810696 -0.813001 0.309144
2 -0.76691 -0.823138 0.317899
2 -0.776183 -0.760506 0.318423
9 -0.858918 -0.550925 0.311767
8 -0.849518 -0.66263 0.304813
2 -0.855396 -0.664655 0.302156
3 -0.910735 -0.496853 0.301804
