# weight w wa omegam (DESI DR2 base_w_wa, desi-bao-all + planck2018-lowl-TT/EE + NPIPE CamSpec TTTEEE + ACT DR6 lensing + union3; every 4th weighted sample of chains 1-4; source data.desi.lbl.gov/public/papers/y3/bao-cosmo-params)
3 -0.94529 -0.018801 0.323611
2 -0.929586 -0.072965 0.32204
1 -0.934579 -0.118884 0.31217
1 -0.797151 -0.684731 0.314047
1 -0.595245 -1.22294 0.330765
4 -0.554615 -1.38152 0.332892
1 -0.588042 -1.25227 0.332096
1 -0.692219 -1.01088 0.320823
1 -0.631944 -1.10526 0.332211
1 -0.692946 -0.867548 0.330734
1 -0.628176 -1.19001 0.328787
5 -0.604746 -1.14012 0.336535
1 -0.589032 -1.21812 0.335206
1 -0.637591 -1.12103 0.331052
4 -0.642622 -1.11536 0.331085
2 -0.627028 -1.03439 0.330928
4 -0.739715 -0.906055 0.31379
1 -0.757932 -0.832006 0.319984
1 -0.628357 -1.11413 0.332879
1 -0.677512 -1.03827 0.321198
1 -0.681529 -1.01506 0.320764
1 -0.770513 -0.684519 0.317298
2 -0.808595 -0.806841 0.310267
3 -0.748584 -0.763779 0.321247
1 -0.73244 -0.876022 0.324872
1 -0.697982 -1.0285 0.328445
3 -0.738593 -0.81511 0.326575
5 -0.796404 -0.65467 0.320962
1 -0.769801 -0.768377 0.31858
4 -0.581134 -1.39957 0.338246
2 -0.70979 -0.899886 0.332058
2 -0.639925 -1.19585 0.331556
2 -0.689934 -1.09818 0.326909
8 -0.561439 -1.41612 0.34007
1 -0.844522 -0.698058 0.312736
13 -0.870957 -0.624566 0.309028
1 -0.727058 -0.979907 0.325165
1 -0.694103 -1.07365 0.326332
3 -0.569915 -1.2557 0.345307
2 -0.613229 -1.2181 0.337161
3 -0.570855 -1.28174 0.343936
1 -0.455695 -1.82222 0.341251
2 -0.45958 -1.79618 0.341648
1 -0.486432 -1.63021 0.340888
11 -0.579027 -1.29129 0.332756
1 -0.599456 -1.25533 0.32942
3 -0.622619 -1.17335 0.328932
3 -0.606233 -1.1983 0.330712
3 -0.644988 -1.15181 0.322716
2 -0.527005 -1.52878 0.333657
9 -0.498672 -1.6167 0.336814
1 -0.480658 -1.7358 0.340615
3 -0.79139 -0.582676 0.324396
5 -0.625295 -0.961321 0.342922
3 -0.573322 -1.13416 0.345035
1 -0.548025 -1.14962 0.354212
1 -0.562721 -1.07035 0.357459
3 -0.500504 -1.62212 0.336448
3 -0.52083 -1.4229 0.339433
6 -0.51003 -1.42249 0.342416
9 -0.653817 -1.12425 0.326382
1 -0.603737 -1.24644 0.333804
1 -0.545624 -1.48053 0.336385
4 -0.566227 -1.38967 0.335117
2 -0.568865 -1.39341 0.334509
3 -0.612282 -1.2427 0.328243
8 -0.560054 -1.43261 0.330128
2 -0.578583 -1.40398 0.335496
3 -0.702811 -0.994674 0.321248
1 -0.691876 -1.0337 0.323076
1 -0.708881 -0.961132 0.324931
1 -0.706372 -1.00344 0.326131
3 -0.696315 -0.930352 0.333771
2 -0.658843 -1.23163 0.326456
3 -0.701207 -0.846779 0.331385
2 -0.653729 -0.96173 0.334677
1 -0.562071 -1.29849 0.342532
1 -0.666105 -1.08236 0.334885
1 -0.624738 -1.22158 0.332186
1 -0.608859 -1.36771 0.326525
2 -0.758739 -0.911173 0.316685
4 -0.691038 -1.13548 0.326827
3 -0.597094 -1.3713 0.333343
1 -0.606326 -1.33869 0.330025
2 -0.58069 -1.42403 0.333792
5 -0.584588 -1.17199 0.338527
4 -0.541171 -1.39973 0.340045
1 -0.61216 -0.979777 0.336649
1 -0.39894 -1.80996 0.354652
2 -0.372369 -1.95061 0.34673
3 -0.441979 -1.91472 0.348903
1 -0.60592 -1.36652 0.331804
2 -0.584118 -1.32699 0.333496
3 -0.488613 -1.63724 0.339906
2 -0.465016 -1.72459 0.340087
1 -0.548226 -1.42057 0.334526
1 -0.535809 -1.46422 0.338075
1 -0.434692 -1.88115 0.341697
2 -0.360433 -2.205 0.350176
3 -0.428545 -1.96025 0.33965
1 -0.710207 -0.924683 0.328468
5 -0.74523 -0.834832 0.32464
1 -0.743519 -0.765264 0.327117
1 -0.808456 -0.592535 0.319657
3 -0.553805 -1.40168 0.337255
3 -0.609527 -1.222 0.332703
1 -0.592763 -1.29623 0.332921
2 -0.673488 -1.02525 0.323737
4 -0.587653 -1.3368 0.33048
5 -0.59767 -1.43944 0.327138
1 -0.537862 -1.61688 0.334559
1 -0.631432 -1.22818 0.325331
3 -0.667876 -0.998588 0.330613
7 -0.62993 -1.01559 0.334695
4 -0.610996 -1.15215 0.339391
1 -0.631833 -1.11752 0.335769
2 -0.547852 -1.50359 0.340266
1 -0.58958 -1.36736 0.333594
1 -0.681675 -1.28574 0.321667
3 -0.697615 -1.08917 0.324837
4 -0.707596 -1.08296 0.32106
2 -0.754761 -0.635027 0.329267
2 -0.803372 -0.460021 0.327598
2 -0.760505 -0.593426 0.331472
1 -0.758565 -0.663982 0.327855
8 -0.658854 -1.09306 0.334259
17 -0.602096 -1.2164 0.338172
3 -0.654869 -1.12107 0.329178
1 -0.620959 -1.24661 0.332682
8 -0.718359 -1.20434 0.321544
7 -0.867758 -0.57649 0.313386
1 -0.822244 -0.643573 0.315437
3 -0.752536 -0.792329 0.320882
2 -0.703538 -0.896818 0.322876
1 -0.73254 -0.80511 0.320969
3 -0.711367 -0.898992 0.319182
4 -0.748918 -0.846861 0.321748
2 -0.727261 -0.775941 0.32851
7 -0.547078 -1.76312 0.333599
5 -0.491214 -1.91167 0.338428
1 -0.430554 -1.93309 0.349433
1 -0.436328 -1.80239 0.354286
5 -0.609736 -1.06286 0.336386
1 -0.655321 -0.944362 0.331583
4 -0.574566 -1.21616 0.337455
2 -0.518132 -1.38045 0.344215
7 -0.560757 -1.29806 0.334686
3 -0.61785 -1.14058 0.333595
1 -0.578133 -1.41196 0.330494
2 -0.71684 -0.859421 0.323748
2 -0.682449 -0.991566 0.327514
1 -0.623801 -1.0022 0.338862
1 -0.699549 -1.04403 0.325731
1 -0.706892 -1.00585 0.321074
5 -0.681788 -1.10078 0.322748
1 -0.637356 -1.1352 0.327546
2 -0.682949 -0.924059 0.329273
1 -0.604229 -1.1652 0.333097
1 -0.722226 -0.934194 0.317195
5 -0.780782 -0.794601 0.320754
1 -0.566589 -1.22115 0.345904
9 -0.59873 -1.1191 0.343329
7 -0.519582 -1.33329 0.351442
1 -0.648555 -0.989642 0.340683
1 -0.688763 -0.806782 0.337815
1 -0.699834 -0.927998 0.333221
3 -0.718535 -0.943213 0.32495
1 -0.614269 -1.2981 0.332902
1 -0.575567 -1.43515 0.333149
1 -0.808222 -0.513308 0.319318
1 -0.760734 -0.713817 0.321629
2 -0.746562 -0.715879 0.330465
2 -0.744699 -0.708858 0.332271
3 -0.656648 -1.05157 0.335779
6 -0.648307 -1.20106 0.332037
3 -0.723883 -1.00892 0.322408
1 -0.76255 -0.674906 0.325801
5 -0.760958 -0.691505 0.321298
2 -0.696399 -0.876298 0.334538
3 -0.780766 -0.90771 0.312196
3 -0.719014 -0.833093 0.323657
1 -0.775662 -0.694403 0.319815
2 -0.712844 -0.833784 0.325321
7 -0.587469 -1.41938 0.330692
2 -0.586703 -1.3943 0.332124
1 -0.675725 -0.985833 0.32722
2 -0.745756 -0.743813 0.32187
1 -0.723758 -0.81031 0.323445
2 -0.655316 -1.08448 0.328219
8 -0.668962 -1.02164 0.324524
4 -0.634035 -0.956186 0.335089
4 -0.448101 -2.01787 0.334702
3 -0.459407 -1.97987 0.339207
4 -0.55796 -1.12626 0.341627
2 -0.53064 -1.52796 0.335877
2 -0.651369 -1.12206 0.330047
1 -0.697127 -1.08352 0.325952
6 -0.702054 -1.12405 0.323069
1 -0.733029 -0.864509 0.323692
2 -0.692078 -1.11401 0.323437
2 -0.581788 -1.34278 0.339077
2 -0.660357 -1.18123 0.326718
1 -0.712918 -1.02445 0.322349
2 -0.592444 -1.16778 0.334091
2 -0.496548 -1.5144 0.339457
4 -0.619265 -1.30496 0.327011
3 -0.668585 -1.15698 0.323325
2 -0.673142 -1.00872 0.329062
5 -0.627853 -1.10391 0.334111
5 -0.608011 -1.01881 0.340891
4 -0.595796 -1.30789 0.329235
3 -0.68195 -0.921022 0.332895
4 -0.681571 -0.931311 0.332574
2 -0.680014 -1.05645 0.326139
1 -0.613482 -1.25483 0.329241
1 -0.668483 -1.20629 0.321694
11 -0.678504 -1.01765 0.327368
3 -0.71418 -0.866667 0.325457
3 -0.661076 -1.02829 0.329961
10 -0.651743 -1.14854 0.328407
5 -0.676236 -1.13842 0.318588
3 -0.528441 -1.53639 0.334153
6 -0.565066 -1.63843 0.324621
5 -0.500471 -1.88585 0.33069
2 -0.62597 -1.32134 0.326328
1 -0.698431 -1.1007 0.320389
1 -0.596997 -1.33369 0.332926
5 -0.581291 -1.3377 0.335931
6 -0.662596 -1.23134 0.323516
1 -0.517043 -1.65621 0.338676
3 -0.568212 -1.53008 0.331787
2 -0.63048 -1.20674 0.328155
3 -0.698595 -1.02259 0.323824
4 -0.655964 -1.26499 0.325596
6 -0.709783 -1.16712 0.319642
1 -0.720578 -1.13496 0.319011
1 -0.759484 -0.6555 0.320562
1 -0.707306 -0.824842 0.324034
3 -0.656603 -0.99897 0.333292
8 -0.643893 -1.09492 0.329938
3 -0.667973 -1.17818 0.326311
1 -0.709846 -0.849544 0.33155
3 -0.525021 -1.56137 0.343855
2 -0.658632 -1.20432 0.330857
1 -0.603304 -1.43023 0.333436
1 -0.776131 -0.852762 0.323658
1 -0.72918 -1.08557 0.327743
3 -0.842083 -0.573713 0.319619
3 -0.815293 -0.74108 0.318598
2 -0.738194 -0.749506 0.335985
1 -0.697842 -0.882272 0.338832
3 -0.629333 -1.2708 0.335098
1 -0.630032 -1.2585 0.331322
4 -0.636903 -1.06038 0.33675
3 -0.686811 -0.794487 0.336509
2 -0.70496 -0.986493 0.329032
4 -0.736401 -0.906193 0.324698
4 -0.668975 -1.01179 0.331529
2 -0.687124 -0.97312 0.329374
1 -0.639827 -1.11687 0.333396
4 -0.6074 -1.29951 0.332358
1 -0.562918 -1.3983 0.336773
7 -0.585154 -1.34733 0.33298
2 -0.556099 -1.47732 0.338231
2 -0.77149 -0.760567 0.316198
5 -0.894664 -0.362508 0.310865
1 -0.701231 -0.996268 0.329073
2 -0.715603 -0.873166 0.330951
3 -0.560259 -1.30267 0.346737
6 -0.568189 -1.32326 0.34393
2 -0.651742 -1.08265 0.331472
4 -0.633915 -1.12319 0.334897
8 -0.490194 -1.63269 0.347555
4 -0.621453 -1.2323 0.341151
4 -0.799688 -0.667815 0.319799
3 -0.740542 -0.809305 0.321444
10 -0.708789 -1.03355 0.322588
1 -0.610075 -1.18304 0.333194
6 -0.628894 -1.14866 0.330811
3 -0.604888 -1.21392 0.334481
11 -0.563884 -1.37144 0.337899
1 -0.559456 -1.4445 0.335818
2 -0.693839 -0.968575 0.327912
7 -0.706706 -0.866056 0.325113
5 -0.735283 -0.820727 0.323125
8 -0.805916 -0.647518 0.321214
6 -0.772424 -0.732483 0.326026
2 -0.761217 -0.848235 0.324291
2 -0.818878 -0.679761 0.318725
7 -0.776723 -0.749461 0.32069
1 -0.657131 -1.02828 0.331971
6 -0.711098 -0.821253 0.329432
1 -0.55408 -1.39291 0.333674
14 -0.565612 -1.48592 0.330831
1 -0.695164 -1.04655 0.321015
4 -0.769604 -0.653658 0.321506
1 -0.788718 -0.78265 0.320515
1 -0.674383 -1.2479 0.321261
1 -0.668561 -1.22401 0.323892
3 -0.724375 -1.07979 0.320358
21 -0.63627 -1.15352 0.335951
2 -0.601944 -1.26424 0.336609
5 -0.523815 -1.5935 0.341234
1 -0.65863 -0.977184 0.338683
1 -0.665277 -1.04705 0.329391
5 -0.789272 -0.645796 0.316583
10 -0.777405 -0.69401 0.317278
3 -0.699344 -1.0381 0.318945
10 -0.690845 -1.25013 0.312933
1 -0.818706 -0.647959 0.310523
7 -0.777524 -0.633272 0.322139
3 -0.697653 -0.772022 0.331504
7 -0.646405 -1.2235 0.326789
2 -0.691173 -1.03462 0.327367
1 -0.701014 -0.93998 0.326921
2 -0.617009 -1.11955 0.337381
1 -0.751637 -0.841635 0.322895
1 -0.721989 -0.866086 0.329972
2 -0.763442 -0.81361 0.321278
6 -0.77194 -0.707772 0.321407
7 -0.73347 -0.899022 0.32444
2 -0.553344 -1.62352 0.329718
2 -0.722587 -0.98588 0.315812
3 -0.821943 -0.635931 0.308787
1 -0.806971 -0.568465 0.310777
8 -0.589745 -1.48739 0.323416
1 -0.433557 -1.67624 0.346621
4 -0.461024 -1.60585 0.344259
1 -0.630893 -1.06567 0.329384
3 -0.597434 -1.27262 0.332133
1 -0.626599 -1.19316 0.331383
1 -0.601227 -1.29772 0.335232
7 -0.65542 -1.15194 0.326914
1 -0.717207 -1.03696 0.322901
6 -0.642614 -1.24365 0.329995
6 -0.758321 -0.720089 0.32428
3 -0.717831 -0.941891 0.32296
3 -0.777858 -0.687726 0.319946
1 -0.839883 -0.548674 0.307819
1 -0.838073 -0.462039 0.308505
1 -0.73143 -0.811961 0.316768
3 -0.668216 -0.94948 0.331673
2 -0.751038 -0.729884 0.324959
1 -0.723731 -0.935805 0.317098
1 -0.822695 -0.695455 0.312763
1 -0.71419 -1.05443 0.32104
1 -0.705316 -0.991862 0.326467
1 -0.65702 -0.959008 0.331771
7 -0.687333 -0.799993 0.336924
4 -0.740275 -0.867484 0.318976
2 -0.71946 -0.924995 0.320366
1 -0.766102 -0.784039 0.317411
6 -0.502473 -1.58393 0.341896
6 -0.591691 -1.35328 0.329518
4 -0.601114 -1.30229 0.329985
2 -0.579242 -1.3253 0.331675
1 -0.567316 -1.48422 0.326401
1 -0.642606 -1.16718 0.323238
12 -0.570044 -1.3011 0.336983
2 -0.636751 -1.23289 0.325643
5 -0.62979 -1.1755 0.327801
1 -0.718344 -0.808949 0.326863
4 -0.691609 -0.935331 0.3255
1 -0.649818 -0.91104 0.32792
1 -0.665027 -1.11742 0.317553
6 -0.648429 -1.05876 0.331398
10 -0.600731 -1.2473 0.33375
4 -0.645658 -1.17071 0.33054
4 -0.588908 -1.30972 0.337699
3 -0.632022 -1.24345 0.328728
7 -0.630431 -1.24009 0.329131
5 -0.760556 -0.725253 0.320525
5 -0.763481 -0.742959 0.318451
1 -0.780631 -0.802768 0.308807
1 -0.892249 -0.257384 0.309889
1 -0.724981 -0.690569 0.321629
10 -0.78307 -0.668169 0.32384
2 -0.830058 -0.627305 0.309934
2 -0.790011 -0.788314 0.320107
1 -0.549549 -1.35559 0.342448
3 -0.753931 -0.74058 0.326604
2 -0.774167 -0.626042 0.325996
1 -0.781481 -0.709471 0.321977
1 -0.705788 -1.02976 0.319263
1 -0.644549 -1.38939 0.326176
9 -0.639793 -1.15548 0.338161
6 -0.69863 -0.929342 0.333548
5 -0.572355 -1.35698 0.341604
1 -0.647472 -1.10404 0.330447
3 -0.684204 -1.18658 0.3225
2 -0.74931 -0.861779 0.32055
1 -0.672726 -1.10309 0.329273
3 -0.550948 -1.5423 0.332286
3 -0.537263 -1.58438 0.329881
1 -0.566033 -1.4114 0.337925
6 -0.672377 -1.17829 0.328919
4 -0.662296 -1.18025 0.329947
4 -0.747217 -0.935196 0.318556
1 -0.795866 -0.762001 0.310584
1 -0.717317 -1.02378 0.319269
1 -0.818682 -0.680877 0.320473
2 -0.833576 -0.586109 0.319038
1 -0.852727 -0.511938 0.317038
3 -0.787703 -0.901299 0.316478
2 -0.645435 -1.21741 0.329386
3 -0.671228 -1.15959 0.329585
8 -0.575823 -1.5431 0.330177
1 -0.596857 -1.30307 0.33852
5 -0.512598 -1.46009 0.340163
1 -0.472792 -1.64902 0.34215
2 -0.67458 -1.166 0.324265
3 -0.510409 -1.59907 0.335279
3 -0.63477 -1.17983 0.323778
2 -0.577032 -1.28449 0.330185
8 -0.512742 -1.38362 0.340561
5 -0.519256 -1.45143 0.336836
1 -0.537011 -1.38876 0.335327
1 -0.491019 -1.53155 0.340283
2 -0.620241 -1.20286 0.334585
1 -0.654858 -1.08213 0.332868
8 -0.597836 -1.23362 0.334008
1 -0.615741 -1.2295 0.329002
3 -0.690851 -1.03738 0.318838
1 -0.666384 -1.17111 0.323156
4 -0.674656 -1.16216 0.323419
2 -0.708905 -0.938309 0.319525
1 -0.746113 -0.877601 0.316345
2 -0.752657 -0.834552 0.3163
2 -0.746214 -0.794238 0.31845
2 -0.695947 -0.972003 0.326194
5 -0.629262 -1.13185 0.330643
2 -0.667949 -1.05092 0.32619
2 -0.653443 -1.10832 0.32719
1 -0.668107 -1.06579 0.325544
1 -0.633387 -1.18147 0.333543
1 -0.653529 -1.01414 0.337424
3 -0.61224 -1.07149 0.347627
1 -0.594828 -1.28548 0.333741
1 -0.630276 -1.08001 0.335733
1 -0.601489 -1.20641 0.336879
1 -0.663509 -1.10645 0.328108
5 -0.666732 -1.10475 0.321924
2 -0.621056 -1.20624 0.329881
1 -0.680651 -0.98748 0.328473
1 -0.672591 -1.02631 0.327557
13 -0.718143 -0.870703 0.321463
1 -0.789163 -0.687293 0.316527
2 -0.681656 -1.0221 0.323914
2 -0.646324 -1.04842 0.327996
4 -0.608495 -1.32376 0.329384
1 -0.721873 -0.954451 0.323675
1 -0.628615 -1.374 0.328319
1 -0.592943 -1.27139 0.331201
3 -0.571442 -1.30721 0.34033
1 -0.687155 -1.02966 0.325053
1 -0.743613 -0.87148 0.323107
2 -0.717356 -0.996894 0.323562
2 -0.711949 -0.945147 0.320151
3 -0.740983 -0.847175 0.325628
3 -0.753592 -0.855341 0.317533
3 -0.702001 -0.969691 0.3211
2 -0.710005 -0.849003 0.324166
1 -0.61054 -1.25174 0.329488
2 -0.658596 -1.14888 0.321537
1 -0.671082 -1.07483 0.319606
3 -0.724625 -0.940163 0.31238
1 -0.610034 -1.22802 0.326057
6 -0.585598 -1.30718 0.333229
1 -0.602721 -1.26413 0.328832
2 -0.705247 -0.844698 0.32573
4 -0.708726 -0.905743 0.324303
2 -0.73638 -0.825606 0.324361
4 -0.770892 -0.751011 0.315864
2 -0.671834 -1.07438 0.326763
6 -0.75311 -0.886384 0.314462
3 -0.789939 -0.716913 0.314183
6 -0.737321 -0.897889 0.320864
1 -0.677763 -1.04335 0.331588
2 -0.755417 -0.824972 0.327063
1 -0.674169 -0.992101 0.328213
1 -0.671915 -1.00813 0.326831
1 -0.628943 -1.15931 0.328106
2 -0.578947 -1.34709 0.339498
1 -0.556763 -1.55946 0.334413
7 -0.539106 -1.56843 0.337825
3 -0.579676 -1.39207 0.335415
1 -0.657982 -1.12926 0.329996
7 -0.771329 -0.82427 0.319028
3 -0.66493 -1.05217 0.323263
2 -0.585367 -1.39861 0.330545
1 -0.752048 -0.819575 0.315074
2 -0.758185 -0.790985 0.314287
3 -0.801492 -0.456404 0.324682
3 -0.633224 -1.18528 0.334129
2 -0.794037 -0.763024 0.320078
2 -0.606442 -1.15273 0.336989
2 -0.69111 -0.923007 0.324205
2 -0.712738 -0.949795 0.318183
2 -0.790614 -0.588149 0.320102
3 -0.825628 -0.554667 0.315023
1 -0.893786 -0.426632 0.301435
16 -0.753818 -0.859752 0.312343
7 -0.846315 -0.656537 0.307759
2 -0.80973 -0.619045 0.315442
3 -0.760945 -0.885958 0.316695
4 -0.73193 -1.07435 0.316448
3 -0.638667 -1.16929 0.327987
1 -0.709007 -0.929965 0.322127
2 -0.658875 -1.16539 0.324845
3 -0.602048 -1.32912 0.332795
2 -0.547157 -1.57362 0.335467
4 -0.702834 -1.03992 0.3242
6 -0.724557 -1.01881 0.318578
2 -0.672438 -1.11882 0.324329
2 -0.632616 -1.15245 0.334373
1 -0.576841 -1.5706 0.329178
2 -0.589607 -1.29714 0.341044
1 -0.582985 -1.2656 0.336854
1 -0.761025 -0.701318 0.326736
2 -0.728767 -0.845807 0.322487
3 -0.615816 -1.12991 0.332174
2 -0.558562 -1.32073 0.339968
2 -0.565671 -1.31525 0.341907
4 -0.757161 -0.852324 0.318803
4 -0.871037 -0.487833 0.314793
1 -0.839477 -0.594837 0.313742
1 -0.765963 -0.619336 0.331494
1 -0.868615 -0.303045 0.319892
1 -0.769941 -0.712004 0.321441
2 -0.798165 -0.703285 0.321885
1 -0.803989 -0.73942 0.319141
4 -0.746007 -0.71469 0.32351
7 -0.817137 -0.646212 0.312449
1 -0.743342 -0.823049 0.321165
4 -0.763322 -0.892338 0.318202
3 -0.751578 -0.99516 0.314845
2 -0.59799 -1.29001 0.333896
1 -0.5217 -1.57143 0.339303
2 -0.621232 -1.24709 0.335263
1 -0.639319 -1.22211 0.331882
5 -0.475936 -1.7405 0.341996
3 -0.620379 -1.33536 0.32613
2 -0.560392 -1.63472 0.329576
1 -0.56403 -1.63387 0.33
3 -0.514916 -1.56672 0.343484
5 -0.700901 -0.98246 0.330894
1 -0.788216 -0.821938 0.320324
2 -0.803164 -0.751112 0.317128
2 -0.733652 -0.866191 0.327231
1 -0.76505 -0.79671 0.31723
2 -0.770846 -0.778251 0.322086
1 -0.748416 -0.80666 0.324044
1 -0.792116 -0.685691 0.314556
7 -0.750263 -0.878724 0.314512
5 -0.627528 -1.31825 0.324007
1 -0.745225 -0.948479 0.318369
1 -0.743319 -0.925179 0.313987
1 -0.602126 -1.18085 0.33323
6 -0.515918 -1.42473 0.340764
3 -0.464226 -1.67291 0.348882
1 -0.525463 -1.48361 0.339101
2 -0.591621 -1.33743 0.332688
1 -0.609865 -1.26503 0.328618
11 -0.7194 -1.01995 0.322127
1 -0.69863 -1.13128 0.325773
1 -0.473102 -1.76091 0.335321
4 -0.566276 -1.47401 0.324104
2 -0.513944 -1.74005 0.32733
2 -0.642896 -1.26984 0.3234
3 -0.630501 -1.27021 0.324236
2 -0.639715 -1.36985 0.316899
1 -0.744065 -1.06058 0.309108
1 -0.80932 -0.959149 0.301205
1 -0.722834 -1.10094 0.32006
8 -0.725091 -0.924812 0.322479
8 -0.752487 -0.704512 0.329877
2 -0.756419 -0.652707 0.331126
2 -0.839454 -0.606267 0.316065
4 -0.575479 -1.45762 0.332691
3 -0.546935 -1.57172 0.330902
1 -0.626189 -1.30753 0.33038
1 -0.62657 -1.15807 0.334381
1 -0.596714 -1.26612 0.336344
2 -0.560202 -1.42293 0.340057
4 -0.511708 -1.45019 0.347697
2 -0.561321 -1.4381 0.335349
12 -0.694484 -0.978443 0.325398
4 -0.611013 -1.15734 0.336216
1 -0.596996 -1.25833 0.339249
2 -0.524489 -1.45338 0.343903
4 -0.457552 -1.58727 0.346813
1 -0.567764 -1.23645 0.338103
2 -0.559334 -1.26547 0.344257
1 -0.570723 -1.2793 0.340544
1 -0.505756 -1.50678 0.34401
2 -0.804396 -0.721971 0.31732
1 -0.856193 -0.55203 0.31371
2 -0.918336 -0.376573 0.301035
4 -0.854879 -0.561844 0.305201
7 -0.770214 -0.858836 0.310444
1 -0.559947 -1.59186 0.326016
3 -0.551321 -1.46776 0.333178
4 -0.608775 -1.14832 0.327399
3 -0.631833 -1.14434 0.326312
3 -0.726503 -0.938315 0.321516
1 -0.78601 -0.849388 0.310854
1 -0.846189 -0.639001 0.31085
2 -0.726264 -0.917239 0.323444
2 -0.684704 -0.994273 0.325766
2 -0.778577 -0.686941 0.322619
5 -0.72182 -0.788718 0.332605
1 -0.755186 -0.642088 0.322421
3 -0.656399 -1.16112 0.325698
1 -0.869292 -0.554956 0.308732
2 -0.833638 -0.654021 0.303911
1 -0.724789 -0.885511 0.31691
2 -0.628995 -1.35666 0.32339
3 -0.664385 -1.19943 0.320388
1 -0.636757 -1.1608 0.325615
1 -0.724203 -0.928141 0.323921
6 -0.833134 -0.877533 0.306748
2 -0.906704 -0.484682 0.30252
2 -0.839646 -0.531264 0.316662
6 -0.769413 -0.751356 0.32306
1 -0.75971 -0.643379 0.32858
6 -0.840973 -0.413103 0.318936
1 -0.636826 -1.00044 0.333766
1 -0.594861 -1.21003 0.3337
6 -0.705079 -1.02022 0.32662
4 -0.749492 -0.90902 0.322911
3 -0.749762 -0.936721 0.319558
2 -0.644553 -1.16329 0.326058
2 -0.605335 -1.15592 0.341431
1 -0.69205 -1.01878 0.330012
2 -0.668221 -1.11504 0.33116
4 -0.733596 -0.988897 0.321053
2 -0.738646 -0.990687 0.319154
1 -0.676574 -1.26448 0.32235
1 -0.650592 -1.04167 0.335006
6 -0.7176 -0.899392 0.320843
1 -0.635031 -0.996033 0.333544
4 -0.673921 -0.89328 0.332474
1 -0.631527 -0.99949 0.335452
3 -0.598274 -1.32781 0.329437
1 -0.580228 -1.42122 0.333092
1 -0.628167 -1.15587 0.331518
1 -0.576402 -1.29818 0.337713
4 -0.498444 -1.57949 0.342611
1 -0.532731 -1.4739 0.338436
2 -0.52747 -1.67004 0.329554
4 -0.521622 -1.75512 0.331002
4 -0.593676 -1.58497 0.324832
2 -0.587312 -1.6325 0.324209
1 -0.763634 -0.759519 0.326571
1 -0.830468 -0.659175 0.318688
2 -0.767384 -0.868427 0.322928
3 -0.646587 -1.19267 0.324709
1 -0.634542 -1.26702 0.329889
1 -0.630853 -1.33065 0.333438
2 -0.63603 -1.28362 0.329744
3 -0.628841 -1.30877 0.330341
2 -0.594704 -1.3432 0.333424
2 -0.685155 -1.20931 0.327382
3 -0.720564 -1.02332 0.327515
1 -0.657807 -1.39521 0.319383
4 -0.672348 -1.35013 0.315332
1 -0.64266 -1.20832 0.3248
1 -0.632473 -1.2582 0.332558
3 -0.618663 -1.32267 0.333056
3 -0.652702 -1.22022 0.330958
4 -0.678372 -0.845698 0.331837
4 -0.627917 -0.935024 0.338579
1 -0.500734 -1.55755 0.348483
5 -0.811239 -0.604615 0.325017
1 -0.801191 -0.674637 0.325373
5 -0.746054 -0.999347 0.315275
4 -0.677821 -1.0653 0.318701
1 -0.645394 -1.13873 0.326543
4 -0.540972 -1.32655 0.346144
3 -0.505352 -1.48827 0.348901
1 -0.617983 -1.30038 0.325202
1 -0.774138 -0.752168 0.313391
4 -0.679504 -1.03758 0.320515
1 -0.770249 -0.733552 0.317908
2 -0.841593 -0.57034 0.312942
2 -0.770927 -0.594898 0.332808
1 -0.560185 -1.30885 0.342323
1 -0.496839 -1.60047 0.351156
1 -0.515899 -1.54184 0.347976
1 -0.480137 -1.67724 0.351342
2 -0.483152 -1.66295 0.350802
2 -0.629399 -1.10435 0.33973
1 -0.910065 -0.380092 0.312046
6 -0.716323 -0.970624 0.326413
3 -0.615828 -1.27817 0.325955
6 -0.631515 -1.0721 0.340813
1 -0.67159 -0.97651 0.335726
2 -0.809738 -0.746096 0.317237
3 -0.787927 -0.787802 0.310348
2 -0.810204 -0.617839 0.312786
4 -0.682619 -1.00204 0.325386
5 -0.630395 -1.35718 0.329477
4 -0.637529 -1.20314 0.331711
4 -0.5577 -1.34975 0.343403
3 -0.509211 -1.51216 0.348955
5 -0.516986 -1.47993 0.348965
6 -0.756262 -0.726586 0.324794
5 -0.768194 -0.815821 0.311358
1 -0.711794 -1.1302 0.312973
1 -0.820283 -0.697189 0.311036
2 -0.651302 -1.17896 0.32711
2 -0.623078 -1.31269 0.332808
2 -0.715857 -0.99022 0.318529
1 -0.60538 -1.20005 0.334575
1 -0.602028 -1.26284 0.335207
2 -0.665909 -1.16581 0.328082
2 -0.691994 -1.11668 0.324774
2 -0.662784 -1.20003 0.323968
2 -0.68518 -1.1423 0.323991
1 -0.620117 -1.18163 0.33383
1 -0.528128 -1.52066 0.334685
3 -0.491452 -1.5464 0.341852
5 -0.685227 -0.944964 0.325916
7 -0.78522 -0.503207 0.326233
1 -0.774745 -0.621292 0.32154
3 -0.596392 -1.30273 0.32956
7 -0.612759 -1.25462 0.329095
3 -0.665894 -0.98226 0.329789
5 -0.642648 -1.01338 0.333721
2 -0.642344 -1.17707 0.329043
2 -0.651477 -1.06261 0.333497
6 -0.616 -1.13802 0.335784
2 -0.69909 -0.787889 0.327167
4 -0.555208 -1.31392 0.335922
7 -0.62776 -1.09239 0.33171
3 -0.592345 -1.20627 0.334146
1 -0.654283 -1.01486 0.333033
1 -0.662852 -1.11759 0.327298
1 -0.7336 -0.859211 0.318717
2 -0.653598 -1.02099 0.328726
1 -0.709311 -0.804021 0.328262
5 -0.777929 -0.590782 0.326121
1 -0.532689 -1.39765 0.345532
1 -0.613124 -1.03267 0.34458
1 -0.537608 -1.27514 0.340463
3 -0.57358 -1.2192 0.335319
1 -0.655149 -1.07015 0.326773
3 -0.755435 -0.622724 0.328538
1 -0.829438 -0.394147 0.322633
1 -0.749078 -0.584774 0.328187
3 -0.774691 -0.503291 0.330035
10 -0.753424 -0.572652 0.326955
2 -0.72554 -0.899844 0.319813
6 -0.666553 -1.0132 0.330221
7 -0.655263 -1.07152 0.330577
3 -0.785434 -0.620965 0.320049
1 -0.702014 -0.900728 0.318528
4 -0.781272 -0.650054 0.318436
2 -0.762653 -0.858291 0.314674
5 -0.76534 -0.758545 0.322073
2 -0.644415 -1.0527 0.331538
2 -0.633652 -1.07715 0.332969
2 -0.6455 -1.13341 0.330242
7 -0.59829 -1.24647 0.336341
3 -0.544432 -1.43866 0.338899
5 -0.567079 -1.38805 0.334333
9 -0.718146 -0.960431 0.318133
6 -0.661206 -1.20281 0.325144
5 -0.672174 -1.11431 0.324058
1 -0.741076 -0.734669 0.32698
2 -0.652562 -1.01479 0.33266
1 -0.645106 -1.13173 0.329289
7 -0.62109 -1.30068 0.327735
2 -0.595889 -1.29042 0.334807
2 -0.579529 -1.26604 0.336655
1 -0.667683 -1.13001 0.321051
9 -0.671079 -0.929834 0.329435
3 -0.636875 -1.02165 0.336125
5 -0.657366 -0.999351 0.333009
1 -0.661999 -1.01936 0.334062
2 -0.671898 -1.02987 0.329997
1 -0.71675 -0.893373 0.327998
4 -0.662457 -1.19428 0.323546
2 -0.59012 -1.4513 0.329038
3 -0.615911 -1.34742 0.324928
3 -0.598717 -1.40723 0.32502
1 -0.584675 -1.51611 0.324603
6 -0.479966 -1.77752 0.334827
1 -0.578173 -1.45714 0.324416
4 -0.74021 -0.881651 0.3213
1 -0.755601 -0.766246 0.323826
3 -0.792785 -0.726488 0.316233
3 -0.827024 -0.593063 0.315732
4 -0.609254 -1.24533 0.330456
6 -0.667112 -1.0248 0.33156
3 -0.679878 -1.08338 0.319603
2 -0.631385 -1.29351 0.32057
5 -0.666296 -1.13861 0.321066
2 -0.629818 -1.1826 0.326587
1 -0.568588 -1.36664 0.332587
2 -0.599025 -1.51473 0.323265
1 -0.67482 -1.31218 0.317215
2 -0.407993 -2.19175 0.338771
3 -0.594614 -1.52155 0.323588
4 -0.645995 -1.23419 0.323737
1 -0.730401 -0.872664 0.319537
1 -0.767048 -0.735413 0.319886
4 -0.671537 -1.12586 0.327252
1 -0.792114 -0.603906 0.31682
11 -0.786858 -0.605032 0.318016
6 -0.736635 -0.719711 0.324015
5 -0.788646 -0.60458 0.319667
8 -0.811558 -0.643869 0.313254
3 -0.808306 -0.771137 0.310253
1 -0.791751 -0.832917 0.310245
6 -0.737028 -0.833734 0.327272
8 -0.607445 -1.23877 0.337984
6 -0.589996 -1.33727 0.335973
3 -0.521755 -1.52802 0.339075
2 -0.6208 -1.32239 0.324488
1 -0.797194 -0.708628 0.313546
3 -0.455594 -1.6473 0.347484
1 -0.732718 -0.708485 0.327748
4 -0.55523 -1.41092 0.342366
6 -0.657191 -1.19859 0.325725
3 -0.722116 -0.90344 0.318007
2 -0.820045 -0.532693 0.313459
1 -0.814267 -0.519567 0.316889
1 -0.779779 -0.731362 0.318381
6 -0.707333 -0.926764 0.324915
2 -0.719755 -0.914778 0.323826
3 -0.68837 -1.02348 0.323924
3 -0.660575 -1.09112 0.326518
2 -0.665964 -1.05052 0.32998
2 -0.586143 -1.31416 0.34041
1 -0.750041 -0.744135 0.329294
4 -0.691423 -0.998446 0.330283
2 -0.675824 -1.12711 0.325564
1 -0.584454 -1.35667 0.333127
5 -0.620017 -1.2697 0.33293
7 -0.510319 -1.66853 0.338093
1 -0.510813 -1.56964 0.340126
1 -0.581427 -1.36568 0.338364
1 -0.614302 -1.16834 0.341327
4 -0.593636 -1.229 0.343614
3 -0.676364 -1.04717 0.333556
2 -0.561449 -1.36483 0.344171
1 -0.822222 -0.657023 0.317578
2 -0.880861 -0.652046 0.304404
2 -0.743044 -1.06267 0.31112
3 -0.698385 -1.17205 0.317395
1 -0.767451 -0.863902 0.319374
6 -0.705842 -1.20364 0.318979
5 -0.61611 -1.4715 0.326489
3 -0.718332 -0.985899 0.315989
1 -0.649635 -1.10585 0.324666
5 -0.719572 -0.744386 0.328867
4 -0.467791 -1.51886 0.343196
1 -0.445885 -1.93437 0.339852
3 -0.495598 -1.7439 0.335413
1 -0.650944 -1.2517 0.321733
6 -0.702598 -0.983644 0.324838
1 -0.696083 -0.983522 0.32488
3 -0.717057 -0.899876 0.325371
5 -0.732964 -0.854735 0.323939
3 -0.857975 -0.439737 0.314355
1 -0.858275 -0.480447 0.313751
2 -0.694824 -1.0595 0.322797
1 -0.748593 -0.667186 0.327555
2 -0.586043 -1.23924 0.33606
1 -0.625445 -1.01695 0.336834
1 -0.740705 -0.712044 0.321029
3 -0.791676 -0.665527 0.319482
1 -0.883837 -0.420631 0.312521
3 -0.792389 -0.81581 0.316176
3 -0.650213 -1.20084 0.320988
4 -0.729867 -0.96427 0.316334
4 -0.721744 -0.989142 0.322117
1 -0.734013 -0.963798 0.322573
1 -0.777054 -0.863915 0.322098
2 -0.770996 -0.987189 0.322496
4 -0.687328 -1.05847 0.333695
2 -0.800964 -0.677268 0.318305
5 -0.687165 -1.00649 0.329846
8 -0.754768 -0.891214 0.320256
2 -0.771762 -0.812178 0.322074
2 -0.817586 -0.726455 0.313582
2 -0.751899 -1.10402 0.3128
2 -0.758056 -0.898817 0.313396
1 -0.735803 -0.840601 0.323734
5 -0.74892 -0.882232 0.320584
1 -0.714245 -0.942057 0.32198
7 -0.647778 -1.06035 0.329684
6 -0.676291 -0.885759 0.328493
1 -0.601117 -1.19036 0.334131
19 -0.665696 -0.990778 0.330154
4 -0.542411 -1.31272 0.339551
5 -0.637635 -1.22728 0.329635
2 -0.623686 -1.37506 0.327688
6 -0.712665 -0.915941 0.328262
1 -0.601807 -1.34306 0.337619
1 -0.679718 -1.16723 0.324519
1 -0.661482 -1.10738 0.324955
2 -0.588075 -1.29155 0.330912
1 -0.721794 -0.822644 0.324026
4 -0.589628 -1.29396 0.332583
1 -0.653614 -1.00052 0.332038
2 -0.657087 -1.04907 0.337707
2 -0.646856 -1.07825 0.337191
2 -0.546801 -1.39853 0.344749
1 -0.676505 -0.972749 0.329889
1 -0.670068 -1.09857 0.326499
1 -0.596938 -1.26872 0.334735
6 -0.629669 -1.13138 0.334232
1 -0.729057 -0.77879 0.327424
1 -0.761852 -0.660809 0.330438
1 -0.733466 -0.77339 0.332212
2 -0.725651 -0.871002 0.324192
6 -0.606882 -1.36655 0.326826
7 -0.680817 -1.06287 0.320318
4 -0.704018 -0.975334 0.31838
3 -0.73676 -0.850702 0.317998
1 -0.707624 -0.901574 0.322378
4 -0.645461 -1.2369 0.32409
5 -0.61042 -1.32553 0.329781
6 -0.655367 -1.12458 0.329096
1 -0.619379 -1.17927 0.331975
3 -0.635068 -1.23835 0.326485
1 -0.604849 -1.17192 0.335237
1 -0.698938 -0.970472 0.328259
2 -0.613969 -1.29117 0.331849
2 -0.674479 -1.04952 0.323386
1 -0.696882 -0.921859 0.324846
3 -0.725842 -0.854828 0.320465
2 -0.721117 -0.874228 0.322282
3 -0.694339 -1.00058 0.322384
2 -0.692827 -1.00958 0.31916
2 -0.550569 -1.35462 0.342893
2 -0.570017 -1.19192 0.344544
1 -0.709862 -0.88067 0.322327
1 -0.589227 -1.44037 0.328277
3 -0.748632 -0.962185 0.315464
4 -0.625722 -1.33691 0.326498
1 -0.666987 -1.19302 0.32044
1 -0.668552 -1.19347 0.317376
2 -0.674654 -1.1725 0.316241
3 -0.698029 -1.06917 0.316631
1 -0.623035 -1.21617 0.32286
2 -0.591139 -1.33637 0.325576
1 -0.612885 -1.22286 0.324924
3 -0.591185 -1.38177 0.331667
1 -0.570288 -1.45339 0.335373
1 -0.554003 -1.50438 0.336645
1 -0.520216 -1.46409 0.34776
4 -0.523924 -1.301 0.350734
2 -0.638514 -0.989428 0.33307
1 -0.501111 -1.46579 0.34316
3 -0.534933 -1.32742 0.338264
1 -0.493131 -1.38356 0.343454
1 -0.55728 -1.26832 0.335553
1 -0.373537 -2.23282 0.340713
1 -0.447855 -2.09597 0.335545
1 -0.521753 -1.71907 0.331068
1 -0.626349 -1.3428 0.322956
4 -0.538006 -1.61166 0.33187
2 -0.665775 -1.13776 0.322611
2 -0.449407 -1.55372 0.3519
3 -0.501557 -1.45326 0.346218
4 -0.762026 -0.755846 0.315787
1 -0.814042 -0.656437 0.313808
1 -0.730843 -0.786101 0.324503
1 -0.8022 -0.660234 0.313647
6 -0.763449 -0.870394 0.320143
1 -0.629651 -1.2397 0.331116
3 -0.813899 -0.676511 0.319177
15 -0.661246 -1.03937 0.335842
3 -0.620372 -1.33571 0.32695
3 -0.567223 -1.58667 0.329487
3 -0.634216 -1.42513 0.32135
5 -0.615808 -1.46487 0.325287
2 -0.549858 -1.37769 0.333565
1 -0.620763 -1.13334 0.329831
1 -0.580287 -1.43542 0.331033
2 -0.542583 -1.57312 0.334439
1 -0.621902 -1.34113 0.332193
9 -0.532139 -1.48317 0.337109
2 -0.686164 -1.08089 0.319932
5 -0.682179 -1.27169 0.31347
2 -0.672703 -1.29298 0.321775
6 -0.664664 -1.35749 0.321304
5 -0.708882 -1.01118 0.324149
1 -0.648277 -1.17716 0.331871
3 -0.501128 -1.64017 0.34031
1 -0.511878 -1.53257 0.340843
3 -0.57595 -1.45724 0.339477
2 -0.724646 -0.972073 0.321586
1 -0.69497 -1.1168 0.318621
3 -0.546413 -1.55064 0.328398
1 -0.756202 -0.834914 0.317875
1 -0.673545 -1.18406 0.318736
6 -0.701775 -1.05318 0.319193
5 -0.592537 -1.41447 0.329025
6 -0.56453 -1.63367 0.332056
2 -0.643667 -1.20984 0.330358
1 -0.624892 -1.37817 0.329036
1 -0.617964 -1.22129 0.32458
1 -0.65562 -1.02611 0.323802
1 -0.635764 -1.05062 0.323404
2 -0.666512 -1.03752 0.318258
3 -0.537988 -1.57738 0.330048
1 -0.574248 -1.25646 0.334721
2 -0.738287 -1.01912 0.312824
5 -0.651853 -1.36662 0.320025
2 -0.653204 -1.18543 0.327383
1 -0.554014 -1.3612 0.338734
2 -0.489118 -1.69221 0.341314
18 -0.514791 -1.67728 0.334957
5 -0.54134 -1.50086 0.33289
4 -0.603627 -1.35233 0.323221
1 -0.65585 -1.33775 0.327711
6 -0.548898 -1.50727 0.337266
9 -0.565091 -1.51016 0.334121
1 -0.595613 -1.4407 0.33269
9 -0.564756 -1.54029 0.334493
11 -0.589912 -1.46316 0.329019
3 -0.602377 -1.24243 0.338049
3 -0.46385 -1.56016 0.353757
4 -0.537469 -1.31234 0.341225
4 -0.592605 -1.36308 0.332363
5 -0.559258 -1.42238 0.335976
1 -0.557767 -1.38948 0.338986
1 -0.579655 -1.36622 0.339519
3 -0.674305 -1.04333 0.335087
1 -0.644944 -0.974812 0.337215
2 -0.652576 -1.16829 0.327503
6 -0.762584 -0.863234 0.31734
6 -0.615416 -1.18088 0.338446
1 -0.703964 -0.946154 0.329815
6 -0.567243 -1.47284 0.334585
4 -0.668894 -1.15699 0.325968
2 -0.717321 -0.964548 0.321559
1 -0.71622 -1.07329 0.318876
1 -0.76351 -0.726966 0.322975
1 -0.737312 -0.715198 0.328098
5 -0.621609 -1.33122 0.324389
3 -0.563912 -1.56812 0.333194
2 -0.501708 -1.71169 0.336675
1 -0.675198 -0.901585 0.32729
4 -0.735032 -0.798631 0.321096
1 -0.836492 -0.58124 0.310641
3 -0.650694 -1.10799 0.322521
1 -0.620511 -1.25259 0.334585
7 -0.509842 -1.59876 0.341281
2 -0.603416 -1.2758 0.337333
6 -0.718222 -0.89351 0.327559
2 -0.695867 -0.982024 0.328697
2 -0.591695 -1.4578 0.331683
2 -0.639432 -1.16082 0.336438
5 -0.724556 -0.857484 0.330895
1 -0.68469 -1.19134 0.324388
1 -0.67611 -1.06798 0.326472
2 -0.575258 -1.35064 0.326374
9 -0.590958 -1.19221 0.333775
8 -0.827232 -0.452575 0.314621
6 -0.62974 -1.17815 0.332537
3 -0.642604 -1.17876 0.331524
3 -0.842047 -0.59427 0.314692
1 -0.747026 -0.794472 0.324764
1 -0.643071 -1.09278 0.332735
4 -0.711219 -0.97385 0.324933
1 -0.88452 -0.341712 0.314765
4 -0.718978 -0.922233 0.329662
1 -0.717417 -0.86043 0.322242
1 -0.564109 -1.30392 0.33945
5 -0.558678 -1.28306 0.344513
1 -0.577637 -1.13991 0.341712
2 -0.551857 -1.2754 0.338837
3 -0.610034 -1.12661 0.327114
1 -0.746179 -0.753593 0.31545
2 -0.718445 -1.08094 0.315878
2 -0.618342 -1.31665 0.330784
1 -0.766962 -0.837343 0.320824
2 -0.615459 -1.38082 0.333449
2 -0.505216 -1.60049 0.341317
1 -0.612349 -1.14235 0.333898
5 -0.675822 -1.12937 0.323321
3 -0.602127 -1.4332 0.326944
10 -0.653588 -1.1883 0.32084
2 -0.593266 -1.33841 0.327923
2 -0.723503 -0.721672 0.335654
5 -0.811234 -0.634358 0.319005
1 -0.610608 -1.21281 0.328619
2 -0.58285 -1.38346 0.335006
2 -0.622134 -1.19201 0.32867
1 -0.64197 -1.29143 0.324184
3 -0.638019 -1.36309 0.325291
12 -0.715874 -1.05845 0.320923
1 -0.672816 -1.26098 0.324486
7 -0.653717 -1.22846 0.325124
3 -0.660183 -1.20693 0.327351
1 -0.630559 -0.992031 0.336086
2 -0.700788 -0.807339 0.338011
5 -0.713939 -0.898006 0.330279
1 -0.738042 -0.804185 0.330808
3 -0.76114 -0.753164 0.331198
5 -0.7489 -0.79764 0.325268
6 -0.724285 -0.866347 0.327208
5 -0.633944 -1.22326 0.331752
5 -0.686516 -1.34264 0.319106
1 -0.7704 -0.895516 0.318237
1 -0.732725 -0.787335 0.325056
2 -0.662303 -1.07082 0.326291
2 -0.668684 -1.06354 0.325865
3 -0.478941 -1.57655 0.353169
3 -0.69733 -0.838708 0.33569
1 -0.783394 -0.664506 0.322744
11 -0.776365 -0.727719 0.324471
2 -0.79477 -0.66982 0.322837
3 -0.628822 -1.14598 0.336553
2 -0.65499 -1.06477 0.326443
1 -0.764278 -0.742129 0.320232
3 -0.76887 -0.725853 0.318267
2 -0.727077 -0.852395 0.323194
2 -0.74092 -0.745466 0.323594
1 -0.77968 -0.817751 0.314816
2 -0.753678 -0.967169 0.316001
1 -0.626549 -1.29077 0.328947
1 -0.636757 -1.30488 0.327042
5 -0.572402 -1.44242 0.333605
2 -0.522374 -1.42181 0.346066
2 -0.602947 -1.31378 0.336508
7 -0.733155 -0.814247 0.329652
2 -0.673122 -1.24076 0.324918
6 -0.609341 -1.20105 0.331963
1 -0.61448 -0.98172 0.340097
3 -0.561622 -1.21215 0.339932
1 -0.708606 -0.78264 0.33397
1 -0.689308 -0.798071 0.336727
2 -0.645899 -0.902443 0.340747
1 -0.593502 -1.31166 0.345348
3 -0.619448 -1.21536 0.339044
2 -0.662587 -0.981281 0.338502
4 -0.630324 -1.04667 0.341243
1 -0.562056 -1.22903 0.340425
3 -0.663502 -0.834128 0.338812
1 -0.869327 -0.430846 0.318818
2 -0.778908 -0.815591 0.316965
1 -0.761557 -0.872018 0.319143
3 -0.742946 -0.889999 0.321781
2 -0.631102 -1.08092 0.338424
2 -0.705629 -0.843674 0.324794
1 -0.780105 -0.755917 0.317311
3 -0.750884 -0.929698 0.31746
2 -0.747555 -0.913545 0.315876
3 -0.651786 -1.06846 0.337055
5 -0.770217 -0.656459 0.329434
2 -0.614297 -1.20121 0.340339
2 -0.605682 -1.22965 0.335608
1 -0.448332 -1.70287 0.346301
3 -0.538736 -1.3951 0.337036
4 -0.589648 -1.30852 0.336666
2 -0.545459 -1.45976 0.337529
1 -0.518978 -1.48464 0.345534
3 -0.564655 -1.49341 0.3393
1 -0.748559 -0.825907 0.324289
3 -0.557748 -1.4588 0.331492
1 -0.636666 -1.37715 0.315177
1 -0.626517 -1.19936 0.32282
1 -0.603301 -1.2509 0.32906
2 -0.699279 -1.04002 0.321469
1 -0.708031 -0.943213 0.316052
2 -0.645115 -1.23536 0.322778
1 -0.642279 -1.22666 0.324787
1 -0.672541 -1.149 0.325141
2 -0.62324 -1.21909 0.331513
1 -0.736714 -0.917814 0.316647
3 -0.698681 -0.890569 0.326091
1 -0.613036 -1.29817 0.325169
5 -0.637852 -1.1653 0.33284
5 -0.682401 -0.94429 0.334607
1 -0.71895 -0.874372 0.331052
2 -0.722716 -1.11799 0.32122
4 -0.668589 -1.15392 0.329694
2 -0.766392 -0.91596 0.318807
3 -0.657075 -1.19962 0.324928
6 -0.61365 -1.30422 0.328608
1 -0.589775 -1.37254 0.331398
4 -0.561254 -1.33158 0.34195
4 -0.589811 -1.23128 0.33745
3 -0.651213 -1.08207 0.33953
3 -0.69558 -1.14099 0.32163
7 -0.574981 -1.41755 0.34043
5 -0.58674 -1.32992 0.334713
6 -0.600029 -1.25979 0.331459
2 -0.565717 -1.30766 0.340068
1 -0.528783 -1.37875 0.345259
4 -0.561677 -1.33633 0.340843
7 -0.596599 -1.32334 0.335488
4 -0.740355 -0.866888 0.321045
2 -0.640297 -1.15574 0.331689
1 -0.611434 -1.03388 0.340028
1 -0.667858 -0.957396 0.325266
4 -0.642905 -1.05942 0.331962
5 -0.670866 -0.998581 0.329809
4 -0.72632 -0.891967 0.324839
2 -0.726696 -0.890877 0.324867
1 -0.689828 -1.01275 0.327123
5 -0.640838 -1.07709 0.328474
2 -0.628701 -1.1274 0.330416
3 -0.600372 -1.14396 0.332896
3 -0.598616 -1.20891 0.336931
1 -0.591041 -1.2408 0.33649
2 -0.649125 -1.12195 0.332901
3 -0.687864 -0.993358 0.333055
2 -0.638553 -1.11812 0.331868
2 -0.552911 -1.29891 0.343085
5 -0.622896 -1.11095 0.337329
1 -0.621234 -1.1411 0.337383
2 -0.712758 -0.862522 0.328346
1 -0.774186 -0.663397 0.327123
1 -0.58525 -1.23146 0.340929
3 -0.637696 -1.22775 0.329023
2 -0.650723 -1.14759 0.326754
5 -0.519756 -1.60772 0.334082
1 -0.534794 -1.56538 0.334412
5 -0.488518 -1.6779 0.340062
4 -0.422122 -1.81885 0.349358
2 -0.423111 -1.84062 0.347742
4 -0.547047 -1.66232 0.327964
1 -0.557627 -1.58474 0.33357
3 -0.8002 -0.643814 0.316907
2 -0.707209 -0.954743 0.326448
2 -0.73961 -0.834208 0.32568
8 -0.685903 -0.98559 0.327532
1 -0.67332 -1.01368 0.325207
5 -0.572886 -1.40562 0.332386
8 -0.674014 -1.04512 0.325993
3 -0.62477 -1.34586 0.321587
4 -0.690764 -1.05259 0.327699
3 -0.765912 -0.747055 0.321991
1 -0.729186 -0.87971 0.32442
1 -0.668006 -1.09561 0.329044
3 -0.635118 -1.1755 0.334038
1 -0.67331 -1.11053 0.33192
1 -0.792211 -0.610714 0.322932
1 -0.779355 -0.762835 0.321044
1 -0.611959 -1.40524 0.331548
3 -0.671286 -1.04578 0.331342
4 -0.603058 -1.29213 0.334997
1 -0.468142 -1.71337 0.349243
4 -0.665253 -0.963561 0.333376
4 -0.532543 -1.60457 0.344354
2 -0.596695 -1.36832 0.325286
5 -0.632083 -1.27215 0.325504
2 -0.707171 -1.05496 0.320288
1 -0.72968 -0.915989 0.327828
2 -0.756801 -0.938827 0.31716
1 -0.756741 -0.888683 0.322841
2 -0.630565 -1.24356 0.328538
4 -0.64221 -1.21763 0.328247
1 -0.696538 -1.1939 0.319766
9 -0.602861 -1.41604 0.333727
2 -0.650016 -1.23812 0.327892
3 -0.698451 -1.0118 0.320407
1 -0.625507 -1.28209 0.318246
1 -0.670358 -1.30165 0.313872
2 -0.635563 -1.20851 0.329452
1 -0.662118 -1.1958 0.327868
1 -0.602631 -1.26865 0.335798
1 -0.64321 -1.13041 0.334513
4 -0.746163 -0.803256 0.323354
4 -0.703018 -0.913425 0.325843
2 -0.647719 -1.15184 0.332171
3 -0.661186 -1.11178 0.333787
6 -0.749556 -0.988416 0.321275
1 -0.722486 -0.64951 0.335416
1 -0.678855 -1.11612 0.32616
3 -0.494881 -1.65087 0.338585
2 -0.558418 -1.39441 0.333547
1 -0.573582 -1.38321 0.333086
1 -0.635695 -1.16935 0.337427
3 -0.646519 -1.20112 0.328027
1 -0.623488 -1.15025 0.334456
3 -0.726399 -0.791384 0.325457
3 -0.685906 -0.987665 0.322948
5 -0.561675 -1.33348 0.338294
7 -0.706984 -0.992101 0.32336
2 -0.685563 -0.993361 0.329987
1 -0.429759 -1.55796 0.356097
2 -0.594682 -1.078 0.339901
2 -0.741828 -0.652069 0.330266
2 -0.66971 -1.00813 0.333227
4 -0.721293 -0.965781 0.322639
2 -0.750226 -0.790979 0.321923
1 -0.760447 -0.749152 0.319358
4 -0.557975 -1.37296 0.333223
1 -0.537756 -1.51471 0.336358
3 -0.515115 -1.62015 0.337851
1 -0.542662 -1.5953 0.333565
1 -0.760705 -0.694224 0.32696
1 -0.811728 -0.621762 0.315872
4 -0.712178 -0.923179 0.326778
2 -0.728062 -0.777768 0.331113
5 -0.891038 -0.534318 0.307127
7 -0.814999 -0.734202 0.311802
3 -0.821913 -0.629866 0.31327
1 -0.720461 -1.10988 0.312319
2 -0.712028 -1.18684 0.312148
1 -0.800856 -0.591963 0.317371
4 -0.808554 -0.668572 0.317686
1 -0.860424 -0.441433 0.315733
1 -0.800249 -0.793724 0.310033
1 -0.796513 -0.728458 0.307851
1 -0.612054 -1.41753 0.325583
2 -0.567486 -1.53461 0.330925
6 -0.70423 -0.958249 0.320841
2 -0.661243 -1.13216 0.32208
1 -0.711385 -1.05611 0.315975
7 -0.59503 -1.34508 0.333348
1 -0.564845 -1.41928 0.334315
1 -0.72309 -0.908648 0.321673
7 -0.727785 -0.914837 0.319664
2 -0.632878 -1.12906 0.330381
1 -0.574574 -1.45264 0.328145
2 -0.472891 -1.76437 0.33744
2 -0.49377 -1.68499 0.336499
1 -0.593833 -1.41437 0.325321
2 -0.549675 -1.66749 0.325468
1 -0.668598 -1.30495 0.309848
1 -0.639381 -1.3587 0.309848
6 -0.786922 -0.96387 0.302728
1 -0.720051 -1.26665 0.303907
4 -0.715622 -1.29019 0.313983
2 -0.626056 -1.12969 0.346304
3 -0.681448 -1.02267 0.336532
5 -0.672052 -1.03167 0.337879
4 -0.69589 -0.943452 0.337202
1 -0.756935 -0.725842 0.333277
1 -0.772548 -0.6922 0.329765
2 -0.666157 -1.21172 0.329992
2 -0.702725 -1.08991 0.325318
1 -0.748867 -1.06176 0.317795
10 -0.630002 -1.14308 0.333903
3 -0.555754 -1.36829 0.337315
1 -0.613183 -1.35671 0.327332
3 -0.719186 -1.00802 0.321753
2 -0.662998 -1.17736 0.329916
1 -0.684245 -1.08693 0.324762
1 -0.798115 -0.73914 0.311523
3 -0.754344 -0.651043 0.325253
1 -0.815945 -0.673913 0.319973
1 -0.826397 -0.590365 0.314511
3 -0.827 -0.562291 0.316295
1 -0.827262 -0.573355 0.316543
2 -0.624326 -1.04854 0.330974
9 -0.716025 -0.818445 0.325964
3 -0.579373 -1.35033 0.338246
1 -0.614395 -1.25387 0.336524
4 -0.59126 -1.25107 0.332341
1 -0.581239 -1.2151 0.335017
2 -0.549839 -1.28532 0.34218
1 -0.722029 -0.795806 0.324871
2 -0.732525 -0.866842 0.32136
2 -0.74079 -0.83406 0.322538
3 -0.758899 -0.711787 0.32163
8 -0.737692 -0.726128 0.325932
4 -0.661669 -1.07754 0.331479
2 -0.704261 -1.00438 0.325684
4 -0.586772 -1.18663 0.33806
2 -0.586899 -1.20826 0.334473
2 -0.639789 -1.20866 0.328374
1 -0.820557 -0.583242 0.313163
4 -0.800375 -0.588266 0.315518
1 -0.739373 -0.844369 0.320188
1 -0.742058 -0.898429 0.320173
1 -0.722708 -0.851313 0.31959
2 -0.746986 -0.746037 0.322328
2 -0.798653 -0.613512 0.313149
1 -0.850246 -0.523517 0.312834
2 -0.835691 -0.540209 0.313975
2 -0.889065 -0.520646 0.304812
2 -0.699479 -0.983962 0.327326
1 -0.543263 -1.30478 0.342705
5 -0.557602 -1.25086 0.343075
3 -0.58118 -1.24318 0.338774
4 -0.62019 -0.988314 0.344589
4 -0.544277 -1.32486 0.341697
6 -0.509989 -1.41734 0.343505
4 -0.479328 -1.54742 0.344598
2 -0.432396 -1.76434 0.344074
1 -0.519506 -1.64499 0.331991
4 -0.665934 -1.1389 0.32393
3 -0.680348 -1.0739 0.322832
3 -0.654674 -1.31564 0.321836
1 -0.860596 -0.573151 0.311929
2 -0.772221 -0.997837 0.311347
1 -0.603543 -1.28228 0.336614
7 -0.729058 -0.791198 0.331564
1 -0.656409 -1.01911 0.337265
2 -0.798534 -0.836531 0.307486
2 -0.802385 -0.817302 0.307408
1 -0.71284 -0.919314 0.320015
1 -0.681872 -0.871685 0.332957
4 -0.704764 -0.819849 0.332303
5 -0.71162 -0.983095 0.324483
3 -0.7858 -0.669682 0.321572
1 -0.810828 -0.647586 0.312552
3 -0.703136 -0.97661 0.320955
6 -0.559895 -1.43767 0.335387
4 -0.586599 -1.26363 0.336814
5 -0.654702 -0.992566 0.333677
8 -0.649345 -0.944201 0.333285
3 -0.743203 -0.680485 0.32882
2 -0.756979 -0.686785 0.331422
9 -0.762291 -0.66378 0.318711
3 -0.773356 -0.737678 0.32297
3 -0.667217 -1.32628 0.319266
8 -0.707471 -1.16789 0.315332
2 -0.763687 -0.955869 0.314202
3 -0.624854 -1.06099 0.340586
1 -0.722184 -0.834933 0.322153
1 -0.68205 -1.06742 0.323109
8 -0.719265 -1.05448 0.311298
3 -0.642169 -1.18483 0.328526
1 -0.592139 -1.43859 0.332766
2 -0.637068 -1.25387 0.331914
2 -0.621851 -1.33426 0.333249
3 -0.591919 -1.513 0.333348
5 -0.775769 -0.610813 0.319755
2 -0.72796 -0.746558 0.322886
1 -0.656623 -1.17637 0.32242
2 -0.671831 -1.23894 0.324661
4 -0.796928 -0.786732 0.316503
2 -0.786756 -0.809824 0.31945
3 -0.750769 -0.93854 0.323087
1 -0.707515 -1.01146 0.322478
5 -0.751425 -0.841694 0.323045
1 -0.755615 -0.823843 0.322734
11 -0.739788 -0.920465 0.316528
4 -0.682096 -1.2475 0.320782
3 -0.64073 -1.3912 0.315385
2 -0.90683 -0.456223 0.301898
2 -0.78397 -0.630889 0.319523
1 -0.779325 -0.682047 0.320549
5 -0.763392 -0.753244 0.320909
5 -0.687446 -0.992511 0.32558
2 -0.612133 -1.31418 0.328549
2 -0.670165 -1.11799 0.318737
8 -0.587594 -1.23679 0.334022
2 -0.713975 -0.958579 0.322123
4 -0.864017 -0.57079 0.308117
4 -0.822125 -0.681464 0.312379
2 -0.699833 -0.726954 0.337603
4 -0.686811 -0.849776 0.33874
2 -0.675689 -0.972359 0.341457
3 -0.80623 -0.474035 0.324257
1 -0.753301 -0.7211 0.323345
2 -0.767846 -0.793358 0.31977
2 -0.787234 -0.788738 0.311724
3 -0.77427 -0.789951 0.311525
1 -0.737225 -0.861753 0.31676
1 -0.727756 -0.856121 0.319688
2 -0.760307 -0.638891 0.325963
1 -0.717633 -0.734701 0.331326
2 -0.650457 -0.930508 0.336165
4 -0.589209 -1.18256 0.335387
2 -0.683816 -0.876678 0.334014
2 -0.631077 -1.05547 0.338767
1 -0.522866 -1.43889 0.350994
1 -0.446885 -1.86089 0.340034
2 -0.530502 -1.53491 0.334551
4 -0.540849 -1.60011 0.334049
1 -0.551841 -1.46019 0.333819
5 -0.572077 -1.44544 0.332282
7 -0.735506 -0.952379 0.322669
1 -0.73289 -0.831548 0.327086
2 -0.726394 -1.04493 0.318138
2 -0.5261 -1.68086 0.330959
1 -0.701749 -0.950484 0.324833
2 -0.573071 -1.32429 0.340936
5 -0.630619 -1.16539 0.335697
3 -0.672678 -1.15003 0.328614
3 -0.659762 -1.15288 0.327855
1 -0.794256 -0.677559 0.317004
3 -0.665167 -1.11682 0.322189
2 -0.67179 -1.05842 0.331775
1 -0.74369 -0.853093 0.32352
2 -0.70661 -0.842047 0.327216
4 -0.756085 -0.86268 0.314195
9 -0.74475 -0.883074 0.315905
9 -0.719002 -1.00276 0.317891
4 -0.716468 -1.01593 0.31819
4 -0.536005 -1.51518 0.338372
1 -0.526574 -1.53626 0.33517
1 -0.703741 -1.05874 0.318515
2 -0.729594 -0.606425 0.334472
1 -0.570395 -1.28573 0.333562
1 -0.529047 -1.40764 0.3399
1 -0.483663 -1.55597 0.343566
1 -0.567826 -1.54634 0.323732
1 -0.533054 -1.44866 0.334067
2 -0.603118 -1.21695 0.327557
1 -0.566556 -1.29142 0.334132
4 -0.575659 -1.23283 0.336416
3 -0.630706 -1.09535 0.333396
2 -0.617682 -1.24959 0.329104
4 -0.591137 -1.31353 0.33653
1 -0.757479 -0.8148 0.319559
1 -0.63706 -1.22713 0.323736
1 -0.740016 -0.86151 0.323928
2 -0.767585 -0.772875 0.317931
2 -0.546841 -1.4229 0.339596
2 -0.725495 -0.885763 0.320871
1 -0.707225 -0.925933 0.325925
4 -0.663569 -1.10252 0.333794
9 -0.637894 -1.2295 0.331738
4 -0.746975 -0.709378 0.330342
9 -0.759518 -0.737066 0.325608
9 -0.802443 -0.567992 0.326995
4 -0.722587 -0.732291 0.336202
1 -0.575945 -1.32527 0.342521
1 -0.628427 -1.16166 0.337831
2 -0.60709 -1.24418 0.339665
2 -0.53804 -1.35158 0.344559
1 -0.549609 -1.49386 0.332934
1 -0.514802 -1.62792 0.330672
3 -0.795245 -0.632386 0.322648
1 -0.708626 -0.869164 0.327799
3 -0.650688 -1.05351 0.332196
1 -0.525286 -1.51884 0.334491
2 -0.49238 -1.79958 0.337063
1 -0.582188 -1.37545 0.330079
1 -0.689122 -0.82013 0.329074
7 -0.65102 -1.11054 0.325715
1 -0.566675 -1.41721 0.336945
1 -0.75085 -0.79319 0.322801
2 -0.72646 -0.758274 0.322154
1 -0.690045 -0.900949 0.324172
5 -0.647788 -1.04119 0.330048
3 -0.614539 -1.36787 0.331535
2 -0.579308 -1.42541 0.331085
1 -0.539932 -1.34979 0.341746
3 -0.595137 -1.33156 0.332983
1 -0.643762 -1.13727 0.32833
1 -0.639646 -1.05281 0.327408
5 -0.610636 -1.27163 0.333579
2 -0.694368 -1.08984 0.323082
8 -0.686624 -1.13299 0.327763
11 -0.724079 -0.885012 0.331956
1 -0.585577 -1.54663 0.332313
7 -0.663023 -1.13698 0.324252
1 -0.721081 -0.807932 0.323994
3 -0.725699 -0.827413 0.32802
2 -0.625402 -1.34353 0.331293
2 -0.719449 -1.11873 0.318835
1 -0.726082 -1.07981 0.314507
1 -0.721197 -1.18423 0.314869
1 -0.621629 -1.29785 0.328647
1 -0.770036 -0.812031 0.316469
1 -0.713112 -0.958535 0.324656
1 -0.496087 -1.60217 0.341963
2 -0.557786 -1.58972 0.324008
1 -0.665295 -0.967195 0.325284
7 -0.512063 -1.45657 0.344618
1 -0.470458 -1.54901 0.354161
6 -0.536643 -1.2894 0.34966
2 -0.661539 -1.05311 0.331284
2 -0.613947 -1.13463 0.336993
4 -0.705379 -0.988024 0.323981
1 -0.701467 -1.06407 0.324293
2 -0.652418 -1.31448 0.322747
1 -0.804604 -0.665981 0.312078
1 -0.695051 -0.965575 0.32364
1 -0.743422 -0.770224 0.323846
3 -0.681228 -0.867293 0.330051
7 -0.825012 -0.469569 0.317585
2 -0.570469 -1.26304 0.338594
2 -0.596664 -1.17689 0.335996
9 -0.613169 -1.11069 0.334643
1 -0.704775 -0.852824 0.326363
4 -0.587837 -1.17361 0.34247
2 -0.570878 -1.46984 0.335436
3 -0.711302 -1.04815 0.324712
3 -0.668215 -1.23104 0.32864
8 -0.648473 -1.16965 0.332389
2 -0.681219 -1.06151 0.330509
3 -0.654597 -0.916397 0.335222
4 -0.68099 -0.858588 0.329766
6 -0.627381 -1.06361 0.333578
5 -0.794222 -0.752958 0.313707
3 -0.739459 -0.772517 0.322661
3 -0.639895 -1.3396 0.327021
3 -0.645467 -1.28117 0.328885
10 -0.776508 -0.974014 0.305187
3 -0.651352 -1.18837 0.317434
5 -0.620792 -1.30748 0.319991
6 -0.571796 -1.40679 0.328224
1 -0.651805 -1.04682 0.330419
2 -0.664816 -1.11699 0.328621
1 -0.681756 -1.07275 0.328225
2 -0.644322 -1.14929 0.324983
1 -0.64303 -1.09163 0.325588
3 -0.635495 -1.24592 0.323102
1 -0.639358 -1.25879 0.329396
7 -0.652024 -1.07227 0.330341
4 -0.65858 -1.07787 0.333316
1 -0.76357 -0.804988 0.320597
2 -0.761264 -0.896791 0.319642
1 -0.843013 -0.629078 0.311974
4 -0.87639 -0.434199 0.313537
3 -0.599929 -1.45916 0.329778
1 -0.75694 -0.726 0.326095
6 -0.701432 -0.939052 0.329113
4 -0.724357 -0.974221 0.319192
3 -0.838038 -0.576853 0.312817
1 -0.726934 -0.891632 0.324436
1 -0.706516 -0.99848 0.316939
1 -0.791257 -0.692641 0.316326
3 -0.5777 -1.37837 0.328247
5 -0.524989 -1.60017 0.343108
1 -0.379174 -1.93803 0.353915
1 -0.709402 -1.12802 0.318008
2 -0.670487 -1.1555 0.328303
4 -0.695859 -0.858558 0.33275
1 -0.718006 -0.783061 0.330049
1 -0.487794 -1.63176 0.344705
1 -0.672295 -1.2698 0.327361
1 -0.699182 -1.28351 0.318425
1 -0.715299 -1.25941 0.319656
3 -0.787026 -1.04387 0.304953
1 -0.756377 -1.1001 0.307788
3 -0.780613 -0.982254 0.305785
5 -0.726056 -1.17282 0.311524
2 -0.570623 -1.3498 0.335029
5 -0.580786 -1.30558 0.339163
2 -0.713307 -0.85704 0.330416
4 -0.672736 -0.994706 0.333837
2 -0.743281 -0.869845 0.322196
1 -0.755916 -0.857535 0.316988
1 -0.752616 -0.792587 0.318049
2 -0.613594 -1.34519 0.334254
1 -0.605707 -1.25254 0.341717
1 -0.653207 -1.1611 0.328771
1 -0.535844 -1.41859 0.338723
1 -0.448253 -1.64615 0.34496
2 -0.433738 -1.81335 0.344031
5 -0.701214 -1.01932 0.323546
4 -0.598288 -1.4379 0.330385
7 -0.740771 -0.9309 0.314915
3 -0.750258 -0.851077 0.317816
3 -0.735527 -0.87534 0.320532
1 -0.814568 -0.789828 0.312743
1 -0.78514 -0.785566 0.314679
6 -0.536254 -1.73051 0.325106
3 -0.387815 -2.07011 0.344126
5 -0.36643 -2.17944 0.35204
3 -0.43276 -1.98828 0.341275
7 -0.799228 -0.645682 0.309749
5 -0.687748 -1.05001 0.322271
3 -0.786307 -0.817259 0.317133
2 -0.713578 -1.13354 0.321351
3 -0.688308 -1.19396 0.323876
2 -0.720488 -0.937905 0.325112
4 -0.656256 -1.10881 0.330655
1 -0.633849 -1.18874 0.331876
3 -0.679279 -1.02945 0.328535
4 -0.596117 -1.26755 0.334471
1 -0.641084 -1.22129 0.322811
2 -0.727454 -0.831526 0.320356
3 -0.798413 -0.571024 0.319975
2 -0.731057 -0.915597 0.323539
8 -0.758805 -0.800498 0.32264
1 -0.729303 -0.898183 0.326818
7 -0.588735 -1.37378 0.332045
5 -0.54487 -1.55937 0.328978
2 -0.656792 -1.22792 0.320502
2 -0.686601 -1.20128 0.320943
1 -0.626533 -1.38391 0.325685
7 -0.623555 -1.45269 0.324115
1 -0.670784 -1.2308 0.323506
17 -0.748308 -1.01691 0.316629
4 -0.698925 -1.05969 0.321769
2 -0.816616 -0.756467 0.31253
2 -0.564409 -1.51892 0.337419
5 -0.668678 -1.28711 0.321859
1 -0.647801 -1.30921 0.3292
2 -0.667408 -1.30162 0.316588
3 -0.696857 -0.936124 0.320629
2 -0.74959 -0.895655 0.317779
1 -0.650561 -1.04961 0.33056
1 -0.528808 -1.43964 0.337093
1 -0.559595 -1.49691 0.331973
1 -0.666318 -1.07757 0.326332
1 -0.637333 -1.23805 0.323359
1 -0.701532 -0.968401 0.323552
2 -0.538483 -1.54461 0.33878
2 -0.639677 -1.28861 0.331912
1 -0.671245 -1.23443 0.3168
1 -0.69429 -1.11912 0.318796
3 -0.68066 -1.21041 0.318275
1 -0.624192 -1.38323 0.320937
15 -0.699164 -0.980539 0.32328
2 -0.705711 -0.861748 0.327525
5 -0.663597 -1.02169 0.32951
1 -0.566125 -1.64792 0.325451
1 -0.569639 -1.5815 0.326528
6 -0.556246 -1.70651 0.329496
1 -0.617045 -1.40721 0.323743
1 -0.618261 -1.40264 0.323687
2 -0.638168 -1.27771 0.329297
3 -0.618796 -1.19684 0.339115
3 -0.659547 -1.14918 0.329163
6 -0.652482 -1.18331 0.329088
1 -0.662216 -1.19649 0.326053
1 -0.745906 -0.924603 0.317611
1 -0.61599 -1.23809 0.332099
1 -0.731153 -0.704274 0.328513
4 -0.819009 -0.548498 0.321427
2 -0.785093 -0.547979 0.324548
1 -0.738737 -0.687163 0.331969
6 -0.704587 -0.910776 0.326682
2 -0.732268 -0.966293 0.319704
4 -0.597253 -1.22199 0.341911
4 -0.780378 -0.765127 0.323228
2 -0.724654 -0.982886 0.32308
2 -0.667686 -1.13132 0.326123
2 -0.584955 -1.38415 0.342555
1 -0.573647 -1.47251 0.341796
2 -0.571791 -1.46779 0.340866
5 -0.650255 -1.18455 0.333913
1 -0.629598 -1.22026 0.332139
5 -0.622043 -1.34498 0.325794
1 -0.679978 -1.14959 0.330886
2 -0.636549 -1.20985 0.322237
1 -0.656139 -1.22849 0.318902
2 -0.631736 -1.3828 0.319481
2 -0.601285 -1.4312 0.323409
1 -0.539435 -1.53825 0.331198
2 -0.560038 -1.48124 0.329132
5 -0.596788 -1.3842 0.324984
1 -0.584746 -1.39436 0.332239
2 -0.533027 -1.57102 0.33642
1 -0.524583 -1.59714 0.337741
1 -0.521129 -1.63142 0.333854
2 -0.492912 -1.65405 0.338569
1 -0.595758 -1.21472 0.335912
1 -0.54038 -1.47339 0.343282
4 -0.584575 -1.47744 0.33312
7 -0.65382 -1.10558 0.334221
6 -0.648823 -1.11387 0.328161
1 -0.708739 -0.910415 0.325792
1 -0.731924 -0.985589 0.319601
1 -0.787256 -0.528801 0.32656
2 -0.60164 -1.30279 0.334659
9 -0.566783 -1.39299 0.337204
1 -0.526869 -1.65696 0.330065
1 -0.390942 -2.03866 0.341356
5 -0.590382 -1.37238 0.335879
6 -0.538562 -1.28302 0.342174
3 -0.752757 -0.696347 0.318543
4 -0.805334 -0.636424 0.315036
5 -0.721531 -0.802992 0.32607
2 -0.782409 -0.605232 0.322717
5 -0.702491 -0.931801 0.328202
3 -0.734586 -0.816108 0.328011
1 -0.751334 -0.789489 0.325885
12 -0.772166 -0.864911 0.32023
3 -0.698183 -1.11344 0.31973
1 -0.71902 -0.661694 0.330451
2 -0.622 -1.13615 0.337162
2 -0.655536 -1.13085 0.32946
4 -0.634791 -1.04767 0.332937
8 -0.638241 -1.13055 0.325401
1 -0.744005 -0.842993 0.318728
2 -0.743174 -0.926083 0.316558
1 -0.668492 -1.18967 0.319059
5 -0.577158 -1.56973 0.322588
1 -0.493018 -1.53731 0.347397
1 -0.596928 -1.12678 0.334817
1 -0.628432 -0.951389 0.332762
1 -0.62984 -0.982672 0.332681
1 -0.610505 -1.12095 0.330459
1 -0.731238 -0.924948 0.316018
1 -0.726766 -0.955463 0.318591
4 -0.733111 -0.884147 0.321332
1 -0.717665 -0.900804 0.322687
3 -0.641702 -1.10353 0.331038
2 -0.638397 -1.21168 0.335165
5 -0.786039 -0.737069 0.3189
6 -0.556693 -1.28553 0.343924
2 -0.560069 -1.25482 0.344128
2 -0.670189 -0.923557 0.336612
2 -0.741097 -0.826397 0.322146
6 -0.644451 -1.17174 0.330127
3 -0.670694 -1.09857 0.327345
4 -0.693558 -1.0544 0.328398
1 -0.770944 -0.787032 0.322201
4 -0.783274 -0.742684 0.32139
2 -0.831315 -0.569947 0.319494
6 -0.874871 -0.56205 0.3106
1 -0.870809 -0.522011 0.311267
4 -0.732365 -0.901149 0.328501
2 -0.562923 -1.32887 0.333752
1 -0.610817 -1.16342 0.329626
1 -0.769225 -0.63687 0.322323
2 -0.804889 -0.538311 0.319679
2 -0.847934 -0.433574 0.313487
1 -0.742874 -0.978283 0.31264
1 -0.497946 -1.83812 0.335919
1 -0.710625 -0.802336 0.329381
4 -0.691482 -0.951469 0.325991
1 -0.687107 -0.964835 0.327339
5 -0.627774 -1.41684 0.324095
2 -0.628355 -1.26388 0.328923
1 -0.679381 -1.22358 0.322138
2 -0.569609 -1.56197 0.332529
5 -0.442299 -1.99546 0.338091
2 -0.414308 -2.07631 0.340312
1 -0.493086 -1.69365 0.338458
3 -0.657236 -1.08743 0.335691
2 -0.661845 -1.02498 0.327444
2 -0.752167 -0.955773 0.31501
2 -0.702924 -1.02934 0.318847
2 -0.642118 -1.16287 0.324578
4 -0.682963 -0.920608 0.325324
1 -0.71633 -0.762423 0.327652
1 -0.525722 -1.59221 0.338152
6 -0.559108 -1.4676 0.335438
2 -0.583054 -1.38136 0.332429
2 -0.728383 -0.986609 0.320146
3 -0.7408 -0.898611 0.319596
3 -0.796156 -0.545471 0.320179
4 -0.753411 -0.698246 0.323375
3 -0.642542 -1.0657 0.323904
4 -0.671914 -1.25565 0.321451
4 -0.543963 -1.58936 0.331739
1 -0.682761 -1.10128 0.326434
5 -0.62952 -1.28445 0.321553
5 -0.740645 -0.914701 0.317007
2 -0.770531 -0.964476 0.31314
1 -0.693437 -0.922706 0.330965
1 -0.673515 -1.07315 0.327794
1 -0.621632 -1.25824 0.330695
3 -0.625789 -1.44469 0.329673
3 -0.607362 -1.50265 0.329166
4 -0.512803 -1.68288 0.342837
10 -0.66485 -1.35357 0.320393
5 -0.519801 -1.78248 0.336994
2 -0.632973 -1.35027 0.329759
6 -0.605934 -1.43861 0.325776
1 -0.647994 -1.36375 0.319026
2 -0.665172 -1.28153 0.318897
1 -0.645019 -1.29126 0.323365
1 -0.519722 -1.55032 0.334471
1 -0.517184 -1.41846 0.341991
2 -0.624811 -0.935817 0.339279
4 -0.65975 -0.927352 0.334443
5 -0.678937 -0.942827 0.331441
4 -0.579266 -1.24798 0.342063
1 -0.575086 -1.3644 0.339333
1 -0.58951 -1.35106 0.335467
7 -0.419818 -1.7397 0.354595
1 -0.487654 -1.34286 0.347309
3 -0.721192 -0.948525 0.32409
3 -0.684012 -1.09378 0.326388
2 -0.806869 -0.735237 0.317987
6 -0.515053 -1.71348 0.340548
1 -0.601808 -1.44089 0.333886
2 -0.671178 -1.14884 0.331013
2 -0.763726 -0.796427 0.323327
5 -0.739844 -0.762642 0.322845
2 -0.734596 -0.840275 0.32062
1 -0.735157 -0.848581 0.320417
7 -0.824695 -0.560056 0.320111
3 -0.695925 -0.945572 0.329428
3 -0.762668 -0.680227 0.327575
1 -0.821489 -0.436127 0.326509
2 -0.855033 -0.419802 0.317351
2 -0.71307 -0.967173 0.32784
1 -0.769642 -0.756698 0.320141
1 -0.730827 -0.854102 0.32205
2 -0.569973 -1.35315 0.334574
6 -0.758098 -0.742431 0.318919
7 -0.744836 -0.758392 0.323316
2 -0.733633 -0.796895 0.32478
2 -0.755938 -0.760221 0.321368
6 -0.597116 -1.06913 0.339863
5 -0.595433 -1.21501 0.344794
4 -0.757422 -0.551368 0.331754
1 -0.644971 -0.839539 0.340703
3 -0.589653 -1.07519 0.342066
2 -0.638933 -1.03693 0.332606
5 -0.663177 -1.02983 0.327852
3 -0.778335 -0.613535 0.317421
3 -0.776411 -0.695658 0.312603
2 -0.772312 -0.734104 0.317399
1 -0.703235 -1.16836 0.317656
6 -0.684525 -1.03191 0.322559
4 -0.653147 -1.11372 0.32606
4 -0.701919 -0.886378 0.33743
1 -0.574686 -1.60118 0.324394
1 -0.827135 -0.745021 0.309718
1 -0.789486 -0.842236 0.310856
4 -0.787787 -0.853088 0.310802
3 -0.833507 -0.770687 0.308042
1 -0.732214 -1.10281 0.315995
2 -0.783113 -0.931089 0.311616
3 -0.70923 -1.25757 0.313889
1 -0.645463 -1.41677 0.320761
2 -0.738885 -0.807238 0.32698
2 -0.754371 -0.756955 0.32614
8 -0.674264 -1.05972 0.32932
5 -0.715985 -1.00357 0.318436
3 -0.618904 -1.24326 0.324691
3 -0.760683 -0.772679 0.323536
1 -0.540787 -1.59799 0.336174
2 -0.774714 -0.762632 0.319177
9 -0.749266 -0.781026 0.320098
2 -0.703194 -0.88159 0.321387
1 -0.735736 -1.04678 0.31279
3 -0.645042 -1.27971 0.317786
1 -0.921662 -0.34094 0.310534
8 -0.866214 -0.595739 0.311723
1 -0.787406 -0.700054 0.321294
2 -0.803932 -0.642138 0.321638
1 -0.770424 -0.828344 0.323958
1 -0.639177 -1.05318 0.339866
3 -0.548259 -1.53141 0.33309
3 -0.467902 -1.89144 0.337896
1 -0.425835 -2.06871 0.339351
1 -0.624906 -1.37234 0.315132
2 -0.809436 -0.509147 0.32122
3 -0.73004 -0.799115 0.328394
2 -0.572566 -1.38109 0.333871
1 -0.764145 -0.737336 0.315811
2 -0.744148 -0.888345 0.31686
5 -0.741618 -0.867189 0.318342
7 -0.720706 -0.901456 0.317741
1 -0.777798 -0.752658 0.310753
4 -0.77911 -0.717628 0.31126
2 -0.781208 -0.786738 0.307951
5 -0.844373 -0.478614 0.315484
3 -0.882583 -0.374794 0.308145
1 -0.527741 -1.57067 0.335436
2 -0.519919 -1.55879 0.334925
2 -0.42163 -1.91482 0.343522
5 -0.485714 -1.62937 0.344467
1 -0.723973 -0.911475 0.319402
6 -0.687313 -0.974193 0.326544
9 -0.68116 -0.931698 0.333145
4 -0.768078 -0.772648 0.316664
4 -0.603241 -1.42095 0.325376
4 -0.664761 -1.11102 0.329281
8 -0.611304 -1.21304 0.334135
4 -0.634359 -1.07736 0.333705
6 -0.735255 -0.720621 0.330704
1 -0.62862 -1.01356 0.331878
5 -0.606173 -1.14386 0.334847
1 -0.614041 -1.07099 0.338614
2 -0.733603 -0.807576 0.3225
2 -0.38811 -2.01392 0.346562
2 -0.767098 -0.729189 0.318149
1 -0.612547 -1.2353 0.330962
1 -0.600047 -1.3041 0.337299
2 -0.64649 -1.19426 0.327312
1 -0.634399 -1.17738 0.328443
1 -0.500348 -1.64309 0.345298
2 -0.655266 -0.92672 0.340775
3 -0.712832 -0.834918 0.33134
1 -0.584512 -1.33884 0.332542
3 -0.515532 -1.46976 0.340162
3 -0.579159 -1.38232 0.329688
5 -0.542044 -1.51901 0.331473
4 -0.542538 -1.5182 0.331392
3 -0.430294 -1.94591 0.337257
1 -0.567121 -1.61963 0.321721
2 -0.565115 -1.58788 0.325182
1 -0.651533 -1.27767 0.31951
1 -0.731655 -1.01587 0.312544
1 -0.730638 -0.993249 0.312017
1 -0.713931 -1.10597 0.312768
1 -0.693778 -0.970368 0.317362
2 -0.571625 -1.44584 0.332189
4 -0.686447 -1.16627 0.325607
3 -0.646634 -1.39207 0.32295
3 -0.524772 -1.52472 0.340999
6 -0.633654 -1.14171 0.33238
4 -0.784647 -0.633742 0.32722
3 -0.734702 -0.878818 0.322967
1 -0.750854 -0.83733 0.321993
1 -0.767486 -0.766576 0.320317
1 -0.706346 -0.917137 0.324427
1 -0.686878 -0.977024 0.326338
4 -0.665186 -1.026 0.328433
3 -0.613326 -1.18608 0.331197
1 -0.723 -0.923348 0.321701
5 -0.722138 -0.948058 0.323335
1 -0.497937 -1.69842 0.339402
2 -0.659694 -1.34406 0.317746
2 -0.620869 -1.48395 0.321344
4 -0.62933 -1.46999 0.320897
2 -0.650495 -1.16102 0.323992
1 -0.611371 -1.09879 0.334321
1 -0.661806 -1.07334 0.327358
3 -0.720435 -0.885874 0.32547
1 -0.768305 -0.651856 0.325976
1 -0.682653 -0.859301 0.334937
2 -0.533391 -1.39614 0.339652
4 -0.688968 -0.952255 0.325181
1 -0.588933 -1.43562 0.331027
5 -0.529394 -1.57707 0.337536
5 -0.6177 -1.29642 0.329072
2 -0.650674 -1.14544 0.327547
5 -0.685257 -0.971253 0.322785
1 -0.736426 -0.896116 0.320416
3 -0.652948 -1.17562 0.326779
4 -0.680423 -1.07502 0.327644
2 -0.515977 -1.53188 0.336924
1 -0.552208 -1.50011 0.337616
2 -0.686018 -1.04942 0.321835
6 -0.736172 -0.830242 0.319596
1 -0.822703 -0.654971 0.313318
3 -0.528032 -1.39245 0.340186
5 -0.502022 -1.49244 0.342336
1 -0.758868 -0.673981 0.323926
2 -0.697425 -0.876672 0.32394
4 -0.684322 -0.90556 0.326315
1 -0.814934 -0.812119 0.309855
1 -0.590496 -1.29499 0.330693
2 -0.710864 -0.826158 0.325831
3 -0.716124 -0.857035 0.324509
1 -0.73235 -0.89597 0.319506
1 -0.769644 -0.810955 0.313047
4 -0.633605 -1.22741 0.323995
1 -0.649939 -1.19764 0.322423
4 -0.641763 -1.21156 0.32268
8 -0.611493 -1.04787 0.337669
2 -0.747671 -0.755218 0.326039
7 -0.709267 -0.76965 0.327565
1 -0.650972 -1.06955 0.32614
3 -0.623029 -1.08901 0.329917
1 -0.529071 -1.50635 0.337092
2 -0.6534 -1.06579 0.324845
4 -0.738358 -0.716167 0.325344
1 -0.583506 -1.37038 0.334542
4 -0.551698 -1.41186 0.333009
2 -0.523075 -1.69368 0.327131
2 -0.508545 -1.73815 0.329685
4 -0.652443 -1.05991 0.321127
4 -0.781536 -0.725068 0.31616
5 -0.625792 -1.35889 0.323877
1 -0.632121 -0.992879 0.338306
1 -0.68541 -0.87293 0.334524
1 -0.732818 -0.696074 0.331584
6 -0.776684 -0.58327 0.327055
3 -0.801917 -0.531403 0.32162
1 -0.537318 -1.44724 0.338841
11 -0.639723 -1.15685 0.331466
1 -0.517867 -1.52084 0.334955
2 -0.585383 -1.19356 0.334977
1 -0.627418 -1.1482 0.330274
5 -0.588859 -1.45152 0.327111
1 -0.529649 -1.61496 0.335838
4 -0.809669 -0.61251 0.311748
2 -0.62325 -1.15552 0.328692
1 -0.617528 -1.20486 0.332917
7 -0.61286 -1.27875 0.330687
1 -0.638438 -1.28131 0.328429
7 -0.731242 -0.916001 0.319626
1 -0.536868 -1.26181 0.349786
1 -0.528586 -1.26278 0.351591
2 -0.478764 -1.72456 0.33946
2 -0.57876 -1.45771 0.336812
2 -0.582808 -1.4107 0.338325
1 -0.663886 -0.890857 0.332552
2 -0.677397 -1.01507 0.317555
1 -0.744547 -0.829793 0.316999
9 -0.851775 -0.525763 0.310261
1 -0.858183 -0.459678 0.309802
1 -0.509965 -1.56657 0.34009
2 -0.511997 -1.53422 0.345425
1 -0.585287 -1.42436 0.327984
4 -0.536261 -1.61939 0.338209
1 -0.587834 -1.41648 0.337987
2 -0.663626 -1.21784 0.32474
7 -0.759018 -0.822839 0.312826
1 -0.735636 -0.886397 0.316608
1 -0.645478 -1.08192 0.329346
3 -0.618634 -1.27964 0.322904
1 -0.722248 -0.910197 0.31834
4 -0.707087 -1.0111 0.32154
5 -0.677205 -1.06343 0.326781
1 -0.707161 -0.988769 0.324785
4 -0.524821 -1.57258 0.335402
6 -0.549207 -1.55481 0.330048
1 -0.562381 -1.50264 0.331334
10 -0.682267 -0.886546 0.333265
2 -0.58189 -1.43759 0.332822
1 -0.646606 -1.26978 0.329643
2 -0.518566 -1.64383 0.345503
1 -0.59376 -1.30601 0.342547
1 -0.654196 -1.07901 0.331987
2 -0.684253 -0.819888 0.333472
3 -0.740312 -0.863681 0.321818
8 -0.670219 -1.0028 0.329023
3 -0.525383 -1.51923 0.341499
5 -0.522501 -1.34312 0.351474
1 -0.670811 -1.02678 0.328719
3 -0.712439 -0.851244 0.320747
3 -0.69771 -0.955613 0.319024
4 -0.794517 -0.80693 0.309864
2 -0.826105 -0.663547 0.312167
1 -0.645946 -1.16133 0.325933
2 -0.651162 -1.15547 0.326059
3 -0.633336 -1.23011 0.334091
2 -0.579216 -1.40264 0.336132
1 -0.47319 -1.64258 0.347982
4 -0.686272 -1.03032 0.321661
2 -0.725923 -0.814174 0.32551
1 -0.794771 -0.619744 0.316736
3 -0.772948 -0.800967 0.316482
2 -0.751544 -1.05056 0.312181
3 -0.664906 -1.1524 0.324971
4 -0.564055 -1.38271 0.336184
4 -0.650463 -1.33422 0.322203
2 -0.676716 -1.17353 0.327779
1 -0.708837 -0.985994 0.326503
4 -0.7286 -0.826942 0.326821
1 -0.527271 -1.38631 0.344177
2 -0.657293 -0.9735 0.337608
2 -0.775516 -0.763089 0.322613
3 -0.714952 -0.907579 0.317948
7 -0.768535 -0.75219 0.32123
1 -0.765352 -0.871483 0.31988
6 -0.746606 -0.93184 0.321194
1 -0.779207 -0.832045 0.318961
1 -0.685359 -1.1594 0.319823
5 -0.467768 -1.76065 0.35032
4 -0.562458 -1.36587 0.344952
2 -0.659351 -1.11738 0.338471
9 -0.713227 -1.02475 0.326565
8 -0.647748 -1.21214 0.332009
1 -0.600194 -1.22258 0.338585
1 -0.609849 -1.29982 0.334256
5 -0.788815 -0.713882 0.317815
2 -0.738003 -0.869171 0.323317
1 -0.663485 -1.13528 0.330831
3 -0.622903 -1.21483 0.334097
1 -0.712937 -0.866654 0.327236
2 -0.668652 -1.10093 0.318592
1 -0.632892 -1.27555 0.318873
6 -0.678431 -0.95207 0.33048
2 -0.596692 -1.11862 0.337139
1 -0.6348 -1.01463 0.337988
1 -0.827602 -0.473013 0.311858
4 -0.860609 -0.475552 0.310002
4 -0.840981 -0.573697 0.311888
5 -0.697653 -1.03775 0.330447
1 -0.621109 -1.23754 0.337107
4 -0.693054 -0.897023 0.330685
6 -0.679398 -0.94153 0.327748
2 -0.592086 -1.1711 0.342436
2 -0.662882 -0.864335 0.341023
5 -0.652751 -1.218 0.323209
3 -0.619694 -1.32034 0.328548
4 -0.728683 -1.0762 0.315134
2 -0.681928 -1.18549 0.319749
13 -0.69602 -1.18732 0.316804
1 -0.58538 -1.44335 0.331716
1 -0.676321 -1.02278 0.327605
1 -0.620885 -1.32599 0.327328
6 -0.58544 -1.44323 0.330573
1 -0.59568 -1.38035 0.329538
1 -0.596162 -1.25212 0.334282
2 -0.530971 -1.51266 0.336568
1 -0.76621 -0.805456 0.322832
2 -0.769235 -0.8011 0.322705
2 -0.783137 -0.905037 0.317856
2 -0.72801 -1.00018 0.322654
1 -0.718834 -0.991672 0.319029
1 -0.752656 -0.869251 0.320082
1 -0.750671 -0.849324 0.324091
1 -0.57453 -1.2723 0.341879
3 -0.562679 -1.34097 0.340188
6 -0.545652 -1.39079 0.341916
5 -0.693036 -1.01182 0.324206
1 -0.682392 -1.04784 0.323457
2 -0.734935 -0.996407 0.312062
2 -0.660258 -1.01862 0.327068
2 -0.529815 -1.4252 0.340986
1 -0.57439 -1.24912 0.334299
1 -0.631364 -1.33141 0.329114
2 -0.708141 -1.18897 0.317664
2 -0.811923 -0.661539 0.308646
4 -0.768846 -0.817165 0.310773
1 -0.575347 -1.27479 0.338792
2 -0.52618 -1.38209 0.351241
3 -0.622668 -1.10202 0.34436
1 -0.645108 -1.16717 0.328673
1 -0.581156 -1.39058 0.333618
2 -0.707295 -0.874277 0.330827
2 -0.746528 -0.725255 0.324325
1 -0.767705 -0.72216 0.318704
1 -0.767488 -0.786932 0.324716
1 -0.792334 -0.604055 0.322559
3 -0.717386 -0.871293 0.322376
6 -0.640587 -1.06697 0.328129
2 -0.652878 -0.933852 0.331124
2 -0.702607 -0.804182 0.330474
1 -0.530911 -1.60987 0.338099
3 -0.677054 -1.13016 0.3129
1 -0.736217 -0.925782 0.311919
2 -0.69969 -1.00479 0.321828
2 -0.676918 -1.02221 0.32808
2 -0.626888 -1.2753 0.330939
3 -0.70822 -0.981484 0.32546
6 -0.6662 -1.16319 0.327382
8 -0.709143 -0.990826 0.323869
1 -0.694867 -1.01963 0.32568
2 -0.723955 -0.79754 0.320155
6 -0.757174 -0.720731 0.324052
2 -0.700611 -1.0438 0.319784
1 -0.620599 -1.26137 0.331643
1 -0.54183 -1.51173 0.338095
5 -0.643951 -1.11769 0.33277
2 -0.654716 -0.938997 0.344104
5 -0.632084 -1.07982 0.344768
1 -0.792553 -0.925575 0.311342
2 -0.597155 -1.54947 0.322256
2 -0.60238 -1.43127 0.325819
2 -0.673538 -1.14104 0.32223
3 -0.683797 -1.14121 0.319849
3 -0.681285 -1.21563 0.311246
2 -0.668546 -1.23094 0.312681
2 -0.635246 -1.30586 0.326262
4 -0.561581 -1.29275 0.339672
3 -0.627282 -1.24051 0.336338
5 -0.538379 -1.47668 0.33671
4 -0.525761 -1.52716 0.337763
5 -0.443072 -1.73598 0.347036
8 -0.476192 -1.64009 0.34516
4 -0.375819 -1.92676 0.353062
4 -0.388235 -1.86967 0.354164
4 -0.560228 -1.29959 0.340545
1 -0.747074 -0.670994 0.325919
1 -0.796105 -0.649572 0.318303
4 -0.778658 -0.666304 0.323763
1 -0.570173 -1.28614 0.333224
1 -0.618488 -1.32436 0.323646
2 -0.608111 -1.33399 0.326579
2 -0.570572 -1.45621 0.330729
9 -0.552912 -1.3987 0.335559
1 -0.620979 -1.17225 0.337112
2 -0.674738 -0.968585 0.331919
1 -0.765879 -0.720505 0.319939
2 -0.784369 -0.621777 0.321299
6 -0.646949 -0.99095 0.333242
2 -0.729334 -0.89883 0.326075
2 -0.626856 -1.19419 0.334771
3 -0.598132 -1.25148 0.324469
1 -0.529684 -1.44641 0.336341
2 -0.635252 -0.976728 0.332622
5 -0.640595 -1.05471 0.336794
1 -0.702467 -0.947401 0.327987
9 -0.83984 -0.630785 0.310228
5 -0.661852 -1.22084 0.327135
1 -0.62934 -1.20295 0.32928
1 -0.711968 -0.97739 0.321244
4 -0.674573 -1.09534 0.325967
1 -0.678997 -1.06674 0.328072
5 -0.703183 -1.0072 0.325012
2 -0.696557 -1.02124 0.32946
1 -0.795554 -0.695267 0.317945
3 -0.712082 -0.96771 0.324675
2 -0.677266 -1.19038 0.323082
2 -0.684586 -1.07696 0.324483
9 -0.708909 -0.90502 0.326711
2 -0.541889 -1.4572 0.339219
5 -0.473225 -1.58627 0.353783
4 -0.722581 -1.06789 0.324176
2 -0.769161 -0.808448 0.322281
1 -0.729521 -0.959858 0.324237
1 -0.659855 -1.13097 0.326406
3 -0.605337 -1.24182 0.335772
2 -0.617321 -1.15605 0.339359
2 -0.623706 -1.16722 0.333563
4 -0.59657 -1.19962 0.338152
5 -0.683236 -1.06377 0.32628
2 -0.731087 -0.848826 0.321947
1 -0.850059 -0.458409 0.314856
1 -0.726749 -0.875716 0.321295
2 -0.733946 -0.862681 0.320869
2 -0.546437 -1.46161 0.339561
3 -0.590567 -1.48625 0.332761
1 -0.53493 -1.53951 0.34617
2 -0.545308 -1.52075 0.344606
2 -0.573594 -1.27241 0.345382
3 -0.538459 -1.26118 0.341861
3 -0.409499 -1.91349 0.3422
3 -0.619985 -1.11916 0.32832
2 -0.633629 -1.22654 0.324176
6 -0.681907 -1.12035 0.329311
5 -0.580178 -1.52415 0.32985
2 -0.677669 -1.19429 0.319881
1 -0.606807 -1.19911 0.334671
5 -0.632706 -1.18114 0.333344
4 -0.477339 -1.63722 0.3452
1 -0.494622 -1.56011 0.343202
3 -0.615882 -1.46259 0.329236
2 -0.558183 -1.56569 0.334776
2 -0.503222 -1.74335 0.335164
1 -0.644879 -1.11066 0.321419
4 -0.609659 -1.18616 0.337121
1 -0.697438 -0.860255 0.332848
2 -0.503862 -1.57587 0.34023
4 -0.492271 -1.48831 0.344385
2 -0.734856 -0.869318 0.325683
4 -0.636437 -1.12101 0.341476
1 -0.707614 -0.927489 0.336341
2 -0.790975 -0.729382 0.320156
1 -0.6355 -1.32992 0.324475
5 -0.64935 -1.32757 0.320866
5 -0.638232 -1.38776 0.322668
1 -0.644113 -1.17535 0.327359
1 -0.570729 -1.35015 0.335455
6 -0.583265 -1.32428 0.332669
2 -0.659051 -1.12368 0.325013
6 -0.670217 -1.10545 0.322514
4 -0.600797 -1.38625 0.328602
1 -0.765732 -0.894608 0.313699
2 -0.751096 -0.935786 0.313468
4 -0.69569 -1.04761 0.325629
2 -0.610143 -1.3013 0.328579
2 -0.70457 -0.872793 0.324939
1 -0.802838 -0.477882 0.325016
2 -0.803091 -0.490763 0.3233
4 -0.704643 -0.913637 0.324009
5 -0.659459 -1.14623 0.323375
3 -0.676565 -0.959411 0.332914
4 -0.744152 -0.731024 0.329201
5 -0.690961 -1.05265 0.330988
2 -0.641798 -1.1487 0.339692
4 -0.782967 -0.744427 0.32422
2 -0.708116 -0.913195 0.325924
2 -0.698599 -1.19441 0.31845
7 -0.601102 -1.35924 0.331142
4 -0.69005 -1.06804 0.324064
1 -0.711753 -0.966847 0.318334
7 -0.678824 -0.859741 0.336322
4 -0.743071 -0.678594 0.331466
1 -0.718819 -0.78118 0.328477
1 -0.596768 -1.35842 0.331808
2 -0.57183 -1.35367 0.330462
1 -0.573584 -1.35881 0.327842
2 -0.55126 -1.31015 0.33893
1 -0.619283 -1.06356 0.336639
5 -0.568498 -1.26503 0.339615
1 -0.668717 -1.10613 0.323626
2 -0.745242 -0.886247 0.317619
3 -0.598246 -1.42078 0.327603
2 -0.608501 -1.30188 0.322931
3 -0.611568 -1.30211 0.320872
2 -0.446019 -1.76818 0.340568
1 -0.645541 -1.21082 0.327381
1 -0.503133 -1.55043 0.34078
4 -0.560234 -1.33759 0.338335
9 -0.56177 -1.34282 0.336797
2 -0.597775 -1.23553 0.33524
2 -0.577335 -1.41227 0.334335
15 -0.673361 -0.977244 0.33159
1 -0.685175 -1.02442 0.324333
3 -0.647141 -1.1443 0.330531
3 -0.671007 -1.14005 0.328177
2 -0.542132 -1.35302 0.342019
1 -0.604222 -1.28597 0.329334
1 -0.562916 -1.42122 0.33366
2 -0.657671 -1.09545 0.328739
1 -0.515633 -1.59186 0.336472
9 -0.556104 -1.51977 0.333206
1 -0.727066 -1.00561 0.317784
1 -0.682867 -1.13931 0.318178
3 -0.736154 -0.989398 0.314451
2 -0.674538 -1.10213 0.325304
1 -0.642068 -1.36075 0.326049
4 -0.631276 -1.23136 0.331189
3 -0.655056 -1.40492 0.318599
2 -0.614704 -1.52456 0.319417
4 -0.641054 -1.19121 0.32733
1 -0.592573 -1.32719 0.328495
6 -0.710016 -1.08426 0.316318
5 -0.683006 -1.10806 0.319802
3 -0.754171 -0.868286 0.320337
1 -0.79823 -0.664721 0.322661
6 -0.814511 -0.5903 0.323953
1 -0.691439 -1.05575 0.331836
7 -0.708242 -1.0873 0.323348
1 -0.637307 -1.05149 0.340411
5 -0.704668 -0.873678 0.325015
1 -0.594706 -1.07233 0.344322
2 -0.516596 -1.47856 0.347367
1 -0.60854 -1.3489 0.336526
1 -0.718444 -0.68019 0.330192
2 -0.707612 -0.85273 0.325635
4 -0.741131 -0.697422 0.321422
3 -0.769165 -0.774566 0.309831
1 -0.683981 -1.06288 0.318767
1 -0.762647 -0.763878 0.31807
1 -0.688116 -1.00283 0.322613
1 -0.461296 -1.86963 0.343618
1 -0.601366 -1.47327 0.322205
1 -0.544388 -1.59872 0.327751
3 -0.698196 -0.968063 0.327062
2 -0.696288 -0.984604 0.327424
5 -0.74859 -0.867581 0.322903
1 -0.668526 -1.13652 0.323758
5 -0.763349 -0.812809 0.318814
6 -0.574769 -1.34281 0.335471
4 -0.623398 -1.13075 0.343056
7 -0.630453 -1.00061 0.338974
2 -0.646703 -1.27887 0.323798
1 -0.607829 -1.16575 0.332392
2 -0.590441 -1.12961 0.338337
2 -0.546437 -1.21048 0.347195
2 -0.567451 -1.22156 0.338533
2 -0.704912 -0.884084 0.323851
2 -0.671151 -1.03004 0.328789
3 -0.637773 -1.32767 0.324557
1 -0.695908 -1.04976 0.319036
4 -0.456611 -1.72274 0.353847
1 -0.570845 -1.42962 0.340021
2 -0.702901 -0.900559 0.323635
2 -0.693753 -0.960988 0.324417
2 -0.777431 -0.723692 0.320387
1 -0.811372 -0.719108 0.312941
1 -0.826545 -0.639579 0.314129
3 -0.681689 -1.12839 0.324217
2 -0.69923 -0.970805 0.327936
7 -0.748742 -0.800469 0.31728
3 -0.732112 -0.937051 0.317364
1 -0.627278 -1.27193 0.330846
1 -0.650308 -1.27138 0.325306
2 -0.68455 -1.08008 0.320892
3 -0.751071 -0.770042 0.325148
3 -0.801836 -0.604179 0.315786
5 -0.671597 -1.01031 0.331732
6 -0.633622 -1.04588 0.335808
1 -0.650541 -0.92937 0.337474
1 -0.606485 -1.16628 0.341838
7 -0.551524 -1.28868 0.345901
2 -0.579806 -1.37627 0.339803
1 -0.659928 -1.07021 0.334162
1 -0.605503 -1.19263 0.335937
1 -0.638018 -1.05166 0.333989
2 -0.56724 -1.2411 0.343914
2 -0.615549 -1.26725 0.326574
2 -0.618524 -1.34674 0.324421
1 -0.590859 -1.39436 0.329129
5 -0.5915 -1.40555 0.330184
4 -0.568076 -1.50587 0.330727
1 -0.714957 -0.982144 0.317388
6 -0.719722 -1.17185 0.31594
1 -0.630947 -1.45597 0.318577
6 -0.60111 -1.38396 0.321588
2 -0.586035 -1.4491 0.321366
1 -0.681107 -0.919297 0.327782
1 -0.601642 -1.21706 0.328141
2 -0.556408 -1.57836 0.323228
4 -0.641014 -1.24914 0.319969
1 -0.669794 -1.12976 0.325533
4 -0.615876 -1.32665 0.328176
1 -0.583141 -1.40301 0.334033
1 -0.669974 -1.10512 0.326981
4 -0.641412 -1.19904 0.329247
3 -0.707309 -0.891771 0.324073
2 -0.792169 -0.655858 0.323709
1 -0.585623 -1.36375 0.334113
4 -0.732491 -0.930074 0.32161
1 -0.737192 -0.762782 0.326938
1 -0.713148 -0.941143 0.320945
10 -0.786854 -0.524533 0.321289
4 -0.690957 -0.90914 0.326725
5 -0.65319 -1.21794 0.326179
2 -0.59018 -1.27833 0.332992
11 -0.667274 -1.0846 0.331642
6 -0.657831 -1.17332 0.325578
1 -0.509541 -1.43343 0.344986
3 -0.585285 -1.1524 0.342772
13 -0.682038 -0.956861 0.332228
4 -0.623708 -1.24707 0.331891
3 -0.681883 -1.05569 0.325995
6 -0.600805 -1.26084 0.333866
1 -0.659568 -1.08754 0.32647
1 -0.691755 -1.08505 0.320867
4 -0.698093 -1.09228 0.318849
1 -0.584787 -1.32294 0.33216
6 -0.653473 -0.911616 0.334854
3 -0.644536 -1.04994 0.334699
6 -0.631141 -1.12895 0.335955
3 -0.722536 -0.889877 0.318778
3 -0.639147 -1.08247 0.332114
5 -0.658729 -0.968265 0.331444
2 -0.73284 -0.777296 0.324019
2 -0.621757 -1.28729 0.326439
1 -0.677464 -1.11617 0.319357
1 -0.795594 -0.651699 0.31634
1 -0.824629 -0.616082 0.314066
2 -0.800773 -0.764116 0.315269
1 -0.753023 -0.909732 0.321061
2 -0.610279 -1.26662 0.334436
2 -0.793621 -0.602027 0.3151
1 -0.71187 -0.880455 0.314114
1 -0.757837 -0.882893 0.31312
9 -0.673386 -1.02278 0.332303
4 -0.698784 -0.939527 0.330265
2 -0.559067 -1.45943 0.336153
2 -0.562657 -1.33998 0.339792
1 -0.638336 -1.11572 0.333449
4 -0.618072 -1.24237 0.333926
3 -0.441626 -1.7411 0.350497
3 -0.758787 -0.926727 0.316184
4 -0.798747 -0.758513 0.311229
4 -0.607508 -1.43988 0.326435
3 -0.567199 -1.56281 0.327306
1 -0.666522 -1.15974 0.321551
2 -0.737496 -1.04665 0.314814
6 -0.904549 -0.357751 0.311914
3 -0.700739 -0.930851 0.329108
1 -0.637146 -1.23229 0.332489
3 -0.754792 -0.909482 0.316112
3 -0.652182 -1.21119 0.322839
9 -0.736844 -0.817068 0.323475
6 -0.5629 -1.33016 0.342762
3 -0.619845 -1.20242 0.336382
8 -0.664342 -0.968617 0.33204
3 -0.614829 -1.08271 0.336587
4 -0.762257 -0.68328 0.322193
7 -0.768247 -0.69769 0.322403
1 -0.760829 -0.772997 0.32425
7 -0.68404 -0.895424 0.321737
4 -0.559039 -1.26404 0.333399
4 -0.427901 -1.71285 0.347165
1 -0.441558 -1.91045 0.346228
2 -0.682668 -1.00506 0.326019
1 -0.669729 -1.03346 0.337698
1 -0.756234 -0.716488 0.326793
2 -0.759101 -0.594524 0.322756
1 -0.642433 -1.11512 0.327037
12 -0.742154 -1.16248 0.309599
1 -0.782653 -0.719067 0.316979
1 -0.76383 -0.881366 0.315897
4 -0.696696 -0.997674 0.32737
7 -0.637226 -1.05934 0.333768
3 -0.674251 -1.00925 0.3286
2 -0.654595 -1.0955 0.326711
3 -0.612483 -1.23685 0.328628
1 -0.633274 -1.14811 0.334271
6 -0.713042 -0.785296 0.330505
11 -0.713974 -0.785784 0.330352
6 -0.69318 -1.09506 0.319527
3 -0.813654 -0.650172 0.319046
2 -0.780558 -0.73323 0.324444
1 -0.632214 -1.31717 0.326571
6 -0.550886 -1.55506 0.333715
1 -0.698546 -1.09869 0.32309
4 -0.791291 -0.653765 0.322556
1 -0.717249 -0.862003 0.323846
4 -0.758996 -0.814055 0.315635
2 -0.7474 -0.795163 0.327647
1 -0.763037 -0.763671 0.314719
1 -0.705372 -0.969313 0.327059
7 -0.600371 -1.36357 0.331495
5 -0.530471 -1.5678 0.338879
1 -0.659918 -0.986573 0.335033
2 -0.882906 -0.407635 0.303371
1 -0.73 -0.775425 0.325287
1 -0.732204 -0.864533 0.324669
1 -0.703598 -1.06375 0.322955
4 -0.622792 -1.13538 0.334994
7 -0.688257 -0.875625 0.332008
4 -0.647998 -1.01229 0.338388
2 -0.650229 -0.970507 0.335537
5 -0.676996 -1.14725 0.315746
1 -0.654063 -1.21876 0.325904
1 -0.701846 -0.987261 0.324197
3 -0.662622 -1.06686 0.330035
2 -0.717061 -0.949044 0.330297
2 -0.721107 -0.892703 0.329674
3 -0.623786 -1.27959 0.332821
2 -0.640823 -1.21399 0.328939
5 -0.672915 -1.27355 0.314197
4 -0.639931 -1.30332 0.322369
5 -0.804264 -0.66347 0.313403
1 -0.569015 -1.29902 0.339818
1 -0.625317 -1.16406 0.334153
2 -0.659743 -1.11671 0.332346
1 -0.494909 -1.59011 0.347373
1 -0.635366 -1.1781 0.331906
5 -0.715608 -0.893264 0.324179
1 -0.695391 -1.1216 0.319923
2 -0.672948 -1.19796 0.32007
1 -0.637168 -1.20988 0.322717
2 -0.697436 -0.913334 0.324124
4 -0.790826 -0.641812 0.321238
4 -0.717971 -0.97545 0.323245
1 -0.587209 -1.26507 0.339202
4 -0.659303 -1.08522 0.324162
3 -0.710474 -0.882901 0.325635
1 -0.719758 -1.02058 0.322859
2 -0.81256 -0.712395 0.318385
2 -0.636619 -1.08082 0.339016
1 -0.503752 -1.62412 0.341457
5 -0.426003 -1.82608 0.34474
3 -0.46769 -1.65162 0.342203
4 -0.603499 -1.35061 0.326194
5 -0.582403 -1.46606 0.330992
2 -0.573415 -1.42265 0.332955
3 -0.58941 -1.34416 0.334594
1 -0.718142 -0.890874 0.329481
3 -0.566079 -1.41524 0.328814
7 -0.75753 -0.706414 0.324971
2 -0.654591 -1.11881 0.327714
5 -0.745964 -0.919328 0.320043
1 -0.747187 -0.919541 0.317037
1 -0.757628 -0.765908 0.324491
1 -0.684656 -1.00032 0.331637
4 -0.649483 -1.17095 0.334487
1 -0.718421 -1.06315 0.325588
1 -0.69942 -1.12093 0.325552
1 -0.689049 -0.874687 0.332689
4 -0.717903 -0.840146 0.326031
6 -0.710957 -0.952546 0.320195
6 -0.531174 -1.48942 0.33772
3 -0.54526 -1.45373 0.336442
1 -0.611386 -1.29633 0.328718
7 -0.497892 -1.73484 0.338768
1 -0.612842 -1.12956 0.32976
3 -0.756936 -0.740696 0.318016
3 -0.817571 -0.577847 0.313613
7 -0.771528 -0.690224 0.321452
2 -0.710122 -0.930397 0.322974
1 -0.712384 -0.868728 0.327239
1 -0.745622 -0.854003 0.325945
7 -0.60042 -1.36835 0.337762
2 -0.574228 -1.38865 0.335615
6 -0.580117 -1.28328 0.33826
2 -0.46684 -1.87213 0.33657
5 -0.682673 -1.37083 0.320748
1 -0.437218 -1.94881 0.332424
3 -0.437193 -1.95064 0.337503
12 -0.652777 -1.10319 0.323922
1 -0.692271 -1.04519 0.325502
5 -0.686562 -1.03773 0.32402
7 -0.691959 -1.09997 0.323527
7 -0.649777 -1.24005 0.32654
1 -0.511093 -1.48821 0.339699
2 -0.568481 -1.31532 0.336726
1 -0.739662 -0.805406 0.317973
1 -0.820355 -0.473772 0.314607
3 -0.620811 -1.34897 0.326414
1 -0.714242 -0.80502 0.327055
1 -0.702064 -0.840904 0.325855
1 -0.594933 -1.05907 0.340011
1 -0.616226 -1.13622 0.336709
1 -0.622978 -1.14185 0.336823
1 -0.608079 -1.18744 0.341664
1 -0.634265 -1.30057 0.328301
4 -0.632819 -1.26137 0.326603
1 -0.730464 -1.00185 0.321155
1 -0.681396 -1.12956 0.320756
4 -0.673059 -1.14882 0.321705
1 -0.706545 -0.916124 0.328013
4 -0.798523 -0.682489 0.317998
1 -0.512053 -1.4184 0.340577
2 -0.552619 -1.44152 0.330386
1 -0.883388 -0.374291 0.315822
3 -0.857692 -0.424874 0.314847
3 -0.799067 -0.640552 0.318793
3 -0.803372 -0.675935 0.316244
2 -0.577198 -1.39171 0.333067
2 -0.845211 -0.66198 0.312084
3 -0.933351 -0.401306 0.307302
2 -0.823535 -0.62777 0.320272
1 -0.838619 -0.676761 0.310885
5 -0.737211 -0.94024 0.320323
7 -0.780196 -0.668142 0.316615
1 -0.721041 -0.828851 0.32645
4 -0.632254 -1.17207 0.330196
4 -0.55512 -1.4695 0.334984
2 -0.844979 -0.564963 0.314546
1 -0.771382 -0.765488 0.326809
2 -0.678077 -1.08331 0.330361
6 -0.838593 -0.661928 0.307092
4 -0.885403 -0.426149 0.312473
3 -0.796324 -0.83373 0.314096
2 -0.711193 -1.07215 0.319695
2 -0.523016 -1.40875 0.348784
7 -0.549807 -1.30173 0.347312
2 -0.628342 -1.26463 0.334211
11 -0.62265 -1.33887 0.329078
1 -0.635956 -1.24862 0.335088
1 -0.522535 -1.61548 0.343368
1 -0.579809 -1.25361 0.336431
1 -0.821723 -0.700583 0.307027
3 -0.776871 -0.817462 0.316787
1 -0.587631 -1.50394 0.325478
4 -0.630663 -1.34005 0.324531
3 -0.54402 -1.72865 0.327354
1 -0.509201 -1.86021 0.330179
1 -0.454072 -2.0121 0.331622
1 -0.515705 -1.85899 0.332786
3 -0.586913 -1.72131 0.318974
1 -0.699813 -1.07053 0.324138
1 -0.621765 -1.26407 0.329631
1 -0.615841 -1.293 0.330292
4 -0.649521 -1.33759 0.322297
2 -0.611047 -1.31683 0.325378
8 -0.635946 -1.28686 0.324255
1 -0.752336 -0.879319 0.321442
2 -0.740702 -0.866904 0.323192
5 -0.676598 -1.04003 0.324463
6 -0.759751 -0.821154 0.326011
1 -0.593906 -1.34758 0.331267
1 -0.655286 -1.13314 0.32853
1 -0.711924 -0.845033 0.32968
4 -0.718431 -0.785878 0.330793
2 -0.55836 -1.34766 0.335931
2 -0.741836 -0.867261 0.321819
2 -0.716264 -1.02362 0.320391
4 -0.636778 -1.22403 0.327236
3 -0.601706 -1.38827 0.330309
3 -0.683905 -0.986545 0.330968
2 -0.628994 -1.2121 0.334301
4 -0.707599 -0.871577 0.328361
10 -0.628333 -1.19997 0.333414
4 -0.604458 -1.36501 0.334024
3 -0.628676 -1.27612 0.331278
1 -0.59201 -1.42307 0.333304
1 -0.684994 -1.062 0.328448
1 -0.653603 -1.07995 0.331131
2 -0.678086 -1.09008 0.327529
4 -0.623798 -1.14866 0.331331
2 -0.565222 -1.33213 0.337029
2 -0.568505 -1.267 0.330519
3 -0.636115 -1.04051 0.328785
1 -0.825547 -0.428062 0.320706
1 -0.794589 -0.592983 0.322603
5 -0.669256 -1.09798 0.330168
1 -0.7299 -0.757816 0.319331
1 -0.690755 -0.945707 0.322143
7 -0.75272 -0.748681 0.318803
1 -0.697257 -1.01145 0.319746
2 -0.632811 -1.06273 0.335755
2 -0.693985 -1.13689 0.320154
1 -0.674162 -1.14256 0.32494
8 -0.72108 -0.798603 0.3282
2 -0.668261 -0.970054 0.333573
3 -0.676023 -0.94251 0.334263
4 -0.742441 -0.802867 0.330418
1 -0.651365 -1.05909 0.332961
1 -0.66197 -1.18027 0.318879
2 -0.865351 -0.587622 0.304558
1 -0.88305 -0.513235 0.30937
1 -0.740431 -1.04589 0.31625
2 -0.730638 -0.763441 0.326597
11 -0.678571 -0.968948 0.324161
2 -0.745011 -0.813736 0.321476
4 -0.62202 -1.11989 0.334151
6 -0.643713 -1.08238 0.338637
2 -0.623288 -1.1245 0.339892
1 -0.58163 -1.19945 0.340246
1 -0.488477 -1.58977 0.346063
1 -0.510746 -1.53342 0.344386
1 -0.659937 -0.978376 0.337328
6 -0.724786 -0.714022 0.334671
1 -0.686628 -0.905436 0.328544
1 -0.633706 -1.08907 0.325565
2 -0.566084 -1.40868 0.330718
1 -0.476345 -1.48667 0.343436
3 -0.497621 -1.49727 0.341561
9 -0.593926 -1.27882 0.339391
2 -0.588456 -1.28659 0.33626
1 -0.605186 -1.29663 0.338714
3 -0.579312 -1.37134 0.335999
6 -0.71163 -1.11218 0.317188
11 -0.734749 -1.05363 0.315048
2 -0.717122 -0.954586 0.321478
6 -0.736042 -0.998753 0.315126
3 -0.660601 -1.07818 0.3294
5 -0.708306 -0.903956 0.321817
9 -0.760583 -0.749635 0.317835
2 -0.752852 -0.759693 0.318156
4 -0.751354 -0.916441 0.315091
3 -0.734907 -0.993071 0.315123
4 -0.696665 -1.12475 0.317846
3 -0.754733 -0.95237 0.31453
1 -0.594449 -1.41975 0.330989
2 -0.546025 -1.46776 0.333121
2 -0.658199 -1.05346 0.333956
2 -0.811307 -0.784079 0.313525
3 -0.810047 -0.770399 0.319743
4 -0.789652 -0.872046 0.317754
6 -0.624418 -1.23631 0.324037
1 -0.698093 -1.10245 0.323109
2 -0.651737 -0.981623 0.328162
3 -0.556862 -1.4093 0.339158
1 -0.682287 -1.32255 0.318542
2 -0.687806 -1.28324 0.316101
2 -0.756876 -0.865708 0.323136
4 -0.753839 -0.738643 0.324599
4 -0.542951 -1.48288 0.332263
3 -0.437754 -1.64464 0.349151
1 -0.82068 -0.68921 0.311432
9 -0.676707 -0.956305 0.326971
3 -0.728614 -0.9672 0.316578
1 -0.72482 -0.967835 0.316043
1 -0.593912 -1.33323 0.325273
7 -0.636276 -1.30216 0.323354
2 -0.790647 -0.933137 0.307895
1 -0.783816 -0.874214 0.314731
2 -0.852377 -0.682645 0.302744
2 -0.907459 -0.429628 0.30212
5 -0.760945 -0.792256 0.318073
3 -0.677207 -1.25986 0.318088
3 -0.683223 -1.15887 0.326392
2 -0.787018 -0.827012 0.31263
5 -0.856065 -0.599773 0.310518
7 -0.797935 -0.719937 0.317404
3 -0.638496 -1.01639 0.335082
6 -0.617512 -1.09322 0.33916
3 -0.591525 -1.15707 0.341741
1 -0.563734 -1.25224 0.346769
3 -0.579693 -1.25999 0.338567
5 -0.568155 -1.29107 0.335341
1 -0.583373 -1.22632 0.334303
2 -0.51584 -1.48236 0.335939
3 -0.581848 -1.27276 0.331766
2 -0.73812 -1.02245 0.315314
1 -0.746735 -0.987342 0.313394
2 -0.641325 -1.24913 0.326598
2 -0.569193 -1.40053 0.334388
4 -0.562617 -1.32573 0.333412
1 -0.648893 -1.16563 0.330001
3 -0.602793 -1.27899 0.329125
1 -0.540927 -1.53703 0.339366
2 -0.574832 -1.54742 0.333013
1 -0.615733 -1.34731 0.331095
1 -0.620453 -1.23236 0.332499
2 -0.742583 -0.915039 0.319948
1 -0.744922 -0.955593 0.319624
3 -0.81441 -0.691234 0.314377
1 -0.716975 -0.953216 0.323532
3 -0.728005 -0.911146 0.318732
1 -0.693984 -1.03661 0.3201
2 -0.717041 -0.88747 0.323121
1 -0.697143 -0.964078 0.324102
1 -0.696953 -1.0551 0.322071
1 -0.67622 -1.25813 0.318455
1 -0.690532 -1.23867 0.318615
2 -0.519831 -1.70593 0.331062
5 -0.55825 -1.55194 0.332612
2 -0.697907 -1.05892 0.318189
1 -0.664867 -1.16708 0.326786
10 -0.604683 -1.26302 0.333021
3 -0.556749 -1.293 0.340943
5 -0.767707 -0.744118 0.317229
5 -0.758367 -0.765726 0.317006
2 -0.78194 -0.628761 0.323597
3 -0.808321 -0.603816 0.320374
11 -0.810627 -0.502226 0.321853
1 -0.876365 -0.481763 0.307834
1 -0.715212 -0.991719 0.322232
4 -0.69221 -1.08032 0.323504
3 -0.54971 -1.3768 0.342706
7 -0.570273 -1.28528 0.342431
4 -0.534111 -1.40723 0.34142
7 -0.533629 -1.65829 0.331836
2 -0.466465 -1.82153 0.33935
1 -0.725296 -0.800764 0.321438
4 -0.713174 -0.833478 0.321605
1 -0.630864 -1.18057 0.326534
1 -0.75749 -0.817729 0.317649
1 -0.706304 -0.966981 0.322926
2 -0.625211 -1.24102 0.326539
1 -0.581321 -1.19208 0.336547
1 -0.700628 -0.879368 0.326658
1 -0.605387 -1.51017 0.322476
2 -0.739716 -0.905467 0.321837
3 -0.543755 -1.49542 0.335341
3 -0.504269 -1.63085 0.336419
2 -0.895409 -0.40224 0.303219
2 -0.919444 -0.311995 0.302196
1 -0.858369 -0.673327 0.307711
1 -0.766268 -0.958233 0.320245
1 -0.801101 -0.751756 0.317321
1 -0.594247 -1.33245 0.332199
1 -0.548233 -1.47045 0.337029
2 -0.618985 -1.34355 0.330327
5 -0.803289 -0.590975 0.316375
2 -0.80032 -0.69451 0.319015
1 -0.697969 -1.0104 0.330304
1 -0.669583 -1.11241 0.327508
3 -0.692106 -1.10069 0.324117
6 -0.724794 -1.04664 0.316712
3 -0.708706 -0.954594 0.320458
3 -0.614584 -1.24964 0.330958
2 -0.739955 -0.825741 0.321054
4 -0.684013 -1.12695 0.319918
3 -0.620473 -1.36296 0.321444
3 -0.605011 -1.11436 0.339235
5 -0.54561 -1.40575 0.341255
2 -0.657251 -1.00468 0.335016
1 -0.565746 -1.14517 0.340293
1 -0.521014 -1.16321 0.349098
1 -0.718894 -0.665773 0.333723
2 -0.793203 -0.671341 0.324452
1 -0.797612 -0.533533 0.325411
7 -0.76489 -0.69359 0.313262
3 -0.563418 -1.37634 0.330617
2 -0.743464 -0.747525 0.319729
8 -0.723879 -0.735529 0.323748
1 -0.692202 -0.998237 0.322945
2 -0.558054 -1.30095 0.341666
2 -0.595881 -1.18481 0.338323
1 -0.643734 -1.10079 0.333006
2 -0.518575 -1.44522 0.342268
2 -0.481061 -1.59609 0.342568
1 -0.711668 -0.829403 0.323466
1 -0.722444 -0.961296 0.31883
1 -0.731684 -0.941512 0.316791
1 -0.761883 -1.06459 0.307478
1 -0.62604 -1.34843 0.319998
2 -0.537526 -1.65196 0.32991
3 -0.483939 -1.68388 0.337101
1 -0.586396 -1.435 0.325046
2 -0.577738 -1.60126 0.327093
1 -0.731592 -0.774826 0.325409
2 -0.593552 -1.26163 0.337013
1 -0.655565 -1.11977 0.330592
1 -0.61744 -1.30218 0.331648
6 -0.851778 -0.800497 0.306282
1 -0.946571 -0.348437 0.298167
3 -0.85904 -0.581956 0.309847
1 -0.865515 -0.516404 0.309117
3 -0.846621 -0.514348 0.311879
5 -0.662717 -1.09474 0.32738
2 -0.637777 -1.23792 0.327314
8 -0.616401 -1.10298 0.332364
2 -0.667097 -0.798125 0.335359
1 -0.584722 -1.21058 0.342155
7 -0.545208 -1.42574 0.342531
4 -0.502919 -1.73553 0.340044
1 -0.562192 -1.65006 0.328694
1 -0.474095 -1.55699 0.346097
3 -0.526876 -1.44754 0.337934
1 -0.487904 -1.74796 0.340937
3 -0.657776 -1.31451 0.325749
3 -0.751373 -0.900362 0.322712
4 -0.792199 -0.678926 0.316045
2 -0.777782 -0.839965 0.311327
5 -0.661675 -0.942619 0.329676
1 -0.492353 -1.55718 0.340181
1 -0.625388 -1.20674 0.331514
5 -0.69113 -0.938583 0.332824
1 -0.570101 -1.23684 0.340225
2 -0.712393 -0.939407 0.326171
2 -0.702425 -0.937187 0.328534
1 -0.590998 -1.48959 0.328946
1 -0.566053 -1.49917 0.328487
1 -0.653815 -1.18629 0.32434
6 -0.783836 -0.829112 0.315879
2 -0.745545 -0.947212 0.314402
2 -0.674678 -1.23171 0.316969
2 -0.679682 -1.0974 0.329449
2 -0.678298 -1.0602 0.330311
6 -0.694444 -1.02418 0.324694
1 -0.730616 -0.829998 0.327752
5 -0.682681 -1.02253 0.326897
2 -0.663747 -1.08023 0.32907
4 -0.710515 -0.966657 0.320076
5 -0.685556 -1.02922 0.326072
2 -0.730964 -1.04693 0.320047
2 -0.661521 -1.09361 0.329301
2 -0.721885 -0.81491 0.325405
1 -0.689821 -0.913616 0.334568
1 -0.679726 -1.12965 0.317752
3 -0.577679 -1.40656 0.329837
2 -0.465026 -1.73599 0.335969
4 -0.467936 -1.82359 0.331404
1 -0.659572 -1.21263 0.323642
1 -0.700077 -1.02251 0.324336
1 -0.544478 -1.47626 0.33888
1 -0.482393 -1.57718 0.347501
3 -0.606847 -1.01718 0.34216
4 -0.747407 -0.780833 0.326629
1 -0.724978 -0.838638 0.326086
1 -0.678418 -1.01477 0.326049
3 -0.704762 -0.94857 0.323787
1 -0.518151 -1.36897 0.344049
4 -0.67373 -0.913657 0.333187
1 -0.736652 -0.894726 0.323336
1 -0.724715 -1.00907 0.322325
1 -0.705908 -1.10811 0.319057
1 -0.712412 -0.891613 0.325986
1 -0.674533 -1.1211 0.32154
5 -0.60407 -1.31043 0.329608
3 -0.646278 -1.13317 0.32656
3 -0.646054 -1.10163 0.327943
4 -0.505496 -1.74965 0.336583
2 -0.656194 -1.15786 0.326995
2 -0.732409 -0.799554 0.319482
1 -0.657727 -0.979274 0.327578
7 -0.558876 -1.27208 0.339712
5 -0.543348 -1.40721 0.339944
1 -0.611738 -1.16992 0.334539
11 -0.55915 -1.52285 0.336036
2 -0.592475 -1.39752 0.334205
1 -0.622709 -1.33325 0.327706
4 -0.60908 -1.37473 0.326846
1 -0.615303 -1.19713 0.330667
2 -0.798624 -0.706169 0.315311
5 -0.833386 -0.633516 0.311033
2 -0.787909 -1.05855 0.308509
1 -0.62409 -1.6257 0.318584
4 -0.466074 -2.00178 0.332135
3 -0.509803 -1.88384 0.332279
1 -0.522855 -1.85877 0.332754
1 -0.544214 -1.32095 0.347636
2 -0.513137 -1.4278 0.34868
4 -0.847519 -0.548064 0.315758
1 -0.638099 -1.10738 0.337182
5 -0.708576 -1.06741 0.31935
4 -0.644789 -1.12739 0.327345
4 -0.700987 -0.994023 0.323233
1 -0.605851 -1.38345 0.331624
6 -0.683164 -1.16058 0.324614
1 -0.663963 -1.20701 0.320423
4 -0.692463 -1.16295 0.3165
1 -0.709077 -1.04824 0.314665
5 -0.708478 -0.982053 0.321341
3 -0.683569 -1.09826 0.321228
3 -0.612484 -1.12225 0.332706
5 -0.663778 -1.04591 0.324106
1 -0.533668 -1.56775 0.333828
1 -0.814785 -0.709254 0.315908
3 -0.771524 -0.816754 0.32336
3 -0.656106 -1.12528 0.327901
3 -0.571007 -1.39033 0.337392
2 -0.546662 -1.4502 0.339173
2 -0.569371 -1.26799 0.338963
1 -0.753898 -0.670941 0.329844
1 -0.732995 -0.83606 0.316044
3 -0.761497 -0.733644 0.318524
6 -0.677647 -0.946532 0.326443
7 -0.669012 -0.975148 0.323409
2 -0.900456 -0.388374 0.308711
3 -0.538234 -1.36742 0.341134
4 -0.471422 -1.49186 0.352198
4 -0.522708 -1.42222 0.339125
3 -0.705712 -0.972116 0.327929
2 -0.689178 -1.02029 0.328564
4 -0.563432 -1.37008 0.334391
4 -0.717409 -0.924787 0.328198
1 -0.779803 -0.830562 0.318015
2 -0.646446 -1.28283 0.319533
2 -0.531442 -1.67619 0.331083
1 -0.643514 -1.34285 0.32093
2 -0.736918 -0.769151 0.318332
8 -0.73016 -0.880289 0.325376
5 -0.650111 -1.15082 0.322913
3 -0.774939 -0.631975 0.325903
3 -0.789084 -0.638858 0.317969
5 -0.643958 -1.22702 0.323822
2 -0.694844 -1.04292 0.31987
1 -0.709731 -0.993135 0.317283
4 -0.707391 -0.955155 0.319722
3 -0.644373 -1.20913 0.32277
4 -0.681706 -1.1107 0.316764
1 -0.731497 -0.935933 0.315728
4 -0.584782 -1.37345 0.333673
2 -0.523909 -1.55111 0.335818
1 -0.667574 -1.10367 0.325514
6 -0.683022 -1.06118 0.328898
1 -0.678438 -1.05578 0.329533
1 -0.61764 -1.34446 0.325298
3 -0.703729 -1.06252 0.3231
4 -0.83116 -0.681205 0.304582
2 -0.860807 -0.40297 0.312577
1 -0.744837 -0.758569 0.330419
11 -0.67207 -1.01419 0.329766
1 -0.616583 -1.35593 0.330676
4 -0.624574 -1.31651 0.331529
2 -0.509922 -1.76026 0.340091
1 -0.662011 -1.21531 0.327031
2 -0.739158 -1.04712 0.320372
2 -0.711692 -1.03016 0.321671
2 -0.697716 -1.10724 0.320676
5 -0.805336 -0.919524 0.309372
1 -0.82648 -0.618294 0.315261
2 -0.849212 -0.566516 0.311841
1 -0.671621 -1.11504 0.329849
2 -0.637505 -1.23271 0.329318
5 -0.632297 -1.21401 0.334221
1 -0.632687 -1.24664 0.329583
1 -0.72331 -0.853731 0.323538
1 -0.774867 -0.74831 0.323282
4 -0.695172 -0.936454 0.33256
1 -0.627323 -1.11524 0.333369
3 -0.807007 -0.64973 0.3152
1 -0.680828 -1.28864 0.320598
1 -0.594095 -1.55202 0.32508
1 -0.580402 -1.49953 0.326343
4 -0.600501 -1.3329 0.330176
1 -0.714033 -0.974008 0.325324
4 -0.745688 -0.977802 0.318915
2 -0.647691 -1.19842 0.33081
2 -0.632761 -1.20293 0.329703
1 -0.624766 -1.21197 0.333887
1 -0.624458 -1.11789 0.330489
2 -0.519345 -1.42502 0.341042
2 -0.62304 -1.10268 0.332677
1 -0.743007 -0.890382 0.319061
3 -0.599948 -1.46108 0.329119
1 -0.624216 -1.43353 0.324607
2 -0.526002 -1.70384 0.33022
1 -0.569475 -1.65689 0.326241
6 -0.567286 -1.42686 0.329829
7 -0.646417 -1.19468 0.323756
1 -0.775502 -0.799956 0.319039
4 -0.803752 -0.716303 0.317352
1 -0.640892 -1.23086 0.324031
2 -0.684932 -0.943341 0.32491
3 -0.60162 -1.11463 0.336955
6 -0.624666 -1.11591 0.335661
4 -0.682486 -0.986338 0.33365
2 -0.690812 -0.969614 0.332633
2 -0.745332 -0.823893 0.324645
3 -0.743821 -0.878536 0.322367
1 -0.838834 -0.550374 0.318811
1 -0.625027 -1.14369 0.340867
4 -0.64698 -1.1574 0.330448
3 -0.625747 -1.24218 0.33226
1 -0.558669 -1.39765 0.338042
2 -0.740356 -0.833844 0.326116
7 -0.611402 -1.24812 0.339528
1 -0.689516 -0.924068 0.332478
6 -0.556846 -1.41884 0.339642
2 -0.610816 -1.18361 0.340198
1 -0.584116 -1.38695 0.338168
7 -0.67631 -0.92175 0.334704
1 -0.714149 -0.90474 0.32997
2 -0.727333 -0.817167 0.330649
1 -0.720568 -0.886508 0.32552
4 -0.7131 -1.10333 0.323753
4 -0.626052 -1.32552 0.332825
2 -0.677051 -0.970783 0.327552
2 -0.639118 -1.02914 0.335773
2 -0.705818 -0.914367 0.324005
3 -0.455772 -1.70168 0.346423
1 -0.529922 -1.49153 0.338679
1 -0.567898 -1.27837 0.340874
4 -0.6279 -1.10733 0.334023
4 -0.627522 -1.23615 0.327717
4 -0.654775 -1.22199 0.32875
2 -0.621182 -1.28958 0.328786
3 -0.620223 -1.10037 0.335185
5 -0.450197 -1.67548 0.348409
2 -0.500644 -1.50759 0.345816
3 -0.504714 -1.74305 0.337488
4 -0.650733 -1.16499 0.33163
4 -0.794909 -0.713829 0.316373
3 -0.734123 -0.867515 0.320654
2 -0.771487 -0.696301 0.325253
1 -0.850926 -0.435973 0.315733
2 -0.697766 -1.14179 0.314526
2 -0.586106 -1.4536 0.327751
4 -0.766691 -0.818078 0.317901
1 -0.541423 -1.58843 0.33322
1 -0.559625 -1.47261 0.33598
2 -0.609402 -1.34769 0.329929
2 -0.675035 -1.0863 0.326146
9 -0.690154 -0.998463 0.325683
1 -0.665752 -1.092 0.327578
2 -0.628333 -1.21164 0.327685
2 -0.687187 -0.913612 0.33351
2 -0.763695 -0.803959 0.318234
2 -0.570001 -1.41112 0.334479
2 -0.625844 -1.23612 0.331113
6 -0.726603 -0.967434 0.323585
3 -0.647423 -1.085 0.331524
5 -0.732305 -0.740326 0.322298
2 -0.616695 -1.05437 0.340173
1 -0.596439 -1.09445 0.344599
2 -0.572788 -1.24518 0.338236
1 -0.60794 -1.27337 0.330077
1 -0.536662 -1.51604 0.335809
2 -0.563527 -1.36754 0.331319
3 -0.539019 -1.42279 0.340914
10 -0.705199 -0.929395 0.326377
2 -0.687067 -0.919917 0.332389
2 -0.83771 -0.525874 0.31734
4 -0.825923 -0.721726 0.306826
1 -0.825063 -0.682066 0.305643
1 -0.830753 -0.670751 0.305986
2 -0.867869 -0.535089 0.299541
1 -0.719045 -1.03372 0.320755
2 -0.761651 -0.805049 0.319497
1 -0.823692 -0.652316 0.312759
1 -0.793982 -0.667856 0.315343
3 -0.768667 -0.721821 0.318062
1 -0.725318 -0.852657 0.322435
6 -0.696732 -0.871668 0.323868
1 -0.67638 -1.14943 0.32547
3 -0.570347 -1.4105 0.332341
1 -0.662907 -1.17966 0.32606
5 -0.659269 -1.15212 0.323865
2 -0.662363 -1.14198 0.324798
2 -0.661843 -1.00777 0.333917
4 -0.734109 -0.883878 0.322872
4 -0.612332 -1.21774 0.331706
1 -0.780516 -0.648587 0.328222
1 -0.726419 -0.986205 0.32447
5 -0.643301 -1.24843 0.324914
2 -0.61796 -1.16963 0.333419
10 -0.66106 -1.00963 0.328411
3 -0.861362 -0.606099 0.309627
2 -0.800047 -0.695741 0.319545
2 -0.699579 -0.816076 0.335003
5 -0.638297 -1.0679 0.333594
2 -0.705899 -0.890544 0.3279
1 -0.611502 -1.19735 0.335062
1 -0.791807 -0.614413 0.322548
2 -0.658885 -1.16604 0.328754
1 -0.719821 -0.930811 0.324408
5 -0.69984 -1.00106 0.327922
2 -0.749703 -0.823309 0.316216
1 -0.667268 -1.16253 0.326122
1 -0.78151 -0.737602 0.319617
2 -0.726729 -1.01763 0.319741
1 -0.677831 -1.0913 0.320201
1 -0.6556 -1.12697 0.325474
1 -0.68351 -1.1272 0.321853
7 -0.588933 -1.3214 0.333485
5 -0.564803 -1.36328 0.337278
4 -0.569889 -1.5819 0.33605
3 -0.453393 -1.64549 0.353449
1 -0.515161 -1.49549 0.343329
1 -0.577333 -1.27489 0.337872
1 -0.659192 -1.00383 0.327122
5 -0.64963 -1.03377 0.328781
4 -0.616164 -1.07224 0.334289
2 -0.493657 -1.63941 0.334014
2 -0.77632 -0.658659 0.319044
2 -0.694806 -0.850766 0.329922
3 -0.648528 -0.951153 0.335593
3 -0.51043 -1.5003 0.350069
2 -0.559334 -1.285 0.342455
1 -0.70057 -0.853114 0.330349
2 -0.774728 -0.799668 0.316038
1 -0.773627 -0.801921 0.316478
1 -0.747026 -0.819666 0.320631
1 -0.633575 -1.13383 0.328885
1 -0.807772 -0.544696 0.320541
1 -0.662166 -1.00109 0.332209
3 -0.612798 -1.20848 0.329924
2 -0.907724 -0.396355 0.304624
11 -0.749101 -0.638424 0.329575
1 -0.780824 -0.702945 0.327763
7 -0.713468 -1.01109 0.326827
8 -0.669522 -1.1639 0.332272
2 -0.740348 -1.01662 0.321604
1 -0.892535 -0.494135 0.307051
1 -0.828116 -0.631589 0.317369
1 -0.721157 -0.90339 0.326064
4 -0.598396 -1.10593 0.343005
5 -0.674528 -1.04847 0.323178
1 -0.614116 -1.21364 0.333364
4 -0.567803 -1.34371 0.338079
4 -0.600106 -1.33557 0.330255
2 -0.593414 -1.28475 0.332898
1 -0.634108 -1.0705 0.335696
4 -0.565704 -1.42365 0.332913
5 -0.524696 -1.4054 0.338806
3 -0.6489 -0.924352 0.332194
2 -0.767652 -0.875885 0.313072
9 -0.755018 -0.932735 0.31369
2 -0.756517 -0.962316 0.31735
9 -0.69633 -1.01915 0.327933
8 -0.595106 -1.4657 0.321565
9 -0.468955 -1.7219 0.339778
1 -0.488473 -1.77915 0.332869
4 -0.758092 -0.784329 0.320627
1 -0.850237 -0.570409 0.31825
3 -0.805016 -0.654138 0.32215
1 -0.708404 -0.929494 0.324271
1 -0.821046 -0.474617 0.319226
1 -0.718799 -0.784186 0.32518
1 -0.716634 -0.887868 0.321907
1 -0.520525 -1.51118 0.340387
2 -0.713006 -0.845437 0.325569
1 -0.789443 -0.692407 0.318377
1 -0.660937 -1.20108 0.325185
1 -0.644835 -1.24449 0.327702
13 -0.697954 -0.895739 0.329644
4 -0.597425 -1.24649 0.336218
4 -0.644735 -1.08163 0.333955
1 -0.622335 -1.07704 0.3344
1 -0.668509 -1.06821 0.334376
2 -0.524986 -1.59627 0.343288
2 -0.530197 -1.56895 0.344128
2 -0.575716 -1.38062 0.336698
4 -0.547401 -1.34136 0.341883
2 -0.544934 -1.49034 0.340337
2 -0.504228 -1.57457 0.344785
2 -0.497137 -1.66599 0.336286
4 -0.502004 -1.66416 0.337023
2 -0.500651 -1.64843 0.339088
4 -0.527117 -1.72093 0.330555
1 -0.509976 -1.8367 0.327117
2 -0.514138 -1.63438 0.330583
3 -0.513441 -1.63493 0.330415
7 -0.750278 -0.808379 0.318468
2 -0.71631 -1.0144 0.316219
2 -0.615187 -1.39722 0.32816
4 -0.67797 -1.09922 0.32646
8 -0.678628 -1.15193 0.32592
1 -0.691611 -1.15279 0.323387
2 -0.679872 -1.01829 0.330659
1 -0.641011 -1.20273 0.332116
3 -0.611502 -1.43802 0.32732
2 -0.740635 -1.0639 0.31742
2 -0.625355 -1.26402 0.335809
2 -0.647818 -1.21553 0.334507
5 -0.560896 -1.42559 0.339286
1 -0.4719 -1.68532 0.342253
2 -0.534431 -1.42901 0.340839
1 -0.670836 -0.916618 0.33699
1 -0.709217 -0.695364 0.337842
1 -0.723231 -0.733892 0.331947
3 -0.747867 -0.703286 0.326082
3 -0.465618 -1.5104 0.346775
1 -0.519387 -1.30905 0.344838
5 -0.545392 -1.09418 0.347654
7 -0.700065 -0.68817 0.340098
2 -0.674915 -1.11157 0.324841
2 -0.673886 -0.986576 0.328138
4 -0.678444 -1.07833 0.323242
3 -0.651623 -1.16215 0.323672
2 -0.766259 -0.673509 0.3223
2 -0.826243 -0.574112 0.314424
1 -0.66028 -1.18816 0.32584
2 -0.638526 -1.26463 0.330167
2 -0.678 -1.16473 0.329115
3 -0.883175 -0.519819 0.310249
5 -0.657631 -1.33117 0.318105
5 -0.597578 -1.29519 0.335826
2 -0.620041 -1.21977 0.33099
2 -0.648568 -1.12557 0.332905
1 -0.765318 -0.892316 0.319984
2 -0.716532 -1.0703 0.320607
2 -0.636276 -1.01981 0.336275
1 -0.512254 -1.36736 0.347128
1 -0.587026 -1.27658 0.332845
3 -0.518321 -1.45944 0.33866
4 -0.498032 -1.56398 0.341841
5 -0.601873 -1.19214 0.338842
2 -0.577374 -1.2946 0.341627
3 -0.588873 -1.37267 0.339715
1 -0.627811 -1.20192 0.333257
3 -0.618456 -1.24871 0.329836
1 -0.726363 -0.865634 0.328918
4 -0.672293 -1.06556 0.330247
1 -0.694048 -0.963534 0.326951
5 -0.732098 -0.856393 0.327097
3 -0.655551 -1.02694 0.337632
1 -0.660501 -1.06408 0.332151
2 -0.717424 -0.830125 0.331325
2 -0.66438 -1.07781 0.336353
1 -0.634287 -1.17946 0.338516
5 -0.603215 -1.28885 0.33411
6 -0.614488 -1.34513 0.329461
1 -0.614466 -1.21691 0.332942
3 -0.794891 -0.702041 0.317863
1 -0.749177 -0.804977 0.322383
1 -0.693276 -1.0467 0.323404
1 -0.618602 -1.2649 0.330041
1 -0.663293 -1.11952 0.329354
1 -0.645303 -1.11661 0.329188
3 -0.600733 -1.34766 0.330442
2 -0.860092 -0.571444 0.312847
3 -0.803559 -0.731106 0.316312
1 -0.689243 -1.13345 0.316352
8 -0.520924 -1.53768 0.344772
1 -0.624348 -1.1842 0.336667
8 -0.608095 -1.32999 0.332959
1 -0.738729 -0.955923 0.317813
1 -0.694368 -1.22709 0.318064
11 -0.535373 -1.77485 0.328444
5 -0.692474 -1.33123 0.312112
1 -0.702527 -1.28159 0.310669
3 -0.614726 -1.12037 0.339166
5 -0.580496 -1.29604 0.335466
4 -0.586186 -1.32358 0.3343
15 -0.586844 -1.31168 0.33636
2 -0.576688 -1.33296 0.33196
1 -0.644329 -1.24211 0.325118
2 -0.672978 -1.18433 0.318383
2 -0.807446 -0.695093 0.317837
2 -0.718349 -0.901726 0.326606
2 -0.694233 -0.974482 0.33073
1 -0.719378 -0.986112 0.321643
4 -0.681443 -1.13955 0.32334
2 -0.541168 -1.47799 0.340855
3 -0.478906 -1.6928 0.339396
13 -0.480863 -1.7244 0.341118
2 -0.479041 -1.70009 0.339119
6 -0.623249 -1.11107 0.339765
2 -0.481595 -1.52165 0.347387
3 -0.534554 -1.39133 0.347636
4 -0.589552 -1.27309 0.337476
3 -0.717956 -0.949451 0.329694
3 -0.635548 -1.17016 0.337326
6 -0.651145 -1.12371 0.333807
2 -0.676316 -1.0225 0.332181
5 -0.692866 -0.843457 0.330765
2 -0.631804 -1.14806 0.329811
1 -0.671037 -0.951028 0.342071
5 -0.760838 -0.617344 0.334647
4 -0.805587 -0.674732 0.320114
1 -0.655327 -1.05933 0.337729
3 -0.514688 -1.57299 0.345708
2 -0.5817 -1.29621 0.334236
5 -0.515477 -1.57423 0.339341
2 -0.536332 -1.43123 0.339362
2 -0.500635 -1.63235 0.336358
1 -0.604511 -1.32124 0.32877
2 -0.666962 -1.08901 0.328
2 -0.642322 -1.12053 0.332029
6 -0.605339 -1.22457 0.334973
2 -0.556543 -1.41806 0.336732
8 -0.511897 -1.55286 0.335106
1 -0.588609 -1.36412 0.333217
7 -0.698784 -1.09917 0.32071
1 -0.748449 -0.869451 0.319121
3 -0.667375 -1.13126 0.325488
4 -0.671519 -1.11756 0.325053
1 -0.659774 -1.1322 0.326686
4 -0.743074 -0.898213 0.318788
2 -0.611819 -1.13875 0.336272
3 -0.57692 -1.35891 0.33395
6 -0.641235 -1.09721 0.331934
4 -0.642763 -1.07169 0.331907
1 -0.808131 -0.731267 0.309946
4 -0.82908 -0.747705 0.307913
1 -0.82375 -0.786121 0.308842
10 -0.765948 -0.976383 0.313571
13 -0.722788 -1.0259 0.32096
5 -0.612822 -1.24213 0.331814
3 -0.872478 -0.450208 0.311191
1 -0.89297 -0.39914 0.309203
1 -0.75545 -0.843713 0.323264
15 -0.618084 -1.29059 0.333971
1 -0.568967 -1.35741 0.341056
2 -0.659945 -1.13864 0.332619
6 -0.580305 -1.35648 0.340899
2 -0.578913 -1.42427 0.337821
4 -0.75233 -0.972351 0.315294
1 -0.655048 -1.26823 0.322029
1 -0.501227 -1.69957 0.339473
6 -0.676723 -1.09719 0.33097
2 -0.632462 -1.29488 0.330832
1 -0.619994 -1.11059 0.337936
6 -0.739218 -0.757755 0.327875
2 -0.644242 -1.06133 0.33338
6 -0.749506 -0.822164 0.323077
2 -0.772194 -0.843529 0.318377
1 -0.703673 -1.0967 0.323795
2 -0.685919 -1.24869 0.323976
2 -0.439453 -1.6746 0.347696
2 -0.692774 -0.723778 0.339626
2 -0.723779 -0.683478 0.327721
2 -0.655442 -0.929107 0.325806
3 -0.606256 -1.2324 0.32343
1 -0.68296 -0.951866 0.32313
2 -0.70425 -0.96678 0.316609
1 -0.766806 -0.738701 0.314746
2 -0.798389 -0.695205 0.31007
8 -0.816024 -0.619905 0.314556
2 -0.738229 -0.928522 0.318688
1 -0.644483 -1.12731 0.328906
2 -0.623989 -1.1329 0.332648
2 -0.613874 -1.19179 0.333717
1 -0.756977 -0.811207 0.320265
3 -0.648924 -1.04805 0.330133
2 -0.610409 -1.16681 0.339901
2 -0.544545 -1.3201 0.345851
2 -0.638121 -1.11735 0.335497
4 -0.76404 -0.654655 0.330389
3 -0.747129 -0.693027 0.328866
1 -0.699454 -0.924575 0.325483
2 -0.841778 -0.566443 0.314444
1 -0.651898 -1.16103 0.328122
3 -0.516307 -1.675 0.339026
7 -0.607592 -1.30586 0.325101
1 -0.670667 -0.992664 0.323014
2 -0.634734 -1.28734 0.324824
1 -0.659312 -1.23795 0.323152
1 -0.618771 -1.10938 0.330699
2 -0.527216 -1.45122 0.341742
1 -0.688923 -1.03797 0.328245
5 -0.682303 -0.924106 0.332561
3 -0.663019 -1.05084 0.332825
2 -0.656882 -1.06039 0.333359
1 -0.745617 -0.699949 0.323542
3 -0.561744 -1.33375 0.338461
1 -0.48919 -1.72857 0.339228
7 -0.552118 -1.4977 0.337993
3 -0.702533 -0.853216 0.329547
1 -0.608325 -1.07803 0.338328
1 -0.529161 -1.55739 0.342608
1 -0.7194 -0.956393 0.321116
7 -0.645384 -1.16609 0.32642
7 -0.666998 -1.1696 0.32199
1 -0.578577 -1.41632 0.33254
1 -0.577167 -1.30573 0.335978
5 -0.592222 -1.27214 0.334575
1 -0.573419 -1.31735 0.33887
1 -0.557806 -1.37924 0.341182
2 -0.581302 -1.22851 0.341554
9 -0.704846 -0.880691 0.326554
4 -0.637732 -1.11666 0.331646
1 -0.648097 -1.23324 0.323664
4 -0.652315 -1.21372 0.322861
3 -0.707738 -0.90464 0.326994
1 -0.702868 -0.914733 0.327619
4 -0.566223 -1.32481 0.332377
2 -0.604504 -1.2984 0.335176
2 -0.588515 -1.56746 0.325863
2 -0.612755 -1.41546 0.317347
1 -0.58994 -1.34948 0.325834
2 -0.520384 -1.64105 0.334363
3 -0.750711 -0.793744 0.315843
1 -0.607077 -1.22496 0.332755
5 -0.687551 -0.802292 0.335447
3 -0.616603 -1.13221 0.341516
2 -0.546643 -1.40618 0.345836
3 -0.575917 -1.24478 0.344298
4 -0.639891 -1.08206 0.337858
1 -0.594431 -1.34213 0.338821
4 -0.67039 -1.01404 0.327644
3 -0.65125 -1.03376 0.333375
5 -0.656603 -1.09253 0.328093
1 -0.618528 -1.18506 0.33852
4 -0.770744 -0.685813 0.324429
2 -0.669083 -1.1408 0.327565
4 -0.717482 -1.09038 0.314931
1 -0.672419 -1.24666 0.32379
3 -0.64666 -1.25605 0.327563
1 -0.679034 -1.24488 0.321299
6 -0.632884 -1.21824 0.323954
2 -0.607218 -1.17896 0.328979
1 -0.885619 -0.482818 0.302286
1 -0.835227 -0.643571 0.312302
6 -0.729087 -0.957199 0.320435
1 -0.650899 -1.25673 0.327106
1 -0.748828 -0.968705 0.320724
3 -0.598059 -1.40257 0.335289
1 -0.739076 -1.15906 0.315034
3 -0.613827 -1.47793 0.322676
4 -0.649154 -1.26859 0.319336
2 -0.653604 -1.20683 0.322931
1 -0.64023 -1.23935 0.320933
1 -0.708667 -1.08229 0.31643
1 -0.717214 -0.989696 0.317147
1 -0.703712 -1.22799 0.315676
1 -0.671663 -1.23104 0.318537
1 -0.673945 -1.14816 0.317175
1 -0.621473 -1.37306 0.326904
4 -0.733825 -0.939914 0.320037
2 -0.734424 -0.830358 0.326749
2 -0.793348 -0.76964 0.320131
1 -0.725633 -0.850399 0.323725
4 -0.784309 -0.721183 0.315977
2 -0.84156 -0.47511 0.318176
1 -0.816205 -0.680078 0.316931
2 -0.804375 -0.556898 0.326114
1 -0.75379 -0.780659 0.325952
3 -0.763617 -0.883736 0.317016
3 -0.777339 -0.895596 0.314286
1 -0.785707 -0.667294 0.326376
1 -0.746862 -0.624267 0.328413
1 -0.779582 -0.855478 0.312698
2 -0.814769 -0.732835 0.314282
2 -0.793785 -0.676134 0.319281
1 -0.957127 -0.191452 0.308375
3 -0.804709 -0.800752 0.316457
6 -0.826205 -0.66095 0.312733
5 -0.732235 -0.921753 0.322991
1 -0.695504 -1.00688 0.328604
1 -0.721869 -0.859607 0.327698
8 -0.672828 -0.972216 0.332576
6 -0.65323 -1.20975 0.333879
1 -0.868601 -0.499841 0.316193
4 -0.800676 -0.740054 0.314196
1 -0.785991 -0.777049 0.318595
1 -0.511653 -1.57278 0.338975
1 -0.634924 -1.39791 0.322064
4 -0.614146 -1.51873 0.322521
2 -0.61582 -1.4829 0.321815
1 -0.63711 -1.36153 0.325988
2 -0.68549 -1.11435 0.330734
5 -0.726903 -0.908813 0.332854
2 -0.611279 -1.31054 0.334005
2 -0.564325 -1.45411 0.339218
1 -0.639519 -1.18878 0.32818
2 -0.608566 -1.3373 0.332236
7 -0.658235 -1.09723 0.326759
2 -0.596481 -1.24364 0.333319
3 -0.523096 -1.52094 0.337412
1 -0.661741 -1.0567 0.326266
1 -0.667801 -1.09943 0.327995
1 -0.539958 -1.55628 0.333035
2 -0.52225 -1.56783 0.338047
1 -0.443489 -1.86736 0.342899
2 -0.409074 -1.93029 0.344531
1 -0.339383 -2.15265 0.353008
2 -0.717105 -0.937211 0.321653
4 -0.79487 -0.792146 0.310003
3 -0.753403 -0.91876 0.311302
4 -0.735378 -0.914477 0.320432
5 -0.685487 -1.03935 0.3196
1 -0.748183 -0.876112 0.317433
2 -0.704267 -0.958267 0.322022
3 -0.646793 -1.14951 0.326939
4 -0.664875 -1.07351 0.3228
1 -0.773568 -0.759448 0.316046
7 -0.561308 -1.42076 0.333166
2 -0.621936 -1.34233 0.327952
2 -0.710284 -1.05474 0.319411
2 -0.677123 -1.19877 0.321985
1 -0.672517 -1.27358 0.323672
1 -0.656071 -1.2663 0.323904
6 -0.610711 -1.53385 0.322117
6 -0.854719 -0.72119 0.304213
2 -0.725057 -0.978996 0.322476
1 -0.766651 -0.805316 0.324262
4 -0.79962 -0.807843 0.314006
3 -0.523728 -1.69201 0.333514
14 -0.603666 -1.23038 0.337204
5 -0.796974 -0.682134 0.321581
1 -0.676413 -0.984602 0.323752
7 -0.567145 -1.47686 0.32965
3 -0.583041 -1.41869 0.330679
4 -0.671013 -1.20905 0.326757
5 -0.621456 -1.39295 0.322859
2 -0.60897 -1.46621 0.320072
4 -0.658373 -1.30655 0.319537
1 -0.550089 -1.41045 0.33899
3 -0.60898 -1.17979 0.336869
4 -0.649693 -1.18171 0.326484
1 -0.653149 -1.16836 0.32663
2 -0.598673 -1.30389 0.331241
2 -0.629048 -1.21594 0.329434
3 -0.62118 -1.18345 0.331677
1 -0.665699 -1.14645 0.327838
2 -0.721287 -0.967636 0.325121
3 -0.675925 -1.10956 0.332629
4 -0.576451 -1.30468 0.342015
1 -0.695144 -0.788196 0.330799
1 -0.717399 -0.767938 0.324151
1 -0.803126 -0.639541 0.317385
1 -0.664813 -1.19196 0.324539
2 -0.640667 -1.1864 0.328861
1 -0.656077 -1.08404 0.326019
2 -0.713873 -0.91791 0.317451
3 -0.700282 -0.824962 0.325152
3 -0.61529 -1.1676 0.333803
3 -0.640726 -0.914833 0.337464
1 -0.586499 -1.31267 0.326737
5 -0.841899 -0.74853 0.305642
1 -0.857299 -0.557931 0.313793
4 -0.735349 -0.731965 0.328133
5 -0.672418 -0.86907 0.335444
1 -0.680171 -1.03013 0.323973
2 -0.710427 -0.940808 0.320045
2 -0.688462 -1.00374 0.325873
1 -0.731752 -0.848617 0.327316
5 -0.664598 -0.930864 0.333303
2 -0.709098 -0.779604 0.325195
2 -0.808464 -0.63327 0.314395
12 -0.693144 -1.09424 0.316366
2 -0.671272 -1.02116 0.32843
1 -0.674308 -0.914261 0.335337
1 -0.685678 -1.03055 0.330112
1 -0.694861 -0.998459 0.327659
4 -0.505296 -1.6193 0.340416
6 -0.532303 -1.46277 0.340425
1 -0.518067 -1.63159 0.337933
3 -0.670335 -1.25164 0.323513
4 -0.764932 -0.889013 0.317799
8 -0.663349 -1.04963 0.330277
1 -0.728024 -0.896111 0.321247
6 -0.690478 -1.09632 0.321579
1 -0.75551 -0.889654 0.309127
2 -0.590168 -1.43652 0.332877
2 -0.624394 -1.13104 0.336867
2 -0.61752 -1.16127 0.335995
2 -0.627031 -1.14088 0.328476
4 -0.480652 -1.71329 0.338015
2 -0.56623 -1.31054 0.336796
4 -0.656338 -1.05221 0.331785
3 -0.670891 -0.985215 0.330975
5 -0.722346 -0.885558 0.32354
2 -0.74679 -0.704473 0.324222
1 -0.615993 -1.21274 0.334071
3 -0.674364 -1.00107 0.327124
2 -0.755273 -0.914267 0.314522
2 -0.693031 -1.16167 0.321379
3 -0.847885 -0.669707 0.304616
1 -0.833499 -0.725282 0.308647
11 -0.792471 -0.878893 0.314022
1 -0.848689 -0.649335 0.308464
2 -0.779962 -0.74386 0.316163
1 -0.622597 -1.10859 0.333103
3 -0.570046 -1.31107 0.339238
1 -0.651988 -1.00178 0.337031
2 -0.725737 -0.665581 0.33055
1 -0.642408 -1.16459 0.330279
5 -0.628869 -1.17242 0.33586
3 -0.57077 -1.27631 0.343115
1 -0.751119 -0.909594 0.321444
1 -0.606994 -1.45721 0.331252
1 -0.606218 -1.4446 0.331917
2 -0.770463 -0.79577 0.321551
4 -0.843966 -0.585074 0.316211
3 -0.626618 -1.16785 0.331106
5 -0.631812 -1.15676 0.333353
2 -0.676324 -1.07167 0.329738
2 -0.7346 -0.876357 0.323133
1 -0.84734 -0.471732 0.317136
4 -0.704561 -0.962357 0.322154
2 -0.689817 -1.03651 0.32207
8 -0.686816 -0.944538 0.32432
4 -0.738465 -0.751312 0.320928
9 -0.903921 -0.309786 0.309672
1 -0.889018 -0.274472 0.315416
11 -0.716155 -0.929324 0.324866
2 -0.715443 -0.915833 0.325904
1 -0.657264 -1.19541 0.330681
3 -0.640188 -1.3462 0.32629
2 -0.634431 -1.33793 0.327443
3 -0.626005 -1.21563 0.334568
4 -0.583448 -1.28252 0.341248
2 -0.505439 -1.33802 0.348323
1 -0.602144 -1.14717 0.33831
1 -0.62152 -1.10648 0.336084
4 -0.691035 -0.956002 0.329417
1 -0.814326 -0.635471 0.319735
4 -0.806696 -0.979264 0.303404
2 -0.778698 -0.96487 0.311816
1 -0.755256 -0.966764 0.314136
1 -0.754711 -0.908549 0.321255
4 -0.757782 -0.490032 0.331156
2 -0.689855 -0.752461 0.339267
1 -0.577485 -1.17457 0.34212
1 -0.627784 -1.27301 0.33099
10 -0.624276 -1.29598 0.328667
4 -0.669091 -0.989222 0.331212
1 -0.642614 -1.07252 0.333619
4 -0.66624 -1.03723 0.331538
2 -0.677054 -1.03206 0.330172
5 -0.698649 -0.8886 0.332987
6 -0.625391 -1.04182 0.337661
8 -0.755622 -0.76364 0.323684
2 -0.749968 -0.749995 0.328395
2 -0.735803 -0.767074 0.328413
5 -0.784717 -0.730201 0.322302
6 -0.702727 -0.926425 0.323939
1 -0.701068 -0.934312 0.32383
19 -0.64793 -1.11818 0.326104
1 -0.630757 -1.14093 0.331675
12 -0.683703 -0.930141 0.329835
5 -0.647487 -1.0709 0.331719
4 -0.566461 -1.40697 0.335954
5 -0.583162 -1.27956 0.337861
2 -0.644756 -1.09703 0.333245
2 -0.824992 -0.513668 0.311783
5 -0.786233 -0.643819 0.313814
1 -0.651045 -1.01153 0.334245
1 -0.811093 -0.584037 0.312853
3 -0.681782 -1.0025 0.32063
2 -0.688033 -1.04694 0.319083
5 -0.653987 -1.15367 0.322994
2 -0.555124 -1.43692 0.343386
1 -0.536253 -1.50503 0.344109
2 -0.723967 -0.886527 0.327869
1 -0.740679 -0.759066 0.330884
4 -0.744819 -0.65425 0.334499
4 -0.670677 -1.11232 0.326425
3 -0.616499 -1.15171 0.337574
1 -0.617255 -1.12901 0.338386
4 -0.665803 -1.00434 0.326411
2 -0.770284 -0.743358 0.317015
1 -0.69913 -1.02882 0.316808
2 -0.575979 -1.33192 0.329426
1 -0.594795 -1.35209 0.330377
4 -0.62536 -1.36929 0.327304
2 -0.691981 -1.05476 0.325898
4 -0.635737 -1.00123 0.33165
3 -0.605337 -1.61046 0.320645
1 -0.607875 -1.65747 0.318325
1 -0.565131 -1.73156 0.318202
2 -0.712614 -1.07689 0.312915
12 -0.710169 -1.12515 0.31858
1 -0.718533 -1.0424 0.321724
2 -0.578093 -1.37187 0.337171
9 -0.654764 -1.10488 0.329637
1 -0.715159 -0.850282 0.325698
3 -0.58166 -1.3392 0.333391
4 -0.658433 -0.851606 0.336107
1 -0.483554 -1.72417 0.336919
6 -0.629669 -1.15597 0.327972
1 -0.695546 -0.931368 0.325845
8 -0.68376 -1.09714 0.323414
1 -0.743003 -0.787296 0.322492
2 -0.569331 -1.49568 0.333606
4 -0.739208 -0.822601 0.328359
2 -0.710726 -0.740217 0.333379
1 -0.695002 -1.06554 0.327904
1 -0.521557 -1.84279 0.329083
2 -0.573857 -1.60682 0.32093
5 -0.537152 -1.6912 0.328178
5 -0.640394 -1.45531 0.321567
1 -0.640908 -1.49367 0.321084
1 -0.721735 -1.03777 0.316821
2 -0.80289 -0.602151 0.319308
2 -0.760319 -0.703997 0.319588
4 -0.785836 -0.586536 0.320277
1 -0.748474 -0.68217 0.32394
7 -0.723804 -0.78685 0.324486
2 -0.767371 -0.705713 0.318627
4 -0.758526 -0.869998 0.320525
3 -0.612567 -1.00457 0.343363
6 -0.66413 -0.814853 0.338138
1 -0.475779 -1.66754 0.343012
9 -0.486217 -1.60619 0.344427
1 -0.595837 -1.17725 0.336246
7 -0.591582 -1.34637 0.337428
5 -0.675161 -1.10616 0.324769
5 -0.694785 -1.0492 0.32142
3 -0.672022 -1.04932 0.330352
1 -0.68543 -0.915859 0.329791
4 -0.761455 -0.744766 0.319694
2 -0.792978 -0.672904 0.318813
3 -0.656878 -1.07998 0.328091
2 -0.654401 -0.997872 0.330474
6 -0.626211 -1.17734 0.332708
11 -0.705079 -1.08239 0.323511
1 -0.799394 -0.771465 0.318875
2 -0.670155 -1.12866 0.329368
1 -0.628509 -1.29081 0.330637
1 -0.59028 -1.46055 0.328741
5 -0.576647 -1.29175 0.333409
1 -0.568773 -1.4062 0.328799
4 -0.671597 -1.15874 0.331212
1 -0.648766 -1.27959 0.333914
1 -0.616622 -1.32147 0.338569
1 -0.596908 -1.48454 0.334183
2 -0.697894 -1.27987 0.318149
12 -0.549357 -1.64891 0.337655
2 -0.572779 -1.30963 0.344695
2 -0.563796 -1.31209 0.345885
2 -0.557288 -1.54085 0.337658
1 -0.568243 -1.46966 0.333392
1 -0.512981 -1.65505 0.341957
3 -0.696008 -1.03432 0.321944
3 -0.694978 -1.08291 0.31855
6 -0.638322 -1.19139 0.322719
2 -0.667735 -1.13823 0.320687
2 -0.730724 -0.852535 0.319057
8 -0.767832 -0.868786 0.313207
2 -0.788712 -0.707811 0.31346
3 -0.528401 -1.53933 0.327261
3 -0.610925 -1.10123 0.329665
6 -0.663677 -0.934388 0.330229
1 -0.826843 -0.508817 0.318463
5 -0.550008 -1.437 0.337553
1 -0.641589 -1.34292 0.32544
2 -0.61802 -1.51639 0.32524
3 -0.597373 -1.46501 0.328442
3 -0.651263 -1.20549 0.331641
2 -0.649688 -1.21804 0.33103
6 -0.692934 -1.04247 0.320826
4 -0.64909 -1.1368 0.325494
2 -0.49234 -1.63918 0.336787
1 -0.583967 -1.37272 0.334396
1 -0.578648 -1.33029 0.33556
1 -0.556369 -1.3803 0.34009
18 -0.499432 -1.56954 0.345451
2 -0.637449 -1.27823 0.326042
1 -0.740756 -1.00804 0.315614
1 -0.771711 -0.952261 0.308183
2 -0.851771 -0.499827 0.309903
4 -0.850756 -0.4976 0.310314
1 -0.680383 -0.876767 0.332609
7 -0.693525 -1.08228 0.324865
2 -0.689872 -1.00019 0.327943
1 -0.669741 -1.11642 0.325783
5 -0.700654 -0.977314 0.322003
3 -0.748512 -0.860109 0.32224
3 -0.734472 -0.872998 0.329339
3 -0.793628 -0.76016 0.321945
7 -0.700882 -0.981858 0.332642
1 -0.773225 -0.753365 0.325732
1 -0.834585 -0.677795 0.319732
1 -0.675813 -1.04496 0.332628
5 -0.739109 -0.830069 0.331108
1 -0.71287 -0.841783 0.329089
2 -0.642219 -1.05898 0.335912
4 -0.633403 -1.15584 0.330469
3 -0.635558 -1.10643 0.334074
2 -0.66708 -1.05018 0.326509
1 -0.616741 -1.1762 0.334166
1 -0.645073 -1.01961 0.335456
6 -0.663113 -1.0634 0.33677
4 -0.676611 -0.937698 0.336108
2 -0.691426 -0.887864 0.334376
1 -0.54538 -1.29926 0.340908
1 -0.474447 -1.5505 0.345683
3 -0.614301 -1.498 0.321677
5 -0.800789 -0.748305 0.315662
1 -0.737499 -0.999157 0.320318
1 -0.69288 -0.867614 0.334122
6 -0.75506 -0.847316 0.325841
5 -0.762275 -0.823779 0.325268
8 -0.733747 -0.874192 0.329322
9 -0.727129 -0.878428 0.325236
2 -0.786093 -0.766766 0.318041
4 -0.786509 -0.799336 0.316028
1 -0.692025 -1.00569 0.317532
1 -0.694514 -0.999092 0.317172
2 -0.727056 -0.980791 0.319352
2 -0.833991 -0.658101 0.312496
1 -0.811041 -0.535093 0.316679
1 -0.693565 -0.963471 0.325057
3 -0.706515 -0.989165 0.32583
4 -0.87867 -0.437188 0.306877
2 -0.722365 -0.730561 0.331082
4 -0.705662 -0.78692 0.32877
1 -0.748411 -0.649975 0.330386
3 -0.583279 -1.22706 0.340062
9 -0.635803 -1.08268 0.330201
3 -0.65195 -1.07178 0.331914
2 -0.581531 -1.29981 0.33787
1 -0.667906 -1.09269 0.32721
1 -0.585659 -1.39344 0.332407
1 -0.624078 -1.31967 0.321028
2 -0.712586 -1.14796 0.318889
2 -0.766146 -0.90375 0.315324
3 -0.705804 -1.04502 0.320748
9 -0.715768 -0.919926 0.321822
14 -0.727797 -0.951083 0.319351
1 -0.725125 -0.982923 0.318391
1 -0.576122 -1.25884 0.336924
4 -0.556008 -1.49602 0.333933
5 -0.585924 -1.42714 0.333305
5 -0.526588 -1.51917 0.334723
1 -0.470277 -1.52847 0.353111
1 -0.457799 -1.79847 0.343426
3 -0.656945 -1.02435 0.330072
1 -0.647385 -1.10424 0.330247
2 -0.681152 -0.950572 0.328021
1 -0.723157 -0.852326 0.321281
3 -0.550054 -1.38965 0.33133
2 -0.512605 -1.46809 0.340416
2 -0.481611 -1.50698 0.347372
9 -0.682656 -0.832248 0.333496
1 -0.618502 -1.17504 0.330089
1 -0.677322 -1.0703 0.321055
3 -0.584857 -1.43 0.327267
3 -0.657319 -1.35412 0.325934
3 -0.55286 -1.42446 0.335737
3 -0.536407 -1.40778 0.340401
3 -0.566366 -1.24583 0.335351
5 -0.614276 -1.09502 0.333131
3 -0.806029 -0.568527 0.312906
1 -0.688752 -1.10441 0.32007
1 -0.654452 -1.27852 0.321804
3 -0.609905 -1.17082 0.336256
3 -0.623077 -1.16965 0.334244
1 -0.655085 -0.956449 0.334568
1 -0.659391 -0.971275 0.328178
2 -0.659907 -0.958558 0.328472
2 -0.68933 -1.01925 0.31901
4 -0.603146 -1.29435 0.329184
4 -0.468778 -1.91731 0.334716
8 -0.487654 -1.81519 0.330441
9 -0.55808 -1.49439 0.326506
1 -0.591979 -1.29305 0.329918
1 -0.671207 -1.05765 0.322582
4 -0.695738 -0.987562 0.324567
5 -0.691412 -1.2794 0.317959
4 -0.633497 -1.46357 0.321706
3 -0.62843 -1.24251 0.33358
8 -0.663158 -1.07887 0.335406
1 -0.582167 -1.31401 0.341394
3 -0.718953 -0.954514 0.324839
1 -0.592111 -1.10987 0.346526
2 -0.685422 -1.10582 0.325517
1 -0.715971 -0.987754 0.319175
3 -0.866403 -0.560187 0.310068
1 -0.764863 -0.882863 0.317007
1 -0.702838 -1.14609 0.323676
2 -0.675308 -1.17891 0.323041
3 -0.623242 -1.33997 0.327036
6 -0.761404 -0.788994 0.321205
2 -0.824287 -0.602842 0.319222
2 -0.71937 -1.0227 0.320766
3 -0.720137 -0.951202 0.320312
2 -0.575859 -1.44292 0.329686
2 -0.664852 -1.20369 0.32746
1 -0.681099 -1.17616 0.325389
5 -0.564634 -1.35229 0.339097
2 -0.544955 -1.48019 0.33889
3 -0.772912 -0.672271 0.320705
4 -0.737006 -0.803712 0.31628
2 -0.64342 -1.10595 0.322578
4 -0.716593 -0.822861 0.321651
2 -0.651644 -1.14099 0.323519
3 -0.745146 -0.888052 0.317328
1 -0.663364 -1.03462 0.32736
2 -0.627924 -1.45259 0.319693
1 -0.617515 -1.51772 0.32183
3 -0.574467 -1.61699 0.325872
3 -0.625746 -1.40785 0.327235
8 -0.64511 -1.49797 0.320935
2 -0.611742 -1.26217 0.328717
2 -0.734933 -0.785698 0.323203
1 -0.701494 -0.922899 0.326272
1 -0.576779 -1.59255 0.328422
4 -0.575331 -1.59632 0.328805
4 -0.474092 -1.68765 0.343825
1 -0.593932 -1.2223 0.33205
7 -0.559492 -1.34251 0.335106
4 -0.678884 -0.887133 0.326528
1 -0.685314 -1.06978 0.318298
6 -0.629229 -1.26552 0.323885
2 -0.581065 -1.34191 0.330063
1 -0.565712 -1.3864 0.331869
4 -0.745535 -0.870946 0.317875
3 -0.809274 -0.51416 0.318307
1 -0.794157 -0.589403 0.316581
1 -0.706851 -0.838109 0.33014
4 -0.674921 -0.972283 0.330984
1 -0.631472 -1.35938 0.322896
1 -0.640925 -1.21806 0.327463
5 -0.670664 -1.10298 0.325752
1 -0.589319 -1.27469 0.336602
3 -0.539333 -1.4379 0.337351
3 -0.509098 -1.55315 0.339848
1 -0.670491 -1.04043 0.318919
1 -0.774264 -0.803169 0.312626
2 -0.774514 -0.832372 0.315756
1 -0.660238 -1.02397 0.328457
2 -0.720652 -0.839492 0.324979
2 -0.747683 -0.772146 0.323986
3 -0.733824 -0.739502 0.327794
2 -0.742167 -0.98606 0.320516
1 -0.680577 -1.0449 0.325468
1 -0.757639 -0.80663 0.321018
1 -0.733061 -0.807106 0.325021
1 -0.640969 -1.05122 0.33396
7 -0.706446 -0.826983 0.323761
1 -0.738853 -0.80987 0.325255
1 -0.634236 -1.25433 0.326687
1 -0.668905 -1.12561 0.328395
7 -0.65044 -1.0983 0.333459
3 -0.599573 -1.30277 0.33299
1 -0.601255 -1.25309 0.334043
12 -0.651202 -1.20041 0.325689
1 -0.469991 -1.68073 0.334342
1 -0.478108 -1.61186 0.336358
2 -0.424767 -1.77038 0.346561
4 -0.582283 -1.22841 0.336418
3 -0.665267 -1.17496 0.33165
3 -0.573133 -1.14921 0.340483
4 -0.650928 -1.08008 0.321088
1 -0.655462 -1.27979 0.313291
1 -0.498582 -1.6458 0.334471
1 -0.395659 -1.9727 0.347297
5 -0.568607 -1.24897 0.34485
2 -0.560114 -1.3247 0.346074
1 -0.623055 -1.2159 0.334994
1 -0.679387 -1.09558 0.331274
2 -0.794009 -0.827601 0.311419
1 -0.655913 -1.13189 0.328344
2 -0.676071 -1.03617 0.327213
6 -0.444189 -1.7529 0.346028
1 -0.701703 -1.02169 0.321247
3 -0.67754 -1.12228 0.321973
1 -0.646912 -1.25652 0.324142
1 -0.681966 -1.32694 0.317731
1 -0.580192 -1.62835 0.326364
1 -0.617996 -1.2481 0.336674
3 -0.668503 -1.07341 0.323848
3 -0.802899 -0.664879 0.310095
4 -0.720642 -0.832611 0.31721
1 -0.643455 -1.04842 0.326521
8 -0.686593 -0.865594 0.325644
7 -0.747856 -0.689545 0.320067
3 -0.781998 -0.897808 0.31621
4 -0.751653 -0.872454 0.315883
4 -0.640753 -1.23669 0.324862
2 -0.586298 -1.51544 0.323417
2 -0.589139 -1.46732 0.326319
2 -0.703845 -1.1364 0.315836
2 -0.663404 -1.37472 0.318191
2 -0.861759 -0.572951 0.31034
1 -0.804119 -0.715207 0.315909
2 -0.806214 -0.704337 0.316727
6 -0.856795 -0.520288 0.31214
1 -0.615875 -1.20525 0.329483
10 -0.598944 -1.23586 0.335276
2 -0.701029 -0.952029 0.326139
1 -0.458088 -1.78091 0.342965
2 -0.594011 -1.53763 0.3275
2 -0.686726 -1.08285 0.323144
1 -0.789346 -0.687269 0.314099
3 -0.70949 -0.870665 0.3289
3 -0.666861 -1.00415 0.334956
4 -0.667468 -0.969083 0.333237
1 -0.466666 -1.70669 0.344333
2 -0.597302 -1.36964 0.32437
1 -0.397561 -2.08481 0.339908
1 -0.623883 -1.23649 0.325512
1 -0.741918 -0.819174 0.321714
1 -0.741338 -0.838697 0.322623
2 -0.639532 -1.17249 0.327638
1 -0.660708 -1.09846 0.326437
1 -0.711269 -1.09881 0.317807
2 -0.706142 -1.09609 0.318325
6 -0.684643 -1.13397 0.322002
2 -0.737895 -0.970532 0.316108
3 -0.629059 -1.2878 0.321811
3 -0.690645 -0.929707 0.324806
3 -0.642215 -1.10556 0.331845
6 -0.502375 -1.47134 0.348116
4 -0.597369 -1.27834 0.335443
2 -0.652049 -1.19408 0.328515
1 -0.616944 -1.23959 0.335238
1 -0.665668 -1.15686 0.330536
2 -0.812329 -0.374128 0.32774
3 -0.699397 -0.818782 0.32927
2 -0.709385 -0.844419 0.326809
2 -0.796401 -0.706793 0.31874
1 -0.768398 -0.805594 0.319168
3 -0.673832 -1.06239 0.325427
1 -0.660195 -1.01394 0.336162
2 -0.659742 -1.05013 0.336492
2 -0.721127 -0.949818 0.330323
2 -0.707117 -1.02998 0.327648
3 -0.584343 -1.42021 0.336911
6 -0.550103 -1.63151 0.335074
3 -0.750413 -0.787575 0.3215
6 -0.59846 -1.39706 0.331176
3 -0.614446 -1.35261 0.329089
1 -0.553588 -1.49184 0.339607
4 -0.600767 -1.41373 0.334643
4 -0.553592 -1.61855 0.331004
9 -0.524607 -1.62768 0.334274
1 -0.483137 -1.78394 0.335468
2 -0.562397 -1.47287 0.331931
1 -0.659744 -1.1752 0.32602
1 -0.753101 -0.834478 0.317432
2 -0.658812 -1.06745 0.329568
4 -0.697785 -0.83475 0.328199
1 -0.633528 -1.11826 0.329077
1 -0.698795 -1.1087 0.319493
1 -0.757881 -0.882594 0.316188
2 -0.747707 -0.759524 0.322824
1 -0.696681 -0.914749 0.334612
5 -0.61727 -1.11384 0.339721
2 -0.728017 -0.899527 0.322702
1 -0.671679 -1.06319 0.325237
3 -0.735146 -0.914053 0.318243
2 -0.708398 -1.04142 0.321512
7 -0.716229 -1.07025 0.317258
2 -0.738553 -1.01062 0.315084
3 -0.782268 -0.808252 0.315097
1 -0.832763 -0.482114 0.315946
3 -0.663249 -1.00385 0.32922
1 -0.588797 -1.27807 0.331228
2 -0.715164 -0.908216 0.319409
1 -0.622842 -1.19384 0.331116
14 -0.587989 -1.34493 0.329729
8 -0.678651 -1.10129 0.326361
1 -0.627364 -1.16126 0.331251
1 -0.700294 -0.995098 0.32001
1 -0.684541 -1.20213 0.323223
1 -0.662846 -1.26362 0.326066
2 -0.740148 -0.933367 0.31444
4 -0.603218 -1.27043 0.329233
2 -0.593402 -1.33119 0.330529
3 -0.69894 -0.882952 0.325419
1 -0.74749 -0.733565 0.321235
3 -0.66039 -0.934252 0.328158
4 -0.651648 -0.959201 0.331698
3 -0.741438 -0.869827 0.316988
4 -0.804498 -0.821761 0.309182
2 -0.844352 -0.878618 0.298868
1 -0.730994 -1.15733 0.310018
6 -0.547722 -1.37738 0.335638
4 -0.657709 -1.09116 0.319457
2 -0.729554 -0.972573 0.317118
5 -0.717997 -1.01871 0.317542
2 -0.810575 -0.624492 0.308308
1 -0.638284 -1.22999 0.320251
8 -0.740056 -0.792886 0.3243
8 -0.675498 -1.08823 0.32973
1 -0.772377 -0.855053 0.319752
11 -0.768958 -0.77558 0.323678
2 -0.636753 -1.17145 0.331745
1 -0.758951 -0.793885 0.316362
1 -0.643603 -1.00674 0.333394
1 -0.646828 -0.989125 0.334674
1 -0.640802 -0.968131 0.33629
1 -0.693257 -0.976387 0.322542
1 -0.656719 -1.04531 0.326054
3 -0.638013 -1.15037 0.328624
4 -0.700951 -1.07281 0.322951
2 -0.704709 -0.960958 0.326436
3 -0.525607 -1.49578 0.342548
1 -0.485476 -1.56265 0.340385
1 -0.545357 -1.46293 0.339351
2 -0.5563 -1.3607 0.339703
9 -0.743649 -0.795043 0.319834
3 -0.728967 -0.943928 0.318016
1 -0.600584 -1.32737 0.327753
1 -0.69822 -1.0423 0.316701
1 -0.64472 -1.07851 0.329434
2 -0.682492 -0.988707 0.325095
3 -0.682043 -0.983078 0.327172
1 -0.574641 -1.40482 0.330508
3 -0.664792 -1.08962 0.324406
2 -0.699191 -1.02609 0.328931
1 -0.611838 -1.24096 0.334834
1 -0.647765 -1.14389 0.32896
6 -0.490786 -1.60645 0.342857
2 -0.710739 -0.857375 0.322677
3 -0.811387 -0.528328 0.323092
1 -0.750186 -0.747958 0.326503
1 -0.75185 -0.742698 0.326512
3 -0.638325 -1.2394 0.321814
5 -0.612413 -1.48515 0.324278
1 -0.543311 -1.42267 0.335808
3 -0.604028 -1.06176 0.341467
2 -0.672645 -0.893397 0.330672
1 -0.53923 -1.4506 0.332313
7 -0.606696 -1.07968 0.340133
5 -0.740467 -0.711074 0.324273
1 -0.684813 -0.886933 0.332478
1 -0.755398 -0.744071 0.328503
3 -0.804918 -0.601881 0.319228
1 -0.643212 -0.957203 0.334426
3 -0.494235 -1.54226 0.348598
1 -0.528795 -1.28931 0.346557
1 -0.456085 -1.50876 0.349626
3 -0.387981 -1.8025 0.35369
1 -0.484381 -1.71893 0.344857
1 -0.602286 -1.25796 0.330762
3 -0.611726 -1.21209 0.33285
4 -0.628458 -1.25227 0.327513
1 -0.70017 -1.01025 0.323861
2 -0.688668 -0.985351 0.325887
1 -0.619273 -1.00814 0.343809
1 -0.593251 -1.14666 0.341136
1 -0.623449 -1.15567 0.340165
1 -0.79739 -0.634676 0.324826
1 -0.79883 -0.700496 0.320222
7 -0.740695 -0.880073 0.324369
1 -0.66528 -1.14388 0.325943
4 -0.702645 -0.967347 0.326721
1 -0.726332 -0.865208 0.327998
6 -0.762204 -0.726307 0.320623
1 -0.643215 -1.11654 0.32883
3 -0.777523 -0.714989 0.317103
3 -0.73409 -0.734168 0.322622
2 -0.597189 -1.47628 0.330944
1 -0.622374 -1.40861 0.327835
7 -0.553645 -1.64148 0.332003
4 -0.52902 -1.69179 0.335882
1 -0.609717 -1.28381 0.329753
1 -0.599034 -1.23618 0.335976
8 -0.62797 -1.1629 0.335614
3 -0.641654 -1.0316 0.341997
1 -0.630186 -1.18863 0.334085
4 -0.708388 -0.979376 0.321618
10 -0.761301 -0.910979 0.32032
2 -0.799918 -0.709285 0.318256
1 -0.875284 -0.418291 0.316644
1 -0.789163 -0.697929 0.319031
1 -0.755821 -0.794333 0.318938
1 -0.735468 -0.947866 0.319243
6 -0.784254 -0.853695 0.316175
1 -0.729919 -0.771146 0.325985
1 -0.641051 -1.0716 0.329534
2 -0.771843 -0.802282 0.31201
7 -0.742322 -0.921766 0.316201
2 -0.661533 -1.11472 0.323263
1 -0.602127 -1.36438 0.330607
3 -0.725691 -0.954481 0.325734
4 -0.751914 -0.634301 0.328488
3 -0.565462 -1.229 0.340081
2 -0.58029 -1.20828 0.336421
2 -0.588642 -1.16742 0.336142
1 -0.769536 -0.700193 0.316677
2 -0.801187 -0.62298 0.313864
3 -0.725216 -0.887889 0.319195
5 -0.723335 -0.932968 0.320095
1 -0.770491 -0.917566 0.317132
1 -0.512052 -1.70173 0.334538
2 -0.622864 -1.19354 0.325601
1 -0.636328 -1.06755 0.326831
5 -0.670092 -1.06049 0.325776
16 -0.705382 -0.984029 0.322301
2 -0.663175 -1.04065 0.324829
1 -0.801987 -0.67676 0.311529
2 -0.813254 -0.597857 0.313932
3 -0.90265 -0.578564 0.29908
4 -0.769444 -1.02799 0.307749
3 -0.70696 -1.08228 0.314857
2 -0.607663 -1.31234 0.327387
1 -0.542559 -1.55396 0.334376
4 -0.751609 -0.929082 0.314277
1 -0.779278 -0.816143 0.312918
3 -0.700095 -0.888119 0.328494
3 -0.753497 -0.776949 0.320743
2 -0.818167 -0.678993 0.311025
1 -0.742157 -0.89319 0.322068
9 -0.665808 -1.0728 0.328985
3 -0.633981 -1.13624 0.332966
6 -0.666845 -0.88486 0.337327
3 -0.712767 -0.735362 0.332098
2 -0.621831 -1.14185 0.333359
1 -0.589764 -1.28122 0.335797
3 -0.56643 -1.38131 0.33597
1 -0.666403 -0.938902 0.329622
2 -0.622319 -1.07243 0.331788
1 -0.71966 -0.82503 0.324075
2 -0.821854 -0.624508 0.317121
1 -0.777032 -0.760584 0.322584
1 -0.742826 -0.898699 0.323767
2 -0.61911 -1.34256 0.332352
1 -0.634623 -1.2584 0.334225
3 -0.696286 -1.08118 0.326396
1 -0.758052 -0.947329 0.312068
1 -0.6917 -0.949059 0.321781
2 -0.543035 -1.38791 0.342541
1 -0.558637 -1.34436 0.341853
1 -0.548482 -1.39438 0.340202
3 -0.577994 -1.44891 0.330021
1 -0.587773 -1.39258 0.331157
11 -0.539779 -1.4019 0.338271
1 -0.464428 -1.76008 0.340118
2 -0.486487 -1.66154 0.33904
2 -0.548501 -1.53753 0.33369
2 -0.644788 -1.25667 0.330498
1 -0.773276 -0.715054 0.324468
2 -0.764717 -0.791005 0.320506
1 -0.71036 -0.97273 0.321091
1 -0.63768 -1.26955 0.325034
1 -0.608901 -1.2651 0.333157
6 -0.533592 -1.33831 0.345599
3 -0.572591 -1.35799 0.339876
1 -0.649711 -1.10364 0.333624
2 -0.625914 -1.06903 0.335139
1 -0.578553 -1.37423 0.331728
1 -0.629044 -1.22025 0.332726
3 -0.547985 -1.5327 0.333298
1 -0.525769 -1.55309 0.338716
5 -0.639896 -1.26532 0.32748
1 -0.576737 -1.28166 0.342936
1 -0.565754 -1.27411 0.343153
1 -0.577063 -1.23741 0.34417
2 -0.619454 -1.13642 0.336584
1 -0.698737 -0.867004 0.327858
2 -0.704623 -0.861653 0.329318
2 -0.480212 -1.52948 0.34697
1 -0.458709 -1.6611 0.349892
2 -0.630291 -1.23129 0.334591
1 -0.593105 -1.41143 0.330284
3 -0.64007 -1.17924 0.327035
6 -0.837011 -0.536174 0.314704
4 -0.683612 -0.938288 0.331918
3 -0.711702 -1.03768 0.317802
5 -0.700487 -1.03519 0.322001
2 -0.715264 -1.00507 0.322096
2 -0.643394 -1.38296 0.315437
4 -0.602292 -1.43389 0.324081
2 -0.604195 -1.43215 0.323833
2 -0.626582 -1.31536 0.323841
1 -0.634872 -1.15498 0.326153
7 -0.60343 -1.34798 0.324836
1 -0.620666 -1.21293 0.33076
4 -0.676414 -1.06989 0.330679
1 -0.515747 -1.60224 0.342408
5 -0.508714 -1.67049 0.336313
2 -0.680963 -1.17648 0.312884
3 -0.605972 -1.42045 0.321749
3 -0.64335 -1.37594 0.321816
2 -0.813443 -0.526358 0.318324
2 -0.798324 -0.482708 0.327642
1 -0.772891 -0.6177 0.321739
3 -0.679302 -1.05207 0.324997
8 -0.677427 -1.10073 0.321435
2 -0.629755 -1.20284 0.329058
1 -0.6298 -1.18822 0.329125
6 -0.616901 -1.19875 0.32983
2 -0.640081 -1.17124 0.323286
2 -0.764321 -0.760852 0.312122
2 -0.661265 -1.05914 0.326046
3 -0.622562 -1.10934 0.338041
1 -0.607985 -1.18566 0.337898
2 -0.609912 -1.19794 0.330749
1 -0.712958 -0.754353 0.329405
5 -0.958989 -0.384386 0.29924
3 -0.900295 -0.518917 0.303514
2 -0.814668 -0.78885 0.311245
2 -0.752994 -0.858893 0.32044
2 -0.665104 -1.20857 0.322336
1 -0.644933 -1.06251 0.328542
1 -0.631425 -1.30457 0.324141
1 -0.677983 -1.15185 0.322776
1 -0.719676 -1.01899 0.317155
2 -0.732158 -0.883919 0.32128
1 -0.595412 -1.22716 0.338575
2 -0.550062 -1.45145 0.339475
3 -0.684113 -1.03782 0.322654
4 -0.628892 -1.2797 0.323483
2 -0.69805 -0.88642 0.328287
4 -0.561625 -1.31071 0.343906
1 -0.580739 -1.32447 0.339506
4 -0.506075 -1.66899 0.345825
1 -0.702456 -1.23613 0.318222
4 -0.680771 -1.30404 0.319333
1 -0.564397 -1.47184 0.338109
2 -0.656037 -1.16456 0.325602
3 -0.651746 -1.23745 0.322086
3 -0.688041 -1.07817 0.326164
13 -0.75338 -0.82368 0.32047
1 -0.908077 -0.319769 0.310042
1 -0.878472 -0.529495 0.308212
2 -0.840616 -0.388843 0.322546
1 -0.700378 -0.906313 0.32959
4 -0.682192 -0.935884 0.331229
1 -0.672984 -1.03338 0.327329
2 -0.669072 -1.15897 0.316832
1 -0.686969 -1.03827 0.328657
6 -0.63997 -1.16629 0.327011
3 -0.646767 -1.11344 0.324589
1 -0.814013 -0.336384 0.332163
1 -0.729664 -0.72625 0.326845
3 -0.612426 -1.35588 0.337997
2 -0.61273 -1.42988 0.331277
6 -0.577038 -1.42594 0.334673
2 -0.579294 -1.35773 0.33764
3 -0.619401 -1.22838 0.333217
5 -0.607435 -1.19412 0.336635
14 -0.637809 -0.991843 0.337726
3 -0.712207 -0.844576 0.334935
3 -0.514272 -1.51266 0.349733
1 -0.52005 -1.47321 0.342333
3 -0.531504 -1.43887 0.341728
2 -0.575589 -1.36297 0.335002
1 -0.579359 -1.35191 0.336508
1 -0.572656 -1.54245 0.327387
3 -0.724537 -0.977043 0.313247
3 -0.791482 -0.686955 0.315459
6 -0.695614 -0.923787 0.325285
3 -0.658112 -1.08761 0.325805
4 -0.569046 -1.4635 0.329742
1 -0.6838 -0.967719 0.324843
2 -0.775744 -0.635228 0.319807
4 -0.70644 -0.840947 0.328889
2 -0.641829 -1.12029 0.326302
13 -0.737853 -0.82026 0.320109
4 -0.769148 -0.636624 0.322246
7 -0.502132 -1.58745 0.348764
1 -0.648852 -1.20764 0.334583
1 -0.596839 -1.24427 0.343676
1 -0.705388 -0.898527 0.333725
2 -0.71193 -0.84018 0.334413
1 -0.791702 -0.72145 0.320337
2 -0.741807 -0.69667 0.32461
2 -0.710216 -0.806874 0.327632
4 -0.764527 -0.620405 0.326141
1 -0.74431 -0.858268 0.324387
2 -0.774824 -0.665151 0.326137
5 -0.725172 -0.786521 0.327773
6 -0.58748 -0.994854 0.346046
7 -0.465112 -1.46117 0.352756
2 -0.70206 -0.712535 0.333549
4 -0.664294 -0.948628 0.333085
1 -0.770125 -0.661694 0.31507
1 -0.723295 -0.974803 0.309591
1 -0.635737 -1.27533 0.32014
1 -0.467577 -1.8587 0.336972
2 -0.554129 -1.60925 0.330703
1 -0.537249 -1.53007 0.33588
2 -0.535048 -1.46822 0.33694
5 -0.558989 -1.34403 0.336439
5 -0.604753 -1.3417 0.331855
3 -0.61533 -1.17213 0.329182
1 -0.623424 -1.14933 0.326623
2 -0.754673 -0.678867 0.318581
2 -0.908941 -0.470874 0.30261
2 -0.990978 -0.187882 0.301566
1 -0.685437 -1.14091 0.319709
4 -0.613323 -1.27003 0.332145
6 -0.704058 -1.02193 0.326052
3 -0.550414 -1.38014 0.344384
3 -0.575883 -1.4201 0.334658
2 -0.516772 -1.54361 0.332686
4 -0.674062 -0.937488 0.330022
2 -0.654383 -1.03737 0.336476
2 -0.649986 -1.04626 0.325667
1 -0.676506 -0.959881 0.324788
2 -0.813535 -0.671624 0.312309
1 -0.722432 -0.823304 0.326121
3 -0.617449 -1.13967 0.329243
2 -0.680875 -0.979191 0.324144
8 -0.681291 -1.06076 0.324457
4 -0.633107 -1.1391 0.330402
1 -0.608474 -1.29749 0.333575
1 -0.629901 -1.10593 0.337745
1 -0.657471 -1.16654 0.32951
10 -0.690707 -0.989779 0.325234
5 -0.678703 -1.05997 0.322421
4 -0.667782 -1.05061 0.325597
1 -0.693651 -0.825081 0.330115
2 -0.682514 -0.857304 0.330262
1 -0.631121 -1.11985 0.328659
4 -0.681438 -0.962178 0.325277
1 -0.522347 -1.32332 0.349979
5 -0.521271 -1.37429 0.348491
7 -0.621708 -1.05225 0.339013
3 -0.616564 -1.03379 0.340976
1 -0.733652 -0.841375 0.320142
4 -0.728762 -1.00411 0.320341
1 -0.789499 -0.771335 0.319365
2 -0.663705 -1.09283 0.329786
1 -0.674867 -1.01519 0.326503
4 -0.639955 -1.04985 0.337819
2 -0.814395 -0.586142 0.323469
1 -0.81851 -0.604979 0.317493
3 -0.762432 -0.79119 0.319834
1 -0.79154 -0.762656 0.313941
2 -0.738842 -0.908112 0.318282
6 -0.712134 -0.887085 0.327189
1 -0.596811 -1.23398 0.33959
2 -0.66145 -1.00165 0.334088
2 -0.826999 -0.646428 0.315245
2 -0.715297 -0.867274 0.3299
7 -0.781398 -0.717385 0.314432
2 -0.663983 -1.09572 0.324402
9 -0.728578 -0.749417 0.318592
3 -0.635281 -1.09755 0.328335
3 -0.713473 -0.75613 0.3319
1 -0.53043 -1.33089 0.34151
1 -0.572714 -1.32239 0.333291
3 -0.586214 -1.30129 0.334655
3 -0.557328 -1.44175 0.341364
2 -0.658507 -1.05615 0.334417
7 -0.71854 -0.843555 0.32775
3 -0.717286 -0.79828 0.330593
5 -0.71987 -0.854685 0.329663
1 -0.712269 -0.901671 0.327395
3 -0.651906 -1.09713 0.335895
3 -0.696422 -1.01544 0.332243
1 -0.706568 -0.975465 0.330315
3 -0.825337 -0.517803 0.31483
5 -0.671647 -0.933523 0.328119
5 -0.691748 -0.927716 0.323607
1 -0.495301 -1.55165 0.346458
2 -0.707984 -0.837481 0.327656
3 -0.658899 -0.886551 0.337394
2 -0.69403 -0.896038 0.329051
1 -0.688633 -0.930716 0.329239
2 -0.618732 -1.31654 0.324035
1 -0.458938 -1.71062 0.346117
3 -0.652935 -1.04963 0.329393
2 -0.728275 -0.798021 0.323935
2 -0.604491 -1.0373 0.341245
4 -0.555482 -1.16987 0.344713
1 -0.694599 -0.832029 0.331358
2 -0.695138 -0.834301 0.328771
2 -0.611905 -1.2996 0.324551
4 -0.707416 -0.935976 0.315378
2 -0.739364 -0.822754 0.317137
1 -0.61964 -1.17192 0.332256
2 -0.659067 -1.13113 0.331734
5 -0.638753 -1.31545 0.325729
1 -0.582347 -1.41299 0.338709
2 -0.697389 -0.835721 0.334079
7 -0.766208 -0.705381 0.325615
3 -0.727957 -0.983859 0.319064
1 -0.53905 -1.63286 0.336553
1 -0.53683 -1.64006 0.336319
1 -0.625843 -1.1262 0.334314
3 -0.607657 -1.33357 0.331269
1 -0.607365 -1.3642 0.3318
4 -0.581273 -1.31107 0.335741
1 -0.625099 -1.19743 0.333989
10 -0.468538 -1.80251 0.339569
18 -0.582112 -1.41166 0.332262
1 -0.501379 -1.7652 0.336054
2 -0.559731 -1.54401 0.333472
4 -0.679362 -0.951161 0.332648
4 -0.652804 -1.12896 0.332095
2 -0.655606 -1.11422 0.333916
3 -0.655971 -1.11162 0.3303
2 -0.720975 -0.804725 0.328458
1 -0.587063 -1.23923 0.343017
3 -0.619244 -1.19469 0.340899
1 -0.59796 -1.08798 0.341537
2 -0.613685 -1.0816 0.344086
6 -0.778624 -0.674143 0.329217
7 -0.64763 -1.07382 0.340138
2 -0.857087 -0.509471 0.316871
1 -0.735518 -0.806979 0.324074
2 -0.620695 -1.16184 0.33647
2 -0.748106 -0.86321 0.321306
5 -0.779916 -0.799753 0.318346
3 -0.811518 -0.640412 0.31237
1 -0.737074 -0.703791 0.322459
1 -0.704889 -0.745242 0.329247
5 -0.530073 -1.50161 0.338153
3 -0.447866 -1.78524 0.344783
2 -0.568296 -1.42335 0.33668
7 -0.493686 -1.67607 0.342004
5 -0.523588 -1.76739 0.330623
1 -0.569133 -1.65862 0.324865
2 -0.529082 -1.69033 0.330565
10 -0.606943 -1.31244 0.329717
9 -0.684619 -1.05846 0.32445
3 -0.730962 -0.956578 0.321118
2 -0.726438 -1.02151 0.312963
1 -0.770247 -0.593662 0.319363
1 -0.755917 -0.751549 0.328188
1 -0.866545 -0.526326 0.315781
1 -0.781889 -0.732453 0.323628
1 -0.6052 -1.27288 0.339788
3 -0.529191 -1.33633 0.349869
1 -0.472521 -1.60947 0.347192
10 -0.379984 -1.77323 0.357476
2 -0.45023 -1.55929 0.350543
1 -0.500377 -1.54489 0.351791
1 -0.62343 -1.20422 0.33617
3 -0.637638 -1.0837 0.336534
1 -0.527669 -1.59716 0.341336
10 -0.652409 -1.1603 0.327608
1 -0.83071 -0.715476 0.307976
1 -0.661796 -1.13669 0.332827
3 -0.591301 -1.42095 0.337714
4 -0.561316 -1.62148 0.325916
1 -0.705091 -1.18597 0.314436
1 -0.615296 -1.41966 0.323545
1 -0.5975 -1.40659 0.325672
1 -0.637402 -1.17746 0.326368
3 -0.621844 -1.01711 0.333505
1 -0.664426 -0.906123 0.324426
1 -0.672628 -0.90627 0.331464
2 -0.602572 -1.34485 0.328588
7 -0.583699 -1.30405 0.331935
2 -0.607796 -1.11684 0.334983
1 -0.637801 -1.03997 0.332587
1 -0.606501 -1.03734 0.338859
2 -0.678739 -0.873884 0.330991
1 -0.634693 -1.10769 0.334383
1 -0.561155 -1.34349 0.33989
5 -0.695293 -1.02451 0.3244
1 -0.707032 -0.899317 0.326791
1 -0.651137 -1.1291 0.330043
3 -0.762617 -0.673798 0.32367
4 -0.751737 -0.601601 0.328971
1 -0.758959 -0.647561 0.323349
1 -0.708471 -0.841029 0.325262
1 -0.795385 -0.766724 0.315357
2 -0.787973 -0.7772 0.317218
7 -0.789408 -0.786082 0.319878
10 -0.682441 -1.01047 0.326896
1 -0.689788 -1.1614 0.319546
2 -0.633847 -1.28301 0.324993
4 -0.681999 -1.02924 0.324785
3 -0.74556 -0.857039 0.323098
6 -0.56423 -1.54857 0.33543
2 -0.724446 -0.987799 0.319421
8 -0.802822 -0.787814 0.306274
2 -0.738263 -1.09479 0.309521
1 -0.619992 -1.43925 0.31964
1 -0.530543 -1.77009 0.325201
6 -0.721077 -1.00403 0.313718
2 -0.641586 -1.27276 0.325024
4 -0.60952 -1.3505 0.333528
5 -0.821061 -0.661049 0.314938
4 -0.774598 -0.788996 0.320585
1 -0.783012 -0.828828 0.307327
2 -0.723979 -0.939134 0.319979
7 -0.505781 -1.63954 0.337072
1 -0.621924 -1.28929 0.326178
1 -0.755707 -0.81104 0.324003
3 -0.742705 -0.827853 0.324633
1 -0.823957 -0.640066 0.312495
3 -0.572392 -1.44999 0.33215
1 -0.607456 -1.34366 0.328418
2 -0.510194 -1.52371 0.340925
2 -0.687024 -1.00606 0.329605
3 -0.711001 -0.975979 0.322885
2 -0.717007 -1.06505 0.321649
1 -0.714707 -1.02009 0.325342
4 -0.688854 -1.08552 0.327923
4 -0.703043 -1.0268 0.316404
1 -0.605354 -1.35465 0.329015
4 -0.655348 -1.14313 0.32372
7 -0.659777 -1.09157 0.329196
1 -0.667603 -1.08975 0.32874
11 -0.733415 -0.710716 0.320274
3 -0.636257 -0.99974 0.332161
2 -0.590958 -1.14637 0.333315
1 -0.504111 -1.43254 0.340784
8 -0.683618 -0.886562 0.326303
1 -0.706833 -0.779692 0.325692
3 -0.532749 -1.4656 0.339085
4 -0.634265 -1.20136 0.330287
3 -0.668297 -1.08121 0.326386
1 -0.558831 -1.33618 0.335793
2 -0.617625 -1.15919 0.341904
1 -0.671808 -1.15301 0.330364
2 -0.674116 -1.14088 0.324198
1 -0.696851 -0.858379 0.325717
4 -0.749938 -0.778245 0.317308
1 -0.560477 -1.32137 0.329863
1 -0.486657 -1.57942 0.337753
6 -0.577157 -1.25974 0.339493
4 -0.626039 -1.13608 0.331631
1 -0.737186 -0.906071 0.310351
2 -0.620269 -1.12486 0.331566
3 -0.859033 -0.550289 0.311727
1 -0.815348 -0.744358 0.31241
2 -0.796533 -0.778762 0.315962
2 -0.757793 -0.915999 0.319351
6 -0.692363 -1.218 0.32048
3 -0.615616 -1.38066 0.324402
3 -0.645164 -1.35329 0.327007
2 -0.70312 -1.02922 0.325583
3 -0.593775 -1.25029 0.338711
6 -0.617088 -1.24661 0.333827
1 -0.669989 -0.985049 0.328003
1 -0.64054 -1.1376 0.332219
2 -0.692725 -1.01455 0.327685
1 -0.727896 -0.974076 0.324424
1 -0.56691 -1.42972 0.328109
1 -0.625712 -1.15449 0.326
4 -0.787873 -0.625455 0.317835
1 -0.665047 -1.22802 0.31845
3 -0.681041 -1.24999 0.324153
1 -0.562812 -1.28109 0.348095
2 -0.474207 -1.79747 0.346362
2 -0.544111 -1.84649 0.328778
9 -0.531616 -1.88441 0.331859
2 -0.43047 -1.91759 0.339497
2 -0.370877 -1.91724 0.358453
1 -0.366755 -1.9063 0.363337
3 -0.421769 -1.66086 0.352459
4 -0.503662 -1.37492 0.35336
2 -0.642183 -1.04759 0.333931
1 -0.593786 -1.29082 0.330727
9 -0.671529 -1.0682 0.325167
4 -0.68498 -1.12727 0.319252
3 -0.670922 -1.14781 0.321152
1 -0.549967 -1.27764 0.33574
2 -0.599793 -1.09071 0.340945
1 -0.423587 -1.85651 0.352277
3 -0.595971 -1.27636 0.334354
1 -0.528316 -1.37101 0.34387
1 -0.502332 -1.60957 0.338642
2 -0.560083 -1.47849 0.334623
3 -0.564961 -1.47322 0.333086
3 -0.537666 -1.3984 0.335133
4 -0.723903 -0.883199 0.329334
4 -0.639118 -1.27014 0.33046
1 -0.637907 -1.2682 0.3292
2 -0.685016 -1.05733 0.32606
4 -0.693447 -0.954771 0.327594
5 -0.731635 -0.785304 0.326184
5 -0.626153 -1.15574 0.333095
11 -0.604256 -1.23823 0.332816
2 -0.49297 -1.62861 0.343084
1 -0.754003 -0.812259 0.319237
1 -0.741788 -0.816148 0.31904
5 -0.771659 -0.728868 0.319689
1 -0.728506 -0.87128 0.322385
1 -0.721325 -0.882821 0.322154
7 -0.719569 -0.862327 0.325313
3 -0.661445 -1.08654 0.332923
3 -0.710243 -0.880064 0.324574
1 -0.674745 -1.06075 0.322214
1 -0.600881 -1.35909 0.327854
2 -0.593678 -1.34369 0.329149
2 -0.564483 -1.43522 0.336826
1 -0.600926 -1.27816 0.333043
3 -0.778743 -0.684689 0.322088
4 -0.56156 -1.32607 0.345886
5 -0.605412 -1.2432 0.339225
7 -0.615645 -1.21501 0.338437
2 -0.700152 -1.00107 0.326651
2 -0.534445 -1.52259 0.336325
7 -0.57333 -1.53287 0.33159
5 -0.610535 -1.37674 0.323438
1 -0.629711 -1.36181 0.320297
4 -0.583471 -1.44678 0.328329
7 -0.523494 -1.47727 0.340358
4 -0.705034 -0.865043 0.322506
8 -0.741856 -0.910829 0.314597
1 -0.818894 -0.687914 0.309199
3 -0.797714 -0.739907 0.313524
2 -0.818532 -0.631888 0.314425
2 -0.830837 -0.65071 0.310872
3 -0.625424 -1.28109 0.330942
3 -0.673554 -0.992718 0.328746
1 -0.61485 -1.16438 0.334716
2 -0.585242 -1.3745 0.331784
1 -0.651035 -1.2364 0.324466
4 -0.690908 -1.11006 0.322612
2 -0.665245 -1.11841 0.324706
1 -0.487991 -1.61103 0.344173
3 -0.45769 -1.68313 0.349598
1 -0.531647 -1.46702 0.342015
1 -0.561403 -1.43318 0.338475
1 -0.724809 -0.802771 0.334821
1 -0.689777 -0.826934 0.33752
2 -0.763656 -0.732087 0.317258
2 -0.588328 -1.30036 0.329591
1 -0.546022 -1.46614 0.331441
3 -0.757556 -0.815357 0.319369
4 -0.776754 -0.635564 0.320848
1 -0.833316 -0.461375 0.316993
6 -0.754005 -0.910996 0.316434
1 -0.706265 -1.12842 0.313426
2 -0.857753 -0.432226 0.316602
3 -0.630747 -1.15829 0.329713
3 -0.652979 -1.07995 0.328558
3 -0.757615 -0.788163 0.321726
4 -0.693596 -0.795084 0.334815
1 -0.569314 -1.36006 0.336332
3 -0.767686 -0.615037 0.326514
1 -0.828615 -0.582962 0.314076
5 -0.723469 -0.824369 0.321329
2 -0.691546 -0.880377 0.324527
1 -0.755111 -0.788435 0.314729
5 -0.868189 -0.490035 0.309568
3 -0.583526 -1.30863 0.324452
6 -0.628209 -1.12632 0.331999
2 -0.775374 -0.575046 0.32393
1 -0.737632 -0.796446 0.321584
5 -0.821634 -0.596692 0.312793
1 -0.733066 -0.895811 0.325675
1 -0.718961 -0.997388 0.324219
3 -0.672249 -1.13295 0.32529
2 -0.653896 -1.17126 0.327367
1 -0.636751 -1.1485 0.329308
1 -0.586787 -1.36629 0.333236
4 -0.602212 -1.30309 0.332881
1 -0.678412 -0.992944 0.327998
3 -0.618173 -1.28479 0.327858
2 -0.643764 -1.16315 0.32792
3 -0.794889 -0.676651 0.318135
3 -0.828953 -0.644059 0.313371
2 -0.82758 -0.612074 0.328157
2 -0.667536 -1.03072 0.325649
2 -0.709889 -1.00814 0.320476
10 -0.67747 -1.07579 0.325254
3 -0.680889 -1.10052 0.326363
4 -0.723404 -0.965532 0.323776
3 -0.624904 -1.30615 0.324855
2 -0.65861 -0.993372 0.331378
2 -0.656366 -1.06449 0.323832
2 -0.625182 -1.05219 0.32956
3 -0.4052 -1.77464 0.34824
11 -0.503378 -1.50042 0.340656
1 -0.581024 -1.43391 0.329446
1 -0.603369 -1.32028 0.330345
2 -0.628365 -1.3235 0.327923
3 -0.629318 -1.16653 0.332579
6 -0.554691 -1.37438 0.335787
1 -0.50479 -1.4532 0.341613
3 -0.554161 -1.3663 0.337506
2 -0.795073 -0.638789 0.320835
4 -0.684474 -0.93798 0.332496
2 -0.576602 -1.189 0.341486
2 -0.753401 -0.941096 0.316759
3 -0.74613 -0.965118 0.31708
1 -0.670718 -1.26807 0.320461
1 -0.649311 -1.34566 0.319604
7 -0.735009 -1.01039 0.31641
4 -0.645112 -1.25184 0.326336
1 -0.69762 -1.09962 0.322382
4 -0.669747 -0.882101 0.326787
1 -0.673818 -0.767458 0.337444
5 -0.583534 -1.18394 0.343474
3 -0.636764 -1.12564 0.335372
4 -0.691392 -0.976868 0.323673
2 -0.714723 -0.948922 0.320903
4 -0.663761 -1.01183 0.331768
3 -0.679121 -1.00771 0.325778
2 -0.71588 -0.787868 0.328629
5 -0.730932 -0.766374 0.326063
4 -0.786525 -0.700267 0.316934
11 -0.780809 -0.661496 0.32196
2 -0.798966 -0.730418 0.313102
2 -0.794033 -0.717341 0.3161
1 -0.755697 -1.00522 0.316183
2 -0.724351 -0.883342 0.326134
2 -0.701558 -0.898258 0.32602
1 -0.683789 -0.999742 0.325416
9 -0.654639 -1.20885 0.326485
1 -0.641531 -1.11301 0.328778
4 -0.560203 -1.38667 0.335496
1 -0.598935 -1.29514 0.333647
1 -0.702148 -0.963974 0.327833
2 -0.743027 -0.892807 0.321442
1 -0.663501 -0.934917 0.331235
3 -0.648041 -0.960477 0.332978
2 -0.6415 -0.998793 0.334135
1 -0.689126 -1.0439 0.327341
5 -0.676733 -1.10345 0.322964
2 -0.625944 -1.1872 0.333001
3 -0.749808 -0.835837 0.321116
4 -0.696753 -0.90639 0.327101
2 -0.708538 -1.09306 0.314518
5 -0.77416 -0.854506 0.311584
4 -0.689912 -1.01792 0.32144
3 -0.739389 -0.783201 0.322138
4 -0.740429 -0.778191 0.31922
3 -0.835366 -0.559193 0.307906
1 -0.774763 -0.762119 0.311989
8 -0.585613 -1.27969 0.324301
3 -0.539633 -1.45037 0.329809
3 -0.531862 -1.35521 0.33649
3 -0.703123 -0.911416 0.322998
1 -0.650907 -1.05179 0.329812
10 -0.588389 -1.32605 0.33662
3 -0.588487 -1.34608 0.333845
8 -0.634302 -1.20018 0.325568
1 -0.681288 -1.00654 0.328125
3 -0.793638 -0.600549 0.316686
1 -0.717258 -0.873131 0.320588
1 -0.615863 -1.10179 0.332656
3 -0.545645 -1.5088 0.326086
1 -0.335525 -2.24684 0.344407
1 -0.355169 -2.25002 0.337838
1 -0.423602 -2.13804 0.330597
1 -0.368506 -2.31499 0.337898
4 -0.722562 -1.18801 0.302056
4 -0.721301 -0.971895 0.314522
1 -0.591633 -1.32938 0.328809
2 -0.815133 -0.633485 0.310485
1 -0.825674 -0.679056 0.308442
2 -0.790718 -0.699839 0.313333
5 -0.729462 -0.899667 0.318499
5 -0.64824 -1.09701 0.324444
4 -0.711422 -0.832634 0.326604
1 -0.67692 -0.935049 0.329688
1 -0.706099 -0.933952 0.324044
5 -0.599226 -1.13904 0.328167
3 -0.704373 -0.727311 0.32585
3 -0.815551 -0.701173 0.309767
3 -0.80367 -0.708589 0.313988
6 -0.906383 -0.423939 0.30659
3 -0.869095 -0.542581 0.311996
1 -0.589664 -1.30748 0.337126
4 -0.535897 -1.65526 0.334705
1 -0.660706 -1.04717 0.329865
2 -0.729364 -0.872753 0.323741
1 -0.655347 -1.19032 0.328311
2 -0.723737 -1.0247 0.317253
4 -0.739154 -1.03207 0.31356
7 -0.752562 -0.856262 0.317606
1 -0.744632 -0.819567 0.319487
8 -0.757492 -0.791147 0.318275
2 -0.605855 -1.14496 0.339675
1 -0.656844 -1.0835 0.327111
1 -0.718875 -0.931153 0.319191
1 -0.63269 -1.16521 0.325659
10 -0.605028 -1.28785 0.331962
12 -0.554237 -1.41091 0.334141
1 -0.598888 -1.37968 0.326427
1 -0.601543 -1.36006 0.325258
8 -0.762302 -0.844265 0.314919
2 -0.732153 -0.855096 0.324253
1 -0.770297 -0.740383 0.315367
1 -0.819364 -0.65727 0.306147
4 -0.817688 -0.69536 0.305907
1 -0.725356 -0.93223 0.311846
1 -0.763309 -0.885759 0.311812
1 -0.625393 -1.27702 0.330394
2 -0.655161 -1.03792 0.334077
2 -0.610866 -1.07673 0.336674
1 -0.747166 -0.755775 0.319483
4 -0.630091 -1.04087 0.333695
7 -0.818764 -0.536119 0.318694
4 -0.816023 -0.561221 0.321799
2 -0.671118 -0.933486 0.331464
2 -0.766311 -0.70982 0.319994
4 -0.6055 -1.09721 0.342532
2 -0.733989 -0.744184 0.332108
2 -0.704922 -0.897265 0.332202
3 -0.79456 -0.518394 0.327694
1 -0.776418 -0.599373 0.323906
6 -0.777893 -0.561597 0.324682
1 -0.688984 -1.11297 0.317906
3 -0.603992 -1.39857 0.323859
6 -0.468461 -1.83818 0.341933
2 -0.609226 -1.34196 0.328428
2 -0.538058 -1.41474 0.33911
2 -0.565208 -1.33474 0.334908
9 -0.535337 -1.70245 0.330455
4 -0.520062 -1.51667 0.338121
5 -0.518479 -1.81349 0.334366
1 -0.519052 -1.72505 0.330935
3 -0.612855 -1.38183 0.332923
4 -0.680744 -1.27217 0.321152
2 -0.592281 -1.13558 0.337542
1 -0.736472 -0.727029 0.326705
7 -0.755518 -0.853262 0.326528
1 -0.688814 -0.94212 0.332884
2 -0.691318 -0.958529 0.33384
2 -0.525995 -1.42126 0.342623
6 -0.583824 -1.19822 0.337843
3 -0.776211 -0.582251 0.326477
1 -0.741882 -0.81003 0.321341
3 -0.788249 -0.652622 0.318522
2 -0.763801 -0.685948 0.324299
2 -0.789923 -0.602053 0.321652
2 -0.821433 -0.555151 0.315246
4 -0.703866 -1.09509 0.316288
1 -0.695001 -1.03254 0.32067
1 -0.666987 -1.13141 0.326972
3 -0.638448 -1.1858 0.326551
1 -0.594473 -1.38078 0.332188
1 -0.778638 -0.650697 0.319875
6 -0.774347 -0.646117 0.320702
1 -0.774831 -0.67748 0.321107
4 -0.680325 -1.02561 0.324832
2 -0.640981 -1.15346 0.326177
7 -0.61898 -1.24989 0.324968
1 -0.777571 -0.677305 0.322198
2 -0.792869 -0.616393 0.318476
4 -0.795476 -0.568968 0.320733
1 -0.764844 -0.65587 0.325425
2 -0.649966 -1.04929 0.332347
6 -0.597582 -1.11124 0.340047
1 -0.613301 -1.1085 0.338006
1 -0.693583 -0.972014 0.325381
1 -0.633921 -1.18323 0.329161
1 -0.730687 -0.832921 0.323458
1 -0.730277 -0.835017 0.32566
5 -0.583497 -1.34882 0.33862
2 -0.693717 -0.950619 0.328712
8 -0.766066 -0.663537 0.324268
4 -0.707636 -0.992273 0.328441
3 -0.723044 -0.966503 0.325805
5 -0.734341 -1.02772 0.313255
2 -0.731298 -1.08108 0.31297
4 -0.72574 -1.05845 0.312925
3 -0.819001 -0.655377 0.310963
3 -0.603879 -1.52622 0.331852
4 -0.770204 -0.848722 0.318565
1 -0.776881 -0.667425 0.319828
1 -0.726396 -0.75444 0.331389
4 -0.664514 -1.18042 0.323972
6 -0.570536 -1.55573 0.329533
2 -0.57125 -1.497 0.331502
6 -0.487385 -1.65418 0.340647
1 -0.44919 -1.7657 0.33827
5 -0.604122 -1.17575 0.342682
1 -0.606006 -1.16201 0.344466
1 -0.686626 -0.997069 0.331269
2 -0.575924 -1.25581 0.341968
1 -0.675198 -0.862768 0.334615
2 -0.691084 -0.986083 0.326833
2 -0.604371 -1.12757 0.338585
1 -0.521537 -1.48356 0.33656
1 -0.592905 -1.27938 0.327482
1 -0.597982 -1.25883 0.323372
2 -0.763115 -0.555427 0.317626
2 -0.534544 -1.38812 0.338245
1 -0.610525 -1.13031 0.334405
6 -0.515396 -1.50933 0.336489
6 -0.481716 -1.63393 0.341088
4 -0.838077 -0.463855 0.318622
4 -0.7093 -0.875336 0.329344
5 -0.880079 -0.472046 0.309982
5 -0.877534 -0.556742 0.307719
5 -0.842243 -0.78068 0.304591
1 -0.726182 -1.08481 0.31082
3 -0.689185 -1.12747 0.318578
7 -0.681614 -1.02203 0.327414
1 -0.507225 -1.60016 0.337711
2 -0.5349 -1.50077 0.335695
7 -0.69654 -1.04238 0.326639
2 -0.716064 -0.942283 0.325742
1 -0.689399 -0.975152 0.325827
1 -0.697178 -0.96463 0.324677
4 -0.547317 -1.39715 0.335461
8 -0.64847 -1.12316 0.327292
3 -0.67118 -0.978851 0.331113
9 -0.658246 -1.05831 0.332085
2 -0.656928 -1.14786 0.332142
3 -0.652499 -1.18507 0.33139
4 -0.679539 -1.14781 0.328482
1 -0.7069 -0.852714 0.326157
4 -0.640587 -0.991201 0.336113
1 -0.652988 -1.07242 0.328981
1 -0.664216 -0.997737 0.330794
2 -0.647568 -1.12188 0.330913
2 -0.717928 -0.852977 0.331362
7 -0.587194 -1.44968 0.336187
2 -0.699206 -0.955842 0.320461
3 -0.74315 -0.834014 0.323183
2 -0.621499 -1.17335 0.326674
1 -0.699446 -0.939707 0.323277
1 -0.611742 -1.24009 0.33529
1 -0.712068 -0.988499 0.318321
2 -0.669706 -1.01434 0.324403
2 -0.728852 -0.98547 0.318467
3 -0.599804 -1.43661 0.332222
2 -0.664378 -1.15707 0.33051
1 -0.675656 -1.18349 0.326112
2 -0.643346 -1.22358 0.328715
2 -0.651641 -1.16244 0.327237
4 -0.667031 -1.08146 0.326449
1 -0.670694 -1.07216 0.324904
6 -0.685541 -1.18068 0.315798
1 -0.637018 -1.37891 0.320329
1 -0.657276 -1.25425 0.321025
4 -0.730795 -0.978927 0.325303
1 -0.706478 -1.03764 0.324231
1 -0.69355 -1.00007 0.330092
1 -0.614652 -1.39149 0.329405
5 -0.589522 -1.43107 0.332598
3 -0.582682 -1.44307 0.328929
1 -0.611794 -1.37451 0.323587
5 -0.690299 -1.12837 0.31829
1 -0.650321 -1.23289 0.322216
7 -0.553905 -1.42582 0.338535
1 -0.564114 -1.39083 0.337725
1 -0.547448 -1.50377 0.334764
5 -0.808603 -0.794715 0.312356
1 -0.733447 -0.883644 0.32478
4 -0.669608 -1.10644 0.326705
8 -0.771824 -0.683607 0.321902
2 -0.837458 -0.365477 0.316541
1 -0.882542 -0.379246 0.307186
2 -0.797504 -0.571985 0.31524
10 -0.615035 -1.36313 0.323195
2 -0.661026 -1.09299 0.327852
3 -0.544756 -1.37207 0.340015
2 -0.736576 -0.883832 0.317493
3 -0.599022 -1.38482 0.328525
1 -0.59678 -1.32895 0.328716
4 -0.694004 -1.07332 0.320945
4 -0.816758 -0.902064 0.303948
2 -0.805853 -0.765821 0.308635
4 -0.766687 -0.90061 0.309281
1 -0.562222 -1.6721 0.32319
1 -0.692783 -0.973479 0.324078
1 -0.744496 -0.955285 0.316843
8 -0.72414 -1.07697 0.317196
1 -0.796191 -0.57653 0.319656
1 -0.748089 -0.807744 0.319855
1 -0.740082 -0.748465 0.320802
12 -0.769186 -0.706223 0.318723
1 -0.753946 -0.826533 0.316462
2 -0.846383 -0.659147 0.305825
1 -0.829619 -0.549742 0.320381
1 -0.815248 -0.669158 0.314757
3 -0.823469 -0.659913 0.314255
5 -0.828602 -0.725174 0.309671
1 -0.771587 -0.699278 0.321155
1 -0.715117 -1.05177 0.3218
3 -0.786163 -0.657428 0.322771
2 -0.758152 -0.637363 0.328137
6 -0.82256 -0.420356 0.323563
1 -0.674641 -0.784115 0.333013
1 -0.602705 -1.06835 0.336161
1 -0.630311 -0.990509 0.334533
3 -0.659395 -0.944313 0.330449
7 -0.641738 -1.03918 0.33136
2 -0.706708 -0.825467 0.328069
5 -0.580748 -1.27645 0.334735
3 -0.645798 -1.11445 0.327593
1 -0.647459 -1.06215 0.331703
1 -0.772878 -0.764455 0.314895
2 -0.815663 -0.713597 0.307729
2 -0.695681 -1.11258 0.3182
3 -0.519339 -1.24577 0.342659
11 -0.506502 -1.62582 0.337684
1 -0.625809 -1.34446 0.324161
3 -0.628768 -1.36846 0.324318
2 -0.674006 -1.29497 0.318405
3 -0.687713 -1.16425 0.322661
3 -0.856028 -0.421387 0.31445
5 -0.715991 -0.884425 0.320943
1 -0.864781 -0.457523 0.307302
1 -0.74456 -0.7419 0.321486
5 -0.681718 -0.858753 0.334638
1 -0.63167 -1.03291 0.339787
2 -0.714779 -0.805966 0.330088
2 -0.702413 -0.888539 0.327789
1 -0.644337 -1.06677 0.336622
4 -0.655002 -0.979905 0.33793
1 -0.67165 -1.04693 0.334795
12 -0.61978 -1.3453 0.333525
2 -0.670333 -1.28407 0.323077
1 -0.714345 -1.11764 0.328175
1 -0.694347 -1.13086 0.33351
3 -0.660034 -0.992659 0.34097
1 -0.700356 -0.993747 0.323147
1 -0.679351 -1.04471 0.331785
6 -0.568463 -1.3003 0.334234
1 -0.612111 -1.16256 0.330377
1 -0.699735 -1.05708 0.324431
4 -0.723932 -0.983352 0.318403
1 -0.618302 -1.38584 0.331214
3 -0.566899 -1.5693 0.335606
1 -0.642766 -1.21065 0.332114
1 -0.800674 -0.799862 0.312066
8 -0.69325 -1.11521 0.318507
5 -0.560843 -1.41657 0.333119
1 -0.532411 -1.48719 0.335116
1 -0.579404 -1.36904 0.330524
2 -0.600225 -1.27024 0.333993
1 -0.537346 -1.53062 0.329921
1 -0.486969 -1.71933 0.336241
1 -0.554511 -1.70157 0.322794
4 -0.623024 -1.427 0.319898
2 -0.698258 -1.10312 0.320196
7 -0.719391 -0.868438 0.328367
2 -0.674693 -1.00283 0.333164
4 -0.634305 -1.33742 0.319285
5 -0.646347 -1.41203 0.319533
3 -0.877181 -0.459264 0.310368
4 -0.817464 -0.877368 0.305226
1 -0.676974 -1.17891 0.312481
7 -0.613003 -1.4228 0.318324
1 -0.875666 -0.498032 0.31198
2 -0.733182 -0.870461 0.317254
4 -0.65597 -1.18379 0.322469
2 -0.536045 -1.65017 0.328866
1 -0.515835 -1.63728 0.333589
2 -0.618521 -1.22662 0.326307
1 -0.687139 -1.0143 0.320103
4 -0.656349 -1.09713 0.328362
1 -0.546967 -1.4365 0.340145
4 -0.55229 -1.34101 0.334104
1 -0.594994 -1.30802 0.327193
1 -0.691853 -0.983621 0.3199
2 -0.799147 -0.806797 0.308609
2 -0.824122 -0.738602 0.30996
1 -0.645317 -1.07992 0.33303
4 -0.675386 -1.01938 0.324281
1 -0.648322 -1.1464 0.328094
18 -0.652859 -1.22934 0.321745
1 -0.553964 -1.62355 0.326959
2 -0.475333 -1.91039 0.334162
1 -0.543403 -1.57148 0.334271
1 -0.657119 -1.31012 0.320028
1 -0.634302 -1.40727 0.323311
2 -0.720071 -1.04633 0.323078
2 -0.793477 -0.73264 0.317348
2 -0.741148 -0.876712 0.323431
1 -0.659582 -1.1124 0.328687
2 -0.702 -0.874581 0.327013
2 -0.69832 -0.926076 0.32652
1 -0.67834 -1.08194 0.325479
8 -0.580769 -1.30581 0.336418
1 -0.626931 -1.28963 0.324795
2 -0.603889 -1.22634 0.334641
3 -0.785455 -0.671084 0.321365
2 -0.665251 -1.25302 0.327539
1 -0.759019 -1.03222 0.319385
1 -0.782475 -0.903458 0.319037
2 -0.703679 -1.09948 0.320858
1 -0.727683 -1.07119 0.319636
3 -0.534037 -1.66815 0.33759
1 -0.623509 -1.16094 0.330058
2 -0.617875 -1.37267 0.326067
3 -0.620913 -1.27409 0.33084
1 -0.538582 -1.42404 0.340628
2 -0.536833 -1.39891 0.34038
3 -0.733047 -0.850621 0.317315
1 -0.627005 -1.32182 0.322155
2 -0.636173 -1.34618 0.323824
4 -0.69466 -1.18761 0.317924
3 -0.673031 -1.15814 0.323196
1 -0.504333 -1.46251 0.340943
2 -0.518552 -1.44237 0.335709
3 -0.469711 -1.64545 0.33907
1 -0.545241 -1.52941 0.327208
1 -0.744931 -0.862696 0.315464
2 -0.615686 -1.28972 0.323562
1 -0.640361 -1.23717 0.322438
3 -0.69475 -1.01272 0.327848
1 -0.718544 -0.929847 0.325236
5 -0.694191 -0.873142 0.333554
5 -0.741965 -0.824882 0.32938
2 -0.643532 -1.13307 0.329931
2 -0.698384 -0.975298 0.328507
3 -0.696485 -0.994019 0.32998
1 -0.682298 -1.07612 0.328294
5 -0.659326 -1.08999 0.32849
10 -0.652235 -1.13909 0.327629
7 -0.715382 -1.0592 0.326975
2 -0.7013 -1.13855 0.311471
2 -0.705213 -1.24187 0.308004
5 -0.680602 -1.24679 0.313493
4 -0.618057 -1.1513 0.322888
3 -0.581343 -1.25367 0.330244
7 -0.678798 -0.962893 0.32396
16 -0.647356 -1.10907 0.32615
2 -0.630285 -1.46501 0.319303
4 -0.713254 -1.02013 0.319772
6 -0.71772 -0.906044 0.326572
3 -0.695127 -1.03605 0.317469
1 -0.803303 -0.63564 0.313963
1 -0.812277 -0.717472 0.311126
7 -0.712257 -0.952295 0.325762
1 -0.753352 -0.904907 0.321254
1 -0.779096 -0.834966 0.312027
1 -0.699023 -1.11478 0.313209
4 -0.584803 -1.3884 0.327142
3 -0.636874 -1.05278 0.326843
2 -0.78967 -0.5786 0.32284
2 -0.724055 -0.902903 0.326496
6 -0.591863 -1.37345 0.333602
1 -0.61475 -1.34894 0.330028
2 -0.376583 -1.8728 0.35669
3 -0.673937 -0.902833 0.321269
1 -0.772062 -0.50376 0.323817
2 -0.660228 -0.887181 0.329656
2 -0.647369 -0.871206 0.333621
3 -0.706888 -0.895432 0.331592
1 -0.653514 -0.964126 0.337462
2 -0.603679 -1.19756 0.337986
1 -0.736861 -0.872137 0.323944
7 -0.633979 -1.21599 0.328689
5 -0.622587 -1.28981 0.325928
1 -0.671199 -1.16885 0.31861
2 -0.61593 -1.32117 0.328306
2 -0.540353 -1.44192 0.341405
1 -0.614937 -1.35594 0.326603
5 -0.657779 -1.03791 0.326983
9 -0.590295 -1.30459 0.336453
1 -0.617862 -1.16066 0.334014
1 -0.616817 -1.23782 0.330881
1 -0.754186 -0.749802 0.32032
7 -0.794277 -0.737132 0.322673
1 -0.662436 -1.0539 0.330363
2 -0.733854 -0.708881 0.331936
3 -0.62743 -0.932794 0.338609
1 -0.537053 -1.24491 0.347179
2 -0.66693 -0.990717 0.328528
1 -0.652262 -0.959237 0.337538
2 -0.731064 -0.714765 0.328986
1 -0.678352 -1.20189 0.32193
3 -0.73818 -0.936452 0.319737
1 -0.722915 -0.861443 0.324271
2 -0.7393 -0.86208 0.32142
2 -0.579711 -1.41821 0.333061
3 -0.655927 -1.09946 0.331283
3 -0.582091 -1.31232 0.333834
5 -0.65877 -1.15777 0.327666
3 -0.657008 -1.16373 0.327678
2 -0.657174 -1.16137 0.327785
1 -0.767616 -0.784345 0.316924
3 -0.800216 -0.602093 0.317543
2 -0.65808 -0.967795 0.327298
3 -0.63594 -1.00096 0.328905
1 -0.757422 -0.878485 0.31341
5 -0.591432 -1.41612 0.323493
1 -0.577921 -1.41635 0.327629
3 -0.623954 -1.39306 0.327437
4 -0.606499 -1.33386 0.332028
3 -0.526369 -1.56206 0.337963
1 -0.707636 -0.900934 0.331481
1 -0.634641 -1.23485 0.332786
1 -0.632654 -1.24102 0.33288
1 -0.600739 -1.33171 0.334774
2 -0.605938 -1.39729 0.331992
4 -0.656306 -1.16107 0.326204
1 -0.636209 -1.24513 0.327646
1 -0.583536 -1.3991 0.332051
1 -0.485772 -1.41213 0.350839
4 -0.498678 -1.38662 0.350083
1 -0.573301 -1.23916 0.34053
1 -0.581868 -1.24163 0.342193
3 -0.596788 -1.37777 0.330786
5 -0.620579 -1.34484 0.329574
8 -0.685016 -0.965168 0.325867
1 -0.595512 -1.28733 0.326884
2 -0.85764 -0.576816 0.301903
2 -0.866816 -0.562591 0.306901
4 -0.658007 -1.06223 0.331032
2 -0.678292 -1.00851 0.328647
4 -0.722831 -0.855028 0.327943
2 -0.709627 -0.909334 0.325916
3 -0.783509 -0.740888 0.31705
5 -0.787418 -0.666714 0.316699
1 -0.804858 -0.646193 0.319571
12 -0.754418 -0.879261 0.322029
1 -0.701583 -1.05726 0.323729
8 -0.784935 -0.745144 0.317942
2 -0.642806 -1.2773 0.32709
1 -0.726875 -1.0274 0.316554
2 -0.74159 -0.921114 0.318577
5 -0.699799 -1.06448 0.319583
3 -0.66388 -0.969609 0.32948
1 -0.601977 -1.16846 0.333753
1 -0.657586 -1.12543 0.323706
1 -0.714049 -0.949966 0.321334
2 -0.691883 -1.03232 0.324555
4 -0.637779 -1.14294 0.33053
3 -0.682404 -1.06058 0.329721
2 -0.661173 -1.19114 0.322589
4 -0.670471 -0.965577 0.333572
1 -0.688072 -1.04111 0.325282
1 -0.608287 -1.31982 0.328052
1 -0.571941 -1.3487 0.334273
1 -0.644735 -1.13281 0.329106
1 -0.761652 -0.783616 0.318607
2 -0.850096 -0.566981 0.309003
1 -0.748776 -0.778618 0.323521
1 -0.726398 -0.783687 0.328165
3 -0.834202 -0.654554 0.311212
3 -0.750979 -1.00871 0.319237
3 -0.776927 -0.798312 0.324576
4 -0.737453 -1.00513 0.322971
3 -0.705992 -1.01221 0.322626
5 -0.636361 -1.14292 0.333998
4 -0.587335 -1.2279 0.333132
2 -0.613787 -1.41065 0.328179
4 -0.645962 -1.26586 0.328138
1 -0.623008 -1.26963 0.333046
9 -0.701156 -0.984804 0.325501
2 -0.550636 -1.48429 0.331788
1 -0.548198 -1.54059 0.330163
3 -0.550447 -1.42735 0.338433
3 -0.548955 -1.39542 0.34128
1 -0.588595 -1.24591 0.3421
4 -0.579389 -1.28731 0.347266
3 -0.689191 -1.18283 0.323724
4 -0.616859 -1.48614 0.325795
1 -0.575115 -1.69721 0.32796
1 -0.61187 -1.45006 0.325493
5 -0.57087 -1.39785 0.336186
1 -0.575606 -1.58913 0.326176
1 -0.502789 -1.55741 0.340467
7 -0.59884 -1.26985 0.332518
2 -0.628222 -1.18831 0.332586
1 -0.66508 -0.98292 0.328678
11 -0.647226 -1.02156 0.331094
3 -0.64201 -0.98936 0.327191
4 -0.741591 -0.771814 0.317838
5 -0.662638 -1.1632 0.31926
1 -0.709735 -1.07192 0.313468
1 -0.798231 -0.831437 0.30658
1 -0.80606 -0.800547 0.312861
4 -0.814457 -0.766683 0.312596
1 -0.791978 -0.903417 0.313001
2 -0.773792 -0.839465 0.31753
2 -0.656561 -1.24799 0.325191
1 -0.77188 -0.750044 0.314075
1 -0.608299 -1.13279 0.336709
2 -0.521685 -1.43171 0.340297
2 -0.439091 -1.95761 0.340079
2 -0.568003 -1.45873 0.334673
4 -0.544611 -1.40798 0.335952
6 -0.772328 -0.864643 0.317948
2 -0.645673 -1.30408 0.325548
1 -0.800841 -0.568837 0.312768
2 -0.637707 -1.02349 0.330143
3 -0.613985 -1.20649 0.329455
3 -0.724427 -0.904679 0.324781
2 -0.675613 -1.00393 0.334039
1 -0.785434 -0.751026 0.322883
8 -0.732861 -0.849072 0.320351
1 -0.811559 -0.564919 0.318202
1 -0.661305 -0.95943 0.338119
3 -0.676334 -0.919181 0.335567
3 -0.624446 -1.18792 0.328121
1 -0.695491 -0.892866 0.332439
1 -0.534209 -1.45825 0.338055
7 -0.55212 -1.42886 0.332458
3 -0.541353 -1.42378 0.333481
5 -0.672925 -1.02946 0.325836
2 -0.673345 -1.02839 0.323884
1 -0.793148 -0.614629 0.328209
6 -0.872469 -0.281604 0.314249
3 -0.6128 -1.28066 0.326436
2 -0.868083 -0.428415 0.306061
2 -0.890796 -0.31437 0.309656
1 -0.866056 -0.57575 0.307513
1 -0.896438 -0.489335 0.304328
2 -0.841069 -0.676429 0.307671
1 -0.784037 -0.564404 0.325609
1 -0.794333 -0.686913 0.317684
1 -0.755681 -0.789314 0.319607
1 -0.64957 -1.23966 0.329828
1 -0.703369 -1.14911 0.320017
1 -0.705448 -1.13597 0.315798
1 -0.662219 -1.30034 0.320202
3 -0.747963 -1.01871 0.31628
4 -0.786515 -0.905293 0.315744
6 -0.713726 -1.01862 0.324238
1 -0.719768 -0.930269 0.319884
5 -0.584963 -1.2592 0.340364
2 -0.585386 -1.25552 0.34057
2 -0.604376 -1.32058 0.335232
1 -0.682121 -1.0055 0.329002
4 -0.613898 -1.25871 0.330594
2 -0.597026 -1.19929 0.332768
1 -0.509701 -1.66825 0.338533
1 -0.549403 -1.46241 0.343348
1 -0.622078 -1.34179 0.328994
1 -0.701114 -0.947784 0.324199
1 -0.589269 -1.41379 0.328162
1 -0.635296 -1.31788 0.320797
2 -0.683925 -1.18851 0.317952
7 -0.602201 -1.37438 0.329227
1 -0.516569 -1.54457 0.345392
4 -0.454182 -1.89117 0.343326
2 -0.437296 -2.00728 0.341614
1 -0.654427 -1.26748 0.319923
1 -0.684368 -1.18147 0.314694
1 -0.716259 -0.911064 0.322149
6 -0.634561 -1.11399 0.333242
2 -0.738683 -0.834496 0.322745
2 -0.693481 -0.927896 0.322342
1 -0.757733 -0.72076 0.320417
1 -0.810054 -0.692531 0.311959
2 -0.813268 -0.637148 0.313601
1 -0.792483 -0.653969 0.318234
1 -0.864441 -0.409776 0.311334
2 -0.655039 -1.12764 0.321267
2 -0.70809 -0.912451 0.326037
1 -0.632143 -1.28535 0.33348
7 -0.527788 -1.57572 0.338434
2 -0.589765 -1.14819 0.342401
1 -0.562512 -1.39708 0.342233
2 -0.678742 -1.13529 0.331516
2 -0.685131 -1.22841 0.322601
8 -0.629713 -1.36895 0.32544
1 -0.707845 -0.874514 0.325646
2 -0.571888 -1.35889 0.33776
1 -0.626013 -1.15419 0.334409
6 -0.570644 -1.26808 0.339645
7 -0.676908 -1.04426 0.3296
3 -0.740811 -0.827533 0.323503
2 -0.692524 -1.0106 0.318542
1 -0.556984 -1.57409 0.327414
1 -0.564759 -1.63354 0.329306
2 -0.529496 -1.62056 0.33241
2 -0.58859 -1.42466 0.332933
3 -0.583899 -1.30896 0.33764
3 -0.677593 -0.932345 0.32968
1 -0.718012 -0.877558 0.333801
2 -0.678101 -0.966237 0.335619
1 -0.709624 -0.877517 0.328337
5 -0.574955 -1.25593 0.341308
3 -0.604023 -1.32586 0.330388
1 -0.594035 -1.31393 0.327817
2 -0.669739 -1.0775 0.323439
7 -0.626794 -1.23396 0.329082
1 -0.731091 -0.842621 0.318958
3 -0.709165 -0.956277 0.320865
6 -0.669313 -1.01279 0.330964
1 -0.66413 -1.09371 0.330392
2 -0.677698 -1.00766 0.320604
6 -0.647683 -1.19141 0.324553
1 -0.56439 -1.50144 0.332605
3 -0.521849 -1.57482 0.335186
2 -0.735548 -0.93911 0.314696
1 -0.893069 -0.496469 0.303263
2 -0.732489 -0.797091 0.322656
3 -0.690838 -0.975637 0.324332
2 -0.565279 -1.3632 0.335551
1 -0.76858 -0.745485 0.322155
6 -0.787251 -0.756141 0.321561
7 -0.618659 -1.22324 0.333051
2 -0.658586 -1.21554 0.32713
3 -0.656366 -1.0534 0.331919
10 -0.611002 -1.22045 0.33478
4 -0.68855 -1.04655 0.325906
2 -0.601397 -1.25397 0.333552
5 -0.685787 -1.09554 0.322202
1 -0.794088 -0.593579 0.320732
4 -0.663818 -1.02578 0.328851
1 -0.741748 -1.009 0.317546
8 -0.758917 -0.877726 0.316973
4 -0.755129 -0.907069 0.316627
6 -0.608213 -1.21949 0.331385
1 -0.808894 -0.669962 0.312568
3 -0.67844 -1.07425 0.323326
7 -0.674059 -1.0623 0.323299
3 -0.672585 -0.95737 0.327308
3 -0.694118 -0.944784 0.319809
1 -0.733071 -0.719001 0.324516
4 -0.701992 -0.864608 0.322788
1 -0.681633 -0.899477 0.328429
1 -0.788025 -0.645769 0.316277
1 -0.774987 -0.721737 0.322499
11 -0.820368 -0.515198 0.316928
1 -0.721212 -1.00629 0.317047
2 -0.714683 -1.05822 0.314565
5 -0.739596 -0.909368 0.321066
2 -0.724081 -0.972001 0.318235
6 -0.707826 -1.0656 0.314709
2 -0.746123 -0.898694 0.319323
1 -0.719872 -0.813968 0.323259
1 -0.62083 -1.11287 0.33213
2 -0.604137 -1.10522 0.33789
4 -0.731063 -0.797914 0.329623
1 -0.567282 -1.38073 0.339365
5 -0.570014 -1.18366 0.344212
1 -0.600704 -1.25345 0.33673
1 -0.661981 -1.00872 0.332588
1 -0.669898 -1.15264 0.32185
5 -0.648776 -1.02836 0.334631
1 -0.766404 -0.724064 0.320511
1 -0.812957 -0.588648 0.31685
4 -0.555743 -1.30361 0.330422
2 -0.594813 -1.17633 0.327319
1 -0.619207 -1.13188 0.325475
1 -0.742158 -0.76731 0.316008
3 -0.799067 -0.681092 0.314131
1 -0.631021 -1.09218 0.338468
2 -0.669639 -1.10301 0.333094
1 -0.695304 -1.15207 0.321169
2 -0.57287 -1.60607 0.328862
11 -0.591067 -1.57831 0.327007
4 -0.5511 -1.50903 0.339249
10 -0.611247 -1.1768 0.334596
2 -0.711022 -0.992655 0.327981
2 -0.76687 -0.784015 0.31431
1 -0.772314 -0.667638 0.316088
3 -0.609632 -1.18377 0.330801
1 -0.613898 -1.14598 0.336634
1 -0.675469 -1.00864 0.326448
5 -0.663665 -0.986273 0.329748
4 -0.663442 -1.10252 0.325617
1 -0.568228 -1.38956 0.334224
2 -0.536294 -1.56045 0.335699
9 -0.512916 -1.64378 0.338206
1 -0.502563 -1.67281 0.341417
2 -0.470218 -1.76734 0.342642
1 -0.545328 -1.30012 0.341143
1 -0.53904 -1.50499 0.334062
1 -0.793788 -0.793544 0.318187
2 -0.733385 -1.08484 0.318221
1 -0.668271 -1.25841 0.325806
2 -0.647701 -1.29267 0.32693
2 -0.612005 -1.35947 0.330947
1 -0.722107 -0.834875 0.325749
3 -0.675156 -0.957834 0.331344
6 -0.646215 -1.41859 0.322657
1 -0.681506 -1.20654 0.317379
4 -0.734733 -0.97136 0.319235
6 -0.638361 -1.14659 0.330449
1 -0.730429 -0.887283 0.321875
3 -0.789888 -0.624533 0.319671
1 -0.78333 -0.791054 0.312832
1 -0.708814 -0.95338 0.320564
5 -0.738677 -0.832359 0.321385
1 -0.640324 -1.18453 0.326664
5 -0.692283 -1.04288 0.317575
3 -0.703367 -1.03429 0.317084
9 -0.576884 -1.39183 0.327666
1 -0.578478 -1.3968 0.326428
1 -0.53419 -1.47832 0.337304
2 -0.540511 -1.48567 0.337798
1 -0.509955 -1.52111 0.34133
2 -0.494674 -1.57377 0.339501
1 -0.714648 -0.831172 0.321249
2 -0.712416 -0.912692 0.321409
2 -0.741612 -0.878335 0.316401
1 -0.746831 -0.777876 0.323602
3 -0.718423 -1.03603 0.326261
1 -0.673983 -1.04916 0.332313
3 -0.702248 -0.870043 0.328315
1 -0.68984 -0.931231 0.328177
8 -0.707314 -0.87213 0.324417
1 -0.776133 -0.616349 0.319407
2 -0.729076 -0.943625 0.318198
2 -0.628742 -1.17232 0.334441
3 -0.739623 -0.896361 0.321953
1 -0.694044 -0.828948 0.331889
2 -0.683582 -0.827475 0.335885
4 -0.717027 -0.796941 0.327101
3 -0.601076 -1.14775 0.335898
3 -0.672121 -0.905727 0.340272
2 -0.476928 -1.70343 0.346238
4 -0.462367 -1.6417 0.350266
4 -0.712992 -0.835608 0.330087
3 -0.627826 -1.12115 0.338705
1 -0.697222 -0.781093 0.338072
5 -0.660165 -0.996405 0.336619
6 -0.54419 -1.63267 0.331886
5 -0.586286 -1.52999 0.325762
2 -0.546708 -1.52207 0.336973
1 -0.593087 -1.32633 0.333995
3 -0.746173 -0.740747 0.329041
4 -0.652757 -1.0385 0.33279
1 -0.693531 -0.914389 0.327912
2 -0.675737 -0.901245 0.334558
1 -0.607096 -1.09384 0.337279
5 -0.640827 -1.13787 0.325787
1 -0.575455 -1.34594 0.329964
4 -0.726875 -0.942799 0.325117
1 -0.799659 -0.648995 0.320269
7 -0.69928 -0.847147 0.32939
3 -0.623359 -1.13637 0.330426
4 -0.728197 -0.967708 0.320668
1 -0.627084 -1.05887 0.33945
1 -0.669919 -1.00405 0.334954
5 -0.653385 -1.15433 0.329468
3 -0.704301 -1.02649 0.325992
2 -0.568898 -1.34875 0.339167
2 -0.680266 -1.20276 0.323027
2 -0.741843 -1.02494 0.318471
6 -0.751876 -0.974072 0.315187
2 -0.744988 -1.00036 0.314997
6 -0.685504 -0.938161 0.327566
1 -0.641049 -1.03383 0.336736
1 -0.609857 -1.28663 0.33584
1 -0.480734 -1.68877 0.345065
5 -0.465596 -1.6461 0.350115
3 -0.418565 -1.8085 0.355007
2 -0.486889 -1.58915 0.355016
1 -0.508691 -1.41971 0.352723
7 -0.488915 -1.73594 0.346394
1 -0.568006 -1.57931 0.331154
2 -0.686512 -1.15559 0.326264
3 -0.695282 -1.00614 0.324663
2 -0.491227 -1.54703 0.344383
1 -0.485513 -1.50897 0.347392
1 -0.571455 -1.23913 0.335534
1 -0.542523 -1.28058 0.34226
2 -0.627786 -1.11487 0.33732
3 -0.581854 -1.2424 0.340885
1 -0.537939 -1.41652 0.342567
2 -0.583236 -1.22647 0.341733
1 -0.814871 -0.59111 0.323764
1 -0.739894 -0.761984 0.327128
1 -0.800767 -0.782209 0.309889
1 -0.681188 -0.947237 0.325474
2 -0.658758 -1.12523 0.323342
1 -0.786032 -0.756852 0.31262
4 -0.792591 -0.643324 0.318281
4 -0.729005 -0.831942 0.325648
3 -0.721538 -0.882345 0.316666
4 -0.636395 -1.12158 0.328188
1 -0.7139 -1.06989 0.318146
2 -0.540845 -1.51184 0.337023
1 -0.67572 -0.957035 0.32803
4 -0.743042 -0.819776 0.323331
1 -0.78733 -0.703804 0.31863
2 -0.794573 -0.677802 0.315377
1 -0.757142 -0.813611 0.317891
2 -0.802888 -0.798965 0.314033
2 -0.795857 -0.799715 0.318508
2 -0.626563 -1.2494 0.335017
2 -0.674085 -1.12152 0.329251
2 -0.754894 -1.0426 0.314375
1 -0.775677 -0.909826 0.308732
10 -0.515 -1.6927 0.336199
3 -0.531283 -1.54869 0.331603
6 -0.657502 -1.22595 0.322944
1 -0.759047 -0.864784 0.313042
4 -0.698094 -0.957191 0.334042
1 -0.620129 -1.10339 0.340114
4 -0.633379 -1.13365 0.332988
2 -0.765636 -0.795046 0.315585
1 -0.83811 -0.497404 0.316401
2 -0.726885 -0.84272 0.319364
2 -0.561994 -1.45598 0.333895
3 -0.585865 -1.33088 0.333509
1 -0.659127 -1.2288 0.325898
5 -0.675129 -1.21658 0.321436
1 -0.495905 -1.59401 0.337913
1 -0.52376 -1.64201 0.333722
1 -0.450105 -1.95536 0.337539
1 -0.487774 -1.81969 0.33489
2 -0.587506 -1.48023 0.325287
2 -0.57693 -1.31871 0.332592
1 -0.649633 -1.03514 0.327815
6 -0.724319 -0.911952 0.320206
2 -0.863739 -0.573645 0.314724
3 -0.556841 -1.64701 0.335872
1 -0.598415 -1.55028 0.329185
1 -0.551659 -1.55491 0.33069
2 -0.529693 -1.52869 0.329736
5 -0.640604 -1.20945 0.323919
2 -0.629628 -1.19276 0.32969
9 -0.683721 -1.02386 0.324575
5 -0.717164 -0.859898 0.326764
9 -0.627552 -1.13811 0.332311
1 -0.627508 -1.2264 0.329711
1 -0.768358 -0.644693 0.325744
1 -0.860834 -0.564583 0.31441
9 -0.701269 -1.05243 0.319547
2 -0.734678 -0.935986 0.313527
3 -0.650773 -1.00651 0.333208
1 -0.632762 -1.0725 0.333928
1 -0.70463 -0.880933 0.329035
2 -0.676354 -1.00747 0.331121
1 -0.640585 -1.10121 0.330905
6 -0.689908 -1.09224 0.320959
2 -0.617471 -1.20094 0.330425
1 -0.65791 -1.06339 0.328078
1 -0.668765 -1.12182 0.325393
2 -0.622986 -1.35523 0.327119
2 -0.662677 -1.19981 0.330171
3 -0.640746 -1.11065 0.335782
3 -0.569646 -1.46957 0.332174
1 -0.554305 -1.56915 0.330953
1 -0.793812 -0.775586 0.311954
2 -0.622514 -1.19086 0.335762
3 -0.63435 -1.1346 0.334376
2 -0.728708 -0.752562 0.324864
6 -0.68913 -0.935221 0.324011
5 -0.675039 -0.865119 0.334043
1 -0.690643 -0.809388 0.332812
2 -0.540596 -1.44338 0.337772
1 -0.638667 -1.20111 0.329121
2 -0.835799 -0.510997 0.308743
3 -0.51518 -1.57497 0.342213
2 -0.487524 -1.57743 0.344755
2 -0.597179 -1.18934 0.337528
3 -0.491472 -1.56489 0.342127
2 -0.646413 -0.968177 0.332017
13 -0.734681 -0.666171 0.328605
2 -0.703699 -0.881767 0.322588
1 -0.840357 -0.593394 0.307699
1 -0.752492 -0.794935 0.323095
3 -0.793613 -0.566808 0.328636
5 -0.821637 -0.669552 0.311959
12 -0.773445 -0.775604 0.31578
1 -0.592107 -1.41682 0.321188
2 -0.567145 -1.56814 0.325006
7 -0.673382 -1.06144 0.324954
2 -0.630752 -1.142 0.329801
6 -0.690817 -1.02965 0.323497
12 -0.75803 -0.810801 0.319421
2 -0.743572 -0.876971 0.317942
3 -0.71316 -0.973646 0.318063
5 -0.608997 -1.29408 0.326602
8 -0.625753 -1.26649 0.325363
2 -0.516509 -1.56711 0.335694
6 -0.526143 -1.53685 0.335045
3 -0.692741 -1.13924 0.326536
1 -0.705949 -0.996168 0.320805
1 -0.74244 -0.865751 0.319195
1 -0.693752 -1.00643 0.324492
2 -0.769049 -0.766083 0.320406
5 -0.62101 -1.18524 0.335469
3 -0.55752 -1.38712 0.343369
2 -0.625676 -1.30322 0.33288
2 -0.663496 -1.12232 0.329219
5 -0.626146 -1.22281 0.332026
2 -0.493169 -1.57958 0.347611
3 -0.775556 -0.834817 0.323595
8 -0.619632 -1.13821 0.340168
3 -0.66323 -1.0468 0.337999
2 -0.774177 -0.791515 0.315904
1 -0.592439 -1.15372 0.338037
1 -0.660313 -1.10147 0.33254
2 -0.700652 -0.927357 0.326128
1 -0.661829 -1.03451 0.330755
1 -0.591618 -1.37892 0.32982
4 -0.553103 -1.71259 0.324474
1 -0.615535 -1.58191 0.32376
1 -0.499272 -1.82301 0.333616
5 -0.474979 -1.76666 0.340837
2 -0.476484 -1.7324 0.342552
3 -0.55535 -1.43498 0.338939
3 -0.518625 -1.49462 0.343356
6 -0.601897 -1.34127 0.32421
4 -0.630228 -1.19125 0.33192
2 -0.658916 -1.30364 0.326334
2 -0.720587 -1.14681 0.318277
2 -0.628133 -1.37005 0.327729
4 -0.630986 -1.42217 0.325542
5 -0.53062 -1.66788 0.328253
1 -0.574801 -1.5556 0.32582
1 -0.574814 -1.36633 0.33907
2 -0.547043 -1.45753 0.34484
2 -0.609257 -1.32965 0.336546
2 -0.696211 -0.968208 0.327166
3 -0.700668 -0.893826 0.32724
1 -0.663085 -0.993473 0.330939
1 -0.670629 -0.981596 0.328165
1 -0.617892 -1.08666 0.332096
2 -0.615499 -1.22944 0.331877
7 -0.679265 -1.09757 0.323404
3 -0.613773 -1.18659 0.330769
1 -0.507506 -1.54733 0.346338
4 -0.623844 -1.23458 0.338488
3 -0.64993 -1.2002 0.336001
1 -0.658262 -1.28065 0.333094
1 -0.632732 -1.34689 0.327366
4 -0.647379 -1.27835 0.325179
7 -0.535526 -1.50047 0.341239
1 -0.503056 -1.5141 0.339962
6 -0.633796 -1.01352 0.337233
2 -0.729418 -0.9933 0.324723
1 -0.719329 -0.901636 0.323266
1 -0.640183 -1.13472 0.324976
2 -0.741515 -0.873975 0.313635
1 -0.651551 -1.18426 0.32877
2 -0.737388 -0.818993 0.321535
2 -0.698607 -1.01681 0.327897
3 -0.660153 -1.13354 0.326666
2 -0.733605 -0.909862 0.320916
4 -0.57608 -1.46815 0.335657
1 -0.59742 -1.31076 0.334231
4 -0.777558 -0.786821 0.320393
2 -0.858209 -0.554992 0.30979
1 -0.756552 -0.878934 0.316126
2 -0.745694 -0.831047 0.328372
5 -0.696929 -1.00836 0.327817
2 -0.710803 -1.05161 0.322941
5 -0.697938 -1.00777 0.326976
2 -0.713584 -0.978637 0.321394
1 -0.707586 -1.06599 0.316129
4 -0.827054 -0.61893 0.309586
2 -0.729192 -0.68524 0.328278
2 -0.691231 -1.0374 0.325158
1 -0.672613 -0.968597 0.324553
2 -0.618493 -1.23155 0.331533
3 -0.581751 -1.25803 0.337296
1 -0.731865 -0.834302 0.324166
2 -0.769114 -0.782456 0.316044
2 -0.772709 -0.624763 0.317305
9 -0.720493 -0.94083 0.329159
4 -0.602642 -1.26758 0.334122
3 -0.765133 -0.747047 0.319602
1 -0.644135 -1.01599 0.332069
1 -0.5809 -1.44403 0.332266
2 -0.526029 -1.76887 0.334436
4 -0.663052 -1.14222 0.323625
2 -0.676597 -1.04003 0.324214
2 -0.712217 -0.93348 0.322086
1 -0.603723 -1.30029 0.331576
2 -0.684473 -0.914201 0.335204
2 -0.698747 -0.801108 0.328384
1 -0.766377 -0.66872 0.316137
2 -0.732389 -0.750455 0.315712
3 -0.833039 -0.537864 0.315329
7 -0.559692 -1.17936 0.343462
2 -0.675734 -0.908649 0.333452
2 -0.630106 -0.981762 0.338907
1 -0.571063 -1.32648 0.34101
1 -0.578978 -1.28123 0.342869
2 -0.46093 -1.81443 0.351068
1 -0.563722 -1.58995 0.323845
3 -0.57129 -1.48774 0.343944
6 -0.585092 -1.4878 0.34084
2 -0.595314 -1.35982 0.341516
1 -0.543075 -1.60891 0.329183
3 -0.576586 -1.44242 0.331811
3 -0.673678 -1.08488 0.320313
2 -0.674056 -1.15919 0.323296
6 -0.870145 -0.464387 0.31218
2 -0.624751 -1.15626 0.332484
3 -0.675509 -1.08893 0.323884
2 -0.631302 -1.20385 0.32923
1 -0.613205 -1.18543 0.332969
2 -0.588185 -1.23917 0.342982
6 -0.79249 -0.636824 0.315556
3 -0.851324 -0.457824 0.313196
6 -0.934427 -0.323432 0.305339
2 -0.629694 -1.21955 0.332188
4 -0.69081 -0.982984 0.325354
2 -0.650476 -1.0047 0.331901
3 -0.654152 -1.00801 0.330273
1 -0.724792 -0.944509 0.321912
5 -0.752652 -0.839467 0.316915
2 -0.79428 -0.832582 0.310686
3 -0.603095 -1.19502 0.333056
5 -0.641431 -1.11941 0.326979
3 -0.663242 -0.942929 0.326171
1 -0.758587 -0.598565 0.317636
2 -0.589188 -1.35766 0.334627
1 -0.644011 -1.0148 0.330118
2 -0.66785 -0.960892 0.327562
1 -0.777757 -0.648662 0.315577
1 -0.656303 -1.05819 0.336552
1 -0.60139 -1.06779 0.339005
3 -0.665039 -0.895875 0.332771
3 -0.721701 -0.854963 0.323434
8 -0.580339 -1.29213 0.336816
2 -0.634277 -1.20861 0.326938
3 -0.609048 -1.26575 0.330083
3 -0.593547 -1.28176 0.33177
2 -0.641652 -1.19871 0.328787
3 -0.795049 -0.792197 0.31236
2 -0.770346 -0.889494 0.315245
1 -0.757493 -0.79541 0.32289
1 -0.631714 -1.37486 0.325768
1 -0.764661 -0.716276 0.321092
5 -0.813488 -0.485931 0.317304
2 -0.723334 -0.866565 0.317837
2 -0.75818 -0.844596 0.314683
2 -0.692187 -0.878802 0.329424
6 -0.558777 -1.46833 0.335412
6 -0.612168 -1.25954 0.336035
1 -0.641294 -1.18838 0.334058
1 -0.670134 -1.1882 0.329809
4 -0.680009 -1.04632 0.325603
2 -0.668254 -1.10621 0.323738
5 -0.632214 -1.11677 0.327879
2 -0.613151 -1.10872 0.33273
1 -0.60138 -1.195 0.339464
1 -0.716948 -0.792054 0.331857
4 -0.599411 -1.18917 0.33767
1 -0.584213 -1.29786 0.337508
6 -0.68814 -0.993916 0.327182
4 -0.655196 -1.06813 0.332126
3 -0.692552 -0.9019 0.328676
7 -0.677314 -1.07026 0.321904
1 -0.692497 -1.16438 0.319392
2 -0.749515 -1.03845 0.317879
1 -0.575902 -1.3394 0.343409
2 -0.560122 -1.59102 0.330227
4 -0.701891 -0.953052 0.321488
1 -0.69334 -0.956137 0.325072
5 -0.609075 -1.16582 0.3339
5 -0.694089 -0.94028 0.330438
1 -0.696258 -1.06307 0.321676
1 -0.664352 -1.23723 0.322385
1 -0.669895 -1.20726 0.323724
1 -0.683807 -1.2194 0.32209
7 -0.572448 -1.20271 0.344294
1 -0.777439 -0.605494 0.321166
1 -0.79562 -0.529999 0.321437
1 -0.708364 -1.08111 0.317517
3 -0.664181 -1.11761 0.324804
1 -0.664341 -1.05896 0.328428
1 -0.728314 -0.953604 0.32197
2 -0.787395 -0.657576 0.322607
3 -0.560557 -1.45225 0.338118
1 -0.642785 -1.36818 0.322485
2 -0.729603 -1.10755 0.319642
1 -0.725983 -1.14496 0.31813
1 -0.652248 -1.29554 0.327496
2 -0.610058 -1.33341 0.333492
1 -0.644864 -1.13033 0.331508
2 -0.607716 -1.28313 0.328133
4 -0.645666 -1.15263 0.324074
10 -0.499224 -1.57971 0.339698
2 -0.630374 -1.31782 0.329039
4 -0.598799 -1.40843 0.332376
1 -0.518106 -1.54518 0.333121
1 -0.849206 -0.479976 0.318909
6 -0.759882 -0.729758 0.315913
2 -0.877845 -0.301448 0.314022
1 -0.563629 -1.3411 0.33709
2 -0.571691 -1.30368 0.337438
2 -0.585695 -1.43348 0.334243
4 -0.742005 -0.926301 0.32
1 -0.773922 -0.855652 0.318851
11 -0.816619 -0.88305 0.316078
2 -0.739463 -1.08289 0.315407
1 -0.529925 -1.51731 0.341236
1 -0.604589 -1.20394 0.334061
3 -0.697724 -1.03259 0.323656
4 -0.662246 -1.19822 0.322024
5 -0.654835 -1.23969 0.325546
14 -0.493414 -1.73823 0.339898
3 -0.541209 -1.52226 0.337453
1 -0.560006 -1.42839 0.333776
1 -0.7481 -0.804532 0.32163
1 -0.847731 -0.525762 0.312912
3 -0.773689 -0.74921 0.31748
1 -0.767093 -0.710981 0.314567
5 -0.926613 -0.282362 0.306214
1 -0.879287 -0.541181 0.305046
1 -0.919246 -0.348786 0.304719
1 -0.790184 -0.667938 0.313722
2 -0.691731 -1.11805 0.323803
1 -0.64932 -1.17103 0.32983
12 -0.797725 -0.863403 0.307642
1 -0.786995 -0.784802 0.317373
1 -0.825196 -0.634362 0.310921
2 -0.719943 -0.90962 0.321961
2 -0.665431 -1.10009 0.327831
1 -0.565964 -1.48097 0.334437
7 -0.678969 -1.13557 0.327098
1 -0.623164 -1.41083 0.326216
4 -0.839555 -0.700655 0.313988
4 -0.843435 -0.536644 0.312594
4 -0.73502 -0.872913 0.318016
2 -0.624364 -1.10155 0.331466
1 -0.612569 -1.20464 0.332942
1 -0.565661 -1.50278 0.337237
3 -0.429314 -1.89754 0.352669
3 -0.588643 -1.40407 0.337119
1 -0.751312 -0.858841 0.323163
8 -0.694193 -0.94438 0.32969
1 -0.716689 -0.845175 0.32668
7 -0.79661 -0.621411 0.317949
1 -0.784214 -0.741589 0.316973
4 -0.650088 -1.21852 0.326025
2 -0.640546 -1.22225 0.331637
1 -0.662843 -1.04139 0.32765
1 -0.744258 -0.673464 0.325319
1 -0.626446 -1.04117 0.335717
6 -0.66261 -1.05174 0.329702
2 -0.630356 -1.16832 0.33267
1 -0.66684 -1.0474 0.32714
1 -0.640666 -1.16603 0.328684
2 -0.640813 -1.12295 0.329723
2 -0.664796 -1.22571 0.323913
3 -0.712686 -1.04942 0.317477
1 -0.756989 -0.6711 0.327159
1 -0.775421 -0.649626 0.32284
1 -0.651899 -0.963459 0.335401
1 -0.583013 -1.29424 0.336391
4 -0.737916 -0.842165 0.326882
3 -0.848821 -0.603482 0.312577
1 -0.874419 -0.501796 0.312313
2 -0.836396 -0.562497 0.317185
1 -0.84123 -0.519481 0.320627
1 -0.884166 -0.374739 0.318767
6 -0.840569 -0.531144 0.320132
1 -0.886627 -0.35554 0.318315
1 -0.67528 -0.908368 0.331047
3 -0.663567 -0.969272 0.330757
4 -0.678621 -1.0301 0.328708
6 -0.734301 -0.824304 0.325837
3 -0.783117 -0.665829 0.325899
1 -0.642379 -1.30248 0.319124
1 -0.619254 -1.29609 0.324134
1 -0.539814 -1.6181 0.331181
1 -0.66502 -1.24068 0.32181
4 -0.717116 -0.994211 0.315183
4 -0.700768 -1.07648 0.315776
1 -0.641835 -1.08547 0.329442
1 -0.703578 -1.04584 0.31972
3 -0.639002 -1.19641 0.330591
1 -0.649373 -1.18979 0.333813
2 -0.713617 -0.943426 0.329366
6 -0.676434 -1.03234 0.333693
3 -0.708729 -0.943809 0.332037
1 -0.628607 -1.12108 0.339055
1 -0.572936 -1.33842 0.341525
3 -0.572876 -1.28848 0.341938
1 -0.761019 -0.732494 0.318776
1 -0.776401 -0.652649 0.31973
2 -0.717881 -0.865788 0.323438
1 -0.676946 -1.11955 0.317868
1 -0.565116 -1.69388 0.328662
1 -0.659619 -1.34898 0.325275
1 -0.650399 -1.00042 0.331229
4 -0.671522 -0.969266 0.328361
1 -0.701995 -1.048 0.316194
1 -0.775172 -0.714273 0.317811
2 -0.742349 -0.818597 0.325204
1 -0.725721 -0.713051 0.331829
1 -0.537237 -1.54179 0.348294
4 -0.822017 -0.758441 0.311206
4 -0.703083 -1.05973 0.327441
1 -0.552158 -1.60973 0.332819
1 -0.611999 -1.43187 0.327703
1 -0.591417 -1.35269 0.33751
3 -0.571648 -1.44017 0.3366
10 -0.586935 -1.37952 0.335433
5 -0.606105 -1.06092 0.339208
6 -0.558653 -1.30536 0.338923
2 -0.517099 -1.62423 0.338766
2 -0.618482 -1.30702 0.325499
1 -0.54187 -1.49957 0.331083
3 -0.635205 -1.24995 0.323723
1 -0.611513 -1.12273 0.331709
1 -0.5818 -1.15761 0.337031
2 -0.562361 -1.24569 0.333059
2 -0.642593 -1.13912 0.327765
3 -0.639036 -1.08359 0.327684
3 -0.632563 -1.17871 0.32629
2 -0.545939 -1.37712 0.335934
1 -0.734321 -0.856155 0.320736
11 -0.549517 -1.37121 0.336847
1 -0.642098 -1.07117 0.327188
4 -0.632058 -1.22597 0.330508
2 -0.622754 -1.10383 0.334614
3 -0.746838 -0.99911 0.31467
2 -0.737846 -1.00444 0.311908
4 -0.807142 -0.651098 0.30801
2 -0.682843 -0.878061 0.33609
7 -0.449739 -1.772 0.345951
1 -0.48704 -1.55093 0.348832
1 -0.530888 -1.40086 0.34166
2 -0.472464 -1.73362 0.34166
5 -0.621657 -1.47457 0.325155
1 -0.739681 -0.969187 0.318393
2 -0.76784 -0.848766 0.317948
2 -0.749663 -0.723647 0.329071
10 -0.682382 -0.858129 0.336328
1 -0.652903 -0.946891 0.338571
5 -0.705304 -0.837013 0.324843
3 -0.661647 -1.12296 0.324735
3 -0.406361 -1.96345 0.348626
1 -0.513882 -1.72008 0.337314
1 -0.780325 -0.975567 0.308561
1 -0.771869 -0.737026 0.314393
3 -0.772914 -0.604404 0.321477
6 -0.689688 -1.09418 0.318362
2 -0.667265 -1.11981 0.322259
1 -0.648008 -1.26748 0.328689
3 -0.746548 -0.896572 0.321198
2 -0.742439 -0.816648 0.322471
1 -0.755161 -0.817267 0.318465
2 -0.709238 -0.916363 0.331766
2 -0.686789 -1.01167 0.331926
2 -0.485433 -1.61724 0.344553
1 -0.516406 -1.28657 0.350385
3 -0.664829 -0.93093 0.333657
3 -0.670532 -1.05676 0.328484
2 -0.623426 -1.18588 0.331286
2 -0.641981 -1.16486 0.326496
3 -0.545005 -1.49368 0.331998
2 -0.646451 -1.02462 0.334067
1 -0.639403 -1.04791 0.335498
7 -0.599469 -1.3183 0.325053
5 -0.666316 -1.00239 0.330562
2 -0.768861 -0.725052 0.322189
7 -0.69832 -0.877687 0.330448
5 -0.723332 -0.902665 0.328005
1 -0.79797 -0.80334 0.313659
7 -0.760437 -0.65139 0.319366
1 -0.845748 -0.536606 0.311767
1 -0.515313 -1.75977 0.338677
1 -0.484719 -1.71862 0.341092
1 -0.539781 -1.37068 0.342769
1 -0.566158 -1.27591 0.338681
2 -0.580852 -1.19399 0.338953
2 -0.585873 -1.34042 0.333922
1 -0.78653 -0.615129 0.319864
1 -0.749645 -0.76461 0.319786
2 -0.719473 -0.84025 0.32166
1 -0.575522 -1.16305 0.343629
1 -0.539851 -1.19313 0.34813
2 -0.655919 -0.808676 0.339063
3 -0.693288 -0.803474 0.326397
1 -0.619345 -1.30438 0.326204
4 -0.668799 -1.19828 0.316211
2 -0.742474 -0.680103 0.324719
1 -0.669086 -0.89636 0.332026
7 -0.714823 -0.837582 0.324612
1 -0.667891 -1.09083 0.322595
2 -0.683839 -1.05562 0.320953
1 -0.659058 -0.995908 0.330725
2 -0.622937 -1.1435 0.334392
1 -0.748054 -0.7943 0.322814
1 -0.688198 -0.958377 0.328758
2 -0.674864 -1.0234 0.325207
1 -0.679347 -1.06591 0.324416
4 -0.558444 -1.32968 0.335079
3 -0.588705 -1.46207 0.330219
4 -0.523536 -1.55797 0.335346
1 -0.553504 -1.31487 0.342503
4 -0.608223 -1.12121 0.343229
1 -0.604438 -1.13387 0.343299
1 -0.61241 -1.14425 0.339546
12 -0.511017 -1.44046 0.338652
1 -0.447235 -1.73123 0.34738
1 -0.524828 -1.56844 0.338108
8 -0.640368 -1.35034 0.320438
1 -0.550301 -1.76487 0.332116
1 -0.550014 -1.62573 0.337687
1 -0.629433 -1.30186 0.334137
7 -0.676435 -0.945367 0.335371
2 -0.591175 -1.32521 0.333321
2 -0.550011 -1.47602 0.333651
1 -0.550787 -1.38683 0.333065
2 -0.585963 -1.37535 0.331509
4 -0.560475 -1.41466 0.334997
13 -0.571852 -1.39674 0.334397
10 -0.729187 -0.822017 0.323679
2 -0.631722 -1.11202 0.331194
2 -0.552992 -1.41736 0.335764
1 -0.54822 -1.48443 0.339044
2 -0.665123 -0.991554 0.330675
8 -0.730663 -0.810535 0.328713
1 -0.680338 -0.978006 0.320441
2 -0.69807 -0.897864 0.320833
1 -0.730145 -0.894545 0.316661
1 -0.727777 -0.901207 0.321222
3 -0.697154 -0.968639 0.32513
2 -0.704828 -0.969614 0.322746
1 -0.658631 -1.21624 0.324733
4 -0.665311 -1.20194 0.324105
3 -0.675485 -0.957472 0.330862
9 -0.603053 -1.14633 0.338255
2 -0.634887 -1.07625 0.334846
1 -0.580892 -1.18221 0.34098
1 -0.610009 -1.1987 0.335326
1 -0.676364 -0.957813 0.334042
4 -0.625572 -1.1507 0.335647
2 -0.610614 -1.23473 0.338543
2 -0.565496 -1.45403 0.33851
2 -0.549028 -1.5196 0.338139
6 -0.521199 -1.45972 0.345826
4 -0.559139 -1.35241 0.348524
1 -0.636225 -1.11997 0.33835
1 -0.567731 -1.2587 0.342697
1 -0.562427 -1.38419 0.332586
1 -0.521778 -1.47717 0.335303
1 -0.628065 -1.09546 0.335279
3 -0.585224 -1.20257 0.338949
1 -0.590796 -1.14516 0.338618
4 -0.596695 -1.10779 0.338566
1 -0.715554 -1.2018 0.313899
2 -0.715001 -1.16252 0.321698
2 -0.7092 -1.1557 0.320602
8 -0.665359 -1.22768 0.325291
1 -0.7646 -0.874177 0.316002
2 -0.806491 -0.614737 0.318123
5 -0.721673 -0.824389 0.332281
4 -0.826706 -0.55888 0.31521
1 -0.708907 -1.09184 0.323789
1 -0.610209 -1.36437 0.328906
2 -0.62763 -1.29431 0.328631
2 -0.556417 -1.50388 0.330982
2 -0.466583 -1.72543 0.343758
1 -0.474158 -1.68683 0.341991
1 -0.463111 -1.72155 0.339243
3 -0.620472 -1.2476 0.334593
1 -0.605342 -1.30688 0.335079
3 -0.556909 -1.4123 0.340406
3 -0.688373 -1.03199 0.333594
1 -0.734265 -0.977531 0.324449
4 -0.780015 -0.729468 0.319954
1 -0.83861 -0.52304 0.312272
1 -0.824604 -0.585247 0.311357
2 -0.849697 -0.482785 0.310119
3 -0.678476 -0.818361 0.335869
3 -0.584709 -1.1034 0.346729
5 -0.534658 -1.34545 0.342094
1 -0.673063 -0.980693 0.326946
1 -0.816295 -0.610856 0.316291
1 -0.579948 -1.27535 0.334049
1 -0.627272 -1.17574 0.330735
1 -0.631871 -1.1551 0.330564
1 -0.60519 -1.11301 0.335407
2 -0.732334 -0.859903 0.324078
1 -0.619399 -1.27198 0.326793
2 -0.572767 -1.35354 0.332346
3 -0.485787 -1.65252 0.334416
2 -0.508837 -1.55344 0.338712
1 -0.672844 -1.11291 0.329066
3 -0.666195 -1.19305 0.32898
2 -0.681678 -1.04727 0.332695
1 -0.653859 -1.21919 0.330835
1 -0.744648 -0.908888 0.324765
10 -0.822649 -0.602028 0.31741
1 -0.870331 -0.424282 0.314865
1 -0.855814 -0.668851 0.310731
11 -0.577457 -1.5654 0.325902
2 -0.66014 -1.37454 0.321796
1 -0.778996 -0.928756 0.313364
3 -0.548831 -1.62706 0.33329
5 -0.55474 -1.39395 0.34012
4 -0.656312 -0.900621 0.33929
5 -0.632495 -1.35074 0.326592
2 -0.618244 -1.38216 0.327958
5 -0.631775 -1.35041 0.325294
5 -0.61591 -1.24088 0.330189
3 -0.592354 -1.26803 0.334292
1 -0.52236 -1.46893 0.339889
1 -0.651019 -1.28864 0.325468
2 -0.649243 -1.22957 0.32752
6 -0.748624 -0.916609 0.317106
4 -0.746691 -1.01424 0.320953
2 -0.81283 -0.672731 0.315055
4 -0.662682 -0.896331 0.332854
10 -0.614521 -1.2699 0.331442
1 -0.664796 -1.16867 0.326215
1 -0.598904 -1.29909 0.333491
21 -0.575284 -1.35219 0.333457
1 -0.703111 -0.842483 0.328565
5 -0.628165 -1.14324 0.33255
4 -0.578508 -1.37467 0.33548
5 -0.673781 -0.972765 0.331584
4 -0.655291 -1.0676 0.330721
5 -0.831162 -0.630305 0.310411
1 -0.606406 -1.10774 0.33532
1 -0.656772 -1.09158 0.334522
2 -0.630721 -1.17751 0.336195
1 -0.588527 -1.47246 0.328654
7 -0.515536 -1.51648 0.33755
8 -0.463398 -1.78808 0.344457
1 -0.667331 -1.00376 0.334639
7 -0.695538 -1.02683 0.327221
5 -0.773437 -0.892443 0.321108
3 -0.602179 -1.35177 0.329074
3 -0.791902 -0.946652 0.301068
1 -0.79908 -0.61776 0.315085
2 -0.807486 -0.590463 0.314943
17 -0.729065 -0.833926 0.32652
1 -0.857185 -0.443988 0.308541
4 -0.763425 -0.780606 0.315167
1 -0.601093 -1.23343 0.32736
4 -0.666757 -1.12667 0.319428
6 -0.665203 -1.19684 0.323362
5 -0.664974 -1.20857 0.323292
2 -0.735999 -1.04533 0.317563
6 -0.56011 -1.50186 0.337279
1 -0.581016 -1.27775 0.339328
2 -0.684871 -0.990836 0.324505
4 -0.689213 -0.931604 0.32732
1 -0.658587 -1.11655 0.332963
1 -0.536836 -1.38646 0.349437
2 -0.64543 -1.10632 0.328081
1 -0.576053 -1.37311 0.329481
1 -0.626622 -1.1333 0.331608
1 -0.612591 -1.40914 0.33557
1 -0.569085 -1.51975 0.34024
4 -0.626545 -1.47853 0.318584
6 -0.536177 -1.74863 0.325755
1 -0.613215 -1.44535 0.323247
2 -0.633597 -1.39343 0.323384
3 -0.758737 -0.801018 0.315606
6 -0.668905 -1.06647 0.322292
5 -0.763307 -0.735286 0.318722
2 -0.758138 -0.746853 0.325737
1 -0.7157 -0.922477 0.33539
1 -0.776826 -0.755392 0.327959
1 -0.734257 -0.816743 0.327419
2 -0.699209 -0.978855 0.328885
1 -0.735215 -0.845332 0.328544
1 -0.604087 -1.23795 0.326277
5 -0.598409 -1.2173 0.328499
5 -0.668037 -1.10313 0.325144
2 -0.801276 -0.630754 0.317595
1 -0.970321 -0.130747 0.314137
1 -0.947609 -0.349784 0.309774
1 -0.755766 -0.985915 0.32317
1 -0.776477 -0.960006 0.315406
5 -0.711846 -1.15102 0.319345
4 -0.800275 -0.707982 0.317534
5 -0.598731 -1.28274 0.334187
2 -0.575448 -1.36255 0.335881
7 -0.571222 -1.32268 0.337044
1 -0.509842 -1.41384 0.344206
7 -0.657557 -0.944584 0.333423
4 -0.675816 -0.939669 0.330538
1 -0.641778 -1.2135 0.33317
1 -0.615297 -1.28044 0.34017
1 -0.73969 -1.07524 0.321683
2 -0.682923 -1.27147 0.324193
3 -0.521943 -1.43712 0.348161
4 -0.585744 -1.17086 0.341831
1 -0.53721 -1.32201 0.348106
2 -0.49362 -1.60921 0.343542
7 -0.534431 -1.3919 0.341909
2 -0.650598 -1.18464 0.326684
1 -0.688669 -1.09334 0.320977
3 -0.749764 -0.919529 0.313991
1 -0.874156 -0.529862 0.305486
1 -0.828472 -0.745428 0.305431
7 -0.558451 -1.70671 0.320497
6 -0.782064 -0.68225 0.311293
2 -0.615895 -1.22482 0.324749
1 -0.543462 -1.71409 0.32711
2 -0.672484 -1.15076 0.321208
4 -0.510286 -1.52696 0.34169
2 -0.568917 -1.14249 0.348514
2 -0.502383 -1.27005 0.354832
3 -0.461606 -1.44971 0.355374
1 -0.46151 -1.57369 0.353147
3 -0.528401 -1.41289 0.345651
2 -0.569705 -1.27988 0.339598
3 -0.743168 -0.730753 0.318868
3 -0.71905 -0.72133 0.32861
2 -0.771267 -0.856871 0.318671
2 -0.795499 -0.74382 0.317947
3 -0.813985 -0.677382 0.312856
1 -0.715471 -0.9181 0.326154
8 -0.654936 -1.27994 0.321335
2 -0.674684 -1.16598 0.322255
7 -0.678156 -1.16411 0.322339
1 -0.519109 -1.38535 0.3456
1 -0.788298 -0.546741 0.327152
3 -0.765429 -0.65561 0.32564
2 -0.614584 -1.22429 0.334515
5 -0.716877 -0.917315 0.323625
2 -0.682368 -1.00289 0.327571
2 -0.738065 -0.875663 0.321362
1 -0.745212 -0.844494 0.312512
6 -0.650806 -1.08502 0.325856
4 -0.598604 -1.24995 0.332613
1 -0.627089 -1.21417 0.328467
1 -0.537565 -1.41276 0.340712
1 -0.783443 -0.489245 0.327335
4 -0.662297 -1.10167 0.321542
2 -0.726805 -0.750808 0.327217
1 -0.686654 -0.916023 0.331013
1 -0.748748 -0.749346 0.321619
4 -0.795955 -0.812009 0.31352
2 -0.778292 -0.936406 0.312404
2 -0.740552 -0.789575 0.330563
2 -0.608068 -1.20477 0.341362
4 -0.585075 -1.28719 0.343999
4 -0.606699 -1.18684 0.335222
1 -0.584162 -1.2419 0.340121
4 -0.689379 -0.929091 0.330673
1 -0.685199 -0.968531 0.323649
1 -0.805256 -0.649887 0.323969
9 -0.677702 -1.20784 0.325715
4 -0.728748 -0.771344 0.326882
1 -0.828789 -0.527779 0.311869
3 -0.691743 -0.885536 0.324505
3 -0.800339 -0.498621 0.324427
1 -0.779333 -0.651712 0.326314
2 -0.680809 -0.917279 0.335403
1 -0.579861 -1.31867 0.339538
4 -0.668089 -1.12565 0.32819
3 -0.544424 -1.49616 0.336526
5 -0.559358 -1.2403 0.33686
1 -0.60984 -1.32531 0.328696
1 -0.697959 -1.0214 0.321016
3 -0.676475 -0.960068 0.325732
2 -0.7716 -0.683049 0.317257
4 -0.763724 -0.682778 0.321756
2 -0.816208 -0.544487 0.315855
5 -0.834137 -0.576384 0.311612
1 -0.58071 -1.62539 0.32541
1 -0.57102 -1.60956 0.324238
2 -0.652246 -1.10716 0.33246
3 -0.54355 -1.5672 0.334339
1 -0.56095 -1.3715 0.340552
1 -0.60539 -1.24986 0.335743
4 -0.548392 -1.36643 0.342412
3 -0.484408 -1.48921 0.344975
5 -0.568997 -1.22574 0.337179
1 -0.732 -0.705766 0.330142
3 -0.595877 -1.19838 0.338306
1 -0.611811 -1.29973 0.328956
4 -0.6532 -1.06798 0.335436
2 -0.6368 -1.18234 0.332856
1 -0.712975 -0.876131 0.332301
1 -0.671899 -0.998726 0.337163
4 -0.670726 -1.04423 0.336087
1 -0.682879 -1.0876 0.334542
4 -0.671624 -1.1631 0.325229
1 -0.688814 -1.07197 0.327332
1 -0.726954 -0.952636 0.32117
3 -0.722646 -0.856874 0.323484
2 -0.681002 -1.0633 0.326428
2 -0.694583 -1.07336 0.32592
3 -0.636456 -1.24434 0.327099
3 -0.569003 -1.42074 0.333708
2 -0.588388 -1.38403 0.331883
3 -0.69927 -1.12625 0.320317
6 -0.678964 -1.0632 0.32597
1 -0.819689 -0.537802 0.315725
5 -0.830055 -0.413975 0.317623
1 -0.774992 -0.792962 0.317
4 -0.735469 -0.869147 0.325459
5 -0.742894 -0.791717 0.323532
2 -0.747912 -0.848132 0.319702
4 -0.773494 -0.749675 0.315382
5 -0.760459 -0.831036 0.313825
3 -0.663967 -1.12356 0.324715
1 -0.796085 -0.671043 0.318627
3 -0.898733 -0.220249 0.320062
1 -0.906577 -0.257161 0.312709
1 -0.819155 -0.67065 0.308436
6 -0.862273 -0.411483 0.313004
5 -0.714035 -0.909907 0.324102
3 -0.673724 -0.93686 0.333827
8 -0.673152 -1.00602 0.331347
1 -0.685248 -0.896337 0.332014
2 -0.708474 -0.833 0.327997
6 -0.697483 -0.953934 0.322523
4 -0.736485 -0.718359 0.32258
5 -0.6039 -1.22891 0.330267
8 -0.542382 -1.35384 0.341106
1 -0.599945 -1.33959 0.331599
6 -0.671606 -1.20911 0.324594
1 -0.698329 -1.1461 0.320782
1 -0.73382 -0.8822 0.321395
13 -0.604819 -1.39497 0.328656
1 -0.541945 -1.53855 0.329265
5 -0.48726 -1.75159 0.339865
1 -0.467412 -1.83249 0.339268
4 -0.469996 -1.92176 0.338783
10 -0.479295 -1.84784 0.340915
1 -0.473166 -1.84776 0.342669
1 -0.439504 -1.86081 0.346781
7 -0.522536 -1.40351 0.342768
3 -0.527505 -1.55871 0.328952
4 -0.615093 -1.16746 0.331833
1 -0.531783 -1.44734 0.336091
5 -0.553219 -1.48245 0.33031
2 -0.608441 -1.34423 0.330404
2 -0.657444 -1.01295 0.331732
2 -0.636856 -1.00999 0.336129
1 -0.570841 -1.28269 0.339201
1 -0.557999 -1.26692 0.33908
2 -0.711206 -0.757238 0.323552
1 -0.841631 -0.613872 0.308928
3 -0.608296 -1.46246 0.324151
4 -0.47864 -1.79182 0.334072
1 -0.620877 -1.33095 0.321469
3 -0.661006 -1.1107 0.331232
1 -0.59281 -1.39513 0.333121
6 -0.6297 -1.30622 0.326492
1 -0.713396 -0.888236 0.326197
10 -0.763562 -0.96224 0.311426
1 -0.720945 -0.977731 0.319521
2 -0.692696 -1.0453 0.322465
2 -0.706359 -1.07529 0.31623
1 -0.611447 -1.13636 0.335023
3 -0.647816 -1.14085 0.32734
7 -0.575824 -1.45907 0.331868
4 -0.66243 -1.11033 0.325064
3 -0.680325 -0.996789 0.325452
7 -0.596314 -1.07973 0.334386
4 -0.625998 -1.16681 0.338536
9 -0.801394 -0.830082 0.319607
1 -0.707573 -1.19058 0.31813
5 -0.711018 -0.79326 0.332092
12 -0.507855 -1.60172 0.3449
1 -0.521953 -1.42745 0.348166
2 -0.704384 -0.857946 0.32787
1 -0.540277 -1.50912 0.338792
1 -0.555823 -1.41779 0.333395
1 -0.610984 -1.24875 0.333711
1 -0.615857 -1.27109 0.329894
2 -0.573885 -1.23701 0.334863
2 -0.601903 -1.08621 0.338655
3 -0.515533 -1.4632 0.346572
1 -0.664288 -0.981508 0.334396
2 -0.791039 -0.724767 0.312124
2 -0.746599 -0.891501 0.321167
5 -0.788492 -0.710633 0.318344
5 -0.69356 -1.09077 0.329873
1 -0.605261 -1.36632 0.327869
3 -0.485362 -1.72466 0.339211
4 -0.691707 -0.988943 0.320963
1 -0.698365 -0.979338 0.319202
1 -0.554083 -1.50573 0.331886
1 -0.607257 -1.23298 0.333396
2 -0.582424 -1.32821 0.334726
2 -0.694888 -1.14185 0.324748
2 -0.653853 -1.15103 0.327124
1 -0.65262 -0.928822 0.334914
1 -0.72409 -0.939736 0.323853
1 -0.675674 -1.06226 0.326196
3 -0.68274 -1.02313 0.328182
3 -0.754454 -0.894864 0.32003
1 -0.650318 -1.04818 0.332382
6 -0.753926 -0.869556 0.320947
1 -0.76105 -0.765824 0.323805
3 -0.610063 -1.11272 0.336268
3 -0.56779 -1.32198 0.333901
1 -0.681267 -0.983578 0.324416
1 -0.640533 -1.2088 0.327234
1 -0.696813 -1.02074 0.319804
1 -0.667664 -1.05822 0.323632
1 -0.635362 -1.21543 0.325919
1 -0.58881 -1.32334 0.332253
1 -0.68362 -1.19336 0.318736
3 -0.778215 -0.835678 0.319026
1 -0.852304 -0.598973 0.314139
5 -0.718358 -0.79171 0.336006
5 -0.960928 -0.232562 0.309231
3 -0.864718 -0.595594 0.318527
1 -0.851428 -0.618708 0.310077
3 -1.0215 -0.0729551 0.302812
2 -0.903836 -0.527697 0.309171
1 -0.896119 -0.653522 0.305207
10 -0.805365 -0.885171 0.315694
1 -0.658099 -1.2582 0.330187
1 -0.616026 -1.26222 0.333949
3 -0.684361 -1.07837 0.323082
1 -0.657466 -1.16935 0.325373
3 -0.662139 -1.16646 0.326131
3 -0.650353 -1.16132 0.331121
5 -0.695883 -1.12444 0.329562
1 -0.616695 -1.39037 0.329883
1 -0.564877 -1.40564 0.332668
3 -0.71041 -0.811149 0.330754
11 -0.586954 -1.18439 0.336693
1 -0.663331 -1.13301 0.327526
5 -0.654849 -1.08076 0.329826
5 -0.615923 -1.22793 0.332114
2 -0.619429 -1.2435 0.330391
1 -0.628437 -1.19217 0.3304
3 -0.529326 -1.60174 0.338023
5 -0.714288 -1.0268 0.326049
1 -0.704926 -1.09947 0.324434
1 -0.537565 -1.41906 0.342421
6 -0.538414 -1.40631 0.344241
2 -0.529995 -1.4253 0.340469
2 -0.54407 -1.30984 0.34062
6 -0.599946 -1.1973 0.330996
1 -0.623436 -1.18329 0.328888
1 -0.671641 -0.991225 0.326906
1 -0.590503 -1.39377 0.330595
5 -0.533048 -1.57192 0.336838
2 -0.548931 -1.48069 0.336298
8 -0.575694 -1.37203 0.335699
1 -0.605188 -1.40101 0.330331
4 -0.635894 -1.20185 0.331149
3 -0.806713 -0.619547 0.314562
1 -0.811276 -0.679143 0.316906
4 -0.803011 -0.797673 0.31229
4 -0.726316 -0.925037 0.325813
1 -0.790199 -0.846603 0.319134
1 -0.540161 -1.6139 0.333378
2 -0.654179 -1.00302 0.337605
2 -0.625534 -0.967435 0.344038
1 -0.550204 -1.19411 0.346811
3 -0.583047 -1.30371 0.345031
1 -0.669934 -0.988035 0.33762
1 -0.602662 -1.20038 0.331919
2 -0.695498 -1.05011 0.316437
2 -0.883826 -0.569198 0.304739
2 -0.790503 -0.791289 0.307293
2 -0.628785 -1.38559 0.320666
4 -0.80469 -0.810875 0.317582
3 -0.815379 -0.560603 0.319725
3 -0.752817 -0.714466 0.326147
3 -0.67049 -1.16995 0.317436
2 -0.777608 -0.776492 0.313885
1 -0.763406 -1.02634 0.307163
2 -0.566495 -1.53629 0.324712
2 -0.822096 -0.628138 0.313431
3 -0.756588 -0.829874 0.318641
1 -0.799077 -0.571422 0.316534
3 -0.757844 -0.850913 0.318879
5 -0.676987 -1.1156 0.326569
2 -0.745502 -0.762275 0.320466
9 -0.751276 -0.80467 0.324411
1 -0.608819 -1.35092 0.324743
2 -0.622309 -1.15176 0.330796
1 -0.566627 -1.22138 0.335537
2 -0.543599 -1.32745 0.335383
1 -0.574129 -1.44765 0.33035
3 -0.705579 -0.995277 0.321104
1 -0.699036 -0.893027 0.322248
6 -0.726649 -0.950609 0.315328
3 -0.760579 -0.787065 0.31739
2 -0.631417 -1.07951 0.330607
1 -0.53817 -1.37239 0.337171
3 -0.657209 -1.11227 0.333276
1 -0.470562 -1.68347 0.344241
1 -0.451896 -1.55645 0.352432
5 -0.663805 -1.23669 0.320427
4 -0.799114 -0.676538 0.310994
3 -0.637944 -1.15137 0.326358
8 -0.717988 -0.913973 0.326586
2 -0.800513 -0.741506 0.309323
3 -0.657178 -1.32788 0.314339
1 -0.667172 -1.14293 0.317993
3 -0.66006 -1.20001 0.321539
3 -0.646028 -1.18128 0.324314
2 -0.592651 -1.40335 0.325419
1 -0.704812 -0.9908 0.326606
2 -0.719864 -1.06219 0.323901
3 -0.803641 -0.702071 0.320646
1 -0.804045 -0.704886 0.319003
6 -0.676776 -1.14108 0.325895
3 -0.893431 -0.28174 0.331707
2 -0.783535 -0.42978 0.338975
7 -0.876124 -0.309711 0.319639
3 -0.652441 -1.00654 0.33191
3 -0.63629 -1.02956 0.330271
1 -0.547135 -1.14897 0.341018
1 -0.517772 -1.34353 0.339582
2 -0.519916 -1.30735 0.343048
3 -0.50515 -1.5586 0.337154
3 -0.608829 -1.29992 0.326147
3 -0.616482 -1.30818 0.324032
2 -0.671251 -1.19662 0.317114
1 -0.69743 -1.01281 0.32535
2 -0.688635 -0.964735 0.330907
3 -0.727988 -0.751217 0.32261
4 -0.593871 -1.28954 0.329533
6 -0.567157 -1.4318 0.335495
5 -0.577301 -1.43533 0.33591
2 -0.721143 -0.818968 0.326261
1 -0.669805 -0.918993 0.330649
1 -0.538852 -1.56524 0.338668
2 -0.612363 -1.31845 0.332019
1 -0.751459 -1.09123 0.311183
5 -0.797916 -0.882804 0.308038
1 -0.70323 -1.14812 0.316664
7 -0.637926 -1.20241 0.328779
2 -0.643346 -1.10692 0.336985
2 -0.747445 -0.930306 0.322751
6 -0.80923 -0.675912 0.319313
10 -0.670656 -1.02245 0.3304
1 -0.793254 -0.59734 0.320067
2 -0.68808 -0.841895 0.328348
2 -0.745832 -0.826423 0.31856
3 -0.648013 -1.1096 0.330906
5 -0.639052 -1.12143 0.331408
4 -0.626491 -1.23611 0.334013
2 -0.632365 -1.33656 0.326366
2 -0.683881 -1.10054 0.32223
2 -0.782263 -0.755844 0.318325
3 -0.516749 -1.4179 0.349303
4 -0.520706 -1.49866 0.345907
1 -0.681161 -0.965939 0.335415
5 -0.434377 -1.77543 0.350298
2 -0.534034 -1.49434 0.345223
2 -0.655541 -0.988909 0.335624
1 -0.718941 -0.814001 0.332373
2 -0.649849 -1.13286 0.331019
2 -0.572622 -1.50454 0.328983
9 -0.615762 -1.46861 0.322332
2 -0.790471 -0.596749 0.3253
1 -0.693738 -0.946234 0.325826
4 -0.670957 -1.10621 0.322067
1 -0.551963 -1.11406 0.33956
17 -0.798128 -0.51507 0.313955
9 -0.657198 -0.992917 0.322568
1 -0.574711 -1.23358 0.331655
4 -0.669668 -0.977882 0.328722
1 -0.728304 -0.795344 0.325884
2 -0.749092 -0.637904 0.330877
2 -0.712118 -0.799953 0.333151
1 -0.862891 -0.631042 0.306425
2 -0.617509 -1.30956 0.325282
7 -0.698596 -0.845274 0.32932
6 -0.745801 -0.696346 0.323848
3 -0.72352 -0.906784 0.318624
4 -0.693302 -0.978179 0.322208
2 -0.639492 -1.0917 0.328941
1 -0.691225 -0.911073 0.326416
1 -0.664435 -1.0178 0.331489
2 -0.757184 -0.755075 0.322813
3 -0.777203 -0.570965 0.326622
1 -0.678741 -0.948606 0.333515
1 -0.678065 -1.04208 0.324593
4 -0.663075 -1.04698 0.325914
1 -0.758516 -0.843382 0.325113
6 -0.720746 -0.957452 0.327191
1 -0.712137 -0.960425 0.327094
5 -0.742074 -0.931743 0.320738
2 -0.661954 -1.23902 0.319778
3 -0.685694 -1.06907 0.323589
1 -0.646243 -1.16306 0.32871
2 -0.627215 -1.19136 0.334548
1 -0.542664 -1.40992 0.338663
6 -0.653703 -1.01978 0.33371
2 -0.618742 -1.17255 0.332339
9 -0.59285 -1.24474 0.332707
4 -0.635842 -1.45408 0.326943
3 -0.748905 -1.07135 0.318387
2 -0.682486 -1.05076 0.335098
1 -0.725123 -0.856546 0.332111
5 -0.744187 -0.84645 0.32916
1 -0.658786 -1.0255 0.329082
1 -0.796128 -0.654924 0.315403
4 -0.847056 -0.547382 0.306874
3 -0.729234 -0.776542 0.322301
1 -0.612198 -1.29549 0.32614
2 -0.657308 -1.17329 0.323661
5 -0.61718 -1.21397 0.329822
3 -0.668273 -0.987482 0.332552
1 -0.667617 -1.05322 0.332708
3 -0.540784 -1.38869 0.344813
2 -0.547855 -1.51461 0.339266
9 -0.542656 -1.51645 0.3359
3 -0.635528 -1.32746 0.327971
2 -0.638856 -1.31374 0.332031
1 -0.761496 -0.657399 0.325404
3 -0.664338 -0.957531 0.333579
2 -0.694274 -0.87322 0.334647
5 -0.651776 -1.06028 0.334027
3 -0.667334 -0.986308 0.335776
2 -0.527375 -1.52916 0.341198
4 -0.629095 -1.1865 0.330867
1 -0.575819 -1.23983 0.337193
1 -0.508474 -1.4873 0.338144
6 -0.643133 -1.37723 0.317841
2 -0.610588 -1.40871 0.324657
4 -0.622504 -1.29964 0.329532
4 -0.623289 -1.07342 0.335182
2 -0.699465 -0.937333 0.328661
5 -0.731816 -0.965602 0.32126
5 -0.700488 -1.05373 0.320704
3 -0.694089 -0.981056 0.322774
4 -0.712511 -0.945218 0.324753
3 -0.645024 -1.10073 0.33189
1 -0.696838 -0.842479 0.330029
1 -0.712796 -0.839968 0.326444
6 -0.639457 -1.09171 0.327462
5 -0.673811 -0.994484 0.329841
2 -0.841988 -0.627194 0.309593
1 -0.741474 -0.953714 0.312933
1 -0.744432 -0.804097 0.320723
5 -0.743929 -0.806473 0.322397
1 -0.669559 -1.08337 0.325865
2 -0.703994 -0.98182 0.322427
5 -0.72681 -0.897661 0.323131
2 -0.719505 -0.931689 0.323157
2 -0.624001 -1.15701 0.335027
1 -0.657844 -0.993582 0.33614
5 -0.676659 -0.98253 0.332767
9 -0.719178 -0.909154 0.325212
2 -0.565696 -1.15271 0.344262
3 -0.768808 -0.757176 0.321934
1 -0.64652 -1.15605 0.335788
11 -0.719448 -0.850453 0.327386
1 -0.652197 -1.14853 0.327227
3 -0.683035 -0.862012 0.332496
9 -0.696948 -0.755419 0.33138
2 -0.674474 -0.93093 0.330139
1 -0.685778 -1.10606 0.323919
3 -0.647995 -1.28324 0.328772
4 -0.649773 -1.3051 0.331487
4 -0.685596 -1.14051 0.323482
1 -0.496389 -1.7089 0.339158
2 -0.57322 -1.58349 0.331632
4 -0.706146 -1.0094 0.3329
2 -0.785141 -0.597284 0.323742
1 -0.620219 -1.11645 0.333203
2 -0.576267 -1.37512 0.331842
2 -0.581146 -1.36553 0.331329
1 -0.610058 -1.27909 0.334787
3 -0.610544 -1.40701 0.331812
2 -0.625252 -1.40095 0.327404
5 -0.704086 -1.05311 0.31565
1 -0.680575 -1.15332 0.316935
3 -0.589137 -1.34485 0.331096
6 -0.601292 -1.277 0.338179
1 -0.657357 -1.16252 0.329458
1 -0.654077 -1.27087 0.327467
1 -0.647346 -1.32523 0.322901
1 -0.598392 -1.2474 0.33071
1 -0.622384 -1.1798 0.328365
1 -0.76903 -0.676735 0.317403
2 -0.767362 -0.71431 0.321625
2 -0.668515 -1.01915 0.329626
8 -0.711121 -0.953762 0.320933
3 -0.695916 -0.986107 0.320924
5 -0.687119 -0.888036 0.330984
2 -0.736803 -0.917271 0.328183
3 -0.728037 -0.919897 0.329791
2 -0.717774 -1.0241 0.323703
7 -0.729971 -0.953746 0.32164
2 -0.74248 -0.911057 0.319118
4 -0.736865 -0.865285 0.315544
5 -0.639974 -1.4715 0.315805
1 -0.69085 -1.20748 0.311682
1 -0.75414 -1.06628 0.307804
5 -0.721241 -1.01063 0.313249
3 -0.735486 -1.04481 0.310996
1 -0.711685 -0.986514 0.314836
5 -0.545326 -1.47852 0.333172
11 -0.545422 -1.62772 0.33112
3 -0.719305 -0.93934 0.32229
6 -0.57161 -1.51159 0.332295
4 -0.525957 -1.63096 0.33522
1 -0.5664 -1.50344 0.329065
2 -0.879338 -0.519113 0.30732
1 -0.659006 -1.29844 0.323198
1 -0.667696 -1.07847 0.328588
4 -0.757222 -0.869575 0.322765
2 -0.562839 -1.26936 0.347412
9 -0.645781 -0.931959 0.336866
7 -0.663934 -0.890718 0.330788
5 -0.663319 -0.888307 0.331139
4 -0.637934 -1.27578 0.321279
1 -0.620574 -1.30526 0.32464
2 -0.61654 -1.31918 0.319434
6 -0.506475 -1.35637 0.337863
2 -0.49973 -1.40179 0.345723
1 -0.478541 -1.85253 0.335502
4 -0.423604 -1.92913 0.342334
1 -0.514221 -1.68487 0.331807
1 -0.573968 -1.61655 0.327528
2 -0.671132 -1.18365 0.326526
5 -0.662581 -1.08153 0.326405
1 -0.622663 -1.24139 0.328942
9 -0.514417 -1.51586 0.338069
2 -0.534323 -1.45295 0.333901
2 -0.534512 -1.43957 0.333713
1 -0.509727 -1.48182 0.340132
4 -0.628464 -1.14246 0.330996
1 -0.590944 -1.46043 0.329374
2 -0.633539 -1.28933 0.323502
3 -0.783356 -0.670161 0.323734
1 -0.691606 -1.02628 0.322734
9 -0.779496 -0.872904 0.314901
2 -0.729819 -1.04216 0.319574
1 -0.655918 -1.08472 0.3332
3 -0.652917 -1.08695 0.334033
4 -0.598416 -1.35883 0.330302
1 -0.642229 -1.2596 0.326205
2 -0.611807 -1.36131 0.329695
1 -0.728596 -1.04435 0.32054
1 -0.714643 -0.966377 0.325677
1 -0.704108 -0.918836 0.325847
3 -0.637386 -1.04765 0.333139
6 -0.471905 -1.6523 0.340568
1 -0.700223 -0.838506 0.329106
4 -0.589501 -1.34057 0.340231
3 -0.638809 -1.08695 0.325345
3 -0.640098 -1.12303 0.324685
3 -0.7774 -0.539562 0.324799
2 -0.790574 -0.623552 0.317705
4 -0.723914 -0.870885 0.316463
4 -0.576698 -1.44732 0.329366
1 -0.671434 -0.975126 0.328267
1 -0.640548 -1.14126 0.326977
3 -0.557822 -1.22119 0.342031
4 -0.488306 -1.64746 0.342497
3 -0.629933 -1.21302 0.322881
2 -0.600806 -1.32127 0.324071
2 -0.584166 -1.33009 0.330465
1 -0.500128 -1.60818 0.33729
2 -0.633074 -1.38053 0.319928
3 -0.573421 -1.37478 0.335994
2 -0.603381 -1.34828 0.322206
4 -0.535359 -1.39351 0.344872
3 -0.548233 -1.40571 0.350863
5 -0.562687 -1.42907 0.345073
1 -0.556881 -1.4571 0.343933
10 -0.576442 -1.41081 0.343072
4 -0.704891 -0.876015 0.336216
2 -0.659781 -1.08478 0.330191
1 -0.588982 -1.36492 0.32832
3 -0.617642 -1.26849 0.325649
9 -0.679224 -0.978935 0.329065
5 -0.667997 -0.975605 0.332736
2 -0.611814 -1.12368 0.334621
1 -0.612532 -1.47781 0.322613
2 -0.731754 -0.973648 0.317319
2 -0.679781 -1.07963 0.32405
1 -0.604779 -1.30162 0.330488
3 -0.585635 -1.36242 0.332706
6 -0.707906 -0.928544 0.320385
3 -0.706258 -1.01499 0.31749
5 -0.721063 -0.95747 0.317128
4 -0.534325 -1.54054 0.335784
1 -0.695565 -0.937154 0.324227
3 -0.773537 -0.658456 0.326651
2 -0.773076 -0.81946 0.313206
2 -0.797501 -0.75823 0.313749
1 -0.50596 -1.66984 0.338145
4 -0.869232 -0.510787 0.315997
5 -0.648462 -1.0199 0.338403
1 -0.641116 -1.068 0.331769
3 -0.520744 -1.54684 0.343669
3 -0.640858 -1.1462 0.328067
1 -0.705785 -0.921538 0.322027
1 -0.691088 -0.968712 0.322898
7 -0.520458 -1.54295 0.334953
4 -0.573228 -1.42751 0.332742
4 -0.49938 -1.60016 0.34142
3 -0.603601 -1.24822 0.334811
1 -0.659991 -1.01102 0.328843
4 -0.730687 -0.746385 0.322962
3 -0.745575 -0.727715 0.329877
3 -0.735451 -0.665277 0.338912
3 -0.616747 -1.08781 0.333372
4 -0.728353 -0.890814 0.324206
3 -0.74759 -0.812593 0.323971
6 -0.595449 -1.26718 0.334659
1 -0.563985 -1.37788 0.33622
2 -0.680226 -1.02755 0.325852
2 -0.701786 -1.02743 0.321384
3 -0.596167 -1.1931 0.341451
2 -0.626258 -1.18391 0.328094
2 -0.635934 -1.17154 0.32782
3 -0.682837 -1.03972 0.324825
5 -0.80792 -0.769089 0.312767
2 -0.708756 -1.05013 0.320295
1 -0.651707 -1.2007 0.320648
1 -0.671192 -1.10674 0.321351
2 -0.643082 -1.15793 0.324844
3 -0.631975 -1.28353 0.32529
3 -0.766267 -0.809068 0.322041
1 -0.7943 -0.732724 0.318599
7 -0.737555 -0.818315 0.322877
3 -0.733078 -0.94799 0.316603
1 -0.641749 -1.17293 0.33207
1 -0.6687 -1.07118 0.330302
8 -0.631065 -1.11916 0.334189
1 -0.507974 -1.61124 0.336859
1 -0.550071 -1.36768 0.337434
2 -0.546246 -1.77951 0.323572
1 -0.660914 -1.32134 0.322296
1 -0.690445 -1.15649 0.32127
3 -0.710804 -1.07716 0.320014
1 -0.691551 -1.1989 0.319137
4 -0.68918 -1.00788 0.318137
1 -0.597592 -1.24071 0.326679
2 -0.750378 -0.754725 0.321652
1 -0.663326 -0.945249 0.332116
2 -0.725242 -0.880514 0.323716
1 -0.634631 -1.19192 0.328021
2 -0.649688 -1.1489 0.324395
4 -0.610939 -1.32615 0.334787
5 -0.69636 -1.07207 0.323731
9 -0.795991 -0.697463 0.320022
7 -0.831573 -0.486869 0.317399
2 -0.677818 -1.15193 0.320245
1 -0.661805 -0.950527 0.334294
1 -0.612576 -1.20687 0.329422
8 -0.641574 -1.12077 0.330969
4 -0.694111 -0.951626 0.327256
5 -0.728114 -1.01597 0.316086
6 -0.749141 -0.965445 0.314209
2 -0.804321 -0.788406 0.312115
2 -0.709278 -0.933942 0.323238
1 -0.724007 -0.755871 0.329357
2 -0.696044 -0.855582 0.327406
3 -0.728032 -0.813787 0.325896
3 -0.675225 -0.93672 0.33285
3 -0.512548 -1.65885 0.33935
6 -0.511671 -1.6068 0.342699
2 -0.660682 -1.09228 0.329933
2 -0.686875 -1.02366 0.325828
1 -0.755016 -0.796676 0.321643
2 -0.753198 -0.958468 0.315501
3 -0.585205 -1.53822 0.325031
2 -0.566547 -1.4342 0.331778
3 -0.67084 -1.02675 0.32542
3 -0.807415 -0.565503 0.312131
7 -0.805442 -0.604061 0.310562
16 -0.736113 -0.854971 0.316977
3 -0.90323 -0.370692 0.305788
1 -0.88879 -0.393685 0.307643
1 -0.74969 -0.843179 0.321176
1 -0.782144 -0.71489 0.315937
2 -0.810966 -0.57758 0.318118
1 -0.530117 -1.40685 0.339235
3 -0.654714 -1.12141 0.324428
2 -0.611012 -1.23237 0.330166
4 -0.675723 -1.04064 0.322825
1 -0.724179 -0.955805 0.321688
7 -0.713852 -0.915235 0.329395
2 -0.786434 -0.571686 0.32402
2 -0.566864 -1.21028 0.34842
4 -0.621087 -1.20968 0.339931
7 -0.62603 -1.205 0.338708
4 -0.607083 -1.26198 0.336314
2 -0.683677 -0.931182 0.329713
7 -0.67712 -0.863585 0.334505
7 -0.616339 -1.25781 0.334661
1 -0.636438 -1.23614 0.327104
1 -0.635308 -1.29905 0.331025
4 -0.615938 -1.28007 0.332472
1 -0.777689 -0.758803 0.318248
1 -0.819692 -0.5085 0.321415
1 -0.712851 -1.00357 0.320559
1 -0.708191 -0.955668 0.325148
1 -0.545567 -1.53017 0.331711
2 -0.573738 -1.4409 0.327868
9 -0.660434 -1.1084 0.320205
1 -0.482258 -1.5586 0.33928
2 -0.646092 -0.873918 0.332132
1 -0.523085 -1.50099 0.338295
4 -0.784809 -0.88643 0.31882
3 -0.783753 -0.686669 0.32568
2 -0.799049 -0.630356 0.318036
4 -0.651747 -1.25327 0.326103
1 -0.611187 -1.2694 0.328035
2 -0.758576 -0.900772 0.319215
3 -0.761149 -0.947238 0.316605
6 -0.667757 -1.28606 0.318359
4 -0.627132 -1.39403 0.321856
4 -0.739621 -0.951692 0.315205
7 -0.733407 -0.956231 0.316506
1 -0.712281 -1.04826 0.314684
1 -0.699778 -1.11939 0.32084
1 -0.64733 -1.44543 0.32064
2 -0.490489 -1.74905 0.341322
1 -0.60755 -1.2778 0.326943
3 -0.506956 -1.64394 0.340092
1 -0.754175 -0.804009 0.316271
3 -0.764336 -0.772977 0.315685
4 -0.786007 -0.725534 0.312631
1 -0.725893 -0.878808 0.318702
6 -0.683129 -0.964696 0.326614
1 -0.677895 -0.998381 0.327971
1 -0.692246 -1.03687 0.328919
3 -0.599327 -1.35409 0.33359
2 -0.776914 -0.862204 0.320941
5 -0.692016 -0.988571 0.33147
3 -0.603329 -1.14673 0.33036
2 -0.788102 -0.61421 0.318048
1 -0.715482 -0.908077 0.322647
3 -0.68562 -0.988458 0.326122
1 -0.630625 -1.13506 0.330924
1 -0.635762 -1.17349 0.329049
3 -0.750281 -0.871863 0.317623
7 -0.734525 -0.836549 0.319677
1 -0.874035 -0.511011 0.307591
1 -0.839779 -0.515843 0.312919
4 -0.813144 -0.626739 0.313882
1 -0.787419 -0.629363 0.312354
1 -0.756125 -0.821293 0.317863
6 -0.629124 -1.08257 0.332691
3 -0.718758 -0.805406 0.327914
2 -0.717692 -0.864334 0.322744
5 -0.752936 -0.692925 0.321623
5 -0.566901 -1.32886 0.337358
5 -0.611328 -1.11573 0.334903
1 -0.567319 -1.25339 0.338634
2 -0.567689 -1.32506 0.335233
1 -0.568766 -1.31747 0.334729
2 -0.542819 -1.56344 0.336605
2 -0.629315 -1.27256 0.331379
2 -0.630766 -1.10942 0.339934
1 -0.583311 -1.32273 0.346528
1 -0.547501 -1.339 0.340659
2 -0.574302 -1.2136 0.335963
1 -0.674103 -1.29677 0.312782
4 -0.658504 -1.22462 0.32684
1 -0.650593 -1.23793 0.328754
1 -0.738907 -0.915656 0.324327
2 -0.698844 -0.969415 0.327275
7 -0.701375 -0.995647 0.323943
1 -0.594426 -1.25363 0.340385
2 -0.524188 -1.55238 0.346231
14 -0.629086 -1.19466 0.3375
2 -0.848577 -0.546939 0.314396
7 -0.822615 -0.576296 0.319065
2 -0.66692 -1.27058 0.330721
1 -0.506156 -1.90658 0.337004
1 -0.592455 -1.51708 0.327161
1 -0.746334 -0.866576 0.325176
1 -0.863286 -0.537573 0.313972
8 -0.786421 -0.655927 0.322933
1 -0.623997 -1.33979 0.323791
15 -0.612803 -1.44515 0.322256
3 -0.623146 -1.38937 0.31904
3 -0.789966 -0.845612 0.311693
5 -0.775254 -0.820135 0.315973
10 -0.605349 -1.29736 0.32652
5 -0.645185 -1.19422 0.322786
1 -0.659499 -1.32843 0.323926
2 -0.744857 -0.953315 0.323749
14 -0.729313 -0.891715 0.330856
2 -0.840421 -0.554601 0.316818
1 -0.798177 -0.510772 0.328146
4 -0.797835 -0.580233 0.324391
3 -0.723761 -0.731739 0.330843
1 -0.729086 -0.782866 0.325899
1 -0.752755 -0.948189 0.31979
1 -0.802571 -0.760332 0.312987
3 -0.686729 -0.919961 0.332903
3 -0.748211 -0.709199 0.321536
1 -0.652794 -1.08226 0.333586
3 -0.696736 -1.01403 0.323048
1 -0.629251 -1.19393 0.328975
1 -0.617833 -1.20973 0.332205
4 -0.628091 -1.28737 0.332756
4 -0.653906 -1.21427 0.319988
3 -0.59908 -1.35511 0.324451
4 -0.71562 -0.945891 0.323133
2 -0.697354 -0.852417 0.33209
1 -0.699803 -0.851886 0.332521
3 -0.598015 -1.18607 0.337147
3 -0.616248 -1.32979 0.328069
4 -0.620766 -1.35651 0.324163
4 -0.592281 -1.35701 0.3244
4 -0.737905 -0.744445 0.320724
3 -0.721117 -0.734491 0.326461
2 -0.753482 -0.740097 0.315511
5 -0.753891 -0.866888 0.311312
1 -0.784771 -0.789857 0.313294
2 -0.735906 -0.871466 0.322169
5 -0.73539 -0.857837 0.319575
4 -0.78404 -0.768176 0.307446
3 -0.778782 -0.778922 0.30708
4 -0.768554 -0.751249 0.311634
1 -0.736875 -0.714338 0.32774
2 -0.736562 -0.650942 0.333502
2 -0.634555 -0.91575 0.338508
3 -0.653951 -0.962905 0.33269
2 -0.703368 -0.880143 0.329005
12 -0.600487 -1.21351 0.337378
2 -0.652725 -1.04555 0.329323
9 -0.663506 -1.01104 0.330965
3 -0.787383 -0.826016 0.311077
4 -0.785881 -0.852521 0.311781
2 -0.809764 -0.786341 0.307938
1 -0.788584 -0.699692 0.318999
1 -0.842378 -0.498506 0.315052
1 -0.81326 -0.589977 0.319783
3 -0.667607 -1.0851 0.326696
4 -0.861822 -0.574571 0.312925
2 -0.732206 -0.967573 0.323672
2 -0.659037 -1.14776 0.327771
1 -0.726793 -0.758669 0.330706
1 -0.589691 -1.17311 0.338438
2 -0.544596 -1.3658 0.343589
6 -0.804663 -0.614647 0.321908
1 -0.638994 -1.20353 0.324187
3 -0.69017 -0.942089 0.325657
2 -0.607409 -1.21604 0.331431
3 -0.827432 -0.45577 0.326071
1 -0.779541 -0.899965 0.310501
2 -0.700053 -1.16526 0.314273
1 -0.688407 -1.2527 0.311925
2 -0.598192 -1.33145 0.32314
5 -0.722283 -0.788569 0.333049
1 -0.742379 -0.714631 0.325264
1 -0.76148 -0.75469 0.321642
1 -0.624467 -1.19583 0.33168
1 -0.633268 -1.20413 0.332469
3 -0.697242 -0.989777 0.32556
9 -0.70003 -1.16004 0.317935
9 -0.709714 -1.04958 0.32087
1 -0.696131 -1.10744 0.322726
1 -0.700855 -0.857789 0.332584
3 -0.642514 -0.955808 0.340816
3 -0.610878 -1.23931 0.331874
9 -0.707947 -0.851486 0.331343
2 -0.812035 -0.676863 0.318517
5 -0.67571 -1.04821 0.326149
3 -0.615663 -1.29494 0.33372
1 -0.632823 -1.21358 0.334466
2 -0.630294 -1.20856 0.333519
6 -0.693402 -0.951285 0.33081
9 -0.701851 -0.884677 0.327925
4 -0.694032 -1.03548 0.32234
1 -0.695512 -1.04342 0.322068
4 -0.648199 -1.17501 0.326326
4 -0.629065 -1.34444 0.322445
1 -0.513392 -1.63613 0.334858
1 -0.466758 -1.69079 0.346544
1 -0.533021 -1.47149 0.341931
6 -0.632677 -1.23214 0.327314
1 -0.592776 -1.32492 0.331917
1 -0.601743 -1.30294 0.330129
1 -0.714408 -0.987934 0.324562
4 -0.577508 -1.29335 0.343289
1 -0.726676 -0.92123 0.328338
1 -0.698088 -1.14419 0.319466
3 -0.609946 -1.45812 0.328736
5 -0.730384 -0.880116 0.319059
1 -0.645846 -1.24957 0.323695
1 -0.689315 -1.07516 0.322205
4 -0.575081 -1.3603 0.329728
1 -0.721485 -0.967419 0.314792
3 -0.792584 -0.742895 0.312685
2 -0.833256 -0.632 0.310275
3 -0.770797 -0.854764 0.311217
4 -0.838002 -0.531882 0.320828
3 -0.777016 -0.734259 0.325462
3 -0.747138 -0.787046 0.3283
6 -0.64424 -1.24298 0.325765
2 -0.817514 -0.70467 0.309422
3 -0.831382 -0.697521 0.306382
3 -0.838209 -0.472264 0.316465
2 -0.693613 -0.860759 0.327093
1 -0.701234 -0.911393 0.320521
4 -0.879572 -0.470866 0.309577
1 -0.846044 -0.571129 0.311584
1 -0.696841 -1.01718 0.326516
3 -0.735226 -0.880346 0.322408
2 -0.604442 -1.24398 0.335598
1 -0.584738 -1.28568 0.336309
3 -0.55097 -1.51966 0.340231
1 -0.51093 -1.76684 0.338786
1 -0.568869 -1.54026 0.331071
1 -0.587629 -1.46378 0.327354
2 -0.621242 -1.3106 0.32515
3 -0.666423 -1.07085 0.330597
3 -0.818895 -0.625686 0.313669
6 -0.782384 -0.760244 0.318647
4 -0.766921 -0.841903 0.316824
3 -0.705417 -0.721788 0.33031
3 -0.620896 -0.957993 0.333372
7 -0.61305 -1.17353 0.334876
2 -0.633439 -1.05013 0.328618
2 -0.535739 -1.68001 0.330156
1 -0.4312 -2.0229 0.341625
1 -0.533204 -1.52706 0.342211
2 -0.536496 -1.45845 0.344502
1 -0.642967 -1.08 0.332764
3 -0.67454 -0.982401 0.330461
5 -0.67435 -1.04191 0.327842
3 -0.71562 -0.894958 0.32651
2 -0.568383 -1.21581 0.336741
1 -0.646161 -1.15394 0.331397
2 -0.678759 -0.909731 0.332638
1 -0.764431 -0.646249 0.323638
1 -0.68646 -0.978068 0.322045
4 -0.713471 -0.846874 0.323399
1 -0.714157 -0.85554 0.322468
3 -0.745202 -0.932216 0.314612
1 -0.43324 -1.84141 0.345099
2 -0.435457 -1.90064 0.344456
4 -0.791627 -0.550095 0.323697
2 -0.792984 -0.539603 0.318176
1 -0.822438 -0.4577 0.320852
7 -0.624959 -1.21124 0.327293
2 -0.634531 -1.25055 0.326759
6 -0.564538 -1.31885 0.341438
5 -0.555405 -1.38157 0.339203
10 -0.521388 -1.48794 0.342283
1 -0.658843 -1.03703 0.333787
2 -0.566649 -1.4191 0.333581
3 -0.823349 -0.597354 0.313507
3 -0.661955 -1.14502 0.329105
2 -0.655752 -0.931371 0.334645
3 -0.625434 -1.14355 0.333299
3 -0.713337 -0.820459 0.327842
3 -0.586409 -1.15835 0.339668
2 -0.601177 -1.10277 0.340275
2 -0.506733 -1.20359 0.355648
3 -0.56777 -1.08024 0.346036
2 -0.803379 -0.524714 0.324869
4 -0.750353 -0.605986 0.331872
1 -0.664865 -0.924337 0.334629
5 -0.802893 -0.577009 0.316381
1 -0.698698 -0.941492 0.320875
2 -0.725883 -0.927477 0.317026
2 -0.63541 -1.11257 0.327359
1 -0.587972 -1.22529 0.342179
3 -0.417415 -1.85688 0.355665
3 -0.540889 -1.40833 0.339504
2 -0.566844 -1.47955 0.329914
2 -0.563953 -1.49046 0.331287
1 -0.743052 -0.780499 0.321684
6 -0.592687 -1.31524 0.334538
1 -0.607955 -1.3823 0.32868
4 -0.53446 -1.39693 0.338791
3 -0.542584 -1.40196 0.335668
1 -0.625908 -1.21423 0.335072
1 -0.562641 -1.4624 0.337686
5 -0.644753 -1.25695 0.32378
2 -0.656129 -1.20842 0.324394
7 -0.666173 -1.12851 0.317647
1 -0.682503 -1.09915 0.315357
1 -0.644317 -1.24665 0.322919
1 -0.68743 -1.06521 0.322871
7 -0.743647 -0.893145 0.319241
4 -0.717912 -0.923071 0.324216
5 -0.579482 -1.4519 0.333405
2 -0.579256 -1.46299 0.331101
2 -0.689111 -1.12333 0.319009
2 -0.643001 -1.05523 0.336303
2 -0.785533 -0.824182 0.314719
2 -0.848965 -0.586158 0.307961
1 -0.647722 -1.32891 0.320894
3 -0.681735 -1.02132 0.32216
1 -0.684319 -0.927645 0.329672
2 -0.668419 -1.23502 0.324862
1 -0.69933 -1.25678 0.316756
1 -0.658568 -1.16087 0.332038
9 -0.664232 -1.22555 0.329271
1 -0.667297 -1.14217 0.326212
1 -0.648282 -1.2676 0.321679
1 -0.669404 -1.14841 0.319553
3 -0.615981 -1.11966 0.327582
1 -0.57215 -1.27102 0.333427
2 -0.540706 -1.35711 0.336695
4 -0.440377 -1.70806 0.343573
6 -0.403945 -1.7994 0.35101
4 -0.720617 -0.898652 0.324934
3 -0.622219 -1.34872 0.331142
4 -0.710867 -1.17985 0.319584
2 -0.769914 -1.0244 0.308653
12 -0.676789 -1.28769 0.317115
4 -0.767418 -1.07368 0.310225
3 -0.712594 -1.25564 0.314317
2 -0.775688 -0.975503 0.309188
2 -0.636916 -1.14534 0.324502
2 -0.791327 -0.748377 0.309632
1 -0.808521 -0.654885 0.318022
3 -0.623213 -1.08994 0.333279
3 -0.615927 -1.12474 0.333773
6 -0.569726 -1.31213 0.339226
2 -0.639541 -1.10855 0.336541
1 -0.751214 -0.796705 0.320926
1 -0.762372 -0.760568 0.320727
2 -0.700574 -0.930201 0.329017
1 -0.759423 -0.776926 0.319607
3 -0.611644 -1.50643 0.317504
2 -0.550965 -1.55105 0.329064
4 -0.72381 -0.979164 0.318443
5 -0.814036 -0.766868 0.307064
1 -0.67482 -0.944938 0.323855
2 -0.722669 -0.828051 0.318342
1 -0.715231 -0.859937 0.320085
1 -0.618821 -1.27533 0.328594
4 -0.70661 -0.934667 0.319298
4 -0.742526 -0.898359 0.312916
2 -0.607037 -1.27125 0.3304
2 -0.441653 -1.79869 0.347522
4 -0.767537 -0.897632 0.313285
3 -0.775714 -0.849982 0.316771
2 -0.908655 -0.436144 0.306103
1 -0.888577 -0.354919 0.310354
1 -0.817568 -0.640202 0.313822
3 -0.751216 -0.856145 0.318562
2 -0.752171 -0.863234 0.315976
1 -0.538313 -1.3502 0.350099
5 -0.622082 -1.10667 0.339201
5 -0.663116 -0.965693 0.32962
3 -0.762329 -0.757165 0.319526
4 -0.554299 -1.55261 0.334706
1 -0.621647 -1.35825 0.328131
2 -0.664741 -1.18182 0.328495
3 -0.723781 -1.04703 0.322395
1 -0.754475 -0.946909 0.317843
2 -0.751628 -0.904514 0.319445
2 -0.777177 -0.7347 0.315993
4 -0.664411 -0.990073 0.331048
2 -0.702556 -0.992667 0.324224
2 -0.669715 -1.138 0.32035
2 -0.650095 -1.22985 0.322721
11 -0.689841 -1.14152 0.318264
1 -0.647376 -1.22624 0.324944
4 -0.61495 -1.19816 0.336646
2 -0.541056 -1.45354 0.334708
3 -0.62692 -1.10383 0.336261
1 -0.612372 -1.12735 0.337408
8 -0.681626 -1.10145 0.329058
8 -0.628012 -1.34284 0.332339
1 -0.776287 -0.921819 0.314375
2 -0.805367 -0.868095 0.311052
2 -0.7312 -1.03858 0.313213
1 -0.718646 -0.948842 0.323384
1 -0.712936 -1.09305 0.32014
4 -0.667258 -1.176 0.325664
2 -0.674791 -1.16642 0.326851
5 -0.676717 -1.08346 0.330494
1 -0.631489 -1.19146 0.327661
1 -0.606737 -1.31615 0.331116
7 -0.727484 -1.01763 0.317127
4 -0.787367 -0.63546 0.321055
1 -0.804243 -0.580892 0.319971
1 -0.761389 -0.863451 0.311309
7 -0.653661 -1.46789 0.316565
3 -0.696092 -1.07941 0.314313
1 -0.622473 -1.14792 0.330146
2 -0.528636 -1.50138 0.337848
1 -0.617125 -1.21051 0.331358
3 -0.629402 -1.25432 0.328235
3 -0.528363 -1.49257 0.337053
3 -0.509115 -1.51136 0.339685
3 -0.732034 -0.983879 0.315087
1 -0.739187 -0.964419 0.318379
1 -0.651568 -1.31185 0.323235
1 -0.712749 -1.0516 0.314093
2 -0.839661 -0.577261 0.311166
3 -0.717877 -0.960687 0.321785
2 -0.815816 -0.733247 0.312347
1 -0.680138 -1.19114 0.324061
1 -0.680991 -1.2122 0.329018
1 -0.642657 -1.29527 0.333438
2 -0.688203 -1.06296 0.331646
2 -0.66394 -1.01425 0.338012
3 -0.608948 -1.24029 0.331071
4 -0.721409 -0.958937 0.322231
2 -0.74247 -0.832064 0.320755
1 -0.806689 -0.653635 0.313664
4 -0.668618 -1.02219 0.332044
2 -0.614352 -1.19657 0.332446
1 -0.643397 -1.1186 0.325956
3 -0.630944 -1.1943 0.32724
1 -0.863013 -0.410969 0.312424
5 -0.604288 -1.13784 0.339561
2 -0.571576 -1.42861 0.332921
1 -0.617278 -1.28152 0.326741
2 -0.673702 -1.13218 0.322044
1 -0.728179 -0.934177 0.320455
2 -0.580277 -1.294 0.335498
8 -0.683485 -0.917095 0.325707
1 -0.6179 -1.29508 0.330104
8 -0.655744 -1.17207 0.325914
3 -0.590161 -1.27724 0.332622
1 -0.609184 -1.25051 0.326695
2 -0.604841 -1.21901 0.329211
4 -0.724088 -0.790314 0.319372
2 -0.738931 -0.664477 0.324308
3 -0.736167 -0.738825 0.318701
4 -0.776372 -0.619652 0.317754
7 -0.838292 -0.412922 0.320116
3 -0.779155 -0.779611 0.311329
2 -0.840724 -0.619528 0.307402
6 -0.729791 -1.09628 0.315791
1 -0.648396 -1.13749 0.326033
2 -0.560475 -1.38896 0.340414
12 -0.607568 -1.18537 0.3384
1 -0.599107 -1.28733 0.334171
2 -0.550843 -1.55701 0.336284
3 -0.546459 -1.4508 0.335922
2 -0.686671 -1.02755 0.323396
3 -0.734397 -0.904472 0.321909
2 -0.636562 -1.26055 0.335216
3 -0.639235 -1.3095 0.332094
9 -0.675101 -1.18092 0.328072
5 -0.595821 -1.31408 0.335566
10 -0.622903 -1.2628 0.327905
2 -0.644453 -1.25947 0.326004
5 -0.679931 -1.10041 0.326276
1 -0.626025 -1.16234 0.328257
1 -0.566015 -1.30213 0.333844
2 -0.618933 -1.1387 0.329273
10 -0.665886 -1.0206 0.325964
2 -0.661139 -1.00717 0.328587
7 -0.635412 -1.31548 0.331676
1 -0.753459 -0.712249 0.328786
2 -0.631977 -1.23545 0.325586
2 -0.728847 -0.87645 0.325863
5 -0.752606 -0.895244 0.317218
6 -0.596115 -1.25976 0.336191
1 -0.596031 -1.30874 0.330627
4 -0.693253 -1.01894 0.321395
1 -0.691258 -1.00056 0.324109
2 -0.50908 -1.39504 0.347698
5 -0.614937 -1.02197 0.337164
3 -0.620146 -1.07086 0.334816
5 -0.472987 -1.71078 0.349515
7 -0.554136 -1.47068 0.340782
3 -0.606399 -1.41637 0.329404
7 -0.489931 -1.74566 0.339222
2 -0.71243 -0.929641 0.327166
1 -0.747695 -0.897469 0.323735
1 -0.646009 -1.13576 0.325628
1 -0.739413 -0.913466 0.318314
9 -0.577184 -1.45442 0.329606
2 -0.550193 -1.56797 0.332455
2 -0.63673 -1.25837 0.329152
2 -0.709534 -0.947027 0.328508
2 -0.734022 -0.769138 0.319722
2 -0.771245 -0.748259 0.310473
1 -0.691909 -1.03652 0.32114
3 -0.623894 -1.15881 0.331133
3 -0.504353 -1.55419 0.335947
1 -0.500764 -1.51242 0.340175
2 -0.671395 -1.18848 0.321019
4 -0.7598 -0.827535 0.319747
2 -0.823593 -0.554032 0.315542
2 -0.587316 -1.26118 0.334694
3 -0.579155 -1.27702 0.336484
1 -0.584256 -1.1707 0.342178
4 -0.674099 -0.955145 0.331065
7 -0.699917 -0.815406 0.331784
7 -0.684045 -0.91991 0.331987
1 -0.576782 -1.36847 0.339814
2 -0.755013 -0.748672 0.326548
2 -0.755485 -0.822066 0.317707
3 -0.827063 -0.625833 0.318341
1 -0.791787 -0.698389 0.320265
1 -0.525172 -1.53968 0.344823
2 -0.473102 -1.74979 0.340349
2 -0.515919 -1.68439 0.332523
5 -0.586592 -1.43242 0.326417
8 -0.589792 -1.3645 0.324054
2 -0.561448 -1.46664 0.331201
2 -0.673323 -1.16311 0.326592
1 -0.690295 -0.981368 0.327082
3 -0.631912 -0.997818 0.337006
2 -0.469174 -1.64705 0.343549
1 -0.715983 -1.09521 0.322422
5 -0.741713 -1.00737 0.320131
1 -0.800961 -0.788566 0.317616
1 -0.724794 -0.896362 0.330131
1 -0.713636 -0.927646 0.331388
6 -0.705031 -0.967159 0.332177
8 -0.737187 -1.07947 0.323584
2 -0.568519 -1.44757 0.343895
1 -0.623714 -1.19428 0.335706
1 -0.739238 -0.865447 0.329107
3 -0.657263 -1.05557 0.338072
11 -0.707857 -0.974066 0.330465
1 -0.574946 -1.44395 0.335965
1 -0.522798 -1.50954 0.347147
2 -0.628767 -1.06093 0.334722
5 -0.655522 -1.07194 0.330456
6 -0.670801 -1.09064 0.327777
1 -0.64698 -1.22824 0.326956
5 -0.698248 -1.21616 0.316394
3 -0.692812 -1.03447 0.328468
6 -0.758216 -0.841871 0.322014
8 -0.688 -0.934718 0.333676
1 -0.754943 -0.719339 0.326836
2 -0.753288 -0.584405 0.334724
9 -0.568036 -1.24032 0.337753
2 -0.633862 -1.11294 0.333668
5 -0.637907 -1.06043 0.334742
1 -0.522319 -1.51903 0.343235
4 -0.523404 -1.36431 0.345132
1 -0.497147 -1.4874 0.347084
6 -0.629301 -1.17629 0.32611
1 -0.762217 -0.834095 0.313175
3 -0.758346 -0.725656 0.322048
1 -0.736532 -0.773496 0.324785
6 -0.754362 -0.658833 0.327337
1 -0.650259 -1.10338 0.328669
1 -0.56588 -1.45365 0.33057
2 -0.637299 -1.23117 0.327859
1 -0.607113 -1.23747 0.336072
3 -0.518613 -1.54484 0.341718
1 -0.445466 -1.7676 0.346722
4 -0.544903 -1.47386 0.33485
3 -0.745516 -0.801236 0.325381
1 -0.79063 -0.562766 0.320572
5 -0.79747 -0.623325 0.314583
1 -0.617008 -1.20852 0.329055
1 -0.740209 -0.877072 0.318295
9 -0.737182 -0.954063 0.317217
4 -0.719164 -1.0552 0.313049
2 -0.714268 -1.14131 0.312958
6 -0.633403 -1.19503 0.323368
4 -0.584801 -1.35488 0.329374
3 -0.58631 -1.3011 0.33166
2 -0.698091 -0.839305 0.324736
1 -0.707446 -0.789815 0.324179
6 -0.719842 -0.793093 0.324069
1 -0.688662 -0.824226 0.342448
4 -0.551323 -1.48956 0.344152
2 -0.570561 -1.51659 0.337267
2 -0.593842 -1.42862 0.336517
1 -0.713334 -0.972128 0.321621
2 -0.603786 -1.36519 0.328885
2 -0.724426 -0.851225 0.31972
1 -0.700547 -0.866244 0.321469
2 -0.722613 -0.960462 0.317635
1 -0.644021 -1.21251 0.325007
1 -0.682856 -1.16993 0.320258
2 -0.766703 -0.857668 0.316269
3 -0.708485 -0.850651 0.326227
3 -0.683786 -1.09202 0.319576
4 -0.610355 -1.30225 0.325242
2 -0.67383 -0.979595 0.330502
1 -0.730171 -1.06999 0.313262
5 -0.761175 -0.901666 0.314945
3 -0.541078 -1.59316 0.335188
4 -0.603574 -1.35817 0.32732
5 -0.648005 -1.29522 0.315187
5 -0.629501 -1.34606 0.316688
1 -0.609706 -1.30942 0.331228
1 -0.596501 -1.19933 0.338304
2 -0.531201 -1.50175 0.339364
1 -0.854111 -0.518182 0.313713
4 -0.870342 -0.430723 0.310877
6 -0.718814 -1.09904 0.319369
1 -0.757345 -1.03287 0.31218
3 -0.867379 -0.496313 0.306665
3 -0.672476 -1.249 0.316516
2 -0.512248 -1.7109 0.330741
3 -0.5667 -1.53671 0.327822
2 -0.606274 -1.3656 0.325259
2 -0.549803 -1.5583 0.331654
1 -0.598848 -1.44269 0.327575
2 -0.578968 -1.34219 0.336826
3 -0.548386 -1.60063 0.335
7 -0.738572 -1.03632 0.321781
1 -0.568497 -1.47395 0.334482
3 -0.691653 -0.976821 0.333789
4 -0.668016 -1.12837 0.328263
3 -0.680299 -1.10115 0.326408
1 -0.652425 -1.03945 0.331325
3 -0.627114 -1.16902 0.328744
2 -0.541761 -1.67372 0.326565
2 -0.629843 -1.43892 0.324632
3 -0.535503 -1.51755 0.339829
10 -0.558898 -1.42616 0.344182
1 -0.714539 -1.09991 0.322053
4 -0.681921 -1.24014 0.325022
2 -0.582594 -1.30682 0.335014
8 -0.586312 -1.48533 0.336508
2 -0.617582 -1.4352 0.331031
1 -0.578724 -1.36272 0.337795
1 -0.567517 -1.33272 0.33544
3 -0.633454 -1.1706 0.331045
2 -0.586564 -1.26557 0.333511
2 -0.481901 -1.64136 0.338267
1 -0.563007 -1.50621 0.327548
2 -0.465837 -1.6955 0.344563
4 -0.595508 -1.31108 0.331252
2 -0.657756 -1.00509 0.328343
1 -0.568562 -1.38617 0.329922
1 -0.600001 -1.28031 0.333214
7 -0.639482 -1.39239 0.322368
3 -0.643755 -1.36205 0.322484
1 -0.745753 -0.949371 0.314025
2 -0.913095 -0.341409 0.306012
2 -0.766765 -0.878754 0.314785
2 -0.894022 -0.282752 0.314509
4 -0.816649 -0.546728 0.319162
1 -0.807156 -0.593489 0.319324
1 -0.783414 -0.729148 0.318937
2 -0.677262 -1.08159 0.322278
8 -0.639456 -1.15991 0.326624
6 -0.575607 -1.43644 0.339504
1 -0.533388 -1.5648 0.341148
3 -0.516564 -1.56527 0.333153
2 -0.711218 -0.932824 0.322724
5 -0.742467 -0.864621 0.322457
4 -0.713807 -0.837771 0.325529
4 -0.711418 -0.849318 0.325804
2 -0.731098 -0.809028 0.324171
2 -0.688039 -0.93877 0.327305
3 -0.631217 -1.23954 0.324816
4 -0.556641 -1.56078 0.329352
2 -0.616348 -1.2146 0.334364
9 -0.726042 -0.805414 0.326207
10 -0.701721 -0.934933 0.330859
3 -0.682341 -0.956133 0.333769
6 -0.708857 -0.911519 0.327327
11 -0.711671 -1.01659 0.319677
3 -0.680382 -1.11679 0.32263
3 -0.637263 -1.2425 0.327679
4 -0.634393 -1.26591 0.327352
3 -0.609186 -1.36326 0.325243
1 -0.554679 -1.46206 0.331604
4 -0.676794 -1.18852 0.314449
3 -0.826877 -0.705214 0.312199
1 -0.657784 -1.08438 0.330082
6 -0.749048 -0.797041 0.312924
1 -0.643372 -1.1562 0.321923
1 -0.712854 -1.14916 0.316143
1 -0.514776 -1.85137 0.335773
2 -0.529861 -1.66375 0.331205
1 -0.57605 -1.38377 0.336797
3 -0.554518 -1.46787 0.339502
1 -0.639946 -1.02544 0.336044
1 -0.690734 -0.929048 0.331117
1 -0.777367 -0.726157 0.315071
1 -0.740819 -0.913296 0.318968
2 -0.787728 -0.860091 0.307112
1 -0.63283 -1.51261 0.319419
1 -0.626949 -1.53793 0.319956
2 -0.616013 -1.37069 0.327024
2 -0.783162 -0.799561 0.319938
3 -0.528163 -1.44618 0.34153
2 -0.554659 -1.34582 0.339692
5 -0.650152 -1.04311 0.33402
1 -0.641086 -1.05007 0.335769
2 -0.673182 -1.03871 0.32777
3 -0.664926 -1.04397 0.330993
6 -0.691399 -1.00064 0.328802
1 -0.742397 -0.767309 0.330044
2 -0.697285 -0.979984 0.329616
5 -0.734842 -0.849938 0.319732
8 -0.771172 -0.722811 0.319308
3 -0.751459 -0.769827 0.321787
1 -0.696023 -0.936707 0.328657
3 -0.665869 -0.970475 0.326888
3 -0.643689 -0.970534 0.330771
3 -0.625293 -1.01394 0.332924
4 -0.702845 -0.863497 0.322698
5 -0.712419 -0.852891 0.321524
4 -0.72736 -0.817411 0.320144
3 -0.693918 -0.905303 0.325335
2 -0.568698 -1.38597 0.334736
1 -0.571268 -1.39877 0.331743
8 -0.608353 -1.37475 0.324763
6 -0.692743 -0.884995 0.330479
2 -0.718258 -0.74071 0.33388
3 -0.70262 -0.683872 0.342353
2 -0.737524 -0.678604 0.336674
1 -0.742129 -0.742212 0.333751
3 -0.641031 -1.04152 0.344092
1 -0.596031 -1.11017 0.340668
3 -0.60484 -1.12673 0.337504
5 -0.566048 -1.27329 0.339618
2 -0.557072 -1.55121 0.332799
4 -0.478787 -1.73385 0.341406
1 -0.629156 -1.31406 0.327107
6 -0.674584 -1.03944 0.330436
2 -0.659513 -1.07816 0.328314
3 -0.666306 -1.06118 0.327369
3 -0.64626 -1.23131 0.321368
1 -0.403045 -1.84268 0.347502
4 -0.547712 -1.38506 0.341188
1 -0.629983 -1.1104 0.335739
3 -0.763954 -0.710737 0.323511
1 -0.853362 -0.563006 0.31543
1 -0.74363 -1.01775 0.318627
5 -0.715532 -1.04789 0.325976
1 -0.69152 -1.19232 0.321131
1 -0.645212 -1.22065 0.32058
5 -0.615126 -1.39095 0.325571
4 -0.714795 -1.02931 0.31878
3 -0.847725 -0.387473 0.310374
3 -0.714999 -0.702136 0.324304
1 -0.769463 -0.568577 0.320418
1 -0.748511 -0.645371 0.325
6 -0.607822 -1.07402 0.338931
2 -0.63224 -1.09646 0.33761
1 -0.653348 -1.12017 0.324249
1 -0.810131 -0.649968 0.31324
2 -0.681504 -0.916497 0.332196
4 -0.581123 -1.29582 0.332551
3 -0.637234 -1.07287 0.332523
2 -0.598785 -1.19282 0.336176
4 -0.545614 -1.37794 0.338031
1 -0.58149 -1.13342 0.343543
2 -0.585791 -1.26958 0.340703
2 -0.665216 -1.06502 0.333623
2 -0.72453 -0.876204 0.326396
1 -0.619281 -1.27506 0.325281
3 -0.635733 -1.39672 0.326663
1 -0.65943 -1.25259 0.32214
1 -0.714061 -1.02802 0.318379
8 -0.687876 -1.09753 0.324497
2 -0.781208 -0.673808 0.321652
5 -0.654546 -1.05388 0.332395
2 -0.673615 -0.857522 0.334819
4 -0.692258 -0.902743 0.329008
3 -0.731106 -0.810475 0.324541
4 -0.706694 -0.906355 0.327554
1 -0.608895 -1.40465 0.326571
2 -0.619983 -1.3415 0.324367
1 -0.41016 -2.24429 0.334491
4 -0.401072 -2.26504 0.332996
2 -0.444647 -2.1031 0.327017
1 -0.580549 -1.33294 0.329257
2 -0.600134 -1.2315 0.329599
6 -0.731799 -0.900663 0.323614
6 -0.671825 -1.1742 0.326239
1 -0.725861 -1.03479 0.317243
2 -0.705489 -0.897431 0.32926
1 -0.737689 -0.780072 0.327162
3 -0.719631 -0.84725 0.328467
2 -0.553596 -1.39014 0.338736
3 -0.760652 -0.692617 0.324138
1 -0.596776 -1.2906 0.335082
1 -0.599042 -1.24445 0.34218
1 -0.561353 -1.39953 0.335268
7 -0.615581 -1.20622 0.327968
1 -0.522974 -1.44005 0.33869
4 -0.541017 -1.37855 0.337311
1 -0.692977 -0.916091 0.332232
1 -0.835726 -0.381274 0.317557
2 -0.653297 -1.11722 0.327759
1 -0.637672 -1.13009 0.329262
4 -0.652082 -1.12463 0.324579
2 -0.588544 -1.4337 0.326628
1 -0.651659 -0.943601 0.337432
2 -0.698644 -0.932926 0.326167
4 -0.610953 -1.2238 0.333297
2 -0.665133 -1.05289 0.325934
3 -0.754908 -0.808535 0.319109
2 -0.718768 -1.00026 0.320643
1 -0.651019 -1.21652 0.325714
4 -0.816831 -0.730532 0.309088
2 -0.708413 -0.977114 0.319922
1 -0.624079 -1.09496 0.336119
1 -0.517779 -1.46282 0.342513
3 -0.529209 -1.35537 0.34303
2 -0.602318 -1.10485 0.336941
6 -0.533685 -1.52377 0.337636
2 -0.580766 -1.42476 0.334662
2 -0.681156 -1.1049 0.321658
1 -0.641061 -1.23322 0.321608
2 -0.747832 -0.765524 0.324371
1 -0.838271 -0.539729 0.316676
1 -0.815043 -0.771945 0.30946
2 -0.697961 -0.927036 0.322353
9 -0.622403 -1.16594 0.326
1 -0.697125 -0.94556 0.322074
5 -0.757479 -0.771161 0.313708
6 -0.674859 -1.03409 0.323834
3 -0.708028 -1.02725 0.315994
1 -0.760993 -0.981535 0.314293
1 -0.742818 -0.848824 0.319765
2 -0.684633 -1.09576 0.323031
1 -0.730128 -0.726927 0.330039
5 -0.646899 -1.01556 0.331519
8 -0.779113 -0.677226 0.315573
5 -0.784159 -0.72888 0.314434
5 -0.780049 -0.573966 0.319815
2 -0.74164 -0.676497 0.328261
6 -0.769475 -0.704523 0.314093
1 -0.757699 -0.997547 0.309808
4 -0.635251 -1.37226 0.318268
1 -0.585886 -1.47332 0.328703
2 -0.554382 -1.45408 0.333616
3 -0.531319 -1.82911 0.324698
2 -0.752328 -0.835253 0.322018
1 -0.672708 -0.938637 0.331091
13 -0.690796 -0.930767 0.328461
5 -0.729387 -0.877818 0.321528
1 -0.513204 -1.52718 0.345345
2 -0.490709 -1.71921 0.34252
1 -0.419468 -1.76531 0.347233
1 -0.404591 -2.03402 0.340232
2 -0.473745 -1.86091 0.337673
2 -0.686879 -1.12493 0.320655
3 -0.764745 -0.789669 0.31998
3 -0.765408 -0.805061 0.319783
2 -0.776109 -0.798588 0.312984
1 -0.645958 -1.27648 0.317402
1 -0.633029 -1.18571 0.326088
2 -0.605829 -1.24909 0.333716
1 -0.752443 -0.873367 0.319544
2 -0.506542 -1.61781 0.342015
7 -0.526153 -1.67151 0.336419
3 -0.475077 -1.76988 0.344442
4 -0.498703 -1.77086 0.335702
4 -0.747725 -0.855954 0.315749
4 -0.747105 -0.883094 0.315687
2 -0.760448 -0.832663 0.323457
2 -0.649254 -1.10482 0.334492
4 -0.606124 -1.13677 0.335467
1 -0.581766 -1.16156 0.339852
2 -0.706406 -0.744712 0.327886
2 -0.721597 -0.757983 0.326747
1 -0.736884 -0.710457 0.325236
1 -0.694056 -0.889505 0.327917
4 -0.714605 -0.91604 0.324137
1 -0.630273 -1.1856 0.33461
1 -0.558211 -1.33819 0.339277
1 -0.647266 -0.953364 0.333924
4 -0.710125 -0.902384 0.330286
2 -0.694496 -0.905576 0.32662
3 -0.558864 -1.30956 0.340677
1 -0.559644 -1.30674 0.340646
1 -0.545893 -1.35232 0.345072
5 -0.427019 -1.5884 0.356164
2 -0.511277 -1.39777 0.350828
5 -0.616554 -1.04806 0.342069
2 -0.565049 -1.35441 0.342824
2 -0.605362 -1.28622 0.33568
2 -0.807257 -0.753457 0.316811
1 -0.847039 -0.629323 0.315114
3 -0.828808 -0.607353 0.314916
4 -0.621731 -1.19359 0.329176
1 -0.633294 -1.17539 0.328913
1 -0.517721 -1.548 0.34073
2 -0.616697 -1.21574 0.331175
1 -0.698047 -0.948715 0.324959
6 -0.75474 -0.657038 0.324355
7 -0.789307 -0.690645 0.319297
1 -0.706762 -1.01867 0.315856
2 -0.726957 -0.955999 0.314217
3 -0.704715 -0.730126 0.332458
6 -0.688353 -1.00158 0.324496
5 -0.686325 -0.992257 0.324541
3 -0.702612 -0.969888 0.327606
2 -0.654739 -1.06209 0.332688
8 -0.642008 -1.10642 0.336945
5 -0.680839 -1.01241 0.334158
5 -0.638932 -1.19204 0.330643
2 -0.551916 -1.55808 0.339567
11 -0.624608 -1.30155 0.325741
6 -0.707747 -0.934096 0.323461
5 -0.7239 -0.881375 0.322653
2 -0.601462 -1.18927 0.340981
13 -0.649666 -1.14877 0.331003
1 -0.661562 -1.11188 0.32602
1 -0.652319 -1.23854 0.321934
2 -0.554842 -1.41308 0.334235
7 -0.547712 -1.40442 0.336285
10 -0.578819 -1.24899 0.335291
1 -0.654782 -1.02141 0.331681
1 -0.575951 -1.33031 0.336608
1 -0.752251 -0.878691 0.322385
4 -0.676176 -1.09429 0.330072
1 -0.633079 -1.13428 0.331239
1 -0.590382 -1.18536 0.336704
3 -0.687923 -1.08481 0.327746
9 -0.645906 -1.17845 0.33185
3 -0.523135 -1.50639 0.34444
1 -0.576218 -1.43978 0.338974
1 -0.464952 -1.48849 0.349552
4 -0.623863 -1.21478 0.327212
9 -0.732639 -0.971208 0.320221
1 -0.719593 -0.787638 0.325216
2 -0.714275 -0.869939 0.323522
3 -0.659767 -0.847423 0.33797
3 -0.597357 -1.13277 0.345368
1 -0.772504 -0.82526 0.316438
2 -0.773392 -0.858044 0.315973
1 -0.784252 -0.801468 0.31592
2 -0.789548 -0.656689 0.31841
1 -0.776627 -0.769835 0.317552
6 -0.8513 -0.565313 0.30934
5 -0.721981 -0.924988 0.320982
2 -0.678936 -1.22311 0.319587
4 -0.712501 -1.06744 0.313425
4 -0.742352 -0.82977 0.316311
3 -0.813601 -0.66955 0.311662
2 -0.758219 -0.801588 0.31746
6 -0.7424 -0.914913 0.319351
1 -0.753289 -0.893281 0.315645
3 -0.728658 -0.906495 0.321551
3 -0.709445 -0.943732 0.329706
15 -0.620397 -1.11156 0.337412
1 -0.694857 -0.76057 0.33285
1 -0.807715 -0.616504 0.312339
4 -0.67588 -1.10133 0.320774
2 -0.749034 -0.871479 0.320156
3 -0.635594 -1.05558 0.332496
2 -0.598057 -1.3208 0.334105
1 -0.527764 -1.49304 0.33774
2 -0.7888 -0.694986 0.321931
3 -0.856601 -0.55829 0.313221
1 -0.94636 -0.0825566 0.310849
1 -0.853159 -0.513389 0.314924
4 -0.727372 -1.01109 0.323337
2 -0.697396 -1.20949 0.318187
2 -0.740984 -0.809399 0.328482
4 -0.75793 -0.725974 0.32817
3 -0.653243 -1.02653 0.330628
2 -0.656416 -1.04202 0.334777
3 -0.654378 -0.937609 0.339704
1 -0.726414 -0.802166 0.3267
2 -0.716658 -1.04857 0.32437
4 -0.731651 -1.08788 0.316914
2 -0.646261 -1.21434 0.3313
2 -0.715447 -0.903094 0.325596
6 -0.722811 -0.930117 0.326259
1 -0.743618 -0.804119 0.324894
2 -0.777428 -0.730783 0.320546
10 -0.646963 -1.12634 0.329668
1 -0.639521 -1.07016 0.328428
3 -0.709622 -1.0012 0.31612
1 -0.687202 -1.10147 0.322634
2 -0.740994 -1.00814 0.317019
3 -0.599439 -1.42565 0.328309
2 -0.662104 -1.08703 0.326682
5 -0.544389 -1.50496 0.337573
1 -0.75741 -0.77834 0.323566
1 -0.617587 -1.40548 0.326856
2 -0.674888 -1.1333 0.323833
11 -0.815022 -0.656126 0.31553
1 -0.790827 -0.830756 0.314451
2 -0.616976 -1.14519 0.334059
2 -0.614185 -1.3624 0.325003
2 -0.631148 -1.29204 0.327555
2 -0.762417 -0.6613 0.323974
3 -0.780577 -0.643993 0.319862
5 -0.63395 -1.0966 0.333767
2 -0.656077 -1.10863 0.322662
1 -0.641745 -1.09977 0.3319
2 -0.612048 -0.999477 0.339173
2 -0.608987 -1.08615 0.335708
4 -0.667546 -0.94887 0.331506
1 -0.665866 -0.943707 0.333681
1 -0.572788 -1.26594 0.341344
2 -0.534501 -1.47615 0.337832
2 -0.634035 -1.16569 0.330743
4 -0.694682 -1.11903 0.32306
2 -0.655793 -1.17035 0.324438
5 -0.677696 -1.09806 0.32307
4 -0.630266 -1.11759 0.330267
1 -0.600903 -1.09403 0.34027
8 -0.580258 -1.29137 0.338368
5 -0.650653 -1.03079 0.33055
1 -0.621704 -1.08406 0.334185
3 -0.726973 -0.760425 0.328865
3 -0.691258 -0.840384 0.332515
3 -0.660727 -1.02956 0.330594
2 -0.61703 -1.1411 0.339264
1 -0.719387 -0.822629 0.329645
9 -0.777817 -0.835597 0.314801
1 -0.680368 -1.06513 0.32027
3 -0.723954 -0.867655 0.321466
8 -0.671979 -1.14531 0.323971
3 -0.619188 -1.26199 0.325056
3 -0.564146 -1.34161 0.335474
1 -0.581938 -1.3592 0.336982
2 -0.553787 -1.43235 0.339511
4 -0.765867 -0.756201 0.320724
1 -0.575669 -1.18809 0.33294
1 -0.690215 -0.851841 0.324855
3 -0.620284 -1.30747 0.328283
1 -0.584726 -1.49695 0.327931
1 -0.597047 -1.42274 0.33088
7 -0.592537 -1.44797 0.329882
1 -0.533799 -1.61522 0.332995
2 -0.676167 -1.20012 0.324609
2 -0.70753 -1.13188 0.319047
3 -0.653971 -1.32421 0.32203
1 -0.603397 -1.13568 0.335464
3 -0.629436 -0.99019 0.332077
2 -0.708876 -0.699652 0.328618
1 -0.743688 -0.858761 0.315067
1 -0.735385 -0.829345 0.323923
2 -0.675063 -1.11767 0.326549
2 -0.82129 -0.66022 0.312986
2 -0.786727 -0.664718 0.32413
2 -0.698708 -0.97984 0.323893
2 -0.699582 -1.12041 0.321594
6 -0.693702 -1.08685 0.319488
4 -0.678797 -1.00559 0.327587
1 -0.530568 -1.49766 0.339284
9 -0.642609 -1.40672 0.321923
2 -0.539263 -1.39085 0.33737
3 -0.65271 -1.06316 0.331985
3 -0.64716 -1.13652 0.326047
2 -0.608472 -1.26828 0.333142
1 -0.633698 -1.23245 0.324679
1 -0.64969 -1.16343 0.323771
1 -0.639368 -1.07665 0.329842
3 -0.644916 -0.99377 0.337981
1 -0.567127 -1.26551 0.333558
1 -0.694548 -0.940778 0.316689
2 -0.69619 -0.907143 0.320485
1 -0.821883 -0.395749 0.318635
1 -0.723626 -0.722362 0.32704
1 -0.49367 -1.536 0.347125
1 -0.530093 -1.39283 0.342934
1 -0.670234 -1.00704 0.330141
1 -0.674059 -1.10057 0.323672
2 -0.718135 -0.930861 0.325668
1 -0.758395 -0.901855 0.326875
2 -0.758346 -0.803965 0.326722
1 -0.770958 -0.977297 0.319326
1 -0.689919 -1.13524 0.329455
1 -0.71206 -1.00539 0.32321
2 -0.632327 -1.30598 0.322849
5 -0.601311 -1.33361 0.330629
4 -0.632402 -1.30014 0.324336
1 -0.648707 -0.985268 0.328985
1 -0.743841 -0.735253 0.320802
1 -0.662061 -0.943667 0.335395
5 -0.637138 -1.264 0.325427
2 -0.668697 -1.07004 0.330356
3 -0.602436 -1.16362 0.335012
5 -0.699591 -1.02174 0.322548
2 -0.832859 -0.626927 0.30824
1 -0.692432 -0.986472 0.325652
2 -0.588159 -1.30807 0.33588
5 -0.58293 -1.29019 0.335288
1 -0.664067 -1.0187 0.328575
1 -0.674948 -1.13457 0.321465
1 -0.853938 -0.70058 0.30615
1 -0.737116 -0.802008 0.319577
1 -0.7338 -0.89486 0.319674
1 -0.771436 -0.758656 0.320229
1 -0.628943 -1.05939 0.335675
4 -0.58619 -1.37435 0.327959
2 -0.549058 -1.56693 0.327607
2 -0.667942 -1.14092 0.319069
1 -0.766174 -0.801802 0.311929
1 -0.69341 -1.16933 0.312772
7 -0.706659 -0.875617 0.330944
1 -0.52786 -1.51526 0.345708
1 -0.636023 -1.26118 0.325872
4 -0.680214 -1.03748 0.327054
2 -0.61411 -1.37186 0.327076
1 -0.550417 -1.55247 0.3328
1 -0.527913 -1.63426 0.338013
2 -0.525512 -1.59574 0.339019
2 -0.560273 -1.44182 0.335487
4 -0.489877 -1.38505 0.355912
1 -0.489636 -1.43854 0.352029
1 -0.598742 -1.17132 0.335702
3 -0.739956 -0.85822 0.318587
1 -0.606428 -1.2544 0.337084
2 -0.631474 -1.21722 0.329819
2 -0.680767 -1.18936 0.323164
1 -0.673623 -1.18577 0.316674
6 -0.704082 -0.999152 0.327438
3 -0.723162 -0.92972 0.32607
1 -0.586536 -1.41587 0.329073
5 -0.532192 -1.40056 0.339276
3 -0.495432 -1.50355 0.342419
1 -0.63494 -1.19454 0.331421
1 -0.660161 -1.19065 0.327863
1 -0.653055 -1.1724 0.333288
5 -0.673541 -1.15714 0.328478
1 -0.73304 -0.963575 0.321449
3 -0.735877 -0.930805 0.322369
8 -0.578194 -1.3334 0.338809
1 -0.665247 -1.0478 0.329749
7 -0.624535 -1.25762 0.334068
1 -0.72105 -0.836945 0.326139
1 -0.719868 -0.926407 0.321953
3 -0.568202 -1.40046 0.335186
5 -0.592282 -1.14899 0.338972
2 -0.771077 -0.590115 0.323984
4 -0.756263 -0.80293 0.316012
1 -0.78105 -0.709365 0.313997
2 -0.662906 -1.16665 0.316737
2 -0.562657 -1.4799 0.327085
2 -0.756432 -0.991493 0.309088
1 -0.804565 -0.739064 0.307774
1 -0.799079 -0.747509 0.311612
5 -0.64349 -1.18352 0.318477
5 -0.699948 -1.23283 0.313918
1 -0.624991 -1.12553 0.332338
1 -0.616481 -1.14791 0.331674
2 -0.755763 -0.868134 0.316241
3 -0.700047 -0.985444 0.320893
1 -0.699332 -0.892097 0.324462
2 -0.612785 -1.2896 0.333222
2 -0.374832 -2.14866 0.347414
2 -0.436336 -1.699 0.35437
4 -0.728855 -0.730502 0.333044
3 -0.788573 -0.59037 0.326719
1 -0.705331 -0.97254 0.328145
4 -0.722121 -1.01969 0.317374
2 -0.730477 -0.983576 0.325823
3 -0.658309 -0.99771 0.330884
1 -0.571795 -1.25922 0.339686
2 -0.544663 -1.34121 0.343271
1 -0.479425 -1.63757 0.34352
1 -0.598763 -1.27905 0.331843
4 -0.717739 -0.785029 0.324589
2 -0.728324 -0.688167 0.325288
3 -0.740284 -0.66731 0.324189
2 -0.764992 -0.570798 0.325226
2 -0.609634 -1.19294 0.328119
3 -0.553733 -1.43604 0.337645
7 -0.733239 -0.926765 0.320679
1 -0.701866 -1.02277 0.328407
6 -0.672455 -1.12454 0.323384
3 -0.562781 -1.51341 0.332642
4 -0.535522 -1.57392 0.335271
3 -0.547797 -1.4093 0.34146
4 -0.526746 -1.46016 0.34299
1 -0.52118 -1.46025 0.340529
6 -0.764224 -0.729983 0.320178
4 -0.677122 -0.890984 0.334537
2 -0.575358 -1.22776 0.337866
1 -0.695251 -1.05099 0.321416
4 -0.638246 -1.19107 0.328626
2 -0.696662 -1.02092 0.321775
3 -0.71001 -0.955948 0.3216
1 -0.686713 -1.02941 0.323175
1 -0.570212 -1.37431 0.33127
5 -0.514657 -1.53107 0.338999
5 -0.488707 -1.71603 0.340249
5 -0.660764 -1.11912 0.32544
1 -0.703551 -0.827961 0.327387
3 -0.694284 -0.874673 0.326638
2 -0.680845 -0.921899 0.328574
1 -0.685882 -1.04167 0.324164
1 -0.740337 -0.763593 0.322051
1 -0.560848 -1.37828 0.335093
3 -0.542402 -1.38791 0.333624
9 -0.551566 -1.30374 0.334426
2 -0.575681 -1.24056 0.333212
1 -0.470191 -1.50606 0.351431
2 -0.622217 -0.939891 0.341759
1 -0.586946 -1.12905 0.340456
2 -0.738039 -0.856873 0.320425
4 -0.755117 -0.821464 0.319887
1 -0.774133 -0.737851 0.317842
3 -0.584309 -1.23981 0.334003
6 -0.608245 -1.20325 0.334409
1 -0.51474 -1.48549 0.342319
1 -0.621302 -1.27263 0.333976
1 -0.598414 -1.35418 0.332065
1 -0.599113 -1.4059 0.330219
2 -0.5925 -1.35875 0.330779
12 -0.560067 -1.46318 0.329378
5 -0.534102 -1.57103 0.336492
1 -0.564663 -1.47032 0.333206
2 -0.786609 -0.922058 0.313666
1 -0.714953 -1.08148 0.320379
3 -0.695356 -1.17216 0.322436
5 -0.620726 -1.33708 0.329279
1 -0.632007 -1.25584 0.331675
1 -0.598334 -1.4267 0.326952
4 -0.680921 -1.13007 0.320222
2 -0.687216 -0.996806 0.320251
1 -0.644846 -1.19541 0.331285
1 -0.507795 -1.59033 0.341883
8 -0.549754 -1.33417 0.339584
9 -0.484628 -1.57221 0.344947
2 -0.573833 -1.19707 0.342571
4 -0.577388 -1.38773 0.335721
1 -0.624433 -1.16953 0.339328
2 -0.769178 -0.744766 0.318723
1 -0.773673 -0.829047 0.3145
1 -0.773925 -0.818654 0.314465
1 -0.795987 -0.735041 0.318692
1 -0.760409 -0.955517 0.314856
1 -0.659501 -1.1796 0.328389
1 -0.635324 -1.23876 0.33101
5 -0.666975 -1.15753 0.326848
6 -0.692385 -0.986494 0.329121
2 -0.615819 -1.07998 0.338489
1 -0.72932 -0.868427 0.325283
1 -0.540038 -1.48391 0.338064
1 -0.652594 -1.16202 0.325482
7 -0.735972 -0.895542 0.321945
12 -0.598699 -1.33162 0.331435
2 -0.574267 -1.37002 0.335664
3 -0.635386 -1.22325 0.328525
1 -0.613292 -1.34306 0.327694
1 -0.571266 -1.46035 0.330951
4 -0.50266 -1.64922 0.337236
3 -0.770803 -0.861736 0.312726
1 -0.788605 -0.977537 0.309836
3 -0.705037 -1.07539 0.326837
4 -0.698266 -0.945385 0.327366
9 -0.798527 -0.703396 0.318411
1 -0.766127 -0.867104 0.317899
1 -0.726481 -0.977131 0.319157
1 -0.757896 -0.860382 0.315665
3 -0.628107 -1.26295 0.320049
3 -0.558928 -1.29959 0.335663
1 -0.616687 -1.29644 0.324314
1 -0.530975 -1.52749 0.336035
1 -0.567636 -1.73332 0.324785
5 -0.569347 -1.39776 0.341262
6 -0.769216 -0.652122 0.329162
1 -0.655238 -1.05195 0.335008
1 -0.751916 -0.950101 0.320592
3 -0.724779 -1.0723 0.317767
8 -0.762111 -0.728129 0.323784
3 -0.656868 -0.895768 0.336268
2 -0.673072 -1.0017 0.323472
8 -0.60173 -1.32549 0.3337
3 -0.602705 -1.12883 0.340175
1 -0.690861 -0.977207 0.320314
2 -0.807976 -0.695798 0.309528
1 -0.6683 -1.0461 0.323079
1 -0.549948 -1.26938 0.34349
1 -0.534121 -1.4327 0.345173
9 -0.568651 -1.48451 0.332653
2 -0.588254 -1.32951 0.336084
2 -0.637529 -1.14684 0.336995
1 -0.687927 -0.948074 0.32708
1 -0.56993 -1.45882 0.339078
1 -0.570024 -1.46961 0.338043
1 -0.487651 -1.75846 0.346633
2 -0.579388 -1.3937 0.333837
1 -0.586951 -1.34695 0.335916
5 -0.682677 -1.09026 0.329334
2 -0.622807 -1.13045 0.340652
5 -0.699961 -0.949796 0.326114
1 -0.617559 -1.19793 0.334875
1 -0.818865 -0.502044 0.321427
6 -0.677408 -1.05951 0.325609
6 -0.690646 -0.895648 0.329038
1 -0.657791 -0.994448 0.331535
2 -0.614382 -1.36328 0.331947
5 -0.679002 -1.22408 0.324087
1 -0.693482 -1.03673 0.327084
3 -0.581044 -1.38111 0.331341
1 -0.644622 -1.04461 0.334081
4 -0.639019 -1.17919 0.329621
1 -0.693008 -1.06888 0.32689
1 -0.787432 -0.77513 0.318349
2 -0.641118 -1.23243 0.325385
1 -0.648159 -1.1985 0.323936
2 -0.667766 -1.20311 0.318944
6 -0.74223 -0.954084 0.318496
2 -0.784554 -0.702727 0.315538
3 -0.796243 -0.692332 0.313835
4 -0.707539 -0.95431 0.323979
1 -0.655213 -1.10175 0.333086
3 -0.788204 -0.636877 0.323847
1 -0.673761 -1.01112 0.33071
2 -0.64368 -1.04515 0.333412
1 -0.646637 -1.13362 0.331667
8 -0.624053 -1.10631 0.331123
2 -0.70281 -0.84325 0.331235
4 -0.735793 -0.836125 0.325522
5 -0.65479 -1.03164 0.331369
2 -0.580934 -1.38351 0.332014
5 -0.453507 -1.77346 0.347626
2 -0.503187 -1.5756 0.347531
3 -0.542711 -1.47853 0.338546
3 -0.629078 -1.21554 0.328041
1 -0.815095 -0.698593 0.316132
1 -0.679757 -1.04353 0.316156
1 -0.691844 -1.1149 0.315381
4 -0.788698 -0.59579 0.317457
4 -0.604333 -1.27553 0.333865
2 -0.619939 -1.18778 0.33155
2 -0.674808 -0.990274 0.332608
2 -0.657494 -0.997418 0.334482
2 -0.655747 -1.05023 0.33468
1 -0.689141 -0.966425 0.326932
2 -0.742656 -0.93448 0.316345
7 -0.743256 -0.765588 0.319072
1 -0.645117 -1.2346 0.32778
1 -0.618612 -1.26908 0.33133
4 -0.671643 -1.02783 0.327298
3 -0.766591 -0.681611 0.319396
4 -0.726974 -0.886015 0.319741
1 -0.680443 -1.11791 0.322312
8 -0.616868 -1.1937 0.327566
2 -0.547946 -1.43639 0.332312
1 -0.565354 -1.30461 0.337336
4 -0.680505 -0.888036 0.332404
7 -0.528068 -1.44571 0.337923
5 -0.534558 -1.35707 0.338417
3 -0.524439 -1.34629 0.341059
2 -0.668463 -0.90602 0.335978
4 -0.627405 -1.0207 0.339898
7 -0.609964 -1.11093 0.336598
1 -0.570531 -1.23226 0.337353
2 -0.533643 -1.60134 0.334823
4 -0.479273 -1.67485 0.341284
5 -0.610878 -1.27145 0.328191
1 -0.61211 -1.30837 0.327797
1 -0.77281 -0.793269 0.313965
2 -0.611318 -1.25011 0.329127
1 -0.658748 -0.992599 0.332029
5 -0.802887 -0.665848 0.319672
2 -0.871912 -0.498121 0.311112
3 -0.829526 -0.621013 0.313878
2 -0.78944 -0.730997 0.316031
3 -0.733076 -0.762808 0.324058
3 -0.691181 -0.880477 0.32933
4 -0.633185 -1.13845 0.335294
1 -0.664417 -1.11002 0.328099
2 -0.664221 -1.18824 0.326328
6 -0.730468 -0.929969 0.320734
1 -0.665576 -1.16945 0.333243
2 -0.653839 -1.23349 0.32715
2 -0.640988 -1.15279 0.332522
5 -0.679211 -1.02955 0.331824
1 -0.58864 -1.4366 0.334468
5 -0.617768 -1.39403 0.330305
2 -0.670303 -1.20905 0.327364
3 -0.560845 -1.48074 0.337154
1 -0.653208 -1.14741 0.33743
2 -0.486705 -1.63539 0.343028
1 -0.535865 -1.46128 0.34151
1 -0.644164 -1.09399 0.335402
2 -0.633997 -1.05098 0.327543
6 -0.663703 -0.877659 0.327473
1 -0.772764 -0.52902 0.323742
3 -0.57852 -1.27569 0.33582
5 -0.551505 -1.3695 0.342542
2 -0.682381 -0.876605 0.328719
4 -0.657666 -0.987329 0.331854
4 -0.602289 -1.06764 0.337555
2 -0.674273 -0.835639 0.338035
8 -0.717753 -1.13442 0.312924
2 -0.474833 -1.82516 0.339641
1 -0.471635 -1.69024 0.345236
3 -0.548866 -1.52817 0.340228
1 -0.573386 -1.44686 0.334793
3 -0.748939 -0.703797 0.325277
3 -0.600397 -1.17398 0.342993
4 -0.643464 -1.34564 0.31988
2 -0.509635 -1.48861 0.337208
6 -0.6241 -1.21697 0.317653
2 -0.859646 -0.433627 0.308381
1 -0.85708 -0.482296 0.308134
2 -0.794304 -0.748184 0.311408
1 -0.78646 -0.77734 0.316659
2 -0.738713 -0.928394 0.323045
1 -0.746927 -0.901421 0.322251
7 -0.730218 -0.946278 0.323623
1 -0.794777 -0.79535 0.3138
1 -0.64244 -1.25812 0.322594
5 -0.593701 -1.347 0.331708
2 -0.734566 -1.02173 0.318549
10 -0.674087 -1.15273 0.332258
2 -0.535417 -1.48009 0.33946
6 -0.591698 -1.40723 0.332975
4 -0.656202 -1.22746 0.329691
2 -0.647563 -1.34369 0.32435
10 -0.663408 -1.07273 0.331628
12 -0.623368 -1.19579 0.335794
3 -0.697064 -0.930014 0.334425
2 -0.692918 -0.936256 0.332431
7 -0.69934 -0.99696 0.328915
2 -0.708037 -0.992217 0.326951
8 -0.727027 -0.815837 0.328781
2 -0.648349 -1.18352 0.330885
1 -0.549816 -1.36037 0.337413
1 -0.630642 -1.12238 0.331992
2 -0.711644 -0.927229 0.321902
6 -0.769586 -0.749885 0.323247
1 -0.705875 -1.02495 0.324315
6 -0.645253 -1.29091 0.32597
1 -0.673172 -1.06149 0.330574
4 -0.622752 -1.19836 0.331554
2 -0.616951 -1.24328 0.330521
5 -0.645459 -1.22794 0.325769
7 -0.679678 -1.01049 0.327636
2 -0.65892 -1.28584 0.326394
1 -0.708662 -0.980917 0.325835
9 -0.747472 -0.872891 0.318992
2 -0.511416 -1.55692 0.33983
4 -0.58467 -1.54782 0.330649
1 -0.55067 -1.66669 0.33409
1 -0.636337 -1.09158 0.334022
7 -0.63072 -1.16029 0.325986
2 -0.707042 -0.994812 0.318464
2 -0.705689 -1.0292 0.319854
9 -0.628988 -1.31016 0.326767
2 -0.616748 -1.24336 0.335381
2 -0.554345 -1.47292 0.342583
4 -0.674901 -0.970358 0.328804
7 -0.727641 -0.785295 0.32423
1 -0.763826 -0.644958 0.322167
2 -0.770937 -0.638759 0.323342
1 -0.802662 -0.616569 0.315755
1 -0.729108 -0.904408 0.322706
2 -0.690559 -1.04502 0.325314
1 -0.683357 -1.0217 0.32852
1 -0.653277 -1.05274 0.329914
3 -0.717448 -0.852 0.322079
3 -0.643865 -1.09872 0.326415
1 -0.506519 -1.57206 0.345707
4 -0.507978 -1.42984 0.349383
1 -0.695895 -0.855957 0.334446
6 -0.767348 -0.801637 0.319426
2 -0.621699 -1.19677 0.328284
4 -0.633481 -0.987126 0.335633
1 -0.619138 -1.27958 0.330586
1 -0.610888 -1.19187 0.333444
1 -0.625072 -1.1176 0.329587
1 -0.669631 -0.940022 0.32633
10 -0.586558 -1.28653 0.334222
1 -0.672884 -1.06902 0.322911
2 -0.518408 -1.47534 0.338459
4 -0.586891 -1.39327 0.332789
3 -0.552628 -1.6048 0.335645
2 -0.578009 -1.47906 0.337282
6 -0.5885 -1.44387 0.335881
3 -0.661318 -1.20461 0.322257
1 -0.700641 -1.09131 0.318618
2 -0.503278 -1.56559 0.332778
1 -0.685389 -0.779367 0.330735
3 -0.686296 -1.08141 0.323807
1 -0.630925 -1.18868 0.332412
1 -0.551014 -1.45476 0.33679
1 -0.736293 -0.840362 0.322052
1 -0.555912 -1.5405 0.331896
4 -0.654389 -1.0911 0.329668
3 -0.661802 -1.0757 0.329226
4 -0.719113 -0.92544 0.321917
7 -0.619737 -1.14939 0.333766
2 -0.630317 -1.14547 0.333685
2 -0.638469 -1.04965 0.337533
5 -0.729539 -0.819228 0.322979
1 -0.715737 -0.819971 0.330705
4 -0.677836 -1.06123 0.327467
1 -0.762927 -0.817651 0.312196
1 -0.740187 -0.888356 0.313061
10 -0.693973 -0.941077 0.321038
3 -0.580349 -1.37651 0.336661
3 -0.700293 -1.22197 0.322226
5 -0.55596 -1.49499 0.343679
1 -0.704631 -0.992213 0.327217
3 -0.603517 -1.21194 0.33087
3 -0.620903 -1.12802 0.326049
2 -0.583437 -1.31934 0.334386
3 -0.611768 -1.06234 0.33823
1 -0.575314 -1.27045 0.333465
2 -0.699445 -1.05056 0.317246
4 -0.7472 -0.733631 0.325958
2 -0.768345 -0.695749 0.323905
8 -0.636323 -1.0636 0.337554
2 -0.699975 -1.04286 0.326288
2 -0.678162 -1.14514 0.325569
3 -0.736769 -0.832728 0.324361
5 -0.677923 -0.912935 0.330664
3 -0.738878 -0.934387 0.319518
1 -0.752722 -0.780412 0.323281
1 -0.580643 -1.36318 0.340731
1 -0.576164 -1.32121 0.337775
1 -0.571395 -1.23898 0.342645
3 -0.594874 -1.19471 0.331441
1 -0.675992 -1.09212 0.323288
1 -0.69773 -1.17687 0.314163
2 -0.624957 -1.22367 0.325187
2 -0.637499 -1.27065 0.329687
4 -0.710394 -1.00851 0.32582
2 -0.637685 -1.2766 0.328235
4 -0.626957 -1.24044 0.340061
4 -0.620584 -1.28778 0.333487
5 -0.643798 -1.12528 0.334949
1 -0.760717 -0.561022 0.326636
3 -0.754854 -0.547289 0.329152
5 -0.770649 -0.512977 0.326316
2 -0.663453 -1.02925 0.331341
10 -0.656535 -1.15524 0.330347
1 -0.784695 -0.767067 0.3127
6 -0.760314 -0.731607 0.324434
1 -0.752025 -0.783251 0.328064
1 -0.624403 -1.29385 0.329074
5 -0.600315 -1.3842 0.329928
3 -0.797248 -0.68352 0.318766
9 -0.686245 -1.08233 0.321788
1 -0.702413 -1.04968 0.323763
5 -0.685119 -1.08612 0.326795
3 -0.748753 -0.818238 0.321644
4 -0.643909 -0.983126 0.338916
3 -0.667823 -0.931977 0.335343
2 -0.776411 -0.679005 0.321017
4 -0.56989 -1.5237 0.333155
3 -0.731118 -1.18099 0.317443
3 -0.74254 -0.892018 0.323244
3 -0.725374 -0.895017 0.328377
1 -0.881192 -0.386207 0.312428
1 -0.805858 -0.654908 0.317795
1 -0.585389 -1.21683 0.337732
2 -0.624486 -1.08115 0.331101
5 -0.733992 -0.800108 0.321523
3 -0.671063 -0.98442 0.327447
1 -0.753944 -0.696973 0.32272
4 -0.624269 -1.23278 0.333065
1 -0.597065 -1.25383 0.336507
5 -0.801732 -0.67543 0.312964
1 -0.786944 -0.625125 0.317488
4 -0.758993 -0.611572 0.324215
1 -0.693726 -0.819619 0.331285
4 -0.702497 -0.924024 0.321193
3 -0.627061 -1.4266 0.322476
2 -0.680989 -1.19656 0.313942
2 -0.649203 -1.27043 0.321479
1 -0.827124 -0.454966 0.315395
1 -0.571866 -1.23832 0.340055
1 -0.80269 -0.552517 0.320327
9 -0.823546 -0.30932 0.322137
1 -0.781499 -0.719967 0.31901
3 -0.734384 -0.763192 0.331445
2 -0.715002 -0.828914 0.335934
1 -0.624011 -1.1375 0.338091
5 -0.644764 -0.982268 0.336809
8 -0.643507 -0.948253 0.33794
2 -0.59101 -1.2319 0.334043
1 -0.689956 -0.999216 0.326212
1 -0.696595 -0.985179 0.325744
3 -0.618003 -1.34598 0.332488
2 -0.604184 -1.20805 0.343052
10 -0.776131 -0.558937 0.32847
3 -0.643631 -1.12789 0.33614
2 -0.662227 -1.03505 0.329669
1 -0.738435 -0.848525 0.325277
1 -0.790763 -0.778857 0.315912
1 -0.603195 -1.30416 0.335231
1 -0.545453 -1.49483 0.339931
3 -0.601619 -1.23754 0.333036
1 -0.621686 -1.12223 0.334939
5 -0.638721 -1.05077 0.33325
5 -0.653336 -1.24481 0.325917
1 -0.660811 -1.25456 0.322752
3 -0.78214 -0.706868 0.319204
5 -0.647897 -1.34244 0.314199
3 -0.56168 -1.50912 0.329162
2 -0.590792 -1.21804 0.334352
4 -0.670823 -0.911625 0.326618
2 -0.553101 -1.42816 0.331329
5 -0.510873 -1.57781 0.336646
1 -0.535633 -1.36144 0.345167
1 -0.531066 -1.64549 0.327437
2 -0.646236 -1.29449 0.32481
5 -0.712621 -0.857433 0.329421
2 -0.684352 -0.968508 0.328228
2 -0.801653 -0.650767 0.32064
3 -0.57818 -1.33693 0.335096
8 -0.658446 -0.999694 0.333561
4 -0.717846 -0.827835 0.333339
3 -0.651168 -1.24143 0.327953
2 -0.771433 -0.831043 0.314068
1 -0.582034 -1.28573 0.331482
1 -0.732427 -0.935162 0.319656
3 -0.715228 -0.978591 0.323971
1 -0.738635 -0.791556 0.322309
1 -0.578528 -1.36876 0.33275
1 -0.589239 -1.27824 0.331589
1 -0.558187 -1.27154 0.337311
4 -0.637313 -1.21948 0.321201
6 -0.737757 -0.904664 0.315475
1 -0.77166 -0.862933 0.309402
1 -0.80496 -0.641249 0.311702
5 -0.714399 -0.947338 0.32007
3 -0.749061 -0.711386 0.323076
4 -0.642111 -1.11584 0.331057
1 -0.627516 -1.27462 0.325601
8 -0.602202 -1.20322 0.339185
2 -0.700827 -1.01564 0.328512
3 -0.735119 -0.776875 0.326085
2 -0.743746 -0.700052 0.326907
1 -0.730479 -0.803428 0.327604
2 -0.704975 -0.966894 0.326785
3 -0.67833 -1.30161 0.317716
3 -0.589447 -1.51971 0.329721
1 -0.665667 -1.17652 0.328502
1 -0.681512 -1.20108 0.32097
4 -0.597161 -1.25946 0.335787
2 -0.649247 -1.19824 0.322446
2 -0.670127 -1.05118 0.33431
2 -0.683529 -0.961611 0.334089
1 -0.679091 -0.916078 0.334518
3 -0.671629 -0.910889 0.332922
2 -0.719598 -1.02576 0.324722
5 -0.577047 -1.41968 0.327299
3 -0.590962 -1.47801 0.32806
3 -0.699741 -1.06835 0.317038
4 -0.712989 -1.06614 0.314839
3 -0.542121 -1.45128 0.34225
8 -0.490628 -1.61767 0.345147
1 -0.589603 -1.36506 0.334896
5 -0.693126 -0.939969 0.330134
2 -0.77191 -0.520059 0.32883
4 -0.742754 -0.687408 0.331365
2 -0.692373 -0.867954 0.33152
1 -0.776094 -0.558507 0.325734
2 -0.741911 -0.774833 0.317511
4 -0.815475 -0.566102 0.317185
1 -0.78905 -0.705998 0.320227
2 -0.80341 -0.490318 0.325922
1 -0.751553 -0.828675 0.329983
1 -0.87078 -0.623617 0.308464
2 -0.845569 -0.579027 0.314134
1 -0.656622 -1.14414 0.327582
7 -0.619543 -1.05844 0.333135
3 -0.543771 -1.54531 0.334415
3 -0.573925 -1.24389 0.337417
6 -0.617765 -1.03844 0.334319
1 -0.809303 -0.714629 0.312994
4 -0.747381 -0.911409 0.313781
2 -0.690351 -0.79665 0.328086
6 -0.6631 -1.1673 0.322765
2 -0.583939 -1.26712 0.336029
2 -0.605346 -1.30428 0.32932
7 -0.626757 -1.27474 0.326921
11 -0.643641 -1.2418 0.330486
1 -0.66229 -1.05929 0.331601
9 -0.679791 -1.07617 0.327339
3 -0.720628 -0.792128 0.329588
3 -0.687475 -0.956694 0.332914
8 -0.621363 -1.17791 0.330475
3 -0.601116 -1.37904 0.328942
1 -0.518931 -1.47001 0.345747
1 -0.55336 -1.4356 0.33576
3 -0.671296 -1.01848 0.328886
4 -0.63745 -1.19649 0.326622
1 -0.687925 -0.908591 0.325687
1 -0.736037 -0.782136 0.3227
6 -0.803608 -0.568397 0.32484
2 -0.765436 -0.622473 0.330736
1 -0.532504 -1.22944 0.349498
3 -0.619191 -1.06283 0.343964
1 -0.716575 -0.702346 0.334803
1 -0.720446 -0.795874 0.327372
2 -0.788575 -0.69733 0.318435
1 -0.687275 -0.942431 0.328756
2 -0.550812 -1.24807 0.340536
1 -0.671163 -0.967111 0.324937
9 -0.695511 -0.822962 0.32546
4 -0.670185 -1.0333 0.329424
1 -0.656277 -1.12328 0.328535
7 -0.620954 -1.16808 0.335574
5 -0.568723 -1.27645 0.335757
5 -0.682966 -1.06543 0.327968
5 -0.701487 -0.977354 0.326098
3 -0.683038 -0.852398 0.33762
2 -0.657161 -1.0401 0.334864
2 -0.767998 -0.744178 0.3225
1 -0.684829 -0.984459 0.323113
1 -0.731155 -1.04643 0.319153
2 -0.725929 -0.999522 0.322073
2 -0.721806 -1.01532 0.317896
3 -0.781957 -0.670822 0.314179
2 -0.834018 -0.526704 0.31187
3 -0.690753 -1.09518 0.318132
1 -0.763702 -0.859855 0.316489
1 -0.678091 -1.18406 0.324708
2 -0.696492 -0.955133 0.323789
1 -0.518311 -1.49747 0.337233
1 -0.474122 -1.69189 0.339931
1 -0.605042 -1.32914 0.336793
2 -0.657066 -1.198 0.331408
3 -0.679481 -1.16603 0.323775
1 -0.697824 -1.01338 0.323319
8 -0.533096 -1.70258 0.324154
2 -0.513887 -1.82339 0.329037
2 -0.507213 -1.75118 0.335044
1 -0.621974 -1.38206 0.327354
7 -0.663917 -1.18144 0.324319
6 -0.549977 -1.45245 0.341622
1 -0.54967 -1.46476 0.341374
1 -0.616772 -1.26578 0.332047
1 -0.614293 -1.25294 0.328235
3 -0.548212 -1.40478 0.33681
2 -0.610109 -1.24368 0.328193
4 -0.615198 -1.29521 0.322973
2 -0.619128 -1.25673 0.323067
1 -0.577134 -1.29598 0.330354
1 -0.569367 -1.29313 0.339531
1 -0.633235 -1.18104 0.336737
5 -0.764423 -0.676796 0.327933
3 -0.700612 -0.995207 0.32799
2 -0.75303 -0.899788 0.323453
2 -0.745079 -0.861316 0.320973
11 -0.726246 -0.930414 0.32642
4 -0.732333 -0.898332 0.326849
2 -0.743751 -0.763066 0.331456
3 -0.730012 -0.823616 0.332309
5 -0.596394 -1.38812 0.337363
3 -0.484671 -1.67041 0.341773
2 -0.484596 -1.65709 0.342607
1 -0.544199 -1.36872 0.340753
1 -0.563261 -1.23482 0.342547
6 -0.72288 -0.801242 0.325007
1 -0.716495 -0.825334 0.324829
5 -0.724246 -0.796524 0.326142
3 -0.675328 -0.970803 0.333359
4 -0.7303 -0.746654 0.33082
11 -0.715269 -0.99411 0.324952
1 -0.675898 -1.16815 0.324407
4 -0.62731 -1.23857 0.328457
1 -0.741366 -0.917939 0.315725
1 -0.772128 -0.77824 0.314825
1 -0.767677 -0.85421 0.311553
2 -0.657536 -1.14156 0.32395
1 -0.607958 -1.29674 0.330502
2 -0.562619 -1.37943 0.33929
2 -0.627944 -1.08607 0.334437
2 -0.668312 -1.04681 0.325905
4 -0.718148 -0.900807 0.319726
3 -0.704683 -1.0215 0.319144
3 -0.790283 -0.732589 0.318278
2 -0.649894 -1.13061 0.330534
4 -0.637111 -1.17726 0.329029
2 -0.581708 -1.27305 0.335813
1 -0.507597 -1.4853 0.3386
4 -0.677789 -0.973604 0.327213
2 -0.645163 -1.15753 0.334817
2 -0.696352 -1.03923 0.328741
2 -0.893774 -0.306024 0.322668
2 -0.744682 -0.754925 0.328551
1 -0.683275 -0.963047 0.332129
1 -0.72903 -0.899573 0.326371
2 -0.681856 -0.985435 0.330238
1 -0.810941 -0.51768 0.320379
1 -0.836736 -0.42289 0.323511
2 -0.742851 -0.976599 0.322511
1 -0.716832 -1.03542 0.322748
1 -0.645558 -1.26107 0.328335
1 -0.600416 -1.31177 0.337297
5 -0.643098 -1.17298 0.331892
2 -0.597706 -1.33662 0.339242
1 -0.640181 -1.24097 0.335693
1 -0.81929 -0.744691 0.310201
10 -0.892491 -0.47957 0.302546
1 -0.781544 -0.719193 0.317199
1 -0.721458 -1.04791 0.316306
1 -0.650762 -1.31563 0.324925
1 -0.634301 -1.39262 0.331378
1 -0.773128 -0.928692 0.319831
4 -0.728964 -0.982211 0.327217
4 -0.6745 -1.17016 0.326464
4 -0.519453 -1.68642 0.334222
2 -0.725809 -0.977804 0.322033
1 -0.850199 -0.554512 0.30941
5 -0.773489 -0.746405 0.312834
1 -0.842263 -0.392969 0.314954
2 -0.613887 -1.2036 0.332645
3 -0.674597 -1.04106 0.324664
6 -0.638277 -1.16489 0.32663
2 -0.751572 -0.828148 0.317551
3 -0.787516 -0.663131 0.321141
5 -0.717031 -0.958759 0.3153
7 -0.710562 -1.01003 0.319168
1 -0.662926 -1.33899 0.322316
5 -0.777835 -0.887528 0.31447
1 -0.600528 -1.22494 0.33686
2 -0.642798 -1.0565 0.333439
3 -0.70356 -0.955203 0.32636
1 -0.515661 -1.61315 0.33656
7 -0.649955 -0.931648 0.334341
4 -0.549707 -1.22707 0.341588
2 -0.57232 -1.21245 0.33916
1 -0.669658 -0.964299 0.32808
6 -0.754049 -0.662725 0.324667
2 -0.675111 -0.866121 0.328217
4 -0.695925 -0.866496 0.321809
2 -0.807231 -0.669906 0.315487
9 -0.635998 -1.13493 0.330076
3 -0.655558 -1.06791 0.328562
2 -0.584978 -1.39155 0.338744
1 -0.812536 -0.666137 0.319199
14 -0.794329 -0.74425 0.317977
4 -0.794329 -0.74425 0.317977
2 -0.623961 -1.23271 0.329841
5 -0.583543 -1.20804 0.341205
4 -0.619293 -1.15033 0.335621
4 -0.594465 -1.20982 0.337273
2 -0.716478 -0.854197 0.330692
1 -0.778314 -0.602693 0.329164
5 -0.646335 -1.01583 0.335584
1 -0.690385 -0.89576 0.331396
4 -0.675243 -0.772878 0.335742
3 -0.580111 -1.44896 0.332814
1 -0.633704 -1.29134 0.328795
2 -0.729794 -1.07761 0.319889
2 -0.713559 -1.10304 0.32159
1 -0.371458 -2.01827 0.350219
1 -0.42804 -2.04661 0.343384
2 -0.42226 -2.06368 0.346745
2 -0.456643 -1.91327 0.341694
1 -0.606814 -1.24215 0.33697
4 -0.688916 -0.751206 0.342284
4 -0.556075 -1.43688 0.33972
10 -0.4758 -1.63324 0.347735
2 -0.434645 -1.73742 0.352589
5 -0.430824 -1.73405 0.35444
2 -0.834298 -0.448039 0.323333
2 -0.720454 -0.858079 0.325964
2 -0.597802 -1.26883 0.329076
1 -0.800566 -0.568064 0.324182
5 -0.756789 -0.801402 0.319701
15 -0.690244 -1.01832 0.322839
4 -0.685052 -1.06621 0.326892
5 -0.630682 -1.14473 0.334103
1 -0.607513 -1.40851 0.332904
1 -0.732691 -0.888311 0.323828
3 -0.832725 -0.631361 0.30665
3 -0.757722 -0.856333 0.320162
2 -0.727967 -0.9323 0.323511
2 -0.8858 -0.456815 0.310224
1 -0.822985 -0.755226 0.314813
2 -0.743234 -0.94784 0.323943
5 -0.776211 -0.973929 0.310166
2 -0.811296 -0.832211 0.307807
2 -0.748743 -0.9691 0.31561
2 -0.817102 -0.781754 0.309592
2 -0.762631 -0.8995 0.313044
4 -0.81941 -0.704592 0.311804
9 -0.803083 -0.740916 0.312237
3 -0.759434 -0.858507 0.318146
1 -0.638778 -1.27256 0.328351
2 -0.624633 -1.51129 0.323964
2 -0.814085 -0.587782 0.315181
5 -0.654245 -1.0283 0.335164
4 -0.637668 -1.06772 0.337163
1 -0.611557 -1.12153 0.341647
5 -0.615423 -1.19938 0.336095
1 -0.628116 -1.1065 0.337094
1 -0.623443 -1.10139 0.334984
4 -0.644178 -1.11947 0.331694
1 -0.632032 -1.19479 0.333849
3 -0.673619 -0.999717 0.334374
3 -0.670518 -1.09264 0.324653
1 -0.666563 -1.15562 0.325027
2 -0.572738 -1.2692 0.332052
1 -0.530498 -1.62968 0.331166
2 -0.442025 -1.86908 0.337827
1 -0.41536 -1.7226 0.351354
3 -0.725043 -0.8611 0.328792
10 -0.683548 -1.14621 0.327818
4 -0.69837 -1.18509 0.318754
1 -0.698747 -1.21674 0.316224
1 -0.676471 -1.24002 0.319642
3 -0.857413 -0.584398 0.31203
2 -0.743137 -0.779432 0.329337
2 -0.823146 -0.460302 0.327705
1 -0.715147 -0.783156 0.331928
4 -0.760648 -0.528312 0.332375
3 -0.794831 -0.562172 0.31703
1 -0.655441 -1.21314 0.323239
4 -0.658577 -1.26105 0.320312
2 -0.652994 -1.14488 0.325799
2 -0.639683 -1.22984 0.323111
2 -0.633081 -1.16577 0.325581
4 -0.607705 -1.27955 0.329482
7 -0.601236 -1.26264 0.328943
1 -0.66191 -1.08917 0.322407
9 -0.65782 -1.14316 0.321968
5 -0.547701 -1.45443 0.338094
1 -0.694157 -0.903772 0.329852
3 -0.617429 -1.22722 0.334943
1 -0.602297 -1.30377 0.334492
1 -0.633456 -1.23633 0.3321
2 -0.658835 -1.03775 0.331658
8 -0.679359 -0.972952 0.327246
2 -0.741416 -0.774857 0.325251
6 -0.784628 -0.704316 0.318855
2 -0.725615 -0.848416 0.324303
3 -0.765531 -0.665461 0.322385
11 -0.737437 -0.789743 0.324307
2 -0.616752 -1.14695 0.329448
3 -0.619634 -1.1431 0.328564
2 -0.685759 -1.01176 0.322969
4 -0.656549 -1.10063 0.324824
1 -0.647277 -1.11801 0.32627
4 -0.574069 -1.20953 0.335201
1 -0.633374 -0.958766 0.331937
2 -0.726313 -0.929095 0.325382
1 -0.753498 -0.838436 0.320278
2 -0.727017 -0.880268 0.320348
1 -0.657667 -1.06898 0.333103
1 -0.638808 -1.27336 0.333384
3 -0.617169 -1.35272 0.332049
1 -0.744981 -0.970889 0.318897
1 -0.752445 -0.959132 0.316223
1 -0.61761 -1.19802 0.331221
3 -0.69054 -0.90175 0.329483
3 -0.603909 -1.43535 0.324193
3 -0.662917 -1.03381 0.325018
4 -0.603474 -1.28218 0.331432
5 -0.739969 -0.77877 0.324
3 -0.717763 -0.891762 0.321091
3 -0.689413 -1.02853 0.326144
3 -0.524455 -1.52388 0.340231
3 -0.650078 -1.01362 0.326433
2 -0.75684 -0.757233 0.321401
1 -0.658116 -1.06097 0.328557
1 -0.536147 -1.55764 0.337971
2 -0.66692 -1.03465 0.327808
6 -0.694257 -0.918328 0.325386
3 -0.766369 -0.744142 0.314293
1 -0.514074 -1.60762 0.33785
2 -0.536256 -1.51841 0.337813
3 -0.571263 -1.47839 0.332066
1 -0.620654 -1.15909 0.339178
1 -0.677754 -1.06434 0.331416
5 -0.567068 -1.42884 0.335504
1 -0.556067 -1.40493 0.337024
1 -0.646751 -1.11515 0.33122
6 -0.680486 -1.02387 0.331891
1 -0.620654 -1.17716 0.336896
1 -0.670993 -1.04366 0.329267
2 -0.676492 -0.936886 0.333745
2 -0.485811 -1.73726 0.341114
1 -0.501452 -1.65804 0.338728
8 -0.55614 -1.54258 0.327571
5 -0.594173 -1.33307 0.32754
9 -0.57194 -1.45273 0.327757
6 -0.58827 -1.48312 0.323069
1 -0.62356 -1.23181 0.327309
1 -0.732117 -0.977188 0.314746
4 -0.656097 -0.979237 0.333026
7 -0.509074 -1.43264 0.346098
1 -0.719285 -0.881239 0.320616
6 -0.805918 -0.557886 0.319633
1 -0.778732 -0.680947 0.316626
1 -0.651021 -1.2278 0.321803
3 -0.663866 -0.933128 0.336434
1 -0.672259 -0.832981 0.33682
1 -0.493817 -1.60891 0.339378
1 -0.584726 -1.30452 0.332162
3 -0.57224 -1.37545 0.326597
3 -0.481191 -1.74004 0.331558
1 -0.623646 -1.21178 0.32649
2 -0.580487 -1.30246 0.33683
5 -0.616109 -1.19669 0.330467
1 -0.655384 -1.10469 0.325306
1 -0.860573 -0.55462 0.312623
1 -0.75238 -0.870438 0.321307
3 -0.725304 -0.981761 0.321903
3 -0.738568 -0.993972 0.313958
6 -0.663816 -1.12244 0.324107
1 -0.679638 -1.20309 0.315201
3 -0.50375 -1.71118 0.330795
1 -0.509498 -1.58907 0.335914
1 -0.462958 -1.74114 0.344681
3 -0.538012 -1.338 0.345291
1 -0.515878 -1.3938 0.346119
1 -0.687309 -1.06609 0.332273
2 -0.559468 -1.4432 0.341572
2 -0.483261 -1.66231 0.349647
1 -0.673391 -0.949427 0.326779
6 -0.640271 -1.19062 0.33172
1 -0.787808 -0.676443 0.317776
7 -0.708006 -1.123 0.319005
3 -0.712961 -1.04152 0.317532
4 -0.731052 -0.870413 0.318897
1 -0.681766 -0.983449 0.330607
1 -0.686207 -0.931084 0.331745
1 -0.617125 -1.30258 0.336587
1 -0.498776 -1.63618 0.344811
3 -0.862027 -0.568912 0.307693
3 -0.863246 -0.558599 0.310078
3 -0.779794 -0.934208 0.309261
2 -0.754853 -0.739961 0.323609
1 -0.767942 -0.666892 0.321258
2 -0.718432 -0.948664 0.320288
1 -0.634695 -1.27614 0.32091
4 -0.647077 -1.16795 0.326076
5 -0.655788 -1.14545 0.327141
2 -0.669714 -1.19372 0.327866
1 -0.712637 -0.964302 0.325358
1 -0.697156 -1.10388 0.324639
3 -0.7981 -0.642629 0.32012
2 -0.710437 -0.717869 0.332783
2 -0.522316 -1.30269 0.347705
3 -0.487271 -1.71101 0.342858
7 -0.698054 -0.994015 0.317998
1 -0.663417 -1.15666 0.319607
5 -0.610237 -1.34105 0.327621
1 -0.66933 -1.20278 0.321638
1 -0.732188 -1.1177 0.320288
1 -0.795345 -0.722797 0.323867
1 -0.647803 -1.15012 0.328575
2 -0.546966 -1.39566 0.342421
1 -0.597904 -1.27144 0.336091
3 -0.670063 -1.11002 0.331378
1 -0.525607 -1.61395 0.33743
2 -0.532825 -1.46599 0.335854
1 -0.524342 -1.54339 0.338786
4 -0.480232 -1.76566 0.33705
3 -0.492821 -1.82398 0.33166
3 -0.549676 -1.61664 0.331022
5 -0.599751 -1.17658 0.337143
3 -0.553482 -1.19247 0.346735
1 -0.502063 -1.45077 0.340542
2 -0.545334 -1.64942 0.328565
1 -0.465851 -1.79393 0.34297
5 -0.62192 -1.24784 0.334987
4 -0.72555 -0.925576 0.32472
3 -0.744673 -0.783021 0.323997
2 -0.649434 -1.08885 0.329841
3 -0.835189 -0.318723 0.324542
2 -0.739943 -0.581673 0.331848
2 -0.735675 -0.624885 0.331407
1 -0.785714 -0.853151 0.310009
2 -0.74187 -0.911451 0.318566
1 -0.704954 -1.00131 0.321407
1 -0.763068 -0.791683 0.319174
2 -0.85987 -0.599047 0.306921
1 -0.615016 -1.12235 0.331522
7 -0.650774 -1.06644 0.329652
3 -0.488489 -1.54264 0.345456
2 -0.553978 -1.34722 0.341326
3 -0.636341 -1.33297 0.330407
2 -0.505424 -1.7067 0.341433
1 -0.464338 -1.59132 0.347349
1 -0.484274 -1.52933 0.345686
4 -0.598367 -1.33649 0.33173
5 -0.564809 -1.42449 0.330102
1 -0.608373 -1.43354 0.32678
4 -0.624923 -1.33112 0.33062
2 -0.706057 -1.14983 0.317408
1 -0.544173 -1.68053 0.328259
3 -0.585572 -1.51941 0.325331
1 -0.630951 -1.39666 0.320403
6 -0.487094 -1.57214 0.346534
4 -0.53245 -1.58909 0.337601
5 -0.553385 -1.49264 0.339467
2 -0.574643 -1.42343 0.336165
5 -0.661835 -1.25001 0.325314
1 -0.675854 -1.20027 0.324856
6 -0.659922 -1.14516 0.32858
5 -0.506065 -1.58281 0.342633
2 -0.495321 -1.56483 0.350389
1 -0.565057 -1.35575 0.346989
2 -0.642468 -1.20353 0.329389
2 -0.665735 -1.06931 0.326621
4 -0.656815 -1.08349 0.328345
2 -0.596297 -1.23766 0.333639
2 -0.722256 -0.802588 0.327592
1 -0.725067 -0.802534 0.326747
1 -0.628997 -1.1404 0.329736
13 -0.62534 -1.22472 0.33063
3 -0.600676 -1.29202 0.330837
2 -0.767913 -0.773849 0.320705
5 -0.809124 -0.627916 0.319064
9 -0.632411 -1.37968 0.324312
1 -0.668168 -1.30296 0.319212
2 -0.59822 -1.33476 0.32765
4 -0.634054 -1.11551 0.329392
4 -0.583 -1.225 0.335932
1 -0.548077 -1.37895 0.33599
1 -0.600429 -1.27203 0.326379
3 -0.584181 -1.20416 0.338702
2 -0.561081 -1.33588 0.338915
4 -0.737567 -0.923262 0.320984
1 -0.725185 -1.08811 0.323632
2 -0.716935 -1.02653 0.322894
1 -0.642693 -1.30887 0.322539
1 -0.881741 -0.510994 0.30503
1 -0.769618 -0.913973 0.315948
4 -0.772187 -0.972568 0.309433
4 -0.729641 -1.05668 0.309767
1 -0.846534 -0.675826 0.305089
3 -0.837342 -0.686324 0.308977
1 -0.844255 -0.644056 0.307722
6 -0.657629 -1.22069 0.315884
1 -0.706444 -0.985314 0.316274
2 -0.538751 -1.61714 0.329096
5 -0.412751 -1.9288 0.346594
4 -0.392515 -1.77274 0.352515
2 -0.439098 -1.67474 0.347646
7 -0.47885 -1.67722 0.336884
3 -0.577849 -1.40476 0.327429
1 -0.515662 -1.62895 0.338544
1 -0.59087 -1.3199 0.332544
4 -0.613685 -1.27155 0.325241
2 -0.64758 -1.14098 0.329493
2 -0.720292 -0.937792 0.321482
4 -0.707638 -1.01807 0.321819
1 -0.717022 -0.993066 0.323907
6 -0.76295 -0.704942 0.324185
6 -0.67683 -1.09475 0.327861
1 -0.674387 -1.05669 0.326448
2 -0.728918 -0.933777 0.325031
3 -0.622127 -1.06581 0.340201
4 -0.669479 -1.01009 0.332406
2 -0.703593 -0.909347 0.329818
3 -0.647851 -0.97919 0.332438
2 -0.718295 -0.787316 0.32402
4 -0.727018 -0.76667 0.323945
3 -0.756861 -0.626434 0.323591
5 -0.784812 -0.667634 0.327545
1 -0.909041 -0.298116 0.316276
6 -0.767112 -0.554584 0.323355
2 -0.60491 -1.13517 0.339132
1 -0.694202 -0.905426 0.333675
3 -0.727204 -0.730313 0.332938
1 -0.681293 -0.886414 0.336612
1 -0.658016 -1.11603 0.329648
1 -0.614991 -1.26083 0.330616
2 -0.699915 -1.0063 0.320711
4 -0.527607 -1.62817 0.333143
3 -0.791986 -0.629351 0.318934
2 -0.794313 -0.627286 0.318533
1 -0.682386 -0.87763 0.33374
1 -0.687452 -0.81804 0.334774
1 -0.691397 -0.968282 0.331277
5 -0.614543 -1.24037 0.333728
6 -0.652536 -1.12454 0.327053
8 -0.820168 -0.638882 0.322046
2 -0.872631 -0.482271 0.316382
2 -0.868824 -0.567545 0.309544
1 -0.897998 -0.566353 0.302258
4 -0.680393 -1.04566 0.324603
2 -0.712212 -1.07454 0.32582
1 -0.756118 -0.951187 0.320329
1 -0.56302 -1.32689 0.340582
3 -0.816958 -0.641543 0.316826
3 -0.776021 -0.909376 0.311143
4 -0.636152 -1.24209 0.327807
2 -0.54532 -1.33035 0.33809
2 -0.544632 -1.40675 0.33347
1 -0.54727 -1.52277 0.331847
1 -0.550991 -1.34294 0.335331
3 -0.803531 -0.582578 0.317771
3 -0.80652 -0.560925 0.318334
2 -0.723404 -0.952436 0.323989
9 -0.70852 -0.995035 0.329972
3 -0.669855 -1.12935 0.329725
1 -0.632096 -1.36871 0.333243
3 -0.777017 -0.721529 0.322813
4 -0.765155 -0.867154 0.317895
8 -0.819315 -0.589003 0.313002
2 -0.714147 -0.937964 0.321108
1 -0.641676 -1.21256 0.324904
3 -0.613204 -1.18006 0.330782
1 -0.54604 -1.59111 0.33149
2 -0.751584 -0.74245 0.318684
4 -0.672322 -0.916776 0.321705
1 -0.830131 -0.542877 0.309836
2 -0.856426 -0.516476 0.306565
11 -0.845361 -0.648732 0.305328
2 -0.648131 -1.06595 0.33055
1 -0.774411 -0.76149 0.32135
1 -0.777726 -0.750155 0.321684
8 -0.813564 -0.787357 0.315329
1 -0.761929 -0.6918 0.328654
2 -0.60289 -1.2308 0.33114
1 -0.560836 -1.24185 0.345912
3 -0.640207 -1.23615 0.334602
1 -0.663118 -1.04565 0.335266
6 -0.71018 -0.888989 0.319143
2 -0.760802 -0.772867 0.316292
1 -0.718039 -0.936225 0.320294
1 -0.615488 -1.24667 0.32489
4 -0.610447 -1.26348 0.323937
1 -0.72475 -0.951414 0.315373
3 -0.604338 -1.28691 0.326977
2 -0.590096 -1.3745 0.328468
2 -0.668168 -0.92986 0.329175
7 -0.613002 -1.3275 0.332898
1 -0.596632 -1.21858 0.336889
1 -0.573038 -1.31955 0.33835
4 -0.619391 -1.02682 0.330526
2 -0.625461 -1.08038 0.332594
1 -0.558223 -1.28782 0.338861
1 -0.535576 -1.33461 0.346658
2 -0.661798 -0.850441 0.335398
3 -0.67511 -0.997569 0.331621
5 -0.690155 -1.02676 0.326533
1 -0.632917 -1.1042 0.328659
1 -0.636159 -1.03447 0.333002
5 -0.616432 -1.18318 0.338304
1 -0.658777 -1.09901 0.331315
1 -0.621368 -1.24319 0.330034
2 -0.645228 -1.16536 0.329014
2 -0.576652 -1.3482 0.335013
3 -0.644372 -1.156 0.331542
2 -0.569913 -1.34196 0.337235
6 -0.603914 -1.19092 0.331687
1 -0.576799 -1.41339 0.334624
5 -0.673767 -0.929353 0.332534
7 -0.564194 -1.33994 0.340401
1 -0.625243 -1.14139 0.334456
1 -0.560688 -1.39551 0.336935
3 -0.590084 -1.49785 0.326267
3 -0.593402 -1.4885 0.326025
6 -0.489605 -1.65208 0.336621
7 -0.691553 -0.774698 0.328477
1 -0.662283 -0.912996 0.342602
10 -0.676302 -1.02151 0.333216
3 -0.554551 -1.38865 0.338468
4 -0.615671 -1.19788 0.334444
2 -0.603332 -1.1369 0.340544
1 -0.623666 -1.39294 0.324007
3 -0.547887 -1.67791 0.326649
7 -0.552321 -1.59225 0.32828
1 -0.722526 -1.04036 0.315188
2 -0.682014 -1.04141 0.324337
8 -0.620225 -1.1707 0.333426
5 -0.634568 -1.14891 0.330058
1 -0.728186 -0.768616 0.327618
2 -0.701359 -0.998155 0.32506
2 -0.699093 -1.03737 0.325533
2 -0.699951 -1.02661 0.325293
2 -0.713634 -0.742795 0.337366
5 -0.754072 -0.708204 0.321987
2 -0.699477 -0.766414 0.333402
1 -0.720833 -0.704529 0.328238
3 -0.641099 -0.916496 0.331818
2 -0.550174 -1.41019 0.329328
3 -0.579467 -1.32233 0.343092
6 -0.556356 -1.39614 0.341851
2 -0.545278 -1.50354 0.339568
1 -0.649669 -1.18269 0.330185
2 -0.693049 -1.12365 0.32534
4 -0.685172 -1.00088 0.332001
2 -0.712079 -0.834555 0.330851
4 -0.599577 -1.1461 0.338291
1 -0.644937 -1.33603 0.323257
7 -0.71575 -0.994156 0.319517
1 -0.741829 -1.00271 0.312927
4 -0.733948 -0.920906 0.317576
2 -0.668038 -0.974094 0.330736
6 -0.640871 -1.10606 0.332256
1 -0.655185 -1.33013 0.32313
1 -0.733178 -0.913971 0.323691
1 -0.718685 -1.00487 0.323568
2 -0.707211 -0.977984 0.324726
2 -0.692595 -1.0463 0.322283
2 -0.576625 -1.39145 0.338051
6 -0.56286 -1.41087 0.339524
4 -0.692176 -0.878386 0.334378
1 -0.709402 -0.775417 0.335199
1 -0.728634 -0.84681 0.331057
1 -0.708324 -0.886075 0.329682
1 -0.80677 -0.694141 0.313395
2 -0.809678 -0.669247 0.31368
1 -0.649014 -1.19182 0.322883
3 -0.461431 -1.55935 0.338918
1 -0.497979 -1.3262 0.343062
3 -0.557159 -1.41447 0.339194
1 -0.657951 -0.915583 0.332235
3 -0.664544 -0.920137 0.330024
4 -0.617868 -1.45982 0.323882
1 -0.541108 -1.65553 0.332186
2 -0.705135 -1.00558 0.323533
1 -0.586087 -1.42693 0.331442
4 -0.768566 -0.747872 0.318311
3 -0.757285 -0.732918 0.32124
2 -0.688408 -1.0759 0.323808
5 -0.602959 -1.29176 0.333052
1 -0.642849 -1.0522 0.332057
2 -0.660392 -1.23566 0.325117
1 -0.478153 -1.76444 0.336031
1 -0.333854 -2.30839 0.349574
3 -0.566354 -1.75431 0.328612
2 -0.481562 -1.85829 0.342671
2 -0.669706 -1.18675 0.323562
2 -0.533671 -1.31542 0.342263
1 -0.493035 -1.55269 0.341665
1 -0.410194 -1.83144 0.344665
1 -0.652406 -1.06442 0.32616
1 -0.626361 -1.28762 0.324968
1 -0.640295 -1.18688 0.324312
2 -0.772263 -0.676965 0.316518
3 -0.836538 -0.414655 0.316622
4 -0.737846 -0.763927 0.322002
4 -0.732745 -0.734808 0.3314
2 -0.685086 -0.862681 0.333814
2 -0.718695 -0.72135 0.331464
6 -0.597559 -1.26219 0.336647
3 -0.583516 -1.38875 0.334857
4 -0.657909 -1.24398 0.322943
5 -0.572876 -1.39346 0.332557
1 -0.5452 -1.51874 0.335114
2 -0.645909 -1.12498 0.326577
13 -0.672498 -1.07121 0.322401
2 -0.634257 -1.19837 0.324085
5 -0.601883 -1.2833 0.331288
5 -0.637316 -1.22975 0.326343
1 -0.624103 -1.15854 0.324571
4 -0.664054 -1.02435 0.331223
2 -0.592482 -1.20308 0.34002
1 -0.63041 -1.13002 0.328441
4 -0.702089 -0.983254 0.320819
2 -0.668303 -1.08339 0.323862
1 -0.536549 -1.63349 0.332366
6 -0.743412 -0.872837 0.313531
5 -0.780254 -0.749583 0.310758
2 -0.874514 -0.388623 0.308836
2 -0.830851 -0.499342 0.318967
1 -0.838627 -0.665503 0.313413
5 -0.801161 -0.632185 0.320095
3 -0.669933 -1.21711 0.317627
1 -0.757367 -0.804384 0.325377
4 -0.753972 -0.726807 0.326319
2 -0.804473 -0.610049 0.317321
1 -0.692965 -1.04632 0.321444
3 -0.666428 -1.01203 0.330828
6 -0.784099 -0.72607 0.317287
13 -0.680902 -1.00778 0.327583
4 -0.737111 -1.10884 0.315898
1 -0.76557 -0.740342 0.321519
1 -0.654674 -0.923265 0.333402
4 -0.742563 -0.863308 0.324802
3 -0.72869 -1.0558 0.318827
8 -0.66531 -1.12112 0.326574
1 -0.707129 -0.986496 0.322743
1 -0.652611 -1.02368 0.334095
3 -0.655783 -1.16283 0.331649
1 -0.539665 -1.54775 0.334316
2 -0.542575 -1.53109 0.333907
1 -0.543384 -1.58131 0.333159
2 -0.512741 -1.63376 0.337752
7 -0.720052 -0.864766 0.326502
1 -0.687757 -0.907897 0.335706
2 -0.456823 -1.71221 0.345716
4 -0.519035 -1.45689 0.345163
1 -0.540275 -1.32696 0.34458
3 -0.531192 -1.41477 0.338568
4 -0.620453 -1.15908 0.337857
1 -0.516588 -1.51469 0.346024
1 -0.490545 -1.59566 0.349335
3 -0.546391 -1.5673 0.334634
2 -0.737958 -1.03161 0.313677
2 -0.670457 -1.31285 0.318953
1 -0.514971 -1.68746 0.340608
3 -0.657436 -1.10128 0.333979
1 -0.703587 -0.964626 0.332934
5 -0.653114 -0.994286 0.337335
1 -0.638396 -1.04171 0.335227
1 -0.697298 -0.976631 0.332897
6 -0.714418 -0.938783 0.330752
1 -0.670073 -1.12603 0.33416
4 -0.568899 -1.4192 0.338329
3 -0.574535 -1.36817 0.335535
1 -0.499765 -1.62428 0.341503
2 -0.583912 -1.36923 0.335035
2 -0.69609 -1.03959 0.324134
3 -0.741385 -0.859016 0.323685
1 -0.675607 -1.18392 0.322368
5 -0.660122 -1.16425 0.325912
3 -0.639048 -1.10202 0.325991
1 -0.710726 -0.983381 0.316796
3 -0.65348 -1.25698 0.319593
3 -0.718173 -1.15757 0.314514
1 -0.629632 -1.22328 0.325807
3 -0.593817 -1.44885 0.327635
4 -0.589883 -1.41127 0.329075
1 -0.58305 -1.49917 0.326223
13 -0.63523 -1.24787 0.332529
3 -0.744743 -0.887542 0.318128
10 -0.666834 -1.15 0.324692
2 -0.693022 -1.08327 0.322667
3 -0.713037 -0.95669 0.328688
3 -0.592715 -1.14731 0.335794
3 -0.710758 -1.08775 0.320242
2 -0.706208 -0.9738 0.325109
1 -0.614008 -1.15641 0.329296
1 -0.638331 -1.20823 0.329329
3 -0.586824 -1.28898 0.336597
1 -0.557459 -1.4209 0.331758
1 -0.644245 -1.03075 0.331376
3 -0.620701 -1.10438 0.339385
2 -0.615395 -1.04155 0.34365
2 -0.59017 -1.25897 0.341829
1 -0.624736 -1.16743 0.337258
16 -0.651812 -1.13655 0.331264
1 -0.599287 -1.16078 0.33888
1 -0.817129 -0.503042 0.31887
11 -0.676031 -0.945903 0.338987
8 -0.64134 -1.03927 0.339698
1 -0.732142 -1.07302 0.317491
4 -0.765394 -0.821836 0.322179
6 -0.743604 -0.854412 0.323815
5 -0.777307 -0.677917 0.322208
1 -0.745452 -0.779412 0.322429
3 -0.656602 -1.24815 0.324508
4 -0.63238 -1.39557 0.32592
1 -0.713794 -0.850121 0.330449
12 -0.702745 -0.890532 0.329596
1 -0.724756 -0.837408 0.331678
1 -0.769781 -0.724975 0.31931
6 -0.711998 -0.972568 0.323192
1 -0.653651 -1.14452 0.326607
4 -0.63191 -1.21274 0.328435
3 -0.616517 -1.10072 0.334259
3 -0.648384 -1.06601 0.329451
2 -0.746813 -0.893406 0.318854
5 -0.649163 -1.16799 0.33244
3 -0.514236 -1.53938 0.34636
1 -0.548555 -1.44349 0.340313
3 -0.630445 -1.33025 0.321727
7 -0.665779 -1.11891 0.326282
1 -0.647937 -1.21021 0.327268
2 -0.53917 -1.2896 0.343581
2 -0.657494 -1.04713 0.330505
1 -0.735913 -0.998112 0.313502
4 -0.554463 -1.48424 0.333233
1 -0.572968 -1.35992 0.334743
6 -0.700533 -0.881461 0.332187
1 -0.671088 -0.992326 0.334151
2 -0.679555 -1.10422 0.328561
2 -0.786457 -0.715934 0.318247
2 -0.866644 -0.511416 0.312396
3 -0.73978 -0.877915 0.325802
1 -0.637898 -1.07103 0.336225
4 -0.68054 -1.04273 0.327131
1 -0.616601 -1.2392 0.326876
2 -0.853487 -0.556099 0.308747
2 -0.633047 -1.26602 0.323987
2 -0.6386 -1.23914 0.323381
1 -0.6014 -1.38486 0.325767
2 -0.624139 -1.28506 0.330268
6 -0.615818 -1.26718 0.330826
2 -0.604461 -1.34433 0.33513
4 -0.66602 -1.17088 0.328603
5 -0.652408 -1.37519 0.322043
3 -0.712648 -1.11712 0.318962
1 -0.632636 -1.33984 0.334174
1 -0.56118 -1.48298 0.341123
1 -0.585684 -1.27457 0.332832
6 -0.63871 -1.20242 0.333711
2 -0.605678 -1.19983 0.338479
3 -0.482309 -1.58444 0.346299
5 -0.621337 -1.21697 0.337203
1 -0.569857 -1.36597 0.338001
2 -0.571955 -1.46278 0.331976
1 -0.71004 -0.979609 0.322837
1 -0.71536 -1.01804 0.316595
9 -0.635092 -1.22567 0.325266
1 -0.569995 -1.41368 0.337173
1 -0.597987 -1.42524 0.329466
4 -0.612315 -1.25883 0.333115
2 -0.542762 -1.53225 0.338754
1 -0.589657 -1.39466 0.331362
4 -0.756241 -0.912233 0.316166
3 -0.746844 -0.850251 0.320862
1 -0.788076 -0.684651 0.320375
5 -0.74446 -0.792741 0.319272
4 -0.804159 -0.565511 0.32378
4 -0.713583 -0.97951 0.322279
2 -0.772303 -0.727861 0.321074
2 -0.724837 -0.889704 0.321977
2 -0.789089 -0.652366 0.318825
1 -0.73888 -0.859391 0.316417
2 -0.702259 -1.01893 0.318706
1 -0.837965 -0.445895 0.313584
3 -0.738439 -0.680206 0.329882
3 -0.710411 -0.812306 0.33366
5 -0.679428 -0.938694 0.335286
8 -0.743603 -0.880466 0.322422
2 -0.664257 -1.1665 0.330675
4 -0.713143 -1.0145 0.326515
6 -0.557949 -1.36111 0.340165
4 -0.760363 -0.713587 0.32256
1 -0.841629 -0.588752 0.314178
2 -0.850905 -0.40484 0.316191
2 -0.776396 -0.652562 0.319196
1 -0.672634 -0.965655 0.328692
2 -0.677874 -0.83051 0.340455
1 -0.68693 -0.778778 0.338656
3 -0.835144 -0.47324 0.320518
1 -0.870721 -0.48127 0.308158
3 -0.76464 -0.889719 0.31479
5 -0.686578 -0.940273 0.32546
1 -0.674863 -1.0147 0.321971
1 -0.628028 -1.26809 0.324457
4 -0.661779 -1.15452 0.321654
4 -0.800854 -0.719686 0.307716
2 -0.824024 -0.488809 0.317073
1 -0.625694 -1.13573 0.335295
2 -0.741554 -0.882142 0.32939
2 -0.736863 -0.965635 0.327212
2 -0.704688 -1.0504 0.329463
4 -0.585083 -1.4634 0.337391
7 -0.532682 -1.7826 0.327127
2 -0.468967 -1.83294 0.33821
4 -0.626559 -1.23846 0.334525
2 -0.687904 -1.02496 0.33242
1 -0.576154 -1.25163 0.346854
5 -0.55138 -1.24537 0.342888
4 -0.663632 -0.87786 0.333401
5 -0.620947 -1.046 0.335672
1 -0.805704 -0.715171 0.312484
2 -0.719676 -0.992333 0.324646
1 -0.607081 -1.38171 0.325387
2 -0.771344 -0.771417 0.315045
4 -0.733789 -0.854584 0.318206
2 -0.600668 -1.14002 0.335037
5 -0.554982 -1.26921 0.338055
8 -0.675347 -0.760032 0.3371
2 -0.771013 -0.757314 0.321584
3 -0.72933 -0.882227 0.325547
1 -0.584515 -1.34681 0.337627
2 -0.672376 -1.08423 0.328618
1 -0.560257 -1.52389 0.333844
3 -0.707823 -1.14334 0.322615
4 -0.797983 -0.815912 0.309831
1 -0.835425 -0.612444 0.30612
2 -0.828639 -0.602693 0.309588
6 -0.834058 -0.604659 0.307861
10 -0.797804 -0.592413 0.317561
8 -0.831225 -0.506572 0.311646
2 -0.798537 -0.546442 0.316296
3 -0.791331 -0.674566 0.313602
2 -0.606163 -1.42482 0.325099
6 -0.452549 -1.93375 0.340919
1 -0.640191 -1.30951 0.322756
3 -0.7272 -1.02837 0.317071
5 -0.679351 -1.04322 0.326611
7 -0.616943 -1.18608 0.330738
4 -0.62889 -1.15022 0.332097
6 -0.802827 -0.574528 0.316003
7 -0.765146 -0.669725 0.314925
6 -0.730801 -0.74435 0.323514
1 -0.718514 -0.826437 0.322964
2 -0.668277 -1.14335 0.323021
1 -0.755756 -0.850702 0.318383
2 -0.754801 -0.908625 0.319849
2 -0.659926 -1.03719 0.334423
15 -0.579405 -1.49657 0.332508
1 -0.767074 -0.711045 0.327484
3 -0.783727 -0.853976 0.316633
1 -0.603024 -1.26846 0.334068
10 -0.606653 -1.25005 0.335826
1 -0.555113 -1.27374 0.348346
2 -0.605632 -1.13266 0.343685
1 -0.567637 -1.26067 0.343409
1 -0.449479 -1.99828 0.344805
3 -0.441883 -1.93179 0.349079
9 -0.400608 -2.06355 0.355605
1 -0.581336 -1.37659 0.33406
3 -0.619193 -1.38958 0.328454
1 -0.631331 -1.29162 0.329685
2 -0.565546 -1.40266 0.338728
5 -0.555779 -1.29955 0.341441
1 -0.565975 -1.44968 0.336131
1 -0.662757 -0.985545 0.332777
1 -0.65196 -1.0688 0.330273
1 -0.636254 -0.930335 0.335281
1 -0.569779 -1.19581 0.343933
3 -0.596398 -1.14177 0.341007
3 -0.62148 -1.31321 0.327242
5 -0.592736 -1.4619 0.324331
2 -0.593535 -1.35624 0.328221
5 -0.660354 -0.922114 0.333012
2 -0.727537 -0.718903 0.328889
2 -0.689603 -0.918972 0.327827
2 -0.71893 -0.865698 0.326606
2 -0.674253 -1.1482 0.322728
1 -0.634929 -1.24811 0.329431
1 -0.595437 -1.37778 0.330696
1 -0.57718 -1.27507 0.326078
2 -0.521692 -1.4269 0.332721
4 -0.58305 -1.19362 0.331613
1 -0.482623 -1.6471 0.336152
3 -0.375789 -2.03345 0.34805
1 -0.563621 -1.54011 0.330882
1 -0.668818 -1.14568 0.324115
2 -0.685402 -1.0818 0.323595
3 -0.705008 -1.03881 0.318688
1 -0.580784 -1.60678 0.323535
1 -0.530753 -1.72129 0.331231
1 -0.55981 -1.39027 0.334988
1 -0.753485 -0.856792 0.319026
1 -0.70953 -0.976911 0.322338
4 -0.710862 -0.937681 0.322975
1 -0.69142 -1.11206 0.319668
1 -0.644187 -1.2665 0.322823
1 -0.545377 -1.37583 0.33939
10 -0.584563 -1.4991 0.331573
3 -0.690018 -1.1221 0.32857
1 -0.730188 -0.92082 0.326209
2 -0.70311 -1.01818 0.32638
1 -0.664537 -1.06887 0.332178
1 -0.65757 -1.09759 0.334401
12 -0.648063 -1.14566 0.329518
2 -0.639524 -1.27909 0.328413
3 -0.643845 -1.16547 0.331724
4 -0.537234 -1.60254 0.335466
1 -0.589577 -1.35673 0.326593
3 -0.535195 -1.55049 0.338655
4 -0.598277 -1.24931 0.337262
10 -0.63346 -1.06231 0.334931
1 -0.656204 -1.0105 0.328822
2 -0.590061 -1.28586 0.335111
2 -0.618877 -1.20568 0.331123
3 -0.674725 -0.915669 0.333161
1 -0.644422 -1.20376 0.327368
2 -0.706832 -0.954475 0.325797
1 -0.710543 -0.883994 0.329263
1 -0.557872 -1.28838 0.341812
1 -0.640859 -1.10166 0.331675
4 -0.671958 -0.949769 0.330919
1 -0.640073 -1.05604 0.334349
4 -0.588586 -1.37398 0.335452
1 -0.552255 -1.39327 0.335884
2 -0.600168 -1.2404 0.332594
1 -0.743972 -0.795914 0.323167
2 -0.692086 -0.963941 0.332425
1 -0.596192 -1.36135 0.338476
11 -0.709489 -0.890337 0.331044
1 -0.635287 -1.17891 0.33349
5 -0.657929 -1.16155 0.327134
1 -0.678318 -1.00689 0.32825
1 -0.668848 -1.05037 0.330744
3 -0.711694 -0.887462 0.32312
2 -0.655532 -1.03072 0.329098
1 -0.622323 -1.1719 0.327365
1 -0.676054 -0.90644 0.329001
3 -0.673088 -1.02302 0.325537
1 -0.743415 -0.778154 0.32679
5 -0.733875 -0.844856 0.330037
4 -0.664154 -1.17173 0.323562
5 -0.758968 -0.855035 0.318015
1 -0.769026 -0.837093 0.322539
4 -0.692666 -1.10058 0.327082
1 -0.505951 -1.57964 0.335595
1 -0.638131 -1.02183 0.328259
1 -0.750082 -0.773999 0.319948
9 -0.710256 -0.83572 0.32682
5 -0.798145 -0.50104 0.321239
2 -0.672215 -1.04907 0.329302
1 -0.704408 -0.987226 0.326413
2 -0.740573 -0.89708 0.322269
4 -0.723532 -0.938969 0.320516
1 -0.69446 -0.898758 0.33229
2 -0.719307 -0.975321 0.319637
1 -0.704771 -1.0207 0.320735
1 -0.616036 -1.23196 0.329963
2 -0.636752 -0.938892 0.337126
3 -0.644613 -0.862243 0.34368
3 -0.649899 -0.928945 0.344546
6 -0.787057 -0.492521 0.334666
6 -0.770533 -0.712079 0.32532
2 -0.735904 -0.837337 0.326459
11 -0.477926 -1.87271 0.331577
1 -0.572411 -1.60709 0.322741
1 -0.731882 -1.04085 0.313148
1 -0.667909 -1.14656 0.321879
2 -0.535318 -1.51542 0.335817
2 -0.588726 -1.4778 0.337277
1 -0.567918 -1.38324 0.335351
1 -0.541066 -1.48442 0.336159
3 -0.600089 -1.18874 0.333731
1 -0.717009 -1.03631 0.318216
1 -0.67003 -1.16788 0.319716
1 -0.594469 -1.31995 0.331219
1 -0.551169 -1.40431 0.344081
6 -0.775181 -0.813543 0.317233
2 -0.786433 -0.806945 0.313189
1 -0.780617 -0.759285 0.316303
6 -0.64373 -1.05263 0.331842
2 -0.622799 -1.13379 0.332101
8 -0.587363 -1.23914 0.332743
5 -0.604994 -1.319 0.327088
9 -0.60136 -1.44466 0.319381
1 -0.605685 -1.45597 0.3213
9 -0.663215 -1.3302 0.317641
1 -0.690941 -1.24676 0.316052
8 -0.629812 -1.50316 0.319098
1 -0.614116 -1.53294 0.325885
2 -0.774701 -0.855628 0.319286
1 -0.681938 -1.15835 0.327556
1 -0.683356 -1.27295 0.324869
2 -0.660674 -1.32249 0.327831
5 -0.521909 -1.69962 0.337425
6 -0.560407 -1.44192 0.336573
1 -0.614037 -1.21972 0.336701
3 -0.700276 -1.01674 0.327249
2 -0.663568 -1.0808 0.328465
2 -0.736265 -0.722123 0.328589
1 -0.835154 -0.540322 0.314866
2 -0.709163 -0.975547 0.329948
5 -0.708973 -0.899688 0.328893
1 -0.692185 -0.855649 0.334591
6 -0.646298 -1.08696 0.325871
4 -0.526517 -1.66209 0.334241
1 -0.632116 -1.40395 0.325272
1 -0.732674 -0.935456 0.318766
6 -0.748286 -0.919901 0.315993
2 -0.779199 -0.754703 0.3152
1 -0.78424 -0.572633 0.322561
4 -0.810223 -0.502228 0.321384
2 -0.726237 -0.861127 0.324988
1 -0.731615 -0.843599 0.32346
1 -0.729151 -0.971786 0.320445
2 -0.645947 -1.22273 0.325177
3 -0.652605 -1.18267 0.32595
6 -0.670092 -1.26161 0.32396
3 -0.662961 -1.03307 0.332464
1 -0.596205 -1.32548 0.335901
1 -0.572342 -1.41014 0.334611
1 -0.582044 -1.22322 0.338263
2 -0.47678 -1.54449 0.344055
3 -0.487931 -1.48614 0.344247
2 -0.620862 -1.25758 0.332323
4 -0.676686 -1.12172 0.325088
2 -0.649244 -1.27447 0.318038
1 -0.656879 -1.28977 0.312585
1 -0.808726 -0.765456 0.312228
1 -0.801147 -0.744267 0.318483
1 -0.797045 -0.866268 0.309219
2 -0.78248 -0.866249 0.314408
2 -0.719157 -0.899834 0.324659
1 -0.651411 -1.05818 0.328326
2 -0.651628 -1.05098 0.329634
6 -0.623705 -1.14423 0.333573
3 -0.60353 -1.22687 0.331577
3 -0.634632 -1.05025 0.331326
4 -0.694597 -0.843133 0.328016
3 -0.693172 -0.862152 0.328955
3 -0.649825 -1.01403 0.331151
9 -0.615129 -1.24947 0.332091
1 -0.527091 -1.54463 0.341006
2 -0.521924 -1.40241 0.338651
3 -0.628058 -1.14469 0.331803
1 -0.616244 -1.21739 0.331212
3 -0.65555 -1.07956 0.328846
5 -0.778906 -0.712801 0.315837
2 -0.577957 -1.25486 0.335769
2 -0.57161 -1.30827 0.336858
5 -0.585736 -1.33459 0.334761
1 -0.701421 -0.993364 0.322491
1 -0.761738 -0.82889 0.316106
2 -0.793032 -0.682806 0.318386
1 -0.790821 -0.698651 0.317422
3 -0.605174 -1.30606 0.336448
3 -0.521533 -1.59814 0.327393
2 -0.550698 -1.55174 0.327245
1 -0.722948 -0.813998 0.321623
1 -0.50998 -1.53225 0.339136
4 -0.57607 -1.49629 0.333593
1 -0.455525 -1.69159 0.345948
4 -0.554546 -1.32666 0.337924
3 -0.590697 -1.25163 0.338521
2 -0.774965 -0.717124 0.322843
2 -0.826877 -0.559285 0.316329
1 -0.737411 -0.774384 0.32079
3 -0.664207 -0.957618 0.336624
7 -0.635238 -1.08597 0.339958
8 -0.727072 -0.761639 0.332658
1 -0.656743 -1.12648 0.328021
4 -0.669519 -1.07385 0.331246
4 -0.746099 -0.820431 0.32476
2 -0.627466 -1.46906 0.321366
10 -0.673986 -1.26854 0.321014
1 -0.635385 -1.38672 0.325311
2 -0.627571 -1.10443 0.333823
4 -0.676375 -0.923964 0.334146
1 -0.773039 -0.723003 0.322758
4 -0.742625 -0.842778 0.317736
2 -0.751522 -0.793302 0.323497
4 -0.672061 -0.962683 0.333205
1 -0.699799 -0.964364 0.327465
1 -0.773659 -0.757654 0.320959
12 -0.520375 -1.47663 0.336766
1 -0.618948 -1.20381 0.328811
1 -0.608946 -1.12743 0.334582
1 -0.585206 -1.3227 0.341873
4 -0.547418 -1.25329 0.347999
4 -0.65532 -0.906567 0.340037
3 -0.687832 -0.798145 0.338501
3 -0.651053 -0.989566 0.338035
3 -0.811578 -0.655331 0.320467
4 -0.813535 -0.654044 0.319632
4 -0.587797 -1.35299 0.337229
8 -0.605785 -1.21784 0.336138
5 -0.665391 -1.23333 0.328959
4 -0.628416 -1.27789 0.328028
3 -0.56278 -1.22897 0.346586
2 -0.753185 -0.802557 0.319621
2 -0.673537 -0.85246 0.336168
3 -0.769519 -0.656736 0.329131
4 -0.723328 -0.875544 0.324669
2 -0.571531 -1.49077 0.331735
1 -0.580277 -1.21788 0.336112
1 -0.598258 -1.1907 0.332816
1 -0.668906 -0.963299 0.328677
1 -0.614826 -1.13774 0.333691
1 -0.566717 -1.59263 0.328043
2 -0.624301 -1.44785 0.321126
2 -0.719788 -1.05973 0.313101
1 -0.784409 -0.939553 0.307382
2 -0.706857 -1.11095 0.311963
1 -0.641719 -1.19586 0.320871
2 -0.700381 -0.835446 0.325841
7 -0.682804 -0.936936 0.329528
3 -0.747014 -0.810527 0.317421
4 -0.779802 -0.671938 0.314956
9 -0.800247 -0.591171 0.315511
6 -0.640797 -1.18065 0.327681
1 -0.556799 -1.42295 0.333697
2 -0.666838 -1.15035 0.324129
2 -0.706547 -1.05939 0.319789
1 -0.746744 -0.836872 0.319546
1 -0.73801 -1.02546 0.317572
7 -0.725046 -0.809378 0.330959
2 -0.666214 -1.04848 0.335885
1 -0.810731 -0.716924 0.315912
5 -0.773342 -0.65379 0.329537
2 -0.688563 -1.09317 0.328773
2 -0.718233 -1.05123 0.324018
1 -0.863572 -0.533745 0.311283
2 -0.772478 -0.664538 0.322412
2 -0.703528 -0.993692 0.320186
2 -0.649723 -1.18521 0.328727
9 -0.61827 -1.17775 0.336593
1 -0.603811 -1.2666 0.334819
2 -0.691039 -0.968426 0.321828
2 -0.634103 -1.16453 0.323157
1 -0.652651 -1.16037 0.327983
1 -0.629525 -1.17525 0.330558
1 -0.689692 -0.908766 0.322997
1 -0.761188 -0.755094 0.319171
1 -0.762407 -0.75402 0.319039
4 -0.741507 -0.792272 0.322404
3 -0.553108 -1.53474 0.330279
2 -0.627931 -1.04325 0.335481
3 -0.64157 -0.993619 0.331307
9 -0.605252 -1.10897 0.337786
4 -0.625259 -1.22048 0.328814
2 -0.603518 -1.13553 0.336256
4 -0.650622 -0.975312 0.330583
1 -0.56322 -1.48233 0.333011
2 -0.59615 -1.30456 0.333166
3 -0.592063 -1.33794 0.335059
2 -0.588783 -1.29356 0.336021
3 -0.603739 -1.32131 0.33656
4 -0.708094 -0.820083 0.334533
1 -0.776568 -0.719517 0.321356
4 -0.656537 -0.900687 0.330309
2 -0.70677 -0.842833 0.325781
11 -0.593506 -1.27443 0.327719
1 -0.77377 -0.796703 0.310393
1 -0.618158 -1.06439 0.332929
2 -0.603862 -1.22667 0.32821
1 -0.667911 -1.03046 0.323762
1 -0.656182 -1.00035 0.325476
1 -0.709832 -0.777352 0.325077
6 -0.651038 -1.02788 0.331783
3 -0.684148 -0.883058 0.331715
4 -0.590037 -1.20481 0.337377
2 -0.697449 -0.989184 0.321461
1 -0.786099 -0.658481 0.319241
2 -0.698904 -0.965901 0.324052
2 -0.580408 -1.50232 0.32287
8 -0.579706 -1.50567 0.322873
3 -0.676951 -1.04848 0.324753
1 -0.638664 -1.21915 0.32451
2 -0.61457 -1.2153 0.330103
2 -0.663372 -1.14415 0.326506
3 -0.617551 -1.29957 0.32849
3 -0.644643 -1.20719 0.326253
1 -0.644807 -1.1845 0.326752
3 -0.629478 -1.21781 0.333127
1 -0.720424 -1.02808 0.322328
3 -0.599515 -1.34044 0.331751
4 -0.577552 -1.40529 0.331856
4 -0.607859 -1.1727 0.335304
1 -0.598996 -1.21666 0.33527
5 -0.517301 -1.60227 0.336547
1 -0.620487 -1.17565 0.329404
2 -0.662482 -0.988755 0.327869
3 -0.639454 -1.13982 0.32577
1 -0.65092 -1.12252 0.32503
1 -0.637961 -1.1374 0.331943
2 -0.52228 -1.47824 0.344846
2 -0.81459 -0.731424 0.315805
2 -0.81767 -0.713521 0.312889
1 -0.656968 -1.07142 0.33606
1 -0.694653 -0.995468 0.324665
4 -0.794245 -0.651821 0.314499
8 -0.671672 -0.989023 0.32938
8 -0.805653 -0.618252 0.317481
2 -0.509703 -1.58407 0.343413
3 -0.505869 -1.55455 0.343225
6 -0.520167 -1.52974 0.338504
3 -0.578359 -1.49388 0.328111
3 -0.546546 -1.14975 0.345401
1 -0.522554 -1.45961 0.330063
2 -0.5943 -1.27937 0.321249
7 -0.821612 -0.636043 0.309141
11 -0.64799 -1.1137 0.323124
4 -0.831608 -0.496586 0.310191
2 -0.824575 -0.511494 0.314143
3 -0.651943 -1.15364 0.322264
3 -0.633321 -1.23622 0.328216
2 -0.768459 -0.734117 0.319344
2 -0.587198 -1.44505 0.32789
2 -0.615825 -1.29769 0.324676
1 -0.592821 -1.3532 0.334777
1 -0.557207 -1.35128 0.342265
10 -0.610739 -1.18132 0.337756
3 -0.630007 -1.14954 0.334692
5 -0.661418 -1.10387 0.327295
1 -0.648292 -1.0175 0.331915
3 -0.806415 -0.71416 0.310701
3 -0.826784 -0.612146 0.312532
5 -0.840901 -0.616281 0.316509
11 -0.730042 -0.896322 0.324219
1 -0.567437 -1.40645 0.336102
1 -0.611401 -1.36132 0.325417
2 -0.659122 -1.31778 0.316308
5 -0.659059 -1.27008 0.318756
2 -0.633675 -1.20937 0.325911
2 -0.664888 -1.25379 0.317635
1 -0.700262 -1.02563 0.319997
8 -0.581578 -1.36267 0.32708
6 -0.524751 -1.60088 0.340495
1 -0.616592 -1.40973 0.33147
2 -0.578014 -1.33776 0.337887
1 -0.518272 -1.46703 0.346217
4 -0.654634 -1.05645 0.336016
2 -0.594361 -1.26338 0.333505
2 -0.651076 -1.07934 0.330513
3 -0.635955 -1.18261 0.3331
1 -0.687097 -1.11202 0.322888
2 -0.675219 -1.17107 0.326406
3 -0.659354 -1.26894 0.322917
1 -0.657118 -1.12259 0.327914
4 -0.489665 -1.86122 0.338779
3 -0.79343 -0.790517 0.319121
4 -0.82162 -0.675432 0.312554
4 -0.801602 -0.652622 0.317204
4 -0.781666 -0.673465 0.321648
1 -0.794419 -0.749842 0.318588
6 -0.615663 -1.33171 0.337311
7 -0.660691 -1.24005 0.331319
1 -0.750472 -0.941074 0.314798
2 -0.838011 -0.800435 0.306827
3 -0.801743 -0.825701 0.311177
1 -0.73401 -0.932854 0.322584
11 -0.759255 -0.787102 0.318968
1 -0.758179 -0.801652 0.319864
2 -0.661253 -1.04601 0.327245
2 -0.748391 -0.820303 0.319102
1 -0.827567 -0.630588 0.315154
1 -0.848671 -0.443346 0.319416
4 -0.581265 -1.35755 0.347919
3 -0.697965 -0.99123 0.335964
2 -0.664038 -1.08521 0.335335
2 -0.657499 -1.2155 0.327912
1 -0.707813 -0.99297 0.327316
1 -0.730067 -0.955762 0.323356
4 -0.74557 -0.955505 0.318988
1 -0.77041 -0.856079 0.317658
2 -0.843557 -0.748442 0.306392
1 -0.757688 -1.01304 0.313765
4 -0.76447 -0.943039 0.312368
1 -0.667956 -1.13751 0.325399
1 -0.785754 -0.787684 0.31258
4 -0.779187 -0.713221 0.315558
1 -0.709489 -0.788872 0.326473
5 -0.476083 -1.65106 0.342186
1 -0.56216 -1.22048 0.344051
1 -0.716267 -0.753683 0.32945
3 -0.589207 -1.32031 0.338812
1 -0.731975 -0.988675 0.319861
1 -0.746795 -0.951621 0.317863
1 -0.681831 -1.10896 0.322956
3 -0.751627 -0.904546 0.321316
3 -0.713714 -0.863478 0.319724
2 -0.757927 -0.64369 0.323473
4 -0.785432 -0.650044 0.318062
1 -0.617089 -1.31502 0.325731
7 -0.491063 -1.73375 0.337211
1 -0.71779 -0.86322 0.32545
1 -0.670917 -1.06703 0.326371
1 -0.755952 -0.756891 0.323743
4 -0.669049 -1.04957 0.329085
1 -0.707865 -0.930719 0.32783
1 -0.623412 -1.1107 0.341428
4 -0.641968 -1.1625 0.334596
8 -0.644608 -1.11679 0.331972
4 -0.684404 -0.971883 0.331343
3 -0.678679 -1.1162 0.323468
3 -0.565601 -1.49517 0.327137
1 -0.659303 -1.05838 0.328064
1 -0.661263 -1.03269 0.330954
1 -0.657174 -1.19883 0.325257
2 -0.619313 -1.29046 0.326643
4 -0.486718 -1.649 0.338953
2 -0.51506 -1.70266 0.338091
1 -0.593108 -1.48632 0.333351
2 -0.61418 -1.41935 0.32292
3 -0.585128 -1.44802 0.324333
1 -0.584563 -1.49008 0.32383
1 -0.649277 -1.31574 0.317802
4 -0.681401 -1.06067 0.326038
2 -0.611948 -1.18098 0.328166
2 -0.736059 -0.916762 0.313274
1 -0.713184 -1.10695 0.313522
2 -0.644021 -1.00585 0.323568
4 -0.703093 -0.744642 0.331631
3 -0.553238 -1.22631 0.34562
2 -0.645894 -0.995997 0.33193
2 -0.647744 -0.956483 0.343551
7 -0.513974 -1.40958 0.344484
5 -0.625988 -1.07561 0.329791
4 -0.66767 -1.00912 0.323371
1 -0.641522 -1.12232 0.330352
1 -0.691183 -0.896124 0.334781
4 -0.83014 -0.536561 0.318177
2 -0.904686 -0.287075 0.316729
1 -0.632848 -1.07386 0.34169
2 -0.529573 -1.54402 0.346187
1 -0.492566 -1.71794 0.340707
2 -0.563021 -1.30909 0.337181
2 -0.544451 -1.34628 0.338382
4 -0.708383 -0.854702 0.326598
7 -0.684924 -0.946504 0.326158
4 -0.626991 -1.01839 0.337483
1 -0.701729 -0.886344 0.329711
2 -0.740283 -0.869327 0.321355
3 -0.664063 -0.993555 0.327264
4 -0.673228 -0.94573 0.327877
2 -0.603499 -1.32027 0.334301
2 -0.622897 -1.23752 0.335021
1 -0.66206 -1.14269 0.327107
1 -0.651509 -1.17481 0.327074
3 -0.593745 -1.51657 0.330322
1 -0.588011 -1.50344 0.329532
3 -0.751481 -0.84986 0.323652
1 -0.604121 -1.38737 0.324191
2 -0.509759 -1.67634 0.333052
1 -0.598492 -1.38569 0.327966
3 -0.752643 -0.925414 0.311113
1 -0.719279 -0.950064 0.324311
4 -0.619348 -1.35709 0.330657
2 -0.549944 -1.37848 0.336682
2 -0.693277 -0.824398 0.335145
8 -0.830596 -0.423049 0.322211
3 -0.818146 -0.581994 0.314975
5 -0.712568 -0.926418 0.320963
2 -0.782492 -0.625351 0.319741
3 -0.758127 -0.759322 0.321203
1 -0.77549 -0.746657 0.320703
5 -0.810925 -0.686912 0.314904
3 -0.563419 -1.57394 0.331101
13 -0.519394 -1.56246 0.335444
9 -0.55134 -1.34978 0.340557
1 -0.720448 -0.922911 0.327611
1 -0.707846 -0.981814 0.323637
1 -0.581465 -1.53971 0.323897
3 -0.591119 -1.48894 0.323904
3 -0.70047 -0.961109 0.326097
2 -0.559305 -1.51968 0.335222
3 -0.596183 -1.46445 0.329698
13 -0.601254 -1.28068 0.330502
3 -0.589736 -1.32143 0.334083
1 -0.704958 -0.956459 0.324602
2 -0.646957 -1.106 0.329563
2 -0.531936 -1.40268 0.340196
2 -0.513412 -1.55082 0.342961
1 -0.569245 -1.34672 0.335858
2 -0.672368 -0.994056 0.324766
2 -0.731698 -0.938298 0.314906
2 -0.68522 -1.12785 0.31849
5 -0.641409 -1.16543 0.329018
3 -0.602902 -1.40058 0.329868
1 -0.680856 -1.13207 0.324456
10 -0.682098 -1.09488 0.325761
1 -0.690683 -0.962313 0.327436
2 -0.701487 -0.871597 0.32943
4 -0.687557 -1.10632 0.326819
6 -0.587124 -1.33782 0.330746
3 -0.482762 -1.68803 0.340065
1 -0.61984 -1.28169 0.339056
5 -0.578889 -1.37544 0.340724
17 -0.67361 -0.934294 0.328032
2 -0.630706 -1.05812 0.330021
3 -0.72652 -0.621618 0.326735
4 -0.66701 -0.925828 0.334096
5 -0.538195 -1.37333 0.342516
4 -0.671419 -1.15501 0.328977
1 -0.817329 -0.524893 0.323325
1 -0.919637 -0.168205 0.31565
4 -0.749843 -0.930119 0.319581
1 -0.590889 -1.30902 0.333727
2 -0.646046 -1.11557 0.330924
5 -0.622063 -1.08953 0.328923
1 -0.727702 -0.88538 0.322637
4 -0.791781 -0.676628 0.318739
1 -0.660357 -1.14052 0.326199
3 -0.710401 -0.920715 0.32626
3 -0.663691 -1.03711 0.327327
1 -0.728202 -0.887674 0.320343
3 -0.73491 -0.959439 0.326938
3 -0.718223 -1.10762 0.324751
2 -0.660965 -1.21291 0.328396
8 -0.777166 -0.966508 0.313309
1 -0.661254 -1.11473 0.330712
3 -0.645796 -1.14719 0.325128
1 -0.732583 -0.887893 0.32153
3 -0.658638 -1.2017 0.323977
1 -0.71666 -0.951814 0.323655
2 -0.612161 -1.3145 0.328235
1 -0.743638 -0.951132 0.316819
4 -0.763859 -0.930567 0.317884
1 -0.742711 -0.844339 0.328837
2 -0.65334 -1.139 0.328128
4 -0.617527 -1.25285 0.322412
2 -0.654162 -1.20771 0.31952
1 -0.608817 -1.19812 0.332724
1 -0.550243 -1.42549 0.337561
2 -0.655786 -1.14932 0.330264
1 -0.732927 -0.827224 0.323115
2 -0.732758 -0.818313 0.322944
1 -0.728948 -0.873342 0.321266
7 -0.675504 -1.04731 0.325306
4 -0.65447 -1.26348 0.327121
4 -0.658873 -1.32631 0.323764
12 -0.631901 -1.30208 0.330116
2 -0.676024 -1.16739 0.324692
1 -0.696431 -1.13746 0.313358
2 -0.659802 -1.35957 0.312384
9 -0.478409 -1.78658 0.336823
2 -0.539188 -1.63647 0.332188
4 -0.524545 -1.74791 0.327266
2 -0.659388 -1.27724 0.330069
7 -0.618042 -1.30324 0.334567
1 -0.513621 -1.36831 0.348892
1 -0.745076 -0.768039 0.334645
7 -0.675 -1.00812 0.328804
5 -0.684005 -1.03407 0.322651
3 -0.666948 -1.02999 0.327738
8 -0.723487 -0.781352 0.330139
2 -0.811113 -0.582858 0.315976
3 -0.826837 -0.535656 0.312636
2 -0.653651 -1.00312 0.331399
4 -0.515779 -1.77561 0.333475
4 -0.718823 -1.15648 0.318959
3 -0.647573 -1.14124 0.326241
7 -0.575465 -1.49773 0.333705
2 -0.62222 -1.24345 0.32625
3 -0.673737 -1.16963 0.32521
1 -0.658081 -1.26332 0.324742
4 -0.6396 -1.19771 0.325945
5 -0.66581 -1.01599 0.326566
3 -0.627253 -1.12021 0.33728
4 -0.683564 -1.12725 0.324625
2 -0.664874 -1.17211 0.327267
1 -0.808023 -0.7161 0.313712
1 -0.738293 -1.01902 0.315944
2 -0.749659 -0.859667 0.320979
1 -0.68781 -0.994905 0.324785
1 -0.668061 -1.14556 0.321286
1 -0.641729 -1.44262 0.319252
8 -0.683514 -1.31451 0.317203
1 -0.596072 -1.4682 0.327091
3 -0.709227 -0.931587 0.322853
1 -0.690032 -0.956805 0.327473
1 -0.6587 -1.06361 0.32856
2 -0.74434 -1.06701 0.309977
3 -0.734518 -0.872702 0.322686
2 -0.776389 -0.725775 0.320419
1 -0.826786 -0.381051 0.322222
1 -0.796932 -0.490796 0.316106
1 -0.859332 -0.307915 0.312727
2 -0.764236 -0.6022 0.3228
2 -0.710691 -0.787922 0.327
4 -0.730583 -0.800446 0.318591
3 -0.71681 -0.865282 0.318808
1 -0.786711 -0.706936 0.310692
6 -0.558019 -1.33546 0.334711
5 -0.688804 -1.06556 0.318033
1 -0.703035 -1.07767 0.317231
3 -0.880948 -0.420219 0.316365
1 -0.911201 -0.341691 0.312426
5 -0.895799 -0.411966 0.308055
4 -0.533807 -1.41973 0.335931
3 -0.541557 -1.39732 0.335308
6 -0.613875 -1.26811 0.332363
1 -0.736655 -0.892186 0.322075
1 -0.660996 -1.00077 0.334752
5 -0.769863 -0.824705 0.323785
1 -0.744844 -0.747847 0.336284
2 -0.521127 -1.54976 0.345494
1 -0.525783 -1.51178 0.343057
2 -0.649479 -1.0506 0.332143
1 -0.626625 -1.21582 0.333203
3 -0.518829 -1.50209 0.341747
1 -0.58649 -1.2762 0.333818
1 -0.678927 -0.99549 0.328091
3 -0.709577 -0.944899 0.328589
1 -0.555255 -1.5237 0.336466
7 -0.681565 -0.943296 0.329041
1 -0.676575 -1.11455 0.329098
1 -0.567915 -1.50682 0.336605
4 -0.760352 -0.851202 0.31632
1 -0.563022 -1.29834 0.337201
6 -0.605797 -1.16019 0.331699
6 -0.685669 -0.976109 0.322374
3 -0.743727 -0.866617 0.31349
9 -0.463098 -1.56762 0.344778
3 -0.659613 -1.15112 0.325914
5 -0.650665 -1.24579 0.325138
3 -0.53724 -1.62781 0.329868
15 -0.774747 -0.804986 0.314324
1 -0.732892 -0.843495 0.324264
1 -0.699997 -0.947743 0.324311
2 -0.750716 -0.759804 0.322205
1 -0.663854 -1.02721 0.326659
7 -0.687834 -0.934448 0.327129
3 -0.654075 -1.1418 0.326693
1 -0.628412 -1.22261 0.329566
2 -0.635867 -1.15265 0.329817
1 -0.5881 -1.18608 0.344665
2 -0.705262 -0.830997 0.330455
4 -0.640338 -1.09073 0.329787
2 -0.7377 -0.814948 0.322041
3 -0.523231 -1.42715 0.340358
1 -0.710704 -0.832273 0.32207
9 -0.592924 -1.20991 0.339541
4 -0.592744 -1.06623 0.337956
1 -0.54182 -1.26902 0.339929
1 -0.5296 -1.50672 0.336537
2 -0.575609 -1.32628 0.335399
1 -0.655217 -0.977988 0.325992
1 -0.636375 -1.1492 0.325043
4 -0.62272 -1.14206 0.328393
2 -0.647075 -1.0209 0.329812
1 -0.681377 -1.00484 0.328403
1 -0.551328 -1.46399 0.337562
4 -0.709016 -0.717156 0.332241
1 -0.617209 -1.22031 0.331191
4 -0.654009 -1.34329 0.32073
6 -0.62873 -1.41491 0.320931
1 -0.588067 -1.47955 0.328476
7 -0.716637 -0.883725 0.324619
2 -0.763218 -0.762087 0.321163
3 -0.747963 -0.791735 0.321614
2 -0.731013 -0.900653 0.322545
5 -0.695931 -1.04022 0.327309
2 -0.559948 -1.51511 0.329779
1 -0.531913 -1.58918 0.330581
5 -0.525249 -1.57371 0.335539
1 -0.650583 -0.991689 0.331792
14 -0.636335 -1.04884 0.333459
1 -0.633913 -1.0679 0.332819
3 -0.670928 -0.968368 0.331462
2 -0.584304 -1.32669 0.340521
1 -0.561749 -1.40605 0.338016
1 -0.717573 -0.970108 0.319592
4 -0.703269 -1.03884 0.321619
2 -0.693733 -1.09438 0.32316
4 -0.692901 -0.975158 0.325581
1 -0.609084 -1.21073 0.335376
2 -0.61663 -1.14598 0.337084
2 -0.656358 -1.13251 0.323104
1 -0.577005 -1.30064 0.336602
1 -0.623408 -1.34622 0.330859
1 -0.632236 -1.32502 0.329375
4 -0.609017 -1.30861 0.327308
4 -0.70122 -1.01206 0.317639
5 -0.737434 -0.821533 0.325935
4 -0.776657 -0.742544 0.315867
3 -0.703078 -1.02001 0.321539
1 -0.653688 -1.19457 0.332864
2 -0.770756 -0.909802 0.316423
2 -0.603512 -1.19286 0.329379
3 -0.536043 -1.3951 0.334678
1 -0.702433 -0.893104 0.320206
1 -0.660766 -1.07758 0.327209
5 -0.664272 -1.13067 0.325049
3 -0.68429 -1.01469 0.322597
1 -0.560472 -1.34365 0.344621
5 -0.708639 -0.794122 0.327689
3 -0.679843 -0.972715 0.319511
10 -0.788728 -0.677885 0.31231
5 -0.79156 -0.581379 0.313985
4 -0.49673 -1.56747 0.337975
3 -0.639986 -1.1318 0.324873
2 -0.707983 -1.00337 0.317801
1 -0.595693 -1.3615 0.329782
2 -0.522299 -1.50916 0.338157
2 -0.727974 -0.750498 0.323737
1 -0.651455 -1.28719 0.321637
3 -0.499635 -1.58927 0.34345
1 -0.569064 -1.39463 0.34359
1 -0.578815 -1.47002 0.33558
4 -0.546411 -1.54633 0.338622
5 -0.608743 -1.37902 0.330862
1 -0.550021 -1.62609 0.334645
5 -0.629337 -1.40252 0.327099
3 -0.658898 -1.27756 0.322632
1 -0.753774 -0.851518 0.317811
1 -0.668437 -0.92344 0.338362
1 -0.615662 -1.16216 0.339569
1 -0.54509 -1.60364 0.334477
5 -0.613095 -1.29694 0.327738
2 -0.613095 -1.29694 0.327738
1 -0.593868 -1.42792 0.330857
4 -0.597814 -1.37157 0.333696
5 -0.515794 -1.7354 0.336841
1 -0.496616 -1.7774 0.33729
1 -0.554623 -1.39656 0.338053
1 -0.684737 -1.09988 0.331025
1 -0.614543 -1.42202 0.33
2 -0.77279 -0.948479 0.312733
4 -0.588134 -1.10761 0.341219
2 -0.594832 -1.09673 0.339293
4 -0.632251 -1.18318 0.33041
1 -0.640518 -1.26818 0.325339
9 -0.639697 -1.20636 0.324398
2 -0.557968 -1.26339 0.341082
1 -0.601651 -0.972646 0.340396
3 -0.584061 -1.04301 0.34047
1 -0.54911 -1.46841 0.338926
1 -0.473843 -1.83029 0.336776
1 -0.619043 -1.17871 0.33395
1 -0.686014 -0.80966 0.329123
4 -0.719939 -0.744652 0.327308
2 -0.621334 -1.02146 0.340847
1 -0.7027 -0.864575 0.323312
1 -0.712605 -0.827606 0.327665
1 -0.685894 -0.991077 0.330497
1 -0.673746 -1.10136 0.324819
2 -0.602249 -1.29584 0.333797
2 -0.743787 -0.839598 0.32338
1 -0.682249 -1.08083 0.324623
1 -0.652991 -1.13693 0.324812
4 -0.591869 -1.34391 0.329388
2 -0.661944 -1.21943 0.320445
2 -0.599794 -1.21171 0.326281
1 -0.654936 -0.958658 0.326524
2 -0.775041 -0.665948 0.323746
5 -0.737869 -0.612338 0.331458
2 -0.627996 -1.16476 0.331131
5 -0.70066 -0.959643 0.324935
2 -0.643078 -1.05205 0.328812
1 -0.84729 -0.450327 0.312182
1 -0.687148 -0.852369 0.331714
1 -0.684139 -0.932306 0.330601
4 -0.687773 -0.895522 0.327491
2 -0.650752 -1.0065 0.330317
8 -0.644825 -1.24874 0.323949
1 -0.570288 -1.39977 0.334504
1 -0.526526 -1.59556 0.338587
1 -0.523386 -1.58256 0.332974
5 -0.67804 -1.09238 0.323537
2 -0.679752 -1.10966 0.322235
2 -0.688526 -1.0568 0.324707
3 -0.621569 -1.26243 0.328714
2 -0.566688 -1.40005 0.333395
9 -0.616514 -1.14773 0.335596
2 -0.525672 -1.46534 0.33541
2 -0.668303 -0.846547 0.337517
4 -0.655036 -0.966003 0.336033
11 -0.696344 -0.906255 0.335559
3 -0.820953 -0.441116 0.323872
3 -0.868048 -0.377664 0.314541
2 -0.755231 -0.796021 0.317946
2 -0.756561 -0.859275 0.317908
3 -0.662015 -1.20375 0.319355
3 -0.564095 -1.60086 0.329894
7 -0.645608 -1.37136 0.321897
5 -0.719944 -1.15074 0.317524
8 -0.674413 -1.13562 0.326856
1 -0.674674 -1.16897 0.323258
4 -0.659083 -1.15836 0.324578
3 -0.620899 -1.19617 0.333028
3 -0.641959 -1.05667 0.332216
4 -0.687811 -1.05375 0.328868
1 -0.726079 -0.841742 0.324794
2 -0.754232 -0.679688 0.325032
5 -0.602896 -1.21103 0.330491
4 -0.674072 -1.10811 0.319242
2 -0.679469 -0.954293 0.327368
3 -0.570385 -1.44929 0.334859
1 -0.70391 -1.12067 0.320753
1 -0.667947 -1.19406 0.323638
1 -0.68598 -1.01423 0.326056
1 -0.711573 -0.958326 0.325025
1 -0.616842 -1.27513 0.32925
1 -0.601186 -1.40291 0.328424
2 -0.731842 -1.13844 0.313934
1 -0.663338 -1.19418 0.323416
1 -0.639335 -1.30434 0.324511
2 -0.611724 -1.42256 0.324721
1 -0.589336 -1.5456 0.324752
1 -0.530518 -1.79565 0.333625
1 -0.664794 -1.18127 0.324683
2 -0.71495 -1.05339 0.330413
3 -0.741081 -0.835317 0.325467
6 -0.735851 -0.887109 0.326407
5 -0.770018 -0.869123 0.318366
1 -0.686579 -1.09437 0.332186
7 -0.680086 -1.17578 0.330718
1 -0.874045 -0.488886 0.31421
1 -0.880057 -0.380028 0.317828
4 -0.79185 -0.835375 0.312072
1 -0.816173 -0.735778 0.304924
1 -0.608011 -1.39652 0.324066
1 -0.581811 -1.32811 0.334971
1 -0.573588 -1.34393 0.336559
1 -0.6739 -0.943123 0.332035
2 -0.769384 -0.781452 0.322355
1 -0.688562 -0.969531 0.328741
3 -0.650994 -1.064 0.331754
2 -0.570896 -1.31828 0.333369
1 -0.567275 -1.37681 0.336931
1 -0.648575 -1.14042 0.333354
4 -0.642867 -1.20463 0.330652
1 -0.708404 -0.94165 0.323982
8 -0.615714 -1.0792 0.338813
4 -0.624548 -1.10802 0.335092
2 -0.616429 -1.19672 0.335518
1 -0.629544 -1.22867 0.325208
1 -0.658318 -0.93474 0.327997
3 -0.83399 -0.371656 0.313756
4 -0.668494 -1.04941 0.331271
4 -0.841966 -0.438523 0.32883
2 -0.703407 -1.02068 0.331171
3 -0.792554 -0.829057 0.314343
7 -0.793109 -0.828809 0.314671
1 -0.8423 -0.640979 0.311962
4 -0.635342 -1.14565 0.324878
1 -0.630473 -1.20197 0.328118
2 -0.647689 -1.27394 0.324083
4 -0.622465 -1.2048 0.327997
2 -0.732147 -0.901958 0.322203
1 -0.710547 -0.952553 0.327048
3 -0.883314 -0.431861 0.308507
1 -0.835638 -0.623948 0.309373
3 -0.68874 -1.03218 0.315455
3 -0.582662 -1.38562 0.325044
1 -0.543515 -1.37415 0.333993
3 -0.67311 -1.2524 0.323287
5 -0.638919 -1.25448 0.334828
2 -0.583037 -1.42058 0.339131
10 -0.603148 -1.21335 0.33852
4 -0.59433 -1.25409 0.338344
4 -0.613305 -1.27834 0.332943
1 -0.690565 -1.01494 0.326849
2 -0.633182 -1.00621 0.33291
1 -0.660588 -0.942415 0.328069
3 -0.695638 -0.943529 0.324975
2 -0.575962 -1.42044 0.328719
2 -0.588974 -1.37812 0.328826
2 -0.576634 -1.43741 0.328639
2 -0.52568 -1.47896 0.338918
1 -0.749928 -0.762327 0.317491
3 -0.670766 -1.02406 0.324127
9 -0.581967 -1.29141 0.335336
10 -0.597062 -1.20499 0.33918
5 -0.670863 -1.06855 0.327365
1 -0.627076 -1.23716 0.322819
3 -0.668963 -1.08481 0.321083
4 -0.747 -0.893915 0.320318
4 -0.542229 -1.49175 0.33637
3 -0.704923 -1.10229 0.316561
3 -0.81987 -0.656734 0.318571
4 -0.854509 -0.524317 0.315611
9 -0.826726 -0.705464 0.317674
5 -0.801114 -0.701369 0.316614
1 -0.776534 -0.744839 0.319389
2 -0.76943 -0.682894 0.324058
3 -0.687575 -1.04724 0.329882
1 -0.593771 -1.23349 0.338841
4 -0.58351 -1.28345 0.330632
2 -0.529536 -1.45299 0.342049
2 -0.634823 -1.20672 0.32619
5 -0.623435 -1.23727 0.328395
1 -0.541747 -1.30163 0.344388
2 -0.518583 -1.52804 0.339487
1 -0.780217 -0.672591 0.318658
7 -0.744445 -0.895734 0.320883
2 -0.783981 -0.680421 0.323364
1 -0.633699 -1.22291 0.331443
6 -0.824553 -0.585947 0.3157
4 -0.744964 -0.661967 0.334365
1 -0.717798 -0.90258 0.324075
3 -0.634277 -1.07847 0.335332
3 -0.625702 -1.16867 0.328415
3 -0.651383 -1.03876 0.332249
1 -0.546692 -1.47299 0.334608
3 -0.420486 -1.7625 0.354685
1 -0.500187 -1.49814 0.349881
1 -0.580415 -1.33286 0.341715
1 -0.57679 -1.37799 0.338977
1 -0.569683 -1.37602 0.338276
1 -0.711379 -0.908448 0.324683
3 -0.618416 -1.21411 0.334895
4 -0.53741 -1.58635 0.337578
1 -0.536061 -1.45 0.338445
1 -0.504678 -1.7621 0.335656
1 -0.432299 -1.9836 0.338342
4 -0.384649 -2.10286 0.343173
1 -0.370697 -2.16365 0.348073
1 -0.516803 -1.7147 0.330527
2 -0.761312 -0.813189 0.32301
2 -0.774176 -0.759837 0.317089
1 -0.646872 -1.11508 0.331064
1 -0.607053 -1.47907 0.326541
1 -0.532575 -1.51704 0.337558
2 -0.663761 -1.13575 0.326732
6 -0.744518 -0.765135 0.323389
1 -0.732834 -0.846911 0.324642
3 -0.691346 -1.05801 0.326175
10 -0.772797 -0.776132 0.322513
1 -0.745096 -0.8745 0.319672
1 -0.665117 -0.912975 0.328517
4 -0.757404 -0.716473 0.320726
1 -0.77748 -0.75411 0.314185
1 -0.823149 -0.519364 0.312402
6 -0.795777 -0.72284 0.317515
1 -0.601287 -1.25923 0.322269
1 -0.789631 -0.725948 0.307413
4 -0.719083 -0.944624 0.320408
2 -0.802039 -0.541091 0.318504
1 -0.805235 -0.520607 0.318363
1 -0.780622 -0.840398 0.312877
2 -0.842991 -0.458072 0.317743
1 -0.872959 -0.433291 0.31274
1 -0.760155 -0.72406 0.320112
1 -0.700623 -0.848183 0.327095
4 -0.640268 -1.04941 0.330001
1 -0.615227 -1.14638 0.327199
1 -0.720462 -1.02256 0.315094
3 -0.624611 -1.25487 0.32636
1 -0.692994 -0.830692 0.326277
3 -0.730827 -0.828381 0.316143
1 -0.657815 -1.17275 0.326147
1 -0.63813 -1.32195 0.327733
6 -0.624573 -1.22058 0.326716
1 -0.739543 -0.88929 0.322554
1 -0.723926 -0.861754 0.328199
1 -0.708252 -0.993064 0.326156
1 -0.754661 -0.855564 0.319102
1 -0.705776 -0.882149 0.323367
4 -0.752167 -0.721134 0.319457
3 -0.802836 -0.655522 0.317807
7 -0.820286 -0.610561 0.314923
2 -0.693427 -1.01727 0.323454
3 -0.583486 -1.28637 0.340263
2 -0.608461 -1.30372 0.336129
1 -0.669581 -1.13092 0.330939
3 -0.708359 -0.99937 0.323673
2 -0.779936 -0.593973 0.319837
3 -0.797929 -0.782055 0.314299
2 -0.832062 -0.716639 0.313251
1 -0.669668 -1.01999 0.327509
1 -0.760701 -0.804991 0.324258
5 -0.663104 -1.13218 0.330677
6 -0.714427 -0.807256 0.331095
3 -0.651003 -1.17951 0.328932
6 -0.650771 -1.18156 0.32898
3 -0.733826 -0.951421 0.31626
1 -0.74485 -0.907054 0.312974
6 -0.585782 -1.46681 0.331301
1 -0.500827 -1.61629 0.339757
1 -0.667822 -1.06061 0.326587
1 -0.591725 -1.33784 0.339478
1 -0.507827 -1.36862 0.349235
3 -0.428309 -1.91209 0.346889
3 -0.468123 -1.76982 0.339567
1 -0.601353 -1.27723 0.329016
2 -0.656182 -1.02108 0.332549
2 -0.752811 -0.730228 0.3217
2 -0.741169 -0.949442 0.318598
3 -0.741699 -0.870305 0.328056
2 -0.761708 -0.9618 0.314379
1 -0.821552 -0.725003 0.306158
5 -0.752922 -0.802339 0.313908
1 -0.67532 -0.967385 0.321984
1 -0.615109 -1.14214 0.325247
3 -0.669042 -1.14964 0.320746
7 -0.555468 -1.41216 0.337805
1 -0.66196 -1.0728 0.328187
5 -0.69911 -0.988092 0.325902
3 -0.735972 -0.87771 0.321886
3 -0.82269 -0.681403 0.313721
1 -0.795014 -0.642487 0.325137
4 -0.77448 -0.619503 0.329857
3 -0.715655 -0.783953 0.331504
1 -0.803274 -0.649411 0.315835
3 -0.822881 -0.62054 0.31224
3 -0.595888 -1.20319 0.33436
4 -0.554433 -1.37328 0.33856
1 -0.742617 -0.833745 0.324403
1 -0.754519 -0.826691 0.322212
1 -0.65074 -1.14695 0.329528
3 -0.604741 -1.30885 0.333935
2 -0.575233 -1.4079 0.337016
2 -0.575914 -1.33177 0.34129
1 -0.757203 -0.869694 0.318328
1 -0.744611 -0.876527 0.319386
1 -0.558483 -1.54437 0.332555
1 -0.678494 -1.12589 0.320962
2 -0.7705 -0.721597 0.321332
2 -0.782052 -0.734009 0.315047
1 -0.642392 -1.1602 0.328097
2 -0.563841 -1.37158 0.334176
1 -0.507021 -1.46825 0.345321
1 -0.656709 -1.18855 0.332681
1 -0.727712 -0.905222 0.322869
2 -0.710036 -0.995409 0.322372
2 -0.706833 -0.976296 0.326608
4 -0.640932 -1.13045 0.32918
6 -0.609781 -1.23597 0.333346
3 -0.700782 -1.02395 0.319418
1 -0.457487 -1.85096 0.343819
1 -0.666864 -1.08085 0.328236
3 -0.639764 -1.1299 0.340404
10 -0.703788 -0.739596 0.330199
1 -0.631223 -1.22303 0.336835
3 -0.682334 -1.03103 0.334286
6 -0.640718 -1.36484 0.326899
1 -0.678774 -1.23277 0.325413
3 -0.73793 -1.01589 0.322024
1 -0.774747 -0.910225 0.316216
1 -0.704942 -1.04327 0.324879
2 -0.747621 -0.878069 0.317583
6 -0.674882 -0.994814 0.326531
5 -0.630949 -1.07659 0.330381
2 -0.683078 -0.954123 0.32713
5 -0.710777 -0.883053 0.323416
2 -0.722586 -0.831444 0.330173
3 -0.786868 -0.628674 0.31834
1 -0.627897 -1.17609 0.327604
2 -0.585792 -1.32396 0.332398
1 -0.569112 -1.40875 0.333569
4 -0.761097 -0.675573 0.31911
1 -0.698546 -0.84213 0.330463
3 -0.53789 -1.42756 0.337086
3 -0.605504 -1.46361 0.326253
2 -0.663791 -1.23817 0.325414
4 -0.71675 -1.05128 0.322609
8 -0.671184 -1.22621 0.321012
1 -0.71969 -1.05093 0.324524
6 -0.75814 -0.632807 0.329755
4 -0.598366 -1.29102 0.334639
1 -0.708767 -0.931999 0.324262
2 -0.686914 -0.99827 0.331867
6 -0.864434 -0.590794 0.309449
8 -0.82095 -0.664045 0.309403
3 -0.763592 -0.857514 0.318775
2 -0.650926 -1.25338 0.325349
1 -0.71605 -0.934294 0.323859
4 -0.714258 -0.929517 0.320701
2 -0.782278 -0.767946 0.312715
1 -0.661498 -1.16118 0.326497
1 -0.814464 -0.345637 0.325902
5 -0.803221 -0.426337 0.325236
4 -0.918425 -0.264777 0.307811
1 -0.869202 -0.476559 0.30972
1 -0.844624 -0.370885 0.309448
1 -0.908707 -0.345158 0.303166
2 -0.835875 -0.580657 0.306404
6 -0.751122 -0.830321 0.315096
1 -0.795488 -0.654764 0.3143
4 -0.548897 -1.38537 0.336647
1 -0.657154 -1.01352 0.331987
3 -0.669276 -0.94953 0.333993
1 -0.718954 -0.849466 0.325354
10 -0.739077 -0.743902 0.324317
1 -0.584534 -1.27949 0.329289
3 -0.520593 -1.61969 0.33604
4 -0.391003 -2.02536 0.35108
1 -0.561855 -1.26837 0.335232
1 -0.592628 -1.36607 0.329988
1 -0.682998 -0.979485 0.325184
1 -0.503754 -1.54439 0.336458
5 -0.521774 -1.44556 0.336802
1 -0.72804 -0.74556 0.326556
3 -0.600837 -1.29014 0.334782
1 -0.611531 -1.30006 0.334081
1 -0.708814 -0.885545 0.321836
2 -0.706632 -0.836321 0.321619
2 -0.488498 -1.44543 0.345832
1 -0.628426 -1.25327 0.329161
4 -0.59788 -1.27821 0.334822
1 -0.577936 -1.32297 0.336855
3 -0.851993 -0.681365 0.306811
3 -0.790908 -0.793214 0.308684
1 -0.575008 -1.28016 0.33259
1 -0.779565 -0.693556 0.317499
1 -0.79376 -0.701028 0.314645
5 -0.757132 -0.628428 0.326722
1 -0.555114 -1.42186 0.342708
1 -0.553909 -1.36685 0.338183
15 -0.591519 -1.12387 0.335076
9 -0.648865 -1.07809 0.327465
3 -0.604697 -1.28165 0.333712
2 -0.653989 -1.21951 0.325456
3 -0.619548 -1.12131 0.330061
1 -0.655112 -0.942726 0.331505
3 -0.662196 -1.11018 0.331668
1 -0.785434 -0.760365 0.323253
1 -0.698746 -0.965455 0.327653
1 -0.670372 -1.03536 0.334097
1 -0.717667 -0.885311 0.32729
1 -0.702535 -0.937852 0.323124
7 -0.671502 -1.10982 0.325545
2 -0.650617 -1.24438 0.325033
2 -0.485003 -1.77143 0.334449
4 -0.553012 -1.55906 0.329916
5 -0.642417 -1.09587 0.325527
4 -0.620345 -1.33793 0.323453
3 -0.574489 -1.2908 0.332859
1 -0.706112 -0.880687 0.325043
2 -0.752958 -0.729957 0.320495
1 -0.693032 -0.750979 0.334866
5 -0.759221 -0.722072 0.328357
1 -0.666083 -1.06579 0.331032
1 -0.668565 -1.1257 0.329561
1 -0.673433 -1.09921 0.332576
1 -0.895921 -0.33374 0.314422
4 -0.831113 -0.59757 0.313936
1 -0.73447 -1.07957 0.320517
1 -0.528475 -1.65226 0.335793
1 -0.466077 -1.77833 0.346727
2 -0.652793 -1.2505 0.328882
1 -0.703109 -1.05331 0.318313
1 -0.861328 -0.620205 0.314092
1 -0.843241 -0.649701 0.316588
1 -0.815183 -0.575667 0.31633
3 -0.91347 -0.305541 0.313801
1 -0.96015 -0.218579 0.308204
2 -0.855458 -0.622191 0.306124
1 -0.829558 -0.641077 0.307934
5 -0.691596 -0.82667 0.326499
8 -0.686186 -0.962577 0.32771
2 -0.736224 -0.642435 0.327583
6 -0.720528 -0.917702 0.318211
4 -0.632023 -1.13213 0.324794
2 -0.597218 -1.26265 0.331991
1 -0.525779 -1.54262 0.334435
5 -0.617562 -1.43625 0.323485
1 -0.738277 -1.12477 0.312496
4 -0.774554 -0.955654 0.309291
1 -0.788687 -0.691896 0.312227
2 -0.747456 -0.687969 0.325705
8 -0.782771 -0.663404 0.321396
4 -0.62521 -1.22115 0.328857
5 -0.722633 -0.707428 0.335065
1 -0.626621 -1.0829 0.340331
6 -0.64166 -1.27368 0.326153
3 -0.661527 -1.19486 0.323706
5 -0.671481 -1.22647 0.323976
4 -0.71845 -1.04175 0.321844
2 -0.720901 -0.990073 0.322652
1 -0.699129 -0.928218 0.321983
2 -0.649679 -1.11855 0.332596
2 -0.365656 -1.97592 0.351424
4 -0.396791 -1.91248 0.346792
4 -0.664117 -1.2279 0.321117
1 -0.639589 -1.32284 0.323974
3 -0.599487 -1.29118 0.325075
3 -0.762305 -0.792349 0.324933
1 -0.695964 -1.01981 0.328679
4 -0.784764 -0.692452 0.31949
3 -0.635426 -0.935805 0.336836
4 -0.684944 -0.759933 0.337957
8 -0.646174 -0.998728 0.332706
1 -0.648255 -1.34615 0.321947
1 -0.694038 -1.15324 0.320965
4 -0.658014 -1.19778 0.326619
1 -0.707578 -0.999979 0.320663
1 -0.546769 -1.36272 0.341001
1 -0.686458 -0.939249 0.330749
2 -0.762788 -0.810956 0.318106
1 -0.665727 -1.12549 0.324941
7 -0.699606 -1.12164 0.325004
1 -0.755011 -0.83363 0.322797
2 -0.610073 -1.12986 0.336819
3 -0.638913 -1.09062 0.33206
1 -0.510718 -1.47641 0.337036
6 -0.481464 -1.60121 0.339742
4 -0.571754 -1.45159 0.334275
1 -0.681326 -1.10623 0.324516
1 -0.746455 -0.96106 0.316824
4 -0.689765 -1.02697 0.325686
9 -0.604981 -1.23177 0.334155
4 -0.585219 -1.20061 0.340698
4 -0.637066 -1.0195 0.335747
1 -0.778968 -0.713894 0.319522
2 -0.637853 -1.01949 0.334049
1 -0.592319 -1.42496 0.33321
3 -0.542887 -1.57221 0.338201
1 -0.527414 -1.60162 0.340868
1 -0.625613 -1.341 0.326032
2 -0.642899 -1.28812 0.325372
3 -0.768381 -0.930077 0.317114
4 -0.755079 -0.702486 0.326097
4 -0.567986 -1.47811 0.333475
6 -0.631844 -1.21368 0.324256
1 -0.511771 -1.76234 0.333613
1 -0.579141 -1.31618 0.34145
4 -0.534815 -1.47378 0.343605
1 -0.541674 -1.33395 0.34746
2 -0.54295 -1.34313 0.346305
1 -0.635944 -1.19151 0.329973
1 -0.663376 -1.13505 0.324138
1 -0.767661 -0.878008 0.321674
4 -0.652067 -1.25762 0.336036
1 -0.704307 -1.0857 0.326637
2 -0.750731 -0.802722 0.318698
3 -0.70306 -0.971749 0.33382
4 -0.741892 -0.968883 0.328551
2 -0.703198 -1.09849 0.331812
1 -0.723037 -0.826897 0.330443
4 -0.581007 -1.25225 0.335542
1 -0.542437 -1.42041 0.34116
3 -0.644711 -1.19425 0.327881
1 -0.639068 -1.21394 0.332175
2 -0.732724 -0.912817 0.320125
3 -0.744793 -0.740154 0.322271
1 -0.709028 -0.896478 0.323276
1 -0.696855 -0.891164 0.326108
1 -0.677589 -1.01908 0.329236
2 -0.661376 -1.08167 0.327994
1 -0.694552 -1.08612 0.325928
1 -0.57108 -1.42486 0.335164
1 -0.612021 -1.26257 0.330635
6 -0.658744 -0.960966 0.32903
4 -0.654737 -1.17939 0.329108
1 -0.699095 -0.851855 0.329902
5 -0.715215 -1.02147 0.320949
2 -0.793271 -0.715379 0.32223
1 -0.758171 -0.750509 0.319446
6 -0.672051 -1.08029 0.331382
4 -0.648613 -1.25384 0.333457
1 -0.79173 -0.849067 0.315206
2 -0.702667 -0.845589 0.327737
1 -0.749706 -0.901603 0.317519
2 -0.804499 -0.636362 0.316235
4 -0.450221 -1.8527 0.34796
1 -0.505806 -1.79083 0.333061
2 -0.481636 -1.73753 0.340728
2 -0.649935 -1.25722 0.326347
8 -0.663204 -1.2478 0.322633
2 -0.657347 -1.28231 0.32152
4 -0.692515 -1.09692 0.323391
1 -0.722206 -1.02254 0.320925
1 -0.845442 -0.490229 0.314567
1 -0.771583 -0.763282 0.319451
2 -0.698537 -1.02505 0.322696
3 -0.813851 -0.46816 0.320265
3 -0.776196 -0.663624 0.318736
4 -0.769692 -0.818781 0.313494
6 -0.771981 -0.754107 0.315245
4 -0.753891 -0.75673 0.323592
2 -0.682944 -0.997924 0.323912
7 -0.715914 -0.849205 0.325315
1 -0.650579 -1.13646 0.327215
1 -0.642956 -1.22297 0.329535
2 -0.645396 -1.31183 0.326581
2 -0.768687 -0.819708 0.322762
9 -0.793276 -0.749732 0.31993
3 -0.732314 -0.95215 0.32122
5 -0.602699 -1.36214 0.324468
7 -0.670114 -1.02412 0.331265
1 -0.587091 -1.32174 0.338764
10 -0.683319 -1.19532 0.32361
1 -0.733371 -0.780739 0.331344
8 -0.727147 -0.774543 0.331438
3 -0.744316 -0.69193 0.330896
3 -0.75775 -0.647179 0.331092
1 -0.720326 -0.961755 0.333521
2 -0.711413 -0.928065 0.335576
3 -0.753931 -0.883515 0.322071
2 -0.722642 -1.12651 0.320067
11 -0.665683 -1.03447 0.329787
1 -0.805598 -0.587469 0.325124
2 -0.692798 -0.993755 0.329478
1 -0.704772 -0.939405 0.328704
4 -0.663163 -1.02472 0.3293
12 -0.702356 -0.913268 0.328178
1 -0.739277 -0.843883 0.322346
1 -0.848399 -0.60248 0.315226
3 -0.984451 -0.0097401 0.309254
2 -0.822607 -0.355844 0.322134
2 -0.759819 -0.659542 0.319158
2 -0.686271 -1.0153 0.321025
12 -0.636118 -1.26148 0.322556
8 -0.644985 -1.21131 0.323602
2 -0.503467 -1.76754 0.33955
1 -0.587961 -1.14623 0.345104
4 -0.672439 -0.958941 0.327482
1 -0.697905 -0.920505 0.324165
3 -0.634517 -1.2228 0.327706
1 -0.69116 -1.09261 0.31975
1 -0.787954 -0.841879 0.311787
3 -0.857754 -0.746597 0.299827
2 -0.808624 -0.68647 0.309362
1 -0.747191 -0.847645 0.317052
4 -0.621265 -1.17353 0.335892
5 -0.644436 -1.07683 0.331232
2 -0.675288 -1.04908 0.331532
1 -0.668261 -1.16154 0.327474
1 -0.534009 -1.43015 0.34493
6 -0.695762 -1.10444 0.316696
1 -0.56542 -1.3736 0.337918
5 -0.579596 -1.31793 0.336887
1 -0.565503 -1.42859 0.33713
1 -0.806914 -0.700376 0.320391
3 -0.693255 -1.14367 0.325092
7 -0.68346 -1.119 0.32546
5 -0.609937 -1.10991 0.332584
2 -0.636916 -1.04707 0.334824
3 -0.541565 -1.33411 0.346536
4 -0.551972 -1.42979 0.341501
2 -0.725662 -0.85142 0.322316
3 -0.664541 -1.01287 0.335714
1 -0.667942 -1.02796 0.334817
4 -0.730387 -0.838438 0.323231
5 -0.662691 -0.966916 0.329626
7 -0.689535 -0.914426 0.329843
7 -0.723798 -0.892009 0.324588
2 -0.609644 -1.37291 0.327619
2 -0.675272 -1.1096 0.32626
1 -0.641466 -1.21539 0.331437
3 -0.657009 -1.12201 0.323938
1 -0.674409 -1.05602 0.324862
7 -0.649733 -1.13633 0.326637
3 -0.618227 -1.2203 0.328482
4 -0.614372 -1.10868 0.33531
2 -0.634334 -1.00748 0.335208
2 -0.628262 -1.10385 0.331988
2 -0.632325 -1.17053 0.330084
1 -0.755849 -0.717435 0.325189
5 -0.859147 -0.340831 0.318905
1 -0.696988 -1.09092 0.326593
5 -0.558638 -1.34961 0.338246
1 -0.545352 -1.31788 0.344868
1 -0.607682 -1.096 0.340477
6 -0.55927 -1.47339 0.330985
1 -0.627888 -1.28887 0.32067
2 -0.624914 -1.31497 0.321225
1 -0.636199 -1.20066 0.32738
1 -0.706347 -0.923643 0.325484
2 -0.700206 -0.93898 0.318795
3 -0.622155 -1.22319 0.328257
5 -0.773639 -0.693217 0.319606
1 -0.675085 -1.0554 0.324958
5 -0.621442 -1.22153 0.326948
1 -0.695004 -1.02577 0.320492
1 -0.701923 -1.02636 0.320647
1 -0.793879 -0.667344 0.321282
8 -0.831941 -0.471163 0.313885
6 -0.662397 -1.20269 0.325831
11 -0.700029 -1.03984 0.325148
4 -0.655955 -1.14562 0.32901
7 -0.79248 -0.842098 0.314559
3 -0.759327 -0.900109 0.317735
5 -0.792825 -0.802451 0.319804
1 -0.644228 -1.11222 0.340492
4 -0.772903 -0.657939 0.329377
1 -0.72182 -0.830691 0.329917
1 -0.662746 -0.95591 0.338339
4 -0.663281 -1.04531 0.332969
2 -0.765306 -0.809746 0.317558
1 -0.707455 -0.917634 0.326324
2 -0.612834 -1.41479 0.326809
3 -0.564648 -1.36061 0.329332
4 -0.718605 -1.10439 0.312675
3 -0.566641 -1.59153 0.330823
2 -0.599247 -1.43068 0.329524
1 -0.523526 -1.38864 0.342821
5 -0.525652 -1.40836 0.338886
1 -0.561484 -1.37548 0.335296
2 -0.451295 -1.79822 0.345013
1 -0.530344 -1.59907 0.33302
2 -0.661954 -1.27265 0.326793
1 -0.656909 -0.871697 0.34222
6 -0.617279 -1.1026 0.330333
3 -0.639806 -1.03888 0.328763
2 -0.634675 -1.07166 0.328959
2 -0.449941 -1.87519 0.349099
3 -0.543273 -1.53276 0.343639
1 -0.700577 -1.1262 0.324411
3 -0.825171 -0.625801 0.316621
1 -0.796172 -0.716181 0.317316
2 -0.803379 -0.707767 0.315225
1 -0.644729 -1.03696 0.335962
9 -0.547073 -1.35415 0.340532
1 -0.729941 -0.969644 0.326024
2 -0.595058 -1.25948 0.338391
2 -0.515918 -1.58846 0.341869
1 -0.559671 -1.48485 0.336712
3 -0.653926 -0.963874 0.333113
4 -0.746892 -0.76318 0.322964
1 -0.581492 -1.22859 0.339203
8 -0.520651 -1.58901 0.339387
2 -0.688159 -0.967888 0.330004
1 -0.643807 -0.997867 0.333963
1 -0.56476 -1.31637 0.337013
3 -0.65593 -1.14672 0.327607
4 -0.627838 -1.26109 0.327777
2 -0.662488 -1.11039 0.326551
2 -0.646855 -1.09346 0.33007
5 -0.685416 -0.966168 0.331293
7 -0.769677 -0.685521 0.320415
2 -0.741123 -0.951863 0.316441
5 -0.761181 -0.8508 0.323246
1 -0.613591 -1.32062 0.333159
5 -0.677518 -1.20673 0.315504
1 -0.660319 -1.26441 0.32177
3 -0.684061 -1.0793 0.324169
2 -0.678447 -1.0137 0.32711
1 -0.614822 -1.22657 0.330507
1 -0.589953 -1.35469 0.332103
1 -0.688576 -0.925204 0.328565
1 -0.70257 -0.93207 0.330584
3 -0.617669 -1.3487 0.329233
1 -0.656291 -1.22185 0.327062
1 -0.772401 -0.8356 0.312711
1 -0.744737 -0.988308 0.313158
3 -0.557572 -1.56936 0.33656
2 -0.568023 -1.4108 0.336763
4 -0.759081 -0.786066 0.325189
11 -0.757041 -0.876904 0.321139
1 -0.793213 -0.727127 0.320989
2 -0.717189 -1.02487 0.322057
7 -0.672776 -1.06577 0.328752
3 -0.643324 -1.22869 0.328022
1 -0.671618 -1.33182 0.320471
2 -0.607468 -1.41021 0.327845
2 -0.661697 -1.25188 0.328761
5 -0.600884 -1.3323 0.336396
1 -0.608466 -1.2461 0.340643
1 -0.6236 -1.0727 0.340162
3 -0.65221 -1.0723 0.335178
3 -0.731442 -0.803497 0.330446
7 -0.680344 -0.936634 0.333685
3 -0.748504 -0.729925 0.323375
2 -0.762181 -0.77656 0.315409
2 -0.802117 -0.641578 0.315093
1 -0.719847 -0.922726 0.317241
4 -0.640973 -1.21135 0.330122
1 -0.600445 -1.30722 0.332165
2 -0.750412 -0.897404 0.315718
3 -0.729425 -0.839067 0.331511
1 -0.692632 -0.677144 0.343936
1 -0.622018 -0.889963 0.345778
2 -0.425967 -1.67269 0.353447
1 -0.65656 -1.01942 0.328615
5 -0.710225 -0.784616 0.324194
3 -0.577091 -1.22351 0.345819
2 -0.591767 -1.27831 0.33923
3 -0.548299 -1.45233 0.34295
1 -0.691929 -1.05409 0.332547
3 -0.733112 -0.987338 0.330113
2 -0.757294 -0.893687 0.326071
6 -0.558066 -1.3012 0.34087
2 -0.632488 -1.1164 0.334236
2 -0.667369 -1.08675 0.330852
2 -0.553751 -1.53282 0.326997
3 -0.745814 -0.656013 0.329685
1 -0.607478 -1.28952 0.328423
1 -0.710959 -0.886872 0.327309
1 -0.71461 -0.831322 0.328036
3 -0.642826 -1.09473 0.330126
3 -0.673217 -1.00961 0.327649
3 -0.70391 -0.88937 0.325003
3 -0.681877 -0.917876 0.334045
2 -0.685874 -0.948033 0.332341
3 -0.751819 -0.849398 0.326981
6 -0.640773 -1.14141 0.323402
1 -0.640334 -1.03887 0.335611
7 -0.685624 -1.07144 0.324044
7 -0.533 -1.45385 0.337703
2 -0.697713 -0.925192 0.324774
6 -0.630748 -1.06852 0.330136
2 -0.604622 -1.20848 0.329919
3 -0.719989 -1.03251 0.3183
2 -0.601904 -1.28631 0.334149
1 -0.570982 -1.37272 0.337176
1 -0.488537 -1.49196 0.346331
1 -0.562293 -1.38625 0.336312
1 -0.649029 -1.24352 0.318665
1 -0.803426 -0.604283 0.315875
1 -0.763987 -0.7208 0.321992
3 -0.619585 -1.17426 0.328524
1 -0.621228 -1.19008 0.328416
4 -0.654222 -0.9694 0.336429
1 -0.638138 -1.11868 0.33289
1 -0.641512 -1.05722 0.332272
3 -0.918602 -0.241112 0.31196
2 -0.789053 -0.798167 0.316335
15 -0.66012 -1.2472 0.33039
1 -0.717345 -0.925901 0.32793
1 -0.644749 -1.16819 0.332739
4 -0.615014 -1.27 0.334735
3 -0.679489 -0.998961 0.319825
1 -0.644331 -1.11276 0.326988
2 -0.65901 -1.18921 0.319386
1 -0.615488 -1.41556 0.321302
5 -0.557377 -1.52316 0.335936
2 -0.687242 -1.24523 0.320676
1 -0.659929 -1.23403 0.323148
4 -0.624866 -1.35029 0.326847
1 -0.592714 -1.37508 0.331817
2 -0.689115 -0.943798 0.333204
4 -0.668493 -1.11507 0.328642
1 -0.593648 -1.33957 0.335648
6 -0.638395 -1.26355 0.327292
1 -0.739456 -0.884509 0.323178
1 -0.628029 -0.979502 0.336917
3 -0.614153 -1.06825 0.346117
5 -0.635188 -1.07483 0.336361
2 -0.616504 -1.13465 0.339175
2 -0.604526 -1.21424 0.332713
3 -0.641312 -1.11853 0.327655
3 -0.715829 -0.786339 0.328422
10 -0.729601 -0.684249 0.329064
7 -0.542688 -1.32276 0.343076
1 -0.63658 -1.08608 0.336028
11 -0.641518 -1.10461 0.333922
1 -0.649944 -1.05101 0.334163
2 -0.699561 -0.883772 0.328064
2 -0.615153 -1.15488 0.336012
4 -0.647775 -1.12709 0.328125
2 -0.503863 -1.45424 0.343335
2 -0.598517 -1.2959 0.334442
3 -0.689631 -0.949739 0.324303
1 -0.740752 -0.78172 0.323991
1 -0.761382 -0.723505 0.321845
3 -0.62273 -1.20792 0.333233
4 -0.57422 -1.48599 0.333333
1 -0.61835 -1.32086 0.323766
1 -0.641549 -1.21799 0.325128
2 -0.741694 -0.841757 0.327208
6 -0.710282 -0.872941 0.334215
1 -0.704682 -1.0089 0.32405
2 -0.575764 -1.4274 0.341428
2 -0.590419 -1.29598 0.339775
1 -0.643881 -1.25586 0.332232
2 -0.734388 -0.992834 0.32112
1 -0.867833 -0.493889 0.305294
5 -0.821828 -0.629089 0.311489
3 -0.701158 -0.786247 0.325939
2 -0.798859 -0.636841 0.320048
1 -0.647018 -1.21132 0.326627
3 -0.720159 -1.06355 0.321048
1 -0.572476 -1.59254 0.324232
5 -0.591565 -1.55253 0.323119
1 -0.458055 -1.98714 0.33335
1 -0.576887 -1.37136 0.33545
2 -0.655314 -1.19382 0.324552
1 -0.69496 -1.05556 0.322793
3 -0.74808 -0.845486 0.322094
1 -0.588871 -1.35485 0.33107
3 -0.699295 -0.974086 0.327322
1 -0.718701 -1.03482 0.323194
1 -0.701267 -0.980016 0.32761
1 -0.775432 -0.839586 0.316454
1 -0.871443 -0.436615 0.312703
4 -0.858453 -0.503368 0.308038
4 -0.875912 -0.462429 0.3066
4 -0.763074 -0.770566 0.324084
6 -0.720981 -0.915655 0.326926
2 -0.675812 -1.03327 0.331861
8 -0.695026 -1.00958 0.326486
1 -0.7289 -0.962427 0.321571
5 -0.7909 -0.935942 0.314522
1 -0.789055 -0.941354 0.314597
3 -0.649351 -1.03007 0.335015
2 -0.793532 -0.699618 0.315447
2 -0.5638 -1.48294 0.332023
1 -0.621518 -1.34298 0.322039
2 -0.61921 -1.25515 0.326345
1 -0.603781 -1.24587 0.3279
1 -0.56446 -1.31083 0.337787
2 -0.567731 -1.30259 0.337023
3 -0.382532 -1.87507 0.347129
3 -0.568244 -1.31833 0.337107
2 -0.561599 -1.37745 0.335734
7 -0.663663 -1.04285 0.325387
2 -0.672087 -1.20916 0.322473
1 -0.622169 -1.37642 0.326726
3 -0.641421 -1.21634 0.333411
4 -0.70614 -0.964873 0.324977
8 -0.723312 -0.965264 0.324269
1 -0.68272 -1.02889 0.327495
3 -0.627243 -1.14762 0.338271
3 -0.750925 -0.846219 0.317148
1 -0.803136 -0.574485 0.3237
3 -0.661833 -0.988886 0.330124
2 -0.689507 -0.885345 0.325736
2 -0.74381 -0.803558 0.319402
1 -0.708893 -0.991277 0.321878
7 -0.75711 -0.984854 0.315741
9 -0.727018 -0.987857 0.320478
1 -0.714415 -1.07063 0.324826
5 -0.584039 -1.34386 0.339655
3 -0.725515 -0.799399 0.330245
5 -0.798299 -0.672874 0.325055
6 -0.688933 -0.986643 0.335162
1 -0.691394 -0.903004 0.327499
6 -0.766168 -0.718867 0.316802
2 -0.794658 -0.594327 0.312865
4 -0.752114 -0.745641 0.321685
9 -0.66583 -1.08432 0.328128
1 -0.647729 -1.08616 0.333162
1 -0.68263 -1.00565 0.329935
4 -0.595903 -1.30722 0.332303
5 -0.62795 -1.23315 0.335221
8 -0.643937 -1.1799 0.333864
5 -0.611528 -1.21364 0.338939
1 -0.701098 -1.16949 0.319788
1 -0.705924 -1.14319 0.318382
2 -0.747782 -0.716007 0.326141
7 -0.4688 -1.63889 0.34567
4 -0.681981 -1.12714 0.320942
1 -0.556864 -1.31824 0.338789
2 -0.518808 -1.44144 0.335811
1 -0.596791 -1.26902 0.32633
1 -0.598628 -1.24064 0.326072
2 -0.58932 -1.33995 0.321336
1 -0.686243 -1.16334 0.314415
3 -0.860608 -0.440016 0.312008
1 -0.754296 -0.655243 0.3213
7 -0.788608 -0.665367 0.316188
7 -0.743611 -0.968017 0.314432
1 -0.739275 -0.939963 0.314094
5 -0.672526 -1.08302 0.323952
2 -0.790195 -0.892627 0.311984
1 -0.77687 -0.846813 0.314559
2 -0.623097 -1.21283 0.328056
1 -0.629682 -1.19037 0.3275
2 -0.619486 -1.31122 0.325691
5 -0.679474 -0.953162 0.326254
2 -0.706652 -1.09843 0.318686
1 -0.728633 -0.988155 0.319574
9 -0.760446 -0.86322 0.320914
1 -0.8295 -0.526825 0.318753
15 -0.721979 -0.979257 0.321621
1 -0.712254 -0.873305 0.3287
1 -0.669332 -0.961196 0.332302
3 -0.605669 -1.03059 0.340536
1 -0.722993 -0.692294 0.331434
1 -0.893163 -0.483304 0.30838
2 -0.611796 -1.41207 0.326827
1 -0.78159 -0.864427 0.319429
8 -0.655354 -1.08837 0.336479
3 -0.566293 -1.33995 0.341521
4 -0.54992 -1.51624 0.336211
2 -0.671828 -1.20672 0.324867
1 -0.661906 -1.17913 0.330249
1 -0.622457 -1.11434 0.343557
1 -0.65222 -1.02318 0.334732
5 -0.615523 -1.20757 0.332574
3 -0.699038 -0.976937 0.325109
2 -0.715085 -0.877117 0.324419
3 -0.631061 -1.13841 0.32993
3 -0.593849 -1.30642 0.337113
7 -0.605341 -1.33774 0.334958
1 -0.618021 -1.33776 0.329774
7 -0.599613 -1.43673 0.33098
3 -0.737859 -0.956741 0.319276
4 -0.669924 -1.14541 0.32866
1 -0.616915 -1.21459 0.340843
2 -0.607983 -1.27802 0.338693
1 -0.675939 -0.982061 0.335894
1 -0.721664 -0.802606 0.328114
1 -0.742538 -0.695714 0.325122
1 -0.617007 -1.31776 0.327227
1 -0.601712 -1.3338 0.322289
4 -0.62559 -1.24057 0.322061
4 -0.712237 -0.930248 0.317621
1 -0.701322 -1.1208 0.318488
1 -0.594592 -1.40025 0.32945
7 -0.642007 -1.23229 0.327007
1 -0.643689 -1.03449 0.333003
2 -0.634658 -1.06073 0.331867
2 -0.675214 -0.918008 0.334435
5 -0.795481 -0.675258 0.327105
1 -0.775059 -0.671649 0.327484
1 -0.793861 -0.665063 0.322853
4 -0.720618 -0.8317 0.32431
1 -0.728067 -0.901397 0.32165
2 -0.794348 -0.719327 0.318038
1 -0.870616 -0.468215 0.313299
2 -0.871787 -0.557028 0.306796
4 -0.852556 -0.524951 0.31639
1 -0.732998 -0.668568 0.33006
1 -0.5081 -1.43769 0.341407
1 -0.541281 -1.25162 0.351152
1 -0.561026 -1.20892 0.347685
2 -0.571783 -1.39629 0.34
2 -0.460565 -1.71353 0.349726
1 -0.456187 -1.67287 0.352236
2 -0.603283 -1.11186 0.341607
1 -0.602404 -1.3222 0.337985
4 -0.568292 -1.28257 0.339982
2 -0.733444 -0.875186 0.322219
6 -0.680754 -1.14089 0.319925
2 -0.463791 -1.91439 0.331919
1 -0.481359 -1.83817 0.330792
1 -0.505286 -1.55056 0.338423
7 -0.610017 -1.42001 0.329645
1 -0.632225 -1.39596 0.323646
4 -0.634552 -0.993267 0.333376
6 -0.810518 -0.538929 0.315768
2 -0.806325 -0.615983 0.310968
5 -0.695998 -1.01045 0.319108
2 -0.728246 -0.980449 0.317406
1 -0.689943 -0.937355 0.325002
4 -0.710708 -0.901386 0.321471
2 -0.584867 -1.44866 0.329442
3 -0.598737 -1.30617 0.334546
4 -0.658915 -0.937854 0.33617
5 -0.693814 -0.774875 0.337256
8 -0.694671 -0.82021 0.334529
3 -0.592853 -1.31158 0.335666
3 -0.63673 -1.09716 0.335824
3 -0.537911 -1.40577 0.335946
1 -0.560599 -1.34758 0.334781
2 -0.662189 -1.15771 0.322979
4 -0.670713 -1.12551 0.324034
8 -0.738835 -0.925349 0.320482
2 -0.763018 -0.861243 0.317679
3 -0.774087 -0.827186 0.320426
2 -0.811367 -0.627336 0.316878
3 -0.598325 -1.30557 0.331334
2 -0.568209 -1.29103 0.332189
5 -0.641946 -0.972498 0.330292
3 -0.562342 -1.31369 0.334827
2 -0.658852 -0.983633 0.326338
1 -0.571796 -1.1686 0.344576
2 -0.619322 -0.98848 0.3407
1 -0.645286 -0.901603 0.337865
4 -0.623426 -1.22513 0.330261
4 -0.488707 -1.62985 0.342032
2 -0.50475 -1.52913 0.341573
1 -0.727828 -0.966604 0.314175
1 -0.693927 -1.08595 0.314168
1 -0.704775 -1.01754 0.317897
1 -0.685285 -0.867165 0.331003
6 -0.720968 -0.916056 0.321172
1 -0.553758 -1.4206 0.334013
3 -0.808583 -0.626744 0.314186
2 -0.63093 -1.19684 0.332374
2 -0.611996 -1.33174 0.328946
4 -0.602719 -1.33489 0.336111
4 -0.597519 -1.42802 0.333143
1 -0.772999 -0.738433 0.321114
6 -0.58715 -1.48211 0.328605
4 -0.629527 -1.23532 0.329729
1 -0.726741 -0.965492 0.319558
2 -0.64005 -1.2402 0.326949
3 -0.704089 -1.00391 0.327482
1 -0.669584 -1.18446 0.325574
2 -0.591781 -1.28248 0.341321
1 -0.565387 -1.38643 0.341117
5 -0.603531 -1.27485 0.335671
3 -0.62336 -1.21665 0.334857
5 -0.601973 -1.25876 0.32945
1 -0.56726 -1.52427 0.327709
1 -0.622918 -1.25789 0.331794
1 -0.507389 -1.5678 0.336561
1 -0.529948 -1.57505 0.329539
1 -0.68524 -0.982964 0.323581
3 -0.627693 -1.08337 0.336486
1 -0.641019 -1.15508 0.331646
4 -0.603402 -1.26815 0.336235
5 -0.565343 -1.44818 0.329673
1 -0.585009 -1.42389 0.330296
2 -0.477327 -1.84692 0.332498
2 -0.560005 -1.48418 0.32353
4 -0.508163 -1.61461 0.337669
2 -0.761838 -0.913167 0.315459
1 -0.76426 -0.858438 0.316173
2 -0.713757 -0.990323 0.319898
3 -0.652904 -1.08244 0.337184
1 -0.593644 -1.27474 0.334359
8 -0.599839 -1.30792 0.331802
6 -0.649299 -1.14717 0.330263
1 -0.581539 -1.33837 0.335866
1 -0.570899 -1.31278 0.336326
1 -0.701925 -1.02447 0.321682
3 -0.782498 -0.745865 0.317344
1 -0.729488 -0.881187 0.324387
3 -0.696949 -0.884525 0.330177
2 -0.748128 -0.783235 0.326029
5 -0.655535 -1.0987 0.328062
3 -0.621343 -1.09462 0.336498
10 -0.644594 -1.08313 0.329132
2 -0.723119 -0.814087 0.331012
2 -0.622382 -1.18561 0.326283
5 -0.581603 -1.12407 0.342092
1 -0.510338 -1.44037 0.339651
2 -0.477269 -1.5609 0.338394
5 -0.592879 -1.16171 0.332915
1 -0.655385 -1.01389 0.327033
1 -0.72661 -0.842556 0.321056
1 -0.769708 -0.654562 0.323739
3 -0.706083 -0.847671 0.328472
2 -0.707176 -0.874521 0.321734
1 -0.659355 -1.10769 0.320494
1 -0.792073 -0.728937 0.311668
4 -0.788876 -0.775423 0.310633
7 -0.769558 -0.72072 0.322698
1 -0.781451 -0.748497 0.316998
1 -0.602149 -1.2601 0.340552
1 -0.646716 -1.27062 0.333157
2 -0.511931 -1.57711 0.34064
2 -0.634041 -1.29664 0.32815
4 -0.688751 -1.1833 0.318799
1 -0.588973 -1.34438 0.334115
1 -0.653222 -1.21264 0.333809
7 -0.5898 -1.25636 0.338982
6 -0.626142 -1.23786 0.334055
2 -0.828605 -0.48424 0.31844
2 -0.702525 -0.909293 0.332913
1 -0.742029 -0.86646 0.328931
2 -0.750556 -0.984757 0.322925
1 -0.775491 -0.955531 0.318466
2 -0.828045 -0.666984 0.316773
3 -0.714678 -0.983016 0.325307
5 -0.751754 -0.912699 0.321436
1 -0.718269 -0.850032 0.327402
1 -0.704161 -0.828577 0.331504
1 -0.674421 -0.865182 0.333693
1 -0.691507 -0.984272 0.326919
1 -0.745575 -0.743978 0.32514
3 -0.703931 -0.926843 0.321727
10 -0.67127 -1.17821 0.324329
1 -0.761165 -0.920075 0.314705
1 -0.699922 -1.15308 0.324539
4 -0.723279 -1.04473 0.322738
1 -0.727054 -1.05737 0.319261
1 -0.604581 -1.22105 0.331327
1 -0.617815 -1.20264 0.333005
1 -0.66353 -1.0963 0.327039
2 -0.488285 -1.76386 0.333874
1 -0.522713 -1.64897 0.329342
1 -0.611672 -1.24258 0.327018
12 -0.530374 -1.8149 0.32917
1 -0.561013 -1.55099 0.332688
3 -0.640176 -1.37246 0.32527
3 -0.645178 -1.21932 0.325101
3 -0.61574 -1.13205 0.33243
2 -0.672532 -0.971138 0.331982
1 -0.7021 -0.939321 0.322016
5 -0.693742 -0.971184 0.322276
5 -0.71262 -0.955482 0.321273
2 -0.742657 -0.935151 0.321747
2 -0.684149 -1.01233 0.331388
5 -0.535559 -1.67043 0.331482
2 -0.654293 -1.17936 0.328209
5 -0.549885 -1.47855 0.337387
5 -0.653428 -1.1952 0.326634
1 -0.59293 -1.44832 0.326745
2 -0.58893 -1.48596 0.327309
2 -0.60414 -1.3023 0.327252
3 -0.702106 -0.913194 0.322894
2 -0.63529 -1.06242 0.334794
2 -0.61332 -1.32305 0.332132
1 -0.645855 -1.16553 0.32861
1 -0.66419 -1.04602 0.33129
1 -0.720497 -1.01644 0.326586
3 -0.760411 -0.932694 0.320311
1 -0.699267 -1.0259 0.329188
2 -0.637021 -1.18637 0.332356
4 -0.742714 -0.868498 0.321118
11 -0.721888 -0.930228 0.324167
2 -0.728649 -0.925082 0.321537
1 -0.641267 -1.15012 0.331251
2 -0.47166 -1.64795 0.34707
1 -0.713422 -0.957933 0.328558
2 -0.491821 -1.52691 0.355028
1 -0.427852 -1.79641 0.355751
1 -0.493233 -1.75932 0.342792
1 -0.570671 -1.48836 0.339625
4 -0.624681 -1.33425 0.331583
2 -0.6903 -1.08017 0.32624
1 -0.609169 -1.26005 0.332416
1 -0.551241 -1.35246 0.344592
1 -0.560122 -1.30184 0.344889
3 -0.574866 -1.15883 0.347578
1 -0.524782 -1.5912 0.336462
1 -0.640084 -1.20759 0.325471
1 -0.662604 -1.14403 0.320918
3 -0.809873 -0.650495 0.309264
3 -0.620946 -1.25863 0.326175
1 -0.685398 -1.00406 0.323791
1 -0.595707 -1.2334 0.334682
2 -0.630114 -1.20575 0.331876
7 -0.610422 -1.26042 0.33136
1 -0.839282 -0.61157 0.308453
3 -0.862544 -0.471662 0.308007
1 -0.555412 -1.40675 0.338601
1 -0.761408 -0.878685 0.323248
1 -0.749622 -0.892438 0.324147
3 -0.668213 -1.07505 0.329404
9 -0.673378 -0.912264 0.337404
4 -0.667945 -1.21801 0.324731
5 -0.632867 -1.34795 0.327852
4 -0.639452 -1.31594 0.326657
2 -0.682794 -1.14538 0.323526
6 -0.675116 -1.10257 0.329337
1 -0.645554 -1.14428 0.337815
2 -0.738304 -0.965614 0.320223
2 -0.667241 -1.21576 0.321282
1 -0.506284 -1.68592 0.334387
2 -0.55741 -1.56105 0.333198
1 -0.737607 -0.98676 0.31704
1 -0.762917 -0.80681 0.322686
3 -0.796935 -0.678343 0.321269
3 -0.77294 -0.752532 0.323059
3 -0.654583 -1.12761 0.330383
1 -0.669249 -1.15789 0.324872
1 -0.693058 -1.06623 0.323438
1 -0.757199 -0.88063 0.319276
1 -0.718012 -0.98244 0.322133
1 -0.687799 -0.942785 0.329937
1 -0.661989 -1.08751 0.327444
1 -0.701017 -0.925867 0.326559
2 -0.716208 -0.855983 0.328896
1 -0.539638 -1.55734 0.334536
1 -0.578783 -1.41176 0.330453
1 -0.5781 -1.26784 0.32664
3 -0.592986 -1.20355 0.3262
2 -0.520274 -1.29705 0.348173
11 -0.617438 -1.1775 0.329395
1 -0.736033 -0.803737 0.321941
4 -0.768902 -0.805764 0.320273
1 -0.619791 -1.08683 0.335854
2 -0.630416 -1.01671 0.333676
1 -0.696419 -0.791003 0.330582
8 -0.644661 -1.07771 0.328317
2 -0.717523 -0.848376 0.329388
4 -0.697485 -1.00053 0.324167
2 -0.726351 -0.993877 0.323622
1 -0.595468 -1.37049 0.330811
3 -0.617352 -1.18276 0.332479
3 -0.77874 -0.624497 0.32437
1 -0.807821 -0.585325 0.317335
9 -0.807729 -0.585551 0.317344
3 -0.778962 -0.834847 0.310033
1 -0.571325 -1.25146 0.333049
5 -0.598375 -1.30698 0.333731
1 -0.653789 -1.11881 0.327761
1 -0.76125 -0.735702 0.322382
9 -0.838638 -0.60666 0.309297
3 -0.883815 -0.578511 0.307408
1 -0.834267 -0.620372 0.313934
1 -0.791658 -0.670844 0.316819
6 -0.774639 -0.845733 0.313268
7 -0.781698 -0.739816 0.319278
1 -0.557296 -1.54869 0.337738
2 -0.715874 -1.09761 0.321008
3 -0.712511 -0.971226 0.320482
2 -0.724087 -1.02836 0.320175
2 -0.730019 -1.06263 0.319797
1 -0.710104 -1.10853 0.321091
4 -0.755851 -0.734912 0.323037
2 -0.77387 -0.704844 0.322461
2 -0.825681 -0.549187 0.320404
2 -0.810326 -0.613557 0.320472
6 -0.664596 -1.08127 0.33284
11 -0.682728 -1.06562 0.327364
2 -0.781348 -0.754242 0.319998
1 -0.738724 -0.882071 0.323229
3 -0.755327 -0.843126 0.322234
6 -0.768302 -0.820026 0.319931
1 -0.655938 -0.998618 0.33575
7 -0.692994 -0.871879 0.333008
1 -0.661118 -1.09205 0.32715
1 -0.749545 -0.743078 0.322319
4 -0.72123 -0.969433 0.323371
3 -0.599833 -1.39786 0.330775
1 -0.668947 -1.2274 0.321599
1 -0.600389 -1.39968 0.327831
2 -0.727338 -0.834549 0.324613
5 -0.65815 -1.13064 0.32759
2 -0.670746 -1.10422 0.326875
5 -0.643132 -1.15932 0.332571
7 -0.527356 -1.65198 0.331251
1 -0.505838 -1.66369 0.330983
5 -0.67881 -1.08564 0.319993
4 -0.693884 -1.17728 0.317422
2 -0.705879 -1.13215 0.317168
7 -0.667241 -1.25806 0.327037
3 -0.687399 -1.11961 0.322573
8 -0.659882 -1.24873 0.325813
3 -0.646705 -1.19892 0.325567
3 -0.693212 -1.05362 0.322953
3 -0.722036 -1.01797 0.319626
3 -0.515097 -1.67234 0.338233
1 -0.66527 -1.16993 0.321788
1 -0.69655 -1.05935 0.320229
2 -0.718792 -0.80565 0.322886
2 -0.609549 -1.40167 0.330115
2 -0.757761 -0.877788 0.315344
5 -0.78923 -0.874452 0.311892
4 -0.817833 -0.61956 0.315123
1 -0.69898 -1.07657 0.317155
2 -0.631968 -1.48785 0.318609
4 -0.690047 -1.24342 0.315247
2 -0.656659 -1.19759 0.324465
10 -0.681469 -1.10971 0.320753
2 -0.744038 -0.90907 0.31131
2 -0.923497 -0.137334 0.316376
3 -0.839095 -0.564417 0.314266
5 -0.731387 -0.970519 0.317207
2 -0.716454 -0.895547 0.318853
1 -0.807408 -0.615524 0.312873
1 -0.736224 -0.669023 0.327279
2 -0.760583 -0.602026 0.325767
2 -0.647652 -1.05951 0.331779
3 -0.73802 -0.915143 0.323624
3 -0.700788 -1.14694 0.321121
3 -0.722608 -1.08728 0.321802
1 -0.618403 -1.29967 0.327043
5 -0.687415 -1.04301 0.326894
1 -0.832318 -0.73642 0.309247
2 -0.687959 -1.08046 0.323893
3 -0.614496 -1.41716 0.329041
1 -0.745849 -0.909788 0.325924
1 -0.782407 -0.734027 0.321977
1 -0.69538 -0.94629 0.326893
1 -0.578266 -1.19259 0.339874
2 -0.72629 -0.880091 0.324535
5 -0.736098 -0.84917 0.32389
10 -0.642095 -1.11659 0.326103
3 -0.555438 -1.35287 0.332419
2 -0.542838 -1.4874 0.336959
1 -0.51996 -1.70186 0.335495
1 -0.586867 -1.12601 0.343735
3 -0.480608 -1.56945 0.344216
1 -0.651355 -1.03832 0.335093
7 -0.591594 -1.20137 0.341557
3 -0.606268 -1.03931 0.346276
1 -0.643167 -1.02196 0.344712
1 -0.741017 -0.787487 0.331935
1 -0.703906 -0.91788 0.334696
1 -0.701681 -0.875861 0.333498
1 -0.742937 -0.979328 0.323237
3 -0.766439 -1.09063 0.311345
4 -0.807357 -0.760251 0.307346
2 -0.717825 -0.887619 0.320936
6 -0.688057 -0.901521 0.328794
3 -0.557381 -1.44888 0.335224
2 -0.535786 -1.60775 0.338725
1 -0.596598 -1.44514 0.331297
1 -0.703412 -1.10687 0.321404
2 -0.700388 -1.0972 0.322083
1 -0.624591 -1.2018 0.33436
1 -0.642727 -1.17237 0.332486
4 -0.684239 -1.00482 0.327704
3 -0.645991 -1.15203 0.335984
5 -0.681305 -0.952204 0.334883
1 -0.764427 -0.671648 0.331935
2 -0.759868 -0.764181 0.328821
1 -0.699969 -0.8311 0.333682
4 -0.556597 -1.31672 0.337059
10 -0.776478 -0.869274 0.315021
2 -0.730313 -1.04057 0.322186
1 -0.523952 -1.68498 0.334569
6 -0.658059 -1.25334 0.325789
8 -0.652932 -1.26675 0.328478
3 -0.664972 -1.2355 0.331716
1 -0.641948 -1.11357 0.330927
6 -0.605893 -1.211 0.33679
4 -0.570012 -1.36218 0.335844
1 -0.704415 -0.998345 0.324556
2 -0.647467 -1.27556 0.324287
3 -0.688587 -1.03914 0.32235
3 -0.580416 -1.43409 0.332087
1 -0.643304 -1.1857 0.333277
1 -0.614031 -1.20731 0.331943
6 -0.706423 -1.15878 0.316536
5 -0.550284 -1.56015 0.331887
5 -0.56438 -1.51527 0.329423
1 -0.608768 -1.40142 0.325206
3 -0.65119 -1.24545 0.321268
2 -0.73577 -1.08029 0.318653
1 -0.711161 -1.01897 0.322587
6 -0.690622 -1.12585 0.320458
1 -0.78572 -0.801942 0.315165
3 -0.792805 -0.742439 0.313364
2 -0.777107 -0.927941 0.304624
6 -0.646989 -1.27258 0.318846
1 -0.695001 -0.866037 0.323778
4 -0.731797 -0.800772 0.320634
5 -0.741049 -0.714523 0.328004
1 -0.78272 -0.536347 0.322839
2 -0.84765 -0.466396 0.314341
2 -0.766966 -0.652036 0.32152
2 -0.702202 -1.03155 0.317003
2 -0.701636 -1.05065 0.317071
5 -0.718037 -0.971301 0.321796
1 -0.775435 -0.849044 0.315207
7 -0.768035 -0.827272 0.318402
4 -0.647347 -0.968974 0.335764
3 -0.57563 -1.26149 0.337057
3 -0.675366 -1.11852 0.321273
2 -0.524979 -1.6184 0.338985
1 -0.407206 -2.08148 0.342722
7 -0.580801 -1.3996 0.336171
3 -0.662805 -1.09539 0.332743
3 -0.798206 -0.629258 0.321674
3 -0.788015 -0.730854 0.319693
4 -0.736873 -0.758407 0.331542
4 -0.701592 -0.943049 0.327093
3 -0.692169 -0.946868 0.329526
2 -0.724677 -0.874919 0.32034
2 -0.721343 -0.914176 0.318157
3 -0.699353 -1.09162 0.31782
2 -0.5355 -1.72485 0.324668
3 -0.552754 -1.59167 0.324462
1 -0.530801 -1.66339 0.327011
5 -0.52487 -1.66066 0.330974
3 -0.485936 -1.69612 0.337318
3 -0.527297 -1.48663 0.337925
1 -0.617392 -1.19933 0.330074
10 -0.644768 -1.13094 0.329327
4 -0.823505 -0.545262 0.314103
1 -0.815739 -0.707155 0.307932
2 -0.733113 -1.08016 0.315857
1 -0.547023 -1.53727 0.336748
5 -0.716802 -1.06825 0.322715
4 -0.626637 -1.22928 0.331097
2 -0.644789 -1.20066 0.329304
1 -0.762907 -0.91019 0.315608
5 -0.574583 -1.40404 0.337988
5 -0.520795 -1.64124 0.335194
1 -0.608769 -1.31554 0.32431
3 -0.642743 -1.20701 0.322716
1 -0.603968 -1.17598 0.33909
1 -0.682846 -0.9285 0.32739
1 -0.696602 -0.867493 0.323015
1 -0.494627 -1.58194 0.340702
2 -0.49926 -1.59968 0.339431
9 -0.615066 -1.29289 0.327168
4 -0.605539 -1.39918 0.324371
3 -0.713564 -1.11282 0.31696
1 -0.801595 -0.627729 0.314832
2 -0.840196 -0.527011 0.310334
1 -0.817703 -0.599986 0.311368
4 -0.795372 -0.650069 0.316567
2 -0.704175 -0.906036 0.324332
3 -0.705859 -0.831226 0.325636
4 -0.714743 -0.956042 0.31763
2 -0.725864 -0.88218 0.320032
3 -0.750286 -0.906442 0.317203
1 -0.796559 -0.834123 0.310236
3 -0.801381 -0.835705 0.309896
10 -0.634807 -1.4114 0.320065
1 -0.493857 -1.79679 0.334268
1 -0.513138 -1.61083 0.339259
1 -0.543102 -1.6408 0.325243
5 -0.592816 -1.31959 0.326484
2 -0.625587 -1.07788 0.327898
3 -0.644453 -1.02521 0.32939
3 -0.676753 -0.97246 0.329967
1 -0.598066 -1.32529 0.333225
2 -0.524436 -1.53117 0.341328
1 -0.537147 -1.56221 0.340731
1 -0.504919 -1.60767 0.341125
1 -0.615475 -1.14874 0.329983
1 -0.655967 -1.11066 0.322064
3 -0.652168 -1.06574 0.32512
3 -0.578147 -1.4591 0.334601
1 -0.693591 -0.980746 0.326044
2 -0.561003 -1.49848 0.338878
1 -0.551811 -1.5174 0.338238
1 -0.55261 -1.59061 0.328105
3 -0.682306 -1.02646 0.32275
1 -0.687397 -0.921218 0.324908
1 -0.670221 -1.0542 0.323651
4 -0.621344 -1.20489 0.331439
2 -0.665368 -1.10766 0.330665
3 -0.718773 -1.08505 0.321733
2 -0.743339 -0.973555 0.315796
1 -0.73416 -0.879483 0.318894
1 -0.681117 -1.08058 0.324287
1 -0.641153 -1.22603 0.320516
1 -0.636564 -1.15892 0.327201
2 -0.589055 -1.2045 0.330607
3 -0.551317 -1.38824 0.336047
2 -0.712585 -0.979414 0.322476
8 -0.707528 -1.03834 0.320627
8 -0.671974 -1.14619 0.325081
1 -0.639895 -1.1405 0.336131
7 -0.613661 -1.36775 0.335327
1 -0.671177 -1.13026 0.326923
2 -0.725196 -0.955127 0.321929
4 -0.529084 -1.50836 0.339771
1 -0.72171 -0.977687 0.319318
2 -0.834032 -0.567461 0.31429
1 -0.762269 -0.722017 0.320435
1 -0.711349 -0.902453 0.328356
2 -0.591158 -1.17642 0.341727
2 -0.576326 -1.15513 0.346893
1 -0.612038 -1.19367 0.340148
3 -0.5871 -1.53467 0.324974
3 -0.527872 -1.71916 0.32951
2 -0.619137 -1.28632 0.322724
1 -0.756489 -0.951604 0.316233
2 -0.650804 -1.2584 0.321806
1 -0.569259 -1.6287 0.322996
4 -0.468717 -1.69276 0.337831
5 -0.473877 -1.82938 0.330963
2 -0.747476 -0.654972 0.332485
5 -0.616315 -1.21756 0.332872
1 -0.518315 -1.51476 0.340484
2 -0.583431 -1.42394 0.328152
5 -0.628232 -1.34142 0.325318
3 -0.575774 -1.3716 0.33294
6 -0.75882 -0.830707 0.321356
1 -0.718637 -1.09648 0.3215
1 -0.756649 -0.809066 0.326972
5 -0.756588 -0.85315 0.326354
2 -0.757166 -0.910658 0.311638
3 -0.747582 -0.838325 0.321326
9 -0.734511 -0.970074 0.320285
7 -0.550382 -1.50925 0.338027
2 -0.459499 -1.63001 0.346848
2 -0.469746 -1.67568 0.342341
1 -0.529473 -1.49145 0.33567
4 -0.586449 -1.26771 0.337397
3 -0.617732 -1.29737 0.330291
1 -0.784499 -0.61064 0.319637
4 -0.723064 -0.925021 0.320831
1 -0.544706 -1.43421 0.341134
2 -0.520904 -1.48557 0.344719
1 -0.54351 -1.35139 0.348669
1 -0.455825 -1.55821 0.356162
2 -0.459214 -1.58126 0.354562
3 -0.578868 -1.14938 0.343167
8 -0.590299 -1.36734 0.337474
1 -0.671464 -1.16187 0.331622
1 -0.630518 -1.18469 0.336319
1 -0.693389 -1.05204 0.329486
2 -0.592581 -1.25261 0.343912
2 -0.708973 -1.09789 0.321189
1 -0.81157 -0.60961 0.318816
3 -0.822571 -0.553003 0.318817
1 -0.544763 -1.56663 0.336701
3 -0.44858 -1.90632 0.341085
1 -0.697588 -1.15944 0.316266
2 -0.68288 -1.20463 0.31762
4 -0.750337 -0.999667 0.311814
2 -0.657281 -1.13442 0.327859
2 -0.763932 -0.878047 0.318026
2 -0.704403 -0.952212 0.324167
2 -0.607627 -1.36392 0.337736
1 -0.630386 -1.33917 0.333889
2 -0.694302 -1.08489 0.328896
2 -0.603478 -1.37034 0.330722
10 -0.711036 -0.957098 0.32196
3 -0.711914 -0.894936 0.324383
1 -0.753834 -0.811029 0.319211
2 -0.679689 -0.911047 0.332358
1 -0.671722 -1.04814 0.335631
1 -0.679926 -0.974441 0.333346
1 -0.654132 -1.10831 0.331622
5 -0.630803 -1.19257 0.332784
1 -0.610213 -1.1422 0.338852
9 -0.59672 -1.20255 0.340966
1 -0.559727 -1.37223 0.342082
3 -0.570829 -1.30805 0.342155
1 -0.56361 -1.49115 0.333745
3 -0.698516 -1.04921 0.324472
2 -0.641026 -1.25942 0.322304
1 -0.678409 -1.13094 0.320963
1 -0.630015 -1.22137 0.3268
3 -0.719671 -0.834486 0.327094
5 -0.767411 -0.781218 0.320401
2 -0.772082 -0.742636 0.322376
1 -0.674543 -0.986593 0.330095
1 -0.58762 -1.29711 0.336629
3 -0.740909 -0.663188 0.333846
5 -0.681374 -0.784112 0.337043
2 -0.687811 -0.724596 0.337697
1 -0.611115 -1.08153 0.339062
3 -0.803421 -0.517982 0.323075
1 -0.879534 -0.387912 0.314814
1 -0.825793 -0.633126 0.317523
4 -0.925433 -0.28092 0.313061
4 -0.77518 -0.556755 0.333158
1 -0.816191 -0.559295 0.317299
1 -0.809387 -0.583985 0.315802
2 -0.81554 -0.571201 0.315216
6 -0.778003 -0.687853 0.317932
4 -0.663045 -1.07428 0.325346
4 -0.51028 -1.60598 0.336799
3 -0.568976 -1.40813 0.331123
2 -0.674518 -1.0629 0.325811
12 -0.677221 -1.04758 0.325126
1 -0.695263 -1.12253 0.31948
1 -0.771018 -0.864457 0.318803
1 -0.606119 -1.28396 0.335233
1 -0.696406 -1.05301 0.325111
2 -0.686842 -1.03156 0.326231
2 -0.638959 -1.10775 0.328409
1 -0.622801 -1.10539 0.32575
3 -0.641443 -1.04974 0.325204
1 -0.517903 -1.57729 0.332113
2 -0.570192 -1.40619 0.330054
2 -0.651929 -1.06973 0.324383
1 -0.731867 -0.854375 0.319979
1 -0.761522 -0.743429 0.318608
2 -0.805658 -0.61172 0.320457
2 -0.905662 -0.500283 0.302763
1 -0.808086 -0.633734 0.320294
1 -0.722577 -0.95095 0.324032
2 -0.70556 -0.831367 0.330446
2 -0.678137 -1.09495 0.327023
7 -0.631948 -1.27457 0.324846
1 -0.636002 -1.27899 0.322757
5 -0.480628 -1.57149 0.342562
1 -0.491561 -1.54931 0.338798
3 -0.491297 -1.59303 0.338788
1 -0.516031 -1.49783 0.340351
3 -0.656839 -1.09406 0.332525
2 -0.758433 -0.728386 0.320735
2 -0.658484 -0.908695 0.334321
1 -0.609534 -1.17037 0.334693
3 -0.673519 -0.827775 0.337673
1 -0.705961 -0.948259 0.329468
2 -0.777875 -0.764105 0.311503
2 -0.752135 -0.891213 0.31849
1 -0.626425 -1.23164 0.33165
10 -0.602017 -1.40914 0.324943
1 -0.638231 -1.28366 0.321574
2 -0.55211 -1.47095 0.335009
4 -0.574677 -1.32239 0.333044
1 -0.567722 -1.45054 0.332569
1 -0.807211 -0.625197 0.32017
3 -0.627621 -1.21686 0.333328
5 -0.760849 -0.698237 0.323295
1 -0.637725 -1.08981 0.329264
1 -0.63397 -1.09742 0.331077
3 -0.582001 -1.27559 0.33711
2 -0.531455 -1.61057 0.330459
4 -0.561572 -1.48979 0.329342
3 -0.487034 -1.64873 0.342074
3 -0.688645 -1.09822 0.320942
2 -0.703888 -0.817739 0.326068
2 -0.641641 -1.04788 0.330403
11 -0.622186 -1.43311 0.336536
4 -0.622855 -1.16048 0.344221
2 -0.487889 -1.6891 0.344365
4 -0.523837 -1.49265 0.338515
3 -0.483397 -1.78141 0.339826
2 -0.608004 -1.26812 0.325646
2 -0.667342 -1.18713 0.32834
7 -0.588917 -1.33906 0.338132
3 -0.537625 -1.57647 0.337097
5 -0.583732 -1.34416 0.337742
1 -0.578716 -1.29637 0.342032
1 -0.647592 -1.01182 0.335671
2 -0.6139 -1.1721 0.334817
6 -0.545866 -1.31516 0.343659
3 -0.714367 -1.10544 0.317727
2 -0.78094 -0.777645 0.322858
1 -0.825645 -0.679317 0.318492
2 -0.669959 -1.18088 0.326663
6 -0.670191 -1.065 0.330537
7 -0.624266 -1.05101 0.341574
18 -0.677065 -0.977976 0.325251
2 -0.627159 -1.28478 0.327217
1 -0.536996 -1.68364 0.337872
7 -0.593814 -1.3553 0.33398
3 -0.620753 -1.26142 0.331885
2 -0.627122 -1.24688 0.332356
1 -0.56114 -1.49211 0.333741
7 -0.630154 -1.15325 0.337901
1 -0.65169 -1.07038 0.334256
2 -0.604561 -1.2617 0.333302
2 -0.62664 -1.25801 0.328705
4 -0.717591 -0.950375 0.320447
8 -0.68438 -0.974959 0.329174
2 -0.822325 -0.603975 0.315081
1 -0.664892 -1.0234 0.329566
1 -0.620732 -1.18084 0.327094
3 -0.647576 -1.1311 0.330214
1 -0.624194 -1.32386 0.326934
3 -0.792151 -0.730922 0.319296
3 -0.768351 -0.678049 0.320733
3 -0.562164 -1.47631 0.334652
1 -0.652184 -1.04778 0.328859
2 -0.665587 -0.906147 0.33607
2 -0.772887 -0.665714 0.323298
2 -0.813597 -0.727593 0.311887
11 -0.722135 -1.02326 0.318649
3 -0.63948 -1.21629 0.320347
2 -0.665302 -0.917594 0.330894
1 -0.61262 -1.01346 0.337701
2 -0.639847 -1.07255 0.327676
1 -0.719723 -1.02991 0.320195
3 -0.69923 -1.01561 0.323495
2 -0.692865 -1.06781 0.322798
2 -0.648923 -1.14616 0.328726
1 -0.678269 -1.07471 0.328987
1 -0.5599 -1.4446 0.338235
1 -0.64655 -1.03478 0.33263
6 -0.65634 -1.09679 0.327469
1 -0.787883 -0.607789 0.321492
1 -0.804588 -0.565103 0.321009
9 -0.803225 -0.550989 0.322633
4 -0.610096 -1.16177 0.334762
2 -0.587225 -1.26049 0.32924
1 -0.577267 -1.15485 0.337691
1 -0.585882 -1.30697 0.333148
1 -0.637808 -1.22438 0.327614
1 -0.734306 -0.950012 0.317219
1 -0.736674 -0.956717 0.321069
2 -0.721572 -0.916087 0.323379
2 -0.562362 -1.43447 0.334164
4 -0.467666 -1.859 0.334792
2 -0.651667 -1.18035 0.326714
6 -0.660506 -1.1635 0.322579
1 -0.789214 -0.675072 0.322348
2 -0.816939 -0.450939 0.329131
3 -0.863044 -0.470785 0.316868
4 -0.839372 -0.463618 0.323713
1 -0.712142 -0.865715 0.334238
4 -0.669185 -0.979923 0.336706
3 -0.624497 -1.1591 0.337462
1 -0.647414 -0.94227 0.340363
1 -0.652164 -0.942657 0.335103
1 -0.668651 -1.089 0.323562
9 -0.672585 -1.10299 0.326423
1 -0.605164 -1.33154 0.330836
2 -0.635238 -1.1956 0.329267
2 -0.606904 -1.19151 0.334195
1 -0.5979 -1.37493 0.328925
2 -0.717591 -1.14768 0.31883
8 -0.637107 -1.06098 0.327137
1 -0.647831 -0.986296 0.332598
1 -0.730134 -0.947216 0.319469
1 -0.756039 -0.825343 0.315592
8 -0.719511 -0.898334 0.322999
2 -0.674496 -0.893148 0.328492
4 -0.786567 -0.646006 0.319805
1 -0.715493 -0.843033 0.32605
9 -0.685246 -1.17547 0.321338
2 -0.683664 -0.91372 0.329431
1 -0.738917 -0.801666 0.320431
3 -0.703239 -1.03736 0.322884
1 -0.584053 -1.41853 0.329669
3 -0.563211 -1.47704 0.330939
1 -0.715165 -0.88248 0.323635
2 -0.704821 -0.902074 0.324433
1 -0.710944 -0.830052 0.326422
4 -0.66975 -0.926146 0.333706
1 -0.623541 -1.13236 0.332307
1 -0.571118 -1.36302 0.340196
8 -0.615777 -1.08206 0.339099
2 -0.566121 -1.32932 0.336771
6 -0.634386 -1.07243 0.331673
6 -0.659511 -1.06393 0.328586
3 -0.685157 -0.902815 0.32509
1 -0.706212 -0.934006 0.326287
1 -0.59336 -1.31506 0.328862
6 -0.664188 -1.13159 0.326422
4 -0.64697 -0.930894 0.340026
7 -0.765909 -0.686053 0.331915
1 -0.783455 -0.700034 0.320723
1 -0.715097 -0.87053 0.323584
3 -0.598928 -1.19886 0.335831
2 -0.704409 -0.865687 0.331627
5 -0.695019 -0.86129 0.333461
1 -0.517233 -1.33103 0.342386
1 -0.726848 -0.862831 0.321975
1 -0.624153 -1.07885 0.332944
3 -0.644958 -1.04536 0.329204
3 -0.638868 -1.19563 0.325953
1 -0.634096 -1.27994 0.325047
4 -0.608822 -1.34485 0.32935
5 -0.691353 -0.829332 0.330994
2 -0.667302 -0.953563 0.332423
2 -0.60555 -1.18537 0.331673
3 -0.638492 -1.05343 0.329866
2 -0.643015 -1.10053 0.3296
1 -0.640732 -1.075 0.332514
3 -0.597058 -1.38178 0.331189
1 -0.613225 -1.47637 0.324357
1 -0.525211 -1.74582 0.331509
5 -0.57109 -1.39447 0.329875
3 -0.637745 -1.19797 0.324737
2 -0.602791 -1.27105 0.332893
2 -0.619935 -1.10014 0.338374
6 -0.646136 -1.09064 0.33297
2 -0.705049 -0.928388 0.327708
1 -0.78454 -0.847003 0.313919
1 -0.768095 -0.866013 0.315945
1 -0.713173 -0.990413 0.321946
2 -0.725016 -0.962962 0.319787
2 -0.589207 -1.34811 0.334514
29 -0.619938 -1.2992 0.333827
1 -0.633274 -1.29774 0.324285
11 -0.609983 -1.29478 0.332502
1 -0.661195 -1.14516 0.327992
5 -0.754623 -0.760482 0.319901
1 -0.640164 -1.14091 0.332937
3 -0.650368 -1.24677 0.321705
1 -0.588577 -1.41652 0.329868
2 -0.615942 -1.3345 0.327638
2 -0.777484 -0.665385 0.322717
4 -0.759377 -0.800971 0.323075
3 -0.79579 -0.652771 0.317712
1 -0.789721 -0.656435 0.31993
7 -0.759703 -0.630992 0.323784
3 -0.736037 -0.721964 0.325904
7 -0.636498 -1.06854 0.331864
4 -0.663304 -0.977696 0.33253
3 -0.601492 -1.29649 0.334816
1 -0.57419 -1.40457 0.333118
1 -0.694128 -1.04363 0.322317
1 -0.77033 -0.883836 0.314769
1 -0.690082 -1.16316 0.316415
3 -0.75545 -0.751336 0.316209
2 -0.61263 -1.3303 0.325766
1 -0.58788 -1.27538 0.332415
1 -0.653386 -1.13376 0.326761
5 -0.784048 -0.744528 0.31701
1 -0.650164 -1.30947 0.326927
1 -0.625239 -1.23133 0.331558
3 -0.675239 -0.891718 0.336819
1 -0.660134 -1.18933 0.325695
1 -0.664278 -1.09651 0.327021
6 -0.698769 -0.964336 0.322751
2 -0.657032 -1.0612 0.330798
5 -0.622495 -1.21535 0.330114
2 -0.776486 -0.769255 0.318937
1 -0.593975 -1.11415 0.33879
1 -0.619193 -1.03129 0.337892
7 -0.567632 -1.23043 0.337404
6 -0.625142 -1.28279 0.327046
5 -0.840021 -0.495975 0.320633
4 -0.812651 -0.505457 0.328045
1 -0.783993 -0.711068 0.310398
1 -0.792667 -0.686934 0.309632
2 -0.621479 -1.28872 0.320952
4 -0.708638 -0.900005 0.319239
2 -0.562614 -1.47038 0.327846
6 -0.60796 -1.36047 0.322392
3 -0.65289 -1.11343 0.331718
7 -0.575985 -1.47877 0.33416
6 -0.623491 -1.29338 0.327172
1 -0.75037 -0.952774 0.315245
1 -0.756149 -0.727539 0.319716
1 -0.768031 -0.695455 0.31864
2 -0.729962 -0.85564 0.319216
4 -0.623266 -1.06755 0.331019
5 -0.671262 -1.25952 0.315072
3 -0.730259 -1.05907 0.309011
2 -0.692581 -1.16056 0.320592
1 -0.643999 -1.29468 0.325093
2 -0.514008 -1.60052 0.338702
1 -0.528693 -1.6134 0.336154
2 -0.638412 -1.25551 0.324784
5 -0.635407 -1.29199 0.326596
3 -0.694344 -1.20495 0.316174
3 -0.650191 -1.20416 0.326827
1 -0.619957 -1.28057 0.334185
5 -0.747863 -0.8274 0.325522
2 -0.83238 -0.527995 0.31802
3 -0.806119 -0.504667 0.321728
1 -0.613965 -1.36561 0.331595
1 -0.445954 -1.74341 0.344594
1 -0.322167 -2.15742 0.361706
2 -0.409926 -1.84529 0.355885
2 -0.585268 -1.1736 0.344348
2 -0.570877 -1.29037 0.336604
4 -0.844451 -0.436804 0.315531
1 -0.704372 -0.97735 0.312206
4 -0.814576 -0.793455 0.302571
1 -0.791357 -0.8702 0.301687
1 -0.412676 -1.83195 0.340105
1 -0.567671 -1.52198 0.322311
1 -0.591383 -1.34494 0.334267
2 -0.573413 -1.40034 0.334423
1 -0.651352 -1.07855 0.331468
4 -0.678522 -1.00202 0.328099
4 -0.65895 -1.0931 0.327752
2 -0.59568 -1.38867 0.329245
4 -0.754619 -1.00026 0.313406
2 -0.675837 -1.2219 0.325438
1 -0.712178 -1.07848 0.32512
1 -0.700821 -0.899984 0.326188
2 -0.672445 -1.0971 0.327098
5 -0.654671 -1.20386 0.32742
3 -0.732644 -0.941175 0.319467
1 -0.707474 -1.01606 0.3211
1 -0.590103 -1.29283 0.331217
1 -0.603018 -1.10144 0.342738
2 -0.637623 -1.07036 0.339898
3 -0.689822 -1.0825 0.321621
1 -0.743003 -0.896789 0.313043
4 -0.715952 -0.943891 0.325778
2 -0.760092 -0.753551 0.322989
2 -0.623132 -1.1208 0.331441
8 -0.653166 -1.11861 0.325389
1 -0.757137 -0.595426 0.322533
1 -0.815688 -0.406123 0.32742
3 -0.80532 -0.437118 0.326647
1 -0.685535 -0.95873 0.330188
1 -0.696837 -0.897392 0.331371
4 -0.762974 -0.764522 0.323742
7 -0.847154 -0.477698 0.314894
1 -0.85646 -0.424365 0.31213
4 -0.711618 -0.835304 0.318802
4 -0.669871 -0.964844 0.333019
1 -0.652716 -1.04373 0.335187
1 -0.55277 -1.33817 0.338687
3 -0.857024 -0.471871 0.307829
2 -0.830481 -0.485072 0.316107
2 -0.741241 -1.01772 0.317357
6 -0.602019 -1.31202 0.334066
9 -0.605165 -1.30429 0.334029
1 -0.681131 -1.07754 0.327364
1 -0.762308 -0.758483 0.325067
4 -0.737025 -0.939196 0.322824
1 -0.659228 -1.2145 0.328581
1 -0.651307 -1.17015 0.326936
2 -0.643338 -1.15744 0.331498
1 -0.687086 -0.972078 0.33059
5 -0.578836 -1.37775 0.337493
1 -0.6279 -1.19747 0.328974
1 -0.431065 -1.77057 0.346238
4 -0.438752 -1.68399 0.347262
3 -0.671663 -1.07303 0.328335
2 -0.821349 -0.502713 0.317564
6 -0.534372 -1.37682 0.341252
3 -0.574115 -1.39164 0.335357
4 -0.574552 -1.42979 0.331902
5 -0.608458 -1.31285 0.333449
1 -0.682238 -1.02153 0.326532
1 -0.645425 -1.05689 0.332328
1 -0.638451 -1.0832 0.332211
2 -0.665974 -1.08096 0.329121
1 -0.668288 -1.08042 0.329969
3 -0.677862 -1.10811 0.326397
5 -0.736346 -0.89603 0.32601
2 -0.656474 -1.09986 0.325902
1 -0.573655 -1.32766 0.329641
3 -0.67194 -1.0321 0.318219
3 -0.62574 -1.21379 0.317047
1 -0.755663 -0.793344 0.315415
1 -0.719583 -0.905036 0.322506
1 -0.727138 -0.763585 0.326629
3 -0.752612 -0.705612 0.316516
5 -0.83005 -0.649145 0.308518
1 -0.882902 -0.396135 0.30868
5 -0.847309 -0.547705 0.311594
2 -0.769321 -0.837802 0.313573
4 -0.736312 -1.04401 0.313538
1 -0.702198 -1.05212 0.321347
3 -0.647527 -1.17326 0.324547
2 -0.535459 -1.48399 0.336567
4 -0.453121 -1.93692 0.341837
3 -0.5431 -1.41128 0.339408
2 -0.606755 -1.35288 0.328756
2 -0.785207 -0.778597 0.314052
2 -0.724311 -0.847446 0.320792
5 -0.7493 -0.764309 0.319566
1 -0.792695 -0.649927 0.315715
5 -0.753377 -0.763086 0.322758
4 -0.749316 -0.720486 0.324094
3 -0.52842 -1.43509 0.341925
2 -0.669728 -1.05847 0.330679
1 -0.721976 -0.873336 0.325625
1 -0.839349 -0.542747 0.315371
2 -0.690215 -0.905227 0.336576
6 -0.657662 -0.965922 0.340715
1 -0.551825 -1.41109 0.342289
2 -0.562617 -1.39362 0.341781
5 -0.597737 -1.22444 0.342517
3 -0.58148 -1.17952 0.346634
2 -0.511804 -1.51593 0.343647
6 -0.571745 -1.15707 0.345214
1 -0.655246 -1.05065 0.330505
3 -0.807076 -0.832852 0.308959
3 -0.648458 -1.34913 0.325401
5 -0.681786 -1.17955 0.324321
12 -0.669625 -1.06864 0.330301
1 -0.586147 -1.35228 0.331716
7 -0.637497 -1.11279 0.329639
2 -0.688447 -1.02596 0.325265
3 -0.652778 -1.0571 0.326188
7 -0.71663 -0.919919 0.322526
1 -0.631917 -1.18796 0.329252
1 -0.689462 -1.02342 0.326224
4 -0.766533 -0.822058 0.319502
2 -0.834977 -0.692244 0.311137
1 -0.697883 -1.15055 0.321701
1 -0.705862 -0.895723 0.332066
8 -0.838786 -0.544471 0.311248
3 -0.674365 -1.03072 0.324774
2 -0.679455 -1.02654 0.327928
9 -0.747318 -0.853505 0.317984
1 -0.726948 -0.830353 0.319395
2 -0.676978 -1.10773 0.321119
3 -0.76815 -0.85317 0.308479
6 -0.69308 -1.08571 0.313707
3 -0.76927 -0.721908 0.318572
2 -0.722784 -0.902383 0.31974
3 -0.524879 -1.83482 0.329114
1 -0.696195 -1.19833 0.317075
1 -0.57598 -1.56927 0.326304
5 -0.499731 -1.62668 0.330996
1 -0.580644 -1.35208 0.326809
2 -0.469046 -1.87782 0.338209
6 -0.535601 -1.68443 0.332939
1 -0.472735 -1.53644 0.350072
3 -0.605903 -1.17975 0.336285
1 -0.503103 -1.60923 0.339625
1 -0.51358 -1.56192 0.336662
2 -0.572269 -1.30223 0.340591
2 -0.733064 -0.910319 0.317362
3 -0.673049 -0.946065 0.334426
1 -0.64566 -1.14042 0.328562
4 -0.779985 -0.697267 0.309841
3 -0.843003 -0.49948 0.314075
5 -0.857321 -0.474745 0.311361
3 -0.620897 -1.06477 0.333211
4 -0.529969 -1.48016 0.332387
5 -0.566747 -1.24933 0.33379
3 -0.714451 -0.817366 0.324957
1 -0.438303 -1.78307 0.343736
2 -0.54071 -1.51368 0.339068
1 -0.640925 -1.14406 0.330306
1 -0.644973 -1.13813 0.330339
7 -0.638015 -1.2012 0.328755
3 -0.668832 -1.19247 0.329164
3 -0.739623 -0.864876 0.320466
2 -0.723571 -0.700186 0.328368
1 -0.768544 -0.655863 0.319975
4 -0.768544 -0.655863 0.319975
3 -0.716957 -0.973556 0.317506
1 -0.647005 -1.16694 0.324561
1 -0.648573 -0.998362 0.336963
3 -0.573194 -1.4507 0.338454
2 -0.521831 -1.40321 0.345694
1 -0.684511 -0.950894 0.329789
8 -0.722427 -0.783712 0.333484
1 -0.77428 -0.681806 0.326776
1 -0.794474 -0.554364 0.327097
4 -0.724228 -0.874161 0.326583
5 -0.692111 -0.923576 0.328594
2 -0.629029 -1.08821 0.344541
11 -0.641107 -1.10193 0.339665
1 -0.640009 -1.14805 0.336695
12 -0.680481 -1.04307 0.335652
1 -0.542023 -1.25365 0.338683
9 -0.530975 -1.29833 0.33835
4 -0.507873 -1.43682 0.344177
1 -0.676215 -0.822701 0.341089
1 -0.660632 -0.90543 0.339873
1 -0.692237 -0.898262 0.33264
1 -0.709862 -0.959109 0.328274
2 -0.664474 -1.06287 0.332905
1 -0.486554 -1.58568 0.351423
2 -0.751913 -0.791486 0.325225
1 -0.697047 -0.885036 0.335145
2 -0.591255 -1.29732 0.341022
1 -0.773949 -0.683721 0.327727
2 -0.780693 -0.581139 0.325253
2 -0.764977 -0.632907 0.324787
1 -0.71835 -0.853108 0.323459
1 -0.71389 -0.856642 0.32346
1 -0.660481 -1.14713 0.323429
3 -0.68338 -1.06445 0.328602
2 -0.652762 -1.09697 0.33269
1 -0.690698 -0.991577 0.326487
3 -0.623102 -1.20207 0.337331
3 -0.806576 -0.65925 0.320067
5 -0.822833 -0.617138 0.319031
6 -0.761292 -0.849897 0.320901
8 -0.717962 -0.861655 0.32416
4 -0.765305 -0.798892 0.312904
3 -0.760204 -0.830146 0.310898
8 -0.621229 -1.34268 0.326306
4 -0.677944 -1.15693 0.32051
2 -0.559991 -1.40713 0.333291
2 -0.594973 -1.28079 0.331986
2 -0.66656 -1.13498 0.325685
5 -0.663939 -1.07586 0.32521
3 -0.698987 -0.877835 0.325904
3 -0.804784 -0.667246 0.314764
3 -0.764128 -0.841542 0.315848
3 -0.701892 -0.8898 0.322446
10 -0.706216 -1.01329 0.318573
2 -0.7341 -0.953009 0.316859
1 -0.738677 -0.899331 0.322483
2 -0.777043 -0.739063 0.320962
3 -0.757849 -0.9138 0.324461
1 -0.801439 -0.695553 0.317703
2 -0.804855 -0.699836 0.318804
6 -0.828439 -0.54877 0.315898
9 -0.749061 -0.801561 0.319967
6 -0.717371 -0.924541 0.313329
2 -0.686162 -1.18833 0.318139
1 -0.63752 -1.28948 0.325807
1 -0.626357 -1.44732 0.32518
1 -0.521438 -1.74368 0.330504
2 -0.783628 -0.781707 0.316998
1 -0.767323 -0.791617 0.319635
3 -0.752095 -0.808644 0.321235
3 -0.685886 -1.04926 0.325432
1 -0.574357 -1.3761 0.333724
1 -0.547307 -1.31517 0.341436
2 -0.619727 -1.22866 0.336353
3 -0.745967 -1.02872 0.321622
2 -0.806942 -0.695047 0.318604
3 -0.644664 -1.19827 0.337523
4 -0.631868 -1.3263 0.330725
9 -0.740408 -0.953128 0.325739
4 -0.691127 -1.01799 0.329659
3 -0.598956 -1.18216 0.340701
1 -0.648535 -1.06125 0.337006
3 -0.728667 -0.830476 0.33181
1 -0.812185 -0.642411 0.323197
2 -0.69921 -0.956022 0.332995
7 -0.542991 -1.63607 0.338994
1 -0.602097 -1.38267 0.333494
2 -0.67439 -1.18135 0.321954
1 -0.758458 -0.923824 0.314518
1 -0.711026 -0.83666 0.326079
1 -0.687392 -1.01838 0.322019
1 -0.67785 -1.08739 0.324912
2 -0.603708 -1.30621 0.329929
5 -0.497019 -1.57758 0.340106
2 -0.605535 -1.24232 0.330479
1 -0.555056 -1.28917 0.336639
2 -0.627212 -0.945182 0.33634
1 -0.626423 -0.943836 0.336748
1 -0.60674 -1.09979 0.33559
5 -0.768866 -1.01037 0.31134
1 -0.778807 -0.874608 0.313955
6 -0.703395 -0.998569 0.322333
1 -0.811426 -0.769695 0.312467
2 -0.631184 -1.30249 0.326915
7 -0.534342 -1.52584 0.341229
3 -0.587291 -1.47552 0.329179
4 -0.692205 -1.08942 0.314755
4 -0.781911 -0.82947 0.312539
4 -0.797095 -0.866027 0.308675
1 -0.792974 -0.717814 0.313261
1 -0.699172 -0.976274 0.321653
3 -0.614215 -1.16601 0.330666
1 -0.772431 -0.690021 0.320854
3 -0.745981 -0.938963 0.316393
5 -0.769076 -0.795492 0.312986
10 -0.800437 -0.688866 0.310595
1 -0.682574 -1.13679 0.323723
2 -0.699204 -0.889027 0.331544
5 -0.59546 -1.32168 0.33549
5 -0.776237 -0.798607 0.318583
4 -0.778965 -0.798472 0.318285
3 -0.765923 -0.760464 0.316416
6 -0.709565 -0.949612 0.322142
7 -0.740726 -0.837161 0.320144
3 -0.605883 -1.19662 0.334745
1 -0.619891 -1.33292 0.325649
3 -0.658468 -1.15553 0.325819
8 -0.54614 -1.46901 0.336112
2 -0.777157 -0.671328 0.322657
2 -0.700376 -0.861251 0.332253
7 -0.731613 -0.698514 0.331284
4 -0.795014 -0.71203 0.317069
1 -0.751486 -0.767431 0.323425
6 -0.721409 -0.882406 0.327744
8 -0.735106 -0.797183 0.326903
2 -0.585894 -1.51762 0.32782
5 -0.619957 -1.38322 0.324623
2 -0.716033 -0.966818 0.324245
3 -0.605946 -1.32655 0.333648
3 -0.597811 -1.4445 0.333727
1 -0.567061 -1.54303 0.333011
3 -0.578007 -1.28009 0.334121
1 -0.60231 -1.28101 0.327994
2 -0.701805 -1.05528 0.324019
1 -0.708189 -1.04764 0.321333
1 -0.794035 -0.696103 0.319816
3 -0.748171 -0.923292 0.321385
3 -0.728479 -0.936117 0.320579
3 -0.602338 -1.27578 0.333365
1 -0.590321 -1.30452 0.336036
3 -0.659678 -1.07294 0.331593
2 -0.59626 -1.2429 0.337229
1 -0.566228 -1.36511 0.340532
1 -0.613078 -1.28329 0.335821
1 -0.708575 -1.03847 0.323311
6 -0.731775 -0.955986 0.321826
3 -0.758984 -0.90452 0.315796
3 -0.626679 -1.17246 0.327611
5 -0.650903 -1.09082 0.327716
2 -0.676267 -0.930717 0.329443
2 -0.686009 -0.948686 0.325324
3 -0.647616 -1.02686 0.330696
2 -0.66856 -1.16619 0.318321
2 -0.577096 -1.44431 0.325858
2 -0.580025 -1.45826 0.329334
2 -0.522267 -1.62173 0.330874
3 -0.516019 -1.69315 0.332612
1 -0.524282 -1.4413 0.338376
5 -0.605624 -1.3293 0.325996
1 -0.635834 -0.954133 0.332273
1 -0.54683 -1.34806 0.341659
7 -0.643336 -1.17258 0.333393
1 -0.687123 -0.88847 0.335179
1 -0.662844 -0.950169 0.336682
1 -0.666736 -0.97802 0.335128
1 -0.699546 -1.03596 0.319141
2 -0.704942 -0.672306 0.331756
2 -0.631507 -1.10249 0.327618
2 -0.668433 -1.21206 0.318527
1 -0.750042 -0.827589 0.322723
2 -0.753656 -0.766351 0.318759
6 -0.694955 -0.914595 0.324502
1 -0.733034 -0.801515 0.324515
2 -0.723619 -0.777834 0.331796
2 -0.640637 -1.15392 0.33349
3 -0.648994 -1.29263 0.32304
2 -0.649108 -1.26015 0.32405
2 -0.524913 -1.43523 0.346782
1 -0.811294 -0.492235 0.322125
5 -0.818712 -0.482677 0.320619
9 -0.813046 -0.570595 0.319894
1 -0.761112 -0.669374 0.320024
3 -0.717532 -0.957886 0.319687
6 -0.601791 -1.21181 0.337066
1 -0.666359 -1.09416 0.325518
1 -0.63025 -1.11926 0.331313
2 -0.727343 -0.827493 0.325483
2 -0.647979 -1.11384 0.330462
4 -0.685698 -1.02377 0.329625
7 -0.715465 -0.928608 0.326129
9 -0.697835 -1.06003 0.330701
1 -0.612758 -1.25794 0.33167
5 -0.722681 -0.935393 0.322818
4 -0.722954 -1.01932 0.320995
2 -0.64683 -1.05242 0.333768
1 -0.568135 -1.33563 0.338632
4 -0.584314 -1.29471 0.336055
1 -0.544851 -1.44499 0.340777
3 -0.430292 -1.80271 0.34923
1 -0.578688 -1.36914 0.338222
5 -0.773211 -0.754938 0.322117
3 -0.76219 -0.836071 0.322809
1 -0.738038 -1.00074 0.317037
2 -0.72064 -1.08469 0.318786
2 -0.737348 -0.940111 0.322597
4 -0.722431 -0.901805 0.325692
3 -0.546895 -1.46589 0.340815
2 -0.546641 -1.51998 0.336088
10 -0.540845 -1.42075 0.338456
1 -0.515172 -1.42879 0.345179
13 -0.487104 -1.59157 0.348986
4 -0.508704 -1.48207 0.3493
1 -0.516417 -1.673 0.340354
2 -0.536817 -1.53565 0.336605
1 -0.624776 -1.21877 0.332728
2 -0.551035 -1.35286 0.337553
2 -0.743269 -0.742598 0.320835
5 -0.764318 -0.919931 0.317458
1 -0.727592 -1.01422 0.314225
3 -0.639129 -1.22694 0.327513
11 -0.647679 -1.11908 0.325668
3 -0.66939 -1.00076 0.332335
2 -0.614418 -1.35298 0.328095
6 -0.642498 -1.28758 0.326978
3 -0.650088 -1.33563 0.325307
1 -0.601637 -1.48012 0.325728
1 -0.664709 -1.22412 0.322384
8 -0.783434 -0.762674 0.316336
1 -0.685967 -0.895715 0.327893
1 -0.727019 -0.932044 0.321416
3 -0.616217 -1.29165 0.323165
7 -0.615891 -0.955211 0.338436
1 -0.438771 -1.72469 0.34096
2 -0.489269 -1.81597 0.326509
1 -0.573963 -1.55141 0.323044
4 -0.617672 -1.40142 0.328418
1 -0.688601 -1.07062 0.324695
1 -0.556272 -1.4847 0.335769
1 -0.595282 -1.38968 0.33191
1 -0.791428 -0.753278 0.312667
2 -0.597086 -1.20873 0.33078
1 -0.5823 -1.34372 0.330155
1 -0.660596 -1.18693 0.318821
1 -0.716991 -1.12145 0.31722
9 -0.716991 -1.12145 0.31722
3 -0.70654 -1.0233 0.325662
2 -0.666304 -1.1274 0.327812
3 -0.714926 -0.923878 0.326146
1 -0.730404 -0.820029 0.328752
3 -0.812052 -0.62984 0.315145
1 -0.672437 -1.01149 0.325519
3 -0.674587 -1.0314 0.321469
4 -0.539487 -1.49353 0.336426
1 -0.563866 -1.38912 0.332645
3 -0.626206 -1.12236 0.329002
2 -0.622188 -1.11645 0.329176
4 -0.534321 -1.417 0.334963
2 -0.512933 -1.51213 0.337898
3 -0.524054 -1.34078 0.343495
1 -0.616751 -1.06981 0.338036
1 -0.551619 -1.32085 0.342039
5 -0.589853 -1.40991 0.327603
5 -0.625079 -1.12799 0.332059
1 -0.625953 -1.02374 0.335353
2 -0.624273 -1.29231 0.326684
3 -0.675451 -1.15531 0.321408
1 -0.61404 -1.1622 0.327886
1 -0.568915 -1.43908 0.32961
3 -0.788139 -0.613457 0.318432
3 -0.709562 -0.845162 0.325808
5 -0.67695 -1.03687 0.323483
1 -0.650617 -1.10883 0.332647
9 -0.571804 -1.26721 0.340435
4 -0.654853 -1.16654 0.331088
1 -0.702308 -0.87931 0.323019
1 -0.657211 -0.930802 0.330711
4 -0.664567 -0.918413 0.338044
2 -0.694622 -0.940283 0.327239
7 -0.656123 -1.0893 0.328827
5 -0.739891 -0.857306 0.318398
1 -0.822558 -0.614987 0.310896
3 -0.843054 -0.55878 0.308549
2 -0.613508 -1.10911 0.338753
4 -0.595937 -1.30345 0.333728
2 -0.725072 -0.798092 0.327652
1 -0.675685 -1.04244 0.325432
3 -0.711163 -0.965445 0.318592
2 -0.624251 -1.23106 0.329875
11 -0.686915 -1.12017 0.328864
2 -0.638662 -1.30243 0.330898
4 -0.69497 -1.01748 0.327015
2 -0.651208 -1.02107 0.337711
1 -0.575929 -1.34285 0.33444
6 -0.612304 -1.09139 0.335458
1 -0.610312 -1.20379 0.329884
1 -0.740983 -0.815747 0.318513
2 -0.703192 -0.815193 0.32714
15 -0.615236 -1.12437 0.340042
1 -0.709129 -1.01662 0.322894
3 -0.572736 -1.50196 0.336491
1 -0.603895 -1.34774 0.331845
3 -0.634151 -1.17036 0.327724
3 -0.615875 -1.23446 0.329678
2 -0.588728 -1.3151 0.332523
3 -0.625978 -1.21427 0.332222
1 -0.566084 -1.41919 0.338682
1 -0.608786 -1.14643 0.340866
6 -0.67691 -0.835031 0.330133
2 -0.6559 -1.01137 0.331167
2 -0.706089 -0.943403 0.323252
4 -0.657256 -1.0749 0.327018
2 -0.689244 -0.932525 0.327674
1 -0.821603 -0.625515 0.31694
10 -0.704031 -0.875464 0.327097
1 -0.637849 -1.21413 0.32699
8 -0.735879 -0.865555 0.323144
6 -0.643264 -1.15463 0.328343
5 -0.643916 -1.11987 0.327376
2 -0.699157 -0.837454 0.326356
3 -0.742032 -0.724817 0.326372
1 -0.660218 -0.97813 0.331285
3 -0.830709 -0.592944 0.317315
1 -0.749346 -0.752936 0.326783
3 -0.641489 -1.24066 0.327424
8 -0.629031 -1.19732 0.32889
8 -0.476555 -1.71002 0.339616
1 -0.528037 -1.49365 0.342698
1 -0.712325 -0.930014 0.325242
3 -0.735293 -0.753215 0.326767
2 -0.760182 -0.603731 0.32543
4 -0.857268 -0.375466 0.306367
2 -0.80419 -0.841904 0.306677
1 -0.755195 -0.818494 0.319444
2 -0.685133 -0.953541 0.336068
1 -0.786729 -0.646462 0.322223
1 -0.539635 -1.55314 0.337976
6 -0.581496 -1.29613 0.336051
1 -0.509177 -1.55917 0.337256
4 -0.454344 -1.85942 0.337602
3 -0.492083 -1.82392 0.335673
5 -0.569364 -1.61738 0.323972
7 -0.682894 -1.33124 0.315717
3 -0.727324 -1.00755 0.316502
2 -0.719821 -0.882183 0.325372
3 -0.655251 -1.13328 0.324752
1 -0.676061 -1.13587 0.325486
4 -0.733778 -0.980295 0.318163
4 -0.687295 -1.09655 0.319456
9 -0.645254 -1.18381 0.322391
2 -0.770968 -0.877826 0.320879
1 -0.67923 -1.1239 0.321973
11 -0.795602 -0.886006 0.306897
3 -0.628344 -1.35942 0.322999
1 -0.636638 -1.03005 0.335533
1 -0.751592 -0.668398 0.323788
1 -0.771437 -0.578603 0.32849
2 -0.709417 -0.898127 0.324289
1 -0.823656 -0.722471 0.308328
2 -0.864454 -0.387742 0.312663
2 -0.651942 -1.06607 0.331781
2 -0.716982 -0.929047 0.319488
2 -0.707283 -0.837231 0.329528
1 -0.859741 -0.463691 0.313243
2 -0.690639 -0.989825 0.326285
2 -0.648319 -1.08907 0.329488
5 -0.630777 -1.12639 0.330121
2 -0.649963 -1.00433 0.328613
2 -0.651553 -0.983938 0.324901
6 -0.626735 -0.954674 0.336775
2 -0.543569 -1.35895 0.346252
1 -0.565829 -1.18139 0.346148
1 -0.75528 -0.75669 0.3194
3 -0.667988 -1.06804 0.321737
2 -0.631981 -1.16462 0.324699
1 -0.656549 -1.1463 0.321235
3 -0.709376 -1.01296 0.319016
2 -0.71901 -0.807143 0.326454
1 -0.612213 -1.2004 0.336161
5 -0.774107 -0.789231 0.319981
1 -0.78938 -0.851492 0.313898
3 -0.716558 -1.15202 0.320541
5 -0.702218 -1.1308 0.322301
1 -0.609328 -1.12283 0.340722
3 -0.603451 -1.21747 0.329182
1 -0.629135 -1.06908 0.333212
1 -0.525635 -1.50775 0.337378
2 -0.626395 -1.50801 0.324052
2 -0.607771 -1.53615 0.321487
1 -0.495739 -1.91914 0.327592
1 -0.436039 -1.88979 0.343367
2 -0.618581 -1.19083 0.326188
2 -0.820412 -0.79927 0.302409
1 -0.800461 -0.825732 0.304628
2 -0.565838 -1.50985 0.325817
3 -0.643206 -1.29175 0.320593
2 -0.59789 -1.48823 0.323718
2 -0.533775 -1.79384 0.336693
2 -0.558251 -1.64465 0.328771
5 -0.516715 -1.73571 0.334121
2 -0.776078 -0.784293 0.316486
1 -0.842091 -0.511503 0.31989
1 -0.82444 -0.764664 0.314222
2 -0.746601 -0.907732 0.324273
1 -0.629967 -1.3404 0.32615
6 -0.655126 -1.23282 0.32625
3 -0.744637 -0.843805 0.325473
3 -0.718706 -0.764784 0.331549
2 -0.732445 -0.803239 0.32729
7 -0.76191 -0.698138 0.322146
1 -0.648945 -1.20118 0.326987
1 -0.706791 -0.849048 0.328972
4 -0.689778 -0.840762 0.333859
2 -0.687326 -0.817125 0.334138
3 -0.699096 -0.855262 0.328975
3 -0.715259 -0.700568 0.330322
6 -0.754214 -0.566611 0.3285
2 -0.63998 -1.11098 0.334674
3 -0.750883 -0.814666 0.330855
5 -0.736842 -0.964674 0.321543
2 -0.652133 -1.14542 0.331887
1 -0.537471 -1.48349 0.345543
8 -0.613451 -1.30582 0.336764
4 -0.598455 -1.28283 0.329383
2 -0.881299 -0.38617 0.313412
2 -0.884607 -0.391935 0.311634
1 -0.805164 -0.64245 0.311935
5 -0.690347 -1.0433 0.329374
9 -0.718915 -0.968095 0.324442
1 -0.609567 -1.30208 0.330827
1 -0.577989 -1.48039 0.328997
3 -0.579348 -1.34428 0.340224
3 -0.566033 -1.35154 0.337364
7 -0.626921 -1.14331 0.331704
10 -0.640596 -1.14285 0.330898
2 -0.638136 -1.17595 0.330395
1 -0.641611 -1.13895 0.331059
2 -0.63376 -1.18579 0.328798
4 -0.630577 -1.23898 0.326095
2 -0.68353 -0.992851 0.329347
5 -0.630685 -0.998053 0.337357
2 -0.670423 -0.883777 0.33097
2 -0.709806 -1.10248 0.320764
1 -0.586272 -1.47438 0.33492
2 -0.597434 -1.16513 0.337581
1 -0.578022 -1.32065 0.339791
3 -0.64198 -1.06421 0.327559
1 -0.642487 -1.09769 0.330113
3 -0.623913 -1.18869 0.333032
3 -0.523706 -1.64519 0.343347
3 -0.532098 -1.58055 0.337072
1 -0.548323 -1.43115 0.33983
1 -0.51497 -1.56534 0.343508
1 -0.591191 -1.38301 0.337586
1 -0.657325 -1.19493 0.324671
1 -0.646792 -1.28543 0.323726
1 -0.743202 -0.935147 0.321898
1 -0.732933 -0.677179 0.326052
4 -0.773199 -0.467365 0.326039
2 -0.639201 -0.884202 0.333511
1 -0.770722 -0.467442 0.323152
2 -0.741323 -0.530437 0.323798
3 -0.504113 -1.42564 0.335509
1 -0.516898 -1.40501 0.337915
5 -0.599897 -1.18864 0.333154
1 -0.467427 -1.81376 0.342212
10 -0.483656 -1.74515 0.344461
1 -0.674011 -1.11902 0.325287
2 -0.730307 -0.852762 0.324925
4 -0.640439 -1.08504 0.331465
2 -0.694722 -0.926177 0.327538
1 -0.701977 -0.83387 0.328858
2 -0.732316 -0.818416 0.323212
6 -0.730148 -0.989811 0.319344
2 -0.713554 -1.01965 0.322012
2 -0.705523 -0.979091 0.323725
6 -0.578499 -1.23633 0.337304
1 -0.551181 -1.45634 0.331484
5 -0.634434 -1.17652 0.328571
2 -0.668827 -0.95497 0.332509
3 -0.619099 -1.25491 0.328844
2 -0.652717 -1.00401 0.332923
5 -0.67251 -0.983328 0.329722
3 -0.622834 -1.18297 0.3302
7 -0.619377 -1.23308 0.326443
1 -0.72623 -0.998616 0.314827
2 -0.565026 -1.34056 0.334554
1 -0.546078 -1.26301 0.345888
17 -0.550881 -1.2651 0.345146
2 -0.511087 -1.65628 0.339436
6 -0.784276 -0.826052 0.316036
13 -0.772246 -0.816947 0.315916
2 -0.716977 -1.0135 0.32564
4 -0.627329 -1.21073 0.328699
2 -0.69815 -1.1119 0.318469
1 -0.571326 -1.14128 0.334961
1 -0.575122 -1.19319 0.349422
2 -0.494183 -1.7636 0.329377
1 -0.544631 -1.52018 0.329127
5 -0.558889 -1.38826 0.333533
1 -0.561796 -1.61963 0.331876
1 -0.531242 -1.52826 0.339928
2 -0.602522 -1.23538 0.333924
1 -0.601668 -1.26177 0.332045
7 -0.595572 -1.28324 0.332126
4 -0.521487 -1.76306 0.329449
1 -0.485881 -1.83925 0.332612
4 -0.603023 -1.39029 0.319985
2 -0.660236 -1.20283 0.314848
1 -0.698736 -0.957964 0.321976
1 -0.764966 -0.673108 0.329333
2 -0.639662 -1.18122 0.327956
1 -0.560823 -1.32015 0.335549
1 -0.561054 -1.3325 0.332802
2 -0.536192 -1.44761 0.337022
3 -0.798062 -0.720393 0.307234
5 -0.827184 -0.683417 0.3107
7 -0.757907 -0.91907 0.315119
1 -0.576205 -1.28865 0.3367
3 -0.470108 -1.48043 0.347665
1 -0.503608 -1.61461 0.345554
1 -0.553797 -1.4626 0.338674
1 -0.588698 -1.25467 0.333621
2 -0.648861 -1.03167 0.33038
3 -0.656953 -1.00674 0.33073
2 -0.544836 -1.47061 0.335277
1 -0.558697 -1.5468 0.330738
1 -0.597841 -1.25755 0.332589
2 -0.628219 -1.18737 0.331256
1 -0.686274 -0.813373 0.33486
4 -0.738575 -1.00794 0.320861
2 -0.783084 -0.641594 0.322286
5 -0.548849 -1.30035 0.347422
1 -0.62649 -1.32576 0.329274
2 -0.643243 -1.18589 0.326935
6 -0.656822 -1.00948 0.331141
2 -0.677479 -0.990276 0.325438
4 -0.598838 -1.17638 0.337883
3 -0.648506 -1.01367 0.337202
1 -0.793784 -0.614025 0.326056
5 -0.76281 -0.838127 0.317346
1 -0.793467 -0.800549 0.31718
3 -0.842208 -0.58973 0.317048
3 -0.719215 -0.946736 0.325676
1 -0.743969 -0.996834 0.319901
2 -0.626096 -1.41612 0.326383
1 -0.697815 -1.09626 0.319046
12 -0.783302 -0.678753 0.319562
1 -0.796923 -0.709822 0.317694
3 -0.639935 -1.08384 0.335144
2 -0.61732 -1.2599 0.332417
4 -0.673862 -0.977196 0.32814
6 -0.506422 -1.47873 0.345332
1 -0.702547 -1.09723 0.321925
2 -0.686969 -1.0406 0.323561
3 -0.745227 -0.747627 0.326924
4 -0.885358 -0.491849 0.302775
3 -0.839456 -0.534215 0.311321
2 -0.769609 -0.71315 0.315192
1 -0.701902 -1.21214 0.307246
1 -0.813288 -0.711224 0.305486
1 -0.60385 -1.07031 0.342573
1 -0.761715 -0.81914 0.323
9 -0.607518 -1.27291 0.33278
2 -0.616054 -1.29926 0.329119
1 -0.654011 -1.18112 0.329497
6 -0.621376 -1.33526 0.325237
1 -0.651276 -1.00748 0.329875
3 -0.824359 -0.518596 0.31456
3 -0.734044 -1.22004 0.312162
6 -0.763802 -0.881079 0.318645
2 -0.691977 -1.15112 0.321039
1 -0.679126 -1.08793 0.32344
4 -0.709056 -0.925149 0.323836
1 -0.695303 -0.9366 0.327221
1 -0.640157 -1.03728 0.33331
2 -0.610724 -1.06315 0.338512
2 -0.567999 -1.14352 0.338659
2 -0.573751 -1.41535 0.33142
1 -0.532574 -1.44772 0.337378
1 -0.623888 -1.19123 0.334271
5 -0.590978 -1.3305 0.336946
2 -0.709015 -0.957144 0.330689
1 -0.693894 -0.99844 0.332402
4 -0.727853 -0.776075 0.327315
2 -0.683713 -0.794402 0.335588
2 -0.649483 -1.04693 0.334429
1 -0.744024 -0.830263 0.324958
1 -0.629629 -1.16692 0.329175
3 -0.7165 -1.0218 0.31854
1 -0.785152 -0.803171 0.317096
1 -0.712543 -0.990523 0.321456
2 -0.620052 -1.47404 0.319924
1 -0.602529 -1.54448 0.323179
1 -0.754751 -0.921286 0.316793
1 -0.754107 -0.688578 0.324615
7 -0.707519 -0.835202 0.329194
4 -0.600016 -1.27076 0.330558
7 -0.615949 -1.28948 0.329629
3 -0.678734 -1.11759 0.322078
1 -0.610718 -1.22177 0.332568
2 -0.589632 -1.35286 0.332602
2 -0.603717 -1.25976 0.330703
1 -0.744074 -1.0554 0.310184
3 -0.746078 -0.803718 0.320245
1 -0.631727 -1.13774 0.337044
1 -0.554224 -1.32072 0.34666
2 -0.67868 -0.993242 0.334212
3 -0.775833 -0.669516 0.325515
5 -0.746044 -0.748162 0.328241
3 -0.731798 -0.764766 0.332671
2 -0.816897 -0.609888 0.317714
6 -0.779261 -0.773547 0.318524
1 -0.771426 -0.768719 0.324753
2 -0.765225 -0.849949 0.321579
2 -0.646381 -1.32459 0.328616
1 -0.646217 -1.34092 0.326815
3 -0.706575 -1.10361 0.318654
1 -0.666483 -1.00501 0.331169
1 -0.646372 -1.02082 0.333104
2 -0.746355 -0.752774 0.322799
1 -0.625228 -1.2185 0.329677
3 -0.668479 -1.12184 0.326608
2 -0.705963 -1.07512 0.320239
2 -0.728704 -0.931105 0.32751
2 -0.732722 -0.888718 0.327885
1 -0.544176 -1.43127 0.346914
4 -0.694236 -0.962804 0.323026
1 -0.685278 -0.924522 0.325382
1 -0.7628 -0.705979 0.318972
1 -0.767388 -0.687531 0.322393
1 -0.854813 -0.459707 0.309954
3 -0.791433 -0.698192 0.31149
4 -0.768193 -0.666433 0.318509
2 -0.695244 -1.02499 0.322711
12 -0.665342 -1.11271 0.325681
3 -0.652807 -0.972401 0.332472
5 -0.61429 -1.15813 0.32815
4 -0.756484 -0.713432 0.323638
2 -0.658583 -1.10964 0.326047
2 -0.558436 -1.54608 0.32746
1 -0.570777 -1.491 0.329589
3 -0.577593 -1.52146 0.327163
3 -0.627303 -1.31832 0.326077
1 -0.714755 -0.956504 0.324777
1 -0.638182 -1.1664 0.33288
1 -0.489408 -1.59773 0.340574
1 -0.628729 -1.24472 0.324691
1 -0.560622 -1.6471 0.326552
1 -0.637373 -1.26038 0.323267
11 -0.666505 -1.15918 0.322066
4 -0.694954 -0.997736 0.31931
1 -0.657297 -1.17876 0.328633
1 -0.599723 -1.38424 0.326875
5 -0.660988 -1.14983 0.324284
1 -0.786954 -0.687374 0.316283
5 -0.728425 -0.796231 0.321986
1 -0.407059 -2.06338 0.342488
1 -0.370432 -2.13069 0.346667
1 -0.518585 -1.56235 0.334797
1 -0.464913 -1.68784 0.350121
2 -0.644882 -1.23228 0.333763
1 -0.870081 -0.657681 0.310761
8 -0.869603 -0.732916 0.307679
3 -0.851026 -0.694434 0.31301
1 -0.745027 -0.94119 0.320954
4 -0.721631 -1.01897 0.321932
4 -0.786826 -0.642251 0.327026
5 -0.760629 -0.718711 0.328717
4 -0.71197 -0.887463 0.323384
1 -0.642941 -1.02067 0.331342
2 -0.690399 -0.877227 0.327163
3 -0.780863 -0.579394 0.320107
1 -0.696217 -0.774217 0.326442
2 -0.805246 -0.569996 0.315124
5 -0.897322 -0.342019 0.316303
1 -0.886461 -0.29334 0.316252
2 -0.82715 -0.569085 0.31898
1 -0.875906 -0.48876 0.310909
2 -0.630251 -1.39862 0.326863
2 -0.648646 -1.32407 0.325392
4 -0.771238 -0.780289 0.32188
2 -0.63403 -1.06142 0.334924
1 -0.63094 -0.984733 0.337258
2 -0.828265 -0.502042 0.318391
3 -0.712443 -0.877354 0.329806
2 -0.694167 -0.955802 0.329535
2 -0.590258 -1.43333 0.330183
3 -0.731782 -0.899028 0.326402
4 -0.745882 -0.818897 0.326295
4 -0.593702 -1.41774 0.332586
1 -0.663849 -1.08923 0.328372
2 -0.812615 -0.674929 0.311479
3 -0.625727 -1.45255 0.322696
2 -0.590163 -1.52746 0.325727
2 -0.493974 -1.76103 0.332353
1 -0.571996 -1.46584 0.327669
2 -0.619688 -1.43016 0.32396
1 -0.813646 -0.605332 0.316304
2 -0.843205 -0.65659 0.312226
2 -0.686528 -1.2083 0.318584
4 -0.757702 -0.855554 0.314459
1 -0.790833 -0.701887 0.314653
1 -0.730006 -0.891646 0.320342
2 -0.636672 -1.19224 0.328704
3 -0.54057 -1.36504 0.339938
1 -0.468053 -1.82146 0.336411
3 -0.513659 -1.73433 0.328426
6 -0.569734 -1.61129 0.322411
1 -0.606144 -1.43821 0.323726
4 -0.649306 -1.2156 0.322763
2 -0.686184 -1.13418 0.322773
1 -0.680758 -1.14441 0.324045
2 -0.536924 -1.57241 0.334025
3 -0.559054 -1.4558 0.333751
3 -0.626454 -1.14475 0.33739
1 -0.603819 -1.32554 0.333723
9 -0.754681 -0.895018 0.313926
2 -0.740974 -0.976363 0.313904
1 -0.496704 -1.60018 0.339041
2 -0.755243 -0.884205 0.319243
1 -0.78462 -0.638401 0.321432
1 -0.65729 -0.929506 0.332932
1 -0.576074 -1.28661 0.338524
2 -0.618879 -1.13811 0.33851
10 -0.588303 -1.20079 0.342545
4 -0.520868 -1.39124 0.343166
2 -0.734643 -0.750012 0.323501
5 -0.783644 -0.789062 0.315192
3 -0.5028 -1.49295 0.342741
3 -0.523661 -1.39834 0.340849
1 -0.576983 -1.2765 0.333822
1 -0.702087 -1.09478 0.318945
3 -0.789436 -0.745889 0.316908
2 -0.742732 -0.758999 0.327453
4 -0.503164 -1.40877 0.343153
3 -0.641264 -1.09379 0.329308
2 -0.610629 -1.1846 0.331991
1 -0.797505 -0.577504 0.319531
1 -0.766532 -0.631697 0.320483
2 -0.762721 -0.685699 0.321358
4 -0.551783 -1.43271 0.334646
1 -0.566819 -1.44058 0.329558
1 -0.53162 -1.43902 0.342304
1 -0.666733 -1.03979 0.332811
4 -0.634904 -1.18806 0.340005
3 -0.652225 -1.12413 0.331782
7 -0.636845 -1.08314 0.333784
1 -0.611185 -1.20123 0.333998
1 -0.611622 -1.21135 0.33378
3 -0.670217 -1.05135 0.331309
2 -0.647649 -1.08752 0.331686
1 -0.667704 -1.07885 0.326992
3 -0.677449 -1.04888 0.329053
3 -0.761159 -0.650847 0.321026
1 -0.802014 -0.590987 0.315466
1 -0.786183 -0.890177 0.312672
6 -0.740874 -0.961477 0.314838
3 -0.672184 -1.06623 0.320813
2 -0.557862 -1.27766 0.341114
2 -0.634174 -1.07722 0.334188
2 -0.751177 -0.628392 0.328202
2 -0.800266 -0.507164 0.325806
1 -0.742342 -0.857371 0.327929
6 -0.764697 -0.827554 0.31417
2 -0.682445 -0.983968 0.321179
4 -0.65272 -1.03581 0.327776
1 -0.640657 -1.00472 0.336835
3 -0.591061 -1.34384 0.336752
5 -0.621214 -1.16883 0.335974
5 -0.649176 -1.23353 0.326616
2 -0.66458 -1.18088 0.321991
8 -0.70064 -1.03314 0.320519
5 -0.723661 -1.01521 0.316989
1 -0.664965 -1.03495 0.327577
1 -0.596468 -1.35975 0.329233
1 -0.564839 -1.44943 0.334443
8 -0.545211 -1.37945 0.344083
1 -0.623577 -1.23872 0.331504
2 -0.654081 -1.1234 0.326491
4 -0.587689 -1.47507 0.33158
1 -0.73469 -1.07899 0.318717
1 -0.855851 -0.393016 0.31827
2 -0.606142 -1.51819 0.328942
3 -0.743537 -0.940403 0.318428
5 -0.719001 -1.05876 0.316827
2 -0.668341 -1.25296 0.317961
2 -0.570358 -1.46441 0.327894
2 -0.574717 -1.43947 0.328195
6 -0.729778 -0.805688 0.319969
1 -0.843938 -0.538302 0.31187
1 -0.814633 -0.567536 0.318204
5 -0.600835 -1.27473 0.335717
3 -0.673938 -1.0102 0.331877
1 -0.694375 -1.07965 0.324402
1 -0.69242 -0.97745 0.326163
1 -0.675079 -1.03658 0.330468
1 -0.592548 -1.24933 0.337991
1 -0.803288 -0.568411 0.316857
6 -0.835799 -0.613103 0.309364
1 -0.853044 -0.617836 0.30943
4 -0.875472 -0.546454 0.305017
1 -0.676712 -1.18214 0.318937
2 -0.683923 -1.10191 0.314105
6 -0.554001 -1.45142 0.329481
1 -0.67987 -1.00332 0.325047
4 -0.639687 -0.988742 0.329692
6 -0.666663 -0.931959 0.330449
2 -0.638399 -1.1695 0.326675
2 -0.585847 -1.37486 0.327472
1 -0.592979 -1.42694 0.327935
2 -0.770013 -0.821614 0.31085
1 -0.732779 -0.903239 0.312649
2 -0.768057 -0.810569 0.310475
2 -0.784749 -0.715584 0.313149
6 -0.848581 -0.486998 0.30919
2 -0.630729 -1.14123 0.330064
3 -0.748748 -0.858706 0.316722
2 -0.672381 -0.968655 0.322714
1 -0.638062 -1.24871 0.319555
1 -0.474782 -1.63652 0.343824
1 -0.696482 -1.05696 0.325768
4 -0.741643 -0.855116 0.325504
2 -0.659907 -1.12982 0.326439
1 -0.752884 -0.88267 0.321269
1 -0.734041 -0.952263 0.321058
1 -0.63455 -1.26187 0.326062
2 -0.720806 -0.995331 0.324773
2 -0.647246 -1.0437 0.325599
1 -0.778269 -0.72007 0.316597
1 -0.679591 -1.03639 0.324691
1 -0.591696 -1.14057 0.337733
1 -0.587674 -1.09382 0.341437
1 -0.682789 -0.811057 0.338397
1 -0.642481 -1.03217 0.34225
3 -0.630755 -1.0985 0.340647
3 -0.536787 -1.38154 0.343071
4 -0.572887 -1.26598 0.335489
3 -0.718135 -0.911382 0.32244
4 -0.747603 -0.752935 0.318451
1 -0.777969 -0.647807 0.318853
3 -0.877763 -0.398209 0.314514
1 -0.811956 -0.795511 0.309481
1 -0.55878 -1.66633 0.332912
3 -0.440701 -1.92182 0.340397
3 -0.638476 -1.32069 0.325137
3 -0.732138 -1.00859 0.321597
3 -0.790789 -0.771064 0.318216
8 -0.742649 -0.952916 0.320342
3 -0.644904 -1.13507 0.327414
3 -0.603023 -1.21773 0.335417
4 -0.64634 -1.14668 0.331943
4 -0.522923 -1.55819 0.33879
2 -0.500984 -1.62095 0.335606
2 -0.538658 -1.63885 0.338505
1 -0.562866 -1.57992 0.333366
4 -0.584524 -1.46245 0.333759
1 -0.451326 -1.84179 0.346314
1 -0.561505 -1.54202 0.332574
1 -0.607514 -1.19433 0.33542
1 -0.609267 -1.14166 0.3374
2 -0.578468 -1.39833 0.330634
2 -0.553863 -1.38856 0.336174
1 -0.646803 -1.11263 0.326846
1 -0.602765 -1.28147 0.331524
2 -0.531581 -1.53429 0.335917
3 -0.659366 -1.11685 0.329674
3 -0.560111 -1.31009 0.337359
2 -0.678881 -1.04494 0.328534
1 -0.722251 -0.899101 0.321459
6 -0.733435 -0.85251 0.320118
3 -0.66455 -0.982903 0.327071
1 -0.707821 -0.897489 0.322081
1 -0.657149 -1.09387 0.324973
6 -0.714549 -0.805978 0.328099
6 -0.586827 -1.16476 0.336422
4 -0.700177 -0.95485 0.324438
2 -0.615886 -1.18026 0.329577
8 -0.621287 -1.19512 0.327904
2 -0.568865 -1.14688 0.337227
3 -0.497801 -1.5365 0.340175
3 -0.662047 -1.05257 0.323144
1 -0.607902 -1.3186 0.325478
2 -0.661294 -1.17417 0.319104
2 -0.661563 -1.19664 0.318832
3 -0.600147 -1.45752 0.327269
7 -0.646844 -1.26947 0.32337
1 -0.658508 -1.23703 0.321972
1 -0.687229 -0.999958 0.323835
2 -0.695383 -0.976721 0.323636
5 -0.67551 -0.957654 0.331068
5 -0.450773 -1.73341 0.344044
5 -0.402583 -1.97703 0.345364
7 -0.379575 -2.04398 0.348527
4 -0.243132 -2.66097 0.354005
2 -0.413455 -1.78247 0.345015
4 -0.516152 -1.64369 0.329895
3 -0.773483 -0.82661 0.315284
1 -0.717122 -0.906226 0.326262
3 -0.722414 -0.848959 0.3262
1 -0.728069 -0.821948 0.322015
3 -0.829124 -0.662543 0.31118
4 -0.793581 -0.735756 0.313602
2 -0.755698 -0.832924 0.316562
5 -0.766045 -0.806621 0.31553
3 -0.590709 -1.21447 0.338122
2 -0.539016 -1.40023 0.343302
1 -0.637702 -1.08384 0.337444
3 -0.624444 -1.22488 0.330583
2 -0.692035 -0.999774 0.320253
1 -0.744343 -0.83721 0.320232
2 -0.653706 -1.06244 0.326326
6 -0.747466 -0.822583 0.318334
1 -0.636089 -1.18866 0.323055
5 -0.589901 -1.21494 0.330524
5 -0.833357 -0.636238 0.310728
9 -0.878378 -0.465316 0.311139
1 -0.703937 -0.862674 0.329405
3 -0.750513 -0.96831 0.321381
1 -0.598396 -1.52468 0.326643
1 -0.417097 -1.84662 0.345697
4 -0.549309 -1.35446 0.33564
2 -0.572792 -1.29762 0.331136
6 -0.467133 -1.8053 0.337609
1 -0.504432 -1.74797 0.33688
4 -0.53096 -1.55568 0.338284
4 -0.549521 -1.47529 0.340283
2 -0.523166 -1.40891 0.349053
2 -0.54531 -1.39683 0.346762
1 -0.681797 -0.928063 0.329495
1 -0.715572 -0.821075 0.322734
1 -0.790437 -0.45915 0.328409
3 -0.824191 -0.527858 0.32336
10 -0.821364 -0.637199 0.317938
1 -0.833023 -0.668433 0.308777
3 -0.7103 -1.12021 0.323002
1 -0.600046 -1.1836 0.334292
1 -0.634226 -1.07954 0.331328
1 -0.763316 -0.780107 0.317864
7 -0.781265 -0.685856 0.319481
5 -0.771216 -0.63752 0.328338
2 -0.779777 -0.670385 0.320902
1 -0.592648 -1.36979 0.327132
4 -0.614453 -1.31058 0.321479
1 -0.654683 -1.12657 0.320776
1 -0.706624 -1.01196 0.31857
6 -0.633927 -1.20966 0.326646
2 -0.541098 -1.3485 0.351515
3 -0.505933 -1.48887 0.348076
4 -0.722972 -0.88895 0.324952
4 -0.658219 -1.18074 0.328537
1 -0.611741 -1.44513 0.32473
5 -0.629134 -1.40499 0.321386
1 -0.635974 -1.3762 0.321359
1 -0.672378 -1.23865 0.32214
2 -0.716748 -0.945891 0.330061
3 -0.711815 -0.876528 0.33214
1 -0.722908 -1.17099 0.311817
3 -0.714493 -0.916058 0.330664
1 -0.810689 -0.551009 0.325535
3 -0.665866 -1.08566 0.327005
8 -0.538374 -1.48521 0.340831
2 -0.588551 -1.1111 0.34147
1 -0.578317 -1.18177 0.340716
1 -0.650089 -0.99937 0.338644
1 -0.548515 -1.48725 0.340122
1 -0.606295 -1.26746 0.334099
4 -0.709337 -0.964033 0.32467
1 -0.650597 -1.03068 0.333425
1 -0.569167 -1.17236 0.34506
5 -0.615177 -1.18051 0.334245
1 -0.5359 -1.71232 0.334966
1 -0.567934 -1.45258 0.344508
3 -0.557105 -1.43446 0.339487
2 -0.593492 -1.3484 0.333739
2 -0.640819 -1.31889 0.331117
7 -0.532715 -1.5513 0.339645
4 -0.529042 -1.48928 0.33672
2 -0.59468 -1.21288 0.336783
2 -0.669653 -1.03834 0.329842
3 -0.74792 -0.885976 0.320546
2 -0.746823 -0.870948 0.319762
1 -0.745986 -0.833097 0.31979
1 -0.642441 -1.14761 0.333642
1 -0.61085 -1.25837 0.332854
5 -0.604916 -1.08632 0.339096
2 -0.558705 -1.1939 0.339943
1 -0.612813 -1.05817 0.338979
7 -0.631755 -1.10928 0.334295
1 -0.590456 -1.19181 0.337743
2 -0.684681 -0.975393 0.324049
3 -0.661011 -0.98328 0.333559
1 -0.60949 -1.15091 0.336493
12 -0.52923 -1.38113 0.343228
3 -0.566614 -1.3544 0.331128
5 -0.648979 -1.01016 0.332781
7 -0.524326 -1.57848 0.332584
4 -0.571358 -1.29279 0.339638
2 -0.645841 -1.05809 0.335718
2 -0.765467 -0.646307 0.326933
7 -0.650502 -1.13543 0.323985
3 -0.73494 -1.03073 0.319811
2 -0.935172 -0.473001 0.303863
1 -0.973757 -0.152624 0.310811
1 -0.886319 -0.34099 0.31023
1 -0.781474 -0.664445 0.321642
7 -0.664001 -0.959116 0.332488
5 -0.728775 -0.994825 0.317834
1 -0.753335 -0.935239 0.316758
17 -0.814244 -0.90816 0.31098
1 -0.816617 -0.833501 0.313267
2 -0.672087 -1.34036 0.319765
6 -0.576865 -1.43255 0.325536
1 -0.656025 -1.02652 0.329277
4 -0.53357 -1.3878 0.337783
1 -0.606086 -1.05239 0.336021
2 -0.597371 -1.06826 0.338038
2 -0.668147 -1.02834 0.330362
1 -0.658108 -1.252 0.323946
2 -0.613614 -1.41641 0.32629
9 -0.720159 -1.01621 0.314231
4 -0.659318 -0.961722 0.333213
9 -0.675392 -1.03295 0.32687
8 -0.692872 -1.18143 0.318312
3 -0.772551 -0.752322 0.319481
1 -0.707539 -1.1048 0.323226
1 -0.649553 -1.08753 0.330499
2 -0.625016 -1.18537 0.3297
1 -0.603122 -1.24037 0.331178
1 -0.533775 -1.50678 0.343512
1 -0.546045 -1.43675 0.339981
1 -0.552077 -1.37796 0.33974
5 -0.572444 -1.34753 0.335119
1 -0.721153 -0.917285 0.330244
6 -0.708353 -0.93432 0.323616
3 -0.604252 -1.4499 0.32919
1 -0.692775 -1.00139 0.325743
4 -0.674692 -0.967271 0.324592
1 -0.792343 -0.563614 0.319341
4 -0.677676 -1.0758 0.328601
5 -0.631202 -1.19901 0.330884
2 -0.746768 -0.954786 0.317951
5 -0.645596 -1.02207 0.334023
1 -0.796685 -0.784968 0.320111
1 -0.689202 -1.15659 0.327335
1 -0.717968 -0.977076 0.322893
1 -0.816157 -0.702836 0.313377
3 -0.858305 -0.565544 0.306653
1 -0.861088 -0.455283 0.314508
1 -0.86135 -0.409475 0.316831
1 -0.855183 -0.461391 0.312072
4 -0.732108 -0.910808 0.317836
2 -0.67795 -1.10024 0.32368
3 -0.674562 -1.0445 0.323325
3 -0.825535 -0.532433 0.316444
1 -0.728761 -0.790994 0.322164
3 -0.751118 -0.78388 0.32298
1 -0.766911 -0.818466 0.317493
5 -0.63853 -1.13094 0.330738
6 -0.643783 -1.19902 0.324418
2 -0.658476 -1.15517 0.332887
2 -0.75695 -0.864196 0.324624
2 -0.828442 -0.590778 0.318706
3 -0.747324 -0.889486 0.318655
5 -0.774539 -0.775305 0.3172
3 -0.692165 -0.952997 0.325842
3 -0.744879 -0.808134 0.326197
5 -0.645104 -1.21932 0.32822
2 -0.688591 -1.09517 0.32912
1 -0.370097 -2.13655 0.347457
5 -0.359658 -2.14542 0.349491
2 -0.386712 -2.05418 0.347953
5 -0.442867 -1.7421 0.349078
2 -0.672718 -1.14572 0.330192
2 -0.623538 -1.05386 0.334029
4 -0.590244 -1.17964 0.337672
7 -0.600124 -1.23718 0.33488
2 -0.69066 -0.906024 0.3237
2 -0.679256 -0.934963 0.326483
3 -0.61108 -1.3836 0.326083
1 -0.755475 -0.78478 0.320529
4 -0.735079 -0.848436 0.322327
3 -0.66755 -1.08125 0.328186
2 -0.746007 -0.880103 0.32493
4 -0.681558 -1.2892 0.325411
2 -0.6295 -1.34204 0.330482
3 -0.616051 -1.22881 0.342053
1 -0.796194 -0.711319 0.324877
2 -0.70068 -1.12295 0.328642
2 -0.638684 -1.23254 0.333539
2 -0.666843 -1.12601 0.328605
5 -0.630578 -1.30397 0.332822
1 -0.532426 -1.56314 0.341479
2 -0.518151 -1.64453 0.340106
2 -0.681961 -1.07078 0.32745
2 -0.698781 -1.05494 0.32064
2 -0.56754 -1.49616 0.329711
3 -0.56496 -1.64063 0.327711
2 -0.700138 -1.16171 0.317362
2 -0.787194 -0.874872 0.31177
4 -0.584252 -1.20986 0.341644
3 -0.620236 -1.21341 0.329252
2 -0.647426 -1.13418 0.32666
2 -0.790628 -0.794183 0.315675
1 -0.824214 -0.696601 0.309473
4 -0.712537 -0.829491 0.327447
4 -0.597595 -1.41348 0.32868
2 -0.528432 -1.63691 0.329921
3 -0.665872 -0.981185 0.321483
6 -0.640523 -1.24141 0.32879
3 -0.714631 -1.08568 0.323077
1 -0.672872 -1.22684 0.321546
1 -0.687364 -1.04747 0.324676
8 -0.634671 -1.22822 0.332758
1 -0.585505 -1.37471 0.337992
2 -0.616482 -1.2217 0.336899
5 -0.630383 -1.20111 0.337961
1 -0.769498 -0.702202 0.324799
1 -0.671436 -1.02823 0.331782
1 -0.664695 -0.999723 0.323676
3 -0.683548 -0.944136 0.322989
5 -0.66506 -0.972468 0.330094
2 -0.643119 -1.16999 0.327724
1 -0.709933 -0.993983 0.324676
1 -0.689028 -0.964891 0.32883
10 -0.711408 -0.961735 0.32443
3 -0.668182 -1.02828 0.329403
3 -0.690692 -0.885447 0.330424
1 -0.736748 -1.09434 0.317847
1 -0.690517 -1.23174 0.319862
1 -0.70342 -1.1402 0.319866
1 -0.752542 -1.00532 0.320365
4 -0.584074 -1.36459 0.331223
1 -0.798961 -0.798322 0.31252
1 -0.679311 -1.12172 0.332498
3 -0.672781 -1.14964 0.329293
1 -0.666121 -1.12468 0.331018
1 -0.617646 -1.22869 0.335713
1 -0.610627 -1.27649 0.335862
2 -0.706945 -1.01998 0.324419
3 -0.682818 -1.24402 0.31984
3 -0.760738 -0.956845 0.313427
2 -0.844127 -0.654807 0.308136
1 -0.671775 -1.00498 0.331689
4 -0.666281 -1.16746 0.32639
3 -0.601429 -1.44233 0.328534
2 -0.592825 -1.33656 0.323932
1 -0.576153 -1.49596 0.33001
2 -0.745383 -0.73947 0.325152
1 -0.715652 -0.863115 0.326392
8 -0.60616 -1.23624 0.334295
1 -0.611666 -1.21299 0.332643
3 -0.746275 -0.813523 0.320726
1 -0.667855 -0.967242 0.333713
3 -0.652414 -1.11597 0.330152
2 -0.609262 -1.17492 0.335351
1 -0.698537 -0.932849 0.327519
1 -0.697235 -0.894298 0.329476
10 -0.662772 -0.953465 0.334939
1 -0.65304 -0.888628 0.339129
1 -0.711597 -0.70371 0.332528
7 -0.627341 -1.12711 0.32706
3 -0.565194 -1.32674 0.34051
1 -0.672418 -0.94858 0.333487
3 -0.679242 -1.14574 0.325699
3 -0.736288 -0.864084 0.32959
2 -0.748179 -0.901844 0.320094
3 -0.578041 -1.43373 0.336236
5 -0.596865 -1.20856 0.337803
2 -0.70416 -0.941147 0.324363
5 -0.660374 -0.99964 0.326217
4 -0.598923 -1.26813 0.341215
3 -0.532451 -1.4937 0.345873
4 -0.588599 -1.45537 0.333675
2 -0.5736 -1.47892 0.33539
5 -0.665418 -0.993739 0.330069
3 -0.72093 -0.841417 0.327191
3 -0.618914 -1.13077 0.33206
1 -0.716862 -0.947943 0.322506
3 -0.723086 -0.945599 0.321176
2 -0.627399 -1.18565 0.329522
3 -0.544454 -1.46208 0.337167
1 -0.617082 -1.27369 0.324286
1 -0.663755 -1.01789 0.325488
1 -0.571476 -1.27317 0.342625
4 -0.595499 -1.13115 0.343118
2 -0.674718 -0.873025 0.334005
2 -0.605303 -1.32574 0.333609
3 -0.631976 -1.19813 0.334586
2 -0.686126 -0.941909 0.330916
3 -0.695991 -0.979527 0.328747
1 -0.728827 -0.938808 0.321324
1 -0.705553 -1.02216 0.31882
6 -0.653709 -1.14056 0.332176
3 -0.685289 -1.1026 0.329155
2 -0.690755 -1.09178 0.326304
1 -0.634549 -1.27459 0.323101
3 -0.711507 -0.914501 0.318856
1 -0.713156 -0.914001 0.318325
2 -0.742088 -0.887127 0.324932
1 -0.572368 -1.2875 0.342672
1 -0.659041 -1.0657 0.326634
4 -0.67886 -1.18155 0.32026
4 -0.620583 -1.19631 0.334068
3 -0.684947 -0.991871 0.328684
8 -0.692893 -0.998314 0.328966
6 -0.686113 -1.06167 0.327404
1 -0.624536 -1.48595 0.321053
1 -0.839343 -0.679852 0.313443
5 -0.74885 -0.718653 0.328041
4 -0.711911 -0.889116 0.330773
2 -0.640503 -1.10023 0.338356
2 -0.644448 -1.03463 0.337815
4 -0.743126 -0.766072 0.324657
4 -0.750528 -0.787875 0.319705
2 -0.740452 -0.825225 0.319662
3 -0.673515 -1.06531 0.321989
4 -0.607895 -1.189 0.328042
4 -0.59678 -1.27757 0.329743
9 -0.558406 -1.35697 0.331808
1 -0.717638 -1.10185 0.316119
1 -0.659172 -1.37293 0.320502
3 -0.63591 -1.4357 0.322121
10 -0.619381 -1.30173 0.329909
5 -0.676297 -1.14644 0.324186
1 -0.673172 -1.04011 0.3284
1 -0.607562 -1.25481 0.335802
5 -0.585744 -1.32515 0.338652
1 -0.523476 -1.49406 0.344614
1 -0.583491 -1.2822 0.339425
2 -0.54226 -1.54338 0.337661
3 -0.532039 -1.45281 0.337114
2 -0.575252 -1.35656 0.341231
1 -0.568127 -1.20671 0.34607
3 -0.496042 -1.46328 0.349477
1 -0.561093 -1.36176 0.336919
2 -0.504593 -1.6965 0.338667
1 -0.530529 -1.49759 0.338581
2 -0.482009 -1.66576 0.342265
4 -0.607922 -1.20821 0.326745
2 -0.409377 -2.10865 0.340103
4 -0.401347 -2.07925 0.341068
1 -0.393177 -2.06372 0.354323
2 -0.580653 -1.52704 0.335892
2 -0.601528 -1.36589 0.331363
1 -0.594349 -1.44332 0.325859
5 -0.576563 -1.60316 0.323286
4 -0.579489 -1.44304 0.324846
1 -0.548366 -1.39025 0.336359
1 -0.56813 -1.38211 0.335481
5 -0.618094 -1.25945 0.325901
3 -0.683294 -0.782089 0.335576
2 -0.68638 -0.821674 0.3402
2 -0.731534 -0.762295 0.331306
1 -0.551875 -1.49738 0.332084
2 -0.702758 -0.855147 0.324796
3 -0.807334 -0.662102 0.311832
1 -0.656628 -1.18195 0.321221
2 -0.724664 -0.673147 0.331759
6 -0.690391 -1.16148 0.315298
2 -0.714514 -1.1257 0.31552
1 -0.662612 -1.15417 0.326998
3 -0.675038 -0.968861 0.329693
2 -0.601698 -1.19882 0.332923
1 -0.557007 -1.32702 0.336215
2 -0.747873 -0.744361 0.323075
2 -0.753281 -0.834733 0.317413
4 -0.639171 -1.03645 0.333851
6 -0.611406 -1.16267 0.329062
4 -0.511387 -1.61859 0.341081
2 -0.730966 -0.823698 0.320226
2 -0.763036 -0.715821 0.317125
1 -0.813502 -0.548542 0.311747
4 -0.647944 -1.10292 0.322061
1 -0.58181 -1.23779 0.335498
1 -0.811496 -0.779419 0.314561
1 -0.66107 -1.06629 0.331443
1 -0.651843 -0.995795 0.328533
5 -0.796065 -0.677302 0.318935
4 -0.694518 -0.929314 0.328
5 -0.579002 -1.30188 0.33526
2 -0.627338 -1.18003 0.331432
1 -0.758604 -0.634103 0.324659
3 -0.722803 -0.802542 0.322331
2 -0.748615 -0.852038 0.31753
6 -0.564954 -1.3821 0.334481
1 -0.632287 -1.12397 0.332752
1 -0.514412 -1.35187 0.343661
1 -0.62201 -1.1987 0.329743
3 -0.559526 -1.72076 0.327811
2 -0.556842 -1.77483 0.319767
7 -0.652422 -1.34534 0.315577
1 -0.59433 -1.51499 0.325633
3 -0.565325 -1.60019 0.32675
2 -0.512007 -1.66434 0.334212
2 -0.560495 -1.42064 0.339332
5 -0.633129 -1.13314 0.332297
1 -0.625466 -1.19291 0.332733
9 -0.699394 -1.06257 0.331697
4 -0.762926 -0.861916 0.322378
1 -0.71136 -1.03094 0.320609
3 -0.551655 -1.49193 0.333799
19 -0.629141 -1.0605 0.336585
4 -0.680267 -0.940647 0.33076
4 -0.692253 -0.928536 0.329997
3 -0.658816 -1.13257 0.327206
2 -0.619142 -1.16036 0.332981
1 -0.609511 -1.19758 0.337648
5 -0.589004 -1.36976 0.333865
1 -0.610442 -1.33553 0.326398
14 -0.581642 -1.57707 0.319399
11 -0.571803 -1.61929 0.32004
3 -0.602514 -1.38856 0.318957
7 -0.53124 -1.55918 0.335703
3 -0.641902 -1.19774 0.325985
2 -0.739825 -0.809925 0.328614
2 -0.684063 -1.08852 0.317319
2 -0.798374 -0.965052 0.300186
1 -0.85198 -0.864579 0.302307
1 -0.767618 -0.810682 0.322789
6 -0.700216 -1.03692 0.317715
11 -0.618515 -1.34887 0.323015
3 -0.693417 -1.06758 0.316266
5 -0.705537 -0.978995 0.327434
1 -0.574951 -1.27305 0.337711
2 -0.523859 -1.46018 0.337959
1 -0.590499 -1.20434 0.335723
1 -0.558239 -1.41542 0.343555
2 -0.614525 -1.25757 0.334803
3 -0.606847 -1.23274 0.336742
1 -0.599578 -1.13718 0.339616
5 -0.584312 -1.17576 0.341767
2 -0.734013 -0.705339 0.329947
2 -0.626002 -1.05819 0.335488
4 -0.560556 -1.50748 0.332501
3 -0.505111 -1.66071 0.339229
1 -0.589171 -1.32605 0.330745
3 -0.567787 -1.38853 0.33558
1 -0.502555 -1.46207 0.338046
3 -0.564493 -1.47706 0.328267
1 -0.546283 -1.49222 0.333061
1 -0.647247 -1.08739 0.336026
1 -0.48617 -1.54296 0.350856
9 -0.504921 -1.39826 0.355079
2 -0.585189 -1.20103 0.342943
3 -0.642639 -1.02464 0.341582
2 -0.490448 -1.67876 0.349459
5 -0.827369 -0.708044 0.31631
2 -0.719697 -0.968719 0.328567
4 -0.708347 -0.934129 0.330801
3 -0.610947 -1.2452 0.338037
1 -0.608746 -1.36388 0.336549
5 -0.651798 -1.11789 0.335944
4 -0.774958 -0.659467 0.327977
2 -0.639234 -1.08794 0.344674
1 -0.621625 -1.09068 0.344006
9 -0.444576 -1.56661 0.358566
1 -0.418606 -1.71158 0.356803
9 -0.550992 -1.35038 0.337705
3 -0.721838 -0.854254 0.325711
4 -0.670339 -0.937544 0.335655
5 -0.626683 -1.02446 0.341813
4 -0.68268 -0.937884 0.327833
4 -0.670461 -1.10606 0.330352
7 -0.696376 -1.02125 0.323484
2 -0.737812 -1.03085 0.31755
2 -0.813661 -0.779458 0.307274
1 -0.525134 -1.81804 0.329483
3 -0.544906 -1.57786 0.327344
6 -0.606338 -1.31711 0.330461
3 -0.637841 -1.28586 0.326168
7 -0.645779 -1.17196 0.327849
1 -0.699416 -1.11055 0.322595
3 -0.49481 -1.70851 0.336959
2 -0.580458 -1.37278 0.332033
1 -0.576517 -1.39624 0.332319
1 -0.74622 -0.897592 0.322343
7 -0.769364 -0.712639 0.325437
5 -0.752727 -0.878982 0.316601
2 -0.613574 -1.22364 0.32794
2 -0.573383 -1.17881 0.337727
3 -0.547145 -1.251 0.33974
2 -0.802507 -0.566362 0.320358
2 -0.669458 -1.02057 0.330032
1 -0.732227 -0.831138 0.323352
4 -0.639193 -1.1429 0.331695
2 -0.586361 -1.35002 0.331581
4 -0.675922 -1.0105 0.3294
2 -0.652212 -1.06739 0.331529
1 -0.713377 -0.906741 0.321556
1 -0.719895 -0.97172 0.317262
4 -0.567378 -1.23743 0.347088
1 -0.697207 -0.99522 0.325696
1 -0.607639 -1.28163 0.333692
12 -0.633708 -1.12484 0.336429
1 -0.683225 -1.08121 0.326221
1 -0.668271 -0.885009 0.33779
1 -0.764915 -0.806617 0.316944
2 -0.754004 -0.82847 0.318402
1 -0.775593 -1.00324 0.315261
2 -0.748542 -1.09088 0.317178
1 -0.599219 -1.48295 0.325324
2 -0.487262 -1.92712 0.32925
3 -0.603559 -1.39849 0.330711
3 -0.595622 -1.40732 0.329346
3 -0.633815 -1.17109 0.333227
1 -0.642732 -1.02836 0.335847
1 -0.636359 -1.14451 0.332293
3 -0.626224 -1.23897 0.330674
1 -0.644839 -1.20867 0.327684
6 -0.612052 -1.35356 0.330702
1 -0.544521 -1.43255 0.338819
1 -0.731964 -0.927212 0.322684
1 -0.746198 -0.956751 0.320468
7 -0.711019 -0.95915 0.327363
1 -0.691221 -1.09864 0.324646
5 -0.612158 -1.37517 0.326283
2 -0.614168 -1.3526 0.32449
4 -0.571904 -1.39942 0.327911
3 -0.570153 -1.63958 0.324498
1 -0.720739 -0.75299 0.323956
1 -0.637996 -1.11744 0.324215
1 -0.691217 -0.908574 0.323649
1 -0.598111 -1.3704 0.327426
5 -0.66099 -1.1245 0.326865
1 -0.663334 -1.09716 0.32953
3 -0.590826 -1.26347 0.339701
2 -0.594683 -1.39259 0.331418
6 -0.865918 -0.423244 0.313087
1 -0.707609 -0.943991 0.318877
5 -0.750439 -0.752007 0.319839
3 -0.771788 -0.90242 0.32031
2 -0.736847 -1.02811 0.320445
2 -0.734905 -0.843438 0.321922
3 -0.603303 -1.2577 0.33257
1 -0.608785 -1.27028 0.329131
9 -0.599332 -1.30429 0.330992
4 -0.596832 -1.231 0.334611
1 -0.605219 -1.21408 0.333429
2 -0.521724 -1.48778 0.340027
4 -0.555294 -1.31024 0.335072
2 -0.573184 -1.29119 0.333417
2 -0.685403 -0.998777 0.323407
11 -0.628834 -1.42662 0.32297
5 -0.598393 -1.321 0.330252
4 -0.692814 -1.11325 0.322447
4 -0.73544 -0.990882 0.319522
1 -0.72555 -0.950256 0.323154
3 -0.673023 -1.04825 0.326046
3 -0.706482 -1.0349 0.322601
1 -0.653387 -1.00901 0.329081
2 -0.814066 -0.606667 0.319216
8 -0.706421 -0.983912 0.328032
3 -0.743021 -0.924509 0.320725
2 -0.614236 -1.26321 0.327514
6 -0.668198 -1.03833 0.328148
3 -0.772787 -0.773151 0.321006
1 -0.658961 -1.01562 0.333664
3 -0.691898 -0.933729 0.330175
3 -0.655204 -1.04055 0.333188
2 -0.654133 -1.27353 0.324352
9 -0.59644 -1.33703 0.334601
3 -0.619718 -1.19708 0.334305
2 -0.633498 -1.1548 0.335846
2 -0.711387 -0.941986 0.330058
3 -0.521977 -1.57491 0.340583
1 -0.602472 -1.16493 0.33072
1 -0.590147 -1.26125 0.326891
2 -0.679292 -0.871019 0.331186
2 -0.491708 -1.68994 0.339908
7 -0.396961 -1.75548 0.353613
2 -0.369427 -2.00368 0.350027
4 -0.749679 -0.974862 0.323132
1 -0.604501 -1.44162 0.333083
1 -0.625703 -1.19327 0.331098
1 -0.488424 -1.72664 0.337662
2 -0.458636 -1.90949 0.342214
1 -0.487907 -1.79114 0.341026
4 -0.502201 -1.77652 0.341811
1 -0.574477 -1.61944 0.328277
1 -0.556902 -1.6341 0.329052
3 -0.59692 -1.44431 0.322608
3 -0.65837 -1.22768 0.323182
11 -0.64557 -1.14878 0.326028
1 -0.788253 -0.791028 0.31827
1 -0.736546 -0.832861 0.322078
2 -0.759788 -0.787472 0.317981
2 -0.849488 -0.560222 0.312607
1 -0.637527 -1.20617 0.325135
8 -0.796188 -0.807405 0.308053
5 -0.644213 -1.31287 0.320063
3 -0.662468 -1.25454 0.321543
1 -0.632276 -1.26258 0.333396
4 -0.749708 -0.835736 0.322502
4 -0.637933 -1.18619 0.329918
1 -0.540238 -1.47332 0.339444
1 -0.628038 -1.34337 0.32698
5 -0.603349 -1.40384 0.329319
1 -0.615703 -1.35726 0.328789
3 -0.578007 -1.34434 0.336465
3 -0.714399 -1.00096 0.319453
1 -0.750446 -0.945668 0.320661
3 -0.711382 -1.04722 0.324363
4 -0.610793 -1.28951 0.332673
4 -0.574297 -1.39512 0.338012
2 -0.589284 -1.26814 0.339417
1 -0.573655 -1.30471 0.341703
3 -0.708844 -0.850959 0.323734
1 -0.699659 -0.905532 0.321445
2 -0.67429 -0.933717 0.330356
2 -0.598712 -1.22851 0.329061
11 -0.684686 -1.15386 0.317345
2 -0.634659 -1.34645 0.319082
1 -0.719529 -0.797887 0.325302
1 -0.673575 -1.08289 0.332931
9 -0.684052 -1.10293 0.325924
3 -0.616828 -1.29801 0.332012
1 -0.619902 -1.2579 0.332693
2 -0.652966 -1.17872 0.328698
2 -0.571417 -1.43323 0.329
2 -0.591764 -1.29961 0.33241
2 -0.590916 -1.29362 0.33276
1 -0.583129 -1.37374 0.328789
1 -0.676263 -1.14732 0.32899
3 -0.642703 -1.11037 0.334488
1 -0.676109 -1.03357 0.328086
1 -0.676411 -0.932543 0.332478
1 -0.627664 -1.1514 0.335241
1 -0.731923 -0.85819 0.323337
1 -0.706444 -0.909582 0.328477
9 -0.645982 -1.20718 0.331704
6 -0.666143 -1.09112 0.328995
1 -0.708806 -0.909715 0.32594
3 -0.717174 -0.855722 0.32458
7 -0.656274 -1.20233 0.329851
1 -0.583555 -1.44707 0.329703
1 -0.606995 -1.16926 0.33334
2 -0.778648 -0.691754 0.311782
3 -0.692708 -0.83288 0.324522
4 -0.532351 -1.39723 0.343952
4 -0.585204 -1.35368 0.338351
1 -0.524844 -1.52113 0.346235
3 -0.637916 -1.09428 0.3366
10 -0.627575 -1.07678 0.335789
5 -0.656308 -1.01643 0.334669
3 -0.643683 -1.11567 0.335691
2 -0.627991 -1.0222 0.337969
1 -0.626501 -1.02029 0.339088
3 -0.660124 -1.00959 0.327995
2 -0.77382 -0.678999 0.319209
1 -0.792698 -0.705321 0.316101
1 -0.732523 -0.713558 0.324245
2 -0.712513 -0.935311 0.316942
1 -0.800899 -0.588662 0.311219
2 -0.745781 -0.747266 0.315225
3 -0.626121 -1.24169 0.324706
3 -0.622393 -1.26241 0.322968
1 -0.594642 -1.35611 0.327226
2 -0.648522 -1.13581 0.324136
4 -0.609632 -1.11896 0.337685
1 -0.624772 -1.13028 0.332942
2 -0.616673 -1.2402 0.334525
2 -0.578352 -1.29704 0.338982
3 -0.671283 -1.07281 0.327524
1 -0.724118 -0.829947 0.329544
7 -0.683513 -1.13029 0.323035
1 -0.632728 -1.31839 0.325072
1 -0.610488 -1.26296 0.328584
5 -0.67102 -1.06297 0.327563
2 -0.707925 -0.973457 0.327045
1 -0.736634 -0.947323 0.322804
4 -0.671172 -1.19796 0.323247
4 -0.603929 -1.30507 0.333763
2 -0.61298 -1.22725 0.334556
7 -0.645206 -1.01083 0.332067
1 -0.555433 -1.36527 0.330176
3 -0.771964 -0.65002 0.318211
6 -0.803865 -0.638273 0.314664
1 -0.747402 -0.795744 0.32042
6 -0.716894 -1.00546 0.321718
1 -0.538634 -1.60921 0.333974
2 -0.596346 -1.37318 0.327477
6 -0.453021 -1.80936 0.33921
2 -0.623542 -1.21736 0.329656
2 -0.620736 -1.23504 0.33346
10 -0.558332 -1.58321 0.334299
2 -0.772489 -0.773974 0.322091
3 -0.795309 -0.644809 0.32621
1 -0.82281 -0.625818 0.324882
1 -0.875895 -0.466905 0.316615
8 -0.829364 -0.602485 0.31989
4 -0.86066 -0.636563 0.304032
5 -0.487284 -1.7724 0.333269
6 -0.592883 -1.31381 0.33098
2 -0.572632 -1.35471 0.333143
1 -0.566239 -1.34111 0.33482
1 -0.583956 -1.24671 0.333268
2 -0.62836 -1.15244 0.328097
2 -0.590601 -1.26091 0.328212
6 -0.566571 -1.3905 0.330393
2 -0.421258 -1.98016 0.336918
1 -0.421344 -2.0419 0.338584
6 -0.607933 -1.13279 0.335224
1 -0.622379 -1.15669 0.332635
3 -0.6442 -1.06362 0.330969
7 -0.661289 -1.10702 0.328618
2 -0.820729 -0.603019 0.320869
3 -0.759002 -0.782329 0.322643
2 -0.645133 -1.1574 0.319458
8 -0.664665 -1.06275 0.320533
1 -0.688657 -0.940558 0.321142
2 -0.623451 -1.0691 0.334539
3 -0.542824 -1.52127 0.336351
2 -0.540647 -1.5908 0.336039
9 -0.538619 -1.57776 0.33649
2 -0.499185 -1.65415 0.342757
4 -0.468682 -1.74204 0.34398
13 -0.456308 -1.73915 0.346845
1 -0.719695 -0.974022 0.316329
1 -0.7932 -0.75629 0.310599
3 -0.838315 -0.592906 0.311011
2 -0.837828 -0.546487 0.313253
14 -0.800896 -0.746318 0.31527
7 -0.651056 -1.32914 0.318836
3 -0.509853 -1.81576 0.326718
1 -0.566352 -1.56777 0.320131
5 -0.62169 -1.28856 0.326943
2 -0.745868 -0.858609 0.31965
2 -0.659644 -1.12723 0.335439
7 -0.564674 -1.45337 0.341279
1 -0.665263 -1.13408 0.328428
8 -0.580702 -1.27755 0.339642
2 -0.61727 -1.36481 0.330634
2 -0.731914 -0.793141 0.326132
13 -0.75945 -0.789884 0.317802
1 -0.749188 -0.769397 0.319302
2 -0.776302 -0.620752 0.326817
2 -0.616936 -1.15717 0.330908
2 -0.70162 -1.01949 0.31962
3 -0.540037 -1.5486 0.33034
3 -0.763389 -0.888158 0.313103
1 -0.573969 -1.52919 0.325994
1 -0.577194 -1.34088 0.332868
1 -0.642504 -1.13755 0.334155
5 -0.645555 -1.13113 0.334006
2 -0.644797 -1.20593 0.329541
6 -0.778149 -0.7086 0.319653
3 -0.800423 -0.582301 0.321929
8 -0.649418 -1.09978 0.328477
4 -0.623514 -1.18978 0.324352
2 -0.769602 -0.639482 0.321157
3 -0.796944 -0.524587 0.321411
2 -0.539381 -1.43759 0.343852
6 -0.675357 -0.966562 0.334251
2 -0.682511 -0.925567 0.330027
1 -0.735584 -0.755116 0.324213
5 -0.69099 -0.948831 0.32578
1 -0.650635 -1.00756 0.331909
4 -0.631241 -1.10416 0.330968
2 -0.620771 -1.15666 0.330153
2 -0.618496 -1.20738 0.328952
1 -0.551791 -1.38596 0.335598
6 -0.544401 -1.53351 0.338282
4 -0.561151 -1.43852 0.337638
7 -0.685127 -0.950871 0.328519
1 -0.680959 -1.06021 0.326441
3 -0.529571 -1.50791 0.338001
3 -0.535018 -1.48915 0.337467
3 -0.466633 -1.69726 0.347307
2 -0.481529 -1.79414 0.329208
2 -0.684701 -1.27914 0.310099
1 -0.559542 -1.79613 0.32186
3 -0.55743 -1.61808 0.330737
2 -0.707797 -1.1889 0.312096
2 -0.576739 -1.64176 0.327698
1 -0.68092 -1.19468 0.322675
3 -0.528435 -1.37404 0.347456
3 -0.547913 -1.40629 0.338705
11 -0.809207 -0.743899 0.31827
3 -0.853384 -0.51658 0.314441
1 -0.615271 -1.10146 0.331625
1 -0.654415 -1.03261 0.329289
7 -0.570285 -1.22945 0.336798
9 -0.67509 -0.981416 0.326909
1 -0.58538 -1.18684 0.333828
3 -0.623262 -1.2172 0.328797
3 -0.634814 -1.27331 0.329136
3 -0.640195 -1.21581 0.322417
2 -0.614559 -1.46805 0.32252
1 -0.67395 -1.12211 0.330621
2 -0.636713 -1.23603 0.335035
8 -0.678253 -0.930474 0.325769
6 -0.760909 -0.656275 0.32025
3 -0.645487 -1.16028 0.321773
1 -0.492626 -1.53584 0.340775
8 -0.667076 -0.945329 0.33012
3 -0.540749 -1.36014 0.340835
1 -0.543575 -1.34841 0.339604
3 -0.586699 -1.26525 0.330823
1 -0.608541 -1.26979 0.328804
1 -0.656473 -1.09101 0.327528
3 -0.770403 -0.776649 0.316753
1 -0.700099 -0.999012 0.324541
6 -0.726071 -0.900927 0.319734
8 -0.628786 -1.25133 0.331845
1 -0.627891 -1.2306 0.335014
1 -0.670591 -1.12179 0.331323
2 -0.792577 -0.632894 0.320221
4 -0.617139 -1.23629 0.327824
2 -0.595482 -1.21712 0.333357
5 -0.706683 -0.972603 0.322092
8 -0.631748 -1.22083 0.325351
1 -0.68908 -1.05017 0.32197
6 -0.727087 -0.943198 0.315478
1 -0.663731 -0.915657 0.334244
5 -0.597545 -1.07852 0.342861
4 -0.664965 -0.891297 0.339637
1 -0.704089 -1.00275 0.326208
6 -0.750329 -0.825037 0.320331
2 -0.605236 -1.43486 0.33234
1 -0.664895 -1.23723 0.324428
1 -0.844304 -0.552807 0.31653
2 -0.894548 -0.457613 0.312756
2 -0.781622 -0.832956 0.31638
2 -0.775909 -0.723005 0.324528
2 -0.701022 -1.10256 0.32023
1 -0.652727 -1.1403 0.327196
3 -0.63964 -1.23758 0.319744
4 -0.544281 -1.61405 0.334983
2 -0.597635 -1.43147 0.331807
1 -0.590487 -1.35253 0.33354
1 -0.642018 -1.28765 0.325035
3 -0.585035 -1.45514 0.331589
2 -0.613642 -1.17961 0.338634
3 -0.705788 -0.873731 0.332184
1 -0.748174 -0.788166 0.319946
1 -0.584241 -1.43704 0.330699
17 -0.634638 -1.22209 0.3295
3 -0.653932 -1.1385 0.32886
1 -0.589655 -1.33653 0.337608
2 -0.550392 -1.53685 0.337362
1 -0.519332 -1.47032 0.34072
3 -0.553164 -1.37946 0.338144
2 -0.673249 -1.064 0.330795
5 -0.750482 -0.933879 0.323802
1 -0.757595 -0.840262 0.322819
3 -0.750975 -0.682126 0.322684
3 -0.741541 -0.718865 0.324215
11 -0.784967 -0.656002 0.321808
1 -0.746415 -0.83537 0.318378
3 -0.663217 -1.24776 0.316229
2 -0.670261 -1.2168 0.322252
5 -0.661082 -1.24394 0.321883
1 -0.60773 -1.36811 0.324068
7 -0.636733 -1.42088 0.324489
7 -0.542525 -1.69452 0.332462
1 -0.425 -1.97738 0.342224
3 -0.524099 -1.53415 0.339521
2 -0.504473 -1.5916 0.340664
4 -0.570042 -1.62853 0.329303
2 -0.525324 -1.5969 0.343821
3 -0.653903 -0.982471 0.337064
1 -0.629284 -1.15802 0.33485
1 -0.648442 -1.22549 0.328517
1 -0.713324 -1.03115 0.323386
1 -0.690371 -1.10708 0.325442
2 -0.632509 -1.30169 0.333592
1 -0.497202 -1.74272 0.336723
5 -0.589185 -1.59191 0.321185
1 -0.553873 -1.60402 0.330349
2 -0.536539 -1.45648 0.337266
1 -0.63546 -1.23003 0.324439
2 -0.780018 -0.75391 0.312029
2 -0.715291 -0.862645 0.322241
2 -0.811651 -0.716249 0.315114
4 -0.707168 -0.958947 0.320351
2 -0.812807 -0.541621 0.31644
3 -0.795943 -0.625114 0.320554
4 -0.736641 -1.03382 0.319478
1 -0.780877 -0.712559 0.321602
2 -0.629338 -1.32223 0.32868
4 -0.76022 -0.881588 0.317977
1 -0.75409 -0.91296 0.317087
1 -0.738606 -0.941581 0.315927
3 -0.729325 -0.945884 0.317421
1 -0.517016 -1.6497 0.337985
2 -0.766392 -0.947788 0.31074
3 -0.494054 -1.79121 0.339848
1 -0.694871 -0.815491 0.331736
3 -0.555595 -1.14677 0.346422
3 -0.670292 -1.11138 0.333311
10 -0.690198 -1.06883 0.330145
4 -0.637428 -1.24519 0.33153
7 -0.631738 -1.28308 0.327018
2 -0.654758 -1.0896 0.330193
1 -0.715693 -0.816122 0.329291
3 -0.631029 -1.00897 0.33643
3 -0.580109 -1.18513 0.339936
1 -0.63738 -1.13727 0.332371
8 -0.653864 -1.13986 0.330675
2 -0.673848 -1.10633 0.327758
1 -0.649939 -1.23928 0.325202
1 -0.771638 -0.695364 0.317849
4 -0.623097 -1.17841 0.327266
1 -0.64093 -1.18875 0.324625
2 -0.64124 -1.22515 0.321521
3 -0.721919 -0.968067 0.314156
2 -0.632841 -1.13022 0.326435
4 -0.725059 -0.747733 0.328844
3 -0.674406 -0.948667 0.332494
3 -0.736897 -0.758722 0.328259
1 -0.820689 -0.637901 0.31176
6 -0.890845 -0.361965 0.30966
2 -0.833579 -0.438172 0.316642
3 -0.630678 -1.17314 0.329396
2 -0.528293 -1.43609 0.342591
9 -0.569629 -1.40817 0.333883
2 -0.578465 -1.29062 0.335408
1 -0.69928 -0.876648 0.328592
1 -0.731359 -0.791123 0.325649
1 -0.618275 -1.10407 0.335065
4 -0.548523 -1.29032 0.341005
2 -0.685724 -0.964054 0.32758
9 -0.525753 -1.68838 0.33402
2 -0.596721 -1.3588 0.329957
2 -0.624345 -1.24852 0.327305
3 -0.573715 -1.44619 0.337662
9 -0.60231 -1.36803 0.331393
1 -0.587359 -1.3744 0.33026
2 -0.637523 -1.07884 0.328668
6 -0.649665 -1.26046 0.32607
2 -0.714419 -0.876732 0.326488
5 -0.821287 -0.624102 0.318354
1 -0.709021 -1.02231 0.324738
2 -0.676222 -1.14567 0.326634
3 -0.584308 -1.39221 0.336348
1 -0.825 -0.675125 0.31294
3 -0.637109 -1.27038 0.328229
4 -0.704664 -0.939656 0.323636
2 -0.676835 -1.2187 0.327796
2 -0.609787 -1.41644 0.331244
5 -0.784921 -0.820775 0.313588
1 -0.66547 -1.07817 0.330796
1 -0.775051 -0.789159 0.321687
2 -0.77468 -0.782723 0.322812
4 -0.647378 -1.20249 0.332921
1 -0.66791 -1.0661 0.337107
1 -0.66985 -1.13744 0.333174
2 -0.779615 -0.760887 0.325406
5 -0.7018 -1.18286 0.325928
2 -0.75047 -1.00899 0.321952
2 -0.679324 -1.10516 0.327046
3 -0.560417 -1.3793 0.33705
4 -0.65289 -0.988881 0.336986
4 -0.59643 -1.36159 0.332473
6 -0.566793 -1.46623 0.331734
4 -0.575469 -1.34048 0.340262
1 -0.663702 -1.11182 0.328912
5 -0.618718 -1.22706 0.33145
3 -0.599803 -1.18301 0.33494
2 -0.745148 -0.772053 0.325107
2 -0.666819 -1.03968 0.332048
1 -0.690679 -0.963094 0.328617
2 -0.677939 -0.972181 0.332372
3 -0.703056 -0.915495 0.327617
3 -0.694843 -0.955318 0.329353
3 -0.730208 -0.928797 0.324261
1 -0.614348 -1.3968 0.330507
1 -0.633713 -1.48521 0.325019
4 -0.651828 -1.35543 0.316947
5 -0.818928 -0.833977 0.30554
2 -0.761115 -0.724412 0.313689
8 -0.669913 -0.875775 0.32857
5 -0.711093 -0.928219 0.320606
1 -0.627718 -1.16764 0.329198
4 -0.606947 -1.35699 0.330073
7 -0.582006 -1.33604 0.335383
3 -0.673349 -1.11875 0.326452
2 -0.446459 -1.75884 0.352847
1 -0.589376 -1.221 0.339539
6 -0.607193 -1.2698 0.333244
4 -0.62601 -1.31784 0.327649
4 -0.749632 -0.805538 0.31883
3 -0.8362 -0.560081 0.312067
2 -0.531419 -1.50408 0.336539
1 -0.54956 -1.43206 0.340368
2 -0.524643 -1.50441 0.341107
2 -0.580531 -1.33563 0.333042
7 -0.635269 -1.08636 0.330085
3 -0.796629 -0.687392 0.320443
5 -0.679207 -0.973424 0.32861
3 -0.549981 -1.25686 0.344556
4 -0.608816 -1.43279 0.330471
1 -0.60763 -1.43934 0.330879
1 -0.725627 -0.912995 0.323508
1 -0.686906 -0.995792 0.322294
2 -0.665967 -1.19353 0.321774
1 -0.678775 -1.19591 0.319796
1 -0.723299 -0.936464 0.316153
1 -0.703037 -0.96322 0.31765
3 -0.615539 -1.14202 0.329992
8 -0.719018 -0.890993 0.322313
3 -0.665499 -1.05677 0.32838
1 -0.702767 -0.985509 0.322855
2 -0.693243 -1.08552 0.319536
2 -0.712382 -0.976251 0.319307
2 -0.622024 -1.23156 0.331273
1 -0.693967 -1.16036 0.320641
1 -0.764004 -0.906732 0.319874
1 -0.775462 -0.775893 0.314642
1 -0.729871 -0.924974 0.317125
4 -0.774563 -0.761125 0.314698
3 -0.656113 -1.08847 0.330488
4 -0.651318 -1.15017 0.330535
4 -0.623198 -1.22521 0.33317
2 -0.653048 -1.05017 0.333647
2 -0.61532 -1.19406 0.338213
1 -0.525632 -1.3992 0.345415
2 -0.604747 -1.04895 0.341859
1 -0.640495 -0.999127 0.340272
2 -0.662874 -0.950652 0.338921
1 -0.676169 -0.865164 0.338636
2 -0.626924 -1.07311 0.337343
1 -0.691648 -0.852802 0.333569
3 -0.74555 -0.804385 0.320636
3 -0.826123 -0.602723 0.313506
1 -0.620244 -1.22431 0.331815
2 -0.51728 -1.49588 0.342467
1 -0.71489 -0.922298 0.320702
6 -0.705821 -0.985958 0.320687
1 -0.772086 -0.733625 0.321787
1 -0.645172 -1.08366 0.334646
3 -0.72873 -0.890222 0.329184
2 -0.884826 -0.395858 0.312456
2 -0.901057 -0.426109 0.308002
1 -0.554088 -1.46956 0.336222
1 -0.602239 -1.40577 0.330726
7 -0.707639 -1.08696 0.313808
1 -0.736558 -0.888741 0.314265
1 -0.739646 -0.803851 0.322534
1 -0.692061 -0.882142 0.328872
12 -0.652593 -1.01166 0.33411
10 -0.661451 -0.951456 0.334341
9 -0.632704 -1.07262 0.333795
2 -0.55939 -1.37316 0.344257
2 -0.657606 -1.07443 0.335255
5 -0.673747 -1.0325 0.333355
3 -0.582063 -1.37576 0.332119
1 -0.628238 -1.22667 0.332185
1 -0.57031 -1.38123 0.338363
1 -0.641258 -1.06662 0.332465
3 -0.633036 -1.1999 0.331376
7 -0.70808 -0.972574 0.322347
1 -0.748324 -0.808296 0.32367
3 -0.724436 -0.921272 0.324701
8 -0.657695 -1.16169 0.323438
1 -0.6822 -1.15478 0.319067
5 -0.525269 -1.75721 0.331327
1 -0.428781 -2.03122 0.343705
1 -0.433467 -1.96687 0.341108
3 -0.506338 -1.77072 0.335458
3 -0.557273 -1.57781 0.330555
1 -0.585183 -1.50653 0.327828
2 -0.571662 -1.338 0.338617
3 -0.732445 -0.795489 0.325648
8 -0.620263 -1.12876 0.334128
3 -0.677124 -0.96063 0.330333
4 -0.69048 -1.01102 0.325007
1 -0.685556 -1.02616 0.325402
3 -0.660903 -1.07888 0.323996
6 -0.596262 -1.10268 0.342241
3 -0.569164 -1.14902 0.343848
2 -0.469871 -1.61815 0.345228
5 -0.515784 -1.48601 0.342932
4 -0.687459 -1.02156 0.321137
9 -0.697099 -1.07368 0.318976
5 -0.561775 -1.28517 0.338858
1 -0.653026 -1.08659 0.326306
2 -0.737538 -1.03623 0.316931
1 -0.605988 -1.43872 0.331341
1 -0.496178 -1.78507 0.33923
1 -0.575484 -1.30276 0.336358
3 -0.513317 -1.74508 0.332674
3 -0.623975 -1.26756 0.328525
2 -0.665287 -0.930315 0.33486
7 -0.718806 -0.767074 0.32685
6 -0.625567 -1.22677 0.327995
1 -0.687167 -0.848441 0.332892
3 -0.683894 -0.921157 0.337422
2 -0.881163 -0.400474 0.31799
1 -0.566973 -1.19663 0.341174
5 -0.633757 -1.10588 0.324433
1 -0.587153 -1.35808 0.326444
6 -0.586686 -1.1823 0.336711
5 -0.664863 -1.17331 0.330278
1 -0.73164 -0.991856 0.324541
1 -0.70521 -1.10844 0.322764
1 -0.681405 -1.08633 0.330002
2 -0.612678 -1.18811 0.334311
1 -0.601955 -1.33209 0.333686
5 -0.766203 -0.900404 0.316878
2 -0.721376 -0.947218 0.321106
7 -0.716345 -0.879523 0.32377
1 -0.713787 -0.831567 0.32961
1 -0.680725 -1.01599 0.326943
1 -0.727421 -0.951083 0.325082
2 -0.714827 -1.05572 0.321168
2 -0.757549 -0.867632 0.319855
1 -0.732598 -0.962188 0.324321
1 -0.592163 -1.39606 0.330956
3 -0.619642 -1.15613 0.331883
2 -0.623111 -1.20086 0.326482
3 -0.597869 -1.16098 0.337496
7 -0.551565 -1.31254 0.34299
2 -0.52881 -1.47744 0.343767
4 -0.594805 -1.34152 0.332326
2 -0.477579 -1.64266 0.344704
1 -0.572731 -1.44306 0.33024
4 -0.586839 -1.26203 0.336064
10 -0.65348 -1.12196 0.329756
8 -0.513088 -1.51594 0.342928
3 -0.488856 -1.65279 0.345242
1 -0.576711 -1.3898 0.338495
3 -0.639788 -1.17586 0.335265
3 -0.639825 -1.23463 0.329338
1 -0.554427 -1.51569 0.332205
6 -0.56763 -1.45761 0.334435
1 -0.659238 -1.00091 0.330844
7 -0.619441 -1.17214 0.332474
5 -0.717715 -0.807386 0.328713
1 -0.722469 -0.812085 0.327463
2 -0.731776 -0.83499 0.331043
2 -0.819353 -0.609666 0.322988
4 -0.862894 -0.498087 0.31708
8 -0.803055 -0.668474 0.321565
2 -0.745542 -0.944132 0.315493
2 -0.765074 -0.781015 0.317231
2 -0.774989 -0.726644 0.317368
1 -0.723463 -0.881558 0.32543
4 -0.66713 -1.02088 0.327624
2 -0.739137 -0.827004 0.317604
10 -0.750628 -0.793605 0.317417
1 -0.750765 -0.750471 0.32194
1 -0.706566 -1.07837 0.324
1 -0.794074 -0.806597 0.316249
8 -0.781635 -0.747008 0.324456
1 -0.80153 -0.715653 0.318938
3 -0.720467 -0.878163 0.331113
2 -0.790537 -0.906494 0.316754
1 -0.727518 -1.08099 0.325851
1 -0.671761 -1.32874 0.326071
2 -0.67919 -1.1919 0.324747
1 -0.723374 -0.870727 0.322248
2 -0.778536 -0.709159 0.311698
3 -0.807378 -0.657793 0.310284
1 -0.547773 -1.31522 0.335541
3 -0.643363 -1.00606 0.328138
3 -0.673291 -0.918996 0.325922
2 -0.628945 -1.14683 0.325594
1 -0.53268 -1.55129 0.330135
5 -0.565688 -1.52125 0.326236
4 -0.561799 -1.42007 0.335609
11 -0.567287 -1.53693 0.327519
6 -0.643252 -1.12126 0.323184
1 -0.602599 -1.24476 0.32706
2 -0.617551 -1.20792 0.325576
2 -0.602951 -1.35422 0.322906
1 -0.505329 -1.65691 0.340094
1 -0.578406 -1.28866 0.339802
3 -0.6945 -1.16054 0.316501
5 -0.719427 -0.880441 0.324151
1 -0.714041 -0.926741 0.322629
2 -0.618571 -1.23867 0.327941
4 -0.604125 -1.27813 0.329592
4 -0.5882 -1.36479 0.331593
1 -0.783008 -0.639633 0.320388
3 -0.686254 -1.02285 0.325766
2 -0.573742 -1.51995 0.3331
5 -0.634351 -1.18771 0.33216
1 -0.658172 -1.29476 0.325434
1 -0.652491 -1.21146 0.332902
2 -0.630498 -1.24863 0.334369
5 -0.802297 -0.58958 0.322762
19 -0.784245 -0.733063 0.322353
13 -0.557722 -1.32872 0.333729
2 -0.650135 -0.939223 0.329351
2 -0.681534 -0.738398 0.332242
6 -0.782093 -0.582802 0.32087
5 -0.782278 -0.614371 0.321148
1 -0.741481 -0.682317 0.318966
4 -0.707553 -0.712428 0.327346
2 -0.516504 -1.54779 0.337821
4 -0.581981 -1.37299 0.336416
1 -0.587306 -1.353 0.337815
1 -0.544139 -1.44287 0.342434
3 -0.678032 -1.10745 0.328783
2 -0.556531 -1.39006 0.330744
1 -0.383623 -1.89848 0.347568
2 -0.559299 -1.5691 0.329625
3 -0.517273 -1.67823 0.334704
2 -0.511169 -1.4327 0.341607
2 -0.635952 -1.30066 0.326679
2 -0.693367 -1.05459 0.322867
2 -0.629855 -1.23378 0.328996
2 -0.764159 -0.746198 0.316037
3 -0.77432 -0.744639 0.314078
4 -0.81417 -0.579599 0.311469
1 -0.595384 -1.32872 0.331347
6 -0.682588 -1.01539 0.325824
1 -0.731943 -0.920341 0.319627
12 -0.6568 -1.06828 0.331016
1 -0.692101 -0.937495 0.324437
2 -0.704747 -0.964975 0.323149
3 -0.765093 -0.834316 0.318754
5 -0.803843 -0.747348 0.316144
7 -0.705119 -1.15823 0.318946
3 -0.799541 -0.705984 0.312011
5 -0.817397 -0.858574 0.304901
5 -0.940483 -0.253982 0.307662
1 -0.891103 -0.287197 0.310009
1 -0.793733 -0.517101 0.322483
1 -0.797779 -0.635591 0.314555
7 -0.905703 -0.304118 0.305413
1 -0.723005 -1.01876 0.323321
4 -0.758989 -0.957026 0.317746
1 -0.767294 -0.911657 0.320584
1 -0.712667 -0.8918 0.327452
2 -0.60785 -1.11979 0.340459
4 -0.593241 -1.14317 0.339221
1 -0.707447 -0.835355 0.323085
2 -0.609253 -1.02716 0.335529
2 -0.716197 -0.932095 0.311924
2 -0.57852 -1.42112 0.327075
1 -0.685173 -1.07735 0.314372
3 -0.533745 -1.42183 0.344388
4 -0.605864 -1.13689 0.336877
1 -0.614064 -1.07696 0.337356
1 -0.640635 -1.0304 0.333974
3 -0.669576 -0.924043 0.326529
3 -0.641936 -1.02634 0.327507
1 -0.677302 -0.934915 0.32533
2 -0.651431 -1.0355 0.328596
2 -0.621517 -1.1253 0.342165
4 -0.499621 -1.65702 0.343921
1 -0.741602 -0.746811 0.324861
1 -0.561542 -1.46772 0.328141
1 -0.624025 -1.33551 0.3221
1 -0.656677 -1.23612 0.318981
3 -0.701499 -1.16971 0.321885
1 -0.674176 -1.21641 0.321944
2 -0.748315 -0.815442 0.321661
2 -0.676403 -0.954993 0.324991
6 -0.777329 -0.89619 0.312332
1 -0.800991 -0.739435 0.316881
1 -0.733591 -0.885331 0.324689
1 -0.829448 -0.685648 0.311659
7 -0.701157 -0.983717 0.32692
1 -0.650603 -1.00476 0.33081
7 -0.589242 -1.2924 0.332493
3 -0.58339 -1.53498 0.326194
2 -0.710843 -1.00036 0.32231
9 -0.760258 -0.880283 0.316681
4 -0.763716 -0.662472 0.328467
1 -0.691658 -0.888046 0.331132
7 -0.663926 -1.03293 0.329275
1 -0.584044 -1.34709 0.339493
2 -0.564654 -1.5069 0.331736
4 -0.515941 -1.50792 0.338993
2 -0.523304 -1.3929 0.342385
1 -0.45147 -1.56696 0.354317
2 -0.450844 -1.65408 0.346564
6 -0.652097 -1.27007 0.326175
2 -0.737344 -0.96011 0.322851
3 -0.678772 -1.32059 0.323659
2 -0.595246 -1.37314 0.332249
2 -0.780523 -0.702528 0.315292
4 -0.625292 -1.3152 0.326469
4 -0.722147 -1.00154 0.325027
5 -0.707951 -1.05037 0.326071
2 -0.617536 -1.06195 0.344176
1 -0.603626 -1.33449 0.327763
2 -0.521659 -1.69822 0.335986
1 -0.557406 -1.60495 0.332502
1 -0.613305 -1.40065 0.326801
10 -0.650426 -1.10631 0.323585
3 -0.699314 -1.05718 0.320738
4 -0.74579 -0.74306 0.324077
7 -0.618308 -1.12213 0.336965
4 -0.652067 -1.04241 0.32943
1 -0.644899 -1.1279 0.329636
3 -0.735752 -0.83541 0.319214
2 -0.623518 -1.16036 0.33053
8 -0.652008 -1.32559 0.32181
4 -0.659183 -1.16133 0.327381
3 -0.770831 -0.886496 0.317958
1 -0.801409 -0.826813 0.31434
5 -0.711655 -1.05804 0.322754
2 -0.720865 -1.17416 0.315957
3 -0.746934 -1.04547 0.315128
1 -0.553454 -1.33476 0.335956
7 -0.580849 -1.25761 0.333674
2 -0.547472 -1.37775 0.33713
3 -0.665223 -1.22808 0.318448
1 -0.609762 -1.34493 0.325774
1 -0.658726 -1.12635 0.327214
2 -0.724519 -0.983494 0.320471
4 -0.672453 -1.16638 0.32676
2 -0.636461 -1.09834 0.334883
2 -0.614292 -1.1909 0.33207
3 -0.826532 -0.69017 0.305671
3 -0.769186 -0.929641 0.31011
4 -0.627453 -1.28117 0.327218
2 -0.524956 -1.62131 0.334566
6 -0.634996 -1.17485 0.335239
1 -0.649209 -1.14995 0.333708
1 -0.507518 -1.6694 0.332327
7 -0.564903 -1.27392 0.346763
1 -0.503625 -1.47045 0.344392
1 -0.526668 -1.49424 0.33673
1 -0.571651 -1.33514 0.336777
7 -0.693803 -0.910244 0.324331
4 -0.643774 -1.14387 0.324758
1 -0.633723 -1.09472 0.329711
7 -0.719979 -0.84449 0.322924
4 -0.812905 -0.584741 0.315066
2 -0.721005 -0.888942 0.325821
4 -0.716053 -0.838347 0.327664
3 -0.621892 -1.15665 0.335525
2 -0.777164 -0.789466 0.319586
1 -0.87244 -0.579765 0.312702
1 -0.853405 -0.519777 0.316551
4 -0.633699 -1.24576 0.333923
2 -0.690119 -0.872622 0.334282
2 -0.667403 -0.926036 0.330137
5 -0.744763 -0.891527 0.325094
4 -0.753236 -0.816906 0.322588
5 -0.725428 -0.858138 0.323169
3 -0.723222 -0.977394 0.323944
1 -0.668889 -1.10607 0.329561
1 -0.703648 -1.05485 0.321027
1 -0.793617 -0.764708 0.316861
2 -0.868276 -0.515262 0.315979
2 -0.818152 -0.66579 0.323332
3 -0.57453 -1.54382 0.336232
5 -0.764334 -0.77582 0.318356
10 -0.791997 -0.723047 0.318427
7 -0.78843 -0.777683 0.312662
6 -0.768536 -0.796613 0.316054
2 -0.799995 -0.725949 0.309701
1 -0.788338 -0.647736 0.314546
1 -0.722109 -0.875438 0.318821
3 -0.789971 -0.588816 0.321139
1 -0.821323 -0.481026 0.313408
1 -0.754689 -0.765055 0.316857
3 -0.717461 -0.931153 0.320598
2 -0.680023 -1.0791 0.320603
3 -0.726406 -1.01941 0.318312
2 -0.738196 -0.953421 0.319894
1 -0.704193 -0.982812 0.322825
2 -0.654993 -0.994096 0.335598
3 -0.606516 -1.32157 0.329523
1 -0.603748 -1.38163 0.328829
7 -0.688288 -0.976158 0.329267
2 -0.662126 -1.08537 0.327344
3 -0.68965 -0.870237 0.333507
5 -0.661423 -0.973736 0.334105
2 -0.684 -0.856155 0.335585
1 -0.631243 -0.924867 0.34093
5 -0.657517 -0.993797 0.334423
3 -0.675822 -1.05784 0.32757
1 -0.589912 -1.31366 0.331689
1 -0.784511 -0.69056 0.319463
3 -0.596808 -1.23353 0.337188
6 -0.609243 -1.10434 0.33872
3 -0.822993 -0.562961 0.313689
2 -0.73339 -0.698373 0.322982
1 -0.69569 -1.00475 0.326758
1 -0.729647 -0.896667 0.327086
3 -0.758323 -0.740952 0.321709
1 -0.746016 -0.887716 0.318598
1 -0.807028 -0.697701 0.308553
1 -0.778461 -0.903804 0.304825
7 -0.696988 -1.07207 0.317674
1 -0.701707 -0.887413 0.331885
1 -0.742443 -0.848201 0.323219
1 -0.704986 -0.813652 0.327498
1 -0.519394 -1.47966 0.330149
3 -0.659066 -1.07404 0.324907
3 -0.712652 -0.952067 0.32278
3 -0.658708 -1.27537 0.323838
3 -0.667215 -1.1024 0.327609
3 -0.606962 -1.23591 0.33051
3 -0.621633 -1.24365 0.324507
1 -0.546311 -1.38698 0.333416
3 -0.695185 -0.802472 0.329733
3 -0.759242 -0.633223 0.323118
5 -0.720198 -0.790369 0.323944
4 -0.720784 -0.760478 0.324001
1 -0.71616 -0.893355 0.321518
1 -0.729388 -0.821232 0.317112
4 -0.671925 -1.02864 0.324348
1 -0.706301 -0.945974 0.321981
6 -0.574931 -1.48786 0.329104
1 -0.56497 -1.35977 0.333102
5 -0.69499 -0.929163 0.329722
4 -0.678781 -1.00728 0.33026
4 -0.625571 -1.17122 0.332894
1 -0.542474 -1.34024 0.339491
2 -0.616819 -1.10648 0.341936
1 -0.685082 -0.852974 0.337018
1 -0.540287 -1.60594 0.338278
1 -0.496106 -1.46379 0.345384
2 -0.650534 -1.18636 0.326207
3 -0.719292 -1.06108 0.316422
2 -0.591241 -1.44622 0.327299
3 -0.61732 -1.4265 0.323509
6 -0.51036 -1.58215 0.332336
2 -0.542009 -1.31393 0.337159
5 -0.565346 -1.26263 0.331399
2 -0.613531 -1.28985 0.327523
2 -0.612269 -1.3006 0.327739
4 -0.632713 -1.29447 0.320883
1 -0.58202 -1.2333 0.337045
5 -0.470777 -1.60548 0.348337
1 -0.524343 -1.37135 0.344383
1 -0.456981 -1.80848 0.337501
2 -0.428777 -2.04031 0.343357
1 -0.397985 -2.07659 0.350286
1 -0.489766 -1.92309 0.339464
3 -0.448798 -1.97966 0.338772
2 -0.357294 -2.21433 0.350455
1 -0.498368 -1.77591 0.34209
3 -0.497933 -1.52612 0.348475
2 -0.683556 -0.868394 0.340465
3 -0.587365 -1.24209 0.342538
5 -0.754615 -0.912514 0.314686
5 -0.532078 -1.41234 0.342863
1 -0.576066 -1.2677 0.339672
2 -0.642109 -1.22957 0.32775
6 -0.672822 -1.11548 0.325671
2 -0.71252 -0.937894 0.323488
15 -0.747457 -0.750178 0.325136
1 -0.663226 -1.12812 0.327752
1 -0.69929 -1.02583 0.325289
4 -0.73429 -0.985755 0.319461
4 -0.755945 -0.852689 0.317228
1 -0.759299 -0.837009 0.318527
1 -0.71215 -1.05114 0.319896
5 -0.715112 -0.957416 0.322305
4 -0.70878 -0.980705 0.324893
4 -0.663825 -1.12032 0.329016
2 -0.699472 -1.02797 0.323846
1 -0.771976 -0.757135 0.323468
2 -0.746097 -0.840451 0.324853
3 -0.716667 -1.03078 0.323657
6 -0.69547 -1.05386 0.324818
3 -0.625389 -1.13564 0.329839
3 -0.611914 -1.13804 0.334448
1 -0.615163 -1.17244 0.33094
2 -0.664202 -0.934892 0.332833
1 -0.666268 -0.99279 0.327246
2 -0.649173 -1.21893 0.327131
1 -0.635271 -1.14739 0.325703
5 -0.661785 -1.15773 0.326159
2 -0.564838 -1.45549 0.333331
3 -0.597556 -1.42243 0.33182
3 -0.580346 -1.54547 0.326691
5 -0.739249 -0.843145 0.312779
1 -0.72309 -0.916415 0.315557
4 -0.7274 -0.918032 0.31104
3 -0.689316 -0.976698 0.31478
4 -0.756046 -0.678212 0.319935
6 -0.729738 -0.834212 0.320701
1 -0.641773 -0.976904 0.327967
9 -0.585087 -1.26629 0.329968
2 -0.612736 -1.20003 0.326503
2 -0.68972 -1.07233 0.319476
5 -0.681006 -1.16545 0.32471
4 -0.660014 -1.2614 0.323493
1 -0.679372 -1.00294 0.331003
2 -0.676558 -1.12059 0.332112
3 -0.679262 -1.1483 0.330903
1 -0.620283 -1.21882 0.337857
3 -0.558968 -1.49393 0.331605
1 -0.660021 -0.960511 0.328349
6 -0.755608 -0.719812 0.32372
4 -0.710939 -0.890399 0.323893
1 -0.653267 -1.22416 0.321617
3 -0.70081 -1.09496 0.320912
3 -0.785436 -0.633803 0.315573
2 -0.68156 -1.18574 0.324616
3 -0.64341 -1.2812 0.328981
2 -0.708696 -1.01475 0.319633
1 -0.678491 -1.10164 0.322068
3 -0.669789 -1.11385 0.323891
2 -0.631848 -1.32786 0.321485
3 -0.604825 -1.39639 0.324671
3 -0.720955 -0.94571 0.327794
2 -0.669925 -1.07985 0.33044
3 -0.680032 -1.04191 0.33029
2 -0.610404 -1.21498 0.334228
1 -0.648839 -0.951415 0.339438
8 -0.647898 -0.956353 0.339662
2 -0.672045 -1.07661 0.330517
1 -0.664802 -1.04946 0.332904
7 -0.71039 -1.05647 0.325266
3 -0.617487 -1.20758 0.334483
3 -0.676362 -1.17453 0.330793
2 -0.686687 -1.04838 0.3264
4 -0.776596 -0.710457 0.32131
5 -0.70796 -0.819238 0.328124
3 -0.640903 -1.05567 0.334122
2 -0.59278 -1.16948 0.341163
3 -0.755905 -0.917764 0.318499
1 -0.651973 -1.24306 0.322194
7 -0.663051 -1.22066 0.320828
2 -0.600126 -1.41605 0.327561
2 -0.449149 -1.80621 0.345839
1 -0.450241 -1.76671 0.348929
5 -0.467257 -1.7465 0.338947
4 -0.550973 -1.41536 0.330494
3 -0.531116 -1.47166 0.335321
2 -0.582048 -1.27472 0.332266
1 -0.613929 -1.13183 0.329634
1 -0.736331 -0.831936 0.320721
1 -0.773516 -0.702193 0.320237
9 -0.519928 -1.52533 0.337978
2 -0.545251 -1.50885 0.337007
3 -0.687029 -1.00052 0.314828
2 -0.772788 -0.814056 0.312282
3 -0.580127 -1.31318 0.336316
1 -0.621246 -1.17233 0.33474
1 -0.73821 -0.760227 0.319576
5 -0.705144 -0.743531 0.332589
2 -0.790122 -0.642209 0.322254
2 -0.658687 -1.03125 0.336173
2 -0.565221 -1.35554 0.344702
1 -0.652764 -1.13358 0.332981
1 -0.642418 -1.10312 0.334051
4 -0.635269 -1.10431 0.335707
2 -0.703551 -0.973422 0.32439
7 -0.703504 -0.932024 0.32521
2 -0.728334 -0.923894 0.320866
3 -0.618751 -1.19538 0.333076
1 -0.666285 -0.900611 0.337851
1 -0.748534 -0.724332 0.31694
1 -0.72811 -0.82334 0.32018
10 -0.767858 -0.846872 0.319051
4 -0.625811 -1.16265 0.334967
2 -0.637775 -1.07054 0.33228
6 -0.721706 -0.898901 0.320308
4 -0.767569 -0.743789 0.320257
3 -0.776878 -0.660108 0.320231
2 -0.664782 -0.944073 0.332965
4 -0.656377 -1.03694 0.33026
3 -0.661057 -1.03644 0.328787
5 -0.633855 -1.12361 0.329973
1 -0.685299 -1.10055 0.324483
3 -0.809981 -0.686421 0.318216
1 -0.706859 -0.949192 0.32274
4 -0.584563 -1.41285 0.330755
4 -0.555128 -1.5387 0.330134
1 -0.587168 -1.23715 0.335719
2 -0.618148 -1.19601 0.33108
1 -0.603658 -1.22902 0.336585
1 -0.718032 -0.981795 0.319837
1 -0.710952 -0.855927 0.326837
4 -0.629276 -1.24802 0.328796
3 -0.696572 -1.06249 0.32274
3 -0.678957 -1.09432 0.323919
6 -0.695834 -0.895337 0.321912
2 -0.633398 -1.27366 0.325751
1 -0.64975 -1.18008 0.328234
3 -0.78749 -0.636615 0.325441
1 -0.804397 -0.534558 0.320281
7 -0.752038 -0.659319 0.328591
2 -0.615429 -1.25379 0.329397
3 -0.702492 -0.862652 0.326485
1 -0.672928 -1.03617 0.328078
6 -0.718655 -0.834499 0.327697
2 -0.803493 -0.65931 0.315367
3 -0.78443 -0.748223 0.31621
1 -0.644905 -1.11658 0.324625
5 -0.796205 -0.618495 0.317061
1 -0.671879 -1.11716 0.325745
1 -0.716932 -0.956361 0.319489
1 -0.665763 -1.22273 0.319933
4 -0.76003 -0.93543 0.322154
2 -0.835616 -0.809526 0.305237
2 -0.690898 -1.08939 0.32713
4 -0.621564 -1.24706 0.334214
5 -0.666927 -1.06091 0.329418
3 -0.695875 -1.03553 0.321514
4 -0.617259 -1.24394 0.332327
7 -0.697364 -0.933649 0.328115
4 -0.68284 -1.01994 0.325421
1 -0.688099 -1.03254 0.326664
1 -0.64289 -1.2372 0.32683
1 -0.551461 -1.46104 0.33599
1 -0.574255 -1.3947 0.331731
2 -0.573855 -1.12813 0.341461
2 -0.571102 -1.23539 0.340122
2 -0.51973 -1.34673 0.343336
1 -0.458752 -1.61557 0.352337
1 -0.484394 -1.44019 0.355209
2 -0.502709 -1.42043 0.353106
4 -0.642299 -1.06644 0.338217
9 -0.780452 -0.759019 0.322822
2 -0.67391 -1.18297 0.323665
2 -0.737199 -1.05631 0.318001
1 -0.68235 -1.18418 0.325009
5 -0.779682 -0.867586 0.319638
2 -0.610847 -1.41183 0.332644
1 -0.495855 -1.63944 0.34451
1 -0.703113 -0.831902 0.333885
2 -0.739857 -0.777469 0.323831
2 -0.683691 -1.09555 0.32346
2 -0.637256 -1.20185 0.327729
3 -0.670337 -1.07914 0.323251
2 -0.652969 -1.057 0.328914
3 -0.706354 -0.957777 0.323425
4 -0.636821 -1.16826 0.328535
1 -0.801416 -0.677165 0.310432
3 -0.697221 -1.1183 0.316699
1 -0.595413 -1.40981 0.332413
2 -0.641946 -1.35606 0.325585
1 -0.623702 -1.31015 0.326464
4 -0.62676 -1.3499 0.320911
3 -0.655726 -0.97726 0.333121
5 -0.674845 -0.855518 0.335438
2 -0.625416 -1.03158 0.338682
1 -0.564409 -1.32545 0.341846
1 -0.644918 -1.17708 0.332062
2 -0.751303 -0.892271 0.325686
1 -0.746343 -0.925423 0.320314
1 -0.540762 -1.66081 0.336883
1 -0.62102 -1.31276 0.324909
2 -0.630536 -1.44056 0.323042
9 -0.578313 -1.59043 0.327643
1 -0.717351 -1.07096 0.317444
1 -0.706192 -1.20415 0.31487
2 -0.707202 -1.06462 0.311672
7 -0.753392 -0.843474 0.320908
2 -0.721965 -0.976042 0.32042
1 -0.532122 -1.5285 0.33792
2 -0.568089 -1.40581 0.338037
2 -0.576943 -1.47137 0.3369
3 -0.587455 -1.41539 0.334013
6 -0.579698 -1.45178 0.325465
1 -0.55264 -1.56332 0.327889
1 -0.637109 -1.27583 0.324678
1 -0.70613 -1.04201 0.323779
6 -0.669257 -1.11755 0.330117
1 -0.565787 -1.45878 0.336461
2 -0.554367 -1.30049 0.339316
3 -0.652104 -1.19444 0.330201
2 -0.703299 -1.14423 0.318219
2 -0.68133 -1.17431 0.325595
1 -0.661269 -1.14429 0.333195
4 -0.571304 -1.38228 0.334565
4 -0.665773 -1.13914 0.327955
3 -0.678006 -1.10276 0.324809
1 -0.754999 -0.913354 0.3238
1 -0.763484 -0.934561 0.317545
4 -0.697554 -1.02048 0.324621
13 -0.668001 -1.04149 0.332757
4 -0.634572 -1.13953 0.332116
1 -0.741737 -0.95554 0.318974
1 -0.590211 -1.17717 0.339816
2 -0.716589 -1.0634 0.318772
4 -0.517754 -1.47892 0.335679
6 -0.622435 -1.39378 0.324604
1 -0.627672 -1.41441 0.323516
4 -0.561975 -1.67459 0.325393
7 -0.584152 -1.43581 0.328683
5 -0.592725 -1.31152 0.330756
2 -0.59904 -1.17555 0.334317
5 -0.523251 -1.46072 0.340795
4 -0.574613 -1.36405 0.339216
2 -0.727483 -0.973152 0.32002
2 -0.664733 -1.0739 0.326438
1 -0.763049 -0.849466 0.31642
2 -0.757633 -0.877051 0.316326
2 -0.787431 -0.697503 0.318317
1 -0.722994 -0.915138 0.323807
3 -0.762506 -0.693557 0.328344
1 -0.821901 -0.526707 0.326175
4 -0.774022 -0.729501 0.322282
5 -0.784854 -0.802128 0.31655
1 -0.798931 -0.711935 0.318155
1 -0.703863 -0.982512 0.312722
1 -0.704447 -0.861561 0.320355
2 -0.682879 -0.932161 0.322147
4 -0.732226 -0.815101 0.317339
4 -0.689534 -0.993824 0.322409
2 -0.721743 -0.864695 0.322924
5 -0.71367 -1.02608 0.320242
2 -0.632622 -1.1045 0.335526
1 -0.660937 -1.04565 0.331469
1 -0.65429 -0.991342 0.334672
1 -0.690071 -0.96691 0.328122
1 -0.666608 -1.05984 0.32425
3 -0.649046 -1.00583 0.33049
3 -0.735911 -0.622931 0.325946
1 -0.691821 -0.801103 0.331218
1 -0.690509 -0.986438 0.331403
1 -0.79632 -0.548617 0.320318
5 -0.750106 -0.641666 0.325225
2 -0.771504 -0.733546 0.324662
5 -0.690308 -1.10833 0.330284
1 -0.57024 -1.52755 0.335469
2 -0.663918 -1.18498 0.325743
3 -0.771867 -0.925354 0.312597
4 -0.752169 -0.991003 0.309984
5 -0.707983 -1.13737 0.313705
2 -0.578301 -1.42971 0.329286
4 -0.868914 -0.430324 0.315655
1 -0.809186 -0.605873 0.321793
6 -0.78253 -0.785229 0.313073
2 -0.741263 -0.852754 0.319554
2 -0.720465 -0.961936 0.318416
2 -0.7306 -0.943561 0.316562
3 -0.670319 -0.97112 0.325846
1 -0.437366 -1.98473 0.344719
1 -0.597085 -1.15324 0.330749
3 -0.616393 -1.10347 0.327017
1 -0.655058 -1.0097 0.321711
1 -0.796156 -0.65461 0.310639
1 -0.787862 -0.640538 0.31411
1 -0.921654 -0.467427 0.298089
5 -0.868985 -0.461084 0.314803
4 -0.796994 -0.865351 0.31547
2 -0.82588 -0.742985 0.316538
4 -0.660516 -1.1528 0.328201
3 -0.74244 -0.978695 0.320922
3 -0.69968 -1.03252 0.322308
2 -0.577765 -1.45348 0.331317
2 -0.477383 -1.72378 0.344236
3 -0.725921 -0.860585 0.322933
2 -0.593468 -1.29406 0.328503
1 -0.575549 -1.29529 0.332241
7 -0.646309 -1.10569 0.321985
3 -0.573318 -1.27979 0.336162
1 -0.59167 -1.239 0.334006
2 -0.65666 -1.05282 0.324047
1 -0.757056 -0.773028 0.311389
2 -0.720267 -0.953456 0.313114
1 -0.638898 -1.25475 0.323207
6 -0.556755 -1.49016 0.334128
1 -0.675099 -1.16586 0.32305
1 -0.629625 -1.1633 0.335787
1 -0.677713 -1.03098 0.33031
7 -0.637003 -0.992697 0.32864
1 -0.602509 -1.05776 0.335346
8 -0.687351 -1.01007 0.323182
1 -0.703965 -0.99821 0.323932
2 -0.727338 -0.884678 0.32365
2 -0.664292 -1.10579 0.325557
7 -0.748935 -0.655259 0.326731
1 -0.830549 -0.494005 0.314609
5 -0.726622 -0.933143 0.317333
4 -0.605238 -1.29627 0.335259
1 -0.609262 -1.17831 0.338015
1 -0.505033 -1.5478 0.350129
3 -0.590718 -1.28589 0.337322
1 -0.613394 -1.18699 0.336652
2 -0.763075 -0.69535 0.323816
2 -0.759454 -0.832704 0.320601
5 -0.619187 -1.25939 0.328671
2 -0.668067 -1.04289 0.322953
1 -0.546618 -1.58396 0.330986
2 -0.652876 -0.908343 0.329445
1 -0.722757 -0.684693 0.325828
1 -0.646285 -0.975202 0.331413
2 -0.651665 -0.92483 0.332772
10 -0.662897 -0.900052 0.331246
1 -0.648094 -1.31337 0.325032
2 -0.705058 -1.10932 0.320353
1 -0.714069 -1.01613 0.323415
2 -0.84275 -0.492464 0.312006
1 -0.789946 -0.72539 0.318255
3 -0.832388 -0.643333 0.314024
1 -0.826511 -0.548044 0.312724
2 -0.728054 -1.01775 0.318977
2 -0.721392 -0.99451 0.319878
4 -0.773179 -0.750944 0.316947
4 -0.73543 -0.745184 0.321965
2 -0.827566 -0.585657 0.314378
2 -0.678194 -0.979228 0.33331
4 -0.662729 -0.998198 0.333321
7 -0.726625 -0.815624 0.327777
2 -0.666107 -1.0923 0.327696
2 -0.768977 -0.699862 0.323863
2 -0.791689 -0.690236 0.319842
14 -0.733196 -0.897146 0.324527
7 -0.757302 -0.81915 0.321358
1 -0.686864 -1.07787 0.3316
3 -0.617683 -1.17717 0.339746
1 -0.6042 -1.24434 0.339814
1 -0.725694 -0.895552 0.324007
1 -0.70913 -0.983825 0.322663
3 -0.674281 -1.02739 0.328793
8 -0.831745 -0.567796 0.316416
1 -0.900801 -0.384242 0.305552
1 -0.755073 -0.859934 0.31445
1 -0.666737 -1.06663 0.329059
1 -0.668154 -1.15295 0.327576
2 -0.656281 -0.977946 0.333855
2 -0.730382 -0.827862 0.324378
2 -0.767033 -0.640376 0.325155
1 -0.821974 -0.58706 0.312098
2 -0.822363 -0.571237 0.313118
3 -0.842347 -0.479835 0.314511
2 -0.706588 -0.84929 0.319504
1 -0.442471 -1.81627 0.342742
2 -0.30578 -2.18999 0.357725
2 -0.588454 -1.51258 0.326832
3 -0.574706 -1.43316 0.336769
7 -0.621626 -1.17585 0.340792
1 -0.569452 -1.35133 0.344
2 -0.632757 -1.08075 0.329868
2 -0.637902 -1.06292 0.328881
1 -0.70874 -0.857487 0.326744
1 -0.757004 -0.740833 0.325184
2 -0.73599 -0.811768 0.317062
4 -0.694482 -0.955158 0.32021
2 -0.719179 -0.815918 0.327244
4 -0.712733 -0.914847 0.324615
3 -0.697578 -0.999011 0.321952
1 -0.66603 -1.03823 0.326812
2 -0.651524 -0.992197 0.330331
3 -0.742395 -0.71434 0.328125
1 -0.609208 -1.01763 0.336068
2 -0.554838 -1.45032 0.334655
1 -0.643554 -1.15197 0.325274
6 -0.712659 -1.12497 0.317948
1 -0.562912 -1.61412 0.330536
1 -0.636224 -1.28836 0.32865
2 -0.778032 -0.813307 0.313958
2 -0.692035 -1.19013 0.321419
1 -0.77937 -0.879662 0.310677
2 -0.86857 -0.456427 0.314628
2 -0.672019 -0.967254 0.339764
3 -0.660259 -1.10891 0.331287
2 -0.694787 -1.12774 0.3227
1 -0.620735 -1.38977 0.324394
2 -0.688551 -1.07314 0.316267
2 -0.661602 -1.25525 0.31891
1 -0.805067 -0.842098 0.308179
1 -0.741484 -0.836315 0.321414
2 -0.473378 -1.78396 0.338333
3 -0.472226 -1.68771 0.339272
8 -0.579556 -1.29679 0.334539
2 -0.529017 -1.36686 0.33933
1 -0.878083 -0.44497 0.314713
2 -0.776753 -0.626756 0.325487
4 -0.699384 -0.839029 0.326932
2 -0.837521 -0.413602 0.317325
9 -0.717982 -0.81519 0.322732
4 -0.660612 -1.1532 0.321474
2 -0.659777 -1.19942 0.323516
1 -0.658575 -1.18413 0.324818
1 -0.417316 -1.86137 0.347815
2 -0.494086 -1.57342 0.344084
2 -0.501356 -1.50189 0.344782
3 -0.468579 -1.64564 0.345683
4 -0.550558 -1.3993 0.344332
4 -0.705759 -1.05216 0.325786
1 -0.815396 -0.694007 0.317304
3 -0.865154 -0.55762 0.317959
2 -0.802623 -0.651946 0.32489
5 -0.800556 -0.702883 0.308079
2 -0.609616 -1.06968 0.333566
2 -0.722577 -0.779707 0.319316
5 -0.73877 -0.739564 0.317575
2 -0.61483 -1.23049 0.3308
1 -0.666259 -1.09311 0.326603
3 -0.732657 -1.04053 0.320402
2 -0.720884 -1.0158 0.324928
1 -0.726979 -0.933212 0.322469
1 -0.655137 -1.17355 0.325194
2 -0.628902 -1.32447 0.327349
1 -0.593382 -1.33535 0.328597
1 -0.722948 -1.03441 0.316323
2 -0.745795 -0.876411 0.319153
1 -0.55938 -1.41724 0.338509
2 -0.516273 -1.44537 0.34069
3 -0.422866 -1.69282 0.356754
6 -0.535031 -1.32797 0.344446
3 -0.52065 -1.37981 0.347608
3 -0.610602 -1.01193 0.335479
1 -0.684721 -0.906658 0.324773
6 -0.576938 -1.18494 0.337295
3 -0.699619 -1.03036 0.318282
4 -0.748271 -0.91935 0.318083
4 -0.742636 -0.935563 0.321591
2 -0.789047 -0.769235 0.319835
3 -0.797332 -0.758457 0.319452
2 -0.806626 -0.656761 0.319868
2 -0.784566 -0.971944 0.312207
1 -0.638851 -1.46684 0.324704
5 -0.752497 -0.894884 0.323406
3 -0.613712 -1.21081 0.329474
2 -0.765333 -0.777332 0.318343
1 -0.731291 -0.887055 0.321418
6 -0.759778 -0.803327 0.323411
2 -0.724626 -0.838741 0.326254
3 -0.708837 -0.979733 0.327257
3 -0.67318 -1.20378 0.327714
1 -0.587192 -1.50665 0.333519
3 -0.588494 -1.57566 0.328946
3 -0.632723 -1.26959 0.32916
1 -0.649381 -1.22245 0.329248
1 -0.71982 -1.16274 0.315508
5 -0.716408 -1.17319 0.315579
2 -0.830952 -0.727456 0.313973
11 -0.618348 -1.14244 0.336456
1 -0.548536 -1.29665 0.343605
6 -0.724726 -0.827724 0.33002
2 -0.573085 -1.33993 0.33677
6 -0.60552 -1.18544 0.338871
3 -0.583212 -1.26914 0.339668
2 -0.571585 -1.40515 0.335932
4 -0.622974 -1.13472 0.343438
2 -0.74182 -0.67105 0.336029
2 -0.661256 -1.06449 0.334992
3 -0.762446 -0.80142 0.324901
1 -0.768668 -0.880892 0.322062
5 -0.758444 -1.0142 0.320147
2 -0.723648 -1.05117 0.323292
1 -0.59886 -1.37147 0.33411
1 -0.717688 -0.871559 0.330329
6 -0.562151 -1.55358 0.334323
2 -0.681774 -0.959651 0.333638
1 -0.831258 -0.486358 0.31887
3 -0.820246 -0.523298 0.321247
1 -0.683743 -1.0999 0.326427
1 -0.638027 -1.23544 0.336278
1 -0.67784 -1.24902 0.333138
12 -0.65458 -1.32659 0.323595
2 -0.77938 -0.789154 0.32079
1 -0.707722 -0.943036 0.32634
2 -0.71989 -0.927014 0.323618
8 -0.62271 -1.26391 0.324093
2 -0.707255 -1.00228 0.322338
1 -0.713487 -0.954421 0.325652
2 -0.721203 -0.978356 0.321006
3 -0.82426 -0.736013 0.312643
1 -0.80802 -0.687833 0.314617
4 -0.664323 -0.965489 0.332758
1 -0.473971 -1.59025 0.350942
1 -0.45236 -1.73077 0.347408
3 -0.475235 -1.75735 0.339164
1 -0.616181 -1.46451 0.326472
1 -0.581019 -1.65196 0.327258
2 -0.838808 -0.694386 0.310335
9 -0.62366 -1.20397 0.326869
3 -0.579917 -1.48419 0.326252
2 -0.574029 -1.55585 0.323852
3 -0.623525 -1.0409 0.326639
6 -0.514929 -1.29031 0.345195
13 -0.633542 -1.04074 0.329195
4 -0.650229 -1.04337 0.329058
4 -0.729561 -0.753352 0.324386
3 -0.730642 -0.7213 0.327344
5 -0.71659 -0.71133 0.334978
4 -0.631881 -1.07253 0.334923
4 -0.631261 -0.999764 0.337168
2 -0.670378 -1.00862 0.328275
2 -0.625031 -1.06886 0.331915
3 -0.696352 -0.979106 0.323898
4 -0.757874 -0.733099 0.319461
3 -0.571542 -1.44655 0.329353
6 -0.589252 -1.4134 0.325397
1 -0.688218 -1.14633 0.317387
2 -0.750205 -0.800435 0.319231
1 -0.658942 -1.09383 0.328267
1 -0.673284 -1.2059 0.317444
5 -0.550115 -1.5939 0.336007
1 -0.704424 -0.999243 0.319442
3 -0.604492 -1.19724 0.334535
1 -0.694346 -0.833562 0.32826
1 -0.743119 -0.841939 0.319191
2 -0.661799 -1.14867 0.321146
1 -0.490695 -1.48146 0.349386
2 -0.418767 -2.03594 0.346111
4 -0.566566 -1.4319 0.336902
2 -0.68409 -1.19077 0.327012
1 -0.716304 -1.09068 0.325188
5 -0.636974 -1.28194 0.325712
3 -0.67523 -1.11321 0.327822
1 -0.620617 -1.23109 0.330405
4 -0.620228 -1.22666 0.331369
1 -0.704371 -1.00653 0.323715
1 -0.69291 -1.06367 0.31881
1 -0.687457 -0.874907 0.336639
1 -0.631504 -1.03966 0.342811
4 -0.613901 -1.35749 0.333175
1 -0.661496 -1.13168 0.331425
1 -0.624374 -1.22244 0.335397
2 -0.629114 -1.06653 0.336702
1 -0.787183 -0.743449 0.321629
1 -0.715251 -0.914581 0.333477
1 -0.686139 -0.871946 0.33502
5 -0.647231 -1.11474 0.335577
3 -0.649422 -1.24022 0.333303
2 -0.76992 -0.726229 0.327246
1 -0.711154 -0.936919 0.32478
5 -0.378342 -2.00482 0.345104
3 -0.471771 -1.72055 0.338019
5 -0.634662 -1.31813 0.322583
2 -0.58717 -1.42991 0.330421
11 -0.675594 -1.1001 0.323344
2 -0.648764 -1.16987 0.328652
4 -0.627621 -1.18839 0.329464
1 -0.732524 -0.813439 0.3226
2 -0.653516 -1.19828 0.326245
1 -0.652019 -1.23482 0.32435
2 -0.739063 -0.901843 0.31892
1 -0.695695 -1.07361 0.323066
4 -0.681327 -1.34604 0.319167
2 -0.715822 -1.02411 0.317712
6 -0.717469 -1.00829 0.317719
7 -0.725129 -0.823087 0.31891
1 -0.68988 -0.965872 0.325766
6 -0.587268 -1.30032 0.334419
1 -0.65124 -1.21971 0.32687
2 -0.724949 -1.10562 0.310988
7 -0.605211 -1.37988 0.325154
7 -0.548919 -1.50743 0.336952
1 -0.736083 -0.917001 0.327011
2 -0.657861 -1.00596 0.338293
2 -0.710202 -0.853566 0.331488
8 -0.578293 -1.40041 0.332933
5 -0.686808 -1.0317 0.325372
5 -0.697265 -1.07658 0.322181
2 -0.768291 -0.947186 0.317321
3 -0.61013 -1.16604 0.334097
1 -0.717587 -0.938243 0.323224
5 -0.721044 -0.948549 0.325679
3 -0.658471 -1.17622 0.325368
1 -0.618451 -1.31129 0.324474
1 -0.491629 -1.71302 0.334912
4 -0.541597 -1.65496 0.33135
1 -0.603159 -1.31032 0.335632
7 -0.681924 -1.10279 0.323983
2 -0.69763 -1.01804 0.320154
3 -0.743835 -0.831333 0.318712
10 -0.778661 -0.889983 0.313568
3 -0.676259 -1.05905 0.329192
1 -0.695939 -0.933423 0.330746
2 -0.73962 -0.762943 0.329257
1 -0.734576 -0.770138 0.325776
2 -0.639072 -1.09744 0.335379
2 -0.726559 -0.961782 0.315323
5 -0.57809 -1.32694 0.331186
3 -0.59307 -1.28266 0.329825
7 -0.519478 -1.76322 0.331941
2 -0.574435 -1.47524 0.33262
6 -0.673387 -1.00852 0.325405
2 -0.617318 -1.1266 0.342792
1 -0.494552 -1.63209 0.348124
6 -0.612065 -1.32709 0.331701
3 -0.767894 -0.823937 0.321353
1 -0.731821 -1.03755 0.325564
1 -0.577477 -1.42455 0.330975
2 -0.819154 -0.759652 0.310201
1 -0.806305 -0.842501 0.30816
2 -0.668434 -1.10212 0.32083
1 -0.450996 -1.78018 0.340343
1 -0.68697 -1.0961 0.326448
2 -0.691033 -1.1532 0.321047
5 -0.741692 -0.811239 0.318637
3 -0.779681 -0.643301 0.326304
2 -0.728976 -0.947648 0.329465
1 -0.756381 -0.864945 0.323877
1 -0.546422 -1.4505 0.338506
1 -0.573339 -1.34422 0.334237
8 -0.569774 -1.32177 0.334999
9 -0.641763 -1.20917 0.325569
8 -0.70992 -1.03377 0.317369
1 -0.622268 -1.3692 0.329741
2 -0.753204 -1.03194 0.318843
2 -0.550792 -1.40005 0.341709
1 -0.723148 -1.09182 0.321998
4 -0.657453 -1.03853 0.332224
2 -0.690651 -0.85394 0.335722
1 -0.706433 -0.775868 0.334975
1 -0.602717 -1.24991 0.336548
5 -0.627656 -1.20355 0.333554
1 -0.570388 -1.38382 0.335724
1 -0.778832 -0.620941 0.320246
4 -0.782908 -0.653028 0.318384
2 -0.724503 -0.914179 0.326389
5 -0.812247 -0.549494 0.320028
6 -0.722852 -0.812668 0.334763
1 -0.586712 -1.16676 0.34418
1 -0.6097 -1.25023 0.336531
4 -0.672581 -0.952666 0.338612
1 -0.750086 -0.826753 0.328406
1 -0.768808 -0.791779 0.322208
1 -0.730435 -0.707843 0.328043
1 -0.813343 -0.629 0.318889
1 -0.720503 -0.920502 0.323951
4 -0.716249 -0.915953 0.325633
5 -0.688879 -1.02319 0.326779
1 -0.645375 -1.09942 0.329262
2 -0.619668 -1.32621 0.33364
1 -0.478089 -1.58457 0.350511
1 -0.491348 -1.6016 0.340251
2 -0.798949 -0.53745 0.319933
4 -0.890299 -0.427042 0.310266
2 -0.653701 -1.13051 0.331593
2 -0.578096 -1.35404 0.332514
1 -0.592917 -1.35446 0.329071
1 -0.805362 -0.62979 0.317101
5 -0.678127 -1.09099 0.323993
1 -0.671053 -1.25678 0.319134
6 -0.790106 -0.733187 0.313267
2 -0.865736 -0.503379 0.310614
8 -0.762498 -0.720641 0.32512
3 -0.626301 -1.20555 0.32662
7 -0.849485 -0.559655 0.308857
4 -0.56563 -1.30464 0.332306
1 -0.720679 -0.987599 0.319381
2 -0.537538 -1.50607 0.334248
3 -0.604602 -1.26741 0.328529
1 -0.554973 -1.52039 0.333397
3 -0.564123 -1.35448 0.33971
2 -0.568903 -1.34674 0.338122
5 -0.66914 -1.03734 0.330038
2 -0.675732 -1.00377 0.325041
1 -0.598243 -1.31117 0.337822
1 -0.684033 -1.07062 0.332746
2 -0.757979 -0.904859 0.321417
1 -0.595433 -1.44423 0.326243
2 -0.752244 -0.8102 0.319892
1 -0.654111 -1.17955 0.329265
2 -0.687021 -1.09244 0.324279
4 -0.510555 -1.68519 0.337714
3 -0.529909 -1.4801 0.34215
3 -0.536346 -1.46619 0.339926
1 -0.498453 -1.67386 0.338069
1 -0.692774 -0.901782 0.333864
2 -0.622877 -1.23805 0.334527
1 -0.737234 -1.02659 0.315726
4 -0.837743 -0.541462 0.315849
1 -0.518162 -1.6298 0.339996
3 -0.537982 -1.57326 0.329671
3 -0.553142 -1.61734 0.32795
1 -0.387526 -2.08167 0.341758
1 -0.559004 -1.51555 0.324594
1 -0.550641 -1.38175 0.343612
5 -0.653725 -1.11339 0.332548
3 -0.633709 -1.19006 0.336307
6 -0.596148 -1.30353 0.341655
1 -0.608423 -1.24944 0.339308
8 -0.620479 -1.25507 0.330871
10 -0.647415 -1.06322 0.331982
1 -0.721394 -0.885728 0.327078
2 -0.680451 -0.960438 0.327908
6 -0.755025 -0.678383 0.325297
2 -0.665146 -1.03863 0.329421
4 -0.719398 -0.869974 0.325004
2 -0.659828 -1.01997 0.328403
1 -0.688608 -1.11833 0.324212
9 -0.620122 -1.27036 0.335034
3 -0.576397 -1.34689 0.338939
4 -0.734331 -0.862115 0.329532
4 -0.762715 -0.821061 0.324597
1 -0.724515 -0.75772 0.329964
1 -0.745381 -0.743064 0.328323
2 -0.894494 -0.424213 0.297634
1 -0.937576 -0.20213 0.299236
1 -0.909165 -0.318401 0.299206
2 -0.875733 -0.311109 0.305696
5 -0.588494 -1.33331 0.322994
1 -0.58117 -1.48486 0.326171
1 -0.718644 -0.928159 0.318668
3 -0.673824 -1.04108 0.322408
1 -0.566359 -1.34525 0.329443
1 -0.490426 -1.64569 0.334787
1 -0.55619 -1.36822 0.335221
2 -0.697682 -0.732127 0.333651
3 -0.52867 -1.58185 0.334479
1 -0.504436 -1.33116 0.346246
1 -0.605518 -1.13747 0.329636
1 -0.440319 -1.74148 0.347892
1 -0.464616 -1.64316 0.347493
2 -0.63904 -1.27274 0.332066
1 -0.642768 -1.13441 0.336393
1 -0.715773 -1.03847 0.319571
2 -0.683983 -1.25713 0.318494
1 -0.61628 -1.14687 0.333645
9 -0.7121 -0.870574 0.323507
4 -0.739472 -0.823082 0.323207
6 -0.683122 -1.03804 0.325764
3 -0.642028 -1.21618 0.328268
2 -0.536667 -1.56509 0.334708
8 -0.537468 -1.57856 0.332898
2 -0.539124 -1.58053 0.33427
2 -0.659493 -1.14605 0.319971
2 -0.53714 -1.55862 0.330545
2 -0.537068 -1.56731 0.339389
7 -0.587896 -1.30412 0.337548
2 -0.625003 -1.26951 0.332473
3 -0.684448 -0.829234 0.337564
1 -0.743024 -0.67101 0.331704
3 -0.764685 -0.658149 0.327551
1 -0.499434 -1.61404 0.341146
5 -0.703554 -0.979749 0.32833
4 -0.733038 -0.988076 0.317512
3 -0.78291 -0.696314 0.321805
2 -0.627791 -1.05228 0.336251
2 -0.613618 -1.02311 0.344222
6 -0.63949 -1.02243 0.340196
3 -0.584308 -1.28653 0.341664
9 -0.722071 -0.863431 0.322313
2 -0.717036 -0.910464 0.319189
4 -0.537275 -1.51447 0.334445
2 -0.657785 -1.17967 0.331139
1 -0.598639 -1.17852 0.339265
6 -0.555667 -1.32896 0.338517
1 -0.62795 -1.14961 0.334012
9 -0.714409 -0.980536 0.316192
3 -0.775393 -0.782433 0.313898
1 -0.728699 -0.85721 0.317863
1 -0.791984 -0.815537 0.317916
10 -0.654207 -1.09024 0.334136
2 -0.74546 -0.781088 0.32627
1 -0.735965 -0.835687 0.326941
6 -0.741215 -0.8631 0.32562
2 -0.797284 -0.710369 0.325314
3 -0.862833 -0.595778 0.31718
3 -0.675488 -0.981291 0.332566
5 -0.753904 -0.820489 0.324067
1 -0.675166 -1.05339 0.328627
5 -0.705686 -0.993799 0.325181
4 -0.776794 -0.681404 0.322822
1 -0.806444 -0.701343 0.317563
3 -0.649429 -1.26401 0.327114
2 -0.651166 -1.17145 0.329615
1 -0.566622 -1.2878 0.34061
1 -0.595444 -1.33277 0.329912
1 -0.596733 -1.28537 0.331303
1 -0.64025 -1.04323 0.330981
3 -0.597846 -1.35081 0.330395
2 -0.470473 -1.85013 0.340562
3 -0.616755 -1.14351 0.331485
2 -0.582728 -1.47864 0.33414
1 -0.641855 -1.32023 0.328715
2 -0.631538 -1.22255 0.325402
1 -0.657978 -1.18895 0.326146
3 -0.739075 -0.968231 0.316095
3 -0.544139 -1.42594 0.336508
1 -0.616271 -1.26393 0.334179
1 -0.60059 -1.45442 0.329518
2 -0.663125 -1.21369 0.322474
4 -0.537238 -1.37074 0.339819
2 -0.512975 -1.48212 0.338785
3 -0.504926 -1.57827 0.332954
1 -0.422421 -1.74987 0.344886
2 -0.478216 -1.47585 0.349856
3 -0.486574 -1.60154 0.346004
8 -0.563148 -1.48269 0.335856
3 -0.798815 -0.689203 0.319926
2 -0.759269 -0.963655 0.309723
4 -0.755282 -0.766774 0.319876
3 -0.776825 -0.652458 0.32041
1 -0.739228 -0.840047 0.31735
2 -0.684921 -0.997095 0.320253
4 -0.538758 -1.44107 0.345359
9 -0.51035 -1.63965 0.342748
3 -0.569486 -1.29074 0.339958
1 -0.743486 -0.655823 0.329639
1 -0.757514 -0.652599 0.323423
3 -0.708231 -0.839298 0.322016
2 -0.74928 -0.777761 0.328834
1 -0.682726 -0.882527 0.332798
3 -0.700842 -0.86272 0.330722
1 -0.663596 -0.98126 0.327408
1 -0.818607 -0.603118 0.313853
10 -0.766762 -0.718397 0.319199
1 -0.732127 -0.818876 0.325989
1 -0.661203 -1.16124 0.323843
2 -0.661006 -1.22695 0.320988
8 -0.571657 -1.44071 0.330812
7 -0.489176 -1.74904 0.333427
1 -0.591808 -1.46975 0.323987
4 -0.658328 -1.16977 0.330998
1 -0.636141 -1.24026 0.332662
2 -0.651839 -1.13613 0.3349
2 -0.655262 -1.12117 0.334682
4 -0.715088 -0.946201 0.32776
4 -0.596585 -1.20878 0.331657
1 -0.66148 -0.9016 0.329489
1 -0.669124 -0.998056 0.321598
2 -0.630828 -1.16011 0.32631
7 -0.680782 -1.15345 0.325208
2 -0.651245 -1.249 0.326473
1 -0.731466 -0.944223 0.327107
2 -0.71122 -0.970098 0.324891
4 -0.626366 -1.08329 0.339211
4 -0.636769 -1.17713 0.328564
6 -0.681213 -1.1117 0.322281
2 -0.696802 -0.964762 0.324969
1 -0.689781 -1.00502 0.325382
2 -0.737881 -0.838657 0.328802
1 -0.737916 -0.708761 0.323421
5 -0.793931 -0.686572 0.316318
3 -0.683664 -0.891983 0.333572
1 -0.804135 -0.953645 0.307416
1 -0.671125 -1.06079 0.33247
2 -0.690671 -1.09567 0.324321
8 -0.748016 -0.8724 0.319138
5 -0.746446 -0.941421 0.316764
4 -0.653425 -1.05696 0.322481
6 -0.666777 -1.12304 0.322217
5 -0.750658 -0.791146 0.318939
1 -0.72084 -0.864121 0.320072
1 -0.72424 -0.862127 0.319749
11 -0.70854 -0.947514 0.322436
1 -0.627755 -1.18621 0.327445
1 -0.611081 -1.3131 0.3272
2 -0.550031 -1.53766 0.332359
2 -0.513161 -1.57736 0.334357
4 -0.601903 -1.20444 0.337403
5 -0.826434 -0.513256 0.316603
7 -0.756788 -0.721179 0.323735
1 -0.715698 -0.875659 0.326027
4 -0.642166 -1.14358 0.33125
1 -0.631268 -1.09947 0.33774
1 -0.511206 -1.57339 0.338009
2 -0.7067 -1.0922 0.327461
2 -0.708462 -1.03269 0.328282
4 -0.6768 -1.19811 0.3285
1 -0.751368 -0.86618 0.324759
3 -0.623818 -1.25067 0.330509
3 -0.632363 -1.25421 0.32439
2 -0.559207 -1.53798 0.335789
1 -0.650164 -1.11013 0.329062
5 -0.767495 -0.824699 0.3112
4 -0.711906 -0.816156 0.3234
5 -0.816272 -0.593107 0.312916
2 -0.645467 -1.03767 0.332267
1 -0.625011 -1.18898 0.336566
3 -0.625953 -1.19643 0.333166
4 -0.614654 -1.16233 0.334678
4 -0.787885 -0.724181 0.316107
1 -0.765272 -0.912357 0.30923
4 -0.763287 -0.863827 0.314653
2 -0.699686 -1.05135 0.322916
1 -0.690475 -1.05755 0.323736
2 -0.560817 -1.49009 0.332476
1 -0.692734 -0.876078 0.331685
2 -0.64587 -1.22381 0.325433
1 -0.590864 -1.21969 0.330985
2 -0.685155 -0.975839 0.318219
3 -0.847905 -0.449612 0.309557
6 -0.808227 -0.50781 0.319779
12 -0.805889 -0.688513 0.314047
2 -0.596239 -1.30188 0.331655
2 -0.756541 -0.729278 0.326768
1 -0.678218 -1.06461 0.328422
2 -0.655944 -1.15239 0.328957
5 -0.636763 -1.1678 0.332844
2 -0.70055 -0.917402 0.332402
4 -0.730431 -0.774532 0.327737
2 -0.792505 -0.758841 0.316349
1 -0.752562 -0.9289 0.315545
1 -0.675859 -1.15788 0.320389
3 -0.669269 -1.17377 0.330413
2 -0.763186 -0.928659 0.320636
5 -0.711082 -0.96819 0.330362
3 -0.757983 -0.857329 0.326791
1 -0.731185 -1.03232 0.325266
4 -0.786421 -0.864023 0.317479
1 -0.781331 -0.693426 0.317486
5 -0.707239 -0.993638 0.321856
4 -0.702138 -1.02049 0.321902
5 -0.777964 -0.802286 0.315057
1 -0.772648 -0.797371 0.314699
5 -0.725876 -0.977823 0.320998
7 -0.822076 -0.643448 0.316595
1 -0.762348 -0.771682 0.312379
1 -0.740565 -0.682105 0.321018
5 -0.666533 -1.04983 0.328919
6 -0.700924 -0.905091 0.327486
2 -0.716141 -0.979509 0.31932
1 -0.817598 -0.541295 0.317531
1 -0.678456 -0.870143 0.327227
9 -0.656375 -0.93785 0.329286
4 -0.573754 -1.03375 0.338646
2 -0.619523 -1.03854 0.329948
3 -0.722141 -0.985053 0.319371
4 -0.694643 -1.07731 0.329702
3 -0.645617 -1.38805 0.326466
4 -0.640541 -1.29451 0.324398
6 -0.616452 -1.35844 0.325339
3 -0.617654 -1.30663 0.328073
2 -0.68596 -1.05518 0.324721
1 -0.742731 -0.731845 0.327493
4 -0.821576 -0.39809 0.321941
2 -0.751996 -0.87021 0.318216
1 -0.70679 -0.94938 0.327761
3 -0.574242 -1.23208 0.344483
1 -0.660572 -1.12642 0.327167
1 -0.688032 -1.24123 0.318456
2 -0.645613 -1.23919 0.323663
5 -0.643941 -1.06577 0.323054
1 -0.651337 -1.06053 0.325738
1 -0.759129 -0.543982 0.325519
1 -0.451856 -1.65028 0.344193
1 -0.468729 -1.61192 0.342749
1 -0.522822 -1.48667 0.347762
1 -0.569558 -1.36434 0.340628
1 -0.559897 -1.30397 0.343284
1 -0.616197 -1.12988 0.33991
2 -0.58588 -1.25371 0.338579
2 -0.622656 -1.31466 0.335385
1 -0.873682 -0.593647 0.30791
3 -0.791311 -0.765456 0.313413
3 -0.875644 -0.600762 0.305077
1 -0.827177 -0.655006 0.309461
1 -0.849194 -0.538148 0.310186
3 -0.739738 -0.829671 0.320638
7 -0.653313 -1.18855 0.330354
1 -0.709558 -0.837379 0.332227
1 -0.730479 -0.743808 0.331693
2 -0.730757 -0.733265 0.331773
2 -0.662963 -1.03826 0.328504
2 -0.663517 -1.1495 0.325618
3 -0.675132 -1.17687 0.320474
1 -0.678415 -1.14691 0.320936
3 -0.612466 -1.34218 0.328448
1 -0.622213 -1.04556 0.334007
1 -0.585407 -1.11166 0.340107
3 -0.521952 -1.27684 0.346138
2 -0.54372 -1.45325 0.334523
1 -0.573813 -1.55164 0.325302
1 -0.65886 -1.25201 0.323823
2 -0.663529 -1.26687 0.32499
2 -0.631317 -1.25407 0.335006
2 -0.662911 -1.31385 0.330549
7 -0.818957 -0.655629 0.324658
1 -0.827636 -0.716744 0.311861
7 -0.708641 -0.922329 0.324936
6 -0.608903 -1.3205 0.332412
1 -0.555187 -1.45528 0.338928
2 -0.574446 -1.48101 0.334669
3 -0.615006 -1.36687 0.325698
5 -0.630302 -1.33703 0.323171
2 -0.649713 -1.16526 0.32221
7 -0.520321 -1.55849 0.337419
6 -0.553446 -1.40052 0.34074
4 -0.514452 -1.46402 0.345408
3 -0.578903 -1.2881 0.338808
1 -0.526666 -1.47074 0.345454
11 -0.614926 -1.2909 0.331575
4 -0.610692 -1.2903 0.332012
2 -0.564463 -1.42773 0.336036
4 -0.600696 -1.17 0.337305
9 -0.661922 -1.09037 0.32831
5 -0.694471 -1.03677 0.32882
4 -0.742093 -0.761687 0.331822
1 -0.702029 -0.872049 0.33633
1 -0.662723 -0.993233 0.343183
5 -0.592974 -1.30942 0.337228
1 -0.595405 -1.17668 0.339494
1 -0.665227 -1.02055 0.326053
2 -0.64541 -1.17837 0.328076
2 -0.651603 -1.11836 0.329811
9 -0.595123 -1.14326 0.338236
2 -0.636113 -1.00603 0.332829
1 -0.644785 -1.12663 0.327954
4 -0.566766 -1.41784 0.334914
2 -0.577792 -1.37479 0.338508
9 -0.608206 -1.12868 0.342961
1 -0.731181 -0.705211 0.328391
4 -0.512807 -1.40686 0.344277
2 -0.600935 -1.23925 0.333792
2 -0.576854 -1.47686 0.330712
1 -0.669319 -0.99944 0.325595
5 -0.75423 -0.911808 0.314894
2 -0.679723 -1.11196 0.319024
1 -0.792896 -0.655579 0.314323
4 -0.823574 -0.567864 0.31671
2 -0.654278 -1.01232 0.335534
3 -0.634965 -1.04075 0.333712
2 -0.667937 -1.14317 0.324143
3 -0.699329 -0.942425 0.331388
2 -0.656093 -1.10522 0.329889
10 -0.584324 -1.34707 0.335281
4 -0.582363 -1.2161 0.341963
3 -0.585227 -1.25141 0.336081
3 -0.611269 -1.25198 0.332682
1 -0.647789 -1.12349 0.329592
2 -0.771594 -0.726186 0.317228
8 -0.78303 -0.710338 0.311212
7 -0.669631 -1.01513 0.32518
1 -0.631958 -1.14687 0.332173
2 -0.608876 -1.43461 0.325657
3 -0.599332 -1.55497 0.324026
2 -0.662442 -0.942685 0.330067
4 -0.725959 -0.958971 0.320191
5 -0.58892 -1.30228 0.337708
2 -0.545807 -1.49775 0.340186
1 -0.699591 -0.763631 0.332639
5 -0.652298 -0.901268 0.335243
1 -0.850325 -0.535886 0.306217
2 -0.875907 -0.557983 0.300916
1 -0.858388 -0.622459 0.308458
5 -0.665769 -1.13823 0.330191
2 -0.656015 -1.20553 0.328485
4 -0.637346 -1.36945 0.32884
1 -0.399635 -1.93439 0.340597
3 -0.400369 -1.92884 0.338947
1 -0.501109 -1.61108 0.333051
1 -0.733686 -0.92599 0.312957
1 -0.805898 -0.949995 0.302402
3 -0.748795 -0.994367 0.31164
2 -0.607378 -1.19185 0.331288
9 -0.69544 -0.840362 0.328454
4 -0.656415 -1.04984 0.326606
1 -0.715511 -0.695101 0.329042
2 -0.768299 -0.624438 0.322786
1 -0.762502 -0.845047 0.314719
4 -0.745046 -0.833879 0.321544
1 -0.703428 -0.961901 0.324627
2 -0.67708 -0.953741 0.326994
5 -0.640775 -0.924434 0.333069
5 -0.617783 -0.964112 0.336615
2 -0.65671 -1.04108 0.329372
4 -0.756135 -0.91781 0.319566
1 -0.636785 -1.00633 0.330031
2 -0.69279 -1.14453 0.322584
4 -0.62078 -1.50929 0.32078
4 -0.57191 -1.58715 0.331621
1 -0.61148 -1.28965 0.340362
2 -0.75195 -0.75333 0.320727
1 -0.699612 -0.901479 0.326796
4 -0.710482 -0.869537 0.327201
2 -0.733047 -0.873526 0.322284
3 -0.615039 -1.06113 0.331172
4 -0.692176 -0.773962 0.332183
6 -0.757824 -0.699958 0.32008
7 -0.744131 -0.725533 0.319529
2 -0.678428 -0.957555 0.325754
1 -0.632232 -1.17003 0.326396
1 -0.722081 -0.822069 0.321276
5 -0.621729 -1.09042 0.322455
1 -0.608702 -1.34656 0.334554
2 -0.592653 -1.4431 0.33484
1 -0.748064 -0.934167 0.31857
3 -0.688627 -1.11661 0.326818
2 -0.584975 -1.45895 0.334176
2 -0.65343 -1.14103 0.327218
2 -0.642106 -1.16408 0.3357
7 -0.669658 -0.952969 0.338613
2 -0.659019 -1.00928 0.339221
3 -0.585989 -1.38057 0.332732
1 -0.556593 -1.43757 0.337344
4 -0.561041 -1.32206 0.340374
5 -0.688313 -1.028 0.32528
2 -0.732624 -0.862579 0.319757
1 -0.65139 -1.04 0.329965
4 -0.64022 -1.28053 0.32206
4 -0.59321 -1.48743 0.325613
2 -0.691273 -1.06597 0.322542
2 -0.657388 -1.11111 0.321442
10 -0.677648 -1.33646 0.324027
4 -0.636793 -1.3204 0.323238
1 -0.755244 -0.912097 0.315555
7 -0.690664 -0.965527 0.327327
3 -0.558832 -1.50708 0.329652
3 -0.708746 -1.08612 0.318011
1 -0.650307 -1.2769 0.321597
3 -0.717496 -0.857368 0.321
1 -0.739747 -0.695094 0.329602
1 -0.698589 -0.86646 0.331822
2 -0.697178 -0.870698 0.331983
1 -0.710892 -0.84252 0.327246
1 -0.645664 -1.0376 0.338397
6 -0.689866 -0.910297 0.334194
1 -0.661534 -1.00146 0.32823
1 -0.677258 -0.967854 0.325796
4 -0.629726 -1.13746 0.335591
4 -0.677345 -0.894531 0.338128
5 -0.666387 -1.1938 0.32726
2 -0.675367 -1.18265 0.326615
2 -0.644436 -1.23381 0.325522
2 -0.750042 -0.746271 0.324397
1 -0.721908 -0.806994 0.325408
2 -0.610743 -1.24094 0.326326
1 -0.648539 -0.858907 0.339138
1 -0.678844 -1.09993 0.330375
2 -0.827694 -0.649989 0.311556
3 -0.755901 -0.965852 0.312137
14 -0.738389 -1.0204 0.312769
2 -0.707359 -1.11266 0.314391
2 -0.695119 -1.12734 0.316611
3 -0.7838 -0.79326 0.310984
3 -0.702394 -1.06132 0.319538
2 -0.651196 -1.0896 0.329915
4 -0.569015 -1.32845 0.338008
4 -0.646344 -1.06868 0.334243
2 -0.677575 -1.11903 0.322659
1 -0.591672 -1.39824 0.33051
1 -0.602072 -1.36282 0.330454
2 -0.639337 -1.28145 0.32261
2 -0.476946 -1.85015 0.330557
1 -0.468353 -1.58489 0.346164
2 -0.525446 -1.61633 0.334692
5 -0.549915 -1.60616 0.327316
3 -0.612793 -1.35798 0.328382
5 -0.620146 -1.04151 0.337238
2 -0.641536 -1.13151 0.33271
1 -0.588259 -1.38911 0.341355
3 -0.689191 -0.839097 0.336527
2 -0.665549 -1.06914 0.330882
2 -0.72801 -0.890562 0.324265
2 -0.772567 -0.731332 0.321295
3 -0.612043 -1.17322 0.337507
2 -0.592588 -1.18801 0.334865
6 -0.684854 -0.914399 0.328318
1 -0.608398 -1.17315 0.330984
7 -0.726834 -0.900755 0.319858
1 -0.643598 -1.17037 0.325181
9 -0.694171 -1.02845 0.323772
3 -0.715315 -1.0174 0.321374
3 -0.685439 -1.13429 0.324117
2 -0.682873 -1.06346 0.328087
1 -0.621359 -1.28339 0.335345
8 -0.511467 -1.42157 0.345539
1 -0.462667 -1.55904 0.353506
7 -0.499958 -1.4507 0.34991
4 -0.769578 -0.954228 0.312029
5 -0.723956 -0.888878 0.321523
17 -0.661249 -1.21817 0.32721
2 -0.594674 -1.39757 0.329135
1 -0.564364 -1.48231 0.333631
1 -0.504081 -1.63483 0.346399
1 -0.584569 -1.24968 0.335654
2 -0.526062 -1.41702 0.345935
1 -0.651253 -1.20126 0.321949
2 -0.676924 -1.04753 0.321644
6 -0.595534 -1.3273 0.336671
1 -0.696047 -1.06411 0.325935
1 -0.632358 -1.31438 0.32314
8 -0.54503 -1.51306 0.336534
4 -0.569234 -1.47649 0.332782
11 -0.80492 -0.62174 0.31433
7 -0.743634 -0.75205 0.320962
1 -0.558242 -1.58411 0.328818
7 -0.582849 -1.30371 0.327822
1 -0.913843 -0.426738 0.308296
1 -0.895377 -0.383644 0.307998
1 -0.85961 -0.579071 0.307971
6 -0.652096 -1.16941 0.322092
1 -0.733481 -0.945581 0.313411
4 -0.80774 -0.738065 0.305002
1 -0.804724 -0.823718 0.305991
1 -0.76673 -0.894814 0.31797
4 -0.771088 -0.882644 0.3179
1 -0.747964 -0.873965 0.317315
7 -0.631591 -1.15272 0.327898
2 -0.692259 -1.07746 0.320844
2 -0.646415 -1.11839 0.330987
2 -0.73176 -0.98598 0.318066
3 -0.523792 -1.59984 0.333059
5 -0.526438 -1.60869 0.331514
2 -0.536425 -1.47341 0.331553
1 -0.528054 -1.42812 0.335234
4 -0.538089 -1.29116 0.342664
2 -0.614151 -1.12054 0.333182
1 -0.747812 -0.728449 0.32641
3 -0.615246 -1.19378 0.334716
4 -0.610267 -1.25591 0.336151
1 -0.640831 -1.15499 0.330681
1 -0.609608 -1.25042 0.332335
2 -0.747475 -0.770865 0.321784
5 -0.616038 -1.13236 0.334464
1 -0.589101 -1.14791 0.336983
1 -0.743858 -0.569396 0.324613
1 -0.7009 -0.761853 0.326364
5 -0.773582 -0.715277 0.321873
3 -0.822696 -0.495057 0.319962
1 -0.736858 -0.905398 0.318169
15 -0.676584 -0.93242 0.326364
1 -0.677404 -0.872898 0.328267
5 -0.635202 -1.06965 0.32661
2 -0.7176 -0.779387 0.320674
7 -0.742039 -0.615791 0.330172
2 -0.659179 -0.907632 0.333087
1 -0.705347 -1.09858 0.316136
4 -0.745375 -0.951791 0.315974
6 -0.633609 -1.15381 0.327698
2 -0.823233 -0.634296 0.309661
4 -0.820961 -0.791893 0.306285
1 -0.701451 -1.21582 0.31314
8 -0.551134 -1.55685 0.337843
9 -0.533894 -1.65125 0.339312
1 -0.79684 -0.926748 0.308453
1 -0.513533 -1.9266 0.327383
4 -0.530362 -1.88398 0.327248
1 -0.743367 -1.10696 0.309582
2 -0.481613 -1.81062 0.329479
2 -0.494291 -1.55614 0.340743
1 -0.496186 -1.49413 0.342619
1 -0.651985 -1.21245 0.325741
4 -0.595402 -1.46062 0.323946
2 -0.872411 -0.547739 0.302567
2 -0.825305 -0.578325 0.314015
2 -0.642786 -1.12611 0.32464
5 -0.711717 -0.91566 0.318581
3 -0.755374 -0.783241 0.316298
1 -0.796919 -0.62706 0.316849
3 -0.778719 -0.74634 0.315026
1 -0.756793 -0.860215 0.321235
2 -0.905013 -0.441062 0.30759
2 -0.829524 -0.776298 0.304731
4 -0.741196 -0.895921 0.32139
2 -0.822705 -0.616048 0.311594
1 -0.582596 -1.35068 0.332143
2 -0.586341 -1.3517 0.331953
4 -0.463833 -1.76454 0.339788
1 -0.73363 -0.763019 0.324425
1 -0.698625 -0.870385 0.326549
1 -0.707811 -0.854031 0.325541
1 -0.632733 -1.2329 0.322926
2 -0.55961 -1.48477 0.332297
6 -0.817468 -0.540404 0.319525
5 -0.669658 -1.00734 0.32464
8 -0.732496 -0.788837 0.320938
5 -0.574441 -1.24928 0.343837
2 -0.808928 -0.612797 0.321442
1 -0.835752 -0.488394 0.317297
1 -0.796856 -0.666445 0.313405
7 -0.648337 -1.07356 0.330204
1 -0.657375 -1.09853 0.327715
2 -0.58221 -1.37682 0.332706
4 -0.611529 -1.11578 0.332768
4 -0.670335 -1.02439 0.336153
2 -0.585227 -1.2874 0.340934
7 -0.613533 -1.16079 0.341453
4 -0.659079 -1.02792 0.341024
7 -0.660082 -1.08615 0.327988
1 -0.69206 -0.883475 0.328182
5 -0.696063 -1.0547 0.318204
2 -0.626223 -1.27673 0.325452
3 -0.617009 -1.32403 0.322403
1 -0.804762 -0.690741 0.309371
9 -0.749853 -1.04584 0.313787
4 -0.751843 -0.743536 0.319449
3 -0.695462 -0.806103 0.333666
5 -0.648378 -1.00597 0.332486
6 -0.633265 -1.21524 0.336239
2 -0.649154 -0.918764 0.342746
1 -0.597664 -1.1104 0.342833
3 -0.49945 -1.6708 0.338467
4 -0.477079 -1.70753 0.347005
2 -0.483716 -1.68294 0.348305
5 -0.505368 -1.47859 0.355846
1 -0.57492 -1.29198 0.343082
1 -0.626657 -1.24367 0.336047
2 -0.450707 -1.74801 0.345704
2 -0.475668 -1.62379 0.344226
6 -0.556006 -1.32933 0.335858
1 -0.526351 -1.41804 0.335897
1 -0.47818 -1.59129 0.353134
1 -0.468451 -1.72081 0.349418
2 -0.575968 -1.23429 0.340811
1 -0.508058 -1.56542 0.342986
6 -0.577191 -1.28903 0.33641
2 -0.645599 -1.15551 0.320085
1 -0.706561 -0.88999 0.317673
2 -0.666633 -0.976165 0.32047
2 -0.730129 -0.788131 0.321436
2 -0.568957 -1.27158 0.342283
3 -0.636355 -1.11708 0.33401
4 -0.594187 -1.40141 0.331835
4 -0.722084 -0.868166 0.326933
2 -0.891357 -0.33659 0.31462
3 -0.690779 -0.908777 0.332309
3 -0.706892 -0.808949 0.334341
1 -0.724335 -0.712219 0.332992
2 -0.72255 -0.716385 0.333258
1 -0.697786 -0.768753 0.333585
4 -0.553347 -1.38941 0.339472
1 -0.604575 -1.23685 0.331153
5 -0.652459 -1.04286 0.328171
2 -0.667122 -0.906914 0.33797
1 -0.633436 -1.05651 0.336852
1 -0.512305 -1.51952 0.343632
1 -0.547038 -1.53029 0.337821
2 -0.693623 -1.10805 0.322392
1 -0.636411 -1.31534 0.326604
1 -0.667021 -1.18258 0.330774
4 -0.673348 -1.06934 0.326031
1 -0.701642 -0.992725 0.316753
2 -0.722938 -0.854585 0.318646
2 -0.649419 -1.10622 0.329039
3 -0.690918 -1.02342 0.32829
6 -0.662603 -1.09875 0.32991
4 -0.729716 -0.961205 0.323089
2 -0.668986 -1.12402 0.32986
7 -0.759041 -0.849798 0.319062
3 -0.781255 -0.841052 0.321369
2 -0.746848 -0.915305 0.326103
2 -0.716461 -0.928369 0.333169
2 -0.817138 -0.68567 0.324724
4 -0.73938 -0.662552 0.331821
3 -0.699687 -0.830899 0.334137
1 -0.663544 -0.922575 0.337597
2 -0.607388 -1.16852 0.336565
3 -0.649117 -0.95685 0.334907
1 -0.745319 -0.749124 0.322324
2 -0.683972 -0.908477 0.328668
1 -0.689416 -0.842308 0.324498
2 -0.76175 -0.782013 0.318701
3 -0.712986 -1.11442 0.315517
4 -0.731533 -0.809875 0.319045
1 -0.717278 -0.876625 0.31688
1 -0.684211 -0.949773 0.321045
1 -0.566396 -1.3558 0.341027
2 -0.621158 -1.16762 0.338328
1 -0.488823 -1.57675 0.345555
2 -0.504467 -1.5822 0.343195
1 -0.591869 -1.43184 0.329173
3 -0.696222 -0.963487 0.31748
9 -0.750446 -0.708292 0.325664
6 -0.591833 -1.20778 0.338896
1 -0.635273 -1.09918 0.336613
4 -0.680001 -0.946265 0.332125
1 -0.715288 -0.880321 0.326962
3 -0.648234 -1.0894 0.336701
1 -0.664076 -1.01895 0.33626
4 -0.658936 -0.99973 0.338445
5 -0.659053 -0.956305 0.33831
1 -0.690572 -0.891922 0.333034
8 -0.574598 -1.37875 0.333159
2 -0.623679 -1.20253 0.330203
2 -0.569784 -1.29377 0.340184
4 -0.726946 -0.79225 0.322275
1 -0.642056 -0.991164 0.343526
3 -0.567925 -1.32712 0.336922
1 -0.603095 -1.30769 0.334331
3 -0.648403 -1.08216 0.330584
3 -0.636506 -1.09849 0.336974
8 -0.548761 -1.36497 0.344603
1 -0.553427 -1.40646 0.343266
5 -0.577739 -1.30877 0.341504
2 -0.586983 -1.32938 0.335483
1 -0.601852 -1.20734 0.335721
3 -0.642341 -1.20256 0.325802
4 -0.692158 -0.878159 0.334364
1 -0.675709 -1.12627 0.331087
2 -0.499377 -1.74904 0.338872
7 -0.706672 -1.08406 0.317634
7 -0.591234 -1.38473 0.330373
5 -0.542548 -1.69354 0.339785
1 -0.670377 -1.18128 0.325406
1 -0.74232 -1.03216 0.313398
2 -0.724027 -0.865237 0.319735
3 -0.828431 -0.561381 0.309992
2 -0.804637 -0.515188 0.318671
1 -0.55789 -1.33809 0.340874
1 -0.516695 -1.47274 0.345254
6 -0.632352 -1.11283 0.333682
2 -0.645675 -1.05017 0.335742
1 -0.613036 -1.15231 0.338674
2 -0.710242 -0.883788 0.327085
3 -0.737465 -0.944369 0.316038
5 -0.71121 -1.05214 0.318966
3 -0.737617 -0.959562 0.317488
2 -0.53993 -1.59937 0.330872
3 -0.597968 -1.41006 0.328717
5 -0.634235 -1.27447 0.326855
5 -0.68065 -1.02754 0.326968
4 -0.692821 -1.01226 0.329135
1 -0.670781 -1.15969 0.324172
1 -0.707703 -0.942639 0.326682
2 -0.465418 -1.78112 0.344078
1 -0.476504 -1.80629 0.339483
1 -0.507111 -1.57134 0.346059
2 -0.510673 -1.58188 0.342038
4 -0.536976 -1.63611 0.329512
8 -0.647586 -1.14816 0.326536
4 -0.633719 -1.16318 0.327593
3 -0.620476 -1.32121 0.331592
3 -0.656339 -1.12842 0.331985
5 -0.651717 -1.05397 0.33689
1 -0.565789 -1.40052 0.331747
1 -0.692312 -1.07576 0.315633
2 -0.735364 -0.863436 0.319569
2 -0.839841 -0.581111 0.307993
1 -0.665601 -1.08094 0.319721
5 -0.67482 -1.0801 0.318186
1 -0.63451 -1.33367 0.322672
5 -0.513763 -1.63909 0.334392
2 -0.468809 -1.76202 0.336759
1 -0.473447 -1.75037 0.337735
1 -0.50735 -1.47273 0.346372
1 -0.650629 -1.21369 0.334034
2 -0.652893 -1.19568 0.324517
1 -0.677922 -0.997508 0.337219
1 -0.682955 -0.985049 0.323414
1 -0.628021 -1.06571 0.32836
2 -0.619862 -1.06271 0.329845
3 -0.489349 -1.62321 0.34054
1 -0.841519 -0.528663 0.309689
1 -0.92147 -0.296173 0.308571
4 -0.896697 -0.342351 0.315847
3 -0.822071 -0.610513 0.316412
1 -0.774691 -0.684255 0.320696
1 -0.582243 -1.41276 0.330058
4 -0.702084 -1.19581 0.323636
1 -0.749244 -0.885177 0.323764
5 -0.615876 -1.38311 0.329326
2 -0.630445 -1.35345 0.324344
1 -0.580185 -1.61375 0.326101
3 -0.702931 -1.24073 0.312101
1 -0.732794 -0.957833 0.316897
2 -0.767939 -0.767747 0.313898
1 -0.816781 -0.795592 0.30608
2 -0.632207 -1.36584 0.329221
1 -0.662846 -0.991872 0.335012
5 -0.697511 -0.825515 0.331392
4 -0.69931 -0.877405 0.327711
7 -0.570966 -1.23507 0.349329
11 -0.67419 -0.955472 0.329249
2 -0.630024 -1.06574 0.333741
1 -0.543352 -1.38321 0.337792
3 -0.729057 -0.945904 0.316244
2 -0.73976 -0.797232 0.319708
4 -0.768241 -0.785254 0.319079
2 -0.734893 -0.772882 0.327534
1 -0.555294 -1.37019 0.338715
3 -0.549309 -1.39958 0.344661
5 -0.548815 -1.38689 0.345025
3 -0.545234 -1.25795 0.348705
4 -0.395943 -1.77662 0.355025
5 -0.425847 -1.62082 0.354607
1 -0.624713 -1.13004 0.337938
3 -0.808581 -0.525335 0.323115
4 -0.811381 -0.525183 0.322255
1 -0.721197 -0.824378 0.323276
1 -0.691611 -0.899255 0.327194
3 -0.617532 -1.26772 0.32886
1 -0.65588 -1.10984 0.324207
4 -0.752571 -0.685815 0.319312
1 -0.721525 -0.80094 0.323685
7 -0.721327 -0.835558 0.325007
1 -0.708657 -0.937259 0.322811
3 -0.673017 -1.14051 0.324066
2 -0.696549 -1.17783 0.31979
1 -0.744255 -1.13577 0.313309
1 -0.574339 -1.50763 0.325068
1 -0.828056 -0.7529 0.303179
2 -0.869408 -0.50086 0.306651
1 -0.824821 -0.603524 0.308682
2 -0.651151 -1.09388 0.323033
4 -0.451877 -1.6909 0.33885
3 -0.51427 -1.50056 0.335514
3 -0.576919 -1.41543 0.335943
1 -0.621533 -1.23341 0.330895
2 -0.60699 -1.08019 0.336187
3 -0.694147 -0.783551 0.33203
1 -0.741882 -0.797483 0.31763
1 -0.687018 -1.05124 0.317036
6 -0.551358 -1.33881 0.3402
5 -0.714793 -0.916344 0.325847
3 -0.654157 -0.904733 0.335287
1 -0.572598 -1.26775 0.334023
3 -0.569621 -1.29904 0.336044
1 -0.6991 -0.8488 0.328543
4 -0.600674 -1.14663 0.33913
1 -0.674775 -0.874467 0.337949
2 -0.658291 -0.888104 0.341653
1 -0.540576 -1.75106 0.330508
4 -0.506984 -1.87918 0.333367
2 -0.512124 -1.93821 0.326005
5 -0.700925 -1.39647 0.312414
5 -0.739448 -0.994029 0.315912
1 -0.780501 -0.908949 0.315112
1 -0.691588 -1.16843 0.321486
5 -0.637633 -1.14581 0.329404
10 -0.764087 -0.745427 0.320412
6 -0.752463 -0.797406 0.319542
5 -0.748805 -0.78779 0.321781
1 -0.832577 -0.581628 0.309744
1 -0.82267 -0.653601 0.307872
1 -0.78351 -0.827137 0.309219
2 -0.556647 -1.69882 0.333471
2 -0.489347 -1.70544 0.339521
2 -0.487078 -1.70895 0.3398
5 -0.608953 -1.22315 0.330275
7 -0.556329 -1.55328 0.335765
2 -0.794229 -0.692708 0.324048
3 -0.795721 -0.582519 0.320246
1 -0.684737 -0.923643 0.324197
5 -0.66977 -0.981512 0.329218
6 -0.540295 -1.63298 0.328795
4 -0.551248 -1.6222 0.325012
1 -0.559462 -1.51428 0.325389
1 -0.867829 -0.526487 0.305672
1 -0.700318 -1.10943 0.323886
2 -0.853253 -0.559233 0.3146
1 -0.708566 -0.96329 0.319962
4 -0.65038 -1.13087 0.329002
11 -0.673625 -0.905253 0.335441
1 -0.687654 -1.06697 0.323514
1 -0.719734 -0.982196 0.319129
5 -0.672765 -1.15231 0.324275
3 -0.589956 -1.38941 0.328904
5 -0.519116 -1.51261 0.337619
3 -0.639145 -1.00334 0.329265
3 -0.705085 -1.07747 0.317202
2 -0.642657 -1.12967 0.331811
4 -0.653367 -1.10738 0.331165
1 -0.688716 -1.06804 0.322909
1 -0.663257 -1.15108 0.319296
3 -0.660445 -1.16118 0.319538
2 -0.616994 -1.26576 0.32627
2 -0.676846 -1.07592 0.326772
4 -0.773256 -0.799492 0.316229
1 -0.826773 -0.488394 0.317256
6 -0.770979 -0.65156 0.320782
1 -0.737051 -0.924976 0.320971
10 -0.774904 -0.74156 0.313992
6 -0.713101 -0.941191 0.324806
1 -0.599703 -1.26417 0.335355
2 -0.660536 -1.00679 0.331697
3 -0.676374 -1.01142 0.328383
1 -0.707605 -0.842658 0.330862
2 -0.69425 -0.8885 0.33163
1 -0.771059 -0.662106 0.326063
1 -0.832518 -0.530019 0.323645
2 -0.807822 -0.565645 0.324005
2 -0.783229 -0.68392 0.32786
4 -0.769999 -0.744887 0.327877
6 -0.740966 -0.971732 0.322455
1 -0.723413 -1.08244 0.325226
6 -0.707883 -1.12444 0.32669
2 -0.639917 -1.26495 0.333591
2 -0.799742 -0.847967 0.308897
1 -0.795878 -0.676971 0.313138
6 -0.536739 -1.5753 0.339301
3 -0.776814 -0.767938 0.316413
1 -0.602164 -1.3487 0.326562
2 -0.611564 -1.2824 0.323715
1 -0.617058 -1.36205 0.316953
1 -0.641146 -1.31652 0.313424
2 -0.69037 -1.14367 0.316453
1 -0.550474 -1.83044 0.324605
3 -0.532108 -1.78507 0.329301
5 -0.651648 -1.10503 0.32563
1 -0.588547 -1.17204 0.335371
3 -0.506491 -1.51662 0.336792
3 -0.551493 -1.2791 0.340533
1 -0.515818 -1.39075 0.344666
1 -0.547874 -1.34395 0.345215
5 -0.423042 -1.67477 0.358814
1 -0.481307 -1.50411 0.350135
3 -0.548828 -1.41814 0.337449
3 -0.603868 -1.31938 0.331915
2 -0.649529 -1.1162 0.328771
1 -0.49237 -1.47832 0.341209
4 -0.495099 -1.51377 0.33798
1 -0.696882 -0.988009 0.31874
1 -0.750283 -0.97966 0.31335
3 -0.686684 -1.06599 0.326733
7 -0.585325 -1.33121 0.326403
1 -0.596314 -1.28273 0.325769
2 -0.671253 -0.954024 0.331067
4 -0.634589 -0.973576 0.335374
1 -0.795937 -0.569076 0.318341
3 -0.581322 -1.23923 0.338182
11 -0.519488 -1.54786 0.333965
1 -0.555809 -1.33234 0.341248
4 -0.579248 -1.1891 0.342589
2 -0.496129 -1.71836 0.344003
3 -0.603045 -1.13776 0.34339
3 -0.751633 -0.783937 0.323791
1 -0.773486 -0.749081 0.317939
3 -0.798844 -0.723452 0.311923
1 -0.772036 -0.792315 0.31174
2 -0.697967 -1.00997 0.317804
2 -0.644777 -1.32434 0.316868
3 -0.775326 -0.821041 0.308159
1 -0.669185 -1.29313 0.318402
2 -0.631023 -1.2372 0.329284
3 -0.70251 -1.03446 0.324733
3 -0.74134 -0.943348 0.317533
2 -0.815991 -0.709322 0.314379
2 -0.777011 -0.892907 0.315326
1 -0.743896 -0.927551 0.314114
2 -0.671294 -1.15416 0.319735
1 -0.71889 -1.05594 0.317346
2 -0.662761 -1.40171 0.316488
4 -0.642776 -1.34299 0.319414
6 -0.658908 -1.07596 0.328968
9 -0.657756 -1.06324 0.331344
1 -0.625804 -1.18034 0.332618
2 -0.698167 -0.859436 0.328116
3 -0.655315 -0.955504 0.335832
2 -0.46235 -1.68919 0.344488
1 -0.441544 -1.74465 0.345376
1 -0.623035 -1.18865 0.324331
2 -0.597533 -1.44415 0.332683
3 -0.711315 -1.04182 0.321665
7 -0.669174 -1.21051 0.323231
1 -0.723566 -1.02935 0.313365
1 -0.827981 -0.769525 0.305384
1 -0.825691 -0.76908 0.306276
1 -0.850174 -0.373923 0.321862
7 -0.803777 -0.6099 0.327492
2 -0.715903 -0.997043 0.32896
1 -0.731565 -0.941694 0.328703
2 -0.726246 -0.934178 0.320487
2 -0.80634 -0.496724 0.325483
2 -0.835404 -0.631596 0.310063
2 -0.731186 -0.899846 0.318078
3 -0.708653 -0.964354 0.323915
6 -0.637164 -1.13732 0.331045
3 -0.695935 -0.852326 0.332367
1 -0.738363 -0.895029 0.317923
3 -0.630548 -1.225 0.32699
1 -0.634731 -1.18184 0.331962
4 -0.623182 -1.13854 0.33935
1 -0.664175 -1.0131 0.329326
4 -0.668684 -0.939406 0.331515
11 -0.716599 -0.791021 0.327099
1 -0.537661 -1.41278 0.334548
4 -0.592521 -1.37822 0.324802
3 -0.826173 -0.486892 0.315913
2 -0.758153 -0.651515 0.318069
1 -0.769293 -0.683446 0.322392
1 -0.612843 -1.0857 0.337088
1 -0.676691 -0.93015 0.330371
2 -0.624855 -1.05999 0.331973
1 -0.599082 -1.15145 0.33402
1 -0.609005 -1.10661 0.33268
2 -0.491527 -1.59991 0.340249
4 -0.489557 -1.60335 0.340406
1 -0.670042 -1.0518 0.324406
8 -0.771736 -0.648442 0.320796
2 -0.670961 -0.815699 0.327337
2 -0.513951 -1.30436 0.346131
1 -0.493672 -1.44195 0.348476
3 -0.592753 -1.29464 0.337097
3 -0.598522 -1.18933 0.341089
3 -0.557556 -1.38943 0.341577
1 -0.710207 -0.973243 0.329877
2 -0.624504 -1.19876 0.329094
1 -0.560905 -1.42685 0.337975
2 -0.750276 -0.868637 0.315859
2 -0.760484 -0.844649 0.316844
1 -0.653197 -1.19257 0.327054
4 -0.607123 -1.23842 0.329542
2 -0.709728 -1.07391 0.318242
5 -0.721458 -0.983992 0.323892
1 -0.73768 -0.905081 0.320018
2 -0.621091 -1.23181 0.331843
1 -0.590831 -1.34534 0.335694
3 -0.562074 -1.2745 0.337837
2 -0.59403 -1.18393 0.334369
5 -0.531079 -1.38826 0.340012
2 -0.673082 -0.935937 0.327808
7 -0.658431 -1.02101 0.325473
2 -0.67824 -0.863516 0.331457
4 -0.57767 -1.21926 0.34218
1 -0.663778 -1.13957 0.317569
6 -0.722837 -0.843952 0.318308
1 -0.905624 -0.311556 0.305541
4 -0.840778 -0.574633 0.306148
1 -0.632537 -1.20754 0.321721
3 -0.619921 -1.15291 0.332521
2 -0.810767 -0.571327 0.318792
1 -0.740472 -0.951117 0.319418
2 -0.770779 -0.76266 0.317651
2 -0.897689 -0.372203 0.314565
1 -0.808292 -0.528742 0.321585
2 -0.850222 -0.376121 0.320482
1 -0.69029 -1.05791 0.322485
3 -0.705416 -1.02253 0.323513
5 -0.517022 -1.77902 0.332546
4 -0.721569 -1.03308 0.325054
2 -0.638721 -1.31479 0.32799
2 -0.70672 -1.10547 0.32116
7 -0.655206 -1.15625 0.32694
3 -0.685301 -0.977019 0.338512
3 -0.621147 -1.2382 0.340474
3 -0.639428 -1.35945 0.32824
2 -0.683844 -1.19073 0.3293
2 -0.778575 -0.804009 0.321632
1 -0.632697 -1.32864 0.333594
8 -0.556713 -1.52264 0.339293
3 -0.641256 -1.30756 0.328507
1 -0.685091 -1.16425 0.324213
4 -0.689188 -1.22439 0.324084
2 -0.622077 -1.33732 0.331191
1 -0.683409 -1.04942 0.32488
2 -0.695968 -0.934878 0.326157
1 -0.715257 -0.972834 0.322188
1 -0.649037 -1.0857 0.327586
1 -0.621147 -1.17577 0.329217
1 -0.60697 -1.34029 0.326997
1 -0.698649 -1.02956 0.321426
1 -0.731827 -0.850873 0.319911
1 -0.668014 -1.12462 0.321332
1 -0.64324 -1.18478 0.323989
5 -0.548849 -1.53746 0.332894
5 -0.636856 -0.981191 0.334831
2 -0.693139 -1.11698 0.324083
3 -0.680537 -1.00235 0.331534
1 -0.714342 -0.718815 0.336861
8 -0.697333 -1.14219 0.327789
4 -0.64349 -1.36343 0.33353
3 -0.577289 -1.38296 0.333178
3 -0.686407 -1.06872 0.322539
3 -0.602871 -1.4558 0.328607
16 -0.743521 -1.06806 0.314999
3 -0.665475 -0.971861 0.330837
2 -0.734126 -0.691791 0.327802
1 -0.728795 -0.716603 0.330277
5 -0.817003 -0.656333 0.315767
7 -0.773079 -0.660706 0.321204
3 -0.689433 -0.957714 0.326831
1 -0.780445 -0.77172 0.315639
5 -0.63603 -1.29285 0.329679
1 -0.717455 -1.02719 0.32293
5 -0.746743 -0.792052 0.324637
2 -0.693324 -1.00507 0.329649
1 -0.567662 -1.48503 0.332945
16 -0.77804 -0.785995 0.316637
3 -0.587931 -1.23324 0.340112
1 -0.606949 -1.07785 0.344723
2 -0.609056 -1.19962 0.328718
9 -0.663167 -1.00544 0.330516
3 -0.643508 -1.00863 0.336358
1 -0.609837 -1.06515 0.341899
1 -0.597124 -1.19302 0.337152
1 -0.664391 -1.0619 0.327371
8 -0.77104 -0.780636 0.316341
1 -0.784953 -0.728226 0.316154
1 -0.521455 -1.67053 0.33949
1 -0.494445 -1.6458 0.345468
1 -0.652299 -1.42702 0.322361
2 -0.675727 -1.09093 0.324234
7 -0.605179 -1.19857 0.338669
4 -0.71772 -0.841536 0.326337
4 -0.693141 -1.05642 0.321916
9 -0.608426 -1.19333 0.33865
4 -0.683057 -0.962586 0.327426
4 -0.71148 -0.975558 0.320552
1 -0.693093 -0.925034 0.326136
1 -0.583045 -1.4604 0.329785
1 -0.55141 -1.41085 0.343747
2 -0.603918 -1.23942 0.334132
3 -0.631924 -1.14316 0.332877
4 -0.708312 -0.888068 0.328233
2 -0.682563 -0.966278 0.333008
1 -0.605399 -1.24293 0.334057
3 -0.65501 -1.10686 0.328748
1 -0.630797 -1.29119 0.324375
1 -0.695457 -0.921862 0.3269
3 -0.768499 -0.84315 0.316938
3 -0.633445 -1.05843 0.339069
3 -0.596987 -1.25541 0.333774
2 -0.540081 -1.49334 0.336042
1 -0.501052 -1.62849 0.341921
1 -0.76477 -0.77769 0.320818
1 -0.756541 -0.803858 0.321779
4 -0.687869 -1.02464 0.322015
5 -0.52663 -1.57553 0.337796
4 -0.642158 -1.13015 0.331525
1 -0.901322 -0.286428 0.31407
1 -0.880703 -0.361253 0.318522
3 -0.83043 -0.403806 0.321179
2 -0.830523 -0.466053 0.318938
1 -0.83642 -0.417229 0.316344
2 -0.852931 -0.423157 0.313054
3 -0.661391 -1.10393 0.32919
7 -0.683968 -0.896613 0.333227
3 -0.664249 -0.945659 0.33265
2 -0.684072 -0.851843 0.334119
4 -0.630717 -1.0959 0.343021
1 -0.752164 -0.816161 0.329517
2 -0.73866 -0.983477 0.318788
2 -0.73012 -1.09473 0.314625
2 -0.568709 -1.52233 0.330396
4 -0.808379 -0.662591 0.31089
1 -0.838716 -0.692531 0.303902
1 -0.682233 -0.97752 0.323399
1 -0.617932 -1.23182 0.324315
1 -0.597712 -1.27962 0.332886
2 -0.692278 -0.974014 0.331002
2 -0.687956 -1.24574 0.322904
7 -0.845172 -0.680895 0.307121
2 -0.759589 -0.881399 0.314095
2 -0.573017 -1.6322 0.324731
2 -0.643438 -1.30466 0.319972
3 -0.591025 -1.4796 0.328639
1 -0.589434 -1.43073 0.330073
3 -0.596253 -1.40174 0.331989
3 -0.657272 -1.30994 0.321308
1 -0.719434 -0.938514 0.325517
2 -0.686817 -1.06446 0.327903
1 -0.649772 -0.888759 0.330868
4 -0.600133 -1.21411 0.340518
1 -0.661591 -0.924832 0.339552
2 -0.610969 -1.10899 0.32846
1 -0.825325 -0.464152 0.316938
2 -0.651156 -1.34844 0.319144
2 -0.61718 -1.43967 0.320711
2 -0.595293 -1.38348 0.324315
9 -0.550995 -1.53882 0.328986
1 -0.638063 -1.34571 0.316077
3 -0.84691 -0.660938 0.301193
1 -0.861426 -0.512626 0.304063
11 -0.848336 -0.534681 0.316896
1 -0.85661 -0.595958 0.310958
1 -0.724016 -0.955421 0.321873
1 -0.697069 -0.952632 0.33
4 -0.593852 -1.27719 0.334984
2 -0.588125 -1.4891 0.331586
10 -0.510559 -1.69428 0.334109
3 -0.644492 -1.26088 0.321879
2 -0.529243 -1.55873 0.339163
5 -0.580406 -1.5067 0.332843
7 -0.576252 -1.55156 0.330172
3 -0.618918 -1.42543 0.32254
3 -0.698008 -1.09869 0.315967
1 -0.717439 -1.05424 0.315832
2 -0.686258 -1.08321 0.324542
1 -0.658329 -1.29884 0.329857
8 -0.683301 -1.24305 0.324042
1 -0.659219 -1.06088 0.326227
3 -0.644063 -1.01134 0.335196
7 -0.751679 -0.844157 0.322685
4 -0.591339 -1.33141 0.328631
4 -0.468938 -1.58458 0.348079
2 -0.48904 -1.48821 0.345854
5 -0.552744 -1.42376 0.334958
2 -0.729609 -0.854314 0.319952
5 -0.647609 -1.02856 0.331623
2 -0.551134 -1.29032 0.343948
1 -0.562033 -1.30231 0.343358
1 -0.582854 -1.28225 0.337869
9 -0.640837 -1.11867 0.328632
5 -0.542629 -1.63633 0.337792
1 -0.674807 -1.13543 0.327692
6 -0.633473 -1.39085 0.322055
12 -0.698703 -0.94188 0.329218
5 -0.697467 -0.971528 0.328681
4 -0.747962 -0.792439 0.32357
3 -0.705751 -0.872796 0.330004
5 -0.643691 -0.996635 0.329627
5 -0.705645 -0.811854 0.330464
1 -0.732744 -0.832336 0.321217
1 -0.685246 -0.950958 0.326723
3 -0.783188 -0.746224 0.315828
10 -0.832493 -0.714621 0.307789
1 -0.639774 -1.24942 0.31941
8 -0.573212 -1.47083 0.329362
3 -0.615332 -1.39905 0.328941
18 -0.686409 -0.958172 0.330785
7 -0.693287 -1.20497 0.321132
3 -0.558145 -1.34283 0.335629
1 -0.615261 -1.25445 0.32676
1 -0.721859 -0.823962 0.326158
7 -0.624466 -1.14649 0.330674
5 -0.625293 -1.1821 0.330256
9 -0.730171 -0.807587 0.324927
6 -0.597113 -1.30469 0.33264
2 -0.677122 -1.09787 0.321549
8 -0.759896 -0.847872 0.317158
2 -0.799629 -0.611695 0.318479
5 -0.766587 -0.682284 0.318243
1 -0.745357 -0.623 0.324938
4 -0.718458 -0.850833 0.324841
2 -0.644538 -1.20106 0.324283
1 -0.62957 -1.25347 0.330096
2 -0.694259 -0.972046 0.32877
1 -0.593194 -1.26166 0.332287
6 -0.561466 -1.41063 0.333186
4 -0.718426 -0.80459 0.326001
2 -0.598943 -1.3849 0.322379
2 -0.726252 -1.01976 0.310291
5 -0.578449 -1.56885 0.325738
2 -0.697481 -0.973035 0.320271
1 -0.728882 -0.731609 0.33006
3 -0.682769 -0.925613 0.331387
1 -0.662455 -1.04263 0.333488
4 -0.697446 -1.13527 0.326155
1 -0.778101 -0.775655 0.315424
1 -0.664161 -1.04266 0.332191
4 -0.674481 -1.0144 0.331031
1 -0.634452 -1.13926 0.333932
1 -0.704685 -0.931848 0.327478
5 -0.715581 -0.898582 0.322635
7 -0.762534 -0.817976 0.320731
13 -0.71955 -0.895111 0.326272
1 -0.736895 -0.849539 0.324219
2 -0.799231 -0.681945 0.317535
1 -0.83299 -0.541606 0.316906
1 -0.735976 -0.830966 0.323658
1 -0.769506 -0.836762 0.316967
6 -0.669778 -0.942783 0.333533
1 -0.804471 -0.731026 0.310665
3 -0.683208 -1.05867 0.32268
1 -0.797234 -0.745114 0.311444
3 -0.717471 -0.787732 0.329735
1 -0.729621 -0.758081 0.315402
1 -0.787342 -0.654501 0.311365
8 -0.574562 -1.37388 0.330719
1 -0.64718 -1.12504 0.324506
3 -0.529316 -1.55933 0.337411
1 -0.718179 -0.816507 0.328608
3 -0.48408 -1.59095 0.344878
4 -0.65813 -1.01368 0.338826
2 -0.7235 -0.899751 0.330034
5 -0.622055 -1.28014 0.330183
1 -0.601583 -1.29713 0.327184
2 -0.724138 -0.885593 0.315308
3 -0.75779 -0.743319 0.311679
9 -0.755595 -0.747498 0.31956
2 -0.648661 -1.10617 0.33232
6 -0.65641 -1.25415 0.326097
2 -0.585318 -1.36289 0.332614
8 -0.815196 -0.631317 0.318371
2 -0.782228 -0.772595 0.320906
4 -0.829702 -0.714292 0.312816
7 -0.869751 -0.532542 0.31111
2 -0.624702 -1.26683 0.333988
3 -0.70712 -0.824894 0.330801
1 -0.696566 -0.862158 0.329363
3 -0.620714 -1.08932 0.336682
1 -0.621655 -0.924945 0.342015
1 -0.663274 -0.820193 0.336677
1 -0.705288 -0.747243 0.329999
2 -0.675008 -0.865961 0.327465
2 -0.675008 -0.865961 0.327465
2 -0.632655 -1.26497 0.33344
9 -0.596743 -1.35809 0.335841
7 -0.618564 -1.17743 0.33413
2 -0.658504 -1.03268 0.334127
5 -0.670678 -0.970162 0.334363
2 -0.590044 -1.30228 0.333619
4 -0.651491 -1.17892 0.327282
1 -0.57243 -1.17718 0.344843
2 -0.474564 -1.57067 0.347377
3 -0.652647 -1.27636 0.32055
11 -0.687552 -1.11508 0.323109
1 -0.634969 -1.2942 0.327369
3 -0.741306 -0.843757 0.324267
1 -0.766204 -0.676327 0.324064
2 -0.691878 -0.817205 0.325492
3 -0.765344 -0.595582 0.32314
3 -0.575163 -1.19286 0.344912
2 -0.824327 -0.569092 0.325406
1 -0.751749 -0.732702 0.322675
1 -0.458395 -1.77257 0.347344
1 -0.455635 -1.64597 0.348767
1 -0.555646 -1.37356 0.335672
5 -0.561821 -1.34932 0.338001
3 -0.709293 -0.868141 0.325436
3 -0.732952 -0.868362 0.320491
1 -0.720354 -1.00269 0.325087
2 -0.684034 -1.24601 0.321356
2 -0.557918 -1.5818 0.33292
11 -0.639862 -1.13334 0.329999
2 -0.602607 -1.24276 0.333988
2 -0.584335 -1.32199 0.335302
1 -0.59143 -1.36879 0.337351
3 -0.618178 -1.21629 0.327772
3 -0.630603 -1.26293 0.323402
5 -0.746305 -1.00123 0.31269
1 -0.84676 -0.426972 0.314584
2 -0.852986 -0.464023 0.312682
3 -0.866171 -0.380587 0.314418
2 -0.761397 -0.612067 0.330813
2 -0.646906 -1.05997 0.334033
12 -0.633003 -1.09007 0.335763
2 -0.519969 -1.35891 0.3496
1 -0.59558 -1.17478 0.336481
2 -0.503944 -1.51043 0.341968
8 -0.563833 -1.38956 0.338412
2 -0.525059 -1.61339 0.337616
3 -0.610634 -1.21856 0.3389
1 -0.619834 -1.20867 0.336131
3 -0.567497 -1.42414 0.339453
1 -0.557099 -1.58951 0.336664
4 -0.55038 -1.60106 0.337364
3 -0.495328 -1.6582 0.345101
1 -0.671427 -1.18702 0.323082
5 -0.613783 -1.2184 0.337332
1 -0.428025 -2.03902 0.342415
2 -0.477091 -1.875 0.333987
6 -0.569006 -1.49509 0.330788
7 -0.574729 -1.48635 0.328487
4 -0.64922 -1.22173 0.327589
1 -0.613085 -1.3849 0.330354
1 -0.543503 -1.56405 0.336026
1 -0.557018 -1.31977 0.339401
4 -0.542173 -1.44464 0.339931
1 -0.686382 -1.14787 0.32542
1 -0.796094 -0.634208 0.325016
4 -0.782471 -0.705999 0.32602
3 -0.836884 -0.707939 0.316168
3 -0.915739 -0.420395 0.30988
1 -0.915846 -0.353862 0.312421
1 -0.87277 -0.510623 0.318089
5 -0.854378 -0.498968 0.321289
6 -0.637741 -1.32635 0.329101
3 -0.705697 -0.760287 0.327654
1 -0.537856 -1.3673 0.340556
1 -0.615526 -1.16881 0.333628
1 -0.582882 -1.25332 0.33694
1 -0.540691 -1.3468 0.342256
1 -0.526027 -1.41556 0.3378
1 -0.606222 -1.27665 0.326161
1 -0.606672 -1.22572 0.335891
3 -0.67146 -1.11114 0.327624
6 -0.690444 -1.11453 0.325968
4 -0.768596 -0.754472 0.322707
1 -0.69735 -0.906363 0.330395
2 -0.780011 -0.701605 0.324673
7 -0.686964 -1.01532 0.32863
5 -0.627461 -1.29511 0.326254
1 -0.639641 -1.28488 0.321251
3 -0.680802 -1.00328 0.327609
1 -0.745005 -0.882991 0.323563
3 -0.664445 -1.09853 0.32535
1 -0.682468 -1.09122 0.320073
3 -0.557133 -1.39398 0.329752
5 -0.608885 -1.20004 0.328991
4 -0.63021 -1.32278 0.325147
2 -0.610328 -1.3836 0.325637
3 -0.622128 -1.31488 0.327733
1 -0.68605 -1.06705 0.32316
1 -0.681791 -1.03669 0.32222
1 -0.632244 -1.24451 0.326768
7 -0.62692 -1.29161 0.327765
2 -0.704939 -0.908505 0.325275
1 -0.694727 -0.96777 0.325717
2 -0.734916 -0.860563 0.321668
3 -0.721247 -0.995423 0.318945
7 -0.674029 -1.07543 0.328951
8 -0.573945 -1.41371 0.33474
2 -0.672809 -1.00123 0.331452
2 -0.717134 -0.945646 0.323108
2 -0.682912 -1.06371 0.325696
7 -0.706333 -0.89993 0.318246
3 -0.819614 -0.505149 0.314961
2 -0.613115 -1.13647 0.3377
14 -0.621251 -1.11322 0.337156
1 -0.564678 -1.24174 0.33974
4 -0.570368 -1.35931 0.336385
2 -0.593044 -1.32006 0.332536
6 -0.566417 -1.49732 0.332668
8 -0.559493 -1.42005 0.335512
1 -0.676878 -1.03362 0.319807
2 -0.511962 -1.44112 0.339751
1 -0.705113 -0.877889 0.323091
2 -0.666287 -1.00818 0.327399
1 -0.660277 -1.01911 0.328331
1 -0.569761 -1.48029 0.330784
1 -0.595888 -1.37728 0.329874
6 -0.674842 -1.04126 0.333198
3 -0.56851 -1.3241 0.341285
2 -0.647243 -1.14262 0.326125
2 -0.578526 -1.37449 0.334046
1 -0.659798 -0.997037 0.326938
5 -0.638141 -1.13603 0.329603
6 -0.627561 -1.22664 0.331288
3 -0.717284 -0.91993 0.324371
14 -0.706841 -0.927415 0.323208
6 -0.714134 -0.971308 0.321721
3 -0.543262 -1.4147 0.341625
1 -0.68869 -0.865615 0.331426
1 -0.785586 -0.737204 0.30987
1 -0.822482 -0.691688 0.3052
2 -0.833428 -0.680565 0.307318
1 -0.789928 -0.822291 0.313196
1 -0.627613 -1.18343 0.331055
1 -0.569602 -1.29163 0.339303
1 -0.498477 -1.66347 0.333552
1 -0.668196 -1.08917 0.319586
3 -0.746324 -0.970915 0.311819
2 -0.746002 -0.981067 0.322284
3 -0.786196 -0.824774 0.311707
3 -0.783185 -0.823547 0.310652
9 -0.936724 -0.274425 0.30258
1 -0.733836 -1.15828 0.31778
3 -0.559445 -1.62147 0.33026
1 -0.432768 -2.02438 0.337303
2 -0.446377 -1.97157 0.336889
4 -0.530745 -1.82514 0.331408
7 -0.584003 -1.56675 0.326778
3 -0.711701 -0.989861 0.320576
3 -0.762484 -0.896095 0.315603
1 -0.699653 -1.13534 0.318575
1 -0.748639 -0.796406 0.320292
3 -0.774889 -0.725683 0.317085
2 -0.70249 -0.98526 0.322389
4 -0.699424 -0.94286 0.326527
7 -0.66642 -1.04285 0.328778
1 -0.684959 -0.888643 0.331477
2 -0.728967 -0.740866 0.333675
1 -0.639444 -1.09088 0.339633
6 -0.665189 -1.04989 0.334217
2 -0.794462 -0.660669 0.32011
2 -0.776995 -0.711494 0.323357
4 -0.748508 -0.854611 0.320659
4 -0.719426 -0.899935 0.324459
3 -0.555024 -1.4875 0.340286
1 -0.551977 -1.40409 0.340917
3 -0.603242 -1.32986 0.334854
1 -0.619038 -1.23574 0.339401
4 -0.619715 -1.28944 0.329842
1 -0.584049 -1.42267 0.333066
2 -0.709897 -1.01127 0.320069
3 -0.634332 -1.10635 0.333202
1 -0.684473 -0.901159 0.334453
2 -0.710144 -0.896425 0.324988
2 -0.765647 -0.753819 0.320288
6 -0.766681 -0.793048 0.320904
2 -0.668326 -1.04845 0.333899
1 -0.738712 -0.889383 0.3246
2 -0.668268 -1.13888 0.325228
4 -0.719987 -0.854377 0.327816
1 -0.716844 -0.938594 0.326727
1 -0.527867 -1.45457 0.340311
4 -0.528597 -1.47374 0.336141
2 -0.625524 -1.37721 0.321063
3 -0.753343 -1.01401 0.309071
10 -0.628264 -1.36294 0.335251
2 -0.706759 -1.22576 0.319923
1 -0.632353 -1.1829 0.332892
4 -0.653828 -1.0993 0.328915
2 -0.57651 -1.38525 0.332399
5 -0.661986 -0.964009 0.339341
2 -0.615015 -1.08403 0.339689
2 -0.65342 -0.965011 0.335479
1 -0.670431 -0.983132 0.3262
2 -0.697334 -1.09282 0.319404
5 -0.764926 -0.850808 0.320336
1 -0.790618 -0.769629 0.320006
2 -0.713689 -0.985681 0.320279
3 -0.744227 -0.859081 0.314534
1 -0.781295 -0.684008 0.315424
4 -0.68443 -0.96522 0.335813
1 -0.593678 -1.25422 0.331232
5 -0.565368 -1.42754 0.333779
1 -0.559425 -1.42406 0.334738
2 -0.73251 -0.863982 0.321035
1 -0.830493 -0.67321 0.310369
1 -0.665487 -1.12643 0.3271
1 -0.66824 -1.21441 0.324661
4 -0.795488 -0.629215 0.321597
1 -0.582454 -1.52215 0.33267
1 -0.630805 -1.2724 0.32652
2 -0.729519 -0.840423 0.326839
3 -0.706304 -0.976894 0.325745
3 -0.443751 -1.56459 0.351661
2 -0.66374 -1.08129 0.327107
2 -0.704971 -0.996842 0.324012
3 -0.543822 -1.3717 0.340654
1 -0.758617 -0.927497 0.317314
1 -0.732719 -1.00481 0.319652
4 -0.710133 -1.15725 0.320316
1 -0.7782 -0.746571 0.320197
3 -0.731577 -0.994503 0.318685
1 -0.671425 -1.11396 0.321879
3 -0.651216 -1.25188 0.323589
4 -0.606687 -1.17032 0.333707
4 -0.623512 -1.17074 0.333268
2 -0.666443 -1.20886 0.322671
2 -0.707908 -1.00485 0.320694
1 -0.653594 -1.06748 0.333045
5 -0.682608 -0.920132 0.335767
4 -0.560147 -1.24794 0.342221
1 -0.587802 -1.18816 0.336677
2 -0.672748 -1.05215 0.32257
3 -0.728311 -0.97697 0.317655
3 -0.830117 -0.766217 0.308836
4 -0.728806 -1.06201 0.318533
7 -0.717187 -1.15661 0.318439
1 -0.642153 -1.38628 0.32735
1 -0.574212 -1.35908 0.341158
1 -0.780242 -0.683433 0.320252
6 -0.744311 -0.998529 0.313139
3 -0.797331 -0.788531 0.313461
4 -0.606943 -1.21878 0.336059
5 -0.764607 -0.816837 0.31218
1 -0.688464 -1.12411 0.32013
2 -0.722851 -1.05708 0.317148
3 -0.705287 -0.980997 0.325789
2 -0.671297 -1.0856 0.328263
2 -0.692947 -1.04635 0.324688
3 -0.633307 -1.23133 0.332483
2 -0.706988 -0.95835 0.330015
1 -0.803989 -0.671305 0.322955
2 -0.818764 -0.737569 0.312488
2 -0.857913 -0.666035 0.304704
2 -0.773856 -0.782172 0.312881
3 -0.765023 -0.754386 0.313771
4 -0.918413 -0.273737 0.310377
1 -0.76719 -0.694556 0.319271
1 -0.761205 -0.689992 0.320089
2 -0.569467 -1.33682 0.335709
9 -0.554326 -1.39339 0.336989
1 -0.658665 -1.15485 0.323639
5 -0.82042 -0.518279 0.31682
3 -0.774447 -0.742038 0.321546
1 -0.753934 -0.824652 0.319409
2 -0.759089 -0.802983 0.319164
8 -0.667324 -1.13938 0.323587
3 -0.574268 -1.39529 0.332053
10 -0.687715 -1.15765 0.323519
2 -0.770815 -0.690974 0.320109
1 -0.5876 -1.21408 0.331737
1 -0.552802 -1.39216 0.336907
2 -0.544482 -1.48917 0.339531
1 -0.605943 -1.26872 0.338688
3 -0.754738 -0.780674 0.327514
2 -0.77822 -0.689646 0.326437
2 -0.872482 -0.317002 0.320469
2 -0.698181 -0.84008 0.333346
1 -0.613511 -1.20084 0.332659
2 -0.499397 -1.62214 0.341512
1 -0.495029 -1.61793 0.340517
1 -0.629815 -1.24088 0.33201
2 -0.68025 -1.04057 0.331017
5 -0.622779 -1.27633 0.324429
3 -0.568598 -1.47101 0.326459
1 -0.693854 -0.965524 0.321549
3 -0.723708 -0.838407 0.318277
1 -0.705659 -0.977285 0.326834
1 -0.819266 -0.589354 0.319792
6 -0.762832 -0.737017 0.318634
1 -0.710886 -1.0408 0.317962
1 -0.733468 -0.77851 0.322523
1 -0.711917 -0.802646 0.327203
1 -0.698354 -0.881501 0.323877
1 -0.623324 -1.1074 0.333289
1 -0.645468 -1.12524 0.329607
1 -0.657533 -1.20059 0.329427
4 -0.635936 -1.19801 0.330804
1 -0.589203 -1.36247 0.33126
3 -0.677569 -0.893108 0.328159
2 -0.727634 -0.829462 0.318893
4 -0.629834 -1.32457 0.324189
1 -0.82335 -0.726435 0.309474
1 -0.80373 -0.824504 0.310037
7 -0.720626 -0.739468 0.334348
7 -0.65013 -1.03344 0.33403
2 -0.730296 -0.808087 0.329775
2 -0.692906 -0.881968 0.33896
2 -0.800606 -0.520728 0.328392
4 -0.732217 -0.833497 0.318305
5 -0.664937 -1.08186 0.329447
1 -0.623693 -1.2997 0.331889
10 -0.617031 -1.2402 0.331753
5 -0.591414 -1.26547 0.331374
1 -0.663006 -1.0636 0.32738
1 -0.625143 -1.21992 0.333186
2 -0.807314 -0.8438 0.312567
1 -0.612411 -1.48569 0.320311
1 -0.604877 -1.47953 0.322089
11 -0.540065 -1.39508 0.340328
10 -0.539902 -1.48862 0.334224
1 -0.652584 -1.11776 0.326745
4 -0.742697 -0.820485 0.324872
1 -0.692342 -0.974681 0.325765
5 -0.761286 -0.709539 0.321377
1 -0.675521 -1.24673 0.323744
2 -0.714801 -1.20814 0.316501
2 -0.71793 -0.939761 0.318659
2 -0.707296 -0.900675 0.319253
4 -0.662728 -1.1204 0.318105
4 -0.743562 -0.895116 0.313824
4 -0.540001 -1.42537 0.332354
1 -0.581405 -1.21506 0.336431
2 -0.512957 -1.37141 0.342744
3 -0.51311 -1.37679 0.341753
5 -0.530432 -1.76513 0.32873
2 -0.531269 -1.79582 0.328241
5 -0.617886 -1.27022 0.329267
1 -0.569734 -1.31772 0.335857
2 -0.650484 -1.13593 0.330189
2 -0.660747 -0.931143 0.33438
5 -0.585898 -1.07784 0.345353
3 -0.529667 -1.27209 0.344794
2 -0.750026 -0.931382 0.320366
1 -0.692728 -1.08446 0.320449
6 -0.64245 -1.26804 0.318341
2 -0.677411 -1.16355 0.321688
1 -0.704335 -0.98719 0.324709
2 -0.653935 -1.02361 0.3311
3 -0.602365 -1.1941 0.333734
6 -0.794936 -0.626069 0.316046
1 -0.726042 -0.818785 0.32444
3 -0.629175 -1.11177 0.332314
3 -0.557065 -1.67717 0.325715
3 -0.510385 -1.63418 0.334003
3 -0.662211 -1.18107 0.327591
3 -0.76024 -0.721264 0.324046
1 -0.706339 -0.81968 0.335419
3 -0.715909 -0.752939 0.328206
2 -0.713118 -0.717033 0.328113
2 -0.728403 -0.829219 0.324169
1 -0.565512 -1.60838 0.328077
5 -0.660763 -1.1449 0.320489
1 -0.870849 -0.399063 0.317456
6 -0.689539 -1.10947 0.328132
7 -0.666507 -0.922228 0.33564
2 -0.817711 -0.599802 0.319814
1 -0.817592 -0.734654 0.315001
5 -0.766171 -0.620583 0.323844
2 -0.7003 -0.866421 0.326936
3 -0.79842 -0.74948 0.313161
1 -0.761927 -0.894596 0.321533
1 -0.74088 -0.866663 0.330084
1 -0.55307 -1.46793 0.333763
4 -0.670382 -1.21983 0.32259
4 -0.713292 -0.872181 0.318552
1 -0.520791 -1.32995 0.336205
1 -0.720862 -0.704629 0.333242
1 -0.67562 -0.902929 0.336626
1 -0.843945 -0.476899 0.321237
9 -0.633946 -1.31278 0.327253
1 -0.55603 -1.32046 0.341988
2 -0.637365 -1.12505 0.335204
1 -0.653918 -1.17177 0.330683
3 -0.700902 -1.03242 0.325574
4 -0.577475 -1.59022 0.323781
3 -0.664415 -1.14957 0.322333
1 -0.617672 -1.2878 0.326824
2 -0.641955 -1.18526 0.325527
2 -0.72157 -0.889877 0.322992
11 -0.634366 -1.06353 0.331176
3 -0.598038 -1.18523 0.336218
1 -0.719957 -0.688847 0.329114
10 -0.799779 -0.507645 0.323727
7 -0.7764 -0.643569 0.320675
4 -0.59981 -1.23697 0.334918
1 -0.64742 -1.053 0.329845
2 -0.774819 -0.742215 0.325608
4 -0.657097 -1.26023 0.324835
3 -0.636551 -1.2753 0.326533
5 -0.650234 -1.09848 0.330457
1 -0.673625 -0.965876 0.329826
2 -0.629577 -1.11554 0.330212
1 -0.675266 -0.948986 0.329018
3 -0.689515 -0.81875 0.337237
1 -0.69916 -0.815674 0.335108
1 -0.694526 -0.956089 0.328764
2 -0.712647 -0.913192 0.320551
5 -0.778745 -0.678346 0.315913
1 -0.805096 -0.621262 0.311844
3 -0.654079 -1.32531 0.328311
2 -0.657323 -1.31666 0.3258
1 -0.654974 -1.17355 0.330752
2 -0.738832 -0.892718 0.318723
1 -0.753969 -0.926835 0.311165
5 -0.82836 -0.630783 0.313181
1 -0.831116 -0.584169 0.309319
2 -0.603307 -1.1329 0.331228
1 -0.767448 -0.694119 0.322337
1 -0.699008 -0.920036 0.325741
3 -0.680269 -0.95822 0.327345
7 -0.827613 -0.613119 0.314709
3 -0.782836 -0.752633 0.317464
8 -0.78872 -0.809752 0.315604
6 -0.803465 -0.750279 0.312758
8 -0.813247 -0.750924 0.311523
1 -0.916712 -0.448267 0.310289
4 -0.868504 -0.473705 0.318604
3 -0.757702 -0.628259 0.328227
4 -0.731205 -0.785073 0.326472
5 -0.625472 -1.11881 0.341081
2 -0.607965 -1.15124 0.338474
2 -0.764259 -0.907752 0.309668
1 -0.683845 -1.26434 0.319558
4 -0.50699 -1.7994 0.332904
1 -0.515212 -1.81973 0.335374
2 -0.507273 -1.83676 0.336849
2 -0.550097 -1.47298 0.335797
7 -0.714319 -0.864666 0.323198
4 -0.800594 -0.712747 0.312794
7 -0.719912 -0.855063 0.325323
6 -0.713056 -0.976136 0.32313
5 -0.710372 -0.964912 0.321971
2 -0.732901 -0.814165 0.323693
2 -0.645685 -1.25045 0.330178
1 -0.642246 -1.2647 0.32882
2 -0.645399 -1.28947 0.324611
2 -0.629714 -1.22504 0.332329
3 -0.776016 -0.747715 0.311512
1 -0.803819 -0.546823 0.317956
1 -0.683149 -1.11346 0.323418
3 -0.665768 -1.06788 0.332236
8 -0.684535 -1.10973 0.324148
2 -0.641202 -1.30746 0.328089
3 -0.535438 -1.52995 0.332853
3 -0.640349 -1.22778 0.325153
1 -0.718202 -1.02253 0.316418
3 -0.761951 -0.93531 0.315764
13 -0.690391 -1.03896 0.32589
2 -0.653841 -1.12036 0.325697
1 -0.656593 -1.21936 0.323295
2 -0.674845 -1.12573 0.323711
2 -0.690505 -1.06517 0.318847
1 -0.757323 -0.81318 0.316688
12 -0.562168 -1.35335 0.334653
2 -0.615605 -1.34369 0.324613
5 -0.792695 -0.946683 0.317243
1 -0.790927 -0.82146 0.318219
3 -0.731202 -0.985475 0.323182
1 -0.737543 -1.0047 0.320371
9 -0.704871 -0.975996 0.324519
1 -0.632987 -1.21989 0.328079
2 -0.620092 -1.1353 0.330512
3 -0.76411 -0.741573 0.322159
1 -0.819436 -0.519988 0.319689
4 -0.655075 -1.13623 0.328307
4 -0.561756 -1.40562 0.339867
1 -0.546726 -1.40585 0.343385
4 -0.648876 -0.973166 0.343957
2 -0.65292 -0.953278 0.342984
2 -0.619291 -1.10057 0.344913
3 -0.78322 -0.676142 0.321925
1 -0.82353 -0.549763 0.319701
6 -0.886389 -0.484143 0.316092
2 -0.82498 -0.553505 0.320584
1 -0.576215 -1.45088 0.330391
1 -0.761414 -0.736061 0.320919
2 -0.636332 -1.07808 0.327106
1 -0.676402 -1.0719 0.322592
1 -0.834068 -0.646163 0.311105
3 -0.797958 -0.771337 0.315111
4 -0.742928 -0.863876 0.315599
4 -0.757006 -0.865678 0.311611
1 -0.621949 -1.20239 0.336589
1 -0.66573 -1.12076 0.326296
3 -0.566818 -1.40459 0.333613
2 -0.642844 -1.14569 0.334316
2 -0.577928 -1.31641 0.336724
2 -0.722819 -0.799179 0.327439
2 -0.693639 -0.888763 0.330688
2 -0.737826 -0.739872 0.324388
3 -0.801678 -0.610666 0.315916
1 -0.667412 -1.21869 0.316218
5 -0.790344 -0.787413 0.310957
6 -0.810988 -0.780021 0.307349
1 -0.779736 -0.735026 0.312334
1 -0.72255 -0.962702 0.322157
1 -0.667534 -1.03278 0.32256
4 -0.76495 -0.698989 0.317529
1 -0.751208 -0.829272 0.319194
1 -0.786111 -0.712047 0.316724
3 -0.777976 -0.757383 0.314764
3 -0.763169 -0.750924 0.3193
1 -0.713289 -1.00898 0.318407
3 -0.622235 -1.12386 0.336729
1 -0.617138 -1.27976 0.3334
1 -0.594147 -1.28241 0.336126
1 -0.630942 -0.994461 0.333955
1 -0.640968 -1.01555 0.332173
4 -0.633555 -1.37759 0.317547
1 -0.675587 -1.16084 0.315316
2 -0.624746 -1.24113 0.325063
4 -0.63186 -1.12448 0.324464
1 -0.645715 -1.13401 0.321981
1 -0.692507 -1.0361 0.319507
2 -0.662047 -1.22708 0.321622
6 -0.817251 -0.836128 0.309547
1 -0.874958 -0.52616 0.311123
9 -0.878947 -0.361792 0.320328
4 -0.790075 -0.748557 0.32048
2 -0.675255 -1.08538 0.33079
4 -0.700424 -1.03894 0.327196
1 -0.788648 -0.879961 0.310053
5 -0.614578 -1.20424 0.333413
3 -0.663023 -1.14975 0.324711
5 -0.679574 -1.04163 0.323453
1 -0.774042 -0.900099 0.314364
1 -0.74832 -0.991606 0.318369
2 -0.720284 -0.871864 0.330036
1 -0.602705 -1.21241 0.340831
1 -0.647688 -1.1204 0.336896
1 -0.596598 -1.29836 0.332802
1 -0.683083 -1.15921 0.324617
1 -0.623555 -1.34402 0.327822
1 -0.654157 -1.03291 0.32997
1 -0.69118 -0.935401 0.320816
2 -0.607216 -1.25693 0.335015
3 -0.569061 -1.33936 0.330224
1 -0.557795 -1.45641 0.329912
2 -0.723594 -1.03091 0.322444
2 -0.500302 -1.51121 0.350535
2 -0.547107 -1.1704 0.347193
1 -0.598418 -1.02969 0.337102
8 -0.725616 -0.703175 0.326359
2 -0.636873 -1.02154 0.332329
3 -0.612227 -1.20493 0.328525
2 -0.614384 -1.20406 0.327369
1 -0.632926 -1.36496 0.322518
6 -0.672646 -1.17625 0.321851
1 -0.649063 -1.14039 0.329475
1 -0.681335 -1.05477 0.326126
2 -0.787226 -0.649477 0.322443
3 -0.656965 -1.05484 0.337555
4 -0.544708 -1.41523 0.344713
1 -0.589466 -1.14842 0.33735
5 -0.813453 -0.559963 0.317053
2 -0.848279 -0.502818 0.31378
4 -0.711183 -0.791893 0.327442
2 -0.72675 -0.78385 0.330334
1 -0.76699 -0.708797 0.325301
6 -0.563198 -1.37074 0.339474
4 -0.568494 -1.32938 0.340057
4 -0.778265 -0.881175 0.311658
2 -0.787726 -0.782254 0.313657
1 -0.632415 -1.28006 0.329775
3 -0.551651 -1.52503 0.337419
3 -0.655064 -1.17808 0.326177
7 -0.630524 -1.31713 0.324359
8 -0.712429 -0.955109 0.31967
5 -0.730713 -1.07718 0.311232
1 -0.584509 -1.4876 0.327069
3 -0.562541 -1.53272 0.330317
1 -0.575345 -1.451 0.330909
1 -0.642496 -1.19343 0.326781
1 -0.740659 -0.726061 0.325008
3 -0.746503 -0.930717 0.316454
7 -0.695642 -1.03948 0.322805
2 -0.729534 -0.86556 0.325328
1 -0.77524 -0.724031 0.319723
1 -0.593348 -1.3338 0.335124
1 -0.604812 -1.21727 0.336902
5 -0.68282 -0.948197 0.331128
7 -0.662161 -1.13881 0.329211
3 -0.603411 -1.3094 0.334948
2 -0.619889 -1.22223 0.3321
1 -0.618458 -1.14148 0.335649
4 -0.715575 -0.830099 0.327367
6 -0.685817 -0.985359 0.327173
2 -0.721801 -0.881391 0.324589
1 -0.60578 -1.23766 0.337002
5 -0.671219 -1.05827 0.331751
2 -0.572737 -1.44372 0.336577
1 -0.579903 -1.38706 0.332098
2 -0.624858 -1.15751 0.332707
1 -0.632804 -1.28626 0.321087
3 -0.648717 -1.13431 0.331248
1 -0.632599 -1.14446 0.336914
3 -0.609793 -1.15951 0.340595
5 -0.595421 -1.21782 0.337265
1 -0.556613 -1.45201 0.342026
4 -0.613298 -1.33102 0.326778
1 -0.624241 -1.14761 0.32828
1 -0.6878 -0.95301 0.331355
1 -0.603475 -1.37955 0.330343
4 -0.499293 -1.66034 0.343224
6 -0.65203 -1.13563 0.326489
10 -0.63572 -1.21034 0.325338
2 -0.685489 -1.11433 0.319522
2 -0.693096 -0.981802 0.325593
1 -0.76157 -0.88685 0.317289
7 -0.765625 -0.811462 0.319153
13 -0.665546 -1.07678 0.323909
8 -0.689066 -0.966361 0.326772
1 -0.62803 -1.17231 0.330213
5 -0.676824 -1.00322 0.328377
8 -0.657833 -1.01334 0.330768
7 -0.721559 -0.818825 0.322891
1 -0.662453 -1.02472 0.325924
5 -0.632369 -1.08273 0.335916
1 -0.842687 -0.435259 0.318986
1 -0.790822 -0.569871 0.327513
7 -0.631657 -1.23214 0.334755
5 -0.785854 -0.674593 0.322463
1 -0.781158 -0.686177 0.322852
1 -0.840973 -0.464025 0.318677
7 -0.74223 -0.717941 0.324493
2 -0.741761 -0.716894 0.324965
2 -0.748208 -0.750426 0.32054
1 -0.599644 -1.25649 0.326221
4 -0.484492 -1.53799 0.338456
2 -0.78987 -0.608766 0.31229
1 -0.635802 -1.061 0.325763
2 -0.612424 -1.08795 0.334641
1 -0.752137 -1.03996 0.307125
2 -0.856383 -0.470981 0.311557
5 -0.841819 -0.403611 0.315144
1 -0.724907 -0.692558 0.325857
1 -0.730027 -0.737261 0.32425
4 -0.656813 -1.17678 0.3262
2 -0.615729 -1.31804 0.330909
1 -0.660313 -1.05953 0.332244
1 -0.641836 -1.1313 0.335042
3 -0.616999 -1.23501 0.33081
11 -0.762945 -0.768188 0.321722
1 -0.759581 -0.778489 0.321357
1 -0.675172 -1.03118 0.330039
2 -0.622461 -1.19647 0.334751
1 -0.652518 -1.11482 0.331602
1 -0.637029 -1.20061 0.325857
2 -0.557629 -1.46542 0.331467
3 -0.758793 -0.831805 0.321637
4 -0.682278 -1.08404 0.328514
6 -0.759579 -0.874726 0.319872
1 -0.671691 -1.05134 0.329588
1 -0.604215 -1.32267 0.33524
1 -0.747785 -0.71343 0.329463
3 -0.660608 -0.978684 0.33257
2 -0.643995 -1.04869 0.331128
1 -0.68521 -0.946461 0.32577
1 -0.681302 -0.922617 0.322776
1 -0.671246 -0.928409 0.32226
2 -0.522454 -1.55315 0.328042
1 -0.691902 -0.74146 0.329952
2 -0.669376 -0.901704 0.332075
5 -0.671581 -0.890641 0.33187
3 -0.616812 -1.25134 0.333087
2 -0.596372 -1.29733 0.336121
11 -0.550159 -1.48332 0.337326
3 -0.616391 -1.14054 0.340113
3 -0.672352 -0.865888 0.330098
1 -0.691501 -0.813089 0.326906
8 -0.673095 -0.838675 0.329214
1 -0.450494 -1.55491 0.351828
4 -0.604625 -1.29476 0.33376
4 -0.62179 -1.35562 0.326023
2 -0.522289 -1.40825 0.344214
3 -0.522092 -1.42882 0.342889
6 -0.54025 -1.571 0.332994
1 -0.504631 -1.69027 0.334664
1 -0.439386 -1.94513 0.339061
2 -0.45719 -1.68426 0.348258
2 -0.638871 -1.03655 0.330873
5 -0.705986 -0.91005 0.319914
1 -0.433151 -1.93257 0.333836
2 -0.546908 -1.67434 0.329016
7 -0.597036 -1.31994 0.325344
1 -0.607241 -1.22024 0.337969
3 -0.564278 -1.39054 0.337266
4 -0.688564 -0.957255 0.32437
4 -0.701191 -1.00854 0.320938
1 -0.641314 -1.21061 0.322234
1 -0.555646 -1.57155 0.32942
1 -0.589072 -1.43652 0.329076
3 -0.659367 -1.10279 0.327644
1 -0.71483 -0.858247 0.335652
3 -0.500534 -1.53635 0.351837
8 -0.747822 -0.862349 0.322042
1 -0.65082 -1.14129 0.331097
1 -0.708766 -1.10169 0.32318
6 -0.640604 -1.36172 0.328623
3 -0.816853 -0.741111 0.315702
6 -0.635311 -1.23201 0.328516
5 -0.722345 -0.814514 0.323193
2 -0.711531 -0.823964 0.326404
1 -0.609299 -1.27813 0.330614
1 -0.62664 -1.25275 0.326961
1 -0.584674 -1.27521 0.334859
3 -0.751144 -0.655882 0.324231
1 -0.772339 -0.665619 0.315327
2 -0.534763 -1.48457 0.338388
1 -0.588208 -1.28867 0.333463
4 -0.645822 -1.15669 0.326964
2 -0.637333 -1.22681 0.325016
6 -0.661932 -1.02793 0.3292
2 -0.679531 -0.980491 0.323025
5 -0.53637 -1.54265 0.336199
2 -0.571637 -1.35238 0.331042
2 -0.643702 -1.20207 0.324728
1 -0.655605 -1.13433 0.322355
3 -0.624516 -1.0594 0.337275
2 -0.651541 -1.00694 0.336185
1 -0.612061 -1.16236 0.342812
3 -0.750305 -0.823184 0.32774
2 -0.616048 -1.32316 0.332359
3 -0.649674 -1.24316 0.329155
4 -0.611986 -1.26068 0.333886
1 -0.625915 -1.25012 0.328129
2 -0.664552 -1.10907 0.332014
5 -0.716732 -1.04404 0.322043
1 -0.815832 -0.659726 0.314706
1 -0.653404 -1.1872 0.333448
2 -0.667585 -1.05247 0.330222
5 -0.735903 -0.813412 0.327891
1 -0.662266 -1.00771 0.334853
1 -0.543571 -1.50698 0.33719
1 -0.631502 -1.15676 0.333624
2 -0.611735 -1.20719 0.339142
9 -0.533557 -1.40309 0.344513
3 -0.578492 -1.34323 0.341979
2 -0.603515 -1.37066 0.333496
3 -0.659144 -1.12761 0.325499
5 -0.684392 -0.911077 0.327794
5 -0.621124 -1.20747 0.33507
2 -0.661069 -1.21067 0.328971
1 -0.563153 -1.36758 0.338691
4 -0.68624 -0.96983 0.33089
5 -0.673525 -1.04502 0.322036
1 -0.760287 -0.766606 0.32029
2 -0.700249 -0.911059 0.32637
2 -0.628025 -1.22745 0.331489
1 -0.622876 -1.22756 0.335779
2 -0.477583 -1.75848 0.342735
1 -0.710023 -0.858348 0.320973
1 -0.624701 -1.11306 0.328313
3 -0.642062 -1.04866 0.327327
2 -0.671417 -1.14899 0.323286
3 -0.662067 -1.27405 0.323656
1 -0.654913 -1.30494 0.321764
5 -0.557426 -1.40231 0.337586
3 -0.636895 -1.26198 0.325844
1 -0.750545 -0.797911 0.3226
3 -0.71225 -0.926648 0.330941
1 -0.560622 -1.51002 0.338263
1 -0.670008 -1.17525 0.329414
3 -0.636399 -1.16251 0.332911
2 -0.670083 -1.06838 0.322081
2 -0.638455 -1.28508 0.315106
1 -0.691628 -1.08612 0.317287
2 -0.525997 -1.53658 0.334703
5 -0.540513 -1.48378 0.33441
4 -0.545443 -1.56165 0.335711
7 -0.745626 -0.788744 0.320177
1 -0.70396 -0.905405 0.325632
2 -0.768693 -0.700235 0.318608
3 -0.57011 -1.37616 0.331227
3 -0.586626 -1.34472 0.330101
3 -0.592446 -1.3808 0.328586
4 -0.600408 -1.20638 0.335741
2 -0.649735 -1.12342 0.328484
4 -0.706949 -0.980485 0.320573
1 -0.70419 -0.985983 0.321198
1 -0.670671 -0.987401 0.330668
5 -0.689182 -1.01651 0.322952
2 -0.552345 -1.38514 0.339079
2 -0.828473 -0.649347 0.308963
1 -0.813278 -0.720175 0.311381
1 -0.861305 -0.563857 0.304438
1 -0.790014 -0.745164 0.313465
3 -0.790557 -0.708926 0.312491
1 -0.850514 -0.533506 0.309775
8 -0.787062 -0.866083 0.318669
5 -0.601583 -1.25096 0.335532
1 -0.576212 -1.36898 0.33529
1 -0.757968 -0.796366 0.325619
3 -0.910982 -0.34413 0.310598
1 -0.846617 -0.782331 0.309626
1 -0.677639 -1.39101 0.319213
2 -0.757732 -1.14303 0.311442
1 -0.76035 -1.12952 0.312511
7 -0.709518 -1.20815 0.319029
4 -0.767324 -0.846402 0.315015
2 -0.650343 -1.00273 0.334584
1 -0.536346 -1.36379 0.348498
2 -0.594029 -1.23387 0.339314
5 -0.64556 -1.25263 0.326005
2 -0.530587 -1.51995 0.335132
1 -0.613947 -1.11526 0.339284
1 -0.638977 -1.00131 0.332238
3 -0.765454 -0.624731 0.320867
1 -0.812918 -0.656801 0.312256
4 -0.624362 -1.07812 0.331415
4 -0.513044 -1.31151 0.342316
1 -0.53708 -1.50427 0.333053
1 -0.440531 -1.9454 0.345337
7 -0.71631 -1.15603 0.314835
1 -0.554714 -1.48978 0.336646
1 -0.526408 -1.55429 0.340772
3 -0.585043 -1.29783 0.335691
2 -0.681023 -1.20976 0.322433
12 -0.702042 -0.8052 0.33532
1 -0.776635 -0.784218 0.318584
1 -0.838411 -0.531223 0.312261
2 -0.714022 -0.839594 0.326468
1 -0.574455 -1.40644 0.33236
3 -0.632916 -1.10184 0.340632
1 -0.63148 -1.15917 0.33722
3 -0.659715 -1.0416 0.329587
1 -0.618727 -1.1516 0.335369
7 -0.572201 -1.36846 0.334106
1 -0.744028 -0.875253 0.319877
6 -0.853594 -0.546171 0.309384
3 -0.625722 -1.14898 0.332511
2 -0.685371 -0.967101 0.326856
1 -0.626718 -1.20652 0.330225
3 -0.694199 -1.06367 0.32496
10 -0.640726 -1.27817 0.332283
3 -0.775356 -0.752247 0.319949
3 -0.826387 -0.598941 0.318675
1 -0.583123 -1.33131 0.340249
1 -0.633755 -1.18817 0.335118
3 -0.601465 -1.26946 0.339713
1 -0.643655 -1.21862 0.338353
1 -0.653912 -1.1233 0.326855
2 -0.664294 -1.15718 0.322856
3 -0.637987 -1.2886 0.325593
6 -0.632681 -1.38106 0.323022
1 -0.649952 -1.14607 0.327026
6 -0.64953 -1.22485 0.329122
1 -0.669471 -1.15278 0.330388
3 -0.752784 -0.941814 0.315535
2 -0.700846 -0.7922 0.329257
2 -0.628686 -1.1355 0.336288
1 -0.620336 -1.10326 0.33874
2 -0.713859 -0.886619 0.328299
2 -0.798225 -0.644566 0.320411
1 -0.686955 -1.00053 0.32899
2 -0.565527 -1.46175 0.335221
2 -0.616501 -1.29313 0.333453
2 -0.678458 -1.0239 0.324339
1 -0.738463 -0.835727 0.321787
4 -0.721452 -0.910846 0.325529
7 -0.726579 -0.832942 0.319189
2 -0.735214 -0.809689 0.330053
2 -0.539351 -1.42212 0.344922
4 -0.588756 -1.2374 0.341318
2 -0.58068 -1.30391 0.341373
8 -0.750045 -0.735504 0.325499
8 -0.736351 -0.657417 0.327527
2 -0.821425 -0.447584 0.319857
2 -0.795986 -0.726242 0.314807
3 -0.81502 -0.68913 0.316411
6 -0.756339 -0.649378 0.326892
2 -0.671534 -1.1357 0.322768
2 -0.590638 -1.25523 0.334232
1 -0.619907 -1.2105 0.329477
4 -0.562552 -1.45541 0.331754
4 -0.450116 -1.69419 0.348495
2 -0.616128 -1.17294 0.331836
2 -0.517289 -1.57364 0.339322
3 -0.635163 -1.03851 0.336025
5 -0.782706 -0.731565 0.321298
2 -0.744118 -0.718354 0.322004
2 -0.626678 -1.20208 0.331291
2 -0.662049 -1.05396 0.330261
2 -0.646764 -1.12991 0.329778
3 -0.625387 -1.19372 0.333699
1 -0.706237 -1.02807 0.321852
2 -0.679593 -1.30391 0.324318
2 -0.572428 -1.52915 0.328168
5 -0.630911 -1.32639 0.321724
2 -0.590844 -1.36973 0.328532
1 -0.621557 -1.22468 0.326782
1 -0.631239 -1.15712 0.332519
2 -0.620626 -1.08787 0.336605
3 -0.500629 -1.55677 0.341912
2 -0.507867 -1.50896 0.341111
1 -0.695367 -0.883075 0.332548
3 -0.68739 -0.988285 0.324893
5 -0.574236 -1.3117 0.332516
4 -0.68876 -1.09469 0.323834
1 -0.688431 -1.12842 0.323861
2 -0.628614 -1.23045 0.327683
1 -0.7004 -1.08769 0.320972
2 -0.70646 -1.09777 0.316201
4 -0.612948 -1.34041 0.325601
2 -0.540932 -1.55759 0.334562
1 -0.694341 -1.0483 0.320076
3 -0.697085 -1.14862 0.317131
2 -0.736021 -0.957929 0.318114
6 -0.703474 -1.08015 0.323486
2 -0.702909 -0.992725 0.328903
1 -0.754571 -0.810206 0.322519
5 -0.750427 -0.846285 0.321724
2 -0.754516 -0.7606 0.326843
1 -0.721895 -0.816755 0.326764
1 -0.625949 -1.11376 0.336513
4 -0.701732 -0.995295 0.323599
6 -0.605128 -1.49439 0.326844
13 -0.704852 -0.98445 0.320157
2 -0.56604 -1.18755 0.339554
1 -0.553719 -1.33173 0.342222
1 -0.615897 -1.24527 0.339655
1 -0.63947 -1.12838 0.338545
2 -0.666082 -0.977542 0.330003
1 -0.707415 -0.878194 0.322189
2 -0.729606 -1.05137 0.317196
2 -0.774308 -0.827049 0.312424
1 -0.833452 -0.520174 0.313357
1 -0.71145 -0.991937 0.320139
2 -0.748445 -0.899362 0.321434
2 -0.707153 -1.15102 0.325163
1 -0.740759 -1.08558 0.320928
1 -0.685814 -0.951855 0.334637
5 -0.616726 -1.30875 0.327862
2 -0.660641 -1.17669 0.324694
1 -0.621784 -1.20857 0.329995
2 -0.830365 -0.579908 0.315355
1 -0.634712 -1.23493 0.332073
8 -0.712096 -1.04887 0.318931
6 -0.777204 -0.74413 0.318927
1 -0.528244 -1.50778 0.338476
1 -0.542889 -1.36624 0.332477
4 -0.67941 -0.944556 0.318904
7 -0.859934 -0.479767 0.309602
1 -0.892763 -0.391745 0.306713
3 -0.745757 -0.820227 0.314623
1 -0.700385 -0.957997 0.319023
1 -0.725852 -0.850543 0.322838
4 -0.705763 -0.8964 0.326513
1 -0.734147 -0.823225 0.32517
1 -0.753993 -0.752111 0.324088
9 -0.7239 -0.813991 0.326682
3 -0.65166 -1.12478 0.331575
2 -0.680713 -1.0967 0.326191
5 -0.693348 -1.11387 0.32326
1 -0.705676 -1.01048 0.322709
3 -0.718277 -0.895721 0.323987
3 -0.739333 -0.823627 0.315532
2 -0.847001 -0.459675 0.316034
2 -0.752713 -0.690426 0.326884
1 -0.645106 -1.22404 0.325997
3 -0.672655 -1.20552 0.319777
2 -0.567747 -1.48254 0.329809
1 -0.7261 -1.1532 0.311948
3 -0.757772 -0.734113 0.32284
1 -0.641606 -1.12267 0.331683
2 -0.742231 -0.771732 0.323672
1 -0.813753 -0.610395 0.315501
1 -0.746504 -0.803831 0.316257
11 -0.663821 -1.20762 0.319737
3 -0.710305 -1.04945 0.325645
4 -0.853205 -0.540623 0.312507
3 -0.67644 -1.10944 0.31872
1 -0.776625 -0.727931 0.313455
4 -0.735285 -0.912071 0.320066
1 -0.680239 -1.03606 0.322635
2 -0.730324 -0.931495 0.317986
2 -0.65296 -1.01579 0.329902
4 -0.633028 -1.35351 0.31911
1 -0.591472 -1.54698 0.3255
1 -0.54285 -1.36321 0.338467
1 -0.676915 -0.767971 0.333655
2 -0.653991 -1.26654 0.32708
4 -0.776098 -0.809214 0.31893
1 -0.725111 -0.957882 0.321698
1 -0.696402 -1.19662 0.322954
3 -0.57407 -1.32836 0.337055
4 -0.536326 -1.43167 0.338212
2 -0.492841 -1.62293 0.341842
2 -0.71746 -0.909495 0.331663
1 -0.74836 -0.787144 0.326773
1 -0.77845 -0.643262 0.320252
2 -0.618218 -1.273 0.32891
1 -0.512203 -1.44952 0.345309
3 -0.541513 -1.3326 0.340157
1 -0.706423 -0.760178 0.326907
3 -0.749106 -0.619823 0.325027
2 -0.693014 -0.791965 0.330599
1 -0.70308 -0.78411 0.333198
5 -0.673605 -0.823127 0.337459
5 -0.582211 -1.11998 0.33661
1 -0.581472 -1.22164 0.332428
2 -0.572512 -1.19149 0.335574
3 -0.57264 -1.176 0.337621
1 -0.674249 -0.794644 0.34133
2 -0.560253 -1.26108 0.339496
2 -0.559197 -1.57471 0.323035
1 -0.613057 -1.44878 0.322421
1 -0.866366 -0.558745 0.305825
2 -0.76007 -0.822259 0.318708
2 -0.760003 -0.795953 0.318255
3 -0.786612 -0.786668 0.323352
1 -0.666872 -0.988901 0.332542
1 -0.661681 -0.886204 0.337855
1 -0.58192 -1.44748 0.33571
1 -0.56041 -1.64352 0.326346
1 -0.569381 -1.30523 0.33189
3 -0.619662 -1.25495 0.334443
1 -0.509552 -1.60177 0.34556
4 -0.502113 -1.84122 0.337583
4 -0.4603 -1.97221 0.341359
3 -0.554457 -1.69877 0.32168
3 -0.511487 -1.73016 0.3308
1 -0.498636 -1.68624 0.337138
1 -0.447462 -1.814 0.344705
2 -0.557624 -1.53497 0.333532
1 -0.585783 -1.33918 0.332659
2 -0.681254 -1.06664 0.322994
1 -0.691013 -0.993677 0.325129
1 -0.731923 -0.841098 0.324201
4 -0.704093 -0.917736 0.327113
1 -0.685355 -0.94928 0.32805
1 -0.727681 -1.0051 0.315944
2 -0.70496 -1.04155 0.317958
1 -0.584478 -1.15919 0.341854
3 -0.58813 -1.09915 0.34025
3 -0.648978 -1.00954 0.333303
9 -0.605895 -1.32401 0.330645
7 -0.744084 -0.890904 0.320975
2 -0.741942 -0.987178 0.315313
5 -0.612362 -1.2303 0.327123
2 -0.516133 -1.41272 0.344795
2 -0.640929 -1.05103 0.326948
2 -0.626934 -1.08518 0.332546
2 -0.603444 -1.18116 0.334402
5 -0.666515 -1.04154 0.328482
3 -0.651818 -1.10353 0.329955
2 -0.667944 -0.990132 0.332801
4 -0.469843 -1.73588 0.343611
9 -0.541553 -1.55054 0.336552
4 -0.535274 -1.48222 0.341967
1 -0.646612 -1.26981 0.331199
1 -0.678295 -1.13287 0.332711
1 -0.45744 -1.73586 0.340166
2 -0.439071 -1.76411 0.343346
1 -0.617687 -1.27019 0.32933
1 -0.558378 -1.46491 0.335382
2 -0.667658 -0.916071 0.330598
4 -0.647398 -1.13312 0.328203
2 -0.62878 -1.27271 0.330303
1 -0.597496 -1.36639 0.333411
12 -0.579019 -1.28445 0.337354
4 -0.524868 -1.44456 0.341689
2 -0.637083 -1.26476 0.330115
1 -0.6444 -1.16611 0.330439
1 -0.541169 -1.5513 0.338242
2 -0.625983 -1.24155 0.33291
2 -0.643306 -1.28208 0.328545
4 -0.714105 -1.00664 0.327926
2 -0.802268 -0.589416 0.319955
1 -0.75003 -0.946754 0.317736
1 -0.665645 -1.1244 0.326885
1 -0.758538 -0.78336 0.319007
4 -0.646164 -1.1337 0.333871
1 -0.720167 -0.941447 0.324311
2 -0.677682 -1.02308 0.327737
4 -0.654433 -1.00478 0.333108
4 -0.584111 -1.37969 0.333389
5 -0.700315 -1.00521 0.31723
4 -0.599807 -1.28198 0.327569
1 -0.47636 -1.7732 0.333273
2 -0.708558 -1.07023 0.315971
3 -0.622803 -1.3295 0.324429
3 -0.6331 -1.14616 0.33266
3 -0.671154 -1.11636 0.326909
6 -0.754364 -0.791585 0.326333
1 -0.631035 -1.16265 0.336108
1 -0.70207 -0.819565 0.32798
4 -0.723804 -0.645785 0.32933
2 -0.67893 -1.05288 0.318301
2 -0.656923 -1.22975 0.3192
2 -0.621597 -1.34972 0.323204
5 -0.659094 -0.867779 0.333032
4 -0.690028 -0.961822 0.328641
7 -0.717769 -0.852879 0.329264
4 -0.754711 -0.66951 0.326879
1 -0.751249 -0.744516 0.328637
3 -0.819276 -0.552275 0.323763
3 -0.688243 -0.971659 0.328359
3 -0.545078 -1.32514 0.345826
5 -0.548032 -1.33466 0.340165
1 -0.578175 -1.3585 0.339127
4 -0.577558 -1.34961 0.338664
5 -0.6466 -1.11461 0.33266
3 -0.680293 -1.09877 0.324898
2 -0.661667 -1.27695 0.321835
5 -0.582034 -1.47445 0.324809
2 -0.484522 -1.6543 0.339112
3 -0.570896 -1.39087 0.333001
1 -0.639987 -1.07969 0.337432
1 -0.470889 -1.64474 0.341815
2 -0.543168 -1.48965 0.339233
3 -0.519075 -1.49668 0.342167
2 -0.824939 -0.618851 0.309871
3 -0.617649 -1.25717 0.326611
1 -0.673945 -0.887558 0.328552
1 -0.679896 -0.896559 0.328435
3 -0.701587 -1.08564 0.321671
3 -0.673658 -1.20701 0.323642
1 -0.602377 -1.36733 0.327211
3 -0.709014 -0.935535 0.328721
6 -0.609154 -1.28606 0.33335
2 -0.638686 -1.27963 0.323347
3 -0.660106 -1.20529 0.321629
2 -0.624714 -1.2861 0.329175
7 -0.686079 -0.957699 0.329834
1 -0.662334 -1.13293 0.332151
1 -0.696354 -1.01125 0.32517
1 -0.761712 -0.781697 0.322926
1 -0.873277 -0.486021 0.316548
1 -0.877888 -0.435328 0.316428
2 -0.868244 -0.400667 0.313949
2 -0.600219 -1.46309 0.332896
3 -0.755747 -0.805444 0.314854
1 -0.682123 -0.956771 0.326868
10 -0.615626 -1.35813 0.332226
3 -0.680571 -1.11663 0.325821
1 -0.770004 -0.779044 0.32206
1 -0.834744 -0.671123 0.314259
1 -0.810713 -0.717999 0.315654
4 -0.584028 -1.20153 0.336507
2 -0.498853 -1.78842 0.333207
6 -0.548565 -1.62646 0.327634
1 -0.687632 -1.25783 0.313514
1 -0.725886 -1.09135 0.309616
1 -0.691718 -1.1524 0.313759
6 -0.670605 -1.30193 0.316241
1 -0.680664 -1.09743 0.320894
1 -0.658253 -0.998733 0.330613
2 -0.63266 -1.11832 0.333363
2 -0.599197 -1.19896 0.338017
1 -0.620782 -1.11801 0.335183
5 -0.513864 -1.53225 0.341675
1 -0.499118 -1.42631 0.34314
1 -0.66405 -0.974804 0.330918
2 -0.813419 -0.701229 0.321572
4 -0.711817 -0.941031 0.32488
3 -0.724786 -0.891871 0.32533
1 -0.826994 -0.610103 0.313181
4 -0.524862 -1.57406 0.338009
3 -0.481886 -1.67459 0.341331
2 -0.754658 -0.77341 0.325748
5 -0.762494 -0.692155 0.326573
5 -0.665593 -1.10053 0.329689
4 -0.61511 -1.36571 0.330472
2 -0.556623 -1.46322 0.340932
2 -0.580829 -1.39268 0.33863
5 -0.636337 -1.21004 0.333882
1 -0.636281 -1.17485 0.326763
4 -0.651389 -1.1553 0.327806
3 -0.73562 -0.853175 0.3199
2 -0.579959 -1.6065 0.328424
2 -0.661949 -1.34546 0.322175
1 -0.572553 -1.42665 0.337459
5 -0.635956 -1.22647 0.326066
1 -0.704456 -1.17687 0.318881
7 -0.610737 -1.34065 0.33396
3 -0.640985 -1.32253 0.32536
1 -0.594974 -1.46244 0.331277
1 -0.610985 -1.36252 0.3216
6 -0.686083 -1.13761 0.317908
1 -0.682025 -1.01871 0.320731
3 -0.521159 -1.47055 0.340238
2 -0.705124 -1.05885 0.321326
1 -0.695547 -0.851681 0.325231
5 -0.506229 -1.38836 0.345649
4 -0.540995 -1.32493 0.334122
1 -0.536845 -1.33134 0.334899
4 -0.540713 -1.30094 0.337469
1 -0.759858 -0.73462 0.317946
1 -0.765028 -0.797302 0.313005
1 -0.807359 -0.568706 0.315142
2 -0.799194 -0.565698 0.31524
2 -0.651337 -0.980798 0.331232
2 -0.56253 -1.33635 0.337574
2 -0.618121 -1.35224 0.323181
1 -0.611563 -1.35922 0.324124
1 -0.617866 -1.35192 0.325601
1 -0.604891 -1.48857 0.323222
1 -0.798255 -0.848578 0.312938
2 -0.731663 -0.991613 0.321333
8 -0.772741 -0.86425 0.313913
1 -0.732517 -1.09677 0.311079
2 -0.709826 -0.936195 0.31717
1 -0.724569 -0.906879 0.322829
10 -0.681227 -1.09052 0.327973
3 -0.699654 -0.897695 0.326287
7 -0.643043 -1.11522 0.332693
1 -0.734074 -0.888785 0.324665
1 -0.678002 -1.03323 0.327993
8 -0.671047 -1.06701 0.328302
2 -0.706844 -0.94546 0.326286
1 -0.646925 -1.10565 0.331765
1 -0.577774 -1.29987 0.33414
6 -0.65662 -1.26924 0.323686
4 -0.578792 -1.56605 0.327787
1 -0.735381 -1.14968 0.313586
3 -0.819615 -0.884322 0.310498
1 -0.635739 -1.15301 0.336514
2 -0.540248 -1.54419 0.338375
3 -0.513937 -1.4953 0.347485
1 -0.535264 -1.40341 0.347736
2 -0.683014 -0.994447 0.332315
4 -0.589274 -1.35118 0.340031
1 -0.564427 -1.38556 0.339876
3 -0.557202 -1.42686 0.338169
3 -0.598529 -1.35283 0.335644
1 -0.54264 -1.58127 0.335625
7 -0.570065 -1.51402 0.332708
4 -0.575913 -1.41463 0.334993
1 -0.445834 -1.63952 0.349084
3 -0.472619 -1.57803 0.348517
2 -0.602348 -1.10473 0.342386
2 -0.68257 -1.13296 0.328525
2 -0.543287 -1.37539 0.334949
1 -0.618789 -1.39003 0.335598
3 -0.671348 -1.15659 0.332252
4 -0.715649 -1.11855 0.316163
3 -0.740749 -1.04654 0.315876
2 -0.730573 -1.03387 0.316617
2 -0.731882 -1.077 0.31805
2 -0.751221 -0.886847 0.317746
1 -0.778682 -0.652857 0.318585
4 -0.66657 -1.07142 0.326334
1 -0.577104 -1.24399 0.340701
4 -0.605786 -1.13112 0.338697
6 -0.575761 -1.3549 0.334674
3 -0.681261 -1.07101 0.328073
2 -0.683994 -1.19704 0.32195
1 -0.66128 -1.29781 0.319876
2 -0.77621 -0.840721 0.318617
2 -0.667327 -1.1697 0.331464
4 -0.672127 -1.17379 0.32302
11 -0.681148 -1.21382 0.322635
1 -0.618801 -1.31566 0.331254
1 -0.622196 -1.34237 0.329124
1 -0.717919 -0.90924 0.324795
1 -0.664399 -1.21304 0.321948
3 -0.621902 -1.18358 0.334034
3 -0.79873 -0.656281 0.320704
1 -0.848966 -0.559391 0.312031
2 -0.626408 -1.31911 0.329009
1 -0.636383 -1.33971 0.327389
2 -0.630798 -1.34454 0.330139
1 -0.699363 -1.10258 0.324275
3 -0.777156 -0.804195 0.317338
10 -0.759246 -0.808812 0.318208
5 -0.769595 -0.648549 0.321772
9 -0.785371 -0.667961 0.315508
6 -0.7121 -0.97246 0.32721
1 -0.69666 -0.962891 0.339082
1 -0.562947 -1.46555 0.334443
2 -0.593518 -1.17916 0.340147
3 -0.596838 -1.26007 0.338849
1 -0.753316 -0.705844 0.326069
1 -0.761353 -0.725263 0.321512
1 -0.706608 -0.928919 0.323652
4 -0.579554 -1.19832 0.336023
7 -0.563612 -1.25509 0.341719
1 -0.530166 -1.61507 0.339938
2 -0.690987 -1.11506 0.327163
1 -0.720918 -0.999559 0.326041
2 -0.561351 -1.29501 0.337721
3 -0.561983 -1.26032 0.338879
2 -0.748398 -0.910694 0.322245
3 -0.768478 -0.861014 0.316178
5 -0.691766 -1.07386 0.322004
2 -0.652331 -1.23809 0.3261
3 -0.652458 -1.19421 0.32636
1 -0.636338 -1.13872 0.335685
3 -0.716708 -0.833526 0.325988
9 -0.780155 -0.789682 0.319699
4 -0.822221 -0.599248 0.308461
11 -0.873014 -0.456992 0.305863
2 -0.6672 -0.987639 0.33094
1 -0.706162 -0.973703 0.321336
1 -0.741686 -0.815833 0.319892
2 -0.733033 -0.850519 0.322815
9 -0.732529 -1.01321 0.319217
2 -0.743023 -0.997995 0.321339
4 -0.747817 -0.956904 0.32145
2 -0.751458 -0.941579 0.321123
3 -0.701945 -1.17695 0.316083
1 -0.693854 -0.939474 0.332446
5 -0.556322 -1.2642 0.343832
1 -0.565423 -1.32248 0.339964
4 -0.627456 -1.21489 0.327702
4 -0.61825 -1.22269 0.328419
2 -0.675234 -0.961311 0.328403
2 -0.658635 -1.00369 0.332565
5 -0.703711 -0.882989 0.329636
2 -0.60414 -1.33409 0.325721
1 -0.639504 -1.32747 0.328977
5 -0.561312 -1.69045 0.331472
8 -0.763084 -0.906059 0.318546
1 -0.706913 -0.860198 0.334193
6 -0.701418 -0.990659 0.327931
2 -0.621849 -1.09771 0.337027
3 -0.492695 -1.51414 0.347536
1 -0.478747 -1.52477 0.348907
3 -0.486055 -1.54746 0.346474
2 -0.549169 -1.2945 0.345944
1 -0.640533 -1.0159 0.339304
1 -0.646303 -1.02624 0.338453
2 -0.675644 -1.13845 0.32481
7 -0.657302 -1.24841 0.32351
4 -0.585127 -1.36946 0.329985
1 -0.618205 -1.35788 0.324638
4 -0.741224 -0.826116 0.324
2 -0.738987 -0.83141 0.324243
1 -0.599945 -1.32623 0.335473
1 -0.641898 -1.36676 0.331052
1 -0.725291 -1.04485 0.326156
2 -0.586084 -1.32428 0.342452
1 -0.567318 -1.46975 0.338564
5 -0.550542 -1.63692 0.325595
2 -0.702332 -1.21602 0.312791
1 -0.796328 -0.676607 0.311096
2 -0.823877 -0.539744 0.31404
4 -0.68967 -1.13444 0.318202
1 -0.638238 -1.34224 0.321151
1 -0.658072 -1.26211 0.327507
2 -0.661239 -0.912859 0.341401
4 -0.46239 -1.71214 0.349798
5 -0.455946 -1.79385 0.3466
1 -0.627222 -1.38878 0.325607
4 -0.535714 -1.58046 0.339541
3 -0.592628 -1.19433 0.343957
3 -0.620041 -1.27314 0.326024
4 -0.631494 -1.16101 0.332257
4 -0.74296 -0.757635 0.327017
1 -0.630963 -1.22956 0.327209
4 -0.585523 -1.38332 0.329116
2 -0.592807 -1.26205 0.33343
2 -0.67979 -1.20827 0.323524
1 -0.787602 -0.741821 0.324559
1 -0.807214 -0.719664 0.321033
4 -0.807214 -0.719664 0.321033
1 -0.769074 -0.744467 0.318327
3 -0.648455 -1.39033 0.321661
1 -0.815156 -0.770151 0.307945
3 -0.672083 -0.936845 0.329613
2 -0.732021 -0.70721 0.326167
5 -0.601112 -1.10696 0.336593
3 -0.586192 -1.13176 0.339857
1 -0.547104 -1.31333 0.341693
3 -0.630407 -1.20246 0.329415
1 -0.619973 -1.24452 0.330226
1 -0.666018 -1.31881 0.32322
2 -0.675796 -1.16286 0.315974
2 -0.67544 -1.19083 0.319285
1 -0.675619 -1.18461 0.319201
9 -0.64342 -1.19186 0.323462
2 -0.739813 -0.848144 0.322142
10 -0.742056 -0.824963 0.326945
6 -0.67196 -0.992772 0.331545
4 -0.690375 -0.865858 0.331466
1 -0.591974 -1.50908 0.326704
7 -0.732822 -0.846026 0.321053
8 -0.67557 -1.13609 0.328027
2 -0.793062 -0.754254 0.318197
1 -0.708804 -1.17166 0.317528
1 -0.675586 -1.33662 0.318373
6 -0.637208 -1.40642 0.324037
1 -0.642091 -1.44638 0.321693
1 -0.648513 -1.26812 0.332045
2 -0.836536 -0.603617 0.309696
2 -0.5648 -1.41008 0.331066
1 -0.660359 -1.13411 0.326331
2 -0.587569 -1.42078 0.332159
3 -0.615664 -1.22553 0.324031
6 -0.707523 -0.864029 0.321949
1 -0.678706 -0.896 0.328833
3 -0.596648 -1.19865 0.338204
1 -0.608448 -1.27575 0.336555
3 -0.731955 -0.835475 0.328295
4 -0.669814 -1.1754 0.325319
3 -0.744235 -0.937658 0.316704
1 -0.69281 -1.17242 0.318364
8 -0.692038 -1.07989 0.32317
2 -0.736175 -0.918822 0.32713
2 -0.714174 -0.929324 0.330596
3 -0.686002 -0.924269 0.338322
2 -0.642581 -1.39378 0.318309
1 -0.51541 -1.75947 0.332706
5 -0.612848 -1.36461 0.335655
4 -0.58876 -1.44677 0.330835
1 -0.697374 -1.14777 0.315069
1 -0.63509 -1.26929 0.327666
3 -0.692702 -1.00909 0.323707
1 -0.683982 -1.02163 0.328182
2 -0.792488 -0.594508 0.324039
1 -0.667084 -1.1913 0.31976
1 -0.607076 -1.4743 0.320492
1 -0.599828 -1.41593 0.323792
3 -0.673862 -1.017 0.322465
1 -0.740958 -0.855344 0.318239
2 -0.675651 -1.20287 0.317566
3 -0.711142 -1.1424 0.313703
1 -0.738297 -0.8646 0.322964
1 -0.708281 -1.06212 0.320557
7 -0.668201 -1.0681 0.323402
6 -0.677023 -1.06462 0.321624
4 -0.608991 -1.103 0.334778
2 -0.619944 -1.04883 0.333625
2 -0.664955 -1.06672 0.325376
1 -0.581927 -1.20965 0.342823
4 -0.638967 -0.926656 0.338363
1 -0.625457 -0.989447 0.340698
7 -0.626167 -0.979717 0.337571
3 -0.651073 -0.968312 0.337637
1 -0.660559 -1.15926 0.32427
3 -0.411413 -1.97418 0.343501
2 -0.6267 -1.32382 0.332016
4 -0.718652 -1.0972 0.319427
1 -0.61863 -1.18675 0.330873
5 -0.575304 -1.22214 0.334635
1 -0.568068 -1.46139 0.331671
2 -0.464205 -1.76448 0.339614
5 -0.560374 -1.4202 0.334515
5 -0.56773 -1.37728 0.335224
3 -0.551505 -1.40408 0.337688
3 -0.67901 -1.18135 0.322357
2 -0.7982 -0.771045 0.307734
4 -0.670531 -1.22048 0.324509
1 -0.6406 -1.35351 0.321755
2 -0.596571 -1.51966 0.323452
3 -0.595259 -1.51355 0.323962
2 -0.597873 -1.54078 0.324133
1 -0.603806 -1.39681 0.330335
4 -0.648254 -1.04167 0.333702
3 -0.715957 -0.918614 0.329371
2 -0.715694 -1.0129 0.323239
1 -0.766142 -0.68757 0.320543
4 -0.629892 -1.01781 0.334182
2 -0.681768 -1.23049 0.322544
1 -0.599961 -1.33557 0.324748
4 -0.609366 -1.37906 0.327449
2 -0.648558 -1.16594 0.330192
4 -0.666867 -1.2414 0.324079
4 -0.693427 -1.14623 0.323343
3 -0.657347 -1.14242 0.331005
11 -0.698995 -1.20761 0.318167
1 -0.788911 -0.864967 0.311744
11 -0.719689 -0.918989 0.323312
6 -0.724737 -1.10977 0.317688
7 -0.615559 -1.32425 0.333269
1 -0.717045 -1.04759 0.32623
1 -0.725541 -1.08996 0.31933
2 -0.661378 -0.985097 0.325908
2 -0.722024 -0.886249 0.321848
1 -0.684951 -1.06345 0.323363
2 -0.638482 -1.19386 0.326451
3 -0.540432 -1.44763 0.333714
1 -0.557394 -1.43426 0.329171
3 -0.664856 -1.13928 0.322183
4 -0.642743 -1.15849 0.328221
2 -0.664981 -1.15059 0.317262
3 -0.659742 -1.14297 0.314854
3 -0.809844 -0.710873 0.303823
2 -0.700563 -1.20655 0.310778
7 -0.74539 -0.786307 0.324511
6 -0.684845 -1.06911 0.324452
2 -0.620602 -1.15694 0.32745
2 -0.645418 -1.04335 0.327325
1 -0.690098 -0.864485 0.327234
2 -0.658904 -1.13348 0.320444
1 -0.70643 -1.02323 0.317393
5 -0.784636 -0.822283 0.313862
1 -0.817809 -0.627033 0.310519
3 -0.814144 -0.607154 0.312966
6 -0.791706 -0.700899 0.315265
6 -0.759 -0.808579 0.316364
5 -0.647148 -1.14218 0.330825
1 -0.677385 -1.13983 0.321169
1 -0.731573 -0.953241 0.317982
2 -0.756159 -0.866119 0.316736
1 -0.789383 -0.777495 0.309704
1 -0.77787 -0.867336 0.309956
1 -0.838528 -0.482246 0.313644
1 -0.74656 -0.792812 0.318417
1 -0.744324 -0.832824 0.325355
2 -0.649251 -1.06514 0.334463
2 -0.476781 -1.67264 0.34016
3 -0.773303 -0.886324 0.312588
2 -0.761195 -0.96772 0.314331
2 -0.690706 -1.09685 0.322388
1 -0.686472 -1.10166 0.317928
2 -0.614727 -1.2099 0.329509
1 -0.564159 -1.47386 0.329744
1 -0.705043 -1.07054 0.321436
12 -0.659898 -1.14184 0.329965
1 -0.642165 -1.28796 0.319986
6 -0.838796 -0.733599 0.307321
7 -0.928837 -0.341914 0.304815
3 -0.697637 -1.00866 0.325445
2 -0.791829 -0.693542 0.315692
1 -0.69279 -0.782755 0.332771
2 -0.626733 -1.14863 0.332101
4 -0.693877 -1.20728 0.31983
10 -0.645486 -1.22487 0.33304
3 -0.654349 -1.09155 0.334946
4 -0.565356 -1.34901 0.336424
4 -0.604866 -1.23357 0.33351
1 -0.529853 -1.69257 0.336797
1 -0.775882 -0.684669 0.318409
1 -0.764517 -0.70732 0.323579
2 -0.623985 -1.29017 0.324537
2 -0.660399 -1.16335 0.326015
3 -0.744859 -0.936612 0.321427
4 -0.604084 -1.40081 0.329638
1 -0.716353 -0.847151 0.325756
3 -0.661349 -1.15919 0.322983
1 -0.580166 -1.42067 0.329967
2 -0.572976 -1.44071 0.33047
1 -0.515674 -1.59344 0.336865
2 -0.590904 -1.41565 0.326844
1 -0.667803 -1.03228 0.325142
1 -0.685648 -0.963319 0.326044
10 -0.658909 -1.11391 0.330844
1 -0.597402 -1.35458 0.332657
2 -0.640039 -1.26888 0.327756
6 -0.590738 -1.33994 0.338206
3 -0.622597 -1.27034 0.334361
3 -0.663564 -1.15572 0.32751
1 -0.714078 -1.00282 0.319699
1 -0.551806 -1.40154 0.334343
8 -0.525707 -1.4286 0.342005
2 -0.665762 -1.19261 0.324637
4 -0.676175 -0.983957 0.332702
3 -0.733735 -0.995454 0.319871
1 -0.516877 -1.60587 0.339976
1 -0.49144 -1.70759 0.337773
1 -0.493238 -1.69246 0.337346
3 -0.467351 -1.75482 0.338046
3 -0.683286 -1.17431 0.32065
1 -0.562341 -1.46717 0.325842
1 -0.554319 -1.47655 0.330142
2 -0.614683 -1.32812 0.328062
5 -0.671171 -1.15325 0.323447
4 -0.539091 -1.56343 0.334152
10 -0.549449 -1.3573 0.339498
5 -0.54109 -1.34169 0.341582
1 -0.693533 -0.840699 0.331905
6 -0.63839 -1.28074 0.330283
3 -0.672322 -1.07887 0.329565
1 -0.712353 -0.953659 0.324073
5 -0.724736 -0.923332 0.319452
2 -0.842719 -0.409871 0.309064
3 -0.899438 -0.286657 0.306695
3 -0.857779 -0.3611 0.312825
1 -0.609532 -1.09742 0.335584
2 -0.654815 -1.12426 0.330218
2 -0.647422 -1.09319 0.332301
1 -0.662125 -1.18984 0.32434
3 -0.71436 -1.0788 0.31413
5 -0.6979 -1.06745 0.317305
1 -0.890827 -0.301597 0.314196
1 -0.91803 -0.295018 0.308111
1 -0.772733 -1.00174 0.309838
2 -0.723971 -1.10928 0.320226
1 -0.598616 -1.38198 0.334185
1 -0.811064 -0.468515 0.317997
1 -0.799793 -0.57171 0.314293
4 -0.617485 -1.08457 0.341601
1 -0.61842 -1.27918 0.335863
1 -0.650228 -1.21541 0.331316
5 -0.654218 -1.18384 0.33528
2 -0.693299 -0.98229 0.335188
1 -0.718335 -0.810417 0.332094
2 -0.727127 -0.847072 0.328009
3 -0.677567 -1.04194 0.328599
5 -0.542026 -1.3382 0.33854
1 -0.64814 -1.00307 0.330528
2 -0.639089 -1.16548 0.327275
2 -0.63577 -1.21086 0.326602
1 -0.623687 -1.19217 0.329215
4 -0.700154 -0.993671 0.324269
2 -0.762349 -0.918241 0.314913
2 -0.64191 -1.10857 0.326859
2 -0.643561 -1.07238 0.329541
18 -0.80306 -0.527984 0.32115
3 -0.762604 -0.841841 0.315228
1 -0.698595 -0.790364 0.336612
1 -0.739144 -0.703602 0.325842
2 -0.641773 -1.21512 0.324204
1 -0.753129 -0.996836 0.311249
2 -0.626095 -1.08103 0.337174
1 -0.597711 -1.26652 0.335429
2 -0.689378 -0.879356 0.335918
3 -0.699359 -0.936647 0.330004
7 -0.635448 -1.16781 0.326914
5 -0.704014 -0.982845 0.323324
5 -0.687367 -0.958005 0.327321
5 -0.598318 -1.28356 0.331277
2 -0.658189 -1.11736 0.325995
6 -0.691182 -0.964383 0.327982
1 -0.588368 -1.42732 0.333817
1 -0.713613 -0.984832 0.326378
1 -0.77781 -0.917625 0.316822
2 -0.823119 -0.662708 0.314963
10 -0.856295 -0.528203 0.310838
1 -0.775587 -0.677217 0.31731
1 -0.538926 -1.69608 0.334
4 -0.494169 -1.72928 0.338301
4 -0.578844 -1.40008 0.335319
1 -0.724945 -0.988481 0.323087
1 -0.584082 -1.37407 0.33494
1 -0.557844 -1.44294 0.333491
1 -0.778797 -0.709268 0.317893
3 -0.908556 -0.367126 0.305196
2 -0.629082 -1.35977 0.322002
1 -0.632034 -1.16672 0.326413
2 -0.494736 -1.53999 0.344699
11 -0.599202 -1.33713 0.332805
2 -0.670952 -1.10291 0.323663
1 -0.58268 -1.3845 0.33435
1 -0.511624 -1.64262 0.339881
1 -0.61434 -1.32862 0.328889
3 -0.556314 -1.24407 0.34604
3 -0.605815 -1.12311 0.342087
3 -0.512188 -1.49224 0.348072
2 -0.542203 -1.56656 0.339165
1 -0.580464 -1.54619 0.330595
1 -0.611274 -1.55635 0.322015
2 -0.576381 -1.6402 0.321035
1 -0.54204 -1.72331 0.32388
2 -0.701371 -1.02817 0.321449
7 -0.752788 -0.826229 0.318452
1 -0.749342 -0.841244 0.318651
1 -0.756296 -0.902522 0.320071
3 -0.591145 -1.44227 0.335383
1 -0.498905 -1.54543 0.342612
5 -0.507501 -1.54424 0.341925
1 -0.745071 -0.701829 0.321666
2 -0.879369 -0.392558 0.317524
5 -0.897402 -0.316125 0.315234
2 -0.68087 -0.82338 0.330712
1 -0.634878 -1.01008 0.333479
1 -0.531221 -1.57072 0.337164
3 -0.482856 -1.56138 0.352662
5 -0.548183 -1.24026 0.35056
1 -0.613311 -1.13805 0.340822
2 -0.583331 -1.23049 0.346096
2 -0.550227 -1.58054 0.333168
2 -0.552401 -1.55697 0.331631
10 -0.54337 -1.46271 0.335736
4 -0.516468 -1.62869 0.335185
2 -0.591864 -1.29449 0.330642
1 -0.486846 -1.53592 0.344799
8 -0.606372 -1.21409 0.331645
3 -0.702654 -0.857109 0.326589
13 -0.619779 -1.08368 0.335901
3 -0.682534 -0.958146 0.332235
1 -0.702227 -0.92612 0.328892
1 -0.688133 -0.928543 0.323669
1 -0.711057 -0.877353 0.324002
3 -0.620764 -1.26403 0.329287
5 -0.7591 -0.721677 0.32012
1 -0.836057 -0.488847 0.310971
2 -0.855662 -0.56404 0.304415
1 -0.593661 -1.41443 0.327135
3 -0.647957 -1.00627 0.335224
3 -0.630048 -1.03067 0.338212
2 -0.627976 -1.04499 0.339165
1 -0.736756 -0.657684 0.327152
3 -0.781879 -0.523292 0.322324
2 -0.567384 -1.15489 0.337707
3 -0.607563 -1.4883 0.328335
2 -0.642808 -1.30567 0.330427
5 -0.674648 -0.989351 0.325654
2 -0.71164 -1.04727 0.318714
3 -0.622586 -1.41161 0.325553
2 -0.785407 -0.762528 0.314381
1 -0.794623 -0.748622 0.315733
2 -0.749222 -0.757521 0.323653
3 -0.664391 -1.16834 0.318326
1 -0.671673 -0.983542 0.337512
1 -0.671582 -0.988389 0.335321
1 -0.667402 -1.20519 0.323941
1 -0.73876 -0.900515 0.317929
7 -0.777547 -0.723159 0.322228
4 -0.743721 -0.675871 0.324649
4 -0.713078 -0.791476 0.324257
4 -0.585016 -1.31999 0.331828
1 -0.549335 -1.56965 0.331276
1 -0.454088 -1.80666 0.338744
1 -0.73135 -0.884245 0.321348
5 -0.806967 -0.663909 0.311579
1 -0.762899 -0.755737 0.316618
13 -0.677203 -0.965731 0.322177
1 -0.700412 -1.00792 0.320612
2 -0.651897 -1.19696 0.319388
3 -0.739701 -0.972908 0.310561
7 -0.671129 -1.19215 0.318312
2 -0.641291 -1.26887 0.321019
4 -0.717119 -1.09959 0.310389
2 -0.725227 -1.06191 0.31002
1 -0.669645 -0.975872 0.322573
1 -0.744023 -0.817524 0.318623
2 -0.705307 -1.01161 0.31942
3 -0.508254 -1.5917 0.339451
3 -0.503223 -1.51645 0.345784
2 -0.569986 -1.18321 0.338136
1 -0.577675 -1.24002 0.330377
3 -0.57166 -1.25664 0.333953
2 -0.557701 -1.30287 0.341327
12 -0.545137 -1.30176 0.344249
3 -0.675323 -1.16461 0.331073
3 -0.662625 -1.02956 0.337772
2 -0.777474 -0.794467 0.322174
3 -0.734788 -0.755096 0.330297
1 -0.54792 -1.26595 0.346605
3 -0.558202 -1.29 0.338146
2 -0.604509 -1.18874 0.337342
2 -0.595696 -1.191 0.333914
2 -0.583378 -1.24077 0.333655
1 -0.564372 -1.41035 0.330753
4 -0.573214 -1.33682 0.331031
3 -0.657368 -1.00294 0.331684
1 -0.696073 -0.858909 0.328394
7 -0.755025 -0.737751 0.317261
1 -0.744702 -0.658902 0.32132
4 -0.620971 -1.06513 0.345571
1 -0.744288 -0.789517 0.329202
2 -0.749364 -0.870977 0.326654
3 -0.675559 -1.13057 0.333133
1 -0.762048 -0.575219 0.335385
4 -0.770363 -0.665802 0.328465
1 -0.807708 -0.643387 0.324505
1 -0.708164 -0.953598 0.325808
4 -0.741503 -0.825939 0.319984
5 -0.751342 -0.747004 0.324219
2 -0.710688 -0.766011 0.333146
1 -0.682936 -0.86495 0.33362
1 -0.519127 -1.61103 0.338387
2 -0.623065 -1.18939 0.333072
2 -0.659984 -1.13889 0.329343
1 -0.608569 -1.30617 0.329052
2 -0.663687 -0.999821 0.331836
7 -0.638605 -1.17851 0.33162
3 -0.656827 -1.08606 0.333121
6 -0.694987 -0.982953 0.328735
6 -0.66903 -1.04182 0.329901
5 -0.543352 -1.53688 0.338279
1 -0.586457 -1.35356 0.333487
9 -0.693806 -1.05008 0.323096
1 -0.530287 -1.54298 0.334694
2 -0.540907 -1.51883 0.333759
1 -0.613907 -1.27706 0.328419
2 -0.616149 -1.28594 0.326472
1 -0.647074 -1.11665 0.326964
3 -0.670265 -1.24621 0.320729
8 -0.695357 -1.0584 0.326642
1 -0.680383 -1.09177 0.328274
2 -0.713154 -0.91749 0.327529
3 -0.643841 -1.0571 0.326708
3 -0.664651 -0.956505 0.326734
1 -0.654552 -0.87569 0.334681
3 -0.598241 -1.1992 0.335749
1 -0.686288 -0.879763 0.333682
4 -0.651315 -0.942794 0.333611
1 -0.591274 -1.16612 0.340343
6 -0.565812 -1.23202 0.345597
2 -0.526419 -1.33612 0.348077
5 -0.581285 -1.26471 0.336947
1 -0.576354 -1.15792 0.343317
3 -0.790291 -0.54058 0.327209
2 -0.768528 -0.694236 0.32328
1 -0.834219 -0.644747 0.318583
2 -0.745932 -0.892719 0.326836
1 -0.808832 -0.643674 0.319883
2 -0.811622 -0.631483 0.319125
1 -0.78131 -0.745549 0.323843
1 -0.624837 -1.27312 0.327183
3 -0.632468 -1.34017 0.322888
2 -0.567437 -1.51517 0.331205
6 -0.767162 -0.701419 0.322881
1 -0.586988 -1.24254 0.333416
8 -0.601489 -1.23412 0.331354
5 -0.567649 -1.27353 0.334601
7 -0.548366 -1.37474 0.335399
2 -0.692127 -0.977416 0.321331
2 -0.763704 -0.739229 0.322142
1 -0.762011 -0.747441 0.322275
6 -0.756969 -0.779868 0.322086
3 -0.608746 -1.11467 0.338011
1 -0.711195 -0.812315 0.327251
7 -0.735526 -0.793181 0.322723
2 -0.773094 -0.823537 0.309472
3 -0.785513 -0.560987 0.317419
4 -0.640491 -1.0079 0.333551
2 -0.633448 -1.10914 0.335321
3 -0.704303 -0.914309 0.32356
1 -0.698991 -0.89268 0.328992
4 -0.598866 -1.24625 0.334123
1 -0.565039 -1.30041 0.334825
4 -0.564685 -1.29826 0.338893
2 -0.532415 -1.3981 0.343264
1 -0.598853 -1.38642 0.329302
1 -0.420257 -2.08856 0.338713
2 -0.586949 -1.59437 0.329617
1 -0.630424 -1.29459 0.327405
1 -0.634503 -1.26241 0.326106
1 -0.633339 -1.25567 0.329288
6 -0.616462 -1.28233 0.326483
3 -0.719425 -0.844758 0.321552
1 -0.666057 -1.18889 0.325493
1 -0.670387 -1.24515 0.323749
3 -0.714823 -1.0169 0.320821
2 -0.58875 -1.34682 0.332125
1 -0.633946 -1.24274 0.328407
6 -0.712152 -1.00317 0.327724
1 -0.639115 -1.27624 0.33202
1 -0.674339 -1.1624 0.328568
1 -0.706903 -1.34351 0.322269
1 -0.668025 -1.36703 0.323987
1 -0.760341 -0.861744 0.322538
1 -0.749147 -1.05128 0.314064
3 -0.632467 -1.23098 0.320717
1 -0.674534 -1.18548 0.315696
8 -0.725242 -1.10475 0.312248
21 -0.675936 -1.33542 0.315747
3 -0.619536 -1.36374 0.318648
2 -0.580055 -1.33347 0.32628
3 -0.46904 -1.68306 0.342375
4 -0.569908 -1.59077 0.33062
4 -0.561837 -1.37383 0.34175
1 -0.573647 -1.23449 0.341532
1 -0.559404 -1.21771 0.339641
1 -0.616358 -1.20869 0.32439
3 -0.616358 -1.20869 0.32439
1 -0.877206 -0.377359 0.305853
1 -0.608174 -1.38868 0.330548
3 -0.583515 -1.44389 0.327639
10 -0.624491 -1.14432 0.332862
1 -0.6288 -1.12142 0.334767
1 -0.612999 -1.14745 0.338024
2 -0.654227 -1.03377 0.332239
3 -0.675835 -0.963051 0.323011
3 -0.67478 -1.00148 0.321406
1 -0.662499 -1.02609 0.325503
12 -0.66436 -0.980965 0.333833
2 -0.780617 -0.591661 0.321344
3 -0.594645 -1.45259 0.326401
6 -0.628543 -1.35245 0.322573
2 -0.560489 -1.40324 0.330016
1 -0.433702 -1.83339 0.34154
3 -0.481878 -1.75271 0.335853
3 -0.781976 -0.866269 0.310779
1 -0.825099 -0.58459 0.313916
1 -0.806148 -0.546974 0.318586
1 -0.579366 -1.17948 0.32881
2 -0.597519 -1.14023 0.324937
1 -0.696493 -0.726633 0.327787
1 -0.566074 -1.24281 0.339858
1 -0.590614 -1.25545 0.335969
2 -0.562055 -1.35786 0.338626
4 -0.548664 -1.40697 0.338759
3 -0.706871 -0.825418 0.332995
1 -0.782413 -0.781213 0.316343
5 -0.76943 -0.691325 0.320062
2 -0.734552 -0.777474 0.323674
3 -0.850276 -0.401568 0.317002
1 -0.632958 -1.14083 0.330348
4 -0.676801 -0.833972 0.328893
2 -0.6058 -1.24359 0.332318
1 -0.702301 -0.954235 0.327734
3 -0.658528 -1.00574 0.328639
6 -0.736497 -0.82962 0.319183
2 -0.555556 -1.39261 0.335892
1 -0.610427 -1.09263 0.335092
3 -0.592278 -1.18807 0.334797
3 -0.696822 -0.923238 0.32898
2 -0.671027 -1.09472 0.3293
4 -0.635987 -1.2958 0.326145
6 -0.633421 -1.12967 0.331923
1 -0.633847 -1.02979 0.334471
1 -0.624286 -1.15397 0.331912
1 -0.908774 -0.315365 0.309533
1 -0.881484 -0.395861 0.307844
1 -0.568919 -1.39634 0.331916
11 -0.591117 -1.40399 0.33475
1 -0.649646 -1.05766 0.333082
2 -0.705327 -0.871369 0.329869
1 -0.713747 -0.932664 0.324451
9 -0.752623 -0.780671 0.322721
1 -0.757804 -0.883047 0.323427
3 -0.724848 -1.04744 0.31758
2 -0.761302 -0.754157 0.32143
1 -0.783174 -0.694468 0.311687
1 -0.557428 -1.43151 0.327288
1 -0.565002 -1.50304 0.329013
3 -0.718131 -0.982935 0.319776
1 -0.645365 -1.0332 0.336234
3 -0.660112 -0.94517 0.33333
1 -0.552925 -1.37578 0.337888
3 -0.62881 -1.1916 0.332812
1 -0.594626 -1.38034 0.338154
1 -0.578383 -1.41852 0.337502
3 -0.750373 -0.728193 0.33252
8 -0.696256 -1.02105 0.329319
4 -0.554987 -1.56701 0.340516
1 -0.637609 -1.22773 0.331246
1 -0.649354 -1.08904 0.329404
1 -0.771832 -0.857677 0.318509
1 -0.741726 -0.938727 0.320949
1 -0.743851 -0.907383 0.321067
5 -0.636125 -1.16412 0.330922
4 -0.526732 -1.52408 0.337954
5 -0.509753 -1.58222 0.341987
2 -0.601278 -1.22789 0.341108
3 -0.721348 -0.877605 0.322921
1 -0.719947 -0.866158 0.322708
2 -0.785975 -0.560506 0.323273
2 -0.753108 -0.754252 0.319753
1 -0.749343 -0.793179 0.324446
2 -0.604698 -1.29454 0.332156
1 -0.626414 -1.15652 0.332711
1 -0.563901 -1.45543 0.333263
9 -0.449733 -1.85251 0.338743
2 -0.499585 -1.74799 0.336263
1 -0.518303 -1.58266 0.335966
1 -0.737206 -0.863409 0.320771
2 -0.696539 -0.956291 0.325174
4 -0.651012 -1.17116 0.329361
5 -0.625183 -1.08539 0.33649
4 -0.604565 -1.228 0.329166
1 -0.555571 -1.4061 0.33518
9 -0.58972 -1.41834 0.330039
1 -0.64084 -1.1648 0.327616
1 -0.624772 -1.22308 0.336477
3 -0.685964 -1.16583 0.317778
3 -0.706936 -0.963157 0.32276
4 -0.830422 -0.519881 0.321611
1 -0.614881 -1.34028 0.331294
6 -0.661858 -1.23048 0.325354
5 -0.709319 -1.0577 0.325747
5 -0.732152 -1.03323 0.317704
2 -0.732873 -0.933826 0.32066
2 -0.750972 -0.785663 0.321964
2 -0.770728 -0.736244 0.318619
1 -0.790796 -0.822789 0.312601
4 -0.759361 -0.821592 0.32109
1 -0.70533 -1.00411 0.321554
3 -0.635918 -1.10294 0.330867
1 -0.825785 -0.833738 0.314463
2 -0.849016 -0.605127 0.315067
1 -0.787211 -0.73227 0.326638
3 -0.643722 -1.25108 0.326695
5 -0.636109 -1.22738 0.331674
2 -0.583475 -1.39509 0.335068
1 -0.554199 -1.48337 0.336642
1 -0.638946 -1.34018 0.325181
1 -0.72363 -1.06854 0.319428
3 -0.574534 -1.22795 0.34616
6 -0.604101 -1.10922 0.345251
8 -0.672637 -1.03079 0.341088
2 -0.609101 -1.30838 0.335866
3 -0.625949 -1.13648 0.329545
1 -0.611591 -1.29938 0.331746
5 -0.607478 -1.3499 0.330989
1 -0.582191 -1.41808 0.326059
1 -0.461655 -1.89525 0.344295
1 -0.736905 -1.06685 0.323377
3 -0.733068 -1.16973 0.311172
1 -0.811537 -0.688873 0.307289
2 -0.900508 -0.345428 0.303972
3 -0.851682 -0.278989 0.320542
2 -0.780635 -0.603834 0.318203
3 -0.64095 -1.25631 0.327391
1 -0.620996 -1.31544 0.325211
1 -0.591163 -1.34741 0.327173
4 -0.650565 -1.23699 0.324086
1 -0.612461 -1.33416 0.329956
2 -0.646119 -1.25609 0.323312
3 -0.62175 -1.32061 0.326682
1 -0.673349 -1.10474 0.327771
4 -0.72614 -0.856141 0.324872
9 -0.72614 -0.856141 0.324872
2 -0.633333 -1.17119 0.327635
2 -0.655488 -1.13082 0.332201
3 -0.763201 -0.870178 0.319164
2 -0.695992 -1.11495 0.324868
2 -0.60569 -1.1866 0.333493
2 -0.667254 -1.13746 0.327625
2 -0.649217 -1.11104 0.328312
2 -0.636043 -1.15357 0.328127
1 -0.57728 -1.18979 0.342491
3 -0.666279 -0.97789 0.339065
4 -0.682571 -1.09904 0.323137
1 -0.646704 -1.21285 0.325582
5 -0.733292 -0.862443 0.321164
2 -0.778279 -0.899675 0.313064
1 -0.875465 -0.561491 0.308762
10 -0.888958 -0.377529 0.309362
2 -0.820165 -0.677017 0.315446
1 -0.732645 -0.737402 0.323609
5 -0.635743 -1.23467 0.328699
1 -0.706441 -1.03119 0.320396
1 -0.6757 -1.13541 0.319685
1 -0.759963 -0.791504 0.318066
1 -0.736163 -0.807202 0.325104
1 -0.718828 -0.837145 0.328682
4 -0.658453 -1.30241 0.325112
3 -0.66344 -1.28463 0.324386
2 -0.604226 -1.24867 0.329732
5 -0.567395 -1.40166 0.327126
1 -0.649514 -1.15853 0.318869
1 -0.57205 -1.60779 0.327112
1 -0.536164 -1.6605 0.329808
1 -0.638247 -1.20764 0.327964
5 -0.55987 -1.45187 0.335659
5 -0.425839 -1.85095 0.349338
4 -0.733185 -0.741405 0.323376
3 -0.657435 -1.08241 0.329371
2 -0.514681 -1.60527 0.340989
2 -0.60823 -1.18321 0.33986
1 -0.663127 -1.03237 0.329077
4 -0.721751 -0.955158 0.320394
1 -0.712587 -1.09715 0.319361
1 -0.506855 -1.71068 0.331408
5 -0.605436 -1.45371 0.31963
1 -0.576491 -1.20559 0.340766
2 -0.612516 -1.24324 0.3302
5 -0.659638 -1.041 0.331284
2 -0.701959 -0.962404 0.327203
4 -0.588592 -1.37767 0.328593
5 -0.649326 -1.13632 0.325867
4 -0.643156 -1.19605 0.324616
6 -0.669569 -1.18026 0.329505
6 -0.685262 -0.99293 0.320502
1 -0.6798 -1.02689 0.323806
1 -0.639156 -1.18805 0.32711
1 -0.708279 -1.0288 0.319764
5 -0.750204 -0.884645 0.317999
3 -0.730379 -0.917225 0.317306
1 -0.885235 -0.429124 0.30603
7 -0.751139 -0.858117 0.317823
1 -0.733947 -0.803633 0.32566
1 -0.636554 -1.21259 0.326028
2 -0.720881 -0.869018 0.326202
2 -0.616105 -1.18828 0.338564
1 -0.614862 -1.02274 0.333063
4 -0.712668 -0.862015 0.322441
1 -0.695948 -1.02623 0.319659
2 -0.706045 -0.942784 0.321624
1 -0.652417 -1.21848 0.328654
1 -0.61033 -1.30741 0.33449
2 -0.630607 -1.27127 0.329982
1 -0.735964 -0.999272 0.315955
2 -0.767999 -0.877079 0.321103
7 -0.566275 -1.38166 0.337679
1 -0.651471 -1.05892 0.325834
5 -0.572365 -1.39957 0.336888
5 -0.609973 -1.19896 0.336773
4 -0.621992 -1.21172 0.333081
3 -0.632199 -1.11101 0.332666
1 -0.747945 -0.711982 0.325214
7 -0.665784 -0.935636 0.336184
3 -0.650788 -1.06479 0.335849
6 -0.714344 -0.861624 0.326464
2 -0.637838 -1.20005 0.328508
3 -0.679494 -1.01607 0.325603
3 -0.724894 -0.871154 0.328339
1 -0.682103 -0.984846 0.330286
2 -0.704856 -0.950158 0.319266
3 -0.667745 -1.04672 0.323811
1 -0.655877 -1.10727 0.326582
3 -0.656787 -1.10776 0.326771
1 -0.690657 -1.10693 0.326475
2 -0.705889 -0.900889 0.332423
2 -0.579746 -1.39452 0.33709
4 -0.446158 -1.81594 0.350381
4 -0.584948 -1.22986 0.344515
1 -0.495089 -1.61392 0.345195
2 -0.50021 -1.59632 0.341625
1 -0.73999 -0.800145 0.32247
5 -0.675441 -1.0336 0.32454
1 -0.646117 -1.11092 0.325291
1 -0.599253 -1.20263 0.328694
1 -0.741657 -0.865523 0.3171
1 -0.658635 -1.03373 0.327653
4 -0.546407 -1.43091 0.334846
3 -0.495796 -1.69583 0.335476
2 -0.542629 -1.65164 0.337203
2 -0.640497 -1.34994 0.325761
2 -0.405458 -2.10888 0.339291
3 -0.381408 -2.09449 0.345827
2 -0.504724 -1.70267 0.340257
1 -0.693914 -1.05628 0.324388
6 -0.755691 -0.920818 0.32087
1 -0.780679 -0.766747 0.316884
3 -0.733881 -0.907097 0.320114
2 -0.734727 -1.00739 0.319631
2 -0.720347 -1.01464 0.326169
1 -0.687059 -1.1372 0.329619
1 -0.703344 -0.981215 0.323501
3 -0.598585 -1.46475 0.324403
1 -0.570117 -1.47716 0.329658
3 -0.590821 -1.34507 0.33307
3 -0.59856 -1.20183 0.339945
8 -0.573987 -1.35644 0.332277
2 -0.580185 -1.30223 0.333028
7 -0.705397 -1.06274 0.321444
3 -0.715182 -1.05474 0.320377
1 -0.734901 -0.952393 0.31488
2 -0.687791 -1.01709 0.327689
1 -0.849861 -0.484538 0.320145
1 -0.796367 -0.642713 0.323874
3 -0.750231 -0.810256 0.328839
4 -0.570329 -1.38272 0.329164
4 -0.641452 -1.12342 0.325556
1 -0.638475 -1.13603 0.326537
1 -0.693383 -0.927882 0.321874
3 -0.554735 -1.34304 0.337038
3 -0.638735 -0.999717 0.335412
2 -0.578122 -1.13369 0.340703
4 -0.595374 -1.21455 0.335905
5 -0.569505 -1.33573 0.339692
1 -0.581391 -1.52503 0.333013
6 -0.629561 -1.50628 0.324959
2 -0.61089 -1.54214 0.32575
1 -0.742257 -0.779184 0.324695
2 -0.741357 -0.781561 0.324606
1 -0.728062 -0.801386 0.327961
8 -0.696084 -0.963179 0.330397
3 -0.743468 -0.907345 0.323781
2 -0.759489 -0.835027 0.321449
2 -0.770055 -0.781323 0.31862
1 -0.775041 -0.645863 0.324394
3 -0.751913 -0.805535 0.321019
3 -0.699333 -0.818961 0.331748
1 -0.677855 -0.986283 0.333742
2 -0.719249 -0.928386 0.325154
1 -0.654465 -1.0997 0.330596
4 -0.684626 -0.906068 0.328719
13 -0.710421 -0.946599 0.31974
1 -0.633445 -1.06297 0.328161
1 -0.841425 -0.521427 0.308711
3 -0.78935 -0.830017 0.304394
2 -0.650284 -1.12379 0.32969
1 -0.659959 -1.25009 0.320836
3 -0.66806 -1.16623 0.321879
1 -0.639285 -1.28549 0.322192
2 -0.807591 -0.654197 0.313667
1 -0.838119 -0.495252 0.313654
1 -0.657349 -1.07905 0.330635
4 -0.626885 -1.10641 0.338871
3 -0.681191 -0.923869 0.326592
1 -0.710266 -0.884766 0.323544
2 -0.691041 -0.896354 0.326159
3 -0.68138 -0.995882 0.324374
1 -0.704291 -1.00754 0.319026
4 -0.782425 -0.765049 0.313357
14 -0.704342 -0.847425 0.335319
2 -0.699953 -0.981477 0.328735
4 -0.689047 -1.04865 0.329151
2 -0.60138 -1.25524 0.332923
3 -0.585508 -1.31762 0.331633
1 -0.668243 -1.09631 0.331992
3 -0.646099 -1.15375 0.333427
1 -0.591987 -1.18873 0.335993
2 -0.719896 -1.01801 0.317405
1 -0.745707 -0.762767 0.323184
2 -0.606787 -1.28912 0.336795
3 -0.729732 -0.993125 0.324936
1 -0.712433 -1.10593 0.321924
1 -0.646937 -1.10612 0.336574
2 -0.58663 -1.31888 0.336158
1 -0.591694 -1.2577 0.336118
1 -0.682868 -1.00264 0.329573
3 -0.648715 -1.14522 0.326933
4 -0.66618 -0.98699 0.3281
1 -0.642228 -1.19469 0.324807
1 -0.64312 -1.22073 0.322097
3 -0.631298 -1.19636 0.326735
2 -0.735324 -0.869316 0.320355
1 -0.605813 -1.40626 0.32349
1 -0.534878 -1.40771 0.340826
2 -0.571321 -1.3063 0.336299
4 -0.651696 -1.05805 0.326891
5 -0.634763 -1.18119 0.329202
5 -0.661186 -1.04232 0.328515
3 -0.707723 -0.915064 0.327276
1 -0.639217 -1.1611 0.331695
3 -0.639217 -1.1611 0.331695
3 -0.661848 -1.13696 0.327814
1 -0.62111 -1.13388 0.334355
3 -0.640874 -1.00669 0.334846
8 -0.71365 -0.854485 0.330321
4 -0.635295 -1.13022 0.33292
4 -0.628729 -1.22363 0.329404
1 -0.673873 -0.94586 0.329398
2 -0.756017 -0.911739 0.316357
2 -0.780013 -0.815744 0.31399
4 -0.72928 -0.792798 0.3241
1 -0.634504 -1.11822 0.327667
1 -0.576484 -1.17448 0.338729
3 -0.662099 -1.00679 0.325441
5 -0.734017 -0.929381 0.316701
2 -0.717732 -0.813948 0.319759
1 -0.76807 -0.661353 0.317296
3 -0.667253 -1.10229 0.320914
2 -0.794923 -0.636209 0.314634
1 -0.714988 -1.02589 0.326853
3 -0.742592 -0.927395 0.32159
1 -0.758293 -0.789665 0.320024
11 -0.7036 -0.955763 0.323403
1 -0.70377 -0.824424 0.326998
2 -0.763684 -0.768501 0.318403
1 -0.781129 -0.639124 0.320064
1 -0.732467 -0.766787 0.324757
12 -0.737675 -0.775924 0.33177
2 -0.598648 -1.39589 0.32701
4 -0.599022 -1.23073 0.329737
4 -0.745681 -0.919289 0.317977
20 -0.61654 -1.3332 0.329024
2 -0.617143 -1.2495 0.332048
4 -0.605106 -1.16018 0.339218
7 -0.783051 -0.629144 0.325729
2 -0.659394 -1.04343 0.335697
2 -0.664318 -0.86763 0.33361
1 -0.616093 -1.04112 0.337669
2 -0.625145 -1.10738 0.331918
3 -0.635954 -1.05595 0.333598
3 -0.584843 -1.09138 0.344328
3 -0.498666 -1.50667 0.34985
2 -0.548274 -1.24388 0.34545
6 -0.661633 -0.961008 0.335124
1 -0.57975 -1.26676 0.340977
2 -0.583367 -1.25871 0.340476
4 -0.619922 -1.13895 0.337046
4 -0.670506 -1.09832 0.321675
1 -0.693551 -0.999599 0.322352
4 -0.554905 -1.41215 0.332181
2 -0.557694 -1.52335 0.326966
1 -0.699229 -0.863857 0.327971
1 -0.703874 -0.830653 0.328557
2 -0.733234 -0.70349 0.329275
1 -0.555865 -1.27885 0.339265
5 -0.770232 -0.687828 0.325015
1 -0.817474 -0.54351 0.318628
4 -0.822452 -0.709028 0.310228
1 -0.651934 -1.05931 0.333482
3 -0.704081 -0.901574 0.325684
5 -0.694767 -1.00692 0.322299
3 -0.572959 -1.27987 0.340365
3 -0.708323 -0.885979 0.319823
7 -0.714462 -0.887043 0.322835
4 -0.68465 -0.976423 0.325425
2 -0.646486 -1.23827 0.32494
3 -0.6557 -1.25365 0.321197
2 -0.652216 -1.19211 0.325414
2 -0.660537 -1.01724 0.333046
1 -0.601436 -1.11757 0.338436
7 -0.612552 -1.05565 0.339291
6 -0.61815 -1.1498 0.33434
2 -0.55347 -1.3391 0.341835
1 -0.591716 -1.12673 0.341388
8 -0.630367 -1.15291 0.3351
2 -0.684507 -1.00467 0.328502
1 -0.646167 -1.07365 0.327305
1 -0.595459 -1.53608 0.324428
2 -0.553852 -1.59727 0.331167
2 -0.616397 -1.39163 0.326036
2 -0.581224 -1.44712 0.331526
1 -0.659108 -1.08162 0.334087
1 -0.794192 -0.646288 0.32264
3 -0.773213 -0.620804 0.32841
1 -0.673657 -0.915827 0.334697
1 -0.66959 -0.927787 0.33607
12 -0.601253 -1.29295 0.331855
3 -0.589835 -1.34594 0.33315
1 -0.584065 -1.35867 0.333998
4 -0.698789 -1.01278 0.321978
6 -0.789331 -0.732393 0.320944
7 -0.818398 -0.686919 0.315043
3 -0.552803 -1.47533 0.340984
1 -0.639358 -1.20207 0.327502
5 -0.650134 -1.16908 0.3288
4 -0.582683 -1.36367 0.333203
5 -0.696223 -0.96362 0.329175
4 -0.633367 -1.16215 0.328174
4 -0.537653 -1.50383 0.339272
6 -0.590756 -1.35202 0.333982
3 -0.589445 -1.36725 0.333282
1 -0.613697 -1.16685 0.334822
1 -0.635336 -1.10903 0.332435
1 -0.723214 -0.875813 0.317161
2 -0.732759 -0.7928 0.322169
1 -0.637341 -1.08076 0.3331
3 -0.624753 -1.06769 0.334793
2 -0.660704 -1.09412 0.327069
3 -0.619161 -1.20824 0.334461
4 -0.623354 -1.17056 0.336907
9 -0.595416 -1.24777 0.34042
3 -0.556466 -1.39246 0.34285
1 -0.660579 -1.02391 0.329159
1 -0.752413 -0.847752 0.314946
1 -0.862625 -0.503535 0.315935
1 -0.761725 -0.802065 0.318167
3 -0.730288 -0.920599 0.321288
5 -0.763789 -0.868003 0.318256
7 -0.723494 -0.926127 0.323489
4 -0.647669 -1.18938 0.328357
2 -0.632588 -1.11467 0.333686
1 -0.698931 -0.969015 0.325633
1 -0.619374 -1.32258 0.327581
3 -0.527124 -1.52379 0.339806
2 -0.604977 -1.26232 0.333933
2 -0.462172 -1.67486 0.340593
3 -0.483125 -1.66475 0.335302
1 -0.660364 -1.15414 0.323359
3 -0.664343 -1.11136 0.321107
2 -0.779759 -0.844108 0.316818
1 -0.711021 -0.890094 0.324345
1 -0.765009 -0.763764 0.321351
5 -0.812266 -0.551339 0.322549
5 -0.668611 -1.09747 0.334421
5 -0.631976 -1.23465 0.337037
4 -0.661807 -1.12221 0.322778
1 -0.70528 -1.0607 0.317011
2 -0.824199 -0.62835 0.308603
3 -0.663512 -1.03217 0.320634
2 -0.560858 -1.36758 0.330162
2 -0.53301 -1.53365 0.333874
3 -0.62583 -1.26067 0.32588
3 -0.728678 -0.925771 0.322457
2 -0.743475 -0.866576 0.319079
3 -0.634068 -1.12506 0.339785
1 -0.686543 -0.845737 0.340099
4 -0.629561 -1.06751 0.338315
8 -0.719206 -0.901626 0.321251
1 -0.823003 -0.588791 0.317695
2 -0.773498 -0.657705 0.319896
5 -0.719651 -0.945953 0.323147
2 -0.584288 -1.27819 0.330786
3 -0.615411 -1.2701 0.3262
3 -0.640247 -1.25599 0.326795
5 -0.658215 -1.20759 0.322115
8 -0.740972 -0.784344 0.324978
3 -0.611538 -1.16209 0.332545
5 -0.572645 -1.56321 0.325643
2 -0.724413 -0.783493 0.329018
7 -0.702389 -0.847412 0.327826
4 -0.661135 -1.13264 0.325506
6 -0.690677 -0.935191 0.33036
3 -0.747428 -0.866446 0.319145
3 -0.760849 -0.814396 0.319443
2 -0.7384 -0.907204 0.319023
3 -0.747883 -0.927877 0.32071
2 -0.819407 -0.600923 0.317322
1 -0.729846 -0.917115 0.321653
2 -0.673777 -0.835463 0.335183
1 -0.710894 -0.82325 0.332398
5 -0.723691 -0.905022 0.331576
1 -0.600961 -1.25495 0.3372
4 -0.580928 -1.51434 0.332333
7 -0.594015 -1.45191 0.330704
1 -0.583062 -1.529 0.330639
2 -0.71205 -0.961257 0.315351
1 -0.722633 -0.894614 0.320753
1 -0.762074 -0.683193 0.320176
2 -0.763889 -0.765495 0.317475
13 -0.73419 -0.899079 0.31944
2 -0.720682 -0.939827 0.320818
1 -0.629639 -1.20043 0.328786
2 -0.630043 -1.01898 0.33918
2 -0.70566 -0.740773 0.332569
1 -0.653956 -1.03206 0.32679
6 -0.702613 -0.875747 0.327581
1 -0.752749 -0.744313 0.318692
1 -0.812729 -0.474815 0.321913
1 -0.576345 -1.5708 0.331634
3 -0.642246 -1.44595 0.321166
3 -0.670202 -1.08907 0.330673
2 -0.745988 -0.926566 0.32331
2 -0.835319 -0.667206 0.313618
1 -0.603833 -1.29829 0.335194
2 -0.43886 -1.76722 0.346995
1 -0.762025 -0.809528 0.327706
2 -0.827611 -0.611024 0.316504
2 -0.701631 -0.893188 0.326513
7 -0.661988 -1.05713 0.328674
2 -0.66392 -1.10635 0.323384
4 -0.701905 -1.02977 0.323785
6 -0.728979 -0.708969 0.328587
2 -0.789578 -0.650581 0.31759
2 -0.635144 -1.20932 0.331332
2 -0.543488 -1.47284 0.337138
1 -0.597311 -1.26506 0.332755
12 -0.61414 -1.19641 0.331152
2 -0.61877 -1.16997 0.330781
7 -0.59331 -1.32289 0.332922
3 -0.670348 -1.19275 0.323931
6 -0.673247 -1.10658 0.326732
1 -0.66559 -1.12478 0.330237
1 -0.539014 -1.36397 0.349145
2 -0.544554 -1.23768 0.341715
11 -0.543601 -1.43024 0.336527
2 -0.588534 -1.346 0.334688
2 -0.632351 -1.23613 0.33251
1 -0.60843 -1.15606 0.335236
1 -0.608165 -1.1406 0.335465
3 -0.688569 -0.930553 0.330259
4 -0.675746 -0.963305 0.326163
1 -0.580951 -1.53628 0.328246
1 -0.648956 -1.26948 0.325019
1 -0.669461 -0.96185 0.329601
2 -0.689338 -0.870243 0.325645
1 -0.585479 -1.21591 0.337749
2 -0.551666 -1.34678 0.338213
6 -0.609043 -1.13789 0.341634
3 -0.525698 -1.45068 0.344431
1 -0.645213 -1.28063 0.322764
1 -0.83077 -0.849377 0.301785
7 -0.734198 -0.932296 0.315552
2 -0.543684 -1.28177 0.338332
3 -0.628071 -1.14281 0.326841
4 -0.715422 -0.766236 0.319281
1 -0.83847 -0.449873 0.318395
3 -0.812374 -0.689185 0.314028
1 -0.751336 -0.977398 0.315084
1 -0.576239 -1.54291 0.320825
1 -0.579092 -1.55522 0.328053
9 -0.559581 -1.61422 0.329146
2 -0.766513 -0.824434 0.317214
3 -0.696794 -0.886141 0.333791
1 -0.54545 -1.49716 0.339142
9 -0.586711 -1.37732 0.331279
9 -0.618234 -1.31107 0.327761
4 -0.449052 -1.82505 0.342552
2 -0.586159 -1.46618 0.324131
2 -0.52585 -1.71518 0.329743
5 -0.46026 -1.81934 0.341251
1 -0.583488 -1.53711 0.325323
1 -0.615596 -1.30261 0.324528
1 -0.596415 -1.29219 0.329484
24 -0.572814 -1.34049 0.330875
3 -0.74088 -0.940085 0.31729
1 -0.694125 -1.168 0.318425
3 -0.52426 -1.76495 0.334033
5 -0.620134 -1.33945 0.32518
6 -0.631579 -1.14326 0.330837
3 -0.6438 -1.09359 0.330146
2 -0.579168 -1.33568 0.33548
1 -0.585982 -1.27284 0.337028
2 -0.500339 -1.5535 0.344009
1 -0.508455 -1.43849 0.345537
1 -0.692364 -1.05886 0.323838
1 -0.621654 -1.05302 0.33746
2 -0.777687 -0.59233 0.329155
7 -0.780574 -0.603966 0.32765
2 -0.741824 -0.811172 0.327401
3 -0.830115 -0.590939 0.322712
1 -0.899835 -0.436046 0.304804
1 -0.820451 -0.67737 0.307833
4 -0.597794 -1.30713 0.322981
1 -0.776671 -0.662318 0.317477
1 -0.681524 -0.808748 0.334007
3 -0.625369 -1.10709 0.334049
1 -0.697493 -0.962184 0.321145
5 -0.76872 -0.646845 0.32106
2 -0.648685 -0.984754 0.33749
24 -0.722755 -0.765871 0.327593
1 -0.799631 -0.488723 0.324781
2 -0.781718 -0.598225 0.328379
3 -0.754668 -0.741833 0.326217
2 -0.845529 -0.493471 0.315426
3 -0.83423 -0.518892 0.313428
1 -0.727595 -0.964569 0.317567
1 -0.600654 -1.1956 0.331525
2 -0.702659 -0.988759 0.31111
4 -0.714098 -1.01805 0.312201
1 -0.744099 -0.892548 0.311304
4 -0.795126 -0.75293 0.31309
3 -0.819494 -0.498379 0.314071
1 -0.600231 -1.359 0.320698
5 -0.556665 -1.6241 0.325643
1 -0.653468 -1.19832 0.323646
4 -0.641973 -1.23269 0.325628
1 -0.756585 -0.80336 0.318625
5 -0.774687 -0.75371 0.318149
1 -0.72412 -0.930444 0.321731
2 -0.608447 -1.28596 0.335358
1 -0.641883 -1.09737 0.335594
1 -0.668192 -0.955765 0.33618
2 -0.646668 -0.909404 0.338992
2 -0.660624 -1.17545 0.329452
4 -0.783925 -0.800376 0.317884
4 -0.793046 -0.788934 0.314512
1 -0.788668 -0.869504 0.311185
2 -0.690842 -1.00761 0.323592
3 -0.759035 -0.844203 0.314694
1 -0.631303 -1.19232 0.325643
4 -0.60071 -1.30246 0.332825
1 -0.585429 -1.31048 0.330663
1 -0.599409 -1.39468 0.331788
3 -0.641207 -1.29604 0.324426
5 -0.611677 -1.32839 0.32598
1 -0.666446 -0.953595 0.336394
3 -0.699862 -0.997286 0.329103
2 -0.771274 -0.685405 0.322218
2 -0.612348 -1.29149 0.325188
2 -0.752544 -0.952433 0.313893
2 -0.757984 -0.880353 0.313105
1 -0.703775 -0.888906 0.325267
1 -0.55695 -1.28678 0.340499
1 -0.626334 -1.17906 0.335028
15 -0.70831 -0.836376 0.33465
1 -0.612145 -1.24907 0.335133
1 -0.636225 -1.225 0.329676
1 -0.741835 -0.791187 0.324034
1 -0.756171 -0.780229 0.32401
6 -0.691351 -0.947304 0.319664
2 -0.653066 -1.26657 0.320892
3 -0.651256 -1.28052 0.323144
1 -0.603056 -1.43398 0.326611
3 -0.615991 -1.33302 0.3288
1 -0.580333 -1.4679 0.328594
2 -0.536132 -1.55049 0.340534
3 -0.557314 -1.5402 0.335521
4 -0.654714 -1.18749 0.329567
1 -0.762166 -0.782314 0.326178
2 -0.812407 -0.651358 0.323793
2 -0.848681 -0.652383 0.313706
1 -0.851114 -0.574351 0.311377
4 -0.774551 -0.872539 0.319415
1 -0.806455 -0.759475 0.31666
2 -0.662743 -1.16297 0.32506
1 -0.712885 -0.907264 0.320349
1 -0.564795 -1.39989 0.334195
7 -0.664928 -1.15353 0.327742
2 -0.687844 -1.04218 0.324708
3 -0.754555 -0.720548 0.32218
1 -0.714386 -0.978864 0.319661
1 -0.691611 -1.02552 0.327587
3 -0.612414 -1.29941 0.330765
1 -0.761105 -0.911044 0.313854
1 -0.652394 -0.995369 0.325295
1 -0.616885 -1.24414 0.328671
2 -0.690559 -0.938393 0.324838
1 -0.685765 -0.937965 0.327549
1 -0.513038 -1.51807 0.343417
5 -0.664626 -1.11878 0.326392
3 -0.615995 -1.28596 0.330503
2 -0.696763 -0.993778 0.322875
4 -0.654122 -1.1723 0.319664
3 -0.646343 -1.27403 0.316603
7 -0.584621 -1.19419 0.333308
1 -0.638354 -1.03993 0.326456
16 -0.688706 -1.05639 0.319387
1 -0.676513 -1.02214 0.325779
1 -0.769358 -0.671031 0.326199
2 -0.75215 -0.779998 0.3208
2 -0.860045 -0.579433 0.305638
2 -0.743433 -0.830958 0.322739
4 -0.691163 -1.08529 0.321875
3 -0.630651 -1.24207 0.328571
2 -0.628426 -1.26646 0.329627
1 -0.75682 -0.759602 0.327327
4 -0.714618 -0.820838 0.327768
6 -0.720448 -0.880096 0.323874
1 -0.771095 -0.778481 0.317797
1 -0.703822 -1.03023 0.317882
1 -0.688387 -1.09057 0.317339
1 -0.597119 -1.53034 0.324599
6 -0.715095 -1.07979 0.318883
1 -0.601944 -1.29048 0.335415
2 -0.621284 -1.3815 0.328288
8 -0.628883 -1.36437 0.326757
2 -0.605144 -1.43577 0.329725
2 -0.567505 -1.46002 0.333217
1 -0.579892 -1.24551 0.334447
3 -0.622192 -1.1322 0.329958
3 -0.666166 -1.06132 0.32094
3 -0.717177 -0.897786 0.321597
1 -0.667869 -1.3782 0.319701
1 -0.605099 -1.47266 0.329866
2 -0.714172 -0.882923 0.32845
1 -0.656231 -1.02479 0.330862
1 -0.622102 -1.24071 0.328481
3 -0.750736 -0.837247 0.319181
5 -0.826503 -0.689708 0.312304
1 -0.750777 -0.839946 0.322881
2 -0.5698 -1.28789 0.338628
2 -0.728934 -0.91189 0.321667
2 -0.506729 -1.47864 0.340667
6 -0.586066 -1.08439 0.338933
8 -0.632617 -1.15368 0.327144
1 -0.576527 -1.43057 0.337631
2 -0.660708 -1.22377 0.325771
3 -0.711807 -0.974067 0.321169
7 -0.473298 -1.76945 0.341038
1 -0.457967 -1.69999 0.346247
2 -0.605959 -1.15746 0.334794
3 -0.593425 -1.22675 0.332906
2 -0.535044 -1.46244 0.340147
1 -0.58425 -1.30367 0.33447
3 -0.695605 -1.05955 0.321287
3 -0.695282 -1.05338 0.322253
9 -0.584588 -1.5437 0.328844
2 -0.581239 -1.50785 0.329493
2 -0.59951 -1.35882 0.328908
1 -0.607536 -1.32421 0.326623
1 -0.507223 -1.50539 0.340219
1 -0.516141 -1.37155 0.34015
4 -0.59575 -1.20687 0.335234
2 -0.435123 -1.80828 0.348119
2 -0.544448 -1.53609 0.33363
9 -0.627181 -1.17359 0.33764
5 -0.606061 -1.24036 0.335883
1 -0.761408 -0.812555 0.324911
1 -0.693321 -1.06088 0.325845
5 -0.640249 -1.17058 0.328032
2 -0.644705 -1.20577 0.32836
6 -0.629879 -1.2649 0.331508
1 -0.572088 -1.35987 0.339169
4 -0.742459 -0.751876 0.328484
1 -0.665848 -0.939582 0.326974
3 -0.523283 -1.40514 0.344651
1 -0.65419 -1.24069 0.322869
2 -0.726854 -0.992985 0.319347
6 -0.726231 -0.87132 0.322858
3 -0.610384 -1.07793 0.337993
1 -0.577518 -1.28146 0.339763
3 -0.586923 -1.4021 0.336776
1 -0.619749 -1.29136 0.332271
3 -0.637225 -1.34207 0.321051
1 -0.648098 -1.23903 0.322472
3 -0.626167 -1.28378 0.32589
11 -0.736125 -1.00663 0.313813
1 -0.766643 -0.801923 0.314137
3 -0.769144 -0.851691 0.316573
1 -0.830025 -0.653075 0.311064
2 -0.784026 -0.661929 0.321216
2 -0.63931 -1.17549 0.328451
4 -0.68242 -1.03088 0.325405
6 -0.675841 -1.10189 0.323643
1 -0.802385 -0.773394 0.307885
2 -0.487384 -1.64841 0.338825
1 -0.6757 -1.15763 0.321441
2 -0.576185 -1.29547 0.344142
3 -0.654519 -0.937009 0.342406
2 -0.539008 -1.34905 0.347524
4 -0.637545 -1.05335 0.331573
3 -0.598772 -1.19751 0.333553
2 -0.714503 -1.01253 0.322757
1 -0.679246 -1.01923 0.330744
4 -0.654365 -1.13048 0.328848
3 -0.675356 -1.11073 0.325869
2 -0.679201 -1.01443 0.3261
3 -0.610863 -1.31316 0.329933
3 -0.518546 -1.39519 0.34412
2 -0.539508 -1.36087 0.336158
5 -0.63199 -1.05531 0.334507
1 -0.503848 -1.47499 0.347603
1 -0.502185 -1.67125 0.339772
4 -0.658657 -1.14419 0.326369
2 -0.734338 -0.87384 0.323745
4 -0.602337 -1.18499 0.338672
1 -0.72083 -0.982547 0.329628
4 -0.807678 -0.71392 0.30958
3 -0.803746 -0.76466 0.307872
6 -0.757358 -0.757607 0.318723
4 -0.777493 -0.733274 0.3131
2 -0.58304 -1.37084 0.333844
3 -0.768067 -0.674799 0.326015
3 -0.677243 -1.06789 0.327399
2 -0.608623 -1.47391 0.324262
5 -0.632319 -1.36521 0.32476
2 -0.593881 -1.33764 0.334763
2 -0.584364 -1.38033 0.329862
2 -0.593303 -1.35822 0.328842
1 -0.563782 -1.45461 0.333838
1 -0.677149 -0.997337 0.328904
5 -0.654766 -1.01942 0.331992
2 -0.636727 -1.2909 0.326577
2 -0.717462 -0.969688 0.324375
4 -0.748416 -0.851589 0.320598
3 -0.749348 -0.835693 0.32162
4 -0.756924 -0.818747 0.318348
1 -0.613336 -1.3291 0.329053
1 -0.718241 -1.06717 0.318531
4 -0.543701 -1.59548 0.334641
3 -0.590112 -1.20305 0.335912
4 -0.651856 -1.14044 0.324987
2 -0.588981 -1.12535 0.337863
2 -0.587503 -1.37761 0.333359
4 -0.650712 -1.18394 0.330853
2 -0.670255 -1.16857 0.333579
8 -0.820783 -0.573052 0.315003
4 -0.780819 -0.654204 0.325307
1 -0.597887 -1.31698 0.332195
8 -0.671993 -1.09838 0.325243
2 -0.74024 -0.86899 0.320454
6 -0.656957 -1.23783 0.324318
1 -0.496762 -1.67615 0.343992
1 -0.50655 -1.68881 0.339524
3 -0.656908 -0.999542 0.336009
1 -0.633386 -1.26524 0.329175
1 -0.626371 -1.31959 0.331338
5 -0.717832 -1.01074 0.324732
3 -0.767161 -0.860251 0.319196
5 -0.801964 -0.601052 0.31423
1 -0.813551 -0.55575 0.310863
2 -0.662465 -1.02302 0.319789
1 -0.722218 -0.928359 0.322029
12 -0.746161 -0.837669 0.315173
1 -0.814546 -0.601311 0.311544
4 -0.706885 -1.03368 0.315376
2 -0.554308 -1.56138 0.331375
1 -0.533912 -1.5904 0.334608
5 -0.891802 -0.24689 0.317344
1 -0.834573 -0.643275 0.309917
10 -0.579533 -1.33301 0.329496
2 -0.707591 -0.910969 0.320681
8 -0.691283 -1.12434 0.318527
3 -0.678995 -1.05637 0.323298
2 -0.706211 -0.982376 0.325393
2 -0.662721 -1.04809 0.328685
1 -0.556124 -1.32576 0.342195
8 -0.58787 -1.23883 0.337952
4 -0.661917 -0.999689 0.331226
3 -0.709004 -0.800795 0.328227
1 -0.896943 -0.362622 0.30127
2 -0.788341 -0.681662 0.311861
1 -0.841688 -0.578056 0.311204
4 -0.840502 -0.419652 0.323167
2 -0.757292 -0.739017 0.324712
1 -0.701323 -0.853152 0.329744
3 -0.616922 -1.11819 0.337957
5 -0.689374 -1.04766 0.32648
1 -0.776995 -0.755189 0.319188
5 -0.658034 -1.24216 0.325614
1 -0.680456 -1.06116 0.327885
4 -0.69475 -1.06528 0.323198
2 -0.755573 -0.828794 0.321951
2 -0.808273 -0.503247 0.323534
1 -0.610919 -1.13478 0.335935
1 -0.720767 -0.890586 0.32268
9 -0.676653 -1.10558 0.324228
1 -0.727392 -0.904658 0.316646
8 -0.769071 -0.882716 0.321281
2 -0.696768 -1.07934 0.325209
4 -0.539865 -1.44471 0.341683
3 -0.623538 -1.22432 0.326891
3 -0.617949 -1.2306 0.330668
1 -0.591205 -1.39254 0.331266
8 -0.630419 -1.14286 0.338862
2 -0.593572 -1.14905 0.341892
4 -0.574353 -1.20385 0.343053
3 -0.701061 -0.855268 0.324125
4 -0.616121 -1.05305 0.334137
5 -0.597212 -1.17012 0.337724
2 -0.717975 -0.747824 0.331633
4 -0.68977 -0.887788 0.324256
1 -0.72485 -0.720827 0.323749
3 -0.675425 -1.09494 0.319417
2 -0.712228 -1.05347 0.315464
3 -0.585855 -1.45141 0.321768
3 -0.676601 -1.09982 0.322981
1 -0.728033 -0.946318 0.320487
1 -0.680425 -1.03905 0.329998
2 -0.69638 -0.961954 0.331568
2 -0.729499 -0.765526 0.331081
11 -0.677973 -1.03143 0.333229
9 -0.707813 -0.939827 0.331301
2 -0.728293 -0.92675 0.324002
6 -0.601218 -1.18156 0.334105
2 -0.621892 -1.36705 0.332037
4 -0.774863 -1.03347 0.313986
5 -0.809657 -0.848907 0.31015
2 -0.743613 -0.89998 0.323361
1 -0.596188 -1.39997 0.330118
4 -0.612238 -1.31679 0.332006
3 -0.734008 -0.942922 0.321413
2 -0.703114 -1.11153 0.320942
3 -0.643635 -1.23047 0.329337
2 -0.789363 -0.765541 0.31713
5 -0.784976 -0.740608 0.320661
2 -0.704294 -1.06806 0.32293
3 -0.75333 -0.947248 0.312641
2 -0.675966 -0.866786 0.330285
2 -0.628371 -1.11426 0.330471
1 -0.678611 -0.931319 0.333281
1 -0.67108 -1.11428 0.318323
2 -0.609447 -1.29008 0.326503
5 -0.646692 -1.2225 0.320211
1 -0.639553 -1.27996 0.323529
4 -0.656186 -1.21462 0.32411
2 -0.633416 -1.23632 0.324013
3 -0.672614 -1.06958 0.323309
1 -0.685747 -1.0101 0.329159
1 -0.638436 -1.13578 0.327917
3 -0.552436 -1.36188 0.336413
2 -0.63705 -1.098 0.333753
2 -0.657713 -1.12324 0.325719
2 -0.666599 -1.18303 0.325536
3 -0.621804 -1.26124 0.329478
4 -0.606939 -1.14881 0.34284
2 -0.552234 -1.16444 0.347646
1 -0.574404 -1.35573 0.335155
3 -0.655311 -1.13168 0.331152
13 -0.584715 -1.39373 0.335323
3 -0.652108 -1.17669 0.32762
1 -0.632919 -1.21281 0.332628
4 -0.59319 -1.38281 0.336786
5 -0.604227 -1.24827 0.336141
1 -0.723861 -0.943664 0.32549
4 -0.722637 -0.929212 0.326595
1 -0.820339 -0.59931 0.321103
5 -0.55564 -1.4583 0.340618
1 -0.616698 -1.4401 0.329866
1 -0.471789 -1.8677 0.337566
1 -0.691258 -1.19842 0.319209
3 -0.755044 -0.748653 0.321819
4 -0.640057 -0.853057 0.333836
3 -0.736064 -0.857569 0.322836
3 -0.643783 -0.995095 0.334766
6 -0.662809 -1.10932 0.325058
1 -0.703819 -0.9899 0.322432
5 -0.704735 -0.963348 0.327053
1 -0.617265 -1.39195 0.323436
9 -0.671683 -1.19305 0.318427
2 -0.649822 -1.25847 0.319323
5 -0.682193 -1.06905 0.320161
1 -0.667942 -1.13066 0.316993
1 -0.746086 -0.802611 0.318484
1 -0.682538 -1.18666 0.32096
1 -0.541141 -1.57281 0.331087
4 -0.444561 -1.76176 0.347404
1 -0.540554 -1.46997 0.336429
6 -0.644022 -1.29238 0.319141
4 -0.727587 -1.07396 0.310247
3 -0.671576 -0.90583 0.336466
4 -0.585435 -1.25984 0.345019
2 -0.561613 -1.41709 0.343191
5 -0.643429 -1.10259 0.338221
4 -0.606984 -1.32357 0.32815
2 -0.678075 -1.19122 0.321775
1 -0.722647 -1.07794 0.313931
2 -0.670436 -1.20137 0.315019
2 -0.706317 -0.984549 0.3175
4 -0.689034 -1.00973 0.320306
2 -0.738945 -0.840422 0.326069
2 -0.610779 -1.17611 0.334805
2 -0.708207 -0.739911 0.33175
1 -0.523626 -1.30076 0.349456
1 -0.58169 -1.27865 0.334402
1 -0.630772 -1.09282 0.33644
3 -0.721668 -0.87727 0.32582
3 -0.710785 -0.918258 0.324084
1 -0.677799 -0.985991 0.327176
3 -0.719138 -0.851978 0.325027
3 -0.776845 -0.645002 0.323822
2 -0.735845 -0.8165 0.324688
3 -0.673745 -1.14184 0.321847
1 -0.752337 -0.780024 0.318469
3 -0.674497 -1.12139 0.322275
1 -0.632658 -1.1735 0.327913
1 -0.71273 -0.993286 0.31876
1 -0.68498 -1.09376 0.319448
6 -0.593392 -1.08031 0.33809
2 -0.598662 -1.11097 0.33351
2 -0.57027 -1.36511 0.336035
3 -0.472949 -1.72364 0.34739
1 -0.62383 -1.23123 0.337552
1 -0.633972 -1.23682 0.323961
1 -0.582816 -1.41186 0.329971
4 -0.551158 -1.4417 0.332299
3 -0.53105 -1.4906 0.335786
11 -0.585131 -1.31776 0.334753
3 -0.574677 -1.38105 0.331747
3 -0.599885 -1.4221 0.327833
1 -0.372729 -2.18819 0.348661
4 -0.447981 -1.83181 0.343868
2 -0.568017 -1.31788 0.33423
1 -0.613484 -1.19239 0.331788
1 -0.744717 -0.809581 0.326205
1 -0.713612 -0.888616 0.329385
1 -0.750543 -0.820458 0.32334
1 -0.803713 -0.736067 0.315867
4 -0.769717 -0.79238 0.322397
3 -0.681664 -1.10659 0.328582
4 -0.645678 -1.35885 0.313937
1 -0.656493 -1.18496 0.317135
3 -0.587002 -1.39173 0.324181
2 -0.523894 -1.70671 0.335333
1 -0.672366 -1.17872 0.324041
1 -0.698141 -1.08282 0.32118
2 -0.706919 -0.962084 0.323777
6 -0.681574 -0.85265 0.334294
14 -0.643596 -1.10143 0.332428
8 -0.656027 -1.01942 0.331238
1 -0.689389 -0.998981 0.32612
1 -0.693989 -0.953653 0.331247
4 -0.671111 -1.05027 0.332207
2 -0.585891 -1.18113 0.339876
5 -0.564234 -1.31461 0.339489
14 -0.643239 -1.09912 0.329475
4 -0.624442 -1.1658 0.330821
2 -0.672191 -1.10086 0.326847
2 -0.625269 -1.22607 0.336518
4 -0.640276 -1.10127 0.335769
1 -0.540742 -1.41662 0.340679
6 -0.663719 -1.01463 0.334107
1 -0.559994 -1.42447 0.335643
2 -0.591823 -1.42223 0.325569
3 -0.643033 -1.2358 0.321653
2 -0.666291 -1.0728 0.32849
2 -0.657845 -1.17803 0.326194
4 -0.658575 -1.13164 0.325345
3 -0.615246 -1.27183 0.328503
1 -0.611694 -1.29119 0.331536
1 -0.73208 -0.930271 0.319175
1 -0.753396 -0.739589 0.315821
3 -0.756266 -0.792917 0.311493
1 -0.746237 -0.709073 0.331165
3 -0.7472 -0.702137 0.331196
4 -0.630643 -1.03832 0.33995
8 -0.706174 -0.846565 0.334019
1 -0.658088 -0.932816 0.336599
8 -0.739149 -0.806321 0.327449
1 -0.7122 -0.797413 0.328931
3 -0.715686 -1.08427 0.312075
2 -0.69218 -1.15322 0.316184
1 -0.584869 -1.36264 0.32647
5 -0.61322 -1.26865 0.323427
1 -0.64461 -1.1134 0.325891
1 -0.659181 -1.0418 0.324222
1 -0.709627 -0.975338 0.321228
3 -0.676882 -1.06325 0.327096
8 -0.843495 -0.522342 0.306227
1 -0.845511 -0.518836 0.305791
1 -0.700756 -1.11428 0.31975
1 -0.771976 -0.705555 0.317995
4 -0.677206 -0.823672 0.333728
3 -0.599288 -1.23103 0.333579
1 -0.615298 -1.16374 0.334455
5 -0.656805 -1.07433 0.332365
5 -0.681024 -0.991906 0.325756
2 -0.796104 -0.815667 0.310866
1 -0.674922 -1.27356 0.312429
2 -0.555993 -1.60592 0.327252
2 -0.543335 -1.6441 0.328081
4 -0.561504 -1.47316 0.334437
5 -0.645436 -1.06437 0.337013
1 -0.670361 -1.03563 0.335698
5 -0.781613 -0.698295 0.326088
5 -0.772155 -0.813825 0.32016
4 -0.723169 -0.790758 0.331657
7 -0.658518 -1.04967 0.331537
1 -0.649633 -1.01768 0.332875
2 -0.773439 -0.860407 0.319648
3 -0.68344 -1.03017 0.329172
5 -0.83919 -0.590341 0.311564
1 -0.789489 -0.694983 0.318086
2 -0.714594 -1.11933 0.321071
1 -0.692303 -1.25701 0.319041
2 -0.745533 -0.92136 0.319019
1 -0.648574 -1.03606 0.330431
3 -0.721481 -0.885639 0.324985
2 -0.575679 -1.40218 0.335138
1 -0.628498 -1.31575 0.326619
1 -0.683564 -1.01408 0.332594
1 -0.48255 -1.72126 0.338086
4 -0.631826 -1.24323 0.324983
1 -0.626582 -1.24738 0.325678
4 -0.624824 -1.25675 0.324943
3 -0.75342 -0.880668 0.317847
1 -0.775915 -0.815451 0.315239
3 -0.807653 -0.635601 0.316964
1 -0.7506 -0.790064 0.323487
3 -0.722709 -0.920237 0.324818
2 -0.655242 -1.22907 0.324878
1 -0.847688 -0.468795 0.313454
2 -0.814645 -0.58005 0.322771
2 -0.754035 -0.790235 0.323338
1 -0.737356 -0.838455 0.322417
1 -0.845428 -0.554279 0.307568
2 -0.872952 -0.386578 0.32074
4 -0.867459 -0.394156 0.322003
3 -0.886039 -0.337186 0.315786
1 -0.588486 -1.34539 0.337145
1 -0.444737 -1.77278 0.350336
4 -0.54555 -1.43117 0.332353
1 -0.590754 -1.34581 0.330616
1 -0.683003 -0.947184 0.326237
1 -0.676601 -1.03493 0.320515
2 -0.670117 -1.08884 0.324602
2 -0.67659 -0.995109 0.326225
2 -0.674228 -1.00181 0.32645
1 -0.788827 -0.729931 0.320927
2 -0.707108 -0.97404 0.327536
5 -0.694055 -1.05722 0.327762
3 -0.716604 -0.958404 0.325773
1 -0.575109 -1.21159 0.338434
1 -0.588335 -1.15995 0.339246
5 -0.622016 -1.09366 0.337197
11 -0.588207 -1.15916 0.332089
1 -0.614401 -1.11842 0.32934
5 -0.626905 -1.21427 0.324712
2 -0.717458 -0.886392 0.321434
1 -0.609003 -1.3586 0.326742
3 -0.668716 -0.917377 0.328532
1 -0.609131 -1.44054 0.326684
1 -0.689151 -1.14274 0.320305
3 -0.730476 -0.89859 0.330163
3 -0.677331 -0.906384 0.337814
4 -0.62912 -1.04358 0.339838
6 -0.698737 -0.944751 0.333462
1 -0.666238 -0.92708 0.33972
5 -0.687221 -0.890898 0.334695
1 -0.761307 -0.823985 0.319883
1 -0.541466 -1.38162 0.340834
1 -0.611902 -1.40101 0.332389
6 -0.763409 -0.687526 0.323296
9 -0.766264 -0.710769 0.318778
3 -0.604505 -1.41187 0.327899
1 -0.734982 -0.94605 0.324549
1 -0.637548 -1.12186 0.332565
1 -0.690368 -0.826421 0.330066
7 -0.677491 -0.897943 0.330467
2 -0.721187 -0.709342 0.327261
3 -0.698681 -0.756775 0.328751
4 -0.708347 -0.856772 0.327217
1 -0.601781 -1.28153 0.328153
4 -0.632171 -1.08386 0.33158
1 -0.72114 -0.908475 0.32593
1 -0.785992 -0.788302 0.318266
3 -0.715797 -0.99942 0.322904
2 -0.646451 -1.27715 0.329344
10 -0.65175 -1.28094 0.328647
3 -0.718004 -1.02079 0.318796
3 -0.706318 -0.887973 0.325973
6 -0.642024 -1.10211 0.335526
6 -0.672816 -1.09564 0.32935
2 -0.780484 -0.64182 0.321949
3 -0.562898 -1.50396 0.329122
3 -0.612398 -1.11186 0.33342
2 -0.650224 -1.13287 0.327743
6 -0.584697 -1.35924 0.333827
1 -0.544246 -1.47963 0.337061
1 -0.64981 -1.1952 0.331532
5 -0.690135 -0.96557 0.324392
1 -0.797606 -0.577149 0.318618
5 -0.724963 -0.829748 0.322967
6 -0.673018 -0.951801 0.32574
7 -0.679949 -0.852874 0.330299
3 -0.689251 -1.0326 0.323578
2 -0.67228 -1.22685 0.329921
2 -0.752657 -0.88104 0.320342
1 -0.601784 -1.41339 0.328168
1 -0.509528 -1.50739 0.340037
4 -0.487977 -1.66651 0.344028
1 -0.591047 -1.45139 0.329654
1 -0.694951 -0.904757 0.329649
2 -0.722639 -0.858341 0.327033
2 -0.76379 -1.02402 0.306075
2 -0.847646 -0.621846 0.301134
1 -0.777159 -0.827164 0.308709
3 -0.744875 -1.04266 0.310044
1 -0.807755 -0.748611 0.312485
2 -0.764311 -0.878332 0.315555
1 -0.694366 -0.871031 0.327184
1 -0.483281 -1.65288 0.341011
3 -0.512196 -1.32142 0.353222
1 -0.575885 -1.14461 0.343445
6 -0.70174 -0.875267 0.33178
1 -0.652224 -1.0771 0.334827
2 -0.583178 -1.34773 0.330556
1 -0.644124 -1.17846 0.32101
6 -0.503476 -1.65518 0.335669
1 -0.662126 -1.1245 0.324196
1 -0.823383 -0.439785 0.325306
5 -0.613376 -1.2289 0.323868
8 -0.557504 -1.5131 0.336925
8 -0.689208 -1.03625 0.330697
7 -0.72658 -0.836199 0.332531
1 -0.732472 -0.824779 0.333578
1 -0.66003 -1.11766 0.331843
1 -0.664548 -1.11112 0.323445
7 -0.711595 -1.0146 0.321718
2 -0.69319 -0.989539 0.323651
10 -0.685917 -1.00482 0.328468
2 -0.667376 -1.03606 0.332499
3 -0.735118 -0.982125 0.320131
2 -0.694069 -1.12473 0.323937
1 -0.767868 -0.830799 0.322985
1 -0.742622 -0.954959 0.323267
4 -0.677709 -1.10623 0.324247
1 -0.671834 -1.0224 0.327635
1 -0.752296 -0.791515 0.321514
2 -0.648064 -1.30537 0.323371
2 -0.634464 -1.24267 0.328218
1 -0.517557 -1.58777 0.343556
7 -0.573565 -1.48632 0.336816
7 -0.695206 -0.943196 0.32569
3 -0.644445 -1.11787 0.331891
1 -0.718799 -0.886371 0.32585
4 -0.797253 -0.701208 0.319968
2 -0.718126 -1.04285 0.312981
1 -0.752696 -0.81211 0.31586
1 -0.741805 -0.84471 0.320759
3 -0.773249 -0.690554 0.316993
1 -0.748718 -0.840214 0.318882
2 -0.636116 -1.18215 0.327103
2 -0.848089 -0.556114 0.316402
1 -0.809741 -0.777402 0.316103
2 -0.685466 -1.18562 0.323814
1 -0.677488 -0.999762 0.328753
6 -0.703962 -0.884649 0.326071
1 -0.713903 -0.858127 0.322938
3 -0.688213 -0.987826 0.325134
4 -0.755458 -0.785476 0.31593
1 -0.753227 -0.899725 0.313275
3 -0.654418 -1.08003 0.329914
2 -0.694125 -0.917729 0.323656
1 -0.656829 -1.10154 0.32423
3 -0.666709 -1.12603 0.322543
2 -0.775069 -0.788371 0.320777
4 -0.810154 -0.674114 0.318818
2 -0.80835 -0.63995 0.314174
4 -0.802599 -0.801392 0.310634
3 -0.817175 -0.715421 0.313545
2 -0.645242 -1.1123 0.333119
3 -0.786704 -0.585296 0.322553
1 -0.774745 -0.770111 0.314188
3 -0.681361 -1.1269 0.325446
2 -0.669709 -1.17281 0.325883
3 -0.682874 -1.18576 0.323961
6 -0.706845 -0.970697 0.322925
5 -0.789788 -0.678178 0.318016
3 -0.824794 -0.6562 0.313099
1 -0.827946 -0.651003 0.313019
2 -0.767135 -0.873138 0.318467
2 -0.813761 -0.606427 0.316061
1 -0.761565 -0.633553 0.31979
1 -0.643361 -1.14285 0.320503
1 -0.651059 -1.3564 0.324699
2 -0.631543 -1.38841 0.326557
3 -0.665179 -1.17385 0.328709
1 -0.654679 -1.2306 0.329227
7 -0.883293 -0.503184 0.315072
8 -0.711449 -1.01673 0.322516
1 -0.656182 -1.2673 0.322938
1 -0.577042 -1.34739 0.334209
5 -0.610741 -1.25679 0.329792
3 -0.560225 -1.29729 0.34749
1 -0.652659 -1.04317 0.33058
2 -0.750599 -0.720568 0.324826
1 -0.506903 -1.51523 0.344192
7 -0.522844 -1.40108 0.345655
1 -0.497958 -1.6375 0.34369
3 -0.480697 -1.52164 0.347109
2 -0.625973 -1.10743 0.335067
1 -0.657237 -1.07682 0.3331
2 -0.630924 -1.09948 0.338951
1 -0.562682 -1.36771 0.338626
1 -0.519128 -1.66178 0.339661
2 -0.702542 -1.04393 0.320674
4 -0.659177 -1.0378 0.327335
5 -0.775678 -0.736743 0.322426
2 -0.870584 -0.576965 0.313998
6 -0.75137 -0.964937 0.31725
1 -0.755849 -0.743465 0.324418
2 -0.643423 -1.25465 0.324223
1 -0.791555 -0.613185 0.326778
3 -0.756256 -0.646533 0.326598
2 -0.687897 -1.01993 0.318214
1 -0.707065 -0.930636 0.326262
4 -0.719168 -0.81191 0.330314
2 -0.582018 -1.19705 0.336137
3 -0.665213 -1.10767 0.32662
8 -0.749412 -0.823467 0.315963
3 -0.769741 -0.835291 0.314686
4 -0.769431 -0.827589 0.313172
3 -0.716994 -0.919306 0.316789
1 -0.620131 -1.15557 0.334456
4 -0.669546 -0.991972 0.334262
5 -0.621618 -1.09444 0.338333
1 -0.632526 -1.16284 0.333421
4 -0.558973 -1.4362 0.335198
1 -0.545541 -1.37368 0.345191
3 -0.411532 -1.79262 0.352268
2 -0.73922 -0.716484 0.324124
3 -0.667436 -0.967723 0.331708
11 -0.705121 -0.904236 0.3249
8 -0.719176 -0.842339 0.326246
1 -0.6382 -1.11323 0.330974
1 -0.623054 -1.25455 0.326719
3 -0.644348 -1.06492 0.331915
1 -0.604616 -1.32298 0.325874
2 -0.666281 -1.25327 0.319352
1 -0.631269 -1.22548 0.328946
5 -0.505345 -1.51451 0.343967
1 -0.529052 -1.37572 0.338522
2 -0.664509 -1.28783 0.31991
2 -0.748566 -1.03425 0.313228
1 -0.606898 -1.40157 0.330461
7 -0.566467 -1.55818 0.328011
1 -0.66669 -1.12977 0.321201
10 -0.721354 -1.02787 0.317606
7 -0.554629 -1.43224 0.33216
3 -0.783945 -0.921348 0.310235
2 -0.681063 -1.27439 0.315679
5 -0.761828 -0.814071 0.31191
4 -0.713707 -1.04006 0.31821
7 -0.652289 -1.06935 0.337157
3 -0.771677 -0.632337 0.322948
1 -0.553704 -1.39649 0.343918
4 -0.545467 -1.39913 0.341265
2 -0.513497 -1.57175 0.334409
4 -0.59453 -1.22866 0.327643
1 -0.732504 -0.769266 0.328625
6 -0.725236 -0.794276 0.32777
2 -0.773374 -0.698783 0.322141
2 -0.748958 -0.895741 0.319414
1 -0.680834 -1.09747 0.324827
1 -0.744817 -0.858239 0.322158
2 -0.856017 -0.553264 0.306392
1 -0.549152 -1.34742 0.335634
1 -0.561352 -1.4288 0.32683
2 -0.655656 -1.04726 0.325842
4 -0.699294 -0.785633 0.333242
1 -0.656009 -0.874369 0.340215
4 -0.691806 -0.829126 0.326042
3 -0.742937 -0.648972 0.335536
5 -0.836026 -0.611619 0.311497
1 -0.542722 -1.4132 0.337741
1 -0.583831 -1.29679 0.334346
2 -0.600328 -1.33985 0.329156
1 -0.471281 -1.69932 0.344713
3 -0.562154 -1.40564 0.335541
6 -0.644814 -1.10315 0.328936
3 -0.733792 -0.853905 0.321399
1 -0.722802 -0.879455 0.323417
2 -0.649877 -1.03511 0.330981
5 -0.634117 -1.13408 0.332659
2 -0.715146 -0.860226 0.331876
1 -0.673246 -1.10876 0.333113
1 -0.54152 -1.45498 0.345817
3 -0.514727 -1.4903 0.345123
2 -0.610933 -1.26928 0.329484
4 -0.603263 -1.22999 0.333151
1 -0.69084 -0.954706 0.324722
10 -0.577718 -1.36745 0.335912
1 -0.588442 -1.37368 0.340895
1 -0.606257 -1.41879 0.336653
1 -0.620318 -1.37042 0.335024
2 -0.703652 -1.14518 0.323013
1 -0.701163 -1.19278 0.320686
5 -0.618645 -1.25189 0.334303
3 -0.676361 -1.01632 0.331933
1 -0.635622 -1.24173 0.330574
1 -0.704227 -0.751435 0.332225
7 -0.630591 -1.04784 0.333975
4 -0.680656 -1.03215 0.324781
6 -0.756469 -0.813356 0.316971
1 -0.687579 -0.923878 0.328553
1 -0.517292 -1.60594 0.340964
3 -0.564692 -1.49185 0.335966
1 -0.575329 -1.4262 0.336937
2 -0.612447 -1.4365 0.326215
8 -0.639391 -1.28912 0.325776
2 -0.712186 -1.03341 0.322683
10 -0.655285 -1.24164 0.325112
13 -0.699356 -1.00283 0.323609
6 -0.530194 -1.45385 0.341875
2 -0.728027 -0.846192 0.32429
1 -0.763611 -0.812815 0.317334
2 -0.75072 -0.812991 0.321764
4 -0.650282 -1.16889 0.330742
3 -0.566198 -1.59961 0.327973
2 -0.505185 -1.57581 0.335231
8 -0.70417 -0.795119 0.331726
1 -0.573989 -1.50441 0.321846
3 -0.492415 -1.87875 0.333335
1 -0.557992 -1.64088 0.328461
1 -0.564605 -1.45579 0.333567
5 -0.571244 -1.28692 0.333459
6 -0.770985 -0.861425 0.3214
4 -0.726693 -0.959914 0.323322
6 -0.810487 -0.604745 0.321733
3 -0.895337 -0.353113 0.307451
4 -0.712143 -1.0295 0.31614
3 -0.611801 -1.2129 0.325175
6 -0.614445 -1.19735 0.334222
3 -0.609644 -1.17929 0.333735
6 -0.551812 -1.5735 0.32279
2 -0.594789 -1.45267 0.321264
1 -0.730097 -1.03973 0.31457
1 -0.546586 -1.3918 0.336987
6 -0.526368 -1.48526 0.340172
2 -0.617711 -1.16517 0.331582
3 -0.580968 -1.27053 0.335458
1 -0.566384 -1.26065 0.338511
3 -0.565041 -1.23582 0.339559
8 -0.664867 -0.905252 0.337038
1 -0.712078 -0.723118 0.334132
8 -0.608259 -1.12469 0.341208
5 -0.547878 -1.35394 0.345318
3 -0.713906 -0.990119 0.3276
5 -0.747536 -0.900945 0.324109
2 -0.727701 -0.856338 0.322667
1 -0.69526 -0.926456 0.32562
3 -0.694146 -0.893962 0.327918
1 -0.664308 -1.05285 0.334525
4 -0.688419 -1.06588 0.328
1 -0.748153 -0.847093 0.324116
2 -0.719826 -0.944422 0.325511
3 -0.677867 -1.04728 0.324371
5 -0.646451 -1.19361 0.323979
1 -0.704428 -0.993358 0.321046
2 -0.795616 -0.808426 0.313697
1 -0.858589 -0.566302 0.308215
5 -0.694875 -0.893092 0.32611
1 -0.616703 -1.14534 0.334486
1 -0.573502 -1.44044 0.330967
3 -0.524463 -1.57848 0.336431
3 -0.613595 -1.14666 0.329511
3 -0.641483 -1.00295 0.329767
5 -0.520148 -1.36452 0.340686
1 -0.676974 -0.909408 0.328822
3 -0.640322 -1.02056 0.335614
5 -0.646336 -1.01801 0.334295
1 -0.625526 -0.918599 0.337327
1 -0.497945 -1.46059 0.339516
2 -0.573317 -1.35326 0.330739
1 -0.596891 -1.20967 0.33313
1 -0.620399 -1.12913 0.334595
10 -0.688485 -0.826765 0.336126
2 -0.665051 -0.858959 0.338213
5 -0.61412 -0.980819 0.338276
1 -0.780099 -0.683631 0.315799
4 -0.782873 -0.597456 0.318469
8 -0.821332 -0.519098 0.31426
2 -0.804672 -0.790023 0.316905
1 -0.80641 -0.76342 0.31019
3 -0.755205 -0.764005 0.320088
3 -0.656109 -1.07953 0.329157
2 -0.75303 -0.686096 0.327692
11 -0.588884 -1.12053 0.336931
9 -0.681803 -1.30241 0.315797
2 -0.656908 -1.37319 0.318368
1 -0.797085 -0.557106 0.319347
3 -0.772116 -0.699874 0.321546
1 -0.74073 -0.743558 0.325481
1 -0.642183 -1.21591 0.325741
6 -0.731838 -0.932669 0.321763
2 -0.757878 -0.808498 0.320453
9 -0.735209 -0.862614 0.318004
5 -0.734338 -0.981838 0.312836
1 -0.805058 -0.810726 0.308502
5 -0.677863 -1.11461 0.322584
3 -0.628246 -1.17159 0.330324
1 -0.723597 -0.916285 0.321982
2 -0.810393 -0.723266 0.307062
1 -0.720656 -0.890752 0.317602
5 -0.664484 -1.04123 0.330815
6 -0.690264 -1.02397 0.322587
2 -0.688892 -0.9661 0.329417
2 -0.694287 -0.956136 0.33042
3 -0.689672 -0.968379 0.333853
2 -0.819862 -0.701776 0.313253
1 -0.651766 -1.24746 0.321062
6 -0.687202 -1.01628 0.325424
1 -0.709311 -1.00444 0.321421
3 -0.752055 -0.917252 0.31569
5 -0.706835 -1.13817 0.324447
2 -0.704254 -1.0718 0.323148
4 -0.67519 -1.10828 0.329933
1 -0.982447 -0.11212 0.315744
1 -0.846502 -0.619142 0.314804
1 -0.694093 -1.15424 0.322352
3 -0.711094 -1.09861 0.320937
1 -0.693196 -1.13037 0.318599
1 -0.776268 -0.908218 0.316654
2 -0.827725 -0.729424 0.312883
4 -0.890435 -0.462101 0.309276
4 -0.777353 -0.618667 0.320997
3 -0.774482 -0.562835 0.326347
7 -0.677811 -0.927544 0.332576
4 -0.655994 -1.1381 0.330906
1 -0.661011 -1.11691 0.331341
9 -0.832157 -0.571803 0.318595
5 -0.624124 -1.18616 0.335744
5 -0.685146 -1.08791 0.329943
4 -0.588691 -1.4119 0.33599
2 -0.551081 -1.40991 0.339196
2 -0.648263 -1.19791 0.326187
1 -0.756829 -0.825364 0.320759
6 -0.60924 -1.12935 0.333568
4 -0.660995 -1.03613 0.329796
3 -0.766588 -0.721447 0.322108
2 -0.807158 -0.639523 0.307867
3 -0.763071 -0.627217 0.32721
5 -0.701445 -1.00836 0.324482
5 -0.614563 -1.28848 0.334293
1 -0.684736 -0.996096 0.333571
4 -0.70381 -0.852444 0.335546
4 -0.737286 -0.699811 0.334768
1 -0.724506 -0.883434 0.325661
5 -0.801557 -0.555126 0.320052
3 -0.699769 -0.916654 0.333679
7 -0.700995 -0.917034 0.330835
5 -0.749642 -0.760379 0.317672
3 -0.610858 -1.25092 0.327333
1 -0.641344 -1.1353 0.326874
1 -0.563987 -1.41933 0.337655
2 -0.614992 -1.09268 0.336945
1 -0.47071 -1.63997 0.34131
1 -0.482315 -1.63562 0.336722
3 -0.727275 -0.836534 0.315498
6 -0.819018 -0.610419 0.314763
1 -0.643197 -1.24897 0.326992
3 -0.604009 -1.36483 0.328946
1 -0.768348 -0.874373 0.313257
1 -0.733215 -0.989102 0.318657
3 -0.604374 -1.32347 0.333048
2 -0.670913 -1.08617 0.323606
1 -0.586919 -1.50057 0.327614
2 -0.560686 -1.50522 0.326634
4 -0.79326 -0.61818 0.317345
2 -0.687868 -0.820697 0.327909
2 -0.698069 -0.838814 0.325021
6 -0.804249 -0.450438 0.326343
1 -0.655051 -0.896489 0.339518
2 -0.627316 -1.04515 0.342831
2 -0.521864 -1.58241 0.341887
2 -0.640143 -1.09567 0.335416
2 -0.653928 -1.07453 0.332753
3 -0.676506 -1.13058 0.330527
2 -0.592302 -1.32806 0.337248
6 -0.722355 -0.795654 0.326624
6 -0.71232 -0.850964 0.327422
1 -0.607533 -1.19387 0.334282
1 -0.578473 -1.39923 0.331295
1 -0.56393 -1.63948 0.331849
8 -0.638063 -1.22271 0.333899
1 -0.659726 -0.984292 0.330876
9 -0.625003 -1.11952 0.334887
3 -0.546788 -1.51041 0.33594
1 -0.68055 -1.01006 0.32983
2 -0.875262 -0.403568 0.316554
2 -0.816574 -0.652711 0.317291
1 -0.755777 -0.751203 0.318492
2 -0.777373 -0.724735 0.31833
2 -0.555006 -1.43876 0.334669
3 -0.595594 -1.35764 0.330098
4 -0.623365 -1.25238 0.331432
1 -0.640096 -1.0959 0.332828
1 -0.561361 -1.27613 0.34347
1 -0.540344 -1.49592 0.337573
2 -0.659103 -1.09107 0.32342
10 -0.762448 -0.668045 0.319916
3 -0.866855 -0.37786 0.314029
2 -0.753413 -0.816645 0.3169
4 -0.725792 -0.841159 0.323426
15 -0.707912 -0.989965 0.325261
3 -0.60927 -1.25163 0.331319
3 -0.81101 -0.693146 0.315141
3 -0.731427 -0.939532 0.323052
1 -0.724516 -1.00587 0.321583
1 -0.727188 -1.04352 0.320293
6 -0.658898 -0.930549 0.339548
4 -0.730218 -0.760377 0.330239
4 -0.785989 -0.630151 0.326541
3 -0.812132 -0.498142 0.329085
1 -0.740847 -0.746135 0.33148
1 -0.726444 -0.750805 0.328128
2 -0.668402 -0.996758 0.331206
3 -0.797517 -0.665734 0.318783
2 -0.703882 -0.91393 0.32763
2 -0.761182 -0.727269 0.329682
1 -0.774887 -0.824597 0.321714
3 -0.68458 -0.991761 0.323399
1 -0.788207 -0.740074 0.30985
1 -0.81513 -0.678632 0.30772
2 -0.813327 -0.614838 0.314526
1 -0.860238 -0.466771 0.314224
1 -0.6468 -1.13188 0.324545
4 -0.708173 -0.866662 0.328734
1 -0.540651 -1.44067 0.339973
5 -0.526262 -1.5483 0.338748
2 -0.560222 -1.42396 0.336516
2 -0.591994 -1.1101 0.33678
1 -0.692348 -0.882434 0.333299
2 -0.727755 -0.917265 0.328119
2 -0.729848 -0.779393 0.324872
2 -0.654282 -0.960017 0.331227
2 -0.5399 -1.33876 0.343567
2 -0.561701 -1.32193 0.339999
7 -0.49192 -1.6294 0.338097
1 -0.570579 -1.17263 0.342015
4 -0.594789 -1.33711 0.327424
2 -0.753015 -0.843192 0.316762
1 -0.762535 -0.781876 0.318437
1 -0.685118 -0.8064 0.337224
2 -0.77939 -0.720389 0.319285
5 -0.737046 -0.779668 0.323334
1 -0.656595 -1.02201 0.32772
2 -0.729771 -0.771315 0.323889
3 -0.718175 -0.812863 0.328956
2 -0.700382 -0.93074 0.323689
2 -0.7458 -0.805314 0.318145
2 -0.690861 -1.11503 0.318647
5 -0.716079 -1.05003 0.317666
7 -0.679546 -1.07236 0.325645
2 -0.616831 -1.19247 0.33737
4 -0.66566 -1.09426 0.331124
3 -0.655448 -1.24825 0.330697
1 -0.631878 -1.26872 0.32453
1 -0.584434 -1.21301 0.329807
8 -0.699291 -0.942784 0.32407
6 -0.566546 -1.32037 0.337048
1 -0.548327 -1.5003 0.336159
2 -0.634905 -1.17788 0.327982
3 -0.806419 -0.619226 0.314466
1 -0.894015 -0.364998 0.313084
2 -0.826334 -0.626232 0.318364
1 -0.741459 -0.877308 0.318093
1 -0.655101 -1.05861 0.32197
2 -0.565798 -1.37086 0.325217
1 -0.622326 -1.18747 0.322449
2 -0.674118 -1.11845 0.315307
1 -0.444013 -1.89685 0.345933
2 -0.489311 -1.75274 0.341748
2 -0.590443 -1.5315 0.330338
4 -0.514257 -1.69338 0.341509
1 -0.629942 -1.18157 0.327834
1 -0.721963 -1.02552 0.313194
3 -0.746177 -0.950098 0.313237
1 -0.8224 -0.731751 0.30154
3 -0.791445 -0.879064 0.310631
1 -0.823938 -0.777073 0.31084
3 -0.884774 -0.476584 0.314442
2 -0.864921 -0.619039 0.312073
3 -0.914398 -0.452776 0.303625
1 -0.913146 -0.534069 0.303428
8 -0.838818 -0.769937 0.308986
1 -0.789195 -0.963726 0.316719
3 -0.570187 -1.38703 0.345925
3 -0.57602 -1.24325 0.338075
6 -0.490381 -1.65232 0.344176
2 -0.595624 -1.19052 0.333947
3 -0.581575 -1.30967 0.334317
2 -0.69493 -0.975371 0.323334
6 -0.573293 -1.22598 0.341392
3 -0.466229 -1.76371 0.346625
1 -0.463253 -1.85267 0.344299
2 -0.667635 -1.21913 0.323591
5 -0.497148 -1.81299 0.334319
10 -0.437267 -1.81579 0.34358
3 -0.431642 -2.02692 0.342613
3 -0.640332 -1.45463 0.315348
3 -0.883321 -0.650321 0.305413
1 -0.866931 -0.484964 0.311211
1 -0.856137 -0.401924 0.322551
6 -0.783848 -0.663616 0.318226
4 -0.66252 -1.19877 0.327263
4 -0.671944 -1.06768 0.32969
2 -0.68002 -1.05666 0.326064
6 -0.695645 -1.09108 0.319916
6 -0.612117 -1.33266 0.329278
3 -0.72055 -0.817382 0.330659
1 -0.686549 -1.17083 0.326121
2 -0.591479 -1.20416 0.336848
1 -0.714733 -0.867005 0.325218
2 -0.764072 -0.654195 0.320772
3 -0.782308 -0.656955 0.319141
3 -0.788062 -0.656966 0.318467
4 -0.668029 -1.06643 0.328118
7 -0.662296 -0.989027 0.330702
3 -0.657398 -1.11296 0.333592
3 -0.677075 -0.971309 0.334161
3 -0.58194 -1.32428 0.332372
2 -0.721279 -0.806646 0.323709
6 -0.638922 -1.22569 0.332684
5 -0.631992 -1.30558 0.325734
1 -0.735064 -1.01197 0.319147
1 -0.753934 -0.879374 0.322097
4 -0.729169 -0.948671 0.320664
8 -0.697118 -1.06158 0.322676
4 -0.701373 -1.07213 0.322407
2 -0.682308 -1.09337 0.326164
1 -0.74571 -0.833197 0.328592
8 -0.632311 -1.10719 0.333036
13 -0.655287 -1.10421 0.325501
1 -0.697128 -0.968089 0.320613
3 -0.755164 -0.788024 0.318283
1 -0.72483 -0.776735 0.325786
15 -0.684072 -0.965848 0.328243
1 -0.689606 -1.02997 0.321828
3 -0.663172 -1.12542 0.326931
2 -0.708695 -0.752385 0.329719
2 -0.622431 -1.12702 0.334409
1 -0.693187 -1.15426 0.318734
4 -0.706544 -1.09757 0.317222
2 -0.57346 -1.45856 0.334598
2 -0.665088 -1.11504 0.334421
1 -0.673354 -1.09335 0.333686
2 -0.683504 -1.04751 0.331916
1 -0.678149 -1.06081 0.330878
1 -0.693863 -0.989435 0.329581
5 -0.653205 -1.07697 0.333647
3 -0.773772 -0.78082 0.324457
2 -0.675399 -1.05412 0.328019
1 -0.581143 -1.39637 0.331318
2 -0.619374 -1.28841 0.333206
2 -0.619887 -1.21242 0.334861
4 -0.70026 -0.895221 0.332753
1 -0.640981 -1.13023 0.328696
1 -0.63689 -1.23672 0.328674
3 -0.631002 -1.19342 0.330006
1 -0.683392 -1.04521 0.327257
3 -0.680442 -0.951919 0.328994
4 -0.613037 -1.54967 0.323747
1 -0.641389 -1.45853 0.320414
1 -0.704718 -1.04975 0.321791
1 -0.674878 -1.21587 0.319373
2 -0.684398 -1.15079 0.316559
5 -0.567583 -1.46254 0.329763
1 -0.697694 -1.13555 0.317819
1 -0.745791 -0.800409 0.32473
2 -0.655026 -0.940829 0.337682
4 -0.754208 -0.797907 0.322492
1 -0.613794 -1.3364 0.325574
2 -0.705719 -0.935431 0.323728
5 -0.710486 -1.05496 0.321896
8 -0.660856 -1.1894 0.326445
4 -0.653786 -1.00476 0.331197
3 -0.545306 -1.58425 0.329586
4 -0.519155 -1.5986 0.337361
1 -0.457733 -1.76576 0.343254
1 -0.729915 -1.06919 0.320451
1 -0.808336 -0.784176 0.314671
1 -0.761477 -0.898148 0.321127
1 -0.676587 -1.1659 0.326824
1 -0.717168 -0.743009 0.327737
1 -0.701927 -0.739629 0.331162
1 -0.692971 -1.0482 0.317326
2 -0.671571 -1.18598 0.317549
8 -0.64577 -1.19015 0.324125
2 -0.620392 -1.31254 0.326114
4 -0.605475 -1.11332 0.337349
1 -0.617126 -1.06661 0.338012
2 -0.527887 -1.65709 0.334808
2 -0.561286 -1.27914 0.336229
1 -0.565884 -1.23969 0.333676
1 -0.662575 -1.08776 0.316245
5 -0.708445 -0.877749 0.320682
2 -0.678612 -1.07444 0.322815
1 -0.731476 -1.14071 0.311133
2 -0.78174 -0.973219 0.310946
1 -0.72674 -0.927275 0.32222
2 -0.677447 -1.02155 0.330838
5 -0.626069 -1.24093 0.325205
3 -0.461764 -1.78193 0.345164
3 -0.524185 -1.74736 0.332638
2 -0.591404 -1.3285 0.33816
6 -0.74038 -0.820708 0.320482
1 -0.6873 -1.01699 0.322701
2 -0.697853 -0.96284 0.322991
4 -0.632018 -1.23932 0.327897
13 -0.720314 -0.826651 0.324121
9 -0.649555 -1.10209 0.327648
1 -0.682333 -1.0692 0.324601
2 -0.695269 -1.01167 0.324908
1 -0.610535 -1.22676 0.330907
3 -0.659258 -0.947873 0.336063
2 -0.641922 -1.08745 0.334518
7 -0.658548 -1.0183 0.327437
3 -0.695936 -0.918528 0.325816
1 -0.650563 -0.948687 0.332225
1 -0.729825 -1.04846 0.312667
2 -0.722413 -1.0652 0.313374
2 -0.677482 -0.96034 0.331287
1 -0.869085 -0.391558 0.311264
1 -0.68826 -0.965231 0.323523
4 -0.793314 -0.707386 0.315498
1 -0.732025 -0.859525 0.320289
2 -0.781859 -0.73771 0.320286
2 -0.838531 -0.534053 0.316513
5 -0.898482 -0.370273 0.312079
2 -0.815771 -0.635474 0.314129
2 -0.803985 -0.630262 0.318611
5 -0.652743 -1.10621 0.326383
1 -0.621931 -1.33392 0.3283
1 -0.561818 -1.46321 0.331883
2 -0.552049 -1.64244 0.330443
4 -0.57169 -1.56479 0.326235
2 -0.579018 -1.60654 0.319636
1 -0.561331 -1.75525 0.319759
4 -0.632074 -1.34765 0.320957
3 -0.627128 -1.21104 0.322812
10 -0.619106 -1.03868 0.335047
2 -0.717663 -0.870526 0.324382
1 -0.651726 -0.995068 0.333235
3 -0.611207 -1.25232 0.337956
1 -0.531272 -1.4018 0.341685
2 -0.691579 -0.847093 0.336357
5 -0.709377 -0.796326 0.33774
1 -0.766745 -0.647976 0.324214
9 -0.770445 -0.638637 0.325187
2 -0.693328 -0.845361 0.330815
1 -0.735869 -0.731744 0.330023
2 -0.674521 -0.944417 0.335843
10 -0.641446 -1.15142 0.334385
1 -0.741062 -0.734768 0.323981
7 -0.731601 -0.757513 0.324504
1 -0.783205 -0.71646 0.326399
3 -0.634469 -1.25102 0.327326
1 -0.77148 -0.678122 0.324919
1 -0.640365 -1.10089 0.328962
2 -0.548728 -1.41461 0.331896
1 -0.495308 -1.61339 0.334771
1 -0.61086 -1.31346 0.321182
2 -0.628705 -1.31473 0.323612
1 -0.729043 -0.830588 0.323296
1 -0.749404 -0.8321 0.312771
1 -0.724138 -0.930969 0.315837
2 -0.797164 -0.821601 0.312427
3 -0.801572 -0.74874 0.312754
2 -0.705961 -1.09175 0.318168
4 -0.783045 -0.822456 0.308167
4 -0.864668 -0.477776 0.306671
6 -0.579979 -1.25182 0.331907
1 -0.595243 -1.21801 0.330075
1 -0.633672 -1.18176 0.325599
1 -0.563181 -1.6132 0.331311
2 -0.761607 -0.898336 0.322674
1 -0.438115 -1.8403 0.343177
2 -0.470974 -1.82403 0.336863
4 -0.673508 -1.11573 0.323983
4 -0.589468 -1.50642 0.32995
10 -0.521601 -1.69356 0.339316
1 -0.560542 -1.59871 0.335436
1 -0.629814 -1.31916 0.335262
1 -0.541581 -1.44017 0.3364
2 -0.650323 -1.03276 0.328819
2 -0.676407 -0.902276 0.327651
2 -0.704192 -0.830743 0.32659
2 -0.628909 -1.12512 0.335383
4 -0.602985 -1.23948 0.339633
2 -0.572244 -1.37689 0.339436
5 -0.718923 -0.841554 0.330476
4 -0.71641 -0.864131 0.323879
6 -0.700385 -1.04931 0.323634
8 -0.776923 -0.676669 0.320783
7 -0.723878 -0.769032 0.321464
3 -0.723199 -0.936942 0.321431
2 -0.627975 -1.11777 0.334762
1 -0.661445 -1.08199 0.332526
2 -0.535483 -1.38647 0.342076
2 -0.39544 -1.91648 0.355016
3 -0.484503 -1.54585 0.352818
3 -0.628882 -1.10809 0.332058
4 -0.603709 -1.11224 0.335629
1 -0.683736 -0.806896 0.333617
4 -0.718914 -0.732533 0.334066
1 -0.701701 -0.797696 0.338177
2 -0.695633 -0.859516 0.333121
2 -0.737764 -0.868201 0.325633
5 -0.612402 -1.09809 0.336367
5 -0.684178 -1.17335 0.320674
2 -0.685676 -1.12392 0.322375
1 -0.684998 -1.11529 0.323413
3 -0.653301 -1.18541 0.334071
2 -0.584696 -1.44646 0.336951
6 -0.663089 -1.12932 0.328089
3 -0.763792 -0.71012 0.32289
1 -0.778345 -0.768283 0.321801
1 -0.611737 -1.32459 0.331746
1 -0.625804 -1.30991 0.329121
2 -0.776904 -0.790965 0.320147
2 -0.778664 -0.78924 0.319939
5 -0.778044 -0.758367 0.320189
3 -0.646783 -1.13527 0.329618
2 -0.590267 -1.36988 0.331475
3 -0.594657 -1.28324 0.332674
1 -0.778556 -0.829266 0.316438
3 -0.744054 -0.893737 0.323021
2 -0.578243 -1.54712 0.334182
5 -0.711426 -0.819276 0.332533
1 -0.677118 -0.986361 0.332624
6 -0.71878 -0.816236 0.330101
3 -0.73377 -0.745515 0.331531
1 -0.660468 -0.952157 0.334466
2 -0.652035 -1.25753 0.327323
7 -0.592713 -1.47468 0.332185
1 -0.6301 -1.25184 0.331571
8 -0.698987 -0.885953 0.326008
3 -0.598376 -1.30134 0.338036
1 -0.497512 -1.62407 0.344695
1 -0.55782 -1.55057 0.333482
1 -0.482052 -1.97175 0.331229
1 -0.591244 -1.57932 0.321634
1 -0.491405 -1.81801 0.33551
1 -0.699042 -1.01896 0.3264
3 -0.680424 -1.04109 0.327585
3 -0.577069 -1.24038 0.338818
4 -0.64994 -0.984282 0.335028
3 -0.765388 -0.642698 0.325933
4 -0.730905 -0.837235 0.328342
4 -0.787519 -0.79196 0.314178
1 -0.721477 -0.936385 0.318705
1 -0.743741 -0.771471 0.320614
11 -0.640265 -1.16821 0.33417
2 -0.457462 -1.83435 0.344714
4 -0.458345 -1.94765 0.339128
1 -0.43158 -2.04123 0.34182
2 -0.390256 -2.19492 0.339412
2 -0.504391 -1.7161 0.342756
2 -0.617403 -1.26552 0.337179
9 -0.594357 -1.1872 0.340467
1 -0.683534 -1.1249 0.327648
2 -0.564133 -1.40383 0.339942
2 -0.71235 -0.994397 0.32925
1 -0.66227 -1.15609 0.330469
1 -0.536673 -1.43168 0.341233
1 -0.718962 -0.974872 0.323548
6 -0.56265 -1.50586 0.329411
2 -0.659196 -1.03728 0.327645
1 -0.634301 -1.07909 0.333765
6 -0.658936 -1.02886 0.330864
4 -0.608954 -1.18024 0.334033
2 -0.606246 -1.22882 0.338159
6 -0.450928 -1.67834 0.343994
2 -0.536175 -1.41748 0.341092
3 -0.525721 -1.43462 0.343668
4 -0.632227 -1.17361 0.331568
3 -0.406946 -2.04619 0.347313
3 -0.525993 -1.69084 0.336739
1 -0.502981 -1.72898 0.339276
5 -0.532824 -1.60301 0.334937
7 -0.50726 -1.64384 0.341566
2 -0.607074 -1.36144 0.329381
1 -0.679099 -1.06727 0.324711
1 -0.590723 -1.41314 0.333565
5 -0.469219 -1.75943 0.343231
7 -0.448346 -1.77923 0.352379
7 -0.621476 -1.24476 0.333317
4 -0.689612 -1.03029 0.326056
3 -0.717644 -1.01657 0.326839
1 -0.784436 -0.624928 0.322833
6 -0.71683 -1.02329 0.316411
2 -0.727729 -0.867622 0.317049
1 -0.49785 -1.78051 0.33454
2 -0.666522 -1.17363 0.324184
2 -0.574293 -1.354 0.336667
1 -0.627937 -1.18417 0.333664
1 -0.655042 -1.12714 0.328156
1 -0.620553 -1.24542 0.334603
1 -0.62094 -1.20304 0.335813
2 -0.648097 -1.12373 0.329713
1 -0.653519 -1.08027 0.332899
1 -0.639123 -1.11059 0.336424
3 -0.6812 -0.971196 0.332912
8 -0.728858 -0.720521 0.327798
2 -0.740951 -0.731902 0.322084
4 -0.634279 -1.23385 0.332027
1 -0.675377 -1.0581 0.326104
15 -0.754144 -0.831906 0.317427
1 -0.570687 -1.40786 0.33434
2 -0.597232 -1.22427 0.339882
2 -0.620567 -1.16207 0.333537
2 -0.609956 -1.22361 0.331956
3 -0.639133 -1.09327 0.332993
5 -0.708003 -0.876467 0.329202
3 -0.738439 -0.783252 0.327331
1 -0.622705 -1.33298 0.331776
1 -0.62162 -1.2767 0.333495
2 -0.644415 -1.0677 0.332138
4 -0.669511 -0.966857 0.33263
1 -0.664705 -1.10335 0.329078
2 -0.692531 -0.995646 0.320716
1 -0.807239 -0.689727 0.312464
3 -0.952774 -0.208213 0.29723
2 -0.798636 -0.618942 0.307897
1 -0.818123 -0.470512 0.318549
2 -0.812321 -0.70545 0.305212
2 -0.589581 -1.32339 0.329218
2 -0.657094 -1.05002 0.328074
1 -0.684505 -1.13979 0.321648
2 -0.680697 -1.0682 0.327185
3 -0.701749 -0.967161 0.32806
1 -0.525289 -1.63329 0.331759
1 -0.668437 -1.30852 0.318211
2 -0.69655 -0.987966 0.325074
4 -0.589902 -1.24123 0.337935
1 -0.668897 -1.08883 0.329475
5 -0.667538 -1.14758 0.327151
4 -0.697003 -0.894853 0.334847
4 -0.657648 -1.05286 0.335712
2 -0.666324 -1.06767 0.333303
3 -0.647762 -1.10491 0.333201
3 -0.635621 -1.32241 0.323812
2 -0.682175 -1.19325 0.320293
2 -0.72413 -1.04107 0.317626
1 -0.661615 -1.15812 0.317185
7 -0.704929 -1.01523 0.315325
2 -0.676209 -1.04773 0.316324
1 -0.607401 -1.2157 0.333927
1 -0.626081 -1.21777 0.328401
1 -0.757998 -0.755439 0.31812
2 -0.723183 -1.07863 0.317847
1 -0.6807 -1.13452 0.323744
1 -0.605715 -1.35034 0.329531
9 -0.605995 -1.13663 0.335401
7 -0.727687 -0.836515 0.328718
9 -0.637793 -1.1606 0.334492
4 -0.729623 -0.733809 0.333484
1 -0.767331 -0.84493 0.319959
5 -0.692873 -1.12171 0.325023
1 -0.845902 -0.699067 0.309833
2 -0.817674 -0.806473 0.313207
3 -0.770925 -0.844636 0.318208
1 -0.659814 -1.23248 0.327031
5 -0.652257 -1.31472 0.321467
1 -0.647363 -1.39909 0.325146
1 -0.679443 -1.31669 0.325196
2 -0.709209 -1.03814 0.32384
1 -0.6299 -1.29888 0.324691
4 -0.726262 -1.14309 0.317731
1 -0.775845 -0.925646 0.317755
8 -0.74802 -0.766576 0.326671
4 -0.70989 -0.815303 0.331447
4 -0.781801 -0.722763 0.320928
1 -0.858462 -0.413875 0.313913
1 -0.506112 -1.57927 0.340666
1 -0.621127 -1.22945 0.330199
1 -0.628986 -1.22095 0.327432
1 -0.525172 -1.40714 0.339049
2 -0.747553 -0.700413 0.328796
1 -0.670605 -0.889869 0.337118
5 -0.705802 -0.763672 0.337434
3 -0.712735 -0.758584 0.335095
6 -0.71111 -0.85191 0.331102
2 -0.690696 -1.05112 0.326948
1 -0.497824 -1.62115 0.344801
1 -0.583578 -1.22421 0.341904
3 -0.636149 -1.07511 0.341879
1 -0.624558 -1.31638 0.327733
1 -0.615323 -1.34981 0.328573
5 -0.529752 -1.51164 0.336911
1 -0.590292 -1.18805 0.335467
5 -0.690746 -0.96354 0.324862
1 -0.873378 -0.497484 0.303266
2 -0.782457 -0.708278 0.313536
2 -0.793555 -0.677305 0.314554
2 -0.777678 -0.755599 0.31895
4 -0.76477 -0.785081 0.322558
1 -0.750356 -0.783264 0.325435
4 -0.844093 -0.48069 0.319465
3 -0.541133 -1.52279 0.335333
1 -0.527878 -1.60085 0.331616
3 -0.460243 -1.80135 0.33902
1 -0.444141 -1.80538 0.341647
1 -0.533297 -1.5134 0.328337
1 -0.627341 -1.13873 0.328806
1 -0.560518 -1.36097 0.334871
1 -0.685249 -0.958961 0.324123
1 -0.684643 -0.975949 0.325029
5 -0.704245 -0.970271 0.321336
1 -0.615504 -1.08254 0.334643
3 -0.581342 -1.27721 0.335483
3 -0.67271 -1.15066 0.320337
5 -0.566821 -1.49879 0.325753
1 -0.59866 -1.46958 0.321142
5 -0.663988 -1.18822 0.328858
2 -0.555506 -1.40113 0.336116
2 -0.622726 -1.1077 0.3382
7 -0.582921 -1.26599 0.34154
3 -0.667471 -1.12285 0.332075
6 -0.787111 -0.886089 0.313486
1 -0.78513 -0.787404 0.323626
4 -0.616849 -1.26069 0.338267
1 -0.605488 -1.26598 0.335727
3 -0.671889 -0.990807 0.333486
1 -0.757488 -0.733766 0.325767
2 -0.604445 -1.32975 0.33343
1 -0.624874 -1.04772 0.335084
1 -0.563069 -1.63055 0.329288
2 -0.675016 -1.27104 0.320113
5 -0.669027 -0.892728 0.330453
3 -0.73268 -0.743602 0.325967
4 -0.739999 -0.724315 0.323738
1 -0.788404 -0.493081 0.320726
1 -0.693837 -0.84417 0.326878
1 -0.711549 -0.962345 0.319737
8 -0.755755 -0.800584 0.313861
3 -0.810545 -0.696593 0.314619
1 -0.714301 -0.927179 0.324257
1 -0.693995 -1.12778 0.31776
7 -0.74579 -0.817863 0.321206
2 -0.47246 -1.73106 0.34322
8 -0.542547 -1.38619 0.342877
1 -0.755627 -0.637524 0.330462
9 -0.789212 -0.653981 0.321584
6 -0.662986 -1.04185 0.335982
2 -0.637406 -1.20191 0.335542
1 -0.61203 -1.10939 0.339198
5 -0.512513 -1.54683 0.341544
6 -0.444415 -1.66062 0.352981
1 -0.438849 -1.85643 0.344217
4 -0.504634 -1.71899 0.333545
6 -0.528807 -1.64025 0.33583
2 -0.721454 -0.992477 0.316017
3 -0.793153 -0.598039 0.326245
1 -0.83843 -0.462104 0.319032
2 -0.691453 -0.885804 0.332734
1 -0.643042 -0.993944 0.334689
1 -0.69534 -0.900682 0.328866
1 -0.755194 -0.82796 0.316442
2 -0.694638 -1.05258 0.31962
10 -0.605869 -1.18621 0.338263
2 -0.752491 -0.740433 0.325639
1 -0.791579 -0.615658 0.320947
1 -0.619763 -1.12363 0.332831
1 -0.622829 -1.03156 0.334279
1 -0.713317 -0.986834 0.321087
2 -0.706844 -0.998623 0.321736
1 -0.617779 -1.26851 0.332173
1 -0.586445 -1.34551 0.336901
2 -0.630346 -1.1411 0.328854
7 -0.619462 -1.28589 0.326319
1 -0.714446 -0.819223 0.325595
1 -0.779705 -0.68287 0.319061
2 -0.652173 -1.03816 0.330315
6 -0.648306 -1.02904 0.333405
2 -0.687365 -0.908273 0.329435
1 -0.672251 -0.851888 0.327208
5 -0.628156 -1.01353 0.330331
3 -0.661735 -1.0338 0.330666
5 -0.751747 -0.78375 0.32002
2 -0.652149 -1.19083 0.323083
1 -0.607983 -1.20498 0.341806
3 -0.594512 -1.13179 0.342089
2 -0.598023 -1.13877 0.341749
8 -0.506974 -1.5114 0.341781
2 -0.649667 -1.03044 0.329907
1 -0.587462 -1.25948 0.334978
1 -0.517108 -1.66771 0.334442
4 -0.601482 -1.48173 0.322957
4 -0.59551 -1.61192 0.322807
9 -0.718976 -0.917743 0.320489
1 -0.652382 -1.12082 0.327591
2 -0.69079 -1.09128 0.321432
2 -0.706855 -1.10094 0.324445
4 -0.723623 -1.14096 0.321139
1 -0.66335 -1.18662 0.329329
1 -0.684705 -1.08419 0.32404
2 -0.712929 -0.947195 0.326427
3 -0.691605 -0.849329 0.33789
1 -0.65404 -1.01337 0.335661
5 -0.595302 -1.23387 0.327214
1 -0.488627 -1.5688 0.338109
6 -0.57308 -1.01321 0.348512
12 -0.747808 -0.646285 0.324898
4 -0.734744 -0.658171 0.320512
3 -0.711885 -0.963217 0.322457
3 -0.722181 -1.04516 0.318085
1 -0.754472 -0.969319 0.318153
1 -0.81357 -0.912107 0.308009
2 -0.851847 -0.767418 0.30231
3 -0.703224 -1.14764 0.317912
10 -0.663666 -1.2459 0.322602
6 -0.693241 -1.07403 0.324876
2 -0.521291 -1.67456 0.328848
1 -0.603447 -1.36336 0.320594
3 -0.588632 -1.51384 0.325629
1 -0.498973 -1.65984 0.337748
1 -0.63197 -1.11982 0.335
5 -0.705345 -0.857977 0.32807
2 -0.6401 -1.09695 0.330814
1 -0.67783 -0.894058 0.326211
3 -0.557836 -1.4296 0.326175
3 -0.600828 -1.31457 0.320871
3 -0.611862 -1.09182 0.334329
5 -0.698351 -0.971326 0.32216
1 -0.77447 -0.77126 0.315605
3 -0.870866 -0.448544 0.310239
6 -0.837738 -0.738907 0.308611
1 -0.786449 -0.801349 0.312624
7 -0.726102 -0.94824 0.319462
1 -0.67998 -1.0847 0.322822
1 -0.727418 -0.89322 0.3199
1 -0.601689 -1.27514 0.338048
6 -0.507078 -1.35565 0.346576
5 -0.600676 -1.18502 0.3397
1 -0.558349 -1.44846 0.335728
6 -0.695346 -1.05047 0.326168
3 -0.694857 -1.07445 0.319058
7 -0.640966 -1.29182 0.328816
2 -0.48171 -1.93356 0.341055
2 -0.529146 -1.80789 0.329759
6 -0.411909 -1.93557 0.346148
3 -0.423553 -1.84518 0.354614
7 -0.519075 -1.51422 0.346843
3 -0.624529 -1.15324 0.342361
5 -0.491068 -1.58105 0.352677
2 -0.570168 -1.26776 0.337922
1 -0.545715 -1.24513 0.342068
1 -0.674011 -1.10923 0.325513
2 -0.590926 -1.2161 0.336868
1 -0.578477 -1.19452 0.338838
6 -0.54676 -1.42701 0.338855
4 -0.733793 -0.91818 0.324284
2 -0.609836 -1.33041 0.327956
3 -0.688251 -1.20168 0.319789
5 -0.792204 -0.766508 0.322802
1 -0.59657 -1.44611 0.340365
1 -0.572456 -1.45923 0.340078
1 -0.535671 -1.66175 0.339347
2 -0.495372 -1.74243 0.341223
1 -0.747121 -0.824452 0.327132
5 -0.656055 -1.1843 0.331908
2 -0.723104 -0.986849 0.325739
2 -0.726666 -0.97871 0.325198
2 -0.704869 -1.07583 0.319195
2 -0.720739 -0.959377 0.320529
1 -0.707929 -0.866649 0.323942
2 -0.638962 -1.07109 0.328866
3 -0.662202 -1.01856 0.326081
1 -0.65337 -1.14225 0.325204
2 -0.648188 -1.15085 0.326055
3 -0.648213 -1.16679 0.326783
1 -0.723716 -0.883593 0.324977
1 -0.780826 -0.803062 0.315224
10 -0.736489 -0.959933 0.313799
1 -0.772571 -0.899589 0.312991
2 -0.774381 -0.893521 0.312921
4 -0.573414 -1.43101 0.332629
5 -0.655602 -1.09958 0.333238
1 -0.696419 -0.964939 0.328743
6 -0.818036 -0.553882 0.314218
1 -0.846093 -0.606726 0.307305
1 -0.808154 -0.7076 0.308845
1 -0.838253 -0.646225 0.309906
2 -0.631883 -1.47032 0.32689
3 -0.854088 -0.841761 0.302154
2 -0.811228 -0.939593 0.306124
5 -0.795449 -0.787295 0.322494
1 -0.721071 -0.850771 0.326047
4 -0.712201 -0.881583 0.32555
1 -0.678429 -1.0506 0.324837
1 -0.641398 -1.15531 0.332609
2 -0.675969 -1.04249 0.330635
2 -0.742694 -0.642729 0.324764
2 -0.774233 -0.566008 0.322052
4 -0.772427 -0.680783 0.312493
4 -0.683383 -1.06273 0.323432
3 -0.762671 -0.777242 0.320796
1 -0.741419 -0.959 0.319126
4 -0.571816 -1.34307 0.337011
13 -0.546547 -1.42017 0.341822
4 -0.539374 -1.56047 0.337896
4 -0.59224 -1.28459 0.334338
2 -0.633541 -1.08968 0.332756
2 -0.552756 -1.48539 0.336103
1 -0.593284 -1.43292 0.329053
8 -0.681823 -1.17249 0.322416
5 -0.689194 -1.03817 0.324657
2 -0.729642 -0.956219 0.322375
4 -0.69415 -1.08241 0.328054
2 -0.715442 -1.05185 0.325573
1 -0.70132 -1.05318 0.329547
7 -0.683347 -1.04624 0.331336
1 -0.585573 -1.29808 0.344392
5 -0.658374 -1.00909 0.337041
1 -0.626292 -1.1966 0.337693
1 -0.630826 -1.25424 0.334098
1 -0.580365 -1.2898 0.341205
1 -0.591549 -1.25359 0.334808
3 -0.632358 -1.12734 0.335068
4 -0.594786 -1.35577 0.337003
5 -0.714646 -0.945251 0.325161
7 -0.721978 -1.04867 0.323809
5 -0.606715 -1.18254 0.341765
1 -0.408666 -1.98371 0.349769
4 -0.415345 -2.05987 0.34527
2 -0.465407 -1.71799 0.340584
5 -0.678838 -1.12759 0.325168
2 -0.574596 -1.25448 0.333621
1 -0.710416 -0.824981 0.325281
4 -0.728158 -0.778984 0.325278
7 -0.679548 -0.989014 0.325847
7 -0.710892 -0.810459 0.327876
4 -0.622256 -1.09918 0.329404
3 -0.734244 -0.663913 0.328273
3 -0.722515 -0.839901 0.323836
1 -0.616257 -1.22413 0.330801
7 -0.590971 -1.24687 0.337523
1 -0.622682 -1.1715 0.331958
1 -0.524798 -1.51475 0.338103
2 -0.630684 -1.36218 0.322697
3 -0.660237 -1.22972 0.322328
2 -0.719944 -1.05374 0.318724
7 -0.659655 -1.23385 0.323039
2 -0.682844 -1.08103 0.326813
1 -0.702737 -0.962214 0.328576
1 -0.731663 -0.993334 0.319613
1 -0.80104 -0.799774 0.315225
6 -0.907601 -0.435511 0.306021
2 -0.632433 -1.26276 0.329658
1 -0.621457 -1.31447 0.330259
1 -0.570044 -1.43688 0.329146
1 -0.678128 -0.987173 0.3301
3 -0.60408 -1.12098 0.336061
1 -0.623957 -1.03503 0.337918
9 -0.651803 -0.894271 0.336232
1 -0.687978 -0.983311 0.326878
2 -0.669662 -1.13477 0.325987
1 -0.58638 -1.36297 0.335907
2 -0.622513 -1.19422 0.337228
6 -0.682764 -0.987699 0.32745
2 -0.633016 -1.11393 0.333287
3 -0.637661 -1.19026 0.326716
1 -0.630417 -1.22751 0.328663
6 -0.620841 -1.30745 0.328534
2 -0.66835 -1.22932 0.320855
5 -0.505941 -1.49102 0.337746
2 -0.603242 -1.23284 0.328336
15 -0.688471 -0.947548 0.327424
2 -0.601119 -1.15864 0.335074
3 -0.697184 -1.02706 0.321408
1 -0.645779 -1.18946 0.32637
4 -0.695899 -1.06997 0.318993
9 -0.72397 -0.988981 0.316128
3 -0.703412 -0.92053 0.32343
1 -0.610323 -1.19241 0.328987
2 -0.609063 -1.21151 0.32724
1 -0.865674 -0.362033 0.313084
1 -0.798783 -0.45625 0.326363
2 -0.689184 -1.08245 0.319284
1 -0.661968 -1.25735 0.318204
5 -0.642194 -1.15476 0.326862
7 -0.604514 -1.23418 0.332964
1 -0.653771 -1.0057 0.334636
2 -0.624255 -1.23376 0.332289
2 -0.767352 -0.795704 0.321505
1 -0.657607 -1.15145 0.322287
5 -0.670243 -1.02098 0.324814
2 -0.573484 -1.29598 0.335021
3 -0.643047 -1.11368 0.337069
1 -0.824566 -0.501265 0.320835
2 -0.845242 -0.523704 0.314664
1 -0.752879 -0.964734 0.316482
8 -0.709257 -1.12732 0.322331
2 -0.743922 -0.911557 0.32324
2 -0.66321 -1.189 0.327138
3 -0.702372 -0.908497 0.336233
7 -0.705534 -0.869633 0.334453
2 -0.618635 -1.11953 0.341695
3 -0.608333 -1.16214 0.335273
2 -0.617763 -1.34241 0.32484
3 -0.617682 -1.33879 0.324866
5 -0.659699 -1.16032 0.323312
1 -0.606403 -1.31984 0.329607
1 -0.611676 -1.26333 0.328971
2 -0.687893 -0.907235 0.326694
2 -0.538429 -1.54958 0.329358
3 -0.433123 -1.99676 0.340535
2 -0.624958 -1.30783 0.32299
1 -0.729844 -0.860671 0.329695
3 -0.682509 -1.07027 0.330793
3 -0.734031 -0.921602 0.320834
1 -0.674392 -1.08277 0.329542
3 -0.756133 -0.862756 0.317866
2 -0.763042 -0.898801 0.312248
1 -0.745578 -0.839425 0.320949
4 -0.691897 -0.943197 0.325539
4 -0.55045 -1.41972 0.342002
1 -0.544222 -1.42302 0.343025
2 -0.665774 -1.09208 0.331606
4 -0.647921 -1.08671 0.333569
1 -0.626659 -1.25412 0.331524
2 -0.66913 -1.0279 0.330497
1 -0.64901 -1.00645 0.329158
1 -0.747747 -0.763008 0.32058
2 -0.679454 -0.980417 0.322908
2 -0.634401 -1.24305 0.326332
5 -0.569517 -1.29579 0.339391
2 -0.492897 -1.63044 0.343733
1 -0.640514 -1.11982 0.33339
1 -0.648506 -1.17899 0.328177
3 -0.50022 -1.54571 0.344786
3 -0.646308 -1.0616 0.332786
2 -0.698037 -0.880735 0.325784
1 -0.59172 -1.20988 0.339115
8 -0.591026 -1.21122 0.33757
5 -0.529284 -1.49711 0.338181
2 -0.663979 -1.02244 0.330117
2 -0.752061 -0.93914 0.314365
1 -0.775443 -0.844479 0.320343
5 -0.673076 -1.1872 0.3297
1 -0.650959 -1.16664 0.331387
1 -0.671951 -1.01521 0.329238
1 -0.746865 -0.77839 0.319705
6 -0.529077 -1.32483 0.344855
1 -0.645514 -0.940982 0.335701
1 -0.700357 -0.963086 0.321437
2 -0.619884 -1.25249 0.329225
4 -0.740525 -0.894839 0.316203
1 -0.69151 -1.02747 0.32586
1 -0.741839 -0.872083 0.323163
1 -0.746729 -0.883627 0.320703
6 -0.699007 -1.03694 0.32055
1 -0.711034 -0.985579 0.322529
3 -0.640553 -1.1937 0.334211
3 -0.652144 -1.283 0.329014
2 -0.640263 -1.21089 0.328578
1 -0.652832 -1.17645 0.325549
2 -0.766524 -0.824745 0.318636
1 -0.775141 -0.812054 0.317374
2 -0.737972 -0.971465 0.321097
2 -0.653759 -1.12238 0.331274
1 -0.761675 -0.797332 0.330153
1 -0.796445 -0.567006 0.330157
1 -0.550417 -1.30001 0.348504
5 -0.726657 -0.730547 0.33314
3 -0.682645 -0.831338 0.337764
4 -0.805495 -0.525954 0.321587
1 -0.773933 -0.683599 0.322795
2 -0.780052 -0.600502 0.322712
1 -0.752597 -0.689761 0.321364
2 -0.652943 -1.16115 0.331443
4 -0.561541 -1.33081 0.341306
3 -0.802831 -0.641614 0.319884
2 -0.795681 -0.73185 0.317402
1 -0.786209 -0.792554 0.314511
5 -0.692779 -1.17421 0.319379
6 -0.435166 -1.83767 0.343658
3 -0.6476 -1.36526 0.315274
1 -0.624813 -1.28736 0.320948
2 -0.618655 -1.35476 0.328278
2 -0.623801 -1.38402 0.32873
1 -0.699555 -1.13644 0.321345
2 -0.67546 -1.22974 0.326463
1 -0.57276 -1.38775 0.339524
2 -0.638837 -1.28978 0.322155
2 -0.612073 -1.31141 0.326087
2 -0.606854 -1.27455 0.331512
4 -0.709282 -0.888931 0.323837
1 -0.583996 -1.26282 0.338119
4 -0.532699 -1.4498 0.343529
3 -0.552436 -1.4462 0.347624
4 -0.707637 -0.985327 0.330809
3 -0.47079 -1.75798 0.341694
1 -0.520714 -1.56035 0.338885
4 -0.548332 -1.45945 0.336759
2 -0.510597 -1.50097 0.3406
6 -0.436901 -1.82636 0.348092
2 -0.567101 -1.32492 0.338864
1 -0.667012 -0.976203 0.33136
2 -0.637473 -1.21653 0.328126
2 -0.581602 -1.3797 0.339194
3 -0.69603 -0.954346 0.329873
4 -0.648344 -1.17807 0.328955
1 -0.640053 -1.23662 0.326349
1 -0.594984 -1.57702 0.328275
3 -0.523932 -1.71938 0.33331
1 -0.799028 -0.594049 0.317411
3 -0.807553 -0.74329 0.316594
1 -0.737184 -1.02634 0.320236
2 -0.595115 -1.2498 0.337578
1 -0.611127 -1.20473 0.336727
7 -0.671505 -1.06022 0.325264
4 -0.649793 -1.03324 0.331355
1 -0.651553 -1.1493 0.328472
1 -0.741613 -0.912809 0.319095
7 -0.693188 -1.18028 0.315149
1 -0.769078 -0.973652 0.305556
1 -0.603385 -1.39997 0.3232
2 -0.654066 -1.08507 0.329675
2 -0.796615 -0.72061 0.316905
2 -0.802847 -0.794506 0.309728
1 -0.858602 -0.594986 0.307556
1 -0.651426 -1.07736 0.321269
3 -0.65245 -1.08915 0.329883
2 -0.608766 -1.27062 0.333018
2 -0.569301 -1.35187 0.334092
2 -0.734245 -0.990728 0.317162
1 -0.716233 -1.02652 0.321442
1 -0.643156 -1.41548 0.321512
2 -0.639355 -1.41909 0.32273
2 -0.552165 -1.58754 0.331556
1 -0.675992 -0.951963 0.328829
1 -0.69811 -0.883867 0.326329
3 -0.705838 -0.867537 0.325205
1 -0.570703 -1.24925 0.34048
2 -0.518477 -1.43821 0.34401
3 -0.549331 -1.17804 0.345721
1 -0.679477 -0.720552 0.333906
1 -0.601955 -1.1698 0.333427
2 -0.738651 -0.80014 0.325211
1 -0.686143 -1.14258 0.325396
1 -0.616989 -1.39677 0.322755
8 -0.659806 -0.982988 0.328635
1 -0.643531 -0.990064 0.333694
1 -0.72559 -0.821936 0.323922
1 -0.794637 -0.677965 0.315996
1 -0.761276 -0.764145 0.319753
4 -0.729634 -0.774092 0.327076
4 -0.613795 -1.23217 0.328398
2 -0.697542 -0.963979 0.320395
1 -0.567639 -1.42695 0.32901
1 -0.599403 -1.41457 0.330283
2 -0.63672 -1.24951 0.333213
2 -0.548099 -1.57695 0.339336
2 -0.471933 -1.81232 0.341766
15 -0.583173 -1.2077 0.335504
1 -0.740072 -1.13301 0.312866
1 -0.700392 -0.999874 0.321746
4 -0.685045 -0.949593 0.326381
1 -0.821734 -0.465908 0.319833
5 -0.687231 -0.912207 0.334223
2 -0.60986 -1.24561 0.336291
1 -0.559185 -1.45876 0.337373
1 -0.686252 -1.19292 0.320647
1 -0.665609 -1.24703 0.316048
1 -0.722937 -0.938546 0.31651
3 -0.785662 -0.671872 0.315638
1 -0.72228 -0.807615 0.319475
3 -0.72205 -0.815718 0.328318
1 -0.753835 -0.77911 0.323409
1 -0.751248 -0.784759 0.324037
1 -0.724259 -0.885215 0.326276
3 -0.646209 -1.00403 0.331496
2 -0.676639 -0.932884 0.328078
4 -0.743079 -0.726665 0.320605
1 -0.65574 -0.965238 0.328847
1 -0.641896 -1.05567 0.332725
3 -0.736268 -0.803504 0.320016
5 -0.67351 -0.972638 0.328102
3 -0.64938 -1.06367 0.335727
1 -0.821925 -0.373915 0.325909
3 -0.814273 -0.621227 0.312748
2 -0.782976 -0.60476 0.321332
2 -0.707045 -0.839275 0.329452
1 -0.680987 -1.08629 0.325212
3 -0.597637 -1.32691 0.332605
2 -0.439852 -1.65623 0.350988
9 -0.463469 -1.58855 0.34724
1 -0.663804 -1.24393 0.322894
3 -0.606872 -1.39913 0.327133
2 -0.663214 -1.08806 0.328657
2 -0.732311 -0.965578 0.318657
2 -0.718515 -1.01114 0.321366
4 -0.819436 -0.63143 0.306886
2 -0.853913 -0.568962 0.304103
12 -0.929078 -0.261802 0.307783
2 -0.74866 -0.839139 0.322679
1 -0.724278 -0.806768 0.327759
3 -0.766874 -0.706752 0.32253
3 -0.677598 -0.818337 0.337638
4 -0.603772 -1.25421 0.342234
1 -0.584134 -1.45187 0.339995
1 -0.735039 -0.886723 0.319941
1 -0.590948 -1.29991 0.331023
1 -0.747444 -0.8679 0.316679
3 -0.662741 -1.17741 0.318083
2 -0.726926 -0.93188 0.315166
6 -0.728513 -1.17261 0.309347
1 -0.655662 -1.25241 0.318133
2 -0.563859 -1.47819 0.323828
1 -0.593785 -1.25136 0.334922
1 -0.512517 -1.57874 0.340362
5 -0.593837 -1.22416 0.334467
2 -0.494356 -1.5957 0.338229
2 -0.570611 -1.34696 0.333168
1 -0.566467 -1.39738 0.333607
3 -0.565104 -1.34317 0.340194
3 -0.706661 -1.10414 0.322189
5 -0.675154 -1.05711 0.330868
2 -0.711911 -0.887885 0.324959
1 -0.613562 -1.38378 0.321779
3 -0.695804 -1.19959 0.30952
2 -0.551761 -1.49724 0.332006
1 -0.577486 -1.50308 0.331524
1 -0.50599 -1.49716 0.34469
9 -0.536753 -1.39336 0.343772
1 -0.515957 -1.47505 0.346257
1 -0.597008 -1.11926 0.340416
2 -0.799754 -0.753427 0.315784
8 -0.757843 -0.732091 0.322906
2 -0.683941 -0.903865 0.333272
3 -0.664465 -1.20179 0.323979
3 -0.76042 -0.895842 0.31019
1 -0.62529 -1.44891 0.314956
2 -0.694795 -1.1676 0.312091
1 -0.777201 -0.839301 0.317806
5 -0.76651 -1.00417 0.310611
2 -0.6644 -1.21824 0.32423
2 -0.658969 -1.25116 0.323656
7 -0.713636 -1.02852 0.315161
10 -0.726548 -1.02434 0.316856
5 -0.599859 -1.29811 0.326981
1 -0.720656 -0.922091 0.320654
2 -0.732738 -1.01759 0.313025
3 -0.774147 -0.653912 0.317638
5 -0.68862 -0.984641 0.327312
5 -0.836245 -0.54222 0.314661
1 -0.770994 -0.671696 0.326617
4 -0.806607 -0.607557 0.323027
3 -0.748261 -0.82462 0.32191
1 -0.830881 -0.45868 0.319107
3 -0.711475 -0.92635 0.31874
3 -0.823737 -0.626472 0.307508
2 -0.810114 -0.600837 0.310443
3 -0.653575 -1.16027 0.325485
3 -0.839741 -0.409551 0.317464
7 -0.721454 -0.878052 0.319161
2 -0.703534 -1.0115 0.315938
2 -0.611643 -1.08447 0.336755
1 -0.586951 -1.43462 0.339881
3 -0.493714 -1.74493 0.346883
2 -0.521184 -1.67746 0.34368
2 -0.641611 -1.44507 0.323296
2 -0.576618 -1.7418 0.317391
3 -0.514541 -1.83324 0.326164
1 -0.425092 -2.00664 0.336496
1 -0.763482 -0.897202 0.307045
4 -0.617497 -1.34454 0.320873
5 -0.59612 -1.29444 0.333204
3 -0.744547 -0.746547 0.329293
1 -0.78574 -0.698307 0.319815
9 -0.64952 -1.12686 0.32957
4 -0.593214 -1.24514 0.334956
4 -0.618896 -1.14752 0.33407
5 -0.516543 -1.45227 0.343991
5 -0.490001 -1.67991 0.339665
1 -0.512302 -1.57516 0.340747
1 -0.59778 -1.42845 0.324786
4 -0.644479 -1.07478 0.337216
2 -0.607614 -1.30785 0.336735
4 -0.54494 -1.55433 0.335671
2 -0.531151 -1.55264 0.329889
3 -0.538821 -1.55591 0.327716
8 -0.6947 -0.815763 0.326289
2 -0.710294 -0.936808 0.314244
1 -0.704163 -0.855601 0.322552
10 -0.59473 -1.27406 0.333196
3 -0.655631 -1.03401 0.328598
2 -0.628399 -1.42393 0.322626
3 -0.72543 -1.04961 0.315025
6 -0.698856 -0.959919 0.320949
6 -0.692387 -1.01147 0.322003
7 -0.587735 -1.37152 0.337998
5 -0.684553 -0.946353 0.327762
2 -0.570796 -1.18636 0.339452
7 -0.60631 -1.21355 0.336548
5 -0.72846 -0.838105 0.323394
3 -0.643173 -1.09732 0.336159
1 -0.747111 -0.686682 0.315738
3 -0.742422 -0.611596 0.323459
1 -0.821391 -0.594869 0.314265
3 -0.882483 -0.345035 0.307782
7 -0.841259 -0.606504 0.30889
1 -0.725275 -1.03246 0.317884
2 -0.675441 -1.08722 0.327847
3 -0.711413 -0.927321 0.325184
3 -0.660659 -1.18082 0.325176
1 -0.683297 -1.04843 0.326654
1 -0.579084 -1.47421 0.337132
3 -0.735427 -1.04545 0.315595
3 -0.721114 -1.11571 0.312887
3 -0.718511 -1.06802 0.313241
1 -0.525121 -1.39949 0.338886
2 -0.527935 -1.41386 0.350789
1 -0.55219 -1.49357 0.344155
5 -0.584365 -1.34596 0.344026
1 -0.802435 -0.56168 0.322024
4 -0.651512 -1.0924 0.327721
1 -0.577016 -1.42713 0.334442
1 -0.616328 -1.36184 0.335168
1 -0.685987 -0.992247 0.334782
1 -0.693254 -1.10978 0.328034
1 -0.638452 -1.16722 0.33041
3 -0.752432 -0.897447 0.316705
6 -0.681384 -1.11875 0.326018
4 -0.67293 -0.966355 0.330886
2 -0.686781 -0.980565 0.327432
1 -0.642172 -1.21355 0.326857
3 -0.747758 -0.796825 0.323007
1 -0.679873 -0.991883 0.327672
4 -0.709737 -0.935744 0.32484
5 -0.529946 -1.58867 0.33091
2 -0.682378 -1.09833 0.319214
2 -0.635079 -1.30361 0.323539
2 -0.65149 -1.20632 0.324651
5 -0.677876 -0.997976 0.327769
2 -0.711539 -0.871557 0.324932
4 -0.800162 -0.545236 0.31383
5 -0.718647 -1.12215 0.31392
2 -0.704934 -1.02133 0.321715
2 -0.781419 -0.816911 0.316513
3 -0.753204 -0.901398 0.316167
3 -0.712965 -0.957048 0.325149
1 -0.76191 -0.947999 0.31405
1 -0.786046 -0.813744 0.313109
2 -0.820981 -0.650209 0.317706
6 -0.675623 -0.90948 0.337135
1 -0.786842 -0.749944 0.317103
1 -0.711358 -0.889081 0.328588
3 -0.682026 -0.907817 0.33322
3 -0.694419 -0.865198 0.330749
2 -0.706006 -0.98332 0.320586
4 -0.677722 -1.0554 0.330679
9 -0.678866 -1.11587 0.325506
2 -0.732332 -0.965373 0.314059
4 -0.672128 -1.0272 0.321622
1 -0.655446 -0.990718 0.326619
3 -0.67211 -1.01908 0.32665
3 -0.678574 -1.091 0.32404
1 -0.739543 -1.02384 0.317624
2 -0.676697 -1.17879 0.327123
3 -0.743445 -0.665281 0.330767
4 -0.770017 -0.745208 0.320932
1 -0.703558 -0.95079 0.324259
3 -0.590427 -1.24439 0.336868
2 -0.574698 -1.43495 0.334082
3 -0.672926 -1.11817 0.333195
2 -0.659969 -1.16659 0.335734
9 -0.626497 -1.3153 0.333622
2 -0.622965 -1.39988 0.329377
1 -0.718975 -1.13016 0.318527
1 -0.656022 -1.26087 0.328789
3 -0.606053 -1.21391 0.337306
4 -0.63638 -1.23958 0.330641
1 -0.639895 -1.24749 0.329934
3 -0.707933 -0.889352 0.330244
10 -0.668808 -1.18234 0.326183
3 -0.620311 -1.30698 0.333362
5 -0.593953 -1.30121 0.329977
2 -0.653876 -1.10607 0.32842
2 -0.719438 -1.13017 0.320345
5 -0.685964 -1.0525 0.324854
4 -0.775623 -0.793641 0.322133
3 -0.64673 -1.26317 0.326129
2 -0.700166 -1.0962 0.323247
3 -0.664413 -1.2201 0.328379
2 -0.745698 -0.922982 0.325748
2 -0.77144 -0.822196 0.323277
5 -0.681691 -0.962205 0.331533
1 -0.741512 -0.61468 0.329617
2 -0.655726 -1.00679 0.334127
5 -0.795604 -0.679448 0.318072
2 -0.717579 -0.84246 0.330286
2 -0.71678 -0.911738 0.327109
1 -0.739041 -0.921826 0.324385
3 -0.766751 -0.859903 0.320399
2 -0.769676 -0.776504 0.321862
1 -0.700731 -1.15527 0.31889
1 -0.562266 -1.48617 0.33403
7 -0.578615 -1.39376 0.334289
3 -0.850592 -0.41767 0.315563
1 -0.660493 -0.983939 0.328983
1 -0.713435 -0.724247 0.341421
4 -0.680417 -0.900621 0.336319
1 -0.700682 -0.764488 0.336768
4 -0.645994 -1.03408 0.332113
1 -0.714274 -0.800053 0.32178
7 -0.665992 -0.888593 0.329735
3 -0.661791 -0.908661 0.333438
2 -0.568 -1.22889 0.336857
1 -0.576917 -1.20047 0.336799
2 -0.629834 -1.14591 0.329237
2 -0.683111 -1.14464 0.319305
1 -0.649561 -1.27609 0.324818
3 -0.565448 -1.40274 0.336912
3 -0.629235 -1.09858 0.330225
1 -0.708204 -0.821079 0.328514
5 -0.610363 -1.14787 0.329339
3 -0.618968 -1.10285 0.334431
2 -0.740513 -0.766839 0.323954
7 -0.752231 -0.70291 0.329999
2 -0.679294 -0.945862 0.330209
1 -0.708029 -0.86064 0.326436
5 -0.631152 -1.10234 0.33074
2 -0.602486 -1.17898 0.333092
6 -0.704265 -1.02399 0.321656
3 -0.670273 -1.14949 0.3223
3 -0.753415 -0.824319 0.318895
2 -0.745048 -0.918627 0.321157
6 -0.561176 -1.53178 0.333931
1 -0.599464 -1.39021 0.334326
3 -0.672498 -1.08732 0.330191
4 -0.645734 -1.15873 0.331769
1 -0.619996 -1.17732 0.336144
1 -0.641894 -1.18343 0.332287
4 -0.537706 -1.48138 0.339207
3 -0.570028 -1.46353 0.333446
4 -0.609188 -1.3994 0.325132
2 -0.676585 -1.11137 0.32887
2 -0.614209 -1.31956 0.332366
2 -0.643344 -1.24676 0.330022
3 -0.566518 -1.4023 0.337109
4 -0.668063 -1.16479 0.323899
3 -0.564451 -1.4747 0.328129
4 -0.449896 -1.87395 0.338776
1 -0.505424 -1.65837 0.336075
3 -0.780083 -0.662742 0.321707
2 -0.744511 -0.771635 0.328701
2 -0.794696 -0.771259 0.313386
3 -0.748062 -0.882627 0.316517
1 -0.737916 -0.980874 0.317625
2 -0.741694 -0.945578 0.320083
1 -0.749728 -0.767066 0.324508
1 -0.653177 -1.02946 0.331266
1 -0.5342 -1.457 0.337525
1 -0.616053 -1.46762 0.328075
4 -0.673924 -1.10654 0.33243
1 -0.726622 -0.931487 0.32601
2 -0.61538 -1.42299 0.323939
6 -0.635255 -1.18322 0.329572
2 -0.652767 -1.1243 0.327302
4 -0.650579 -1.13217 0.327503
4 -0.638554 -1.19608 0.331065
3 -0.686088 -1.11904 0.323939
1 -0.639334 -1.1262 0.335226
2 -0.629221 -1.1128 0.335727
6 -0.702916 -0.973971 0.32755
4 -0.707669 -0.897847 0.327836
2 -0.676081 -0.995722 0.328241
2 -0.709311 -0.942438 0.324881
2 -0.73026 -0.873733 0.319086
1 -0.599729 -1.14327 0.333782
2 -0.671446 -0.910603 0.332387
1 -0.600127 -1.14053 0.334554
1 -0.599311 -1.19595 0.335996
9 -0.606904 -1.13759 0.334264
2 -0.58714 -1.28323 0.329609
1 -0.639381 -0.982038 0.331297
1 -0.689496 -0.901965 0.324875
2 -0.552451 -1.53354 0.334183
1 -0.775725 -0.947222 0.313142
1 -0.706839 -1.06517 0.320526
2 -0.763025 -0.865374 0.318212
1 -0.706458 -1.0729 0.319773
3 -0.493694 -1.73672 0.340433
3 -0.507926 -1.71047 0.329907
1 -0.503218 -1.77018 0.331845
2 -0.599862 -1.45654 0.329088
2 -0.636074 -1.21542 0.328121
1 -0.564961 -1.268 0.340684
1 -0.578033 -1.17684 0.343241
1 -0.597154 -1.13778 0.341189
4 -0.616548 -1.09582 0.340079
2 -0.483608 -1.4384 0.348767
1 -0.486401 -1.36822 0.352002
1 -0.544646 -1.33498 0.344566
3 -0.502503 -1.50474 0.345952
2 -0.541054 -1.43577 0.346153
4 -0.754294 -0.847662 0.323379
1 -0.70519 -0.904333 0.329504
5 -0.721428 -0.943268 0.324798
1 -0.652889 -1.19444 0.332858
2 -0.654595 -1.0941 0.327503
1 -0.79525 -0.788277 0.31838
1 -0.692412 -1.0257 0.331977
1 -0.64507 -1.221 0.329948
2 -0.684512 -0.985743 0.326268
2 -0.704101 -0.866037 0.326977
6 -0.59728 -1.18045 0.336907
8 -0.624219 -1.18908 0.334353
2 -0.707792 -0.991523 0.325517
2 -0.76307 -0.773776 0.322028
5 -0.773791 -0.87204 0.320333
3 -0.707486 -1.08578 0.324065
2 -0.778681 -0.779431 0.316005
1 -0.801127 -0.698608 0.314527
1 -0.789483 -0.751255 0.312139
1 -0.848766 -0.62109 0.310241
3 -0.725617 -0.910692 0.32902
3 -0.639189 -1.12715 0.335216
1 -0.572248 -1.3317 0.341024
5 -0.568052 -1.46846 0.33274
2 -0.647127 -1.10958 0.328028
2 -0.713232 -0.903721 0.323358
1 -0.832911 -0.567968 0.319368
4 -0.696917 -0.926577 0.334499
1 -0.756867 -0.70381 0.329297
1 -0.762803 -0.708233 0.32775
2 -0.810357 -0.650613 0.320687
2 -0.871203 -0.537094 0.310983
5 -0.892907 -0.448677 0.309614
2 -0.658943 -1.12507 0.330954
5 -0.684223 -0.893054 0.333466
4 -0.605029 -1.22472 0.343295
1 -0.671902 -1.09652 0.329403
3 -0.639664 -1.24053 0.327818
2 -0.537441 -1.52792 0.335473
2 -0.471228 -1.73646 0.339675
3 -0.555544 -1.46736 0.332032
2 -0.615398 -1.38827 0.323258
8 -0.6443 -1.32026 0.322253
3 -0.665953 -1.17165 0.323697
3 -0.70149 -1.06552 0.315247
4 -0.671856 -1.17809 0.31583
2 -0.69261 -1.17884 0.318191
1 -0.598475 -1.45944 0.327161
7 -0.67518 -1.05127 0.320605
1 -0.793052 -0.690264 0.308908
5 -0.867586 -0.415247 0.308013
4 -0.916696 -0.236177 0.312952
4 -0.899867 -0.113365 0.319752
1 -0.805228 -0.468886 0.323252
1 -0.663464 -1.03495 0.324396
2 -0.755365 -0.791401 0.31766
4 -0.797789 -0.504995 0.318963
2 -0.777185 -0.813565 0.311971
4 -0.604025 -1.13097 0.334968
6 -0.631095 -1.06898 0.327595
1 -0.599962 -1.0171 0.335279
2 -0.677094 -1.04049 0.324485
7 -0.671385 -1.08623 0.324729
2 -0.876961 -0.346175 0.311714
1 -0.746499 -0.769788 0.318021
2 -0.649879 -1.11425 0.328476
4 -0.669609 -1.07642 0.329165
1 -0.64442 -0.922477 0.33507
2 -0.592619 -1.17729 0.333789
2 -0.521778 -1.76324 0.333793
3 -0.54139 -1.6704 0.331519
4 -0.689112 -1.1593 0.324558
1 -0.710374 -1.07295 0.319936
1 -0.661 -1.32483 0.317944
1 -0.651391 -1.3624 0.317663
1 -0.642556 -1.41696 0.318917
1 -0.764195 -0.894529 0.312843
5 -0.696323 -0.975386 0.323682
5 -0.810989 -0.384146 0.323976
1 -0.655917 -0.94132 0.334604
1 -0.764663 -0.784436 0.320804
1 -0.611048 -1.43967 0.321818
1 -0.612472 -1.18593 0.332654
1 -0.506543 -1.48474 0.338943
3 -0.556053 -1.29248 0.334726
2 -0.565973 -1.251 0.33693
1 -0.557114 -1.37566 0.335103
3 -0.566911 -1.47881 0.332152
3 -0.652087 -1.17003 0.33065
1 -0.641953 -1.19248 0.329411
1 -0.627067 -1.2831 0.332176
5 -0.618718 -1.17794 0.334054
3 -0.816093 -0.576121 0.313421
1 -0.812304 -0.524002 0.314083
6 -0.446321 -1.57614 0.350991
2 -0.556294 -1.23499 0.338718
2 -0.723032 -0.941854 0.323972
2 -0.768625 -0.737427 0.323754
4 -0.788448 -0.774617 0.317475
1 -0.776294 -0.783369 0.32208
1 -0.701797 -0.920573 0.33051
1 -0.677791 -0.967425 0.324001
5 -0.61981 -1.18417 0.330794
2 -0.578668 -1.28905 0.331699
4 -0.677652 -0.969609 0.324947
1 -0.75387 -0.78925 0.317646
3 -0.755865 -0.779775 0.319585
10 -0.78812 -0.743209 0.318477
3 -0.71366 -0.984618 0.319028
2 -0.757575 -0.956738 0.315635
2 -0.826035 -0.4558 0.320709
1 -0.632247 -1.0803 0.330709
1 -0.68047 -0.906532 0.327646
7 -0.622859 -1.23074 0.334909
2 -0.692941 -0.999411 0.322667
1 -0.668892 -1.04752 0.324438
1 -0.652703 -1.04569 0.326255
1 -0.579034 -1.22214 0.336238
2 -0.616326 -1.19834 0.331663
6 -0.597575 -1.28347 0.327761
1 -0.62221 -1.20086 0.326296
3 -0.599731 -1.44959 0.326582
1 -0.613163 -1.16079 0.331206
3 -0.597503 -1.23481 0.328159
1 -0.552788 -1.28738 0.337366
1 -0.5879 -1.10097 0.338948
1 -0.549093 -1.16429 0.348905
3 -0.592893 -1.12437 0.339238
2 -0.629344 -1.0261 0.336782
5 -0.593008 -1.09489 0.339539
3 -0.705641 -0.920215 0.326453
4 -0.682117 -1.11009 0.324476
2 -0.557167 -1.5583 0.332386
2 -0.529237 -1.6216 0.331382
1 -0.604411 -1.3749 0.334151
1 -0.882602 -0.366347 0.311927
1 -0.862695 -0.518323 0.310377
6 -0.630765 -1.07444 0.335564
1 -0.582241 -1.2989 0.338057
2 -0.578231 -1.39186 0.33606
14 -0.607061 -1.23263 0.339407
6 -0.635145 -1.23167 0.333021
1 -0.627328 -1.23043 0.334782
2 -0.734539 -0.881982 0.325137
3 -0.591667 -1.30674 0.328685
3 -0.603208 -1.17679 0.332493
1 -0.663252 -1.2262 0.325466
1 -0.674087 -0.998518 0.331377
1 -0.557874 -1.36574 0.339704
2 -0.689847 -0.937015 0.333559
2 -0.725318 -0.851607 0.328565
1 -0.870484 -0.514389 0.311918
5 -0.830774 -0.651472 0.315126
1 -0.612172 -1.253 0.337856
2 -0.646859 -1.12341 0.329538
3 -0.67051 -1.05642 0.325565
4 -0.728316 -1.02624 0.318598
1 -0.698279 -0.939003 0.326943
3 -0.528685 -1.5938 0.331592
2 -0.599249 -1.38141 0.321722
3 -0.595387 -1.36349 0.326304
1 -0.650382 -1.22293 0.324799
1 -0.557729 -1.53849 0.33551
10 -0.542554 -1.55564 0.339786
13 -0.562009 -1.41109 0.342096
1 -0.544232 -1.45477 0.340587
12 -0.528313 -1.46596 0.343158
2 -0.684362 -0.924728 0.329386
3 -0.662882 -1.04899 0.327628
1 -0.703518 -0.976412 0.324671
1 -0.875472 -0.572481 0.312268
2 -0.904945 -0.488691 0.309108
1 -0.890921 -0.420966 0.313487
2 -0.729072 -0.921535 0.324178
2 -0.612768 -1.1215 0.340576
1 -0.728756 -0.763311 0.328878
1 -0.818628 -0.615252 0.316132
3 -0.8355 -0.386877 0.317796
3 -0.791906 -0.62451 0.317871
1 -0.61703 -1.22394 0.327824
2 -0.660331 -1.10552 0.32156
5 -0.603255 -1.30358 0.328741
2 -0.633169 -1.07236 0.327116
1 -0.678562 -0.952228 0.326333
1 -0.658962 -1.11125 0.327852
4 -0.56326 -1.46376 0.331361
1 -0.580403 -1.40348 0.333744
2 -0.719858 -0.996659 0.321586
2 -0.71109 -1.05543 0.321148
1 -0.549037 -1.4863 0.337458
2 -0.427396 -1.74 0.348733
1 -0.658409 -1.13729 0.320581
3 -0.599612 -1.39271 0.328469
2 -0.536995 -1.59959 0.330345
1 -0.520397 -1.60716 0.333367
1 -0.581446 -1.43736 0.329951
2 -0.473696 -1.74543 0.344217
10 -0.775015 -0.83874 0.318468
2 -0.826875 -0.55381 0.318843
1 -0.844872 -0.568556 0.317631
3 -0.801596 -0.657693 0.322354
2 -0.646239 -1.14528 0.336334
1 -0.557891 -1.31863 0.342037
2 -0.580848 -1.26343 0.339622
1 -0.679597 -0.958258 0.328395
1 -0.653963 -1.05664 0.332558
2 -0.640828 -1.04226 0.332008
14 -0.67579 -0.924428 0.332162
1 -0.634645 -1.20967 0.331329
1 -0.599227 -1.34283 0.335422
1 -0.643233 -1.19325 0.330136
1 -0.741105 -0.700902 0.329288
3 -0.64061 -1.09581 0.333709
2 -0.702302 -0.893423 0.328045
13 -0.703839 -0.876472 0.328168
2 -0.710541 -0.860738 0.325545
3 -0.725342 -0.910623 0.320205
6 -0.652009 -1.3609 0.322335
4 -0.580041 -1.54562 0.328925
9 -0.588694 -1.54901 0.326634
1 -0.481675 -1.62614 0.344081
4 -0.470107 -1.80603 0.335848
3 -0.761381 -0.853032 0.320845
5 -0.841571 -0.656046 0.312299
3 -0.788343 -0.619655 0.321729
3 -0.675694 -0.98912 0.331459
5 -0.730416 -0.809723 0.330928
4 -0.71771 -0.88336 0.329128
5 -0.734329 -1.07213 0.318702
3 -0.768406 -0.778986 0.324988
3 -0.72731 -0.939832 0.324097
1 -0.554018 -1.4937 0.335813
5 -0.764136 -0.815224 0.318382
1 -0.60855 -1.16805 0.335784
2 -0.509214 -1.46665 0.343383
4 -0.527276 -1.43607 0.345529
1 -0.566077 -1.28382 0.338689
4 -0.722704 -0.72313 0.334466
6 -0.685272 -0.861209 0.335285
1 -0.68241 -0.984153 0.334106
2 -0.638755 -1.30262 0.322516
3 -0.7295 -0.927676 0.321736
3 -0.706748 -1.02903 0.325699
4 -0.553362 -1.58279 0.331317
3 -0.642116 -1.28275 0.322385
3 -0.622497 -1.25869 0.335911
1 -0.608205 -1.34844 0.337053
1 -0.546886 -1.47192 0.345513
6 -0.530349 -1.61947 0.342361
1 -0.605265 -1.16614 0.332307
4 -0.620824 -1.22496 0.325233
4 -0.733821 -0.800377 0.323013
3 -0.740464 -0.767452 0.322914
1 -0.622484 -1.1504 0.334606
2 -0.595775 -1.25864 0.335365
1 -0.552307 -1.23588 0.349081
1 -0.6304 -1.13063 0.326473
1 -0.639486 -1.10025 0.327584
3 -0.686704 -0.991215 0.327107
8 -0.771082 -0.71935 0.325432
1 -0.760295 -0.789726 0.324971
3 -0.744212 -0.834149 0.326161
4 -0.724281 -0.931162 0.329623
3 -0.714851 -1.03056 0.319747
1 -0.724823 -0.890291 0.318827
1 -0.655371 -1.2303 0.325162
3 -0.60724 -1.27182 0.331023
2 -0.5473 -1.50115 0.335728
1 -0.622834 -1.27905 0.327701
1 -0.578909 -1.30972 0.338006
1 -0.593938 -1.19044 0.339921
1 -0.709001 -1.01864 0.32392
2 -0.801966 -0.570947 0.321626
1 -0.736922 -0.836874 0.322487
3 -0.738825 -0.796754 0.326459
4 -0.721405 -0.784213 0.323618
3 -0.69922 -0.798539 0.328552
3 -0.728925 -0.751278 0.320809
1 -0.718119 -1.01316 0.316417
4 -0.698245 -1.04325 0.321523
1 -0.625416 -1.312 0.328004
2 -0.549315 -1.45306 0.337546
3 -0.744745 -0.909558 0.321017
7 -0.726727 -0.941671 0.31912
4 -0.726637 -0.938404 0.319362
2 -0.569981 -1.29934 0.33521
4 -0.48341 -1.46353 0.3492
5 -0.596245 -1.18166 0.340653
1 -0.574838 -1.26057 0.340831
6 -0.365071 -1.95042 0.355147
2 -0.514224 -1.50801 0.340838
3 -0.57975 -1.34489 0.329624
2 -0.670646 -1.1711 0.32632
10 -0.573394 -1.5444 0.330972
2 -0.619205 -1.35827 0.3291
2 -0.604574 -1.43364 0.328725
1 -0.76682 -0.874077 0.320816
6 -0.729807 -0.837181 0.324182
2 -0.833234 -0.722907 0.318479
4 -0.848066 -0.69199 0.315427
1 -0.930995 -0.281686 0.306068
3 -0.661224 -1.11985 0.329324
1 -0.661709 -1.0867 0.331943
6 -0.73981 -0.82744 0.326495
2 -0.711388 -0.799351 0.327822
3 -0.688692 -1.0955 0.324025
2 -0.774589 -0.859009 0.318705
3 -0.567563 -1.48576 0.337729
4 -0.536395 -1.54536 0.337104
3 -0.702522 -1.08642 0.32199
2 -0.552934 -1.43612 0.335971
2 -0.546631 -1.43289 0.338821
2 -0.593063 -1.34956 0.33628
1 -0.785236 -0.817714 0.313776
1 -0.826456 -0.680149 0.308698
2 -0.669039 -1.04298 0.320633
1 -0.824498 -0.672128 0.313274
2 -0.652672 -1.27049 0.331165
10 -0.700686 -1.07578 0.323612
1 -0.660628 -1.14834 0.327432
2 -0.718896 -0.94729 0.322918
3 -0.567059 -1.49091 0.330666
3 -0.546546 -1.53761 0.328821
2 -0.568008 -1.47934 0.327903
1 -0.577331 -1.51071 0.326409
1 -0.563212 -1.54473 0.332361
5 -0.705522 -1.04454 0.317486
3 -0.753109 -0.898032 0.318059
10 -0.705522 -0.968175 0.322884
8 -0.653993 -1.09157 0.333656
3 -0.706821 -0.909441 0.329687
2 -0.628151 -1.21543 0.334588
8 -0.677503 -1.05824 0.329176
1 -0.645848 -1.16106 0.322335
5 -0.514139 -1.5379 0.338008
1 -0.610103 -1.15563 0.331788
1 -0.579636 -1.18868 0.33812
4 -0.808005 -0.622678 0.324002
3 -0.82252 -0.757987 0.313063
1 -0.70661 -1.1169 0.316621
5 -0.638852 -1.25636 0.326821
1 -0.608217 -1.28415 0.331251
3 -0.576216 -1.32375 0.337568
3 -0.643448 -1.13755 0.329948
1 -0.722669 -0.768978 0.31846
6 -0.627389 -1.11487 0.324617
2 -0.60595 -1.28701 0.326433
1 -0.571372 -1.32204 0.330045
1 -0.599312 -1.20458 0.337148
4 -0.696472 -0.971416 0.325918
1 -0.740976 -0.854825 0.32331
3 -0.840221 -0.646799 0.307517
1 -0.777999 -0.811161 0.315178
1 -0.814193 -0.628983 0.312896
4 -0.707882 -0.999122 0.320131
2 -0.629105 -1.11152 0.335517
1 -0.79237 -0.783555 0.318743
3 -0.840319 -0.462189 0.317174
1 -0.594566 -1.23401 0.329001
1 -0.562125 -1.29374 0.334506
1 -0.523313 -1.51947 0.335909
3 -0.670952 -0.904477 0.32919
3 -0.709283 -1.02166 0.32225
1 -0.684352 -1.02089 0.323687
1 -0.670287 -1.06057 0.324831
1 -0.613938 -1.1435 0.333639
2 -0.609763 -1.2988 0.327431
1 -0.648882 -1.2549 0.319405
7 -0.7187 -1.02541 0.317207
4 -0.590856 -1.43607 0.333175
2 -0.75568 -0.720484 0.327147
6 -0.717639 -0.95659 0.328607
3 -0.694981 -1.1454 0.324059
1 -0.592096 -1.35394 0.329809
2 -0.614853 -1.26858 0.334786
2 -0.666483 -1.13231 0.322992
5 -0.578593 -1.3322 0.334818
1 -0.580053 -1.32227 0.3291
1 -0.609392 -1.3755 0.324306
1 -0.642434 -1.18183 0.327103
4 -0.537934 -1.40772 0.338217
3 -0.661798 -1.01001 0.327919
6 -0.752821 -0.687246 0.327156
5 -0.806759 -0.598299 0.318
4 -0.660989 -0.886926 0.337366
4 -0.706807 -0.987733 0.329317
2 -0.664969 -0.973016 0.341885
5 -0.695229 -1.05488 0.326415
3 -0.514006 -1.82431 0.335496
3 -0.503691 -1.64913 0.339836
8 -0.57303 -1.5924 0.329854
1 -0.540792 -1.67588 0.333799
1 -0.602733 -1.42685 0.327756
4 -0.502122 -1.66302 0.335625
4 -0.591005 -1.47394 0.333726
3 -0.63569 -1.25137 0.330787
1 -0.662405 -1.15824 0.328829
16 -0.693701 -0.955009 0.326736
2 -0.648989 -1.22169 0.326926
4 -0.72858 -0.993794 0.316041
1 -0.62515 -1.35326 0.325666
2 -0.672974 -1.16934 0.329284
4 -0.633229 -1.29755 0.332501
3 -0.639072 -1.29014 0.329059
1 -0.653745 -1.21034 0.323452
4 -0.641273 -1.1659 0.330794
6 -0.63699 -1.24283 0.328928
2 -0.62861 -1.1371 0.330412
1 -0.611456 -1.17674 0.333774
1 -0.600681 -1.2603 0.333585
2 -0.642054 -1.09711 0.334113
9 -0.714741 -0.992269 0.32494
1 -0.718781 -1.03637 0.321957
1 -0.841647 -0.500027 0.317666
2 -0.562621 -1.44173 0.339971
7 -0.558702 -1.37943 0.342484
8 -0.71154 -0.869315 0.327473
2 -0.567086 -1.37696 0.341384
5 -0.503179 -1.67266 0.341925
1 -0.574463 -1.33938 0.340221
7 -0.459614 -1.63882 0.348379
1 -0.566151 -1.33592 0.335932
1 -0.608909 -1.2839 0.337312
1 -0.641763 -1.25521 0.332724
9 -0.677515 -1.11078 0.328207
1 -0.728169 -0.743323 0.326828
1 -0.791362 -0.721223 0.31617
2 -0.5968 -1.21277 0.335601
2 -0.692278 -0.929433 0.331453
2 -0.561266 -1.36441 0.335372
5 -0.500251 -1.63759 0.335215
2 -0.48445 -1.54195 0.341406
4 -0.634563 -1.23447 0.31861
2 -0.723402 -1.09927 0.312039
3 -0.671031 -1.30275 0.318622
3 -0.489137 -1.73293 0.333172
1 -0.406118 -2.04453 0.342538
3 -0.697563 -0.98974 0.31934
1 -0.695206 -0.997991 0.319497
12 -0.66136 -0.946552 0.337753
6 -0.70413 -0.798519 0.330822
2 -0.674406 -1.06142 0.321489
1 -0.658504 -1.06037 0.328035
1 -0.711259 -0.938302 0.319581
8 -0.696942 -1.00443 0.321003
2 -0.686208 -1.01458 0.323576
1 -0.62537 -1.20381 0.329175
2 -0.659198 -1.0486 0.328236
1 -0.616362 -1.18156 0.331326
3 -0.728519 -0.848896 0.318304
6 -0.62976 -1.22187 0.323147
1 -0.615256 -1.41709 0.317468
1 -0.64451 -1.11681 0.326899
2 -0.683843 -0.942101 0.328168
2 -0.688634 -1.07984 0.327875
2 -0.622465 -1.13744 0.33899
2 -0.498298 -1.68891 0.342511
1 -0.472487 -1.75335 0.343918
8 -0.484484 -1.70497 0.344575
3 -0.532497 -1.59716 0.338674
1 -0.601351 -1.37288 0.325928
3 -0.635033 -1.29563 0.323957
14 -0.738427 -0.9063 0.320682
3 -0.812182 -0.660401 0.31339
2 -0.823522 -0.508945 0.313339
1 -0.832213 -0.492611 0.312071
2 -0.705509 -0.831831 0.321602
10 -0.716662 -0.85589 0.321866
2 -0.616516 -1.0913 0.332606
2 -0.660882 -1.07432 0.321451
1 -0.621005 -1.17407 0.3269
1 -0.353048 -2.12619 0.351411
4 -0.389188 -1.83799 0.3556
1 -0.47844 -1.67254 0.346805
1 -0.651577 -1.01715 0.333189
1 -0.667835 -0.97562 0.337143
3 -0.801367 -0.600032 0.323308
4 -0.60775 -1.4204 0.327067
4 -0.651463 -1.28837 0.323253
3 -0.709102 -1.01154 0.321565
3 -0.711901 -0.925076 0.324154
2 -0.760878 -0.771581 0.320176
4 -0.758026 -0.80477 0.314931
1 -0.78289 -0.74262 0.315694
1 -0.793576 -0.589582 0.321998
2 -0.696153 -0.981832 0.325997
1 -0.638891 -1.16102 0.333281
4 -0.649866 -1.26424 0.323393
1 -0.52493 -1.61754 0.343017
1 -0.560711 -1.45978 0.338911
6 -0.663654 -1.22393 0.320056
6 -0.604794 -1.31946 0.33163
2 -0.677342 -0.963174 0.327134
1 -0.681741 -0.99657 0.32569
1 -0.711369 -0.907794 0.318893
1 -0.699197 -1.05163 0.31834
6 -0.662406 -1.11847 0.330139
1 -0.774379 -0.710222 0.319602
1 -0.744912 -0.866555 0.319606
2 -0.542029 -1.44024 0.337532
4 -0.58524 -1.46607 0.333207
1 -0.523036 -1.61175 0.343321
1 -0.582574 -1.34012 0.336658
2 -0.589899 -1.33763 0.335217
2 -0.622576 -1.34646 0.327218
2 -0.614176 -1.32087 0.325195
8 -0.637274 -1.08924 0.332892
2 -0.580855 -1.20975 0.341727
1 -0.564895 -1.50597 0.335713
2 -0.623543 -1.25822 0.331206
1 -0.485027 -1.6158 0.347883
3 -0.556305 -1.31251 0.344355
5 -0.619333 -1.10062 0.336511
5 -0.635917 -1.06003 0.333156
2 -0.63698 -1.0585 0.333052
1 -0.722914 -0.866678 0.328519
2 -0.768236 -0.81227 0.319607
2 -0.762932 -0.774427 0.321425
2 -0.631503 -1.2996 0.330996
2 -0.560468 -1.50895 0.334346
1 -0.560525 -1.48952 0.332141
2 -0.670961 -1.19707 0.322638
2 -0.628799 -1.2036 0.330214
7 -0.733583 -0.791684 0.324266
7 -0.787967 -0.683754 0.325525
2 -0.601727 -1.30252 0.341113
4 -0.634961 -1.2326 0.338725
2 -0.866036 -0.689734 0.305759
2 -0.964222 -0.203407 0.30641
13 -0.767889 -0.784044 0.322504
2 -0.766 -0.728265 0.32457
2 -0.743591 -0.835388 0.323038
1 -0.565383 -1.33618 0.335299
4 -0.535424 -1.51015 0.337226
1 -0.488982 -1.71953 0.340142
3 -0.519204 -1.73039 0.337701
1 -0.548832 -1.65631 0.325974
2 -0.723203 -1.10893 0.312065
1 -0.631104 -1.37536 0.327569
3 -0.52717 -1.61797 0.334619
2 -0.564812 -1.44873 0.328464
2 -0.614137 -1.3039 0.327241
3 -0.693879 -0.940638 0.326323
6 -0.621175 -1.19813 0.326284
2 -0.605558 -1.17345 0.328973
1 -0.533478 -1.27447 0.342005
2 -0.587573 -1.36387 0.335087
1 -0.715555 -0.916001 0.323112
3 -0.764699 -0.773802 0.319845
2 -0.688175 -0.970511 0.32666
2 -0.731737 -0.941479 0.315573
2 -0.767495 -0.791565 0.317633
2 -0.794549 -0.900727 0.311706
1 -0.465761 -1.83834 0.331877
2 -0.58365 -1.50412 0.326149
9 -0.627168 -1.4621 0.325029
2 -0.498636 -1.57345 0.341154
2 -0.48532 -1.6413 0.34051
7 -0.652458 -1.04602 0.331058
4 -0.716303 -0.76958 0.332317
3 -0.639036 -1.13012 0.335398
1 -0.570548 -1.34282 0.343499
1 -0.602248 -1.20249 0.337352
1 -0.541421 -1.45688 0.333714
2 -0.568194 -1.27429 0.339442
1 -0.565057 -1.28055 0.338738
1 -0.694007 -0.895614 0.326925
6 -0.671747 -0.960684 0.326646
4 -0.804905 -0.66549 0.3123
8 -0.764264 -0.75642 0.317652
1 -0.617827 -1.07462 0.334133
7 -0.634659 -1.23038 0.327073
5 -0.762895 -0.763758 0.316546
1 -0.760443 -0.72469 0.316522
8 -0.647308 -1.08689 0.329837
3 -0.627844 -1.02554 0.3375
1 -0.501476 -1.55926 0.345625
1 -0.498704 -1.74989 0.337834
2 -0.531395 -1.68736 0.335032
1 -0.707795 -1.07288 0.320257
1 -0.68502 -1.07256 0.326604
2 -0.68805 -0.98099 0.330257
2 -0.581221 -1.3555 0.339147
1 -0.580946 -1.31371 0.341358
2 -0.559449 -1.36203 0.338737
4 -0.559934 -1.43317 0.334352
2 -0.575824 -1.38111 0.334668
3 -0.579116 -1.63933 0.321291
2 -0.424995 -2.04851 0.338893
1 -0.467114 -1.86396 0.336625
3 -0.635302 -1.03352 0.338457
2 -0.668884 -1.07117 0.322724
4 -0.513654 -1.53383 0.343017
2 -0.542017 -1.42931 0.333987
2 -0.612457 -1.11758 0.331469
4 -0.721812 -0.88835 0.316565
1 -0.519331 -1.39013 0.345863
4 -0.515108 -1.50958 0.342201
5 -0.691372 -0.948388 0.331065
2 -0.593649 -1.31813 0.339757
2 -0.668279 -1.05169 0.334736
2 -0.610205 -1.12142 0.33635
1 -0.584597 -1.40286 0.332359
6 -0.630228 -1.33313 0.331074
5 -0.599439 -1.56923 0.326277
2 -0.524104 -1.69903 0.33569
1 -0.59795 -1.40916 0.329568
2 -0.645406 -1.19787 0.322464
8 -0.607304 -1.29335 0.321832
1 -0.607114 -1.39863 0.322654
5 -0.602806 -1.33388 0.330304
1 -0.594532 -1.31023 0.326984
1 -0.724289 -0.918171 0.324625
3 -0.6814 -0.955742 0.324157
1 -0.691494 -1.01491 0.320682
2 -0.743691 -0.928899 0.317601
2 -0.828107 -0.64286 0.311832
2 -0.673877 -1.05961 0.322101
6 -0.636175 -1.18342 0.323792
2 -0.706513 -0.942956 0.319997
5 -0.69466 -0.956429 0.321925
4 -0.674278 -1.10997 0.32337
1 -0.81793 -0.734396 0.306626
1 -0.835809 -0.599298 0.307727
3 -0.679096 -1.16259 0.322558
5 -0.749357 -0.90389 0.316855
1 -0.698767 -1.00022 0.317199
1 -0.610369 -1.28562 0.327857
3 -0.495469 -1.50637 0.343047
4 -0.534961 -1.3715 0.344491
3 -0.521453 -1.38265 0.344666
6 -0.57045 -1.25206 0.342861
1 -0.69056 -1.00581 0.328671
1 -0.749221 -0.749818 0.323361
4 -0.775687 -0.752126 0.318021
4 -0.796006 -0.654367 0.320136
1 -0.678104 -0.996932 0.33099
4 -0.713595 -0.973425 0.323235
3 -0.655747 -1.1062 0.328079
2 -0.807324 -0.852419 0.307966
1 -0.82149 -0.732999 0.306325
2 -0.875459 -0.450728 0.309635
1 -0.678143 -1.12868 0.320086
2 -0.685204 -1.10164 0.319563
3 -0.608189 -1.39212 0.32131
2 -0.623522 -1.28376 0.321426
2 -0.592395 -1.35342 0.329157
2 -0.781129 -0.695362 0.317398
3 -0.758112 -0.768644 0.318462
2 -0.607227 -1.21095 0.331903
5 -0.520097 -1.50061 0.33509
1 -0.693336 -1.08718 0.323727
1 -0.659956 -1.21752 0.325445
2 -0.691681 -0.919763 0.323234
4 -0.824473 -0.592288 0.31052
15 -0.629376 -1.12854 0.332549
2 -0.611721 -1.21338 0.337263
2 -0.605384 -1.15055 0.340484
9 -0.581697 -1.21926 0.345764
1 -0.604753 -1.20087 0.340157
5 -0.684286 -1.08613 0.326993
3 -0.625261 -1.1846 0.330807
1 -0.659298 -1.13587 0.32945
3 -0.724206 -0.916484 0.323817
1 -0.640048 -1.26823 0.329106
6 -0.607429 -1.37693 0.333255
1 -0.683568 -1.13641 0.32612
3 -0.596671 -1.48975 0.331051
4 -0.683749 -1.15704 0.325699
2 -0.587288 -1.46549 0.332681
1 -0.692687 -0.82243 0.333109
3 -0.705411 -0.794152 0.329225
11 -0.734019 -0.791711 0.319613
3 -0.824726 -0.458533 0.316078
2 -0.765092 -0.703367 0.318072
4 -0.69483 -0.800882 0.328415
8 -0.719349 -0.711083 0.330578
1 -0.710629 -0.828996 0.321783
1 -0.756653 -0.760805 0.323628
1 -0.750767 -0.875277 0.314818
1 -0.666347 -1.18275 0.31929
1 -0.681315 -1.21222 0.314272
1 -0.633255 -1.30599 0.322074
5 -0.761814 -0.951201 0.315531
1 -0.800916 -0.867898 0.311053
1 -0.813247 -0.763897 0.310579
1 -0.73431 -1.03654 0.313618
1 -0.661637 -1.12515 0.329394
1 -0.712802 -0.717589 0.3306
5 -0.635214 -1.03794 0.338086
1 -0.60384 -1.2595 0.336092
1 -0.651295 -1.13643 0.332894
1 -0.595602 -1.35041 0.333681
10 -0.861406 -0.498034 0.314818
3 -0.652687 -1.21107 0.332931
2 -0.744914 -0.945806 0.320507
6 -0.816958 -0.553037 0.323573
1 -0.691942 -1.12038 0.323314
1 -0.775812 -0.701886 0.318621
3 -0.666504 -1.13308 0.325091
1 -0.677999 -1.06133 0.320952
15 -0.723008 -0.886914 0.326888
4 -0.753217 -0.689039 0.322755
4 -0.610455 -1.38897 0.32741
8 -0.662318 -1.25091 0.322996
1 -0.556552 -1.58299 0.328066
3 -0.596992 -1.45276 0.324926
2 -0.547281 -1.54618 0.33502
1 -0.730349 -0.881003 0.320029
3 -0.700049 -0.893958 0.324864
3 -0.605209 -1.13484 0.335551
4 -0.69171 -0.92069 0.323466
2 -0.826593 -0.47805 0.31784
3 -0.753292 -0.704175 0.323449
1 -0.615897 -1.20338 0.333984
2 -0.428992 -1.95818 0.345674
1 -0.547519 -1.47585 0.332129
1 -0.646234 -1.05967 0.334662
1 -0.726415 -0.7567 0.328599
4 -0.754496 -0.629662 0.327961
1 -0.646626 -1.21705 0.328049
2 -0.808348 -0.611578 0.314568
3 -0.754885 -0.902615 0.31873
1 -0.755207 -0.911794 0.318144
2 -0.728007 -0.949819 0.317284
3 -0.765937 -0.794444 0.315748
1 -0.637841 -0.980688 0.333082
2 -0.714377 -0.718538 0.327859
5 -0.765656 -0.661094 0.319486
1 -0.784612 -0.639578 0.32068
2 -0.672558 -1.07105 0.319495
2 -0.623838 -1.18123 0.327048
5 -0.656135 -1.21026 0.321547
1 -0.690622 -1.11078 0.31739
1 -0.720382 -1.09715 0.312127
2 -0.683949 -1.20855 0.316781
3 -0.434817 -1.8559 0.343361
2 -0.595681 -1.32773 0.325307
4 -0.671213 -1.13121 0.316885
5 -0.598063 -1.37447 0.327318
1 -0.625075 -1.31055 0.326628
6 -0.603709 -1.26179 0.326221
1 -0.697658 -0.623015 0.337863
1 -0.631686 -1.20548 0.32978
5 -0.735017 -1.05459 0.314183
1 -0.657669 -1.22558 0.323215
1 -0.593786 -1.41506 0.328945
5 -0.626189 -1.24323 0.328043
5 -0.642512 -1.19234 0.325269
5 -0.711747 -0.979845 0.321833
4 -0.650697 -1.10299 0.331997
9 -0.513224 -1.58778 0.336231
1 -0.48797 -1.62614 0.342744
2 -0.678396 -1.09687 0.331043
4 -0.669585 -1.12416 0.329846
1 -0.606063 -1.28836 0.327987
3 -0.632475 -1.08622 0.329499
2 -0.605193 -1.20439 0.334763
1 -0.624212 -1.10288 0.334073
4 -0.660685 -1.02755 0.331011
6 -0.752946 -0.779932 0.320743
3 -0.730859 -0.866969 0.319782
2 -0.884734 -0.672721 0.297259
1 -0.850196 -0.743899 0.302587
1 -1.01794 -0.17525 0.29289
5 -0.812697 -0.670441 0.311109
2 -0.761807 -0.865113 0.32184
1 -0.5917 -1.40203 0.33102
2 -0.562546 -1.51525 0.327007
5 -0.569729 -1.51662 0.328478
5 -0.524841 -1.65598 0.335649
3 -0.550281 -1.54603 0.330472
1 -0.629528 -1.25899 0.330409
7 -0.748881 -0.787917 0.326581
5 -0.824191 -0.581321 0.313159
3 -0.799885 -0.668186 0.31352
1 -0.672951 -1.05904 0.326511
1 -0.589142 -1.58881 0.322438
2 -0.719813 -1.11083 0.317511
3 -0.60095 -1.23501 0.337948
1 -0.52983 -1.41821 0.341243
1 -0.478392 -1.67967 0.341547
1 -0.464072 -1.69768 0.343056
3 -0.566941 -1.43274 0.322519
4 -0.502462 -1.59811 0.337176
5 -0.426423 -1.93276 0.342048
8 -0.578332 -1.34595 0.333625
3 -0.552517 -1.39547 0.336273
2 -0.793091 -0.827371 0.309212
8 -0.669041 -1.11338 0.321764
1 -0.673166 -1.23221 0.315125
3 -0.619793 -1.32482 0.333356
1 -0.601183 -1.49025 0.329079
2 -0.538233 -1.60241 0.337282
2 -0.705661 -0.976355 0.324173
5 -0.542784 -1.39284 0.34418
2 -0.782517 -0.69393 0.318275
2 -0.810273 -0.605894 0.316926
5 -0.782015 -0.606522 0.312117
2 -0.816592 -0.670849 0.311039
1 -0.784369 -0.936528 0.305297
8 -0.564606 -1.55512 0.324392
1 -0.608083 -1.27545 0.32438
1 -0.544508 -1.50499 0.33567
1 -0.593497 -1.27649 0.335438
1 -0.493895 -1.60418 0.344116
4 -0.450357 -1.72582 0.347789
4 -0.606523 -1.23583 0.331547
1 -0.698976 -0.916933 0.326849
1 -0.670718 -0.973032 0.328936
3 -0.720301 -0.881015 0.317839
2 -0.581476 -1.38085 0.327886
1 -0.582973 -1.33484 0.339881
1 -0.637716 -1.31217 0.32385
2 -0.612635 -1.33837 0.330791
2 -0.649258 -1.14747 0.331327
1 -0.67299 -1.07855 0.329278
1 -0.587257 -1.4272 0.332228
1 -0.684454 -1.09934 0.327958
6 -0.789007 -0.659707 0.318079
2 -0.700943 -1.13134 0.314934
1 -0.706344 -1.12304 0.314597
5 -0.621567 -1.25306 0.32889
3 -0.635967 -1.27873 0.327449
1 -0.676237 -1.16117 0.319337
3 -0.707704 -0.945863 0.32516
7 -0.501556 -1.53979 0.338789
4 -0.508327 -1.73753 0.335382
2 -0.487761 -1.79519 0.335298
5 -0.744498 -0.822305 0.317769
3 -0.659532 -1.01681 0.334204
1 -0.704474 -0.953465 0.324955
1 -0.606347 -1.29446 0.329302
1 -0.702574 -0.944283 0.323559
1 -0.776768 -0.549444 0.330089
1 -0.727238 -0.699019 0.333053
5 -0.743016 -0.684262 0.328129
4 -0.707474 -0.958199 0.325482
2 -0.740538 -0.767468 0.330005
1 -0.744369 -0.749493 0.329926
4 -0.755809 -0.660342 0.319702
8 -0.620487 -1.08568 0.330716
2 -0.639815 -0.936034 0.333077
1 -0.742405 -0.676736 0.325204
1 -0.749173 -0.661124 0.326743
1 -0.642436 -1.21659 0.330325
6 -0.556612 -1.49223 0.33657
1 -0.578269 -1.33843 0.337779
2 -0.706305 -0.944349 0.329648
1 -0.812353 -0.736406 0.318025
2 -0.671575 -0.963796 0.336551
1 -0.794097 -0.506647 0.32677
1 -0.787793 -0.557099 0.322587
3 -0.81834 -0.460021 0.31998
1 -0.790936 -0.485325 0.316533
1 -0.519896 -1.52698 0.329881
2 -0.502508 -1.56918 0.338631
4 -0.440406 -1.68573 0.349762
5 -0.628992 -1.12854 0.334883
3 -0.637966 -1.12711 0.333467
3 -0.65449 -1.08547 0.3298
1 -0.691585 -0.95954 0.326832
2 -0.566586 -1.3984 0.339042
3 -0.620574 -1.16514 0.334674
3 -0.707115 -1.0358 0.318132
2 -0.717379 -0.90976 0.322122
6 -0.618033 -1.23835 0.325469
2 -0.712134 -0.929508 0.326941
6 -0.724792 -0.842577 0.323877
1 -0.79306 -0.607584 0.320695
2 -0.84118 -0.751767 0.305198
3 -0.654709 -1.01449 0.332359
4 -0.559288 -1.36062 0.341743
3 -0.576727 -1.31657 0.337484
1 -0.524666 -1.44569 0.348851
1 -0.582309 -1.38754 0.329655
1 -0.679078 -1.00753 0.325455
4 -0.664354 -0.867677 0.329739
2 -0.75968 -0.850168 0.308606
1 -0.796938 -0.522625 0.325385
2 -0.754261 -0.694891 0.326822
1 -0.711203 -0.790625 0.325292
1 -0.687133 -0.798068 0.326484
1 -0.647912 -1.18624 0.326156
3 -0.650376 -1.2051 0.322749
5 -0.623813 -1.10311 0.332825
2 -0.646517 -1.01611 0.329472
1 -0.732571 -0.756964 0.323761
2 -0.788139 -0.718882 0.317571
4 -0.749151 -0.86855 0.314642
2 -0.648218 -1.24266 0.323097
1 -0.743085 -0.814603 0.326368
1 -0.745767 -0.814426 0.321872
2 -0.746698 -0.824849 0.321857
1 -0.840108 -0.429238 0.31543
1 -0.628004 -1.25765 0.322164
4 -0.62825 -1.25678 0.322143
12 -0.6674 -1.18193 0.324102
8 -0.612684 -1.19689 0.335126
3 -0.647214 -1.05531 0.335485
2 -0.61532 -1.23594 0.336777
3 -0.683888 -0.98111 0.334296
5 -0.697525 -0.895646 0.324761
1 -0.704852 -0.822923 0.325352
5 -0.662974 -1.07326 0.32334
8 -0.557853 -1.32131 0.33866
3 -0.711507 -0.957732 0.327657
2 -0.823851 -0.588682 0.323044
1 -0.817077 -0.590969 0.324226
6 -0.68469 -1.10518 0.327687
4 -0.564733 -1.45895 0.332982
4 -0.588846 -1.28995 0.334712
2 -0.604588 -1.26244 0.331045
1 -0.567801 -1.33405 0.334066
3 -0.666521 -1.16715 0.315687
5 -0.82009 -0.360162 0.32852
3 -0.800839 -0.401483 0.330304
2 -0.800642 -0.402449 0.330206
1 -0.77017 -0.590734 0.327052
7 -0.695269 -0.756355 0.334479
1 -0.808371 -0.529464 0.324097
1 -0.77594 -0.686166 0.319438
1 -0.465912 -1.72045 0.345031
3 -0.54035 -1.40003 0.337698
3 -0.609663 -1.21453 0.334277
2 -0.63972 -1.0857 0.336361
2 -0.712774 -0.891811 0.326829
1 -0.700608 -0.985437 0.326276
2 -0.759655 -0.795343 0.32021
7 -0.736026 -0.933005 0.317188
1 -0.774463 -0.854647 0.310744
1 -0.855138 -0.371105 0.318451
3 -0.841022 -0.485957 0.315279
4 -0.887995 -0.477234 0.303989
2 -0.769175 -0.824485 0.317469
5 -0.585498 -1.2238 0.333374
1 -0.617627 -1.30586 0.328806
3 -0.842517 -0.607917 0.313844
4 -0.743452 -0.955819 0.316796
1 -0.681852 -1.06535 0.321473
8 -0.584567 -1.33825 0.333771
3 -0.751094 -0.85402 0.324044
1 -0.682619 -1.03301 0.321191
4 -0.687956 -1.01378 0.31941
11 -0.740904 -0.748561 0.321263
7 -0.740477 -0.682022 0.323962
4 -0.789306 -0.579051 0.317278
4 -0.71274 -0.939846 0.318859
4 -0.644935 -1.24447 0.322097
5 -0.620056 -1.44645 0.335861
2 -0.662782 -1.28318 0.330137
10 -0.771065 -1.01206 0.313612
1 -0.777269 -0.575593 0.324922
1 -0.714875 -0.94535 0.317342
2 -0.703718 -0.906567 0.319039
1 -0.708686 -0.838711 0.32417
1 -0.698662 -0.937646 0.319917
1 -0.693364 -0.91677 0.322521
1 -0.761321 -0.680628 0.326487
1 -0.682969 -0.975243 0.333174
3 -0.519996 -1.5462 0.344811
2 -0.550803 -1.43863 0.341219
2 -0.480871 -1.85507 0.342335
1 -0.48819 -1.69175 0.337343
2 -0.587832 -1.45629 0.324702
1 -0.668373 -1.18167 0.318467
1 -0.620286 -1.25344 0.328327
9 -0.601829 -1.46513 0.328067
1 -0.545393 -1.66638 0.328453
3 -0.645736 -1.30954 0.321923
2 -0.581414 -1.53153 0.327249
1 -0.619172 -1.34944 0.324318
5 -0.901466 -0.31326 0.309643
1 -0.811214 -0.510358 0.318391
1 -0.805049 -0.510731 0.315214
4 -0.587304 -1.30989 0.337721
2 -0.779249 -0.682068 0.318365
3 -0.774495 -0.706555 0.316362
1 -0.824184 -0.541747 0.323792
3 -0.744801 -0.828333 0.315073
1 -0.598516 -1.26259 0.331531
2 -0.7648 -0.81519 0.318418
2 -0.814185 -0.659986 0.312432
1 -0.751315 -0.880394 0.322293
3 -0.757818 -0.849373 0.322328
4 -0.718829 -0.915401 0.331277
1 -0.709114 -1.11362 0.314451
6 -0.602274 -1.43525 0.324214
4 -0.732738 -1.10471 0.31079
3 -0.737244 -1.10093 0.309795
1 -0.737197 -1.02586 0.309592
1 -0.670135 -1.21781 0.318392
1 -0.609312 -1.46955 0.323446
3 -0.791824 -0.662211 0.320064
2 -0.842438 -0.483683 0.317425
2 -0.627699 -1.33413 0.330319
1 -0.562703 -1.51624 0.33277
1 -0.548834 -1.37264 0.341651
10 -0.647965 -0.999485 0.334465
1 -0.651739 -1.02661 0.329353
5 -0.697726 -1.06476 0.327399
4 -0.874575 -0.375123 0.320397
3 -0.837106 -0.486359 0.322927
3 -0.742135 -0.693625 0.331494
3 -0.810993 -0.475539 0.320089
1 -0.782082 -0.610717 0.318998
1 -0.745928 -0.703992 0.323703
5 -0.786185 -0.645734 0.315934
3 -0.823908 -0.664265 0.310843
1 -0.748825 -0.916589 0.317694
2 -0.667497 -1.02137 0.324271
4 -0.723034 -0.795137 0.32904
4 -0.67981 -0.861694 0.335315
1 -0.781682 -0.699245 0.31809
1 -0.71783 -0.852111 0.327853
2 -0.733568 -0.856288 0.322977
3 -0.669699 -1.20261 0.319786
1 -0.746155 -0.881778 0.319467
1 -0.637281 -0.974308 0.333663
2 -0.653028 -0.948875 0.33004
3 -0.686384 -1.03604 0.330613
1 -0.690677 -1.02174 0.330245
1 -0.670295 -1.09514 0.328488
1 -0.617511 -1.49035 0.321063
2 -0.48841 -1.95813 0.330994
3 -0.563153 -1.74641 0.321936
2 -0.643005 -1.29991 0.317958
2 -0.752341 -0.843937 0.321469
4 -0.625811 -1.31668 0.333944
3 -0.580559 -1.59864 0.324456
1 -0.623174 -1.50222 0.323053
3 -0.710248 -1.12391 0.316274
2 -0.62786 -1.19989 0.325223
1 -0.532165 -1.48698 0.332244
1 -0.502076 -1.64866 0.334909
1 -0.72232 -1.09203 0.319682
1 -0.755564 -1.06571 0.316079
6 -0.708394 -1.15277 0.319286
4 -0.684899 -1.26283 0.318183
8 -0.678475 -1.14166 0.32581
9 -0.664614 -1.17581 0.32161
2 -0.488391 -1.58164 0.334828
3 -0.436624 -1.66676 0.349575
4 -0.481839 -1.66444 0.34345
1 -0.66622 -1.1183 0.321318
2 -0.708707 -0.95567 0.321929
2 -0.646998 -1.15296 0.327589
4 -0.641967 -1.17253 0.331569
2 -0.566073 -1.34606 0.339613
1 -0.65212 -1.062 0.337279
1 -0.587758 -1.33418 0.340186
5 -0.656533 -1.05999 0.32997
2 -0.633299 -1.15218 0.329509
2 -0.645082 -1.14532 0.328023
3 -0.803203 -0.780819 0.308758
4 -0.759124 -0.803527 0.317121
2 -0.647503 -1.1378 0.319952
1 -0.594314 -1.36574 0.322083
2 -0.771123 -0.8756 0.307584
6 -0.658408 -1.23928 0.317552
1 -0.564109 -1.34595 0.33325
2 -0.464211 -1.60299 0.341387
2 -0.524095 -1.36836 0.339863
2 -0.708506 -0.962009 0.324602
3 -0.732711 -0.880733 0.324043
1 -0.667658 -1.01812 0.327088
2 -0.681731 -0.905366 0.332414
1 -0.597123 -1.25087 0.337936
3 -0.689924 -1.17449 0.317439
6 -0.707696 -1.12486 0.316186
2 -0.602787 -1.39241 0.322153
4 -0.563659 -1.59817 0.323851
1 -0.518905 -1.78448 0.3274
2 -0.582655 -1.24669 0.336691
4 -0.607097 -1.13433 0.336605
6 -0.738615 -0.792059 0.323361
1 -0.732709 -0.860101 0.320748
3 -0.69817 -1.17256 0.320884
3 -0.618391 -1.20789 0.328385
1 -0.593151 -1.30121 0.328708
6 -0.772165 -0.810714 0.317571
1 -0.740476 -0.855101 0.319407
2 -0.617299 -1.28332 0.329264
1 -0.700904 -1.06467 0.322298
5 -0.747582 -0.899885 0.321002
11 -0.697561 -0.945931 0.331557
1 -0.65638 -1.03129 0.336434
4 -0.739028 -0.736595 0.329702
1 -0.583369 -1.30522 0.332485
9 -0.496576 -1.5386 0.343826
2 -0.467615 -1.61085 0.346562
2 -0.556381 -1.41674 0.331553
5 -0.64994 -1.08874 0.322993
5 -0.550544 -1.38772 0.331829
10 -0.780155 -0.73124 0.311057
1 -0.796994 -0.852254 0.305745
3 -0.735541 -0.923418 0.320624
5 -0.584904 -1.44445 0.335381
3 -0.637287 -1.14628 0.32962
3 -0.625398 -1.33026 0.330058
2 -0.708312 -1.04401 0.324608
2 -0.702745 -0.99759 0.319184
1 -0.683417 -1.12071 0.318567
5 -0.554385 -1.46004 0.332819
2 -0.655876 -1.13125 0.325434
1 -0.63007 -1.1397 0.335707
1 -0.655563 -1.03724 0.327068
1 -0.671752 -0.944518 0.330553
2 -0.716854 -0.901435 0.323161
3 -0.707275 -0.849345 0.325668
2 -0.68693 -1.01645 0.327702
1 -0.676409 -1.14498 0.324415
4 -0.792433 -0.675002 0.316268
5 -0.751508 -0.853982 0.32125
1 -0.702562 -0.965976 0.326726
3 -0.847423 -0.440512 0.315262
2 -0.76771 -0.72075 0.317555
1 -0.726656 -0.779117 0.323462
1 -0.706426 -0.891821 0.322439
1 -0.749039 -0.769708 0.318171
6 -0.751212 -0.959118 0.317141
3 -0.709448 -1.06397 0.317266
2 -0.739033 -0.929284 0.318899
3 -0.753474 -0.841787 0.320666
4 -0.808263 -0.678876 0.32003
1 -0.714659 -1.03035 0.327641
2 -0.516891 -1.67173 0.342536
4 -0.474462 -1.62162 0.349399
5 -0.529771 -1.39671 0.346088
5 -0.785425 -0.821108 0.319297
2 -0.72614 -0.890159 0.32294
1 -0.708461 -0.892895 0.328513
3 -0.741979 -0.757145 0.321151
4 -0.718638 -1.04577 0.321769
3 -0.712148 -1.02519 0.317352
1 -0.658384 -1.11217 0.326468
11 -0.699485 -1.03663 0.323896
2 -0.772563 -0.691547 0.32355
9 -0.738898 -0.759236 0.324024
13 -0.664007 -1.07563 0.329184
6 -0.676233 -1.05335 0.326432
1 -0.680795 -1.12589 0.318821
1 -0.660744 -1.32898 0.321376
1 -0.794115 -0.74605 0.314256
2 -0.836877 -0.556094 0.308247
1 -0.824802 -0.645474 0.3052
1 -0.825632 -0.651466 0.308663
2 -0.67423 -1.12632 0.322556
4 -0.61989 -1.46969 0.319751
1 -0.548719 -1.67845 0.325698
9 -0.699441 -1.01383 0.318319
2 -0.715995 -0.929179 0.320967
7 -0.540991 -1.40714 0.342406
2 -0.688848 -0.980939 0.326219
1 -0.58093 -1.46125 0.332184
2 -0.622 -1.11489 0.336122
1 -0.645285 -1.04907 0.335994
1 -0.730341 -0.767643 0.326269
5 -0.748488 -0.828551 0.320519
5 -0.778939 -0.762999 0.317418
1 -0.658263 -1.12015 0.327295
1 -0.65025 -1.15426 0.327497
2 -0.800352 -0.612499 0.316788
9 -0.617449 -1.34952 0.324212
3 -0.679271 -1.31469 0.319589
2 -0.657749 -1.38947 0.322511
2 -0.538487 -1.60576 0.332079
1 -0.596413 -1.34637 0.327288
1 -0.732494 -0.930216 0.322908
2 -0.687552 -0.982268 0.324881
5 -0.671383 -0.993879 0.326577
7 -0.656012 -1.06752 0.332913
2 -0.706341 -1.15381 0.318644
1 -0.515625 -1.48751 0.336459
1 -0.647658 -0.898465 0.336493
3 -0.560233 -1.23631 0.335591
2 -0.612035 -1.16207 0.326889
3 -0.707007 -0.870222 0.326645
3 -0.733376 -0.752771 0.324194
4 -0.665303 -1.03642 0.329136
2 -0.656258 -1.05296 0.33383
1 -0.764713 -0.703861 0.321447
3 -0.745666 -0.8139 0.323972
2 -0.66039 -1.08569 0.330902
1 -0.64245 -1.14302 0.331225
2 -0.605025 -1.24701 0.330275
6 -0.69262 -0.926873 0.32608
1 -0.784866 -0.879777 0.308628
2 -0.81335 -0.826006 0.307694
4 -0.684126 -1.13654 0.322631
1 -0.609053 -1.25504 0.329575
1 -0.747889 -0.764345 0.326884
4 -0.733876 -0.795188 0.323022
6 -0.731827 -0.78931 0.32311
4 -0.658733 -1.00489 0.329095
4 -0.683871 -0.964273 0.326557
3 -0.767647 -0.806458 0.321032
2 -0.72854 -0.911801 0.323589
1 -0.770561 -0.939731 0.312305
4 -0.815703 -0.828524 0.311582
4 -0.725672 -1.1114 0.325898
2 -0.729361 -1.00995 0.319546
4 -0.770552 -0.907113 0.314704
2 -0.722669 -1.00237 0.321558
4 -0.719699 -1.00668 0.320347
4 -0.611127 -1.30683 0.334676
4 -0.724688 -0.997669 0.321935
1 -0.717853 -0.999586 0.324005
3 -0.786729 -0.580576 0.324843
8 -0.724269 -0.823937 0.328078
1 -0.705681 -0.935523 0.329041
3 -0.554133 -1.4371 0.335447
1 -0.518419 -1.6163 0.335817
2 -0.632233 -1.1173 0.329013
1 -0.673991 -1.09141 0.32297
1 -0.604139 -1.19175 0.334617
1 -0.678826 -1.03627 0.324232
1 -0.59696 -1.27237 0.334617
2 -0.668946 -1.17227 0.321175
3 -0.623254 -1.25464 0.331248
7 -0.733518 -0.840159 0.327264
2 -0.69406 -0.893155 0.327091
1 -0.572404 -1.49008 0.330122
4 -0.667991 -1.19064 0.322302
2 -0.634075 -1.28321 0.323455
5 -0.618004 -1.0277 0.351194
3 -0.603913 -1.1583 0.330035
1 -0.621027 -1.26847 0.32656
1 -0.641124 -1.17683 0.325706
3 -0.568453 -1.45105 0.334176
3 -0.673359 -1.15822 0.323148
1 -0.585962 -1.32441 0.335875
3 -0.496277 -1.57229 0.345885
1 -0.630189 -1.2157 0.335835
3 -0.650593 -1.15319 0.332942
5 -0.669633 -1.01639 0.329265
2 -0.716358 -0.921761 0.321561
3 -0.679447 -1.00427 0.325323
6 -0.633922 -1.05465 0.330824
1 -0.677992 -0.957449 0.328161
4 -0.654329 -0.961268 0.332078
1 -0.767644 -0.600188 0.323063
1 -0.771751 -0.604765 0.3215
4 -0.757323 -0.671363 0.324282
2 -0.569367 -1.13084 0.335863
1 -0.580905 -1.41888 0.325032
4 -0.538358 -1.5304 0.335841
1 -0.62033 -1.29834 0.33097
4 -0.728427 -0.857962 0.326244
5 -0.635025 -1.07798 0.327976
2 -0.609498 -1.14635 0.338228
3 -0.717611 -1.02862 0.32357
3 -0.571015 -1.39546 0.334473
1 -0.565842 -1.42027 0.33369
1 -0.554106 -1.58826 0.336557
1 -0.627346 -1.23093 0.326829
3 -0.573727 -1.28255 0.337919
2 -0.655427 -1.10436 0.328309
2 -0.649565 -1.30453 0.323658
3 -0.651715 -1.26007 0.321066
1 -0.572701 -1.29013 0.336884
1 -0.593365 -1.22704 0.339259
2 -0.713804 -0.855454 0.3287
5 -0.687639 -0.91117 0.328196
2 -0.790282 -0.511316 0.322915
3 -0.82598 -0.422217 0.315637
2 -0.728275 -0.730299 0.325742
3 -0.848286 -0.30724 0.326054
3 -0.77061 -0.670594 0.324699
1 -0.676368 -1.0643 0.325491
4 -0.634224 -1.02942 0.336699
1 -0.676753 -0.899851 0.330975
9 -0.809024 -0.663395 0.317984
2 -0.800611 -0.690694 0.312158
4 -0.83865 -0.522731 0.313159
1 -0.733098 -0.861268 0.317711
2 -0.683475 -1.18846 0.321083
1 -0.772518 -0.782628 0.315768
1 -0.732926 -0.702757 0.328925
2 -0.674025 -1.13584 0.325547
2 -0.661898 -1.24496 0.324711
2 -0.630564 -1.20476 0.328221
2 -0.650314 -1.00403 0.331911
2 -0.66893 -0.982654 0.32916
5 -0.727889 -0.937517 0.322151
3 -0.825493 -0.572535 0.317871
4 -0.834784 -0.408702 0.316207
2 -0.765507 -0.871555 0.320114
1 -0.770885 -0.734902 0.324393
5 -0.819488 -0.729926 0.317696
4 -0.645507 -1.17412 0.328165
1 -0.677012 -0.995737 0.325319
1 -0.778284 -0.764899 0.315026
7 -0.768438 -0.773939 0.32018
1 -0.741274 -0.84919 0.320401
2 -0.756977 -0.637892 0.327418
1 -0.691204 -0.964364 0.332586
1 -0.63573 -1.06107 0.336878
2 -0.625226 -1.02096 0.342038
1 -0.615915 -1.13698 0.333676
2 -0.732773 -0.680501 0.33187
2 -0.743503 -0.711499 0.325872
5 -0.723424 -0.874766 0.323211
4 -0.53458 -1.53235 0.340165
4 -0.61283 -1.22952 0.335018
1 -0.682413 -1.09052 0.325753
1 -0.751172 -0.870948 0.318886
1 -0.780986 -0.777055 0.316535
1 -0.538237 -1.48738 0.333512
1 -0.65181 -1.18436 0.319522
3 -0.487521 -1.64853 0.335776
7 -0.551724 -1.48659 0.327783
3 -0.515101 -1.52865 0.341542
2 -0.517289 -1.62759 0.334836
1 -0.508337 -1.67093 0.33679
1 -0.488778 -1.76207 0.334855
2 -0.621206 -1.22635 0.327174
3 -0.664551 -1.13084 0.324793
1 -0.759834 -0.901073 0.315237
1 -0.712388 -1.06854 0.319191
1 -0.56549 -1.4808 0.333874
1 -0.730746 -1.00815 0.314147
4 -0.765453 -0.953604 0.312797
4 -0.709646 -1.10804 0.321643
2 -0.783462 -0.841317 0.314241
1 -0.661263 -0.956066 0.334628
1 -0.674282 -1.01504 0.330054
3 -0.679198 -1.19311 0.322333
5 -0.529266 -1.80969 0.332228
1 -0.534834 -1.71303 0.330487
2 -0.397811 -2.08043 0.347809
4 -0.629049 -1.29461 0.329335
2 -0.597422 -1.33954 0.330049
17 -0.621018 -1.28981 0.330819
3 -0.617406 -1.40949 0.322051
4 -0.54877 -1.45556 0.332558
2 -0.645509 -1.05761 0.333535
2 -0.546662 -1.34064 0.344769
2 -0.594322 -1.18548 0.341287
7 -0.599415 -1.14621 0.339516
2 -0.816853 -0.481616 0.321704
2 -0.858127 -0.501976 0.313599
4 -0.878612 -0.391361 0.315035
4 -0.859494 -0.435571 0.31686
4 -0.739737 -0.837141 0.326826
9 -0.781226 -0.937856 0.314065
1 -0.752144 -0.855595 0.318408
2 -0.795841 -0.693867 0.309865
1 -0.790846 -0.570448 0.318319
2 -0.764721 -0.652151 0.329706
2 -0.775534 -0.71558 0.320902
5 -0.668332 -1.02921 0.325931
3 -0.645191 -1.1647 0.327945
1 -0.614232 -1.24521 0.328121
4 -0.731467 -0.969855 0.31411
3 -0.730734 -0.741652 0.328105
3 -0.721417 -0.763682 0.329966
2 -0.750601 -0.712597 0.322395
1 -0.695588 -0.927935 0.326912
3 -0.702103 -0.966777 0.326729
2 -0.752223 -0.819544 0.326198
2 -0.66723 -1.11539 0.331336
1 -0.711828 -0.944723 0.32473
1 -0.789333 -0.626497 0.320698
2 -0.688629 -0.817612 0.328956
1 -0.586675 -1.25548 0.3269
1 -0.742458 -0.607361 0.324189
2 -0.870927 -0.476646 0.307082
2 -0.717716 -0.818273 0.327042
1 -0.722552 -0.812358 0.324898
1 -0.77897 -0.788437 0.316715
9 -0.734195 -1.04795 0.322806
1 -0.658743 -1.26427 0.330041
5 -0.828605 -0.846835 0.305815
3 -0.57864 -1.54852 0.32979
2 -0.463252 -1.78444 0.340519
2 -0.729045 -0.947754 0.322299
3 -0.711366 -0.949334 0.325611
2 -0.773646 -0.747877 0.31803
1 -0.747187 -0.82098 0.326339
2 -0.731969 -0.837545 0.329284
3 -0.729995 -0.808254 0.328741
1 -0.819055 -0.505089 0.31798
3 -0.732999 -0.864476 0.318447
2 -0.635092 -1.24072 0.328734
2 -0.659669 -1.2613 0.324048
1 -0.608171 -1.33244 0.331144
2 -0.580314 -1.41485 0.329424
5 -0.678788 -1.12884 0.320925
4 -0.666022 -1.15424 0.321543
1 -0.740751 -0.971614 0.315688
2 -0.695926 -0.916899 0.327675
12 -0.695516 -0.910425 0.329118
2 -0.724686 -0.811453 0.324967
4 -0.670007 -0.932906 0.328739
1 -0.648294 -1.07265 0.325973
4 -0.680031 -1.05037 0.325333
1 -0.660964 -1.02908 0.331817
1 -0.593745 -1.22067 0.339766
4 -0.654202 -1.03513 0.337345
1 -0.716502 -0.99012 0.328696
1 -0.659872 -1.04959 0.331156
2 -0.768795 -0.858541 0.313782
3 -0.670846 -1.031 0.327359
2 -0.777837 -0.613077 0.320851
2 -0.748882 -0.909206 0.316208
1 -0.709558 -1.03793 0.318704
7 -0.708834 -0.938937 0.323703
1 -0.754425 -0.842552 0.320211
1 -0.720561 -1.06338 0.319914
2 -0.742813 -0.927335 0.321202
4 -0.592864 -1.44517 0.332755
1 -0.703672 -1.07917 0.322134
1 -0.742926 -0.930181 0.318274
1 -0.826387 -0.786275 0.308204
2 -0.773138 -0.915533 0.310921
6 -0.696708 -1.05288 0.326717
1 -0.820827 -0.448501 0.323795
5 -0.660668 -1.08676 0.327296
3 -0.633114 -1.26255 0.328889
1 -0.697318 -0.96176 0.323606
4 -0.777687 -0.814477 0.316353
2 -0.869119 -0.477927 0.309389
5 -0.537339 -1.46448 0.333365
1 -0.55898 -1.28049 0.332517
1 -0.685591 -0.951606 0.324906
1 -0.800418 -0.67067 0.313285
4 -0.615233 -1.419 0.323395
1 -0.593692 -1.50244 0.338098
1 -0.553439 -1.52437 0.342556
4 -0.596165 -1.34441 0.339158
1 -0.56978 -1.42721 0.33882
3 -0.732437 -0.912765 0.322867
6 -0.682796 -1.13385 0.319741
8 -0.524893 -1.47256 0.336838
2 -0.5912 -1.29611 0.333955
2 -0.615291 -1.24979 0.334544
2 -0.600484 -1.29784 0.333135
1 -0.656461 -1.09196 0.332643
1 -0.748051 -0.714501 0.324598
2 -0.733795 -0.770766 0.326062
3 -0.74825 -0.674073 0.325659
1 -0.763422 -0.654637 0.326564
2 -0.776455 -0.590062 0.32241
1 -0.773825 -0.736035 0.314453
2 -0.722095 -1.04848 0.323842
2 -0.729252 -0.992944 0.321964
1 -0.583655 -1.39266 0.331904
5 -0.617668 -1.22762 0.329867
2 -0.72011 -0.911903 0.323893
2 -0.706998 -0.945667 0.324147
1 -0.756501 -0.799199 0.320607
2 -0.773673 -0.670031 0.325637
4 -0.799977 -0.776004 0.312693
1 -0.614811 -1.37832 0.325668
1 -0.746166 -0.821918 0.32842
2 -0.758532 -0.793538 0.329563
3 -0.934235 -0.248802 0.315085
5 -0.659454 -1.361 0.322954
1 -0.713537 -0.810008 0.32783
4 -0.665091 -1.0706 0.324532
4 -0.692125 -0.80968 0.32684
1 -0.812145 -0.551863 0.319516
2 -0.687604 -0.962962 0.327569
2 -0.68635 -1.00334 0.329171
1 -0.56111 -1.37364 0.337839
7 -0.543442 -1.27969 0.345893
4 -0.665904 -1.07919 0.329351
1 -0.636899 -1.23938 0.335674
2 -0.736714 -0.942352 0.32335
2 -0.668065 -1.14037 0.32356
1 -0.719008 -0.951915 0.32024
3 -0.624676 -1.04241 0.336731
2 -0.782497 -0.784227 0.311072
2 -0.625922 -1.17945 0.33138
3 -0.66879 -1.16962 0.323805
3 -0.67562 -1.08347 0.32205
2 -0.732689 -0.902482 0.316463
3 -0.73938 -0.775103 0.315773
2 -0.731491 -0.964299 0.314373
1 -0.707087 -0.875681 0.324005
2 -0.781113 -0.636656 0.320936
5 -0.684894 -1.03996 0.325617
4 -0.717231 -0.914034 0.321754
1 -0.681729 -1.12376 0.321003
8 -0.697265 -1.12205 0.318196
2 -0.672095 -1.13509 0.32343
9 -0.679063 -0.938215 0.329262
1 -0.714624 -0.834673 0.326903
2 -0.606138 -1.22069 0.328965
3 -0.578509 -1.3449 0.331059
4 -0.584805 -1.53052 0.32956
1 -0.6269 -1.35589 0.332051
2 -0.645892 -1.283 0.328837
4 -0.669264 -1.07959 0.327969
2 -0.751584 -0.696403 0.320279
1 -0.677237 -0.875658 0.325025
2 -0.548464 -1.21005 0.341884
2 -0.547051 -1.21302 0.342176
1 -0.635807 -0.970405 0.336616
3 -0.710437 -0.801487 0.332969
1 -0.627491 -1.23914 0.331334
2 -0.592466 -1.33809 0.331502
1 -0.665835 -1.11702 0.326568
1 -0.639096 -1.1994 0.32909
1 -0.684886 -0.887941 0.326137
1 -0.680035 -0.795757 0.331631
1 -0.698594 -0.768956 0.328902
5 -0.726257 -0.761502 0.323696
2 -0.754188 -0.708126 0.323098
1 -0.745463 -0.844584 0.317943
1 -0.760464 -0.857189 0.317021
4 -0.550001 -1.60852 0.330942
1 -0.817613 -0.694052 0.307986
5 -0.651671 -1.14193 0.322151
2 -0.726411 -0.851285 0.315223
3 -0.637523 -1.11907 0.323974
1 -0.476218 -1.51487 0.344765
1 -0.518755 -1.55147 0.33867
7 -0.484783 -1.57906 0.341382
1 -0.583945 -1.30036 0.333268
1 -0.64342 -1.04183 0.331047
1 -0.656893 -0.994079 0.335031
2 -0.7469 -0.70297 0.322311
2 -0.613477 -1.09937 0.33578
1 -0.81122 -0.738534 0.314161
7 -0.776358 -0.865949 0.308803
3 -0.782067 -0.761864 0.315689
2 -0.691307 -0.958283 0.329687
3 -0.682143 -1.06614 0.329126
1 -0.788372 -0.689591 0.318461
9 -0.814692 -0.634371 0.311573
2 -0.807407 -0.739812 0.311348
1 -0.597404 -1.42946 0.325522
1 -0.539023 -1.58484 0.331413
5 -0.572437 -1.49797 0.329051
1 -0.543293 -1.55892 0.333381
1 -0.703855 -1.10544 0.324548
3 -0.675696 -1.14499 0.319165
3 -0.660112 -1.2145 0.327465
1 -0.571428 -1.38511 0.339762
6 -0.758276 -0.840137 0.324536
3 -0.81229 -0.765201 0.315112
2 -0.750757 -0.986021 0.312723
1 -0.76153 -1.00913 0.31081
2 -0.573653 -1.34626 0.335763
5 -0.668006 -1.15247 0.32762
2 -0.707893 -1.09555 0.314161
1 -0.508152 -1.67569 0.336152
4 -0.698412 -1.07508 0.316631
5 -0.726623 -1.00138 0.316856
2 -0.567665 -1.42558 0.335203
4 -0.697227 -1.06558 0.32805
4 -0.743513 -0.805807 0.329726
2 -0.761465 -0.865536 0.321374
2 -0.655418 -0.958703 0.335279
1 -0.61963 -1.02907 0.339749
2 -0.629461 -1.17045 0.331635
1 -0.63753 -1.0498 0.334898
4 -0.696973 -1.03076 0.318218
3 -0.628124 -1.09949 0.333823
3 -0.556017 -1.47641 0.331421
4 -0.692964 -1.03743 0.322168
1 -0.625892 -1.15782 0.329749
1 -0.801541 -0.582308 0.315739
2 -0.662553 -1.05626 0.31788
1 -0.765323 -0.694614 0.316831
1 -0.683084 -0.918223 0.325602
1 -0.64627 -1.05721 0.326194
3 -0.635419 -1.08591 0.326407
1 -0.735037 -0.778654 0.322893
1 -0.798412 -0.606683 0.31723
4 -0.664856 -1.07508 0.33125
2 -0.482752 -1.80063 0.341776
3 -0.562391 -1.4523 0.344657
1 -0.702294 -1.13212 0.326565
1 -0.813858 -0.676254 0.31836
4 -0.738445 -0.931618 0.322323
9 -0.657294 -0.987758 0.330473
2 -0.649633 -1.05128 0.329596
3 -0.641261 -1.11773 0.329677
2 -0.603412 -1.24866 0.33505
1 -0.611341 -1.34924 0.331034
1 -0.53514 -1.61827 0.332697
1 -0.542116 -1.52065 0.336995
3 -0.464792 -1.81399 0.344848
6 -0.578888 -1.42121 0.334123
5 -0.530469 -1.39154 0.347907
3 -0.620232 -1.21779 0.336428
6 -0.667903 -1.07413 0.330829
3 -0.570364 -1.24832 0.338733
1 -0.603379 -1.23119 0.332499
1 -0.639174 -1.08606 0.330466
1 -0.504429 -1.5602 0.339158
1 -0.486248 -1.60353 0.340279
9 -0.840139 -0.522688 0.309796
1 -0.750932 -0.85639 0.321794
3 -0.800181 -0.646308 0.317995
1 -0.786156 -0.872332 0.308394
4 -0.619673 -1.28384 0.327816
5 -0.600298 -1.32821 0.333972
1 -0.685156 -1.174 0.319384
1 -0.764743 -0.866734 0.322257
4 -0.683757 -1.12571 0.326996
2 -0.646606 -1.26335 0.323627
1 -0.717888 -0.928946 0.318963
2 -0.712436 -0.916142 0.32155
2 -0.697379 -0.891129 0.330094
1 -0.674177 -0.99828 0.324414
3 -0.606952 -1.1144 0.335547
7 -0.729861 -0.716361 0.324579
1 -0.56789 -1.38183 0.331861
1 -0.685723 -1.08455 0.324663
5 -0.654726 -1.14514 0.325099
2 -0.808175 -0.694593 0.317712
2 -0.738988 -1.00083 0.319938
1 -0.650063 -1.09915 0.328771
3 -0.610713 -1.32681 0.329368
5 -0.53401 -1.46787 0.338741
5 -0.541565 -1.54393 0.33379
3 -0.736878 -0.877536 0.323721
2 -0.566892 -1.42645 0.33376
1 -0.631536 -1.32552 0.321193
3 -0.721926 -0.917287 0.318246
1 -0.696047 -0.862301 0.326171
2 -0.790412 -0.509164 0.328267
1 -0.680526 -1.08663 0.330614
3 -0.680197 -1.08718 0.319713
1 -0.675915 -1.06048 0.319407
2 -0.677986 -1.0931 0.319013
2 -0.624026 -1.24761 0.324191
1 -0.639874 -1.17337 0.325031
2 -0.622486 -1.21604 0.328685
5 -0.69218 -0.979463 0.325342
3 -0.769451 -0.719102 0.322907
7 -0.747177 -0.865694 0.319955
1 -0.669564 -0.947788 0.334321
1 -0.644564 -1.12504 0.326171
1 -0.617632 -1.14197 0.332173
7 -0.533667 -1.47566 0.339218
2 -0.570597 -1.26522 0.33854
5 -0.717871 -0.771629 0.326614
4 -0.639938 -1.00262 0.335138
1 -0.579441 -1.29685 0.340057
4 -0.655074 -1.1075 0.332799
1 -0.640487 -1.16839 0.331887
1 -0.720472 -1.02078 0.323925
1 -0.66857 -1.14092 0.330763
4 -0.611672 -1.3704 0.32821
2 -0.547073 -1.54482 0.329541
8 -0.716006 -0.856693 0.319619
3 -0.752266 -0.730997 0.317043
8 -0.591342 -1.3121 0.327717
2 -0.682527 -1.06477 0.31762
1 -0.771724 -0.704472 0.31705
1 -0.606122 -1.32364 0.333936
1 -0.657274 -1.19614 0.330479
1 -0.671822 -1.16932 0.326868
6 -0.693909 -1.07474 0.319269
7 -0.616465 -1.23817 0.331509
3 -0.59849 -1.27597 0.334998
1 -0.580621 -1.33098 0.336022
3 -0.635594 -1.26646 0.329622
1 -0.606553 -1.12719 0.332283
1 -0.701912 -0.929302 0.320154
1 -0.725117 -0.805522 0.321488
5 -0.651257 -1.06194 0.328728
5 -0.601439 -1.2486 0.335119
3 -0.601019 -1.24992 0.3349
5 -0.629391 -1.11859 0.335432
7 -0.751567 -0.764426 0.323908
2 -0.516188 -1.69088 0.335673
4 -0.620672 -1.38771 0.330209
3 -0.50153 -1.83638 0.331446
4 -0.528722 -1.72382 0.327558
1 -0.838305 -0.720751 0.308665
1 -0.546759 -1.56621 0.330699
1 -0.545901 -1.55209 0.331604
5 -0.539226 -1.56282 0.333115
6 -0.739413 -0.898722 0.313847
4 -0.688479 -0.804774 0.333775
3 -0.720581 -0.76845 0.328003
1 -0.740771 -0.822955 0.323335
7 -0.671112 -1.10993 0.329608
3 -0.683447 -1.04238 0.329714
3 -0.62629 -1.14765 0.332949
4 -0.577366 -1.33066 0.330846
3 -0.663885 -0.991107 0.329238
1 -0.68697 -0.867599 0.325311
2 -0.771335 -0.626639 0.320351
5 -0.788475 -0.679385 0.313616
2 -0.773361 -0.666606 0.319459
7 -0.782645 -0.862147 0.31235
6 -0.836278 -0.522102 0.32115
4 -0.741834 -0.774715 0.323404
3 -0.613443 -1.30531 0.333469
7 -0.62056 -1.38348 0.328926
1 -0.549675 -1.51567 0.339917
3 -0.609734 -1.16479 0.33582
5 -0.673941 -0.993473 0.322483
1 -0.565068 -1.39956 0.328686
3 -0.542616 -1.37502 0.340607
5 -0.589401 -1.31925 0.338321
1 -0.656257 -1.12479 0.324161
4 -0.658938 -1.18023 0.323356
1 -0.662234 -1.23513 0.32073
6 -0.629187 -1.22143 0.325886
1 -0.6165 -1.19104 0.329791
1 -0.758543 -0.690013 0.318128
1 -0.596342 -1.28299 0.334954
7 -0.735877 -0.915609 0.320739
6 -0.678841 -0.996182 0.33008
3 -0.686472 -1.18903 0.324117
2 -0.721433 -1.06164 0.31986
15 -0.565958 -1.47456 0.329111
9 -0.789635 -0.931394 0.30366
4 -0.757207 -1.15823 0.306984
3 -0.899548 -0.366295 0.307009
1 -0.74244 -0.633531 0.328363
2 -0.798772 -0.650407 0.320551
8 -0.671493 -0.874859 0.336604
1 -0.731123 -0.737626 0.332742
1 -0.598303 -1.38166 0.334606
1 -0.640188 -1.11819 0.332485
1 -0.803192 -0.569734 0.323904
2 -0.813332 -0.542525 0.323336
2 -0.810529 -0.693472 0.317353
1 -0.812884 -0.895252 0.309017
1 -0.697018 -0.991782 0.32841
4 -0.522416 -1.65276 0.337514
4 -0.724261 -0.763858 0.327441
3 -0.55916 -1.19564 0.340587
3 -0.673883 -0.895354 0.325708
4 -0.799519 -0.605112 0.321113
6 -0.69601 -0.893397 0.327784
7 -0.586303 -1.30079 0.337152
1 -0.636017 -0.944596 0.337864
5 -0.561672 -1.5358 0.332485
2 -0.628645 -1.40089 0.319051
5 -0.649094 -1.11744 0.324737
1 -0.719513 -0.91472 0.321526
7 -0.657384 -1.06487 0.327251
3 -0.427237 -1.80599 0.342541
2 -0.677904 -1.13269 0.318423
1 -0.739339 -1.00907 0.312962
2 -0.662393 -1.22359 0.321805
3 -0.751868 -1.00147 0.312072
2 -0.825845 -0.756549 0.303748
3 -0.700337 -1.16517 0.321719
1 -0.661953 -1.1846 0.327817
2 -0.728177 -0.655887 0.333344
1 -0.770925 -0.761969 0.322432
2 -0.782026 -0.697681 0.318424
1 -0.688894 -0.991058 0.327688
2 -0.648147 -1.07436 0.328334
1 -0.760626 -0.72462 0.319813
1 -0.63875 -1.15618 0.328378
3 -0.862127 -0.59137 0.305029
3 -0.614051 -1.37366 0.326884
3 -0.619047 -1.36116 0.328782
1 -0.610805 -1.25444 0.334335
1 -0.658635 -1.13344 0.328763
3 -0.76037 -0.796081 0.320324
1 -0.72511 -0.93503 0.323029
1 -0.597465 -1.30992 0.33157
3 -0.714319 -0.878395 0.32411
3 -0.714006 -0.91632 0.320098
3 -0.678191 -0.982704 0.330272
6 -0.554843 -1.32792 0.33991
3 -0.518432 -1.52523 0.344137
2 -0.720846 -0.913588 0.317688
3 -0.649699 -1.07776 0.32555
2 -0.521665 -1.43474 0.334437
1 -0.511334 -1.52304 0.339086
5 -0.469443 -1.55554 0.343329
6 -0.561719 -1.58973 0.334199
1 -0.51022 -1.58846 0.338526
11 -0.569496 -1.63137 0.327372
7 -0.496875 -1.92075 0.335311
1 -0.57707 -1.43179 0.328825
2 -0.677094 -1.23984 0.323328
1 -0.623994 -1.17974 0.324789
2 -0.672672 -0.971384 0.320496
1 -0.631819 -1.31481 0.325515
5 -0.584012 -1.36538 0.337032
5 -0.639493 -1.15157 0.330817
1 -0.647587 -1.15897 0.32749
2 -0.698122 -1.00678 0.325736
3 -0.657232 -1.19562 0.326737
1 -0.664958 -1.07004 0.32803
1 -0.728803 -1.03324 0.320884
1 -0.747597 -1.04813 0.312224
1 -0.786728 -0.676989 0.314233
1 -0.634161 -1.16691 0.326772
1 -0.627956 -1.18632 0.32892
3 -0.682826 -1.03485 0.324239
4 -0.635657 -1.09436 0.332564
6 -0.60847 -1.13075 0.33659
3 -0.740542 -0.635883 0.329617
3 -0.729186 -0.787606 0.323565
1 -0.595554 -1.33591 0.329733
1 -0.56567 -1.42528 0.330706
4 -0.531418 -1.5179 0.33364
4 -0.785896 -0.818219 0.311956
1 -0.704332 -0.970301 0.322092
10 -0.614425 -1.2949 0.324387
1 -0.802538 -0.665996 0.317347
4 -0.779803 -0.716587 0.320122
5 -0.748223 -0.847281 0.319718
1 -0.714273 -0.925775 0.326993
8 -0.745784 -0.756251 0.321937
1 -0.688654 -0.910098 0.328232
3 -0.555461 -1.36196 0.338673
3 -0.690318 -0.940646 0.332295
4 -0.697697 -1.07832 0.326969
3 -0.576357 -1.44014 0.332628
3 -0.53963 -1.66051 0.336887
6 -0.55179 -1.37333 0.341319
5 -0.636399 -1.11348 0.33442
3 -0.615325 -1.23451 0.334845
8 -0.689418 -1.01696 0.323226
3 -0.696291 -0.849356 0.324935
1 -0.595561 -1.10124 0.330636
7 -0.672058 -0.987353 0.32427
1 -0.642271 -1.13216 0.327152
1 -0.520917 -1.47487 0.343833
4 -0.622945 -1.19859 0.327591
5 -0.565862 -1.47039 0.329163
2 -0.703522 -1.01021 0.318844
1 -0.641778 -1.09936 0.329684
1 -0.584835 -1.31667 0.334901
1 -0.746479 -0.880784 0.323041
3 -0.808918 -0.636195 0.314721
1 -0.826026 -0.548813 0.31533
3 -0.760098 -0.804259 0.321417
5 -0.565387 -1.32042 0.339471
1 -0.64466 -1.05468 0.332617
1 -0.635165 -1.23569 0.332849
4 -0.783409 -0.822383 0.316274
3 -0.747872 -0.882967 0.324328
10 -0.695023 -1.00699 0.327905
15 -0.765869 -0.726287 0.320672
2 -0.632744 -1.25626 0.326301
3 -0.647563 -1.23943 0.325781
1 -0.695226 -1.07762 0.325555
1 -0.616617 -1.33492 0.335347
3 -0.609284 -1.29051 0.335807
4 -0.595829 -1.2715 0.335977
2 -0.653669 -0.94264 0.334368
2 -0.806402 -0.549214 0.314663
1 -0.704314 -0.953943 0.326677
1 -0.580028 -1.37241 0.342649
2 -0.590376 -1.25854 0.333348
5 -0.677365 -0.918007 0.328472
1 -0.681873 -1.16071 0.324749
2 -0.661038 -1.2366 0.326756
3 -0.766633 -0.743378 0.323906
2 -0.595304 -1.17028 0.339384
1 -0.690948 -0.964041 0.330267
2 -0.718948 -0.938576 0.326465
2 -0.678196 -1.05744 0.330462
6 -0.678402 -1.06094 0.32722
1 -0.710203 -0.951775 0.326642
5 -0.776818 -0.860759 0.319757
2 -0.788173 -0.770662 0.318587
1 -0.693154 -1.07269 0.325732
1 -0.713132 -1.04854 0.325558
2 -0.728063 -0.916802 0.322728
2 -0.638946 -1.1315 0.332449
3 -0.626461 -1.15224 0.332008
2 -0.620517 -1.15376 0.333116
3 -0.555854 -1.46208 0.337095
2 -0.667715 -1.01946 0.324642
7 -0.659357 -1.05071 0.321363
4 -0.692989 -1.06473 0.32172
1 -0.723829 -1.04847 0.318491
10 -0.644175 -1.30476 0.326003
2 -0.677727 -1.00077 0.333672
2 -0.642531 -1.05258 0.335929
1 -0.634685 -1.23391 0.328449
2 -0.57582 -1.35737 0.330919
2 -0.505552 -1.5007 0.338807
1 -0.565734 -1.35334 0.33286
2 -0.581806 -1.37222 0.331044
1 -0.691813 -0.967075 0.327053
1 -0.678195 -1.10703 0.325732
2 -0.731388 -1.02013 0.319161
4 -0.704745 -1.05189 0.321729
1 -0.645964 -1.0771 0.33423
3 -0.724478 -0.844994 0.326177
1 -0.671884 -1.05481 0.328785
3 -0.811573 -0.661224 0.315664
3 -0.608818 -1.46015 0.329412
1 -0.508934 -1.76057 0.339596
1 -0.57102 -1.4888 0.333224
1 -0.540167 -1.54775 0.34078
2 -0.56607 -1.43251 0.341922
1 -0.845845 -0.512197 0.3155
2 -0.702441 -0.949771 0.327464
3 -0.676829 -1.04529 0.32744
4 -0.54178 -1.67679 0.331423
1 -0.575919 -1.45647 0.333264
2 -0.582063 -1.45746 0.334718
2 -0.630403 -1.15922 0.332454
1 -0.733816 -0.885518 0.322549
5 -0.710608 -0.886192 0.33012
1 -0.621985 -1.13398 0.336872
10 -0.725957 -0.986682 0.319933
5 -0.738754 -0.947181 0.317744
1 -0.778226 -0.735639 0.31829
1 -0.795717 -0.848201 0.312603
8 -0.693688 -1.03476 0.320745
2 -0.664442 -1.03699 0.325107
2 -0.584122 -1.3421 0.330524
3 -0.719106 -0.851642 0.331515
3 -0.70291 -0.963367 0.330838
4 -0.574655 -1.14224 0.340293
1 -0.642204 -1.06273 0.325642
1 -0.686775 -0.960489 0.320152
1 -0.720908 -0.806062 0.323024
1 -0.600948 -1.19719 0.328971
7 -0.768729 -0.756059 0.317442
5 -0.815208 -0.618699 0.316852
5 -0.75759 -0.951322 0.312891
3 -0.583138 -1.577 0.329462
3 -0.664062 -1.03103 0.334356
2 -0.653452 -1.10469 0.329879
3 -0.66646 -1.14886 0.326702
1 -0.609559 -1.22816 0.332453
3 -0.682433 -1.02663 0.324794
2 -0.824746 -0.705098 0.316367
2 -0.7184 -0.985036 0.319831
3 -0.737098 -0.922757 0.32067
6 -0.611502 -1.2455 0.334988
2 -0.607339 -1.37138 0.336861
10 -0.680893 -1.1039 0.332244
6 -0.694978 -1.00694 0.329647
2 -0.728514 -0.935668 0.321729
10 -0.666273 -1.14649 0.329856
3 -0.659846 -1.15247 0.329638
1 -0.666127 -1.12789 0.326499
2 -0.728807 -0.943776 0.322563
2 -0.698101 -0.967017 0.328548
4 -0.765746 -0.608554 0.328541
1 -0.857995 -0.563842 0.323339
2 -0.665734 -1.1586 0.329711
1 -0.625954 -1.29068 0.331623
5 -0.553495 -1.51977 0.333906
6 -0.616396 -1.25854 0.327316
1 -0.598772 -1.37394 0.328754
9 -0.633868 -1.31756 0.318758
4 -0.739992 -0.973638 0.313333
2 -0.635147 -1.06674 0.33719
3 -0.709617 -0.922434 0.329383
1 -0.717223 -0.883394 0.327156
2 -0.667314 -1.04377 0.336464
4 -0.747852 -0.919451 0.325628
1 -0.758879 -0.759972 0.313794
2 -0.724464 -0.871371 0.319152
2 -0.735384 -0.824688 0.319231
3 -0.818936 -0.536338 0.315901
2 -0.629855 -1.21398 0.334405
3 -0.628382 -1.1533 0.335467
2 -0.619375 -1.18805 0.336563
1 -0.722416 -0.983383 0.321242
1 -0.545037 -1.53495 0.331335
1 -0.508816 -1.67768 0.337046
3 -0.583884 -1.41698 0.339568
1 -0.496578 -1.62941 0.348214
5 -0.581622 -1.34524 0.336527
4 -0.655289 -1.07979 0.325595
5 -0.730564 -0.862719 0.319179
10 -0.756276 -0.761382 0.318259
4 -0.715301 -0.776725 0.323363
1 -0.539763 -1.36818 0.337908
8 -0.797225 -0.549256 0.317571
4 -0.887925 -0.495699 0.305378
1 -0.893255 -0.48675 0.303598
2 -0.832271 -0.650365 0.308571
5 -0.754275 -0.939819 0.314369
1 -0.756184 -0.911277 0.315719
1 -0.736466 -0.905113 0.32153
3 -0.81782 -0.636568 0.311174
3 -0.816764 -0.633698 0.311634
1 -0.723542 -0.9624 0.315281
1 -0.798989 -0.688581 0.31439
1 -0.726142 -1.04179 0.320089
4 -0.61758 -1.27734 0.333648
5 -0.537477 -1.59223 0.330977
1 -0.545223 -1.56785 0.329975
1 -0.474865 -1.86992 0.335816
2 -0.712953 -1.11886 0.313926
1 -0.714273 -1.15068 0.312323
2 -0.57517 -1.58619 0.325301
12 -0.565317 -1.43143 0.333753
4 -0.640549 -1.31555 0.32027
10 -0.582465 -1.2928 0.341476
4 -0.700451 -0.954944 0.324845
1 -0.658024 -1.03894 0.324827
1 -0.789626 -0.765353 0.317445
2 -0.587115 -1.34248 0.332229
2 -0.644915 -1.19522 0.326741
2 -0.591669 -1.28462 0.333743
1 -0.716842 -0.993468 0.320643
1 -0.743374 -0.878098 0.321715
1 -0.711603 -0.768256 0.332809
4 -0.752981 -0.767893 0.324401
4 -0.626435 -1.02936 0.339539
9 -0.539305 -1.44323 0.339741
2 -0.542616 -1.57903 0.336084
3 -0.519909 -1.5623 0.339658
2 -0.624187 -1.10708 0.337766
1 -0.708942 -0.92421 0.32497
3 -0.663289 -1.00706 0.331257
1 -0.610553 -1.09928 0.337852
1 -0.575228 -1.24376 0.33916
1 -0.579289 -1.24339 0.339438
2 -0.614112 -1.0672 0.337101
1 -0.570527 -1.40682 0.331975
4 -0.688057 -0.942434 0.325927
2 -0.635793 -0.914925 0.337403
4 -0.652117 -0.875635 0.336796
3 -0.604744 -1.00214 0.341143
2 -0.728161 -0.67439 0.331102
3 -0.682388 -0.809602 0.327705
2 -0.633049 -0.988767 0.329127
1 -0.542017 -1.34192 0.344211
2 -0.703955 -0.841066 0.321852
3 -0.553336 -1.42772 0.336759
2 -0.731071 -0.685547 0.329037
3 -0.679152 -0.791136 0.330759
5 -0.656563 -0.879365 0.336175
1 -0.688998 -0.789649 0.337887
1 -0.67794 -0.88689 0.330749
3 -0.606504 -1.27992 0.331443
1 -0.617441 -1.197 0.334244
6 -0.595521 -1.31356 0.330651
1 -0.684838 -1.04255 0.323366
2 -0.694016 -0.967642 0.322907
1 -0.554277 -1.46706 0.335653
1 -0.493315 -1.8615 0.336683
1 -0.463535 -1.96403 0.336279
5 -0.437417 -1.93801 0.343724
3 -0.596229 -1.36908 0.332488
6 -0.692876 -1.07758 0.318953
2 -0.607419 -1.13198 0.336948
3 -0.602954 -1.11804 0.337393
5 -0.633794 -1.00717 0.328314
1 -0.527528 -1.38891 0.334186
2 -0.574646 -1.23722 0.338498
2 -0.674468 -1.04551 0.327487
7 -0.78737 -0.675591 0.31491
3 -0.798955 -0.616736 0.316659
2 -0.771161 -0.777826 0.321621
12 -0.669069 -1.05586 0.332259
1 -0.659537 -1.09232 0.331982
7 -0.5399 -1.46826 0.339502
1 -0.716907 -1.05164 0.320028
1 -0.72424 -1.07468 0.318301
1 -0.782704 -0.867339 0.313644
6 -0.748652 -0.937217 0.313869
1 -0.662216 -1.15998 0.325217
1 -0.743004 -0.956664 0.322024
6 -0.838639 -0.573738 0.312821
2 -0.856457 -0.605455 0.312227
2 -0.801679 -0.776377 0.317252
10 -0.674341 -1.02659 0.326742
1 -0.738781 -0.709716 0.323383
2 -0.738363 -0.810041 0.321348
3 -0.759778 -0.682588 0.32738
2 -0.709795 -1.07727 0.326228
1 -0.645434 -1.35109 0.324445
4 -0.715792 -1.02846 0.32788
5 -0.56555 -1.33133 0.344993
4 -0.655314 -1.22831 0.329204
2 -0.577826 -1.51436 0.334628
4 -0.495989 -1.80704 0.338079
3 -0.628209 -1.35565 0.323003
1 -0.614797 -1.40217 0.333382
3 -0.668587 -1.17455 0.330928
3 -0.610919 -1.32118 0.335109
1 -0.584966 -1.38828 0.337357
2 -0.581244 -1.34339 0.338559
2 -0.600071 -1.2955 0.337901
1 -0.651246 -1.17418 0.323161
9 -0.616811 -1.27542 0.330391
1 -0.694633 -0.93127 0.321662
1 -0.687848 -0.905448 0.325305
1 -0.697952 -1.07366 0.322756
2 -0.680107 -1.07202 0.328273
3 -0.554614 -1.37436 0.332811
8 -0.808273 -0.498242 0.317784
1 -0.683367 -0.879868 0.326808
4 -0.648262 -1.03506 0.332427
1 -0.625979 -1.09881 0.335688
1 -0.579269 -1.37502 0.334155
3 -0.668522 -1.02578 0.328426
3 -0.68922 -0.733203 0.334458
3 -0.809269 -0.345713 0.322941
6 -0.631088 -0.974233 0.333896
1 -0.566824 -1.31719 0.342324
2 -0.526987 -1.74479 0.334727
1 -0.682732 -1.19931 0.322245
2 -0.560978 -1.48087 0.338674
2 -0.525151 -1.55001 0.340701
5 -0.68486 -1.05177 0.323643
1 -0.615863 -1.25509 0.328417
1 -0.697188 -0.98107 0.323745
2 -0.70779 -0.957279 0.322007
1 -0.732971 -0.908351 0.319347
3 -0.768073 -0.716109 0.321712
2 -0.704115 -1.03793 0.326964
5 -0.762707 -0.891464 0.322797
2 -0.772038 -0.792397 0.316188
1 -0.737685 -0.85121 0.319872
4 -0.824746 -0.556461 0.313302
3 -0.827006 -0.636388 0.312958
6 -0.707444 -0.904593 0.323631
1 -0.658737 -1.14851 0.320195
2 -0.610708 -1.0876 0.335589
2 -0.647939 -1.07152 0.329962
10 -0.565059 -1.21008 0.341735
7 -0.626159 -1.06295 0.333817
1 -0.750314 -0.853295 0.311619
1 -0.681689 -1.01864 0.322934
3 -0.697825 -0.970247 0.326734
4 -0.703008 -0.959363 0.324606
1 -0.668389 -1.04706 0.325226
3 -0.711264 -0.934541 0.321934
1 -0.749529 -0.764892 0.316297
1 -0.67136 -1.03522 0.315292
3 -0.706568 -0.934315 0.315488
3 -0.639686 -1.31167 0.319267
1 -0.751087 -1.09348 0.313018
1 -0.636762 -1.27864 0.331053
2 -0.808264 -0.58507 0.317072
3 -0.623848 -1.22898 0.327128
2 -0.662393 -1.07516 0.330743
4 -0.678121 -1.14514 0.325654
1 -0.663872 -1.12292 0.32583
1 -0.753619 -0.846628 0.32154
2 -0.784988 -0.752418 0.320767
4 -0.734219 -1.00514 0.318773
1 -0.586471 -1.51486 0.322381
1 -0.728589 -1.0393 0.316054
3 -0.713723 -0.972628 0.319926
4 -0.704753 -1.06285 0.3215
1 -0.739003 -0.772866 0.325556
1 -0.612455 -1.36615 0.33207
2 -0.583853 -1.22448 0.335778
1 -0.600638 -1.22054 0.341257
2 -0.508129 -1.64441 0.343679
1 -0.592195 -1.32032 0.335538
1 -0.550223 -1.56064 0.334265
2 -0.618795 -1.39047 0.325232
2 -0.562902 -1.56982 0.33228
4 -0.539468 -1.43152 0.339134
5 -0.796101 -0.628302 0.318691
2 -0.752163 -0.664894 0.322097
3 -0.766246 -0.93054 0.308852
1 -0.825103 -0.670884 0.308318
1 -0.820114 -0.874298 0.309983
1 -0.728686 -1.16899 0.314375
3 -0.854589 -0.422928 0.31342
1 -0.572542 -1.2859 0.336872
10 -0.561826 -1.58893 0.335905
1 -0.489055 -1.77913 0.334089
4 -0.573345 -1.57763 0.324902
1 -0.688288 -1.06916 0.321064
1 -0.539153 -1.5446 0.339614
1 -0.667411 -1.20346 0.32787
3 -0.621763 -1.15315 0.331754
2 -0.699139 -0.937336 0.327571
4 -0.751944 -0.737797 0.322954
3 -0.657919 -0.971323 0.333537
4 -0.596752 -1.34597 0.334927
3 -0.658693 -1.03448 0.325784
6 -0.657432 -1.01137 0.326654
1 -0.661068 -1.01819 0.325042
3 -0.638249 -1.06361 0.330673
2 -0.584998 -1.18662 0.338022
2 -0.581491 -1.1504 0.340804
1 -0.499294 -1.56851 0.338817
12 -0.767741 -0.575692 0.329105
5 -0.733183 -0.7549 0.327531
2 -0.673491 -0.997534 0.32431
6 -0.800764 -0.723646 0.324144
2 -0.789776 -0.792567 0.322962
3 -0.690176 -0.961605 0.329315
1 -0.624273 -1.24151 0.330992
5 -0.600806 -1.14512 0.3353
6 -0.621493 -1.09152 0.332738
1 -0.553382 -1.34391 0.331376
4 -0.705244 -1.05304 0.33008
1 -0.604161 -1.42319 0.34144
2 -0.72014 -0.921171 0.33714
11 -0.728112 -0.827379 0.330927
3 -0.692879 -0.987718 0.331078
6 -0.814833 -0.655761 0.316244
3 -0.883823 -0.328591 0.319253
1 -0.758092 -0.828544 0.324291
4 -0.774373 -0.68059 0.330956
4 -0.875078 -0.530639 0.312671
1 -0.793363 -0.946427 0.314265
1 -0.711927 -0.953614 0.333003
1 -0.769044 -0.75934 0.327933
4 -0.839104 -0.686832 0.317803
4 -0.817987 -0.740339 0.311885
2 -0.686082 -1.01316 0.330814
4 -0.636535 -1.15853 0.332255
1 -0.675115 -1.16726 0.326614
3 -0.675517 -1.16047 0.326796
2 -0.6353 -1.30257 0.330022
3 -0.531831 -1.63035 0.343894
1 -0.673286 -1.16899 0.331922
1 -0.667076 -1.15077 0.331436
1 -0.704483 -0.988816 0.322897
4 -0.635358 -1.19438 0.331733
5 -0.714001 -0.818613 0.332998
3 -0.75684 -0.698866 0.326548
9 -0.708934 -0.996067 0.317601
4 -0.654579 -1.17044 0.322904
7 -0.658377 -1.10517 0.328196
7 -0.699121 -1.01476 0.324543
3 -0.598202 -1.22688 0.334202
6 -0.662396 -0.912096 0.340417
3 -0.711125 -0.877222 0.328536
1 -0.542694 -1.30594 0.341496
1 -0.657052 -1.0659 0.327943
6 -0.677743 -1.07523 0.328198
2 -0.707724 -1.07252 0.318788
1 -0.660503 -1.16142 0.329191
1 -0.75648 -0.881019 0.317703
3 -0.882361 -0.38932 0.310319
1 -0.834664 -0.460001 0.316486
4 -0.658534 -0.964872 0.332896
2 -0.618683 -1.17551 0.330032
1 -0.663186 -1.02563 0.325394
2 -0.642873 -1.02613 0.330472
1 -0.610747 -1.18109 0.333555
1 -0.618754 -1.20258 0.33283
8 -0.615079 -1.24288 0.327961
5 -0.667416 -1.11504 0.327326
1 -0.715852 -0.88454 0.319717
16 -0.718451 -0.933631 0.318181
1 -0.732027 -0.881472 0.31999
3 -0.869253 -0.378296 0.318259
3 -0.640498 -1.19985 0.334849
2 -0.653142 -0.938484 0.335321
1 -0.77114 -0.71367 0.320008
2 -0.721674 -0.767682 0.326906
4 -0.633176 -1.31181 0.321183
2 -0.700739 -1.04823 0.323944
1 -0.654898 -1.2042 0.325055
2 -0.608758 -1.32038 0.329618
2 -0.700946 -1.10879 0.314383
1 -0.637948 -1.16572 0.319513
3 -0.752877 -0.710625 0.318055
3 -0.733546 -0.788792 0.324299
2 -0.619348 -1.3667 0.324351
4 -0.666115 -1.05817 0.330672
1 -0.709069 -1.03139 0.322186
12 -0.701816 -0.956478 0.332957
1 -0.650091 -1.13664 0.332261
3 -0.68319 -1.07651 0.320825
4 -0.637488 -1.12199 0.329873
2 -0.7487 -0.780911 0.322909
3 -0.77151 -0.706998 0.322546
1 -0.789725 -0.663269 0.319066
1 -0.682273 -1.07969 0.327895
1 -0.621193 -1.43345 0.322799
1 -0.633343 -1.30143 0.331371
2 -0.682654 -1.16502 0.325738
1 -0.622454 -1.3869 0.327566
1 -0.63507 -1.30747 0.326545
2 -0.685733 -1.1425 0.318336
5 -0.686242 -0.926578 0.328783
1 -0.686496 -1.04681 0.332297
1 -0.719033 -1.0718 0.323782
5 -0.732873 -0.89793 0.3198
1 -0.646766 -1.05256 0.331202
1 -0.678632 -0.9051 0.334551
2 -0.664223 -0.907217 0.330389
3 -0.650142 -1.20515 0.321513
2 -0.806463 -0.669959 0.313087
6 -0.685065 -0.886605 0.329739
3 -0.613812 -1.13705 0.336919
3 -0.628665 -1.07507 0.334509
10 -0.70104 -0.992173 0.322307
5 -0.841682 -0.508404 0.316223
3 -0.748822 -0.893188 0.316135
9 -0.648399 -1.18411 0.332648
2 -0.540577 -1.54073 0.336878
9 -0.613945 -1.26658 0.333729
3 -0.581043 -1.27091 0.341837
1 -0.510121 -1.52885 0.345601
1 -0.659269 -0.960684 0.335771
1 -0.682713 -0.97312 0.325678
6 -0.659204 -1.04157 0.329392
2 -0.737867 -1.02653 0.315865
1 -0.814573 -0.737386 0.310133
2 -0.732457 -0.992954 0.318489
1 -0.600413 -1.36463 0.330822
4 -0.66363 -0.993259 0.333925
3 -0.712331 -0.907586 0.323685
1 -0.583183 -1.34053 0.330513
3 -0.553223 -1.35193 0.33685
4 -0.583535 -1.16306 0.336094
1 -0.606233 -1.06339 0.335522
1 -0.650418 -0.939237 0.330854
2 -0.589713 -1.36801 0.334376
1 -0.586837 -1.2985 0.333085
2 -0.574565 -1.33662 0.333523
1 -0.619407 -1.11234 0.336954
2 -0.539477 -1.52306 0.341427
5 -0.679608 -0.980163 0.337635
2 -0.640886 -1.2404 0.323728
8 -0.555148 -1.58753 0.326288
1 -0.672031 -0.922184 0.329192
1 -0.689196 -0.973322 0.325696
7 -0.678862 -1.03621 0.326381
4 -0.831633 -0.637524 0.31435
3 -0.783241 -0.837215 0.316551
10 -0.758743 -0.864901 0.321933
2 -0.677659 -1.19931 0.325921
1 -0.650581 -1.20719 0.327362
2 -0.626711 -1.01879 0.341881
1 -0.753059 -0.75689 0.327344
1 -0.743731 -0.748186 0.329783
7 -0.73119 -0.841915 0.327581
4 -0.658799 -1.12586 0.328921
1 -0.799055 -0.636547 0.313887
2 -0.633412 -1.06513 0.33288
2 -0.706083 -0.926321 0.326576
2 -0.625889 -1.19524 0.333568
1 -0.64197 -0.985072 0.340671
1 -0.625179 -1.11728 0.330409
5 -0.688602 -0.922536 0.325515
1 -0.781569 -0.826155 0.309942
2 -0.743231 -0.908459 0.309453
1 -0.719599 -1.14864 0.304864
3 -0.795215 -0.812055 0.304469
1 -0.670836 -1.24218 0.321458
6 -0.695046 -1.06106 0.324428
10 -0.652394 -1.2011 0.32617
1 -0.718686 -1.06868 0.322045
4 -0.612889 -1.3694 0.324377
8 -0.610436 -1.31897 0.331323
1 -0.620284 -1.29534 0.329586
2 -0.711713 -1.03721 0.322906
6 -0.610425 -1.32884 0.329849
7 -0.576441 -1.47908 0.330725
3 -0.525952 -1.61995 0.335605
4 -0.59496 -1.44163 0.327716
2 -0.725338 -1.02598 0.314832
8 -0.745705 -0.739362 0.321159
1 -0.651132 -1.11852 0.329048
10 -0.653841 -0.930907 0.332491
4 -0.671102 -0.908743 0.328795
2 -0.727016 -0.884861 0.322817
2 -0.651105 -1.28393 0.326398
2 -0.818651 -0.707939 0.312978
3 -0.723012 -0.930304 0.320895
2 -0.625707 -1.056 0.330973
1 -0.57445 -1.21954 0.336445
3 -0.593544 -1.14509 0.336713
2 -0.699718 -0.917372 0.325211
2 -0.703127 -0.902853 0.325226
4 -0.599866 -1.23593 0.332813
4 -0.631193 -1.06384 0.334292
2 -0.645538 -1.12363 0.329277
6 -0.686348 -1.01876 0.323946
1 -0.645777 -1.21106 0.321932
1 -0.646317 -1.13677 0.334551
4 -0.598711 -1.34485 0.333329
4 -0.658879 -1.06388 0.328721
10 -0.73234 -0.834467 0.325653
3 -0.69126 -0.978503 0.323055
2 -0.658407 -1.14374 0.319944
4 -0.661169 -1.15708 0.321395
2 -0.664447 -1.13041 0.327423
1 -0.642585 -1.21749 0.32214
5 -0.718326 -0.953505 0.324086
1 -0.636542 -1.17026 0.32739
1 -0.595853 -1.1657 0.341786
1 -0.63092 -1.21714 0.329894
1 -0.7566 -0.692809 0.321132
3 -0.736146 -0.74196 0.322657
1 -0.740874 -0.716243 0.32285
3 -0.773256 -0.560603 0.321998
1 -0.556008 -1.35345 0.342201
1 -0.656281 -1.08525 0.330394
2 -0.611275 -1.229 0.335532
5 -0.746328 -0.82606 0.324384
4 -0.677389 -1.18236 0.327114
2 -0.597425 -1.36378 0.338478
3 -0.746416 -0.927813 0.318033
4 -0.679726 -1.03738 0.329384
1 -0.714666 -0.959139 0.324593
3 -0.730508 -0.792878 0.328661
1 -0.748293 -0.75277 0.326868
1 -0.64201 -1.16522 0.334487
6 -0.723589 -0.957353 0.318902
7 -0.697935 -1.28929 0.311507
1 -0.628654 -1.27817 0.330742
1 -0.660986 -1.31404 0.318702
2 -0.683441 -1.2201 0.316882
2 -0.667479 -1.29509 0.317845
2 -0.677354 -1.30338 0.317514
1 -0.586174 -1.50072 0.324983
10 -0.6706 -1.1494 0.320766
2 -0.789152 -0.763551 0.315546
6 -0.753496 -0.903018 0.319538
3 -0.562064 -1.38637 0.34241
1 -0.51417 -1.82847 0.337944
2 -0.707487 -1.0343 0.320316
3 -0.714423 -1.07174 0.31973
1 -0.745027 -0.883127 0.317977
2 -0.700528 -0.993965 0.317451
1 -0.752569 -1.03791 0.311834
3 -0.780687 -0.938524 0.31809
5 -0.707961 -0.992977 0.324171
1 -0.862133 -0.463299 0.31008
4 -0.854352 -0.485481 0.309938
1 -0.896793 -0.393214 0.304597
2 -0.793806 -0.705722 0.31058
1 -0.834174 -0.743147 0.305615
6 -0.768658 -0.754824 0.316568
1 -0.802476 -0.76449 0.312025
2 -0.655054 -1.08067 0.333311
1 -0.691931 -0.967184 0.330371
3 -0.616583 -1.15365 0.333669
2 -0.626133 -1.17733 0.329968
2 -0.478997 -1.44976 0.354164
2 -0.773894 -0.65706 0.321401
2 -0.686358 -0.978892 0.326437
1 -0.632005 -1.25196 0.333496
5 -0.718525 -0.940294 0.3272
4 -0.688887 -1.04236 0.328852
3 -0.710762 -1.03882 0.326614
1 -0.84096 -0.65427 0.307787
1 -0.804818 -0.624599 0.31631
1 -0.820104 -0.59777 0.318426
1 -0.789898 -0.790195 0.316427
2 -0.768584 -0.844698 0.321233
1 -0.630687 -1.49425 0.316821
1 -0.553824 -1.78296 0.322847
1 -0.513788 -1.81792 0.327421
2 -0.56971 -1.59237 0.319557
3 -0.55152 -1.58828 0.323522
4 -0.65565 -1.1918 0.320234
1 -0.663204 -1.08615 0.323097
3 -0.889695 -0.37989 0.30504
1 -0.86399 -0.417227 0.305393
1 -0.774963 -0.766854 0.308979
1 -0.649174 -1.38908 0.321829
1 -0.713768 -1.00526 0.31949
4 -0.709559 -0.999052 0.329069
3 -0.67919 -1.05887 0.325237
1 -0.670964 -1.1991 0.324856
2 -0.653792 -1.04985 0.324258
1 -0.530906 -1.25937 0.347698
2 -0.509708 -1.44034 0.347162
1 -0.608014 -1.238 0.339271
2 -0.623377 -1.2026 0.335461
2 -0.653601 -1.24028 0.326101
2 -0.489746 -1.54297 0.343978
1 -0.604296 -1.38807 0.332729
1 -0.478187 -1.76598 0.344663
3 -0.687019 -1.06604 0.320427
2 -0.757894 -0.786884 0.321784
3 -0.61288 -1.11918 0.337586
4 -0.48312 -1.54068 0.342273
6 -0.62583 -1.31923 0.325197
5 -0.729204 -0.990555 0.314005
2 -0.625974 -1.14016 0.325987
1 -0.658833 -0.972314 0.328821
7 -0.640451 -1.06201 0.327432
1 -0.50443 -1.54502 0.340966
4 -0.573886 -1.3628 0.33966
7 -0.67006 -1.16991 0.326782
1 -0.635461 -1.28809 0.330216
2 -0.481373 -1.66138 0.340378
1 -0.533806 -1.39615 0.341035
2 -0.685735 -0.895415 0.327555
1 -0.662145 -0.914627 0.332106
1 -0.730343 -0.747692 0.322876
5 -0.601485 -1.11154 0.331031
1 -0.671041 -1.04162 0.324895
7 -0.658509 -1.00547 0.330249
1 -0.592067 -1.184 0.335896
7 -0.650474 -1.1075 0.328854
1 -0.712924 -0.977885 0.317616
2 -0.804801 -0.680196 0.310353
1 -0.802053 -0.643968 0.311975
1 -0.796402 -0.681744 0.311103
4 -0.728589 -1.02413 0.317018
3 -0.775846 -0.771309 0.318911
10 -0.721041 -0.983478 0.325503
9 -0.69315 -1.12746 0.329033
2 -0.580275 -1.33844 0.340965
5 -0.596778 -1.32698 0.335076
4 -0.584788 -1.3602 0.335761
1 -0.630881 -1.24721 0.325754
7 -0.689102 -1.13214 0.32551
1 -0.713488 -1.05048 0.314417
2 -0.85957 -0.564349 0.313286
1 -0.820947 -0.586333 0.322387
2 -0.736137 -0.759539 0.328383
1 -0.676678 -0.949599 0.326689
1 -0.702871 -0.970398 0.325458
3 -0.687845 -1.01951 0.319118
1 -0.598618 -1.16846 0.333268
1 -0.658347 -1.05588 0.329284
2 -0.704611 -0.862871 0.324349
15 -0.640914 -1.17229 0.326166
3 -0.648554 -1.27589 0.322395
3 -0.59017 -1.48319 0.331498
2 -0.577697 -1.48061 0.332168
4 -0.738921 -0.840888 0.325716
1 -0.892036 -0.367181 0.311461
3 -0.804925 -0.755282 0.312592
5 -0.781778 -0.794897 0.31455
3 -0.799947 -0.804976 0.313476
6 -0.69779 -0.989351 0.323762
2 -0.693222 -0.738195 0.330896
1 -0.619603 -1.02024 0.338158
18 -0.582496 -1.25679 0.336047
9 -0.728255 -0.870805 0.319824
1 -0.710809 -0.947468 0.318377
5 -0.650452 -1.19435 0.322916
5 -0.608641 -1.28777 0.327725
8 -0.639539 -1.17981 0.329147
1 -0.583817 -1.52266 0.329187
2 -0.667234 -1.31883 0.316192
1 -0.733152 -1.01565 0.315939
2 -0.733766 -1.0106 0.315618
3 -0.723053 -0.985806 0.314314
1 -0.644113 -1.04164 0.327158
5 -0.652121 -1.03357 0.335484
1 -0.618011 -1.12626 0.33577
5 -0.619846 -1.153 0.327536
1 -0.664607 -1.00801 0.322539
1 -0.572134 -1.50934 0.337058
2 -0.652726 -1.21568 0.327413
1 -0.5791 -1.54939 0.330997
3 -0.538204 -1.6526 0.330532
7 -0.585163 -1.26015 0.333006
3 -0.559982 -1.22518 0.33998
2 -0.737407 -0.724145 0.32148
1 -0.780669 -0.616967 0.321056
3 -0.770755 -0.642715 0.326649
1 -0.815817 -0.590969 0.314561
1 -0.715328 -0.95504 0.323318
1 -0.706558 -1.04355 0.325191
7 -0.710547 -1.10343 0.319225
3 -0.659783 -1.04582 0.330855
2 -0.559874 -1.22534 0.34021
1 -0.445147 -1.70859 0.347196
3 -0.48797 -1.47717 0.34987
3 -0.519631 -1.45112 0.344521
4 -0.713161 -1.03542 0.316131
1 -0.709843 -1.14611 0.316552
1 -0.660899 -1.31334 0.316824
2 -0.733807 -1.07111 0.315207
5 -0.709244 -1.06565 0.313632
3 -0.738935 -1.04457 0.308651
4 -0.52216 -1.63812 0.337118
2 -0.468229 -1.75819 0.33742
1 -0.517439 -1.37899 0.343867
1 -0.541717 -1.27578 0.343744
2 -0.676591 -1.09377 0.327923
3 -0.654779 -1.22659 0.322911
1 -0.649509 -1.27002 0.321684
4 -0.606596 -1.46737 0.321385
1 -0.64108 -1.27877 0.327115
1 -0.789178 -0.817562 0.314838
11 -0.793663 -0.717436 0.316375
4 -0.64119 -1.17689 0.33344
6 -0.653099 -1.25351 0.32856
1 -0.604612 -1.3771 0.334304
2 -0.589171 -1.42026 0.333911
1 -0.723614 -1.06517 0.316032
4 -0.628119 -1.22115 0.329014
4 -0.641821 -1.21686 0.322546
1 -0.714443 -1.04397 0.316469
1 -0.853234 -0.45492 0.316324
1 -0.803827 -0.579098 0.317988
3 -0.679922 -0.954573 0.32268
4 -0.734663 -0.714648 0.319122
1 -0.838175 -0.46539 0.315881
3 -0.641055 -1.27419 0.327214
1 -0.652727 -1.09857 0.336836
5 -0.574881 -1.26364 0.344824
3 -0.615654 -1.23595 0.341738
1 -0.78499 -0.837814 0.316291
2 -0.743977 -0.898198 0.321024
1 -0.739876 -0.816563 0.321096
2 -0.57045 -1.26749 0.341777
6 -0.751596 -1.00838 0.319323
2 -0.743781 -0.939646 0.322865
2 -0.597346 -1.27094 0.339684
3 -0.569178 -1.47965 0.334563
2 -0.631148 -1.30129 0.331107
5 -0.693068 -1.00957 0.330096
2 -0.707209 -0.867954 0.334114
9 -0.735873 -0.85628 0.32564
1 -0.675982 -0.958868 0.324636
3 -0.723908 -0.78831 0.32
1 -0.688229 -0.925037 0.321744
6 -0.663088 -1.05575 0.32573
1 -0.482135 -1.52246 0.348362
3 -0.672978 -1.0322 0.329251
2 -0.896558 -0.329288 0.313041
4 -0.759758 -0.771845 0.322614
1 -0.636717 -1.2827 0.3286
2 -0.641114 -1.14816 0.335784
1 -0.745413 -0.76592 0.325737
1 -0.637635 -1.16289 0.334056
2 -0.491636 -1.51874 0.342482
3 -0.395424 -1.94331 0.350899
1 -0.644105 -1.18846 0.334632
3 -0.554597 -1.40069 0.344447
3 -0.675024 -1.21759 0.325293
1 -0.589251 -1.51542 0.330475
7 -0.594822 -1.4938 0.331016
8 -0.60582 -1.13005 0.337529
1 -0.475245 -1.66832 0.342111
1 -0.428263 -1.82056 0.346375
2 -0.601377 -1.24246 0.338268
2 -0.687169 -0.998378 0.334997
4 -0.725576 -0.749366 0.338706
5 -0.676137 -0.896031 0.343543
1 -0.676482 -0.888681 0.335791
1 -0.693702 -0.976267 0.331488
3 -0.695437 -1.06252 0.321651
6 -0.750792 -0.842047 0.316564
3 -0.763873 -0.859351 0.316086
3 -0.755394 -0.82887 0.3134
2 -0.792083 -0.69153 0.31024
1 -0.901103 -0.231078 0.314857
5 -0.711433 -0.981606 0.321749
2 -0.728474 -0.962782 0.323958
1 -0.710661 -0.969595 0.325357
4 -0.778245 -0.793737 0.319574
7 -0.771625 -0.82808 0.318696
8 -0.607605 -1.3103 0.327737
3 -0.601187 -1.31503 0.32492
3 -0.861294 -0.54061 0.30466
1 -0.748556 -0.828457 0.311227
9 -0.684537 -0.942164 0.326889
1 -0.753162 -0.871741 0.318688
1 -0.782116 -0.811573 0.315849
2 -0.666448 -1.12515 0.323802
2 -0.684337 -1.15789 0.321507
6 -0.697548 -1.08171 0.320577
4 -0.776605 -0.926248 0.312323
1 -0.555879 -1.55289 0.330825
1 -0.562987 -1.57401 0.322276
2 -0.477841 -1.77603 0.335169
2 -0.584183 -1.43922 0.327627
3 -0.58806 -1.43425 0.330856
7 -0.693102 -1.11201 0.3269
9 -0.639465 -1.28254 0.330057
2 -0.571045 -1.48501 0.334118
2 -0.692227 -0.9021 0.326059
2 -0.684845 -0.958658 0.325777
6 -0.650014 -1.22122 0.324038
1 -0.637292 -1.20337 0.325968
2 -0.682387 -0.989645 0.32625
2 -0.634916 -1.13774 0.329476
1 -0.654637 -1.03685 0.33101
4 -0.601528 -1.20736 0.337792
6 -0.660875 -1.02802 0.332685
1 -0.630929 -1.06328 0.333318
1 -0.690942 -0.827833 0.331245
2 -0.689769 -1.1319 0.322192
2 -0.695733 -1.13904 0.322439
1 -0.741708 -1.01771 0.318093
2 -0.725355 -1.04994 0.321045
1 -0.695622 -1.10879 0.326413
1 -0.641059 -1.27621 0.328727
1 -0.588801 -1.42587 0.332993
2 -0.71461 -1.13072 0.316071
1 -0.747695 -0.979539 0.310925
1 -0.749196 -0.817653 0.317024
2 -0.78615 -0.750913 0.314144
1 -0.774225 -0.730393 0.317895
1 -0.69987 -0.842413 0.32265
1 -0.627555 -1.15259 0.332644
2 -0.642527 -1.27788 0.323801
6 -0.674073 -1.04056 0.319418
5 -0.559578 -1.4071 0.329223
1 -0.557002 -1.22517 0.343017
3 -0.570858 -1.37898 0.335187
2 -0.574093 -1.29553 0.340208
1 -0.618078 -1.22083 0.326293
2 -0.685325 -1.0852 0.323271
7 -0.677397 -1.1447 0.324424
1 -0.547744 -1.55733 0.331236
1 -0.576969 -1.37775 0.329148
6 -0.680202 -0.932805 0.329852
1 -0.79489 -0.701923 0.314309
12 -0.632117 -1.23762 0.329478
3 -0.633281 -1.22114 0.331282
4 -0.55656 -1.34082 0.336707
3 -0.595182 -1.1357 0.337171
6 -0.65553 -1.16858 0.326663
4 -0.64286 -1.23208 0.331696
3 -0.608426 -1.47324 0.3271
1 -0.613581 -1.45902 0.324403
1 -0.591042 -1.53174 0.325214
3 -0.480832 -1.78373 0.337713
1 -0.565587 -1.31434 0.341086
1 -0.680235 -0.992068 0.328181
5 -0.694759 -1.03022 0.326368
8 -0.718447 -0.893754 0.332283
2 -0.650387 -0.97217 0.335833
2 -0.584639 -1.29435 0.340503
2 -0.642588 -1.22581 0.326862
3 -0.713763 -0.990612 0.317141
7 -0.762827 -0.709378 0.318384
4 -0.784566 -0.576894 0.322094
3 -0.747742 -0.648763 0.328119
9 -0.736851 -0.651617 0.328706
1 -0.715953 -0.885615 0.330195
1 -0.638121 -1.14259 0.334128
3 -0.538896 -1.44816 0.338013
1 -0.702631 -0.891422 0.326411
1 -0.678777 -0.968636 0.333397
5 -0.543057 -1.36821 0.341478
2 -0.637379 -1.14215 0.327025
1 -0.702656 -1.0109 0.324997
1 -0.689271 -1.21404 0.322583
1 -0.731991 -0.904259 0.318767
6 -0.696745 -0.971033 0.326167
6 -0.593649 -1.34326 0.335843
3 -0.61543 -1.29367 0.32721
1 -0.612866 -1.1975 0.331644
5 -0.713015 -0.785939 0.327829
2 -0.772362 -0.685154 0.32513
6 -0.756854 -0.727638 0.325516
3 -0.666125 -1.00531 0.331748
10 -0.616598 -1.2212 0.334346
1 -0.747016 -0.868397 0.318152
5 -0.590364 -1.44931 0.333149
8 -0.803239 -0.654593 0.316151
3 -0.618373 -1.38348 0.324565
2 -0.751371 -0.954151 0.312305
1 -0.700781 -1.0909 0.319199
3 -0.619206 -1.32381 0.323219
1 -0.651865 -1.25042 0.320433
1 -0.603442 -1.28116 0.332728
2 -0.603172 -1.19426 0.337449
1 -0.576364 -1.2348 0.342731
1 -0.700715 -1.01642 0.326748
1 -0.798346 -0.674455 0.320829
2 -0.782266 -0.741732 0.316684
6 -0.773356 -0.711965 0.316836
1 -0.772751 -0.717186 0.317879
1 -0.76827 -0.757974 0.316187
1 -0.753838 -0.640052 0.329038
5 -0.762618 -0.615005 0.328608
3 -0.595899 -1.29297 0.333551
1 -0.62142 -1.31149 0.327331
2 -0.62142 -1.31149 0.327331
1 -0.661449 -1.06431 0.331164
1 -0.57026 -1.24689 0.343507
3 -0.593761 -1.32793 0.336053
2 -0.726523 -0.793824 0.324184
5 -0.708249 -0.983601 0.325378
2 -0.719642 -0.912414 0.32694
1 -0.788437 -0.764665 0.318104
6 -0.551873 -1.51311 0.335042
1 -0.565121 -1.43766 0.333248
1 -0.493767 -1.71553 0.337554
1 -0.580692 -1.36883 0.32617
1 -0.558266 -1.56086 0.324975
4 -0.529929 -1.59841 0.328066
4 -0.657807 -1.17131 0.324815
12 -0.737769 -0.840005 0.320041
1 -0.719038 -1.02492 0.321237
2 -0.77936 -0.821657 0.3169
1 -0.628992 -1.26688 0.330554
2 -0.689831 -0.886538 0.332073
1 -0.707746 -0.857722 0.328901
4 -0.635394 -1.11201 0.329978
2 -0.653415 -1.11301 0.331202
1 -0.585674 -1.17275 0.338375
1 -0.593091 -1.13616 0.339131
1 -0.638861 -1.17506 0.328798
1 -0.701277 -0.86607 0.32456
5 -0.612557 -1.06311 0.334436
2 -0.610908 -1.04593 0.337973
1 -0.647142 -1.04837 0.33242
3 -0.69618 -1.04003 0.322932
4 -0.708649 -1.00205 0.324028
1 -0.675669 -1.04614 0.326354
2 -0.684735 -0.983067 0.327227
2 -0.670946 -1.00624 0.329306
5 -0.591757 -1.23831 0.337137
1 -0.7341 -0.80312 0.321956
3 -0.858662 -0.542264 0.312465
3 -0.837584 -0.642549 0.311064
4 -0.740093 -1.05071 0.319267
1 -0.722624 -0.964727 0.32264
1 -0.693207 -1.04874 0.32566
2 -0.737619 -0.907815 0.320839
4 -0.746679 -0.964743 0.317424
2 -0.831516 -0.678806 0.31371
5 -0.683098 -1.11393 0.325519
1 -0.622693 -1.23684 0.330888
1 -0.756928 -0.881929 0.321299
2 -0.759371 -0.608504 0.333443
4 -0.806427 -0.668143 0.318466
2 -0.641328 -1.25076 0.328851
6 -0.623823 -1.25145 0.330463
1 -0.638443 -1.11521 0.323779
1 -0.531301 -1.44757 0.332509
2 -0.527051 -1.5061 0.333914
3 -0.37832 -1.90019 0.354841
1 -0.351468 -2.06324 0.351388
1 -0.516666 -1.662 0.334866
1 -0.482708 -1.73605 0.33937
2 -0.638675 -1.30511 0.322733
2 -0.649066 -1.13766 0.331319
2 -0.653837 -1.11328 0.332324
1 -0.776498 -0.689408 0.324206
1 -0.732885 -0.811608 0.323804
2 -0.694912 -0.944762 0.327932
2 -0.755023 -0.834548 0.32126
1 -0.827769 -0.724498 0.310448
2 -0.691405 -1.04564 0.319724
1 -0.621317 -1.28875 0.330066
4 -0.624131 -1.25695 0.334154
4 -0.576612 -1.35987 0.338472
1 -0.587912 -1.40143 0.332769
2 -0.652309 -1.10762 0.331817
6 -0.556434 -1.58397 0.331989
2 -0.572962 -1.43245 0.330036
3 -0.583943 -1.22959 0.340553
2 -0.7336 -0.920774 0.319873
1 -0.66576 -1.0291 0.331568
1 -0.644042 -1.07826 0.334833
3 -0.659993 -1.04145 0.330456
6 -0.629942 -1.0758 0.333542
1 -0.591991 -1.30657 0.333501
1 -0.539371 -1.42614 0.33902
1 -0.600469 -1.131 0.339244
3 -0.643553 -0.985967 0.334521
7 -0.571232 -1.28726 0.335352
7 -0.604403 -1.24952 0.330626
2 -0.73201 -0.917734 0.320163
2 -0.769707 -0.86089 0.317236
3 -0.66316 -1.12322 0.332795
4 -0.700667 -1.1216 0.323894
1 -0.66722 -1.01209 0.324427
1 -0.589461 -1.31445 0.331242
7 -0.63893 -1.23026 0.325773
2 -0.639069 -1.17473 0.331766
1 -0.567258 -1.54217 0.335211
2 -0.59612 -1.52948 0.329949
1 -0.508202 -1.48054 0.342115
1 -0.644065 -0.979427 0.333945
8 -0.684713 -0.987255 0.328051
1 -0.780446 -0.660542 0.318112
1 -0.751845 -0.603425 0.326274
1 -0.743935 -0.751085 0.321048
1 -0.744981 -0.935013 0.318599
2 -0.559674 -1.56006 0.338653
1 -0.686251 -1.16241 0.328492
2 -0.708024 -1.04731 0.326774
2 -0.704167 -0.997283 0.329498
1 -0.63377 -1.06796 0.334969
1 -0.668294 -1.00835 0.32675
1 -0.665414 -0.988632 0.335673
6 -0.744309 -0.740965 0.326962
1 -0.641202 -1.25923 0.331092
9 -0.588541 -1.31745 0.337419
1 -0.668302 -1.13151 0.329448
2 -0.893193 -0.296206 0.315605
4 -0.774999 -0.560823 0.325391
2 -0.762748 -0.66886 0.323552
2 -0.706275 -0.866479 0.325505
1 -0.654198 -1.0901 0.326172
1 -0.636469 -1.10868 0.337432
3 -0.810928 -0.655837 0.316462
1 -0.595003 -1.44306 0.331743
2 -0.569097 -1.43315 0.33305
4 -0.721437 -1.15979 0.316739
2 -0.652054 -1.36133 0.321998
10 -0.695903 -0.932135 0.3253
3 -0.785085 -0.84178 0.311142
1 -0.811236 -0.828339 0.313088
1 -0.733537 -0.96361 0.319625
1 -0.780189 -0.705418 0.31902
2 -0.70359 -1.04887 0.321511
12 -0.746685 -0.948493 0.318266
1 -0.81223 -0.640854 0.315845
1 -0.761646 -0.754024 0.321025
3 -0.721617 -1.02163 0.32036
1 -0.648944 -1.28212 0.328032
4 -0.623434 -1.13469 0.330675
1 -0.790755 -0.63621 0.317823
2 -0.738083 -0.828224 0.322713
2 -0.787531 -0.647181 0.316982
1 -0.738981 -0.761812 0.323931
2 -0.69929 -0.982045 0.323374
3 -0.697487 -1.06334 0.319685
2 -0.603203 -1.25793 0.337998
2 -0.723941 -0.711372 0.330782
3 -0.604001 -1.31504 0.33478
3 -0.651165 -1.10614 0.335224
6 -0.705628 -0.936386 0.327271
3 -0.656567 -0.98513 0.333246
3 -0.647363 -1.01507 0.333546
1 -0.736414 -0.744396 0.323339
1 -0.79251 -0.805988 0.314132
3 -0.744498 -0.940326 0.312777
1 -0.72798 -0.93953 0.315454
4 -0.661743 -1.02535 0.331174
4 -0.70014 -1.04186 0.326982
6 -0.695376 -0.919433 0.332245
1 -0.694591 -0.893574 0.332671
1 -0.612952 -1.33518 0.327172
2 -0.683169 -0.989577 0.325316
2 -0.765085 -0.776592 0.316777
4 -0.638153 -1.08465 0.32793
5 -0.630037 -1.08535 0.331038
5 -0.609393 -1.18039 0.333527
1 -0.578614 -1.31745 0.328918
1 -0.524065 -1.4708 0.336241
6 -0.477708 -1.63616 0.339821
3 -0.586578 -1.18364 0.33888
1 -0.646902 -1.02002 0.336776
1 -0.637361 -1.10014 0.335142
2 -0.593511 -1.21477 0.33283
2 -0.536833 -1.4744 0.335864
5 -0.448768 -1.79121 0.338365
1 -0.449857 -1.831 0.341712
2 -0.464351 -1.86834 0.337723
3 -0.461989 -1.8965 0.340906
2 -0.516917 -1.65063 0.336165
2 -0.647661 -1.31846 0.324191
2 -0.735474 -1.04296 0.313456
3 -0.643429 -1.17327 0.327061
1 -0.738664 -0.660837 0.329696
1 -0.775822 -0.741635 0.31495
1 -0.559917 -1.39167 0.332092
3 -0.563297 -1.31203 0.337269
8 -0.648426 -1.27809 0.320817
2 -0.731966 -0.980269 0.315952
1 -0.594751 -1.13564 0.333684
2 -0.659294 -1.02265 0.325364
6 -0.636577 -1.08791 0.329856
4 -0.641973 -0.971824 0.340919
7 -0.608142 -1.22947 0.336274
1 -0.618199 -1.09224 0.338913
3 -0.689586 -0.822548 0.330667
2 -0.711578 -0.757574 0.330141
2 -0.721032 -0.873286 0.321923
1 -0.728968 -0.888503 0.321356
11 -0.665958 -1.0392 0.3296
1 -0.598422 -1.36202 0.328242
2 -0.55097 -1.42502 0.333538
3 -0.618178 -1.25728 0.332461
2 -0.610369 -1.27282 0.332163
1 -0.512577 -1.46131 0.351029
2 -0.547796 -1.48774 0.333649
2 -0.677656 -1.1034 0.320319
11 -0.782091 -0.951318 0.308516
2 -0.685678 -0.874153 0.325201
4 -0.779713 -0.608807 0.31327
1 -0.552487 -1.10238 0.340542
1 -0.81502 -0.479478 0.322706
3 -0.635246 -1.40401 0.32416
5 -0.695795 -1.1351 0.325725
3 -0.701485 -1.05269 0.321897
2 -0.713275 -0.983697 0.323218
3 -0.615131 -1.22961 0.335344
1 -0.670599 -1.12453 0.32722
2 -0.678921 -1.14012 0.325437
1 -0.752966 -0.912843 0.319157
1 -0.747562 -0.812186 0.324268
3 -0.706165 -1.00399 0.324369
1 -0.766451 -0.761272 0.322425
2 -0.683006 -0.939686 0.32566
3 -0.703784 -0.86483 0.322445
3 -0.602211 -1.23643 0.327449
3 -0.592654 -1.22081 0.33683
5 -0.625314 -1.26171 0.32783
1 -0.638205 -1.2733 0.326866
1 -0.637831 -1.20825 0.325332
3 -0.736985 -0.723201 0.326076
5 -0.755505 -0.644186 0.327681
2 -0.65168 -1.01998 0.33726
1 -0.674273 -0.93281 0.335729
2 -0.607052 -1.08911 0.341231
2 -0.716238 -0.914215 0.322667
1 -0.74674 -0.756722 0.320366
4 -0.75866 -0.839013 0.317986
5 -0.751762 -0.780185 0.319274
1 -0.787553 -0.549947 0.316188
1 -0.75808 -0.725129 0.31718
1 -0.788423 -0.752522 0.309316
18 -0.772522 -0.673583 0.316606
8 -0.735898 -0.924782 0.321384
3 -0.700452 -0.945291 0.329464
1 -0.617733 -1.0555 0.336703
1 -0.754262 -0.704699 0.328196
2 -0.754123 -0.713695 0.330057
5 -0.701754 -0.94549 0.330276
3 -0.785784 -0.780966 0.318021
3 -0.812164 -0.700397 0.318636
3 -0.731421 -0.951964 0.322415
7 -0.79521 -0.577297 0.321175
1 -0.720291 -1.01581 0.315425
2 -0.760491 -0.904064 0.314649
3 -0.73616 -1.05485 0.317643
1 -0.782829 -0.714771 0.319728
3 -0.664413 -1.07816 0.330723
1 -0.701938 -0.977275 0.32423
5 -0.755198 -0.718373 0.321702
3 -0.574333 -1.37777 0.332533
6 -0.576374 -1.26201 0.338963
1 -0.410064 -1.85099 0.352386
2 -0.33552 -2.02547 0.362544
1 -0.442461 -1.65902 0.348712
1 -0.624448 -1.08914 0.334671
1 -0.647265 -0.977626 0.338806
2 -0.517353 -1.42623 0.344459
3 -0.601216 -1.34118 0.334403
6 -0.559012 -1.44709 0.329516
2 -0.514999 -1.66037 0.334842
2 -0.598084 -1.446 0.328736
1 -0.728777 -1.01154 0.32579
1 -0.693242 -1.07866 0.327511
1 -0.596293 -1.27941 0.332857
4 -0.67442 -0.975334 0.331353
8 -0.650069 -1.07999 0.332449
11 -0.664492 -1.07872 0.331993
3 -0.630141 -1.19079 0.333544
6 -0.686495 -0.961747 0.331879
1 -0.655988 -1.07842 0.333261
2 -0.69967 -0.847327 0.331046
1 -0.454926 -1.47081 0.353327
1 -0.419244 -1.64978 0.351871
1 -0.44031 -1.69777 0.353036
1 -0.489672 -1.4448 0.345435
5 -0.541286 -1.53166 0.336523
10 -0.686539 -1.00572 0.322351
3 -0.689554 -1.00635 0.323025
3 -0.710089 -0.900378 0.329207
1 -0.676688 -0.978918 0.339408
1 -0.736822 -0.836345 0.328329
5 -0.656683 -0.992713 0.334757
1 -0.709586 -1.12497 0.31988
1 -0.725507 -1.0568 0.318885
2 -0.738343 -1.0914 0.317791
3 -0.742248 -0.957109 0.32229
1 -0.66877 -1.10396 0.325975
8 -0.616738 -1.25388 0.332253
4 -0.829762 -0.502335 0.315584
1 -0.865163 -0.277541 0.31988
1 -0.750073 -0.756281 0.321947
1 -0.710233 -0.924628 0.320481
1 -0.751608 -0.792219 0.319701
3 -0.727882 -1.0622 0.314987
4 -0.701961 -0.930885 0.329148
4 -0.786758 -0.708401 0.318599
6 -0.845191 -0.571237 0.31272
3 -0.616293 -1.35798 0.329108
2 -0.663193 -1.10008 0.327517
4 -0.701249 -0.897806 0.323867
3 -0.597147 -1.30119 0.330625
1 -0.682984 -0.983316 0.330323
4 -0.746714 -0.769474 0.330511
1 -0.652413 -1.07348 0.336052
2 -0.823714 -0.710525 0.311988
4 -0.777501 -0.640848 0.327412
2 -0.691241 -1.02207 0.327136
2 -0.759806 -0.811557 0.318926
2 -0.740247 -0.743986 0.328989
3 -0.75554 -0.745165 0.322687
1 -0.663673 -1.08684 0.326575
1 -0.67167 -1.15531 0.325396
2 -0.545814 -1.54063 0.339814
4 -0.570613 -1.3387 0.345862
5 -0.551886 -1.32299 0.342979
2 -0.670255 -0.947692 0.336176
2 -0.639105 -1.2107 0.320448
4 -0.637006 -1.21361 0.328038
6 -0.598331 -1.35134 0.323237
1 -0.65265 -1.20734 0.318628
1 -0.709115 -1.04166 0.316563
3 -0.610255 -1.2304 0.327897
4 -0.693173 -0.920558 0.323243
3 -0.742422 -0.909927 0.314076
1 -0.744388 -0.772924 0.328211
4 -0.766374 -0.742547 0.325498
1 -0.677596 -1.10286 0.326962
1 -0.619549 -1.28812 0.334821
1 -0.727166 -0.821765 0.319931
9 -0.621477 -1.18997 0.330836
5 -0.670316 -1.12596 0.329859
1 -0.685277 -1.13012 0.325275
1 -0.658005 -1.25703 0.32618
1 -0.685574 -1.23588 0.320859
1 -0.675024 -1.06641 0.327252
6 -0.616874 -1.16684 0.335492
4 -0.636907 -1.12171 0.327748
1 -0.562919 -1.19521 0.339949
2 -0.642931 -1.29741 0.320892
5 -0.604816 -1.52391 0.32364
3 -0.60437 -1.52548 0.323485
2 -0.670983 -1.22994 0.326497
2 -0.684235 -0.986032 0.330541
4 -0.719642 -0.977129 0.321469
2 -0.721208 -0.960509 0.320811
1 -0.719731 -0.877641 0.331067
5 -0.506616 -1.59747 0.34431
8 -0.502114 -1.52602 0.346631
4 -0.543055 -1.26907 0.340089
1 -0.595459 -1.14692 0.332661
1 -0.649493 -0.894941 0.330075
7 -0.659922 -0.952665 0.330717
2 -0.469841 -1.62055 0.344615
3 -0.372965 -1.8308 0.355238
1 -0.36213 -2.11749 0.349085
7 -0.489411 -1.87895 0.3343
3 -0.560038 -1.39135 0.329382
4 -0.611912 -1.27614 0.323397
1 -0.598588 -1.37735 0.326333
4 -0.592556 -1.32902 0.334987
1 -0.63184 -1.03737 0.342881
3 -0.610438 -1.13148 0.347206
6 -0.70724 -0.80294 0.33348
8 -0.643451 -1.21695 0.323849
2 -0.598309 -1.37327 0.326047
1 -0.463509 -1.76021 0.342682
8 -0.545476 -1.52546 0.3383
1 -0.605875 -1.27746 0.333407
6 -0.677191 -1.03032 0.332871
1 -0.621516 -1.23408 0.324023
1 -0.68294 -1.01907 0.322098
2 -0.645165 -1.22093 0.32407
1 -0.794338 -0.522924 0.320566
5 -0.668003 -0.918813 0.333161
3 -0.633118 -1.06935 0.335906
2 -0.64449 -1.07301 0.331682
7 -0.515486 -1.4332 0.346606
1 -0.661299 -0.854256 0.334949
2 -0.433493 -1.53836 0.351809
1 -0.57717 -1.12449 0.338697
1 -0.612261 -1.03867 0.339241
2 -0.760264 -0.625922 0.330053
3 -0.742481 -0.831528 0.327429
1 -0.73674 -1.04659 0.316924
4 -0.56898 -1.55303 0.334183
2 -0.771164 -0.761438 0.316436
2 -0.687648 -1.02323 0.323316
2 -0.572984 -1.36293 0.332874
2 -0.537408 -1.47779 0.337627
2 -0.665987 -1.01494 0.333122
2 -0.738445 -0.849607 0.32476
3 -0.634873 -1.01448 0.33926
4 -0.676719 -1.02295 0.332424
4 -0.710897 -0.942497 0.321674
4 -0.51227 -1.54815 0.344613
2 -0.679378 -1.07121 0.331679
9 -0.676524 -0.930209 0.335269
2 -0.746223 -0.673936 0.331822
3 -0.692665 -0.929812 0.337056
2 -0.62799 -1.02156 0.341271
1 -0.691569 -0.979808 0.326882
5 -0.588505 -1.1348 0.335442
3 -0.684789 -0.846456 0.326796
1 -0.692446 -0.977662 0.322909
1 -0.70733 -0.97288 0.320224
6 -0.742637 -0.883126 0.319171
1 -0.522284 -1.37944 0.34601
1 -0.551334 -1.32512 0.340473
1 -0.547381 -1.35007 0.340317
2 -0.576756 -1.20208 0.336932
11 -0.737559 -0.859686 0.318203
3 -0.652988 -1.12622 0.329867
4 -0.684018 -1.10627 0.334311
1 -0.618232 -1.33371 0.330817
2 -0.444827 -1.92973 0.344055
2 -0.521551 -1.60649 0.33334
3 -0.727553 -0.924925 0.31727
1 -0.713228 -0.981055 0.318035
1 -0.720425 -0.835304 0.322672
6 -0.752883 -0.680364 0.3234
1 -0.787351 -0.547434 0.321797
1 -0.768314 -0.562841 0.323868
2 -0.630656 -1.19526 0.32758
1 -0.730332 -0.911414 0.319598
1 -0.691627 -1.05228 0.32235
2 -0.594316 -1.23745 0.337616
5 -0.651313 -0.91771 0.335085
2 -0.70156 -0.87807 0.332043
1 -0.66919 -0.974877 0.337574
5 -0.628716 -1.2791 0.325538
3 -0.55571 -1.64832 0.321896
1 -0.643884 -1.07532 0.3291
2 -0.577259 -1.3551 0.338613
6 -0.64616 -1.1999 0.327004
7 -0.699968 -1.10573 0.316901
2 -0.91451 -0.272799 0.304856
6 -0.864019 -0.413359 0.317496
7 -0.702679 -0.908821 0.325766
3 -0.674801 -1.03459 0.32384
2 -0.600716 -1.17307 0.337916
4 -0.634173 -1.09314 0.336912
2 -0.683879 -1.1184 0.32572
2 -0.575404 -1.29131 0.338272
2 -0.534535 -1.49853 0.341191
2 -0.786981 -0.780267 0.32018
2 -0.750861 -0.81008 0.323134
1 -0.757118 -0.778463 0.322174
4 -0.716829 -0.931987 0.325804
2 -0.875312 -0.452968 0.309476
1 -0.809332 -0.83057 0.308283
2 -0.770609 -0.950738 0.314938
2 -0.560926 -1.46962 0.33334
3 -0.637094 -1.15138 0.333432
1 -0.685185 -1.09087 0.326154
4 -0.728883 -0.782042 0.324268
1 -0.614477 -1.27522 0.327611
9 -0.608245 -1.26772 0.331529
2 -0.633971 -1.07099 0.332962
1 -0.541475 -1.48837 0.337156
3 -0.632363 -1.1927 0.329398
1 -0.618146 -1.15837 0.332252
2 -0.778297 -0.668518 0.3237
1 -0.781181 -0.776447 0.323686
5 -0.797298 -0.625889 0.314104
6 -0.767888 -0.632831 0.32055
1 -0.737376 -0.995319 0.316759
1 -0.694165 -0.964711 0.329864
5 -0.691284 -0.931243 0.330876
10 -0.636081 -0.970408 0.333227
2 -0.630079 -0.980993 0.333248
1 -0.566086 -1.18852 0.341227
7 -0.63746 -1.03408 0.329944
2 -0.781479 -0.752896 0.316875
5 -0.688106 -1.13288 0.318839
3 -0.544781 -1.61864 0.326313
2 -0.609295 -1.39937 0.322735
4 -0.609776 -1.40803 0.32165
3 -0.46356 -1.79619 0.338002
1 -0.496216 -1.71328 0.334802
2 -0.669479 -0.888424 0.333909
1 -0.666846 -0.930375 0.333886
1 -0.653934 -1.00675 0.33015
9 -0.759717 -0.855894 0.315424
1 -0.750128 -0.846491 0.321904
2 -0.632491 -1.19367 0.329022
6 -0.56638 -1.31745 0.33556
2 -0.608202 -1.40184 0.318675
1 -0.667607 -1.25014 0.317507
4 -0.625627 -1.31998 0.323861
1 -0.680301 -1.25191 0.320407
6 -0.647596 -1.31207 0.323935
3 -0.634473 -1.30921 0.33105
1 -0.549331 -1.33849 0.3414
4 -0.528194 -1.44265 0.341509
2 -0.494558 -1.61911 0.343057
1 -0.673651 -1.22537 0.319086
1 -0.706224 -0.996517 0.320442
2 -0.778496 -0.786985 0.315172
5 -0.624055 -1.31794 0.331409
1 -0.66431 -1.16294 0.323557
1 -0.803915 -0.744136 0.309987
2 -0.753678 -0.749639 0.323905
3 -0.702017 -0.886361 0.325239
1 -0.73601 -0.915702 0.315673
3 -0.717353 -0.804334 0.321343
4 -0.700422 -0.884746 0.322981
1 -0.674601 -0.971246 0.324497
1 -0.535702 -1.39598 0.340134
3 -0.594653 -1.18941 0.333042
1 -0.557744 -1.42099 0.341413
1 -0.615507 -1.20193 0.332288
3 -0.701954 -1.08198 0.322596
1 -0.725324 -0.976257 0.320174
5 -0.670135 -1.17997 0.322644
4 -0.609197 -1.37083 0.332673
1 -0.578842 -1.38217 0.33511
3 -0.700176 -1.00109 0.327403
3 -0.786717 -0.63959 0.31739
1 -0.725296 -0.818989 0.324584
5 -0.623402 -1.13636 0.33456
1 -0.579701 -1.20517 0.339606
7 -0.603089 -1.13466 0.333015
3 -0.760309 -0.834327 0.31841
4 -0.550281 -1.41283 0.336828
1 -0.59186 -1.20198 0.334239
3 -0.642344 -0.949895 0.337229
2 -0.595202 -1.35853 0.331698
2 -0.689488 -1.04411 0.324143
1 -0.601418 -1.31991 0.331079
2 -0.549243 -1.62895 0.333889
1 -0.509031 -1.74832 0.329463
7 -0.366875 -2.16166 0.347345
3 -0.576863 -1.61372 0.324946
1 -0.556559 -1.69121 0.32689
1 -0.493104 -1.45612 0.337988
3 -0.626555 -1.08589 0.329718
3 -0.781079 -0.732918 0.316979
1 -0.685072 -1.04812 0.32288
2 -0.575578 -1.3254 0.340877
4 -0.58905 -1.35699 0.333297
2 -0.539311 -1.63968 0.327836
1 -0.582349 -1.27859 0.337248
6 -0.663868 -1.13055 0.329095
2 -0.624091 -1.26364 0.327464
3 -0.576623 -1.46701 0.329441
4 -0.635086 -1.2907 0.325417
6 -0.673926 -1.10515 0.324802
1 -0.715933 -0.854175 0.330928
2 -0.745638 -0.8628 0.326719
2 -0.692851 -0.892514 0.334492
5 -0.679113 -1.04237 0.330061
1 -0.735734 -0.828629 0.324063
4 -0.753617 -0.889572 0.320975
1 -0.765412 -0.698052 0.32201
1 -0.628804 -1.12392 0.332669
1 -0.620631 -1.1291 0.336866
3 -0.631317 -1.11167 0.335397
3 -0.61285 -1.23311 0.334483
1 -0.65025 -1.17353 0.329647
4 -0.575761 -1.47309 0.334506
8 -0.685121 -1.07963 0.329986
4 -0.68293 -1.01046 0.333234
1 -0.531236 -1.35286 0.347975
7 -0.545056 -1.53457 0.336924
1 -0.632104 -1.23425 0.329343
1 -0.608537 -1.32201 0.324632
3 -0.674121 -1.11904 0.318537
1 -0.741597 -0.869856 0.314983
2 -0.784623 -0.749972 0.31288
4 -0.725793 -0.916907 0.319289
8 -0.72053 -0.956156 0.315012
1 -0.775137 -0.65732 0.325842
1 -0.672989 -1.02665 0.331843
6 -0.674266 -1.01738 0.323994
3 -0.58275 -1.3071 0.336792
3 -0.547238 -1.40259 0.340883
6 -0.517152 -1.41454 0.339908
4 -0.603512 -1.20373 0.334395
1 -0.58208 -1.26681 0.339504
1 -0.638942 -1.10563 0.335265
3 -0.647755 -1.21335 0.323007
2 -0.556222 -1.38051 0.344741
4 -0.594483 -1.31253 0.335271
2 -0.588991 -1.29981 0.333095
2 -0.572631 -1.38048 0.339198
3 -0.57924 -1.39037 0.335009
2 -0.576371 -1.50023 0.32878
3 -0.565484 -1.53492 0.330643
3 -0.768206 -0.749467 0.323319
3 -0.823407 -0.58222 0.320572
1 -0.724151 -0.771094 0.330919
17 -0.719187 -0.790795 0.326468
5 -0.640957 -1.25606 0.334728
8 -0.625247 -1.22362 0.334564
2 -0.718004 -1.13072 0.322051
3 -0.668994 -1.23608 0.323404
3 -0.601402 -1.57648 0.325239
3 -0.646875 -1.29688 0.317113
2 -0.605624 -1.45279 0.324944
6 -0.747287 -0.728374 0.326538
3 -0.763964 -0.950593 0.320301
5 -0.445287 -1.94928 0.340449
3 -0.610845 -1.45327 0.33013
2 -0.610422 -1.2943 0.331116
1 -0.613649 -1.26862 0.330233
3 -0.716813 -0.939763 0.318043
1 -0.748006 -0.953127 0.308078
1 -0.534089 -1.6454 0.337785
2 -0.557485 -1.55223 0.334762
1 -0.5774 -1.4765 0.332919
1 -0.729089 -1.06138 0.315548
1 -0.690151 -1.2051 0.318839
1 -0.592372 -1.39855 0.331742
2 -0.672099 -0.98106 0.327372
5 -0.705235 -0.908343 0.326336
2 -0.756759 -0.841489 0.314378
2 -0.617156 -1.24902 0.329593
3 -0.632111 -1.24842 0.330109
2 -0.571284 -1.46986 0.331402
3 -0.581869 -1.51031 0.329675
4 -0.620676 -1.36394 0.325176
2 -0.641368 -1.28595 0.324624
4 -0.639358 -1.16923 0.325819
2 -0.673128 -1.14547 0.329229
3 -0.621256 -1.29482 0.332896
3 -0.546511 -1.60437 0.331507
7 -0.752781 -1.03294 0.315008
3 -0.681684 -0.987127 0.332472
2 -0.870076 -0.433472 0.313729
2 -0.819524 -0.597988 0.311541
1 -0.816494 -0.56081 0.323849
5 -0.667412 -0.997014 0.337179
3 -0.563949 -1.47692 0.336816
7 -0.66279 -1.20436 0.325589
1 -0.704745 -1.17191 0.320595
1 -0.796902 -0.964993 0.308638
2 -0.792343 -1.0058 0.31179
1 -0.826009 -0.90256 0.312364
2 -0.779666 -0.810298 0.319088
7 -0.731399 -0.933912 0.327961
6 -0.580858 -1.36804 0.332294
1 -0.66146 -1.19932 0.322782
3 -0.747 -0.828175 0.319168
3 -0.64936 -1.09659 0.330483
1 -0.646111 -1.19331 0.328947
1 -0.636652 -1.20196 0.331163
2 -0.693643 -0.964909 0.324953
2 -0.742454 -0.954502 0.314687
5 -0.676256 -0.972259 0.333235
1 -0.682228 -1.2959 0.316757
1 -0.618299 -1.52213 0.321306
1 -0.508397 -1.87298 0.331477
5 -0.58926 -1.35148 0.333236
1 -0.789252 -0.790818 0.310854
1 -0.792958 -0.768061 0.312883
1 -0.810454 -0.733353 0.30811
1 -0.716109 -1.11319 0.316031
1 -0.716028 -1.06179 0.315822
1 -0.618466 -1.29966 0.32948
4 -0.627749 -1.31023 0.327198
8 -0.614467 -1.33105 0.331757
2 -0.580038 -1.31356 0.340108
1 -0.57716 -1.32203 0.340226
1 -0.611316 -1.28473 0.334294
1 -0.594038 -1.38041 0.331034
6 -0.630984 -1.09369 0.338024
2 -0.642573 -1.21075 0.3291
1 -0.693024 -1.00518 0.324554
2 -0.88278 -0.197066 0.321766
1 -0.768263 -0.6258 0.324059
1 -0.735208 -0.93666 0.316018
8 -0.636726 -1.3 0.326113
8 -0.600675 -1.36822 0.331237
2 -0.649839 -1.15856 0.330297
4 -0.750199 -0.843703 0.321105
4 -0.739772 -0.868854 0.32212
2 -0.741723 -0.848805 0.322577
2 -0.764291 -0.764963 0.319519
3 -0.81037 -0.668755 0.316203
3 -0.844337 -0.603123 0.310346
1 -0.589791 -1.35419 0.335108
1 -0.607456 -1.24385 0.334471
1 -0.60884 -1.23026 0.335126
1 -0.72319 -0.879425 0.325729
2 -0.665849 -1.05526 0.329569
2 -0.677051 -1.07757 0.323334
4 -0.721859 -0.895483 0.321056
1 -0.777676 -0.862107 0.317871
3 -0.842006 -0.704937 0.311007
4 -0.6045 -1.13006 0.33145
1 -0.580661 -1.33477 0.327002
4 -0.708041 -0.848246 0.325503
2 -0.716255 -0.816792 0.32499
2 -0.663353 -1.23707 0.324274
8 -0.601768 -1.26522 0.335084
1 -0.52548 -1.52316 0.331263
2 -0.569846 -1.38503 0.330185
4 -0.521301 -1.55243 0.33956
4 -0.592078 -1.3026 0.336104
4 -0.59335 -1.30396 0.337888
3 -0.542123 -1.57032 0.331532
4 -0.588227 -1.28744 0.333629
3 -0.665334 -1.06162 0.322705
3 -0.714459 -0.981954 0.320065
2 -0.768326 -0.807247 0.315744
1 -0.76701 -0.888615 0.315801
4 -0.703497 -0.923424 0.329176
1 -0.739085 -0.907616 0.322002
2 -0.76116 -0.815069 0.321351
4 -0.692316 -1.12043 0.322218
1 -0.627677 -1.35617 0.332772
1 -0.782095 -0.934246 0.315584
1 -0.814531 -0.94549 0.309597
1 -0.72387 -1.09849 0.319206
1 -0.792266 -0.704589 0.322776
1 -0.751577 -0.683789 0.332088
4 -0.705 -0.816477 0.334024
2 -0.744042 -0.784926 0.325565
2 -0.717745 -0.961037 0.323633
1 -0.631309 -1.14064 0.334807
3 -0.571626 -1.17245 0.341887
2 -0.64659 -1.20027 0.332255
3 -0.729458 -1.10576 0.316023
1 -0.746523 -0.735076 0.323672
1 -0.631564 -1.2711 0.323614
2 -0.720713 -1.00182 0.32018
2 -0.833939 -0.753005 0.311385
2 -0.871544 -0.479546 0.311269
3 -0.817162 -0.610251 0.316966
1 -0.693043 -1.04805 0.324951
3 -0.597356 -1.32657 0.329533
1 -0.606004 -1.15789 0.330697
6 -0.684262 -0.809889 0.331274
3 -0.791384 -0.709857 0.314765
6 -0.737599 -0.968726 0.319693
4 -0.752503 -0.999413 0.313381
6 -0.499879 -1.71019 0.331574
3 -0.593137 -1.51667 0.322587
3 -0.646369 -1.27799 0.322747
8 -0.586219 -1.4948 0.327342
1 -0.649726 -1.32856 0.325948
2 -0.69538 -1.30369 0.317628
1 -0.640873 -1.43508 0.31937
4 -0.619686 -1.52822 0.325161
3 -0.596952 -1.28683 0.335494
4 -0.55355 -1.53754 0.336431
1 -0.644872 -0.927294 0.340145
1 -0.612752 -1.08521 0.33987
5 -0.814546 -0.581767 0.316193
2 -0.783144 -0.701673 0.317949
1 -0.681524 -1.09214 0.32245
6 -0.598933 -1.2913 0.339415
1 -0.521768 -1.55835 0.33664
2 -0.496579 -1.6459 0.341713
9 -0.506495 -1.56609 0.338349
1 -0.465488 -1.69436 0.343258
2 -0.513971 -1.4777 0.340286
5 -0.629367 -1.24037 0.331491
2 -0.695809 -1.05988 0.3231
1 -0.48955 -1.81902 0.337485
1 -0.467822 -1.88476 0.338971
3 -0.570658 -1.68336 0.323981
2 -0.612312 -1.63161 0.316251
5 -0.51079 -1.84997 0.325187
1 -0.576413 -1.66621 0.321687
1 -0.597182 -1.61692 0.319016
5 -0.488985 -1.89034 0.333723
2 -0.535888 -1.74744 0.328674
1 -0.65321 -1.01732 0.332412
11 -0.677035 -0.985273 0.32292
1 -0.582791 -1.34543 0.334852
3 -0.550203 -1.40721 0.333229
1 -0.534287 -1.30679 0.344022
1 -0.609963 -1.05262 0.337273
3 -0.648411 -0.999426 0.330912
2 -0.652114 -1.22485 0.322438
2 -0.740335 -1.07815 0.316577
5 -0.723441 -1.10573 0.320718
4 -0.622145 -1.29072 0.328503
3 -0.464618 -1.68867 0.343215
1 -0.517332 -1.662 0.333963
13 -0.562279 -1.62867 0.326334
3 -0.559374 -1.36057 0.333274
1 -0.706792 -0.947295 0.326553
1 -0.709708 -0.902538 0.327256
1 -0.748271 -0.821733 0.324279
2 -0.612815 -1.27925 0.33
1 -0.549806 -1.3728 0.336802
4 -0.765126 -1.0079 0.310637
1 -0.758669 -1.11212 0.309621
1 -0.777988 -0.680197 0.327386
3 -0.636239 -1.04973 0.335771
2 -0.641079 -0.974305 0.337051
2 -0.804104 -0.519383 0.325195
3 -0.706383 -0.857229 0.33337
1 -0.810375 -0.570551 0.322952
2 -0.711532 -0.91721 0.326257
1 -0.685594 -0.977234 0.332579
3 -0.609103 -1.21444 0.337049
1 -0.534628 -1.59007 0.335176
2 -0.505718 -1.66027 0.332512
2 -0.436426 -1.89824 0.346434
1 -0.622146 -1.12309 0.336498
1 -0.700925 -0.903131 0.327937
4 -0.759646 -0.679505 0.326974
2 -0.78667 -0.553021 0.323989
1 -0.855609 -0.555568 0.309942
5 -0.832262 -0.646424 0.311173
5 -0.862938 -0.406671 0.30855
2 -0.484552 -1.67587 0.340513
2 -0.479352 -1.58436 0.346316
7 -0.551352 -1.48512 0.337295
1 -0.585555 -1.48172 0.33171
5 -0.5324 -1.40786 0.345698
2 -0.572975 -1.27807 0.342154
3 -0.538295 -1.32445 0.345322
4 -0.561984 -1.26115 0.342113
1 -0.533755 -1.55746 0.329433
3 -0.588756 -1.31488 0.328519
4 -0.563326 -1.3421 0.333683
1 -0.535915 -1.41102 0.340789
1 -0.573982 -1.33854 0.336861
2 -0.648276 -1.00019 0.331254
3 -0.568959 -1.29054 0.337302
1 -0.56333 -1.25844 0.340209
1 -0.539707 -1.4298 0.337982
1 -0.508112 -1.67023 0.34328
3 -0.602648 -1.44919 0.331456
1 -0.696235 -1.15609 0.321135
3 -0.66929 -0.988609 0.329765
1 -0.556538 -1.37475 0.334815
3 -0.618145 -1.16503 0.33366
1 -0.745686 -0.792974 0.32454
2 -0.599341 -1.31661 0.336268
1 -0.63805 -1.24256 0.329893
1 -0.839451 -0.72945 0.306916
2 -0.737721 -1.02404 0.320988
1 -0.714245 -1.06248 0.320063
2 -0.671216 -1.10747 0.322108
2 -0.665668 -1.17413 0.325376
6 -0.723212 -0.92975 0.321538
2 -0.558942 -1.36421 0.333754
3 -0.631897 -1.34531 0.3261
2 -0.749672 -0.800615 0.323971
5 -0.820606 -0.598102 0.311608
2 -0.835992 -0.581683 0.312284
1 -0.48013 -1.48003 0.349404
3 -0.586474 -1.57248 0.326599
2 -0.702132 -1.22532 0.321043
1 -0.613682 -1.51943 0.330852
1 -0.649098 -1.49071 0.324677
6 -0.717315 -1.04981 0.321408
10 -0.726509 -0.919561 0.325715
2 -0.653327 -1.10638 0.327013
1 -0.777258 -0.641193 0.327323
1 -0.847892 -0.460545 0.318785
1 -0.764642 -0.857584 0.318761
2 -0.763843 -0.895856 0.318216
1 -0.705448 -0.739866 0.329267
2 -0.708465 -0.974944 0.320234
2 -0.66005 -1.17668 0.322209
1 -0.773945 -0.753609 0.320248
1 -0.68741 -1.11408 0.323235
1 -0.705946 -0.978807 0.32149
2 -0.653094 -1.24304 0.324354
1 -0.603918 -1.21764 0.333486
1 -0.691939 -0.990316 0.326608
1 -0.684564 -1.14093 0.319848
1 -0.6912 -0.950243 0.325187
1 -0.671876 -0.987511 0.327728
2 -0.704064 -0.941729 0.323194
11 -0.745849 -0.810607 0.323182
2 -0.728195 -0.811588 0.328216
2 -0.755621 -0.838281 0.319069
1 -0.689334 -0.878218 0.334131
1 -0.688639 -0.885882 0.328433
2 -0.735212 -0.835796 0.318705
5 -0.729466 -0.937911 0.320873
3 -0.666237 -1.24081 0.321312
1 -0.585794 -1.5078 0.327311
7 -0.609898 -1.09621 0.335821
8 -0.505025 -1.46671 0.34345
1 -0.557091 -1.17453 0.340707
6 -0.598536 -1.25066 0.339746
4 -0.665763 -1.01792 0.334847
1 -0.659526 -0.988467 0.331937
1 -0.591826 -1.16094 0.340823
1 -0.639869 -0.979081 0.342029
4 -0.546196 -1.29152 0.343619
1 -0.555299 -1.27108 0.342826
2 -0.55267 -1.38349 0.342299
2 -0.612862 -1.09309 0.333612
4 -0.586709 -1.38263 0.32609
2 -0.605525 -1.44268 0.326709
4 -0.740171 -1.05426 0.313835
1 -0.68934 -1.01036 0.323319
3 -0.448663 -1.70943 0.350933
4 -0.400181 -1.9429 0.350928
1 -0.408317 -2.13457 0.342558
3 -0.526456 -1.41408 0.344996
1 -0.515201 -1.67255 0.335063
3 -0.644684 -1.14561 0.328925
2 -0.883819 -0.453928 0.312286
4 -0.780675 -0.612128 0.329884
3 -0.663547 -0.869994 0.338279
2 -0.668597 -0.843585 0.339042
10 -0.57987 -1.09257 0.346125
4 -0.525114 -1.77252 0.333652
3 -0.768755 -1.10001 0.310067
3 -0.846873 -0.779051 0.306219
1 -0.765064 -1.07724 0.309841
2 -0.784601 -0.750672 0.312174
1 -0.66687 -0.975216 0.329288
1 -0.667661 -1.03831 0.328627
1 -0.786524 -0.714082 0.317541
2 -0.780455 -0.687785 0.321856
2 -0.680885 -1.10917 0.32166
2 -0.687129 -1.07712 0.323808
2 -0.648505 -1.15068 0.332763
1 -0.77525 -0.937141 0.311501
1 -0.69259 -1.19528 0.317191
3 -0.786433 -0.739088 0.312721
4 -0.825465 -0.615335 0.307515
1 -0.646294 -1.11566 0.332259
1 -0.703506 -0.988497 0.327422
1 -0.64846 -1.19994 0.332484
8 -0.677582 -1.11326 0.318693
16 -0.710773 -0.722692 0.329964
6 -0.603109 -1.12964 0.340212
4 -0.629856 -1.15467 0.328379
2 -0.485917 -1.68392 0.338266
2 -0.496139 -1.65886 0.338095
1 -0.529542 -1.51771 0.335587
2 -0.570984 -1.3795 0.328975
1 -0.595703 -1.29749 0.32681
5 -0.593094 -1.29955 0.327647
3 -0.508122 -1.47518 0.34463
2 -0.775237 -0.75411 0.316013
8 -0.710978 -0.851075 0.327951
6 -0.683132 -0.976884 0.330827
3 -0.641657 -1.18203 0.332014
4 -0.616566 -1.18599 0.336079
2 -0.529623 -1.4049 0.3424
1 -0.551221 -1.41943 0.335182
2 -0.565595 -1.53007 0.333873
1 -0.565684 -1.5875 0.334148
7 -0.777435 -0.775185 0.319714
1 -0.770192 -0.674728 0.322103
4 -0.541834 -1.45029 0.333286
1 -0.581322 -1.21018 0.328424
5 -0.574182 -1.24587 0.331242
2 -0.68212 -0.917088 0.322972
4 -0.68051 -0.958259 0.322988
1 -0.924703 -0.461049 0.307863
2 -0.849824 -0.620711 0.320342
6 -0.814204 -0.711343 0.322339
3 -0.788098 -0.686279 0.327422
1 -0.725113 -0.941597 0.324909
1 -0.714879 -0.786784 0.324348
5 -0.707866 -0.815394 0.332972
7 -0.771694 -0.749677 0.320272
2 -0.751947 -0.874056 0.319601
1 -0.76939 -0.885121 0.319343
3 -0.716155 -1.02382 0.32458
1 -0.752392 -0.896624 0.316798
1 -0.731192 -1.05285 0.317319
1 -0.628258 -1.03179 0.335751
2 -0.634037 -0.981837 0.335376
1 -0.646129 -0.995321 0.333318
6 -0.605016 -1.12542 0.337775
1 -0.660881 -1.05046 0.3289
2 -0.677428 -0.995202 0.326192
1 -0.789666 -0.662693 0.317406
1 -0.781053 -0.562406 0.32449
2 -0.765022 -0.658754 0.32577
2 -0.89499 -0.298576 0.315581
2 -0.844462 -0.41283 0.320547
1 -0.751686 -0.708954 0.332407
1 -0.679806 -1.01425 0.323395
4 -0.615904 -1.25837 0.331822
1 -0.583272 -1.36293 0.335047
1 -0.599409 -1.15117 0.336762
1 -0.557959 -1.19684 0.334879
2 -0.542748 -1.25048 0.335955
1 -0.559051 -1.45363 0.333505
1 -0.756792 -0.78911 0.318286
1 -0.703761 -1.08123 0.323867
4 -0.689063 -1.03712 0.326447
1 -0.721942 -0.985052 0.318702
1 -0.782331 -0.743461 0.313265
8 -0.618212 -1.24994 0.33421
3 -0.648329 -1.11477 0.334827
1 -0.606012 -1.18947 0.338207
2 -0.630569 -1.10015 0.339102
5 -0.690227 -0.914862 0.330196
3 -0.625742 -1.18234 0.334295
2 -0.706372 -1.04933 0.325507
1 -0.661095 -1.19941 0.324193
1 -0.646024 -1.13425 0.329977
1 -0.659606 -1.11008 0.327791
3 -0.631529 -1.25532 0.326475
1 -0.54101 -1.60735 0.328472
2 -0.638473 -1.31342 0.318797
4 -0.559597 -1.62963 0.325605
1 -0.670867 -1.02682 0.318979
1 -0.661016 -0.952543 0.33353
7 -0.550552 -1.27263 0.340868
1 -0.672354 -0.89702 0.332296
7 -0.567313 -1.22706 0.337787
1 -0.571851 -1.36662 0.332884
1 -0.606661 -1.19997 0.333205
3 -0.595192 -1.30385 0.332731
5 -0.669292 -1.08151 0.323044
5 -0.652327 -1.25127 0.321953
1 -0.734395 -0.954654 0.309543
3 -0.740057 -0.970641 0.30908
1 -0.741892 -0.977261 0.312614
1 -0.728504 -1.00397 0.314398
6 -0.827229 -0.594577 0.312422
3 -0.838507 -0.588473 0.314364
4 -0.718892 -1.06198 0.321555
3 -0.70573 -1.14087 0.327444
1 -0.768232 -0.615607 0.328392
1 -0.622757 -1.24367 0.330382
14 -0.663774 -1.17033 0.325537
1 -0.641987 -1.11164 0.331144
2 -0.840687 -0.67458 0.306883
5 -0.796609 -0.885194 0.306825
2 -0.86984 -0.640123 0.307555
1 -0.675176 -1.21195 0.323171
10 -0.575175 -1.56807 0.332756
5 -0.642416 -1.10087 0.335265
11 -0.69848 -1.11295 0.324024
1 -0.657578 -1.16836 0.325456
2 -0.695468 -1.042 0.324741
9 -0.805449 -0.693958 0.317089
5 -0.777293 -0.820389 0.318531
1 -0.759296 -0.948945 0.315804
1 -0.721384 -0.993121 0.321972
1 -0.744262 -0.790331 0.324293
6 -0.792063 -0.695059 0.319881
2 -0.85856 -0.492679 0.314401
7 -0.730407 -0.927197 0.325466
1 -0.568066 -1.44641 0.334449
1 -0.559317 -1.47878 0.333389
2 -0.560727 -1.43479 0.335456
6 -0.710712 -0.950711 0.322472
2 -0.668186 -1.01334 0.32494
1 -0.624254 -1.29401 0.324548
3 -0.585302 -1.49741 0.330299
1 -0.609951 -1.35531 0.330131
2 -0.636226 -1.19258 0.331586
3 -0.63427 -1.18624 0.331752
1 -0.725159 -1.01558 0.314234
1 -0.724827 -1.12129 0.313907
3 -0.571211 -1.45145 0.335257
1 -0.755655 -0.840058 0.324468
3 -0.756751 -0.8389 0.324276
6 -0.802068 -0.776295 0.315613
1 -0.660508 -1.37687 0.320338
3 -0.723658 -0.993581 0.319899
1 -0.736683 -0.808975 0.323869
2 -0.727866 -0.838479 0.324575
1 -0.671148 -1.00455 0.332065
1 -0.642846 -1.08647 0.333417
4 -0.728644 -0.833865 0.326966
2 -0.729136 -0.900628 0.326279
1 -0.740919 -0.757493 0.329255
2 -0.676189 -1.03924 0.331802
5 -0.723721 -0.843743 0.3259
1 -0.681583 -0.945448 0.325292
2 -0.717412 -0.715251 0.330961
1 -0.776674 -0.76886 0.32082
4 -0.758964 -0.908153 0.31738
6 -0.676428 -1.08269 0.327955
1 -0.712813 -0.941467 0.327016
9 -0.649357 -1.11953 0.330752
5 -0.724688 -0.646263 0.333547
1 -0.691419 -0.772002 0.337208
2 -0.690676 -0.831576 0.330107
5 -0.607593 -1.13687 0.33356
1 -0.668317 -0.886099 0.330841
2 -0.645502 -1.16241 0.328608
3 -0.625163 -1.15748 0.334285
5 -0.671803 -1.0507 0.327317
1 -0.575499 -1.46621 0.332676
1 -0.730838 -1.01255 0.325205
2 -0.718694 -1.01894 0.327148
2 -0.624467 -1.23132 0.337543
3 -0.567493 -1.4306 0.33003
1 -0.617368 -1.18465 0.333464
1 -0.561265 -1.46987 0.333266
1 -0.48145 -1.82355 0.331689
4 -0.566928 -1.32598 0.334169
1 -0.621312 -1.13063 0.332642
1 -0.566789 -1.32889 0.335052
3 -0.718466 -1.00479 0.316568
2 -0.743304 -0.820111 0.319917
2 -0.705524 -0.771028 0.328729
2 -0.717821 -0.699929 0.329278
2 -0.614619 -0.998462 0.342127
1 -0.585308 -1.31768 0.330332
1 -0.638891 -1.02736 0.335718
3 -0.477285 -1.61545 0.342233
5 -0.618629 -1.1128 0.336714
3 -0.673123 -0.99461 0.3305
1 -0.766243 -0.65934 0.320726
2 -0.687232 -1.03063 0.323269
2 -0.619495 -1.16087 0.336473
1 -0.567768 -1.49999 0.33416
6 -0.664809 -1.41309 0.31936
7 -0.553764 -1.66151 0.327939
5 -0.547857 -1.61137 0.336153
2 -0.683137 -1.00586 0.327574
3 -0.758965 -0.828984 0.31737
12 -0.671405 -0.934906 0.335494
1 -0.690145 -0.971431 0.331774
2 -0.808115 -0.610648 0.315803
1 -0.592986 -1.31333 0.324909
4 -0.560594 -1.34009 0.327653
3 -0.670382 -1.09417 0.320791
4 -0.624676 -1.32698 0.327204
21 -0.743079 -0.844355 0.320588
2 -0.737509 -0.884197 0.319339
2 -0.786127 -0.751718 0.317497
2 -0.784573 -0.818743 0.312789
6 -0.759528 -0.662108 0.323519
1 -0.545055 -1.46842 0.341468
1 -0.501947 -1.59477 0.343515
1 -0.656719 -1.05611 0.328162
5 -0.635943 -1.02598 0.332902
3 -0.550427 -1.36847 0.332538
1 -0.562229 -1.41385 0.329954
1 -0.606897 -1.23142 0.337648
1 -0.595933 -1.28908 0.332372
3 -0.51451 -1.50145 0.342659
1 -0.532779 -1.51268 0.33843
1 -0.560076 -1.4274 0.334379
1 -0.557917 -1.38479 0.333272
9 -0.528351 -1.49118 0.340153
4 -0.587309 -1.27965 0.337813
3 -0.63485 -1.33883 0.323642
2 -0.668519 -1.25876 0.319408
5 -0.626186 -1.35498 0.321432
2 -0.541354 -1.52149 0.334134
2 -0.787382 -0.723625 0.314336
3 -0.77292 -1.02234 0.309641
1 -0.855295 -0.531939 0.314197
1 -0.621053 -1.31736 0.329467
3 -0.584611 -1.38406 0.333558
3 -0.620714 -1.12599 0.337039
1 -0.759074 -0.760148 0.324502
1 -0.607031 -1.20113 0.336795
1 -0.602463 -1.40089 0.327166
6 -0.714681 -1.00646 0.318507
3 -0.677249 -1.04758 0.326552
2 -0.659168 -1.10033 0.332181
2 -0.659933 -1.08072 0.331645
1 -0.596057 -1.17669 0.340262
1 -0.584891 -1.26355 0.33828
2 -0.719375 -0.914708 0.326994
1 -0.759657 -0.72339 0.322558
10 -0.754227 -0.799682 0.321433
4 -0.652071 -1.06176 0.329101
3 -0.821414 -0.462593 0.319431
3 -0.659945 -0.930705 0.329855
3 -0.580624 -1.37026 0.333913
1 -0.65162 -1.09818 0.323355
2 -0.796828 -0.664089 0.315949
3 -0.782331 -0.918779 0.311287
1 -0.847938 -0.489699 0.322543
2 -0.857041 -0.461085 0.32231
3 -0.678603 -0.857655 0.331727
2 -0.662647 -1.01902 0.32756
4 -0.542803 -1.53619 0.332811
1 -0.69974 -0.936963 0.326288
1 -0.593405 -1.15796 0.340512
3 -0.589578 -1.19332 0.340245
2 -0.67655 -0.833786 0.3329
1 -0.751337 -0.731345 0.320726
3 -0.63345 -1.22214 0.328994
9 -0.658614 -1.13939 0.327069
3 -0.717352 -0.80465 0.326421
6 -0.73223 -0.788879 0.323497
3 -0.738389 -0.707779 0.326019
4 -0.654835 -1.04743 0.331849
2 -0.666839 -0.999161 0.329902
1 -0.673452 -1.1809 0.325923
3 -0.635192 -1.33829 0.329741
1 -0.821963 -0.763274 0.313289
1 -0.801968 -0.725885 0.313891
1 -0.824758 -0.669792 0.313813
1 -0.779865 -0.840258 0.313432
10 -0.644637 -1.08946 0.327402
1 -0.729174 -0.859361 0.32267
4 -0.698775 -1.05515 0.32364
1 -0.614198 -1.28553 0.331084
2 -0.615907 -1.14497 0.332706
5 -0.585237 -1.18752 0.33966
1 -0.550038 -1.38658 0.341805
1 -0.719821 -0.875098 0.331335
1 -0.687651 -0.962692 0.331682
1 -0.709287 -0.867597 0.327591
6 -0.715241 -0.920174 0.325318
2 -0.690506 -0.917846 0.32277
3 -0.697385 -0.861234 0.322343
1 -0.633548 -1.13185 0.334383
3 -0.711513 -1.02694 0.322384
1 -0.663295 -1.13182 0.325076
2 -0.679342 -1.15686 0.323869
1 -0.705141 -0.914199 0.333053
3 -0.688779 -0.976308 0.334921
1 -0.707742 -0.867913 0.33168
1 -0.61329 -1.13872 0.335653
1 -0.586523 -1.25113 0.339936
2 -0.756027 -0.907917 0.322698
2 -0.702262 -1.00189 0.330667
3 -0.776678 -0.738612 0.321927
2 -0.717318 -0.971879 0.319584
4 -0.680867 -1.02343 0.324704
3 -0.731975 -0.877416 0.321032
9 -0.626975 -1.1978 0.328898
2 -0.734168 -0.962403 0.317805
2 -0.652095 -1.09339 0.328382
2 -0.595424 -1.24804 0.33785
8 -0.659 -1.14311 0.32501
2 -0.722665 -1.00521 0.319961
3 -0.555629 -1.35615 0.342967
3 -0.631751 -1.36653 0.323865
3 -0.556161 -1.55137 0.334272
2 -0.85264 -0.598317 0.313562
9 -0.825491 -0.707134 0.314351
3 -0.707412 -0.919868 0.324247
7 -0.681823 -0.849754 0.333231
2 -0.767054 -0.586376 0.326603
2 -0.666991 -0.803198 0.336707
2 -0.560086 -1.27829 0.340714
12 -0.633093 -1.04864 0.335895
1 -0.657358 -1.02234 0.335036
3 -0.6146 -1.06274 0.33852
2 -0.649979 -1.03408 0.328125
5 -0.61237 -1.16369 0.328831
2 -0.622222 -1.1222 0.327599
10 -0.605949 -1.18571 0.326748
1 -0.53544 -1.44098 0.337089
2 -0.665145 -0.990386 0.32776
2 -0.596834 -1.07431 0.340607
2 -0.7222 -0.711382 0.330113
1 -0.531104 -1.42682 0.341692
5 -0.579205 -1.41732 0.337584
1 -0.672843 -0.958635 0.334054
3 -0.781548 -0.733294 0.321778
2 -0.659483 -1.16466 0.334029
1 -0.726081 -1.06973 0.324256
1 -0.664722 -1.3059 0.326922
1 -0.614525 -1.42068 0.330284
4 -0.597185 -1.43798 0.333478
3 -0.644876 -1.18801 0.3224
2 -0.867788 -0.605288 0.310868
11 -0.814424 -0.603535 0.316203
7 -0.794602 -0.614511 0.321099
1 -0.633429 -1.11312 0.335756
1 -0.684906 -0.948962 0.324471
1 -0.64565 -1.14556 0.323944
1 -0.775651 -0.736279 0.322207
7 -0.863204 -0.57265 0.308372
1 -0.862726 -0.445032 0.310354
1 -0.747909 -0.814145 0.317768
3 -0.513357 -1.64896 0.340989
4 -0.591846 -1.40961 0.33501
5 -0.569662 -1.42625 0.342537
7 -0.633255 -1.28688 0.334536
2 -0.623605 -0.965052 0.345675
1 -0.753877 -0.834727 0.314597
5 -0.745461 -0.862493 0.313568
1 -0.59248 -1.3057 0.330176
8 -0.678394 -1.03458 0.326216
1 -0.677199 -1.03316 0.325238
1 -0.656993 -0.929804 0.327856
2 -0.717731 -0.914119 0.319909
7 -0.646886 -1.12175 0.33355
1 -0.702101 -0.964341 0.323975
7 -0.726259 -0.843191 0.321769
1 -0.697079 -0.90656 0.328137
1 -0.769411 -0.862888 0.318981
1 -0.853688 -0.558757 0.314092
1 -0.783891 -0.680724 0.3197
3 -0.705336 -0.923991 0.333221
1 -0.677753 -1.01098 0.334709
7 -0.539719 -1.43343 0.343603
3 -0.575556 -1.50478 0.338424
3 -0.641897 -1.28339 0.332468
1 -0.581146 -1.20523 0.339465
2 -0.663201 -1.01261 0.336351
5 -0.671241 -1.11457 0.327393
3 -0.639394 -1.3022 0.330525
3 -0.653575 -1.17816 0.330998
1 -0.644377 -1.21021 0.332899
1 -0.666895 -1.11532 0.32532
1 -0.59266 -1.32771 0.32825
5 -0.605785 -1.30995 0.324851
1 -0.688898 -1.11965 0.320852
6 -0.650611 -1.04436 0.331864
1 -0.677453 -1.12384 0.325082
1 -0.717581 -0.936399 0.323302
3 -0.744608 -1.00655 0.32261
2 -0.738679 -0.957004 0.328842
1 -0.760688 -0.936244 0.321121
6 -0.558402 -1.48671 0.34149
1 -0.616301 -1.24692 0.343275
3 -0.744979 -0.628044 0.342235
2 -0.662892 -0.964221 0.339235
1 -0.642942 -1.02827 0.343564
1 -0.587533 -1.22244 0.343892
1 -0.691993 -0.824407 0.338389
1 -0.653613 -1.01691 0.336935
4 -0.51074 -1.45212 0.347924
3 -0.579752 -1.21854 0.347327
6 -0.690288 -0.973139 0.327193
3 -0.678223 -1.03827 0.325759
4 -0.566218 -1.37598 0.338105
1 -0.54419 -1.47723 0.34334
6 -0.665335 -1.13092 0.33111
3 -0.65324 -1.10845 0.334742
1 -0.599732 -1.32583 0.33176
3 -0.604957 -1.34675 0.326206
1 -0.621712 -1.13344 0.336608
2 -0.597213 -1.13737 0.343001
3 -0.560439 -1.22862 0.342218
1 -0.537726 -1.26737 0.346926
4 -0.486835 -1.62993 0.350578
1 -0.449799 -1.53474 0.355858
1 -0.517068 -1.44582 0.342811
4 -0.53909 -1.46334 0.342168
1 -0.66498 -1.06288 0.332119
4 -0.680639 -1.04435 0.328199
3 -0.709988 -0.992322 0.31874
1 -0.605796 -1.46565 0.325207
1 -0.641656 -1.19773 0.329658
1 -0.704378 -0.884143 0.32761
11 -0.844769 -0.521881 0.313537
3 -0.799144 -0.686499 0.313185
3 -0.764613 -0.754733 0.316086
4 -0.691279 -0.896403 0.319341
2 -0.70062 -0.840064 0.32704
5 -0.735127 -0.845452 0.316528
1 -0.745534 -0.809354 0.314995
2 -0.553635 -1.4393 0.334544
1 -0.607368 -1.2928 0.325603
3 -0.521997 -1.61198 0.333684
3 -0.626801 -1.25433 0.327245
5 -0.546238 -1.42524 0.338435
6 -0.632742 -1.21021 0.328514
2 -0.594225 -1.31071 0.339894
1 -0.618206 -1.1029 0.336846
1 -0.678383 -0.856924 0.337639
6 -0.675512 -0.81905 0.341737
2 -0.736339 -0.785854 0.330635
3 -0.64833 -1.23847 0.329396
3 -0.665601 -0.99696 0.335513
2 -0.639843 -1.27155 0.323745
2 -0.648496 -1.09392 0.324005
2 -0.72905 -0.755283 0.326169
2 -0.765145 -0.687509 0.325441
3 -0.835414 -0.50793 0.312651
2 -0.734748 -0.913966 0.318027
8 -0.733559 -0.6633 0.322601
1 -0.684557 -0.81013 0.331874
1 -0.636029 -1.01905 0.33168
13 -0.644486 -1.03209 0.331287
1 -0.672794 -0.967903 0.327857
2 -0.55691 -1.28504 0.339865
6 -0.798539 -0.6006 0.315457
3 -0.793453 -0.808195 0.31357
1 -0.776429 -0.703279 0.318045
4 -0.710532 -1.04357 0.318799
9 -0.651236 -1.26852 0.323351
1 -0.711194 -1.16163 0.317479
2 -0.682132 -0.985539 0.328463
3 -0.75936 -0.733 0.322826
5 -0.600484 -1.31862 0.329375
5 -0.689937 -1.10204 0.323174
1 -0.756065 -0.849365 0.326305
8 -0.596742 -1.27687 0.339173
4 -0.612025 -1.22631 0.331681
1 -0.67267 -0.970311 0.333455
1 -0.541444 -1.32611 0.346046
1 -0.588224 -1.32204 0.337948
2 -0.596827 -1.3367 0.335546
1 -0.740731 -1.00538 0.321373
2 -0.785348 -0.758564 0.319949
2 -0.644864 -1.0828 0.333814
6 -0.63279 -1.11102 0.336279
1 -0.767286 -0.83235 0.317254
2 -0.681426 -1.14154 0.32265
1 -0.734479 -0.965131 0.321117
5 -0.697408 -1.06426 0.325569
1 -0.6171 -1.1875 0.327668
1 -0.678466 -1.11107 0.324021
8 -0.740504 -0.807872 0.317933
1 -0.632595 -1.27126 0.32326
1 -0.719806 -0.785634 0.332204
4 -0.721253 -1.00467 0.319404
3 -0.832981 -0.625743 0.309413
2 -0.654174 -1.10896 0.329015
8 -0.716087 -1.00024 0.319225
3 -0.64416 -1.21924 0.32466
2 -0.643152 -1.23611 0.323695
2 -0.668023 -1.07751 0.321943
1 -0.806408 -0.708168 0.303511
2 -0.752658 -0.80167 0.30722
7 -0.68282 -1.18332 0.309275
5 -0.698139 -1.22678 0.309452
3 -0.682232 -1.30692 0.312832
6 -0.613638 -1.37933 0.320823
1 -0.720276 -0.994499 0.319352
1 -0.699025 -1.0499 0.324224
3 -0.704936 -0.98003 0.324405
3 -0.640328 -1.21107 0.328796
2 -0.623879 -1.22301 0.326291
1 -0.662919 -1.14338 0.323284
4 -0.653832 -1.17867 0.323766
5 -0.590049 -1.27206 0.340292
2 -0.608732 -1.32338 0.332576
1 -0.822286 -0.82893 0.305836
3 -0.737215 -0.82131 0.322318
2 -0.726388 -0.949566 0.319433
1 -0.75999 -0.839683 0.316942
5 -0.767064 -0.669138 0.323579
3 -0.711143 -1.12675 0.312275
12 -0.49594 -1.56343 0.342029
1 -0.458599 -1.81056 0.346598
2 -0.572554 -1.29921 0.344566
1 -0.70873 -0.823845 0.340487
5 -0.673983 -1.10358 0.337157
2 -0.460288 -1.99133 0.333979
3 -0.55483 -1.48323 0.328595
2 -0.614744 -1.26031 0.318136
1 -0.590784 -1.44794 0.319123
2 -0.50226 -1.57758 0.337767
2 -0.438654 -1.79645 0.34552
4 -0.534897 -1.31215 0.344472
4 -0.540352 -1.40405 0.337882
1 -0.582877 -1.40305 0.33417
1 -0.400894 -1.86303 0.352115
3 -0.439515 -1.68176 0.345366
2 -0.53333 -1.43027 0.343465
1 -0.784 -0.754064 0.316411
1 -0.756844 -0.732569 0.32028
1 -0.506713 -1.58804 0.344919
3 -0.60706 -1.32348 0.332714
2 -0.590223 -1.4057 0.334722
6 -0.641453 -1.26073 0.327021
5 -0.622388 -1.32838 0.328228
5 -0.670774 -1.20905 0.319287
4 -0.492129 -1.836 0.337937
2 -0.525659 -1.63812 0.332053
5 -0.495768 -1.71619 0.34093
2 -0.544429 -1.42867 0.340814
1 -0.664784 -0.966999 0.326591
2 -0.594255 -1.445 0.323004
2 -0.677182 -0.959598 0.324986
1 -0.659024 -1.13837 0.327727
5 -0.748598 -0.896009 0.318131
1 -0.547085 -1.5764 0.334322
2 -0.574791 -1.442 0.335794
2 -0.580064 -1.48359 0.333537
2 -0.571737 -1.68434 0.326203
2 -0.682483 -0.873097 0.324415
2 -0.651893 -0.980921 0.326062
4 -0.559198 -1.46999 0.333974
3 -0.521773 -1.57173 0.335055
4 -0.560346 -1.38732 0.332772
5 -0.515051 -1.48567 0.338709
1 -0.605452 -1.35212 0.329486
2 -0.7056 -1.03518 0.320918
8 -0.669738 -1.21407 0.321758
4 -0.666487 -1.23489 0.321648
4 -0.612108 -1.26902 0.332424
1 -0.676138 -1.15945 0.326068
5 -0.661675 -1.16002 0.329085
3 -0.760481 -0.806851 0.323143
3 -0.839434 -0.629456 0.316657
1 -0.802403 -0.718677 0.317224
1 -0.815642 -0.717353 0.311446
4 -0.772281 -0.784756 0.315785
1 -0.82828 -0.448468 0.319821
1 -0.904726 -0.391351 0.31627
2 -0.855716 -0.524904 0.322506
12 -0.695591 -0.970993 0.325214
4 -0.640198 -1.1072 0.330615
1 -0.64084 -1.15854 0.330052
3 -0.681002 -1.1082 0.322397
1 -0.603142 -1.22447 0.333179
3 -0.683437 -0.881544 0.324469
8 -0.56993 -1.27694 0.33712
1 -0.729063 -0.886866 0.329033
1 -0.659997 -1.15521 0.326446
8 -0.666918 -1.13126 0.326903
1 -0.692909 -1.1921 0.318268
2 -0.56351 -1.57438 0.326574
1 -0.668773 -1.11383 0.320268
4 -0.653407 -1.0564 0.324757
5 -0.720625 -0.971886 0.316778
2 -0.740452 -0.906846 0.318571
2 -0.756335 -0.824808 0.313986
3 -0.670513 -1.15978 0.317696
1 -0.574844 -1.44125 0.331103
5 -0.584488 -1.34872 0.336183
1 -0.765878 -0.668185 0.320837
1 -0.771693 -0.837648 0.315996
1 -0.695013 -1.02101 0.326645
6 -0.680073 -1.077 0.32843
7 -0.606159 -1.3135 0.33037
9 -0.50999 -1.48518 0.343113
3 -0.561047 -1.35601 0.343364
1 -0.681531 -0.890576 0.327464
6 -0.679164 -0.962172 0.33345
2 -0.835195 -0.475653 0.323065
4 -0.693433 -0.874722 0.332575
4 -0.871299 -0.390853 0.311905
3 -0.75682 -0.880263 0.322551
7 -0.587623 -1.43825 0.330016
4 -0.354684 -2.24001 0.3397
5 -0.637693 -1.42019 0.313032
1 -0.597426 -1.3751 0.325495
5 -0.73048 -0.872001 0.320246
1 -0.737079 -0.814834 0.319918
2 -0.711649 -0.793897 0.324825
1 -0.742103 -0.737545 0.322445
2 -0.755446 -0.672402 0.322562
3 -0.65607 -1.01255 0.333821
2 -0.658372 -1.10793 0.332605
1 -0.712066 -1.05414 0.325221
1 -0.603417 -1.37068 0.333516
2 -0.695619 -0.820668 0.331338
1 -0.693887 -0.882226 0.329854
3 -0.586792 -1.20951 0.336371
1 -0.56452 -1.49399 0.331086
12 -0.700006 -1.09014 0.318691
2 -0.68533 -1.14082 0.319514
1 -0.778553 -0.841698 0.316792
1 -0.749329 -0.960967 0.319415
7 -0.744532 -0.820432 0.328621
13 -0.917683 -0.350921 0.299831
5 -0.806332 -0.535203 0.321185
1 -0.856224 -0.352432 0.313313
10 -0.653027 -1.20221 0.319917
2 -0.723842 -1.14014 0.310093
3 -0.804069 -0.848195 0.306683
2 -0.627346 -1.27936 0.33182
2 -0.585792 -1.4187 0.334839
2 -0.64689 -1.22908 0.327564
5 -0.676522 -1.21378 0.319696
4 -0.731497 -0.92605 0.317182
2 -0.719382 -1.02869 0.316305
1 -0.808249 -0.814225 0.315346
2 -0.630385 -1.27006 0.331281
3 -0.627202 -1.13744 0.33786
3 -0.586923 -1.30201 0.338213
6 -0.675713 -0.910916 0.335986
1 -0.623133 -1.06914 0.338057
1 -0.634613 -1.09639 0.336514
5 -0.52761 -1.49565 0.345098
3 -0.666122 -1.02092 0.333648
2 -0.580207 -1.22391 0.341694
1 -0.546508 -1.45091 0.332164
3 -0.562072 -1.39465 0.340642
4 -0.816106 -0.685309 0.310869
2 -0.790385 -0.740069 0.312523
1 -0.710778 -0.813314 0.32394
2 -0.70431 -0.796742 0.326897
2 -0.720867 -0.641566 0.332979
1 -0.68779 -0.816146 0.331166
8 -0.575342 -1.23865 0.338545
3 -0.643469 -0.91006 0.337186
1 -0.658955 -1.10152 0.326478
6 -0.677655 -0.957877 0.326343
7 -0.710979 -1.05168 0.320016
2 -0.675082 -0.962636 0.337697
3 -0.674002 -0.881883 0.326998
1 -0.649155 -0.881323 0.330604
5 -0.708155 -0.87733 0.319786
14 -0.631246 -1.22384 0.326232
1 -0.660332 -1.08824 0.331014
1 -0.547658 -1.69382 0.331412
1 -0.634449 -1.2945 0.329324
2 -0.753339 -0.928097 0.321925
2 -0.765938 -0.83384 0.321543
7 -0.827634 -0.613969 0.316648
4 -0.782062 -0.72373 0.324484
2 -0.764525 -0.789525 0.328255
1 -0.561764 -1.42033 0.345053
4 -0.62074 -1.31026 0.338748
2 -0.763577 -0.836434 0.325177
6 -0.733553 -0.878286 0.32115
6 -0.590262 -1.35023 0.336176
8 -0.570824 -1.30165 0.336858
5 -0.670896 -1.15161 0.332255
5 -0.539025 -1.58192 0.339315
4 -0.736926 -0.887752 0.326575
5 -0.764689 -0.820664 0.324964
2 -0.688989 -0.965088 0.329636
5 -0.629453 -1.20275 0.330062
1 -0.7444 -0.753627 0.324424
9 -0.654772 -1.14264 0.327299
1 -0.655449 -1.06284 0.329335
2 -0.647486 -1.11928 0.330728
3 -0.621012 -1.14378 0.334354
5 -0.588527 -1.21913 0.339964
1 -0.653494 -0.958107 0.338523
2 -0.654095 -1.00648 0.32675
3 -0.7297 -0.948735 0.320783
1 -0.634823 -1.11614 0.330849
3 -0.538258 -1.5828 0.336216
1 -0.554213 -1.44564 0.331664
1 -0.601661 -1.23035 0.337559
2 -0.658535 -1.11074 0.331496
2 -0.672766 -1.15124 0.327746
1 -0.817296 -0.723482 0.309505
1 -0.730904 -0.883202 0.322068
2 -0.693117 -1.12111 0.323246
1 -0.611813 -1.31769 0.332875
1 -0.696408 -0.95063 0.327215
5 -0.77408 -0.647867 0.321293
6 -0.731029 -0.956428 0.315107
4 -0.698079 -1.0528 0.318742
1 -0.700336 -1.10222 0.32298
1 -0.716403 -1.03317 0.321062
3 -0.753645 -0.862474 0.323222
1 -0.690188 -0.895272 0.336784
3 -0.661006 -1.02883 0.33584
1 -0.635503 -1.12051 0.337802
2 -0.591323 -1.12296 0.34413
7 -0.599658 -1.11932 0.34384
1 -0.60462 -1.27949 0.337413
1 -0.764675 -0.771641 0.321503
4 -0.81953 -0.593277 0.313856
1 -0.71447 -0.868316 0.323421
1 -0.717521 -0.8826 0.324744
8 -0.754767 -0.848347 0.319213
4 -0.636454 -1.3613 0.324149
2 -0.534837 -1.78091 0.334439
3 -0.599356 -1.47653 0.326767
12 -0.722655 -0.895043 0.326641
1 -0.710497 -0.934824 0.32541
4 -0.727896 -0.636653 0.329244
2 -0.651335 -0.93008 0.338352
4 -0.666071 -0.890837 0.336513
1 -0.739385 -0.614351 0.324185
1 -0.660314 -0.882745 0.336988
1 -0.79037 -0.690881 0.32174
4 -0.718786 -0.970186 0.321628
3 -0.666692 -1.23287 0.327392
3 -0.780859 -0.853466 0.321344
1 -0.844297 -0.635199 0.311512
4 -0.829769 -0.590453 0.316485
2 -0.845538 -0.501157 0.312118
2 -0.739461 -0.781296 0.324369
2 -0.661823 -0.932554 0.336677
4 -0.621397 -1.20413 0.331788
1 -0.594502 -1.31627 0.333343
1 -0.706526 -1.02329 0.323371
3 -0.649219 -1.25136 0.329817
3 -0.643862 -1.14499 0.333962
7 -0.658503 -1.17223 0.33077
3 -0.689695 -1.03038 0.323491
3 -0.723516 -0.959509 0.320448
1 -0.617689 -1.36653 0.330926
1 -0.583171 -1.43994 0.334584
1 -0.608424 -1.34559 0.332435
1 -0.542897 -1.51963 0.340625
3 -0.740431 -0.853057 0.330151
4 -0.530958 -1.49941 0.342389
2 -0.613037 -1.0988 0.335335
2 -0.596867 -1.23892 0.330449
3 -0.578662 -1.25528 0.332973
2 -0.492519 -1.59634 0.338907
3 -0.60881 -1.19432 0.334407
3 -0.7487 -0.803262 0.322547
9 -0.737819 -0.78765 0.326956
1 -0.852674 -0.438557 0.316093
5 -0.807675 -0.687367 0.311453
1 -0.731956 -0.854753 0.317982
2 -0.605906 -1.25452 0.329618
2 -0.647315 -1.08359 0.324893
3 -0.62474 -1.2309 0.324521
2 -0.637233 -1.24792 0.326909
6 -0.710451 -0.98665 0.32235
6 -0.715864 -0.967174 0.323046
2 -0.658796 -1.11846 0.329077
2 -0.545191 -1.50047 0.336382
2 -0.578074 -1.40488 0.336239
2 -0.701404 -0.820108 0.330434
10 -0.675935 -1.08071 0.332859
2 -0.691772 -1.012 0.330587
2 -0.602846 -1.31321 0.335959
1 -0.629891 -1.3202 0.328146
1 -0.746009 -0.995691 0.313059
2 -0.75048 -1.02272 0.312076
1 -0.819302 -0.614786 0.311563
3 -0.826662 -0.611921 0.310301
9 -0.824959 -0.685144 0.309003
1 -0.785938 -0.563298 0.323557
2 -0.698448 -0.785133 0.331233
3 -0.681644 -0.909939 0.331535
7 -0.680112 -1.09863 0.322369
2 -0.60151 -1.39653 0.333312
1 -0.686872 -1.11763 0.326177
7 -0.740881 -0.738896 0.325958
2 -0.744478 -0.851567 0.3213
2 -0.726711 -1.00755 0.32527
3 -0.717592 -0.947387 0.322721
16 -0.685746 -1.03554 0.32428
3 -0.635009 -1.12167 0.330757
5 -0.59169 -1.14584 0.338944
1 -0.486417 -1.57149 0.347465
2 -0.439434 -1.75033 0.350668
5 -0.679435 -0.957775 0.321576
1 -0.518708 -1.34178 0.336778
3 -0.607903 -1.21733 0.328926
1 -0.660661 -1.07273 0.327096
3 -0.674891 -1.01135 0.325669
3 -0.641568 -1.1117 0.328888
3 -0.641165 -1.11205 0.328907
1 -0.678612 -1.00974 0.324427
6 -0.71734 -0.962961 0.318853
9 -0.584327 -1.29617 0.335043
1 -0.631243 -1.03393 0.341893
1 -0.658986 -1.04405 0.335692
6 -0.596121 -1.19869 0.340341
1 -0.601017 -1.16065 0.340177
1 -0.633082 -1.1003 0.334679
1 -0.602512 -1.29154 0.333831
1 -0.660678 -1.01681 0.33198
7 -0.691631 -0.920689 0.330863
1 -0.608919 -1.29947 0.327219
1 -0.670269 -1.05804 0.328938
3 -0.629056 -1.26076 0.321523
1 -0.613496 -1.33386 0.325928
2 -0.629552 -1.1886 0.335693
1 -0.648472 -1.13373 0.330339
5 -0.565432 -1.44272 0.337889
3 -0.650782 -1.19127 0.329666
3 -0.616066 -1.28004 0.3319
7 -0.698117 -0.86665 0.329955
1 -0.682734 -0.942402 0.327107
2 -0.634596 -1.21456 0.331574
3 -0.728347 -0.967268 0.3195
4 -0.822574 -0.719212 0.307431
1 -0.721324 -1.0796 0.3147
4 -0.742211 -1.04099 0.31244
5 -0.463778 -1.71467 0.34528
1 -0.460577 -1.67736 0.343644
2 -0.642209 -1.07853 0.331238
3 -0.559227 -1.41734 0.33735
1 -0.765218 -0.734049 0.319509
3 -0.745912 -0.786582 0.320729
1 -0.732475 -0.839273 0.321096
1 -0.633397 -1.25128 0.321067
4 -0.556322 -1.44721 0.332699
2 -0.71901 -1.05552 0.321249
1 -0.711224 -1.00877 0.322886
1 -0.610099 -1.11498 0.340052
3 -0.586706 -1.17691 0.339143
5 -0.546711 -1.50854 0.342458
1 -0.516583 -1.52599 0.34259
3 -0.571638 -1.35098 0.332199
3 -0.648242 -1.06626 0.329508
7 -0.697523 -0.820524 0.327041
3 -0.643988 -0.973293 0.334533
3 -0.610222 -1.10896 0.331227
2 -0.829782 -0.515025 0.3212
1 -0.751303 -0.926817 0.326305
1 -0.766746 -0.866582 0.325853
1 -0.807468 -0.768247 0.322507
1 -0.685977 -1.06267 0.331541
2 -0.595746 -1.27036 0.342135
1 -0.444373 -1.62468 0.357592
6 -0.495339 -1.62974 0.339743
2 -0.565756 -1.43746 0.336048
5 -0.675957 -1.20367 0.312747
1 -0.708613 -1.0049 0.317763
13 -0.73708 -0.921153 0.318412
2 -0.724798 -0.950977 0.317936
3 -0.723889 -0.956537 0.317893
1 -0.696522 -0.987529 0.316444
20 -0.709471 -0.973911 0.314688
1 -0.621656 -1.4251 0.317822
1 -0.737624 -1.15306 0.309835
1 -0.74184 -1.00657 0.313205
3 -0.67216 -1.22577 0.318265
2 -0.746816 -0.901795 0.314253
4 -0.749161 -0.868818 0.312156
4 -0.820151 -0.762087 0.31264
3 -0.852119 -0.631309 0.311656
1 -0.730782 -0.676463 0.324832
3 -0.741804 -0.690173 0.324734
1 -0.74057 -0.693448 0.325239
1 -0.654879 -1.11039 0.331967
1 -0.566677 -1.31405 0.34227
2 -0.592593 -1.24377 0.340377
5 -0.734994 -0.986491 0.329101
1 -0.70088 -1.07309 0.331205
4 -0.714499 -0.987399 0.33048
1 -0.640327 -1.11384 0.336899
1 -0.770511 -0.697375 0.322664
3 -0.622263 -1.20827 0.330597
5 -0.643639 -1.1326 0.328291
5 -0.634313 -1.08279 0.33045
3 -0.674078 -1.05855 0.325367
3 -0.728781 -0.91914 0.324979
1 -0.679447 -0.971522 0.331805
4 -0.644426 -1.15046 0.326894
3 -0.811548 -0.575949 0.32147
3 -0.571542 -1.31901 0.33731
3 -0.609976 -1.27885 0.336527
8 -0.596621 -1.33049 0.334584
4 -0.570289 -1.40082 0.340619
1 -0.605918 -1.31916 0.341048
2 -0.704766 -0.959027 0.331746
1 -0.594988 -1.20696 0.345358
1 -0.673479 -0.853137 0.338798
1 -0.682896 -0.744439 0.34192
1 -0.527523 -1.40344 0.341699
1 -0.548661 -1.40239 0.338792
3 -0.583268 -1.12775 0.335568
4 -0.691786 -0.826297 0.337719
1 -0.706299 -0.76791 0.331154
6 -0.81655 -0.448419 0.325496
2 -0.834236 -0.429044 0.319585
1 -0.67596 -0.903164 0.33132
3 -0.668968 -0.940378 0.330623
1 -0.695383 -0.889877 0.330969
1 -0.619776 -1.1597 0.333682
1 -0.613453 -1.10416 0.332252
1 -0.484547 -1.72089 0.341704
1 -0.728953 -0.904635 0.316715
1 -0.561025 -1.52374 0.331119
11 -0.741951 -0.876927 0.31697
1 -0.613746 -1.52789 0.326019
2 -0.499822 -1.45637 0.342955
2 -0.713429 -0.907268 0.325554
2 -0.667661 -1.11965 0.325357
2 -0.727015 -0.867257 0.322335
1 -0.698712 -0.854785 0.332551
2 -0.735438 -0.82481 0.323108
1 -0.747785 -1.01426 0.310887
2 -0.812123 -0.917942 0.305117
3 -0.49103 -1.87491 0.32753
10 -0.620309 -1.38929 0.318141
2 -0.603458 -1.39645 0.325664
1 -0.603794 -1.38023 0.327172
2 -0.675197 -0.974277 0.325913
2 -0.606408 -1.1411 0.338721
1 -0.614188 -1.07907 0.339704
2 -0.569536 -1.357 0.339677
1 -0.57729 -1.29828 0.339677
1 -0.535869 -1.42665 0.339481
5 -0.623145 -1.05027 0.332164
1 -0.740584 -0.644567 0.328366
5 -0.619761 -1.32996 0.324169
3 -0.517358 -1.61368 0.339605
2 -0.596035 -1.38868 0.332354
3 -0.617517 -1.31749 0.330723
4 -0.717851 -0.809987 0.331026
1 -0.764231 -0.648837 0.321107
7 -0.807212 -0.565131 0.313014
5 -0.855684 -0.504233 0.307824
4 -0.910065 -0.374027 0.30442
2 -0.833098 -0.486835 0.308755
1 -0.794557 -0.544024 0.320181
8 -0.767157 -0.657716 0.32009
2 -0.76481 -0.748049 0.3175
3 -0.750747 -0.714957 0.320884
6 -0.850838 -0.544078 0.314422
1 -0.622769 -1.36637 0.330211
4 -0.528532 -1.58335 0.334842
1 -0.630759 -1.43065 0.322188
6 -0.615313 -1.64471 0.315935
1 -0.590583 -1.61308 0.321507
4 -0.487127 -1.96262 0.326959
1 -0.538211 -1.78419 0.327815
3 -0.733709 -1.20008 0.314405
4 -0.64069 -1.27923 0.326428
1 -0.49834 -1.64164 0.334407
4 -0.634353 -1.24084 0.336501
3 -0.634263 -1.24096 0.336521
4 -0.792442 -0.555244 0.328988
7 -0.744918 -0.792478 0.328355
1 -0.662825 -1.01542 0.331492
3 -0.620279 -1.111 0.331199
3 -0.664498 -0.888876 0.331846
1 -0.647398 -1.03274 0.329005
4 -0.571974 -1.51379 0.325663
3 -0.729409 -0.914118 0.319332
3 -0.675511 -1.04269 0.326671
2 -0.652457 -1.03184 0.327857
1 -0.697227 -0.918051 0.324611
1 -0.740072 -0.958928 0.324964
2 -0.689877 -1.17708 0.324497
2 -0.696829 -1.13181 0.32456
1 -0.711113 -1.04023 0.318435
1 -0.624305 -1.15344 0.332672
2 -0.58 -1.23861 0.337212
2 -0.628854 -1.26779 0.331881
1 -0.722798 -0.873279 0.327806
4 -0.66127 -1.19165 0.328074
7 -0.669547 -1.11466 0.325137
1 -0.661282 -1.08771 0.327398
6 -0.685225 -1.00246 0.3239
7 -0.598115 -1.26474 0.332384
2 -0.647725 -1.1785 0.32385
4 -0.595772 -1.35637 0.334432
3 -0.780511 -0.735837 0.315403
3 -0.778714 -0.867687 0.318782
1 -0.786721 -0.769499 0.316987
3 -0.56699 -1.38721 0.33407
1 -0.60482 -1.28446 0.327529
1 -0.691779 -1.04847 0.324711
1 -0.612726 -1.295 0.328529
4 -0.72786 -0.987891 0.314024
6 -0.543308 -1.41151 0.335039
4 -0.616747 -1.28935 0.326994
1 -0.571751 -1.26395 0.336266
1 -0.775221 -0.919023 0.310928
1 -0.57761 -1.55331 0.3291
1 -0.687554 -1.18414 0.325023
3 -0.648278 -1.29957 0.327587
1 -0.647255 -1.30743 0.324585
4 -0.607276 -1.12452 0.337467
2 -0.586514 -1.32821 0.339901
2 -0.692258 -1.04832 0.324916
1 -0.672501 -1.14108 0.330411
1 -0.690809 -0.995212 0.326222
1 -0.708505 -0.971133 0.324143
5 -0.643696 -1.24945 0.322044
1 -0.6553 -1.18588 0.323936
1 -0.686257 -1.07831 0.32397
5 -0.616433 -1.23385 0.329062
1 -0.549437 -1.21587 0.353521
5 -0.550842 -1.22689 0.352131
5 -0.647316 -1.26944 0.324126
3 -0.651456 -1.23818 0.320729
2 -0.722221 -0.916223 0.324517
1 -0.80884 -0.696639 0.313941
1 -0.801195 -0.708587 0.31597
1 -0.778496 -0.58034 0.322172
2 -0.667943 -1.02355 0.342636
1 -0.534189 -1.31273 0.349075
3 -0.522037 -1.33365 0.350318
5 -0.574929 -1.24725 0.340686
2 -0.729548 -0.974194 0.319383
1 -0.561536 -1.3917 0.337519
1 -0.589241 -1.29002 0.335652
1 -0.762229 -0.757099 0.323827
1 -0.73814 -0.861442 0.319122
3 -0.716702 -0.933938 0.320251
2 -0.572439 -1.24437 0.34178
2 -0.706534 -1.04199 0.318385
15 -0.736405 -0.803351 0.321319
1 -0.828343 -0.545184 0.3116
1 -0.859959 -0.509073 0.308319
1 -0.615632 -1.17245 0.331618
3 -0.604577 -1.25651 0.33327
2 -0.738427 -0.914916 0.318127
1 -0.843389 -0.55876 0.311026
3 -0.73008 -0.783025 0.327402
5 -0.664995 -0.911431 0.338716
1 -0.740561 -0.851563 0.322466
2 -0.505081 -1.44167 0.345844
6 -0.522004 -1.37534 0.344864
3 -0.700261 -1.04203 0.322932
1 -0.533134 -1.62281 0.337751
1 -0.393112 -1.97136 0.351002
1 -0.449831 -1.72031 0.345672
1 -0.447973 -1.69707 0.346048
1 -0.632956 -1.12411 0.330493
2 -0.57982 -1.38009 0.336984
1 -0.603056 -1.38923 0.327465
1 -0.707137 -0.730942 0.33215
4 -0.698077 -0.877095 0.323808
1 -0.703512 -0.733523 0.334966
5 -0.640345 -1.12988 0.327025
3 -0.657626 -1.13598 0.331581
8 -0.671658 -1.12629 0.32943
1 -0.63013 -1.30946 0.333387
5 -0.744118 -0.755006 0.321058
1 -0.69464 -0.887654 0.327741
5 -0.725954 -0.824065 0.327374
2 -0.68386 -0.803556 0.336578
3 -0.671268 -0.870237 0.334587
1 -0.706635 -0.908535 0.326999
1 -0.587255 -1.1413 0.336569
1 -0.507215 -1.40257 0.343726
1 -0.584074 -1.25321 0.342087
1 -0.550996 -1.38854 0.33803
2 -0.603944 -1.28829 0.333558
4 -0.584078 -1.27995 0.337247
3 -0.716269 -1.03892 0.322456
1 -0.745713 -0.852758 0.323473
1 -0.796847 -0.69358 0.322654
1 -0.587087 -1.57669 0.319166
2 -0.633987 -1.14014 0.332473
5 -0.652443 -1.1557 0.328723
1 -0.644015 -0.967187 0.337089
2 -0.638163 -1.13292 0.329255
1 -0.855547 -0.3888 0.312468
1 -0.718174 -0.743269 0.329265
1 -0.742723 -0.766744 0.325437
3 -0.689278 -1.03304 0.327269
1 -0.638551 -1.21487 0.327757
10 -0.640675 -1.14838 0.329614
1 -0.620481 -1.15965 0.332295
2 -0.470333 -1.77639 0.343115
4 -0.512363 -1.63242 0.33913
3 -0.503656 -1.71438 0.340087
5 -0.648757 -1.25645 0.324071
2 -0.622637 -1.30724 0.329981
3 -0.453339 -1.65496 0.351599
2 -0.626019 -0.910876 0.341832
9 -0.625904 -1.14587 0.329098
1 -0.612322 -1.35848 0.327734
3 -0.547751 -1.63987 0.326707
3 -0.590185 -1.2156 0.33839
3 -0.75394 -0.865333 0.318867
6 -0.681631 -1.20189 0.315507
1 -0.726495 -1.02815 0.313815
5 -0.723994 -1.15594 0.310963
1 -0.87928 -0.438847 0.316267
1 -0.777483 -0.912211 0.315548
4 -0.700733 -1.17077 0.318218
5 -0.651525 -1.08043 0.324702
1 -0.640557 -1.31913 0.324388
1 -0.700042 -1.14189 0.322196
4 -0.736513 -0.955475 0.321052
3 -0.559737 -1.39356 0.335416
1 -0.539136 -1.45862 0.33937
1 -0.551232 -1.42995 0.341794
1 -0.675736 -1.00023 0.330501
6 -0.632021 -1.09026 0.330476
6 -0.637645 -1.17297 0.335739
1 -0.586442 -1.25364 0.340051
7 -0.662024 -1.01745 0.33773
7 -0.62401 -1.29831 0.327045
2 -0.760864 -0.929088 0.314735
1 -0.724547 -1.11205 0.316675
1 -0.720476 -1.14537 0.316132
3 -0.649476 -1.13983 0.333362
4 -0.721853 -0.841509 0.325675
4 -0.645719 -1.10355 0.328486
3 -0.649732 -1.19369 0.325483
4 -0.719217 -0.998794 0.314555
1 -0.69686 -0.907885 0.32822
1 -0.655487 -1.15065 0.328391
7 -0.785486 -0.787763 0.314582
8 -0.668763 -1.20889 0.320849
3 -0.751451 -0.840552 0.315294
1 -0.772266 -0.793008 0.3137
2 -0.737484 -0.867122 0.324102
1 -0.511797 -1.58888 0.337919
5 -0.717635 -1.04355 0.319849
4 -0.596447 -1.46026 0.331156
2 -0.515254 -1.47018 0.342943
1 -0.581824 -1.39776 0.330034
8 -0.687623 -1.16144 0.324015
3 -0.762457 -0.893526 0.319438
2 -0.688424 -1.07178 0.324843
2 -0.71116 -0.960741 0.325149
2 -0.632081 -1.1747 0.332915
1 -0.626895 -1.23735 0.335189
4 -0.71297 -0.877494 0.329717
8 -0.635365 -1.02984 0.33803
3 -0.768772 -0.710649 0.326211
2 -0.771365 -0.685234 0.327293
2 -0.79865 -0.640599 0.322397
3 -0.793213 -0.673978 0.324406
7 -0.468785 -1.52842 0.35026
5 -0.692045 -0.980884 0.321721
1 -0.756785 -0.75845 0.321403
1 -0.680574 -0.952542 0.334106
9 -0.601312 -1.2206 0.328443
3 -0.617725 -1.09487 0.329191
3 -0.850728 -0.468266 0.320314
1 -0.808943 -0.664288 0.318564
7 -0.633553 -1.03844 0.333395
4 -0.747292 -0.81222 0.32028
2 -0.709964 -0.85012 0.32419
2 -0.703987 -1.0595 0.326502
4 -0.696698 -1.04631 0.328616
3 -0.63901 -1.2543 0.329097
11 -0.741582 -0.881032 0.321923
4 -0.714342 -0.947745 0.324195
3 -0.601935 -1.39427 0.331845
3 -0.53341 -1.44605 0.340578
1 -0.622147 -1.10122 0.335711
2 -0.596728 -1.18547 0.337829
2 -0.580191 -1.27588 0.334656
1 -0.638635 -1.2241 0.324481
7 -0.52324 -1.39976 0.344147
7 -0.773486 -0.64104 0.326218
4 -0.739072 -0.861292 0.321033
4 -0.683048 -0.960414 0.332287
1 -0.714721 -0.807071 0.324828
6 -0.696724 -0.99989 0.323677
1 -0.65126 -1.09439 0.326275
1 -0.785447 -0.6139 0.320735
6 -0.767442 -0.744791 0.320486
2 -0.71391 -0.935104 0.320386
1 -0.817018 -0.771693 0.309632
2 -0.62473 -1.28891 0.322935
1 -0.476898 -1.85196 0.339284
1 -0.65472 -1.33766 0.321948
3 -0.58279 -1.51059 0.333492
3 -0.647867 -1.14703 0.332847
1 -0.714335 -0.863543 0.32671
4 -0.600172 -1.22543 0.334774
1 -0.709084 -0.817908 0.328474
5 -0.635289 -1.08285 0.332567
1 -0.66961 -1.06993 0.323044
2 -0.694504 -0.789659 0.327669
1 -0.784494 -0.594253 0.321186
3 -0.856668 -0.502546 0.306964
1 -0.79228 -0.644847 0.312674
1 -0.559701 -1.27336 0.338611
1 -0.71647 -0.958177 0.323921
2 -0.740057 -0.894619 0.32101
2 -0.692191 -1.06262 0.320433
7 -0.680529 -1.06392 0.322313
3 -0.670804 -1.11142 0.32376
2 -0.622372 -1.23827 0.327876
2 -0.671425 -1.10991 0.317759
2 -0.643219 -1.2651 0.318004
2 -0.645679 -1.21127 0.324284
5 -0.621501 -1.24465 0.323964
1 -0.610086 -1.36866 0.324342
1 -0.727665 -0.891652 0.317307
1 -0.734915 -0.864295 0.317081
4 -0.603843 -1.14203 0.335211
5 -0.618808 -1.26324 0.335338
1 -0.660605 -1.19893 0.333462
4 -0.739215 -0.894994 0.324104
4 -0.832279 -0.753021 0.306668
1 -0.586834 -1.35232 0.331349
1 -0.654881 -1.15776 0.322047
2 -0.550589 -1.51587 0.329676
3 -0.727966 -0.967499 0.314469
1 -0.666822 -0.947153 0.334557
1 -0.699267 -0.804129 0.335017
1 -0.682414 -0.910764 0.337924
4 -0.705975 -0.831063 0.333689
5 -0.702161 -0.7968 0.338905
3 -0.783774 -0.620803 0.33148
1 -0.637746 -1.15519 0.341952
1 -0.658856 -1.19055 0.330716
1 -0.735599 -0.889631 0.323942
1 -0.775438 -0.720774 0.32396
3 -0.74884 -0.913941 0.316438
2 -0.664961 -1.14544 0.32568
1 -0.619777 -1.18858 0.334326
5 -0.672792 -1.0801 0.328353
4 -0.601057 -1.31479 0.331901
1 -0.513572 -1.60921 0.337099
1 -0.64161 -1.0331 0.329575
2 -0.719285 -0.728937 0.32748
1 -0.658158 -1.11671 0.324522
5 -0.668494 -1.1035 0.326143
2 -0.6783 -1.12034 0.32468
1 -0.653341 -1.12156 0.333018
3 -0.787784 -0.773438 0.32023
1 -0.785389 -0.777665 0.320759
4 -0.623277 -1.29167 0.324107
1 -0.684171 -1.1548 0.313458
10 -0.630262 -1.39788 0.316686
3 -0.785617 -0.788575 0.316103
3 -0.789397 -0.760318 0.317386
1 -0.728349 -1.03711 0.322303
4 -0.717314 -0.991892 0.322367
3 -0.728736 -0.894721 0.328468
1 -0.661554 -1.10458 0.3309
3 -0.573528 -1.41918 0.337215
1 -0.538678 -1.58968 0.334381
1 -0.500649 -1.69539 0.341542
1 -0.554205 -1.52284 0.33569
3 -0.550613 -1.50612 0.335484
1 -0.576906 -1.48044 0.329391
2 -0.657702 -1.27877 0.322972
1 -0.651716 -1.0663 0.328272
4 -0.724833 -0.782999 0.329828
3 -0.753174 -0.673253 0.324549
1 -0.635629 -0.984223 0.338483
6 -0.628066 -1.12577 0.332862
1 -0.507824 -1.62771 0.340085
1 -0.642026 -1.12345 0.325464
4 -0.550634 -1.32975 0.342919
1 -0.596145 -1.40474 0.324581
3 -0.654579 -0.922033 0.330179
3 -0.580149 -1.4291 0.323931
4 -0.576024 -1.39092 0.330846
1 -0.694344 -1.09006 0.318279
2 -0.735508 -0.897126 0.32277
3 -0.757652 -0.794454 0.319913
7 -0.70523 -0.892109 0.32544
2 -0.674911 -1.0064 0.329908
3 -0.671056 -0.904202 0.331857
2 -0.660386 -0.957024 0.332006
4 -0.632705 -1.29561 0.324381
8 -0.726284 -0.88183 0.326234
6 -0.61014 -1.09889 0.336598
1 -0.655187 -0.948523 0.333206
1 -0.563835 -1.24065 0.337382
2 -0.71974 -0.74451 0.329207
1 -0.829933 -0.59294 0.311628
2 -0.859282 -0.423787 0.312885
9 -0.605753 -1.25045 0.336607
1 -0.656742 -1.18274 0.321818
1 -0.641777 -1.15853 0.328445
3 -0.612101 -1.19362 0.337514
1 -0.526978 -1.33273 0.346137
3 -0.567901 -1.21006 0.342289
4 -0.672234 -1.10174 0.319951
2 -0.766103 -0.62505 0.317518
9 -0.674128 -0.982731 0.322836
9 -0.780733 -0.69371 0.31404
2 -0.753348 -0.770649 0.317154
2 -0.672507 -1.01778 0.321996
3 -0.737387 -0.865798 0.316545
1 -0.715973 -0.890692 0.318004
1 -0.683984 -0.986995 0.323589
7 -0.730362 -0.890552 0.320298
4 -0.67435 -1.1018 0.323373
8 -0.509108 -1.75242 0.335688
2 -0.766112 -0.860642 0.315821
3 -0.766899 -0.92462 0.311708
1 -0.750025 -0.905484 0.316494
4 -0.855109 -0.492179 0.310963
1 -0.75094 -0.77677 0.323143
1 -0.80816 -0.562684 0.320611
2 -0.703204 -0.9265 0.324323
2 -0.731428 -0.776062 0.327888
3 -0.630139 -1.271 0.328434
2 -0.593652 -1.36387 0.322981
1 -0.696539 -1.15424 0.318336
3 -0.694968 -1.02329 0.326718
7 -0.780378 -0.797636 0.318006
2 -0.880817 -0.395437 0.309356
6 -0.656943 -1.01769 0.330479
7 -0.670918 -1.13608 0.321151
1 -0.636413 -1.21229 0.323876
2 -0.676471 -1.07611 0.323702
1 -0.687037 -0.992699 0.326575
1 -0.63792 -1.00887 0.332427
5 -0.610924 -1.13922 0.331001
2 -0.694499 -0.97389 0.320757
1 -0.707794 -0.978926 0.324239
3 -0.561421 -1.30303 0.341255
1 -0.752031 -0.729863 0.321125
4 -0.711749 -0.935744 0.318532
5 -0.632772 -1.2733 0.325434
4 -0.632797 -1.22208 0.325508
5 -0.621196 -1.22501 0.329436
3 -0.545713 -1.46939 0.337874
2 -0.485867 -1.55586 0.348628
1 -0.543143 -1.51787 0.334015
4 -0.462007 -1.73825 0.343904
1 -0.542183 -1.27424 0.339707
4 -0.574711 -1.31355 0.32996
1 -0.542193 -1.47752 0.334666
2 -0.606764 -1.37862 0.330908
1 -0.590731 -1.36216 0.335708
1 -0.616046 -1.25079 0.332712
2 -0.560018 -1.2966 0.343232
2 -0.683085 -0.935409 0.329271
1 -0.52415 -1.48085 0.341968
1 -0.815681 -0.483025 0.322119
4 -0.819235 -0.568218 0.319033
1 -0.810439 -0.569836 0.321952
3 -0.683312 -1.0105 0.328412
2 -0.649114 -1.34892 0.323133
1 -0.649365 -1.34216 0.32251
5 -0.596141 -1.36842 0.330568
1 -0.800584 -0.642732 0.313393
3 -0.666739 -1.10019 0.317573
3 -0.768486 -0.89179 0.304335
3 -0.901192 -0.39813 0.299292
2 -0.76641 -0.727154 0.319859
1 -0.583904 -1.27736 0.332052
3 -0.658236 -0.979043 0.327245
5 -0.73872 -0.781025 0.321125
1 -0.734811 -0.940525 0.314493
2 -0.69438 -1.05292 0.317817
3 -0.591273 -1.37657 0.32851
1 -0.781501 -0.753761 0.312317
10 -0.695558 -1.18186 0.315108
1 -0.699445 -1.0622 0.31975
6 -0.632458 -1.23806 0.329961
5 -0.670909 -1.1246 0.325178
3 -0.791849 -0.583536 0.31623
1 -0.750657 -0.73724 0.321929
3 -0.786193 -0.801108 0.314641
8 -0.733893 -1.0366 0.313807
6 -0.677688 -1.15072 0.326723
4 -0.642727 -1.34267 0.324107
2 -0.595644 -1.08155 0.340055
1 -0.62137 -1.02347 0.336068
1 -0.756001 -0.885049 0.316411
4 -0.619712 -1.40769 0.323543
3 -0.821312 -0.719549 0.310252
3 -0.599906 -1.21883 0.333209
2 -0.618997 -1.27026 0.327988
2 -0.69757 -1.04632 0.322633
2 -0.507386 -1.59011 0.340342
1 -0.728464 -0.922397 0.317688
3 -0.520551 -1.63055 0.336341
4 -0.673924 -1.11906 0.328581
2 -0.596003 -1.23881 0.335165
1 -0.558904 -1.35925 0.339552
1 -0.598058 -1.39292 0.328935
1 -0.659499 -1.10042 0.332452
2 -0.803781 -0.616585 0.321878
1 -0.631647 -1.15053 0.335755
1 -0.699134 -0.930698 0.325179
1 -0.620485 -1.08892 0.337567
2 -0.529278 -1.32468 0.349155
1 -0.467206 -1.62887 0.353811
1 -0.475093 -1.63074 0.347564
2 -0.779525 -0.715999 0.31459
1 -0.716618 -1.08899 0.319616
4 -0.772242 -0.825839 0.314957
3 -0.711344 -0.99007 0.31942
1 -0.789742 -0.727291 0.315197
11 -0.769424 -0.786524 0.318575
1 -0.738253 -0.89727 0.324737
1 -0.714122 -0.864265 0.329303
3 -0.60915 -1.2031 0.336317
6 -0.556205 -1.38183 0.330761
2 -0.649098 -1.08043 0.324919
7 -0.776559 -0.702018 0.315103
15 -0.773066 -0.812826 0.316351
8 -0.603077 -1.39233 0.325821
2 -0.65893 -1.34893 0.316346
2 -0.662701 -1.26507 0.318604
2 -0.807702 -0.577605 0.319067
1 -0.873184 -0.460393 0.311242
2 -0.697005 -0.873569 0.323013
3 -0.699165 -0.798709 0.328864
1 -0.727071 -0.739804 0.326997
1 -0.789214 -0.574983 0.317126
8 -0.722524 -0.715793 0.329246
1 -0.669163 -1.09501 0.325729
6 -0.736941 -0.833861 0.320464
1 -0.687502 -1.20921 0.314195
5 -0.719879 -1.00602 0.316686
2 -0.701392 -1.02641 0.318202
2 -0.723796 -1.05887 0.315804
1 -0.645927 -1.16686 0.325529
2 -0.638181 -1.1694 0.327247
1 -0.787855 -0.884432 0.310052
2 -0.758837 -0.985726 0.312588
2 -0.590132 -1.39806 0.328942
3 -0.659364 -1.19203 0.323336
1 -0.622809 -1.22104 0.329647
3 -0.600822 -1.21771 0.334646
1 -0.726859 -0.84256 0.327113
1 -0.762473 -0.839122 0.316422
3 -0.761389 -0.800273 0.322809
2 -0.596704 -1.47873 0.330399
2 -0.617766 -1.36243 0.326834
1 -0.68473 -0.919055 0.323934
5 -0.762183 -0.668359 0.323516
1 -0.76835 -0.718346 0.318324
2 -0.675868 -1.09785 0.321923
1 -0.690792 -1.09013 0.320193
4 -0.564463 -1.4165 0.330193
2 -0.797888 -0.580245 0.319047
2 -0.624455 -1.03615 0.330324
2 -0.652654 -0.949615 0.331056
3 -0.694778 -0.813874 0.32537
2 -0.575767 -1.10117 0.347235
5 -0.589846 -1.0897 0.34455
2 -0.619094 -0.980045 0.342087
2 -0.561253 -1.40118 0.334453
2 -0.532873 -1.57792 0.333891
4 -0.59601 -1.49312 0.327656
3 -0.64001 -1.33771 0.328578
1 -0.713858 -1.09214 0.322459
2 -0.715761 -0.895413 0.325607
2 -0.691336 -0.933031 0.332474
1 -0.714953 -0.967189 0.322405
1 -0.759097 -0.882445 0.313976
3 -0.764429 -0.7747 0.313741
2 -0.604213 -1.17978 0.332436
2 -0.577773 -1.1475 0.341561
1 -0.740067 -0.864443 0.327257
1 -0.720295 -0.88948 0.32873
4 -0.75149 -0.750099 0.322485
4 -0.700921 -0.832605 0.332399
1 -0.76233 -0.865761 0.319151
3 -0.6518 -1.2413 0.324014
3 -0.681042 -1.04855 0.328858
3 -0.63666 -1.13986 0.334041
1 -0.620452 -1.11392 0.336058
2 -0.596468 -1.24076 0.335905
6 -0.565953 -1.38414 0.336834
1 -0.617658 -1.21858 0.329347
3 -0.585588 -1.30776 0.330972
2 -0.569275 -1.19104 0.343394
1 -0.708904 -0.738406 0.335141
3 -0.613451 -1.04247 0.344028
4 -0.560698 -1.45169 0.340127
1 -0.745879 -0.850494 0.323699
3 -0.742141 -0.73786 0.323821
2 -0.798971 -0.718534 0.31419
4 -0.687292 -0.865037 0.334766
2 -0.758522 -0.705887 0.324555
1 -0.58953 -1.23714 0.338813
3 -0.505334 -1.53623 0.347685
3 -0.603289 -1.25637 0.339988
3 -0.650936 -0.995301 0.332423
1 -0.595845 -1.17539 0.335874
1 -0.575794 -1.38367 0.334188
1 -0.645474 -1.05489 0.326291
1 -0.635239 -1.09403 0.32628
9 -0.754941 -0.640891 0.318634
1 -0.73761 -0.770982 0.327226
5 -0.750493 -0.73645 0.324055
1 -0.766585 -0.693485 0.321526
5 -0.635177 -1.17679 0.32667
2 -0.712793 -1.01546 0.318443
2 -0.678433 -1.16424 0.320214
1 -0.642975 -1.31476 0.32483
2 -0.732546 -0.962395 0.320878
7 -0.816708 -0.740195 0.309995
2 -0.749933 -0.824256 0.320564
1 -0.614584 -0.982212 0.340737
1 -0.575827 -1.07043 0.345122
1 -0.559771 -1.1545 0.344487
2 -0.572375 -1.23553 0.341072
4 -0.591139 -1.33267 0.328344
4 -0.745116 -0.936632 0.317675
3 -0.707228 -0.912682 0.327067
5 -0.743713 -0.808815 0.321023
2 -0.700209 -0.815918 0.326656
2 -0.617018 -1.19007 0.327716
4 -0.7378 -0.703193 0.326293
6 -0.711986 -0.952079 0.319687
4 -0.677865 -1.06035 0.320923
3 -0.659618 -0.85899 0.335276
7 -0.742491 -0.910028 0.317853
3 -0.787648 -0.938526 0.311511
4 -0.841025 -0.660197 0.308236
2 -0.848477 -0.544265 0.309164
3 -0.742561 -0.902715 0.320754
8 -0.886932 -0.47833 0.30482
1 -0.853828 -0.625106 0.312586
1 -0.634381 -1.20295 0.329998
1 -0.718423 -0.989821 0.320626
4 -0.794984 -0.710155 0.315211
2 -0.695081 -1.02572 0.31988
1 -0.759951 -0.771568 0.319404
4 -0.729086 -0.860647 0.32255
1 -0.746448 -0.83121 0.318903
4 -0.640329 -1.12758 0.332676
7 -0.672909 -1.09702 0.328571
4 -0.635157 -1.17185 0.333341
1 -0.661384 -1.06074 0.328137
1 -0.748106 -0.787423 0.32489
4 -0.749592 -0.79298 0.322609
6 -0.888271 -0.434684 0.308434
7 -0.819147 -0.667089 0.31566
1 -0.466401 -1.73026 0.34217
4 -0.533536 -1.54316 0.339267
1 -0.566851 -1.45613 0.33577
1 -0.671588 -1.07121 0.325552
5 -0.699286 -1.06642 0.319428
1 -0.681561 -1.13586 0.321294
9 -0.668826 -1.21727 0.316211
8 -0.669585 -1.11862 0.31926
8 -0.661941 -1.14356 0.324556
1 -0.762124 -0.648892 0.328478
3 -0.747862 -0.873081 0.326248
6 -0.765714 -0.660268 0.325734
2 -0.759235 -0.900774 0.319252
2 -0.70951 -1.02669 0.319246
1 -0.730546 -0.957874 0.319499
3 -0.60199 -1.28623 0.33521
1 -0.668579 -0.981643 0.333573
2 -0.526203 -1.49797 0.344109
4 -0.550076 -1.38994 0.341065
1 -0.66159 -1.13703 0.329598
1 -0.608167 -1.23456 0.338113
1 -0.569798 -1.30855 0.335528
10 -0.639556 -1.09074 0.327713
1 -0.732483 -0.730322 0.328722
2 -0.593083 -1.27598 0.326633
3 -0.526298 -1.5049 0.34057
2 -0.489234 -1.84418 0.334398
1 -0.439098 -1.87727 0.34334
1 -0.657541 -1.20166 0.319205
3 -0.698965 -1.07669 0.316322
2 -0.551914 -1.59608 0.325909
2 -0.603253 -1.33603 0.323281
1 -0.562519 -1.36788 0.339265
3 -0.516516 -1.53629 0.339276
5 -0.541263 -1.42984 0.33842
2 -0.664784 -0.993998 0.329141
3 -0.664394 -1.02145 0.329401
1 -0.589857 -1.19097 0.342903
5 -0.704713 -0.949168 0.325744
1 -0.609421 -1.23688 0.327233
4 -0.659837 -0.983314 0.328903
2 -0.654292 -0.993293 0.329096
1 -0.722098 -0.952957 0.329408
4 -0.648784 -1.34146 0.32745
1 -0.667445 -1.38726 0.321446
5 -0.567154 -1.50448 0.332452
5 -0.649572 -1.20472 0.32959
1 -0.596102 -1.31702 0.334591
4 -0.71386 -0.950842 0.325828
5 -0.732578 -0.883538 0.325694
1 -0.470464 -1.70147 0.339862
1 -0.629201 -1.15666 0.327127
1 -0.631227 -1.14569 0.326985
3 -0.637154 -1.00563 0.340027
3 -0.652549 -0.972056 0.334299
1 -0.663493 -0.968106 0.333245
2 -0.632531 -1.18904 0.32917
2 -0.647418 -1.26126 0.323716
8 -0.503635 -1.73574 0.340752
1 -0.568062 -1.55002 0.327755
2 -0.519709 -1.65696 0.335294
1 -0.717587 -0.930757 0.320095
1 -0.821527 -0.824271 0.304201
1 -0.641736 -1.28856 0.323637
3 -0.583172 -1.49713 0.328587
1 -0.621062 -1.35445 0.323705
3 -0.6693 -1.18537 0.325735
1 -0.699243 -0.86014 0.332002
5 -0.698664 -0.932906 0.330455
6 -0.635766 -1.1594 0.334562
1 -0.620251 -1.29676 0.32457
6 -0.505824 -1.47567 0.343443
2 -0.525419 -1.45899 0.338984
3 -0.613934 -1.0433 0.340649
1 -0.466103 -1.64118 0.346797
1 -0.706856 -0.962639 0.324689
1 -0.851252 -0.657253 0.304283
4 -0.700779 -1.07026 0.319244
2 -0.691676 -0.842957 0.324622
1 -0.763116 -0.751395 0.319447
2 -0.669653 -1.0722 0.325261
4 -0.726739 -0.850054 0.324891
3 -0.660629 -1.12112 0.329419
3 -0.706571 -0.950643 0.326329
16 -0.754918 -0.760424 0.319326
1 -0.74185 -0.866641 0.316586
4 -0.770419 -0.815434 0.314031
1 -0.644509 -1.17154 0.326097
2 -0.483124 -1.67214 0.334161
2 -0.341798 -2.00461 0.354358
3 -0.47887 -1.63909 0.344226
2 -0.671206 -1.18204 0.32491
1 -0.676551 -1.15206 0.323078
4 -0.695774 -1.07934 0.322616
1 -0.664873 -1.11583 0.330026
1 -0.692622 -0.962559 0.328576
9 -0.670542 -0.987554 0.331499
7 -0.68112 -1.07862 0.324733
1 -0.691927 -1.05247 0.320777
1 -0.590606 -1.32867 0.333467
1 -0.540605 -1.37965 0.344037
2 -0.619961 -1.14818 0.335219
2 -0.635311 -1.11878 0.330553
2 -0.632799 -1.18618 0.329959
1 -0.724239 -0.838231 0.328751
2 -0.746252 -0.940481 0.321305
1 -0.636034 -1.09929 0.330546
3 -0.768108 -0.739192 0.318075
1 -0.747952 -0.879639 0.313882
2 -0.745946 -0.909398 0.315531
3 -0.646387 -1.22812 0.320727
5 -0.736712 -1.03723 0.310083
1 -0.651347 -1.31371 0.320601
15 -0.506426 -1.61145 0.337974
1 -0.593053 -1.19796 0.333572
2 -0.627566 -1.27102 0.325768
1 -0.576653 -1.50618 0.327092
2 -0.78017 -0.756229 0.317837
1 -0.752395 -1.02506 0.311763
1 -0.574296 -1.46999 0.329644
12 -0.637831 -1.31486 0.329793
3 -0.626967 -1.33241 0.325997
1 -0.684595 -1.13324 0.317826
5 -0.757689 -0.724672 0.325404
1 -0.798087 -0.724007 0.316441
1 -0.802563 -0.588478 0.317825
1 -0.602188 -1.26524 0.330891
4 -0.546933 -1.48411 0.336904
2 -0.751873 -0.933763 0.313734
1 -0.736577 -1.08606 0.314241
4 -0.691143 -1.16942 0.320693
3 -0.611257 -1.31516 0.328834
3 -0.556676 -1.39351 0.330892
3 -0.714125 -0.845231 0.32366
3 -0.703652 -0.875921 0.32717
5 -0.711973 -0.851662 0.327339
5 -0.735917 -0.745767 0.330782
2 -0.792545 -0.681817 0.32092
3 -0.780028 -0.738767 0.320603
1 -0.617693 -1.3446 0.333873
3 -0.550516 -1.4756 0.336054
1 -0.728309 -1.09543 0.312861
1 -0.764818 -0.989193 0.310356
5 -0.744766 -1.00583 0.315317
1 -0.682263 -1.12712 0.324687
2 -0.657573 -1.19823 0.323009
1 -0.678316 -1.14857 0.319929
2 -0.691253 -1.00791 0.325626
2 -0.720954 -0.925709 0.32159
3 -0.656911 -1.09153 0.332216
3 -0.733416 -0.866977 0.322773
1 -0.601123 -0.991411 0.344805
4 -0.665808 -0.845371 0.338071
2 -0.707601 -1.13888 0.318216
2 -0.769412 -0.90205 0.314877
1 -0.726659 -0.972283 0.328372
6 -0.715874 -1.02764 0.32052
4 -0.774438 -0.866944 0.318644
5 -0.774438 -0.866944 0.318644
4 -0.745736 -0.888353 0.323565
3 -0.63288 -1.2893 0.329035
1 -0.503465 -1.65478 0.341216
2 -0.610751 -1.37361 0.329967
5 -0.6416 -1.29964 0.330478
2 -0.515805 -1.53095 0.343567
2 -0.623296 -1.13182 0.334525
2 -0.503288 -1.43556 0.347175
1 -0.761354 -0.890791 0.318085
1 -0.791677 -0.735003 0.316613
5 -0.753424 -0.810678 0.32122
1 -0.759513 -0.757877 0.319278
2 -0.715997 -0.816118 0.325485
1 -0.63178 -1.20371 0.328605
7 -0.618079 -1.14106 0.333948
2 -0.69914 -0.916858 0.329653
1 -0.696949 -1.03786 0.327933
1 -0.79923 -0.726568 0.320172
3 -0.780078 -0.772407 0.319058
3 -0.673666 -1.29473 0.321355
1 -0.702006 -1.31372 0.312369
2 -0.705339 -1.20307 0.308829
9 -0.722461 -0.962317 0.318773
1 -0.637007 -1.45944 0.327903
2 -0.73034 -1.19807 0.318275
2 -0.637036 -1.27502 0.333712
1 -0.590459 -1.34427 0.339642
7 -0.525209 -1.58145 0.339955
1 -0.585015 -1.28062 0.340786
2 -0.524375 -1.6264 0.334837
2 -0.499187 -1.70795 0.336792
4 -0.653592 -1.23095 0.318322
3 -0.687511 -0.919322 0.323961
8 -0.753137 -0.800996 0.31676
5 -0.788432 -0.829042 0.316593
3 -0.61834 -1.23461 0.331759
1 -0.669929 -1.02525 0.330196
5 -0.642644 -1.16864 0.329976
4 -0.724166 -0.915495 0.322926
6 -0.71555 -1.02342 0.312527
1 -0.650451 -0.91834 0.33105
1 -0.544056 -1.53969 0.335052
1 -0.414402 -1.91159 0.33781
6 -0.509325 -1.64768 0.325746
2 -0.567072 -1.38542 0.331955
2 -0.642277 -0.913431 0.335424
1 -0.666162 -1.16721 0.322823
1 -0.755284 -0.866653 0.316898
3 -0.841762 -0.575414 0.314757
1 -0.829611 -0.653585 0.321101
6 -0.798989 -0.592571 0.324074
2 -0.778652 -0.689368 0.322542
2 -0.70718 -0.885935 0.322839
1 -0.522047 -1.4995 0.337302
1 -0.703637 -1.01994 0.31969
2 -0.817128 -0.588102 0.315732
7 -0.703385 -0.968703 0.323401
2 -0.645451 -1.06114 0.337899
1 -0.652303 -1.02272 0.339779
3 -0.820378 -0.552678 0.323863
4 -0.764424 -0.559063 0.333061
5 -0.720539 -0.683462 0.337776
2 -0.765631 -0.469716 0.332774
6 -0.692506 -0.744765 0.335413
2 -0.8032 -0.675133 0.320612
2 -0.808533 -0.640158 0.319567
2 -0.845881 -0.545616 0.31532
1 -0.743578 -0.975784 0.318564
1 -0.735984 -1.04898 0.318201
6 -0.807423 -0.76753 0.317639
6 -0.605154 -1.27373 0.337552
1 -0.740038 -0.748659 0.323184
5 -0.790577 -0.715078 0.314325
10 -0.807113 -0.610039 0.3184
3 -0.671379 -1.035 0.325997
