{
  "timestamp": "2026-04-23T16:11:55.970134",
  "n_structures": 14,
  "z2_vacuum_constant": 5.788810036466141,
  "z2_biological_constant": 6.015152508891966,
  "overall_mean_nn_distance": 6.42319277329594,
  "overall_core_mean_nn": 9.369052975489216,
  "z2_vacuum_correlation": 0.0,
  "z2_bio_correlation": 0.9285714285714286,
  "summary": "MODERATE SUPPORT: Aromatic contacts near Z\u00b2 biological (6.423 \u00c5 vs 6.015 \u00c5)",
  "analyses": [
    {
      "pdb_id": "1CRN",
      "resolution": 1.5,
      "n_atoms": 327,
      "n_core_atoms": 157,
      "total_volume": 13772.324705386372,
      "mean_atom_volume": 42.11720093390328,
      "packing_density": 0.44313594994906297,
      "mean_nn_distance": 9.168125920514996,
      "median_nn_distance": 9.62113013112285,
      "min_nn_distance": 4.090204640357253,
      "max_nn_distance": 11.988461535993682,
      "core_mean_nn_distance": 9.168125920514996,
      "core_median_nn_distance": 9.62113013112285,
      "aromatic_mean_nn_distance": 6.440297241065703,
      "z2_vacuum_deviation": 0.6514872045995617,
      "z2_bio_deviation": 0.4251447321737363,
      "residue_volumes": {
        "THR": 41.334485311145855,
        "CYS": 45.943515678739104,
        "PRO": 37.79910887093691,
        "SER": 43.06757008154809,
        "ILE": 42.36979766888361,
        "VAL": 40.1900763062283,
        "ALA": 41.44608049489545,
        "ARG": 46.70770650415063,
        "ASN": 43.65875401342877,
        "PHE": 48.353319342177365,
        "LEU": 38.99423401440962,
        "GLY": 39.92292384633845,
        "GLU": 44.86231848596495,
        "TYR": 39.36544731311262,
        "ASP": 37.34349465890996
      },
      "matches_z2_vacuum": false,
      "matches_z2_bio": true
    },
    {
      "pdb_id": "2LZM",
      "resolution": 1.7,
      "n_atoms": 1309,
      "n_core_atoms": 577,
      "total_volume": 58201.216169051346,
      "mean_atom_volume": 44.46235001455412,
      "packing_density": 0.41864362986121073,
      "mean_nn_distance": 9.553062772971725,
      "median_nn_distance": 9.949501746318758,
      "min_nn_distance": 4.285473486092292,
      "max_nn_distance": 11.999978374980515,
      "core_mean_nn_distance": 9.553062772971725,
      "core_median_nn_distance": 9.949501746318758,
      "aromatic_mean_nn_distance": 6.4550342002115615,
      "z2_vacuum_deviation": 0.6662241637454205,
      "z2_bio_deviation": 0.4398816913195951,
      "residue_volumes": {
        "MET": 49.167415482394766,
        "ASN": 41.61506332229209,
        "ILE": 47.780321702728216,
        "PHE": 45.52939383087468,
        "GLU": 43.89280048491495,
        "LEU": 47.12222649099286,
        "ARG": 43.87605626744665,
        "ASP": 42.48196680708949,
        "GLY": 44.19271244761596,
        "LYS": 43.28357986714903,
        "TYR": 46.05322079606471,
        "THR": 42.377328295051825,
        "HIS": 42.941385959244016,
        "SER": 41.77332519924874,
        "PRO": 39.42559046666003,
        "ALA": 45.39230457427757,
        "CYS": 45.569680025292975,
        "VAL": 45.88481041950704,
        "GLN": 43.60871981338235,
        "TRP": 43.998072492315245
      },
      "matches_z2_vacuum": false,
      "matches_z2_bio": true
    },
    {
      "pdb_id": "1UBQ",
      "resolution": 1.8,
      "n_atoms": 602,
      "n_core_atoms": 229,
      "total_volume": 26544.775268727513,
      "mean_atom_volume": 44.09431107762045,
      "packing_density": 0.4210675129841403,
      "mean_nn_distance": 9.291146055078654,
      "median_nn_distance": 9.875562667514192,
      "min_nn_distance": 4.302711470689155,
      "max_nn_distance": 11.999116175785614,
      "core_mean_nn_distance": 9.291146055078654,
      "core_median_nn_distance": 9.875562667514192,
      "aromatic_mean_nn_distance": 6.3743307492191414,
      "z2_vacuum_deviation": 0.5855207127530004,
      "z2_bio_deviation": 0.35917824032717505,
      "residue_volumes": {
        "MET": 48.4795146556738,
        "GLN": 46.275677273793995,
        "ILE": 48.2290734389558,
        "PHE": 44.98016817943232,
        "VAL": 46.76382015322271,
        "LYS": 44.82252609518883,
        "THR": 43.508614157916426,
        "LEU": 47.47655262625441,
        "GLY": 34.37554749695267,
        "GLU": 41.114765367975444,
        "PRO": 42.776748564581894,
        "SER": 44.00598552007119,
        "ASP": 42.23264959720609,
        "ASN": 40.44615691501107,
        "ALA": 40.59642988272624,
        "ARG": 40.26379123676713,
        "TYR": 45.53252453131731,
        "HIS": 45.3809396391621
      },
      "matches_z2_vacuum": false,
      "matches_z2_bio": true
    },
    {
      "pdb_id": "1L2Y",
      "resolution": 0.0,
      "n_atoms": 11552,
      "n_core_atoms": 6004,
      "total_volume": 453060.84971682256,
      "mean_atom_volume": 39.21925638130389,
      "packing_density": 0.3313259730579986,
      "mean_nn_distance": 9.129015375734834,
      "median_nn_distance": 9.27228542485616,
      "min_nn_distance": 4.045444104174472,
      "max_nn_distance": 11.999750580741253,
      "core_mean_nn_distance": 9.129015375734834,
      "core_median_nn_distance": 9.27228542485616,
      "aromatic_mean_nn_distance": 6.383350061378548,
      "z2_vacuum_deviation": 0.5945400249124067,
      "z2_bio_deviation": 0.36819755248658126,
      "residue_volumes": {
        "ASN": 39.25013506249572,
        "LEU": 39.18904542581399,
        "TYR": 43.15484876837315,
        "ILE": 37.38313557675982,
        "GLN": 40.8948938917058,
        "TRP": 45.700390777142445,
        "LYS": 38.3044075012559,
        "ASP": 39.67250020156341,
        "GLY": 39.70576453330804,
        "PRO": 36.203487750318196,
        "SER": 36.61076304958057,
        "ARG": 40.50686656172554
      },
      "matches_z2_vacuum": false,
      "matches_z2_bio": true
    },
    {
      "pdb_id": "1VII",
      "resolution": 0.0,
      "n_atoms": 596,
      "n_core_atoms": 296,
      "total_volume": 24635.787500639195,
      "mean_atom_volume": 41.33521392724697,
      "packing_density": 0.31288198081527113,
      "mean_nn_distance": 9.369624532612507,
      "median_nn_distance": 9.794399624275089,
      "min_nn_distance": 5.176406668723005,
      "max_nn_distance": 11.982016232671361,
      "core_mean_nn_distance": 9.369624532612507,
      "core_median_nn_distance": 9.794399624275089,
      "aromatic_mean_nn_distance": 6.374034652974045,
      "z2_vacuum_deviation": 0.5852246165079036,
      "z2_bio_deviation": 0.3588821440820782,
      "residue_volumes": {
        "MET": 33.96939414873898,
        "LEU": 41.25422859348382,
        "SER": 41.65003111976795,
        "ASP": 42.621070252822136,
        "GLU": 39.44669261366633,
        "PHE": 43.54913574646334,
        "LYS": 40.105413060175984,
        "ALA": 41.59774446023086,
        "VAL": 42.862946067300214,
        "GLY": 43.94350381844156,
        "THR": 41.78489487031845,
        "ARG": 43.03674383100014,
        "ASN": 42.319286029552174,
        "PRO": 39.39684357777235,
        "TRP": 40.6378080177459,
        "GLN": 45.68920287928169
      },
      "matches_z2_vacuum": false,
      "matches_z2_bio": true
    },
    {
      "pdb_id": "3RN3",
      "resolution": 1.45,
      "n_atoms": 957,
      "n_core_atoms": 329,
      "total_volume": 42235.857115421044,
      "mean_atom_volume": 44.133602001484896,
      "packing_density": 0.4201717428186548,
      "mean_nn_distance": 9.36812130609494,
      "median_nn_distance": 9.906662707491357,
      "min_nn_distance": 4.129489556833871,
      "max_nn_distance": 11.99914021919904,
      "core_mean_nn_distance": 9.36812130609494,
      "core_median_nn_distance": 9.906662707491357,
      "aromatic_mean_nn_distance": 6.371577872629632,
      "z2_vacuum_deviation": 0.5827678361634909,
      "z2_bio_deviation": 0.35642536373766553,
      "residue_volumes": {
        "LYS": 41.523881566997375,
        "GLU": 44.417257967634356,
        "THR": 43.956919207142526,
        "ALA": 44.15801428602079,
        "PHE": 49.374573772919945,
        "ARG": 44.568947747653006,