ID,FIELD,FILE,window,zq,Z,LMSTAR,SFR,RHALF,Q,PSF_FWHM,ADDGAL,HAFIT_FLAG,HAFIT_FLUX_HA,HAFIT_FLUX_HA_ERR,status,int_status,int_flux,int_eflux,int_snr,int_v,int_ev,int_f,int_cover,n_usable,n_box_fit,n_box_rel,n_galmap,E0,x0,y0,cat_x,cat_y,incl,pa_kin,r2_vf,rt_vf,ap_diam,k_run_pos,k_run_neg,r_out,r_either,fov_limited,dv,edv,vrot,sigv_over_v,sigma0,v_over_sigma,K1,K2,notK3,gate,clean,kpc_per_arcsec,Re_kpc,Rd_kpc,age_gyr,log_dMS,mu_gas,Mbar,r_out_kpc,r_out_over_Re,r_out_over_psf,gdisc_a0_canonical,gdisc_a0_alt,genc_a0_canonical,genc_a0_alt,gdisc_a0_gasx0.5_canonical,gdisc_a0_gasx2_canonical,gdisc_a0_gasx0.5_alt,gdisc_a0_gasx2_alt,gdisc_a0_either_canonical,gdisc_a0_either_alt,R_at_Ha,SPEC_RES
COS4_01966,COS,COS4_01966_K.fits,HIGH,0,2.30595,10.16,46.2985,0.33,0.425,0.39883,1,0,4.13943,0.7396,ok,ok,4.55584,0.990538,4.59936,37.7755,23.0868,1.45338,0.983733,321,256,0,0,0,,,6.31711,9.54183,,,,,,,,,,,,,,,,,0,0,0,,0,8.20146,2.70648,1.61292,2.79888,0.0784616,1.90072,4.19281e+10,,,,,,,,,,,,,,4040.7,4041
COS4_02672,COS,COS4_02672_K.fits,HIGH,0,2.3075,10.57,72.8394,0.502,0.491,0.39883,0,0,17.8069,0.74745,ok,ok,17.5793,1.04544,16.8153,-14.9609,7.90447,1.57505,0.999804,321,256,12,3,0,12.2664,3.34176,7.21367,7.80127,,,,,,,,,,,,,,,,,0,0,0,,0,8.20048,4.11664,2.4533,2.79696,-0.0396213,1.18315,8.11118e+10,,,,,,,,,,,,,,3952.72,3952
COS4_02887,COS,COS4_02887_K.fits,HIGH,0,2.17316,10.15,10.4713,0.753,0.484,0.39883,1,0,2.97942,0.37064,ok,ok,3.97997,0.415302,9.58331,21.8745,5.29314,1.44808,1.00071,321,256,0,0,0,,,7.77508,8.26829,,,,,,,,,,,,,,,,,0,0,0,,0,8.28143,6.23592,3.71628,2.97241,-0.532614,0.869486,2.64072e+10,,,,,,,,,,,,,,3824.29,3823
COS4_03179,COS,COS4_03179_K.fits,HIGH,0,2.1707,10.02,12.5893,0.296,0.779,0.45445,0,0,8.09196,0.59654,ok,ok,7.08091,0.652096,10.8587,14.1376,12.1525,1.53149,1.00003,323,256,2,1,0,16,5,8.06243,9.21609,,,,,,,,,,,,,,,,,0,0,0,,0,8.28283,2.45172,1.4611,2.97579,-0.35295,1.20115,2.30489e+10,,,,,,,,,,,,,,3627.84,2069
COS4_03206,COS,COS4_03206_K.fits,HIGH,0,2.1026,11.36,64.5654,0.743,0.537,0.38976,0,2,8.12037,0.54372,ok,ok,6.98154,0.891879,7.82789,23.1791,50.6047,1.38622,0.961777,336,271,1,1,0,14,11,9.65498,11.232,,,,,,,,,,,,,,,,,0,0,0,,0,8.3202,6.18191,3.68409,3.07191,-0.646994,0.277708,2.92706e+11,,,,,,,,,,,,,,3717.69,3717
COS4_03324,COS,COS4_03324_K.fits,HIGH,0,2.30684,10.62,90.9668,0.574,0.684,0.39883,0,0,12.8066,0.7895,ok,ok,10.8073,0.713347,15.1501,1.93021,4.13726,1.48987,1.00003,321,256,21,13,1,9.59712,15.0921,8.45735,8.44639,48.1183,184,0.638797,2,0.4,1,1,0.2,0.2,0,310.605,11.7259,208.593,0.0377519,30.2178,6.90297,1,1,1,1,1,8.2009,4.70732,2.80531,2.79778,0.018668,1.21996,9.25434e+10,1.64018,0.348432,0.501467,4.92112,4.07206,5.98734,4.95432,3.56894,7.62549,2.95318,6.30983,4.92112,4.07206,3563.23,3563
COS4_04453,COS,COS4_04453_K.fits,HIGH,0,2.438,10.5,76.753,0.372,0.497,0.45445,0,0,7.14986,0.62462,ok,ok,7.52549,0.905279,8.3129,19.9422,11.9843,1.52783,0.999578,355,288,0,0,0,,,10.1821,9.0102,,,,,,,,,,,,,,,,,0,0,0,,0,8.1148,3.01871,1.79899,2.64221,0.011492,1.38262,7.53452e+10,,,,,,,,,,,,,,4138.12,2069
COS4_04519,COS,COS4_04519_K.fits,HIGH,0,2.2285,10.61,453.784,0.289,0.619,0.38976,0,0,18.2296,0.56213,ok,ok,17.1787,0.699412,24.5616,15.8733,5.21235,1.44452,0.998673,336,271,22,6,0,4.77322,6.85173,9.89818,9.35786,,,,,,,,,,,,,,,,,0,0,0,,0,8.24912,2.384,1.42074,2.89801,0.740996,2.89527,1.58686e+11,,,,,,,,,,,,,,4102.72,4102
COS4_04717,COS,COS4_04717_K.fits,HIGH,0,2.43912,10.89,179.036,0.497,0.571,0.38976,0,0,2.74214,0.54054,ok,ok,3.03399,0.674687,4.49689,21.3737,12.7825,1.37334,0.998899,336,271,0,0,0,,,10.1473,9.08056,,,,,,,,,,,,,,,,,0,0,0,,0,8.11404,4.03268,2.40327,2.64094,0.0783088,1.09583,1.62688e+11,,,,,,,,,,,,,,4337.75,4337
COS4_04930,COS,COS4_04930_K.fits,HIGH,0,2.2271,10.51,38.9045,0.459,0.491,0.39883,0,0,8.41294,0.58088,ok,ok,8.46161,1.04377,8.1068,-10.1122,17.3177,1.53673,1.00071,321,256,1,1,0,11,16,7.00183,9.67826,,,,,,,,,,,,,,,,,0,0,0,,0,8.24996,3.78673,2.25669,2.89985,-0.249085,0.937001,6.26801e+10,,,,,,,,,,,,,,3372.45,3372
COS4_05094,COS,COS4_05094_K.fits,HIGH,0,2.17149,10.4,62.4615,0.599,0.432,0.45445,0,0,5.74725,0.6763,ok,ok,7.13384,0.743119,9.59987,-14.9732,18.6971,1.48436,1.00071,321,256,5,2,0,10.5563,16,9.17704,9.82303,,,,,,,,,,,,,,,,,0,0,0,,0,8.28238,4.96115,2.95658,2.9747,0.0526883,1.45114,6.157e+10,,,,,,,,,,,,,,3742.95,2069
COS4_05389,COS,COS4_05389_K.fits,HIGH,0,2.30193,10.17,93.1471,0.259,0.669,0.38976,1,2,9.73138,0.5399,ok,ok,15.0621,3.7104,4.05943,103.863,80.3505,1.19644,1.00003,336,271,1,1,0,1,3,8.8521,7.05713,,,,,,,,,,,,,,,,,0,0,0,,0,8.204,2.12484,1.26629,2.80389,0.375168,2.70479,5.47978e+10,,,,,,,,,,,,,,4199.12,4199
COS4_05415,COS,COS4_05415_K.fits,HIGH,0,2.30301,10.43,161.337,0.333,0.525,0.39883,1,0,5.5643,0.49289,ok,ok,12.9583,1.92024,6.74825,-12.9615,49.8106,1.59427,0.998899,321,256,0,0,0,,,8.32362,8.28995,,,,,,,,,,,,,,,,,0,0,0,,0,8.20332,2.73171,1.62795,2.80254,0.414071,2.30089,8.88447e+10,,,,,,,,,,,,,,3934.8,3935
COS4_05433,COS,COS4_05433_K.fits,HIGH,0,2.19248,10.92,87.6078,0.845,0.844,0.44063,0,0,9.57812,0.41459,ok,ok,9.43615,0.585318,16.1214,3.09612,5.90768,1.56555,1.00048,321,256,4,2,0,13,3.52065,8.56066,9.59002,,,,,,,,,,,,,,,,,0,0,0,,0,8.27033,6.98843,4.16474,2.94608,-0.20196,0.704709,1.41792e+11,,,,,,,,,,,,,,3905.22,3905
COS4_05706,COS,COS4_05706_K.fits,HIGH,0,2.4369,10.56,107.148,0.481,0.335,0.39883,1,2,16.3009,0.7758,ok,ok,17.6194,1.82859,9.63549,-32.545,22.0937,1.6089,0.999578,321,256,19,10,1,14.0435,7.17821,7.60425,8.38321,74.0804,272,0.019566,0.373956,0.4,1,1,0.2,0.2,0,-1.56287,4.4552,-0.812603,,1e-10,-8.12603e+09,0,0,0,0,0,8.11555,3.90358,2.32633,2.64345,0.11031,1.48578,9.0253e+10,1.62311,0.4158,0.501467,7.09185,5.86827,7.90789,6.54352,4.97241,11.3307,4.1145,9.3758,7.09185,5.86827,4248.66,4248
COS4_06079,COS,COS4_06079_K.fits,HIGH,0,2.44101,10.57,103.571,0.644,0.683,0.39093,0,2,13.468,1.04699,ok,ok,13.6752,1.78239,7.67238,-2.91636,25.7598,1.47546,0.991882,321,256,9,6,0,3.00183,7.22796,8.12267,10.4286,,,,,,,,,,,,,,,,,0,0,0,,0,8.11276,5.22462,3.1136,2.6388,0.0870806,1.43419,9.04386e+10,,,,,,,,,,,,,,4206.76,4206
COS4_06279,COS,COS4_06279_K.fits,HIGH,0,2.22135,10.27,9.54993,0.286,0.533,0.44063,0,0,5.74076,0.5737,ok,ok,5.42135,0.9581,5.65843,10.4087,27.8141,1.70089,1.00071,321,256,0,0,0,,,8.56822,8.81575,,,,,,,,,,,,,,,,,0,0,0,,0,8.25338,2.36047,1.40671,2.90745,-0.674383,0.675278,3.11951e+10,,,,,,,,,,,,,,3856.8,3856
COS4_06750,COS,COS4_06750_K.fits,HIGH,0,2.12699,10.12,50.4935,0.359,0.496,0.37524,0,0,13.6477,0.81743,ok,ok,10.5499,0.774738,13.6174,14.9506,7.09894,1.34117,0.991429,336,271,1,1,0,17,5,9.76962,10.4704,,,,,,,,,,,,,,,,,0,0,0,,0,8.30713,2.98226,1.77727,3.03691,0.18342,2.09802,4.08398e+10,,,,,,,,,,,,,,3741.01,3741
COS4_06963,COS,COS4_06963_K.fits,HIGH,0,2.30093,10.98,5.01187,0.256,0.876,0.39091,1,2,7.83672,0.3452,ok,ok,9.69332,0.777306,12.4704,-35.4319,20.548,1.44306,0.998899,338,271,7,5,0,13.7587,13.3986,8.96484,8.89581,,,,,,,,,,,,,,,,,0,0,0,,0,8.20463,2.10039,1.25172,2.80514,-1.51513,0.140165,1.08885e+11,,,,,,,,,,,,,,4058.16,4058
COS4_08515,COS,COS4_08515_K.fits,HIGH,0,2.45389,9.88,19.9526,0.555,0.222,0.46186,0,0,11.5952,0.90785,ok,ok,11.4473,1.05731,10.8268,5.57089,9.21374,1.63036,0.999352,322,256,17,3,0,1.9865,16,8.54972,9.08623,,,,,,,,,,,,,,,,,0,0,0,,0,8.10399,4.49771,2.6804,2.62432,-0.0980336,2.00186,2.27715e+10,,,,,,,,,,,,,,3881.42,5209
COS4_08775,COS,COS4_08775_K.fits,HIGH,0,2.16241,10.35,26.9153,0.428,0.544,0.38162,0,0,13.2967,0.43667,ok,ok,11.1595,0.484777,23.0199,6.09961,4.10241,1.46024,1.00162,336,271,24,7,0,5.80139,9.82507,9.20225,9.04962,,,,,,,,,,,,,,,,,0,0,0,,0,8.28752,3.54706,2.11386,2.98723,-0.272791,1.01221,4.50477e+10,,,,,,,,,,,,,,3393.16,3393
COS4_09044,COS,COS4_09044_K.fits,HIGH,0,2.19825,9.94,15.8489,0.185,0.541,0.39703,0,0,6.05452,0.30781,ok,ok,6.20689,0.561267,11.0587,4.49525,12.8829,1.477,0.999125,370,305,8,5,0,2.584,3.36778,10.1163,11.2795,,,,,,,,,,,,,,,,,0,0,0,,0,8.26697,1.52939,0.911436,2.93829,-0.19753,1.56401,2.23316e+10,,,,,,,,,,,,,,3811.07,3811
COS4_10056,COS,COS4_10056_K.fits,HIGH,0,2.56218,11.12,183.668,0.545,0.681,0.38568,0,0,8.42369,0.48139,ok,ok,8.7945,0.916197,9.59892,-14.3975,9.09759,1.59477,1.00184,419,353,0,0,0,,,10.7858,9.72705,,,,,,,,,,,,,,,,,0,0,0,,0,8.02849,4.37553,2.60758,2.50758,-0.111978,0.743371,2.29821e+11,,,,,,,,,,,,,,4031.36,4031
COS4_10347,COS,COS4_10347_K.fits,HIGH,0,2.06329,10.76,134.77,0.497,0.826,0.35561,0,0,13.1075,0.89727,ok,ok,12.5884,1.19848,10.5036,16.042,12.2682,1.5105,1.00026,370,304,10,5,0,1.59873,16.8376,10.175,10.3243,,,,,,,,,,,,,,,,,0,0,0,,0,8.34048,4.14522,2.47033,3.12973,0.138531,1.15627,1.2408e+11,,,,,,,,,,,,,,3638.18,3638
COS4_12148,COS,COS4_12148_K.fits,HIGH,0,2.46018,10.22,91.5518,0.107,0.653,0.39093,0,0,13.5508,1.11163,ok,ok,15.6614,2.38479,6.56721,6.7878,24.0966,1.21987,0.993919,321,256,3,1,0,15,3,10.1031,6.70217,,,,,,,,,,,,,,,,,0,0,0,,0,8.09969,0.866667,0.516488,2.6173,0.300134,2.47832,5.77257e+10,,,,,,,,,,,,,,4595.87,4596
COS4_12577,COS,COS4_12577_K.fits,HIGH,0,2.5367,10.69,66.63,0.332,0.489,0.38162,0,2,4.35381,0.86735,ok,ok,5.69907,1.86183,3.061,44.9838,53.0534,1.49097,1.00094,336,271,0,0,0,,,10.2478,9.36286,,,,,,,,,,,,,,,,,0,0,0,,0,8.04651,2.67144,1.59204,2.53427,-0.214677,0.922137,9.41422e+10,,,,,,,,,,,,,,4223.73,4223
COS4_12995,COS,COS4_12995_K.fits,HIGH,0,2.44423,11.18,126.721,0.165,0.773,0.35561,0,2,0.06919,0.43858,ok,ok,1.18406,0.358964,3.29854,280.266,13.0682,1.52056,1.00048,401,334,0,0,0,,,11.0339,9.62629,,,,,,,,,,,,,,,,,0,0,0,,0,8.11057,1.33824,0.797524,2.63517,-0.296517,0.549745,2.34563e+11,,,,,,,,,,,,,,4432.85,4432
COS4_13174,COS,COS4_13174_K.fits,HIGH,0,2.09714,11.03,172.88,0.753,0.275,0.40013,0,2,11.0795,1.10208,ok,ok,9.35099,0.926439,10.0935,12.2841,23.9486,1.11349,0.998673,383,319,3,3,0,12,5.00703,12.1774,10.2714,,,,,,,,,,,,,,,,,0,0,0,,0,8.32308,6.26728,3.73497,3.07983,0.0329997,0.828993,1.9598e+11,,,,,,,,,,,,,,3863.48,3863
COS4_13701,COS,COS4_13701_K.fits,HIGH,0,2.16639,10.64,82.7494,0.481,0.63,0.41532,0,0,25.7935,0.63168,ok,ok,22.7358,0.595326,38.1904,10.8894,2.72932,1.51454,0.999352,334,271,78,30,1,8.71962,5.07701,9.05238,9.07033,52.43,336,0.856883,0.373956,0.41532,1,4,0,0.8,0,,,,,,,0,0,0,0,0,8.28527,3.98522,2.37498,2.98173,-0.00702222,1.10984,9.20977e+10,0,0,0,,,,,,,,,3.22095,2.66522,3848.93,3848
COS4_14180,COS,COS4_14180_K.fits,HIGH,0,2.21895,10.09,15.1356,0.481,0.505,0.33158,0,0,8.7656,0.41311,ok,ok,7.6914,0.646214,11.9022,22.179,9.65622,1.309,0.999578,334,271,5,2,0,5,1.48475,6.94091,8.46526,,,,,,,,,,,,,,,,,0,0,0,,0,8.2548,3.97056,2.36625,2.91063,-0.336303,1.17844,2.68007e+10,,,,,,,,,,,,,,3992.77,3992
COS4_14596,COS,COS4_14596_K.fits,HIGH,0,2.44557,11.68,240.907,0.163,0.468,0.33158,0,0,12.9633,0.58384,ok,ok,14.4225,1.99207,7.23994,17.2356,47.559,1.5365,0.999352,334,271,0,0,0,,,8.0788,9.72614,,,,,,,,,,,,,,,,,0,0,0,,0,8.10966,1.32187,0.787768,2.63366,-0.40355,0.32254,6.33007e+11,,,,,,,,,,,,,,4361.05,4361
COS4_15813,COS,COS4_15813_K.fits,HIGH,0,2.35916,10.57,68.1676,0.3,0.543,0.47734,0,0,14.4208,1.01628,ok,ok,13.3055,1.10178,12.0764,4.34821,8.83609,1.63682,0.999578,334,271,8,4,0,3.52784,1.95668,8.50639,9.62798,,,,,,,,,,,,,,,,,0,0,0,,0,8.16729,2.45019,1.46018,2.73396,-0.0788333,1.14536,7.97076e+10,,,,,,,,,,,,,,4087.04,2069
COS4_15820,COS,COS4_15820_K.fits,HIGH,0,2.09069,10.41,38.1534,0.486,0.865,0.33158,0,0,19.4771,0.61231,ok,ok,16.2125,0.775031,20.9185,11.6863,4.63505,1.62405,0.99822,334,271,24,14,1,10.2716,5.42503,7.95974,9.29297,30.8051,126,0.599716,0.0699217,0.4,2,1,0.2,0.4,0,36.4206,19.7634,35.5588,0.542643,88.5244,0.401683,0,0,0,0,0,8.32645,4.04666,2.41159,3.08924,-0.150542,1.08934,5.37043e+10,1.66529,0.411523,0.603173,3.92501,3.24782,4.3984,3.63953,2.9018,5.97144,2.40114,4.94116,3.42445,2.83361,2872.21,2872
COS4_16342,COS,COS4_16342_K.fits,HIGH,0,2.46853,10.88,88.6345,0.614,0.959,0.47734,0,0,12.1204,0.66628,ok,ok,11.9572,0.928387,12.8795,4.02046,7.34598,1.57292,0.999125,354,288,1,1,0,12,16,10.3035,8.829,,,,,,,,,,,,,,,,,0,0,0,,0,8.09396,4.96969,2.96168,2.60802,-0.225027,0.76866,1.34167e+11,,,,,,,,,,,,,,4043.22,2069
COS4_16609,COS,COS4_16609_K.fits,HIGH,0,2.55316,10.66,114.091,0.331,0.726,0.39928,1,2,9.2237,0.97814,ok,ok,16.5322,2.61728,6.31656,11.1772,36.5605,1.62659,1.00094,367,301,0,0,0,,,8.24397,10.776,,,,,,,,,,,,,,,,,0,0,0,,0,8.03489,2.65955,1.58495,2.51698,0.0392245,1.29263,1.04794e+11,,,,,,,,,,,,,,4071.79,4072
COS4_17600,COS,COS4_17600_K.fits,HIGH,0,2.46703,10.43,138.346,0.244,0.629,0.39843,1,0,4.61533,0.52805,ok,ok,12.4544,1.22672,10.1526,16.2836,17.4467,1.55974,1.00207,369,304,0,0,0,,,9.39325,9.4538,,,,,,,,,,,,,,,,,0,0,0,,0,8.09499,1.97518,1.1771,2.60969,0.316092,2.13729,8.44413e+10,,,,,,,,,,,,,,4286.5,4285
COS4_18209,COS,COS4_18209_K.fits,HIGH,0,2.08685,10.05,23.4423,0.394,0.713,0.40711,0,0,5.23865,0.62361,ok,ok,3.93073,0.880726,4.46306,14.4128,21.9394,1.64651,1.00094,289,225,0,0,0,,,9.04891,7.9702,,,,,,,,,,,,,,,,,0,0,0,,0,8.32845,3.28141,1.95555,3.09486,-0.0877355,1.56959,2.88312e+10,,,,,,,,,,,,,,3622.64,3622
COS4_18604,COS,COS4_18604_K.fits,HIGH,0,2.00523,10.06,33.7372,0.338,0.425,0.40477,0,0,12.0747,0.94948,ok,ok,8.86629,1.00215,8.84726,-18.6382,12.2916,1.51078,0.999578,319,254,19,9,0,9.01344,14.9817,8.25559,9.32151,,,,,,,,,,,,,,,,,0,0,0,,0,8.36849,2.82855,1.68567,3.21844,0.0815867,1.85,3.27223e+10,,,,,,,,,,,,,,3210.37,3210
COS4_19563,COS,COS4_19563_K.fits,HIGH,0,2.01017,10.01,12.3027,0.289,0.565,0.56344,0,0,8.21907,1.12128,ok,ok,6.73712,1.25896,5.35134,-11.1151,11.4139,1.47345,0.999125,289,225,1,1,0,14,15,8.89999,8.13737,,,,,,,,,,,,,,,,,0,0,0,,0,8.3662,2.41783,1.4409,3.21073,-0.319869,1.1826,2.23344e+10,,,,,,,,,,,,,,3281.7,3281
COS4_19680,COS,COS4_19680_K.fits,HIGH,0,2.16603,10.85,128.868,0.29,0.824,0.39956,0,0,16.8835,0.50857,ok,ok,15.1038,0.534098,28.2791,10.2733,3.03059,1.47792,0.999804,334,271,45,15,1,3.03065,4.14012,7.15806,9.27304,35.3292,288,0.740908,0.05,0.4,2,2,0.4,0.4,0,50.8843,11.5915,43.9968,0.227802,54.1966,0.811799,1,0,0,1,0,8.28548,2.40279,1.43194,2.98222,0.0253239,0.974642,1.39794e+11,3.31419,1.37931,1.0011,16.9173,13.9985,12.745,10.5461,12.7423,25.2673,10.5438,20.9078,16.9173,13.9985,4167.65,4167
COS4_19753,COS,COS4_19753_K.fits,HIGH,0,2.46886,10.51,136.546,0.502,0.705,0.40711,0,0,24.6584,0.83855,ok,ok,25.8623,1.38467,18.6775,11.1872,5.69273,1.47889,1.00026,318,255,24,7,0,11.6329,2.74038,7.465,10.0339,,,,,,,,,,,,,,,,,0,0,0,,0,8.09373,4.06305,2.42137,2.60766,0.248302,1.84558,9.20813e+10,,,,,,,,,,,,,,4359.88,4360
COS4_20746,COS,COS4_20746_K.fits,HIGH,0,2.00698,10.07,20.893,0.168,0.789,0.40477,0,0,9.02345,1.30576,ok,ok,8.13492,1.25742,6.46955,9.77989,17.997,1.63398,1.00003,315,254,0,0,0,,,9.08041,8.3692,,,,,,,,,,,,,,,,,0,0,0,,0,8.36768,1.40577,0.837766,3.2157,-0.134502,1.41084,2.83249e+10,,,,,,,,,,,,,,3217.6,3217
COS4_21570,COS,COS4_21570_K.fits,HIGH,0,2.17125,10.3,17.7828,0.268,0.396,0.41576,0,0,15.4148,0.36806,ok,ok,12.6783,0.468432,27.0654,7.49428,3.75377,1.59477,0.998899,352,287,39,9,0,13.2824,12.4204,8.9259,9.9191,,,,,,,,,,,,,,,,,0,0,0,,0,8.28252,2.21971,1.32283,2.97503,-0.416606,0.887047,3.76515e+10,,,,,,,,,,,,,,3930.32,3930
COS4_22564,COS,COS4_22564_K.fits,HIGH,0,2.46914,10.83,177.828,0.496,0.672,0.54805,0,0,6.20243,0.74135,ok,ok,6.8738,1.38907,4.9485,4.50155,17.5948,1.46611,0.99075,289,225,0,0,0,,,7.18067,6.50542,,,,,,,,,,,,,,,,,0,0,0,,0,8.09354,4.0144,2.39237,2.60735,0.115864,1.21331,1.49638e+11,,,,,,,,,,,,,,3955.49,3955
COS4_22995,COS,COS4_22995_K.fits,HIGH,0,2.46786,11.13,196.126,0.149,0.627,0.40162,0,0,10.0608,0.72709,ok,ok,9.61341,1.2087,7.95349,-4.96849,12.3645,1.58525,1.00003,350,284,0,0,0,,,8.21134,9.57877,,,,,,,,,,,,,,,,,0,0,0,,0,8.09442,1.20607,0.718754,2.60877,-0.0730093,0.756363,2.36927e+11,,,,,,,,,,,,,,4483.35,4483
COS4_23734,COS,COS4_23734_K.fits,HIGH,0,2.06025,11.02,177.918,0.374,0.925,0.40477,0,2,13.3151,1.03218,ok,ok,10.4201,1.59114,6.54886,39.8698,22.5849,1.51045,0.997541,318,255,0,0,0,,,9.08697,10.1051,,,,,,,,,,,,,,,,,0,0,0,,0,8.34201,3.11991,1.8593,3.13427,0.0627192,0.85376,1.94112e+11,,,,,,,,,,,,,,3594.31,3594
COS4_24701,COS,COS4_24701_K.fits,HIGH,0,2.51321,11.02,1201.96,0.39,0.785,0.40477,0,2,9.54192,0.97333,ok,ok,8.80435,3.02454,2.91097,50.3921,57.8088,2.48926,1.00071,321,255,0,0,0,,,9.43346,7.74303,,,,,,,,,,,,,,,,,0,0,0,,0,8.063,3.14457,1.874,2.55929,0.790519,2.3971,3.5572e+11,,,,,,,,,,,,,,3491.58,3491
COS4_24763,COS,COS4_24763_K.fits,HIGH,0,2.46428,10.44,68.8133,0.606,0.267,0.40109,0,2,7.06833,1.12258,ok,ok,8.46409,1.49196,5.67313,27.405,26.4809,1.65807,0.999804,401,330,0,0,0,,,8.26564,10.0492,,,,,,,,,,,,,,,,,0,0,0,,0,8.09688,4.90671,2.92414,2.61274,0.00557102,1.4504,6.74896e+10,,,,,,,,,,,,,,4284.6,4284
COS4_25229,COS,COS4_25229_K.fits,HIGH,0,2.18076,10.04,19.9526,0.148,0.662,0.40203,0,0,13.2671,0.56668,ok,ok,11.2624,0.538683,20.9074,10.7303,4.41541,1.58613,0.999578,350,284,15,5,0,1.5213,16.2511,8.86708,7.85274,,,,,,,,,,,,,,,,,0,0,0,,0,8.27709,1.22501,0.730041,2.96201,-0.170293,1.48245,2.72196e+10,,,,,,,,,,,,,,3805.35,3805
COS4_27120,COS,COS4_27120_K.fits,HIGH,0,2.47796,10.17,30.903,0.349,0.557,0.40162,0,2,12.0168,0.68276,ok,ok,11.4284,1.45502,7.8545,16.7724,16.4098,1.57924,1.00026,347,284,1,1,0,2,8,9.41359,7.51206,,,,,,,,,,,,,,,,,0,0,0,,0,8.08747,2.82253,1.68208,2.59761,-0.135988,1.5221,3.73046e+10,,,,,,,,,,,,,,4572.36,4572
GS4_01529,GS,GS4_01529_K.fits,HIGH,0,2.12224,10.55,653.554,0.461,0.825,0.6332,0,0,24.4146,2.37521,ok,ok,23.8575,1.21506,19.6348,68.6027,17.5483,1.45866,1.00003,347,285,7,4,0,10.3922,9.19755,8.63664,9.60197,,,,,,,,,,,,,,,,,0,0,0,,0,8.3097,3.83077,2.28294,3.04367,0.969335,3.86415,1.72587e+11,,,,,,,,,,,,,,3754.42,2069
GS4_05828,GS,GS4_05828_K.fits,HIGH,0,2.38047,10.15,25.704,0.194,0.822,0.45763,0,0,6.15409,0.52707,ok,ok,5.82326,0.753848,7.72471,12.7891,10.2668,1.39898,1.00003,345,284,0,0,0,,,9.50596,11.5816,,,,,,,,,,,,,,,,,0,0,0,,0,8.1533,1.58174,0.942635,2.70865,-0.183378,1.42287,3.42239e+10,,,,,,,,,,,,,,4120.37,4120
GS4_05979,GS,GS4_05979_K.fits,HIGH,0,2.39283,10.32,47.3025,0.21,0.598,0.6332,0,0,6.52315,0.47115,ok,ok,6.41556,0.711707,9.01433,16.902,11.6072,1.62727,0.998899,386,319,2,1,0,8,9,10.9463,9.71988,,,,,,,,,,,,,,,,,0,0,0,,0,8.14512,1.71048,1.01935,2.69414,-0.0516279,1.46213,5.14413e+10,,,,,,,,,,,,,,4011.52,2069
GS4_06654,GS,GS4_06654_K.fits,HIGH,0,2.52374,10.22,58.1031,0.861,0.217,0.50299,0,0,4.65847,0.46784,ok,ok,4.56242,0.803492,5.67824,18.9968,12.534,1.76501,0.999804,404,337,0,0,0,,,10.9453,10.0524,,,,,,,,,,,,,,,,,0,0,0,,0,8.05562,6.93589,4.13343,2.54803,0.091834,1.95187,4.89889e+10,,,,,,,,,,,,,,4109.39,4109
GS4_08603,GS,GS4_08603_K.fits,HIGH,0,2.58282,10.48,66.532,0.415,0.562,0.5387,0,0,12.1402,1.41801,ok,ok,11.515,2.09886,5.48628,21.2589,26.5924,1.65197,1.00162,364,301,0,0,0,,,8.16344,10.3639,,,,,,,,,,,,,,,,,0,0,0,,0,8.01378,3.32572,1.98195,2.4863,-0.0605795,1.33165,7.04148e+10,,,,,,,,,,,,,,4152.23,4152
GS4_10500,GS,GS4_10500_K.fits,HIGH,0,2.52547,10.41,75.8328,0.44,0.537,0.50884,0,0,8.50475,0.77683,ok,ok,7.76517,1.12512,6.90166,1.92785,21.8351,1.46258,0.998446,404,335,0,0,0,,,10.0311,10.0985,,,,,,,,,,,,,,,,,0,0,0,,0,8.05441,3.54394,2.112,2.54618,0.0601822,1.61194,6.71373e+10,,,,,,,,,,,,,,4138.74,4138
GS4_11016,GS,GS4_11016_K.fits,HIGH,0,2.03606,11.24,93.2253,0.766,0.578,0.52914,0,2,11.4961,0.76067,ok,ok,13.0739,1.86008,7.02871,35.0542,45.4433,1.38508,0.983507,334,270,0,0,0,,,8.94426,10.6813,,,,,,,,,,,,,,,,,0,0,0,,0,8.35392,6.3991,3.81353,3.17083,-0.378154,0.413316,2.45606e+11,,,,,,,,,,,,,,3281.65,3281
GS4_11678,GS,GS4_11678_K.fits,HIGH,0,1.99577,9.79,29.1824,0.133,0.75,0.52914,0,0,25.5414,1.34486,ok,ok,21.8836,1.69572,12.9051,26.3896,7.37969,1.29574,0.998899,334,270,9,3,0,7.58279,13.8902,11.0727,9.05018,,,,,,,,,,,,,,,,,0,0,0,,0,8.37282,1.11359,0.663638,3.23328,0.224961,2.72802,2.29868e+10,,,,,,,,,,,,,,3261.86,3261
GS4_14070,GS,GS4_14070_K.fits,HIGH,0,2.30645,10.48,84.2518,0.416,0.786,0.5387,0,0,13.0493,0.63749,ok,ok,11.3419,0.680993,16.6549,4.54583,5.18352,1.56376,1.00003,347,285,6,2,0,6.50951,1,9.08129,11.1681,,,,,,,,,,,,,,,,,0,0,0,,0,8.20115,3.41168,2.03318,2.79826,0.0928593,1.49491,7.53451e+10,,,,,,,,,,,,,,3791.16,3791
GS4_15000,GS,GS4_15000_K.fits,HIGH,0,2.03549,9.92,43.1784,0.553,0.368,0.52914,0,0,8.97646,0.95421,ok,ok,7.83943,0.999949,7.83982,14.1587,15.5504,1.36588,0.999125,334,270,1,1,0,6,13,10.5484,9.1071,,,,,,,,,,,,,,,,,0,0,0,,0,8.35419,4.61987,2.7532,3.1717,0.287685,2.69819,3.07602e+10,,,,,,,,,,,,,,3157.3,3157
GS4_15819,GS,GS4_15819_K.fits,HIGH,0,2.04211,10.75,120.622,0.565,0.509,0.5387,0,0,10.1566,0.45519,ok,ok,7.46212,0.826392,9.02977,-13.0458,14.0861,1.53768,1.00116,347,285,0,0,0,,,8.37365,9.0542,,,,,,,,,,,,,,,,,0,0,0,,0,8.35098,4.7183,2.81186,3.16162,0.103377,1.10689,1.18479e+11,,,,,,,,,,,,,,3656.53,3656
GS4_17817,GS,GS4_17817_K.fits,HIGH,0,2.56853,10.26,191.166,0.327,0.481,0.50884,0,0,14.9341,0.6915,ok,ok,15.0146,1.252,11.9925,14.9688,8.50104,1.63741,0.999804,404,333,4,3,0,12,12.9873,10.6145,9.09977,,,,,,,,,,,,,,,,,0,0,0,,0,8.02397,2.62384,1.56367,2.501,0.570693,3.42472,8.05167e+10,,,,,,,,,,,,,,4310.44,4310
GS4_18936,GS,GS4_18936_K.fits,HIGH,0,2.0357,10.28,8.51138,0.156,0.919,0.45925,1,0,11.2269,0.8114,ok,ok,9.7201,1.05174,9.24195,10.3972,10.3351,1.4434,0.969699,334,270,10,9,0,7.03209,8.00814,8.8199,11.0773,,,,,,,,,,,,,,,,,0,0,0,,0,8.35409,1.30324,0.776662,3.17138,-0.690345,0.612005,3.07161e+10,,,,,,,,,,,,,,2489.68,2489
GS4_20410,GS,GS4_20410_K.fits,HIGH,0,2.00832,10.2,42.483,0.326,0.553,0.45925,0,2,9.43089,1.46443,ok,ok,3.42446,0.871352,3.93005,-61.5936,14.4084,1.46419,0.976943,334,270,0,0,0,,,9.153,10.8648,,,,,,,,,,,,,,,,,0,0,0,,0,8.36706,2.72766,1.62554,3.21361,0.0750564,1.64171,4.18684e+10,,,,,,,,,,,,,,2452.65,2452
GS4_20422,GS,GS4_20422_K.fits,HIGH,0,2.00022,9.93,15.4882,0.29,0.448,0.5387,0,0,7.95617,2.29131,ok,ok,7.02007,1.23741,5.6732,-29.8774,13.2504,2.05892,0.999578,347,285,0,0,0,,,8.92069,9.64522,,,,,,,,,,,,,,,,,0,0,0,,0,8.37079,2.42753,1.44668,3.22628,-0.157032,1.53195,2.15504e+10,,,,,,,,,,,,,,3560.64,3560
GS4_20623,GS,GS4_20623_K.fits,HIGH,0,2.57531,10.01,37.1535,0.499,0.263,0.53108,0,0,16.3107,0.84181,ok,ok,15.136,1.29901,11.6519,2.34451,7.73293,1.53761,0.999352,366,301,1,1,0,4,4,8.7317,9.74797,,,,,,,,,,,,,,,,,0,0,0,,0,8.01914,4.00155,2.38472,2.49401,0.0519709,2.22762,3.3028e+10,,,,,,,,,,,,,,4793.9,4794
GS4_21149,GS,GS4_21149_K.fits,HIGH,0,2.03436,10.38,40.9381,0.739,0.281,0.45925,0,0,4.52818,0.7054,ok,ok,-1.61937,0.993609,-1.62978,654.713,25.374,1.05454,0.789522,334,270,0,0,0,,,6.53107,13.7897,,,,,,,,,,,,,,,,,0,0,0,,0,8.35474,6.17415,3.67947,3.17342,-0.0836432,1.1832,5.23714e+10,,,,,,,,,,,,,,2788.25,2787
GS4_22027,GS,GS4_22027_K.fits,HIGH,0,1.99731,10.08,17.3565,0.237,0.439,0.42938,0,0,4.68382,0.57522,ok,ok,3.54427,0.6516,5.43934,-18.6342,13.2156,1.61607,0.998899,398,332,3,3,0,2.66998,1.66856,9.87757,10.5059,,,,,,,,,,,,,,,,,0,0,0,,0,8.37212,1.98419,1.18247,3.23085,-0.22029,1.25505,2.71116e+10,,,,,,,,,,,,,,3052.51,3052
GS4_24110,GS,GS4_24110_K.fits,HIGH,0,1.9972,10.89,328.785,0.572,0.765,0.4431,0,0,32.8209,1.34935,ok,ok,27.0488,0.869728,31.1003,26.4732,3.44952,1.50968,0.999804,366,302,12,2,0,15,9.4985,9.15771,9.72319,,,,,,,,,,,,,,,,,0,0,0,,0,8.37217,4.78888,2.85392,3.23103,0.444832,1.47114,1.91821e+11,,,,,,,,,,,,,,3185.55,3185
GS4_25151,GS,GS4_25151_K.fits,HIGH,0,2.22298,10.65,110.355,0.649,0.873,0.45925,0,0,17.2337,0.83444,ok,ok,15.5964,0.896368,17.3995,13.9145,7.78053,1.42128,0.998673,334,270,2,2,0,10,10.4412,8.16102,10.1709,,,,,,,,,,,,,,,,,0,0,0,,0,8.25241,5.35581,3.19178,2.90529,0.0975744,1.27603,1.01667e+11,,,,,,,,,,,,,,3714.43,3714
GS4_27159,GS,GS4_27159_K.fits,HIGH,0,2.61845,10.1,45.7088,0.379,0.403,0.41819,0,0,9.8317,1.31137,ok,ok,11.764,2.13734,5.50405,11.1521,17.196,1.46302,0.995277,339,272,0,0,0,,,8.86234,10.2953,,,,,,,,,,,,,,,,,0,0,0,,0,7.98819,3.02752,1.80425,2.45025,0.065501,2.12539,3.93463e+10,,,,,,,,,,,,,,3777.44,3777
GS4_27404,GS,GS4_27404_K.fits,HIGH,0,2.03507,10.66,81.5126,0.837,0.699,0.41819,0,0,20.0226,1.57585,ok,ok,15.576,1.30255,11.9581,-61.7513,12.6766,1.32409,0.993693,339,272,1,1,0,10,7,8.33655,10.3187,,,,,,,,,,,,,,,,,0,0,0,,0,8.3544,6.99263,4.16724,3.17234,0.0031746,1.05004,9.37047e+10,,,,,,,,,,,,,,3146.19,3146
GS4_27882,GS,GS4_27882_K.fits,HIGH,0,2.30821,10.96,926.391,0.331,0.664,0.35627,1,2,5.51919,0.31436,ok,ok,3.79857,0.53041,7.16158,16.9864,14.2168,1.50913,1.00026,385,319,0,0,0,,,9.36894,10.3148,,,,,,,,,,,,,,,,,0,0,0,,0,8.20003,2.71421,1.61753,2.79607,0.765413,2.30836,3.01726e+11,,,,,,,,,,,,,,4067.25,4067
GS4_28870,GS,GS4_28870_K.fits,HIGH,0,2.47093,9.9,94.0588,0.116,0.575,0.35835,0,0,7.96789,0.59044,ok,ok,8.06162,0.891297,9.04482,-4.20828,10.5961,1.54505,1.00094,303,240,23,15,1,2.22806,9.02076,7.40775,7.44405,56.6184,12,0.460886,2,0.4,3,1,0.2,0.6,1,-1.42483,1.91575,-0.853166,,1e-10,-8.53166e+09,0,0,0,0,0,8.09231,0.938708,0.559421,2.60537,0.557124,4.40083,4.29003e+10,1.61846,1.72414,0.558114,25.7307,21.2913,19.1282,15.828,15.2474,46.6971,12.6167,38.6403,2.93287,2.42685,4042.56,4042
GS4_29606,GS,GS4_29606_K.fits,HIGH,0,2.54192,10.47,1082.65,0.18,0.762,0.51355,0,0,12.7735,1.46197,ok,ok,12.1274,1.86022,6.51932,14.1659,22.1468,1.56243,1.00071,318,254,0,0,0,,,9.19207,9.83745,,,,,,,,,,,,,,,,,0,0,0,,0,8.04283,1.44771,0.862759,2.52877,1.16555,5.94061,2.04832e+11,,,,,,,,,,,,,,4232.89,4233
GS4_29773,GS,GS4_29773_K.fits,HIGH,0,2.22649,10.16,61.2875,0.702,0.697,0.48912,1,2,4.98787,0.50354,ok,ok,7.10403,0.95456,7.44221,-39.3922,18.6097,1.68274,0.999352,318,254,1,1,0,13,6,7.9453,9.06289,,,,,,,,,,,,,,,,,0,0,0,,0,8.25032,5.79172,3.45156,2.90066,0.216023,2.19108,4.61251e+10,,,,,,,,,,,,,,3945.65,3946
GS4_29868,GS,GS4_29868_K.fits,HIGH,0,2.22394,10.28,101.208,0.691,0.46,0.32007,1,0,18.113,0.68073,ok,ok,18.1931,0.824465,22.0666,13.0332,8.03173,1.53335,0.998446,303,240,46,16,1,9.79367,4.36224,8.50836,7.89321,64.9892,70,0.744263,2,0.4,4,2,0.4,0.8,0,97.1621,17.3712,53.6079,0.178785,73.9498,0.724923,1,0,0,1,0,8.25184,5.70202,3.39811,2.90402,0.342649,2.31949,6.32516e+10,3.30074,0.578871,1.24973,2.28,1.88662,2.19334,1.81492,1.48342,3.87314,1.22748,3.20489,1.61445,1.33591,3889.25,3889
GS4_30274,GS,GS4_30274_K.fits,HIGH,0,2.22453,11.2,335.058,0.429,0.444,0.35627,0,0,32.3775,0.47832,ok,ok,31.0598,0.673377,46.1254,-10.0839,5.71125,1.52861,0.998673,368,303,52,22,1,13.7492,5.8759,9.49865,10.3027,66.1353,156,0.475712,0.05,0.4,2,4,0.4,0.8,0,281.87,69.2512,154.111,0.245685,254.076,0.606554,0,0,0,1,0,8.25149,3.53989,2.10959,2.90324,0.159075,0.883458,2.98508e+11,3.3006,0.932401,1.12274,23.2153,19.2099,18.9147,15.6513,17.7706,34.1048,14.7046,28.2206,11.2262,9.28929,3500.6,3500
GS4_30443,GS,GS4_30443_K.fits,HIGH,0,2.22646,10.1,41.2114,0.39,0.46,0.48912,0,0,23.0567,0.7685,ok,ok,19.861,1.03529,19.1841,11.6448,6.83745,1.74219,0.998673,334,270,20,5,0,3.6456,2.75904,7.67819,10.9128,,,,,,,,,,,,,,,,,0,0,0,,0,8.25034,3.21763,1.91754,2.9007,0.0895493,1.97071,3.7399e+10,,,,,,,,,,,,,,3563.64,3563
GS4_30469,GS,GS4_30469_K.fits,HIGH,0,2.48424,10.09,17.7828,0.322,0.593,0.32007,0,2,4.53466,0.833,ok,ok,5.49496,1.28464,4.27743,-24.2416,30.2621,1.50785,1.00026,303,240,0,0,0,,,8.34758,7.54803,,,,,,,,,,,,,,,,,0,0,0,,0,8.08313,2.60277,1.55111,2.59072,-0.315246,1.30649,2.83761e+10,,,,,,,,,,,,,,4629.71,4629
GS4_30548,GS,GS4_30548_K.fits,HIGH,0,2.11266,10.03,33.4834,0.35,0.85,0.48912,0,0,11.2015,0.43186,ok,ok,8.50042,0.734094,11.5795,1.93605,10.451,1.62932,1.00026,318,254,4,2,0,11,1.51846,7.4102,9.28622,,,,,,,,,,,,,,,,,0,0,0,,0,8.31485,2.9102,1.73433,3.05739,0.07661,1.96927,3.18163e+10,,,,,,,,,,,,,,3605.52,3605
GS4_33639,GS,GS4_33639_K.fits,HIGH,0,2.23481,10.53,47.5617,0.465,0.842,0.35481,0,0,9.45983,0.34388,ok,ok,8.12447,0.533242,15.236,6.46962,6.95927,1.55363,0.999352,417,348,7,4,0,5.64626,8.67076,8.53242,10.0505,,,,,,,,,,,,,,,,,0,0,0,,0,8.24534,3.83408,2.28491,2.88972,-0.178786,1.00723,6.80138e+10,,,,,,,,,,,,,,3430.54,3430
GS4_33971,GS,GS4_33971_K.fits,HIGH,0,2.67543,10.83,187.604,0.381,0.922,0.41819,0,2,4.14551,1.18457,ok,ok,3.82788,1.09214,3.50494,51.1579,12.2971,1.47265,0.997541,339,272,0,0,0,,,9.67719,10.1572,,,,,,,,,,,,,,,,,0,0,0,,0,7.94678,3.02772,1.80436,2.39436,0.102423,1.24832,1.52005e+11,,,,,,,,,,,,,,4490.84,4491
GS4_34568,GS,GS4_34568_K.fits,HIGH,0,2.5726,10.74,223.609,0.517,0.851,0.3741,0,0,17.7026,0.73458,ok,ok,17.6221,1.40225,12.567,14.6788,10.1547,1.66774,0.999125,367,301,5,2,0,13,8.48814,8.41525,8.79274,,,,,,,,,,,,,,,,,0,0,0,,0,8.02108,4.1469,2.47133,2.4968,0.266071,1.60531,1.43173e+11,,,,,,,,,,,,,,4299.46,4299
GS4_35056,GS,GS4_35056_K.fits,HIGH,0,2.22695,10.5,80.0663,0.282,0.412,0.38496,0,0,7.06602,0.55933,ok,ok,6.53857,0.550018,11.8879,13.0664,12.6443,1.44174,0.999578,399,332,3,1,0,2,12,9.35196,9.9203,,,,,,,,,,,,,,,,,0,0,0,,0,8.25004,2.32651,1.38648,2.90005,0.0720432,1.39771,7.58221e+10,,,,,,,,,,,,,,3953.62,3953
GS4_35593,GS,GS4_35593_K.fits,HIGH,0,2.40967,10.07,24.9568,0.513,0.587,0.48912,0,0,5.52626,0.56741,ok,ok,5.17768,0.936373,5.52951,22.7243,12.1778,1.94735,1.00162,348,285,0,0,0,,,9.19249,9.14099,,,,,,,,,,,,,,,,,0,0,0,,0,8.1339,4.17269,2.4867,2.67459,-0.139818,1.61341,3.07049e+10,,,,,,,,,,,,,,4031.34,4030
GS4_35937,GS,GS4_35937_K.fits,HIGH,0,2.32913,10.69,41.645,0.632,0.362,0.38959,0,0,11.8096,0.5295,ok,ok,9.2027,0.500989,18.3691,4.3903,2.94618,1.61431,0.999578,336,271,11,3,0,14.5724,14.7331,8.55134,9.51465,,,,,,,,,,,,,,,,,0,0,0,,0,8.18671,5.174,3.08343,2.77029,-0.378994,0.714536,8.39743e+10,,,,,,,,,,,,,,4230.64,4230
GS4_35951,GS,GS4_35951_K.fits,HIGH,0,2.18634,11,266.658,0.883,0.494,0.37179,0,2,4.91225,0.65873,ok,ok,4.8632,0.632406,7.68998,-13.522,21.2706,1.49927,0.999125,429,360,0,0,0,,,11.7021,8.61085,,,,,,,,,,,,,,,,,0,0,0,,0,8.27388,7.30583,4.35389,2.95441,0.221851,1.10582,2.10582e+11,,,,,,,,,,,,,,3868.11,3868
GS4_36705,GS,GS4_36705_K.fits,HIGH,0,2.30551,10.28,43.6255,0.201,0.623,0.41819,0,0,7.95866,0.51307,ok,ok,7.3264,0.887526,8.25486,13.222,11.6052,1.55341,1.00162,339,272,1,1,0,10,3,10.0593,8.99725,,,,,,,,,,,,,,,,,0,0,0,,0,8.20174,1.64855,0.982449,2.79943,-0.0393452,1.49424,4.75268e+10,,,,,,,,,,,,,,4102.68,4102
GS4_37124,GS,GS4_37124_K.fits,HIGH,0,2.43241,10.59,194.557,0.367,0.412,0.39664,0,0,14.8503,0.59805,ok,ok,14.2014,1.27801,11.1121,-12.1177,16.1263,1.68688,1.00139,355,287,2,1,0,12,5,8.99527,9.54932,,,,,,,,,,,,,,,,,0,0,0,,0,8.11859,2.97952,1.77564,2.64854,0.347079,1.93388,1.14141e+11,,,,,,,,,,,,,,3778.75,3779
GS4_37745,GS,GS4_37745_K.fits,HIGH,0,2.43108,10.93,110.195,0.079,0.88,0.37179,0,0,10.8579,0.53209,ok,ok,10.6962,0.945067,11.3179,34.0215,13.0095,1.57787,1.00003,352,287,3,1,0,10,4,9.76223,9.91374,,,,,,,,,,,,,,,,,0,0,0,,0,8.11949,0.64144,0.382264,2.65005,-0.161728,0.78997,1.52351e+11,,,,,,,,,,,,,,4262.25,4262
GS4_37988,GS,GS4_37988_K.fits,HIGH,0,2.20066,10.27,46.7315,0.291,0.394,0.41819,0,0,6.43258,0.59343,ok,ok,4.51243,0.723416,6.23767,8.79707,20.5153,1.50103,1.00071,339,272,0,0,0,,,9.45248,7.76917,,,,,,,,,,,,,,,,,0,0,0,,0,8.26557,2.40528,1.43342,2.93505,0.0195788,1.56378,4.77398e+10,,,,,,,,,,,,,,3586.13,3585
GS4_38116,GS,GS4_38116_K.fits,HIGH,0,2.19651,10.17,42.373,0.191,0.416,0.51355,0,0,9.97971,0.53317,ok,ok,8.72845,0.647154,13.4874,-0.4902,8.85669,1.55102,0.998446,348,284,34,9,0,13.0057,10.0011,8.66705,9.32218,,,,,,,,,,,,,,,,,0,0,0,,0,8.26799,1.57919,0.941112,2.94064,0.0542942,1.7658,4.09092e+10,,,,,,,,,,,,,,3756.04,3755
GS4_38560,GS,GS4_38560_K.fits,HIGH,0,2.41663,10.18,38.267,0.435,0.652,0.34603,0,0,5.44921,0.51157,ok,ok,7.11179,0.781385,9.10152,16.2194,13.2897,1.59517,0.999804,390,322,4,3,0,8.69806,2.68817,9.98906,9.69157,,,,,,,,,,,,,,,,,0,0,0,,0,8.12923,3.53621,2.1074,2.66657,-0.0401773,1.67058,4.04209e+10,,,,,,,,,,,,,,4239.32,4239
GS4_38807,GS,GS4_38807_K.fits,HIGH,0,2.31762,10.3,45.0578,0.309,0.422,0.39717,0,0,6.65945,0.5097,ok,ok,6.68084,0.574837,11.6221,4.47332,7.37683,1.5381,0.998899,336,271,7,7,0,14.0793,5.75735,9.11798,8.72569,,,,,,,,,,,,,,,,,0,0,0,,0,8.19406,2.53196,1.50892,2.78443,-0.043037,1.46918,4.92665e+10,,,,,,,,,,,,,,4243.04,4243
GS4_39671,GS,GS4_39671_K.fits,HIGH,0,2.22714,10.36,44.6924,0.528,0.754,0.39717,0,0,11.5861,0.54134,ok,ok,10.0185,0.6965,14.3841,17.7567,6.65962,1.42881,0.999125,336,271,5,1,0,17,4,9.68108,8.92084,,,,,,,,,,,,,,,,,0,0,0,,0,8.24993,4.35596,2.59593,2.8998,-0.0741695,1.30904,5.28969e+10,,,,,,,,,,,,,,4111.72,4111
GS4_39732,GS,GS4_39732_K.fits,HIGH,0,2.25646,10.12,23.9883,0.319,0.595,0.46161,0,0,14.1967,0.44876,ok,ok,11.9149,0.760276,15.6717,-0.384751,6.51777,1.91357,0.998899,339,272,23,6,0,4.57369,9.49621,9.11455,9.11446,,,,,,,,,,,,,,,,,0,0,0,,0,8.23222,2.62608,1.56501,2.86157,-0.166777,1.43256,3.20674e+10,,,,,,,,,,,,,,3377.53,3377
GS4_40218,GS,GS4_40218_K.fits,HIGH,0,2.45051,9.85,25.704,0.191,0.661,0.51355,0,0,7.63073,0.69171,ok,ok,8.52443,1.17712,7.24175,16.608,14.7402,1.43426,1.00003,334,270,2,2,0,8.47887,6,9.9397,9.75559,,,,,,,,,,,,,,,,,0,0,0,,0,8.1063,1.5483,0.922707,2.62811,0.0356752,2.41226,2.4157e+10,,,,,,,,,,,,,,3607,3606
GS4_40477,GS,GS4_40477_K.fits,HIGH,0,2.06059,10.9,111.229,0.285,0.787,0.41819,1,0,9.82396,1.71583,ok,ok,8.47345,1.29519,6.54223,34.5408,13.8928,1.53452,0.998673,339,272,1,1,0,5,5,10.2785,8.73413,,,,,,,,,,,,,,,,,0,0,0,,0,8.34184,2.37742,1.41682,3.13376,-0.050352,0.819349,1.44516e+11,,,,,,,,,,,,,,2684.26,2683
GS4_40679,GS,GS4_40679_K.fits,HIGH,0,2.40796,10.69,142.922,0.496,0.555,0.33916,0,0,8.35041,0.49812,ok,ok,9.99494,0.90882,10.9977,31.952,12.6892,1.60713,0.999804,437,363,0,0,0,,,10.5948,9.09908,,,,,,,,,,,,,,,,,0,0,0,,0,8.13504,4.03498,2.40464,2.67656,0.140742,1.37797,1.16468e+11,,,,,,,,,,,,,,4152.34,4152
GS4_40768,GS,GS4_40768_K.fits,HIGH,0,2.30328,10.22,59.7609,0.407,0.298,0.46161,0,0,32.497,0.66307,ok,ok,29.655,0.626447,47.3384,11.8954,2.00636,1.46666,0.999352,339,272,88,37,1,12.6753,9.67275,9.47315,9.29272,76.9694,38,0.548466,0.191222,0.46161,3,1,0.2,0.6,0,21.8711,9.69159,11.2246,0.443124,77.7622,0.144345,0,0,0,0,0,8.20315,3.33868,1.98968,2.80221,0.143799,1.95969,4.91187e+10,1.64063,0.4914,0.433266,5.26752,4.3587,5.43666,4.49865,3.52364,8.75529,2.91569,7.24471,2.85335,2.36105,3936.06,3935
GS4_41181,GS,GS4_41181_K.fits,HIGH,0,2.30027,11.28,123.956,0.398,0.626,0.3794,0,0,2.12227,0.28413,ok,ok,1.35399,0.402161,3.36679,-33.3149,27.0685,1.71041,0.999125,420,350,12,9,0,9.98595,13.987,11.5114,10.152,,,,,,,,,,,,,,,,,0,0,0,,0,8.20505,3.26561,1.94613,2.80596,-0.351831,0.455092,2.77262e+11,,,,,,,,,,,,,,4057.77,4057
GS4_41438,GS,GS4_41438_K.fits,HIGH,0,2.01848,10.82,146.828,0.32,0.68,0.46161,0,0,13.8634,0.49182,ok,ok,12.17,0.567979,21.4268,18.8075,4.25743,1.4794,1.00026,339,272,26,10,1,10.1829,9.34658,10.0226,8.97057,48.4461,288,0.912521,2,0.46161,1,1,0.2,0.2,0,32.3443,15.3139,21.6109,0.473464,51.9308,0.416149,0,0,0,0,0,8.36231,2.67594,1.59472,3.19783,0.141939,1.08558,1.37793e+11,1.67246,0.625,0.433266,22.1914,18.3627,20.6994,17.128,16.4159,33.7425,13.5836,27.9208,22.1914,18.3627,2473.55,2473
GS4_41748,GS,GS4_41748_K.fits,HIGH,0,2.30132,10.83,50.3582,0.17,0.833,0.3794,0,0,6.37328,0.40225,ok,ok,6.20199,0.531139,11.6768,14.8673,11.9108,1.55779,1.00071,425,355,1,1,0,19,12,11.6292,11.253,,,,,,,,,,,,,,,,,0,0,0,,0,8.20439,1.39475,0.831195,2.80465,-0.398084,0.618339,1.09413e+11,,,,,,,,,,,,,,3930.59,3930
GS4_41886,GS,GS4_41886_K.fits,HIGH,0,2.14135,10.86,118.452,0.168,0.552,0.3794,0,2,4.87457,0.30243,ok,ok,5.27126,0.493366,10.6843,18.1477,15.6561,1.56999,1.00026,403,335,7,5,0,14.1559,12.9618,10.6609,10.4311,,,,,,,,,,,,,,,,,0,0,0,,0,8.29927,1.39428,0.830916,3.0166,-0.0129555,0.914305,1.38679e+11,,,,,,,,,,,,,,3431.97,3431
GS4_42089,GS,GS4_42089_K.fits,HIGH,0,2.25673,10.03,12.8825,0.23,0.526,0.47985,0,0,7.29877,0.44589,ok,ok,6.69534,0.863894,7.75018,29.753,17.8085,1.69276,0.998899,334,268,0,0,0,,,8.86297,9.52016,,,,,,,,,,,,,,,,,0,0,0,,0,8.23206,1.89337,1.12835,2.86122,-0.367925,1.20515,2.36286e+10,,,,,,,,,,,,,,3824.38,3824
GS4_42127,GS,GS4_42127_K.fits,HIGH,0,2.44184,10.66,131.79,0.404,0.55,0.46161,0,0,11.5494,0.74316,ok,ok,13.3637,1.95512,6.83522,-50.67,47.0441,1.38105,1.00003,339,272,9,9,0,11.0361,7.02122,10.818,9.48855,,,,,,,,,,,,,,,,,0,0,0,,0,8.1122,3.27733,1.95312,2.63787,0.122142,1.39246,1.09356e+11,,,,,,,,,,,,,,4165.7,4164
GS4_42235,GS,GS4_42235_K.fits,HIGH,0,2.43251,10.14,57.1427,0.378,0.409,0.31124,0,0,20.5638,0.79455,ok,ok,20.4208,1.1974,17.0543,4.65687,9.17993,1.46638,1.00048,303,240,28,11,1,10.5832,11.5743,7.75555,8.74841,68.6465,198,0.922483,2,0.4,1,0,0,0.2,0,,,,,,,0,0,0,0,0,8.11852,3.0688,1.82884,2.64843,0.161987,2.2174,4.44124e+10,0,0,0,,,,,,,,,5.60055,4.63427,4038.57,4038
GS4_42363,GS,GS4_42363_K.fits,HIGH,0,2.14079,10.2,117.136,0.248,0.368,0.31124,0,0,10.8784,0.4075,ok,ok,9.5812,0.503559,19.027,11.9494,4.29081,1.45458,0.999125,303,240,37,20,1,8.28943,13.3515,9.0862,7.6563,71.6224,168,0.44852,2,0.4,3,0,0,0.6,0,,,,,,,0,0,0,0,0,8.29958,2.05829,1.22664,3.01739,0.484953,2.85687,6.11273e+10,0,0,0,,,,,,,,,4.37376,3.61914,4038.55,4038
GS4_42789,GS,GS4_42789_K.fits,HIGH,0,2.25398,10.65,60.282,0.417,0.689,0.46161,0,0,18.909,0.487,ok,ok,16.3828,0.754599,21.7106,14.7983,4.99252,1.35515,0.994145,339,272,33,11,1,11.6063,6.68413,10.5466,10.4078,47.7064,116,0.622082,0.373956,0.46161,0,1,0,0.2,0,,,,,,,0,0,0,0,0,8.23374,3.43347,2.04617,2.86477,-0.17182,0.928083,8.61243e+10,0,0,0,,,,,,,,,8.74484,7.23606,3735.17,3736
GS4_42930,GS,GS4_42930_K.fits,HIGH,0,2.45186,10.34,45.5997,0.288,0.527,0.35835,0,0,8.58765,0.72209,ok,ok,8.56117,1.21158,7.06611,-9.88272,20.9113,1.55737,0.999578,303,240,5,3,0,13.0325,4.32444,7.66381,8.30627,,,,,,,,,,,,,,,,,0,0,0,,0,8.10538,2.33435,1.39115,2.6266,-0.0937218,1.38834,5.22511e+10,,,,,,,,,,,,,,3560.66,3560
GS4_43631,GS,GS4_43631_K.fits,HIGH,0,2.14085,10.24,45.7842,0.231,0.611,0.41329,1,0,4.72256,0.4133,ok,ok,4.43309,0.513641,8.63072,2.22253,11.0062,2.09896,1.00071,360,296,2,1,0,18,6,8.87613,9.40228,,,,,,,,,,,,,,,,,0,0,0,,0,8.29954,1.91719,1.14255,3.01731,0.0465008,1.62002,4.55308e+10,,,,,,,,,,,,,,3701.92,3702
GS4_44133,GS,GS4_44133_K.fits,HIGH,0,2.14049,10.63,32.3594,0.394,0.613,0.47985,1,0,11.6145,0.51472,ok,ok,12.651,0.82975,15.2467,14.1771,8.38759,1.63356,0.999352,320,256,17,6,0,7.62373,2.93128,8.21158,8.99015,,,,,,,,,,,,,,,,,0,0,0,,0,8.29974,3.2701,1.94881,3.01781,-0.401135,0.68504,7.18803e+10,,,,,,,,,,,,,,3857.44,3857
GS4_45068,GS,GS4_45068_K.fits,HIGH,0,2.45255,11.01,358.952,0.137,0.937,0.37574,0,0,8.10969,0.38743,ok,ok,8.50825,0.893591,9.52142,4.1916,20.9231,1.59113,0.998899,388,321,0,0,0,,,8.875,9.51752,,,,,,,,,,,,,,,,,0,0,0,,0,8.1049,1.11037,0.661723,2.62582,0.285171,1.28494,2.33817e+11,,,,,,,,,,,,,,4193.39,4193
GS4_45188,GS,GS4_45188_K.fits,HIGH,0,2.40602,10.81,146.516,0.145,0.931,0.46161,0,0,6.10497,0.51974,ok,ok,6.26905,0.771,8.13107,10.0669,9.39683,1.46881,0.999125,339,272,2,1,0,10,7,10.45,8.92141,,,,,,,,,,,,,,,,,0,0,0,,0,8.13634,1.17977,0.70308,2.67881,0.0594634,1.13223,1.37668e+11,,,,,,,,,,,,,,3759.66,3759
GS4_46432,GS,GS4_46432_K.fits,HIGH,0,2.43526,9.82,118.804,0.301,0.632,0.47985,0,0,18.1648,0.76299,ok,ok,18.0256,1.30738,13.7876,10.9293,8.38553,1.72361,0.999578,332,268,11,5,0,9.78811,10.2555,8.595,9.01506,,,,,,,,,,,,,,,,,0,0,0,,0,8.11666,2.44312,1.45597,2.64531,0.726168,5.71705,4.43791e+10,,,,,,,,,,,,,,4374.1,4373
GS4_46938,GS,GS4_46938_K.fits,HIGH,0,2.33228,10.03,49.9442,0.145,0.532,0.47985,0,0,21.4298,0.78992,ok,ok,19.9053,0.955183,20.8392,11.2986,6.21844,1.53896,0.997767,334,269,29,20,1,9.47136,5.73396,8.70568,9.30042,59.792,288,0.56262,0.13674,0.47985,3,0,0,0.6,0,,,,,,,0,0,0,0,0,8.18469,1.18678,0.707258,2.76644,0.206208,2.48651,3.73586e+10,0,0,0,,,,,,,,,2.61196,2.16131,4208.6,4207
U3_10584,U,U3_10584_K.fits,HIGH,0,2.24554,8.99,10.7152,0.561,0.257,0.42939,0,0,13.9024,0.45397,ok,ok,13.7238,0.71374,19.2281,-21.97,6.00033,1.58654,0.996862,321,256,21,10,1,14.7834,14.0002,8.5,8.5,80.5187,156,0.29753,0.05,0.42939,3,1,0,0.6,0,,,,,,,0,0,0,0,0,8.23887,4.622,2.75447,2.87571,0.35011,6.66806,7.49352e+09,0,0,0,,,,,,,,,0.31071,0.257102,3974.06,3974
U4_04047,U,U4_04047_K.fits,HIGH,0,2.15745,10.2,42.937,0.498,0.277,0.46458,0,2,6.31935,1.56801,ok,ok,4.64164,0.883466,5.25389,-16.755,16.8111,1.39063,0.997088,318,254,0,0,0,,,7.98672,6.73823,,,,,,,,,,,,,,,,,0,0,0,,0,8.29031,4.12857,2.46041,2.9941,0.045463,1.68133,4.24962e+10,,,,,,,,,,,,,,3811.57,3812
U4_05163,U,U4_05163_K.fits,HIGH,0,2.15887,10.1,15.1356,0.338,0.592,0.38246,0,0,8.16089,1.0243,ok,ok,7.61343,0.850132,8.95558,9.77656,9.67734,1.59638,1.00003,321,256,0,0,0,,,9.11531,8.79815,,,,,,,,,,,,,,,,,0,0,0,,0,8.28951,2.80186,1.66976,2.99213,-0.331456,1.1511,2.70807e+10,,,,,,,,,,,,,,3595.61,3596
U4_06828,U,U4_06828_K.fits,HIGH,0,2.39077,10.34,48.1803,0.333,0.614,0.36606,0,2,4.76301,0.87964,ok,ok,6.06192,1.16088,5.22183,-20.8186,30.2086,1.44783,1.00071,304,240,0,0,0,,,8.97891,7.16132,,,,,,,,,,,,,,,,,0,0,0,,0,8.14649,2.71278,1.61668,2.69655,-0.0586574,1.42565,5.30675e+10,,,,,,,,,,,,,,4211.8,4210
U4_06973,U,U4_06973_K.fits,HIGH,0,2.38015,10.73,845.756,0.623,0.343,0.48781,0,2,5.41427,0.72434,ok,ok,4.81251,1.09005,4.41495,38.0694,26.7567,1.41552,1.00003,318,254,0,0,0,,,9.38404,8.57509,,,,,,,,,,,,,,,,,0,0,0,,0,8.15352,5.07964,3.0272,2.70903,0.887577,3.29407,2.30605e+11,,,,,,,,,,,,,,3978.59,3978
U4_09733,U,U4_09733_K.fits,HIGH,0,2.28891,10.27,33.8844,0.482,0.387,0.39189,0,0,12.5381,0.51967,ok,ok,10.361,0.524601,19.7502,13.3864,3.79674,1.2351,0.999804,321,256,18,7,0,10.8129,2.87681,10.0564,7.93765,,,,,,,,,,,,,,,,,0,0,0,,0,8.21217,3.95827,2.35892,2.82021,-0.138137,1.32836,4.33561e+10,,,,,,,,,,,,,,3677.9,3677
U4_09825,U,U4_09825_K.fits,HIGH,0,2.31277,10.48,123.75,0.231,0.512,0.40605,0,0,8.66975,0.34048,ok,ok,8.84357,0.679709,13.0108,-0.716233,12.9143,1.49172,0.999804,339,271,19,9,0,11.3319,14.1249,9.05525,7.9478,,,,,,,,,,,,,,,,,0,0,0,,0,8.19714,1.89354,1.12845,2.79042,0.258548,1.83346,8.55692e+10,,,,,,,,,,,,,,3753.31,3753
U4_09947,U,U4_09947_K.fits,HIGH,0,2.30216,10.64,18.6209,0.23,0.683,0.36606,0,0,5.73525,0.45969,ok,ok,5.44653,0.771469,7.05996,21.8063,16.2624,1.56629,1.00003,304,240,1,1,0,5,2,8.67653,9.17257,,,,,,,,,,,,,,,,,0,0,0,,0,8.20386,1.88689,1.12449,2.8036,-0.684585,0.508153,6.58333e+10,,,,,,,,,,,,,,3952.03,3952
U4_11296,U,U4_11296_K.fits,HIGH,0,2.38837,10.2,28.8403,0.385,0.364,0.39189,0,0,8.70469,0.84203,ok,ok,8.17877,1.07793,7.58749,12.8553,16.7451,1.53235,0.998673,321,256,1,1,0,8,1,9.4941,7.36265,,,,,,,,,,,,,,,,,0,0,0,,0,8.14808,3.13701,1.86949,2.69936,-0.173304,1.38664,3.78256e+10,,,,,,,,,,,,,,3966.11,3966
U4_11582,U,U4_11582_K.fits,HIGH,0,2.18449,10.81,92.124,0.33,0.675,0.38246,0,2,8.08092,0.98084,ok,ok,6.73068,0.777084,8.66145,14.0778,11.8867,1.54679,1.00048,321,256,17,16,1,14.8743,8.20957,9.39321,8.57288,48.8537,108,0.744344,0.731315,0.4,3,1,0.2,0.6,0,68.5792,2.44002,45.5354,0.0355796,51.3953,0.885983,1,0,0,1,0,8.27494,2.73073,1.62737,2.95692,-0.0942935,0.87567,1.21103e+11,1.65499,0.606061,0.522931,18.861,15.6068,17.8091,14.7364,14.4583,27.6664,11.9637,22.893,7.94951,6.57795,3797.42,3796
U4_12708,U,U4_12708_K.fits,HIGH,0,2.48456,10.93,384.987,0.751,0.579,0.37965,0,0,6.91577,0.61309,ok,ok,6.82277,0.921603,7.40316,20.3573,10.4366,1.60681,0.974453,304,240,0,0,0,,,9.89691,8.50885,,,,,,,,,,,,,,,,,0,0,0,,0,8.08291,6.07027,3.61756,2.59037,0.37112,1.53432,2.15705e+11,,,,,,,,,,,,,,4290.23,4290
U4_13704,U,U4_13704_K.fits,HIGH,0,2.22504,10.41,47.5898,0.56,0.788,0.38246,0,0,9.04543,0.75909,ok,ok,8.13472,0.723901,11.2373,20.7496,8.78369,1.57332,1.00071,321,256,1,1,0,7,6,9.01884,7.95562,,,,,,,,,,,,,,,,,0,0,0,,0,8.25118,4.62066,2.75367,2.90257,-0.0846724,1.24044,5.75881e+10,,,,,,,,,,,,,,3759.56,3759
U4_13952,U,U4_13952_K.fits,HIGH,0,2.18195,11.32,172.89,0.405,0.885,0.39189,0,0,11.8514,0.50388,ok,ok,11.9538,0.650926,18.3643,11.5277,5.75771,1.32469,0.999804,321,256,14,9,0,1.99382,5.0326,9.95294,7.33466,,,,,,,,,,,,,,,,,0,0,0,,0,8.2764,3.35194,1.99758,2.96038,-0.209447,0.503982,3.14226e+11,,,,,,,,,,,,,,3695.91,3695
U4_14078,U,U4_14078_K.fits,HIGH,0,2.53986,10.49,65.5451,0.467,0.679,0.42939,0,0,3.72705,1.14141,ok,ok,3.27194,0.910388,3.594,28.9239,12.4373,1.39551,0.999578,321,256,0,0,0,,,9.30575,9.80328,,,,,,,,,,,,,,,,,0,0,0,,0,8.04429,3.75668,2.23879,2.53094,-0.0675298,1.29747,7.09985e+10,,,,,,,,,,,,,,3928.14,3928
U4_14602,U,U4_14602_K.fits,HIGH,0,2.16039,10.34,9.54993,0.141,0.571,0.42939,0,0,13.5635,0.54192,ok,ok,12.1529,0.805189,15.0932,8.72929,7.57206,1.57029,1.00094,321,256,9,4,0,10.545,11.557,8.63062,7.98609,,,,,,,,,,,,,,,,,0,0,0,,0,8.28866,1.1687,0.696484,2.99002,-0.714721,0.5946,3.48861e+10,,,,,,,,,,,,,,3719.38,3718
U4_15075,U,U4_15075_K.fits,HIGH,0,2.31424,10.34,16.2181,0.198,0.696,0.42939,0,0,4.12002,0.46393,ok,ok,4.0654,0.635926,6.39288,2.3884,13.1847,1.53182,0.999125,321,256,0,0,0,,,9.32084,8.34589,,,,,,,,,,,,,,,,,0,0,0,,0,8.19621,1.62285,0.967133,2.7886,-0.516846,0.797092,3.93161e+10,,,,,,,,,,,,,,4113.01,4113
U4_16442,U,U4_16442_K.fits,HIGH,0,2.21777,11.22,168.201,0.508,0.492,0.39189,0,0,9.72974,0.48949,ok,ok,8.07504,1.05812,7.63151,-29.1915,30.6362,1.58423,1.00116,321,256,0,0,0,,,9.27794,8.01019,,,,,,,,,,,,,,,,,0,0,0,,0,8.2555,4.1938,2.49928,2.91219,-0.153874,0.591998,2.64206e+11,,,,,,,,,,,,,,3638.99,3639
U4_18191,U,U4_18191_K.fits,HIGH,0,2.2241,10.25,17.378,0.4,0.339,0.48781,0,0,9.9172,0.73355,ok,ok,8.72403,1.00299,8.69802,-18.8269,17.9379,1.44074,1.00048,319,255,2,1,0,6,16,7.81886,8.03115,,,,,,,,,,,,,,,,,0,0,0,,0,8.25174,3.3007,1.96704,2.90381,-0.399666,0.960482,3.48629e+10,,,,,,,,,,,,,,3718.88,3718
U4_18807,U,U4_18807_K.fits,HIGH,0,2.17996,10.97,95.3359,0.226,0.914,0.38246,0,0,8.28411,0.54069,ok,ok,7.50722,0.570796,13.1522,18.8079,6.26227,1.51896,0.999804,321,256,12,5,0,3.18988,2.28819,9.36023,8.67793,,,,,,,,,,,,,,,,,0,0,0,,0,8.27755,1.87073,1.11485,2.9631,-0.200423,0.675131,1.56332e+11,,,,,,,,,,,,,,3638.14,3638
U4_20547,U,U4_20547_K.fits,HIGH,0,2.18934,10.6,60.8219,0.326,0.614,0.41426,0,0,9.69924,0.39846,ok,ok,9.95864,0.642205,15.507,25.1184,8.57569,1.47558,0.994145,319,255,22,6,0,10.1767,3.48345,10.3663,9.55285,,,,,,,,,,,,,,,,,0,0,0,,0,8.27215,2.69672,1.6071,2.95034,-0.115447,1.01246,8.01176e+10,,,,,,,,,,,,,,3756.56,3756
U4_20682,U,U4_20682_K.fits,HIGH,0,2.2982,10.26,13.8038,0.328,0.443,0.42939,0,0,6.75068,0.44585,ok,ok,6.9169,0.633776,10.9138,16.5197,8.4401,1.48723,0.999352,321,256,6,3,0,9,13.9148,8.08324,8.65031,,,,,,,,,,,,,,,,,0,0,0,,0,8.20635,2.69168,1.6041,2.80855,-0.522306,0.840366,3.34892e+10,,,,,,,,,,,,,,3938.92,3939
U4_20704,U,U4_20704_K.fits,HIGH,0,2.19054,11.46,232.375,0.838,0.45,0.39723,0,0,5.98707,0.43912,ok,ok,5.38157,0.775077,6.94327,-4.94625,34.3014,1.67142,1.00003,349,284,7,7,0,13.9951,9.32059,9.44643,10.3416,,,,,,,,,,,,,,,,,0,0,0,,0,8.27145,6.93148,4.1308,2.94871,-0.190055,0.462403,4.21762e+11,,,,,,,,,,,,,,3274.74,3274
U4_22227,U,U4_22227_K.fits,HIGH,0,2.28899,11.27,225.921,0.3,0.939,0.42939,0,0,8.29173,0.52174,ok,ok,8.43489,0.853481,9.88293,-3.86569,12.3227,1.58005,1.00048,337,272,0,0,0,,,9.1595,8.21007,,,,,,,,,,,,,,,,,0,0,0,,0,8.21212,2.46364,1.4682,2.82011,-0.0808736,0.636321,3.04697e+11,,,,,,,,,,,,,,4148.09,4148
U4_22581,U,U4_22581_K.fits,HIGH,0,2.16643,10.19,15.4882,0.46,0.441,0.43857,0,0,9.37735,0.43957,ok,ok,9.3799,0.961281,9.75771,-0.411266,21.1333,1.52791,0.999352,304,240,0,0,0,,,8.07087,9.15137,,,,,,,,,,,,,,,,,0,0,0,,0,8.28525,3.81122,2.27128,2.98167,-0.391682,0.99746,3.0937e+10,,,,,,,,,,,,,,3628.77,3628
U4_22669,U,U4_22669_K.fits,HIGH,0,2.46649,10.52,14.4544,0.31,0.58,0.42695,0,0,6.51369,0.57767,ok,ok,7.35936,0.994877,7.39726,23.267,15.2515,1.58867,1.00026,339,272,1,1,0,9,16,8.21648,9.78704,,,,,,,,,,,,,,,,,0,0,0,,0,8.09536,2.50956,1.49557,2.61029,-0.734269,0.551586,5.13779e+10,,,,,,,,,,,,,,3823.22,3823
U4_23163,U,U4_23163_K.fits,HIGH,0,2.1507,10.02,19.9526,0.409,0.278,0.42464,0,0,11.5869,0.50191,ok,ok,10.8424,0.691816,15.6723,5.09603,5.65317,1.65492,0.999125,304,240,16,3,0,10.3425,6.62985,7.6614,7.5064,,,,,,,,,,,,,,,,,0,0,0,,0,8.29408,3.39228,2.02162,3.0035,-0.148761,1.52979,2.64901e+10,,,,,,,,,,,,,,3449.57,3449
U4_23956,U,U4_23956_K.fits,HIGH,0,2.21438,10.54,41.1977,0.467,0.357,0.70285,0,2,5.40197,0.86306,ok,ok,4.82496,1.62386,2.97129,-27.9881,75.0237,1.41705,0.989392,289,225,3,3,0,1.37775,5.68698,8.28726,9.47674,,,,,,,,,,,,,,,,,0,0,0,,0,8.25751,3.85626,2.29813,2.9167,-0.244376,0.9159,6.64313e+10,,,,,,,,,,,,,,3913.48,3913
U4_24247,U,U4_24247_K.fits,HIGH,0,2.19054,10.7,72.6751,0.548,0.245,0.39189,0,0,14.2148,0.43816,ok,ok,12.3433,0.546498,22.5862,16.8962,4.851,1.49489,1.00162,321,256,43,19,1,13.0719,14.8592,9.43624,8.43643,81.6959,232,0.137254,0.05,0.4,2,2,0.4,0.4,1,-7.70577,19.1509,-3.89371,,86.0068,-0.0452721,0,0,0,0,0,8.27145,4.53276,2.70128,2.94871,-0.114725,0.93529,9.69942e+10,3.30858,0.729927,1.02069,5.19128,4.29561,4.5696,3.78119,3.93686,7.70014,3.25762,6.3716,5.19128,4.29561,3614.61,3614
U4_24609,U,U4_24609_K.fits,HIGH,0,2.29784,10.24,21.3796,0.429,0.416,0.42464,0,0,10.4891,0.6134,ok,ok,10.1379,0.843805,12.0145,-0.955873,12.9655,1.54503,0.999578,304,240,9,7,0,9.33604,6.47451,7.80781,8.10836,,,,,,,,,,,,,,,,,0,0,0,,0,8.20658,3.52062,2.09811,2.809,-0.316896,1.0972,3.64452e+10,,,,,,,,,,,,,,4019.83,4019
U4_25808,U,U4_25808_K.fits,HIGH,0,2.02802,10.34,41.0705,0.482,0.275,0.37965,0,0,19.6566,0.49217,ok,ok,15.6567,0.86169,18.1698,4.29365,8.81992,1.46769,1.00026,304,240,43,15,1,4.0053,12.1866,8.05055,9.25615,78.8932,234,0.87898,2,0.4,1,0,0,0.2,0,,,,,,,0,0,0,0,0,8.35779,4.02845,2.40075,3.18313,-0.0503924,1.26914,4.96434e+10,0,0,0,,,,,,,,,3.66244,3.03055,3591.36,3591
U4_26012,U,U4_26012_K.fits,HIGH,0,2.31941,11.06,252.835,0.364,0.721,0.44057,0,2,7.46282,0.36062,ok,ok,7.79837,0.955102,8.16496,-45.4295,29.5825,1.54363,0.998899,323,256,2,1,0,13,3,8.88475,9.52369,,,,,,,,,,,,,,,,,0,0,0,,0,8.19292,2.98222,1.77725,2.78222,0.122257,0.9748,2.26737e+11,,,,,,,,,,,,,,3886.53,3886
U4_26264,U,U4_26264_K.fits,HIGH,0,2.17614,9.96,10.9648,0.166,0.559,0.37278,0,0,12.1448,0.71044,ok,ok,10.4099,1.02968,10.1099,13.6574,9.08028,1.50878,1.00048,301,238,35,21,1,11.4888,9.87869,8.91463,7.61885,57.8078,300,0.363581,2,0.4,1,1,0.2,0.2,0,3.31833,4.33903,1.96057,1.30759,1e-10,1.96057e+10,0,0,0,0,0,8.27973,1.37444,0.819091,2.96832,-0.368309,1.23969,2.04262e+10,1.65595,1.20482,0.536509,8.65849,7.16461,6.65363,5.50565,6.26222,13.451,5.18177,11.1303,8.65849,7.16461,3995.43,3995
U4_26663,U,U4_26663_K.fits,HIGH,0,2.46714,10.77,76.897,0.386,0.779,0.40015,0,2,5.03329,0.93893,ok,ok,6.66951,1.28389,5.19477,-28.4089,29.0706,1.59989,1.00048,351,287,0,0,0,,,8.76006,9.85902,,,,,,,,,,,,,,,,,0,0,0,,0,8.09492,3.12464,1.86212,2.60956,-0.201516,0.864059,1.09764e+11,,,,,,,,,,,,,,3497.7,3497
U4_26977,U,U4_26977_K.fits,HIGH,0,2.15595,10.89,89.9575,0.133,0.837,0.40105,0,0,12.7812,0.68975,ok,ok,11.3624,1.22625,9.26595,7.93396,18.3974,1.52965,0.976716,321,256,2,2,0,1.48171,1,6.1269,8.84701,,,,,,,,,,,,,,,,,0,0,0,,0,8.29115,1.10272,0.657165,2.99619,-0.158855,0.750973,1.35919e+11,,,,,,,,,,,,,,3824.03,3823
U4_27046,U,U4_27046_K.fits,HIGH,0,2.53104,10.8,254.738,0.375,0.644,0.40105,0,2,11.7135,0.9019,ok,ok,9.49694,1.49661,6.34561,62.6255,12.8599,1.67143,0.998446,321,256,2,1,0,2,1,9.13457,7.67237,,,,,,,,,,,,,,,,,0,0,0,,0,8.0505,3.01894,1.79913,2.54026,0.283622,1.54822,1.60782e+11,,,,,,,,,,,,,,4244.32,4244
U4_27174,U,U4_27174_K.fits,HIGH,0,2.3181,10.44,20.893,0.417,0.389,0.37278,0,0,2.16092,0.56598,ok,ok,2.28749,0.673845,3.39468,-19.9618,18.209,1.53443,0.998899,301,238,0,0,0,,,7.91618,8.13318,,,,,,,,,,,,,,,,,0,0,0,,0,8.19376,3.4168,2.03623,2.78384,-0.484368,0.766005,4.86398e+10,,,,,,,,,,,,,,4341.6,4341
U4_27569,U,U4_27569_K.fits,HIGH,0,2.15732,10.37,76.2678,0.389,0.912,0.45286,0,2,6.35538,1.59916,ok,ok,4.74313,1.353,3.50564,47.3898,17.7157,1.93502,1.00048,305,240,0,0,0,,,8.37405,8.86688,,,,,,,,,,,,,,,,,0,0,0,,0,8.29038,3.22496,1.92191,2.99428,0.165435,1.69714,6.32271e+10,,,,,,,,,,,,,,3730.68,3730
U4_28473,U,U4_28473_K.fits,HIGH,0,2.52455,11.35,382.082,0.383,0.623,0.42464,0,2,3.89413,0.55479,ok,ok,4.96454,1.95416,2.54049,-25.0376,103.087,1.57546,0.999125,304,240,0,0,0,,,8.12239,7.873,,,,,,,,,,,,,,,,,0,0,0,,0,8.05506,3.08509,1.83855,2.54716,0.0352926,0.732936,3.87956e+11,,,,,,,,,,,,,,4228.74,4228
U4_31872,U,U4_31872_K.fits,HIGH,0,2.15361,10.46,53.6838,0.365,0.541,0.48274,0,0,6.46385,0.64456,ok,ok,6.0232,0.970019,6.20936,-105.551,22.8522,1.63813,1.00094,349,284,1,1,0,7,5,9.34761,10.0343,,,,,,,,,,,,,,,,,0,0,0,,0,8.29246,3.02675,1.80378,2.99944,-0.054817,1.20473,6.35851e+10,,,,,,,,,,,,,,3869.81,3870
U4_32147,U,U4_32147_K.fits,HIGH,0,2.52873,11.15,98.3826,0.562,0.52,0.48274,0,2,10.9163,1.25605,ok,ok,7.56545,2.25168,3.35992,12.9476,85.7698,1.54893,0.998899,321,256,0,0,0,,,8.82473,8.30076,,,,,,,,,,,,,,,,,0,0,0,,0,8.05212,4.52529,2.69684,2.54272,-0.399994,0.506738,2.12832e+11,,,,,,,,,,,,,,4130.07,4129
U4_32351,U,U4_32351_K.fits,HIGH,0,2.17972,11.04,142.268,0.406,0.703,0.40105,0,0,4.82949,0.55051,ok,ok,4.92835,0.765037,6.44198,-3.8589,17.9507,1.48434,0.999352,321,256,1,1,0,9,5,7.33317,9.34925,,,,,,,,,,,,,,,,,0,0,0,,0,8.27768,3.36074,2.00282,2.96343,-0.0799207,0.739123,1.90691e+11,,,,,,,,,,,,,,3489.44,3489
U4_33537,U,U4_33537_K.fits,HIGH,0,2.47947,10.97,86.987,0.439,0.314,0.37965,0,2,2.95813,0.64968,ok,ok,1.2113,0.501354,2.41606,299.324,19.4624,1.4962,1.00071,304,240,0,0,0,,,7.56107,7.77746,,,,,,,,,,,,,,,,,0,0,0,,0,8.08643,3.54994,2.11558,2.59595,-0.304796,0.650334,1.54018e+11,,,,,,,,,,,,,,3622.49,3622
U4_34138,U,U4_34138_K.fits,HIGH,0,2.51841,11.05,233.047,0.716,0.842,0.48274,0,0,15.2721,1.01008,ok,ok,13.8754,1.89784,7.31116,5.42312,23.6865,1.58048,1.00094,336,271,0,0,0,,,8.82237,7.45546,,,,,,,,,,,,,,,,,0,0,0,,0,8.05936,5.7705,3.43892,2.55372,0.0538788,0.953445,2.1918e+11,,,,,,,,,,,,,,4269.09,4269
U4_34216,U,U4_34216_K.fits,HIGH,0,2.185,10.37,53.5837,0.566,0.483,0.39189,0,2,16.5526,1.93986,ok,ok,16.6641,1.24969,13.3346,-8.52102,21.7851,2.04108,0.999125,321,256,11,8,0,2.82742,1.85113,8.4841,8.25521,,,,,,,,,,,,,,,,,0,0,0,,0,8.27465,4.68345,2.79109,2.95623,0.00602804,1.4112,5.65241e+10,,,,,,,,,,,,,,3589.17,3589
U4_34817,U,U4_34817_K.fits,HIGH,0,2.17884,11.2,192.826,0.73,0.687,0.40105,0,0,8.45653,1.17099,ok,ok,8.34216,0.934774,8.92425,-16.7033,21.9695,1.56499,0.99822,321,256,0,0,0,,,9.49007,8.10929,,,,,,,,,,,,,,,,,0,0,0,,0,8.27819,6.04308,3.60136,2.96463,-0.0697171,0.657639,2.62718e+11,,,,,,,,,,,,,,4138.32,4138
U4_36074,U,U4_36074_K.fits,HIGH,0,2.32062,10.18,38.9045,0.27,0.432,0.40105,0,2,12.9149,2.52968,ok,ok,13.5815,0.999891,13.583,31.9605,12.8063,1.51936,0.999125,321,256,11,3,0,15.2934,6.05784,9.14399,7.71044,,,,,,,,,,,,,,,,,0,0,0,,0,8.19215,2.21188,1.31816,2.78073,-0.0152686,1.67566,4.04978e+10,,,,,,,,,,,,,,4370.42,4370
U4_36247,U,U4_36247_K.fits,HIGH,0,2.17905,11.04,253.529,0.362,0.893,0.43857,0,0,10.1472,0.55888,ok,ok,7.68394,0.764282,10.0538,18.4733,10.112,1.50397,1.00048,323,255,5,3,0,4.50052,6.72823,9.8101,8.16135,,,,,,,,,,,,,,,,,0,0,0,,0,8.27807,2.99666,1.78585,2.96434,0.171161,1.00389,2.19722e+11,,,,,,,,,,,,,,4153.65,4152
U4_36568,U,U4_36568_K.fits,HIGH,0,2.17721,11.05,299.453,0.398,0.836,0.41615,0,0,17.8173,0.91806,ok,ok,16.7126,0.690893,24.1899,9.97961,7.38043,1.66681,1.00026,415,347,25,8,0,8.40011,5.23909,9.78858,11.2248,,,,,,,,,,,,,,,,,0,0,0,,0,8.27912,3.29509,1.9637,2.96686,0.236281,1.07749,2.33098e+11,,,,,,,,,,,,,,3813.49,3812
U4_36677,U,U4_36677_K.fits,HIGH,0,2.24889,10.5,47.6805,0.19,0.557,0.43202,0,0,17.5651,0.70111,ok,ok,16.0745,0.865647,18.5693,16.6196,7.43817,1.58767,1.00048,337,272,20,5,0,1.15644,3.77106,8.4518,8.36182,,,,,,,,,,,,,,,,,0,0,0,,0,8.23683,1.565,0.932657,2.87136,-0.157761,1.06368,6.52592e+10,,,,,,,,,,,,,,3476.46,3476
U4_37486,U,U4_37486_K.fits,HIGH,0,2.30026,10.9,61.3103,0.138,0.679,0.43202,0,2,0.29064,0.40528,ok,ok,6.37519,1.97932,3.22089,671.238,138.372,1.50908,1.00026,321,256,0,0,0,,,8.4656,9.84112,,,,,,,,,,,,,,,,,0,0,0,,0,8.20505,1.1323,0.67479,2.80598,-0.366087,0.607495,1.27688e+11,,,,,,,,,,,,,,3972.85,3973
U4_38480,U,U4_38480_K.fits,HIGH,0,2.52958,10.62,32.3594,0.636,0.785,0.43202,0,2,8.0888,1.14349,ok,ok,8.98702,1.99274,4.50988,-11.4495,33.4251,1.58473,1.00071,321,256,0,0,0,,,8.87574,8.77932,,,,,,,,,,,,,,,,,0,0,0,,0,8.05152,5.12077,3.05171,2.54181,-0.472902,0.710768,7.13167e+10,,,,,,,,,,,,,,4381.77,4381
COS4_05473,COS,COS4_05473_K.fits,HIGH,1,2.2472,11.08,62.6932,0.261,0.279,0.45445,0,2,1.29825,0.52089,ok,ok,1.43289,0.487108,2.94162,-40.709,20.9123,1.44541,1.00026,353,288,0,0,0,,,9.92016,9.82708,,,,,,,,,,,,,,,,,0,0,0,,0,8.23786,2.15008,1.28134,2.87355,-0.482389,0.448244,1.74117e+11,,,,,,,,,,,,,,4006.08,2069
COS4_11363,COS,COS4_11363_K.fits,HIGH,1,2.09625,11.28,435.713,0.26,0.791,0.40013,1,2,10.0045,0.31901,ok,ok,21.7395,0.841379,25.838,33.2197,21.1705,1.33324,1.00116,350,286,22,20,1,13.6637,14.7131,11.069,8.797,38.6405,10,0.52242,0.05,0.40013,3,4,0.6,0.8,1,104.544,46.2502,83.7114,0.442398,339.225,0.246773,0,0,0,0,0,8.32355,2.16412,1.2897,3.08113,0.244713,0.877216,3.57696e+11,4.99413,2.30769,1.49951,25.2488,20.8925,19.191,15.8799,19.3494,37.0474,16.011,30.6555,14.3367,11.8632,3588.84,3588
COS4_19499,COS,COS4_19499_K.fits,HIGH,1,2.53037,11.05,0.223872,0.123,0.706,0.39928,0,2,1.493,0.92628,ok,ok,-1.43831,0.627081,-2.29365,388.582,19.3655,1.5299,0.998673,334,271,12,9,0,7.01709,10.9966,9.34181,8.90758,,,,,,,,,,,,,,,,,0,0,0,,0,8.05097,0.990269,0.590148,2.54098,-2.96583,0.0239913,1.14894e+11,,,,,,,,,,,,,,4255.61,4255
COS4_21541,COS,COS4_21541_K.fits,HIGH,1,2.58285,11.08,1.1749,0.087,0.242,0.40207,0,2,1.15165,0.94985,ok,ok,-2.08943,0.904833,-2.30919,546.41,17.3937,1.51487,0.999578,335,270,0,0,0,,,8.86926,10.4481,,,,,,,,,,,,,,,,,0,0,0,,0,8.01376,0.697197,0.415493,2.48627,-2.27883,0.0547925,1.26814e+11,,,,,,,,,,,,,,4441.23,4441
GS4_19348,GS,GS4_19348_K.fits,HIGH,1,2.58466,11.26,805.144,0.38,0.721,0.48494,0,2,2.62934,1.63601,ok,ok,7.99395,3.33185,2.39925,98.2754,36.4794,1.65859,0.999352,334,270,0,0,0,,,9.30075,10.007,,,,,,,,,,,,,,,,,0,0,0,,0,8.01247,3.04474,1.8145,2.48442,0.41714,1.27278,4.13578e+11,,,,,,,,,,,,,,4483.73,4483
GS4_38046,GS,GS4_38046_K.fits,HIGH,1,2.57581,10.26,75.8578,0.122,0.441,0.51355,0,2,3.06712,0.8909,ok,ok,2.88413,1.01318,2.84662,-219.668,14.6747,1.52482,0.999125,318,254,0,0,0,,,8.27155,9.84947,,,,,,,,,,,,,,,,,0,0,0,,0,8.01879,0.978292,0.583011,2.49349,0.168101,2.09864,5.6386e+10,,,,,,,,,,,,,,4480.58,4480
GS4_46072,GS,GS4_46072_K.fits,HIGH,1,2.49713,10.67,63.6551,0.391,0.619,0.47985,0,2,3.63603,1.0486,ok,ok,4.74122,1.66841,2.84177,46.4814,49.6539,1.56584,1.00071,318,254,0,0,0,,,7.93366,8.96823,,,,,,,,,,,,,,,,,0,0,0,,0,8.0742,3.15701,1.88141,2.57666,-0.211908,0.931613,9.03483e+10,,,,,,,,,,,,,,4136.01,4136
U4_35544,U,U4_35544_K.fits,HIGH,1,2.47829,10.16,17.378,0.367,0.88,0.37965,0,2,4.00402,0.72529,ok,ok,5.01638,1.50421,3.33489,14.9425,45.338,1.37637,0.997993,304,240,0,0,0,,,6.73607,8.38732,,,,,,,,,,,,,,,,,0,0,0,,0,8.08724,2.96802,1.76878,2.59725,-0.37832,1.14167,3.09566e+10,,,,,,,,,,,,,,3537.69,3537
COS4_00937,COS,COS4_00937_YJ.fits,LOW,0,0.87761,11.17,14.5874,0.64,0.835,0.59692,0,2,10.9472,1.19143,ok,ok,9.83211,2.09257,4.69859,25.2799,65.4789,2.50156,0.974679,269,209,0,0,0,,,7.32068,6.10152,,,,,,,,,,,,,,,,,0,0,0,,0,7.73389,4.94969,2.94976,6.27117,-0.569302,0.129808,1.67111e+11,,,,,,,,,,,,,,3160.47,3160
COS4_00970,COS,COS4_00970_YJ.fits,LOW,0,0.82056,11.04,0.870964,0.385,0.497,0.65601,0,0,4.38788,0.78744,ok,ok,3.51885,0.936585,3.75711,19.8528,21.1693,2.34548,0.999804,306,240,0,0,0,,,8.55699,8.28507,,,,,,,,,,,,,,,,,0,0,0,,0,7.57245,2.91539,1.73742,6.53868,-1.65774,0.0349776,1.13483e+11,,,,,,,,,,,,,,3430.09,3430
COS4_01351,COS,COS4_01351_YJ.fits,LOW,0,0.85346,10.73,57.395,1.119,0.256,0.65601,0,0,18.1998,1.05804,ok,ok,18.1329,2.28542,7.93416,-11.9981,29.611,2.94678,0.999804,306,240,18,5,0,3.11456,1.41134,8.88617,7.60051,,,,,,,,,,,,,,,,,0,0,0,,0,7.6684,8.58094,5.11379,6.38231,0.342305,0.542763,8.28513e+10,,,,,,,,,,,,,,3604.35,3604
COS4_01670,COS,COS4_01670_YJ.fits,LOW,0,0.92702,10.52,28.7964,0.451,0.861,0.59692,0,2,12.9284,0.93173,ok,ok,13.3327,1.1029,12.0887,11.0413,7.65095,2.37421,0.999578,269,209,37,9,0,14.1763,6.50432,8.53449,7.50876,,,,,,,,,,,,,,,,,0,0,0,,0,7.85576,3.54295,2.11141,6.05296,0.130252,0.55292,5.1422e+10,,,,,,,,,,,,,,3649.26,3649
COS4_02167,COS,COS4_02167_YJ.fits,LOW,0,0.82711,10.58,29.2711,0.972,0.743,0.59692,0,0,49.3083,3.24686,ok,ok,44.2152,1.37681,32.1143,7.26235,1.81477,2.52754,0.998673,269,209,196,196,1,8.15284,7.57007,7.68316,7.32903,43.0858,206,0.066298,0.731315,0.59692,8,8,1.6,1.6,1,43.0128,10.3436,31.4839,0.240476,48.2789,0.652125,0,0,0,1,0,7.59219,7.37961,4.39786,6.50708,0.171657,0.477394,5.6169e+10,12.1475,1.64609,2.68043,0.580932,0.480702,0.432152,0.357592,0.487073,0.76865,0.403037,0.636032,0.580932,0.480702,3734.83,3735
COS4_02418,COS,COS4_02418_YJ.fits,LOW,0,0.77695,10.35,35.035,0.385,0.701,0.65601,0,0,14.0577,1.45806,ok,ok,10.8553,1.16656,9.30541,10.5726,12.4978,2.33943,0.999352,306,240,3,3,0,4.98647,6.6655,8.54594,7.92981,,,,,,,,,,,,,,,,,0,0,0,,0,7.43246,2.8615,1.7053,6.75525,0.443653,0.738159,3.89125e+10,,,,,,,,,,,,,,3312.53,3312
COS4_02567,COS,COS4_02567_YJ.fits,LOW,0,0.92442,10.72,29.5281,0.641,0.474,0.59692,0,2,4.68315,0.85623,ok,ok,7.38491,1.99383,3.70388,22.175,23.4624,2.64596,0.996409,269,209,0,0,0,,,6.89299,8.11512,,,,,,,,,,,,,,,,,0,0,0,,0,7.84974,5.03168,2.99862,6.06414,0.00651993,0.403172,7.36395e+10,,,,,,,,,,,,,,3862.34,3861
COS4_03243,COS,COS4_03243_YJ.fits,LOW,0,0.9252,10.49,39.0872,0.592,0.521,0.59692,0,2,10.5093,0.72476,ok,ok,22.9518,0.818845,28.0295,-372.497,1.71555,2.35157,0.973774,311,249,13,3,0,7.00151,1,6.07464,8.95506,,,,,,,,,,,,,,,,,0,0,0,,0,7.85155,4.64812,2.77003,6.06079,0.284706,0.682193,5.19847e+10,,,,,,,,,,,,,,4139.7,4138
COS4_03493,COS,COS4_03493_YJ.fits,LOW,0,0.67901,10.49,7.75491,0.556,0.422,0.62154,0,0,18.6175,1.08768,ok,ok,14.6842,2.15967,6.79926,75.4063,21.6968,2.42576,1.00048,306,240,5,2,0,16,2.4775,8.63559,8.01874,,,,,,,,,,,,,,,,,0,0,0,,0,7.05806,3.92428,2.33867,7.28368,-0.217943,0.247265,3.85442e+10,,,,,,,,,,,,,,2773.99,2773
COS4_03814,COS,COS4_03814_YJ.fits,LOW,0,0.87926,10.7,40.4714,0.327,0.636,0.62154,0,0,19.3927,1.54164,ok,ok,22.0095,2.47812,8.88153,24.6752,19.7328,3.45571,0.999578,306,240,22,8,0,6.916,3.69805,9.30968,8.65114,,,,,,,,,,,,,,,,,0,0,0,,0,7.73822,2.5304,1.50798,6.26369,0.190772,0.480515,7.42015e+10,,,,,,,,,,,,,,3400.39,3400
COS4_04327,COS,COS4_04327_YJ.fits,LOW,0,0.83839,10.83,41.1146,0.43,0.375,0.59692,0,2,1.91483,0.52261,ok,ok,1.59215,1.83339,0.86842,115.893,67.3579,2.56722,0.999352,269,209,7,7,0,1.40755,4.79422,6.85167,7.39019,,,,,,,,,,,,,,,,,0,0,0,,0,7.62544,3.27894,1.95408,6.45321,0.142232,0.383233,9.3518e+10,,,,,,,,,,,,,,3280.11,3280
COS4_04669,COS,COS4_04669_YJ.fits,LOW,0,1.03168,10.8,50.9648,0.792,0.65,0.59692,0,2,26.2611,5.61275,ok,ok,27.324,1.81528,15.0522,-6.884,13.6264,2.37522,0.999578,269,209,111,88,1,6.17984,8.6138,8.19026,7.58194,50.8599,58,0.40662,0.05,0.59692,0,4,0,0.8,0,,,,,,,0,0,0,0,0,8.06603,6.3883,3.80709,5.6281,0.114208,0.497312,9.4474e+10,0,0,0,,,,,,,,,2.13933,1.77023,4040.78,4040
COS4_04943,COS,COS4_04943_YJ.fits,LOW,0,0.75787,10.66,15.2638,0.833,0.883,0.59692,0,2,29.2896,5.46395,ok,ok,27.3803,2.90926,9.41142,-7.9535,8.86422,2.23686,0.995051,269,209,13,12,1,11.5356,7.31237,6.73014,7.52378,28.6235,134,0.302063,0.0977808,0.59692,2,2,0.4,0.4,0,45.6588,23.6392,47.6554,0.517736,99.513,0.478886,0,0,0,0,0,7.36631,6.13614,3.65682,6.85349,-0.106654,0.284432,5.87099e+10,2.94653,0.480192,0.670107,1.86633,1.54432,1.94632,1.61051,1.65968,2.27962,1.37333,1.88631,1.86633,1.54432,3286.26,3286
COS4_05215,COS,COS4_05215_YJ.fits,LOW,0,0.95264,9.91,10.8074,0.523,0.477,0.63825,0,2,22.2021,0.97249,ok,ok,20.3746,2.09727,9.71483,0.815001,13.9014,2.0371,0.987355,306,240,14,6,0,14.1069,4.61552,7.50481,9.54049,,,,,,,,,,,,,,,,,0,0,0,,0,7.91295,4.13847,2.46631,5.94443,0.10494,0.90825,1.55108e+10,,,,,,,,,,,,,,3805.64,3806
COS4_05296,COS,COS4_05296_YJ.fits,LOW,0,0.92562,10.66,23.3997,0.604,0.572,0.59692,0,2,6.98952,1.379,ok,ok,6.77269,2.07999,3.25612,-43.727,42.3829,2.37345,0.974679,269,209,6,2,0,15,13.5083,6.10315,7.12375,,,,,,,,,,,,,,,,,0,0,0,,0,7.85252,4.74292,2.82653,6.05898,-0.0544332,0.393479,6.36943e+10,,,,,,,,,,,,,,3678.66,3678
COS4_05656,COS,COS4_05656_YJ.fits,LOW,0,0.79798,10.68,124.726,0.309,0.751,0.42309,0,0,29.2835,1.44793,ok,ok,29.2223,0.805885,36.2611,1.87051,2.87064,2.42151,0.994824,282,223,121,112,1,9.22832,6.03696,8.56693,6.64346,42.3702,318,0.591315,0.0699217,0.42309,3,0,0,0.6,0,,,,,,,0,0,0,0,0,7.50186,2.31807,1.38145,6.64946,0.758062,0.859748,8.90131e+10,0,0,0,,,,,,,,,7.33357,6.06828,3370.23,3370
COS4_05888,COS,COS4_05888_YJ.fits,LOW,0,0.96082,10.69,54.8757,0.375,0.458,0.55187,0,2,3.63822,0.70703,ok,ok,4.21844,1.09736,3.84418,70.2755,28.1644,1.83762,0.985091,269,209,21,9,0,10.0049,3.01544,6.34976,7.2566,,,,,,,,,,,,,,,,,0,0,0,,0,7.93039,2.9739,1.77229,5.91042,0.270217,0.599302,7.83304e+10,,,,,,,,,,,,,,3708.24,3708
COS4_05925,COS,COS4_05925_YJ.fits,LOW,0,0.79895,10.63,29.6182,0.587,0.281,0.42309,0,2,9.28313,1.49458,ok,ok,9.67514,1.6494,5.86584,-2.58902,35.6574,3.12089,1.00003,282,223,49,12,1,4.93505,12.9618,8.00845,7.71669,78.3779,28,0.425664,2,0.42309,1,5,0.2,1,0,-0.318412,0.630122,-0.162538,,1e-10,-1.62538e+09,0,0,0,0,0,7.50497,4.40542,2.6254,6.64464,0.166212,0.435389,6.12308e+10,1.50099,0.340716,0.472713,3.70568,3.06632,4.56029,3.77349,3.14366,4.8297,2.60128,3.99641,1.69563,1.40308,3413.46,3413
COS4_06327,COS,COS4_06327_YJ.fits,LOW,0,0.80361,10.48,5.28732,0.311,0.859,0.55187,0,0,10.7301,1.65036,ok,ok,9.02385,1.09521,8.23936,-7.5581,13.2071,2.61759,0.999804,269,209,44,10,1,13.935,8.97769,7.08706,8.00056,31.5023,2,0.166517,2,0.55187,1,1,0.2,0.2,1,-1.03928,4.61535,-0.994467,,1e-10,-9.94467e+09,0,0,0,0,0,7.51983,2.33867,1.39372,6.62157,-0.485788,0.223412,3.69465e+10,1.50397,0.643087,0.362404,7.73422,6.39981,7.13442,5.9035,7.02803,9.1466,5.81546,7.5685,7.73422,6.39981,3125.97,3125
COS4_06487,COS,COS4_06487_YJ.fits,LOW,0,0.906879,10.88,30.9133,0.499,0.57,0.42309,0,2,16.291,2.2075,ok,ok,10.503,1.03003,10.1968,-203.715,7.34364,2.52554,1.00116,282,223,45,16,1,2.29733,11.1319,7.46864,6.99198,56.9913,178,0.526522,2,0.42309,2,0,0,0.4,0,,,,,,,0,0,0,0,0,7.80798,3.89618,2.32192,6.14046,-0.0695001,0.315011,9.97538e+10,0,0,0,,,,,,,,,6.94838,5.74955,3399.32,3398
COS4_06528,COS,COS4_06528_YJ.fits,LOW,0,0.86799,10.31,29.8866,0.5,0.607,0.55187,0,0,30.4743,0.92554,ok,ok,29.9173,1.52627,19.6016,9.03147,5.70919,1.80048,0.928503,269,209,96,29,1,3.94422,3.81554,5.25178,6.91023,54.2025,206,0.225152,0.522953,0.55187,1,2,0.2,0.4,0,31.1089,11.4174,19.1772,0.367014,77.9726,0.245948,0,0,0,0,0,7.70829,3.85415,2.29687,6.31508,0.331342,0.76804,3.60987e+10,1.54166,0.4,0.362404,2.90386,2.40285,3.29899,2.7298,2.27314,4.1653,1.88095,3.44665,2.572,2.12824,3287.48,3287
COS4_07033,COS,COS4_07033_YJ.fits,LOW,0,0.89353,9.52,1.31826,0.284,0.79,0.45713,0,0,6.59187,0.93724,ok,ok,5.87354,1.32783,4.42342,12.3312,20.3025,3.0968,0.998899,289,225,7,6,0,4.07208,12.7922,8.22915,8.0969,,,,,,,,,,,,,,,,,0,0,0,,0,7.77489,2.20807,1.31589,6.19955,-0.506209,0.542562,5.1079e+09,,,,,,,,,,,,,,3711.64,3711
COS4_07201,COS,COS4_07201_YJ.fits,LOW,0,0.79316,9.6,1.94984,0.266,0.731,0.46968,0,0,9.95968,0.71463,ok,ok,10.8961,1.25036,8.71434,32.6772,16.2742,2.63037,1.00003,289,225,10,3,0,10.9991,4.33104,8.30463,7.19777,,,,,,,,,,,,,,,,,0,0,0,,0,7.48627,1.99135,1.18674,6.67348,-0.324045,0.543788,6.14593e+09,,,,,,,,,,,,,,2879.56,2879
COS4_07901,COS,COS4_07901_YJ.fits,LOW,0,0.87844,9.82,8.84377,0.693,0.38,0.62154,0,0,20.0712,0.70525,ok,ok,17.0917,1.47711,11.5711,10.7878,5.91088,2.77167,0.999578,306,240,30,8,0,15.383,13.7194,8.75184,8.73092,,,,,,,,,,,,,,,,,0,0,0,,0,7.73607,5.3611,3.19493,6.26741,0.126691,0.902016,1.25665e+10,,,,,,,,,,,,,,3174.43,3174
COS4_08096,COS,COS4_08096_YJ.fits,LOW,0,0.97911,11.23,26.0805,0.474,0.926,0.59692,0,0,8.92159,0.56274,ok,ok,8.85825,1.21279,7.30401,7.21865,10.6859,2.38748,0.996183,269,209,12,6,0,2.48463,12.3786,7.96804,8.27889,,,,,,,,,,,,,,,,,0,0,0,,0,7.96801,3.77683,2.2508,5.83546,-0.437155,0.167653,1.98296e+11,,,,,,,,,,,,,,3929.79,3929
COS4_08649,COS,COS4_08649_YJ.fits,LOW,0,0.8825,10.26,19.594,0.423,0.347,0.59692,0,0,17.7179,1.06356,ok,ok,17.4103,2.20001,7.91375,20.5825,14.3482,2.29297,0.910395,269,209,57,23,1,8.59987,9.77638,5.48664,6.04041,73.1772,114,0.80847,1.0227,0.59692,1,4,0.2,0.8,0,2.60019,20.2567,1.35822,7.79047,73.762,0.0184136,0,0,0,0,0,7.74667,3.27684,1.95283,6.24904,0.171385,0.672234,3.04297e+10,1.54933,0.472813,0.335053,3.39424,2.80862,3.56462,2.9496,2.712,4.75872,2.24409,3.93768,1.30708,1.08156,3546.3,3546
COS4_08663,COS,COS4_08663_YJ.fits,LOW,0,0.90514,10.16,17.6135,0.431,0.277,0.63825,0,2,3.39876,0.7445,ok,ok,3.12403,1.00327,3.11384,20.2655,17.6915,2.27425,1.00003,306,240,18,9,0,10.6098,3.3871,8.98992,6.97783,,,,,,,,,,,,,,,,,0,0,0,,0,7.80374,3.36341,2.00442,6.14811,0.177234,0.758586,2.54193e+10,,,,,,,,,,,,,,3922.95,3922
COS4_08687,COS,COS4_08687_YJ.fits,LOW,0,0.90535,9.47,19.506,0.159,0.688,0.46968,0,2,5.08362,0.71297,ok,ok,4.30573,0.711734,6.04963,11.2885,9.76206,2.20629,0.985544,289,225,13,5,0,1.60312,9.81293,7.90651,6.38072,,,,,,,,,,,,,,,,,0,0,0,,0,7.80425,1.24088,0.739497,6.14718,0.690734,2.47623,1.02591e+10,,,,,,,,,,,,,,3466.09,3466
COS4_09156,COS,COS4_09156_YJ.fits,LOW,0,0.93836,9.97,13.8286,0.208,0.6,0.63825,0,2,17.9769,1.38842,ok,ok,16.7938,2.30774,7.27713,-3.85782,20.9738,2.43,0.995504,306,240,5,3,0,16,11.9383,10.274,7.29205,,,,,,,,,,,,,,,,,0,0,0,,0,7.88156,1.63936,0.976975,6.00454,0.17988,0.92974,1.80094e+10,,,,,,,,,,,,,,3905.45,3904
COS4_09601,COS,COS4_09601_YJ.fits,LOW,0,0.83429,10.55,23.109,0.259,0.612,0.59692,0,2,6.07135,1.35934,ok,ok,7.2048,2.22477,3.23844,17.3768,44.9279,2.48573,0.980791,269,209,2,1,0,2,7,6.38219,6.6791,,,,,,,,,,,,,,,,,0,0,0,,0,7.61346,1.97189,1.17514,6.47271,0.0834554,0.444152,5.12404e+10,,,,,,,,,,,,,,3662.97,3662
COS4_09835,COS,COS4_09835_YJ.fits,LOW,0,0.89341,10.17,9.79736,1.036,0.558,0.44413,0,0,12.3333,0.69009,ok,ok,11.7579,1.33372,8.81587,12.6774,12.3583,2.37833,1.00003,303,240,7,4,0,7.41808,7,8.29684,9.00659,,,,,,,,,,,,,,,,,0,0,0,,0,7.77459,8.05447,4.80004,6.20008,-0.0762443,0.542943,2.28218e+10,,,,,,,,,,,,,,3506.85,3505
COS4_10393,COS,COS4_10393_YJ.fits,LOW,0,0.95195,10.1,10.5068,0.398,0.527,0.45403,0,2,11.2388,1.09716,ok,ok,10.3933,2.05921,5.04725,6.71476,15.5027,2.95513,1.00071,304,240,3,3,0,3.05619,14,8.96825,8.20739,,,,,,,,,,,,,,,,,0,0,0,,0,7.91146,3.14876,1.8765,5.94731,-0.0371051,0.654653,2.08308e+10,,,,,,,,,,,,,,3715.12,3714
COS4_10613,COS,COS4_10613_YJ.fits,LOW,0,1.00406,9.49,2.34423,0.517,0.426,0.45713,0,2,17.507,1.16029,ok,ok,21.9808,2.71649,8.09161,-29.754,36.7192,2.35197,0.991429,289,225,8,3,0,9.05111,6,6.69635,6.73485,,,,,,,,,,,,,,,,,0,0,0,,0,8.01635,4.14445,2.46988,5.73558,-0.299589,0.832785,5.66385e+09,,,,,,,,,,,,,,4193.34,4193
COS4_10740,COS,COS4_10740_YJ.fits,LOW,0,0.82507,9.31,4.56979,0.229,0.411,0.46968,0,0,10.2513,1.39332,ok,ok,10.1403,2.19467,4.62044,27.2015,23.7698,2.99918,1.00162,289,225,12,9,0,2.65892,3.78209,7.59864,8.45388,,,,,,,,,,,,,,,,,0,0,0,,0,7.58608,1.73721,1.03529,6.5169,0.218353,1.40193,4.90411e+09,,,,,,,,,,,,,,2909.57,2909
COS4_10860,COS,COS4_10860_YJ.fits,LOW,0,0.92715,10.45,74.4975,0.871,0.231,0.59692,0,2,16.2992,1.4472,ok,ok,11.6583,2.69574,4.3247,-216.931,54.8238,2.20083,0.999125,316,254,1,1,0,10,2,6.8977,8.61863,,,,,,,,,,,,,,,,,0,0,0,,0,7.85606,6.84263,4.07785,6.0524,0.590749,1.02637,5.71109e+10,,,,,,,,,,,,,,3906.66,3905
COS4_11456,COS,COS4_11456_YJ.fits,LOW,0,0.95033,10.74,69.5718,0.751,0.39,0.45403,0,2,13.9845,2.62867,ok,ok,14.546,3.06239,4.74988,12.8987,16.6594,2.45621,0.999125,351,286,14,10,1,1.97143,6.90716,8.39209,8.41401,70.0185,64,0.295065,2,0.45403,1,0,0,0.2,0,,,,,,,0,0,0,0,0,7.90795,5.93887,3.53926,5.95409,0.346374,0.622715,8.91748e+10,0,0,0,,,,,,,,,2.8225,2.33552,4254.26,4254
COS4_12470,COS,COS4_12470_YJ.fits,LOW,0,0.94895,10.17,19.3288,0.721,0.932,0.45403,0,2,21.8446,1.33718,ok,ok,20.075,1.43168,14.0219,9.42003,4.04656,2.33019,0.999125,288,225,40,14,1,8.42985,8.28509,8.35185,8.51144,21.7114,118,0.708157,2,0.45403,1,1,0.2,0.2,0,17.192,12.7984,23.2367,0.744437,50.7608,0.457769,0,0,0,0,0,7.90495,5.69947,3.39659,5.95987,0.181603,0.804706,2.66936e+10,1.58099,0.277393,0.4405,0.926811,0.766905,1.27094,1.05166,0.720181,1.34007,0.595926,1.10886,0.926811,0.766905,4209.37,4208
COS4_12633,COS,COS4_12633_YJ.fits,LOW,0,0.89206,10.03,16.2802,1.315,0.133,0.46532,0,0,9.81756,0.94088,ok,ok,10.4891,1.4721,7.12527,-0.238814,19.8934,2.3179,1.00094,332,269,3,2,0,9,4.53631,8.81678,9.26836,,,,,,,,,,,,,,,,,0,0,0,,0,7.77118,10.2191,6.09005,6.20611,0.240252,0.892563,2.02792e+10,,,,,,,,,,,,,,3520.09,3520
COS4_12699,COS,COS4_12699_YJ.fits,LOW,0,1.00334,11.05,38.9173,0.723,0.334,0.44453,0,2,8.43399,1.06448,ok,ok,11.9065,2.51762,4.72927,-28.8495,67.5265,2.4922,0.999804,289,225,0,0,0,,,7.01363,7.6969,,,,,,,,,,,,,,,,,0,0,0,,0,8.015,5.79484,3.45342,5.73842,-0.156705,0.281745,1.43814e+11,,,,,,,,,,,,,,3858.23,3858
COS4_12782,COS,COS4_12782_YJ.fits,LOW,0,0.89268,9.82,13.4586,0.641,0.539,0.44453,0,0,22.8389,1.9319,ok,ok,23.5817,2.02917,11.6214,6.59217,9.40801,2.3167,0.999352,303,240,35,9,0,1.98422,7.00664,9.03176,8.29284,,,,,,,,,,,,,,,,,0,0,0,,0,7.77275,4.98233,2.96921,6.20334,0.299702,1.13774,1.41239e+10,,,,,,,,,,,,,,3843.97,3843
COS4_12883,COS,COS4_12883_YJ.fits,LOW,0,0.8341,10.53,1.7378,0.365,0.706,0.46744,0,2,3.72374,0.91754,ok,ok,9.04009,3.07095,2.94374,-32.6759,114.22,1.74841,0.999125,287,225,9,9,0,7.00589,9.98798,7.93887,7.30667,,,,,,,,,,,,,,,,,0,0,0,,0,7.61291,2.77871,1.65597,6.47362,-1.02674,0.116412,3.7829e+10,,,,,,,,,,,,,,3152.22,3152
COS4_13084,COS,COS4_13084_YJ.fits,LOW,0,0.89285,9.29,1.7378,0.275,0.621,0.46968,0,0,8.53523,1.00113,ok,ok,7.67535,1.70005,4.51477,8.52389,23.1064,2.55694,0.999804,289,225,0,0,0,,,7.79659,8.20345,,,,,,,,,,,,,,,,,0,0,0,,0,7.77318,2.13762,1.27391,6.20258,-0.229681,0.914275,3.73254e+09,,,,,,,,,,,,,,3247.44,3247
COS4_13901,COS,COS4_13901_YJ.fits,LOW,0,0.68378,11.08,5.46197,1.064,0.613,0.41555,0,2,8.47203,0.89745,ok,ok,9.47068,1.16084,8.15847,-7.10538,18.7867,2.8753,0.998446,371,304,0,0,0,,,9.72141,8.69494,,,,,,,,,,,,,,,,,0,0,0,,0,7.07841,7.53142,4.48833,7.2565,-0.758897,0.0801369,1.29861e+11,,,,,,,,,,,,,,2832.1,2832
COS4_14160,COS,COS4_14160_YJ.fits,LOW,0,0.83632,10.52,14.6973,0.308,0.784,0.46926,0,0,9.90164,0.78341,ok,ok,10.0586,1.25261,8.03011,8.37695,10.4522,3.32228,1.00048,320,256,6,3,0,15.5972,7.88221,8.98914,8.4417,,,,,,,,,,,,,,,,,0,0,0,,0,7.61941,2.34678,1.39856,6.46304,-0.0945257,0.367349,4.52772e+10,,,,,,,,,,,,,,3069.73,3069
COS4_14400,COS,COS4_14400_YJ.fits,LOW,0,0.89937,10.3,29.8806,0.374,0.886,0.44817,0,2,34.2979,1.28326,ok,ok,34.4878,0.994759,34.6695,16.7954,3.7063,1.93179,1.00026,304,240,116,67,1,5.46565,7.97273,8.40147,9.03218,28.2453,18,0.36114,2,0.44817,0,4,0,0.8,0,,,,,,,0,0,0,0,0,7.78951,2.91328,1.73616,6.17359,0.315594,0.795618,3.58273e+10,0,0,0,,,,,,,,,1.5945,1.3194,3898.69,3898
COS4_14530,COS,COS4_14530_YJ.fits,LOW,0,0.89286,9.37,4.26579,0.432,0.266,0.40049,0,2,2.88443,0.57442,ok,ok,3.19823,0.910721,3.51175,25.8827,13.6602,3.78048,1.00003,351,286,0,0,0,,,8.63648,8.68594,,,,,,,,,,,,,,,,,0,0,0,,0,7.7732,3.35802,2.00121,6.20254,0.106014,1.29123,5.37116e+09,,,,,,,,,,,,,,3675.58,3675
COS4_15095,COS,COS4_15095_YJ.fits,LOW,0,0.89894,9.59,2.95121,0.279,0.613,0.38607,0,2,3.61892,0.36898,ok,ok,3.25019,0.496577,6.54519,-0.0409191,8.97049,2.80727,1.00026,331,269,15,9,0,4.0235,6.05061,9.41318,8.78272,,,,,,,,,,,,,,,,,0,0,0,,0,7.78844,2.17298,1.29498,6.17549,-0.207092,0.744576,6.78719e+09,,,,,,,,,,,,,,3329.78,3330
COS4_15372,COS,COS4_15372_YJ.fits,LOW,0,0.74901,9.2,0.446684,0.482,0.345,0.39917,0,0,1.64074,0.55321,ok,ok,0.0924534,0.736939,0.125456,583.843,24.8742,3.09416,0.999352,322,256,0,0,0,,,9.07366,8.6471,,,,,,,,,,,,,,,,,0,0,0,,0,7.33453,3.53525,2.10682,6.89986,-0.668054,0.457958,2.31071e+09,,,,,,,,,,,,,,3119.17,3119
COS4_15617,COS,COS4_15617_YJ.fits,LOW,0,0.88338,9.22,3.89045,0.364,0.329,0.45212,0,0,7.57244,0.36968,ok,ok,7.70475,0.819145,9.40583,6.24426,12.2196,2.70902,0.999804,356,285,30,9,0,7.00339,2.99838,11.0277,7.67815,,,,,,,,,,,,,,,,,0,0,0,,0,7.74895,2.82062,1.68094,6.24507,0.173369,1.56005,4.24862e+09,,,,,,,,,,,,,,3047.53,3047
COS4_16172,COS,COS4_16172_YJ.fits,LOW,0,1.03041,10.74,96.1546,0.863,0.656,0.47759,0,2,45.8078,0.83074,ok,ok,49.8105,1.34864,36.9339,34.497,3.94788,2.74834,1.00003,459,382,129,45,1,14.3326,8.41484,13.0861,12.9599,50.383,326,0.797219,2,0.47759,7,2,0.4,1.4,0,-3.3665,11.8351,-2.18512,,66.2611,-0.0329774,0,0,0,0,0,8.06383,6.95909,4.14725,5.63297,0.432355,0.768342,9.71776e+10,3.22553,0.463499,0.837538,2.40486,1.98994,2.5486,2.10888,1.88241,3.44977,1.55763,2.85457,1.15237,0.953549,3432.18,3432
COS4_16227,COS,COS4_16227_YJ.fits,LOW,0,0.79632,9.7,18.589,0.903,0.68,0.3637,0,0,10.1961,0.82941,ok,ok,18.0901,1.51757,11.9204,4.54024,13.2522,2.48574,0.998899,305,240,29,8,0,8.48113,14.1149,7.71376,8.73827,,,,,,,,,,,,,,,,,0,0,0,,0,7.49651,6.76935,4.03418,6.65771,0.586309,1.53167,1.26884e+10,,,,,,,,,,,,,,3605.78,3605
COS4_16864,COS,COS4_16864_YJ.fits,LOW,0,0.90083,10.1,6.46583,0.383,0.775,0.49001,0,2,3.22162,1.49006,ok,ok,4.66924,1.31403,3.55338,11.3655,28.4703,2.34603,1.00003,335,271,6,6,0,12.913,16.437,8.99839,9.82718,,,,,,,,,,,,,,,,,0,0,0,,0,7.79313,2.98477,1.77877,6.16713,-0.214264,0.490683,1.87666e+10,,,,,,,,,,,,,,3345.24,3345
COS4_16986,COS,COS4_16986_YJ.fits,LOW,0,0.90567,9.12,9.33254,0.094,0.56,0.3637,0,2,20.8328,0.77527,ok,ok,18.0757,0.966019,18.7115,8.49168,4.31633,2.46629,1.00003,304,240,51,15,1,13.2127,14.0588,8.72399,9.03879,57.7338,302,0.571039,0.373956,0.4,3,3,0.6,0.6,1,6.74881,12.5046,3.99066,1.85286,69.8857,0.0571026,0,0,0,0,0,7.80503,0.733673,0.437231,6.14578,0.608446,2.97084,5.23459e+09,4.68302,6.38298,1.64971,0.372954,0.308607,0.355346,0.294037,0.233439,0.651985,0.193163,0.539495,0.372954,0.308607,4092.11,4093
COS4_17395,COS,COS4_17395_YJ.fits,LOW,0,1.03111,9.49,2.34423,0.212,0.46,0.83022,0,0,6.40585,0.88547,ok,ok,8.72909,1.58782,5.49753,18.4424,20.0577,3.14354,1.00071,314,254,7,4,0,10,13.265,7.35613,8.40956,,,,,,,,,,,,,,,,,0,0,0,,0,8.06505,1.70979,1.01895,5.63029,-0.314055,0.846913,5.70751e+09,,,,,,,,,,,,,,3846.71,3846
COS4_17628,COS,COS4_17628_YJ.fits,LOW,0,0.90736,10.77,52.45,0.543,0.848,0.47058,0,2,30.2254,1.52104,ok,ok,32.9569,1.40554,23.4478,9.82435,4.57438,2.07197,1.00094,285,224,113,102,1,8.5225,8.34258,8.43166,8.37141,32.7466,192,0.29559,0.05,0.47058,0,0,0,0,0,,,,,,,0,0,0,0,0,7.80915,4.24037,2.52704,6.13835,0.234578,0.499215,8.82803e+10,0,0,0,,,,,,,,,,,4078.88,4078
COS4_17657,COS,COS4_17657_YJ.fits,LOW,0,0.89962,10.31,31.8499,0.485,0.875,0.41555,0,2,28.8775,0.52973,ok,ok,25.41,0.687667,36.951,9.51978,1.79621,3.02289,1.00071,371,305,132,85,1,13.3931,9.95941,10.1175,10.5861,29.6108,16,0.0976615,0.05,0.41555,3,0,0,0.6,0,,,,,,,0,0,0,0,0,7.79013,3.77821,2.25162,6.17248,0.336342,0.809765,3.69507e+10,0,0,0,,,,,,,,,2.022,1.67313,3398.42,3398
COS4_18417,COS,COS4_18417_YJ.fits,LOW,0,0.93707,9.81,35.2647,0.682,0.247,0.83022,0,2,15.7745,0.92465,ok,ok,11.2534,2.26981,4.95787,2.87951,24.4258,2.95891,1.00048,314,254,0,0,0,,,7.86817,8.83355,,,,,,,,,,,,,,,,,0,0,0,,0,7.87866,5.37325,3.20217,6.01002,0.69666,1.9837,1.92644e+10,,,,,,,,,,,,,,3682.08,3681
COS4_18644,COS,COS4_18644_YJ.fits,LOW,0,0.95322,9.85,2.29087,0.735,0.472,0.47759,0,2,12.4407,0.6615,ok,ok,11.973,1.02122,11.7242,4.65275,8.14483,2.49608,0.99822,414,346,6,2,0,16,4.51163,11.7049,8.09206,,,,,,,,,,,,,,,,,0,0,0,,0,7.9142,5.81693,3.46659,5.94201,-0.52801,0.440643,1.0199e+10,,,,,,,,,,,,,,3843.12,3843
COS4_19016,COS,COS4_19016_YJ.fits,LOW,0,0.88869,9.78,0.30903,0.169,0.616,0.81126,0,2,5.4478,1.34402,ok,ok,4.31286,1.00122,4.30761,39.1771,14.1039,1.58546,1.00184,314,254,17,8,0,9.12583,14.8825,8.00698,7.06015,,,,,,,,,,,,,,,,,0,0,0,,0,7.76261,1.31188,0.781812,6.22119,-1.30956,0.163903,7.01321e+09,,,,,,,,,,,,,,3950.9,3950
COS4_19066,COS,COS4_19066_YJ.fits,LOW,0,0.92675,10.32,14.4644,0.584,0.521,0.41241,0,2,11.1484,1.02246,ok,ok,12.3314,1.88788,6.53188,-22.5117,20.8832,3.48776,0.999125,353,287,7,4,0,5.22912,13.5348,9.4686,8.53548,,,,,,,,,,,,,,,,,0,0,0,,0,7.85514,4.5874,2.73385,6.05412,-0.0320757,0.532676,3.20221e+10,,,,,,,,,,,,,,3417.96,3417
COS4_19648,COS,COS4_19648_YJ.fits,LOW,0,0.88931,10.63,43.4366,0.568,0.822,0.7262,0,0,55.8769,1.89998,ok,ok,52.7209,1.27943,41.2067,8.48396,2.26563,2.09927,0.999804,314,254,137,96,1,9.16318,9.16576,7.48728,9.96415,35.5372,42,0.082686,0.522953,0.7262,9,0,0,1.8,0,,,,,,,0,0,0,0,0,7.76419,4.41006,2.62816,6.21841,0.261316,0.562406,6.6649e+10,0,0,0,,,,,,,,,0.604394,0.500116,4023.74,4023
COS4_19667,COS,COS4_19667_YJ.fits,LOW,0,0.89123,10.16,16.485,0.377,0.4,0.39797,0,0,15.7224,0.71143,ok,ok,16.0155,1.57585,10.1631,12.4736,14.2369,3.54745,1.00116,384,316,17,7,0,14.0736,14.2512,9.24246,9.76309,,,,,,,,,,,,,,,,,0,0,0,,0,7.76907,2.92894,1.7455,6.20982,0.158031,0.726161,2.49506e+10,,,,,,,,,,,,,,3940.02,3939
COS4_19780,COS,COS4_19780_YJ.fits,LOW,0,0.88928,9.28,69.1024,0.408,0.248,0.33167,0,0,61.9956,2.85746,ok,ok,64.4601,1.7141,37.6058,14.766,2.55911,1.72334,0.998899,301,238,109,63,1,4.84822,6.96023,8.82898,9.16087,81.3924,200,0.0689938,0.05,0.4,5,3,0.4,1,0,42.2987,13.178,21.3903,0.311546,56.1544,0.380919,0,0,0,0,0,7.76411,3.16776,1.88782,6.21854,1.37871,6.5275,1.43434e+10,3.10565,0.980392,1.20602,1.34849,1.11583,1.08404,0.897006,0.763817,2.51784,0.632033,2.08343,0.422887,0.349925,3407.86,3407
COS4_20122,COS,COS4_20122_YJ.fits,LOW,0,0.95325,9.91,3.38844,0.783,0.613,0.83022,1,2,13.1745,0.78016,ok,ok,11.1316,1.58933,7.00399,2.19094,12.0507,2.41369,0.997993,314,254,1,1,0,14,12,9.05299,10.2186,,,,,,,,,,,,,,,,,0,0,0,,0,7.91426,6.19687,3.69301,5.94188,-0.399159,0.491355,1.21222e+10,,,,,,,,,,,,,,3612.5,3612
COS4_20347,COS,COS4_20347_YJ.fits,LOW,0,0.93884,10.3,57.6951,0.313,0.733,0.7262,0,2,25.7491,1.56763,ok,ok,27.709,2.19859,12.6031,0.081331,10.9974,2.45103,0.999804,314,254,13,5,0,2.67864,2.55887,9.01395,9.0216,,,,,,,,,,,,,,,,,0,0,0,,0,7.88263,2.46726,1.47036,6.00251,0.574236,1.15388,4.29756e+10,,,,,,,,,,,,,,4075.83,4075
COS4_20531,COS,COS4_20531_YJ.fits,LOW,0,0.89313,9.88,11.4482,0.237,0.894,0.4771,0,0,15.7105,0.65431,ok,ok,15.9371,1.39203,11.4488,11.5826,8.40236,3.34708,1.00026,334,270,40,9,0,16.0437,14.9835,9.75994,8.6026,,,,,,,,,,,,,,,,,0,0,0,,0,7.77388,1.84241,1.09798,6.20133,0.188419,0.946996,1.47695e+10,,,,,,,,,,,,,,3724.41,3724
COS4_20612,COS,COS4_20612_YJ.fits,LOW,0,0.90029,11.15,17.3035,0.66,0.461,0.46364,0,2,6.27717,0.66939,ok,ok,7.06058,1.30493,5.41071,-26.1225,48.0966,3.14893,0.998899,349,285,0,0,0,,,8.32725,8.64934,,,,,,,,,,,,,,,,,0,0,0,,0,7.79179,5.14258,3.06471,6.16952,-0.499959,0.148437,1.62221e+11,,,,,,,,,,,,,,3424.01,3424
COS4_20618,COS,COS4_20618_YJ.fits,LOW,0,0.90165,10.46,28.441,0.556,0.723,0.78356,0,2,31.1736,1.68258,ok,ok,31.616,1.53003,20.6636,10.4851,5.15371,3.28844,0.998899,318,255,123,85,1,12.0384,8.55463,8.68308,7.74432,44.8371,232,0.0240889,0.13674,0.78356,5,4,0.8,1,0,6.14104,23.6775,4.35476,3.85562,91.5056,0.0475902,0,0,0,0,0,7.79516,4.33411,2.5829,6.1635,0.183792,0.59743,4.60704e+10,6.23613,1.43885,1.02098,1.63391,1.35201,1.22549,1.01405,1.32837,2.24498,1.09918,1.85765,1.21986,1.00939,3658.46,3657
COS4_20839,COS,COS4_20839_YJ.fits,LOW,0,0.89133,11.12,15.3429,0.679,0.745,0.77656,0,2,9.96292,0.73458,ok,ok,11.2821,1.76869,6.37878,16.1656,42.2474,3.0298,1.00026,335,270,1,1,0,14,13,8.62374,9.40631,,,,,,,,,,,,,,,,,0,0,0,,0,7.76933,5.27537,3.14385,6.20937,-0.524633,0.145641,1.51025e+11,,,,,,,,,,,,,,3619.71,3619
COS4_20910,COS,COS4_20910_YJ.fits,LOW,0,0.88989,10.95,16.1399,0.73,0.747,0.47058,0,0,7.28808,1.03251,ok,ok,15.8365,3.66362,4.32264,-304.493,85.0496,2.07725,0.983733,285,224,0,0,0,,,7.95562,9.68361,,,,,,,,,,,,,,,,,0,0,0,,0,7.76567,5.66894,3.37839,6.21581,-0.386156,0.19736,1.06715e+11,,,,,,,,,,,,,,4027.49,4027
COS4_21030,COS,COS4_21030_YJ.fits,LOW,0,0.89219,10.74,0.0912011,0.501,0.696,0.4619,1,2,2.94233,0.65384,ok,ok,4.90304,1.59521,3.0736,18.8706,86.5876,2.68734,1.00162,337,271,1,1,0,17,12,9.67048,7.4135,,,,,,,,,,,,,,,,,0,0,0,,0,7.77151,3.89352,2.32034,6.20553,-2.49334,0.0179232,5.5939e+10,,,,,,,,,,,,,,3850.69,3851
COS4_21786,COS,COS4_21786_YJ.fits,LOW,0,0.90452,9.53,5.59613,0.445,0.487,0.41012,0,2,13.9497,0.48137,ok,ok,12.1688,0.929302,13.0946,10.3679,5.06021,2.90218,1.00003,370,303,33,6,0,1.50503,3.01301,9.75323,9.461,,,,,,,,,,,,,,,,,0,0,0,,0,7.80222,3.47199,2.06912,6.15084,0.108148,1.15744,7.31038e+09,,,,,,,,,,,,,,3227.1,3227
COS4_21904,COS,COS4_21904_YJ.fits,LOW,0,0.91423,10.32,9.80536,1.075,0.536,0.39886,0,2,12.3415,0.5991,ok,ok,13.1679,1.42165,9.2624,7.17355,13.8316,2.82292,0.999804,385,318,0,0,0,,,9.99216,9.80604,,,,,,,,,,,,,,,,,0,0,0,,0,7.82572,8.41264,5.0135,6.1083,-0.1923,0.430353,2.98843e+10,,,,,,,,,,,,,,3879.25,3879
COS4_22100,COS,COS4_22100_YJ.fits,LOW,0,0.89271,10.71,26.4374,1.036,0.609,0.78356,0,2,15.5359,4.40073,ok,ok,18.6387,1.31159,14.2107,-41.7158,10.4901,2.34364,1.00026,305,240,52,14,1,4.23849,2.11498,7.85987,8.41686,54.0496,260,0.0557272,0.05,0.78356,1,6,0.2,1.2,1,52.4229,18.3528,32.3788,0.350091,90.1545,0.359148,0,0,0,0,0,7.77282,8.05264,4.79895,6.2032,-0.0111575,0.380019,7.07759e+10,1.55456,0.19305,0.255245,1.09917,0.909525,1.84923,1.53017,0.947828,1.40185,0.784296,1.15998,0.905394,0.749183,3951.59,3951
COS4_22119,COS,COS4_22119_YJ.fits,LOW,0,0.89207,10.2,2.29087,0.335,0.839,0.7262,0,2,12.0919,0.95568,ok,ok,4.87531,0.678716,7.18314,-88.1297,6.46254,2.34939,0.999578,314,254,18,14,1,12.4153,14.5918,9.06581,7.54447,33.7349,206,0.252614,0.267411,0.7262,2,2,0.4,0.4,1,4.90564,5.92691,4.41669,1.20818,1e-10,4.41669e+10,0,0,0,0,0,7.7712,2.60335,1.55146,6.20606,-0.726785,0.23912,1.96387e+10,3.10848,1.19403,0.550812,2.33952,1.93587,1.8007,1.49002,2.11378,2.79099,1.74909,2.30945,2.33952,1.93587,3913.85,3914
COS4_22205,COS,COS4_22205_YJ.fits,LOW,0,0.90018,10.79,10.4745,0.329,0.896,0.4619,0,2,5.14056,0.39418,ok,ok,5.97548,1.01235,5.90257,-0.982682,20.9108,3.14095,1.00003,332,268,2,1,0,2,14,9.48393,8.97038,,,,,,,,,,,,,,,,,0,0,0,,0,7.79152,2.56341,1.52766,6.17,-0.473223,0.204948,7.42965e+10,,,,,,,,,,,,,,3514.32,3514
COS4_22414,COS,COS4_22414_YJ.fits,LOW,0,0.88999,9.84,12.167,0.63,0.197,0.71767,0,0,6.54265,0.73259,ok,ok,5.59853,1.20464,4.64746,3.87685,20.4623,2.29766,1.00048,304,240,10,9,0,7.00614,2.99049,8.00488,7.42956,,,,,,,,,,,,,,,,,0,0,0,,0,7.76592,4.89253,2.91569,6.21536,0.244072,1.04194,1.41268e+10,,,,,,,,,,,,,,3722.7,3722
COS4_22437,COS,COS4_22437_YJ.fits,LOW,0,0.88964,10.72,19.0664,0.75,0.6,0.71767,0,0,13.9305,0.77541,ok,ok,6.60134,0.719158,9.17927,18.6582,0.476393,2.26223,0.992108,301,239,24,9,0,9.06394,11.0065,6.58345,8.41141,,,,,,,,,,,,,,,,,0,0,0,,0,7.76503,5.82377,3.47066,6.21693,-0.157569,0.313871,6.89529e+10,,,,,,,,,,,,,,3390.32,3390
COS4_22929,COS,COS4_22929_YJ.fits,LOW,0,0.89672,10.52,28.5839,0.628,0.904,0.72993,0,2,16.964,0.69531,ok,ok,14.8695,0.632083,23.5247,13.2148,2.15844,2.45408,0.999352,329,268,88,54,1,8.89779,9.93466,9.53666,9.25855,25.8711,182,0.293019,0.05,0.72993,3,4,0.6,0.8,0,39.8467,11.2643,45.6593,0.282691,22.7758,2.00472,0,0,0,0,0,7.78291,4.88766,2.91279,6.18535,0.148769,0.541517,5.10444e+10,4.66974,0.955414,0.821997,2.05044,1.69667,1.65956,1.37323,1.69029,2.77073,1.39866,2.29269,1.62216,1.34228,3509.84,3509
COS4_23070,COS,COS4_23070_YJ.fits,LOW,0,0.83691,9.43,30.434,0.265,0.672,0.4619,0,0,112.239,1.67286,ok,ok,91.0616,1.47723,61.6437,12.1556,1.37766,2.96237,1.00048,355,287,180,176,1,9.90921,9.86473,9.96884,8.59324,49.0972,296,0.0373336,0.05,0.4619,10,8,1.4,2,0,27.0715,13.8742,17.9087,0.512502,57.9597,0.308985,0,0,0,0,0,7.62113,2.0196,1.20358,6.46024,0.953653,3.18064,1.12523e+10,10.6696,5.28302,3.03096,0.158713,0.13133,0.146986,0.121626,0.0983385,0.279462,0.0813718,0.231246,0.0744877,0.061636,3550.98,3551
COS4_23139,COS,COS4_23139_YJ.fits,LOW,0,0.89285,9.57,9.50544,0.654,0.591,0.53834,0,0,5.44004,0.71792,ok,ok,5.0658,1.39318,3.63613,18.0064,18.0204,3.92595,1.00094,402,335,25,24,1,13.7345,9.14675,10.3661,8.56759,55.4171,10,0.230326,0.05,0.53834,2,2,0.4,0.4,0,286.489,6.01115,173.987,0.0209822,1e-10,1.73987e+12,0,0,0,1,0,7.77318,5.08366,3.02959,6.20258,0.318246,1.4239,9.00563e+09,3.10927,0.611621,0.743025,0.403883,0.334199,0.379968,0.314411,0.285254,0.64114,0.236038,0.530522,0.403883,0.334199,3929.41,3929
COS4_23890,COS,COS4_23890_YJ.fits,LOW,0,0.8521,10.83,25.2182,1.01,0.79,0.71767,0,0,25.0761,1.13762,ok,ok,30.4277,1.34362,22.6461,6.19178,6.27506,2.35277,0.999125,317,254,63,26,1,9.01685,7.3909,8.52795,9.05593,38.7372,352,0.0987768,2,0.71767,0,2,0,0.4,0,,,,,,,0,0,0,0,0,7.66459,7.74124,4.61337,6.38866,-0.0811675,0.298033,8.77578e+10,0,0,0,,,,,,,,,1.74871,1.447,3245.93,3245
COS4_24021,COS,COS4_24021_YJ.fits,LOW,0,0.89209,10.29,1.25893,0.608,0.52,0.71767,0,2,3.67846,1.58753,ok,ok,5.91569,1.39506,4.24047,60.1649,21.5273,2.35133,0.98577,331,268,7,4,0,10.4722,1.53557,10.6406,9.77956,,,,,,,,,,,,,,,,,0,0,0,,0,7.77125,4.72492,2.81581,6.20597,-1.04788,0.150297,2.2429e+10,,,,,,,,,,,,,,3738.09,3737
COS4_24164,COS,COS4_24164_YJ.fits,LOW,0,0.83119,9.34,1.90546,0.488,0.282,0.79932,0,0,9.72192,3.92152,ok,ok,9.94653,2.37183,4.1936,5.50386,24.3423,2.64878,1.00094,301,239,10,4,0,6.24129,13.7596,8.25178,9.03007,,,,,,,,,,,,,,,,,0,0,0,,0,7.60433,3.71091,2.21151,6.48751,-0.185582,0.843977,4.03418e+09,,,,,,,,,,,,,,3097.86,3097
COS4_24973,COS,COS4_24973_YJ.fits,LOW,0,0.89892,9.72,3.46307,0.368,0.805,0.79932,0,2,3.58638,0.77976,ok,ok,3.51003,0.790851,4.4383,8.95233,11.409,3.07725,0.99822,301,239,0,0,0,,,9.09997,8.36814,,,,,,,,,,,,,,,,,0,0,0,,0,7.78839,2.86613,1.70806,6.17558,-0.225945,0.655246,8.68686e+09,,,,,,,,,,,,,,3284.45,3284
COS4_25353,COS,COS4_25353_YJ.fits,LOW,0,0.89718,10.75,52.4576,0.687,0.911,0.72993,0,2,20.6336,0.6885,ok,ok,18.5183,0.576981,32.0952,11.5117,1.89174,1.95224,0.992561,301,239,128,72,1,11.4603,5.51016,10.4499,8.22278,24.8921,36,0.0569012,0.05,0.72993,0,1,0,0.2,0,,,,,,,0,0,0,0,0,7.78406,5.34765,3.18692,6.1833,0.255898,0.513075,8.50865e+10,0,0,0,,,,,,,,,3.39369,2.80817,3416.73,3416
COS4_25855,COS,COS4_25855_YJ.fits,LOW,0,1.02807,10.07,14.4376,0.411,0.621,0.71767,0,0,13.3953,3.99307,ok,ok,17.4218,1.62794,10.7018,141.13,10.1172,2.48859,0.999578,317,254,37,15,1,11.6648,16.0377,7.93542,8.49437,53.1276,12,0.644227,2,0.71767,2,2,0.4,0.4,1,471.511,8.63573,294.704,0.018315,1e-10,2.94704e+12,1,1,1,1,1,8.05976,3.31256,1.97411,5.64197,0.0749259,0.849842,2.17337e+10,3.2239,0.973236,0.557359,1.87777,1.55379,1.51239,1.25145,1.44643,2.74044,1.19687,2.26762,1.87777,1.55379,3509.36,3508
COS4_26507,COS,COS4_26507_YJ.fits,LOW,0,0.83685,9.4,1.23027,0.506,0.609,0.81484,0,0,5.46888,1.4945,ok,ok,16.8454,4.23482,3.97783,-321.279,77.4271,1.87684,0.892965,301,239,7,4,0,11.3127,2.73848,9.61037,4.74272,,,,,,,,,,,,,,,,,0,0,0,,0,7.62096,3.8562,2.29809,6.46052,-0.419506,0.609816,4.04368e+09,,,,,,,,,,,,,,3708.95,3708
COS4_27785,COS,COS4_27785_YJ.fits,LOW,0,0.8962,10.75,36.6137,0.625,0.619,0.79932,0,0,24.8147,0.91841,ok,ok,24.42,1.82078,13.4119,9.99165,14.4931,2.6243,1.00071,301,239,47,1,0,11,11,8.56814,8.34913,,,,,,,,,,,,,,,,,0,0,0,,0,7.7816,4.8635,2.89839,6.18766,0.100473,0.423824,8.00675e+10,,,,,,,,,,,,,,2956.45,2956
GS4_00984,GS,GS4_00984_YJ.fits,LOW,0,0.73229,9.48,2.95192,0.607,0.768,0.43656,0,0,13.1344,0.82664,ok,ok,11.5391,1.38766,8.31553,12.4372,9.17285,3.7146,0.999578,304,240,22,9,0,2.55029,12.1374,8.11004,8.65141,,,,,,,,,,,,,,,,,0,0,0,,0,7.27267,4.41451,2.63082,6.98867,-0.020739,0.782058,5.38173e+09,,,,,,,,,,,,,,3490.78,3489
GS4_01323,GS,GS4_01323_YJ.fits,LOW,0,1.01539,10.46,11.9013,0.39,0.503,0.43656,0,2,5.9592,1.11588,ok,ok,9.3205,1.99553,4.67069,31.2961,30.4775,3.82373,0.999125,304,240,10,6,0,14.5284,5.00826,8.63674,8.09296,,,,,,,,,,,,,,,,,0,0,0,,0,8.0372,3.13451,1.868,5.6911,-0.271376,0.400232,4.03831e+10,,,,,,,,,,,,,,3443.23,3442
GS4_03186,GS,GS4_03186_YJ.fits,LOW,0,0.82327,10.03,12.4094,0.521,0.396,0.53086,0,2,10.4724,1.45317,ok,ok,9.4232,1.99669,4.7194,24.0114,22.8127,3.16759,1.00162,315,254,1,1,0,7,2,9.18487,8.12835,,,,,,,,,,,,,,,,,0,0,0,,0,7.58066,3.94952,2.35371,6.52558,0.170719,0.738317,1.86264e+10,,,,,,,,,,,,,,3575.7,3575
GS4_03228,GS,GS4_03228_YJ.fits,LOW,0,0.822499,9.51,9.77624,0.877,0.173,0.43656,0,2,12.8605,1.20421,ok,ok,7.97512,1.7898,4.45587,219.647,23.8815,3.48238,1.00094,304,240,0,0,0,,,8.55784,8.19428,,,,,,,,,,,,,,,,,0,0,0,,0,7.57833,6.64619,3.96078,6.5293,0.416228,1.51297,8.13182e+09,,,,,,,,,,,,,,3475.57,3475
GS4_03943,GS,GS4_03943_YJ.fits,LOW,0,0.9766,10.09,17.1238,0.174,0.867,0.44123,0,0,31.986,0.56231,ok,ok,30.0751,1.19474,25.173,9.60681,3.0475,2.72137,0.997541,350,283,104,58,1,13.8293,10.9935,10.5267,10.1267,30.5695,302,0.701986,0.05,0.44123,4,4,0.8,0.8,0,49.12,5.04311,48.291,0.102669,48.4326,0.997078,1,0,0,1,0,7.96296,1.38555,0.825718,5.84566,0.166326,0.874588,2.30625e+10,6.37036,4.5977,1.81311,0.937044,0.775372,0.842984,0.697541,0.718455,1.37422,0.594498,1.13712,0.937044,0.775372,3902.38,3902
GS4_05141,GS,GS4_05141_YJ.fits,LOW,0,1.01639,10.18,10.4568,0.483,0.459,0.55327,0,0,5.53583,1.17137,ok,ok,5.87489,1.12043,5.24342,-3.73678,17.3674,2.77496,1.00071,391,327,14,4,0,3.99817,17.4991,10.7836,9.12128,,,,,,,,,,,,,,,,,0,0,0,,0,8.03901,3.88284,2.31397,5.6872,-0.134407,0.593553,2.41194e+10,,,,,,,,,,,,,,3933.97,2069
GS4_05881,GS,GS4_05881_YJ.fits,LOW,0,0.99027,9.78,18.8098,0.831,0.355,0.48125,0,0,20.972,0.65191,ok,ok,21.4486,0.945341,22.6887,12.5205,5.66768,3.51896,1.00116,350,285,63,29,1,10.2638,5.28549,11.3454,8.17773,72.5815,308,0.0417911,2,0.48125,3,3,0.6,0.6,0,143.711,19.7894,75.3086,0.137703,113.671,0.662516,0,0,0,1,0,7.99004,6.63973,3.95693,5.79045,0.412393,1.54375,1.53276e+10,4.79403,0.722022,1.24675,0.383862,0.317633,0.339198,0.280675,0.267383,0.61682,0.221251,0.510398,0.383862,0.317633,3735.95,3736
GS4_06209,GS,GS4_06209_YJ.fits,LOW,0,1.01607,10.25,0.269153,0.205,0.893,0.55327,0,2,3.80531,0.64083,ok,ok,5.40996,1.41216,3.83099,-20.5816,27.4641,4.39176,1.00094,352,287,0,0,0,,,9.0223,8.65981,,,,,,,,,,,,,,,,,0,0,0,,0,8.03843,1.64788,0.982049,5.68845,-1.77206,0.0760022,1.91343e+10,,,,,,,,,,,,,,3148.94,2069
GS4_07134,GS,GS4_07134_YJ.fits,LOW,0,0.78207,9.46,2.65479,0.445,0.865,0.42938,0,0,4.56409,0.55486,ok,ok,3.54797,1.04964,3.38018,26.0422,21.6201,3.01409,0.981017,304,240,1,1,0,12,3,9.74715,8.65686,,,,,,,,,,,,,,,,,0,0,0,,0,7.44969,3.31511,1.97563,6.72926,-0.0890864,0.796167,5.1802e+09,,,,,,,,,,,,,,3323.49,3323
GS4_07912,GS,GS4_07912_YJ.fits,LOW,0,0.98145,9.79,13.0588,0.675,0.259,0.56589,0,0,11.6897,1.05899,ok,ok,11.719,1.4597,8.02832,13.1285,11.2071,1.65902,0.999804,297,239,9,6,0,10.0116,8.49675,9.64829,8.93733,,,,,,,,,,,,,,,,,0,0,0,,0,7.97268,5.38156,3.20713,5.82597,0.252177,1.24482,1.38414e+10,,,,,,,,,,,,,,3380.13,3380
GS4_09989,GS,GS4_09989_YJ.fits,LOW,0,0.83193,9.65,12.6042,0.3,0.605,0.55327,0,0,33.8041,0.87035,ok,ok,27.9159,1.41936,19.6679,9.08994,4.00072,3.64212,0.999352,368,302,66,15,1,4.34366,14.0183,10.9007,7.41188,54.3551,356,0.734993,2,0.55327,1,1,0.2,0.2,0,0.700683,10.661,0.431113,15.2152,52.9089,0.00814821,0,0,0,0,0,7.60651,2.28195,1.35993,6.48398,0.426321,1.38881,1.06704e+10,1.5213,0.666667,0.361487,2.32262,1.92189,2.11326,1.74865,1.64746,3.67295,1.36322,3.03925,2.32262,1.92189,3556.86,2069
GS4_10394,GS,GS4_10394_YJ.fits,LOW,0,0.90482,9.45,3.0903,0.164,0.934,0.38925,0,2,4.97842,1.24348,ok,ok,4.38575,1.63355,2.6848,32.2494,19.7497,4.21725,1.00048,348,285,15,5,0,2.37927,14.4236,11.5477,7.43797,,,,,,,,,,,,,,,,,0,0,0,,0,7.80295,1.27968,0.762625,6.14952,-0.0955132,0.96327,5.53325e+09,,,,,,,,,,,,,,3318.02,3317
GS4_10566,GS,GS4_10566_YJ.fits,LOW,0,0.99645,9.9,6.84956,0.197,0.653,0.44123,0,0,8.15683,0.35295,ok,ok,7.79791,0.620639,12.5643,13.0289,6.00909,2.8513,0.997993,334,270,18,7,0,9.58394,3.43243,9.04643,8.69601,,,,,,,,,,,,,,,,,0,0,0,,0,8.00196,1.57639,0.939443,5.76576,-0.112717,0.744357,1.38559e+10,,,,,,,,,,,,,,3820.09,3820
GS4_11184,GS,GS4_11184_YJ.fits,LOW,0,0.73621,9.44,0.794328,0.819,0.372,0.39998,0,2,2.28255,0.449,ok,ok,3.03247,0.973792,3.11408,-1.54573,31.7723,2.70347,0.999352,438,371,29,9,0,1.99713,16.0156,12.2675,10.51,,,,,,,,,,,,,,,,,0,0,0,,0,7.2874,5.96838,3.55684,6.96769,-0.567367,0.417367,3.90375e+09,,,,,,,,,,,,,,2904.98,2904
GS4_12401,GS,GS4_12401_YJ.fits,LOW,0,1.00183,10.83,54.5994,0.465,0.942,0.47594,0,0,21.299,1.49283,ok,ok,22.3681,1.46811,15.236,10.9511,5.93666,2.66562,1.00048,362,298,26,12,1,13.4917,5.51448,11.3435,9.03825,20.0313,156,0.163591,2,0.47594,1,0,0,0.2,0,,,,,,,0,0,0,0,0,8.01216,3.72565,2.22029,5.74439,0.143345,0.48421,1.00345e+11,0,0,0,,,,,,,,,8.66511,7.17009,3903.7,3902
GS4_12912,GS,GS4_12912_YJ.fits,LOW,0,0.90417,9.84,4.66308,0.341,0.585,0.4318,0,2,6.39672,0.86406,ok,ok,6.04197,1.71717,3.51855,22.395,25.8458,3.47929,0.98577,304,240,1,1,0,1,2,9.61835,7.40755,,,,,,,,,,,,,,,,,0,0,0,,0,7.80136,2.66026,1.58538,6.15238,-0.181665,0.632674,1.12953e+10,,,,,,,,,,,,,,3743.47,3743
GS4_13063,GS,GS4_13063_YJ.fits,LOW,0,1.01616,10.55,2.67396,0.138,0.378,0.55327,0,0,4.67825,0.54183,ok,ok,5.88393,1.16357,5.05679,-6.92793,24.5096,3.42464,1.00003,382,316,18,9,0,1.98746,9.01734,10.6425,7.66272,,,,,,,,,,,,,,,,,0,0,0,,0,8.0386,1.10933,0.6611,5.6881,-0.982594,0.15642,4.10313e+10,,,,,,,,,,,,,,3785.4,2069
GS4_13126,GS,GS4_13126_YJ.fits,LOW,0,0.98991,9.7,34.9921,0.268,0.302,0.46189,0,0,14.1264,0.53523,ok,ok,14.3055,1.5753,9.08112,-10.4611,20.2881,3.68903,1.00048,379,314,13,7,0,6.64688,11.3946,11.2802,8.00936,,,,,,,,,,,,,,,,,0,0,0,,0,7.98934,2.14114,1.27601,5.79189,0.737342,2.44677,1.72748e+10,,,,,,,,,,,,,,3916.57,3916
GS4_13143,GS,GS4_13143_YJ.fits,LOW,0,0.76014,9.82,4.52081,0.695,0.32,0.4318,0,0,11.5275,0.57397,ok,ok,9.58787,1.14212,8.39477,3.39278,12.049,3.03051,0.992787,304,240,18,6,0,6.0153,1.51318,9.35421,7.52385,,,,,,,,,,,,,,,,,0,0,0,,0,7.37435,5.12517,3.05433,6.84169,-0.0809031,0.579842,1.04379e+10,,,,,,,,,,,,,,3243.56,3243
GS4_13920,GS,GS4_13920_YJ.fits,LOW,0,1.01472,10.95,19.8394,0.961,0.657,0.60688,0,0,5.33005,0.47262,ok,ok,7.36118,1.34202,5.48515,44.5027,19.6292,2.80783,1.00071,380,315,4,4,0,17.2469,9.72364,10.9636,10.0145,,,,,,,,,,,,,,,,,0,0,0,,0,8.03599,7.72258,4.60226,5.69372,-0.388079,0.233661,1.0995e+11,,,,,,,,,,,,,,3927.89,3927
GS4_16640,GS,GS4_16640_YJ.fits,LOW,0,1.03562,9.63,0.776247,0.208,0.869,0.47431,0,0,4.97152,0.3028,window-out,window-out,,,,,,,,,,,,0,,,11.299,10.6034,,,,,,,,,,,,,,,,,0,0,0,,0,8.07281,1.67914,1.00068,5.61303,-0.893595,0.37509,5.86585e+09,,,,,,,,,,,,,,,3697
GS4_17069,GS,GS4_17069_YJ.fits,LOW,0,0.979,10.2,42.0619,0.24,0.72,0.50922,0,0,41.4451,1.20257,ok,ok,39.2821,1.77541,22.1256,9.39997,3.83169,2.03663,0.999578,297,239,73,52,1,12.4799,5.69101,8.91158,8.96312,45.0955,58,0.469808,0.05,0.50922,5,4,0.8,1,0,42.5058,8.40721,30.0062,0.19779,68.9248,0.435347,0,0,0,1,0,7.96779,1.91227,1.13961,5.8359,0.479415,1.1766,3.44968e+10,6.37423,3.33333,1.57103,1.49312,1.2355,1.23329,1.0205,1.08955,2.30025,0.901567,1.90338,0.91483,0.756991,3704.47,3703
GS4_17347,GS,GS4_17347_YJ.fits,LOW,0,0.78303,9.93,3.13876,0.247,0.453,0.4318,0,0,2.91829,0.39058,ok,ok,6.41795,1.83648,3.49469,-127.464,62.412,3.07181,0.97898,304,240,0,0,0,,,9.85431,7.39141,,,,,,,,,,,,,,,,,0,0,0,,0,7.45289,1.84086,1.09706,6.7244,-0.32965,0.407097,1.19763e+10,,,,,,,,,,,,,,3332.8,3333
GS4_18006,GS,GS4_18006_YJ.fits,LOW,0,1.01521,10.41,8.22569,0.066,0.924,0.47594,0,2,7.85975,0.87161,ok,ok,9.43445,1.69609,5.56248,23.2911,30.4716,2.09389,1.00003,316,254,19,9,0,8.98621,1.99313,8.01063,7.9108,,,,,,,,,,,,,,,,,0,0,0,,0,8.03688,0.530434,0.316111,5.6918,-0.397083,0.357345,3.48891e+10,,,,,,,,,,,,,,3267.74,3268
GS4_18642,GS,GS4_18642_YJ.fits,LOW,0,0.84274,10.34,0.0363078,0.163,0.693,0.4769,0,0,4.86112,0.65301,ok,ok,4.56851,1.51607,3.01339,62.4425,59.2941,2.41407,1.00003,333,269,0,0,0,,,8.31449,7.63891,,,,,,,,,,,,,,,,,0,0,0,,0,7.63801,1.245,0.741952,6.43262,-2.58566,0.0205171,2.23265e+10,,,,,,,,,,,,,,3187.16,3187
GS4_19137,GS,GS4_19137_YJ.fits,LOW,0,1.03704,10.74,63.6663,0.485,0.436,0.69073,0,0,8.42933,0.46245,ok,ok,8.59729,1.14496,7.50879,9.8173,21.0422,2.78636,1.00139,365,300,6,2,0,1,2.51238,11.2735,8.42019,,,,,,,,,,,,,,,,,0,0,0,,0,8.07523,3.91649,2.33402,5.60761,0.248986,0.619404,8.89929e+10,,,,,,,,,,,,,,3266.57,3266
GS4_19676,GS,GS4_19676_YJ.fits,LOW,0,1.00394,9.26,2.18776,0.268,0.422,0.48131,1,0,8.32221,0.4027,ok,ok,6.70275,0.775877,8.63894,-16.1495,4.59662,3.41746,0.998446,400,333,4,3,0,11,6.902,11.0967,8.69382,,,,,,,,,,,,,,,,,0,0,0,,0,8.01612,2.14832,1.28029,5.73605,-0.170626,1.17305,3.9543e+09,,,,,,,,,,,,,,3963.28,3963
GS4_20297,GS,GS4_20297_YJ.fits,LOW,0,1.01619,9.56,0.954993,0.725,0.586,0.58143,0,0,2.95698,0.90634,ok,ok,3.96079,1.00619,3.93643,8.30551,24.1504,2.54995,1.00026,403,335,3,2,0,16.4831,13,11.4176,11.7064,,,,,,,,,,,,,,,,,0,0,0,,0,8.03865,5.82802,3.47319,5.68798,-0.744576,0.464472,5.31718e+09,,,,,,,,,,,,,,3588.39,2069
GS4_24294,GS,GS4_24294_YJ.fits,LOW,0,0.99862,9.53,2.94729,0.297,0.865,0.36199,0,0,5.22477,0.33754,ok,ok,5.50202,0.627309,8.77083,16.5592,8.20647,2.01932,1.00094,348,285,31,15,1,11.6019,11.8237,10.5842,9.2308,30.8051,296,0.859861,0.05,0.4,1,2,0.2,0.4,0,28.47,4.69641,27.7963,0.16496,1e-10,2.77963e+11,1,1,1,1,1,8.00609,2.37781,1.41705,5.75713,-0.224818,0.877194,6.36076e+09,1.60122,0.673401,0.552501,1.27134,1.05199,1.15238,0.953554,0.974296,1.86542,0.806197,1.54357,0.80655,0.667393,3821.67,3821
GS4_29730,GS,GS4_29730_YJ.fits,LOW,0,0.99654,10.43,21.1089,0.703,0.404,0.9255,0,0,10.3206,0.70777,ok,ok,10.7133,0.997785,10.7371,7.8834,7.27673,2.25915,0.999578,294,236,20,5,0,7.57626,8.66931,8.95509,8.88591,,,,,,,,,,,,,,,,,0,0,0,,0,8.00213,5.6255,3.3525,5.7654,0.0102793,0.564313,4.2104e+10,,,,,,,,,,,,,,3776.39,3776
GS4_29973,GS,GS4_29973_YJ.fits,LOW,0,1.02131,9.59,5.12462,0.406,0.663,0.36199,0,0,7.96844,0.50565,ok,ok,8.04652,0.785788,10.2401,21.7151,10.4476,2.32136,0.998673,348,285,32,15,1,12.3415,10.8542,10.9121,8.07384,49.8231,128,0.0924124,0.05,0.4,3,0,0,0.6,0,,,,,,,0,0,0,0,0,8.04784,3.26742,1.94721,5.66808,-0.0384641,1.08026,8.09316e+09,0,0,0,,,,,,,,,0.489434,0.40499,3760.75,3760
GS4_30144,GS,GS4_30144_YJ.fits,LOW,0,1.01634,10.64,14.161,0.231,0.602,0.32243,0,2,0.16417,0.55703,ok,ok,1.98833,1.45647,1.36517,23.8183,23.5806,2.43582,0.999125,343,282,0,0,0,,,7.85328,7.47926,,,,,,,,,,,,,,,,,0,0,0,,0,8.03891,1.85699,1.10667,5.68741,-0.321059,0.326215,5.78914e+10,,,,,,,,,,,,,,3248.59,3249
GS4_30997,GS,GS4_30997_YJ.fits,LOW,0,0.95504,11.13,13.6229,1.146,0.744,0.32243,0,2,8.88493,0.7543,ok,ok,8.69531,1.37191,6.33809,7.37889,7.8676,2.90292,0.998673,343,282,7,7,0,1.4758,9.91042,8.3189,9.26181,,,,,,,,,,,,,,,,,0,0,0,,0,7.91811,9.07415,5.40772,5.93442,-0.632559,0.138598,1.53593e+11,,,,,,,,,,,,,,3624.97,3624
GS4_31342,GS,GS4_31342_YJ.fits,LOW,0,0.89392,9.8,8.29685,0.185,0.576,0.42268,0,0,11.7329,0.61121,ok,ok,3.87985,0.454146,8.54319,113.324,1.21602,1.86688,1.00003,311,252,14,5,0,7.40279,9.47228,7.02072,9.20604,,,,,,,,,,,,,,,,,0,0,0,,0,7.77588,1.43854,0.857293,6.19781,0.102384,0.910441,1.20541e+10,,,,,,,,,,,,,,3977.22,3977
GS4_32663,GS,GS4_32663_YJ.fits,LOW,0,0.97531,10.82,4.19886,0.302,0.488,0.32005,0,2,1.88417,0.24572,ok,ok,2.92257,1.72816,1.69114,24.5767,114.616,3.50334,0.999125,343,282,0,0,0,,,7.88209,9.28776,,,,,,,,,,,,,,,,,0,0,0,,0,7.96035,2.40402,1.43267,5.85091,-0.945488,0.124823,7.43163e+10,,,,,,,,,,,,,,4163.69,4163
GS4_32976,GS,GS4_32976_YJ.fits,LOW,0,0.83115,10.37,21.8841,0.676,0.372,0.41072,0,2,8.32668,1.1263,ok,ok,13.1954,2.37628,5.55296,34.4973,46.4179,2.90034,1.00003,311,252,10,6,0,5.85714,14.5293,8.00403,9.40791,,,,,,,,,,,,,,,,,0,0,0,,0,7.60421,5.14045,3.06344,6.48771,0.183113,0.577047,3.69696e+10,,,,,,,,,,,,,,3724.25,3723
GS4_33103,GS,GS4_33103_YJ.fits,LOW,0,0.95353,10.95,19.8286,3.916,0.8,0.32243,0,2,25.3788,0.79955,ok,ok,25.085,1.52256,16.4755,6.73963,7.52276,2.28213,1.00071,343,282,40,18,1,7.1407,6.48814,7.25642,7.96596,37.7612,202,0.0637268,2,0.4,1,1,0.2,0.2,0,-0.0788247,5.90568,-0.0643601,,1e-10,-6.43601e+08,0,0,0,0,0,7.91486,30.9946,18.4712,5.94071,-0.345004,0.227125,1.09368e+11,1.58297,0.0510725,0.62029,0.0566799,0.0469007,0.225466,0.186565,0.0514346,0.0671706,0.0425604,0.0555814,0.0566799,0.0469007,3618.27,3618
GS4_33234,GS,GS4_33234_YJ.fits,LOW,0,1.03943,10.15,23.9511,0.289,0.516,0.40174,0,0,17.2831,0.75497,window-out,window-out,,,,,,,,,,,,0,,,8.79404,8.11287,,,,,,,,,,,,,,,,,0,0,0,,0,8.07928,2.33491,1.39149,5.59851,0.232575,0.979646,2.79632e+10,,,,,,,,,,,,,,,3269
GS4_34627,GS,GS4_34627_YJ.fits,LOW,0,0.97879,9.76,5.78657,0.387,0.498,0.43041,0,2,6.81776,0.43368,ok,ok,6.04297,1.17276,5.15278,-3.05119,25.6809,2.57658,1.00048,329,268,2,2,0,17,13.4841,9.23572,9.06509,,,,,,,,,,,,,,,,,0,0,0,,0,7.96736,3.08337,1.83753,5.83676,-0.0790927,0.8482,1.06353e+10,,,,,,,,,,,,,,3413.6,3414
GS4_34846,GS,GS4_34846_YJ.fits,LOW,0,0.83181,10.07,21.0827,0.998,0.586,0.31711,0,0,41.2048,2.1203,ok,ok,37.5825,1.89845,19.7964,-3.97359,4.8278,2.36187,1.00094,342,282,51,19,1,4.63545,12.1461,9.42234,10.053,55.7939,284,0.662972,2,0.4,1,1,0.2,0.2,0,12.4604,10.423,7.53333,0.836486,44.5763,0.168999,0,0,0,0,0,7.60616,7.59095,4.52381,6.48455,0.367826,0.921636,2.25773e+10,1.52123,0.200401,0.630696,0.400068,0.331043,0.658552,0.54493,0.30413,0.591945,0.251657,0.489814,0.400068,0.331043,3619.46,3619
GS4_35045,GS,GS4_35045_YJ.fits,LOW,0,1.01836,10.51,10.2742,0.948,0.265,0.40168,0,2,7.61875,0.73458,ok,ok,8.59569,1.75657,4.89345,0.961281,99.0142,2.37245,1.00071,342,282,0,0,0,,,8.83279,9.60565,,,,,,,,,,,,,,,,,0,0,0,,0,8.04256,7.62435,4.54371,5.67953,-0.37172,0.341409,4.34071e+10,,,,,,,,,,,,,,3486.18,3486
GS4_35620,GS,GS4_35620_YJ.fits,LOW,0,1.01629,10.79,22.786,0.509,0.367,0.32005,0,2,5.10853,0.79383,ok,ok,5.39264,1.50144,3.59165,16.9098,28.7746,3.04761,0.999125,343,282,9,7,0,14.2744,7.12828,8.33677,8.50359,,,,,,,,,,,,,,,,,0,0,0,,0,8.03883,4.09176,2.43848,5.68759,-0.218273,0.327684,8.18643e+10,,,,,,,,,,,,,,3935.29,3935
GS4_36094,GS,GS4_36094_YJ.fits,LOW,0,0.89283,10.55,44.5492,0.253,0.739,0.32005,0,0,17.8855,0.88428,ok,ok,17.1248,1.3784,12.4237,16.4058,6.84286,2.71243,1.00003,343,282,29,9,0,12.9689,14.0682,8.76074,7.71801,,,,,,,,,,,,,,,,,0,0,0,,0,7.77312,1.9666,1.17199,6.20267,0.323971,0.650878,5.85754e+10,,,,,,,,,,,,,,3930.06,3929
GS4_36854,GS,GS4_36854_YJ.fits,LOW,0,0.89871,10.2,3.51056,0.117,0.659,0.32243,1,2,0.72862,0.22752,ok,ok,-2.37745,0.754143,-3.15252,-215.025,29.111,2.83431,1.00094,343,282,0,0,0,,,7.6258,8.6545,,,,,,,,,,,,,,,,,0,0,0,,0,7.78787,0.911181,0.543016,6.17651,-0.546013,0.301048,2.06202e+10,,,,,,,,,,,,,,3300.27,3300
GS4_37613,GS,GS4_37613_YJ.fits,LOW,0,1.01687,10.44,17.7542,0.389,0.677,0.44607,0,0,3.01235,0.92401,ok,ok,-3.43171,0.627399,-5.46973,447.215,14.1939,2.57142,1.00048,358,296,0,0,0,,,8.00731,9.43889,,,,,,,,,,,,,,,,,0,0,0,,0,8.03988,3.12751,1.86383,5.68533,-0.0847636,0.511725,4.16364e+10,,,,,,,,,,,,,,4093.36,4093
GS4_39654,GS,GS4_39654_YJ.fits,LOW,0,1.02356,10.64,24.4509,0.315,0.538,0.32005,0,2,6.5185,0.59695,ok,ok,9.09133,1.27364,7.13806,-30.7787,36.0015,2.57212,1.00003,343,282,4,1,0,3,15,8.6099,8.08393,,,,,,,,,,,,,,,,,0,0,0,,0,8.05183,2.53633,1.51152,5.65937,-0.0885505,0.437242,6.27379e+10,,,,,,,,,,,,,,4103.39,4104
GS4_41708,GS,GS4_41708_YJ.fits,LOW,0,1.02158,10.12,9.2841,0.352,0.509,0.3348,0,2,4.65961,0.56913,ok,ok,6.29779,1.32687,4.74635,28.9988,33.2442,2.12379,1.00071,324,266,6,6,0,13.0298,7.51287,8.6229,7.66604,,,,,,,,,,,,,,,,,0,0,0,,0,8.04832,2.83301,1.68832,5.66703,-0.147641,0.617041,2.13168e+10,,,,,,,,,,,,,,2936.36,2936
GS4_43891,GS,GS4_43891_YJ.fits,LOW,0,1.01817,10.31,34.1233,0.79,0.774,0.31711,0,0,27.3842,0.69132,ok,ok,31.6179,1.68198,18.798,0.685667,8.39358,2.52886,1.00162,342,282,42,22,1,9.36903,15.7492,7.93934,8.60029,40.2589,308,0.0147994,0.13674,0.4,0,2,0,0.4,0,,,,,,,0,0,0,0,0,8.04222,6.35335,3.78626,5.68027,0.288167,0.897242,3.87367e+10,0,0,0,,,,,,,,,1.14465,0.947156,2973.33,2973
U4_06203,U,U4_06203_YJ.fits,LOW,0,0.80251,10.59,11.7382,0.62,0.803,0.46086,0,0,18.1475,0.51546,ok,ok,16.5445,0.758753,21.8048,10.2479,4.78342,2.07562,0.999804,287,225,88,56,1,10.6055,11.0665,9.01458,6.97759,37.4644,340,0.190301,0.191222,0.46086,0,1,0,0.2,0,,,,,,,0,0,0,0,0,7.51634,4.66013,2.77719,6.627,-0.211981,0.285069,4.9995e+10,0,0,0,,,,,,,,,2.68008,2.21767,2935.77,2936
U4_06288,U,U4_06288_YJ.fits,LOW,0,0.89541,10.12,7.08934,0.502,0.779,0.43543,0,0,6.79888,0.54898,ok,ok,6.5503,0.972173,6.73779,11.4072,17.7295,2.3631,0.998446,289,225,5,2,0,9.47229,13,8.15936,7.90528,,,,,,,,,,,,,,,,,0,0,0,,0,7.77962,3.90537,2.3274,6.19117,-0.184178,0.496958,1.97338e+10,,,,,,,,,,,,,,3215.83,3215
U4_07799,U,U4_07799_YJ.fits,LOW,0,0.80905,10.2,5.83411,0.701,0.592,0.43543,0,0,12.5691,1.03865,ok,ok,13.182,1.10672,11.9109,6.14822,9.46907,2.22959,0.972189,289,225,45,22,1,10.7783,7.42528,7.87522,6.03197,55.3416,48,0.271876,2,0.43543,2,0,0,0.4,0,,,,,,,0,0,0,0,0,7.53696,5.28341,3.14864,6.59479,-0.260227,0.37194,2.17438e+10,0,0,0,,,,,,,,,0.915208,0.757304,3587.79,3587
U4_09272,U,U4_09272_YJ.fits,LOW,0,0.81618,9.31,0.851138,0.458,0.72,0.42321,1,0,5.23238,0.38483,ok,ok,4.02737,0.530749,7.58808,10.3107,6.98408,2.20783,0.999352,346,282,1,1,0,3,11,10.9094,7.35857,,,,,,,,,,,,,,,,,0,0,0,,0,7.55907,3.46205,2.0632,6.55994,-0.50583,0.571178,3.20793e+09,,,,,,,,,,,,,,3341.23,3341
U4_10255,U,U4_10255_YJ.fits,LOW,0,0.64571,10.42,10.8117,0.37,0.357,0.43682,0,0,4.29714,0.82429,ok,ok,-6.95573,2.76615,-2.51459,-700,,1.99678,0.996862,301,239,6,6,0,12.6405,5.2935,9.23732,9.79603,,,,,,,,,,,,,,,,,0,0,0,,0,6.90943,2.55649,1.52353,7.47779,0.00328142,0.321545,3.47602e+10,,,,,,,,,,,,,,3335.58,3335
U4_11462,U,U4_11462_YJ.fits,LOW,0,0.82397,10.59,1.65959,0.368,0.838,0.49458,0,0,7.6606,0.66085,ok,ok,5.99213,1.23482,4.85265,2.20308,18.2296,2.9229,1.00026,335,271,1,1,0,11,1,9.02171,9.97455,,,,,,,,,,,,,,,,,0,0,0,,0,7.58277,2.79046,1.66297,6.5222,-1.07898,0.10242,4.28891e+10,,,,,,,,,,,,,,3437.45,3437
U4_11918,U,U4_11918_YJ.fits,LOW,0,1.02998,9.9,26.9463,0.99,0.412,0.43543,1,2,6.46856,1.27263,ok,ok,-4.86977,1.04295,-4.66924,518.699,23.6515,2.0307,0.921033,289,225,3,2,0,8.50003,7,10.9741,9.11848,,,,,,,,,,,,,,,,,0,0,0,,0,8.06309,7.98246,4.75713,5.63462,0.462705,1.56821,2.04e+10,,,,,,,,,,,,,,3831.34,3832
U4_11992,U,U4_11992_YJ.fits,LOW,0,0.926962,10.73,11.5411,0.283,0.636,0.43262,0,2,10.0386,0.60168,ok,ok,-1.65017,1.09981,-1.50041,-445.521,56.3915,2.8589,1.00116,334,268,8,8,0,10.0123,9.127,8.97616,9.15297,,,,,,,,,,,,,,,,,0,0,0,,0,7.85563,2.22314,1.32488,6.05321,-0.410146,0.241388,6.66665e+10,,,,,,,,,,,,,,3512.57,3512
U4_12280,U,U4_12280_YJ.fits,LOW,0,0.78672,10.77,29.9017,0.317,0.601,0.49458,0,0,9.71603,0.64094,ok,ok,8.84216,1.15819,7.63444,28.3779,26.1286,2.72078,1.00003,319,256,17,9,0,11.0663,7.99059,9.48506,8.96141,,,,,,,,,,,,,,,,,0,0,0,,0,7.46515,2.36645,1.41028,6.70578,0.0873715,0.346238,7.92723e+10,,,,,,,,,,,,,,3217.54,3217
U4_12626,U,U4_12626_YJ.fits,LOW,0,0.852,10.38,9.51726,0.465,0.43,0.79972,0,0,9.6117,1.41577,ok,ok,12.4444,2.15608,5.77178,-61.6451,44.5872,2.43987,0.990297,254,196,5,3,0,14,12.9805,8.45647,7.09524,,,,,,,,,,,,,,,,,0,0,0,,0,7.66431,3.5639,2.1239,6.38912,-0.201042,0.369968,3.28633e+10,,,,,,,,,,,,,,3129.88,3129
U4_12959,U,U4_12959_YJ.fits,LOW,0,1.03619,9.78,7.45568,0.463,0.596,0.42321,0,0,6.85947,0.47017,ok,ok,7.33897,0.66112,11.1008,8.27207,7.62607,1.83981,0.970378,318,255,10,3,0,10.3293,11.3545,11.0681,7.98773,,,,,,,,,,,,,,,,,0,0,0,,0,8.07378,3.73816,2.22775,5.61085,-0.0155324,0.971222,1.18778e+10,,,,,,,,,,,,,,3043.34,3043
U4_13849,U,U4_13849_YJ.fits,LOW,0,0.91367,10.71,25.188,0.672,0.667,0.41434,0,2,27.1205,0.99242,ok,ok,29.0915,1.09649,26.5314,15.6764,6.25989,2.63358,1.00116,332,271,80,44,1,12.9976,10.5099,10.0227,8.454,49.5014,280,0.0220147,0.05,0.41434,5,4,0.8,1,0,155.343,15.0715,102.143,0.0970208,108.101,0.944879,0,0,0,1,0,7.82438,5.25798,3.13348,6.11074,-0.0478201,0.374586,7.04972e+10,6.2595,1.19048,1.93078,2.06437,1.7082,1.58978,1.31549,1.78309,2.62693,1.47545,2.1737,1.63277,1.35106,3389.2,3389
U4_14170,U,U4_14170_YJ.fits,LOW,0,0.92143,10.19,6.55039,0.376,0.357,0.43543,0,2,8.57131,1.36423,ok,ok,9.25066,2.30473,4.01377,-20.6584,34.6857,2.3066,0.992108,289,225,4,3,0,13.2915,10.354,8.55494,6.55105,,,,,,,,,,,,,,,,,0,0,0,,0,7.84276,2.94888,1.75738,6.07705,-0.283805,0.431797,2.21759e+10,,,,,,,,,,,,,,3770.52,3769
U4_14312,U,U4_14312_YJ.fits,LOW,0,1.03142,10.51,33.0554,0.457,0.567,0.41919,0,0,8.59272,0.60226,ok,ok,6.64281,0.761438,8.72403,43.3671,10.0969,2.9363,0.999578,352,286,28,13,1,7.90913,1.98799,9.32734,9.7577,57.2145,334,0.221764,2,0.41919,1,2,0.2,0.4,0,-12.2151,11.291,-7.26482,,1e-10,-7.26482e+10,0,0,0,0,0,8.06558,3.68597,2.19665,5.6291,0.127508,0.638317,5.30149e+10,1.61312,0.437637,0.477111,4.67841,3.87123,5.0918,4.21329,3.76702,6.5012,3.11708,5.37953,3.94606,3.26523,3779.84,3778
U4_14721,U,U4_14721_YJ.fits,LOW,0,0.671762,10.87,0.25704,0.369,0.789,0.52835,0,2,4.2203,0.59865,ok,ok,2.97245,1.92204,1.54651,-577.381,181.661,3.84174,0.999804,366,301,11,9,0,4.97424,17.0017,9.9869,10.1057,,,,,,,,,,,,,,,,,0,0,0,,0,7.0267,2.59285,1.5452,7.32527,-1.93755,0.0220213,7.57635e+10,,,,,,,,,,,,,,3081.78,3081
U4_15063,U,U4_15063_YJ.fits,LOW,0,1.02591,10.89,39.5813,0.955,0.206,0.54263,0,0,2.52857,0.53327,ok,ok,1.83348,2.05341,0.892895,-700,,2.12298,0.997767,289,225,6,3,0,4.99348,15,8.73033,9.11474,,,,,,,,,,,,,,,,,0,0,0,,0,8.05598,7.69346,4.5849,5.65029,-0.0541462,0.373892,1.06648e+11,,,,,,,,,,,,,,3022.78,3022
U4_15611,U,U4_15611_YJ.fits,LOW,0,0.82504,9.86,2.75423,0.635,0.33,0.44084,0,2,6.26416,1.4372,ok,ok,5.81616,1.87517,3.10168,73.3961,60.9248,2.57788,0.999804,383,313,2,2,0,1,6.38466,9.67506,8.23245,,,,,,,,,,,,,,,,,0,0,0,,0,7.58599,4.8171,2.87074,6.51704,-0.37033,0.438737,1.04227e+10,,,,,,,,,,,,,,3159.47,3159
U4_16047,U,U4_16047_YJ.fits,LOW,0,0.77841,9.43,4.52008,0.4,0.468,0.37052,0,0,5.94132,0.76158,ok,ok,6.11649,1.00133,6.10839,22.1603,24.4363,1.97564,1.00026,300,238,8,6,0,3.10012,11.452,7.73493,9.83376,,,,,,,,,,,,,,,,,0,0,0,,0,7.43739,2.97496,1.77292,6.74782,0.164502,1.10474,5.66497e+09,,,,,,,,,,,,,,3620.86,3620
U4_17879,U,U4_17879_YJ.fits,LOW,0,1.03129,11.08,18.467,0.5,0.342,0.38097,1,0,9.23725,0.52981,ok,ok,8.98171,0.759387,11.8276,18.4625,6.40847,2.89809,0.999804,289,225,45,13,1,8.48998,6.14078,9.03804,7.92177,73.552,4,0.388291,2,0.4,1,0,0,0.2,0,,,,,,,0,0,0,0,0,8.06536,4.03268,2.40327,5.62959,-0.520625,0.182791,1.42203e+11,0,0,0,,,,,,,,,10.4487,8.64591,3584.5,3584
U4_18696,U,U4_18696_YJ.fits,LOW,0,0.91193,9.96,25.919,0.317,0.554,0.46086,0,2,27.784,0.66271,ok,ok,25.2172,1.26446,19.9431,2.18508,4.45162,3.27545,0.999125,287,225,94,54,1,8.60996,11.0394,7.90831,8.07224,58.1773,98,0.0479797,0.05,0.46086,1,4,0.2,0.8,0,13.6717,9.68267,8.04517,0.708227,47.5629,0.169148,0,0,0,0,0,7.8202,2.479,1.47736,6.11833,0.476582,1.29689,2.09479e+10,1.56404,0.630915,0.433971,3.92188,3.24522,3.6447,3.01587,2.81468,6.13629,2.32905,5.07757,0.954096,0.789482,3968.28,3968
U4_18701,U,U4_18701_YJ.fits,LOW,0,0.91209,10.83,15.4275,0.407,0.725,0.54574,0,2,7.83615,0.76011,ok,ok,10.6416,1.43625,7.4093,22.6047,20.2556,2.2295,0.998673,289,225,10,7,0,7.71827,7.56858,8.97093,6.85332,,,,,,,,,,,,,,,,,0,0,0,,0,7.82059,3.18298,1.89689,6.11763,-0.341265,0.237161,8.36423e+10,,,,,,,,,,,,,,3956.38,3956
U4_18706,U,U4_18706_YJ.fits,LOW,0,0.913,9.62,0.933254,0.315,0.835,0.3968,0,2,2.10623,0.36657,ok,ok,1.91084,0.492202,3.88224,14.9428,12.7706,2.414,1.00071,300,238,1,1,0,15,15,8.62075,8.96397,,,,,,,,,,,,,,,,,0,0,0,,0,7.82277,2.46417,1.46852,6.11366,-0.73618,0.38887,5.78977e+09,,,,,,,,,,,,,,3414.09,3413
U4_18751,U,U4_18751_YJ.fits,LOW,0,0.9122,10.09,18.2939,0.264,0.412,0.42702,0,2,6.29093,0.69572,ok,ok,5.64209,0.907494,6.21722,6.3307,14.3741,2.09323,0.978074,287,225,5,2,0,3.44594,7,9.84556,8.48542,,,,,,,,,,,,,,,,,0,0,0,,0,7.82085,2.06471,1.23046,6.11715,0.23657,0.871694,2.30269e+10,,,,,,,,,,,,,,3834.1,3833
U4_18866,U,U4_18866_YJ.fits,LOW,0,0.98709,9.48,4.67735,0.277,0.332,0.37052,0,0,5.60725,0.56887,ok,ok,6.42865,1.20609,5.33016,9.17301,17.5249,3.327,0.999804,300,238,14,4,0,1.22738,8.66352,8.23365,8.32585,,,,,,,,,,,,,,,,,0,0,0,,0,7.98383,2.21152,1.31795,5.80322,0.0165952,1.20778,6.66737e+09,,,,,,,,,,,,,,3595.59,3596
U4_18957,U,U4_18957_YJ.fits,LOW,0,0.91066,9.77,8.24559,0.362,0.563,0.53559,0,2,14.571,0.72508,ok,ok,12.5911,0.849731,14.8177,17.2867,4.94936,2.40577,0.988939,289,225,44,9,0,14.7745,6.40968,7.76523,9.50616,,,,,,,,,,,,,,,,,0,0,0,,0,7.81715,2.82981,1.68642,6.12389,0.109364,0.963797,1.15637e+10,,,,,,,,,,,,,,3990.04,3989
U4_19529,U,U4_19529_YJ.fits,LOW,0,0.91194,10.42,114.643,0.26,0.653,0.46329,0,2,2.12575,0.3523,ok,ok,-0.249023,1.47961,-0.168303,382.493,73.7855,2.76347,0.999804,351,285,5,5,0,2.22917,17.6066,9.77869,9.79023,,,,,,,,,,,,,,,,,0,0,0,,0,7.82023,2.03326,1.21172,6.11829,0.809081,1.34318,6.16318e+10,,,,,,,,,,,,,,3857.45,3857
U4_19575,U,U4_19575_YJ.fits,LOW,0,0.89593,10.26,20.5558,0.414,0.646,0.43905,0,0,19.1156,1.06234,ok,ok,19.7291,0.887749,22.2237,23.0819,4.26018,2.20346,0.996862,289,225,93,68,1,7.64458,6.63937,8.61915,6.79779,51.1762,58,0.0605974,0.522953,0.43905,0,4,0,0.8,0,,,,,,,0,0,0,0,0,7.78093,3.2213,1.91973,6.18886,0.182722,0.695195,3.08475e+10,0,0,0,,,,,,,,,1.3261,1.0973,3385.17,3385
U4_19954,U,U4_19954_YJ.fits,LOW,0,0.91392,11.13,73.4087,0.986,0.228,0.5545,0,2,8.85028,1.09642,ok,ok,8.05672,1.69887,4.7424,72.9324,74.4231,2.62947,1.00116,289,225,0,0,0,,,8.23732,8.95862,,,,,,,,,,,,,,,,,0,0,0,,0,7.82498,7.71543,4.59799,6.10965,0.130468,0.332047,1.79688e+11,,,,,,,,,,,,,,3552.18,3551
U4_20404,U,U4_20404_YJ.fits,LOW,0,0.82161,9.85,3.95255,0.561,0.328,0.44084,0,0,4.04946,0.43904,ok,ok,4.15506,0.946342,4.39065,-7.7348,21.8088,2.68236,1.00116,321,255,9,9,0,3.96352,2.98605,9.76712,8.5575,,,,,,,,,,,,,,,,,0,0,0,,0,7.57564,4.24993,2.53274,6.5336,-0.204317,0.538679,1.0893e+10,,,,,,,,,,,,,,3059.28,3059
U4_20506,U,U4_20506_YJ.fits,LOW,0,0.78296,10.94,34.5308,0.63,0.754,0.38638,0,0,2.53568,0.3947,ok,ok,1.73432,0.509433,3.40441,5.12847,15.1383,2.64366,1.00116,321,256,0,0,0,,,9.13147,8.99065,,,,,,,,,,,,,,,,,0,0,0,,0,7.45266,4.69518,2.79808,6.72475,0.0400437,0.283195,1.11762e+11,,,,,,,,,,,,,,3021.86,3021
U4_20584,U,U4_20584_YJ.fits,LOW,0,0.80304,10.61,5.29914,0.221,0.882,0.71425,0,0,8.16045,0.44386,ok,ok,7.16885,0.66705,10.7471,10.8259,5.57595,2.76228,0.999578,303,240,24,10,1,5.90335,8.81567,9.45475,8.93327,28.7486,102,0.834355,2,0.71425,2,0,0,0.4,0,,,,,,,0,0,0,0,0,7.51802,1.66148,0.990157,6.62438,-0.571169,0.181115,4.81163e+10,0,0,0,,,,,,,,,8.58923,7.1073,3028.68,3028
U4_20688,U,U4_20688_YJ.fits,LOW,0,0.62559,11,19.4549,1.056,0.66,0.70315,0,2,13.5753,1.36049,ok,ok,14.3632,2.00716,7.15599,4.53963,22.8955,2.62626,0.997541,303,240,13,5,0,11.0269,3.84796,9.26837,9.13614,,,,,,,,,,,,,,,,,0,0,0,,0,6.81381,7.19538,4.28807,7.59891,-0.0946225,0.171827,1.17183e+11,,,,,,,,,,,,,,3185.02,3185
U4_20987,U,U4_20987_YJ.fits,LOW,0,0.9114,9.73,22.0133,0.336,0.437,0.55829,0,2,12.0437,0.51341,ok,ok,10.482,0.995451,10.5299,6.51066,8.26018,3.28245,1.00094,289,225,43,11,1,5.61319,13.7288,8.41735,8.84513,66.6367,54,0.447473,2,0.55829,0,0,0,0,0,,,,,,,0,0,0,0,0,7.81893,2.62716,1.56565,6.12065,0.562594,1.73244,1.46741e+10,0,0,0,,,,,,,,,,,3577.04,3576
U4_21533,U,U4_21533_YJ.fits,LOW,0,0.92165,11.11,43.1999,0.728,0.567,0.49607,0,2,15.3276,0.51971,ok,ok,13.0114,1.30216,9.99218,1.28382,12.4506,3.4222,0.998899,369,303,13,4,0,12.4855,2.52586,9.26376,9.27465,,,,,,,,,,,,,,,,,0,0,0,,0,7.84327,5.7099,3.4028,6.0761,-0.0921973,0.259996,1.62319e+11,,,,,,,,,,,,,,3945.47,3944
U4_21989,U,U4_21989_YJ.fits,LOW,0,0.92127,10.61,5.94367,0.202,0.592,0.54829,0,2,11.0465,0.69554,ok,ok,6.65137,1.38864,4.78983,19.315,29.142,3.58885,1.00003,365,301,0,0,0,,,10.4046,9.49644,,,,,,,,,,,,,,,,,0,0,0,,0,7.84238,1.58416,0.944077,6.07774,-0.612341,0.20609,4.91337e+10,,,,,,,,,,,,,,3735.73,3735
U4_22170,U,U4_22170_YJ.fits,LOW,0,0.82337,9.66,3.31131,0.223,0.863,0.42321,0,0,10.2701,1.68777,ok,ok,8.38754,0.978428,8.57246,11.5877,7.33337,2.08731,0.999804,302,239,19,11,1,9.22801,5.39417,7.32241,8.36,31.039,124,0.803851,0.731315,0.42321,0,0,0,0,0,,,,,,,0,0,0,0,0,7.58096,1.69055,1.00748,6.52509,-0.155076,0.66856,7.62679e+09,0,0,0,,,,,,,,,,,3671.82,3672
U4_22199,U,U4_22199_YJ.fits,LOW,0,0.9147,10.65,32.2123,0.604,0.578,0.53559,0,2,12.9503,0.70939,ok,ok,9.67291,1.69695,5.70019,-18.9139,21.2498,2.50066,0.901567,289,225,2,1,0,15,14,11.1148,9.58041,,,,,,,,,,,,,,,,,0,0,0,,0,7.82684,4.72741,2.81729,6.10625,0.0991245,0.471055,6.57096e+10,,,,,,,,,,,,,,4157.73,4157
U4_22621,U,U4_22621_YJ.fits,LOW,0,1.03191,10.66,0.457088,0.158,0.926,0.38733,0,0,0.74931,0.22255,ok,ok,7.10148,1.55568,4.56488,-357.152,54.1855,3.04378,1.00071,345,284,24,6,0,13.4987,3.00833,10.1676,9.54114,,,,,,,,,,,,,,,,,0,0,0,,0,8.06643,1.2745,0.759533,5.62722,-1.8361,0.0515339,4.80644e+10,,,,,,,,,,,,,,3424.41,3423
U4_22789,U,U4_22789_YJ.fits,LOW,0,0.91319,10.25,18.5194,0.431,0.63,0.71425,0,2,19.8576,0.82466,ok,ok,18.0023,1.05045,17.1377,-20.5099,5.18394,2.42363,0.998899,303,240,65,22,1,8.16408,2.48831,8.82374,9.11238,52.43,200,0.441127,2,0.71425,6,4,0.8,1.2,0,-187.072,38.2155,-118.01,,82.4244,-1.43174,0,0,0,0,0,7.82323,3.37181,2.00942,6.11283,0.132258,0.675607,2.9797e+10,6.25858,1.85615,1.12006,1.24382,1.02922,0.925873,0.766129,0.993069,1.74534,0.821731,1.44421,0.604646,0.500324,3508.27,3508
U4_22990,U,U4_22990_YJ.fits,LOW,0,0.78669,10.68,39.7315,0.667,0.342,0.43905,0,2,11.3681,1.49039,ok,ok,17.1978,2.31875,7.41685,-175.999,44.5694,2.35178,0.996862,289,225,17,7,0,7.60757,7.90736,9.26956,7.37337,,,,,,,,,,,,,,,,,0,0,0,,0,7.46505,4.97919,2.96733,6.70593,0.270744,0.465629,7.01494e+10,,,,,,,,,,,,,,3244.21,3244
U4_23425,U,U4_23425_YJ.fits,LOW,0,0.90267,9.37,3.01995,0.145,0.486,0.66938,0,2,4.26979,0.37827,ok,ok,3.77867,0.792504,4.76801,11.5254,12.7586,2.01241,0.999352,254,196,9,7,0,9.28897,11.8337,7.5541,7.67673,,,,,,,,,,,,,,,,,0,0,0,,0,7.79767,1.13066,0.673816,6.159,-0.0498316,1.08295,4.88291e+09,,,,,,,,,,,,,,3233.26,3233
U4_23534,U,U4_23534_YJ.fits,LOW,0,0.92064,10.76,87.9901,0.315,0.867,0.5545,0,2,24.0941,0.97275,ok,ok,16.4546,1.87831,8.76033,-1.61356,14.5761,2.82729,0.998899,289,225,24,7,0,6.67467,10.7698,8.12895,9.06522,,,,,,,,,,,,,,,,,0,0,0,,0,7.8409,2.46988,1.47192,6.08047,0.456206,0.6722,9.62251e+10,,,,,,,,,,,,,,3109.65,3109
U4_23567,U,U4_23567_YJ.fits,LOW,0,0.91112,9.57,3.31131,0.334,0.668,0.79972,0,2,8.81026,0.49919,ok,ok,5.92343,1.00117,5.91653,12.1464,13.5911,2.00837,0.954534,254,196,0,0,0,,,6.55546,5.79501,,,,,,,,,,,,,,,,,0,0,0,,0,7.81826,2.6113,1.5562,6.12187,-0.150982,0.824686,6.77935e+09,,,,,,,,,,,,,,3373.83,3373
U4_23701,U,U4_23701_YJ.fits,LOW,0,0.94214,11.13,6.96789,0.41,0.857,0.53559,0,2,17.9747,1.46237,ok,ok,12.8094,5.12333,2.50021,84.4212,143.055,2.51598,0.981243,289,225,0,0,0,,,7.88551,9.7021,,,,,,,,,,,,,,,,,0,0,0,,0,7.88999,3.23489,1.92783,5.98854,-0.913982,0.0965817,1.47925e+11,,,,,,,,,,,,,,3958.93,3958
U4_24742,U,U4_24742_YJ.fits,LOW,0,0.92046,9.85,4.46684,0.539,0.4,0.42702,0,2,16.8965,1.00521,ok,ok,16.124,1.77572,9.08028,8.21665,12.1917,2.26935,0.981017,287,225,8,5,0,2.54891,5.26417,9.77793,8.46019,,,,,,,,,,,,,,,,,0,0,0,,0,7.84048,4.22602,2.51849,6.08124,-0.217577,0.614869,1.14324e+10,,,,,,,,,,,,,,3730.38,3730
U4_25436,U,U4_25436_YJ.fits,LOW,0,0.82195,9.86,14.4475,0.293,0.614,0.38638,0,0,2.01203,0.39454,ok,ok,1.43721,0.760714,1.88929,-3.69569,37.2791,3.26756,0.999578,306,240,0,0,0,,,8.08924,8.00261,,,,,,,,,,,,,,,,,0,0,0,,0,7.57667,2.21996,1.32298,6.53195,0.351655,1.05373,1.4878e+10,,,,,,,,,,,,,,3329.95,3330
U4_25513,U,U4_25513_YJ.fits,LOW,0,0.82148,9.62,1.14815,0.523,0.359,0.3968,0,0,4.34572,0.56565,ok,ok,4.06997,0.731844,5.56125,11.6722,14.6409,2.78482,0.998673,300,238,6,3,0,14.1529,7,8.48632,8.52602,,,,,,,,,,,,,,,,,0,0,0,,0,7.57524,3.96185,2.36106,6.53423,-0.586977,0.406379,5.86276e+09,,,,,,,,,,,,,,3160.17,3160
U4_25923,U,U4_25923_YJ.fits,LOW,0,0.78543,10.53,9.27642,0.715,0.493,0.5545,0,2,5.80911,1.45522,ok,ok,7.29665,1.32146,5.52164,-36.3798,25.7404,2.40342,0.978753,289,225,4,2,0,11,3.52257,7.56487,9.79969,,,,,,,,,,,,,,,,,0,0,0,,0,7.46088,5.33453,3.1791,6.71228,-0.26012,0.274332,4.318e+10,,,,,,,,,,,,,,3010.7,3010
U4_26605,U,U4_26605_YJ.fits,LOW,0,0.924511,11.03,6.5265,0.311,0.661,0.46419,0,2,16.0507,0.06249,ok,ok,-2.29056,1.66694,-1.37411,180.126,49.3891,4.21008,1.00116,363,298,1,1,0,1,17,9.93864,8.98826,,,,,,,,,,,,,,,,,0,0,0,,0,7.84995,2.44133,1.45491,6.06375,-0.860628,0.109008,1.18832e+11,,,,,,,,,,,,,,3468.67,3468
U4_28004,U,U4_28004_YJ.fits,LOW,0,0.78704,9.45,7.95981,0.399,0.244,0.37052,0,0,6.72795,0.47337,ok,ok,6.32784,0.752087,8.41371,1.32829,10.8515,2.64706,0.998899,300,238,15,3,0,6.85454,12.2334,7.68668,9.51134,,,,,,,,,,,,,,,,,0,0,0,,0,7.46621,2.97902,1.77534,6.70417,0.391016,1.4539,6.91604e+09,,,,,,,,,,,,,,3578.72,3578
U4_28315,U,U4_28315_YJ.fits,LOW,0,0.91951,10.94,30.4301,0.588,0.797,0.5545,0,2,23.3688,1.12528,ok,ok,16.573,1.78373,9.29119,2.12945,14.2744,2.62143,1.00026,289,225,25,16,1,3.24081,4.09164,7.751,8.74694,38.0562,166,0.701874,0.267411,0.5545,3,1,0.2,0.6,0,160.563,48.2659,130.235,0.300604,121.757,1.06963,1,1,1,0,0,7.83824,4.60889,2.74665,6.08536,-0.126811,0.284972,1.11916e+11,1.56765,0.340136,0.360685,6.18676,5.11934,7.6202,6.30546,5.50073,7.55882,4.55167,6.25467,4.83381,3.99981,3205.79,3205
U4_28373,U,U4_28373_YJ.fits,LOW,0,0.82448,9.49,0.724436,0.248,0.434,0.44084,0,0,5.09913,0.90334,ok,ok,4.32296,1.27347,3.39464,5.66224,19.6622,2.50087,1.00003,334,270,20,15,1,11.9072,7.02084,8.88711,8.60424,66.8517,216,0.219251,0.05,0.44084,1,2,0.2,0.4,0,0.932543,2.62432,0.507098,2.81416,1e-10,5.07098e+09,0,0,0,0,0,7.5843,1.88091,1.12092,6.51974,-0.701853,0.394105,4.3082e+09,1.51686,0.806452,0.453679,1.28402,1.06249,1.09277,0.90423,1.10253,1.64701,0.912307,1.36284,0.704686,0.583104,3038.14,3037
U4_29145,U,U4_29145_YJ.fits,LOW,0,0.6691,10.76,5.94963,0.949,0.197,0.46385,0,0,9.29353,0.77713,ok,ok,8.54899,1.35068,6.32939,-12.3875,26.1392,2.69764,0.998446,337,271,2,2,0,13.4951,1,8.69831,10.2308,,,,,,,,,,,,,,,,,0,0,0,,0,7.01505,6.65728,3.96739,7.34064,-0.498992,0.138544,6.55164e+10,,,,,,,,,,,,,,3193.25,3192
U4_29207,U,U4_29207_YJ.fits,LOW,0,0.82776,10.87,35.3286,0.546,0.61,0.71425,0,2,21.5029,1.19898,ok,ok,20.0921,2.55239,7.87187,10.9426,23.9777,3.26806,0.99822,303,240,18,6,0,2.06457,1.2326,9.0369,9.17027,,,,,,,,,,,,,,,,,0,0,0,,0,7.59413,4.1464,2.47104,6.50396,0.0582672,0.329402,9.85499e+10,,,,,,,,,,,,,,3082.62,3083
U4_29399,U,U4_29399_YJ.fits,LOW,0,0.77679,9.12,1.14815,0.243,0.388,0.77482,0,0,10.9599,0.42861,ok,ok,8.67016,0.581865,14.9007,11.0805,3.85205,1.82988,0.946385,254,196,45,31,1,6.32996,10.876,5.95382,6.11943,70.1635,90,0.14068,0.05,0.77482,3,3,0.6,0.6,1,-409.554,13.694,-217.694,,34.9916,-6.22132,0,0,0,0,0,7.43192,1.80596,1.07626,6.75606,-0.223578,0.880848,2.47944e+09,4.45915,2.46914,0.774373,0.221809,0.183539,0.17053,0.141108,0.16987,0.325688,0.140561,0.269496,0.221809,0.183539,3159.21,3159
U4_29907,U,U4_29907_YJ.fits,LOW,0,0.82456,9.07,4.16869,0.392,0.218,0.3968,0,0,14.3441,0.75398,ok,ok,11.9106,1.42586,8.35326,3.54156,8.97406,3.57456,1.00071,300,238,23,8,0,1.93871,9.18616,7.99898,9.04074,,,,,,,,,,,,,,,,,0,0,0,,0,7.58454,2.97314,1.77184,6.51935,0.339703,1.97102,3.49065e+09,,,,,,,,,,,,,,3022.25,3022
U4_30704,U,U4_30704_YJ.fits,LOW,0,0.82328,8.98,3.38844,0.264,0.299,0.3968,0,0,4.55414,0.82943,ok,ok,4.79211,1.24041,3.86332,52.1393,27.4024,2.73975,1.00048,300,238,0,0,0,,,7.21127,7.76774,,,,,,,,,,,,,,,,,0,0,0,,0,7.58069,2.0013,1.19267,6.52553,0.310814,2.04174,2.90484e+09,,,,,,,,,,,,,,3055.34,3055
U4_30953,U,U4_30953_YJ.fits,LOW,0,0.91348,9.9,4.38861,0.301,0.835,0.37416,0,2,4.24473,0.62145,ok,ok,4.26472,0.986848,4.32156,-10.6797,17.1276,2.26579,0.988487,287,225,27,15,1,2.64222,10.705,9.59332,7.54451,34.1663,70,0.585349,2,0.4,0,1,0,0.2,0,,,,,,,0,0,0,0,0,7.82392,2.355,1.40346,6.11157,-0.254855,0.558734,1.23815e+10,0,0,0,,,,,,,,,2.53294,2.09592,3716.26,3716
U4_31600,U,U4_31600_YJ.fits,LOW,0,0.79985,9.67,1.25893,0.478,0.743,0.4031,1,0,9.56128,0.8334,ok,ok,9.03632,0.82249,10.9865,11.1412,7.07992,2.56047,1.00026,380,314,9,4,0,3.92443,16.6769,9.11772,11.5928,,,,,,,,,,,,,,,,,0,0,0,,0,7.50786,3.58876,2.13871,6.64017,-0.565431,0.387029,6.48762e+09,,,,,,,,,,,,,,3593.45,3592
U4_31966,U,U4_31966_YJ.fits,LOW,0,0.80112,9.22,0.794328,0.301,0.728,0.77482,0,0,5.65417,0.50305,ok,ok,5.08649,0.88601,5.7409,-5.1464,17.639,2.13384,0.997993,254,196,1,1,0,9,8,6.82099,7.07619,,,,,,,,,,,,,,,,,0,0,0,,0,7.51191,2.26109,1.34749,6.63388,-0.465941,0.629319,2.704e+09,,,,,,,,,,,,,,3404.49,3404
U4_32433,U,U4_32433_YJ.fits,LOW,0,0.82419,9.43,0.398107,0.16,0.536,0.3968,0,0,4.34038,0.61272,ok,ok,3.45541,0.973937,3.54787,-1.33891,16.497,2.94133,0.999804,300,238,0,0,0,,,8.01424,7.90497,,,,,,,,,,,,,,,,,0,0,0,,0,7.58343,1.21335,0.723092,6.52114,-0.921434,0.316253,3.54274e+09,,,,,,,,,,,,,,3029.69,3029
U4_32491,U,U4_32491_YJ.fits,LOW,0,0.80248,9.67,10.6896,0.797,0.704,0.3968,1,0,31.8006,0.73531,ok,ok,29.0082,0.685614,42.3099,10.8007,2.13519,1.38834,0.939368,300,238,154,137,1,9.20928,9.5588,10.0986,10.7346,46.4559,222,0.0627538,0.05,0.4,6,9,1.2,1.8,0,-56.4468,12.0864,-38.9371,,52.0794,-0.74765,0,0,0,0,0,7.51625,5.99045,3.56999,6.62715,0.36168,1.20495,1.03133e+10,9.01949,1.50565,3.02419,0.181433,0.15013,0.135565,0.112176,0.131859,0.280582,0.109109,0.232172,0.098752,0.081714,2957.1,2956
U4_33076,U,U4_33076_YJ.fits,LOW,0,0.82004,11.12,21.1161,0.764,0.296,0.61862,0,2,4.30878,0.48659,ok,ok,1.20616,0.608336,1.98272,-40.175,25.3608,2.29845,0.95227,303,240,0,0,0,,,9.06866,10.4252,,,,,,,,,,,,,,,,,0,0,0,,0,7.57087,5.78414,3.44705,6.5412,-0.326275,0.166383,1.53759e+11,,,,,,,,,,,,,,3456.64,3456
U4_33182,U,U4_33182_YJ.fits,LOW,0,0.91151,10.62,5.22928,0.388,0.825,0.36408,0,2,5.28436,0.39772,ok,ok,4.54596,0.671776,6.76707,7.21508,10.9142,2.68202,1.00048,300,238,9,3,0,4.0589,13,7.82821,8.53105,,,,,,,,,,,,,,,,,0,0,0,,0,7.81919,3.03385,1.80801,6.12017,-0.667698,0.18844,4.95424e+10,,,,,,,,,,,,,,3770.04,3770
U4_33943,U,U4_33943_YJ.fits,LOW,0,0.90933,9.34,0.758578,0.196,0.425,0.36408,0,2,7.96976,0.90216,ok,ok,-32.1963,0.505503,-63.6915,-114.187,0.761038,2.29827,0.992108,300,238,32,9,0,5.02411,8.99865,9.44734,8.03228,,,,,,,,,,,,,,,,,0,0,0,,0,7.81393,1.53153,0.912712,6.12971,-0.633345,0.549566,3.39008e+09,,,,,,,,,,,,,,4021.78,4022
U4_34173,U,U4_34173_YJ.fits,LOW,0,0.89611,10.28,22.8233,0.481,0.804,0.43905,0,0,31.8714,1.74535,ok,ok,33.1708,1.21208,27.3668,12.6313,3.79455,2.37437,0.962682,289,225,140,126,1,6.53243,6.87915,10.166,8.6965,37.365,78,0.282314,0.191222,0.43905,3,0,0,0.6,0,,,,,,,0,0,0,0,0,7.78138,3.74284,2.23054,6.18806,0.214459,0.71128,3.26078e+10,0,0,0,,,,,,,,,1.80383,1.49261,3678.47,3679
U4_34204,U,U4_34204_YJ.fits,LOW,0,0.82763,9.85,5.07373,0.468,0.777,0.44084,0,0,14.5389,0.90603,ok,ok,16.2005,2.13376,7.59247,14.1225,20.294,2.32703,1.00116,319,255,1,1,0,15,14,8.8667,9.58829,,,,,,,,,,,,,,,,,0,0,0,,0,7.59375,3.55387,2.11792,6.50458,-0.100125,0.617574,1.14515e+10,,,,,,,,,,,,,,3018.16,3018
U4_34515,U,U4_34515_YJ.fits,LOW,0,1.02411,9.67,1.86209,0.225,0.447,0.59166,0,0,6.21963,0.33753,ok,ok,8.80756,1.11033,7.93242,-25.138,28.798,3.23226,0.999125,361,299,35,9,0,14.0024,4.97116,9.10423,9.87408,,,,,,,,,,,,,,,,,0,0,0,,0,8.0528,1.81188,1.07979,5.65724,-0.535076,0.554454,7.27073e+09,,,,,,,,,,,,,,3297.68,3297
U4_34516,U,U4_34516_YJ.fits,LOW,0,0.90551,10.92,21.4042,0.91,0.889,0.53559,0,2,14.7199,0.7357,ok,ok,15.3449,1.14917,13.3531,11.5266,6.00167,2.72949,0.997767,289,225,52,22,1,10.0366,12.7996,9.25695,8.37821,27.8624,196,0.636593,0.13674,0.53559,0,3,0,0.6,0,,,,,,,0,0,0,0,0,7.80464,7.10222,4.23255,6.14648,-0.255309,0.242655,1.0336e+11,0,0,0,,,,,,,,,2.33004,1.92803,4070.46,4070
U4_34545,U,U4_34545_YJ.fits,LOW,0,1.01004,9.53,9.96308,0.335,0.604,0.4031,0,0,18.035,0.81934,ok,ok,17.4769,0.758837,23.0312,11.3616,3.39432,2.50764,0.999578,285,225,85,62,1,8.00948,11.4326,7.38981,7.18298,54.4313,284,0.0523852,2,0.4031,0,4,0,0.8,0,,,,,,,0,0,0,0,0,8.02744,2.68919,1.60262,5.71204,0.297911,1.68483,9.09739e+09,0,0,0,,,,,,,,,0.390663,0.323261,3937.05,3937
U4_35570,U,U4_35570_YJ.fits,LOW,0,0.82201,9.84,10.0158,0.745,0.711,0.4031,0,0,10.1533,0.78112,ok,ok,7.38885,0.584228,12.6472,8.34204,3.76784,2.48766,1.00048,337,270,9,5,0,3.02477,10.8174,9.82753,8.41714,,,,,,,,,,,,,,,,,0,0,0,,0,7.57685,5.64475,3.36398,6.53166,0.20591,0.89645,1.31202e+10,,,,,,,,,,,,,,3712.15,3711
U4_35777,U,U4_35777_YJ.fits,LOW,0,0.80299,9.56,4.3092,0.43,0.548,0.4031,0,0,6.61432,0.33936,ok,ok,4.92022,0.500723,9.82624,12.3922,5.11377,2.19945,0.999804,288,225,14,4,0,11.9686,10.2173,7.03195,8.31166,,,,,,,,,,,,,,,,,0,0,0,,0,7.51787,3.23268,1.92651,6.62463,0.0402109,0.890124,6.86262e+09,,,,,,,,,,,,,,3356.43,3356
U4_36227,U,U4_36227_YJ.fits,LOW,0,0.78827,9.78,25.6044,0.413,0.775,0.50797,0,0,32.8558,1.8795,ok,ok,26.0891,1.53277,17.0209,7.27694,4.02314,2.04519,0.972642,270,210,85,34,1,10.663,3.79044,9.24969,6.12569,40.1651,164,0.467859,0.05,0.50797,2,3,0.4,0.6,0,41.2894,10.0584,32.0076,0.243607,49.4561,0.647193,0,0,0,1,0,7.47026,3.08522,1.83863,6.69798,0.677853,1.58468,1.55742e+10,2.98811,0.968523,0.787448,1.55621,1.28771,1.255,1.03847,1.07915,2.51033,0.892962,2.07722,1.0779,0.891927,3665.17,3665
U4_37119,U,U4_37119_YJ.fits,LOW,0,0.82031,10.04,11.1907,0.425,0.314,0.71425,0,0,6.10759,0.38307,ok,ok,5.84698,1.05631,5.53531,10.4287,19.315,2.97972,0.998446,303,240,5,5,0,7.83917,9.70356,9.24378,8.69331,,,,,,,,,,,,,,,,,0,0,0,,0,7.57169,3.21797,1.91774,6.53989,0.121293,0.686288,1.84898e+10,,,,,,,,,,,,,,3028.2,3028
U4_37219,U,U4_37219_YJ.fits,LOW,0,0.87854,9.55,4.81981,0.179,0.607,0.4031,0,0,14.2302,1.74047,ok,ok,13.0013,1.90727,6.8167,8.78356,17.6507,2.81155,1.00116,287,225,25,14,1,1.76816,9.57675,9.01022,7.64783,54.2025,50,0.848248,0.13674,0.4031,2,1,0.2,0.4,1,33.3532,20.7057,20.5608,0.620801,106.828,0.192465,0,0,0,0,0,7.73634,1.3848,0.825271,6.26695,0.0458232,1.01606,7.15325e+09,1.54727,1.11732,0.496155,3.1904,2.63995,2.48753,2.05835,2.38645,4.79831,1.9747,3.97044,1.30602,1.08069,3958.8,3958
U4_38210,U,U4_38210_YJ.fits,LOW,0,0.60221,10.85,15.2656,0.918,0.39,0.71425,0,0,21.1004,1.50369,ok,ok,23.1717,1.88649,12.283,0.906265,13.3265,2.24552,0.999352,303,240,23,11,1,5.91388,7.95406,9.46954,7.94264,70.0185,8,0.106972,1.43017,0.71425,2,2,0.4,0.4,0,197.876,32.1332,105.275,0.162391,1e-10,1.05275e+12,0,0,0,1,0,6.69688,6.14773,3.66373,7.74342,-0.0786121,0.188573,8.41446e+10,2.67875,0.43573,0.560028,2.66918,2.20866,2.91099,2.40875,2.45744,3.09266,2.03345,2.55907,2.66918,2.20866,2676.4,2676
U4_39003,U,U4_39003_YJ.fits,LOW,0,0.92687,10.66,23.5699,0.748,0.438,0.61862,0,2,26.2615,0.79422,ok,ok,3.86537,1.57939,2.44739,-128.784,25.1208,3.04987,0.992108,303,240,15,9,0,11.0007,8.0161,8.81606,9.39699,,,,,,,,,,,,,,,,,0,0,0,,0,7.85542,5.87585,3.5017,6.0536,-0.0521876,0.395255,6.37755e+10,,,,,,,,,,,,,,4036.43,4035
U4_42393,U,U4_42393_YJ.fits,LOW,0,0.82152,10.93,128.432,0.471,0.828,0.61862,0,0,38.6384,0.80498,ok,ok,35.5121,1.53972,23.064,5.82128,9.57782,2.1131,0.959061,303,240,97,84,1,8.93778,8.69763,9.29841,5.74514,34.9101,32,0.616332,2,0.61862,5,3,0.6,1,0,-41.8472,37.3423,-36.5612,,197.016,-0.185574,0,0,0,0,0,7.57536,3.568,2.12634,6.53403,0.583818,0.590173,1.35346e+11,4.54522,1.27389,0.969901,8.0713,6.67873,6.14579,5.08543,6.57352,11.0669,5.43937,9.15746,4.06707,3.36536,3367.28,3366
COS4_00779,COS,COS4_00779_YJ.fits,LOW,1,0.9243,10.85,16.458,1.053,0.772,0.59692,0,2,12.9735,0.98047,ok,ok,9.9633,1.10639,9.0052,-602.997,5.66805,2.8392,1.00162,324,263,0,0,0,,,8.25365,8.39888,,,,,,,,,,,,,,,,,0,0,0,,0,7.84946,8.26548,4.92579,6.06466,-0.335954,0.239004,8.77148e+10,,,,,,,,,,,,,,3683.16,3682
COS4_03700,COS,COS4_03700_YJ.fits,LOW,1,0.95615,11.17,23.4752,0.581,0.884,0.59692,0,2,14.3065,1.69648,ok,ok,12.4999,2.16692,5.76851,7.18756,40.9526,2.0545,0.999125,269,209,0,0,0,,,6.90735,7.27427,,,,,,,,,,,,,,,,,0,0,0,,0,7.92048,4.6018,2.74243,5.9298,-0.424483,0.173259,1.73538e+11,,,,,,,,,,,,,,3866.81,3867
COS4_05238,COS,COS4_05238_YJ.fits,LOW,1,0.93608,11.43,86.0934,0.895,0.561,0.59692,0,2,21.8501,33.1534,ok,ok,18.2738,3.50916,5.20746,30.7292,34.6159,2.52362,0.979206,269,209,12,9,0,8.98987,9.98847,6.16309,6.96304,,,,,,,,,,,,,,,,,0,0,0,,0,7.87643,7.04941,4.20108,6.01423,-0.0225776,0.223193,3.29227e+11,,,,,,,,,,,,,,3654.4,3654
COS4_08576,COS,COS4_08576_YJ.fits,LOW,1,0.82596,10.18,0.436516,0.199,0.538,0.4488,0,0,5.12724,0.83013,ok,ok,5.34857,1.30107,4.11089,28.098,17.2539,2.84166,1.00139,339,272,1,1,0,6,11,9.66268,9.00618,,,,,,,,,,,,,,,,,0,0,0,,0,7.58875,1.51016,0.899977,6.51261,-1.3856,0.0983433,1.66241e+10,,,,,,,,,,,,,,3449.06,3449
COS4_11333,COS,COS4_11333_YJ.fits,LOW,1,0.88199,10.8,6.74745,0.474,0.498,0.46532,0,2,6.00179,0.84124,ok,ok,6.57554,1.59667,4.11829,17.113,71.5238,1.87853,1.00071,303,240,17,9,0,13.0037,6.00692,9.02116,8.2434,,,,,,,,,,,,,,,,,0,0,0,,0,7.74534,3.67129,2.1879,6.25134,-0.657068,0.158166,7.30753e+10,,,,,,,,,,,,,,3369.43,3369
COS4_15698,COS,COS4_15698_YJ.fits,LOW,1,1.0301,10.42,0.263027,0.152,0.918,0.45454,0,2,10.7462,1.01279,ok,ok,11.347,1.6204,7.00261,-45.4368,28.0079,3.10238,1.00048,366,301,19,15,1,8.57327,9.0719,8.58051,9.02459,23.876,54,0.406313,0.05,0.45454,0,2,0,0.4,0,,,,,,,0,0,0,0,0,8.0633,1.22562,0.730406,5.63416,-1.90849,0.0571134,2.78049e+10,0,0,0,,,,,,,,,4.77734,3.95309,3816.73,3817
COS4_20342,COS,COS4_20342_YJ.fits,LOW,1,0.81781,11.17,11.4294,1.106,0.798,0.7262,0,2,1.3649,0.43521,ok,ok,3.78385,1.23684,3.0593,-682.798,40.6176,2.53597,1.00094,314,254,0,0,0,,,8.22898,7.54763,,,,,,,,,,,,,,,,,0,0,0,,0,7.56406,8.36585,4.98561,6.55202,-0.624404,0.110677,1.64281e+11,,,,,,,,,,,,,,3342.95,3342
COS4_20537,COS,COS4_20537_YJ.fits,LOW,1,0.88281,10.51,0.0416869,0.146,0.543,0.35079,0,2,3.0654,0.66832,ok,ok,3.65255,1.48846,2.45391,-21.2318,98.8079,2.11219,0.999352,363,298,19,9,0,12.0623,4.99938,9.88812,9.85994,,,,,,,,,,,,,,,,,0,0,0,,0,7.74747,1.13113,0.674095,6.24764,-2.67035,0.0171435,3.29141e+10,,,,,,,,,,,,,,3384.66,3384
COS4_26272,COS,COS4_26272_YJ.fits,LOW,1,0.74718,9.15,0.616595,0.396,0.472,0.81484,0,2,2.7774,1.43361,ok,ok,-1.50238,1.29996,-1.15571,-186.989,14.1605,2.33343,0.976263,301,239,14,6,0,2.00774,10.4913,9.79972,10.2198,,,,,,,,,,,,,,,,,0,0,0,,0,7.32788,2.90184,1.72935,6.90949,-0.493785,0.587915,2.24299e+09,,,,,,,,,,,,,,3445.29,3445
COS4_26395,COS,COS4_26395_YJ.fits,LOW,1,0.83193,10.59,0.25704,0.401,0.664,0.79932,0,2,4.05894,1.57039,ok,ok,3.7783,1.75732,2.15003,-4.91222,28.558,2.46778,0.999125,301,239,11,9,0,4.99324,1.99984,9.15423,9.20866,,,,,,,,,,,,,,,,,0,0,0,,0,7.60651,3.05021,1.81777,6.48398,-1.89532,0.0382976,4.03945e+10,,,,,,,,,,,,,,2903.9,2903
GS4_03171,GS,GS4_03171_YJ.fits,LOW,1,1.01678,10.53,11.2213,0.488,0.796,0.43246,0,0,2.96196,0.89901,ok,ok,4.9624,1.5365,3.22967,-105.009,37.9024,3.32709,1.00071,351,286,0,0,0,,,9.54446,9.61617,,,,,,,,,,,,,,,,,0,0,0,,0,8.03972,3.92338,2.33813,5.68568,-0.34626,0.345855,4.56035e+10,,,,,,,,,,,,,,3277.78,3277
GS4_03860,GS,GS4_03860_YJ.fits,LOW,1,0.83253,11.17,9.23844,0.671,0.587,0.46402,0,0,2.4539,0.77074,ok,ok,3.19047,0.990264,3.22184,-52.7654,17.3275,5.19053,0.998673,400,333,0,0,0,,,10.4855,9.72964,,,,,,,,,,,,,,,,,0,0,0,,0,7.60829,5.10516,3.04241,6.48111,-0.729667,0.0996274,1.62647e+11,,,,,,,,,,,,,,3617.32,3618
GS4_03969,GS,GS4_03969_YJ.fits,LOW,1,0.83156,10,0.288403,0.172,0.764,0.6455,0,0,1.93519,0.94932,ok,ok,2.24771,1.2106,1.85669,0.683974,29.8961,2.94087,1.00048,348,284,9,9,0,3.98529,11.0063,11.4066,9.47827,,,,,,,,,,,,,,,,,0,0,0,,0,7.60542,1.30813,0.779578,6.48574,-1.44892,0.106173,1.10617e+10,,,,,,,,,,,,,,3610.29,3610
GS4_18201,GS,GS4_18201_YJ.fits,LOW,1,0.83439,10.24,0.0288403,0.093,0.793,0.47955,0,2,2.48141,0.52555,ok,ok,2.9371,0.999269,2.93925,36.5008,43.2949,3.442,1.00071,380,315,2,2,0,5.50014,8,12.0692,9.17689,,,,,,,,,,,,,,,,,0,0,0,,0,7.61376,0.708079,0.421978,6.47223,-2.61217,0.0212528,1.77473e+10,,,,,,,,,,,,,,3300.99,3300
GS4_24253,GS,GS4_24253_YJ.fits,LOW,1,1.01614,9.15,2.5704,1.522,0.747,0.48131,0,0,4.05905,0.78681,ok,ok,-1.89745,0.534149,-3.55229,294.844,13.5461,3.65826,1.00094,410,346,14,14,1,18.5829,8.24223,11.456,8.78757,42.7291,134,0.856213,0.0699217,0.48131,2,3,0.4,0.6,0,34.5911,5.88003,25.4896,0.169987,12.1137,2.1042,1,1,1,1,1,8.03856,12.2347,7.29123,5.68818,-0.0307848,1.54433,3.59397e+09,3.21542,0.262812,0.831065,0.0267103,0.0221019,0.0377211,0.031213,0.0186041,0.0429226,0.0153943,0.035517,0.0286615,0.0237165,3887.69,3888
U4_09166,U,U4_09166_YJ.fits,LOW,1,0.99962,10.85,0.11749,0.23,0.325,0.38322,0,0,5.1262,1.02185,ok,ok,6.36295,1.43848,4.42339,26.375,12.2318,3.05134,1.00026,349,285,4,2,0,10.4873,1,10.0077,8.57289,,,,,,,,,,,,,,,,,0,0,0,,0,8.00799,1.84184,1.09764,5.75315,-2.53614,0.0180575,7.2073e+10,,,,,,,,,,,,,,3375.61,3376
U4_09389,U,U4_09389_YJ.fits,LOW,1,0.81679,10.48,0.57544,0.254,0.319,0.37052,0,2,0.5534,0.34345,ok,ok,-2.12409,1.2882,-1.64888,700,,2.19794,1.00094,300,238,0,0,0,,,7.36142,7.4176,,,,,,,,,,,,,,,,,0,0,0,,0,7.56094,1.92048,1.1445,6.55698,-1.45956,0.0695373,3.22995e+10,,,,,,,,,,,,,,3316.81,3316
U4_19003,U,U4_19003_YJ.fits,LOW,1,0.91997,11.41,12.8051,0.804,0.655,0.54263,0,2,5.99633,0.71804,ok,ok,-1.93229,0.829269,-2.33012,684.928,25.2934,2.10733,1.00026,289,225,7,6,0,8.51606,6.54524,8.97677,8.72433,,,,,,,,,,,,,,,,,0,0,0,,0,7.83933,6.30282,3.75615,6.08337,-0.82354,0.0834296,2.78484e+11,,,,,,,,,,,,,,4133.6,4133
U4_23396,U,U4_23396_YJ.fits,LOW,1,0.79402,10.57,0.074131,0.162,0.808,0.56277,0,0,5.54519,0.71421,ok,ok,4.93399,1.21892,4.04785,78.9872,25.853,2.70165,0.999578,305,240,22,3,0,15,13.9775,7.88391,10.0456,,,,,,,,,,,,,,,,,0,0,0,,0,7.48906,1.21323,0.723021,6.66918,-2.39125,0.0199951,3.78964e+10,,,,,,,,,,,,,,3531.44,3531
U4_30207,U,U4_30207_YJ.fits,LOW,1,0.91557,10.85,0.11749,0.231,0.214,0.36408,0,2,0.65904,0.39065,ok,ok,-0.0807126,0.449129,-0.179709,38.1013,15.3153,2.55988,0.999352,300,238,9,9,0,7.97895,10.0613,8.30839,8.43137,,,,,,,,,,,,,,,,,0,0,0,,0,7.82891,1.80848,1.07776,6.10246,-2.4758,0.0173341,7.20217e+10,,,,,,,,,,,,,,3643.84,3643
U4_32808,U,U4_32808_YJ.fits,LOW,1,0.91523,10.97,0.154882,0.318,0.746,0.61862,0,2,4.85415,0.38524,ok,ok,3.55479,1.87047,1.90048,-19.1741,51.8497,2.2005,0.989166,303,240,0,0,0,,,8.37851,6.45884,,,,,,,,,,,,,,,,,0,0,0,,0,7.8281,2.48934,1.48351,6.10394,-2.4373,0.0164853,9.48639e+10,,,,,,,,,,,,,,3929.8,3930
COS4_03784,COS,COS4_03784_H.fits,MID,0,1.50434,10.26,37.1999,0.3,0.639,0.42028,0,2,6.75307,1.08417,ok,ok,6.57138,1.08139,6.0768,12.9504,14.9484,2.37461,0.999578,389,320,2,1,0,7,12,10.3936,10.0098,,,,,,,,,,,,,,,,,0,0,0,,0,8.46345,2.53903,1.51313,4.19031,0.125738,1.24012,4.07635e+10,,,,,,,,,,,,,,4037.28,4037
COS4_04484,COS,COS4_04484_H.fits,MID,0,1.65087,10.99,36.3105,0.29,0.483,0.38841,0,2,1.94373,0.59875,ok,ok,-0.481032,1.11774,-0.43036,-700,,2.09621,0.999125,354,287,0,0,0,,,9.88274,9.47736,,,,,,,,,,,,,,,,,0,0,0,,0,8.47081,2.45653,1.46397,3.86134,-0.476466,0.365853,1.33476e+11,,,,,,,,,,,,,,3854.86,3854
COS4_04536,COS,COS4_04536_H.fits,MID,0,1.64373,11.16,54.7903,0.56,0.324,0.4225,0,2,2.66866,0.38184,ok,ok,2.94751,1.08832,2.70831,-700,,1.89471,0.998899,370,303,0,0,0,,,8.51595,10.0558,,,,,,,,,,,,,,,,,0,0,0,,0,8.47128,4.74392,2.82713,3.87638,-0.420808,0.339856,1.93668e+11,,,,,,,,,,,,,,3949.25,3949
COS4_05606,COS,COS4_05606_H.fits,MID,0,1.65609,9.9,56.4419,0.474,0.235,0.424,0,2,16.0503,0.5672,ok,ok,16.3534,1.34357,12.1716,-2.21294,15.1796,1.93401,0.999125,305,240,25,11,1,14.5934,12.4765,6.84698,9.75226,82.7653,58,0.534272,0.267411,0.424,2,1,0,0.4,0,,,,,,,0,0,0,0,0,8.47041,4.01498,2.39271,3.85039,0.519652,2.97996,3.1614e+10,0,0,0,,,,,,,,,2.02227,1.67336,3976.75,3976
COS4_06452,COS,COS4_06452_H.fits,MID,0,1.6905,10.5,92.6218,0.291,0.602,0.59439,0,2,4.12783,0.75489,ok,ok,4.13935,0.982855,4.21156,12.7353,12.9396,1.64506,0.999352,323,256,0,0,0,,,8.73544,8.65615,,,,,,,,,,,,,,,,,0,0,0,,0,8.46679,2.46384,1.46832,3.77949,0.279226,1.40028,7.59034e+10,,,,,,,,,,,,,,4912.79,4912
COS4_07757,COS,COS4_07757_H.fits,MID,0,1.64411,9.93,10.2329,0.403,0.899,0.41021,0,0,9.11217,0.60216,ok,ok,8.40234,0.747333,11.2431,25.3144,9.64464,2.12671,1.00071,369,301,1,1,0,16,11,10.2626,10.4133,,,,,,,,,,,,,,,,,0,0,0,,0,8.47126,3.41392,2.03452,3.87558,-0.240397,1.14161,1.82281e+10,,,,,,,,,,,,,,4462.47,4462
COS4_08958,COS,COS4_08958_H.fits,MID,0,1.49748,10.46,0.831764,0.185,0.742,0.42309,0,0,6.99816,0.37103,ok,ok,6.01104,0.695762,8.63951,24.0348,16.3409,2.03702,1.00116,372,305,2,2,0,6.39091,3,10.4234,10.251,,,,,,,,,,,,,,,,,0,0,0,,0,8.46213,1.56549,0.932953,4.20681,-1.66833,0.117584,3.22315e+10,,,,,,,,,,,,,,3811.65,3811
COS4_09252,COS,COS4_09252_H.fits,MID,0,1.51617,10.8,47.5424,0.415,0.471,0.40068,0,0,1.03988,0.27274,ok,ok,1.27973,0.376839,3.39596,-0.332783,25.7637,2.03689,1.00048,337,269,1,1,0,14,15,9.02575,9.57961,,,,,,,,,,,,,,,,,0,0,0,,0,8.46549,3.51318,2.09367,4.1621,-0.167327,0.566233,9.88226e+10,,,,,,,,,,,,,,4050.34,4050
COS4_09356,COS,COS4_09356_H.fits,MID,0,1.59732,10.77,29.8295,0.379,0.618,0.58549,0,0,1.64185,0.29347,ok,ok,1.08163,0.528018,2.04847,-8.34208,24.8127,1.61143,0.976943,305,240,18,9,0,10.0198,1.96495,9.3118,10.6952,,,,,,,,,,,,,,,,,0,0,0,,0,8.47241,3.21104,1.91361,3.97657,-0.379473,0.474511,8.68256e+10,,,,,,,,,,,,,,3919.55,3919
COS4_09667,COS,COS4_09667_H.fits,MID,0,1.60631,11.29,22.9541,1.098,0.975,0.42431,0,0,3.7631,0.81909,ok,ok,4.35679,0.735896,5.92039,18.1797,16.4001,1.84674,0.99822,305,240,1,1,0,3,9,8.71451,9.10749,,,,,,,,,,,,,,,,,0,0,0,,0,8.47247,9.30277,5.54396,3.95684,-0.879931,0.170476,2.28225e+11,,,,,,,,,,,,,,4325.95,4325
COS4_09745,COS,COS4_09745_H.fits,MID,0,1.691,10.14,26.9271,0.443,0.68,0.38373,0,0,9.1063,0.87369,ok,ok,7.84194,1.48336,5.28659,13.9075,12.4383,2.27137,0.999578,334,269,12,9,0,13.0011,6.00247,9.09336,9.40361,,,,,,,,,,,,,,,,,0,0,0,,0,8.46673,3.75076,2.23526,3.77847,0.00957069,1.3472,3.24003e+10,,,,,,,,,,,,,,3732.17,3732
COS4_10048,COS,COS4_10048_H.fits,MID,0,1.49677,10.34,32.9276,1.127,0.229,0.44145,0,0,18.0703,0.97985,ok,ok,17.7756,0.993675,17.8888,3.79313,6.61837,2.39652,0.999125,305,240,67,59,1,6.29008,5.52768,8.13692,8.47363,83.4633,104,0.807023,0.522953,0.44145,2,3,0.4,0.6,0,-26.6284,26.7267,-13.4013,,118.193,-0.113385,0,0,0,0,0,8.46199,9.53667,5.68335,4.20852,0.0171766,1.01259,4.40306e+10,3.3848,0.354925,0.906105,0.571864,0.473199,0.689292,0.570366,0.428004,0.859585,0.354159,0.711278,0.574529,0.475404,3873.93,3874
COS4_10060,COS,COS4_10060_H.fits,MID,0,1.5136,9.76,8.31764,0.322,0.333,0.38887,0,2,9.01753,0.77107,ok,ok,8.24891,0.865518,9.5306,6.95049,6.42325,2.15663,0.999578,339,272,2,1,0,6,10,9.30878,9.33769,,,,,,,,,,,,,,,,,0,0,0,,0,8.46507,2.72575,1.62441,4.1682,-0.162471,1.31443,1.33181e+10,,,,,,,,,,,,,,4093.95,4094
COS4_10344,COS,COS4_10344_H.fits,MID,0,1.5148,9.96,137.076,0.273,0.498,0.4064,1,0,6.51628,0.31854,ok,ok,6.17632,0.331953,18.606,13.4402,3.01734,1.87743,0.999352,369,301,13,8,0,8.18451,7.46962,9.702,10.3897,,,,,,,,,,,,,,,,,0,0,0,,0,8.46527,2.31102,1.37725,4.16535,0.907739,4.13367,4.68197e+10,,,,,,,,,,,,,,3943.72,3943
COS4_11343,COS,COS4_11343_H.fits,MID,0,1.64746,9.89,32.6604,0.473,0.591,0.38373,0,2,14.1086,1.63166,ok,ok,12.0406,1.08451,11.1023,6.95157,9.05848,1.84926,0.998899,334,269,6,4,0,15.2399,12.7032,8.33652,9.88195,,,,,,,,,,,,,,,,,0,0,0,,0,8.47104,4.0068,2.38785,3.86851,0.292148,2.26315,2.53301e+10,,,,,,,,,,,,,,3447.37,3447
COS4_11606,COS,COS4_11606_H.fits,MID,0,1.64074,9.88,39.961,0.227,0.853,0.44145,1,0,15.5865,0.96118,ok,ok,18.0668,1.19237,15.152,-2.28687,8.54221,2.15724,1.00048,305,240,35,25,1,10.3717,6.28079,8.56714,9.82197,32.1862,204,0.940571,0.0699217,0.44145,3,0,0,0.6,0,,,,,,,0,0,0,0,0,8.47146,1.92302,1.14602,3.88271,0.389253,2.55729,2.69848e+10,0,0,0,,,,,,,,,1.86716,1.54501,4099.09,4099
COS4_11609,COS,COS4_11609_H.fits,MID,0,1.63967,9.44,3.38844,0.411,0.55,0.46549,1,0,7.08394,0.8991,ok,ok,18.2584,0.825695,22.1128,59.2209,5.162,1.77683,1.00071,288,225,48,17,1,8.72353,2.70844,7.54985,7.55716,58.4722,242,0.266715,0.522953,0.46549,1,2,0.2,0.4,1,20.9854,20.5856,12.3098,0.980945,101.808,0.120912,0,0,0,0,0,8.47152,3.48179,2.07497,3.88498,-0.356893,1.46561,6.79086e+09,1.6943,0.486618,0.429655,0.670013,0.554413,0.694561,0.574726,0.470878,1.06828,0.389636,0.883968,0.531072,0.439444,4375.5,4375
COS4_11696,COS,COS4_11696_H.fits,MID,0,1.51704,10.25,40.3992,0.157,0.87,0.44216,1,0,18.1611,0.42566,ok,ok,17.3978,0.419998,41.4236,14.3942,2.16374,2.2072,1.00048,336,271,94,72,1,6.4455,9.17833,8.45873,9.58133,30.2132,36,0.0862082,0.05,0.44216,0,2,0,0.4,0,,,,,,,0,0,0,0,0,8.46563,1.3291,0.792076,4.16003,0.164121,1.32265,4.13032e+10,0,0,0,,,,,,,,,6.42611,5.31739,4002.59,4002
COS4_12056,COS,COS4_12056_H.fits,MID,0,1.5999,9.71,9.33254,0.658,0.561,0.37863,0,0,9.42401,0.51116,ok,ok,9.16705,0.668278,13.7174,8.76227,6.77517,1.89236,1.00048,339,272,44,12,1,14.8549,2.61213,9.28379,8.81832,57.6597,292,0.706916,0.191222,0.4,1,1,0.2,0.2,1,10.2354,7.59343,6.05726,0.74188,1e-10,6.05726e+10,0,0,0,0,0,8.47244,5.57487,3.32233,3.97089,-0.104126,1.56295,1.31444e+10,1.69449,0.303951,0.52822,0.486849,0.402852,0.635766,0.526075,0.338403,0.783742,0.280017,0.64852,0.486849,0.402852,4397.67,4397
COS4_12157,COS,COS4_12157_H.fits,MID,0,1.49825,9.73,4.0738,0.187,0.609,0.44145,0,0,8.35088,0.43258,ok,ok,6.98736,0.475191,14.7043,17.016,4.75332,1.89582,0.998899,305,240,16,14,1,4.29111,4.41167,8.70718,7.931,54.0496,296,0.841162,0.267411,0.44145,2,1,0.2,0.4,0,39.522,10.2141,24.4106,0.258442,49.3113,0.49503,1,0,0,0,0,8.46229,1.58245,0.943056,4.20495,-0.445243,0.942624,1.04325e+10,1.69246,1.06952,0.453052,3.69029,3.05359,2.90472,2.40355,2.79496,5.48094,2.31274,4.53529,1.57364,1.30213,3789.93,3789
COS4_12476,COS,COS4_12476_H.fits,MID,0,1.51431,10.05,56.8348,0.223,0.497,0.47734,1,0,30.6315,1.30975,ok,ok,27.121,0.999973,27.1217,21.5395,4.60945,1.96248,1.00003,288,225,61,44,1,3.41408,6.39095,7.83856,7.51458,62.3309,114,0.420993,0.05,0.47734,0,0,0,0,0,,,,,,,0,0,0,0,0,8.46519,1.88774,1.12499,4.16651,0.459715,2.22446,3.61791e+10,0,0,0,,,,,,,,,,,4267.73,4267
COS4_12497,COS,COS4_12497_H.fits,MID,0,1.51518,9.75,6.76083,0.245,0.897,0.4064,0,0,4.39478,0.28232,ok,ok,4.84161,0.509167,9.50889,0.14421,8.87776,2.19551,1.00026,371,305,29,9,0,14.0033,14.9167,10.2417,8.93181,,,,,,,,,,,,,,,,,0,0,0,,0,8.46533,2.07401,1.236,4.16444,-0.245695,1.1985,1.23631e+10,,,,,,,,,,,,,,4107.51,4105
COS4_12891,COS,COS4_12891_H.fits,MID,0,1.49828,9.62,4.0738,0.322,0.688,0.38373,0,0,7.99367,0.38332,ok,ok,7.29813,0.648097,11.2609,22.5939,8.61853,1.82442,0.999804,334,269,5,2,0,6.61906,4,7.95621,9.68548,,,,,,,,,,,,,,,,,0,0,0,,0,8.46229,2.72486,1.62387,4.20488,-0.36488,1.13616,8.90502e+09,,,,,,,,,,,,,,3537.14,3537
COS4_13038,COS,COS4_13038_H.fits,MID,0,1.49815,10.31,15.4882,0.349,0.788,0.44865,0,0,10.6262,0.25812,ok,ok,9.46379,0.382195,24.7617,7.89386,3.14659,1.92759,1.00094,305,240,56,21,1,12.3271,3.27788,8.81322,9.03711,38.93,212,0.170094,0.191222,0.44865,2,0,0,0.4,0,,,,,,,0,0,0,0,0,8.46227,2.95333,1.76003,4.20519,-0.288994,0.71469,3.50095e+10,0,0,0,,,,,,,,,3.36015,2.78041,3871.52,3871
COS4_13748,COS,COS4_13748_H.fits,MID,0,1.52462,9.83,85.6174,0.373,0.501,0.44145,1,0,5.33083,0.29643,ok,ok,8.92947,0.45052,19.8204,29.4324,4.91152,1.8316,0.999352,305,240,30,10,1,14.1955,13.4963,8.79997,8.39217,62.0422,20,0.0513502,2,0.44145,0,3,0,0.6,0,,,,,,,0,0,0,0,0,8.46678,3.15811,1.88207,4.14213,0.795066,4.02985,3.4006e+10,0,0,0,,,,,,,,,1.98,1.63838,3718.74,3722
COS4_13813,COS,COS4_13813_H.fits,MID,0,1.52543,10.41,77.6081,0.783,0.537,0.46549,1,0,12.0897,0.4541,ok,ok,14.0456,0.583042,24.0903,5.1527,5.4281,1.76622,0.999578,320,256,50,19,1,3.25509,9.60093,8.86626,8.51048,59.4265,226,0.697205,0.05,0.46549,4,6,0.6,1.2,0,33.2085,21.1285,19.2854,0.636238,77.3672,0.249271,0,0,0,0,0,8.4669,6.62958,3.95088,4.14023,0.327367,1.4278,6.24042e+10,5.08014,0.766284,1.28896,1.53148,1.26725,1.32561,1.0969,1.08115,2.43216,0.894613,2.01253,0.877033,0.725715,4049.53,4049
COS4_13890,COS,COS4_13890_H.fits,MID,0,1.52566,11.33,133.519,0.683,0.687,0.44145,0,2,9.39336,0.69412,ok,ok,12.2722,0.956388,12.8318,-55.7135,30.1381,1.94271,1.00003,305,240,15,4,0,14.7644,4.09498,8.78909,8.88895,,,,,,,,,,,,,,,,,0,0,0,,0,8.46693,5.78291,3.44631,4.13969,-0.110863,0.398548,2.99004e+11,,,,,,,,,,,,,,3607.45,3607
COS4_16369,COS,COS4_16369_H.fits,MID,0,1.49962,9.83,5.12861,0.461,0.707,0.46549,0,0,4.72309,0.63303,ok,ok,4.25196,0.878508,4.83998,19.22,14.5937,2.31839,1.00139,318,254,4,3,0,12,7.99413,8.79089,8.54558,,,,,,,,,,,,,,,,,0,0,0,,0,8.46255,3.90124,2.32493,4.20165,-0.418793,0.899103,1.28395e+10,,,,,,,,,,,,,,3847.26,3846
COS4_16547,COS,COS4_16547_H.fits,MID,0,1.52883,10.15,6.16595,0.437,0.47,0.42673,0,0,4.56265,0.21253,ok,ok,3.74505,0.361824,10.3505,14.8145,9.8608,1.83633,0.99822,383,317,5,2,0,9.48277,8,8.95721,11.1073,,,,,,,,,,,,,,,,,0,0,0,,0,8.46737,3.70024,2.20515,4.13224,-0.583362,0.58086,2.23302e+10,,,,,,,,,,,,,,3996.56,3997
COS4_17162,COS,COS4_17162_H.fits,MID,0,1.65516,9.98,113.227,0.225,0.565,0.45325,0,0,34.0812,1.01048,ok,ok,33.1222,0.650895,50.8872,7.92075,2.21916,1.72398,0.999352,353,286,95,49,1,5.11767,7.53316,9.60145,9.69916,57.3631,34,0.0822035,2,0.45325,0,3,0,0.6,0,,,,,,,0,0,0,0,0,8.47049,1.90586,1.13579,3.85234,0.763101,3.75819,4.54404e+10,0,0,0,,,,,,,,,3.14572,2.60298,3691.29,3691
COS4_17237,COS,COS4_17237_H.fits,MID,0,1.33411,9.98,17.378,0.533,0.399,0.46885,0,0,6.56051,0.75114,ok,ok,6.79973,1.24762,5.45018,37.0031,24.7608,2.04226,1.00139,284,224,5,4,0,12.9342,11.2637,8.07596,7.8116,,,,,,,,,,,,,,,,,0,0,0,,0,8.39957,4.47697,2.66804,4.63283,0.0663262,1.25532,2.15381e+10,,,,,,,,,,,,,,3669.03,3668
COS4_17519,COS,COS4_17519_H.fits,MID,0,1.70782,10.38,114.062,0.392,0.776,0.47403,0,0,20.3099,0.72258,ok,ok,19.7007,0.468157,42.0814,-10.5335,2.85897,1.66777,1.00003,320,256,77,60,1,5.47693,11.4083,8.59715,8.88421,40.0712,110,0.428668,0.522953,0.47403,2,2,0.4,0.4,0,98.6685,15.4545,76.637,0.15663,100.8,0.760289,0,0,0,1,0,8.46434,3.31802,1.97737,3.7446,0.453061,1.92736,7.02224e+10,3.38573,1.02041,0.843828,5.85201,4.84235,4.65736,3.85381,3.92555,9.70495,3.24826,8.03052,5.85201,4.84235,4652.06,4652
COS4_17808,COS,COS4_17808_H.fits,MID,0,1.58837,10.72,91.5666,0.381,0.831,0.46549,0,0,10.9029,0.42622,ok,ok,11.1701,0.610757,18.289,17.2268,5.53809,2.11812,1.00003,302,238,53,13,1,10.6232,8.59918,7.87571,7.76114,34.593,298,0.874024,2,0.46549,1,1,0.2,0.2,0,68.9558,16.4649,60.7279,0.238774,65.5846,0.925949,1,0,0,1,0,8.47222,3.22792,1.92367,3.99637,0.147802,0.934393,1.01518e+11,1.69444,0.524934,0.429655,11.581,9.58291,11.6108,9.60753,8.78397,17.1752,7.26844,14.2119,11.581,9.58291,3751.9,3751
COS4_18064,COS,COS4_18064_H.fits,MID,0,1.65341,9.95,22.9087,0.215,0.77,0.41258,1,0,24.8736,0.44582,ok,ok,33.1429,1.04647,31.6713,21.1755,5.73958,1.86905,0.997541,284,224,105,63,1,8.08738,3.86075,8.05631,6.76613,40.6322,264,0.158482,2,0.41258,3,0,0,0.6,0,,,,,,,0,0,0,0,0,8.47062,1.82118,1.08533,3.856,0.0918938,1.69531,2.4022e+10,0,0,0,,,,,,,,,1.66311,1.37616,4771.71,4774
COS4_18358,COS,COS4_18358_H.fits,MID,0,1.64846,9.61,10.4713,0.258,0.589,0.45574,0,0,16.249,1.0244,ok,ok,16.182,0.886029,18.2635,14.6238,3.10365,2.02662,0.998899,320,256,54,28,1,4.00762,7.38538,8.51013,8.72622,55.5679,204,0.728607,0.05,0.45574,0,0,0,0,0,,,,,,,0,0,0,0,0,8.47098,2.18551,1.30245,3.8664,0.00486817,1.99865,1.22159e+10,0,0,0,,,,,,,,,,,4391.4,4391
COS4_18435,COS,COS4_18435_H.fits,MID,0,1.42947,10.37,25.8805,0.322,0.617,0.4595,0,0,8.6825,0.26389,ok,ok,8.96602,0.422443,21.2242,17.332,5.61259,2.33602,0.998446,320,256,54,19,1,6.42518,11.0442,8.49397,8.75665,53.4359,8,0.659888,0.0977808,0.4595,0,2,0,0.4,0,,,,,,,0,0,0,0,0,8.44374,2.71888,1.62031,4.3762,-0.0824537,0.829955,4.28983e+10,0,0,0,,,,,,,,,4.51515,3.73614,3840.99,3840
COS4_18709,COS,COS4_18709_H.fits,MID,0,1.65331,9.98,25.6742,0.511,0.371,0.45325,1,2,4.51794,0.40986,ok,ok,7.94244,0.578353,13.7328,-13.9863,7.69183,1.88079,1.00116,320,256,19,4,0,15.4743,3.69212,7.80235,7.73059,,,,,,,,,,,,,,,,,0,0,0,,0,8.47063,4.32849,2.57955,3.85621,0.119231,1.71084,2.58884e+10,,,,,,,,,,,,,,4696.93,4695
COS4_18795,COS,COS4_18795_H.fits,MID,0,1.60158,10.1,15.1356,0.421,0.328,0.47511,0,2,4.46638,0.74962,ok,ok,4.2318,0.641791,6.59373,14.4552,17.14,2.20836,1.00026,362,300,0,0,0,,,8.41921,10.0856,,,,,,,,,,,,,,,,,0,0,0,,0,8.47246,3.5669,2.12569,3.9672,-0.182027,1.0391,2.56707e+10,,,,,,,,,,,,,,4022.61,4022
COS4_18969,COS,COS4_18969_H.fits,MID,0,1.4048,10.54,26.7075,0.58,0.791,0.49598,0,0,18.7681,0.63663,ok,ok,14.7187,0.520398,28.2836,8.4549,1.84731,1.87488,0.999125,320,254,83,40,1,6.6787,5.02311,8.50793,8.67982,38.6405,46,0.0998793,0.05,0.49598,0,2,0,0.4,0,,,,,,,0,0,0,0,0,8.43449,4.89201,2.91538,4.44037,-0.181683,0.628178,5.64549e+10,0,0,0,,,,,,,,,2.64597,2.18945,4083.64,4083
COS4_19049,COS,COS4_19049_H.fits,MID,0,1.36808,10.03,3.71535,0.263,0.852,0.49598,0,0,11.1677,1.96642,ok,ok,10.9995,1.65253,6.65616,2.54699,13.9035,1.97543,1.00139,336,271,0,0,0,,,7.87272,8.79909,,,,,,,,,,,,,,,,,0,0,0,,0,8.41798,2.21393,1.31938,4.53871,-0.653904,0.516,1.62442e+10,,,,,,,,,,,,,,4152.48,4153
COS4_20007,COS,COS4_20007_H.fits,MID,0,1.76886,9.89,25.7521,1.005,0.234,0.45496,0,2,32.3543,1.98995,ok,ok,13.9291,3.74922,3.71519,84.5127,11.7788,2.30931,0.983054,306,240,0,0,0,,,9.20353,9.71864,,,,,,,,,,,,,,,,,0,0,0,,0,8.45251,8.49477,5.06244,3.6257,0.153054,2.05616,2.37233e+10,,,,,,,,,,,,,,4611.23,4610
COS4_20449,COS,COS4_20449_H.fits,MID,0,1.65593,10.04,13.1826,0.399,0.81,0.47305,0,0,8.98006,0.39522,ok,ok,9.41256,0.54204,17.3651,12.3993,4.57951,2.12751,0.999125,336,271,43,25,1,10.3899,5.43746,9.34176,9.28308,36.7642,10,0.737255,0.522953,0.47305,2,3,0.4,0.6,0,48.3114,16.1027,40.3589,0.33331,67.1706,0.600841,1,0,0,0,0,8.47042,3.3797,2.01412,3.85072,-0.215484,1.08529,2.28647e+10,3.38817,1.00251,0.845577,1.85975,1.53888,1.48658,1.23009,1.3758,2.82765,1.13843,2.33979,1.26563,1.04727,4576.91,4578
COS4_20595,COS,COS4_20595_H.fits,MID,0,1.65469,10.08,17.7828,0.293,0.518,0.45843,0,0,23.4524,0.85924,ok,ok,22.7612,0.581401,39.1489,13.6288,2.03643,2.2048,1.00071,335,270,81,23,1,3.33288,11.931,8.56236,9.17707,60.8114,228,0.700512,2,0.45843,2,1,0.2,0.4,0,12.0681,8.74878,6.91173,0.724948,73.0479,0.0946191,0,0,0,0,0,8.47052,2.48186,1.47906,3.85332,-0.114683,1.18747,2.62992e+10,1.6941,0.682594,0.436272,4.80476,3.97578,4.33323,3.5856,3.50063,7.41303,2.89665,6.13403,3.01671,2.49623,4463.91,4464
COS4_20631,COS,COS4_20631_H.fits,MID,0,1.5102,11,94.2667,0.553,0.486,0.44506,0,2,9.50073,0.86289,ok,ok,9.36676,0.669006,14.001,15.2265,15.6431,1.86603,0.999352,349,285,13,7,0,16.2929,9.87805,9.95488,9.6823,,,,,,,,,,,,,,,,,0,0,0,,0,8.46449,4.68086,2.78955,4.17629,-0.0138993,0.578591,1.57859e+11,,,,,,,,,,,,,,3601.34,3601
COS4_23287,COS,COS4_23287_H.fits,MID,0,1.49583,9.76,6.91831,0.22,0.508,0.44628,0,0,7.8716,0.42826,ok,ok,6.83742,0.570443,11.9862,5.80051,6.82926,2.11953,1.00048,406,343,9,4,0,3.43921,5.50217,10.4667,8.16849,,,,,,,,,,,,,,,,,0,0,0,,0,8.4618,1.8616,1.10941,4.21079,-0.23632,1.18514,1.25741e+10,,,,,,,,,,,,,,4060.31,4060
COS4_24012,COS,COS4_24012_H.fits,MID,0,1.53116,10.17,65.9754,0.54,0.256,0.45961,0,0,4.51574,0.27517,ok,ok,4.21887,0.497103,8.48691,8.73007,14.1073,1.93779,0.999804,321,256,4,1,0,16,13,8.79302,7.2079,,,,,,,,,,,,,,,,,0,0,0,,0,8.46768,4.57255,2.725,4.12679,0.430523,1.97321,4.39771e+10,,,,,,,,,,,,,,4272.94,4273
COS4_24738,COS,COS4_24738_H.fits,MID,0,1.58875,10.02,14.1254,0.312,0.656,0.45926,0,0,8.58096,0.35396,ok,ok,9.63161,0.60893,15.8173,19.8994,8.35048,1.75207,1.00071,321,256,16,3,0,13.3085,12.7352,7.44681,9.03837,,,,,,,,,,,,,,,,,0,0,0,,0,8.47224,2.64334,1.57529,3.99552,-0.148797,1.14405,2.2451e+10,,,,,,,,,,,,,,3494.43,3494
COS4_25147,COS,COS4_25147_H.fits,MID,0,1.64361,10.3,28.9532,0.419,0.375,0.44684,0,2,4.55598,1.28248,ok,ok,3.82914,1.41351,2.70895,56.8579,36.698,2.1518,0.980791,297,238,0,0,0,,,10.7807,8.2483,,,,,,,,,,,,,,,,,0,0,0,,0,8.47129,3.54947,2.1153,3.87664,-0.0620509,1.05294,4.09614e+10,,,,,,,,,,,,,,4619.77,4620
COS4_25850,COS,COS4_25850_H.fits,MID,0,1.59942,10.1,5.37032,0.161,0.77,0.45961,0,0,5.87323,0.27038,ok,ok,5.61394,0.498373,11.2645,23.7411,7.18604,1.89709,1.00026,368,301,19,15,1,10.0588,5.65313,9.12796,9.96395,40.6322,270,0.580048,2,0.45961,2,2,0.4,0.4,0,327.797,10.9726,251.687,0.0334738,29.3107,8.58685,1,1,1,1,1,8.47244,1.36406,0.81291,3.97194,-0.6313,0.599655,2.01385e+10,3.38898,2.48447,0.870303,3.12112,2.58262,2.40233,1.98784,2.53612,4.29111,2.09855,3.55075,3.12112,2.58262,4449.43,4449
COS4_26338,COS,COS4_26338_H.fits,MID,0,1.59728,11.17,101.819,0.527,0.443,0.45961,0,2,6.81409,0.51453,ok,ok,7.51476,0.882089,8.51927,-174.583,49.3951,2.26647,0.999352,368,299,2,1,0,14,9,9.29435,10.6304,,,,,,,,,,,,,,,,,0,0,0,,0,8.47241,4.46496,2.66088,3.97666,-0.140917,0.459905,2.15936e+11,,,,,,,,,,,,,,4493.78,4495
GS4_01962,GS,GS4_01962_H.fits,MID,0,1.34238,9.46,4.16869,0.18,0.692,0.37088,0,0,19.4505,0.86158,ok,ok,15.8333,0.817851,19.3596,13.6912,4.19594,1.30255,0.999125,349,283,42,23,1,3.70706,6.18936,12.1602,7.23184,47.4581,266,0.849058,0.05,0.4,0,3,0,0.6,0,,,,,,,0,0,0,0,0,8.40434,1.51278,0.901538,4.60963,-0.182679,1.41912,6.97681e+09,0,0,0,,,,,,,,,0.482522,0.399271,3688.56,3688
GS4_01994,GS,GS4_01994_H.fits,MID,0,1.55141,9.93,6.45654,0.538,0.46,0.54763,0,0,12.5362,0.31094,ok,ok,11.6497,0.425504,27.3784,9.87157,3.32395,1.80368,1.00026,316,254,60,41,1,4.77486,10.4778,10.0167,8.01809,64.9892,42,0.638588,0.267411,0.54763,2,5,0.4,1,0,36.4775,23.688,20.126,0.649385,71.7244,0.280602,0,0,0,0,0,8.46997,4.55684,2.71564,4.07985,-0.409996,0.871138,1.5926e+10,3.38799,0.743494,0.73042,0.837466,0.692975,0.732437,0.606067,0.642518,1.22736,0.531662,1.0156,0.363226,0.300557,3946.58,3945
GS4_02383,GS,GS4_02383_H.fits,MID,0,1.62165,11.2,1.58489,0.281,0.007,0.54763,0,2,3.17563,0.48464,ok,ok,2.80199,1.08688,2.57802,-147.764,144.987,2.07728,1.00162,322,255,0,0,0,,,9.39802,7.85951,,,,,,,,,,,,,,,,,0,0,0,,0,8.47225,2.3807,1.41877,3.92352,-1.98051,0.0483433,1.66151e+11,,,,,,,,,,,,,,4182.98,4183
GS4_02478,GS,GS4_02478_H.fits,MID,0,1.4127,9.57,15.9718,0.106,0.703,0.86195,0,0,8.80353,1.7463,ok,ok,7.88122,1.15482,6.82464,11.493,7.02887,1.65907,0.976943,313,252,0,0,0,,,10.6896,10.2239,,,,,,,,,,,,,,,,,0,0,0,,0,8.43761,0.894387,0.533008,4.41965,0.294962,2.47215,1.29002e+10,,,,,,,,,,,,,,4007.58,4007
GS4_02523,GS,GS4_02523_H.fits,MID,0,1.61169,10.68,41.8769,0.649,0.753,0.42262,0,0,13.7309,0.41655,ok,ok,12.999,0.603535,21.5381,-21.4927,4.13937,2.27436,0.999352,289,225,81,13,1,10.5489,1.47793,7.7058,8.46733,42.1899,320,0.646932,0.05,0.42262,1,2,0.2,0.4,1,91.3294,27.3483,67.995,0.299447,109.841,0.619034,1,0,0,0,0,8.47244,5.49861,3.27688,3.9451,-0.171146,0.664351,7.96608e+10,1.69449,0.308166,0.473238,3.04129,2.51657,3.94282,3.26255,2.4343,4.25527,2.01431,3.52109,3.04843,2.52248,4280.6,4279
GS4_02941,GS,GS4_02941_H.fits,MID,0,1.37935,10.64,47.2345,0.225,0.594,0.6332,0,0,5.46533,0.36382,ok,ok,5.89737,0.830683,7.09942,-0.474618,21.5465,1.88976,1.00048,320,256,3,2,0,15,1.46343,9.97219,8.81103,,,,,,,,,,,,,,,,,0,0,0,,0,8.42341,1.89527,1.12948,4.50816,0.00482867,0.712076,7.47348e+10,,,,,,,,,,,,,,3543.25,3543
GS4_04505,GS,GS4_04505_H.fits,MID,0,1.38142,11,290.308,0.589,0.458,0.54763,0,0,11.2148,0.51468,ok,ok,11.6053,0.787237,14.7418,2.58995,11.1884,2.11328,1.00139,320,256,17,7,0,2.27906,14.1108,9.17313,8.55537,,,,,,,,,,,,,,,,,0,0,0,,0,8.42437,4.96195,2.95706,4.50258,0.53224,1.01585,2.01585e+11,,,,,,,,,,,,,,3634.37,3634
GS4_05030,GS,GS4_05030_H.fits,MID,0,1.3803,10.84,1.31826,0.309,0.428,0.60815,0,2,1.75387,0.35814,ok,ok,2.19331,0.588983,3.7239,32.7347,31.2558,2.01225,1.00071,333,269,0,0,0,,,9.98469,8.91737,,,,,,,,,,,,,,,,,0,0,0,,0,8.42385,2.60297,1.55123,4.5056,-1.69443,0.0762562,7.44587e+10,,,,,,,,,,,,,,3662.17,3661
GS4_06077,GS,GS4_06077_H.fits,MID,0,1.38164,10.33,19.3296,0.371,0.899,0.37088,0,2,11.8273,0.72461,ok,ok,8.52823,0.839201,10.1623,24.0892,7.53346,1.64242,0.999125,349,283,14,8,0,13.1209,4.87211,11.0754,8.1466,,,,,,,,,,,,,,,,,0,0,0,,0,8.42447,3.12548,1.86262,4.50199,-0.160125,0.748959,3.73921e+10,,,,,,,,,,,,,,3879.93,3879
GS4_06595,GS,GS4_06595_H.fits,MID,0,1.53952,10.49,37.0277,0.477,0.746,0.55327,0,0,5.69061,0.29173,ok,ok,5.81383,0.509982,11.4001,-10.001,8.69426,1.85957,0.998673,300,239,6,2,0,8.44774,5,8.47947,9.26403,,,,,,,,,,,,,,,,,0,0,0,,0,8.46872,4.03958,2.40738,4.1073,-0.0579814,0.845124,5.70198e+10,,,,,,,,,,,,,,4416.88,4416
GS4_07457,GS,GS4_07457_H.fits,MID,0,1.6132,11.18,61.9802,0.923,0.306,0.44071,0,0,6.81173,0.59042,ok,ok,7.6079,1.10613,6.87796,39.7102,30.8068,2.09885,1.00048,289,225,0,0,0,,,8.05954,8.56382,,,,,,,,,,,,,,,,,0,0,0,,0,8.47242,7.82004,4.66033,3.94182,-0.370177,0.34862,2.04122e+11,,,,,,,,,,,,,,3964.22,3964
GS4_07584,GS,GS4_07584_H.fits,MID,0,1.55063,9.93,15.3915,0.393,0.287,0.54763,1,2,10.0381,0.64688,ok,ok,8.04977,1.21981,6.59921,2.21922,24.2748,2.49147,1.00026,351,286,4,2,0,7.5724,1,8.85969,9.41711,,,,,,,,,,,,,,,,,0,0,0,,0,8.4699,3.32867,1.98371,4.08164,-0.0324483,1.38021,2.02588e+10,,,,,,,,,,,,,,3868.58,3868
GS4_08256,GS,GS4_08256_H.fits,MID,0,1.38185,10.1,18.5571,0.301,0.378,0.37894,0,2,5.22299,0.83494,ok,ok,6.20617,1.3053,4.75458,-6.61476,28.4998,1.55568,0.997993,349,283,0,0,0,,,11.9203,6.8174,,,,,,,,,,,,,,,,,0,0,0,,0,8.42457,2.5358,1.5112,4.50142,-0.0116466,1.08076,2.61952e+10,,,,,,,,,,,,,,3906.29,3906
GS4_08422,GS,GS4_08422_H.fits,MID,0,1.61036,11.45,99.8608,0.073,0.818,0.6332,0,0,22.4898,0.33227,ok,ok,21.6408,0.854009,25.3403,-47.3545,21.0194,1.90713,1.00048,333,269,34,7,0,3.07683,15.3137,10.2032,9.28086,,,,,,,,,,,,,,,,,0,0,0,,0,8.47245,0.618489,0.368587,3.948,-0.361,0.283065,3.61617e+11,,,,,,,,,,,,,,4587.32,4586
GS4_09639,GS,GS4_09639_H.fits,MID,0,1.38201,9.72,19.0627,0.508,0.637,0.65394,0,0,8.75326,0.44509,ok,ok,8.50001,0.937637,9.06535,4.13351,11.3984,1.83736,0.931219,272,210,13,9,0,8.8895,4.76449,7.8607,5.17497,,,,,,,,,,,,,,,,,0,0,0,,0,8.42464,4.27972,2.55049,4.50099,0.274692,2.08233,1.61763e+10,,,,,,,,,,,,,,3607.5,3607
GS4_10784,GS,GS4_10784_H.fits,MID,0,1.38137,10.08,18.3384,0.329,0.618,0.4513,0,0,16.7469,0.9256,ok,ok,15.9187,0.71202,22.3571,2.52635,3.37429,2.04378,0.999125,368,302,18,5,0,17.4469,16.3085,11.0368,8.7082,,,,,,,,,,,,,,,,,0,0,0,,0,8.42435,2.77161,1.65173,4.50272,-0.00213967,1.11068,2.5376e+10,,,,,,,,,,,,,,3483.77,3483
GS4_11203,GS,GS4_11203_H.fits,MID,0,1.61432,9.96,19.4766,0.118,0.684,0.61836,0,0,6.05968,0.30653,ok,ok,5.85618,0.305528,19.1674,8.5707,4.51477,2.06875,1.00048,351,286,44,15,1,14.6235,12.3783,10.004,9.23591,48.1183,266,0.0907315,2,0.61836,1,2,0.2,0.4,0,6.03568,11.5515,4.05338,1.91387,42.8483,0.0945983,0,0,0,0,0,8.4724,0.999744,0.595795,3.93939,0.026486,1.51325,2.29211e+10,1.69448,1.69492,0.323436,12.4127,10.2711,9.22863,7.63638,8.67577,19.8864,7.17891,16.4553,3.50029,2.89637,4257.05,4256
GS4_11433,GS,GS4_11433_H.fits,MID,0,1.61331,10.6,79.0626,0.328,0.569,0.37894,0,0,10.1861,0.54562,ok,ok,10.431,0.901354,11.5726,-1.57158,14.1196,2.03001,0.998899,342,280,13,8,0,17.0078,10.1188,10.691,8.15467,,,,,,,,,,,,,,,,,0,0,0,,0,8.47242,2.77895,1.65611,3.94158,0.163259,1.06686,8.2283e+10,,,,,,,,,,,,,,4414.21,4414
GS4_14152,GS,GS4_14152_H.fits,MID,0,1.61415,11.29,166.894,0.625,0.59,0.44071,0,0,11.6353,0.44062,ok,ok,11.8932,0.88104,13.4991,-22.1353,21.1941,1.68207,0.999352,289,225,15,5,0,14.6347,5.95086,8.12528,8.25432,,,,,,,,,,,,,,,,,0,0,0,,0,8.47241,5.29525,3.15569,3.93976,-0.021496,0.488575,2.90249e+11,,,,,,,,,,,,,,3567.52,3567
GS4_14356,GS,GS4_14356_H.fits,MID,0,1.35695,10.57,80.5761,1.004,0.255,0.38994,0,0,6.73107,0.51196,ok,ok,6.55053,1.07566,6.08977,41.2011,24.5855,1.67489,0.997993,349,283,6,3,0,10,8.06002,11.1709,10.1646,,,,,,,,,,,,,,,,,0,0,0,,0,8.41229,8.44594,5.03333,4.5692,0.297472,1.05593,7.63849e+10,,,,,,,,,,,,,,2733.04,2733
GS4_15214,GS,GS4_15214_H.fits,MID,0,1.61149,11.22,93.2871,0.641,0.526,0.61836,0,0,2.82029,0.23775,ok,ok,1.99184,0.280009,7.11348,-3.7542,13.1694,1.83416,0.999352,363,300,4,4,0,14.7345,2.27862,10.1321,8.50746,,,,,,,,,,,,,,,,,0,0,0,,0,8.47244,5.43083,3.23649,3.94554,-0.22143,0.404285,2.33053e+11,,,,,,,,,,,,,,3961.41,3961
GS4_15836,GS,GS4_15836_H.fits,MID,0,1.57824,10.57,58.8392,0.359,0.584,0.37894,0,0,9.44938,0.61087,ok,ok,10.0981,1.06592,9.47366,-1.9326,19.481,1.74798,0.999578,345,279,4,2,0,12.4735,9,10.4012,7.02969,,,,,,,,,,,,,,,,,0,0,0,,0,8.47185,3.04139,1.81251,4.01897,0.069886,0.952091,7.25271e+10,,,,,,,,,,,,,,4067.62,4067
GS4_16603,GS,GS4_16603_H.fits,MID,0,1.61253,11.01,1.02329,0.213,0.854,0.61836,0,2,0.53354,0.15082,ok,ok,0.797776,0.495437,1.61025,108.147,75.5589,2.1544,1.00071,332,268,0,0,0,,,9.68381,9.0152,,,,,,,,,,,,,,,,,0,0,0,,0,8.47243,1.80463,1.07546,3.94328,-2.02679,0.0529236,1.07745e+11,,,,,,,,,,,,,,4302.88,4302
GS4_16776,GS,GS4_16776_H.fits,MID,0,1.61291,10.07,44.6661,0.227,0.821,0.38994,1,0,5.4226,0.31128,ok,ok,15.4289,0.42082,36.6638,-21.7856,2.52673,1.82667,1.00116,344,280,49,24,1,15.5725,3.9444,10.7569,9.37283,35.6408,200,0.11623,0.191222,0.4,2,1,0.2,0.4,0,-23.3506,15.24,-20.0365,,77.2291,-0.259442,0,0,0,0,0,8.47242,1.92324,1.14615,3.94245,0.306284,1.94667,3.46203e+10,1.69448,0.881057,0.512899,9.43075,7.80363,7.80915,6.46181,6.31561,15.661,5.22596,12.959,4.7958,3.96836,4122.02,4121
GS4_16814,GS,GS4_16814_H.fits,MID,0,1.61539,11.19,297.713,0.579,0.642,0.40748,0,0,22.2101,1.94102,ok,ok,23.0604,1.21387,18.9973,10.9825,8.72248,1.30727,0.993466,353,287,16,4,0,15.384,10.5348,10.4562,11.6088,,,,,,,,,,,,,,,,,0,0,0,,0,8.47239,4.90551,2.92343,3.93707,0.30313,0.78767,2.76877e+11,,,,,,,,,,,,,,4159.12,4158
GS4_16960,GS,GS4_16960_H.fits,MID,0,1.61704,10.78,347.092,0.462,0.811,0.65392,1,0,14.5587,0.62669,ok,ok,16.7743,0.851368,19.7028,22.6748,11.007,2.13668,1.00094,333,269,35,12,1,12.4949,13.5844,9.26213,8.98791,36.6632,316,0.522498,2,0.65392,2,2,0.4,0.4,0,364.106,8.91181,304.89,0.0244759,18.0116,16.9274,1,1,0,1,0,8.47236,3.91423,2.33268,3.93349,0.671596,1.72033,1.63916e+11,3.38894,0.865801,0.611696,10.8838,9.00598,9.05943,7.49638,7.44236,17.7667,6.1583,14.7013,10.8838,9.00598,4484.77,4485
GS4_17531,GS,GS4_17531_H.fits,MID,0,1.35737,10.68,22.5913,0.557,0.553,0.42113,0,0,12.4496,1.09804,ok,ok,12.1383,1.1436,10.6141,6.51446,18.8493,1.79558,1.00139,350,285,10,8,0,6.90718,16.8362,8.44352,10.0264,,,,,,,,,,,,,,,,,0,0,0,,0,8.41251,4.68577,2.79247,4.56805,-0.334319,0.447141,6.92645e+10,,,,,,,,,,,,,,3880.13,3879
GS4_18505,GS,GS4_18505_H.fits,MID,0,1.49183,10.22,30.0061,0.515,0.313,0.54763,0,2,11.1195,1.20872,ok,ok,10.5276,1.08903,9.66694,26.4168,23.0892,1.75194,1.00003,305,240,3,2,0,10,8.54213,9.31298,7.63505,,,,,,,,,,,,,,,,,0,0,0,,0,8.46098,4.35741,2.59679,4.22047,0.0663653,1.17995,3.61782e+10,,,,,,,,,,,,,,3429.76,3430
GS4_20241,GS,GS4_20241_H.fits,MID,0,1.37855,10.35,67.7069,0.368,0.407,0.42143,0,0,8.54363,0.82931,ok,ok,7.1255,0.853154,8.35196,5.843,14.8606,1.57419,0.995504,321,255,3,2,0,1.51212,7,9.23342,10.4966,,,,,,,,,,,,,,,,,0,0,0,,0,8.42303,3.09968,1.84724,4.51031,0.371156,1.40566,5.3856e+10,,,,,,,,,,,,,,3585.45,3584
GS4_20651,GS,GS4_20651_H.fits,MID,0,1.30673,10.19,55.3473,0.174,0.646,0.37894,0,0,48.705,0.60221,ok,ok,39.6894,0.905311,43.8406,19.9215,2.95786,1.63861,1.00162,349,283,82,22,1,3.99789,5.10954,9.80153,7.34601,51.1762,242,0.2085,2,0.4,0,2,0,0.4,0,,,,,,,0,0,0,0,0,8.38242,1.45854,0.869214,4.71098,0.430478,1.61187,4.04531e+10,0,0,0,,,,,,,,,6.33008,5.23793,3863.39,3863
GS4_21202,GS,GS4_21202_H.fits,MID,0,1.51828,9.71,3.80189,0.464,0.641,0.42051,0,0,13.5379,0.99392,ok,ok,12.6548,0.534618,23.6708,12.799,3.6755,1.68511,0.999352,322,255,37,9,0,10.5638,5.81069,8.98917,8.79097,,,,,,,,,,,,,,,,,0,0,0,,0,8.46582,3.92814,2.34097,4.1571,-0.467478,0.946452,9.9826e+09,,,,,,,,,,,,,,3623.06,3623
GS4_21525,GS,GS4_21525_H.fits,MID,0,1.35639,9.89,13.1826,0.255,0.778,0.43842,0,0,8.11934,0.3514,ok,ok,7.22568,0.460847,15.6791,19.3556,5.90254,2.21641,0.999578,417,349,4,2,0,17.4472,15,10.1558,11.6831,,,,,,,,,,,,,,,,,0,0,0,,0,8.41199,2.14506,1.27834,4.57075,0.00191088,1.27283,1.76428e+10,,,,,,,,,,,,,,3585.6,3585
GS4_24062,GS,GS4_24062_H.fits,MID,0,1.38184,10.57,64.9328,0.268,0.899,0.4539,0,0,8.75769,0.97485,ok,ok,8.39638,0.963656,8.71305,8.17537,9.89962,1.82829,0.999352,338,271,2,1,0,8,9,9.19029,9.30159,,,,,,,,,,,,,,,,,0,0,0,,0,8.42456,2.25778,1.34552,4.50145,0.192519,0.949367,7.24258e+10,,,,,,,,,,,,,,3612.18,3612
GS4_26113,GS,GS4_26113_H.fits,MID,0,1.36045,9.82,4.89779,0.286,0.752,0.42051,0,0,10.0545,1.12404,ok,ok,9.13883,1.167,7.83104,15.9217,14.4297,1.78434,0.999352,335,269,7,7,0,9.19919,3.73432,7.9024,10.2122,,,,,,,,,,,,,,,,,0,0,0,,0,8.41411,2.40644,1.43411,4.55958,-0.379238,0.848823,1.22151e+10,,,,,,,,,,,,,,3457.1,3457
GS4_26139,GS,GS4_26139_H.fits,MID,0,1.55306,11.08,20.1819,0.276,0.688,0.48801,0,2,2.02863,0.25573,ok,ok,2.46533,0.636218,3.87497,-221.764,37.1457,2.15038,0.999352,396,331,0,0,0,,,9.6713,9.74879,,,,,,,,,,,,,,,,,0,0,0,,0,8.47012,2.33775,1.39318,4.07607,-0.759724,0.225292,1.47312e+11,,,,,,,,,,,,,,3824.85,3824
GS4_27230,GS,GS4_27230_H.fits,MID,0,1.42316,10.04,17.2323,0.267,0.529,0.4653,0,0,16.1029,0.84614,ok,ok,13.8375,0.972798,14.2244,11.1724,6.66791,1.98828,0.998899,321,255,30,9,0,10.9395,1.71852,8.81286,9.79333,,,,,,,,,,,,,,,,,0,0,0,,0,8.44151,2.25388,1.3432,4.39247,-0.0169639,1.16685,2.3759e+10,,,,,,,,,,,,,,3564.75,3564
GS4_27441,GS,GS4_27441_H.fits,MID,0,1.38112,10.82,89.3555,0.84,0.385,0.43468,0,0,6.14469,0.61173,ok,ok,5.91175,0.647869,9.12492,23.5752,19.533,1.84092,0.998673,368,302,10,9,0,16.0208,4.98508,8.527,10.9136,,,,,,,,,,,,,,,,,0,0,0,,0,8.42423,7.07635,4.21714,4.50339,0.150769,0.737118,1.1477e+11,,,,,,,,,,,,,,3812.07,3812
GS4_30432,GS,GS4_30432_H.fits,MID,0,1.30575,10.7,19.9187,0.72,0.692,0.48801,0,0,10.9664,0.69365,ok,ok,10.8689,0.592821,18.3341,26.3729,7.49593,1.79303,0.998899,391,321,22,6,0,6.70777,15.5583,10.4454,10.5099,,,,,,,,,,,,,,,,,0,0,0,,0,8.38176,6.03487,3.59647,4.71381,-0.378811,0.397658,7.00488e+10,,,,,,,,,,,,,,3580.32,3580
GS4_30534,GS,GS4_30534_H.fits,MID,0,1.55204,11.31,103.74,0.889,0.452,0.47494,0,0,9.66403,0.38489,ok,ok,9.5454,0.599992,15.9092,12.1788,10.0656,1.75928,0.956118,304,240,16,6,0,1.99507,11.0697,8.48936,10.3023,,,,,,,,,,,,,,,,,0,0,0,,0,8.47003,7.52986,4.4874,4.0784,-0.217131,0.362662,2.7822e+11,,,,,,,,,,,,,,3987.22,3987
GS4_33496,GS,GS4_33496_H.fits,MID,0,1.61228,10.23,30.5719,0.527,0.749,0.45458,0,0,8.02135,0.27089,ok,ok,7.46376,0.215239,34.6765,3.33462,1.66932,1.64041,0.992108,304,240,71,23,1,13.283,8.22444,8.9861,9.41924,42.5499,146,0.600421,0.267411,0.45458,0,1,0,0.2,0,,,,,,,0,0,0,0,0,8.47243,4.46497,2.66089,3.94382,0.0238424,1.21175,3.75609e+10,0,0,0,,,,,,,,,2.24208,1.85524,4504.22,4502
GS4_33717,GS,GS4_33717_H.fits,MID,0,1.303,10.46,1.51356,0.131,0.789,0.42051,0,0,7.92226,0.60754,ok,ok,6.84364,1.03574,6.6075,-1.67883,18.6994,1.78883,1.00003,365,299,11,2,0,1,10.5015,8.39796,10.9653,,,,,,,,,,,,,,,,,0,0,0,,0,8.37991,1.09777,0.654213,4.72179,-1.32459,0.151751,3.32169e+10,,,,,,,,,,,,,,3656.6,3656
GS4_37986,GS,GS4_37986_H.fits,MID,0,1.54808,10.81,76.4601,0.327,0.796,0.47494,0,0,9.46637,0.51686,ok,ok,9.56366,0.727153,13.1522,14.93,9.62007,1.8304,0.947064,304,240,13,7,0,11.4981,10.5796,8.56701,10.5155,,,,,,,,,,,,,,,,,0,0,0,,0,8.46965,2.76957,1.65052,4.08751,0.0189013,0.721708,1.11163e+11,,,,,,,,,,,,,,3803.8,3803
GS4_39085,GS,GS4_39085_H.fits,MID,0,1.61007,10.49,28.2556,0.304,0.727,0.46018,0,2,2.64666,0.48758,ok,ok,3.14744,0.838042,3.7557,59.7121,58.0748,1.82536,1.00003,304,240,0,0,0,,,9.58554,8.02522,,,,,,,,,,,,,,,,,0,0,0,,0,8.47245,2.57562,1.53494,3.94863,-0.201329,0.745463,5.394e+10,,,,,,,,,,,,,,4378.35,4378
GS4_43501,GS,GS4_43501_H.fits,MID,0,1.61351,10.6,53.3479,0.585,0.487,0.46222,0,0,10.5823,0.48719,ok,ok,11.3924,0.592173,19.2383,-3.54802,9.10442,1.49361,0.92805,288,224,59,41,1,6.93656,8.37287,8.62247,5.11246,63.0512,100,0.236082,0.05,0.46222,3,0,0,0.6,0,,,,,,,0,0,0,0,0,8.47241,4.95636,2.95373,3.94115,-0.00766687,0.866111,7.42912e+10,0,0,0,,,,,,,,,2.76435,2.28741,4401.03,4400
GS4_44066,GS,GS4_44066_H.fits,MID,0,1.61377,10.77,360.474,0.135,0.888,0.46018,0,0,25.319,1.91527,ok,ok,24.5817,0.799781,30.7355,-4.22892,10.3716,1.69965,1.00094,333,270,59,33,1,14.2116,6.90444,10.222,7.66906,27.9905,194,0.0169073,2,0.46018,1,1,0.2,0.2,0,-35.9906,37.3877,-38.3429,,237.015,-0.161774,0,0,0,0,0,8.47241,1.14378,0.68163,3.94058,0.696613,1.78409,1.6394e+11,1.69448,1.48148,0.434613,80.6699,66.7516,60.3505,49.9381,54.8226,132.364,45.3638,109.527,80.6699,66.7516,4489.64,4488
GS4_44848,GS,GS4_44848_H.fits,MID,0,1.54983,10.84,122.723,0.534,0.646,0.46018,0,2,5.47729,0.2773,ok,ok,4.52225,0.634948,7.12224,15.5732,21.0912,1.64514,0.999578,337,271,1,1,0,7,17,9.48013,8.15869,,,,,,,,,,,,,,,,,0,0,0,,0,8.46982,4.52288,2.6954,4.08348,0.201687,0.881628,1.30177e+11,,,,,,,,,,,,,,4112.57,4112
U4_04939,U,U4_04939_H.fits,MID,0,1.53351,10.19,9.77237,0.57,0.323,0.47093,0,0,4.98538,0.52081,ok,ok,5.0704,0.407144,12.4536,-0.306353,8.05376,1.70768,1.00116,320,255,7,4,0,9.22382,5.22549,8.81254,8.85466,,,,,,,,,,,,,,,,,0,0,0,,0,8.46799,4.82675,2.87649,4.1213,-0.414368,0.693634,2.62313e+10,,,,,,,,,,,,,,4064.96,4065
U4_07448,U,U4_07448_H.fits,MID,0,1.36055,10.41,20.3418,0.387,0.923,0.47093,0,0,9.23211,0.60002,ok,ok,7.49217,0.700019,10.7028,13.728,5.98092,1.88165,0.998446,320,255,8,2,0,1.47897,10,8.92681,9.12844,,,,,,,,,,,,,,,,,0,0,0,,0,8.41416,3.25628,1.94057,4.5593,-0.18655,0.667544,4.28625e+10,,,,,,,,,,,,,,3931.05,3931
U4_09540,U,U4_09540_H.fits,MID,0,1.4675,10.5,51.5589,0.611,0.721,0.39035,0,0,4.62032,0.57365,ok,ok,4.33565,0.891242,4.86473,23.8434,21.3304,2.138,1.00207,320,256,11,7,0,11.1816,2.74297,9.20088,7.54346,,,,,,,,,,,,,,,,,0,0,0,,0,8.45526,5.16616,3.07876,4.28015,0.106751,0.970675,6.23182e+10,,,,,,,,,,,,,,4113.19,4114
U4_10403,U,U4_10403_H.fits,MID,0,1.42696,10.26,41.2563,0.244,0.876,0.4164,1,0,24.6591,0.95326,ok,ok,18.8896,0.405054,46.6347,6.56524,1.32569,2.26286,1.00162,352,286,72,27,1,10.1563,4.03943,8.79,9.34059,29.489,80,0.23163,0.05,0.4164,4,4,0.8,0.8,1,-31.901,11.0838,-32.4028,,43.547,-0.744089,0,0,0,0,0,8.44287,2.06006,1.22769,4.38266,0.200964,1.27901,4.14711e+10,6.75429,3.27869,1.92123,1.60266,1.32615,1.31778,1.09042,1.15294,2.50209,0.954022,2.0704,1.60266,1.32615,4111.13,4111
U4_10785,U,U4_10785_H.fits,MID,0,1.65245,10.05,14.1254,0.47,0.336,0.34228,0,0,8.21298,0.75702,ok,ok,9.53235,0.942342,10.1156,7.89034,14.0981,1.70979,0.999352,349,282,6,3,0,1.33677,13.7115,10.3094,8.35589,,,,,,,,,,,,,,,,,0,0,0,,0,8.47069,3.98123,2.3726,3.85801,-0.191775,1.1057,2.36263e+10,,,,,,,,,,,,,,3949.81,3950
U4_11573,U,U4_11573_H.fits,MID,0,1.27538,10.57,145.923,0.096,0.964,0.39035,1,2,11.8476,0.81252,ok,ok,9.89774,0.865558,11.4351,33.7528,9.62331,1.82957,0.999804,320,256,14,7,0,5.06092,3.71316,9.59303,9.60494,,,,,,,,,,,,,,,,,0,0,0,,0,8.36007,0.802567,0.478288,4.80308,0.594089,1.40649,8.94096e+10,,,,,,,,,,,,,,3586.89,3586
U4_13108,U,U4_13108_H.fits,MID,0,1.30674,10.77,79.0149,0.694,0.894,0.4987,0,0,22.5861,0.50332,ok,ok,18.0276,1.03318,17.4486,10.407,14.148,2.00756,0.998673,320,256,41,15,1,4.499,12.6692,9.07265,8.46936,27.2134,42,0.617653,0.191222,0.4987,5,4,0.8,1,1,-28.6981,82.4425,-31.3773,,139.503,-0.224922,0,0,0,0,0,8.38242,5.8174,3.46687,4.71095,0.168926,0.734026,1.02107e+11,6.70594,1.15274,1.60417,2.51329,2.07967,1.94729,1.61132,1.98134,3.57719,1.6395,2.96,2.00669,1.66047,3533.87,3533
U4_13763,U,U4_13763_H.fits,MID,0,1.62275,10.17,32.7032,0.053,0.71,0.34228,0,0,5.36132,0.58892,ok,ok,5.24926,0.779465,6.73443,17.1422,7.29246,2.23171,1.00003,330,267,7,3,0,6.013,17,8.48172,9.97508,,,,,,,,,,,,,,,,,0,0,0,,0,8.47222,0.449028,0.267597,3.92116,0.093845,1.39496,3.5424e+10,,,,,,,,,,,,,,4314.68,4316
U4_13932,U,U4_13932_H.fits,MID,0,1.36287,9.95,10.4713,0.328,0.888,0.47093,0,0,13.6755,0.8942,ok,ok,11.5171,1.07764,10.6873,4.29323,8.35413,2.17584,0.99822,320,255,10,2,0,15.5033,12,8.69902,9.288,,,,,,,,,,,,,,,,,0,0,0,,0,8.41535,2.76024,1.64496,4.55294,-0.144018,1.02072,1.80097e+10,,,,,,,,,,,,,,3949.74,3950
U4_14692,U,U4_14692_H.fits,MID,0,1.50367,10.27,32.8473,0.362,0.722,0.49769,0,0,6.76531,0.54146,ok,ok,5.93376,0.643573,9.22003,13.6049,8.33332,1.85195,1.00003,366,300,3,2,0,17,16.3946,10.0368,9.31561,,,,,,,,,,,,,,,,,0,0,0,,0,8.46332,3.06372,1.82582,4.19191,0.0646382,1.1412,3.98709e+10,,,,,,,,,,,,,,4006.19,4008
U4_15168,U,U4_15168_H.fits,MID,0,1.606,10.02,2.95121,0.367,0.218,0.35566,0,0,9.04407,0.85131,ok,ok,9.07207,0.710255,12.773,5.81649,11.436,2.25506,0.998673,372,303,5,2,0,8.55826,3,9.35104,9.30657,,,,,,,,,,,,,,,,,0,0,0,,0,8.47247,3.1094,1.85304,3.95751,-0.834543,0.501334,1.57209e+10,,,,,,,,,,,,,,4359.84,4359
U4_15653,U,U4_15653_H.fits,MID,0,1.59936,10.85,41.1429,0.702,0.27,0.54057,0,0,5.4586,0.39842,ok,ok,5.16308,0.785777,6.57066,37.7594,18.0278,1.69196,0.999578,320,255,0,0,0,,,8.91978,8.87674,,,,,,,,,,,,,,,,,0,0,0,,0,8.47244,5.94765,3.54449,3.97208,-0.299529,0.491159,1.05566e+11,,,,,,,,,,,,,,4257.87,4256
U4_16101,U,U4_16101_H.fits,MID,0,1.66495,9.84,106.16,0.081,0.708,0.38754,0,0,20.9531,0.68444,ok,ok,22.338,1.04608,21.354,36.1018,21.4616,2.26028,1.00026,323,256,22,7,0,6.91134,4.45276,8.84081,9.13108,,,,,,,,,,,,,,,,,0,0,0,,0,8.46965,0.686041,0.408845,3.83193,0.8357,4.6257,3.89203e+10,,,,,,,,,,,,,,4324.51,4324
U4_17858,U,U4_17858_H.fits,MID,0,1.6636,11.19,42.6889,0.394,0.639,0.44119,0,0,5.13479,0.25492,ok,ok,4.36926,0.534467,8.17497,27.5117,21.3251,2.30351,1.00094,354,288,1,1,0,3,1,9.22568,8.94327,,,,,,,,,,,,,,,,,0,0,0,,0,8.46977,3.33709,1.98873,3.83473,-0.558936,0.283888,1.98851e+11,,,,,,,,,,,,,,4402.45,4402
U4_18282,U,U4_18282_H.fits,MID,0,1.4264,10.02,7.76247,0.407,0.416,0.4164,0,0,7.23645,0.44801,ok,ok,6.13256,0.399749,15.341,7.52966,5.77982,1.9692,0.999352,336,269,15,8,0,15.3558,10.0116,8.99793,8.70167,,,,,,,,,,,,,,,,,0,0,0,,0,8.44267,3.43617,2.04777,4.3841,-0.350055,0.791832,1.87628e+10,,,,,,,,,,,,,,3933.06,3931
U4_19708,U,U4_19708_H.fits,MID,0,1.66472,11.26,210.358,0.789,0.673,0.40033,0,0,23.4229,0.48342,ok,ok,25.3961,0.891765,28.4785,23.5225,7.22156,1.96273,1.00003,320,256,62,20,1,10.523,7.97535,8.56024,9.47651,49.0161,26,0.506849,0.05,0.40033,1,0,0,0.2,0,,,,,,,0,0,0,0,0,8.46967,6.68257,3.98246,3.83241,0.0814604,0.586633,2.8872e+11,0,0,0,,,,,,,,,7.12202,5.89323,4809.53,4808
U4_19754,U,U4_19754_H.fits,MID,0,1.46254,9.75,4.26579,0.341,0.534,0.45056,0,0,14.3995,0.4585,ok,ok,14.3977,0.339652,42.3897,20.3318,2.34617,1.93348,1.00048,370,304,56,14,1,3.72117,6.05171,10.2384,9.19053,59.6459,254,0.466547,2,0.45056,1,0,0,0.2,0,,,,,,,0,0,0,0,0,8.45394,2.88279,1.71799,4.29249,-0.427238,0.922281,1.08098e+10,0,0,0,,,,,,,,,1.52073,1.25836,3970.52,3970
U4_21424,U,U4_21424_H.fits,MID,0,1.65632,10.26,8.91251,0.719,0.441,0.39035,0,0,13.1914,0.39003,ok,ok,12.3047,0.970368,12.6804,25.2194,10.8752,1.65468,0.998899,320,256,10,3,0,3,9.8963,9.51609,8.67641,,,,,,,,,,,,,,,,,0,0,0,,0,8.47039,6.09021,3.62945,3.84991,-0.548386,0.60564,2.92178e+10,,,,,,,,,,,,,,4807.22,4805
U4_21573,U,U4_21573_H.fits,MID,0,1.66446,10.03,3.80189,1.714,0.693,0.34228,0,0,10.102,0.44556,ok,ok,9.29533,0.330467,28.1279,18.2766,1.90038,1.78289,0.999352,328,264,35,11,1,6.6898,13.2086,8.94689,9.27299,47.3752,106,0.869252,0.522953,0.4,0,0,0,0,0,,,,,,,0,0,0,0,0,8.46969,14.517,8.6514,3.83295,-0.750777,0.572412,1.68487e+10,0,0,0,,,,,,,,,,,4847.54,4846
U4_22334,U,U4_22334_H.fits,MID,0,1.66455,10.74,50.1804,0.815,0.344,0.48162,0,2,10.2651,0.5416,ok,ok,10.4776,0.815096,12.8545,24.0508,15.421,1.77997,0.929635,320,255,8,5,0,13.0154,15.2619,7.84006,11.8466,,,,,,,,,,,,,,,,,0,0,0,,0,8.46968,6.90279,4.1137,3.83276,-0.155918,0.667589,9.16408e+10,,,,,,,,,,,,,,4217.31,4217
U4_22575,U,U4_22575_H.fits,MID,0,1.65091,10.15,20.893,0.188,0.749,0.48705,0,0,17.0192,0.30418,ok,ok,16.1977,0.300587,53.887,15.1425,1.33167,1.90749,0.992787,365,300,74,39,1,2.96706,5.17043,10.8395,10.4046,42.5499,72,0.280979,2,0.48705,0,4,0,0.8,0,,,,,,,0,0,0,0,0,8.47081,1.59251,0.949053,3.86125,-0.095244,1.14648,3.03198e+10,0,0,0,,,,,,,,,1.10655,0.915637,3970.31,3970
U4_23741,U,U4_23741_H.fits,MID,0,1.34184,9.78,7.4131,0.263,0.512,0.42944,0,0,6.39703,1.08799,ok,ok,5.49342,0.719043,7.6399,4.59255,9.80896,1.63275,0.981922,320,256,9,7,0,7.48862,5.12549,10.4724,10.4483,,,,,,,,,,,,,,,,,0,0,0,,0,8.40403,2.21026,1.3172,4.61114,-0.162908,1.12276,1.27909e+10,,,,,,,,,,,,,,3818.34,3818
U4_24519,U,U4_24519_H.fits,MID,0,1.50392,9.9,5.88844,0.153,0.684,0.39903,0,2,4.07831,1.5438,ok,ok,4.4622,1.13554,3.92958,1.84607,20.549,1.90211,0.998899,320,256,0,0,0,,,8.50095,8.57412,,,,,,,,,,,,,,,,,0,0,0,,0,8.46337,1.2949,0.77169,4.19131,-0.411476,0.860205,1.47761e+10,,,,,,,,,,,,,,3362.14,3361
U4_24953,U,U4_24953_H.fits,MID,0,1.37121,11.08,33.2067,0.307,0.755,0.39035,0,0,7.32879,0.75114,ok,ok,7.27917,0.755636,9.63317,58.5073,16.69,1.96024,1.00139,320,256,8,4,0,11.2514,1.74974,9.23746,8.55817,,,,,,,,,,,,,,,,,0,0,0,,0,8.41952,2.58479,1.5404,4.53019,-0.462293,0.280471,1.53946e+11,,,,,,,,,,,,,,3973.38,3973
U4_25158,U,U4_25158_H.fits,MID,0,1.65609,9.87,29.4777,0.308,0.377,0.4024,0,0,13.1118,0.63059,ok,ok,11.768,1.12147,10.4934,17.1828,11.5863,1.84198,1.00003,320,256,28,12,1,8.52079,7.76486,8.7631,9.3975,70.9638,110,0.738341,2,0.4024,2,1,0.2,0.4,0,34.1663,8.96304,18.0715,0.262335,58.3522,0.309696,1,0,0,0,0,8.47041,2.60889,1.55476,3.85039,0.25974,2.22309,2.38931e+10,1.69408,0.649351,0.497018,4.00879,3.31714,3.68413,3.04849,2.62628,6.7738,2.17316,5.60509,2.6139,2.16291,4115.81,4115
U4_25264,U,U4_25264_H.fits,MID,0,1.52522,9.84,6.60693,0.254,0.788,0.48916,1,0,6.76283,0.20542,ok,ok,8.57665,0.354927,24.1645,11.5917,3.10052,2.53781,0.999804,351,287,57,18,1,8.63625,11.3964,9.09362,9.42145,38.93,328,0.639934,0.05,0.48916,3,3,0.6,0.6,0,4.00997,10.8313,3.19077,2.70109,49.4555,0.064518,0,0,0,0,0,8.46687,2.15058,1.28164,4.14072,-0.325026,1.01937,1.39706e+10,5.08012,2.3622,1.22659,0.957059,0.791934,0.730134,0.604161,0.715498,1.44018,0.592051,1.1917,0.957059,0.791934,4164.22,4164
U4_25642,U,U4_25642_H.fits,MID,0,1.4184,10.5,27.5868,0.431,0.804,0.45768,0,0,25.2725,0.74826,ok,ok,23.6434,0.678384,34.8526,15.6229,3.0699,1.87405,1.00139,384,316,83,31,1,16.7046,9.49559,10.4745,8.98731,37.365,168,0.609634,2,0.45768,3,2,0.4,0.6,1,-26.0897,9.44493,-21.4946,,90.1046,-0.238551,0,0,0,0,0,8.43977,3.63754,2.16778,4.40481,-0.144452,0.686656,5.33368e+10,3.37591,0.928074,0.873973,3.93962,3.25991,3.21395,2.65944,3.13769,5.54349,2.59633,4.58705,2.78776,2.30678,3732.72,3732
U4_25836,U,U4_25836_H.fits,MID,0,1.4769,10.08,14.7911,0.302,0.569,0.40745,0,0,1.97892,0.43125,ok,ok,2.00594,0.748747,2.67906,14.1064,45.6789,2.7613,0.998446,334,271,0,0,0,,,8.53046,9.87258,,,,,,,,,,,,,,,,,0,0,0,,0,8.45762,2.5542,1.52217,4.25694,-0.133038,1.02371,2.43303e+10,,,,,,,,,,,,,,4232.26,4232
U4_26491,U,U4_26491_H.fits,MID,0,1.37304,10.1,9.77237,0.454,0.33,0.42109,0,0,7.50781,0.47582,ok,ok,8.99639,1.02544,8.77318,2.40006,18.6984,2.03961,1.00048,332,271,5,2,0,1.47012,9,7.56335,10.7308,,,,,,,,,,,,,,,,,0,0,0,,0,8.42041,3.82286,2.27823,4.52522,-0.28651,0.76691,2.22441e+10,,,,,,,,,,,,,,3844.21,3844
U4_26875,U,U4_26875_H.fits,MID,0,1.36434,11.18,166.654,0.242,0.706,0.45252,0,0,17.5668,0.54507,ok,ok,16.3105,1.00162,16.2841,24.4199,17.2245,2.02923,1.00048,373,302,14,5,0,2.69356,14.9506,9.25418,9.56271,,,,,,,,,,,,,,,,,0,0,0,,0,8.4161,2.0367,1.21376,4.54892,0.169471,0.556054,2.35518e+11,,,,,,,,,,,,,,3720.17,3719
U4_27256,U,U4_27256_H.fits,MID,0,1.4172,10.49,42.2661,0.528,0.797,0.51496,0,2,11.409,1.31543,ok,ok,10.7219,1.08946,9.84141,13.4604,7.58416,1.89921,1.00094,330,268,1,1,0,14,15,10.7856,8.57034,,,,,,,,,,,,,,,,,0,0,0,,0,8.43932,4.45596,2.65552,4.40793,0.0486026,0.87524,5.79504e+10,,,,,,,,,,,,,,3521.57,3521
U4_27928,U,U4_27928_H.fits,MID,0,1.41933,10.74,44.4459,0.49,0.556,0.45252,0,0,10.8129,0.4658,ok,ok,9.78895,0.816565,11.988,4.64322,20.4614,1.89608,1.00094,337,272,20,5,0,6.7839,1.41055,8.33642,9.22206,,,,,,,,,,,,,,,,,0,0,0,,0,8.44012,4.13566,2.46463,4.40239,-0.111846,0.589325,8.73399e+10,,,,,,,,,,,,,,3820.3,3820
U4_28358,U,U4_28358_H.fits,MID,0,1.41965,10.96,88.4035,0.444,0.805,0.42109,1,0,13.859,0.39098,ok,ok,13.4667,0.823347,16.356,12.0404,8.3314,1.93667,0.998899,332,271,31,11,1,10.4552,11.5802,8.45436,9.70567,37.2654,32,0.25727,2,0.42109,1,0,0,0.2,0,,,,,,,0,0,0,0,0,8.44023,3.74746,2.23329,4.40156,0.0270277,0.584888,1.44544e+11,0,0,0,,,,,,,,,12.341,10.2118,3734.14,3735
U4_28931,U,U4_28931_H.fits,MID,0,1.59989,9.91,9.77237,0.341,0.428,0.38094,0,0,41.3397,1.49402,ok,ok,40.2204,0.819603,49.073,14.4744,1.73054,1.77519,1.00094,333,268,101,55,1,7.15808,4.99353,7.43604,8.55412,67.2818,308,0.204553,0.05,0.4,2,1,0,0.4,0,,,,,,,0,0,0,0,0,8.47244,2.8891,1.72175,3.97091,-0.231474,1.1388,1.73848e+10,0,0,0,,,,,,,,,1.70864,1.41384,3708.49,3708
U4_29813,U,U4_29813_H.fits,MID,0,1.50394,10.63,69.5873,0.573,0.364,0.38094,0,2,6.63539,1.35828,ok,ok,6.4648,1.47596,4.38006,-29.5052,49.9944,1.90164,0.999352,349,284,0,0,0,,,9.84987,7.51515,,,,,,,,,,,,,,,,,0,0,0,,0,8.46337,4.84951,2.89006,4.19126,0.127397,0.921958,8.19868e+10,,,,,,,,,,,,,,3859.22,3858
U4_30029,U,U4_30029_H.fits,MID,0,1.35689,9.76,6.91831,0.137,0.834,0.38094,0,0,13.9418,0.61047,ok,ok,12.9811,0.628573,20.6516,26.8424,3.85527,1.80329,0.998673,344,280,19,9,0,12.4871,9.91056,8.33555,9.53211,,,,,,,,,,,,,,,,,0,0,0,,0,8.41225,1.15248,0.686817,4.56937,-0.184537,1.12628,1.22354e+10,,,,,,,,,,,,,,2948.79,2948
U4_31577,U,U4_31577_H.fits,MID,0,1.51753,11.07,335.197,0.518,0.65,0.49867,0,0,21.9783,0.46497,ok,ok,22.485,0.555663,40.4652,9.75332,5.4414,1.92324,0.999352,369,303,73,18,1,8.41288,12.0109,9.07914,11.079,50.8599,212,0.893134,0.522953,0.49867,3,3,0.6,0.6,0,236.238,32.8818,152.293,0.139189,170.578,0.892805,1,0,0,1,0,8.46571,4.38524,2.61337,4.15887,0.482734,1.00802,2.35922e+11,5.07942,1.1583,1.2032,10.1768,8.42096,7.87757,6.51842,7.62244,15.2855,6.30731,12.6482,10.1768,8.42096,4083.75,4083
U4_31902,U,U4_31902_H.fits,MID,0,1.36524,9.72,6.30957,0.294,0.462,0.38094,0,0,9.59087,0.52261,ok,ok,8.93686,0.72892,12.2604,20.072,5.61425,1.95073,0.999125,344,279,23,9,0,12.0552,9.58106,9.74038,9.49215,,,,,,,,,,,,,,,,,0,0,0,,0,8.41655,2.47447,1.47465,4.54646,-0.198974,1.15129,1.12901e+10,,,,,,,,,,,,,,3316.74,3317
U4_32570,U,U4_32570_H.fits,MID,0,1.41835,10.89,171.267,0.734,0.322,0.48916,0,0,22.2154,0.38682,ok,ok,23.0089,0.889132,25.8779,24.5545,11.1973,2.27536,0.999804,348,283,33,12,1,15.9184,4.6272,8.34937,9.93544,75.0746,254,0.784732,0.522953,0.48916,1,0,0,0.2,0,,,,,,,0,0,0,0,0,8.43975,6.19478,3.69176,4.40494,0.365608,0.934445,1.50161e+11,0,0,0,,,,,,,,,4.39382,3.63574,3938.98,3938
U4_32822,U,U4_32822_H.fits,MID,0,1.37223,9.54,31.7242,0.236,0.519,0.42944,1,0,1.41485,0.28757,ok,ok,1.28905,0.318165,4.0515,69.7516,10.5162,1.68136,1.00003,320,256,13,9,0,8.98903,6.98397,9.28353,9.59219,,,,,,,,,,,,,,,,,0,0,0,,0,8.42001,1.98712,1.18422,4.52742,0.629698,3.68154,1.62326e+10,,,,,,,,,,,,,,3910.31,3910
U4_32947,U,U4_32947_H.fits,MID,0,1.28079,10.85,22.3872,0.579,0.496,0.4024,0,2,0.85606,0.32889,ok,ok,-1.44724,0.439106,-3.29589,693.002,18.8033,1.8765,0.999352,320,256,0,0,0,,,9.14014,7.50597,,,,,,,,,,,,,,,,,0,0,0,,0,8.36414,4.84284,2.88608,4.78698,-0.423049,0.326071,9.38786e+10,,,,,,,,,,,,,,2797.36,2797
U4_33383,U,U4_33383_H.fits,MID,0,1.48273,9.82,23.4361,0.352,0.489,0.4987,1,0,5.58492,0.40082,ok,ok,11.8836,0.791157,15.0206,40.973,5.38811,2.25649,0.999578,320,256,37,12,1,3.20206,8.98371,8.35596,9.07568,62.9073,352,0.211999,2,0.4987,3,2,0.2,0.6,0,1.50816,5.05426,0.847021,3.35128,1e-10,8.47021e+09,0,0,0,0,0,8.45899,2.97756,1.77447,4.24264,0.254383,2.03457,2.00492e+10,1.6918,0.568182,0.401043,2.65889,2.20014,2.57763,2.1329,1.76755,4.44158,1.46258,3.67526,1.21442,1.00489,4083.02,4083
U4_34480,U,U4_34480_H.fits,MID,0,1.64993,10.19,48.6131,0.513,0.934,0.43795,0,0,14.4268,0.40798,ok,ok,14.4192,0.754126,19.1204,7.14428,5.30964,2.34077,0.998899,337,271,58,24,1,12.4189,4.59362,8.04924,9.47206,21.3854,198,0.33005,0.05,0.43795,1,2,0.2,0.4,0,57.2707,7.28317,78.5304,0.127171,41.425,1.89573,0,0,0,1,0,8.47087,4.34556,2.58973,3.86331,0.242246,1.67479,4.14276e+10,1.69417,0.389864,0.456673,2.61667,2.1652,3.01013,2.49078,1.79747,4.25506,1.48734,3.52092,2.34874,1.94351,4143.04,4143
U4_34502,U,U4_34502_H.fits,MID,0,1.55254,10.55,1.28825,0.142,0.904,0.4024,1,2,0.54215,0.42759,ok,ok,1.18211,0.601736,1.9645,-390.943,18.6966,1.8315,0.999125,320,256,0,0,0,,,9.92789,7.87908,,,,,,,,,,,,,,,,,0,0,0,,0,8.47008,1.20275,0.716776,4.07726,-1.56546,0.129135,4.00632e+10,,,,,,,,,,,,,,4096.39,4096
U4_35616,U,U4_35616_H.fits,MID,0,1.60849,11.28,149.024,0.606,0.634,0.37702,1,0,13.8446,1.06925,ok,ok,25.7215,0.959231,26.8148,-22.6635,5.24614,2.56545,0.999125,362,296,58,11,1,12.1296,3.12639,9.51744,9.05201,52.1183,106,0.602069,0.05,0.4,2,1,0,0.4,0,,,,,,,0,0,0,0,0,8.47246,5.13431,3.05978,3.95208,-0.0610382,0.467537,2.79633e+11,0,0,0,,,,,,,,,12.0584,9.97794,4091.07,4090
U4_35796,U,U4_35796_H.fits,MID,0,1.5259,10.81,134.568,0.894,0.197,0.48162,0,2,4.79912,0.7159,ok,ok,6.13599,0.768493,7.98444,49.6162,23.322,1.76025,0.999352,320,255,0,0,0,,,8.33984,7.47333,,,,,,,,,,,,,,,,,0,0,0,,0,8.46696,7.56946,4.511,4.13912,0.273269,0.968607,1.27104e+11,,,,,,,,,,,,,,4308.76,4307
U4_36198,U,U4_36198_H.fits,MID,0,1.61468,10.37,113.85,0.074,0.784,0.4987,0,0,12.8881,0.41537,ok,ok,13.1158,0.870526,15.0665,16.401,11.442,1.92497,1.00071,320,256,40,20,1,10.9496,9.14159,7.81982,9.55363,39.3134,306,0.121317,1.43017,0.4987,1,3,0.2,0.6,0,4.8559,6.69719,3.83222,1.37919,372.356,0.0102918,0,0,0,0,0,8.4724,0.626957,0.373634,3.93861,0.490775,1.91685,6.83777e+10,1.69448,2.7027,0.401043,42.594,35.2451,33.3577,27.6024,28.5984,70.5853,23.6642,58.407,4.04944,3.35077,3959.78,3959
U4_37823,U,U4_37823_H.fits,MID,0,1.6554,11.01,934.676,0.307,0.689,0.4586,0,0,13.8742,0.35132,ok,ok,14.0871,0.961265,14.6547,21.9393,20.1835,2.18744,0.99822,332,271,11,4,0,4.05457,16.7858,8.63826,8.90138,,,,,,,,,,,,,,,,,0,0,0,,0,8.47047,2.60043,1.54972,3.85183,0.917689,1.97915,3.04854e+11,,,,,,,,,,,,,,4240.78,4240
U4_39208,U,U4_39208_H.fits,MID,0,1.5268,9.73,3.98107,0.296,0.498,0.4024,0,0,10.1352,0.48051,ok,ok,8.87745,0.413955,21.4454,10.5205,2.67169,1.92321,1.00094,320,256,45,16,1,13.4445,13.3621,9.27576,7.7992,62.2588,50,0.955139,2,0.4024,1,0,0,0.2,0,,,,,,,0,0,0,0,0,8.46709,2.50626,1.4936,4.13701,-0.465002,0.940054,1.04187e+10,0,0,0,,,,,,,,,1.8725,1.54943,3956.78,3956
COS4_05103,COS,COS4_05103_H.fits,MID,1,1.55991,10.52,49.6386,0.372,0.748,0.4225,0,2,0.61348,0.19232,ok,ok,-0.348171,0.27894,-1.24819,312.115,55.3434,2.45585,0.999804,352,285,0,0,0,,,9.87397,9.96317,,,,,,,,,,,,,,,,,0,0,0,,0,8.4707,3.1511,1.87789,4.0604,0.0396152,0.943023,6.43395e+10,,,,,,,,,,,,,,4056.29,4056
COS4_05334,COS,COS4_05334_H.fits,MID,1,1.60603,10.13,74.388,0.239,0.886,0.47217,0,0,12.8344,1.21116,ok,ok,12.8984,0.856296,15.063,15.0865,10.0583,1.72798,1.00094,442,369,15,5,0,5.15233,1.5733,10.1718,14.8587,,,,,,,,,,,,,,,,,0,0,0,,0,8.47247,2.02492,1.20675,3.95745,0.485868,2.29855,4.44962e+10,,,,,,,,,,,,,,4150.79,4150
COS4_05499,COS,COS4_05499_H.fits,MID,1,1.55805,10.35,0.218776,0.2,0.687,0.59439,0,2,6.05432,0.22514,ok,ok,2.85132,1.92937,1.47785,-700,,2.05692,0.999352,320,256,0,0,0,,,8.52687,9.24553,,,,,,,,,,,,,,,,,0,0,0,,0,8.47055,1.69411,1.0096,4.06465,-2.19067,0.071022,2.39772e+10,,,,,,,,,,,,,,4360.12,4360
COS4_05588,COS,COS4_05588_H.fits,MID,1,1.61604,11.04,112.237,0.391,0.688,0.58549,0,2,3.7365,0.35372,ok,ok,5.72548,2.63321,2.17433,-488.79,139.588,1.64364,1.00094,336,271,0,0,0,,,7.06466,9.9796,,,,,,,,,,,,,,,,,0,0,0,,0,8.47237,3.3127,1.97419,3.93565,-0.0101371,0.606741,1.76176e+11,,,,,,,,,,,,,,4467.51,4467
COS4_11827,COS,COS4_11827_H.fits,MID,1,1.33881,10.55,46.1652,0.449,0.358,0.58549,0,0,6.16363,0.42827,ok,ok,6.44479,0.848614,7.59449,82.5083,24.6651,1.63701,1.00071,322,256,9,9,0,1.97998,14.9956,8.98037,9.46738,,,,,,,,,,,,,,,,,0,0,0,,0,8.40231,3.77264,2.24829,4.61962,0.0783211,0.80808,6.41531e+10,,,,,,,,,,,,,,3940.44,3940
COS4_19630,COS,COS4_19630_H.fits,MID,1,1.49742,10.11,2.88403,0.196,0.771,0.44413,0,2,3.43184,0.37904,ok,ok,3.29626,0.622545,5.29482,4.97443,25.3757,2.1648,1.00048,335,270,0,0,0,,,9.21947,9.93364,,,,,,,,,,,,,,,,,0,0,0,,0,8.46212,1.65858,0.988424,4.20695,-0.872591,0.41169,1.81861e+10,,,,,,,,,,,,,,3993.51,3993
COS4_21622,COS,COS4_21622_H.fits,MID,1,1.31194,10.37,0.0389045,0.077,0.816,0.44195,0,2,0.57886,0.25869,ok,ok,0.333504,0.364774,0.914276,31.3478,27.4861,2.24581,1.00139,351,287,32,18,1,11.7854,4.48438,9.67551,7.78347,36.155,342,0.798777,0.191222,0.44195,3,2,0.4,0.6,0,5.34362,1.98559,4.52871,0.371581,1e-10,4.52871e+10,0,0,0,0,0,8.38585,0.64571,0.384809,4.69595,-2.85418,0.0254427,2.40387e+10,3.35434,5.19481,0.90508,3.44068,2.84704,3.17643,2.62839,3.39799,3.52604,2.81172,2.91768,1.45697,1.20559,3267.15,3267
COS4_24878,COS,COS4_24878_H.fits,MID,1,1.59315,10.21,40.7758,0.455,0.573,0.44684,0,2,2.16032,0.34353,ok,ok,2.14702,0.671693,3.19643,22.0319,34.0855,1.81277,0.915374,297,238,16,6,0,12.9985,14.5035,9.86261,4.91277,,,,,,,,,,,,,,,,,0,0,0,,0,8.47234,3.85492,2.29733,3.98577,0.170221,1.45326,3.97872e+10,,,,,,,,,,,,,,4471,4470
COS4_25477,COS,COS4_25477_H.fits,MID,1,1.35496,10.99,0.977237,0.19,0.384,0.45887,0,2,2.61141,0.33299,ok,ok,2.31683,0.949957,2.43888,-154.309,86.5539,1.79934,0.999804,368,299,0,0,0,,,9.58055,11.1042,,,,,,,,,,,,,,,,,0,0,0,,0,8.41124,1.59814,0.952405,4.57468,-1.92067,0.050148,1.02624e+11,,,,,,,,,,,,,,3966.28,3966
U4_15220,U,U4_15220_H.fits,MID,1,1.36746,10.82,30.4548,0.297,0.506,0.34228,0,2,6.90588,2.05009,ok,ok,6.58115,1.6021,4.10782,81.2474,25.9311,2.03193,0.998673,328,264,15,7,0,14.9588,2.35877,8.70355,8.70072,,,,,,,,,,,,,,,,,0,0,0,,0,8.41767,2.50005,1.4899,4.5404,-0.310332,0.414961,9.34855e+10,,,,,,,,,,,,,,3977.99,3978
U4_17861,U,U4_17861_H.fits,MID,1,1.37979,10.36,19.1048,0.272,0.468,0.39035,0,2,1.97963,0.48992,ok,ok,2.04459,0.911873,2.24219,-204.667,74.7511,1.7981,1.00026,320,256,0,0,0,,,8.81482,8.58479,,,,,,,,,,,,,,,,,0,0,0,,0,8.42361,2.29122,1.36545,4.50697,-0.186098,0.707131,3.91081e+10,,,,,,,,,,,,,,3830.94,3831
U4_24526,U,U4_24526_H.fits,MID,1,1.61515,10.25,0.17378,0.181,0.814,0.4024,0,2,2.9373,0.55433,ok,ok,3.50125,0.762015,4.59472,-14.7628,55.9115,1.73359,0.999578,320,256,9,9,0,12.001,6.00294,9.66107,8.45097,,,,,,,,,,,,,,,,,0,0,0,,0,8.47239,1.5335,0.913887,3.93759,-2.23721,0.075665,1.91283e+10,,,,,,,,,,,,,,3782.7,3782
