{
  "pdb": "1CU1.pdb",
  "z2_constant": 6.015152508891966,
  "total_aromatics": 124,
  "total_pairs": 7626,
  "z2_matches": 1,
  "strong_matches": 11,
  "moderate_matches": 25,
  "best_match": {
    "res1": "B:TYR1418",
    "res2": "B:PHE1422",
    "distance": 6.005653230267473,
    "deviation_angstrom": -0.00949927862449318,
    "deviation_milliangstrom": -9.49927862449318
  },
  "hotspots": [
    [
      "B:PHE1444",
      3
    ],
    [
      "A:PHE536",
      2
    ],
    [
      "A:TYR559",
      2
    ],
    [
      "B:PHE1536",
      2
    ],
    [
      "B:TYR1559",
      2
    ],
    [
      "A:TRP53",
      1
    ],
    [
      "A:TYR75",
      1
    ],
    [
      "A:HIS201",
      1
    ],
    [
      "A:HIS203",
      1
    ],
    [
      "A:TYR350",
      1
    ]
  ],
  "aromatics_by_chain": {
    "A": [
      "A:TYR6",
      "A:PHE43",
      "A:TRP53",
      "A:TYR56",
      "A:HIS57",
      "A:TYR75",
      "A:TRP85",
      "A:TYR105",
      "A:HIS110",
      "A:TYR134",
      "A:HIS149",
      "A:PHE154",
      "A:PHE169",
      "A:PHE184",
      "A:PHE197",
      "A:HIS201",
      "A:HIS203",
      "A:TYR218",
      "A:TYR223",
      "A:PHE238",
      "A:TYR241",
      "A:HIS246",
      "A:TYR267",
      "A:TYR270",
      "A:PHE273",
      "A:TYR284",
      "A:HIS293",
      "A:HIS333",
      "A:PHE349",
      "A:TYR350",
      "A:HIS364",
      "A:PHE367",
      "A:HIS369",
      "A:TYR391",
      "A:TYR392",
      "A:TYR418",
      "A:PHE422",
      "A:PHE438",
      "A:PHE444",
      "A:TYR473",
      "A:PHE475",
      "A:PHE486",
      "A:TYR495",
      "A:TRP501",
      "A:TYR502",
      "A:TYR516",
      "A:HIS528",
      "A:PHE531",
      "A:TRP532",
      "A:PHE536",
      "A:HIS541",
      "A:HIS545",
      "A:PHE546",
      "A:PHE557",
      "A:TYR559",
      "A:TYR563",
      "A:TRP578",
      "A:TRP582",
      "A:HIS593",
      "A:TYR600",
      "A:HIS613",
      "A:TYR618"
    ],
    "B": [
      "B:TYR1006",
      "B:PHE1043",
      "B:TRP1053",
      "B:TYR1056",
      "B:HIS1057",
      "B:TYR1075",
      "B:TRP1085",
      "B:TYR1105",
      "B:HIS1110",
      "B:TYR1134",
      "B:HIS1149",
      "B:PHE1154",
      "B:PHE1169",
      "B:PHE1184",
      "B:PHE1197",
      "B:HIS1201",
      "B:HIS1203",
      "B:TYR1218",
      "B:TYR1223",
      "B:PHE1238",
      "B:TYR1241",
      "B:HIS1246",
      "B:TYR1267",
      "B:TYR1270",
      "B:PHE1273",
      "B:TYR1284",
      "B:HIS1293",
      "B:HIS1333",
      "B:PHE1349",
      "B:TYR1350",
      "B:HIS1364",
      "B:PHE1367",
      "B:HIS1369",
      "B:TYR1391",
      "B:TYR1392",
      "B:TYR1418",
      "B:PHE1422",
      "B:PHE1438",
      "B:PHE1444",
      "B:TYR1473",
      "B:PHE1475",
      "B:PHE1486",
      "B:TYR1495",
      "B:TRP1501",
      "B:TYR1502",
      "B:TYR1516",
      "B:HIS1528",
      "B:PHE1531",
      "B:TRP1532",
      "B:PHE1536",
      "B:HIS1541",
      "B:HIS1545",
      "B:PHE1546",
      "B:PHE1557",
      "B:TYR1559",
      "B:TYR1563",
      "B:TRP1578",
      "B:TRP1582",
      "B:HIS1593",
      "B:TYR1600",
      "B:HIS1613",
      "B:TYR1618"
    ]
  },
  "top_20_pairs": [
    {
      "res1": "B:TYR1418",
      "res2": "B:PHE1422",
      "distance": 6.005653230267473,
      "deviation": -0.00949927862449318,
      "quality": "ATOMIC PRECISION"
    },
    {
      "res1": "A:TYR495",
      "res2": "A:PHE536",
      "distance": 5.984046238866218,
      "deviation": -0.031106270025748728,
      "quality": "Strong match"
    },
    {
      "res1": "B:TYR1473",
      "res2": "B:PHE1475",
      "distance": 5.977929021733951,
      "deviation": -0.03722348715801527,
      "quality": "Strong match"
    },
    {
      "res1": "A:TYR350",
      "res2": "A:HIS369",
      "distance": 5.965041053505009,
      "deviation": -0.050111455386957715,
      "quality": "Strong match"
    },
    {
      "res1": "A:TYR473",
      "res2": "A:PHE475",
      "distance": 6.073854866923004,
      "deviation": 0.05870235803103796,
      "quality": "Strong match"
    },
    {
      "res1": "A:PHE444",
      "res2": "A:TRP532",
      "distance": 6.078135244667476,
      "deviation": 0.06298273577550972,
      "quality": "Strong match"
    },
    {
      "res1": "B:TYR1495",
      "res2": "B:PHE1536",
      "distance": 5.945685520236969,
      "deviation": -0.06946698865499723,
      "quality": "Strong match"
    },
    {
      "res1": "B:PHE1444",
      "res2": "B:TRP1532",
      "distance": 6.095178717287867,
      "deviation": 0.08002620839590069,
      "quality": "Strong match"
    },
    {
      "res1": "B:PHE1536",
      "res2": "B:TYR1559",
      "distance": 6.098097891054952,
      "deviation": 0.0829453821629853,
      "quality": "Strong match"
    },
    {
      "res1": "A:TYR418",
      "res2": "A:PHE422",
      "distance": 5.928650834905215,
      "deviation": -0.08650167398675102,
      "quality": "Strong match"
    },
    {
      "res1": "A:PHE536",
      "res2": "A:TYR559",
      "distance": 6.11135648244767,
      "deviation": 0.09620397355570365,
      "quality": "Strong match"
    },
    {
      "res1": "A:PHE486",
      "res2": "A:TYR516",
      "distance": 6.188206078680816,
      "deviation": 0.17305356978884934,
      "quality": "Moderate match"
    },
    {
      "res1": "B:PHE1486",
      "res2": "B:TYR1516",
      "distance": 6.194010256332777,
      "deviation": 0.1788577474408104,
      "quality": "Moderate match"
    },
    {
      "res1": "B:TYR1559",
      "res2": "B:TYR1563",
      "distance": 6.201517014229479,
      "deviation": 0.18636450533751248,
      "quality": "Moderate match"
    },
    {
      "res1": "B:TRP1053",
      "res2": "B:TYR1075",
      "distance": 6.20685545472121,
      "deviation": 0.19170294582924363,
      "quality": "Moderate match"
    },
    {
      "res1": "A:TYR559",
      "res2": "A:TYR563",
      "distance": 6.22048551606348,
      "deviation": 0.2053330071715136,
      "quality": "Moderate match"
    },
    {
      "res1": "A:HIS201",
      "res2": "A:HIS203",
      "distance": 5.772660481961497,
      "deviation": -0.24249202693046978,
      "quality": "Moderate match"
    },
    {
      "res1": "B:HIS1110",
      "res2": "B:TYR1134",
      "distance": 5.770286493754001,
      "deviation": -0.24486601513796558,
      "quality": "Moderate match"
    },
    {
      "res1": "B:HIS1201",
      "res2": "B:HIS1203",
      "distance": 5.721399297374718,
      "deviation": -0.29375321151724876,
      "quality": "Moderate match"
    },
    {
      "res1": "A:TRP53",
      "res2": "A:TYR75",
      "distance": 6.364531081133623,
      "deviation": 0.34937857224165647,
      "quality": "Moderate match"
    }
  ]
}