{
  "timestamp": "2026-04-22T07:45:44.029089",
  "ideal_z2_distance": 6.015152508891966,
  "drugs_analyzed": {
    "ZIM-SYN-004": {
      "drug_id": "ZIM-SYN-004",
      "drug_info": {
        "sequence": "FPF",
        "target": "Alpha-synuclein",
        "indication": "Parkinson's Disease",
        "binding_dG": -40.0
      },
      "interface_contacts": {
        "all_interface_distances": [
          3.8,
          4.3,
          4.375162396985968,
          3.3,
          3.8,
          3.9122942118404134,
          1.7999999999999998,
          2.3,
          3.8,
          4.414748010928823,
          2.6073062727650544,
          4.091580379266672,
          4.854545189819536,
          1.6401219466856725,
          2.0591260281974,
          3.4481879299133333,
          3.8,
          2.298705287765267,
          3.7044608244655524,
          4.356144281357081,
          4.737574168284861,
          4.243602596850935,
          4.716053752874324,
          4.833208147804107,
          4.569642108524474,
          3.134617680036913,
          3.581595733747738,
          4.983355094712798,
          4.223526251842174
        ],
        "n_contacts": 29,
        "min_distances_per_drug_atom": [
          10.899999999999999,
          9.751410154434074,
          12.399999999999999,
          7.6,
          7.1,
          5.6,
          5.197114584074513,
          7.553365541267018,
          6.878450261505131,
          6.395854751321359,
          6.055513355612388,
          6.216022602919008,
          6.6908884312922146,
          7.01072243067717,
          3.8,
          3.3,
          1.7999999999999998,
          1.6401219466856725,
          4.243602596850935,
          4.569642108524474,
          3.134617680036913
        ],
        "mean_contact_distance": 3.7132951136092784,
        "median_contact_distance": 3.8,
        "min_contact_distance": 1.6401219466856725,
        "max_contact_distance": 4.983355094712798
      },
      "z2_analysis": {
        "mean_interface_distance": 3.7132951136092784,
        "median_interface_distance": 3.8,
        "ideal_z2_distance": 6.015152508891966,
        "deviation_from_z2": 2.301857395282688,
        "deviation_percent": 38.26764810833876,
        "contacts_near_ideal": 0,
        "percent_near_ideal": 0.0,
        "z2_fitness": 2.4988497563454653e-05,
        "z2_optimized": "False"
      }
    }
  }
}