{
  "timestamp": "2026-04-23T18:39:55.791159",
  "target_pdb": "2LZM",
  "target_uniprot": "P00720",
  "z2_constants": {
    "vacuum": 5.788810036466141,
    "biological": 6.015152508891966,
    "observed_mean": 6.423,
    "biological_buffer": 0.40784749110803364
  },
  "alpha_shape_analysis": {
    "n_voids": 482,
    "n_z2_scale": 327,
    "n_binding_site": 38,
    "n_z2_binding": 27,
    "mean_radius": 3.2138774340856053,
    "z2_enrichment": 0.7105263157894737,
    "radius_distribution": {
      "4.0": 76,
      "3.5": 146,
      "3.0": 174,
      "2.5": 86
    }
  },
  "geodesic_analysis": {
    "n_paths": 5,
    "mean_ratio": 1.57663067935671,
    "z2_matches": 1
  },
  "buffer_decomposition": {
    "thermal_310K": 0.2263424724258254,
    "hydration_shell": 0.42,
    "entropic_breathing": 0.08,
    "total_buffer": 0.40784749110803364
  },
  "validation_score": 0.5090150472733991,
  "summary": "MODERATE SUPPORT: Z\u00b2 patterns present (score: 0.51)"
}