{
  "timestamp": "2026-04-23T18:22:12.723027",
  "target_pdb": "1HHP",
  "target_uniprot": "P04585",
  "z2_constants": {
    "vacuum": 5.788810036466141,
    "biological": 6.015152508891966,
    "observed_mean": 6.423,
    "biological_buffer": 0.40784749110803364
  },
  "alpha_shape_analysis": {
    "n_voids": 340,
    "n_z2_scale": 230,
    "n_binding_site": 51,
    "n_z2_binding": 38,
    "mean_radius": 3.2362512308501703,
    "z2_enrichment": 0.7450980392156863,
    "radius_distribution": {
      "4.0": 56,
      "3.5": 104,
      "3.0": 120,
      "2.5": 60
    }
  },
  "geodesic_analysis": {
    "n_paths": 0,
    "mean_ratio": 1.0,
    "z2_matches": 0
  },
  "buffer_decomposition": {
    "thermal_310K": 0.2263424724258254,
    "hydration_shell": 0.42,
    "entropic_breathing": 0.08,
    "total_buffer": 0.40784749110803364
  },
  "validation_score": 0.44823398796170755,
  "summary": "MODERATE SUPPORT: Z\u00b2 patterns present (score: 0.45)"
}