{
  "timestamp": "2026-04-23T18:19:32.498517",
  "target_pdb": "6TPK",
  "target_uniprot": "P30559",
  "z2_constants": {
    "vacuum": 5.788810036466141,
    "biological": 6.015152508891966,
    "observed_mean": 6.423,
    "biological_buffer": 0.40784749110803364
  },
  "alpha_shape_analysis": {
    "n_voids": 1188,
    "n_z2_scale": 812,
    "n_binding_site": 46,
    "n_z2_binding": 38,
    "mean_radius": 3.2449278041981273,
    "z2_enrichment": 0.8260869565217391,
    "radius_distribution": {
      "3.5": 382,
      "4.0": 195,
      "2.5": 188,
      "3.0": 423
    }
  },
  "geodesic_analysis": {
    "n_paths": 20,
    "mean_ratio": 0.629466672985963,
    "z2_matches": 5
  },
  "buffer_decomposition": {
    "thermal_310K": 0.2263424724258254,
    "hydration_shell": 0.42,
    "entropic_breathing": 0.08,
    "total_buffer": 0.40784749110803364
  },
  "validation_score": 0.5260464260682634,
  "summary": "MODERATE SUPPORT: Z\u00b2 patterns present (score: 0.53)"
}