{
  "timestamp": "2026-04-23T18:27:43.737953",
  "target_pdb": "1CRN",
  "target_uniprot": "P01542",
  "z2_constants": {
    "vacuum": 5.788810036466141,
    "biological": 6.015152508891966,
    "observed_mean": 6.423,
    "biological_buffer": 0.40784749110803364
  },
  "alpha_shape_analysis": {
    "n_voids": 167,
    "n_z2_scale": 115,
    "n_binding_site": 0,
    "n_z2_binding": 0,
    "mean_radius": 3.2465432484835968,
    "z2_enrichment": 0.0,
    "radius_distribution": {
      "3.5": 59,
      "4.0": 21,
      "2.5": 25,
      "3.0": 62
    }
  },
  "geodesic_analysis": {
    "n_paths": 0,
    "mean_ratio": 1.0,
    "z2_matches": 0
  },
  "buffer_decomposition": {
    "thermal_310K": 0.2263424724258254,
    "hydration_shell": 0.42,
    "entropic_breathing": 0.08,
    "total_buffer": 0.40784749110803364
  },
  "validation_score": 0.4530948544639971,
  "summary": "MODERATE SUPPORT: Z\u00b2 patterns present (score: 0.45)"
}