{
  "HCV_NS3": [
    {
      "label": "TRP79",
      "center": [
        76.55568749999999,
        39.330375000000004,
        63.70193749999999
      ],
      "atom_counts": {
        "4.0": 17,
        "5.0": 35,
        "6.015152508891966": 64,
        "7.0": 90,
        "8.0": 133,
        "10.0": 269
      },
      "z2_sphere_atoms": 64,
      "z2_sphere_volume": 911.650843656693,
      "z2_density": 0.07020231533301903
    },
    {
      "label": "TYR101",
      "center": [
        76.643,
        39.207571428571434,
        70.77550000000001
      ],
      "atom_counts": {
        "4.0": 15,
        "5.0": 30,
        "6.015152508891966": 46,
        "7.0": 69,
        "8.0": 102,
        "10.0": 184
      },
      "z2_sphere_atoms": 46,
      "z2_sphere_volume": 911.650843656693,
      "z2_density": 0.05045791414560743
    }
  ],
  "Influenza_NA": [
    {
      "label": "PHE374",
      "center": [
        -17.431,
        76.68972727272727,
        106.06754545454547
      ],
      "atom_counts": {
        "4.0": 15,
        "5.0": 28,
        "6.015152508891966": 52,
        "7.0": 79,
        "8.0": 114,
        "10.0": 226
      },
      "z2_sphere_atoms": 52,
      "z2_sphere_volume": 911.650843656693,
      "z2_density": 0.057039381208077965
    },
    {
      "label": "PHE422",
      "center": [
        -15.258727272727272,
        73.63181818181819,
        98.77454545454547
      ],
      "atom_counts": {
        "4.0": 13,
        "5.0": 30,
        "6.015152508891966": 53,
        "7.0": 87,
        "8.0": 126,
        "10.0": 230
      },
      "z2_sphere_atoms": 53,
      "z2_sphere_volume": 911.650843656693,
      "z2_density": 0.058136292385156385
    }
  ],
  "HIV_Protease": [
    {
      "label": "PHE53",
      "center": [
        2.4202727272727276,
        20.855909090909087,
        9.67190909090909
      ],
      "atom_counts": {
        "4.0": 17,
        "5.0": 23,
        "6.015152508891966": 34,
        "7.0": 47,
        "8.0": 61,
        "10.0": 86
      },
      "z2_sphere_atoms": 34,
      "z2_sphere_volume": 911.650843656693,
      "z2_density": 0.03729498002066636
    },
    {
      "label": "PHE53",
      "center": [
        12.894545454545455,
        11.888,
        9.350454545454546
      ],
      "atom_counts": {
        "4.0": 15,
        "5.0": 20,
        "6.015152508891966": 31,
        "7.0": 49,
        "8.0": 60,
        "10.0": 85
      },
      "z2_sphere_atoms": 31,
      "z2_sphere_volume": 911.650843656693,
      "z2_density": 0.034004246489431095
    }
  ],
  "SARS_CoV2": [
    {
      "label": "PHE140",
      "center": [
        -15.136636363636365,
        13.251090909090909,
        59.57790909090909
      ],
      "atom_counts": {
        "4.0": 16,
        "5.0": 30,
        "6.015152508891966": 44,
        "7.0": 66,
        "8.0": 102,
        "10.0": 185
      },
      "z2_sphere_atoms": 44,
      "z2_sphere_volume": 911.650843656693,
      "z2_density": 0.04826409179145059
    },
    {
      "label": "PHE66",
      "center": [
        -12.558363636363634,
        32.324999999999996,
        72.29954545454545
      ],
      "atom_counts": {
        "4.0": 13,
        "5.0": 26,
        "6.015152508891966": 42,
        "7.0": 68,
        "8.0": 108,
        "10.0": 189
      },
      "z2_sphere_atoms": 42,
      "z2_sphere_volume": 911.650843656693,
      "z2_density": 0.04607026943729374
    }
  ]
}