{
  "sqrt_z2": 5.788810036466141,
  "n_total": 1459,
  "z_score": -0.5904549227349386,
  "bin_width": 0.05,
  "matches_10ma": 8,
  "matches_50ma": 33,
  "license": "AGPL-3.0-or-later"
}