{
  "z2_constant": 6.015152508891966,
  "total_structures": 169,
  "structures_with_aromatics": 145,
  "total_distances": 1451,
  "z_score": 0.27656328773835104,
  "z2_bin_count": 11,
  "background_mean": 10.1,
  "background_std": 3.254228019054596,
  "distribution": {
    "4.010": 1,
    "4.030": 1,
    "4.050": 1,
    "4.070": 1,
    "4.090": 0,
    "4.110": 1,
    "4.130": 1,
    "4.150": 1,
    "4.170": 0,
    "4.190": 2,
    "4.210": 2,
    "4.230": 0,
    "4.250": 0,
    "4.270": 1,
    "4.290": 0,
    "4.310": 4,
    "4.330": 1,
    "4.350": 1,
    "4.370": 0,
    "4.390": 2,
    "4.410": 1,
    "4.430": 3,
    "4.450": 1,
    "4.470": 1,
    "4.490": 1,
    "4.510": 0,
    "4.530": 3,
    "4.550": 2,
    "4.570": 4,
    "4.590": 3,
    "4.610": 3,
    "4.630": 1,
    "4.650": 2,
    "4.670": 2,
    "4.690": 0,
    "4.710": 4,
    "4.730": 4,
    "4.750": 11,
    "4.770": 7,
    "4.790": 7,
    "4.810": 2,
    "4.830": 4,
    "4.850": 14,
    "4.870": 5,
    "4.890": 7,
    "4.910": 8,
    "4.930": 6,
    "4.950": 10,
    "4.970": 10,
    "4.990": 6,
    "5.010": 10,
    "5.030": 12,
    "5.050": 7,
    "5.070": 5,
    "5.090": 12,
    "5.110": 10,
    "5.130": 7,
    "5.150": 7,
    "5.170": 11,
    "5.190": 9,
    "5.210": 8,
    "5.230": 7,
    "5.250": 14,
    "5.270": 17,
    "5.290": 7,
    "5.310": 10,
    "5.330": 13,
    "5.350": 12,
    "5.370": 8,
    "5.390": 5,
    "5.410": 8,
    "5.430": 11,
    "5.450": 11,
    "5.470": 6,
    "5.490": 7,
    "5.510": 9,
    "5.530": 14,
    "5.550": 15,
    "5.570": 5,
    "5.590": 8,
    "5.610": 11,
    "5.630": 15,
    "5.650": 12,
    "5.670": 16,
    "5.690": 2,
    "5.710": 15,
    "5.730": 11,
    "5.750": 12,
    "5.770": 10,
    "5.790": 13,
    "5.810": 6,
    "5.830": 6,
    "5.850": 9,
    "5.870": 7,
    "5.890": 16,
    "5.910": 12,
    "5.930": 8,
    "5.950": 6,
    "5.970": 14,
    "5.990": 6,
    "6.010": 11,
    "6.030": 14,
    "6.050": 11,
    "6.070": 10,
    "6.090": 12,
    "6.110": 11,
    "6.130": 16,
    "6.150": 12,
    "6.170": 10,
    "6.190": 6,
    "6.210": 10,
    "6.230": 6,
    "6.250": 11,
    "6.270": 13,
    "6.290": 4,
    "6.310": 8,
    "6.330": 5,
    "6.350": 13,
    "6.370": 9,
    "6.390": 16,
    "6.410": 5,
    "6.430": 11,
    "6.450": 14,
    "6.470": 10,
    "6.490": 15,
    "6.510": 9,
    "6.530": 11,
    "6.550": 10,
    "6.570": 7,
    "6.590": 16,
    "6.610": 9,
    "6.630": 5,
    "6.650": 7,
    "6.670": 4,
    "6.690": 8,
    "6.710": 5,
    "6.730": 8,
    "6.750": 8,
    "6.770": 9,
    "6.790": 14,
    "6.810": 5,
    "6.830": 10,
    "6.850": 6,
    "6.870": 3,
    "6.890": 6,
    "6.910": 6,
    "6.930": 7,
    "6.950": 9,
    "6.970": 6,
    "6.990": 8,
    "7.010": 12,
    "7.030": 2,
    "7.050": 8,
    "7.070": 8,
    "7.090": 3,
    "7.110": 6,
    "7.130": 4,
    "7.150": 3,
    "7.170": 14,
    "7.190": 11,
    "7.210": 8,
    "7.230": 10,
    "7.250": 9,
    "7.270": 7,
    "7.290": 6,
    "7.310": 10,
    "7.330": 5,
    "7.350": 6,
    "7.370": 11,
    "7.390": 7,
    "7.410": 3,
    "7.430": 10,
    "7.450": 4,
    "7.470": 7,
    "7.490": 9,
    "7.510": 3,
    "7.530": 7,
    "7.550": 10,
    "7.570": 6,
    "7.590": 8,
    "7.610": 6,
    "7.630": 4,
    "7.650": 8,
    "7.670": 8,
    "7.690": 4,
    "7.710": 10,
    "7.730": 10,
    "7.750": 8,
    "7.770": 9,
    "7.790": 11,
    "7.810": 8,
    "7.830": 8,
    "7.850": 6,
    "7.870": 3,
    "7.890": 3,
    "7.910": 5,
    "7.930": 1,
    "7.950": 3,
    "7.970": 3,
    "7.990": 4
  },
  "license": "AGPL-3.0-or-later"
}