{
  "timestamp": "2026-04-19T11:24:34.702691",
  "input_complex": "amyloid_docking/z2_amyloid_complex.pdb",
  "ligand_chain": "Z",
  "z2_constant": 33.510321638291124,
  "binding_energy": {
    "G_complex_kJ_mol": 159.48362731933594,
    "G_receptor_kJ_mol": 0.7820945382118225,
    "G_ligand_kJ_mol": 188.13905334472656,
    "delta_SASA_A2": -391.16653084773225,
    "G_nonpolar_kJ_mol": -8.879480250243523,
    "delta_G_bind_kJ_mol": -38.31700081384597,
    "delta_G_bind_kcal_mol": -9.157982986100853,
    "n_complex_atoms": 1378,
    "n_receptor_atoms": 1300,
    "n_ligand_atoms": 78,
    "verdict": "STRONG BINDING"
  }
}