{
  "name": "equilibrated",
  "sequence_length": 58,
  "n_steps": 10000,
  "timestep_fs": 2.0,
  "simulation_time_ns": 0.02,
  "initial_energy_kJ": 44442.4119720459,
  "final_energy_kJ": 43620.00360870361,
  "mean_potential_kJ": 43793.217871665955,
  "std_potential_kJ": 131.5702495291872,
  "mean_kinetic_kJ": 2938.966552734375,
  "temperature_K": 249.3799628033864,
  "mean_rmsf_nm": 0.08504539332624696,
  "max_rmsf_nm": 0.28988504335129345,
  "mean_rmsd_nm": 0.2431496536389985,
  "final_rmsd_nm": 0.2948047941300426,
  "radius_of_gyration_nm": 0.9654430574628984,
  "holographic_entropy": 2829.0,
  "z2_binding_correction": -42586.474816477385,
  "z2_stability_score": 0.9477357395867049,
  "manifold_dimension": 7.72038661301296,
  "effective_degrees_of_freedom": 2829,
  "elapsed_seconds": 5.289573669433594,
  "steps_per_second": 3591.060124150578,
  "ns_per_day": 620.5351894532198,
  "platform": "OpenCL"
}