{
  "timestamp": "2026-04-19T13:35:34.993394",
  "input_pdb": "pipeline_output_globular80/esm_prediction/z2_globular_80_esm.pdb",
  "original_sequence": "GNALEMALIYRQDPSMEFLIYKRNGNALEMALVIYEKNPSMEFLIYRQDGSALEMIYVKRNPNMEFLIYEQDGSALEM",
  "supercharged_sequence": "GNALEMALIYRQDPSMEFLIYKRNGNALEMALVIYEKNPSMEFLIYRQDGSALEMIYVKRNPNMEFLIYEQDGSALEM",
  "n_residues": 78,
  "n_mutations": 0,
  "mutations": [],
  "aprs": [],
  "original_properties": {
    "pI": 4.20068359375,
    "net_charge_pH7.4": -5.003218126403486,
    "mw_da": 9132.744999999999
  },
  "supercharged_properties": {
    "pI": 4.20068359375,
    "net_charge_pH7.4": -5.003218126403486,
    "mw_da": 9132.744999999999
  },
  "rsa_profile": [
    47.05882352941176,
    47.05882352941176,
    47.05882352941176,
    41.17647058823529,
    41.17647058823529,
    41.17647058823529,
    41.17647058823529,
    58.82352941176471,
    35.29411764705882,
    52.94117647058824,
    47.05882352941176,
    47.05882352941176,
    35.29411764705882,
    41.17647058823529,
    35.29411764705882,
    23.529411764705888,
    35.29411764705882,
    41.17647058823529,
    41.17647058823529,
    29.411764705882348,
    41.17647058823529,
    35.29411764705882,
    41.17647058823529,
    47.05882352941176,
    47.05882352941176,
    35.29411764705882,
    41.17647058823529,
    47.05882352941176,
    47.05882352941176,
    23.529411764705888,
    41.17647058823529,
    52.94117647058824,
    35.29411764705882,
    41.17647058823529,
    41.17647058823529,
    41.17647058823529,
    47.05882352941176,
    52.94117647058824,
    47.05882352941176,
    29.411764705882348,
    41.17647058823529,
    29.411764705882348,
    29.411764705882348,
    35.29411764705882,
    35.29411764705882,
    47.05882352941176,
    41.17647058823529,
    47.05882352941176,
    29.411764705882348,
    41.17647058823529,
    41.17647058823529,
    41.17647058823529,
    47.05882352941176,
    35.29411764705882,
    29.411764705882348,
    29.411764705882348,
    47.05882352941176,
    47.05882352941176,
    47.05882352941176,
    35.29411764705882,
    52.94117647058824,
    47.05882352941176,
    41.17647058823529,
    29.411764705882348,
    29.411764705882348,
    35.29411764705882,
    35.29411764705882,
    41.17647058823529,
    35.29411764705882,
    35.29411764705882,
    41.17647058823529,
    47.05882352941176,
    41.17647058823529,
    41.17647058823529,
    47.05882352941176,
    35.29411764705882,
    41.17647058823529,
    35.29411764705882
  ],
  "aggregation_profile": [
    0.7729999999999999,
    0.6426,
    0.7389999999999999,
    0.7459999999999999,
    0.877,
    1.0822857142857143,
    1.1252857142857144,
    0.9494285714285714,
    0.9917142857142859,
    0.8312857142857144,
    0.749,
    0.6168571428571428,
    0.531,
    0.39271428571428574,
    0.5805714285714286,
    0.7235714285714286,
    0.969857142857143,
    1.0951428571428572,
    1.047,
    0.8992857142857142,
    0.9369999999999999,
    0.7940000000000002,
    0.6464285714285715,
    0.4987142857142858,
    0.5457142857142857,
    0.5407142857142857,
    0.6884285714285715,
    0.7459999999999999,
    0.877,
    1.0497142857142858,
    1.1974285714285717,
    1.1504285714285716,
    1.1504285714285716,
    0.9982857142857143,
    0.9407142857142857,
    0.7684285714285715,
    0.6111428571428572,
    0.5252857142857142,
    0.387,
    0.5842857142857143,
    0.7645714285714286,
    0.969857142857143,
    1.0951428571428572,
    1.0514285714285714,
    0.9365714285714286,
    0.9332857142857142,
    0.7902857142857144,
    0.6581428571428571,
    0.5104285714285715,
    0.5574285714285715,
    0.5479999999999999,
    0.6628571428571429,
    0.9091428571428571,
    0.9931428571428571,
    1.1504285714285714,
    1.060142857142857,
    0.8842857142857143,
    0.9219999999999999,
    0.7778571428571428,
    0.5725714285714286,
    0.5914285714285715,
    0.38100000000000006,
    0.5732857142857143,
    0.7491428571428572,
    0.9544285714285714,
    1.0797142857142856,
    1.042,
    0.9271428571428572,
    0.9238571428571428,
    0.780857142857143,
    0.6487142857142858,
    0.501,
    0.548,
    0.5479999999999999,
    0.6628571428571429,
    0.757,
    0.8082,
    0.887
  ],
  "_license": {
    "spdx": "CC-BY-SA-4.0",
    "type": "OpenMTA + CC BY-SA 4.0",
    "prior_art": true,
    "publication_date": "2026-04-19T14:12:54.014198",
    "sha256": "33ec3e798ffbf6664c9f14d24f077840ec25c68b5a26f5ee3ef91d7a8a7fff27",
    "notice": "This data is published as PRIOR ART. No patents may be filed."
  }
}